[INFO] [launch]: All log files can be found below /home/zrj/.ros/log/2026-10-02-20-08-18-070053-zrj-virtual-machine-200089
[INFO] [launch]: Default logging verbosity is set to INFO
[INFO] [sim_robot-2]: process started with pid [200102]
[INFO] [static_transform_publisher-1]: process started with pid [200100]
[INFO] [esdf_map_publisher-3]: process started with pid [200104]
[INFO] [planner_server-4]: process started with pid [200106]
[INFO] [controller_node-5]: process started with pid [200108]
[INFO] [sp_decision_node-6]: process started with pid [200110]
[INFO] [nav_interface_node-7]: process started with pid [200112]
[INFO] [robot_marker_publisher-8]: process started with pid [200114]
[INFO] [rviz2-9]: process started with pid [200116]
[static_transform_publisher-1] [WARN] [1790986098.255246559] []: Old-style arguments are deprecated; see --help for new-style arguments
[planner_server-4] [INFO] [1790986098.424714253] [planner_server]: PlannerServer ready. costmap_topic=/global_costmap local_costmap_topic=/local_costmap/costmap path_topic=/global_path service=make_plan plugin=AStar (sp_global_planner/AStarPlanner)
[planner_server-4] [INFO] [1790986098.430282678] [planner_server]: AStarPlanner configured: lethal_cost=95 cost_weight=6.000
[planner_server-4] [INFO] [1790986098.430334396] [planner_server]: PlannerServer ready. costmap_topic=/global_costmap local_costmap_topic=/local_costmap/costmap path_topic=/global_path service=make_plan plugin=AStar (sp_global_planner/AStarPlanner)
[robot_marker_publisher-8] [INFO] [1790986098.437715675] [robot_marker_publisher]: Visualizing robot states from /robots on /dynamic_obstacles/markers
[nav_interface_node-7] [INFO] [1790986098.529868725] [nav_interface_node]: Loading plugin: nav_compute_path_service
[nav_interface_node-7] [INFO] [1790986098.532613867] [nav_interface_node]: Loading plugin: nav_state_track
[nav_interface_node-7] [INFO] [1790986098.537339403] [nav_interface_node]: Loading plugin: nav_rate_control
[nav_interface_node-7] [INFO] [1790986098.540755020] [nav_interface_node]: Loading plugin: nav_repeat_sequence
[nav_interface_node-7] [INFO] [1790986098.541312559] [nav_interface_node]: Loading plugin: nav_get_pose
[nav_interface_node-7] [INFO] [1790986098.544465227] [nav_interface_node]: Loading plugin: nav_set_control_enable
[nav_interface_node-7] [INFO] [1790986098.545737970] [nav_interface_node]: Initializing BT from: /home/zrj/nav_final_project/install/sp_nav_bt/share/sp_nav_bt/nav_bt/default_nav_with_fallback.xml
[controller_node-5] [INFO] [1790986098.586979789] [controller_server]: PID configured: max_speed=1.00 m/s horizon=28 dt=0.070 s
[controller_node-5] [INFO] [1790986098.587374281] [controller_server]: Loaded controller plugin: PidController (PidController)
[static_transform_publisher-1] [INFO] [1790986098.594409099] [static_transform_publisher_noE4KvxmKg2tbs0d]: Spinning until stopped - publishing transform
[static_transform_publisher-1] translation: ('0.000000', '0.150000', '0.000000')
[static_transform_publisher-1] rotation: ('0.000000', '0.000000', '0.000000', '1.000000')
[static_transform_publisher-1] from 'base_link' to 'livox_frame'
[nav_interface_node-7] [INFO] [1790986098.628616085] [nav_interface_node]: Navigation Interface Node initialized.
[nav_interface_node-7] [INFO] [1790986098.631624051] [nav_interface_node]: Restart-task service ready at /nav_interface/restart_task
[sim_robot-2] pygame 2.1.2 (SDL 2.0.20, Python 3.10.12)
[sim_robot-2] Hello from the pygame community. https://www.pygame.org/contribute.html
[sp_decision_node-6] [WARN] [1790986099.118557867] [rcl.logging_rosout]: Publisher already registered for provided node name. If this is due to multiple nodes with the same name then all logs for that logger name will go out over the existing publisher. As soon as any node with that name is destructed it will unregister the publisher, preventing any further logs for that name from being published on the rosout topic.
[sp_decision_node-6] [INFO] [1790986099.165058926] [sp_decision]: [BlackboardBridge] Initialized (goal_pose only).
[esdf_map_publisher-3] [INFO] [1790986099.179951875] [esdf_map_publisher]: Loaded map: /home/zrj/nav_final_project/install/sp_nav_bringup/share/sp_nav_bringup/map/maze_map.pgm  size=300x300  res=0.050 m/cell  origin=[0.000, 0.000, 0.000]  negate=0  unknown_as_obstacle=false
[sp_decision_node-6] [INFO] [1790986100.933693201] [sp_decision]: [BtEngine] Loading plugin: nav_to_pose_bt_node
[sp_decision_node-6] [INFO] [1790986100.939909099] [sp_decision]: [BtEngine] Loading plugin: condition_judge_bt_node
[sp_decision_node-6] [INFO] [1790986101.051250330] [sp_decision]: [BtEngine] Loading plugin: wait_duration_bt_node
[sp_decision_node-6] [INFO] [1790986101.052990402] [sp_decision]: [BtEngine] Loading plugin: gimbal_control_bt_node
[sp_decision_node-6] [INFO] [1790986101.055361370] [sp_decision]: [BtEngine] Loading plugin: chassis_mode_bt_node
[sp_decision_node-6] [INFO] [1790986101.057967530] [sp_decision]: [BtEngine] Loading plugin: set_double_bt_node
[sp_decision_node-6] [INFO] [1790986101.059178377] [sp_decision]: [BtEngine] Initialising tree from: /home/zrj/nav_final_project/install/sp_decision/share/sp_decision/decision_trees/click_nav.xml
[sp_decision_node-6] [WARN] [1790986101.064946814] [rcl.logging_rosout]: Publisher already registered for provided node name. If this is due to multiple nodes with the same name then all logs for that logger name will go out over the existing publisher. As soon as any node with that name is destructed it will unregister the publisher, preventing any further logs for that name from being published on the rosout topic.
[sp_decision_node-6] [INFO] [1790986101.101130502] [sp_decision]: [NavToPose] BT node 'NavToPose' initialised (ros node: nav_to_pose_0).
[sp_decision_node-6] [INFO] [1790986101.103069768] [sp_decision]: [ChassisMode] BT node initialised.
[sp_decision_node-6] [INFO] [1790986101.105019114] [sp_decision]: [GimbalControl] BT node initialised.
[sp_decision_node-6] [INFO] [1790986101.105187490] [sp_decision]: [WaitDuration] BT node initialised.
[sp_decision_node-6] [INFO] [1790986101.105968028] [sp_decision]: [DecisionEngine] Started with tree: /home/zrj/nav_final_project/install/sp_decision/share/sp_decision/decision_trees/click_nav.xml
[sp_decision_node-6] [INFO] [1790986101.106265016] [sp_decision]: [DecisionEngine] Started: /home/zrj/nav_final_project/install/sp_decision/share/sp_decision/decision_trees/click_nav.xml
[sp_decision_node-6] [INFO] [1790986101.108128490] [ConditionJudge]: [ConditionJudge] Initialised: 2 variables, 3 conditions, 3 children.
[sp_decision_node-6] [INFO] [1790986101.108302568] [sp_decision]: [WaitDuration] duration < 0 – blocking forever (RUNNING).
[rviz2-9] [INFO] [1790986102.295958920] [rviz2]: Stereo is NOT SUPPORTED
[rviz2-9] [INFO] [1790986102.296432390] [rviz2]: OpenGl version: 4.3 (GLSL 4.3)
[rviz2-9] [INFO] [1790986103.174611244] [rviz2]: Stereo is NOT SUPPORTED
[sim_robot-2] [0m[INFO] [1790986103.210384461] [sim_robot_node]: SimRobotNode ready | map=/home/zrj/nav_final_project/install/sp_nav_bringup/share/sp_nav_bringup/map/maze_map.pgm | robots=[1, 2, 3] | sim=30.0Hz pub=30.0Hz odom=30.0Hz[0m
[sim_robot-2] [0m[INFO] [1790986103.212533712] [sim_robot_node]: map->lidar_odom origin=(0.900, 0.900) | start: base_link ≡ lidar_odom[0m
[sim_robot-2] [0m[INFO] [1790986103.213559281] [sim_robot_node]: gimbal_topic=/gimbal/control scan_speed=1.0 rad/s | chassis_topic=/chassis/mode[0m
[sim_robot-2] [0m[INFO] [1790986103.214446790] [sim_robot_node]: local_costmap_topic=/local_costmap/costmap frame=map window=4.00x4.00m[0m
[rviz2-9] [INFO] [1790986105.359085194] [rviz2]: Trying to create a map of size 58 x 58 using 1 swatches
[rviz2-9] [INFO] [1790986105.362584223] [rviz2]: Trying to create a map of size 300 x 300 using 1 swatches
[rviz2-9] [ERROR] [1790986105.375254197] [rviz2]: Vertex Program:rviz/glsl120/indexed_8bit_image.vert Fragment Program:rviz/glsl120/indexed_8bit_image.frag GLSL link result : 
[rviz2-9] active samplers with a different type refer to the same texture image unit
[planner_server-4] [INFO] [1790986137.044298400] [planner_server]: Received goal from /goal_pose: (14.100, 14.100) frame=map
[sp_decision_node-6] [INFO] [1790986137.045011421] [sp_decision]: [BlackboardBridge] New goal_pose  x=14.100  y=14.100
[sp_decision_node-6] [INFO] [1790986137.106685585] [ConditionJudge]: [ConditionJudge] Switching child 2 -> 0, halting previous.
[sp_decision_node-6] [INFO] [1790986137.106834845] [sp_decision]: [WaitDuration] Halted – timer cleared.
[sp_decision_node-6] [INFO] [1790986137.107232814] [sp_decision]: [DecisionEngine] SUCCEEDED – restarting
[sp_decision_node-6] [INFO] [1790986137.206954996] [sp_decision]: [NavToPose] Using blackboard PoseStamped  x=14.100  y=14.100  frame='map'
[sp_decision_node-6] [INFO] [1790986137.213463394] [sp_decision]: [NavToPose] Sending goal  x=14.100  y=14.100  frame='map'
[nav_interface_node-7] [INFO] [1790986137.218667350] [nav_interface_node]: Received goal request: Go to (14.10, 14.10)
[nav_interface_node-7] [INFO] [1790986137.222170046] [nav_interface_node]: BT goal_pose set to ORIGINAL action goal: (14.100, 14.100)
[nav_interface_node-7] [INFO] [1790986137.223278074] [nav_interface_node]: Executing Static BT for goal...
[nav_interface_node-7] [INFO] [1790986137.223365208] [nav_interface_node]: Running Behavior Tree...
[planner_server-4] [INFO] [1790986137.348503958] [planner_server]: Planning took 119 ms
[controller_node-5] [WARN] [1790986137.351784987] [controller_server]: path_copy succeeded.
[planner_server-4] [INFO] [1790986137.352424249] [planner_server]: Plan computed: 889 poses
[controller_node-5] [INFO] [1790986137.353996966] [controller_server]: Computed velocity commands: linear.x=-0.04, linear.y=-0.01, angular.z=0.00
[controller_node-5] [INFO] [1790986137.381141207] [controller_server]: Control enabled
[nav_interface_node-7] [INFO] [1790986137.384591360] [nav_interface_node]: [SetControlEnable] Control enabled
[nav_interface_node-7] [INFO] [1790986137.384730992] [nav_interface_node]: [NavStateTrack] Task started, monitoring navigation progress.
[nav_interface_node-7] [INFO] [1790986137.384754376] [nav_interface_node]: [NavStateTrack] onStart() entered.
[sp_decision_node-6] [INFO] [1790986137.410404001] [sp_decision]: [NavToPose] Goal ACCEPTED – robot is navigating.
[planner_server-4] [INFO] [1790986137.634667274] [planner_server]: Planning took 137 ms
[planner_server-4] [INFO] [1790986137.635275989] [planner_server]: Plan computed: 889 poses
[rviz2-9] [INFO] [1790986137.720304603] [rviz2]: Trying to create a map of size 58 x 57 using 1 swatches
[planner_server-4] [INFO] [1790986137.787619498] [planner_server]: Planning took 26 ms
[planner_server-4] [INFO] [1790986137.789500776] [planner_server]: Plan computed: 888 poses
[rviz2-9] [INFO] [1790986137.912417537] [rviz2]: Trying to create a map of size 58 x 58 using 1 swatches
[planner_server-4] [INFO] [1790986137.926849819] [planner_server]: Planning took 25 ms
[planner_server-4] [INFO] [1790986137.927506514] [planner_server]: Plan computed: 888 poses
[planner_server-4] [INFO] [1790986138.085167933] [planner_server]: Planning took 32 ms
[planner_server-4] [INFO] [1790986138.086417943] [planner_server]: Plan computed: 888 poses
[planner_server-4] [INFO] [1790986138.215419341] [planner_server]: Planning took 24 ms
[planner_server-4] [INFO] [1790986138.216160049] [planner_server]: Plan computed: 888 poses
[planner_server-4] [INFO] [1790986138.345184965] [planner_server]: Planning took 23 ms
[planner_server-4] [INFO] [1790986138.345672683] [planner_server]: Plan computed: 887 poses
[rviz2-9] [INFO] [1790986138.403903948] [rviz2]: Trying to create a map of size 59 x 58 using 1 swatches
[planner_server-4] [INFO] [1790986138.474855851] [planner_server]: Planning took 23 ms
[planner_server-4] [INFO] [1790986138.475978893] [planner_server]: Plan computed: 886 poses
[rviz2-9] [INFO] [1790986138.486337742] [rviz2]: Trying to create a map of size 60 x 58 using 1 swatches
[rviz2-9] [INFO] [1790986138.591444398] [rviz2]: Trying to create a map of size 61 x 58 using 1 swatches
[planner_server-4] [INFO] [1790986138.613285297] [planner_server]: Planning took 28 ms
[planner_server-4] [INFO] [1790986138.613853927] [planner_server]: Plan computed: 885 poses
[planner_server-4] [INFO] [1790986138.748404263] [planner_server]: Planning took 25 ms
[planner_server-4] [INFO] [1790986138.749177316] [planner_server]: Plan computed: 884 poses
[rviz2-9] [INFO] [1790986138.769190574] [rviz2]: Trying to create a map of size 62 x 59 using 1 swatches
[rviz2-9] [INFO] [1790986138.801318475] [rviz2]: Trying to create a map of size 63 x 59 using 1 swatches
[planner_server-4] [INFO] [1790986138.887173743] [planner_server]: Planning took 24 ms
[planner_server-4] [INFO] [1790986138.888697603] [planner_server]: Plan computed: 883 poses
[rviz2-9] [INFO] [1790986138.977740280] [rviz2]: Trying to create a map of size 64 x 59 using 1 swatches
[planner_server-4] [INFO] [1790986139.021590904] [planner_server]: Planning took 21 ms
[planner_server-4] [INFO] [1790986139.022097256] [planner_server]: Plan computed: 882 poses
[rviz2-9] [INFO] [1790986139.150540365] [rviz2]: Trying to create a map of size 65 x 59 using 1 swatches
[planner_server-4] [INFO] [1790986139.158404081] [planner_server]: Planning took 27 ms
[planner_server-4] [INFO] [1790986139.159590912] [planner_server]: Plan computed: 881 poses
[rviz2-9] [INFO] [1790986139.247815435] [rviz2]: Trying to create a map of size 66 x 60 using 1 swatches
[planner_server-4] [INFO] [1790986139.297557247] [planner_server]: Planning took 24 ms
[planner_server-4] [INFO] [1790986139.298148258] [planner_server]: Plan computed: 882 poses
[rviz2-9] [INFO] [1790986139.343428145] [rviz2]: Trying to create a map of size 67 x 60 using 1 swatches
[controller_node-5] [WARN] [1790986139.371426627] [controller_server]: path_copy succeeded.
[controller_node-5] [INFO] [1790986139.371656960] [controller_server]: Computed velocity commands: linear.x=0.17, linear.y=0.16, angular.z=0.00
[planner_server-4] [INFO] [1790986139.435431399] [planner_server]: Planning took 24 ms
[planner_server-4] [INFO] [1790986139.437212357] [planner_server]: Plan computed: 880 poses
[rviz2-9] [INFO] [1790986139.539549131] [rviz2]: Trying to create a map of size 68 x 60 using 1 swatches
[planner_server-4] [INFO] [1790986139.564580634] [planner_server]: Planning took 23 ms
[planner_server-4] [INFO] [1790986139.565307972] [planner_server]: Plan computed: 878 poses
[rviz2-9] [INFO] [1790986139.577345867] [rviz2]: Trying to create a map of size 69 x 60 using 1 swatches
[rviz2-9] [INFO] [1790986139.638564610] [rviz2]: Trying to create a map of size 70 x 60 using 1 swatches
[planner_server-4] [INFO] [1790986139.700668356] [planner_server]: Planning took 27 ms
[planner_server-4] [INFO] [1790986139.701192692] [planner_server]: Plan computed: 877 poses
[rviz2-9] [INFO] [1790986139.827507077] [rviz2]: Trying to create a map of size 71 x 60 using 1 swatches
[planner_server-4] [INFO] [1790986139.837676569] [planner_server]: Planning took 27 ms
[planner_server-4] [INFO] [1790986139.838235761] [planner_server]: Plan computed: 877 poses
[planner_server-4] [INFO] [1790986139.966376760] [planner_server]: Planning took 22 ms
[planner_server-4] [INFO] [1790986139.967615540] [planner_server]: Plan computed: 876 poses
[rviz2-9] [INFO] [1790986140.053336024] [rviz2]: Trying to create a map of size 72 x 60 using 1 swatches
[planner_server-4] [INFO] [1790986140.103963772] [planner_server]: Planning took 23 ms
[planner_server-4] [INFO] [1790986140.104448072] [planner_server]: Plan computed: 875 poses
[rviz2-9] [INFO] [1790986140.221694196] [rviz2]: Trying to create a map of size 73 x 60 using 1 swatches
[planner_server-4] [INFO] [1790986140.235141502] [planner_server]: Planning took 24 ms
[planner_server-4] [INFO] [1790986140.235924595] [planner_server]: Plan computed: 874 poses
[planner_server-4] [INFO] [1790986140.366327898] [planner_server]: Planning took 25 ms
[planner_server-4] [INFO] [1790986140.367254480] [planner_server]: Plan computed: 874 poses
[rviz2-9] [INFO] [1790986140.473780366] [rviz2]: Trying to create a map of size 74 x 60 using 1 swatches
[planner_server-4] [INFO] [1790986140.502929467] [planner_server]: Planning took 22 ms
[planner_server-4] [INFO] [1790986140.503682202] [planner_server]: Plan computed: 874 poses
[planner_server-4] [INFO] [1790986140.638623987] [planner_server]: Planning took 27 ms
[planner_server-4] [INFO] [1790986140.639565007] [planner_server]: Plan computed: 873 poses
[planner_server-4] [INFO] [1790986140.773819144] [planner_server]: Planning took 22 ms
[planner_server-4] [INFO] [1790986140.774469156] [planner_server]: Plan computed: 873 poses
[rviz2-9] [INFO] [1790986140.817883911] [rviz2]: Trying to create a map of size 75 x 60 using 1 swatches
[planner_server-4] [INFO] [1790986140.902720172] [planner_server]: Planning took 22 ms
[planner_server-4] [INFO] [1790986140.903571754] [planner_server]: Plan computed: 872 poses
[planner_server-4] [INFO] [1790986141.032793020] [planner_server]: Planning took 22 ms
[planner_server-4] [INFO] [1790986141.033606349] [planner_server]: Plan computed: 871 poses
[rviz2-9] [INFO] [1790986141.055184338] [rviz2]: Trying to create a map of size 76 x 60 using 1 swatches
[planner_server-4] [INFO] [1790986141.168235543] [planner_server]: Planning took 25 ms
[planner_server-4] [INFO] [1790986141.168612863] [planner_server]: Plan computed: 871 poses
[rviz2-9] [INFO] [1790986141.235020513] [rviz2]: Trying to create a map of size 77 x 60 using 1 swatches
[planner_server-4] [INFO] [1790986141.302818943] [planner_server]: Planning took 21 ms
[planner_server-4] [INFO] [1790986141.303356694] [planner_server]: Plan computed: 870 poses
[controller_node-5] [WARN] [1790986141.391396223] [controller_server]: path_copy succeeded.
[controller_node-5] [INFO] [1790986141.391826853] [controller_server]: Computed velocity commands: linear.x=0.06, linear.y=0.54, angular.z=0.00
[rviz2-9] [INFO] [1790986141.396283723] [rviz2]: Trying to create a map of size 78 x 60 using 1 swatches
[planner_server-4] [INFO] [1790986141.432017786] [planner_server]: Planning took 21 ms
[planner_server-4] [INFO] [1790986141.432533927] [planner_server]: Plan computed: 869 poses
[planner_server-4] [INFO] [1790986141.563903617] [planner_server]: Planning took 22 ms
[planner_server-4] [INFO] [1790986141.564769245] [planner_server]: Plan computed: 869 poses
[planner_server-4] [INFO] [1790986141.692653362] [planner_server]: Planning took 21 ms
[planner_server-4] [INFO] [1790986141.693446323] [planner_server]: Plan computed: 868 poses
[rviz2-9] [INFO] [1790986141.721136130] [rviz2]: Trying to create a map of size 79 x 61 using 1 swatches
[planner_server-4] [INFO] [1790986141.824994128] [planner_server]: Planning took 23 ms
[planner_server-4] [INFO] [1790986141.825584859] [planner_server]: Plan computed: 868 poses
[rviz2-9] [INFO] [1790986141.877466490] [rviz2]: Trying to create a map of size 80 x 61 using 1 swatches
[rviz2-9] [INFO] [1790986141.906456085] [rviz2]: Trying to create a map of size 80 x 62 using 1 swatches
[planner_server-4] [INFO] [1790986141.953229545] [planner_server]: Planning took 22 ms
[planner_server-4] [INFO] [1790986141.953610522] [planner_server]: Plan computed: 866 poses
[planner_server-4] [INFO] [1790986142.082362466] [planner_server]: Planning took 21 ms
[planner_server-4] [INFO] [1790986142.084115848] [planner_server]: Plan computed: 866 poses
[rviz2-9] [INFO] [1790986142.162514163] [rviz2]: Trying to create a map of size 80 x 63 using 1 swatches
[planner_server-4] [INFO] [1790986142.218100395] [planner_server]: Planning took 25 ms
[planner_server-4] [INFO] [1790986142.219269093] [planner_server]: Plan computed: 865 poses
[planner_server-4] [INFO] [1790986142.353350032] [planner_server]: Planning took 22 ms
[planner_server-4] [INFO] [1790986142.353826397] [planner_server]: Plan computed: 865 poses
[planner_server-4] [INFO] [1790986142.485217498] [planner_server]: Planning took 23 ms
[planner_server-4] [INFO] [1790986142.485678926] [planner_server]: Plan computed: 865 poses
[planner_server-4] [INFO] [1790986142.624672643] [planner_server]: Planning took 24 ms
[planner_server-4] [INFO] [1790986142.625940737] [planner_server]: Plan computed: 865 poses
[rviz2-9] [INFO] [1790986142.710392916] [rviz2]: Trying to create a map of size 80 x 64 using 1 swatches
[planner_server-4] [INFO] [1790986142.764182710] [planner_server]: Planning took 23 ms
[planner_server-4] [INFO] [1790986142.765720201] [planner_server]: Plan computed: 864 poses
[planner_server-4] [INFO] [1790986142.897477640] [planner_server]: Planning took 24 ms
[planner_server-4] [INFO] [1790986142.898077518] [planner_server]: Plan computed: 863 poses
[rviz2-9] [INFO] [1790986142.898505804] [rviz2]: Trying to create a map of size 80 x 65 using 1 swatches
[planner_server-4] [INFO] [1790986143.029494837] [planner_server]: Planning took 26 ms
[planner_server-4] [INFO] [1790986143.030488295] [planner_server]: Plan computed: 862 poses
[rviz2-9] [INFO] [1790986143.090858174] [rviz2]: Trying to create a map of size 80 x 66 using 1 swatches
[planner_server-4] [INFO] [1790986143.167256178] [planner_server]: Planning took 24 ms
[planner_server-4] [INFO] [1790986143.167852289] [planner_server]: Plan computed: 860 poses
[planner_server-4] [INFO] [1790986143.307023900] [planner_server]: Planning took 24 ms
[planner_server-4] [INFO] [1790986143.308773510] [planner_server]: Plan computed: 860 poses
[rviz2-9] [INFO] [1790986143.358262737] [rviz2]: Trying to create a map of size 80 x 67 using 1 swatches
[controller_node-5] [WARN] [1790986143.392260404] [controller_server]: path_copy succeeded.
[controller_node-5] [INFO] [1790986143.392525733] [controller_server]: Computed velocity commands: linear.x=0.67, linear.y=0.38, angular.z=0.00
[planner_server-4] [INFO] [1790986143.444483672] [planner_server]: Planning took 23 ms
[planner_server-4] [INFO] [1790986143.445232450] [planner_server]: Plan computed: 859 poses
[rviz2-9] [INFO] [1790986143.510486300] [rviz2]: Trying to create a map of size 80 x 68 using 1 swatches
[planner_server-4] [INFO] [1790986143.578661223] [planner_server]: Planning took 25 ms
[planner_server-4] [INFO] [1790986143.579275658] [planner_server]: Plan computed: 858 poses
[rviz2-9] [INFO] [1790986143.698707950] [rviz2]: Trying to create a map of size 80 x 69 using 1 swatches
[planner_server-4] [INFO] [1790986143.713450203] [planner_server]: Planning took 21 ms
[planner_server-4] [INFO] [1790986143.714313797] [planner_server]: Plan computed: 857 poses
[planner_server-4] [INFO] [1790986143.846257628] [planner_server]: Planning took 24 ms
[planner_server-4] [INFO] [1790986143.847021614] [planner_server]: Plan computed: 857 poses
[rviz2-9] [INFO] [1790986143.922446619] [rviz2]: Trying to create a map of size 80 x 70 using 1 swatches
[planner_server-4] [INFO] [1790986143.983925762] [planner_server]: Planning took 22 ms
[planner_server-4] [INFO] [1790986143.984301187] [planner_server]: Plan computed: 856 poses
[rviz2-9] [INFO] [1790986144.052157065] [rviz2]: Trying to create a map of size 80 x 71 using 1 swatches
[planner_server-4] [INFO] [1790986144.114361556] [planner_server]: Planning took 23 ms
[planner_server-4] [INFO] [1790986144.115644619] [planner_server]: Plan computed: 855 poses
[planner_server-4] [INFO] [1790986144.248553283] [planner_server]: Planning took 24 ms
[planner_server-4] [INFO] [1790986144.250192751] [planner_server]: Plan computed: 855 poses
[rviz2-9] [INFO] [1790986144.306524610] [rviz2]: Trying to create a map of size 80 x 72 using 1 swatches
[planner_server-4] [INFO] [1790986144.383474778] [planner_server]: Planning took 21 ms
[planner_server-4] [INFO] [1790986144.385358645] [planner_server]: Plan computed: 854 poses
[rviz2-9] [INFO] [1790986144.468270999] [rviz2]: Trying to create a map of size 80 x 73 using 1 swatches
[planner_server-4] [INFO] [1790986144.527982675] [planner_server]: Planning took 26 ms
[planner_server-4] [INFO] [1790986144.528726434] [planner_server]: Plan computed: 852 poses
[rviz2-9] [INFO] [1790986144.532641854] [rviz2]: Trying to create a map of size 80 x 74 using 1 swatches
[planner_server-4] [INFO] [1790986144.666310332] [planner_server]: Planning took 23 ms
[planner_server-4] [INFO] [1790986144.666978488] [planner_server]: Plan computed: 851 poses
[rviz2-9] [INFO] [1790986144.695017691] [rviz2]: Trying to create a map of size 80 x 76 using 1 swatches
[planner_server-4] [INFO] [1790986144.792919341] [planner_server]: Planning took 22 ms
[planner_server-4] [INFO] [1790986144.793412308] [planner_server]: Plan computed: 850 poses
[rviz2-9] [INFO] [1790986144.914902697] [rviz2]: Trying to create a map of size 80 x 77 using 1 swatches
[planner_server-4] [INFO] [1790986144.921913344] [planner_server]: Planning took 21 ms
[planner_server-4] [INFO] [1790986144.922279673] [planner_server]: Plan computed: 850 poses
[planner_server-4] [INFO] [1790986145.053802341] [planner_server]: Planning took 21 ms
[planner_server-4] [INFO] [1790986145.054486177] [planner_server]: Plan computed: 848 poses
[rviz2-9] [INFO] [1790986145.106421424] [rviz2]: Trying to create a map of size 80 x 78 using 1 swatches
[planner_server-4] [INFO] [1790986145.192865218] [planner_server]: Planning took 21 ms
[planner_server-4] [INFO] [1790986145.193197332] [planner_server]: Plan computed: 847 poses
[rviz2-9] [INFO] [1790986145.202357908] [rviz2]: Trying to create a map of size 80 x 79 using 1 swatches
[rviz2-9] [INFO] [1790986145.280457462] [rviz2]: Trying to create a map of size 80 x 80 using 1 swatches
[planner_server-4] [INFO] [1790986145.325262786] [planner_server]: Planning took 23 ms
[planner_server-4] [INFO] [1790986145.325669491] [planner_server]: Plan computed: 846 poses
[controller_node-5] [WARN] [1790986145.411235811] [controller_server]: path_copy succeeded.
[controller_node-5] [INFO] [1790986145.411573296] [controller_server]: Computed velocity commands: linear.x=0.37, linear.y=-0.88, angular.z=0.00
[planner_server-4] [INFO] [1790986145.451688586] [planner_server]: Planning took 21 ms
[planner_server-4] [INFO] [1790986145.452289486] [planner_server]: Plan computed: 845 poses
[planner_server-4] [INFO] [1790986145.584247564] [planner_server]: Planning took 23 ms
[planner_server-4] [INFO] [1790986145.585000800] [planner_server]: Plan computed: 845 poses
[planner_server-4] [INFO] [1790986145.714077299] [planner_server]: Planning took 23 ms
[planner_server-4] [INFO] [1790986145.714724175] [planner_server]: Plan computed: 844 poses
[planner_server-4] [INFO] [1790986145.841362980] [planner_server]: Planning took 21 ms
[planner_server-4] [INFO] [1790986145.841776507] [planner_server]: Plan computed: 844 poses
[planner_server-4] [INFO] [1790986145.973969126] [planner_server]: Planning took 22 ms
[planner_server-4] [INFO] [1790986145.975189711] [planner_server]: Plan computed: 843 poses
[planner_server-4] [INFO] [1790986146.104712088] [planner_server]: Planning took 22 ms
[planner_server-4] [INFO] [1790986146.105597989] [planner_server]: Plan computed: 843 poses
[planner_server-4] [INFO] [1790986146.244496582] [planner_server]: Planning took 22 ms
[planner_server-4] [INFO] [1790986146.245013474] [planner_server]: Plan computed: 841 poses
[planner_server-4] [INFO] [1790986146.374164362] [planner_server]: Planning took 21 ms
[planner_server-4] [INFO] [1790986146.374696222] [planner_server]: Plan computed: 840 poses
[planner_server-4] [INFO] [1790986146.507127764] [planner_server]: Planning took 24 ms
[planner_server-4] [INFO] [1790986146.507867195] [planner_server]: Plan computed: 839 poses
[planner_server-4] [INFO] [1790986146.644226202] [planner_server]: Planning took 22 ms
[planner_server-4] [INFO] [1790986146.644599464] [planner_server]: Plan computed: 839 poses
[planner_server-4] [INFO] [1790986146.774278335] [planner_server]: Planning took 21 ms
[planner_server-4] [INFO] [1790986146.774859658] [planner_server]: Plan computed: 838 poses
[planner_server-4] [INFO] [1790986146.916618084] [planner_server]: Planning took 25 ms
[planner_server-4] [INFO] [1790986146.917506214] [planner_server]: Plan computed: 836 poses
[planner_server-4] [INFO] [1790986147.052869694] [planner_server]: Planning took 21 ms
[planner_server-4] [INFO] [1790986147.053856740] [planner_server]: Plan computed: 836 poses
[planner_server-4] [INFO] [1790986147.188798783] [planner_server]: Planning took 27 ms
[planner_server-4] [INFO] [1790986147.189715527] [planner_server]: Plan computed: 834 poses
[planner_server-4] [INFO] [1790986147.322243341] [planner_server]: Planning took 21 ms
[planner_server-4] [INFO] [1790986147.322800428] [planner_server]: Plan computed: 834 poses
[controller_node-5] [WARN] [1790986147.432159136] [controller_server]: path_copy succeeded.
[controller_node-5] [INFO] [1790986147.432456264] [controller_server]: Computed velocity commands: linear.x=-0.78, linear.y=-0.11, angular.z=0.00
[planner_server-4] [INFO] [1790986147.452435547] [planner_server]: Planning took 22 ms
[planner_server-4] [INFO] [1790986147.453408607] [planner_server]: Plan computed: 832 poses
[planner_server-4] [INFO] [1790986147.582934240] [planner_server]: Planning took 20 ms
[planner_server-4] [INFO] [1790986147.583819264] [planner_server]: Plan computed: 831 poses
[planner_server-4] [INFO] [1790986147.711467497] [planner_server]: Planning took 21 ms
[planner_server-4] [INFO] [1790986147.712190116] [planner_server]: Plan computed: 830 poses
[planner_server-4] [INFO] [1790986147.845328102] [planner_server]: Planning took 25 ms
[planner_server-4] [INFO] [1790986147.845571560] [planner_server]: Plan computed: 829 poses
[planner_server-4] [INFO] [1790986147.974315834] [planner_server]: Planning took 23 ms
[planner_server-4] [INFO] [1790986147.974785627] [planner_server]: Plan computed: 827 poses
[planner_server-4] [INFO] [1790986148.101955731] [planner_server]: Planning took 21 ms
[planner_server-4] [INFO] [1790986148.102633145] [planner_server]: Plan computed: 825 poses
[planner_server-4] [INFO] [1790986148.234173126] [planner_server]: Planning took 23 ms
[planner_server-4] [INFO] [1790986148.235778930] [planner_server]: Plan computed: 825 poses
[planner_server-4] [INFO] [1790986148.367084425] [planner_server]: Planning took 24 ms
[planner_server-4] [INFO] [1790986148.367564307] [planner_server]: Plan computed: 824 poses
[planner_server-4] [INFO] [1790986148.506313565] [planner_server]: Planning took 24 ms
[planner_server-4] [INFO] [1790986148.506697176] [planner_server]: Plan computed: 821 poses
[planner_server-4] [INFO] [1790986148.642441888] [planner_server]: Planning took 21 ms
[planner_server-4] [INFO] [1790986148.642972376] [planner_server]: Plan computed: 820 poses
[planner_server-4] [INFO] [1790986148.775600092] [planner_server]: Planning took 23 ms
[planner_server-4] [INFO] [1790986148.776471540] [planner_server]: Plan computed: 820 poses
[planner_server-4] [INFO] [1790986148.904961070] [planner_server]: Planning took 23 ms
[planner_server-4] [INFO] [1790986148.905463204] [planner_server]: Plan computed: 819 poses
[planner_server-4] [INFO] [1790986149.033826372] [planner_server]: Planning took 22 ms
[planner_server-4] [INFO] [1790986149.034421060] [planner_server]: Plan computed: 818 poses
[planner_server-4] [INFO] [1790986149.163416296] [planner_server]: Planning took 21 ms
[planner_server-4] [INFO] [1790986149.164525011] [planner_server]: Plan computed: 817 poses
[planner_server-4] [INFO] [1790986149.293306564] [planner_server]: Planning took 22 ms
[planner_server-4] [INFO] [1790986149.293965373] [planner_server]: Plan computed: 817 poses
[planner_server-4] [INFO] [1790986149.424779980] [planner_server]: Planning took 23 ms
[planner_server-4] [INFO] [1790986149.425751728] [planner_server]: Plan computed: 816 poses
[controller_node-5] [WARN] [1790986149.451502333] [controller_server]: path_copy succeeded.
[controller_node-5] [INFO] [1790986149.451963269] [controller_server]: Computed velocity commands: linear.x=-0.14, linear.y=0.44, angular.z=0.00
[planner_server-4] [INFO] [1790986149.552637336] [planner_server]: Planning took 21 ms
[planner_server-4] [INFO] [1790986149.553157384] [planner_server]: Plan computed: 816 poses
[planner_server-4] [INFO] [1790986149.687394477] [planner_server]: Planning took 26 ms
[planner_server-4] [INFO] [1790986149.687872405] [planner_server]: Plan computed: 815 poses
[planner_server-4] [INFO] [1790986149.838377878] [planner_server]: Planning took 35 ms
[planner_server-4] [INFO] [1790986149.838927752] [planner_server]: Plan computed: 814 poses
[planner_server-4] [INFO] [1790986149.978573194] [planner_server]: Planning took 26 ms
[planner_server-4] [INFO] [1790986149.979168102] [planner_server]: Plan computed: 813 poses
[planner_server-4] [INFO] [1790986150.116715289] [planner_server]: Planning took 26 ms
[planner_server-4] [INFO] [1790986150.117086207] [planner_server]: Plan computed: 813 poses
[planner_server-4] [INFO] [1790986150.242763484] [planner_server]: Planning took 22 ms
[planner_server-4] [INFO] [1790986150.243432011] [planner_server]: Plan computed: 812 poses
[planner_server-4] [INFO] [1790986150.375717694] [planner_server]: Planning took 24 ms
[planner_server-4] [INFO] [1790986150.376355222] [planner_server]: Plan computed: 811 poses
[planner_server-4] [INFO] [1790986150.503245070] [planner_server]: Planning took 23 ms
[planner_server-4] [INFO] [1790986150.503864234] [planner_server]: Plan computed: 810 poses
[planner_server-4] [INFO] [1790986150.633476290] [planner_server]: Planning took 21 ms
[planner_server-4] [INFO] [1790986150.634159344] [planner_server]: Plan computed: 810 poses
[planner_server-4] [INFO] [1790986150.766650183] [planner_server]: Planning took 26 ms
[planner_server-4] [INFO] [1790986150.768128663] [planner_server]: Plan computed: 809 poses
[planner_server-4] [INFO] [1790986150.904246692] [planner_server]: Planning took 23 ms
[planner_server-4] [INFO] [1790986150.904666321] [planner_server]: Plan computed: 809 poses
[planner_server-4] [INFO] [1790986151.036523208] [planner_server]: Planning took 25 ms
[planner_server-4] [INFO] [1790986151.037304216] [planner_server]: Plan computed: 807 poses
[planner_server-4] [INFO] [1790986151.162627252] [planner_server]: Planning took 21 ms
[planner_server-4] [INFO] [1790986151.163259892] [planner_server]: Plan computed: 807 poses
[planner_server-4] [INFO] [1790986151.297386231] [planner_server]: Planning took 27 ms
[planner_server-4] [INFO] [1790986151.299255316] [planner_server]: Plan computed: 807 poses
[planner_server-4] [INFO] [1790986151.433827949] [planner_server]: Planning took 21 ms
[planner_server-4] [INFO] [1790986151.434363025] [planner_server]: Plan computed: 806 poses
[controller_node-5] [WARN] [1790986151.451597852] [controller_server]: path_copy succeeded.
[controller_node-5] [INFO] [1790986151.452342452] [controller_server]: Computed velocity commands: linear.x=0.35, linear.y=0.24, angular.z=0.00
[planner_server-4] [INFO] [1790986151.563490569] [planner_server]: Planning took 22 ms
[planner_server-4] [INFO] [1790986151.563785624] [planner_server]: Plan computed: 805 poses
[planner_server-4] [INFO] [1790986151.693528196] [planner_server]: Planning took 21 ms
[planner_server-4] [INFO] [1790986151.694636294] [planner_server]: Plan computed: 806 poses
[planner_server-4] [INFO] [1790986151.822914417] [planner_server]: Planning took 21 ms
[planner_server-4] [INFO] [1790986151.823483346] [planner_server]: Plan computed: 805 poses
[planner_server-4] [INFO] [1790986151.950804905] [planner_server]: Planning took 20 ms
[planner_server-4] [INFO] [1790986151.951370238] [planner_server]: Plan computed: 805 poses
[planner_server-4] [INFO] [1790986152.085314770] [planner_server]: Planning took 23 ms
[planner_server-4] [INFO] [1790986152.085785826] [planner_server]: Plan computed: 804 poses
[planner_server-4] [INFO] [1790986152.214074744] [planner_server]: Planning took 22 ms
[planner_server-4] [INFO] [1790986152.214785630] [planner_server]: Plan computed: 804 poses
[planner_server-4] [INFO] [1790986152.343538941] [planner_server]: Planning took 19 ms
[planner_server-4] [INFO] [1790986152.344122799] [planner_server]: Plan computed: 803 poses
[planner_server-4] [INFO] [1790986152.473624878] [planner_server]: Planning took 22 ms
[planner_server-4] [INFO] [1790986152.474697996] [planner_server]: Plan computed: 802 poses
[planner_server-4] [INFO] [1790986152.603332493] [planner_server]: Planning took 21 ms
[planner_server-4] [INFO] [1790986152.604061033] [planner_server]: Plan computed: 801 poses
[planner_server-4] [INFO] [1790986152.736336747] [planner_server]: Planning took 21 ms
[planner_server-4] [INFO] [1790986152.736625781] [planner_server]: Plan computed: 800 poses
[planner_server-4] [INFO] [1790986152.874262386] [planner_server]: Planning took 21 ms
[planner_server-4] [INFO] [1790986152.874710218] [planner_server]: Plan computed: 799 poses
[planner_server-4] [INFO] [1790986153.003370213] [planner_server]: Planning took 23 ms
[planner_server-4] [INFO] [1790986153.003700113] [planner_server]: Plan computed: 798 poses
[planner_server-4] [INFO] [1790986153.133210327] [planner_server]: Planning took 20 ms
[planner_server-4] [INFO] [1790986153.134151698] [planner_server]: Plan computed: 796 poses
[planner_server-4] [INFO] [1790986153.261326791] [planner_server]: Planning took 21 ms
[planner_server-4] [INFO] [1790986153.261834746] [planner_server]: Plan computed: 794 poses
[planner_server-4] [INFO] [1790986153.396471249] [planner_server]: Planning took 26 ms
[planner_server-4] [INFO] [1790986153.397943848] [planner_server]: Plan computed: 794 poses
[controller_node-5] [WARN] [1790986153.451637529] [controller_server]: path_copy succeeded.
[controller_node-5] [INFO] [1790986153.453470585] [controller_server]: Computed velocity commands: linear.x=0.25, linear.y=-0.83, angular.z=0.00
[planner_server-4] [INFO] [1790986153.534889649] [planner_server]: Planning took 23 ms
[planner_server-4] [INFO] [1790986153.535389900] [planner_server]: Plan computed: 794 poses
[planner_server-4] [INFO] [1790986153.663281586] [planner_server]: Planning took 21 ms
[planner_server-4] [INFO] [1790986153.664127486] [planner_server]: Plan computed: 793 poses
[planner_server-4] [INFO] [1790986153.797854605] [planner_server]: Planning took 25 ms
[planner_server-4] [INFO] [1790986153.799893243] [planner_server]: Plan computed: 793 poses
[planner_server-4] [INFO] [1790986153.934444676] [planner_server]: Planning took 22 ms
[planner_server-4] [INFO] [1790986153.935432624] [planner_server]: Plan computed: 792 poses
[planner_server-4] [INFO] [1790986154.062174182] [planner_server]: Planning took 21 ms
[planner_server-4] [INFO] [1790986154.062986687] [planner_server]: Plan computed: 792 poses
[planner_server-4] [INFO] [1790986154.192816995] [planner_server]: Planning took 21 ms
[planner_server-4] [INFO] [1790986154.193398088] [planner_server]: Plan computed: 791 poses
[planner_server-4] [INFO] [1790986154.323831959] [planner_server]: Planning took 21 ms
[planner_server-4] [INFO] [1790986154.324670245] [planner_server]: Plan computed: 790 poses
[planner_server-4] [INFO] [1790986154.452661093] [planner_server]: Planning took 21 ms
[planner_server-4] [INFO] [1790986154.453588747] [planner_server]: Plan computed: 789 poses
[planner_server-4] [INFO] [1790986154.581640840] [planner_server]: Planning took 21 ms
[planner_server-4] [INFO] [1790986154.582230548] [planner_server]: Plan computed: 789 poses
[planner_server-4] [INFO] [1790986154.712688079] [planner_server]: Planning took 21 ms
[planner_server-4] [INFO] [1790986154.713579515] [planner_server]: Plan computed: 787 poses
[planner_server-4] [INFO] [1790986154.845395660] [planner_server]: Planning took 22 ms
[planner_server-4] [INFO] [1790986154.846530043] [planner_server]: Plan computed: 787 poses
[planner_server-4] [INFO] [1790986154.982327625] [planner_server]: Planning took 21 ms
[planner_server-4] [INFO] [1790986154.984579870] [planner_server]: Plan computed: 785 poses
[planner_server-4] [INFO] [1790986155.113514506] [planner_server]: Planning took 22 ms
[planner_server-4] [INFO] [1790986155.113862952] [planner_server]: Plan computed: 785 poses
[planner_server-4] [INFO] [1790986155.242038376] [planner_server]: Planning took 22 ms
[planner_server-4] [INFO] [1790986155.242557602] [planner_server]: Plan computed: 784 poses
[rviz2-9] [INFO] [1790986155.317544454] [rviz2]: Trying to create a map of size 80 x 79 using 1 swatches
[planner_server-4] [INFO] [1790986155.373343966] [planner_server]: Planning took 21 ms
[planner_server-4] [INFO] [1790986155.376585185] [planner_server]: Plan computed: 783 poses
[rviz2-9] [INFO] [1790986155.393195148] [rviz2]: Trying to create a map of size 80 x 78 using 1 swatches
[controller_node-5] [WARN] [1790986155.471878936] [controller_server]: path_copy succeeded.
[controller_node-5] [INFO] [1790986155.472213986] [controller_server]: Computed velocity commands: linear.x=-0.37, linear.y=0.39, angular.z=0.00
[planner_server-4] [INFO] [1790986155.512674605] [planner_server]: Planning took 21 ms
[planner_server-4] [INFO] [1790986155.513319748] [planner_server]: Plan computed: 782 poses
[rviz2-9] [INFO] [1790986155.643951933] [rviz2]: Trying to create a map of size 80 x 77 using 1 swatches
[planner_server-4] [INFO] [1790986155.643975918] [planner_server]: Planning took 22 ms
[planner_server-4] [INFO] [1790986155.644507768] [planner_server]: Plan computed: 781 poses
[rviz2-9] [INFO] [1790986155.705397452] [rviz2]: Trying to create a map of size 80 x 76 using 1 swatches
[planner_server-4] [INFO] [1790986155.773237484] [planner_server]: Planning took 22 ms
[planner_server-4] [INFO] [1790986155.773833966] [planner_server]: Plan computed: 780 poses
[rviz2-9] [INFO] [1790986155.862353293] [rviz2]: Trying to create a map of size 80 x 75 using 1 swatches
[planner_server-4] [INFO] [1790986155.903028712] [planner_server]: Planning took 20 ms
[planner_server-4] [INFO] [1790986155.903480351] [planner_server]: Plan computed: 779 poses
[rviz2-9] [INFO] [1790986155.993044438] [rviz2]: Trying to create a map of size 80 x 74 using 1 swatches
[planner_server-4] [INFO] [1790986156.031711435] [planner_server]: Planning took 20 ms
[planner_server-4] [INFO] [1790986156.032143538] [planner_server]: Plan computed: 778 poses
[planner_server-4] [INFO] [1790986156.164215188] [planner_server]: Planning took 22 ms
[planner_server-4] [INFO] [1790986156.164750485] [planner_server]: Plan computed: 777 poses
[rviz2-9] [INFO] [1790986156.181970515] [rviz2]: Trying to create a map of size 80 x 73 using 1 swatches
[rviz2-9] [INFO] [1790986156.247435972] [rviz2]: Trying to create a map of size 80 x 72 using 1 swatches
[planner_server-4] [INFO] [1790986156.297601210] [planner_server]: Planning took 24 ms
[planner_server-4] [INFO] [1790986156.298176071] [planner_server]: Plan computed: 776 poses
[rviz2-9] [INFO] [1790986156.374048578] [rviz2]: Trying to create a map of size 80 x 71 using 1 swatches
[planner_server-4] [INFO] [1790986156.422445526] [planner_server]: Planning took 20 ms
[planner_server-4] [INFO] [1790986156.423027370] [planner_server]: Plan computed: 775 poses
[planner_server-4] [INFO] [1790986156.553231164] [planner_server]: Planning took 22 ms
[planner_server-4] [INFO] [1790986156.554664308] [planner_server]: Plan computed: 775 poses
[rviz2-9] [INFO] [1790986156.598937006] [rviz2]: Trying to create a map of size 80 x 70 using 1 swatches
[planner_server-4] [INFO] [1790986156.683776068] [planner_server]: Planning took 22 ms
[planner_server-4] [INFO] [1790986156.684492024] [planner_server]: Plan computed: 774 poses
[rviz2-9] [INFO] [1790986156.760637799] [rviz2]: Trying to create a map of size 80 x 69 using 1 swatches
[planner_server-4] [INFO] [1790986156.813220894] [planner_server]: Planning took 22 ms
[planner_server-4] [INFO] [1790986156.813673005] [planner_server]: Plan computed: 773 poses
[planner_server-4] [INFO] [1790986156.946008220] [planner_server]: Planning took 25 ms
[planner_server-4] [INFO] [1790986156.947239615] [planner_server]: Plan computed: 773 poses
[rviz2-9] [INFO] [1790986157.047705572] [rviz2]: Trying to create a map of size 80 x 68 using 1 swatches
[planner_server-4] [INFO] [1790986157.082521453] [planner_server]: Planning took 21 ms
[planner_server-4] [INFO] [1790986157.083208615] [planner_server]: Plan computed: 772 poses
[rviz2-9] [INFO] [1790986157.175476581] [rviz2]: Trying to create a map of size 80 x 67 using 1 swatches
[planner_server-4] [INFO] [1790986157.217833526] [planner_server]: Planning took 25 ms
[planner_server-4] [INFO] [1790986157.218588886] [planner_server]: Plan computed: 771 poses
[planner_server-4] [INFO] [1790986157.356694032] [planner_server]: Planning took 23 ms
[planner_server-4] [INFO] [1790986157.357388307] [planner_server]: Plan computed: 771 poses
[rviz2-9] [INFO] [1790986157.367091382] [rviz2]: Trying to create a map of size 80 x 66 using 1 swatches
[planner_server-4] [INFO] [1790986157.482683756] [planner_server]: Planning took 20 ms
[planner_server-4] [INFO] [1790986157.483859086] [planner_server]: Plan computed: 770 poses
[controller_node-5] [WARN] [1790986157.492616474] [controller_server]: path_copy succeeded.
[controller_node-5] [INFO] [1790986157.492961693] [controller_server]: Computed velocity commands: linear.x=-0.35, linear.y=0.25, angular.z=0.00
[planner_server-4] [INFO] [1790986157.615843721] [planner_server]: Planning took 23 ms
[planner_server-4] [INFO] [1790986157.616412551] [planner_server]: Plan computed: 770 poses
[planner_server-4] [INFO] [1790986157.742835452] [planner_server]: Planning took 21 ms
[planner_server-4] [INFO] [1790986157.743935541] [planner_server]: Plan computed: 770 poses
[rviz2-9] [INFO] [1790986157.752736535] [rviz2]: Trying to create a map of size 80 x 65 using 1 swatches
[planner_server-4] [INFO] [1790986157.871371775] [planner_server]: Planning took 20 ms
[planner_server-4] [INFO] [1790986157.872408835] [planner_server]: Plan computed: 769 poses
[planner_server-4] [INFO] [1790986158.005582187] [planner_server]: Planning took 22 ms
[planner_server-4] [INFO] [1790986158.006337387] [planner_server]: Plan computed: 769 poses
[rviz2-9] [INFO] [1790986158.070722873] [rviz2]: Trying to create a map of size 80 x 64 using 1 swatches
[planner_server-4] [INFO] [1790986158.134517560] [planner_server]: Planning took 20 ms
[planner_server-4] [INFO] [1790986158.134801444] [planner_server]: Plan computed: 768 poses
[planner_server-4] [INFO] [1790986158.261653305] [planner_server]: Planning took 20 ms
[planner_server-4] [INFO] [1790986158.262304659] [planner_server]: Plan computed: 767 poses
[rviz2-9] [INFO] [1790986158.329457876] [rviz2]: Trying to create a map of size 80 x 63 using 1 swatches
[planner_server-4] [INFO] [1790986158.391211274] [planner_server]: Planning took 20 ms
[planner_server-4] [INFO] [1790986158.391504425] [planner_server]: Plan computed: 765 poses
[planner_server-4] [INFO] [1790986158.523692244] [planner_server]: Planning took 21 ms
[planner_server-4] [INFO] [1790986158.524504130] [planner_server]: Plan computed: 765 poses
[rviz2-9] [INFO] [1790986158.589106104] [rviz2]: Trying to create a map of size 80 x 62 using 1 swatches
[planner_server-4] [INFO] [1790986158.651606752] [planner_server]: Planning took 20 ms
[planner_server-4] [INFO] [1790986158.651951901] [planner_server]: Plan computed: 764 poses
[planner_server-4] [INFO] [1790986158.784706822] [planner_server]: Planning took 23 ms
[planner_server-4] [INFO] [1790986158.785798996] [planner_server]: Plan computed: 764 poses
[planner_server-4] [INFO] [1790986158.914508644] [planner_server]: Planning took 21 ms
[planner_server-4] [INFO] [1790986158.915130784] [planner_server]: Plan computed: 763 poses
[rviz2-9] [INFO] [1790986158.998973197] [rviz2]: Trying to create a map of size 80 x 61 using 1 swatches
[planner_server-4] [INFO] [1790986159.042908190] [planner_server]: Planning took 22 ms
[planner_server-4] [INFO] [1790986159.043439358] [planner_server]: Plan computed: 762 poses
[planner_server-4] [INFO] [1790986159.177330270] [planner_server]: Planning took 25 ms
[planner_server-4] [INFO] [1790986159.178081332] [planner_server]: Plan computed: 761 poses
[rviz2-9] [INFO] [1790986159.286598271] [rviz2]: Trying to create a map of size 80 x 60 using 1 swatches
[planner_server-4] [INFO] [1790986159.312158754] [planner_server]: Planning took 21 ms
[planner_server-4] [INFO] [1790986159.312947938] [planner_server]: Plan computed: 761 poses
[planner_server-4] [INFO] [1790986159.443131648] [planner_server]: Planning took 20 ms
[planner_server-4] [INFO] [1790986159.443679228] [planner_server]: Plan computed: 760 poses
[controller_node-5] [WARN] [1790986159.514009303] [controller_server]: path_copy succeeded.
[controller_node-5] [INFO] [1790986159.514274462] [controller_server]: Computed velocity commands: linear.x=-0.21, linear.y=0.35, angular.z=0.00
[planner_server-4] [INFO] [1790986159.572348000] [planner_server]: Planning took 21 ms
[planner_server-4] [INFO] [1790986159.572938690] [planner_server]: Plan computed: 760 poses
[planner_server-4] [INFO] [1790986159.701612773] [planner_server]: Planning took 20 ms
[planner_server-4] [INFO] [1790986159.702244951] [planner_server]: Plan computed: 759 poses
[planner_server-4] [INFO] [1790986159.831469769] [planner_server]: Planning took 21 ms
[planner_server-4] [INFO] [1790986159.831980038] [planner_server]: Plan computed: 759 poses
[rviz2-9] [INFO] [1790986159.897516146] [rviz2]: Trying to create a map of size 80 x 59 using 1 swatches
[planner_server-4] [INFO] [1790986159.962164560] [planner_server]: Planning took 20 ms
[planner_server-4] [INFO] [1790986159.962604047] [planner_server]: Plan computed: 758 poses
[planner_server-4] [INFO] [1790986160.093198440] [planner_server]: Planning took 21 ms
[planner_server-4] [INFO] [1790986160.093778520] [planner_server]: Plan computed: 757 poses
[planner_server-4] [INFO] [1790986160.220566646] [planner_server]: Planning took 20 ms
[planner_server-4] [INFO] [1790986160.221286249] [planner_server]: Plan computed: 756 poses
[planner_server-4] [INFO] [1790986160.350986760] [planner_server]: Planning took 20 ms
[planner_server-4] [INFO] [1790986160.351547405] [planner_server]: Plan computed: 756 poses
[planner_server-4] [INFO] [1790986160.489549366] [planner_server]: Planning took 28 ms
[planner_server-4] [INFO] [1790986160.491039238] [planner_server]: Plan computed: 756 poses
[planner_server-4] [INFO] [1790986160.622299623] [planner_server]: Planning took 21 ms
[planner_server-4] [INFO] [1790986160.622841000] [planner_server]: Plan computed: 755 poses
[planner_server-4] [INFO] [1790986160.754764853] [planner_server]: Planning took 24 ms
[planner_server-4] [INFO] [1790986160.755482282] [planner_server]: Plan computed: 754 poses
[planner_server-4] [INFO] [1790986160.886685580] [planner_server]: Planning took 23 ms
[planner_server-4] [INFO] [1790986160.887758327] [planner_server]: Plan computed: 753 poses
[planner_server-4] [INFO] [1790986161.012212885] [planner_server]: Planning took 21 ms
[planner_server-4] [INFO] [1790986161.012748742] [planner_server]: Plan computed: 752 poses
[planner_server-4] [INFO] [1790986161.142602623] [planner_server]: Planning took 22 ms
[planner_server-4] [INFO] [1790986161.143785387] [planner_server]: Plan computed: 752 poses
[planner_server-4] [INFO] [1790986161.274151796] [planner_server]: Planning took 22 ms
[planner_server-4] [INFO] [1790986161.275252756] [planner_server]: Plan computed: 751 poses
[planner_server-4] [INFO] [1790986161.402524466] [planner_server]: Planning took 20 ms
[planner_server-4] [INFO] [1790986161.403119835] [planner_server]: Plan computed: 751 poses
[controller_node-5] [WARN] [1790986161.531469497] [controller_server]: path_copy succeeded.
[controller_node-5] [INFO] [1790986161.531833592] [controller_server]: Computed velocity commands: linear.x=0.23, linear.y=0.22, angular.z=0.00
[planner_server-4] [INFO] [1790986161.543969983] [planner_server]: Planning took 23 ms
[planner_server-4] [INFO] [1790986161.544401815] [planner_server]: Plan computed: 750 poses
[planner_server-4] [INFO] [1790986161.675838501] [planner_server]: Planning took 24 ms
[planner_server-4] [INFO] [1790986161.676986430] [planner_server]: Plan computed: 749 poses
[planner_server-4] [INFO] [1790986161.807182774] [planner_server]: Planning took 23 ms
[planner_server-4] [INFO] [1790986161.809384489] [planner_server]: Plan computed: 749 poses
[planner_server-4] [INFO] [1790986161.940895991] [planner_server]: Planning took 19 ms
[planner_server-4] [INFO] [1790986161.941683141] [planner_server]: Plan computed: 748 poses
[planner_server-4] [INFO] [1790986162.073792958] [planner_server]: Planning took 22 ms
[planner_server-4] [INFO] [1790986162.075626271] [planner_server]: Plan computed: 748 poses
[planner_server-4] [INFO] [1790986162.202949267] [planner_server]: Planning took 21 ms
[planner_server-4] [INFO] [1790986162.203665283] [planner_server]: Plan computed: 747 poses
[planner_server-4] [INFO] [1790986162.335672106] [planner_server]: Planning took 21 ms
[planner_server-4] [INFO] [1790986162.337117720] [planner_server]: Plan computed: 746 poses
[planner_server-4] [INFO] [1790986162.475522985] [planner_server]: Planning took 25 ms
[planner_server-4] [INFO] [1790986162.476258147] [planner_server]: Plan computed: 745 poses
[planner_server-4] [INFO] [1790986162.604440875] [planner_server]: Planning took 23 ms
[planner_server-4] [INFO] [1790986162.605546694] [planner_server]: Plan computed: 745 poses
[planner_server-4] [INFO] [1790986162.730846496] [planner_server]: Planning took 20 ms
[planner_server-4] [INFO] [1790986162.731431737] [planner_server]: Plan computed: 744 poses
[planner_server-4] [INFO] [1790986162.862358991] [planner_server]: Planning took 22 ms
[planner_server-4] [INFO] [1790986162.862946676] [planner_server]: Plan computed: 744 poses
[planner_server-4] [INFO] [1790986162.990303721] [planner_server]: Planning took 19 ms
[planner_server-4] [INFO] [1790986162.990770218] [planner_server]: Plan computed: 743 poses
[planner_server-4] [INFO] [1790986163.125563907] [planner_server]: Planning took 23 ms
[planner_server-4] [INFO] [1790986163.126393557] [planner_server]: Plan computed: 742 poses
[planner_server-4] [INFO] [1790986163.250623563] [planner_server]: Planning took 20 ms
[planner_server-4] [INFO] [1790986163.251110869] [planner_server]: Plan computed: 742 poses
[planner_server-4] [INFO] [1790986163.384588764] [planner_server]: Planning took 22 ms
[planner_server-4] [INFO] [1790986163.386240790] [planner_server]: Plan computed: 742 poses
[planner_server-4] [INFO] [1790986163.512221016] [planner_server]: Planning took 20 ms
[planner_server-4] [INFO] [1790986163.513278926] [planner_server]: Plan computed: 741 poses
[controller_node-5] [INFO] [1790986163.532506240] [controller_server]: Computed velocity commands: linear.x=0.36, linear.y=-0.11, angular.z=0.00
[controller_node-5] [WARN] [1790986163.550926531] [controller_server]: path_copy succeeded.
[planner_server-4] [INFO] [1790986163.641297580] [planner_server]: Planning took 19 ms
[planner_server-4] [INFO] [1790986163.641646195] [planner_server]: Plan computed: 740 poses
[planner_server-4] [INFO] [1790986163.772312238] [planner_server]: Planning took 22 ms
[planner_server-4] [INFO] [1790986163.772656505] [planner_server]: Plan computed: 740 poses
[planner_server-4] [INFO] [1790986163.901131883] [planner_server]: Planning took 19 ms
[planner_server-4] [INFO] [1790986163.901456664] [planner_server]: Plan computed: 738 poses
[planner_server-4] [INFO] [1790986164.035259249] [planner_server]: Planning took 21 ms
[planner_server-4] [INFO] [1790986164.035643602] [planner_server]: Plan computed: 738 poses
[planner_server-4] [INFO] [1790986164.161055470] [planner_server]: Planning took 20 ms
[planner_server-4] [INFO] [1790986164.161730178] [planner_server]: Plan computed: 737 poses
[planner_server-4] [INFO] [1790986164.291991360] [planner_server]: Planning took 19 ms
[planner_server-4] [INFO] [1790986164.292608781] [planner_server]: Plan computed: 737 poses
[planner_server-4] [INFO] [1790986164.420789384] [planner_server]: Planning took 19 ms
[planner_server-4] [INFO] [1790986164.421146426] [planner_server]: Plan computed: 736 poses
[planner_server-4] [INFO] [1790986164.556341685] [planner_server]: Planning took 25 ms
[planner_server-4] [INFO] [1790986164.557580795] [planner_server]: Plan computed: 736 poses
[planner_server-4] [INFO] [1790986164.682442317] [planner_server]: Planning took 20 ms
[planner_server-4] [INFO] [1790986164.683109481] [planner_server]: Plan computed: 735 poses
[planner_server-4] [INFO] [1790986164.814591464] [planner_server]: Planning took 23 ms
[planner_server-4] [INFO] [1790986164.815036100] [planner_server]: Plan computed: 734 poses
[planner_server-4] [INFO] [1790986164.942119841] [planner_server]: Planning took 21 ms
[planner_server-4] [INFO] [1790986164.943244085] [planner_server]: Plan computed: 734 poses
[planner_server-4] [INFO] [1790986165.071666935] [planner_server]: Planning took 20 ms
[planner_server-4] [INFO] [1790986165.072187744] [planner_server]: Plan computed: 733 poses
[planner_server-4] [INFO] [1790986165.200680314] [planner_server]: Planning took 19 ms
[planner_server-4] [INFO] [1790986165.201227744] [planner_server]: Plan computed: 732 poses
[planner_server-4] [INFO] [1790986165.336816167] [planner_server]: Planning took 23 ms
[planner_server-4] [INFO] [1790986165.337632422] [planner_server]: Plan computed: 732 poses
[planner_server-4] [INFO] [1790986165.459962374] [planner_server]: Planning took 18 ms
[planner_server-4] [INFO] [1790986165.460611164] [planner_server]: Plan computed: 731 poses
[controller_node-5] [WARN] [1790986165.551383537] [controller_server]: path_copy succeeded.
[controller_node-5] [INFO] [1790986165.551653485] [controller_server]: Computed velocity commands: linear.x=-0.02, linear.y=-0.35, angular.z=0.00
[planner_server-4] [INFO] [1790986165.592355659] [planner_server]: Planning took 20 ms
[planner_server-4] [INFO] [1790986165.592909852] [planner_server]: Plan computed: 731 poses
[planner_server-4] [INFO] [1790986165.722217945] [planner_server]: Planning took 21 ms
[planner_server-4] [INFO] [1790986165.722663654] [planner_server]: Plan computed: 730 poses
[planner_server-4] [INFO] [1790986165.849758366] [planner_server]: Planning took 19 ms
[planner_server-4] [INFO] [1790986165.850525548] [planner_server]: Plan computed: 730 poses
[planner_server-4] [INFO] [1790986165.981891371] [planner_server]: Planning took 21 ms
[planner_server-4] [INFO] [1790986165.982748674] [planner_server]: Plan computed: 729 poses
[planner_server-4] [INFO] [1790986166.116755502] [planner_server]: Planning took 25 ms
[planner_server-4] [INFO] [1790986166.117709196] [planner_server]: Plan computed: 728 poses
[planner_server-4] [INFO] [1790986166.246922690] [planner_server]: Planning took 24 ms
[planner_server-4] [INFO] [1790986166.248233905] [planner_server]: Plan computed: 728 poses
[planner_server-4] [INFO] [1790986166.381753290] [planner_server]: Planning took 20 ms
[planner_server-4] [INFO] [1790986166.382602647] [planner_server]: Plan computed: 728 poses
[planner_server-4] [INFO] [1790986166.512099246] [planner_server]: Planning took 20 ms
[planner_server-4] [INFO] [1790986166.512574990] [planner_server]: Plan computed: 727 poses
[planner_server-4] [INFO] [1790986166.641529520] [planner_server]: Planning took 21 ms
[planner_server-4] [INFO] [1790986166.641824584] [planner_server]: Plan computed: 726 poses
[planner_server-4] [INFO] [1790986166.775758627] [planner_server]: Planning took 23 ms
[planner_server-4] [INFO] [1790986166.777480294] [planner_server]: Plan computed: 725 poses
[planner_server-4] [INFO] [1790986166.902268990] [planner_server]: Planning took 20 ms
[planner_server-4] [INFO] [1790986166.902694189] [planner_server]: Plan computed: 725 poses
[planner_server-4] [INFO] [1790986167.032627760] [planner_server]: Planning took 21 ms
[planner_server-4] [INFO] [1790986167.033743578] [planner_server]: Plan computed: 724 poses
[rviz2-9] [INFO] [1790986167.095770585] [rviz2]: Trying to create a map of size 80 x 60 using 1 swatches
[planner_server-4] [INFO] [1790986167.162082950] [planner_server]: Planning took 22 ms
[planner_server-4] [INFO] [1790986167.162561380] [planner_server]: Plan computed: 723 poses
[planner_server-4] [INFO] [1790986167.293802466] [planner_server]: Planning took 22 ms
[planner_server-4] [INFO] [1790986167.294266558] [planner_server]: Plan computed: 723 poses
[planner_server-4] [INFO] [1790986167.425447456] [planner_server]: Planning took 22 ms
[planner_server-4] [INFO] [1790986167.426501969] [planner_server]: Plan computed: 722 poses
[controller_node-5] [WARN] [1790986167.551830580] [controller_server]: path_copy succeeded.
[controller_node-5] [INFO] [1790986167.552607080] [controller_server]: Computed velocity commands: linear.x=-0.16, linear.y=-0.29, angular.z=0.00
[planner_server-4] [INFO] [1790986167.554268204] [planner_server]: Planning took 22 ms
[planner_server-4] [INFO] [1790986167.554950878] [planner_server]: Plan computed: 721 poses
[planner_server-4] [INFO] [1790986167.683535741] [planner_server]: Planning took 21 ms
[planner_server-4] [INFO] [1790986167.685363979] [planner_server]: Plan computed: 720 poses
[planner_server-4] [INFO] [1790986167.811868767] [planner_server]: Planning took 21 ms
[planner_server-4] [INFO] [1790986167.813352347] [planner_server]: Plan computed: 720 poses
[planner_server-4] [INFO] [1790986167.942114093] [planner_server]: Planning took 21 ms
[planner_server-4] [INFO] [1790986167.942812958] [planner_server]: Plan computed: 719 poses
[rviz2-9] [INFO] [1790986167.992441932] [rviz2]: Trying to create a map of size 80 x 61 using 1 swatches
[planner_server-4] [INFO] [1790986168.073026379] [planner_server]: Planning took 19 ms
[planner_server-4] [INFO] [1790986168.073571213] [planner_server]: Plan computed: 718 poses
[planner_server-4] [INFO] [1790986168.201135539] [planner_server]: Planning took 20 ms
[planner_server-4] [INFO] [1790986168.201583791] [planner_server]: Plan computed: 717 poses
[planner_server-4] [INFO] [1790986168.332180637] [planner_server]: Planning took 22 ms
[planner_server-4] [INFO] [1790986168.333189034] [planner_server]: Plan computed: 717 poses
[rviz2-9] [INFO] [1790986168.408046823] [rviz2]: Trying to create a map of size 80 x 62 using 1 swatches
[planner_server-4] [INFO] [1790986168.461787820] [planner_server]: Planning took 20 ms
[planner_server-4] [INFO] [1790986168.463942150] [planner_server]: Plan computed: 716 poses
[planner_server-4] [INFO] [1790986168.592586812] [planner_server]: Planning took 20 ms
[planner_server-4] [INFO] [1790986168.593169227] [planner_server]: Plan computed: 715 poses
[planner_server-4] [INFO] [1790986168.721546040] [planner_server]: Planning took 20 ms
[planner_server-4] [INFO] [1790986168.721893914] [planner_server]: Plan computed: 715 poses
[rviz2-9] [INFO] [1790986168.821860275] [rviz2]: Trying to create a map of size 80 x 63 using 1 swatches
[planner_server-4] [INFO] [1790986168.852081121] [planner_server]: Planning took 19 ms
[planner_server-4] [INFO] [1790986168.852996091] [planner_server]: Plan computed: 715 poses
[planner_server-4] [INFO] [1790986168.981414372] [planner_server]: Planning took 19 ms
[planner_server-4] [INFO] [1790986168.981738802] [planner_server]: Plan computed: 714 poses
[rviz2-9] [INFO] [1790986169.055527340] [rviz2]: Trying to create a map of size 80 x 64 using 1 swatches
[planner_server-4] [INFO] [1790986169.111686820] [planner_server]: Planning took 20 ms
[planner_server-4] [INFO] [1790986169.114504107] [planner_server]: Plan computed: 714 poses
[planner_server-4] [INFO] [1790986169.243386781] [planner_server]: Planning took 21 ms
[planner_server-4] [INFO] [1790986169.243680563] [planner_server]: Plan computed: 712 poses
[rviz2-9] [INFO] [1790986169.272534479] [rviz2]: Trying to create a map of size 80 x 65 using 1 swatches
[planner_server-4] [INFO] [1790986169.373044121] [planner_server]: Planning took 20 ms
[planner_server-4] [INFO] [1790986169.373367569] [planner_server]: Plan computed: 712 poses
[rviz2-9] [INFO] [1790986169.463125075] [rviz2]: Trying to create a map of size 80 x 66 using 1 swatches
[planner_server-4] [INFO] [1790986169.500485916] [planner_server]: Planning took 19 ms
[planner_server-4] [INFO] [1790986169.501119257] [planner_server]: Plan computed: 710 poses
[controller_node-5] [WARN] [1790986169.571027038] [controller_server]: path_copy succeeded.
[controller_node-5] [INFO] [1790986169.571302697] [controller_server]: Computed velocity commands: linear.x=-0.50, linear.y=-0.13, angular.z=0.00
[planner_server-4] [INFO] [1790986169.633442039] [planner_server]: Planning took 20 ms
[planner_server-4] [INFO] [1790986169.634925509] [planner_server]: Plan computed: 710 poses
[rviz2-9] [INFO] [1790986169.664647782] [rviz2]: Trying to create a map of size 80 x 67 using 1 swatches
[planner_server-4] [INFO] [1790986169.763747008] [planner_server]: Planning took 21 ms
[planner_server-4] [INFO] [1790986169.764268699] [planner_server]: Plan computed: 710 poses
[planner_server-4] [INFO] [1790986169.891171956] [planner_server]: Planning took 20 ms
[planner_server-4] [INFO] [1790986169.891600151] [planner_server]: Plan computed: 709 poses
[rviz2-9] [INFO] [1790986169.915432675] [rviz2]: Trying to create a map of size 80 x 68 using 1 swatches
[planner_server-4] [INFO] [1790986170.019875819] [planner_server]: Planning took 19 ms
[planner_server-4] [INFO] [1790986170.020301479] [planner_server]: Plan computed: 708 poses
[rviz2-9] [INFO] [1790986170.076476407] [rviz2]: Trying to create a map of size 80 x 69 using 1 swatches
[planner_server-4] [INFO] [1790986170.157520909] [planner_server]: Planning took 26 ms
[planner_server-4] [INFO] [1790986170.157962570] [planner_server]: Plan computed: 707 poses
[rviz2-9] [INFO] [1790986170.231968527] [rviz2]: Trying to create a map of size 80 x 70 using 1 swatches
[planner_server-4] [INFO] [1790986170.289555540] [planner_server]: Planning took 19 ms
[planner_server-4] [INFO] [1790986170.290238715] [planner_server]: Plan computed: 706 poses
[planner_server-4] [INFO] [1790986170.422228476] [planner_server]: Planning took 20 ms
[planner_server-4] [INFO] [1790986170.423227454] [planner_server]: Plan computed: 705 poses
[rviz2-9] [INFO] [1790986170.488070421] [rviz2]: Trying to create a map of size 80 x 71 using 1 swatches
[planner_server-4] [INFO] [1790986170.550632675] [planner_server]: Planning took 19 ms
[planner_server-4] [INFO] [1790986170.551159145] [planner_server]: Plan computed: 705 poses
[rviz2-9] [INFO] [1790986170.616250860] [rviz2]: Trying to create a map of size 80 x 72 using 1 swatches
[planner_server-4] [INFO] [1790986170.679593987] [planner_server]: Planning took 19 ms
[planner_server-4] [INFO] [1790986170.679952190] [planner_server]: Plan computed: 704 poses
[rviz2-9] [INFO] [1790986170.774962422] [rviz2]: Trying to create a map of size 80 x 73 using 1 swatches
[planner_server-4] [INFO] [1790986170.810711364] [planner_server]: Planning took 20 ms
[planner_server-4] [INFO] [1790986170.811793609] [planner_server]: Plan computed: 703 poses
[rviz2-9] [INFO] [1790986170.904740530] [rviz2]: Trying to create a map of size 80 x 74 using 1 swatches
[planner_server-4] [INFO] [1790986170.940219163] [planner_server]: Planning took 20 ms
[planner_server-4] [INFO] [1790986170.941049033] [planner_server]: Plan computed: 703 poses
[planner_server-4] [INFO] [1790986171.072922290] [planner_server]: Planning took 19 ms
[planner_server-4] [INFO] [1790986171.074398135] [planner_server]: Plan computed: 701 poses
[planner_server-4] [INFO] [1790986171.199067256] [planner_server]: Planning took 18 ms
[planner_server-4] [INFO] [1790986171.199453342] [planner_server]: Plan computed: 701 poses
[rviz2-9] [INFO] [1790986171.258868594] [rviz2]: Trying to create a map of size 80 x 75 using 1 swatches
[planner_server-4] [INFO] [1790986171.331269062] [planner_server]: Planning took 19 ms
[planner_server-4] [INFO] [1790986171.331642474] [planner_server]: Plan computed: 701 poses
[planner_server-4] [INFO] [1790986171.460419439] [planner_server]: Planning took 19 ms
[planner_server-4] [INFO] [1790986171.461340666] [planner_server]: Plan computed: 699 poses
[rviz2-9] [INFO] [1790986171.511703982] [rviz2]: Trying to create a map of size 80 x 77 using 1 swatches
[controller_node-5] [WARN] [1790986171.571871913] [controller_server]: path_copy succeeded.
[controller_node-5] [INFO] [1790986171.572113117] [controller_server]: Computed velocity commands: linear.x=-0.17, linear.y=0.73, angular.z=0.00
[planner_server-4] [INFO] [1790986171.591959810] [planner_server]: Planning took 20 ms
[planner_server-4] [INFO] [1790986171.592359521] [planner_server]: Plan computed: 699 poses
[rviz2-9] [INFO] [1790986171.640336826] [rviz2]: Trying to create a map of size 80 x 78 using 1 swatches
[planner_server-4] [INFO] [1790986171.724735715] [planner_server]: Planning took 23 ms
[planner_server-4] [INFO] [1790986171.725367523] [planner_server]: Plan computed: 698 poses
[rviz2-9] [INFO] [1790986171.768738044] [rviz2]: Trying to create a map of size 80 x 79 using 1 swatches
[planner_server-4] [INFO] [1790986171.851596958] [planner_server]: Planning took 20 ms
[planner_server-4] [INFO] [1790986171.852245056] [planner_server]: Plan computed: 697 poses
[rviz2-9] [INFO] [1790986171.896868143] [rviz2]: Trying to create a map of size 80 x 80 using 1 swatches
[planner_server-4] [INFO] [1790986171.980423235] [planner_server]: Planning took 18 ms
[planner_server-4] [INFO] [1790986171.981022182] [planner_server]: Plan computed: 697 poses
[planner_server-4] [INFO] [1790986172.113903004] [planner_server]: Planning took 21 ms
[planner_server-4] [INFO] [1790986172.114383487] [planner_server]: Plan computed: 696 poses
[planner_server-4] [INFO] [1790986172.241758576] [planner_server]: Planning took 20 ms
[planner_server-4] [INFO] [1790986172.242799123] [planner_server]: Plan computed: 695 poses
[planner_server-4] [INFO] [1790986172.373222684] [planner_server]: Planning took 20 ms
[planner_server-4] [INFO] [1790986172.373554208] [planner_server]: Plan computed: 694 poses
[planner_server-4] [INFO] [1790986172.499718731] [planner_server]: Planning took 19 ms
[planner_server-4] [INFO] [1790986172.500452540] [planner_server]: Plan computed: 694 poses
[planner_server-4] [INFO] [1790986172.631668191] [planner_server]: Planning took 21 ms
[planner_server-4] [INFO] [1790986172.632377064] [planner_server]: Plan computed: 693 poses
[planner_server-4] [INFO] [1790986172.762872350] [planner_server]: Planning took 22 ms
[planner_server-4] [INFO] [1790986172.763447021] [planner_server]: Plan computed: 692 poses
[planner_server-4] [INFO] [1790986172.893526616] [planner_server]: Planning took 23 ms
[planner_server-4] [INFO] [1790986172.894283128] [planner_server]: Plan computed: 692 poses
[planner_server-4] [INFO] [1790986173.024134082] [planner_server]: Planning took 23 ms
[planner_server-4] [INFO] [1790986173.024845460] [planner_server]: Plan computed: 691 poses
[planner_server-4] [INFO] [1790986173.153569656] [planner_server]: Planning took 19 ms
[planner_server-4] [INFO] [1790986173.154258642] [planner_server]: Plan computed: 690 poses
[planner_server-4] [INFO] [1790986173.281022080] [planner_server]: Planning took 20 ms
[planner_server-4] [INFO] [1790986173.281552558] [planner_server]: Plan computed: 688 poses
[planner_server-4] [INFO] [1790986173.411697476] [planner_server]: Planning took 20 ms
[planner_server-4] [INFO] [1790986173.412341346] [planner_server]: Plan computed: 688 poses
[planner_server-4] [INFO] [1790986173.539368290] [planner_server]: Planning took 18 ms
[planner_server-4] [INFO] [1790986173.539831872] [planner_server]: Plan computed: 686 poses
[controller_node-5] [WARN] [1790986173.590759499] [controller_server]: path_copy succeeded.
[controller_node-5] [INFO] [1790986173.591058411] [controller_server]: Computed velocity commands: linear.x=0.63, linear.y=-0.39, angular.z=0.00
[planner_server-4] [INFO] [1790986173.673311200] [planner_server]: Planning took 21 ms
[planner_server-4] [INFO] [1790986173.673834284] [planner_server]: Plan computed: 685 poses
[planner_server-4] [INFO] [1790986173.800372208] [planner_server]: Planning took 19 ms
[planner_server-4] [INFO] [1790986173.800876427] [planner_server]: Plan computed: 684 poses
[planner_server-4] [INFO] [1790986173.931427738] [planner_server]: Planning took 20 ms
[planner_server-4] [INFO] [1790986173.932080094] [planner_server]: Plan computed: 683 poses
[planner_server-4] [INFO] [1790986174.060481489] [planner_server]: Planning took 19 ms
[planner_server-4] [INFO] [1790986174.061515253] [planner_server]: Plan computed: 682 poses
[planner_server-4] [INFO] [1790986174.192201563] [planner_server]: Planning took 20 ms
[planner_server-4] [INFO] [1790986174.192934591] [planner_server]: Plan computed: 681 poses
[planner_server-4] [INFO] [1790986174.322999648] [planner_server]: Planning took 20 ms
[planner_server-4] [INFO] [1790986174.323999168] [planner_server]: Plan computed: 680 poses
[planner_server-4] [INFO] [1790986174.457421027] [planner_server]: Planning took 27 ms
[planner_server-4] [INFO] [1790986174.457863960] [planner_server]: Plan computed: 679 poses
[planner_server-4] [INFO] [1790986174.593712702] [planner_server]: Planning took 22 ms
[planner_server-4] [INFO] [1790986174.595123946] [planner_server]: Plan computed: 678 poses
[planner_server-4] [INFO] [1790986174.719956514] [planner_server]: Planning took 19 ms
[planner_server-4] [INFO] [1790986174.720428031] [planner_server]: Plan computed: 677 poses
[planner_server-4] [INFO] [1790986174.852520000] [planner_server]: Planning took 20 ms
[planner_server-4] [INFO] [1790986174.853006104] [planner_server]: Plan computed: 676 poses
[planner_server-4] [INFO] [1790986174.982748650] [planner_server]: Planning took 20 ms
[planner_server-4] [INFO] [1790986174.983167167] [planner_server]: Plan computed: 676 poses
[planner_server-4] [INFO] [1790986175.111397749] [planner_server]: Planning took 21 ms
[planner_server-4] [INFO] [1790986175.111831054] [planner_server]: Plan computed: 675 poses
[planner_server-4] [INFO] [1790986175.244074848] [planner_server]: Planning took 22 ms
[planner_server-4] [INFO] [1790986175.244697058] [planner_server]: Plan computed: 674 poses
[planner_server-4] [INFO] [1790986175.378305297] [planner_server]: Planning took 27 ms
[planner_server-4] [INFO] [1790986175.379004091] [planner_server]: Plan computed: 674 poses
[planner_server-4] [INFO] [1790986175.511623802] [planner_server]: Planning took 21 ms
[planner_server-4] [INFO] [1790986175.512290355] [planner_server]: Plan computed: 673 poses
[controller_node-5] [WARN] [1790986175.591390932] [controller_server]: path_copy succeeded.
[controller_node-5] [INFO] [1790986175.591968198] [controller_server]: Computed velocity commands: linear.x=0.38, linear.y=-0.23, angular.z=0.00
[planner_server-4] [INFO] [1790986175.646849112] [planner_server]: Planning took 24 ms
[planner_server-4] [INFO] [1790986175.647498984] [planner_server]: Plan computed: 672 poses
[planner_server-4] [INFO] [1790986175.772905402] [planner_server]: Planning took 20 ms
[planner_server-4] [INFO] [1790986175.773357923] [planner_server]: Plan computed: 672 poses
[planner_server-4] [INFO] [1790986175.899934070] [planner_server]: Planning took 19 ms
[planner_server-4] [INFO] [1790986175.900514130] [planner_server]: Plan computed: 672 poses
[planner_server-4] [INFO] [1790986176.034696299] [planner_server]: Planning took 23 ms
[planner_server-4] [INFO] [1790986176.035287491] [planner_server]: Plan computed: 671 poses
[planner_server-4] [INFO] [1790986176.163737100] [planner_server]: Planning took 22 ms
[planner_server-4] [INFO] [1790986176.164369500] [planner_server]: Plan computed: 670 poses
[planner_server-4] [INFO] [1790986176.294381462] [planner_server]: Planning took 21 ms
[planner_server-4] [INFO] [1790986176.295257610] [planner_server]: Plan computed: 670 poses
[planner_server-4] [INFO] [1790986176.420381831] [planner_server]: Planning took 19 ms
[planner_server-4] [INFO] [1790986176.420960740] [planner_server]: Plan computed: 670 poses
[planner_server-4] [INFO] [1790986176.550160991] [planner_server]: Planning took 19 ms
[planner_server-4] [INFO] [1790986176.550948382] [planner_server]: Plan computed: 669 poses
[planner_server-4] [INFO] [1790986176.684468526] [planner_server]: Planning took 22 ms
[planner_server-4] [INFO] [1790986176.685129338] [planner_server]: Plan computed: 669 poses
[planner_server-4] [INFO] [1790986176.809774083] [planner_server]: Planning took 18 ms
[planner_server-4] [INFO] [1790986176.810072544] [planner_server]: Plan computed: 667 poses
[planner_server-4] [INFO] [1790986176.942493712] [planner_server]: Planning took 20 ms
[planner_server-4] [INFO] [1790986176.943306259] [planner_server]: Plan computed: 666 poses
[planner_server-4] [INFO] [1790986177.072897506] [planner_server]: Planning took 19 ms
[planner_server-4] [INFO] [1790986177.073516390] [planner_server]: Plan computed: 665 poses
[planner_server-4] [INFO] [1790986177.198897570] [planner_server]: Planning took 18 ms
[planner_server-4] [INFO] [1790986177.200311003] [planner_server]: Plan computed: 665 poses
[planner_server-4] [INFO] [1790986177.330762230] [planner_server]: Planning took 20 ms
[planner_server-4] [INFO] [1790986177.332175719] [planner_server]: Plan computed: 665 poses
[planner_server-4] [INFO] [1790986177.469427690] [planner_server]: Planning took 27 ms
[planner_server-4] [INFO] [1790986177.470618389] [planner_server]: Plan computed: 665 poses
[controller_node-5] [WARN] [1790986177.592098063] [controller_server]: path_copy succeeded.
[controller_node-5] [INFO] [1790986177.592432642] [controller_server]: Computed velocity commands: linear.x=0.15, linear.y=-0.39, angular.z=0.00
[planner_server-4] [INFO] [1790986177.605260101] [planner_server]: Planning took 20 ms
[planner_server-4] [INFO] [1790986177.606181093] [planner_server]: Plan computed: 663 poses
[planner_server-4] [INFO] [1790986177.728514462] [planner_server]: Planning took 18 ms
[planner_server-4] [INFO] [1790986177.728852007] [planner_server]: Plan computed: 663 poses
[planner_server-4] [INFO] [1790986177.863409171] [planner_server]: Planning took 22 ms
[planner_server-4] [INFO] [1790986177.863829582] [planner_server]: Plan computed: 662 poses
[planner_server-4] [INFO] [1790986177.994579196] [planner_server]: Planning took 23 ms
[planner_server-4] [INFO] [1790986177.995013232] [planner_server]: Plan computed: 662 poses
[planner_server-4] [INFO] [1790986178.120499860] [planner_server]: Planning took 19 ms
[planner_server-4] [INFO] [1790986178.121398610] [planner_server]: Plan computed: 661 poses
[planner_server-4] [INFO] [1790986178.254737083] [planner_server]: Planning took 20 ms
[planner_server-4] [INFO] [1790986178.255545182] [planner_server]: Plan computed: 660 poses
[planner_server-4] [INFO] [1790986178.380875642] [planner_server]: Planning took 20 ms
[planner_server-4] [INFO] [1790986178.381514733] [planner_server]: Plan computed: 660 poses
[planner_server-4] [INFO] [1790986178.511782296] [planner_server]: Planning took 20 ms
[planner_server-4] [INFO] [1790986178.513308436] [planner_server]: Plan computed: 659 poses
[planner_server-4] [INFO] [1790986178.642207521] [planner_server]: Planning took 21 ms
[planner_server-4] [INFO] [1790986178.642686301] [planner_server]: Plan computed: 658 poses
[planner_server-4] [INFO] [1790986178.780861759] [planner_server]: Planning took 26 ms
[planner_server-4] [INFO] [1790986178.781891104] [planner_server]: Plan computed: 657 poses
[planner_server-4] [INFO] [1790986178.911477216] [planner_server]: Planning took 19 ms
[planner_server-4] [INFO] [1790986178.911972827] [planner_server]: Plan computed: 657 poses
[planner_server-4] [INFO] [1790986179.041166320] [planner_server]: Planning took 20 ms
[planner_server-4] [INFO] [1790986179.041858021] [planner_server]: Plan computed: 656 poses
[planner_server-4] [INFO] [1790986179.171592086] [planner_server]: Planning took 20 ms
[planner_server-4] [INFO] [1790986179.172255604] [planner_server]: Plan computed: 655 poses
[planner_server-4] [INFO] [1790986179.303897616] [planner_server]: Planning took 20 ms
[planner_server-4] [INFO] [1790986179.305168646] [planner_server]: Plan computed: 655 poses
[planner_server-4] [INFO] [1790986179.433511135] [planner_server]: Planning took 21 ms
[planner_server-4] [INFO] [1790986179.434354010] [planner_server]: Plan computed: 654 poses
[planner_server-4] [INFO] [1790986179.561141794] [planner_server]: Planning took 21 ms
[planner_server-4] [INFO] [1790986179.562469641] [planner_server]: Plan computed: 654 poses
[controller_node-5] [WARN] [1790986179.610786327] [controller_server]: path_copy succeeded.
[controller_node-5] [INFO] [1790986179.611064631] [controller_server]: Computed velocity commands: linear.x=-0.22, linear.y=-0.28, angular.z=0.00
[planner_server-4] [INFO] [1790986179.692989052] [planner_server]: Planning took 20 ms
[planner_server-4] [INFO] [1790986179.693498240] [planner_server]: Plan computed: 653 poses
[planner_server-4] [INFO] [1790986179.824258063] [planner_server]: Planning took 24 ms
[planner_server-4] [INFO] [1790986179.825080410] [planner_server]: Plan computed: 653 poses
[planner_server-4] [INFO] [1790986179.954768182] [planner_server]: Planning took 20 ms
[planner_server-4] [INFO] [1790986179.955471615] [planner_server]: Plan computed: 652 poses
[planner_server-4] [INFO] [1790986180.095918627] [planner_server]: Planning took 24 ms
[planner_server-4] [INFO] [1790986180.096804372] [planner_server]: Plan computed: 651 poses
[planner_server-4] [INFO] [1790986180.222198308] [planner_server]: Planning took 20 ms
[planner_server-4] [INFO] [1790986180.223472625] [planner_server]: Plan computed: 651 poses
[planner_server-4] [INFO] [1790986180.355517755] [planner_server]: Planning took 19 ms
[planner_server-4] [INFO] [1790986180.355892580] [planner_server]: Plan computed: 650 poses
[planner_server-4] [INFO] [1790986180.481136611] [planner_server]: Planning took 19 ms
[planner_server-4] [INFO] [1790986180.482361855] [planner_server]: Plan computed: 649 poses
[planner_server-4] [INFO] [1790986180.609941329] [planner_server]: Planning took 19 ms
[planner_server-4] [INFO] [1790986180.610535957] [planner_server]: Plan computed: 648 poses
[planner_server-4] [INFO] [1790986180.743229978] [planner_server]: Planning took 19 ms
[planner_server-4] [INFO] [1790986180.743946595] [planner_server]: Plan computed: 648 poses
[planner_server-4] [INFO] [1790986180.870656373] [planner_server]: Planning took 19 ms
[planner_server-4] [INFO] [1790986180.871538662] [planner_server]: Plan computed: 647 poses
[planner_server-4] [INFO] [1790986181.001537024] [planner_server]: Planning took 21 ms
[planner_server-4] [INFO] [1790986181.002285592] [planner_server]: Plan computed: 646 poses
[planner_server-4] [INFO] [1790986181.133241404] [planner_server]: Planning took 19 ms
[planner_server-4] [INFO] [1790986181.133741935] [planner_server]: Plan computed: 646 poses
[planner_server-4] [INFO] [1790986181.264943108] [planner_server]: Planning took 23 ms
[planner_server-4] [INFO] [1790986181.265779291] [planner_server]: Plan computed: 646 poses
[planner_server-4] [INFO] [1790986181.392386506] [planner_server]: Planning took 18 ms
[planner_server-4] [INFO] [1790986181.393014126] [planner_server]: Plan computed: 645 poses
[planner_server-4] [INFO] [1790986181.521455385] [planner_server]: Planning took 20 ms
[planner_server-4] [INFO] [1790986181.521860487] [planner_server]: Plan computed: 645 poses
[controller_node-5] [WARN] [1790986181.610829714] [controller_server]: path_copy succeeded.
[controller_node-5] [INFO] [1790986181.611171537] [controller_server]: Computed velocity commands: linear.x=-0.42, linear.y=0.13, angular.z=0.00
[planner_server-4] [INFO] [1790986181.649497713] [planner_server]: Planning took 19 ms
[planner_server-4] [INFO] [1790986181.650169346] [planner_server]: Plan computed: 644 poses
[planner_server-4] [INFO] [1790986181.786456128] [planner_server]: Planning took 26 ms
[planner_server-4] [INFO] [1790986181.787181471] [planner_server]: Plan computed: 643 poses
[planner_server-4] [INFO] [1790986181.913044798] [planner_server]: Planning took 21 ms
[planner_server-4] [INFO] [1790986181.914274941] [planner_server]: Plan computed: 643 poses
[planner_server-4] [INFO] [1790986182.041305327] [planner_server]: Planning took 21 ms
[planner_server-4] [INFO] [1790986182.042345914] [planner_server]: Plan computed: 642 poses
[planner_server-4] [INFO] [1790986182.176327064] [planner_server]: Planning took 24 ms
[planner_server-4] [INFO] [1790986182.177257073] [planner_server]: Plan computed: 642 poses
[planner_server-4] [INFO] [1790986182.300663715] [planner_server]: Planning took 20 ms
[planner_server-4] [INFO] [1790986182.301261729] [planner_server]: Plan computed: 641 poses
[planner_server-4] [INFO] [1790986182.431009274] [planner_server]: Planning took 19 ms
[planner_server-4] [INFO] [1790986182.431471954] [planner_server]: Plan computed: 641 poses
[planner_server-4] [INFO] [1790986182.562668825] [planner_server]: Planning took 20 ms
[planner_server-4] [INFO] [1790986182.563283510] [planner_server]: Plan computed: 640 poses
[planner_server-4] [INFO] [1790986182.691073270] [planner_server]: Planning took 19 ms
[planner_server-4] [INFO] [1790986182.692273872] [planner_server]: Plan computed: 639 poses
[planner_server-4] [INFO] [1790986182.820923618] [planner_server]: Planning took 19 ms
[planner_server-4] [INFO] [1790986182.821732363] [planner_server]: Plan computed: 639 poses
[planner_server-4] [INFO] [1790986182.955382677] [planner_server]: Planning took 21 ms
[planner_server-4] [INFO] [1790986182.956304911] [planner_server]: Plan computed: 639 poses
[planner_server-4] [INFO] [1790986183.082734262] [planner_server]: Planning took 21 ms
[planner_server-4] [INFO] [1790986183.083332668] [planner_server]: Plan computed: 637 poses
[planner_server-4] [INFO] [1790986183.215135241] [planner_server]: Planning took 21 ms
[planner_server-4] [INFO] [1790986183.215668674] [planner_server]: Plan computed: 637 poses
[planner_server-4] [INFO] [1790986183.343677445] [planner_server]: Planning took 22 ms
[planner_server-4] [INFO] [1790986183.344724985] [planner_server]: Plan computed: 636 poses
[planner_server-4] [INFO] [1790986183.474472225] [planner_server]: Planning took 23 ms
[planner_server-4] [INFO] [1790986183.475206585] [planner_server]: Plan computed: 635 poses
[planner_server-4] [INFO] [1790986183.606244031] [planner_server]: Planning took 25 ms
[planner_server-4] [INFO] [1790986183.607173759] [planner_server]: Plan computed: 635 poses
[controller_node-5] [WARN] [1790986183.611183819] [controller_server]: path_copy succeeded.
[controller_node-5] [INFO] [1790986183.611443898] [controller_server]: Computed velocity commands: linear.x=-0.13, linear.y=0.52, angular.z=0.00
[planner_server-4] [INFO] [1790986183.732091858] [planner_server]: Planning took 20 ms
[planner_server-4] [INFO] [1790986183.732644677] [planner_server]: Plan computed: 634 poses
[planner_server-4] [INFO] [1790986183.862303721] [planner_server]: Planning took 20 ms
[planner_server-4] [INFO] [1790986183.862804222] [planner_server]: Plan computed: 634 poses
[planner_server-4] [INFO] [1790986183.991921758] [planner_server]: Planning took 21 ms
[planner_server-4] [INFO] [1790986183.992412621] [planner_server]: Plan computed: 633 poses
[planner_server-4] [INFO] [1790986184.120732872] [planner_server]: Planning took 19 ms
[planner_server-4] [INFO] [1790986184.121281344] [planner_server]: Plan computed: 632 poses
[planner_server-4] [INFO] [1790986184.250407259] [planner_server]: Planning took 19 ms
[planner_server-4] [INFO] [1790986184.250947235] [planner_server]: Plan computed: 632 poses
[planner_server-4] [INFO] [1790986184.384437878] [planner_server]: Planning took 23 ms
[planner_server-4] [INFO] [1790986184.385073844] [planner_server]: Plan computed: 630 poses
[planner_server-4] [INFO] [1790986184.513488633] [planner_server]: Planning took 20 ms
[planner_server-4] [INFO] [1790986184.514115051] [planner_server]: Plan computed: 630 poses
[planner_server-4] [INFO] [1790986184.640903627] [planner_server]: Planning took 20 ms
[planner_server-4] [INFO] [1790986184.641911392] [planner_server]: Plan computed: 629 poses
[planner_server-4] [INFO] [1790986184.782678092] [planner_server]: Planning took 27 ms
[planner_server-4] [INFO] [1790986184.783700906] [planner_server]: Plan computed: 628 poses
[planner_server-4] [INFO] [1790986184.910382962] [planner_server]: Planning took 20 ms
[planner_server-4] [INFO] [1790986184.910737909] [planner_server]: Plan computed: 627 poses
[planner_server-4] [INFO] [1790986185.041401091] [planner_server]: Planning took 18 ms
[planner_server-4] [INFO] [1790986185.042437870] [planner_server]: Plan computed: 627 poses
[planner_server-4] [INFO] [1790986185.169369546] [planner_server]: Planning took 19 ms
[planner_server-4] [INFO] [1790986185.170200538] [planner_server]: Plan computed: 627 poses
[planner_server-4] [INFO] [1790986185.302892074] [planner_server]: Planning took 21 ms
[planner_server-4] [INFO] [1790986185.303648406] [planner_server]: Plan computed: 625 poses
[planner_server-4] [INFO] [1790986185.432064380] [planner_server]: Planning took 18 ms
[planner_server-4] [INFO] [1790986185.432685197] [planner_server]: Plan computed: 624 poses
[planner_server-4] [INFO] [1790986185.560993519] [planner_server]: Planning took 19 ms
[planner_server-4] [INFO] [1790986185.562081454] [planner_server]: Plan computed: 624 poses
[controller_node-5] [WARN] [1790986185.630716757] [controller_server]: path_copy succeeded.
[controller_node-5] [INFO] [1790986185.631135665] [controller_server]: Computed velocity commands: linear.x=0.11, linear.y=-0.14, angular.z=0.00
[planner_server-4] [INFO] [1790986185.688494770] [planner_server]: Planning took 18 ms
[planner_server-4] [INFO] [1790986185.688881076] [planner_server]: Plan computed: 623 poses
[planner_server-4] [INFO] [1790986185.814473633] [planner_server]: Planning took 20 ms
[planner_server-4] [INFO] [1790986185.815180282] [planner_server]: Plan computed: 620 poses
[planner_server-4] [INFO] [1790986185.938837580] [planner_server]: Planning took 18 ms
[planner_server-4] [INFO] [1790986185.939334284] [planner_server]: Plan computed: 621 poses
[planner_server-4] [INFO] [1790986186.071390135] [planner_server]: Planning took 20 ms
[planner_server-4] [INFO] [1790986186.071850461] [planner_server]: Plan computed: 620 poses
[planner_server-4] [INFO] [1790986186.201800040] [planner_server]: Planning took 19 ms
[planner_server-4] [INFO] [1790986186.202249075] [planner_server]: Plan computed: 621 poses
[planner_server-4] [INFO] [1790986186.334372773] [planner_server]: Planning took 22 ms
[planner_server-4] [INFO] [1790986186.334974735] [planner_server]: Plan computed: 620 poses
[planner_server-4] [INFO] [1790986186.465703620] [planner_server]: Planning took 23 ms
[planner_server-4] [INFO] [1790986186.466479679] [planner_server]: Plan computed: 620 poses
[planner_server-4] [INFO] [1790986186.592445118] [planner_server]: Planning took 20 ms
[planner_server-4] [INFO] [1790986186.593415192] [planner_server]: Plan computed: 619 poses
[planner_server-4] [INFO] [1790986186.719397622] [planner_server]: Planning took 18 ms
[planner_server-4] [INFO] [1790986186.719907641] [planner_server]: Plan computed: 620 poses
[planner_server-4] [INFO] [1790986186.855657016] [planner_server]: Planning took 20 ms
[planner_server-4] [INFO] [1790986186.856265931] [planner_server]: Plan computed: 618 poses
[planner_server-4] [INFO] [1790986186.979344291] [planner_server]: Planning took 18 ms
[planner_server-4] [INFO] [1790986186.979757388] [planner_server]: Plan computed: 618 poses
[planner_server-4] [INFO] [1790986187.113455094] [planner_server]: Planning took 23 ms
[planner_server-4] [INFO] [1790986187.116649931] [planner_server]: Plan computed: 616 poses
[planner_server-4] [INFO] [1790986187.239873225] [planner_server]: Planning took 19 ms
[planner_server-4] [INFO] [1790986187.240548956] [planner_server]: Plan computed: 615 poses
[planner_server-4] [INFO] [1790986187.368709853] [planner_server]: Planning took 17 ms
[planner_server-4] [INFO] [1790986187.369018152] [planner_server]: Plan computed: 615 poses
[planner_server-4] [INFO] [1790986187.502631612] [planner_server]: Planning took 19 ms
[planner_server-4] [INFO] [1790986187.503644547] [planner_server]: Plan computed: 615 poses
[planner_server-4] [INFO] [1790986187.628234969] [planner_server]: Planning took 18 ms
[planner_server-4] [INFO] [1790986187.628725381] [planner_server]: Plan computed: 614 poses
[controller_node-5] [WARN] [1790986187.651404215] [controller_server]: path_copy succeeded.
[controller_node-5] [INFO] [1790986187.651812282] [controller_server]: Computed velocity commands: linear.x=-0.52, linear.y=-0.27, angular.z=0.00
[planner_server-4] [INFO] [1790986187.766446655] [planner_server]: Planning took 23 ms
[planner_server-4] [INFO] [1790986187.767224518] [planner_server]: Plan computed: 612 poses
[planner_server-4] [INFO] [1790986187.900603766] [planner_server]: Planning took 19 ms
[planner_server-4] [INFO] [1790986187.901466729] [planner_server]: Plan computed: 611 poses
[planner_server-4] [INFO] [1790986188.031752206] [planner_server]: Planning took 20 ms
[planner_server-4] [INFO] [1790986188.032357434] [planner_server]: Plan computed: 611 poses
[planner_server-4] [INFO] [1790986188.160448885] [planner_server]: Planning took 19 ms
[planner_server-4] [INFO] [1790986188.161447513] [planner_server]: Plan computed: 610 poses
[planner_server-4] [INFO] [1790986188.289399958] [planner_server]: Planning took 17 ms
[planner_server-4] [INFO] [1790986188.289769793] [planner_server]: Plan computed: 610 poses
[planner_server-4] [INFO] [1790986188.420395814] [planner_server]: Planning took 18 ms
[planner_server-4] [INFO] [1790986188.421257495] [planner_server]: Plan computed: 609 poses
[planner_server-4] [INFO] [1790986188.551481791] [planner_server]: Planning took 19 ms
[planner_server-4] [INFO] [1790986188.552285512] [planner_server]: Plan computed: 609 poses
[planner_server-4] [INFO] [1790986188.680223180] [planner_server]: Planning took 17 ms
[planner_server-4] [INFO] [1790986188.680792821] [planner_server]: Plan computed: 608 poses
[planner_server-4] [INFO] [1790986188.813481110] [planner_server]: Planning took 22 ms
[planner_server-4] [INFO] [1790986188.815107578] [planner_server]: Plan computed: 606 poses
[planner_server-4] [INFO] [1790986188.938710394] [planner_server]: Planning took 17 ms
[planner_server-4] [INFO] [1790986188.939275968] [planner_server]: Plan computed: 605 poses
[planner_server-4] [INFO] [1790986189.071928119] [planner_server]: Planning took 21 ms
[planner_server-4] [INFO] [1790986189.072725689] [planner_server]: Plan computed: 605 poses
[planner_server-4] [INFO] [1790986189.202679151] [planner_server]: Planning took 20 ms
[planner_server-4] [INFO] [1790986189.203418481] [planner_server]: Plan computed: 604 poses
[planner_server-4] [INFO] [1790986189.336276114] [planner_server]: Planning took 24 ms
[planner_server-4] [INFO] [1790986189.337355714] [planner_server]: Plan computed: 603 poses
[planner_server-4] [INFO] [1790986189.472819859] [planner_server]: Planning took 19 ms
[planner_server-4] [INFO] [1790986189.474108241] [planner_server]: Plan computed: 603 poses
[planner_server-4] [INFO] [1790986189.606986463] [planner_server]: Planning took 24 ms
[planner_server-4] [INFO] [1790986189.608096190] [planner_server]: Plan computed: 603 poses
[controller_node-5] [WARN] [1790986189.671592745] [controller_server]: path_copy succeeded.
[controller_node-5] [INFO] [1790986189.672250853] [controller_server]: Computed velocity commands: linear.x=-0.28, linear.y=-0.18, angular.z=0.00
[planner_server-4] [INFO] [1790986189.742333933] [planner_server]: Planning took 20 ms
[planner_server-4] [INFO] [1790986189.744307985] [planner_server]: Plan computed: 602 poses
[planner_server-4] [INFO] [1790986189.871774876] [planner_server]: Planning took 18 ms
[planner_server-4] [INFO] [1790986189.872765589] [planner_server]: Plan computed: 601 poses
[planner_server-4] [INFO] [1790986190.002570687] [planner_server]: Planning took 22 ms
[planner_server-4] [INFO] [1790986190.003505776] [planner_server]: Plan computed: 601 poses
[planner_server-4] [INFO] [1790986190.132900132] [planner_server]: Planning took 22 ms
[planner_server-4] [INFO] [1790986190.133643179] [planner_server]: Plan computed: 600 poses
[planner_server-4] [INFO] [1790986190.261984876] [planner_server]: Planning took 18 ms
[planner_server-4] [INFO] [1790986190.263127985] [planner_server]: Plan computed: 600 poses
[planner_server-4] [INFO] [1790986190.390292037] [planner_server]: Planning took 19 ms
[planner_server-4] [INFO] [1790986190.390596620] [planner_server]: Plan computed: 600 poses
[planner_server-4] [INFO] [1790986190.519637331] [planner_server]: Planning took 18 ms
[planner_server-4] [INFO] [1790986190.520897090] [planner_server]: Plan computed: 599 poses
[planner_server-4] [INFO] [1790986190.649428443] [planner_server]: Planning took 19 ms
[planner_server-4] [INFO] [1790986190.650621316] [planner_server]: Plan computed: 598 poses
[planner_server-4] [INFO] [1790986190.785166993] [planner_server]: Planning took 20 ms
[planner_server-4] [INFO] [1790986190.786204664] [planner_server]: Plan computed: 598 poses
[planner_server-4] [INFO] [1790986190.909825048] [planner_server]: Planning took 19 ms
[planner_server-4] [INFO] [1790986190.910135281] [planner_server]: Plan computed: 597 poses
[planner_server-4] [INFO] [1790986191.039863074] [planner_server]: Planning took 19 ms
[planner_server-4] [INFO] [1790986191.041064844] [planner_server]: Plan computed: 597 poses
[planner_server-4] [INFO] [1790986191.169964760] [planner_server]: Planning took 18 ms
[planner_server-4] [INFO] [1790986191.171273822] [planner_server]: Plan computed: 597 poses
[planner_server-4] [INFO] [1790986191.302489292] [planner_server]: Planning took 21 ms
[planner_server-4] [INFO] [1790986191.303137831] [planner_server]: Plan computed: 596 poses
[planner_server-4] [INFO] [1790986191.431180686] [planner_server]: Planning took 18 ms
[planner_server-4] [INFO] [1790986191.432675186] [planner_server]: Plan computed: 596 poses
[planner_server-4] [INFO] [1790986191.560288679] [planner_server]: Planning took 18 ms
[planner_server-4] [INFO] [1790986191.560755456] [planner_server]: Plan computed: 596 poses
[planner_server-4] [INFO] [1790986191.689508120] [planner_server]: Planning took 17 ms
[planner_server-4] [INFO] [1790986191.690432699] [planner_server]: Plan computed: 594 poses
[controller_node-5] [WARN] [1790986191.690879860] [controller_server]: path_copy succeeded.
[controller_node-5] [INFO] [1790986191.691068505] [controller_server]: Computed velocity commands: linear.x=-0.24, linear.y=0.05, angular.z=0.00
[planner_server-4] [INFO] [1790986191.822065604] [planner_server]: Planning took 21 ms
[planner_server-4] [INFO] [1790986191.823164520] [planner_server]: Plan computed: 593 poses
[planner_server-4] [INFO] [1790986191.949327029] [planner_server]: Planning took 17 ms
[planner_server-4] [INFO] [1790986191.949800589] [planner_server]: Plan computed: 592 poses
[planner_server-4] [INFO] [1790986192.082513343] [planner_server]: Planning took 21 ms
[planner_server-4] [INFO] [1790986192.084980522] [planner_server]: Plan computed: 592 poses
[planner_server-4] [INFO] [1790986192.214977922] [planner_server]: Planning took 23 ms
[planner_server-4] [INFO] [1790986192.215655496] [planner_server]: Plan computed: 592 poses
[planner_server-4] [INFO] [1790986192.342452019] [planner_server]: Planning took 18 ms
[planner_server-4] [INFO] [1790986192.343146665] [planner_server]: Plan computed: 590 poses
[planner_server-4] [INFO] [1790986192.470200741] [planner_server]: Planning took 17 ms
[planner_server-4] [INFO] [1790986192.470446684] [planner_server]: Plan computed: 590 poses
[planner_server-4] [INFO] [1790986192.602517923] [planner_server]: Planning took 19 ms
[planner_server-4] [INFO] [1790986192.604088546] [planner_server]: Plan computed: 589 poses
[planner_server-4] [INFO] [1790986192.729623575] [planner_server]: Planning took 19 ms
[planner_server-4] [INFO] [1790986192.730225527] [planner_server]: Plan computed: 589 poses
[planner_server-4] [INFO] [1790986192.857903907] [planner_server]: Planning took 16 ms
[planner_server-4] [INFO] [1790986192.858597130] [planner_server]: Plan computed: 589 poses
[planner_server-4] [INFO] [1790986192.990597406] [planner_server]: Planning took 17 ms
[planner_server-4] [INFO] [1790986192.991681495] [planner_server]: Plan computed: 588 poses
[planner_server-4] [INFO] [1790986193.118023972] [planner_server]: Planning took 17 ms
[planner_server-4] [INFO] [1790986193.118640802] [planner_server]: Plan computed: 587 poses
[planner_server-4] [INFO] [1790986193.250601463] [planner_server]: Planning took 18 ms
[planner_server-4] [INFO] [1790986193.250993259] [planner_server]: Plan computed: 587 poses
[planner_server-4] [INFO] [1790986193.378647203] [planner_server]: Planning took 18 ms
[planner_server-4] [INFO] [1790986193.379490578] [planner_server]: Plan computed: 586 poses
[planner_server-4] [INFO] [1790986193.510540658] [planner_server]: Planning took 17 ms
[planner_server-4] [INFO] [1790986193.511081595] [planner_server]: Plan computed: 585 poses
[planner_server-4] [INFO] [1790986193.639826334] [planner_server]: Planning took 19 ms
[planner_server-4] [INFO] [1790986193.640483530] [planner_server]: Plan computed: 584 poses
[controller_node-5] [INFO] [1790986193.691307562] [controller_server]: Computed velocity commands: linear.x=-0.62, linear.y=0.28, angular.z=0.00
[controller_node-5] [WARN] [1790986193.710730704] [controller_server]: path_copy succeeded.
[planner_server-4] [INFO] [1790986193.772773744] [planner_server]: Planning took 21 ms
[planner_server-4] [INFO] [1790986193.773533352] [planner_server]: Plan computed: 584 poses
[planner_server-4] [INFO] [1790986193.902396422] [planner_server]: Planning took 19 ms
[planner_server-4] [INFO] [1790986193.903219720] [planner_server]: Plan computed: 583 poses
[planner_server-4] [INFO] [1790986194.029231274] [planner_server]: Planning took 18 ms
[planner_server-4] [INFO] [1790986194.029913627] [planner_server]: Plan computed: 582 poses
[planner_server-4] [INFO] [1790986194.158568012] [planner_server]: Planning took 18 ms
[planner_server-4] [INFO] [1790986194.159323022] [planner_server]: Plan computed: 581 poses
[planner_server-4] [INFO] [1790986194.296262009] [planner_server]: Planning took 23 ms
[planner_server-4] [INFO] [1790986194.297644789] [planner_server]: Plan computed: 581 poses
[planner_server-4] [INFO] [1790986194.418726630] [planner_server]: Planning took 17 ms
[planner_server-4] [INFO] [1790986194.419396259] [planner_server]: Plan computed: 580 poses
[planner_server-4] [INFO] [1790986194.558819873] [planner_server]: Planning took 26 ms
[planner_server-4] [INFO] [1790986194.559488240] [planner_server]: Plan computed: 579 poses
[planner_server-4] [INFO] [1790986194.700150584] [planner_server]: Planning took 26 ms
[planner_server-4] [INFO] [1790986194.701320002] [planner_server]: Plan computed: 578 poses
[planner_server-4] [INFO] [1790986194.829450101] [planner_server]: Planning took 18 ms
[planner_server-4] [INFO] [1790986194.829804277] [planner_server]: Plan computed: 577 poses
[planner_server-4] [INFO] [1790986194.960195788] [planner_server]: Planning took 17 ms
[planner_server-4] [INFO] [1790986194.960596291] [planner_server]: Plan computed: 576 poses
[planner_server-4] [INFO] [1790986195.088650607] [planner_server]: Planning took 18 ms
[planner_server-4] [INFO] [1790986195.089571719] [planner_server]: Plan computed: 575 poses
[planner_server-4] [INFO] [1790986195.221855227] [planner_server]: Planning took 18 ms
[planner_server-4] [INFO] [1790986195.222805344] [planner_server]: Plan computed: 575 poses
[planner_server-4] [INFO] [1790986195.348982601] [planner_server]: Planning took 18 ms
[planner_server-4] [INFO] [1790986195.349433378] [planner_server]: Plan computed: 574 poses
[planner_server-4] [INFO] [1790986195.479929080] [planner_server]: Planning took 18 ms
[planner_server-4] [INFO] [1790986195.480795389] [planner_server]: Plan computed: 573 poses
[planner_server-4] [INFO] [1790986195.608931283] [planner_server]: Planning took 17 ms
[planner_server-4] [INFO] [1790986195.609737269] [planner_server]: Plan computed: 571 poses
[controller_node-5] [WARN] [1790986195.710847280] [controller_server]: path_copy succeeded.
[controller_node-5] [INFO] [1790986195.711056935] [controller_server]: Computed velocity commands: linear.x=-0.49, linear.y=0.56, angular.z=0.00
[planner_server-4] [INFO] [1790986195.740013934] [planner_server]: Planning took 19 ms
[planner_server-4] [INFO] [1790986195.741063367] [planner_server]: Plan computed: 571 poses
[planner_server-4] [INFO] [1790986195.867204045] [planner_server]: Planning took 16 ms
[planner_server-4] [INFO] [1790986195.867805335] [planner_server]: Plan computed: 571 poses
[planner_server-4] [INFO] [1790986195.988618717] [planner_server]: Planning took 17 ms
[planner_server-4] [INFO] [1790986195.989091706] [planner_server]: Plan computed: 571 poses
[planner_server-4] [INFO] [1790986196.120330800] [planner_server]: Planning took 18 ms
[planner_server-4] [INFO] [1790986196.121002864] [planner_server]: Plan computed: 570 poses
[planner_server-4] [INFO] [1790986196.248319483] [planner_server]: Planning took 17 ms
[planner_server-4] [INFO] [1790986196.249031933] [planner_server]: Plan computed: 570 poses
[planner_server-4] [INFO] [1790986196.381964321] [planner_server]: Planning took 18 ms
[planner_server-4] [INFO] [1790986196.382375715] [planner_server]: Plan computed: 569 poses
[planner_server-4] [INFO] [1790986196.511319604] [planner_server]: Planning took 20 ms
[planner_server-4] [INFO] [1790986196.511793575] [planner_server]: Plan computed: 569 poses
[planner_server-4] [INFO] [1790986196.638973126] [planner_server]: Planning took 17 ms
[planner_server-4] [INFO] [1790986196.639738165] [planner_server]: Plan computed: 568 poses
[planner_server-4] [INFO] [1790986196.771758328] [planner_server]: Planning took 18 ms
[planner_server-4] [INFO] [1790986196.772461405] [planner_server]: Plan computed: 567 poses
[planner_server-4] [INFO] [1790986196.898105279] [planner_server]: Planning took 16 ms
[planner_server-4] [INFO] [1790986196.898989241] [planner_server]: Plan computed: 566 poses
[planner_server-4] [INFO] [1790986197.029008442] [planner_server]: Planning took 17 ms
[planner_server-4] [INFO] [1790986197.029765114] [planner_server]: Plan computed: 566 poses
[planner_server-4] [INFO] [1790986197.165125714] [planner_server]: Planning took 20 ms
[planner_server-4] [INFO] [1790986197.165694954] [planner_server]: Plan computed: 565 poses
[planner_server-4] [INFO] [1790986197.288538187] [planner_server]: Planning took 16 ms
[planner_server-4] [INFO] [1790986197.288964037] [planner_server]: Plan computed: 564 poses
[planner_server-4] [INFO] [1790986197.422950783] [planner_server]: Planning took 18 ms
[planner_server-4] [INFO] [1790986197.424083042] [planner_server]: Plan computed: 564 poses
[planner_server-4] [INFO] [1790986197.549988428] [planner_server]: Planning took 18 ms
[planner_server-4] [INFO] [1790986197.550312588] [planner_server]: Plan computed: 564 poses
[planner_server-4] [INFO] [1790986197.679671276] [planner_server]: Planning took 18 ms
[planner_server-4] [INFO] [1790986197.680349932] [planner_server]: Plan computed: 563 poses
[controller_node-5] [WARN] [1790986197.730924300] [controller_server]: path_copy succeeded.
[controller_node-5] [INFO] [1790986197.731265161] [controller_server]: Computed velocity commands: linear.x=-0.09, linear.y=0.39, angular.z=0.00
[planner_server-4] [INFO] [1790986197.812018344] [planner_server]: Planning took 16 ms
[planner_server-4] [INFO] [1790986197.812726255] [planner_server]: Plan computed: 562 poses
[planner_server-4] [INFO] [1790986197.938209327] [planner_server]: Planning took 18 ms
[planner_server-4] [INFO] [1790986197.938579122] [planner_server]: Plan computed: 562 poses
[planner_server-4] [INFO] [1790986198.069385253] [planner_server]: Planning took 17 ms
[planner_server-4] [INFO] [1790986198.074127680] [planner_server]: Plan computed: 561 poses
[planner_server-4] [INFO] [1790986198.200003139] [planner_server]: Planning took 18 ms
[planner_server-4] [INFO] [1790986198.200541722] [planner_server]: Plan computed: 561 poses
[planner_server-4] [INFO] [1790986198.326771898] [planner_server]: Planning took 16 ms
[planner_server-4] [INFO] [1790986198.327673162] [planner_server]: Plan computed: 560 poses
[planner_server-4] [INFO] [1790986198.448751321] [planner_server]: Planning took 17 ms
[planner_server-4] [INFO] [1790986198.449720453] [planner_server]: Plan computed: 560 poses
[planner_server-4] [INFO] [1790986198.582700196] [planner_server]: Planning took 20 ms
[planner_server-4] [INFO] [1790986198.583783994] [planner_server]: Plan computed: 559 poses
[planner_server-4] [INFO] [1790986198.709059815] [planner_server]: Planning took 18 ms
[planner_server-4] [INFO] [1790986198.709432806] [planner_server]: Plan computed: 558 poses
[planner_server-4] [INFO] [1790986198.840403892] [planner_server]: Planning took 18 ms
[planner_server-4] [INFO] [1790986198.840927006] [planner_server]: Plan computed: 558 poses
[planner_server-4] [INFO] [1790986198.974639231] [planner_server]: Planning took 21 ms
[planner_server-4] [INFO] [1790986198.975997695] [planner_server]: Plan computed: 557 poses
[planner_server-4] [INFO] [1790986199.099160102] [planner_server]: Planning took 17 ms
[planner_server-4] [INFO] [1790986199.099998439] [planner_server]: Plan computed: 556 poses
[planner_server-4] [INFO] [1790986199.230843843] [planner_server]: Planning took 17 ms
[planner_server-4] [INFO] [1790986199.231377076] [planner_server]: Plan computed: 556 poses
[planner_server-4] [INFO] [1790986199.358762644] [planner_server]: Planning took 17 ms
[planner_server-4] [INFO] [1790986199.359314853] [planner_server]: Plan computed: 555 poses
[planner_server-4] [INFO] [1790986199.489128777] [planner_server]: Planning took 17 ms
[planner_server-4] [INFO] [1790986199.489924793] [planner_server]: Plan computed: 555 poses
[planner_server-4] [INFO] [1790986199.622533163] [planner_server]: Planning took 19 ms
[planner_server-4] [INFO] [1790986199.623390925] [planner_server]: Plan computed: 554 poses
[planner_server-4] [INFO] [1790986199.748668264] [planner_server]: Planning took 17 ms
[planner_server-4] [INFO] [1790986199.749466275] [planner_server]: Plan computed: 553 poses
[controller_node-5] [WARN] [1790986199.750209818] [controller_server]: path_copy succeeded.
[controller_node-5] [INFO] [1790986199.750728914] [controller_server]: Computed velocity commands: linear.x=0.34, linear.y=0.19, angular.z=0.00
[planner_server-4] [INFO] [1790986199.881866013] [planner_server]: Planning took 17 ms
[planner_server-4] [INFO] [1790986199.882242992] [planner_server]: Plan computed: 553 poses
[planner_server-4] [INFO] [1790986200.009523969] [planner_server]: Planning took 18 ms
[planner_server-4] [INFO] [1790986200.010225909] [planner_server]: Plan computed: 552 poses
[planner_server-4] [INFO] [1790986200.140067225] [planner_server]: Planning took 17 ms
[planner_server-4] [INFO] [1790986200.140530256] [planner_server]: Plan computed: 552 poses
[planner_server-4] [INFO] [1790986200.270837267] [planner_server]: Planning took 19 ms
[planner_server-4] [INFO] [1790986200.271367665] [planner_server]: Plan computed: 551 poses
[planner_server-4] [INFO] [1790986200.397106577] [planner_server]: Planning took 16 ms
[planner_server-4] [INFO] [1790986200.397400710] [planner_server]: Plan computed: 550 poses
[planner_server-4] [INFO] [1790986200.517664327] [planner_server]: Planning took 17 ms
[planner_server-4] [INFO] [1790986200.518455265] [planner_server]: Plan computed: 549 poses
[planner_server-4] [INFO] [1790986200.639572366] [planner_server]: Planning took 18 ms
[planner_server-4] [INFO] [1790986200.639972799] [planner_server]: Plan computed: 549 poses
[planner_server-4] [INFO] [1790986200.769432728] [planner_server]: Planning took 16 ms
[planner_server-4] [INFO] [1790986200.770010525] [planner_server]: Plan computed: 549 poses
[planner_server-4] [INFO] [1790986200.899089172] [planner_server]: Planning took 18 ms
[planner_server-4] [INFO] [1790986200.900213436] [planner_server]: Plan computed: 548 poses
[planner_server-4] [INFO] [1790986201.035786394] [planner_server]: Planning took 24 ms
[planner_server-4] [INFO] [1790986201.036527458] [planner_server]: Plan computed: 548 poses
[planner_server-4] [INFO] [1790986201.160335910] [planner_server]: Planning took 18 ms
[planner_server-4] [INFO] [1790986201.161115386] [planner_server]: Plan computed: 547 poses
[planner_server-4] [INFO] [1790986201.289782434] [planner_server]: Planning took 18 ms
[planner_server-4] [INFO] [1790986201.290608317] [planner_server]: Plan computed: 546 poses
[planner_server-4] [INFO] [1790986201.419088754] [planner_server]: Planning took 17 ms
[planner_server-4] [INFO] [1790986201.419608862] [planner_server]: Plan computed: 545 poses
[planner_server-4] [INFO] [1790986201.550575134] [planner_server]: Planning took 16 ms
[planner_server-4] [INFO] [1790986201.551368125] [planner_server]: Plan computed: 545 poses
[planner_server-4] [INFO] [1790986201.678594644] [planner_server]: Planning took 17 ms
[planner_server-4] [INFO] [1790986201.679394819] [planner_server]: Plan computed: 544 poses
[controller_node-5] [WARN] [1790986201.770592557] [controller_server]: path_copy succeeded.
[controller_node-5] [INFO] [1790986201.770944479] [controller_server]: Computed velocity commands: linear.x=0.37, linear.y=-0.26, angular.z=0.00
[planner_server-4] [INFO] [1790986201.815246857] [planner_server]: Planning took 21 ms
[planner_server-4] [INFO] [1790986201.815914894] [planner_server]: Plan computed: 544 poses
[planner_server-4] [INFO] [1790986201.937102408] [planner_server]: Planning took 16 ms
[planner_server-4] [INFO] [1790986201.938299258] [planner_server]: Plan computed: 543 poses
[planner_server-4] [INFO] [1790986202.069876759] [planner_server]: Planning took 18 ms
[planner_server-4] [INFO] [1790986202.070568480] [planner_server]: Plan computed: 542 poses
[planner_server-4] [INFO] [1790986202.201280072] [planner_server]: Planning took 20 ms
[planner_server-4] [INFO] [1790986202.201707486] [planner_server]: Plan computed: 542 poses
[planner_server-4] [INFO] [1790986202.326419958] [planner_server]: Planning took 16 ms
[planner_server-4] [INFO] [1790986202.326934375] [planner_server]: Plan computed: 542 poses
[planner_server-4] [INFO] [1790986202.461915286] [planner_server]: Planning took 17 ms
[planner_server-4] [INFO] [1790986202.462736039] [planner_server]: Plan computed: 541 poses
[planner_server-4] [INFO] [1790986202.592209805] [planner_server]: Planning took 20 ms
[planner_server-4] [INFO] [1790986202.592551207] [planner_server]: Plan computed: 540 poses
[planner_server-4] [INFO] [1790986202.718969686] [planner_server]: Planning took 17 ms
[planner_server-4] [INFO] [1790986202.720567941] [planner_server]: Plan computed: 539 poses
[planner_server-4] [INFO] [1790986202.850682331] [planner_server]: Planning took 15 ms
[planner_server-4] [INFO] [1790986202.851161512] [planner_server]: Plan computed: 539 poses
[planner_server-4] [INFO] [1790986202.983376883] [planner_server]: Planning took 21 ms
[planner_server-4] [INFO] [1790986202.983788306] [planner_server]: Plan computed: 538 poses
[planner_server-4] [INFO] [1790986203.108791805] [planner_server]: Planning took 16 ms
[planner_server-4] [INFO] [1790986203.109274914] [planner_server]: Plan computed: 538 poses
[planner_server-4] [INFO] [1790986203.241028881] [planner_server]: Planning took 20 ms
[planner_server-4] [INFO] [1790986203.241343142] [planner_server]: Plan computed: 537 poses
[planner_server-4] [INFO] [1790986203.368372872] [planner_server]: Planning took 18 ms
[planner_server-4] [INFO] [1790986203.369016051] [planner_server]: Plan computed: 536 poses
[planner_server-4] [INFO] [1790986203.497306992] [planner_server]: Planning took 15 ms
[planner_server-4] [INFO] [1790986203.498488043] [planner_server]: Plan computed: 535 poses
[planner_server-4] [INFO] [1790986203.629484552] [planner_server]: Planning took 18 ms
[planner_server-4] [INFO] [1790986203.630759369] [planner_server]: Plan computed: 534 poses
[planner_server-4] [INFO] [1790986203.758307418] [planner_server]: Planning took 17 ms
[planner_server-4] [INFO] [1790986203.758779515] [planner_server]: Plan computed: 534 poses
[controller_node-5] [WARN] [1790986203.791256263] [controller_server]: path_copy succeeded.
[controller_node-5] [INFO] [1790986203.792605029] [controller_server]: Computed velocity commands: linear.x=-0.09, linear.y=-0.37, angular.z=0.00
[planner_server-4] [INFO] [1790986203.887781554] [planner_server]: Planning took 17 ms
[planner_server-4] [INFO] [1790986203.888309106] [planner_server]: Plan computed: 533 poses
[planner_server-4] [INFO] [1790986204.009528049] [planner_server]: Planning took 18 ms
[planner_server-4] [INFO] [1790986204.010033459] [planner_server]: Plan computed: 533 poses
[planner_server-4] [INFO] [1790986204.137888881] [planner_server]: Planning took 17 ms
[planner_server-4] [INFO] [1790986204.138519256] [planner_server]: Plan computed: 532 poses
[planner_server-4] [INFO] [1790986204.268424949] [planner_server]: Planning took 17 ms
[planner_server-4] [INFO] [1790986204.268912696] [planner_server]: Plan computed: 532 poses
[planner_server-4] [INFO] [1790986204.397753596] [planner_server]: Planning took 16 ms
[planner_server-4] [INFO] [1790986204.398216366] [planner_server]: Plan computed: 531 poses
[planner_server-4] [INFO] [1790986204.518704615] [planner_server]: Planning took 17 ms
[planner_server-4] [INFO] [1790986204.519295506] [planner_server]: Plan computed: 530 poses
[planner_server-4] [INFO] [1790986204.648424203] [planner_server]: Planning took 17 ms
[planner_server-4] [INFO] [1790986204.649981091] [planner_server]: Plan computed: 529 poses
[planner_server-4] [INFO] [1790986204.778510003] [planner_server]: Planning took 16 ms
[planner_server-4] [INFO] [1790986204.779287686] [planner_server]: Plan computed: 528 poses
[planner_server-4] [INFO] [1790986204.910058114] [planner_server]: Planning took 17 ms
[planner_server-4] [INFO] [1790986204.910368447] [planner_server]: Plan computed: 528 poses
[planner_server-4] [INFO] [1790986205.038824284] [planner_server]: Planning took 18 ms
[planner_server-4] [INFO] [1790986205.039785701] [planner_server]: Plan computed: 527 poses
[planner_server-4] [INFO] [1790986205.168813924] [planner_server]: Planning took 18 ms
[planner_server-4] [INFO] [1790986205.169214507] [planner_server]: Plan computed: 526 poses
[planner_server-4] [INFO] [1790986205.307351642] [planner_server]: Planning took 27 ms
[planner_server-4] [INFO] [1790986205.308052069] [planner_server]: Plan computed: 525 poses
[planner_server-4] [INFO] [1790986205.438622637] [planner_server]: Planning took 15 ms
[planner_server-4] [INFO] [1790986205.439201125] [planner_server]: Plan computed: 525 poses
[planner_server-4] [INFO] [1790986205.566333136] [planner_server]: Planning took 15 ms
[planner_server-4] [INFO] [1790986205.566814702] [planner_server]: Plan computed: 524 poses
[planner_server-4] [INFO] [1790986205.686876108] [planner_server]: Planning took 15 ms
[planner_server-4] [INFO] [1790986205.687481907] [planner_server]: Plan computed: 524 poses
[planner_server-4] [INFO] [1790986205.805717351] [planner_server]: Planning took 15 ms
[planner_server-4] [INFO] [1790986205.806331946] [planner_server]: Plan computed: 523 poses
[controller_node-5] [WARN] [1790986205.810136630] [controller_server]: path_copy succeeded.
[controller_node-5] [INFO] [1790986205.810520241] [controller_server]: Computed velocity commands: linear.x=-0.23, linear.y=-0.37, angular.z=0.00
[planner_server-4] [INFO] [1790986205.928309225] [planner_server]: Planning took 16 ms
[planner_server-4] [INFO] [1790986205.928682497] [planner_server]: Plan computed: 523 poses
[planner_server-4] [INFO] [1790986206.059381586] [planner_server]: Planning took 18 ms
[planner_server-4] [INFO] [1790986206.060280477] [planner_server]: Plan computed: 522 poses
[planner_server-4] [INFO] [1790986206.186592907] [planner_server]: Planning took 15 ms
[planner_server-4] [INFO] [1790986206.187183277] [planner_server]: Plan computed: 521 poses
[planner_server-4] [INFO] [1790986206.308399275] [planner_server]: Planning took 16 ms
[planner_server-4] [INFO] [1790986206.309199830] [planner_server]: Plan computed: 521 poses
[planner_server-4] [INFO] [1790986206.436423419] [planner_server]: Planning took 15 ms
[planner_server-4] [INFO] [1790986206.437145141] [planner_server]: Plan computed: 521 poses
[planner_server-4] [INFO] [1790986206.566055778] [planner_server]: Planning took 15 ms
[planner_server-4] [INFO] [1790986206.566666446] [planner_server]: Plan computed: 521 poses
[planner_server-4] [INFO] [1790986206.688765053] [planner_server]: Planning took 17 ms
[planner_server-4] [INFO] [1790986206.689223295] [planner_server]: Plan computed: 520 poses
[planner_server-4] [INFO] [1790986206.818133761] [planner_server]: Planning took 17 ms
[planner_server-4] [INFO] [1790986206.818638770] [planner_server]: Plan computed: 520 poses
[planner_server-4] [INFO] [1790986206.947565497] [planner_server]: Planning took 15 ms
[planner_server-4] [INFO] [1790986206.948151599] [planner_server]: Plan computed: 518 poses
[planner_server-4] [INFO] [1790986207.068262629] [planner_server]: Planning took 16 ms
[planner_server-4] [INFO] [1790986207.069267499] [planner_server]: Plan computed: 518 poses
[planner_server-4] [INFO] [1790986207.196413716] [planner_server]: Planning took 15 ms
[planner_server-4] [INFO] [1790986207.196954884] [planner_server]: Plan computed: 517 poses
[planner_server-4] [INFO] [1790986207.319783739] [planner_server]: Planning took 19 ms
[planner_server-4] [INFO] [1790986207.320457646] [planner_server]: Plan computed: 517 poses
[planner_server-4] [INFO] [1790986207.456598463] [planner_server]: Planning took 22 ms
[planner_server-4] [INFO] [1790986207.457413415] [planner_server]: Plan computed: 515 poses
[planner_server-4] [INFO] [1790986207.580119573] [planner_server]: Planning took 18 ms
[planner_server-4] [INFO] [1790986207.580562606] [planner_server]: Plan computed: 514 poses
[planner_server-4] [INFO] [1790986207.708520122] [planner_server]: Planning took 15 ms
[planner_server-4] [INFO] [1790986207.708916778] [planner_server]: Plan computed: 513 poses
[controller_node-5] [WARN] [1790986207.810366227] [controller_server]: path_copy succeeded.
[controller_node-5] [INFO] [1790986207.810642717] [controller_server]: Computed velocity commands: linear.x=-0.63, linear.y=-0.33, angular.z=0.00
[planner_server-4] [INFO] [1790986207.840398156] [planner_server]: Planning took 18 ms
[planner_server-4] [INFO] [1790986207.841405239] [planner_server]: Plan computed: 513 poses
[planner_server-4] [INFO] [1790986207.968909313] [planner_server]: Planning took 15 ms
[planner_server-4] [INFO] [1790986207.970334994] [planner_server]: Plan computed: 512 poses
[planner_server-4] [INFO] [1790986208.096414076] [planner_server]: Planning took 15 ms
[planner_server-4] [INFO] [1790986208.097144580] [planner_server]: Plan computed: 512 poses
[planner_server-4] [INFO] [1790986208.216241532] [planner_server]: Planning took 15 ms
[planner_server-4] [INFO] [1790986208.216713339] [planner_server]: Plan computed: 512 poses
[planner_server-4] [INFO] [1790986208.337610147] [planner_server]: Planning took 17 ms
[planner_server-4] [INFO] [1790986208.338091863] [planner_server]: Plan computed: 511 poses
[planner_server-4] [INFO] [1790986208.464064505] [planner_server]: Planning took 23 ms
[planner_server-4] [INFO] [1790986208.465207604] [planner_server]: Plan computed: 510 poses
[planner_server-4] [INFO] [1790986208.593422401] [planner_server]: Planning took 18 ms
[planner_server-4] [INFO] [1790986208.594760617] [planner_server]: Plan computed: 510 poses
[planner_server-4] [INFO] [1790986208.721303111] [planner_server]: Planning took 18 ms
[planner_server-4] [INFO] [1790986208.722144574] [planner_server]: Plan computed: 509 poses
[planner_server-4] [INFO] [1790986208.846378485] [planner_server]: Planning took 16 ms
[planner_server-4] [INFO] [1790986208.846675374] [planner_server]: Plan computed: 509 poses
[planner_server-4] [INFO] [1790986208.970149367] [planner_server]: Planning took 17 ms
[planner_server-4] [INFO] [1790986208.971654698] [planner_server]: Plan computed: 508 poses
[planner_server-4] [INFO] [1790986209.100191401] [planner_server]: Planning took 17 ms
[planner_server-4] [INFO] [1790986209.100591584] [planner_server]: Plan computed: 507 poses
[planner_server-4] [INFO] [1790986209.225710089] [planner_server]: Planning took 14 ms
[planner_server-4] [INFO] [1790986209.226837720] [planner_server]: Plan computed: 506 poses
[planner_server-4] [INFO] [1790986209.346681937] [planner_server]: Planning took 15 ms
[planner_server-4] [INFO] [1790986209.347342930] [planner_server]: Plan computed: 506 poses
[planner_server-4] [INFO] [1790986209.468636194] [planner_server]: Planning took 15 ms
[planner_server-4] [INFO] [1790986209.469373470] [planner_server]: Plan computed: 505 poses
[planner_server-4] [INFO] [1790986209.596387700] [planner_server]: Planning took 16 ms
[planner_server-4] [INFO] [1790986209.597217040] [planner_server]: Plan computed: 504 poses
[planner_server-4] [INFO] [1790986209.716654298] [planner_server]: Planning took 15 ms
[planner_server-4] [INFO] [1790986209.717399920] [planner_server]: Plan computed: 504 poses
[controller_node-5] [WARN] [1790986209.812523926] [controller_server]: path_copy succeeded.
[controller_node-5] [INFO] [1790986209.813021191] [controller_server]: Computed velocity commands: linear.x=-0.28, linear.y=0.26, angular.z=0.00
[planner_server-4] [INFO] [1790986209.836243201] [planner_server]: Planning took 15 ms
[planner_server-4] [INFO] [1790986209.837236088] [planner_server]: Plan computed: 503 poses
[planner_server-4] [INFO] [1790986209.958453753] [planner_server]: Planning took 16 ms
[planner_server-4] [INFO] [1790986209.958744109] [planner_server]: Plan computed: 502 poses
[planner_server-4] [INFO] [1790986210.085983779] [planner_server]: Planning took 15 ms
[planner_server-4] [INFO] [1790986210.086611880] [planner_server]: Plan computed: 500 poses
[planner_server-4] [INFO] [1790986210.205191821] [planner_server]: Planning took 14 ms
[planner_server-4] [INFO] [1790986210.205518926] [planner_server]: Plan computed: 500 poses
[planner_server-4] [INFO] [1790986210.327723863] [planner_server]: Planning took 16 ms
[planner_server-4] [INFO] [1790986210.328279067] [planner_server]: Plan computed: 500 poses
[planner_server-4] [INFO] [1790986210.451515964] [planner_server]: Planning took 18 ms
[planner_server-4] [INFO] [1790986210.452650568] [planner_server]: Plan computed: 499 poses
[planner_server-4] [INFO] [1790986210.578748916] [planner_server]: Planning took 17 ms
[planner_server-4] [INFO] [1790986210.579195356] [planner_server]: Plan computed: 498 poses
[planner_server-4] [INFO] [1790986210.708159542] [planner_server]: Planning took 17 ms
[planner_server-4] [INFO] [1790986210.708666035] [planner_server]: Plan computed: 495 poses
[planner_server-4] [INFO] [1790986210.828056569] [planner_server]: Planning took 16 ms
[planner_server-4] [INFO] [1790986210.828792473] [planner_server]: Plan computed: 494 poses
[planner_server-4] [INFO] [1790986210.959634722] [planner_server]: Planning took 18 ms
[planner_server-4] [INFO] [1790986210.960177122] [planner_server]: Plan computed: 494 poses
[planner_server-4] [INFO] [1790986211.086026081] [planner_server]: Planning took 15 ms
[planner_server-4] [INFO] [1790986211.086396527] [planner_server]: Plan computed: 493 poses
[planner_server-4] [INFO] [1790986211.205827909] [planner_server]: Planning took 14 ms
[planner_server-4] [INFO] [1790986211.206360000] [planner_server]: Plan computed: 492 poses
[planner_server-4] [INFO] [1790986211.326692215] [planner_server]: Planning took 15 ms
[planner_server-4] [INFO] [1790986211.327253521] [planner_server]: Plan computed: 492 poses
[planner_server-4] [INFO] [1790986211.448299439] [planner_server]: Planning took 16 ms
[planner_server-4] [INFO] [1790986211.449296564] [planner_server]: Plan computed: 491 poses
[planner_server-4] [INFO] [1790986211.579761783] [planner_server]: Planning took 17 ms
[planner_server-4] [INFO] [1790986211.580056968] [planner_server]: Plan computed: 491 poses
[planner_server-4] [INFO] [1790986211.707920744] [planner_server]: Planning took 17 ms
[planner_server-4] [INFO] [1790986211.709194218] [planner_server]: Plan computed: 489 poses
[controller_node-5] [WARN] [1790986211.830159937] [controller_server]: path_copy succeeded.
[controller_node-5] [INFO] [1790986211.830408575] [controller_server]: Computed velocity commands: linear.x=0.19, linear.y=0.43, angular.z=0.00
[planner_server-4] [INFO] [1790986211.835654329] [planner_server]: Planning took 15 ms
[planner_server-4] [INFO] [1790986211.836312306] [planner_server]: Plan computed: 489 poses
[planner_server-4] [INFO] [1790986211.954652366] [planner_server]: Planning took 14 ms
[planner_server-4] [INFO] [1790986211.955357141] [planner_server]: Plan computed: 488 poses
[planner_server-4] [INFO] [1790986212.081866151] [planner_server]: Planning took 17 ms
[planner_server-4] [INFO] [1790986212.082781042] [planner_server]: Plan computed: 487 poses
[planner_server-4] [INFO] [1790986212.205731752] [planner_server]: Planning took 14 ms
[planner_server-4] [INFO] [1790986212.206215011] [planner_server]: Plan computed: 487 poses
[planner_server-4] [INFO] [1790986212.331524350] [planner_server]: Planning took 20 ms
[planner_server-4] [INFO] [1790986212.332156208] [planner_server]: Plan computed: 486 poses
[planner_server-4] [INFO] [1790986212.454379354] [planner_server]: Planning took 14 ms
[planner_server-4] [INFO] [1790986212.454701370] [planner_server]: Plan computed: 485 poses
[planner_server-4] [INFO] [1790986212.577033045] [planner_server]: Planning took 15 ms
[planner_server-4] [INFO] [1790986212.577595372] [planner_server]: Plan computed: 484 poses
[planner_server-4] [INFO] [1790986212.694925723] [planner_server]: Planning took 14 ms
[planner_server-4] [INFO] [1790986212.695278627] [planner_server]: Plan computed: 484 poses
[planner_server-4] [INFO] [1790986212.816347578] [planner_server]: Planning took 15 ms
[planner_server-4] [INFO] [1790986212.817236219] [planner_server]: Plan computed: 484 poses
[planner_server-4] [INFO] [1790986212.937292316] [planner_server]: Planning took 17 ms
[planner_server-4] [INFO] [1790986212.937790312] [planner_server]: Plan computed: 483 poses
[planner_server-4] [INFO] [1790986213.057374021] [planner_server]: Planning took 16 ms
[planner_server-4] [INFO] [1790986213.058225402] [planner_server]: Plan computed: 482 poses
[planner_server-4] [INFO] [1790986213.185495633] [planner_server]: Planning took 14 ms
[planner_server-4] [INFO] [1790986213.186953144] [planner_server]: Plan computed: 481 poses
[planner_server-4] [INFO] [1790986213.317679464] [planner_server]: Planning took 16 ms
[planner_server-4] [INFO] [1790986213.318285524] [planner_server]: Plan computed: 480 poses
[planner_server-4] [INFO] [1790986213.436498805] [planner_server]: Planning took 15 ms
[planner_server-4] [INFO] [1790986213.437111377] [planner_server]: Plan computed: 480 poses
[planner_server-4] [INFO] [1790986213.558567566] [planner_server]: Planning took 17 ms
[planner_server-4] [INFO] [1790986213.559050774] [planner_server]: Plan computed: 479 poses
[planner_server-4] [INFO] [1790986213.688255965] [planner_server]: Planning took 15 ms
[planner_server-4] [INFO] [1790986213.688695752] [planner_server]: Plan computed: 478 poses
[planner_server-4] [INFO] [1790986213.822370416] [planner_server]: Planning took 17 ms
[planner_server-4] [INFO] [1790986213.823261271] [planner_server]: Plan computed: 478 poses
[controller_node-5] [WARN] [1790986213.830912929] [controller_server]: path_copy succeeded.
[controller_node-5] [INFO] [1790986213.831349840] [controller_server]: Computed velocity commands: linear.x=0.73, linear.y=0.02, angular.z=0.00
[planner_server-4] [INFO] [1790986213.945447623] [planner_server]: Planning took 14 ms
[planner_server-4] [INFO] [1790986213.945839420] [planner_server]: Plan computed: 478 poses
[planner_server-4] [INFO] [1790986214.066611117] [planner_server]: Planning took 16 ms
[planner_server-4] [INFO] [1790986214.067182832] [planner_server]: Plan computed: 476 poses
[planner_server-4] [INFO] [1790986214.187202049] [planner_server]: Planning took 15 ms
[planner_server-4] [INFO] [1790986214.187828828] [planner_server]: Plan computed: 476 poses
[planner_server-4] [INFO] [1790986214.316367780] [planner_server]: Planning took 15 ms
[planner_server-4] [INFO] [1790986214.318444745] [planner_server]: Plan computed: 474 poses
[planner_server-4] [INFO] [1790986214.445130939] [planner_server]: Planning took 14 ms
[planner_server-4] [INFO] [1790986214.445590533] [planner_server]: Plan computed: 473 poses
[planner_server-4] [INFO] [1790986214.565143002] [planner_server]: Planning took 14 ms
[planner_server-4] [INFO] [1790986214.565765242] [planner_server]: Plan computed: 472 poses
[planner_server-4] [INFO] [1790986214.684528438] [planner_server]: Planning took 13 ms
[planner_server-4] [INFO] [1790986214.685024952] [planner_server]: Plan computed: 472 poses
[planner_server-4] [INFO] [1790986214.805790122] [planner_server]: Planning took 15 ms
[planner_server-4] [INFO] [1790986214.806441516] [planner_server]: Plan computed: 471 poses
[planner_server-4] [INFO] [1790986214.924959160] [planner_server]: Planning took 13 ms
[planner_server-4] [INFO] [1790986214.925507832] [planner_server]: Plan computed: 470 poses
[planner_server-4] [INFO] [1790986215.048946188] [planner_server]: Planning took 14 ms
[planner_server-4] [INFO] [1790986215.049453732] [planner_server]: Plan computed: 470 poses
[planner_server-4] [INFO] [1790986215.177667198] [planner_server]: Planning took 15 ms
[planner_server-4] [INFO] [1790986215.178128385] [planner_server]: Plan computed: 470 poses
[planner_server-4] [INFO] [1790986215.307321121] [planner_server]: Planning took 14 ms
[planner_server-4] [INFO] [1790986215.307780355] [planner_server]: Plan computed: 470 poses
[planner_server-4] [INFO] [1790986215.427276859] [planner_server]: Planning took 15 ms
[planner_server-4] [INFO] [1790986215.427696448] [planner_server]: Plan computed: 469 poses
[planner_server-4] [INFO] [1790986215.546766661] [planner_server]: Planning took 14 ms
[planner_server-4] [INFO] [1790986215.547710425] [planner_server]: Plan computed: 469 poses
[planner_server-4] [INFO] [1790986215.668244260] [planner_server]: Planning took 15 ms
[planner_server-4] [INFO] [1790986215.668802970] [planner_server]: Plan computed: 468 poses
[planner_server-4] [INFO] [1790986215.790101283] [planner_server]: Planning took 17 ms
[planner_server-4] [INFO] [1790986215.790523517] [planner_server]: Plan computed: 468 poses
[controller_node-5] [WARN] [1790986215.849784838] [controller_server]: path_copy succeeded.
[controller_node-5] [INFO] [1790986215.850018277] [controller_server]: Computed velocity commands: linear.x=-0.13, linear.y=-0.48, angular.z=0.00
[planner_server-4] [INFO] [1790986215.915184347] [planner_server]: Planning took 14 ms
[planner_server-4] [INFO] [1790986215.915808891] [planner_server]: Plan computed: 468 poses
[planner_server-4] [INFO] [1790986216.034430075] [planner_server]: Planning took 13 ms
[planner_server-4] [INFO] [1790986216.034770174] [planner_server]: Plan computed: 467 poses
[planner_server-4] [INFO] [1790986216.158330309] [planner_server]: Planning took 16 ms
[planner_server-4] [INFO] [1790986216.158877809] [planner_server]: Plan computed: 466 poses
[planner_server-4] [INFO] [1790986216.284547471] [planner_server]: Planning took 14 ms
[planner_server-4] [INFO] [1790986216.284831785] [planner_server]: Plan computed: 466 poses
[planner_server-4] [INFO] [1790986216.408962053] [planner_server]: Planning took 16 ms
[planner_server-4] [INFO] [1790986216.409455882] [planner_server]: Plan computed: 466 poses
[planner_server-4] [INFO] [1790986216.535153732] [planner_server]: Planning took 14 ms
[planner_server-4] [INFO] [1790986216.535684389] [planner_server]: Plan computed: 465 poses
[planner_server-4] [INFO] [1790986216.654557216] [planner_server]: Planning took 14 ms
[planner_server-4] [INFO] [1790986216.654975663] [planner_server]: Plan computed: 464 poses
[planner_server-4] [INFO] [1790986216.778677539] [planner_server]: Planning took 17 ms
[planner_server-4] [INFO] [1790986216.779615433] [planner_server]: Plan computed: 464 poses
[planner_server-4] [INFO] [1790986216.905272897] [planner_server]: Planning took 15 ms
[planner_server-4] [INFO] [1790986216.906296312] [planner_server]: Plan computed: 464 poses
[planner_server-4] [INFO] [1790986217.030556458] [planner_server]: Planning took 17 ms
[planner_server-4] [INFO] [1790986217.031140336] [planner_server]: Plan computed: 463 poses
[planner_server-4] [INFO] [1790986217.157476606] [planner_server]: Planning took 15 ms
[planner_server-4] [INFO] [1790986217.157987417] [planner_server]: Plan computed: 462 poses
[planner_server-4] [INFO] [1790986217.290482423] [planner_server]: Planning took 15 ms
[planner_server-4] [INFO] [1790986217.292193871] [planner_server]: Plan computed: 462 poses
[planner_server-4] [INFO] [1790986217.417402225] [planner_server]: Planning took 15 ms
[planner_server-4] [INFO] [1790986217.417892968] [planner_server]: Plan computed: 461 poses
[planner_server-4] [INFO] [1790986217.545404794] [planner_server]: Planning took 14 ms
[planner_server-4] [INFO] [1790986217.545719796] [planner_server]: Plan computed: 461 poses
[planner_server-4] [INFO] [1790986217.667834894] [planner_server]: Planning took 16 ms
[planner_server-4] [INFO] [1790986217.668411839] [planner_server]: Plan computed: 460 poses
[planner_server-4] [INFO] [1790986217.796808339] [planner_server]: Planning took 15 ms
[planner_server-4] [INFO] [1790986217.797224882] [planner_server]: Plan computed: 460 poses
[controller_node-5] [WARN] [1790986217.850003604] [controller_server]: path_copy succeeded.
[controller_node-5] [INFO] [1790986217.850375082] [controller_server]: Computed velocity commands: linear.x=-0.84, linear.y=0.47, angular.z=0.00
[planner_server-4] [INFO] [1790986217.927700899] [planner_server]: Planning took 16 ms
[planner_server-4] [INFO] [1790986217.928650494] [planner_server]: Plan computed: 459 poses
[planner_server-4] [INFO] [1790986218.047316349] [planner_server]: Planning took 13 ms
[planner_server-4] [INFO] [1790986218.047774801] [planner_server]: Plan computed: 459 poses
[planner_server-4] [INFO] [1790986218.166657481] [planner_server]: Planning took 15 ms
[planner_server-4] [INFO] [1790986218.167110193] [planner_server]: Plan computed: 458 poses
[planner_server-4] [INFO] [1790986218.285970365] [planner_server]: Planning took 14 ms
[planner_server-4] [INFO] [1790986218.286568760] [planner_server]: Plan computed: 457 poses
[planner_server-4] [INFO] [1790986218.415520949] [planner_server]: Planning took 14 ms
[planner_server-4] [INFO] [1790986218.415935188] [planner_server]: Plan computed: 456 poses
[planner_server-4] [INFO] [1790986218.534378813] [planner_server]: Planning took 14 ms
[planner_server-4] [INFO] [1790986218.535350500] [planner_server]: Plan computed: 455 poses
[planner_server-4] [INFO] [1790986218.656771363] [planner_server]: Planning took 14 ms
[planner_server-4] [INFO] [1790986218.657363296] [planner_server]: Plan computed: 454 poses
[planner_server-4] [INFO] [1790986218.775139651] [planner_server]: Planning took 14 ms
[planner_server-4] [INFO] [1790986218.775782089] [planner_server]: Plan computed: 454 poses
[planner_server-4] [INFO] [1790986218.895266776] [planner_server]: Planning took 13 ms
[planner_server-4] [INFO] [1790986218.896419804] [planner_server]: Plan computed: 454 poses
[planner_server-4] [INFO] [1790986219.015815448] [planner_server]: Planning took 15 ms
[planner_server-4] [INFO] [1790986219.016379479] [planner_server]: Plan computed: 453 poses
[planner_server-4] [INFO] [1790986219.133196935] [planner_server]: Planning took 12 ms
[planner_server-4] [INFO] [1790986219.133640489] [planner_server]: Plan computed: 451 poses
[planner_server-4] [INFO] [1790986219.256942199] [planner_server]: Planning took 15 ms
[planner_server-4] [INFO] [1790986219.257479450] [planner_server]: Plan computed: 451 poses
[planner_server-4] [INFO] [1790986219.377364504] [planner_server]: Planning took 15 ms
[planner_server-4] [INFO] [1790986219.377918135] [planner_server]: Plan computed: 450 poses
[planner_server-4] [INFO] [1790986219.505469045] [planner_server]: Planning took 13 ms
[planner_server-4] [INFO] [1790986219.505755613] [planner_server]: Plan computed: 449 poses
[planner_server-4] [INFO] [1790986219.624230266] [planner_server]: Planning took 13 ms
[planner_server-4] [INFO] [1790986219.624595673] [planner_server]: Plan computed: 449 poses
[planner_server-4] [INFO] [1790986219.746340194] [planner_server]: Planning took 16 ms
[planner_server-4] [INFO] [1790986219.746884177] [planner_server]: Plan computed: 448 poses
[controller_node-5] [WARN] [1790986219.850345981] [controller_server]: path_copy succeeded.
[controller_node-5] [INFO] [1790986219.850881548] [controller_server]: Computed velocity commands: linear.x=0.23, linear.y=0.62, angular.z=0.00
[planner_server-4] [INFO] [1790986219.865189632] [planner_server]: Planning took 14 ms
[planner_server-4] [INFO] [1790986219.865794830] [planner_server]: Plan computed: 447 poses
[planner_server-4] [INFO] [1790986219.988511149] [planner_server]: Planning took 18 ms
[planner_server-4] [INFO] [1790986219.988985781] [planner_server]: Plan computed: 446 poses
[planner_server-4] [INFO] [1790986220.117504440] [planner_server]: Planning took 15 ms
[planner_server-4] [INFO] [1790986220.118330223] [planner_server]: Plan computed: 446 poses
[planner_server-4] [INFO] [1790986220.247097016] [planner_server]: Planning took 16 ms
[planner_server-4] [INFO] [1790986220.247878165] [planner_server]: Plan computed: 446 poses
[planner_server-4] [INFO] [1790986220.374758776] [planner_server]: Planning took 14 ms
[planner_server-4] [INFO] [1790986220.375232918] [planner_server]: Plan computed: 444 poses
[planner_server-4] [INFO] [1790986220.496669831] [planner_server]: Planning took 14 ms
[planner_server-4] [INFO] [1790986220.497202282] [planner_server]: Plan computed: 444 poses
[planner_server-4] [INFO] [1790986220.624077801] [planner_server]: Planning took 13 ms
[planner_server-4] [INFO] [1790986220.624668652] [planner_server]: Plan computed: 443 poses
[planner_server-4] [INFO] [1790986220.745218738] [planner_server]: Planning took 14 ms
[planner_server-4] [INFO] [1790986220.745805721] [planner_server]: Plan computed: 443 poses
[planner_server-4] [INFO] [1790986220.863336389] [planner_server]: Planning took 12 ms
[planner_server-4] [INFO] [1790986220.863687319] [planner_server]: Plan computed: 442 poses
[planner_server-4] [INFO] [1790986220.985107731] [planner_server]: Planning took 14 ms
[planner_server-4] [INFO] [1790986220.985471385] [planner_server]: Plan computed: 441 poses
[planner_server-4] [INFO] [1790986221.107286299] [planner_server]: Planning took 15 ms
[planner_server-4] [INFO] [1790986221.107867241] [planner_server]: Plan computed: 440 poses
[planner_server-4] [INFO] [1790986221.224012940] [planner_server]: Planning took 14 ms
[planner_server-4] [INFO] [1790986221.224316310] [planner_server]: Plan computed: 439 poses
[planner_server-4] [INFO] [1790986221.346907768] [planner_server]: Planning took 15 ms
[planner_server-4] [INFO] [1790986221.347511343] [planner_server]: Plan computed: 438 poses
[planner_server-4] [INFO] [1790986221.467596424] [planner_server]: Planning took 15 ms
[planner_server-4] [INFO] [1790986221.467997919] [planner_server]: Plan computed: 437 poses
[planner_server-4] [INFO] [1790986221.595747673] [planner_server]: Planning took 15 ms
[planner_server-4] [INFO] [1790986221.596530465] [planner_server]: Plan computed: 437 poses
[planner_server-4] [INFO] [1790986221.715369232] [planner_server]: Planning took 14 ms
[planner_server-4] [INFO] [1790986221.715676290] [planner_server]: Plan computed: 436 poses
[planner_server-4] [INFO] [1790986221.835310091] [planner_server]: Planning took 14 ms
[planner_server-4] [INFO] [1790986221.835986493] [planner_server]: Plan computed: 435 poses
[controller_node-5] [WARN] [1790986221.870193309] [controller_server]: path_copy succeeded.
[controller_node-5] [INFO] [1790986221.870770294] [controller_server]: Computed velocity commands: linear.x=0.42, linear.y=0.25, angular.z=0.00
[planner_server-4] [INFO] [1790986221.958195629] [planner_server]: Planning took 17 ms
[planner_server-4] [INFO] [1790986221.958628933] [planner_server]: Plan computed: 435 poses
[planner_server-4] [INFO] [1790986222.087265133] [planner_server]: Planning took 13 ms
[planner_server-4] [INFO] [1790986222.087666538] [planner_server]: Plan computed: 434 poses
[planner_server-4] [INFO] [1790986222.214127949] [planner_server]: Planning took 12 ms
[planner_server-4] [INFO] [1790986222.214539512] [planner_server]: Plan computed: 433 poses
[planner_server-4] [INFO] [1790986222.334525597] [planner_server]: Planning took 14 ms
[planner_server-4] [INFO] [1790986222.335129132] [planner_server]: Plan computed: 432 poses
[planner_server-4] [INFO] [1790986222.454718699] [planner_server]: Planning took 13 ms
[planner_server-4] [INFO] [1790986222.455406683] [planner_server]: Plan computed: 431 poses
[planner_server-4] [INFO] [1790986222.574735772] [planner_server]: Planning took 13 ms
[planner_server-4] [INFO] [1790986222.576565272] [planner_server]: Plan computed: 431 poses
[planner_server-4] [INFO] [1790986222.696400063] [planner_server]: Planning took 15 ms
[planner_server-4] [INFO] [1790986222.696900463] [planner_server]: Plan computed: 430 poses
[planner_server-4] [INFO] [1790986222.814077479] [planner_server]: Planning took 13 ms
[planner_server-4] [INFO] [1790986222.814627333] [planner_server]: Plan computed: 430 poses
[planner_server-4] [INFO] [1790986222.933762628] [planner_server]: Planning took 13 ms
[planner_server-4] [INFO] [1790986222.934163472] [planner_server]: Plan computed: 429 poses
[planner_server-4] [INFO] [1790986223.056704661] [planner_server]: Planning took 15 ms
[planner_server-4] [INFO] [1790986223.057228165] [planner_server]: Plan computed: 429 poses
[planner_server-4] [INFO] [1790986223.177200484] [planner_server]: Planning took 13 ms
[planner_server-4] [INFO] [1790986223.177900170] [planner_server]: Plan computed: 428 poses
[planner_server-4] [INFO] [1790986223.295358472] [planner_server]: Planning took 13 ms
[planner_server-4] [INFO] [1790986223.295879271] [planner_server]: Plan computed: 427 poses
[planner_server-4] [INFO] [1790986223.416559611] [planner_server]: Planning took 13 ms
[planner_server-4] [INFO] [1790986223.416852943] [planner_server]: Plan computed: 426 poses
[planner_server-4] [INFO] [1790986223.534336011] [planner_server]: Planning took 13 ms
[planner_server-4] [INFO] [1790986223.535024266] [planner_server]: Plan computed: 426 poses
[planner_server-4] [INFO] [1790986223.653939486] [planner_server]: Planning took 13 ms
[planner_server-4] [INFO] [1790986223.654311275] [planner_server]: Plan computed: 425 poses
[planner_server-4] [INFO] [1790986223.779963496] [planner_server]: Planning took 18 ms
[planner_server-4] [INFO] [1790986223.780416588] [planner_server]: Plan computed: 424 poses
[controller_node-5] [WARN] [1790986223.889904001] [controller_server]: path_copy succeeded.
[controller_node-5] [INFO] [1790986223.890283775] [controller_server]: Computed velocity commands: linear.x=0.30, linear.y=-0.53, angular.z=0.00
[planner_server-4] [INFO] [1790986223.903922180] [planner_server]: Planning took 13 ms
[planner_server-4] [INFO] [1790986223.904618810] [planner_server]: Plan computed: 424 poses
[planner_server-4] [INFO] [1790986224.023463819] [planner_server]: Planning took 13 ms
[planner_server-4] [INFO] [1790986224.023805952] [planner_server]: Plan computed: 423 poses
[planner_server-4] [INFO] [1790986224.145882568] [planner_server]: Planning took 13 ms
[planner_server-4] [INFO] [1790986224.146398528] [planner_server]: Plan computed: 421 poses
[planner_server-4] [INFO] [1790986224.265697816] [planner_server]: Planning took 13 ms
[planner_server-4] [INFO] [1790986224.266614600] [planner_server]: Plan computed: 421 poses
[planner_server-4] [INFO] [1790986224.387220032] [planner_server]: Planning took 16 ms
[planner_server-4] [INFO] [1790986224.388094517] [planner_server]: Plan computed: 421 poses
[planner_server-4] [INFO] [1790986224.513471280] [planner_server]: Planning took 13 ms
[planner_server-4] [INFO] [1790986224.513956102] [planner_server]: Plan computed: 420 poses
[planner_server-4] [INFO] [1790986224.635984597] [planner_server]: Planning took 14 ms
[planner_server-4] [INFO] [1790986224.636617287] [planner_server]: Plan computed: 419 poses
[planner_server-4] [INFO] [1790986224.752885110] [planner_server]: Planning took 12 ms
[planner_server-4] [INFO] [1790986224.753492361] [planner_server]: Plan computed: 418 poses
[planner_server-4] [INFO] [1790986224.880339803] [planner_server]: Planning took 18 ms
[planner_server-4] [INFO] [1790986224.881045470] [planner_server]: Plan computed: 418 poses
[planner_server-4] [INFO] [1790986225.006117809] [planner_server]: Planning took 14 ms
[planner_server-4] [INFO] [1790986225.006470943] [planner_server]: Plan computed: 417 poses
[planner_server-4] [INFO] [1790986225.124611362] [planner_server]: Planning took 13 ms
[planner_server-4] [INFO] [1790986225.126331316] [planner_server]: Plan computed: 417 poses
[planner_server-4] [INFO] [1790986225.254255648] [planner_server]: Planning took 13 ms
[planner_server-4] [INFO] [1790986225.254815691] [planner_server]: Plan computed: 417 poses
[planner_server-4] [INFO] [1790986225.375705320] [planner_server]: Planning took 14 ms
[planner_server-4] [INFO] [1790986225.376354305] [planner_server]: Plan computed: 416 poses
[planner_server-4] [INFO] [1790986225.494926090] [planner_server]: Planning took 13 ms
[planner_server-4] [INFO] [1790986225.495396555] [planner_server]: Plan computed: 416 poses
[planner_server-4] [INFO] [1790986225.614503041] [planner_server]: Planning took 13 ms
[planner_server-4] [INFO] [1790986225.614858810] [planner_server]: Plan computed: 415 poses
[planner_server-4] [INFO] [1790986225.735973887] [planner_server]: Planning took 14 ms
[planner_server-4] [INFO] [1790986225.736264464] [planner_server]: Plan computed: 415 poses
[planner_server-4] [INFO] [1790986225.855433737] [planner_server]: Planning took 14 ms
[planner_server-4] [INFO] [1790986225.855825344] [planner_server]: Plan computed: 414 poses
[controller_node-5] [WARN] [1790986225.890906158] [controller_server]: path_copy succeeded.
[controller_node-5] [INFO] [1790986225.891154535] [controller_server]: Computed velocity commands: linear.x=-0.75, linear.y=-0.00, angular.z=0.00
[planner_server-4] [INFO] [1790986225.976728884] [planner_server]: Planning took 14 ms
[planner_server-4] [INFO] [1790986225.977298215] [planner_server]: Plan computed: 414 poses
[planner_server-4] [INFO] [1790986226.098103409] [planner_server]: Planning took 14 ms
[planner_server-4] [INFO] [1790986226.098535662] [planner_server]: Plan computed: 413 poses
[planner_server-4] [INFO] [1790986226.223907965] [planner_server]: Planning took 12 ms
[planner_server-4] [INFO] [1790986226.224492705] [planner_server]: Plan computed: 412 poses
[planner_server-4] [INFO] [1790986226.342932062] [planner_server]: Planning took 12 ms
[planner_server-4] [INFO] [1790986226.343173145] [planner_server]: Plan computed: 412 poses
[planner_server-4] [INFO] [1790986226.464238028] [planner_server]: Planning took 13 ms
[planner_server-4] [INFO] [1790986226.465507755] [planner_server]: Plan computed: 411 poses
[planner_server-4] [INFO] [1790986226.583701189] [planner_server]: Planning took 12 ms
[planner_server-4] [INFO] [1790986226.584727910] [planner_server]: Plan computed: 410 poses
[planner_server-4] [INFO] [1790986226.703604228] [planner_server]: Planning took 12 ms
[planner_server-4] [INFO] [1790986226.703922326] [planner_server]: Plan computed: 409 poses
[planner_server-4] [INFO] [1790986226.824635919] [planner_server]: Planning took 14 ms
[planner_server-4] [INFO] [1790986226.825044557] [planner_server]: Plan computed: 408 poses
[planner_server-4] [INFO] [1790986226.943264546] [planner_server]: Planning took 12 ms
[planner_server-4] [INFO] [1790986226.943602131] [planner_server]: Plan computed: 407 poses
[planner_server-4] [INFO] [1790986227.064460941] [planner_server]: Planning took 12 ms
[planner_server-4] [INFO] [1790986227.065153824] [planner_server]: Plan computed: 406 poses
[planner_server-4] [INFO] [1790986227.186044780] [planner_server]: Planning took 14 ms
[planner_server-4] [INFO] [1790986227.186287677] [planner_server]: Plan computed: 405 poses
[planner_server-4] [INFO] [1790986227.308107159] [planner_server]: Planning took 14 ms
[planner_server-4] [INFO] [1790986227.308429325] [planner_server]: Plan computed: 404 poses
[planner_server-4] [INFO] [1790986227.428322205] [planner_server]: Planning took 14 ms
[planner_server-4] [INFO] [1790986227.429081773] [planner_server]: Plan computed: 402 poses
[planner_server-4] [INFO] [1790986227.552941130] [planner_server]: Planning took 12 ms
[planner_server-4] [INFO] [1790986227.553381869] [planner_server]: Plan computed: 401 poses
[planner_server-4] [INFO] [1790986227.673665132] [planner_server]: Planning took 12 ms
[planner_server-4] [INFO] [1790986227.674194678] [planner_server]: Plan computed: 400 poses
[planner_server-4] [INFO] [1790986227.793984524] [planner_server]: Planning took 13 ms
[planner_server-4] [INFO] [1790986227.794518759] [planner_server]: Plan computed: 399 poses
[controller_node-5] [WARN] [1790986227.909699127] [controller_server]: path_copy succeeded.
[controller_node-5] [INFO] [1790986227.909920884] [controller_server]: Computed velocity commands: linear.x=0.13, linear.y=0.16, angular.z=0.00
[planner_server-4] [INFO] [1790986227.912788361] [planner_server]: Planning took 12 ms
[planner_server-4] [INFO] [1790986227.913475092] [planner_server]: Plan computed: 397 poses
[planner_server-4] [INFO] [1790986228.034407291] [planner_server]: Planning took 13 ms
[planner_server-4] [INFO] [1790986228.034746148] [planner_server]: Plan computed: 396 poses
[planner_server-4] [INFO] [1790986228.153854854] [planner_server]: Planning took 13 ms
[planner_server-4] [INFO] [1790986228.154283770] [planner_server]: Plan computed: 395 poses
[planner_server-4] [INFO] [1790986228.275775747] [planner_server]: Planning took 13 ms
[planner_server-4] [INFO] [1790986228.276203060] [planner_server]: Plan computed: 395 poses
[planner_server-4] [INFO] [1790986228.394779910] [planner_server]: Planning took 12 ms
[planner_server-4] [INFO] [1790986228.395106274] [planner_server]: Plan computed: 394 poses
[planner_server-4] [INFO] [1790986228.515916959] [planner_server]: Planning took 12 ms
[planner_server-4] [INFO] [1790986228.516341497] [planner_server]: Plan computed: 393 poses
[planner_server-4] [INFO] [1790986228.635586524] [planner_server]: Planning took 13 ms
[planner_server-4] [INFO] [1790986228.636058671] [planner_server]: Plan computed: 393 poses
[planner_server-4] [INFO] [1790986228.755271883] [planner_server]: Planning took 12 ms
[planner_server-4] [INFO] [1790986228.755856773] [planner_server]: Plan computed: 392 poses
[planner_server-4] [INFO] [1790986228.873553713] [planner_server]: Planning took 12 ms
[planner_server-4] [INFO] [1790986228.874010923] [planner_server]: Plan computed: 392 poses
[planner_server-4] [INFO] [1790986228.993339321] [planner_server]: Planning took 12 ms
[planner_server-4] [INFO] [1790986228.993806810] [planner_server]: Plan computed: 392 poses
[planner_server-4] [INFO] [1790986229.113409514] [planner_server]: Planning took 13 ms
[planner_server-4] [INFO] [1790986229.113753962] [planner_server]: Plan computed: 391 poses
[planner_server-4] [INFO] [1790986229.233307282] [planner_server]: Planning took 12 ms
[planner_server-4] [INFO] [1790986229.233762328] [planner_server]: Plan computed: 390 poses
[planner_server-4] [INFO] [1790986229.357140561] [planner_server]: Planning took 16 ms
[planner_server-4] [INFO] [1790986229.357680156] [planner_server]: Plan computed: 389 poses
[planner_server-4] [INFO] [1790986229.484391256] [planner_server]: Planning took 13 ms
[planner_server-4] [INFO] [1790986229.484714924] [planner_server]: Plan computed: 389 poses
[planner_server-4] [INFO] [1790986229.603550686] [planner_server]: Planning took 13 ms
[planner_server-4] [INFO] [1790986229.603933987] [planner_server]: Plan computed: 388 poses
[planner_server-4] [INFO] [1790986229.723132892] [planner_server]: Planning took 12 ms
[planner_server-4] [INFO] [1790986229.723422637] [planner_server]: Plan computed: 388 poses
[planner_server-4] [INFO] [1790986229.844890157] [planner_server]: Planning took 12 ms
[planner_server-4] [INFO] [1790986229.845252037] [planner_server]: Plan computed: 387 poses
[controller_node-5] [WARN] [1790986229.910387193] [controller_server]: path_copy succeeded.
[controller_node-5] [INFO] [1790986229.911167801] [controller_server]: Computed velocity commands: linear.x=0.44, linear.y=0.23, angular.z=0.00
[planner_server-4] [INFO] [1790986229.965403032] [planner_server]: Planning took 12 ms
[planner_server-4] [INFO] [1790986229.966471992] [planner_server]: Plan computed: 387 poses
[planner_server-4] [INFO] [1790986230.086547044] [planner_server]: Planning took 13 ms
[planner_server-4] [INFO] [1790986230.087156079] [planner_server]: Plan computed: 386 poses
[planner_server-4] [INFO] [1790986230.204856867] [planner_server]: Planning took 12 ms
[planner_server-4] [INFO] [1790986230.205298437] [planner_server]: Plan computed: 385 poses
[planner_server-4] [INFO] [1790986230.324182139] [planner_server]: Planning took 12 ms
[planner_server-4] [INFO] [1790986230.325173143] [planner_server]: Plan computed: 384 poses
[planner_server-4] [INFO] [1790986230.442896547] [planner_server]: Planning took 11 ms
[planner_server-4] [INFO] [1790986230.443739352] [planner_server]: Plan computed: 383 poses
[planner_server-4] [INFO] [1790986230.565550654] [planner_server]: Planning took 13 ms
[planner_server-4] [INFO] [1790986230.565905722] [planner_server]: Plan computed: 383 poses
[planner_server-4] [INFO] [1790986230.683781468] [planner_server]: Planning took 13 ms
[planner_server-4] [INFO] [1790986230.684023824] [planner_server]: Plan computed: 382 poses
[planner_server-4] [INFO] [1790986230.803902397] [planner_server]: Planning took 13 ms
[planner_server-4] [INFO] [1790986230.804344448] [planner_server]: Plan computed: 382 poses
[planner_server-4] [INFO] [1790986230.922670917] [planner_server]: Planning took 12 ms
[planner_server-4] [INFO] [1790986230.923818800] [planner_server]: Plan computed: 381 poses
[planner_server-4] [INFO] [1790986231.043298433] [planner_server]: Planning took 12 ms
[planner_server-4] [INFO] [1790986231.043665393] [planner_server]: Plan computed: 381 poses
[planner_server-4] [INFO] [1790986231.162957382] [planner_server]: Planning took 12 ms
[planner_server-4] [INFO] [1790986231.163338659] [planner_server]: Plan computed: 380 poses
[planner_server-4] [INFO] [1790986231.284108708] [planner_server]: Planning took 13 ms
[planner_server-4] [INFO] [1790986231.285067851] [planner_server]: Plan computed: 379 poses
[planner_server-4] [INFO] [1790986231.403368177] [planner_server]: Planning took 11 ms
[planner_server-4] [INFO] [1790986231.403613438] [planner_server]: Plan computed: 379 poses
[planner_server-4] [INFO] [1790986231.523120662] [planner_server]: Planning took 13 ms
[planner_server-4] [INFO] [1790986231.523545250] [planner_server]: Plan computed: 378 poses
[planner_server-4] [INFO] [1790986231.643613718] [planner_server]: Planning took 12 ms
[planner_server-4] [INFO] [1790986231.644386701] [planner_server]: Plan computed: 377 poses
[planner_server-4] [INFO] [1790986231.763790193] [planner_server]: Planning took 12 ms
[planner_server-4] [INFO] [1790986231.764266369] [planner_server]: Plan computed: 377 poses
[planner_server-4] [INFO] [1790986231.884510839] [planner_server]: Planning took 13 ms
[planner_server-4] [INFO] [1790986231.884867490] [planner_server]: Plan computed: 376 poses
[controller_node-5] [WARN] [1790986231.929749313] [controller_server]: path_copy succeeded.
[controller_node-5] [INFO] [1790986231.930206182] [controller_server]: Computed velocity commands: linear.x=0.28, linear.y=-0.30, angular.z=0.00
[planner_server-4] [INFO] [1790986232.005975439] [planner_server]: Planning took 14 ms
[planner_server-4] [INFO] [1790986232.006301282] [planner_server]: Plan computed: 375 poses
[planner_server-4] [INFO] [1790986232.126361610] [planner_server]: Planning took 13 ms
[planner_server-4] [INFO] [1790986232.126700187] [planner_server]: Plan computed: 375 poses
[planner_server-4] [INFO] [1790986232.246410093] [planner_server]: Planning took 14 ms
[planner_server-4] [INFO] [1790986232.247137791] [planner_server]: Plan computed: 374 poses
[planner_server-4] [INFO] [1790986232.366091865] [planner_server]: Planning took 15 ms
[planner_server-4] [INFO] [1790986232.366400796] [planner_server]: Plan computed: 373 poses
[planner_server-4] [INFO] [1790986232.484046159] [planner_server]: Planning took 12 ms
[planner_server-4] [INFO] [1790986232.484339731] [planner_server]: Plan computed: 374 poses
[planner_server-4] [INFO] [1790986232.603400106] [planner_server]: Planning took 12 ms
[planner_server-4] [INFO] [1790986232.603716060] [planner_server]: Plan computed: 373 poses
[planner_server-4] [INFO] [1790986232.725990498] [planner_server]: Planning took 13 ms
[planner_server-4] [INFO] [1790986232.726794680] [planner_server]: Plan computed: 373 poses
[planner_server-4] [INFO] [1790986232.845531455] [planner_server]: Planning took 12 ms
[planner_server-4] [INFO] [1790986232.846088492] [planner_server]: Plan computed: 372 poses
[planner_server-4] [INFO] [1790986232.973084536] [planner_server]: Planning took 17 ms
[planner_server-4] [INFO] [1790986232.973523021] [planner_server]: Plan computed: 371 poses
[planner_server-4] [INFO] [1790986233.094821986] [planner_server]: Planning took 13 ms
[planner_server-4] [INFO] [1790986233.095291910] [planner_server]: Plan computed: 370 poses
[planner_server-4] [INFO] [1790986233.215710656] [planner_server]: Planning took 15 ms
[planner_server-4] [INFO] [1790986233.216284715] [planner_server]: Plan computed: 369 poses
[planner_server-4] [INFO] [1790986233.335410284] [planner_server]: Planning took 14 ms
[planner_server-4] [INFO] [1790986233.335692395] [planner_server]: Plan computed: 368 poses
[planner_server-4] [INFO] [1790986233.453733778] [planner_server]: Planning took 12 ms
[planner_server-4] [INFO] [1790986233.454157875] [planner_server]: Plan computed: 369 poses
[planner_server-4] [INFO] [1790986233.575362956] [planner_server]: Planning took 13 ms
[planner_server-4] [INFO] [1790986233.575987902] [planner_server]: Plan computed: 368 poses
[planner_server-4] [INFO] [1790986233.695645229] [planner_server]: Planning took 11 ms
[planner_server-4] [INFO] [1790986233.695947497] [planner_server]: Plan computed: 368 poses
[planner_server-4] [INFO] [1790986233.820824513] [planner_server]: Planning took 20 ms
[planner_server-4] [INFO] [1790986233.821349200] [planner_server]: Plan computed: 367 poses
[controller_node-5] [WARN] [1790986233.929949300] [controller_server]: path_copy succeeded.
[controller_node-5] [INFO] [1790986233.930411940] [controller_server]: Computed velocity commands: linear.x=0.03, linear.y=-0.41, angular.z=0.00
[planner_server-4] [INFO] [1790986233.943560804] [planner_server]: Planning took 12 ms
[planner_server-4] [INFO] [1790986233.944081073] [planner_server]: Plan computed: 365 poses
[planner_server-4] [INFO] [1790986234.061906545] [planner_server]: Planning took 10 ms
[planner_server-4] [INFO] [1790986234.062231345] [planner_server]: Plan computed: 364 poses
[planner_server-4] [INFO] [1790986234.184746747] [planner_server]: Planning took 14 ms
[planner_server-4] [INFO] [1790986234.185188878] [planner_server]: Plan computed: 365 poses
[planner_server-4] [INFO] [1790986234.302600982] [planner_server]: Planning took 12 ms
[planner_server-4] [INFO] [1790986234.303111051] [planner_server]: Plan computed: 364 poses
[planner_server-4] [INFO] [1790986234.423416998] [planner_server]: Planning took 13 ms
[planner_server-4] [INFO] [1790986234.423976320] [planner_server]: Plan computed: 364 poses
[planner_server-4] [INFO] [1790986234.542325406] [planner_server]: Planning took 11 ms
[planner_server-4] [INFO] [1790986234.542970890] [planner_server]: Plan computed: 362 poses
[planner_server-4] [INFO] [1790986234.663890901] [planner_server]: Planning took 12 ms
[planner_server-4] [INFO] [1790986234.664399718] [planner_server]: Plan computed: 362 poses
[planner_server-4] [INFO] [1790986234.784939303] [planner_server]: Planning took 11 ms
[planner_server-4] [INFO] [1790986234.785507672] [planner_server]: Plan computed: 361 poses
[planner_server-4] [INFO] [1790986234.904834977] [planner_server]: Planning took 12 ms
[planner_server-4] [INFO] [1790986234.905243586] [planner_server]: Plan computed: 359 poses
[planner_server-4] [INFO] [1790986235.023425298] [planner_server]: Planning took 12 ms
[planner_server-4] [INFO] [1790986235.023910561] [planner_server]: Plan computed: 360 poses
[planner_server-4] [INFO] [1790986235.141483117] [planner_server]: Planning took 11 ms
[planner_server-4] [INFO] [1790986235.142272631] [planner_server]: Plan computed: 359 poses
[planner_server-4] [INFO] [1790986235.266251604] [planner_server]: Planning took 15 ms
[planner_server-4] [INFO] [1790986235.267149803] [planner_server]: Plan computed: 359 poses
[planner_server-4] [INFO] [1790986235.393648063] [planner_server]: Planning took 11 ms
[planner_server-4] [INFO] [1790986235.393952495] [planner_server]: Plan computed: 357 poses
[planner_server-4] [INFO] [1790986235.513926658] [planner_server]: Planning took 12 ms
[planner_server-4] [INFO] [1790986235.514177980] [planner_server]: Plan computed: 357 poses
[planner_server-4] [INFO] [1790986235.632991379] [planner_server]: Planning took 11 ms
[planner_server-4] [INFO] [1790986235.633261557] [planner_server]: Plan computed: 356 poses
[planner_server-4] [INFO] [1790986235.752422070] [planner_server]: Planning took 12 ms
[planner_server-4] [INFO] [1790986235.753555010] [planner_server]: Plan computed: 357 poses
[planner_server-4] [INFO] [1790986235.874609404] [planner_server]: Planning took 12 ms
[planner_server-4] [INFO] [1790986235.875256160] [planner_server]: Plan computed: 355 poses
[controller_node-5] [WARN] [1790986235.930373739] [controller_server]: path_copy succeeded.
[controller_node-5] [INFO] [1790986235.930790774] [controller_server]: Computed velocity commands: linear.x=-0.37, linear.y=-0.77, angular.z=0.00
[planner_server-4] [INFO] [1790986235.993502779] [planner_server]: Planning took 13 ms
[planner_server-4] [INFO] [1790986235.994097096] [planner_server]: Plan computed: 355 poses
[planner_server-4] [INFO] [1790986236.113293581] [planner_server]: Planning took 12 ms
[planner_server-4] [INFO] [1790986236.113654860] [planner_server]: Plan computed: 355 poses
[planner_server-4] [INFO] [1790986236.233981666] [planner_server]: Planning took 13 ms
[planner_server-4] [INFO] [1790986236.234331694] [planner_server]: Plan computed: 353 poses
[planner_server-4] [INFO] [1790986236.352850049] [planner_server]: Planning took 12 ms
[planner_server-4] [INFO] [1790986236.353672686] [planner_server]: Plan computed: 353 poses
[planner_server-4] [INFO] [1790986236.472969334] [planner_server]: Planning took 12 ms
[planner_server-4] [INFO] [1790986236.473417687] [planner_server]: Plan computed: 353 poses
[planner_server-4] [INFO] [1790986236.592284778] [planner_server]: Planning took 11 ms
[planner_server-4] [INFO] [1790986236.592666977] [planner_server]: Plan computed: 351 poses
[planner_server-4] [INFO] [1790986236.713053490] [planner_server]: Planning took 12 ms
[planner_server-4] [INFO] [1790986236.713514597] [planner_server]: Plan computed: 351 poses
[planner_server-4] [INFO] [1790986236.833208527] [planner_server]: Planning took 12 ms
[planner_server-4] [INFO] [1790986236.833675746] [planner_server]: Plan computed: 351 poses
[planner_server-4] [INFO] [1790986236.955475511] [planner_server]: Planning took 13 ms
[planner_server-4] [INFO] [1790986236.956438732] [planner_server]: Plan computed: 351 poses
[planner_server-4] [INFO] [1790986237.071646321] [planner_server]: Planning took 11 ms
[planner_server-4] [INFO] [1790986237.072525485] [planner_server]: Plan computed: 350 poses
[planner_server-4] [INFO] [1790986237.192200514] [planner_server]: Planning took 12 ms
[planner_server-4] [INFO] [1790986237.192504365] [planner_server]: Plan computed: 349 poses
[planner_server-4] [INFO] [1790986237.312299711] [planner_server]: Planning took 11 ms
[planner_server-4] [INFO] [1790986237.312964541] [planner_server]: Plan computed: 348 poses
[planner_server-4] [INFO] [1790986237.435331233] [planner_server]: Planning took 14 ms
[planner_server-4] [INFO] [1790986237.435768064] [planner_server]: Plan computed: 347 poses
[planner_server-4] [INFO] [1790986237.556641507] [planner_server]: Planning took 12 ms
[planner_server-4] [INFO] [1790986237.557238750] [planner_server]: Plan computed: 345 poses
[planner_server-4] [INFO] [1790986237.673367247] [planner_server]: Planning took 11 ms
[planner_server-4] [INFO] [1790986237.673919796] [planner_server]: Plan computed: 345 poses
[planner_server-4] [INFO] [1790986237.791286179] [planner_server]: Planning took 11 ms
[planner_server-4] [INFO] [1790986237.791783665] [planner_server]: Plan computed: 344 poses
[planner_server-4] [INFO] [1790986237.911856213] [planner_server]: Planning took 11 ms
[planner_server-4] [INFO] [1790986237.912376240] [planner_server]: Plan computed: 344 poses
[controller_node-5] [WARN] [1790986237.949664545] [controller_server]: path_copy succeeded.
[controller_node-5] [INFO] [1790986237.949925145] [controller_server]: Computed velocity commands: linear.x=-0.77, linear.y=0.16, angular.z=0.00
[planner_server-4] [INFO] [1790986238.037002680] [planner_server]: Planning took 12 ms
[planner_server-4] [INFO] [1790986238.037370902] [planner_server]: Plan computed: 342 poses
[planner_server-4] [INFO] [1790986238.155289490] [planner_server]: Planning took 15 ms
[planner_server-4] [INFO] [1790986238.156578574] [planner_server]: Plan computed: 342 poses
[planner_server-4] [INFO] [1790986238.272275864] [planner_server]: Planning took 11 ms
[planner_server-4] [INFO] [1790986238.272646881] [planner_server]: Plan computed: 341 poses
[planner_server-4] [INFO] [1790986238.392999134] [planner_server]: Planning took 12 ms
[planner_server-4] [INFO] [1790986238.393367377] [planner_server]: Plan computed: 341 poses
[planner_server-4] [INFO] [1790986238.516448852] [planner_server]: Planning took 13 ms
[planner_server-4] [INFO] [1790986238.516713439] [planner_server]: Plan computed: 341 poses
[planner_server-4] [INFO] [1790986238.632866317] [planner_server]: Planning took 12 ms
[planner_server-4] [INFO] [1790986238.633577704] [planner_server]: Plan computed: 341 poses
[planner_server-4] [INFO] [1790986238.758253928] [planner_server]: Planning took 15 ms
[planner_server-4] [INFO] [1790986238.758550927] [planner_server]: Plan computed: 340 poses
[planner_server-4] [INFO] [1790986238.882736513] [planner_server]: Planning took 12 ms
[planner_server-4] [INFO] [1790986238.883337673] [planner_server]: Plan computed: 339 poses
[planner_server-4] [INFO] [1790986239.002243642] [planner_server]: Planning took 11 ms
[planner_server-4] [INFO] [1790986239.003180644] [planner_server]: Plan computed: 339 poses
[planner_server-4] [INFO] [1790986239.122794939] [planner_server]: Planning took 12 ms
[planner_server-4] [INFO] [1790986239.124037400] [planner_server]: Plan computed: 338 poses
[planner_server-4] [INFO] [1790986239.242199315] [planner_server]: Planning took 11 ms
[planner_server-4] [INFO] [1790986239.243150363] [planner_server]: Plan computed: 338 poses
[planner_server-4] [INFO] [1790986239.360512640] [planner_server]: Planning took 10 ms
[planner_server-4] [INFO] [1790986239.360814347] [planner_server]: Plan computed: 337 poses
[planner_server-4] [INFO] [1790986239.484094390] [planner_server]: Planning took 11 ms
[planner_server-4] [INFO] [1790986239.484502107] [planner_server]: Plan computed: 336 poses
[planner_server-4] [INFO] [1790986239.601479098] [planner_server]: Planning took 10 ms
[planner_server-4] [INFO] [1790986239.602384020] [planner_server]: Plan computed: 335 poses
[planner_server-4] [INFO] [1790986239.720211195] [planner_server]: Planning took 9 ms
[planner_server-4] [INFO] [1790986239.720498375] [planner_server]: Plan computed: 334 poses
[planner_server-4] [INFO] [1790986239.843375386] [planner_server]: Planning took 11 ms
[planner_server-4] [INFO] [1790986239.844156204] [planner_server]: Plan computed: 333 poses
[controller_node-5] [WARN] [1790986239.950260667] [controller_server]: path_copy succeeded.
[controller_node-5] [INFO] [1790986239.951958293] [controller_server]: Computed velocity commands: linear.x=0.60, linear.y=0.80, angular.z=0.00
[planner_server-4] [INFO] [1790986239.962432704] [planner_server]: Planning took 11 ms
[planner_server-4] [INFO] [1790986239.963345821] [planner_server]: Plan computed: 333 poses
[planner_server-4] [INFO] [1790986240.080222248] [planner_server]: Planning took 9 ms
[planner_server-4] [INFO] [1790986240.080891346] [planner_server]: Plan computed: 333 poses
[planner_server-4] [INFO] [1790986240.200272113] [planner_server]: Planning took 9 ms
[planner_server-4] [INFO] [1790986240.201057560] [planner_server]: Plan computed: 332 poses
[planner_server-4] [INFO] [1790986240.320171054] [planner_server]: Planning took 9 ms
[planner_server-4] [INFO] [1790986240.320607174] [planner_server]: Plan computed: 330 poses
[planner_server-4] [INFO] [1790986240.440729064] [planner_server]: Planning took 9 ms
[planner_server-4] [INFO] [1790986240.441180573] [planner_server]: Plan computed: 330 poses
[planner_server-4] [INFO] [1790986240.559888444] [planner_server]: Planning took 8 ms
[planner_server-4] [INFO] [1790986240.560156659] [planner_server]: Plan computed: 328 poses
[planner_server-4] [INFO] [1790986240.678619114] [planner_server]: Planning took 9 ms
[planner_server-4] [INFO] [1790986240.679220415] [planner_server]: Plan computed: 327 poses
[planner_server-4] [INFO] [1790986240.800155358] [planner_server]: Planning took 8 ms
[planner_server-4] [INFO] [1790986240.800438851] [planner_server]: Plan computed: 325 poses
[planner_server-4] [INFO] [1790986240.921586130] [planner_server]: Planning took 9 ms
[planner_server-4] [INFO] [1790986240.921931599] [planner_server]: Plan computed: 324 poses
[planner_server-4] [INFO] [1790986241.041784373] [planner_server]: Planning took 8 ms
[planner_server-4] [INFO] [1790986241.042678795] [planner_server]: Plan computed: 323 poses
[planner_server-4] [INFO] [1790986241.159536963] [planner_server]: Planning took 8 ms
[planner_server-4] [INFO] [1790986241.159856734] [planner_server]: Plan computed: 322 poses
[planner_server-4] [INFO] [1790986241.280711147] [planner_server]: Planning took 8 ms
[planner_server-4] [INFO] [1790986241.281331934] [planner_server]: Plan computed: 322 poses
[planner_server-4] [INFO] [1790986241.400104617] [planner_server]: Planning took 9 ms
[planner_server-4] [INFO] [1790986241.400524867] [planner_server]: Plan computed: 321 poses
[planner_server-4] [INFO] [1790986241.519477769] [planner_server]: Planning took 9 ms
[planner_server-4] [INFO] [1790986241.519743960] [planner_server]: Plan computed: 320 poses
[planner_server-4] [INFO] [1790986241.640416135] [planner_server]: Planning took 9 ms
[planner_server-4] [INFO] [1790986241.640941021] [planner_server]: Plan computed: 320 poses
[planner_server-4] [INFO] [1790986241.760126992] [planner_server]: Planning took 9 ms
[planner_server-4] [INFO] [1790986241.760852576] [planner_server]: Plan computed: 319 poses
[planner_server-4] [INFO] [1790986241.879017797] [planner_server]: Planning took 8 ms
[planner_server-4] [INFO] [1790986241.879730998] [planner_server]: Plan computed: 319 poses
[controller_node-5] [WARN] [1790986241.969830906] [controller_server]: path_copy succeeded.
[controller_node-5] [INFO] [1790986241.970121032] [controller_server]: Computed velocity commands: linear.x=0.50, linear.y=-0.22, angular.z=0.00
[planner_server-4] [INFO] [1790986241.999862536] [planner_server]: Planning took 9 ms
[planner_server-4] [INFO] [1790986242.000462184] [planner_server]: Plan computed: 319 poses
[planner_server-4] [INFO] [1790986242.120912050] [planner_server]: Planning took 9 ms
[planner_server-4] [INFO] [1790986242.121618208] [planner_server]: Plan computed: 318 poses
[planner_server-4] [INFO] [1790986242.239658649] [planner_server]: Planning took 9 ms
[planner_server-4] [INFO] [1790986242.239984402] [planner_server]: Plan computed: 317 poses
[planner_server-4] [INFO] [1790986242.364631764] [planner_server]: Planning took 12 ms
[planner_server-4] [INFO] [1790986242.365466684] [planner_server]: Plan computed: 317 poses
[planner_server-4] [INFO] [1790986242.481597121] [planner_server]: Planning took 10 ms
[planner_server-4] [INFO] [1790986242.482045995] [planner_server]: Plan computed: 317 poses
[planner_server-4] [INFO] [1790986242.600208982] [planner_server]: Planning took 10 ms
[planner_server-4] [INFO] [1790986242.601487866] [planner_server]: Plan computed: 316 poses
[planner_server-4] [INFO] [1790986242.719319490] [planner_server]: Planning took 8 ms
[planner_server-4] [INFO] [1790986242.719711086] [planner_server]: Plan computed: 315 poses
[planner_server-4] [INFO] [1790986242.839572146] [planner_server]: Planning took 8 ms
[planner_server-4] [INFO] [1790986242.839970745] [planner_server]: Plan computed: 315 poses
[planner_server-4] [INFO] [1790986242.960643541] [planner_server]: Planning took 8 ms
[planner_server-4] [INFO] [1790986242.960952322] [planner_server]: Plan computed: 314 poses
[planner_server-4] [INFO] [1790986243.081427426] [planner_server]: Planning took 8 ms
[planner_server-4] [INFO] [1790986243.082281782] [planner_server]: Plan computed: 313 poses
[planner_server-4] [INFO] [1790986243.200260172] [planner_server]: Planning took 8 ms
[planner_server-4] [INFO] [1790986243.200709447] [planner_server]: Plan computed: 312 poses
[planner_server-4] [INFO] [1790986243.323291743] [planner_server]: Planning took 11 ms
[planner_server-4] [INFO] [1790986243.323880871] [planner_server]: Plan computed: 312 poses
[planner_server-4] [INFO] [1790986243.438964748] [planner_server]: Planning took 8 ms
[planner_server-4] [INFO] [1790986243.439354521] [planner_server]: Plan computed: 311 poses
[planner_server-4] [INFO] [1790986243.560655448] [planner_server]: Planning took 9 ms
[planner_server-4] [INFO] [1790986243.561075147] [planner_server]: Plan computed: 310 poses
[planner_server-4] [INFO] [1790986243.685540905] [planner_server]: Planning took 15 ms
[planner_server-4] [INFO] [1790986243.687186938] [planner_server]: Plan computed: 310 poses
[planner_server-4] [INFO] [1790986243.801219901] [planner_server]: Planning took 10 ms
[planner_server-4] [INFO] [1790986243.801607700] [planner_server]: Plan computed: 309 poses
[planner_server-4] [INFO] [1790986243.919787157] [planner_server]: Planning took 8 ms
[planner_server-4] [INFO] [1790986243.920311804] [planner_server]: Plan computed: 308 poses
[controller_node-5] [WARN] [1790986243.989518757] [controller_server]: path_copy succeeded.
[controller_node-5] [INFO] [1790986243.989972480] [controller_server]: Computed velocity commands: linear.x=0.02, linear.y=-0.28, angular.z=0.00
[planner_server-4] [INFO] [1790986244.039255328] [planner_server]: Planning took 8 ms
[planner_server-4] [INFO] [1790986244.039873650] [planner_server]: Plan computed: 307 poses
[planner_server-4] [INFO] [1790986244.161267683] [planner_server]: Planning took 9 ms
[planner_server-4] [INFO] [1790986244.161751372] [planner_server]: Plan computed: 307 poses
[planner_server-4] [INFO] [1790986244.281961448] [planner_server]: Planning took 10 ms
[planner_server-4] [INFO] [1790986244.282258016] [planner_server]: Plan computed: 305 poses
[planner_server-4] [INFO] [1790986244.400098176] [planner_server]: Planning took 9 ms
[planner_server-4] [INFO] [1790986244.400739121] [planner_server]: Plan computed: 304 poses
[planner_server-4] [INFO] [1790986244.518877276] [planner_server]: Planning took 8 ms
[planner_server-4] [INFO] [1790986244.519418774] [planner_server]: Plan computed: 303 poses
[planner_server-4] [INFO] [1790986244.639764420] [planner_server]: Planning took 9 ms
[planner_server-4] [INFO] [1790986244.640180272] [planner_server]: Plan computed: 302 poses
[planner_server-4] [INFO] [1790986244.759413832] [planner_server]: Planning took 8 ms
[planner_server-4] [INFO] [1790986244.759863317] [planner_server]: Plan computed: 302 poses
[planner_server-4] [INFO] [1790986244.880135149] [planner_server]: Planning took 9 ms
[planner_server-4] [INFO] [1790986244.880918532] [planner_server]: Plan computed: 301 poses
[planner_server-4] [INFO] [1790986244.999706584] [planner_server]: Planning took 8 ms
[planner_server-4] [INFO] [1790986244.999966502] [planner_server]: Plan computed: 301 poses
[planner_server-4] [INFO] [1790986245.123565290] [planner_server]: Planning took 11 ms
[planner_server-4] [INFO] [1790986245.123980681] [planner_server]: Plan computed: 301 poses
[planner_server-4] [INFO] [1790986245.241286140] [planner_server]: Planning took 10 ms
[planner_server-4] [INFO] [1790986245.241897880] [planner_server]: Plan computed: 300 poses
[planner_server-4] [INFO] [1790986245.359543219] [planner_server]: Planning took 8 ms
[planner_server-4] [INFO] [1790986245.360080890] [planner_server]: Plan computed: 300 poses
[planner_server-4] [INFO] [1790986245.479728438] [planner_server]: Planning took 8 ms
[planner_server-4] [INFO] [1790986245.480480872] [planner_server]: Plan computed: 298 poses
[planner_server-4] [INFO] [1790986245.604534776] [planner_server]: Planning took 10 ms
[planner_server-4] [INFO] [1790986245.605515941] [planner_server]: Plan computed: 298 poses
[planner_server-4] [INFO] [1790986245.721703743] [planner_server]: Planning took 8 ms
[planner_server-4] [INFO] [1790986245.722460156] [planner_server]: Plan computed: 297 poses
[planner_server-4] [INFO] [1790986245.839659120] [planner_server]: Planning took 9 ms
[planner_server-4] [INFO] [1790986245.840141377] [planner_server]: Plan computed: 296 poses
[planner_server-4] [INFO] [1790986245.962127720] [planner_server]: Planning took 11 ms
[planner_server-4] [INFO] [1790986245.963305665] [planner_server]: Plan computed: 296 poses
[controller_node-5] [WARN] [1790986245.989838127] [controller_server]: path_copy succeeded.
[controller_node-5] [INFO] [1790986245.990245734] [controller_server]: Computed velocity commands: linear.x=-0.54, linear.y=-0.10, angular.z=0.00
[planner_server-4] [INFO] [1790986246.082255153] [planner_server]: Planning took 9 ms
[planner_server-4] [INFO] [1790986246.083536051] [planner_server]: Plan computed: 295 poses
[planner_server-4] [INFO] [1790986246.200563773] [planner_server]: Planning took 9 ms
[planner_server-4] [INFO] [1790986246.201558354] [planner_server]: Plan computed: 294 poses
[planner_server-4] [INFO] [1790986246.319192566] [planner_server]: Planning took 9 ms
[planner_server-4] [INFO] [1790986246.319651379] [planner_server]: Plan computed: 294 poses
[planner_server-4] [INFO] [1790986246.432123224] [planner_server]: Planning took 8 ms
[planner_server-4] [INFO] [1790986246.432298464] [planner_server]: Plan computed: 293 poses
[planner_server-4] [INFO] [1790986246.555504623] [planner_server]: Planning took 10 ms
[planner_server-4] [INFO] [1790986246.555788357] [planner_server]: Plan computed: 292 poses
[planner_server-4] [INFO] [1790986246.668764059] [planner_server]: Planning took 8 ms
[planner_server-4] [INFO] [1790986246.669064414] [planner_server]: Plan computed: 291 poses
[planner_server-4] [INFO] [1790986246.790507673] [planner_server]: Planning took 8 ms
[planner_server-4] [INFO] [1790986246.791240952] [planner_server]: Plan computed: 291 poses
[planner_server-4] [INFO] [1790986246.909440062] [planner_server]: Planning took 8 ms
[planner_server-4] [INFO] [1790986246.909976501] [planner_server]: Plan computed: 290 poses
[planner_server-4] [INFO] [1790986247.027974166] [planner_server]: Planning took 7 ms
[planner_server-4] [INFO] [1790986247.028468185] [planner_server]: Plan computed: 289 poses
[planner_server-4] [INFO] [1790986247.138995580] [planner_server]: Planning took 8 ms
[planner_server-4] [INFO] [1790986247.139586441] [planner_server]: Plan computed: 289 poses
[planner_server-4] [INFO] [1790986247.259458125] [planner_server]: Planning took 8 ms
[planner_server-4] [INFO] [1790986247.260062161] [planner_server]: Plan computed: 288 poses
[planner_server-4] [INFO] [1790986247.379080746] [planner_server]: Planning took 8 ms
[planner_server-4] [INFO] [1790986247.379356154] [planner_server]: Plan computed: 288 poses
[planner_server-4] [INFO] [1790986247.499810509] [planner_server]: Planning took 8 ms
[planner_server-4] [INFO] [1790986247.500162140] [planner_server]: Plan computed: 288 poses
[planner_server-4] [INFO] [1790986247.620751790] [planner_server]: Planning took 9 ms
[planner_server-4] [INFO] [1790986247.621527579] [planner_server]: Plan computed: 287 poses
[planner_server-4] [INFO] [1790986247.739037527] [planner_server]: Planning took 8 ms
[planner_server-4] [INFO] [1790986247.739452868] [planner_server]: Plan computed: 286 poses
[planner_server-4] [INFO] [1790986247.859078795] [planner_server]: Planning took 8 ms
[planner_server-4] [INFO] [1790986247.859470111] [planner_server]: Plan computed: 286 poses
[planner_server-4] [INFO] [1790986247.979082704] [planner_server]: Planning took 8 ms
[planner_server-4] [INFO] [1790986247.979421360] [planner_server]: Plan computed: 285 poses
[controller_node-5] [WARN] [1790986248.010373561] [controller_server]: path_copy succeeded.
[controller_node-5] [INFO] [1790986248.011259327] [controller_server]: Computed velocity commands: linear.x=0.34, linear.y=0.08, angular.z=0.00
[planner_server-4] [INFO] [1790986248.102926532] [planner_server]: Planning took 9 ms
[planner_server-4] [INFO] [1790986248.103748247] [planner_server]: Plan computed: 284 poses
[planner_server-4] [INFO] [1790986248.220025728] [planner_server]: Planning took 8 ms
[planner_server-4] [INFO] [1790986248.220329489] [planner_server]: Plan computed: 283 poses
[planner_server-4] [INFO] [1790986248.339864275] [planner_server]: Planning took 9 ms
[planner_server-4] [INFO] [1790986248.340610839] [planner_server]: Plan computed: 283 poses
[planner_server-4] [INFO] [1790986248.458923752] [planner_server]: Planning took 8 ms
[planner_server-4] [INFO] [1790986248.459355364] [planner_server]: Plan computed: 282 poses
[planner_server-4] [INFO] [1790986248.572207524] [planner_server]: Planning took 8 ms
[planner_server-4] [INFO] [1790986248.572726681] [planner_server]: Plan computed: 281 poses
[planner_server-4] [INFO] [1790986248.689259096] [planner_server]: Planning took 8 ms
[planner_server-4] [INFO] [1790986248.690109575] [planner_server]: Plan computed: 280 poses
[planner_server-4] [INFO] [1790986248.809976997] [planner_server]: Planning took 8 ms
[planner_server-4] [INFO] [1790986248.810886287] [planner_server]: Plan computed: 280 poses
[planner_server-4] [INFO] [1790986248.930919650] [planner_server]: Planning took 8 ms
[planner_server-4] [INFO] [1790986248.931868945] [planner_server]: Plan computed: 279 poses
[planner_server-4] [INFO] [1790986249.049516783] [planner_server]: Planning took 8 ms
[planner_server-4] [INFO] [1790986249.050112633] [planner_server]: Plan computed: 279 poses
[planner_server-4] [INFO] [1790986249.172618727] [planner_server]: Planning took 9 ms
[planner_server-4] [INFO] [1790986249.173355272] [planner_server]: Plan computed: 278 poses
[planner_server-4] [INFO] [1790986249.287851032] [planner_server]: Planning took 7 ms
[planner_server-4] [INFO] [1790986249.288632412] [planner_server]: Plan computed: 277 poses
[planner_server-4] [INFO] [1790986249.403944638] [planner_server]: Planning took 8 ms
[planner_server-4] [INFO] [1790986249.404401376] [planner_server]: Plan computed: 275 poses
[planner_server-4] [INFO] [1790986249.518476667] [planner_server]: Planning took 7 ms
[planner_server-4] [INFO] [1790986249.519079420] [planner_server]: Plan computed: 274 poses
[planner_server-4] [INFO] [1790986249.641119942] [planner_server]: Planning took 8 ms
[planner_server-4] [INFO] [1790986249.641512050] [planner_server]: Plan computed: 273 poses
[planner_server-4] [INFO] [1790986249.758499912] [planner_server]: Planning took 7 ms
[planner_server-4] [INFO] [1790986249.758906367] [planner_server]: Plan computed: 272 poses
[planner_server-4] [INFO] [1790986249.880459839] [planner_server]: Planning took 8 ms
[planner_server-4] [INFO] [1790986249.880864469] [planner_server]: Plan computed: 271 poses
[planner_server-4] [INFO] [1790986249.999848119] [planner_server]: Planning took 7 ms
[planner_server-4] [INFO] [1790986250.000473415] [planner_server]: Plan computed: 269 poses
[controller_node-5] [WARN] [1790986250.029418161] [controller_server]: path_copy succeeded.
[controller_node-5] [INFO] [1790986250.029723395] [controller_server]: Computed velocity commands: linear.x=0.13, linear.y=-0.28, angular.z=0.00
[planner_server-4] [INFO] [1790986250.118432979] [planner_server]: Planning took 7 ms
[planner_server-4] [INFO] [1790986250.118866815] [planner_server]: Plan computed: 268 poses
[planner_server-4] [INFO] [1790986250.238198088] [planner_server]: Planning took 7 ms
[planner_server-4] [INFO] [1790986250.238748803] [planner_server]: Plan computed: 268 poses
[planner_server-4] [INFO] [1790986250.359396763] [planner_server]: Planning took 9 ms
[planner_server-4] [INFO] [1790986250.359647234] [planner_server]: Plan computed: 266 poses
[planner_server-4] [INFO] [1790986250.478131013] [planner_server]: Planning took 7 ms
[planner_server-4] [INFO] [1790986250.478854944] [planner_server]: Plan computed: 265 poses
[planner_server-4] [INFO] [1790986250.598286056] [planner_server]: Planning took 7 ms
[planner_server-4] [INFO] [1790986250.598490310] [planner_server]: Plan computed: 264 poses
[planner_server-4] [INFO] [1790986250.721640895] [planner_server]: Planning took 8 ms
[planner_server-4] [INFO] [1790986250.721984010] [planner_server]: Plan computed: 263 poses
[planner_server-4] [INFO] [1790986250.838252414] [planner_server]: Planning took 7 ms
[planner_server-4] [INFO] [1790986250.838985652] [planner_server]: Plan computed: 262 poses
[planner_server-4] [INFO] [1790986250.960600049] [planner_server]: Planning took 7 ms
[planner_server-4] [INFO] [1790986250.962227695] [planner_server]: Plan computed: 261 poses
[planner_server-4] [INFO] [1790986251.079623764] [planner_server]: Planning took 7 ms
[planner_server-4] [INFO] [1790986251.080101953] [planner_server]: Plan computed: 261 poses
[planner_server-4] [INFO] [1790986251.198749210] [planner_server]: Planning took 7 ms
[planner_server-4] [INFO] [1790986251.199015301] [planner_server]: Plan computed: 260 poses
[planner_server-4] [INFO] [1790986251.316751414] [planner_server]: Planning took 6 ms
[planner_server-4] [INFO] [1790986251.317221789] [planner_server]: Plan computed: 259 poses
[planner_server-4] [INFO] [1790986251.428370867] [planner_server]: Planning took 8 ms
[planner_server-4] [INFO] [1790986251.428631707] [planner_server]: Plan computed: 258 poses
[planner_server-4] [INFO] [1790986251.541817455] [planner_server]: Planning took 8 ms
[planner_server-4] [INFO] [1790986251.542224861] [planner_server]: Plan computed: 258 poses
[planner_server-4] [INFO] [1790986251.658028571] [planner_server]: Planning took 7 ms
[planner_server-4] [INFO] [1790986251.659344145] [planner_server]: Plan computed: 257 poses
[planner_server-4] [INFO] [1790986251.778062817] [planner_server]: Planning took 7 ms
[planner_server-4] [INFO] [1790986251.778546296] [planner_server]: Plan computed: 257 poses
[planner_server-4] [INFO] [1790986251.898739039] [planner_server]: Planning took 7 ms
[planner_server-4] [INFO] [1790986251.899254238] [planner_server]: Plan computed: 256 poses
[planner_server-4] [INFO] [1790986252.018468691] [planner_server]: Planning took 8 ms
[planner_server-4] [INFO] [1790986252.018815664] [planner_server]: Plan computed: 255 poses
[controller_node-5] [WARN] [1790986252.029427167] [controller_server]: path_copy succeeded.
[controller_node-5] [INFO] [1790986252.049533234] [controller_server]: Computed velocity commands: linear.x=-0.15, linear.y=-0.44, angular.z=0.00
[planner_server-4] [INFO] [1790986252.137788503] [planner_server]: Planning took 7 ms
[planner_server-4] [INFO] [1790986252.138257886] [planner_server]: Plan computed: 254 poses
[planner_server-4] [INFO] [1790986252.259287798] [planner_server]: Planning took 7 ms
[planner_server-4] [INFO] [1790986252.259517580] [planner_server]: Plan computed: 254 poses
[planner_server-4] [INFO] [1790986252.381130579] [planner_server]: Planning took 10 ms
[planner_server-4] [INFO] [1790986252.381454548] [planner_server]: Plan computed: 253 poses
[planner_server-4] [INFO] [1790986252.498040268] [planner_server]: Planning took 7 ms
[planner_server-4] [INFO] [1790986252.498414322] [planner_server]: Plan computed: 252 poses
[planner_server-4] [INFO] [1790986252.608218371] [planner_server]: Planning took 7 ms
[planner_server-4] [INFO] [1790986252.608615267] [planner_server]: Plan computed: 251 poses
[planner_server-4] [INFO] [1790986252.719438192] [planner_server]: Planning took 7 ms
[planner_server-4] [INFO] [1790986252.719981413] [planner_server]: Plan computed: 250 poses
[planner_server-4] [INFO] [1790986252.842389432] [planner_server]: Planning took 9 ms
[planner_server-4] [INFO] [1790986252.842616308] [planner_server]: Plan computed: 249 poses
[planner_server-4] [INFO] [1790986252.960416137] [planner_server]: Planning took 9 ms
[planner_server-4] [INFO] [1790986252.960901960] [planner_server]: Plan computed: 249 poses
[planner_server-4] [INFO] [1790986253.078514217] [planner_server]: Planning took 7 ms
[planner_server-4] [INFO] [1790986253.079081824] [planner_server]: Plan computed: 248 poses
[planner_server-4] [INFO] [1790986253.202804064] [planner_server]: Planning took 11 ms
[planner_server-4] [INFO] [1790986253.203503679] [planner_server]: Plan computed: 248 poses
[planner_server-4] [INFO] [1790986253.320534035] [planner_server]: Planning took 7 ms
[planner_server-4] [INFO] [1790986253.320978702] [planner_server]: Plan computed: 247 poses
[planner_server-4] [INFO] [1790986253.437635637] [planner_server]: Planning took 6 ms
[planner_server-4] [INFO] [1790986253.437880387] [planner_server]: Plan computed: 247 poses
[planner_server-4] [INFO] [1790986253.548223950] [planner_server]: Planning took 7 ms
[planner_server-4] [INFO] [1790986253.548634141] [planner_server]: Plan computed: 246 poses
[planner_server-4] [INFO] [1790986253.665623241] [planner_server]: Planning took 9 ms
[planner_server-4] [INFO] [1790986253.666252825] [planner_server]: Plan computed: 245 poses
[planner_server-4] [INFO] [1790986253.785076503] [planner_server]: Planning took 13 ms
[planner_server-4] [INFO] [1790986253.785438264] [planner_server]: Plan computed: 245 poses
[planner_server-4] [INFO] [1790986253.899479089] [planner_server]: Planning took 7 ms
[planner_server-4] [INFO] [1790986253.899897686] [planner_server]: Plan computed: 245 poses
[planner_server-4] [INFO] [1790986254.019742295] [planner_server]: Planning took 7 ms
[planner_server-4] [INFO] [1790986254.020244018] [planner_server]: Plan computed: 244 poses
[controller_node-5] [WARN] [1790986254.049899551] [controller_server]: path_copy succeeded.
[controller_node-5] [INFO] [1790986254.050129042] [controller_server]: Computed velocity commands: linear.x=-0.75, linear.y=0.38, angular.z=0.00
[planner_server-4] [INFO] [1790986254.138716106] [planner_server]: Planning took 7 ms
[planner_server-4] [INFO] [1790986254.139093756] [planner_server]: Plan computed: 244 poses
[planner_server-4] [INFO] [1790986254.249367047] [planner_server]: Planning took 8 ms
[planner_server-4] [INFO] [1790986254.249880883] [planner_server]: Plan computed: 242 poses
[planner_server-4] [INFO] [1790986254.369757602] [planner_server]: Planning took 6 ms
[planner_server-4] [INFO] [1790986254.370204703] [planner_server]: Plan computed: 241 poses
[planner_server-4] [INFO] [1790986254.487168615] [planner_server]: Planning took 6 ms
[planner_server-4] [INFO] [1790986254.487590969] [planner_server]: Plan computed: 241 poses
[planner_server-4] [INFO] [1790986254.600507185] [planner_server]: Planning took 8 ms
[planner_server-4] [INFO] [1790986254.601003177] [planner_server]: Plan computed: 239 poses
[planner_server-4] [INFO] [1790986254.718936868] [planner_server]: Planning took 6 ms
[planner_server-4] [INFO] [1790986254.719351046] [planner_server]: Plan computed: 238 poses
[planner_server-4] [INFO] [1790986254.838900179] [planner_server]: Planning took 7 ms
[planner_server-4] [INFO] [1790986254.839211434] [planner_server]: Plan computed: 238 poses
[planner_server-4] [INFO] [1790986254.961103393] [planner_server]: Planning took 8 ms
[planner_server-4] [INFO] [1790986254.961630263] [planner_server]: Plan computed: 236 poses
[planner_server-4] [INFO] [1790986255.078939585] [planner_server]: Planning took 8 ms
[planner_server-4] [INFO] [1790986255.079512963] [planner_server]: Plan computed: 236 poses
[planner_server-4] [INFO] [1790986255.197931109] [planner_server]: Planning took 7 ms
[planner_server-4] [INFO] [1790986255.198656052] [planner_server]: Plan computed: 235 poses
[planner_server-4] [INFO] [1790986255.310487143] [planner_server]: Planning took 7 ms
[planner_server-4] [INFO] [1790986255.310967586] [planner_server]: Plan computed: 234 poses
[planner_server-4] [INFO] [1790986255.427745263] [planner_server]: Planning took 7 ms
[planner_server-4] [INFO] [1790986255.428479573] [planner_server]: Plan computed: 234 poses
[planner_server-4] [INFO] [1790986255.549768944] [planner_server]: Planning took 8 ms
[planner_server-4] [INFO] [1790986255.550199062] [planner_server]: Plan computed: 234 poses
[planner_server-4] [INFO] [1790986255.668963024] [planner_server]: Planning took 7 ms
[planner_server-4] [INFO] [1790986255.669326878] [planner_server]: Plan computed: 235 poses
[planner_server-4] [INFO] [1790986255.788137608] [planner_server]: Planning took 6 ms
[planner_server-4] [INFO] [1790986255.788451328] [planner_server]: Plan computed: 233 poses
[planner_server-4] [INFO] [1790986255.908446729] [planner_server]: Planning took 7 ms
[planner_server-4] [INFO] [1790986255.908935649] [planner_server]: Plan computed: 233 poses
[planner_server-4] [INFO] [1790986256.027649972] [planner_server]: Planning took 7 ms
[planner_server-4] [INFO] [1790986256.028081323] [planner_server]: Plan computed: 232 poses
[controller_node-5] [WARN] [1790986256.069162124] [controller_server]: path_copy succeeded.
[controller_node-5] [INFO] [1790986256.069772752] [controller_server]: Computed velocity commands: linear.x=0.32, linear.y=0.74, angular.z=0.00
[planner_server-4] [INFO] [1790986256.148261232] [planner_server]: Planning took 6 ms
[planner_server-4] [INFO] [1790986256.148531109] [planner_server]: Plan computed: 231 poses
[planner_server-4] [INFO] [1790986256.261745486] [planner_server]: Planning took 9 ms
[planner_server-4] [INFO] [1790986256.262099241] [planner_server]: Plan computed: 231 poses
[planner_server-4] [INFO] [1790986256.376435918] [planner_server]: Planning took 6 ms
[planner_server-4] [INFO] [1790986256.377181590] [planner_server]: Plan computed: 229 poses
[planner_server-4] [INFO] [1790986256.498535146] [planner_server]: Planning took 7 ms
[planner_server-4] [INFO] [1790986256.498908358] [planner_server]: Plan computed: 229 poses
[planner_server-4] [INFO] [1790986256.617229887] [planner_server]: Planning took 5 ms
[planner_server-4] [INFO] [1790986256.617831889] [planner_server]: Plan computed: 230 poses
[planner_server-4] [INFO] [1790986256.727869732] [planner_server]: Planning took 6 ms
[planner_server-4] [INFO] [1790986256.728375863] [planner_server]: Plan computed: 228 poses
[planner_server-4] [INFO] [1790986256.847158556] [planner_server]: Planning took 6 ms
[planner_server-4] [INFO] [1790986256.847449754] [planner_server]: Plan computed: 227 poses
[planner_server-4] [INFO] [1790986256.958753352] [planner_server]: Planning took 6 ms
[planner_server-4] [INFO] [1790986256.959369561] [planner_server]: Plan computed: 226 poses
[planner_server-4] [INFO] [1790986257.079584453] [planner_server]: Planning took 7 ms
[planner_server-4] [INFO] [1790986257.080413833] [planner_server]: Plan computed: 226 poses
[planner_server-4] [INFO] [1790986257.197265924] [planner_server]: Planning took 6 ms
[planner_server-4] [INFO] [1790986257.197611273] [planner_server]: Plan computed: 225 poses
[planner_server-4] [INFO] [1790986257.319626927] [planner_server]: Planning took 6 ms
[planner_server-4] [INFO] [1790986257.320129452] [planner_server]: Plan computed: 225 poses
[planner_server-4] [INFO] [1790986257.439320962] [planner_server]: Planning took 6 ms
[planner_server-4] [INFO] [1790986257.439628771] [planner_server]: Plan computed: 224 poses
[planner_server-4] [INFO] [1790986257.558455901] [planner_server]: Planning took 6 ms
[planner_server-4] [INFO] [1790986257.558721240] [planner_server]: Plan computed: 224 poses
[planner_server-4] [INFO] [1790986257.678617751] [planner_server]: Planning took 6 ms
[planner_server-4] [INFO] [1790986257.678963121] [planner_server]: Plan computed: 223 poses
[planner_server-4] [INFO] [1790986257.798040686] [planner_server]: Planning took 6 ms
[planner_server-4] [INFO] [1790986257.798370797] [planner_server]: Plan computed: 222 poses
[planner_server-4] [INFO] [1790986257.916499269] [planner_server]: Planning took 6 ms
[planner_server-4] [INFO] [1790986257.917117772] [planner_server]: Plan computed: 221 poses
[planner_server-4] [INFO] [1790986258.029108617] [planner_server]: Planning took 5 ms
[planner_server-4] [INFO] [1790986258.029468765] [planner_server]: Plan computed: 220 poses
[controller_node-5] [WARN] [1790986258.069473316] [controller_server]: path_copy succeeded.
[controller_node-5] [INFO] [1790986258.090036172] [controller_server]: Computed velocity commands: linear.x=0.22, linear.y=-0.19, angular.z=0.00
[planner_server-4] [INFO] [1790986258.149806826] [planner_server]: Planning took 6 ms
[planner_server-4] [INFO] [1790986258.150399140] [planner_server]: Plan computed: 219 poses
[planner_server-4] [INFO] [1790986258.260207046] [planner_server]: Planning took 6 ms
[planner_server-4] [INFO] [1790986258.260532638] [planner_server]: Plan computed: 218 poses
[planner_server-4] [INFO] [1790986258.379698330] [planner_server]: Planning took 5 ms
[planner_server-4] [INFO] [1790986258.380298338] [planner_server]: Plan computed: 217 poses
[planner_server-4] [INFO] [1790986258.496787796] [planner_server]: Planning took 5 ms
[planner_server-4] [INFO] [1790986258.497630751] [planner_server]: Plan computed: 217 poses
[planner_server-4] [INFO] [1790986258.619179862] [planner_server]: Planning took 7 ms
[planner_server-4] [INFO] [1790986258.619563233] [planner_server]: Plan computed: 217 poses
[planner_server-4] [INFO] [1790986258.743157336] [planner_server]: Planning took 10 ms
[planner_server-4] [INFO] [1790986258.743491745] [planner_server]: Plan computed: 216 poses
[planner_server-4] [INFO] [1790986258.858364595] [planner_server]: Planning took 7 ms
[planner_server-4] [INFO] [1790986258.859222899] [planner_server]: Plan computed: 215 poses
[planner_server-4] [INFO] [1790986258.978183946] [planner_server]: Planning took 7 ms
[planner_server-4] [INFO] [1790986258.978508756] [planner_server]: Plan computed: 215 poses
[planner_server-4] [INFO] [1790986259.089471882] [planner_server]: Planning took 7 ms
[planner_server-4] [INFO] [1790986259.089816200] [planner_server]: Plan computed: 214 poses
[planner_server-4] [INFO] [1790986259.206379631] [planner_server]: Planning took 6 ms
[planner_server-4] [INFO] [1790986259.206738636] [planner_server]: Plan computed: 214 poses
[planner_server-4] [INFO] [1790986259.316719217] [planner_server]: Planning took 6 ms
[planner_server-4] [INFO] [1790986259.317269732] [planner_server]: Plan computed: 213 poses
[planner_server-4] [INFO] [1790986259.426336214] [planner_server]: Planning took 5 ms
[planner_server-4] [INFO] [1790986259.426819873] [planner_server]: Plan computed: 213 poses
[planner_server-4] [INFO] [1790986259.538619084] [planner_server]: Planning took 5 ms
[planner_server-4] [INFO] [1790986259.538873723] [planner_server]: Plan computed: 213 poses
[planner_server-4] [INFO] [1790986259.656412997] [planner_server]: Planning took 6 ms
[planner_server-4] [INFO] [1790986259.657103174] [planner_server]: Plan computed: 212 poses
[planner_server-4] [INFO] [1790986259.770040424] [planner_server]: Planning took 6 ms
[planner_server-4] [INFO] [1790986259.770434806] [planner_server]: Plan computed: 212 poses
[planner_server-4] [INFO] [1790986259.887615405] [planner_server]: Planning took 7 ms
[planner_server-4] [INFO] [1790986259.888087964] [planner_server]: Plan computed: 211 poses
[planner_server-4] [INFO] [1790986259.998950624] [planner_server]: Planning took 6 ms
[planner_server-4] [INFO] [1790986259.999701285] [planner_server]: Plan computed: 211 poses
[controller_node-5] [WARN] [1790986260.069837154] [controller_server]: path_copy succeeded.
[controller_node-5] [INFO] [1790986260.109486839] [controller_server]: Computed velocity commands: linear.x=0.06, linear.y=-0.25, angular.z=0.00
[planner_server-4] [INFO] [1790986260.117414285] [planner_server]: Planning took 5 ms
[planner_server-4] [INFO] [1790986260.117963408] [planner_server]: Plan computed: 210 poses
[planner_server-4] [INFO] [1790986260.227320516] [planner_server]: Planning took 5 ms
[planner_server-4] [INFO] [1790986260.227543024] [planner_server]: Plan computed: 209 poses
[planner_server-4] [INFO] [1790986260.337241976] [planner_server]: Planning took 5 ms
[planner_server-4] [INFO] [1790986260.337660633] [planner_server]: Plan computed: 209 poses
[planner_server-4] [INFO] [1790986260.446843133] [planner_server]: Planning took 7 ms
[planner_server-4] [INFO] [1790986260.447507673] [planner_server]: Plan computed: 208 poses
[planner_server-4] [INFO] [1790986260.559743680] [planner_server]: Planning took 6 ms
[planner_server-4] [INFO] [1790986260.560478471] [planner_server]: Plan computed: 207 poses
[planner_server-4] [INFO] [1790986260.677607253] [planner_server]: Planning took 5 ms
[planner_server-4] [INFO] [1790986260.678192634] [planner_server]: Plan computed: 207 poses
[planner_server-4] [INFO] [1790986260.797117763] [planner_server]: Planning took 6 ms
[planner_server-4] [INFO] [1790986260.797599539] [planner_server]: Plan computed: 206 poses
[planner_server-4] [INFO] [1790986260.908675414] [planner_server]: Planning took 5 ms
[planner_server-4] [INFO] [1790986260.909445732] [planner_server]: Plan computed: 206 poses
[planner_server-4] [INFO] [1790986261.029380661] [planner_server]: Planning took 5 ms
[planner_server-4] [INFO] [1790986261.030033955] [planner_server]: Plan computed: 204 poses
[planner_server-4] [INFO] [1790986261.146104321] [planner_server]: Planning took 5 ms
[planner_server-4] [INFO] [1790986261.146340125] [planner_server]: Plan computed: 203 poses
[planner_server-4] [INFO] [1790986261.256603798] [planner_server]: Planning took 5 ms
[planner_server-4] [INFO] [1790986261.257406767] [planner_server]: Plan computed: 203 poses
[planner_server-4] [INFO] [1790986261.369025950] [planner_server]: Planning took 7 ms
[planner_server-4] [INFO] [1790986261.369510922] [planner_server]: Plan computed: 203 poses
[planner_server-4] [INFO] [1790986261.485940714] [planner_server]: Planning took 5 ms
[planner_server-4] [INFO] [1790986261.487706003] [planner_server]: Plan computed: 202 poses
[planner_server-4] [INFO] [1790986261.607243990] [planner_server]: Planning took 5 ms
[planner_server-4] [INFO] [1790986261.607553212] [planner_server]: Plan computed: 201 poses
[planner_server-4] [INFO] [1790986261.716378740] [planner_server]: Planning took 5 ms
[planner_server-4] [INFO] [1790986261.717422373] [planner_server]: Plan computed: 201 poses
[planner_server-4] [INFO] [1790986261.826056181] [planner_server]: Planning took 6 ms
[planner_server-4] [INFO] [1790986261.826533398] [planner_server]: Plan computed: 201 poses
[planner_server-4] [INFO] [1790986261.939007488] [planner_server]: Planning took 7 ms
[planner_server-4] [INFO] [1790986261.939854861] [planner_server]: Plan computed: 200 poses
[planner_server-4] [INFO] [1790986262.056597757] [planner_server]: Planning took 5 ms
[planner_server-4] [INFO] [1790986262.057321909] [planner_server]: Plan computed: 199 poses
[controller_node-5] [WARN] [1790986262.089500265] [controller_server]: path_copy succeeded.
[controller_node-5] [INFO] [1790986262.130074563] [controller_server]: Computed velocity commands: linear.x=0.00, linear.y=-0.66, angular.z=0.00
[planner_server-4] [INFO] [1790986262.168016703] [planner_server]: Planning took 6 ms
[planner_server-4] [INFO] [1790986262.168420161] [planner_server]: Plan computed: 198 poses
[planner_server-4] [INFO] [1790986262.276594465] [planner_server]: Planning took 5 ms
[planner_server-4] [INFO] [1790986262.277154238] [planner_server]: Plan computed: 198 poses
[planner_server-4] [INFO] [1790986262.387647653] [planner_server]: Planning took 6 ms
[planner_server-4] [INFO] [1790986262.388076790] [planner_server]: Plan computed: 197 poses
[planner_server-4] [INFO] [1790986262.508941066] [planner_server]: Planning took 6 ms
[planner_server-4] [INFO] [1790986262.509432019] [planner_server]: Plan computed: 196 poses
[planner_server-4] [INFO] [1790986262.626532267] [planner_server]: Planning took 6 ms
[planner_server-4] [INFO] [1790986262.627036075] [planner_server]: Plan computed: 196 poses
[planner_server-4] [INFO] [1790986262.737500425] [planner_server]: Planning took 5 ms
[planner_server-4] [INFO] [1790986262.738014882] [planner_server]: Plan computed: 195 poses
[planner_server-4] [INFO] [1790986262.845540156] [planner_server]: Planning took 5 ms
[planner_server-4] [INFO] [1790986262.846583268] [planner_server]: Plan computed: 195 poses
[planner_server-4] [INFO] [1790986262.957563669] [planner_server]: Planning took 5 ms
[planner_server-4] [INFO] [1790986262.957866167] [planner_server]: Plan computed: 194 poses
[planner_server-4] [INFO] [1790986263.068898295] [planner_server]: Planning took 5 ms
[planner_server-4] [INFO] [1790986263.069228346] [planner_server]: Plan computed: 193 poses
[planner_server-4] [INFO] [1790986263.187564974] [planner_server]: Planning took 5 ms
[planner_server-4] [INFO] [1790986263.188182836] [planner_server]: Plan computed: 193 poses
[planner_server-4] [INFO] [1790986263.296246156] [planner_server]: Planning took 5 ms
[planner_server-4] [INFO] [1790986263.296873155] [planner_server]: Plan computed: 192 poses
[planner_server-4] [INFO] [1790986263.405426422] [planner_server]: Planning took 5 ms
[planner_server-4] [INFO] [1790986263.405759788] [planner_server]: Plan computed: 191 poses
[planner_server-4] [INFO] [1790986263.516264354] [planner_server]: Planning took 5 ms
[planner_server-4] [INFO] [1790986263.516896102] [planner_server]: Plan computed: 191 poses
[planner_server-4] [INFO] [1790986263.628070448] [planner_server]: Planning took 5 ms
[planner_server-4] [INFO] [1790986263.628414836] [planner_server]: Plan computed: 190 poses
[planner_server-4] [INFO] [1790986263.748849513] [planner_server]: Planning took 5 ms
[planner_server-4] [INFO] [1790986263.749183271] [planner_server]: Plan computed: 189 poses
[planner_server-4] [INFO] [1790986263.865034501] [planner_server]: Planning took 4 ms
[planner_server-4] [INFO] [1790986263.867009349] [planner_server]: Plan computed: 189 poses
[planner_server-4] [INFO] [1790986263.977250775] [planner_server]: Planning took 5 ms
[planner_server-4] [INFO] [1790986263.977567431] [planner_server]: Plan computed: 188 poses
[planner_server-4] [INFO] [1790986264.087642880] [planner_server]: Planning took 6 ms
[planner_server-4] [INFO] [1790986264.088059824] [planner_server]: Plan computed: 188 poses
[controller_node-5] [WARN] [1790986264.109473920] [controller_server]: path_copy succeeded.
[controller_node-5] [INFO] [1790986264.149803047] [controller_server]: Computed velocity commands: linear.x=-0.26, linear.y=-0.47, angular.z=0.00
[planner_server-4] [INFO] [1790986264.205323964] [planner_server]: Planning took 4 ms
[planner_server-4] [INFO] [1790986264.205639688] [planner_server]: Plan computed: 188 poses
[planner_server-4] [INFO] [1790986264.316417433] [planner_server]: Planning took 5 ms
[planner_server-4] [INFO] [1790986264.316618902] [planner_server]: Plan computed: 187 poses
[planner_server-4] [INFO] [1790986264.425084554] [planner_server]: Planning took 4 ms
[planner_server-4] [INFO] [1790986264.425330216] [planner_server]: Plan computed: 186 poses
[planner_server-4] [INFO] [1790986264.536580464] [planner_server]: Planning took 5 ms
[planner_server-4] [INFO] [1790986264.537024018] [planner_server]: Plan computed: 185 poses
[planner_server-4] [INFO] [1790986264.646485402] [planner_server]: Planning took 6 ms
[planner_server-4] [INFO] [1790986264.647368162] [planner_server]: Plan computed: 184 poses
[planner_server-4] [INFO] [1790986264.754802165] [planner_server]: Planning took 4 ms
[planner_server-4] [INFO] [1790986264.755104143] [planner_server]: Plan computed: 184 poses
[planner_server-4] [INFO] [1790986264.865234665] [planner_server]: Planning took 3 ms
[planner_server-4] [INFO] [1790986264.866566369] [planner_server]: Plan computed: 183 poses
[planner_server-4] [INFO] [1790986264.975951469] [planner_server]: Planning took 4 ms
[planner_server-4] [INFO] [1790986264.976624956] [planner_server]: Plan computed: 183 poses
[planner_server-4] [INFO] [1790986265.086312205] [planner_server]: Planning took 5 ms
[planner_server-4] [INFO] [1790986265.086813307] [planner_server]: Plan computed: 182 poses
[planner_server-4] [INFO] [1790986265.198614161] [planner_server]: Planning took 7 ms
[planner_server-4] [INFO] [1790986265.198840727] [planner_server]: Plan computed: 182 poses
[planner_server-4] [INFO] [1790986265.314559918] [planner_server]: Planning took 4 ms
[planner_server-4] [INFO] [1790986265.314808085] [planner_server]: Plan computed: 181 poses
[planner_server-4] [INFO] [1790986265.425401257] [planner_server]: Planning took 4 ms
[planner_server-4] [INFO] [1790986265.425927727] [planner_server]: Plan computed: 180 poses
[planner_server-4] [INFO] [1790986265.537413559] [planner_server]: Planning took 4 ms
[planner_server-4] [INFO] [1790986265.537883582] [planner_server]: Plan computed: 180 poses
[planner_server-4] [INFO] [1790986265.645090297] [planner_server]: Planning took 4 ms
[planner_server-4] [INFO] [1790986265.645413585] [planner_server]: Plan computed: 178 poses
[planner_server-4] [INFO] [1790986265.755325902] [planner_server]: Planning took 5 ms
[planner_server-4] [INFO] [1790986265.755801657] [planner_server]: Plan computed: 178 poses
[planner_server-4] [INFO] [1790986265.869309906] [planner_server]: Planning took 5 ms
[planner_server-4] [INFO] [1790986265.869683709] [planner_server]: Plan computed: 177 poses
[planner_server-4] [INFO] [1790986265.986518107] [planner_server]: Planning took 4 ms
[planner_server-4] [INFO] [1790986265.986768598] [planner_server]: Plan computed: 176 poses
[planner_server-4] [INFO] [1790986266.097813755] [planner_server]: Planning took 4 ms
[planner_server-4] [INFO] [1790986266.098183130] [planner_server]: Plan computed: 176 poses
[controller_node-5] [WARN] [1790986266.109735056] [controller_server]: path_copy succeeded.
[controller_node-5] [INFO] [1790986266.170774822] [controller_server]: Computed velocity commands: linear.x=-0.39, linear.y=-0.24, angular.z=0.00
[planner_server-4] [INFO] [1790986266.207002262] [planner_server]: Planning took 4 ms
[planner_server-4] [INFO] [1790986266.207390953] [planner_server]: Plan computed: 175 poses
[planner_server-4] [INFO] [1790986266.314716431] [planner_server]: Planning took 4 ms
[planner_server-4] [INFO] [1790986266.315147221] [planner_server]: Plan computed: 175 poses
[planner_server-4] [INFO] [1790986266.425461043] [planner_server]: Planning took 4 ms
[planner_server-4] [INFO] [1790986266.426243555] [planner_server]: Plan computed: 174 poses
[planner_server-4] [INFO] [1790986266.535949033] [planner_server]: Planning took 4 ms
[planner_server-4] [INFO] [1790986266.536400592] [planner_server]: Plan computed: 174 poses
[planner_server-4] [INFO] [1790986266.645301863] [planner_server]: Planning took 4 ms
[planner_server-4] [INFO] [1790986266.645645900] [planner_server]: Plan computed: 173 poses
[planner_server-4] [INFO] [1790986266.754695410] [planner_server]: Planning took 4 ms
[planner_server-4] [INFO] [1790986266.755162388] [planner_server]: Plan computed: 173 poses
[planner_server-4] [INFO] [1790986266.864817552] [planner_server]: Planning took 4 ms
[planner_server-4] [INFO] [1790986266.865090425] [planner_server]: Plan computed: 172 poses
[planner_server-4] [INFO] [1790986266.977260348] [planner_server]: Planning took 4 ms
[planner_server-4] [INFO] [1790986266.977596510] [planner_server]: Plan computed: 171 poses
[planner_server-4] [INFO] [1790986267.086528919] [planner_server]: Planning took 4 ms
[planner_server-4] [INFO] [1790986267.087118678] [planner_server]: Plan computed: 170 poses
[planner_server-4] [INFO] [1790986267.194667827] [planner_server]: Planning took 3 ms
[planner_server-4] [INFO] [1790986267.195180471] [planner_server]: Plan computed: 170 poses
[planner_server-4] [INFO] [1790986267.306104926] [planner_server]: Planning took 4 ms
[planner_server-4] [INFO] [1790986267.306572816] [planner_server]: Plan computed: 170 poses
[planner_server-4] [INFO] [1790986267.414346737] [planner_server]: Planning took 3 ms
[planner_server-4] [INFO] [1790986267.414741620] [planner_server]: Plan computed: 169 poses
[planner_server-4] [INFO] [1790986267.526529599] [planner_server]: Planning took 4 ms
[planner_server-4] [INFO] [1790986267.527018047] [planner_server]: Plan computed: 169 poses
[planner_server-4] [INFO] [1790986267.635276665] [planner_server]: Planning took 4 ms
[planner_server-4] [INFO] [1790986267.635512178] [planner_server]: Plan computed: 168 poses
[planner_server-4] [INFO] [1790986267.745345412] [planner_server]: Planning took 4 ms
[planner_server-4] [INFO] [1790986267.745628915] [planner_server]: Plan computed: 168 poses
[planner_server-4] [INFO] [1790986267.855540030] [planner_server]: Planning took 4 ms
[planner_server-4] [INFO] [1790986267.855895499] [planner_server]: Plan computed: 167 poses
[planner_server-4] [INFO] [1790986267.968189349] [planner_server]: Planning took 5 ms
[planner_server-4] [INFO] [1790986267.968495795] [planner_server]: Plan computed: 166 poses
[planner_server-4] [INFO] [1790986268.077006973] [planner_server]: Planning took 5 ms
[planner_server-4] [INFO] [1790986268.077379383] [planner_server]: Plan computed: 166 poses
[controller_node-5] [WARN] [1790986268.129616697] [controller_server]: path_copy succeeded.
[planner_server-4] [INFO] [1790986268.184791053] [planner_server]: Planning took 4 ms
[planner_server-4] [INFO] [1790986268.185011067] [planner_server]: Plan computed: 165 poses
[controller_node-5] [INFO] [1790986268.189489483] [controller_server]: Computed velocity commands: linear.x=-0.31, linear.y=0.43, angular.z=0.00
[planner_server-4] [INFO] [1790986268.296477873] [planner_server]: Planning took 4 ms
[planner_server-4] [INFO] [1790986268.296787505] [planner_server]: Plan computed: 164 poses
[planner_server-4] [INFO] [1790986268.404202201] [planner_server]: Planning took 4 ms
[planner_server-4] [INFO] [1790986268.404500432] [planner_server]: Plan computed: 163 poses
[planner_server-4] [INFO] [1790986268.514556523] [planner_server]: Planning took 4 ms
[planner_server-4] [INFO] [1790986268.514922151] [planner_server]: Plan computed: 162 poses
[planner_server-4] [INFO] [1790986268.624323322] [planner_server]: Planning took 4 ms
[planner_server-4] [INFO] [1790986268.624707926] [planner_server]: Plan computed: 161 poses
[planner_server-4] [INFO] [1790986268.738505895] [planner_server]: Planning took 4 ms
[planner_server-4] [INFO] [1790986268.738923991] [planner_server]: Plan computed: 160 poses
[planner_server-4] [INFO] [1790986268.856503125] [planner_server]: Planning took 4 ms
[planner_server-4] [INFO] [1790986268.857173545] [planner_server]: Plan computed: 159 poses
[planner_server-4] [INFO] [1790986268.966154827] [planner_server]: Planning took 4 ms
[planner_server-4] [INFO] [1790986268.966558416] [planner_server]: Plan computed: 158 poses
[planner_server-4] [INFO] [1790986269.074865705] [planner_server]: Planning took 4 ms
[planner_server-4] [INFO] [1790986269.075055061] [planner_server]: Plan computed: 157 poses
[planner_server-4] [INFO] [1790986269.185011717] [planner_server]: Planning took 3 ms
[planner_server-4] [INFO] [1790986269.185469838] [planner_server]: Plan computed: 157 poses
[planner_server-4] [INFO] [1790986269.294803903] [planner_server]: Planning took 4 ms
[planner_server-4] [INFO] [1790986269.295485875] [planner_server]: Plan computed: 156 poses
[planner_server-4] [INFO] [1790986269.406700917] [planner_server]: Planning took 4 ms
[planner_server-4] [INFO] [1790986269.407732577] [planner_server]: Plan computed: 156 poses
[planner_server-4] [INFO] [1790986269.527116825] [planner_server]: Planning took 4 ms
[planner_server-4] [INFO] [1790986269.527494295] [planner_server]: Plan computed: 155 poses
[planner_server-4] [INFO] [1790986269.637327714] [planner_server]: Planning took 4 ms
[planner_server-4] [INFO] [1790986269.637689394] [planner_server]: Plan computed: 155 poses
[planner_server-4] [INFO] [1790986269.745474150] [planner_server]: Planning took 4 ms
[planner_server-4] [INFO] [1790986269.745899640] [planner_server]: Plan computed: 154 poses
[planner_server-4] [INFO] [1790986269.857141337] [planner_server]: Planning took 5 ms
[planner_server-4] [INFO] [1790986269.859156707] [planner_server]: Plan computed: 153 poses
[planner_server-4] [INFO] [1790986269.975861311] [planner_server]: Planning took 4 ms
[planner_server-4] [INFO] [1790986269.976095591] [planner_server]: Plan computed: 153 poses
[planner_server-4] [INFO] [1790986270.087353525] [planner_server]: Planning took 4 ms
[planner_server-4] [INFO] [1790986270.087642107] [planner_server]: Plan computed: 152 poses
[controller_node-5] [WARN] [1790986270.148940308] [controller_server]: path_copy succeeded.
[controller_node-5] [INFO] [1790986270.190017477] [controller_server]: Computed velocity commands: linear.x=0.21, linear.y=0.40, angular.z=0.00
[planner_server-4] [INFO] [1790986270.195193870] [planner_server]: Planning took 3 ms
[planner_server-4] [INFO] [1790986270.195508322] [planner_server]: Plan computed: 152 poses
[planner_server-4] [INFO] [1790986270.305653272] [planner_server]: Planning took 4 ms
[planner_server-4] [INFO] [1790986270.306451262] [planner_server]: Plan computed: 151 poses
[planner_server-4] [INFO] [1790986270.414171533] [planner_server]: Planning took 3 ms
[planner_server-4] [INFO] [1790986270.414565263] [planner_server]: Plan computed: 150 poses
[planner_server-4] [INFO] [1790986270.528779635] [planner_server]: Planning took 4 ms
[planner_server-4] [INFO] [1790986270.530395604] [planner_server]: Plan computed: 150 poses
[planner_server-4] [INFO] [1790986270.646288406] [planner_server]: Planning took 4 ms
[planner_server-4] [INFO] [1790986270.646623426] [planner_server]: Plan computed: 149 poses
[planner_server-4] [INFO] [1790986270.754758712] [planner_server]: Planning took 4 ms
[planner_server-4] [INFO] [1790986270.755282256] [planner_server]: Plan computed: 148 poses
[planner_server-4] [INFO] [1790986270.866236834] [planner_server]: Planning took 5 ms
[planner_server-4] [INFO] [1790986270.866581903] [planner_server]: Plan computed: 147 poses
[planner_server-4] [INFO] [1790986270.974409635] [planner_server]: Planning took 4 ms
[planner_server-4] [INFO] [1790986270.975101151] [planner_server]: Plan computed: 146 poses
[planner_server-4] [INFO] [1790986271.086355356] [planner_server]: Planning took 4 ms
[planner_server-4] [INFO] [1790986271.087415740] [planner_server]: Plan computed: 146 poses
[planner_server-4] [INFO] [1790986271.195568363] [planner_server]: Planning took 4 ms
[planner_server-4] [INFO] [1790986271.196035852] [planner_server]: Plan computed: 145 poses
[planner_server-4] [INFO] [1790986271.303627169] [planner_server]: Planning took 3 ms
[planner_server-4] [INFO] [1790986271.304150874] [planner_server]: Plan computed: 144 poses
[planner_server-4] [INFO] [1790986271.414802637] [planner_server]: Planning took 3 ms
[planner_server-4] [INFO] [1790986271.415332353] [planner_server]: Plan computed: 144 poses
[planner_server-4] [INFO] [1790986271.525644447] [planner_server]: Planning took 3 ms
[planner_server-4] [INFO] [1790986271.526316972] [planner_server]: Plan computed: 143 poses
[planner_server-4] [INFO] [1790986271.635431334] [planner_server]: Planning took 3 ms
[planner_server-4] [INFO] [1790986271.635890277] [planner_server]: Plan computed: 143 poses
[planner_server-4] [INFO] [1790986271.744338245] [planner_server]: Planning took 4 ms
[planner_server-4] [INFO] [1790986271.744577425] [planner_server]: Plan computed: 142 poses
[planner_server-4] [INFO] [1790986271.855980661] [planner_server]: Planning took 4 ms
[planner_server-4] [INFO] [1790986271.857874286] [planner_server]: Plan computed: 141 poses
[planner_server-4] [INFO] [1790986271.964830275] [planner_server]: Planning took 3 ms
[planner_server-4] [INFO] [1790986271.965413712] [planner_server]: Plan computed: 140 poses
[planner_server-4] [INFO] [1790986272.075329268] [planner_server]: Planning took 4 ms
[planner_server-4] [INFO] [1790986272.075607732] [planner_server]: Plan computed: 140 poses
[controller_node-5] [WARN] [1790986272.148995588] [controller_server]: path_copy succeeded.
[planner_server-4] [INFO] [1790986272.183860185] [planner_server]: Planning took 3 ms
[planner_server-4] [INFO] [1790986272.184267831] [planner_server]: Plan computed: 139 poses
[controller_node-5] [INFO] [1790986272.209475528] [controller_server]: Computed velocity commands: linear.x=0.46, linear.y=-0.79, angular.z=0.00
[planner_server-4] [INFO] [1790986272.295404075] [planner_server]: Planning took 3 ms
[planner_server-4] [INFO] [1790986272.295885931] [planner_server]: Plan computed: 139 poses
[planner_server-4] [INFO] [1790986272.404198025] [planner_server]: Planning took 3 ms
[planner_server-4] [INFO] [1790986272.404681143] [planner_server]: Plan computed: 138 poses
[planner_server-4] [INFO] [1790986272.514223951] [planner_server]: Planning took 3 ms
[planner_server-4] [INFO] [1790986272.515212960] [planner_server]: Plan computed: 138 poses
[planner_server-4] [INFO] [1790986272.624534120] [planner_server]: Planning took 3 ms
[planner_server-4] [INFO] [1790986272.624846728] [planner_server]: Plan computed: 138 poses
[planner_server-4] [INFO] [1790986272.737436175] [planner_server]: Planning took 3 ms
[planner_server-4] [INFO] [1790986272.737668492] [planner_server]: Plan computed: 138 poses
[planner_server-4] [INFO] [1790986272.845476156] [planner_server]: Planning took 3 ms
[planner_server-4] [INFO] [1790986272.846216669] [planner_server]: Plan computed: 137 poses
[planner_server-4] [INFO] [1790986272.965112393] [planner_server]: Planning took 4 ms
[planner_server-4] [INFO] [1790986272.965570765] [planner_server]: Plan computed: 137 poses
[planner_server-4] [INFO] [1790986273.075293671] [planner_server]: Planning took 3 ms
[planner_server-4] [INFO] [1790986273.075751141] [planner_server]: Plan computed: 136 poses
[planner_server-4] [INFO] [1790986273.183864360] [planner_server]: Planning took 3 ms
[planner_server-4] [INFO] [1790986273.184498412] [planner_server]: Plan computed: 136 poses
[planner_server-4] [INFO] [1790986273.295710635] [planner_server]: Planning took 3 ms
[planner_server-4] [INFO] [1790986273.296166862] [planner_server]: Plan computed: 135 poses
[planner_server-4] [INFO] [1790986273.404608635] [planner_server]: Planning took 3 ms
[planner_server-4] [INFO] [1790986273.405011202] [planner_server]: Plan computed: 134 poses
[planner_server-4] [INFO] [1790986273.516425413] [planner_server]: Planning took 4 ms
[planner_server-4] [INFO] [1790986273.516663100] [planner_server]: Plan computed: 133 poses
[planner_server-4] [INFO] [1790986273.634729886] [planner_server]: Planning took 4 ms
[planner_server-4] [INFO] [1790986273.635235867] [planner_server]: Plan computed: 132 poses
[planner_server-4] [INFO] [1790986273.744512158] [planner_server]: Planning took 4 ms
[planner_server-4] [INFO] [1790986273.744863028] [planner_server]: Plan computed: 132 poses
[planner_server-4] [INFO] [1790986273.855425853] [planner_server]: Planning took 3 ms
[planner_server-4] [INFO] [1790986273.856031823] [planner_server]: Plan computed: 131 poses
[planner_server-4] [INFO] [1790986273.963809942] [planner_server]: Planning took 3 ms
[planner_server-4] [INFO] [1790986273.964407947] [planner_server]: Plan computed: 130 poses
[planner_server-4] [INFO] [1790986274.073793082] [planner_server]: Planning took 3 ms
[planner_server-4] [INFO] [1790986274.074200668] [planner_server]: Plan computed: 129 poses
[controller_node-5] [WARN] [1790986274.149015140] [controller_server]: path_copy succeeded.
[planner_server-4] [INFO] [1790986274.183200400] [planner_server]: Planning took 2 ms
[planner_server-4] [INFO] [1790986274.183370680] [planner_server]: Plan computed: 128 poses
[controller_node-5] [INFO] [1790986274.229630645] [controller_server]: Computed velocity commands: linear.x=-0.81, linear.y=-0.11, angular.z=0.00
[planner_server-4] [INFO] [1790986274.294927505] [planner_server]: Planning took 3 ms
[planner_server-4] [INFO] [1790986274.295431683] [planner_server]: Plan computed: 127 poses
[planner_server-4] [INFO] [1790986274.406939585] [planner_server]: Planning took 4 ms
[planner_server-4] [INFO] [1790986274.407310052] [planner_server]: Plan computed: 126 poses
[planner_server-4] [INFO] [1790986274.513897543] [planner_server]: Planning took 2 ms
[planner_server-4] [INFO] [1790986274.514444130] [planner_server]: Plan computed: 125 poses
[planner_server-4] [INFO] [1790986274.625086515] [planner_server]: Planning took 3 ms
[planner_server-4] [INFO] [1790986274.625490906] [planner_server]: Plan computed: 124 poses
[planner_server-4] [INFO] [1790986274.733238408] [planner_server]: Planning took 3 ms
[planner_server-4] [INFO] [1790986274.733622219] [planner_server]: Plan computed: 123 poses
[planner_server-4] [INFO] [1790986274.844118761] [planner_server]: Planning took 3 ms
[planner_server-4] [INFO] [1790986274.844437159] [planner_server]: Plan computed: 123 poses
[planner_server-4] [INFO] [1790986274.953628095] [planner_server]: Planning took 3 ms
[planner_server-4] [INFO] [1790986274.953988202] [planner_server]: Plan computed: 122 poses
[planner_server-4] [INFO] [1790986275.064702109] [planner_server]: Planning took 3 ms
[planner_server-4] [INFO] [1790986275.065065372] [planner_server]: Plan computed: 121 poses
[planner_server-4] [INFO] [1790986275.174057326] [planner_server]: Planning took 3 ms
[planner_server-4] [INFO] [1790986275.174261540] [planner_server]: Plan computed: 120 poses
[planner_server-4] [INFO] [1790986275.283593461] [planner_server]: Planning took 2 ms
[planner_server-4] [INFO] [1790986275.283987862] [planner_server]: Plan computed: 118 poses
[planner_server-4] [INFO] [1790986275.396615300] [planner_server]: Planning took 3 ms
[planner_server-4] [INFO] [1790986275.397103297] [planner_server]: Plan computed: 117 poses
[planner_server-4] [INFO] [1790986275.506353354] [planner_server]: Planning took 3 ms
[planner_server-4] [INFO] [1790986275.506944526] [planner_server]: Plan computed: 117 poses
[planner_server-4] [INFO] [1790986275.613557835] [planner_server]: Planning took 2 ms
[planner_server-4] [INFO] [1790986275.613934844] [planner_server]: Plan computed: 116 poses
[planner_server-4] [INFO] [1790986275.724009429] [planner_server]: Planning took 4 ms
[planner_server-4] [INFO] [1790986275.724380738] [planner_server]: Plan computed: 115 poses
[planner_server-4] [INFO] [1790986275.834033243] [planner_server]: Planning took 3 ms
[planner_server-4] [INFO] [1790986275.834566967] [planner_server]: Plan computed: 115 poses
[planner_server-4] [INFO] [1790986275.944873982] [planner_server]: Planning took 2 ms
[planner_server-4] [INFO] [1790986275.945434396] [planner_server]: Plan computed: 114 poses
[planner_server-4] [INFO] [1790986276.053859712] [planner_server]: Planning took 3 ms
[planner_server-4] [INFO] [1790986276.054083723] [planner_server]: Plan computed: 114 poses
[controller_node-5] [WARN] [1790986276.149426479] [controller_server]: path_copy succeeded.
[planner_server-4] [INFO] [1790986276.165567630] [planner_server]: Planning took 4 ms
[planner_server-4] [INFO] [1790986276.166181705] [planner_server]: Plan computed: 113 poses
[controller_node-5] [INFO] [1790986276.250426363] [controller_server]: Computed velocity commands: linear.x=-1.00, linear.y=-0.05, angular.z=0.00
[planner_server-4] [INFO] [1790986276.273374954] [planner_server]: Planning took 2 ms
[planner_server-4] [INFO] [1790986276.273688444] [planner_server]: Plan computed: 113 poses
[planner_server-4] [INFO] [1790986276.384230180] [planner_server]: Planning took 2 ms
[planner_server-4] [INFO] [1790986276.384499987] [planner_server]: Plan computed: 113 poses
[planner_server-4] [INFO] [1790986276.493648568] [planner_server]: Planning took 2 ms
[planner_server-4] [INFO] [1790986276.494123201] [planner_server]: Plan computed: 112 poses
[planner_server-4] [INFO] [1790986276.607206766] [planner_server]: Planning took 5 ms
[planner_server-4] [INFO] [1790986276.607728317] [planner_server]: Plan computed: 112 poses
[planner_server-4] [INFO] [1790986276.717698543] [planner_server]: Planning took 5 ms
[planner_server-4] [INFO] [1790986276.718204805] [planner_server]: Plan computed: 113 poses
[planner_server-4] [INFO] [1790986276.823473245] [planner_server]: Planning took 2 ms
[planner_server-4] [INFO] [1790986276.823754735] [planner_server]: Plan computed: 111 poses
[planner_server-4] [INFO] [1790986276.933699137] [planner_server]: Planning took 2 ms
[planner_server-4] [INFO] [1790986276.934630989] [planner_server]: Plan computed: 110 poses
[planner_server-4] [INFO] [1790986277.044257995] [planner_server]: Planning took 2 ms
[planner_server-4] [INFO] [1790986277.044699375] [planner_server]: Plan computed: 109 poses
[planner_server-4] [INFO] [1790986277.154466765] [planner_server]: Planning took 2 ms
[planner_server-4] [INFO] [1790986277.154903286] [planner_server]: Plan computed: 109 poses
[planner_server-4] [INFO] [1790986277.264304928] [planner_server]: Planning took 3 ms
[planner_server-4] [INFO] [1790986277.264736139] [planner_server]: Plan computed: 108 poses
[planner_server-4] [INFO] [1790986277.372440309] [planner_server]: Planning took 2 ms
[planner_server-4] [INFO] [1790986277.372606561] [planner_server]: Plan computed: 106 poses
[planner_server-4] [INFO] [1790986277.485415690] [planner_server]: Planning took 2 ms
[planner_server-4] [INFO] [1790986277.485738818] [planner_server]: Plan computed: 106 poses
[rviz2-9] [INFO] [1790986277.567425337] [rviz2]: Trying to create a map of size 80 x 79 using 1 swatches
[planner_server-4] [INFO] [1790986277.592697707] [planner_server]: Planning took 2 ms
[planner_server-4] [INFO] [1790986277.593267187] [planner_server]: Plan computed: 104 poses
[rviz2-9] [INFO] [1790986277.598856437] [rviz2]: Trying to create a map of size 80 x 78 using 1 swatches
[planner_server-4] [INFO] [1790986277.703367373] [planner_server]: Planning took 2 ms
[planner_server-4] [INFO] [1790986277.703852085] [planner_server]: Plan computed: 104 poses
[rviz2-9] [INFO] [1790986277.728627085] [rviz2]: Trying to create a map of size 80 x 77 using 1 swatches
[planner_server-4] [INFO] [1790986277.813713391] [planner_server]: Planning took 2 ms
[planner_server-4] [INFO] [1790986277.814390104] [planner_server]: Plan computed: 103 poses
[rviz2-9] [INFO] [1790986277.824510704] [rviz2]: Trying to create a map of size 80 x 76 using 1 swatches
[planner_server-4] [INFO] [1790986277.922910145] [planner_server]: Planning took 2 ms
[planner_server-4] [INFO] [1790986277.923162480] [planner_server]: Plan computed: 102 poses
[planner_server-4] [INFO] [1790986278.032776784] [planner_server]: Planning took 2 ms
[planner_server-4] [INFO] [1790986278.033210320] [planner_server]: Plan computed: 101 poses
[rviz2-9] [INFO] [1790986278.085490183] [rviz2]: Trying to create a map of size 80 x 75 using 1 swatches
[planner_server-4] [INFO] [1790986278.144658230] [planner_server]: Planning took 3 ms
[planner_server-4] [INFO] [1790986278.145138863] [planner_server]: Plan computed: 101 poses
[controller_node-5] [WARN] [1790986278.169467950] [controller_server]: path_copy succeeded.
[rviz2-9] [INFO] [1790986278.207433288] [rviz2]: Trying to create a map of size 80 x 74 using 1 swatches
[planner_server-4] [INFO] [1790986278.254550585] [planner_server]: Planning took 3 ms
[planner_server-4] [INFO] [1790986278.255072917] [planner_server]: Plan computed: 100 poses
[controller_node-5] [INFO] [1790986278.269384397] [controller_server]: Computed velocity commands: linear.x=-0.52, linear.y=0.53, angular.z=0.00
[rviz2-9] [INFO] [1790986278.337613179] [rviz2]: Trying to create a map of size 80 x 73 using 1 swatches
[planner_server-4] [INFO] [1790986278.363311341] [planner_server]: Planning took 2 ms
[planner_server-4] [INFO] [1790986278.363658955] [planner_server]: Plan computed: 99 poses
[rviz2-9] [INFO] [1790986278.470176819] [rviz2]: Trying to create a map of size 80 x 72 using 1 swatches
[planner_server-4] [INFO] [1790986278.473564613] [planner_server]: Planning took 2 ms
[planner_server-4] [INFO] [1790986278.473745884] [planner_server]: Plan computed: 98 poses
[rviz2-9] [INFO] [1790986278.535727632] [rviz2]: Trying to create a map of size 80 x 71 using 1 swatches
[planner_server-4] [INFO] [1790986278.584233920] [planner_server]: Planning took 2 ms
[planner_server-4] [INFO] [1790986278.584646515] [planner_server]: Plan computed: 96 poses
[rviz2-9] [INFO] [1790986278.625998151] [rviz2]: Trying to create a map of size 80 x 70 using 1 swatches
[planner_server-4] [INFO] [1790986278.695435106] [planner_server]: Planning took 2 ms
[planner_server-4] [INFO] [1790986278.695748054] [planner_server]: Plan computed: 95 poses
[rviz2-9] [INFO] [1790986278.756540995] [rviz2]: Trying to create a map of size 80 x 69 using 1 swatches
[planner_server-4] [INFO] [1790986278.803207334] [planner_server]: Planning took 3 ms
[planner_server-4] [INFO] [1790986278.803576047] [planner_server]: Plan computed: 95 poses
[planner_server-4] [INFO] [1790986278.915543474] [planner_server]: Planning took 3 ms
[planner_server-4] [INFO] [1790986278.915828880] [planner_server]: Plan computed: 94 poses
[rviz2-9] [INFO] [1790986278.943926874] [rviz2]: Trying to create a map of size 80 x 68 using 1 swatches
[planner_server-4] [INFO] [1790986279.023938623] [planner_server]: Planning took 2 ms
[planner_server-4] [INFO] [1790986279.024212919] [planner_server]: Plan computed: 94 poses
[rviz2-9] [INFO] [1790986279.074205938] [rviz2]: Trying to create a map of size 80 x 67 using 1 swatches
[planner_server-4] [INFO] [1790986279.133471131] [planner_server]: Planning took 2 ms
[planner_server-4] [INFO] [1790986279.133844273] [planner_server]: Plan computed: 93 poses
[rviz2-9] [INFO] [1790986279.168529913] [rviz2]: Trying to create a map of size 80 x 66 using 1 swatches
[planner_server-4] [INFO] [1790986279.242671244] [planner_server]: Planning took 2 ms
[planner_server-4] [INFO] [1790986279.243050287] [planner_server]: Plan computed: 93 poses
[rviz2-9] [INFO] [1790986279.327143791] [rviz2]: Trying to create a map of size 80 x 65 using 1 swatches
[planner_server-4] [INFO] [1790986279.352353564] [planner_server]: Planning took 2 ms
[planner_server-4] [INFO] [1790986279.352571454] [planner_server]: Plan computed: 93 poses
[planner_server-4] [INFO] [1790986279.465468439] [planner_server]: Planning took 2 ms
[planner_server-4] [INFO] [1790986279.466144981] [planner_server]: Plan computed: 92 poses
[rviz2-9] [INFO] [1790986279.518237762] [rviz2]: Trying to create a map of size 80 x 64 using 1 swatches
[planner_server-4] [INFO] [1790986279.574773909] [planner_server]: Planning took 2 ms
[planner_server-4] [INFO] [1790986279.575081227] [planner_server]: Plan computed: 92 poses
[rviz2-9] [INFO] [1790986279.679456698] [rviz2]: Trying to create a map of size 80 x 63 using 1 swatches
[planner_server-4] [INFO] [1790986279.683535618] [planner_server]: Planning took 2 ms
[planner_server-4] [INFO] [1790986279.683985734] [planner_server]: Plan computed: 91 poses
[planner_server-4] [INFO] [1790986279.793770632] [planner_server]: Planning took 2 ms
[planner_server-4] [INFO] [1790986279.794280180] [planner_server]: Plan computed: 91 poses
[planner_server-4] [INFO] [1790986279.902305399] [planner_server]: Planning took 2 ms
[planner_server-4] [INFO] [1790986279.902691295] [planner_server]: Plan computed: 91 poses
[rviz2-9] [INFO] [1790986279.902494084] [rviz2]: Trying to create a map of size 80 x 62 using 1 swatches
[rviz2-9] [INFO] [1790986279.972608953] [rviz2]: Trying to create a map of size 80 x 61 using 1 swatches
[planner_server-4] [INFO] [1790986280.013474545] [planner_server]: Planning took 2 ms
[planner_server-4] [INFO] [1790986280.013975747] [planner_server]: Plan computed: 90 poses
[planner_server-4] [INFO] [1790986280.123622089] [planner_server]: Planning took 2 ms
[planner_server-4] [INFO] [1790986280.123852001] [planner_server]: Plan computed: 89 poses
[rviz2-9] [INFO] [1790986280.157985714] [rviz2]: Trying to create a map of size 80 x 60 using 1 swatches
[controller_node-5] [WARN] [1790986280.190323710] [controller_server]: path_copy succeeded.
[planner_server-4] [INFO] [1790986280.232836950] [planner_server]: Planning took 2 ms
[planner_server-4] [INFO] [1790986280.233252200] [planner_server]: Plan computed: 89 poses
[controller_node-5] [INFO] [1790986280.289361565] [controller_server]: Computed velocity commands: linear.x=0.85, linear.y=-0.33, angular.z=0.00
[planner_server-4] [INFO] [1790986280.342594301] [planner_server]: Planning took 2 ms
[planner_server-4] [INFO] [1790986280.343027966] [planner_server]: Plan computed: 89 poses
[rviz2-9] [INFO] [1790986280.382215382] [rviz2]: Trying to create a map of size 80 x 59 using 1 swatches
[planner_server-4] [INFO] [1790986280.454825323] [planner_server]: Planning took 2 ms
[planner_server-4] [INFO] [1790986280.455363214] [planner_server]: Plan computed: 87 poses
[planner_server-4] [INFO] [1790986280.562848779] [planner_server]: Planning took 1 ms
[planner_server-4] [INFO] [1790986280.563079773] [planner_server]: Plan computed: 86 poses
[rviz2-9] [INFO] [1790986280.575720965] [rviz2]: Trying to create a map of size 80 x 58 using 1 swatches
[planner_server-4] [INFO] [1790986280.672447937] [planner_server]: Planning took 1 ms
[planner_server-4] [INFO] [1790986280.672771616] [planner_server]: Plan computed: 85 poses
[planner_server-4] [INFO] [1790986280.783541996] [planner_server]: Planning took 1 ms
[planner_server-4] [INFO] [1790986280.783794461] [planner_server]: Plan computed: 84 poses
[rviz2-9] [INFO] [1790986280.832267873] [rviz2]: Trying to create a map of size 80 x 57 using 1 swatches
[planner_server-4] [INFO] [1790986280.892334328] [planner_server]: Planning took 1 ms
[planner_server-4] [INFO] [1790986280.892875927] [planner_server]: Plan computed: 83 poses
[planner_server-4] [INFO] [1790986281.004459691] [planner_server]: Planning took 1 ms
[planner_server-4] [INFO] [1790986281.004674314] [planner_server]: Plan computed: 82 poses
[planner_server-4] [INFO] [1790986281.114093409] [planner_server]: Planning took 2 ms
[planner_server-4] [INFO] [1790986281.114266374] [planner_server]: Plan computed: 82 poses
[planner_server-4] [INFO] [1790986281.223422786] [planner_server]: Planning took 1 ms
[planner_server-4] [INFO] [1790986281.223757605] [planner_server]: Plan computed: 81 poses
[planner_server-4] [INFO] [1790986281.334514675] [planner_server]: Planning took 2 ms
[planner_server-4] [INFO] [1790986281.335809600] [planner_server]: Plan computed: 80 poses
[planner_server-4] [INFO] [1790986281.442196033] [planner_server]: Planning took 1 ms
[planner_server-4] [INFO] [1790986281.442336367] [planner_server]: Plan computed: 79 poses
[planner_server-4] [INFO] [1790986281.552905645] [planner_server]: Planning took 2 ms
[planner_server-4] [INFO] [1790986281.554342887] [planner_server]: Plan computed: 79 poses
[planner_server-4] [INFO] [1790986281.665043521] [planner_server]: Planning took 1 ms
[planner_server-4] [INFO] [1790986281.665248176] [planner_server]: Plan computed: 78 poses
[planner_server-4] [INFO] [1790986281.771991289] [planner_server]: Planning took 1 ms
[planner_server-4] [INFO] [1790986281.772486040] [planner_server]: Plan computed: 78 poses
[planner_server-4] [INFO] [1790986281.882941423] [planner_server]: Planning took 1 ms
[planner_server-4] [INFO] [1790986281.883332979] [planner_server]: Plan computed: 78 poses
[planner_server-4] [INFO] [1790986281.993334258] [planner_server]: Planning took 2 ms
[planner_server-4] [INFO] [1790986281.993972138] [planner_server]: Plan computed: 77 poses
[rviz2-9] [INFO] [1790986282.015448411] [rviz2]: Trying to create a map of size 80 x 58 using 1 swatches
[planner_server-4] [INFO] [1790986282.102604112] [planner_server]: Planning took 1 ms
[planner_server-4] [INFO] [1790986282.103178332] [planner_server]: Plan computed: 77 poses
[controller_node-5] [WARN] [1790986282.209037152] [controller_server]: path_copy succeeded.
[planner_server-4] [INFO] [1790986282.213166888] [planner_server]: Planning took 1 ms
[planner_server-4] [INFO] [1790986282.213570958] [planner_server]: Plan computed: 77 poses
[rviz2-9] [INFO] [1790986282.283737114] [rviz2]: Trying to create a map of size 80 x 59 using 1 swatches
[controller_node-5] [INFO] [1790986282.289586392] [controller_server]: Computed velocity commands: linear.x=-0.47, linear.y=-0.70, angular.z=0.00
[planner_server-4] [INFO] [1790986282.322764729] [planner_server]: Planning took 2 ms
[planner_server-4] [INFO] [1790986282.323209695] [planner_server]: Plan computed: 76 poses
[rviz2-9] [INFO] [1790986282.431596890] [rviz2]: Trying to create a map of size 80 x 60 using 1 swatches
[planner_server-4] [INFO] [1790986282.434639321] [planner_server]: Planning took 2 ms
[planner_server-4] [INFO] [1790986282.436721496] [planner_server]: Plan computed: 75 poses
[planner_server-4] [INFO] [1790986282.542751980] [planner_server]: Planning took 2 ms
[planner_server-4] [INFO] [1790986282.543225740] [planner_server]: Plan computed: 74 poses
[rviz2-9] [INFO] [1790986282.623018557] [rviz2]: Trying to create a map of size 80 x 61 using 1 swatches
[planner_server-4] [INFO] [1790986282.652203956] [planner_server]: Planning took 1 ms
[planner_server-4] [INFO] [1790986282.652705008] [planner_server]: Plan computed: 74 poses
[rviz2-9] [INFO] [1790986282.702817686] [rviz2]: Trying to create a map of size 80 x 62 using 1 swatches
[planner_server-4] [INFO] [1790986282.765163538] [planner_server]: Planning took 1 ms
[planner_server-4] [INFO] [1790986282.765472529] [planner_server]: Plan computed: 72 poses
[rviz2-9] [INFO] [1790986282.789887037] [rviz2]: Trying to create a map of size 80 x 63 using 1 swatches
[planner_server-4] [INFO] [1790986282.874585308] [planner_server]: Planning took 2 ms
[planner_server-4] [INFO] [1790986282.874996701] [planner_server]: Plan computed: 72 poses
[planner_server-4] [INFO] [1790986282.982736814] [planner_server]: Planning took 1 ms
[planner_server-4] [INFO] [1790986282.983166502] [planner_server]: Plan computed: 71 poses
[rviz2-9] [INFO] [1790986283.076687879] [rviz2]: Trying to create a map of size 80 x 65 using 1 swatches
[planner_server-4] [INFO] [1790986283.093161575] [planner_server]: Planning took 2 ms
[planner_server-4] [INFO] [1790986283.093371059] [planner_server]: Plan computed: 70 poses
[rviz2-9] [INFO] [1790986283.173022029] [rviz2]: Trying to create a map of size 80 x 66 using 1 swatches
[planner_server-4] [INFO] [1790986283.203442930] [planner_server]: Planning took 1 ms
[planner_server-4] [INFO] [1790986283.203952328] [planner_server]: Plan computed: 69 poses
[planner_server-4] [INFO] [1790986283.313241108] [planner_server]: Planning took 1 ms
[planner_server-4] [INFO] [1790986283.313557403] [planner_server]: Plan computed: 69 poses
[planner_server-4] [INFO] [1790986283.422672982] [planner_server]: Planning took 1 ms
[planner_server-4] [INFO] [1790986283.422917522] [planner_server]: Plan computed: 68 poses
[rviz2-9] [INFO] [1790986283.425032935] [rviz2]: Trying to create a map of size 80 x 67 using 1 swatches
[planner_server-4] [INFO] [1790986283.533404635] [planner_server]: Planning took 1 ms
[planner_server-4] [INFO] [1790986283.533548115] [planner_server]: Plan computed: 68 poses
[rviz2-9] [INFO] [1790986283.620245069] [rviz2]: Trying to create a map of size 80 x 68 using 1 swatches
[planner_server-4] [INFO] [1790986283.642172530] [planner_server]: Planning took 1 ms
[planner_server-4] [INFO] [1790986283.643064097] [planner_server]: Plan computed: 67 poses
[rviz2-9] [INFO] [1790986283.744372270] [rviz2]: Trying to create a map of size 80 x 69 using 1 swatches
[planner_server-4] [INFO] [1790986283.753443843] [planner_server]: Planning took 1 ms
[planner_server-4] [INFO] [1790986283.753988386] [planner_server]: Plan computed: 66 poses
[rviz2-9] [INFO] [1790986283.839708023] [rviz2]: Trying to create a map of size 80 x 70 using 1 swatches
[planner_server-4] [INFO] [1790986283.861875626] [planner_server]: Planning took 1 ms
[planner_server-4] [INFO] [1790986283.862285316] [planner_server]: Plan computed: 65 poses
[planner_server-4] [INFO] [1790986283.972824417] [planner_server]: Planning took 2 ms
[planner_server-4] [INFO] [1790986283.973212186] [planner_server]: Plan computed: 64 poses
[rviz2-9] [INFO] [1790986284.038440538] [rviz2]: Trying to create a map of size 80 x 71 using 1 swatches
[rviz2-9] [INFO] [1790986284.077841845] [rviz2]: Trying to create a map of size 80 x 72 using 1 swatches
[planner_server-4] [INFO] [1790986284.081898198] [planner_server]: Planning took 1 ms
[planner_server-4] [INFO] [1790986284.082061084] [planner_server]: Plan computed: 63 poses
[rviz2-9] [INFO] [1790986284.139680724] [rviz2]: Trying to create a map of size 80 x 73 using 1 swatches
[planner_server-4] [INFO] [1790986284.192458764] [planner_server]: Planning took 1 ms
[planner_server-4] [INFO] [1790986284.192724985] [planner_server]: Plan computed: 62 poses
[controller_node-5] [WARN] [1790986284.228892416] [controller_server]: path_copy succeeded.
[planner_server-4] [INFO] [1790986284.304661753] [planner_server]: Planning took 1 ms
[planner_server-4] [INFO] [1790986284.305150793] [planner_server]: Plan computed: 61 poses
[controller_node-5] [INFO] [1790986284.308979592] [controller_server]: Computed velocity commands: linear.x=-0.15, linear.y=0.34, angular.z=0.00
[rviz2-9] [INFO] [1790986284.381715656] [rviz2]: Trying to create a map of size 80 x 74 using 1 swatches
[planner_server-4] [INFO] [1790986284.412080091] [planner_server]: Planning took 1 ms
[planner_server-4] [INFO] [1790986284.412403499] [planner_server]: Plan computed: 60 poses
[rviz2-9] [INFO] [1790986284.415395620] [rviz2]: Trying to create a map of size 80 x 75 using 1 swatches
[planner_server-4] [INFO] [1790986284.523841514] [planner_server]: Planning took 1 ms
[planner_server-4] [INFO] [1790986284.524431894] [planner_server]: Plan computed: 60 poses
[rviz2-9] [INFO] [1790986284.608237599] [rviz2]: Trying to create a map of size 80 x 76 using 1 swatches
[planner_server-4] [INFO] [1790986284.632824069] [planner_server]: Planning took 1 ms
[planner_server-4] [INFO] [1790986284.633085982] [planner_server]: Plan computed: 59 poses
[planner_server-4] [INFO] [1790986284.742291781] [planner_server]: Planning took 1 ms
[planner_server-4] [INFO] [1790986284.742673498] [planner_server]: Plan computed: 58 poses
[rviz2-9] [INFO] [1790986284.801052155] [rviz2]: Trying to create a map of size 80 x 77 using 1 swatches
[planner_server-4] [INFO] [1790986284.854275994] [planner_server]: Planning took 1 ms
[planner_server-4] [INFO] [1790986284.854557142] [planner_server]: Plan computed: 58 poses
[planner_server-4] [INFO] [1790986284.962968031] [planner_server]: Planning took 1 ms
[planner_server-4] [INFO] [1790986284.963263577] [planner_server]: Plan computed: 57 poses
[rviz2-9] [INFO] [1790986284.964936493] [rviz2]: Trying to create a map of size 80 x 78 using 1 swatches
[planner_server-4] [INFO] [1790986285.073362891] [planner_server]: Planning took 2 ms
[planner_server-4] [INFO] [1790986285.073631206] [planner_server]: Plan computed: 56 poses
[rviz2-9] [INFO] [1790986285.120718645] [rviz2]: Trying to create a map of size 80 x 79 using 1 swatches
[planner_server-4] [INFO] [1790986285.185611116] [planner_server]: Planning took 1 ms
[planner_server-4] [INFO] [1790986285.185813326] [planner_server]: Plan computed: 56 poses
[planner_server-4] [INFO] [1790986285.293644455] [planner_server]: Planning took 1 ms
[planner_server-4] [INFO] [1790986285.294298635] [planner_server]: Plan computed: 56 poses
[rviz2-9] [INFO] [1790986285.359867576] [rviz2]: Trying to create a map of size 80 x 80 using 1 swatches
[planner_server-4] [INFO] [1790986285.401654821] [planner_server]: Planning took 1 ms
[planner_server-4] [INFO] [1790986285.401916122] [planner_server]: Plan computed: 55 poses
[planner_server-4] [INFO] [1790986285.513137516] [planner_server]: Planning took 1 ms
[planner_server-4] [INFO] [1790986285.513374862] [planner_server]: Plan computed: 54 poses
[planner_server-4] [INFO] [1790986285.622961783] [planner_server]: Planning took 0 ms
[planner_server-4] [INFO] [1790986285.623260424] [planner_server]: Plan computed: 54 poses
[planner_server-4] [INFO] [1790986285.732317618] [planner_server]: Planning took 1 ms
[planner_server-4] [INFO] [1790986285.732655403] [planner_server]: Plan computed: 53 poses
[planner_server-4] [INFO] [1790986285.841504446] [planner_server]: Planning took 1 ms
[planner_server-4] [INFO] [1790986285.841883529] [planner_server]: Plan computed: 53 poses
[planner_server-4] [INFO] [1790986285.951968386] [planner_server]: Planning took 1 ms
[planner_server-4] [INFO] [1790986285.952258491] [planner_server]: Plan computed: 53 poses
[planner_server-4] [INFO] [1790986286.063463635] [planner_server]: Planning took 1 ms
[planner_server-4] [INFO] [1790986286.063816749] [planner_server]: Plan computed: 52 poses
[planner_server-4] [INFO] [1790986286.171546833] [planner_server]: Planning took 1 ms
[planner_server-4] [INFO] [1790986286.172030452] [planner_server]: Plan computed: 52 poses
[controller_node-5] [WARN] [1790986286.250083353] [controller_server]: path_copy succeeded.
[planner_server-4] [INFO] [1790986286.284983897] [planner_server]: Planning took 2 ms
[planner_server-4] [INFO] [1790986286.285346569] [planner_server]: Plan computed: 51 poses
[controller_node-5] [INFO] [1790986286.311720892] [controller_server]: Computed velocity commands: linear.x=-0.03, linear.y=0.43, angular.z=0.00
[planner_server-4] [INFO] [1790986286.390878164] [planner_server]: Planning took 1 ms
[planner_server-4] [INFO] [1790986286.391059796] [planner_server]: Plan computed: 50 poses
[planner_server-4] [INFO] [1790986286.502036660] [planner_server]: Planning took 1 ms
[planner_server-4] [INFO] [1790986286.502276040] [planner_server]: Plan computed: 50 poses
[planner_server-4] [INFO] [1790986286.614855738] [planner_server]: Planning took 1 ms
[planner_server-4] [INFO] [1790986286.614974721] [planner_server]: Plan computed: 49 poses
[planner_server-4] [INFO] [1790986286.723277648] [planner_server]: Planning took 1 ms
[planner_server-4] [INFO] [1790986286.723599493] [planner_server]: Plan computed: 48 poses
[planner_server-4] [INFO] [1790986286.833343283] [planner_server]: Planning took 1 ms
[planner_server-4] [INFO] [1790986286.834127754] [planner_server]: Plan computed: 48 poses
[planner_server-4] [INFO] [1790986286.943683104] [planner_server]: Planning took 0 ms
[planner_server-4] [INFO] [1790986286.943858444] [planner_server]: Plan computed: 47 poses
[planner_server-4] [INFO] [1790986287.051718718] [planner_server]: Planning took 1 ms
[planner_server-4] [INFO] [1790986287.052681228] [planner_server]: Plan computed: 47 poses
[planner_server-4] [INFO] [1790986287.162460099] [planner_server]: Planning took 0 ms
[planner_server-4] [INFO] [1790986287.162881572] [planner_server]: Plan computed: 46 poses
[planner_server-4] [INFO] [1790986287.270704455] [planner_server]: Planning took 0 ms
[planner_server-4] [INFO] [1790986287.271158609] [planner_server]: Plan computed: 45 poses
[planner_server-4] [INFO] [1790986287.382149729] [planner_server]: Planning took 1 ms
[planner_server-4] [INFO] [1790986287.382444413] [planner_server]: Plan computed: 45 poses
[planner_server-4] [INFO] [1790986287.492970290] [planner_server]: Planning took 1 ms
[planner_server-4] [INFO] [1790986287.493235849] [planner_server]: Plan computed: 44 poses
[planner_server-4] [INFO] [1790986287.603138092] [planner_server]: Planning took 0 ms
[planner_server-4] [INFO] [1790986287.603557020] [planner_server]: Plan computed: 43 poses
[planner_server-4] [INFO] [1790986287.711023383] [planner_server]: Planning took 0 ms
[planner_server-4] [INFO] [1790986287.711335279] [planner_server]: Plan computed: 43 poses
[planner_server-4] [INFO] [1790986287.820539561] [planner_server]: Planning took 0 ms
[planner_server-4] [INFO] [1790986287.821029772] [planner_server]: Plan computed: 43 poses
[planner_server-4] [INFO] [1790986287.931569814] [planner_server]: Planning took 1 ms
[planner_server-4] [INFO] [1790986287.932043555] [planner_server]: Plan computed: 42 poses
[rviz2-9] [INFO] [1790986287.937531144] [rviz2]: Trying to create a map of size 79 x 80 using 1 swatches
[rviz2-9] [INFO] [1790986288.021122213] [rviz2]: Trying to create a map of size 78 x 80 using 1 swatches
[planner_server-4] [INFO] [1790986288.040886898] [planner_server]: Planning took 0 ms
[planner_server-4] [INFO] [1790986288.041316926] [planner_server]: Plan computed: 41 poses
[planner_server-4] [INFO] [1790986288.152668315] [planner_server]: Planning took 1 ms
[planner_server-4] [INFO] [1790986288.153257603] [planner_server]: Plan computed: 41 poses
[rviz2-9] [INFO] [1790986288.256472321] [rviz2]: Trying to create a map of size 77 x 80 using 1 swatches
[planner_server-4] [INFO] [1790986288.261055469] [planner_server]: Planning took 0 ms
[planner_server-4] [INFO] [1790986288.261266786] [planner_server]: Plan computed: 40 poses
[controller_node-5] [WARN] [1790986288.268718538] [controller_server]: path_copy succeeded.
[controller_node-5] [INFO] [1790986288.329885513] [controller_server]: Computed velocity commands: linear.x=0.09, linear.y=0.42, angular.z=0.00
[planner_server-4] [INFO] [1790986288.372189178] [planner_server]: Planning took 0 ms
[planner_server-4] [INFO] [1790986288.372717822] [planner_server]: Plan computed: 39 poses
[rviz2-9] [INFO] [1790986288.424601736] [rviz2]: Trying to create a map of size 76 x 80 using 1 swatches
[planner_server-4] [INFO] [1790986288.481891144] [planner_server]: Planning took 0 ms
[planner_server-4] [INFO] [1790986288.482322886] [planner_server]: Plan computed: 39 poses
[planner_server-4] [INFO] [1790986288.592486641] [planner_server]: Planning took 1 ms
[planner_server-4] [INFO] [1790986288.592872717] [planner_server]: Plan computed: 39 poses
[planner_server-4] [INFO] [1790986288.702789958] [planner_server]: Planning took 0 ms
[planner_server-4] [INFO] [1790986288.703043856] [planner_server]: Plan computed: 38 poses
[rviz2-9] [INFO] [1790986288.703785320] [rviz2]: Trying to create a map of size 75 x 80 using 1 swatches
[planner_server-4] [INFO] [1790986288.813418747] [planner_server]: Planning took 0 ms
[planner_server-4] [INFO] [1790986288.813797740] [planner_server]: Plan computed: 38 poses
[rviz2-9] [INFO] [1790986288.901362161] [rviz2]: Trying to create a map of size 74 x 80 using 1 swatches
[planner_server-4] [INFO] [1790986288.922859052] [planner_server]: Planning took 0 ms
[planner_server-4] [INFO] [1790986288.923287698] [planner_server]: Plan computed: 37 poses
[rviz2-9] [INFO] [1790986289.000317260] [rviz2]: Trying to create a map of size 73 x 80 using 1 swatches
[planner_server-4] [INFO] [1790986289.032345053] [planner_server]: Planning took 0 ms
[planner_server-4] [INFO] [1790986289.033398814] [planner_server]: Plan computed: 36 poses
[planner_server-4] [INFO] [1790986289.141120457] [planner_server]: Planning took 0 ms
[planner_server-4] [INFO] [1790986289.142060996] [planner_server]: Plan computed: 36 poses
[planner_server-4] [INFO] [1790986289.251588154] [planner_server]: Planning took 0 ms
[planner_server-4] [INFO] [1790986289.251969110] [planner_server]: Plan computed: 35 poses
[rviz2-9] [INFO] [1790986289.259116169] [rviz2]: Trying to create a map of size 72 x 80 using 1 swatches
[rviz2-9] [INFO] [1790986289.287897057] [rviz2]: Trying to create a map of size 71 x 80 using 1 swatches
[planner_server-4] [INFO] [1790986289.361767027] [planner_server]: Planning took 1 ms
[planner_server-4] [INFO] [1790986289.362126533] [planner_server]: Plan computed: 34 poses
[planner_server-4] [INFO] [1790986289.471209754] [planner_server]: Planning took 0 ms
[planner_server-4] [INFO] [1790986289.471371318] [planner_server]: Plan computed: 34 poses
[rviz2-9] [INFO] [1790986289.477314104] [rviz2]: Trying to create a map of size 70 x 80 using 1 swatches
[planner_server-4] [INFO] [1790986289.583526690] [planner_server]: Planning took 0 ms
[planner_server-4] [INFO] [1790986289.584045836] [planner_server]: Plan computed: 33 poses
[rviz2-9] [INFO] [1790986289.600268160] [rviz2]: Trying to create a map of size 69 x 80 using 1 swatches
[planner_server-4] [INFO] [1790986289.692004776] [planner_server]: Planning took 0 ms
[planner_server-4] [INFO] [1790986289.692318115] [planner_server]: Plan computed: 32 poses
[rviz2-9] [INFO] [1790986289.759366789] [rviz2]: Trying to create a map of size 68 x 80 using 1 swatches
[planner_server-4] [INFO] [1790986289.801661156] [planner_server]: Planning took 0 ms
[planner_server-4] [INFO] [1790986289.802255464] [planner_server]: Plan computed: 32 poses
[planner_server-4] [INFO] [1790986289.911910853] [planner_server]: Planning took 0 ms
[planner_server-4] [INFO] [1790986289.912068470] [planner_server]: Plan computed: 31 poses
[planner_server-4] [INFO] [1790986290.022304611] [planner_server]: Planning took 0 ms
[planner_server-4] [INFO] [1790986290.022561454] [planner_server]: Plan computed: 30 poses
[rviz2-9] [INFO] [1790986290.051178714] [rviz2]: Trying to create a map of size 67 x 80 using 1 swatches
[planner_server-4] [INFO] [1790986290.131928210] [planner_server]: Planning took 0 ms
[planner_server-4] [INFO] [1790986290.132423842] [planner_server]: Plan computed: 30 poses
[rviz2-9] [INFO] [1790986290.206312978] [rviz2]: Trying to create a map of size 66 x 80 using 1 swatches
[planner_server-4] [INFO] [1790986290.241450488] [planner_server]: Planning took 0 ms
[planner_server-4] [INFO] [1790986290.241901897] [planner_server]: Plan computed: 29 poses
[controller_node-5] [WARN] [1790986290.289258794] [controller_server]: path_copy succeeded.
[controller_node-5] [INFO] [1790986290.349639975] [controller_server]: Computed velocity commands: linear.x=0.26, linear.y=0.39, angular.z=0.00
[planner_server-4] [INFO] [1790986290.351535556] [planner_server]: Planning took 0 ms
[planner_server-4] [INFO] [1790986290.352126116] [planner_server]: Plan computed: 29 poses
[planner_server-4] [INFO] [1790986290.461133627] [planner_server]: Planning took 0 ms
[planner_server-4] [INFO] [1790986290.461344603] [planner_server]: Plan computed: 28 poses
[rviz2-9] [INFO] [1790986290.495338699] [rviz2]: Trying to create a map of size 65 x 80 using 1 swatches
[planner_server-4] [INFO] [1790986290.571232089] [planner_server]: Planning took 0 ms
[planner_server-4] [INFO] [1790986290.571524459] [planner_server]: Plan computed: 28 poses
[planner_server-4] [INFO] [1790986290.680836592] [planner_server]: Planning took 0 ms
[planner_server-4] [INFO] [1790986290.681242405] [planner_server]: Plan computed: 27 poses
[planner_server-4] [INFO] [1790986290.787462154] [planner_server]: Planning took 4 ms
[rviz2-9] [INFO] [1790986290.787542745] [rviz2]: Trying to create a map of size 64 x 80 using 1 swatches
[planner_server-4] [INFO] [1790986290.788174944] [planner_server]: Plan computed: 26 poses
[planner_server-4] [INFO] [1790986290.892024832] [planner_server]: Planning took 0 ms
[planner_server-4] [INFO] [1790986290.892315368] [planner_server]: Plan computed: 25 poses
[planner_server-4] [INFO] [1790986291.003169517] [planner_server]: Planning took 1 ms
[planner_server-4] [INFO] [1790986291.003452439] [planner_server]: Plan computed: 25 poses
[planner_server-4] [INFO] [1790986291.112761086] [planner_server]: Planning took 0 ms
[planner_server-4] [INFO] [1790986291.113913453] [planner_server]: Plan computed: 24 poses
[rviz2-9] [INFO] [1790986291.135669902] [rviz2]: Trying to create a map of size 63 x 80 using 1 swatches
[planner_server-4] [INFO] [1790986291.221563140] [planner_server]: Planning took 0 ms
[planner_server-4] [INFO] [1790986291.221895395] [planner_server]: Plan computed: 24 poses
[planner_server-4] [INFO] [1790986291.331119568] [planner_server]: Planning took 0 ms
[planner_server-4] [INFO] [1790986291.331333080] [planner_server]: Plan computed: 23 poses
[planner_server-4] [INFO] [1790986291.441217915] [planner_server]: Planning took 0 ms
[planner_server-4] [INFO] [1790986291.441516867] [planner_server]: Plan computed: 22 poses
[rviz2-9] [INFO] [1790986291.486285508] [rviz2]: Trying to create a map of size 62 x 80 using 1 swatches
[planner_server-4] [INFO] [1790986291.553543044] [planner_server]: Planning took 0 ms
[planner_server-4] [INFO] [1790986291.554753691] [planner_server]: Plan computed: 22 poses
[rviz2-9] [INFO] [1790986291.622696697] [rviz2]: Trying to create a map of size 62 x 79 using 1 swatches
[planner_server-4] [INFO] [1790986291.661246834] [planner_server]: Planning took 0 ms
[planner_server-4] [INFO] [1790986291.661513556] [planner_server]: Plan computed: 21 poses
[planner_server-4] [INFO] [1790986291.771555041] [planner_server]: Planning took 0 ms
[planner_server-4] [INFO] [1790986291.771954792] [planner_server]: Plan computed: 20 poses
[rviz2-9] [INFO] [1790986291.841964924] [rviz2]: Trying to create a map of size 62 x 78 using 1 swatches
[planner_server-4] [INFO] [1790986291.880459858] [planner_server]: Planning took 0 ms
[planner_server-4] [INFO] [1790986291.880789027] [planner_server]: Plan computed: 20 poses
[rviz2-9] [INFO] [1790986291.902508758] [rviz2]: Trying to create a map of size 61 x 78 using 1 swatches
[planner_server-4] [INFO] [1790986291.992169350] [planner_server]: Planning took 0 ms
[planner_server-4] [INFO] [1790986291.992315054] [planner_server]: Plan computed: 19 poses
[rviz2-9] [INFO] [1790986292.066054118] [rviz2]: Trying to create a map of size 61 x 77 using 1 swatches
[planner_server-4] [INFO] [1790986292.102008224] [planner_server]: Planning took 0 ms
[planner_server-4] [INFO] [1790986292.102344126] [planner_server]: Plan computed: 19 poses
[rviz2-9] [INFO] [1790986292.126031386] [rviz2]: Trying to create a map of size 61 x 76 using 1 swatches
[planner_server-4] [INFO] [1790986292.211109782] [planner_server]: Planning took 0 ms
[planner_server-4] [INFO] [1790986292.211459810] [planner_server]: Plan computed: 18 poses
[rviz2-9] [INFO] [1790986292.287602038] [rviz2]: Trying to create a map of size 61 x 75 using 1 swatches
[controller_node-5] [WARN] [1790986292.308579007] [controller_server]: path_copy succeeded.
[planner_server-4] [INFO] [1790986292.320766358] [planner_server]: Planning took 0 ms
[planner_server-4] [INFO] [1790986292.322422111] [planner_server]: Plan computed: 17 poses
[controller_node-5] [INFO] [1790986292.368949853] [controller_server]: Computed velocity commands: linear.x=0.43, linear.y=0.10, angular.z=0.00
[rviz2-9] [INFO] [1790986292.415267502] [rviz2]: Trying to create a map of size 61 x 74 using 1 swatches
[planner_server-4] [INFO] [1790986292.431356540] [planner_server]: Planning took 0 ms
[planner_server-4] [INFO] [1790986292.431593565] [planner_server]: Plan computed: 16 poses
[planner_server-4] [INFO] [1790986292.541367114] [planner_server]: Planning took 0 ms
[planner_server-4] [INFO] [1790986292.541653713] [planner_server]: Plan computed: 15 poses
[rviz2-9] [INFO] [1790986292.542853376] [rviz2]: Trying to create a map of size 61 x 73 using 1 swatches
[planner_server-4] [INFO] [1790986292.651756505] [planner_server]: Planning took 0 ms
[planner_server-4] [INFO] [1790986292.651969726] [planner_server]: Plan computed: 15 poses
[planner_server-4] [INFO] [1790986292.763228771] [planner_server]: Planning took 0 ms
[planner_server-4] [INFO] [1790986292.768679706] [planner_server]: Plan computed: 15 poses
[rviz2-9] [INFO] [1790986292.774812613] [rviz2]: Trying to create a map of size 61 x 72 using 1 swatches
[planner_server-4] [INFO] [1790986292.881692773] [planner_server]: Planning took 0 ms
[planner_server-4] [INFO] [1790986292.882325463] [planner_server]: Plan computed: 14 poses
[planner_server-4] [INFO] [1790986292.990283621] [planner_server]: Planning took 0 ms
[planner_server-4] [INFO] [1790986292.990379912] [planner_server]: Plan computed: 13 poses
[rviz2-9] [INFO] [1790986293.024268955] [rviz2]: Trying to create a map of size 61 x 71 using 1 swatches
[planner_server-4] [INFO] [1790986293.102875702] [planner_server]: Planning took 0 ms
[planner_server-4] [INFO] [1790986293.103368439] [planner_server]: Plan computed: 13 poses
[rviz2-9] [INFO] [1790986293.161451154] [rviz2]: Trying to create a map of size 61 x 70 using 1 swatches
[planner_server-4] [INFO] [1790986293.211582999] [planner_server]: Planning took 0 ms
[planner_server-4] [INFO] [1790986293.211682676] [planner_server]: Plan computed: 12 poses
[rviz2-9] [INFO] [1790986293.309787797] [rviz2]: Trying to create a map of size 61 x 69 using 1 swatches
[planner_server-4] [INFO] [1790986293.321346411] [planner_server]: Planning took 0 ms
[planner_server-4] [INFO] [1790986293.321721306] [planner_server]: Plan computed: 11 poses
[planner_server-4] [INFO] [1790986293.430843442] [planner_server]: Planning took 0 ms
[planner_server-4] [INFO] [1790986293.431308667] [planner_server]: Plan computed: 10 poses
[rviz2-9] [INFO] [1790986293.441662896] [rviz2]: Trying to create a map of size 61 x 68 using 1 swatches
[planner_server-4] [INFO] [1790986293.542238500] [planner_server]: Planning took 0 ms
[planner_server-4] [INFO] [1790986293.542371951] [planner_server]: Plan computed: 10 poses
[planner_server-4] [INFO] [1790986293.651828038] [planner_server]: Planning took 0 ms
[planner_server-4] [INFO] [1790986293.652436793] [planner_server]: Plan computed: 10 poses
[rviz2-9] [INFO] [1790986293.661819305] [rviz2]: Trying to create a map of size 61 x 67 using 1 swatches
[planner_server-4] [INFO] [1790986293.760336741] [planner_server]: Planning took 0 ms
[planner_server-4] [INFO] [1790986293.760483737] [planner_server]: Plan computed: 9 poses
[planner_server-4] [INFO] [1790986293.871929833] [planner_server]: Planning took 0 ms
[planner_server-4] [INFO] [1790986293.872250226] [planner_server]: Plan computed: 9 poses
[rviz2-9] [INFO] [1790986293.886009458] [rviz2]: Trying to create a map of size 61 x 66 using 1 swatches
[planner_server-4] [INFO] [1790986293.980575564] [planner_server]: Planning took 0 ms
[planner_server-4] [INFO] [1790986293.980664862] [planner_server]: Plan computed: 8 poses
[rviz2-9] [INFO] [1790986294.079639948] [rviz2]: Trying to create a map of size 61 x 65 using 1 swatches
[planner_server-4] [INFO] [1790986294.090374393] [planner_server]: Planning took 0 ms
[planner_server-4] [INFO] [1790986294.090584678] [planner_server]: Plan computed: 7 poses
[planner_server-4] [INFO] [1790986294.202047696] [planner_server]: Planning took 0 ms
[planner_server-4] [INFO] [1790986294.202148786] [planner_server]: Plan computed: 7 poses
[rviz2-9] [INFO] [1790986294.271790506] [rviz2]: Trying to create a map of size 61 x 64 using 1 swatches
[planner_server-4] [INFO] [1790986294.312021965] [planner_server]: Planning took 1 ms
[planner_server-4] [INFO] [1790986294.312602316] [planner_server]: Plan computed: 6 poses
[controller_node-5] [WARN] [1790986294.330366709] [controller_server]: path_copy succeeded.
[controller_node-5] [INFO] [1790986294.369050187] [controller_server]: Computed velocity commands: linear.x=0.02, linear.y=-0.14, angular.z=0.00
[planner_server-4] [INFO] [1790986294.421197131] [planner_server]: Planning took 0 ms
[planner_server-4] [INFO] [1790986294.421303140] [planner_server]: Plan computed: 6 poses
[planner_server-4] [INFO] [1790986294.531624642] [planner_server]: Planning took 0 ms
[planner_server-4] [INFO] [1790986294.532475431] [planner_server]: Plan computed: 6 poses
[planner_server-4] [INFO] [1790986294.641557641] [planner_server]: Planning took 0 ms
[planner_server-4] [INFO] [1790986294.642550698] [planner_server]: Plan computed: 5 poses
[rviz2-9] [INFO] [1790986294.690366510] [rviz2]: Trying to create a map of size 60 x 63 using 1 swatches
[planner_server-4] [INFO] [1790986294.751707913] [planner_server]: Planning took 0 ms
[planner_server-4] [INFO] [1790986294.752354393] [planner_server]: Plan computed: 5 poses
[planner_server-4] [INFO] [1790986294.864386221] [planner_server]: Planning took 1 ms
[planner_server-4] [INFO] [1790986294.864650438] [planner_server]: Plan computed: 5 poses
[planner_server-4] [INFO] [1790986294.971561943] [planner_server]: Planning took 0 ms
[planner_server-4] [INFO] [1790986294.971903415] [planner_server]: Plan computed: 5 poses
[planner_server-4] [INFO] [1790986295.081191152] [planner_server]: Planning took 0 ms
[planner_server-4] [INFO] [1790986295.081586846] [planner_server]: Plan computed: 5 poses
[rviz2-9] [INFO] [1790986295.112519821] [rviz2]: Trying to create a map of size 60 x 62 using 1 swatches
[planner_server-4] [INFO] [1790986295.190531860] [planner_server]: Planning took 0 ms
[planner_server-4] [INFO] [1790986295.190841312] [planner_server]: Plan computed: 4 poses
[planner_server-4] [INFO] [1790986295.300392615] [planner_server]: Planning took 0 ms
[planner_server-4] [INFO] [1790986295.300812224] [planner_server]: Plan computed: 4 poses
[planner_server-4] [INFO] [1790986295.410654585] [planner_server]: Planning took 0 ms
[planner_server-4] [INFO] [1790986295.411269731] [planner_server]: Plan computed: 4 poses
[planner_server-4] [INFO] [1790986295.523068556] [planner_server]: Planning took 2 ms
[planner_server-4] [INFO] [1790986295.523834346] [planner_server]: Plan computed: 4 poses
[rviz2-9] [INFO] [1790986295.526714717] [rviz2]: Trying to create a map of size 60 x 61 using 1 swatches
[planner_server-4] [INFO] [1790986295.630415209] [planner_server]: Planning took 0 ms
[planner_server-4] [INFO] [1790986295.630691648] [planner_server]: Plan computed: 3 poses
[planner_server-4] [INFO] [1790986295.744093672] [planner_server]: Planning took 0 ms
[planner_server-4] [INFO] [1790986295.744255736] [planner_server]: Plan computed: 3 poses
[planner_server-4] [INFO] [1790986295.850678578] [planner_server]: Planning took 0 ms
[planner_server-4] [INFO] [1790986295.851063922] [planner_server]: Plan computed: 3 poses
[planner_server-4] [INFO] [1790986295.961098164] [planner_server]: Planning took 0 ms
[planner_server-4] [INFO] [1790986295.962561365] [planner_server]: Plan computed: 3 poses
[planner_server-4] [INFO] [1790986296.070952687] [planner_server]: Planning took 0 ms
[planner_server-4] [INFO] [1790986296.071695183] [planner_server]: Plan computed: 3 poses
[planner_server-4] [INFO] [1790986296.181229379] [planner_server]: Planning took 0 ms
[planner_server-4] [INFO] [1790986296.181501802] [planner_server]: Plan computed: 2 poses
[planner_server-4] [INFO] [1790986296.294277733] [planner_server]: Planning took 0 ms
[planner_server-4] [INFO] [1790986296.294394152] [planner_server]: Plan computed: 2 poses
[rviz2-9] [INFO] [1790986296.318374022] [rviz2]: Trying to create a map of size 60 x 60 using 1 swatches
[controller_node-5] [WARN] [1790986296.348800724] [controller_server]: path_copy succeeded.
[controller_node-5] [INFO] [1790986296.369511668] [controller_server]: Computed velocity commands: linear.x=-0.05, linear.y=-0.01, angular.z=0.00
[planner_server-4] [INFO] [1790986296.401042187] [planner_server]: Planning took 0 ms
[planner_server-4] [INFO] [1790986296.401231032] [planner_server]: Plan computed: 2 poses
[planner_server-4] [INFO] [1790986296.511407811] [planner_server]: Planning took 0 ms
[planner_server-4] [INFO] [1790986296.511659193] [planner_server]: Plan computed: 2 poses
[rviz2-9] [INFO] [1790986296.542813845] [rviz2]: Trying to create a map of size 59 x 60 using 1 swatches
[planner_server-4] [INFO] [1790986296.620781651] [planner_server]: Planning took 0 ms
[planner_server-4] [INFO] [1790986296.620978601] [planner_server]: Plan computed: 2 poses
[planner_server-4] [INFO] [1790986296.730538025] [planner_server]: Planning took 0 ms
[planner_server-4] [INFO] [1790986296.730735987] [planner_server]: Plan computed: 2 poses
[planner_server-4] [INFO] [1790986296.840987762] [planner_server]: Planning took 0 ms
[planner_server-4] [INFO] [1790986296.841222564] [planner_server]: Plan computed: 2 poses
[planner_server-4] [INFO] [1790986296.951709716] [planner_server]: Planning took 0 ms
[planner_server-4] [INFO] [1790986296.951843859] [planner_server]: Plan computed: 2 poses
[planner_server-4] [INFO] [1790986297.061188323] [planner_server]: Planning took 0 ms
[planner_server-4] [INFO] [1790986297.061534704] [planner_server]: Plan computed: 2 poses
[planner_server-4] [INFO] [1790986297.172494722] [planner_server]: Planning took 0 ms
[planner_server-4] [INFO] [1790986297.172661796] [planner_server]: Plan computed: 2 poses
[planner_server-4] [INFO] [1790986297.281020291] [planner_server]: Planning took 0 ms
[planner_server-4] [INFO] [1790986297.281126491] [planner_server]: Plan computed: 2 poses
[planner_server-4] [INFO] [1790986297.391819799] [planner_server]: Planning took 0 ms
[planner_server-4] [INFO] [1790986297.392443923] [planner_server]: Plan computed: 2 poses
[planner_server-4] [INFO] [1790986297.501414286] [planner_server]: Planning took 0 ms
[planner_server-4] [INFO] [1790986297.501551775] [planner_server]: Plan computed: 2 poses
[planner_server-4] [INFO] [1790986297.612085956] [planner_server]: Planning took 0 ms
[planner_server-4] [INFO] [1790986297.612551562] [planner_server]: Plan computed: 1 poses
[rviz2-9] [INFO] [1790986297.632631444] [rviz2]: Trying to create a map of size 59 x 59 using 1 swatches
[planner_server-4] [INFO] [1790986297.720991455] [planner_server]: Planning took 0 ms
[planner_server-4] [INFO] [1790986297.721638176] [planner_server]: Plan computed: 1 poses
[planner_server-4] [INFO] [1790986297.824499580] [planner_server]: Planning took 0 ms
[planner_server-4] [INFO] [1790986297.825547941] [planner_server]: Plan computed: 1 poses
[planner_server-4] [INFO] [1790986297.932264039] [planner_server]: Planning took 0 ms
[planner_server-4] [INFO] [1790986297.932836114] [planner_server]: Plan computed: 1 poses
[planner_server-4] [INFO] [1790986298.041471380] [planner_server]: Planning took 0 ms
[planner_server-4] [INFO] [1790986298.041626532] [planner_server]: Plan computed: 1 poses
[planner_server-4] [INFO] [1790986298.152822122] [planner_server]: Planning took 0 ms
[planner_server-4] [INFO] [1790986298.153330869] [planner_server]: Plan computed: 1 poses
[planner_server-4] [INFO] [1790986298.261337713] [planner_server]: Planning took 0 ms
[planner_server-4] [INFO] [1790986298.261613993] [planner_server]: Plan computed: 1 poses
[nav_interface_node-7] [INFO] [1790986298.339840830] [nav_interface_node]: [NavStateTrack] Goal reached! remaining=0.039 m, elapsed=160.96 s
[nav_interface_node-7] Sequence succeeded, halting children and returning SUCCESS
[controller_node-5] [WARN] [1790986298.348877222] [controller_server]: path_copy succeeded.
[nav_interface_node-7] [INFO] [1790986298.349860320] [nav_interface_node]: Navigation task finished successfully.
[controller_node-5] [INFO] [1790986298.370448663] [controller_server]: Computed velocity commands: linear.x=-0.01, linear.y=0.02, angular.z=0.00
[sp_decision_node-6] [INFO] [1790986298.508057955] [sp_decision]: [NavToPose] Goal succeeded.
[sp_decision_node-6] [INFO] [1790986298.508899407] [sp_decision]: [DecisionEngine] SUCCEEDED – restarting
[sp_decision_node-6] [INFO] [1790986298.606564400] [sp_decision]: [WaitDuration] Wait complete – SUCCESS.
[sp_decision_node-6] [INFO] [1790986298.606722588] [sp_decision]: [DecisionEngine] SUCCEEDED – restarting
[sp_decision_node-6] [INFO] [1790986298.706550648] [sp_decision]: [DecisionEngine] SUCCEEDED – restarting
[sp_decision_node-6] [INFO] [1790986298.807131584] [sp_decision]: [DecisionEngine] SUCCEEDED – restarting
[sp_decision_node-6] [INFO] [1790986298.906784655] [sp_decision]: [DecisionEngine] SUCCEEDED – restarting
[sp_decision_node-6] [INFO] [1790986299.006940652] [sp_decision]: [DecisionEngine] SUCCEEDED – restarting
[sp_decision_node-6] [INFO] [1790986299.107112168] [sp_decision]: [DecisionEngine] SUCCEEDED – restarting
[sp_decision_node-6] [INFO] [1790986299.206404812] [sp_decision]: [DecisionEngine] SUCCEEDED – restarting
[sp_decision_node-6] [INFO] [1790986299.307803074] [sp_decision]: [DecisionEngine] SUCCEEDED – restarting
[sp_decision_node-6] [INFO] [1790986299.406248074] [sp_decision]: [DecisionEngine] SUCCEEDED – restarting
[sp_decision_node-6] [INFO] [1790986299.506806007] [sp_decision]: [DecisionEngine] SUCCEEDED – restarting
[sp_decision_node-6] [INFO] [1790986299.606374729] [sp_decision]: [DecisionEngine] SUCCEEDED – restarting
[sp_decision_node-6] [INFO] [1790986299.707786498] [sp_decision]: [DecisionEngine] SUCCEEDED – restarting
[sp_decision_node-6] [INFO] [1790986299.807268327] [sp_decision]: [DecisionEngine] SUCCEEDED – restarting
[sp_decision_node-6] [INFO] [1790986299.906416449] [sp_decision]: [DecisionEngine] SUCCEEDED – restarting
[sp_decision_node-6] [INFO] [1790986300.006760444] [sp_decision]: [DecisionEngine] SUCCEEDED – restarting
[sp_decision_node-6] [INFO] [1790986300.106260593] [sp_decision]: [DecisionEngine] SUCCEEDED – restarting
[sp_decision_node-6] [INFO] [1790986300.207313136] [sp_decision]: [DecisionEngine] SUCCEEDED – restarting
[sp_decision_node-6] [INFO] [1790986300.307079140] [sp_decision]: [DecisionEngine] SUCCEEDED – restarting
[controller_node-5] [WARN] [1790986300.351423772] [controller_server]: path_copy succeeded.
[controller_node-5] [INFO] [1790986300.388388148] [controller_server]: Computed velocity commands: linear.x=0.00, linear.y=0.00, angular.z=0.00
[sp_decision_node-6] [INFO] [1790986300.406353288] [sp_decision]: [DecisionEngine] SUCCEEDED – restarting
[sp_decision_node-6] [INFO] [1790986300.506728849] [sp_decision]: [DecisionEngine] SUCCEEDED – restarting
[sp_decision_node-6] [INFO] [1790986300.606892289] [sp_decision]: [DecisionEngine] SUCCEEDED – restarting
[sp_decision_node-6] [INFO] [1790986300.706938470] [sp_decision]: [DecisionEngine] SUCCEEDED – restarting
[sp_decision_node-6] [INFO] [1790986300.806798630] [sp_decision]: [DecisionEngine] SUCCEEDED – restarting
[sp_decision_node-6] [INFO] [1790986300.906955959] [sp_decision]: [DecisionEngine] SUCCEEDED – restarting
[sp_decision_node-6] [INFO] [1790986301.007171809] [sp_decision]: [DecisionEngine] SUCCEEDED – restarting
[sp_decision_node-6] [INFO] [1790986301.106312086] [sp_decision]: [DecisionEngine] SUCCEEDED – restarting
[sp_decision_node-6] [INFO] [1790986301.206838530] [sp_decision]: [DecisionEngine] SUCCEEDED – restarting
[sp_decision_node-6] [INFO] [1790986301.306652474] [sp_decision]: [DecisionEngine] SUCCEEDED – restarting
[sp_decision_node-6] [INFO] [1790986301.406623222] [sp_decision]: [DecisionEngine] SUCCEEDED – restarting
[sp_decision_node-6] [INFO] [1790986301.506326678] [sp_decision]: [DecisionEngine] SUCCEEDED – restarting
[sp_decision_node-6] [INFO] [1790986301.607498345] [sp_decision]: [DecisionEngine] SUCCEEDED – restarting
[sp_decision_node-6] [INFO] [1790986301.706922225] [sp_decision]: [DecisionEngine] SUCCEEDED – restarting
[sp_decision_node-6] [INFO] [1790986301.806937808] [sp_decision]: [DecisionEngine] SUCCEEDED – restarting
[sp_decision_node-6] [INFO] [1790986301.906934275] [sp_decision]: [DecisionEngine] SUCCEEDED – restarting
[sp_decision_node-6] [INFO] [1790986302.007366572] [sp_decision]: [DecisionEngine] SUCCEEDED – restarting
[sp_decision_node-6] [INFO] [1790986302.106917090] [sp_decision]: [DecisionEngine] SUCCEEDED – restarting
[sp_decision_node-6] [INFO] [1790986302.207486474] [sp_decision]: [DecisionEngine] SUCCEEDED – restarting
[sp_decision_node-6] [INFO] [1790986302.306947484] [sp_decision]: [DecisionEngine] SUCCEEDED – restarting
[controller_node-5] [WARN] [1790986302.369222296] [controller_server]: path_copy succeeded.
[controller_node-5] [INFO] [1790986302.388987036] [controller_server]: Computed velocity commands: linear.x=0.00, linear.y=0.00, angular.z=0.00
[sp_decision_node-6] [INFO] [1790986302.406802265] [sp_decision]: [DecisionEngine] SUCCEEDED – restarting
[sp_decision_node-6] [INFO] [1790986302.506533272] [sp_decision]: [DecisionEngine] SUCCEEDED – restarting
[sp_decision_node-6] [INFO] [1790986302.607301486] [sp_decision]: [DecisionEngine] SUCCEEDED – restarting
[sp_decision_node-6] [INFO] [1790986302.709153271] [sp_decision]: [DecisionEngine] SUCCEEDED – restarting
[sp_decision_node-6] [INFO] [1790986302.807019547] [sp_decision]: [DecisionEngine] SUCCEEDED – restarting
[sp_decision_node-6] [INFO] [1790986302.906457625] [sp_decision]: [DecisionEngine] SUCCEEDED – restarting
[sp_decision_node-6] [INFO] [1790986303.006641694] [sp_decision]: [DecisionEngine] SUCCEEDED – restarting
[sp_decision_node-6] [INFO] [1790986303.107001765] [sp_decision]: [DecisionEngine] SUCCEEDED – restarting
[sp_decision_node-6] [INFO] [1790986303.206683199] [sp_decision]: [DecisionEngine] SUCCEEDED – restarting
[sp_decision_node-6] [INFO] [1790986303.306699764] [sp_decision]: [DecisionEngine] SUCCEEDED – restarting
[sp_decision_node-6] [INFO] [1790986303.407281812] [sp_decision]: [DecisionEngine] SUCCEEDED – restarting
[sp_decision_node-6] [INFO] [1790986303.508315389] [sp_decision]: [DecisionEngine] SUCCEEDED – restarting
[sp_decision_node-6] [INFO] [1790986303.606456638] [sp_decision]: [DecisionEngine] SUCCEEDED – restarting
[sp_decision_node-6] [INFO] [1790986303.707100713] [sp_decision]: [DecisionEngine] SUCCEEDED – restarting
[sp_decision_node-6] [INFO] [1790986303.807109823] [sp_decision]: [DecisionEngine] SUCCEEDED – restarting
[sp_decision_node-6] [INFO] [1790986303.906572526] [sp_decision]: [DecisionEngine] SUCCEEDED – restarting
[sp_decision_node-6] [INFO] [1790986304.007925565] [sp_decision]: [DecisionEngine] SUCCEEDED – restarting
[sp_decision_node-6] [INFO] [1790986304.106714606] [sp_decision]: [DecisionEngine] SUCCEEDED – restarting
[sp_decision_node-6] [INFO] [1790986304.209338248] [sp_decision]: [DecisionEngine] SUCCEEDED – restarting
[sp_decision_node-6] [INFO] [1790986304.306252069] [sp_decision]: [DecisionEngine] SUCCEEDED – restarting
[controller_node-5] [WARN] [1790986304.388635232] [controller_server]: path_copy succeeded.
[controller_node-5] [INFO] [1790986304.408795720] [controller_server]: Computed velocity commands: linear.x=0.00, linear.y=0.00, angular.z=0.00
[sp_decision_node-6] [INFO] [1790986304.464968168] [sp_decision]: [DecisionEngine] SUCCEEDED – restarting
[sp_decision_node-6] [INFO] [1790986304.506728522] [sp_decision]: [DecisionEngine] SUCCEEDED – restarting
[sp_decision_node-6] [INFO] [1790986304.606369841] [sp_decision]: [DecisionEngine] SUCCEEDED – restarting
[sp_decision_node-6] [INFO] [1790986304.707350624] [sp_decision]: [DecisionEngine] SUCCEEDED – restarting
[sp_decision_node-6] [INFO] [1790986304.806410695] [sp_decision]: [DecisionEngine] SUCCEEDED – restarting
[sp_decision_node-6] [INFO] [1790986304.966915157] [sp_decision]: [DecisionEngine] SUCCEEDED – restarting
[sp_decision_node-6] [INFO] [1790986305.064841701] [sp_decision]: [DecisionEngine] SUCCEEDED – restarting
[sp_decision_node-6] [INFO] [1790986305.129229187] [sp_decision]: [DecisionEngine] SUCCEEDED – restarting
[sp_decision_node-6] [INFO] [1790986305.208473067] [sp_decision]: [DecisionEngine] SUCCEEDED – restarting
[sp_decision_node-6] [INFO] [1790986305.306367731] [sp_decision]: [DecisionEngine] SUCCEEDED – restarting
[sp_decision_node-6] [INFO] [1790986305.408394166] [sp_decision]: [DecisionEngine] SUCCEEDED – restarting
[sp_decision_node-6] [INFO] [1790986305.552489964] [sp_decision]: [DecisionEngine] SUCCEEDED – restarting
[sp_decision_node-6] [INFO] [1790986305.609085754] [sp_decision]: [DecisionEngine] SUCCEEDED – restarting
[sp_decision_node-6] [INFO] [1790986305.706752169] [sp_decision]: [DecisionEngine] SUCCEEDED – restarting
[sp_decision_node-6] [INFO] [1790986305.810068629] [sp_decision]: [DecisionEngine] SUCCEEDED – restarting
[sp_decision_node-6] [INFO] [1790986305.907328455] [sp_decision]: [DecisionEngine] SUCCEEDED – restarting
[sp_decision_node-6] [INFO] [1790986306.044241703] [sp_decision]: [DecisionEngine] SUCCEEDED – restarting
[sp_decision_node-6] [INFO] [1790986306.107035507] [sp_decision]: [DecisionEngine] SUCCEEDED – restarting
[sp_decision_node-6] [INFO] [1790986306.213008932] [sp_decision]: [DecisionEngine] SUCCEEDED – restarting
[sp_decision_node-6] [INFO] [1790986306.306561693] [sp_decision]: [DecisionEngine] SUCCEEDED – restarting
[sp_decision_node-6] [INFO] [1790986306.406622431] [sp_decision]: [DecisionEngine] SUCCEEDED – restarting
[controller_node-5] [WARN] [1790986306.408387670] [controller_server]: path_copy succeeded.
[controller_node-5] [INFO] [1790986306.431321393] [controller_server]: Computed velocity commands: linear.x=0.00, linear.y=0.00, angular.z=0.00
[sp_decision_node-6] [INFO] [1790986306.506615712] [sp_decision]: [DecisionEngine] SUCCEEDED – restarting
[sp_decision_node-6] [INFO] [1790986306.606433693] [sp_decision]: [DecisionEngine] SUCCEEDED – restarting
[sp_decision_node-6] [INFO] [1790986306.706643922] [sp_decision]: [DecisionEngine] SUCCEEDED – restarting
[sp_decision_node-6] [INFO] [1790986306.806667429] [sp_decision]: [DecisionEngine] SUCCEEDED – restarting
[sp_decision_node-6] [INFO] [1790986306.907937681] [sp_decision]: [DecisionEngine] SUCCEEDED – restarting
[sp_decision_node-6] [INFO] [1790986307.006797346] [sp_decision]: [DecisionEngine] SUCCEEDED – restarting
[sp_decision_node-6] [INFO] [1790986307.106651020] [sp_decision]: [DecisionEngine] SUCCEEDED – restarting
[sp_decision_node-6] [INFO] [1790986307.206569119] [sp_decision]: [DecisionEngine] SUCCEEDED – restarting
[WARNING] [launch]: user interrupted with ctrl-c (SIGINT)
[controller_node-5] [INFO] [1790986307.294559245] [rclcpp]: signal_handler(SIGINT/SIGTERM)
[robot_marker_publisher-8] [INFO] [1790986307.294558128] [rclcpp]: signal_handler(SIGINT/SIGTERM)
[INFO] [rviz2-9]: sending signal 'SIGINT' to process[rviz2-9]
[INFO] [robot_marker_publisher-8]: sending signal 'SIGINT' to process[robot_marker_publisher-8]
[INFO] [nav_interface_node-7]: sending signal 'SIGINT' to process[nav_interface_node-7]
[INFO] [sp_decision_node-6]: sending signal 'SIGINT' to process[sp_decision_node-6]
[INFO] [controller_node-5]: sending signal 'SIGINT' to process[controller_node-5]
[INFO] [planner_server-4]: sending signal 'SIGINT' to process[planner_server-4]
[INFO] [esdf_map_publisher-3]: sending signal 'SIGINT' to process[esdf_map_publisher-3]
[INFO] [sim_robot-2]: sending signal 'SIGINT' to process[sim_robot-2]
[INFO] [static_transform_publisher-1]: sending signal 'SIGINT' to process[static_transform_publisher-1]
[planner_server-4] [INFO] [1790986307.294640633] [rclcpp]: signal_handler(SIGINT/SIGTERM)
[rviz2-9] [INFO] [1790986307.294890693] [rclcpp]: signal_handler(SIGINT/SIGTERM)
[esdf_map_publisher-3] [INFO] [1790986307.295480472] [rclcpp]: signal_handler(SIGINT/SIGTERM)
[nav_interface_node-7] [INFO] [1790986307.295499358] [rclcpp]: signal_handler(SIGINT/SIGTERM)
[static_transform_publisher-1] [INFO] [1790986307.296110557] [rclcpp]: signal_handler(SIGINT/SIGTERM)
[ERROR] [planner_server-4]: process has died [pid 200106, exit code -2, cmd '/home/zrj/nav_final_project/install/sp_global_planner/lib/sp_global_planner/planner_server --ros-args -r __node:=planner_server --params-file /home/zrj/nav_final_project/install/sp_nav_bringup/share/sp_nav_bringup/config/nav_params.yaml --params-file /tmp/launch_params_0taxm98z'].
[sp_decision_node-6] [INFO] [1790986307.299092955] [rclcpp]: signal_handler(SIGINT/SIGTERM)
[sp_decision_node-6] [INFO] [1790986307.299785247] [sp_decision]: [DecisionEngine] Stopped.
[robot_marker_publisher-8] [INFO] [1790986307.339917648] [rclcpp]: signal_handler(SIGINT/SIGTERM)
[sp_decision_node-6] [INFO] [1790986307.349677018] [rclcpp]: signal_handler(SIGINT/SIGTERM)
[rviz2-9] [INFO] [1790986307.352672861] [rclcpp]: signal_handler(SIGINT/SIGTERM)
[esdf_map_publisher-3] [INFO] [1790986307.356157513] [rclcpp]: signal_handler(SIGINT/SIGTERM)
[sim_robot-2] Traceback (most recent call last):
[sim_robot-2]   File "/home/zrj/nav_final_project/install/sp_nav_sim/lib/sp_nav_sim/sim_robot", line 33, in <module>
[sim_robot-2]     sys.exit(load_entry_point('sp-nav-sim', 'console_scripts', 'sim_robot')())
[sim_robot-2]   File "/home/zrj/nav_final_project/build/sp_nav_sim/sp_nav_sim/sim_robot_node.py", line 598, in main
[sim_robot-2]     node.destroy_node()
[sim_robot-2]   File "/opt/ros/humble/local/lib/python3.10/dist-packages/rclpy/node.py", line 1691, in destroy_node
[ERROR] [static_transform_publisher-1]: process has died [pid 200100, exit code -2, cmd '/opt/ros/humble/lib/tf2_ros/static_transform_publisher 0 0.15 0 0 0 0 base_link livox_frame --ros-args'].
[ERROR] [controller_node-5]: process has died [pid 200108, exit code -2, cmd '/home/zrj/nav_final_project/install/sp_controller_server/lib/sp_controller_server/controller_node --ros-args -r __node:=controller_server --params-file /home/zrj/nav_final_project/install/sp_nav_bringup/share/sp_nav_bringup/config/nav_params.yaml --params-file /tmp/launch_params_0hvw3z5j'].
[ERROR] [nav_interface_node-7]: process has died [pid 200112, exit code -2, cmd '/home/zrj/nav_final_project/install/sp_nav_bt/lib/sp_nav_bt/nav_interface_node --ros-args -r __node:=nav_interface_node --params-file /home/zrj/nav_final_project/install/sp_nav_bringup/share/sp_nav_bringup/config/nav_params.yaml --params-file /tmp/launch_params_o_ltyr08'].
[sim_robot-2]     self.destroy_service(self._services[0])
[sim_robot-2]   File "/opt/ros/humble/local/lib/python3.10/dist-packages/rclpy/node.py", line 1615, in destroy_service
[sim_robot-2]     service.destroy()
[sim_robot-2]   File "/opt/ros/humble/local/lib/python3.10/dist-packages/rclpy/service.py", line 93, in destroy
[sim_robot-2]     self.__service.destroy_when_not_in_use()
[sim_robot-2] KeyboardInterrupt
[INFO] [robot_marker_publisher-8]: process has finished cleanly [pid 200114]
[INFO] [esdf_map_publisher-3]: process has finished cleanly [pid 200104]
[sim_robot-2] The following exception was never retrieved: cannot use Destroyable because destruction was requested
[sim_robot-2] The following exception was never retrieved: cannot use Destroyable because destruction was requested
[sim_robot-2] The following exception was never retrieved: cannot use Destroyable because destruction was requested
[ERROR] [sim_robot-2]: process has died [pid 200102, exit code -2, cmd '/home/zrj/nav_final_project/install/sp_nav_sim/lib/sp_nav_sim/sim_robot --ros-args -r __node:=sim_robot_node --params-file /home/zrj/nav_final_project/install/sp_nav_sim/share/sp_nav_sim/config/sim_robot.yaml'].
[INFO] [rviz2-9]: process has finished cleanly [pid 200116]
[ERROR] [sp_decision_node-6]: process[sp_decision_node-6] failed to terminate '5' seconds after receiving 'SIGINT', escalating to 'SIGTERM'
[INFO] [sp_decision_node-6]: sending signal 'SIGTERM' to process[sp_decision_node-6]
[sp_decision_node-6] [INFO] [1790986312.341696327] [rclcpp]: signal_handler(SIGINT/SIGTERM)
[ERROR] [sp_decision_node-6]: process[sp_decision_node-6] failed to terminate '10.0' seconds after receiving 'SIGTERM', escalating to 'SIGKILL'
[INFO] [sp_decision_node-6]: sending signal 'SIGKILL' to process[sp_decision_node-6]
[ERROR] [sp_decision_node-6]: process has died [pid 200110, exit code -9, cmd '/home/zrj/nav_final_project/install/sp_decision/lib/sp_decision/sp_decision_node --ros-args -r __node:=sp_decision --params-file /home/zrj/nav_final_project/install/sp_nav_bringup/share/sp_nav_bringup/config/nav_params.yaml --params-file /tmp/launch_params_do5v85hb'].
