time_s,x_m,y_m,vx_mps,vy_mps,cmd_x_mps,cmd_y_mps,goal_error_m,initial_path_error_m,initial_raw_path_error_m,current_path_error_m,wall_clearance_m
0.013115659001414315,0.9,0.9,0.0,0.0,0.0,0.0,18.667619023324853,nan,nan,nan,0.75
0.04845800300063274,0.9,0.9,0.0,0.0,0.0,0.0,18.667619023324853,nan,nan,nan,0.75
0.07567707000089285,0.9,0.9,0.0,0.0,0.0,0.0,18.667619023324853,nan,nan,nan,0.75
0.10926545500115026,0.9,0.9,0.0,0.0,0.0,0.0,18.667619023324853,nan,nan,nan,0.75
0.2938604420014599,0.9,0.9,0.0,0.0,0.0,0.0,18.667619023324853,0.0,0.0,0.0,0.75
0.35295381900141365,0.9,0.9,0.0,0.0,0.03396208543079529,0.0016052268348624183,18.667619023324853,0.0,0.0,0.0,0.75
0.4107395139999426,0.9,0.9,0.0,0.0,0.06813049336534904,0.0034992494952769404,18.667619023324853,0.0,0.0,0.0,0.75
0.4128371250008058,0.9,0.9,0.0,0.0,0.1338764798077928,0.01664073383039883,18.667619023324853,0.0,0.0,0.0,0.75
0.4150473610006884,0.9,0.9,0.0,0.0,0.16733609428341928,0.026772851042812712,18.667619023324853,0.0,0.0,0.0,0.75
0.4164976480005862,0.9,0.9,0.0,0.0,0.19879056195206787,0.03905348689275868,18.667619023324853,0.0,0.0,0.0,0.75
0.5318316420016345,0.9000197075214327,0.9000189141694817,0.0005912256429785937,0.0005674250844484563,0.4391814965461439,0.03865172037967684,18.667591713665317,1.395882253848809e-05,5.609845444358093e-07,1.395882253848809e-05,0.75
0.5337250400007179,0.9000814671252211,0.9000596745970408,0.0018527881136520485,0.0012228128267758832,0.4712063775016846,0.058576331361175606,18.667519221062296,3.967127710030556e-05,1.5409644455448223e-05,3.967127710030556e-05,0.75
0.6637623440001335,0.9006721568408222,0.9002255767569152,0.013432032714279212,0.003070356815949451,0.5669785998227047,0.055169125831460324,18.666984232481138,6.746966985762472e-05,0.00031577980567355204,7.141124666336542e-05,0.75
0.6657722750005632,0.9006721568408222,0.9002255767569152,0.013432032714279212,0.003070356815949451,0.5780551226394322,0.09788987164092097,18.666984232481138,6.746966985762472e-05,0.00031577980567355204,7.141124666336542e-05,0.75
0.6698890750012652,0.9017786945813474,0.9004238241970728,0.03319613221575457,0.005947423204728328,0.5910388652615653,0.07488445870414581,18.666061631946654,9.932365044144802e-06,0.0009580380363494073,9.403585714556152e-05,0.75
0.7943297660003736,0.903883922983256,0.9007667252143752,0.06315685205726014,0.010287030519071387,0.5910388652615653,0.07488445870414581,18.66433064860103,0.00013291572188244718,0.0022041916806752352,3.328369204583431e-05,0.75
0.7962843620007334,0.9071632376105124,0.9013091641052857,0.09837943881769248,0.016273166727315318,0.5942032473687376,0.09498353066712875,18.66162858971817,0.00034734405049047066,0.004139455073110308,5.730026345654969e-05,0.75
0.7979080910008634,0.9117316460151441,0.9020992784314568,0.13705225213895034,0.023703429785132655,0.6095439840832234,0.09428390701582835,18.657840326069305,0.0006125154978613159,0.006811112437306806,0.00012477918905679126,0.75
0.9233663790000719,0.9175135371405629,0.9031800012049183,0.17345673376256443,0.03242168320384428,0.684871763419211,0.06055847926174257,18.65298923561771,0.0008694868282867843,0.010135340458475419,0.00025960505924773323,0.75
0.9253269750006439,0.9244903451555295,0.9045738146115375,0.20930424044899626,0.04181440219857767,0.717746124086553,0.04988732172939886,18.647072876967457,0.0010921549609562192,0.014083113805365746,0.0005490479109677718,0.75
1.0586244410005747,0.9325621108515852,0.9063128031193526,0.24215297088167265,0.05216965523445132,0.8074481958999714,0.001248547666397426,18.640139549201706,0.0012266283664820023,0.01856106349891419,0.0004933756665124388,0.75
1.0608057750014268,0.9416661451879119,0.908456613171777,0.27312103008979915,0.06431430157273041,0.8232991341555144,0.01867704643808632,18.632191678953536,0.0011136895641313028,0.016543400611797154,0.0012301613181076787,0.75
1.0634669620012573,0.9517143070670266,0.9109533232159867,0.3014448563734422,0.07490130132629068,0.8308541995318287,0.03810549305345862,18.623328620452718,3.485382926037159e-05,0.01404669056758745,0.002172418841659875,0.75
1.0669555630011018,0.9517143070670266,0.9109533232159867,0.3014448563734422,0.07490130132629068,0.9344170462097269,-0.026335778594468617,18.623328620452718,3.485382926037159e-05,0.01404669056758745,0.002172418841659875,0.75
1.1840263490012148,0.9744633011394428,0.9168020054722614,0.3548883887361288,0.09122924715436194,0.9810824598506414,-0.07491302964034458,18.603129387177187,0.0028295765468951163,0.008198008311312677,0.0036232531921149584,0.75
1.186161360999904,0.9744633011394428,0.9168020054722614,0.3548883887361288,0.09122924715436194,0.9962714843921262,-0.014938575274446031,18.603129387177187,0.0028295765468951163,0.008198008311312677,0.0036232531921149584,0.75
1.2004283650003345,0.9872289311743117,0.9200482866241779,0.3829689010460653,0.09738843455749582,1.0555210771906713,-0.1077893544076608,18.59182326374555,0.004524108430792801,0.00495172715939618,0.005172373272563551,0.75
1.322975471000973,1.000936423288464,0.9234759542522134,0.4112247634245709,0.10283002884106429,1.0555210771906713,-0.1077893544076608,18.57972692250617,0.006861596000383367,0.0015240595313606997,0.008048188465424561,0.75
1.4650328740008263,1.01561910746552,0.9270681996313773,0.44048052531168125,0.10776736137491882,1.1385601240310466,-0.13064281736757605,18.5668294428016,0.009286348878766608,0.0020681858478032167,0.0034470916806637036,0.75
1.5783082699999795,1.0314060022147815,0.9306383556164558,0.4736068424778456,0.10710467955235306,1.140423726046635,-0.09199255867646028,18.553173184108108,0.011636455312038857,0.005638341832881699,0.0,0.75
1.5807559620006941,1.0314060022147815,0.9306383556164558,0.4736068424778456,0.10710467955235306,1.1454163518228702,-0.09020835148339257,18.553173184108108,0.011636455312038857,0.005638341832881699,0.0,0.75
1.6359552620015165,1.048286837845309,0.9342353684674266,0.5064250689158265,0.10791038552912358,1.1480135394684272,-0.12643667113986057,18.53873174734658,0.014422713884521403,0.009235354683852504,0.004344391947010155,0.75
1.6924248420000367,1.0663311497201744,0.9378528841297029,0.5413293562459621,0.10852546986828858,1.1456530565984706,-0.08271193948013122,18.523461890223636,0.017173855511397856,0.012852870346128809,0.0,0.75
1.6944013190004625,1.0856003151655187,0.941552901481465,0.5780749633603302,0.11100052055286194,1.147655918323729,-0.07487423684238748,18.507277736099677,0.02008938495091221,0.016552887697890872,0.005426851863169785,0.75
1.695989620000546,1.0856003151655187,0.941552901481465,0.5780749633603302,0.11100052055286194,1.1492446912860217,-0.034025325943138784,18.507277736099677,0.02008938495091221,0.016552887697890872,0.005426851863169785,0.75
1.6987319980016764,1.1060840292815726,0.9453178646875015,0.6145114234816167,0.1129488961810949,1.1527068397817217,-0.07048275476350785,18.490200494726963,0.02325140886267492,0.020317850903927348,0.011028182152066525,0.75
1.7003767370006244,1.1278585163834678,0.9490043938153502,0.6532346130568539,0.11059587383546299,1.1528295676764204,-0.029790952388253467,18.4722803168654,0.02630984578345503,0.024004380031776074,0.016436271603191575,0.75
1.7073479180016875,1.1278585163834678,0.9490043938153502,0.6532346130568539,0.11059587383546299,1.147149178247283,-0.05745310516770352,18.4722803168654,0.02630984578345503,0.024004380031776074,0.016436271603191575,0.75
1.8322226750005939,1.1510154637026357,0.9524830516978414,0.6947084195750395,0.10435973647473827,1.1430759014958265,-0.09412074537395143,18.453547150267905,0.029365250644795123,0.027483037914267316,0.013059814587431367,0.7000000000000001
1.8342835040002683,1.175549119794645,0.9558281483962973,0.7360096827602806,0.10035290095367558,1.1419926703708576,-0.0536345495140117,18.433954654911464,0.032261988116687915,0.030828134612723157,0.019156297142924345,0.7000000000000001
1.8371498190008424,1.201394702905809,0.9591387909870315,0.7753674933349151,0.09931927772202725,1.1362002435754803,-0.05055939869042325,18.413480168745075,0.03527086687561396,0.03413877720345737,0.0246993274967975,0.7000000000000001
1.9505455650014483,1.2284724515772094,0.9623727019430854,0.8123324601420157,0.09701732868161733,1.1021013527211145,-0.06678688140954614,18.392212277278038,0.03820326650346641,0.037372688159511336,0.018377770065276577,0.7000000000000001
1.9529546510002547,1.2284724515772094,0.9623727019430854,0.8123324601420157,0.09701732868161733,1.0947132678968816,-0.02405189233784716,18.392212277278038,0.03820326650346641,0.037372688159511336,0.018377770065276577,0.7000000000000001
1.9546340160013642,1.256678002406775,0.965655297540692,0.8461665248869676,0.09847786792819697,1.0681904246869323,-0.05775088000849443,18.370136926459825,0.04127166066085293,0.04065528375711791,0.025680905929898502,0.7000000000000001
1.9569894690012006,1.2859309255129185,0.9689718203271731,0.87758769318431,0.0994956835944317,1.052784928573903,-0.019439774212993477,18.347323164458842,0.04438943038719549,0.043971806543599,0.032765093269215215,0.7000000000000001
2.083624328000951,1.3161331046026556,0.9724595668545907,0.9060653726921135,0.10463239582252862,0.9968839700244003,-0.038331243708845775,18.323743357270196,0.04771419522850398,0.04745955307101657,0.013503496928797954,0.7000000000000001
2.0852643369998987,1.3472241640863298,0.9760797535934788,0.9327317845102249,0.1086056021666429,0.964011709344227,-0.04290803951850647,18.299469231513317,0.05118763809269089,0.051079739809904656,0.026325621312058994,0.7000000000000001
2.203548489000241,1.4117684292201618,0.9839415169098622,0.9791089924141821,0.12207087531678104,0.8160185616571198,-0.06211972782084396,18.24889614539945,0.05875994661603492,0.0589415031262881,0.03194831098358283,0.7000000000000001
2.205646037000406,1.4117684292201618,0.9839415169098622,0.9791089924141821,0.12207087531678104,0.7885962210608264,-0.017345087175712037,18.24889614539945,0.05875994661603492,0.0589415031262881,0.03194831098358283,0.7000000000000001
2.2073363840008824,1.445060736788419,0.9882282704454457,0.9987692270477165,0.12860260606750532,0.7519819340824853,-0.0795021344117865,18.222679430959655,0.0628741014015942,0.0632282566618716,0.04434114699774134,0.7000000000000001
2.210059603001355,1.4789043216041133,0.992810743453419,1.0153075444708315,0.13747419023920066,0.722415401581757,-0.061573658060686653,18.195891468409933,0.06725627247236318,0.06781072966984492,0.05403750607785043,0.7000000000000001
2.3255058850008936,1.5478471702071153,1.0027737657784248,1.0390890294655875,0.15319586569169946,0.6744522807699544,-0.08594883924818256,18.140944729888226,0.07656816837813146,0.0777737519948507,0.039425241683311185,0.65
2.3273318920000747,1.5826692752591527,1.008154600197421,1.0446631515611196,0.16142503256989035,0.6460123959551294,-0.04861420335744851,18.112978342748416,0.08146089652192114,0.08315458641384699,0.05486575269133488,0.65
2.4728021420014556,1.6175626598067663,1.0138115420828329,1.0468015364284093,0.1697082565623515,0.5323341065968686,-0.0809505402848957,18.084788367796147,0.08644640039156562,0.08881152829925876,0.014141390814946166,0.65
2.5278673490010988,1.652342567081964,1.0195673121469198,1.0433972182559317,0.17267310192260452,0.5238304343081349,-0.060651276373992175,18.05663021908393,0.09119565774638945,0.09456729836334565,0.02657926350733382,0.65
2.585422798001673,1.6866392262414518,1.025342767507642,1.028899774784634,0.17326366082167213,0.5201018504761501,-0.03863521291851025,18.028815475417463,0.09563516571236091,0.10034275372406798,0.014454389676602147,0.65
2.58783345700067,1.6866392262414518,1.025342767507642,1.028899774784634,0.17326366082167213,0.5119257123681904,-0.007379798626843792,18.028815475417463,0.09563516571236091,0.10034275372406798,0.014454389676602147,0.65
2.5893881430001784,1.6866392262414518,1.025342767507642,1.028899774784634,0.17326366082167213,0.5072511766270094,0.0035676419652693747,18.028815475417463,0.09563516571236091,0.10034275372406798,0.014454389676602147,0.65
2.5912552990012045,1.7203073753804876,1.0311226330740126,1.010044474171072,0.17339596699111698,0.5080705416121274,0.011777383125565186,18.001453972160387,0.09971100804123104,0.10612261929043854,0.028406214093804436,0.65
2.5927852270015137,1.7533433825550264,1.036961843350014,0.9910802152361662,0.17517630828004505,0.505311427130624,0.041010647902179335,17.974506822474748,0.10294355274719821,0.11196182956643996,0.03952076821324492,0.65
2.7117141369999445,1.7533433825550264,1.036961843350014,0.9910802152361662,0.17517630828004505,0.4813635285830223,0.0422548106148118,17.974506822474748,0.10294355274719821,0.11196182956643996,0.017044437655285464,0.65
2.7138709790015128,1.7855734284104414,1.0427182453118164,0.9669013756624527,0.1726920588540708,0.473449639773571,0.04822674888964186,17.94819513512108,0.10514645878736804,0.11771823152824235,0.03310095309371916,0.65
2.7160952300000645,1.8170402547693367,1.0483274044005169,0.9440047907668592,0.16827477266101207,0.44326578713040415,0.050529296964723525,17.92253491126965,0.10606914290374493,0.12332739061694276,0.04518482070439935,0.651920240520265
2.8450721540011727,1.8477692772218914,1.0538126204872227,0.9218706735766444,0.1645564826011768,0.39534271718544794,0.03081833023588967,17.89749040579562,0.10534289308845339,0.11034498552041057,0.017264355858449706,0.6020797289396148
2.846966400000383,1.8775355717443947,1.0590155127112293,0.8929888356750949,0.15608676672019645,0.3835681953040157,0.05377953277692377,17.873329658954987,0.10111589255145818,0.09649600306495307,0.03388648255202011,0.608276253029822
2.853606699000011,1.9063324931417807,1.063949915579582,0.8639076419215769,0.14803208605057702,0.3037427597250488,0.02234297226158719,17.850045632191744,0.09720121766285976,0.09088763271326433,0.04554653950509711,0.6184658438426491
2.9715621340001235,1.9340918069332287,1.068731927060601,0.8327794137434474,0.1434603444305753,0.30851442230538323,0.055911874076196855,17.827598541333014,0.09395964241403791,0.09373191253196889,0.018192747818930655,0.6184658438426491
2.973418428000514,1.9607674724740782,1.073434126560877,0.8002699662254799,0.14106598500827897,0.3216518186441655,0.0971986112985847,17.805964866088896,0.09050429641139288,0.09843411203224495,0.0240998600790521,0.632455532033676
2.97523477499999,1.9607674724740782,1.073434126560877,0.8002699662254799,0.14106598500827897,0.33471931935549476,0.14137099843723114,17.805964866088896,0.09050429641139288,0.09843411203224495,0.0240998600790521,0.632455532033676
3.1007814460008376,1.9863507508934024,1.0780994556212515,0.7674983525797285,0.13995987181123096,0.4055220526600043,0.2357432494762661,17.78511714659401,0.08692165381151529,0.10309944109261937,0.018469142935734994,0.632455532033676
3.1040224880016467,2.0343339001145493,1.0874664945060917,0.7038525393318802,0.14069965240922966,0.3825941437982135,0.25570903937031153,17.745600205840503,0.0768452279583914,0.10828110750533189,0.027660013218581313,0.65
3.225175333000152,2.0343339001145493,1.0874664945060917,0.7038525393318802,0.14069965240922966,0.42601452284910646,0.32693602323652393,17.745600205840503,0.0768452279583914,0.10828110750533189,0.002536989623875078,0.65
3.227269734001311,2.0343339001145493,1.0874664945060917,0.7038525393318802,0.14069965240922966,0.4362799462897713,0.358568242644124,17.745600205840503,0.0768452279583914,0.10828110750533189,0.002536989623875078,0.65
3.2290902700005972,2.0343339001145493,1.0874664945060917,0.7038525393318802,0.14069965240922966,0.45365893884599423,0.3880829759345559,17.745600205840503,0.0768452279583914,0.10828110750533189,0.002536989623875078,0.65
3.2306946000007883,2.056808400470678,1.0921987208742574,0.6742350106838652,0.1419667910449687,0.4714306389040845,0.4216028153592073,17.72685414900791,0.0691047355068934,0.09573542525477345,0.003200405837789689,0.670820393249937
3.237235458000214,2.0782572244086115,1.0969025685723977,0.6434647181379968,0.1411154309442096,0.5169445312511946,0.49433871397412676,17.708835144460597,0.06129172068854975,0.08389493900480846,0.004010247642566164,0.670820393249937
3.349365169000521,2.09860983357223,1.1015192767246558,0.6105782749085511,0.13850124456774152,0.5169445312511946,0.49433871397412676,17.691632684412987,0.05338187389091762,0.07276797669159507,0.0020864395772764916,0.6264982043070835
3.3514621850008552,2.1179021609741304,1.1060134000059123,0.5787698220570106,0.1348236984376949,0.5086297531483132,0.5415007880083482,17.675246996430186,0.044954160295057326,0.06230406620850512,0.001752989762399203,0.651920240520265
3.3532455190015753,2.1179021609741304,1.1060134000059123,0.5787698220570106,0.1348236984376949,0.4959702925715446,0.5673562921389335,17.675246996430186,0.044954160295057326,0.06230406620850512,0.001752989762399203,0.651920240520265
3.482210672000292,2.1361882840936386,1.110409507833394,0.5485836935852463,0.13188323482445286,0.5601866429049192,0.6159823863713889,17.65962207771852,0.037073037673360856,0.05248234220472835,0.004455482799539868,0.651920240520265
3.4850654430010763,2.1537264482218452,1.1151073886047165,0.5261449238461948,0.14093642313967497,0.5617947342351861,0.6356616732890724,17.644287684782917,0.029892255416819842,0.0434028907707188,0.008300474103372644,0.6800735254367722
3.486839148999934,2.170641366846465,1.1203280426124258,0.5074475587385887,0.1566196202312772,0.5522939354011088,0.6669651629799428,17.62899547676464,0.02273320719243955,0.03513379695911134,0.011395498999184643,0.6800735254367722
3.6207363010016707,2.186962893933926,1.1261022135225982,0.4896458126238245,0.17322512730517403,0.5216972213703387,0.7487608413773634,17.613701395915353,0.016314946804361602,0.027675689882560885,0.0040674047158888475,0.6800735254367722
3.6760501799999474,2.218065046896922,1.1398861900428825,0.4606436597780664,0.22112441745439507,0.5079920442777344,0.7614386091280922,17.582517686520717,0.006175291550873108,0.015429889882134307,0.00948792839904332,0.7106335201775948
3.7322336780016485,2.218065046896922,1.1398861900428825,0.4606436597780664,0.22112441745439507,0.47018690047160705,0.7862444303533176,17.582517686520717,0.006175291550873108,0.015429889882134307,0.0,0.7106335201775948
3.7353689770006895,2.23313276739797,1.1483526984171377,0.4520316150314306,0.2539952512276589,0.4744936487673467,0.7860820849357189,17.566095347025826,0.0020989296245906976,0.010762128023228349,0.0035352317015777666,0.7106335201775948
3.73704323200036,2.247976062844946,1.157975788733686,0.4452988634092885,0.28869270949644765,0.45014555893083885,0.800781084908148,17.548973248936814,0.0010221224205156725,0.007070885576317762,0.006051728472921096,0.6726812023536856
3.7385838800000784,2.2626303380742536,1.168750343178885,0.43962825687922225,0.3232366333559737,0.4616752861568441,0.7794276583264876,17.531130545407397,0.0031734687818986734,0.0043275087007643475,0.007576635137184539,0.7071067811865476
3.7480440530016494,2.277141379740212,1.1807275981291727,0.43533124997875644,0.35931764850862774,0.43730230840759104,0.7323849642402548,17.512497975685605,0.004415959368377517,0.0025358509320333425,0.008240163044393222,0.7071067811865476
3.8644674250008393,2.2914686051534714,1.1938504689171452,0.4298167623977869,0.39368612363917366,0.4182234177872468,0.7355614589804736,17.493144640737018,0.0050936653979665476,0.0016842436095397518,0.015028286115132685,0.7071067811865476
3.8810056800011807,2.3056392561154095,1.208141669411501,0.4251195288581487,0.42873601483067464,0.3802919024610085,0.7944162921327411,17.47303512767172,0.004828151907073103,0.0017694850013810115,0.018116921703002987,0.7106335201775948
3.992135128000882,2.3056392561154095,1.208141669411501,0.4251195288581487,0.42873601483067464,0.3627361582119638,0.7998662781482893,17.47303512767172,0.004828151907073103,0.0017694850013810115,0.00039303170195468466,0.7106335201775948
4.112230447000911,2.3465703338427364,1.2580397017997895,0.40101247414749114,0.5332658829921635,0.34591877184029485,0.7639123861071667,17.408591362251457,0.0012499862385150567,0.008110079448739467,0.0041602681096021814,0.6800735254367722
4.231307041000036,2.359698996767063,1.2768297130044661,0.39385988772979796,0.5637003361403002,0.2890621159898812,0.75501674966228,17.385866784713308,0.004968688112793168,0.012113257208433618,0.000600598837525749,0.7211102550927979
4.233490412001629,2.37256518311708,1.2965207035701247,0.38598559050051656,0.5907297169697605,0.2615354437983956,0.7479477252771374,17.362655599831097,0.009078334046200657,0.016939122549584313,0.0004856658307351794,0.7211102550927979
4.362652244000856,2.3851060297738806,1.316989841895144,0.37622539970402014,0.6140741497505788,0.19244584718943056,0.7769049136528652,17.339091367077234,0.013806841127106536,0.022545271351406666,0.006169728993690923,0.6946221994724903
4.364768436000304,2.3851060297738806,1.316989841895144,0.37622539970402014,0.6140741497505788,0.1621927757210928,0.8147305227828461,17.339091367077234,0.013806841127106536,0.022545271351406666,0.006169728993690923,0.6946221994724903
4.366569363000963,2.397269173582716,1.3381745698883736,0.3648943142650627,0.6355418397968867,0.1750736054922583,0.8220206070758315,17.315256195165613,0.019298937747719614,0.02892449470523707,0.009839595567810637,0.6946221994724903
4.491751937001027,2.4090043715448326,1.3600211793947166,0.35205593886350234,0.6553982851902894,0.1563062428419862,0.8730923648620946,17.291224338780324,0.024777390787246396,0.036074342375527375,0.0038630985489255198,0.7158910531638177
4.493498579000516,2.4202509215939205,1.3824610218183497,0.33739650147263683,0.6731952727089946,0.12140182673289968,0.8448004931530428,17.267088237340346,0.03094753224251078,0.043989195317372,0.008474103012423146,0.7158910531638177
4.609901371000888,2.430958109771831,1.4054320907418378,0.3212156453373119,0.6891320677046432,0.11149582519106063,0.7877023201655179,17.242928783668596,0.03747201063942979,0.052661068556233134,0.006821821066394692,0.696419413859206
4.612227425001038,2.441085850441189,1.428891039839086,0.3038322200807401,0.7037684729174413,0.08128113586114125,0.7821548616004272,17.218806039532847,0.043778395659303804,0.06208765643700544,0.010738665240385402,0.696419413859206
4.61497401700035,2.4506487802568317,1.4526644373915802,0.2868878944692803,0.7132019265748277,0.08018283953625371,0.7946982814474747,17.19483878011513,0.05072406749143887,0.0721359745375658,0.014128243436509888,0.7280109889280518
4.7643033399999695,2.4595246778690165,1.4767630399867555,0.26627692836554734,0.7229580778552587,0.1262062458887785,0.79560622822927,17.171102966140086,0.056231870705767066,0.08290005245904063,0.005478551090929292,0.7280109889280518
4.873089796001295,2.467685754020084,1.5012906168581184,0.24483228453202355,0.7358273061408835,0.10668082818544508,0.7998947606994361,17.147542472263908,0.06232705262473032,0.09447291610265597,0.0,0.7158910531638177
4.876469291000831,2.467685754020084,1.5012906168581184,0.24483228453202355,0.7358273061408835,0.15112207196388458,0.8322650543101272,17.147542472263908,0.06232705262473032,0.09447291610265597,0.0,0.7158910531638177
4.878163612000208,2.4751306223941354,1.5262806218727218,0.2233460512215389,0.7497001504381052,0.19554387732415238,0.8299407861981206,17.12413522039265,0.06509688146104045,0.09986941597635468,0.0045752545488919475,0.7158910531638177
4.879988234000848,2.4818604805816644,1.5514752681334487,0.20189574562586468,0.7558393878218073,0.18249712934215398,0.8380548218192283,17.10107127752342,0.06740942253390647,0.09313955778882566,0.009881239787204808,0.7071067811865476
4.9410838470012095,2.4818604805816644,1.5514752681334487,0.20189574562586468,0.7558393878218073,0.16424441308537963,0.8439390015294114,17.10107127752342,0.06740942253390647,0.09313955778882566,0.009881239787204808,0.7071067811865476
5.00741062599991,2.4878547988443063,1.5768046258885873,0.17982954787926028,0.7598807326541598,0.20117802466387527,0.832074625633517,17.07841733155882,0.06789376281742127,0.0871452395261838,0.0,0.7071067811865476
5.0684981960002915,2.4931708605769605,1.6022772227600701,0.1594818519796231,0.7641779061444833,0.2751092317904844,0.8502609837123591,17.056129610450945,0.06808087614269213,0.0818291777935296,0.005717090508572917,0.70178344238091
5.125222861001021,2.5019315100489887,1.6535464627106524,0.12354650399342448,0.7701024614272798,0.32442689262004726,0.8401063645067284,17.012624675619488,0.0676445342319992,0.07306852832150135,0.009157897154843829,0.75
5.127366926000832,2.50553687792665,1.6792760341691486,0.10816103632982658,0.7718871437548884,0.3403181770570749,0.8587959296421983,16.99134953217324,0.06755025252944546,0.06946316044384027,0.0141990635171076,0.75
5.2456314460014255,2.5142964119479765,1.7576140749145461,0.07991106688131765,0.7904752843065598,0.526398839065185,0.8289547735190546,16.928172315815697,0.06931127172457585,0.06070362642251359,0.030121164194075997,0.75
5.25030131800122,2.516677863594373,1.7841842121629368,0.0714435493918923,0.7971041174517175,0.5470602156964158,0.7474577615364533,16.90717806837325,0.07086012937341576,0.05832217477611712,0.03790738905042353,0.75
5.373626199001592,2.516677863594373,1.7841842121629368,0.0714435493918923,0.7971041174517175,0.5470602156964158,0.7474577615364533,16.90717806837325,0.07086012937341576,0.05832217477611712,0.0,0.75
5.376221980000992,2.5190296000737233,1.8109848362566174,0.07055209438050762,0.8040187228104185,0.5605124245529914,0.7344595440698367,16.88605250195212,0.07372874578992834,0.055970438296766734,0.01236333355160852,0.75
5.378126646000965,2.5190296000737233,1.8109848362566174,0.07055209438050762,0.8040187228104185,0.5677194978025404,0.763089869003138,16.88605250195212,0.07372874578992834,0.055970438296766734,0.01236333355160852,0.75
5.3799066610008595,2.521494404522081,1.8380187760953137,0.07394413345072015,0.811018195160887,0.596927957987972,0.7703219427076428,16.86469612414954,0.07669746007342242,0.0550666929864085,0.02475609326129295,0.75
5.49816095100141,2.5240252871605358,1.8652856199335237,0.07592647915365258,0.8180053151462967,0.7227659562345896,0.7517854528986576,16.843141824318412,0.08165782082261135,0.06497194966477161,0.02364104181612695,0.75
5.501599189001354,2.526555263707022,1.8927823726349267,0.07589929639459696,0.8249025810420909,0.7180655512853524,0.7718629576917475,16.82143826389052,0.0872452343749577,0.08218498478316277,0.03500077516426428,0.75
5.512053061000188,2.532691091931551,1.9485416891079042,0.10136128075834235,0.8397785037123096,0.8493035026585232,0.7130466064412477,16.77678677387384,0.09492664016146289,0.09230894718399707,0.05553382405813564,0.75
5.633586945001298,2.532691091931551,1.9485416891079042,0.10136128075834235,0.8397785037123096,0.8493035026585232,0.7130466064412477,16.77678677387384,0.09492664016146289,0.09230894718399707,0.029057900493223338,0.75
5.635762600000817,2.536638121081714,1.9767617634443653,0.11841087450488028,0.8466022300938355,0.8607828891545393,0.6826623406673085,16.753633733704017,0.09780561899084661,0.0883619180338342,0.041508817988706405,0.75
5.637588805000632,2.541346987393007,2.004952633373128,0.1412659893387874,0.845726097862882,0.8581183651832593,0.6906017452757794,16.729991938635127,0.10014622439001597,0.08365305172254134,0.052886552835073694,0.75
5.792007525000372,2.5469106562820194,2.033052348561516,0.16691006667038402,0.8429914556516458,0.9114587421834548,0.5722232267380676,16.70584026640045,0.10287842319542073,0.07808938283352873,0.01269183283543402,0.75
5.8504330880005,2.5534600937601932,2.0610964149896103,0.19648312434522133,0.8413219928428198,0.8681597499403934,0.5987854678367233,16.681060617825366,0.10487110395941933,0.0715399453553549,0.024567720969355573,0.8
5.910468148000291,2.5609607801272554,2.089160413035494,0.22502059101186478,0.8419199413765076,0.8489350418291803,0.5828743397972349,16.65562048383533,0.10879551321008908,0.06558615031718969,0.0,0.8
5.966793020001205,2.5788661582653702,2.1454953827113403,0.2817907268275326,0.846751153253603,0.8209801077593697,0.5421060418136441,16.602611410375744,0.11753570762000022,0.08246932128546497,0.03295892378947074,0.8
6.020980880000934,2.5788661582653702,2.1454953827113403,0.2817907268275326,0.846751153253603,0.7748326050896622,0.5207229115924191,16.602611410375744,0.11753570762000022,0.08246932128546497,0.0,0.8
6.026148223001655,2.5892639912360793,2.173842883570307,0.311934989121276,0.8504250257689996,0.7687235483427725,0.5174889411758297,16.574989201481277,0.1241615268334335,0.09516165316929849,0.014903708843400757,0.8
6.029294590000063,2.6007805223791527,2.20227555546895,0.34549593429220044,0.8529801569592892,0.7742512061364525,0.4597200063307343,16.54653726773328,0.13024381336548158,0.10712317100906786,0.02914912992077081,0.8321658488546619
6.03191307400084,2.6007805223791527,2.20227555546895,0.34549593429220044,0.8529801569592892,0.7540242016846036,0.45640258603763134,16.54653726773328,0.13024381336548158,0.10712317100906786,0.02914912992077081,0.8321658488546619
6.033475040001576,2.613576273876835,2.2306142747543074,0.38387254493046885,0.8501615785607117,0.7508561178144183,0.43838618773652005,16.517271188386758,0.13767607985376562,0.11811370893149681,0.04202741742862093,0.8321658488546619
6.149611996001113,2.642802145271223,2.2868913517162115,0.45533930237062165,0.8424726963957891,0.7035698905995251,0.21698558431692633,16.456515992717257,0.1507587427100922,0.1372417998275587,0.03286371099707236,0.8500000000000001
6.15352828000141,2.642802145271223,2.2868913517162115,0.45533930237062165,0.8424726963957891,0.6796288395643488,0.2522409692801925,16.456515992717257,0.1507587427100922,0.1372417998275587,0.03286371099707236,0.8500000000000001
6.155504111000482,2.642802145271223,2.2868913517162115,0.45533930237062165,0.8424726963957891,0.6566324947341597,0.24146336575651697,16.456515992717257,0.1507587427100922,0.1372417998275587,0.03286371099707236,0.8500000000000001
6.269315894000101,2.6590124313400607,2.3147002915077697,0.48630858206512473,0.8342681937467479,0.6131081363387132,0.09445466881352277,16.42526973188624,0.15695775795004321,0.14544328652752903,0.009105033008915412,0.8514693182963202
6.271250605001114,2.6760925905752337,2.3421961989225335,0.5124047770551919,0.8248772224429204,0.5982290962801164,0.10513433584438242,16.393645437294957,0.1628195555214688,0.15280833269644914,0.01743710407655082,0.8514693182963202
6.272693292999975,2.69377192798255,2.3692122796131514,0.5303801222194826,0.8104824207185433,0.5801954073365889,0.0771159302526655,16.361950353538475,0.168558087887704,0.15941040718626978,0.025609244929356817,0.8845903006477066
6.2903861480008345,2.711847183774647,2.395729654562181,0.5422576737629179,0.7955212484708938,0.6067533433177352,-0.062025947904660816,16.33033890906115,0.1738364151368191,0.16537988688972152,0.03322488453926432,0.848528137423857
6.403086378000808,2.7302014139289765,2.421787519368165,0.5506269046298841,0.781735944179512,0.6067533433177352,-0.062025947904660816,16.298863967485826,0.1793414464414498,0.17082717919169016,0.02016945700344624,0.8845903006477066
6.405336295001689,2.7302014139289765,2.421787519368165,0.5506269046298841,0.781735944179512,0.6422644015942829,-0.0500129700690079,16.298863967485826,0.1793414464414498,0.17082717919169016,0.02016945700344624,0.8845903006477066
6.407239126001514,2.7489256028486575,2.446957902758725,0.561725667590427,0.7551115017168023,0.674418386283459,-0.06029782937678396,16.2677681348654,0.1839566618456456,0.17538532701489587,0.03196228999583205,0.8845903006477066
6.415972562001116,2.7679113353987073,2.4711992417002375,0.5695719765014937,0.7272401682453757,0.7968277912207227,-0.13697478152863163,16.237156172760617,0.18852120688459253,0.17910160193354657,0.042812296303518266,0.8500000000000001
6.54026572300063,2.787078438142333,2.4944099262634913,0.5750130823087668,0.6963205368976095,0.8286165942882242,-0.1515815176678431,16.20715629665968,0.19232055542417478,0.1819608460584884,0.028823608853892763,0.8500000000000001
6.542147724001552,2.8062929631399807,2.516422789247495,0.5764357499294377,0.6603858895201017,0.8662612510990553,-0.12704240585327686,16.177981321286236,0.1957084816784848,0.18393956982469237,0.04323134098321764,0.8
6.6536893820011755,2.8062929631399807,2.516422789247495,0.5764357499294377,0.6603858895201017,0.9379450418206711,-0.10657439852349082,16.177981321286236,0.1957084816784848,0.18393956982469237,0.01660591474949598,0.8
6.6579221230003895,2.8254298540733087,2.5371296088206323,0.574106727999845,0.6212045871941244,0.9664014725815128,-0.14501181440956235,16.149795777613843,0.1987782155674739,0.18504967701188058,0.03197511847149393,0.8
6.661317898000561,2.8444112437052493,2.5564534872235765,0.569441688958224,0.5797163520883227,1.0031106882260965,-0.12015515275875949,16.12270896417415,0.20090635716403116,0.1852918531443374,0.04813518278508897,0.75
6.665498459000446,2.8632618020299914,2.574357903062597,0.5655167497422542,0.5371324751706159,1.0394993298712603,-0.12862077086210605,16.09672982553953,0.2031872842123975,0.18462282937671515,0.0629955208550346,0.75
6.7814596650005114,2.882072646443221,2.5908335993094482,0.5643253323968925,0.4942708874055301,1.2015586821423345,-0.22985327205557216,16.071801558893814,0.20474743243174204,0.18297163027319346,0.027833600051046976,0.75
6.783441838000726,2.9009285146505652,2.605959811090042,0.565676046220325,0.45378635341781604,1.220989182521944,-0.15852855285921247,16.047808635394556,0.20521153358792327,0.1803343649223424,0.040993903125360165,0.7000000000000001
6.785339839001608,2.9009285146505652,2.605959811090042,0.565676046220325,0.45378635341781604,1.2195240915535024,-0.14671280955001453,16.047808635394556,0.20521153358792327,0.1803343649223424,0.040993903125360165,0.7000000000000001
6.787178557000516,2.919857660132336,2.619878237166477,0.5678743644531192,0.4175527822930412,1.2099633851101872,-0.18973978242256379,16.024630367942514,0.20601987021445414,0.17679125125220652,0.05304190376589233,0.7000000000000001
6.797007093000502,2.939121286444572,2.6325572927333214,0.5779087893670906,0.380371667005326,1.2030246442157442,-0.2031729635457979,16.002107858127264,0.20662318342646024,0.1721352566269373,0.06426367279316576,0.7000000000000001
6.936467339000956,2.9590076346117162,2.644005985949408,0.5965904450143189,0.34346079648259303,1.2030246442157442,-0.2031729635457979,15.980034722603172,0.2058527851546782,0.1661825959438857,0.03507340600946013,0.7000000000000001
7.046391834001042,2.979883480564201,2.6541083861225774,0.6262753785745397,0.30307200519508326,1.204648720769738,-0.17330010090529252,15.958240073468579,0.20387161515464874,0.16036248513266654,0.017958050460165072,0.65
7.0485140640012105,3.002072250311976,2.6629520670941744,0.6656630924332615,0.2653104291479145,1.1439724881070326,-0.22892422371442542,15.936438302107561,0.2026484953082112,0.1560423846022647,0.035327790669626616,0.65
7.051116506001563,3.002072250311976,2.6629520670941744,0.6656630924332615,0.2653104291479145,1.144720875531715,-0.2025955764797317,15.936438302107561,0.2026484953082112,0.1560423846022647,0.035327790669626616,0.65
7.163265287001195,3.0257983999045313,2.670696227479195,0.7117844877766579,0.23232481155061915,1.125936019500287,-0.2584117789169436,15.914362249368189,0.20133421106412774,0.15377965307153046,0.016712437760643593,0.65
7.165825828000379,3.0510259932864274,2.6774128739899745,0.7568278014568911,0.20149939532338418,1.0668327226759955,-0.2147366772304511,15.891989279266523,0.1985222187395104,0.1542868363912445,0.033095680084718075,0.65
7.284377160000076,3.0776346924806046,2.6830577556998167,0.7982609758253191,0.16934645129526227,0.8399973310635099,-0.2615597640572305,15.869439409824572,0.19565329032777545,0.15805771807438473,0.01751087724110236,0.65
7.286465866000071,3.105503029067497,2.6877629007480754,0.8360500976067696,0.14115435144775476,0.8406290981416574,-0.2638918376139303,15.846706889867875,0.19371920385556032,0.16276286312264343,0.03478596942450042,0.65
7.288319933000821,3.105503029067497,2.6877629007480754,0.8360500976067696,0.14115435144775476,0.8166824583517936,-0.22954595938987593,15.846706889867875,0.19371920385556032,0.16276286312264343,0.03478596942450042,0.65
7.295326511000894,3.134476491169425,2.6915297547536072,0.8692038630578451,0.11300562016595539,0.7015128930131912,-0.23753647061564648,15.82390277900456,0.19066490152043655,0.16652971712817521,0.05170609992253799,0.65
7.412934031000987,3.1952992574837453,2.6966881864676497,0.9255118360980141,0.0675688402957711,0.7015128930131912,-0.23753647061564648,15.778086658415875,0.18636207030406363,0.17168814884221772,0.054406918112676485,0.65
7.4151621850014635,3.1952992574837453,2.6966881864676497,0.9255118360980141,0.0675688402957711,0.7117884203021424,-0.18897502657215004,15.778086658415875,0.18636207030406363,0.17168814884221772,0.054406918112676485,0.65
7.417971623000994,3.2268935874701485,2.698487035285458,0.9478298995921014,0.05396546453424991,0.6793735428316022,-0.1842963044705803,15.754965596368388,0.1848139688986384,0.17348699766002618,0.07088815019001161,0.65
7.53650940100124,3.2590991684163524,2.699939170320394,0.9661674283861097,0.043564051048064205,0.6004920671277926,-0.194915864687719,15.731704223021303,0.18328691140995615,0.17493913269496186,0.045496138882553605,0.65
7.542114392001167,3.3244172604411366,2.702417361900774,0.9823324648692701,0.035577487236889124,0.5995764622723416,-0.17292541816104684,15.684963288748234,0.18208541736794154,0.17741732427534185,0.08592478660960151,0.6000000000000001
7.666980426000009,3.357243236944775,2.7035920036603156,0.98477929510915,0.035239252786258286,0.5853989060202281,-0.14965270430468178,15.66157521098066,0.18207987020855418,0.1785919660348836,0.05909396633148952,0.6000000000000001
7.669464090000474,3.390030606566411,2.7046945952171515,0.9836210886490956,0.033077746705074657,0.5175281208326505,-0.15057747604339417,15.638300089094,0.1822790428598999,0.17969455759171948,0.07683153273797841,0.6000000000000001
7.671391186000619,3.390030606566411,2.7046945952171515,0.9836210886490956,0.033077746705074657,0.48737882732808757,-0.13513009216731106,15.638300089094,0.1822790428598999,0.17969455759171948,0.07683153273797841,0.6000000000000001
7.79033568000159,3.422500372297384,2.7057083529659574,0.9740929719291768,0.030412732464172924,0.47642108435836006,-0.16579452759028773,15.615341188627907,0.18257258136856874,0.18070831534052534,0.019145387584856635,0.6000000000000001
7.79641251600151,3.454384133181994,2.7065859574987368,0.956512826538298,0.02632813598338087,0.4936414087115872,-0.15435980842166613,15.592915722459102,0.18300574993205743,0.18158591987330475,0.037847909400243525,0.6000000000000001
7.910741077001148,3.485597313281182,2.7073258096827164,0.936395402975646,0.02219556551939328,0.5406670215047807,-0.2038086704955097,15.571081195682758,0.18337707556222668,0.1823257720572844,0.03391282389638257,0.6000000000000001
7.917429774000993,3.5160573938379245,2.707927939125993,0.9138024167022748,0.018063883298306813,0.594651178219288,-0.2380088512245257,15.549892183892434,0.1837148336688479,0.18292790150056115,0.05018768339193416,0.6000000000000001
8.066167569000754,3.5456615182156836,2.708346080411648,0.8881237313327692,0.012544238569642874,0.6140636669412156,-0.24269807163842458,15.52945072472771,0.18394790450540918,0.18334604278621613,0.03460121959861048,0.6000000000000001
8.120172670000102,3.574279203052347,2.7085423158290296,0.8585305450998991,0.005887062521443649,0.6309461129479413,-0.2240432238763854,15.509871258832362,0.18398967635060218,0.1835422782035976,0.05052312232729567,0.6000000000000001
8.177662235000753,3.6018488024028765,2.7084981943066864,0.8270879805158871,-0.0013236456702976056,0.6064327902340076,-0.22376136055479356,15.491206923823718,0.18385274596415666,0.18349815668125435,0.014673390617084172,0.6000000000000001
8.179599810000582,3.628383828270391,2.708232489835621,0.7960507760254352,-0.007971134131961058,0.598772290207839,-0.20549021562514078,15.473432465153483,0.1835026747749217,0.18323245221018913,0.028607345948871463,0.6000000000000001
8.190217879000556,3.6789144034921284,2.706812757609768,0.74654606497886,-0.026140746253053154,0.6403705818078087,-0.24769283314009005,15.440328382191467,0.18198039546814423,0.181812719984336,0.05421709535630018,0.6000000000000001
8.30279729600079,3.6789144034921284,2.706812757609768,0.74654606497886,-0.026140746253053154,0.6403705818078087,-0.24769283314009005,15.440328382191467,0.18198039546814423,0.181812719984336,0.02630437757156456,0.6000000000000001
8.306053842999972,3.703098741414949,2.705671163703439,0.7255301376846219,-0.0342478171898775,0.6561660496382498,-0.2459091642485741,15.424859331949408,0.1808072455538414,0.18067112607800695,0.03844501406495529,0.6000000000000001
8.311289066999962,3.726807552703178,2.704237541598134,0.7112643386468622,-0.04300866315915063,0.6713163345662716,-0.22335830338267018,15.409948849914368,0.17934367097297782,0.17923750397270188,0.0499384512622351,0.6000000000000001
8.423943892999887,3.7502366647786105,2.7025281108734305,0.7028733622629777,-0.051282921741103195,0.7161947620576092,-0.2419404874856137,15.395452788356804,0.1776152056898693,0.17752807324799846,0.010744244874800921,0.6000000000000001
8.426594090000435,3.7733814442677516,2.700587950431318,0.6943433846742285,-0.058204813263373456,0.7374620952159906,-0.2402385681467059,15.381340834642643,0.17565624177321762,0.17558791280588615,0.021143430503837747,0.6000000000000001
8.428786374000993,3.7962199913328165,2.698485296250038,0.68515641195195,-0.06307962543840481,0.7423586934652402,-0.21495889398875906,15.367576907464496,0.17354157549196242,0.17348525862460606,0.03124692419867384,0.65
8.552823716001512,3.7962199913328165,2.698485296250038,0.68515641195195,-0.06307962543840481,0.7668908474315008,-0.24001186832268062,15.367576907464496,0.17354157549196242,0.17348525862460606,0.009441710909234102,0.65
8.557504953001626,3.8187942717582493,2.696246226559901,0.6772284127629794,-0.06717209070411105,0.7694087140222912,-0.24080807673942028,15.35411317372906,0.17129108853904035,0.17124618893446897,0.018634362040253816,0.65
8.559489499000847,3.841179696155534,2.693896909843189,0.6715627319185368,-0.0704795015013576,0.7798843425215826,-0.2163675745405883,15.340879431436004,0.16893355461749132,0.16889687221775684,0.027687164666066858,0.65
8.685471886999949,3.8635086723473124,2.691378983920546,0.6698692857533591,-0.07553777767927705,0.7668164784303708,-0.24371090635281462,15.327830511512008,0.16640860166043625,0.16637894629511418,0.022634610627841802,0.65
8.687308469001437,3.8859415274416156,2.6886653998540755,0.6729856528290897,-0.08140752199411601,0.7525273670198213,-0.21456960588500196,15.314879948511814,0.16368926627572356,0.16366536222864347,0.033771574941917376,0.65
8.810621793001701,3.9085355500159347,2.6857692125269206,0.6778206772295785,-0.0868856198146433,0.7026782769034027,-0.22960431686634616,15.301980659541668,0.16078866007102777,0.16076917490148857,0.011608731149704076,0.65
8.822207716000776,3.931298522859125,2.6826977310980036,0.6828891852957066,-0.09214444286750487,0.6337142079810411,-0.21307937368739044,15.289122958190953,0.15771319734910713,0.15769769347257157,0.023183107260735646,0.65
8.941518453000754,3.95425022008116,2.6795089729733412,0.6885509166610576,-0.09566274373986501,0.6370541162613235,-0.2107101279457378,15.276251303743324,0.15452165860723255,0.15450893534790922,0.018671991949688434,0.65
8.943527765000908,4.000911140318327,2.6729525272596706,0.7046933393065433,-0.09837378634796086,0.6426905211649293,-0.18828053820668905,15.250213432605053,0.14796077165122815,0.14795248963423857,0.036297599440579184,0.65
9.07337820200155,4.024775394046151,2.6697007137331568,0.7159276118347223,-0.09755440579541555,0.7960505233368765,-0.19284474075914368,15.236859671009974,0.1447071823618805,0.14470067610772475,0.025802308586961867,0.65
9.075421549001476,4.049003579616404,2.666488229262434,0.7268455671075631,-0.096374534121673,0.8363847151454916,-0.1665535811836915,15.223262477345594,0.14149360915509201,0.1414881916370021,0.03369698611212712,0.65
9.079615801001637,4.07349894064663,2.6633895183929948,0.734860830906775,-0.09296132608317798,0.8688200246182242,-0.16560267116198685,15.20943071916952,0.13839380404203577,0.13838948076756274,0.04181236298035448,0.65
9.22553988800064,4.098200942502758,2.6604109026093643,0.7410600556838496,-0.08935847350891672,0.9808275364545302,-0.19021359730056536,15.195400063956573,0.13541453821858154,0.1354108649839323,0.008730595413460763,0.65
9.28331627100124,4.1230489587431025,2.6576026808821926,0.7454404872103487,-0.08424665181514539,1.0136255842043425,-0.1816738156367521,15.181172829797816,0.13260569202032466,0.13260264325676063,0.01767968089743231,0.65
9.3393222600007,4.147841210976357,2.6549299576958765,0.7437675669976409,-0.08018169558948883,1.005260342382066,-0.15158075589470743,15.166907820488257,0.12993266122197653,0.12992992007044446,0.008203526652715098,0.65
9.341448681001566,4.172469184208785,2.6523851778575422,0.7388391969728423,-0.07634339515003317,1.00189715292853,-0.1503805619813335,15.152681386956562,0.12738760254242493,0.12738514023211023,0.016452305386738187,0.65
9.40132661700045,4.197017187141525,2.6499912315229577,0.7364400879822143,-0.07181839003753061,1.0039489790508318,-0.11666228308212606,15.13842030695315,0.12499362572410266,0.12499119389752567,0.02437457304563534,0.7000000000000001
9.45646471800137,4.221582337367918,2.64781444793813,0.7369545067917845,-0.06530350754483089,0.998158432882679,-0.08316237557794784,15.124010362210683,0.12281684008994674,0.12281441031269802,0.015333652134093748,0.7000000000000001
9.458543323000413,4.246400343785891,2.645820340258966,0.7445401925391791,-0.05982323037491787,1.0026376817522153,-0.10308233686308435,15.109323540866017,0.12082297086709756,0.12082030263353394,0.023103860442109776,0.7000000000000001
9.461308208001356,4.246400343785891,2.645820340258966,0.7445401925391791,-0.05982323037491787,1.0097838140458322,-0.06409766309316975,15.109323540866017,0.12082297086709756,0.12082030263353394,0.023103860442109776,0.7000000000000001
9.57736289100103,4.271649512594425,2.6440029155386737,0.7574750642560085,-0.054522741608769645,1.0540417459486269,-0.11489633527353477,15.09424865644103,0.11900582783548631,0.11900287791324171,0.012037812499758903,0.7000000000000001
9.582137365001472,4.2973956974868655,2.64242682592287,0.7723855467732292,-0.04728268847410649,1.0198582438551513,-0.12174736177632597,15.078694709787744,0.11743033476862448,0.11742678829743802,0.02454626667801034,0.7000000000000001
9.583666336000533,4.2973956974868655,2.64242682592287,0.7723855467732292,-0.04728268847410649,0.9896423906941143,-0.09054816665672889,15.078694709787744,0.11743033476862448,0.11742678829743802,0.02454626667801034,0.7000000000000001
9.709401793001234,4.323735581880494,2.641101138938754,0.79019653180885,-0.039770609523473006,0.8586546632587643,-0.12027241660191434,15.062593039746517,0.11610530546738432,0.11610110131332219,0.012624131456429549,0.7000000000000001
9.711702564000007,4.3507171715621,2.6399041659197,0.8094476904481643,-0.0359091905716336,0.8401831903081672,-0.09159285712082907,15.046006519843685,0.11490950872574457,0.11490412829426777,0.025534418978933243,0.7000000000000001
9.713363548000416,4.378317279405858,2.6388962334896027,0.8280032353127221,-0.03023797290292,0.8110676245802138,-0.08941220203711667,15.028905963729281,0.11390290337758299,0.11389619586417066,0.033799071381564766,0.7000000000000001
9.840642423001555,4.406498398656187,2.638099847126497,0.8454335775099003,-0.023891590893178594,0.77653032876773,-0.10534613617068435,15.01130002397183,0.11310860980068517,0.11309980950106491,0.02019313233455422,0.7000000000000001
9.843268516000535,4.435230086691116,2.6375645178964766,0.8619506410478806,-0.016059876900606427,0.7913552520172761,-0.07574818410194004,14.99317193453695,0.11257589199054396,0.1125644802710446,0.02899612572572053,0.7000000000000001
9.844982772001458,4.435230086691116,2.6375645178964766,0.8619506410478806,-0.016059876900606427,0.8187199690395719,-0.07126594573382522,14.99317193453695,0.11257589199054396,0.1125644802710446,0.02899612572572053,0.7000000000000001
9.846511061001365,4.464523168736746,2.6373167857098267,0.8787924613688868,-0.007431965599493773,0.8433861506332198,-0.1201247745438444,14.974495658852108,0.1123317046359615,0.11231674808439474,0.03689806460153094,0.7000000000000001
9.972624066000208,4.464523168736746,2.6373167857098267,0.8787924613688868,-0.007431965599493773,0.929061313162419,-0.17428326932174576,14.974495658852108,0.1123317046359615,0.11231674808439474,0.01343554169915993,0.7000000000000001
9.977456108001206,4.494371553814223,2.637409396258493,0.8954515523243093,0.002778316459982463,0.9502953458317663,-0.22486802063508374,14.955235912387222,0.11242936791710191,0.11240935863306101,0.027000328326852348,0.7000000000000001
9.979449869000746,4.494371553814223,2.637409396258493,0.8954515523243093,0.002778316459982463,0.9278976506481205,-0.19896518399461846,14.955235912387222,0.11242936791710191,0.11240935863306101,0.027000328326852348,0.7000000000000001
9.985616468000444,4.524752167913386,2.637944921610514,0.9114184229748702,0.016065760560639346,0.888441478551384,-0.26440015695765423,14.935329847911415,0.11297083124158311,0.11294488398508218,0.036953384762773905,0.7000000000000001
10.100089339000988,4.555167724458262,2.6388544079167597,0.9124666963463044,0.027284589187363747,0.896206635727381,-0.24074669393631193,14.915149394194895,0.11388985323899965,0.11385437029132772,0.030175288352117795,0.7000000000000001
10.10339663800005,4.555167724458262,2.6388544079167597,0.9124666963463044,0.027284589187363747,0.8613653707528268,-0.23617667920399815,14.915149394194895,0.11388985323899965,0.11385437029132772,0.030175288352117795,0.7000000000000001
10.11075709600118,4.585413373836228,2.640114617712322,0.9073694813389759,0.03780629386686872,0.8283391178224153,-0.23320135654426463,14.894842451061551,0.11516155903446686,0.1151145800868898,0.041150514366708066,0.7000000000000001
10.171053400001256,4.585413373836228,2.640114617712322,0.9073694813389759,0.03780629386686872,0.8068315830341275,-0.23964454608947774,14.894842451061551,0.11516155903446686,0.1151145800868898,0.041150514366708066,0.7000000000000001
10.225790667000183,4.615288141834676,2.6416352012418645,0.8962430399534536,0.04561750588627669,0.79188985984608,-0.23918525181284545,14.874605302119496,0.11669724950007496,0.11663516361643245,0.015709671068637417,0.7000000000000001
10.2292925690017,4.644722123606939,2.643345661896902,0.8830194531678741,0.05131381965112575,0.783625583346898,-0.24962504858503515,14.854534941982688,0.11842861902693883,0.11834562427146977,0.031267648624502375,0.7000000000000001
10.231208471001082,4.673870729196527,2.645153614222061,0.8744581676876542,0.05423856975477706,0.78932198125857,-0.2277974274697149,14.83460207594622,0.12026025045539313,0.12015357659662884,0.042373509210392214,0.7000000000000001
10.374242429001242,4.7323081040392365,2.6483146621200886,0.879021679449,0.04394805706629652,0.7268482266261392,-0.2679283972895194,14.795092042142311,0.12350253860333828,0.12331462449465658,0.030569593962203233,0.7000000000000001
10.440603725000983,4.761743842348495,2.6495308047909347,0.8830721492777628,0.03648428012537858,0.7474157550187109,-0.22361515275848096,14.77552952879686,0.12478036014361442,0.12453076716550271,0.042168496216835494,0.7000000000000001
10.499295732000974,4.761743842348495,2.6495308047909347,0.8830721492777628,0.03648428012537858,0.7481545184606087,-0.19570154821418925,14.77552952879686,0.12478036014361442,0.12453076716550271,0.0,0.7000000000000001
10.501202126000862,4.791329654984298,2.6504386342740585,0.8875743790740929,0.027234884493707857,0.7098363254510031,-0.26595748320310053,14.756144451031199,0.1257704828014728,0.12543859664862644,0.014630238625406656,0.65
10.503128578000542,4.820884934663978,2.65106483030933,0.8866583903903926,0.018785881058148525,0.7021981769156573,-0.2856303371732834,14.737031346764716,0.12649613262558965,0.12606479268389803,0.02899722625686559,0.65
10.567612046001159,4.850305905702471,2.6513034754688407,0.8826291311547982,0.007159354785323792,0.7101358241526552,-0.2751049389830427,14.718338661305982,0.12688424848199226,0.1263034378434087,0.04023990256044189,0.65
10.6239978420017,4.879550187185776,2.651226694084859,0.8773284444991509,-0.0023034415194523386,0.7194690378681434,-0.26949621085758146,14.700037583654709,0.12697748706762788,0.12622665645942677,0.010422211785082418,0.65
10.625875731000633,4.879550187185776,2.651226694084859,0.8773284444991509,-0.0023034415194523386,0.7145345094499083,-0.29984537473719514,14.700037583654709,0.12697748706762788,0.12622665645942677,0.010422211785082418,0.65
10.627921573001004,4.908531396458922,2.6509073908695444,0.8694362781943518,-0.00957909645943407,0.7150276924185772,-0.30714612284544507,14.68212575420627,0.1269096946120054,0.1259073532441124,0.02052365388606613,0.65
10.745708817999912,4.937222375510662,2.650362450489461,0.8607293715521965,-0.016348211402499334,0.6458892195429349,-0.4931615916054902,14.664606841337552,0.1266705211394203,0.12536241286402916,0.010499044499443914,0.65
10.750634279000224,4.965624338249548,2.6495866789966973,0.8520588821666053,-0.023273144782916234,0.6702028233903388,-0.49233482346670304,14.647483877847037,0.12629061036636008,0.1245866413712653,0.020674073758803473,0.7000000000000001
10.752558918000432,4.993751449380585,2.648651949115832,0.843813333931097,-0.028041896425967498,0.6693005433897146,-0.5109483827512101,14.630691536907845,0.12588704088855956,0.12365191149039978,0.030710643095815848,0.7000000000000001
10.872848094000801,5.021545325140622,2.6473392312835378,0.8338162728011014,-0.03938153496882304,0.6386851163809366,-0.5928957642838804,14.614437312697785,0.1251965486311331,0.12233919365810575,0.028006850004782567,0.7000000000000001
10.874643394001396,5.049031394151813,2.645678999869227,0.824582070335738,-0.04980694242932089,0.656337611390813,-0.584731947952272,14.598681525332564,0.1244286134154138,0.12067896224379515,0.03984131150890234,0.7000000000000001
10.87642691200017,5.049031394151813,2.645678999869227,0.824582070335738,-0.04980694242932089,0.7021501349306308,-0.5840204453958666,14.598681525332564,0.1244286134154138,0.12067896224379515,0.03984131150890234,0.7000000000000001
10.990128796000135,5.076241823271347,2.643741463099865,0.8163128735860279,-0.058126103080857874,0.7566145808125184,-0.7258022901734972,14.583349111105255,0.12346971961603385,0.118741425474433,0.015604301389337072,0.7000000000000001
10.991853582001568,5.103178796804253,2.6413492197391273,0.8081092059871715,-0.07176730082213365,0.8029450535750131,-0.7244050159094486,14.568578155271215,0.12253577448908226,0.11634918211369527,0.03068309213713909,0.7000000000000001
10.993686474001152,5.103178796804253,2.6413492197391273,0.8081092059871715,-0.07176730082213365,0.8520440177847746,-0.7174001226085059,14.568578155271215,0.12253577448908226,0.11634918211369527,0.03068309213713909,0.7000000000000001
11.127074773001368,5.12989054759789,2.638395318851864,0.8013525238091255,-0.08861702661789023,0.7913177051186271,-0.8376420808276214,14.554423570000651,0.12112617394462093,0.11339528122643205,0.01187088601949227,0.7000000000000001
11.1288629390001,5.1563698693931235,2.6348617860345085,0.7943796538569988,-0.10600598452067064,0.8322047224546262,-0.8414737282923472,14.540904861061124,0.11990761964190227,0.10986174840907648,0.023128079175380095,0.7000000000000001
11.133489204001307,5.1563698693931235,2.6348617860345085,0.7943796538569988,-0.10600598452067064,0.8659918117612951,-0.8226557689994195,14.540904861061124,0.11990761964190227,0.10986174840907648,0.023128079175380095,0.7000000000000001
11.253172290000293,5.208693291375026,2.6259432396160287,0.78171813953111,-0.146472077012963,0.7713877349417918,-0.8984426572794757,14.515829756763909,0.11696233566323778,0.1009432019905967,0.03606876157797338,0.7000000000000001
11.260250794000967,5.234579652548911,2.620121267196722,0.7765908352165597,-0.1746591725792071,0.7372480789066557,-0.9144074149414952,14.504595604733998,0.11501714090432408,0.09512122957128977,0.04456385680719206,0.7000000000000001
11.367884521001542,5.234579652548911,2.620121267196722,0.7765908352165597,-0.1746591725792071,0.7372480789066557,-0.9144074149414952,14.504595604733998,0.11501714090432408,0.09512122957128977,0.034491688300453294,0.7000000000000001
11.37015745700046,5.260390670389264,2.6134079307039846,0.7743305352105986,-0.20140009478211882,0.7185755121734266,-0.9146585978134216,14.494153665066314,0.11342171527739527,0.08840789307855257,0.04375566903188317,0.7000000000000001
11.516483067000081,5.286310218562763,2.605720387624672,0.7775864452049587,-0.2306262923793716,0.6587132964038074,-0.9340069368741518,14.484460341030255,0.11197695508576791,0.08072034999924016,0.01055653556909815,0.7000000000000001
11.518433925000863,5.312410923021453,2.596749351104302,0.7830211337607113,-0.2691310956111039,0.685992953152348,-0.9141353996342626,14.475720958803812,0.11003636079757685,0.07174931347887004,0.020237986034897012,0.75
11.520011598000565,5.312410923021453,2.596749351104302,0.7830211337607113,-0.2691310956111039,0.6734968720558556,-0.884715354266107,14.475720958803812,0.11003636079757685,0.07174931347887004,0.020237986034897012,0.75
11.628522961000272,5.3656520406223285,2.575056169054524,0.8047670234980769,-0.34410872854884245,0.6130522721583281,-0.8588046225910096,14.46074564405076,0.10889700998383012,0.06448409299230695,0.024047608914380573,0.75
11.758351584001502,5.392780266989388,2.562249468794005,0.8138467910117859,-0.3842010078155789,0.558183061592813,-0.8326070612590337,14.454596597597373,0.1107286709261718,0.07426715568547838,0.009282498772573113,0.75
11.763696877000257,5.392780266989388,2.562249468794005,0.8138467910117859,-0.3842010078155789,0.5864362118792089,-0.7892458069168635,14.454596597597373,0.1107286709261718,0.07426715568547838,0.009282498772573113,0.75
11.766158354001163,5.420274796569797,2.5482765972309585,0.8248358874122622,-0.419186146891392,0.5386497213655305,-0.7941130113318724,14.449219466156068,0.11330311744851485,0.08382841176244069,0.01796742622112494,0.8
11.892892867001137,5.447963491302731,2.5330845044676815,0.8306608419880168,-0.4557627828983129,0.49396631664351265,-0.7613049804136802,14.444766174245121,0.11588646066933515,0.09266484375697422,0.01093518169818904,0.8
11.894775374001256,5.447963491302731,2.5330845044676815,0.8306608419880168,-0.4557627828983129,0.5066120797527999,-0.7393622537440705,14.444766174245121,0.11588646066933515,0.09266484375697422,0.01093518169818904,0.8
11.896471092000866,5.475619088699921,2.5166483730863924,0.8296679219157231,-0.493083941438675,0.4985601237808686,-0.7364669179000746,14.441398166933814,0.11963746421229067,0.10059820425811018,0.02102938174061849,0.8
12.014020797001649,5.503289994908835,2.4991469774059003,0.8301271862674194,-0.5250418704147655,0.40019241542894385,-0.7294539171836718,14.438947806660469,0.12268415546471774,0.1077891341141048,0.02328604578550609,0.8321658488546619
12.016158012000233,5.530930821734248,2.4807291054503966,0.8292248047624065,-0.5525361586651063,0.4096931197712115,-0.7121251260495749,14.437326715941273,0.126708660684729,0.11431074804519605,0.032817627238220626,0.8321658488546619
12.127302464999957,5.558504781067986,2.461587735284946,0.827218780012144,-0.5742411049635207,0.30097199548753334,-0.6977595045199745,14.43640469848737,0.13014661700592436,0.12027348902905172,0.008038235772664031,0.8500000000000001
12.129918988001009,5.5860732183664785,2.4419375624434054,0.8270531189547546,-0.589505185246213,0.3036253278670624,-0.6784463922098654,14.435974821292277,0.13426661687382072,0.1258725475217909,0.01573600434291011,0.8200609733428363
12.13136375600152,5.613523790787244,2.4218166045821,0.8235171726229649,-0.6036287358391589,0.2752770255035325,-0.6604027268093446,14.436074461797032,0.13804328362514987,0.1310553676802691,0.02266770402723479,0.8514693182963202
12.244426856001155,5.640823527036166,2.401406657754854,0.818992087467651,-0.6122984048173866,0.13202862367403864,-0.6115935963291765,14.436576906869831,0.14215230246398192,0.13592718450128305,0.0045795453291117725,0.8514693182963202
12.24655390100088,5.695048775821881,2.3601687343640627,0.8108286451504919,-0.6200010283540666,0.12541541235932147,-0.5966723574104891,14.438380907373803,0.15053182553823968,0.1451106103575102,0.014205643582040205,0.848528137423857
12.257767975001116,5.695048775821881,2.3601687343640627,0.8108286451504919,-0.6200010283540666,-0.031831111218313266,-0.5729155162912324,14.438380907373803,0.15053182553823968,0.1451106103575102,0.014205643582040205,0.848528137423857
12.366216443000667,5.721834234346655,2.339446522583832,0.8035637557432068,-0.6216663534069264,-0.031831111218313266,-0.5729155162912324,14.439677271044916,0.15480844468835153,0.1493979732465836,0.012637128204556874,0.8514693182963202
12.368332878000729,5.721834234346655,2.339446522583832,0.8035637557432068,-0.6216663534069264,-0.04274505450458386,-0.5844641217793634,14.439677271044916,0.15480844468835153,0.1493979732465836,0.012637128204556874,0.8514693182963202
12.373371261001012,5.74837649658725,2.318741203224238,0.7962678672178471,-0.6211595807878125,-0.05641730061422136,-0.6156492976397243,14.441179798733984,0.15930304099522255,0.1535253151391381,0.02544967522947824,0.8514693182963202
12.488231964000079,5.774679633481006,2.2981168278105075,0.7890941068126817,-0.6187312624119113,-0.15254666284976337,-0.7271353162339158,14.442832326631278,0.16391098549682295,0.1575408058904053,0.015271481882106966,0.8500000000000001
12.490192240000397,5.80050017590795,2.277558751543679,0.7746162728083106,-0.616742288004864,-0.14540985397872425,-0.760562322816647,14.444785024475284,0.16856688402507378,0.1612619313979874,0.030295025362025753,0.8
12.493920503000481,5.850046262077987,2.236760256894623,0.7308244086736179,-0.6099763995711222,-0.2572182007818109,-0.9023143671270796,14.449850998548335,0.1775791995969881,0.1674474126815231,0.05902136320180237,0.75
12.625804889999927,5.850046262077987,2.236760256894623,0.7308244086736179,-0.6099763995711222,-0.2572182007818109,-0.9023143671270796,14.449850998548335,0.1775791995969881,0.1674474126815231,0.02371323921054416,0.75
12.682615800000349,5.873427826191644,2.2166060421530833,0.7014469234097217,-0.6046264422462013,-0.28256392492507754,-0.9267160643908776,14.453080698877681,0.1821441282596814,0.16972949330780573,0.03907009203714593,0.75
12.737457858000198,5.89562354025482,2.1966972697366978,0.6658714218952669,-0.5972631724915686,-0.28441033639887614,-0.9356376410336426,14.456846439715497,0.18597067012817117,0.17134660525442894,0.02193084904294913,0.75
12.739507996000611,5.916517155288349,2.1771474168895106,0.6268084510058672,-0.586495585415613,-0.2809944540176101,-0.9532241807636429,14.461113552844896,0.19025031649673216,0.17229678860869305,0.04256445276013941,0.7000000000000001
12.741280832000484,5.916517155288349,2.1771474168895106,0.6268084510058672,-0.586495585415613,-0.2734871602495293,-0.9702509548927085,14.461113552844896,0.19025031649673216,0.17229678860869305,0.04256445276013941,0.7000000000000001
12.79108407700005,5.935791717490552,2.1578742167956806,0.5782368660660991,-0.5781960028148948,-0.3327145292248501,-0.976143872194009,14.46612128741043,0.19377579961178812,0.17229775176476048,0.06164394058645467,0.7000000000000001
12.847374225000749,5.935791717490552,2.1578742167956806,0.5782368660660991,-0.5781960028148948,-0.32098935402686624,-0.9979258288450852,14.46612128741043,0.19377579961178812,0.17229775176476048,0.0240876427992878,0.7000000000000001
12.8672709450002,5.96949832617106,2.119712150765236,0.4798330172197167,-0.5738849413837944,-0.5138563248426897,-1.0026216507796462,14.478686211761664,0.19936481595328934,0.1691472676593328,0.06752131472630678,0.65
12.970171679000487,5.98373249491661,2.1001804721971253,0.42702506236649007,-0.5859503570433255,-0.5203155915275043,-0.9600549955879983,14.486872226740724,0.20108480713539995,0.16540136254039758,0.06928372722043977,0.65
12.972167582000111,5.98373249491661,2.1001804721971253,0.42702506236649007,-0.5859503570433255,-0.498360971942574,-0.9435163084922713,14.486872226740724,0.20108480713539995,0.16540136254039758,0.06928372722043977,0.65
12.986254874000224,5.996139843466413,2.079889912834547,0.3722204564940828,-0.6087167808773492,-0.5433581136287561,-0.8274638593754975,14.49674432223419,0.2008591036608735,0.16023959593535714,0.08970580476019228,0.65
13.101224535001165,6.00677887438852,2.058737567154934,0.31917092766323835,-0.634570370388396,-0.5214182132024364,-0.8178617018951322,14.508350325405358,0.20024320924856803,0.15613335289552333,0.044233834179339515,0.6000000000000001
13.103291444000206,6.00677887438852,2.058737567154934,0.31917092766323835,-0.634570370388396,-0.49355201467432114,-0.8020051415790443,14.508350325405358,0.20024320924856803,0.15613335289552333,0.044233834179339515,0.6000000000000001
13.104947666000953,6.015630627080344,2.036682932596287,0.26555258075470145,-0.6616390367594062,-0.4886623542516002,-0.7681464679889087,14.52173015954074,0.20004965935449842,0.15356343703251654,0.06515166096359443,0.6000000000000001
13.117996670000139,6.022857721748765,2.0136572395902053,0.2168128400526199,-0.6907707901824534,-0.476751962403601,-0.6210198732928107,14.536846587386956,0.19830939982403353,0.15282754951225608,0.08544283972616859,0.6000000000000001
13.227133749000132,6.028686752279051,1.9896470814681382,0.17487091590859605,-0.7203047436620087,-0.476751962403601,-0.6210198732928107,14.553581873691055,0.1950446950215564,0.15438305299060187,0.03609541298665302,0.6000000000000001
13.232582265000019,6.028686752279051,1.9896470814681382,0.17487091590859605,-0.7203047436620087,-0.4415898188013301,-0.6059850971169782,14.553581873691055,0.1950446950215564,0.15438305299060187,0.03609541298665302,0.6000000000000001
13.246580116001496,6.032955616093423,1.9646051765727837,0.128065914431151,-0.7512571468606364,-0.3869768890634335,-0.5647333202910585,14.572062743907697,0.19221093342643658,0.15795552854910078,0.053042212342589164,0.6000000000000001
13.358985075001328,6.0358339932251575,1.938541127308429,0.08635131395203674,-0.7819214779306413,-0.36597280778222857,-0.5801557638004815,14.592184733513738,0.18852941145453922,0.16083390568083544,0.03524434983433116,0.6000000000000001
13.361391723999986,6.0358339932251575,1.938541127308429,0.08635131395203674,-0.7819214779306413,-0.36018250801416873,-0.5758353229247437,14.592184733513738,0.18852941145453922,0.16083390568083544,0.03524434983433116,0.6000000000000001
13.366891974001192,6.037472535186944,1.9115072414318912,0.049156258853603155,-0.8110165762961333,-0.3611639572680125,-0.5072178707682962,14.613818968583539,0.18363718105985746,0.1624724476426218,0.05213552748395399,0.6000000000000001
13.492270147000454,6.037854290902599,1.8836701317841182,0.011452671469654986,-0.835113289433196,-0.35289767082332,-0.4952206554527761,14.63683397746183,0.17912033717141831,0.16285420335827716,0.03466233585771602,0.6000000000000001
13.610537959000794,6.03710324828038,1.8552012129736215,-0.022531278666556517,-0.8540675643148993,-0.3087028755554069,-0.42279995034968465,14.661016382354036,0.17344184817399885,0.16210316073605835,0.01506579578492556,0.6000000000000001
13.6131984750009,6.035285114215739,1.826496635237445,-0.054544021939249974,-0.8611373320852943,-0.2878885413123292,-0.4263927696824259,14.685997107238855,0.16762392719736752,0.16028502667141709,0.029371146577460764,0.6000000000000001
13.615617538000151,6.032537646087451,1.7978702674848315,-0.0824240438486421,-0.8587910325784084,-0.22851993881914542,-0.4519742174474026,14.71143585063776,0.1610327427120677,0.15753755854312868,0.04190489942294142,0.6000000000000001
13.863424297000165,6.0289970242877216,1.7696797992776385,-0.1062186539918728,-0.8457140462157882,-0.15382645471786457,-0.46521305343707364,14.736956445830273,0.15393005817850375,0.15399693674339954,0.010661029666981106,0.6000000000000001
13.869203563001065,6.02488971317686,1.7420361735068626,-0.12321933332586618,-0.8293087731232764,-0.10395329373429676,-0.4530894697693314,14.762339790198226,0.14628807194192084,0.14988962563253772,0.02056061108979351,0.6000000000000001
13.91980556300041,6.020358023918768,1.7149517265105758,-0.1359506777427445,-0.8125334098886001,-0.08458501081242875,-0.45302937639763396,14.787495906958595,0.13782527088541724,0.14535793637444616,0.029163465421493603,0.6000000000000001
13.972062562001156,6.015470011857195,1.6885252980051517,-0.14664036184718834,-0.7927928551627246,-0.06778878727446222,-0.4532196319463596,14.812303312025392,0.1286305158116677,0.14046992431287286,0.0164127594401941,0.6000000000000001
13.973972048001087,6.010334892200319,1.6627323965127523,-0.15405358970626,-0.7737870447719817,-0.05107573799184589,-0.4489081057102855,14.836721571732248,0.11846033012035137,0.12237697442524165,0.023083610391708056,0.6000000000000001
13.975723532001211,6.010334892200319,1.6627323965127523,-0.15405358970626,-0.7737870447719817,-0.03522928860584662,-0.44475058502928416,14.836721571732248,0.11846033012035137,0.12237697442524165,0.023083610391708056,0.6000000000000001
13.980618235000293,6.010334892200319,1.6627323965127523,-0.15405358970626,-0.7737870447719817,-0.022703497896299468,-0.44127456557653244,14.836721571732248,0.11846033012035137,0.12237697442524165,0.023083610391708056,0.6000000000000001
14.08819438700084,5.99985578214753,1.6131135567453445,-0.15568700435492291,-0.7326385806288798,0.062257910777390485,-0.4075682875466108,14.884040761726826,0.09480590081628776,0.08400009715331892,0.01333752639513243,0.651920240520265
14.090248160000556,5.99985578214753,1.6131135567453445,-0.15568700435492291,-0.7326385806288798,0.08799557259878735,-0.39024250667897487,14.884040761726826,0.09480590081628776,0.08400009715331892,0.01333752639513243,0.651920240520265
14.2127545809999,5.994850645348889,1.5894435777285507,-0.15015410395923884,-0.710099370503816,0.09684204710129912,-0.36117155415524155,14.906624972006197,0.08356009990715743,0.0713282313054427,0.00715459382702985,0.6576473218982953
14.219816930000889,5.990128032374301,1.5665006226361968,-0.14167838923764176,-0.688288652770617,0.09744117563452534,-0.3439787362144343,14.928450354060864,0.07348112795685457,0.06512794408492084,0.014201923634645754,0.6576473218982953
14.332304692001344,5.985774521549612,1.544257546198694,-0.13060532474068307,-0.667292293125085,0.1107508949314079,-0.34590307921067476,14.949492422196878,0.06392810798505712,0.060774433260231575,0.0047190541583558504,0.6670832032063168
14.33431742600078,5.985774521549612,1.544257546198694,-0.13060532474068307,-0.667292293125085,0.136267308688787,-0.33998463290672315,14.949492422196878,0.06392810798505712,0.060774433260231575,0.0047190541583558504,0.6670832032063168
14.34666796700003,5.978365644164966,1.5018051438648259,-0.10443180309311714,-0.627086413524798,0.18037575578684745,-0.34836009749646357,14.989178037605354,0.046618662796755896,0.05336555587558589,0.01150289110242828,0.6670832032063168
14.461339290000979,5.975434480687878,1.4815668958841512,-0.08793490431265033,-0.6071474394202416,0.20810213518099796,-0.33606754845577874,15.007778612461012,0.038737863954986525,0.050434392398497785,0.01127346067042868,0.6800735254367722
14.46369461500035,5.975434480687878,1.4815668958841512,-0.08793490431265033,-0.6071474394202416,0.22876571786578653,-0.34943492191524905,15.007778612461012,0.038737863954986525,0.050434392398497785,0.01127346067042868,0.6800735254367722
14.46950068300066,5.9731994426160755,1.462013090170772,-0.06705114215407869,-0.5866141714013758,0.2477700597373712,-0.365674624160315,15.025431788554714,0.030978081039481454,0.04819935432669542,0.014663779184143641,0.6800735254367722
14.595145314000547,5.970776029239736,1.424949408550569,-0.026173157071586496,-0.5459140901574187,0.5508752330842148,-0.46553676486342543,15.05792780772261,0.017222941603685798,0.045775940950355754,0.009066082167873264,0.696419413859206
14.702325047001068,5.971018032396186,1.3905321777757016,0.013032093639054988,-0.5060204477510853,0.5689137941364989,-0.46611713702988666,15.086779648214618,0.0040028548093553095,0.04352249407800064,0.015605955765603871,0.7158910531638177
14.820018192000134,5.971018032396186,1.3905321777757016,0.013032093639054988,-0.5060204477510853,0.6064851603405302,-0.46324345754065,15.086779648214618,0.0040028548093553095,0.04352249407800064,0.0,0.7158910531638177
14.821846383001684,5.972143945388539,1.3743002655131895,0.033777389770590936,-0.48695736787536426,0.6090980646179905,-0.461858780628209,15.09985025676751,0.0015203924638540786,0.03284093955747171,0.0047212176937948686,0.7158910531638177
14.842457179000121,5.973983782483183,1.35867499426655,0.0551951128393111,-0.4687581373991899,0.6440155177742718,-0.47017293939769433,15.112031712151573,0.008471986681778574,0.023093165586995295,0.008559423498845363,0.7158910531638177
14.966721642000266,5.979885136618237,1.3290317657024506,0.10103985006431099,-0.43801205295122675,0.6474634894008118,-0.46702267551726806,15.133865832494699,0.019636665076318408,0.006305125180137797,0.013693601085115348,0.73824115301167
15.06921777000025,5.984076492526531,1.3148655812425667,0.12574067724880447,-0.42498553379651927,0.6597651296979075,-0.44404940772052337,15.143575419459449,0.023821372990866063,0.0007481437298647883,0.003548204955051237,0.73824115301167
15.071628716001214,5.989524794118928,1.3009916170308877,0.16344904777192443,-0.4162189263503714,0.6720270759647997,-0.4162447662626494,15.152373531975947,0.027935995211250928,0.006705986903948481,0.005864262965167234,0.73824115301167
15.20363382800133,5.996430183768499,1.287300556817824,0.20716168948712838,-0.41073180639191115,0.6316462413817413,-0.39235449833228503,15.160247715253833,0.03102414452218597,0.011504180574292476,0.0016856817102429884,0.7632168761236874
15.209435676000794,6.00483085666272,1.2738273073569373,0.25202018682663796,-0.4041974838266017,0.6256419261328304,-0.38130197142780925,15.16715099815198,0.03280493979533551,0.015091033862669304,0.001999529481765476,0.7211102550927979
15.211328299001252,6.014676956710295,1.2606381278916332,0.2953830014272159,-0.39567538395911944,0.6272771770503932,-0.35264241249753514,15.173057107824432,0.03327631994944968,0.01745494798899155,0.0009996150133001894,0.7211102550927979
15.218312400000286,6.025888707622664,1.2477926382270494,0.33635252737108223,-0.3853646899375108,0.5698893942612904,-0.33775937359793834,15.177961234359048,0.03313227672605638,0.018610175739369836,0.0004815688743644812,0.75
15.321960484001465,6.038436132282856,1.2352459107963538,0.37642273980574714,-0.37640182292086943,0.5698893942612904,-0.33775937359793834,15.181920490141048,0.032103928576141416,0.018609682723665227,0.0020190970978714038,0.75
15.328923194001618,6.067135745922893,1.2109781212389152,0.44770884002744127,-0.3594399221014461,0.5331787721532173,-0.29489644170115864,15.18729051264944,0.026821748857331768,0.01547590986183354,0.007574073123937598,0.7106335201775948
15.338629566000236,6.067135745922893,1.2109781212389152,0.44770884002744127,-0.3594399221014461,0.5331787721532173,-0.29489644170115864,15.18729051264944,0.026821748857331768,0.01547590986183354,0.007574073123937598,0.7106335201775948
15.443715232000613,6.083065928124589,1.1992699616972498,0.4779054660509008,-0.3512447862499618,0.5331787721532173,-0.29489644170115864,15.18881389160996,0.02349289986771299,0.012490489008602574,0.009075475801986428,0.7433034373659253
15.450827788999959,6.099746086300314,1.1878425182647812,0.5004047452717503,-0.34282330297405694,0.5557959796693474,-0.2534677764173395,15.189729211437507,0.019430002817408178,0.008776258794007737,0.013392513094120038,0.7433034373659253
15.568947759000366,6.117070232285515,1.1767239221458383,0.5197243795560356,-0.3335578835682836,0.5557959796693474,-0.2534677764173395,15.190070186167663,0.014689289454639461,0.00438827240258505,0.011035498718857955,0.7071067811865476
15.570787432001453,6.13495326994213,1.1659547044373686,0.5364911296984405,-0.3230765312540947,0.5717761225632552,-0.22898883496399866,15.189848489029487,0.00978027640476506,0.0006419579228886301,0.017549399324419956,0.7071067811865476
15.57648237900139,6.153348694462404,1.155569999157543,0.5518627356082293,-0.31154115839476815,0.540047370008952,-0.22060198969816802,15.18905971475893,0.004479994363113158,0.006306391819991545,0.024275093387484084,0.6726812023536856
15.684283649999998,6.172161654551724,1.145595434953229,0.5643888026795925,-0.29923692612942066,0.44722869436464163,-0.1969139020632177,15.187732499173952,0.0014053568761597363,0.012556081485090102,0.019565550261324678,0.7106335201775948
15.68629983900064,6.191274058301501,1.1360590138534383,0.5733721124933157,-0.2860926329937181,0.4378534085243009,-0.19021086409394894,15.185905040964316,0.007449319211017645,0.019327323753420354,0.02895164185886049,0.7106335201775948
15.802837600000203,6.210537910238201,1.1269481897345093,0.5779155581009943,-0.2733247235678738,0.40269682744628593,-0.1862563854988621,15.183665082503015,0.013447013334375866,0.026506598572941294,0.012918805614504161,0.6800735254367722
15.805092256001444,6.229895222326986,1.1182847334413009,0.5807193626635647,-0.2599036887962498,0.41685535592410333,-0.1727150253015004,15.181023696495396,0.019841065756814373,0.03406829652302542,0.019973301738834593,0.6800735254367722
15.810301279001578,6.249334615484743,1.1100674237880823,0.5831817947327228,-0.24651928959655953,0.4508248358605611,-0.17032480279383935,15.177987195743631,0.02628135126724853,0.04200350786812626,0.0268687649509395,0.6800735254367722
15.81265577600061,6.268844780454054,1.102234454331394,0.5853049490793042,-0.23498908370064864,0.4890342162085114,-0.15261754432563884,15.17461371016711,0.03224450938726565,0.05026053200034242,0.033632393149999676,0.651920240520265
15.925884774000224,6.288433402442123,1.094836525506285,0.5876586596420743,-0.2219378647532647,0.586148998676303,-0.16288640888536812,15.170855272738825,0.038597514175110606,0.05888065380323596,0.019329171813519303,0.6946221994724903
15.927845727001113,6.288433402442123,1.094836525506285,0.5876586596420743,-0.2219378647532647,0.6201437297651682,-0.16015691769464413,15.170855272738825,0.038597514175110606,0.05888065380323596,0.019329171813519303,0.6946221994724903
15.929527406000489,6.3081016849274345,1.087870012555801,0.5900484745593634,-0.20899538851452285,0.6265399800667188,-0.17072605880928435,15.166713756202274,0.044738741494676666,0.06786216117438103,0.026240952760387477,0.670820393249937
16.045331852001254,6.327526791781937,1.081319195517956,0.5827532056350617,-0.1965245111353473,0.6190815915701419,-0.14802281767971556,15.162367548026818,0.049783565336934926,0.07696565880670038,0.006524324570637386,0.670820393249937
16.04792922300112,6.346610769643391,1.0751573659400233,0.5725193358436356,-0.18485488733798022,0.6167981231144597,-0.12299707593049641,15.157888052081539,0.054969853570453545,0.0861029974854769,0.013152299241437673,0.670820393249937
16.067144112001188,6.383839261024726,1.0637946306954935,0.5577390551548762,-0.16623892011308053,0.6330930417596716,-0.13249730283335903,15.14865627639584,0.060071323125624985,0.08879461616686135,0.026453828812657846,0.65
16.228477772001497,6.402573321603143,1.0585060837595324,0.5620218173524967,-0.1586564080788377,0.6370280706654521,-0.0897153473439643,15.14367660235231,0.061787225487294685,0.0835060692309002,0.025284016112604033,0.632455532033676
16.23058509600014,6.421430690441806,1.0535031539461002,0.5657210651598897,-0.15008789440296716,0.6667632251073773,-0.10974206156317678,15.138411627240929,0.062353422932713745,0.078503139417468,0.033192416014731836,0.632455532033676
16.23569813300128,6.440414147202931,1.0487651896878736,0.5695037028337605,-0.14213892774679757,0.682367929075061,-0.08621101579434909,15.132877634814601,0.06320950260489024,0.07376517515924141,0.0411722480377494,0.6800735254367722
16.3534813260012,6.459533982435166,1.0442256328208839,0.5735950569670245,-0.1361867060096892,0.6056658501362499,-0.10943660093988403,15.127126802279879,0.06332823886753423,0.06922561829225171,0.011110687368937004,0.6670832032063168
16.35616018300061,6.498251301813308,1.0357933738671268,0.583340480792889,-0.12299005184459451,0.6293498630835003,-0.1099121711445343,15.114895899101558,0.06414002567248933,0.06079335933849461,0.023398688629949402,0.6670832032063168
16.476607345000957,6.498251301813308,1.0357933738671268,0.583340480792889,-0.12299005184459451,0.7998952326825376,-0.12280578164822287,15.114895899101558,0.06414002567248933,0.06079335933849461,0.014751540271528876,0.6670832032063168
16.478635968000162,6.53771358894415,1.028460586861615,0.5948890467464718,-0.10511862125381131,0.8319228957456016,-0.12607318757639563,15.101434315722138,0.0661402246456925,0.05495148465450127,0.030279053982011424,0.6576473218982953
16.597636600999977,6.577913368831737,1.0226432957565514,0.6054901647539415,-0.08080795075896928,0.7791858539763421,-0.11095413105635493,15.086386103266127,0.07155107207274979,0.07110422039853939,0.018434250626590907,0.651920240520265
16.599605941000846,6.598241892629998,1.0204227193678688,0.6098557139478367,-0.06661729166047918,0.7847989481848379,-0.05787834801675679,15.078186778970466,0.07444988170468066,0.08390847280522114,0.028338442570742053,0.651920240520265
16.601359106000018,6.598241892629998,1.0204227193678688,0.6098557139478367,-0.06661729166047918,0.748737864438464,-0.0776291869137272,15.078186778970466,0.07444988170468066,0.08390847280522114,0.028338442570742053,0.651920240520265
16.60378147300071,6.618626802091476,1.0185266189546618,0.6115472838443343,-0.05688301239620837,0.6987479679511924,-0.09434046634607154,15.069701083478126,0.07621189905265881,0.09352660517108768,0.036843894311831035,0.65
16.715445032999924,6.639035073050492,1.0169614501344026,0.6122481287704795,-0.04695506460777321,0.7315646595449533,-0.10139197086973734,15.060939390968942,0.07812659659172827,0.09196143635082854,0.008283809624079217,0.65
16.721108784000535,6.659692139085373,1.0157078602764444,0.6197119810464461,-0.03760769573874298,0.7666406636457613,-0.08259242904359299,15.051806597974197,0.07919205328570737,0.09070784649287034,0.016959857036952953,0.65
16.73465681000016,6.680589907559176,1.0148011403250412,0.6269330542140675,-0.02720159854209386,0.8442345972401957,-0.1312915548403531,15.042276267807729,0.08062913254708765,0.0898011265414671,0.026055395586731096,0.65
16.84015358200122,6.702016658687893,1.0141856404840923,0.6428025338615152,-0.018464995228467,0.8442345972401957,-0.1312915548403531,15.032255152506032,0.08158902140409434,0.08918562670051822,0.017130452041133764,0.65
16.842231608001384,6.723926504025539,1.0138975229048146,0.6572953601293772,-0.008643527378331276,0.8768507096652959,-0.1087009229138243,15.021735527529888,0.08283372688464789,0.0888975091212405,0.026447857190822325,0.65
16.85174790900055,6.746225295410113,1.0138776519370725,0.6689637415372117,-0.0005961290322615805,0.9697487801532266,-0.1679641710522986,15.01081611753132,0.08393955032600273,0.08887763815349836,0.03563685781247571,0.65
16.95986448200165,6.746225295410113,1.0138776519370725,0.6689637415372117,-0.0005961290322615805,0.9697487801532266,-0.1679641710522986,15.01081611753132,0.08393955032600273,0.08887763815349836,0.010335155023908816,0.65
16.96185605300161,6.768880696197008,1.0141632991113259,0.6796620236068318,0.008569415227600028,0.9861324892332576,-0.1741575767306581,14.999481071321028,0.08521284751900411,0.08916328532775175,0.021106469429287896,0.65
17.086177245000727,6.791674208678412,1.0146856054715319,0.6838053744421265,0.015669190806180296,0.8401532383609228,-0.14676941761510817,14.987897740368734,0.08650487373027677,0.08968559168795776,0.010773655221475028,0.65
17.08811273900028,6.814663221319459,1.0153420895688114,0.6896703792314057,0.019694522918390668,0.8229282426843131,-0.11765303722859215,14.976127824367847,0.08778569655240788,0.09034207578523734,0.021755394216019,0.65
17.204393605001314,6.814663221319459,1.0153420895688114,0.6896703792314057,0.019694522918390668,0.7886118325758998,-0.15706108387611228,14.976127824367847,0.08778569655240788,0.09034207578523734,0.0,0.65
17.209597222999946,6.8378816353811676,1.0161502208638016,0.6965524218512547,0.024243938849700962,0.7948208418332139,-0.16099280378267722,14.964140075017221,0.0891125315460235,0.09115020708022747,0.011111581749943637,0.65
17.217603053000857,6.86136257592505,1.017076744739969,0.7044282163164676,0.027795716285022257,0.8223068647275089,-0.1795267249814792,14.951948122577276,0.09043625830999993,0.09207673095639479,0.022446508588541296,0.65
17.32379324000067,6.86136257592505,1.017076744739969,0.7044282163164676,0.027795716285022257,0.8223068647275089,-0.1795267249814792,14.951948122577276,0.09043625830999993,0.09207673095639479,0.012935311841737147,0.65
17.325623352000548,6.885222287033983,1.0181176104327003,0.7157913332680053,0.031225970781940955,0.8393761059457931,-0.18488224434553613,14.939500135613045,0.09182354329924897,0.09311759664912622,0.02616435777847758,0.65
17.327520222001112,6.9095432217809165,1.019264482222866,0.7296280424079954,0.03440615370497137,0.8121007630443103,-0.15291790574521275,14.926764899517677,0.09322664670166554,0.09426446843929193,0.03914209101265139,0.65
17.461357924999902,6.934489660703657,1.0203831965445493,0.7483931676822342,0.03356142965050257,0.7237077705092695,-0.1736458890469426,14.913782690779591,0.09457368506701204,0.09538318276097524,0.02750431899873307,0.65
17.46350846000132,6.934489660703657,1.0203831965445493,0.7483931676822342,0.03356142965050257,0.720150202679802,-0.15172646442579169,14.913782690779591,0.09457368506701204,0.09538318276097524,0.02750431899873307,0.65
17.51315954400161,6.960005706302675,1.0214600864767804,0.7654813679705308,0.03230669796693584,0.6948975849610908,-0.1746917708270257,14.900594779526429,0.09581799532216383,0.09646007269320633,0.040998771164653204,0.65
17.564720080999905,6.985903665507478,1.0225195896309633,0.7769387761440921,0.03178509462548839,0.6851629060019241,-0.15243122385894387,14.887271762818928,0.09702171253968148,0.09751957584738924,0.012993779478827516,0.65
17.566669972000454,7.011989370744417,1.023543567524121,0.7825711571081759,0.030719336794728668,0.6787236590251363,-0.13134308245027623,14.873923742942878,0.09815227601640183,0.0985435537405468,0.0260435178093762,0.65
17.68115610300083,7.038205178350546,1.0244959635990774,0.7864742281838731,0.028571882248695515,0.7915610186866398,-0.1988437040348261,14.86061075154759,0.09919193707724887,0.09949594981550325,0.01342471725626274,0.65
17.682984122000562,7.0909512925255935,1.0263106718188186,0.7931421556182853,0.026621800391054204,0.8059965376404911,-0.17381816308342626,14.834018890157418,0.10112572430139945,0.10131065803524453,0.04004566826180275,0.65
17.800779206001607,7.0909512925255935,1.0263106718188186,0.7931421556182853,0.026621800391054204,0.7868312631210512,-0.19564130042440733,14.834018890157418,0.10112572430139945,0.10131065803524453,0.031035861696851786,0.65
17.803277497001545,7.117486894798678,1.027150516335336,0.7960680681925296,0.025195335495520468,0.7854264747040419,-0.19419271899013446,14.82075851253436,0.10200759791396,0.10215050255176195,0.045554142397817264,0.65
17.920324864000577,7.143881536316423,1.0279466682112377,0.7918392455323465,0.023884556277052812,0.6541991152098791,-0.18406009079794586,14.807638650032262,0.10283433704745902,0.1029466544276636,0.031898401514433745,0.65
17.9261925589999,7.143881536316423,1.0279466682112377,0.7918392455323465,0.023884556277052812,0.6447109104739379,-0.16237445328108216,14.807638650032262,0.10283433704745902,0.1029466544276636,0.031898401514433745,0.65
18.041465536000032,7.196106294473014,1.0294090483796137,0.7804744589517439,0.02176161107521491,0.5561342085652926,-0.18463675025626056,14.781884051831682,0.1043403432652708,0.10440903459603956,0.03223718365614414,0.65
18.04370493100032,7.196106294473014,1.0294090483796137,0.7804744589517439,0.02176161107521491,0.5640647677522691,-0.1486075936508191,14.781884051831682,0.1043403432652708,0.10440903459603956,0.03223718365614414,0.65
18.16557445900071,7.221926347451623,1.0301701035371884,0.7746015893582656,0.022831654727240504,0.5440734506864904,-0.18803102458774054,14.76916892354994,0.10511721193624977,0.1051700897536143,0.01632737160737114,0.65
18.167622337001376,7.2475616325350565,1.0310161658572061,0.7690585525029969,0.025381869600528267,0.555653903956545,-0.16948776294940818,14.756498569680792,0.10597372769315076,0.10601615207363202,0.032609651522644605,0.65
18.173602177001158,7.273034472707335,1.0320095836269059,0.7641852051683454,0.02980253309099565,0.5463743695712484,-0.16877840133098573,14.743806558459095,0.10697680855630108,0.10700956984333176,0.04789279463267295,0.65
18.283278075999988,7.29858513095213,1.0328452677309437,0.7665197473438552,0.02507052312113226,0.5919790564961068,-0.19211380862272368,14.731251712531662,0.10781873728984932,0.10784525394736955,0.014704471348809254,0.65
18.28580366800088,7.324312775131018,1.033590258831842,0.7718293253666387,0.02234973302695196,0.6237249512142593,-0.19761492212201462,14.718729595088934,0.10856972166873502,0.10859024504826786,0.029430103043599658,0.65
18.404302878001545,7.350026635216976,1.0342653323319964,0.7714158025787202,0.02025220500463179,0.6946278852594381,-0.22387157695493845,14.706310306503864,0.10924845564011781,0.10926531854842225,0.014924571193611704,0.65
18.42666153400023,7.375600219587171,1.0348607639969036,0.767207531105867,0.017862949947215538,0.6717540524679059,-0.2409126632818783,14.694060557346415,0.10984742624117891,0.10986075021332953,0.029704723461865534,0.65
18.532431119001558,7.375600219587171,1.0348607639969036,0.767207531105867,0.017862949947215538,0.6757345459934728,-0.22091537329448338,14.694060557346415,0.10984742624117891,0.10986075021332953,0.013246698881843433,0.65
18.534614887001226,7.426027404412241,1.035794266260623,0.7519861753213511,0.012093528601771944,0.678858218692949,-0.24923808801908534,14.670220913814665,0.11078484643933637,0.11079425247704888,0.03915848704055573,0.65
18.53648216000147,7.426027404412241,1.035794266260623,0.7519861753213511,0.012093528601771944,0.7309986799783913,-0.2076458034995981,14.670220913814665,0.11078484643933637,0.11079425247704888,0.03915848704055573,0.65
18.545154090001233,7.450783294601386,1.0360920105791713,0.7426767056743527,0.008932329556452307,0.8035897738990117,-0.28359556806987457,14.658709859718396,0.11108346458250043,0.11109199679559723,0.05074895860087403,0.65
18.66383034899991,7.475163838099633,1.0362277357921523,0.7314163049473985,0.004071756389427272,0.8329946074133056,-0.26511595901605495,14.647545867588502,0.11122004467432345,0.11122772200857822,0.012480341037178721,0.65
18.670230663999973,7.475163838099633,1.0362277357921523,0.7314163049473985,0.004071756389427272,0.8651939008409548,-0.27437860769618466,14.647545867588502,0.11122004467432345,0.11122772200857822,0.012480341037178721,0.65
18.671940525000537,7.499118165914873,1.036220809497613,0.7186298344572164,-0.00020778883618028472,0.8522213692506607,-0.3079700374779985,14.636733506003251,0.11121312020988515,0.11122079571403898,0.02462159876406403,0.65
18.67366874200161,7.522801221044796,1.0360069527296143,0.7104916538976789,-0.0064157030399650365,0.8639465441850933,-0.28538050353611716,14.62625919765607,0.11099926525126212,0.11100693894604019,0.036446943456807025,0.65
18.811362722000922,7.54631932894679,1.0355779312380848,0.7055432370598332,-0.012870644745886738,0.8805768773562181,-0.29156192646946694,14.616082044408817,0.11056949457704733,0.11057791745451073,0.012921483044400385,0.65
18.909920692000014,7.569685327431116,1.0349494632753673,0.7009799545297601,-0.018854038881526355,0.8917560063041867,-0.29011461896643587,14.606182090126667,0.1099402053965658,0.1099494494917932,0.0,0.65
18.915679256000658,7.592933737872675,1.0340939273065135,0.697452313246775,-0.02566607906561073,0.8402751189231937,-0.27944965480303313,14.596568529629291,0.10908307597011453,0.1090939135229394,0.01210169929121128,0.65
18.917661959001634,7.616191235360035,1.0330175488198552,0.6977249246208055,-0.03229135459975027,0.8338412823117235,-0.24610213247946672,14.587179524358776,0.10800487357984148,0.10801753503628109,0.024024148878456244,0.65
18.91889785300009,7.63955862935992,1.0318020389010463,0.7010218199965369,-0.03646529756426854,0.8306387357986942,-0.2415199266842256,14.57789767606937,0.10678663908598826,0.10680202511747217,0.035891094465438575,0.65
18.92215503300031,7.63955862935992,1.0318020389010463,0.7010218199965369,-0.03646529756426854,0.805451305639164,-0.2278727660528455,14.57789767606937,0.10678663908598826,0.10680202511747217,0.035891094465438575,0.65
19.020035112000187,7.663349618089391,1.0303640430357408,0.713729661884157,-0.04313987595916149,0.7999513186475642,-0.2719523908037853,14.568659931047984,0.1053453208982894,0.1053640292521667,0.01306335894105559,0.65
19.025892495001244,7.687701301259543,1.028721449709363,0.7305504951045544,-0.04927779979132871,0.8081385717728944,-0.24228271062432566,14.559392073199918,0.10369814179564343,0.10372143592578897,0.02629771054096422,0.65
19.039224817001013,7.687701301259543,1.028721449709363,0.7305504951045544,-0.04927779979132871,0.7356479634372488,-0.2563394740076749,14.559392073199918,0.10369814179564343,0.10372143592578897,0.02629771054096422,0.65
19.160023833001105,7.712702060273234,1.0269039554442903,0.7500227704107036,-0.05452482795218243,0.72772462462053,-0.25482733384480516,14.550031448798174,0.10187482701942291,0.10190394166071615,0.012961075577839475,0.65
19.16212171600091,7.738343444227913,1.0249447064897141,0.7692415186403596,-0.058777468637285835,0.7302013798202259,-0.22944686663160566,14.54055518410316,0.09990765032569399,0.09994469270614004,0.026176579975754417,0.65
19.21948571900066,7.764578719493852,1.0228688400577108,0.7870582579781794,-0.062275992960099676,0.7193815784330341,-0.24276512331281141,14.530964254853279,0.09782183497461046,0.09786882627413673,0.038455260471897436,0.65
19.274877328000002,7.791321730450896,1.0207019514443145,0.8022903287113115,-0.06500665840188846,0.7193815784330341,-0.24276512331281141,14.521276078624552,0.09564098896356608,0.09570193766074042,0.02627580124828923,0.65
19.276801429001353,7.791321730450896,1.0207019514443145,0.8022903287113115,-0.06500665840188846,0.7292551144756618,-0.21408604622758765,14.521276078624552,0.09564098896356608,0.09570193766074042,0.02627580124828923,0.65
19.391418410999904,7.845885007819438,1.0163187359529606,0.8227569202883039,-0.0659736961185489,0.7210030249615706,-0.21739023649912353,14.501609212587173,0.09121654330833116,0.09131872216938652,0.026411689236379206,0.65
19.393469544000254,7.873498903289786,1.0140948158110374,0.8284168641104276,-0.06671760425769296,0.7332069902576579,-0.16683694365560248,14.491729724119102,0.08896541215451458,0.08909480202746334,0.037954468394243684,0.65
19.510427293000248,7.901099643054935,1.0118550318296171,0.8280221929544727,-0.06719351944261216,0.7284219834830031,-0.19077579094851302,14.481916459611876,0.08668274567089397,0.08685501804604301,0.02628078737845397,0.65
19.515991456000847,7.9285254466609745,1.0095751144150868,0.822774108181193,-0.06839752243591075,0.7511439571245649,-0.17519604485598772,14.472260426334646,0.08435583938021672,0.08457510063151275,0.03721945956289161,0.65
19.517767583000023,7.955709242731635,1.0072605898575229,0.8155138821198247,-0.06943573672691737,0.7267966783564208,-0.15159380844757125,14.462784454307247,0.08197215968010366,0.08226057607394877,0.04719320650997031,0.65
19.520093622000786,7.9826537577974666,1.0049653000968057,0.8083354519749417,-0.0688586928215153,0.7280542692221742,-0.14118615558224942,14.45343761319978,0.079596112370924,0.07996528631323163,0.053188164172929125,0.65
19.635726678001447,7.9826537577974666,1.0049653000968057,0.8083354519749417,-0.0688586928215153,0.7504832191848376,-0.1327135463363859,14.45343761319978,0.079596112370924,0.07996528631323163,0.008176048724818624,0.65
19.637957475000803,8.009354401266329,1.0026573098065559,0.8010193040658423,-0.06923970870749856,0.7533821280363145,-0.11917116688271458,14.444249698538774,0.07717903560489849,0.07765729602298177,0.016247162958061452,0.65
19.643487473000278,8.035827267934726,1.0003681652702896,0.7941860000519472,-0.06867433608799113,0.7693175631321068,-0.07375239306380989,14.435184277652574,0.07475393512405719,0.0753681514867155,0.024056031361006733,0.65
19.64530285500041,8.062090375015059,0.9981513256882054,0.7878932124099591,-0.06650518746252718,0.7781007641811339,-0.051938626790021064,14.426184226054078,0.07236479794379766,0.07315131190463131,0.0317176464969486,0.7000000000000001
19.761087370001405,8.114008894467888,0.9942698689838446,0.7757709029708661,-0.05481132255301824,0.7799766026989363,-0.007742402351191537,14.408062041181468,0.06798529143196896,0.06926985520027051,0.02618716611584196,0.7000000000000001
19.762741304000883,8.114008894467888,0.9942698689838446,0.7757709029708661,-0.05481132255301824,0.7494190634505863,0.04248974504786042,14.408062041181468,0.06798529143196896,0.06926985520027051,0.02618716611584196,0.7000000000000001
19.833427419000145,8.13965994308069,0.9926168114943252,0.7695314583840698,-0.04959172468557984,0.7209993655311369,0.009515223363252306,14.398928697803807,0.06596258936482302,0.06761679771075113,0.03459817702656609,0.7000000000000001
19.889458088000538,8.13965994308069,0.9926168114943252,0.7695314583840698,-0.04959172468557984,0.7114224835223036,0.037077954990672304,14.398928697803807,0.06596258936482302,0.06761679771075113,0.009316781073728993,0.7000000000000001
19.89125518400033,8.165095496350107,0.9911090548528012,0.7630665980824705,-0.045232699245719744,0.6881522584201851,0.01630264995732355,14.389791981790632,0.06402463721221086,0.0661090410692271,0.01867445197504459,0.7000000000000001
20.026873788001467,8.19039036765653,0.9897302687794757,0.7588461391926857,-0.04136358219976609,0.6495789042300802,0.014826925085501735,14.380634841064696,0.062046096441772336,0.06473025499590157,0.021995597093722077,0.7000000000000001
20.074872447001326,8.19039036765653,0.9897302687794757,0.7588461391926857,-0.04136358219976609,0.6398634858461603,0.03743668832849059,14.380634841064696,0.062046096441772336,0.06473025499590157,0.021995597093722077,0.7000000000000001
20.124994735000655,8.215654980581187,0.9885958316775273,0.7579383877397198,-0.034033113058450325,0.6166795174163656,0.03034531287344308,14.37130598006538,0.06022567074336614,0.06359581789395319,0.0017806574605154148,0.7000000000000001
20.131921040001544,8.240977734635495,0.9877794829120496,0.7596826216292534,-0.02449046296433032,0.6149771844913238,0.033376978921700586,14.36170145890727,0.058424303775820224,0.06277946912847554,0.0035645418210445857,0.7000000000000001
20.134447011001612,8.266354274304378,0.9873442417147144,0.7612961900664975,-0.013057235920058143,0.6034449388498238,0.05426431870846712,14.351765169769852,0.056882893749826316,0.06234422793114025,0.004726025716070364,0.7000000000000001
20.13592418600092,8.266354274304378,0.9873442417147144,0.7612961900664975,-0.013057235920058143,0.6062702477335765,0.06933143688053553,14.351765169769852,0.056882893749826316,0.06234422793114025,0.004726025716070364,0.7000000000000001
20.137480211000366,8.291754159229741,0.9873689302694488,0.7619965477608922,0.0007406566420345515,0.5998503366659134,0.07836077796086138,14.341436933504536,0.05527362346844959,0.062368916485874726,0.00599247622206143,0.7000000000000001
20.244195253000726,8.34225411061439,0.9888634439482283,0.7555995827669799,0.029083096475352316,0.6459258009768711,0.2080736180346357,14.31969062229258,0.052298505373294495,0.06386343016465423,0.005253038483350546,0.7000000000000001
20.25239826899997,8.34225411061439,0.9888634439482283,0.7555995827669799,0.029083096475352316,0.6281489054607563,0.25816098073985577,14.31969062229258,0.052298505373294495,0.06386343016465423,0.005253038483350546,0.7000000000000001
20.267029594000633,8.367236218188403,0.9903110118517868,0.7494632272204259,0.04342703710675515,0.623048083024601,0.26400177020958104,14.308337637336676,0.0509419068870319,0.06531099806821272,0.00752254042529626,0.7000000000000001
20.37155957200048,8.391867996974637,0.9921787377015986,0.7389533635870594,0.05603177549435411,0.6158299586979011,0.2726014928653725,14.296774083978677,0.048416978438508985,0.06717872391802449,0.006866034724067317,0.7000000000000001
20.37852224100061,8.416110233629432,0.9944155288462567,0.7272670996438616,0.06710373433974559,0.5940725556234903,0.2817008651678211,14.285060280124764,0.046112001730340385,0.055370284275972556,0.009644224917524822,0.70178344238091
20.504037439000967,8.439944468772484,0.997021266950444,0.7150270542915736,0.07817214312561947,0.5900051884161118,0.29549033024334675,14.273201473226955,0.0419640262409783,0.04035947006539212,0.00845198700131156,0.70178344238091
20.51072965700041,8.439944468772484,0.997021266950444,0.7150270542915736,0.07817214312561947,0.5740170968780047,0.3210750852010615,14.273201473226955,0.0419640262409783,0.04035947006539212,0.00845198700131156,0.70178344238091
20.512695936000455,8.48638517885786,1.0032891166484124,0.6901684032332498,0.0986020917017831,0.5590315125784374,0.3098130032507842,14.24908794703179,0.036074518236461864,0.028289102119780196,0.01483977608987876,0.6576473218982953
20.6241051850011,8.509030643206865,1.007125883957493,0.6793639304701441,0.1151030192724178,0.551384788639201,0.33401885281108623,14.23665308164583,0.03456561867229935,0.032125869428860865,0.013419628511111496,0.6670832032063168
20.626405454000633,8.531339013964747,1.011579115603312,0.6692511227364375,0.1335969493745676,0.5328072835332542,0.36656125017523966,14.223809139063365,0.033709039504463224,0.036579101074679876,0.01743346921054703,0.6670832032063168
20.635289913001543,8.553309437090254,1.0166997289318078,0.6591126937652279,0.15361839985487666,0.5187866525261192,0.38680114997717974,14.210507456934993,0.033566711832982384,0.04169971440317566,0.020272045522485075,0.6800735254367722
20.736382554001466,8.574921074728541,1.0225245511293697,0.6483491291486362,0.17474466592685556,0.5187866525261192,0.38680114997717974,14.1967200876221,0.033691378539652865,0.04752453660073752,0.0006023573423364036,0.6800735254367722
20.738372339001216,8.596175379629175,1.029012440671712,0.6376291470190074,0.1946366862702678,0.5050678802469757,0.42418986767024647,14.182482195578986,0.03386719625547069,0.054012426143079884,0.00036230355769997503,0.6800735254367722
20.75179428500087,8.617055931515722,1.0361664506808672,0.6264165565963915,0.21462030027465354,0.5737794120075579,0.5461794055759972,14.167795264699553,0.03427021515998762,0.06116643615223505,0.00209846848643383,0.696419413859206
20.866140617999918,8.637572209138403,1.0439745011031947,0.6154883286804348,0.2342415126698245,0.5737794120075579,0.5461794055759972,14.152664738423667,0.03348432209812093,0.06897448657456251,0.0042741349346543285,0.696419413859206
20.86811802900047,8.657718726644784,1.0523983297014021,0.6043955251914293,0.25271485794622056,0.5601909291174794,0.5884421750189999,14.137126115483712,0.03340953521377129,0.06694867049406775,0.006321273014643135,0.670820393249937
20.87433768000119,8.657718726644784,1.0523983297014021,0.6043955251914293,0.25271485794622056,0.5385072641252913,0.6109083031547082,14.137126115483712,0.03340953521377129,0.06694867049406775,0.006321273014643135,0.670820393249937
20.975275259001137,8.67744959037958,1.0614655125596701,0.5919259120438531,0.27201548574803835,0.5796033728312731,0.6129415857182807,14.121169729347688,0.03040902607033196,0.0594083094338668,0.0007726707744657313,0.670820393249937
20.97759765000046,8.69682019977827,1.0712420293353229,0.5811182819607199,0.29329550326958476,0.5596380563393126,0.6369822745611492,14.104711489842055,0.028102691660535115,0.052624261480785584,0.0007497727621869775,0.670820393249937
21.004768532000526,8.734742929876191,1.0933177504903306,0.5653022158494849,0.3444652048472975,0.5271351320300744,0.6914904508435127,14.069817574091834,0.023025878783621462,0.04141873399572761,0.0009574669456442496,0.6946221994724903
21.099251196001205,8.75337615593332,1.1057013820044412,0.5589967817139144,0.37150894542331575,0.4746449410123117,0.7311347730031227,14.051269803956638,0.021175537494631903,0.036999603314691494,0.004057643080242956,0.6800735254367722
21.105693803001486,8.75337615593332,1.1057013820044412,0.5589967817139144,0.37150894542331575,0.46871517812248126,0.7210621696556633,14.051269803956638,0.021175537494631903,0.036999603314691494,0.004057643080242956,0.6800735254367722
21.107607156000086,8.771815152783862,1.1190042252871275,0.5531699055162509,0.3990852984805904,0.4536390096451479,0.7273724285792078,14.031956565968164,0.01924184467443149,0.03336779429764612,0.006534695061771874,0.6800735254367722
21.263818086001265,8.790068752262437,1.133209421726042,0.5476079843572716,0.4261558931674355,0.4190492517226563,0.7416376008074123,14.011888800462058,0.0177217406814436,0.030505141055325737,0.0017026570007967082,0.6800735254367722
21.312041333001616,8.808093431825894,1.1483419221191524,0.5407403869037143,0.4539750117933143,0.3974042288470973,0.7535399814287702,13.991058648030194,0.017046602288168858,0.028460061551567748,0.003700620891263004,0.7106335201775948
21.362288519001595,8.825857049027373,1.1643732806364617,0.5329085160444076,0.48094075551928217,0.36114631933730085,0.7748308831761753,13.969503301478051,0.016294035913666283,0.027235169689221277,0.0242949641381608,0.6726812023536856
21.372750849001022,8.843286173047023,1.1812987324290194,0.522873720589468,0.5077635537767332,0.3375687572630607,0.7829176799051669,13.947253589836915,0.01637153931188993,0.026879019641949727,0.0,0.6726812023536856
21.374742509000498,8.860296531220321,1.1991146453310877,0.5103107451989559,0.534477387062046,0.29779066304354607,0.79924915067796,13.924343265484826,0.01714562979181671,0.027448632853279083,0.0019125463593103204,0.7071067811865476
21.377281562999997,8.860296531220321,1.1991146453310877,0.5103107451989559,0.534477387062046,0.2722250040170051,0.8056689143740156,13.924343265484826,0.01714562979181671,0.027448632853279083,0.0019125463593103204,0.7071067811865476
21.378686790001666,8.87681972233057,1.2177459189756952,0.4956957333074509,0.5589382093382217,0.26877322760538525,0.8023166779253773,13.900866247148134,0.01819922654715311,0.02893927230862534,0.002932110025230675,0.6726812023536856
21.380302379000568,8.892809576613082,1.237144938402258,0.47969562847539376,0.5819705827968833,0.22562013844460532,0.8142883074874073,13.876882662942823,0.020169772931600737,0.031349916100169,0.0029076035240324823,0.6726812023536856
21.488225133000014,8.908207722621757,1.2572853242740503,0.46194438026021806,0.6042115761537691,0.18958075115935824,0.8548886530509143,13.852437593923714,0.022402033254904603,0.03470318606539216,0.0016063711766798638,0.6800735254367722
21.49057410400019,8.922949647917955,1.2781309080289527,0.4422577588859579,0.6253675126470755,0.15230445102565043,0.8750522407220312,13.827587546627042,0.025253041448451537,0.039019124351589156,0.003836981451480205,0.6800735254367722
21.49603179800033,8.936993616371414,1.2996236919912572,0.4213190536037901,0.644783518869136,0.13423934667579712,0.8003406614336003,13.802400825364442,0.028814788386630305,0.04428623230970115,0.007033808393123613,0.6800735254367722
21.608312604001185,8.95029229693728,1.3217738667437096,0.39896041697599083,0.6645052425735714,0.13423934667579712,0.8003406614336003,13.776884718237918,0.032143845704311606,0.05054518387266991,0.006841554332925071,0.6946221994724903
21.611345283001356,8.962772005191951,1.3446205658288997,0.37439124764013,0.6854009725557019,0.09000519708442363,0.788079807159809,13.751029633460709,0.03654736005055519,0.05787575338942854,0.011337352058206258,0.6946221994724903
21.722397550000096,8.985258782808568,1.392336880471367,0.3252556479197484,0.7249972122139378,0.0984257469713613,0.8134774739805334,13.698367774237378,0.04403689253464769,0.0757157301066032,0.016495633835406157,0.670820393249937
21.841841099001613,8.995224853833747,1.4169716038146527,0.2989821307553434,0.7390417002985757,0.10151186002189778,0.7863771005235095,13.671793539669933,0.04540531430567679,0.07977528139429069,0.005690787462438947,0.65
21.844173176999902,8.995224853833747,1.4169716038146527,0.2989821307553434,0.7390417002985757,0.08023760459508344,0.7841157251639127,13.671793539669933,0.04540531430567679,0.07977528139429069,0.005690787462438947,0.65
21.848399034000977,9.004297743494536,1.4419948548362793,0.27218668982366134,0.7506975306487996,0.10617391862052283,0.7537047042261118,13.645192403991453,0.04677924925352574,0.07070239173350146,0.01233808373221013,0.696419413859206
21.961559584000497,9.01250340117784,1.4672723261372094,0.2461697304991177,0.7583241390278989,0.10617391862052283,0.7537047042261118,13.618679455990065,0.046183407165679716,0.062496734050197844,0.008827356512447471,0.6800735254367722
21.96804462900036,9.01250340117784,1.4672723261372094,0.2461697304991177,0.7583241390278989,0.08060258443141655,0.7484571579085703,13.618679455990065,0.046183407165679716,0.062496734050197844,0.008827356512447471,0.6800735254367722
21.969710183000643,9.01250340117784,1.4672723261372094,0.2461697304991177,0.7583241390278989,0.10932673279728256,0.7657018102202404,13.618679455990065,0.046183407165679716,0.062496734050197844,0.008827356512447471,0.6800735254367722
22.083973480001077,9.026252641013762,1.5184511725554664,0.19291357198013373,0.7704013789598126,0.2592980150104684,0.7827887721670984,13.56607102886428,0.04609659651571833,0.04874749421427538,0.015370094181354788,0.6670832032063168
22.085801062999963,9.031794158199245,1.544278613188738,0.16624551556451267,0.7748232189981501,0.22172633476222217,0.8013947939275573,13.540046159378225,0.04687529300225566,0.043205977028792475,0.023040263510642194,0.6670832032063168
22.0876317630009,9.03649465006653,1.5702458205231975,0.14101475601850952,0.7790162200337816,0.26595351139601314,0.7844573508419334,13.51420830929142,0.04852934551136025,0.03850548516150809,0.030553752047069005,0.6576473218982953
22.195436315001643,9.03649465006653,1.5702458205231975,0.14101475601850952,0.7790162200337816,0.3606871076577338,0.7336314204248631,13.51420830929142,0.04852934551136025,0.03850548516150809,0.018460808960559353,0.6576473218982953
22.197360101999948,9.043749378848727,1.622415931277549,0.09951274332085222,0.7828952350151152,0.3632175800960093,0.7288684592358509,13.46312647700856,0.05580132607650065,0.055625731700327856,0.037967065313071875,0.651920240520265
22.32011989000057,9.048671942541299,1.6745186051700824,0.06639998934653488,0.7802001780390437,0.4148604309928615,0.7001515129452113,13.412997541091773,0.06298288333354111,0.07632819343179698,0.018798521807520563,0.65
22.3221733950013,9.048671942541299,1.6745186051700824,0.06639998934653488,0.7802001780390437,0.37430122629900264,0.7175221948908661,13.412997541091773,0.06298288333354111,0.07632819343179698,0.018798521807520563,0.65
22.323960190000435,9.050456769783267,1.7004753264093349,0.05354481725902038,0.778701637177573,0.44966806896367195,0.67602137137504,13.388282151374437,0.06565091612382684,0.07454336618982893,0.028459403757518934,0.7000000000000001
22.455376103000162,9.052150947950194,1.726497788177375,0.050825345007809844,0.7806738530412055,0.5073957311351879,0.6446640877934535,13.363545077495699,0.06779909076251117,0.07284918802290186,0.011646531574517784,0.7000000000000001
22.457418988000427,9.053755203041401,1.7525939363702592,0.04812765273621818,0.7828844457865252,0.5036065772050925,0.654149464014411,13.338778919038738,0.06967762789743669,0.07124493293169465,0.02340786365700141,0.7000000000000001
22.461678969000786,9.055274535257166,1.7787850650001646,0.04557996647292585,0.7857338588971624,0.6435133826506061,0.7068631458353638,13.313962313642314,0.07149205209328138,0.06972560071593037,0.034961635276166685,0.7000000000000001
22.464208095001595,9.055274535257166,1.7787850650001646,0.04557996647292585,0.7857338588971624,0.6491679331626591,0.7474463040344523,13.313962313642314,0.07149205209328138,0.06972560071593037,0.034961635276166685,0.7000000000000001
22.555581721000635,9.058814488542481,1.8314371960491471,0.05788387590351296,0.7906093428684354,0.7020392834195978,0.7381474315992467,13.263905331214318,0.07505213711953702,0.06618564743061484,0.03523742258818077,0.7000000000000001
22.562381087000176,9.058814488542481,1.8314371960491471,0.05788387590351296,0.7906093428684354,0.6829652902494813,0.7967185918961404,13.263905331214318,0.07505213711953702,0.06618564743061484,0.03523742258818077,0.7000000000000001
22.681905651001216,9.061025904461866,1.857825961329575,0.06634247758156131,0.7916629584128339,0.9001386044302557,0.7469186075694225,13.238658736012516,0.0772505039435555,0.06397423151122972,0.01447766604047205,0.7000000000000001
22.683571836001647,9.063686049298644,1.8841919294570562,0.07980434510333334,0.7909790438244383,0.9321269614916284,0.7371457242862477,13.213267008063191,0.0792032844560612,0.06131408667445193,0.02858738776481883,0.7000000000000001
22.685343271999955,9.066967395670098,1.9104552308244371,0.09844039114359682,0.7878990410214324,0.9353419894952089,0.7523962703180722,13.1877374433973,0.08196167030124045,0.05803274030299832,0.04120676127130984,0.7000000000000001
22.713682400000835,9.071013819678052,1.9365560809672546,0.12139272023862793,0.7830255042845252,0.9990769385637424,0.6501145471081277,13.162069365161535,0.08451763885144313,0.05398631629504358,0.051648442278424245,0.7000000000000001
22.809609319001538,9.075797656616928,1.962504746534373,0.1435151081662373,0.7784599670135597,0.9963827778595092,0.6330935846419139,13.136262794842246,0.08773302830554949,0.04920247935616828,0.02961941834755841,0.7000000000000001
22.811496085001636,9.075797656616928,1.962504746534373,0.1435151081662373,0.7784599670135597,0.9792475001534167,0.6582012963185605,13.136262794842246,0.08773302830554949,0.04920247935616828,0.02961941834755841,0.7000000000000001
22.943768119001106,9.081296473726834,1.988389792735184,0.16496451329718997,0.7765513860243265,1.007625017667679,0.6016425932863042,13.110243586499374,0.09212415557051343,0.045708815945173405,0.013368997647327945,0.7000000000000001
22.946055571001125,9.087594444787646,2.014327220858745,0.18893913182436495,0.7781228437068157,0.9896255738926425,0.6314823921432463,13.083871597291054,0.0959035293314754,0.054258341636634386,0.02618255200930604,0.7000000000000001
22.94776295400152,9.087594444787646,2.014327220858745,0.18893913182436495,0.7781228437068157,0.9593348382374707,0.6347528224669157,13.083871597291054,0.0959035293314754,0.054258341636634386,0.02618255200930604,0.7000000000000001
23.05364228000144,9.094766205192785,2.040424788402373,0.21515281215418933,0.7829270263088486,0.9496832273059347,0.6011315360292888,13.057018021924462,0.10278331720942374,0.0676409082036892,0.011319473166154346,0.7000000000000001
23.05591550400095,9.094766205192785,2.040424788402373,0.21515281215418933,0.7829270263088486,0.9236813907410357,0.6336338791021079,13.057018021924462,0.10278331720942374,0.0676409082036892,0.011319473166154346,0.7000000000000001
23.057488249000016,9.102826737894443,2.0667465271535628,0.24181598104971563,0.7896521625357011,0.9314662177681077,0.5908656055693635,13.029617406250788,0.10988152097111507,0.0805535308339576,0.022103355502881318,0.75
23.059251188000417,9.11194308358531,2.093323920881003,0.2734903707260005,0.797321811823199,0.8779449292739293,0.6178005594395922,13.001576145617143,0.11651708850285103,0.09290035630724235,0.03242452555747877,0.75
23.161902626001392,9.12237563501627,2.1199002434110232,0.31297654292881627,0.7972896759006176,0.831722645240795,0.5408497088049602,12.973031045083603,0.12438774900168605,0.10431572632531087,0.026360562239661833,0.75
23.169093438000345,9.134329349477218,2.1462952272745905,0.3586114338284113,0.7918495159070142,0.804333494071141,0.5561835523240799,12.944069792879732,0.1309785159667505,0.11452724584884554,0.037945691136543995,0.75
23.171194042000934,9.147851586413681,2.1725130800590438,0.40566710809390016,0.7865355835335963,0.7906297451272158,0.5320547202806678,12.91467065532637,0.13704620273595622,0.12350440190629791,0.047944972610732335,0.75
23.194238490001226,9.16283132532843,2.198709722312646,0.4493921674424643,0.7858992676080697,0.7674637823869814,0.417237418497912,12.884733012209983,0.1427410293946658,0.13143595032111627,0.05691006887650246,0.8
23.290536938000514,9.16283132532843,2.198709722312646,0.4493921674424643,0.7858992676080697,0.7674637823869814,0.417237418497912,12.884733012209983,0.1427410293946658,0.13143595032111627,0.005217071371742203,0.8
23.2925628590001,9.17920566373872,2.2247969878104104,0.4912301523087065,0.7826179649329261,0.756992028758557,0.38574199878248,12.854363596868488,0.14742406794302154,0.13830402692983954,0.009291513854416983,0.8
23.29912867600069,9.17920566373872,2.2247969878104104,0.4912301523087065,0.7826179649329261,0.7139614772301865,0.3972294682444825,12.854363596868488,0.14742406794302154,0.13830402692983954,0.009291513854416983,0.8
23.301320635000593,9.196776000702009,2.25079066037445,0.527110108898638,0.7798101769211874,0.6727865994683642,0.33291212092915856,12.823625367327335,0.15203782222933915,0.14426022465333987,0.013538020890413746,0.8
23.418904089001444,9.215268810381861,2.276664449975105,0.5547842903955773,0.7762136880196455,0.616129051460059,0.271753122799214,12.792648761038924,0.15589058537258166,0.1494793656071418,0.011270347664452828,0.8500000000000001
23.42049677200157,9.215268810381861,2.276664449975105,0.5547842903955773,0.7762136880196455,0.5940430151988805,0.2779732889923999,12.792648761038924,0.15589058537258166,0.1494793656071418,0.011270347664452828,0.8500000000000001
23.537510125001063,9.234524509440442,2.3023778074141643,0.577670971757423,0.7714007231717803,0.5745176356522415,0.19304196009009789,12.761533651886422,0.15963913460531354,0.15404561963856478,0.0068373153593234495,0.8500000000000001
23.543918021001446,9.234524509440442,2.3023778074141643,0.577670971757423,0.7714007231717803,0.5634207763873229,0.20212949913601744,12.761533651886422,0.15963913460531354,0.15404561963856478,0.0068373153593234495,0.8500000000000001
23.545997345001524,9.254376316032927,2.327991183805412,0.595554197774524,0.7684012917374324,0.5802310969807185,0.15732975908460192,12.73028909550705,0.16299558193992034,0.15811966471354905,0.013208877603699983,0.8514693182963202
23.678097169000466,9.274670144378558,2.3534225571808416,0.6088148503689274,0.7629412012628777,0.6026121965161405,0.09293949218687728,12.699050745457296,0.16621945725672113,0.16175245764277119,0.007868599641331218,0.8845903006477066
23.680090308000217,9.295303209467173,2.3785857799843093,0.6189919526584792,0.7548966841040368,0.6070144902275185,0.0966250780361782,12.66793837079035,0.16920058026574789,0.16495576288278838,0.01531810373937245,0.8845903006477066
23.681605824000144,9.295303209467173,2.3785857799843093,0.6189919526584792,0.7548966841040368,0.6300916148584295,0.07147053804601888,12.66793837079035,0.16920058026574789,0.16495576288278838,0.01531810373937245,0.8845903006477066
23.77689629500128,9.31621376183766,2.4034238465454973,0.6273165711146171,0.7451419968356371,0.6613975857538836,0.029062995042370754,12.63702910046471,0.17194629306516832,0.1677329348002386,0.007098038096274002,0.8845903006477066
23.779039170000033,9.337324667086865,2.427684994529607,0.6333271574761353,0.7278344395232814,0.6679135862557878,0.03607493289365518,12.606586132401926,0.17439385645845262,0.16996049280047376,0.014374494219671451,0.8845903006477066
23.900293190999946,9.358423418833594,2.4512343925949316,0.6329625524018667,0.7064819419597449,0.7829462525273952,-0.14666142204570953,12.57681552108199,0.1764402289812852,0.17169336143064257,0.008122125928841983,0.8500000000000001
23.902268334000837,9.358423418833594,2.4512343925949316,0.6329625524018667,0.7064819419597449,0.7952538068882854,-0.1344971258420426,12.57681552108199,0.1764402289812852,0.17169336143064257,0.008122125928841983,0.8500000000000001
23.904606690000946,9.379335232402912,2.4739252229365425,0.6273544070795629,0.6807249102483304,0.8206067423678052,-0.1747988227946255,12.547919770619494,0.17838510897086418,0.17295131625417545,0.016081732288247837,0.8500000000000001
24.014679192001495,9.399967506709006,2.4956358482693366,0.6189682291828085,0.6513187599838172,0.9039856621135576,-0.2228448241731387,12.520046837131357,0.17981481125040052,0.17371382557765438,0.009073305859663962,0.8500000000000001
24.016675486000167,9.420338414783684,2.5162109917300572,0.6111272422403665,0.6172543038216235,0.9221412254706464,-0.19999613644699296,12.493334236314372,0.181120560324377,0.17385824180408346,0.01731318867251405,0.8
24.019775800001298,9.440633701966412,2.5354274764583518,0.6088586154818457,0.5764945418488292,0.9527398065613575,-0.2097342559812491,12.467920113294985,0.18157094013421968,0.17309541327299272,0.02695660056341061,0.8
24.137595256001077,9.46086814459103,2.553351286202966,0.6070332787385446,0.5377142923384198,1.0213442471700325,-0.256227452077721,12.443739023770185,0.1813476141699729,0.1714615490947093,0.010463825770270904,0.75
24.139548718001606,9.481100968636241,2.5700227424168394,0.6069847213563039,0.5001436864161972,1.0389542091732948,-0.21933268937956407,12.420732821469029,0.1808207249092932,0.16894328175087103,0.019946909992707207,0.75
24.1471758100015,9.481100968636241,2.5700227424168394,0.6069847213563039,0.5001436864161972,1.0523368134815128,-0.18298963998236706,12.420732821469029,0.1808207249092932,0.16894328175087103,0.019946909992707207,0.75
24.250626832001217,9.501409410789687,2.5854173024041427,0.6092532646033858,0.46183679961909807,1.061793079308548,-0.2386755754765748,12.398897132686741,0.1792756475262801,0.1654686423492397,0.025738637902373858,0.75
24.252898863000155,9.521918225626267,2.599510690528213,0.6152644450973944,0.4228016437221004,1.068428769355754,-0.19930094386439098,12.378210173127929,0.17717707080098863,0.16093225061661806,0.037180406347982156,0.75
24.254341548999946,9.542912378469012,2.612232476925949,0.6298245852823232,0.3816535919320929,1.098125563619977,-0.1788152413205522,12.358634643620867,0.1744842965010909,0.1550828042068935,0.04781071761248333,0.7000000000000001
24.282276782001645,9.564534867822625,2.6237311927177736,0.6486746806083699,0.3449614737547365,1.1073025680765327,-0.15482564351948244,12.339983375280363,0.17043874064612116,0.1479242152701564,0.05716553935757508,0.7000000000000001
24.37903528700008,9.586935170020528,2.6340489321427434,0.6720090659371174,0.3095321827490956,1.0757520903361921,-0.13634935056101088,12.322166532314624,0.16568966068699512,0.13938055319930234,0.04491376722815483,0.7000000000000001
24.495171284001117,9.610226461607205,2.6432291738803677,0.6987387476003297,0.2754072521287285,1.022330731039486,-0.12431079232338212,12.305107240015346,0.1611442813493121,0.12940253416137582,0.01087710364615724,0.7000000000000001
24.496906669000964,9.610226461607205,2.6432291738803677,0.6987387476003297,0.2754072521287285,1.0178423299971036,-0.09180253208534422,12.305107240015346,0.1611442813493121,0.12940253416137582,0.01087710364615724,0.7000000000000001
24.49883298000168,9.6344526941885,2.6513372366922185,0.7267869774388375,0.24324188435552582,0.9953683117477842,-0.09283958538229842,12.288734345260721,0.15519588671764808,0.11800526701708537,0.020730048750158707,0.65
24.521743091001554,9.659679779656095,2.6583974328792728,0.7568125640278405,0.21180588561163255,0.9269551665729955,-0.13319620364083795,12.273007494625698,0.1485945342490133,0.10593335418201662,0.02889177955080211,0.65
24.615610743001525,9.659679779656095,2.6583974328792728,0.7568125640278405,0.21180588561163255,0.905681391035918,-0.12881126232279266,12.273007494625698,0.1485945342490133,0.10593335418201662,0.012151382833941324,0.65
24.638446202001433,9.713122457988023,2.670049850930668,0.816698909316022,0.16315806390032483,0.8546064456261657,-0.13030117984169798,12.242894060589558,0.1393275904312054,0.09578907199901002,0.032439585248141285,0.65
24.73522782100008,9.741312728884731,2.6748476224080213,0.8457081269012445,0.14393314432060653,0.8546064456261657,-0.13030117984169798,12.228338463527164,0.13443674864959534,0.09984758403753125,0.032333351620217714,0.65
24.853120899000714,9.80035969668658,2.6833371760645517,0.898344044530523,0.12345387545174386,0.7743266029592674,-0.08631745834202645,12.199471167772266,0.12821750624739328,0.10833713769406161,0.029997232397231805,0.65
24.855277629001648,9.80035969668658,2.6833371760645517,0.898344044530523,0.12345387545174386,0.7731303000786576,-0.03206495888711125,12.199471167772266,0.12821750624739328,0.10833713769406161,0.029997232397231805,0.65
24.98962333000054,9.830881929269829,2.687186238034157,0.9156669774974238,0.11547185908816128,0.6399078093347957,-0.0897079489537847,12.185142061837105,0.12669039242299784,0.11218619966366683,0.01405292514215026,0.65
24.991627197001435,9.861880684644058,2.6908895766247434,0.9299626612268614,0.11110015771760035,0.633572945474095,-0.07498031719716802,12.17084450578361,0.12520321510487675,0.1158895382542533,0.02813183678865905,0.65
25.099067084000126,9.893158416918284,2.694461498566671,0.9383319682267826,0.10715765825782483,0.5707861591577872,-0.0802234980734973,12.156637060175132,0.12451592901228427,0.11946146019618098,0.015859216048200953,0.65
25.101209727001333,9.924599507876637,2.697895046522585,0.9432327287506013,0.10300643867740808,0.5675305512948371,-0.06019692656211048,12.142568370807645,0.12380307780825205,0.12289500815209475,0.03165751456069051,0.65
25.114001020001524,9.95612944459937,2.701284972317658,0.9458981016819634,0.1016977738521961,0.49096458182618596,-0.07650716492210602,12.128576481278731,0.12316709270518078,0.1262849339471681,0.043748829994312934,0.6000000000000001
25.222144569001102,9.95612944459937,2.701284972317658,0.9458981016819634,0.1016977738521961,0.49096458182618596,-0.07650716492210602,12.128576481278731,0.12316709270518078,0.1262849339471681,0.017679911354399,0.6000000000000001
25.22488346300088,9.987519449362775,2.7046728996485436,0.9417001429021817,0.10163781992656476,0.4778042847819927,-0.05841529371074744,12.114700821868187,0.12194621697142433,0.12967286127805355,0.03529290407056416,0.6000000000000001
25.33383110000068,10.018579916740618,2.707991691948851,0.9318140213353073,0.09956376900922426,0.38953434209541676,-0.0748921244676741,12.101067853158225,0.11988570028300177,0.13299165357836085,0.015903829886373854,0.6000000000000001
25.335797517000174,10.018579916740618,2.707991691948851,0.9318140213353073,0.09956376900922426,0.3827362659556651,-0.062492602248116064,12.101067853158225,0.11988570028300177,0.13299165357836085,0.015903829886373854,0.6000000000000001
25.359715489001246,10.04926644291737,2.711292755888456,0.9205957853025375,0.09903191818815217,0.4667986677521486,0.06979839328500567,12.08764224497706,0.11670552354360324,0.11481301097414186,0.021882367612229028,0.6000000000000001
25.456713961000787,10.079566988152147,2.7146353222101083,0.9090163570432841,0.10027698964957191,0.4860723161749403,0.1125248337581084,12.074369981453346,0.11107598783042465,0.10049207058457753,0.018096932288812033,0.6020797289396148
25.571214019000763,10.137937679033433,2.7211580067312933,0.8629723357474284,0.0964973671201196,0.5033534797715865,0.14821182522294324,12.048899656939563,0.10254529010258097,0.09615796761574513,0.019622382784359727,0.608276253029822
25.578945447001388,10.165778455455241,2.72432241209017,0.8352232926542658,0.09493216076630283,0.4515662291918757,0.1597977851450662,12.036782782190354,0.0989720687751462,0.09932237297462176,0.026011460031181644,0.6184658438426491
25.600736862001213,10.165778455455241,2.72432241209017,0.8352232926542658,0.09493216076630283,0.4505420754900281,0.17457430574959407,12.036782782190354,0.0989720687751462,0.09932237297462176,0.026011460031181644,0.6184658438426491
25.691163000001325,10.21782672740764,2.730232397804416,0.7625363365945894,0.08640656350198869,0.44310100190720814,0.1846925875395203,12.014278365610094,0.09139863843016528,0.10523235868886793,0.0010807914186013743,0.632455532033676
25.7122031050003,10.24198123791648,2.7329137396409244,0.7246353152651801,0.08044025509525542,0.508330716712165,0.33923089398837747,12.00395596539043,0.08702585412148406,0.1079137005253763,0.0010352066015449403,0.632455532033676
25.812724802000957,10.26511332672302,2.735687756674768,0.6939626641961567,0.08322051101531411,0.5184803148825898,0.3712739567935184,11.993912979535459,0.08085979007102323,0.11068771755922002,0.0003458124560530018,0.65
25.931474703000276,10.308773135768185,2.7419038097651383,0.6441386821943026,0.09875456543742948,0.528935718997228,0.4473099259202621,11.974128369225905,0.06623014455729932,0.09413768349986452,0.00039591326024655035,0.670820393249937
25.933651180001107,10.308773135768185,2.7419038097651383,0.6441386821943026,0.09875456543742948,0.49117523113917205,0.4771560429391376,11.974128369225905,0.06623014455729932,0.09413768349986452,0.00039591326024655035,0.670820393249937
25.952231719000338,10.329579890863581,2.745635227352502,0.6242026528619106,0.11194252762092115,0.4874439201641211,0.4756119706124037,11.964015512766553,0.0580488638172457,0.08206359655688583,0.0007995183818813667,0.670820393249937
26.051400009000645,10.349686756475995,2.7498046495682242,0.6032059683724226,0.12508266647165722,0.4874439201641211,0.4756119706124037,11.95373514502955,0.04994061457819315,0.07079412225630856,0.001721309359666579,0.670820393249937
26.05342266200023,10.369125952421758,2.75438095325266,0.5831758783728753,0.13728911053308057,0.4628503692124274,0.5027725128785144,11.943303258010694,0.04145762806960787,0.06028447035027919,0.0023735378525803047,0.651920240520265
26.055503586001578,10.369125952421758,2.75438095325266,0.5831758783728753,0.13728911053308057,0.4362636850299366,0.5269021041422108,11.943303258010694,0.04145762806960787,0.06028447035027919,0.0023735378525803047,0.651920240520265
26.085595197000657,10.387937019677064,2.759473387374473,0.5643320176591923,0.15277302365437256,0.43000494428860475,0.5616565332485064,11.932600530544539,0.03376924086582684,0.05058393183297546,0.004262605974260329,0.651920240520265
26.177709776000484,10.406142791104884,2.7650850175595942,0.5461731428345988,0.1683489055536458,0.40904786167191975,0.58339570725739,11.921613931798765,0.026773773676545567,0.041678529157042864,0.008110103014386978,0.6800735254367722
26.198035591000007,10.42389851843562,2.7715350873851836,0.5326718199220492,0.19350209476767985,0.39798082687355896,0.6703886601965602,11.909989058731533,0.019784368689810563,0.03368422206938091,0.010841569470732748,0.6800735254367722
26.213486430000557,10.44123994692957,2.778948523520605,0.5202428548185696,0.22240308406264087,0.3920824922262072,0.6814388317653516,11.897593523861884,0.013789974310463948,0.026664071349095934,0.013114608191187233,0.6800735254367722
26.32476130500072,10.458210629934765,2.7873438330375357,0.5091204901558289,0.2518592855079269,0.3920824922262072,0.6814388317653516,11.884393941965826,0.008775451902916188,0.020600366604337526,0.009380468007993319,0.7106335201775948
26.326715637000234,10.458210629934765,2.7873438330375357,0.5091204901558289,0.2518592855079269,0.35713781388683313,0.7144257852931148,11.884393941965826,0.008775451902916188,0.020600366604337526,0.009380468007993319,0.7106335201775948
26.328509373000998,10.474792588082146,2.7967053980605048,0.49745874442142646,0.28084695068907745,0.3469015395120755,0.7222259453956941,11.87040848655423,0.004335182864044758,0.015494777663232824,0.011438795776195788,0.7106335201775948
26.421738553000978,10.491008545015925,2.8069358460190084,0.4864787080133718,0.3069134387551065,0.32387564961192444,0.7382793443474988,11.855720868343623,0.0004320486829940753,0.01126238367796281,0.006818188115725983,0.6726812023536856
26.425441635001334,10.491008545015925,2.8069358460190084,0.4864787080133718,0.3069134387551065,0.2951581815887043,0.7506054448355141,11.855720868343623,0.0004320486829940753,0.01126238367796281,0.006818188115725983,0.6726812023536856
26.43885567400139,10.522029328708248,2.8303599854940926,0.4583374411572119,0.3661127200924251,0.30167839179904876,0.7534985729531499,11.823986645001618,0.004322728819185405,0.005890745037692137,0.009959038512331871,0.7071067811865476
26.44789144800052,10.522029328708248,2.8303599854940926,0.4583374411572119,0.3661127200924251,0.2835136464082805,0.7692073821736795,11.823986645001618,0.004322728819185405,0.005890745037692137,0.009959038512331871,0.7071067811865476
26.543476533001012,10.536776074710266,2.8436224669102037,0.4424023800605279,0.3978744424833264,0.2835136464082805,0.7692073821736795,11.806887816406402,0.005725610120919765,0.004841211483921625,0.016499610522493015,0.7071067811865476
26.568065671001023,10.551002705570436,2.8579123090172107,0.42679892580507933,0.428695263210216,0.28227136207603437,0.9136316433339753,11.78897440185596,0.006040837227520086,0.00488590858520815,0.019705632503438195,0.7106335201775948
26.66358828400007,10.56469333826574,2.873201356439761,0.41071898085913816,0.4586714226765154,0.28227136207603437,0.9136316433339753,11.770276163945715,0.005276530794933364,0.00601615847799152,0.0007234711149628369,0.7106335201775948
26.668919464000282,10.56469333826574,2.873201356439761,0.41071898085913816,0.4586714226765154,0.25873126810038294,0.8418955197080684,11.770276163945715,0.005276530794933364,0.00601615847799152,0.0007234711149628369,0.7106335201775948
26.785482107999997,10.577780601186777,2.88945918057963,0.39261788763110056,0.4877347241960624,0.25626479145667636,0.8291343438998342,11.750840606410527,0.004096685599084774,0.008258083815995475,0.0006775149537731124,0.7106335201775948
26.787400772000183,10.601948593567037,2.9246206253025537,0.35215479176766845,0.5399052608087327,0.2269309863608718,0.8252706140122552,11.71005840337531,0.0012185672613606706,0.01603162851614293,0.005279010071057155,0.7211102550927979
26.870324780000374,10.613009982703714,2.9433675968482413,0.33184167410027876,0.5624091463706299,0.2136843766194419,0.7995312861243077,11.688864186043899,0.004481405551969791,0.02146615595492372,0.00834729571524138,0.7211102550927979
26.915257561000544,10.623379090571328,2.9628081309050143,0.311073236028437,0.5832160217031904,0.2136843766194419,0.7995312861243077,11.667216277969313,0.00841248615128102,0.027880622928311383,0.007620091779137237,0.6946221994724903
26.917269713001588,10.623379090571328,2.9628081309050143,0.311073236028437,0.5832160217031904,0.15299405104478897,0.8142538527591087,11.667216277969313,0.00841248615128102,0.027880622928311383,0.007620091779137237,0.6946221994724903
26.918908301000556,10.633165867989534,2.983060358771453,0.2936033225461828,0.6075668359931675,0.17072642678370933,0.8360792997582974,11.644968264688034,0.013303886883733117,0.03528081390842708,0.012810603014181736,0.6946221994724903
26.94292604900147,10.642363087880636,3.004182090840016,0.2759165967330177,0.6336519620568892,0.17652466087409316,0.9456288609059309,11.622066429395668,0.017221472697604854,0.04371271733145189,0.016990446483424,0.670820393249937
27.03488814299999,10.642363087880636,3.004182090840016,0.2759165967330177,0.6336519620568892,0.17297182922107862,0.9803898414515159,11.622066429395668,0.017221472697604854,0.04371271733145189,0.0033767942040772475,0.670820393249937
27.036863264000203,10.650940905469858,3.026232853248007,0.25733452767664483,0.6615228722397326,0.17281999769853845,1.0116491286707492,11.598462288512422,0.021989545503473828,0.05323952797535572,0.0077708527054001775,0.7158910531638177
27.152600622001046,10.666350941600697,3.072838731413394,0.22247832975685725,0.7099089215224654,0.1934820739817144,1.1516418524084533,11.549382299485242,0.02802091612185776,0.05864921821425639,0.011507236127791998,0.696419413859206
27.282910173000346,10.679461871324778,3.121624409945019,0.18768600785340805,0.7378852933172237,0.1816768762416954,1.0455860787292541,11.4989048037644,0.030804690897648666,0.04553828849017627,0.011071989165706559,0.6800735254367722
27.285091588000796,10.679461871324778,3.121624409945019,0.18768600785340805,0.7378852933172237,0.10808735821472551,1.0446951848943478,11.4989048037644,0.030804690897648666,0.04553828849017627,0.011071989165706559,0.6800735254367722
27.39106363100109,10.685146898119784,3.1465636052136357,0.1705508038502182,0.7481758580585015,0.16220858569858004,1.048221730858355,11.473403617150902,0.03174147704823156,0.03985326169516945,0.005620984875462606,0.6800735254367722
27.39789430300152,10.69490719117061,3.1976482174135117,0.13877792432325425,0.7736776657075513,0.15305691766700222,1.012743158807824,11.421730666935217,0.03413372857545153,0.030092968644343188,0.017382840409283624,0.6670832032063168
27.511673843000608,10.69490719117061,3.1976482174135117,0.13877792432325425,0.7736776657075513,0.15267373321403083,1.0340881091722827,11.421730666935217,0.03413372857545153,0.030092968644343188,0.015141795254602535,0.6670832032063168
27.6388277390015,10.702516300491494,3.250891284163998,0.1056204106567476,0.8069688233061568,0.1359217040774543,0.9162814681536701,11.36864351699246,0.03985116394715357,0.034206358019956605,0.019070531465613848,0.70178344238091
27.78349650600103,10.708006847455184,3.306972572077493,0.07425443130151319,0.8521403943136491,0.11957333848986634,0.7970835857627228,11.313490116087008,0.04802811003268118,0.06699331310482748,0.018569169030851908,0.7000000000000001
27.878963443999965,10.711420761065328,3.3658146321227917,0.04268527540963333,0.8923923701862909,0.15376385813060783,0.9385651923933314,11.25634064740794,0.05291894505524338,0.06357939949468339,0.02080260312643824,0.7000000000000001
27.887999453001612,10.712191233966761,3.396167462311627,0.02311418704296267,0.9105849056650586,0.16861148763918005,0.9487933920058044,11.227167017110236,0.0548678715175729,0.06280892659325055,0.029283146454177893,0.7000000000000001
27.99752305200127,10.712191233966761,3.396167462311627,0.02311418704296267,0.9105849056650586,0.17871414804245261,0.979304622653199,11.227167017110236,0.0548678715175729,0.06280892659325055,0.0,0.7000000000000001
27.99953026300136,10.712191233966761,3.396167462311627,0.02311418704296267,0.9105849056650586,0.17134110006253883,0.946482092939507,11.227167017110236,0.0548678715175729,0.06280892659325055,0.0,0.7000000000000001
28.11821295500158,10.712391178209097,3.458539104072787,-0.004409449267963002,0.9436504518139118,0.14216692346732296,0.7788656091515603,11.167657924964551,0.05823284857186788,0.06260898235091439,0.028667728156644503,0.7000000000000001
28.125383202001103,10.711688521390888,3.490495659858477,-0.021079704546299503,0.9586966735706948,0.1376551933432919,0.7732332709720637,11.137425062354229,0.06010864324995606,0.06331163916912352,0.039287459485823566,0.7000000000000001
28.127142401001038,10.710383735650753,3.5229106227762457,-0.03914357220405278,0.9724488875330687,0.1137614146975921,0.7635949533626724,11.10694909114652,0.0622936208851338,0.0646164249092589,0.047142113072459475,0.7000000000000001
28.13951561400063,10.70851909401344,3.55542408242602,-0.05593924911941922,0.9754037894932298,0.15835066052568247,0.7912922253290393,11.076561922237087,0.0647437802780494,0.06648106654657226,0.05394600713321408,0.7000000000000001
28.24006073900091,10.706266855228872,3.5880836602250517,-0.06756716353701167,0.9797873339709464,0.17616723496751602,0.811023539660736,11.046167199184778,0.0674707734354452,0.06873330533113986,0.015143588342531546,0.7000000000000001
28.24287807700057,10.703657637659116,3.620873548972214,-0.07827652709269509,0.9836966624148642,0.16367711499973225,0.8164669702544227,11.01577199377608,0.07042539296037019,0.07134252290089549,0.0306664649603843,0.7000000000000001
28.3633101180003,10.703657637659116,3.620873548972214,-0.07827652709269509,0.9836966624148642,0.22623566388553196,0.8667770303567877,11.01577199377608,0.07042539296037019,0.07134252290089549,0.0,0.7000000000000001
28.36547725500168,10.700743617548166,3.6537577947071838,-0.0874206033285203,0.9865273720490992,0.22372698603418895,0.8360370415429697,10.985395767348596,0.07357397067741378,0.07425654301184537,0.01780169411264632,0.7000000000000001
28.375739464001526,10.697733283358813,3.6866446683244405,-0.09031002568061937,0.9866062085177005,0.23942759769792699,0.7601636610967331,10.95506221227886,0.07677224904287011,0.07726687720119862,0.035637043160628504,0.65
28.4780464760006,10.694639584531066,3.719362848819847,-0.0928109648324258,0.9815454148622003,0.2458800423191062,0.7662716098703851,10.924930536333143,0.07999963275464685,0.08036057602894608,0.034025322115392255,0.65
28.598523002001457,10.688297812155318,3.7835574362758235,-0.0955726204694001,0.9549989849772045,0.26034311680991357,0.8043701728241157,10.865942158375594,0.08650582213299907,0.08670234840469426,0.031897440195139966,0.65
28.62253067000165,10.685443209997509,3.8149457959638022,-0.08563806473426974,0.9416507906393565,0.27646235629901245,0.8726195647527825,10.837044710257256,0.08941017379748058,0.08955695056250335,0.046701606306402174,0.65
28.715830819000985,10.682894651166333,3.845946078109378,-0.07645676493528122,0.9300084643672759,0.2709685102759062,0.8645856497339076,10.808433318389307,0.09199542033212299,0.09210550939367934,0.034688895164228,0.65
28.733713715000704,10.68068365256773,3.876621002900184,-0.06632995795806165,0.9202477437241832,0.26569416570818816,0.784019564587628,10.780037217104548,0.09423613303297988,0.09431650799228208,0.04997900080483022,0.65
28.837187856001037,10.678855009960573,3.9070965351589235,-0.05485927821471755,0.9142659677621784,0.2607222653741639,0.7876911216910759,10.751721447584154,0.09608353389759407,0.09614515059943862,0.03692079188058849,0.65
28.85044827300044,10.677318792485655,3.9373624528166795,-0.04608652424754897,0.9079775297326838,0.2557018517700923,0.6838141083702606,10.72352314137905,0.09763553374554032,0.09768136807435646,0.052645143900662966,0.65
28.9197426790015,10.676004811258482,3.9673442399868923,-0.03941943681523526,0.8994536151063861,0.25385256037601844,0.6873006435068894,10.695534386062807,0.09896103761960659,0.09899534930153031,0.06651271935599339,0.65
28.96489412000119,10.675081884702252,3.9970614448289945,-0.027687796686879033,0.8915161452630702,0.25385256037601844,0.6873006435068894,10.66768163876554,0.0998922273560233,0.09991827585776036,0.0438788623951325,0.65
28.96688100100073,10.674480420746816,4.026576237042132,-0.01804391866307491,0.8854437663941388,0.2287222866545661,0.7289735858793888,10.639927194110454,0.10050066654591233,0.10051973981319584,0.05689610800916819,0.65
29.07917661400097,10.674262514281274,4.056000252016651,-0.006537193966274529,0.8827204492355798,0.24070322846067968,0.8844148408734974,10.612144376069713,0.10072306734594014,0.10073764627873771,0.015753725351996675,0.65
29.080887760001133,10.674422823278345,4.085489336847915,0.004809269912148195,0.8846725449379099,0.23716215872513935,0.8503552686946971,10.584186450363726,0.10056670416626301,0.10057733728166696,0.031220946730270427,0.65
29.10224008500154,10.674839829221137,4.114924493310958,0.012510178283763853,0.8830546938912782,0.22103956976045533,0.8130590082579063,10.55620457691927,0.10015262520010487,0.10016033133887525,0.0451387964765163,0.65
29.220449709000604,10.67541136817031,4.1443164372787695,0.017146168475199293,0.8817583190343545,0.21228787511343766,0.8214530993971704,10.528221240945445,0.09958341899180574,0.0995887923897012,0.03190841979079731,0.65
29.222444917000757,10.67616440097538,4.173464675958883,0.022590984152123753,0.8744471604034064,0.18342887329752386,0.793162956733065,10.500416836896731,0.0988323940312323,0.09883575958463098,0.045757459487775876,0.65
29.320311062001565,10.67707399256705,4.202286015634915,0.027287747750089016,0.8646401902809457,0.19466474010063986,0.7786577317725544,10.472877568684599,0.09792438444563413,0.09792616799296106,0.013984430186969647,0.65
29.32285776200115,10.678070403783122,4.230749616212371,0.029892336482157583,0.8539080173237039,0.17364585004188526,0.7823382266536101,10.445654852586182,0.0969294993499419,0.09692975677688942,0.027711024983143866,0.65
29.33049865400062,10.679183842148278,4.258994010420362,0.0334031509546941,0.8473318262397114,0.16945013440312148,0.7872805990187833,10.41860749201935,0.09581752141979483,0.09581631841173355,0.04013380724479752,0.65
29.4419805739999,10.679183842148278,4.258994010420362,0.0334031509546941,0.8473318262397114,0.1935947381796844,0.8222544899318662,10.41860749201935,0.09581752141979483,0.09581631841173355,0.013862172785336252,0.65
29.44396250600039,10.680374429452105,4.287174055255835,0.035717619114798115,0.8454013450641995,0.1965091065813285,0.8128474376070415,10.391601997025735,0.0946285062766841,0.09462573110790728,0.0276249112505899,0.65
29.451855975999933,10.68156048559584,4.3153808861044265,0.035581684312044115,0.8462049254577471,0.19601536465153926,0.8205456576777125,10.364579099879085,0.09344417531802951,0.09343967496417172,0.04006857368952005,0.65
29.561150075000114,10.68277444023172,4.343633436844301,0.03641863907636144,0.847576522196233,0.18261007201960552,0.8176284692166543,10.337510292183325,0.09223238572975474,0.09222572032829213,0.028049293596982463,0.65
29.569235304999893,10.68398109103561,4.3718696165901685,0.036199524116721817,0.84708539237604,0.15602297813931595,0.8169729088697667,10.31046584510243,0.09102812445721103,0.09101906952440153,0.04044638663619895,0.65
29.680423304000215,10.6851512010556,4.400095616472548,0.035103300599708336,0.8467799964713719,0.15829121638597646,0.8174562693614943,10.28344968234041,0.08986147775705225,0.08984895950441185,0.012225491785907292,0.65
29.682387973000004,10.686308736610146,4.4282043857107,0.03472606663638993,0.8432630771445442,0.1264876742835514,0.8358814288223606,10.256554901443756,0.08870775478104609,0.08869142394986618,0.024407018211528412,0.65
29.79679077700166,10.687458896283047,4.456191891169086,0.034504790187029184,0.8396251637515636,0.12097058583340285,0.8713577612560695,10.229783557070531,0.08756317779014026,0.08754126427696463,0.012291398373801185,0.65
29.798599699000988,10.688541617946338,4.484060480317322,0.032481649898760276,0.8360576744471014,0.11223651637970358,0.8645676908694516,10.203153489910818,0.08648707823569088,0.08645854261367347,0.024585604640241367,0.65
29.80726854400018,10.689561773694269,4.511879466589025,0.030604672437914336,0.8345695881510792,0.08311595295862614,0.8666366007805616,10.176597872504571,0.08547574390142468,0.0854383868657429,0.03589261334491346,0.65
29.91533263800011,10.690454518941976,4.539660748186879,0.026782357431246625,0.8334384479356396,0.08727398031616865,0.8646067425796854,10.15012743748382,0.0845945890673943,0.08454564161803546,0.010753107667801399,0.65
29.917255206000846,10.691309604659999,4.567456904835864,0.025652571540690536,0.8338846994695478,0.06042099872006648,0.8745937550827203,10.123662779470909,0.08375360271583046,0.08369055590001295,0.02154664893707494,0.65
29.9482319810013,10.692065095125084,4.595241274633063,0.022664713952572687,0.8335310939159667,0.0933834562515316,0.8561334921740162,10.09725005847155,0.08301838490959049,0.08293506543492768,0.03203102389979587,0.65
30.04505559500103,10.692656689812972,4.623015771439646,0.017747840636659292,0.8332349041975078,0.09339535488499726,0.8394305418045234,10.070909517112046,0.08244938068360841,0.0823434707470394,0.02216522845834379,0.65
30.053196218001176,10.693059526688675,4.65074558272852,0.012085106271095821,0.8318943386662346,0.07275970165777834,0.8322102533711409,10.044682793946823,0.0820817231578186,0.0819406338713371,0.03299858585098311,0.65
30.15553371400165,10.693214933155765,4.67842208311114,0.004662194012731692,0.8302950114785921,0.11466678070619363,0.7866858415492515,10.018598451663822,0.08196504058061356,0.08178522740424654,0.0232277566462731,0.65
30.157608041999993,10.693119702133727,4.706157381079909,-0.0028569306611757684,0.8320589390630948,0.09630452408842177,0.7731746660110546,9.99255285265126,0.082118399876947,0.08188045842628533,0.034625816754394426,0.65
30.17500096799995,10.693119702133727,4.706157381079909,-0.0028569306611757684,0.8320589390630948,0.14341554433516873,0.7221463392082558,9.99255285265126,0.082118399876947,0.08188045842628533,0.034625816754394426,0.65
30.30090010999993,10.692774223231133,4.7339319543215455,-0.010364367077806516,0.8332371972490933,0.15226630703954613,0.7146806581417238,9.966565011585345,0.0825331430773314,0.08222593732887873,0.01109742806950617,0.65
30.308474332001424,10.692774223231133,4.7339319543215455,-0.010364367077806516,0.8332371972490933,0.14144048160663214,0.7245398518960589,9.966565011585345,0.0825331430773314,0.08222593732887873,0.01109742806950617,0.65
30.31044676500096,10.692217050482544,4.761753016752737,-0.016715182457705133,0.8346318729357279,0.14958275012367117,0.7260555921009342,9.940615743058801,0.08318393999752831,0.08278311007746808,0.02240799973473758,0.65
30.399872764000975,10.691380125676773,4.789633261531141,-0.025107744173119985,0.8364073433521305,0.2185226539464409,0.6898936243213409,9.914717255293695,0.08414377119935394,0.08362003488323921,0.026877947682966297,0.65
30.40388416800124,10.691380125676773,4.789633261531141,-0.025107744173119985,0.8364073433521305,0.22274721164045877,0.6629408242203998,9.914717255293695,0.08414377119935394,0.08362003488323921,0.026877947682966297,0.65
30.405537994000042,10.69021683748044,4.817592251638848,-0.03489864588999215,0.8387697032312115,0.2298557808378244,0.6508126802878846,9.888868227569677,0.08545813478634869,0.08478332307957182,0.039881573161424565,0.65
30.512920175000545,10.688731204959177,4.845617853717498,-0.04456897563785665,0.8407680623595029,0.25506326672885493,0.6111361028795187,9.863079828403073,0.08716070027414305,0.08626895560083447,0.013555410443043415,0.65
30.51527990700015,10.687047501487038,4.873629343940733,-0.05051110416416077,0.8403447066970285,0.28789435802154856,0.6145301814686537,9.837385843815285,0.0890874221450027,0.08795265907297356,0.02728292440015866,0.65
30.516978688001473,10.687047501487038,4.873629343940733,-0.05051110416416077,0.8403447066970285,0.32261000295376185,0.6081023651280711,9.837385843815285,0.0890874221450027,0.08795265907297356,0.02728292440015866,0.65
30.521389915000327,10.685297855189301,4.901525921157794,-0.052489388932099236,0.8368973165118324,0.3645996799605587,0.5934106538271102,9.811835512120387,0.09121314996575583,0.08970230537071089,0.04063462772844677,0.65
30.65848606200052,10.685297855189301,4.901525921157794,-0.052489388932099236,0.8368973165118324,0.40249589816384307,0.5787467889145989,9.811835512120387,0.09121314996575583,0.08970230537071089,0.0,0.65
30.667155654000453,10.683561754122483,4.929189586451662,-0.05208303200457113,0.8299099588160443,0.4306657388139814,0.5983880932913617,9.786511836662811,0.09335568432794684,0.0914384064375291,0.013634298418154297,0.65
30.66881541100156,10.683561754122483,4.929189586451662,-0.05208303200457113,0.8299099588160443,0.43807672803888953,0.6324855087342105,9.786511836662811,0.09335568432794684,0.0914384064375291,0.013634298418154297,0.65
30.670474296000975,10.681915562685665,4.956542296902239,-0.0493857431045508,0.8205813135172733,0.4921405091003612,0.6294587542818055,9.76146095566377,0.09561346265903793,0.09308459787434664,0.027052001566886533,0.65
30.7551649850011,10.680356075498734,4.983602199253958,-0.046784615607941456,0.8117970705515757,0.5625997571192588,0.6493566251965467,9.736666443492132,0.09785609252872225,0.09464408506127775,0.01428148643616912,0.65
30.757196531001682,10.678854435329411,5.010387993676979,-0.045049205079702295,0.8035738326906221,0.5934500701056409,0.6623692449410759,9.712120437893923,0.10031883438204349,0.09614572523060083,0.02838135113686477,0.65
30.765479896001125,10.677591493067295,5.036811608693491,-0.03788826786349873,0.7927084504953935,0.6035514975685145,0.695212099370168,9.687841029075486,0.10268290530520928,0.09740866749271682,0.04201914348270956,0.65
30.789891279000585,10.677591493067295,5.036811608693491,-0.03788826786349873,0.7927084504953935,0.7462553018082374,0.6897489014964163,9.687841029075486,0.10268290530520928,0.09740866749271682,0.04201914348270956,0.65
30.88391877899994,10.676631888560442,5.0628167556251515,-0.02878813520557705,0.780154407949802,0.7767385222799957,0.7041520062192297,9.663856901818795,0.10513941090715659,0.09836827199957021,0.01642079068859662,0.65
30.885541704999923,10.676631888560442,5.0628167556251515,-0.02878813520557705,0.780154407949802,0.7817488813727357,0.7436114443109424,9.663856901818795,0.10513941090715659,0.09836827199957021,0.01642079068859662,0.65
30.910379236000153,10.676250014469685,5.088343655866001,-0.011456222722711051,0.7658070072254838,0.9179158948715298,0.7256728735141394,9.64012520811786,0.10717780004891282,0.0987501460903264,0.03209236231893868,0.65
31.00442163900152,10.676467819721184,5.113395013937952,0.006534157544948115,0.751540742158524,0.9179158948715298,0.7256728735141394,9.616633598350303,0.10927323699586657,0.09853234083882789,0.02879282148857582,0.65
31.01238632700006,10.677336247251587,5.137951936104273,0.02605282591210655,0.7367076649896572,0.9729828222469501,0.6954089489713641,9.593379626802797,0.11071033007753157,0.09766391330842517,0.04199118979008581,0.65
31.117887696000253,10.679024879416577,5.162107356269395,0.05065896494970121,0.7246626049536424,0.9732724077981241,0.6880843404704616,9.570213983318473,0.11254695428155821,0.0959752811434349,0.02783653628059395,0.65
31.120047967000573,10.681600644607647,5.185963979975148,0.07727295573208265,0.7156987111725855,0.9762108047047887,0.6773829447772057,9.547014838118109,0.11351250390429087,0.09339951595236506,0.04042361996205081,0.65
31.12214375500116,10.68525995979019,5.2096028133203225,0.10977945547633515,0.7091650003552329,0.9596591725035062,0.7023793639710306,9.523634373448722,0.11452390857402149,0.08974020076982114,0.051995348313714586,0.65
31.147909301000254,10.690329527389475,5.233121101695193,0.1520870279784888,0.7055486512461367,0.9900249112220336,0.6352175208919407,9.499862847904444,0.11506381833386639,0.08467063317053736,0.06236074638102938,0.65
31.235057913001583,10.696885893196225,5.256772817063315,0.19669097420251533,0.709551461043649,0.9900249112220336,0.6352175208919407,9.475434165934411,0.11431958286972929,0.07811426736378735,0.021131093829556,0.65
31.23983334300101,10.704972942979627,5.280763594947,0.24261149350203692,0.7197233365105793,0.9518999116360023,0.64649296467614,9.45013965431795,0.11497011471056065,0.07026399734352566,0.030203956721278725,0.7000000000000001
31.359610544001043,10.714576329430649,5.305170967607094,0.2881015935307028,0.7322211798028117,0.9317980805739425,0.6469318110273505,9.423911668636988,0.11476011391465965,0.06753755926600696,0.012674575759324435,0.7000000000000001
31.361831441001414,10.738503438513709,5.354593232378575,0.382668715218628,0.7402823983738208,0.9036060644453802,0.6805991374391995,9.369194130982812,0.1162343485990992,0.08208793842031188,0.035481186135440955,0.7000000000000001
31.380278842001644,10.738503438513709,5.354593232378575,0.382668715218628,0.7402823983738208,0.8659828794090247,0.6137896032034893,9.369194130982812,0.1162343485990992,0.08208793842031188,0.035481186135440955,0.7000000000000001
31.475368994000746,10.752781404013762,5.379077405482699,0.4283389650015797,0.7345251931237031,0.8491279118755727,0.5987164910384217,9.34121850878559,0.11695032736441698,0.08930481702734817,0.003873634130102081,0.75
31.477071782001076,10.768529087017944,5.403362026923021,0.4724304901254811,0.7285386432096621,0.7947006672004373,0.6195246321618009,9.312905587345442,0.11777629562423596,0.0953413440861147,0.006467615011880159,0.75
31.479481685000792,10.768529087017944,5.403362026923021,0.4724304901254811,0.7285386432096621,0.7659460067412681,0.603127326271348,9.312905587345442,0.11777629562423596,0.0953413440861147,0.006467615011880159,0.75
31.593463619999966,10.803929955035617,5.451837025679169,0.5489518079629528,0.7280622920359596,0.6839872252589547,0.522607625373084,9.254987875287854,0.11922539794452877,0.1045861505894103,0.006528450466351284,0.8
31.608670549001545,10.823247385910818,5.476253766572392,0.5795229262560398,0.732502226796673,0.6078097350788026,0.4578648809335358,9.225297111339945,0.12042296069526082,0.10819190728252576,0.008977366180113765,0.8
31.71753068399994,10.843391806259822,5.500912496127705,0.6043326104701385,0.7397618866593695,0.5951885489282664,0.4371826788541971,9.19509667305289,0.12114994678697326,0.11138400593467965,0.006980069366661,0.8
31.71942066000156,10.86419558570921,5.525882914668301,0.6241133834816229,0.7491125562178919,0.5847187597006366,0.4065159936791062,9.164382903421304,0.1224989592212362,0.11433026469083109,0.010090092544606204,0.8321658488546619
31.721008858999994,10.86419558570921,5.525882914668301,0.6241133834816229,0.7491125562178919,0.5623354828823198,0.40688489298796054,9.164382903421304,0.1224989592212362,0.11433026469083109,0.010090092544606204,0.8321658488546619
31.849637240000447,10.885514214278754,5.5511642939241455,0.639558857086336,0.7584413776753314,0.5534891338676375,0.3041802336060174,9.133209227652753,0.12383957965824198,0.11713235257326501,0.004803021687808653,0.8500000000000001
31.860015120000753,10.907198911803436,5.576803973698945,0.6505409257404831,0.7691903932440117,0.5420493980375797,0.3133388848763884,9.10158498787674,0.1256598341702505,0.11992894734179582,0.009631744579411875,0.8200609733428363
31.866032139001618,10.929197171707363,5.602541345355422,0.6599477971178076,0.7721211496943032,0.5635387466807346,0.21966111184897055,9.06977365557171,0.12753301146697726,0.12257289861763748,0.014015625690872004,0.8514693182963202
31.95282374800081,10.951281052878645,5.628281946529331,0.6625164351384819,0.7722180352172681,0.5491619501779161,0.17389685003872432,9.037944334054169,0.12967122033074846,0.12515859012839534,0.0003827780084190477,0.8139410298049854
31.95485593400008,10.97323225060019,5.653895578738216,0.6585359316463837,0.7684089662665554,0.5345615359938795,0.17282570539490313,9.006295378986,0.13201944097372292,0.12774832239004472,0.0006865705893134458,0.848528137423857
31.97527855500084,10.97323225060019,5.653895578738216,0.6585359316463837,0.7684089662665554,0.5559452362156214,0.06361698771672174,9.006295378986,0.13201944097372292,0.12774832239004472,0.0006865705893134458,0.848528137423857
32.100411701001576,10.99480173349009,5.679306360963851,0.6470844866970269,0.7623234667690483,0.5897587619807391,0.01651829491118527,8.974983990896028,0.13473303734407885,0.13046453119891055,0.014787070375617772,0.848528137423857
32.10197792800136,10.99480173349009,5.679306360963851,0.6470844866970269,0.7623234667690483,0.6177192529728976,0.016049771184123693,8.974983990896028,0.13473303734407885,0.13046453119891055,0.014787070375617772,0.848528137423857
32.19674021100036,11.01589316792277,5.704304923916686,0.6327430329803803,0.7499568885850489,0.698125842511534,-0.07976305178517563,8.944238970546072,0.13771286677723987,0.13322728827048097,0.007311111817986872,0.8514693182963202
32.19846247500027,11.036581134725552,5.728718330386143,0.620639004083453,0.7324021940837137,0.7256477474224792,-0.09550582157565346,8.914196090289485,0.14072699174819678,0.13586157192168744,0.015125570838504548,0.8514693182963202
32.20081475200095,11.036581134725552,5.728718330386143,0.620639004083453,0.7324021940837137,0.7553877433689565,-0.08820163960490127,8.914196090289485,0.14072699174819678,0.13586157192168744,0.015125570838504548,0.8514693182963202
32.20932996200099,11.056903875022318,5.752424170558475,0.6096822089029892,0.7111752051699545,0.779239881486196,-0.1337516684928938,8.884956739012887,0.14380879066676105,0.13825378478513087,0.024228552460460157,0.8500000000000001
32.23265444700155,11.0768376651821,5.775415599860143,0.598013704793487,0.6897428790500211,0.8404176088105801,-0.18575736484697541,8.856535210662997,0.1466708207816024,0.14041586215677937,0.03243383103334449,0.8500000000000001
32.31382151900107,11.096390584689239,5.797590205493516,0.5865875852141291,0.6652381690011945,0.872383529443248,-0.198869829626462,8.82902474317864,0.14980093451434845,0.14226967419478373,0.017935502825438474,0.8500000000000001
32.337016788000255,11.115569247769994,5.818673310626462,0.5753598924226428,0.6324931539883746,0.9701163535507424,-0.24050364014202985,8.80268133303635,0.15237968272281519,0.14361631808426414,0.027591806305293787,0.8
32.43547103200035,11.134374270378732,5.838513915545191,0.5641506782621595,0.5952181475618742,0.9941989143631675,-0.24654171702441696,8.777647081754434,0.1547865875179717,0.14434858535813452,0.023237283961324788,0.8
32.44463940800051,11.152952983997242,5.8569481212824055,0.5573614085553127,0.5530261721164429,1.0865763234950876,-0.23296793089857126,8.754027095557817,0.15667341733687573,0.14424640285533596,0.03461753711825136,0.75
32.554149658000824,11.152952983997242,5.8569481212824055,0.5573614085553127,0.5530261721164429,1.1277337454228165,-0.21372817210107914,8.754027095557817,0.15667341733687573,0.14424640285533596,0.0,0.75
32.5558151840014,11.171433251516609,5.8740143372981555,0.554408025581014,0.5119864804724975,1.155484662224391,-0.19491332104716447,8.731743429768128,0.1575863475250424,0.1432465174481814,0.014763121169579877,0.75
32.58017364100124,11.190118501972462,5.889562559860159,0.5605575136755648,0.4664466768601063,1.1641340430970943,-0.14961844064648616,8.710837691692635,0.1582074659978671,0.1410283037516696,0.027994662406360487,0.75
32.67852855500132,11.190118501972462,5.889562559860159,0.5605575136755648,0.4664466768601063,1.1531502505468658,-0.14479037567689568,8.710837691692635,0.1582074659978671,0.1410283037516696,0.01536536964602871,0.75
32.687641746000736,11.209147949624874,5.903711438247639,0.5708834295723846,0.424466351624407,1.1443134290889154,-0.14392601485187767,8.6911548004089,0.15784238722637867,0.1375772201283855,0.02932810689038237,0.7000000000000001
32.69090624199998,11.22861320425574,5.916554758129932,0.5839576389259826,0.3852995964687621,1.1083567860184544,-0.14700184329874882,8.672579671439193,0.15617634561070332,0.1328948051630936,0.04199402355511968,0.7000000000000001
32.79334497500167,11.24863089746113,5.928109396465982,0.6005307961616823,0.3466391500815,1.0833054671820106,-0.14985346531804083,8.655062206306832,0.1544593066843149,0.12691052167543004,0.0185126981053274,0.7000000000000001
32.79532225600087,11.269347943391233,5.938394713865227,0.6215113779031027,0.30855952197734465,1.054566214496495,-0.11375867138018486,8.638541075450558,0.15221553038936547,0.11953417569176351,0.026098551826604352,0.7000000000000001
32.81953566700031,11.269347943391233,5.938394713865227,0.6215113779031027,0.30855952197734465,0.9527145395179091,-0.14734654902273187,8.638541075450558,0.15221553038936547,0.11953417569176351,0.026098551826604352,0.7000000000000001
32.9122765230004,11.290924117873296,5.94736017782379,0.6472852344618618,0.268963918756898,0.9440570319436574,-0.15042599309387733,8.623018229232688,0.14839720172922655,0.11061705676501671,0.010979598454000782,0.7000000000000001
33.03285726700051,11.3135682249127,5.955118042410999,0.6793232111821105,0.23273593761625322,0.910370955091376,-0.15775788571734545,8.60832760414443,0.1439527970943368,0.10095925172010246,0.011853644109637119,0.65
33.03490465100003,11.3135682249127,5.955118042410999,0.6793232111821105,0.23273593761625322,0.9154440654179785,-0.12902136955482446,8.60832760414443,0.1439527970943368,0.10095925172010246,0.011853644109637119,0.65
33.0519586900009,11.33745286287814,5.961843966953988,0.7165391389631881,0.20177773628966333,0.8946067227148486,-0.14838147582721234,8.594256820867258,0.1411225139678911,0.09461321062901222,0.02292540748454169,0.65
33.15457194300143,11.362709019914313,5.967898916565578,0.7576847110852122,0.18164848834769817,0.8861803710282699,-0.14048559885636647,8.580432969311849,0.1374793923404574,0.09370840299394564,0.013149690875284786,0.65
33.163623062000624,11.389320784583575,5.973528778366956,0.7983529400778422,0.16889585404133253,0.8641460377455903,-0.11027122295128128,8.566639733578192,0.13368032178328348,0.09852869082263371,0.02624198968439162,0.65
33.165513246000046,11.417118630637692,5.9786749136301225,0.8339353816234952,0.15438405789500803,0.8428657346771488,-0.10488535780754532,8.552997930583876,0.13174116208268433,0.10367482608580048,0.036260106282495014,0.65
33.17146868200143,11.417118630637692,5.9786749136301225,0.8339353816234952,0.15438405789500803,0.7690167795419448,-0.10924107378372655,8.552997930583876,0.13174116208268433,0.10367482608580048,0.036260106282495014,0.65
33.27958941700126,11.44595881219194,5.983488927115681,0.8652054466274393,0.1444204045667409,0.7163012682373762,-0.10084633126810189,8.539419571776255,0.1292853624050654,0.10848883957135858,0.014681852699135144,0.65
33.30723834800119,11.475445407303804,5.9878417135535695,0.884597853355909,0.13058359313668036,0.661093251521648,-0.10959196406274635,8.526159679152402,0.12827877965403597,0.11284162600924752,0.029160268546757875,0.65
33.39682514300148,11.505360809510266,5.991715998950717,0.8974620661938637,0.11622856191443076,0.6177126514048201,-0.11350151663572963,8.51330852081005,0.12692841645355102,0.11671591140639492,0.033711249021645226,0.65
33.39889140300147,11.505360809510266,5.991715998950717,0.8974620661938637,0.11622856191443076,0.6020529625675001,-0.09954026278313693,8.51330852081005,0.12692841645355102,0.11671591140639492,0.033711249021645226,0.65
33.406136688001425,11.535576375270395,5.995220994035721,0.906466972803857,0.10514985255011794,0.5730131834976127,-0.11523619741253024,8.500806506596339,0.1262928578449661,0.12022090649139905,0.04568552629901426,0.65
33.53858907800168,11.565995682823829,5.998475348046886,0.9125792266030006,0.09763062033497245,0.5573608642208016,-0.10171773195752287,8.488573470593954,0.12546961130133136,0.12347526050256441,0.029995586112118496,0.65
33.54054757300037,11.596455185360515,6.001562848226139,0.9137850761005728,0.0926250053775654,0.5414273843098569,-0.0800614234877717,8.476580734007044,0.12466930833901683,0.12656276068181693,0.04193909803265158,0.6000000000000001
33.549429006001446,11.62686385792457,6.004588259416963,0.9122601769216667,0.09076233572470668,0.5277452713275109,-0.06539767291407597,8.464755969714037,0.1234278683466015,0.1295881718726406,0.05281987564260324,0.6000000000000001
33.643872043001465,11.62686385792457,6.004588259416963,0.9122601769216667,0.09076233572470668,0.47538337697131516,-0.0011853284173666823,8.464755969714037,0.1234278683466015,0.1295881718726406,0.0,0.6000000000000001
33.645838242000536,11.657034605574987,6.007482924163834,0.9051224295124873,0.08683994240613167,0.49277647544332204,0.02702245652210547,8.453219063827584,0.12168602348646766,0.13248283661951188,0.008857873811702888,0.6000000000000001
33.6522010839999,11.686819058626444,6.010295945298214,0.8935335915436932,0.08439063403139743,0.5156569874679532,0.10605175730126526,8.441963867991088,0.11850955835895935,0.12266674458450479,0.016836032636137276,0.6000000000000001
33.7557295229999,11.744789046707645,6.01580395076137,0.8608687161375668,0.08190581421784295,0.5165563811255134,0.14171926718112363,8.420287667118847,0.10776575183207802,0.09569772066457141,0.02174908693506301,0.6020797289396148
33.76450171000033,11.744789046707645,6.01580395076137,0.8608687161375668,0.08190581421784295,0.49933355272215196,0.1771687863326918,8.420287667118847,0.10776575183207802,0.09569772066457141,0.02174908693506301,0.6020797289396148
33.767625957001655,11.744789046707645,6.01580395076137,0.8608687161375668,0.08190581421784295,0.4977439800546283,0.19985577421046555,8.420287667118847,0.10776575183207802,0.09569772066457141,0.02174908693506301,0.6020797289396148
33.873236381001334,11.772851405794338,6.01852076144653,0.8418707726007694,0.08150432055481947,0.4952880769711705,0.20603948021937962,8.409870823186536,0.10359405724389742,0.09354535541034435,0.0105245210296375,0.608276253029822
33.87562136800079,11.80007516090405,6.021143399249526,0.8167126532913906,0.07867913408986542,0.4614863797064836,0.19453100044214244,8.399855846440463,0.09962094699197839,0.09614331096014617,0.019355432623509902,0.6184658438426491
33.88267648800138,11.82621983074929,6.023763185867813,0.7843400953571743,0.07859359854861274,0.43977483863746214,0.18596200612715336,8.390213187757615,0.09593775908510224,0.09876309757843327,0.02539363996525841,0.6184658438426491
33.916028177000044,11.82621983074929,6.023763185867813,0.7843400953571743,0.07859359854861274,0.42779878025005835,0.21474722976595462,8.390213187757615,0.09593775908510224,0.09876309757843327,0.02539363996525841,0.6184658438426491
34.006401175000065,11.851413142834126,6.0265782015775855,0.755799362545097,0.08445047129315596,0.42779878025005835,0.21474722976595462,8.380708943130129,0.09260739629828682,0.10157811328820543,0.00010579436313917322,0.632455532033676
34.00854375000017,11.875704523114,6.029639741083917,0.7287414083962568,0.09184618518996338,0.433612861184423,0.2593678874360352,8.371272607984258,0.08855734788102747,0.10463965279453724,0.00037769813317596807,0.632455532033676
34.0104892090003,11.875704523114,6.029639741083917,0.7287414083962568,0.09184618518996338,0.42928576433204185,0.3072567337882215,8.371272607984258,0.08855734788102747,0.10463965279453724,0.00037769813317596807,0.632455532033676
34.11724040900117,11.89916883055883,6.033000386281732,0.7039292233448561,0.10081935593446092,0.4776490975744806,0.39885739129245673,8.361826391651196,0.08459572698433432,0.10800029799235222,0.0006107303404329428,0.632455532033676
34.15065090200005,11.921864424827243,6.036762394861191,0.680867828052399,0.11286025738376995,0.4892085832795023,0.4373758909189598,8.352249712547978,0.07919029232236156,0.11176230657181119,0.001709447685759665,0.65
34.244078192001325,11.94381553611106,6.0409549226167645,0.6585333385145281,0.12577583266718675,0.4857529981087207,0.4377861184626318,8.342501962937197,0.0735257158320357,0.10404332172491956,0.0027094977496709303,0.65
34.246156294000684,11.965082877651358,6.045592514188277,0.6380202462089551,0.13912774714538445,0.46504380644807064,0.4506576340472839,8.332547693640722,0.06584691121523335,0.09228431275255439,0.0037582898181435145,0.670820393249937
34.349280299000384,11.965082877651358,6.045592514188277,0.6380202462089551,0.13912774714538445,0.4725940650020951,0.45977573787234144,8.332547693640722,0.06584691121523335,0.09228431275255439,0.0,0.670820393249937
34.351262367001254,11.965082877651358,6.045592514188277,0.6380202462089551,0.13912774714538445,0.46491377113873783,0.4651152364933267,8.332547693640722,0.06584691121523335,0.09228431275255439,0.0,0.670820393249937
34.36063959400053,11.985605515579946,6.050670778000767,0.6156791378576438,0.15234791437471373,0.46004348904962467,0.4696435337835361,8.32240139382118,0.05894300026299678,0.08136349108387973,0.000532444872769994,0.6264982043070835
34.389348574000906,11.985605515579946,6.050670778000767,0.6156791378576438,0.15234791437471373,0.44794966810854203,0.49379551305972713,8.32240139382118,0.05894300026299678,0.08136349108387973,0.000532444872769994,0.6264982043070835
34.47300512700167,11.985605515579946,6.050670778000767,0.6156791378576438,0.15234791437471373,0.44794966810854203,0.49379551305972713,8.32240139382118,0.05894300026299678,0.08136349108387973,0.0,0.6264982043070835
34.47511227399991,12.005378555946235,6.056124754204965,0.5931912109886583,0.16361928612592103,0.4446373063490231,0.49803047940809203,8.312121748615333,0.05128244639430473,0.07123838371462042,0.0035357297273592423,0.651920240520265
34.50018940100017,12.005378555946235,6.056124754204965,0.5931912109886583,0.16361928612592103,0.44580205896936637,0.5598904500083013,8.312121748615333,0.05128244639430473,0.07123838371462042,0.0035357297273592423,0.651920240520265
34.602730033000626,12.024421927116306,6.061984843711045,0.5713011351021089,0.17580268518241565,0.44302498678502933,0.5667918472200193,8.30166922909884,0.0440395642655922,0.06191639585172109,0.0029085444954491794,0.651920240520265
34.60471116000008,12.042831427399111,6.068479488752274,0.552285008484154,0.19483935123687002,0.42304460770544716,0.5864522667366171,8.290793946220694,0.03768774334404228,0.053491320913545845,0.004971469266530476,0.651920240520265
34.60846293300165,12.042831427399111,6.068479488752274,0.552285008484154,0.19483935123687002,0.42222030127064153,0.6034107667251527,8.290793946220694,0.03768774334404228,0.053491320913545845,0.004971469266530476,0.651920240520265
34.7217304800015,12.060711704900614,6.075813256591986,0.5364083250450781,0.22001303519136062,0.41557286573391633,0.6061875030435457,8.279267458151974,0.03161991769703585,0.04603381241384419,0.0018491761196674972,0.6800735254367722
34.72391259000142,12.078085288117927,6.084032345801071,0.5212074965194048,0.2465726762725515,0.3901335753510333,0.6204970141729843,8.267035534899353,0.02618607710111842,0.03956060762229409,0.0026789032001849756,0.6800735254367722
34.73265019200153,12.095013397175524,6.093052685178753,0.5078432717278987,0.2706101813304568,0.38216339546272865,0.6227067216703811,8.25416116754627,0.02164668088284222,0.033968970057564336,0.003040130334228333,0.6800735254367722
34.73436652500095,12.095013397175524,6.093052685178753,0.5078432717278987,0.2706101813304568,0.36890558263823114,0.6244884587224131,8.25416116754627,0.02164668088284222,0.033968970057564336,0.003040130334228333,0.6800735254367722
34.84065094300058,12.111495890327829,6.102869773124548,0.49447479456911836,0.2945126383738484,0.3523176224872949,0.6135903511985441,8.240645633673864,0.017804540811618662,0.02925581683668559,0.0002773517592143729,0.6726812023536856
34.87741015500069,12.143176523681161,6.124884141887914,0.46851004092616844,0.3428277265851127,0.3169641713006441,0.6140714531255745,8.211676507740878,0.01157018400403154,0.022420735596377146,0.0003615826348989898,0.6726812023536856
34.992548017000445,12.158327721128199,6.137167383015654,0.4545359234111109,0.3684972338321918,0.3169641713006441,0.6140714531255745,8.196145101488199,0.009848978578406144,0.02039278423485493,0.013020050041203267,0.7071067811865476
35.00318752500061,12.173018533479162,6.150314265684544,0.4407243705288718,0.394406480066711,0.2887961354418993,0.6312471503233567,8.179899806641489,0.008451553085616278,0.019301061086986898,0.015543341003087168,0.6726812023536856
35.09341445600148,12.201038804383336,6.179130331141536,0.41344399857383257,0.44448920886270843,0.24686219486944092,0.7010391674949559,8.145319510829507,0.008178129823258471,0.01986377281171604,0.00567884799728786,0.7106335201775948
35.12127692100148,12.2143419216859,6.1947323782430646,0.3990935190769338,0.46806141304585835,0.20352391763630215,0.7582767093338816,8.127051283209044,0.008853440125078216,0.02148936166203449,0.007243734890101487,0.7106335201775948
35.20347640300133,12.227119991983107,6.211050645446809,0.38334210891623816,0.4895480161123337,0.20352391763630215,0.7582767093338816,8.108218142300721,0.01004968806700109,0.023992658901382722,0.0034872038805338,0.6800735254367722
35.20527144400148,12.239337170581583,6.228032442661511,0.3665153579542791,0.5094539164410427,0.1684506646921624,0.766740404997122,8.08887751103755,0.012105404469995647,0.027361753034683488,0.006533106191801177,0.6800735254367722
35.214998203000505,12.239337170581583,6.228032442661511,0.3665153579542791,0.5094539164410427,0.15642037871421377,0.725643219276166,8.08887751103755,0.012105404469995647,0.027361753034683488,0.006533106191801177,0.6800735254367722
35.23685234700133,12.239337170581583,6.228032442661511,0.3665153579542791,0.5094539164410427,0.15840172235229794,0.6926658334051713,8.08887751103755,0.012105404469995647,0.027361753034683488,0.006533106191801177,0.6800735254367722
35.31927692700083,12.250931806631256,6.245614601597621,0.3478390814901385,0.5274647680833231,0.15840172235229794,0.6926658334051713,8.06910299663875,0.014350227391760582,0.03159557107019369,8.190986527168628e-05,0.7211102550927979
35.32140263900146,12.261878229716546,6.263748589133943,0.32839269255867776,0.5440196260896479,0.13070610914723602,0.689868966955328,8.048945758090946,0.016833419437792978,0.03667794663373423,0.0010091528440415286,0.6946221994724903
35.33884000100079,12.272155221496353,6.2823695260239925,0.3083097533942438,0.5586281067014728,0.1238246971822961,0.7285992023590065,8.028472006673585,0.020143998385755615,0.042578006803034404,0.002694992897287777,0.6946221994724903
35.444626190001145,12.281810970210977,6.301527187622723,0.28967246143869635,0.574729847961897,0.10741959891651648,0.742183382449922,8.007620717381206,0.022860422694963408,0.049296873837630414,0.004020216721784292,0.670820393249937
35.44702944800156,12.281810970210977,6.301527187622723,0.28967246143869635,0.574729847961897,0.0962656372332209,0.7485602562198587,8.007620717381206,0.022860422694963408,0.049296873837630414,0.004020216721784292,0.670820393249937
35.45049169699996,12.290809126550668,6.32125356131643,0.26994469019074685,0.5917912108112353,0.08911289060775951,0.7527526198788654,7.986367620758806,0.025668216278494325,0.056882869078697676,0.007298895311376807,0.670820393249937
35.558607056000255,12.29907516425507,6.341567837694584,0.2479811311320793,0.6094282913446318,0.07553686527291392,0.7612251826562575,7.964709654538449,0.028900240367377008,0.06540226034626168,0.0015969684551224608,0.670820393249937
35.56064465000054,12.29907516425507,6.341567837694584,0.2479811311320793,0.6094282913446318,0.046479763223261306,0.764670055878603,7.964709654538449,0.028900240367377008,0.06540226034626168,0.0015969684551224608,0.670820393249937
35.583584883001095,12.306648018720141,6.362440784628284,0.2271856339521176,0.6261884080110041,0.04848741386015665,0.8104755819252996,7.94266541786472,0.0293536627197834,0.06835216568172875,0.0037022774072608057,0.696419413859206
35.681167564000134,12.319704735650507,6.405430682123329,0.1858317548664412,0.6501538450743838,0.021223943522383548,0.8169334594378476,7.897838198891788,0.029787995896750935,0.055295448751362386,0.008913475413011707,0.6800735254367722
35.68364833300075,12.325244526956961,6.427322178712576,0.16619373919360825,0.6567448976773865,-0.013036225552243097,0.8139035658175051,7.875261388574486,0.02948623462273395,0.04975565744490851,0.0127219672581297,0.6800735254367722
35.800611107000805,12.325244526956961,6.427322178712576,0.16619373919360825,0.6567448976773865,0.017061167881326,0.7882672587203727,7.875261388574486,0.02948623462273395,0.04975565744490851,0.002214744770742651,0.6800735254367722
35.80269943700114,12.330130514254128,6.449432402256077,0.1465796189149961,0.6633067063050349,0.010384054434606549,0.7827585834518846,7.852618834772485,0.028205655111097055,0.04486967014774201,0.005118724129932279,0.6800735254367722
35.92058074800116,12.338096259979002,6.494315423180463,0.11051473649301789,0.676509284612403,-0.018703775996400274,0.7592494969360373,7.8070956617150875,0.02594664510222301,0.03690392442286772,0.009495103600375003,0.6670832032063168
35.92258107000089,12.338096259979002,6.494315423180463,0.11051473649301789,0.676509284612403,-0.07056332582714148,0.7525344061097188,7.8070956617150875,0.02594664510222301,0.03690392442286772,0.009495103600375003,0.6670832032063168
35.95010886599994,12.341184425209944,6.517051047753597,0.09264495692827339,0.6820687371940036,-0.02453198983775956,0.7094467364218663,7.78424993422609,0.02489717205904907,0.03381575919192592,0.011656928471079764,0.6576473218982953
36.040943388001324,12.343684170145567,6.539966920790755,0.0749923480686653,0.6874761911147591,-0.02453198983775956,0.7094467364218663,7.761362345164364,0.02396503113906189,0.03131601425630315,0.0027541466801343627,0.6576473218982953
36.04308484900139,12.345579296800825,6.563122953385383,0.05685379965771661,0.69468097783884,-0.05461689464516983,0.6982302904053487,7.738378875423466,0.023283564282571625,0.02942088760104511,0.006151588017931087,0.651920240520265
36.05221607900057,12.346818607955589,6.586537412847657,0.03717933464291916,0.7024337838682213,-0.07056047815008792,0.6924154423817074,7.7152942291236535,0.02300668118807108,0.028181576446280943,0.008949845048179464,0.651920240520265
36.067734981001195,12.346818607955589,6.586537412847657,0.03717933464291916,0.7024337838682213,-0.10836841898512156,0.6501952268737715,7.7152942291236535,0.02300668118807108,0.028181576446280943,0.008949845048179464,0.651920240520265
36.159437066000464,12.347355424746318,6.610181964788066,0.016104503721878053,0.7093365582122707,-0.10836841898512156,0.6501952268737715,7.692147762995202,0.023114898258075858,0.027644759655551354,0.004501633117313798,0.65
36.16152579700065,12.347310514723677,6.633964382473289,-0.0013473006792466512,0.713472530556679,-0.1369335911461643,0.6395601460245355,7.669003082146703,0.0236484519853549,0.02768966967819253,0.009583363113347685,0.65
36.165974354000355,12.347310514723677,6.633964382473289,-0.0013473006792466512,0.713472530556679,-0.14735822222801598,0.6124065031773734,7.669003082146703,0.0236484519853549,0.02768966967819253,0.009583363113347685,0.65
36.20037343400145,12.346669278007337,6.657827778088196,-0.019237101490202253,0.7159018684472103,-0.13969684774801103,0.6012155140577295,7.645920219390141,0.024491264701686784,0.028330906394533173,0.01310393324258531,0.65
36.28418857500037,12.345449940790541,6.681713725131209,-0.0365801165038859,0.7165784112903956,-0.13969684774801103,0.6012155140577295,7.622953309982857,0.025799140685089848,0.029550243611328852,0.011184613726916023,0.65
36.297910748000504,12.34364421996178,6.705597298564218,-0.054171624862861,0.7165072029902838,-0.15674036607081662,0.5597739609463809,7.600130060536757,0.027403034949340443,0.031355964440090034,0.015568648786344622,0.65
36.39967459700165,12.3413497188042,6.729478570849073,-0.06883503472740754,0.7164381685456572,-0.16717690976508276,0.554069726944084,7.577429442041877,0.029401178352626182,0.033650465597670376,0.013242919600523305,0.65
36.54795737099994,12.338577924825179,6.753226477039639,-0.08315381937062777,0.7124371857169737,-0.16443052270207217,0.509665576595338,7.554977758046979,0.03152441050042619,0.03642225957669076,0.0011407093427626966,0.651920240520265
36.558121359001234,12.338577924825179,6.753226477039639,-0.08315381937062777,0.7124371857169737,-0.17984043936374394,0.5014651897508745,7.554977758046979,0.03152441050042619,0.03642225957669076,0.0011407093427626966,0.651920240520265
36.56010416800018,12.33534025888023,6.77667144499654,-0.09712997834845677,0.7033490387070469,-0.19269814874085972,0.5257411898073732,7.532938677996652,0.03404446279811424,0.039659925521640105,0.0017723560947627626,0.651920240520265
36.63991076500133,12.33165531994903,6.799742971439588,-0.11054816793598371,0.6921457932914273,-0.31298408298541314,0.5626925542978055,7.511377742499059,0.03651816278132554,0.04334486445283936,0.0004903811123199232,0.651920240520265
36.641902300001675,12.327545045740287,6.822417940750363,-0.1233082262622966,0.6802490793232415,-0.35266386192555166,0.558523810968382,7.490313557788618,0.039426114081927255,0.04745513866158291,0.001456401235147655,0.6576473218982953
36.761048352000216,12.323014213646037,6.844664143074619,-0.13592496282751984,0.667386069727671,-0.3998569094656467,0.5862593343798975,7.46977756574392,0.04195741370956031,0.05198597075583322,0.0020507172293864383,0.6576473218982953
36.77785029900042,12.318095739340144,6.866437942613111,-0.14755422917675515,0.6532139861547474,-0.4007799484433323,0.577145423850701,7.449805556672268,0.044916892789848555,0.05690444506172554,0.004538793146860789,0.6670832032063168
36.84049844400033,12.318095739340144,6.866437942613111,-0.14755422917675515,0.6532139861547474,-0.4011058754368688,0.5737590808239063,7.449805556672268,0.044916892789848555,0.05690444506172554,0.004538793146860789,0.6670832032063168
36.881757975001165,12.312796869475193,6.887734109601084,-0.15896609594854466,0.6388850096391924,-0.4011058754368688,0.5737590808239063,7.430402028394516,0.047239485617715744,0.06220331492667697,0.003310965845645997,0.6670832032063168
36.8836309440012,12.307163994019438,6.908536537900008,-0.16898626367261518,0.6240728489677139,-0.42016227265944556,0.5578516635310049,7.411572550482086,0.04978633878460949,0.06783619038243138,0.007000076102642205,0.6800735254367722
37.000267135001195,12.301220001780472,6.928827979036334,-0.1783197671690089,0.6087432340897698,-0.39684663718048585,0.5262546527390431,7.393329266051036,0.05146385329779455,0.07378018262139818,0.0039869494439215185,0.6800735254367722
37.01075439500164,12.294975229957126,6.948607540780774,-0.18734315470036572,0.593386852333202,-0.41878099771793,0.5065722584178904,7.3756713949474415,0.05294999564454526,0.08002495444474356,0.008322003948431573,0.632455532033676
37.01716511900122,12.288115764491813,6.967996942101593,-0.20578396395937376,0.5816820396245631,-0.4152269314122328,0.500819275903888,7.358559104930483,0.05378286755287788,0.08688441991005647,0.01275331112379509,0.65
37.12796221500139,12.280450083815651,6.987069418252527,-0.22997042028487044,0.5721742845280379,-0.4237195398204767,0.4952590576071235,7.341971353679127,0.0540836050668133,0.09367806287477685,0.0013519246846520772,0.65
37.13016268800129,12.280450083815651,6.987069418252527,-0.22997042028487044,0.5721742845280379,-0.4576781983248185,0.46102439074080576,7.341971353679127,0.0540836050668133,0.09367806287477685,0.0013519246846520772,0.65
37.15620360000139,12.272011942410911,7.0058765535620635,-0.2531442421422124,0.5642140592861071,-0.44793766584223454,0.43885910887113827,7.325853384554512,0.053939077671018215,0.08634607697061333,0.003520525907691241,0.670820393249937
37.25352242900044,12.262889582396772,7.024414412545038,-0.27367080042416675,0.5561357694892369,-0.4484669137763534,0.4309049146732361,7.310190564675224,0.05190696039666449,0.079688313801494,0.005515558624689115,0.670820393249937
37.25547939700118,12.25313535455895,7.042682491932115,-0.29262683513467747,0.5480423816122878,-0.46070472247930716,0.4097631954191202,7.294973572828184,0.05055394140732348,0.07366811163700154,0.008907332025840054,0.670820393249937
37.284160344001066,12.25313535455895,7.042682491932115,-0.29262683513467747,0.5480423816122878,-0.433002850211746,0.3977347449594194,7.294973572828184,0.05055394140732348,0.07366811163700154,0.008907332025840054,0.670820393249937
37.37059979600053,12.242780209481968,7.060644265981694,-0.3106543523094427,0.5388532214873827,-0.4285844708781324,0.3928628123376161,7.280233135027219,0.048057197486352836,0.06828941270850775,0.008876842053773076,0.651920240520265
37.37264813799993,12.242780209481968,7.060644265981694,-0.3106543523094427,0.5388532214873827,-0.45445898348902947,0.38309324587420995,7.280233135027219,0.048057197486352836,0.06828941270850775,0.008876842053773076,0.651920240520265
37.40023755600123,12.231868401054726,7.078284465307239,-0.32735425281726366,0.5292059797663254,-0.4677906588467642,0.3983740679126102,7.265975827177205,0.0459217555403088,0.06353172187784392,0.013201308987332365,0.651920240520265
37.48817667500043,12.220416975917075,7.09558704211995,-0.3435427541295132,0.5190773043813328,-0.47422956960667945,0.393873452132821,7.252215746166041,0.044374505571490766,0.05939433285065678,0.0050153530820398326,0.651920240520265
37.60979931700058,12.196001765876535,7.1292240795460105,-0.37388309334923153,0.4996957178048736,-0.48920514276238347,0.3599856012402946,7.2261280232726595,0.04070504379283486,0.05287351617142486,0.009153504293009668,0.6403124237432849
37.729366322000715,12.15570852235485,7.176621195450747,-0.4156721222543869,0.45916556983979573,-0.43484519216540374,0.31413332876941225,7.191205978229618,0.038363073336045786,0.047850319836685036,0.0003593905813780581,0.6726812023536856
37.73125370800153,12.15570852235485,7.176621195450747,-0.4156721222543869,0.45916556983979573,-0.4904552289389209,0.26631781062902005,7.191205978229618,0.038363073336045786,0.047850319836685036,0.0003593905813780581,0.6726812023536856
37.73989089300085,12.14152382871007,7.191405324649862,-0.42554080934338995,0.44352387597346576,-0.4686935009340008,0.2909072494647241,7.1808292906729605,0.03856146716556677,0.04742645489132915,0.0007525779048922762,0.6363961030678928
37.757697658000325,12.14152382871007,7.191405324649862,-0.42554080934338995,0.44352387597346576,-0.48816171890739835,0.2481928568937187,7.1808292906729605,0.03856146716556677,0.04742645489132915,0.0007525779048922762,0.6363961030678928
37.766213737000726,12.14152382871007,7.191405324649862,-0.42554080934338995,0.44352387597346576,-0.48816171890739835,0.2481928568937187,7.1808292906729605,0.03856146716556677,0.04742645489132915,0.0007525779048922762,0.6363961030678928
37.84814758600078,12.127032766231476,7.20565965182585,-0.4347318743578442,0.4276298152796473,-0.49335321285574907,0.2398446844673008,7.171089773666641,0.03881212959401683,0.047593852029149064,0.0010817249187700991,0.6726812023536856
37.85038067900132,12.112210935856583,7.219418504843259,-0.44465491124679785,0.41276559052225714,-0.5042056498201184,0.2156727229109384,7.161962515611314,0.03956456495270514,0.048345490526874355,0.002741859664262191,0.6726812023536856
37.86851114400088,12.097068698510295,7.232675491061516,-0.4542671203886038,0.39770958654772787,-0.501206833369447,0.197604313415924,7.153452293092785,0.04089843061078025,0.04967856438374337,0.004771166670526447,0.6403124237432849
37.97116655800164,12.06581166681462,7.257712285178097,-0.47369605263573106,0.3678088555750233,-0.5004093749587515,0.18193335968254082,7.138264729419206,0.04431761584952389,0.05407693655651344,0.0071836475877926735,0.6800735254367722
37.99707541800126,12.049857731701971,7.269452502508365,-0.47861805337947505,0.3522065199080332,-0.5035253141963322,0.16457995381516594,7.131582042979764,0.0467028617356367,0.0570564849744402,0.01008269490883718,0.651920240520265
38.12724241500109,12.033750706930979,7.28063958695654,-0.483210743129792,0.3356125334452495,-0.5142951069878737,0.15436235861782377,7.1255219166102135,0.04933062317730296,0.06053540813973791,0.007461248662130135,0.651920240520265
38.129383724000945,12.017544974384181,7.291300539079329,-0.4861719764039154,0.3198285636836784,-0.5128199199550626,0.12718828583739342,7.120042646140121,0.051932036900144724,0.06445615997774476,0.011871691187630633,0.651920240520265
38.175587050000104,12.001239042389384,7.301387246007998,-0.48917795984391804,0.30260120786005135,-0.5177535480110138,0.12042841412443442,7.11519029513149,0.05503233404047799,0.06885381619572871,0.016222200801546603,0.6946221994724903
38.217588614001215,11.984838633390392,7.310899349941293,-0.49201226996973546,0.28536311799885,-0.5299774763010974,0.10864745802994002,7.110963032067132,0.058540345083722536,0.0737245834185648,0.004423768212874673,0.670820393249937
38.240493141000115,11.968358869384742,7.319845072439394,-0.49439292016952785,0.26837167494302566,-0.6440939207540857,0.10816365216349633,7.107347940790225,0.06152745341358768,0.07905195525829432,0.007389300330663184,0.670820393249937
38.33630552100112,11.935190870490954,7.336020907872039,-0.49845743523051605,0.23474799137661873,-0.6434416696230962,0.10125730124887866,7.101958302183272,0.06898719006314018,0.09106722926869848,0.011568389782648658,0.65
38.36972487700041,11.935190870490954,7.336020907872039,-0.49845743523051605,0.23474799137661873,-0.6477835788206566,0.09582942414947393,7.101958302183272,0.06898719006314018,0.09106722926869848,0.011568389782648658,0.65
38.46511631500107,11.918505527410803,7.343313865742015,-0.5005602924045721,0.2187887360992775,-0.6477835788206566,0.09582942414947393,7.100121523665022,0.07169545200595251,0.09770864854233066,0.002686439443021634,0.65
38.46782172800158,11.901738049231685,7.3501006922142285,-0.5030243453735225,0.20360479416639926,-0.6844594291434003,0.0749956124479752,7.09883767031213,0.074783975647275,0.10476603504494239,0.005845303648469175,0.696419413859206
38.47738465300063,11.884878838711039,7.356360529832635,-0.5057763156193885,0.18779512855219743,-0.7471633522068624,0.10047731668098692,7.098128983245466,0.07742193284169671,0.1122609235004417,0.009499361730488133,0.6800735254367722
38.56882138900073,11.850677390958241,7.367398026907239,-0.5154882423009965,0.15796517882429123,-0.7313216617965923,0.0924419699376362,7.098406971119574,0.07940568980317188,0.10760208447894115,0.02026275769531542,0.6800735254367722
38.58247075700092,11.833335318979044,7.372137689358167,-0.5202621593759351,0.14218987352785833,-0.6702082372054494,0.07551453647153139,7.0994295578689055,0.07884032880081783,0.10286242202801255,0.02555327781293711,0.6670832032063168
38.599343496000074,11.833335318979044,7.372137689358167,-0.5202621593759351,0.14218987352785833,-0.6896437725754567,0.07766728057704911,7.0994295578689055,0.07884032880081783,0.10286242202801255,0.02555327781293711,0.6670832032063168
38.68937542599997,11.815627656013367,7.376351530460572,-0.5312298889703146,0.12641523307213984,-0.6958197503424188,0.07896341120415129,7.101112993602543,0.07887154033456455,0.09864858092560791,0.013024704813966082,0.6670832032063168
38.69131546100107,11.797548093675754,7.380031816942277,-0.5423868701284104,0.1104085944511551,-0.7047080504032707,0.05658282509727747,7.103467967285011,0.07843128893950645,0.09496829444390276,0.020208110215900413,0.6576473218982953
38.72036384100102,11.779154521040443,7.3831447225362385,-0.5518071790593617,0.0933871678188383,-0.7779193511056662,0.09104092546669801,7.10650888661935,0.07806539578760267,0.09185538884994138,0.02577076852807795,0.6576473218982953
38.815126201001476,11.76048243268528,7.385668846591526,-0.5601626506549221,0.07572372165860758,-0.8085978733341169,0.09616842657064037,7.1102450932021855,0.07804565353532629,0.08933126479465425,0.01126917028150528,0.6576473218982953
38.825707706000685,11.741348100316726,7.387706237143448,-0.574029971056623,0.06112171655766231,-0.8468983922773368,0.07023817062800791,7.114641687587821,0.07778487600096634,0.08729387424273227,0.01786998652528199,0.651920240520265
38.852525330999924,11.721648584533028,7.389343392383525,-0.5909854735109373,0.04911465720231308,-0.9965340093908197,0.13167964787805064,7.119653612416857,0.07797484135591568,0.08565671900265492,0.02484274757553064,0.651920240520265
38.93365231600001,11.701505186705914,7.39055840418921,-0.6043019348134294,0.03645035417053591,-0.9965340093908197,0.13167964787805064,7.125263777362538,0.07801451857688327,0.0844417071969703,0.01404835621475483,0.651920240520265
38.93578075900041,11.701505186705914,7.39055840418921,-0.6043019348134294,0.03645035417053591,-1.0263657532007597,0.10508555961971308,7.125263777362538,0.07801451857688327,0.0844417071969703,0.01404835621475483,0.651920240520265
38.956267033001495,11.660462795665273,7.391991438014131,-0.6189788529198939,0.016895994139821312,-1.0066138874058368,0.15310028973550555,7.137837252208054,0.07871555706418364,0.0830086733720492,0.02955414882583723,0.65
38.972837709001396,11.660462795665273,7.391991438014131,-0.6189788529198939,0.016895994139821312,-1.021105620377532,0.15908615271395662,7.137837252208054,0.07871555706418364,0.0830086733720492,0.02955414882583723,0.65
39.06358955300129,11.639551766385901,7.392285293005272,-0.6273308783811387,0.008815649734226202,-1.021105620377532,0.15908615271395662,7.144735271563818,0.07917324406132108,0.0827148183809081,0.009729405404181098,0.65
39.06557253900064,11.618194627307421,7.392399234280032,-0.6407141723544054,0.003418238242806652,-1.0284354856124633,0.1280943675347544,7.152011321314645,0.07976657745441454,0.08260087710614794,0.0198299487779092,0.65
39.080419313000675,11.596289104856028,7.392291857688919,-0.6571656735417781,-0.003221297733381199,-0.8904335019045895,0.13789865043064067,7.159742786503506,0.0803641635837572,0.08270825369726076,0.030030529026779714,0.65
39.20619445900047,11.57377555393947,7.3919871176452805,-0.6754065274967661,-0.009142201309158857,-0.7735586588579437,0.13433309900647425,7.1679318343376215,0.08117267115787953,0.08301299374089943,0.02045275923753462,0.65
39.25669657600156,11.550659561520648,7.391431512476402,-0.69347977256463,-0.016668155066373244,-0.7735586588579437,0.13433309900647425,7.176630673447028,0.0820527102282563,0.0835685989097783,0.031102896329738384,0.65
39.307742198001506,11.550659561520648,7.391431512476402,-0.69347977256463,-0.016668155066373244,-0.7772852966124295,0.08442975142932345,7.176630673447028,0.0820527102282563,0.0835685989097783,0.018286910729660464,0.65
39.3102453950014,11.502292451748819,7.389611494075651,-0.73663582457335,-0.031345582648241395,-0.7913672607489179,0.1442924547855077,7.1956513538860944,0.08443232568213874,0.08538861731052894,0.038252310655277746,0.65
39.406893698000204,11.476929939888752,7.388346148343701,-0.7608753558020175,-0.03796037195849152,-0.959730908756592,0.17084049672989599,7.206024837918951,0.08591773467909707,0.08665396304247874,0.014222853378955142,0.65
39.40973111099993,11.45075674069572,7.387084550414353,-0.7851959757909376,-0.03784793788045742,-0.9250948730893606,0.17051954209986186,7.216766843972086,0.0873290929595471,0.08791556097182696,0.02886252690151303,0.65
39.433788751000975,11.423805461447156,7.385768697417545,-0.8085383774569492,-0.039475589904243484,-0.7900308248093184,0.16397660263615116,7.227926341127042,0.08878894772210971,0.08923141396863521,0.042604616298854675,0.65
39.533032962001016,11.368775807033122,7.383073447774077,-0.8285907924051837,-0.04057994648993172,-0.7357776798546388,0.16410044232542303,7.250978409859265,0.09166178894736267,0.091926663612103,0.04576653713247841,0.65
39.54829174000042,11.341134047856432,7.38165628968881,-0.8292527753007306,-0.042514742557993604,-0.6585371970807241,0.1770282554749412,7.262746281660605,0.09313686797439419,0.09334382169736966,0.05962389856564222,0.65
39.67312887300068,11.3134324386705,7.380279334705414,-0.8310482755779823,-0.041308649501886265,-0.6865253766120907,0.1837356444294706,7.274586214585743,0.09456285213205237,0.09472077668076562,0.013639425121876155,0.65
39.77933088200007,11.285497531263424,7.3790395417536985,-0.8380472222122728,-0.03719378855146994,-0.7837950189051544,0.20552975480930422,7.286476077490038,0.09583909498658637,0.09596056963248145,0.015891833972024736,0.65
39.78953900200031,11.285497531263424,7.3790395417536985,-0.8380472222122728,-0.03719378855146994,-0.7502796476840874,0.20072440315718162,7.286476077490038,0.09583909498658637,0.09596056963248145,0.015891833972024736,0.65
39.79511676400034,11.22895210423483,7.377036006752311,-0.8515955329273185,-0.028325317148735485,-0.6573921689040405,0.1992666606072539,7.3103461528358915,0.09789378961056831,0.09796410463386884,0.046304445400022196,0.65
39.804194031001316,11.22895210423483,7.377036006752311,-0.8515955329273185,-0.028325317148735485,-0.6573921689040405,0.1992666606072539,7.3103461528358915,0.09789378961056831,0.09796410463386884,0.046304445400022196,0.65
39.90785075200074,11.22895210423483,7.377036006752311,-0.8515955329273185,-0.028325317148735485,-0.6387908052956284,0.1937412270415229,7.3103461528358915,0.09789378961056831,0.09796410463386884,0.0,0.65
40.01391089600111,11.200471358161282,7.376206477577064,-0.8544223822064241,-0.02488587525740284,-0.6395877869087634,0.1938806332181777,7.322340177635816,0.09873895564478033,0.09879363380911599,0.014999076844601451,0.65
40.034093834001396,11.144027627266333,7.3749476136740375,-0.8425011887452611,-0.016365317863099606,-0.668687183895493,0.1885427626750031,7.3460262909407845,0.10002045746370078,0.10005249771214242,0.0435694759559203,0.65
40.13583572600146,11.08909344497175,7.374197898458578,-0.8176321210938835,-0.010081429032324937,-0.7213750979704333,0.18604029904148456,7.368987189038334,0.10078318651668088,0.10080221292760161,0.06344033334256415,0.65
40.1681576910014,11.062115099462167,7.374085719816824,-0.8093503652875169,-0.003365359252618584,-0.6784221367520387,0.18040040718183048,7.380153628027517,0.10089968377254015,0.100914391569356,0.07246678083735529,0.65
40.25800047300072,11.035537130893937,7.374142926558869,-0.7973390570468684,0.001716202261355844,-0.6803653311982464,0.1565563615336108,7.391081520893127,0.10084569700133725,0.10085718482731121,0.026174437121337192,0.65
40.2600485030016,11.009339839162173,7.374312991295273,-0.7859187519529356,0.005101942092146575,-0.7133847316969748,0.15798570061759737,7.401827204741382,0.10067807461235298,0.10068712009090675,0.03843971181474469,0.65
40.37493877900124,10.958025630821028,7.374827935919245,-0.7641279959684972,0.008862808369898863,-0.8098686689534504,0.2183153163074648,7.422933532510566,0.10016644371163032,0.10017217546693491,0.02900852414677501,0.65
40.37804402100119,10.958025630821028,7.374827935919245,-0.7641279959684972,0.008862808369898863,-0.8355500144857082,0.17094655831139938,7.422933532510566,0.10016644371163032,0.10017217546693491,0.02900852414677501,0.65
40.37983397900098,10.958025630821028,7.374827935919245,-0.7641279959684972,0.008862808369898863,-0.789633201584049,0.22198047192856035,7.422933532510566,0.10016644371163032,0.10017217546693491,0.02900852414677501,0.65
40.38305806800054,10.932899366409442,7.3751473508986285,-0.753787932347589,0.009582449381500754,-0.7490066941351515,0.2166532949007262,7.4333148443622,0.0998481511627833,0.09985276048755143,0.04209978275188831,0.65
40.499269530000674,10.908060265302614,7.375467343700202,-0.7451730332048381,0.00959978404720437,-0.7501590061116711,0.22287868458864302,7.443642839066261,0.09952893702822016,0.09953276768597785,0.012132212114588108,0.65
40.50993894400017,10.883460497725133,7.3757250559271625,-0.7379930273244525,0.007731366808821029,-0.7488683405586363,0.20021033161065765,7.453992211773527,0.09927184303443774,0.09927505545901738,0.024198806410519465,0.65
40.527971973000604,10.883460497725133,7.3757250559271625,-0.7379930273244525,0.007731366808821029,-0.7950598650598283,0.24582457639051786,7.453992211773527,0.09927184303443774,0.09927505545901738,0.024198806410519465,0.65
40.61709123700166,10.858955297371388,7.375932049717217,-0.7351560106123723,0.00620981370161919,-0.798756588081034,0.2489728454535322,7.4644129417159855,0.09906524355431406,0.0990680616689632,0.011960465869323244,0.65
40.64329618000011,10.834523170023141,7.376041716450618,-0.7329638204473844,0.003290002002043518,-0.8137791842322889,0.26155626236582186,7.474955111974122,0.09895585344491767,0.09895839493556213,0.023969273899392664,0.65
40.740483351000876,10.810241519358234,7.376111388017673,-0.7284495199472129,0.002090147011658491,-0.8270959936665088,0.2642659356609305,7.485531973567412,0.098886290936408,0.09888872336850696,0.027478088242746102,0.65
40.75035105800089,10.786002303529907,7.3761988593336305,-0.7271764748498245,0.002624139478715778,-0.8389064547568235,0.23775645955005398,7.496137839676872,0.09879882164258315,0.09880125205254942,0.04035286385491697,0.65
40.752512222001315,10.786002303529907,7.3761988593336305,-0.7271764748498245,0.002624139478715778,-0.8116652527412503,0.20753376838376741,7.496137839676872,0.09879882164258315,0.09880125205254942,0.04035286385491697,0.65
40.76828531499996,10.76172424660871,7.376258885392679,-0.7283417076359241,0.0018007817714705164,-0.7683409077923524,0.25551612574129334,7.506848845017534,0.09873864838442732,0.09874122599350077,0.052187329578781264,0.65
40.85533348300123,10.73742454134965,7.376406033441743,-0.72899115777177,0.0044144414719168796,-0.7683409077923524,0.25551612574129334,7.517554758181427,0.0985912292393083,0.09859407794443698,0.02345427712931504,0.65
40.85732641700088,10.713142157440158,7.37658235733552,-0.7284715172847445,0.005289716813318337,-0.7876917479973082,0.23096603579867453,7.528290034489976,0.09841447062656342,0.09841775405065967,0.0349759366311745,0.65
40.871253949000675,10.713142157440158,7.37658235733552,-0.7284715172847445,0.005289716813318337,-0.8416257784413902,0.2609307306613396,7.528290034489976,0.09841447062656342,0.09841775405065967,0.0349759366311745,0.65
40.90183190600146,10.688884731125768,7.376744125866718,-0.7277227894317261,0.004853055935942634,-0.847757825467077,0.2613857401678452,7.539089926948384,0.09825209640985026,0.09825598551946157,0.045547439663581914,0.65
40.97601516800023,10.664576469445697,7.377090685307126,-0.7292478504021201,0.010396783212207042,-0.847757825467077,0.2613857401678452,7.5498108908680885,0.09790472621273431,0.09790942607905428,0.026305341791313722,0.65
40.98682376200122,10.64014310927713,7.377681689856306,-0.7330008050570146,0.017730136475411017,-0.7956415197402799,0.25825950794408903,7.560434720779996,0.09731263402708708,0.09731842152987369,0.03854575448296255,0.65
41.095642776001114,10.615458141083014,7.3785566355606385,-0.7405490458234653,0.026248371129973466,-0.801908081375945,0.25671481616182357,7.57098625463754,0.09643630546234769,0.09644347582554147,0.025459193243457273,0.65
41.10553093800081,10.590543870680428,7.379658039184048,-0.7474281120776041,0.03304210870229424,-0.8022747257945249,0.2284820156625165,7.581508978687706,0.09533305165928847,0.09534207220213187,0.037266852888763496,0.65
41.12738759400054,10.565437382128168,7.380968803511464,-0.7531946565678007,0.039322929822477,-0.7726982112010873,0.24210797286069727,7.592003234920487,0.0940199753770487,0.09403130787471614,0.04804485408643576,0.65
41.14140082900121,10.565437382128168,7.380968803511464,-0.7531946565678007,0.039322929822477,-0.7726982112010873,0.24210797286069727,7.592003234920487,0.0940199753770487,0.09403130787471614,0.04804485408643576,0.65
41.21412135600076,10.540050776145323,7.382543319287063,-0.7615981794853746,0.04723547326796693,-0.7726982112010873,0.24210797286069727,7.6024642540217435,0.09244238751227883,0.09245679209911728,0.012020379471071698,0.65
41.22866947000148,10.514298270034157,7.3844438557149275,-0.7725751833349559,0.057016092835933466,-0.903528216294991,0.17200064764105338,7.612880612706666,0.09053793698203735,0.09055625567125247,0.016045611009207972,0.65
41.33490466500007,10.488246430853698,7.386589121409004,-0.7815551754137899,0.06435797082229666,-0.9333743730826882,0.15424738990264725,7.623296496203265,0.08838757941030818,0.08841098997717634,0.006188344908269746,0.65
41.475942267999926,10.435579577192936,7.391480407979315,-0.7925620011351538,0.0761713548265272,-0.9796096491309458,0.0683852382483622,7.644096555617994,0.0834812996408158,0.0835197034068651,0.008675519722480362,0.65
41.4777152530005,10.40903306709053,7.3941775511745655,-0.796395303072204,0.08091429585751715,-0.9839180049468865,-0.0039110906462654915,7.654494863477425,0.08077274756584542,0.08082256021161438,0.010838224363906928,0.65
41.499059352001495,10.382420684212951,7.396990211209119,-0.7983714863273499,0.08437980103661835,-1.0064530842651966,0.012400409621809036,7.664902882476337,0.07794663043500721,0.07800990017706066,0.01251359142174703,0.65
41.57469153300008,10.355750141844789,7.3998896862179055,-0.8001162710448594,0.08698425026357554,-1.0064530842651966,0.012400409621809036,7.67534267750597,0.07502774952178076,0.07511042516827438,0.007254326194681544,0.65
41.5846822600015,10.329026226931834,7.4027985515076065,-0.8017174473886484,0.08726595869102975,-1.0011498521808357,-0.03220752119871319,7.685879939138821,0.07209717511740824,0.07220155987857346,0.008496686180883293,0.7000000000000001
41.697471251000024,10.275217636494373,7.408216781021,-0.8109931973581598,0.07734891469495979,-0.9171404620524017,-0.04475491661647961,7.70771838989935,0.06661068486242033,0.0667833303651797,0.0031071601601407135,0.7000000000000001
41.81412041900148,10.275217636494373,7.408216781021,-0.8109931973581598,0.07734891469495979,-0.8934561714154897,-0.05472509728820285,7.70771838989935,0.06661068486242033,0.0667833303651797,0.0,0.7000000000000001
41.81611905400132,10.247894933612903,7.410438230041357,-0.8196810864441137,0.06664347061070183,-0.8863711979967352,-0.0594447938274232,7.71938793665517,0.06433206664146221,0.06456188134482321,0.0011664189697726608,0.7000000000000001
41.817619450001075,10.247894933612903,7.410438230041357,-0.8196810864441137,0.06664347061070183,-0.879786704677097,-0.091707744370648,7.71938793665517,0.06433206664146221,0.06456188134482321,0.0011664189697726608,0.7000000000000001
41.86355363800067,10.220180933396962,7.412185973472806,-0.8314200064782189,0.05243230294349326,-0.8596990915731607,-0.07064255820074028,7.731743169750941,0.06251991188099958,0.06281413791337354,0.002626931441544926,0.7000000000000001
41.93542253600026,10.220180933396962,7.412185973472806,-0.8314200064782189,0.05243230294349326,-0.850768623794705,-0.07482378585342916,7.731743169750941,0.06251991188099958,0.06281413791337354,0.000765475598281104,0.7000000000000001
41.937365123001655,10.192070230443576,7.413302039837956,-0.8433210886016033,0.03348199095447844,-0.840428575731502,-0.07827062980187181,7.744923801705253,0.06130925315608859,0.06169807154822404,0.002195912546173104,0.7000000000000001
42.0574602730012,10.134473438579318,7.413855110760948,-0.8706075592422357,-0.0006359775208313514,-0.8025293033897455,-0.08889147403134945,7.773669300223056,0.06047917098014554,0.06114500062523209,0.0036356228882753064,0.7000000000000001
42.06036634300108,10.105192058436208,7.413231438461592,-0.8784414042933478,-0.018710168980681355,-0.7890973955507491,-0.14222465390095682,7.789182517155415,0.060878293469681724,0.061768672924587875,0.0055656782684140324,0.7000000000000001
42.071417345001464,10.105192058436208,7.413231438461592,-0.8784414042933478,-0.018710168980681355,-0.7743327377328142,-0.12158452479443693,7.789182517155415,0.060878293469681724,0.061768672924587875,0.0055656782684140324,0.7000000000000001
42.08613911300017,10.075775386456431,7.4119845036685,-0.8825001593932604,-0.03740804379275006,-0.7155994173193867,-0.12225535289317052,7.805378595521178,0.06186988604413163,0.06301560771767978,0.008006635802149286,0.7000000000000001
42.17439422700045,10.046289018678058,7.410077044978396,-0.8845910333512176,-0.05722376070312247,-0.7010201432282802,-0.1490214426566726,7.822252991575706,0.06336653499478155,0.06492306640778356,0.00795103805666079,0.7000000000000001
42.19292507400132,10.01680484740753,7.407603868632901,-0.8845251381158568,-0.0741952903648675,-0.6476940679790225,-0.1475588852693186,7.839684217702391,0.06534911275374576,0.06739624275327927,0.01186386171497629,0.7000000000000001
42.19912010900043,10.01680484740753,7.407603868632901,-0.8845251381158568,-0.0741952903648675,-0.6476940679790225,-0.1475588852693186,7.839684217702391,0.06534911275374576,0.06739624275327927,0.01186386171497629,0.7000000000000001
42.29452309100088,9.987362470026374,7.404546589367942,-0.883271321434679,-0.09171837794876173,-0.6396039306804817,-0.1542019348304547,7.857664018453067,0.06774672683774165,0.07045352201823807,0.0064257630718839095,0.7000000000000001
42.29640526300136,9.958031872649594,7.400926722263287,-0.8799179213034396,-0.10859601313965796,-0.6233475926306973,-0.1787661410832448,7.876133743688761,0.07045071947494533,0.0740733891228933,0.012757140515743207,0.7000000000000001
42.41239524100092,9.899995370929053,7.39207561690441,-0.8668368856052562,-0.1410293345883099,-0.5748052907095378,-0.1774448311145317,7.914309092621144,0.0765866782275255,0.08292449448176953,0.017148791674548247,0.651920240520265
42.42691909200039,9.871460178826899,7.3869552322989955,-0.8560557630646211,-0.15361153816244053,-0.5216922112136212,-0.18147026454823117,7.933821215051702,0.0797167402739516,0.08804487908718439,0.024375325492934974,0.651920240520265
42.456736243000705,9.871460178826899,7.3869552322989955,-0.8560557630646211,-0.15361153816244053,-0.5110435303425409,-0.18476320776207258,7.933821215051702,0.0797167402739516,0.08804487908718439,0.024375325492934974,0.651920240520265
42.536301023001215,9.843403770518108,7.381402625463647,-0.8416922492637131,-0.16657820506047302,-0.5023930920810449,-0.18824476027283613,7.953499993208413,0.08265354393056863,0.09359748592253325,0.0012482821537132907,0.6576473218982953
42.53822291100005,9.843403770518108,7.381402625463647,-0.8416922492637131,-0.16657820506047302,-0.5183412933074005,-0.21787887390162755,7.953499993208413,0.08265354393056863,0.09359748592253325,0.0012482821537132907,0.6576473218982953
42.543487128999914,9.815919315198741,7.375371798386172,-0.8245336595810403,-0.18092481232426075,-0.5373729543896801,-0.26888200652957933,7.973328775601019,0.08502857258187442,0.09962831300000818,0.0032216502227543557,0.6576473218982953
42.651561231001324,9.789058033000003,7.368872564410072,-0.8058384659621017,-0.19497701928300049,-0.5487248951402361,-0.3088927987695307,7.993265740421322,0.08724092694596419,0.10612754697610782,0.0036917795951895453,0.6670832032063168
42.65361757500068,9.762855799819034,7.3618952427886795,-0.7860669954290899,-0.20931964864178562,-0.5423352693658642,-0.33995432767202854,8.013293675656547,0.08791753820946914,0.11310486859750046,0.0077892610074708326,0.6670832032063168
42.68084271400039,9.762855799819034,7.3618952427886795,-0.7860669954290899,-0.20931964864178562,-0.5592404399987777,-0.3815981603916712,8.013293675656547,0.08791753820946914,0.11310486859750046,0.0077892610074708326,0.6670832032063168
42.77377895100108,9.737391090201355,7.354466703241032,-0.7639412885303652,-0.22285618642943417,-0.5604342514026999,-0.38506330850803494,8.033341518791445,0.08721682038658943,0.1205334081451479,0.005967350856093058,0.6800735254367722
42.77682040000036,9.712774553548558,7.346684344641734,-0.7384960995838956,-0.23347075797894934,-0.516703694394601,-0.34053398962178283,8.053261417518874,0.08537126260644025,0.11744348982593958,0.011888165940838443,0.632455532033676
42.89417749600034,9.689005109455975,7.338587462086379,-0.7130833227774889,-0.2429064766606343,-0.4967018625383577,-0.33752531726156704,8.073015262729347,0.07970420595029065,0.10636131528440113,0.00018266787172949408,0.65
42.933256991000235,9.666040628329226,7.3302030321060965,-0.6889344338024752,-0.2515328994084919,-0.5513167984624708,-0.4725568161043456,8.092598266078243,0.07438862912133246,0.09605166224868816,0.00024194172685263078,0.65
43.01421477900112,9.64385674043064,7.321612273204718,-0.6655166369575343,-0.25772276704133923,-0.559196948392285,-0.49529542520660186,8.111951240273472,0.06764441364737184,0.08643986855721907,0.0026362284499314805,0.670820393249937
43.016075179000836,9.64385674043064,7.321612273204718,-0.6655166369575343,-0.25772276704133923,-0.537567341249295,-0.5178852055025552,8.111951240273472,0.06764441364737184,0.08643986855721907,0.0026362284499314805,0.670820393249937
43.03646206000121,9.62237803243898,7.3128052547449505,-0.6443612397498046,-0.26421055379302816,-0.5320777468052086,-0.5238700773181715,8.131119910221638,0.061502084537011406,0.07747963096012818,0.0042255564320732774,0.670820393249937
43.13182860500092,9.601472841857467,7.303626000806553,-0.6271557174454214,-0.27537761815191975,-0.5198780785456032,-0.5350145387757765,8.150303437876325,0.05520489265439484,0.06918814164401565,0.004091866184038634,0.670820393249937
43.1338858500003,9.581037849596852,7.293912641744929,-0.613049767818443,-0.291400771848739,-0.48902164806386517,-0.5585329495530033,8.169690572168308,0.04912593654608408,0.0616068021036154,0.006123377308948109,0.651920240520265
43.27220221800053,9.561070280269355,7.283625539717129,-0.5990270798248724,-0.30861306083402373,-0.43648428764716213,-0.5746278062077955,8.189312778460149,0.04378664335104574,0.05476167803094561,0.00015428800038861512,0.651920240520265
43.274144013001205,9.541575735301093,7.272745981191587,-0.5848363490478753,-0.3263867557662367,-0.42737759613866194,-0.581940227713099,8.209179570111218,0.038569735672558454,0.048669962697468074,0.0004357390343404982,0.6800735254367722
43.275463773999945,9.541575735301093,7.272745981191587,-0.5848363490478753,-0.3263867557662367,-0.40240941540419056,-0.6066227030209554,8.209179570111218,0.038569735672558454,0.048669962697468074,0.0004357390343404982,0.6800735254367722
43.29922088800049,9.522609354562414,7.261415851726412,-0.5689914221603704,-0.33990388395525895,-0.39111851598812597,-0.6208333157554281,8.229139582845725,0.033844483697588836,0.04327031763912963,0.0013089987288707257,0.6800735254367722
43.376291114000196,9.504080951457995,7.249457808491937,-0.5558520931325487,-0.3587412970342245,-0.39111851598812597,-0.6208333157554281,8.2493878693139,0.029876771437566167,0.0386243716202553,0.0018882061728568399,0.6403124237432849
43.39209894800115,9.468209984730207,7.223375870044477,-0.5321390898451992,-0.40186334035717175,-0.3854552603814036,-0.6448641300586047,8.291045662052495,0.023185803070311675,0.031702483342007926,0.0036450418006681285,0.6726812023536856
43.49149058100011,9.468209984730207,7.223375870044477,-0.5321390898451992,-0.40186334035717175,-0.36087207789313464,-0.6606240939537052,8.291045662052495,0.023185803070311675,0.031702483342007926,0.0,0.6726812023536856
43.49338198000078,9.450925043780781,7.209272815320395,-0.518548228482749,-0.4230916417224721,-0.34268420747132894,-0.6663506783188681,8.312401523159672,0.02097436210624718,0.02945255001510477,0.003664107443659274,0.6726812023536856
43.50060236900026,9.450925043780781,7.209272815320395,-0.518548228482749,-0.4230916417224721,-0.30009135943672527,-0.7550975144005095,8.312401523159672,0.02097436210624718,0.02945255001510477,0.003664107443659274,0.6726812023536856
43.611249744000816,9.434121173851539,7.1944841115336535,-0.504116097877276,-0.44366111360222155,-0.3057891640570194,-0.7737872866354155,8.334061129255154,0.01908925193832978,0.028027612370524327,0.003383108240713317,0.6726812023536856
43.621488546001274,9.417825734593235,7.179074848380839,-0.4888631777490956,-0.4622778945844238,-0.276909956050654,-0.7905999226772897,8.355953614396867,0.017848156339115538,0.027400991237005828,0.005977959736557973,0.6726812023536856
43.62323709300108,9.417825734593235,7.179074848380839,-0.4888631777490956,-0.4622778945844238,-0.2660654527676836,-0.7997444114614112,8.355953614396867,0.017848156339115538,0.027400991237005828,0.005977959736557973,0.6726812023536856
43.7302941070011,9.386998877709804,7.1464777616723545,-0.45321944503086936,-0.4977672607274997,-0.26115505351820106,-0.8104609921494986,8.400229228873801,0.01718692673071428,0.028652732750560607,0.0029868539549227024,0.6800735254367722
43.78050795700074,9.386998877709804,7.1464777616723545,-0.45321944503086936,-0.4977672607274997,-0.22676233617643654,-0.7083406461514685,8.400229228873801,0.01718692673071428,0.028652732750560607,0.0029868539549227024,0.6800735254367722
43.85266498400051,9.372550637008503,7.129297855891892,-0.4334472210389978,-0.5153971734138861,-0.22676233617643654,-0.7083406461514685,8.422556966950243,0.017681185793199574,0.03058431165196733,0.0010929885650470712,0.6800735254367722
43.86420486700081,9.372550637008503,7.129297855891892,-0.4334472210389978,-0.5153971734138861,-0.20275823070421678,-0.7001233133315468,8.422556966950243,0.017681185793199574,0.03058431165196733,0.0010929885650470712,0.6800735254367722
43.96823309700085,9.345430592554036,7.093265366805455,-0.3976297120765613,-0.5487819760097961,-0.19892524857852453,-0.8440832744152582,8.467600632424096,0.019899742087426064,0.036886361688182295,4.742631058839413e-05,0.6946221994724903
43.97009646100014,9.345430592554036,7.093265366805455,-0.3976297120765613,-0.5487819760097961,-0.14628279588358728,-0.8692218347136791,8.467600632424096,0.019899742087426064,0.036886361688182295,4.742631058839413e-05,0.6946221994724903
44.00638618800076,9.332827176190111,7.074386359493537,-0.37810249091772996,-0.5663702193575482,-0.19170775671711152,-0.9230967547624893,8.49029939152572,0.021650758320581154,0.04132387460346122,0.0011485596548843715,0.6946221994724903
44.0910296810016,9.332827176190111,7.074386359493537,-0.37810249091772996,-0.5663702193575482,-0.19020491236419168,-0.9296884215553926,8.49029939152572,0.021650758320581154,0.04132387460346122,0.0008537949648426747,0.6946221994724903
44.20940026500102,9.320905678081617,7.054943739212303,-0.3576449432548111,-0.583278608437022,-0.18450134207424385,-0.8937497210219258,8.51308171319038,0.023713073004458206,0.046642111093938204,0.0018554209311687293,0.6946221994724903
44.211459292000654,9.309712861974097,7.034845653592359,-0.3357844832256211,-0.6029425685983245,-0.1542554549189808,-0.8919328132269511,8.535997704035491,0.025178244530040094,0.05293908755446726,0.00468594904610644,0.670820393249937
44.22735593800098,9.299273409600776,7.014106688989704,-0.31318357119964185,-0.622168938079618,-0.15397891000667652,-0.8823108034224927,8.559022129354883,0.02762375906756453,0.060221942494741464,0.008021275698695183,0.7158910531638177
44.33293873000002,9.289597896826306,6.992748419622639,-0.29026538323409684,-0.6407480810119603,-0.14394001058918526,-0.8968084375077439,8.582132218801712,0.027558445135762808,0.0645977593630942,0.002566098820371614,0.696419413859206
44.334877358000085,9.289597896826306,6.992748419622639,-0.29026538323409684,-0.6407480810119603,-0.10766824959516147,-0.9114206487779138,8.582132218801712,0.027558445135762808,0.0645977593630942,0.002566098820371614,0.696419413859206
44.34644695700081,9.280646457822401,6.9709319533617204,-0.26854317011715895,-0.6544939878275489,-0.13082582194407372,-0.9290709139622376,8.605218171441019,0.02777324697822118,0.05564632035918926,0.00512984168272607,0.696419413859206
44.376423874000466,9.272428658952258,6.948536732955329,-0.24653396610430997,-0.6718566121917449,-0.12553834093100136,-0.9891635539778451,8.628375971919324,0.026939195871505842,0.04742852148904575,0.00851720655491628,0.6800735254367722
44.45163706800122,9.264859078758224,6.925394923881558,-0.22708740582100903,-0.6942542722131461,-0.12436658242178722,-1.0087685802439297,8.651794364554169,0.0262516914564381,0.03985894129501233,0.010686471255093912,0.6800735254367722
44.453469764001056,9.257888280536454,6.9014937520571715,-0.209123946653124,-0.7170351547315912,-0.09385565160805288,-1.0155953552908603,8.675513708446212,0.025449838437965524,0.03288814307324195,0.014057181284286789,0.6800735254367722
44.48390624500098,9.257888280536454,6.9014937520571715,-0.209123946653124,-0.7170351547315912,-0.12762600845724323,-1.0437075050399018,8.675513708446212,0.025449838437965524,0.03288814307324195,0.014057181284286789,0.6800735254367722
44.57297131500127,9.257888280536454,6.9014937520571715,-0.209123946653124,-0.7170351547315912,-0.12865191918747312,-1.048621757300143,8.675513708446212,0.025449838437965524,0.03288814307324195,0.0,0.6800735254367722
44.57489765900027,9.251542765319927,6.876867414632006,-0.19036545649582964,-0.7387901227549702,-0.12992539858031163,-1.0478585669280809,8.69949319801599,0.02501400452010151,0.02654262785671513,0.006998859631570475,0.6670832032063168
44.61778693500128,9.245860621885413,6.8516255526939345,-0.17046430303542637,-0.757255858142134,-0.10052865785748438,-0.8828925314547863,8.72362317105239,0.025337793191894265,0.020860484422200898,0.01475053539891451,0.7158910531638177
44.68846143400151,9.240799268122903,6.825883840846839,-0.15184061287530137,-0.7722513554128557,-0.10052865785748438,-0.8828925314547863,8.747833883283795,0.026368079798575222,0.01579913065969052,0.010234398512550738,0.7071067811865476
44.69060588400134,9.236350574049833,6.79964955638662,-0.13346082219209096,-0.7870285338065741,-0.06695249202252129,-0.8632095411968367,8.772126443349494,0.029022358463519127,0.025951513177996308,0.016131081124124393,0.70178344238091
44.71796973000164,9.232424458557562,6.772823676132629,-0.11778346476814257,-0.8047764076197284,-0.09966273409996715,-0.9806736987008919,8.79663597818457,0.03273413935397413,0.042144092128584915,0.02266955206398991,0.70178344238091
44.807371014001546,9.228961277613802,6.745352413593339,-0.10389542831279386,-0.8241378761787056,-0.10406518456320757,-1.0151671903673458,8.82144315603876,0.03479523770539929,0.053961140895648185,0.012859286592189705,0.7000000000000001
44.80931294900074,9.225902588779935,6.717227621796888,-0.09176066501601368,-0.8437437538935261,-0.07479284906057437,-1.0530343486538525,8.846589939768936,0.03662705290373119,0.05090245206178068,0.01807811552458897,0.7000000000000001
44.81087072199989,9.225902588779935,6.717227621796888,-0.09176066501601368,-0.8437437538935261,-0.07973282431513162,-1.0847325422641187,8.846589939768936,0.03662705290373119,0.05090245206178068,0.01807811552458897,0.7000000000000001
44.84927782200066,9.223214131832457,6.688449142807149,-0.08065370842433578,-0.8633543696921928,-0.13894504211602754,-1.1845059931299589,8.872098202382272,0.03717478479730047,0.04821399511430258,0.022673673023459788,0.7000000000000001
44.929714871001124,9.220948973989916,6.65904603919564,-0.06795473527619555,-0.8820931083452817,-0.14156597612554545,-1.1947718922350214,8.897917439559672,0.03768532738674019,0.045948837271762244,0.01650856240466358,0.7000000000000001
44.93381074200079,9.21918587103336,6.629118506436154,-0.052893088696668505,-0.8978259827845484,-0.115968237197423,-1.0962591458075888,8.92392384841977,0.03801911302852284,0.04418573431520656,0.022007914560255176,0.7000000000000001
45.07659999200041,9.217353926981797,6.568429772208684,-0.01942777605342802,-0.9109334503386517,-0.11188260951775297,-1.0513293844322573,8.975788699078906,0.038916175631026756,0.042353790263643276,0.016362894158244188,0.7000000000000001
45.08774165400064,9.21715684848439,6.507449689664103,0.0014073900047568968,-0.9165992820376436,-0.12529019902112087,-1.0459092754355463,9.027124539812476,0.040205111669030326,0.04215671176623559,0.02724678126638241,0.7000000000000001
45.169097600000896,9.217378226516729,6.476626481379542,0.00664134097019068,-0.9246962485368307,-0.12529019902112087,-1.0459092754355463,9.052945332172097,0.04094802703877496,0.04237808979857505,0.024583739770374344,0.7000000000000001
45.17996972900073,9.217378226516729,6.476626481379542,0.00664134097019068,-0.9246962485368307,-0.09494293352929256,-1.0821408045953733,9.052945332172097,0.04094802703877496,0.04237808979857505,0.024583739770374344,0.7000000000000001
45.18151215200123,9.217699577392612,6.445333084137479,0.009640526276462348,-0.9388019172618869,-0.13339536252772433,-1.0884640684920437,9.079139992829305,0.041613130169943016,0.042699440674457634,0.029467672431387464,0.7000000000000001
45.21858432800036,9.217699577392612,6.445333084137479,0.009640526276462348,-0.9388019172618869,-0.15491994134955644,-1.1561593849562892,9.079139992829305,0.041613130169943016,0.042699440674457634,0.029467672431387464,0.7000000000000001
45.28915423500075,9.218244025835824,6.413444109443989,0.016333453296398764,-0.9566692408046826,-0.15491994134955644,-1.1561593849562892,9.105749988327645,0.04244910466866761,0.04324388911767052,0.009103607080707246,0.7000000000000001
45.31663987100001,9.219048463579998,6.380927435165344,0.024133132325221553,-0.9755002283593514,-0.17178256779548007,-1.1717731562257874,9.132785399978685,0.04346691534434074,0.044048326861844345,0.018385916621504135,0.7000000000000001
45.408429893001085,9.220112870039223,6.347876703460359,0.03193219377674608,-0.9915219511495753,-0.1713751595019486,-1.1774715982040604,9.160169976911424,0.04468163391969339,0.04511273332106924,0.02196402039905776,0.7000000000000001
45.41064263200133,9.22153090006656,6.314420010706637,0.04254090082006945,-1.0037007826116708,-0.13766164148961402,-1.1839052965482137,9.187748175080259,0.04622030657152127,0.04653076334840556,0.030301397780043496,0.7000000000000001
45.433052154001416,9.22153090006656,6.314420010706637,0.04254090082006945,-1.0037007826116708,-0.13741914047792164,-1.075032455884632,9.187748175080259,0.04622030657152127,0.04653076334840556,0.030301397780043496,0.7000000000000001
45.52982257900112,9.223064439391733,6.280697939672299,0.04600617975521272,-1.0116621310301357,-0.13449033172296487,-1.0676660691784132,9.215529565519851,0.047839664643159766,0.04806430267357875,0.01345439116309962,0.7000000000000001
45.531527862000075,9.224468926507674,6.246679947056139,0.04213461347822602,-1.0205397784847996,-0.09731493854828543,-1.0630427787090608,9.243670218184949,0.049303636243867355,0.04946878978952007,0.024843834132410127,0.7000000000000001
45.56012881600145,9.225794244517806,6.212358108976995,0.039759540303965335,-1.0296551423743188,-0.11380852820545323,-0.9649615578140711,9.27215057836081,0.050675839255333324,0.050794107799651655,0.033619745710595866,0.7000000000000001
45.648623365001185,9.225794244517806,6.212358108976995,0.039759540303965335,-1.0296551423743188,-0.1041535018549532,-0.9767405571913098,9.27215057836081,0.050675839255333324,0.050794107799651655,0.011745901923385616,0.7000000000000001
45.651017789001344,9.225794244517806,6.212358108976995,0.039759540303965335,-1.0296551423743188,-0.1070958532721592,-0.9835643206792937,9.27215057836081,0.050675839255333324,0.050794107799651655,0.011745901923385616,0.7000000000000001
45.652559852000195,9.22703887380462,6.177705612275173,0.03733887860443197,-1.0395749010546376,-0.11276705526656294,-1.0016236401322054,9.30099449000953,0.05195468534152164,0.052038737086466114,0.023004339256432915,0.7000000000000001
45.66496492600163,9.22703887380462,6.177705612275173,0.03733887860443197,-1.0395749010546376,-0.0937420010512987,-1.0304629935042036,9.30099449000953,0.05195468534152164,0.052038737086466114,0.023004339256432915,0.7000000000000001
45.76751966200027,9.229600308001299,6.107409186173899,0.03876124245029949,-1.0596480560727526,-0.13523496920579658,-1.0727577279149052,9.359610092150122,0.05455634960464843,0.05460017128314476,0.026098623419154164,0.7000000000000001
45.76945352000075,9.229600308001299,6.107409186173899,0.03876124245029949,-1.0596480560727526,-0.06942321806792323,-1.097911946253008,9.359610092150122,0.05455634960464843,0.05460017128314476,0.026098623419154164,0.7000000000000001
45.887239876999956,9.232368136234305,6.035745580078074,0.04285123424234195,-1.079731940642705,-0.1391022002828679,-1.006194312236861,9.419450053499801,0.05734609551768996,0.0573679995161509,0.030126743523778397,0.7000000000000001
45.8891578340008,9.234036721299232,5.999558802494217,0.05005755194778362,-1.085603327515709,-0.07323011999356172,-1.0049570012839855,9.449589738391463,0.05902115704933839,0.059036584581077634,0.04043161091916606,0.7000000000000001
45.898284910001166,9.234036721299232,5.999558802494217,0.05005755194778362,-1.085603327515709,-0.08225636269025599,-0.9124256060132251,9.449589738391463,0.05902115704933839,0.059036584581077634,0.04043161091916606,0.7000000000000001
46.03226451299997,9.23813295320659,5.927191604570448,0.06602394685743186,-1.0848121083404851,-0.11337506349694493,-0.9138559466830826,9.509602949077287,0.06312589450863229,0.0631328164884355,0.028754503049831258,0.7000000000000001
46.05409755000073,9.23813295320659,5.927191604570448,0.06602394685743186,-1.0848121083404851,-0.10270811047444489,-0.9181400948153529,9.509602949077287,0.06312589450863229,0.0631328164884355,0.028754503049831258,0.7000000000000001
46.13388430100167,9.240585119121892,5.891073530243746,0.07356497745910322,-1.0835422298010333,-0.10270811047444489,-0.9181400948153529,9.539412286423333,0.06558061549273136,0.06558498240373822,0.017548659316100064,0.7000000000000001
46.158027191000656,9.243339409951497,5.855023714902974,0.08262872488817966,-1.0814944602231669,-0.12156751325847018,-0.8361501313548396,9.569053559717522,0.06833709428659826,0.06833927323334343,0.033866387924855,0.7000000000000001
46.251335674000075,9.246293028767496,5.818917499985579,0.08860856447997248,-1.0831864475218478,-0.11950039853348698,-0.8348882128388541,9.598687344352669,0.07129265187752895,0.07129289204934253,0.03371284013308841,0.7000000000000001
46.263136304,9.246293028767496,5.818917499985579,0.08860856447997248,-1.0831864475218478,-0.0956620838725008,-0.8402739539746101,9.598687344352669,0.07129265187752895,0.07129289204934253,0.03371284013308841,0.7000000000000001
46.36846313100068,9.252457898627958,5.746570582519441,0.09394882900510951,-1.0851843608239833,-0.14415808865309815,-0.8592718321090003,9.658076799104677,0.07746153132994134,0.07745776190980358,0.039301194902290025,0.65
46.37130769000032,9.252457898627958,5.746570582519441,0.09394882900510951,-1.0851843608239833,-0.09010273365910385,-0.8346555404462551,9.658076799104677,0.07746153132994134,0.07745776190980358,0.039301194902290025,0.65
46.38440158699996,9.255697864012484,5.7105026504200955,0.09719896153580976,-1.0820379629803583,-0.14858078585040055,-0.7782799876920005,9.687668912764384,0.0807040427304439,0.08069772729433033,0.054129893864059586,0.65
46.417612748000465,9.258995597831468,5.674798844397629,0.09893201456951178,-1.0711141806740017,-0.14688118649995022,-0.7584386271895062,9.716961363213224,0.0840048062666598,0.08399546111331446,0.06509237184156502,0.65
46.49439032700138,9.258995597831468,5.674798844397629,0.09893201456951178,-1.0711141806740017,-0.1437190705123974,-0.7580146633792244,9.716961363213224,0.0840048062666598,0.08399546111331446,0.019503170013714,0.65
46.49658042200099,9.26228514354455,5.639536202541507,0.09868637139249747,-1.0578792556836634,-0.1458272181685848,-0.728775172457361,9.745918771489713,0.08729884670782768,0.08728500682639684,0.03829801850439036,0.65
46.50840439100102,9.26547252992415,5.604702291482672,0.0956215913879534,-1.0450173317650229,-0.1561681299902642,-0.6885998377400959,9.774596616498185,0.0904921336508692,0.09047239320599587,0.05588065839016436,0.65
46.60897173800004,9.268541510396282,5.570334984999503,0.09206941416396072,-1.0310191944950808,-0.15321103511260853,-0.6782423503939733,9.802967734563204,0.09356851523758167,0.09354137367812854,0.034922059721908885,0.65
46.61090130699995,9.27440343166439,5.503293046341676,0.08724026968916057,-0.9971083293495172,-0.13460548238297004,-0.6790515949465757,9.858486328408118,0.09945581479106959,0.0994032949462369,0.0663672639873814,0.65
46.7285256690011,9.27440343166439,5.503293046341676,0.08724026968916057,-0.9971083293495172,-0.1897680837972109,-0.6490522794585928,9.858486328408118,0.09945581479106959,0.0994032949462369,0.0,0.65
46.7306360520015,9.277250699530171,5.470575027158606,0.08541803597338893,-0.9815405754920735,-0.20153393965448016,-0.6442745559917626,9.885640402982546,0.10232101217939013,0.10225056281201717,0.02224025825155578,0.65
46.76346548000038,9.280080936189028,5.438304118655031,0.08490709976573765,-0.9681272551072624,-0.30064770539477714,-0.612926424915196,9.912446485232433,0.10517749541108132,0.10508079947087445,0.044193912525330316,0.65
46.87235376600074,9.280080936189028,5.438304118655031,0.08490709976573765,-0.9681272551072624,-0.31285829634264717,-0.6009573107058009,9.912446485232433,0.10517749541108132,0.10508079947087445,0.02067391360926007,0.65
46.874391400000604,9.282802146159925,5.406566352685631,0.08163629912692529,-0.9521329790820022,-0.3261342053265789,-0.594670237296645,9.93887235773249,0.10793353281571937,0.10780200944177132,0.040955048598884804,0.65
46.88563813200017,9.28535504039578,5.375401098021417,0.07658682707566979,-0.9349576399264089,-0.3222060582583878,-0.6131185773019124,9.964910039104629,0.1105271079022928,0.11035490367762613,0.05960489086358162,0.65
47.008173053000064,9.292277545256463,5.285537843930399,0.06579919844430399,-0.8789779970689339,-0.3934178472184913,-0.5694657085561643,10.040365446667186,0.11768716758423617,0.11727740853830859,0.08080072129723027,0.65
47.092079580001155,9.29430817066165,5.256899801197963,0.0609187621556009,-0.8591412819730827,-0.41477969735179887,-0.5608934370854828,10.064546442071894,0.11984999990052374,0.11930803394349532,0.07496458822517635,0.65
47.09421103200111,9.29622393067607,5.228878160972716,0.05747280043264377,-0.8406492067574067,-0.4289568121870913,-0.578577414699899,10.088263835124263,0.1219171669274655,0.12122379395791683,0.09079908580562343,0.65
47.102874068001256,9.29622393067607,5.228878160972716,0.05747280043264377,-0.8406492067574067,-0.5163528868464103,-0.5677136199141799,10.088263835124263,0.1219171669274655,0.12122379395791683,0.09079908580562343,0.65
47.13555339699997,9.297635118774172,5.201539052500131,0.04233564294306097,-0.8201732541775613,-0.5847058071253763,-0.5669912226979912,10.111642581035557,0.12355006980241628,0.12263498205601842,0.10294676748114466,0.65
47.22651115000008,9.29855159112831,5.174826562420688,0.027494170624148658,-0.8013747023832728,-0.7017674853495153,-0.6262725101762439,10.13472385977673,0.12469832674382252,0.12355145441015658,0.036074550912905526,0.65
47.23404798900083,9.29855159112831,5.174826562420688,0.027494170624148658,-0.8013747023832728,-0.7084739516694891,-0.6680916068843086,10.13472385977673,0.12469832674382252,0.12355145441015658,0.036074550912905526,0.65
47.331834784999955,9.298873677848968,5.123019401616168,-0.004589892444083202,-0.7693178880163539,-0.7946358908030984,-0.629250766832519,10.180225666703624,0.12573613924283122,0.1238735411308145,0.05742160453704043,0.65
47.36939680700016,9.29817081564604,5.097836348680132,-0.021085866087827802,-0.7554915880810897,-0.8228711687779287,-0.6114273082098461,10.202769914138909,0.12559430986862746,0.12317067892788636,0.07295836329893839,0.65
47.44721668700004,9.29691660023439,5.073083298354994,-0.03762646234949245,-0.7425915097541593,-0.8228711687779287,-0.6114273082098461,10.225205879763083,0.12489430294344406,0.12191646351623575,0.06512370817597689,0.65
47.45025916200029,9.295153785087452,5.048733975832341,-0.05288445440814411,-0.7304796756795938,-0.8283101823082374,-0.6443765147903301,10.247534522469845,0.12398430066396596,0.12015364836929798,0.07832322876276737,0.65
47.50132116000168,9.292549418001546,5.024777691179004,-0.07813101257721816,-0.7186885396001055,-0.9888278428492349,-0.6762650577550486,10.269919233026108,0.1222422095028966,0.1175492812833916,0.09049958066377424,0.65
47.56628140200155,9.289009226222674,5.001099592430719,-0.1062057533661151,-0.7103429624485751,-0.9920124086162355,-0.6837597615719433,10.292503138315528,0.11995397799846656,0.11400908950452049,0.028903416658462286,0.65
47.57067116300095,9.289009226222674,5.001099592430719,-0.1062057533661151,-0.7103429624485751,-0.9908335998663739,-0.697615088914367,10.292503138315528,0.11995397799846656,0.11400908950452049,0.028903416658462286,0.65
47.6216116150008,9.284618830382525,4.977603111381294,-0.1317118752044447,-0.7048944314827472,-0.9917402320925529,-0.6943413571564887,10.315329408321714,0.11692520417320121,0.10961869366437149,0.04218835430011071,0.65
47.685706952001055,9.279059388698819,4.95410455929974,-0.16678325051119325,-0.7049565624466076,-0.9910688029837649,-0.691766347123577,10.338707452574273,0.11316522932484134,0.10405925198066512,0.03183854090475531,0.65
47.68758124600026,9.272276221872234,4.930482526108771,-0.20349500479755434,-0.7086609957290675,-0.9718163654535202,-0.7172490369231665,10.36276833582112,0.10859241647044832,0.09727608515408015,0.046781453477719497,0.65
47.70321669200166,9.272276221872234,4.930482526108771,-0.20349500479755434,-0.7086609957290675,-0.9944265101264731,-0.6679665108485437,10.36276833582112,0.10859241647044832,0.09727608515408015,0.046781453477719497,0.65
47.738765597001475,9.264306596483921,4.9066218848528615,-0.23908876164935833,-0.715819237677292,-1.003941892496941,-0.6513375532705737,10.387595095154376,0.10320198194235479,0.08930645976576734,0.0607006462386366,0.65
47.81142842200097,9.25528763996867,4.882421488783552,-0.2705686954575577,-0.7260118820792913,-0.9997134737214867,-0.6472396280507366,10.413212350753229,0.09784791809338148,0.08028750325051526,0.03721810515792936,0.65
47.95365636900169,9.245047404141323,4.858157140372823,-0.30720707482039095,-0.7279304523218856,-0.9633600018832233,-0.5246915996958275,10.439455165384674,0.09136593019933564,0.07004726742316869,0.019537179589083235,0.7000000000000001
47.95635335600127,9.245047404141323,4.858157140372823,-0.30720707482039095,-0.7279304523218856,-0.9438475426242464,-0.5456432228113746,10.439455165384674,0.09136593019933564,0.07004726742316869,0.019537179589083235,0.7000000000000001
47.98061533800137,9.233690732750341,4.833799777856725,-0.3407001417294443,-0.730720875482935,-0.8928957508704028,-0.4186673476889563,10.466299844805135,0.08588903316511222,0.058690596032187514,0.03879443735093721,0.7000000000000001
48.06681408000077,9.20687845807129,4.78449950299754,-0.42291652903426535,-0.7436193921163582,-0.8222789835829655,-0.3388657844950079,10.522413598302428,0.07395077854002388,0.03187832135313684,0.06344540382739372,0.7000000000000001
48.168481259001055,9.20687845807129,4.78449950299754,-0.42291652903426535,-0.7436193921163582,-0.7865661782013935,-0.3165044165366721,10.522413598302428,0.07395077854002388,0.03187832135313684,0.039948361096731666,0.7000000000000001
48.17062286000146,9.191381227688069,4.75948476244263,-0.4649169114966501,-0.7504422166472735,-0.7800741300120377,-0.31090294009302893,10.551765878512207,0.06847531736353353,0.022562467634194908,0.05947371853804728,0.75
48.18267947700042,9.17462816977893,4.734173239890333,-0.5025917372741392,-0.7593456765689233,-0.7841908040658561,-0.3261635496785728,10.581965723168903,0.06463971050412365,0.02860590889512064,0.07839355167743604,0.75
48.286574991001544,9.156510051490738,4.7088094562233405,-0.5435435486457981,-0.7609135100097562,-0.7811258871729165,-0.33291573928747953,10.612848472513505,0.06259288661444273,0.033729368018678874,0.04657638990805873,0.75
48.28824119800083,9.156510051490738,4.7088094562233405,-0.5435435486457981,-0.7609135100097562,-0.7741550694092446,-0.36424679019368256,10.612848472513505,0.06259288661444273,0.033729368018678874,0.04657638990805873,0.75
48.29995645700001,9.137137397408775,4.68359758730501,-0.5811796224588556,-0.7563560675499311,-0.7653657299992376,-0.31180740198898044,10.644183369803741,0.060370512764494844,0.03785831642627991,0.06868577942324719,0.8
48.30659423399993,9.116703446353807,4.658484990338979,-0.613018531649064,-0.7533779089809142,-0.7079012674129135,-0.2750217018535359,10.675928541313697,0.05944638498107431,0.04116661867676173,0.08915236672370055,0.8
48.3424307410005,9.116703446353807,4.658484990338979,-0.613018531649064,-0.7533779089809142,-0.6665796299266897,-0.25636936786774,10.675928541313697,0.05944638498107431,0.04116661867676173,0.08915236672370055,0.8
48.41776020500038,9.09536844071682,4.633728530125506,-0.6400501691095957,-0.7426938064042004,-0.6665796299266897,-0.25636936786774,10.707783738268764,0.058022481327498786,0.043585952409316814,0.02959286270026759,0.7826237921249265
48.4211324150001,9.073323524469727,4.609489892316026,-0.6613474874128211,-0.727159134284379,-0.6459312054811562,-0.2721377799249835,10.739518541056723,0.05716036160045615,0.045137147802115696,0.05887853731285263,0.7826237921249265
48.45253727199997,9.050812245433168,4.585847560357264,-0.6753383710967763,-0.7092699587628641,-0.5216542487305404,-0.14441125076955397,10.770951379781986,0.05573770638010771,0.04593692299328603,0.0861131469856412,0.8062257748298549
48.53635563300122,9.050812245433168,4.585847560357264,-0.6753383710967763,-0.7092699587628641,-0.5216542487305404,-0.14441125076955397,10.770951379781986,0.05573770638010771,0.04593692299328603,0.02853887241443123,0.8062257748298549
48.53828093300035,9.028055473439862,4.562876591956174,-0.6827031597992004,-0.6891290520327072,-0.493065725972693,-0.1267028918467564,10.801913912856406,0.054663208913985434,0.0460883827257365,0.0564895709495982,0.7632168761236874
48.544377391001035,9.028055473439862,4.562876591956174,-0.6827031597992004,-0.6891290520327072,-0.41115600669433194,-0.0782047566472957,10.801913912856406,0.054663208913985434,0.0460883827257365,0.0564895709495982,0.7632168761236874
48.64505487900169,9.00521613670981,4.5405177174914435,-0.6851801019015544,-0.6707662339419103,-0.3660997074237041,-0.03810884385435799,10.832383122989931,0.053135619236076036,0.0457486445998246,0.026868062586340585,0.7905694150420949
48.65614288500001,9.00521613670981,4.5405177174914435,-0.6851801019015544,-0.6707662339419103,-0.35283621775905427,-0.04035087144203173,10.832383122989931,0.053135619236076036,0.0457486445998246,0.026868062586340585,0.7905694150420949
48.67389010900115,8.982350034895639,4.518732785892236,-0.6859830544251414,-0.6535479479762268,-0.31910625820570543,-0.016478782747946605,10.86236726471118,0.051977280299447225,0.044984141809206,0.05318241742848849,0.75
48.73463959200126,8.959471338586848,4.49745040963663,-0.6863608892636993,-0.6384712876681774,-0.3052414302216649,-0.018788443118593623,10.8919233174953,0.050459026029214656,0.04385537307465482,0.07709578548902596,0.7810249675906654
48.76917338400017,8.93669060880979,4.476805423871505,-0.683421893311707,-0.619349572953755,-0.3052414302216649,-0.018788443118593623,10.920880812424512,0.04913518441547557,0.042345174000939095,0.04941713555921128,0.7433034373659253
48.78662865000115,8.914167058164677,4.4568485478835695,-0.6757065193533762,-0.5987062796380609,-0.29676239888969763,-0.06445592905829156,10.949120203426375,0.04761131189590561,0.040530260945748894,0.07114085207860299,0.7433034373659253
48.882925416000944,8.892147607594454,4.4378153076146925,-0.660583517106715,-0.5709972080663164,-0.31347466688787584,-0.10313419224436124,10.97631721347598,0.04618033017556061,0.03841869139161798,0.03254620416482122,0.7433034373659253
48.9017217970013,8.870806774747734,4.419829057184123,-0.6402249854015742,-0.539587512917073,-0.4063693923219935,-0.1431815762846516,11.002280275886495,0.04476589205250992,0.036046643417108025,0.046919032545056284,0.7433034373659253
49.02821451500131,8.830738228459271,4.387444132690729,-0.5870701835687981,-0.4669985064668302,-0.5665123044234142,-0.1954279516043511,11.049835342330864,0.04202535994040162,0.0306135023417427,0.028592963397484895,0.75
49.06312952799999,8.830738228459271,4.387444132690729,-0.5870701835687981,-0.4669985064668302,-0.5784392587813256,-0.1868113407301549,11.049835342330864,0.04202535994040162,0.0306135023417427,0.028592963397484895,0.75
49.14620394300073,8.830738228459271,4.387444132690729,-0.5870701835687981,-0.4669985064668302,-0.5784392587813256,-0.1868113407301549,11.049835342330864,0.04202535994040162,0.0306135023417427,0.028592963397484895,0.75
49.16135408500122,8.812071633725873,4.373063562538179,-0.559997842001923,-0.4314171045765055,-0.5862758221762475,-0.1827363986860628,11.071381073076159,0.040598795259836847,0.027582825296292825,0.04056208700194805,0.75
49.164157533001344,8.794327346823877,4.359826693049652,-0.532328607059899,-0.3971060846558033,-0.5821907241507484,-0.1979678650196637,11.091489455978806,0.03922307943953236,0.024395599877590296,0.05129961147563712,0.7211102550927979
49.251662538001256,8.777449217578043,4.347593540516885,-0.506343877375026,-0.3669945759829991,-0.5869573346831192,-0.17758489757296916,11.110309562853258,0.03847067634739429,0.021111105345327202,0.02152422958960387,0.7632168761236874
49.253687156000524,8.76133058424495,4.336151844531905,-0.483558999992791,-0.34325087954940176,-0.5822510718893148,-0.20050178814372094,11.128078088050788,0.03756224381923961,0.01780401123129138,0.03085639859722105,0.7632168761236874
49.27651757300009,8.745905149608351,4.325387737820839,-0.46276303909795774,-0.3229232013319668,-0.7244003430474946,-0.12723447798980647,11.144926044749404,0.036563772264104864,0.014507954645812475,0.03938586962362004,0.73824115301167
49.36953589600125,8.730812965527509,4.315141737732135,-0.4527655224252822,-0.3073800026611479,-0.7562646333161247,-0.11514497934571377,11.161165737673604,0.03696795887005045,0.011081185082094875,0.014732509629700954,0.73824115301167
49.384321686000476,8.700732580581183,4.295525333307887,-0.4512725331110852,-0.2913091965437555,-0.8873744096700222,-0.08568355033095318,11.192846472466462,0.03723752614384804,0.0036820334967299804,0.028585811924079687,0.7826237921249265
49.422311279000496,8.700732580581183,4.295525333307887,-0.4512725331110852,-0.2913091965437555,-0.9530165026885381,-0.06674695050565753,11.192846472466462,0.03723752614384804,0.0036820334967299804,0.028585811924079687,0.7826237921249265
49.497190964000765,8.700732580581183,4.295525333307887,-0.4512725331110852,-0.2913091965437555,-0.9530165026885381,-0.06674695050565753,11.192846472466462,0.03723752614384804,0.0036820334967299804,0.017456564117741515,0.7826237921249265
49.49910371900114,8.685566988098648,4.2858544109601855,-0.45496777447604214,-0.2901276704310291,-0.9832670699396158,-0.05278919953327549,11.208636780770298,0.03848668360607532,0.00020328501599462583,0.026039102636671207,0.7615773105863909
49.514957487001084,8.670171099605067,4.276214964056146,-0.46187665480742035,-0.2891834071211778,-1.0815753892500102,0.006954321228180849,11.224517553997517,0.041410340399027815,0.0012149003536823244,0.03384893326251702,0.7615773105863909
49.616899158001615,8.654537116935737,4.266592414968819,-0.4690194800799103,-0.28867647261983953,-1.0937423883777717,0.023863878901222435,11.240505804641503,0.04422619671230332,0.008407648733645523,0.007952655670884627,0.7615773105863909
49.618702405001386,8.654537116935737,4.266592414968819,-0.4690194800799103,-0.28867647261983953,-1.0995864704572722,-0.00015638304641935052,11.240505804641503,0.04422619671230332,0.008407648733645523,0.007952655670884627,0.7615773105863909
49.62261584200132,8.638707953576999,4.25693762736949,-0.4748749007621387,-0.2896436279798477,-1.1893730466631005,0.07274622750976195,11.256624169253305,0.047218309070083675,0.018062436332973775,0.015917174346027935,0.7433034373659253
49.637922290999995,8.638707953576999,4.25693762736949,-0.4748749007621387,-0.2896436279798477,-1.1920753341177324,0.08761369856389845,11.256624169253305,0.047218309070083675,0.018062436332973775,0.015917174346027935,0.7433034373659253
49.72551500300142,8.622729364202623,4.247198183968802,-0.4793576812312727,-0.29218330202065823,-1.1907880226992267,0.09680329310434899,11.272896577355612,0.05202237817637078,0.027801879733662105,0.009594070522294907,0.7905694150420949
49.72754197500035,8.606336508072285,4.237437716509728,-0.4917856839101565,-0.29281402377223475,-1.190429834162663,0.06234782850544324,11.289396501065248,0.05673321355531311,0.03756234719273621,0.01920540564031208,0.7905694150420949
49.76414881300116,8.589289363816734,4.227710482898972,-0.5114143276665526,-0.2918170083226528,-1.1809811899468947,0.13090033516633348,11.30619440949103,0.06130133600449326,0.04728958080349166,0.028777571992738622,0.7762087348130012
49.864708007000445,8.57142287550331,4.218025395914124,-0.5359946494027116,-0.2905526095454748,-1.1869602528093,0.09236617842029027,11.323364654434931,0.06656239522201773,0.05697466778834048,0.00935365905996427,0.7762087348130012
49.93818480400114,8.55254445066175,4.208481675287304,-0.5663527452468222,-0.2863116188045706,-1.186634175483238,0.15702862822143798,11.34091697527192,0.07145081002283696,0.06651838841515989,0.018547297616239824,0.7762087348130012
49.98337924400039,8.532571256899772,4.199166622598548,-0.5991958128593509,-0.27945158066268766,-1.186634175483238,0.15702862822143798,11.35881879319171,0.07587789857963154,0.07583344110391632,0.02092956448453947,0.75
49.98531453100077,8.511443527738203,4.190132319479979,-0.6338318748470682,-0.2710290935570743,-1.1924342655746378,0.1219351688790386,11.377057655170535,0.07978259502230639,0.08486774422248544,0.03088492111321016,0.75
50.00304514000163,8.511443527738203,4.190132319479979,-0.6338318748470682,-0.2710290935570743,-1.1899561333204525,0.17863558917291134,11.377057655170535,0.07978259502230639,0.08486774422248544,0.03088492111321016,0.75
50.09046164400024,8.4890697646541,4.181429306568268,-0.6712128925230911,-0.26109038735132295,-1.1902308031997781,0.18198824821084902,11.395638758161898,0.08271941812765544,0.07611325358832757,0.014644223589218951,0.75
50.09233806900011,8.4654000652123,4.173031202941443,-0.7100909832540205,-0.2519431088047434,-1.195678102668365,0.14417489370557113,11.414614576186256,0.08418452105768018,0.06582490058252863,0.029360320181654583,0.75
50.20632195000144,8.440352381662588,4.165010272161684,-0.7514305064913727,-0.24062792339278818,-1.0862684209099582,0.21876485041702087,11.43396834244372,0.08533983034674515,0.06192307136841614,0.0171411493437893,0.75
50.2084627180011,8.413951832994647,4.15754991250554,-0.792016460038271,-0.2238107896843273,-1.08586623913317,0.18766756908916116,11.453534716401899,0.08798453032065019,0.06745015045186609,0.03429276166593344,0.75
50.21613223500026,8.386270593093268,4.150658062231901,-0.8304371970413366,-0.2067555082091559,-0.9766842875294227,0.21522474071604408,11.473278028967213,0.0899683291720524,0.07434200072550468,0.04878517848987524,0.75
50.25012656000035,8.357379686987066,4.144337723601452,-0.866727183186048,-0.18961015891347974,-0.9090223435024041,0.2181680072290702,11.493167510357356,0.0930089213501696,0.08066233935595424,0.06193055635479835,0.7000000000000001
50.36117339200064,8.296383875584965,4.134151497555176,-0.929258046596095,-0.14007707830516336,-0.7667611550998348,0.21836517326569027,11.532566778183075,0.09789140698225397,0.09084856540223019,0.053508098672340666,0.7000000000000001
50.445177091000005,8.264618792532426,4.130328231773881,-0.952952491576196,-0.11469797343882598,-0.7384382318907088,0.2285829942160914,11.551884218716468,0.09990763065344613,0.09467183118352462,0.03293496602498748,0.7000000000000001
50.562451646001136,8.232183837084081,4.127212892547703,-0.9730486634503198,-0.09346017678533615,-0.9082590167728442,0.2032360909845819,11.570987391417555,0.10160578655183625,0.09778717040970264,0.014066268808263132,0.70178344238091
50.56550170000082,8.199381474537754,4.124818049390141,-0.984070876389833,-0.07184529472685472,-0.9462073070935473,0.16908861481248494,11.58971759495463,0.10304944253112736,0.10018201356726486,0.025965757666930357,0.7071067811865476
50.578611277000164,8.166333815657936,4.12296639948505,-0.9914297663945472,-0.05554949715273543,-0.9173943251972787,0.1809880063045246,11.608169272241375,0.10411492062813188,0.10203366347235576,0.03489511901239262,0.7071067811865476
50.68643899500057,8.133168713311681,4.1215631929284635,-0.9949530703876516,-0.042096196697607016,-0.9546233129401344,0.17031207618302296,11.626361284448482,0.10495674256158163,0.10343687002894253,0.014138670562079188,0.7158910531638177
50.698491625000315,8.099986897984117,4.120443796465089,-0.9954544598269238,-0.0335818939012206,-0.9678782357675584,0.1342700076749752,11.644384880442349,0.10568344565878897,0.10455626649231675,0.02631219402175031,0.7280109889280518
50.70176890200128,8.066821081149529,4.119454757880766,-0.9949745050376317,-0.02967115752968155,-0.8862033062531317,0.15330305867691157,11.662355302289955,0.10635906321703285,0.10554530507663973,0.035461810065895334,0.7280109889280518
50.80411966000065,8.033843840521518,4.118555059926717,-0.9893172188403435,-0.026990938621483586,-0.8754667700251161,0.15033879686573015,11.68021804774608,0.10704233932388846,0.10644500303068938,0.014271115570357387,0.7433034373659253
50.846181776001686,8.033843840521518,4.118555059926717,-0.9893172188403435,-0.026990938621483586,-0.7775632031944357,0.14666559765798937,11.68021804774608,0.10704233932388846,0.10644500303068938,0.014271115570357387,0.7433034373659253
50.932546788000764,8.033843840521518,4.118555059926717,-0.9893172188403435,-0.026990938621483586,-0.7615656699046356,0.1459630638828843,11.68021804774608,0.10704233932388846,0.10644500303068938,0.0,0.7433034373659253
50.94470817000001,8.001067948102039,4.117745814216981,-0.9832767725843667,-0.024277371292078374,-0.7481070491864311,0.1457713593118647,11.697964387159454,0.10769715908268665,0.10725424874042488,0.012904895611694514,0.7433034373659253
50.96060772400051,7.968336772405852,4.116980387049714,-0.9819352708855865,-0.022962815018011156,-0.7946379677495274,0.1558349485509834,11.715714853528162,0.10833965924997273,0.10801967590769213,0.025166040109700104,0.7615773105863909
50.98284329300077,7.968336772405852,4.116980387049714,-0.9819352708855865,-0.022962815018011156,-0.8277931084305336,0.15770769052818256,11.715714853528162,0.10833965924997273,0.10801967590769213,0.025166040109700104,0.7615773105863909
51.04476036400047,7.935620472190562,4.116228870824866,-0.981489006458692,-0.02254548674544145,-0.8558122872762088,0.1606846534721653,11.733510170559661,0.1090079326424318,0.10877119213254005,0.029223695562354875,0.7826237921249265
51.06948093400024,7.902903517709458,4.115482492018908,-0.9815086344331353,-0.022391364178724792,-0.7737352160930105,0.1646595363090989,11.751365651616783,0.10969250572241611,0.10951757093849768,0.038996260986759415,0.7826237921249265
51.16070345400112,7.870154252500713,4.114727357053015,-0.9824779562623507,-0.022654048976794794,-0.7908627599654017,0.17143580528673802,11.769309571577272,0.11039875218892856,0.11027270590439109,0.03269094987046737,0.8062257748298549
51.162491240000236,7.837512867985628,4.11400141288121,-0.9792415354525533,-0.0217783251541431,-0.8019369007541632,0.14831403658359954,11.787235166084711,0.11109252636281709,0.11099865007619591,0.046656497786951114,0.8321658488546619
51.2030164530006,7.8050699972043835,4.113334798630547,-0.9732861234373108,-0.019998427519915044,-0.7725310366231076,0.2368920589532549,11.805067792449986,0.11173463532311607,0.11166526432685941,0.06017902057854403,0.8321658488546619
51.28296044800118,7.772979389053874,4.112691641712996,-0.9627182445152899,-0.019294707526507457,-0.7884211964362597,0.24868911749874892,11.82275424995574,0.11235862205870976,0.11230842124440965,0.019270144634018483,0.8500000000000001
51.2846880290017,7.741460351715313,4.112074901189304,-0.9455711201568356,-0.0185022157107699,-0.8087560194644463,0.2322068000863917,11.840172052730525,0.11296340574844084,0.11292516176810174,0.03799024743016544,0.8500000000000001
51.315428623000116,7.741460351715313,4.112074901189304,-0.9455711201568356,-0.0185022157107699,-0.6917940322061236,0.26092130999174246,11.840172052730525,0.11296340574844084,0.11292516176810174,0.03799024743016544,0.8500000000000001
51.40227108500039,7.710540467694066,4.111440477207247,-0.9275965206374142,-0.01903271946173053,-0.6571023056200468,0.2656110985371594,11.857340108782784,0.11358822215757519,0.11355958575015901,0.015507849322010128,0.8500000000000001
51.45822619899991,7.649764730961805,4.110201933700185,-0.9064151308386593,-0.018913832983017492,-0.744105866687153,0.2714743924895366,11.891240491697733,0.1148149607756052,0.11479812925722133,0.04445190017921893,0.8500000000000001
51.524788912000076,7.619877650844667,4.109556090375861,-0.8966124035141497,-0.01937529972969986,-0.776559155363667,0.2759000982640445,11.908020623570001,0.11545694053065333,0.11544397258154504,0.05057704383667885,0.8500000000000001
51.56064082000012,7.590298412664685,4.108841699459619,-0.887377145399446,-0.02143172748726785,-0.7295078243092984,0.2864598033216332,11.924741462296483,0.11616900737270498,0.11615836349778697,0.06468110607843533,0.8500000000000001
51.647182028000316,7.531998360116293,4.107780713069739,-0.8704670483967176,-0.013352913425711233,-0.7433722134128546,0.29183715337100163,11.957553755664916,0.1172272741833721,0.1172193498876668,0.030119762590011492,0.8500000000000001
51.64926940300029,7.531998360116293,4.107780713069739,-0.8704670483967176,-0.013352913425711233,-0.7711146069027546,0.2455539676772812,11.957553755664916,0.1172272741833721,0.1172193498876668,0.030119762590011492,0.8500000000000001
51.68820670000059,7.503225097433783,4.107451820622753,-0.8631978804752776,-0.009866773409574163,-0.8009823901039956,0.31072413287907885,11.973656844602782,0.1175559180180711,0.117548242334653,0.043638742846261944,0.8500000000000001
51.761734145000446,7.474759255248082,4.10733804712854,-0.8539752655710362,-0.0034132048264134875,-0.8009823901039956,0.31072413287907885,11.98945819586047,0.1176696977486612,0.11766201582886637,0.030563862000997827,0.8500000000000001
51.763810930000545,7.446582139659472,4.107383754680797,-0.8453134676583021,0.001371226567739284,-0.8256414051597987,0.28396748716846987,12.005013479813988,0.117624980505344,0.11761630827660863,0.04399738945266238,0.8500000000000001
51.90334290500141,7.418858104871714,4.107623573094791,-0.8317210436327219,0.0071945524198174125,-0.8233768107623479,0.30492226050721133,12.020201482496425,0.11738640199334449,0.11737648986261462,0.0134217731180481,0.8500000000000001
51.90536414400049,7.391568796264122,4.1080049598802,-0.8186792582277715,0.01144160356227006,-0.8415780066756277,0.2769331066140813,12.035074328687625,0.11700715529992264,0.11699510307720562,0.026506535312193498,0.8500000000000001
51.91696075800064,7.364463637287088,4.108496154580363,-0.8131547693110219,0.014735841004876226,-0.8725747021887686,0.28852780026383795,12.049796645025312,0.1165187305659798,0.11650390837704272,0.038773128176251094,0.8500000000000001
52.00257842300016,7.337519487795946,4.109157105075834,-0.808324484734234,0.019828514864126758,-0.8859537627804909,0.28168017792910205,12.064331080876233,0.11586154274222046,0.11584295788157206,0.01497261615781451,0.8500000000000001
52.0051077600001,7.337519487795946,4.109157105075834,-0.808324484734234,0.019828514864126758,-0.8610186194630888,0.2542625318752244,12.064331080876233,0.11586154274222046,0.11584295788157206,0.01497261615781451,0.8500000000000001
52.027928773000895,7.310705269751454,4.109922581148968,-0.8044265413347736,0.022964282194024868,-0.7771426125748987,0.2551402600613708,12.078748683900082,0.11510114103601812,0.11507748180843791,0.029784961616092395,0.8500000000000001
52.0352456920009,7.310705269751454,4.109922581148968,-0.8044265413347736,0.022964282194024868,-0.7771426125748987,0.2551402600613708,12.078748683900082,0.11510114103601812,0.11507748180843791,0.029784961616092395,0.8500000000000001
52.11307247500008,7.284027905610019,4.110868523600525,-0.8003209242430318,0.028378273546688332,-0.7664173715179893,0.25109866414472926,12.092982396592566,0.11416140950983864,0.11413153935688136,0.014739905866518223,0.8500000000000001
52.146007132001614,7.257435829843968,4.112080433079077,-0.7977622729815269,0.03635728435658939,-0.7187498131767921,0.24107153422760513,12.10699061278173,0.1129582576420521,0.11291962987832882,0.029213826948767216,0.8500000000000001
52.23188192500129,7.230778104867332,4.113547099155084,-0.7997317492990822,0.04399998228020603,-0.7075998960554856,0.2416994141646511,12.120868408879122,0.11150170094325035,0.11145296380232228,0.014329213796662285,0.8500000000000001
52.245320358000754,7.204006503018396,4.115250824861005,-0.8031480554680517,0.05111177117762732,-0.7060558546973867,0.21815745430313374,12.134658726179792,0.1098130091287734,0.10974923809640114,0.02853200231246197,0.8500000000000001
52.247271904001536,7.204006503018396,4.115250824861005,-0.8031480554680517,0.05111177117762732,-0.700367900247307,0.2174082182914341,12.134658726179792,0.1098130091287734,0.10974923809640114,0.02853200231246197,0.8500000000000001
52.35651382300057,7.177092533263872,4.117108367806004,-0.8074190926357252,0.05572628834998405,-0.6917508816649947,0.23544468720605832,12.148447354831799,0.10797194706821141,0.10789169515140173,0.014065180316247263,0.8321658488546619
52.35913451000124,7.149973984750324,4.1191301127952284,-0.8135564554064357,0.060652349676733726,-0.6870061965636157,0.23185990917672936,12.162262343740094,0.10597611425155495,0.1058699501621776,0.02811489344461319,0.8062257748298549
52.389934467000785,7.122602335900281,4.1212701094611335,-0.821149465501308,0.06419989997714705,-0.6888910449982181,0.21732200006522176,12.176170514218253,0.10386444725895125,0.10372995349627256,0.0391411495890635,0.8062257748298549
52.40569085700008,7.122602335900281,4.1212701094611335,-0.821149465501308,0.06419989997714705,-0.6888910449982181,0.21732200006522176,12.176170514218253,0.10386444725895125,0.10372995349627256,0.0391411495890635,0.8062257748298549
52.472621861001244,7.095117716750694,4.1235368624081294,-0.8245385744876116,0.06800258840987777,-0.7287064217135332,0.21752973021568284,12.190085829800767,0.10164122814417846,0.1014632005492766,0.019703283442795764,0.7826237921249265
52.50059422300001,7.067656498883012,4.12588785561907,-0.8238365360304597,0.07052979632823138,-0.8046570060148841,0.2071205827471349,12.203965264879667,0.09934058875848698,0.0991122073383357,0.0285919149610743,0.7826237921249265
52.594677466000576,7.040364099119107,4.128291398986404,-0.818771992917132,0.07210630102000143,-0.8362988155782156,0.19600884843413313,12.217750671729018,0.09700649212283986,0.0967086639710022,0.011019638072879884,0.7615773105863909
52.709050099001615,6.9864639348697875,4.13318696493384,-0.8048375853617994,0.07330865093057562,-0.8396359886948292,0.18434874324093203,12.244989074142651,0.09230703186938066,0.0918130980235663,0.017604358578686478,0.7433034373659253
52.72356545200091,6.9864639348697875,4.13318696493384,-0.8048375853617994,0.07330865093057562,-0.8563275639425247,0.20432580399758044,12.244989074142651,0.09230703186938066,0.0918130980235663,0.017604358578686478,0.7433034373659253
52.8284273270001,6.933610001596656,4.138014640508219,-0.7888407006246702,0.07200185095372198,-0.8921617445409664,0.22486907157105496,12.271849816223472,0.0877967051501464,0.08698542244918706,0.01636541468637841,0.7280109889280518
52.830455880000954,6.9076122356939065,4.14042543986951,-0.779932977082496,0.07232398083873742,-0.8947213390253923,0.24195698425401352,12.285095326082677,0.08562280223930094,0.08457462308789587,0.023396600161532003,0.7280109889280518
52.862223346000974,6.8818851388974895,4.14279378509483,-0.7718129038924983,0.07105035675961367,-0.8900134410889756,0.2753667305318436,12.298257508859336,0.08352570207742423,0.08220627786257584,0.029903307256329687,0.7158910531638177
52.86673975100166,6.8818851388974895,4.14279378509483,-0.7718129038924983,0.07105035675961367,-0.8900134410889756,0.2753667305318436,12.298257508859336,0.08352570207742423,0.08220627786257584,0.029903307256329687,0.7158910531638177
52.94995462600127,6.856411305723097,4.145115247136304,-0.7642149952317736,0.06964386124422497,-0.8772310956863454,0.2992919274463703,12.31134873255787,0.0815843897922615,0.07988481582110207,0.01765903287897972,0.7158910531638177
52.95651705700038,6.830881965049333,4.147354922499611,-0.7658802202129373,0.0671902608992139,-0.849815024208405,0.32247769958640327,12.324577925622352,0.07977703364739089,0.07764514045779514,0.024632575835769936,0.7071067811865476
52.98584034900159,6.80518988098882,4.1494407387975425,-0.7707625218153895,0.06257448893793902,-0.840247742525432,0.3356010746751362,12.338066472633784,0.07831178260120836,0.07555932415986355,0.0318150146676618,0.7071067811865476
53.076797254001576,6.779283739026505,4.151304752164637,-0.7771842588694324,0.05592040101283573,-0.8213582919320956,0.3589445251348188,12.351899599170311,0.0771522944839149,0.07369531079276914,0.013462947737029175,0.7516648189186454
53.07845304800139,6.779283739026505,4.151304752164637,-0.7771842588694324,0.05592040101283573,-0.8444195741207641,0.3588265220371532,12.351899599170311,0.0771522944839149,0.07369531079276914,0.013462947737029175,0.7516648189186454
53.13020507900001,6.7267258923248745,4.15437140248193,-0.7925747286063581,0.04389904936256539,-0.8310736533149077,0.4563108540429302,12.380658272752772,0.07626527166907555,0.07062866047547622,0.026636921628335967,0.75
53.18802093400154,6.699995685687433,4.155659425428805,-0.8019061991232455,0.03864068840626345,-0.7979025060755189,0.4616590048339531,12.395562646161228,0.07669045020148026,0.06934063752860098,0.03260050449659838,0.75
53.20741669400013,6.672927173804047,4.15691332726483,-0.8120553565015939,0.03761705508074034,-0.7494684432479393,0.48187062943417286,12.41073661581544,0.07733247696757581,0.06808673569257628,0.04074076701083261,0.75
53.24214222400042,6.645523436157638,4.158208673241068,-0.8221121293922912,0.03886037928714825,-0.7218617230780391,0.5115241940616053,12.426119089470136,0.07890351146655498,0.06679138971633769,0.0470923165496307,0.75
53.31228297200141,6.617808073983512,4.159621883007476,-0.8314608652237792,0.042396292992219815,-0.7086414850378062,0.5374898645279396,12.441636272071698,0.0806000628047391,0.06537817994993045,0.01148238769237722,0.75
53.32931379100046,6.589794248563278,4.1610863796343915,-0.8404147626070257,0.04393489880748022,-0.6969134762591052,0.627343036541876,12.457334963065021,0.08384632982776165,0.0639136833230145,0.023056394362871102,0.75
53.33968664800159,6.589794248563278,4.1610863796343915,-0.8404147626070257,0.04393489880748022,-0.6969134762591052,0.627343036541876,12.457334963065021,0.08384632982776165,0.0639136833230145,0.023056394362871102,0.75
53.3677714150017,6.561607595916677,4.163121071669238,-0.8455995793980265,0.061040761045389275,-0.6845272636804705,0.6656083057480447,12.472727162663547,0.08686044134971233,0.06331167881384107,0.03277769189002133,0.75
53.431900260000475,6.533229413541431,4.165799280915518,-0.8513454712574015,0.08034627738840401,-0.668041046893857,0.6965253566395921,12.48776845698034,0.09153176817973105,0.07245358978291686,0.02690562049056552,0.75
53.49381982500017,6.476757356016871,4.173862414201441,-0.8442128511900198,0.1341869409869591,-0.643314943115771,0.8448106941481903,12.515671607278842,0.09836881959681737,0.10113764950102322,0.04841311229259727,0.75
53.56802510400121,6.476757356016871,4.173862414201441,-0.8442128511900198,0.1341869409869591,-0.643314943115771,0.8448106941481903,12.515671607278842,0.09836881959681737,0.10113764950102322,0.023953256744058862,0.75
53.5702482960005,6.448878086979083,4.179308676808702,-0.8363780711336279,0.1633878782178339,-0.651228107577475,0.8496128071879328,12.528359144674612,0.09952913718958627,0.09569138689376189,0.03342079786849336,0.75
53.59722653400058,6.421270832330085,4.185808662406101,-0.8282176394699585,0.1949995679219722,-0.6076339792627623,0.873004083585236,12.54009854462263,0.09964425825079347,0.08919140129636283,0.0411038058654794,0.75
53.68965429200034,6.3669153800442055,4.202357211600824,-0.8108212107838937,0.26709241438411413,-0.5579481431590047,0.8874582465588258,12.560411239531412,0.09805559753629588,0.07264285210164001,0.023893238546748047,0.7905694150420949
53.71917148900138,6.3669153800442055,4.202357211600824,-0.8108212107838937,0.26709241438411413,-0.5327349401930206,0.8837803289343904,12.560411239531412,0.09805559753629588,0.07264285210164001,0.023893238546748047,0.7905694150420949
53.81025225000121,6.340104569322535,4.2123954028099995,-0.8043243216501235,0.3011457362752522,-0.5009138410733521,0.8809898521896913,12.569037423980479,0.09644143912202559,0.06260466089246464,0.02478152536295517,0.8
53.81543628400141,6.313515387384999,4.223672074223174,-0.797675458126081,0.33830014239524464,-0.4591372852811624,0.8754669976165194,12.576613054394628,0.09637124576571186,0.05259715767755464,0.03038287808339136,0.8
53.91080826800135,6.287064925685756,4.236176782068404,-0.7935138509773144,0.3751412353569038,-0.4227569103481491,0.8657567173947837,12.583201617635162,0.09516369208444549,0.05428005352634959,0.011757659055555106,0.8
53.91280752400053,6.26076210638386,4.249923117671785,-0.7890845790568671,0.4123900681014369,-0.43063108821315266,0.8692489515776742,12.588791258118626,0.0968113275213946,0.06315519541955927,0.022589280671145743,0.8
53.999612853000144,6.208416881408675,4.2807208553833105,-0.7835245066083419,0.4779935023542246,-0.28020942269232374,0.8951936632357603,12.597433351184671,0.10054730084359625,0.07839156978122376,0.04117976657176121,0.8062257748298549
54.04409817800115,6.182352605326455,4.297581484536861,-0.7819282824666033,0.5058188746065299,-0.25400297933737703,0.8715471991112159,12.600656689977523,0.10349879262229641,0.08489953093613246,0.020363460103233512,0.8321658488546619
54.04608526100128,6.156392676061348,4.315295707917196,-0.7787978779531998,0.5314267014100245,-0.25945433726090644,0.8484877761621465,12.603227181973491,0.1059672196609378,0.09073012548292489,0.026203494859286993,0.7905694150420949
54.1661341120016,6.130628129606538,4.333828148211489,-0.7729363936442866,0.5559732088288036,-0.1364247502506225,0.8186234544740396,12.605118033849774,0.1092488303989889,0.09584399679128744,0.010445327287836384,0.8200609733428363
54.16773408000154,6.1049871932199276,4.3530273066349565,-0.7692280915983015,0.5759747527040235,-0.1185952998036412,0.8474868881229712,12.606494614514425,0.11195024545946024,0.10039902167192355,0.020406510032271074,0.7810249675906654
54.185545505000846,6.079387237993641,4.372754000980901,-0.7679986567885887,0.5918008303783389,-0.05789877528007967,0.9291979809106418,12.607519335836542,0.11544671583924358,0.10455204426809075,0.029243543724958028,0.8139410298049854
54.26820857000166,6.05373045074153,4.392874340244929,-0.7697036175633369,0.6036101779208336,-0.019341981856787233,0.9776163046123667,12.60836001364172,0.11878656089145645,0.10846690418415106,0.024277899893913043,0.8139410298049854
54.27031650200115,6.028180901131477,4.413478631341382,-0.7664864883015856,0.6181287328935924,-0.046488392838230835,1.010121655338424,12.608844506549309,0.12258952566659836,0.11196373001383816,0.035140467877898686,0.8139410298049854
54.307665789001476,6.002932437959346,4.4346925039238885,-0.7574538951639305,0.6364161774751822,0.04037699083638008,1.1364286649983422,12.608753788458081,0.12602496401803612,0.11481661637907349,0.04517942673527297,0.8139410298049854
54.389426198000365,5.978090524954141,4.4565044087009795,-0.7452573901561252,0.6543571433127264,0.06276456963903904,1.1630958353476857,12.608030010284846,0.1295712797153227,0.11695915574422334,0.03277863438807162,0.8200609733428363
54.39229049599999,5.978090524954141,4.4565044087009795,-0.7452573901561252,0.6543571433127264,0.05617578837768927,1.1711153887245915,12.608030010284846,0.1295712797153227,0.11695915574422334,0.03277863438807162,0.8200609733428363
54.40685063100136,5.953653354285007,4.478811571790806,-0.7331151200740454,0.6692148926948048,0.12906212661382627,1.1726571976160112,12.606753366480143,0.13299920993658848,0.1184652985475308,0.04628033337925385,0.8200609733428363
54.50565068200012,5.906297326205498,4.5246289794191314,-0.7027724655730154,0.6924687669968382,0.26496988583061776,1.1641734318355164,12.602559013483216,0.14066610863287907,0.11955326750223516,0.04631047108341062,0.8321658488546619
54.507580516001326,5.906297326205498,4.5246289794191314,-0.7027724655730154,0.6924687669968382,0.2953336861753866,1.1773616691910358,12.602559013483216,0.14066610863287907,0.11955326750223516,0.04631047108341062,0.8321658488546619
54.55044289000034,5.883518229864633,4.547982792186114,-0.6833728902259405,0.7006143830094742,0.383373585964327,1.1626511220586333,12.599666877236851,0.1446728614921144,0.11914688162006795,0.0660148255204884,0.8
54.626605494000614,5.8616719451550265,4.5718228625530335,-0.6553885412881746,0.715202111007569,0.3910172053095117,1.1640171883846584,12.595880624307808,0.15007514658606982,0.11773706226154937,0.01993235161511453,0.8
54.747616082000604,5.803352018455988,4.648276956434527,-0.5417326452964989,0.7944585627184564,0.32581070557368264,1.1984193625097705,12.576543095060936,0.16708151362649823,0.12454869599802225,0.06478347774358073,0.75
54.79114641400156,5.786639356778992,4.675760827005215,-0.5013798503098845,0.8245161171206348,0.3453314125983747,1.1900380306501612,12.566950671267291,0.17276558393323596,0.13836073151038786,0.0831570799437248,0.7000000000000001
54.80903946400031,5.786639356778992,4.675760827005215,-0.5013798503098845,0.8245161171206348,0.34784251808872374,1.1885887346724882,12.566950671267291,0.17276558393323596,0.13836073151038786,0.0831570799437248,0.7000000000000001
54.86691021000115,5.7714087958518725,4.704297719567272,-0.4569168278135801,0.8561067768617139,0.36674841907615624,1.1610436853041317,12.555662180400615,0.17925003257370922,0.15359129243750758,0.022600066337053776,0.7000000000000001
54.924470787000246,5.758105381562856,4.73384785240516,-0.39910242867050477,0.8865039851366201,0.4314363192157221,1.0904107985373739,12.54240853572415,0.18393088409736283,0.1668947067265245,0.043633021010139474,0.7000000000000001
54.99555168700135,5.746567668960424,4.764377676315357,-0.3461313780729503,0.9158947173059188,0.4044101671060893,1.1014660676845738,12.52731718604332,0.18803335600409524,0.17843241932895637,0.043282748524786745,0.65
54.997505806000845,5.746567668960424,4.764377676315357,-0.3461313780729503,0.9158947173059188,0.396532540119908,1.0709846353792112,12.52731718604332,0.18803335600409524,0.17843241932895637,0.043282748524786745,0.65
55.11484828600078,5.7206084419554815,4.8612419985147,-0.2206772666314728,0.9926233032255422,0.3613126389953808,0.9432314049977841,12.47272433324157,0.1890771191392576,0.16703853549168646,0.06092607243745414,0.65
55.14649086600002,5.714258066784146,4.895030591935173,-0.19051125514005504,1.0136578026141878,0.3446143808101003,0.9289096083025509,12.451992996059069,0.18709546647651906,0.16351197832767245,0.07942506294073301,0.65
55.21716841000125,5.708984127258522,4.929436839518982,-0.15821818576873933,1.032187427514265,0.332723993678232,0.912436846303117,12.430139824514082,0.1861620072145581,0.1660159602858,0.025848528748120297,0.65
55.2305735050013,5.704572373111855,4.96441995474632,-0.13235262440001275,1.0494934568201242,0.297043175381163,0.888401992109755,12.407337659689686,0.18536914813185887,0.17042771443246707,0.05139417944459002,0.65
55.339833753001585,5.700809789546411,4.9999460919554215,-0.11287750696330771,1.0657841162730541,0.29780039534891906,0.7461480862380075,12.383754572854585,0.1851333274041688,0.17419029799791108,0.023629381603385534,0.65
55.34168413600128,5.69750340934234,5.035983644524516,-0.09919140612213825,1.0811265770728353,0.2646122826183219,0.7213999433909959,12.359544548580287,0.18556161724845407,0.17749667820198223,0.047182714406688316,0.6000000000000001
55.38394379900092,5.69750340934234,5.035983644524516,-0.09919140612213825,1.0811265770728353,0.2554758559941979,0.5921305102639096,12.359544548580287,0.18556161724845407,0.17749667820198223,0.047182714406688316,0.6000000000000001
55.45737303600072,5.6944825275976045,5.072500413106365,-0.09062645234205711,1.095503057455454,0.2505091323581668,0.5686632510261331,12.33484790219266,0.18623395387259728,0.18051755994671748,0.02226847199673609,0.6000000000000001
55.480921914000646,5.692181211069307,5.10936898975143,-0.06903949584893483,1.106057299351967,0.25209347914678376,0.5203539391934096,12.309462325785772,0.18692537095018918,0.18281887647501538,0.044082949681033295,0.6000000000000001
55.50761884900021,5.692181211069307,5.10936898975143,-0.06903949584893483,1.106057299351967,0.2541706497912323,0.5227529481296512,12.309462325785772,0.18692537095018918,0.18281887647501538,0.044082949681033295,0.6000000000000001
55.57876924000084,5.690478637571048,5.146517551718213,-0.05107720494775221,1.1144568590034778,0.2541706497912323,0.5227529481296512,12.283521380159636,0.18746935603742332,0.1845214499732739,0.019697116870073375,0.6000000000000001
55.58087862400134,5.690478637571048,5.146517551718213,-0.05107720494775221,1.1144568590034778,0.2381744753087528,0.5339129865261122,12.283521380159636,0.18746935603742332,0.1845214499732739,0.019697116870073375,0.6000000000000001
55.6329099450013,5.689182864515274,5.1837875606310355,-0.038873191673205645,1.1181002673846803,0.27368260499667,0.6109331888141272,12.257270868775045,0.18788451272443218,0.1858172230290478,0.03909922388700582,0.6000000000000001
55.70014642800015,5.688136181582808,5.22099927283688,-0.03140048797396724,1.1163513661753335,0.2772269623042354,0.5888082326748421,12.230948729046307,0.1883013595526059,0.1868639059615136,0.04690680544322656,0.6000000000000001
55.717368926001654,5.687483390379926,5.257957976829968,-0.0195837360864737,1.1087611197926408,0.2685787140014739,0.5485331974685346,12.204595152918362,0.18855556056343398,0.187516697164396,0.06866644518674679,0.6000000000000001
55.816500431999884,5.687194064686569,5.294423614533613,-0.008679770800717876,1.0939691311093545,0.2674078311976418,0.5291756454542356,12.17840216060909,0.18854420827758123,0.18780602285775316,0.04037407822429944,0.6000000000000001
55.87688035500105,5.6872110587183835,5.330067826417975,0.0005098209544446763,1.0693263565308322,0.2743863540357743,0.5601761817713768,12.152642844245007,0.18830832156996424,0.1877890288259385,0.05935418254940878,0.6000000000000001
55.935651662000964,5.6872110587183835,5.330067826417975,0.0005098209544446763,1.0693263565308322,0.2743863540357743,0.5601761817713768,12.152642844245007,0.18830832156996424,0.1877890288259385,0.02192579166687761,0.6000000000000001
55.96016538799995,5.687547627239714,5.3646514296777355,0.010097055639906035,1.0375080977928215,0.2750467680182934,0.5213286225987356,12.12747581193182,0.18783042162592198,0.18745246030460816,0.04283933714431021,0.6000000000000001
56.05570603900014,5.688198363010763,5.397936624514674,0.019522073131475314,0.9985558451081581,0.273783766040998,0.5153965948561811,12.10307042741708,0.18707997908399726,0.18680172453355937,0.016898226118128985,0.6000000000000001
56.05781794700124,5.689110909792606,5.429874925080814,0.02737640345530089,0.9581490169841818,0.25612899635692293,0.5208370136833468,12.07949188097381,0.18609119871408525,0.18588917775171598,0.032867302243939474,0.6000000000000001
56.12194866000027,5.690259870605558,5.460611953918158,0.034468824388536844,0.9221108651203331,0.2596352314872141,0.6367559980721801,12.05664774531997,0.184893518660485,0.1847402169387644,0.04798685038699002,0.6000000000000001
56.22320346500055,5.6915898303925045,5.490292208123898,0.03989879360839645,0.8904076261721952,0.27597959200277444,0.6303760614758748,12.034468407115073,0.18352579481245135,0.18341025715181747,0.031815788564482,0.6000000000000001
56.299516095999934,5.693128121710064,5.518884906658694,0.046148739526783,0.8577809560438856,0.27740088087476483,0.6362061096859702,12.012952635516056,0.18195927051103522,0.18187196583425802,0.02676964004027999,0.6000000000000001
56.32816261000153,5.693128121710064,5.518884906658694,0.046148739526783,0.8577809560438856,0.2703531789968306,0.7071133096609127,12.012952635516056,0.18195927051103522,0.18187196583425802,0.02676964004027999,0.6000000000000001
56.39050981800028,5.693128121710064,5.518884906658694,0.046148739526783,0.8577809560438856,0.2698807168384689,0.7125980398448454,12.012952635516056,0.18195927051103522,0.18187196583425802,0.02676964004027999,0.6000000000000001
56.44514389899996,5.693128121710064,5.518884906658694,0.046148739526783,0.8577809560438856,0.2707084756293312,0.7174567681580488,12.012952635516056,0.18195927051103522,0.18187196583425802,0.0,0.6000000000000001
56.540842961001545,5.6968802442805195,5.573028881724417,0.05992450746263582,0.7983367705709071,0.28414401077612594,0.6926797856716981,11.971702388585717,0.17817160119011713,0.17811984326380248,0.024436299919307583,0.6000000000000001
56.58663022300061,5.699105641957779,5.5988609155368945,0.06676193031778443,0.7749610143743202,0.2798870588327461,0.711052099910224,11.951752664290364,0.17593584057828757,0.1758944455865432,0.03577326081734581,0.6000000000000001
56.68211069500103,5.701572871679353,5.62401270483741,0.07401689164723199,0.754553679015461,0.267908443148982,0.7341525390054308,11.932138905387827,0.17345894458240152,0.1734272158649688,0.02168388639550268,0.65
56.70295859399994,5.701572871679353,5.62401270483741,0.07401689164723199,0.754553679015461,0.2652236131520971,0.7437873469481778,11.932138905387827,0.17345894458240152,0.1734272158649688,0.02168388639550268,0.65
56.77967812700081,5.707114712952043,5.672783965996119,0.08699650801356633,0.7263754452802154,0.2495903759602798,0.6931168237511317,11.893632478150574,0.16790521661950158,0.16788537459227904,0.025707880877893177,0.65
56.894873547000316,5.713579326803938,5.720411940384208,0.0996371255375472,0.7109700082958272,0.2442837234014234,0.6622478176324937,11.85535945286628,0.16143313532271442,0.16142076074038414,0.02299468792324962,0.65
56.90919183300139,5.713579326803938,5.720411940384208,0.0996371255375472,0.7109700082958272,0.19915607127494178,0.667113206196753,11.85535945286628,0.16143313532271442,0.16142076074038414,0.02299468792324962,0.65
56.94789496700105,5.717043040006332,5.744072569731267,0.10391139607181231,0.7098188804117551,0.22622076295735635,0.6589511812656014,11.836194093247359,0.15796682587815505,0.15795704753799011,0.03404706929496099,0.65
57.025551349001034,5.720696396832988,5.767694846824476,0.10960070479967701,0.708668312796273,0.22402734326995588,0.674792809874366,11.81693860691859,0.15431112011628356,0.15430369071133399,0.011715735554012077,0.65
57.02793244700115,5.724487347964931,5.791305147226601,0.1137285339582943,0.7083090120637481,0.19353234575056175,0.6523829950755695,11.797610874278854,0.1505183198151217,0.1505127395793906,0.02331585726794264,0.65
57.0594398580015,5.728330034123099,5.814958674993101,0.1152805847450299,0.7096058329950126,0.20601064344835912,0.6406191599037174,11.778232795060445,0.14667400432010952,0.1466700534212233,0.03373817116693291,0.65
57.07358774200111,5.728330034123099,5.814958674993101,0.1152805847450299,0.7096058329950126,0.20601064344835912,0.6406191599037174,11.778232795060445,0.14667400432010952,0.1466700534212233,0.03373817116693291,0.65
57.14713504700012,5.732180831819091,5.8387039246118695,0.11552393087977299,0.7123574885630403,0.1962067106696522,0.6630777988327323,11.75880140476057,0.14282177370355506,0.14281925572523058,0.007994546056109346,0.65
57.14918964500066,5.73594469234393,5.862563481474612,0.11291581574515741,0.7157867058822835,0.1962994273307794,0.6963091663025563,11.7393688751255,0.1390566223985492,0.13905539520039234,0.016120162248828892,0.65
57.18004788500002,5.739546147193843,5.886462772838063,0.10804364549740145,0.7169787409035238,0.1747664910499805,0.7973858307694781,11.720041911481218,0.13545390205783497,0.1354539403504793,0.024050332137327258,0.65
57.38486195100086,5.749511531796007,5.957780160089529,0.09560752654651657,0.7105074877166617,0.17980836958237423,0.8073347976604395,11.663035693122076,0.12548451986124046,0.12548855574831475,0.024774435808958443,0.65
57.39847017100146,5.752545398728932,5.981419584144406,0.09101600798774614,0.7091827216463291,0.19012794787230114,0.8230740708457389,11.644369724849668,0.12244905626204224,0.1224546888153899,0.03228916866003286,0.7000000000000001
57.40342825800144,5.752545398728932,5.981419584144406,0.09101600798774614,0.7091827216463291,0.18403095741123926,0.8443573104112523,11.644369724849668,0.12244905626204224,0.1224546888153899,0.03228916866003286,0.7000000000000001
57.43022767600087,5.75541286047018,6.00505691499506,0.08602385223743346,0.7091199255195915,0.17327655390675578,0.859852464960994,11.625843542671461,0.11957959418818026,0.11958722707414182,0.03792804723244812,0.7000000000000001
57.553390971001136,5.758051511173895,6.028615353744797,0.07915952111146322,0.7067531624921166,0.1670800650059835,0.8081209769299407,11.607555931290289,0.11693879442235872,0.11694857637042677,0.018734647021532706,0.7000000000000001
57.62735701100064,5.760462575221252,6.05207246298177,0.07233192142072092,0.7037132771091795,0.16645042509662028,0.7952600926225697,11.589522082483885,0.11452474043450463,0.11453751232306963,0.00866909385906271,0.7000000000000001
57.75430372200026,5.766005959688188,6.122183408447915,0.0467074896153902,0.7052416860732984,0.14116484619410008,0.8634612544322988,11.536941285817333,0.10896902061493652,0.10899412785613372,0.02115307957025035,0.7000000000000001
57.866219989000456,5.767294088341923,6.14602313040205,0.038643859612032254,0.7151916586240312,0.13746480066720568,0.9151964508798454,11.519537137067648,0.10767366048647532,0.1077059992023992,0.00029084512535125083,0.7000000000000001
57.905177370001184,5.768540191512262,6.17026500643272,0.03738309511017792,0.7272562809200961,0.05475942677710027,1.0017264120687819,11.501909389690566,0.10641987031315159,0.10645989603206019,0.000650212068469065,0.7000000000000001
58.051401736000116,5.7697119094203,6.194919710888423,0.03515153724115682,0.7396411336710954,0.011610577615417006,1.0217497592786247,11.484075672397598,0.10523653872219216,0.10528817812402202,0.0007514882039280752,0.7000000000000001
58.12004174499998,5.77075737950382,6.2199828973394355,0.031364102505590095,0.7518955935303727,0.009002895268171052,1.0018771215115376,11.46607832562263,0.10417835578200721,0.10424270804050195,0.00010726574477170649,0.7000000000000001
58.239182593000805,5.7716095017968225,6.245431404412575,0.025563668790069397,0.7634552121942,0.004670602604622598,0.9705566605041531,11.447983932262884,0.103307050021423,0.10339058574749949,7.962431635720997e-05,0.7000000000000001
58.350428375000774,5.7716095017968225,6.245431404412575,0.025563668790069397,0.7634552121942,0.003187373859596998,0.9388009178263743,11.447983932262884,0.103307050021423,0.10339058574749949,0.0,0.7000000000000001
58.35266806300024,5.772302393503929,6.271120833069978,0.020786751213195342,0.7706828597220934,0.003133921287045205,0.9350138800503331,11.429868609727379,0.10259326415835818,0.1026976940403932,6.859638109141379e-05,0.7000000000000001
58.37519079900085,5.772847202594665,6.296989389454269,0.016344272722087373,0.7760566915287124,0.0032567218836181966,0.9223032119133638,11.41176797431602,0.10201654213501134,0.10215288494965691,0.00017280899748200874,0.7000000000000001
58.41443621700091,5.77313457691768,6.323082926288754,0.008621229690436471,0.7828061050345303,0.0005354670281856322,0.9030961978598778,11.393731914763723,0.10169510585588933,0.1018655106266424,0.00032716111382829864,0.7000000000000001
58.47701044000132,5.773273107458466,6.349525149089173,0.00415591622357216,0.793266684012573,0.0005354670281856322,0.9030961978598778,11.375598496675925,0.1015025354717093,0.10172698008585623,0.00045531281757541344,0.7000000000000001
58.51385230300002,5.7730920987569085,6.376497859995336,-0.0054302610467287385,0.8091813271848862,-0.014672572660119843,0.8476957462157086,11.35737119682373,0.10162475866583272,0.10190798878741347,0.0009102696138198828,0.7000000000000001
58.581406367000454,5.7725385140681675,6.40398110067917,-0.016607540662240544,0.8244972205150055,-0.02027804956434104,0.8326828067885019,11.33910585973962,0.10208584977768122,0.10246157347615448,0.0014208604458027714,0.7000000000000001
58.58338243600156,5.7725385140681675,6.40398110067917,-0.016607540662240544,0.8244972205150055,-0.04455910877831104,0.8181994086958727,11.33910585973962,0.10208584977768122,0.10246157347615448,0.0014208604458027714,0.7000000000000001
58.63443856400045,5.771614877818301,6.431907240304032,-0.027709087495987876,0.8377841887458652,-0.03642015924915787,0.7755297373731286,11.32085002615436,0.10290049484226887,0.10338520972602083,0.002549486327845302,0.7000000000000001
58.701200971001526,5.770333195884536,6.460185020942922,-0.038450458012950876,0.8483334191667089,-0.040876379686655584,0.7630755505803597,11.302659951613515,0.10402934291635094,0.10466689165978593,0.0029411958017385898,0.7000000000000001
58.74807145900013,5.766482414132872,6.517473089755052,-0.0647151515003473,0.8624213710876337,-0.05436414530721559,0.7182079057258998,11.266864235382686,0.10742893621655816,0.10851767341145013,0.007185031337040701,0.7000000000000001
58.82393854700058,5.763887116660803,6.546378238012297,-0.07785892416204734,0.8671544477173285,-0.06885274725926058,0.6886915245642375,11.249354636020145,0.10965436060964234,0.11111297088351879,0.008368483727794132,0.7000000000000001
58.94354040000144,5.76088125529077,6.575368893186037,-0.09017584110099847,0.8697196552122063,-0.08328239603271737,0.6362240993016259,11.232140256068437,0.11223558183353041,0.1141188322535518,0.0055791952630864575,0.7000000000000001
58.94552172800104,5.757547665808173,6.60433886436784,-0.10000768447793346,0.8690991354540677,-0.10115748849366349,0.6293547990851642,11.215232802242182,0.11492015264391785,0.11745242173614923,0.01082081534717023,0.7000000000000001
58.992753599000935,5.753849599171972,6.633199856546905,-0.1109419990860214,0.8658297653719527,-0.10687322611443713,0.5948642580149398,11.19872005612753,0.11781369553159418,0.12115048837234976,0.015843387695134166,0.7000000000000001
59.076338748000126,5.749751880709939,6.661922215830746,-0.12293155386100309,0.86167077851523,-0.11512036526579178,0.5555160953331769,11.18264927363187,0.1208771434481133,0.12524820683438342,0.008205372553331945,0.65
59.304167591000805,5.740594056457266,6.718357957986561,-0.14177761228512928,0.8408711809879555,-0.11286162856123469,0.5182753911652932,11.152053934830027,0.12682776771680962,0.13440603108705584,0.016914862315687836,0.65
59.32692831900022,5.735576793901191,6.745929710007832,-0.15051787668225153,0.8271525606381273,-0.14239144235963228,0.5066721786213637,11.137590646134818,0.1292786594509713,0.139423293643131,0.02385631049469084,0.65
59.42250567300107,5.730299278736245,6.77297952912163,-0.15832545494836525,0.8114945734139438,-0.16733558724412143,0.5000735669265877,11.123718764163074,0.13126722285929052,0.1447008088080768,0.0015306855548529374,0.651920240520265
59.4364794560006,5.724728879378534,6.799485969595738,-0.1671119807313282,0.7951932142232082,-0.19279057457232202,0.5187598476907935,11.110475752731988,0.13287343364140847,0.15027120816578776,0.0038196934540354922,0.651920240520265
59.46454998400077,5.718861384008753,6.825344884806684,-0.17602486109343687,0.7757674563284033,-0.28664038416225396,0.5443287006297609,11.097931858930652,0.1325794709646994,0.1561387035355688,0.006963377317684712,0.6576473218982953
59.54238896500101,5.7062896685296804,6.874972620486285,-0.19201143647292732,0.7328323798629743,-0.32123921413470247,0.5492965388967596,11.0749895604174,0.1264699703643094,0.15467105360794917,0.010182895789788066,0.6670832032063168
59.586411018000945,5.699677345465938,6.898659179641486,-0.19836969191226422,0.7105967746560173,-0.34592831132167273,0.5495730869672895,11.064570950165217,0.11965078424144658,0.14259774548409881,0.014729825500566245,0.6184658438426491
59.66633177600124,5.699677345465938,6.898659179641486,-0.19836969191226422,0.7105967746560173,-0.3650367361946345,0.5530551553724483,11.064570950165217,0.11965078424144658,0.14259774548409881,0.006393781742332011,0.6184658438426491
59.68035322000105,5.69289417489682,6.921617016750385,-0.20349511707354187,0.6887351132669912,-0.35696034264988574,0.5414598182152316,11.054800342326018,0.11205698573057046,0.13116052909038847,0.012965118570596467,0.632455532033676
59.692636451,5.685936839085499,6.9438687540579505,-0.20872007433963485,0.6675521192269496,-0.34635349585987696,0.5247740543766459,11.045663098474742,0.10408271605585294,0.12034575407820455,0.017965066894466294,0.632455532033676
59.70452129700061,5.685936839085499,6.9438687540579505,-0.20872007433963485,0.6675521192269496,-0.34635349585987696,0.5247740543766459,11.045663098474742,0.10408271605585294,0.12034575407820455,0.017965066894466294,0.632455532033676
59.79639035500077,5.678799263529973,6.965433507459667,-0.21412726666579196,0.6469426020515091,-0.44125485846996926,0.5706830302454102,11.037149128303131,0.09655114575015042,0.11014419878977882,0.0012139463328056522,0.65
59.831434031000754,5.671463141660334,6.986339365472123,-0.22008365608916108,0.6271757403736834,-0.481863177606584,0.5959563548125966,11.02925206873167,0.08853260620366289,0.10054894634428052,0.002798455846887813,0.65
59.90331166100077,5.663900330657644,7.006606538862817,-0.22688433008070363,0.6080152017208209,-0.5015234727486297,0.6056259671101127,11.021978426107625,0.0811015574170965,0.09156560554907134,0.004335402967473382,0.670820393249937
59.92174038600024,5.655967324044284,7.026339043894397,-0.2379901984008141,0.5919751509473908,-0.5477098386570849,0.6246267706981754,11.015369587741514,0.07424285703949382,0.08322210020294842,0.0067301921925597185,0.670820393249937
60.02478158800113,5.655967324044284,7.026339043894397,-0.2379901984008141,0.5919751509473908,-0.5798294113336796,0.6281336160921809,11.015369587741514,0.07424285703949382,0.08322210020294842,0.0,0.670820393249937
60.027681476,5.655967324044284,7.026339043894397,-0.2379901984008141,0.5919751509473908,-0.5410392807419677,0.6005933027726578,11.015369587741514,0.07424285703949382,0.08322210020294842,0.0,0.670820393249937
60.0573444340007,5.647465202793787,7.045611771039788,-0.2550636375149388,0.578181814361731,-0.5358241799149762,0.5945765042609459,11.009529407875446,0.06750379086488792,0.07560613173718155,0.003597010085014256,0.6264982043070835
60.07186105100118,5.647465202793787,7.045611771039788,-0.2550636375149388,0.578181814361731,-0.5347353650903768,0.5877702911120984,11.009529407875446,0.06750379086488792,0.07560613173718155,0.003597010085014256,0.6264982043070835
60.14250023000022,5.638383716273018,7.064498577679268,-0.27244459562306084,0.5666041991844345,-0.5297487461988993,0.5779441992209197,11.004418675991507,0.06145267105545442,0.06867272338953537,0.007849426239178102,0.651920240520265
60.1884213480007,5.628713507031095,7.082998577305445,-0.29010627725770166,0.5549999887853062,-0.5337003566380356,0.5623273044198066,11.00004562772604,0.05609699924815845,0.062429118732373896,0.01121858033279256,0.651920240520265
60.291098306001004,5.607898219281607,7.1188632408189925,-0.31919668282997293,0.5324993941853856,-0.6341485886142065,0.5333328686531382,10.99327353905418,0.046446981792935334,0.051787603076983095,0.00466732612104859,0.6800735254367722
60.313085772000704,5.596531171246912,7.136428317971861,-0.34101144104084363,0.5269523145860506,-0.6578485018699604,0.5201821813108545,10.99091955626642,0.04253219538313126,0.04740493465753057,0.0065336541509142905,0.6403124237432849
60.38075919700168,5.596531171246912,7.136428317971861,-0.34101144104084363,0.5269523145860506,-0.679864161524417,0.5047922797614584,10.99091955626642,0.04253219538313126,0.04740493465753057,0.006573925336984838,0.6403124237432849
60.389422354001,5.584321294566911,7.1539000840785745,-0.36629630040003347,0.5241529832014081,-0.6965095191900843,0.48566558726814874,10.989316987699018,0.03911655057680501,0.04368421696204823,0.009222736543072263,0.6726812023536856
60.401977561999956,5.584321294566911,7.1539000840785745,-0.36629630040003347,0.5241529832014081,-0.6965095191900843,0.48566558726814874,10.989316987699018,0.03911655057680501,0.04368421696204823,0.009222736543072263,0.6726812023536856
60.526108234000276,5.571216294252448,7.171330209772187,-0.39315000943390765,0.522903770808399,-0.7034413582496057,0.4618726051557422,10.988476535054367,0.03621330288082979,0.040625891476969635,0.0025351783880677814,0.6726812023536856
60.527842954001244,5.557291787045844,7.188647594823652,-0.417735216198127,0.5195215515439486,-0.7393736858546436,0.45000630331442837,10.988387310256737,0.03397282436017209,0.038226764545131076,0.004399263026116169,0.6726812023536856
60.6101093289999,5.5425877346351955,7.205801537295539,-0.4411215723194517,0.5146182741566138,-0.740298840706715,0.4493431874451309,10.98905260350375,0.03227353276858422,0.03649443066966787,0.0017995986231398222,0.6726812023536856
60.61221539300095,5.52718653937971,7.222728960727688,-0.4620358576645594,0.5078227029644777,-0.7549076031579532,0.4219175485210944,10.990449835116216,0.031042045927246877,0.035415224376311144,0.0029470663624016798,0.6726812023536856
60.654296399001396,5.511095110612737,7.2394249639963,-0.48274286300920993,0.500880098058389,-0.7365221581364256,0.3938004359475703,10.992578270068291,0.03046009065292552,0.03498772564646959,0.003524247143498544,0.6726812023536856
60.72845957000027,5.494205471350669,7.255789305947366,-0.5066891778620483,0.49093025853197764,-0.7361699935895185,0.3720619450485301,10.995586364260669,0.03050989530007095,0.035359166937218266,0.00045656849003616033,0.6800735254367722
60.74230814100156,5.476505972331381,7.271761942806544,-0.530984970578629,0.4791791057753241,-0.7100757211357409,0.3113162703092888,10.999521999202575,0.03120283758783727,0.03658024288080656,7.44379368949538e-05,0.6800735254367722
60.849475050001274,5.438774599383862,7.302486820644875,-0.5771480793303767,0.454534374132025,-0.6896189588300845,0.2459416256332882,11.010132191022267,0.03475796306691851,0.041534583084863734,0.0030314797335203526,0.6946221994724903
60.85147589300141,5.438774599383862,7.302486820644875,-0.5771480793303767,0.454534374132025,-0.702100613964836,0.20790549106570932,11.010132191022267,0.03475796306691851,0.041534583084863734,0.0030314797335203526,0.6946221994724903
60.88057968100111,5.418780306838273,7.317168684882121,-0.5998287763676752,0.44045592711741033,-0.6833904354011878,0.23622929514464705,11.01682240985497,0.03744862489901957,0.04529103716626012,0.005750895821602162,0.6946221994724903
60.980530374999944,5.3980838946841265,7.331401388163357,-0.6208923646243816,0.42698109843706805,-0.6790065847140351,0.2234342601770115,11.024394363052908,0.04094485160075188,0.04986156954191095,0.004009963674210198,0.670820393249937
61.09009706899997,5.332406757732412,7.371208395217169,-0.6730588898107566,0.38253450964965763,-0.6549589889178722,0.15226456125169627,11.052028217592106,0.05295835624445192,0.06815451382289464,0.004392067955068121,0.696419413859206
61.113222922000205,5.309474376181464,7.383396624804737,-0.6879714465284568,0.3656468876270235,-0.6867596755169582,0.14017718784309924,11.06282521070882,0.057255325804044584,0.0757517765342997,0.007766388230243275,0.696419413859206
61.209824336001475,5.26255159507825,7.405748071236628,-0.7073960817328976,0.3245645080035866,-0.6950892303374023,0.1295372225948393,11.086636243487296,0.06525956564883746,0.093126333903196,0.006125778771334344,0.7280109889280518
61.26374702600151,5.238831862239481,7.41573952229779,-0.7115919851630618,0.29974353183486735,-0.7221604384751715,0.17198659686872142,11.09953327394598,0.06835060179842517,0.1028336950421816,0.00848601797307574,0.7158910531638177
61.335776265001186,5.215007998401076,7.424885141547078,-0.7147159151521402,0.27436857747864013,-0.7189579040741589,0.18546485589937312,11.113066239432564,0.06859299202368925,0.10011497058416019,0.013335950706502052,0.7158910531638177
61.34157923600105,5.191188328582485,7.43328627242991,-0.7145900945577414,0.2520339264849443,-0.6601865534150281,0.23092360475231324,11.127083954125466,0.06788244903913096,0.0917138397013284,0.018424730300388686,0.7071067811865476
61.44763417300055,5.167424908844269,7.440973659789768,-0.7129025921465016,0.23062162079576512,-0.6179614660150986,0.30211995344310855,11.14152276660374,0.06633144115918088,0.08402645234146977,0.0023474093493711947,0.7071067811865476
61.44992861300125,5.1437406568942645,7.447932846828513,-0.7105275585001357,0.20877561116234084,-0.620357842259244,0.2936626630627258,11.156369428773493,0.06409624606614348,0.07706726530272512,0.005332196029367524,0.70178344238091
61.505856073999894,5.120145778608386,7.4541717389852975,-0.7078463485763706,0.1871667647035418,-0.674368001850233,0.39187472692157277,11.171607543784667,0.06204395679590397,0.07082837314594048,0.008334779083693388,0.7516648189186454
61.574087322000196,5.096638600624162,7.4596150800399785,-0.7052153395267077,0.163300231640429,-0.693105977385994,0.3787488163559981,11.187279757519399,0.0600138576044532,0.06538503209125945,0.004057803060211631,0.75
61.59020822000093,5.073206324523388,7.464414118432926,-0.7029682830232469,0.14397115178844336,-0.7050278398424819,0.47981341704127567,11.203303265165896,0.058425171319493485,0.060585993698311746,0.006865921376391524,0.75
61.616802865000864,5.073206324523388,7.464414118432926,-0.7029682830232469,0.14397115178844336,-0.7041809854988609,0.5001547701253153,11.203303265165896,0.058425171319493485,0.060585993698311746,0.006865921376391524,0.75
61.63422891200025,5.049779746680155,7.4687502685876055,-0.7027973352969731,0.1300845046403728,-0.7067375652133637,0.5143197015963631,11.219623863301196,0.057144506718866006,0.056249843543632494,0.009943607410375713,0.75
61.68748840600165,5.026340352780207,7.4726166151913755,-0.7031818169984339,0.11599039811311133,-0.70225709264912,0.5339176635457051,11.236258715552175,0.05628190726064667,0.05238349693986244,0.01774186566943287,0.75
61.71809620200111,5.002899756030563,7.476096319996682,-0.7032179024893384,0.10439114415918747,-0.6905169065861937,0.5816326176686825,11.253147684572093,0.05609971370852339,0.04890379213455631,0.02207700944467541,0.75
61.7507351029999,5.002899756030563,7.476096319996682,-0.7032179024893384,0.10439114415918747,-0.6852000349209196,0.6191160442409375,11.253147684572093,0.05609971370852339,0.04890379213455631,0.02207700944467541,0.75
61.81193061200065,4.979569367187848,7.47931782531351,-0.6999116652814599,0.09664515950485289,-0.6843876145297646,0.6311117151489627,11.27012366330333,0.056341552540742995,0.04568228681772801,0.009615474931340478,0.75
61.813916467001036,4.979569367187848,7.47931782531351,-0.6999116652814599,0.09664515950485289,-0.6942546632464803,0.6646036518883068,11.27012366330333,0.056341552540742995,0.04568228681772801,0.009615474931340478,0.75
61.84627747600098,4.956426339960099,7.482510920704063,-0.6942908168324853,0.09579286171657767,-0.7201073296597992,0.7287177836919341,11.286988127537677,0.05705715544477089,0.04248919142717522,0.019155883837017433,0.75
61.92819089400109,4.933447090703286,7.485736531787405,-0.6893774777043926,0.09676833250028526,-0.7446504820255386,0.7913568196361196,11.30372387604491,0.05847347935180215,0.039263580343832594,0.00821894319330858,0.75
61.93320450700048,4.910450177107364,7.489123441221601,-0.6899074078776399,0.10160728302585507,-0.7578141537342488,0.8328801390017577,11.320402591022626,0.05980095879739283,0.03871479042100104,0.016304943120254177,0.75
61.96926408800027,4.887341014791387,7.492730769937063,-0.6932748694793189,0.1082198614638801,-0.7536618730651711,0.8450362924942896,11.337067180549008,0.06301280878971373,0.0494468463968515,0.022435083529549257,0.75
62.050774711000486,4.86404865784697,7.496927082987277,-0.6987707083325122,0.12588939150640918,-0.7455967904846355,0.8508332873470321,11.353561958346168,0.06578401584769437,0.06294978852827851,0.008033234415491596,0.75
62.05552404300033,4.840539174701727,7.501862711768052,-0.7052844943573062,0.1480688634232471,-0.7422606235065097,0.8747570840836885,11.369829833800955,0.06697884540931147,0.0731374011082444,0.01553529619916143,0.7648529270389178
62.095202183001675,4.8168028705404495,7.5075914057118105,-0.7120891248383159,0.17186081831277775,-0.7261660838240099,0.8823244354940449,11.385850869322452,0.06710042690313198,0.06740870716448555,0.02252988105725994,0.7648529270389178
62.098206618000404,4.8168028705404495,7.5075914057118105,-0.7120891248383159,0.17186081831277775,-0.7261660838240099,0.8823244354940449,11.385850869322452,0.06710042690313198,0.06740870716448555,0.02252988105725994,0.7648529270389178
62.16905804800081,4.792867262747736,7.51403958869796,-0.7180682337814123,0.19344548958447663,-0.7104730574754565,0.8834411299922267,11.401648754810443,0.06654770988955146,0.06096052417833597,0.01434513288485145,0.7762087348130012
62.18139923099989,4.7687537245854115,7.52128454018564,-0.723406144869727,0.2173485446304033,-0.6517446655468644,0.9189025967765297,11.417164891234563,0.06525274658727184,0.05371557269065619,0.028319939441811975,0.7762087348130012
62.21931267600121,4.744424193079723,7.529368422324173,-0.7298859451706347,0.24251646415599099,-0.6101516170694192,0.9316492965782179,11.432409982526988,0.06394999983607542,0.04563169055212324,0.041926908050107604,0.7905694150420949
62.28994986900034,4.719770116066398,7.538519554673753,-0.7396223103997651,0.27453397048741635,-0.5709447140726698,0.9360130183272165,11.447346343578486,0.062269428533992595,0.03648055820254292,0.03441865565657819,0.7905694150420949
62.309871380000914,4.719770116066398,7.538519554673753,-0.7396223103997651,0.27453397048741635,-0.5122124670073613,0.9245526520034825,11.447346343578486,0.062269428533992595,0.03648055820254292,0.03441865565657819,0.7905694150420949
62.350037934000284,4.69470023797114,7.548645591912172,-0.7520963428577314,0.30378111715255973,-0.5003340798054495,0.921238091586304,11.46210749356295,0.06099307428574907,0.02635452096412383,0.05093108047779716,0.8
62.40769422400081,4.669238242537804,7.55989203341763,-0.7638598630000701,0.33739324516374825,-0.5003340798054495,0.921238091586304,11.476597036603039,0.060585014010991436,0.01616949958252221,0.03950832259678799,0.7615773105863909
62.412981687000865,4.643552352963672,7.572470645795288,-0.7705766872239616,0.3773583713297403,-0.4319693231052923,0.880837627810084,11.49056315291566,0.05992807111170076,0.024025497056646278,0.05792685541885019,0.7826237921249265
62.449096141001064,4.643552352963672,7.572470645795288,-0.7705766872239616,0.3773583713297403,-0.38522075506209985,0.8401202596061359,11.49056315291566,0.05992807111170076,0.024025497056646278,0.05792685541885019,0.7826237921249265
62.47874570300155,4.617723782410956,7.586368542694841,-0.7748571165814849,0.41693690698657626,-0.3723785154261175,0.8276132570552241,11.503953973667059,0.06230733828708271,0.03246175730092153,0.07523566455368436,0.7826237921249265
62.53570464900076,4.591880902768094,7.601617417084045,-0.7752863892858692,0.45746623167609524,-0.3547860793824287,0.8118665583129175,11.516653375051776,0.06356160092207215,0.039952850255709764,0.032816740758434236,0.7632168761236874
62.56355489900125,4.5660969269304506,7.61815941536655,-0.7735192751293064,0.4962599484751602,-0.31111721517115626,0.7655338626919393,11.528641080859716,0.06635078456809641,0.0464879152565214,0.047724127324664516,0.7632168761236874
62.64613907800049,4.540470117651713,7.635917585133154,-0.7688042783621106,0.5327450929981343,-0.2586072732981809,0.7356317966954756,11.539886179581696,0.06834289665743175,0.05205188361426322,0.019633611193572265,0.7905694150420949
62.68939013800082,4.51496645752418,7.65472709037293,-0.7651098038260189,0.5642851571932554,-0.17998702165474323,0.6642371462638701,11.550515611433074,0.07076566493425974,0.05678536592971008,0.03885479276797017,0.75
62.69920653700137,4.51496645752418,7.65472709037293,-0.7651098038260189,0.5642851571932554,-0.17998702165474323,0.6642371462638701,11.550515611433074,0.07076566493425974,0.05678536592971008,0.03885479276797017,0.75
62.759278594001444,4.489678512585773,7.674469571034829,-0.7586383481521928,0.5922744198569895,-0.147895819684749,0.636953937295286,11.560524226219714,0.07283585360331486,0.060706601324455725,0.019719442476004823,0.7810249675906654
62.817266581001604,4.4398976028278305,7.715969173465701,-0.7389523244454801,0.6302115497195433,-0.09387940013110449,0.5986201484007483,11.579008071419231,0.07703119501174698,0.06656236989251786,0.05565667849513249,0.7778174593052023
62.86963598500006,4.4398976028278305,7.715969173465701,-0.7389523244454801,0.6302115497195433,-0.09387940013110449,0.5986201484007483,11.579008071419231,0.07703119501174698,0.06656236989251786,0.03433434550374325,0.7778174593052023
62.898644570001125,4.415855790672,7.737266098099849,-0.7212543646749087,0.6389077390244425,-0.0057777638454367675,0.5818424922560226,11.587365178221084,0.07894499246841341,0.06850329847269339,0.05031527290414213,0.7778174593052023
62.993550988001516,4.392500447601646,7.758756524716904,-0.7006602921106325,0.6447127985116408,0.0481248298506588,0.5846441488665558,11.595124681202641,0.0808294929091214,0.06982199354316834,0.0199075871324719,0.7810249675906654
63.011882581000464,4.369780085693086,7.7803647314678095,-0.6816108572567897,0.6482462025271729,0.0382401946870039,0.5818227299090933,11.602369133416278,0.08255484791894777,0.07060840599687696,0.03882728912912799,0.7810249675906654
63.121126584001104,4.369780085693086,7.7803647314678095,-0.6816108572567897,0.6482462025271729,0.10920782392897674,0.622019878084664,11.602369133416278,0.08255484791894777,0.07060840599687696,0.0,0.7810249675906654
63.12312883800041,4.347786387108881,7.80208849051051,-0.6598109575261468,0.6517127712810118,0.1081130371545278,0.6560593937508853,11.609020619019462,0.08454707844681751,0.07079928207718514,0.01886664528206989,0.7905694150420949
63.15541923300043,4.326449232470196,7.823864291311081,-0.6401146391605462,0.6532740240171576,0.10611870320622008,0.7583152392827979,11.615169996145667,0.08612411870545829,0.07048911240157368,0.0369994780984899,0.7905694150420949
63.21660143200097,4.326449232470196,7.823864291311081,-0.6401146391605462,0.6532740240171576,0.11029875616203061,0.7919114675644391,11.615169996145667,0.08612411870545829,0.07048911240157368,0.015309961812841636,0.7905694150420949
63.230503107000914,4.305677323962381,7.845637051677292,-0.6231572552344631,0.6531828109863024,0.11523549097123015,0.8264095304869439,11.620921330587203,0.08890170658719346,0.06978140326553954,0.030072874562383813,0.7905694150420949
63.26331226500042,4.285892487312176,7.867254074990348,-0.5935450995061328,0.648510699391691,0.13321451107076615,0.925896298827237,11.62599793722328,0.09100407659114522,0.06848585165183757,0.04420689627627584,0.8062257748298549
63.338767021999956,4.285892487312176,7.867254074990348,-0.5935450995061328,0.648510699391691,0.14774700540571029,0.992079526592002,11.62599793722328,0.09100407659114522,0.06848585165183757,0.019732551591289144,0.8062257748298549
63.344972963001055,4.267302955364164,7.888591335573247,-0.557685958440381,0.6401178174869715,0.20647448040352134,1.0116639187536258,11.630284982239516,0.09425028261080184,0.06654291410124857,0.03800612251823659,0.8062257748298549
63.37645088700083,4.249961900079663,7.909613612192283,-0.5202316585350177,0.6306682985710663,0.2526501768460191,1.0367354364501895,11.63374979102771,0.09739986106714132,0.06393989753255029,0.05315602980451445,0.8
63.45656537600007,4.233915536885208,7.93032907388754,-0.4813908958336532,0.6214638508577028,0.29024564274912135,1.0929611184123507,11.636342293428484,0.1001222217603679,0.06063834632060527,0.03182986552056246,0.8
63.45877969200046,4.233915536885208,7.93032907388754,-0.4813908958336532,0.6214638508577028,0.2521437389012308,1.1369543297248612,11.636342293428484,0.1001222217603679,0.06063834632060527,0.03182986552056246,0.8
63.5243507590003,4.219164350009415,7.950734574451489,-0.44253560627377847,0.6121650169184656,0.2433638125544565,1.2167130281399843,11.638057329983006,0.10549360167556934,0.060880568065070674,0.04494253655451346,0.8
63.61120805500104,4.205706630263754,7.970858285589041,-0.40373159236982115,0.6037113341265598,0.22534640645606663,1.218709113032886,11.638875351241595,0.11006526725421026,0.06941710668399273,0.01419687132800171,0.8
63.63632783000139,4.193465280146544,7.991008499907501,-0.36724050351629817,0.6045064295537885,0.22521950880079777,1.2175731146248892,11.638694398594044,0.11397152136270175,0.08153478355592014,0.02717920037177171,0.75
63.70447273400168,4.182388351958386,8.011369173096403,-0.3323078456447192,0.6108201956670617,0.23054980311093695,1.2143940564547522,11.637458749559178,0.11877663961272156,0.09261171174407767,0.028752009320773153,0.75
63.73543459100074,4.172531395282737,8.032288939162642,-0.29570870026947876,0.6275929819871627,0.23651396834500493,1.2120256895525645,11.63493663134677,0.12227756511095544,0.10246866841972668,0.04116923959015443,0.75
63.80604219199995,4.163876506298122,8.054040748395614,-0.25964666953848,0.6525542769891751,0.2386380791079241,1.2107549062901901,11.631000531087386,0.12498860020254515,0.11112355740434232,0.016387657028026036,0.75
63.821654950001175,4.156272443030361,8.076843055875372,-0.22812189803282265,0.6840692243927524,0.2519354129666699,1.143481784975327,11.625667176587934,0.12706736728391535,0.11872762067210285,0.03221202393722651,0.75
63.92870155500168,4.143988944754494,8.126379346638526,-0.171920137888136,0.7634690025386858,0.27958095671523275,1.0473997382822413,11.610611518883811,0.12751842766501115,0.12701893045418725,0.0339287818534274,0.7000000000000001
63.94295031300135,4.138877413605697,8.153155583166185,-0.15334593446392655,0.8032870958298087,0.2188944639636457,1.040306109752098,11.601246557986872,0.1257755698848133,0.112155020272663,0.049559024401605374,0.7000000000000001
63.99831772100151,4.134272925888215,8.18117877048922,-0.13813463152446587,0.8406956196910368,0.2824571403296533,0.8995497784056786,11.590865406111492,0.12237816735734505,0.10075576558322974,0.06261688322987759,0.7000000000000001
64.05764494300092,4.130181373865979,8.21035138527826,-0.12274656066707587,0.8751784436712038,0.27198365747513126,0.9644724503460489,11.57951830789617,0.1194978524653787,0.09594357354729993,0.02149884909965616,0.7000000000000001
64.0966726860006,4.1264299584801005,8.240585554771075,-0.1125424615763684,0.9070250847844512,0.26042093034599334,1.0312241703566614,11.567404074124005,0.11780868528378886,0.09857010447730552,0.030212869285268423,0.7000000000000001
64.10191389200008,4.1264299584801005,8.240585554771075,-0.1125424615763684,0.9070250847844512,0.26042093034599334,1.0312241703566614,11.567404074124005,0.11780868528378886,0.09857010447730552,0.030212869285268423,0.7000000000000001
64.16624528500142,4.122849882295715,8.27179540485827,-0.10740228553155143,0.9362955026158775,0.2541726829213255,1.0635806673747452,11.554717360196994,0.11669509733147593,0.1021501806616909,0.024912955187274637,0.7000000000000001
64.17677556300077,4.119286111161466,8.303898570443963,-0.10691313402747984,0.9630949675707485,0.23544620537912161,1.1641181877719613,11.541639463809114,0.1166446924208142,0.10571395179594045,0.034629727329729604,0.7000000000000001
64.21356203899995,4.115808384771088,8.336858669494301,-0.10433179171132931,0.988802971510176,0.23028199437402147,1.1879914299903462,11.528134289857588,0.11736263418186216,0.10919167818631781,0.04367326636999761,0.7000000000000001
64.28670561000035,4.112535557794006,8.370539979089921,-0.09818480931247309,1.0104392878686141,0.23016486503314038,1.193794506001055,11.514172055147343,0.11833112040278594,0.11246450516340012,0.029025592921415405,0.7000000000000001
64.29222009800105,4.109409334586856,8.404783655279404,-0.09378669621449484,1.0273102856845155,0.21986038666073612,1.1250745545082486,11.499886567136777,0.11996112450878232,0.11559072837054973,0.04000071916345021,0.7000000000000001
64.30669242000113,4.109409334586856,8.404783655279404,-0.09378669621449484,1.0273102856845155,0.21986038666073612,1.1250745545082486,11.499886567136777,0.11996112450878232,0.11559072837054973,0.04000071916345021,0.7000000000000001
64.35745304000011,4.106590730730196,8.439359791369904,-0.08455811569980215,1.0372840827149783,0.22674209702152548,1.0731374485014162,11.485254737910145,0.12157611514414739,0.11840933222720995,0.04968326869577126,0.7000000000000001
64.42473933100155,4.104082611679957,8.474094666388774,-0.07524357150716025,1.0420462505661172,0.22964796752615577,1.0812750428977929,11.470360729152079,0.12315806111296762,0.12091745127744868,0.032113289518997154,0.7000000000000001
64.51237800700073,4.101869336645379,8.509075935736847,-0.06639825103736546,1.0494380804421763,0.22064191310346554,0.9422258709626434,11.455175627368998,0.12477907949097959,0.12313072631202715,0.018371525295425673,0.7000000000000001
64.5139813450005,4.101869336645379,8.509075935736847,-0.06639825103736546,1.0494380804421763,0.21324447760019966,0.908046120045951,11.455175627368998,0.12477907949097959,0.12313072631202715,0.018371525295425673,0.7000000000000001
64.6437791820008,4.09996859404215,8.544367834710037,-0.057022278096850725,1.0587569691956993,0.21538028071413018,0.7373627824354395,11.439653704380554,0.12621703317145086,0.12503146891525585,0.017300857590417756,0.65
64.74640981100129,4.098468668854777,8.58003008746737,-0.04499775562117861,1.069867582719972,0.22308254988374027,0.7207522692134678,11.423690157000278,0.12736537869708225,0.1265313941026287,0.017198847209805627,0.65
64.76153429000078,4.097422003676759,8.616022641884536,-0.03139995534054911,1.0797766325150258,0.22399797445396197,0.6927324577831304,11.407259716375924,0.12817582800561836,0.1275780592806468,0.03348872074202659,0.65
64.8560776510003,4.096795908411621,8.652300835588527,-0.01878285795414715,1.088345811119716,0.21974671028001527,0.714508445854829,11.390413437794958,0.12863312957574577,0.12820415454578526,0.014481641093025202,0.65
64.88791631599997,4.096445051666794,8.688820007641407,-0.010525702344807947,1.095575161586433,0.21828513007278214,0.7997085173151603,11.373301214424233,0.12885672161866113,0.12855501129061242,0.028693552368854493,0.65
64.91925977100072,4.096445051666794,8.688820007641407,-0.010525702344807947,1.095575161586433,0.2139805720663362,0.842831606222094,11.373301214424233,0.12885672161866113,0.12855501129061242,0.028693552368854493,0.65
64.97497597300026,4.096424479456901,8.725471483995275,-0.0006171662967966347,1.0995442906160102,0.22160091540553245,0.8263881847737891,11.355927085207842,0.12878474761863853,0.12857558350050535,0.02033722598113644,0.65
64.99012103400128,4.096662989639286,8.76199418705896,0.007155305471575518,1.0956810919105369,0.22976546860227795,0.7602647785997756,11.33847685546188,0.12848838886127348,0.12833707331811972,0.04027301939684134,0.65
65.00783477000004,4.096662989639286,8.76199418705896,0.007155305471575518,1.0956810919105369,0.23047944483563257,0.7319591221233404,11.33847685546188,0.12848838886127348,0.12833707331811972,0.04027301939684134,0.65
65.03148137700009,4.096662989639286,8.76199418705896,0.007155305471575518,1.0956810919105369,0.2369305889703138,0.7086298793484049,11.33847685546188,0.12848838886127348,0.12833707331811972,0.04027301939684134,0.65
65.09198120800102,4.09700931927369,8.798018095678067,0.010389889032100022,1.0807172585731983,0.24371714301533973,0.6862563390730968,11.321255878764275,0.12809887214868007,0.127990743683716,0.016858332381616797,0.65
65.1213172530006,4.09700931927369,8.798018095678067,0.010389889032100022,1.0807172585731983,0.27552589542173156,0.6517279130350087,11.321255878764275,0.12809887214868007,0.127990743683716,0.016858332381616797,0.65
65.20645034900008,4.097365264032204,8.833313620039586,0.010678342755411005,1.058865730845594,0.28455011902301475,0.57417004461489,11.304454302886542,0.12771128170809437,0.12763479892520202,0.02027681152150388,0.65
65.314443923,4.097713782859123,8.867743902948742,0.010455564807564223,1.0329084872747005,0.28796149515441716,0.5353627082442459,11.288145704000122,0.12734167589954476,0.12728628009828302,0.018041664341285263,0.65
65.34164625500125,4.09810662060153,8.901295830593309,0.011785132272200516,1.0065578293369988,0.2817011062806992,0.5676845014498273,11.272284427473496,0.12693443341373392,0.1268934423558763,0.03556530858523122,0.65
65.36903485100083,4.09810662060153,8.901295830593309,0.011785132272200516,1.0065578293369988,0.27778532460097793,0.6013154339219322,11.272284427473496,0.12693443341373392,0.1268934423558763,0.03556530858523122,0.65
65.42342257300152,4.098622162936879,8.933994434415352,0.015466270060484445,0.9809581146612804,0.27778532460097793,0.6013154339219322,11.256783383513646,0.12640780925677275,0.12637790002052718,0.014056670094880618,0.65
65.47060480500113,4.099260880440172,8.96605202955104,0.019161525098782547,0.9617278540706651,0.28045909235692035,0.7448288341045616,11.24153924962108,0.1257616238996172,0.12573918251723448,0.027718356520103918,0.65
65.53115533200071,4.100005102475793,8.99772068582216,0.022326661068622702,0.9500596881335577,0.2762866618290715,0.7771679953294562,11.22644877734706,0.12501214345463968,0.1249949604816134,0.014372130457349966,0.7000000000000001
65.64229734000037,4.100795652955237,9.029006925328636,0.02371651438334903,0.9385871851942977,0.2783267646996661,0.790642251052235,11.21155913944728,0.12421746558556969,0.12420441000216886,0.01979415305435228,0.7000000000000001
65.69614998799989,4.101881844461764,9.059601798685499,0.032585745195816765,0.9178462007059135,0.25648341042080025,0.6676270852572838,11.196784390168355,0.12312887021045475,0.12311821849564186,0.03891344401540702,0.7000000000000001
65.75383112000054,4.103280685418418,9.089284737028718,0.04196522869960389,0.8904881502965808,0.2542933861631229,0.6846973172053639,11.182203025392708,0.12172831548018372,0.1217193775389882,0.014552787405229443,0.7000000000000001
65.79353562600045,4.105001468398056,9.118014568559897,0.051623489389141866,0.8618949459353532,0.2457254891397736,0.7368385821791071,11.16781869864507,0.12000651840597219,0.11999859455935002,0.028327248816457245,0.7000000000000001
65.79842579000069,4.105001468398056,9.118014568559897,0.051623489389141866,0.8618949459353532,0.2457254891397736,0.7368385821791071,11.16781869864507,0.12000651840597219,0.11999859455935002,0.028327248816457245,0.7000000000000001
65.86279519300115,4.107038343227022,9.145840277874145,0.06110624486898,0.834771279427432,0.23945777071869248,0.7582367372695834,11.153608439696502,0.11796939548507036,0.11796171973038394,0.013296900500915766,0.7000000000000001
65.87700065900026,4.109369106485274,9.172931309815645,0.0699228977475435,0.8127309582450252,0.21311859538314293,0.7798486524080122,11.139511278698265,0.11563863015704923,0.11563095647213206,0.025949993679160052,0.7000000000000001
65.97369021200029,4.1147295574122165,9.226062339189529,0.08338302568197403,0.7933514171825277,0.22448121125060866,0.826618037526159,11.111295790009546,0.11028001932734707,0.11027050554518958,0.023844380860429972,0.7000000000000001
65.98397691600076,4.11765910398579,9.252369565364342,0.08788639720722301,0.7892167852443869,0.19027284662213817,0.8447491665936169,11.097146056308516,0.10735253583650052,0.10734095897161566,0.03389181619830756,0.7000000000000001
66.01090057000147,4.1206480355742166,9.278551197962756,0.08966794765277304,0.7854489779523979,0.16670646928590327,0.8702808017062573,11.083042640924699,0.10436587419937894,0.1043520273831895,0.04259766941448675,0.7000000000000001
66.12018130300021,4.123666527139646,9.304496922982302,0.09055474696288977,0.7783717505864248,0.1458200008395465,0.8968599816672098,11.06905955008826,0.10135100590191459,0.10133353581776028,0.010260582122497777,0.7000000000000001
66.13553015400066,4.1267307908095185,9.330295463150359,0.09192791009617146,0.7739562050417051,0.13350119073476224,0.8973279733394096,11.055142698664318,0.0982908366053421,0.0982692721478875,0.020408360822038427,0.7000000000000001
66.14814924000166,4.129773624706026,9.356001192751254,0.0912850168952178,0.7711718880268601,0.1128065380534396,0.922749680553405,11.0413286636068,0.09525398747969416,0.09522643825138033,0.02875725854265739,0.7000000000000001
66.2125782359999,4.1327547682061585,9.38172849595902,0.08943430500397094,0.7718190962329925,0.10153010185540662,0.9318999017876424,11.027604612814253,0.09227981475016594,0.09224529475124754,0.01884018250139354,0.7000000000000001
66.24319209000168,4.13564322071135,9.40753202786508,0.0866535751557278,0.7741059571818216,0.08887988791728968,0.9512438655482067,11.013975744229132,0.08940114779325936,0.08935684224605644,0.02660242950214065,0.7000000000000001
66.27646292700047,4.138477514494419,9.433566855742953,0.0850288134920689,0.7810448363361537,0.08101651277131866,0.964432208104493,11.000342200088777,0.08657871435151215,0.08652254846298746,0.03401231180104147,0.7000000000000001
66.33407468100086,4.141170869234483,9.459873842463246,0.08080064220193035,0.7892096016087894,0.073853950377538,0.9693274993343749,10.986766968205007,0.08390146897186654,0.08382919372292275,0.013967947388307003,0.7000000000000001
66.38615348300118,4.143646813835521,9.486457706321449,0.07427833803112235,0.7975159157460784,0.09833071381055225,1.025573978212086,10.97331951886977,0.08144605399101301,0.08135324912188491,0.020596249965385553,0.7000000000000001
66.44283732700023,4.145849865721063,9.513364345215551,0.06609155656624681,0.8071991668230951,0.0720801214383342,1.0339683251049878,10.960033372463121,0.07926951830184241,0.07915019723634309,0.0137814439279333,0.7000000000000001
66.45302587200058,4.147789254761538,9.540609909378391,0.05818167121423397,0.8173669248851945,0.1281588626496766,1.0237380376472807,10.946896213817798,0.07736626078950491,0.07721080819586845,0.020456191150656586,0.7000000000000001
66.48047624600076,4.149388321445702,9.568205565278435,0.04797200052494503,0.8278696770012928,0.1370919632537964,1.0157560373011403,10.933976110087059,0.07581090296363381,0.07561174151170391,0.02728306691402328,0.7000000000000001
66.56639954800085,4.150634559138236,9.59615926966668,0.03738713077603316,0.8386111316473639,0.1852967698952208,0.9898719247938453,10.921284448269983,0.07462911560662687,0.07436550381916973,0.007472971645605755,0.75
66.60750782700052,4.150634559138236,9.59615926966668,0.03738713077603316,0.8386111316473639,0.19587940978233945,0.9820704627039352,10.921284448269983,0.07462911560662687,0.07436550381916973,0.007472971645605755,0.75
66.67674896500102,4.15151335472047,9.624485967596216,0.026363867467026347,0.8498009378860685,0.20968768075279215,0.9757726201906248,10.908831852473863,0.07382239334423808,0.0734867082369357,0.015056487525209387,0.75
66.70961731400166,4.15201570622093,9.653170536631814,0.015070545013806785,0.8605370710679374,0.1795807852040483,0.8426214068626214,10.89663635190027,0.07343609052877671,0.07298435673647585,0.030441628553296754,0.75
66.78485790800005,4.152127518636384,9.682244609050738,0.0033543724635957135,0.8722221725676911,0.17047520909614244,0.809240383410582,10.884701631176336,0.07346005833393078,0.0728725443210223,0.012463805813910314,0.75
66.84224376700149,4.151824290962495,9.711715848182429,-0.009096830216638957,0.8841371739507167,0.1910620842927352,0.764522874045424,10.873050985577926,0.07395667742409003,0.07317577199491065,0.025473532990000887,0.75
66.89152671300144,4.151007412786857,9.74156870435217,-0.024506345269154878,0.8955856850922195,0.20304341585724642,0.7231332240121552,10.861785159876092,0.07503278299189113,0.07399265017054901,0.03109305097359507,0.75
66.92066973000146,4.149710132028209,9.771851613871803,-0.03891842275945586,0.9084872855889738,0.21802326611725406,0.6948014691846675,10.85085880974433,0.07664911467772569,0.07528993092919745,0.04293707323600452,0.7000000000000001
66.9365051650002,4.149710132028209,9.771851613871803,-0.03891842275945586,0.9084872855889738,0.2365597152748362,0.6929888883598504,10.85085880974433,0.07664911467772569,0.07528993092919745,0.04293707323600452,0.7000000000000001
67.00426375100142,4.148336589016297,9.802289326385417,-0.041206290357353535,0.9131313754084052,0.2568723780049902,0.6910725903166866,10.840014837610347,0.0785107339911602,0.0766634739411094,0.011302608720924104,0.7000000000000001
67.06724542700067,4.146933237961106,9.832747290119672,-0.0421005316557336,0.9137389120276311,0.41466621695910805,0.777318810868539,10.829265148641637,0.08049061925014472,0.07806682499630035,0.02256519789096139,0.7000000000000001
67.12864807200094,4.145541540082631,9.86320859423602,-0.04175093635425336,0.913839123490463,0.41466621695910805,0.777318810868539,10.818578679575982,0.08270939857578209,0.07945852287477528,0.012915910537642952,0.7000000000000001
67.13168907100044,4.144267172561355,9.893568181626186,-0.038231025638284184,0.9107876217049895,0.4469584181066276,0.7884462207133711,10.80789918411377,0.08506450624458221,0.08073289039605136,0.025473071478253183,0.7000000000000001
67.13510650200078,4.144267172561355,9.893568181626186,-0.038231025638284184,0.9107876217049895,0.4520276656098183,0.817038008540859,10.80789918411377,0.08506450624458221,0.08073289039605136,0.025473071478253183,0.7000000000000001
67.17331374700007,4.143117320237672,9.923670670198417,-0.03449556971047309,0.903074657166953,0.5519267044513009,0.8130377748915685,10.797279257734884,0.0875259307311058,0.08188274271973395,0.036818201173723364,0.7000000000000001
67.23893414100166,4.142207810107373,9.953329154178565,-0.02728530390897982,0.8897545194044382,0.5672802840719263,0.8088754563501819,10.786681806777839,0.09034161964483539,0.08279225285003289,0.013260373742646747,0.7000000000000001
67.24109242800114,4.141604008389336,9.982430002872764,-0.018114051541107762,0.8730254608259908,0.5606279023860562,0.8342671936727744,10.77608618223563,0.09298397682668558,0.08339605456806964,0.026009410348116307,0.7000000000000001
67.26840300500044,4.141377084231115,10.010946896810985,-0.006807724746653596,0.8555068181466066,0.6496106428753357,0.7868308786263065,10.76543197736054,0.09635331562263977,0.08362297872629121,0.03744146852075429,0.7000000000000001
67.36052912200103,4.141677016580318,10.038945995174842,0.008997970476091275,0.8399729509157071,0.6812740516777311,0.7596926321194071,10.754550491406468,0.09923116510480921,0.08332304637708798,0.012199009583551237,0.7000000000000001
67.3771539850004,4.143968745237969,10.094234052709142,0.04256758386511943,0.8274522739256136,0.7720280788418004,0.7900690478773118,10.73166898344677,0.10674716009658868,0.08328275607713195,0.034679567696347426,0.7000000000000001
67.41308033800124,4.145893743761963,10.12182455638462,0.057749955719810946,0.8277151102643517,0.8247913190751192,0.761740212551513,10.719613389514643,0.11205685137229399,0.09192570237873643,0.04508524840522401,0.7000000000000001
67.46395697200023,4.148691839984297,10.149512885067118,0.08394288667001756,0.8306498604749288,0.8469331091177293,0.7422271736471295,10.70676807168465,0.11709550952892339,0.10665407897142204,0.011754378549786199,0.7000000000000001
67.4983379080004,4.152642084652992,10.177330281138843,0.1185073400608753,0.834521882151765,0.8916444678027202,0.6925510528565317,10.692860572329886,0.11995896609982175,0.12235797904947177,0.022584646469500504,0.75
67.56952390200058,4.152642084652992,10.177330281138843,0.1185073400608753,0.834521882151765,0.9048032692951424,0.6469788409234332,10.692860572329886,0.11995896609982175,0.12235797904947177,0.01308386119043765,0.75
67.60308217000056,4.157789876312928,10.205251578245637,0.15443374979806707,0.8376389132037885,0.9062485295551501,0.6472369312363022,10.67785593704578,0.1214176932799892,0.11721018738953592,0.025235995297578383,0.75
67.63398772600158,4.164005405028671,10.233299916724587,0.18646586147227667,0.8414501543684783,0.8917310743901129,0.6230273252660754,10.661864664555706,0.1219122620801509,0.11099465867379354,0.035889601661301944,0.75
67.68103595000139,4.171494760028517,10.261378727623386,0.2246806499953702,0.842364326963968,0.9192272441870393,0.6107157114215317,10.64472778293947,0.1214709828645715,0.1035053036739475,0.043828887014735744,0.75
67.72588620200077,4.180480507287561,10.289405550899243,0.269572417771315,0.8408046982756975,0.9036794297309273,0.5763247457253993,10.626264490488628,0.12082652439387834,0.0945195564149035,0.05479748387778362,0.75
67.78997420400083,4.190955550825278,10.317372586541081,0.3142513061315124,0.8390110692551641,0.8842841321159971,0.5523683751246575,10.606480662536999,0.1191312692046743,0.0840445128771865,0.02444827633825127,0.75
67.79184469600114,4.190955550825278,10.317372586541081,0.3142513061315124,0.8390110692551641,0.8891704678833635,0.5188729071070055,10.606480662536999,0.1191312692046743,0.0840445128771865,0.02444827633825127,0.75
67.83354356100062,4.216219786039022,10.373013972551075,0.3997100098230171,0.8329746979846351,0.8658080234790811,0.44648461982395027,10.563121516232124,0.11750279488541986,0.07589761411282905,0.04502779041140385,0.8
67.91053598300095,4.2307335328861235,10.400436486873977,0.435412405413049,0.8226754296870432,0.8556084717429088,0.37808599435591006,10.539885710317346,0.11900623411429016,0.08464270674576327,0.016735806633189947,0.8
67.97713058299996,4.2462650370645,10.427479282216563,0.4659451253512995,0.8112838602776131,0.792796639492598,0.27924287390209407,10.515869015080305,0.12064560178887644,0.09278241878818934,0.03264036635355733,0.8
68.01915284999995,4.262891795721533,10.454006002933419,0.4988027597109843,0.7958016215056771,0.8122006027162638,0.2590086445232176,10.491042371915588,0.1222371749722697,0.09978274909417958,0.03093759414327967,0.8321658488546619
68.07832370000142,4.29904542732053,10.5060246899026,0.5556505822912559,0.7766994398726532,0.8419396790674948,0.20475527439232583,10.43912683442999,0.1263617679226401,0.11100103733033785,0.05817795174812152,0.8500000000000001
68.14904475700132,4.318345417114522,10.53165487592741,0.578999693819782,0.7689055807443056,0.8949897650748615,0.13913080183557086,10.41219733309819,0.12898042838268603,0.11547716201138983,0.04758645309158999,0.8200609733428363
68.24023203300021,4.33836624979919,10.556844525026225,0.6006249805400178,0.755689472964427,0.915316340942586,0.10768038298486693,10.384769818965472,0.13076794151710233,0.11913206714854167,0.01994640712614603,0.8514693182963202
68.25520693600083,4.359081576533129,10.581430462997872,0.6214598020181941,0.7375781391494007,0.8623293497946489,0.0813140228924703,10.356921517485572,0.1327967708623996,0.12186900260206159,0.039146339115658776,0.8139410298049854
68.28026460799992,4.380403491640829,10.605278188367155,0.6396574532309811,0.7154317610784897,0.8542314611155792,0.06216010872845856,10.328777121518797,0.13401573132802005,0.1236550201660172,0.055385770554209686,0.848528137423857
68.29811264000091,4.380403491640829,10.605278188367155,0.6396574532309811,0.7154317610784897,0.8752769578049325,0.036047823330403184,10.328777121518797,0.13401573132802005,0.1236550201660172,0.055385770554209686,0.848528137423857
68.35217157600164,4.402193819522085,10.628395438272037,0.6537098364377044,0.6935174971464332,0.8549625161588936,0.015463334750574431,10.300460326952678,0.1351580185296635,0.12459329572702833,0.01471916867574759,0.8139410298049854
68.40048216800096,4.424258231543269,10.650798900217902,0.6619323606355143,0.6721038583759817,0.7627487504373871,-0.0093959253058426,10.27214519935326,0.13595570032783158,0.12483304022793211,0.028770273218305154,0.8514693182963202
68.52128071900006,4.468963475199099,10.693755330466804,0.6730440852921179,0.6348434944873707,0.6411107551233141,-0.023186365183251012,10.215643263680086,0.13760954208373413,0.12359644240886296,0.054968781956901594,0.8200609733428363
68.57130223500099,4.491829651921166,10.713960586318784,0.6859853016619963,0.6061576755593836,0.6999102685153515,-0.050583931344402394,10.18735492405678,0.13769675790428354,0.12171488721742461,0.020995190453376937,0.8500000000000001
68.61826561199996,4.515210559193333,10.7331526061135,0.7014272181650096,0.575760593841457,0.8000541837224217,-0.05948605908060925,10.15892956951269,0.1382369814449835,0.11875289647649118,0.04099583083238973,0.8321658488546619
68.689993942,4.539048744278859,10.751334029741967,0.7151455525657787,0.5454427088540246,0.8675152161697772,-0.06811827474248067,10.130417202397926,0.13770258393747886,0.11475296209064985,0.019223775229693145,0.8
68.69207720600025,4.563248839106859,10.768510795435855,0.7260028448400078,0.5153029708166125,0.9009996607071094,-0.07002560637506097,10.101902940779231,0.13808795400833104,0.1097867184334147,0.037459985024365386,0.8
68.72377384300125,4.587754586868961,10.784811405975017,0.7351724328630476,0.4890183161748543,0.9691504525903701,-0.07530205851492697,10.073395068872552,0.13847191093669925,0.1039848102625071,0.05442504283835922,0.8
68.76836691200151,4.587754586868961,10.784811405975017,0.7351724328630476,0.4890183161748543,1.0693462216924625,-0.09340205623458084,10.073395068872552,0.13847191093669925,0.1039848102625071,0.05442504283835922,0.8
68.81038457500108,4.612492474046222,10.800112651784808,0.7421366153178428,0.45903737429374125,1.1027903064656615,-0.10080909252419787,10.04500152145037,0.1385424185484363,0.09771942467955419,0.01726978957023343,0.75
68.87116865600001,4.63722285120448,10.81437140595495,0.7419113147477238,0.4277626251042459,1.2138186551938823,-0.15605742331237718,10.01696094760148,0.14164523492065226,0.09702751089805924,0.033431272244502735,0.75
68.92179994000071,4.661895502570627,10.827693277683682,0.7401795409844234,0.3996561518619968,1.2111003107334213,-0.17452759896349695,9.989284648527795,0.14432226791763555,0.1035258718208989,0.01882814692557242,0.75
68.9616229330004,4.686298243804764,10.84017936104532,0.7320822370240833,0.3745825008491454,1.2128489273457668,-0.1607748492208202,9.962138894471817,0.14754261293752705,0.11517920123036696,0.02839642495696342,0.75
68.96834207200118,4.686298243804764,10.84017936104532,0.7320822370240833,0.3745825008491454,1.2091270458617174,-0.16725981113602126,9.962138894471817,0.14754261293752705,0.11517920123036696,0.02839642495696342,0.75
69.03395546400134,4.71035438341608,10.851939789253658,0.7216841883394787,0.3528128462500997,1.2073934209237802,-0.17128674925915424,9.935559367125093,0.15197637942311668,0.12693962943870396,0.025138335181518062,0.7000000000000001
69.06649700600065,4.734316207289031,10.862903695120492,0.7188547161885438,0.3289171760050467,1.199800472044793,-0.18825458694301356,9.909330219147682,0.15570835308139086,0.13790353530553823,0.036432204812849166,0.7000000000000001
69.10809990800044,4.758435716735085,10.87318677650164,0.7235852833816274,0.30849244143444965,1.195499477715041,-0.19877227124290547,9.883174937119884,0.16000617151190621,0.14818661668668653,0.04700204828146636,0.7000000000000001
69.15488308700151,4.758435716735085,10.87318677650164,0.7235852833816274,0.30849244143444965,1.1605950623461456,-0.20727873082968692,9.883174937119884,0.16000617151190621,0.14818661668668653,0.016920352732611763,0.7000000000000001
69.27025963100095,4.782986830403855,10.882877238662875,0.7365334100631094,0.29071386483701667,1.0218915069106695,-0.21902089122614316,9.856805428937989,0.1637060918518751,0.15787707884792113,0.016771144787192122,0.7000000000000001
69.30084271400119,4.80818384178712,10.891963984806651,0.7559103414979254,0.27260238431330697,1.0277363897946148,-0.2480737118766638,9.830022512324353,0.16670650362538378,0.16530749574015188,0.03316646722800937,0.7000000000000001
69.37073828300163,4.80818384178712,10.891963984806651,0.7559103414979254,0.27260238431330697,1.0516532705717552,-0.272287740106331,9.830022512324353,0.16670650362538378,0.16530749574015188,0.018859275850381486,0.7000000000000001
69.40140284000154,4.834231824610445,10.900524667966163,0.7814394846997409,0.25682049478536056,0.9517199247313336,-0.25713824777784006,9.802606912467464,0.16889284428597953,0.1549040895061871,0.03760011502478025,0.65
69.43902435700147,4.861219820511884,10.9085743850685,0.8096398770431811,0.2414915130700657,0.8841317989333336,-0.2479146947312697,9.774469635767629,0.16909265004127583,0.14802024898645808,0.05423800309991774,0.65
69.48971803700078,4.889302966711227,10.916159797844793,0.8424943859802884,0.22756238328880474,0.8572745275934025,-0.25038409620258,9.745449105705406,0.1689460929644378,0.14560331941092403,0.03720258684506842,0.65
69.5203520440009,4.918501642466569,10.923208307107217,0.8759602726602518,0.21145527787271837,0.7629531151442207,-0.24523991579892457,9.715550295758945,0.17058458628486364,0.14835054535592793,0.055347774126600295,0.65
69.55719599000076,4.9487823948847645,10.929571202695078,0.9084225725458669,0.1908868676358481,0.7381064098809901,-0.2558402686401743,9.684854279489773,0.17151085600579236,0.1545710421350659,0.07309285270259011,0.65
69.62002997300078,4.9799705433581165,10.935110214605622,0.9356444542005613,0.16617035731632093,0.7381064098809901,-0.2558402686401743,9.653572636268365,0.17337641838866535,0.16011005404561018,0.06221404256904308,0.65
69.62197614700017,4.9799705433581165,10.935110214605622,0.9356444542005613,0.16617035731632093,0.7518017228561602,-0.2387253040095875,9.653572636268365,0.17337641838866535,0.16011005404561018,0.06221404256904308,0.65
69.66728002500167,5.011757162792532,10.939962622432581,0.9535985830324457,0.14557223480877426,0.5898797246823764,-0.261273353364915,9.621953756679357,0.17475544739576568,0.16496246187256958,0.08107267189077778,0.65
69.71931097700144,5.044037962245536,10.94410623050245,0.9684239835901357,0.12430824209607044,0.5572388433369024,-0.25756815797360905,9.590105000134432,0.17662832453802058,0.1691060699424387,0.04459114947683672,0.65
69.74409495200052,5.076711838026693,10.94755150267942,0.9802162734346952,0.10335816530909764,0.48897849389857595,-0.2527341755765442,9.558120148976283,0.17809166920601105,0.1725513421194087,0.0649978180895801,0.65
69.77827485300077,5.109660241802514,10.950452416751133,0.9884521132746326,0.08702742215137135,0.4841477440098604,-0.2523937841905728,9.526062090233047,0.1795530591067043,0.1754522561911216,0.08413361004991887,0.6000000000000001
69.82830020000074,5.142819955502321,10.952974116431905,0.9947914109942033,0.07565099042312778,0.5073144084391705,-0.2503093507558094,9.493937342398832,0.1810247403482074,0.17797395587189335,0.045313274904675044,0.6000000000000001
69.85575649600105,5.175868498641138,10.955224944479522,0.9914562941645082,0.06752484142848432,0.4222258806952769,-0.2461953284388646,9.462015282347064,0.18242688187508996,0.1802247839195097,0.06619382655743178,0.6000000000000001
69.93716012200093,5.240637312439379,10.958774967371083,0.9634916121353321,0.04827427629151563,0.4489541434349067,-0.24595496429932728,9.399766057480148,0.18499641382561788,0.18377480681107095,0.03688870196250073,0.6000000000000001
69.96225406200028,5.240637312439379,10.958774967371083,0.9634916121353321,0.04827427629151563,0.5477225137897767,-0.2462532593572021,9.399766057480148,0.18499641382561788,0.18377480681107095,0.03688870196250073,0.6000000000000001
69.99730604400065,5.240637312439379,10.958774967371083,0.9634916121353321,0.04827427629151563,0.5846221441959786,-0.2528104808609407,9.399766057480148,0.18499641382561788,0.18377480681107095,0.03688870196250073,0.6000000000000001
70.08525879300032,5.303030831085387,10.961063365174375,0.924533268989787,0.028962552307699365,0.5156463694249864,-0.26196272020654676,9.34021358194151,0.18674495577311068,0.18606320461436354,0.03835229871554099,0.6000000000000001
70.11266781800077,5.332868903376998,10.961672318047649,0.8951421687483311,0.0182685861982215,0.507375456039702,-0.2658476560818672,9.311911098409523,0.18718003052276042,0.18667215748763688,0.05571604524607416,0.6000000000000001
70.15806920500108,5.361662784589352,10.96196377818948,0.863816436370609,0.008743804254955937,0.5295568985101505,-0.26475903776865384,9.284708321731253,0.18735382159024083,0.186963617629468,0.07209647489670018,0.6000000000000001
70.1737004680017,5.361662784589352,10.96196377818948,0.863816436370609,0.008743804254955937,0.5295568985101505,-0.26475903776865384,9.284708321731253,0.18735382159024083,0.186963617629468,0.07209647489670018,0.6000000000000001
70.2032535110011,5.389469188616236,10.961986533537026,0.8341921208065249,0.000682660426368247,0.5677872664969084,-0.2616325518568473,9.25853528004127,0.18728621006526727,0.18698637297701381,0.08642247706911065,0.6000000000000001
70.26791848600078,5.416176663678647,10.961663202451675,0.8012242518723394,-0.009699932560506126,0.6283065327852668,-0.2589473639701362,9.23352292417608,0.18689491842688466,0.18666304189166283,0.027782173931008517,0.6000000000000001
70.28297218700027,5.441727516019021,10.96096241932777,0.7665255702112014,-0.021023493717148206,0.6886712324062423,-0.2602560057936475,9.209736116726404,0.18614554912322875,0.1859622587677574,0.040339615955648195,0.6000000000000001
70.31672012800118,5.4662338765108505,10.959884034348981,0.7351908147548953,-0.032351549363645385,0.7415387069165053,-0.26285590124351144,9.187069486666859,0.1850283360575115,0.1848838737889693,0.05208977740740112,0.6000000000000001
70.42155230400022,5.490113944140757,10.95846669843266,0.7164020288971839,-0.04252007748959491,0.6854275931263828,-0.2636373814713649,9.165116986691222,0.18358234418125116,0.18346653787264877,0.02695436020254579,0.6000000000000001
70.43329614100003,5.490113944140757,10.95846669843266,0.7164020288971839,-0.04252007748959491,0.6785767314261603,-0.26267708581572713,9.165116986691222,0.18358234418125116,0.18346653787264877,0.02695436020254579,0.6000000000000001
70.48663232500076,5.513362254913033,10.956722722376043,0.697449323168294,-0.052319281698564986,0.6923803617245945,-0.26515083837344283,9.143879910047993,0.18181543607333847,0.18172256181603075,0.02167449690894872,0.6000000000000001
70.51131916700069,5.536030556618428,10.954627862431352,0.6800490511618493,-0.06284579834072054,0.7242569135458945,-0.2644506746526207,9.123318393598156,0.1797023793078911,0.1796277018713397,0.03160850423808527,0.6000000000000001
70.54454110400002,5.558293459695052,10.952182803103199,0.6678870922987237,-0.07335177984457972,0.7448293059527019,-0.26341622666216347,9.103268848373508,0.17724365377117088,0.17718264254318683,0.041074496050699516,0.6000000000000001
70.59840117900058,5.558293459695052,10.952182803103199,0.6678870922987237,-0.07335177984457972,0.7769589095841176,-0.2639273465364463,9.103268848373508,0.17724365377117088,0.17718264254318683,0.010230689431873828,0.6000000000000001
70.63323538600162,5.580392713517191,10.949389440261529,0.6629776146641798,-0.0838008852501137,0.7347782982894567,-0.277580167518386,9.083504566797254,0.1744379977584603,0.17438927970151674,0.020080558816445396,0.65
70.70775524300007,5.602442527241121,10.946322708603006,0.6614944117179019,-0.0920019497556947,0.7391518100202511,-0.28078845996371415,9.063893394182951,0.17136285136026877,0.17132254804299407,0.011722979865895523,0.65
70.71549707500162,5.624584212870856,10.943068246812217,0.6642505688920421,-0.09763385372367762,0.6821177536612021,-0.2545208136136865,9.044273926579358,0.16809993978202153,0.16806808625220526,0.023360183016634485,0.65
70.74673138900107,5.646989211216102,10.93967068399257,0.6721499503574015,-0.1019268845893948,0.6748894824321932,-0.24680812734737845,9.024470775669505,0.16469702281510856,0.16467052343255872,0.0350554459723846,0.65
70.78619611000067,5.669758571661916,10.936176807707772,0.683080813374419,-0.10481628854395546,0.6638473204798431,-0.23635256964223647,9.004373811218297,0.16119775896195926,0.16117664714776048,0.04493249257184,0.65
70.8485511100007,5.692733778291,10.932672672315867,0.689256198872523,-0.10512406175717928,0.6161223227765542,-0.21464643275649564,8.984101943064973,0.15768980268876412,0.15767251175585528,0.024672414100044202,0.65
70.88414684500094,5.715809144839699,10.929178953718292,0.6922609964609572,-0.10481155792723101,0.6151580383350065,-0.21072409607907644,8.963747118437505,0.15419272247460805,0.15417879315828031,0.03635236374911075,0.65
70.93474945800153,5.739095883698839,10.925713548551876,0.6986021657742164,-0.10396215499249774,0.6256370538113609,-0.20738419634020305,8.943199210451974,0.15072473852263354,0.15071338799186407,0.02286458424327934,0.65
70.93810871500136,5.739095883698839,10.925713548551876,0.6986021657742164,-0.10396215499249774,0.6445174232484419,-0.2032364593817508,8.943199210451974,0.15072473852263354,0.15071338799186407,0.02286458424327934,0.65
70.9948661340004,5.762658973499258,10.922292808366782,0.7068926940125705,-0.10262220555283906,0.6636237546508599,-0.20268064720536108,8.922391965607089,0.1473019240387797,0.1472926478067702,0.033606959566750964,0.65
70.99869826100075,5.762658973499258,10.922292808366782,0.7068926940125705,-0.10262220555283906,0.6636237546508599,-0.20268064720536108,8.922391965607089,0.1473019240387797,0.1472926478067702,0.033606959566750964,0.65
71.0459785210005,5.786433223857674,10.918889471423709,0.713227510752491,-0.1021001082922178,0.692983203678709,-0.20305937447278374,8.901396336328162,0.14389692379267044,0.14388931086369716,0.021299667414619652,0.65
71.1546382330016,5.810406433232067,10.915496421614057,0.7191962812317747,-0.10179149428959514,0.7346841465955247,-0.20425868968102442,8.880226604256967,0.14050266355041294,0.14049626105404478,0.009741857597858674,0.65
71.17867891300011,5.834450579512774,10.912134923758558,0.7213243884212144,-0.10084493566496354,0.7634779638786028,-0.2039989911722811,8.858994918546719,0.1371401976856447,0.13713476319854578,0.019547897327409768,0.65
71.21784283100169,5.85845555617339,10.908823270992833,0.7201492998184701,-0.0993495829717494,0.794575934483073,-0.1960779394889278,8.83779744819523,0.13382795741315467,0.13382311043282158,0.028367919143731945,0.65
71.27833193100014,5.882364190049847,10.905581266279153,0.7172590162936948,-0.09726014141042465,0.8337842141935953,-0.18093668026353876,8.81668017744331,0.13058551812833763,0.13058110571914128,0.017511392594516978,0.65
71.28234930300096,5.906101881253969,10.902439039245392,0.712130736123675,-0.09426681101282929,0.8524446134182677,-0.16967877433405656,8.79570136362824,0.1274431953834657,0.12743887868538017,0.02545265683921075,0.65
71.32425593100015,5.929631448039086,10.899423573709585,0.7058870035535327,-0.0904639660742028,0.8923913396674651,-0.14447362061062793,8.774885283318397,0.12442772547403647,0.12442341314957339,0.033001666266331574,0.7000000000000001
71.38404689000163,5.952960408393568,10.896550868555467,0.6998688106344445,-0.08618115462357027,0.9110662765832248,-0.10556350431321762,8.754218437128207,0.12155538218292979,0.1215507079954552,0.011416159390931421,0.7000000000000001
71.40038586800074,5.952960408393568,10.896550868555467,0.6998688106344445,-0.08618115462357027,0.9258200174188963,-0.09504161493363045,8.754218437128207,0.12155538218292979,0.1215507079954552,0.011416159390931421,0.7000000000000001
71.42408413000157,5.976097232203903,10.893861285028079,0.6941047143100548,-0.0806875058216606,1.0061639274245944,-0.09753834951374404,8.733677440817635,0.11886618282338354,0.11886112446806685,0.01723562729701167,0.7000000000000001
71.43270566400133,5.976097232203903,10.893861285028079,0.6941047143100548,-0.0806875058216606,1.0273092774271189,-0.058444863237564745,8.733677440817635,0.11886618282338354,0.11886112446806685,0.01723562729701167,0.7000000000000001
71.4985777310012,5.999162211900339,10.891324842311175,0.6919493908930825,-0.07609328150714288,1.0383313039052497,-0.08504134802181876,8.713160685805859,0.1163306309972934,0.11632468175116273,0.008459593323206512,0.7000000000000001
71.50052771100127,6.022253774174309,10.888930000340915,0.6927468682190773,-0.0718452591077609,1.0538937226711411,-0.04480891996486703,8.692580435725159,0.11393668094449945,0.11392983978090321,0.017056947470997064,0.7000000000000001
71.53728228,6.045504047642948,10.88661255407688,0.697508204059172,-0.06952338792107546,0.9993142240302031,-0.07454062258129071,8.671837401851608,0.11162078803868172,0.11161239351686802,0.023950500364089102,0.7000000000000001
71.56814374700116,6.06907054000656,10.884401036276378,0.7069947709083835,-0.06634553401505129,0.9876542902184638,-0.06830548003728174,8.650774802692007,0.1094109339164346,0.10940087571636603,0.029139523890776974,0.7000000000000001
71.64474632600104,6.093078889720501,10.882336066429817,0.7202504914182252,-0.06194909539682634,0.9948947898007103,-0.15041446013829096,8.62926108398847,0.10734852866509478,0.1073359058698049,0.023316407519517628,0.7000000000000001
71.67334573600056,6.117653595547761,10.88051720266756,0.7372411748178035,-0.05456591286770523,1.0113338394976699,-0.1909814544142633,8.607143754056342,0.10553258265077418,0.10551704210754842,0.02893551183543753,0.7000000000000001
71.72498150400133,6.142878516773726,10.878921744168302,0.7567476367789292,-0.04786375497773713,0.9885778130545297,-0.21316871866548742,8.584353640724085,0.10394146416268422,0.10392158360829029,0.01984976444383479,0.7000000000000001
71.76043580200167,6.168875591866762,10.877687744347067,0.7799122527910873,-0.03701999463703038,0.9532593714283523,-0.2267575960217235,8.560726058589767,0.10271250861146226,0.10268758378705556,0.026634553467716468,0.7000000000000001
71.83464531500067,6.195586224901816,10.876684307312283,0.8013189910516139,-0.030103111043505666,0.9543981914580504,-0.23703821596313873,8.536364635059167,0.10171671501054338,0.10168414675227133,0.008851053139779075,0.7000000000000001
71.95861560500089,6.250941045586089,10.875168830521261,0.8396466521921748,-0.021963949029914723,0.9302679946306336,-0.22090111051035677,8.48570931280979,0.10022356157990334,0.10016866996124918,0.021603486137449588,0.7000000000000001
71.97167368900045,6.27953037046254,10.874335209302332,0.8576797462935446,-0.025008636567847145,0.8432480343739056,-0.2109801873123997,8.459589739961649,0.09940575219396063,0.09933504874232035,0.028723447472363568,0.7000000000000001
72.00615723800001,6.308646676645698,10.873351053681478,0.8734891854947527,-0.029524668625641997,0.8232240027867379,-0.21474011192159137,8.433056980248772,0.09844524036893669,0.0983508931214665,0.03412091606166552,0.7000000000000001
72.08614390399998,6.308646676645698,10.873351053681478,0.8734891854947527,-0.029524668625641997,0.7813021078654905,-0.21201895852339564,8.433056980248772,0.09844524036893669,0.0983508931214665,0.009923037515704987,0.7000000000000001
72.1175430380008,6.338066641537154,10.872190831998006,0.8825989467436611,-0.03480665050418277,0.7770632135415134,-0.2092908740788188,8.406328656807087,0.09731529447840888,0.09719067143799442,0.019220932763422217,0.7000000000000001
72.1746896830009,6.367687048817018,10.870808525236821,0.8886122183959448,-0.04146920283555309,0.7801999587583454,-0.22717301705341175,8.379519148239668,0.09597163095393497,0.09580836467680953,0.01653913991433199,0.7000000000000001
72.231232266,6.427519884828177,10.867578982178602,0.9007940817262091,-0.04990671648819736,0.7893813091739896,-0.25882126594631427,8.32559287703648,0.09286443284320076,0.09257882161858966,0.026676052588240785,0.7000000000000001
72.30259257200123,6.457756982891095,10.865879140531227,0.9071129418875207,-0.050995249421254545,0.7697091690986231,-0.30768464995795525,8.298398403680126,0.0912663500592124,0.0908789799712153,0.021184737019005074,0.7000000000000001
72.4006844710002,6.488161151712629,10.864252844525339,0.9121250646460403,-0.04878888017665432,0.747925564501126,-0.36199516845500923,8.271042879012244,0.08976841155736606,0.08925268396532715,0.006984016004251412,0.7000000000000001
72.4133295340016,6.518499082825917,10.862576147484814,0.9101379333986299,-0.05030091121572814,0.7553985716166838,-0.39200599173008466,8.243789744889526,0.08825568316049162,0.0875759869248025,0.01382230254940181,0.7000000000000001
72.44635862200084,6.548660175230974,10.860898447624765,0.9048327721517059,-0.050330995801469124,0.7482618694984924,-0.4126392658507878,8.216721488266616,0.08681647584462095,0.08589828706475267,0.01818527284762134,0.7000000000000001
72.51330364500063,6.578596998954085,10.859209324508626,0.8981047116933356,-0.050673693484165554,0.7522762601500949,-0.46902057267123315,8.18988567114916,0.08540107453956733,0.08420916394861422,0.01735931787190703,0.7000000000000001
72.55770110000049,6.6082266273032,10.857518001590257,0.8888888504734543,-0.05073968755108302,0.7603421603802413,-0.5109941990831508,8.163354566467147,0.08412280834011175,0.08251784103024562,0.02402954185620613,0.7000000000000001
72.62368232000154,6.637590752254684,10.855857093407002,0.880923748544507,-0.04982724549767508,0.7551375935813376,-0.5373326498266803,8.13707656220786,0.0829649297001664,0.0808569328469897,0.01719188769537659,0.7000000000000001
72.63613316600095,6.666706658169771,10.854289589856688,0.8734771774526088,-0.047025106509411836,0.7765658604758534,-0.5814953344498672,8.111010169652747,0.08204929599486557,0.0792894292966757,0.02395859502967909,0.7000000000000001
72.69461700100146,6.695632426686916,10.852747754734148,0.8677730555143512,-0.04625505367618301,0.7675626198750184,-0.6375549926863479,8.08512871295902,0.08140285976505394,0.07774759417413613,0.030608590309700666,0.7000000000000001
72.73303673700138,6.695632426686916,10.852747754734148,0.8677730555143512,-0.04625505367618301,0.7675626198750184,-0.6375549926863479,8.08512871295902,0.08140285976505394,0.07774759417413613,0.007574322696499291,0.7000000000000001
72.75829567400069,6.724322795538136,10.851075331239546,0.860711065536609,-0.050172704838081825,0.785156238336491,-0.7116391653303984,8.059536322127881,0.08076206703213232,0.07607517067953395,0.014945487619536183,0.7000000000000001
72.79624053200132,6.75283049413313,10.849168892971738,0.8552309578498284,-0.0571931480342106,0.7794315566369605,-0.749066711850803,8.034226946904264,0.08040535404545915,0.07416873241172617,0.020911080911715466,0.75
72.85121259300104,6.781192946076208,10.84699629577753,0.8508735582923513,-0.06517791582625251,0.7079869323021039,-0.7764139849960094,8.00918034459518,0.07988759263434712,0.07199613521751758,0.014640219215590012,0.75
72.87826354700155,6.809441186374742,10.844494392546242,0.8474472089560188,-0.07505709693860677,0.6864837680869263,-0.7867081544512985,7.984395066321041,0.07999603931414077,0.06949423198622995,0.020525779456858836,0.75
72.91740910200133,6.837581917736586,10.84158396506733,0.8442219408553389,-0.08731282436737355,0.651166422846031,-0.8060379909912727,7.959898960306779,0.07986790095890797,0.06658380450731727,0.026133326329752005,0.75
72.9512284020002,6.837581917736586,10.84158396506733,0.8442219408553389,-0.08731282436737355,0.6550757540332403,-0.8290679100038387,7.959898960306779,0.07986790095890797,0.06658380450731727,0.009537145268477145,0.75
72.99845229800121,6.89372985751512,10.833732312453062,0.8417374383891414,-0.12826644967181605,0.6703299191376767,-0.8669445377618545,7.911942490512824,0.08068354581473401,0.058732151893050144,0.027461633802012157,0.75
73.06161868500021,6.921853632238563,10.828764824810614,0.843713241703296,-0.14902462927344712,0.6544063776596168,-0.889569158861655,7.888394313699274,0.08239711010882866,0.05376466425060222,0.03091143835542089,0.75
73.09244641100122,6.950095104245382,10.823215534942467,0.8472441602045605,-0.1664786960444511,0.634601135489298,-0.918269443140137,7.865014713831006,0.08378598591263814,0.04821537438245471,0.04048658430394142,0.75
73.10095045800153,6.950095104245382,10.823215534942467,0.8472441602045605,-0.1664786960444511,0.634601135489298,-0.918269443140137,7.865014713831006,0.08378598591263814,0.04821537438245471,0.04048658430394142,0.75
73.13532620000115,6.978421707674557,10.816696348275864,0.8497981028752388,-0.19557559999811486,0.6094696558680894,-0.9300194895142774,7.841999760465822,0.08771337760816146,0.04183634116628739,0.05201943317218735,0.75
73.18474036900079,7.006730517057168,10.808985486252078,0.8492642814783261,-0.23132586071357134,0.5865800187386506,-0.9300985792716514,7.8195427287884,0.09067694333703726,0.04649539202180416,0.025354809490932374,0.75
73.25070905200118,7.035097563012122,10.800171159163998,0.851011378648627,-0.26442981264243387,0.5357900299108731,-0.8719629103566567,7.79754556402015,0.09641505784119841,0.060293904647205875,0.03684028736386674,0.75
73.34658344200034,7.090833331757047,10.778812306363859,0.8290549683803199,-0.3413745186217359,0.5074888446887549,-0.8056124840751188,7.756204295889076,0.10816072996139284,0.0846020550280432,0.028479473950745356,0.8
73.39981075400101,7.090833331757047,10.778812306363859,0.8290549683803199,-0.3413745186217359,0.4750214021153474,-0.7865820471106353,7.756204295889076,0.10816072996139284,0.0846020550280432,0.021039652253906947,0.8
73.46948896800131,7.144767081441984,10.751703255992645,0.8025117457042049,-0.42849679728164053,0.4329977627258887,-0.7613882494909056,7.719219911190723,0.11940294136507677,0.10356998181606741,0.03800979427570665,0.8
73.52716355600023,7.171080418545998,10.736074303601706,0.7894001131204094,-0.46886857172814383,0.365796881123076,-0.740384655844244,7.70233228685607,0.12434774767543022,0.11112498269948931,0.03334103294615454,0.8321658488546619
73.58343019600034,7.196919228894485,10.71924058127299,0.7751643104546286,-0.505011669861466,0.32303418257988226,-0.7214829540124876,7.686485437423146,0.1284063618249785,0.11749254150345063,0.04141160419795483,0.8321658488546619
73.6213317290003,7.196919228894485,10.71924058127299,0.7751643104546286,-0.505011669861466,0.2961867573013267,-0.7091234759355758,7.686485437423146,0.1284063618249785,0.11749254150345063,0.007671520476037896,0.8321658488546619
73.64950107799996,7.222384873920348,10.7013720688605,0.7639693507758781,-0.5360553723746794,0.25788523286250514,-0.6564720957667731,7.671522771705836,0.13194249479561956,0.12286452549194034,0.014368715395840533,0.8500000000000001
73.69336595500135,7.247566509025888,10.682650387610616,0.755449053166206,-0.561650437496536,0.2134106208697139,-0.627577929172356,7.657292153334723,0.13521283227571815,0.12743240266942704,0.020194413785635662,0.8200609733428363
73.7414236780005,7.272565052765801,10.663231207917601,0.7499563121973944,-0.5825753907904708,0.18337665008559606,-0.6146851591211291,7.64364099686441,0.1379990522960856,0.13137760882169733,0.0036074366885260807,0.8514693182963202
73.74938912500147,7.272565052765801,10.663231207917601,0.7499563121973944,-0.5825753907904708,0.1328983552019657,-0.5727169824145791,7.64364099686441,0.1379990522960856,0.13137760882169733,0.0036074366885260807,0.8514693182963202
73.77752984400104,7.297330766679379,10.643369916788828,0.7429714174073397,-0.5958387338631949,0.11574794180857396,-0.5558375625179479,7.630504585551826,0.14087962518001385,0.13484555943063825,0.006162172152618404,0.8139410298049854
73.81813423400126,7.321929705445525,10.62322556409906,0.7379681629843828,-0.6043305806930129,0.06398579166679486,-0.5367920099891151,7.617755404058079,0.14344133117216032,0.13799542745262466,0.008416686375049689,0.848528137423857
73.85459598700072,7.346432238309436,10.602916648839944,0.7350759859173264,-0.609267457773495,0.04370596297002974,-0.5640912785600456,7.605279053177926,0.14638001474433088,0.14096076289867832,0.019191558930418268,0.848528137423857
73.87183475300117,7.346432238309436,10.602916648839944,0.7350759859173264,-0.609267457773495,0.04434772696457257,-0.5913045089211227,7.605279053177926,0.14638001474433088,0.14096076289867832,0.019191558930418268,0.848528137423857
73.99523055300051,7.393831281583048,10.56183744748507,0.7028705442350759,-0.6180051139414936,-0.08378163884045625,-0.7515697339522625,7.58230130817109,0.15123837869994008,0.14542956597544482,0.01945154819373264,0.8514693182963202
73.9994383760004,7.393831281583048,10.56183744748507,0.7028705442350759,-0.6180051139414936,-0.08378163884045625,-0.7515697339522625,7.58230130817109,0.15123837869994008,0.14542956597544482,0.01945154819373264,0.8514693182963202
74.07219052400069,7.416641914465103,10.541145781862918,0.6843189864616569,-0.6207499686645431,-0.1284324343269163,-0.8200380588113342,7.571837204102897,0.15328627707914852,0.14692790209403492,0.01057697939809957,0.8500000000000001
74.1082166110009,7.438757310048243,10.520445817343937,0.6634618674941973,-0.6209989355693961,-0.1536454754439995,-0.8797455878617846,7.562100390830991,0.15511156276556207,0.14792876299780272,0.020820831301866495,0.8500000000000001
74.17930109500048,7.460031149104895,10.499881113493728,0.6382151716995716,-0.6169411155062715,-0.17991690916619035,-0.9039397116349606,7.5531478429749015,0.15681594001780452,0.14843019731105794,0.0112994345872665,0.8
74.19551224800125,7.480400604663228,10.47950612760573,0.6110836667499777,-0.6112495766399513,-0.2054350690371407,-0.9551597270930287,7.545003116950145,0.15799572596962003,0.1484262867774494,0.02189677908851276,0.8
74.21047377300056,7.480400604663228,10.47950612760573,0.6110836667499777,-0.6112495766399513,-0.2202675071620579,-0.9761173255098576,7.545003116950145,0.15799572596962003,0.1484262867774494,0.02189677908851276,0.8
74.24625381000078,7.499763915473628,10.459426214903571,0.5808993243120062,-0.6023973810647458,-0.23409613314590536,-0.9941956102266715,7.537698180228189,0.15952780053180804,0.1479195727203753,0.03335158908516947,0.8
74.29316763300085,7.517896782483618,10.43964881730071,0.5439860102997002,-0.5933219280858095,-0.211457053357041,-1.0166692263375368,7.531417764719175,0.16036152221905692,0.14675671398628767,0.013540688813771986,0.75
74.3326270230009,7.534834136113958,10.42008663866404,0.5081206089102033,-0.5868653591001026,-0.2872853960702781,-1.0887749542607918,7.526165369381241,0.16083288254463773,0.14490068242488444,0.02596842043676968,0.75
74.36428731300111,7.550514163649422,10.40046637375303,0.4704008260638944,-0.5886079473302946,-0.289137187788128,-1.0937396637222383,7.522121627060339,0.16129769450016007,0.14211451385714932,0.038974747624096785,0.7000000000000001
74.4055673820003,7.5650008219471125,10.380642566556883,0.4345997489307206,-0.5947142158844247,-0.26213098586987277,-1.0750184861362408,7.519297438914122,0.16069253100854244,0.1383405796788493,0.009731155042838167,0.7000000000000001
74.45608619300037,7.578230411593008,10.360467998095706,0.3968876893768722,-0.6052370538353243,-0.2217710774239935,-1.0215985137667403,7.517817379900674,0.1594779805430236,0.13342973806336586,0.018393635137982724,0.7000000000000001
74.51143522300117,7.578230411593008,10.360467998095706,0.3968876893768722,-0.6052370538353243,-0.21232167724093703,-1.0026851510070591,7.517817379900674,0.1594779805430236,0.13342973806336586,0.0,0.7000000000000001
74.52889099999993,7.590301575915682,10.339689393847689,0.3621349296802181,-0.6233581274405117,-0.21593205540278448,-0.9687070369725345,7.517719695976128,0.15869431712384738,0.12727264824538223,0.019520350950376898,0.7000000000000001
74.53208853700016,7.590301575915682,10.339689393847689,0.3621349296802181,-0.6233581274405117,-0.23068814047550962,-0.9026205027228754,7.517719695976128,0.15869431712384738,0.12727264824538223,0.019520350950376898,0.7000000000000001
74.57309714200164,7.601159004498169,10.318079124081223,0.3257228574746032,-0.6483080929939934,-0.26236454533967085,-0.8470768288027541,7.519166163646437,0.15644916749469068,0.11966924132716837,0.03827386402892234,0.65
74.67417277900131,7.619676105579613,10.271994270502363,0.2617554781511045,-0.7066141716846259,-0.30111511972592225,-0.7975578815071724,7.5265015539533735,0.15191258984878198,0.10569763892823737,0.05417305732237646,0.65
74.73165919000166,7.627244654474646,10.247352395606452,0.22705646685100783,-0.7392562468773444,-0.28715134587605307,-0.7800957425836108,7.532559679595401,0.14989594120263988,0.10465930067111111,0.052865083649162876,0.65
74.75310346700098,7.633794877717085,10.22160432329811,0.1965066972731476,-0.7724421692502844,-0.26905544290005706,-0.7302637547751862,7.540143348007232,0.14672308854659247,0.10879476558584678,0.06889482049062909,0.65
74.79534499400143,7.639368204145572,10.194909443822219,0.16719979285461292,-0.8008463842767016,-0.24417438457886398,-0.6979866721812982,7.549138722632808,0.14509854834010671,0.11436809201433373,0.0843217539500859,0.65
74.84784350500013,7.6440969366,10.167490524860925,0.14186197363284458,-0.8225675688388238,-0.22184761790670424,-0.6853765824704192,7.559319753527833,0.14287312378064745,0.11909682446876158,0.018451932960273157,0.65
74.85129875800158,7.6440969366,10.167490524860925,0.14186197363284458,-0.8225675688388238,-0.22932308950633917,-0.6203967935927678,7.559319753527833,0.14287312378064745,0.11909682446876158,0.018451932960273157,0.65
74.88817949200165,7.6481526382229434,10.139436267343143,0.12167104868832554,-0.8416277255334556,-0.2434328838617752,-0.5704701127948598,7.570495324620865,0.14102083710243649,0.12315252609170546,0.03666598951041702,0.65
74.93073251500027,7.651671733238425,10.110886845683448,0.1055728504644563,-0.8564826497908808,-0.24279959270419807,-0.5288988297179256,7.582477246511043,0.13953373763804858,0.126671621107187,0.05468439246513498,0.6000000000000001
75.00659908600028,7.654543070104631,10.08216419505369,0.0861401059861871,-0.8616795188927452,-0.16090735727636932,-0.5162375346838626,7.595190556572283,0.1379297477069548,0.12954295797339288,0.030936571696587183,0.6000000000000001
75.03307031900113,7.656844426516103,10.053348282458016,0.0690406923441517,-0.8644773778701961,-0.12871069868301377,-0.5114920887434243,7.608524421147775,0.13631540247341908,0.13184431438486488,0.043352073959736614,0.6000000000000001
75.13535977200081,7.660100492324601,9.995666247749515,0.04297246220292501,-0.8647123905096892,-0.07621723300795377,-0.4837404482116509,7.636613203431242,0.13214009505117064,0.13510038019336346,0.05429203018886158,0.6000000000000001
75.1797256509999,7.661138663766545,9.966932468299317,0.031145143258310453,-0.8620133835059232,-0.05192710676398957,-0.47939220885793754,7.651220982878513,0.12899658518335624,0.13613855163530708,0.0116634228981118,0.6000000000000001
75.2073472380016,7.661138663766545,9.966932468299317,0.031145143258310453,-0.8620133835059232,-0.013209564067078627,-0.4244165365123903,7.651220982878513,0.12899658518335624,0.13613855163530708,0.0116634228981118,0.6000000000000001
75.24304774200027,7.6618146605935715,9.938419589631787,0.02027990481079836,-0.8553863600259071,-0.009052404684814913,-0.41378748577970853,7.666093005991274,0.12502643653698348,0.13681454846233354,0.022908459535166823,0.6000000000000001
75.31904237600065,7.662241783519109,9.910198266107983,0.012813687766116508,-0.8466397057141047,0.014612543134794487,-0.39171361195763277,7.681091681733253,0.1198230179152668,0.12194190706093959,0.011170321653675687,0.6000000000000001
75.36030300800121,7.662421704541075,9.882463050449676,0.005397630658986947,-0.8320564697492246,0.02490091141914516,-0.35181608300116646,7.696105003895547,0.11246134865367088,0.10461606009870796,0.021926563252873683,0.6020797289396148
75.40189219100102,7.662419809199491,9.855227395985906,-5.686024751536036e-05,-0.8170696339131012,0.06523481193322114,-0.36514417821421474,7.711065631465972,0.10452531482809749,0.0924980536148305,0.005660180365886366,0.6020797289396148
75.41893503700157,7.662419809199491,9.855227395985906,-5.686024751536036e-05,-0.8170696339131012,0.06523481193322114,-0.36514417821421474,7.711065631465972,0.10452531482809749,0.0924980536148305,0.005660180365886366,0.6020797289396148
75.43725696500042,7.662237247308969,9.828722028684027,-0.005476856715674712,-0.7951610190563737,0.13148259490903322,-0.3813780059700699,7.725840068768256,0.09787055860671827,0.0873164934690538,0.01099182159140289,0.608276253029822
75.46559485200123,7.66206305571112,9.803074608620822,-0.00522574793548343,-0.769422601896166,0.1632989848211908,-0.3890369972835085,7.740193790708262,0.09155939082447563,0.08706294283482396,0.013467877258257929,0.608276253029822
75.52272948500104,7.6619746168831595,9.778279551456793,-0.0026531648388234065,-0.743851714920899,0.2441000336751321,-0.3901534993125061,7.754059483200605,0.08556010777271147,0.08697450400686346,0.0053289544907702555,0.6184658438426491
75.5632355760008,7.662054454652736,9.754312555606402,0.0023951330873107106,-0.7190098755116937,0.27449885931023227,-0.3867645132736397,7.767376790732945,0.07992981221569498,0.08705434177644022,0.009747774824999583,0.6184658438426491
75.59625549100019,7.662054454652736,9.754312555606402,0.0023951330873107106,-0.7190098755116937,0.31514820572485935,-0.38850289390405957,7.767376790732945,0.07992981221569498,0.08705434177644022,0.009747774824999583,0.6184658438426491
75.67229991800014,7.662348211886004,9.731207640207812,0.00881271699802104,-0.6931474619577355,0.3084000619104191,-0.3660742571896062,7.780084011627761,0.07398252552824465,0.08734809900970752,0.003809637535284091,0.632455532033676
75.73854489699988,7.662896081264857,9.70905806750078,0.01643608136560606,-0.6644871812109174,0.32216547156739533,-0.3683891879918144,7.792090728114972,0.06814049508155237,0.08789596838856095,0.0014072976618491049,0.632455532033676
75.80202735200146,7.6648589738703095,9.66752779824316,0.033829914021131544,-0.6093250241265311,0.38127336984090615,-0.39575479814191206,7.813952255134696,0.054883290149761677,0.08985886099401341,0.003103780672531582,0.65
75.85107443800007,7.6648589738703095,9.66752779824316,0.033829914021131544,-0.6093250241265311,0.44368478092908015,-0.42310248342313234,7.813952255134696,0.054883290149761677,0.08985886099401341,0.0,0.65
75.87198341600015,7.6662631335923095,9.648105686741731,0.04212479166000338,-0.5826633450428577,0.5059059481328374,-0.45089533911893653,7.823831097524713,0.04841256149760708,0.08087078718305685,0.004958311349816298,0.670820393249937
75.90171472200018,7.6662631335923095,9.648105686741731,0.04212479166000338,-0.5826633450428577,0.5397267660637541,-0.4636274371337381,7.823831097524713,0.04841256149760708,0.08087078718305685,0.004958311349816298,0.670820393249937
75.96079451200058,7.668079538817549,9.62948453182238,0.054492156757185786,-0.5586346475805211,0.5975703258699162,-0.4940982674228285,7.832950234119506,0.03980617492878145,0.06898803471820851,0.005135237513465743,0.670820393249937
75.97180821300026,7.670622580612412,9.611561566985088,0.0762912538458848,-0.5376889451187331,0.652927892416203,-0.5158337153077076,7.841107929871668,0.03218932061548601,0.05811278684078007,0.009338499788970705,0.670820393249937
76.00328907800031,7.67393860997367,9.594296319406935,0.09948088083775272,-0.5179574273445898,0.6769468866502983,-0.5211641810285019,7.848288389559663,0.025578871651423342,0.04824920004736176,0.012581496135775132,0.6946221994724903
76.03904302500086,7.678025996076455,9.577671867690343,0.1226215830835326,-0.4987335514977324,0.708246450198931,-0.5181304836916623,7.854502011162079,0.018734833839394997,0.039384155935658874,0.015400416812933951,0.6946221994724903
76.0722764480015,7.682948335167826,9.561701033885905,0.14767017274112199,-0.47912501413312164,0.721167207685009,-0.5112795049814242,7.859688898102624,0.012666599090797636,0.03157169040214445,0.00827961453090025,0.6946221994724903
76.13137736700082,7.688715084955386,9.546314565709482,0.17300249362680506,-0.4615940452927091,0.7353570472145743,-0.47278324065823757,7.8638810581257035,0.007623076933904757,0.024769522296275204,0.010872081351709653,0.7211102550927979
76.22807723700134,7.695392441915958,9.531472209854787,0.20032070881715572,-0.4452706756408353,0.723649580674455,-0.4337338436141657,7.867047994158694,0.0036311157691975085,0.018995996209860932,0.006082774846100174,0.7211102550927979
76.36291959500159,7.7119434255427,9.502976999224632,0.2666060948119745,-0.4226423872161893,0.7041827478119381,-0.41321896068641983,7.8701897860296155,0.0029040704369647963,0.010550152299716028,0.009321099615521593,0.6800735254367722
76.40717298600066,7.7119434255427,9.502976999224632,0.2666060948119745,-0.4226423872161893,0.7063976259835182,-0.40270812706618625,7.8701897860296155,0.0029040704369647963,0.010550152299716028,0.005924624142033516,0.6800735254367722
76.4463401310004,7.722214086524291,9.488999457179426,0.3081198294477159,-0.4193262613561648,0.6969510912331638,-0.3877322121625018,7.870036795595101,0.00454616084503474,0.007928991562581745,0.007194537881883382,0.7106335201775948
76.50918996800101,7.7339132036057725,9.47512424630997,0.3509735124444453,-0.4162563260836582,0.6938888020557128,-0.3696212604557694,7.8687061729546635,0.0051204234768127185,0.006390260888607872,0.002882401303266883,0.7106335201775948
76.51160373099992,7.7339132036057725,9.47512424630997,0.3509735124444453,-0.4162563260836582,0.6980025863434391,-0.35657922065934533,7.8687061729546635,0.0051204234768127185,0.006390260888607872,0.002882401303266883,0.7106335201775948
76.54531192600007,7.747003844646064,9.461338151278788,0.39271923120874463,-0.41358285093545133,0.6952211291167898,-0.34766631882331384,7.866240772867531,0.005311870735983159,0.005898500655644662,0.0027369867268479636,0.7106335201775948
76.58144073700169,7.761445600502467,9.447716831661904,0.4332526756920857,-0.408639588506536,0.6949411933630436,-0.3272507677187037,7.8626338178622746,0.004418302407064441,0.006478636684139264,0.0021764257651339268,0.7071067811865476
76.61888624700077,7.777169506444952,9.434323240777488,0.4717171782745807,-0.40180772653248403,0.6985398177222315,-0.3113525704938629,7.857908441295218,0.0024454423829684034,0.008126418264001699,0.0014664357763382,0.7071067811865476
76.6682404710009,7.794065508934277,9.421235705362603,0.5068800746797328,-0.3926260624465544,0.6948110980366363,-0.26357226545271784,7.852110870994251,2.0873471612756387e-05,0.010819411158263162,0.0036614887141161686,0.7071067811865476
76.69915582600152,7.81196535614964,9.408505951848268,0.5369954164609008,-0.38189260543004455,0.6992992102189373,-0.25162178715021943,7.84534869117399,0.003183596742314977,0.014475219473630504,0.006356095026834614,0.6726812023536856
76.83707990000039,7.830766986714943,9.396191368238815,0.5640489169590839,-0.36943750828354444,0.6892711040017844,-0.21290424871618685,7.837671734583827,0.007311934167001711,0.019062254365988067,7.796183528991575e-05,0.7106335201775948
76.85335028400004,7.850376826476903,9.384340352606786,0.5882951928587876,-0.35553046896088525,0.6892711040017844,-0.21290424871618685,7.829127392059066,0.011594912325674911,0.024548571522295705,0.0009880007698265703,0.6800735254367722
76.87167725400104,7.87067543327673,9.37291530077593,0.608958203994839,-0.34275155492569076,0.7386045542059256,-0.19924001774121378,7.81983467288282,0.01643726914832334,0.03082312241408646,0.0026992496947478213,0.6800735254367722
76.95013905300038,7.8915743779753615,9.36197124629013,0.6269683409589427,-0.3283216345739727,0.7588147910842036,-0.18333812978305847,7.809831315412229,0.022037372331829095,0.037862292789547496,0.003311805549390655,0.6800735254367722
76.97005320300013,7.8915743779753615,9.36197124629013,0.6269683409589427,-0.3283216345739727,0.7656207047040238,-0.17473904545253705,7.809831315412229,0.022037372331829095,0.037862292789547496,0.003311805549390655,0.6800735254367722
77.00230083600036,7.912991485159071,9.351519348810834,0.6425132155112935,-0.3135569243788838,0.7629328358477276,-0.17156795958110233,7.799175780647083,0.026947601780629743,0.045615866928670826,0.007325675136846988,0.651920240520265
77.06303209200087,7.934842713524228,9.341598538860524,0.6555368509546979,-0.2976242985092937,0.7512759613145521,-0.15515117006508766,7.787910427859298,0.03252147548464057,0.05405194669220089,0.009782501327439767,0.6946221994724903
77.1025246930003,7.957038114130528,9.33220197702149,0.6658620181889978,-0.28189685517096313,0.7462432690470848,-0.14173369538027203,7.776109484772111,0.03766589692307702,0.06310209237584886,0.015041735816303504,0.670820393249937
77.16803390900168,7.979511657695554,9.323395344912933,0.6742063069507744,-0.2641989632567166,0.7436548311847924,-0.12694577892304948,7.763783200172713,0.04209033355888715,0.07276605814459494,0.0037614150718407484,0.670820393249937
77.18089265400158,8.002219055014285,9.31517538608531,0.6812219195619547,-0.24659876482873658,0.7440836212189752,-0.11079543754540333,7.750966329365309,0.04603024340208735,0.08301022414367931,0.008147241981206869,0.65
77.22066784500021,8.025146400658034,9.307549249418878,0.6878203693124676,-0.22878409999293017,0.7499326319636124,-0.0911174235605201,7.737663112993714,0.04717387567162273,0.08254911195566628,0.012830386007070116,0.65
77.24002766800004,8.025146400658034,9.307549249418878,0.6878203693124676,-0.22878409999293017,0.7499326319636124,-0.0911174235605201,7.737663112993714,0.04717387567162273,0.08254911195566628,0.012830386007070116,0.65
77.2807524530017,8.04834026512063,9.300484286326148,0.6958159338778854,-0.2119488927819146,0.7601059607105324,-0.07249865220660906,7.7238550369981995,0.04777660265563232,0.07548414886293564,0.0036472089076882252,0.65
77.3114237360005,8.07178339769279,9.293997774389936,0.7032939771647981,-0.19459535808634568,0.7774562170322091,-0.04857515357830816,7.70954296939197,0.046914508463125795,0.06899763692672423,0.00792379234400666,0.6800735254367722
77.42230335500062,8.119378303360346,9.282717872504167,0.7171436921874452,-0.16075325732668178,0.7643558490731834,-0.02420698973386215,7.679455903526483,0.04382107385279001,0.057717735040954565,0.0113853286135649,0.6670832032063168
77.44560362600168,8.143428014828016,9.277901451769223,0.7214913440301234,-0.14449262204832256,0.7623676461029822,-0.014426621785658622,7.6637708879757795,0.041801118638156186,0.05290131430601086,0.015456710168376232,0.6670832032063168
77.50100102400029,8.167570670204118,9.273645280520194,0.7242796612830547,-0.1276851374708704,0.725257020333457,0.010443408530551201,7.647706690980468,0.03971365607202868,0.048645143056981865,0.006170126677600688,0.6576473218982953
77.55756058000043,8.191754034447017,9.269938907056485,0.7255009272870097,-0.11119120391127119,0.6990930365771169,0.030052740611797968,7.631307918767254,0.037662463099734596,0.04493876959327281,0.012684077845806184,0.6576473218982953
77.60844889400141,8.215992809706664,9.266742790425369,0.7271632577894093,-0.09588349893348908,0.6961524674490109,0.03957871639574034,7.614585731957374,0.0357383776912887,0.04174265296215651,0.005584316680353512,0.651920240520265
77.63545943999998,8.240286944066593,9.26408471673046,0.7288240307978746,-0.07974221084722499,0.6818565747856751,0.06785381615001218,7.597520235237043,0.03400776428238175,0.03908457926724829,0.011451116297858896,0.651920240520265
77.66686781600038,8.26465054384425,9.262002312048695,0.7309079933296617,-0.06247214045297128,0.663296548192672,0.09159677524986742,7.5800742017528675,0.032590547370692204,0.03700217458548316,0.014595298698986233,0.65
77.71741184200073,8.28906940807855,9.260502753366008,0.7325659270290279,-0.044986760480581464,0.6594385570172169,0.10735244573769592,7.562251512896576,0.03150418688657635,0.035502615902796464,0.0041965920763440525,0.65
77.73414161300025,8.313480450356458,9.259548538439077,0.7323312683372343,-0.028626447807933386,0.6409537953762376,0.13777697011644174,7.544122139131508,0.03075621606717368,0.03454840097586498,0.008921889211697663,0.65
77.82626138200067,8.362064178296905,9.259297640786787,0.7267752526293911,0.004202838538075501,0.6167001088740324,0.1687774427078604,7.5070837763059455,0.03028995910413953,0.034297503323575285,0.009579063491042955,0.65
77.84732087400153,8.38615489839227,9.259976156775162,0.7227216028609524,0.020355479651227245,0.5867853295972048,0.18264597552291806,7.488247902423609,0.030544689353113556,0.03497601931194971,0.01361097239021688,0.65
77.93667691900009,8.433770382021383,9.262899608638987,0.7107766418806455,0.051770856131684764,0.5723669193807156,0.2089898108576276,7.450080421026539,0.03191676918438337,0.03789947117577519,0.004752258939277402,0.651920240520265
77.98293786300019,8.433770382021383,9.262899608638987,0.7107766418806455,0.051770856131684764,0.6148885364297809,0.30455383577167183,7.450080421026539,0.03191676918438337,0.03789947117577519,0.004752258939277402,0.651920240520265
78.00954235000063,8.433770382021383,9.262899608638987,0.7107766418806455,0.051770856131684764,0.6353172422861281,0.34576814088196683,7.450080421026539,0.03191676918438337,0.03789947117577519,0.004752258939277402,0.651920240520265
78.04767091500071,8.457182260577806,9.265183214615819,0.702356356692717,0.06850817930497136,0.6488450229980441,0.35912957954795044,7.430803818468795,0.03297363511575763,0.04018307715260683,0.001454160589996339,0.6576473218982953
78.08584748100111,8.480294830838575,9.26802191145243,0.6933771078230655,0.08516090509829304,0.6661041959273499,0.3838624753641562,7.4114167631097,0.03431274771243777,0.04302177398921714,0.002312823521637818,0.6576473218982953
78.17888783800117,8.525292111341546,9.275369707348144,0.6687541554283928,0.11818289106529588,0.6673986901280917,0.419515202761215,7.3725453884424965,0.03735170616265801,0.05036956988493202,0.0004702814296745247,0.6670832032063168
78.22218644300119,8.547168985501106,9.279835876023473,0.6563062247867647,0.1339850602598492,0.6662016224537972,0.4445057689325292,7.353088769874278,0.03859050486920408,0.054835738560260694,0.0015959352506460115,0.6670832032063168
78.271095651,8.547168985501106,9.279835876023473,0.6563062247867647,0.1339850602598492,0.6568891757937924,0.46682460110189,7.353088769874278,0.03859050486920408,0.054835738560260694,0.0,0.6670832032063168
78.30253251100112,8.568732001665664,9.284904148318525,0.6468904849367673,0.15204816885157818,0.6348812261346934,0.44696617074257877,7.333489873878444,0.04033343294298402,0.059904010855312606,0.0020920867974757143,0.6800735254367722
78.3772634270008,8.59001609075422,9.290666764774139,0.6385226726567133,0.17287849366842278,0.627449325218636,0.44660724247896866,7.313659060114536,0.041007892793830276,0.06566662731092698,0.004818971655275477,0.6800735254367722
78.42043754699989,8.59001609075422,9.290666764774139,0.6385226726567133,0.17287849366842278,0.6238772653136753,0.45553252675607236,7.313659060114536,0.041007892793830276,0.06566662731092698,0.004818971655275477,0.6800735254367722
78.44891510100024,8.611062128716295,9.297237502204094,0.631381138862261,0.19712212289863854,0.6201498519159737,0.456749482227697,7.293487956050058,0.04252363853401955,0.07223736474088227,0.007527880960430101,0.696419413859206
78.48996911700124,8.631849056054593,9.304621687346403,0.6236078201489624,0.22152555426928183,0.6047600610855818,0.4505803927670945,7.272986175377999,0.04210459226921987,0.07962154988319092,0.008025069432982692,0.65
78.52331120600138,8.652453251004394,9.312874771077755,0.6181258484940376,0.24759251194055729,0.5813777188682687,0.4549692834809884,7.252057193643501,0.04241836449401836,0.07807979983760882,0.011277551166931457,0.670820393249937
78.56028796400096,8.672885751759454,9.322027571111358,0.6129750226517924,0.27458400100805824,0.5617031040239049,0.47396466662959263,7.230670065400272,0.040077216282701375,0.07010384696771123,0.015372962666024894,0.670820393249937
78.60218861800058,8.672885751759454,9.322027571111358,0.6129750226517924,0.27458400100805824,0.5350959660516668,0.5151686660598491,7.230670065400272,0.040077216282701375,0.07010384696771123,6.293285344665871e-05,0.670820393249937
78.72941052700116,8.7133715132434,9.342782637900632,0.6052355456872861,0.32323160070578294,0.5805997924329687,0.5986858222502327,7.186576617875675,0.03525956836818467,0.056152138951586876,0.003950606157919277,0.6946221994724903
78.7557306000017,8.7333673558004,9.354279603221977,0.5998752767099905,0.34490895964039653,0.5979683197980704,0.6002616938282591,7.163979901017572,0.03220729980385804,0.05014252522578379,0.006080411539777184,0.651920240520265
78.76976237800045,8.7333673558004,9.354279603221977,0.5998752767099905,0.34490895964039653,0.5983818655675206,0.5993525397455284,7.163979901017572,0.03220729980385804,0.05014252522578379,0.006080411539777184,0.651920240520265
78.8161382490016,8.753145321544075,9.366459309753177,0.5933389723102663,0.36539119593600455,0.596145337908505,0.5993029540944665,7.141096723805692,0.029829313541972706,0.04476974461142938,0.004938817897566064,0.6800735254367722
78.84799904500142,8.772630821848468,9.379313213475154,0.5845650091317753,0.38561711165932466,0.49591148613585506,0.582213459688105,7.117987503275712,0.026964573104762052,0.04008049769790952,0.006765073083544679,0.6800735254367722
78.92338289899999,8.791758793615394,9.392819030490443,0.5738391530077575,0.4051745104586741,0.4353076981891439,0.5778449989326638,7.094714750070818,0.024691887286080804,0.0361050339481474,0.0018606384004811315,0.6800735254367722
78.94197601500127,8.810480980508624,9.406893327632657,0.5616656067968999,0.42222891426641407,0.46828741760693493,0.5775629584252491,7.071369152843024,0.0229840014837677,0.032818479586996345,0.004417222820755142,0.6726812023536856
78.96813139000005,8.810480980508624,9.406893327632657,0.5616656067968999,0.42222891426641407,0.45102292241622044,0.5760132494258817,7.071369152843024,0.0229840014837677,0.032818479586996345,0.004417222820755142,0.6726812023536856
79.0024489510015,8.828746379450617,9.421463274129477,0.5479619682598276,0.4370983949046055,0.4463732554947252,0.5772502162975011,7.048036650548451,0.021239492035987958,0.030205400103461875,0.006241609587172408,0.6726812023536856
79.0556896170001,8.846472218042212,9.436577409585626,0.5317751577478567,0.45342406368446275,0.37827052959440316,0.6200225642306867,7.0247465728373015,0.020260897098452385,0.028358647105941364,0.006267402360797098,0.6726812023536856
79.10470461300065,8.863624907702896,9.452305373930098,0.514580689820526,0.47183893033416724,0.3259377622131961,0.6528606901697953,7.001477661496074,0.019929060028322343,0.0273512141735206,0.008180735647750787,0.6726812023536856
79.1463394250004,8.880261893286619,9.468679500329438,0.4991095675116927,0.4912237919801694,0.2958804283840931,0.6712446381356062,6.978165623811502,0.020010690166406855,0.027165344661745933,0.004839412008143269,0.6726812023536856
79.19106857800034,8.89648632729439,9.48575095576151,0.4867330202331572,0.5121436629621682,0.25401830552189364,0.6813767534218402,6.954699762339855,0.020879380416948916,0.02776427925467933,0.005969009678454536,0.6726812023536856
79.25818668400098,8.912510978485411,9.503496496232877,0.480739535730635,0.5323662141410045,0.23519900830230386,0.6810967477983556,6.930936935831823,0.02211121805440234,0.028981131734483204,0.001283682109098266,0.6800735254367722
79.37950063600147,8.943483133239205,9.540676529138508,0.4574731758167406,0.5644403852469823,0.21480220088963556,0.6796599874120919,6.883102259093427,0.025951386859110453,0.033370764472427185,0.0006043218240040709,0.6800735254367722
79.4069415740014,8.943483133239205,9.540676529138508,0.4574731758167406,0.5644403852469823,0.19272353804060494,0.6905005282687294,6.883102259093427,0.025951386859110453,0.033370764472427185,0.0006043218240040709,0.6800735254367722
79.47822082800121,8.958279171612405,9.559877296814006,0.4438811511960155,0.5760230302649443,0.1674499980497962,0.7007283166177942,6.859300783393283,0.028356162836975077,0.036485378431373006,0.0005209079512228038,0.6946221994724903
79.48688140200102,8.972608836749105,9.579363158730787,0.4298899541009855,0.5845758575034324,0.14756156402527199,0.6990601740083697,6.835663654073674,0.031108912169019197,0.040131360139700874,0.0015838592423011986,0.6946221994724903
79.53841558300155,8.972608836749105,9.579363158730787,0.4298899541009855,0.5845758575034324,0.12656434525973753,0.7040628547542389,6.835663654073674,0.031108912169019197,0.040131360139700874,0.0015838592423011986,0.6946221994724903
79.58920569800102,8.972608836749105,9.579363158730787,0.4298899541009855,0.5845758575034324,0.1216880380136558,0.70351417264844,6.835663654073674,0.031108912169019197,0.040131360139700874,0.0,0.6946221994724903
79.61347051600023,8.986388113437297,9.599154622037984,0.41337830064573095,0.5937438992159282,0.12442792272172043,0.6862716296546642,6.812241601904428,0.0344729653340925,0.04438261806775821,0.0016477186448279294,0.6946221994724903
79.69680356900062,8.999500429174962,9.619284493398176,0.3933694721299685,0.6038961408057765,0.1108193531433998,0.6889706682013923,6.789102099916338,0.037734960254151795,0.04934477923580079,0.0026601945534703323,0.670820393249937
79.71129738500167,9.011912760436463,9.63973690344669,0.37236993784505773,0.6135723014554402,0.10185307802613636,0.6757233381976744,6.766282483600918,0.041703648248109876,0.05502997346737223,0.006065889157649875,0.7158910531638177
79.74421555200024,9.023491460471723,9.660514884585915,0.34736100105779627,0.6233394341767297,0.09137639126487734,0.6822952953744141,6.743883676479505,0.046138879000474566,0.06153484751802633,0.009301752954209567,0.696419413859206
79.81144238300112,9.034211557827007,9.681592634566723,0.32160292065849094,0.6323324994242409,0.06702785563779912,0.7110612373198753,6.721944375533653,0.05047081061175503,0.06885881392670917,0.0010239719680622478,0.696419413859206
79.83153501800007,9.034211557827007,9.681592634566723,0.32160292065849094,0.6323324994242409,0.0539009459339464,0.7447558907751508,6.721944375533653,0.05047081061175503,0.06885881392670917,0.0010239719680622478,0.696419413859206
79.92805133900038,9.061336646509856,9.746224519143695,0.24609554504208989,0.6523214896138211,0.15157001603615694,0.8704266637185132,6.65909072828341,0.06433145506340007,0.09538012364402305,0.007760719598663656,0.7280109889280518
80.02470995800104,9.068722857488758,9.768134630346035,0.22158632936706132,0.6573033360702052,0.14197649811979152,0.9073207801301135,6.6391872443517785,0.0670567173087249,0.10565007198129261,0.004466779803390579,0.7158910531638177
80.08595847300057,9.075288824103426,9.790198010776162,0.1969789984400031,0.6619014129038004,0.08351378811667887,0.8791169492583734,6.619827459042847,0.06885737294833419,0.09971131261472799,0.009721661071406327,0.7158910531638177
80.13844737,9.08106514241528,9.812374055628226,0.17328954935561316,0.6652813455619006,0.06305006305645805,0.8726982341641067,6.601018356551426,0.06919150626986786,0.09393499430287378,0.005117058058043596,0.7071067811865476
80.15814687400052,9.086049039187614,9.834641667658802,0.1495169031700355,0.6680283609173143,0.05786075179563949,0.9036864898723342,6.582779499626577,0.06953054270798001,0.08895109753053987,0.007237273750879282,0.7071067811865476
80.16634485100076,9.086049039187614,9.834641667658802,0.1495169031700355,0.6680283609173143,0.02030974820139786,0.93850913517268,6.582779499626577,0.06953054270798001,0.08895109753053987,0.007237273750879282,0.7071067811865476
80.20127947600122,9.090240661867972,9.856981048690153,0.12574868041074302,0.6701814309405272,0.04296406802590247,1.004438018283067,6.565127450946826,0.06901504841059812,0.08475947485018231,0.008720450750310707,0.70178344238091
80.2448774880013,9.09370046126063,9.879361707546487,0.10379398177974933,0.6714197656900088,0.03711280008542478,1.072461610741303,6.548039604897556,0.0688915138175996,0.08129967545752415,0.00621839438602385,0.70178344238091
80.27340417699997,9.096535955142365,9.901990918871203,0.08506481645201658,0.6788763397415094,0.03457733883523789,1.1411796694004885,6.531304057645991,0.06838258512729174,0.07846418157578938,0.008084500642599248,0.7000000000000001
80.32444411800134,9.098865851993645,9.92503156846214,0.06989690553842198,0.6912194877281379,0.03207059637993409,1.2081962909466921,6.514729784932982,0.06819042220282065,0.07613428472450856,0.010134344429119558,0.7000000000000001
80.36661232799997,9.100920205444769,9.94867008289158,0.06163060353369465,0.7091554328832044,0.027944531341360712,1.2352471631685917,6.4980257673396284,0.06768206475086062,0.07407993127338486,0.0040903150059878116,0.75
80.47180077000121,9.102545990240298,9.972874599090861,0.04877354386587603,0.7261354859784639,0.038833420532445095,1.2327217920689975,6.4813355610161665,0.06745415333777784,0.07245414647785609,0.012273365004901941,0.75
80.51372007100144,9.103803552391069,9.997780166936725,0.03772686452310969,0.7471670353759063,0.06082695166917568,1.0990732006722093,6.464532968581549,0.06720803232430739,0.07119658432708498,0.02524556188109601,0.75
80.5753027970004,9.104715681490505,10.023508657077013,0.02736387298311934,0.7718547042086531,0.07696445627613807,1.0313059317228235,6.447530309480748,0.0672207639554892,0.07028445522764848,0.01323711351387584,0.75
80.59208974900139,9.105215450610523,10.05010597683256,0.014993073600500157,0.7979195926664284,0.07696445627613807,1.0313059317228235,6.430358799764379,0.06736344137123589,0.06978468610763144,0.02729301645884196,0.75
80.5991045310002,9.105215450610523,10.05010597683256,0.014993073600500157,0.7979195926664284,0.08992495790751828,0.966908663946359,6.430358799764379,0.06736344137123589,0.06978468610763144,0.02729301645884196,0.75
80.63123664100021,9.10532462142361,10.077677670078717,0.003275124392660032,0.8271507973847235,0.10269386112091897,0.899848831868025,6.412944648376483,0.06785920097015392,0.06967551529454319,0.03723304664883566,0.75
80.68298268500075,9.105073844091525,10.10627016293077,-0.007523319962577553,0.8577747855615809,0.12271690678552287,0.8847156925993463,6.395245524174629,0.06850841227789431,0.0699262926266293,0.022890538508544864,0.75
80.70820232500046,9.104393075783689,10.13589540014547,-0.020423049235075506,0.8887571164410227,0.13650317372724619,0.8861291770751853,6.3773202695070745,0.06954886547467859,0.07060706093446534,0.03348667404754142,0.75
80.79384388300059,9.103300405124948,10.166496720951077,-0.03278011976223312,0.9180396241682197,0.2066281809164846,0.9615554272794349,6.359202378263577,0.07090706151618086,0.0716997315932062,0.016307913321181654,0.75
80.86740122000083,9.103300405124948,10.166496720951077,-0.03278011976223312,0.9180396241682197,0.19795600763130375,0.8297682097990483,6.359202378263577,0.07090706151618086,0.0716997315932062,0.016307913321181654,0.75
80.94964540799992,9.099684692122718,10.230274013898224,-0.061072911442913436,0.9686387684806955,0.20656337986140016,0.7653523728296118,6.322810481558278,0.07488680879902794,0.07531544459543582,0.032126207862009495,0.7000000000000001
81.01381872800084,9.097140092170264,10.263237373192148,-0.07633799857361673,0.9889007788177192,0.21308622676866182,0.7625343041219499,6.304708931571675,0.07754232844844547,0.07786004454789008,0.008927221759403602,0.7000000000000001
81.01559844000076,9.094250303587133,10.29665257671014,-0.08669365749390837,1.0024561055397299,0.21308622676866182,0.7625343041219499,6.286730600668612,0.0805173491251959,0.08074983313102102,0.01709903264044362,0.7000000000000001
81.03762429900053,9.094250303587133,10.29665257671014,-0.08669365749390837,1.0024561055397299,0.18371729180472413,0.8015934000160259,6.286730600668612,0.0805173491251959,0.08074983313102102,0.01709903264044362,0.7000000000000001
81.09264761800114,9.09096231187588,10.33035306665684,-0.09863975133754016,1.01101469840104,0.21202214492598503,0.9316963106772644,6.2690267636301655,0.08387184755071138,0.08403782484227307,0.024400786768986764,0.7000000000000001
81.12190836400077,9.09096231187588,10.33035306665684,-0.09863975133754016,1.01101469840104,0.21202214492598503,0.9316963106772644,6.2690267636301655,0.08387184755071138,0.08403782484227307,0.012174752244644736,0.7000000000000001
81.14147019200027,9.087532746361234,10.364098320255575,-0.1028869654394155,1.0123576079620347,0.20934709281668523,0.999746495463972,6.251542955904419,0.08734546154021455,0.0874673903569203,0.022154135342055674,0.7000000000000001
81.16974089900032,9.08391344243311,10.397792480193203,-0.10857911784372024,1.0108247981288538,0.2126147762444493,1.0677580765438026,6.234377665229886,0.09099758036276516,0.09108669428504435,0.030405305436720313,0.7000000000000001
81.23115622800105,9.08038294303147,10.431580493394,-0.10591498204918443,1.0136403960239124,0.21489547527702393,1.135163532721942,6.217222617460051,0.09455356599718448,0.09461719368668398,0.0194001339073889,0.7000000000000001
81.26572856600069,9.076955561981187,10.465372033000726,-0.10282143150850115,1.0137461882018137,0.2229793014097674,1.066279152023765,6.200120634697764,0.09799808823854278,0.09804457473696715,0.03756156547465851,0.7000000000000001
81.30189308300032,9.073593235986245,10.498946223873581,-0.10086977984825277,1.0072257261856488,0.2275865931403068,0.9998600481849993,6.183231619135545,0.10137290024371415,0.10140690073190939,0.0535998475745818,0.7000000000000001
81.3450123950006,9.073593235986245,10.498946223873581,-0.10086977984825277,1.0072257261856488,0.22690211620836293,0.9659810077224327,6.183231619135545,0.10137290024371415,0.10140690073190939,0.0,0.7000000000000001
81.41697222500079,9.070421025100126,10.532177889192912,-0.09516632658357692,0.9969499595799358,0.2420290056704973,0.7967857497146028,6.166524084045955,0.10455480905279302,0.10457911161802791,0.020807332258697412,0.7000000000000001
81.45745785800136,9.067558372118436,10.56514228403355,-0.08587958945068892,0.9889318452191406,0.2439033680482444,0.7625973764889968,6.149852665728082,0.10742403889372093,0.10744176459971833,0.019218163499363436,0.7000000000000001
81.50323341700096,9.065066118567268,10.597971616400232,-0.07476760653500777,0.9848799710004607,0.26132341817596205,0.7275348410734405,6.133087476136116,0.1099211895874354,0.1099340181508861,0.03792814113391763,0.7000000000000001
81.59423021800103,9.06299372088795,10.630750559961959,-0.06217193037950048,0.983368306851794,0.27770354522574847,0.7565484094590067,6.116136356640397,0.11199752103569079,0.11200641583020321,0.03517283929036364,0.7000000000000001
81.6148297460004,9.061272249983874,10.663669011481677,-0.051644127122302444,0.9875535455915585,0.2742487107067273,0.7714522630441322,6.098946466516482,0.11372177903478979,0.11372788673427969,0.05009850870549261,0.7000000000000001
81.6343126740012,9.061272249983874,10.663669011481677,-0.051644127122302444,0.9875535455915585,0.27177641642173517,0.7968747694084011,6.098946466516482,0.11372177903478979,0.11372788673427969,0.05009850870549261,0.7000000000000001
81.6768387760003,9.059885663113008,10.696717688683089,-0.041597606126025644,0.9914603160423666,0.27787152593449366,0.8168983324786739,6.081536238436501,0.1151106544785418,0.11511447360514637,0.038255421808389735,0.7000000000000001
81.70450686500044,9.059885663113008,10.696717688683089,-0.041597606126025644,0.9914603160423666,0.27403889274583815,0.769634940055555,6.081536238436501,0.1151106544785418,0.11511447360514637,0.038255421808389735,0.7000000000000001
81.74681568600136,9.058917143102022,10.729641961302272,-0.029055600329571586,0.9877281785754873,0.27831300928305214,0.7558261344868561,6.063978040785196,0.1160811454248889,0.11608299361613206,0.05356057513882939,0.7000000000000001
81.78350208800111,9.058320297206546,10.762246072111726,-0.017905376864308032,0.9781233242835831,0.27485427157528663,0.7146954499416187,6.046415095632542,0.11667967796416184,0.11667983951160821,0.040705256703257114,0.7000000000000001
81.8204716650016,9.058320297206546,10.762246072111726,-0.017905376864308032,0.9781233242835831,0.2652918187938829,0.6952107514348305,6.046415095632542,0.11667967796416184,0.11667983951160821,0.040705256703257114,0.7000000000000001
81.84265634400072,9.058320297206546,10.762246072111726,-0.017905376864308032,0.9781233242835831,0.26564758522415666,0.6861839994421316,6.046415095632542,0.11667967796416184,0.11667983951160821,0.040705256703257114,0.7000000000000001
81.91791395200016,9.05801217914429,10.794516215576387,-0.009243541867654026,0.968104303939827,0.26710585833626455,0.6699947763374349,6.028918993878152,0.11698951186130778,0.11698795757386371,0.01671355135304646,0.7000000000000001
81.91936318900116,9.057916571437005,10.826392220373576,-0.002868231218583763,0.9562801439156647,0.26710585833626455,0.6699947763374349,6.011581588518966,0.11708686492656699,0.11708356528114905,0.03304337338946343,0.7000000000000001
81.96559011600039,9.058040156325038,10.857780127803363,0.003707546640978236,0.9416372228936339,0.25161300256852953,0.7580953191396411,5.994443157199642,0.11696544223318589,0.11695998039311561,0.046873841857654974,0.7000000000000001
82.00260871200044,9.058485621594537,10.888686272531046,0.01336395808494141,0.9271843418305337,0.2512129670961926,0.7536582480576829,5.977407722742323,0.11652252369422945,0.1165145151236171,0.033819431091622665,0.7000000000000001
82.0404372080011,9.059191174439688,10.919159276080002,0.02116658535455311,0.9141901064686754,0.24433802177790986,0.7601482847078064,5.9604950571906885,0.11582000077294065,0.11580896227846615,0.04736858370576405,0.7000000000000001
82.07448004500111,9.059191174439688,10.919159276080002,0.02116658535455311,0.9141901064686754,0.22946943283653315,0.7847987253803054,5.9604950571906885,0.11582000077294065,0.11580896227846615,0.04736858370576405,0.7000000000000001
82.14633624000089,9.0602038805751,10.9492841413494,0.030381184062374986,0.9037459580819698,0.2290076380047954,0.7910335747255611,5.943614670158443,0.11481158342042584,0.11479625614305355,0.01493462585120498,0.7000000000000001
82.22259237400067,9.061503093502369,10.97902759212975,0.03897638781803441,0.8923035234104755,0.21539005691415064,0.7665375222936652,5.926796761107439,0.11351726648294522,0.11349704321578535,0.017236731568341126,0.7000000000000001
82.28177157900063,9.063007824191217,11.008427979867845,0.04514192066547907,0.8820116321428678,0.19318960067427104,0.7165634203608702,5.910085256138266,0.11201962008808092,0.11199231252693664,0.0341006076334267,0.7000000000000001
82.31807910300085,9.063007824191217,11.008427979867845,0.04514192066547907,0.8820116321428678,0.17423426260093494,0.7057369143258176,5.910085256138266,0.11201962008808092,0.11199231252693664,0.0341006076334267,0.7000000000000001
82.33669309400102,9.064694201248143,11.037395898893779,0.05059131170774614,0.8690375707780325,0.16860624211757536,0.7401026787766602,5.89354293842479,0.11034199495034172,0.11030593547001111,0.012403842709239582,0.7000000000000001
82.41130120300113,9.066572693638578,11.065882556941393,0.05635477171308918,0.8545997414284309,0.1562664915542185,0.8143751960121646,5.877181221189057,0.10847444993866012,0.10842744307957553,0.02440841220777476,0.7000000000000001
82.47612241600109,9.068657945233577,11.094018481270941,0.06255754784994888,0.8440777298864632,0.1525302926477195,0.7846543059046157,5.860915266662867,0.1064043957917927,0.10634219148457724,0.028010385256598047,0.7000000000000001
82.5014428909999,9.070891587520352,11.121848150344542,0.06700926860328021,0.8348900722080166,0.14006032244096372,0.7856796903872385,5.844768589437891,0.10418788299035156,0.10410854919780199,0.03870907047468321,0.7000000000000001
82.57545992700034,9.07322841639649,11.149419526133864,0.07010486628412736,0.827141273679629,0.1219841236660309,0.8361300078716714,5.828752669867186,0.10187707636668944,0.10177172032166482,0.011093244070312964,0.7000000000000001
82.60461276000024,9.075594558162562,11.176888060666192,0.07098425298218512,0.8240560359698285,0.11330097672759748,0.8436456022454348,5.812850716631343,0.09953911062771456,0.09940557855559184,0.022111683096823213,0.7000000000000001
82.63392122100049,9.075594558162562,11.176888060666192,0.07098425298218512,0.8240560359698285,0.1064552642010485,0.8532041251391824,5.812850716631343,0.09953911062771456,0.09940557855559184,0.022111683096823213,0.7000000000000001
82.67212504600138,9.077937958049253,11.204292171338974,0.0703019966007273,0.822123320183448,0.11325499311987974,0.8630478619180297,5.79708814683469,0.0972391506519653,0.09706217866890121,0.010721595521354065,0.7000000000000001
82.71101949100012,9.080228781809403,11.231573989049835,0.06872471280448621,0.8184545313258309,0.1131055051037102,0.8629502694751017,5.78151977106973,0.09499769609129753,0.094771354908751,0.021432591778010393,0.7000000000000001
82.77313378899998,9.082405929899037,11.258734448565429,0.06531444268904019,0.814813785467824,0.11868066581821185,0.8553857686192963,5.76619807031298,0.0928896789663529,0.09259420681911656,0.01043244305669844,0.7000000000000001
82.78715646000092,9.084410599496955,11.28575929666604,0.06014008793751802,0.810745443018337,0.12997745873809735,0.8453488468499064,5.7511814239111,0.09096991944610264,0.09058953722119867,0.02095666932773326,0.7000000000000001
82.81652775000111,9.086174210765998,11.312748866193635,0.052908338071296496,0.8096870858278659,0.13552577411873704,0.8365282679925479,5.7364813193884645,0.0893166220450286,0.08882592595215577,0.029661292619038784,0.7000000000000001
82.85821828799999,9.087691326828635,11.339667465847809,0.04551348187909172,0.8075579896252306,0.16173559709449845,0.8218580535105037,5.722121453993086,0.08794468883078996,0.08730880988951917,0.03836475739629827,0.7000000000000001
82.89343418400131,9.088966071921938,11.366545941298314,0.038242352799094645,0.8063542635151661,0.22030578245920102,0.8399125197919602,5.708084803100088,0.0868463626354716,0.08603406479621611,0.017697439024919378,0.7000000000000001
82.99793261000013,9.089941127166341,11.393413051439142,0.02925165733207219,0.8060133042248252,0.2883922681148963,0.8368946168839253,5.694409786745176,0.0861179423554295,0.08505900955181289,0.00910200786011925,0.7000000000000001
83.11753074900116,9.09092003506308,11.447428647871222,0.00984372026716375,0.8120872356745347,0.31050973071043786,0.8246552068391975,5.6680699425171825,0.0858440356443519,0.08408010165507385,0.022613343794037122,0.7000000000000001
83.22545643900048,9.091033008406146,11.474625899635518,0.0033892002920030235,0.8159175529288887,0.343107846003068,0.784027388444499,5.655293050739404,0.08619130380050688,0.08396712831200759,0.012111615361672082,0.7000000000000001
83.24754632100121,9.091033008406146,11.474625899635518,0.0033892002920030235,0.8159175529288887,0.3206764365155849,0.7959190370896517,5.655293050739404,0.08619130380050688,0.08396712831200759,0.012111615361672082,0.7000000000000001
83.28716862100009,9.091065927963463,11.50190785651549,0.000987586719489772,0.8184587063991758,0.37588471491813746,0.7659770304897859,5.642650381163487,0.08687639618797642,0.08393420875469104,0.02404918516549344,0.7000000000000001
83.33458233200145,9.090980859533945,11.529265170024152,-0.0025520528855710136,0.8207194052598576,0.4419762353850677,0.7775023170878423,5.630182085475234,0.08772405284204629,0.08401927718420943,0.021374936976284887,0.7000000000000001
83.43795702200077,9.090645258455684,11.584061380119458,-0.006341268046995113,0.8221983016053619,0.543901148320538,0.7796076394766807,5.6056740955605795,0.09055304309692172,0.08435487826247012,0.022950267153292306,0.7000000000000001
83.54050252700108,9.090649757413505,11.611534200188887,0.00013496873465943405,0.8241846020828459,0.6285013634002279,0.7740348738362235,5.593393593314432,0.09246968559512277,0.08435037930464873,0.012237681531400901,0.7000000000000001
83.58074084000145,9.091041693540701,11.639106115711282,0.011758083815896317,0.8271574656718781,0.6527101823858695,0.7707278287981996,5.5808298688973865,0.09424303324714169,0.08395844317745293,0.024172671871291126,0.7000000000000001
83.61472036400119,9.091749044834632,11.666779477134007,0.02122053881790751,0.8302008426817609,0.6764715275892794,0.7559370063568664,5.5680463129190185,0.09663630729511206,0.08325109188352187,0.03457895738116555,0.7000000000000001
83.66074717800075,9.091749044834632,11.666779477134007,0.02122053881790751,0.8302008426817609,0.715100579704519,0.7365694269824165,5.5680463129190185,0.09663630729511206,0.08325109188352187,0.012812351403231982,0.7000000000000001
83.67123554099999,9.091749044834632,11.666779477134007,0.02122053881790751,0.8302008426817609,0.730000282859984,0.7338980493904718,5.5680463129190185,0.09663630729511206,0.08325109188352187,0.012812351403231982,0.7000000000000001
83.70015810900077,9.092877135898057,11.694495796296643,0.03384273190275036,0.831489574879047,0.7421230756226516,0.7320955712801698,5.554973433802088,0.098969000153246,0.08212300082009705,0.02527768660700715,0.7000000000000001
83.73309610900105,9.09434663538055,11.722257144719489,0.044084984474810227,0.8328404526853698,0.7679549524250691,0.7127229724799675,5.541680854448724,0.10246357818828915,0.08065350133760418,0.03615423834324821,0.7000000000000001
83.77089721000084,9.096210730108258,11.750022956391225,0.05592284183125536,0.83297435015209,0.815322661797153,0.6953136197188908,5.528137042709051,0.10576681136813032,0.08266746758368629,0.03397539610933184,0.7000000000000001
83.83530599000005,9.098845643802271,11.77779413739551,0.07904741082038844,0.8331354301285684,0.8619913119856053,0.667519855553532,5.513998999168406,0.11088776347432044,0.09266449852380713,0.04405839853532032,0.7000000000000001
83.89413117799995,9.102507890056676,11.805563666678152,0.10986738763214438,0.8330858784792484,0.8759794517035582,0.643448727535258,5.499033140163203,0.11505134714492352,0.10822675068020289,0.019642347378314003,0.75
83.94288160600081,9.107216201176504,11.83338594721971,0.14124933359481745,0.8346684162467439,0.8758699038156803,0.6210342181652512,5.483195174900804,0.11691058657323684,0.11778393628670791,0.028471364338897562,0.75
83.98412966100113,9.113118183576487,11.861219210348487,0.17705947199949285,0.834997893863278,0.8920954839778295,0.5917725403879244,5.466363478134995,0.11762724475520672,0.11188195388672462,0.027052166921869996,0.75
84.00300999200044,9.120418729284992,11.888802473724894,0.21901637125515644,0.8274979012921981,0.8925525309229778,0.5718187760781026,5.448451535240158,0.11695819679018711,0.1045814081782197,0.038766805098288226,0.75
84.10242090500105,9.139511406361649,11.943040858705706,0.30943779402294136,0.8091162631070815,0.9169823688626811,0.5208861319247916,5.409151488434134,0.11320175423828104,0.08548873110156308,0.02868888069749258,0.75
84.1321816560012,9.139511406361649,11.943040858705706,0.30943779402294136,0.8091162631070815,0.9187022991533035,0.4963302515058003,5.409151488434134,0.11320175423828104,0.08548873110156308,0.02868888069749258,0.75
84.16480992000106,9.151262785610413,11.969820703359233,0.3525413774629218,0.8033953396058354,0.9212405649231231,0.48978908646730257,5.387732719142752,0.1105340534710678,0.07373735185279884,0.04110854912531881,0.8
84.24037751200012,9.164387187212915,11.996419883290224,0.3937320480750458,0.7979753979297598,0.9615964296100084,0.4236906221381558,5.36519553652658,0.10878791884862114,0.06428633986980054,0.02169773189383392,0.8
84.27047100100026,9.178721983352688,12.022923256938617,0.43004388419315986,0.7951012094517509,0.9712092714875813,0.38294316311962967,5.341650036618141,0.10622920458339037,0.06661033037306124,0.03101701717810529,0.8
84.31307431400091,9.194179516233582,12.049313094994485,0.463725986426832,0.7916951416760563,0.9747001335475053,0.3351000179464547,5.3171788949877605,0.107102166197028,0.07434063749628592,0.014272113801323793,0.8
84.3943548520001,9.2279221940432,12.101935928262025,0.5200774533743451,0.7879239453325364,0.9796613787320527,0.2552195667952454,5.265871455140825,0.10916159534832426,0.08769092345043837,0.038825032418907536,0.8321658488546619
84.44123465900157,9.24621300067818,12.127948529984371,0.548724199049385,0.7803780516704103,1.0071513529988405,0.20390284104206485,5.23910633936517,0.11095828767989108,0.09315105711964834,0.014715357312271807,0.8321658488546619
84.46634803600136,9.265348392480485,12.153712708361656,0.5740617540691416,0.7729253513185306,1.009928754324117,0.17492424177271304,5.21170705121498,0.11263793911284382,0.09783831705785528,0.028812964896050546,0.8200609733428363
84.5268732020013,9.265348392480485,12.153712708361656,0.5740617540691416,0.7729253513185306,1.0162615972704996,0.11045399625321983,5.21170705121498,0.11263793911284382,0.09783831705785528,0.017574385908637472,0.8200609733428363
84.54433402399991,9.285337629202756,12.179122127669146,0.59967710166812,0.7622825792246836,1.0162615972704996,0.11045399625321983,5.183699986031333,0.11459311484888124,0.10167096491913281,0.03389089404905094,0.8200609733428363
84.56880500900115,9.285337629202756,12.179122127669146,0.59967710166812,0.7622825792246836,0.9650213645550823,0.05040438300110006,5.183699986031333,0.11459311484888124,0.10167096491913281,0.03389089404905094,0.8200609733428363
84.59934680400147,9.306056401748737,12.20424287712679,0.6215631763794247,0.7536224837293043,0.955500077025883,0.03787346668391772,5.155171218508535,0.1160815033575354,0.10478363264399587,0.048623744969173835,0.8139410298049854
84.6560559160007,9.32735862209448,12.229176688711581,0.6390666103722792,0.7480143475437435,0.954722418469784,0.0027917751574853544,5.126215522601061,0.11806546186484523,0.10735155543562522,0.03594862166423117,0.8139410298049854
84.69638410600055,9.34910028261874,12.25403262583525,0.6522498157278607,0.7456781137100772,0.9632832107540933,-0.025851934749688887,5.096924923038794,0.11975751779163739,0.10955368153755743,0.0518928401387985,0.848528137423857
84.71617465500094,9.34910028261874,12.25403262583525,0.6522498157278607,0.7456781137100772,0.9632832107540933,-0.025851934749688887,5.096924923038794,0.11975751779163739,0.10955368153755743,0.0518928401387985,0.848528137423857
84.74973978700109,9.371409113089824,12.278676221566608,0.6692649141324978,0.7393078719407286,0.9826283418425964,-0.05909680913770621,5.0672272577472635,0.12199159958258934,0.11120460988557601,0.038898831366330176,0.8139410298049854
84.82325404800031,9.417833190203961,12.327172774899143,0.7058014221063821,0.7228540062077029,1.0456799884802674,-0.11279918750726814,5.00655594244331,0.12593261676478673,0.11267007187345318,0.07114864571938984,0.8200609733428363
84.8753056000005,9.442190087329308,12.35072798841664,0.7307069137604261,0.7066564055249072,0.9879350818153292,-0.1569275467110624,4.975454326298478,0.12732919770645454,0.11210319595797609,0.059063057881063016,0.8500000000000001
84.91310068600069,9.467432014740359,12.373700210313382,0.7572578223315054,0.6891666569022386,0.9268106736966253,-0.1803661414009171,4.943763455296444,0.12938039417696673,0.11049827179751212,0.07528941381778902,0.8321658488546619
84.96731862700108,9.493476753051254,12.396024149077984,0.7813421493268833,0.669718162938038,0.8668678107780867,-0.21342670424271631,4.9115771525249015,0.13070776890449096,0.10786726920689212,0.02116708818423191,0.8321658488546619
84.99699894600053,9.520294820389385,12.417606159234516,0.8045420201439097,0.6474603046959851,0.8946620779839212,-0.19246598618478278,4.878949535258377,0.13339440110059964,0.10416481766710355,0.0415489113153214,0.8
85.06218983200051,9.547793883372927,12.43848230855053,0.8249718895062701,0.6262844794803972,0.8922474041213548,-0.18333628552391945,4.845948985209864,0.13596347525654784,0.0994817105015805,0.06105427742970915,0.8
85.08274810400144,9.547793883372927,12.43848230855053,0.8249718895062701,0.6262844794803972,0.8922474041213548,-0.18333628552391945,4.845948985209864,0.13596347525654784,0.0994817105015805,0.019330194115496576,0.8
85.10463579000134,9.575909389447325,12.458614169997801,0.8434651822319412,0.6039558434181815,0.8856863335343337,-0.21312964801112277,4.812644106457787,0.14057298612043292,0.09695978915614098,0.037991981441157646,0.75
85.14434204200006,9.604548344986036,12.478034962128753,0.8591686661612962,0.5826237639285362,0.8637852555718545,-0.2461051624345454,4.77910621001924,0.14726522547091492,0.10504494980988885,0.0563823199272796,0.75
85.1954153480001,9.633627291180638,12.496533352076188,0.8723683858380413,0.5549516984230602,0.8433265834826853,-0.2639189706619852,4.7454810572891795,0.15412086197013056,0.12153316767431832,0.01901888311750445,0.75
85.20044403000065,9.633627291180638,12.496533352076188,0.8723683858380413,0.5549516984230602,0.8433265834826853,-0.2639189706619852,4.7454810572891795,0.15412086197013056,0.12153316767431832,0.01901888311750445,0.75
85.23792252600106,9.663020772617298,12.514069552248555,0.881804443099786,0.5260860051710029,0.8213625534498222,-0.25371405563448635,4.711895589816342,0.16247093517979272,0.13906936784668567,0.037079730011720095,0.7000000000000001
85.2772074930017,9.692814381137994,12.530372743707206,0.8938082556208968,0.4890957437595052,0.793936699414977,-0.24344877937261808,4.678355993594472,0.17016243198434294,0.1553725593053361,0.05369892436420357,0.7000000000000001
85.32237363000058,9.722919374303736,12.545361090861004,0.9031497949722511,0.4496504146139605,0.8021359171560101,-0.19527309126574102,4.6449689925396145,0.1775514785337492,0.17036090645913404,0.026752156492468062,0.7000000000000001
85.36429917600071,9.753141342376034,12.558928229229013,0.9066590421689908,0.40701415104023575,0.7836226768228534,-0.16448953060524063,4.611949955499045,0.18350147878971196,0.1810698464470008,0.038759704111801546,0.65
85.42928571600169,9.813628764489499,12.582261358074785,0.9076852343166659,0.33205204808819666,0.7512044815591029,-0.1331289535854498,4.547142944069915,0.18949123635163606,0.16881209411703949,0.047833989781394706,0.65
85.43833854200057,9.813628764489499,12.582261358074785,0.9076852343166659,0.33205204808819666,0.7518166937582464,-0.08304675373201266,4.547142944069915,0.18949123635163606,0.16881209411703949,0.047833989781394706,0.65
85.47730466700159,9.843905346063078,12.592176277161649,0.9082974472073745,0.29744757260593696,0.7084405396680479,-0.10716831891291832,4.51529335507944,0.19169924249004172,0.17004332505536746,0.05986846624121631,0.65
85.55967925700133,9.874168864930278,12.600951172528134,0.9079055660159969,0.26324686099456857,0.6086236584694894,-0.12277751425836678,4.483837214849512,0.19427003412385477,0.1759529510708717,0.03940470876044229,0.6000000000000001
85.5725970830008,9.874168864930278,12.600951172528134,0.9079055660159969,0.26324686099456857,0.5874495119292892,-0.12781494516259453,4.483837214849512,0.19427003412385477,0.1759529510708717,0.03940470876044229,0.6000000000000001
85.60543909700027,9.9043600132112,12.608608789424117,0.9057344484276819,0.22972850687952082,0.5697356424552333,-0.13424213487230846,4.4528241197833225,0.19647518780638243,0.1836086042771896,0.05482552702830395,0.6000000000000001
85.6462994400008,9.934507370844099,12.615321915055198,0.9044207289869496,0.20139376893241445,0.5264234992768586,-0.14560089257610037,4.422171170303962,0.19868532853479012,0.1903217299082698,0.01750063572712742,0.6000000000000001
85.68722153599992,9.964537653360221,12.621138140511412,0.9009084754836663,0.17448676368644542,0.46025263197127064,-0.15330886271770955,4.391933653861979,0.2003726464817888,0.19613795536448464,0.034125670637622424,0.6000000000000001
85.71239212100045,9.994376310252758,12.626245093037976,0.8951597067761063,0.1532085757969378,0.46025263197127064,-0.15330886271770955,4.3621209758107815,0.2016543066148845,0.20124490789104854,0.04974255861100913,0.6000000000000001
85.73898871200072,9.994376310252758,12.626245093037976,0.8951597067761063,0.1532085757969378,0.403473269294755,-0.14081617563750878,4.3621209758107815,0.2016543066148845,0.20124490789104854,0.038664058585030636,0.6000000000000001
85.77227169000071,10.023969247650525,12.630830667564767,0.8877881219330067,0.13756723580372596,0.35986664392054213,-0.14215876383621134,4.332722610722594,0.20223461708278134,0.20583048241783963,0.05575680120401614,0.6000000000000001
85.81229530900055,10.05325229460633,12.635030978079588,0.8784914086741219,0.12600931544459523,0.32639772541593853,-0.11694040065966188,4.303754317604037,0.20206702681768585,0.2100307929326597,0.07204578750229355,0.6020797289396148
85.87567959100124,10.110634694523114,12.642694679961997,0.8535727344012062,0.11155876418522051,0.34567102787066195,-0.026800171430645094,4.247207828250668,0.19750510299014504,0.21769449481506875,0.03809730231688639,0.608276253029822
85.91889427000024,10.110634694523114,12.642694679961997,0.8535727344012062,0.11155876418522051,0.37101748986830585,0.03547124931858593,4.247207828250668,0.19750510299014504,0.21769449481506875,0.03809730231688639,0.608276253029822
85.95703153800059,10.13852998756476,12.646248949664482,0.8368587912494165,0.10662809107458508,0.36804639367767017,0.058148634619480104,4.219791082005751,0.19098052943416116,0.2175901416196325,0.013161709818383518,0.608276253029822
85.9834250240001,10.165770648678626,12.64964445169384,0.8172198334159221,0.10186506088072156,0.3754874858233683,0.06728475293549374,4.1930528025891896,0.1794382801986836,0.20072906793250558,0.02594402941368981,0.6184658438426491
86.01304975800122,10.192251134488309,12.65283751994442,0.7944145742904855,0.09579204751737995,0.37912226942777255,0.10144489166714085,4.167106962820672,0.16659605012462744,0.18426237706014076,0.035366605022230546,0.570087712549569
86.03681912200045,10.192251134488309,12.65283751994442,0.7944145742904855,0.09579204751737995,0.3895842866897787,0.13351651860478927,4.167106962820672,0.16659605012462744,0.18426237706014076,0.035366605022230546,0.570087712549569
86.10238065200065,10.217858815435166,12.655778752108066,0.7682304284056968,0.08823696490941395,0.41909763778036946,0.2054765969297757,4.142076193137565,0.15333578791683217,0.16823477742011492,0.006319761915452839,0.5852349955359814
86.18010282900104,10.242561958634907,12.658450339330063,0.7410942959922271,0.08014761665989512,0.43845897267911405,0.2682351925290575,4.117996317039171,0.1399626265865689,0.15265611478816116,0.002867842834819208,0.5852349955359814
86.21973152600003,10.266205103989073,12.660796645162655,0.7092943606249508,0.07038917497776305,0.48831171984171295,0.357457205698363,4.095032307718036,0.12634434695253488,0.1375969751446148,0.005818038414602433,0.6041522986797286
86.26212231600039,10.288656039841626,12.662828771388106,0.6735280755766035,0.06096378676352693,0.5174106041934451,0.4194060617895701,4.073303809315668,0.11326414314042249,0.12315869639353344,0.008363993483938313,0.6041522986797286
86.29062943100143,10.309980543375469,12.664704760644623,0.63973510601527,0.05627967769551146,0.5420750861213848,0.48229378751540863,4.052692920233251,0.10068778522249865,0.10940652006403334,0.0065284693992282905,0.6264982043070835
86.3166864620016,10.309980543375469,12.664704760644623,0.63973510601527,0.05627967769551146,0.5420750861213848,0.48229378751540863,4.052692920233251,0.10068778522249865,0.10940652006403334,0.0065284693992282905,0.6264982043070835
86.39839323900014,10.349859188201645,12.668824979163535,0.5854171664192738,0.06500023878694244,0.5927031047446553,0.5911242490889148,4.013952920573668,0.07677675765839763,0.08412149433760713,0.007110457132594768,0.6264982043070835
86.44053850000091,10.36853942208123,12.671222147970518,0.5604070163875811,0.07191506420950954,0.5960461058419779,0.6323147994922527,3.9956481570593594,0.06592053373334598,0.0726076286062678,0.010005943898581813,0.651920240520265
86.4746609520007,10.386506664116824,12.67398495436776,0.5390172610678193,0.08288419191728764,0.5993689754906811,0.6636295063025479,3.9778828120016643,0.055793050346921495,0.061856469062275425,0.012940404139432633,0.651920240520265
86.5157230090008,10.403844894394794,12.677260688833046,0.5201469083391091,0.0982720339585861,0.5764112341050955,0.6917758359839126,3.960523918906594,0.04617673580631323,0.051912782912718954,0.007658714941504895,0.6800735254367722
86.56953141900158,10.437135976985639,12.686196301494691,0.49257241149561615,0.14605339925253014,0.5409067438026635,0.7169927756597663,3.926246776375657,0.0296246406168457,0.03469086496679697,0.012839456127932329,0.6800735254367722
86.62320502500006,10.453133716891665,12.691941224595768,0.4799321971808146,0.17234769303229436,0.5260900165141675,0.7263741531798855,3.90925353512218,0.022719296314583932,0.027441028677753245,0.003394407403965104,0.7106335201775948
86.64573102100076,10.453133716891665,12.691941224595768,0.4799321971808146,0.17234769303229436,0.519642640492018,0.7270331051046975,3.90925353512218,0.022719296314583932,0.027441028677753245,0.003394407403965104,0.7106335201775948
86.70562506800161,10.468803896136722,12.69876883009504,0.47010537735166275,0.2048281649781234,0.5141595202636646,0.7230072505455873,3.892175989883432,0.016666066142943567,0.02118838481896677,0.005693398924868835,0.7106335201775948
86.74789903200144,10.484205082472691,12.706794838076812,0.46203559007906886,0.24078023945318744,0.49831533687152507,0.714802054385772,3.874918516411117,0.011564770263014735,0.01597334619225392,0.00723894927089927,0.6726812023536856
86.79825016800169,10.49938763072962,12.716116041787618,0.45547644770784407,0.279636111324187,0.48060519348306474,0.7146423930710949,3.857401229265686,0.007539112576641974,0.011828749716819815,0.009143333093940335,0.6726812023536856
86.84037380300106,10.514321054969175,12.72668283414139,0.4480027271866157,0.31700377061314006,0.4535590733337223,0.7391283870132672,3.839673623484071,0.004575184263667306,0.008741074699436696,0.00581605174856187,0.7071067811865476
86.9079280950009,10.529087823268105,12.738573236706824,0.44300304896787723,0.3567120769630597,0.4243870086482543,0.7828483824623726,3.8216353313395897,0.002499311761203109,0.0067071769841093466,0.010716232528641307,0.7071067811865476
86.94658758500009,10.529087823268105,12.738573236706824,0.44300304896787723,0.3567120769630597,0.41116836811457314,0.7885487890418018,3.8216353313395897,0.002499311761203109,0.0067071769841093466,0.0,0.7071067811865476
86.98125237900058,10.543695951294406,12.751807924565988,0.4382438407890515,0.39704063577494214,0.4097946488984697,0.7691619172535649,3.8032775811269497,0.001393127580662104,0.005736008128372453,0.0008160017495638953,0.6726812023536856
87.12118398300117,10.572356968338994,12.782007957928403,0.4268964034916996,0.4710645166884661,0.39211873606203407,0.7929970078126948,3.7658157657791103,0.0021164763405070184,0.006824257003065494,0.006641791123233719,0.7106335201775948
87.1789398510009,10.58633409906344,12.79886361073234,0.4193139217333461,0.5056695841180819,0.3531092793909373,0.7995367178153211,3.7468391968272154,0.003665428736783275,0.008859679485269188,0.0018118961570447766,0.7106335201775948
87.24946008400002,10.58633409906344,12.79886361073234,0.4193139217333461,0.5056695841180819,0.3027456076443057,0.7468130655470692,3.7468391968272154,0.003665428736783275,0.008859679485269188,0.0018118961570447766,0.7106335201775948
87.29269833300168,10.600066630853394,12.81676949149968,0.41197595369866685,0.5371764230202294,0.2952463747202851,0.7315227299631872,3.7277626166927385,0.00611703678650214,0.01181068284743636,0.0029851147414689657,0.7211102550927979
87.31433641100011,10.600066630853394,12.81676949149968,0.41197595369866685,0.5371764230202294,0.2785585566874976,0.7272791468483507,3.7277626166927385,0.00611703678650214,0.01181068284743636,0.0029851147414689657,0.7211102550927979
87.35320156900161,10.613526970606447,12.835604865310463,0.40381019259156126,0.5650612143234613,0.267562464356743,0.7199958546856879,3.708664077712516,0.00931883657574918,0.0156114058787658,0.006820656913340236,0.7211102550927979
87.39868622600079,10.626683829063904,12.855269936373759,0.3947057537236786,0.5899521318988564,0.24993180414563143,0.748718277721568,3.689617616309469,0.012909307077731429,0.020213407145758252,0.00287995017425494,0.6946221994724903
87.43312474300001,10.639486847071376,12.875702281763225,0.3840905402241786,0.6129703616839592,0.23148720850092086,0.805774185255498,3.670702410230469,0.017279091679426824,0.02560815627345784,0.006528960687989023,0.6946221994724903
87.47020207600144,10.651890328321537,12.896911824579064,0.3721044375048408,0.6362862844751762,0.21334501434594366,0.8467626872392928,3.651969532424967,0.022189369195291006,0.031834982122095436,0.010083222299692765,0.73824115301167
87.50144279100095,10.663850043761714,12.918814248676052,0.35879146320531047,0.657072722909654,0.1993942048989956,0.8149650016458104,3.633500557435913,0.027379049090681836,0.03886553883668815,0.00641862099895217,0.7158910531638177
87.53412657700028,10.675396651832902,12.941349097075012,0.34639824213559245,0.6760454519687863,0.16717859976156954,0.7961601421842754,3.615298052322407,0.033294100400351016,0.04663539808576393,0.013572356253151955,0.7158910531638177
87.6112278640012,10.686476493341884,12.964403650205131,0.332395245269466,0.6916365939035942,0.13754417135588956,0.8190612906433993,3.5974604654081954,0.03890935678726857,0.05510279787582362,0.004234418271711078,0.696419413859206
87.66474057100095,10.697012481043997,12.987878418949581,0.31607963106339154,0.7042430623335071,0.1409271301206705,0.8429616980391976,3.580103136113318,0.04484649397873065,0.06425189769114784,0.009155468421538889,0.696419413859206
87.72247343500021,10.706928187290385,13.011657710922092,0.29747118739167133,0.7133787591753511,0.16313709962712572,0.8796214399280173,3.5633446738141745,0.05060533417003904,0.07405493316965006,0.0019435939289561353,0.7280109889280518
87.76534451400039,10.706928187290385,13.011657710922092,0.29747118739167133,0.7133787591753511,0.19696722090824953,0.9023428352679143,3.5633446738141745,0.05060533417003904,0.07405493316965006,0.0019435939289561353,0.7280109889280518
87.82451972200033,10.71618968962485,13.03564588063331,0.27784507003390124,0.7196450913365671,0.2255363107769851,0.9188864053414274,3.54725554591349,0.055449199072278785,0.08446825953603174,0.004539936680528381,0.7280109889280518
87.84648573300001,10.724818418026398,13.060014360568353,0.2588618520464436,0.7310543980512528,0.2108286364301053,0.888485463787274,3.5317730450183054,0.059483389414185,0.09559794457955612,0.009818132334953053,0.7158910531638177
87.88143023300108,10.732805483635206,13.084652543413368,0.2396119682641952,0.739145485350476,0.2034865899298891,0.8582334183687491,3.516948872052888,0.061102254699952833,0.09219467766986433,0.01458767907619231,0.7158910531638177
87.96337605500048,10.740117848261493,13.109489821862407,0.219370938788589,0.7451183534711814,0.2660670737334815,0.8497879364358633,3.5028443423259823,0.06143323261579913,0.08488231304357718,0.007985255770139308,0.7071067811865476
87.99425552600042,10.746797826269523,13.134619200225547,0.2003993402408863,0.7538813508941895,0.30613369088172526,0.8448026317467093,3.489401797799152,0.061196984330615795,0.07820233503554697,0.012030126976856306,0.7071067811865476
88.04453951200048,10.75282668138541,13.160026222004163,0.1808656534766012,0.7622106533584889,0.343556472907584,0.8355204474331746,3.476653553083076,0.059930158584400574,0.07217347991966072,0.004290252256346013,0.7516648189186454
88.16655051400085,10.763001734601389,13.21172180194535,0.14418803391081403,0.7798607839647055,0.3987885249658795,0.8122482056625748,3.4532007732555248,0.05778824146270865,0.061998426703681275,0.016116190702330144,0.75
88.20811319900167,10.767407719064963,13.238065425643875,0.1321795339072208,0.7903087109557438,0.3910812176612657,0.7879084085101202,3.4422525359738305,0.056935042323658834,0.05759244224010729,0.023330139639099207,0.75
88.24549746100092,10.771409132945516,13.264793664286472,0.12004241641659068,0.8018471592779349,0.40068663655344605,0.7565757734577484,3.4317760392331165,0.05635560016249435,0.05359102835955376,0.02950208658940601,0.75
88.28233372900104,10.774984553123984,13.291919661286853,0.10726260535402175,0.8137799100114034,0.4134644639415942,0.7169513787297911,3.421800922873636,0.056438570205093935,0.05001560818108608,0.021525354009874542,0.75
88.3029618720011,10.778198781304265,13.319321816790998,0.09642684540845231,0.8220646651243684,0.4286142091283755,0.690501068428242,3.412304465059789,0.057286057224148375,0.04680138000080447,0.029742395944423072,0.75
88.3382452800015,10.778198781304265,13.319321816790998,0.09642684540845231,0.8220646651243684,0.4732468896347605,0.644903737759634,3.412304465059789,0.057286057224148375,0.04680138000080447,0.029742395944423072,0.75
88.37534780100032,10.781020353685758,13.3469387429382,0.0846471714447939,0.8285077844160329,0.4890779591902355,0.629274890096562,3.4033405867670234,0.05918904562726807,0.043979807619312083,0.010550193429903243,0.75
88.4041362780008,10.78397544487379,13.374740982661512,0.08865273564096364,0.834067191699353,0.554869282483056,0.6261672086638019,3.3944100359901674,0.06183142093369813,0.041024716431280694,0.021070166909081325,0.7516648189186454
88.48437942800047,10.78727892890143,13.40271593764581,0.09910452082922078,0.8392486495289295,0.6480961436904911,0.6141991392732394,3.3853103193819054,0.06533358813466912,0.04680869070947071,0.010578795622851845,0.7566372975210779
88.50410151200049,10.79090377986683,13.43086800262957,0.10874552896205593,0.8445619495127775,0.6480961436904911,0.6141991392732394,3.376071003993335,0.07006778109193035,0.0636142851110939,0.020961258548290077,0.7566372975210779
88.53872675000093,10.79090377986683,13.43086800262957,0.10874552896205593,0.8445619495127775,0.7255780193847846,0.6091083413286675,3.376071003993335,0.07006778109193035,0.0636142851110939,0.020961258548290077,0.7566372975210779
88.56978560900097,10.794971121492956,13.458976262306305,0.12202024878376688,0.8432477903020368,0.7584423403057983,0.6135357702546205,3.3666195686552287,0.0735568018639377,0.08002904055717153,0.02983219563354167,0.7648529270389178
88.60911898800077,10.799434299000081,13.486997701065427,0.13389532521371997,0.8406431627736893,0.7839684084505507,0.605216990143587,3.357008454728131,0.07593395093561138,0.07556586305004664,0.009609425497879982,0.7648529270389178
88.66661514400039,10.804606870737262,13.514723138287689,0.15517715211543295,0.8317631166678592,0.8068103898835811,0.5701559185367986,3.3469635315085036,0.0775212901642661,0.07039329131286642,0.018454669610472953,0.7762087348130012
88.70229140900119,10.810668158212522,13.542069682845392,0.18183862425781072,0.8203963367311102,0.8063903068885168,0.5506476327573709,3.336313864761114,0.07814701653787892,0.06433200383760607,0.02031221819553925,0.7762087348130012
88.76789715800078,10.817724501297535,13.568996095468824,0.2116902925503945,0.8077923787029728,0.8186249666332989,0.4856836177519246,3.324950765952763,0.07896863689599873,0.05727566075259283,0.028826991141803277,0.7905694150420949
88.88726791299996,10.835561138826826,13.621509987863124,0.28586172902901563,0.7817815559469699,0.8244623426560848,0.4376396558072141,3.299320198169974,0.07938903000080821,0.03943902322330217,0.025083842133906353,0.8077747210701756
88.90827279000041,10.835561138826826,13.621509987863124,0.28586172902901563,0.7817815559469699,0.795296784930245,0.48985649644058515,3.299320198169974,0.07938903000080821,0.03943902322330217,0.025083842133906353,0.8077747210701756
88.93902901799993,10.846238555288826,13.647270932219037,0.32032249386002104,0.77282833067736,0.8207607211687168,0.396075270962418,3.2851068700885158,0.07962665112661882,0.03637602785046712,0.009716130259086544,0.8077747210701756
89.00161860600019,10.85796311601723,13.6728399037366,0.35173682185209765,0.7670691455268711,0.8332128023629369,0.3479678136960769,3.2700564069973574,0.08105484985486038,0.0458747875620087,0.018534541546156448,0.7826237921249265
89.045336141,10.870725003154654,13.698244683579425,0.38285661412273486,0.7621433952847729,0.8382768658616284,0.3098296937217411,3.2541702997112343,0.08416771879112224,0.054814662727811506,0.020153823868354716,0.7826237921249265
89.08410050300154,10.884474305397688,13.723486693288953,0.4124790672910317,0.7572602912858402,0.8393963173431669,0.2752119219898478,3.237494056022059,0.08645582226396778,0.06294123411156197,0.029045152337451745,0.8062257748298549
89.14162838600168,10.899124045411984,13.748607998209204,0.43949220042884457,0.7536391476075239,0.8494449500268542,0.22007389398199306,3.2201060876285243,0.09048498226327518,0.07034574866619832,0.013621199599352044,0.8062257748298549
89.21509790200071,10.914728121005425,13.773415442351322,0.4681222678032354,0.7442233242635526,0.8680294156726771,0.15827381155496317,3.20197039592939,0.09367569526067393,0.07685351297672696,0.02647252113590325,0.7905694150420949
89.2569813400005,10.931227578969901,13.797830275830966,0.4949837389343078,0.7324450043893629,0.8644309036503866,0.14204452645127674,3.183147058884547,0.0969568125877554,0.08245052867914018,0.02980845663538762,0.7905694150420949
89.31873078300123,10.948496472183749,13.82189356095113,0.5180667964154003,0.7218985536048953,0.8368749198771692,0.08537911224794692,3.1637505712806626,0.10009174231200856,0.08725488927013557,0.04042894453044606,0.8200609733428363
89.36710877600126,10.948496472183749,13.82189356095113,0.5180667964154003,0.7218985536048953,0.8373797251228368,0.053369116172548914,3.1637505712806626,0.10009174231200856,0.08725488927013557,0.016467906057967933,0.8200609733428363
89.37335674300084,10.948496472183749,13.82189356095113,0.5180667964154003,0.7218985536048953,0.8363993755734906,0.04424171693482776,3.1637505712806626,0.10009174231200856,0.08725488927013557,0.016467906057967933,0.8200609733428363
89.40976997000143,10.966484066294829,13.845334758999378,0.5396278233324113,0.7032359414474566,0.8350328029204606,0.037622919811619304,3.1438474027468466,0.10257590139067599,0.0911111695960127,0.03191402762975415,0.7810249675906654
89.45770206400084,10.985088824234593,13.868158879949794,0.5581427381929108,0.6847236285124948,0.8387925260522346,0.008235541972026916,3.1235271629768744,0.10509623912297997,0.09409470979313223,0.04274209912275795,0.8139410298049854
89.48821060500086,11.004351215486686,13.890277568044997,0.5778717375627843,0.6635606428561128,0.854017852739261,-0.01233270493963301,3.10274473579827,0.10665339782614584,0.09611441665997676,0.0321443820280312,0.7778174593052023
89.50596341300115,11.004351215486686,13.890277568044997,0.5778717375627843,0.6635606428561128,0.8744783825991735,0.00436013565964638,3.10274473579827,0.10665339782614584,0.09611441665997676,0.0321443820280312,0.7778174593052023
89.55213033200016,11.024246014652933,13.911644573920817,0.59684397498739,0.6410101762746034,0.909120351085077,-0.06997385448625598,3.081515916705905,0.10816449086456568,0.09715542400762459,0.04366523347651953,0.8139410298049854
89.65845230300147,11.065851771846992,13.951951729408703,0.6335597765183971,0.5913925925962826,0.995679048129118,-0.12733418182957001,3.0377580155155726,0.10902779631753579,0.09623717393512915,0.04413813310632833,0.8200609733428363
89.72245430600015,11.087543445838838,13.970739355185286,0.6507502197553668,0.5636287732974858,1.0271771546243327,-0.16433690704320814,3.015228483051733,0.1087898631944517,0.09418370174922343,0.04226917144935103,0.8200609733428363
89.77982696400068,11.109734782918707,13.98857430364664,0.6657401123960622,0.5350484538406606,1.0661169231469827,-0.18454927727942294,2.9923405144291415,0.10758120444756522,0.09110326981558776,0.05435062631414381,0.7905694150420949
89.81534214900057,11.132364562583684,14.005442684583645,0.6788933899493163,0.506051428110137,1.1043085820346057,-0.20037671671871515,2.969141487923382,0.1069839267949933,0.08702934570591978,0.02833658375369758,0.8321658488546619
89.87433851800051,11.155380427106367,14.021414308922564,0.6904759356805125,0.47914873016756276,1.1352486923096916,-0.21917072938943516,2.9456680294816655,0.10547333537602335,0.08204831570367283,0.04096385183042239,0.8062257748298549
89.91816715700043,11.178700901015581,14.036605566449266,0.6996142172764112,0.4557377258010542,1.1272275445531459,-0.22960472988462216,2.9219868719644158,0.10459834002866655,0.07630009167386569,0.02377738971499831,0.8062257748298549
89.96106332700037,11.202412171858299,14.050920547677789,0.7113381252815546,0.42944943685566705,1.1024544651470214,-0.2608273742151015,2.89800345314411,0.10419207365971159,0.06965591156967596,0.035790972478737894,0.8
90.00681375200111,11.202412171858299,14.050920547677789,0.7113381252815546,0.42944943685566705,1.0731736186742054,-0.2875873109066316,2.89800345314411,0.10419207365971159,0.06965591156967596,0.035790972478737894,0.8
90.06731399000091,11.226601475385419,14.064316533769379,0.7256791058135892,0.4018795827476881,1.0514448169784356,-0.30539399101445097,2.8736200846701156,0.10291606150029528,0.06202388361951376,0.031920336668356204,0.8
90.09913834300096,11.251371667351682,14.07674963929948,0.7431057589879062,0.37299316590303255,1.0356638168903018,-0.3162738829642304,2.8487232152035125,0.10468309957126863,0.05688857161917119,0.04582671777192377,0.8
90.20464051300041,11.303019168886081,14.098949693484071,0.7858703793172163,0.3190039020127063,0.9303248885533689,-0.29200627499454623,2.7969810283165106,0.10809769898256394,0.07394948449528549,0.029310340436015967,0.7905694150420949
90.24418104600045,11.303019168886081,14.098949693484071,0.7858703793172163,0.3190039020127063,0.8961990132322131,-0.29155115432498935,2.7969810283165106,0.10809769898256394,0.07394948449528549,0.022869397637034078,0.7905694150420949
90.28083841200169,11.329999128226639,14.108666228748728,0.8093987802167452,0.29149605793967415,0.8607507842286402,-0.2947971157893283,2.7700144283281096,0.11127965631115051,0.08366601975994215,0.0328727149253951,0.75
90.3107028780014,11.35790848472609,14.117373101098444,0.8372806949835457,0.2612061704914618,0.8229486664520385,-0.3059532255921182,2.7421465502009443,0.11362499788106947,0.09237289210965827,0.04185093590184483,0.75
90.35360511100043,11.386787366101816,14.125192591242179,0.8663664412717648,0.23458470431205403,0.8020738649760084,-0.3493513350884233,2.7133295898947143,0.11715169670104329,0.10019238225339322,0.007346484406475234,0.75
90.39517866599999,11.416569425363912,14.13200999166811,0.8934617778629059,0.20452201277788928,0.7886952126814367,-0.41024638333319,2.683621487553406,0.11986741451927647,0.1070097826793237,0.0137383919139396,0.75
90.42630319100135,11.447157727258096,14.137823112981227,0.9176490568255418,0.17439363939355382,0.7760804694220232,-0.4390309351001087,2.6531118920848433,0.12293114850466459,0.11282290399244133,0.01989650802596773,0.75
90.44631277400003,11.447157727258096,14.137823112981227,0.9176490568255418,0.17439363939355382,0.7836938080298564,-0.43615792672379194,2.6531118920848433,0.12293114850466459,0.11282290399244133,0.01989650802596773,0.75
90.48427499100035,11.478432502685253,14.142720868834738,0.9382432628147113,0.14693267560533346,0.7662418734621763,-0.5186157944021017,2.6219155622580788,0.1254710708894174,0.11772065984595237,0.009941751192598311,0.75
90.53656433500146,11.510238232345039,14.146669172290203,0.9541718897935838,0.11844910366394454,0.7746406834250876,-0.5852851968397582,2.590182237768146,0.12775057255086078,0.12166896330141697,0.01825513622122045,0.75
90.58100450800157,11.542341961044835,14.14991857258719,0.9631118609939112,0.09748200890962522,0.7568267272667019,-0.5962038387312227,2.558145130386687,0.1298781466730192,0.12491836359840391,0.009242710175574178,0.75
90.61637150100069,11.57442780673612,14.15251469595383,0.9625753707385484,0.07788370099922334,0.7160579546931044,-0.6168435270694714,2.5261181082203676,0.13163078504568945,0.12751448696504397,0.0176216815213674,0.7000000000000001
90.65941989900057,11.606334288334583,14.154593196830971,0.9571944479539073,0.06235502631422901,0.6868294996351574,-0.6417331118157631,2.4942632376467433,0.13343968491248154,0.12959298784218554,0.024484718141299534,0.7000000000000001
90.68924214400067,11.637963842339593,14.15616468998327,0.9488866201502869,0.047144794568962534,0.7008996146150009,-0.6811519754866873,2.4626766970165077,0.13496254986054043,0.1311644809944834,0.022553921855432018,0.7000000000000001
90.70430831200065,11.637963842339593,14.15616468998327,0.9488866201502869,0.047144794568962534,0.7008996146150009,-0.6811519754866873,2.4626766970165077,0.13496254986054043,0.1311644809944834,0.022553921855432018,0.7000000000000001
90.86115461100053,11.731305790807601,14.158165828308672,0.926175544467947,0.0013938431196149903,0.7900077940440362,-0.8178534326565932,2.3694082637326215,0.13878873922054874,0.13316561931988602,0.03407300114321869,0.7000000000000001
90.88114348199997,11.731305790807601,14.158165828308672,0.926175544467947,0.0013938431196149903,0.7900077940440362,-0.8178534326565932,2.3694082637326215,0.13878873922054874,0.13316561931988602,0.03407300114321869,0.7000000000000001
90.94075606300066,11.761948658113603,14.157460565811993,0.9192860191800634,-0.021157874900343477,0.7238794425723931,-0.8995168957124113,2.3387573183039354,0.13968289967819966,0.13246035682320745,0.01344071403005373,0.7000000000000001
91.06688138100071,11.822604423993786,14.15311814909021,0.9057737045800466,-0.0828936447029519,0.700344763642181,-0.9480790549410298,2.2780149576715782,0.13991400049629746,0.12811794010142386,0.026539650263151134,0.7000000000000001
91.12196169000163,11.852592264476977,14.149259344281333,0.8996352144957432,-0.11576414426627797,0.6626058398010235,-0.9599358670995733,2.2479475111060196,0.13939027959626302,0.12425913529254728,0.038416489900222284,0.75
91.1583829500014,11.882253873250738,14.14435190541611,0.8898482632128315,-0.14722316595665233,0.6331764745657853,-0.9645299569906667,2.218189571300296,0.1388463569789576,0.11935169642732468,0.04933509281389467,0.75
91.20759872100098,11.911547044513073,14.13823611473903,0.8787951378700272,-0.1834737203124137,0.5904962734712481,-0.9715656456495926,2.1887869560214854,0.13801436946725756,0.11323590575024411,0.06010331553985306,0.75
91.24267255000086,11.940613314283626,14.130929342522364,0.8719880931165835,-0.21920316649996527,0.5686978576398453,-0.9480897806625332,2.1596081780448073,0.1376405938839139,0.10592913353357858,0.015430643256991948,0.75
91.28732414700062,11.969609244284923,14.122554529185983,0.869877900038906,-0.2512444000914444,0.5348749746493765,-0.9079584757232152,2.1305101452053816,0.13689819995696817,0.09755432019719734,0.030057548137807696,0.75
91.37278465500094,12.027503762196455,14.102612072927053,0.8659846853225085,-0.3194743103983209,0.5083026924917811,-0.848775860569814,2.0724978838673933,0.1390125664955958,0.09370286938560453,0.025450642167111383,0.75
91.41729544600094,12.056258102379784,14.090562330134142,0.8626302054998771,-0.3614922837873476,0.4570185744843319,-0.8211158858998767,2.0437636883213224,0.14204555794774548,0.10381744949282422,0.03669780483492919,0.8
91.44858439400014,12.085030801977625,14.07721987752422,0.8631809879352093,-0.40027357829765803,0.4253072381879486,-0.8087283817772302,2.0150979636134174,0.14584531628636588,0.11472828177336461,0.018236387477378133,0.8
91.47711096300009,12.085030801977625,14.07721987752422,0.8631809879352093,-0.40027357829765803,0.3816860974124825,-0.7641774668594323,2.0150979636134174,0.14584531628636588,0.11472828177336461,0.018236387477378133,0.8
91.49899769900003,12.113733999989947,14.062519051122129,0.861095940369635,-0.4410247920627203,0.3577803111273469,-0.7463813955410651,1.986619602320666,0.1490470548723465,0.12462945369165239,0.026742428171052553,0.8
91.5424749620015,12.14242402674009,14.046624785648893,0.8607008025042646,-0.47682796419708834,0.30066767782775655,-0.7133191994252576,1.9583035016543047,0.15389251381029134,0.13367742326099755,0.03449688497348298,0.8321658488546619
91.64209092900091,12.19979297561048,14.011760654954411,0.8583290897858908,-0.5387336864823585,0.1981951993590583,-0.6155020879307034,1.9022546931347935,0.16290138646153254,0.14959073280255297,0.018946821023575325,0.8500000000000001
91.71278834200166,12.228210229388825,13.992888850864302,0.8525176133503302,-0.5661541227032482,0.0905586311084399,-0.6213666247615042,1.874851925788755,0.16717684713377812,0.15634038500657976,0.037357539062850574,0.8514693182963202
91.81084058100168,12.256373195587523,13.973277716480474,0.8448889859609451,-0.5883340315148544,0.006694780563122837,-0.6212522069492881,1.8479768210366068,0.1716449190806327,0.16238744327444124,0.01019949671754979,0.8845903006477066
91.84226650100027,12.256373195587523,13.973277716480474,0.8448889859609451,-0.5883340315148544,-0.01964800425957336,-0.623200361668022,1.8479768210366068,0.1716449190806327,0.16238744327444124,0.01019949671754979,0.8845903006477066
91.90498949300127,12.28424536438341,13.953152004334633,0.8361650638766464,-0.6037713643752352,-0.05787545337835803,-0.6443876767934195,1.8216830763319032,0.1758449941545925,0.16786501530185688,0.008736083246410543,0.8845903006477066
91.95188455000061,12.311754738577923,13.932586064928897,0.8252812258353471,-0.6169781821720906,-0.10049046395888667,-0.6737972855160537,1.7960647373228236,0.18003474914094753,0.1727747651257265,0.017080431462522562,0.8845903006477066
91.9987901000004,12.338996678615294,13.91172588448691,0.8172582011211246,-0.6258054132596482,-0.1389587950487754,-0.7030477205131587,1.7710391979005442,0.1841463719071273,0.1772873506115243,0.010883658212937873,0.8845903006477066
92.06873123500009,12.39210029996694,13.869856645006093,0.7856390605689241,-0.6251418729153413,-0.18463445713221355,-0.7827246027135178,1.7233361103455322,0.19245629587559415,0.18523125821482744,0.033892306647300606,0.8500000000000001
92.12372478300131,12.417010283788377,13.849501019252079,0.747299514643131,-0.6106687726204378,-0.24222991005977396,-0.8493410824429983,1.701529936330779,0.19630422193038405,0.18845167568825422,0.03955204632839141,0.8
92.17317891400126,12.440356188231176,13.82962446765,0.70037713328399,-0.5962965480623628,-0.3024891917591487,-0.9103784530325287,1.6815232708577352,0.19986759692090922,0.1909048786082556,0.05114854624540366,0.8
92.22117432400046,12.46192233123932,13.810068631999037,0.6469842902443396,-0.5866750695288413,-0.33862400719817143,-0.9501781248408905,1.663537990862647,0.20234936186264627,0.19232638057278806,0.016109022634570435,0.75
92.26053344499996,12.481726487713717,13.790615095050036,0.5941246942318906,-0.5836061084700588,-0.3501839228409428,-1.017328010379174,1.6475825259993142,0.20449929263163166,0.19257430601681164,0.030535011798707663,0.75
92.26956046600026,12.481726487713717,13.790615095050036,0.5941246942318906,-0.5836061084700588,-0.3495339013068693,-1.0496920983137827,1.6475825259993142,0.20449929263163166,0.19257430601681164,0.030535011798707663,0.75
92.29928988900065,12.499874548907016,13.771199720257915,0.5444418357989854,-0.5824612437636293,-0.35104630595797615,-1.0731499711217873,1.6335577991592454,0.2055106786956955,0.19167817997719472,0.04478523534184546,0.75
92.37629389800168,12.53176668149765,13.73226343564041,0.4570068530147378,-0.5855469437941705,-0.3481329929365281,-1.0946627838142673,1.6107718404627902,0.20568716556823932,0.18669721231128608,0.0386740432978038,0.7000000000000001
92.42629036500148,12.545602776066783,13.712529009199024,0.4150828370740011,-0.5920327932415782,-0.3387835793472458,-1.0564733154590213,1.6019627019639318,0.20458234862586397,0.18252646184672633,0.055876771102086976,0.7000000000000001
92.45725332300026,12.55803985664846,13.692353443132173,0.37311241745029955,-0.605266982005503,-0.30552433945087065,-1.0560679252228915,1.5949347318968559,0.20221628822502913,0.1770545262840464,0.03932966921705003,0.65
92.46779329200035,12.55803985664846,13.692353443132173,0.37311241745029955,-0.605266982005503,-0.3060786098520048,-1.0233878937591934,1.5949347318968559,0.20221628822502913,0.1770545262840464,0.03932966921705003,0.65
92.56449856000108,12.57858551136797,13.649909356056524,0.2868745605536443,-0.6491550391870194,-0.3632824789682469,-0.8925729271002824,1.5865949810789493,0.19668848556029017,0.16156999626766586,0.035563395075146685,0.65
92.59966846800125,12.586742546987313,13.627278049497304,0.24471106858028854,-0.6789391967765585,-0.3752066073793889,-0.8416266457179508,1.5853750854562825,0.19159050903496821,0.1514830467290092,0.05195271798534964,0.65
92.67668323200087,12.599150428707073,13.578573073349512,0.16843025241688725,-0.7484028049395035,-0.3526573311557074,-0.7529064122510671,1.5888472159041391,0.18179809403883987,0.13521588436702192,0.05179689205934664,0.65
92.71823084800053,12.603713477674878,13.55244374707357,0.13689146903414387,-0.783879788278288,-0.31912962622373897,-0.6959043195663234,1.593327087264457,0.17642827902472263,0.13160645756625927,0.06779170501599685,0.6000000000000001
92.79274143500152,12.61049146640402,13.496806743071492,0.09195032831478041,-0.8508251696534902,-0.2806780794767303,-0.5868862414669603,1.6070089535715923,0.16605387666946317,0.13549128051203496,0.0588106102929333,0.6000000000000001
92.81712982099998,12.61049146640402,13.496806743071492,0.09195032831478041,-0.8508251696534902,-0.2670270588153312,-0.5566591657681982,1.6070089535715923,0.16605387666946317,0.13549128051203496,0.0588106102929333,0.6000000000000001
92.94032816700019,12.616482178413223,13.406739761158251,0.04646862146116458,-0.920828491594274,-0.1895236081542248,-0.5465840258774076,1.6375087437093252,0.15340759876659446,0.1414819925212374,0.040584394210141664,0.6000000000000001
92.99167178700009,12.617700427094265,13.375586924795611,0.03654746043126059,-0.9345850908792197,-0.11821278067022443,-0.5243882528100142,1.6498443342823597,0.15008204849337115,0.1427002412022791,0.053457829295132236,0.6000000000000001
93.01841610400152,12.617700427094265,13.375586924795611,0.03654746043126059,-0.9345850908792197,-0.09496015389395328,-0.5156520234722985,1.6498443342823597,0.15008204849337115,0.1427002412022791,0.053457829295132236,0.6000000000000001
93.04588735100151,12.618735528958464,13.344049337602803,0.031053055925974606,-0.9461276157842421,-0.08019461280432356,-0.5092174200304737,1.6630110754738594,0.14684594330951123,0.14373534306647784,0.06362363223976816,0.6000000000000001
93.10322636599994,12.619467170252532,13.312357348353094,0.021949238822036466,-0.950759677491253,-0.03752534807948715,-0.493560744597896,1.6770087676137566,0.14355052971511964,0.1444669843605464,0.03163334953550729,0.6000000000000001
93.2071747760001,12.61998831220874,13.280580213708651,0.01563425868622624,-0.9533140393332747,-0.05343590423223169,-0.40973306985157976,1.691710194496827,0.13975784569570449,0.14498812631675406,0.04572106563205761,0.6000000000000001
93.25045022199993,12.620377623925192,13.248771959644744,0.011679351493535585,-0.9542476219172343,-0.06294243473053973,-0.3546482689354887,1.7070066058654574,0.13546772701497126,0.14537743803320602,0.03353469690885138,0.6000000000000001
93.27646385900152,12.620654248216256,13.21727788007405,0.00829872873195036,-0.9448223871208061,-0.05460013981392199,-0.33930251910541886,1.7226903942168978,0.1294785845150636,0.13290925683563293,0.0478623264067155,0.6000000000000001
93.31675022200034,12.620855979212008,13.186221146784316,0.006051929872550395,-0.9317019986920507,-0.025750509293908555,-0.3107273493365843,1.7386370601183665,0.12162600727591293,0.11373802282795505,0.02565707181092972,0.6020797289396148
93.38354639099998,12.62092898637547,13.155873730987313,0.002190214903859877,-0.9104224739100966,0.02810321961593625,-0.2851040591217909,1.7547152119885754,0.11287665026044547,0.10077454940579522,0.036996457756550576,0.6020797289396148
93.43343431800167,12.62092898637547,13.155873730987313,0.002190214903859877,-0.9104224739100966,0.09898972907610125,-0.3008743888862457,1.7547152119885754,0.11287665026044547,0.10077454940579522,0.007865012662349805,0.6020797289396148
93.48729268300121,12.620858307595237,13.12636777975222,-0.002120363406977423,-0.8851785370527587,0.16799624996697723,-0.3329418015713044,1.7708246233082054,0.10567762824994101,0.09586787595492957,0.015030953347742324,0.608276253029822
93.52477241300039,12.620930266428706,13.097830623228782,0.0021587650041018976,-0.8561146957031465,0.19255334170121613,-0.3438358159140868,1.7866143222600301,0.09891472806376746,0.09593007979166224,0.01897456748201759,0.6184658438426491
93.59225293700001,12.62151070730475,13.04403757094926,0.010097307723660718,-0.7888240657392718,0.24098737169510598,-0.3465047442569955,1.816861921055432,0.08644656111896404,0.0965105206677066,0.0230239397656276,0.632455532033676
93.60420638700089,12.62151070730475,13.04403757094926,0.010097307723660718,-0.7888240657392718,0.24098737169510598,-0.3465047442569955,1.816861921055432,0.08644656111896404,0.0965105206677066,0.0230239397656276,0.632455532033676
93.65214584100067,12.621855766195758,13.019083054755866,0.010351766730208347,-0.7486354858018226,0.3097190475045187,-0.3570173202093818,1.8311995572423667,0.07960394074811995,0.0968555795587136,0.002739344362199299,0.632455532033676
93.68763437300004,12.622255544398579,12.995524600770889,0.011993346084654573,-0.7067536195492944,0.34136620415281826,-0.3589216885868041,1.8448833522916954,0.07263190686096145,0.09725535776153471,0.005399119522104827,0.65
93.74953040700166,12.622770425704417,12.973298223260933,0.015446439175138655,-0.6667913252986505,0.3919525317340655,-0.37209515034398555,1.8578654711470577,0.06442076884624107,0.0977702390673727,0.005704215725465383,0.65
93.77101055300045,12.623420957290614,12.952308209791491,0.019515947585915384,-0.6297004040832677,0.42243480284796,-0.38841032527470654,1.8701556391596332,0.05670497240420609,0.08890367847736955,0.00854449951661502,0.65
93.82632482200097,12.623420957290614,12.952308209791491,0.019515947585915384,-0.6297004040832677,0.48571523337341727,-0.40983161400655616,1.8701556391596332,0.05670497240420609,0.08890367847736955,0.00854449951661502,0.65
93.87930921600127,12.625554907029805,12.913774797432948,0.03789286939592505,-0.5618160340489151,0.5743208747959258,-0.45859930278576294,1.8923843593174003,0.03753209618361528,0.06316537162767948,0.009406869126318222,0.670820393249937
93.93848234400139,12.627369256940517,12.896018010214675,0.054430497321350496,-0.532703616548172,0.654886742947923,-0.490147793305314,1.902160334233514,0.02939419784519907,0.05189236609886126,0.0133405240217945,0.6946221994724903
94.02795108200007,12.632840535976053,12.863090022982872,0.0929463675312713,-0.4820300763576925,0.7249127773592499,-0.5084901247502306,1.9189849358761382,0.013445424193440685,0.03247754154422068,0.013345274478722356,0.6946221994724903
94.06037673600076,12.636681460439245,12.847694029671553,0.11522773389578164,-0.46187979933959644,0.7390160865152309,-0.4997298154641199,1.926024764000321,0.0068871396377223025,0.02430687400463284,0.0169834621939187,0.7211102550927979
94.09552149400042,12.636681460439245,12.847694029671553,0.11522773389578164,-0.46187979933959644,0.7489218619865243,-0.474540430275897,1.926024764000321,0.0068871396377223025,0.02430687400463284,0.005117067491371953,0.7211102550927979
94.10870152100142,12.636681460439245,12.847694029671553,0.11522773389578164,-0.46187979933959644,0.7498379403916833,-0.4644423025207759,1.926024764000321,0.0068871396377223025,0.02430687400463284,0.005117067491371953,0.7211102550927979
94.1617507280007,12.641254537313756,12.832915391615666,0.13719230623533357,-0.44335914167663226,0.749612060821067,-0.4496402187527394,1.9322116161829124,0.0012861173817481,0.017090452487467638,0.00928424111145638,0.7211102550927979
94.1831854000011,12.646701808310473,12.81870106939188,0.163418129901517,-0.4264296667135693,0.749612060821067,-0.4496402187527394,1.9374732471818958,0.0038082744542651966,0.010891211113796989,0.012410901610046215,0.7211102550927979
94.20049309500064,12.646701808310473,12.81870106939188,0.163418129901517,-0.4264296667135693,0.7466607024731228,-0.4243050707937156,1.9374732471818958,0.0038082744542651966,0.010891211113796989,0.010624869613228033,0.7211102550927979
94.24160542900063,12.653111915923171,12.804952385334062,0.19230322838094718,-0.41246052173454045,0.7380730343796453,-0.4074236772295792,1.9418118992568387,0.00817861839691424,0.005702053945196822,0.01438050509168517,0.6800735254367722
94.275090309,12.660483618658324,12.791645482606866,0.22115108205460038,-0.3992070818158864,0.7322632145539314,-0.38987085035727437,1.9452503580089773,0.011537332979037163,0.0015052337831245955,0.017112347163006584,0.7106335201775948
94.30843603600078,12.66879805569927,12.778779535134275,0.24943311122837306,-0.38597842417772127,0.7323218474084684,-0.3754637380549869,1.9478096729789056,0.013899041448366393,0.0017131701077326826,0.003759328797580077,0.7106335201775948
94.41808212700016,12.689314293629646,12.753739998886225,0.32807408361734225,-0.37310388350484835,0.7202024610779062,-0.3558726710733649,1.9499872186136205,0.01612151870387235,0.004911625021489322,0.005011781438169604,0.7106335201775948
94.45260498300013,12.701665212177273,12.74148766597015,0.3705275564288208,-0.36756998748224023,0.7262170475813591,-0.33755514582736124,1.949588659319309,0.015776963960507852,0.004841914452891607,0.005924257562334358,0.7071067811865476
94.52939313500065,12.715427301551891,12.729358925813413,0.4128626812385437,-0.363862204702073,0.7240882641663344,-0.311701084254146,1.9482552480450905,0.01433291886917799,0.003686962144882014,0.000564658273643433,0.7071067811865476
94.64764102500158,12.730597073774947,12.71740648925258,0.45509316669168476,-0.3585730968249696,0.7286654476085437,-0.27385517372461177,1.9459776952253622,0.012107659978269413,0.0014119622807710248,0.00040967991162101287,0.7071067811865476
94.69377463100136,12.747067141770527,12.705757746382325,0.4941020398674113,-0.34946228610764046,0.7285642989695736,-0.2630156488621712,1.9427657554759046,0.009112811580918086,0.001997229409651728,0.0018800865453422978,0.7071067811865476
94.73735244100135,12.764743889108416,12.694483133444324,0.5303024201366745,-0.3382383881400307,0.7342037535119459,-0.25188348225162516,1.9386558600860033,0.005012650247590167,0.0065242220578802905,0.004406124022705027,0.7106335201775948
94.7839760800016,12.783421837388241,12.683574724523332,0.5603384483947296,-0.3272522676297803,0.7259714976939061,-0.23721422593635755,1.9338145255621872,0.00018578200872929198,0.012018116025206775,0.006518733773027052,0.7106335201775948
94.82962859800136,12.802943738594148,12.67302670213976,0.585657036177208,-0.31644067150716026,0.7222898315950834,-0.22051849250185968,1.928369191326768,0.0048013981655929535,0.01836360659402622,0.010857911204513022,0.6800735254367722
94.86649640900032,12.82322443115597,12.662877848816427,0.6084207768546331,-0.304465599699971,0.7293235077301554,-0.21246638604504614,1.9223620706358875,0.010589646104843111,0.02552789882545298,0.01072663128404617,0.6800735254367722
94.90682896500039,12.844192334385165,12.653168044677338,0.6290370968758354,-0.2912941241726481,0.7143188191202042,-0.1988969035003773,1.9158224343502654,0.016714706238241395,0.033488577035337426,0.01702898380456194,0.6800735254367722
94.96065474400166,12.865681965546925,12.643886443593933,0.6446889348527801,-0.27844803250212596,0.7089324004314577,-0.17960110942818813,1.9088760303711776,0.022571486337482835,0.04212095788867168,0.02284037506954007,0.6946221994724903
95.00791700199989,12.887637600242032,12.63505331464933,0.6586690408532447,-0.26499386833813066,0.7301402984625128,-0.16415493426731473,1.9015497309475797,0.029068326016868186,0.05139997069101237,0.009880584425509592,0.6946221994724903
95.04047805600021,12.909989872639674,12.626731418927394,0.6705681719292669,-0.24965687165806977,0.7407731055848069,-0.1505896152064635,1.8938438201699286,0.03458734889000959,0.061320945181005455,0.015379511716781306,0.670820393249937
95.09109231900038,12.932674342948872,12.618957151681192,0.6805341092759191,-0.23322801738604199,0.7244328979301666,-0.1342255986477845,1.8857722842819953,0.03999937190954351,0.07186405087571848,0.014427580295828229,0.670820393249937
95.13597709700116,12.955627145085144,12.61171400943657,0.6885840640881644,-0.21729426733864357,0.7225964793963142,-0.12350871858201445,1.8773876586292315,0.04402899208118051,0.0829724579152385,0.021220381296658465,0.65
95.1936374249999,12.978823809195415,12.604977839945002,0.6958999233081121,-0.2020850847470291,0.7558720319703361,-0.1026027920895368,1.868723443927054,0.04609994379341536,0.07997765330795836,0.0032735244361086877,0.65
95.26262279000002,13.002221181764014,12.59876320262698,0.701921177057965,-0.18643911954066256,0.787319954458456,-0.07279941678317386,1.8597930679391184,0.04700464684131037,0.07376301598993606,0.00710513682745455,0.6800735254367722
95.27450725200106,13.002221181764014,12.59876320262698,0.701921177057965,-0.18643911954066256,0.7986056891695155,-0.06161708166874078,1.8597930679391184,0.04700464684131037,0.07376301598993606,0.00710513682745455,0.6800735254367722
95.30249642700073,13.025774295400705,12.593095091653055,0.706593409100747,-0.1700433292177416,0.8024731653832741,-0.05299613413976128,1.850600785480749,0.046964199069936347,0.0680949050160109,0.009321220932144814,0.6800735254367722
95.35533812600079,13.0494176384264,12.58798654552359,0.7093002907708648,-0.15325638388397475,0.7984471018166657,-0.02830008311762662,1.8411702759297546,0.04612729708723407,0.0629863588865458,0.014252526942404177,0.6800735254367722
95.40842526800043,13.0494176384264,12.58798654552359,0.7093002907708648,-0.15325638388397475,0.7949082147222962,-0.011973690751672974,1.8411702759297546,0.04612729708723407,0.0629863588865458,0.0,0.6800735254367722
95.50048877600057,13.096823548004467,12.57944709916624,0.7114257029716226,-0.12040187860085874,0.700257666333888,-0.027730186724420947,1.8216597152246374,0.04364357363450311,0.05444691252919576,0.016346627330605254,0.6670832032063168
95.64530826600094,13.168094309537636,12.570268827751944,0.7138410689069452,-0.07895310954313538,0.6690084317326681,-0.028681752669701882,1.7912357955510896,0.03936988161418443,0.04526864111489992,0.018581116007443967,0.651920240520265
95.68335365300118,13.168094309537636,12.570268827751944,0.7138410689069452,-0.07895310954313538,0.6766885190574607,-0.0052626904503396965,1.7912357955510896,0.03936988161418443,0.04526864111489992,0.018581116007443967,0.651920240520265
95.71971861400016,13.192028971439868,12.568109956509968,0.718039857066937,-0.0647661372592605,0.6685185373411643,0.023526314860943656,1.7807578426188204,0.038079255648012414,0.04310976987292392,0.022475792851278674,0.651920240520265
95.78247312500025,13.21615394798016,12.566474283227288,0.723749296208757,-0.04907019848037783,0.664031643068586,0.06954169894296211,1.769995753575221,0.037102168178856275,0.04147409659024426,0.01066483765885242,0.65
95.8205143990017,13.240451344223715,12.565399123521232,0.7289218873066332,-0.03225479118169887,0.6549841666356766,0.09516348038910247,1.7589268721968578,0.036412151163331664,0.04039893688418772,0.014981973491677484,0.65
96.01770463899993,13.289460241915805,12.565058881451721,0.7369144017106319,0.004236513042677659,0.5825571236956187,0.08529534015265358,1.7358049823771753,0.03624164427322852,0.040058694814677054,0.01440280882007421,0.65
96.09051917600118,13.313885000794194,12.565730958116113,0.7327427663516626,0.020162299931734087,0.5484633203344138,0.0986332331741325,1.7239368564015456,0.03670732931024811,0.040730771479069006,0.007636382421445595,0.65
96.13150812100139,13.338082186946087,12.56681927081126,0.7259155845567993,0.032649380854426376,0.5351806501365348,0.1092441600597043,1.712063638479765,0.037331481941875674,0.041819084174216314,0.015509884470923944,0.65
96.18472994400145,13.362016579091081,12.568308825127732,0.7180317643498364,0.044686629494120556,0.5238574475049875,0.13147994284100084,1.7002051007799084,0.03816769574259426,0.04330863849068756,0.001110745407749478,0.651920240520265
96.22708976600006,13.385674926579789,12.570189986355553,0.7097504246612268,0.056434836834658,0.5594972642122363,0.18988960252729492,1.6883657744587257,0.03909398393567416,0.045189799718508894,0.001753535280361881,0.651920240520265
96.25608275200102,13.409086474620208,12.57236565936136,0.7023464412125734,0.06527019017418448,0.5804059476269673,0.25395438215643834,1.6766121132364469,0.040042191367679614,0.047365472724315794,0.0016531627843086184,0.6576473218982953
96.29773852300059,13.432223107458183,12.574958239080283,0.6940989851392669,0.07777739156770436,0.5892978039649619,0.3218423578254986,1.6648358329763069,0.04104011741935146,0.049958052443239254,0.0002421662872050867,0.6576473218982953
96.30566126800113,13.432223107458183,12.574958239080283,0.6940989851392669,0.07777739156770436,0.5892978039649619,0.3218423578254986,1.6648358329763069,0.04104011741935146,0.049958052443239254,0.0002421662872050867,0.6576473218982953
96.35774062900055,13.455092580271307,12.577985046008944,0.6860841843937234,0.09080420785984286,0.6130858848594227,0.3921456201930255,1.6530078947765237,0.042016477200625506,0.05298485937190023,0.0009433258889315323,0.6670832032063168
96.38709152500087,13.477584442694226,12.581425276128657,0.6747558726875659,0.10320690359137463,0.624165233370006,0.4238431637026199,1.641179550797895,0.042984814275410385,0.05642508949161318,0.0018734802588614506,0.6670832032063168
96.43511165500058,13.499690155286268,12.585276541166937,0.6631713777612543,0.11553795114841287,0.6239035834099812,0.4429426241727635,1.629343139550236,0.04357592707317026,0.06027635452989344,0.003170496887465928,0.6670832032063168
96.47669627600044,13.521441132939536,12.589479933571182,0.6525293295980489,0.12610177212733728,0.6197827272991884,0.46253841796745687,1.617529361012778,0.04409463646819434,0.06447974693413805,0.00476100039755246,0.6800735254367722
96.4944946100004,13.521441132939536,12.589479933571182,0.6525293295980489,0.12610177212733728,0.6185001423520169,0.4757912361033989,1.617529361012778,0.04409463646819434,0.06447974693413805,0.00476100039755246,0.6800735254367722
96.58463120800116,13.542755083056182,12.594060068603314,0.6394185034994005,0.13740405096395764,0.5400209526906579,0.44580313374345654,1.6057325351486083,0.04359705238134703,0.06905988196627,0.004676026125398028,0.6800735254367722
96.61599057700005,13.563637912356958,12.599003306359215,0.6264848790232544,0.14829713267703717,0.52564622077987,0.45393164762784544,1.5939496113056302,0.04324072139550583,0.0740031197221711,0.004012361060303273,0.696419413859206
96.65745415099991,13.584078229534782,12.60439533695874,0.6132095153347182,0.16176091798573597,0.51161869114391,0.47146361692551936,1.5820899409801972,0.04090841221005339,0.0793951503216963,0.005505030059258364,0.65
96.69735565700103,13.604182192244707,12.610389854834967,0.6031188812977696,0.17983553628681392,0.5002749043528529,0.49707568202823044,1.5699597711616224,0.03925930235485268,0.07510017002192887,0.006897595407541733,0.670820393249937
96.79949991500143,13.643448731043593,12.624466143049847,0.5849934954712814,0.22317051470087132,0.503068737445053,0.6003064053077558,1.5445514637563544,0.03084244406395305,0.057287973014190294,0.004986049703594236,0.670820393249937
96.88128449500073,13.66265763335572,12.632733460753771,0.5762670693637707,0.2480195311177237,0.49692716080972243,0.6562814825205743,1.531058275459698,0.027051403200358298,0.04955110434080388,0.0030442906687878305,0.6946221994724903
97.02261146900128,13.700436180284896,12.652155856958196,0.5633954134623735,0.3058326609609007,0.4816396117697628,0.673543914959023,1.5019666802448648,0.01920578462308291,0.03657134568684903,0.000628908317472072,0.6800735254367722
97.11647410000114,13.718958658818952,12.66330294557994,0.5556743560217008,0.334412658652296,0.4391305660558461,0.6859571790983453,1.4863683695061358,0.01606806447685729,0.03135615746595843,4.562965213658397e-05,0.6800735254367722
97.17452325000158,13.737182781023897,12.675377765577194,0.5467236661483211,0.36224459991760133,0.42123414654553704,0.691561471450701,1.4700968829289387,0.013083031080909305,0.02700794417533499,0.0008165509253622947,0.6800735254367722
97.27459344800081,13.754950555480802,12.688191866642558,0.5330332337071372,0.3844230319609527,0.398400445933185,0.6993819771676795,1.4533620762140553,0.010954391909943524,0.023505168128393487,7.785737212576472e-05,0.7106335201775948
97.29937925200102,13.772226967710385,12.701696626641361,0.5182923668874848,0.4051427999640644,0.3900524963190738,0.7017294975730014,1.4362059339253814,0.009200188568924324,0.02083820725973156,0.0006918551366365471,0.6726812023536856
97.36935982700015,13.788985098057916,12.715849763634774,0.5027439104259199,0.4245941098023602,0.36478522436940947,0.7079526180232323,1.4186620972098871,0.007810966111112095,0.018996198794088277,0.0011308860100406174,0.6726812023536856
97.42708362800113,13.805280974342724,12.730871827443114,0.4888762885442102,0.45066191425019614,0.35906928325019494,0.7678779947873203,1.400489649006137,0.00736878076682809,0.01809547735401791,0.0076942449934198675,0.7071067811865476
97.43734927300102,13.805280974342724,12.730871827443114,0.4888762885442102,0.45066191425019614,0.3330601144654331,0.7964062801918019,1.400489649006137,0.00736878076682809,0.01809547735401791,0.0076942449934198675,0.7071067811865476
97.46927091399994,13.8211266074785,12.746824065931987,0.47536899407333416,0.4785671546662277,0.3507553691399021,0.8130315481435507,1.3816133603860699,0.007456253710665851,0.018170858722103056,0.010158435035738041,0.7071067811865476
97.53057072200136,13.836520426691376,12.763635008242696,0.46181457638625223,0.5043282693212461,0.31807135696934374,0.7735449724737887,1.362091361379769,0.008094446527592433,0.01917291607435767,0.0016897392319412962,0.6726812023536856
97.57357027000035,13.851404564576857,12.781266384710277,0.4465241365644085,0.5289412940273941,0.29755349828654226,0.7521886360708765,1.3419605205103187,0.009669543237645213,0.021115507105297363,0.0043262226718282296,0.7106335201775948
97.65224534700064,13.879557024163118,12.818713305326156,0.4140207458761414,0.5720476213188326,0.2692769111724062,0.6978991338961341,1.3001118027093066,0.013871846252726779,0.027687683526814787,0.007034512492632536,0.6800735254367722
97.69434458400065,13.892767119843443,12.83841964423445,0.3963028704097466,0.5911901672488443,0.24753306894929716,0.6927153433155879,1.278487567664039,0.01712772956657167,0.03228122116554928,0.011722337512312518,0.6800735254367722
97.71564717500041,13.905429393793767,12.858681079745919,0.3798682185097235,0.6078430653440253,0.23281774323996285,0.6942884474644314,1.256475380809436,0.01983108080029145,0.0376546398367663,0.001552393562945128,0.6946221994724903
97.74460089000058,13.905429393793767,12.858681079745919,0.3798682185097235,0.6078430653440253,0.23281774323996285,0.6942884474644314,1.256475380809436,0.01983108080029145,0.0376546398367663,0.001552393562945128,0.6946221994724903
97.78018049300044,13.917486670018697,12.87946494462581,0.36171828674788703,0.6235159463967289,0.19318465518231207,0.7892746289078002,1.2341057235983237,0.023288070514335985,0.04382526985131451,0.0039009901308766338,0.6946221994724903
97.86722460800047,13.9398158709326,12.922770407712589,0.325811826381656,0.6583119352702209,0.14924826635219726,0.9146941283297366,1.188077635578696,0.029405032993595637,0.058657727077702275,0.00746140976113363,0.670820393249937
97.89995599600115,13.95004553243635,12.945275548127416,0.30688984511249223,0.6751542124448175,0.1299498443810588,0.936513925794369,1.1644204146676305,0.03229686262916157,0.06733780145803717,0.011428356228907893,0.7158910531638177
97.93512328100041,13.959630694755713,12.96831679336352,0.28755486958090876,0.6912373570831292,0.10832156890958425,0.9727893902670619,1.1403553928656573,0.03243243875465607,0.06536951423307258,0.00591849809241058,0.696419413859206
97.96648614200058,13.968572282265932,12.991793260308809,0.26824762530653934,0.7042940083586475,0.09700181805321628,0.9614358803622766,1.1159728593858207,0.03275012010203539,0.05642792672285424,0.012613324901012034,0.696419413859206
98.00956448500074,13.976880752969222,13.015614230683532,0.24925412109874256,0.7146291112417198,0.08068127672540122,0.9567877273633808,1.091352759507893,0.03156121888784881,0.048119456019563245,0.015709774094482192,0.6800735254367722
98.03660453500015,13.984532385398262,13.039684621001046,0.22954897287119502,0.7221117095254098,0.06918070504133075,0.9640525222688567,1.0665840205832409,0.030730327647900176,0.040467823590523366,0.018948604570406008,0.6800735254367722
98.07646804400065,13.991590771098403,13.063852083512092,0.2117515710042065,0.7250238753313847,0.05732106455115804,0.9815075805085116,1.0418037558740467,0.029501898753652712,0.03340943789038242,0.007439454915093332,0.6670832032063168
98.1232473910004,13.997950144485596,13.088460284632239,0.19078120161580284,0.7382460336044332,0.04724626516258432,0.9938533658201403,1.0166743671288268,0.029044579239381876,0.027050064503189475,0.011097616283296247,0.6670832032063168
98.14493458100151,14.003687164425225,13.113709059230395,0.1721105981888769,0.7574632379446615,0.03982624100473722,0.9981700404970154,0.9909823319013542,0.029308567953171553,0.02131304456356098,0.01489867460315859,0.7071067811865476
98.1779050540008,14.003687164425225,13.113709059230395,0.1721105981888769,0.7574632379446615,0.03078005656186722,0.9882915493272688,0.9909823319013542,0.029308567953171553,0.02131304456356098,0.009398645541678446,0.7071067811865476
98.2762758910012,14.013351146519106,13.16601636985741,0.135950557728388,0.7932801873084016,0.02785598499948852,0.9353757244481794,0.937994373748523,0.03366746733671598,0.037239946038259156,0.01458078791802864,0.70178344238091
98.32648884900118,14.017358724746883,13.193041330157067,0.12022734683331389,0.8107488089897287,0.022325955747452886,0.9021964923743875,0.9107159871105388,0.036349708987141766,0.05351569298644794,0.020216771513882983,0.70178344238091
98.38447733000066,14.020803290106084,13.2206249551435,0.10333696077606198,0.827508749592984,0.022440154057041167,0.8809350323821767,0.8829340792915363,0.03787068349531086,0.054196919627759854,0.014981115504370023,0.7000000000000001
98.41072672700102,14.020803290106084,13.2206249551435,0.10333696077606198,0.827508749592984,0.020343670256924323,0.8668085610700746,0.8829340792915363,0.03787068349531086,0.054196919627759854,0.014981115504370023,0.7000000000000001
98.44330736600023,14.023708205789305,13.248748444483457,0.08714747049660222,0.8437046801987572,0.023826101392640853,0.8635316462690554,0.854663470983299,0.03880752930578264,0.05129200394453903,0.020294400120244284,0.7000000000000001
98.50428281099994,14.026031677101146,13.277381457947047,0.06970413935523508,0.8589904039077046,0.02426882507857997,0.8247932451746119,0.8259373938270343,0.03970472315527469,0.048968532632697404,0.010112538280373527,0.7000000000000001
98.55351544299992,14.027732880055336,13.306481658276093,0.05103608862569459,0.8730060098713642,0.030864617305306596,0.7710087697870678,0.7968022937199385,0.04010138965022579,0.04726732967850822,0.01917014113285427,0.7000000000000001
98.56562951600063,14.027732880055336,13.306481658276093,0.05103608862569459,0.8730060098713642,0.030864617305306596,0.7710087697870678,0.7968022937199385,0.04010138965022579,0.04726732967850822,0.01917014113285427,0.7000000000000001
98.60212273800062,14.028776049422882,13.336005478726447,0.03129508102637701,0.8857146135106225,0.03555464218492149,0.7572337926822281,0.7673072915539227,0.0409027170285155,0.04622416031096144,0.007828121609606603,0.7000000000000001
98.64555581900095,14.02917703721541,13.365906880244598,0.012029633775829308,0.897042045544516,0.04132514287089828,0.7612110787312022,0.7375015935778078,0.04181311929673641,0.04582317251843371,0.016381919770987147,0.7000000000000001
98.71833160599999,14.028945087854575,13.396081373577342,-0.00695848082505721,0.9052347999823058,0.05629047802206327,0.7490777128289356,0.7074957478068366,0.04304999213438981,0.04605512187926841,0.00952053738509295,0.7000000000000001
98.75690527600091,14.028945087854575,13.396081373577342,-0.00695848082505721,0.9052347999823058,0.06468637957095152,0.7288231362417076,0.7074957478068366,0.04304999213438981,0.04605512187926841,0.00952053738509295,0.7000000000000001
98.83419341800072,14.026830377911365,13.45642942962272,-0.040058734948643426,0.9040902607496313,0.07297601034313361,0.7042051207756747,0.6477166607802607,0.04652346745000072,0.048169831822479026,0.0232581488749129,0.7000000000000001
98.88360070700037,14.026830377911365,13.45642942962272,-0.040058734948643426,0.9040902607496313,0.08442077362066402,0.6633534760505453,0.6477166607802607,0.04652346745000072,0.048169831822479026,0.0232581488749129,0.7000000000000001
98.90045826700043,14.026830377911365,13.45642942962272,-0.040058734948643426,0.9040902607496313,0.0890267818244419,0.65121106509917,0.6477166607802607,0.04652346745000072,0.048169831822479026,0.0232581488749129,0.7000000000000001
98.9504050780015,14.025141163425115,13.486407196049301,-0.050676434587498646,0.899332992797422,0.09833378195512993,0.6419039382306353,0.6181423577732121,0.048674981694905396,0.04985904630872895,0.01074038096657975,0.7000000000000001
98.98313800800133,14.023106360018799,13.516115761157769,-0.061044102189482904,0.89125695325405,0.09992973776982128,0.6329571707045583,0.5889256627435501,0.051052974786403284,0.05189384971504474,0.021727927166546434,0.7000000000000001
99.0201748620002,14.020774026498476,13.54549512571408,-0.06997000560969834,0.8813809366893512,0.11253837048886497,0.6066730676047096,0.5601360642594867,0.0536581947224756,0.0542261832353681,0.0303581807145541,0.7000000000000001
99.06073004000064,14.01821159666299,13.574482990555454,-0.07687289506454373,0.8696359452412298,0.12128006190840812,0.5695496826177409,0.5318434639402423,0.056458335155445384,0.0567886130708537,0.014970054181768527,0.7000000000000001
99.08330220000062,14.01821159666299,13.574482990555454,-0.07687289506454373,0.8696359452412298,0.12502934844910724,0.5452377166434943,0.5318434639402423,0.056458335155445384,0.0567886130708537,0.014970054181768527,0.7000000000000001
99.10699503900105,14.015458164716676,13.60308997177203,-0.08260295838943355,0.8582094364972711,0.13766124974746152,0.5165740105497796,0.5040504915845172,0.059405817176648806,0.05954204501716731,0.02908010410198722,0.7000000000000001
99.16330438000114,14.015458164716676,13.60308997177203,-0.08260295838943355,0.8582094364972711,0.15077672604441805,0.49194353301344446,0.5040504915845172,0.059405817176648806,0.05954204501716731,0.0,0.7000000000000001
99.19999136000115,14.015458164716676,13.60308997177203,-0.08260295838943355,0.8582094364972711,0.16179676442697036,0.48196517147361084,0.5040504915845172,0.059405817176648806,0.05954204501716731,0.0,0.7000000000000001
99.2436247600017,14.012594996754865,13.631311474052854,-0.08589503885435293,0.8466450684247057,0.17056131003323718,0.48025188911745165,0.476768884205744,0.062459039671439835,0.0624052129789785,0.012907822243042792,0.7000000000000001
99.28745304600125,14.009685100332819,13.659100992943426,-0.08729689266139191,0.8336855667171454,0.1826399068913598,0.46293807778672225,0.4500541251064874,0.06555734634920678,0.06531510940102514,0.025702449524252886,0.7000000000000001
99.30319736400088,14.006707750681851,13.686466580808297,-0.0893204895290241,0.8209676359461505,0.1826399068913598,0.46293807778672225,0.4239260932889366,0.06873679698933549,0.06829245905199244,0.03678243656716023,0.7000000000000001
99.33253063400116,14.006707750681851,13.686466580808297,-0.0893204895290241,0.8209676359461505,0.18931178596889287,0.42176980277332,0.4239260932889366,0.06873679698933549,0.06829245905199244,0.03678243656716023,0.7000000000000001
99.36764814400158,14.003803283753301,13.713263192114319,-0.08713400785650999,0.8038983391806802,0.1968844518243484,0.39896268991517636,0.39852122501851,0.07186567618208106,0.0711969259805425,0.01579691391179081,0.7000000000000001
99.45423866800047,14.000989155120825,13.739468860850254,-0.08442385897429143,0.7861700620780354,0.21024949209945992,0.35024121160563565,0.37387945878357826,0.07494381770874561,0.0740110546130186,0.031222625535813557,0.7000000000000001
99.47244338500059,13.998374487517342,13.765061081313489,-0.07844002810451163,0.7677666138970668,0.21114690877385828,0.334087169446123,0.3500168910756337,0.07786177076074201,0.07662572221650166,0.01595056125656622,0.65
99.50034410700027,13.998374487517342,13.765061081313489,-0.07844002810451163,0.7677666138970668,0.2123365274463108,0.312116112817931,0.3500168910756337,0.07786177076074201,0.07662572221650166,0.01595056125656622,0.65
99.53537294000125,13.995989558796703,13.790015526758827,-0.07154786161917032,0.7486333633601518,0.22160866892059702,0.28816430362891665,0.326968722556014,0.08061787926327488,0.07901065093714088,0.03136479564924105,0.65
99.61082954199992,13.993911790452946,13.814227449107467,-0.062333050312673714,0.7263576704591833,0.23677774966246817,0.24443667322889887,0.30482890126844087,0.08313021399098067,0.08108841928089738,0.023379075018740075,0.65
99.6426894690012,13.993911790452946,13.814227449107467,-0.062333050312673714,0.7263576704591833,0.23823160342697325,0.23042291471997092,0.30482890126844087,0.08313021399098067,0.08108841928089738,0.023379075018740075,0.65
99.66818295900157,13.9921507122398,13.837708781987656,-0.05283234639437032,0.7044399864056873,0.24664100614458448,0.21478842134968423,0.28359857530809474,0.08539681111257517,0.08284949749404369,0.03418656807830514,0.65
99.77819058300156,13.990695197594043,13.860517453092669,-0.04366543937272554,0.684260133150398,0.260812202673764,0.17725945593869158,0.2632478491882262,0.08748927493995803,0.0843050121398008,0.022637409041267383,0.65
99.81942488999994,13.989581906325732,13.882704076585572,-0.03339873804931837,0.6655987047871014,0.2618669064726052,0.15760522310798697,0.24374099725566917,0.08923405278127794,0.08541830340811174,0.02466908711737125,0.65
99.87290112500159,13.988841578525328,13.90419563512034,-0.022209834012137275,0.6447467560430313,0.2610698981036943,0.12449345840174077,0.2251567098060097,0.09091418884310977,0.08615863120851586,0.03594978069656487,0.65
99.89363770199998,13.988841578525328,13.90419563512034,-0.022209834012137275,0.6447467560430313,0.2610698981036943,0.12449345840174077,0.2251567098060097,0.09091418884310977,0.08615863120851586,0.03594978069656487,0.65
99.90344741900117,13.988841578525328,13.90419563512034,-0.022209834012137275,0.6447467560430313,0.2573985567006979,0.1086086934308377,0.2251567098060097,0.09091418884310977,0.08615863120851586,0.03594978069656487,0.65
99.93827544100168,13.988447950803495,13.924981922741502,-0.01180883165500137,0.623588628634831,0.2593239253134564,0.08691924220824218,0.2075456264227239,0.09221709277847191,0.08655225893034846,0.010707215151465792,0.65
99.9718003020007,13.988430447019033,13.944980659701518,-0.0005251135339052245,0.5999621088004895,0.2569967677976378,0.0565061612316619,0.19099413870312723,0.09332330786479277,0.0865697627148112,0.020695666674624386,0.65
100.0064973110002,13.988430447019033,13.944980659701518,-0.0005251135339052245,0.5999621088004895,0.25359591658934455,0.038806086556791755,0.19099413870312723,0.09332330786479277,0.0865697627148112,0.020695666674624386,0.65
100.04570804600007,13.988750054574124,13.964252301292213,0.009588226652763111,0.5781492477208557,0.2552325513692332,0.0182242061117497,0.17551064942538488,0.09431793291992982,0.08625015515971945,0.01174607179765979,0.65
100.08111370700135,13.989551246497744,13.982557038822844,0.024035757708586566,0.5491421259189151,0.2551253343123143,-0.0022422533531424177,0.16121965227682733,0.09476619258038185,0.08544896323610018,0.02251336013426854,0.65
100.11050401400098,13.989551246497744,13.982557038822844,0.024035757708586566,0.5491421259189151,0.25137274076178795,-0.026829763481518873,0.16121965227682733,0.09476619258038185,0.08544896323610018,0.02251336013426854,0.65
100.14322161500058,13.990894082219082,13.999828287209935,0.040285071640151424,0.5181374516127406,0.25193307939275045,-0.033173875473642166,0.14811641819228397,0.0948589800206713,0.08410612751476165,0.010796099664024481,0.65
100.30210125800113,13.995214214292904,14.031479028442586,0.07270934678742262,0.46079574190586503,0.2508949471959042,-0.0667301339782781,0.12520057679350052,0.09387466195563508,0.08004861129349208,0.020553698110747334,0.65
100.37128583900085,13.998132971862532,14.045896159143767,0.08756272708884438,0.43251392103544445,0.23288943384239943,-0.08485461124327416,0.11534347409782734,0.09248061148538966,0.07965684522277004,0.010855517444467902,0.65
100.41525019200162,14.00150582176453,14.05919149227421,0.10118549705993582,0.39885999391327176,0.2223347133555494,-0.09308620146609832,0.10661349562361394,0.09087627913849929,0.08053511604070876,0.020515574845401056,0.7000000000000001
100.45741197100142,14.005312552461213,14.071372678185664,0.11420192090049162,0.3654355773436541,0.20932818237245573,-0.10069837139882874,0.09892035319221237,0.08902682496908274,0.08077574196927303,0.02899713833784186,0.7000000000000001
100.48669036800129,14.009523395412694,14.082391726448725,0.12632528854444602,0.33057144789178955,0.20078478316272586,-0.10430965191423787,0.09217411391005682,0.08659601872783018,0.08026549479716377,0.018364492902834418,0.7000000000000001
100.5188247920014,14.014116678970382,14.092347351565003,0.13779850673062682,0.2986687534883583,0.1862770465089213,-0.10915247238925398,0.08622359224218201,0.08362074375902705,0.07905615017586873,0.02580375809584085,0.7000000000000001
100.55708351300018,14.019066979475653,14.101271132171382,0.1485090151581611,0.2677134181913835,0.16854964939351938,-0.11222479444618134,0.08094300209524866,0.08013106115551957,0.07718181311065288,0.032153104932328265,0.7000000000000001
100.65321675500127,14.019066979475653,14.101271132171382,0.1485090151581611,0.2677134181913835,0.13768923918940112,-0.11657024802121475,0.08094300209524866,0.08013106115551957,0.07718181311065288,0.008449207302275946,0.7000000000000001
100.67892133500027,14.024351513972439,14.10925800782892,0.15853603490359072,0.23960626972615867,0.1353954110370786,-0.1176963068634581,0.07621288701540169,0.07616435985669298,0.07469411979743794,0.015935542592742033,0.7000000000000001
100.7591340050003,14.03585934615889,14.122774260383236,0.17709217693193524,0.19147447648389776,0.11980056609493225,-0.12130292916271047,0.06806387008662147,0.06806387008662147,0.06806387008662147,0.021764184535179528,0.7000000000000001
100.76553986500039,14.03585934615889,14.122774260383236,0.17709217693193524,0.19147447648389776,0.11980056609493225,-0.12130292916271047,0.06806387008662147,0.06806387008662147,0.06806387008662147,0.021764184535179528,0.7000000000000001
100.80215804300133,14.041994367572299,14.128420470286228,0.18405064240225358,0.169386297089721,0.10063635203741572,-0.12196243079447738,0.06459393566448741,0.06459393566448741,0.06459393566448741,0.007373547366451554,0.7000000000000001
100.86266317199988,14.048283521514154,14.13334339565625,0.18867461825563858,0.14768776110068882,0.0757905399655453,-0.12190443988939101,0.06153353704173223,0.06153353704173223,0.06153353704173223,0.014117073423994143,0.7000000000000001
100.87818352900103,14.048283521514154,14.13334339565625,0.18867461825563858,0.14768776110068882,0.06614691176148688,-0.12116667252824986,0.06153353704173223,0.06153353704173223,0.06153353704173223,0.014117073423994143,0.7000000000000001
100.92062934500063,14.054669430260688,14.137579935655634,0.19157726239600298,0.12709619998146035,0.052082063610358435,-0.12134858417260275,0.05888218845094139,0.05888218845094139,0.05888218845094139,0.007020997531799213,0.75
100.94916197400016,14.06098422545122,14.141117420953776,0.18944385571595018,0.10612455894428872,0.03593098715539325,-0.12034194753831581,0.056682210344439446,0.056682210344439446,0.056682210344439446,0.01341593297285243,0.75
100.99207547500009,14.067207875998461,14.144014139691832,0.1867095164172201,0.08690156214167659,0.019486668994846346,-0.11827210437398636,0.05488686445174645,0.05488686445174645,0.05488686445174645,0.01922294085989612,0.75
100.99991402900014,14.067207875998461,14.144014139691832,0.1867095164172201,0.08690156214167659,0.019486668994846346,-0.11827210437398636,0.05488686445174645,0.05488686445174645,0.05488686445174645,0.01922294085989612,0.75
101.0451657270005,14.073306219953778,14.146311880583827,0.18295031865949538,0.06893222675986554,0.0024918864850377205,-0.11578548542263117,0.05345416893345859,0.05345416893345859,0.05345416893345859,0.006263086267099627,0.75
101.13501867600098,14.079273387757627,14.148066350286744,0.17901503411549888,0.05263409108750161,-0.028899270359916417,-0.1153749536113656,0.05234468917601504,0.05234468917601504,0.05234468917601504,0.006046005345350403,0.75
101.17323992100137,14.085056143423156,14.14930945482548,0.17348266996587405,0.037293136162044015,-0.03947782369885743,-0.11441482337093319,0.05152418058130849,0.05152418058130849,0.05152418058130849,0.01167687483531553,0.75
101.20221324000158,14.090614416487286,14.150084531305817,0.1667481919238989,0.02325229441011984,-0.04529020563147583,-0.11261337716454782,0.05095634851515069,0.05095634851515069,0.05095634851515069,0.016879533580784055,0.7000000000000001
101.23538944100073,14.095916550229873,14.15043199498927,0.15906401227759442,0.010423910503625537,-0.05905943097798441,-0.10794957215713083,0.050597042212198635,0.050597042212198635,0.050597042212198635,0.010719157719744,0.7000000000000001
101.26447948600071,14.10089882585219,14.15038716112087,0.1494682686694649,-0.0013450160520425102,-0.06540047410497264,-0.10499174615738342,0.05039517728645365,0.05039517728645365,0.05039517728645365,0.015474270776630302,0.7000000000000001
101.32525692099989,14.105550796789181,14.149985166438265,0.13955912810977228,-0.012059840478165556,-0.08084390459963783,-0.09870701649204952,0.05029242695332844,0.05029242695332844,0.05029242695332844,0.019809687611313864,0.75
101.34830009000143,14.105550796789181,14.149985166438265,0.13955912810977228,-0.012059840478165556,-0.08752838857628423,-0.09468281285942627,0.05029242695332844,0.05029242695332844,0.05029242695332844,0.004603444922618584,0.75
101.43233771800078,14.109849015925109,14.149259291863707,0.12894657407782817,-0.02177623723673848,-0.09653069589470333,-0.09080785023088644,0.05023426071524278,0.05023426071524278,0.05023426071524278,0.008827810242415293,0.75
101.46640293500059,14.113803999062977,14.14823887788051,0.11864949413605301,-0.030612419495909482,-0.09753026919464647,-0.08858459114518014,0.05017509072539413,0.05017509072539413,0.05017509072539413,0.008395518128714974,0.75
101.53685548000067,14.12057841564514,14.145404113179682,0.09568002278967198,-0.046309277513643735,-0.10368724480222116,-0.08477502080730259,0.049849821304569636,0.049849821304569636,0.049849821304569636,0.015441420755561675,0.75
101.59662243800085,14.12335504782193,14.143641130425241,0.08329896530371111,-0.052889482633210465,-0.1077745808801306,-0.0766281946489165,0.04949754058089714,0.04949754058089714,0.04949754058089714,0.01044739867332157,0.75
101.63152944500143,14.125712672664488,14.141687697863468,0.07072874527672102,-0.05860297685318863,-0.10948061820618592,-0.0724026577706994,0.04897964565722072,0.04897964565722072,0.04897964565722072,0.013251466510299252,0.75
101.66512261300159,14.1276313054098,14.139575671328554,0.057558982359359655,-0.0633607960473968,-0.10921080357598115,-0.06950095058615786,0.048267202112360214,0.048267202112360214,0.048267202112360214,0.01567711440147506,0.75
101.72114431699993,14.129093134590606,14.137348566394458,0.043854875424185306,-0.06681314802289581,-0.10986095140638137,-0.06324954520773352,0.0473426434837389,0.0473426434837389,0.0473426434837389,0.008028272157788289,0.75
101.7617708430007,14.13012351944309,14.13502448077894,0.030911545574515434,-0.0697225684655486,-0.10804974737019185,-0.05884562629428488,0.04619676046513027,0.04619676046513027,0.04619676046513027,0.010033347344625802,0.75
101.77276194100159,14.13073928201026,14.13263465632346,0.018472877015113836,-0.07169473366438903,-0.10589892436707991,-0.0561517182663657,0.04483217875429188,0.04483217875429188,0.04483217875429188,0.011703875576496782,0.75
101.85436405700057,14.130974427516932,14.130185848982922,0.007054365200137342,-0.07346422021617219,-0.10030515761279968,-0.04873270706196081,0.043250440908983986,0.043250440908983986,0.043250440908983986,0.005885803473359954,0.75
101.92098049000015,14.130856913221427,14.127693698103345,-0.0035254288651468497,-0.07476452638732159,-0.09472504361457879,-0.0438191449579074,0.04146191032977037,0.04146191032977037,0.04146191032977037,0.0034734060803028755,0.75
101.99437262500032,14.130415904023266,14.12517434965718,-0.013230275944828033,-0.07558045338490332,-0.08747930428704784,-0.037957600316500376,0.03948259234415318,0.03948259234415318,0.03948259234415318,0.004879779370721022,0.75
102.0341809700003,14.12968516676464,14.122628509470019,-0.021922117758773015,-0.07637520561484071,-0.08225475977472069,-0.034287520220163986,0.037326378965541744,0.037326378965541744,0.037326378965541744,0.0029869847408311723,0.75
102.07206315900112,14.128693514294309,14.120070567809726,-0.029749574109944492,-0.07673824980877487,-0.07616597070070028,-0.030023393533397297,0.0350163598159854,0.0350163598159854,0.0350163598159854,0.004228308628008821,0.75
102.10815182400074,14.127472830028466,14.117495769057617,-0.036620527975244996,-0.07724396256328395,-0.06997696068127066,-0.025765970846415236,0.032570820141508944,0.032570820141508944,0.032570820141508944,0.005329200500950993,0.75
102.13450582900077,14.12605080099568,14.114912971962257,-0.04266087098359372,-0.07748391286080303,-0.06540212943617885,-0.022956558910966148,0.030017344407252237,0.030017344407252237,0.030017344407252237,0.006301560500556846,0.75
102.19129069000155,14.124456889083188,14.11235600096599,-0.04781735737475816,-0.0767091298880216,-0.055158443742702734,-0.015882563375865574,0.027400915741977082,0.027400915741977082,0.027400915741977082,0.0071398942038814256,0.75
102.25154811200082,14.122715024384455,14.10982046627196,-0.05225594096201679,-0.07606604082087834,-0.045430195800267914,-0.009956828421371168,0.02474699760749,0.02474699760749,0.02474699760749,0.007863452252253657,0.75
102.26991833800093,14.122715024384455,14.10982046627196,-0.05225594096201679,-0.07606604082087834,-0.041240910046720924,-0.007626922486321415,0.02474699760749,0.02474699760749,0.02474699760749,0.007863452252253657,0.75
102.36032405900005,14.120850203442059,14.107305247708279,-0.05594462827189684,-0.07545655691045634,-0.033909045442864355,-0.0019126454999810645,0.022092931622004583,0.022092931622004583,0.022092931622004583,0.008489764270932376,0.75
102.3897108400015,14.118886862419068,14.104820061426716,-0.058900230689727044,-0.074555588446898,-0.028578770797624727,0.0020057617555326365,0.019492218041929476,0.019492218041929476,0.019492218041929476,0.009027920947438563,0.75
102.4214104770017,14.116860031516424,14.102396286765941,-0.060804927079290964,-0.07271323982327088,-0.025261760257055968,0.004244452780530496,0.017029470132668645,0.017029470132668645,0.017029470132668645,0.009477966811294557,0.75
102.44754237400048,14.116860031516424,14.102396286765941,-0.060804927079290964,-0.07271323982327088,-0.019431364741749734,0.008430714784491965,0.017029470132668645,0.017029470132668645,0.017029470132668645,0.009477966811294557,0.75
102.48761081700104,14.116860031516424,14.102396286765941,-0.060804927079290964,-0.07271323982327088,-0.016429139085431112,0.011163342768773952,0.017029470132668645,0.017029470132668645,0.017029470132668645,0.009477966811294557,0.75
102.52596190400072,14.114793620220976,14.10004570728846,-0.06199233886345219,-0.07051738432443505,-0.015239214007507497,0.012360723641118112,0.014793690830847028,0.014793690830847028,0.014793690830847028,0.009847102151695257,0.75
102.5485059040002,14.114793620220976,14.10004570728846,-0.06199233886345219,-0.07051738432443505,-0.011347919010654368,0.015409449572316701,0.014793690830847028,0.014793690830847028,0.014793690830847028,0.009847102151695257,0.75
102.60016719400119,14.112704065096613,14.097766772449656,-0.06268665373084605,-0.06836804516412161,-0.008902359475877347,0.01792635486230218,0.012898859456192678,0.012897093693022547,0.012898859456192678,0.010147459411521002,0.75
102.65959243500038,14.110618716389736,14.095581721306019,-0.06256046120632633,-0.06555153430914823,-0.003821693055867684,0.022256816513267778,0.0115012314289964,0.011180191161582535,0.011470979885512832,0.010380755849581822,0.75
102.68990455600033,14.108559950651648,14.093503221996784,-0.061762972142657704,-0.06235497927706084,0.0003448830930237968,0.025369025489890458,0.010746203030918408,0.009472833901311966,0.010175137999739733,0.010552509537320396,0.75
102.71348899100121,14.106546366004242,14.09154007338606,-0.06040753942216641,-0.05889445832171343,0.002814535611373838,0.027027902906763386,0.010696974627189732,0.007792010156145148,0.008885681774339444,0.010696974627189732,0.75
102.74622471600014,14.106546366004242,14.09154007338606,-0.06040753942216641,-0.05889445832171343,0.005742748721110641,0.028820669489144468,0.010696974627189732,0.007792010156145148,0.008885681774339444,0.010696974627189732,0.75
102.78342297800009,14.104609097632439,14.08971226233647,-0.05811805115406096,-0.054834331487705966,0.009017290587756813,0.031456918979583186,0.011273035403961771,0.006165335691881754,0.0076258282867319,0.011273035403961771,0.75
102.87117859300088,14.102762060018852,14.088028604313838,-0.05541112840762177,-0.05050974067896512,0.015070040329955237,0.036564640847310315,0.012285898022627528,0.004605170455046276,0.006405990300561418,0.012285898022627528,0.75
102.99409874400044,14.09790404172663,14.083952518443292,-0.045256802071195264,-0.03600638965567226,0.019920369995332338,0.04157559655172753,0.016183779082667285,0.0004464420553855738,0.003086231932118801,0.016183779082667285,0.75
103.01685607400032,14.096505574201627,14.08290863610812,-0.04195402575008209,-0.031316470055151244,0.02181953915714095,0.042180463133026466,0.017444934260264715,0.0007710285040268041,0.002089631319210666,0.017444934260264715,0.75
103.03782234300161,14.096505574201627,14.08290863610812,-0.04195402575008209,-0.031316470055151244,0.02181953915714095,0.042180463133026466,0.017444934260264715,0.0007710285040268041,0.002089631319210666,0.017444934260264715,0.75
103.06746149100036,14.09520918919647,14.082013034028334,-0.038891550154672244,-0.026868062393603027,0.025541257014959063,0.04343819450748337,0.018614048807851422,0.0019109319096381222,0.0011429846447079642,0.018614048807851422,0.75
103.12871179800095,14.094026546553803,14.081275956375501,-0.03547927928006353,-0.022112329584955126,0.02819071768334319,0.04435834537181252,0.01965380257675352,0.002963359001878686,0.0002541139376259029,0.01965380257675352,0.75
103.16279434600074,14.09294726374559,14.080687440092738,-0.03237848424639919,-0.017655488482892966,0.028925946290030983,0.044391821495229876,0.020560059796747306,0.003937001511160471,0.000583679959159105,0.020560059796747306,0.75
103.16710016800062,14.09294726374559,14.080687440092738,-0.03237848424639919,-0.017655488482892966,0.028925946290030983,0.044391821495229876,0.020560059796747306,0.003937001511160471,0.000583679959159105,0.020560059796747306,0.75
103.22316085900093,14.091982706819877,14.080253848458867,-0.028936707771392126,-0.013007749016167348,0.031003749462146908,0.04439469195297219,0.021311674983947874,0.00482163185948556,0.0013616264949581165,0.021311674983947874,0.75
103.31511086800128,14.091130483433552,14.079970655113735,-0.025566701589736347,-0.008495800353930336,0.03318078851661366,0.044934202343834925,0.02190531854813829,0.00561890299572248,0.0020805638934536163,0.02190531854813829,0.75
103.35131684200132,14.090396687959462,14.079845636474406,-0.022013864222699363,-0.0037505591798807103,0.03347080315318801,0.044628710721937276,0.02232536609486406,0.006324015396563224,0.002737169628273524,0.02232536609486406,0.75
103.39251124000111,14.089795553804795,14.07987244161907,-0.01803402464002793,0.0008041543399087115,0.033620424733980074,0.043873421737335896,0.022566553315217664,0.006921915834976966,0.003315932368488273,0.022566553315217664,0.75
103.43456215400147,14.089795553804795,14.07987244161907,-0.01803402464002793,0.0008041543399087115,0.03339522209294295,0.042848135735388704,0.022566553315217664,0.006921915834976966,0.003315932368488273,0.022566553315217664,0.75
103.46700186100134,14.08932336726511,14.080042642428742,-0.014165596190567486,0.005106024290178195,0.033705419320641264,0.04276336923633532,0.022633749309002492,0.0074149504231481094,0.003817710053648186,0.022633749309002492,0.75
103.53717002700068,14.088976170501367,14.080347587284479,-0.010415902912257724,0.009148345672080054,0.03307497784384576,0.04153348800785442,0.022533134321618662,0.0078056713395448,0.004243521553317843,0.022533134321618662,0.75
103.57176252499994,14.088747227355663,14.080776440251551,-0.006868294371122194,0.012865589012182457,0.0322582481243838,0.040245349801232455,0.02227487691520002,0.008099032177323159,0.004596330745418391,0.02227487691520002,0.75
103.6109566210016,14.088624281482526,14.081321529772504,-0.0036883761941373257,0.016352685628589075,0.03121185699488147,0.038632266935522894,0.02186989304565164,0.00830593464090555,0.004885339079467505,0.02186989304565164,0.75
103.6735259290017,14.088600327681414,14.08197313095317,-0.0007186140333660545,0.01954803541997768,0.029909993516593333,0.036376861525192775,0.021328866275605988,0.008431772264220818,0.005114117009889754,0.021328866275605988,0.75
103.6985267400014,14.08866302133679,14.082724604521255,0.0018808096612767916,0.022544207042585564,0.02882161354122792,0.03513716933268117,0.020663164669456804,0.00848769580644092,0.005292276162172967,0.020663164669456804,0.75
103.79522068300139,14.089016634803997,14.084490955289594,0.006360027116555981,0.0277132439948621,0.02672907862407022,0.03113945436520367,0.019004335791027553,0.008415445684774288,0.005515375124761881,0.019004335791027553,0.75
103.82807323000088,14.08929191646623,14.085485035186736,0.008258449866978986,0.029822396914247408,0.024290735973831024,0.027726792015448067,0.018037384968350535,0.008299455389860703,0.005568573943174582,0.018037384968350535,0.75
103.85674006200134,14.089620052245015,14.08654406847058,0.009844073363551541,0.03177099851536302,0.023257256352258063,0.02605088360904849,0.016994275763345248,0.008141450480372361,0.005592170876684965,0.016994275763345248,0.75
103.86530408300132,14.089620052245015,14.08654406847058,0.009844073363551541,0.03177099851536302,0.023257256352258063,0.02605088360904849,0.016994275763345248,0.008141450480372361,0.005592170876684965,0.016994275763345248,0.75
103.90124487600042,14.089994298520098,14.08765938169528,0.011227388252476652,0.033459396741011255,0.0,0.0,0.01588725659916387,0.00794673102798332,0.0055898207182096,0.01588725659916387,0.75
103.93946862300072,14.090409793154658,14.08880643094729,0.01246483903679965,0.03441147756028496,0.0,0.0,0.014740015450270648,0.007716250187136817,0.005558374670512684,0.014740015450270648,0.75
103.98882074300127,14.09086014803171,14.089969605609856,0.013510646311567703,0.03489523987695725,0.0,0.0,0.013570029683978987,0.0074538690790779604,0.00549895655130943,0.013570029683978987,0.75
104.0291443570004,14.09086014803171,14.089969605609856,0.013510646311567703,0.03489523987695725,0.0,0.0,0.013570029683978987,0.0074538690790779604,0.00549895655130943,0.013570029683978987,0.75
104.0637690800013,14.09133839289518,14.091143489334462,0.014347345904074216,0.03521651173820085,0.0,0.0,0.012387946512923511,0.0071656223657958805,0.005416466138675658,0.012387946512923511,0.75
104.12163849700119,14.09183799953308,14.092324821241256,0.014988199137037528,0.03543995720385307,0.0,0.0,0.011203866323759073,0.006857446141712055,0.005316065466203342,0.011203866323759073,0.75
104.1479812790003,14.09183799953308,14.092324821241256,0.014988199137037528,0.03543995720385307,0.0,0.0,0.011203866323759073,0.006857446141712055,0.005316065466203342,0.011203866323759073,0.75
104.20441182000104,14.09282644030368,14.094593722025524,0.014210916630205248,0.03284903538278167,0.0,0.0,0.008982638824641877,0.006237029569135186,0.005095833498966475,0.008982638824641877,0.75
104.24685642800068,14.093255525926518,14.095603502470068,0.012872568685141294,0.03029341333631675,0.0,0.0,0.008050908089064765,0.005971600217484906,0.005008085911022058,0.008050908089064765,0.75
104.33055529700141,14.093640545562206,14.096527025623432,0.011550589070644945,0.027705694600944426,0.0,0.0,0.007245979006778117,0.005736165326301135,0.004934866199575286,0.007245979006778117,0.75
104.40570888000002,14.09398412862376,14.097366523578186,0.010307491846620947,0.025184938642603502,0.0,0.0,0.006567031786104964,0.005528478036579861,0.0048743857291051705,0.006567031786104964,0.75
104.46235582700137,14.094289812422195,14.098126222658093,0.009170513953045157,0.022790972397232517,0.0,0.0,0.006009765694330678,0.005345707547015764,0.004824625184030562,0.006009765694330678,0.75
104.49034604300141,14.094561384699519,14.098811442376277,0.008147168319742496,0.020556591545522838,0.0,0.0,0.0055669745474117485,0.005184947150980139,0.004783673364030333,0.0055669745474117485,0.75
104.49923982400105,14.094561384699519,14.098811442376277,0.008147168319742496,0.020556591545522838,0.0,0.0,0.0055669745474117485,0.005184947150980139,0.004783673364030333,0.0055669745474117485,0.75
104.59596537900143,14.095016692223457,14.099981772527784,0.006424689060778268,0.016613445699665573,0.0,0.0,0.004983341111794207,0.004918796750112965,0.004721819501686846,0.004983341111794207,0.75
104.62073000500095,14.095206950371386,14.100478541130425,0.005707744437907786,0.01490305807922539,0.0,0.0,0.004816879317136816,0.004808792708216737,0.0046984159065927966,0.004816879317136816,0.75
104.65608999800133,14.095376067718218,14.10092375657297,0.005073520404961952,0.013356463276349572,0.0,0.0,0.004715302318261558,0.004715302318261558,0.0046787657892025285,0.004715302318261558,0.75
104.66714748100094,14.095376067718218,14.10092375657297,0.005073520404961952,0.013356463276349572,0.0,0.0,0.004715302318261558,0.004715302318261558,0.0046787657892025285,0.004715302318261558,0.75
104.7200413770006,14.09552647968656,14.10132250711007,0.004512359050244637,0.011962516112970856,0.0,0.0,0.004664912544832901,0.004664912544832901,0.0046621677427571145,0.004664912544832901,0.75
104.75721110199993,14.095660329202373,14.101679476538283,0.004015485474383126,0.010709082846415967,0.0,0.0,0.0046533196832393535,0.0046533196832393535,0.0046533196832393535,0.0046533196832393535,0.75
104.79942401000153,14.095779499615105,14.101998939223353,0.003575112381962758,0.00958388055208152,0.0,0.0,0.004669944487631164,0.004669944487631164,0.004669944487631164,0.004669944487631164,0.75
104.85319914499996,14.09588564679236,14.10228477215213,0.003184415317626705,0.008574987863299804,0.0,0.0,0.004706175315940814,0.004706175315940814,0.004706175315940814,0.004706175315940814,0.75
104.87725683600002,14.09588564679236,14.10228477215213,0.003184415317626705,0.008574987863299804,0.0,0.0,0.004706175315940814,0.004706175315940814,0.004706175315940814,0.004706175315940814,0.75
104.96736594600043,14.095980228433374,14.102540476709851,0.002837449230465648,0.0076711367316295844,0.0,0.0,0.0047552692206801785,0.0047552692206801785,0.0047552692206801785,0.0047552692206801785,0.75
105.01118835800116,14.096064529929274,14.102769205415209,0.0025290448769827722,0.0068618611607425975,0.0,0.0,0.004812112146365779,0.004812112146365779,0.004812112146365779,0.004812112146365779,0.75
105.04309749200002,14.096139686755981,14.102973790573428,0.002254704801195139,0.006137554746573644,0.0,0.0,0.004872930198202626,0.004872930198202626,0.004872930198202626,0.004872930198202626,0.75
105.08532612100134,14.096206703689093,14.103156772969397,0.0020105079933525824,0.005489471879073568,0.0,0.0,0.0049350088634829365,0.0049350088634829365,0.0049350088634829365,0.0049350088634829365,0.75
105.14068907500041,14.096206703689093,14.103156772969397,0.0020105079933525824,0.005489471879073568,0.0,0.0,0.0049350088634829365,0.0049350088634829365,0.0049350088634829365,0.0049350088634829365,0.75
105.19632484300018,14.096266471240371,14.103320429492243,0.001793026538322795,0.004909695685380254,0.0,0.0,0.004996447639266417,0.004996447639266417,0.004996447639266417,0.004996447639266417,0.75
105.23185863900108,14.096319779726924,14.103466799083476,0.001599254596585712,0.004391087737005376,0.0,0.0,0.005055958578108347,0.005055958578108347,0.005055958578108347,0.005055958578108347,0.75
105.29743281000083,14.09636733134987,14.103597706720223,0.0014265486883348031,0.003927229102404879,0.0,0.0,0.005112707224785842,0.005112707224785842,0.005112707224785842,0.005112707224785842,0.75
105.35440241700053,14.096409750608036,14.103714785343548,0.0012725777449701253,0.0035123586998014674,0.0,0.0,0.005166190167342168,0.005166190167342168,0.005166190167342168,0.005166190167342168,0.75
105.37963118000152,14.096447593318986,14.103819495760927,0.0011352813285210911,0.0031413125213837476,0.0,0.0,0.005216142357628927,0.005216142357628927,0.005216142357628927,0.005216142357628927,0.75
105.41237429500143,14.096481354470965,14.103913144619494,0.0010128345593752469,0.002809465756989214,0.0,0.0,0.005262467783470818,0.005262467783470818,0.005262467783470818,0.005262467783470818,0.75
105.44608415400035,14.096511475087864,14.103996900581638,0.0009036185069421419,0.002512678864346091,0.0,0.0,0.0053051880571846795,0.0053051880571846795,0.0053051880571846795,0.005304680088197795,0.75
105.49467476000063,14.096538348255228,14.104071808849072,0.0008061950209463133,0.0022472480230360846,0.0,0.0,0.005344404560422784,0.005344404560422784,0.005344404560422784,0.0053424791310118696,0.75
105.50236273000155,14.096538348255228,14.104071808849072,0.0008061950209463133,0.0022472480230360846,0.0,0.0,0.005344404560422784,0.005344404560422784,0.005344404560422784,0.0053424791310118696,0.75
105.54419575500106,14.096562324427996,14.104138804183785,0.0007192851830308377,0.002009860041370956,0.0,0.0,0.00538027075620464,0.00538027075620464,0.00538027075620464,0.005376324178864491,0.75
105.59841708000022,14.09658371611895,14.10419872256955,0.0006417507285940295,0.0017975515729097941,0.0,0.0,0.005412972083058154,0.005412972083058154,0.005412972083058154,0.005406628653229316,0.75
105.64438964400142,14.096602802049826,14.104252311649056,0.0005725779262979632,0.0016076723851831088,0.0,0.0,0.0054427114817303095,0.0054427114817303095,0.0054427114817303095,0.005433762800190629,0.75
105.67327727700103,14.096619830833522,14.104300240061386,0.0005108635108578026,0.0014378523699223541,0.0,0.0,0.00546969909406018,0.00546969909406018,0.00546969909406018,0.005458058180153049,0.75
105.7823562350004,14.096648580131072,14.104381443649752,0.0004066765780796243,0.0011501356834497372,0.0,0.0,0.005516254489578443,0.005516254489578443,0.005516254489578443,0.005499289220854878,0.75
105.81565606500044,14.096660674998473,14.104415731929418,0.00036284602200215775,0.0010286483900020177,0.0,0.0,0.005536224339593197,0.005536224339593197,0.005536224339593197,0.005516728814401186,0.75
105.84606826500021,14.096671466321625,14.104446398400432,0.00032373969454798816,0.000919994130445391,0.0,0.0,0.005554241188806852,0.005554241188806852,0.005554241188806852,0.005532343651831719,0.75
105.88724156700118,14.09668109459727,14.104473825639266,0.0002888482693672963,0.0008228171650020814,0.0,0.0,0.005570480133957874,0.005570480133957874,0.005570480133957874,0.005546324613274074,0.75
105.93054833099995,14.096689685176814,14.104498355806733,0.00025771738633446114,0.0007359050240116741,0.0,0.0,0.005585104223966731,0.005585104223966731,0.005585104223966731,0.005558842616624431,0.75
105.99233489800099,14.096704188552346,14.104539916664663,0.00020515956810709712,0.0005886523817207025,0.0,0.0,0.005610099501842578,0.005610099501842578,0.005610099501842578,0.005580085913811608,0.75
105.99793518000115,14.096704188552346,14.104539916664663,0.00020515956810709712,0.0005886523817207025,0.0,0.0,0.005610099501842578,0.005610099501842578,0.005610099501842578,0.005580085913811608,0.75
106.03023612700053,14.096710290164054,14.104557465824001,0.00018304835126878576,0.0005264747801431729,0.0,0.0,0.005620737099496707,0.005620737099496707,0.005620737099496707,0.005589070948299002,0.75
106.0834331900005,14.096715734170138,14.104573161319342,0.00016332018250640382,0.0004708648602224682,0.0,0.0,0.0056302936418919786,0.0056302936418919786,0.0056302936418919786,0.0055971156783685225,0.75
106.11794900200039,14.096720591444331,14.104587198948547,0.00014571822579933849,0.0004211288761413443,0.0,0.0,0.005638875301737477,0.005638875301737477,0.005638875301737477,0.005604318482549565,0.75
106.15924874100165,14.096724925221919,14.104599753827483,0.00013001332763787438,0.00037664636809228556,0.0,0.0,0.005646578616778992,0.005646578616778992,0.005646578616778992,0.0056107674493133045,0.75
106.17087122300109,14.096724925221919,14.104599753827483,0.00013001332763787438,0.00037664636809228556,0.0,0.0,0.005646578616778992,0.005646578616778992,0.005646578616778992,0.0056107674493133045,0.75
