[INFO] [launch]: All log files can be found below /home/zrj/.ros/log/2026-10-02-04-56-21-164264-zrj-virtual-machine-41534
[INFO] [launch]: Default logging verbosity is set to INFO
[INFO] [sim_robot-2]: process started with pid [41547]
[INFO] [static_transform_publisher-1]: process started with pid [41545]
[INFO] [esdf_map_publisher-3]: process started with pid [41549]
[INFO] [planner_server-4]: process started with pid [41551]
[INFO] [controller_node-5]: process started with pid [41553]
[INFO] [sp_decision_node-6]: process started with pid [41555]
[INFO] [nav_interface_node-7]: process started with pid [41557]
[INFO] [rviz2-8]: process started with pid [41559]
[static_transform_publisher-1] [WARN] [1790931381.457021955] []: Old-style arguments are deprecated; see --help for new-style arguments
[static_transform_publisher-1] [INFO] [1790931381.713636761] [static_transform_publisher_o3byomeMbDcgAr3y]: Spinning until stopped - publishing transform
[static_transform_publisher-1] translation: ('0.000000', '0.150000', '0.000000')
[static_transform_publisher-1] rotation: ('0.000000', '0.000000', '0.000000', '1.000000')
[static_transform_publisher-1] from 'base_link' to 'livox_frame'
[planner_server-4] [INFO] [1790931381.746989068] [planner_server]: PlannerServer ready. costmap_topic=/global_costmap local_costmap_topic=/local_costmap/costmap path_topic=/global_path service=make_plan plugin=AStar (sp_global_planner/AStarPlanner)
[planner_server-4] [INFO] [1790931381.764386409] [planner_server]: AStarPlanner configured: lethal_cost=95 cost_weight=6.000
[planner_server-4] [INFO] [1790931381.765273823] [planner_server]: PlannerServer ready. costmap_topic=/global_costmap local_costmap_topic=/local_costmap/costmap path_topic=/global_path service=make_plan plugin=AStar (sp_global_planner/AStarPlanner)
[nav_interface_node-7] [INFO] [1790931381.803309013] [nav_interface_node]: Loading plugin: nav_compute_path_service
[nav_interface_node-7] [INFO] [1790931381.808824501] [nav_interface_node]: Loading plugin: nav_state_track
[nav_interface_node-7] [INFO] [1790931381.815317846] [nav_interface_node]: Loading plugin: nav_rate_control
[controller_node-5] [INFO] [1790931381.816459494] [controller_server]: PID configured: max_speed=1.25 m/s horizon=28 dt=0.070 s
[controller_node-5] [INFO] [1790931381.816604787] [controller_server]: Loaded controller plugin: PidController (PidController)
[nav_interface_node-7] [INFO] [1790931381.817014993] [nav_interface_node]: Loading plugin: nav_repeat_sequence
[nav_interface_node-7] [INFO] [1790931381.819569455] [nav_interface_node]: Loading plugin: nav_get_pose
[nav_interface_node-7] [INFO] [1790931381.822008859] [nav_interface_node]: Loading plugin: nav_set_control_enable
[nav_interface_node-7] [INFO] [1790931381.827353488] [nav_interface_node]: Initializing BT from: /home/zrj/nav_final_project/install/sp_nav_bt/share/sp_nav_bt/nav_bt/default_nav_with_fallback.xml
[nav_interface_node-7] [INFO] [1790931381.918054890] [nav_interface_node]: Navigation Interface Node initialized.
[nav_interface_node-7] [INFO] [1790931381.921422265] [nav_interface_node]: Restart-task service ready at /nav_interface/restart_task
[sim_robot-2] pygame 2.1.2 (SDL 2.0.20, Python 3.10.12)
[sim_robot-2] Hello from the pygame community. https://www.pygame.org/contribute.html
[sp_decision_node-6] [WARN] [1790931382.226711162] [rcl.logging_rosout]: Publisher already registered for provided node name. If this is due to multiple nodes with the same name then all logs for that logger name will go out over the existing publisher. As soon as any node with that name is destructed it will unregister the publisher, preventing any further logs for that name from being published on the rosout topic.
[sp_decision_node-6] [INFO] [1790931382.292593584] [sp_decision]: [BlackboardBridge] Initialized (goal_pose only).
[esdf_map_publisher-3] [INFO] [1790931383.151129717] [esdf_map_publisher]: Loaded map: /home/zrj/nav_final_project/install/sp_nav_bringup/share/sp_nav_bringup/map/maze_map.pgm  size=300x300  res=0.050 m/cell  origin=[0.000, 0.000, 0.000]  negate=0  unknown_as_obstacle=true
[sp_decision_node-6] [INFO] [1790931383.479021033] [sp_decision]: [BtEngine] Loading plugin: nav_to_pose_bt_node
[sp_decision_node-6] [INFO] [1790931383.498293034] [sp_decision]: [BtEngine] Loading plugin: condition_judge_bt_node
[sp_decision_node-6] [INFO] [1790931383.718336110] [sp_decision]: [BtEngine] Loading plugin: wait_duration_bt_node
[sp_decision_node-6] [INFO] [1790931383.722414148] [sp_decision]: [BtEngine] Loading plugin: gimbal_control_bt_node
[sp_decision_node-6] [INFO] [1790931383.727082563] [sp_decision]: [BtEngine] Loading plugin: chassis_mode_bt_node
[sp_decision_node-6] [INFO] [1790931383.731124907] [sp_decision]: [BtEngine] Loading plugin: set_double_bt_node
[sp_decision_node-6] [INFO] [1790931383.736144035] [sp_decision]: [BtEngine] Initialising tree from: /home/zrj/nav_final_project/install/sp_decision/share/sp_decision/decision_trees/click_nav.xml
[sp_decision_node-6] [WARN] [1790931383.747756687] [rcl.logging_rosout]: Publisher already registered for provided node name. If this is due to multiple nodes with the same name then all logs for that logger name will go out over the existing publisher. As soon as any node with that name is destructed it will unregister the publisher, preventing any further logs for that name from being published on the rosout topic.
[sp_decision_node-6] [INFO] [1790931383.820425867] [sp_decision]: [NavToPose] BT node 'NavToPose' initialised (ros node: nav_to_pose_0).
[sp_decision_node-6] [INFO] [1790931383.822697691] [sp_decision]: [ChassisMode] BT node initialised.
[sp_decision_node-6] [INFO] [1790931383.824988771] [sp_decision]: [GimbalControl] BT node initialised.
[sp_decision_node-6] [INFO] [1790931383.825053858] [sp_decision]: [WaitDuration] BT node initialised.
[sp_decision_node-6] [INFO] [1790931383.825465923] [sp_decision]: [DecisionEngine] Started with tree: /home/zrj/nav_final_project/install/sp_decision/share/sp_decision/decision_trees/click_nav.xml
[sp_decision_node-6] [INFO] [1790931383.826057982] [sp_decision]: [DecisionEngine] Started: /home/zrj/nav_final_project/install/sp_decision/share/sp_decision/decision_trees/click_nav.xml
[sp_decision_node-6] [INFO] [1790931383.829796888] [ConditionJudge]: [ConditionJudge] Initialised: 2 variables, 3 conditions, 3 children.
[sp_decision_node-6] [INFO] [1790931383.830074650] [sp_decision]: [WaitDuration] duration < 0 – blocking forever (RUNNING).
[rviz2-8] [INFO] [1790931383.917873135] [rviz2]: Stereo is NOT SUPPORTED
[rviz2-8] [INFO] [1790931383.918487876] [rviz2]: OpenGl version: 4.3 (GLSL 4.3)
[rviz2-8] [INFO] [1790931384.261735008] [rviz2]: Stereo is NOT SUPPORTED
[rviz2-8] [INFO] [1790931385.324444924] [rviz2]: Trying to create a map of size 300 x 300 using 1 swatches
[rviz2-8] [ERROR] [1790931385.343179426] [rviz2]: Vertex Program:rviz/glsl120/indexed_8bit_image.vert Fragment Program:rviz/glsl120/indexed_8bit_image.frag GLSL link result : 
[rviz2-8] active samplers with a different type refer to the same texture image unit
[sim_robot-2] [0m[INFO] [1790931386.099625073] [sim_robot_node]: SimRobotNode ready | map=/home/zrj/nav_final_project/install/sp_nav_bringup/share/sp_nav_bringup/map/maze_map.pgm | robots=[1, 2, 3] | sim=30.0Hz pub=30.0Hz odom=30.0Hz[0m
[sim_robot-2] [0m[INFO] [1790931386.101417631] [sim_robot_node]: map->lidar_odom origin=(0.900, 0.900) | start: base_link ≡ lidar_odom[0m
[sim_robot-2] [0m[INFO] [1790931386.102362507] [sim_robot_node]: gimbal_topic=/gimbal/control scan_speed=1.0 rad/s | chassis_topic=/chassis/mode[0m
[sim_robot-2] [0m[INFO] [1790931386.103052644] [sim_robot_node]: local_costmap_topic=/local_costmap/costmap frame=map window=4.00x4.00m[0m
[planner_server-4] [INFO] [1790931458.279626516] [planner_server]: Received goal from /goal_pose: (14.100, 14.100) frame=map
[sp_decision_node-6] [INFO] [1790931458.280960313] [sp_decision]: [BlackboardBridge] New goal_pose  x=14.100  y=14.100
[sp_decision_node-6] [INFO] [1790931458.327840975] [ConditionJudge]: [ConditionJudge] Switching child 2 -> 0, halting previous.
[sp_decision_node-6] [INFO] [1790931458.327891947] [sp_decision]: [WaitDuration] Halted – timer cleared.
[sp_decision_node-6] [INFO] [1790931458.329063433] [sp_decision]: [DecisionEngine] SUCCEEDED – restarting
[sp_decision_node-6] [INFO] [1790931458.427419565] [sp_decision]: [NavToPose] Using blackboard PoseStamped  x=14.100  y=14.100  frame='map'
[sp_decision_node-6] [INFO] [1790931458.428032966] [sp_decision]: [NavToPose] Sending goal  x=14.100  y=14.100  frame='map'
[nav_interface_node-7] [INFO] [1790931458.430826177] [nav_interface_node]: Received goal request: Go to (14.10, 14.10)
[nav_interface_node-7] [INFO] [1790931458.434471586] [nav_interface_node]: BT goal_pose set to ORIGINAL action goal: (14.100, 14.100)
[nav_interface_node-7] [INFO] [1790931458.434553072] [nav_interface_node]: Executing Static BT for goal...
[nav_interface_node-7] [INFO] [1790931458.434584318] [nav_interface_node]: Running Behavior Tree...
[planner_server-4] [INFO] [1790931458.493698490] [planner_server]: Planning took 55 ms
[planner_server-4] [INFO] [1790931458.494669522] [planner_server]: Plan computed: 914 poses
[controller_node-5] [WARN] [1790931458.504913759] [controller_server]: path_copy succeeded.
[controller_node-5] [INFO] [1790931458.505140876] [controller_server]: Computed velocity commands: linear.x=0.03, linear.y=-0.00, angular.z=0.00
[controller_node-5] [INFO] [1790931458.505320629] [controller_server]: Control enabled
[nav_interface_node-7] [INFO] [1790931458.514759631] [nav_interface_node]: [SetControlEnable] Control enabled
[nav_interface_node-7] [INFO] [1790931458.514843611] [nav_interface_node]: [NavStateTrack] Task started, monitoring navigation progress.
[nav_interface_node-7] [INFO] [1790931458.514862405] [nav_interface_node]: [NavStateTrack] onStart() entered.
[sp_decision_node-6] [INFO] [1790931458.627736545] [sp_decision]: [NavToPose] Goal ACCEPTED – robot is navigating.
[planner_server-4] [INFO] [1790931458.645976765] [planner_server]: Planning took 20 ms
[planner_server-4] [INFO] [1790931458.646409902] [planner_server]: Plan computed: 914 poses
[planner_server-4] [INFO] [1790931458.776075321] [planner_server]: Planning took 19 ms
[planner_server-4] [INFO] [1790931458.776544092] [planner_server]: Plan computed: 914 poses
[planner_server-4] [INFO] [1790931458.905208425] [planner_server]: Planning took 18 ms
[planner_server-4] [INFO] [1790931458.905522248] [planner_server]: Plan computed: 913 poses
[planner_server-4] [INFO] [1790931459.033918984] [planner_server]: Planning took 18 ms
[planner_server-4] [INFO] [1790931459.034382676] [planner_server]: Plan computed: 913 poses
[planner_server-4] [INFO] [1790931459.163319023] [planner_server]: Planning took 17 ms
[planner_server-4] [INFO] [1790931459.164050996] [planner_server]: Plan computed: 913 poses
[planner_server-4] [INFO] [1790931459.294988623] [planner_server]: Planning took 17 ms
[planner_server-4] [INFO] [1790931459.295351584] [planner_server]: Plan computed: 913 poses
[planner_server-4] [INFO] [1790931459.423410166] [planner_server]: Planning took 17 ms
[planner_server-4] [INFO] [1790931459.423926182] [planner_server]: Plan computed: 913 poses
[planner_server-4] [INFO] [1790931459.553756923] [planner_server]: Planning took 17 ms
[planner_server-4] [INFO] [1790931459.554197373] [planner_server]: Plan computed: 912 poses
[planner_server-4] [INFO] [1790931459.683728196] [planner_server]: Planning took 17 ms
[planner_server-4] [INFO] [1790931459.684229936] [planner_server]: Plan computed: 912 poses
[planner_server-4] [INFO] [1790931459.813464954] [planner_server]: Planning took 16 ms
[planner_server-4] [INFO] [1790931459.814094924] [planner_server]: Plan computed: 910 poses
[planner_server-4] [INFO] [1790931459.946569272] [planner_server]: Planning took 19 ms
[planner_server-4] [INFO] [1790931459.947178470] [planner_server]: Plan computed: 908 poses
[planner_server-4] [INFO] [1790931460.073192722] [planner_server]: Planning took 17 ms
[planner_server-4] [INFO] [1790931460.073612265] [planner_server]: Plan computed: 907 poses
[planner_server-4] [INFO] [1790931460.202957338] [planner_server]: Planning took 17 ms
[planner_server-4] [INFO] [1790931460.203692186] [planner_server]: Plan computed: 906 poses
[planner_server-4] [INFO] [1790931460.337622253] [planner_server]: Planning took 20 ms
[planner_server-4] [INFO] [1790931460.338128281] [planner_server]: Plan computed: 905 poses
[planner_server-4] [INFO] [1790931460.483726546] [planner_server]: Planning took 37 ms
[planner_server-4] [INFO] [1790931460.484300255] [planner_server]: Plan computed: 904 poses
[controller_node-5] [WARN] [1790931460.504952943] [controller_server]: path_copy succeeded.
[controller_node-5] [INFO] [1790931460.505158862] [controller_server]: Computed velocity commands: linear.x=0.04, linear.y=-0.71, angular.z=0.00
[planner_server-4] [INFO] [1790931460.614133675] [planner_server]: Planning took 18 ms
[planner_server-4] [INFO] [1790931460.614504770] [planner_server]: Plan computed: 901 poses
[planner_server-4] [INFO] [1790931460.768908218] [planner_server]: Planning took 41 ms
[planner_server-4] [INFO] [1790931460.769398287] [planner_server]: Plan computed: 900 poses
[planner_server-4] [INFO] [1790931460.895206077] [planner_server]: Planning took 19 ms
[planner_server-4] [INFO] [1790931460.895541148] [planner_server]: Plan computed: 898 poses
[planner_server-4] [INFO] [1790931461.057589881] [planner_server]: Planning took 51 ms
[planner_server-4] [INFO] [1790931461.058069671] [planner_server]: Plan computed: 895 poses
[planner_server-4] [INFO] [1790931461.186709124] [planner_server]: Planning took 18 ms
[planner_server-4] [INFO] [1790931461.187338382] [planner_server]: Plan computed: 894 poses
[planner_server-4] [INFO] [1790931461.315777651] [planner_server]: Planning took 20 ms
[planner_server-4] [INFO] [1790931461.316217409] [planner_server]: Plan computed: 892 poses
[planner_server-4] [INFO] [1790931461.462616988] [planner_server]: Planning took 36 ms
[planner_server-4] [INFO] [1790931461.463006948] [planner_server]: Plan computed: 891 poses
[planner_server-4] [INFO] [1790931461.584694853] [planner_server]: Planning took 18 ms
[planner_server-4] [INFO] [1790931461.585347974] [planner_server]: Plan computed: 889 poses
[planner_server-4] [INFO] [1790931461.715952640] [planner_server]: Planning took 19 ms
[planner_server-4] [INFO] [1790931461.716550132] [planner_server]: Plan computed: 888 poses
[planner_server-4] [INFO] [1790931461.843995482] [planner_server]: Planning took 18 ms
[planner_server-4] [INFO] [1790931461.844546270] [planner_server]: Plan computed: 887 poses
[planner_server-4] [INFO] [1790931461.975218648] [planner_server]: Planning took 19 ms
[planner_server-4] [INFO] [1790931461.976173651] [planner_server]: Plan computed: 887 poses
[planner_server-4] [INFO] [1790931462.104927726] [planner_server]: Planning took 19 ms
[planner_server-4] [INFO] [1790931462.105532911] [planner_server]: Plan computed: 886 poses
[planner_server-4] [INFO] [1790931462.239210798] [planner_server]: Planning took 22 ms
[planner_server-4] [INFO] [1790931462.239541081] [planner_server]: Plan computed: 886 poses
[planner_server-4] [INFO] [1790931462.371395518] [planner_server]: Planning took 23 ms
[planner_server-4] [INFO] [1790931462.372193990] [planner_server]: Plan computed: 886 poses
[planner_server-4] [INFO] [1790931462.494633697] [planner_server]: Planning took 18 ms
[planner_server-4] [INFO] [1790931462.495199552] [planner_server]: Plan computed: 885 poses
[controller_node-5] [WARN] [1790931462.505073820] [controller_server]: path_copy succeeded.
[controller_node-5] [INFO] [1790931462.505278898] [controller_server]: Computed velocity commands: linear.x=0.21, linear.y=-0.89, angular.z=0.00
[planner_server-4] [INFO] [1790931462.627315112] [planner_server]: Planning took 19 ms
[planner_server-4] [INFO] [1790931462.627919015] [planner_server]: Plan computed: 883 poses
[planner_server-4] [INFO] [1790931462.755073518] [planner_server]: Planning took 19 ms
[planner_server-4] [INFO] [1790931462.755482031] [planner_server]: Plan computed: 882 poses
[planner_server-4] [INFO] [1790931462.885043411] [planner_server]: Planning took 18 ms
[planner_server-4] [INFO] [1790931462.885398638] [planner_server]: Plan computed: 881 poses
[planner_server-4] [INFO] [1790931463.014463685] [planner_server]: Planning took 18 ms
[planner_server-4] [INFO] [1790931463.015019231] [planner_server]: Plan computed: 879 poses
[planner_server-4] [INFO] [1790931463.144595051] [planner_server]: Planning took 18 ms
[planner_server-4] [INFO] [1790931463.145124500] [planner_server]: Plan computed: 878 poses
[planner_server-4] [INFO] [1790931463.273890648] [planner_server]: Planning took 18 ms
[planner_server-4] [INFO] [1790931463.274416811] [planner_server]: Plan computed: 877 poses
[planner_server-4] [INFO] [1790931463.413300031] [planner_server]: Planning took 26 ms
[planner_server-4] [INFO] [1790931463.413621568] [planner_server]: Plan computed: 875 poses
[planner_server-4] [INFO] [1790931463.537540192] [planner_server]: Planning took 21 ms
[planner_server-4] [INFO] [1790931463.538196219] [planner_server]: Plan computed: 874 poses
[planner_server-4] [INFO] [1790931463.663623199] [planner_server]: Planning took 18 ms
[planner_server-4] [INFO] [1790931463.664215151] [planner_server]: Plan computed: 873 poses
[planner_server-4] [INFO] [1790931463.794298311] [planner_server]: Planning took 18 ms
[planner_server-4] [INFO] [1790931463.794712704] [planner_server]: Plan computed: 870 poses
[planner_server-4] [INFO] [1790931463.923933366] [planner_server]: Planning took 18 ms
[planner_server-4] [INFO] [1790931463.924755991] [planner_server]: Plan computed: 869 poses
[planner_server-4] [INFO] [1790931464.055160115] [planner_server]: Planning took 18 ms
[planner_server-4] [INFO] [1790931464.055577513] [planner_server]: Plan computed: 868 poses
[planner_server-4] [INFO] [1790931464.213007125] [planner_server]: Planning took 45 ms
[planner_server-4] [INFO] [1790931464.213706401] [planner_server]: Plan computed: 869 poses
[planner_server-4] [INFO] [1790931464.345136710] [planner_server]: Planning took 18 ms
[planner_server-4] [INFO] [1790931464.345526058] [planner_server]: Plan computed: 869 poses
[planner_server-4] [INFO] [1790931464.495255930] [planner_server]: Planning took 37 ms
[planner_server-4] [INFO] [1790931464.495736683] [planner_server]: Plan computed: 869 poses
[controller_node-5] [WARN] [1790931464.524790299] [controller_server]: path_copy succeeded.
[controller_node-5] [INFO] [1790931464.525036120] [controller_server]: Computed velocity commands: linear.x=-1.01, linear.y=0.13, angular.z=0.00
[planner_server-4] [INFO] [1790931464.649810554] [planner_server]: Planning took 44 ms
[planner_server-4] [INFO] [1790931464.650430616] [planner_server]: Plan computed: 868 poses
[planner_server-4] [INFO] [1790931464.774203004] [planner_server]: Planning took 18 ms
[planner_server-4] [INFO] [1790931464.774628076] [planner_server]: Plan computed: 868 poses
[planner_server-4] [INFO] [1790931464.931846866] [planner_server]: Planning took 45 ms
[planner_server-4] [INFO] [1790931464.932407993] [planner_server]: Plan computed: 867 poses
[planner_server-4] [INFO] [1790931465.055686278] [planner_server]: Planning took 19 ms
[planner_server-4] [INFO] [1790931465.055959518] [planner_server]: Plan computed: 867 poses
[planner_server-4] [INFO] [1790931465.183887817] [planner_server]: Planning took 18 ms
[planner_server-4] [INFO] [1790931465.184320012] [planner_server]: Plan computed: 865 poses
[planner_server-4] [INFO] [1790931465.319468266] [planner_server]: Planning took 23 ms
[planner_server-4] [INFO] [1790931465.319897435] [planner_server]: Plan computed: 865 poses
[planner_server-4] [INFO] [1790931465.444397043] [planner_server]: Planning took 18 ms
[planner_server-4] [INFO] [1790931465.445050234] [planner_server]: Plan computed: 863 poses
[planner_server-4] [INFO] [1790931465.576396346] [planner_server]: Planning took 20 ms
[planner_server-4] [INFO] [1790931465.576838449] [planner_server]: Plan computed: 862 poses
[planner_server-4] [INFO] [1790931465.705374242] [planner_server]: Planning took 19 ms
[planner_server-4] [INFO] [1790931465.705780891] [planner_server]: Plan computed: 861 poses
[planner_server-4] [INFO] [1790931465.834126835] [planner_server]: Planning took 17 ms
[planner_server-4] [INFO] [1790931465.834504141] [planner_server]: Plan computed: 860 poses
[planner_server-4] [INFO] [1790931465.964502597] [planner_server]: Planning took 18 ms
[planner_server-4] [INFO] [1790931465.964925295] [planner_server]: Plan computed: 860 poses
[planner_server-4] [INFO] [1790931466.094357204] [planner_server]: Planning took 18 ms
[planner_server-4] [INFO] [1790931466.094797453] [planner_server]: Plan computed: 858 poses
[planner_server-4] [INFO] [1790931466.225824047] [planner_server]: Planning took 20 ms
[planner_server-4] [INFO] [1790931466.226460108] [planner_server]: Plan computed: 858 poses
[planner_server-4] [INFO] [1790931466.354939865] [planner_server]: Planning took 18 ms
[planner_server-4] [INFO] [1790931466.355451703] [planner_server]: Plan computed: 857 poses
[planner_server-4] [INFO] [1790931466.484335450] [planner_server]: Planning took 18 ms
[planner_server-4] [INFO] [1790931466.484748901] [planner_server]: Plan computed: 856 poses
[controller_node-5] [WARN] [1790931466.544609799] [controller_server]: path_copy succeeded.
[controller_node-5] [INFO] [1790931466.544882588] [controller_server]: Computed velocity commands: linear.x=0.63, linear.y=0.10, angular.z=0.00
[planner_server-4] [INFO] [1790931466.615836179] [planner_server]: Planning took 19 ms
[planner_server-4] [INFO] [1790931466.616212894] [planner_server]: Plan computed: 855 poses
[planner_server-4] [INFO] [1790931466.744990746] [planner_server]: Planning took 18 ms
[planner_server-4] [INFO] [1790931466.745278602] [planner_server]: Plan computed: 853 poses
[planner_server-4] [INFO] [1790931466.874619914] [planner_server]: Planning took 18 ms
[planner_server-4] [INFO] [1790931466.874974440] [planner_server]: Plan computed: 850 poses
[planner_server-4] [INFO] [1790931467.027088598] [planner_server]: Planning took 39 ms
[planner_server-4] [INFO] [1790931467.027567576] [planner_server]: Plan computed: 847 poses
[planner_server-4] [INFO] [1790931467.156077584] [planner_server]: Planning took 18 ms
[planner_server-4] [INFO] [1790931467.156431258] [planner_server]: Plan computed: 845 poses
[planner_server-4] [INFO] [1790931467.286171490] [planner_server]: Planning took 20 ms
[planner_server-4] [INFO] [1790931467.286599026] [planner_server]: Plan computed: 845 poses
[planner_server-4] [INFO] [1790931467.413949584] [planner_server]: Planning took 17 ms
[planner_server-4] [INFO] [1790931467.414485304] [planner_server]: Plan computed: 843 poses
[planner_server-4] [INFO] [1790931467.536468239] [planner_server]: Planning took 18 ms
[planner_server-4] [INFO] [1790931467.537117162] [planner_server]: Plan computed: 843 poses
[planner_server-4] [INFO] [1790931467.663386352] [planner_server]: Planning took 17 ms
[planner_server-4] [INFO] [1790931467.663865832] [planner_server]: Plan computed: 842 poses
[planner_server-4] [INFO] [1790931467.797429779] [planner_server]: Planning took 18 ms
[planner_server-4] [INFO] [1790931467.797755693] [planner_server]: Plan computed: 841 poses
[planner_server-4] [INFO] [1790931467.925001112] [planner_server]: Planning took 18 ms
[planner_server-4] [INFO] [1790931467.925437074] [planner_server]: Plan computed: 840 poses
[planner_server-4] [INFO] [1790931468.053820017] [planner_server]: Planning took 17 ms
[planner_server-4] [INFO] [1790931468.054216217] [planner_server]: Plan computed: 839 poses
[planner_server-4] [INFO] [1790931468.186515011] [planner_server]: Planning took 17 ms
[planner_server-4] [INFO] [1790931468.187016570] [planner_server]: Plan computed: 838 poses
[planner_server-4] [INFO] [1790931468.313980469] [planner_server]: Planning took 18 ms
[planner_server-4] [INFO] [1790931468.314390013] [planner_server]: Plan computed: 837 poses
[planner_server-4] [INFO] [1790931468.444526065] [planner_server]: Planning took 19 ms
[planner_server-4] [INFO] [1790931468.445073456] [planner_server]: Plan computed: 836 poses
[controller_node-5] [WARN] [1790931468.545643537] [controller_server]: path_copy succeeded.
[controller_node-5] [INFO] [1790931468.545831103] [controller_server]: Computed velocity commands: linear.x=1.05, linear.y=-0.07, angular.z=0.00
[planner_server-4] [INFO] [1790931468.574824322] [planner_server]: Planning took 19 ms
[planner_server-4] [INFO] [1790931468.575206838] [planner_server]: Plan computed: 835 poses
[planner_server-4] [INFO] [1790931468.704121480] [planner_server]: Planning took 17 ms
[planner_server-4] [INFO] [1790931468.704700406] [planner_server]: Plan computed: 833 poses
[planner_server-4] [INFO] [1790931468.834941613] [planner_server]: Planning took 18 ms
[planner_server-4] [INFO] [1790931468.835307139] [planner_server]: Plan computed: 832 poses
[planner_server-4] [INFO] [1790931468.964228057] [planner_server]: Planning took 17 ms
[planner_server-4] [INFO] [1790931468.964842789] [planner_server]: Plan computed: 831 poses
[planner_server-4] [INFO] [1790931469.097317001] [planner_server]: Planning took 19 ms
[planner_server-4] [INFO] [1790931469.097660476] [planner_server]: Plan computed: 829 poses
[planner_server-4] [INFO] [1790931469.223875945] [planner_server]: Planning took 18 ms
[planner_server-4] [INFO] [1790931469.224415692] [planner_server]: Plan computed: 828 poses
[planner_server-4] [INFO] [1790931469.355233205] [planner_server]: Planning took 19 ms
[planner_server-4] [INFO] [1790931469.355636488] [planner_server]: Plan computed: 826 poses
[planner_server-4] [INFO] [1790931469.484212099] [planner_server]: Planning took 18 ms
[planner_server-4] [INFO] [1790931469.484615803] [planner_server]: Plan computed: 824 poses
[planner_server-4] [INFO] [1790931469.613227222] [planner_server]: Planning took 17 ms
[planner_server-4] [INFO] [1790931469.613668954] [planner_server]: Plan computed: 824 poses
[planner_server-4] [INFO] [1790931469.744133915] [planner_server]: Planning took 18 ms
[planner_server-4] [INFO] [1790931469.744653928] [planner_server]: Plan computed: 822 poses
[planner_server-4] [INFO] [1790931469.877378648] [planner_server]: Planning took 21 ms
[planner_server-4] [INFO] [1790931469.877964769] [planner_server]: Plan computed: 821 poses
[planner_server-4] [INFO] [1790931470.007299212] [planner_server]: Planning took 21 ms
[planner_server-4] [INFO] [1790931470.007835383] [planner_server]: Plan computed: 818 poses
[planner_server-4] [INFO] [1790931470.138120747] [planner_server]: Planning took 21 ms
[planner_server-4] [INFO] [1790931470.138491402] [planner_server]: Plan computed: 818 poses
[planner_server-4] [INFO] [1790931470.271888874] [planner_server]: Planning took 25 ms
[planner_server-4] [INFO] [1790931470.272676265] [planner_server]: Plan computed: 818 poses
[planner_server-4] [INFO] [1790931470.400775320] [planner_server]: Planning took 24 ms
[planner_server-4] [INFO] [1790931470.401591102] [planner_server]: Plan computed: 818 poses
[planner_server-4] [INFO] [1790931470.537338065] [planner_server]: Planning took 20 ms
[planner_server-4] [INFO] [1790931470.537799051] [planner_server]: Plan computed: 818 poses
[controller_node-5] [WARN] [1790931470.563845147] [controller_server]: path_copy succeeded.
[controller_node-5] [INFO] [1790931470.564112406] [controller_server]: Computed velocity commands: linear.x=-0.83, linear.y=-0.64, angular.z=0.00
[planner_server-4] [INFO] [1790931470.663031228] [planner_server]: Planning took 17 ms
[planner_server-4] [INFO] [1790931470.663393086] [planner_server]: Plan computed: 818 poses
[planner_server-4] [INFO] [1790931470.784206467] [planner_server]: Planning took 18 ms
[planner_server-4] [INFO] [1790931470.784629515] [planner_server]: Plan computed: 817 poses
[planner_server-4] [INFO] [1790931470.917136456] [planner_server]: Planning took 20 ms
[planner_server-4] [INFO] [1790931470.917580562] [planner_server]: Plan computed: 815 poses
[planner_server-4] [INFO] [1790931471.048025056] [planner_server]: Planning took 21 ms
[planner_server-4] [INFO] [1790931471.048625863] [planner_server]: Plan computed: 814 poses
[planner_server-4] [INFO] [1790931471.177766445] [planner_server]: Planning took 21 ms
[planner_server-4] [INFO] [1790931471.178189213] [planner_server]: Plan computed: 813 poses
[planner_server-4] [INFO] [1790931471.303912449] [planner_server]: Planning took 18 ms
[planner_server-4] [INFO] [1790931471.304186451] [planner_server]: Plan computed: 812 poses
[planner_server-4] [INFO] [1790931471.433456319] [planner_server]: Planning took 17 ms
[planner_server-4] [INFO] [1790931471.434126150] [planner_server]: Plan computed: 812 poses
[planner_server-4] [INFO] [1790931471.566949167] [planner_server]: Planning took 19 ms
[planner_server-4] [INFO] [1790931471.567467847] [planner_server]: Plan computed: 812 poses
[planner_server-4] [INFO] [1790931471.694783277] [planner_server]: Planning took 19 ms
[planner_server-4] [INFO] [1790931471.695214811] [planner_server]: Plan computed: 810 poses
[planner_server-4] [INFO] [1790931471.824475388] [planner_server]: Planning took 18 ms
[planner_server-4] [INFO] [1790931471.824985612] [planner_server]: Plan computed: 809 poses
[planner_server-4] [INFO] [1790931471.955358267] [planner_server]: Planning took 19 ms
[planner_server-4] [INFO] [1790931471.955810298] [planner_server]: Plan computed: 808 poses
[planner_server-4] [INFO] [1790931472.083409413] [planner_server]: Planning took 17 ms
[planner_server-4] [INFO] [1790931472.083957695] [planner_server]: Plan computed: 805 poses
[planner_server-4] [INFO] [1790931472.214456702] [planner_server]: Planning took 18 ms
[planner_server-4] [INFO] [1790931472.214824300] [planner_server]: Plan computed: 803 poses
[planner_server-4] [INFO] [1790931472.344277793] [planner_server]: Planning took 18 ms
[planner_server-4] [INFO] [1790931472.344756712] [planner_server]: Plan computed: 801 poses
[planner_server-4] [INFO] [1790931472.476856004] [planner_server]: Planning took 19 ms
[planner_server-4] [INFO] [1790931472.477458534] [planner_server]: Plan computed: 799 poses
[controller_node-5] [WARN] [1790931472.563847420] [controller_server]: path_copy succeeded.
[controller_node-5] [INFO] [1790931472.584155636] [controller_server]: Computed velocity commands: linear.x=-0.17, linear.y=0.68, angular.z=0.00
[planner_server-4] [INFO] [1790931472.604206987] [planner_server]: Planning took 18 ms
[planner_server-4] [INFO] [1790931472.604539483] [planner_server]: Plan computed: 798 poses
[planner_server-4] [INFO] [1790931472.736034759] [planner_server]: Planning took 19 ms
[planner_server-4] [INFO] [1790931472.736384777] [planner_server]: Plan computed: 798 poses
[planner_server-4] [INFO] [1790931472.867783306] [planner_server]: Planning took 21 ms
[planner_server-4] [INFO] [1790931472.868197278] [planner_server]: Plan computed: 796 poses
[planner_server-4] [INFO] [1790931472.992580444] [planner_server]: Planning took 17 ms
[planner_server-4] [INFO] [1790931472.993118027] [planner_server]: Plan computed: 796 poses
[planner_server-4] [INFO] [1790931473.113189123] [planner_server]: Planning took 17 ms
[planner_server-4] [INFO] [1790931473.113815315] [planner_server]: Plan computed: 795 poses
[planner_server-4] [INFO] [1790931473.234326478] [planner_server]: Planning took 18 ms
[planner_server-4] [INFO] [1790931473.234687385] [planner_server]: Plan computed: 794 poses
[planner_server-4] [INFO] [1790931473.364897039] [planner_server]: Planning took 18 ms
[planner_server-4] [INFO] [1790931473.365583489] [planner_server]: Plan computed: 792 poses
[planner_server-4] [INFO] [1790931473.492558686] [planner_server]: Planning took 17 ms
[planner_server-4] [INFO] [1790931473.493144556] [planner_server]: Plan computed: 791 poses
[planner_server-4] [INFO] [1790931473.624930048] [planner_server]: Planning took 18 ms
[planner_server-4] [INFO] [1790931473.625536685] [planner_server]: Plan computed: 791 poses
[planner_server-4] [INFO] [1790931473.757623448] [planner_server]: Planning took 22 ms
[planner_server-4] [INFO] [1790931473.758151054] [planner_server]: Plan computed: 790 poses
[planner_server-4] [INFO] [1790931473.883532394] [planner_server]: Planning took 17 ms
[planner_server-4] [INFO] [1790931473.884154870] [planner_server]: Plan computed: 789 poses
[planner_server-4] [INFO] [1790931474.015619451] [planner_server]: Planning took 18 ms
[planner_server-4] [INFO] [1790931474.016236066] [planner_server]: Plan computed: 788 poses
[planner_server-4] [INFO] [1790931474.144505949] [planner_server]: Planning took 18 ms
[planner_server-4] [INFO] [1790931474.145069930] [planner_server]: Plan computed: 787 poses
[planner_server-4] [INFO] [1790931474.273723250] [planner_server]: Planning took 17 ms
[planner_server-4] [INFO] [1790931474.274292330] [planner_server]: Plan computed: 785 poses
[planner_server-4] [INFO] [1790931474.402835732] [planner_server]: Planning took 17 ms
[planner_server-4] [INFO] [1790931474.403376551] [planner_server]: Plan computed: 785 poses
[planner_server-4] [INFO] [1790931474.532995602] [planner_server]: Planning took 17 ms
[planner_server-4] [INFO] [1790931474.533394066] [planner_server]: Plan computed: 783 poses
[controller_node-5] [WARN] [1790931474.583900480] [controller_server]: path_copy succeeded.
[controller_node-5] [INFO] [1790931474.604875827] [controller_server]: Computed velocity commands: linear.x=-0.48, linear.y=0.98, angular.z=0.00
[planner_server-4] [INFO] [1790931474.654809255] [planner_server]: Planning took 17 ms
[planner_server-4] [INFO] [1790931474.655384416] [planner_server]: Plan computed: 781 poses
[planner_server-4] [INFO] [1790931474.787044123] [planner_server]: Planning took 21 ms
[planner_server-4] [INFO] [1790931474.787566739] [planner_server]: Plan computed: 781 poses
[planner_server-4] [INFO] [1790931474.913054196] [planner_server]: Planning took 16 ms
[planner_server-4] [INFO] [1790931474.913454604] [planner_server]: Plan computed: 779 poses
[planner_server-4] [INFO] [1790931475.033239125] [planner_server]: Planning took 17 ms
[planner_server-4] [INFO] [1790931475.033741675] [planner_server]: Plan computed: 778 poses
[planner_server-4] [INFO] [1790931475.165365696] [planner_server]: Planning took 18 ms
[planner_server-4] [INFO] [1790931475.166557452] [planner_server]: Plan computed: 778 poses
[planner_server-4] [INFO] [1790931475.293532791] [planner_server]: Planning took 17 ms
[planner_server-4] [INFO] [1790931475.293990671] [planner_server]: Plan computed: 775 poses
[planner_server-4] [INFO] [1790931475.424889791] [planner_server]: Planning took 18 ms
[planner_server-4] [INFO] [1790931475.425494044] [planner_server]: Plan computed: 773 poses
[planner_server-4] [INFO] [1790931475.553164598] [planner_server]: Planning took 17 ms
[planner_server-4] [INFO] [1790931475.553495692] [planner_server]: Plan computed: 772 poses
[planner_server-4] [INFO] [1790931475.672931221] [planner_server]: Planning took 17 ms
[planner_server-4] [INFO] [1790931475.673511350] [planner_server]: Plan computed: 771 poses
[planner_server-4] [INFO] [1790931475.804319737] [planner_server]: Planning took 18 ms
[planner_server-4] [INFO] [1790931475.805074219] [planner_server]: Plan computed: 769 poses
[planner_server-4] [INFO] [1790931475.936957532] [planner_server]: Planning took 19 ms
[planner_server-4] [INFO] [1790931475.937626431] [planner_server]: Plan computed: 767 poses
[planner_server-4] [INFO] [1790931476.063140014] [planner_server]: Planning took 17 ms
[planner_server-4] [INFO] [1790931476.063499628] [planner_server]: Plan computed: 767 poses
[planner_server-4] [INFO] [1790931476.194272698] [planner_server]: Planning took 17 ms
[planner_server-4] [INFO] [1790931476.194719157] [planner_server]: Plan computed: 765 poses
[planner_server-4] [INFO] [1790931476.315414290] [planner_server]: Planning took 18 ms
[planner_server-4] [INFO] [1790931476.316263161] [planner_server]: Plan computed: 764 poses
[planner_server-4] [INFO] [1790931476.443627564] [planner_server]: Planning took 17 ms
[planner_server-4] [INFO] [1790931476.444059057] [planner_server]: Plan computed: 762 poses
[planner_server-4] [INFO] [1790931476.562578781] [planner_server]: Planning took 16 ms
[planner_server-4] [INFO] [1790931476.563184046] [planner_server]: Plan computed: 761 poses
[controller_node-5] [WARN] [1790931476.603371610] [controller_server]: path_copy succeeded.
[controller_node-5] [INFO] [1790931476.623619309] [controller_server]: Computed velocity commands: linear.x=0.53, linear.y=0.31, angular.z=0.00
[planner_server-4] [INFO] [1790931476.689711939] [planner_server]: Planning took 22 ms
[planner_server-4] [INFO] [1790931476.690817259] [planner_server]: Plan computed: 760 poses
[planner_server-4] [INFO] [1790931476.813327645] [planner_server]: Planning took 17 ms
[planner_server-4] [INFO] [1790931476.813898177] [planner_server]: Plan computed: 759 poses
[planner_server-4] [INFO] [1790931476.942846011] [planner_server]: Planning took 17 ms
[planner_server-4] [INFO] [1790931476.943278626] [planner_server]: Plan computed: 757 poses
[planner_server-4] [INFO] [1790931477.064481366] [planner_server]: Planning took 18 ms
[planner_server-4] [INFO] [1790931477.064884749] [planner_server]: Plan computed: 755 poses
[planner_server-4] [INFO] [1790931477.192635440] [planner_server]: Planning took 16 ms
[planner_server-4] [INFO] [1790931477.193212293] [planner_server]: Plan computed: 754 poses
[planner_server-4] [INFO] [1790931477.312622750] [planner_server]: Planning took 17 ms
[planner_server-4] [INFO] [1790931477.313078868] [planner_server]: Plan computed: 753 poses
[planner_server-4] [INFO] [1790931477.435347176] [planner_server]: Planning took 17 ms
[planner_server-4] [INFO] [1790931477.435666688] [planner_server]: Plan computed: 751 poses
[planner_server-4] [INFO] [1790931477.562912755] [planner_server]: Planning took 16 ms
[planner_server-4] [INFO] [1790931477.563397383] [planner_server]: Plan computed: 749 poses
[planner_server-4] [INFO] [1790931477.683679953] [planner_server]: Planning took 18 ms
[planner_server-4] [INFO] [1790931477.684297309] [planner_server]: Plan computed: 748 poses
[planner_server-4] [INFO] [1790931477.815336476] [planner_server]: Planning took 17 ms
[planner_server-4] [INFO] [1790931477.816034627] [planner_server]: Plan computed: 747 poses
[planner_server-4] [INFO] [1790931477.944710088] [planner_server]: Planning took 18 ms
[planner_server-4] [INFO] [1790931477.945278887] [planner_server]: Plan computed: 746 poses
[planner_server-4] [INFO] [1790931478.073914024] [planner_server]: Planning took 17 ms
[planner_server-4] [INFO] [1790931478.074255866] [planner_server]: Plan computed: 745 poses
[planner_server-4] [INFO] [1790931478.196180470] [planner_server]: Planning took 17 ms
[planner_server-4] [INFO] [1790931478.197031535] [planner_server]: Plan computed: 745 poses
[planner_server-4] [INFO] [1790931478.322357863] [planner_server]: Planning took 16 ms
[planner_server-4] [INFO] [1790931478.322936069] [planner_server]: Plan computed: 743 poses
[planner_server-4] [INFO] [1790931478.444290165] [planner_server]: Planning took 18 ms
[planner_server-4] [INFO] [1790931478.444604068] [planner_server]: Plan computed: 742 poses
[planner_server-4] [INFO] [1790931478.573592441] [planner_server]: Planning took 16 ms
[planner_server-4] [INFO] [1790931478.573945784] [planner_server]: Plan computed: 740 poses
[controller_node-5] [WARN] [1790931478.623108128] [controller_server]: path_copy succeeded.
[controller_node-5] [INFO] [1790931478.643180999] [controller_server]: Computed velocity commands: linear.x=0.64, linear.y=-0.14, angular.z=0.00
[planner_server-4] [INFO] [1790931478.703443154] [planner_server]: Planning took 17 ms
[planner_server-4] [INFO] [1790931478.703782883] [planner_server]: Plan computed: 740 poses
[planner_server-4] [INFO] [1790931478.823254015] [planner_server]: Planning took 17 ms
[planner_server-4] [INFO] [1790931478.823545297] [planner_server]: Plan computed: 739 poses
[planner_server-4] [INFO] [1790931478.942733628] [planner_server]: Planning took 17 ms
[planner_server-4] [INFO] [1790931478.943198311] [planner_server]: Plan computed: 738 poses
[planner_server-4] [INFO] [1790931479.065183471] [planner_server]: Planning took 19 ms
[planner_server-4] [INFO] [1790931479.065601820] [planner_server]: Plan computed: 737 poses
[planner_server-4] [INFO] [1790931479.193017362] [planner_server]: Planning took 16 ms
[planner_server-4] [INFO] [1790931479.193410526] [planner_server]: Plan computed: 736 poses
[planner_server-4] [INFO] [1790931479.314572035] [planner_server]: Planning took 18 ms
[planner_server-4] [INFO] [1790931479.315094521] [planner_server]: Plan computed: 734 poses
[planner_server-4] [INFO] [1790931479.441397049] [planner_server]: Planning took 15 ms
[planner_server-4] [INFO] [1790931479.441821630] [planner_server]: Plan computed: 734 poses
[planner_server-4] [INFO] [1790931479.561377562] [planner_server]: Planning took 15 ms
[planner_server-4] [INFO] [1790931479.561889099] [planner_server]: Plan computed: 733 poses
[planner_server-4] [INFO] [1790931479.681206784] [planner_server]: Planning took 15 ms
[planner_server-4] [INFO] [1790931479.681851479] [planner_server]: Plan computed: 733 poses
[planner_server-4] [INFO] [1790931479.802043460] [planner_server]: Planning took 16 ms
[planner_server-4] [INFO] [1790931479.802477257] [planner_server]: Plan computed: 732 poses
[planner_server-4] [INFO] [1790931479.920237743] [planner_server]: Planning took 14 ms
[planner_server-4] [INFO] [1790931479.921099858] [planner_server]: Plan computed: 731 poses
[planner_server-4] [INFO] [1790931480.042896360] [planner_server]: Planning took 15 ms
[planner_server-4] [INFO] [1790931480.043476128] [planner_server]: Plan computed: 731 poses
[planner_server-4] [INFO] [1790931480.161464441] [planner_server]: Planning took 15 ms
[planner_server-4] [INFO] [1790931480.161878002] [planner_server]: Plan computed: 729 poses
[planner_server-4] [INFO] [1790931480.281794171] [planner_server]: Planning took 16 ms
[planner_server-4] [INFO] [1790931480.282403728] [planner_server]: Plan computed: 729 poses
[planner_server-4] [INFO] [1790931480.401661022] [planner_server]: Planning took 15 ms
[planner_server-4] [INFO] [1790931480.402224632] [planner_server]: Plan computed: 728 poses
[planner_server-4] [INFO] [1790931480.521428070] [planner_server]: Planning took 15 ms
[planner_server-4] [INFO] [1790931480.521868710] [planner_server]: Plan computed: 726 poses
[controller_node-5] [WARN] [1790931480.624463827] [controller_server]: path_copy succeeded.
[planner_server-4] [INFO] [1790931480.641590195] [planner_server]: Planning took 16 ms
[planner_server-4] [INFO] [1790931480.641982518] [planner_server]: Plan computed: 725 poses
[controller_node-5] [INFO] [1790931480.663253460] [controller_server]: Computed velocity commands: linear.x=1.06, linear.y=-0.44, angular.z=0.00
[planner_server-4] [INFO] [1790931480.762806960] [planner_server]: Planning took 16 ms
[planner_server-4] [INFO] [1790931480.763480487] [planner_server]: Plan computed: 725 poses
[planner_server-4] [INFO] [1790931480.882922913] [planner_server]: Planning took 15 ms
[planner_server-4] [INFO] [1790931480.883508472] [planner_server]: Plan computed: 724 poses
[planner_server-4] [INFO] [1790931481.001528886] [planner_server]: Planning took 15 ms
[planner_server-4] [INFO] [1790931481.001881117] [planner_server]: Plan computed: 722 poses
[planner_server-4] [INFO] [1790931481.122112869] [planner_server]: Planning took 16 ms
[planner_server-4] [INFO] [1790931481.122595473] [planner_server]: Plan computed: 720 poses
[planner_server-4] [INFO] [1790931481.243859146] [planner_server]: Planning took 18 ms
[planner_server-4] [INFO] [1790931481.244764899] [planner_server]: Plan computed: 718 poses
[planner_server-4] [INFO] [1790931481.374204722] [planner_server]: Planning took 17 ms
[planner_server-4] [INFO] [1790931481.374700319] [planner_server]: Plan computed: 717 poses
[planner_server-4] [INFO] [1790931481.501969943] [planner_server]: Planning took 15 ms
[planner_server-4] [INFO] [1790931481.502408649] [planner_server]: Plan computed: 716 poses
[planner_server-4] [INFO] [1790931481.623163473] [planner_server]: Planning took 17 ms
[planner_server-4] [INFO] [1790931481.623427376] [planner_server]: Plan computed: 715 poses
[planner_server-4] [INFO] [1790931481.742372349] [planner_server]: Planning took 16 ms
[planner_server-4] [INFO] [1790931481.742870641] [planner_server]: Plan computed: 715 poses
[planner_server-4] [INFO] [1790931481.861296925] [planner_server]: Planning took 15 ms
[planner_server-4] [INFO] [1790931481.861872626] [planner_server]: Plan computed: 715 poses
[planner_server-4] [INFO] [1790931481.981683739] [planner_server]: Planning took 15 ms
[planner_server-4] [INFO] [1790931481.982223576] [planner_server]: Plan computed: 715 poses
[planner_server-4] [INFO] [1790931482.100714906] [planner_server]: Planning took 15 ms
[planner_server-4] [INFO] [1790931482.101263608] [planner_server]: Plan computed: 714 poses
[planner_server-4] [INFO] [1790931482.221190756] [planner_server]: Planning took 14 ms
[planner_server-4] [INFO] [1790931482.221578812] [planner_server]: Plan computed: 713 poses
[planner_server-4] [INFO] [1790931482.340996238] [planner_server]: Planning took 15 ms
[planner_server-4] [INFO] [1790931482.341384223] [planner_server]: Plan computed: 711 poses
[planner_server-4] [INFO] [1790931482.460888494] [planner_server]: Planning took 15 ms
[planner_server-4] [INFO] [1790931482.461333932] [planner_server]: Plan computed: 711 poses
[planner_server-4] [INFO] [1790931482.583242397] [planner_server]: Planning took 17 ms
[planner_server-4] [INFO] [1790931482.583591322] [planner_server]: Plan computed: 709 poses
[controller_node-5] [WARN] [1790931482.642762955] [controller_server]: path_copy succeeded.
[controller_node-5] [INFO] [1790931482.663420564] [controller_server]: Computed velocity commands: linear.x=-1.05, linear.y=0.27, angular.z=0.00
[planner_server-4] [INFO] [1790931482.701682795] [planner_server]: Planning took 15 ms
[planner_server-4] [INFO] [1790931482.701985427] [planner_server]: Plan computed: 707 poses
[planner_server-4] [INFO] [1790931482.820583356] [planner_server]: Planning took 14 ms
[planner_server-4] [INFO] [1790931482.820975158] [planner_server]: Plan computed: 707 poses
[planner_server-4] [INFO] [1790931482.941113786] [planner_server]: Planning took 14 ms
[planner_server-4] [INFO] [1790931482.941597502] [planner_server]: Plan computed: 706 poses
[planner_server-4] [INFO] [1790931483.063964895] [planner_server]: Planning took 17 ms
[planner_server-4] [INFO] [1790931483.064428846] [planner_server]: Plan computed: 705 poses
[planner_server-4] [INFO] [1790931483.182270026] [planner_server]: Planning took 16 ms
[planner_server-4] [INFO] [1790931483.182968898] [planner_server]: Plan computed: 704 poses
[planner_server-4] [INFO] [1790931483.300787017] [planner_server]: Planning took 14 ms
[planner_server-4] [INFO] [1790931483.301290589] [planner_server]: Plan computed: 703 poses
[planner_server-4] [INFO] [1790931483.422234046] [planner_server]: Planning took 15 ms
[planner_server-4] [INFO] [1790931483.422634122] [planner_server]: Plan computed: 702 poses
[planner_server-4] [INFO] [1790931483.542945016] [planner_server]: Planning took 16 ms
[planner_server-4] [INFO] [1790931483.543199923] [planner_server]: Plan computed: 701 poses
[planner_server-4] [INFO] [1790931483.660477238] [planner_server]: Planning took 14 ms
[planner_server-4] [INFO] [1790931483.660955735] [planner_server]: Plan computed: 700 poses
[planner_server-4] [INFO] [1790931483.782390677] [planner_server]: Planning took 15 ms
[planner_server-4] [INFO] [1790931483.782744952] [planner_server]: Plan computed: 699 poses
[planner_server-4] [INFO] [1790931483.903082994] [planner_server]: Planning took 15 ms
[planner_server-4] [INFO] [1790931483.903428794] [planner_server]: Plan computed: 697 poses
[planner_server-4] [INFO] [1790931484.030508788] [planner_server]: Planning took 15 ms
[planner_server-4] [INFO] [1790931484.030900760] [planner_server]: Plan computed: 695 poses
[planner_server-4] [INFO] [1790931484.150782061] [planner_server]: Planning took 14 ms
[planner_server-4] [INFO] [1790931484.151245772] [planner_server]: Plan computed: 694 poses
[planner_server-4] [INFO] [1790931484.270431553] [planner_server]: Planning took 14 ms
[planner_server-4] [INFO] [1790931484.270787761] [planner_server]: Plan computed: 693 poses
[planner_server-4] [INFO] [1790931484.393228713] [planner_server]: Planning took 16 ms
[planner_server-4] [INFO] [1790931484.393619392] [planner_server]: Plan computed: 692 poses
[planner_server-4] [INFO] [1790931484.512906590] [planner_server]: Planning took 15 ms
[planner_server-4] [INFO] [1790931484.513272486] [planner_server]: Plan computed: 691 poses
[planner_server-4] [INFO] [1790931484.633282609] [planner_server]: Planning took 17 ms
[planner_server-4] [INFO] [1790931484.633544458] [planner_server]: Plan computed: 689 poses
[controller_node-5] [WARN] [1790931484.663068762] [controller_server]: path_copy succeeded.
[controller_node-5] [INFO] [1790931484.683254462] [controller_server]: Computed velocity commands: linear.x=-0.63, linear.y=0.29, angular.z=0.00
[planner_server-4] [INFO] [1790931484.760645610] [planner_server]: Planning took 14 ms
[planner_server-4] [INFO] [1790931484.761082222] [planner_server]: Plan computed: 688 poses
[planner_server-4] [INFO] [1790931484.881659260] [planner_server]: Planning took 15 ms
[planner_server-4] [INFO] [1790931484.882193857] [planner_server]: Plan computed: 687 poses
[planner_server-4] [INFO] [1790931485.000440632] [planner_server]: Planning took 14 ms
[planner_server-4] [INFO] [1790931485.000985137] [planner_server]: Plan computed: 687 poses
[planner_server-4] [INFO] [1790931485.120830371] [planner_server]: Planning took 14 ms
[planner_server-4] [INFO] [1790931485.121354280] [planner_server]: Plan computed: 686 poses
[planner_server-4] [INFO] [1790931485.241790202] [planner_server]: Planning took 15 ms
[planner_server-4] [INFO] [1790931485.242291129] [planner_server]: Plan computed: 686 poses
[planner_server-4] [INFO] [1790931485.363537083] [planner_server]: Planning took 14 ms
[planner_server-4] [INFO] [1790931485.363852788] [planner_server]: Plan computed: 686 poses
[planner_server-4] [INFO] [1790931485.485863951] [planner_server]: Planning took 8 ms
[planner_server-4] [INFO] [1790931485.486051046] [planner_server]: Plan computed: 685 poses
[planner_server-4] [INFO] [1790931485.601601020] [planner_server]: Planning took 5 ms
[planner_server-4] [INFO] [1790931485.601812739] [planner_server]: Plan computed: 683 poses
[planner_server-4] [INFO] [1790931485.711355765] [planner_server]: Planning took 5 ms
[planner_server-4] [INFO] [1790931485.711667573] [planner_server]: Plan computed: 681 poses
[planner_server-4] [INFO] [1790931485.822387267] [planner_server]: Planning took 6 ms
[planner_server-4] [INFO] [1790931485.822533839] [planner_server]: Plan computed: 680 poses
[planner_server-4] [INFO] [1790931485.941460900] [planner_server]: Planning took 15 ms
[planner_server-4] [INFO] [1790931485.941903483] [planner_server]: Plan computed: 678 poses
[planner_server-4] [INFO] [1790931486.060209295] [planner_server]: Planning took 14 ms
[planner_server-4] [INFO] [1790931486.060826630] [planner_server]: Plan computed: 676 poses
[planner_server-4] [INFO] [1790931486.185791991] [planner_server]: Planning took 16 ms
[planner_server-4] [INFO] [1790931486.186236206] [planner_server]: Plan computed: 675 poses
[planner_server-4] [INFO] [1790931486.316190749] [planner_server]: Planning took 16 ms
[planner_server-4] [INFO] [1790931486.316634153] [planner_server]: Plan computed: 674 poses
[planner_server-4] [INFO] [1790931486.440799855] [planner_server]: Planning took 15 ms
[planner_server-4] [INFO] [1790931486.441310529] [planner_server]: Plan computed: 671 poses
[planner_server-4] [INFO] [1790931486.560453604] [planner_server]: Planning took 15 ms
[planner_server-4] [INFO] [1790931486.561074947] [planner_server]: Plan computed: 669 poses
[planner_server-4] [INFO] [1790931486.680871417] [planner_server]: Planning took 14 ms
[planner_server-4] [INFO] [1790931486.681389395] [planner_server]: Plan computed: 667 poses
[controller_node-5] [WARN] [1790931486.682311962] [controller_server]: path_copy succeeded.
[controller_node-5] [INFO] [1790931486.703120668] [controller_server]: Computed velocity commands: linear.x=-0.30, linear.y=1.05, angular.z=0.00
[planner_server-4] [INFO] [1790931486.800909868] [planner_server]: Planning took 14 ms
[planner_server-4] [INFO] [1790931486.801445558] [planner_server]: Plan computed: 665 poses
[planner_server-4] [INFO] [1790931486.924771906] [planner_server]: Planning took 14 ms
[planner_server-4] [INFO] [1790931486.925255542] [planner_server]: Plan computed: 663 poses
[planner_server-4] [INFO] [1790931487.050497785] [planner_server]: Planning took 14 ms
[planner_server-4] [INFO] [1790931487.051204450] [planner_server]: Plan computed: 661 poses
[planner_server-4] [INFO] [1790931487.170151873] [planner_server]: Planning took 14 ms
[planner_server-4] [INFO] [1790931487.171310698] [planner_server]: Plan computed: 659 poses
[planner_server-4] [INFO] [1790931487.294506367] [planner_server]: Planning took 15 ms
[planner_server-4] [INFO] [1790931487.294905662] [planner_server]: Plan computed: 656 poses
[planner_server-4] [INFO] [1790931487.423461440] [planner_server]: Planning took 16 ms
[planner_server-4] [INFO] [1790931487.423858401] [planner_server]: Plan computed: 655 poses
[planner_server-4] [INFO] [1790931487.541773626] [planner_server]: Planning took 15 ms
[planner_server-4] [INFO] [1790931487.542229432] [planner_server]: Plan computed: 653 poses
[planner_server-4] [INFO] [1790931487.661257099] [planner_server]: Planning took 15 ms
[planner_server-4] [INFO] [1790931487.661606584] [planner_server]: Plan computed: 652 poses
[planner_server-4] [INFO] [1790931487.782572992] [planner_server]: Planning took 14 ms
[planner_server-4] [INFO] [1790931487.782796402] [planner_server]: Plan computed: 649 poses
[planner_server-4] [INFO] [1790931487.901621126] [planner_server]: Planning took 14 ms
[planner_server-4] [INFO] [1790931487.902028536] [planner_server]: Plan computed: 649 poses
[planner_server-4] [INFO] [1790931488.023836418] [planner_server]: Planning took 14 ms
[planner_server-4] [INFO] [1790931488.024323279] [planner_server]: Plan computed: 646 poses
[planner_server-4] [INFO] [1790931488.141429904] [planner_server]: Planning took 13 ms
[planner_server-4] [INFO] [1790931488.141943023] [planner_server]: Plan computed: 645 poses
[planner_server-4] [INFO] [1790931488.263594235] [planner_server]: Planning took 15 ms
[planner_server-4] [INFO] [1790931488.264069136] [planner_server]: Plan computed: 644 poses
[planner_server-4] [INFO] [1790931488.391436119] [planner_server]: Planning took 15 ms
[planner_server-4] [INFO] [1790931488.391725868] [planner_server]: Plan computed: 642 poses
[planner_server-4] [INFO] [1790931488.512172005] [planner_server]: Planning took 14 ms
[planner_server-4] [INFO] [1790931488.512490445] [planner_server]: Plan computed: 639 poses
[planner_server-4] [INFO] [1790931488.632942135] [planner_server]: Planning took 14 ms
[planner_server-4] [INFO] [1790931488.633486299] [planner_server]: Plan computed: 639 poses
[controller_node-5] [WARN] [1790931488.683351216] [controller_server]: path_copy succeeded.
[controller_node-5] [INFO] [1790931488.703170771] [controller_server]: Computed velocity commands: linear.x=1.05, linear.y=-0.32, angular.z=0.00
[planner_server-4] [INFO] [1790931488.751719687] [planner_server]: Planning took 14 ms
[planner_server-4] [INFO] [1790931488.752286582] [planner_server]: Plan computed: 639 poses
[planner_server-4] [INFO] [1790931488.874028466] [planner_server]: Planning took 15 ms
[planner_server-4] [INFO] [1790931488.874295654] [planner_server]: Plan computed: 639 poses
[planner_server-4] [INFO] [1790931489.001497073] [planner_server]: Planning took 15 ms
[planner_server-4] [INFO] [1790931489.001942361] [planner_server]: Plan computed: 638 poses
[planner_server-4] [INFO] [1790931489.120788268] [planner_server]: Planning took 15 ms
[planner_server-4] [INFO] [1790931489.121355714] [planner_server]: Plan computed: 638 poses
[planner_server-4] [INFO] [1790931489.241134040] [planner_server]: Planning took 15 ms
[planner_server-4] [INFO] [1790931489.241537583] [planner_server]: Plan computed: 637 poses
[planner_server-4] [INFO] [1790931489.359026521] [planner_server]: Planning took 13 ms
[planner_server-4] [INFO] [1790931489.359458765] [planner_server]: Plan computed: 637 poses
[planner_server-4] [INFO] [1790931489.481985720] [planner_server]: Planning took 14 ms
[planner_server-4] [INFO] [1790931489.482401054] [planner_server]: Plan computed: 636 poses
[planner_server-4] [INFO] [1790931489.600748772] [planner_server]: Planning took 14 ms
[planner_server-4] [INFO] [1790931489.601051604] [planner_server]: Plan computed: 636 poses
[planner_server-4] [INFO] [1790931489.734758087] [planner_server]: Planning took 14 ms
[planner_server-4] [INFO] [1790931489.735310797] [planner_server]: Plan computed: 636 poses
[planner_server-4] [INFO] [1790931489.860802002] [planner_server]: Planning took 15 ms
[planner_server-4] [INFO] [1790931489.861267165] [planner_server]: Plan computed: 636 poses
[planner_server-4] [INFO] [1790931489.982932910] [planner_server]: Planning took 15 ms
[planner_server-4] [INFO] [1790931489.983424109] [planner_server]: Plan computed: 635 poses
[planner_server-4] [INFO] [1790931490.100819350] [planner_server]: Planning took 14 ms
[planner_server-4] [INFO] [1790931490.101373582] [planner_server]: Plan computed: 635 poses
[planner_server-4] [INFO] [1790931490.221608815] [planner_server]: Planning took 15 ms
[planner_server-4] [INFO] [1790931490.222039516] [planner_server]: Plan computed: 635 poses
[planner_server-4] [INFO] [1790931490.342804793] [planner_server]: Planning took 13 ms
[planner_server-4] [INFO] [1790931490.343390952] [planner_server]: Plan computed: 633 poses
[planner_server-4] [INFO] [1790931490.460384256] [planner_server]: Planning took 14 ms
[planner_server-4] [INFO] [1790931490.460761742] [planner_server]: Plan computed: 632 poses
[planner_server-4] [INFO] [1790931490.581627593] [planner_server]: Planning took 15 ms
[planner_server-4] [INFO] [1790931490.582084311] [planner_server]: Plan computed: 631 poses
[controller_node-5] [WARN] [1790931490.702509231] [controller_server]: path_copy succeeded.
[planner_server-4] [INFO] [1790931490.702662037] [planner_server]: Planning took 14 ms
[planner_server-4] [INFO] [1790931490.703287587] [planner_server]: Plan computed: 629 poses
[controller_node-5] [INFO] [1790931490.722384505] [controller_server]: Computed velocity commands: linear.x=-0.69, linear.y=-0.24, angular.z=0.00
[planner_server-4] [INFO] [1790931490.821689408] [planner_server]: Planning took 14 ms
[planner_server-4] [INFO] [1790931490.822273453] [planner_server]: Plan computed: 628 poses
[planner_server-4] [INFO] [1790931490.941517592] [planner_server]: Planning took 14 ms
[planner_server-4] [INFO] [1790931490.942625004] [planner_server]: Plan computed: 626 poses
[planner_server-4] [INFO] [1790931491.060907030] [planner_server]: Planning took 13 ms
[planner_server-4] [INFO] [1790931491.061493580] [planner_server]: Plan computed: 626 poses
[planner_server-4] [INFO] [1790931491.179614060] [planner_server]: Planning took 14 ms
[planner_server-4] [INFO] [1790931491.180139260] [planner_server]: Plan computed: 625 poses
[planner_server-4] [INFO] [1790931491.300420994] [planner_server]: Planning took 14 ms
[planner_server-4] [INFO] [1790931491.301029594] [planner_server]: Plan computed: 621 poses
[planner_server-4] [INFO] [1790931491.419860376] [planner_server]: Planning took 14 ms
[planner_server-4] [INFO] [1790931491.420375037] [planner_server]: Plan computed: 620 poses
[planner_server-4] [INFO] [1790931491.539446289] [planner_server]: Planning took 13 ms
[planner_server-4] [INFO] [1790931491.540024654] [planner_server]: Plan computed: 620 poses
[planner_server-4] [INFO] [1790931491.660678595] [planner_server]: Planning took 14 ms
[planner_server-4] [INFO] [1790931491.661317228] [planner_server]: Plan computed: 618 poses
[planner_server-4] [INFO] [1790931491.781360957] [planner_server]: Planning took 14 ms
[planner_server-4] [INFO] [1790931491.781698811] [planner_server]: Plan computed: 617 poses
[planner_server-4] [INFO] [1790931491.899776780] [planner_server]: Planning took 13 ms
[planner_server-4] [INFO] [1790931491.900088138] [planner_server]: Plan computed: 616 poses
[planner_server-4] [INFO] [1790931492.020753938] [planner_server]: Planning took 14 ms
[planner_server-4] [INFO] [1790931492.021204775] [planner_server]: Plan computed: 615 poses
[planner_server-4] [INFO] [1790931492.142272634] [planner_server]: Planning took 15 ms
[planner_server-4] [INFO] [1790931492.142604669] [planner_server]: Plan computed: 613 poses
[planner_server-4] [INFO] [1790931492.260130408] [planner_server]: Planning took 13 ms
[planner_server-4] [INFO] [1790931492.260545110] [planner_server]: Plan computed: 612 poses
[planner_server-4] [INFO] [1790931492.381349243] [planner_server]: Planning took 14 ms
[planner_server-4] [INFO] [1790931492.381794189] [planner_server]: Plan computed: 612 poses
[planner_server-4] [INFO] [1790931492.499978272] [planner_server]: Planning took 14 ms
[planner_server-4] [INFO] [1790931492.500340270] [planner_server]: Plan computed: 612 poses
[planner_server-4] [INFO] [1790931492.619409392] [planner_server]: Planning took 13 ms
[planner_server-4] [INFO] [1790931492.619769487] [planner_server]: Plan computed: 611 poses
[controller_node-5] [WARN] [1790931492.721879197] [controller_server]: path_copy succeeded.
[planner_server-4] [INFO] [1790931492.740953665] [planner_server]: Planning took 14 ms
[planner_server-4] [INFO] [1790931492.741364580] [planner_server]: Plan computed: 611 poses
[controller_node-5] [INFO] [1790931492.741833329] [controller_server]: Computed velocity commands: linear.x=-0.79, linear.y=-0.60, angular.z=0.00
[planner_server-4] [INFO] [1790931492.859513104] [planner_server]: Planning took 13 ms
[planner_server-4] [INFO] [1790931492.859969912] [planner_server]: Plan computed: 610 poses
[planner_server-4] [INFO] [1790931492.980576996] [planner_server]: Planning took 15 ms
[planner_server-4] [INFO] [1790931492.981007206] [planner_server]: Plan computed: 609 poses
[planner_server-4] [INFO] [1790931493.100063604] [planner_server]: Planning took 14 ms
[planner_server-4] [INFO] [1790931493.100427315] [planner_server]: Plan computed: 607 poses
[planner_server-4] [INFO] [1790931493.219445156] [planner_server]: Planning took 13 ms
[planner_server-4] [INFO] [1790931493.219796725] [planner_server]: Plan computed: 606 poses
[planner_server-4] [INFO] [1790931493.339313687] [planner_server]: Planning took 13 ms
[planner_server-4] [INFO] [1790931493.339841612] [planner_server]: Plan computed: 605 poses
[planner_server-4] [INFO] [1790931493.459949101] [planner_server]: Planning took 14 ms
[planner_server-4] [INFO] [1790931493.460215298] [planner_server]: Plan computed: 602 poses
[planner_server-4] [INFO] [1790931493.580739763] [planner_server]: Planning took 14 ms
[planner_server-4] [INFO] [1790931493.581082967] [planner_server]: Plan computed: 601 poses
[planner_server-4] [INFO] [1790931493.699695140] [planner_server]: Planning took 13 ms
[planner_server-4] [INFO] [1790931493.700028266] [planner_server]: Plan computed: 600 poses
[planner_server-4] [INFO] [1790931493.823976755] [planner_server]: Planning took 14 ms
[planner_server-4] [INFO] [1790931493.824433072] [planner_server]: Plan computed: 599 poses
[planner_server-4] [INFO] [1790931493.949426151] [planner_server]: Planning took 13 ms
[planner_server-4] [INFO] [1790931493.949756743] [planner_server]: Plan computed: 598 poses
[planner_server-4] [INFO] [1790931494.068586929] [planner_server]: Planning took 12 ms
[planner_server-4] [INFO] [1790931494.068860228] [planner_server]: Plan computed: 597 poses
[planner_server-4] [INFO] [1790931494.188938263] [planner_server]: Planning took 13 ms
[planner_server-4] [INFO] [1790931494.189315819] [planner_server]: Plan computed: 595 poses
[planner_server-4] [INFO] [1790931494.308831196] [planner_server]: Planning took 13 ms
[planner_server-4] [INFO] [1790931494.309220674] [planner_server]: Plan computed: 594 poses
[planner_server-4] [INFO] [1790931494.430599838] [planner_server]: Planning took 14 ms
[planner_server-4] [INFO] [1790931494.430936029] [planner_server]: Plan computed: 592 poses
[planner_server-4] [INFO] [1790931494.549508880] [planner_server]: Planning took 13 ms
[planner_server-4] [INFO] [1790931494.549947645] [planner_server]: Plan computed: 592 poses
[planner_server-4] [INFO] [1790931494.668926583] [planner_server]: Planning took 12 ms
[planner_server-4] [INFO] [1790931494.669494189] [planner_server]: Plan computed: 592 poses
[controller_node-5] [WARN] [1790931494.741564896] [controller_server]: path_copy succeeded.
[controller_node-5] [INFO] [1790931494.741931833] [controller_server]: Computed velocity commands: linear.x=-0.88, linear.y=-0.49, angular.z=0.00
[planner_server-4] [INFO] [1790931494.790465182] [planner_server]: Planning took 13 ms
[planner_server-4] [INFO] [1790931494.790894150] [planner_server]: Plan computed: 591 poses
[planner_server-4] [INFO] [1790931494.915249861] [planner_server]: Planning took 13 ms
[planner_server-4] [INFO] [1790931494.915926933] [planner_server]: Plan computed: 590 poses
[planner_server-4] [INFO] [1790931495.040894365] [planner_server]: Planning took 13 ms
[planner_server-4] [INFO] [1790931495.041486345] [planner_server]: Plan computed: 589 poses
[planner_server-4] [INFO] [1790931495.159253472] [planner_server]: Planning took 13 ms
[planner_server-4] [INFO] [1790931495.159705301] [planner_server]: Plan computed: 588 poses
[planner_server-4] [INFO] [1790931495.278885788] [planner_server]: Planning took 13 ms
[planner_server-4] [INFO] [1790931495.279424733] [planner_server]: Plan computed: 586 poses
[planner_server-4] [INFO] [1790931495.398606802] [planner_server]: Planning took 12 ms
[planner_server-4] [INFO] [1790931495.398985921] [planner_server]: Plan computed: 585 poses
[planner_server-4] [INFO] [1790931495.519827350] [planner_server]: Planning took 14 ms
[planner_server-4] [INFO] [1790931495.520493012] [planner_server]: Plan computed: 584 poses
[planner_server-4] [INFO] [1790931495.640287498] [planner_server]: Planning took 14 ms
[planner_server-4] [INFO] [1790931495.640650889] [planner_server]: Plan computed: 583 poses
[planner_server-4] [INFO] [1790931495.760613144] [planner_server]: Planning took 13 ms
[planner_server-4] [INFO] [1790931495.761004765] [planner_server]: Plan computed: 581 poses
[planner_server-4] [INFO] [1790931495.880289779] [planner_server]: Planning took 13 ms
[planner_server-4] [INFO] [1790931495.880648291] [planner_server]: Plan computed: 581 poses
[planner_server-4] [INFO] [1790931495.999767217] [planner_server]: Planning took 13 ms
[planner_server-4] [INFO] [1790931496.000131009] [planner_server]: Plan computed: 580 poses
[planner_server-4] [INFO] [1790931496.118837881] [planner_server]: Planning took 13 ms
[planner_server-4] [INFO] [1790931496.119314945] [planner_server]: Plan computed: 579 poses
[planner_server-4] [INFO] [1790931496.239877098] [planner_server]: Planning took 13 ms
[planner_server-4] [INFO] [1790931496.240352178] [planner_server]: Plan computed: 578 poses
[planner_server-4] [INFO] [1790931496.358869457] [planner_server]: Planning took 12 ms
[planner_server-4] [INFO] [1790931496.359485850] [planner_server]: Plan computed: 577 poses
[planner_server-4] [INFO] [1790931496.480006774] [planner_server]: Planning took 13 ms
[planner_server-4] [INFO] [1790931496.480398606] [planner_server]: Plan computed: 574 poses
[planner_server-4] [INFO] [1790931496.598975621] [planner_server]: Planning took 13 ms
[planner_server-4] [INFO] [1790931496.599381788] [planner_server]: Plan computed: 573 poses
[planner_server-4] [INFO] [1790931496.718549070] [planner_server]: Planning took 12 ms
[planner_server-4] [INFO] [1790931496.718855909] [planner_server]: Plan computed: 572 poses
[controller_node-5] [WARN] [1790931496.761464224] [controller_server]: path_copy succeeded.
[controller_node-5] [INFO] [1790931496.761605628] [controller_server]: Computed velocity commands: linear.x=-1.12, linear.y=0.24, angular.z=0.00
[planner_server-4] [INFO] [1790931496.839105818] [planner_server]: Planning took 13 ms
[planner_server-4] [INFO] [1790931496.839363519] [planner_server]: Plan computed: 571 poses
[planner_server-4] [INFO] [1790931496.963390499] [planner_server]: Planning took 14 ms
[planner_server-4] [INFO] [1790931496.963851925] [planner_server]: Plan computed: 569 poses
[planner_server-4] [INFO] [1790931497.080764134] [planner_server]: Planning took 13 ms
[planner_server-4] [INFO] [1790931497.081337821] [planner_server]: Plan computed: 567 poses
[planner_server-4] [INFO] [1790931497.199106508] [planner_server]: Planning took 13 ms
[planner_server-4] [INFO] [1790931497.199506895] [planner_server]: Plan computed: 565 poses
[planner_server-4] [INFO] [1790931497.319741030] [planner_server]: Planning took 13 ms
[planner_server-4] [INFO] [1790931497.320170258] [planner_server]: Plan computed: 564 poses
[planner_server-4] [INFO] [1790931497.439107232] [planner_server]: Planning took 12 ms
[planner_server-4] [INFO] [1790931497.439710382] [planner_server]: Plan computed: 561 poses
[planner_server-4] [INFO] [1790931497.558157113] [planner_server]: Planning took 12 ms
[planner_server-4] [INFO] [1790931497.558492734] [planner_server]: Plan computed: 559 poses
[planner_server-4] [INFO] [1790931497.679807527] [planner_server]: Planning took 13 ms
[planner_server-4] [INFO] [1790931497.680458913] [planner_server]: Plan computed: 557 poses
[planner_server-4] [INFO] [1790931497.800707228] [planner_server]: Planning took 13 ms
[planner_server-4] [INFO] [1790931497.801235654] [planner_server]: Plan computed: 555 poses
[planner_server-4] [INFO] [1790931497.918967065] [planner_server]: Planning took 12 ms
[planner_server-4] [INFO] [1790931497.919287518] [planner_server]: Plan computed: 553 poses
[planner_server-4] [INFO] [1790931498.038853219] [planner_server]: Planning took 12 ms
[planner_server-4] [INFO] [1790931498.039099069] [planner_server]: Plan computed: 552 poses
[planner_server-4] [INFO] [1790931498.161204216] [planner_server]: Planning took 12 ms
[planner_server-4] [INFO] [1790931498.161440739] [planner_server]: Plan computed: 550 poses
[planner_server-4] [INFO] [1790931498.281495657] [planner_server]: Planning took 13 ms
[planner_server-4] [INFO] [1790931498.281877210] [planner_server]: Plan computed: 550 poses
[planner_server-4] [INFO] [1790931498.398330202] [planner_server]: Planning took 12 ms
[planner_server-4] [INFO] [1790931498.398622084] [planner_server]: Plan computed: 548 poses
[planner_server-4] [INFO] [1790931498.520427445] [planner_server]: Planning took 13 ms
[planner_server-4] [INFO] [1790931498.521496217] [planner_server]: Plan computed: 547 poses
[planner_server-4] [INFO] [1790931498.638994470] [planner_server]: Planning took 12 ms
[planner_server-4] [INFO] [1790931498.639501197] [planner_server]: Plan computed: 546 poses
[planner_server-4] [INFO] [1790931498.758673827] [planner_server]: Planning took 12 ms
[planner_server-4] [INFO] [1790931498.758954980] [planner_server]: Plan computed: 545 poses
[controller_node-5] [WARN] [1790931498.781649492] [controller_server]: path_copy succeeded.
[controller_node-5] [INFO] [1790931498.781919936] [controller_server]: Computed velocity commands: linear.x=0.00, linear.y=0.51, angular.z=0.00
[planner_server-4] [INFO] [1790931498.879594855] [planner_server]: Planning took 13 ms
[planner_server-4] [INFO] [1790931498.879909999] [planner_server]: Plan computed: 543 poses
[planner_server-4] [INFO] [1790931498.998478457] [planner_server]: Planning took 12 ms
[planner_server-4] [INFO] [1790931498.998882490] [planner_server]: Plan computed: 542 poses
[planner_server-4] [INFO] [1790931499.118694603] [planner_server]: Planning took 12 ms
[planner_server-4] [INFO] [1790931499.119227617] [planner_server]: Plan computed: 541 poses
[planner_server-4] [INFO] [1790931499.239299675] [planner_server]: Planning took 12 ms
[planner_server-4] [INFO] [1790931499.240083065] [planner_server]: Plan computed: 541 poses
[planner_server-4] [INFO] [1790931499.359769304] [planner_server]: Planning took 12 ms
[planner_server-4] [INFO] [1790931499.360156497] [planner_server]: Plan computed: 540 poses
[planner_server-4] [INFO] [1790931499.480615607] [planner_server]: Planning took 12 ms
[planner_server-4] [INFO] [1790931499.480821615] [planner_server]: Plan computed: 539 poses
[planner_server-4] [INFO] [1790931499.600298599] [planner_server]: Planning took 11 ms
[planner_server-4] [INFO] [1790931499.600639859] [planner_server]: Plan computed: 538 poses
[planner_server-4] [INFO] [1790931499.720392585] [planner_server]: Planning took 13 ms
[planner_server-4] [INFO] [1790931499.720758149] [planner_server]: Plan computed: 538 poses
[planner_server-4] [INFO] [1790931499.840932741] [planner_server]: Planning took 13 ms
[planner_server-4] [INFO] [1790931499.841510435] [planner_server]: Plan computed: 537 poses
[planner_server-4] [INFO] [1790931499.958712797] [planner_server]: Planning took 12 ms
[planner_server-4] [INFO] [1790931499.959135944] [planner_server]: Plan computed: 536 poses
[planner_server-4] [INFO] [1790931500.079307914] [planner_server]: Planning took 12 ms
[planner_server-4] [INFO] [1790931500.079652821] [planner_server]: Plan computed: 534 poses
[planner_server-4] [INFO] [1790931500.197753831] [planner_server]: Planning took 11 ms
[planner_server-4] [INFO] [1790931500.198280383] [planner_server]: Plan computed: 534 poses
[planner_server-4] [INFO] [1790931500.319472332] [planner_server]: Planning took 13 ms
[planner_server-4] [INFO] [1790931500.320345624] [planner_server]: Plan computed: 533 poses
[planner_server-4] [INFO] [1790931500.437554541] [planner_server]: Planning took 11 ms
[planner_server-4] [INFO] [1790931500.437927128] [planner_server]: Plan computed: 533 poses
[planner_server-4] [INFO] [1790931500.557579463] [planner_server]: Planning took 11 ms
[planner_server-4] [INFO] [1790931500.558018498] [planner_server]: Plan computed: 532 poses
[planner_server-4] [INFO] [1790931500.678466588] [planner_server]: Planning took 12 ms
[planner_server-4] [INFO] [1790931500.678727404] [planner_server]: Plan computed: 531 poses
[planner_server-4] [INFO] [1790931500.799119840] [planner_server]: Planning took 11 ms
[planner_server-4] [INFO] [1790931500.799786573] [planner_server]: Plan computed: 530 poses
[controller_node-5] [WARN] [1790931500.801820643] [controller_server]: path_copy succeeded.
[controller_node-5] [INFO] [1790931500.802271139] [controller_server]: Computed velocity commands: linear.x=-0.05, linear.y=0.80, angular.z=0.00
[planner_server-4] [INFO] [1790931500.918364010] [planner_server]: Planning took 12 ms
[planner_server-4] [INFO] [1790931500.918720157] [planner_server]: Plan computed: 529 poses
[planner_server-4] [INFO] [1790931501.039999901] [planner_server]: Planning took 13 ms
[planner_server-4] [INFO] [1790931501.040587873] [planner_server]: Plan computed: 527 poses
[planner_server-4] [INFO] [1790931501.159858395] [planner_server]: Planning took 12 ms
[planner_server-4] [INFO] [1790931501.160308911] [planner_server]: Plan computed: 527 poses
[planner_server-4] [INFO] [1790931501.279355442] [planner_server]: Planning took 12 ms
[planner_server-4] [INFO] [1790931501.279621358] [planner_server]: Plan computed: 525 poses
[planner_server-4] [INFO] [1790931501.400794965] [planner_server]: Planning took 13 ms
[planner_server-4] [INFO] [1790931501.401197956] [planner_server]: Plan computed: 524 poses
[planner_server-4] [INFO] [1790931501.521142573] [planner_server]: Planning took 12 ms
[planner_server-4] [INFO] [1790931501.521735534] [planner_server]: Plan computed: 522 poses
[planner_server-4] [INFO] [1790931501.637922168] [planner_server]: Planning took 12 ms
[planner_server-4] [INFO] [1790931501.638368978] [planner_server]: Plan computed: 520 poses
[planner_server-4] [INFO] [1790931501.758271189] [planner_server]: Planning took 11 ms
[planner_server-4] [INFO] [1790931501.758831562] [planner_server]: Plan computed: 520 poses
[planner_server-4] [INFO] [1790931501.879543613] [planner_server]: Planning took 13 ms
[planner_server-4] [INFO] [1790931501.880295048] [planner_server]: Plan computed: 518 poses
[planner_server-4] [INFO] [1790931501.998514379] [planner_server]: Planning took 11 ms
[planner_server-4] [INFO] [1790931501.999005628] [planner_server]: Plan computed: 517 poses
[planner_server-4] [INFO] [1790931502.118056596] [planner_server]: Planning took 12 ms
[planner_server-4] [INFO] [1790931502.118690781] [planner_server]: Plan computed: 515 poses
[planner_server-4] [INFO] [1790931502.237840971] [planner_server]: Planning took 11 ms
[planner_server-4] [INFO] [1790931502.238257156] [planner_server]: Plan computed: 513 poses
[planner_server-4] [INFO] [1790931502.357615519] [planner_server]: Planning took 11 ms
[planner_server-4] [INFO] [1790931502.358155305] [planner_server]: Plan computed: 508 poses
[planner_server-4] [INFO] [1790931502.477327369] [planner_server]: Planning took 11 ms
[planner_server-4] [INFO] [1790931502.477716365] [planner_server]: Plan computed: 507 poses
[planner_server-4] [INFO] [1790931502.601115183] [planner_server]: Planning took 12 ms
[planner_server-4] [INFO] [1790931502.601457405] [planner_server]: Plan computed: 506 poses
[planner_server-4] [INFO] [1790931502.718648816] [planner_server]: Planning took 12 ms
[planner_server-4] [INFO] [1790931502.718971724] [planner_server]: Plan computed: 504 poses
[controller_node-5] [WARN] [1790931502.820860116] [controller_server]: path_copy succeeded.
[controller_node-5] [INFO] [1790931502.820990068] [controller_server]: Computed velocity commands: linear.x=0.49, linear.y=0.01, angular.z=0.00
[planner_server-4] [INFO] [1790931502.837813257] [planner_server]: Planning took 11 ms
[planner_server-4] [INFO] [1790931502.838121989] [planner_server]: Plan computed: 502 poses
[planner_server-4] [INFO] [1790931502.960357104] [planner_server]: Planning took 11 ms
[planner_server-4] [INFO] [1790931502.960730132] [planner_server]: Plan computed: 500 poses
[planner_server-4] [INFO] [1790931503.079149773] [planner_server]: Planning took 11 ms
[planner_server-4] [INFO] [1790931503.079564685] [planner_server]: Plan computed: 499 poses
[planner_server-4] [INFO] [1790931503.199149558] [planner_server]: Planning took 11 ms
[planner_server-4] [INFO] [1790931503.199556435] [planner_server]: Plan computed: 497 poses
[planner_server-4] [INFO] [1790931503.317663095] [planner_server]: Planning took 11 ms
[planner_server-4] [INFO] [1790931503.318053133] [planner_server]: Plan computed: 496 poses
[planner_server-4] [INFO] [1790931503.437007617] [planner_server]: Planning took 11 ms
[planner_server-4] [INFO] [1790931503.437444939] [planner_server]: Plan computed: 495 poses
[planner_server-4] [INFO] [1790931503.558481614] [planner_server]: Planning took 11 ms
[planner_server-4] [INFO] [1790931503.558799633] [planner_server]: Plan computed: 494 poses
[planner_server-4] [INFO] [1790931503.677572718] [planner_server]: Planning took 11 ms
[planner_server-4] [INFO] [1790931503.678167352] [planner_server]: Plan computed: 492 poses
[planner_server-4] [INFO] [1790931503.797647588] [planner_server]: Planning took 11 ms
[planner_server-4] [INFO] [1790931503.797950369] [planner_server]: Plan computed: 491 poses
[planner_server-4] [INFO] [1790931503.918429893] [planner_server]: Planning took 12 ms
[planner_server-4] [INFO] [1790931503.918807288] [planner_server]: Plan computed: 491 poses
[planner_server-4] [INFO] [1790931504.036726863] [planner_server]: Planning took 10 ms
[planner_server-4] [INFO] [1790931504.037055782] [planner_server]: Plan computed: 490 poses
[planner_server-4] [INFO] [1790931504.161247971] [planner_server]: Planning took 12 ms
[planner_server-4] [INFO] [1790931504.161510270] [planner_server]: Plan computed: 489 poses
[planner_server-4] [INFO] [1790931504.277600250] [planner_server]: Planning took 11 ms
[planner_server-4] [INFO] [1790931504.277782105] [planner_server]: Plan computed: 487 poses
[planner_server-4] [INFO] [1790931504.396991285] [planner_server]: Planning took 10 ms
[planner_server-4] [INFO] [1790931504.397282626] [planner_server]: Plan computed: 487 poses
[planner_server-4] [INFO] [1790931504.519086558] [planner_server]: Planning took 11 ms
[planner_server-4] [INFO] [1790931504.519489860] [planner_server]: Plan computed: 486 poses
[planner_server-4] [INFO] [1790931504.637723261] [planner_server]: Planning took 11 ms
[planner_server-4] [INFO] [1790931504.638113970] [planner_server]: Plan computed: 485 poses
[planner_server-4] [INFO] [1790931504.759347241] [planner_server]: Planning took 11 ms
[planner_server-4] [INFO] [1790931504.759950440] [planner_server]: Plan computed: 484 poses
[controller_node-5] [WARN] [1790931504.821330023] [controller_server]: path_copy succeeded.
[controller_node-5] [INFO] [1790931504.821561778] [controller_server]: Computed velocity commands: linear.x=-0.28, linear.y=-0.68, angular.z=0.00
[planner_server-4] [INFO] [1790931504.876835300] [planner_server]: Planning took 11 ms
[planner_server-4] [INFO] [1790931504.877424474] [planner_server]: Plan computed: 484 poses
[planner_server-4] [INFO] [1790931504.999208660] [planner_server]: Planning took 10 ms
[planner_server-4] [INFO] [1790931504.999967718] [planner_server]: Plan computed: 482 poses
[planner_server-4] [INFO] [1790931505.119363707] [planner_server]: Planning took 11 ms
[planner_server-4] [INFO] [1790931505.119692886] [planner_server]: Plan computed: 481 poses
[planner_server-4] [INFO] [1790931505.236828466] [planner_server]: Planning took 10 ms
[planner_server-4] [INFO] [1790931505.237397124] [planner_server]: Plan computed: 480 poses
[planner_server-4] [INFO] [1790931505.356948265] [planner_server]: Planning took 10 ms
[planner_server-4] [INFO] [1790931505.357569897] [planner_server]: Plan computed: 480 poses
[planner_server-4] [INFO] [1790931505.477342635] [planner_server]: Planning took 11 ms
[planner_server-4] [INFO] [1790931505.477772273] [planner_server]: Plan computed: 479 poses
[planner_server-4] [INFO] [1790931505.596259522] [planner_server]: Planning took 10 ms
[planner_server-4] [INFO] [1790931505.596605000] [planner_server]: Plan computed: 478 poses
[planner_server-4] [INFO] [1790931505.717532130] [planner_server]: Planning took 11 ms
[planner_server-4] [INFO] [1790931505.717791364] [planner_server]: Plan computed: 477 poses
[planner_server-4] [INFO] [1790931505.838058127] [planner_server]: Planning took 12 ms
[planner_server-4] [INFO] [1790931505.838387617] [planner_server]: Plan computed: 476 poses
[planner_server-4] [INFO] [1790931505.957131644] [planner_server]: Planning took 11 ms
[planner_server-4] [INFO] [1790931505.957577702] [planner_server]: Plan computed: 475 poses
[planner_server-4] [INFO] [1790931506.076116666] [planner_server]: Planning took 10 ms
[planner_server-4] [INFO] [1790931506.076676989] [planner_server]: Plan computed: 475 poses
[planner_server-4] [INFO] [1790931506.197968423] [planner_server]: Planning took 10 ms
[planner_server-4] [INFO] [1790931506.198280010] [planner_server]: Plan computed: 474 poses
[planner_server-4] [INFO] [1790931506.317223494] [planner_server]: Planning took 10 ms
[planner_server-4] [INFO] [1790931506.317503084] [planner_server]: Plan computed: 472 poses
[planner_server-4] [INFO] [1790931506.437896418] [planner_server]: Planning took 12 ms
[planner_server-4] [INFO] [1790931506.438433128] [planner_server]: Plan computed: 471 poses
[planner_server-4] [INFO] [1790931506.556471225] [planner_server]: Planning took 10 ms
[planner_server-4] [INFO] [1790931506.556834284] [planner_server]: Plan computed: 470 poses
[planner_server-4] [INFO] [1790931506.676603325] [planner_server]: Planning took 10 ms
[planner_server-4] [INFO] [1790931506.677237299] [planner_server]: Plan computed: 469 poses
[planner_server-4] [INFO] [1790931506.797305244] [planner_server]: Planning took 10 ms
[planner_server-4] [INFO] [1790931506.797606743] [planner_server]: Plan computed: 467 poses
[controller_node-5] [WARN] [1790931506.840542627] [controller_server]: path_copy succeeded.
[controller_node-5] [INFO] [1790931506.840989506] [controller_server]: Computed velocity commands: linear.x=-0.36, linear.y=0.43, angular.z=0.00
[planner_server-4] [INFO] [1790931506.917689585] [planner_server]: Planning took 12 ms
[planner_server-4] [INFO] [1790931506.918190271] [planner_server]: Plan computed: 467 poses
[planner_server-4] [INFO] [1790931507.038974383] [planner_server]: Planning took 11 ms
[planner_server-4] [INFO] [1790931507.039271284] [planner_server]: Plan computed: 465 poses
[planner_server-4] [INFO] [1790931507.156969606] [planner_server]: Planning took 11 ms
[planner_server-4] [INFO] [1790931507.157294978] [planner_server]: Plan computed: 464 poses
[planner_server-4] [INFO] [1790931507.276664869] [planner_server]: Planning took 10 ms
[planner_server-4] [INFO] [1790931507.277130071] [planner_server]: Plan computed: 463 poses
[planner_server-4] [INFO] [1790931507.397357000] [planner_server]: Planning took 10 ms
[planner_server-4] [INFO] [1790931507.397617586] [planner_server]: Plan computed: 461 poses
[planner_server-4] [INFO] [1790931507.519496149] [planner_server]: Planning took 11 ms
[planner_server-4] [INFO] [1790931507.519971259] [planner_server]: Plan computed: 460 poses
[planner_server-4] [INFO] [1790931507.637879481] [planner_server]: Planning took 10 ms
[planner_server-4] [INFO] [1790931507.638311323] [planner_server]: Plan computed: 459 poses
[planner_server-4] [INFO] [1790931507.756132188] [planner_server]: Planning took 10 ms
[planner_server-4] [INFO] [1790931507.756652239] [planner_server]: Plan computed: 458 poses
[planner_server-4] [INFO] [1790931507.877637203] [planner_server]: Planning took 11 ms
[planner_server-4] [INFO] [1790931507.878001756] [planner_server]: Plan computed: 456 poses
[planner_server-4] [INFO] [1790931508.000044598] [planner_server]: Planning took 13 ms
[planner_server-4] [INFO] [1790931508.000596916] [planner_server]: Plan computed: 455 poses
[planner_server-4] [INFO] [1790931508.117207161] [planner_server]: Planning took 11 ms
[planner_server-4] [INFO] [1790931508.117532723] [planner_server]: Plan computed: 454 poses
[planner_server-4] [INFO] [1790931508.238898238] [planner_server]: Planning took 10 ms
[planner_server-4] [INFO] [1790931508.239409924] [planner_server]: Plan computed: 453 poses
[planner_server-4] [INFO] [1790931508.357037448] [planner_server]: Planning took 10 ms
[planner_server-4] [INFO] [1790931508.357312289] [planner_server]: Plan computed: 452 poses
[planner_server-4] [INFO] [1790931508.476918914] [planner_server]: Planning took 11 ms
[planner_server-4] [INFO] [1790931508.477444063] [planner_server]: Plan computed: 450 poses
[planner_server-4] [INFO] [1790931508.596792391] [planner_server]: Planning took 11 ms
[planner_server-4] [INFO] [1790931508.597173452] [planner_server]: Plan computed: 449 poses
[planner_server-4] [INFO] [1790931508.716683108] [planner_server]: Planning took 10 ms
[planner_server-4] [INFO] [1790931508.717044484] [planner_server]: Plan computed: 448 poses
[planner_server-4] [INFO] [1790931508.837415000] [planner_server]: Planning took 10 ms
[planner_server-4] [INFO] [1790931508.837707804] [planner_server]: Plan computed: 447 poses
[controller_node-5] [WARN] [1790931508.842113608] [controller_server]: path_copy succeeded.
[controller_node-5] [INFO] [1790931508.842275238] [controller_server]: Computed velocity commands: linear.x=0.54, linear.y=0.43, angular.z=0.00
[planner_server-4] [INFO] [1790931508.956983151] [planner_server]: Planning took 10 ms
[planner_server-4] [INFO] [1790931508.957238467] [planner_server]: Plan computed: 447 poses
[planner_server-4] [INFO] [1790931509.077084007] [planner_server]: Planning took 10 ms
[planner_server-4] [INFO] [1790931509.077433271] [planner_server]: Plan computed: 445 poses
[planner_server-4] [INFO] [1790931509.201139493] [planner_server]: Planning took 10 ms
[planner_server-4] [INFO] [1790931509.201619311] [planner_server]: Plan computed: 443 poses
[planner_server-4] [INFO] [1790931509.324398614] [planner_server]: Planning took 17 ms
[planner_server-4] [INFO] [1790931509.324998227] [planner_server]: Plan computed: 443 poses
[planner_server-4] [INFO] [1790931509.447783331] [planner_server]: Planning took 10 ms
[planner_server-4] [INFO] [1790931509.448271073] [planner_server]: Plan computed: 442 poses
[planner_server-4] [INFO] [1790931509.566408174] [planner_server]: Planning took 10 ms
[planner_server-4] [INFO] [1790931509.567024867] [planner_server]: Plan computed: 441 poses
[planner_server-4] [INFO] [1790931509.686683529] [planner_server]: Planning took 10 ms
[planner_server-4] [INFO] [1790931509.687454718] [planner_server]: Plan computed: 440 poses
[planner_server-4] [INFO] [1790931509.806348052] [planner_server]: Planning took 10 ms
[planner_server-4] [INFO] [1790931509.806646866] [planner_server]: Plan computed: 439 poses
[planner_server-4] [INFO] [1790931509.925857768] [planner_server]: Planning took 10 ms
[planner_server-4] [INFO] [1790931509.926236916] [planner_server]: Plan computed: 438 poses
[planner_server-4] [INFO] [1790931510.047669124] [planner_server]: Planning took 11 ms
[planner_server-4] [INFO] [1790931510.048237961] [planner_server]: Plan computed: 437 poses
[planner_server-4] [INFO] [1790931510.166318123] [planner_server]: Planning took 10 ms
[planner_server-4] [INFO] [1790931510.166641611] [planner_server]: Plan computed: 435 poses
[planner_server-4] [INFO] [1790931510.286757546] [planner_server]: Planning took 10 ms
[planner_server-4] [INFO] [1790931510.286973572] [planner_server]: Plan computed: 435 poses
[planner_server-4] [INFO] [1790931510.406317968] [planner_server]: Planning took 10 ms
[planner_server-4] [INFO] [1790931510.406611683] [planner_server]: Plan computed: 433 poses
[planner_server-4] [INFO] [1790931510.528410012] [planner_server]: Planning took 10 ms
[planner_server-4] [INFO] [1790931510.528788458] [planner_server]: Plan computed: 433 poses
[planner_server-4] [INFO] [1790931510.645990202] [planner_server]: Planning took 10 ms
[planner_server-4] [INFO] [1790931510.646378376] [planner_server]: Plan computed: 432 poses
[planner_server-4] [INFO] [1790931510.766868259] [planner_server]: Planning took 11 ms
[planner_server-4] [INFO] [1790931510.767391455] [planner_server]: Plan computed: 430 poses
[controller_node-5] [WARN] [1790931510.860064305] [controller_server]: path_copy succeeded.
[controller_node-5] [INFO] [1790931510.860237325] [controller_server]: Computed velocity commands: linear.x=0.41, linear.y=-1.07, angular.z=0.00
[planner_server-4] [INFO] [1790931510.886486700] [planner_server]: Planning took 10 ms
[planner_server-4] [INFO] [1790931510.886844410] [planner_server]: Plan computed: 430 poses
[planner_server-4] [INFO] [1790931511.008800540] [planner_server]: Planning took 10 ms
[planner_server-4] [INFO] [1790931511.009355232] [planner_server]: Plan computed: 430 poses
[planner_server-4] [INFO] [1790931511.128330190] [planner_server]: Planning took 10 ms
[planner_server-4] [INFO] [1790931511.128769105] [planner_server]: Plan computed: 429 poses
[planner_server-4] [INFO] [1790931511.247711426] [planner_server]: Planning took 11 ms
[planner_server-4] [INFO] [1790931511.248138359] [planner_server]: Plan computed: 429 poses
[planner_server-4] [INFO] [1790931511.366208165] [planner_server]: Planning took 9 ms
[planner_server-4] [INFO] [1790931511.366568379] [planner_server]: Plan computed: 428 poses
[planner_server-4] [INFO] [1790931511.485493774] [planner_server]: Planning took 9 ms
[planner_server-4] [INFO] [1790931511.485900081] [planner_server]: Plan computed: 427 poses
[planner_server-4] [INFO] [1790931511.605556428] [planner_server]: Planning took 9 ms
[planner_server-4] [INFO] [1790931511.606011873] [planner_server]: Plan computed: 426 poses
[planner_server-4] [INFO] [1790931511.725541514] [planner_server]: Planning took 9 ms
[planner_server-4] [INFO] [1790931511.726023867] [planner_server]: Plan computed: 426 poses
[planner_server-4] [INFO] [1790931511.847411201] [planner_server]: Planning took 10 ms
[planner_server-4] [INFO] [1790931511.847871434] [planner_server]: Plan computed: 425 poses
[planner_server-4] [INFO] [1790931511.966200628] [planner_server]: Planning took 10 ms
[planner_server-4] [INFO] [1790931511.966498982] [planner_server]: Plan computed: 423 poses
[planner_server-4] [INFO] [1790931512.079662761] [planner_server]: Planning took 9 ms
[planner_server-4] [INFO] [1790931512.080093482] [planner_server]: Plan computed: 422 poses
[planner_server-4] [INFO] [1790931512.195755085] [planner_server]: Planning took 9 ms
[planner_server-4] [INFO] [1790931512.196355469] [planner_server]: Plan computed: 422 poses
[planner_server-4] [INFO] [1790931512.316356093] [planner_server]: Planning took 10 ms
[planner_server-4] [INFO] [1790931512.316822006] [planner_server]: Plan computed: 421 poses
[planner_server-4] [INFO] [1790931512.436291810] [planner_server]: Planning took 10 ms
[planner_server-4] [INFO] [1790931512.436557145] [planner_server]: Plan computed: 419 poses
[planner_server-4] [INFO] [1790931512.555807126] [planner_server]: Planning took 9 ms
[planner_server-4] [INFO] [1790931512.556313191] [planner_server]: Plan computed: 417 poses
[planner_server-4] [INFO] [1790931512.676980537] [planner_server]: Planning took 9 ms
[planner_server-4] [INFO] [1790931512.677253745] [planner_server]: Plan computed: 417 poses
[planner_server-4] [INFO] [1790931512.796701149] [planner_server]: Planning took 11 ms
[planner_server-4] [INFO] [1790931512.797165780] [planner_server]: Plan computed: 415 poses
[controller_node-5] [WARN] [1790931512.879543634] [controller_server]: path_copy succeeded.
[controller_node-5] [INFO] [1790931512.879818285] [controller_server]: Computed velocity commands: linear.x=-0.59, linear.y=0.67, angular.z=0.00
[planner_server-4] [INFO] [1790931512.916245798] [planner_server]: Planning took 10 ms
[planner_server-4] [INFO] [1790931512.916617072] [planner_server]: Plan computed: 413 poses
[planner_server-4] [INFO] [1790931513.035676609] [planner_server]: Planning took 9 ms
[planner_server-4] [INFO] [1790931513.036137353] [planner_server]: Plan computed: 413 poses
[planner_server-4] [INFO] [1790931513.156340840] [planner_server]: Planning took 10 ms
[planner_server-4] [INFO] [1790931513.156664338] [planner_server]: Plan computed: 412 poses
[planner_server-4] [INFO] [1790931513.277043348] [planner_server]: Planning took 11 ms
[planner_server-4] [INFO] [1790931513.277317388] [planner_server]: Plan computed: 412 poses
[planner_server-4] [INFO] [1790931513.396534821] [planner_server]: Planning took 10 ms
[planner_server-4] [INFO] [1790931513.396856988] [planner_server]: Plan computed: 410 poses
[planner_server-4] [INFO] [1790931513.518062496] [planner_server]: Planning took 9 ms
[planner_server-4] [INFO] [1790931513.518327219] [planner_server]: Plan computed: 409 poses
[planner_server-4] [INFO] [1790931513.636373499] [planner_server]: Planning took 9 ms
[planner_server-4] [INFO] [1790931513.636860329] [planner_server]: Plan computed: 407 poses
[planner_server-4] [INFO] [1790931513.756834846] [planner_server]: Planning took 10 ms
[planner_server-4] [INFO] [1790931513.757346231] [planner_server]: Plan computed: 406 poses
[planner_server-4] [INFO] [1790931513.881117417] [planner_server]: Planning took 12 ms
[planner_server-4] [INFO] [1790931513.881551213] [planner_server]: Plan computed: 405 poses
[planner_server-4] [INFO] [1790931513.997013151] [planner_server]: Planning took 10 ms
[planner_server-4] [INFO] [1790931513.997478553] [planner_server]: Plan computed: 403 poses
[planner_server-4] [INFO] [1790931514.117184085] [planner_server]: Planning took 9 ms
[planner_server-4] [INFO] [1790931514.117693636] [planner_server]: Plan computed: 402 poses
[planner_server-4] [INFO] [1790931514.236546041] [planner_server]: Planning took 10 ms
[planner_server-4] [INFO] [1790931514.236891128] [planner_server]: Plan computed: 402 poses
[planner_server-4] [INFO] [1790931514.356557334] [planner_server]: Planning took 9 ms
[planner_server-4] [INFO] [1790931514.357008681] [planner_server]: Plan computed: 401 poses
[planner_server-4] [INFO] [1790931514.476956240] [planner_server]: Planning took 10 ms
[planner_server-4] [INFO] [1790931514.477271674] [planner_server]: Plan computed: 400 poses
[planner_server-4] [INFO] [1790931514.597017051] [planner_server]: Planning took 9 ms
[planner_server-4] [INFO] [1790931514.597461436] [planner_server]: Plan computed: 399 poses
[planner_server-4] [INFO] [1790931514.723932420] [planner_server]: Planning took 12 ms
[planner_server-4] [INFO] [1790931514.724416034] [planner_server]: Plan computed: 397 poses
[planner_server-4] [INFO] [1790931514.846040270] [planner_server]: Planning took 10 ms
[planner_server-4] [INFO] [1790931514.846379297] [planner_server]: Plan computed: 395 poses
[controller_node-5] [WARN] [1790931514.880764370] [controller_server]: path_copy succeeded.
[controller_node-5] [INFO] [1790931514.880954901] [controller_server]: Computed velocity commands: linear.x=-0.25, linear.y=0.89, angular.z=0.00
[planner_server-4] [INFO] [1790931514.966158064] [planner_server]: Planning took 10 ms
[planner_server-4] [INFO] [1790931514.966421815] [planner_server]: Plan computed: 393 poses
[planner_server-4] [INFO] [1790931515.086013992] [planner_server]: Planning took 10 ms
[planner_server-4] [INFO] [1790931515.086450513] [planner_server]: Plan computed: 390 poses
[planner_server-4] [INFO] [1790931515.206743520] [planner_server]: Planning took 9 ms
[planner_server-4] [INFO] [1790931515.207124441] [planner_server]: Plan computed: 389 poses
[planner_server-4] [INFO] [1790931515.329211706] [planner_server]: Planning took 10 ms
[planner_server-4] [INFO] [1790931515.329658785] [planner_server]: Plan computed: 387 poses
[planner_server-4] [INFO] [1790931515.445892334] [planner_server]: Planning took 9 ms
[planner_server-4] [INFO] [1790931515.446398529] [planner_server]: Plan computed: 386 poses
[planner_server-4] [INFO] [1790931515.561171016] [planner_server]: Planning took 9 ms
[planner_server-4] [INFO] [1790931515.561375572] [planner_server]: Plan computed: 384 poses
[planner_server-4] [INFO] [1790931515.677221296] [planner_server]: Planning took 9 ms
[planner_server-4] [INFO] [1790931515.677819445] [planner_server]: Plan computed: 382 poses
[planner_server-4] [INFO] [1790931515.794700762] [planner_server]: Planning took 8 ms
[planner_server-4] [INFO] [1790931515.795256857] [planner_server]: Plan computed: 381 poses
[planner_server-4] [INFO] [1790931515.914971430] [planner_server]: Planning took 9 ms
[planner_server-4] [INFO] [1790931515.915287815] [planner_server]: Plan computed: 379 poses
[planner_server-4] [INFO] [1790931516.036155186] [planner_server]: Planning took 10 ms
[planner_server-4] [INFO] [1790931516.036452818] [planner_server]: Plan computed: 379 poses
[planner_server-4] [INFO] [1790931516.156082880] [planner_server]: Planning took 9 ms
[planner_server-4] [INFO] [1790931516.156479630] [planner_server]: Plan computed: 376 poses
[planner_server-4] [INFO] [1790931516.274769535] [planner_server]: Planning took 8 ms
[planner_server-4] [INFO] [1790931516.275259581] [planner_server]: Plan computed: 375 poses
[planner_server-4] [INFO] [1790931516.396229258] [planner_server]: Planning took 9 ms
[planner_server-4] [INFO] [1790931516.396752083] [planner_server]: Plan computed: 374 poses
[planner_server-4] [INFO] [1790931516.514370117] [planner_server]: Planning took 9 ms
[planner_server-4] [INFO] [1790931516.514917265] [planner_server]: Plan computed: 372 poses
[planner_server-4] [INFO] [1790931516.635059432] [planner_server]: Planning took 9 ms
[planner_server-4] [INFO] [1790931516.635351004] [planner_server]: Plan computed: 371 poses
[planner_server-4] [INFO] [1790931516.754399916] [planner_server]: Planning took 8 ms
[planner_server-4] [INFO] [1790931516.754729365] [planner_server]: Plan computed: 370 poses
[planner_server-4] [INFO] [1790931516.867140710] [planner_server]: Planning took 9 ms
[planner_server-4] [INFO] [1790931516.867567873] [planner_server]: Plan computed: 369 poses
[controller_node-5] [WARN] [1790931516.899162052] [controller_server]: path_copy succeeded.
[controller_node-5] [INFO] [1790931516.899327718] [controller_server]: Computed velocity commands: linear.x=0.14, linear.y=0.95, angular.z=0.00
[planner_server-4] [INFO] [1790931516.984464667] [planner_server]: Planning took 8 ms
[planner_server-4] [INFO] [1790931516.984839998] [planner_server]: Plan computed: 368 poses
[planner_server-4] [INFO] [1790931517.104745224] [planner_server]: Planning took 8 ms
[planner_server-4] [INFO] [1790931517.105199216] [planner_server]: Plan computed: 368 poses
[planner_server-4] [INFO] [1790931517.225248547] [planner_server]: Planning took 9 ms
[planner_server-4] [INFO] [1790931517.225731881] [planner_server]: Plan computed: 366 poses
[planner_server-4] [INFO] [1790931517.345298990] [planner_server]: Planning took 9 ms
[planner_server-4] [INFO] [1790931517.345559025] [planner_server]: Plan computed: 366 poses
[planner_server-4] [INFO] [1790931517.467314928] [planner_server]: Planning took 9 ms
[planner_server-4] [INFO] [1790931517.467768890] [planner_server]: Plan computed: 365 poses
[planner_server-4] [INFO] [1790931517.585495048] [planner_server]: Planning took 8 ms
[planner_server-4] [INFO] [1790931517.585703681] [planner_server]: Plan computed: 365 poses
[planner_server-4] [INFO] [1790931517.705493148] [planner_server]: Planning took 9 ms
[planner_server-4] [INFO] [1790931517.705952810] [planner_server]: Plan computed: 363 poses
[planner_server-4] [INFO] [1790931517.826492719] [planner_server]: Planning took 10 ms
[planner_server-4] [INFO] [1790931517.826846742] [planner_server]: Plan computed: 362 poses
[planner_server-4] [INFO] [1790931517.944878457] [planner_server]: Planning took 8 ms
[planner_server-4] [INFO] [1790931517.945402454] [planner_server]: Plan computed: 361 poses
[planner_server-4] [INFO] [1790931518.064647582] [planner_server]: Planning took 8 ms
[planner_server-4] [INFO] [1790931518.065136877] [planner_server]: Plan computed: 360 poses
[planner_server-4] [INFO] [1790931518.185818347] [planner_server]: Planning took 9 ms
[planner_server-4] [INFO] [1790931518.186062263] [planner_server]: Plan computed: 358 poses
[planner_server-4] [INFO] [1790931518.307203568] [planner_server]: Planning took 9 ms
[planner_server-4] [INFO] [1790931518.307721614] [planner_server]: Plan computed: 357 poses
[planner_server-4] [INFO] [1790931518.425429392] [planner_server]: Planning took 9 ms
[planner_server-4] [INFO] [1790931518.426011443] [planner_server]: Plan computed: 356 poses
[planner_server-4] [INFO] [1790931518.546739608] [planner_server]: Planning took 8 ms
[planner_server-4] [INFO] [1790931518.547188200] [planner_server]: Plan computed: 355 poses
[planner_server-4] [INFO] [1790931518.663954022] [planner_server]: Planning took 8 ms
[planner_server-4] [INFO] [1790931518.664364656] [planner_server]: Plan computed: 354 poses
[planner_server-4] [INFO] [1790931518.774576231] [planner_server]: Planning took 8 ms
[planner_server-4] [INFO] [1790931518.775025544] [planner_server]: Plan computed: 353 poses
[planner_server-4] [INFO] [1790931518.895273261] [planner_server]: Planning took 9 ms
[planner_server-4] [INFO] [1790931518.895593985] [planner_server]: Plan computed: 351 poses
[controller_node-5] [WARN] [1790931518.918943188] [controller_server]: path_copy succeeded.
[controller_node-5] [INFO] [1790931518.919186343] [controller_server]: Computed velocity commands: linear.x=0.80, linear.y=-0.20, angular.z=0.00
[planner_server-4] [INFO] [1790931519.014667646] [planner_server]: Planning took 8 ms
[planner_server-4] [INFO] [1790931519.015081446] [planner_server]: Plan computed: 351 poses
[planner_server-4] [INFO] [1790931519.134375974] [planner_server]: Planning took 8 ms
[planner_server-4] [INFO] [1790931519.134706425] [planner_server]: Plan computed: 351 poses
[planner_server-4] [INFO] [1790931519.254811798] [planner_server]: Planning took 8 ms
[planner_server-4] [INFO] [1790931519.255395181] [planner_server]: Plan computed: 351 poses
[planner_server-4] [INFO] [1790931519.374404044] [planner_server]: Planning took 8 ms
[planner_server-4] [INFO] [1790931519.374708578] [planner_server]: Plan computed: 351 poses
[planner_server-4] [INFO] [1790931519.495154921] [planner_server]: Planning took 8 ms
[planner_server-4] [INFO] [1790931519.495463723] [planner_server]: Plan computed: 350 poses
[planner_server-4] [INFO] [1790931519.614968592] [planner_server]: Planning took 8 ms
[planner_server-4] [INFO] [1790931519.615478654] [planner_server]: Plan computed: 350 poses
[planner_server-4] [INFO] [1790931519.734009902] [planner_server]: Planning took 8 ms
[planner_server-4] [INFO] [1790931519.734383981] [planner_server]: Plan computed: 349 poses
[planner_server-4] [INFO] [1790931519.854803501] [planner_server]: Planning took 8 ms
[planner_server-4] [INFO] [1790931519.855167201] [planner_server]: Plan computed: 349 poses
[planner_server-4] [INFO] [1790931519.975619038] [planner_server]: Planning took 8 ms
[planner_server-4] [INFO] [1790931519.976120565] [planner_server]: Plan computed: 347 poses
[planner_server-4] [INFO] [1790931520.094414812] [planner_server]: Planning took 7 ms
[planner_server-4] [INFO] [1790931520.094654671] [planner_server]: Plan computed: 347 poses
[planner_server-4] [INFO] [1790931520.216832629] [planner_server]: Planning took 8 ms
[planner_server-4] [INFO] [1790931520.217334156] [planner_server]: Plan computed: 346 poses
[planner_server-4] [INFO] [1790931520.334723133] [planner_server]: Planning took 7 ms
[planner_server-4] [INFO] [1790931520.335339455] [planner_server]: Plan computed: 345 poses
[planner_server-4] [INFO] [1790931520.455423491] [planner_server]: Planning took 8 ms
[planner_server-4] [INFO] [1790931520.455720441] [planner_server]: Plan computed: 344 poses
[planner_server-4] [INFO] [1790931520.573688194] [planner_server]: Planning took 8 ms
[planner_server-4] [INFO] [1790931520.574194258] [planner_server]: Plan computed: 344 poses
[planner_server-4] [INFO] [1790931520.696588564] [planner_server]: Planning took 7 ms
[planner_server-4] [INFO] [1790931520.697019324] [planner_server]: Plan computed: 342 poses
[planner_server-4] [INFO] [1790931520.815804107] [planner_server]: Planning took 8 ms
[planner_server-4] [INFO] [1790931520.816665687] [planner_server]: Plan computed: 342 poses
[planner_server-4] [INFO] [1790931520.934703885] [planner_server]: Planning took 8 ms
[planner_server-4] [INFO] [1790931520.935203558] [planner_server]: Plan computed: 340 poses
[controller_node-5] [WARN] [1790931520.939251802] [controller_server]: path_copy succeeded.
[controller_node-5] [INFO] [1790931520.939458672] [controller_server]: Computed velocity commands: linear.x=-0.55, linear.y=-0.44, angular.z=0.00
[planner_server-4] [INFO] [1790931521.053318098] [planner_server]: Planning took 7 ms
[planner_server-4] [INFO] [1790931521.053659669] [planner_server]: Plan computed: 339 poses
[planner_server-4] [INFO] [1790931521.165480895] [planner_server]: Planning took 7 ms
[planner_server-4] [INFO] [1790931521.165892430] [planner_server]: Plan computed: 338 poses
[planner_server-4] [INFO] [1790931521.283206645] [planner_server]: Planning took 7 ms
[planner_server-4] [INFO] [1790931521.283514435] [planner_server]: Plan computed: 337 poses
[planner_server-4] [INFO] [1790931521.395068904] [planner_server]: Planning took 8 ms
[planner_server-4] [INFO] [1790931521.395377606] [planner_server]: Plan computed: 336 poses
[planner_server-4] [INFO] [1790931521.514174220] [planner_server]: Planning took 7 ms
[planner_server-4] [INFO] [1790931521.514450063] [planner_server]: Plan computed: 335 poses
[planner_server-4] [INFO] [1790931521.623424701] [planner_server]: Planning took 7 ms
[planner_server-4] [INFO] [1790931521.623967471] [planner_server]: Plan computed: 334 poses
[planner_server-4] [INFO] [1790931521.733394612] [planner_server]: Planning took 7 ms
[planner_server-4] [INFO] [1790931521.733636475] [planner_server]: Plan computed: 333 poses
[planner_server-4] [INFO] [1790931521.842622808] [planner_server]: Planning took 7 ms
[planner_server-4] [INFO] [1790931521.843240322] [planner_server]: Plan computed: 331 poses
[planner_server-4] [INFO] [1790931521.953217151] [planner_server]: Planning took 6 ms
[planner_server-4] [INFO] [1790931521.953540168] [planner_server]: Plan computed: 330 poses
[planner_server-4] [INFO] [1790931522.063526700] [planner_server]: Planning took 7 ms
[planner_server-4] [INFO] [1790931522.064014752] [planner_server]: Plan computed: 329 poses
[planner_server-4] [INFO] [1790931522.184146725] [planner_server]: Planning took 6 ms
[planner_server-4] [INFO] [1790931522.184540959] [planner_server]: Plan computed: 328 poses
[planner_server-4] [INFO] [1790931522.303119490] [planner_server]: Planning took 7 ms
[planner_server-4] [INFO] [1790931522.303448728] [planner_server]: Plan computed: 327 poses
[planner_server-4] [INFO] [1790931522.413179705] [planner_server]: Planning took 7 ms
[planner_server-4] [INFO] [1790931522.413468431] [planner_server]: Plan computed: 326 poses
[planner_server-4] [INFO] [1790931522.535452083] [planner_server]: Planning took 6 ms
[planner_server-4] [INFO] [1790931522.535703122] [planner_server]: Plan computed: 326 poses
[planner_server-4] [INFO] [1790931522.653202529] [planner_server]: Planning took 7 ms
[planner_server-4] [INFO] [1790931522.653671116] [planner_server]: Plan computed: 325 poses
[planner_server-4] [INFO] [1790931522.762812574] [planner_server]: Planning took 7 ms
[planner_server-4] [INFO] [1790931522.763179379] [planner_server]: Plan computed: 324 poses
[planner_server-4] [INFO] [1790931522.875216387] [planner_server]: Planning took 7 ms
[planner_server-4] [INFO] [1790931522.875521202] [planner_server]: Plan computed: 323 poses
[controller_node-5] [WARN] [1790931522.962306784] [controller_server]: path_copy succeeded.
[controller_node-5] [INFO] [1790931522.962485623] [controller_server]: Computed velocity commands: linear.x=-0.52, linear.y=0.41, angular.z=0.00
[planner_server-4] [INFO] [1790931522.992921126] [planner_server]: Planning took 7 ms
[planner_server-4] [INFO] [1790931522.993218358] [planner_server]: Plan computed: 321 poses
[planner_server-4] [INFO] [1790931523.102585741] [planner_server]: Planning took 6 ms
[planner_server-4] [INFO] [1790931523.102876561] [planner_server]: Plan computed: 320 poses
[planner_server-4] [INFO] [1790931523.214308613] [planner_server]: Planning took 7 ms
[planner_server-4] [INFO] [1790931523.214592010] [planner_server]: Plan computed: 320 poses
[planner_server-4] [INFO] [1790931523.333228044] [planner_server]: Planning took 7 ms
[planner_server-4] [INFO] [1790931523.333522911] [planner_server]: Plan computed: 318 poses
[planner_server-4] [INFO] [1790931523.442685172] [planner_server]: Planning took 7 ms
[planner_server-4] [INFO] [1790931523.442905225] [planner_server]: Plan computed: 317 poses
[planner_server-4] [INFO] [1790931523.553008684] [planner_server]: Planning took 7 ms
[planner_server-4] [INFO] [1790931523.553260975] [planner_server]: Plan computed: 316 poses
[planner_server-4] [INFO] [1790931523.663406017] [planner_server]: Planning took 7 ms
[planner_server-4] [INFO] [1790931523.664011549] [planner_server]: Plan computed: 316 poses
[planner_server-4] [INFO] [1790931523.773486895] [planner_server]: Planning took 6 ms
[planner_server-4] [INFO] [1790931523.773847399] [planner_server]: Plan computed: 314 poses
[planner_server-4] [INFO] [1790931523.883117197] [planner_server]: Planning took 6 ms
[planner_server-4] [INFO] [1790931523.883410992] [planner_server]: Plan computed: 313 poses
[planner_server-4] [INFO] [1790931523.992645858] [planner_server]: Planning took 6 ms
[planner_server-4] [INFO] [1790931523.992981748] [planner_server]: Plan computed: 312 poses
[planner_server-4] [INFO] [1790931524.102825355] [planner_server]: Planning took 6 ms
[planner_server-4] [INFO] [1790931524.103328594] [planner_server]: Plan computed: 311 poses
[planner_server-4] [INFO] [1790931524.213197753] [planner_server]: Planning took 7 ms
[planner_server-4] [INFO] [1790931524.213467685] [planner_server]: Plan computed: 311 poses
[planner_server-4] [INFO] [1790931524.322902873] [planner_server]: Planning took 7 ms
[planner_server-4] [INFO] [1790931524.323464427] [planner_server]: Plan computed: 309 poses
[planner_server-4] [INFO] [1790931524.432891678] [planner_server]: Planning took 7 ms
[planner_server-4] [INFO] [1790931524.433369893] [planner_server]: Plan computed: 308 poses
[planner_server-4] [INFO] [1790931524.544458594] [planner_server]: Planning took 6 ms
[planner_server-4] [INFO] [1790931524.544859220] [planner_server]: Plan computed: 307 poses
[planner_server-4] [INFO] [1790931524.662390325] [planner_server]: Planning took 6 ms
[planner_server-4] [INFO] [1790931524.662659917] [planner_server]: Plan computed: 305 poses
[planner_server-4] [INFO] [1790931524.772197335] [planner_server]: Planning took 6 ms
[planner_server-4] [INFO] [1790931524.772761053] [planner_server]: Plan computed: 304 poses
[planner_server-4] [INFO] [1790931524.882534703] [planner_server]: Planning took 6 ms
[planner_server-4] [INFO] [1790931524.882805277] [planner_server]: Plan computed: 302 poses
[controller_node-5] [WARN] [1790931524.978214373] [controller_server]: path_copy succeeded.
[controller_node-5] [INFO] [1790931524.978452479] [controller_server]: Computed velocity commands: linear.x=0.54, linear.y=0.80, angular.z=0.00
[planner_server-4] [INFO] [1790931524.992827682] [planner_server]: Planning took 6 ms
[planner_server-4] [INFO] [1790931524.993258902] [planner_server]: Plan computed: 302 poses
[planner_server-4] [INFO] [1790931525.102982696] [planner_server]: Planning took 6 ms
[planner_server-4] [INFO] [1790931525.103267966] [planner_server]: Plan computed: 301 poses
[planner_server-4] [INFO] [1790931525.213334551] [planner_server]: Planning took 6 ms
[planner_server-4] [INFO] [1790931525.213814679] [planner_server]: Plan computed: 300 poses
[planner_server-4] [INFO] [1790931525.323033908] [planner_server]: Planning took 7 ms
[planner_server-4] [INFO] [1790931525.323484243] [planner_server]: Plan computed: 298 poses
[planner_server-4] [INFO] [1790931525.433023689] [planner_server]: Planning took 7 ms
[planner_server-4] [INFO] [1790931525.433174689] [planner_server]: Plan computed: 298 poses
[planner_server-4] [INFO] [1790931525.543373851] [planner_server]: Planning took 7 ms
[planner_server-4] [INFO] [1790931525.543715021] [planner_server]: Plan computed: 298 poses
[planner_server-4] [INFO] [1790931525.654648521] [planner_server]: Planning took 7 ms
[planner_server-4] [INFO] [1790931525.654939161] [planner_server]: Plan computed: 298 poses
[planner_server-4] [INFO] [1790931525.774450311] [planner_server]: Planning took 6 ms
[planner_server-4] [INFO] [1790931525.774900406] [planner_server]: Plan computed: 297 poses
[planner_server-4] [INFO] [1790931525.894166373] [planner_server]: Planning took 6 ms
[planner_server-4] [INFO] [1790931525.894441514] [planner_server]: Plan computed: 297 poses
[planner_server-4] [INFO] [1790931526.004740215] [planner_server]: Planning took 8 ms
[planner_server-4] [INFO] [1790931526.005143465] [planner_server]: Plan computed: 296 poses
[planner_server-4] [INFO] [1790931526.122694098] [planner_server]: Planning took 6 ms
[planner_server-4] [INFO] [1790931526.123317492] [planner_server]: Plan computed: 296 poses
[planner_server-4] [INFO] [1790931526.232987431] [planner_server]: Planning took 6 ms
[planner_server-4] [INFO] [1790931526.233410687] [planner_server]: Plan computed: 295 poses
[planner_server-4] [INFO] [1790931526.341976532] [planner_server]: Planning took 6 ms
[planner_server-4] [INFO] [1790931526.342220799] [planner_server]: Plan computed: 295 poses
[planner_server-4] [INFO] [1790931526.453685843] [planner_server]: Planning took 7 ms
[planner_server-4] [INFO] [1790931526.454214959] [planner_server]: Plan computed: 294 poses
[planner_server-4] [INFO] [1790931526.562953265] [planner_server]: Planning took 6 ms
[planner_server-4] [INFO] [1790931526.563192602] [planner_server]: Plan computed: 293 poses
[planner_server-4] [INFO] [1790931526.673039808] [planner_server]: Planning took 6 ms
[planner_server-4] [INFO] [1790931526.673411582] [planner_server]: Plan computed: 292 poses
[planner_server-4] [INFO] [1790931526.781693851] [planner_server]: Planning took 6 ms
[planner_server-4] [INFO] [1790931526.782171404] [planner_server]: Plan computed: 291 poses
[planner_server-4] [INFO] [1790931526.893365567] [planner_server]: Planning took 6 ms
[planner_server-4] [INFO] [1790931526.893960270] [planner_server]: Plan computed: 290 poses
[controller_node-5] [WARN] [1790931526.978764870] [controller_server]: path_copy succeeded.
[controller_node-5] [INFO] [1790931526.978990634] [controller_server]: Computed velocity commands: linear.x=-0.46, linear.y=-0.69, angular.z=0.00
[planner_server-4] [INFO] [1790931527.002820101] [planner_server]: Planning took 6 ms
[planner_server-4] [INFO] [1790931527.003533385] [planner_server]: Plan computed: 290 poses
[planner_server-4] [INFO] [1790931527.112142771] [planner_server]: Planning took 6 ms
[planner_server-4] [INFO] [1790931527.112396334] [planner_server]: Plan computed: 290 poses
[planner_server-4] [INFO] [1790931527.222358932] [planner_server]: Planning took 6 ms
[planner_server-4] [INFO] [1790931527.222557828] [planner_server]: Plan computed: 289 poses
[planner_server-4] [INFO] [1790931527.332838835] [planner_server]: Planning took 6 ms
[planner_server-4] [INFO] [1790931527.333297094] [planner_server]: Plan computed: 287 poses
[planner_server-4] [INFO] [1790931527.441890681] [planner_server]: Planning took 6 ms
[planner_server-4] [INFO] [1790931527.442300443] [planner_server]: Plan computed: 286 poses
[planner_server-4] [INFO] [1790931527.552117857] [planner_server]: Planning took 6 ms
[planner_server-4] [INFO] [1790931527.552461040] [planner_server]: Plan computed: 285 poses
[planner_server-4] [INFO] [1790931527.662488400] [planner_server]: Planning took 6 ms
[planner_server-4] [INFO] [1790931527.662967897] [planner_server]: Plan computed: 283 poses
[planner_server-4] [INFO] [1790931527.772352247] [planner_server]: Planning took 6 ms
[planner_server-4] [INFO] [1790931527.772872256] [planner_server]: Plan computed: 282 poses
[planner_server-4] [INFO] [1790931527.882092568] [planner_server]: Planning took 6 ms
[planner_server-4] [INFO] [1790931527.882613499] [planner_server]: Plan computed: 282 poses
[planner_server-4] [INFO] [1790931527.991762273] [planner_server]: Planning took 6 ms
[planner_server-4] [INFO] [1790931527.991982867] [planner_server]: Plan computed: 280 poses
[planner_server-4] [INFO] [1790931528.102365704] [planner_server]: Planning took 6 ms
[planner_server-4] [INFO] [1790931528.102762392] [planner_server]: Plan computed: 279 poses
[planner_server-4] [INFO] [1790931528.214574563] [planner_server]: Planning took 6 ms
[planner_server-4] [INFO] [1790931528.215241826] [planner_server]: Plan computed: 277 poses
[planner_server-4] [INFO] [1790931528.332513173] [planner_server]: Planning took 5 ms
[planner_server-4] [INFO] [1790931528.332835519] [planner_server]: Plan computed: 276 poses
[planner_server-4] [INFO] [1790931528.443481976] [planner_server]: Planning took 6 ms
[planner_server-4] [INFO] [1790931528.443872814] [planner_server]: Plan computed: 275 poses
[planner_server-4] [INFO] [1790931528.552648809] [planner_server]: Planning took 6 ms
[planner_server-4] [INFO] [1790931528.553053462] [planner_server]: Plan computed: 274 poses
[planner_server-4] [INFO] [1790931528.672112944] [planner_server]: Planning took 5 ms
[planner_server-4] [INFO] [1790931528.672585879] [planner_server]: Plan computed: 274 poses
[planner_server-4] [INFO] [1790931528.782353406] [planner_server]: Planning took 7 ms
[planner_server-4] [INFO] [1790931528.782736591] [planner_server]: Plan computed: 273 poses
[planner_server-4] [INFO] [1790931528.891399675] [planner_server]: Planning took 5 ms
[planner_server-4] [INFO] [1790931528.891731117] [planner_server]: Plan computed: 272 poses
[controller_node-5] [WARN] [1790931528.980228864] [controller_server]: path_copy succeeded.
[controller_node-5] [INFO] [1790931528.980463593] [controller_server]: Computed velocity commands: linear.x=-0.90, linear.y=-0.22, angular.z=0.00
[planner_server-4] [INFO] [1790931529.003050907] [planner_server]: Planning took 5 ms
[planner_server-4] [INFO] [1790931529.003445993] [planner_server]: Plan computed: 271 poses
[planner_server-4] [INFO] [1790931529.111460560] [planner_server]: Planning took 5 ms
[planner_server-4] [INFO] [1790931529.111745609] [planner_server]: Plan computed: 270 poses
[planner_server-4] [INFO] [1790931529.222556182] [planner_server]: Planning took 6 ms
[planner_server-4] [INFO] [1790931529.223167133] [planner_server]: Plan computed: 269 poses
[planner_server-4] [INFO] [1790931529.341628929] [planner_server]: Planning took 5 ms
[planner_server-4] [INFO] [1790931529.341778436] [planner_server]: Plan computed: 268 poses
[planner_server-4] [INFO] [1790931529.452762008] [planner_server]: Planning took 6 ms
[planner_server-4] [INFO] [1790931529.453264546] [planner_server]: Plan computed: 267 poses
[planner_server-4] [INFO] [1790931529.563033177] [planner_server]: Planning took 5 ms
[planner_server-4] [INFO] [1790931529.563344854] [planner_server]: Plan computed: 266 poses
[planner_server-4] [INFO] [1790931529.671183526] [planner_server]: Planning took 5 ms
[planner_server-4] [INFO] [1790931529.671461512] [planner_server]: Plan computed: 265 poses
[planner_server-4] [INFO] [1790931529.781221422] [planner_server]: Planning took 5 ms
[planner_server-4] [INFO] [1790931529.781510800] [planner_server]: Plan computed: 264 poses
[planner_server-4] [INFO] [1790931529.891770854] [planner_server]: Planning took 5 ms
[planner_server-4] [INFO] [1790931529.892010081] [planner_server]: Plan computed: 264 poses
[planner_server-4] [INFO] [1790931530.002246232] [planner_server]: Planning took 6 ms
[planner_server-4] [INFO] [1790931530.002565823] [planner_server]: Plan computed: 262 poses
[planner_server-4] [INFO] [1790931530.111683202] [planner_server]: Planning took 5 ms
[planner_server-4] [INFO] [1790931530.112215503] [planner_server]: Plan computed: 262 poses
[planner_server-4] [INFO] [1790931530.221779120] [planner_server]: Planning took 5 ms
[planner_server-4] [INFO] [1790931530.222104261] [planner_server]: Plan computed: 260 poses
[planner_server-4] [INFO] [1790931530.332121583] [planner_server]: Planning took 6 ms
[planner_server-4] [INFO] [1790931530.332528781] [planner_server]: Plan computed: 258 poses
[planner_server-4] [INFO] [1790931530.442097896] [planner_server]: Planning took 5 ms
[planner_server-4] [INFO] [1790931530.442481512] [planner_server]: Plan computed: 257 poses
[planner_server-4] [INFO] [1790931530.552336330] [planner_server]: Planning took 5 ms
[planner_server-4] [INFO] [1790931530.552703325] [planner_server]: Plan computed: 255 poses
[planner_server-4] [INFO] [1790931530.661852992] [planner_server]: Planning took 5 ms
[planner_server-4] [INFO] [1790931530.662108378] [planner_server]: Plan computed: 254 poses
[planner_server-4] [INFO] [1790931530.771157095] [planner_server]: Planning took 5 ms
[planner_server-4] [INFO] [1790931530.771388979] [planner_server]: Plan computed: 252 poses
[planner_server-4] [INFO] [1790931530.881189108] [planner_server]: Planning took 5 ms
[planner_server-4] [INFO] [1790931530.881501687] [planner_server]: Plan computed: 250 poses
[planner_server-4] [INFO] [1790931530.991505530] [planner_server]: Planning took 5 ms
[planner_server-4] [INFO] [1790931530.991910874] [planner_server]: Plan computed: 250 poses
[controller_node-5] [WARN] [1790931530.997613084] [controller_server]: path_copy succeeded.
[controller_node-5] [INFO] [1790931530.997854164] [controller_server]: Computed velocity commands: linear.x=0.10, linear.y=0.78, angular.z=0.00
[planner_server-4] [INFO] [1790931531.111418501] [planner_server]: Planning took 5 ms
[planner_server-4] [INFO] [1790931531.111710764] [planner_server]: Plan computed: 249 poses
[planner_server-4] [INFO] [1790931531.222079240] [planner_server]: Planning took 6 ms
[planner_server-4] [INFO] [1790931531.222483112] [planner_server]: Plan computed: 246 poses
[planner_server-4] [INFO] [1790931531.330900993] [planner_server]: Planning took 5 ms
[planner_server-4] [INFO] [1790931531.331454502] [planner_server]: Plan computed: 247 poses
[planner_server-4] [INFO] [1790931531.443334760] [planner_server]: Planning took 6 ms
[planner_server-4] [INFO] [1790931531.443619108] [planner_server]: Plan computed: 247 poses
[planner_server-4] [INFO] [1790931531.551260692] [planner_server]: Planning took 5 ms
[planner_server-4] [INFO] [1790931531.551648155] [planner_server]: Plan computed: 247 poses
[planner_server-4] [INFO] [1790931531.662422457] [planner_server]: Planning took 6 ms
[planner_server-4] [INFO] [1790931531.662917301] [planner_server]: Plan computed: 247 poses
[planner_server-4] [INFO] [1790931531.773000197] [planner_server]: Planning took 6 ms
[planner_server-4] [INFO] [1790931531.773261975] [planner_server]: Plan computed: 245 poses
[planner_server-4] [INFO] [1790931531.881322527] [planner_server]: Planning took 5 ms
[planner_server-4] [INFO] [1790931531.881640686] [planner_server]: Plan computed: 245 poses
[planner_server-4] [INFO] [1790931531.991440967] [planner_server]: Planning took 5 ms
[planner_server-4] [INFO] [1790931531.991716339] [planner_server]: Plan computed: 245 poses
[planner_server-4] [INFO] [1790931532.102187312] [planner_server]: Planning took 6 ms
[planner_server-4] [INFO] [1790931532.102439673] [planner_server]: Plan computed: 244 poses
[planner_server-4] [INFO] [1790931532.211443854] [planner_server]: Planning took 5 ms
[planner_server-4] [INFO] [1790931532.211704850] [planner_server]: Plan computed: 243 poses
[planner_server-4] [INFO] [1790931532.321491991] [planner_server]: Planning took 5 ms
[planner_server-4] [INFO] [1790931532.321963844] [planner_server]: Plan computed: 243 poses
[planner_server-4] [INFO] [1790931532.431968092] [planner_server]: Planning took 5 ms
[planner_server-4] [INFO] [1790931532.432406485] [planner_server]: Plan computed: 242 poses
[planner_server-4] [INFO] [1790931532.543445533] [planner_server]: Planning took 5 ms
[planner_server-4] [INFO] [1790931532.543802009] [planner_server]: Plan computed: 242 poses
[planner_server-4] [INFO] [1790931532.653775583] [planner_server]: Planning took 6 ms
[planner_server-4] [INFO] [1790931532.654061474] [planner_server]: Plan computed: 240 poses
[planner_server-4] [INFO] [1790931532.760802957] [planner_server]: Planning took 4 ms
[planner_server-4] [INFO] [1790931532.761295557] [planner_server]: Plan computed: 239 poses
[planner_server-4] [INFO] [1790931532.871032483] [planner_server]: Planning took 5 ms
[planner_server-4] [INFO] [1790931532.871251655] [planner_server]: Plan computed: 238 poses
[planner_server-4] [INFO] [1790931532.980940740] [planner_server]: Planning took 5 ms
[planner_server-4] [INFO] [1790931532.981317744] [planner_server]: Plan computed: 237 poses
[controller_node-5] [WARN] [1790931533.017488911] [controller_server]: path_copy succeeded.
[controller_node-5] [INFO] [1790931533.017737375] [controller_server]: Computed velocity commands: linear.x=0.66, linear.y=-0.76, angular.z=0.00
[planner_server-4] [INFO] [1790931533.092285527] [planner_server]: Planning took 5 ms
[planner_server-4] [INFO] [1790931533.092795037] [planner_server]: Plan computed: 237 poses
[planner_server-4] [INFO] [1790931533.201461663] [planner_server]: Planning took 5 ms
[planner_server-4] [INFO] [1790931533.201980440] [planner_server]: Plan computed: 237 poses
[planner_server-4] [INFO] [1790931533.310641775] [planner_server]: Planning took 5 ms
[planner_server-4] [INFO] [1790931533.311219236] [planner_server]: Plan computed: 235 poses
[planner_server-4] [INFO] [1790931533.421390635] [planner_server]: Planning took 5 ms
[planner_server-4] [INFO] [1790931533.421646772] [planner_server]: Plan computed: 235 poses
[planner_server-4] [INFO] [1790931533.532518923] [planner_server]: Planning took 5 ms
[planner_server-4] [INFO] [1790931533.532788765] [planner_server]: Plan computed: 232 poses
[planner_server-4] [INFO] [1790931533.641666483] [planner_server]: Planning took 5 ms
[planner_server-4] [INFO] [1790931533.642010077] [planner_server]: Plan computed: 232 poses
[planner_server-4] [INFO] [1790931533.750915023] [planner_server]: Planning took 5 ms
[planner_server-4] [INFO] [1790931533.751282639] [planner_server]: Plan computed: 232 poses
[planner_server-4] [ERROR] [1790931533.855759525] [planner_server]: Start is in blocked cell (cost=100).
[planner_server-4] [INFO] [1790931533.856135597] [planner_server]: Planning took 0 ms
[planner_server-4] [INFO] [1790931533.856339220] [planner_server]: Plan computed: 0 poses
[nav_interface_node-7] [ERROR] [1790931533.856903619] [nav_interface_node]: ComputePathService: Failed to get plan or plan is empty
[controller_node-5] [INFO] [1790931533.857632481] [controller_server]: Control disabled
[nav_interface_node-7] [INFO] [1790931533.866018614] [nav_interface_node]: [SetControlEnable] Control disabled
[planner_server-4] [INFO] [1790931533.981833466] [planner_server]: Planning took 5 ms
[planner_server-4] [INFO] [1790931533.982237798] [planner_server]: Plan computed: 226 poses
[controller_node-5] [INFO] [1790931533.984743936] [controller_server]: Control enabled
[nav_interface_node-7] [INFO] [1790931533.985374302] [nav_interface_node]: [SetControlEnable] Control enabled
[planner_server-4] [INFO] [1790931534.101388944] [planner_server]: Planning took 5 ms
[planner_server-4] [INFO] [1790931534.101645242] [planner_server]: Plan computed: 225 poses
[planner_server-4] [INFO] [1790931534.213680614] [planner_server]: Planning took 4 ms
[planner_server-4] [INFO] [1790931534.214195303] [planner_server]: Plan computed: 224 poses
[planner_server-4] [INFO] [1790931534.331238287] [planner_server]: Planning took 5 ms
[planner_server-4] [INFO] [1790931534.331571652] [planner_server]: Plan computed: 223 poses
[planner_server-4] [INFO] [1790931534.442880831] [planner_server]: Planning took 5 ms
[planner_server-4] [INFO] [1790931534.443112064] [planner_server]: Plan computed: 223 poses
[planner_server-4] [INFO] [1790931534.550967077] [planner_server]: Planning took 4 ms
[planner_server-4] [INFO] [1790931534.551289122] [planner_server]: Plan computed: 223 poses
[planner_server-4] [INFO] [1790931534.660713089] [planner_server]: Planning took 5 ms
[planner_server-4] [INFO] [1790931534.661264063] [planner_server]: Plan computed: 221 poses
[planner_server-4] [INFO] [1790931534.771536445] [planner_server]: Planning took 4 ms
[planner_server-4] [INFO] [1790931534.771829128] [planner_server]: Plan computed: 221 poses
[planner_server-4] [INFO] [1790931534.881087818] [planner_server]: Planning took 5 ms
[planner_server-4] [INFO] [1790931534.881433225] [planner_server]: Plan computed: 219 poses
[planner_server-4] [INFO] [1790931534.990854847] [planner_server]: Planning took 4 ms
[planner_server-4] [INFO] [1790931534.991249492] [planner_server]: Plan computed: 218 poses
[controller_node-5] [WARN] [1790931535.038256021] [controller_server]: path_copy succeeded.
[controller_node-5] [INFO] [1790931535.038443005] [controller_server]: Computed velocity commands: linear.x=0.23, linear.y=-0.70, angular.z=0.00
[planner_server-4] [INFO] [1790931535.103529964] [planner_server]: Planning took 5 ms
[planner_server-4] [INFO] [1790931535.104024929] [planner_server]: Plan computed: 217 poses
[planner_server-4] [INFO] [1790931535.213223704] [planner_server]: Planning took 4 ms
[planner_server-4] [INFO] [1790931535.213500679] [planner_server]: Plan computed: 217 poses
[planner_server-4] [INFO] [1790931535.320528576] [planner_server]: Planning took 4 ms
[planner_server-4] [INFO] [1790931535.320886025] [planner_server]: Plan computed: 217 poses
[planner_server-4] [INFO] [1790931535.431425526] [planner_server]: Planning took 5 ms
[planner_server-4] [INFO] [1790931535.431676936] [planner_server]: Plan computed: 217 poses
[planner_server-4] [INFO] [1790931535.542060769] [planner_server]: Planning took 4 ms
[planner_server-4] [INFO] [1790931535.542283467] [planner_server]: Plan computed: 216 poses
[planner_server-4] [INFO] [1790931535.651115909] [planner_server]: Planning took 4 ms
[planner_server-4] [INFO] [1790931535.651460304] [planner_server]: Plan computed: 216 poses
[planner_server-4] [INFO] [1790931535.761385146] [planner_server]: Planning took 5 ms
[planner_server-4] [INFO] [1790931535.761652714] [planner_server]: Plan computed: 216 poses
[planner_server-4] [INFO] [1790931535.872594595] [planner_server]: Planning took 4 ms
[planner_server-4] [INFO] [1790931535.872887788] [planner_server]: Plan computed: 215 poses
[planner_server-4] [INFO] [1790931535.981247420] [planner_server]: Planning took 4 ms
[planner_server-4] [INFO] [1790931535.981648947] [planner_server]: Plan computed: 214 poses
[planner_server-4] [INFO] [1790931536.094461448] [planner_server]: Planning took 7 ms
[planner_server-4] [INFO] [1790931536.094673286] [planner_server]: Plan computed: 213 poses
[planner_server-4] [INFO] [1790931536.210562617] [planner_server]: Planning took 4 ms
[planner_server-4] [INFO] [1790931536.210859547] [planner_server]: Plan computed: 213 poses
[planner_server-4] [INFO] [1790931536.320554167] [planner_server]: Planning took 4 ms
[planner_server-4] [INFO] [1790931536.321074402] [planner_server]: Plan computed: 211 poses
[planner_server-4] [INFO] [1790931536.440248250] [planner_server]: Planning took 4 ms
[planner_server-4] [INFO] [1790931536.440575685] [planner_server]: Plan computed: 210 poses
[planner_server-4] [INFO] [1790931536.551251892] [planner_server]: Planning took 4 ms
[planner_server-4] [INFO] [1790931536.551557699] [planner_server]: Plan computed: 208 poses
[planner_server-4] [INFO] [1790931536.660137992] [planner_server]: Planning took 4 ms
[planner_server-4] [INFO] [1790931536.660439060] [planner_server]: Plan computed: 207 poses
[planner_server-4] [INFO] [1790931536.770680451] [planner_server]: Planning took 4 ms
[planner_server-4] [INFO] [1790931536.770984824] [planner_server]: Plan computed: 206 poses
[planner_server-4] [INFO] [1790931536.880907834] [planner_server]: Planning took 4 ms
[planner_server-4] [INFO] [1790931536.881236020] [planner_server]: Plan computed: 204 poses
[planner_server-4] [INFO] [1790931536.992759630] [planner_server]: Planning took 4 ms
[planner_server-4] [INFO] [1790931536.993102141] [planner_server]: Plan computed: 203 poses
[controller_node-5] [WARN] [1790931537.057136692] [controller_server]: path_copy succeeded.
[controller_node-5] [INFO] [1790931537.057364469] [controller_server]: Computed velocity commands: linear.x=0.10, linear.y=-0.94, angular.z=0.00
[planner_server-4] [INFO] [1790931537.100790680] [planner_server]: Planning took 4 ms
[planner_server-4] [INFO] [1790931537.101266800] [planner_server]: Plan computed: 201 poses
[planner_server-4] [INFO] [1790931537.210510151] [planner_server]: Planning took 4 ms
[planner_server-4] [INFO] [1790931537.210867179] [planner_server]: Plan computed: 200 poses
[planner_server-4] [INFO] [1790931537.321091422] [planner_server]: Planning took 3 ms
[planner_server-4] [INFO] [1790931537.321670987] [planner_server]: Plan computed: 198 poses
[planner_server-4] [INFO] [1790931537.432500551] [planner_server]: Planning took 4 ms
[planner_server-4] [INFO] [1790931537.432769541] [planner_server]: Plan computed: 196 poses
[planner_server-4] [INFO] [1790931537.540812828] [planner_server]: Planning took 4 ms
[planner_server-4] [INFO] [1790931537.541232007] [planner_server]: Plan computed: 195 poses
[planner_server-4] [INFO] [1790931537.650566491] [planner_server]: Planning took 4 ms
[planner_server-4] [INFO] [1790931537.650895208] [planner_server]: Plan computed: 194 poses
[planner_server-4] [INFO] [1790931537.760416635] [planner_server]: Planning took 4 ms
[planner_server-4] [INFO] [1790931537.760820106] [planner_server]: Plan computed: 193 poses
[planner_server-4] [INFO] [1790931537.870306560] [planner_server]: Planning took 4 ms
[planner_server-4] [INFO] [1790931537.870563139] [planner_server]: Plan computed: 192 poses
[planner_server-4] [INFO] [1790931537.982437649] [planner_server]: Planning took 4 ms
[planner_server-4] [INFO] [1790931537.982844275] [planner_server]: Plan computed: 191 poses
[planner_server-4] [INFO] [1790931538.089741419] [planner_server]: Planning took 3 ms
[planner_server-4] [INFO] [1790931538.090177237] [planner_server]: Plan computed: 190 poses
[planner_server-4] [INFO] [1790931538.199848976] [planner_server]: Planning took 3 ms
[planner_server-4] [INFO] [1790931538.199986381] [planner_server]: Plan computed: 189 poses
[planner_server-4] [INFO] [1790931538.312323441] [planner_server]: Planning took 4 ms
[planner_server-4] [INFO] [1790931538.312862674] [planner_server]: Plan computed: 188 poses
[planner_server-4] [INFO] [1790931538.420513593] [planner_server]: Planning took 4 ms
[planner_server-4] [INFO] [1790931538.420868798] [planner_server]: Plan computed: 186 poses
[planner_server-4] [INFO] [1790931538.531035671] [planner_server]: Planning took 4 ms
[planner_server-4] [INFO] [1790931538.531352236] [planner_server]: Plan computed: 186 poses
[planner_server-4] [INFO] [1790931538.639394434] [planner_server]: Planning took 3 ms
[planner_server-4] [INFO] [1790931538.639690693] [planner_server]: Plan computed: 185 poses
[planner_server-4] [INFO] [1790931538.750304552] [planner_server]: Planning took 4 ms
[planner_server-4] [INFO] [1790931538.750609076] [planner_server]: Plan computed: 184 poses
[planner_server-4] [INFO] [1790931538.860255200] [planner_server]: Planning took 3 ms
[planner_server-4] [INFO] [1790931538.860590780] [planner_server]: Plan computed: 182 poses
[planner_server-4] [INFO] [1790931538.969319604] [planner_server]: Planning took 3 ms
[planner_server-4] [INFO] [1790931538.969557729] [planner_server]: Plan computed: 181 poses
[controller_node-5] [WARN] [1790931539.077020747] [controller_server]: path_copy succeeded.
[controller_node-5] [INFO] [1790931539.077249295] [controller_server]: Computed velocity commands: linear.x=0.02, linear.y=-0.68, angular.z=0.00
[planner_server-4] [INFO] [1790931539.079994559] [planner_server]: Planning took 3 ms
[planner_server-4] [INFO] [1790931539.080324739] [planner_server]: Plan computed: 180 poses
[planner_server-4] [INFO] [1790931539.189563086] [planner_server]: Planning took 3 ms
[planner_server-4] [INFO] [1790931539.190013030] [planner_server]: Plan computed: 178 poses
[planner_server-4] [INFO] [1790931539.300022473] [planner_server]: Planning took 4 ms
[planner_server-4] [INFO] [1790931539.300253316] [planner_server]: Plan computed: 177 poses
[planner_server-4] [INFO] [1790931539.409209298] [planner_server]: Planning took 3 ms
[planner_server-4] [INFO] [1790931539.409387065] [planner_server]: Plan computed: 176 poses
[planner_server-4] [INFO] [1790931539.519547479] [planner_server]: Planning took 3 ms
[planner_server-4] [INFO] [1790931539.519777269] [planner_server]: Plan computed: 175 poses
[planner_server-4] [INFO] [1790931539.630599105] [planner_server]: Planning took 3 ms
[planner_server-4] [INFO] [1790931539.630937068] [planner_server]: Plan computed: 174 poses
[planner_server-4] [INFO] [1790931539.739097430] [planner_server]: Planning took 3 ms
[planner_server-4] [INFO] [1790931539.739437948] [planner_server]: Plan computed: 172 poses
[planner_server-4] [INFO] [1790931539.849503583] [planner_server]: Planning took 3 ms
[planner_server-4] [INFO] [1790931539.849830457] [planner_server]: Plan computed: 171 poses
[planner_server-4] [INFO] [1790931539.959436561] [planner_server]: Planning took 3 ms
[planner_server-4] [INFO] [1790931539.959649681] [planner_server]: Plan computed: 171 poses
[planner_server-4] [INFO] [1790931540.069441047] [planner_server]: Planning took 3 ms
[planner_server-4] [INFO] [1790931540.069624224] [planner_server]: Plan computed: 170 poses
[planner_server-4] [INFO] [1790931540.178878126] [planner_server]: Planning took 3 ms
[planner_server-4] [INFO] [1790931540.179393737] [planner_server]: Plan computed: 169 poses
[planner_server-4] [INFO] [1790931540.289205596] [planner_server]: Planning took 3 ms
[planner_server-4] [INFO] [1790931540.289679382] [planner_server]: Plan computed: 168 poses
[planner_server-4] [INFO] [1790931540.400864945] [planner_server]: Planning took 3 ms
[planner_server-4] [INFO] [1790931540.401276610] [planner_server]: Plan computed: 167 poses
[planner_server-4] [INFO] [1790931540.509077392] [planner_server]: Planning took 3 ms
[planner_server-4] [INFO] [1790931540.509330804] [planner_server]: Plan computed: 165 poses
[planner_server-4] [INFO] [1790931540.619085807] [planner_server]: Planning took 3 ms
[planner_server-4] [INFO] [1790931540.619360888] [planner_server]: Plan computed: 164 poses
[planner_server-4] [INFO] [1790931540.731524793] [planner_server]: Planning took 3 ms
[planner_server-4] [INFO] [1790931540.731695368] [planner_server]: Plan computed: 162 poses
[planner_server-4] [INFO] [1790931540.839692180] [planner_server]: Planning took 3 ms
[planner_server-4] [INFO] [1790931540.840161989] [planner_server]: Plan computed: 161 poses
[planner_server-4] [INFO] [1790931540.949433689] [planner_server]: Planning took 3 ms
[planner_server-4] [INFO] [1790931540.950041555] [planner_server]: Plan computed: 160 poses
[planner_server-4] [INFO] [1790931541.060382177] [planner_server]: Planning took 3 ms
[planner_server-4] [INFO] [1790931541.060970019] [planner_server]: Plan computed: 159 poses
[controller_node-5] [WARN] [1790931541.096434503] [controller_server]: path_copy succeeded.
[controller_node-5] [INFO] [1790931541.096902398] [controller_server]: Computed velocity commands: linear.x=-0.75, linear.y=0.25, angular.z=0.00
[planner_server-4] [INFO] [1790931541.170251778] [planner_server]: Planning took 3 ms
[planner_server-4] [INFO] [1790931541.170686314] [planner_server]: Plan computed: 157 poses
[planner_server-4] [INFO] [1790931541.279646558] [planner_server]: Planning took 3 ms
[planner_server-4] [INFO] [1790931541.279911892] [planner_server]: Plan computed: 157 poses
[planner_server-4] [INFO] [1790931541.389709260] [planner_server]: Planning took 3 ms
[planner_server-4] [INFO] [1790931541.390099727] [planner_server]: Plan computed: 157 poses
[planner_server-4] [INFO] [1790931541.501155310] [planner_server]: Planning took 3 ms
[planner_server-4] [INFO] [1790931541.501494496] [planner_server]: Plan computed: 155 poses
[planner_server-4] [INFO] [1790931541.610579725] [planner_server]: Planning took 3 ms
[planner_server-4] [INFO] [1790931541.611835218] [planner_server]: Plan computed: 154 poses
[planner_server-4] [INFO] [1790931541.721091120] [planner_server]: Planning took 4 ms
[planner_server-4] [INFO] [1790931541.721393901] [planner_server]: Plan computed: 152 poses
[planner_server-4] [INFO] [1790931541.829535289] [planner_server]: Planning took 3 ms
[planner_server-4] [INFO] [1790931541.829976928] [planner_server]: Plan computed: 151 poses
[planner_server-4] [INFO] [1790931541.941145833] [planner_server]: Planning took 3 ms
[planner_server-4] [INFO] [1790931541.941452080] [planner_server]: Plan computed: 150 poses
[planner_server-4] [INFO] [1790931542.048754240] [planner_server]: Planning took 2 ms
[planner_server-4] [INFO] [1790931542.049016228] [planner_server]: Plan computed: 149 poses
[planner_server-4] [INFO] [1790931542.159609103] [planner_server]: Planning took 2 ms
[planner_server-4] [INFO] [1790931542.159957916] [planner_server]: Plan computed: 147 poses
[planner_server-4] [INFO] [1790931542.269107803] [planner_server]: Planning took 3 ms
[planner_server-4] [INFO] [1790931542.269292213] [planner_server]: Plan computed: 146 poses
[planner_server-4] [INFO] [1790931542.380714588] [planner_server]: Planning took 3 ms
[planner_server-4] [INFO] [1790931542.381075383] [planner_server]: Plan computed: 145 poses
[planner_server-4] [INFO] [1790931542.488606073] [planner_server]: Planning took 2 ms
[planner_server-4] [INFO] [1790931542.488850450] [planner_server]: Plan computed: 144 poses
[planner_server-4] [INFO] [1790931542.598759006] [planner_server]: Planning took 2 ms
[planner_server-4] [INFO] [1790931542.599032655] [planner_server]: Plan computed: 144 poses
[planner_server-4] [INFO] [1790931542.710387311] [planner_server]: Planning took 2 ms
[planner_server-4] [INFO] [1790931542.710665167] [planner_server]: Plan computed: 144 poses
[planner_server-4] [INFO] [1790931542.818830170] [planner_server]: Planning took 2 ms
[planner_server-4] [INFO] [1790931542.819110801] [planner_server]: Plan computed: 144 poses
[planner_server-4] [INFO] [1790931542.929521586] [planner_server]: Planning took 2 ms
[planner_server-4] [INFO] [1790931542.929804972] [planner_server]: Plan computed: 143 poses
[planner_server-4] [INFO] [1790931543.038811728] [planner_server]: Planning took 3 ms
[planner_server-4] [INFO] [1790931543.039435212] [planner_server]: Plan computed: 143 poses
[controller_node-5] [WARN] [1790931543.096460550] [controller_server]: path_copy succeeded.
[controller_node-5] [INFO] [1790931543.116547736] [controller_server]: Computed velocity commands: linear.x=0.78, linear.y=0.27, angular.z=0.00
[planner_server-4] [INFO] [1790931543.150489323] [planner_server]: Planning took 2 ms
[planner_server-4] [INFO] [1790931543.150787205] [planner_server]: Plan computed: 142 poses
[planner_server-4] [INFO] [1790931543.259512687] [planner_server]: Planning took 3 ms
[planner_server-4] [INFO] [1790931543.259824984] [planner_server]: Plan computed: 141 poses
[planner_server-4] [INFO] [1790931543.369664633] [planner_server]: Planning took 2 ms
[planner_server-4] [INFO] [1790931543.370085355] [planner_server]: Plan computed: 140 poses
[planner_server-4] [INFO] [1790931543.480166393] [planner_server]: Planning took 2 ms
[planner_server-4] [INFO] [1790931543.480412022] [planner_server]: Plan computed: 140 poses
[planner_server-4] [INFO] [1790931543.588417749] [planner_server]: Planning took 2 ms
[planner_server-4] [INFO] [1790931543.589554890] [planner_server]: Plan computed: 138 poses
[planner_server-4] [INFO] [1790931543.698454633] [planner_server]: Planning took 2 ms
[planner_server-4] [INFO] [1790931543.698926516] [planner_server]: Plan computed: 137 poses
[planner_server-4] [INFO] [1790931543.808856489] [planner_server]: Planning took 2 ms
[planner_server-4] [INFO] [1790931543.809352996] [planner_server]: Plan computed: 136 poses
[planner_server-4] [INFO] [1790931543.919312101] [planner_server]: Planning took 2 ms
[planner_server-4] [INFO] [1790931543.919686790] [planner_server]: Plan computed: 135 poses
[planner_server-4] [INFO] [1790931544.028484268] [planner_server]: Planning took 2 ms
[planner_server-4] [INFO] [1790931544.028772964] [planner_server]: Plan computed: 134 poses
[planner_server-4] [INFO] [1790931544.139171306] [planner_server]: Planning took 2 ms
[planner_server-4] [INFO] [1790931544.139340248] [planner_server]: Plan computed: 134 poses
[planner_server-4] [INFO] [1790931544.251239030] [planner_server]: Planning took 2 ms
[planner_server-4] [INFO] [1790931544.251760862] [planner_server]: Plan computed: 132 poses
[planner_server-4] [INFO] [1790931544.358839244] [planner_server]: Planning took 2 ms
[planner_server-4] [INFO] [1790931544.359126237] [planner_server]: Plan computed: 131 poses
[planner_server-4] [ERROR] [1790931544.465770606] [planner_server]: Start is in blocked cell (cost=100).
[planner_server-4] [INFO] [1790931544.466027635] [planner_server]: Planning took 0 ms
[planner_server-4] [INFO] [1790931544.466212295] [planner_server]: Plan computed: 0 poses
[nav_interface_node-7] [ERROR] [1790931544.467221507] [nav_interface_node]: ComputePathService: Failed to get plan or plan is empty
[controller_node-5] [INFO] [1790931544.467611764] [controller_server]: Control disabled
[nav_interface_node-7] [INFO] [1790931544.468550250] [nav_interface_node]: [SetControlEnable] Control disabled
[planner_server-4] [ERROR] [1790931544.575585415] [planner_server]: Start is in blocked cell (cost=100).
[planner_server-4] [INFO] [1790931544.575680425] [planner_server]: Planning took 0 ms
[planner_server-4] [INFO] [1790931544.575874111] [planner_server]: Plan computed: 0 poses
[nav_interface_node-7] [ERROR] [1790931544.576617699] [nav_interface_node]: ComputePathService: Failed to get plan or plan is empty
[planner_server-4] [INFO] [1790931544.681795556] [planner_server]: Planning took 3 ms
[planner_server-4] [INFO] [1790931544.682628907] [planner_server]: Plan computed: 126 poses
[controller_node-5] [INFO] [1790931544.684201816] [controller_server]: Control enabled
[nav_interface_node-7] [INFO] [1790931544.695896557] [nav_interface_node]: [SetControlEnable] Control enabled
[planner_server-4] [INFO] [1790931544.812486206] [planner_server]: Planning took 2 ms
[planner_server-4] [INFO] [1790931544.812895227] [planner_server]: Plan computed: 124 poses
[planner_server-4] [INFO] [1790931544.929213887] [planner_server]: Planning took 2 ms
[planner_server-4] [INFO] [1790931544.929443568] [planner_server]: Plan computed: 122 poses
[planner_server-4] [INFO] [1790931545.039877871] [planner_server]: Planning took 2 ms
[planner_server-4] [INFO] [1790931545.040127006] [planner_server]: Plan computed: 122 poses
[controller_node-5] [WARN] [1790931545.096891379] [controller_server]: path_copy succeeded.
[controller_node-5] [INFO] [1790931545.135972252] [controller_server]: Computed velocity commands: linear.x=0.47, linear.y=-0.31, angular.z=0.00
[planner_server-4] [INFO] [1790931545.150529810] [planner_server]: Planning took 2 ms
[planner_server-4] [INFO] [1790931545.150753930] [planner_server]: Plan computed: 120 poses
[planner_server-4] [INFO] [1790931545.259019968] [planner_server]: Planning took 2 ms
[planner_server-4] [INFO] [1790931545.259596167] [planner_server]: Plan computed: 120 poses
[planner_server-4] [INFO] [1790931545.368000831] [planner_server]: Planning took 2 ms
[planner_server-4] [INFO] [1790931545.368261817] [planner_server]: Plan computed: 119 poses
[planner_server-4] [INFO] [1790931545.478978429] [planner_server]: Planning took 2 ms
[planner_server-4] [INFO] [1790931545.479397217] [planner_server]: Plan computed: 118 poses
[planner_server-4] [INFO] [1790931545.588213139] [planner_server]: Planning took 2 ms
[planner_server-4] [INFO] [1790931545.588534503] [planner_server]: Plan computed: 118 poses
[planner_server-4] [INFO] [1790931545.698381423] [planner_server]: Planning took 2 ms
[planner_server-4] [INFO] [1790931545.698541790] [planner_server]: Plan computed: 117 poses
[planner_server-4] [INFO] [1790931545.808204701] [planner_server]: Planning took 2 ms
[planner_server-4] [INFO] [1790931545.808546632] [planner_server]: Plan computed: 117 poses
[planner_server-4] [INFO] [1790931545.918262820] [planner_server]: Planning took 2 ms
[planner_server-4] [INFO] [1790931545.918522414] [planner_server]: Plan computed: 116 poses
[planner_server-4] [INFO] [1790931546.028252253] [planner_server]: Planning took 2 ms
[planner_server-4] [INFO] [1790931546.028566073] [planner_server]: Plan computed: 116 poses
[planner_server-4] [INFO] [1790931546.140488454] [planner_server]: Planning took 2 ms
[planner_server-4] [INFO] [1790931546.140845161] [planner_server]: Plan computed: 115 poses
[planner_server-4] [INFO] [1790931546.249819416] [planner_server]: Planning took 2 ms
[planner_server-4] [INFO] [1790931546.250194185] [planner_server]: Plan computed: 115 poses
[planner_server-4] [INFO] [1790931546.359724453] [planner_server]: Planning took 2 ms
[planner_server-4] [INFO] [1790931546.360052789] [planner_server]: Plan computed: 114 poses
[planner_server-4] [INFO] [1790931546.471259530] [planner_server]: Planning took 2 ms
[planner_server-4] [INFO] [1790931546.471514716] [planner_server]: Plan computed: 113 poses
[planner_server-4] [INFO] [1790931546.583422150] [planner_server]: Planning took 2 ms
[planner_server-4] [INFO] [1790931546.583622598] [planner_server]: Plan computed: 112 poses
[planner_server-4] [INFO] [1790931546.700394808] [planner_server]: Planning took 2 ms
[planner_server-4] [INFO] [1790931546.700674508] [planner_server]: Plan computed: 111 poses
[planner_server-4] [INFO] [1790931546.809349669] [planner_server]: Planning took 2 ms
[planner_server-4] [INFO] [1790931546.811261483] [planner_server]: Plan computed: 110 poses
[planner_server-4] [INFO] [1790931546.918603454] [planner_server]: Planning took 2 ms
[planner_server-4] [INFO] [1790931546.918813038] [planner_server]: Plan computed: 109 poses
[planner_server-4] [INFO] [1790931547.030298596] [planner_server]: Planning took 2 ms
[planner_server-4] [INFO] [1790931547.030528467] [planner_server]: Plan computed: 108 poses
[controller_node-5] [WARN] [1790931547.116582215] [controller_server]: path_copy succeeded.
[controller_node-5] [INFO] [1790931547.137225328] [controller_server]: Computed velocity commands: linear.x=0.63, linear.y=-0.80, angular.z=0.00
[planner_server-4] [INFO] [1790931547.139844691] [planner_server]: Planning took 2 ms
[planner_server-4] [INFO] [1790931547.140200767] [planner_server]: Plan computed: 107 poses
[planner_server-4] [INFO] [1790931547.248240110] [planner_server]: Planning took 2 ms
[planner_server-4] [INFO] [1790931547.248495767] [planner_server]: Plan computed: 105 poses
[planner_server-4] [INFO] [1790931547.358018790] [planner_server]: Planning took 2 ms
[planner_server-4] [INFO] [1790931547.358234716] [planner_server]: Plan computed: 105 poses
[planner_server-4] [INFO] [1790931547.469741439] [planner_server]: Planning took 3 ms
[planner_server-4] [INFO] [1790931547.470245409] [planner_server]: Plan computed: 103 poses
[planner_server-4] [INFO] [1790931547.578237375] [planner_server]: Planning took 2 ms
[planner_server-4] [INFO] [1790931547.578534907] [planner_server]: Plan computed: 101 poses
[planner_server-4] [INFO] [1790931547.688812222] [planner_server]: Planning took 1 ms
[planner_server-4] [INFO] [1790931547.688982175] [planner_server]: Plan computed: 100 poses
[planner_server-4] [INFO] [1790931547.798425050] [planner_server]: Planning took 2 ms
[planner_server-4] [INFO] [1790931547.798826447] [planner_server]: Plan computed: 99 poses
[planner_server-4] [INFO] [1790931547.918835661] [planner_server]: Planning took 1 ms
[planner_server-4] [INFO] [1790931547.919049533] [planner_server]: Plan computed: 99 poses
[planner_server-4] [INFO] [1790931548.030570006] [planner_server]: Planning took 2 ms
[planner_server-4] [INFO] [1790931548.030788556] [planner_server]: Plan computed: 98 poses
[planner_server-4] [INFO] [1790931548.150814272] [planner_server]: Planning took 2 ms
[planner_server-4] [INFO] [1790931548.150983584] [planner_server]: Plan computed: 98 poses
[planner_server-4] [INFO] [1790931548.270818139] [planner_server]: Planning took 1 ms
[planner_server-4] [INFO] [1790931548.271009911] [planner_server]: Plan computed: 98 poses
[planner_server-4] [INFO] [1790931548.379308977] [planner_server]: Planning took 1 ms
[planner_server-4] [INFO] [1790931548.379501370] [planner_server]: Plan computed: 98 poses
[planner_server-4] [INFO] [1790931548.490002668] [planner_server]: Planning took 2 ms
[planner_server-4] [INFO] [1790931548.490253937] [planner_server]: Plan computed: 97 poses
[planner_server-4] [INFO] [1790931548.598666485] [planner_server]: Planning took 1 ms
[planner_server-4] [INFO] [1790931548.598991005] [planner_server]: Plan computed: 97 poses
[planner_server-4] [INFO] [1790931548.708122457] [planner_server]: Planning took 2 ms
[planner_server-4] [INFO] [1790931548.708302338] [planner_server]: Plan computed: 97 poses
[planner_server-4] [INFO] [1790931548.819319147] [planner_server]: Planning took 2 ms
[planner_server-4] [INFO] [1790931548.819852649] [planner_server]: Plan computed: 97 poses
[planner_server-4] [INFO] [1790931548.927860795] [planner_server]: Planning took 1 ms
[planner_server-4] [INFO] [1790931548.928098440] [planner_server]: Plan computed: 96 poses
[planner_server-4] [INFO] [1790931549.037682598] [planner_server]: Planning took 1 ms
[planner_server-4] [INFO] [1790931549.038138472] [planner_server]: Plan computed: 96 poses
[controller_node-5] [WARN] [1790931549.135930938] [controller_server]: path_copy succeeded.
[planner_server-4] [INFO] [1790931549.147507341] [planner_server]: Planning took 1 ms
[planner_server-4] [INFO] [1790931549.147791208] [planner_server]: Plan computed: 95 poses
[controller_node-5] [INFO] [1790931549.156108860] [controller_server]: Computed velocity commands: linear.x=-0.93, linear.y=0.63, angular.z=0.00
[planner_server-4] [INFO] [1790931549.257592018] [planner_server]: Planning took 1 ms
[planner_server-4] [INFO] [1790931549.258034478] [planner_server]: Plan computed: 94 poses
[planner_server-4] [INFO] [1790931549.368229573] [planner_server]: Planning took 1 ms
[planner_server-4] [INFO] [1790931549.369354913] [planner_server]: Plan computed: 93 poses
[planner_server-4] [INFO] [1790931549.479467019] [planner_server]: Planning took 1 ms
[planner_server-4] [INFO] [1790931549.479784937] [planner_server]: Plan computed: 92 poses
[planner_server-4] [INFO] [1790931549.587595293] [planner_server]: Planning took 1 ms
[planner_server-4] [INFO] [1790931549.588209540] [planner_server]: Plan computed: 90 poses
[planner_server-4] [INFO] [1790931549.698064999] [planner_server]: Planning took 2 ms
[planner_server-4] [INFO] [1790931549.698281455] [planner_server]: Plan computed: 89 poses
[planner_server-4] [INFO] [1790931549.809614001] [planner_server]: Planning took 1 ms
[planner_server-4] [INFO] [1790931549.810031466] [planner_server]: Plan computed: 89 poses
[planner_server-4] [INFO] [1790931549.917323357] [planner_server]: Planning took 1 ms
[planner_server-4] [INFO] [1790931549.918187730] [planner_server]: Plan computed: 87 poses
[planner_server-4] [INFO] [1790931550.027692410] [planner_server]: Planning took 1 ms
[planner_server-4] [INFO] [1790931550.028029352] [planner_server]: Plan computed: 87 poses
[planner_server-4] [INFO] [1790931550.138114654] [planner_server]: Planning took 1 ms
[planner_server-4] [INFO] [1790931550.138325440] [planner_server]: Plan computed: 86 poses
[planner_server-4] [INFO] [1790931550.247642324] [planner_server]: Planning took 1 ms
[planner_server-4] [INFO] [1790931550.248028794] [planner_server]: Plan computed: 84 poses
[planner_server-4] [INFO] [1790931550.358310541] [planner_server]: Planning took 1 ms
[planner_server-4] [INFO] [1790931550.358700457] [planner_server]: Plan computed: 83 poses
[planner_server-4] [INFO] [1790931550.467289457] [planner_server]: Planning took 1 ms
[planner_server-4] [INFO] [1790931550.467464139] [planner_server]: Plan computed: 83 poses
[planner_server-4] [INFO] [1790931550.579536719] [planner_server]: Planning took 1 ms
[planner_server-4] [INFO] [1790931550.579697076] [planner_server]: Plan computed: 83 poses
[planner_server-4] [INFO] [1790931550.689218428] [planner_server]: Planning took 1 ms
[planner_server-4] [INFO] [1790931550.689410421] [planner_server]: Plan computed: 82 poses
[planner_server-4] [INFO] [1790931550.797284311] [planner_server]: Planning took 1 ms
[planner_server-4] [INFO] [1790931550.797630770] [planner_server]: Plan computed: 82 poses
[planner_server-4] [INFO] [1790931550.907410305] [planner_server]: Planning took 1 ms
[planner_server-4] [INFO] [1790931550.908608645] [planner_server]: Plan computed: 82 poses
[planner_server-4] [INFO] [1790931551.020297653] [planner_server]: Planning took 2 ms
[planner_server-4] [INFO] [1790931551.020660661] [planner_server]: Plan computed: 82 poses
[planner_server-4] [INFO] [1790931551.128400159] [planner_server]: Planning took 1 ms
[planner_server-4] [INFO] [1790931551.128850753] [planner_server]: Plan computed: 82 poses
[controller_node-5] [WARN] [1790931551.155116701] [controller_server]: path_copy succeeded.
[controller_node-5] [INFO] [1790931551.175832127] [controller_server]: Computed velocity commands: linear.x=0.64, linear.y=0.13, angular.z=0.00
[planner_server-4] [INFO] [1790931551.239305097] [planner_server]: Planning took 1 ms
[planner_server-4] [INFO] [1790931551.239841564] [planner_server]: Plan computed: 81 poses
[planner_server-4] [INFO] [1790931551.347005995] [planner_server]: Planning took 1 ms
[planner_server-4] [INFO] [1790931551.347537895] [planner_server]: Plan computed: 80 poses
[planner_server-4] [INFO] [1790931551.457500578] [planner_server]: Planning took 1 ms
[planner_server-4] [INFO] [1790931551.457804251] [planner_server]: Plan computed: 80 poses
[planner_server-4] [INFO] [1790931551.568397144] [planner_server]: Planning took 1 ms
[planner_server-4] [INFO] [1790931551.568844423] [planner_server]: Plan computed: 79 poses
[planner_server-4] [INFO] [1790931551.677314745] [planner_server]: Planning took 1 ms
[planner_server-4] [INFO] [1790931551.677751394] [planner_server]: Plan computed: 79 poses
[planner_server-4] [INFO] [1790931551.787041801] [planner_server]: Planning took 1 ms
[planner_server-4] [INFO] [1790931551.787460078] [planner_server]: Plan computed: 77 poses
[planner_server-4] [INFO] [1790931551.899423736] [planner_server]: Planning took 1 ms
[planner_server-4] [INFO] [1790931551.899655920] [planner_server]: Plan computed: 77 poses
[planner_server-4] [INFO] [1790931552.007288346] [planner_server]: Planning took 1 ms
[planner_server-4] [INFO] [1790931552.007521001] [planner_server]: Plan computed: 76 poses
[planner_server-4] [INFO] [1790931552.117517791] [planner_server]: Planning took 1 ms
[planner_server-4] [INFO] [1790931552.117652191] [planner_server]: Plan computed: 75 poses
[planner_server-4] [INFO] [1790931552.227672648] [planner_server]: Planning took 1 ms
[planner_server-4] [INFO] [1790931552.227822927] [planner_server]: Plan computed: 74 poses
[planner_server-4] [INFO] [1790931552.336874675] [planner_server]: Planning took 1 ms
[planner_server-4] [INFO] [1790931552.337158351] [planner_server]: Plan computed: 73 poses
[planner_server-4] [INFO] [1790931552.446630314] [planner_server]: Planning took 1 ms
[planner_server-4] [INFO] [1790931552.447156424] [planner_server]: Plan computed: 73 poses
[planner_server-4] [INFO] [1790931552.557160146] [planner_server]: Planning took 1 ms
[planner_server-4] [INFO] [1790931552.557433955] [planner_server]: Plan computed: 72 poses
[planner_server-4] [INFO] [1790931552.668203505] [planner_server]: Planning took 1 ms
[planner_server-4] [INFO] [1790931552.668401909] [planner_server]: Plan computed: 71 poses
[planner_server-4] [INFO] [1790931552.777478466] [planner_server]: Planning took 1 ms
[planner_server-4] [INFO] [1790931552.777839581] [planner_server]: Plan computed: 69 poses
[planner_server-4] [INFO] [1790931552.887086292] [planner_server]: Planning took 1 ms
[planner_server-4] [INFO] [1790931552.887404310] [planner_server]: Plan computed: 69 poses
[planner_server-4] [INFO] [1790931552.997281978] [planner_server]: Planning took 1 ms
[planner_server-4] [INFO] [1790931552.997566015] [planner_server]: Plan computed: 68 poses
[planner_server-4] [INFO] [1790931553.108063577] [planner_server]: Planning took 1 ms
[planner_server-4] [INFO] [1790931553.108306321] [planner_server]: Plan computed: 68 poses
[controller_node-5] [WARN] [1790931553.175133956] [controller_server]: path_copy succeeded.
[controller_node-5] [INFO] [1790931553.196941250] [controller_server]: Computed velocity commands: linear.x=-0.33, linear.y=-0.61, angular.z=0.00
[planner_server-4] [INFO] [1790931553.217265521] [planner_server]: Planning took 1 ms
[planner_server-4] [INFO] [1790931553.217640421] [planner_server]: Plan computed: 66 poses
[planner_server-4] [INFO] [1790931553.327076248] [planner_server]: Planning took 1 ms
[planner_server-4] [INFO] [1790931553.327430220] [planner_server]: Plan computed: 65 poses
[planner_server-4] [INFO] [1790931553.437032960] [planner_server]: Planning took 1 ms
[planner_server-4] [INFO] [1790931553.437487372] [planner_server]: Plan computed: 63 poses
[planner_server-4] [INFO] [1790931553.549551346] [planner_server]: Planning took 1 ms
[planner_server-4] [INFO] [1790931553.549909906] [planner_server]: Plan computed: 62 poses
[planner_server-4] [INFO] [1790931553.657685428] [planner_server]: Planning took 0 ms
[planner_server-4] [INFO] [1790931553.657870669] [planner_server]: Plan computed: 62 poses
[planner_server-4] [INFO] [1790931553.766699127] [planner_server]: Planning took 1 ms
[planner_server-4] [INFO] [1790931553.766920352] [planner_server]: Plan computed: 61 poses
[planner_server-4] [INFO] [1790931553.878863155] [planner_server]: Planning took 0 ms
[planner_server-4] [INFO] [1790931553.878976607] [planner_server]: Plan computed: 61 poses
[planner_server-4] [INFO] [1790931553.988447322] [planner_server]: Planning took 1 ms
[planner_server-4] [INFO] [1790931553.988636159] [planner_server]: Plan computed: 59 poses
[planner_server-4] [INFO] [1790931554.097691411] [planner_server]: Planning took 1 ms
[planner_server-4] [INFO] [1790931554.097995283] [planner_server]: Plan computed: 58 poses
[planner_server-4] [INFO] [1790931554.207856443] [planner_server]: Planning took 1 ms
[planner_server-4] [INFO] [1790931554.208259132] [planner_server]: Plan computed: 57 poses
[planner_server-4] [INFO] [1790931554.317433220] [planner_server]: Planning took 1 ms
[planner_server-4] [INFO] [1790931554.318850941] [planner_server]: Plan computed: 56 poses
[planner_server-4] [INFO] [1790931554.427093236] [planner_server]: Planning took 1 ms
[planner_server-4] [INFO] [1790931554.427257158] [planner_server]: Plan computed: 55 poses
[planner_server-4] [INFO] [1790931554.537907602] [planner_server]: Planning took 1 ms
[planner_server-4] [INFO] [1790931554.538098383] [planner_server]: Plan computed: 54 poses
[planner_server-4] [INFO] [1790931554.646637288] [planner_server]: Planning took 1 ms
[planner_server-4] [INFO] [1790931554.647028216] [planner_server]: Plan computed: 53 poses
[planner_server-4] [INFO] [1790931554.756795673] [planner_server]: Planning took 0 ms
[planner_server-4] [INFO] [1790931554.757369548] [planner_server]: Plan computed: 52 poses
[planner_server-4] [INFO] [1790931554.866845205] [planner_server]: Planning took 1 ms
[planner_server-4] [INFO] [1790931554.867369871] [planner_server]: Plan computed: 52 poses
[planner_server-4] [INFO] [1790931554.980140841] [planner_server]: Planning took 0 ms
[planner_server-4] [INFO] [1790931554.980338204] [planner_server]: Plan computed: 51 poses
[planner_server-4] [INFO] [1790931555.087683928] [planner_server]: Planning took 0 ms
[planner_server-4] [INFO] [1790931555.088358642] [planner_server]: Plan computed: 51 poses
[controller_node-5] [WARN] [1790931555.175514881] [controller_server]: path_copy succeeded.
[planner_server-4] [INFO] [1790931555.196703709] [planner_server]: Planning took 0 ms
[planner_server-4] [INFO] [1790931555.196962090] [planner_server]: Plan computed: 51 poses
[controller_node-5] [INFO] [1790931555.216271402] [controller_server]: Computed velocity commands: linear.x=-0.07, linear.y=-1.03, angular.z=0.00
[planner_server-4] [INFO] [1790931555.307786528] [planner_server]: Planning took 1 ms
[planner_server-4] [INFO] [1790931555.308009266] [planner_server]: Plan computed: 50 poses
[planner_server-4] [INFO] [1790931555.418553874] [planner_server]: Planning took 0 ms
[planner_server-4] [INFO] [1790931555.418712768] [planner_server]: Plan computed: 50 poses
[planner_server-4] [INFO] [1790931555.529303860] [planner_server]: Planning took 0 ms
[planner_server-4] [INFO] [1790931555.529583950] [planner_server]: Plan computed: 49 poses
[planner_server-4] [INFO] [1790931555.637738091] [planner_server]: Planning took 1 ms
[planner_server-4] [INFO] [1790931555.638323987] [planner_server]: Plan computed: 49 poses
[planner_server-4] [INFO] [1790931555.746611761] [planner_server]: Planning took 0 ms
[planner_server-4] [INFO] [1790931555.747107787] [planner_server]: Plan computed: 48 poses
[planner_server-4] [INFO] [1790931555.857054493] [planner_server]: Planning took 0 ms
[planner_server-4] [INFO] [1790931555.857305020] [planner_server]: Plan computed: 47 poses
[planner_server-4] [INFO] [1790931555.967318821] [planner_server]: Planning took 0 ms
[planner_server-4] [INFO] [1790931555.967480199] [planner_server]: Plan computed: 45 poses
[planner_server-4] [INFO] [1790931556.076728228] [planner_server]: Planning took 0 ms
[planner_server-4] [INFO] [1790931556.076946939] [planner_server]: Plan computed: 45 poses
[planner_server-4] [INFO] [1790931556.187524510] [planner_server]: Planning took 0 ms
[planner_server-4] [INFO] [1790931556.187626973] [planner_server]: Plan computed: 43 poses
[planner_server-4] [INFO] [1790931556.296453667] [planner_server]: Planning took 0 ms
[planner_server-4] [INFO] [1790931556.296685802] [planner_server]: Plan computed: 42 poses
[planner_server-4] [INFO] [1790931556.406476438] [planner_server]: Planning took 0 ms
[planner_server-4] [INFO] [1790931556.406707089] [planner_server]: Plan computed: 40 poses
[planner_server-4] [INFO] [1790931556.516871327] [planner_server]: Planning took 1 ms
[planner_server-4] [INFO] [1790931556.517275148] [planner_server]: Plan computed: 39 poses
[planner_server-4] [INFO] [1790931556.628897309] [planner_server]: Planning took 0 ms
[planner_server-4] [INFO] [1790931556.629213243] [planner_server]: Plan computed: 38 poses
[planner_server-4] [INFO] [1790931556.738869679] [planner_server]: Planning took 0 ms
[planner_server-4] [INFO] [1790931556.739495035] [planner_server]: Plan computed: 38 poses
[planner_server-4] [INFO] [1790931556.846470075] [planner_server]: Planning took 0 ms
[planner_server-4] [INFO] [1790931556.846710013] [planner_server]: Plan computed: 36 poses
[planner_server-4] [INFO] [1790931556.957584474] [planner_server]: Planning took 0 ms
[planner_server-4] [INFO] [1790931556.957938065] [planner_server]: Plan computed: 34 poses
[planner_server-4] [INFO] [1790931557.068186424] [planner_server]: Planning took 0 ms
[planner_server-4] [INFO] [1790931557.069384292] [planner_server]: Plan computed: 33 poses
[planner_server-4] [INFO] [1790931557.176653971] [planner_server]: Planning took 0 ms
[planner_server-4] [INFO] [1790931557.177073460] [planner_server]: Plan computed: 33 poses
[controller_node-5] [WARN] [1790931557.194784414] [controller_server]: path_copy succeeded.
[controller_node-5] [INFO] [1790931557.234719646] [controller_server]: Computed velocity commands: linear.x=0.04, linear.y=-0.87, angular.z=0.00
[planner_server-4] [INFO] [1790931557.286150156] [planner_server]: Planning took 0 ms
[planner_server-4] [INFO] [1790931557.286555289] [planner_server]: Plan computed: 31 poses
[planner_server-4] [INFO] [1790931557.398435388] [planner_server]: Planning took 0 ms
[planner_server-4] [INFO] [1790931557.398586779] [planner_server]: Plan computed: 30 poses
[planner_server-4] [INFO] [1790931557.506867763] [planner_server]: Planning took 0 ms
[planner_server-4] [INFO] [1790931557.507439699] [planner_server]: Plan computed: 30 poses
[planner_server-4] [INFO] [1790931557.615979886] [planner_server]: Planning took 0 ms
[planner_server-4] [INFO] [1790931557.616184542] [planner_server]: Plan computed: 29 poses
[planner_server-4] [INFO] [1790931557.728251249] [planner_server]: Planning took 0 ms
[planner_server-4] [INFO] [1790931557.728372856] [planner_server]: Plan computed: 29 poses
[planner_server-4] [INFO] [1790931557.837198874] [planner_server]: Planning took 0 ms
[planner_server-4] [INFO] [1790931557.837537278] [planner_server]: Plan computed: 28 poses
[planner_server-4] [INFO] [1790931557.947079103] [planner_server]: Planning took 0 ms
[planner_server-4] [INFO] [1790931557.947460915] [planner_server]: Plan computed: 27 poses
[planner_server-4] [INFO] [1790931558.056596076] [planner_server]: Planning took 0 ms
[planner_server-4] [INFO] [1790931558.057121304] [planner_server]: Plan computed: 27 poses
[planner_server-4] [INFO] [1790931558.166723911] [planner_server]: Planning took 0 ms
[planner_server-4] [INFO] [1790931558.166912328] [planner_server]: Plan computed: 26 poses
[planner_server-4] [INFO] [1790931558.277572508] [planner_server]: Planning took 0 ms
[planner_server-4] [INFO] [1790931558.277893822] [planner_server]: Plan computed: 25 poses
[planner_server-4] [INFO] [1790931558.386670514] [planner_server]: Planning took 0 ms
[planner_server-4] [INFO] [1790931558.387106913] [planner_server]: Plan computed: 25 poses
[planner_server-4] [INFO] [1790931558.496428039] [planner_server]: Planning took 0 ms
[planner_server-4] [INFO] [1790931558.496653211] [planner_server]: Plan computed: 23 poses
[planner_server-4] [INFO] [1790931558.608178531] [planner_server]: Planning took 0 ms
[planner_server-4] [INFO] [1790931558.608357851] [planner_server]: Plan computed: 21 poses
[planner_server-4] [INFO] [1790931558.716336980] [planner_server]: Planning took 0 ms
[planner_server-4] [INFO] [1790931558.716570307] [planner_server]: Plan computed: 20 poses
[planner_server-4] [INFO] [1790931558.826423722] [planner_server]: Planning took 0 ms
[planner_server-4] [INFO] [1790931558.826643595] [planner_server]: Plan computed: 19 poses
[planner_server-4] [INFO] [1790931558.936917300] [planner_server]: Planning took 0 ms
[planner_server-4] [INFO] [1790931558.937144195] [planner_server]: Plan computed: 17 poses
[planner_server-4] [INFO] [1790931559.048528846] [planner_server]: Planning took 0 ms
[planner_server-4] [INFO] [1790931559.048881896] [planner_server]: Plan computed: 16 poses
[planner_server-4] [INFO] [1790931559.156119170] [planner_server]: Planning took 0 ms
[planner_server-4] [INFO] [1790931559.156437168] [planner_server]: Plan computed: 16 poses
[controller_node-5] [WARN] [1790931559.214550390] [controller_server]: path_copy succeeded.
[controller_node-5] [INFO] [1790931559.254914135] [controller_server]: Computed velocity commands: linear.x=-0.38, linear.y=-0.80, angular.z=0.00
[planner_server-4] [INFO] [1790931559.266117057] [planner_server]: Planning took 0 ms
[planner_server-4] [INFO] [1790931559.266273356] [planner_server]: Plan computed: 14 poses
[planner_server-4] [INFO] [1790931559.375890183] [planner_server]: Planning took 0 ms
[planner_server-4] [INFO] [1790931559.376187664] [planner_server]: Plan computed: 12 poses
[planner_server-4] [INFO] [1790931559.489159820] [planner_server]: Planning took 0 ms
[planner_server-4] [INFO] [1790931559.489389570] [planner_server]: Plan computed: 11 poses
[planner_server-4] [INFO] [1790931559.596990548] [planner_server]: Planning took 0 ms
[planner_server-4] [INFO] [1790931559.597133643] [planner_server]: Plan computed: 9 poses
[planner_server-4] [INFO] [1790931559.707614662] [planner_server]: Planning took 0 ms
[planner_server-4] [INFO] [1790931559.708074443] [planner_server]: Plan computed: 8 poses
[planner_server-4] [INFO] [1790931559.818620073] [planner_server]: Planning took 0 ms
[planner_server-4] [INFO] [1790931559.818720482] [planner_server]: Plan computed: 6 poses
[planner_server-4] [INFO] [1790931559.926194428] [planner_server]: Planning took 0 ms
[planner_server-4] [INFO] [1790931559.926411305] [planner_server]: Plan computed: 5 poses
[planner_server-4] [INFO] [1790931560.037750805] [planner_server]: Planning took 0 ms
[planner_server-4] [INFO] [1790931560.037962513] [planner_server]: Plan computed: 3 poses
[planner_server-4] [INFO] [1790931560.146217402] [planner_server]: Planning took 0 ms
[planner_server-4] [INFO] [1790931560.146445880] [planner_server]: Plan computed: 2 poses
[planner_server-4] [INFO] [1790931560.256693966] [planner_server]: Planning took 0 ms
[planner_server-4] [INFO] [1790931560.256888964] [planner_server]: Plan computed: 2 poses
[planner_server-4] [INFO] [1790931560.369431267] [planner_server]: Planning took 0 ms
[planner_server-4] [INFO] [1790931560.369512782] [planner_server]: Plan computed: 3 poses
[planner_server-4] [INFO] [1790931560.476523951] [planner_server]: Planning took 0 ms
[planner_server-4] [INFO] [1790931560.477277636] [planner_server]: Plan computed: 3 poses
[planner_server-4] [INFO] [1790931560.587690928] [planner_server]: Planning took 0 ms
[planner_server-4] [INFO] [1790931560.587769548] [planner_server]: Plan computed: 3 poses
[planner_server-4] [INFO] [1790931560.696372869] [planner_server]: Planning took 0 ms
[planner_server-4] [INFO] [1790931560.696521154] [planner_server]: Plan computed: 3 poses
[planner_server-4] [INFO] [1790931560.807225195] [planner_server]: Planning took 0 ms
[planner_server-4] [INFO] [1790931560.807407350] [planner_server]: Plan computed: 3 poses
[planner_server-4] [INFO] [1790931560.916407760] [planner_server]: Planning took 0 ms
[planner_server-4] [INFO] [1790931560.916878410] [planner_server]: Plan computed: 3 poses
[planner_server-4] [INFO] [1790931561.026161343] [planner_server]: Planning took 0 ms
[planner_server-4] [INFO] [1790931561.026316880] [planner_server]: Plan computed: 3 poses
[planner_server-4] [INFO] [1790931561.136015931] [planner_server]: Planning took 0 ms
[planner_server-4] [INFO] [1790931561.136163725] [planner_server]: Plan computed: 3 poses
[controller_node-5] [WARN] [1790931561.234314454] [controller_server]: path_copy succeeded.
[planner_server-4] [INFO] [1790931561.245611638] [planner_server]: Planning took 0 ms
[planner_server-4] [INFO] [1790931561.245991095] [planner_server]: Plan computed: 3 poses
[controller_node-5] [INFO] [1790931561.274272675] [controller_server]: Computed velocity commands: linear.x=-0.00, linear.y=-0.03, angular.z=0.00
[planner_server-4] [INFO] [1790931561.355589576] [planner_server]: Planning took 0 ms
[planner_server-4] [INFO] [1790931561.355771952] [planner_server]: Plan computed: 3 poses
[planner_server-4] [INFO] [1790931561.459100993] [planner_server]: Planning took 0 ms
[planner_server-4] [INFO] [1790931561.459195703] [planner_server]: Plan computed: 3 poses
[planner_server-4] [INFO] [1790931561.567723922] [planner_server]: Planning took 0 ms
[planner_server-4] [INFO] [1790931561.567859594] [planner_server]: Plan computed: 3 poses
[planner_server-4] [INFO] [1790931561.679264672] [planner_server]: Planning took 0 ms
[planner_server-4] [INFO] [1790931561.679420961] [planner_server]: Plan computed: 2 poses
[planner_server-4] [INFO] [1790931561.788068044] [planner_server]: Planning took 0 ms
[planner_server-4] [INFO] [1790931561.788492662] [planner_server]: Plan computed: 2 poses
[planner_server-4] [INFO] [1790931561.896011553] [planner_server]: Planning took 0 ms
[planner_server-4] [INFO] [1790931561.896113365] [planner_server]: Plan computed: 2 poses
[nav_interface_node-7] [INFO] [1790931561.965607404] [nav_interface_node]: [NavStateTrack] Goal reached! remaining=0.039 m, elapsed=103.45 s
[nav_interface_node-7] Sequence succeeded, halting children and returning SUCCESS
[nav_interface_node-7] [INFO] [1790931561.975185224] [nav_interface_node]: Navigation task finished successfully.
[sp_decision_node-6] [INFO] [1790931562.126481780] [sp_decision]: [NavToPose] Goal succeeded.
[sp_decision_node-6] [INFO] [1790931562.128424928] [sp_decision]: [DecisionEngine] SUCCEEDED – restarting
[sp_decision_node-6] [INFO] [1790931562.226161862] [sp_decision]: [WaitDuration] Wait complete – SUCCESS.
[sp_decision_node-6] [INFO] [1790931562.226325024] [sp_decision]: [DecisionEngine] SUCCEEDED – restarting
[sp_decision_node-6] [INFO] [1790931562.326209290] [sp_decision]: [DecisionEngine] SUCCEEDED – restarting
[sp_decision_node-6] [INFO] [1790931562.426764690] [sp_decision]: [DecisionEngine] SUCCEEDED – restarting
[sp_decision_node-6] [INFO] [1790931562.525980077] [sp_decision]: [DecisionEngine] SUCCEEDED – restarting
[sp_decision_node-6] [INFO] [1790931562.627823992] [sp_decision]: [DecisionEngine] SUCCEEDED – restarting
[sp_decision_node-6] [INFO] [1790931562.726793476] [sp_decision]: [DecisionEngine] SUCCEEDED – restarting
[sp_decision_node-6] [INFO] [1790931562.826117423] [sp_decision]: [DecisionEngine] SUCCEEDED – restarting
[sp_decision_node-6] [INFO] [1790931562.926397586] [sp_decision]: [DecisionEngine] SUCCEEDED – restarting
[sp_decision_node-6] [INFO] [1790931563.025858075] [sp_decision]: [DecisionEngine] SUCCEEDED – restarting
[sp_decision_node-6] [INFO] [1790931563.126390318] [sp_decision]: [DecisionEngine] SUCCEEDED – restarting
[sp_decision_node-6] [INFO] [1790931563.227151990] [sp_decision]: [DecisionEngine] SUCCEEDED – restarting
[controller_node-5] [WARN] [1790931563.253827089] [controller_server]: path_copy succeeded.
[controller_node-5] [INFO] [1790931563.274370424] [controller_server]: Computed velocity commands: linear.x=0.00, linear.y=-0.01, angular.z=0.00
[sp_decision_node-6] [INFO] [1790931563.325775180] [sp_decision]: [DecisionEngine] SUCCEEDED – restarting
[sp_decision_node-6] [INFO] [1790931563.426153032] [sp_decision]: [DecisionEngine] SUCCEEDED – restarting
[sp_decision_node-6] [INFO] [1790931563.526050557] [sp_decision]: [DecisionEngine] SUCCEEDED – restarting
[sp_decision_node-6] [INFO] [1790931563.626274604] [sp_decision]: [DecisionEngine] SUCCEEDED – restarting
[sp_decision_node-6] [INFO] [1790931563.726872078] [sp_decision]: [DecisionEngine] SUCCEEDED – restarting
[sp_decision_node-6] [INFO] [1790931563.826349353] [sp_decision]: [DecisionEngine] SUCCEEDED – restarting
[sp_decision_node-6] [INFO] [1790931563.925782990] [sp_decision]: [DecisionEngine] SUCCEEDED – restarting
[sp_decision_node-6] [INFO] [1790931564.026174335] [sp_decision]: [DecisionEngine] SUCCEEDED – restarting
[sp_decision_node-6] [INFO] [1790931564.125952489] [sp_decision]: [DecisionEngine] SUCCEEDED – restarting
[sp_decision_node-6] [INFO] [1790931564.226169280] [sp_decision]: [DecisionEngine] SUCCEEDED – restarting
[sp_decision_node-6] [INFO] [1790931564.326372816] [sp_decision]: [DecisionEngine] SUCCEEDED – restarting
[sp_decision_node-6] [INFO] [1790931564.426039719] [sp_decision]: [DecisionEngine] SUCCEEDED – restarting
[sp_decision_node-6] [INFO] [1790931564.526401742] [sp_decision]: [DecisionEngine] SUCCEEDED – restarting
[sp_decision_node-6] [INFO] [1790931564.626755326] [sp_decision]: [DecisionEngine] SUCCEEDED – restarting
[sp_decision_node-6] [INFO] [1790931564.725741053] [sp_decision]: [DecisionEngine] SUCCEEDED – restarting
[sp_decision_node-6] [INFO] [1790931564.826308783] [sp_decision]: [DecisionEngine] SUCCEEDED – restarting
[sp_decision_node-6] [INFO] [1790931564.926086919] [sp_decision]: [DecisionEngine] SUCCEEDED – restarting
[sp_decision_node-6] [INFO] [1790931565.025875853] [sp_decision]: [DecisionEngine] SUCCEEDED – restarting
[sp_decision_node-6] [INFO] [1790931565.126695332] [sp_decision]: [DecisionEngine] SUCCEEDED – restarting
[sp_decision_node-6] [INFO] [1790931565.226705506] [sp_decision]: [DecisionEngine] SUCCEEDED – restarting
[controller_node-5] [WARN] [1790931565.254247099] [controller_server]: path_copy succeeded.
[controller_node-5] [INFO] [1790931565.293855266] [controller_server]: Computed velocity commands: linear.x=0.00, linear.y=0.00, angular.z=0.00
[sp_decision_node-6] [INFO] [1790931565.326441031] [sp_decision]: [DecisionEngine] SUCCEEDED – restarting
[sp_decision_node-6] [INFO] [1790931565.426445376] [sp_decision]: [DecisionEngine] SUCCEEDED – restarting
[sp_decision_node-6] [INFO] [1790931565.526408467] [sp_decision]: [DecisionEngine] SUCCEEDED – restarting
[sp_decision_node-6] [INFO] [1790931565.626022505] [sp_decision]: [DecisionEngine] SUCCEEDED – restarting
[sp_decision_node-6] [INFO] [1790931565.726247943] [sp_decision]: [DecisionEngine] SUCCEEDED – restarting
[sp_decision_node-6] [INFO] [1790931565.826379815] [sp_decision]: [DecisionEngine] SUCCEEDED – restarting
[sp_decision_node-6] [INFO] [1790931565.925996929] [sp_decision]: [DecisionEngine] SUCCEEDED – restarting
[sp_decision_node-6] [INFO] [1790931566.026164854] [sp_decision]: [DecisionEngine] SUCCEEDED – restarting
[sp_decision_node-6] [INFO] [1790931566.127263175] [sp_decision]: [DecisionEngine] SUCCEEDED – restarting
[sp_decision_node-6] [INFO] [1790931566.226735805] [sp_decision]: [DecisionEngine] SUCCEEDED – restarting
[sp_decision_node-6] [INFO] [1790931566.327369547] [sp_decision]: [DecisionEngine] SUCCEEDED – restarting
[sp_decision_node-6] [INFO] [1790931566.425796060] [sp_decision]: [DecisionEngine] SUCCEEDED – restarting
[sp_decision_node-6] [INFO] [1790931566.526071743] [sp_decision]: [DecisionEngine] SUCCEEDED – restarting
[sp_decision_node-6] [INFO] [1790931566.626314135] [sp_decision]: [DecisionEngine] SUCCEEDED – restarting
[sp_decision_node-6] [INFO] [1790931566.726020394] [sp_decision]: [DecisionEngine] SUCCEEDED – restarting
[sp_decision_node-6] [INFO] [1790931566.825916085] [sp_decision]: [DecisionEngine] SUCCEEDED – restarting
[sp_decision_node-6] [INFO] [1790931566.926130542] [sp_decision]: [DecisionEngine] SUCCEEDED – restarting
[sp_decision_node-6] [INFO] [1790931567.026255147] [sp_decision]: [DecisionEngine] SUCCEEDED – restarting
[sp_decision_node-6] [INFO] [1790931567.126092219] [sp_decision]: [DecisionEngine] SUCCEEDED – restarting
[sp_decision_node-6] [INFO] [1790931567.226249887] [sp_decision]: [DecisionEngine] SUCCEEDED – restarting
[controller_node-5] [WARN] [1790931567.273609443] [controller_server]: path_copy succeeded.
[controller_node-5] [INFO] [1790931567.293949262] [controller_server]: Computed velocity commands: linear.x=0.00, linear.y=0.00, angular.z=0.00
[sp_decision_node-6] [INFO] [1790931567.325852847] [sp_decision]: [DecisionEngine] SUCCEEDED – restarting
[sp_decision_node-6] [INFO] [1790931567.426456237] [sp_decision]: [DecisionEngine] SUCCEEDED – restarting
[sp_decision_node-6] [INFO] [1790931567.526170044] [sp_decision]: [DecisionEngine] SUCCEEDED – restarting
[sp_decision_node-6] [INFO] [1790931567.626546612] [sp_decision]: [DecisionEngine] SUCCEEDED – restarting
[sp_decision_node-6] [INFO] [1790931567.726103587] [sp_decision]: [DecisionEngine] SUCCEEDED – restarting
[sp_decision_node-6] [INFO] [1790931567.827198457] [sp_decision]: [DecisionEngine] SUCCEEDED – restarting
[sp_decision_node-6] [INFO] [1790931567.926190364] [sp_decision]: [DecisionEngine] SUCCEEDED – restarting
[sp_decision_node-6] [INFO] [1790931568.026494110] [sp_decision]: [DecisionEngine] SUCCEEDED – restarting
[sp_decision_node-6] [INFO] [1790931568.125970627] [sp_decision]: [DecisionEngine] SUCCEEDED – restarting
[sp_decision_node-6] [INFO] [1790931568.226076296] [sp_decision]: [DecisionEngine] SUCCEEDED – restarting
[sp_decision_node-6] [INFO] [1790931568.329354376] [sp_decision]: [DecisionEngine] SUCCEEDED – restarting
[sp_decision_node-6] [INFO] [1790931568.426150740] [sp_decision]: [DecisionEngine] SUCCEEDED – restarting
[sp_decision_node-6] [INFO] [1790931568.526869613] [sp_decision]: [DecisionEngine] SUCCEEDED – restarting
[sp_decision_node-6] [INFO] [1790931568.626157432] [sp_decision]: [DecisionEngine] SUCCEEDED – restarting
[sp_decision_node-6] [INFO] [1790931568.726080867] [sp_decision]: [DecisionEngine] SUCCEEDED – restarting
[sp_decision_node-6] [INFO] [1790931568.827372041] [sp_decision]: [DecisionEngine] SUCCEEDED – restarting
[sp_decision_node-6] [INFO] [1790931568.926113293] [sp_decision]: [DecisionEngine] SUCCEEDED – restarting
[WARNING] [launch]: user interrupted with ctrl-c (SIGINT)
[INFO] [rviz2-8]: sending signal 'SIGINT' to process[rviz2-8]
[INFO] [nav_interface_node-7]: sending signal 'SIGINT' to process[nav_interface_node-7]
[INFO] [sp_decision_node-6]: sending signal 'SIGINT' to process[sp_decision_node-6]
[INFO] [controller_node-5]: sending signal 'SIGINT' to process[controller_node-5]
[INFO] [planner_server-4]: sending signal 'SIGINT' to process[planner_server-4]
[INFO] [esdf_map_publisher-3]: sending signal 'SIGINT' to process[esdf_map_publisher-3]
[INFO] [sim_robot-2]: sending signal 'SIGINT' to process[sim_robot-2]
[INFO] [static_transform_publisher-1]: sending signal 'SIGINT' to process[static_transform_publisher-1]
[ERROR] [nav_interface_node-7]: process has died [pid 41557, exit code -2, cmd '/home/zrj/nav_final_project/install/sp_nav_bt/lib/sp_nav_bt/nav_interface_node --ros-args -r __node:=nav_interface_node --params-file /home/zrj/nav_final_project/install/sp_nav_bringup/share/sp_nav_bringup/config/nav_params.yaml --params-file /tmp/launch_params_d0aqe1xk'].
[rviz2-8] [INFO] [1790931568.962176390] [rclcpp]: signal_handler(SIGINT/SIGTERM)
[ERROR] [controller_node-5]: process has died [pid 41553, exit code -2, cmd '/home/zrj/nav_final_project/install/sp_controller_server/lib/sp_controller_server/controller_node --ros-args -r __node:=controller_server --params-file /home/zrj/nav_final_project/install/sp_nav_bringup/share/sp_nav_bringup/config/nav_params.yaml --params-file /tmp/launch_params_noyj06m8'].
[static_transform_publisher-1] [INFO] [1790931568.962253528] [rclcpp]: signal_handler(SIGINT/SIGTERM)
[sp_decision_node-6] [INFO] [1790931568.962262935] [rclcpp]: signal_handler(SIGINT/SIGTERM)
[sp_decision_node-6] [INFO] [1790931568.964546330] [sp_decision]: [DecisionEngine] Stopped.
[ERROR] [planner_server-4]: process has died [pid 41551, exit code -2, cmd '/home/zrj/nav_final_project/install/sp_global_planner/lib/sp_global_planner/planner_server --ros-args -r __node:=planner_server --params-file /home/zrj/nav_final_project/install/sp_nav_bringup/share/sp_nav_bringup/config/nav_params.yaml --params-file /tmp/launch_params_74j5cp4b'].
[ERROR] [static_transform_publisher-1]: process has died [pid 41545, exit code -2, cmd '/opt/ros/humble/lib/tf2_ros/static_transform_publisher 0 0.15 0 0 0 0 base_link livox_frame --ros-args'].
[nav_interface_node-7] [INFO] [1790931568.962109105] [rclcpp]: signal_handler(SIGINT/SIGTERM)
[esdf_map_publisher-3] [INFO] [1790931568.963104136] [rclcpp]: signal_handler(SIGINT/SIGTERM)
[controller_node-5] [INFO] [1790931568.965257669] [rclcpp]: signal_handler(SIGINT/SIGTERM)
[planner_server-4] [INFO] [1790931568.965461938] [rclcpp]: signal_handler(SIGINT/SIGTERM)
[rviz2-8] [INFO] [1790931568.981629384] [rclcpp]: signal_handler(SIGINT/SIGTERM)
[sp_decision_node-6] [INFO] [1790931568.986207213] [rclcpp]: signal_handler(SIGINT/SIGTERM)
[esdf_map_publisher-3] [INFO] [1790931568.992150770] [rclcpp]: signal_handler(SIGINT/SIGTERM)
[sim_robot-2] Traceback (most recent call last):
[sim_robot-2]   File "/home/zrj/nav_final_project/install/sp_nav_sim/lib/sp_nav_sim/sim_robot", line 33, in <module>
[sim_robot-2]     sys.exit(load_entry_point('sp-nav-sim', 'console_scripts', 'sim_robot')())
[sim_robot-2]   File "/home/zrj/nav_final_project/build/sp_nav_sim/sp_nav_sim/sim_robot_node.py", line 598, in main
[sim_robot-2]     node.destroy_node()
[sim_robot-2]   File "/opt/ros/humble/local/lib/python3.10/dist-packages/rclpy/node.py", line 1687, in destroy_node
[sim_robot-2]     self.destroy_subscription(self._subscriptions[0])
[sim_robot-2]   File "/opt/ros/humble/local/lib/python3.10/dist-packages/rclpy/node.py", line 1583, in destroy_subscription
[sim_robot-2]     subscription.destroy()
[sim_robot-2] KeyboardInterrupt
[sim_robot-2] The following exception was never retrieved: Failed to publish: publisher's context is invalid, at ./src/rcl/publisher.c:389
[sim_robot-2] The following exception was never retrieved: cannot use Destroyable because destruction was requested
[INFO] [esdf_map_publisher-3]: process has finished cleanly [pid 41549]
[ERROR] [sim_robot-2]: process has died [pid 41547, exit code -2, cmd '/home/zrj/nav_final_project/install/sp_nav_sim/lib/sp_nav_sim/sim_robot --ros-args -r __node:=sim_robot_node --params-file /home/zrj/nav_final_project/install/sp_nav_sim/share/sp_nav_sim/config/sim_robot.yaml'].
[INFO] [rviz2-8]: process has finished cleanly [pid 41559]
[ERROR] [sp_decision_node-6]: process[sp_decision_node-6] failed to terminate '5' seconds after receiving 'SIGINT', escalating to 'SIGTERM'
[INFO] [sp_decision_node-6]: sending signal 'SIGTERM' to process[sp_decision_node-6]
[sp_decision_node-6] [INFO] [1790931573.985608542] [rclcpp]: signal_handler(SIGINT/SIGTERM)
[ERROR] [sp_decision_node-6]: process[sp_decision_node-6] failed to terminate '10.0' seconds after receiving 'SIGTERM', escalating to 'SIGKILL'
[INFO] [sp_decision_node-6]: sending signal 'SIGKILL' to process[sp_decision_node-6]
[ERROR] [sp_decision_node-6]: process has died [pid 41555, exit code -9, cmd '/home/zrj/nav_final_project/install/sp_decision/lib/sp_decision/sp_decision_node --ros-args -r __node:=sp_decision --params-file /home/zrj/nav_final_project/install/sp_nav_bringup/share/sp_nav_bringup/config/nav_params.yaml --params-file /tmp/launch_params_4at2lp96'].
