[INFO] [launch]: All log files can be found below /home/zrj/.ros/log/2026-10-02-06-36-30-370613-zrj-virtual-machine-69356
[INFO] [launch]: Default logging verbosity is set to INFO
[INFO] [sim_robot-2]: process started with pid [69414]
[INFO] [static_transform_publisher-1]: process started with pid [69412]
[INFO] [esdf_map_publisher-3]: process started with pid [69416]
[INFO] [planner_server-4]: process started with pid [69418]
[INFO] [controller_node-5]: process started with pid [69420]
[INFO] [sp_decision_node-6]: process started with pid [69422]
[INFO] [nav_interface_node-7]: process started with pid [69424]
[static_transform_publisher-1] [WARN] [1790937391.101053917] []: Old-style arguments are deprecated; see --help for new-style arguments
[sim_robot-2] pygame 2.1.2 (SDL 2.0.20, Python 3.10.12)
[sim_robot-2] Hello from the pygame community. https://www.pygame.org/contribute.html
[static_transform_publisher-1] [INFO] [1790937391.781732208] [static_transform_publisher_3hSu07XUDnk6pPnw]: Spinning until stopped - publishing transform
[static_transform_publisher-1] translation: ('0.000000', '0.150000', '0.000000')
[static_transform_publisher-1] rotation: ('0.000000', '0.000000', '0.000000', '1.000000')
[static_transform_publisher-1] from 'base_link' to 'livox_frame'
[nav_interface_node-7] [INFO] [1790937391.801454308] [nav_interface_node]: Loading plugin: nav_compute_path_service
[nav_interface_node-7] [INFO] [1790937391.825655865] [nav_interface_node]: Loading plugin: nav_state_track
[planner_server-4] [INFO] [1790937391.843935756] [planner_server]: PlannerServer ready. costmap_topic=/global_costmap local_costmap_topic=/local_costmap/costmap path_topic=/global_path service=make_plan plugin=AStar (sp_global_planner/AStarPlanner)
[nav_interface_node-7] [INFO] [1790937391.847628062] [nav_interface_node]: Loading plugin: nav_rate_control
[nav_interface_node-7] [INFO] [1790937391.853370583] [nav_interface_node]: Loading plugin: nav_repeat_sequence
[nav_interface_node-7] [INFO] [1790937391.860584781] [nav_interface_node]: Loading plugin: nav_get_pose
[controller_node-5] [INFO] [1790937391.867099751] [controller_server]: MPC configured: max_speed=2.00 m/s horizon=28 dt=0.070 s
[controller_node-5] [INFO] [1790937391.867394357] [controller_server]: Loaded controller plugin: MpcController (MpcController)
[nav_interface_node-7] [INFO] [1790937391.875034056] [nav_interface_node]: Loading plugin: nav_set_control_enable
[planner_server-4] [INFO] [1790937391.881685103] [planner_server]: AStarPlanner configured: lethal_cost=95 cost_weight=6.000
[planner_server-4] [INFO] [1790937391.881763857] [planner_server]: PlannerServer ready. costmap_topic=/global_costmap local_costmap_topic=/local_costmap/costmap path_topic=/global_path service=make_plan plugin=AStar (sp_global_planner/AStarPlanner)
[nav_interface_node-7] [INFO] [1790937391.892667088] [nav_interface_node]: Initializing BT from: /home/zrj/nav_final_project/install/sp_nav_bt/share/sp_nav_bt/nav_bt/default_nav_with_fallback.xml
[sp_decision_node-6] [WARN] [1790937391.977205621] [rcl.logging_rosout]: Publisher already registered for provided node name. If this is due to multiple nodes with the same name then all logs for that logger name will go out over the existing publisher. As soon as any node with that name is destructed it will unregister the publisher, preventing any further logs for that name from being published on the rosout topic.
[nav_interface_node-7] [INFO] [1790937392.012250602] [nav_interface_node]: Navigation Interface Node initialized.
[nav_interface_node-7] [INFO] [1790937392.015372913] [nav_interface_node]: Restart-task service ready at /nav_interface/restart_task
[sp_decision_node-6] [INFO] [1790937392.020253780] [sp_decision]: [BlackboardBridge] Initialized (goal_pose only).
[sp_decision_node-6] [INFO] [1790937392.564786519] [sp_decision]: [BtEngine] Loading plugin: nav_to_pose_bt_node
[sp_decision_node-6] [INFO] [1790937392.583562948] [sp_decision]: [BtEngine] Loading plugin: condition_judge_bt_node
[sp_decision_node-6] [INFO] [1790937393.196294621] [sp_decision]: [BtEngine] Loading plugin: wait_duration_bt_node
[sp_decision_node-6] [INFO] [1790937393.202490141] [sp_decision]: [BtEngine] Loading plugin: gimbal_control_bt_node
[sp_decision_node-6] [INFO] [1790937393.212435678] [sp_decision]: [BtEngine] Loading plugin: chassis_mode_bt_node
[sp_decision_node-6] [INFO] [1790937393.227078658] [sp_decision]: [BtEngine] Loading plugin: set_double_bt_node
[sp_decision_node-6] [INFO] [1790937393.232990243] [sp_decision]: [BtEngine] Initialising tree from: /home/zrj/nav_final_project/install/sp_decision/share/sp_decision/decision_trees/click_nav.xml
[sp_decision_node-6] [WARN] [1790937393.253462331] [rcl.logging_rosout]: Publisher already registered for provided node name. If this is due to multiple nodes with the same name then all logs for that logger name will go out over the existing publisher. As soon as any node with that name is destructed it will unregister the publisher, preventing any further logs for that name from being published on the rosout topic.
[sp_decision_node-6] [INFO] [1790937393.303994692] [sp_decision]: [NavToPose] BT node 'NavToPose' initialised (ros node: nav_to_pose_0).
[sp_decision_node-6] [INFO] [1790937393.310462028] [sp_decision]: [ChassisMode] BT node initialised.
[sp_decision_node-6] [INFO] [1790937393.312835681] [sp_decision]: [GimbalControl] BT node initialised.
[sp_decision_node-6] [INFO] [1790937393.313455171] [sp_decision]: [WaitDuration] BT node initialised.
[sp_decision_node-6] [INFO] [1790937393.315220240] [sp_decision]: [DecisionEngine] Started with tree: /home/zrj/nav_final_project/install/sp_decision/share/sp_decision/decision_trees/click_nav.xml
[sp_decision_node-6] [INFO] [1790937393.316412263] [sp_decision]: [DecisionEngine] Started: /home/zrj/nav_final_project/install/sp_decision/share/sp_decision/decision_trees/click_nav.xml
[sp_decision_node-6] [INFO] [1790937393.334561484] [ConditionJudge]: [ConditionJudge] Initialised: 2 variables, 3 conditions, 3 children.
[sp_decision_node-6] [INFO] [1790937393.336637219] [sp_decision]: [WaitDuration] duration < 0 – blocking forever (RUNNING).
[esdf_map_publisher-3] [INFO] [1790937393.645864312] [esdf_map_publisher]: Loaded map: /home/zrj/nav_final_project/install/sp_nav_bringup/share/sp_nav_bringup/map/maze_map.pgm  size=300x300  res=0.050 m/cell  origin=[0.000, 0.000, 0.000]  negate=0  unknown_as_obstacle=true
[sim_robot-2] [0m[INFO] [1790937393.802833921] [sim_robot_node]: SimRobotNode ready | map=/home/zrj/nav_final_project/install/sp_nav_bringup/share/sp_nav_bringup/map/maze_map.pgm | robots=[1, 2, 3] | sim=30.0Hz pub=30.0Hz odom=30.0Hz[0m
[sim_robot-2] [0m[INFO] [1790937393.803952066] [sim_robot_node]: map->lidar_odom origin=(0.900, 0.900) | start: base_link ≡ lidar_odom[0m
[sim_robot-2] [0m[INFO] [1790937393.804657344] [sim_robot_node]: gimbal_topic=/gimbal/control scan_speed=1.0 rad/s | chassis_topic=/chassis/mode[0m
[sim_robot-2] [0m[INFO] [1790937393.805652177] [sim_robot_node]: local_costmap_topic=/local_costmap/costmap frame=map window=4.00x4.00m[0m
[planner_server-4] [INFO] [1790937397.104920218] [planner_server]: Received goal from /goal_pose: (14.100, 14.100) frame=map
[sp_decision_node-6] [INFO] [1790937397.106436089] [sp_decision]: [BlackboardBridge] New goal_pose  x=14.100  y=14.100
[sp_decision_node-6] [INFO] [1790937397.116589862] [ConditionJudge]: [ConditionJudge] Switching child 2 -> 0, halting previous.
[sp_decision_node-6] [INFO] [1790937397.116676972] [sp_decision]: [WaitDuration] Halted – timer cleared.
[sp_decision_node-6] [INFO] [1790937397.118395408] [sp_decision]: [DecisionEngine] SUCCEEDED – restarting
[sp_decision_node-6] [INFO] [1790937397.217940887] [sp_decision]: [NavToPose] Using blackboard PoseStamped  x=14.100  y=14.100  frame='map'
[sp_decision_node-6] [INFO] [1790937397.220590337] [sp_decision]: [NavToPose] Sending goal  x=14.100  y=14.100  frame='map'
[nav_interface_node-7] [INFO] [1790937397.225694937] [nav_interface_node]: Received goal request: Go to (14.10, 14.10)
[nav_interface_node-7] [INFO] [1790937397.231212634] [nav_interface_node]: BT goal_pose set to ORIGINAL action goal: (14.100, 14.100)
[nav_interface_node-7] [INFO] [1790937397.231377106] [nav_interface_node]: Executing Static BT for goal...
[nav_interface_node-7] [INFO] [1790937397.231417735] [nav_interface_node]: Running Behavior Tree...
[planner_server-4] [INFO] [1790937397.261820248] [planner_server]: Planning took 23 ms
[planner_server-4] [INFO] [1790937397.264086023] [planner_server]: Plan computed: 914 poses
[controller_node-5] [WARN] [1790937397.268831051] [controller_server]: path_copy succeeded.
[controller_node-5] [INFO] [1790937397.274019245] [controller_server]: Computed velocity commands: linear.x=0.04, linear.y=-0.00, angular.z=0.00
[controller_node-5] [INFO] [1790937397.275549263] [controller_server]: Control enabled
[nav_interface_node-7] [INFO] [1790937397.281675209] [nav_interface_node]: [SetControlEnable] Control enabled
[nav_interface_node-7] [INFO] [1790937397.281867464] [nav_interface_node]: [NavStateTrack] Task started, monitoring navigation progress.
[nav_interface_node-7] [INFO] [1790937397.281907192] [nav_interface_node]: [NavStateTrack] onStart() entered.
[planner_server-4] [INFO] [1790937397.404120881] [planner_server]: Planning took 21 ms
[planner_server-4] [INFO] [1790937397.404522415] [planner_server]: Plan computed: 914 poses
[sp_decision_node-6] [INFO] [1790937397.419343539] [sp_decision]: [NavToPose] Goal ACCEPTED – robot is navigating.
[planner_server-4] [INFO] [1790937397.531744347] [planner_server]: Planning took 19 ms
[planner_server-4] [INFO] [1790937397.532429295] [planner_server]: Plan computed: 914 poses
[planner_server-4] [INFO] [1790937397.664669478] [planner_server]: Planning took 19 ms
[planner_server-4] [INFO] [1790937397.665370076] [planner_server]: Plan computed: 913 poses
[planner_server-4] [INFO] [1790937397.790973477] [planner_server]: Planning took 17 ms
[planner_server-4] [INFO] [1790937397.791429177] [planner_server]: Plan computed: 913 poses
[planner_server-4] [INFO] [1790937397.939743176] [planner_server]: Planning took 34 ms
[planner_server-4] [INFO] [1790937397.941372438] [planner_server]: Plan computed: 913 poses
[planner_server-4] [INFO] [1790937398.072454299] [planner_server]: Planning took 17 ms
[planner_server-4] [INFO] [1790937398.073121582] [planner_server]: Plan computed: 912 poses
[planner_server-4] [INFO] [1790937398.200852638] [planner_server]: Planning took 18 ms
[planner_server-4] [INFO] [1790937398.202256344] [planner_server]: Plan computed: 911 poses
[planner_server-4] [INFO] [1790937398.331246866] [planner_server]: Planning took 18 ms
[planner_server-4] [INFO] [1790937398.331576570] [planner_server]: Plan computed: 910 poses
[planner_server-4] [INFO] [1790937398.461325974] [planner_server]: Planning took 18 ms
[planner_server-4] [INFO] [1790937398.461927909] [planner_server]: Plan computed: 909 poses
[planner_server-4] [INFO] [1790937398.591939666] [planner_server]: Planning took 19 ms
[planner_server-4] [INFO] [1790937398.592655344] [planner_server]: Plan computed: 908 poses
[planner_server-4] [INFO] [1790937398.721709034] [planner_server]: Planning took 19 ms
[planner_server-4] [INFO] [1790937398.722608351] [planner_server]: Plan computed: 907 poses
[planner_server-4] [INFO] [1790937398.852163139] [planner_server]: Planning took 18 ms
[planner_server-4] [INFO] [1790937398.852447003] [planner_server]: Plan computed: 905 poses
[planner_server-4] [INFO] [1790937398.980970566] [planner_server]: Planning took 18 ms
[planner_server-4] [INFO] [1790937398.981694941] [planner_server]: Plan computed: 903 poses
[planner_server-4] [INFO] [1790937399.113424814] [planner_server]: Planning took 20 ms
[planner_server-4] [INFO] [1790937399.114392544] [planner_server]: Plan computed: 901 poses
[planner_server-4] [INFO] [1790937399.239790285] [planner_server]: Planning took 16 ms
[planner_server-4] [INFO] [1790937399.240514249] [planner_server]: Plan computed: 899 poses
[controller_node-5] [WARN] [1790937399.288010905] [controller_server]: path_copy succeeded.
[controller_node-5] [INFO] [1790937399.288544968] [controller_server]: Computed velocity commands: linear.x=0.06, linear.y=-0.94, angular.z=0.00
[planner_server-4] [INFO] [1790937399.362513002] [planner_server]: Planning took 17 ms
[planner_server-4] [INFO] [1790937399.363027607] [planner_server]: Plan computed: 897 poses
[planner_server-4] [INFO] [1790937399.491215837] [planner_server]: Planning took 18 ms
[planner_server-4] [INFO] [1790937399.491880525] [planner_server]: Plan computed: 894 poses
[planner_server-4] [INFO] [1790937399.623685749] [planner_server]: Planning took 18 ms
[planner_server-4] [INFO] [1790937399.625235566] [planner_server]: Plan computed: 894 poses
[planner_server-4] [INFO] [1790937399.751296332] [planner_server]: Planning took 18 ms
[planner_server-4] [INFO] [1790937399.751637278] [planner_server]: Plan computed: 891 poses
[planner_server-4] [INFO] [1790937399.881287864] [planner_server]: Planning took 18 ms
[planner_server-4] [INFO] [1790937399.882166701] [planner_server]: Plan computed: 889 poses
[planner_server-4] [INFO] [1790937400.011042522] [planner_server]: Planning took 18 ms
[planner_server-4] [INFO] [1790937400.012162349] [planner_server]: Plan computed: 888 poses
[planner_server-4] [INFO] [1790937400.144332837] [planner_server]: Planning took 20 ms
[planner_server-4] [INFO] [1790937400.144626110] [planner_server]: Plan computed: 887 poses
[planner_server-4] [INFO] [1790937400.272545456] [planner_server]: Planning took 18 ms
[planner_server-4] [INFO] [1790937400.272939596] [planner_server]: Plan computed: 886 poses
[planner_server-4] [INFO] [1790937400.404358676] [planner_server]: Planning took 21 ms
[planner_server-4] [INFO] [1790937400.404986312] [planner_server]: Plan computed: 885 poses
[planner_server-4] [INFO] [1790937400.534223582] [planner_server]: Planning took 21 ms
[planner_server-4] [INFO] [1790937400.534646919] [planner_server]: Plan computed: 884 poses
[planner_server-4] [INFO] [1790937400.660686184] [planner_server]: Planning took 18 ms
[planner_server-4] [INFO] [1790937400.661110673] [planner_server]: Plan computed: 883 poses
[planner_server-4] [INFO] [1790937400.790033599] [planner_server]: Planning took 17 ms
[planner_server-4] [INFO] [1790937400.790517454] [planner_server]: Plan computed: 881 poses
[planner_server-4] [INFO] [1790937400.923754525] [planner_server]: Planning took 18 ms
[planner_server-4] [INFO] [1790937400.924199153] [planner_server]: Plan computed: 878 poses
[planner_server-4] [INFO] [1790937401.051739051] [planner_server]: Planning took 19 ms
[planner_server-4] [INFO] [1790937401.052962560] [planner_server]: Plan computed: 876 poses
[planner_server-4] [INFO] [1790937401.183050873] [planner_server]: Planning took 19 ms
[planner_server-4] [INFO] [1790937401.183570036] [planner_server]: Plan computed: 876 poses
[controller_node-5] [WARN] [1790937401.288172510] [controller_server]: path_copy succeeded.
[controller_node-5] [INFO] [1790937401.288625194] [controller_server]: Computed velocity commands: linear.x=-1.15, linear.y=-0.96, angular.z=0.00
[planner_server-4] [INFO] [1790937401.311523786] [planner_server]: Planning took 17 ms
[planner_server-4] [INFO] [1790937401.311982402] [planner_server]: Plan computed: 873 poses
[planner_server-4] [INFO] [1790937401.440414215] [planner_server]: Planning took 18 ms
[planner_server-4] [INFO] [1790937401.440984318] [planner_server]: Plan computed: 871 poses
[planner_server-4] [INFO] [1790937401.574421084] [planner_server]: Planning took 18 ms
[planner_server-4] [INFO] [1790937401.575364551] [planner_server]: Plan computed: 870 poses
[planner_server-4] [INFO] [1790937401.701505306] [planner_server]: Planning took 18 ms
[planner_server-4] [INFO] [1790937401.702076441] [planner_server]: Plan computed: 870 poses
[planner_server-4] [INFO] [1790937401.832150140] [planner_server]: Planning took 18 ms
[planner_server-4] [INFO] [1790937401.832891177] [planner_server]: Plan computed: 870 poses
[planner_server-4] [INFO] [1790937401.959860374] [planner_server]: Planning took 17 ms
[planner_server-4] [INFO] [1790937401.961452864] [planner_server]: Plan computed: 869 poses
[planner_server-4] [INFO] [1790937402.090698007] [planner_server]: Planning took 17 ms
[planner_server-4] [INFO] [1790937402.092509233] [planner_server]: Plan computed: 868 poses
[planner_server-4] [INFO] [1790937402.220558305] [planner_server]: Planning took 17 ms
[planner_server-4] [INFO] [1790937402.221497549] [planner_server]: Plan computed: 868 poses
[planner_server-4] [INFO] [1790937402.350808430] [planner_server]: Planning took 17 ms
[planner_server-4] [INFO] [1790937402.351360628] [planner_server]: Plan computed: 866 poses
[planner_server-4] [INFO] [1790937402.481277432] [planner_server]: Planning took 17 ms
[planner_server-4] [INFO] [1790937402.481652324] [planner_server]: Plan computed: 866 poses
[planner_server-4] [INFO] [1790937402.609377543] [planner_server]: Planning took 17 ms
[planner_server-4] [INFO] [1790937402.609876658] [planner_server]: Plan computed: 865 poses
[planner_server-4] [ERROR] [1790937402.712358400] [planner_server]: Start is in blocked cell (cost=100).
[planner_server-4] [INFO] [1790937402.712504074] [planner_server]: Planning took 0 ms
[planner_server-4] [INFO] [1790937402.712885860] [planner_server]: Plan computed: 0 poses
[nav_interface_node-7] [ERROR] [1790937402.713508336] [nav_interface_node]: ComputePathService: Failed to get plan or plan is empty
[controller_node-5] [INFO] [1790937402.714338707] [controller_server]: Control disabled
[nav_interface_node-7] [INFO] [1790937402.723297258] [nav_interface_node]: [SetControlEnable] Control disabled
[planner_server-4] [ERROR] [1790937402.832724502] [planner_server]: Start is in blocked cell (cost=100).
[planner_server-4] [INFO] [1790937402.832831030] [planner_server]: Planning took 0 ms
[planner_server-4] [INFO] [1790937402.833162717] [planner_server]: Plan computed: 0 poses
[nav_interface_node-7] [ERROR] [1790937402.833780864] [nav_interface_node]: ComputePathService: Failed to get plan or plan is empty
[planner_server-4] [ERROR] [1790937402.942334036] [planner_server]: Start is in blocked cell (cost=100).
[planner_server-4] [INFO] [1790937402.942419122] [planner_server]: Planning took 0 ms
[planner_server-4] [INFO] [1790937402.942533436] [planner_server]: Plan computed: 0 poses
[nav_interface_node-7] [ERROR] [1790937402.943234780] [nav_interface_node]: ComputePathService: Failed to get plan or plan is empty
[planner_server-4] [ERROR] [1790937403.054436535] [planner_server]: Start is in blocked cell (cost=100).
[planner_server-4] [INFO] [1790937403.054662035] [planner_server]: Planning took 0 ms
[planner_server-4] [INFO] [1790937403.054844572] [planner_server]: Plan computed: 0 poses
[nav_interface_node-7] [ERROR] [1790937403.056623615] [nav_interface_node]: ComputePathService: Failed to get plan or plan is empty
[planner_server-4] [ERROR] [1790937403.163272784] [planner_server]: Start is in blocked cell (cost=100).
[planner_server-4] [INFO] [1790937403.163369182] [planner_server]: Planning took 0 ms
[planner_server-4] [INFO] [1790937403.163513654] [planner_server]: Plan computed: 0 poses
[nav_interface_node-7] [ERROR] [1790937403.164496783] [nav_interface_node]: ComputePathService: Failed to get plan or plan is empty
[planner_server-4] [INFO] [1790937403.289984496] [planner_server]: Planning took 16 ms
[planner_server-4] [INFO] [1790937403.290478300] [planner_server]: Plan computed: 850 poses
[controller_node-5] [INFO] [1790937403.292668366] [controller_server]: Control enabled
[nav_interface_node-7] [INFO] [1790937403.301926190] [nav_interface_node]: [SetControlEnable] Control enabled
[controller_node-5] [WARN] [1790937403.308058112] [controller_server]: path_copy succeeded.
[controller_node-5] [INFO] [1790937403.308428695] [controller_server]: Computed velocity commands: linear.x=0.60, linear.y=1.03, angular.z=0.00
[planner_server-4] [INFO] [1790937403.423007991] [planner_server]: Planning took 17 ms
[planner_server-4] [INFO] [1790937403.423308577] [planner_server]: Plan computed: 847 poses
[planner_server-4] [INFO] [1790937403.548813314] [planner_server]: Planning took 16 ms
[planner_server-4] [INFO] [1790937403.549161534] [planner_server]: Plan computed: 846 poses
[planner_server-4] [INFO] [1790937403.669112948] [planner_server]: Planning took 16 ms
[planner_server-4] [INFO] [1790937403.669568437] [planner_server]: Plan computed: 843 poses
[planner_server-4] [INFO] [1790937403.790595952] [planner_server]: Planning took 18 ms
[planner_server-4] [INFO] [1790937403.791100267] [planner_server]: Plan computed: 842 poses
[planner_server-4] [INFO] [1790937403.922220535] [planner_server]: Planning took 17 ms
[planner_server-4] [INFO] [1790937403.922987032] [planner_server]: Plan computed: 839 poses
[planner_server-4] [INFO] [1790937404.050122960] [planner_server]: Planning took 17 ms
[planner_server-4] [INFO] [1790937404.050440490] [planner_server]: Plan computed: 836 poses
[planner_server-4] [INFO] [1790937404.170996958] [planner_server]: Planning took 17 ms
[planner_server-4] [INFO] [1790937404.171434682] [planner_server]: Plan computed: 835 poses
[planner_server-4] [INFO] [1790937404.305559503] [planner_server]: Planning took 21 ms
[planner_server-4] [INFO] [1790937404.306460612] [planner_server]: Plan computed: 833 poses
[planner_server-4] [INFO] [1790937404.430127712] [planner_server]: Planning took 16 ms
[planner_server-4] [INFO] [1790937404.432329290] [planner_server]: Plan computed: 832 poses
[planner_server-4] [INFO] [1790937404.564355248] [planner_server]: Planning took 19 ms
[planner_server-4] [INFO] [1790937404.564736693] [planner_server]: Plan computed: 830 poses
[planner_server-4] [INFO] [1790937404.691274482] [planner_server]: Planning took 18 ms
[planner_server-4] [INFO] [1790937404.691885906] [planner_server]: Plan computed: 829 poses
[planner_server-4] [INFO] [1790937404.826208302] [planner_server]: Planning took 20 ms
[planner_server-4] [INFO] [1790937404.827008795] [planner_server]: Plan computed: 828 poses
[planner_server-4] [INFO] [1790937404.950995529] [planner_server]: Planning took 18 ms
[planner_server-4] [INFO] [1790937404.951620599] [planner_server]: Plan computed: 827 poses
[planner_server-4] [INFO] [1790937405.079259041] [planner_server]: Planning took 16 ms
[planner_server-4] [INFO] [1790937405.080533268] [planner_server]: Plan computed: 825 poses
[planner_server-4] [INFO] [1790937405.209777792] [planner_server]: Planning took 17 ms
[planner_server-4] [INFO] [1790937405.210363405] [planner_server]: Plan computed: 822 poses
[controller_node-5] [WARN] [1790937405.327924824] [controller_server]: path_copy succeeded.
[controller_node-5] [INFO] [1790937405.328684367] [controller_server]: Computed velocity commands: linear.x=1.12, linear.y=-0.89, angular.z=0.00
[planner_server-4] [INFO] [1790937405.340692998] [planner_server]: Planning took 17 ms
[planner_server-4] [INFO] [1790937405.341325884] [planner_server]: Plan computed: 819 poses
[planner_server-4] [INFO] [1790937405.472114337] [planner_server]: Planning took 17 ms
[planner_server-4] [INFO] [1790937405.472562632] [planner_server]: Plan computed: 819 poses
[planner_server-4] [INFO] [1790937405.599581236] [planner_server]: Planning took 16 ms
[planner_server-4] [INFO] [1790937405.600417007] [planner_server]: Plan computed: 817 poses
[planner_server-4] [INFO] [1790937405.729842871] [planner_server]: Planning took 16 ms
[planner_server-4] [INFO] [1790937405.730568458] [planner_server]: Plan computed: 817 poses
[planner_server-4] [INFO] [1790937405.851184374] [planner_server]: Planning took 16 ms
[planner_server-4] [INFO] [1790937405.851572161] [planner_server]: Plan computed: 817 poses
[planner_server-4] [INFO] [1790937405.973934626] [planner_server]: Planning took 17 ms
[planner_server-4] [INFO] [1790937405.974531431] [planner_server]: Plan computed: 816 poses
[planner_server-4] [INFO] [1790937406.103027329] [planner_server]: Planning took 20 ms
[planner_server-4] [INFO] [1790937406.103723057] [planner_server]: Plan computed: 816 poses
[planner_server-4] [INFO] [1790937406.230623495] [planner_server]: Planning took 18 ms
[planner_server-4] [INFO] [1790937406.231236932] [planner_server]: Plan computed: 815 poses
[planner_server-4] [INFO] [1790937406.361538107] [planner_server]: Planning took 18 ms
[planner_server-4] [INFO] [1790937406.362260738] [planner_server]: Plan computed: 815 poses
[planner_server-4] [INFO] [1790937406.494740544] [planner_server]: Planning took 21 ms
[planner_server-4] [INFO] [1790937406.495939153] [planner_server]: Plan computed: 812 poses
[planner_server-4] [INFO] [1790937406.619815095] [planner_server]: Planning took 16 ms
[planner_server-4] [INFO] [1790937406.620453371] [planner_server]: Plan computed: 812 poses
[planner_server-4] [INFO] [1790937406.749254226] [planner_server]: Planning took 16 ms
[planner_server-4] [INFO] [1790937406.749632404] [planner_server]: Plan computed: 811 poses
[planner_server-4] [ERROR] [1790937406.852649983] [planner_server]: Start is in blocked cell (cost=100).
[planner_server-4] [INFO] [1790937406.852926713] [planner_server]: Planning took 0 ms
[planner_server-4] [INFO] [1790937406.853034163] [planner_server]: Plan computed: 0 poses
[nav_interface_node-7] [ERROR] [1790937406.853474863] [nav_interface_node]: ComputePathService: Failed to get plan or plan is empty
[nav_interface_node-7] [INFO] [1790937406.854608205] [nav_interface_node]: [SetControlEnable] Control disabled
[controller_node-5] [INFO] [1790937406.854012770] [controller_server]: Control disabled
[planner_server-4] [ERROR] [1790937406.962230191] [planner_server]: Start is in blocked cell (cost=100).
[planner_server-4] [INFO] [1790937406.962376848] [planner_server]: Planning took 0 ms
[planner_server-4] [INFO] [1790937406.962558803] [planner_server]: Plan computed: 0 poses
[nav_interface_node-7] [ERROR] [1790937406.963496042] [nav_interface_node]: ComputePathService: Failed to get plan or plan is empty
[planner_server-4] [ERROR] [1790937407.072662813] [planner_server]: Start is in blocked cell (cost=100).
[planner_server-4] [INFO] [1790937407.072781405] [planner_server]: Planning took 0 ms
[planner_server-4] [INFO] [1790937407.072938692] [planner_server]: Plan computed: 0 poses
[nav_interface_node-7] [ERROR] [1790937407.073639589] [nav_interface_node]: ComputePathService: Failed to get plan or plan is empty
[planner_server-4] [ERROR] [1790937407.183467002] [planner_server]: Start is in blocked cell (cost=100).
[planner_server-4] [INFO] [1790937407.183784722] [planner_server]: Planning took 0 ms
[planner_server-4] [INFO] [1790937407.183983149] [planner_server]: Plan computed: 0 poses
[nav_interface_node-7] [ERROR] [1790937407.184608292] [nav_interface_node]: ComputePathService: Failed to get plan or plan is empty
[planner_server-4] [ERROR] [1790937407.293009292] [planner_server]: Start is in blocked cell (cost=100).
[planner_server-4] [INFO] [1790937407.293305250] [planner_server]: Planning took 0 ms
[planner_server-4] [INFO] [1790937407.293460303] [planner_server]: Plan computed: 0 poses
[nav_interface_node-7] [ERROR] [1790937407.294125576] [nav_interface_node]: ComputePathService: Failed to get plan or plan is empty
[planner_server-4] [ERROR] [1790937407.403880494] [planner_server]: Start is in blocked cell (cost=100).
[planner_server-4] [INFO] [1790937407.403955130] [planner_server]: Planning took 0 ms
[planner_server-4] [INFO] [1790937407.404103069] [planner_server]: Plan computed: 0 poses
[nav_interface_node-7] [ERROR] [1790937407.406363090] [nav_interface_node]: ComputePathService: Failed to get plan or plan is empty
[planner_server-4] [ERROR] [1790937407.514997897] [planner_server]: Start is in blocked cell (cost=100).
[planner_server-4] [INFO] [1790937407.515231333] [planner_server]: Planning took 0 ms
[planner_server-4] [INFO] [1790937407.515492242] [planner_server]: Plan computed: 0 poses
[nav_interface_node-7] [ERROR] [1790937407.515881141] [nav_interface_node]: ComputePathService: Failed to get plan or plan is empty
[planner_server-4] [INFO] [1790937407.641027966] [planner_server]: Planning took 17 ms
[planner_server-4] [INFO] [1790937407.641436834] [planner_server]: Plan computed: 797 poses
[controller_node-5] [WARN] [1790937407.647968923] [controller_server]: path_copy succeeded.
[controller_node-5] [INFO] [1790937407.648585005] [controller_server]: Computed velocity commands: linear.x=-0.85, linear.y=0.32, angular.z=0.00
[controller_node-5] [WARN] [1790937407.648626907] [controller_server]: Control disabled, publishing zero velocity.
[controller_node-5] [INFO] [1790937407.648750117] [controller_server]: Control enabled
[nav_interface_node-7] [INFO] [1790937407.651871059] [nav_interface_node]: [SetControlEnable] Control enabled
[planner_server-4] [INFO] [1790937407.773403359] [planner_server]: Planning took 18 ms
[planner_server-4] [INFO] [1790937407.774869190] [planner_server]: Plan computed: 796 poses
[planner_server-4] [INFO] [1790937407.902272488] [planner_server]: Planning took 19 ms
[planner_server-4] [INFO] [1790937407.902597863] [planner_server]: Plan computed: 794 poses
[planner_server-4] [INFO] [1790937408.031530412] [planner_server]: Planning took 18 ms
[planner_server-4] [INFO] [1790937408.033631322] [planner_server]: Plan computed: 791 poses
[planner_server-4] [INFO] [1790937408.166178431] [planner_server]: Planning took 22 ms
[planner_server-4] [INFO] [1790937408.166834752] [planner_server]: Plan computed: 789 poses
[planner_server-4] [INFO] [1790937408.287841919] [planner_server]: Planning took 15 ms
[planner_server-4] [INFO] [1790937408.288261578] [planner_server]: Plan computed: 789 poses
[planner_server-4] [INFO] [1790937408.410884204] [planner_server]: Planning took 16 ms
[planner_server-4] [INFO] [1790937408.411350183] [planner_server]: Plan computed: 789 poses
[planner_server-4] [INFO] [1790937408.544245661] [planner_server]: Planning took 20 ms
[planner_server-4] [INFO] [1790937408.544733152] [planner_server]: Plan computed: 788 poses
[planner_server-4] [INFO] [1790937408.671110436] [planner_server]: Planning took 17 ms
[planner_server-4] [INFO] [1790937408.674314399] [planner_server]: Plan computed: 788 poses
[planner_server-4] [INFO] [1790937408.802008917] [planner_server]: Planning took 17 ms
[planner_server-4] [INFO] [1790937408.802506348] [planner_server]: Plan computed: 787 poses
[planner_server-4] [INFO] [1790937408.929907304] [planner_server]: Planning took 16 ms
[planner_server-4] [INFO] [1790937408.930453980] [planner_server]: Plan computed: 785 poses
[planner_server-4] [INFO] [1790937409.049862481] [planner_server]: Planning took 16 ms
[planner_server-4] [INFO] [1790937409.050474615] [planner_server]: Plan computed: 784 poses
[planner_server-4] [INFO] [1790937409.169398510] [planner_server]: Planning took 16 ms
[planner_server-4] [INFO] [1790937409.169960356] [planner_server]: Plan computed: 782 poses
[planner_server-4] [INFO] [1790937409.291491680] [planner_server]: Planning took 18 ms
[planner_server-4] [INFO] [1790937409.291995513] [planner_server]: Plan computed: 781 poses
[planner_server-4] [INFO] [1790937409.421007754] [planner_server]: Planning took 18 ms
[planner_server-4] [INFO] [1790937409.422065529] [planner_server]: Plan computed: 779 poses
[planner_server-4] [INFO] [1790937409.548620125] [planner_server]: Planning took 15 ms
[planner_server-4] [INFO] [1790937409.548925651] [planner_server]: Plan computed: 777 poses
[controller_node-5] [WARN] [1790937409.649682418] [controller_server]: path_copy succeeded.
[controller_node-5] [INFO] [1790937409.650018634] [controller_server]: Computed velocity commands: linear.x=-1.02, linear.y=0.06, angular.z=0.00
[planner_server-4] [INFO] [1790937409.668423220] [planner_server]: Planning took 16 ms
[planner_server-4] [INFO] [1790937409.668770748] [planner_server]: Plan computed: 775 poses
[planner_server-4] [INFO] [1790937409.788832629] [planner_server]: Planning took 15 ms
[planner_server-4] [INFO] [1790937409.790151242] [planner_server]: Plan computed: 774 poses
[planner_server-4] [INFO] [1790937409.917444419] [planner_server]: Planning took 23 ms
[planner_server-4] [INFO] [1790937409.917828388] [planner_server]: Plan computed: 773 poses
[planner_server-4] [INFO] [1790937410.041292417] [planner_server]: Planning took 17 ms
[planner_server-4] [INFO] [1790937410.041666386] [planner_server]: Plan computed: 771 poses
[planner_server-4] [INFO] [1790937410.171314391] [planner_server]: Planning took 18 ms
[planner_server-4] [INFO] [1790937410.172473903] [planner_server]: Plan computed: 768 poses
[planner_server-4] [INFO] [1790937410.298827078] [planner_server]: Planning took 16 ms
[planner_server-4] [INFO] [1790937410.299513056] [planner_server]: Plan computed: 767 poses
[planner_server-4] [INFO] [1790937410.421514469] [planner_server]: Planning took 18 ms
[planner_server-4] [INFO] [1790937410.422192292] [planner_server]: Plan computed: 766 poses
[planner_server-4] [INFO] [1790937410.553129632] [planner_server]: Planning took 17 ms
[planner_server-4] [INFO] [1790937410.553505205] [planner_server]: Plan computed: 764 poses
[planner_server-4] [INFO] [1790937410.680356892] [planner_server]: Planning took 17 ms
[planner_server-4] [INFO] [1790937410.680878289] [planner_server]: Plan computed: 763 poses
[planner_server-4] [INFO] [1790937410.809192180] [planner_server]: Planning took 16 ms
[planner_server-4] [INFO] [1790937410.809447919] [planner_server]: Plan computed: 761 poses
[planner_server-4] [INFO] [1790937410.931014234] [planner_server]: Planning took 16 ms
[planner_server-4] [INFO] [1790937410.931431488] [planner_server]: Plan computed: 758 poses
[planner_server-4] [INFO] [1790937411.057741861] [planner_server]: Planning took 14 ms
[planner_server-4] [INFO] [1790937411.058251676] [planner_server]: Plan computed: 755 poses
[planner_server-4] [INFO] [1790937411.179654995] [planner_server]: Planning took 16 ms
[planner_server-4] [INFO] [1790937411.180165721] [planner_server]: Plan computed: 753 poses
[planner_server-4] [INFO] [1790937411.298466481] [planner_server]: Planning took 15 ms
[planner_server-4] [INFO] [1790937411.299218208] [planner_server]: Plan computed: 750 poses
[planner_server-4] [INFO] [1790937411.422857014] [planner_server]: Planning took 18 ms
[planner_server-4] [INFO] [1790937411.424052075] [planner_server]: Plan computed: 748 poses
[planner_server-4] [INFO] [1790937411.550401936] [planner_server]: Planning took 16 ms
[planner_server-4] [INFO] [1790937411.550774222] [planner_server]: Plan computed: 747 poses
[controller_node-5] [WARN] [1790937411.668773028] [controller_server]: path_copy succeeded.
[controller_node-5] [INFO] [1790937411.670049388] [controller_server]: Computed velocity commands: linear.x=-0.52, linear.y=1.14, angular.z=0.00
[planner_server-4] [INFO] [1790937411.681095672] [planner_server]: Planning took 17 ms
[planner_server-4] [INFO] [1790937411.681620616] [planner_server]: Plan computed: 746 poses
[planner_server-4] [INFO] [1790937411.810707657] [planner_server]: Planning took 16 ms
[planner_server-4] [INFO] [1790937411.811148367] [planner_server]: Plan computed: 744 poses
[planner_server-4] [INFO] [1790937411.938695278] [planner_server]: Planning took 15 ms
[planner_server-4] [INFO] [1790937411.939170886] [planner_server]: Plan computed: 742 poses
[planner_server-4] [INFO] [1790937412.058219888] [planner_server]: Planning took 15 ms
[planner_server-4] [INFO] [1790937412.058553999] [planner_server]: Plan computed: 740 poses
[planner_server-4] [INFO] [1790937412.183702599] [planner_server]: Planning took 18 ms
[planner_server-4] [INFO] [1790937412.184020920] [planner_server]: Plan computed: 739 poses
[planner_server-4] [INFO] [1790937412.310977315] [planner_server]: Planning took 17 ms
[planner_server-4] [INFO] [1790937412.311441470] [planner_server]: Plan computed: 738 poses
[planner_server-4] [INFO] [1790937412.439292281] [planner_server]: Planning took 16 ms
[planner_server-4] [INFO] [1790937412.439665379] [planner_server]: Plan computed: 736 poses
[planner_server-4] [INFO] [1790937412.558091622] [planner_server]: Planning took 15 ms
[planner_server-4] [INFO] [1790937412.558421636] [planner_server]: Plan computed: 736 poses
[planner_server-4] [INFO] [1790937412.677757834] [planner_server]: Planning took 15 ms
[planner_server-4] [INFO] [1790937412.678145721] [planner_server]: Plan computed: 735 poses
[planner_server-4] [INFO] [1790937412.798065073] [planner_server]: Planning took 15 ms
[planner_server-4] [INFO] [1790937412.798444984] [planner_server]: Plan computed: 733 poses
[planner_server-4] [INFO] [1790937412.919318547] [planner_server]: Planning took 16 ms
[planner_server-4] [INFO] [1790937412.919655554] [planner_server]: Plan computed: 733 poses
[planner_server-4] [INFO] [1790937413.039724226] [planner_server]: Planning took 16 ms
[planner_server-4] [INFO] [1790937413.040210285] [planner_server]: Plan computed: 731 poses
[planner_server-4] [INFO] [1790937413.161322241] [planner_server]: Planning took 18 ms
[planner_server-4] [INFO] [1790937413.162756820] [planner_server]: Plan computed: 729 poses
[planner_server-4] [INFO] [1790937413.290942934] [planner_server]: Planning took 18 ms
[planner_server-4] [INFO] [1790937413.291709790] [planner_server]: Plan computed: 727 poses
[planner_server-4] [INFO] [1790937413.420330998] [planner_server]: Planning took 16 ms
[planner_server-4] [INFO] [1790937413.421664279] [planner_server]: Plan computed: 726 poses
[planner_server-4] [INFO] [1790937413.549678390] [planner_server]: Planning took 15 ms
[planner_server-4] [INFO] [1790937413.550199326] [planner_server]: Plan computed: 724 poses
[controller_node-5] [WARN] [1790937413.669859060] [controller_server]: path_copy succeeded.
[controller_node-5] [INFO] [1790937413.670292506] [controller_server]: Computed velocity commands: linear.x=0.58, linear.y=1.27, angular.z=0.00
[planner_server-4] [INFO] [1790937413.677846572] [planner_server]: Planning took 15 ms
[planner_server-4] [INFO] [1790937413.678505798] [planner_server]: Plan computed: 723 poses
[planner_server-4] [INFO] [1790937413.800344076] [planner_server]: Planning took 17 ms
[planner_server-4] [INFO] [1790937413.800753084] [planner_server]: Plan computed: 720 poses
[planner_server-4] [INFO] [1790937413.928054621] [planner_server]: Planning took 14 ms
[planner_server-4] [INFO] [1790937413.928518576] [planner_server]: Plan computed: 718 poses
[planner_server-4] [INFO] [1790937414.082226261] [planner_server]: Planning took 15 ms
[planner_server-4] [INFO] [1790937414.082633124] [planner_server]: Plan computed: 717 poses
[planner_server-4] [INFO] [1790937414.204640771] [planner_server]: Planning took 16 ms
[planner_server-4] [INFO] [1790937414.204953651] [planner_server]: Plan computed: 717 poses
[planner_server-4] [INFO] [1790937414.324216894] [planner_server]: Planning took 15 ms
[planner_server-4] [INFO] [1790937414.324568390] [planner_server]: Plan computed: 716 poses
[planner_server-4] [INFO] [1790937414.443947069] [planner_server]: Planning took 15 ms
[planner_server-4] [INFO] [1790937414.444746578] [planner_server]: Plan computed: 715 poses
[planner_server-4] [INFO] [1790937414.564202094] [planner_server]: Planning took 15 ms
[planner_server-4] [INFO] [1790937414.564624249] [planner_server]: Plan computed: 714 poses
[planner_server-4] [INFO] [1790937414.684940748] [planner_server]: Planning took 16 ms
[planner_server-4] [INFO] [1790937414.685516347] [planner_server]: Plan computed: 712 poses
[planner_server-4] [INFO] [1790937414.805055337] [planner_server]: Planning took 15 ms
[planner_server-4] [INFO] [1790937414.805547676] [planner_server]: Plan computed: 708 poses
[planner_server-4] [INFO] [1790937414.924980377] [planner_server]: Planning took 16 ms
[planner_server-4] [INFO] [1790937414.925642420] [planner_server]: Plan computed: 706 poses
[planner_server-4] [INFO] [1790937415.053545281] [planner_server]: Planning took 15 ms
[planner_server-4] [INFO] [1790937415.054147895] [planner_server]: Plan computed: 705 poses
[planner_server-4] [INFO] [1790937415.173265325] [planner_server]: Planning took 15 ms
[planner_server-4] [INFO] [1790937415.173630675] [planner_server]: Plan computed: 704 poses
[planner_server-4] [INFO] [1790937415.295539480] [planner_server]: Planning took 17 ms
[planner_server-4] [INFO] [1790937415.295846125] [planner_server]: Plan computed: 703 poses
[planner_server-4] [ERROR] [1790937415.397583119] [planner_server]: Start is in blocked cell (cost=100).
[planner_server-4] [INFO] [1790937415.397690847] [planner_server]: Planning took 0 ms
[planner_server-4] [INFO] [1790937415.397771992] [planner_server]: Plan computed: 0 poses
[nav_interface_node-7] [ERROR] [1790937415.398640063] [nav_interface_node]: ComputePathService: Failed to get plan or plan is empty
[controller_node-5] [INFO] [1790937415.400287463] [controller_server]: Control disabled
[nav_interface_node-7] [INFO] [1790937415.408539226] [nav_interface_node]: [SetControlEnable] Control disabled
[planner_server-4] [ERROR] [1790937415.518948445] [planner_server]: Start is in blocked cell (cost=100).
[planner_server-4] [INFO] [1790937415.519105244] [planner_server]: Planning took 0 ms
[planner_server-4] [INFO] [1790937415.519307623] [planner_server]: Plan computed: 0 poses
[nav_interface_node-7] [ERROR] [1790937415.519794547] [nav_interface_node]: ComputePathService: Failed to get plan or plan is empty
[planner_server-4] [ERROR] [1790937415.627511935] [planner_server]: Start is in blocked cell (cost=100).
[planner_server-4] [INFO] [1790937415.627765806] [planner_server]: Planning took 0 ms
[planner_server-4] [INFO] [1790937415.628001680] [planner_server]: Plan computed: 0 poses
[nav_interface_node-7] [ERROR] [1790937415.628452738] [nav_interface_node]: ComputePathService: Failed to get plan or plan is empty
[planner_server-4] [ERROR] [1790937415.738318619] [planner_server]: Start is in blocked cell (cost=100).
[planner_server-4] [INFO] [1790937415.738462902] [planner_server]: Planning took 0 ms
[planner_server-4] [INFO] [1790937415.738590768] [planner_server]: Plan computed: 0 poses
[nav_interface_node-7] [ERROR] [1790937415.741062323] [nav_interface_node]: ComputePathService: Failed to get plan or plan is empty
[planner_server-4] [INFO] [1790937415.865288338] [planner_server]: Planning took 15 ms
[planner_server-4] [INFO] [1790937415.865754873] [planner_server]: Plan computed: 689 poses
[controller_node-5] [WARN] [1790937415.867097157] [controller_server]: path_copy succeeded.
[controller_node-5] [INFO] [1790937415.867524365] [controller_server]: Computed velocity commands: linear.x=-0.05, linear.y=-1.09, angular.z=0.00
[controller_node-5] [WARN] [1790937415.867573266] [controller_server]: Control disabled, publishing zero velocity.
[controller_node-5] [INFO] [1790937415.867742680] [controller_server]: Control enabled
[nav_interface_node-7] [INFO] [1790937415.877321193] [nav_interface_node]: [SetControlEnable] Control enabled
[planner_server-4] [INFO] [1790937416.003932337] [planner_server]: Planning took 15 ms
[planner_server-4] [INFO] [1790937416.005053481] [planner_server]: Plan computed: 685 poses
[planner_server-4] [INFO] [1790937416.133633207] [planner_server]: Planning took 15 ms
[planner_server-4] [INFO] [1790937416.135244411] [planner_server]: Plan computed: 685 poses
[planner_server-4] [INFO] [1790937416.266315390] [planner_server]: Planning took 18 ms
[planner_server-4] [INFO] [1790937416.267130985] [planner_server]: Plan computed: 685 poses
[planner_server-4] [INFO] [1790937416.393188342] [planner_server]: Planning took 14 ms
[planner_server-4] [INFO] [1790937416.393491370] [planner_server]: Plan computed: 687 poses
[planner_server-4] [INFO] [1790937416.515599630] [planner_server]: Planning took 15 ms
[planner_server-4] [INFO] [1790937416.515930843] [planner_server]: Plan computed: 687 poses
[planner_server-4] [INFO] [1790937416.643398054] [planner_server]: Planning took 15 ms
[planner_server-4] [INFO] [1790937416.643780544] [planner_server]: Plan computed: 688 poses
[planner_server-4] [INFO] [1790937416.763947117] [planner_server]: Planning took 15 ms
[planner_server-4] [INFO] [1790937416.764426387] [planner_server]: Plan computed: 691 poses
[planner_server-4] [INFO] [1790937416.883091377] [planner_server]: Planning took 14 ms
[planner_server-4] [INFO] [1790937416.883421089] [planner_server]: Plan computed: 692 poses
[planner_server-4] [INFO] [1790937417.005392890] [planner_server]: Planning took 16 ms
[planner_server-4] [INFO] [1790937417.006120235] [planner_server]: Plan computed: 693 poses
[planner_server-4] [INFO] [1790937417.123089148] [planner_server]: Planning took 15 ms
[planner_server-4] [INFO] [1790937417.123577490] [planner_server]: Plan computed: 693 poses
[planner_server-4] [ERROR] [1790937417.228217768] [planner_server]: Start is in blocked cell (cost=100).
[planner_server-4] [INFO] [1790937417.228374802] [planner_server]: Planning took 0 ms
[planner_server-4] [INFO] [1790937417.228547705] [planner_server]: Plan computed: 0 poses
[nav_interface_node-7] [ERROR] [1790937417.229986285] [nav_interface_node]: ComputePathService: Failed to get plan or plan is empty
[controller_node-5] [INFO] [1790937417.230633402] [controller_server]: Control disabled
[nav_interface_node-7] [INFO] [1790937417.236978953] [nav_interface_node]: [SetControlEnable] Control disabled
[planner_server-4] [ERROR] [1790937417.347929216] [planner_server]: Start is in blocked cell (cost=100).
[planner_server-4] [INFO] [1790937417.348084299] [planner_server]: Planning took 0 ms
[planner_server-4] [INFO] [1790937417.348211885] [planner_server]: Plan computed: 0 poses
[nav_interface_node-7] [ERROR] [1790937417.348700227] [nav_interface_node]: ComputePathService: Failed to get plan or plan is empty
[planner_server-4] [ERROR] [1790937417.457584252] [planner_server]: Start is in blocked cell (cost=100).
[planner_server-4] [INFO] [1790937417.457658346] [planner_server]: Planning took 0 ms
[planner_server-4] [INFO] [1790937417.457833441] [planner_server]: Plan computed: 0 poses
[nav_interface_node-7] [ERROR] [1790937417.458607474] [nav_interface_node]: ComputePathService: Failed to get plan or plan is empty
[planner_server-4] [ERROR] [1790937417.568465981] [planner_server]: Start is in blocked cell (cost=100).
[planner_server-4] [INFO] [1790937417.569145127] [planner_server]: Planning took 0 ms
[planner_server-4] [INFO] [1790937417.569447617] [planner_server]: Plan computed: 0 poses
[nav_interface_node-7] [ERROR] [1790937417.574009885] [nav_interface_node]: ComputePathService: Failed to get plan or plan is empty
[planner_server-4] [ERROR] [1790937417.682197213] [planner_server]: Start is in blocked cell (cost=100).
[planner_server-4] [INFO] [1790937417.682279923] [planner_server]: Planning took 0 ms
[planner_server-4] [INFO] [1790937417.682435055] [planner_server]: Plan computed: 0 poses
[nav_interface_node-7] [ERROR] [1790937417.683068464] [nav_interface_node]: ComputePathService: Failed to get plan or plan is empty
[planner_server-4] [ERROR] [1790937417.790436513] [planner_server]: Start is in blocked cell (cost=100).
[planner_server-4] [INFO] [1790937417.790567541] [planner_server]: Planning took 0 ms
[planner_server-4] [INFO] [1790937417.790763408] [planner_server]: Plan computed: 0 poses
[nav_interface_node-7] [ERROR] [1790937417.791963386] [nav_interface_node]: ComputePathService: Failed to get plan or plan is empty
[planner_server-4] [INFO] [1790937417.912803439] [planner_server]: Planning took 15 ms
[planner_server-4] [INFO] [1790937417.913305939] [planner_server]: Plan computed: 690 poses
[controller_node-5] [INFO] [1790937417.915044208] [controller_server]: Control enabled
[nav_interface_node-7] [INFO] [1790937417.919508997] [nav_interface_node]: [SetControlEnable] Control enabled
[controller_node-5] [WARN] [1790937417.924292342] [controller_server]: path_copy succeeded.
[controller_node-5] [INFO] [1790937417.924969517] [controller_server]: Computed velocity commands: linear.x=0.72, linear.y=-0.43, angular.z=0.00
[planner_server-4] [INFO] [1790937418.044229118] [planner_server]: Planning took 14 ms
[planner_server-4] [INFO] [1790937418.044530319] [planner_server]: Plan computed: 688 poses
[planner_server-4] [INFO] [1790937418.164784158] [planner_server]: Planning took 15 ms
[planner_server-4] [INFO] [1790937418.165235391] [planner_server]: Plan computed: 687 poses
[planner_server-4] [INFO] [1790937418.285502198] [planner_server]: Planning took 16 ms
[planner_server-4] [INFO] [1790937418.286018494] [planner_server]: Plan computed: 685 poses
[planner_server-4] [INFO] [1790937418.405426657] [planner_server]: Planning took 15 ms
[planner_server-4] [INFO] [1790937418.406473128] [planner_server]: Plan computed: 685 poses
[planner_server-4] [INFO] [1790937418.532788018] [planner_server]: Planning took 14 ms
[planner_server-4] [INFO] [1790937418.533088400] [planner_server]: Plan computed: 682 poses
[planner_server-4] [INFO] [1790937418.653353718] [planner_server]: Planning took 15 ms
[planner_server-4] [INFO] [1790937418.654028890] [planner_server]: Plan computed: 681 poses
[planner_server-4] [INFO] [1790937418.772645903] [planner_server]: Planning took 14 ms
[planner_server-4] [INFO] [1790937418.772957431] [planner_server]: Plan computed: 680 poses
[planner_server-4] [INFO] [1790937418.893488527] [planner_server]: Planning took 15 ms
[planner_server-4] [INFO] [1790937418.893842504] [planner_server]: Plan computed: 680 poses
[planner_server-4] [INFO] [1790937419.013294188] [planner_server]: Planning took 15 ms
[planner_server-4] [INFO] [1790937419.013649169] [planner_server]: Plan computed: 679 poses
[planner_server-4] [INFO] [1790937419.132995403] [planner_server]: Planning took 14 ms
[planner_server-4] [INFO] [1790937419.133519950] [planner_server]: Plan computed: 678 poses
[planner_server-4] [INFO] [1790937419.255390921] [planner_server]: Planning took 17 ms
[planner_server-4] [INFO] [1790937419.256057083] [planner_server]: Plan computed: 677 poses
[planner_server-4] [ERROR] [1790937419.370124755] [planner_server]: Start is in blocked cell (cost=100).
[planner_server-4] [INFO] [1790937419.370249968] [planner_server]: Planning took 0 ms
[planner_server-4] [INFO] [1790937419.370645610] [planner_server]: Plan computed: 0 poses
[nav_interface_node-7] [ERROR] [1790937419.371690573] [nav_interface_node]: ComputePathService: Failed to get plan or plan is empty
[controller_node-5] [INFO] [1790937419.372411365] [controller_server]: Control disabled
[nav_interface_node-7] [INFO] [1790937419.377037997] [nav_interface_node]: [SetControlEnable] Control disabled
[planner_server-4] [ERROR] [1790937419.488511999] [planner_server]: Start is in blocked cell (cost=100).
[planner_server-4] [INFO] [1790937419.488601625] [planner_server]: Planning took 0 ms
[planner_server-4] [INFO] [1790937419.488836618] [planner_server]: Plan computed: 0 poses
[nav_interface_node-7] [ERROR] [1790937419.489482920] [nav_interface_node]: ComputePathService: Failed to get plan or plan is empty
[planner_server-4] [ERROR] [1790937419.597719764] [planner_server]: Start is in blocked cell (cost=100).
[planner_server-4] [INFO] [1790937419.597855364] [planner_server]: Planning took 0 ms
[planner_server-4] [INFO] [1790937419.598202690] [planner_server]: Plan computed: 0 poses
[nav_interface_node-7] [ERROR] [1790937419.600835052] [nav_interface_node]: ComputePathService: Failed to get plan or plan is empty
[planner_server-4] [ERROR] [1790937419.707537614] [planner_server]: Start is in blocked cell (cost=100).
[planner_server-4] [INFO] [1790937419.707624889] [planner_server]: Planning took 0 ms
[planner_server-4] [INFO] [1790937419.707733068] [planner_server]: Plan computed: 0 poses
[nav_interface_node-7] [ERROR] [1790937419.708203746] [nav_interface_node]: ComputePathService: Failed to get plan or plan is empty
[planner_server-4] [INFO] [1790937419.833262031] [planner_server]: Planning took 15 ms
[planner_server-4] [INFO] [1790937419.833672583] [planner_server]: Plan computed: 666 poses
[controller_node-5] [INFO] [1790937419.835206397] [controller_server]: Control enabled
[nav_interface_node-7] [INFO] [1790937419.838139221] [nav_interface_node]: [SetControlEnable] Control enabled
[controller_node-5] [WARN] [1790937419.943151912] [controller_server]: path_copy succeeded.
[controller_node-5] [INFO] [1790937419.943548394] [controller_server]: Computed velocity commands: linear.x=-1.04, linear.y=0.32, angular.z=0.00
[planner_server-4] [INFO] [1790937419.962751246] [planner_server]: Planning took 14 ms
[planner_server-4] [INFO] [1790937419.963405859] [planner_server]: Plan computed: 663 poses
[planner_server-4] [INFO] [1790937420.084079785] [planner_server]: Planning took 14 ms
[planner_server-4] [INFO] [1790937420.084424862] [planner_server]: Plan computed: 662 poses
[planner_server-4] [INFO] [1790937420.205183785] [planner_server]: Planning took 15 ms
[planner_server-4] [INFO] [1790937420.205433405] [planner_server]: Plan computed: 659 poses
[planner_server-4] [INFO] [1790937420.323324445] [planner_server]: Planning took 15 ms
[planner_server-4] [INFO] [1790937420.324182022] [planner_server]: Plan computed: 657 poses
[planner_server-4] [INFO] [1790937420.447074076] [planner_server]: Planning took 16 ms
[planner_server-4] [INFO] [1790937420.447351999] [planner_server]: Plan computed: 656 poses
[planner_server-4] [INFO] [1790937420.575037282] [planner_server]: Planning took 16 ms
[planner_server-4] [INFO] [1790937420.575464514] [planner_server]: Plan computed: 654 poses
[planner_server-4] [INFO] [1790937420.694009393] [planner_server]: Planning took 15 ms
[planner_server-4] [INFO] [1790937420.694266008] [planner_server]: Plan computed: 652 poses
[planner_server-4] [INFO] [1790937420.812498827] [planner_server]: Planning took 14 ms
[planner_server-4] [INFO] [1790937420.813175239] [planner_server]: Plan computed: 651 poses
[planner_server-4] [INFO] [1790937420.934602452] [planner_server]: Planning took 16 ms
[planner_server-4] [INFO] [1790937420.934909888] [planner_server]: Plan computed: 650 poses
[planner_server-4] [INFO] [1790937421.054221948] [planner_server]: Planning took 15 ms
[planner_server-4] [INFO] [1790937421.054580506] [planner_server]: Plan computed: 647 poses
[planner_server-4] [INFO] [1790937421.176350432] [planner_server]: Planning took 16 ms
[planner_server-4] [INFO] [1790937421.178181257] [planner_server]: Plan computed: 646 poses
[planner_server-4] [INFO] [1790937421.305772736] [planner_server]: Planning took 17 ms
[planner_server-4] [INFO] [1790937421.306085105] [planner_server]: Plan computed: 645 poses
[planner_server-4] [INFO] [1790937421.436026215] [planner_server]: Planning took 15 ms
[planner_server-4] [INFO] [1790937421.436395003] [planner_server]: Plan computed: 644 poses
[planner_server-4] [INFO] [1790937421.562982798] [planner_server]: Planning took 14 ms
[planner_server-4] [INFO] [1790937421.563827075] [planner_server]: Plan computed: 640 poses
[planner_server-4] [INFO] [1790937421.683226264] [planner_server]: Planning took 15 ms
[planner_server-4] [INFO] [1790937421.683530596] [planner_server]: Plan computed: 637 poses
[planner_server-4] [INFO] [1790937421.803950294] [planner_server]: Planning took 16 ms
[planner_server-4] [INFO] [1790937421.804242176] [planner_server]: Plan computed: 637 poses
[planner_server-4] [INFO] [1790937421.923056376] [planner_server]: Planning took 15 ms
[planner_server-4] [INFO] [1790937421.923386671] [planner_server]: Plan computed: 637 poses
[controller_node-5] [WARN] [1790937421.959758543] [controller_server]: path_copy succeeded.
[controller_node-5] [INFO] [1790937421.960216136] [controller_server]: Computed velocity commands: linear.x=1.09, linear.y=1.46, angular.z=0.00
[planner_server-4] [INFO] [1790937422.042485987] [planner_server]: Planning took 14 ms
[planner_server-4] [INFO] [1790937422.042973364] [planner_server]: Plan computed: 638 poses
[planner_server-4] [INFO] [1790937422.165647150] [planner_server]: Planning took 18 ms
[planner_server-4] [INFO] [1790937422.166225240] [planner_server]: Plan computed: 638 poses
[planner_server-4] [INFO] [1790937422.293416190] [planner_server]: Planning took 13 ms
[planner_server-4] [INFO] [1790937422.293863430] [planner_server]: Plan computed: 638 poses
[planner_server-4] [INFO] [1790937422.413314785] [planner_server]: Planning took 14 ms
[planner_server-4] [INFO] [1790937422.413784325] [planner_server]: Plan computed: 637 poses
[planner_server-4] [INFO] [1790937422.534629647] [planner_server]: Planning took 14 ms
[planner_server-4] [INFO] [1790937422.535188018] [planner_server]: Plan computed: 637 poses
[planner_server-4] [INFO] [1790937422.654480838] [planner_server]: Planning took 14 ms
[planner_server-4] [INFO] [1790937422.655296195] [planner_server]: Plan computed: 637 poses
[planner_server-4] [INFO] [1790937422.775445884] [planner_server]: Planning took 14 ms
[planner_server-4] [INFO] [1790937422.776277486] [planner_server]: Plan computed: 636 poses
[planner_server-4] [INFO] [1790937422.895331922] [planner_server]: Planning took 14 ms
[planner_server-4] [INFO] [1790937422.895877722] [planner_server]: Plan computed: 635 poses
[planner_server-4] [INFO] [1790937423.012583107] [planner_server]: Planning took 14 ms
[planner_server-4] [INFO] [1790937423.012910604] [planner_server]: Plan computed: 636 poses
[planner_server-4] [INFO] [1790937423.133562475] [planner_server]: Planning took 15 ms
[planner_server-4] [INFO] [1790937423.134648586] [planner_server]: Plan computed: 636 poses
[planner_server-4] [INFO] [1790937423.254276025] [planner_server]: Planning took 14 ms
[planner_server-4] [INFO] [1790937423.254776539] [planner_server]: Plan computed: 635 poses
[planner_server-4] [ERROR] [1790937423.358290523] [planner_server]: Start is in blocked cell (cost=100).
[planner_server-4] [INFO] [1790937423.358381702] [planner_server]: Planning took 0 ms
[planner_server-4] [INFO] [1790937423.358444422] [planner_server]: Plan computed: 0 poses
[nav_interface_node-7] [ERROR] [1790937423.358906104] [nav_interface_node]: ComputePathService: Failed to get plan or plan is empty
[controller_node-5] [INFO] [1790937423.359715864] [controller_server]: Control disabled
[nav_interface_node-7] [INFO] [1790937423.367264399] [nav_interface_node]: [SetControlEnable] Control disabled
[planner_server-4] [ERROR] [1790937423.477930509] [planner_server]: Start is in blocked cell (cost=100).
[planner_server-4] [INFO] [1790937423.478078732] [planner_server]: Planning took 0 ms
[planner_server-4] [INFO] [1790937423.478208148] [planner_server]: Plan computed: 0 poses
[nav_interface_node-7] [ERROR] [1790937423.478851946] [nav_interface_node]: ComputePathService: Failed to get plan or plan is empty
[planner_server-4] [ERROR] [1790937423.588903261] [planner_server]: Start is in blocked cell (cost=100).
[planner_server-4] [INFO] [1790937423.589043026] [planner_server]: Planning took 0 ms
[planner_server-4] [INFO] [1790937423.589114325] [planner_server]: Plan computed: 0 poses
[nav_interface_node-7] [ERROR] [1790937423.592147382] [nav_interface_node]: ComputePathService: Failed to get plan or plan is empty
[planner_server-4] [ERROR] [1790937423.698082181] [planner_server]: Start is in blocked cell (cost=100).
[planner_server-4] [INFO] [1790937423.698229754] [planner_server]: Planning took 0 ms
[planner_server-4] [INFO] [1790937423.698359880] [planner_server]: Plan computed: 0 poses
[nav_interface_node-7] [ERROR] [1790937423.700476670] [nav_interface_node]: ComputePathService: Failed to get plan or plan is empty
[planner_server-4] [ERROR] [1790937423.807858289] [planner_server]: Start is in blocked cell (cost=100).
[planner_server-4] [INFO] [1790937423.807939828] [planner_server]: Planning took 0 ms
[planner_server-4] [INFO] [1790937423.808136048] [planner_server]: Plan computed: 0 poses
[nav_interface_node-7] [ERROR] [1790937423.808512242] [nav_interface_node]: ComputePathService: Failed to get plan or plan is empty
[planner_server-4] [ERROR] [1790937423.917871337] [planner_server]: Start is in blocked cell (cost=100).
[planner_server-4] [INFO] [1790937423.918057918] [planner_server]: Planning took 0 ms
[planner_server-4] [INFO] [1790937423.918334295] [planner_server]: Plan computed: 0 poses
[nav_interface_node-7] [ERROR] [1790937423.919519934] [nav_interface_node]: ComputePathService: Failed to get plan or plan is empty
[planner_server-4] [ERROR] [1790937424.028681494] [planner_server]: Start is in blocked cell (cost=100).
[planner_server-4] [INFO] [1790937424.028817483] [planner_server]: Planning took 0 ms
[planner_server-4] [INFO] [1790937424.029050119] [planner_server]: Plan computed: 0 poses
[nav_interface_node-7] [ERROR] [1790937424.029732444] [nav_interface_node]: ComputePathService: Failed to get plan or plan is empty
[planner_server-4] [ERROR] [1790937424.137618983] [planner_server]: Start is in blocked cell (cost=100).
[planner_server-4] [INFO] [1790937424.137698574] [planner_server]: Planning took 0 ms
[planner_server-4] [INFO] [1790937424.138106159] [planner_server]: Plan computed: 0 poses
[nav_interface_node-7] [ERROR] [1790937424.138544215] [nav_interface_node]: ComputePathService: Failed to get plan or plan is empty
[planner_server-4] [ERROR] [1790937424.247789157] [planner_server]: Start is in blocked cell (cost=100).
[planner_server-4] [INFO] [1790937424.247923163] [planner_server]: Planning took 0 ms
[planner_server-4] [INFO] [1790937424.248082024] [planner_server]: Plan computed: 0 poses
[nav_interface_node-7] [ERROR] [1790937424.248467612] [nav_interface_node]: ComputePathService: Failed to get plan or plan is empty
[planner_server-4] [ERROR] [1790937424.357778256] [planner_server]: Start is in blocked cell (cost=100).
[planner_server-4] [INFO] [1790937424.357909790] [planner_server]: Planning took 0 ms
[planner_server-4] [INFO] [1790937424.358322439] [planner_server]: Plan computed: 0 poses
[nav_interface_node-7] [ERROR] [1790937424.358977996] [nav_interface_node]: ComputePathService: Failed to get plan or plan is empty
[planner_server-4] [ERROR] [1790937424.467773090] [planner_server]: Start is in blocked cell (cost=100).
[planner_server-4] [INFO] [1790937424.467901801] [planner_server]: Planning took 0 ms
[planner_server-4] [INFO] [1790937424.468075598] [planner_server]: Plan computed: 0 poses
[nav_interface_node-7] [ERROR] [1790937424.468841787] [nav_interface_node]: ComputePathService: Failed to get plan or plan is empty
[planner_server-4] [ERROR] [1790937424.577852511] [planner_server]: Start is in blocked cell (cost=100).
[planner_server-4] [INFO] [1790937424.577987148] [planner_server]: Planning took 0 ms
[planner_server-4] [INFO] [1790937424.578099052] [planner_server]: Plan computed: 0 poses
[nav_interface_node-7] [ERROR] [1790937424.578719012] [nav_interface_node]: ComputePathService: Failed to get plan or plan is empty
[planner_server-4] [ERROR] [1790937424.687775213] [planner_server]: Start is in blocked cell (cost=100).
[planner_server-4] [INFO] [1790937424.687905785] [planner_server]: Planning took 0 ms
[planner_server-4] [INFO] [1790937424.688094728] [planner_server]: Plan computed: 0 poses
[nav_interface_node-7] [ERROR] [1790937424.688873200] [nav_interface_node]: ComputePathService: Failed to get plan or plan is empty
[planner_server-4] [ERROR] [1790937424.801060315] [planner_server]: Start is in blocked cell (cost=100).
[planner_server-4] [INFO] [1790937424.801190247] [planner_server]: Planning took 0 ms
[planner_server-4] [INFO] [1790937424.801318367] [planner_server]: Plan computed: 0 poses
[nav_interface_node-7] [ERROR] [1790937424.803301935] [nav_interface_node]: ComputePathService: Failed to get plan or plan is empty
[planner_server-4] [ERROR] [1790937424.907957819] [planner_server]: Start is in blocked cell (cost=100).
[planner_server-4] [INFO] [1790937424.908041504] [planner_server]: Planning took 0 ms
[planner_server-4] [INFO] [1790937424.908405314] [planner_server]: Plan computed: 0 poses
[nav_interface_node-7] [ERROR] [1790937424.908972962] [nav_interface_node]: ComputePathService: Failed to get plan or plan is empty
[planner_server-4] [ERROR] [1790937425.017842589] [planner_server]: Start is in blocked cell (cost=100).
[planner_server-4] [INFO] [1790937425.018203463] [planner_server]: Planning took 0 ms
[planner_server-4] [INFO] [1790937425.018363343] [planner_server]: Plan computed: 0 poses
[nav_interface_node-7] [ERROR] [1790937425.018737731] [nav_interface_node]: ComputePathService: Failed to get plan or plan is empty
[planner_server-4] [ERROR] [1790937425.128153118] [planner_server]: Start is in blocked cell (cost=100).
[planner_server-4] [INFO] [1790937425.128285418] [planner_server]: Planning took 0 ms
[planner_server-4] [INFO] [1790937425.128446129] [planner_server]: Plan computed: 0 poses
[nav_interface_node-7] [ERROR] [1790937425.129143000] [nav_interface_node]: ComputePathService: Failed to get plan or plan is empty
[planner_server-4] [ERROR] [1790937425.241456193] [planner_server]: Start is in blocked cell (cost=100).
[planner_server-4] [INFO] [1790937425.241538431] [planner_server]: Planning took 0 ms
[planner_server-4] [INFO] [1790937425.241658408] [planner_server]: Plan computed: 0 poses
[nav_interface_node-7] [ERROR] [1790937425.242094807] [nav_interface_node]: ComputePathService: Failed to get plan or plan is empty
[planner_server-4] [ERROR] [1790937425.348090308] [planner_server]: Start is in blocked cell (cost=100).
[planner_server-4] [INFO] [1790937425.348219215] [planner_server]: Planning took 0 ms
[planner_server-4] [INFO] [1790937425.348428197] [planner_server]: Plan computed: 0 poses
[nav_interface_node-7] [ERROR] [1790937425.349079039] [nav_interface_node]: ComputePathService: Failed to get plan or plan is empty
[planner_server-4] [ERROR] [1790937425.457641679] [planner_server]: Start is in blocked cell (cost=100).
[planner_server-4] [INFO] [1790937425.457978407] [planner_server]: Planning took 0 ms
[planner_server-4] [INFO] [1790937425.458443782] [planner_server]: Plan computed: 0 poses
[nav_interface_node-7] [ERROR] [1790937425.459261342] [nav_interface_node]: ComputePathService: Failed to get plan or plan is empty
[planner_server-4] [ERROR] [1790937425.569091049] [planner_server]: Start is in blocked cell (cost=100).
[planner_server-4] [INFO] [1790937425.569237485] [planner_server]: Planning took 0 ms
[planner_server-4] [INFO] [1790937425.569395062] [planner_server]: Plan computed: 0 poses
[nav_interface_node-7] [ERROR] [1790937425.570390641] [nav_interface_node]: ComputePathService: Failed to get plan or plan is empty
[planner_server-4] [ERROR] [1790937425.681199359] [planner_server]: Start is in blocked cell (cost=100).
[planner_server-4] [INFO] [1790937425.681330999] [planner_server]: Planning took 0 ms
[planner_server-4] [INFO] [1790937425.681554376] [planner_server]: Plan computed: 0 poses
[nav_interface_node-7] [ERROR] [1790937425.682137787] [nav_interface_node]: ComputePathService: Failed to get plan or plan is empty
[planner_server-4] [ERROR] [1790937425.788232363] [planner_server]: Start is in blocked cell (cost=100).
[planner_server-4] [INFO] [1790937425.788360008] [planner_server]: Planning took 0 ms
[planner_server-4] [INFO] [1790937425.788521810] [planner_server]: Plan computed: 0 poses
[nav_interface_node-7] [ERROR] [1790937425.789606013] [nav_interface_node]: ComputePathService: Failed to get plan or plan is empty
[planner_server-4] [ERROR] [1790937425.898169074] [planner_server]: Start is in blocked cell (cost=100).
[planner_server-4] [INFO] [1790937425.898353551] [planner_server]: Planning took 0 ms
[planner_server-4] [INFO] [1790937425.898709629] [planner_server]: Plan computed: 0 poses
[nav_interface_node-7] [ERROR] [1790937425.900244050] [nav_interface_node]: ComputePathService: Failed to get plan or plan is empty
[planner_server-4] [ERROR] [1790937426.008611754] [planner_server]: Start is in blocked cell (cost=100).
[planner_server-4] [INFO] [1790937426.009170638] [planner_server]: Planning took 0 ms
[planner_server-4] [INFO] [1790937426.009610735] [planner_server]: Plan computed: 0 poses
[nav_interface_node-7] [ERROR] [1790937426.010973693] [nav_interface_node]: ComputePathService: Failed to get plan or plan is empty
[planner_server-4] [ERROR] [1790937426.120207796] [planner_server]: Start is in blocked cell (cost=100).
[planner_server-4] [INFO] [1790937426.120285552] [planner_server]: Planning took 0 ms
[planner_server-4] [INFO] [1790937426.120466342] [planner_server]: Plan computed: 0 poses
[nav_interface_node-7] [ERROR] [1790937426.122417831] [nav_interface_node]: ComputePathService: Failed to get plan or plan is empty
[planner_server-4] [ERROR] [1790937426.227891440] [planner_server]: Start is in blocked cell (cost=100).
[planner_server-4] [INFO] [1790937426.227973971] [planner_server]: Planning took 0 ms
[planner_server-4] [INFO] [1790937426.228583896] [planner_server]: Plan computed: 0 poses
[nav_interface_node-7] [ERROR] [1790937426.229269880] [nav_interface_node]: ComputePathService: Failed to get plan or plan is empty
[planner_server-4] [ERROR] [1790937426.337653031] [planner_server]: Start is in blocked cell (cost=100).
[planner_server-4] [INFO] [1790937426.337740918] [planner_server]: Planning took 0 ms
[planner_server-4] [INFO] [1790937426.338849124] [planner_server]: Plan computed: 0 poses
[nav_interface_node-7] [ERROR] [1790937426.340199508] [nav_interface_node]: ComputePathService: Failed to get plan or plan is empty
[planner_server-4] [ERROR] [1790937426.448055427] [planner_server]: Start is in blocked cell (cost=100).
[planner_server-4] [INFO] [1790937426.448194581] [planner_server]: Planning took 0 ms
[planner_server-4] [INFO] [1790937426.448360504] [planner_server]: Plan computed: 0 poses
[nav_interface_node-7] [ERROR] [1790937426.450103763] [nav_interface_node]: ComputePathService: Failed to get plan or plan is empty
[planner_server-4] [ERROR] [1790937426.560150505] [planner_server]: Start is in blocked cell (cost=100).
[planner_server-4] [INFO] [1790937426.560238773] [planner_server]: Planning took 0 ms
[planner_server-4] [INFO] [1790937426.560388649] [planner_server]: Plan computed: 0 poses
[nav_interface_node-7] [ERROR] [1790937426.563078835] [nav_interface_node]: ComputePathService: Failed to get plan or plan is empty
[planner_server-4] [ERROR] [1790937426.668199548] [planner_server]: Start is in blocked cell (cost=100).
[planner_server-4] [INFO] [1790937426.668346190] [planner_server]: Planning took 0 ms
[planner_server-4] [INFO] [1790937426.668551357] [planner_server]: Plan computed: 0 poses
[nav_interface_node-7] [ERROR] [1790937426.669326780] [nav_interface_node]: ComputePathService: Failed to get plan or plan is empty
[planner_server-4] [ERROR] [1790937426.777843980] [planner_server]: Start is in blocked cell (cost=100).
[planner_server-4] [INFO] [1790937426.778000873] [planner_server]: Planning took 0 ms
[planner_server-4] [INFO] [1790937426.778609897] [planner_server]: Plan computed: 0 poses
[nav_interface_node-7] [ERROR] [1790937426.779594596] [nav_interface_node]: ComputePathService: Failed to get plan or plan is empty
[planner_server-4] [ERROR] [1790937426.888741153] [planner_server]: Start is in blocked cell (cost=100).
[planner_server-4] [INFO] [1790937426.888834246] [planner_server]: Planning took 0 ms
[planner_server-4] [INFO] [1790937426.888989127] [planner_server]: Plan computed: 0 poses
[nav_interface_node-7] [ERROR] [1790937426.890132547] [nav_interface_node]: ComputePathService: Failed to get plan or plan is empty
[planner_server-4] [ERROR] [1790937426.998456703] [planner_server]: Start is in blocked cell (cost=100).
[planner_server-4] [INFO] [1790937426.998587228] [planner_server]: Planning took 0 ms
[planner_server-4] [INFO] [1790937426.998942160] [planner_server]: Plan computed: 0 poses
[nav_interface_node-7] [ERROR] [1790937426.999666832] [nav_interface_node]: ComputePathService: Failed to get plan or plan is empty
[planner_server-4] [ERROR] [1790937427.108241110] [planner_server]: Start is in blocked cell (cost=100).
[planner_server-4] [INFO] [1790937427.108398611] [planner_server]: Planning took 0 ms
[planner_server-4] [INFO] [1790937427.108596167] [planner_server]: Plan computed: 0 poses
[nav_interface_node-7] [ERROR] [1790937427.109429352] [nav_interface_node]: ComputePathService: Failed to get plan or plan is empty
[planner_server-4] [ERROR] [1790937427.217842690] [planner_server]: Start is in blocked cell (cost=100).
[planner_server-4] [INFO] [1790937427.217933994] [planner_server]: Planning took 0 ms
[planner_server-4] [INFO] [1790937427.218087190] [planner_server]: Plan computed: 0 poses
[nav_interface_node-7] [ERROR] [1790937427.219305977] [nav_interface_node]: ComputePathService: Failed to get plan or plan is empty
[planner_server-4] [ERROR] [1790937427.328681844] [planner_server]: Start is in blocked cell (cost=100).
[planner_server-4] [INFO] [1790937427.328763988] [planner_server]: Planning took 0 ms
[planner_server-4] [INFO] [1790937427.328869909] [planner_server]: Plan computed: 0 poses
[nav_interface_node-7] [ERROR] [1790937427.329575824] [nav_interface_node]: ComputePathService: Failed to get plan or plan is empty
[planner_server-4] [ERROR] [1790937427.437867947] [planner_server]: Start is in blocked cell (cost=100).
[planner_server-4] [INFO] [1790937427.438008117] [planner_server]: Planning took 0 ms
[planner_server-4] [INFO] [1790937427.438669325] [planner_server]: Plan computed: 0 poses
[nav_interface_node-7] [ERROR] [1790937427.440693551] [nav_interface_node]: ComputePathService: Failed to get plan or plan is empty
[planner_server-4] [ERROR] [1790937427.548645660] [planner_server]: Start is in blocked cell (cost=100).
[planner_server-4] [INFO] [1790937427.548761193] [planner_server]: Planning took 0 ms
[planner_server-4] [INFO] [1790937427.548929375] [planner_server]: Plan computed: 0 poses
[nav_interface_node-7] [ERROR] [1790937427.550687707] [nav_interface_node]: ComputePathService: Failed to get plan or plan is empty
[planner_server-4] [ERROR] [1790937427.658841582] [planner_server]: Start is in blocked cell (cost=100).
[planner_server-4] [INFO] [1790937427.658927800] [planner_server]: Planning took 0 ms
[planner_server-4] [INFO] [1790937427.659228055] [planner_server]: Plan computed: 0 poses
[nav_interface_node-7] [ERROR] [1790937427.660212329] [nav_interface_node]: ComputePathService: Failed to get plan or plan is empty
[planner_server-4] [ERROR] [1790937427.768463566] [planner_server]: Start is in blocked cell (cost=100).
[planner_server-4] [INFO] [1790937427.768565322] [planner_server]: Planning took 0 ms
[planner_server-4] [INFO] [1790937427.768694410] [planner_server]: Plan computed: 0 poses
[nav_interface_node-7] [ERROR] [1790937427.772040197] [nav_interface_node]: ComputePathService: Failed to get plan or plan is empty
[planner_server-4] [ERROR] [1790937427.878873283] [planner_server]: Start is in blocked cell (cost=100).
[planner_server-4] [INFO] [1790937427.879011912] [planner_server]: Planning took 0 ms
[planner_server-4] [INFO] [1790937427.879184660] [planner_server]: Plan computed: 0 poses
[nav_interface_node-7] [ERROR] [1790937427.880597109] [nav_interface_node]: ComputePathService: Failed to get plan or plan is empty
[planner_server-4] [ERROR] [1790937427.989404674] [planner_server]: Start is in blocked cell (cost=100).
[planner_server-4] [INFO] [1790937427.989550681] [planner_server]: Planning took 0 ms
[planner_server-4] [INFO] [1790937427.989732079] [planner_server]: Plan computed: 0 poses
[nav_interface_node-7] [ERROR] [1790937427.990600695] [nav_interface_node]: ComputePathService: Failed to get plan or plan is empty
[planner_server-4] [ERROR] [1790937428.098000152] [planner_server]: Start is in blocked cell (cost=100).
[planner_server-4] [INFO] [1790937428.098167490] [planner_server]: Planning took 0 ms
[planner_server-4] [INFO] [1790937428.098329812] [planner_server]: Plan computed: 0 poses
[nav_interface_node-7] [ERROR] [1790937428.099175799] [nav_interface_node]: ComputePathService: Failed to get plan or plan is empty
[planner_server-4] [ERROR] [1790937428.208431632] [planner_server]: Start is in blocked cell (cost=100).
[planner_server-4] [INFO] [1790937428.208575413] [planner_server]: Planning took 0 ms
[planner_server-4] [INFO] [1790937428.208893850] [planner_server]: Plan computed: 0 poses
[nav_interface_node-7] [ERROR] [1790937428.209580874] [nav_interface_node]: ComputePathService: Failed to get plan or plan is empty
[planner_server-4] [ERROR] [1790937428.318237548] [planner_server]: Start is in blocked cell (cost=100).
[planner_server-4] [INFO] [1790937428.318392351] [planner_server]: Planning took 0 ms
[planner_server-4] [INFO] [1790937428.318534880] [planner_server]: Plan computed: 0 poses
[nav_interface_node-7] [ERROR] [1790937428.319488770] [nav_interface_node]: ComputePathService: Failed to get plan or plan is empty
[planner_server-4] [ERROR] [1790937428.427532418] [planner_server]: Start is in blocked cell (cost=100).
[planner_server-4] [INFO] [1790937428.427670922] [planner_server]: Planning took 0 ms
[planner_server-4] [INFO] [1790937428.428095565] [planner_server]: Plan computed: 0 poses
[nav_interface_node-7] [ERROR] [1790937428.428752929] [nav_interface_node]: ComputePathService: Failed to get plan or plan is empty
[planner_server-4] [INFO] [1790937428.551714041] [planner_server]: Planning took 13 ms
[planner_server-4] [INFO] [1790937428.552451314] [planner_server]: Plan computed: 634 poses
[controller_node-5] [WARN] [1790937428.554537985] [controller_server]: path_copy succeeded.
[controller_node-5] [INFO] [1790937428.555162635] [controller_server]: Computed velocity commands: linear.x=0.10, linear.y=-0.87, angular.z=0.00
[controller_node-5] [WARN] [1790937428.555206677] [controller_server]: Control disabled, publishing zero velocity.
[controller_node-5] [INFO] [1790937428.555481713] [controller_server]: Control enabled
[nav_interface_node-7] [INFO] [1790937428.557432274] [nav_interface_node]: [SetControlEnable] Control enabled
[planner_server-4] [INFO] [1790937428.683698504] [planner_server]: Planning took 15 ms
[planner_server-4] [INFO] [1790937428.684340765] [planner_server]: Plan computed: 635 poses
[planner_server-4] [INFO] [1790937428.803389788] [planner_server]: Planning took 15 ms
[planner_server-4] [INFO] [1790937428.804001212] [planner_server]: Plan computed: 635 poses
[planner_server-4] [INFO] [1790937428.923307369] [planner_server]: Planning took 14 ms
[planner_server-4] [INFO] [1790937428.923673924] [planner_server]: Plan computed: 636 poses
[planner_server-4] [INFO] [1790937429.042615232] [planner_server]: Planning took 14 ms
[planner_server-4] [INFO] [1790937429.043518404] [planner_server]: Plan computed: 637 poses
[planner_server-4] [INFO] [1790937429.163257527] [planner_server]: Planning took 14 ms
[planner_server-4] [INFO] [1790937429.163550525] [planner_server]: Plan computed: 637 poses
[planner_server-4] [INFO] [1790937429.283245170] [planner_server]: Planning took 14 ms
[planner_server-4] [INFO] [1790937429.283530448] [planner_server]: Plan computed: 638 poses
[planner_server-4] [INFO] [1790937429.403742683] [planner_server]: Planning took 14 ms
[planner_server-4] [INFO] [1790937429.404381092] [planner_server]: Plan computed: 639 poses
[planner_server-4] [INFO] [1790937429.522654367] [planner_server]: Planning took 14 ms
[planner_server-4] [INFO] [1790937429.523156910] [planner_server]: Plan computed: 640 poses
[planner_server-4] [INFO] [1790937429.652500360] [planner_server]: Planning took 14 ms
[planner_server-4] [INFO] [1790937429.653270900] [planner_server]: Plan computed: 640 poses
[planner_server-4] [INFO] [1790937429.773399108] [planner_server]: Planning took 15 ms
[planner_server-4] [INFO] [1790937429.773802410] [planner_server]: Plan computed: 640 poses
[planner_server-4] [INFO] [1790937429.892979699] [planner_server]: Planning took 15 ms
[planner_server-4] [INFO] [1790937429.893363527] [planner_server]: Plan computed: 640 poses
[planner_server-4] [INFO] [1790937430.012134745] [planner_server]: Planning took 14 ms
[planner_server-4] [INFO] [1790937430.012927608] [planner_server]: Plan computed: 640 poses
[planner_server-4] [INFO] [1790937430.132652482] [planner_server]: Planning took 14 ms
[planner_server-4] [INFO] [1790937430.132924734] [planner_server]: Plan computed: 639 poses
[planner_server-4] [INFO] [1790937430.253447317] [planner_server]: Planning took 14 ms
[planner_server-4] [INFO] [1790937430.253699543] [planner_server]: Plan computed: 638 poses
[planner_server-4] [INFO] [1790937430.373274444] [planner_server]: Planning took 14 ms
[planner_server-4] [INFO] [1790937430.373548999] [planner_server]: Plan computed: 638 poses
[planner_server-4] [INFO] [1790937430.493242968] [planner_server]: Planning took 15 ms
[planner_server-4] [INFO] [1790937430.493520366] [planner_server]: Plan computed: 637 poses
[controller_node-5] [WARN] [1790937430.554586637] [controller_server]: path_copy succeeded.
[controller_node-5] [INFO] [1790937430.555220341] [controller_server]: Computed velocity commands: linear.x=0.97, linear.y=0.42, angular.z=0.00
[planner_server-4] [INFO] [1790937430.614874121] [planner_server]: Planning took 13 ms
[planner_server-4] [INFO] [1790937430.615450773] [planner_server]: Plan computed: 636 poses
[planner_server-4] [INFO] [1790937430.733896429] [planner_server]: Planning took 14 ms
[planner_server-4] [INFO] [1790937430.734230828] [planner_server]: Plan computed: 636 poses
[planner_server-4] [INFO] [1790937430.852736390] [planner_server]: Planning took 15 ms
[planner_server-4] [INFO] [1790937430.853237788] [planner_server]: Plan computed: 635 poses
[planner_server-4] [INFO] [1790937430.972820054] [planner_server]: Planning took 14 ms
[planner_server-4] [INFO] [1790937430.973036455] [planner_server]: Plan computed: 635 poses
[planner_server-4] [INFO] [1790937431.094143979] [planner_server]: Planning took 15 ms
[planner_server-4] [INFO] [1790937431.094774099] [planner_server]: Plan computed: 635 poses
[planner_server-4] [INFO] [1790937431.224301305] [planner_server]: Planning took 14 ms
[planner_server-4] [INFO] [1790937431.224605325] [planner_server]: Plan computed: 634 poses
[planner_server-4] [INFO] [1790937431.343460812] [planner_server]: Planning took 14 ms
[planner_server-4] [INFO] [1790937431.344089229] [planner_server]: Plan computed: 634 poses
[planner_server-4] [INFO] [1790937431.462205685] [planner_server]: Planning took 14 ms
[planner_server-4] [INFO] [1790937431.462453023] [planner_server]: Plan computed: 633 poses
[planner_server-4] [INFO] [1790937431.582271456] [planner_server]: Planning took 14 ms
[planner_server-4] [INFO] [1790937431.582565363] [planner_server]: Plan computed: 632 poses
[planner_server-4] [INFO] [1790937431.702885490] [planner_server]: Planning took 13 ms
[planner_server-4] [INFO] [1790937431.703311087] [planner_server]: Plan computed: 630 poses
[planner_server-4] [INFO] [1790937431.823190427] [planner_server]: Planning took 15 ms
[planner_server-4] [INFO] [1790937431.823693914] [planner_server]: Plan computed: 629 poses
[planner_server-4] [INFO] [1790937431.943420599] [planner_server]: Planning took 14 ms
[planner_server-4] [INFO] [1790937431.943931595] [planner_server]: Plan computed: 629 poses
[planner_server-4] [INFO] [1790937432.062464785] [planner_server]: Planning took 14 ms
[planner_server-4] [INFO] [1790937432.063051475] [planner_server]: Plan computed: 627 poses
[planner_server-4] [ERROR] [1790937432.168148571] [planner_server]: Start is in blocked cell (cost=100).
[planner_server-4] [INFO] [1790937432.168279553] [planner_server]: Planning took 0 ms
[planner_server-4] [INFO] [1790937432.168438682] [planner_server]: Plan computed: 0 poses
[nav_interface_node-7] [ERROR] [1790937432.168974481] [nav_interface_node]: ComputePathService: Failed to get plan or plan is empty
[controller_node-5] [INFO] [1790937432.169789696] [controller_server]: Control disabled
[nav_interface_node-7] [INFO] [1790937432.177809600] [nav_interface_node]: [SetControlEnable] Control disabled
[planner_server-4] [ERROR] [1790937432.287875447] [planner_server]: Start is in blocked cell (cost=100).
[planner_server-4] [INFO] [1790937432.287951517] [planner_server]: Planning took 0 ms
[planner_server-4] [INFO] [1790937432.288116263] [planner_server]: Plan computed: 0 poses
[nav_interface_node-7] [ERROR] [1790937432.288786999] [nav_interface_node]: ComputePathService: Failed to get plan or plan is empty
[planner_server-4] [ERROR] [1790937432.398192073] [planner_server]: Start is in blocked cell (cost=100).
[planner_server-4] [INFO] [1790937432.398388020] [planner_server]: Planning took 0 ms
[planner_server-4] [INFO] [1790937432.398580513] [planner_server]: Plan computed: 0 poses
[nav_interface_node-7] [ERROR] [1790937432.400494367] [nav_interface_node]: ComputePathService: Failed to get plan or plan is empty
[planner_server-4] [INFO] [1790937432.522726208] [planner_server]: Planning took 14 ms
[planner_server-4] [INFO] [1790937432.523205417] [planner_server]: Plan computed: 616 poses
[controller_node-5] [INFO] [1790937432.527152401] [controller_server]: Control enabled
[nav_interface_node-7] [INFO] [1790937432.536877844] [nav_interface_node]: [SetControlEnable] Control enabled
[controller_node-5] [WARN] [1790937432.571208334] [controller_server]: path_copy succeeded.
[controller_node-5] [INFO] [1790937432.572157711] [controller_server]: Computed velocity commands: linear.x=-0.28, linear.y=-1.05, angular.z=0.00
[planner_server-4] [INFO] [1790937432.652646006] [planner_server]: Planning took 14 ms
[planner_server-4] [INFO] [1790937432.653150288] [planner_server]: Plan computed: 613 poses
[planner_server-4] [INFO] [1790937432.772068627] [planner_server]: Planning took 14 ms
[planner_server-4] [INFO] [1790937432.772363234] [planner_server]: Plan computed: 612 poses
[planner_server-4] [INFO] [1790937432.892207489] [planner_server]: Planning took 13 ms
[planner_server-4] [INFO] [1790937432.892547345] [planner_server]: Plan computed: 613 poses
[planner_server-4] [INFO] [1790937433.016554057] [planner_server]: Planning took 18 ms
[planner_server-4] [INFO] [1790937433.018261706] [planner_server]: Plan computed: 613 poses
[planner_server-4] [INFO] [1790937433.145255765] [planner_server]: Planning took 15 ms
[planner_server-4] [INFO] [1790937433.145617079] [planner_server]: Plan computed: 614 poses
[planner_server-4] [INFO] [1790937433.265687089] [planner_server]: Planning took 14 ms
[planner_server-4] [INFO] [1790937433.266466965] [planner_server]: Plan computed: 615 poses
[planner_server-4] [INFO] [1790937433.385372802] [planner_server]: Planning took 14 ms
[planner_server-4] [INFO] [1790937433.385935846] [planner_server]: Plan computed: 615 poses
[planner_server-4] [INFO] [1790937433.504332501] [planner_server]: Planning took 13 ms
[planner_server-4] [INFO] [1790937433.504725157] [planner_server]: Plan computed: 615 poses
[planner_server-4] [INFO] [1790937433.622366888] [planner_server]: Planning took 14 ms
[planner_server-4] [INFO] [1790937433.623422664] [planner_server]: Plan computed: 616 poses
[planner_server-4] [INFO] [1790937433.741257334] [planner_server]: Planning took 13 ms
[planner_server-4] [INFO] [1790937433.741933270] [planner_server]: Plan computed: 616 poses
[planner_server-4] [ERROR] [1790937433.848580310] [planner_server]: Start is in blocked cell (cost=100).
[planner_server-4] [INFO] [1790937433.849192872] [planner_server]: Planning took 0 ms
[planner_server-4] [INFO] [1790937433.849573482] [planner_server]: Plan computed: 0 poses
[nav_interface_node-7] [ERROR] [1790937433.850571721] [nav_interface_node]: ComputePathService: Failed to get plan or plan is empty
[controller_node-5] [INFO] [1790937433.851544345] [controller_server]: Control disabled
[nav_interface_node-7] [INFO] [1790937433.857068711] [nav_interface_node]: [SetControlEnable] Control disabled
[planner_server-4] [ERROR] [1790937433.968991900] [planner_server]: Start is in blocked cell (cost=100).
[planner_server-4] [INFO] [1790937433.969217423] [planner_server]: Planning took 0 ms
[planner_server-4] [INFO] [1790937433.969449274] [planner_server]: Plan computed: 0 poses
[nav_interface_node-7] [ERROR] [1790937433.970336949] [nav_interface_node]: ComputePathService: Failed to get plan or plan is empty
[planner_server-4] [ERROR] [1790937434.077707243] [planner_server]: Start is in blocked cell (cost=100).
[planner_server-4] [INFO] [1790937434.077857037] [planner_server]: Planning took 0 ms
[planner_server-4] [INFO] [1790937434.078205514] [planner_server]: Plan computed: 0 poses
[nav_interface_node-7] [ERROR] [1790937434.079619876] [nav_interface_node]: ComputePathService: Failed to get plan or plan is empty
[planner_server-4] [ERROR] [1790937434.189312644] [planner_server]: Start is in blocked cell (cost=100).
[planner_server-4] [INFO] [1790937434.189444504] [planner_server]: Planning took 0 ms
[planner_server-4] [INFO] [1790937434.189596592] [planner_server]: Plan computed: 0 poses
[nav_interface_node-7] [ERROR] [1790937434.190131803] [nav_interface_node]: ComputePathService: Failed to get plan or plan is empty
[planner_server-4] [ERROR] [1790937434.297620029] [planner_server]: Start is in blocked cell (cost=100).
[planner_server-4] [INFO] [1790937434.297827803] [planner_server]: Planning took 0 ms
[planner_server-4] [INFO] [1790937434.297983656] [planner_server]: Plan computed: 0 poses
[nav_interface_node-7] [ERROR] [1790937434.299133217] [nav_interface_node]: ComputePathService: Failed to get plan or plan is empty
[planner_server-4] [ERROR] [1790937434.408287680] [planner_server]: Start is in blocked cell (cost=100).
[planner_server-4] [INFO] [1790937434.408463891] [planner_server]: Planning took 0 ms
[planner_server-4] [INFO] [1790937434.408696929] [planner_server]: Plan computed: 0 poses
[nav_interface_node-7] [ERROR] [1790937434.409123462] [nav_interface_node]: ComputePathService: Failed to get plan or plan is empty
[planner_server-4] [INFO] [1790937434.534295972] [planner_server]: Planning took 14 ms
[planner_server-4] [INFO] [1790937434.534637008] [planner_server]: Plan computed: 606 poses
[controller_node-5] [INFO] [1790937434.536822542] [controller_server]: Control enabled
[nav_interface_node-7] [INFO] [1790937434.548207752] [nav_interface_node]: [SetControlEnable] Control enabled
[controller_node-5] [WARN] [1790937434.590689210] [controller_server]: path_copy succeeded.
[controller_node-5] [INFO] [1790937434.591218964] [controller_server]: Computed velocity commands: linear.x=0.34, linear.y=-0.89, angular.z=0.00
[planner_server-4] [INFO] [1790937434.672784277] [planner_server]: Planning took 14 ms
[planner_server-4] [INFO] [1790937434.673082114] [planner_server]: Plan computed: 603 poses
[planner_server-4] [INFO] [1790937434.792027826] [planner_server]: Planning took 14 ms
[planner_server-4] [INFO] [1790937434.792347192] [planner_server]: Plan computed: 601 poses
[planner_server-4] [INFO] [1790937434.911330124] [planner_server]: Planning took 13 ms
[planner_server-4] [INFO] [1790937434.911880516] [planner_server]: Plan computed: 599 poses
[planner_server-4] [INFO] [1790937435.031330807] [planner_server]: Planning took 13 ms
[planner_server-4] [INFO] [1790937435.031849018] [planner_server]: Plan computed: 598 poses
[planner_server-4] [INFO] [1790937435.154182479] [planner_server]: Planning took 15 ms
[planner_server-4] [INFO] [1790937435.154890714] [planner_server]: Plan computed: 598 poses
[planner_server-4] [INFO] [1790937435.271498257] [planner_server]: Planning took 13 ms
[planner_server-4] [INFO] [1790937435.271827815] [planner_server]: Plan computed: 597 poses
[planner_server-4] [INFO] [1790937435.392347100] [planner_server]: Planning took 14 ms
[planner_server-4] [INFO] [1790937435.392694093] [planner_server]: Plan computed: 596 poses
[planner_server-4] [INFO] [1790937435.511019459] [planner_server]: Planning took 13 ms
[planner_server-4] [INFO] [1790937435.511548054] [planner_server]: Plan computed: 596 poses
[planner_server-4] [INFO] [1790937435.631317823] [planner_server]: Planning took 13 ms
[planner_server-4] [INFO] [1790937435.631787396] [planner_server]: Plan computed: 593 poses
[planner_server-4] [INFO] [1790937435.751930664] [planner_server]: Planning took 14 ms
[planner_server-4] [INFO] [1790937435.752552980] [planner_server]: Plan computed: 592 poses
[planner_server-4] [INFO] [1790937435.871301017] [planner_server]: Planning took 13 ms
[planner_server-4] [INFO] [1790937435.871554249] [planner_server]: Plan computed: 590 poses
[planner_server-4] [INFO] [1790937435.992999717] [planner_server]: Planning took 14 ms
[planner_server-4] [INFO] [1790937435.993364915] [planner_server]: Plan computed: 587 poses
[planner_server-4] [INFO] [1790937436.110562877] [planner_server]: Planning took 12 ms
[planner_server-4] [INFO] [1790937436.111636375] [planner_server]: Plan computed: 586 poses
[planner_server-4] [INFO] [1790937436.231406084] [planner_server]: Planning took 13 ms
[planner_server-4] [INFO] [1790937436.232087246] [planner_server]: Plan computed: 585 poses
[planner_server-4] [INFO] [1790937436.352275097] [planner_server]: Planning took 13 ms
[planner_server-4] [INFO] [1790937436.352642636] [planner_server]: Plan computed: 584 poses
[planner_server-4] [INFO] [1790937436.470598852] [planner_server]: Planning took 12 ms
[planner_server-4] [INFO] [1790937436.471322535] [planner_server]: Plan computed: 583 poses
[controller_node-5] [WARN] [1790937436.591469857] [controller_server]: path_copy succeeded.
[planner_server-4] [INFO] [1790937436.591901208] [planner_server]: Planning took 12 ms
[planner_server-4] [INFO] [1790937436.592167794] [planner_server]: Plan computed: 582 poses
[controller_node-5] [INFO] [1790937436.591907516] [controller_server]: Computed velocity commands: linear.x=0.55, linear.y=-1.34, angular.z=0.00
[planner_server-4] [INFO] [1790937436.712480019] [planner_server]: Planning took 14 ms
[planner_server-4] [INFO] [1790937436.712799301] [planner_server]: Plan computed: 582 poses
[planner_server-4] [INFO] [1790937436.832096902] [planner_server]: Planning took 14 ms
[planner_server-4] [INFO] [1790937436.832921657] [planner_server]: Plan computed: 582 poses
[planner_server-4] [INFO] [1790937436.958411068] [planner_server]: Planning took 19 ms
[planner_server-4] [INFO] [1790937436.958846453] [planner_server]: Plan computed: 579 poses
[planner_server-4] [INFO] [1790937437.082335045] [planner_server]: Planning took 14 ms
[planner_server-4] [INFO] [1790937437.082667381] [planner_server]: Plan computed: 578 poses
[planner_server-4] [INFO] [1790937437.201886612] [planner_server]: Planning took 14 ms
[planner_server-4] [INFO] [1790937437.202579276] [planner_server]: Plan computed: 577 poses
[planner_server-4] [INFO] [1790937437.321064453] [planner_server]: Planning took 13 ms
[planner_server-4] [INFO] [1790937437.321588435] [planner_server]: Plan computed: 576 poses
[planner_server-4] [INFO] [1790937437.440469732] [planner_server]: Planning took 12 ms
[planner_server-4] [INFO] [1790937437.440803290] [planner_server]: Plan computed: 575 poses
[planner_server-4] [INFO] [1790937437.561186721] [planner_server]: Planning took 13 ms
[planner_server-4] [INFO] [1790937437.561533138] [planner_server]: Plan computed: 572 poses
[planner_server-4] [INFO] [1790937437.681921636] [planner_server]: Planning took 12 ms
[planner_server-4] [INFO] [1790937437.682282844] [planner_server]: Plan computed: 570 poses
[planner_server-4] [INFO] [1790937437.803708399] [planner_server]: Planning took 13 ms
[planner_server-4] [INFO] [1790937437.804294759] [planner_server]: Plan computed: 568 poses
[planner_server-4] [INFO] [1790937437.923241960] [planner_server]: Planning took 13 ms
[planner_server-4] [INFO] [1790937437.923535511] [planner_server]: Plan computed: 567 poses
[planner_server-4] [INFO] [1790937438.044022220] [planner_server]: Planning took 13 ms
[planner_server-4] [INFO] [1790937438.044348615] [planner_server]: Plan computed: 566 poses
[planner_server-4] [INFO] [1790937438.162453163] [planner_server]: Planning took 13 ms
[planner_server-4] [INFO] [1790937438.162757515] [planner_server]: Plan computed: 564 poses
[planner_server-4] [INFO] [1790937438.281467799] [planner_server]: Planning took 13 ms
[planner_server-4] [INFO] [1790937438.281758762] [planner_server]: Plan computed: 562 poses
[planner_server-4] [INFO] [1790937438.402088185] [planner_server]: Planning took 13 ms
[planner_server-4] [INFO] [1790937438.402506984] [planner_server]: Plan computed: 561 poses
[planner_server-4] [INFO] [1790937438.521586463] [planner_server]: Planning took 13 ms
[planner_server-4] [INFO] [1790937438.521913179] [planner_server]: Plan computed: 559 poses
[controller_node-5] [WARN] [1790937438.608663452] [controller_server]: path_copy succeeded.
[controller_node-5] [INFO] [1790937438.609115639] [controller_server]: Computed velocity commands: linear.x=-1.12, linear.y=0.27, angular.z=0.00
[planner_server-4] [INFO] [1790937438.641734246] [planner_server]: Planning took 13 ms
[planner_server-4] [INFO] [1790937438.642458459] [planner_server]: Plan computed: 559 poses
[planner_server-4] [INFO] [1790937438.761063770] [planner_server]: Planning took 12 ms
[planner_server-4] [INFO] [1790937438.761345510] [planner_server]: Plan computed: 557 poses
[planner_server-4] [INFO] [1790937438.882244436] [planner_server]: Planning took 13 ms
[planner_server-4] [INFO] [1790937438.882521378] [planner_server]: Plan computed: 554 poses
[planner_server-4] [INFO] [1790937439.001604370] [planner_server]: Planning took 12 ms
[planner_server-4] [INFO] [1790937439.002826790] [planner_server]: Plan computed: 552 poses
[planner_server-4] [INFO] [1790937439.120534713] [planner_server]: Planning took 12 ms
[planner_server-4] [INFO] [1790937439.120992487] [planner_server]: Plan computed: 550 poses
[planner_server-4] [INFO] [1790937439.242127836] [planner_server]: Planning took 13 ms
[planner_server-4] [INFO] [1790937439.243102201] [planner_server]: Plan computed: 548 poses
[planner_server-4] [INFO] [1790937439.362442833] [planner_server]: Planning took 13 ms
[planner_server-4] [INFO] [1790937439.362952403] [planner_server]: Plan computed: 546 poses
[planner_server-4] [INFO] [1790937439.481403295] [planner_server]: Planning took 12 ms
[planner_server-4] [INFO] [1790937439.481743456] [planner_server]: Plan computed: 543 poses
[planner_server-4] [INFO] [1790937439.601261014] [planner_server]: Planning took 12 ms
[planner_server-4] [INFO] [1790937439.601768612] [planner_server]: Plan computed: 542 poses
[planner_server-4] [INFO] [1790937439.720353301] [planner_server]: Planning took 12 ms
[planner_server-4] [INFO] [1790937439.720786569] [planner_server]: Plan computed: 541 poses
[planner_server-4] [INFO] [1790937439.843245423] [planner_server]: Planning took 12 ms
[planner_server-4] [INFO] [1790937439.843615047] [planner_server]: Plan computed: 538 poses
[planner_server-4] [INFO] [1790937439.961083567] [planner_server]: Planning took 13 ms
[planner_server-4] [INFO] [1790937439.961484908] [planner_server]: Plan computed: 537 poses
[planner_server-4] [INFO] [1790937440.079586653] [planner_server]: Planning took 11 ms
[planner_server-4] [INFO] [1790937440.080144384] [planner_server]: Plan computed: 537 poses
[planner_server-4] [INFO] [1790937440.199741952] [planner_server]: Planning took 11 ms
[planner_server-4] [INFO] [1790937440.200284941] [planner_server]: Plan computed: 537 poses
[planner_server-4] [INFO] [1790937440.319786326] [planner_server]: Planning took 11 ms
[planner_server-4] [INFO] [1790937440.320316055] [planner_server]: Plan computed: 536 poses
[planner_server-4] [INFO] [1790937440.443227441] [planner_server]: Planning took 13 ms
[planner_server-4] [INFO] [1790937440.443563101] [planner_server]: Plan computed: 535 poses
[planner_server-4] [INFO] [1790937440.562126028] [planner_server]: Planning took 13 ms
[planner_server-4] [INFO] [1790937440.562462039] [planner_server]: Plan computed: 535 poses
[controller_node-5] [WARN] [1790937440.627345594] [controller_server]: path_copy succeeded.
[controller_node-5] [INFO] [1790937440.628021330] [controller_server]: Computed velocity commands: linear.x=-1.10, linear.y=-0.89, angular.z=0.00
[planner_server-4] [INFO] [1790937440.679929813] [planner_server]: Planning took 11 ms
[planner_server-4] [INFO] [1790937440.680268127] [planner_server]: Plan computed: 534 poses
[planner_server-4] [INFO] [1790937440.805517076] [planner_server]: Planning took 14 ms
[planner_server-4] [INFO] [1790937440.805887227] [planner_server]: Plan computed: 532 poses
[planner_server-4] [INFO] [1790937440.930020909] [planner_server]: Planning took 12 ms
[planner_server-4] [INFO] [1790937440.930584794] [planner_server]: Plan computed: 531 poses
[planner_server-4] [INFO] [1790937441.050406787] [planner_server]: Planning took 12 ms
[planner_server-4] [INFO] [1790937441.050821081] [planner_server]: Plan computed: 529 poses
[planner_server-4] [INFO] [1790937441.169904698] [planner_server]: Planning took 11 ms
[planner_server-4] [INFO] [1790937441.170238681] [planner_server]: Plan computed: 526 poses
[planner_server-4] [INFO] [1790937441.292179141] [planner_server]: Planning took 13 ms
[planner_server-4] [INFO] [1790937441.292540235] [planner_server]: Plan computed: 525 poses
[planner_server-4] [INFO] [1790937441.409187596] [planner_server]: Planning took 11 ms
[planner_server-4] [INFO] [1790937441.409496522] [planner_server]: Plan computed: 522 poses
[planner_server-4] [INFO] [1790937441.531119598] [planner_server]: Planning took 12 ms
[planner_server-4] [INFO] [1790937441.531536496] [planner_server]: Plan computed: 520 poses
[planner_server-4] [INFO] [1790937441.650417998] [planner_server]: Planning took 12 ms
[planner_server-4] [INFO] [1790937441.650662266] [planner_server]: Plan computed: 519 poses
[planner_server-4] [INFO] [1790937441.769708156] [planner_server]: Planning took 11 ms
[planner_server-4] [INFO] [1790937441.770215901] [planner_server]: Plan computed: 517 poses
[planner_server-4] [INFO] [1790937441.892334388] [planner_server]: Planning took 12 ms
[planner_server-4] [INFO] [1790937441.892656172] [planner_server]: Plan computed: 515 poses
[planner_server-4] [INFO] [1790937442.010335588] [planner_server]: Planning took 11 ms
[planner_server-4] [INFO] [1790937442.010698971] [planner_server]: Plan computed: 513 poses
[planner_server-4] [INFO] [1790937442.131478030] [planner_server]: Planning took 11 ms
[planner_server-4] [INFO] [1790937442.131839239] [planner_server]: Plan computed: 508 poses
[planner_server-4] [INFO] [1790937442.249668700] [planner_server]: Planning took 11 ms
[planner_server-4] [INFO] [1790937442.250214310] [planner_server]: Plan computed: 506 poses
[planner_server-4] [INFO] [1790937442.370407178] [planner_server]: Planning took 11 ms
[planner_server-4] [INFO] [1790937442.370702577] [planner_server]: Plan computed: 502 poses
[planner_server-4] [INFO] [1790937442.491735432] [planner_server]: Planning took 12 ms
[planner_server-4] [INFO] [1790937442.492128230] [planner_server]: Plan computed: 501 poses
[planner_server-4] [INFO] [1790937442.609932432] [planner_server]: Planning took 11 ms
[planner_server-4] [INFO] [1790937442.610178165] [planner_server]: Plan computed: 498 poses
[controller_node-5] [WARN] [1790937442.647091184] [controller_server]: path_copy succeeded.
[controller_node-5] [INFO] [1790937442.647534729] [controller_server]: Computed velocity commands: linear.x=-0.25, linear.y=1.02, angular.z=0.00
[planner_server-4] [INFO] [1790937442.730155044] [planner_server]: Planning took 11 ms
[planner_server-4] [INFO] [1790937442.730591157] [planner_server]: Plan computed: 495 poses
[planner_server-4] [INFO] [1790937442.851071101] [planner_server]: Planning took 11 ms
[planner_server-4] [INFO] [1790937442.851312869] [planner_server]: Plan computed: 494 poses
[planner_server-4] [INFO] [1790937442.971122352] [planner_server]: Planning took 11 ms
[planner_server-4] [INFO] [1790937442.971527839] [planner_server]: Plan computed: 493 poses
[planner_server-4] [INFO] [1790937443.090543693] [planner_server]: Planning took 11 ms
[planner_server-4] [INFO] [1790937443.090867801] [planner_server]: Plan computed: 490 poses
[planner_server-4] [INFO] [1790937443.211185334] [planner_server]: Planning took 12 ms
[planner_server-4] [INFO] [1790937443.211675957] [planner_server]: Plan computed: 488 poses
[planner_server-4] [INFO] [1790937443.331460482] [planner_server]: Planning took 12 ms
[planner_server-4] [INFO] [1790937443.331894729] [planner_server]: Plan computed: 487 poses
[planner_server-4] [INFO] [1790937443.449335880] [planner_server]: Planning took 10 ms
[planner_server-4] [INFO] [1790937443.449612424] [planner_server]: Plan computed: 487 poses
[planner_server-4] [INFO] [1790937443.569171107] [planner_server]: Planning took 11 ms
[planner_server-4] [INFO] [1790937443.569511049] [planner_server]: Plan computed: 487 poses
[planner_server-4] [INFO] [1790937443.690131408] [planner_server]: Planning took 12 ms
[planner_server-4] [INFO] [1790937443.690448334] [planner_server]: Plan computed: 486 poses
[planner_server-4] [INFO] [1790937443.810349667] [planner_server]: Planning took 12 ms
[planner_server-4] [INFO] [1790937443.810643638] [planner_server]: Plan computed: 485 poses
[planner_server-4] [INFO] [1790937443.930925564] [planner_server]: Planning took 13 ms
[planner_server-4] [INFO] [1790937443.931651799] [planner_server]: Plan computed: 485 poses
[planner_server-4] [INFO] [1790937444.050325838] [planner_server]: Planning took 12 ms
[planner_server-4] [INFO] [1790937444.050606522] [planner_server]: Plan computed: 485 poses
[planner_server-4] [INFO] [1790937444.169299689] [planner_server]: Planning took 11 ms
[planner_server-4] [INFO] [1790937444.169810130] [planner_server]: Plan computed: 484 poses
[planner_server-4] [INFO] [1790937444.288352321] [planner_server]: Planning took 11 ms
[planner_server-4] [INFO] [1790937444.288874270] [planner_server]: Plan computed: 483 poses
[planner_server-4] [INFO] [1790937444.409938588] [planner_server]: Planning took 12 ms
[planner_server-4] [INFO] [1790937444.410814706] [planner_server]: Plan computed: 482 poses
[planner_server-4] [INFO] [1790937444.528824963] [planner_server]: Planning took 11 ms
[planner_server-4] [INFO] [1790937444.530146440] [planner_server]: Plan computed: 480 poses
[planner_server-4] [INFO] [1790937444.648917961] [planner_server]: Planning took 10 ms
[planner_server-4] [INFO] [1790937444.649480213] [planner_server]: Plan computed: 480 poses
[controller_node-5] [WARN] [1790937444.649838558] [controller_server]: path_copy succeeded.
[controller_node-5] [INFO] [1790937444.650369460] [controller_server]: Computed velocity commands: linear.x=0.75, linear.y=0.20, angular.z=0.00
[planner_server-4] [INFO] [1790937444.773310997] [planner_server]: Planning took 14 ms
[planner_server-4] [INFO] [1790937444.773633447] [planner_server]: Plan computed: 478 poses
[planner_server-4] [INFO] [1790937444.891346107] [planner_server]: Planning took 12 ms
[planner_server-4] [INFO] [1790937444.891695308] [planner_server]: Plan computed: 477 poses
[planner_server-4] [INFO] [1790937445.015009308] [planner_server]: Planning took 13 ms
[planner_server-4] [INFO] [1790937445.015501928] [planner_server]: Plan computed: 474 poses
[planner_server-4] [INFO] [1790937445.140258916] [planner_server]: Planning took 12 ms
[planner_server-4] [INFO] [1790937445.140727298] [planner_server]: Plan computed: 474 poses
[planner_server-4] [INFO] [1790937445.259934136] [planner_server]: Planning took 12 ms
[planner_server-4] [INFO] [1790937445.260426004] [planner_server]: Plan computed: 472 poses
[planner_server-4] [INFO] [1790937445.379124460] [planner_server]: Planning took 10 ms
[planner_server-4] [INFO] [1790937445.379423497] [planner_server]: Plan computed: 470 poses
[planner_server-4] [INFO] [1790937445.501390080] [planner_server]: Planning took 11 ms
[planner_server-4] [INFO] [1790937445.501758366] [planner_server]: Plan computed: 469 poses
[planner_server-4] [INFO] [1790937445.617746072] [planner_server]: Planning took 10 ms
[planner_server-4] [INFO] [1790937445.618190326] [planner_server]: Plan computed: 468 poses
[planner_server-4] [INFO] [1790937445.740338674] [planner_server]: Planning took 11 ms
[planner_server-4] [INFO] [1790937445.740767164] [planner_server]: Plan computed: 467 poses
[planner_server-4] [INFO] [1790937445.860486668] [planner_server]: Planning took 11 ms
[planner_server-4] [INFO] [1790937445.860961881] [planner_server]: Plan computed: 466 poses
[planner_server-4] [INFO] [1790937445.979013450] [planner_server]: Planning took 10 ms
[planner_server-4] [INFO] [1790937445.980798488] [planner_server]: Plan computed: 466 poses
[planner_server-4] [INFO] [1790937446.101410957] [planner_server]: Planning took 10 ms
[planner_server-4] [INFO] [1790937446.101790755] [planner_server]: Plan computed: 465 poses
[planner_server-4] [INFO] [1790937446.221307966] [planner_server]: Planning took 11 ms
[planner_server-4] [INFO] [1790937446.221628661] [planner_server]: Plan computed: 464 poses
[planner_server-4] [INFO] [1790937446.340633356] [planner_server]: Planning took 11 ms
[planner_server-4] [INFO] [1790937446.341103666] [planner_server]: Plan computed: 461 poses
[planner_server-4] [INFO] [1790937446.458957820] [planner_server]: Planning took 10 ms
[planner_server-4] [INFO] [1790937446.459540186] [planner_server]: Plan computed: 461 poses
[planner_server-4] [INFO] [1790937446.579560490] [planner_server]: Planning took 11 ms
[planner_server-4] [INFO] [1790937446.580290419] [planner_server]: Plan computed: 458 poses
[controller_node-5] [WARN] [1790937446.666427606] [controller_server]: path_copy succeeded.
[controller_node-5] [INFO] [1790937446.667888615] [controller_server]: Computed velocity commands: linear.x=-0.85, linear.y=-0.90, angular.z=0.00
[planner_server-4] [INFO] [1790937446.698385532] [planner_server]: Planning took 10 ms
[planner_server-4] [INFO] [1790937446.699914679] [planner_server]: Plan computed: 458 poses
[planner_server-4] [INFO] [1790937446.819614087] [planner_server]: Planning took 11 ms
[planner_server-4] [INFO] [1790937446.819899126] [planner_server]: Plan computed: 455 poses
[planner_server-4] [INFO] [1790937446.938521248] [planner_server]: Planning took 10 ms
[planner_server-4] [INFO] [1790937446.939003748] [planner_server]: Plan computed: 454 poses
[planner_server-4] [INFO] [1790937447.059282364] [planner_server]: Planning took 10 ms
[planner_server-4] [INFO] [1790937447.059775004] [planner_server]: Plan computed: 451 poses
[planner_server-4] [INFO] [1790937447.179205503] [planner_server]: Planning took 11 ms
[planner_server-4] [INFO] [1790937447.179513441] [planner_server]: Plan computed: 449 poses
[planner_server-4] [INFO] [1790937447.298879698] [planner_server]: Planning took 10 ms
[planner_server-4] [INFO] [1790937447.299407114] [planner_server]: Plan computed: 447 poses
[planner_server-4] [INFO] [1790937447.418800619] [planner_server]: Planning took 11 ms
[planner_server-4] [INFO] [1790937447.419118813] [planner_server]: Plan computed: 445 poses
[planner_server-4] [INFO] [1790937447.551513143] [planner_server]: Planning took 22 ms
[planner_server-4] [INFO] [1790937447.551849536] [planner_server]: Plan computed: 444 poses
[planner_server-4] [INFO] [1790937447.691142095] [planner_server]: Planning took 19 ms
[planner_server-4] [INFO] [1790937447.693719530] [planner_server]: Plan computed: 441 poses
[planner_server-4] [INFO] [1790937447.811600723] [planner_server]: Planning took 13 ms
[planner_server-4] [INFO] [1790937447.814532009] [planner_server]: Plan computed: 439 poses
[planner_server-4] [INFO] [1790937447.928254220] [planner_server]: Planning took 10 ms
[planner_server-4] [INFO] [1790937447.930466736] [planner_server]: Plan computed: 439 poses
[planner_server-4] [INFO] [1790937448.051420888] [planner_server]: Planning took 11 ms
[planner_server-4] [INFO] [1790937448.051959377] [planner_server]: Plan computed: 436 poses
[planner_server-4] [INFO] [1790937448.169685837] [planner_server]: Planning took 10 ms
[planner_server-4] [INFO] [1790937448.170215843] [planner_server]: Plan computed: 434 poses
[planner_server-4] [INFO] [1790937448.289587719] [planner_server]: Planning took 10 ms
[planner_server-4] [INFO] [1790937448.290046290] [planner_server]: Plan computed: 433 poses
[planner_server-4] [INFO] [1790937448.411131871] [planner_server]: Planning took 12 ms
[planner_server-4] [INFO] [1790937448.411369560] [planner_server]: Plan computed: 431 poses
[planner_server-4] [INFO] [1790937448.531105602] [planner_server]: Planning took 10 ms
[planner_server-4] [INFO] [1790937448.531341849] [planner_server]: Plan computed: 428 poses
[planner_server-4] [INFO] [1790937448.648854704] [planner_server]: Planning took 10 ms
[planner_server-4] [INFO] [1790937448.649139689] [planner_server]: Plan computed: 428 poses
[controller_node-5] [WARN] [1790937448.684645331] [controller_server]: path_copy succeeded.
[controller_node-5] [INFO] [1790937448.685167174] [controller_server]: Computed velocity commands: linear.x=-0.62, linear.y=1.47, angular.z=0.00
[planner_server-4] [INFO] [1790937448.768281318] [planner_server]: Planning took 10 ms
[planner_server-4] [INFO] [1790937448.768569287] [planner_server]: Plan computed: 428 poses
[planner_server-4] [INFO] [1790937448.887931457] [planner_server]: Planning took 10 ms
[planner_server-4] [INFO] [1790937448.888203822] [planner_server]: Plan computed: 428 poses
[planner_server-4] [INFO] [1790937449.008285423] [planner_server]: Planning took 10 ms
[planner_server-4] [INFO] [1790937449.009192459] [planner_server]: Plan computed: 427 poses
[planner_server-4] [INFO] [1790937449.127692388] [planner_server]: Planning took 10 ms
[planner_server-4] [INFO] [1790937449.128224032] [planner_server]: Plan computed: 426 poses
[planner_server-4] [INFO] [1790937449.247349794] [planner_server]: Planning took 9 ms
[planner_server-4] [INFO] [1790937449.247698633] [planner_server]: Plan computed: 426 poses
[planner_server-4] [INFO] [1790937449.368745712] [planner_server]: Planning took 10 ms
[planner_server-4] [INFO] [1790937449.369351540] [planner_server]: Plan computed: 425 poses
[planner_server-4] [INFO] [1790937449.487316676] [planner_server]: Planning took 9 ms
[planner_server-4] [INFO] [1790937449.487747828] [planner_server]: Plan computed: 424 poses
[planner_server-4] [INFO] [1790937449.609607579] [planner_server]: Planning took 10 ms
[planner_server-4] [INFO] [1790937449.610042637] [planner_server]: Plan computed: 423 poses
[planner_server-4] [ERROR] [1790937449.719517591] [planner_server]: Start is in blocked cell (cost=100).
[planner_server-4] [INFO] [1790937449.719919416] [planner_server]: Planning took 0 ms
[planner_server-4] [INFO] [1790937449.720068485] [planner_server]: Plan computed: 0 poses
[nav_interface_node-7] [ERROR] [1790937449.720389610] [nav_interface_node]: ComputePathService: Failed to get plan or plan is empty
[controller_node-5] [INFO] [1790937449.721309634] [controller_server]: Control disabled
[nav_interface_node-7] [INFO] [1790937449.728179133] [nav_interface_node]: [SetControlEnable] Control disabled
[planner_server-4] [ERROR] [1790937449.838055225] [planner_server]: Start is in blocked cell (cost=100).
[planner_server-4] [INFO] [1790937449.838194679] [planner_server]: Planning took 0 ms
[planner_server-4] [INFO] [1790937449.838390883] [planner_server]: Plan computed: 0 poses
[nav_interface_node-7] [ERROR] [1790937449.838913828] [nav_interface_node]: ComputePathService: Failed to get plan or plan is empty
[planner_server-4] [ERROR] [1790937449.947485381] [planner_server]: Start is in blocked cell (cost=100).
[planner_server-4] [INFO] [1790937449.947563066] [planner_server]: Planning took 0 ms
[planner_server-4] [INFO] [1790937449.947757799] [planner_server]: Plan computed: 0 poses
[nav_interface_node-7] [ERROR] [1790937449.948827012] [nav_interface_node]: ComputePathService: Failed to get plan or plan is empty
[planner_server-4] [ERROR] [1790937450.057623606] [planner_server]: Start is in blocked cell (cost=100).
[planner_server-4] [INFO] [1790937450.057757351] [planner_server]: Planning took 0 ms
[planner_server-4] [INFO] [1790937450.057924932] [planner_server]: Plan computed: 0 poses
[nav_interface_node-7] [ERROR] [1790937450.058639966] [nav_interface_node]: ComputePathService: Failed to get plan or plan is empty
[planner_server-4] [ERROR] [1790937450.169300939] [planner_server]: Start is in blocked cell (cost=100).
[planner_server-4] [INFO] [1790937450.169395211] [planner_server]: Planning took 0 ms
[planner_server-4] [INFO] [1790937450.169525551] [planner_server]: Plan computed: 0 poses
[nav_interface_node-7] [ERROR] [1790937450.172169434] [nav_interface_node]: ComputePathService: Failed to get plan or plan is empty
[planner_server-4] [ERROR] [1790937450.279318413] [planner_server]: Start is in blocked cell (cost=100).
[planner_server-4] [INFO] [1790937450.279469376] [planner_server]: Planning took 0 ms
[planner_server-4] [INFO] [1790937450.280050204] [planner_server]: Plan computed: 0 poses
[nav_interface_node-7] [ERROR] [1790937450.280483773] [nav_interface_node]: ComputePathService: Failed to get plan or plan is empty
[planner_server-4] [ERROR] [1790937450.387446111] [planner_server]: Start is in blocked cell (cost=100).
[planner_server-4] [INFO] [1790937450.387577793] [planner_server]: Planning took 0 ms
[planner_server-4] [INFO] [1790937450.387781131] [planner_server]: Plan computed: 0 poses
[nav_interface_node-7] [ERROR] [1790937450.388339342] [nav_interface_node]: ComputePathService: Failed to get plan or plan is empty
[planner_server-4] [ERROR] [1790937450.497804159] [planner_server]: Start is in blocked cell (cost=100).
[planner_server-4] [INFO] [1790937450.497944556] [planner_server]: Planning took 0 ms
[planner_server-4] [INFO] [1790937450.498084712] [planner_server]: Plan computed: 0 poses
[nav_interface_node-7] [ERROR] [1790937450.500257649] [nav_interface_node]: ComputePathService: Failed to get plan or plan is empty
[planner_server-4] [ERROR] [1790937450.608495645] [planner_server]: Start is in blocked cell (cost=100).
[planner_server-4] [INFO] [1790937450.608678460] [planner_server]: Planning took 0 ms
[planner_server-4] [INFO] [1790937450.608844899] [planner_server]: Plan computed: 0 poses
[nav_interface_node-7] [ERROR] [1790937450.609901345] [nav_interface_node]: ComputePathService: Failed to get plan or plan is empty
[planner_server-4] [ERROR] [1790937450.717780379] [planner_server]: Start is in blocked cell (cost=100).
[planner_server-4] [INFO] [1790937450.717925683] [planner_server]: Planning took 0 ms
[planner_server-4] [INFO] [1790937450.718093394] [planner_server]: Plan computed: 0 poses
[nav_interface_node-7] [ERROR] [1790937450.718759319] [nav_interface_node]: ComputePathService: Failed to get plan or plan is empty
[planner_server-4] [ERROR] [1790937450.828239233] [planner_server]: Start is in blocked cell (cost=100).
[planner_server-4] [INFO] [1790937450.828379910] [planner_server]: Planning took 0 ms
[planner_server-4] [INFO] [1790937450.828618966] [planner_server]: Plan computed: 0 poses
[nav_interface_node-7] [ERROR] [1790937450.829240679] [nav_interface_node]: ComputePathService: Failed to get plan or plan is empty
[planner_server-4] [ERROR] [1790937450.937954879] [planner_server]: Start is in blocked cell (cost=100).
[planner_server-4] [INFO] [1790937450.938097029] [planner_server]: Planning took 0 ms
[planner_server-4] [INFO] [1790937450.938225797] [planner_server]: Plan computed: 0 poses
[nav_interface_node-7] [ERROR] [1790937450.939121785] [nav_interface_node]: ComputePathService: Failed to get plan or plan is empty
[planner_server-4] [ERROR] [1790937451.050072703] [planner_server]: Start is in blocked cell (cost=100).
[planner_server-4] [INFO] [1790937451.050156970] [planner_server]: Planning took 0 ms
[planner_server-4] [INFO] [1790937451.050289285] [planner_server]: Plan computed: 0 poses
[nav_interface_node-7] [ERROR] [1790937451.050893776] [nav_interface_node]: ComputePathService: Failed to get plan or plan is empty
[planner_server-4] [ERROR] [1790937451.157876301] [planner_server]: Start is in blocked cell (cost=100).
[planner_server-4] [INFO] [1790937451.158012222] [planner_server]: Planning took 0 ms
[planner_server-4] [INFO] [1790937451.158174335] [planner_server]: Plan computed: 0 poses
[nav_interface_node-7] [ERROR] [1790937451.159129905] [nav_interface_node]: ComputePathService: Failed to get plan or plan is empty
[planner_server-4] [ERROR] [1790937451.267666583] [planner_server]: Start is in blocked cell (cost=100).
[planner_server-4] [INFO] [1790937451.267817758] [planner_server]: Planning took 0 ms
[planner_server-4] [INFO] [1790937451.268074805] [planner_server]: Plan computed: 0 poses
[nav_interface_node-7] [ERROR] [1790937451.268548053] [nav_interface_node]: ComputePathService: Failed to get plan or plan is empty
[planner_server-4] [ERROR] [1790937451.378531168] [planner_server]: Start is in blocked cell (cost=100).
[planner_server-4] [INFO] [1790937451.378671005] [planner_server]: Planning took 0 ms
[planner_server-4] [INFO] [1790937451.378841402] [planner_server]: Plan computed: 0 poses
[nav_interface_node-7] [ERROR] [1790937451.379587182] [nav_interface_node]: ComputePathService: Failed to get plan or plan is empty
[planner_server-4] [ERROR] [1790937451.487732184] [planner_server]: Start is in blocked cell (cost=100).
[planner_server-4] [INFO] [1790937451.487865330] [planner_server]: Planning took 0 ms
[planner_server-4] [INFO] [1790937451.488259439] [planner_server]: Plan computed: 0 poses
[nav_interface_node-7] [ERROR] [1790937451.488636221] [nav_interface_node]: ComputePathService: Failed to get plan or plan is empty
[planner_server-4] [ERROR] [1790937451.597968449] [planner_server]: Start is in blocked cell (cost=100).
[planner_server-4] [INFO] [1790937451.598106173] [planner_server]: Planning took 0 ms
[planner_server-4] [INFO] [1790937451.598464004] [planner_server]: Plan computed: 0 poses
[nav_interface_node-7] [ERROR] [1790937451.599001315] [nav_interface_node]: ComputePathService: Failed to get plan or plan is empty
[planner_server-4] [ERROR] [1790937451.708760782] [planner_server]: Start is in blocked cell (cost=100).
[planner_server-4] [INFO] [1790937451.708894600] [planner_server]: Planning took 0 ms
[planner_server-4] [INFO] [1790937451.709289350] [planner_server]: Plan computed: 0 poses
[nav_interface_node-7] [ERROR] [1790937451.710094016] [nav_interface_node]: ComputePathService: Failed to get plan or plan is empty
[planner_server-4] [ERROR] [1790937451.819461998] [planner_server]: Start is in blocked cell (cost=100).
[planner_server-4] [INFO] [1790937451.819595314] [planner_server]: Planning took 0 ms
[planner_server-4] [INFO] [1790937451.819755914] [planner_server]: Plan computed: 0 poses
[nav_interface_node-7] [ERROR] [1790937451.820329195] [nav_interface_node]: ComputePathService: Failed to get plan or plan is empty
[planner_server-4] [ERROR] [1790937451.928305818] [planner_server]: Start is in blocked cell (cost=100).
[planner_server-4] [INFO] [1790937451.928446787] [planner_server]: Planning took 0 ms
[planner_server-4] [INFO] [1790937451.928641763] [planner_server]: Plan computed: 0 poses
[nav_interface_node-7] [ERROR] [1790937451.930336578] [nav_interface_node]: ComputePathService: Failed to get plan or plan is empty
[planner_server-4] [ERROR] [1790937452.038057400] [planner_server]: Start is in blocked cell (cost=100).
[planner_server-4] [INFO] [1790937452.038205491] [planner_server]: Planning took 0 ms
[planner_server-4] [INFO] [1790937452.038379024] [planner_server]: Plan computed: 0 poses
[nav_interface_node-7] [ERROR] [1790937452.039476354] [nav_interface_node]: ComputePathService: Failed to get plan or plan is empty
[planner_server-4] [ERROR] [1790937452.148132662] [planner_server]: Start is in blocked cell (cost=100).
[planner_server-4] [INFO] [1790937452.148277328] [planner_server]: Planning took 0 ms
[planner_server-4] [INFO] [1790937452.148462029] [planner_server]: Plan computed: 0 poses
[nav_interface_node-7] [ERROR] [1790937452.149234344] [nav_interface_node]: ComputePathService: Failed to get plan or plan is empty
[planner_server-4] [ERROR] [1790937452.260028063] [planner_server]: Start is in blocked cell (cost=100).
[planner_server-4] [INFO] [1790937452.260192341] [planner_server]: Planning took 0 ms
[planner_server-4] [INFO] [1790937452.260464315] [planner_server]: Plan computed: 0 poses
[nav_interface_node-7] [ERROR] [1790937452.262657541] [nav_interface_node]: ComputePathService: Failed to get plan or plan is empty
[planner_server-4] [ERROR] [1790937452.372230851] [planner_server]: Start is in blocked cell (cost=100).
[planner_server-4] [INFO] [1790937452.372405596] [planner_server]: Planning took 0 ms
[planner_server-4] [INFO] [1790937452.372590407] [planner_server]: Plan computed: 0 poses
[nav_interface_node-7] [ERROR] [1790937452.373803613] [nav_interface_node]: ComputePathService: Failed to get plan or plan is empty
[planner_server-4] [ERROR] [1790937452.477949884] [planner_server]: Start is in blocked cell (cost=100).
[planner_server-4] [INFO] [1790937452.478095672] [planner_server]: Planning took 0 ms
[planner_server-4] [INFO] [1790937452.478276637] [planner_server]: Plan computed: 0 poses
[nav_interface_node-7] [ERROR] [1790937452.479190208] [nav_interface_node]: ComputePathService: Failed to get plan or plan is empty
[planner_server-4] [ERROR] [1790937452.589340247] [planner_server]: Start is in blocked cell (cost=100).
[planner_server-4] [INFO] [1790937452.589430784] [planner_server]: Planning took 0 ms
[planner_server-4] [INFO] [1790937452.589557371] [planner_server]: Plan computed: 0 poses
[nav_interface_node-7] [ERROR] [1790937452.591071125] [nav_interface_node]: ComputePathService: Failed to get plan or plan is empty
[planner_server-4] [ERROR] [1790937452.699330912] [planner_server]: Start is in blocked cell (cost=100).
[planner_server-4] [INFO] [1790937452.699469137] [planner_server]: Planning took 0 ms
[planner_server-4] [INFO] [1790937452.699655541] [planner_server]: Plan computed: 0 poses
[nav_interface_node-7] [ERROR] [1790937452.700009749] [nav_interface_node]: ComputePathService: Failed to get plan or plan is empty
[planner_server-4] [ERROR] [1790937452.808530026] [planner_server]: Start is in blocked cell (cost=100).
[planner_server-4] [INFO] [1790937452.808739939] [planner_server]: Planning took 0 ms
[planner_server-4] [INFO] [1790937452.809139891] [planner_server]: Plan computed: 0 poses
[nav_interface_node-7] [ERROR] [1790937452.809670286] [nav_interface_node]: ComputePathService: Failed to get plan or plan is empty
[planner_server-4] [ERROR] [1790937452.917821907] [planner_server]: Start is in blocked cell (cost=100).
[planner_server-4] [INFO] [1790937452.917980836] [planner_server]: Planning took 0 ms
[planner_server-4] [INFO] [1790937452.918206975] [planner_server]: Plan computed: 0 poses
[nav_interface_node-7] [ERROR] [1790937452.918774360] [nav_interface_node]: ComputePathService: Failed to get plan or plan is empty
[planner_server-4] [ERROR] [1790937453.030348327] [planner_server]: Start is in blocked cell (cost=100).
[planner_server-4] [INFO] [1790937453.030452077] [planner_server]: Planning took 0 ms
[planner_server-4] [INFO] [1790937453.030537858] [planner_server]: Plan computed: 0 poses
[nav_interface_node-7] [ERROR] [1790937453.032543684] [nav_interface_node]: ComputePathService: Failed to get plan or plan is empty
[planner_server-4] [ERROR] [1790937453.138593039] [planner_server]: Start is in blocked cell (cost=100).
[planner_server-4] [INFO] [1790937453.138835627] [planner_server]: Planning took 0 ms
[planner_server-4] [INFO] [1790937453.139191229] [planner_server]: Plan computed: 0 poses
[nav_interface_node-7] [ERROR] [1790937453.141075180] [nav_interface_node]: ComputePathService: Failed to get plan or plan is empty
[planner_server-4] [ERROR] [1790937453.247657564] [planner_server]: Start is in blocked cell (cost=100).
[planner_server-4] [INFO] [1790937453.247743044] [planner_server]: Planning took 0 ms
[planner_server-4] [INFO] [1790937453.247928227] [planner_server]: Plan computed: 0 poses
[nav_interface_node-7] [ERROR] [1790937453.249381997] [nav_interface_node]: ComputePathService: Failed to get plan or plan is empty
[planner_server-4] [ERROR] [1790937453.357939158] [planner_server]: Start is in blocked cell (cost=100).
[planner_server-4] [INFO] [1790937453.358110780] [planner_server]: Planning took 0 ms
[planner_server-4] [INFO] [1790937453.358318670] [planner_server]: Plan computed: 0 poses
[nav_interface_node-7] [ERROR] [1790937453.359284472] [nav_interface_node]: ComputePathService: Failed to get plan or plan is empty
[planner_server-4] [ERROR] [1790937453.468202820] [planner_server]: Start is in blocked cell (cost=100).
[planner_server-4] [INFO] [1790937453.468284714] [planner_server]: Planning took 0 ms
[planner_server-4] [INFO] [1790937453.468521342] [planner_server]: Plan computed: 0 poses
[nav_interface_node-7] [ERROR] [1790937453.470476786] [nav_interface_node]: ComputePathService: Failed to get plan or plan is empty
[planner_server-4] [ERROR] [1790937453.577876901] [planner_server]: Start is in blocked cell (cost=100).
[planner_server-4] [INFO] [1790937453.577998290] [planner_server]: Planning took 0 ms
[planner_server-4] [INFO] [1790937453.578163501] [planner_server]: Plan computed: 0 poses
[nav_interface_node-7] [ERROR] [1790937453.580139989] [nav_interface_node]: ComputePathService: Failed to get plan or plan is empty
[planner_server-4] [ERROR] [1790937453.687944334] [planner_server]: Start is in blocked cell (cost=100).
[planner_server-4] [INFO] [1790937453.688074998] [planner_server]: Planning took 0 ms
[planner_server-4] [INFO] [1790937453.688234760] [planner_server]: Plan computed: 0 poses
[nav_interface_node-7] [ERROR] [1790937453.688711471] [nav_interface_node]: ComputePathService: Failed to get plan or plan is empty
[planner_server-4] [ERROR] [1790937453.798738128] [planner_server]: Start is in blocked cell (cost=100).
[planner_server-4] [INFO] [1790937453.798862622] [planner_server]: Planning took 0 ms
[planner_server-4] [INFO] [1790937453.799071534] [planner_server]: Plan computed: 0 poses
[nav_interface_node-7] [ERROR] [1790937453.800014017] [nav_interface_node]: ComputePathService: Failed to get plan or plan is empty
[planner_server-4] [ERROR] [1790937453.908086733] [planner_server]: Start is in blocked cell (cost=100).
[planner_server-4] [INFO] [1790937453.908217046] [planner_server]: Planning took 0 ms
[planner_server-4] [INFO] [1790937453.908407298] [planner_server]: Plan computed: 0 poses
[nav_interface_node-7] [ERROR] [1790937453.909064445] [nav_interface_node]: ComputePathService: Failed to get plan or plan is empty
[planner_server-4] [ERROR] [1790937454.018072980] [planner_server]: Start is in blocked cell (cost=100).
[planner_server-4] [INFO] [1790937454.018205588] [planner_server]: Planning took 0 ms
[planner_server-4] [INFO] [1790937454.018406999] [planner_server]: Plan computed: 0 poses
[nav_interface_node-7] [ERROR] [1790937454.019127455] [nav_interface_node]: ComputePathService: Failed to get plan or plan is empty
[planner_server-4] [ERROR] [1790937454.128556925] [planner_server]: Start is in blocked cell (cost=100).
[planner_server-4] [INFO] [1790937454.128735308] [planner_server]: Planning took 0 ms
[planner_server-4] [INFO] [1790937454.129160232] [planner_server]: Plan computed: 0 poses
[nav_interface_node-7] [ERROR] [1790937454.130446343] [nav_interface_node]: ComputePathService: Failed to get plan or plan is empty
[planner_server-4] [ERROR] [1790937454.238310668] [planner_server]: Start is in blocked cell (cost=100).
[planner_server-4] [INFO] [1790937454.238520242] [planner_server]: Planning took 0 ms
[planner_server-4] [INFO] [1790937454.238829351] [planner_server]: Plan computed: 0 poses
[nav_interface_node-7] [ERROR] [1790937454.240404603] [nav_interface_node]: ComputePathService: Failed to get plan or plan is empty
[planner_server-4] [ERROR] [1790937454.348182022] [planner_server]: Start is in blocked cell (cost=100).
[planner_server-4] [INFO] [1790937454.348330296] [planner_server]: Planning took 0 ms
[planner_server-4] [INFO] [1790937454.348490499] [planner_server]: Plan computed: 0 poses
[nav_interface_node-7] [ERROR] [1790937454.348775962] [nav_interface_node]: ComputePathService: Failed to get plan or plan is empty
[planner_server-4] [ERROR] [1790937454.457868502] [planner_server]: Start is in blocked cell (cost=100).
[planner_server-4] [INFO] [1790937454.458181487] [planner_server]: Planning took 0 ms
[planner_server-4] [INFO] [1790937454.458402470] [planner_server]: Plan computed: 0 poses
[nav_interface_node-7] [ERROR] [1790937454.460089831] [nav_interface_node]: ComputePathService: Failed to get plan or plan is empty
[planner_server-4] [ERROR] [1790937454.568417739] [planner_server]: Start is in blocked cell (cost=100).
[planner_server-4] [INFO] [1790937454.568494185] [planner_server]: Planning took 0 ms
[planner_server-4] [INFO] [1790937454.568655460] [planner_server]: Plan computed: 0 poses
[nav_interface_node-7] [ERROR] [1790937454.569137919] [nav_interface_node]: ComputePathService: Failed to get plan or plan is empty
[planner_server-4] [ERROR] [1790937454.678024460] [planner_server]: Start is in blocked cell (cost=100).
[planner_server-4] [INFO] [1790937454.678152731] [planner_server]: Planning took 0 ms
[planner_server-4] [INFO] [1790937454.678301516] [planner_server]: Plan computed: 0 poses
[nav_interface_node-7] [ERROR] [1790937454.679101953] [nav_interface_node]: ComputePathService: Failed to get plan or plan is empty
[planner_server-4] [INFO] [1790937454.797774901] [planner_server]: Planning took 10 ms
[planner_server-4] [INFO] [1790937454.798283759] [planner_server]: Plan computed: 427 poses
[controller_node-5] [INFO] [1790937454.800317415] [controller_server]: Control enabled
[controller_node-5] [WARN] [1790937454.803507904] [controller_server]: path_copy succeeded.
[controller_node-5] [INFO] [1790937454.804638004] [controller_server]: Computed velocity commands: linear.x=1.19, linear.y=-0.27, angular.z=0.00
[nav_interface_node-7] [INFO] [1790937454.806975620] [nav_interface_node]: [SetControlEnable] Control enabled
[planner_server-4] [INFO] [1790937454.928440307] [planner_server]: Planning took 10 ms
[planner_server-4] [INFO] [1790937454.928797745] [planner_server]: Plan computed: 426 poses
[planner_server-4] [INFO] [1790937455.062688605] [planner_server]: Planning took 11 ms
[planner_server-4] [INFO] [1790937455.062996343] [planner_server]: Plan computed: 429 poses
[planner_server-4] [INFO] [1790937455.179354798] [planner_server]: Planning took 10 ms
[planner_server-4] [INFO] [1790937455.179631845] [planner_server]: Plan computed: 431 poses
[planner_server-4] [INFO] [1790937455.313085405] [planner_server]: Planning took 13 ms
[planner_server-4] [INFO] [1790937455.314452303] [planner_server]: Plan computed: 433 poses
[planner_server-4] [INFO] [1790937455.429543384] [planner_server]: Planning took 11 ms
[planner_server-4] [INFO] [1790937455.429790883] [planner_server]: Plan computed: 435 poses
[planner_server-4] [INFO] [1790937455.549440449] [planner_server]: Planning took 11 ms
[planner_server-4] [INFO] [1790937455.549734184] [planner_server]: Plan computed: 436 poses
[planner_server-4] [ERROR] [1790937455.657587128] [planner_server]: Start is in blocked cell (cost=100).
[planner_server-4] [INFO] [1790937455.657662563] [planner_server]: Planning took 0 ms
[planner_server-4] [INFO] [1790937455.657777503] [planner_server]: Plan computed: 0 poses
[nav_interface_node-7] [ERROR] [1790937455.658268459] [nav_interface_node]: ComputePathService: Failed to get plan or plan is empty
[controller_node-5] [INFO] [1790937455.658991903] [controller_server]: Control disabled
[nav_interface_node-7] [INFO] [1790937455.668403111] [nav_interface_node]: [SetControlEnable] Control disabled
[planner_server-4] [ERROR] [1790937455.778355818] [planner_server]: Start is in blocked cell (cost=100).
[planner_server-4] [INFO] [1790937455.778574359] [planner_server]: Planning took 0 ms
[planner_server-4] [INFO] [1790937455.779219164] [planner_server]: Plan computed: 0 poses
[nav_interface_node-7] [ERROR] [1790937455.780142549] [nav_interface_node]: ComputePathService: Failed to get plan or plan is empty
[planner_server-4] [ERROR] [1790937455.887904248] [planner_server]: Start is in blocked cell (cost=100).
[planner_server-4] [INFO] [1790937455.887981986] [planner_server]: Planning took 0 ms
[planner_server-4] [INFO] [1790937455.888183820] [planner_server]: Plan computed: 0 poses
[nav_interface_node-7] [ERROR] [1790937455.888608972] [nav_interface_node]: ComputePathService: Failed to get plan or plan is empty
[planner_server-4] [ERROR] [1790937455.997539942] [planner_server]: Start is in blocked cell (cost=100).
[planner_server-4] [INFO] [1790937455.997672030] [planner_server]: Planning took 0 ms
[planner_server-4] [INFO] [1790937455.997940313] [planner_server]: Plan computed: 0 poses
[nav_interface_node-7] [ERROR] [1790937455.998457117] [nav_interface_node]: ComputePathService: Failed to get plan or plan is empty
[planner_server-4] [ERROR] [1790937456.108562746] [planner_server]: Start is in blocked cell (cost=100).
[planner_server-4] [INFO] [1790937456.108679149] [planner_server]: Planning took 0 ms
[planner_server-4] [INFO] [1790937456.109027547] [planner_server]: Plan computed: 0 poses
[nav_interface_node-7] [ERROR] [1790937456.111759702] [nav_interface_node]: ComputePathService: Failed to get plan or plan is empty
[planner_server-4] [ERROR] [1790937456.217886072] [planner_server]: Start is in blocked cell (cost=100).
[planner_server-4] [INFO] [1790937456.218049543] [planner_server]: Planning took 0 ms
[planner_server-4] [INFO] [1790937456.218280235] [planner_server]: Plan computed: 0 poses
[nav_interface_node-7] [ERROR] [1790937456.218866007] [nav_interface_node]: ComputePathService: Failed to get plan or plan is empty
[planner_server-4] [ERROR] [1790937456.328061290] [planner_server]: Start is in blocked cell (cost=100).
[planner_server-4] [INFO] [1790937456.328238874] [planner_server]: Planning took 0 ms
[planner_server-4] [INFO] [1790937456.328464548] [planner_server]: Plan computed: 0 poses
[nav_interface_node-7] [ERROR] [1790937456.329314428] [nav_interface_node]: ComputePathService: Failed to get plan or plan is empty
[planner_server-4] [ERROR] [1790937456.437363590] [planner_server]: Start is in blocked cell (cost=100).
[planner_server-4] [INFO] [1790937456.437497282] [planner_server]: Planning took 0 ms
[planner_server-4] [INFO] [1790937456.437698205] [planner_server]: Plan computed: 0 poses
[nav_interface_node-7] [ERROR] [1790937456.438484559] [nav_interface_node]: ComputePathService: Failed to get plan or plan is empty
[planner_server-4] [INFO] [1790937456.557652685] [planner_server]: Planning took 10 ms
[planner_server-4] [INFO] [1790937456.558197498] [planner_server]: Plan computed: 436 poses
[controller_node-5] [INFO] [1790937456.559849647] [controller_server]: Control enabled
[nav_interface_node-7] [INFO] [1790937456.567066710] [nav_interface_node]: [SetControlEnable] Control enabled
[planner_server-4] [INFO] [1790937456.691142407] [planner_server]: Planning took 10 ms
[planner_server-4] [INFO] [1790937456.691947712] [planner_server]: Plan computed: 436 poses
[planner_server-4] [INFO] [1790937456.808132816] [planner_server]: Planning took 10 ms
[planner_server-4] [INFO] [1790937456.808494716] [planner_server]: Plan computed: 435 poses
[controller_node-5] [WARN] [1790937456.823058876] [controller_server]: path_copy succeeded.
[controller_node-5] [INFO] [1790937456.823418001] [controller_server]: Computed velocity commands: linear.x=0.78, linear.y=0.84, angular.z=0.00
[planner_server-4] [INFO] [1790937456.933059504] [planner_server]: Planning took 8 ms
[planner_server-4] [INFO] [1790937456.933358049] [planner_server]: Plan computed: 434 poses
[planner_server-4] [INFO] [1790937457.050978197] [planner_server]: Planning took 10 ms
[planner_server-4] [INFO] [1790937457.051538309] [planner_server]: Plan computed: 433 poses
[planner_server-4] [INFO] [1790937457.170295002] [planner_server]: Planning took 10 ms
[planner_server-4] [INFO] [1790937457.170654510] [planner_server]: Plan computed: 432 poses
[planner_server-4] [INFO] [1790937457.291130449] [planner_server]: Planning took 10 ms
[planner_server-4] [INFO] [1790937457.291527830] [planner_server]: Plan computed: 430 poses
[planner_server-4] [INFO] [1790937457.409907410] [planner_server]: Planning took 9 ms
[planner_server-4] [INFO] [1790937457.411277300] [planner_server]: Plan computed: 429 poses
[planner_server-4] [INFO] [1790937457.530192312] [planner_server]: Planning took 10 ms
[planner_server-4] [INFO] [1790937457.530551780] [planner_server]: Plan computed: 428 poses
[planner_server-4] [INFO] [1790937457.649605011] [planner_server]: Planning took 10 ms
[planner_server-4] [INFO] [1790937457.650294208] [planner_server]: Plan computed: 426 poses
[planner_server-4] [INFO] [1790937457.771325350] [planner_server]: Planning took 11 ms
[planner_server-4] [INFO] [1790937457.771573903] [planner_server]: Plan computed: 425 poses
[planner_server-4] [INFO] [1790937457.890390861] [planner_server]: Planning took 10 ms
[planner_server-4] [INFO] [1790937457.890855434] [planner_server]: Plan computed: 423 poses
[planner_server-4] [INFO] [1790937458.010286325] [planner_server]: Planning took 9 ms
[planner_server-4] [INFO] [1790937458.011292714] [planner_server]: Plan computed: 421 poses
[planner_server-4] [INFO] [1790937458.130265681] [planner_server]: Planning took 9 ms
[planner_server-4] [INFO] [1790937458.130474660] [planner_server]: Plan computed: 419 poses
[planner_server-4] [INFO] [1790937458.250303219] [planner_server]: Planning took 10 ms
[planner_server-4] [INFO] [1790937458.250563984] [planner_server]: Plan computed: 416 poses
[planner_server-4] [INFO] [1790937458.370894842] [planner_server]: Planning took 10 ms
[planner_server-4] [INFO] [1790937458.371222479] [planner_server]: Plan computed: 415 poses
[planner_server-4] [INFO] [1790937458.490243666] [planner_server]: Planning took 10 ms
[planner_server-4] [INFO] [1790937458.490558792] [planner_server]: Plan computed: 413 poses
[planner_server-4] [INFO] [1790937458.610985074] [planner_server]: Planning took 9 ms
[planner_server-4] [INFO] [1790937458.611448047] [planner_server]: Plan computed: 411 poses
[planner_server-4] [INFO] [1790937458.731419851] [planner_server]: Planning took 9 ms
[planner_server-4] [INFO] [1790937458.731628690] [planner_server]: Plan computed: 409 poses
[controller_node-5] [WARN] [1790937458.842486077] [controller_server]: path_copy succeeded.
[controller_node-5] [INFO] [1790937458.843211388] [controller_server]: Computed velocity commands: linear.x=-0.04, linear.y=-0.95, angular.z=0.00
[planner_server-4] [INFO] [1790937458.852872456] [planner_server]: Planning took 11 ms
[planner_server-4] [INFO] [1790937458.853387867] [planner_server]: Plan computed: 407 poses
[planner_server-4] [INFO] [1790937458.969081329] [planner_server]: Planning took 9 ms
[planner_server-4] [INFO] [1790937458.969659764] [planner_server]: Plan computed: 404 poses
[planner_server-4] [INFO] [1790937459.089503694] [planner_server]: Planning took 9 ms
[planner_server-4] [INFO] [1790937459.090195713] [planner_server]: Plan computed: 404 poses
[planner_server-4] [INFO] [1790937459.210333968] [planner_server]: Planning took 10 ms
[planner_server-4] [INFO] [1790937459.210548067] [planner_server]: Plan computed: 402 poses
[planner_server-4] [INFO] [1790937459.329590747] [planner_server]: Planning took 9 ms
[planner_server-4] [INFO] [1790937459.329877667] [planner_server]: Plan computed: 400 poses
[planner_server-4] [INFO] [1790937459.450255423] [planner_server]: Planning took 10 ms
[planner_server-4] [INFO] [1790937459.450656264] [planner_server]: Plan computed: 395 poses
[planner_server-4] [INFO] [1790937459.569399793] [planner_server]: Planning took 9 ms
[planner_server-4] [INFO] [1790937459.569853593] [planner_server]: Plan computed: 393 poses
[planner_server-4] [INFO] [1790937459.690440009] [planner_server]: Planning took 9 ms
[planner_server-4] [INFO] [1790937459.692014936] [planner_server]: Plan computed: 391 poses
[planner_server-4] [INFO] [1790937459.811385455] [planner_server]: Planning took 9 ms
[planner_server-4] [INFO] [1790937459.811672075] [planner_server]: Plan computed: 388 poses
[planner_server-4] [INFO] [1790937459.932307793] [planner_server]: Planning took 10 ms
[planner_server-4] [INFO] [1790937459.932701082] [planner_server]: Plan computed: 388 poses
[planner_server-4] [INFO] [1790937460.050614105] [planner_server]: Planning took 8 ms
[planner_server-4] [INFO] [1790937460.050884609] [planner_server]: Plan computed: 385 poses
[planner_server-4] [INFO] [1790937460.173209476] [planner_server]: Planning took 10 ms
[planner_server-4] [INFO] [1790937460.173572285] [planner_server]: Plan computed: 384 poses
[planner_server-4] [INFO] [1790937460.289640610] [planner_server]: Planning took 8 ms
[planner_server-4] [INFO] [1790937460.290099020] [planner_server]: Plan computed: 383 poses
[planner_server-4] [INFO] [1790937460.411120502] [planner_server]: Planning took 11 ms
[planner_server-4] [INFO] [1790937460.411376051] [planner_server]: Plan computed: 380 poses
[planner_server-4] [INFO] [1790937460.529586424] [planner_server]: Planning took 9 ms
[planner_server-4] [INFO] [1790937460.529986226] [planner_server]: Plan computed: 377 poses
[planner_server-4] [INFO] [1790937460.648687813] [planner_server]: Planning took 8 ms
[planner_server-4] [INFO] [1790937460.649041427] [planner_server]: Plan computed: 375 poses
[planner_server-4] [INFO] [1790937460.771047093] [planner_server]: Planning took 10 ms
[planner_server-4] [INFO] [1790937460.771333715] [planner_server]: Plan computed: 374 poses
[controller_node-5] [WARN] [1790937460.843422755] [controller_server]: path_copy succeeded.
[controller_node-5] [INFO] [1790937460.844054856] [controller_server]: Computed velocity commands: linear.x=0.35, linear.y=-1.10, angular.z=0.00
[planner_server-4] [INFO] [1790937460.890554153] [planner_server]: Planning took 10 ms
[planner_server-4] [INFO] [1790937460.891034470] [planner_server]: Plan computed: 373 poses
[planner_server-4] [INFO] [1790937461.008670892] [planner_server]: Planning took 9 ms
[planner_server-4] [INFO] [1790937461.009048068] [planner_server]: Plan computed: 371 poses
[planner_server-4] [INFO] [1790937461.128833042] [planner_server]: Planning took 9 ms
[planner_server-4] [INFO] [1790937461.129338233] [planner_server]: Plan computed: 370 poses
[planner_server-4] [INFO] [1790937461.248980687] [planner_server]: Planning took 9 ms
[planner_server-4] [INFO] [1790937461.249247537] [planner_server]: Plan computed: 368 poses
[planner_server-4] [INFO] [1790937461.371996011] [planner_server]: Planning took 11 ms
[planner_server-4] [INFO] [1790937461.372478954] [planner_server]: Plan computed: 367 poses
[planner_server-4] [INFO] [1790937461.488470672] [planner_server]: Planning took 8 ms
[planner_server-4] [INFO] [1790937461.488731161] [planner_server]: Plan computed: 366 poses
[planner_server-4] [INFO] [1790937461.609487842] [planner_server]: Planning took 9 ms
[planner_server-4] [INFO] [1790937461.609738604] [planner_server]: Plan computed: 364 poses
[planner_server-4] [INFO] [1790937461.728824411] [planner_server]: Planning took 9 ms
[planner_server-4] [INFO] [1790937461.729267557] [planner_server]: Plan computed: 363 poses
[planner_server-4] [INFO] [1790937461.840657016] [planner_server]: Planning took 8 ms
[planner_server-4] [INFO] [1790937461.840973939] [planner_server]: Plan computed: 361 poses
[planner_server-4] [INFO] [1790937461.959024262] [planner_server]: Planning took 8 ms
[planner_server-4] [INFO] [1790937461.959326642] [planner_server]: Plan computed: 360 poses
[planner_server-4] [INFO] [1790937462.078410828] [planner_server]: Planning took 8 ms
[planner_server-4] [INFO] [1790937462.078828773] [planner_server]: Plan computed: 357 poses
[planner_server-4] [INFO] [1790937462.197982525] [planner_server]: Planning took 8 ms
[planner_server-4] [INFO] [1790937462.198463267] [planner_server]: Plan computed: 355 poses
[planner_server-4] [INFO] [1790937462.319038709] [planner_server]: Planning took 8 ms
[planner_server-4] [INFO] [1790937462.319410918] [planner_server]: Plan computed: 353 poses
[planner_server-4] [INFO] [1790937462.440786711] [planner_server]: Planning took 8 ms
[planner_server-4] [INFO] [1790937462.441145046] [planner_server]: Plan computed: 352 poses
[planner_server-4] [INFO] [1790937462.561220836] [planner_server]: Planning took 10 ms
[planner_server-4] [INFO] [1790937462.561569635] [planner_server]: Plan computed: 352 poses
[planner_server-4] [INFO] [1790937462.679131140] [planner_server]: Planning took 9 ms
[planner_server-4] [INFO] [1790937462.679482653] [planner_server]: Plan computed: 352 poses
[planner_server-4] [INFO] [1790937462.798813275] [planner_server]: Planning took 8 ms
[planner_server-4] [INFO] [1790937462.800234371] [planner_server]: Plan computed: 352 poses
[controller_node-5] [WARN] [1790937462.861504359] [controller_server]: path_copy succeeded.
[controller_node-5] [INFO] [1790937462.862088144] [controller_server]: Computed velocity commands: linear.x=-1.52, linear.y=0.44, angular.z=0.00
[planner_server-4] [INFO] [1790937462.918641006] [planner_server]: Planning took 8 ms
[planner_server-4] [INFO] [1790937462.919155324] [planner_server]: Plan computed: 352 poses
[planner_server-4] [INFO] [1790937463.042374424] [planner_server]: Planning took 11 ms
[planner_server-4] [INFO] [1790937463.042923026] [planner_server]: Plan computed: 352 poses
[planner_server-4] [INFO] [1790937463.158993678] [planner_server]: Planning took 8 ms
[planner_server-4] [INFO] [1790937463.159665966] [planner_server]: Plan computed: 351 poses
[planner_server-4] [INFO] [1790937463.278549573] [planner_server]: Planning took 8 ms
[planner_server-4] [INFO] [1790937463.279165304] [planner_server]: Plan computed: 349 poses
[planner_server-4] [INFO] [1790937463.398341707] [planner_server]: Planning took 8 ms
[planner_server-4] [INFO] [1790937463.398667358] [planner_server]: Plan computed: 348 poses
[planner_server-4] [INFO] [1790937463.520452092] [planner_server]: Planning took 9 ms
[planner_server-4] [INFO] [1790937463.520835651] [planner_server]: Plan computed: 346 poses
[planner_server-4] [INFO] [1790937463.641206854] [planner_server]: Planning took 10 ms
[planner_server-4] [INFO] [1790937463.641625903] [planner_server]: Plan computed: 346 poses
[planner_server-4] [INFO] [1790937463.758386387] [planner_server]: Planning took 7 ms
[planner_server-4] [INFO] [1790937463.758894657] [planner_server]: Plan computed: 343 poses
[planner_server-4] [INFO] [1790937463.880830338] [planner_server]: Planning took 7 ms
[planner_server-4] [INFO] [1790937463.881209279] [planner_server]: Plan computed: 342 poses
[planner_server-4] [INFO] [1790937463.999684544] [planner_server]: Planning took 8 ms
[planner_server-4] [INFO] [1790937463.999946608] [planner_server]: Plan computed: 338 poses
[planner_server-4] [INFO] [1790937464.118237946] [planner_server]: Planning took 8 ms
[planner_server-4] [INFO] [1790937464.118577432] [planner_server]: Plan computed: 337 poses
[planner_server-4] [INFO] [1790937464.238363469] [planner_server]: Planning took 8 ms
[planner_server-4] [INFO] [1790937464.238939716] [planner_server]: Plan computed: 335 poses
[planner_server-4] [INFO] [1790937464.348058214] [planner_server]: Planning took 7 ms
[planner_server-4] [INFO] [1790937464.348425026] [planner_server]: Plan computed: 332 poses
[planner_server-4] [INFO] [1790937464.469112451] [planner_server]: Planning took 7 ms
[planner_server-4] [INFO] [1790937464.469473583] [planner_server]: Plan computed: 332 poses
[planner_server-4] [INFO] [1790937464.590350007] [planner_server]: Planning took 7 ms
[planner_server-4] [INFO] [1790937464.591497373] [planner_server]: Plan computed: 329 poses
[planner_server-4] [INFO] [1790937464.711187457] [planner_server]: Planning took 7 ms
[planner_server-4] [INFO] [1790937464.711461141] [planner_server]: Plan computed: 327 poses
[planner_server-4] [INFO] [1790937464.834917560] [planner_server]: Planning took 7 ms
[planner_server-4] [INFO] [1790937464.835307532] [planner_server]: Plan computed: 325 poses
[controller_node-5] [WARN] [1790937464.882100357] [controller_server]: path_copy succeeded.
[controller_node-5] [INFO] [1790937464.882463492] [controller_server]: Computed velocity commands: linear.x=0.45, linear.y=0.89, angular.z=0.00
[planner_server-4] [INFO] [1790937464.947108307] [planner_server]: Planning took 7 ms
[planner_server-4] [INFO] [1790937464.947402757] [planner_server]: Plan computed: 324 poses
[planner_server-4] [INFO] [1790937465.062744764] [planner_server]: Planning took 9 ms
[planner_server-4] [INFO] [1790937465.063343742] [planner_server]: Plan computed: 322 poses
[planner_server-4] [INFO] [1790937465.177344733] [planner_server]: Planning took 6 ms
[planner_server-4] [INFO] [1790937465.177818869] [planner_server]: Plan computed: 320 poses
[planner_server-4] [INFO] [1790937465.288605208] [planner_server]: Planning took 8 ms
[planner_server-4] [INFO] [1790937465.289021536] [planner_server]: Plan computed: 319 poses
[planner_server-4] [INFO] [1790937465.408958073] [planner_server]: Planning took 7 ms
[planner_server-4] [INFO] [1790937465.409227280] [planner_server]: Plan computed: 317 poses
[planner_server-4] [INFO] [1790937465.528811518] [planner_server]: Planning took 7 ms
[planner_server-4] [INFO] [1790937465.529233265] [planner_server]: Plan computed: 315 poses
[planner_server-4] [INFO] [1790937465.649133888] [planner_server]: Planning took 9 ms
[planner_server-4] [INFO] [1790937465.649516949] [planner_server]: Plan computed: 314 poses
[planner_server-4] [INFO] [1790937465.766660573] [planner_server]: Planning took 6 ms
[planner_server-4] [INFO] [1790937465.767016137] [planner_server]: Plan computed: 311 poses
[planner_server-4] [INFO] [1790937465.876393262] [planner_server]: Planning took 6 ms
[planner_server-4] [INFO] [1790937465.876620007] [planner_server]: Plan computed: 309 poses
[planner_server-4] [INFO] [1790937465.986122667] [planner_server]: Planning took 6 ms
[planner_server-4] [INFO] [1790937465.986615674] [planner_server]: Plan computed: 308 poses
[planner_server-4] [INFO] [1790937466.097072718] [planner_server]: Planning took 6 ms
[planner_server-4] [INFO] [1790937466.097484750] [planner_server]: Plan computed: 305 poses
[planner_server-4] [INFO] [1790937466.207885598] [planner_server]: Planning took 8 ms
[planner_server-4] [INFO] [1790937466.208373899] [planner_server]: Plan computed: 303 poses
[planner_server-4] [INFO] [1790937466.327323359] [planner_server]: Planning took 7 ms
[planner_server-4] [INFO] [1790937466.327811811] [planner_server]: Plan computed: 301 poses
[planner_server-4] [INFO] [1790937466.448371962] [planner_server]: Planning took 7 ms
[planner_server-4] [INFO] [1790937466.448827508] [planner_server]: Plan computed: 299 poses
[planner_server-4] [INFO] [1790937466.567859873] [planner_server]: Planning took 7 ms
[planner_server-4] [INFO] [1790937466.568233168] [planner_server]: Plan computed: 299 poses
[planner_server-4] [INFO] [1790937466.686662873] [planner_server]: Planning took 6 ms
[planner_server-4] [INFO] [1790937466.687006227] [planner_server]: Plan computed: 298 poses
[planner_server-4] [INFO] [1790937466.797147960] [planner_server]: Planning took 7 ms
[planner_server-4] [INFO] [1790937466.797468015] [planner_server]: Plan computed: 298 poses
[controller_node-5] [WARN] [1790937466.900589687] [controller_server]: path_copy succeeded.
[controller_node-5] [INFO] [1790937466.901067641] [controller_server]: Computed velocity commands: linear.x=-0.25, linear.y=-1.66, angular.z=0.00
[planner_server-4] [INFO] [1790937466.916917220] [planner_server]: Planning took 7 ms
[planner_server-4] [INFO] [1790937466.917415458] [planner_server]: Plan computed: 297 poses
[planner_server-4] [INFO] [1790937467.026402043] [planner_server]: Planning took 6 ms
[planner_server-4] [INFO] [1790937467.026723601] [planner_server]: Plan computed: 297 poses
[planner_server-4] [INFO] [1790937467.137310007] [planner_server]: Planning took 6 ms
[planner_server-4] [INFO] [1790937467.137781271] [planner_server]: Plan computed: 296 poses
[planner_server-4] [INFO] [1790937467.248513656] [planner_server]: Planning took 7 ms
[planner_server-4] [INFO] [1790937467.249052676] [planner_server]: Plan computed: 295 poses
[planner_server-4] [INFO] [1790937467.366210298] [planner_server]: Planning took 6 ms
[planner_server-4] [INFO] [1790937467.367306328] [planner_server]: Plan computed: 295 poses
[planner_server-4] [INFO] [1790937467.486451171] [planner_server]: Planning took 6 ms
[planner_server-4] [INFO] [1790937467.486905806] [planner_server]: Plan computed: 292 poses
[planner_server-4] [INFO] [1790937467.596441680] [planner_server]: Planning took 6 ms
[planner_server-4] [INFO] [1790937467.596683713] [planner_server]: Plan computed: 292 poses
[planner_server-4] [INFO] [1790937467.707258309] [planner_server]: Planning took 7 ms
[planner_server-4] [INFO] [1790937467.707871215] [planner_server]: Plan computed: 292 poses
[planner_server-4] [INFO] [1790937467.817428761] [planner_server]: Planning took 7 ms
[planner_server-4] [INFO] [1790937467.817976385] [planner_server]: Plan computed: 290 poses
[planner_server-4] [ERROR] [1790937467.922190680] [planner_server]: Start is in blocked cell (cost=100).
[planner_server-4] [INFO] [1790937467.922376908] [planner_server]: Planning took 0 ms
[planner_server-4] [INFO] [1790937467.922574154] [planner_server]: Plan computed: 0 poses
[nav_interface_node-7] [ERROR] [1790937467.923169750] [nav_interface_node]: ComputePathService: Failed to get plan or plan is empty
[controller_node-5] [INFO] [1790937467.924058947] [controller_server]: Control disabled
[nav_interface_node-7] [INFO] [1790937467.929008372] [nav_interface_node]: [SetControlEnable] Control disabled
[planner_server-4] [ERROR] [1790937468.039956199] [planner_server]: Start is in blocked cell (cost=100).
[planner_server-4] [INFO] [1790937468.040082155] [planner_server]: Planning took 0 ms
[planner_server-4] [INFO] [1790937468.040326161] [planner_server]: Plan computed: 0 poses
[nav_interface_node-7] [ERROR] [1790937468.041787538] [nav_interface_node]: ComputePathService: Failed to get plan or plan is empty
[planner_server-4] [ERROR] [1790937468.150160679] [planner_server]: Start is in blocked cell (cost=100).
[planner_server-4] [INFO] [1790937468.150343601] [planner_server]: Planning took 0 ms
[planner_server-4] [INFO] [1790937468.150571180] [planner_server]: Plan computed: 0 poses
[nav_interface_node-7] [ERROR] [1790937468.151232455] [nav_interface_node]: ComputePathService: Failed to get plan or plan is empty
[planner_server-4] [INFO] [1790937468.265435481] [planner_server]: Planning took 6 ms
[planner_server-4] [INFO] [1790937468.266552319] [planner_server]: Plan computed: 279 poses
[controller_node-5] [INFO] [1790937468.270445830] [controller_server]: Control enabled
[nav_interface_node-7] [INFO] [1790937468.279150651] [nav_interface_node]: [SetControlEnable] Control enabled
[planner_server-4] [INFO] [1790937468.397963005] [planner_server]: Planning took 6 ms
[planner_server-4] [INFO] [1790937468.398397156] [planner_server]: Plan computed: 278 poses
[planner_server-4] [INFO] [1790937468.506440675] [planner_server]: Planning took 6 ms
[planner_server-4] [INFO] [1790937468.506692125] [planner_server]: Plan computed: 274 poses
[planner_server-4] [INFO] [1790937468.616182435] [planner_server]: Planning took 5 ms
[planner_server-4] [INFO] [1790937468.616769408] [planner_server]: Plan computed: 271 poses
[planner_server-4] [INFO] [1790937468.727243388] [planner_server]: Planning took 6 ms
[planner_server-4] [INFO] [1790937468.727498764] [planner_server]: Plan computed: 269 poses
[planner_server-4] [INFO] [1790937468.837388837] [planner_server]: Planning took 7 ms
[planner_server-4] [INFO] [1790937468.837633866] [planner_server]: Plan computed: 268 poses
[controller_node-5] [WARN] [1790937468.901771160] [controller_server]: path_copy succeeded.
[controller_node-5] [INFO] [1790937468.902199492] [controller_server]: Computed velocity commands: linear.x=-0.97, linear.y=0.05, angular.z=0.00
[planner_server-4] [INFO] [1790937468.946067120] [planner_server]: Planning took 5 ms
[planner_server-4] [INFO] [1790937468.946306869] [planner_server]: Plan computed: 265 poses
[planner_server-4] [INFO] [1790937469.056448712] [planner_server]: Planning took 5 ms
[planner_server-4] [INFO] [1790937469.056653823] [planner_server]: Plan computed: 265 poses
[planner_server-4] [INFO] [1790937469.167051062] [planner_server]: Planning took 6 ms
[planner_server-4] [INFO] [1790937469.167312409] [planner_server]: Plan computed: 264 poses
[planner_server-4] [INFO] [1790937469.276524196] [planner_server]: Planning took 6 ms
[planner_server-4] [INFO] [1790937469.276799848] [planner_server]: Plan computed: 263 poses
[planner_server-4] [INFO] [1790937469.386554709] [planner_server]: Planning took 5 ms
[planner_server-4] [INFO] [1790937469.386888950] [planner_server]: Plan computed: 263 poses
[planner_server-4] [INFO] [1790937469.495623991] [planner_server]: Planning took 5 ms
[planner_server-4] [INFO] [1790937469.496778862] [planner_server]: Plan computed: 261 poses
[planner_server-4] [INFO] [1790937469.607322708] [planner_server]: Planning took 6 ms
[planner_server-4] [INFO] [1790937469.607681161] [planner_server]: Plan computed: 260 poses
[planner_server-4] [INFO] [1790937469.715662723] [planner_server]: Planning took 5 ms
[planner_server-4] [INFO] [1790937469.715987479] [planner_server]: Plan computed: 259 poses
[planner_server-4] [INFO] [1790937469.826987781] [planner_server]: Planning took 6 ms
[planner_server-4] [INFO] [1790937469.827347787] [planner_server]: Plan computed: 257 poses
[planner_server-4] [INFO] [1790937469.936554405] [planner_server]: Planning took 6 ms
[planner_server-4] [INFO] [1790937469.937181608] [planner_server]: Plan computed: 256 poses
[planner_server-4] [INFO] [1790937470.058275464] [planner_server]: Planning took 6 ms
[planner_server-4] [INFO] [1790937470.058838529] [planner_server]: Plan computed: 256 poses
[planner_server-4] [INFO] [1790937470.175753444] [planner_server]: Planning took 6 ms
[planner_server-4] [INFO] [1790937470.176405612] [planner_server]: Plan computed: 253 poses
[planner_server-4] [INFO] [1790937470.286431938] [planner_server]: Planning took 5 ms
[planner_server-4] [INFO] [1790937470.286874677] [planner_server]: Plan computed: 250 poses
[planner_server-4] [INFO] [1790937470.397261852] [planner_server]: Planning took 7 ms
[planner_server-4] [INFO] [1790937470.397549715] [planner_server]: Plan computed: 247 poses
[planner_server-4] [INFO] [1790937470.506921446] [planner_server]: Planning took 5 ms
[planner_server-4] [INFO] [1790937470.507250029] [planner_server]: Plan computed: 247 poses
[planner_server-4] [INFO] [1790937470.616786822] [planner_server]: Planning took 5 ms
[planner_server-4] [INFO] [1790937470.617249895] [planner_server]: Plan computed: 245 poses
[planner_server-4] [INFO] [1790937470.725587338] [planner_server]: Planning took 5 ms
[planner_server-4] [INFO] [1790937470.726451819] [planner_server]: Plan computed: 245 poses
[planner_server-4] [INFO] [1790937470.836405932] [planner_server]: Planning took 6 ms
[planner_server-4] [INFO] [1790937470.837597043] [planner_server]: Plan computed: 245 poses
[controller_node-5] [WARN] [1790937470.920397820] [controller_server]: path_copy succeeded.
[controller_node-5] [INFO] [1790937470.921303242] [controller_server]: Computed velocity commands: linear.x=1.62, linear.y=0.66, angular.z=0.00
[planner_server-4] [INFO] [1790937470.945206890] [planner_server]: Planning took 5 ms
[planner_server-4] [INFO] [1790937470.945481320] [planner_server]: Plan computed: 245 poses
[planner_server-4] [INFO] [1790937471.055893103] [planner_server]: Planning took 5 ms
[planner_server-4] [INFO] [1790937471.056369621] [planner_server]: Plan computed: 245 poses
[planner_server-4] [INFO] [1790937471.165709153] [planner_server]: Planning took 6 ms
[planner_server-4] [INFO] [1790937471.166132079] [planner_server]: Plan computed: 244 poses
[planner_server-4] [INFO] [1790937471.275729779] [planner_server]: Planning took 6 ms
[planner_server-4] [INFO] [1790937471.276126269] [planner_server]: Plan computed: 244 poses
[planner_server-4] [INFO] [1790937471.426574842] [planner_server]: Planning took 45 ms
[planner_server-4] [INFO] [1790937471.426922339] [planner_server]: Plan computed: 243 poses
[planner_server-4] [INFO] [1790937471.537966315] [planner_server]: Planning took 6 ms
[planner_server-4] [INFO] [1790937471.538849932] [planner_server]: Plan computed: 242 poses
[planner_server-4] [INFO] [1790937471.655492355] [planner_server]: Planning took 6 ms
[planner_server-4] [INFO] [1790937471.655686307] [planner_server]: Plan computed: 243 poses
[planner_server-4] [INFO] [1790937471.767310595] [planner_server]: Planning took 5 ms
[planner_server-4] [INFO] [1790937471.767925249] [planner_server]: Plan computed: 242 poses
[planner_server-4] [ERROR] [1790937471.881685722] [planner_server]: Start is in blocked cell (cost=100).
[planner_server-4] [INFO] [1790937471.881835068] [planner_server]: Planning took 0 ms
[planner_server-4] [INFO] [1790937471.882120578] [planner_server]: Plan computed: 0 poses
[nav_interface_node-7] [ERROR] [1790937471.882815671] [nav_interface_node]: ComputePathService: Failed to get plan or plan is empty
[controller_node-5] [INFO] [1790937471.883484003] [controller_server]: Control disabled
[nav_interface_node-7] [INFO] [1790937471.888872343] [nav_interface_node]: [SetControlEnable] Control disabled
[planner_server-4] [ERROR] [1790937471.991901463] [planner_server]: Start is in blocked cell (cost=100).
[planner_server-4] [INFO] [1790937471.991983934] [planner_server]: Planning took 0 ms
[planner_server-4] [INFO] [1790937471.992156851] [planner_server]: Plan computed: 0 poses
[nav_interface_node-7] [ERROR] [1790937471.994763559] [nav_interface_node]: ComputePathService: Failed to get plan or plan is empty
[planner_server-4] [ERROR] [1790937472.099831438] [planner_server]: Start is in blocked cell (cost=100).
[planner_server-4] [INFO] [1790937472.099970788] [planner_server]: Planning took 0 ms
[planner_server-4] [INFO] [1790937472.100530499] [planner_server]: Plan computed: 0 poses
[nav_interface_node-7] [ERROR] [1790937472.102417744] [nav_interface_node]: ComputePathService: Failed to get plan or plan is empty
[planner_server-4] [ERROR] [1790937472.211976774] [planner_server]: Start is in blocked cell (cost=100).
[planner_server-4] [INFO] [1790937472.212160199] [planner_server]: Planning took 0 ms
[planner_server-4] [INFO] [1790937472.212312411] [planner_server]: Plan computed: 0 poses
[nav_interface_node-7] [ERROR] [1790937472.213709076] [nav_interface_node]: ComputePathService: Failed to get plan or plan is empty
[planner_server-4] [ERROR] [1790937472.320483247] [planner_server]: Start is in blocked cell (cost=100).
[planner_server-4] [INFO] [1790937472.320621144] [planner_server]: Planning took 0 ms
[planner_server-4] [INFO] [1790937472.320819705] [planner_server]: Plan computed: 0 poses
[nav_interface_node-7] [ERROR] [1790937472.321616755] [nav_interface_node]: ComputePathService: Failed to get plan or plan is empty
[planner_server-4] [ERROR] [1790937472.430422396] [planner_server]: Start is in blocked cell (cost=100).
[planner_server-4] [INFO] [1790937472.430745892] [planner_server]: Planning took 0 ms
[planner_server-4] [INFO] [1790937472.430835286] [planner_server]: Plan computed: 0 poses
[nav_interface_node-7] [ERROR] [1790937472.431413859] [nav_interface_node]: ComputePathService: Failed to get plan or plan is empty
[planner_server-4] [ERROR] [1790937472.540762804] [planner_server]: Start is in blocked cell (cost=100).
[planner_server-4] [INFO] [1790937472.540845907] [planner_server]: Planning took 0 ms
[planner_server-4] [INFO] [1790937472.540966614] [planner_server]: Plan computed: 0 poses
[nav_interface_node-7] [ERROR] [1790937472.541599311] [nav_interface_node]: ComputePathService: Failed to get plan or plan is empty
[planner_server-4] [ERROR] [1790937472.657312671] [planner_server]: Start is in blocked cell (cost=100).
[planner_server-4] [INFO] [1790937472.657438837] [planner_server]: Planning took 0 ms
[planner_server-4] [INFO] [1790937472.658741967] [planner_server]: Plan computed: 0 poses
[nav_interface_node-7] [ERROR] [1790937472.659258865] [nav_interface_node]: ComputePathService: Failed to get plan or plan is empty
[planner_server-4] [ERROR] [1790937472.771872198] [planner_server]: Start is in blocked cell (cost=100).
[planner_server-4] [INFO] [1790937472.772160663] [planner_server]: Planning took 0 ms
[planner_server-4] [INFO] [1790937472.774273360] [planner_server]: Plan computed: 0 poses
[nav_interface_node-7] [ERROR] [1790937472.775649337] [nav_interface_node]: ComputePathService: Failed to get plan or plan is empty
[planner_server-4] [ERROR] [1790937472.880484076] [planner_server]: Start is in blocked cell (cost=100).
[planner_server-4] [INFO] [1790937472.880699006] [planner_server]: Planning took 0 ms
[planner_server-4] [INFO] [1790937472.881031827] [planner_server]: Plan computed: 0 poses
[nav_interface_node-7] [ERROR] [1790937472.881638089] [nav_interface_node]: ComputePathService: Failed to get plan or plan is empty
[planner_server-4] [ERROR] [1790937472.990376934] [planner_server]: Start is in blocked cell (cost=100).
[planner_server-4] [INFO] [1790937472.990532651] [planner_server]: Planning took 0 ms
[planner_server-4] [INFO] [1790937472.990867466] [planner_server]: Plan computed: 0 poses
[nav_interface_node-7] [ERROR] [1790937472.991324484] [nav_interface_node]: ComputePathService: Failed to get plan or plan is empty
[planner_server-4] [ERROR] [1790937473.099769230] [planner_server]: Start is in blocked cell (cost=100).
[planner_server-4] [INFO] [1790937473.100470056] [planner_server]: Planning took 0 ms
[planner_server-4] [INFO] [1790937473.101388310] [planner_server]: Plan computed: 0 poses
[nav_interface_node-7] [ERROR] [1790937473.102310812] [nav_interface_node]: ComputePathService: Failed to get plan or plan is empty
[planner_server-4] [ERROR] [1790937473.211735102] [planner_server]: Start is in blocked cell (cost=100).
[planner_server-4] [INFO] [1790937473.211884139] [planner_server]: Planning took 0 ms
[planner_server-4] [INFO] [1790937473.212078222] [planner_server]: Plan computed: 0 poses
[nav_interface_node-7] [ERROR] [1790937473.213500779] [nav_interface_node]: ComputePathService: Failed to get plan or plan is empty
[planner_server-4] [ERROR] [1790937473.319846800] [planner_server]: Start is in blocked cell (cost=100).
[planner_server-4] [INFO] [1790937473.319965464] [planner_server]: Planning took 0 ms
[planner_server-4] [INFO] [1790937473.320400022] [planner_server]: Plan computed: 0 poses
[nav_interface_node-7] [ERROR] [1790937473.321716231] [nav_interface_node]: ComputePathService: Failed to get plan or plan is empty
[planner_server-4] [ERROR] [1790937473.430173438] [planner_server]: Start is in blocked cell (cost=100).
[planner_server-4] [INFO] [1790937473.430303361] [planner_server]: Planning took 0 ms
[planner_server-4] [INFO] [1790937473.430457226] [planner_server]: Plan computed: 0 poses
[nav_interface_node-7] [ERROR] [1790937473.431390250] [nav_interface_node]: ComputePathService: Failed to get plan or plan is empty
[planner_server-4] [ERROR] [1790937473.540188525] [planner_server]: Start is in blocked cell (cost=100).
[planner_server-4] [INFO] [1790937473.540298674] [planner_server]: Planning took 0 ms
[planner_server-4] [INFO] [1790937473.540521257] [planner_server]: Plan computed: 0 poses
[nav_interface_node-7] [ERROR] [1790937473.541502224] [nav_interface_node]: ComputePathService: Failed to get plan or plan is empty
[planner_server-4] [ERROR] [1790937473.650302439] [planner_server]: Start is in blocked cell (cost=100).
[planner_server-4] [INFO] [1790937473.650521376] [planner_server]: Planning took 0 ms
[planner_server-4] [INFO] [1790937473.650629231] [planner_server]: Plan computed: 0 poses
[nav_interface_node-7] [ERROR] [1790937473.652054495] [nav_interface_node]: ComputePathService: Failed to get plan or plan is empty
[planner_server-4] [ERROR] [1790937473.759857067] [planner_server]: Start is in blocked cell (cost=100).
[planner_server-4] [INFO] [1790937473.759990967] [planner_server]: Planning took 0 ms
[planner_server-4] [INFO] [1790937473.760151112] [planner_server]: Plan computed: 0 poses
[nav_interface_node-7] [ERROR] [1790937473.760701103] [nav_interface_node]: ComputePathService: Failed to get plan or plan is empty
[planner_server-4] [ERROR] [1790937473.870403978] [planner_server]: Start is in blocked cell (cost=100).
[planner_server-4] [INFO] [1790937473.870504821] [planner_server]: Planning took 0 ms
[planner_server-4] [INFO] [1790937473.870734827] [planner_server]: Plan computed: 0 poses
[nav_interface_node-7] [ERROR] [1790937473.872638962] [nav_interface_node]: ComputePathService: Failed to get plan or plan is empty
[planner_server-4] [ERROR] [1790937473.983036978] [planner_server]: Start is in blocked cell (cost=100).
[planner_server-4] [INFO] [1790937473.983135878] [planner_server]: Planning took 0 ms
[planner_server-4] [INFO] [1790937473.984105255] [planner_server]: Plan computed: 0 poses
[nav_interface_node-7] [ERROR] [1790937473.988626941] [nav_interface_node]: ComputePathService: Failed to get plan or plan is empty
[planner_server-4] [ERROR] [1790937474.089850424] [planner_server]: Start is in blocked cell (cost=100).
[planner_server-4] [INFO] [1790937474.089996635] [planner_server]: Planning took 0 ms
[planner_server-4] [INFO] [1790937474.090208520] [planner_server]: Plan computed: 0 poses
[nav_interface_node-7] [ERROR] [1790937474.090865256] [nav_interface_node]: ComputePathService: Failed to get plan or plan is empty
[planner_server-4] [ERROR] [1790937474.199960853] [planner_server]: Start is in blocked cell (cost=100).
[planner_server-4] [INFO] [1790937474.200103819] [planner_server]: Planning took 0 ms
[planner_server-4] [INFO] [1790937474.200248368] [planner_server]: Plan computed: 0 poses
[nav_interface_node-7] [ERROR] [1790937474.201016691] [nav_interface_node]: ComputePathService: Failed to get plan or plan is empty
[planner_server-4] [ERROR] [1790937474.310483949] [planner_server]: Start is in blocked cell (cost=100).
[planner_server-4] [INFO] [1790937474.310629860] [planner_server]: Planning took 0 ms
[planner_server-4] [INFO] [1790937474.310770252] [planner_server]: Plan computed: 0 poses
[nav_interface_node-7] [ERROR] [1790937474.312406609] [nav_interface_node]: ComputePathService: Failed to get plan or plan is empty
[planner_server-4] [ERROR] [1790937474.420591258] [planner_server]: Start is in blocked cell (cost=100).
[planner_server-4] [INFO] [1790937474.420934018] [planner_server]: Planning took 0 ms
[planner_server-4] [INFO] [1790937474.421066997] [planner_server]: Plan computed: 0 poses
[nav_interface_node-7] [ERROR] [1790937474.422319143] [nav_interface_node]: ComputePathService: Failed to get plan or plan is empty
[planner_server-4] [ERROR] [1790937474.529563207] [planner_server]: Start is in blocked cell (cost=100).
[planner_server-4] [INFO] [1790937474.529704420] [planner_server]: Planning took 0 ms
[planner_server-4] [INFO] [1790937474.530134210] [planner_server]: Plan computed: 0 poses
[nav_interface_node-7] [ERROR] [1790937474.531047187] [nav_interface_node]: ComputePathService: Failed to get plan or plan is empty
[planner_server-4] [ERROR] [1790937474.640903965] [planner_server]: Start is in blocked cell (cost=100).
[planner_server-4] [INFO] [1790937474.641005299] [planner_server]: Planning took 0 ms
[planner_server-4] [INFO] [1790937474.641136004] [planner_server]: Plan computed: 0 poses
[nav_interface_node-7] [ERROR] [1790937474.643559167] [nav_interface_node]: ComputePathService: Failed to get plan or plan is empty
[planner_server-4] [ERROR] [1790937474.750090488] [planner_server]: Start is in blocked cell (cost=100).
[planner_server-4] [INFO] [1790937474.750221594] [planner_server]: Planning took 0 ms
[planner_server-4] [INFO] [1790937474.750469070] [planner_server]: Plan computed: 0 poses
[nav_interface_node-7] [ERROR] [1790937474.750974741] [nav_interface_node]: ComputePathService: Failed to get plan or plan is empty
[planner_server-4] [ERROR] [1790937474.862473531] [planner_server]: Start is in blocked cell (cost=100).
[planner_server-4] [INFO] [1790937474.862569827] [planner_server]: Planning took 0 ms
[planner_server-4] [INFO] [1790937474.862731445] [planner_server]: Plan computed: 0 poses
[nav_interface_node-7] [ERROR] [1790937474.864273140] [nav_interface_node]: ComputePathService: Failed to get plan or plan is empty
[planner_server-4] [ERROR] [1790937474.969998068] [planner_server]: Start is in blocked cell (cost=100).
[planner_server-4] [INFO] [1790937474.970117814] [planner_server]: Planning took 0 ms
[planner_server-4] [INFO] [1790937474.970286475] [planner_server]: Plan computed: 0 poses
[nav_interface_node-7] [ERROR] [1790937474.971300085] [nav_interface_node]: ComputePathService: Failed to get plan or plan is empty
[planner_server-4] [ERROR] [1790937475.081697637] [planner_server]: Start is in blocked cell (cost=100).
[planner_server-4] [INFO] [1790937475.081786971] [planner_server]: Planning took 0 ms
[planner_server-4] [INFO] [1790937475.081957795] [planner_server]: Plan computed: 0 poses
[nav_interface_node-7] [ERROR] [1790937475.083078898] [nav_interface_node]: ComputePathService: Failed to get plan or plan is empty
[planner_server-4] [ERROR] [1790937475.189684071] [planner_server]: Start is in blocked cell (cost=100).
[planner_server-4] [INFO] [1790937475.189768496] [planner_server]: Planning took 0 ms
[planner_server-4] [INFO] [1790937475.189871203] [planner_server]: Plan computed: 0 poses
[nav_interface_node-7] [ERROR] [1790937475.190906207] [nav_interface_node]: ComputePathService: Failed to get plan or plan is empty
[planner_server-4] [ERROR] [1790937475.299821060] [planner_server]: Start is in blocked cell (cost=100).
[planner_server-4] [INFO] [1790937475.299922836] [planner_server]: Planning took 0 ms
[planner_server-4] [INFO] [1790937475.302271765] [planner_server]: Plan computed: 0 poses
[nav_interface_node-7] [ERROR] [1790937475.302706124] [nav_interface_node]: ComputePathService: Failed to get plan or plan is empty
[planner_server-4] [ERROR] [1790937475.409560186] [planner_server]: Start is in blocked cell (cost=100).
[planner_server-4] [INFO] [1790937475.409640374] [planner_server]: Planning took 0 ms
[planner_server-4] [INFO] [1790937475.410514640] [planner_server]: Plan computed: 0 poses
[nav_interface_node-7] [ERROR] [1790937475.411318396] [nav_interface_node]: ComputePathService: Failed to get plan or plan is empty
[planner_server-4] [ERROR] [1790937475.520016536] [planner_server]: Start is in blocked cell (cost=100).
[planner_server-4] [INFO] [1790937475.520189113] [planner_server]: Planning took 0 ms
[planner_server-4] [INFO] [1790937475.520419140] [planner_server]: Plan computed: 0 poses
[nav_interface_node-7] [ERROR] [1790937475.520924431] [nav_interface_node]: ComputePathService: Failed to get plan or plan is empty
[planner_server-4] [ERROR] [1790937475.631477950] [planner_server]: Start is in blocked cell (cost=100).
[planner_server-4] [INFO] [1790937475.631552739] [planner_server]: Planning took 0 ms
[planner_server-4] [INFO] [1790937475.631703308] [planner_server]: Plan computed: 0 poses
[nav_interface_node-7] [ERROR] [1790937475.632929472] [nav_interface_node]: ComputePathService: Failed to get plan or plan is empty
[planner_server-4] [ERROR] [1790937475.740459860] [planner_server]: Start is in blocked cell (cost=100).
[planner_server-4] [INFO] [1790937475.740590275] [planner_server]: Planning took 0 ms
[planner_server-4] [INFO] [1790937475.740753376] [planner_server]: Plan computed: 0 poses
[nav_interface_node-7] [ERROR] [1790937475.741666760] [nav_interface_node]: ComputePathService: Failed to get plan or plan is empty
[planner_server-4] [ERROR] [1790937475.849746253] [planner_server]: Start is in blocked cell (cost=100).
[planner_server-4] [INFO] [1790937475.849888809] [planner_server]: Planning took 0 ms
[planner_server-4] [INFO] [1790937475.850011721] [planner_server]: Plan computed: 0 poses
[nav_interface_node-7] [ERROR] [1790937475.850565706] [nav_interface_node]: ComputePathService: Failed to get plan or plan is empty
[planner_server-4] [ERROR] [1790937475.960527004] [planner_server]: Start is in blocked cell (cost=100).
[planner_server-4] [INFO] [1790937475.960694944] [planner_server]: Planning took 0 ms
[planner_server-4] [INFO] [1790937475.960954791] [planner_server]: Plan computed: 0 poses
[nav_interface_node-7] [ERROR] [1790937475.962567932] [nav_interface_node]: ComputePathService: Failed to get plan or plan is empty
[planner_server-4] [ERROR] [1790937476.070097425] [planner_server]: Start is in blocked cell (cost=100).
[planner_server-4] [INFO] [1790937476.070244259] [planner_server]: Planning took 0 ms
[planner_server-4] [INFO] [1790937476.070453640] [planner_server]: Plan computed: 0 poses
[nav_interface_node-7] [ERROR] [1790937476.071261694] [nav_interface_node]: ComputePathService: Failed to get plan or plan is empty
[planner_server-4] [ERROR] [1790937476.180001992] [planner_server]: Start is in blocked cell (cost=100).
[planner_server-4] [INFO] [1790937476.180094572] [planner_server]: Planning took 0 ms
[planner_server-4] [INFO] [1790937476.180225518] [planner_server]: Plan computed: 0 poses
[nav_interface_node-7] [ERROR] [1790937476.181088477] [nav_interface_node]: ComputePathService: Failed to get plan or plan is empty
[planner_server-4] [ERROR] [1790937476.290304246] [planner_server]: Start is in blocked cell (cost=100).
[planner_server-4] [INFO] [1790937476.290421648] [planner_server]: Planning took 0 ms
[planner_server-4] [INFO] [1790937476.290672341] [planner_server]: Plan computed: 0 poses
[nav_interface_node-7] [ERROR] [1790937476.291516012] [nav_interface_node]: ComputePathService: Failed to get plan or plan is empty
[planner_server-4] [ERROR] [1790937476.399894841] [planner_server]: Start is in blocked cell (cost=100).
[planner_server-4] [INFO] [1790937476.400038639] [planner_server]: Planning took 0 ms
[planner_server-4] [INFO] [1790937476.400134465] [planner_server]: Plan computed: 0 poses
[nav_interface_node-7] [ERROR] [1790937476.400512327] [nav_interface_node]: ComputePathService: Failed to get plan or plan is empty
[planner_server-4] [ERROR] [1790937476.509515839] [planner_server]: Start is in blocked cell (cost=100).
[planner_server-4] [INFO] [1790937476.509654869] [planner_server]: Planning took 0 ms
[planner_server-4] [INFO] [1790937476.509831504] [planner_server]: Plan computed: 0 poses
[nav_interface_node-7] [ERROR] [1790937476.510415827] [nav_interface_node]: ComputePathService: Failed to get plan or plan is empty
[planner_server-4] [ERROR] [1790937476.620768433] [planner_server]: Start is in blocked cell (cost=100).
[planner_server-4] [INFO] [1790937476.621237562] [planner_server]: Planning took 0 ms
[planner_server-4] [INFO] [1790937476.621663297] [planner_server]: Plan computed: 0 poses
[nav_interface_node-7] [ERROR] [1790937476.623240458] [nav_interface_node]: ComputePathService: Failed to get plan or plan is empty
[planner_server-4] [ERROR] [1790937476.731458665] [planner_server]: Start is in blocked cell (cost=100).
[planner_server-4] [INFO] [1790937476.731694142] [planner_server]: Planning took 0 ms
[planner_server-4] [INFO] [1790937476.732140762] [planner_server]: Plan computed: 0 poses
[nav_interface_node-7] [ERROR] [1790937476.732841031] [nav_interface_node]: ComputePathService: Failed to get plan or plan is empty
[planner_server-4] [ERROR] [1790937476.839421187] [planner_server]: Start is in blocked cell (cost=100).
[planner_server-4] [INFO] [1790937476.839625509] [planner_server]: Planning took 0 ms
[planner_server-4] [INFO] [1790937476.839917052] [planner_server]: Plan computed: 0 poses
[nav_interface_node-7] [ERROR] [1790937476.841316562] [nav_interface_node]: ComputePathService: Failed to get plan or plan is empty
[planner_server-4] [ERROR] [1790937476.950973397] [planner_server]: Start is in blocked cell (cost=100).
[planner_server-4] [INFO] [1790937476.951216606] [planner_server]: Planning took 0 ms
[planner_server-4] [INFO] [1790937476.951370081] [planner_server]: Plan computed: 0 poses
[nav_interface_node-7] [ERROR] [1790937476.952299730] [nav_interface_node]: ComputePathService: Failed to get plan or plan is empty
[planner_server-4] [ERROR] [1790937477.060178647] [planner_server]: Start is in blocked cell (cost=100).
[planner_server-4] [INFO] [1790937477.060263143] [planner_server]: Planning took 0 ms
[planner_server-4] [INFO] [1790937477.060369377] [planner_server]: Plan computed: 0 poses
[nav_interface_node-7] [ERROR] [1790937477.061763865] [nav_interface_node]: ComputePathService: Failed to get plan or plan is empty
[planner_server-4] [ERROR] [1790937477.169884757] [planner_server]: Start is in blocked cell (cost=100).
[planner_server-4] [INFO] [1790937477.170026562] [planner_server]: Planning took 0 ms
[planner_server-4] [INFO] [1790937477.170228471] [planner_server]: Plan computed: 0 poses
[nav_interface_node-7] [ERROR] [1790937477.170597478] [nav_interface_node]: ComputePathService: Failed to get plan or plan is empty
[planner_server-4] [ERROR] [1790937477.279678469] [planner_server]: Start is in blocked cell (cost=100).
[planner_server-4] [INFO] [1790937477.279817198] [planner_server]: Planning took 0 ms
[planner_server-4] [INFO] [1790937477.280013227] [planner_server]: Plan computed: 0 poses
[nav_interface_node-7] [ERROR] [1790937477.280767808] [nav_interface_node]: ComputePathService: Failed to get plan or plan is empty
[planner_server-4] [ERROR] [1790937477.391765872] [planner_server]: Start is in blocked cell (cost=100).
[planner_server-4] [INFO] [1790937477.391851921] [planner_server]: Planning took 0 ms
[planner_server-4] [INFO] [1790937477.392067443] [planner_server]: Plan computed: 0 poses
[nav_interface_node-7] [ERROR] [1790937477.393306753] [nav_interface_node]: ComputePathService: Failed to get plan or plan is empty
[planner_server-4] [ERROR] [1790937477.501465100] [planner_server]: Start is in blocked cell (cost=100).
[planner_server-4] [INFO] [1790937477.501605112] [planner_server]: Planning took 0 ms
[planner_server-4] [INFO] [1790937477.501948565] [planner_server]: Plan computed: 0 poses
[nav_interface_node-7] [ERROR] [1790937477.502471058] [nav_interface_node]: ComputePathService: Failed to get plan or plan is empty
[planner_server-4] [ERROR] [1790937477.609840640] [planner_server]: Start is in blocked cell (cost=100).
[planner_server-4] [INFO] [1790937477.610058606] [planner_server]: Planning took 0 ms
[planner_server-4] [INFO] [1790937477.610253653] [planner_server]: Plan computed: 0 poses
[nav_interface_node-7] [ERROR] [1790937477.611218542] [nav_interface_node]: ComputePathService: Failed to get plan or plan is empty
[planner_server-4] [ERROR] [1790937477.719573068] [planner_server]: Start is in blocked cell (cost=100).
[planner_server-4] [INFO] [1790937477.719862217] [planner_server]: Planning took 0 ms
[planner_server-4] [INFO] [1790937477.720073602] [planner_server]: Plan computed: 0 poses
[nav_interface_node-7] [ERROR] [1790937477.720470768] [nav_interface_node]: ComputePathService: Failed to get plan or plan is empty
[planner_server-4] [ERROR] [1790937477.831406272] [planner_server]: Start is in blocked cell (cost=100).
[planner_server-4] [INFO] [1790937477.831543228] [planner_server]: Planning took 0 ms
[planner_server-4] [INFO] [1790937477.831699518] [planner_server]: Plan computed: 0 poses
[nav_interface_node-7] [ERROR] [1790937477.832505931] [nav_interface_node]: ComputePathService: Failed to get plan or plan is empty
[planner_server-4] [ERROR] [1790937477.940423662] [planner_server]: Start is in blocked cell (cost=100).
[planner_server-4] [INFO] [1790937477.940555960] [planner_server]: Planning took 0 ms
[planner_server-4] [INFO] [1790937477.940680836] [planner_server]: Plan computed: 0 poses
[nav_interface_node-7] [ERROR] [1790937477.941341727] [nav_interface_node]: ComputePathService: Failed to get plan or plan is empty
[planner_server-4] [ERROR] [1790937478.050283387] [planner_server]: Start is in blocked cell (cost=100).
[planner_server-4] [INFO] [1790937478.050396323] [planner_server]: Planning took 0 ms
[planner_server-4] [INFO] [1790937478.050602008] [planner_server]: Plan computed: 0 poses
[nav_interface_node-7] [ERROR] [1790937478.051402322] [nav_interface_node]: ComputePathService: Failed to get plan or plan is empty
[planner_server-4] [ERROR] [1790937478.160097441] [planner_server]: Start is in blocked cell (cost=100).
[planner_server-4] [INFO] [1790937478.160236100] [planner_server]: Planning took 0 ms
[planner_server-4] [INFO] [1790937478.160427652] [planner_server]: Plan computed: 0 poses
[nav_interface_node-7] [ERROR] [1790937478.161056499] [nav_interface_node]: ComputePathService: Failed to get plan or plan is empty
[planner_server-4] [ERROR] [1790937478.271788827] [planner_server]: Start is in blocked cell (cost=100).
[planner_server-4] [INFO] [1790937478.271925013] [planner_server]: Planning took 0 ms
[planner_server-4] [INFO] [1790937478.272084689] [planner_server]: Plan computed: 0 poses
[nav_interface_node-7] [ERROR] [1790937478.272549913] [nav_interface_node]: ComputePathService: Failed to get plan or plan is empty
[planner_server-4] [ERROR] [1790937478.380092036] [planner_server]: Start is in blocked cell (cost=100).
[planner_server-4] [INFO] [1790937478.380289017] [planner_server]: Planning took 0 ms
[planner_server-4] [INFO] [1790937478.380517812] [planner_server]: Plan computed: 0 poses
[nav_interface_node-7] [ERROR] [1790937478.381140268] [nav_interface_node]: ComputePathService: Failed to get plan or plan is empty
[planner_server-4] [ERROR] [1790937478.489690335] [planner_server]: Start is in blocked cell (cost=100).
[planner_server-4] [INFO] [1790937478.490037264] [planner_server]: Planning took 0 ms
[planner_server-4] [INFO] [1790937478.490204904] [planner_server]: Plan computed: 0 poses
[nav_interface_node-7] [ERROR] [1790937478.490723781] [nav_interface_node]: ComputePathService: Failed to get plan or plan is empty
[planner_server-4] [ERROR] [1790937478.599810683] [planner_server]: Start is in blocked cell (cost=100).
[planner_server-4] [INFO] [1790937478.599946818] [planner_server]: Planning took 0 ms
[planner_server-4] [INFO] [1790937478.600144109] [planner_server]: Plan computed: 0 poses
[nav_interface_node-7] [ERROR] [1790937478.602287407] [nav_interface_node]: ComputePathService: Failed to get plan or plan is empty
[planner_server-4] [ERROR] [1790937478.711046404] [planner_server]: Start is in blocked cell (cost=100).
[planner_server-4] [INFO] [1790937478.711208775] [planner_server]: Planning took 0 ms
[planner_server-4] [INFO] [1790937478.711409812] [planner_server]: Plan computed: 0 poses
[nav_interface_node-7] [ERROR] [1790937478.713970850] [nav_interface_node]: ComputePathService: Failed to get plan or plan is empty
[planner_server-4] [ERROR] [1790937478.820602054] [planner_server]: Start is in blocked cell (cost=100).
[planner_server-4] [INFO] [1790937478.820738073] [planner_server]: Planning took 0 ms
[planner_server-4] [INFO] [1790937478.820861971] [planner_server]: Plan computed: 0 poses
[nav_interface_node-7] [ERROR] [1790937478.821501487] [nav_interface_node]: ComputePathService: Failed to get plan or plan is empty
[planner_server-4] [ERROR] [1790937478.929723191] [planner_server]: Start is in blocked cell (cost=100).
[planner_server-4] [INFO] [1790937478.929882742] [planner_server]: Planning took 0 ms
[planner_server-4] [INFO] [1790937478.930022868] [planner_server]: Plan computed: 0 poses
[nav_interface_node-7] [ERROR] [1790937478.930634024] [nav_interface_node]: ComputePathService: Failed to get plan or plan is empty
[planner_server-4] [ERROR] [1790937479.040465766] [planner_server]: Start is in blocked cell (cost=100).
[planner_server-4] [INFO] [1790937479.040572875] [planner_server]: Planning took 0 ms
[planner_server-4] [INFO] [1790937479.041510061] [planner_server]: Plan computed: 0 poses
[nav_interface_node-7] [ERROR] [1790937479.044051085] [nav_interface_node]: ComputePathService: Failed to get plan or plan is empty
[planner_server-4] [ERROR] [1790937479.149692980] [planner_server]: Start is in blocked cell (cost=100).
[planner_server-4] [INFO] [1790937479.149774778] [planner_server]: Planning took 0 ms
[planner_server-4] [INFO] [1790937479.149924744] [planner_server]: Plan computed: 0 poses
[nav_interface_node-7] [ERROR] [1790937479.150922544] [nav_interface_node]: ComputePathService: Failed to get plan or plan is empty
[planner_server-4] [ERROR] [1790937479.260289405] [planner_server]: Start is in blocked cell (cost=100).
[planner_server-4] [INFO] [1790937479.260432287] [planner_server]: Planning took 0 ms
[planner_server-4] [INFO] [1790937479.260740006] [planner_server]: Plan computed: 0 poses
[nav_interface_node-7] [ERROR] [1790937479.261345844] [nav_interface_node]: ComputePathService: Failed to get plan or plan is empty
[planner_server-4] [ERROR] [1790937479.369615196] [planner_server]: Start is in blocked cell (cost=100).
[planner_server-4] [INFO] [1790937479.369753538] [planner_server]: Planning took 0 ms
[planner_server-4] [INFO] [1790937479.371023960] [planner_server]: Plan computed: 0 poses
[nav_interface_node-7] [ERROR] [1790937479.371653197] [nav_interface_node]: ComputePathService: Failed to get plan or plan is empty
[planner_server-4] [ERROR] [1790937479.479503556] [planner_server]: Start is in blocked cell (cost=100).
[planner_server-4] [INFO] [1790937479.479653533] [planner_server]: Planning took 0 ms
[planner_server-4] [INFO] [1790937479.479862410] [planner_server]: Plan computed: 0 poses
[nav_interface_node-7] [ERROR] [1790937479.480293371] [nav_interface_node]: ComputePathService: Failed to get plan or plan is empty
[planner_server-4] [ERROR] [1790937479.592708359] [planner_server]: Start is in blocked cell (cost=100).
[planner_server-4] [INFO] [1790937479.592840139] [planner_server]: Planning took 0 ms
[planner_server-4] [INFO] [1790937479.593040849] [planner_server]: Plan computed: 0 poses
[nav_interface_node-7] [ERROR] [1790937479.593581867] [nav_interface_node]: ComputePathService: Failed to get plan or plan is empty
[planner_server-4] [ERROR] [1790937479.700284591] [planner_server]: Start is in blocked cell (cost=100).
[planner_server-4] [INFO] [1790937479.700538510] [planner_server]: Planning took 0 ms
[planner_server-4] [INFO] [1790937479.701303434] [planner_server]: Plan computed: 0 poses
[nav_interface_node-7] [ERROR] [1790937479.702017303] [nav_interface_node]: ComputePathService: Failed to get plan or plan is empty
[planner_server-4] [ERROR] [1790937479.809793952] [planner_server]: Start is in blocked cell (cost=100).
[planner_server-4] [INFO] [1790937479.809936914] [planner_server]: Planning took 0 ms
[planner_server-4] [INFO] [1790937479.810304516] [planner_server]: Plan computed: 0 poses
[nav_interface_node-7] [ERROR] [1790937479.810981620] [nav_interface_node]: ComputePathService: Failed to get plan or plan is empty
[planner_server-4] [ERROR] [1790937479.921203117] [planner_server]: Start is in blocked cell (cost=100).
[planner_server-4] [INFO] [1790937479.921335598] [planner_server]: Planning took 0 ms
[planner_server-4] [INFO] [1790937479.921492599] [planner_server]: Plan computed: 0 poses
[nav_interface_node-7] [ERROR] [1790937479.922416642] [nav_interface_node]: ComputePathService: Failed to get plan or plan is empty
[planner_server-4] [ERROR] [1790937480.030413944] [planner_server]: Start is in blocked cell (cost=100).
[planner_server-4] [INFO] [1790937480.030568679] [planner_server]: Planning took 0 ms
[planner_server-4] [INFO] [1790937480.030771241] [planner_server]: Plan computed: 0 poses
[nav_interface_node-7] [ERROR] [1790937480.031726401] [nav_interface_node]: ComputePathService: Failed to get plan or plan is empty
[planner_server-4] [ERROR] [1790937480.139742806] [planner_server]: Start is in blocked cell (cost=100).
[planner_server-4] [INFO] [1790937480.140067688] [planner_server]: Planning took 0 ms
[planner_server-4] [INFO] [1790937480.140263937] [planner_server]: Plan computed: 0 poses
[nav_interface_node-7] [ERROR] [1790937480.140858568] [nav_interface_node]: ComputePathService: Failed to get plan or plan is empty
[planner_server-4] [ERROR] [1790937480.249582179] [planner_server]: Start is in blocked cell (cost=100).
[planner_server-4] [INFO] [1790937480.249720280] [planner_server]: Planning took 0 ms
[planner_server-4] [INFO] [1790937480.249883412] [planner_server]: Plan computed: 0 poses
[nav_interface_node-7] [ERROR] [1790937480.252753736] [nav_interface_node]: ComputePathService: Failed to get plan or plan is empty
[planner_server-4] [ERROR] [1790937480.363113764] [planner_server]: Start is in blocked cell (cost=100).
[planner_server-4] [INFO] [1790937480.363294953] [planner_server]: Planning took 0 ms
[planner_server-4] [INFO] [1790937480.363483838] [planner_server]: Plan computed: 0 poses
[nav_interface_node-7] [ERROR] [1790937480.364199670] [nav_interface_node]: ComputePathService: Failed to get plan or plan is empty
[planner_server-4] [ERROR] [1790937480.470026668] [planner_server]: Start is in blocked cell (cost=100).
[planner_server-4] [INFO] [1790937480.470370403] [planner_server]: Planning took 0 ms
[planner_server-4] [INFO] [1790937480.470535589] [planner_server]: Plan computed: 0 poses
[nav_interface_node-7] [ERROR] [1790937480.471553682] [nav_interface_node]: ComputePathService: Failed to get plan or plan is empty
[planner_server-4] [ERROR] [1790937480.579783327] [planner_server]: Start is in blocked cell (cost=100).
[planner_server-4] [INFO] [1790937480.579873010] [planner_server]: Planning took 0 ms
[planner_server-4] [INFO] [1790937480.580240147] [planner_server]: Plan computed: 0 poses
[nav_interface_node-7] [ERROR] [1790937480.581366691] [nav_interface_node]: ComputePathService: Failed to get plan or plan is empty
[planner_server-4] [ERROR] [1790937480.691234371] [planner_server]: Start is in blocked cell (cost=100).
[planner_server-4] [INFO] [1790937480.691360949] [planner_server]: Planning took 0 ms
[planner_server-4] [INFO] [1790937480.691521846] [planner_server]: Plan computed: 0 poses
[nav_interface_node-7] [ERROR] [1790937480.693602076] [nav_interface_node]: ComputePathService: Failed to get plan or plan is empty
[planner_server-4] [ERROR] [1790937480.800268038] [planner_server]: Start is in blocked cell (cost=100).
[planner_server-4] [INFO] [1790937480.800381118] [planner_server]: Planning took 0 ms
[planner_server-4] [INFO] [1790937480.800658733] [planner_server]: Plan computed: 0 poses
[nav_interface_node-7] [ERROR] [1790937480.801443706] [nav_interface_node]: ComputePathService: Failed to get plan or plan is empty
[planner_server-4] [ERROR] [1790937480.910823954] [planner_server]: Start is in blocked cell (cost=100).
[planner_server-4] [INFO] [1790937480.910913817] [planner_server]: Planning took 0 ms
[planner_server-4] [INFO] [1790937480.911081488] [planner_server]: Plan computed: 0 poses
[nav_interface_node-7] [ERROR] [1790937480.912218804] [nav_interface_node]: ComputePathService: Failed to get plan or plan is empty
[planner_server-4] [ERROR] [1790937481.020235447] [planner_server]: Start is in blocked cell (cost=100).
[planner_server-4] [INFO] [1790937481.020392094] [planner_server]: Planning took 0 ms
[planner_server-4] [INFO] [1790937481.020672914] [planner_server]: Plan computed: 0 poses
[nav_interface_node-7] [ERROR] [1790937481.021529213] [nav_interface_node]: ComputePathService: Failed to get plan or plan is empty
[planner_server-4] [ERROR] [1790937481.132143390] [planner_server]: Start is in blocked cell (cost=100).
[planner_server-4] [INFO] [1790937481.132266470] [planner_server]: Planning took 0 ms
[planner_server-4] [INFO] [1790937481.132414721] [planner_server]: Plan computed: 0 poses
[nav_interface_node-7] [ERROR] [1790937481.133225135] [nav_interface_node]: ComputePathService: Failed to get plan or plan is empty
[planner_server-4] [ERROR] [1790937481.240409446] [planner_server]: Start is in blocked cell (cost=100).
[planner_server-4] [INFO] [1790937481.240604521] [planner_server]: Planning took 0 ms
[planner_server-4] [INFO] [1790937481.240784156] [planner_server]: Plan computed: 0 poses
[nav_interface_node-7] [ERROR] [1790937481.241576538] [nav_interface_node]: ComputePathService: Failed to get plan or plan is empty
[planner_server-4] [ERROR] [1790937481.349881046] [planner_server]: Start is in blocked cell (cost=100).
[planner_server-4] [INFO] [1790937481.350136865] [planner_server]: Planning took 0 ms
[planner_server-4] [INFO] [1790937481.350762103] [planner_server]: Plan computed: 0 poses
[nav_interface_node-7] [ERROR] [1790937481.351475009] [nav_interface_node]: ComputePathService: Failed to get plan or plan is empty
[planner_server-4] [ERROR] [1790937481.459423571] [planner_server]: Start is in blocked cell (cost=100).
[planner_server-4] [INFO] [1790937481.459556300] [planner_server]: Planning took 0 ms
[planner_server-4] [INFO] [1790937481.459784693] [planner_server]: Plan computed: 0 poses
[nav_interface_node-7] [ERROR] [1790937481.460314387] [nav_interface_node]: ComputePathService: Failed to get plan or plan is empty
[planner_server-4] [ERROR] [1790937481.569837803] [planner_server]: Start is in blocked cell (cost=100).
[planner_server-4] [INFO] [1790937481.569924058] [planner_server]: Planning took 0 ms
[planner_server-4] [INFO] [1790937481.570085355] [planner_server]: Plan computed: 0 poses
[nav_interface_node-7] [ERROR] [1790937481.571279016] [nav_interface_node]: ComputePathService: Failed to get plan or plan is empty
[planner_server-4] [ERROR] [1790937481.679561284] [planner_server]: Start is in blocked cell (cost=100).
[planner_server-4] [INFO] [1790937481.679694153] [planner_server]: Planning took 0 ms
[planner_server-4] [INFO] [1790937481.679885241] [planner_server]: Plan computed: 0 poses
[nav_interface_node-7] [ERROR] [1790937481.681444488] [nav_interface_node]: ComputePathService: Failed to get plan or plan is empty
[planner_server-4] [ERROR] [1790937481.790103295] [planner_server]: Start is in blocked cell (cost=100).
[planner_server-4] [INFO] [1790937481.790249001] [planner_server]: Planning took 0 ms
[planner_server-4] [INFO] [1790937481.790448466] [planner_server]: Plan computed: 0 poses
[nav_interface_node-7] [ERROR] [1790937481.791349492] [nav_interface_node]: ComputePathService: Failed to get plan or plan is empty
[planner_server-4] [ERROR] [1790937481.901246566] [planner_server]: Start is in blocked cell (cost=100).
[planner_server-4] [INFO] [1790937481.901323362] [planner_server]: Planning took 0 ms
[planner_server-4] [INFO] [1790937481.901904350] [planner_server]: Plan computed: 0 poses
[nav_interface_node-7] [ERROR] [1790937481.902603964] [nav_interface_node]: ComputePathService: Failed to get plan or plan is empty
[planner_server-4] [ERROR] [1790937482.010614369] [planner_server]: Start is in blocked cell (cost=100).
[planner_server-4] [INFO] [1790937482.010783520] [planner_server]: Planning took 0 ms
[planner_server-4] [INFO] [1790937482.011138167] [planner_server]: Plan computed: 0 poses
[nav_interface_node-7] [ERROR] [1790937482.012143037] [nav_interface_node]: ComputePathService: Failed to get plan or plan is empty
[planner_server-4] [ERROR] [1790937482.120304384] [planner_server]: Start is in blocked cell (cost=100).
[planner_server-4] [INFO] [1790937482.120442664] [planner_server]: Planning took 0 ms
[planner_server-4] [INFO] [1790937482.120650303] [planner_server]: Plan computed: 0 poses
[nav_interface_node-7] [ERROR] [1790937482.121344686] [nav_interface_node]: ComputePathService: Failed to get plan or plan is empty
[planner_server-4] [ERROR] [1790937482.229978258] [planner_server]: Start is in blocked cell (cost=100).
[planner_server-4] [INFO] [1790937482.230110906] [planner_server]: Planning took 0 ms
[planner_server-4] [INFO] [1790937482.230355129] [planner_server]: Plan computed: 0 poses
[nav_interface_node-7] [ERROR] [1790937482.231548550] [nav_interface_node]: ComputePathService: Failed to get plan or plan is empty
[planner_server-4] [ERROR] [1790937482.339638598] [planner_server]: Start is in blocked cell (cost=100).
[planner_server-4] [INFO] [1790937482.339980609] [planner_server]: Planning took 0 ms
[planner_server-4] [INFO] [1790937482.340153499] [planner_server]: Plan computed: 0 poses
[nav_interface_node-7] [ERROR] [1790937482.341358083] [nav_interface_node]: ComputePathService: Failed to get plan or plan is empty
[planner_server-4] [ERROR] [1790937482.451918342] [planner_server]: Start is in blocked cell (cost=100).
[planner_server-4] [INFO] [1790937482.452066571] [planner_server]: Planning took 0 ms
[planner_server-4] [INFO] [1790937482.452182555] [planner_server]: Plan computed: 0 poses
[nav_interface_node-7] [ERROR] [1790937482.454142887] [nav_interface_node]: ComputePathService: Failed to get plan or plan is empty
[planner_server-4] [ERROR] [1790937482.559669360] [planner_server]: Start is in blocked cell (cost=100).
[planner_server-4] [INFO] [1790937482.560021281] [planner_server]: Planning took 0 ms
[planner_server-4] [INFO] [1790937482.560166474] [planner_server]: Plan computed: 0 poses
[nav_interface_node-7] [ERROR] [1790937482.560623064] [nav_interface_node]: ComputePathService: Failed to get plan or plan is empty
[planner_server-4] [ERROR] [1790937482.670024078] [planner_server]: Start is in blocked cell (cost=100).
[planner_server-4] [INFO] [1790937482.670169111] [planner_server]: Planning took 0 ms
[planner_server-4] [INFO] [1790937482.670324475] [planner_server]: Plan computed: 0 poses
[nav_interface_node-7] [ERROR] [1790937482.673005402] [nav_interface_node]: ComputePathService: Failed to get plan or plan is empty
[planner_server-4] [ERROR] [1790937482.780811431] [planner_server]: Start is in blocked cell (cost=100).
[planner_server-4] [INFO] [1790937482.781010754] [planner_server]: Planning took 0 ms
[planner_server-4] [INFO] [1790937482.781314558] [planner_server]: Plan computed: 0 poses
[nav_interface_node-7] [ERROR] [1790937482.782317194] [nav_interface_node]: ComputePathService: Failed to get plan or plan is empty
[planner_server-4] [ERROR] [1790937482.890517780] [planner_server]: Start is in blocked cell (cost=100).
[planner_server-4] [INFO] [1790937482.890602491] [planner_server]: Planning took 0 ms
[planner_server-4] [INFO] [1790937482.891010155] [planner_server]: Plan computed: 0 poses
[nav_interface_node-7] [ERROR] [1790937482.891409723] [nav_interface_node]: ComputePathService: Failed to get plan or plan is empty
[nav_interface_node-7] [INFO] [1790937482.891512090] [nav_interface_node]: [NavStateTrack] Halted externally.
[nav_interface_node-7] [ERROR] [1790937482.899030259] [nav_interface_node]: Navigation task failed.
[sp_decision_node-6] [ERROR] [1790937483.016816288] [sp_decision]: [NavToPose] Action ABORTED.
[sp_decision_node-6] [ERROR] [1790937483.017120741] [sp_decision]: [NavToPose] Goal failed / aborted.
[sp_decision_node-6] [INFO] [1790937483.017440425] [sp_decision]: [DecisionEngine] SUCCEEDED – restarting
[sp_decision_node-6] [INFO] [1790937483.115889951] [sp_decision]: [WaitDuration] Wait complete – SUCCESS.
[sp_decision_node-6] [INFO] [1790937483.116010784] [sp_decision]: [DecisionEngine] SUCCEEDED – restarting
[sp_decision_node-6] [INFO] [1790937483.217181053] [sp_decision]: [DecisionEngine] SUCCEEDED – restarting
[sp_decision_node-6] [INFO] [1790937483.315752053] [sp_decision]: [DecisionEngine] SUCCEEDED – restarting
[sp_decision_node-6] [INFO] [1790937483.416494145] [sp_decision]: [DecisionEngine] SUCCEEDED – restarting
[sp_decision_node-6] [INFO] [1790937483.516207846] [sp_decision]: [DecisionEngine] SUCCEEDED – restarting
[sp_decision_node-6] [INFO] [1790937483.616299567] [sp_decision]: [DecisionEngine] SUCCEEDED – restarting
[sp_decision_node-6] [INFO] [1790937483.715805250] [sp_decision]: [DecisionEngine] SUCCEEDED – restarting
[sp_decision_node-6] [INFO] [1790937483.816442260] [sp_decision]: [DecisionEngine] SUCCEEDED – restarting
[sp_decision_node-6] [INFO] [1790937483.916296865] [sp_decision]: [DecisionEngine] SUCCEEDED – restarting
[sp_decision_node-6] [INFO] [1790937484.016646609] [sp_decision]: [DecisionEngine] SUCCEEDED – restarting
[sp_decision_node-6] [INFO] [1790937484.116048392] [sp_decision]: [DecisionEngine] SUCCEEDED – restarting
[sp_decision_node-6] [INFO] [1790937484.217072437] [sp_decision]: [DecisionEngine] SUCCEEDED – restarting
[sp_decision_node-6] [INFO] [1790937484.316266111] [sp_decision]: [DecisionEngine] SUCCEEDED – restarting
[sp_decision_node-6] [INFO] [1790937484.415735447] [sp_decision]: [DecisionEngine] SUCCEEDED – restarting
[sp_decision_node-6] [INFO] [1790937484.516695223] [sp_decision]: [DecisionEngine] SUCCEEDED – restarting
[sp_decision_node-6] [INFO] [1790937484.616077535] [sp_decision]: [DecisionEngine] SUCCEEDED – restarting
[sp_decision_node-6] [INFO] [1790937484.716077596] [sp_decision]: [DecisionEngine] SUCCEEDED – restarting
[sp_decision_node-6] [INFO] [1790937484.816078148] [sp_decision]: [DecisionEngine] SUCCEEDED – restarting
[sp_decision_node-6] [INFO] [1790937484.916121806] [sp_decision]: [DecisionEngine] SUCCEEDED – restarting
[sp_decision_node-6] [INFO] [1790937485.015854956] [sp_decision]: [DecisionEngine] SUCCEEDED – restarting
[sp_decision_node-6] [INFO] [1790937485.116386736] [sp_decision]: [DecisionEngine] SUCCEEDED – restarting
[sp_decision_node-6] [INFO] [1790937485.216533065] [sp_decision]: [DecisionEngine] SUCCEEDED – restarting
[sp_decision_node-6] [INFO] [1790937485.316982400] [sp_decision]: [DecisionEngine] SUCCEEDED – restarting
[sp_decision_node-6] [INFO] [1790937485.415953319] [sp_decision]: [DecisionEngine] SUCCEEDED – restarting
[sp_decision_node-6] [INFO] [1790937485.516130741] [sp_decision]: [DecisionEngine] SUCCEEDED – restarting
[sp_decision_node-6] [INFO] [1790937485.616333833] [sp_decision]: [DecisionEngine] SUCCEEDED – restarting
[sp_decision_node-6] [INFO] [1790937485.715877323] [sp_decision]: [DecisionEngine] SUCCEEDED – restarting
[sp_decision_node-6] [INFO] [1790937485.816298722] [sp_decision]: [DecisionEngine] SUCCEEDED – restarting
[sp_decision_node-6] [INFO] [1790937485.916071289] [sp_decision]: [DecisionEngine] SUCCEEDED – restarting
[sp_decision_node-6] [INFO] [1790937486.016208088] [sp_decision]: [DecisionEngine] SUCCEEDED – restarting
[sp_decision_node-6] [INFO] [1790937486.115888016] [sp_decision]: [DecisionEngine] SUCCEEDED – restarting
[sp_decision_node-6] [INFO] [1790937486.216139209] [sp_decision]: [DecisionEngine] SUCCEEDED – restarting
[sp_decision_node-6] [INFO] [1790937486.316141488] [sp_decision]: [DecisionEngine] SUCCEEDED – restarting
[sp_decision_node-6] [INFO] [1790937486.417136395] [sp_decision]: [DecisionEngine] SUCCEEDED – restarting
[sp_decision_node-6] [INFO] [1790937486.515896809] [sp_decision]: [DecisionEngine] SUCCEEDED – restarting
[sp_decision_node-6] [INFO] [1790937486.616812547] [sp_decision]: [DecisionEngine] SUCCEEDED – restarting
[sp_decision_node-6] [INFO] [1790937486.716064461] [sp_decision]: [DecisionEngine] SUCCEEDED – restarting
[sp_decision_node-6] [INFO] [1790937486.816297680] [sp_decision]: [DecisionEngine] SUCCEEDED – restarting
[sp_decision_node-6] [INFO] [1790937486.916525368] [sp_decision]: [DecisionEngine] SUCCEEDED – restarting
[sp_decision_node-6] [INFO] [1790937487.016422424] [sp_decision]: [DecisionEngine] SUCCEEDED – restarting
[sp_decision_node-6] [INFO] [1790937487.116237410] [sp_decision]: [DecisionEngine] SUCCEEDED – restarting
[sp_decision_node-6] [INFO] [1790937487.216809278] [sp_decision]: [DecisionEngine] SUCCEEDED – restarting
[sp_decision_node-6] [INFO] [1790937487.316163348] [sp_decision]: [DecisionEngine] SUCCEEDED – restarting
[sp_decision_node-6] [INFO] [1790937487.416214376] [sp_decision]: [DecisionEngine] SUCCEEDED – restarting
[sp_decision_node-6] [INFO] [1790937487.516259734] [sp_decision]: [DecisionEngine] SUCCEEDED – restarting
[sp_decision_node-6] [INFO] [1790937487.615869481] [sp_decision]: [DecisionEngine] SUCCEEDED – restarting
[sp_decision_node-6] [INFO] [1790937487.715898661] [sp_decision]: [DecisionEngine] SUCCEEDED – restarting
[sp_decision_node-6] [INFO] [1790937487.816525900] [sp_decision]: [DecisionEngine] SUCCEEDED – restarting
[sp_decision_node-6] [INFO] [1790937487.916261507] [sp_decision]: [DecisionEngine] SUCCEEDED – restarting
[sp_decision_node-6] [INFO] [1790937488.016563444] [sp_decision]: [DecisionEngine] SUCCEEDED – restarting
[sp_decision_node-6] [INFO] [1790937488.116352889] [sp_decision]: [DecisionEngine] SUCCEEDED – restarting
[sp_decision_node-6] [INFO] [1790937488.215863221] [sp_decision]: [DecisionEngine] SUCCEEDED – restarting
[sp_decision_node-6] [INFO] [1790937488.316323714] [sp_decision]: [DecisionEngine] SUCCEEDED – restarting
[sp_decision_node-6] [INFO] [1790937488.415853495] [sp_decision]: [DecisionEngine] SUCCEEDED – restarting
[sp_decision_node-6] [INFO] [1790937488.516404201] [sp_decision]: [DecisionEngine] SUCCEEDED – restarting
[sp_decision_node-6] [INFO] [1790937488.615872675] [sp_decision]: [DecisionEngine] SUCCEEDED – restarting
[sp_decision_node-6] [INFO] [1790937488.715787357] [sp_decision]: [DecisionEngine] SUCCEEDED – restarting
[sp_decision_node-6] [INFO] [1790937488.816395112] [sp_decision]: [DecisionEngine] SUCCEEDED – restarting
[sp_decision_node-6] [INFO] [1790937488.916306107] [sp_decision]: [DecisionEngine] SUCCEEDED – restarting
[sp_decision_node-6] [INFO] [1790937489.017631237] [sp_decision]: [DecisionEngine] SUCCEEDED – restarting
[sp_decision_node-6] [INFO] [1790937489.115866555] [sp_decision]: [DecisionEngine] SUCCEEDED – restarting
[sp_decision_node-6] [INFO] [1790937489.215803191] [sp_decision]: [DecisionEngine] SUCCEEDED – restarting
[sp_decision_node-6] [INFO] [1790937489.316340020] [sp_decision]: [DecisionEngine] SUCCEEDED – restarting
[sp_decision_node-6] [INFO] [1790937489.417061599] [sp_decision]: [DecisionEngine] SUCCEEDED – restarting
[sp_decision_node-6] [INFO] [1790937489.516387889] [sp_decision]: [DecisionEngine] SUCCEEDED – restarting
[sp_decision_node-6] [INFO] [1790937489.616417873] [sp_decision]: [DecisionEngine] SUCCEEDED – restarting
[sp_decision_node-6] [INFO] [1790937489.716932329] [sp_decision]: [DecisionEngine] SUCCEEDED – restarting
[sp_decision_node-6] [INFO] [1790937489.816278378] [sp_decision]: [DecisionEngine] SUCCEEDED – restarting
[sp_decision_node-6] [INFO] [1790937489.916453551] [sp_decision]: [DecisionEngine] SUCCEEDED – restarting
[sp_decision_node-6] [INFO] [1790937490.016255230] [sp_decision]: [DecisionEngine] SUCCEEDED – restarting
[sp_decision_node-6] [INFO] [1790937490.115822025] [sp_decision]: [DecisionEngine] SUCCEEDED – restarting
[sp_decision_node-6] [INFO] [1790937490.216882409] [sp_decision]: [DecisionEngine] SUCCEEDED – restarting
[sp_decision_node-6] [INFO] [1790937490.316538159] [sp_decision]: [DecisionEngine] SUCCEEDED – restarting
[sp_decision_node-6] [INFO] [1790937490.416058262] [sp_decision]: [DecisionEngine] SUCCEEDED – restarting
[sp_decision_node-6] [INFO] [1790937490.515905770] [sp_decision]: [DecisionEngine] SUCCEEDED – restarting
[sp_decision_node-6] [INFO] [1790937490.616012507] [sp_decision]: [DecisionEngine] SUCCEEDED – restarting
[sp_decision_node-6] [INFO] [1790937490.716326382] [sp_decision]: [DecisionEngine] SUCCEEDED – restarting
[sp_decision_node-6] [INFO] [1790937490.816095244] [sp_decision]: [DecisionEngine] SUCCEEDED – restarting
[sp_decision_node-6] [INFO] [1790937490.916806771] [sp_decision]: [DecisionEngine] SUCCEEDED – restarting
[sp_decision_node-6] [INFO] [1790937491.016034880] [sp_decision]: [DecisionEngine] SUCCEEDED – restarting
[sp_decision_node-6] [INFO] [1790937491.115923897] [sp_decision]: [DecisionEngine] SUCCEEDED – restarting
[sp_decision_node-6] [INFO] [1790937491.216005079] [sp_decision]: [DecisionEngine] SUCCEEDED – restarting
[sp_decision_node-6] [INFO] [1790937491.316171459] [sp_decision]: [DecisionEngine] SUCCEEDED – restarting
[sp_decision_node-6] [INFO] [1790937491.416149910] [sp_decision]: [DecisionEngine] SUCCEEDED – restarting
[sp_decision_node-6] [INFO] [1790937491.516484932] [sp_decision]: [DecisionEngine] SUCCEEDED – restarting
[sp_decision_node-6] [INFO] [1790937491.616337225] [sp_decision]: [DecisionEngine] SUCCEEDED – restarting
[sp_decision_node-6] [INFO] [1790937491.716160071] [sp_decision]: [DecisionEngine] SUCCEEDED – restarting
[sp_decision_node-6] [INFO] [1790937491.816690145] [sp_decision]: [DecisionEngine] SUCCEEDED – restarting
[sp_decision_node-6] [INFO] [1790937491.916181099] [sp_decision]: [DecisionEngine] SUCCEEDED – restarting
[sp_decision_node-6] [INFO] [1790937492.016780248] [sp_decision]: [DecisionEngine] SUCCEEDED – restarting
[sp_decision_node-6] [INFO] [1790937492.116496531] [sp_decision]: [DecisionEngine] SUCCEEDED – restarting
[sp_decision_node-6] [INFO] [1790937492.216633957] [sp_decision]: [DecisionEngine] SUCCEEDED – restarting
[sp_decision_node-6] [INFO] [1790937492.317541972] [sp_decision]: [DecisionEngine] SUCCEEDED – restarting
[sp_decision_node-6] [INFO] [1790937492.416337012] [sp_decision]: [DecisionEngine] SUCCEEDED – restarting
[sp_decision_node-6] [INFO] [1790937492.515968518] [sp_decision]: [DecisionEngine] SUCCEEDED – restarting
[sp_decision_node-6] [INFO] [1790937492.616193404] [sp_decision]: [DecisionEngine] SUCCEEDED – restarting
[sp_decision_node-6] [INFO] [1790937492.716057798] [sp_decision]: [DecisionEngine] SUCCEEDED – restarting
[sp_decision_node-6] [INFO] [1790937492.816876222] [sp_decision]: [DecisionEngine] SUCCEEDED – restarting
[sp_decision_node-6] [INFO] [1790937492.915792624] [sp_decision]: [DecisionEngine] SUCCEEDED – restarting
[sp_decision_node-6] [INFO] [1790937493.015822088] [sp_decision]: [DecisionEngine] SUCCEEDED – restarting
[sp_decision_node-6] [INFO] [1790937493.116002920] [sp_decision]: [DecisionEngine] SUCCEEDED – restarting
[sp_decision_node-6] [INFO] [1790937493.215798961] [sp_decision]: [DecisionEngine] SUCCEEDED – restarting
[sp_decision_node-6] [INFO] [1790937493.315967709] [sp_decision]: [DecisionEngine] SUCCEEDED – restarting
[sp_decision_node-6] [INFO] [1790937493.416527380] [sp_decision]: [DecisionEngine] SUCCEEDED – restarting
[sp_decision_node-6] [INFO] [1790937493.516938380] [sp_decision]: [DecisionEngine] SUCCEEDED – restarting
[sp_decision_node-6] [INFO] [1790937493.616518450] [sp_decision]: [DecisionEngine] SUCCEEDED – restarting
[sp_decision_node-6] [INFO] [1790937493.716260928] [sp_decision]: [DecisionEngine] SUCCEEDED – restarting
[sp_decision_node-6] [INFO] [1790937493.816925322] [sp_decision]: [DecisionEngine] SUCCEEDED – restarting
[sp_decision_node-6] [INFO] [1790937493.916043646] [sp_decision]: [DecisionEngine] SUCCEEDED – restarting
[sp_decision_node-6] [INFO] [1790937494.015836297] [sp_decision]: [DecisionEngine] SUCCEEDED – restarting
[sp_decision_node-6] [INFO] [1790937494.115958802] [sp_decision]: [DecisionEngine] SUCCEEDED – restarting
[sp_decision_node-6] [INFO] [1790937494.216198206] [sp_decision]: [DecisionEngine] SUCCEEDED – restarting
[sp_decision_node-6] [INFO] [1790937494.315882638] [sp_decision]: [DecisionEngine] SUCCEEDED – restarting
[sp_decision_node-6] [INFO] [1790937494.416675599] [sp_decision]: [DecisionEngine] SUCCEEDED – restarting
[sp_decision_node-6] [INFO] [1790937494.515931087] [sp_decision]: [DecisionEngine] SUCCEEDED – restarting
[sp_decision_node-6] [INFO] [1790937494.615827032] [sp_decision]: [DecisionEngine] SUCCEEDED – restarting
[sp_decision_node-6] [INFO] [1790937494.717254557] [sp_decision]: [DecisionEngine] SUCCEEDED – restarting
[sp_decision_node-6] [INFO] [1790937494.816397136] [sp_decision]: [DecisionEngine] SUCCEEDED – restarting
[sp_decision_node-6] [INFO] [1790937494.915768931] [sp_decision]: [DecisionEngine] SUCCEEDED – restarting
[sp_decision_node-6] [INFO] [1790937495.016071630] [sp_decision]: [DecisionEngine] SUCCEEDED – restarting
[sp_decision_node-6] [INFO] [1790937495.116002708] [sp_decision]: [DecisionEngine] SUCCEEDED – restarting
[sp_decision_node-6] [INFO] [1790937495.217553699] [sp_decision]: [DecisionEngine] SUCCEEDED – restarting
[sp_decision_node-6] [INFO] [1790937495.316430321] [sp_decision]: [DecisionEngine] SUCCEEDED – restarting
[sp_decision_node-6] [INFO] [1790937495.415961564] [sp_decision]: [DecisionEngine] SUCCEEDED – restarting
[sp_decision_node-6] [INFO] [1790937495.516687534] [sp_decision]: [DecisionEngine] SUCCEEDED – restarting
[sp_decision_node-6] [INFO] [1790937495.616121462] [sp_decision]: [DecisionEngine] SUCCEEDED – restarting
[sp_decision_node-6] [INFO] [1790937495.716611280] [sp_decision]: [DecisionEngine] SUCCEEDED – restarting
[sp_decision_node-6] [INFO] [1790937495.816331939] [sp_decision]: [DecisionEngine] SUCCEEDED – restarting
[sp_decision_node-6] [INFO] [1790937495.916180066] [sp_decision]: [DecisionEngine] SUCCEEDED – restarting
[sp_decision_node-6] [INFO] [1790937496.016159317] [sp_decision]: [DecisionEngine] SUCCEEDED – restarting
[sp_decision_node-6] [INFO] [1790937496.116081823] [sp_decision]: [DecisionEngine] SUCCEEDED – restarting
[sp_decision_node-6] [INFO] [1790937496.216052629] [sp_decision]: [DecisionEngine] SUCCEEDED – restarting
[sp_decision_node-6] [INFO] [1790937496.316009949] [sp_decision]: [DecisionEngine] SUCCEEDED – restarting
[sp_decision_node-6] [INFO] [1790937496.415979101] [sp_decision]: [DecisionEngine] SUCCEEDED – restarting
[sp_decision_node-6] [INFO] [1790937496.516665742] [sp_decision]: [DecisionEngine] SUCCEEDED – restarting
[sp_decision_node-6] [INFO] [1790937496.616307361] [sp_decision]: [DecisionEngine] SUCCEEDED – restarting
[sp_decision_node-6] [INFO] [1790937496.718351489] [sp_decision]: [DecisionEngine] SUCCEEDED – restarting
[sp_decision_node-6] [INFO] [1790937496.815945539] [sp_decision]: [DecisionEngine] SUCCEEDED – restarting
[sp_decision_node-6] [INFO] [1790937496.916033567] [sp_decision]: [DecisionEngine] SUCCEEDED – restarting
[sp_decision_node-6] [INFO] [1790937497.015989031] [sp_decision]: [DecisionEngine] SUCCEEDED – restarting
[sp_decision_node-6] [INFO] [1790937497.116344214] [sp_decision]: [DecisionEngine] SUCCEEDED – restarting
[sp_decision_node-6] [INFO] [1790937497.216811724] [sp_decision]: [DecisionEngine] SUCCEEDED – restarting
[sp_decision_node-6] [INFO] [1790937497.316439173] [sp_decision]: [DecisionEngine] SUCCEEDED – restarting
[sp_decision_node-6] [INFO] [1790937497.416082792] [sp_decision]: [DecisionEngine] SUCCEEDED – restarting
[sp_decision_node-6] [INFO] [1790937497.518140073] [sp_decision]: [DecisionEngine] SUCCEEDED – restarting
[sp_decision_node-6] [INFO] [1790937497.616485646] [sp_decision]: [DecisionEngine] SUCCEEDED – restarting
[sp_decision_node-6] [INFO] [1790937497.717401381] [sp_decision]: [DecisionEngine] SUCCEEDED – restarting
[sp_decision_node-6] [INFO] [1790937497.816793124] [sp_decision]: [DecisionEngine] SUCCEEDED – restarting
[sp_decision_node-6] [INFO] [1790937497.916118660] [sp_decision]: [DecisionEngine] SUCCEEDED – restarting
[sp_decision_node-6] [INFO] [1790937498.016790903] [sp_decision]: [DecisionEngine] SUCCEEDED – restarting
[sp_decision_node-6] [INFO] [1790937498.117064953] [sp_decision]: [DecisionEngine] SUCCEEDED – restarting
[sp_decision_node-6] [INFO] [1790937498.216480610] [sp_decision]: [DecisionEngine] SUCCEEDED – restarting
[sp_decision_node-6] [INFO] [1790937498.316183265] [sp_decision]: [DecisionEngine] SUCCEEDED – restarting
[sp_decision_node-6] [INFO] [1790937498.416391715] [sp_decision]: [DecisionEngine] SUCCEEDED – restarting
[sp_decision_node-6] [INFO] [1790937498.516927356] [sp_decision]: [DecisionEngine] SUCCEEDED – restarting
[sp_decision_node-6] [INFO] [1790937498.616681851] [sp_decision]: [DecisionEngine] SUCCEEDED – restarting
[sp_decision_node-6] [INFO] [1790937498.716305224] [sp_decision]: [DecisionEngine] SUCCEEDED – restarting
[sp_decision_node-6] [INFO] [1790937498.816462665] [sp_decision]: [DecisionEngine] SUCCEEDED – restarting
[sp_decision_node-6] [INFO] [1790937498.916480567] [sp_decision]: [DecisionEngine] SUCCEEDED – restarting
[sp_decision_node-6] [INFO] [1790937499.015788425] [sp_decision]: [DecisionEngine] SUCCEEDED – restarting
[sp_decision_node-6] [INFO] [1790937499.116792457] [sp_decision]: [DecisionEngine] SUCCEEDED – restarting
[sp_decision_node-6] [INFO] [1790937499.216228887] [sp_decision]: [DecisionEngine] SUCCEEDED – restarting
[sp_decision_node-6] [INFO] [1790937499.315966603] [sp_decision]: [DecisionEngine] SUCCEEDED – restarting
[sp_decision_node-6] [INFO] [1790937499.416030391] [sp_decision]: [DecisionEngine] SUCCEEDED – restarting
[sp_decision_node-6] [INFO] [1790937499.516088606] [sp_decision]: [DecisionEngine] SUCCEEDED – restarting
[sp_decision_node-6] [INFO] [1790937499.616836205] [sp_decision]: [DecisionEngine] SUCCEEDED – restarting
[sp_decision_node-6] [INFO] [1790937499.715832550] [sp_decision]: [DecisionEngine] SUCCEEDED – restarting
[sp_decision_node-6] [INFO] [1790937499.816309329] [sp_decision]: [DecisionEngine] SUCCEEDED – restarting
[sp_decision_node-6] [INFO] [1790937499.916249828] [sp_decision]: [DecisionEngine] SUCCEEDED – restarting
[sp_decision_node-6] [INFO] [1790937500.015904182] [sp_decision]: [DecisionEngine] SUCCEEDED – restarting
[sp_decision_node-6] [INFO] [1790937500.116787886] [sp_decision]: [DecisionEngine] SUCCEEDED – restarting
[sp_decision_node-6] [INFO] [1790937500.215909596] [sp_decision]: [DecisionEngine] SUCCEEDED – restarting
[sp_decision_node-6] [INFO] [1790937500.316589772] [sp_decision]: [DecisionEngine] SUCCEEDED – restarting
[sp_decision_node-6] [INFO] [1790937500.416267299] [sp_decision]: [DecisionEngine] SUCCEEDED – restarting
[sp_decision_node-6] [INFO] [1790937500.516265744] [sp_decision]: [DecisionEngine] SUCCEEDED – restarting
[sp_decision_node-6] [INFO] [1790937500.616423568] [sp_decision]: [DecisionEngine] SUCCEEDED – restarting
[sp_decision_node-6] [INFO] [1790937500.716785063] [sp_decision]: [DecisionEngine] SUCCEEDED – restarting
[sp_decision_node-6] [INFO] [1790937500.817104888] [sp_decision]: [DecisionEngine] SUCCEEDED – restarting
[sp_decision_node-6] [INFO] [1790937500.916308452] [sp_decision]: [DecisionEngine] SUCCEEDED – restarting
[sp_decision_node-6] [INFO] [1790937501.016137862] [sp_decision]: [DecisionEngine] SUCCEEDED – restarting
[sp_decision_node-6] [INFO] [1790937501.116448731] [sp_decision]: [DecisionEngine] SUCCEEDED – restarting
[sp_decision_node-6] [INFO] [1790937501.216154472] [sp_decision]: [DecisionEngine] SUCCEEDED – restarting
[sp_decision_node-6] [INFO] [1790937501.316908328] [sp_decision]: [DecisionEngine] SUCCEEDED – restarting
[sp_decision_node-6] [INFO] [1790937501.416126466] [sp_decision]: [DecisionEngine] SUCCEEDED – restarting
[sp_decision_node-6] [INFO] [1790937501.516241520] [sp_decision]: [DecisionEngine] SUCCEEDED – restarting
[sp_decision_node-6] [INFO] [1790937501.617912481] [sp_decision]: [DecisionEngine] SUCCEEDED – restarting
[sp_decision_node-6] [INFO] [1790937501.716104375] [sp_decision]: [DecisionEngine] SUCCEEDED – restarting
[sp_decision_node-6] [INFO] [1790937501.816692865] [sp_decision]: [DecisionEngine] SUCCEEDED – restarting
[sp_decision_node-6] [INFO] [1790937501.915992764] [sp_decision]: [DecisionEngine] SUCCEEDED – restarting
[sp_decision_node-6] [INFO] [1790937502.016077162] [sp_decision]: [DecisionEngine] SUCCEEDED – restarting
[sp_decision_node-6] [INFO] [1790937502.116986406] [sp_decision]: [DecisionEngine] SUCCEEDED – restarting
[sp_decision_node-6] [INFO] [1790937502.216253846] [sp_decision]: [DecisionEngine] SUCCEEDED – restarting
[sp_decision_node-6] [INFO] [1790937502.316067610] [sp_decision]: [DecisionEngine] SUCCEEDED – restarting
[sp_decision_node-6] [INFO] [1790937502.416352993] [sp_decision]: [DecisionEngine] SUCCEEDED – restarting
[sp_decision_node-6] [INFO] [1790937502.516146298] [sp_decision]: [DecisionEngine] SUCCEEDED – restarting
[sp_decision_node-6] [INFO] [1790937502.616290122] [sp_decision]: [DecisionEngine] SUCCEEDED – restarting
[sp_decision_node-6] [INFO] [1790937502.716137019] [sp_decision]: [DecisionEngine] SUCCEEDED – restarting
[sp_decision_node-6] [INFO] [1790937502.816331699] [sp_decision]: [DecisionEngine] SUCCEEDED – restarting
[sp_decision_node-6] [INFO] [1790937502.916176807] [sp_decision]: [DecisionEngine] SUCCEEDED – restarting
[sp_decision_node-6] [INFO] [1790937503.015646610] [sp_decision]: [DecisionEngine] SUCCEEDED – restarting
[sp_decision_node-6] [INFO] [1790937503.115930668] [sp_decision]: [DecisionEngine] SUCCEEDED – restarting
[sp_decision_node-6] [INFO] [1790937503.216137980] [sp_decision]: [DecisionEngine] SUCCEEDED – restarting
[sp_decision_node-6] [INFO] [1790937503.316714039] [sp_decision]: [DecisionEngine] SUCCEEDED – restarting
[sp_decision_node-6] [INFO] [1790937503.416152882] [sp_decision]: [DecisionEngine] SUCCEEDED – restarting
[sp_decision_node-6] [INFO] [1790937503.516059020] [sp_decision]: [DecisionEngine] SUCCEEDED – restarting
[sp_decision_node-6] [INFO] [1790937503.616039319] [sp_decision]: [DecisionEngine] SUCCEEDED – restarting
[sp_decision_node-6] [INFO] [1790937503.715970971] [sp_decision]: [DecisionEngine] SUCCEEDED – restarting
[sp_decision_node-6] [INFO] [1790937503.815741115] [sp_decision]: [DecisionEngine] SUCCEEDED – restarting
[sp_decision_node-6] [INFO] [1790937503.916285980] [sp_decision]: [DecisionEngine] SUCCEEDED – restarting
[sp_decision_node-6] [INFO] [1790937504.016900467] [sp_decision]: [DecisionEngine] SUCCEEDED – restarting
[sp_decision_node-6] [INFO] [1790937504.115915962] [sp_decision]: [DecisionEngine] SUCCEEDED – restarting
[sp_decision_node-6] [INFO] [1790937504.216155560] [sp_decision]: [DecisionEngine] SUCCEEDED – restarting
[sp_decision_node-6] [INFO] [1790937504.315763947] [sp_decision]: [DecisionEngine] SUCCEEDED – restarting
[sp_decision_node-6] [INFO] [1790937504.416364416] [sp_decision]: [DecisionEngine] SUCCEEDED – restarting
[sp_decision_node-6] [INFO] [1790937504.516746760] [sp_decision]: [DecisionEngine] SUCCEEDED – restarting
[sp_decision_node-6] [INFO] [1790937504.616764030] [sp_decision]: [DecisionEngine] SUCCEEDED – restarting
[sp_decision_node-6] [INFO] [1790937504.716570058] [sp_decision]: [DecisionEngine] SUCCEEDED – restarting
[sp_decision_node-6] [INFO] [1790937504.816919370] [sp_decision]: [DecisionEngine] SUCCEEDED – restarting
[sp_decision_node-6] [INFO] [1790937504.915807352] [sp_decision]: [DecisionEngine] SUCCEEDED – restarting
[sp_decision_node-6] [INFO] [1790937505.016264020] [sp_decision]: [DecisionEngine] SUCCEEDED – restarting
[sp_decision_node-6] [INFO] [1790937505.115877721] [sp_decision]: [DecisionEngine] SUCCEEDED – restarting
[sp_decision_node-6] [INFO] [1790937505.216085590] [sp_decision]: [DecisionEngine] SUCCEEDED – restarting
[sp_decision_node-6] [INFO] [1790937505.317633927] [sp_decision]: [DecisionEngine] SUCCEEDED – restarting
[sp_decision_node-6] [INFO] [1790937505.416615584] [sp_decision]: [DecisionEngine] SUCCEEDED – restarting
[sp_decision_node-6] [INFO] [1790937505.516668909] [sp_decision]: [DecisionEngine] SUCCEEDED – restarting
[sp_decision_node-6] [INFO] [1790937505.616051151] [sp_decision]: [DecisionEngine] SUCCEEDED – restarting
[sp_decision_node-6] [INFO] [1790937505.715894674] [sp_decision]: [DecisionEngine] SUCCEEDED – restarting
[sp_decision_node-6] [INFO] [1790937505.817018967] [sp_decision]: [DecisionEngine] SUCCEEDED – restarting
[sp_decision_node-6] [INFO] [1790937505.916218436] [sp_decision]: [DecisionEngine] SUCCEEDED – restarting
[sp_decision_node-6] [INFO] [1790937506.017168434] [sp_decision]: [DecisionEngine] SUCCEEDED – restarting
[sp_decision_node-6] [INFO] [1790937506.115824155] [sp_decision]: [DecisionEngine] SUCCEEDED – restarting
[sp_decision_node-6] [INFO] [1790937506.216127372] [sp_decision]: [DecisionEngine] SUCCEEDED – restarting
[sp_decision_node-6] [INFO] [1790937506.316750750] [sp_decision]: [DecisionEngine] SUCCEEDED – restarting
[sp_decision_node-6] [INFO] [1790937506.416254232] [sp_decision]: [DecisionEngine] SUCCEEDED – restarting
[sp_decision_node-6] [INFO] [1790937506.516077230] [sp_decision]: [DecisionEngine] SUCCEEDED – restarting
[sp_decision_node-6] [INFO] [1790937506.615768538] [sp_decision]: [DecisionEngine] SUCCEEDED – restarting
[sp_decision_node-6] [INFO] [1790937506.716121263] [sp_decision]: [DecisionEngine] SUCCEEDED – restarting
[sp_decision_node-6] [INFO] [1790937506.817152544] [sp_decision]: [DecisionEngine] SUCCEEDED – restarting
[sp_decision_node-6] [INFO] [1790937506.915746764] [sp_decision]: [DecisionEngine] SUCCEEDED – restarting
[sp_decision_node-6] [INFO] [1790937507.017825421] [sp_decision]: [DecisionEngine] SUCCEEDED – restarting
[sp_decision_node-6] [INFO] [1790937507.116255625] [sp_decision]: [DecisionEngine] SUCCEEDED – restarting
[sp_decision_node-6] [INFO] [1790937507.215767189] [sp_decision]: [DecisionEngine] SUCCEEDED – restarting
[sp_decision_node-6] [INFO] [1790937507.316774378] [sp_decision]: [DecisionEngine] SUCCEEDED – restarting
[sp_decision_node-6] [INFO] [1790937507.416209660] [sp_decision]: [DecisionEngine] SUCCEEDED – restarting
[sp_decision_node-6] [INFO] [1790937507.515880134] [sp_decision]: [DecisionEngine] SUCCEEDED – restarting
[sp_decision_node-6] [INFO] [1790937507.616459978] [sp_decision]: [DecisionEngine] SUCCEEDED – restarting
[sp_decision_node-6] [INFO] [1790937507.716257652] [sp_decision]: [DecisionEngine] SUCCEEDED – restarting
[sp_decision_node-6] [INFO] [1790937507.815760440] [sp_decision]: [DecisionEngine] SUCCEEDED – restarting
[sp_decision_node-6] [INFO] [1790937507.916067668] [sp_decision]: [DecisionEngine] SUCCEEDED – restarting
[sp_decision_node-6] [INFO] [1790937508.017063855] [sp_decision]: [DecisionEngine] SUCCEEDED – restarting
[sp_decision_node-6] [INFO] [1790937508.116283965] [sp_decision]: [DecisionEngine] SUCCEEDED – restarting
[sp_decision_node-6] [INFO] [1790937508.216413613] [sp_decision]: [DecisionEngine] SUCCEEDED – restarting
[sp_decision_node-6] [INFO] [1790937508.316121923] [sp_decision]: [DecisionEngine] SUCCEEDED – restarting
[sp_decision_node-6] [INFO] [1790937508.415922231] [sp_decision]: [DecisionEngine] SUCCEEDED – restarting
[sp_decision_node-6] [INFO] [1790937508.515983647] [sp_decision]: [DecisionEngine] SUCCEEDED – restarting
[sp_decision_node-6] [INFO] [1790937508.616493594] [sp_decision]: [DecisionEngine] SUCCEEDED – restarting
[sp_decision_node-6] [INFO] [1790937508.716393397] [sp_decision]: [DecisionEngine] SUCCEEDED – restarting
[sp_decision_node-6] [INFO] [1790937508.817260627] [sp_decision]: [DecisionEngine] SUCCEEDED – restarting
[sp_decision_node-6] [INFO] [1790937508.916844775] [sp_decision]: [DecisionEngine] SUCCEEDED – restarting
[sp_decision_node-6] [INFO] [1790937509.016639258] [sp_decision]: [DecisionEngine] SUCCEEDED – restarting
[sp_decision_node-6] [INFO] [1790937509.115914792] [sp_decision]: [DecisionEngine] SUCCEEDED – restarting
[sp_decision_node-6] [INFO] [1790937509.216119726] [sp_decision]: [DecisionEngine] SUCCEEDED – restarting
[sp_decision_node-6] [INFO] [1790937509.317890862] [sp_decision]: [DecisionEngine] SUCCEEDED – restarting
[sp_decision_node-6] [INFO] [1790937509.415753078] [sp_decision]: [DecisionEngine] SUCCEEDED – restarting
[sp_decision_node-6] [INFO] [1790937509.516210060] [sp_decision]: [DecisionEngine] SUCCEEDED – restarting
[sp_decision_node-6] [INFO] [1790937509.616170977] [sp_decision]: [DecisionEngine] SUCCEEDED – restarting
[sp_decision_node-6] [INFO] [1790937509.716138304] [sp_decision]: [DecisionEngine] SUCCEEDED – restarting
[sp_decision_node-6] [INFO] [1790937509.817981435] [sp_decision]: [DecisionEngine] SUCCEEDED – restarting
[sp_decision_node-6] [INFO] [1790937509.916362598] [sp_decision]: [DecisionEngine] SUCCEEDED – restarting
[sp_decision_node-6] [INFO] [1790937510.016667075] [sp_decision]: [DecisionEngine] SUCCEEDED – restarting
[sp_decision_node-6] [INFO] [1790937510.115726029] [sp_decision]: [DecisionEngine] SUCCEEDED – restarting
[sp_decision_node-6] [INFO] [1790937510.216007313] [sp_decision]: [DecisionEngine] SUCCEEDED – restarting
[sp_decision_node-6] [INFO] [1790937510.315927117] [sp_decision]: [DecisionEngine] SUCCEEDED – restarting
[sp_decision_node-6] [INFO] [1790937510.415911612] [sp_decision]: [DecisionEngine] SUCCEEDED – restarting
[sp_decision_node-6] [INFO] [1790937510.515877402] [sp_decision]: [DecisionEngine] SUCCEEDED – restarting
[sp_decision_node-6] [INFO] [1790937510.616351068] [sp_decision]: [DecisionEngine] SUCCEEDED – restarting
[sp_decision_node-6] [INFO] [1790937510.716285068] [sp_decision]: [DecisionEngine] SUCCEEDED – restarting
[sp_decision_node-6] [INFO] [1790937510.816812444] [sp_decision]: [DecisionEngine] SUCCEEDED – restarting
[sp_decision_node-6] [INFO] [1790937510.915870717] [sp_decision]: [DecisionEngine] SUCCEEDED – restarting
[sp_decision_node-6] [INFO] [1790937511.016141795] [sp_decision]: [DecisionEngine] SUCCEEDED – restarting
[sp_decision_node-6] [INFO] [1790937511.116187772] [sp_decision]: [DecisionEngine] SUCCEEDED – restarting
[sp_decision_node-6] [INFO] [1790937511.216821401] [sp_decision]: [DecisionEngine] SUCCEEDED – restarting
[sp_decision_node-6] [INFO] [1790937511.316827462] [sp_decision]: [DecisionEngine] SUCCEEDED – restarting
[sp_decision_node-6] [INFO] [1790937511.416340329] [sp_decision]: [DecisionEngine] SUCCEEDED – restarting
[sp_decision_node-6] [INFO] [1790937511.516299063] [sp_decision]: [DecisionEngine] SUCCEEDED – restarting
[sp_decision_node-6] [INFO] [1790937511.615977068] [sp_decision]: [DecisionEngine] SUCCEEDED – restarting
[sp_decision_node-6] [INFO] [1790937511.716211339] [sp_decision]: [DecisionEngine] SUCCEEDED – restarting
[sp_decision_node-6] [INFO] [1790937511.816300947] [sp_decision]: [DecisionEngine] SUCCEEDED – restarting
[sp_decision_node-6] [INFO] [1790937511.915778086] [sp_decision]: [DecisionEngine] SUCCEEDED – restarting
[sp_decision_node-6] [INFO] [1790937512.015869618] [sp_decision]: [DecisionEngine] SUCCEEDED – restarting
[sp_decision_node-6] [INFO] [1790937512.116171115] [sp_decision]: [DecisionEngine] SUCCEEDED – restarting
[sp_decision_node-6] [INFO] [1790937512.215875396] [sp_decision]: [DecisionEngine] SUCCEEDED – restarting
[sp_decision_node-6] [INFO] [1790937512.317114931] [sp_decision]: [DecisionEngine] SUCCEEDED – restarting
[sp_decision_node-6] [INFO] [1790937512.415844179] [sp_decision]: [DecisionEngine] SUCCEEDED – restarting
[sp_decision_node-6] [INFO] [1790937512.516100775] [sp_decision]: [DecisionEngine] SUCCEEDED – restarting
[sp_decision_node-6] [INFO] [1790937512.616821011] [sp_decision]: [DecisionEngine] SUCCEEDED – restarting
[sp_decision_node-6] [INFO] [1790937512.716107189] [sp_decision]: [DecisionEngine] SUCCEEDED – restarting
[sp_decision_node-6] [INFO] [1790937512.815862155] [sp_decision]: [DecisionEngine] SUCCEEDED – restarting
[sp_decision_node-6] [INFO] [1790937512.915918857] [sp_decision]: [DecisionEngine] SUCCEEDED – restarting
[sp_decision_node-6] [INFO] [1790937513.016183915] [sp_decision]: [DecisionEngine] SUCCEEDED – restarting
[sp_decision_node-6] [INFO] [1790937513.116052580] [sp_decision]: [DecisionEngine] SUCCEEDED – restarting
[sp_decision_node-6] [INFO] [1790937513.216166904] [sp_decision]: [DecisionEngine] SUCCEEDED – restarting
[sp_decision_node-6] [INFO] [1790937513.316217569] [sp_decision]: [DecisionEngine] SUCCEEDED – restarting
[sp_decision_node-6] [INFO] [1790937513.416121730] [sp_decision]: [DecisionEngine] SUCCEEDED – restarting
[sp_decision_node-6] [INFO] [1790937513.516283313] [sp_decision]: [DecisionEngine] SUCCEEDED – restarting
[sp_decision_node-6] [INFO] [1790937513.615755019] [sp_decision]: [DecisionEngine] SUCCEEDED – restarting
[sp_decision_node-6] [INFO] [1790937513.716164430] [sp_decision]: [DecisionEngine] SUCCEEDED – restarting
[sp_decision_node-6] [INFO] [1790937513.816157347] [sp_decision]: [DecisionEngine] SUCCEEDED – restarting
[sp_decision_node-6] [INFO] [1790937513.915908742] [sp_decision]: [DecisionEngine] SUCCEEDED – restarting
[sp_decision_node-6] [INFO] [1790937514.015834081] [sp_decision]: [DecisionEngine] SUCCEEDED – restarting
[sp_decision_node-6] [INFO] [1790937514.116403809] [sp_decision]: [DecisionEngine] SUCCEEDED – restarting
[sp_decision_node-6] [INFO] [1790937514.216466530] [sp_decision]: [DecisionEngine] SUCCEEDED – restarting
[sp_decision_node-6] [INFO] [1790937514.316033735] [sp_decision]: [DecisionEngine] SUCCEEDED – restarting
[sp_decision_node-6] [INFO] [1790937514.415902684] [sp_decision]: [DecisionEngine] SUCCEEDED – restarting
[sp_decision_node-6] [INFO] [1790937514.516834840] [sp_decision]: [DecisionEngine] SUCCEEDED – restarting
[sp_decision_node-6] [INFO] [1790937514.616076977] [sp_decision]: [DecisionEngine] SUCCEEDED – restarting
[sp_decision_node-6] [INFO] [1790937514.715848334] [sp_decision]: [DecisionEngine] SUCCEEDED – restarting
[sp_decision_node-6] [INFO] [1790937514.816000532] [sp_decision]: [DecisionEngine] SUCCEEDED – restarting
[sp_decision_node-6] [INFO] [1790937514.915946806] [sp_decision]: [DecisionEngine] SUCCEEDED – restarting
[sp_decision_node-6] [INFO] [1790937515.016778913] [sp_decision]: [DecisionEngine] SUCCEEDED – restarting
[sp_decision_node-6] [INFO] [1790937515.116269729] [sp_decision]: [DecisionEngine] SUCCEEDED – restarting
[sp_decision_node-6] [INFO] [1790937515.215864828] [sp_decision]: [DecisionEngine] SUCCEEDED – restarting
[sp_decision_node-6] [INFO] [1790937515.316281657] [sp_decision]: [DecisionEngine] SUCCEEDED – restarting
[sp_decision_node-6] [INFO] [1790937515.415794319] [sp_decision]: [DecisionEngine] SUCCEEDED – restarting
[sp_decision_node-6] [INFO] [1790937515.515916362] [sp_decision]: [DecisionEngine] SUCCEEDED – restarting
[sp_decision_node-6] [INFO] [1790937515.615936781] [sp_decision]: [DecisionEngine] SUCCEEDED – restarting
[sp_decision_node-6] [INFO] [1790937515.715715900] [sp_decision]: [DecisionEngine] SUCCEEDED – restarting
[sp_decision_node-6] [INFO] [1790937515.815895811] [sp_decision]: [DecisionEngine] SUCCEEDED – restarting
[sp_decision_node-6] [INFO] [1790937515.916250088] [sp_decision]: [DecisionEngine] SUCCEEDED – restarting
[sp_decision_node-6] [INFO] [1790937516.017542268] [sp_decision]: [DecisionEngine] SUCCEEDED – restarting
[sp_decision_node-6] [INFO] [1790937516.115746712] [sp_decision]: [DecisionEngine] SUCCEEDED – restarting
[sp_decision_node-6] [INFO] [1790937516.217531255] [sp_decision]: [DecisionEngine] SUCCEEDED – restarting
[sp_decision_node-6] [INFO] [1790937516.315873191] [sp_decision]: [DecisionEngine] SUCCEEDED – restarting
[sp_decision_node-6] [INFO] [1790937516.416053288] [sp_decision]: [DecisionEngine] SUCCEEDED – restarting
[sp_decision_node-6] [INFO] [1790937516.516315207] [sp_decision]: [DecisionEngine] SUCCEEDED – restarting
[sp_decision_node-6] [INFO] [1790937516.616355599] [sp_decision]: [DecisionEngine] SUCCEEDED – restarting
[sp_decision_node-6] [INFO] [1790937516.715986436] [sp_decision]: [DecisionEngine] SUCCEEDED – restarting
[sp_decision_node-6] [INFO] [1790937516.815889522] [sp_decision]: [DecisionEngine] SUCCEEDED – restarting
[sp_decision_node-6] [INFO] [1790937516.916146507] [sp_decision]: [DecisionEngine] SUCCEEDED – restarting
[sp_decision_node-6] [INFO] [1790937517.016496721] [sp_decision]: [DecisionEngine] SUCCEEDED – restarting
[sp_decision_node-6] [INFO] [1790937517.116022238] [sp_decision]: [DecisionEngine] SUCCEEDED – restarting
[sp_decision_node-6] [INFO] [1790937517.216425543] [sp_decision]: [DecisionEngine] SUCCEEDED – restarting
[sp_decision_node-6] [INFO] [1790937517.315897605] [sp_decision]: [DecisionEngine] SUCCEEDED – restarting
[sp_decision_node-6] [INFO] [1790937517.416127933] [sp_decision]: [DecisionEngine] SUCCEEDED – restarting
[sp_decision_node-6] [INFO] [1790937517.516048024] [sp_decision]: [DecisionEngine] SUCCEEDED – restarting
[sp_decision_node-6] [INFO] [1790937517.616203128] [sp_decision]: [DecisionEngine] SUCCEEDED – restarting
[sp_decision_node-6] [INFO] [1790937517.716061088] [sp_decision]: [DecisionEngine] SUCCEEDED – restarting
[sp_decision_node-6] [INFO] [1790937517.816424089] [sp_decision]: [DecisionEngine] SUCCEEDED – restarting
[sp_decision_node-6] [INFO] [1790937517.915875733] [sp_decision]: [DecisionEngine] SUCCEEDED – restarting
[sp_decision_node-6] [INFO] [1790937518.016918350] [sp_decision]: [DecisionEngine] SUCCEEDED – restarting
[sp_decision_node-6] [INFO] [1790937518.116415847] [sp_decision]: [DecisionEngine] SUCCEEDED – restarting
[sp_decision_node-6] [INFO] [1790937518.216158149] [sp_decision]: [DecisionEngine] SUCCEEDED – restarting
[sp_decision_node-6] [INFO] [1790937518.315989407] [sp_decision]: [DecisionEngine] SUCCEEDED – restarting
[sp_decision_node-6] [INFO] [1790937518.415786151] [sp_decision]: [DecisionEngine] SUCCEEDED – restarting
[sp_decision_node-6] [INFO] [1790937518.515768729] [sp_decision]: [DecisionEngine] SUCCEEDED – restarting
[sp_decision_node-6] [INFO] [1790937518.615862570] [sp_decision]: [DecisionEngine] SUCCEEDED – restarting
[sp_decision_node-6] [INFO] [1790937518.716004781] [sp_decision]: [DecisionEngine] SUCCEEDED – restarting
[sp_decision_node-6] [INFO] [1790937518.816194695] [sp_decision]: [DecisionEngine] SUCCEEDED – restarting
[sp_decision_node-6] [INFO] [1790937518.916301454] [sp_decision]: [DecisionEngine] SUCCEEDED – restarting
[sp_decision_node-6] [INFO] [1790937519.016099956] [sp_decision]: [DecisionEngine] SUCCEEDED – restarting
[sp_decision_node-6] [INFO] [1790937519.116707123] [sp_decision]: [DecisionEngine] SUCCEEDED – restarting
[sp_decision_node-6] [INFO] [1790937519.215762729] [sp_decision]: [DecisionEngine] SUCCEEDED – restarting
[sp_decision_node-6] [INFO] [1790937519.316596433] [sp_decision]: [DecisionEngine] SUCCEEDED – restarting
[sp_decision_node-6] [INFO] [1790937519.416131816] [sp_decision]: [DecisionEngine] SUCCEEDED – restarting
[sp_decision_node-6] [INFO] [1790937519.516172637] [sp_decision]: [DecisionEngine] SUCCEEDED – restarting
[sp_decision_node-6] [INFO] [1790937519.616647073] [sp_decision]: [DecisionEngine] SUCCEEDED – restarting
[sp_decision_node-6] [INFO] [1790937519.716078147] [sp_decision]: [DecisionEngine] SUCCEEDED – restarting
[sp_decision_node-6] [INFO] [1790937519.816326874] [sp_decision]: [DecisionEngine] SUCCEEDED – restarting
[sp_decision_node-6] [INFO] [1790937519.916022930] [sp_decision]: [DecisionEngine] SUCCEEDED – restarting
[sp_decision_node-6] [INFO] [1790937520.016277983] [sp_decision]: [DecisionEngine] SUCCEEDED – restarting
[sp_decision_node-6] [INFO] [1790937520.116612485] [sp_decision]: [DecisionEngine] SUCCEEDED – restarting
[sp_decision_node-6] [INFO] [1790937520.215931148] [sp_decision]: [DecisionEngine] SUCCEEDED – restarting
[sp_decision_node-6] [INFO] [1790937520.316358322] [sp_decision]: [DecisionEngine] SUCCEEDED – restarting
[sp_decision_node-6] [INFO] [1790937520.416490083] [sp_decision]: [DecisionEngine] SUCCEEDED – restarting
[sp_decision_node-6] [INFO] [1790937520.517063764] [sp_decision]: [DecisionEngine] SUCCEEDED – restarting
[sp_decision_node-6] [INFO] [1790937520.616027483] [sp_decision]: [DecisionEngine] SUCCEEDED – restarting
[sp_decision_node-6] [INFO] [1790937520.716542044] [sp_decision]: [DecisionEngine] SUCCEEDED – restarting
[sp_decision_node-6] [INFO] [1790937520.816538469] [sp_decision]: [DecisionEngine] SUCCEEDED – restarting
[sp_decision_node-6] [INFO] [1790937520.916238785] [sp_decision]: [DecisionEngine] SUCCEEDED – restarting
[sp_decision_node-6] [INFO] [1790937521.015818394] [sp_decision]: [DecisionEngine] SUCCEEDED – restarting
[sp_decision_node-6] [INFO] [1790937521.116000456] [sp_decision]: [DecisionEngine] SUCCEEDED – restarting
[sp_decision_node-6] [INFO] [1790937521.216419687] [sp_decision]: [DecisionEngine] SUCCEEDED – restarting
[sp_decision_node-6] [INFO] [1790937521.318038752] [sp_decision]: [DecisionEngine] SUCCEEDED – restarting
[sp_decision_node-6] [INFO] [1790937521.415879703] [sp_decision]: [DecisionEngine] SUCCEEDED – restarting
[sp_decision_node-6] [INFO] [1790937521.516253807] [sp_decision]: [DecisionEngine] SUCCEEDED – restarting
[sp_decision_node-6] [INFO] [1790937521.616009589] [sp_decision]: [DecisionEngine] SUCCEEDED – restarting
[sp_decision_node-6] [INFO] [1790937521.715904830] [sp_decision]: [DecisionEngine] SUCCEEDED – restarting
[sp_decision_node-6] [INFO] [1790937521.816355831] [sp_decision]: [DecisionEngine] SUCCEEDED – restarting
[sp_decision_node-6] [INFO] [1790937521.916054007] [sp_decision]: [DecisionEngine] SUCCEEDED – restarting
[sp_decision_node-6] [INFO] [1790937522.017543225] [sp_decision]: [DecisionEngine] SUCCEEDED – restarting
[sp_decision_node-6] [INFO] [1790937522.115794229] [sp_decision]: [DecisionEngine] SUCCEEDED – restarting
[sp_decision_node-6] [INFO] [1790937522.215747884] [sp_decision]: [DecisionEngine] SUCCEEDED – restarting
[sp_decision_node-6] [INFO] [1790937522.315969124] [sp_decision]: [DecisionEngine] SUCCEEDED – restarting
[sp_decision_node-6] [INFO] [1790937522.416002947] [sp_decision]: [DecisionEngine] SUCCEEDED – restarting
[sp_decision_node-6] [INFO] [1790937522.515991952] [sp_decision]: [DecisionEngine] SUCCEEDED – restarting
[sp_decision_node-6] [INFO] [1790937522.616483297] [sp_decision]: [DecisionEngine] SUCCEEDED – restarting
[sp_decision_node-6] [INFO] [1790937522.717916068] [sp_decision]: [DecisionEngine] SUCCEEDED – restarting
[sp_decision_node-6] [INFO] [1790937522.815957806] [sp_decision]: [DecisionEngine] SUCCEEDED – restarting
[sp_decision_node-6] [INFO] [1790937522.915934543] [sp_decision]: [DecisionEngine] SUCCEEDED – restarting
[sp_decision_node-6] [INFO] [1790937523.016103555] [sp_decision]: [DecisionEngine] SUCCEEDED – restarting
[sp_decision_node-6] [INFO] [1790937523.116183666] [sp_decision]: [DecisionEngine] SUCCEEDED – restarting
[sp_decision_node-6] [INFO] [1790937523.216751448] [sp_decision]: [DecisionEngine] SUCCEEDED – restarting
[sp_decision_node-6] [INFO] [1790937523.316518330] [sp_decision]: [DecisionEngine] SUCCEEDED – restarting
[sp_decision_node-6] [INFO] [1790937523.416021384] [sp_decision]: [DecisionEngine] SUCCEEDED – restarting
[sp_decision_node-6] [INFO] [1790937523.516820595] [sp_decision]: [DecisionEngine] SUCCEEDED – restarting
[sp_decision_node-6] [INFO] [1790937523.617295970] [sp_decision]: [DecisionEngine] SUCCEEDED – restarting
[sp_decision_node-6] [INFO] [1790937523.716067308] [sp_decision]: [DecisionEngine] SUCCEEDED – restarting
[sp_decision_node-6] [INFO] [1790937523.816675324] [sp_decision]: [DecisionEngine] SUCCEEDED – restarting
[sp_decision_node-6] [INFO] [1790937523.916639761] [sp_decision]: [DecisionEngine] SUCCEEDED – restarting
[sp_decision_node-6] [INFO] [1790937524.016296294] [sp_decision]: [DecisionEngine] SUCCEEDED – restarting
[sp_decision_node-6] [INFO] [1790937524.116160570] [sp_decision]: [DecisionEngine] SUCCEEDED – restarting
[sp_decision_node-6] [INFO] [1790937524.215813611] [sp_decision]: [DecisionEngine] SUCCEEDED – restarting
[sp_decision_node-6] [INFO] [1790937524.316919072] [sp_decision]: [DecisionEngine] SUCCEEDED – restarting
[sp_decision_node-6] [INFO] [1790937524.416184809] [sp_decision]: [DecisionEngine] SUCCEEDED – restarting
[sp_decision_node-6] [INFO] [1790937524.516303680] [sp_decision]: [DecisionEngine] SUCCEEDED – restarting
[sp_decision_node-6] [INFO] [1790937524.615791545] [sp_decision]: [DecisionEngine] SUCCEEDED – restarting
[sp_decision_node-6] [INFO] [1790937524.716062777] [sp_decision]: [DecisionEngine] SUCCEEDED – restarting
[sp_decision_node-6] [INFO] [1790937524.816002308] [sp_decision]: [DecisionEngine] SUCCEEDED – restarting
[sp_decision_node-6] [INFO] [1790937524.916331987] [sp_decision]: [DecisionEngine] SUCCEEDED – restarting
[sp_decision_node-6] [INFO] [1790937525.016728302] [sp_decision]: [DecisionEngine] SUCCEEDED – restarting
[sp_decision_node-6] [INFO] [1790937525.116624056] [sp_decision]: [DecisionEngine] SUCCEEDED – restarting
[sp_decision_node-6] [INFO] [1790937525.216155177] [sp_decision]: [DecisionEngine] SUCCEEDED – restarting
[sp_decision_node-6] [INFO] [1790937525.316495862] [sp_decision]: [DecisionEngine] SUCCEEDED – restarting
[sp_decision_node-6] [INFO] [1790937525.416117250] [sp_decision]: [DecisionEngine] SUCCEEDED – restarting
[sp_decision_node-6] [INFO] [1790937525.516638548] [sp_decision]: [DecisionEngine] SUCCEEDED – restarting
[sp_decision_node-6] [INFO] [1790937525.616362370] [sp_decision]: [DecisionEngine] SUCCEEDED – restarting
[sp_decision_node-6] [INFO] [1790937525.716219854] [sp_decision]: [DecisionEngine] SUCCEEDED – restarting
[sp_decision_node-6] [INFO] [1790937525.816653536] [sp_decision]: [DecisionEngine] SUCCEEDED – restarting
[sp_decision_node-6] [INFO] [1790937525.915986717] [sp_decision]: [DecisionEngine] SUCCEEDED – restarting
[sp_decision_node-6] [INFO] [1790937526.016283236] [sp_decision]: [DecisionEngine] SUCCEEDED – restarting
[sp_decision_node-6] [INFO] [1790937526.115913583] [sp_decision]: [DecisionEngine] SUCCEEDED – restarting
[sp_decision_node-6] [INFO] [1790937526.216159864] [sp_decision]: [DecisionEngine] SUCCEEDED – restarting
[sp_decision_node-6] [INFO] [1790937526.316117524] [sp_decision]: [DecisionEngine] SUCCEEDED – restarting
[sp_decision_node-6] [INFO] [1790937526.415758364] [sp_decision]: [DecisionEngine] SUCCEEDED – restarting
[sp_decision_node-6] [INFO] [1790937526.516130222] [sp_decision]: [DecisionEngine] SUCCEEDED – restarting
[sp_decision_node-6] [INFO] [1790937526.615866553] [sp_decision]: [DecisionEngine] SUCCEEDED – restarting
[sp_decision_node-6] [INFO] [1790937526.715906915] [sp_decision]: [DecisionEngine] SUCCEEDED – restarting
[sp_decision_node-6] [INFO] [1790937526.816196115] [sp_decision]: [DecisionEngine] SUCCEEDED – restarting
[sp_decision_node-6] [INFO] [1790937526.916032532] [sp_decision]: [DecisionEngine] SUCCEEDED – restarting
[sp_decision_node-6] [INFO] [1790937527.016183349] [sp_decision]: [DecisionEngine] SUCCEEDED – restarting
[sp_decision_node-6] [INFO] [1790937527.116058111] [sp_decision]: [DecisionEngine] SUCCEEDED – restarting
[sp_decision_node-6] [INFO] [1790937527.216014868] [sp_decision]: [DecisionEngine] SUCCEEDED – restarting
[sp_decision_node-6] [INFO] [1790937527.316181239] [sp_decision]: [DecisionEngine] SUCCEEDED – restarting
[sp_decision_node-6] [INFO] [1790937527.416201959] [sp_decision]: [DecisionEngine] SUCCEEDED – restarting
[sp_decision_node-6] [INFO] [1790937527.516300768] [sp_decision]: [DecisionEngine] SUCCEEDED – restarting
[sp_decision_node-6] [INFO] [1790937527.615873686] [sp_decision]: [DecisionEngine] SUCCEEDED – restarting
[sp_decision_node-6] [INFO] [1790937527.716722664] [sp_decision]: [DecisionEngine] SUCCEEDED – restarting
[sp_decision_node-6] [INFO] [1790937527.816410043] [sp_decision]: [DecisionEngine] SUCCEEDED – restarting
[sp_decision_node-6] [INFO] [1790937527.916748289] [sp_decision]: [DecisionEngine] SUCCEEDED – restarting
[sp_decision_node-6] [INFO] [1790937528.016355835] [sp_decision]: [DecisionEngine] SUCCEEDED – restarting
[sp_decision_node-6] [INFO] [1790937528.115967989] [sp_decision]: [DecisionEngine] SUCCEEDED – restarting
[sp_decision_node-6] [INFO] [1790937528.217075763] [sp_decision]: [DecisionEngine] SUCCEEDED – restarting
[sp_decision_node-6] [INFO] [1790937528.316051727] [sp_decision]: [DecisionEngine] SUCCEEDED – restarting
[sp_decision_node-6] [INFO] [1790937528.417078712] [sp_decision]: [DecisionEngine] SUCCEEDED – restarting
[sp_decision_node-6] [INFO] [1790937528.516058033] [sp_decision]: [DecisionEngine] SUCCEEDED – restarting
[sp_decision_node-6] [INFO] [1790937528.615886244] [sp_decision]: [DecisionEngine] SUCCEEDED – restarting
[sp_decision_node-6] [INFO] [1790937528.716515258] [sp_decision]: [DecisionEngine] SUCCEEDED – restarting
[sp_decision_node-6] [INFO] [1790937528.816576305] [sp_decision]: [DecisionEngine] SUCCEEDED – restarting
[sp_decision_node-6] [INFO] [1790937528.916841401] [sp_decision]: [DecisionEngine] SUCCEEDED – restarting
[sp_decision_node-6] [INFO] [1790937529.018061985] [sp_decision]: [DecisionEngine] SUCCEEDED – restarting
[sp_decision_node-6] [INFO] [1790937529.116419954] [sp_decision]: [DecisionEngine] SUCCEEDED – restarting
[sp_decision_node-6] [INFO] [1790937529.216545630] [sp_decision]: [DecisionEngine] SUCCEEDED – restarting
[sp_decision_node-6] [INFO] [1790937529.316232771] [sp_decision]: [DecisionEngine] SUCCEEDED – restarting
[sp_decision_node-6] [INFO] [1790937529.415759647] [sp_decision]: [DecisionEngine] SUCCEEDED – restarting
[sp_decision_node-6] [INFO] [1790937529.516874471] [sp_decision]: [DecisionEngine] SUCCEEDED – restarting
[sp_decision_node-6] [INFO] [1790937529.616163440] [sp_decision]: [DecisionEngine] SUCCEEDED – restarting
[sp_decision_node-6] [INFO] [1790937529.715769762] [sp_decision]: [DecisionEngine] SUCCEEDED – restarting
[sp_decision_node-6] [INFO] [1790937529.816292528] [sp_decision]: [DecisionEngine] SUCCEEDED – restarting
[sp_decision_node-6] [INFO] [1790937529.916362701] [sp_decision]: [DecisionEngine] SUCCEEDED – restarting
[sp_decision_node-6] [INFO] [1790937530.017775085] [sp_decision]: [DecisionEngine] SUCCEEDED – restarting
[sp_decision_node-6] [INFO] [1790937530.116046722] [sp_decision]: [DecisionEngine] SUCCEEDED – restarting
[sp_decision_node-6] [INFO] [1790937530.215941658] [sp_decision]: [DecisionEngine] SUCCEEDED – restarting
[sp_decision_node-6] [INFO] [1790937530.316630386] [sp_decision]: [DecisionEngine] SUCCEEDED – restarting
[sp_decision_node-6] [INFO] [1790937530.416368969] [sp_decision]: [DecisionEngine] SUCCEEDED – restarting
[sp_decision_node-6] [INFO] [1790937530.515884259] [sp_decision]: [DecisionEngine] SUCCEEDED – restarting
[sp_decision_node-6] [INFO] [1790937530.615728607] [sp_decision]: [DecisionEngine] SUCCEEDED – restarting
[sp_decision_node-6] [INFO] [1790937530.716279923] [sp_decision]: [DecisionEngine] SUCCEEDED – restarting
[sp_decision_node-6] [INFO] [1790937530.816963875] [sp_decision]: [DecisionEngine] SUCCEEDED – restarting
[sp_decision_node-6] [INFO] [1790937530.916113766] [sp_decision]: [DecisionEngine] SUCCEEDED – restarting
[sp_decision_node-6] [INFO] [1790937531.016348121] [sp_decision]: [DecisionEngine] SUCCEEDED – restarting
[sp_decision_node-6] [INFO] [1790937531.116030396] [sp_decision]: [DecisionEngine] SUCCEEDED – restarting
[sp_decision_node-6] [INFO] [1790937531.216290580] [sp_decision]: [DecisionEngine] SUCCEEDED – restarting
[sp_decision_node-6] [INFO] [1790937531.316302951] [sp_decision]: [DecisionEngine] SUCCEEDED – restarting
[sp_decision_node-6] [INFO] [1790937531.416237559] [sp_decision]: [DecisionEngine] SUCCEEDED – restarting
[sp_decision_node-6] [INFO] [1790937531.516120602] [sp_decision]: [DecisionEngine] SUCCEEDED – restarting
[sp_decision_node-6] [INFO] [1790937531.616869822] [sp_decision]: [DecisionEngine] SUCCEEDED – restarting
[sp_decision_node-6] [INFO] [1790937531.715812131] [sp_decision]: [DecisionEngine] SUCCEEDED – restarting
[sp_decision_node-6] [INFO] [1790937531.816420903] [sp_decision]: [DecisionEngine] SUCCEEDED – restarting
[sp_decision_node-6] [INFO] [1790937531.915785919] [sp_decision]: [DecisionEngine] SUCCEEDED – restarting
[sp_decision_node-6] [INFO] [1790937532.016169976] [sp_decision]: [DecisionEngine] SUCCEEDED – restarting
[sp_decision_node-6] [INFO] [1790937532.116428481] [sp_decision]: [DecisionEngine] SUCCEEDED – restarting
[sp_decision_node-6] [INFO] [1790937532.216015455] [sp_decision]: [DecisionEngine] SUCCEEDED – restarting
[sp_decision_node-6] [INFO] [1790937532.316625855] [sp_decision]: [DecisionEngine] SUCCEEDED – restarting
[sp_decision_node-6] [INFO] [1790937532.415956590] [sp_decision]: [DecisionEngine] SUCCEEDED – restarting
[sp_decision_node-6] [INFO] [1790937532.516794477] [sp_decision]: [DecisionEngine] SUCCEEDED – restarting
[sp_decision_node-6] [INFO] [1790937532.615853765] [sp_decision]: [DecisionEngine] SUCCEEDED – restarting
[sp_decision_node-6] [INFO] [1790937532.716246827] [sp_decision]: [DecisionEngine] SUCCEEDED – restarting
[sp_decision_node-6] [INFO] [1790937532.817716947] [sp_decision]: [DecisionEngine] SUCCEEDED – restarting
[sp_decision_node-6] [INFO] [1790937532.916423040] [sp_decision]: [DecisionEngine] SUCCEEDED – restarting
[sp_decision_node-6] [INFO] [1790937533.016192779] [sp_decision]: [DecisionEngine] SUCCEEDED – restarting
[sp_decision_node-6] [INFO] [1790937533.116156272] [sp_decision]: [DecisionEngine] SUCCEEDED – restarting
[sp_decision_node-6] [INFO] [1790937533.216257447] [sp_decision]: [DecisionEngine] SUCCEEDED – restarting
[sp_decision_node-6] [INFO] [1790937533.316613815] [sp_decision]: [DecisionEngine] SUCCEEDED – restarting
[sp_decision_node-6] [INFO] [1790937533.416306788] [sp_decision]: [DecisionEngine] SUCCEEDED – restarting
[sp_decision_node-6] [INFO] [1790937533.516239225] [sp_decision]: [DecisionEngine] SUCCEEDED – restarting
[sp_decision_node-6] [INFO] [1790937533.615986112] [sp_decision]: [DecisionEngine] SUCCEEDED – restarting
[sp_decision_node-6] [INFO] [1790937533.716251257] [sp_decision]: [DecisionEngine] SUCCEEDED – restarting
[sp_decision_node-6] [INFO] [1790937533.816484555] [sp_decision]: [DecisionEngine] SUCCEEDED – restarting
[sp_decision_node-6] [INFO] [1790937533.915859571] [sp_decision]: [DecisionEngine] SUCCEEDED – restarting
[sp_decision_node-6] [INFO] [1790937534.015915877] [sp_decision]: [DecisionEngine] SUCCEEDED – restarting
[sp_decision_node-6] [INFO] [1790937534.116784744] [sp_decision]: [DecisionEngine] SUCCEEDED – restarting
[sp_decision_node-6] [INFO] [1790937534.215794963] [sp_decision]: [DecisionEngine] SUCCEEDED – restarting
[sp_decision_node-6] [INFO] [1790937534.315764696] [sp_decision]: [DecisionEngine] SUCCEEDED – restarting
[sp_decision_node-6] [INFO] [1790937534.416163309] [sp_decision]: [DecisionEngine] SUCCEEDED – restarting
[sp_decision_node-6] [INFO] [1790937534.515775293] [sp_decision]: [DecisionEngine] SUCCEEDED – restarting
[sp_decision_node-6] [INFO] [1790937534.616159395] [sp_decision]: [DecisionEngine] SUCCEEDED – restarting
[sp_decision_node-6] [INFO] [1790937534.716379005] [sp_decision]: [DecisionEngine] SUCCEEDED – restarting
[sp_decision_node-6] [INFO] [1790937534.816244959] [sp_decision]: [DecisionEngine] SUCCEEDED – restarting
[sp_decision_node-6] [INFO] [1790937534.916033916] [sp_decision]: [DecisionEngine] SUCCEEDED – restarting
[sp_decision_node-6] [INFO] [1790937535.015744739] [sp_decision]: [DecisionEngine] SUCCEEDED – restarting
[sp_decision_node-6] [INFO] [1790937535.116008578] [sp_decision]: [DecisionEngine] SUCCEEDED – restarting
[sp_decision_node-6] [INFO] [1790937535.217115773] [sp_decision]: [DecisionEngine] SUCCEEDED – restarting
[sp_decision_node-6] [INFO] [1790937535.316048594] [sp_decision]: [DecisionEngine] SUCCEEDED – restarting
[sp_decision_node-6] [INFO] [1790937535.415792312] [sp_decision]: [DecisionEngine] SUCCEEDED – restarting
[sp_decision_node-6] [INFO] [1790937535.516427940] [sp_decision]: [DecisionEngine] SUCCEEDED – restarting
[sp_decision_node-6] [INFO] [1790937535.616261147] [sp_decision]: [DecisionEngine] SUCCEEDED – restarting
[sp_decision_node-6] [INFO] [1790937535.717005314] [sp_decision]: [DecisionEngine] SUCCEEDED – restarting
[sp_decision_node-6] [INFO] [1790937535.816631973] [sp_decision]: [DecisionEngine] SUCCEEDED – restarting
[sp_decision_node-6] [INFO] [1790937535.915664110] [sp_decision]: [DecisionEngine] SUCCEEDED – restarting
[sp_decision_node-6] [INFO] [1790937536.015955985] [sp_decision]: [DecisionEngine] SUCCEEDED – restarting
[sp_decision_node-6] [INFO] [1790937536.115892237] [sp_decision]: [DecisionEngine] SUCCEEDED – restarting
[sp_decision_node-6] [INFO] [1790937536.217301570] [sp_decision]: [DecisionEngine] SUCCEEDED – restarting
[sp_decision_node-6] [INFO] [1790937536.316504819] [sp_decision]: [DecisionEngine] SUCCEEDED – restarting
[sp_decision_node-6] [INFO] [1790937536.415957233] [sp_decision]: [DecisionEngine] SUCCEEDED – restarting
[sp_decision_node-6] [INFO] [1790937536.517977091] [sp_decision]: [DecisionEngine] SUCCEEDED – restarting
[sp_decision_node-6] [INFO] [1790937536.617128135] [sp_decision]: [DecisionEngine] SUCCEEDED – restarting
[sp_decision_node-6] [INFO] [1790937536.716829228] [sp_decision]: [DecisionEngine] SUCCEEDED – restarting
[sp_decision_node-6] [INFO] [1790937536.816247500] [sp_decision]: [DecisionEngine] SUCCEEDED – restarting
[sp_decision_node-6] [INFO] [1790937536.916059942] [sp_decision]: [DecisionEngine] SUCCEEDED – restarting
[sp_decision_node-6] [INFO] [1790937537.016177289] [sp_decision]: [DecisionEngine] SUCCEEDED – restarting
[sp_decision_node-6] [INFO] [1790937537.116193800] [sp_decision]: [DecisionEngine] SUCCEEDED – restarting
[sp_decision_node-6] [INFO] [1790937537.215981008] [sp_decision]: [DecisionEngine] SUCCEEDED – restarting
[sp_decision_node-6] [INFO] [1790937537.316345979] [sp_decision]: [DecisionEngine] SUCCEEDED – restarting
[sp_decision_node-6] [INFO] [1790937537.415807408] [sp_decision]: [DecisionEngine] SUCCEEDED – restarting
[sp_decision_node-6] [INFO] [1790937537.517476494] [sp_decision]: [DecisionEngine] SUCCEEDED – restarting
[sp_decision_node-6] [INFO] [1790937537.616827560] [sp_decision]: [DecisionEngine] SUCCEEDED – restarting
[sp_decision_node-6] [INFO] [1790937537.716820689] [sp_decision]: [DecisionEngine] SUCCEEDED – restarting
[sp_decision_node-6] [INFO] [1790937537.816249737] [sp_decision]: [DecisionEngine] SUCCEEDED – restarting
[sp_decision_node-6] [INFO] [1790937537.915750928] [sp_decision]: [DecisionEngine] SUCCEEDED – restarting
[sp_decision_node-6] [INFO] [1790937538.015927531] [sp_decision]: [DecisionEngine] SUCCEEDED – restarting
[sp_decision_node-6] [INFO] [1790937538.116177569] [sp_decision]: [DecisionEngine] SUCCEEDED – restarting
[sp_decision_node-6] [INFO] [1790937538.216529929] [sp_decision]: [DecisionEngine] SUCCEEDED – restarting
[sp_decision_node-6] [INFO] [1790937538.315718410] [sp_decision]: [DecisionEngine] SUCCEEDED – restarting
[sp_decision_node-6] [INFO] [1790937538.416810748] [sp_decision]: [DecisionEngine] SUCCEEDED – restarting
[sp_decision_node-6] [INFO] [1790937538.515814238] [sp_decision]: [DecisionEngine] SUCCEEDED – restarting
[sp_decision_node-6] [INFO] [1790937538.616291880] [sp_decision]: [DecisionEngine] SUCCEEDED – restarting
[sp_decision_node-6] [INFO] [1790937538.716112109] [sp_decision]: [DecisionEngine] SUCCEEDED – restarting
[sp_decision_node-6] [INFO] [1790937538.816867468] [sp_decision]: [DecisionEngine] SUCCEEDED – restarting
[sp_decision_node-6] [INFO] [1790937538.916302098] [sp_decision]: [DecisionEngine] SUCCEEDED – restarting
[sp_decision_node-6] [INFO] [1790937539.016381855] [sp_decision]: [DecisionEngine] SUCCEEDED – restarting
[sp_decision_node-6] [INFO] [1790937539.116242128] [sp_decision]: [DecisionEngine] SUCCEEDED – restarting
[sp_decision_node-6] [INFO] [1790937539.216265196] [sp_decision]: [DecisionEngine] SUCCEEDED – restarting
[sp_decision_node-6] [INFO] [1790937539.315947624] [sp_decision]: [DecisionEngine] SUCCEEDED – restarting
[sp_decision_node-6] [INFO] [1790937539.415934326] [sp_decision]: [DecisionEngine] SUCCEEDED – restarting
[sp_decision_node-6] [INFO] [1790937539.517328504] [sp_decision]: [DecisionEngine] SUCCEEDED – restarting
[sp_decision_node-6] [INFO] [1790937539.616043759] [sp_decision]: [DecisionEngine] SUCCEEDED – restarting
[sp_decision_node-6] [INFO] [1790937539.717237356] [sp_decision]: [DecisionEngine] SUCCEEDED – restarting
[sp_decision_node-6] [INFO] [1790937539.816387273] [sp_decision]: [DecisionEngine] SUCCEEDED – restarting
[sp_decision_node-6] [INFO] [1790937539.915902722] [sp_decision]: [DecisionEngine] SUCCEEDED – restarting
[sp_decision_node-6] [INFO] [1790937540.016562000] [sp_decision]: [DecisionEngine] SUCCEEDED – restarting
[sp_decision_node-6] [INFO] [1790937540.116444487] [sp_decision]: [DecisionEngine] SUCCEEDED – restarting
[sp_decision_node-6] [INFO] [1790937540.217070769] [sp_decision]: [DecisionEngine] SUCCEEDED – restarting
[sp_decision_node-6] [INFO] [1790937540.316082263] [sp_decision]: [DecisionEngine] SUCCEEDED – restarting
[sp_decision_node-6] [INFO] [1790937540.416017923] [sp_decision]: [DecisionEngine] SUCCEEDED – restarting
[sp_decision_node-6] [INFO] [1790937540.515911064] [sp_decision]: [DecisionEngine] SUCCEEDED – restarting
[sp_decision_node-6] [INFO] [1790937540.616762891] [sp_decision]: [DecisionEngine] SUCCEEDED – restarting
[sp_decision_node-6] [INFO] [1790937540.716071297] [sp_decision]: [DecisionEngine] SUCCEEDED – restarting
[sp_decision_node-6] [INFO] [1790937540.816519489] [sp_decision]: [DecisionEngine] SUCCEEDED – restarting
[sp_decision_node-6] [INFO] [1790937540.916203980] [sp_decision]: [DecisionEngine] SUCCEEDED – restarting
[sp_decision_node-6] [INFO] [1790937541.016243890] [sp_decision]: [DecisionEngine] SUCCEEDED – restarting
[sp_decision_node-6] [INFO] [1790937541.115923977] [sp_decision]: [DecisionEngine] SUCCEEDED – restarting
[sp_decision_node-6] [INFO] [1790937541.216020681] [sp_decision]: [DecisionEngine] SUCCEEDED – restarting
[sp_decision_node-6] [INFO] [1790937541.315876487] [sp_decision]: [DecisionEngine] SUCCEEDED – restarting
[sp_decision_node-6] [INFO] [1790937541.417458876] [sp_decision]: [DecisionEngine] SUCCEEDED – restarting
[sp_decision_node-6] [INFO] [1790937541.516067893] [sp_decision]: [DecisionEngine] SUCCEEDED – restarting
[sp_decision_node-6] [INFO] [1790937541.616990200] [sp_decision]: [DecisionEngine] SUCCEEDED – restarting
[sp_decision_node-6] [INFO] [1790937541.716242427] [sp_decision]: [DecisionEngine] SUCCEEDED – restarting
[sp_decision_node-6] [INFO] [1790937541.816380011] [sp_decision]: [DecisionEngine] SUCCEEDED – restarting
[sp_decision_node-6] [INFO] [1790937541.916033684] [sp_decision]: [DecisionEngine] SUCCEEDED – restarting
[sp_decision_node-6] [INFO] [1790937542.015824100] [sp_decision]: [DecisionEngine] SUCCEEDED – restarting
[sp_decision_node-6] [INFO] [1790937542.115970626] [sp_decision]: [DecisionEngine] SUCCEEDED – restarting
[sp_decision_node-6] [INFO] [1790937542.215857565] [sp_decision]: [DecisionEngine] SUCCEEDED – restarting
[sp_decision_node-6] [INFO] [1790937542.316572036] [sp_decision]: [DecisionEngine] SUCCEEDED – restarting
[sp_decision_node-6] [INFO] [1790937542.416332858] [sp_decision]: [DecisionEngine] SUCCEEDED – restarting
[sp_decision_node-6] [INFO] [1790937542.516194571] [sp_decision]: [DecisionEngine] SUCCEEDED – restarting
[sp_decision_node-6] [INFO] [1790937542.616511189] [sp_decision]: [DecisionEngine] SUCCEEDED – restarting
[sp_decision_node-6] [INFO] [1790937542.716269938] [sp_decision]: [DecisionEngine] SUCCEEDED – restarting
[sp_decision_node-6] [INFO] [1790937542.816360457] [sp_decision]: [DecisionEngine] SUCCEEDED – restarting
[sp_decision_node-6] [INFO] [1790937542.916404699] [sp_decision]: [DecisionEngine] SUCCEEDED – restarting
[sp_decision_node-6] [INFO] [1790937543.016125131] [sp_decision]: [DecisionEngine] SUCCEEDED – restarting
[sp_decision_node-6] [INFO] [1790937543.116516707] [sp_decision]: [DecisionEngine] SUCCEEDED – restarting
[sp_decision_node-6] [INFO] [1790937543.216298465] [sp_decision]: [DecisionEngine] SUCCEEDED – restarting
[sp_decision_node-6] [INFO] [1790937543.317485923] [sp_decision]: [DecisionEngine] SUCCEEDED – restarting
[sp_decision_node-6] [INFO] [1790937543.416081479] [sp_decision]: [DecisionEngine] SUCCEEDED – restarting
[sp_decision_node-6] [INFO] [1790937543.516193793] [sp_decision]: [DecisionEngine] SUCCEEDED – restarting
[sp_decision_node-6] [INFO] [1790937543.616290554] [sp_decision]: [DecisionEngine] SUCCEEDED – restarting
[sp_decision_node-6] [INFO] [1790937543.716199758] [sp_decision]: [DecisionEngine] SUCCEEDED – restarting
[sp_decision_node-6] [INFO] [1790937543.816694662] [sp_decision]: [DecisionEngine] SUCCEEDED – restarting
[sp_decision_node-6] [INFO] [1790937543.916170373] [sp_decision]: [DecisionEngine] SUCCEEDED – restarting
[sp_decision_node-6] [INFO] [1790937544.016019538] [sp_decision]: [DecisionEngine] SUCCEEDED – restarting
[sp_decision_node-6] [INFO] [1790937544.116096140] [sp_decision]: [DecisionEngine] SUCCEEDED – restarting
[sp_decision_node-6] [INFO] [1790937544.216107102] [sp_decision]: [DecisionEngine] SUCCEEDED – restarting
[sp_decision_node-6] [INFO] [1790937544.316026674] [sp_decision]: [DecisionEngine] SUCCEEDED – restarting
[sp_decision_node-6] [INFO] [1790937544.416711716] [sp_decision]: [DecisionEngine] SUCCEEDED – restarting
[sp_decision_node-6] [INFO] [1790937544.516203375] [sp_decision]: [DecisionEngine] SUCCEEDED – restarting
[sp_decision_node-6] [INFO] [1790937544.616471560] [sp_decision]: [DecisionEngine] SUCCEEDED – restarting
[sp_decision_node-6] [INFO] [1790937544.715986098] [sp_decision]: [DecisionEngine] SUCCEEDED – restarting
[sp_decision_node-6] [INFO] [1790937544.816902814] [sp_decision]: [DecisionEngine] SUCCEEDED – restarting
[sp_decision_node-6] [INFO] [1790937544.916190377] [sp_decision]: [DecisionEngine] SUCCEEDED – restarting
[sp_decision_node-6] [INFO] [1790937545.015969138] [sp_decision]: [DecisionEngine] SUCCEEDED – restarting
[sp_decision_node-6] [INFO] [1790937545.118086067] [sp_decision]: [DecisionEngine] SUCCEEDED – restarting
[sp_decision_node-6] [INFO] [1790937545.216053635] [sp_decision]: [DecisionEngine] SUCCEEDED – restarting
[sp_decision_node-6] [INFO] [1790937545.316311253] [sp_decision]: [DecisionEngine] SUCCEEDED – restarting
[sp_decision_node-6] [INFO] [1790937545.416162427] [sp_decision]: [DecisionEngine] SUCCEEDED – restarting
[sp_decision_node-6] [INFO] [1790937545.515695448] [sp_decision]: [DecisionEngine] SUCCEEDED – restarting
[sp_decision_node-6] [INFO] [1790937545.615934542] [sp_decision]: [DecisionEngine] SUCCEEDED – restarting
[sp_decision_node-6] [INFO] [1790937545.715910277] [sp_decision]: [DecisionEngine] SUCCEEDED – restarting
[sp_decision_node-6] [INFO] [1790937545.816373838] [sp_decision]: [DecisionEngine] SUCCEEDED – restarting
[sp_decision_node-6] [INFO] [1790937545.915876064] [sp_decision]: [DecisionEngine] SUCCEEDED – restarting
[sp_decision_node-6] [INFO] [1790937546.016551003] [sp_decision]: [DecisionEngine] SUCCEEDED – restarting
[sp_decision_node-6] [INFO] [1790937546.116018371] [sp_decision]: [DecisionEngine] SUCCEEDED – restarting
[sp_decision_node-6] [INFO] [1790937546.217017307] [sp_decision]: [DecisionEngine] SUCCEEDED – restarting
[sp_decision_node-6] [INFO] [1790937546.315901186] [sp_decision]: [DecisionEngine] SUCCEEDED – restarting
[sp_decision_node-6] [INFO] [1790937546.416307278] [sp_decision]: [DecisionEngine] SUCCEEDED – restarting
[sp_decision_node-6] [INFO] [1790937546.516298927] [sp_decision]: [DecisionEngine] SUCCEEDED – restarting
[sp_decision_node-6] [INFO] [1790937546.616093288] [sp_decision]: [DecisionEngine] SUCCEEDED – restarting
[sp_decision_node-6] [INFO] [1790937546.716038863] [sp_decision]: [DecisionEngine] SUCCEEDED – restarting
[sp_decision_node-6] [INFO] [1790937546.816233781] [sp_decision]: [DecisionEngine] SUCCEEDED – restarting
[sp_decision_node-6] [INFO] [1790937546.916049581] [sp_decision]: [DecisionEngine] SUCCEEDED – restarting
[sp_decision_node-6] [INFO] [1790937547.016763535] [sp_decision]: [DecisionEngine] SUCCEEDED – restarting
[sp_decision_node-6] [INFO] [1790937547.116279675] [sp_decision]: [DecisionEngine] SUCCEEDED – restarting
[sp_decision_node-6] [INFO] [1790937547.216249294] [sp_decision]: [DecisionEngine] SUCCEEDED – restarting
[sp_decision_node-6] [INFO] [1790937547.315819274] [sp_decision]: [DecisionEngine] SUCCEEDED – restarting
[sp_decision_node-6] [INFO] [1790937547.415926376] [sp_decision]: [DecisionEngine] SUCCEEDED – restarting
[sp_decision_node-6] [INFO] [1790937547.515880790] [sp_decision]: [DecisionEngine] SUCCEEDED – restarting
[sp_decision_node-6] [INFO] [1790937547.616165934] [sp_decision]: [DecisionEngine] SUCCEEDED – restarting
[sp_decision_node-6] [INFO] [1790937547.716390348] [sp_decision]: [DecisionEngine] SUCCEEDED – restarting
[sp_decision_node-6] [INFO] [1790937547.816207361] [sp_decision]: [DecisionEngine] SUCCEEDED – restarting
[sp_decision_node-6] [INFO] [1790937547.915956836] [sp_decision]: [DecisionEngine] SUCCEEDED – restarting
[sp_decision_node-6] [INFO] [1790937548.016315379] [sp_decision]: [DecisionEngine] SUCCEEDED – restarting
[sp_decision_node-6] [INFO] [1790937548.116187971] [sp_decision]: [DecisionEngine] SUCCEEDED – restarting
[sp_decision_node-6] [INFO] [1790937548.217091572] [sp_decision]: [DecisionEngine] SUCCEEDED – restarting
[sp_decision_node-6] [INFO] [1790937548.316462013] [sp_decision]: [DecisionEngine] SUCCEEDED – restarting
[sp_decision_node-6] [INFO] [1790937548.416350459] [sp_decision]: [DecisionEngine] SUCCEEDED – restarting
[sp_decision_node-6] [INFO] [1790937548.515891436] [sp_decision]: [DecisionEngine] SUCCEEDED – restarting
[sp_decision_node-6] [INFO] [1790937548.615924779] [sp_decision]: [DecisionEngine] SUCCEEDED – restarting
[sp_decision_node-6] [INFO] [1790937548.716059006] [sp_decision]: [DecisionEngine] SUCCEEDED – restarting
[sp_decision_node-6] [INFO] [1790937548.816618434] [sp_decision]: [DecisionEngine] SUCCEEDED – restarting
[sp_decision_node-6] [INFO] [1790937548.916581565] [sp_decision]: [DecisionEngine] SUCCEEDED – restarting
[sp_decision_node-6] [INFO] [1790937549.016187279] [sp_decision]: [DecisionEngine] SUCCEEDED – restarting
[sp_decision_node-6] [INFO] [1790937549.116249800] [sp_decision]: [DecisionEngine] SUCCEEDED – restarting
[sp_decision_node-6] [INFO] [1790937549.215984536] [sp_decision]: [DecisionEngine] SUCCEEDED – restarting
[sp_decision_node-6] [INFO] [1790937549.316463125] [sp_decision]: [DecisionEngine] SUCCEEDED – restarting
[sp_decision_node-6] [INFO] [1790937549.415829519] [sp_decision]: [DecisionEngine] SUCCEEDED – restarting
[sp_decision_node-6] [INFO] [1790937549.516141076] [sp_decision]: [DecisionEngine] SUCCEEDED – restarting
[sp_decision_node-6] [INFO] [1790937549.617344614] [sp_decision]: [DecisionEngine] SUCCEEDED – restarting
[sp_decision_node-6] [INFO] [1790937549.716206013] [sp_decision]: [DecisionEngine] SUCCEEDED – restarting
[sp_decision_node-6] [INFO] [1790937549.815999952] [sp_decision]: [DecisionEngine] SUCCEEDED – restarting
[sp_decision_node-6] [INFO] [1790937549.916280652] [sp_decision]: [DecisionEngine] SUCCEEDED – restarting
[sp_decision_node-6] [INFO] [1790937550.016093542] [sp_decision]: [DecisionEngine] SUCCEEDED – restarting
[sp_decision_node-6] [INFO] [1790937550.115761724] [sp_decision]: [DecisionEngine] SUCCEEDED – restarting
[sp_decision_node-6] [INFO] [1790937550.215943923] [sp_decision]: [DecisionEngine] SUCCEEDED – restarting
[sp_decision_node-6] [INFO] [1790937550.316290460] [sp_decision]: [DecisionEngine] SUCCEEDED – restarting
[sp_decision_node-6] [INFO] [1790937550.418068463] [sp_decision]: [DecisionEngine] SUCCEEDED – restarting
[sp_decision_node-6] [INFO] [1790937550.516001188] [sp_decision]: [DecisionEngine] SUCCEEDED – restarting
[sp_decision_node-6] [INFO] [1790937550.616514512] [sp_decision]: [DecisionEngine] SUCCEEDED – restarting
[sp_decision_node-6] [INFO] [1790937550.716023862] [sp_decision]: [DecisionEngine] SUCCEEDED – restarting
[sp_decision_node-6] [INFO] [1790937550.816169740] [sp_decision]: [DecisionEngine] SUCCEEDED – restarting
[sp_decision_node-6] [INFO] [1790937550.916012208] [sp_decision]: [DecisionEngine] SUCCEEDED – restarting
[sp_decision_node-6] [INFO] [1790937551.016015936] [sp_decision]: [DecisionEngine] SUCCEEDED – restarting
[sp_decision_node-6] [INFO] [1790937551.116120614] [sp_decision]: [DecisionEngine] SUCCEEDED – restarting
[sp_decision_node-6] [INFO] [1790937551.215871566] [sp_decision]: [DecisionEngine] SUCCEEDED – restarting
[sp_decision_node-6] [INFO] [1790937551.316232133] [sp_decision]: [DecisionEngine] SUCCEEDED – restarting
[sp_decision_node-6] [INFO] [1790937551.415990799] [sp_decision]: [DecisionEngine] SUCCEEDED – restarting
[sp_decision_node-6] [INFO] [1790937551.515971014] [sp_decision]: [DecisionEngine] SUCCEEDED – restarting
[sp_decision_node-6] [INFO] [1790937551.615824740] [sp_decision]: [DecisionEngine] SUCCEEDED – restarting
[sp_decision_node-6] [INFO] [1790937551.718110706] [sp_decision]: [DecisionEngine] SUCCEEDED – restarting
[sp_decision_node-6] [INFO] [1790937551.816854440] [sp_decision]: [DecisionEngine] SUCCEEDED – restarting
[sp_decision_node-6] [INFO] [1790937551.916115722] [sp_decision]: [DecisionEngine] SUCCEEDED – restarting
[sp_decision_node-6] [INFO] [1790937552.016577723] [sp_decision]: [DecisionEngine] SUCCEEDED – restarting
[sp_decision_node-6] [INFO] [1790937552.116198573] [sp_decision]: [DecisionEngine] SUCCEEDED – restarting
[sp_decision_node-6] [INFO] [1790937552.216121754] [sp_decision]: [DecisionEngine] SUCCEEDED – restarting
[sp_decision_node-6] [INFO] [1790937552.318018375] [sp_decision]: [DecisionEngine] SUCCEEDED – restarting
[sp_decision_node-6] [INFO] [1790937552.416288323] [sp_decision]: [DecisionEngine] SUCCEEDED – restarting
[sp_decision_node-6] [INFO] [1790937552.515867688] [sp_decision]: [DecisionEngine] SUCCEEDED – restarting
[sp_decision_node-6] [INFO] [1790937552.616217346] [sp_decision]: [DecisionEngine] SUCCEEDED – restarting
[sp_decision_node-6] [INFO] [1790937552.715919112] [sp_decision]: [DecisionEngine] SUCCEEDED – restarting
[sp_decision_node-6] [INFO] [1790937552.815879787] [sp_decision]: [DecisionEngine] SUCCEEDED – restarting
[sp_decision_node-6] [INFO] [1790937552.916041205] [sp_decision]: [DecisionEngine] SUCCEEDED – restarting
[sp_decision_node-6] [INFO] [1790937553.016198513] [sp_decision]: [DecisionEngine] SUCCEEDED – restarting
[sp_decision_node-6] [INFO] [1790937553.116650637] [sp_decision]: [DecisionEngine] SUCCEEDED – restarting
[sp_decision_node-6] [INFO] [1790937553.216340842] [sp_decision]: [DecisionEngine] SUCCEEDED – restarting
[sp_decision_node-6] [INFO] [1790937553.315996956] [sp_decision]: [DecisionEngine] SUCCEEDED – restarting
[sp_decision_node-6] [INFO] [1790937553.415889767] [sp_decision]: [DecisionEngine] SUCCEEDED – restarting
[sp_decision_node-6] [INFO] [1790937553.515955122] [sp_decision]: [DecisionEngine] SUCCEEDED – restarting
[sp_decision_node-6] [INFO] [1790937553.616050580] [sp_decision]: [DecisionEngine] SUCCEEDED – restarting
[sp_decision_node-6] [INFO] [1790937553.716389198] [sp_decision]: [DecisionEngine] SUCCEEDED – restarting
[sp_decision_node-6] [INFO] [1790937553.816323079] [sp_decision]: [DecisionEngine] SUCCEEDED – restarting
[sp_decision_node-6] [INFO] [1790937553.915935829] [sp_decision]: [DecisionEngine] SUCCEEDED – restarting
[sp_decision_node-6] [INFO] [1790937554.015967671] [sp_decision]: [DecisionEngine] SUCCEEDED – restarting
[sp_decision_node-6] [INFO] [1790937554.117208993] [sp_decision]: [DecisionEngine] SUCCEEDED – restarting
[sp_decision_node-6] [INFO] [1790937554.217889390] [sp_decision]: [DecisionEngine] SUCCEEDED – restarting
[sp_decision_node-6] [INFO] [1790937554.319506441] [sp_decision]: [DecisionEngine] SUCCEEDED – restarting
[sp_decision_node-6] [INFO] [1790937554.417133109] [sp_decision]: [DecisionEngine] SUCCEEDED – restarting
[sp_decision_node-6] [INFO] [1790937554.516337599] [sp_decision]: [DecisionEngine] SUCCEEDED – restarting
[sp_decision_node-6] [INFO] [1790937554.616910813] [sp_decision]: [DecisionEngine] SUCCEEDED – restarting
[sp_decision_node-6] [INFO] [1790937554.716026226] [sp_decision]: [DecisionEngine] SUCCEEDED – restarting
[sp_decision_node-6] [INFO] [1790937554.817013304] [sp_decision]: [DecisionEngine] SUCCEEDED – restarting
[sp_decision_node-6] [INFO] [1790937554.916001099] [sp_decision]: [DecisionEngine] SUCCEEDED – restarting
[sp_decision_node-6] [INFO] [1790937555.015801856] [sp_decision]: [DecisionEngine] SUCCEEDED – restarting
[sp_decision_node-6] [INFO] [1790937555.115949768] [sp_decision]: [DecisionEngine] SUCCEEDED – restarting
[sp_decision_node-6] [INFO] [1790937555.215853818] [sp_decision]: [DecisionEngine] SUCCEEDED – restarting
[sp_decision_node-6] [INFO] [1790937555.315873335] [sp_decision]: [DecisionEngine] SUCCEEDED – restarting
[sp_decision_node-6] [INFO] [1790937555.415881691] [sp_decision]: [DecisionEngine] SUCCEEDED – restarting
[sp_decision_node-6] [INFO] [1790937555.515782205] [sp_decision]: [DecisionEngine] SUCCEEDED – restarting
[sp_decision_node-6] [INFO] [1790937555.618017827] [sp_decision]: [DecisionEngine] SUCCEEDED – restarting
[sp_decision_node-6] [INFO] [1790937555.716177384] [sp_decision]: [DecisionEngine] SUCCEEDED – restarting
[sp_decision_node-6] [INFO] [1790937555.816491364] [sp_decision]: [DecisionEngine] SUCCEEDED – restarting
[sp_decision_node-6] [INFO] [1790937555.915700007] [sp_decision]: [DecisionEngine] SUCCEEDED – restarting
[sp_decision_node-6] [INFO] [1790937556.016631281] [sp_decision]: [DecisionEngine] SUCCEEDED – restarting
[sp_decision_node-6] [INFO] [1790937556.115975466] [sp_decision]: [DecisionEngine] SUCCEEDED – restarting
[sp_decision_node-6] [INFO] [1790937556.216348610] [sp_decision]: [DecisionEngine] SUCCEEDED – restarting
[sp_decision_node-6] [INFO] [1790937556.318864905] [sp_decision]: [DecisionEngine] SUCCEEDED – restarting
[sp_decision_node-6] [INFO] [1790937556.416234393] [sp_decision]: [DecisionEngine] SUCCEEDED – restarting
[sp_decision_node-6] [INFO] [1790937556.516832464] [sp_decision]: [DecisionEngine] SUCCEEDED – restarting
[sp_decision_node-6] [INFO] [1790937556.616207075] [sp_decision]: [DecisionEngine] SUCCEEDED – restarting
[sp_decision_node-6] [INFO] [1790937556.716545726] [sp_decision]: [DecisionEngine] SUCCEEDED – restarting
[sp_decision_node-6] [INFO] [1790937556.816673476] [sp_decision]: [DecisionEngine] SUCCEEDED – restarting
[sp_decision_node-6] [INFO] [1790937556.916174699] [sp_decision]: [DecisionEngine] SUCCEEDED – restarting
[sp_decision_node-6] [INFO] [1790937557.016695785] [sp_decision]: [DecisionEngine] SUCCEEDED – restarting
[sp_decision_node-6] [INFO] [1790937557.115945385] [sp_decision]: [DecisionEngine] SUCCEEDED – restarting
[sp_decision_node-6] [INFO] [1790937557.216152392] [sp_decision]: [DecisionEngine] SUCCEEDED – restarting
[sp_decision_node-6] [INFO] [1790937557.315728226] [sp_decision]: [DecisionEngine] SUCCEEDED – restarting
[sp_decision_node-6] [INFO] [1790937557.415767987] [sp_decision]: [DecisionEngine] SUCCEEDED – restarting
[sp_decision_node-6] [INFO] [1790937557.516557041] [sp_decision]: [DecisionEngine] SUCCEEDED – restarting
[sp_decision_node-6] [INFO] [1790937557.616698475] [sp_decision]: [DecisionEngine] SUCCEEDED – restarting
[sp_decision_node-6] [INFO] [1790937557.716014278] [sp_decision]: [DecisionEngine] SUCCEEDED – restarting
[sp_decision_node-6] [INFO] [1790937557.816352136] [sp_decision]: [DecisionEngine] SUCCEEDED – restarting
[sp_decision_node-6] [INFO] [1790937557.916568977] [sp_decision]: [DecisionEngine] SUCCEEDED – restarting
[sp_decision_node-6] [INFO] [1790937558.016464788] [sp_decision]: [DecisionEngine] SUCCEEDED – restarting
[sp_decision_node-6] [INFO] [1790937558.115926937] [sp_decision]: [DecisionEngine] SUCCEEDED – restarting
[sp_decision_node-6] [INFO] [1790937558.216351504] [sp_decision]: [DecisionEngine] SUCCEEDED – restarting
[sp_decision_node-6] [INFO] [1790937558.316561984] [sp_decision]: [DecisionEngine] SUCCEEDED – restarting
[sp_decision_node-6] [INFO] [1790937558.416232781] [sp_decision]: [DecisionEngine] SUCCEEDED – restarting
[sp_decision_node-6] [INFO] [1790937558.516269617] [sp_decision]: [DecisionEngine] SUCCEEDED – restarting
[sp_decision_node-6] [INFO] [1790937558.616031448] [sp_decision]: [DecisionEngine] SUCCEEDED – restarting
[sp_decision_node-6] [INFO] [1790937558.715939824] [sp_decision]: [DecisionEngine] SUCCEEDED – restarting
[sp_decision_node-6] [INFO] [1790937558.816065341] [sp_decision]: [DecisionEngine] SUCCEEDED – restarting
[sp_decision_node-6] [INFO] [1790937558.916291109] [sp_decision]: [DecisionEngine] SUCCEEDED – restarting
[sp_decision_node-6] [INFO] [1790937559.016192342] [sp_decision]: [DecisionEngine] SUCCEEDED – restarting
[sp_decision_node-6] [INFO] [1790937559.116627491] [sp_decision]: [DecisionEngine] SUCCEEDED – restarting
[sp_decision_node-6] [INFO] [1790937559.216420908] [sp_decision]: [DecisionEngine] SUCCEEDED – restarting
[sp_decision_node-6] [INFO] [1790937559.317168817] [sp_decision]: [DecisionEngine] SUCCEEDED – restarting
[sp_decision_node-6] [INFO] [1790937559.415801485] [sp_decision]: [DecisionEngine] SUCCEEDED – restarting
[sp_decision_node-6] [INFO] [1790937559.516310717] [sp_decision]: [DecisionEngine] SUCCEEDED – restarting
[sp_decision_node-6] [INFO] [1790937559.618101704] [sp_decision]: [DecisionEngine] SUCCEEDED – restarting
[sp_decision_node-6] [INFO] [1790937559.717073953] [sp_decision]: [DecisionEngine] SUCCEEDED – restarting
[sp_decision_node-6] [INFO] [1790937559.817161075] [sp_decision]: [DecisionEngine] SUCCEEDED – restarting
[sp_decision_node-6] [INFO] [1790937559.915785593] [sp_decision]: [DecisionEngine] SUCCEEDED – restarting
[sp_decision_node-6] [INFO] [1790937560.016317823] [sp_decision]: [DecisionEngine] SUCCEEDED – restarting
[sp_decision_node-6] [INFO] [1790937560.116389563] [sp_decision]: [DecisionEngine] SUCCEEDED – restarting
[sp_decision_node-6] [INFO] [1790937560.215853363] [sp_decision]: [DecisionEngine] SUCCEEDED – restarting
[sp_decision_node-6] [INFO] [1790937560.316614497] [sp_decision]: [DecisionEngine] SUCCEEDED – restarting
[sp_decision_node-6] [INFO] [1790937560.416186877] [sp_decision]: [DecisionEngine] SUCCEEDED – restarting
[sp_decision_node-6] [INFO] [1790937560.516184828] [sp_decision]: [DecisionEngine] SUCCEEDED – restarting
[sp_decision_node-6] [INFO] [1790937560.616895284] [sp_decision]: [DecisionEngine] SUCCEEDED – restarting
[sp_decision_node-6] [INFO] [1790937560.716527060] [sp_decision]: [DecisionEngine] SUCCEEDED – restarting
[sp_decision_node-6] [INFO] [1790937560.816053031] [sp_decision]: [DecisionEngine] SUCCEEDED – restarting
[sp_decision_node-6] [INFO] [1790937560.916133115] [sp_decision]: [DecisionEngine] SUCCEEDED – restarting
[sp_decision_node-6] [INFO] [1790937561.016248249] [sp_decision]: [DecisionEngine] SUCCEEDED – restarting
[sp_decision_node-6] [INFO] [1790937561.115944881] [sp_decision]: [DecisionEngine] SUCCEEDED – restarting
[sp_decision_node-6] [INFO] [1790937561.215920715] [sp_decision]: [DecisionEngine] SUCCEEDED – restarting
[sp_decision_node-6] [INFO] [1790937561.316463251] [sp_decision]: [DecisionEngine] SUCCEEDED – restarting
[sp_decision_node-6] [INFO] [1790937561.416339681] [sp_decision]: [DecisionEngine] SUCCEEDED – restarting
[sp_decision_node-6] [INFO] [1790937561.516217614] [sp_decision]: [DecisionEngine] SUCCEEDED – restarting
[sp_decision_node-6] [INFO] [1790937561.616463376] [sp_decision]: [DecisionEngine] SUCCEEDED – restarting
[WARNING] [launch]: user interrupted with ctrl-c (SIGINT)
[INFO] [nav_interface_node-7]: sending signal 'SIGINT' to process[nav_interface_node-7]
[INFO] [sp_decision_node-6]: sending signal 'SIGINT' to process[sp_decision_node-6]
[INFO] [controller_node-5]: sending signal 'SIGINT' to process[controller_node-5]
[INFO] [planner_server-4]: sending signal 'SIGINT' to process[planner_server-4]
[INFO] [esdf_map_publisher-3]: sending signal 'SIGINT' to process[esdf_map_publisher-3]
[INFO] [sim_robot-2]: sending signal 'SIGINT' to process[sim_robot-2]
[INFO] [static_transform_publisher-1]: sending signal 'SIGINT' to process[static_transform_publisher-1]
[sp_decision_node-6] [INFO] [1790937561.639183457] [rclcpp]: signal_handler(SIGINT/SIGTERM)
[sp_decision_node-6] [INFO] [1790937561.644008659] [sp_decision]: [DecisionEngine] Stopped.
[ERROR] [planner_server-4]: process has died [pid 69418, exit code -2, cmd '/home/zrj/nav_final_project/install/sp_global_planner/lib/sp_global_planner/planner_server --ros-args -r __node:=planner_server --params-file /home/zrj/nav_final_project/install/sp_nav_bringup/share/sp_nav_bringup/config/nav_params.yaml --params-file /tmp/launch_params_a9morh6r'].
[static_transform_publisher-1] [INFO] [1790937561.639010988] [rclcpp]: signal_handler(SIGINT/SIGTERM)
[nav_interface_node-7] [INFO] [1790937561.639045470] [rclcpp]: signal_handler(SIGINT/SIGTERM)
[esdf_map_publisher-3] [INFO] [1790937561.639108218] [rclcpp]: signal_handler(SIGINT/SIGTERM)
[controller_node-5] [INFO] [1790937561.641684789] [rclcpp]: signal_handler(SIGINT/SIGTERM)
[ERROR] [controller_node-5]: process has died [pid 69420, exit code -2, cmd '/home/zrj/nav_final_project/install/sp_controller_server/lib/sp_controller_server/controller_node --ros-args -r __node:=controller_server --params-file /home/zrj/nav_final_project/install/sp_nav_bringup/share/sp_nav_bringup/config/nav_params.yaml --params-file /tmp/launch_params_rleml3qk'].
[planner_server-4] [INFO] [1790937561.642287816] [rclcpp]: signal_handler(SIGINT/SIGTERM)
[nav_interface_node-7] [INFO] [1790937561.655626346] [rclcpp]: signal_handler(SIGINT/SIGTERM)
[sp_decision_node-6] [INFO] [1790937561.657165355] [rclcpp]: signal_handler(SIGINT/SIGTERM)
[esdf_map_publisher-3] [INFO] [1790937561.667962024] [rclcpp]: signal_handler(SIGINT/SIGTERM)
[sim_robot-2] Traceback (most recent call last):
[sim_robot-2]   File "/home/zrj/nav_final_project/install/sp_nav_sim/lib/sp_nav_sim/sim_robot", line 33, in <module>
[sim_robot-2]     sys.exit(load_entry_point('sp-nav-sim', 'console_scripts', 'sim_robot')())
[sim_robot-2]   File "/home/zrj/nav_final_project/build/sp_nav_sim/sp_nav_sim/sim_robot_node.py", line 599, in main
[sim_robot-2]     rclpy.shutdown()
[sim_robot-2]   File "/opt/ros/humble/local/lib/python3.10/dist-packages/rclpy/__init__.py", line 130, in shutdown
[ERROR] [static_transform_publisher-1]: process has died [pid 69412, exit code -2, cmd '/opt/ros/humble/lib/tf2_ros/static_transform_publisher 0 0.15 0 0 0 0 base_link livox_frame --ros-args'].
[sim_robot-2]     _shutdown(context=context)
[sim_robot-2]   File "/opt/ros/humble/local/lib/python3.10/dist-packages/rclpy/utilities.py", line 58, in shutdown
[sim_robot-2]     return context.shutdown()
[sim_robot-2]   File "/opt/ros/humble/local/lib/python3.10/dist-packages/rclpy/context.py", line 102, in shutdown
[sim_robot-2]     self.__context.shutdown()
[sim_robot-2] rclpy._rclpy_pybind11.RCLError: failed to shutdown: rcl_shutdown already called on the given context, at ./src/rcl/init.c:241
[sim_robot-2] Error in sys.excepthook:
[sim_robot-2] Traceback (most recent call last):
[sim_robot-2]   File "/usr/lib/python3/dist-packages/apport_python_hook.py", line 72, in apport_excepthook
[sim_robot-2]     from apport.fileutils import likely_packaged, get_recent_crashes
[sim_robot-2]   File "/usr/lib/python3/dist-packages/apport/__init__.py", line 5, in <module>
[sim_robot-2]     from apport.report import Report
[sim_robot-2]   File "/usr/lib/python3/dist-packages/apport/report.py", line 15, in <module>
[sim_robot-2]     import xml.dom, xml.dom.minidom
[sim_robot-2]   File "/usr/lib/python3.10/xml/dom/minidom.py", line 22, in <module>
[sim_robot-2]     from xml.dom.minicompat import *
[sim_robot-2]   File "/usr/lib/python3.10/xml/dom/minicompat.py", line 74, in <module>
[sim_robot-2]     class EmptyNodeList(tuple):
[sim_robot-2] KeyboardInterrupt
[sim_robot-2] 
[sim_robot-2] Original exception was:
[sim_robot-2] Traceback (most recent call last):
[sim_robot-2]   File "/home/zrj/nav_final_project/install/sp_nav_sim/lib/sp_nav_sim/sim_robot", line 33, in <module>
[sim_robot-2]     sys.exit(load_entry_point('sp-nav-sim', 'console_scripts', 'sim_robot')())
[sim_robot-2]   File "/home/zrj/nav_final_project/build/sp_nav_sim/sp_nav_sim/sim_robot_node.py", line 599, in main
[sim_robot-2]     rclpy.shutdown()
[sim_robot-2]   File "/opt/ros/humble/local/lib/python3.10/dist-packages/rclpy/__init__.py", line 130, in shutdown
[sim_robot-2]     _shutdown(context=context)
[sim_robot-2]   File "/opt/ros/humble/local/lib/python3.10/dist-packages/rclpy/utilities.py", line 58, in shutdown
[sim_robot-2]     return context.shutdown()
[sim_robot-2]   File "/opt/ros/humble/local/lib/python3.10/dist-packages/rclpy/context.py", line 102, in shutdown
[sim_robot-2]     self.__context.shutdown()
[sim_robot-2] rclpy._rclpy_pybind11.RCLError: failed to shutdown: rcl_shutdown already called on the given context, at ./src/rcl/init.c:241
[INFO] [nav_interface_node-7]: process has finished cleanly [pid 69424]
[INFO] [esdf_map_publisher-3]: process has finished cleanly [pid 69416]
[ERROR] [sim_robot-2]: process has died [pid 69414, exit code 1, cmd '/home/zrj/nav_final_project/install/sp_nav_sim/lib/sp_nav_sim/sim_robot --ros-args -r __node:=sim_robot_node --params-file /home/zrj/nav_final_project/install/sp_nav_sim/share/sp_nav_sim/config/sim_robot.yaml'].
[ERROR] [sp_decision_node-6]: process[sp_decision_node-6] failed to terminate '5' seconds after receiving 'SIGINT', escalating to 'SIGTERM'
[INFO] [sp_decision_node-6]: sending signal 'SIGTERM' to process[sp_decision_node-6]
[sp_decision_node-6] [INFO] [1790937566.654266075] [rclcpp]: signal_handler(SIGINT/SIGTERM)
[ERROR] [sp_decision_node-6]: process[sp_decision_node-6] failed to terminate '10.0' seconds after receiving 'SIGTERM', escalating to 'SIGKILL'
[INFO] [sp_decision_node-6]: sending signal 'SIGKILL' to process[sp_decision_node-6]
[ERROR] [sp_decision_node-6]: process has died [pid 69422, exit code -9, cmd '/home/zrj/nav_final_project/install/sp_decision/lib/sp_decision/sp_decision_node --ros-args -r __node:=sp_decision --params-file /home/zrj/nav_final_project/install/sp_nav_bringup/share/sp_nav_bringup/config/nav_params.yaml --params-file /tmp/launch_params_zu7rlnr0'].
