time_s,x_m,y_m,vx_mps,vy_mps,cmd_x_mps,cmd_y_mps,goal_error_m,initial_path_error_m,initial_raw_path_error_m,current_path_error_m,wall_clearance_m
0.03484837800169771,0.9,0.9,0.0,0.0,0.0,0.0,18.667619023324853,nan,nan,nan,0.75
0.060758522000469384,0.9,0.9,0.0,0.0,0.0,0.0,18.667619023324853,nan,nan,nan,0.75
0.09701435600072728,0.9,0.9,0.0,0.0,0.0,0.0,18.667619023324853,nan,nan,nan,0.75
0.12903578900113644,0.9,0.9,0.0,0.0,0.0,0.0,18.667619023324853,nan,nan,nan,0.75
0.1672289340003772,0.9,0.9,0.0,0.0,0.0,0.0,18.667619023324853,nan,nan,nan,0.75
0.19269505600095727,0.9,0.9,0.0,0.0,0.0,0.0,18.667619023324853,nan,nan,nan,0.75
0.3872066830008407,0.9,0.9,0.0,0.0,0.0,0.0,18.667619023324853,0.0,0.0,0.0,0.75
0.38886748700133467,0.9,0.9,0.0,0.0,0.03349546433031933,0.005835569320666607,18.667619023324853,0.0,0.0,0.0,0.75
0.390804308000952,0.9,0.9,0.0,0.0,0.06452874762842709,0.013425494265554932,18.667619023324853,0.0,0.0,0.0,0.75
0.3926701870004763,0.9,0.9,0.0,0.0,0.0985227746299016,0.01706863875192608,18.667619023324853,0.0,0.0,0.0,0.75
0.5243714590014861,0.9,0.9,0.0,0.0,0.30018498670342714,0.05190795876821734,18.667619023324853,0.0,0.0,0.0,0.75
0.5268358800003625,0.9,0.9,0.0,0.0,0.334408861578229,0.05781989520934881,18.667619023324853,0.0,0.0,0.0,0.75
0.5296958630005975,0.9000277423395004,0.9000071289984495,0.0008322701850134122,0.00021386995348241788,0.36473987074868225,0.07565771609476239,18.667594365571013,6.600401452478958e-07,1.4575833240050439e-05,6.600401452478958e-07,0.75
0.6662381620008091,0.9001187581148951,0.9000344132011151,0.002730473261839673,0.0008185260799673116,0.5343215064797104,0.09224788495907402,18.667510714943894,6.619939192639456e-06,5.964086049240055e-05,1.2677782048223354e-05,0.75
0.6695323590010958,0.9001187581148951,0.9000344132011151,0.002730473261839673,0.0008185260799673116,0.5646667935011775,0.11688255628556471,18.667510714943894,6.619939192639456e-06,5.964086049240055e-05,1.2677782048223354e-05,0.75
0.6720679730005941,0.9003280727473112,0.9000993574242138,0.006279438972485474,0.0019483266929613396,0.5979881523138039,0.1209098666510346,18.667316785252652,2.2466237165131773e-05,0.00016172615592346365,4.4003544268244106e-05,0.75
0.6741336070008401,0.9003280727473112,0.9000993574242138,0.006279438972485474,0.0019483266929613396,0.632273317892612,0.12383994438601025,18.667316785252652,2.2466237165131773e-05,0.00016172615592346365,4.4003544268244106e-05,0.75
0.8048635690010997,0.9007687916237357,0.9002236127327218,0.01322156629273594,0.0037276592552419304,0.6419067808617825,0.09628858376711821,18.666917291455295,4.3668765949537394e-05,0.00038549969079569666,8.500412625139684e-05,0.75
0.8068588400001317,0.9007687916237357,0.9002236127327218,0.01322156629273594,0.0037276592552419304,0.6262988076624797,0.11442492669739623,18.666917291455295,4.3668765949537394e-05,0.00038549969079569666,8.500412625139684e-05,0.75
0.882156378000218,0.9028515134947152,0.9008620637329775,0.037169422809249654,0.01170996024013315,0.5596088298758939,0.08076669543293413,18.664993180697174,0.00019378732231412266,0.0014067534173546532,0.0003892123116667772,0.75
0.9511967230009759,0.9028515134947152,0.9008620637329775,0.037169422809249654,0.01170996024013315,0.5443367837645617,0.11689532546502517,18.664993180697174,0.00019378732231412266,0.0014067534173546532,0.0003053634558048536,0.75
1.0172806740010856,0.9044629301599265,0.9014083885777034,0.04834249995634121,0.016389745341777687,0.5800074297676003,0.07121088727275604,18.663467499010746,0.00036092534184954314,0.0021598870662062186,0.00059333379196949,0.75
1.0800205640007334,0.9044629301599265,0.9014083885777034,0.04834249995634121,0.016389745341777687,0.5783789542383919,0.09070775015212207,18.663467499010746,0.00036092534184954314,0.0021598870662062186,0.0,0.75
1.1468679470017378,0.9067940398027547,0.9021879029729296,0.06993328928484636,0.023385431856785606,0.605168788533134,0.06721908450097872,18.661268114911646,0.0005921809683427207,0.00325703058744246,0.0004151903348031904,0.75
1.2199362150004163,0.9101944435953464,0.9032818613531491,0.10201211377775052,0.03281875140658616,0.6289946014712585,0.09069177593210717,18.658090476966123,0.0008875117106763391,0.004887933778967394,0.0,0.75
1.3537208380002994,0.9146841501933536,0.9047379449991042,0.1346911979402151,0.0436825093786509,0.723861327318833,0.04926131106220377,18.653886853932313,0.0012888276615745128,0.007033029139926599,0.013459572865923327,0.75
1.4878019650004717,0.9204488588152087,0.9066081552773916,0.1729412586556524,0.05610630834862054,0.8260457027933892,-0.01904514255104217,18.648489393285946,0.0018047175634215598,0.009786855327983094,0.03643160456262145,0.75
1.647828079001556,0.9448408397674974,0.914780007040618,0.2752878841367651,0.0933500495342469,1.0167165468085864,-0.22394680685603502,18.62547284752215,0.004735327693751099,0.01022000674295609,0.02232857092020857,0.75
1.7803583100012474,0.965973045343515,0.9219907605956714,0.3297493105351852,0.1132127920863191,1.0489508083337518,-0.22048755728386288,18.605445212610984,0.009093614076791974,0.003009253187902683,0.03977116900136713,0.75
1.9078505110010155,1.0034647094501843,0.9352618195680366,0.39458897962378703,0.1429426945950371,1.0779259386724396,-0.2708402699914043,18.569587178393057,0.01841173921201601,0.010261805784462452,0.04776466756639092,0.75
2.04045441100061,1.0486140360456357,0.9508503337918199,0.48334706078738243,0.15911228537801772,1.162143050259875,-0.3490318207901833,18.526705387748997,0.03100306420741751,0.02585032000824583,0.0375297697810244,0.7000000000000001
2.1604215480001585,1.0659878599062265,0.9560321755121978,0.5212147158177215,0.15545525161133436,1.1086869218752582,-0.4158552350773276,18.510790437992714,0.035348783952716276,0.031032161728623664,0.10961759316406466,0.7000000000000001
2.2804364880012145,1.1262489458861957,0.9708013021363134,0.6419818544367405,0.1467882775226133,1.0271212799938276,-0.4586281968105813,18.457900066424255,0.04813297568560423,0.04580128835273933,0.09983720645102422,0.7000000000000001
2.40484994200051,1.172920564418242,0.9801446916983685,0.7189394367389167,0.13749906547661567,0.8958910098215637,-0.4174533026580159,18.41846861290621,0.05662245833941351,0.05514467791479438,0.13855626170441793,0.7000000000000001
2.5269773350009928,1.280377972265447,0.9967078825470473,0.8552675212216614,0.11578353511424123,0.692271316632157,-0.40270125579989946,18.331365831527165,0.07215504538651862,0.07170786876347324,0.060590528475809535,0.7000000000000001
2.6840622530016844,1.3099999860483729,1.000320663126084,0.8886604134877771,0.10838341737110065,0.6922051166050192,-0.36921551776401684,18.308077427348945,0.07560797226319449,0.07532064934250982,0.12775058473488962,0.65
2.806009329000517,1.3405853848454268,1.0035107945266315,0.917561963911615,0.09570394201642561,0.525392319085003,-0.3806032655558378,18.284438488247336,0.07864791043850503,0.0785107807430574,0.1646506009226783,0.65
2.9262672630011366,1.4043298237939996,1.0088785206704276,0.9681703111816491,0.07492042414955068,0.3308809410426395,-0.3186770605549601,18.236159212114007,0.08373026769493576,0.0838785068868535,0.2323642227408578,0.65
3.04677459100094,1.5048739707557464,1.0144232151465773,1.020007754212424,0.0440813498390414,0.4236115267749579,-0.24193595769153853,18.162310411531926,0.08866030635326652,0.08942320136300319,0.16295340496821403,0.65
3.1654612030015414,1.6365644985057552,1.016636604937051,0.956474105301763,-0.0018405347223632122,0.5462704392709806,-0.048802440858751246,18.06963259801317,0.08874908894224139,0.09163659115347689,0.12173748507882784,0.65
3.2309683520015824,1.6678181614297936,1.0161561076171348,0.9376098877211501,-0.014414919597482463,0.45780234478529847,0.1203088170476159,18.04843805617315,0.08731253903083827,0.09115609383356071,0.09048651958627647,0.65
3.2916619130010076,1.6985052482372696,1.0152850469160508,0.9206126042242825,-0.026131821032522,0.42845867903260104,0.19706200476844798,18.02794601393784,0.08500870683306845,0.09028503313247671,0.14299146885607714,0.65
3.3509704010011774,1.7286757947484879,1.0141067030429116,0.9051163953365473,-0.035350316194178374,0.3712939492709896,0.21729417922369437,18.0080611385787,0.0820916485431264,0.08910668925933751,0.11280570811333261,0.65
3.4129862420013524,1.7582364772191852,1.0126435022240616,0.8868204741209165,-0.04389602456550142,0.38380743728424177,0.25170892366467573,17.9888306165832,0.07831656369396697,0.08764348844048753,0.1332498931243474,0.65
3.4161675190007372,1.7582364772191852,1.0126435022240616,0.8868204741209165,-0.04389602456550142,0.34656073438756607,0.24722628558303178,17.9888306165832,0.07831656369396697,0.08764348844048753,0.1332498931243474,0.65
3.4200180700008787,1.7869004322919813,1.0109029027548337,0.8599186521838804,-0.05221798407683981,0.37214148393278923,0.2640766191028584,17.97044472976123,0.0734152679870459,0.08590288897125964,0.10453884215834688,0.65
3.481752604000576,1.8146513583170627,1.0089452941987196,0.8325277807524413,-0.05872825668342647,0.3821681682066553,0.3017589947742786,17.95286897846644,0.06794574550948508,0.08394528041514548,0.07672202508885266,0.651920240520265
3.539208137000969,1.841246143539107,1.006823547400695,0.7978435566613292,-0.06365240394073761,0.38597017547742696,0.3162411163422345,17.93622913915285,0.06058501484922896,0.08172557603234169,0.09665452145110544,0.651920240520265
3.5413126740004373,1.866702559156142,1.0045758075917635,0.7636924685110477,-0.06743219426794417,0.4720411029724134,0.3704383516031098,17.920482723834976,0.052701116676920685,0.062135779863594615,0.07109937459347494,0.6576473218982953
3.543482313001732,1.8910780714619975,1.0022202178722834,0.7312653691756654,-0.07066769158439735,0.4827212564557058,0.4108005653579678,17.905574826803235,0.042917717502965316,0.04323403635289037,0.0466139798086861,0.6576473218982953
3.546862482000506,1.9375611861834492,0.9987297795907846,0.6871650224229818,-0.043830505151792654,0.5052874546517062,0.43780875828206267,17.876470548964992,0.025821018010171063,0.023729765062152408,0.0,0.7158910531638177
3.548467172000528,1.9598607100751617,0.9978796995731017,0.6689857167513732,-0.02550240053048375,0.5087380921413206,0.48111561123414487,17.861929860617956,0.01871593034632927,0.022879685044469578,0.0023858847301083544,0.7280109889280518
3.608759385000667,1.981609702519671,0.9976648097506918,0.6524697733352723,-0.006446694672297571,0.4915396360053449,0.5326313566902057,17.847312706391143,0.012019446433883712,0.022664795222059664,0.004100125521459893,0.7280109889280518
3.678104787000848,1.981609702519671,0.9976648097506918,0.6524697733352723,-0.006446694672297571,0.46975839529430224,0.5829125449336705,17.847312706391143,0.012019446433883712,0.022664795222059664,0.0,0.7280109889280518
3.6853486230011185,2.022719894953133,0.9999114924225944,0.6037182672407434,0.048388385809312415,0.45873781703426025,0.6490548500690079,17.81777240965106,0.0012765110941628367,0.024911477893962197,0.0069850967220078325,0.7433034373659253
3.805117792000601,2.0603845429516734,1.0059434670453766,0.5522114089392796,0.10407561982425145,0.4752346100118584,0.6786982797604673,17.78782327441468,0.008255325721913169,0.030943452516744463,0.01364476780081658,0.7158910531638177
3.8691857980011264,2.0777868759419835,1.0102690961229572,0.5220699897093015,0.12976887232741985,0.5929025537924386,0.8012177564518504,17.77286312151721,0.011324740868505186,0.022968409748344534,0.0,0.7158910531638177
3.993203046000417,2.0777868759419835,1.0102690961229572,0.5220699897093015,0.12976887232741985,0.6462447296114268,0.883301172668548,17.77286312151721,0.011324740868505186,0.022968409748344534,0.03404515746870547,0.7158910531638177
4.113926312000331,2.109942707461657,1.0214528006231363,0.4698169537342278,0.18054013876776262,0.7998497207801225,0.7883784860124051,17.7428822552786,0.019188554269754094,0.008138876516954219,0.06549039750471826,0.73824115301167
4.243164190000243,2.153063229943964,1.0447217343928519,0.414682499811522,0.25838275096883057,0.7173395406371315,0.6491175010237282,17.696598226217134,0.024939565892783254,0.00589831647904549,0.05164762077178087,0.7632168761236874
4.375304491000861,2.1926408392860415,1.077904404118954,0.3901554883183649,0.37248599535266647,0.6999072491301965,0.6461787893891093,17.645400984123402,0.023669267957211446,0.010420221646779934,0.03896403097373188,0.7211102550927979
4.5069579140017595,2.2055434026055236,1.0918085135669993,0.3870768995844618,0.41712328344135885,0.7097549040526226,0.6267874210167511,17.626433090532213,0.021720487265146807,0.009712021587602168,0.08764104466750369,0.75
4.634013551001772,2.2182878193526365,1.1072374592476926,0.3823325024133869,0.4628683704208012,0.6779668569983304,0.4567619823374056,17.606446625714124,0.018520889425614962,0.00781377297437582,0.11856610104875082,0.7106335201775948
4.759080367000934,2.2438516146208793,1.1429125947199652,0.3834930859988351,0.5589633169615074,0.5921212434576288,0.3469430611883515,17.56286902997897,0.00919841820119122,0.0006639757492221677,0.12889213453029866,0.7106335201775948
4.930806156000472,2.308229746390546,1.2545756525933014,0.39793201622905916,0.7189195672267507,0.5546187043699395,0.481391492462903,17.437051711194115,0.02628163747721891,0.03277151614658742,0.0563124284993305,0.6800735254367722
5.064734610001324,2.3634319015462064,1.353870063762778,0.4240366826782627,0.7489135461366161,0.38966397590436097,0.4433908122832274,17.326593983847083,0.05477952576176048,0.06394944937177018,0.02872001948980425,0.670820393249937
5.188055495000299,2.3777470417644246,1.3787681817644963,0.42945420654655325,0.7469435400515446,0.23530590360596249,0.554112921636516,17.29858240984359,0.06068330231915334,0.07143274472762962,0.05709758588854269,0.670820393249937
5.313232531001631,2.406579600293151,1.4280512202563251,0.43229481546869974,0.7331600097300003,0.14793189247290167,0.5732804610652703,17.242806225227014,0.07058990251576956,0.08589341778805898,0.0830964544481777,0.696419413859206
5.443087442001342,2.4350578997266,1.4759139265293244,0.4249386025492662,0.7139147955758146,0.2188551333620784,0.7627119172329532,17.188322297220488,0.07652081337791818,0.09960026331358392,0.10654759019298173,0.6800735254367722
5.581901396000831,2.449018445245323,1.4994932609675449,0.4188163655616957,0.7073800331466163,0.3325350659516123,0.9705518014044947,17.161530854490692,0.0771969496375654,0.10640177418536256,0.12907676578569158,0.6800735254367722
5.711659641001461,2.5111068049285294,1.6126561835948041,0.33236012779401347,0.6628110724100755,0.44079910566914293,0.8908264542535106,17.036320056746025,0.052218213944612006,0.06389323344196063,0.07118585177731192,0.7516648189186454
5.844835245001377,2.521327292454384,1.6346182048380855,0.30661462577564425,0.6588606372984429,0.33739166592545605,0.7681692796271192,17.013271436370367,0.045868143897331785,0.053672745916105935,0.09236779733131588,0.7516648189186454
5.979736169001626,2.552847996577815,1.7214413307631649,0.1920233992606723,0.6505086870364093,0.5225044967823779,0.7235512377605253,16.92824368083929,0.02600860618371422,0.02215204179267527,0.04561796814415225,0.75
6.140250337000907,2.563135539398168,1.7658841646098076,0.1428881259806063,0.6743505949367536,0.615233014220067,0.6723192665175077,16.888743441213165,0.02221762059317582,0.011864498972322224,0.07316025250888836,0.75
6.272054578001189,2.570873092280264,1.81316115265421,0.10877432636244494,0.7230114700529366,0.8320369364012228,0.48282080416650874,16.84895178089583,0.023357298680747478,0.0041269460902260136,0.10539827752699568,0.7516648189186454
6.400418991001061,2.578932306412555,1.8909574304745007,0.07202699566007112,0.8006176919669242,1.0115363761172955,0.43005643874335336,16.786772211021095,0.036250373846243245,0.043858393730672886,0.05470733749234366,0.7566372975210779
6.5260178220014495,2.5811928861112228,1.9180529958115504,0.06781739096004065,0.812866960111494,1.1868216196422556,0.3790619053259566,16.76552266229212,0.04053959796531228,0.04380715300432536,0.11139884083256439,0.7648529270389178
6.658093622001616,2.595763980038269,2.057022275072281,0.11639689610825246,0.842539631093664,1.2245498642652306,0.2509534417536545,16.654751841023934,0.06422023993894457,0.02923605907727911,0.056799684194179766,0.8
6.7877317990005395,2.60568962019255,2.1129479918051604,0.16215932505889705,0.8361819619710908,1.1142595877251515,0.29871559006176734,16.607485870971477,0.07745066182675144,0.04048778864216768,0.05681735844699421,0.7826237921249265
6.911845382001047,2.6398417567912493,2.221851756886385,0.3245002258322534,0.8047446612464357,0.9414179013202049,0.16723649526104367,16.50532134327498,0.11161311675241573,0.09334517204689899,0.0,0.8321658488546619
7.0407989530012856,2.6521809999485964,2.248576093228482,0.37017729472041444,0.8017300902629089,0.7557070126577111,0.12603986255835853,16.477524343053886,0.11846638398791277,0.10351696898583612,0.09177503659925795,0.7905694150420949
7.169756688001144,2.682025501268479,2.301223885585222,0.472234604030086,0.786853947794306,0.6536492337449362,-0.08864604248715244,16.418929911896452,0.13077815215032576,0.1196413307113681,0.09546136157798599,0.8514693182963202
7.338491127000452,2.738438389378283,2.378233349999888,0.6100165746730162,0.7566478748659573,0.6970523534395997,-0.25763842356266475,16.32436509114544,0.14267371636966772,0.1342053094857624,0.066457129460509,0.848528137423857
7.457643088000623,2.8060324407483757,2.4523795180209857,0.7030004056722581,0.7345045052763817,0.8286037477891998,-0.47942080397162556,16.22407982357228,0.14870666237493146,0.1388383556008133,0.0,0.8500000000000001
7.580687259000115,2.8060324407483757,2.4523795180209857,0.7030004056722581,0.7345045052763817,0.8950660092186775,-0.5680707163652088,16.22407982357228,0.14870666237493146,0.1388383556008133,0.09874365780805239,0.8500000000000001
7.70350580700142,2.8763078897811587,2.5217457289637384,0.6946390400490987,0.6656517804704467,1.0448312078769366,-0.5367658007766327,16.125360044034927,0.1537871579578216,0.1381954271816397,0.06114005568747111,0.8
7.826484810000693,2.8991298594198587,2.5429232115768277,0.6846590891610029,0.6353244783926808,1.186966429431818,-0.34403292438236155,16.094269657230473,0.15639125798754563,0.1370325992542571,0.11411369966273553,0.8
7.946065205000195,2.9441786683269418,2.5808490489697955,0.6727621125839301,0.5460943485821428,1.1053569202921558,-0.47280022493373736,16.035684837786995,0.16003307566967742,0.13199589779442758,0.13468713603647392,0.75
8.065261280000414,2.989623775540258,2.6124414652654173,0.6858243019353755,0.4512797505270265,0.920382778686388,-0.5466980900175423,15.981378568133403,0.16288426347664875,0.12220929095114305,0.1325850733240394,0.7000000000000001
8.19085500700021,3.0615766435239116,2.6468667741150873,0.7398537602125822,0.28916265324128937,0.6988973994309715,-0.5613055608345757,15.906635435775403,0.16622576941049227,0.12260378946782378,0.13844380572401976,0.7000000000000001
8.312192499000957,3.1401361966040597,2.6658162956245035,0.8129637807228295,0.14759770456064872,0.5580469796728674,-0.47379544478309327,15.838534388458884,0.16433595719784236,0.1408162579990715,0.15216654275630287,0.65
8.483030171000792,3.22793521092998,2.675687363925558,0.9108926394428474,0.08697688553984079,0.3577904851609656,-0.43307626788774917,15.77075495924359,0.16201557492132365,0.15068732630012605,0.16514720913532308,0.65
8.617564690001018,3.259300303455941,2.6782431825107578,0.9409527757788266,0.07667455755599382,0.04816053887027852,-0.37156004078939187,15.74729496480308,0.16166274603550548,0.15324314488532575,0.23436859900561413,0.65
8.7532773490002,3.3584636065571116,2.6846951915280637,1.0129276386934918,0.05651766248670983,0.19722081731156926,-0.3520130859100127,15.674494823182679,0.1631514118090327,0.15969515390263167,0.19831634743512017,0.65
8.878800662001595,3.3927495003031356,2.6861683325643773,1.0285768123807177,0.04419423108941197,0.3350033406366949,-0.36232520041812577,15.649944619576614,0.16369657348009028,0.16116829493894524,0.19428344604994796,0.65
9.028832107000198,3.556779952100809,2.6847225813092868,0.9357081240994508,-0.0416019900265261,0.37342841804843163,-0.3576272141643662,15.539242179852065,0.16026466429666075,0.15972254368385475,0.08798453682611877,0.65
9.157347938000385,3.644497488302899,2.6778733066658154,0.8451969635833272,-0.08173681600804183,0.4538140105485243,-0.2781817306202842,15.484912365611944,0.1531097917127769,0.15287326904038334,0.07849573027160908,0.65
9.278424994001398,3.7222848371600348,2.6673515183838052,0.7466598237195012,-0.11554897479792155,0.5948435342046722,-0.27865034814028744,15.440285726152855,0.14246259784255422,0.14235148075837323,0.06799565673036456,0.65
9.401631734001057,3.8090245806339285,2.6484346131330625,0.6046267270629166,-0.15422739060399054,0.8400741636347049,-0.23960781800084513,15.396185400666152,0.12348442251147032,0.12343457550763048,0.020331704577470924,0.7000000000000001
9.519928604000597,3.8480411665745313,2.637771930455537,0.5815947843496816,-0.161028696272222,0.8366352762093995,-0.09743677895958414,15.378079601839218,0.1128064186337123,0.11277189283010491,0.0,0.7000000000000001
9.677447115000177,3.905175236473248,2.621961687336609,0.5629200221184217,-0.15330306546740333,0.8102990551637401,-0.09009960551732693,15.351866839768606,0.09698179331031054,0.09696164971117716,0.019297031128664936,0.7000000000000001
9.794934457000636,3.9238596579578253,2.617138016103272,0.5605326445373253,-0.14471013700011887,0.9767410914416308,-0.07274837806541229,15.343075037363237,0.09215446787503931,0.09213797847783978,0.03877378441350371,0.7000000000000001
9.921261381001386,3.9616284324657047,2.608367267565215,0.5711908958130564,-0.12657712496984347,1.177181355781913,-0.12093453648553293,15.324627267850737,0.08337905983711622,0.08336722993978318,0.03997200823426385,0.7000000000000001
10.045241958001498,4.000951246940072,2.6011924711155188,0.5988755664205798,-0.10023762977112992,1.2357651352403454,-0.18810776306258759,15.304030851478695,0.0762007127213575,0.07619243349008675,0.06482978675955087,0.7000000000000001
10.167882099000053,4.043265525820466,2.5964591053581314,0.6449408997622205,-0.06100569015054531,1.2307065419493342,-0.21877250193548448,15.279704231392992,0.0714647416486455,0.07145906773269939,0.06819643188970873,0.75
10.29329752600097,4.1351603949554,2.5944872282589095,0.7122025376517689,0.012333541632161837,1.212981228875851,-0.30195453034327824,15.220868979626713,0.06949007536286778,0.06948719063347752,0.07515649969909916,0.75
10.406946928000252,4.184355110495861,2.597019021448524,0.7491127771701916,0.04446132760514156,1.2255481750600379,-0.24603184876558426,15.186789817722065,0.07202141670599252,0.0720189838230918,0.05278152288443886,0.75
10.524553624001783,4.236956757920128,2.6013728526640993,0.8031546315538876,0.07301798525421824,1.1854618367373948,-0.27410284751081276,15.149192990670743,0.07637537791904628,0.07637281503866733,0.118702596611024,0.7000000000000001
10.641092738000225,4.264819361964718,2.604245884957427,0.8358781213377098,0.08619096879982874,1.0225886067610375,-0.4014391574333909,15.128884322920259,0.07924872105716194,0.07924584733199502,0.15629406740967366,0.7000000000000001
10.801536524000767,4.419875578141573,2.6238776279359803,0.9892467268914663,0.13232781025859985,0.9443276332455504,-0.6657728116568166,15.013533678692975,0.09888738406441247,0.09887759031054832,0.1044142296351962,0.7000000000000001
10.92010921900146,4.523481573745255,2.636844085635803,1.0566445430432212,0.1310219497857787,0.719205711021522,-0.6015650178671467,14.936989277810287,0.11186974694643499,0.11184404801037084,0.07259248015904717,0.7000000000000001
11.03788897600134,4.5954652641949645,2.646225795761472,1.08649333496833,0.14492334634151463,0.5215546489001907,-0.5505349646472266,14.883720101701872,0.12127781936162453,0.12122575813604008,0.07418051823964632,0.7000000000000001
11.15223322300153,4.66891925623668,2.656582452530823,1.1063605534625067,0.15472726549537522,0.36088691233346837,-0.5308604252290201,14.828927444731422,0.1316850625228001,0.1315824149053908,0.11259424476506617,0.65
11.27403482200134,4.7059742151865676,2.661746858880876,1.111648768496636,0.1549321905016061,0.41387745371608353,-0.43234835776137254,14.80139707480551,0.1368947507587393,0.13674682125544413,0.11303180245338644,0.65
11.385363009001594,4.780625443671243,2.6706959794837055,1.1225471842586205,0.12776660579637963,0.23120294167044514,-0.447655408980455,14.747194055634372,0.14599169225879025,0.1456959418582735,0.15134812541549833,0.65
11.499462536001374,4.894047000445975,2.678799645470307,1.1357513884501422,0.05516927160058099,0.19979309797006886,-0.56010630005412,14.669471298186139,0.1546752034542447,0.15379960784487512,0.1469949717061368,0.65
11.609988835001786,4.96885168153726,2.680345023531647,1.1147622404695987,0.01310217233478157,0.1862852622813374,-0.738819681392705,14.621435955313803,0.1570909417907204,0.15534498590621482,0.106956391287864,0.65
11.66636145800112,5.005344296360187,2.679980279631481,1.0947784446878084,-0.0109423170049724,0.2807517411955495,-0.8777111682038468,14.598959304736555,0.15746692176504193,0.1549802420060491,0.07047687080099252,0.65
11.730531271001382,5.075749120506947,2.6767943645724057,1.0412145343901447,-0.061017849161005486,0.34044601124491813,-0.9598278396817916,14.557703490774081,0.15648359349872307,0.1517943269469737,0.06619799498040523,0.65
11.733121736000612,5.075749120506947,2.6767943645724057,1.0412145343901447,-0.061017849161005486,0.45205190326169437,-1.012966937506041,14.557703490774081,0.15648359349872307,0.1517943269469737,0.06619799498040523,0.65
11.738329236000936,5.075749120506947,2.6767943645724057,1.0412145343901447,-0.061017849161005486,0.478015817971212,-1.0360635062034231,14.557703490774081,0.15648359349872307,0.1517943269469737,0.06619799498040523,0.65
11.834755929001403,5.10934674061539,2.6739391213324533,1.0079286032533006,-0.08565729719857428,0.502520108747186,-1.0564105076872137,14.539144171288077,0.15542696945883921,0.14893908370702125,0.032483149457272424,0.65
11.892027149000569,5.10934674061539,2.6739391213324533,1.0079286032533006,-0.08565729719857428,0.43719096911586786,-1.1710525421703024,14.539144171288077,0.15542696945883921,0.14893908370702125,0.17274021257245287,0.65
12.005294735999996,5.141646059713717,2.670488181685354,0.9689795729498295,-0.10352818941297723,0.3746209208940848,-1.1925431504262087,14.521909162518437,0.15402256601626935,0.14548814405992205,0.18851281321452174,0.65
12.063760893001017,5.201485449210053,2.6618643072535844,0.8726234057495021,-0.13800828117262046,0.3797031327498949,-1.1848771020081794,14.491877357206,0.15142975769534,0.13686426962815235,0.12850296342175901,0.65
12.130392215000029,5.254850424557803,2.6504140931012947,0.7770391324843805,-0.18501887999172517,0.44041834829817916,-1.1203491936441978,14.468230315121428,0.1481953337443796,0.1254140554758627,0.12207698034513023,0.65
12.187261034001494,5.279330624920671,2.6432037977443548,0.7344060108860152,-0.21630886070820296,0.5337289737046913,-1.0217469619788704,14.458989848688661,0.14680708525865302,0.11820376011892275,0.09680285651991018,0.7000000000000001
12.248553619001541,5.324594505486267,2.6250244935874725,0.6634289849898033,-0.29204708153238484,0.5271360396107956,-0.930095693255075,14.44585769229052,0.14078383659059204,0.10002445596204046,0.12523367465251267,0.7000000000000001
12.251934854000865,5.345919695890202,2.6140487475742926,0.6397557121180288,-0.32927238039540097,0.5831870676543428,-0.8151678179950907,14.441641116711866,0.13819110839915769,0.09147296376416628,0.10139503403726019,0.7000000000000001
12.253947620001782,5.36680785098631,2.6017486659718556,0.6266446528832496,-0.36900244807311255,0.6044316242787239,-0.7635827372138603,14.43878211110876,0.1342078132194692,0.08739703497465706,0.07722291262150804,0.7000000000000001
12.259277821000069,5.387561748845956,2.5881625359218035,0.6226169357893637,-0.4075839015015609,0.5794892112126624,-0.7384178963970417,14.43706971928606,0.13018800709701647,0.08890142676765692,0.05244493272470181,0.75
12.31838886800142,5.4085211337900905,2.573266123082,0.6287815483240297,-0.44689238519410335,0.5935510854693105,-0.7131787707324191,14.436322203077298,0.1283768817865185,0.0931875802950384,0.026740046508437247,0.75
12.382090869001331,5.429731425232211,2.556982584639336,0.6363087432636023,-0.4885061532799108,0.6141590951910232,-0.702979571155765,14.436578826367606,0.12568116521090208,0.09667132075018513,0.056859009696515174,0.75
12.386831770001663,5.429731425232211,2.556982584639336,0.6363087432636023,-0.4885061532799108,0.5792368750200995,-0.7044590205079969,14.436578826367606,0.12568116521090208,0.09667132075018513,0.056859009696515174,0.75
12.389247162000174,5.429731425232211,2.556982584639336,0.6363087432636023,-0.4885061532799108,0.5665357379220466,-0.7091184390750427,14.436578826367606,0.12568116521090208,0.09667132075018513,0.056859009696515174,0.75
12.449714363001476,5.4512333934999555,2.5392762970697476,0.6450590480323403,-0.5311886270876551,0.5104913766870377,-0.7096619932864277,14.437849436436288,0.12279097858943752,0.09935527231107001,0.029009780606661983,0.8
12.505314592001014,5.473140415005016,2.520259205293572,0.6572106451518025,-0.5705127532852623,0.5193563511279549,-0.6951565955014878,14.439982796797512,0.12099907323566973,0.10139876121951728,0.06128101406820982,0.8
12.50709911100057,5.495293854615466,2.4998736290224035,0.6646031883134806,-0.6115672881350651,0.49211461977970694,-0.6808891313281421,14.44312638146839,0.11827003823132608,0.1026488293749343,0.031178834594782046,0.8062257748298549
12.508987364000859,5.517786371813366,2.478281815833351,0.6747755159370026,-0.6477543956715738,0.4937355069526304,-0.6393137499697534,14.447100896443622,0.11628964914141653,0.10328572328743249,0.0,0.8321658488546619
12.511240822001128,5.540757968745139,2.455707824344222,0.6891479079532078,-0.6772197446738657,0.46798139514999254,-0.6149301195478838,14.451649193833838,0.11412519729025192,0.10356687279216305,0.00038514814420520743,0.8321658488546619
12.516780962001576,5.564172386003702,2.4326587950611236,0.7024325177568703,-0.6914708784929501,0.46417355890647616,-0.5754518878369234,14.456389723866959,0.11261035648484226,0.10382524110737777,0.0007496110812864893,0.8200609733428363
12.51862183600133,5.588047912661637,2.4094681261422615,0.7162657997380506,-0.6957200675658655,0.4753035208413384,-0.5463152229530672,14.461046429315813,0.111707440598866,0.10430950865882485,0.0015965912405572387,0.8200609733428363
12.6467558380009,5.612326840968693,2.3863205375599326,0.7283678492116692,-0.6944276574698609,0.283971943639054,-0.4854504950887073,14.465506634865255,0.1115162612416942,0.10510948665000441,0.0023859161645836814,0.8139410298049854
12.648974160001671,5.612326840968693,2.3863205375599326,0.7283678492116692,-0.6944276574698609,0.2673810091196489,-0.4706515554301321,14.465506634865255,0.1115162612416942,0.10510948665000441,0.0023859161645836814,0.8139410298049854
12.650855520001642,5.636858628692083,2.363491052166712,0.7359536317017168,-0.6848845617966152,0.24564258439449588,-0.47933541679566743,14.46963731934268,0.11209703465965666,0.10631319617129736,0.004451072147525072,0.8139410298049854
12.77488806600013,5.661597141179319,2.3410146776497975,0.7421553746170801,-0.6742912355074298,0.11847956128075551,-0.5065400032163612,14.473437000899287,0.1133372196480843,0.10791276927009087,0.005467918950541354,0.8139410298049854
12.777206406000914,5.661597141179319,2.3410146776497975,0.7421553746170801,-0.6742912355074298,0.10588690913513665,-0.5192580341592027,14.473437000899287,0.1133372196480843,0.10791276927009087,0.005467918950541354,0.8139410298049854
12.904356803001065,5.686401575101369,2.3189007072020638,0.7441330176614878,-0.6634191134320121,0.021315970883430582,-0.551996103877185,14.476979622912397,0.11522905425658678,0.10981521423731483,0.007869266063917068,0.8139410298049854
12.906900886000585,5.711123365435773,2.2971134400381756,0.7416537100321228,-0.6536180149166466,0.04178152968866979,-0.5542075123927903,14.480379219387354,0.11747713051421375,0.11189023547073575,0.01585593243572253,0.8200609733428363
12.91362051500073,5.73577545130861,2.2756853668973007,0.7395625761851308,-0.6428421942262428,-0.04848062638931401,-0.7066327726077876,14.483599995979532,0.12033887350332846,0.11416995673613788,0.02543986697308704,0.8200609733428363
13.054142113000125,5.73577545130861,2.2756853668973007,0.7395625761851308,-0.6428421942262428,-0.07510841610174282,-0.7248530905223023,14.483599995979532,0.12033887350332846,0.11416995673613788,0.009732934168789504,0.8200609733428363
13.113814218000698,5.783405960230989,2.234386753172454,0.7035020378011082,-0.6106744041603748,-0.09249042174536001,-0.7544854650078513,14.48994527752299,0.1267375548184951,0.11864728276807526,0.02991283787102956,0.8321658488546619
13.177409535001061,5.783405960230989,2.234386753172454,0.7035020378011082,-0.6106744041603748,-0.05706285637701927,-0.7894523352571743,14.48994527752299,0.1267375548184951,0.11864728276807526,0.0,0.8321658488546619
13.179820840001412,5.827288503726674,2.195491068303128,0.6421420377000413,-0.5745041682641021,-0.15361911599166966,-0.8343926120739413,14.49672681695504,0.13340401190271206,0.12217352431959207,0.024940066483179306,0.8
13.182020798001759,5.827288503726674,2.195491068303128,0.6421420377000413,-0.5745041682641021,-0.12269514463044567,-0.8668626892703685,14.49672681695504,0.13340401190271206,0.12217352431959207,0.024940066483179306,0.8
13.240893248001157,5.847388713980293,2.176798150427522,0.6030063076085691,-0.560787536268188,-0.14695859664122868,-0.8897522028733088,14.500632240829654,0.13643615450191904,0.12316863030319741,0.03715919785008751,0.8
13.298989361001077,5.866033259546486,2.1584388349484667,0.5593363669858087,-0.5507794643716475,-0.14242638749667969,-0.9179459082251458,14.50514016966267,0.1388292888032354,0.12337031843201118,0.02592897927312696,0.75
13.301138664000973,5.866033259546486,2.1584388349484667,0.5593363669858087,-0.5507794643716475,-0.20669263858846437,-1.0071039873358765,14.50514016966267,0.1388292888032354,0.12337031843201118,0.02592897927312696,0.75
13.303014393000922,5.8833113848649585,2.1403312444629083,0.5183437595541672,-0.543227714566749,-0.2230710453942507,-1.0367667001361838,14.510260112770546,0.14148310573588252,0.12278379798760654,0.03772207805707491,0.75
13.440436936001788,5.899265713912521,2.122260758123468,0.47862987142686525,-0.5421145901832221,-0.4055234246430979,-1.1823919621114372,14.516138611125193,0.14311030125273047,0.12128744881646211,0.01692326638803871,0.75
13.503188774000591,5.914027910278952,2.104151559942095,0.4428658909929174,-0.5432759454411846,-0.3646523864385785,-1.195628971322061,14.52275865152801,0.144128740484264,0.11892076113647249,0.03265832891623976,0.7000000000000001
13.5623500970014,5.927486976048876,2.085656934022452,0.40377197309774154,-0.5548387775892821,-0.3776084617338842,-1.1916005411323753,14.530464838870556,0.14569036528072826,0.11536008240753409,0.034427780968518666,0.7000000000000001
13.566131792000306,5.927486976048876,2.085656934022452,0.40377197309774154,-0.5548387775892821,-0.33164871791453104,-1.2052008662068112,14.530464838870556,0.14569036528072826,0.11536008240753409,0.034427780968518666,0.7000000000000001
13.568091760000243,5.939601489238263,2.0666149939409557,0.36343539568158256,-0.5712582024448842,-0.32948964083624543,-1.2057929244201102,14.539410529952342,0.14587237584737,0.11046165187594922,0.0498141414504045,0.7000000000000001
13.570333166000637,5.950354289438216,2.0468819113953463,0.322584005998593,-0.5919924763682817,-0.35497108388953474,-1.1985389145131204,14.549720989267346,0.1446281631816569,0.10414058141750256,0.06278000939190563,0.65
13.710222718000296,5.9598793568615065,2.0263617314330347,0.2857520226986964,-0.6156053988693525,-0.3793239508234861,-1.191055557197758,14.561397773739104,0.14440648295563374,0.0992094491088873,0.050744865059914615,0.65
13.773181887001556,5.968357069639084,2.0049944568093627,0.25433138332733707,-0.6410182387101541,-0.3379966136064683,-1.2034360345238795,14.57438766592617,0.144438782285581,0.09805708429109018,0.06502598438919431,0.65
13.835844502000327,5.975490776648302,1.9824807959207607,0.2140112102765277,-0.6754098266580563,-0.3849470765644306,-1.144125158053816,14.589102843614336,0.14279983516574013,0.10076874745616873,0.0,0.65
13.894765588000155,5.975490776648302,1.9824807959207607,0.2140112102765277,-0.6754098266580563,-0.3967473541415384,-1.0423586794280648,14.589102843614336,0.14279983516574013,0.10076874745616873,0.0,0.65
13.955052876000991,5.981323542902828,1.958562405931434,0.17498298763579817,-0.7175516996798093,-0.4310294455999522,-0.919987163019695,14.605732239969532,0.1406948704267316,0.10632345535850618,0.025821360128943448,0.65
14.021740534000855,5.986028905270341,1.9331733885440086,0.14116087102538163,-0.76167052162276,-0.46176802809421724,-0.768917455092798,14.62423320107219,0.1389507137296965,0.11102881772601858,0.0,0.65
14.076473375000205,5.989672604363354,1.9063873063241505,0.10931097279040537,-0.8035824665957398,-0.4515226808629845,-0.6664150246359515,14.644507536540349,0.1358508654893223,0.11467251681903168,0.05758616250123709,0.65
14.078607881001517,5.992435597297517,1.8782830875962395,0.08288978802489312,-0.8431265618373315,-0.4440989672727415,-0.6002805663951065,14.666388949939401,0.13345576921874663,0.11743550975319472,0.029354057376352043,0.65
14.080222671000229,5.994356585668394,1.8489919543280793,0.05762965112631557,-0.8787339980448049,-0.42015531937416895,-0.580741555328431,14.68974653611884,0.13026615638946007,0.11935649812407156,0.0,0.65
14.082277737001277,5.99548472373286,1.818640918172858,0.03384414193399005,-0.910531084656638,-0.4142002823747278,-0.5470016587352037,14.714446940338105,0.12712699312901568,0.12048463618853766,0.013159487039963186,0.65
14.088338210000074,5.99548472373286,1.818640918172858,0.03384414193399005,-0.910531084656638,-0.39071570102418446,-0.5267949334888274,14.714446940338105,0.12712699312901568,0.12048463618853766,0.013159487039963186,0.65
14.090033321001101,5.995871916239631,1.7873443612478228,0.011615775203143296,-0.9388967077510588,-0.39777963276660344,-0.4809288391790577,14.740365696837012,0.12331290544337482,0.12087182869530899,0.026017462214000298,0.65
14.219084437001584,5.995871916239631,1.7873443612478228,0.011615775203143296,-0.9388967077510588,-0.3138493668071228,-0.4942711837533155,14.740365696837012,0.12331290544337482,0.12087182869530899,0.01541317702510131,0.65
14.273210195000502,5.995505429058819,1.755286609316086,-0.010994615424359127,-0.9617325579521034,-0.24605830651982222,-0.5023804448399669,14.767355245559234,0.11888341121771162,0.12050534151449721,0.029799443549698934,0.65
14.32862638900042,5.994561671825979,1.722575890167923,-0.028312716985218,-0.9813215744448903,-0.1643684451956509,-0.5267063161268204,14.795227544261861,0.11342944474008569,0.11956158428165686,0.0,0.65
14.333992549001778,5.994561671825979,1.722575890167923,-0.028312716985218,-0.9813215744448903,-0.10494991267643547,-0.4588503409291531,14.795227544261861,0.11342944474008569,0.11956158428165686,0.0,0.65
14.335998413000198,5.993103499137088,1.6894331143331187,-0.043745180666737236,-0.9942832750441284,-0.09173672420873652,-0.43713570666097734,14.823762724062831,0.10689309803329333,0.11810341159276572,0.013806217780725036,0.65
14.338022246000037,5.991292576036841,1.6559367784668881,-0.05432769300739769,-1.0048900759869202,-0.05980002501989459,-0.42296880131134923,14.852805982337085,0.09844595265120677,0.10410679593396405,0.026003847942949215,0.65
14.339738656000918,5.989267300827055,1.6221432059264962,-0.06075825629359025,-1.0138071762117613,-0.018552955357169915,-0.4047164187383691,14.882234210320691,0.0873072883835442,0.07970416714044763,0.03385850095516236,0.651920240520265
14.452984133000427,5.986867149769584,1.5885980086487552,-0.0720045317241476,-1.0063559183322288,3.871631790459962e-05,-0.181857472816139,14.911676781458073,0.07560638595708592,0.06334381182984788,0.024935421277750485,0.6576473218982953
14.457302948001598,5.984092164190948,1.5556607715569821,-0.08324956735906916,-0.9881171127531935,0.03072540035199329,-0.17215715572390897,14.9408301870278,0.0650252249398006,0.059092075901568286,0.030720207082264642,0.6576473218982953
14.586579438000626,5.981386987545768,1.5234960101312511,-0.08115529935540725,-0.9649428427719298,0.18985126268230026,-0.10111163721879961,14.969312938581238,0.05471791957699027,0.05638689925638829,0.00979946243048793,0.6670832032063168
14.588785798001481,5.978865353465208,1.492256940959349,-0.07564902241680753,-0.937172075157067,0.19009955288927746,-0.06743480762940275,14.99693345287414,0.04483047671737759,0.053865265175828014,0.015874292864354246,0.6800735254367722
14.590342078001413,5.9766031046305645,1.4620944260612903,-0.06786746503929657,-0.9048754469417613,0.22046150522747934,-0.05379999797773616,15.023522703264002,0.03426155674058626,0.05160301634118447,0.018314335787717833,0.6800735254367722
14.714103017000525,5.973024628695184,1.4054480074147602,-0.04888804779192046,-0.829074886754633,0.3466667548992084,-0.09958196646765793,15.073134344861554,0.011675965413522659,0.048024540405803506,0.01647057919166712,0.696419413859206
14.718995588000325,5.973024628695184,1.4054480074147602,-0.04888804779192046,-0.829074886754633,0.37649735358635505,-0.11523122372794052,15.073134344861554,0.011675965413522659,0.048024540405803506,0.01647057919166712,0.696419413859206
14.842607932001556,5.9706001455652515,1.354830504906299,-0.032309600639921124,-0.7351218297897619,0.5639303809718129,-0.26304854818043755,15.117092559482154,0.01340207984489002,0.01798210848042002,0.017206473334310326,0.7158910531638177
14.844609438001498,5.9706001455652515,1.354830504906299,-0.032309600639921124,-0.7351218297897619,0.6070817131778247,-0.2467672699562184,15.117092559482154,0.01340207984489002,0.01798210848042002,0.017206473334310326,0.7158910531638177
14.964528850001443,5.969338724312488,1.3109455093730955,-0.014009348724488741,-0.6317704710456981,0.6992508513936635,-0.36371338537090064,15.154786951461531,0.038321733795065184,0.01394122897521204,0.021004458246579417,0.73824115301167
14.966941237000356,5.969183949259236,1.291570358220494,-0.004643251597558462,-0.5812545345780449,0.7524910273488451,-0.3337182083802349,15.171224061999729,0.04973048355475842,0.02775097223144405,0.030293717907248885,0.7632168761236874
14.971481477001362,5.969324479471585,1.2737448687480737,0.004215906370483252,-0.5347646841726135,0.7706974661191434,-0.37289873704155985,15.186201141565535,0.0606885764304102,0.04025612684924743,0.03892713290822386,0.7632168761236874
15.094078869000441,5.970009956605575,1.2574863768970568,0.020564314019690666,-0.48775475553051056,0.8814510809437878,-0.4531379322384256,15.199568884191326,0.07024651641910375,0.051267911159175276,0.011612993565936307,0.7632168761236874
15.096293565000451,5.970009956605575,1.2574863768970568,0.020564314019690666,-0.48775475553051056,0.9287452801846107,-0.4333275845711717,15.199568884191326,0.07024651641910375,0.051267911159175276,0.011612993565936307,0.7632168761236874
15.098102369000117,5.971698063315565,1.2425804087818915,0.05064320129968331,-0.4471790434549563,0.946789524263222,-0.47349291861001064,15.211263291342606,0.07817871068204205,0.06061435059155894,0.021550127558763333,0.7905694150420949
15.099752736001392,5.974597661578643,1.2288633588769058,0.08698794789233608,-0.4115114971495727,0.9955876334276,-0.44904277097255696,15.221311428247066,0.08442302458051522,0.06826344400270945,0.02979297899058237,0.7905694150420949
15.223085678000643,5.978836433155678,1.216206341162628,0.12716314731106004,-0.3797105314283338,0.989123328439659,-0.45484996714917486,15.229754979084124,0.08927826057825516,0.07421604293205117,0.006445807904308927,0.7905694150420949
15.225143280000339,5.984656127748769,1.2044161658033279,0.17459083779272921,-0.35370526077900616,0.9556986983390141,-0.4544304818413687,15.236629830434293,0.09277163920293147,0.07843781036878131,0.011183354915062489,0.7905694150420949
15.22910990300079,5.9921927023631,1.1932711075951528,0.226097238429943,-0.3343517462452516,0.822273680697384,-0.4266001701695745,15.242053335349938,0.094553738680297,0.08098939358778859,0.014283786396826755,0.8200609733428363
15.34877664600026,6.0015311146736625,1.1825483243550423,0.2801523693168665,-0.3216834972033106,0.7883936318638102,-0.4209538744863002,15.246171849983243,0.09470928689148556,0.08196829165974967,0.006596852492228419,0.7810249675906654
15.350756907000687,6.012692165738204,1.1721850931527116,0.3348315319362505,-0.3108969360699231,0.767284099890363,-0.3912157520808654,15.249030994519462,0.09326445616114223,0.08140414782501532,0.007752392110074854,0.7810249675906654
15.357150430001639,6.025689760864038,1.1620921523947947,0.3899278537750169,-0.30278822273750916,0.7473803711507008,-0.4240278257686444,15.25070310874027,0.09059330203985566,0.07935024702445793,0.007552548873815131,0.7810249675906654
15.532228227000815,6.057474731730362,1.1424270003001014,0.5059064198904236,-0.29186922069059973,0.782619840674999,-0.4244003897642247,15.250603618654162,0.08138534526722178,0.07078024098428616,0.0029879694298607044,0.7778174593052023
15.640740967000966,6.076182197232852,1.132865386379823,0.561223965074697,-0.2868484176083485,0.8415696803506661,-0.3790317494148637,15.248876424830437,0.07456800340667125,0.06431314731077878,0.003818128858867602,0.7778174593052023
15.696153509001306,6.096370595132984,1.1234475552266983,0.6056519370039661,-0.2825349345937409,0.9046343963017374,-0.353551378798717,15.246278136069927,0.06715983870896765,0.05669720652674729,0.008652677395252014,0.7778174593052023
15.752789282001686,6.117811241492608,1.1142039593355682,0.6432193907887183,-0.2773078767339004,0.9064442418002792,-0.3650423593506721,15.242907733965255,0.058923877894074134,0.0480725894300009,0.007057159945336488,0.7433034373659253
15.758122711000397,6.140227447208025,1.1051209596007368,0.6724861714625149,-0.27248999204493984,0.8448133896591254,-0.36420656315765104,15.238925827196239,0.04989494789049079,0.038644589066172165,0.014874613081089243,0.7433034373659253
15.7600099220017,6.163514014925446,1.0962561215562636,0.6985970315226283,-0.2659451413341958,0.8217821474594821,-0.3352428445093096,15.234341621725822,0.040739990437846804,0.028446886217991168,0.022415728592753037,0.75
15.761809409001216,6.187366683506422,1.0875176576763406,0.7155800574292748,-0.26215391639769015,0.788591252598814,-0.32486556258668353,15.229394692848734,0.03141394634628669,0.017759529581634948,0.029683316868181518,0.75
15.875622649000434,6.211677631400949,1.0788767516108457,0.7293284368358164,-0.25922718196484473,0.5394836493024684,-0.2830728903118318,15.224167643607995,0.02171040021437173,0.006679136742849194,0.0205146046547426,0.7211102550927979
15.877729283000008,6.236516577235152,1.0703062832856478,0.7451683750260789,-0.25711404975593727,0.5535147630312984,-0.2513739315153586,15.218649410886732,0.012853353913811974,0.0048244140233490405,0.027799621206360505,0.7211102550927979
15.88248005800051,6.261968705645619,1.0618622258527712,0.7635638523139959,-0.25332172298629596,0.5846209856086495,-0.24039556448386656,15.212750283526102,0.0036824851209430044,0.01685093634650531,0.034624780766048885,0.6946221994724903
15.89747288000035,6.261968705645619,1.0618622258527712,0.7635638523139959,-0.25332172298629596,0.7070935013045017,-0.18792505220279843,15.212750283526102,0.0036824851209430044,0.01685093634650531,0.034624780766048885,0.6946221994724903
16.001505914000518,6.288011901090084,1.053504913534524,0.7812958633339596,-0.25071936954741714,0.7307893553596285,-0.19558575397097433,15.206518079385495,0.004972304994038597,0.029356744236326872,0.016841218121690236,0.6946221994724903
16.003436347000388,6.314549815808288,1.0452199536981257,0.7961374415461159,-0.2485487950919482,0.7026311788714558,-0.1707332592618926,15.200016994327747,0.012422445359061618,0.04226353240994368,0.024589102045251467,0.7158910531638177
16.084098214001642,6.341205217547839,1.0370556532189157,0.7996620521865356,-0.24492901437629774,0.5375189934626969,-0.1575260124233363,15.193400260748307,0.018856191497191373,0.0553387155027374,0.032243308313932934,0.7158910531638177
16.140082870000697,6.393665903158493,1.0212424741023924,0.7797721662396946,-0.23380996418133362,0.5375189934626969,-0.1575260124233363,15.180299194461396,0.023529067447945626,0.046242459573760275,0.02517644540419496,0.696419413859206
16.24965267400148,6.41917576127375,1.0137251855288598,0.7652957434576935,-0.2255186572059774,0.7098563417720775,-0.10245114477401623,15.173847551167317,0.02357652057101946,0.038725171000227654,0.008120851764048337,0.6800735254367722
16.25158368800112,6.41917576127375,1.0137251855288598,0.7652957434576935,-0.2255186572059774,0.7469771473410203,-0.0723489081819273,15.173847551167317,0.02357652057101946,0.038725171000227654,0.008120851764048337,0.6800735254367722
16.375720069001545,6.444297372830512,1.006525605832425,0.7536483467028676,-0.21598739089304203,0.5405240477173645,-0.08919029868986636,15.167361485320107,0.02311493670705128,0.031525591303792844,0.004896692954988014,0.6800735254367722
16.39798675700149,6.469125924162934,0.9997020003525888,0.7448565399726458,-0.20470816439508688,0.7098872434264969,-0.08818041225793644,15.160740313086567,0.022267490200639378,0.024701985823956663,0.009996905289489435,0.7158910531638177
16.50989643700086,6.493694242994763,0.9932859191809186,0.7370495649548569,-0.19248243515010627,0.6777879979278902,-0.07199956222748227,15.153938143776099,0.021732097743718436,0.01828590465228641,0.012266684700323778,0.7158910531638177
16.636348809000992,6.518045367718841,0.9873162360642753,0.7305337417223547,-0.17909049349929923,0.7096108746884727,-0.05594702761391901,15.146897752970846,0.021560785449470647,0.012316221535643157,0.01233593097853675,0.7071067811865476
16.63813119400038,6.542079345334057,0.9817898774471561,0.7210193284564661,-0.165790758513579,0.7023590869391385,-0.027624290239684268,15.139669793019728,0.022321730735260906,0.016878010264907223,0.0164228882682934,0.7071067811865476
16.639998158001617,6.565683775560667,0.9767080307091132,0.7081329067983053,-0.15245540214128625,0.7361186731798176,-0.02144884252009588,15.13230693189589,0.024027811393802716,0.029975454654767045,0.019243808753651923,0.70178344238091
16.659312806001253,6.589232495422962,0.9721144536610027,0.7064615958688452,-0.13780731144331368,0.8999387287492664,-0.03266803777066457,15.124582884350454,0.025309411619474524,0.043378764677036705,0.02120978516481859,0.70178344238091
16.794971957000598,6.612813842106017,0.968048015060103,0.7074404004916439,-0.12199315802699288,0.8999387287492664,-0.03266803777066457,15.116418871469728,0.025504598813675852,0.04304800127652886,0.014952073094930168,0.7000000000000001
16.847899100001086,6.636173166946006,0.9645017415466316,0.7007797451996697,-0.10638820540414012,0.8655589887252895,-0.002467838664204025,15.107945773388527,0.02567606376885244,0.03950172776305749,0.018001985126376473,0.7000000000000001
16.901067865001096,6.659459661489398,0.9614524306919034,0.6985948363017881,-0.09147932564184537,0.8978557205568107,0.002778025765807657,15.09910834320938,0.025251262620698278,0.036452416908329344,0.0,0.7000000000000001
16.90300285700141,6.682674412825259,0.9589214259642664,0.6964425400758266,-0.07593014182911065,0.9015801474072317,0.03311426283310104,15.089886180986857,0.025107522539099945,0.033921412180692334,0.0030917935583446173,0.7000000000000001
16.905283147001683,6.705815415425472,0.9569168654531881,0.6942300780063895,-0.060136815332349505,0.9360068247042821,0.03384640730503541,15.080271879258955,0.024726079610184287,0.031916851669614,0.006677139224074882,0.7000000000000001
16.909789990000718,6.729171905652031,0.9553860300965686,0.7006947067967698,-0.04592506069858495,0.9700742741502567,0.03519166374221605,15.070168652480627,0.02475992864411581,0.030386016312994535,0.009773173186454088,0.7000000000000001
17.02146737900148,6.752932690159805,0.9542544846833549,0.7128235352332418,-0.03394636239641233,1.2411702289324151,-0.04751487684239991,15.059549236573787,0.024665583169160434,0.029254470899780838,0.004372495616206176,0.7000000000000001
17.023169614001745,6.777187880744458,0.9534944102201726,0.7276557175395955,-0.02280223389547142,1.2485230951298085,-0.06074603631087955,15.048394816591838,0.024942692027335994,0.028494396436598457,0.009220364289978926,0.7000000000000001
17.154160154001147,6.854146064208846,0.9529092512670404,0.7927188380469519,0.0037753943290282236,1.247572883839767,-0.0778582012875165,15.011608655112214,0.026155837326379824,0.027909237483466298,0.013797947002942646,0.7000000000000001
17.156266087000404,6.8813915445530665,0.9533679145052915,0.817364410326595,0.013759897147531128,1.2430934851660917,0.04012523471564189,14.998074650581284,0.027037074150039985,0.028367900721717354,0.01772103620398159,0.7000000000000001
17.281819172001633,6.8813915445530665,0.9533679145052915,0.817364410326595,0.013759897147531128,1.246772405352164,-0.08976953409915459,14.998074650581284,0.027037074150039985,0.028367900721717354,0.0,0.7000000000000001
17.284100754000974,6.90953060480418,0.9541687770553852,0.8441718075334212,0.024025876502811194,1.2133900338606503,-0.09344516302655803,14.983848926941077,0.02813442313331951,0.02916876327181106,0.006955504322496153,0.7000000000000001
17.286104405000515,6.938576601048618,0.9554080226136248,0.8713798873331465,0.03717736674718819,1.1821148465893576,-0.05733464936512496,14.96884375464647,0.02962672984108154,0.03040800883005068,0.013930451775834794,0.7000000000000001
17.297734883000885,6.968528652029748,0.957094810248692,0.8985615294338682,0.050603629052016444,1.110440100432598,-0.13193381770935075,14.953054551285248,0.03151003498915095,0.032094796465117925,0.01967926047932754,0.7000000000000001
17.409325013000853,6.999335113695423,0.9593259737914784,0.9241938499702783,0.0669349062835932,1.1153478033118227,-0.09434098226877585,14.936423791881042,0.03388350928838791,0.03432596000790433,0.01760988179566396,0.7000000000000001
17.414502540001195,7.030933467779334,0.9621893233546349,0.9479506225173223,0.08590048689469534,1.1496477992575564,-0.10727503019749003,14.918906495193918,0.036866996907901406,0.037189309571060813,0.025207674362217478,0.7000000000000001
17.546295837000798,7.063370168752218,0.9655284203869636,0.9731010291865396,0.100172910969862,0.9972382911177265,-0.2012755205155086,14.900620895038863,0.04028861265988299,0.04052840660338952,0.023002419260274114,0.7000000000000001
17.54816555600155,7.096606407675513,0.9694060962131364,0.9970871676988527,0.11633027478518478,0.9708499367449412,-0.16916945920983398,14.881532786483266,0.04423017730059251,0.044406082429562344,0.03222309508104562,0.7000000000000001
17.666068574000747,7.16534590049266,0.9786889135346886,1.0431338715702196,0.14439098009068146,0.8320240837041607,-0.22068776458484707,14.841099423816669,0.05359776050067713,0.05368889975111446,0.03645408946657102,0.7000000000000001
17.66816085100072,7.16534590049266,0.9786889135346886,1.0431338715702196,0.14439098009068146,0.8125052627170656,-0.1783808369594343,14.841099423816669,0.05359776050067713,0.05368889975111446,0.03645408946657102,0.7000000000000001
17.67449021900029,7.200838120152437,0.983780713278394,1.0647665897933056,0.15275399231116157,0.8451170648418627,-0.18328020348623889,14.820041937245305,0.058714914758529996,0.0587806994948199,0.04624158858943895,0.7000000000000001
17.78708599700076,7.2368992011295585,0.9891724680593977,1.0818324293136206,0.16175264343011178,0.9939229209511425,-0.29245203867320035,14.798511788276137,0.06412598809480033,0.06417245427582363,0.03408289407214546,0.7000000000000001
17.789001482000458,7.27345422193984,0.9944107507213247,1.0966506243084304,0.15714847985780672,0.9706288997688132,-0.26335908164392474,14.776948156867837,0.069378137588681,0.06941073693775057,0.04775037322318551,0.7000000000000001
17.90555540800051,7.310335386791735,0.9994630414517989,1.10643494555685,0.15156872191422502,0.7978514532890784,-0.33838889176586706,14.755460486278965,0.0744392491584331,0.07446302766822477,0.021442479186525882,0.7000000000000001
17.907766357000583,7.3473908605974385,1.0043229280710775,1.1116642141711217,0.14579659857835944,0.7747979312701055,-0.31791312210492073,14.734126650799086,0.07930568321560619,0.07932291428750338,0.04153730494060307,0.65
17.91247718900013,7.3473908605974385,1.0043229280710775,1.1116642141711217,0.14579659857835944,0.7419527889111275,-0.3207758949571356,14.734126650799086,0.07930568321560619,0.07932291428750338,0.04153730494060307,0.65
17.92682053900171,7.384385198030343,1.0088170949938065,1.1098301229871446,0.13482500768186925,0.5939026313975792,-0.3526060920272162,14.713210119506902,0.08380444756360625,0.08381708121023235,0.0572087224501456,0.65
18.057976783000413,7.421081562395616,1.0129401710279688,1.1008909309581982,0.12369228102487055,0.5613658511090365,-0.35626514404757714,14.692824318804918,0.08793040685756805,0.08794015724439475,0.042195547073367465,0.65
18.111645311000757,7.457186904543069,1.016645064932592,1.083160264423569,0.11114681713869755,0.5385172498867397,-0.34022071651559443,14.673143568374392,0.09163674498043228,0.09164505114901789,0.060726487099838536,0.65
18.16207074200065,7.492617700712248,1.0199918956663532,1.062923885075389,0.10040492201283739,0.5047604095993674,-0.34313526756706825,14.65415002169607,0.09498420588199236,0.09499188188277907,0.03845788404148638,0.65
18.167736196000988,7.52737112634171,1.0230636836585152,1.042602768883853,0.09215363976485814,0.48186793348846996,-0.3299239067775377,14.635768300041423,0.09805591295611558,0.09806366987494108,0.05573317906474473,0.65
18.16945494200081,7.561656643020304,1.0255383494600143,1.0285655003578236,0.07423997404497551,0.45717051722877783,-0.3186476321421759,14.618190083084885,0.10052937376205759,0.10053833567644022,0.07013487574790311,0.65
18.287041988000055,7.595362684911852,1.0273031518593776,1.0111812567464435,0.05294407198089736,0.4538427882659951,-0.37698789618862344,14.601565309384569,0.10229211006019694,0.10230313807580349,0.0180045370296694,0.65
18.404276922001372,7.660805058900773,1.0289280069856979,0.9704863335993313,0.015047722458899564,0.4694688929449203,-0.35652958251460865,14.571072525248123,0.10390964020190052,0.10392799320212376,0.05021808407000681,0.65
18.40621059100158,7.660805058900773,1.0289280069856979,0.9704863335993313,0.015047722458899564,0.469835985318274,-0.3263748832469222,14.571072525248123,0.10390964020190052,0.10392799320212376,0.05021808407000681,0.65
18.422618807000617,7.692367348721086,1.0288908203520861,0.9468686946093698,-0.0011155990083500395,0.562678002954704,-0.3169191873012187,14.557185558342368,0.10386642610631379,0.10389080656851202,0.06418538333459524,0.65
18.52825719700013,7.722907020855056,1.0282561840426447,0.9161901640190916,-0.019039089283244576,0.562678002954704,-0.3169191873012187,14.544339148090542,0.10322467970968308,0.10325617025907063,0.03055684768336577,0.65
18.530678741000884,7.752245603623612,1.027005555974478,0.8801574830566787,-0.03751884204500267,0.6062022510102796,-0.2894028157503823,14.53262431944891,0.10196322761794906,0.10200554219090385,0.04322730468606779,0.65
18.651155810001,7.780410638599795,1.0250700128440846,0.8449510492854921,-0.05806629391180071,0.6604994896180122,-0.2696184544305782,14.522086760027005,0.10001573085693963,0.1000699990605105,0.01157623925370054,0.65
18.65321139900152,7.780410638599795,1.0250700128440846,0.8449510492854921,-0.05806629391180071,0.6909833634099558,-0.25848280707282356,14.522086760027005,0.10001573085693963,0.1000699990605105,0.01157623925370054,0.65
18.66223287000139,7.833978765318848,1.019388952630646,0.7925061401463873,-0.09368754151416374,0.683681879074011,-0.25997660738027556,14.503979022531587,0.09429849149263246,0.094388938847072,0.031404096926828134,0.65
18.777520099001777,7.8595607509962395,1.0157546885174815,0.7674595703217367,-0.1090279233949351,0.7125823636181926,-0.24406168506206607,14.496225625712333,0.09063901939629308,0.09075467473390741,0.010226727902174878,0.65
18.779298377001396,7.884345937479289,1.011683855938508,0.7435555944914705,-0.12212497736920959,0.6869395447181925,-0.21559805913393282,14.489250322629909,0.08653810503052896,0.08668384215493385,0.01966567674109366,0.65
18.781053962000442,7.884345937479289,1.011683855938508,0.7435555944914705,-0.12212497736920959,0.6580601181149488,-0.19739915069853303,14.489250322629909,0.08653810503052896,0.08668384215493385,0.01966567674109366,0.65
18.801885120001316,7.908387652196971,1.0072439549302858,0.7212514415304725,-0.13319703024666146,0.6190435060360574,-0.15472753279892776,14.482966696128816,0.08206013158121032,0.08224394114671174,0.027266754114189187,0.65
18.90613427000062,7.931951827217049,1.0025209861545092,0.7069252506023292,-0.14168906327329525,0.6190435060360574,-0.15472753279892776,14.477181175211358,0.07729301634968293,0.07752097237093514,0.014895230172034783,0.65
18.90823182800159,7.955152278162699,0.997609882648085,0.6960135283694865,-0.14733310519272724,0.6527769834068242,-0.11716123664806544,14.471758024229475,0.07232290076891482,0.07260986886451093,0.02087556502230734,0.7000000000000001
18.910024603001148,7.9780621634873325,0.9926117952637984,0.6872965597390076,-0.14994262152859872,0.6848091956953458,-0.09942515205161273,14.466573485928972,0.06726147311832696,0.06761178148022429,0.02630005220273001,0.7000000000000001
19.04109345300094,8.000848648516659,0.98760339506899,0.6835945508797644,-0.15025200584425213,0.837192133551178,-0.06160730327202063,14.461486504965778,0.06216000325805574,0.06260338128541587,0.010474727201050287,0.7000000000000001
19.044049581001673,8.000848648516659,0.98760339506899,0.6835945508797644,-0.15025200584425213,0.8637427057937735,-0.041460314747506,14.461486504965778,0.06216000325805574,0.06260338128541587,0.010474727201050287,0.7000000000000001
19.048996867000824,8.0237345542162,0.9826973644645489,0.68657717098624,-0.1471809181332306,0.8923236869643303,-0.023074160309901726,14.456300709374148,0.05716049587488104,0.05769735068097481,0.014966247857002455,0.7000000000000001
19.05115195200051,8.046707126991077,0.9779631770335595,0.6891771832463423,-0.14202562292968196,0.9086093145938212,0.013405617900766609,14.45095861836535,0.05227803284704618,0.0529631632499854,0.017180063598038572,0.7000000000000001
19.161163508000755,8.069742563770246,0.9734173320447883,0.6910631033751079,-0.13637534966313739,0.9607184940858324,0.05509291256383797,14.445455246750322,0.04758112121886062,0.048417318261214204,0.005666577068072539,0.7000000000000001
19.162923852001768,8.092657400475227,0.969185727627786,0.6874451011494044,-0.12694813251006848,0.972585118521258,0.08584082096415119,14.439752371962577,0.04312754609824341,0.04418571384421188,0.011534601641677746,0.7000000000000001
19.164750301000822,8.115443191857866,0.9653171026512339,0.6835737414791302,-0.11605874929656067,0.936132495390781,0.10993981249320023,14.433808056219487,0.03901901805232386,0.040317088867659834,0.013674363021227333,0.7000000000000001
19.191797477000364,8.138074829694357,0.9618501782738288,0.6789491350947556,-0.10400773132215485,0.8041128641598957,0.08141546630375776,14.4275962126214,0.0352271840756595,0.03685016449025469,0.016007999008247894,0.7000000000000001
19.228605433001576,8.160767316288837,0.9588585013213522,0.6807745978343893,-0.08975030857429862,0.7826045831349151,0.11514752917190046,14.420959911169472,0.031851941281196415,0.03385848753777809,0.016453820580477917,0.7000000000000001
19.347463304000485,8.183746159505716,0.9563887064065221,0.6893652965063745,-0.0740938474449041,0.7860567061724011,0.14769183398193916,14.413763469068076,0.028897356380382058,0.03138869262294797,0.0075642076499603805,0.7000000000000001
19.394279376001577,8.20722954790897,0.9545625885618839,0.7045016520976235,-0.05478353533914537,0.757625087599223,0.16841071496855525,14.40580675766109,0.026433898866890456,0.029562574778309814,0.009443528034631755,0.7000000000000001
19.444384480000735,8.231348426693518,0.9534606517237841,0.723566363536446,-0.03305810514299358,0.7653250807785544,0.19613674604601133,14.396963850918272,0.024558017953169937,0.028460637940210032,0.004631249577846352,0.7000000000000001
19.449389705001522,8.256090053942584,0.9531053485543897,0.7422488174719682,-0.010659095081833006,0.7532122919225627,0.21345506938655612,14.387220802984778,0.023124156244156438,0.02810533477081556,0.008615392203765853,0.7000000000000001
19.450949222000418,8.28113945098289,0.953413903508687,0.7514819112091488,0.009256648628922441,0.7589036896745698,0.2474520955183452,14.376782118449398,0.02214398742306501,0.02841388972511294,0.011303427460010023,0.7000000000000001
19.46956586200031,8.28113945098289,0.953413903508687,0.7514819112091488,0.009256648628922441,0.7252328212437567,0.23852740396338556,14.376782118449398,0.02214398742306501,0.02841388972511294,0.011303427460010023,0.7000000000000001
19.575788720001583,8.306357732592142,0.9544074139304195,0.7565484482775823,0.029805312651974385,0.7300809655016036,0.24051089263231104,14.365684639501954,0.021371592261784474,0.029407400146845397,0.003841889387719597,0.7000000000000001
19.577794464001272,8.331639819331054,0.9561038142518272,0.7584626021673408,0.05089200964223225,0.717821697373784,0.26229045213308644,14.353953675404293,0.02093212205259098,0.031103800468253118,0.006901934774116557,0.7000000000000001
19.582564908001586,8.356897089678679,0.9584987780111368,0.7577181104287634,0.07184891277928773,0.6825475362928025,0.2661308004000311,14.34162771117965,0.020486184984451268,0.033498764227562705,0.007860990637255972,0.7000000000000001
19.70972659400104,8.382159923399781,0.9616284672054439,0.7578850116330751,0.09389067582921452,0.5954399749073147,0.2531158405913151,14.328660149341319,0.020082123367225483,0.03662845342186982,0.0038063851905172216,0.7000000000000001
19.711468473000423,8.40747393548414,0.9654968668176984,0.759420362530769,0.11605198836763321,0.5590581804077343,0.2745339867938233,14.315027961927568,0.019383696973736295,0.040496853034124314,0.003430658513209234,0.70178344238091
19.7134192350004,8.43283823384566,0.970121384426199,0.7609289508455839,0.13873552825501778,0.532728443854385,0.29900243067614407,14.300714490663177,0.01811524589774624,0.026363247624839246,0.0022278918175530587,0.70178344238091
19.829426338001213,8.458179900606824,0.9754606190754149,0.7602500028349424,0.16017703947647743,0.49014678109790205,0.3331782411026807,14.285785522517026,0.01617160344019404,0.012219392238257127,0.001800717812844448,0.7071067811865476
19.83480028500162,8.458179900606824,0.9754606190754149,0.7602500028349424,0.16017703947647743,0.49613257918372566,0.34740604553481846,14.285785522517026,0.01617160344019404,0.012219392238257127,0.001800717812844448,0.7071067811865476
19.836699339000916,8.483291388660174,0.9814432879560514,0.7533446416005101,0.1794800664190955,0.4962620563977768,0.3408248597655588,14.270387024597907,0.015537999578594178,0.006443273427419238,0.0042514724311019485,0.7071067811865476
19.95475484400049,8.508023150528054,0.9880315685332874,0.7419528560364208,0.19764841731708005,0.49515524050853305,0.3607462688492697,14.254610525468937,0.01622300480395651,0.013031554004655277,0.0038715476978580746,0.7158910531638177
19.956515559000763,8.532271228031123,0.9951805343412451,0.7274423250920574,0.21446897423872918,0.4637865381485983,0.3474526587448894,14.238535630665067,0.017544969176726377,0.02018051981261293,0.008177445744590625,0.7158910531638177
19.958289669000806,8.555857903075491,1.0028518726152371,0.7076002513310393,0.23014014821975787,0.42567288884281285,0.34330066842810764,14.222264259306556,0.019506297345359982,0.027851858086604953,0.011992631700676496,0.6800735254367722
19.96759053599999,8.578688615023983,1.0110439893662226,0.6849213584547665,0.24576350252956428,0.4451364835553545,0.38654783675957205,14.20583150886184,0.02161341878168833,0.036043974837590476,0.016086827338097746,0.6800735254367722
20.08206034000068,8.600767658905976,1.0197552904790383,0.6623713164597892,0.2613390333844704,0.4561449724354659,0.4183545399551851,14.189233876509526,0.023686314299317862,0.04475527595040618,0.0007189713371018727,0.696419413859206
20.083926232000522,8.62213956874342,1.0289612497413463,0.6411572951233095,0.2761787778692402,0.4607734730367182,0.4559572232789797,14.172473634305685,0.025655137302452627,0.05396123521271412,0.002045613191081139,0.696419413859206
20.085635751000154,8.62213956874342,1.0289612497413463,0.6411572951233095,0.2761787778692402,0.482846485604908,0.48307479499561745,14.172473634305685,0.025655137302452627,0.05396123521271412,0.002045613191081139,0.696419413859206
20.10276443300063,8.642835216238014,1.0386602644218708,0.6208694248378258,0.2909704404157335,0.5846953361097929,0.5713181511466755,14.155537544202415,0.02654157373058221,0.0636602498932386,0.00394446829102523,0.696419413859206
20.213159177001216,8.662750836315354,1.0487138115070078,0.5974686023202145,0.3016064125541138,0.6056491504554065,0.5984126947463368,14.13859079406209,0.02768042374205878,0.060785083821672574,0.0050308235065232776,0.7158910531638177
20.335198098000546,8.718594715968727,1.0813951347612363,0.5417872373266523,0.3417039226180317,0.6019208701353719,0.6161997722559222,14.087000939455429,0.023695826824822314,0.04440668312222184,0.007638923208324582,0.6946221994724903
20.3370432720003,8.736351111415797,1.0934314673936467,0.5326918634120777,0.3610899789723145,0.5189574440369286,0.6441280045029836,14.069099274416835,0.02211719470761065,0.04036198791716315,0.008301115888903522,0.6946221994724903
20.338857487000496,8.736351111415797,1.0934314673936467,0.5326918634120777,0.3610899789723145,0.5479898067017198,0.6376405846991531,14.069099274416835,0.02211719470761065,0.04036198791716315,0.008301115888903522,0.6946221994724903
20.358311663001587,8.753924084817113,1.106259842105054,0.5271892020394706,0.3848512413422174,0.515724569230828,0.6078520596026848,14.05054486423179,0.021273504399747227,0.037007050009520426,0.009730509249407802,0.6800735254367722
20.462680317001286,8.771471748096056,1.1199394985125681,0.526429898368291,0.41038969222542115,0.4789317141194702,0.5946847668356027,14.031221755556878,0.02016886148391967,0.03427195612105559,0.006319412902864279,0.6800735254367722
20.584447447001367,8.789007770941543,1.1345020778849477,0.5260806853645981,0.43687738117139097,0.4483004415631596,0.5814196054305492,14.011094704750555,0.01939273240793655,0.03216941407774689,0.003259731376522912,0.6800735254367722
20.586281350000718,8.806505696099768,1.1499534435118168,0.5249377547467113,0.4635409688060764,0.4383271714604492,0.6269461361266625,13.990167538690724,0.01930595350813627,0.030722277955023955,0.005904379944178596,0.7106335201775948
20.58817513500071,8.823912686055259,1.1663225059074815,0.5222096986647294,0.4910718718699409,0.4043143488993824,0.6297432351288857,13.96843265601277,0.019046841327885637,0.029988352339089634,0.007426503046480704,0.6726812023536856
20.728293902000587,8.841143290244062,1.1835413616960275,0.5169181256641128,0.5165656736563781,0.3399780285352377,0.6154565948306693,13.945984283970864,0.019473329539855592,0.02998004496559913,0.0017413147996452037,0.6726812023536856
20.779793900001096,8.858201864110965,1.2014325230391305,0.5117572160070883,0.5367348402930868,0.3253124578718557,0.660174651826185,13.922984258237255,0.020262514879723328,0.03056877321595135,0.0029122738790945835,0.6726812023536856
20.83007204400019,8.858201864110965,1.2014325230391305,0.5117572160070883,0.5367348402930868,0.3375991630782791,0.6824511133217163,13.922984258237255,0.020262514879723328,0.03056877321595135,0.0,0.6726812023536856
20.8324086800003,8.858201864110965,1.2014325230391305,0.5117572160070883,0.5367348402930868,0.32868666719961304,0.7144251989081978,13.922984258237255,0.020262514879723328,0.03056877321595135,0.0,0.6726812023536856
20.834297969000545,8.874986858722814,1.2199259467908368,0.5035498383554304,0.5548027125511897,0.3179092356301729,0.7480961308378188,13.899534882242326,0.021032017456151117,0.03177681504592237,0.0004140358287810779,0.6726812023536856
20.847066517000712,8.891425052507964,1.2389493502193074,0.4931458135545409,0.5707021028541162,0.37564439137186156,0.6306865448410717,13.875729775397978,0.022419125651634567,0.03360483431550192,0.00021781138071320106,0.6726812023536856
20.94597619200067,8.90746021224965,1.2584690849216609,0.4810547922505465,0.5855920410706029,0.37564439137186156,0.6306865448410717,13.85162032724992,0.023747485946105488,0.0360688008997439,0.0009085993882853437,0.6800735254367722
20.948667234000823,8.92302911781604,1.2783813186387931,0.46706716699170764,0.5973670115139673,0.3250298997225576,0.6280853007355558,13.827325595544906,0.025360199740360464,0.03913999768805224,0.002255168953213398,0.6800735254367722
21.0744627160002,8.952595166612703,1.3192844887741846,0.43512169749288576,0.6185762274340689,0.21422680850815518,0.5632390830335874,13.778333190109283,0.028792980390020345,0.047156553065801125,0.0037782966707143118,0.6946221994724903
21.084753524000917,8.966415610677155,1.3402128401442128,0.41461332193352807,0.6278505411008443,0.19213350018138123,0.7356479656513717,13.753757924549923,0.03095438484099807,0.05218260252161993,0.005610180517761595,0.6946221994724903
21.184182102000705,8.979582876846424,1.361543013410479,0.395017985078044,0.63990519798798,0.19213350018138123,0.7356479656513717,13.729055244781984,0.032057424784343876,0.05795464948410173,0.008288286057915538,0.670820393249937
21.190575453001657,8.979582876846424,1.361543013410479,0.395017985078044,0.63990519798798,0.1579260460597321,0.7684530900020046,13.729055244781984,0.032057424784343876,0.05795464948410173,0.008288286057915538,0.670820393249937
21.192432779000228,8.992006184029233,1.3834844546084961,0.37269921548428975,0.6582432359405193,0.16907977028893892,0.7936954900451454,13.704063938853299,0.03356080525290381,0.0646849865904984,0.011799276266343623,0.670820393249937
21.302616598000895,9.00370085117421,1.4059800893922578,0.3508400143493197,0.6748690435128518,0.11257921262850773,0.9000689812295106,13.678830597139077,0.0333094809527133,0.07129928405382735,0.0011938780614838417,0.696419413859206
21.305050086000847,9.014795982146431,1.4287826702024584,0.33285392916660006,0.6840774243060166,0.0801432458000283,0.9009518942780759,13.65353611787641,0.03200198119227431,0.06020415308160665,0.0030603407287599156,0.696419413859206
21.429806198000733,9.025340444444804,1.451638704007232,0.31633386895118376,0.6856810141432103,0.11228936583020413,0.9660498953049287,13.628397304113038,0.02939532356207684,0.0496596907832334,0.0027410580783321023,0.6800735254367722
21.435641802001555,9.025340444444804,1.451638704007232,0.31633386895118376,0.6856810141432103,0.14246059185840862,0.9784026540473207,13.628397304113038,0.02939532356207684,0.0496596907832334,0.0027410580783321023,0.6800735254367722
21.437463652000588,9.035315811487221,1.4743361929312737,0.2992610112724928,0.6809246677212533,0.17386562299382904,0.9893409503763143,13.603617625414811,0.026363030874474187,0.03968432374081665,0.005888137335375622,0.6800735254367722
21.44471378900016,9.04460902778413,1.4967995321361227,0.27879648890728764,0.6739001761454695,0.2746508663987003,0.9899102232512423,13.579309257658357,0.023112746833557764,0.030391107443907828,0.007431495562431971,0.6800735254367722
21.550747980001688,9.04460902778413,1.4967995321361227,0.27879648890728764,0.6739001761454695,0.2746508663987003,0.9899102232512423,13.579309257658357,0.023112746833557764,0.030391107443907828,0.0014236707588552106,0.6800735254367722
21.567199761000666,9.053191639473045,1.5190285203269789,0.2574783506674593,0.6668696457256872,0.30471118649620876,0.9626755260688284,13.555482949722991,0.02006986520080863,0.021808495754992663,0.0033848197469980978,0.7158910531638177
21.670011572001386,9.061065814608751,1.5410245712040935,0.23622525407115902,0.6598815263134413,0.28649162775620207,0.9330683368157102,13.532136621605765,0.017676000023037926,0.013934320619286567,0.00496990347684603,0.7158910531638177
21.672562360001393,9.068187694255402,1.5632444381765207,0.21365638939949405,0.6665960091728179,0.24175571899436088,0.9440994962715872,13.508862835085518,0.01608181087027773,0.0068124409726362245,0.006912918186993642,0.7071067811865476
21.674136475001433,9.068187694255402,1.5632444381765207,0.21365638939949405,0.6665960091728179,0.23758070224444586,0.9132586128422258,13.508862835085518,0.01608181087027773,0.0068124409726362245,0.006912918186993642,0.7071067811865476
21.691830446001404,9.074474544315954,1.5859034417474425,0.18860550181656136,0.6797701071276506,0.24655896070373118,0.8743464581240492,13.48549290070618,0.01577205753528662,0.008081529900632113,0.009795522224518434,0.7071067811865476
21.792198321001706,9.079946987735646,1.6091223154720464,0.16417330259072746,0.6965662117381177,0.2535158869775065,0.8414216171758387,13.46190764995002,0.017301070996024178,0.020630151111089654,0.006896342266455927,0.70178344238091
21.79784714500056,9.08468992578861,1.632991315730633,0.14228814158889347,0.7160700077575979,0.20165968994021047,0.8228314512257027,13.437992434665755,0.019414770485793445,0.03415431939408115,0.010281491283318926,0.70178344238091
21.932687186001203,9.089011287632744,1.6575999184682886,0.12964085532402342,0.7382580821296667,0.24082624796642402,0.7009482633107768,13.413550151409297,0.020081849979532124,0.03598884834035232,0.006850833379620247,0.7000000000000001
21.934677292001652,9.089011287632744,1.6575999184682886,0.12964085532402342,0.7382580821296667,0.24466823952806707,0.6864206637963797,13.413550151409297,0.020081849979532124,0.03598884834035232,0.006850833379620247,0.7000000000000001
21.936453686001187,9.093247772413237,1.6829680391996193,0.12709454341481782,0.7610436219399197,0.22368482323384684,0.661016742887106,13.388437197222949,0.02075177713079703,0.031752363559858665,0.009507575993847378,0.7000000000000001
22.03046822000033,9.097427103888332,1.7090969065123962,0.12537994425286778,0.7838660193833027,0.32697224738561026,0.5670285834393908,13.362642517597772,0.020457413049879455,0.027573032084763582,0.008678406024945616,0.7000000000000001
22.036394104001374,9.101513424928557,1.73588731897806,0.12258963120672911,0.80371237396991,0.3348768100462079,0.5680070689151804,13.336271983960772,0.02018631287902383,0.02348671104453892,0.012536176664892701,0.75
22.038147155000843,9.105488678245592,1.763205980966879,0.1192575995110672,0.8195598596645689,0.36039623098871965,0.5900886312431362,13.309456413061518,0.019707635658435974,0.01951145772750351,0.016242944450620404,0.75
22.051792991000184,9.109262944421978,1.7909393742475872,0.11322798529155523,0.8320017984212499,0.4968818752449932,0.6472795815653298,13.282335255758602,0.019594047108377557,0.015737191551117746,0.020312037404763533,0.75
22.152817734000564,9.109262944421978,1.7909393742475872,0.11322798529155523,0.8320017984212499,0.5288149369348214,0.6589663501038647,13.282335255758602,0.019594047108377557,0.015737191551117746,0.0036734698452670156,0.75
22.154584871001134,9.112831231985597,1.8189736849771758,0.10704862690855872,0.8410293218876594,0.5494498238877157,0.6321453575847364,13.255016396479537,0.019846665362017256,0.012168903987499036,0.007624986788835961,0.75
22.164139006001278,9.1162266507387,1.847189414739862,0.10186256259310203,0.8464718928805874,0.6393481350122054,0.5303780075275154,13.227598574006926,0.021041563754297995,0.008773485234396361,0.011500316047218809,0.75
22.281885900001726,9.119370547427158,1.875312564541288,0.09431690065372463,0.8436944940427791,0.6662136027671152,0.5099500428852641,13.200365625182437,0.022822668653714462,0.005629588545938091,0.010910932962495998,0.75
22.293684689000656,9.125835947123837,1.9302909091478875,0.1020820574402008,0.8157989666895961,0.8192637703044582,0.4357110395892777,13.14701971478304,0.02985524139320762,0.0008358111507416055,0.02270531002791975,0.75
22.410160196001016,9.125835947123837,1.9302909091478875,0.1020820574402008,0.8157989666895961,0.887337918594121,0.4447192039487942,13.14701971478304,0.02985524139320762,0.0008358111507416055,0.015860798476006546,0.75
22.431275734001247,9.134568093073781,1.9835109628510676,0.14354185453833102,0.7937079558395385,1.0170055998680747,0.5475105414494843,13.094457629458015,0.040782949687506696,0.0007474286115865605,0.031931766753359236,0.75
22.538277257001027,9.140332929144488,2.00963139975231,0.17294508212122434,0.7836131070372692,1.0504308953206858,0.5557859126888114,13.068102782867287,0.04782361275861888,0.013646154770812357,0.03223212497262883,0.75
22.54046419200131,9.147008220693282,2.035464046000132,0.2002587464638254,0.7749793874346488,1.0462086840294962,0.6203958224160788,13.041669960217343,0.05583801316655202,0.027192450188090255,0.04289589720104859,0.75
22.541954259000704,9.147008220693282,2.035464046000132,0.2002587464638254,0.7749793874346488,1.0249223516191854,0.6885332640139139,13.041669960217343,0.05583801316655202,0.027192450188090255,0.04289589720104859,0.75
22.56477078000171,9.154609760505426,2.060971271095667,0.2280461943643145,0.7652167528660618,1.101994913618438,0.5900061104421644,13.015187180992521,0.06298988320506832,0.03985368167376834,0.05267475865924326,0.8
22.662788178000483,9.163082303085533,2.086121708369665,0.25417627740318466,0.7545131182199323,1.101994913618438,0.5900061104421644,12.988703859593297,0.07152947810177292,0.05164673410773414,0.022226496382126315,0.8
22.668704454001272,9.172310980431723,2.1109796224011554,0.2768603203856824,0.745737420944709,1.0978944731143725,0.5975996781772986,12.962203851508203,0.079345837568064,0.06269827335267958,0.032362401718891445,0.8
22.780686707001223,9.172310980431723,2.1109796224011554,0.2768603203856824,0.745737420944709,1.0197441031123002,0.5370765358956384,12.962203851508203,0.079345837568064,0.06269827335267958,0.0,0.8
22.78244927600099,9.182641667091447,2.1353984378274693,0.3099205997917293,0.7325644627894161,1.013273867363246,0.5285388758710906,12.93569107221437,0.08647403688415467,0.0726600847377646,0.00912462828665204,0.8
22.790025718000834,9.194292765766825,2.159341073819971,0.34953296026134195,0.7182790797750516,0.8848263600415502,0.5517593751307959,12.909116896959702,0.09322668434788858,0.08135151412590982,0.01695940152709831,0.8
22.90860434300157,9.207284434514749,2.1829847955069908,0.3897500624377065,0.7093116506105939,0.8287469743230368,0.5169973055270531,12.882310234925225,0.09876739455832777,0.08888365299270277,0.01718105321171037,0.8062257748298549
22.91398482400109,9.221700054865694,2.206500639601811,0.4324686105283557,0.7054753228446072,0.8071829371223463,0.5413027352870903,12.85508216195017,0.10373646508001459,0.09531848291231168,0.02408373905019412,0.8321658488546619
22.91579142500086,9.237560070082782,2.2299774846282405,0.4758004565126614,0.7043053507928769,0.7883613788017355,0.5131951652190805,12.827344097181061,0.10791018783202534,0.10070439492164045,0.02991060060876698,0.8321658488546619
22.922014148000017,9.237560070082782,2.2299774846282405,0.4758004565126614,0.7043053507928769,0.7678737901573777,0.418882979067175,12.827344097181061,0.10791018783202534,0.10070439492164045,0.02991060060876698,0.8321658488546619
23.040039453000645,9.25477224883693,2.253203122193651,0.5163653626244459,0.6967691269623036,0.7530378982185457,0.3888063050807287,12.799329209948581,0.11101818657809838,0.10495655242547053,0.007551742398912665,0.8200609733428363
23.04254886400122,9.273183720579137,2.2762630737859717,0.5523441522661845,0.6917985477696251,0.7058054884239303,0.4120339324785817,12.771018373473566,0.11365070242705819,0.10824352404969569,0.010010438063501702,0.8200609733428363
23.180026287000146,9.313525436157391,2.3219072490292745,0.6214908944274014,0.6838032311107003,0.581349598820953,0.28932038096242974,12.713528526761618,0.11642550117696376,0.11199292923581845,0.0062842162661458255,0.8139410298049854
23.279900759000157,9.35747515982907,2.367883398212474,0.6684607840460721,0.6928328697770503,0.550116650494852,0.1892177839146508,12.654410370205985,0.11766821124049494,0.1134258284565853,0.00634845402436602,0.8139410298049854
23.395223662000717,9.35747515982907,2.367883398212474,0.6684607840460721,0.6928328697770503,0.570417114319616,0.05927843386208442,12.654410370205985,0.11766821124049494,0.1134258284565853,0.0,0.8139410298049854
23.397285954000836,9.380113446852306,2.3911744541674267,0.6791486106970894,0.6987316786485809,0.5649722370847549,0.03937826687837087,12.624338586132973,0.11835253840996007,0.11388740579474971,0.007392190326736737,0.8139410298049854
23.403072426001017,9.380113446852306,2.3911744541674267,0.6791486106970894,0.6987316786485809,0.691158462203346,0.02471044556241231,12.624338586132973,0.11835253840996007,0.11388740579474971,0.007392190326736737,0.8139410298049854
23.519622563000667,9.402899655656325,2.414551788937064,0.6835862641206055,0.7013200430891178,0.750083806848849,-0.006389620529925921,12.594143541276136,0.1191893590619039,0.1143053949735733,0.008976981920127847,0.8200609733428363
23.522683489001793,9.402899655656325,2.414551788937064,0.6835862641206055,0.7013200430891178,0.7827003882164724,0.028049940534211282,12.594143541276136,0.1191893590619039,0.1143053949735733,0.008976981920127847,0.8200609733428363
23.63685989000078,9.425697472868722,2.438044574560699,0.6839345163718669,0.7047835687090547,0.7948315187279125,-0.0726465284745193,12.563849269235881,0.12041025748591161,0.11479681184987048,0.008526054998995357,0.8200609733428363
23.638892736000344,9.448452118813778,2.461261878795496,0.6826393783516791,0.6965191270439024,0.8299650063760815,-0.03837511442946079,12.53383910639302,0.12161812141002808,0.11512396066391828,0.016837474533079922,0.8500000000000001
23.668068207000033,9.47106200730477,2.4841580685493896,0.6782966547297841,0.6868856926168159,0.8748775453129285,-0.22854442455596632,12.504193325307458,0.12321681196061664,0.11532640622837932,0.026361970434184975,0.8321658488546619
23.767358221000904,9.47106200730477,2.4841580685493896,0.6782966547297841,0.6868856926168159,0.8435287386595987,-0.23930174655521597,12.504193325307458,0.12321681196061664,0.11532640622837932,0.004481415004960295,0.8321658488546619
23.76930674900177,9.493290023275843,2.5063419967085103,0.6668404791322194,0.665517844773628,0.8108056835840054,-0.25105224251643865,12.475363029063912,0.12457117674784894,0.11529523143757922,0.010275715348207898,0.8
23.877675930001715,9.515089455330969,2.527506788619412,0.6539829616537726,0.6349437573270496,0.6937160606171147,-0.3071251672294203,12.44765053454133,0.126422045069181,0.11484647308798547,0.021856539588682444,0.8
23.880028256000514,9.536392794033533,2.547487985112101,0.6391001610769356,0.5994358947806718,0.726640714889571,-0.3120454332129581,12.421233617659654,0.12770944019600275,0.11391157736568924,0.03327872495944264,0.8
23.8853728640006,9.557595966293595,2.56637075108514,0.6360951678018544,0.5664829791911667,0.8634753039010595,-0.32763223661327273,12.39588794951199,0.1291644198919666,0.11227080234502752,0.0437041714470557,0.75
23.995990663001066,9.579084754212104,2.584136740696305,0.6446636375552426,0.5329796883349602,0.897030049969106,-0.33057362186025785,12.371490664692681,0.1301716259690248,0.10963838641691509,0.02630538226614646,0.75
23.998113258001467,9.579084754212104,2.584136740696305,0.6446636375552426,0.5329796883349602,0.9300728001306515,-0.3314653651421153,12.371490664692681,0.1301716259690248,0.10963838641691509,0.02630538226614646,0.75
23.99993984700086,9.601031517819463,2.600702640527874,0.658402908220751,0.4969769949470628,0.9652080085468113,-0.3311240121324541,12.348058841988745,0.1300941654733527,0.10583354115241249,0.039670201135837045,0.7000000000000001
24.116576646001704,9.623579016102163,2.61605862716914,0.6764249484810059,0.460679599237981,1.099617880147786,-0.3242648398153006,12.325552899553724,0.13102490564281027,0.10074837450377264,0.0348196354546961,0.7000000000000001
24.11859931300023,9.646802690803721,2.630102870167602,0.6967102410467491,0.42132728995385615,1.143934111442402,-0.28311052346068677,12.304044312484024,0.13064320096008572,0.09425753609907468,0.04991298813360936,0.7000000000000001
24.124028966001788,9.646802690803721,2.630102870167602,0.6967102410467491,0.42132728995385615,1.1784498244109434,-0.2873218588960817,12.304044312484024,0.13064320096008572,0.09425753609907468,0.04991298813360936,0.7000000000000001
24.129643181000574,9.670434332088238,2.642646891148709,0.7089492385355128,0.37632062943321487,1.2035985130006277,-0.3374175743832526,12.283810168968214,0.12974479377941714,0.08691101552801865,0.06335917485185241,0.7000000000000001
24.242150167001455,9.694286652412352,2.6536423066811197,0.7155696097234049,0.3298624659723198,1.2034065303322048,-0.3381016455946408,12.264966960596032,0.13098348588505998,0.08442703942859257,0.025533041344396667,0.65
24.244295735001288,9.694286652412352,2.6536423066811197,0.7155696097234049,0.3298624659723198,1.1794423729023407,-0.2940506632443797,12.264966960596032,0.13098348588505998,0.08442703942859257,0.025533041344396667,0.65
24.24774640800024,9.718366576497507,2.6630900018668786,0.7223977225546745,0.28343085557277414,1.068871737814803,-0.3212534331827147,12.247514921948515,0.13092822974114376,0.0883393790940858,0.03557745569060718,0.65
24.384660444000474,9.742802677845102,2.6710712374895555,0.7330830404278386,0.23943706868030395,1.0012660026509848,-0.3089758313579518,12.231336033432012,0.13040803184180125,0.09607119911906548,0.02866974388286827,0.65
24.38680339700113,9.767754771227711,2.6776358952219095,0.7485628014782806,0.1969397319706227,0.9781803401410465,-0.2771742969756283,12.216331301349978,0.13057657920517254,0.1026358568514194,0.03875041216768173,0.65
24.388763968001513,9.793401749922747,2.6829932646696077,0.7694093608510684,0.1607210834309522,0.9436491827306115,-0.27285983034876776,12.20224697677227,0.12940401877255409,0.10799322629911767,0.04740764865287888,0.65
24.478927076001128,9.81985343596541,2.6873592009036904,0.7935505812798496,0.13097808702247815,0.8788522758600187,-0.25264238333573524,12.188848371311162,0.12877338954704476,0.11235916253320033,0.02725541289195002,0.65
24.48177416100043,9.81985343596541,2.6873592009036904,0.7935505812798496,0.13097808702247815,0.8540086194643531,-0.2141571266558969,12.188848371311162,0.12877338954704476,0.11235916253320033,0.02725541289195002,0.65
24.48771499400027,9.847293056421314,2.6909014057115037,0.8231886136771291,0.10626614423439916,0.821569758137591,-0.20280586297830686,12.175920789909817,0.12750310468915363,0.11590136734101364,0.03807280033578767,0.65
24.597889000000578,9.875791513312729,2.6937082458195545,0.8549537067424317,0.08420520324152654,0.6154204581750609,-0.19792620766236294,12.16336421063209,0.1261163121614554,0.1187082074490644,0.02852597501151282,0.65
24.599922246999995,9.905391832892274,2.695842951053333,0.8880095873863667,0.06404115701334864,0.5834631250951597,-0.1972308131219171,12.151112528184683,0.12423165374026293,0.12084291268284275,0.03936685870376248,0.65
24.601726333999977,9.935900692972321,2.6972826886241448,0.9152658024013958,0.043192127124352046,0.5562695882105132,-0.18045928746040962,12.139262132516086,0.12176247842399439,0.1222826502536547,0.04859681283455918,0.65
24.71478046700031,9.96714355584465,2.6981827580095046,0.9372858861698619,0.027002081560787726,0.4367301522197708,-0.13877459487653043,12.127734281709348,0.11852073742983733,0.1231827196390145,0.0272963521741841,0.65
24.72044974000164,9.998762297013506,2.6985503868806826,0.948562235065702,0.01102886613534371,0.4163340206822546,-0.11368434891511839,12.116649866068448,0.11423805017144999,0.12355034851019253,0.03694926231831262,0.65
24.722073934000946,10.030536948888662,2.698456859585968,0.9532395562546544,-0.002805818841441198,0.38578832400974133,-0.10277531151960968,12.106019804505634,0.10816019337914078,0.1187373865756461,0.04499786691503649,0.65
24.836844041001314,10.06213433492896,2.6981177025606113,0.9479215812089209,-0.01017471076069142,0.2705991035251131,-0.04252629387962927,12.095754588028864,0.10035326485648569,0.09642771138077245,0.004260024219420738,0.651920240520265
24.83892130700042,10.093413210328725,2.6976269473719885,0.9383662619929554,-0.014722655658683716,0.2786459505694268,-0.011925146683447935,12.08581188561471,0.09077166806376424,0.07919850134892945,0.007201524078669939,0.651920240520265
24.84060984700045,10.093413210328725,2.6976269473719885,0.9383662619929554,-0.014722655658683716,0.2838692097839616,0.022452807373931058,12.08581188561471,0.09077166806376424,0.07919850134892945,0.007201524078669939,0.651920240520265
24.84631394600001,10.093413210328725,2.6976269473719885,0.9383662619929554,-0.014722655658683716,0.2892628293992497,0.05591550101520508,12.08581188561471,0.09077166806376424,0.07919850134892945,0.007201524078669939,0.651920240520265
24.95816644000115,10.124151185558953,2.696998174747172,0.9221392569068501,-0.01886317874449098,0.317593879473858,0.15319948616066298,12.076250428920874,0.08238944304360578,0.07200314074077815,0.0033649161573435886,0.6576473218982953
24.96010940800079,10.154059278893296,2.6962549604440014,0.897242800030302,-0.02229642909511631,0.32435885622139526,0.19585508229420018,12.067139226083626,0.07450640494065398,0.07125492132845324,0.00491875971077055,0.6670832032063168
24.98416558700046,10.154059278893296,2.6962549604440014,0.897242800030302,-0.02229642909511631,0.3280882543957874,0.3552466843315262,12.067139226083626,0.07450640494065398,0.07125492132845324,0.00491875971077055,0.6670832032063168
25.07503100500071,10.182911097020748,2.6954489883539585,0.8655545438235304,-0.0241791627012876,0.3280882543957874,0.3552466843315262,12.058497802424643,0.06684966927562074,0.07044894923841039,0.0005556409011074673,0.6670832032063168
25.08107473200107,10.182911097020748,2.6954489883539585,0.8655545438235304,-0.0241791627012876,0.3071728160249112,0.39381515948205503,12.058497802424643,0.06684966927562074,0.07044894923841039,0.0005556409011074673,0.6670832032063168
25.082859212001495,10.210509518491119,2.694714047869638,0.8279526441111341,-0.022048214529624403,0.3206230248123106,0.416782776393798,12.050256588787242,0.05948102725931615,0.06971400875408973,0.001051126578030857,0.6800735254367722
25.195915797999987,10.261614502713929,2.693496068853116,0.7449666528331016,-0.017073452571347156,0.327317632401264,0.5059650622000644,12.035012885620246,0.043386084589318905,0.06849602973756808,0.004698005808089693,0.696419413859206
25.198024968000027,10.284961626543389,2.6930259839251742,0.7004137148837976,-0.01410254783825756,0.27264472295227016,0.5003966736512743,12.02803283976032,0.03383432931823615,0.0680259448096261,0.008042502917225693,0.696419413859206
25.206002986000385,10.306938339686585,2.6929565086098597,0.6593013942958973,-0.002084259459436747,0.3625369805077897,0.6050320505064636,12.021146283670527,0.025186622508511395,0.060824111683581004,0.012589986626065584,0.7158910531638177
25.31965120300083,10.327634480787658,2.693314948605249,0.620884233032177,0.010753199861684042,0.39655336988998363,0.6634446056016078,12.014291717461113,0.015195780049048332,0.04644318531800654,0.007958964780782367,0.7158910531638177
25.321486178001578,10.327634480787658,2.693314948605249,0.620884233032177,0.010753199861684042,0.3948065828167494,0.7036019801975801,12.014291717461113,0.015195780049048332,0.04644318531800654,0.007958964780782367,0.7158910531638177
25.323039013001107,10.347168535168406,2.6944468193571147,0.5860216314224096,0.03395612255597591,0.4381995398584515,0.7185172403087698,12.007097374465781,0.005524764623003973,0.033430876485383766,0.014743877152186594,0.7158910531638177
25.438218104000043,10.383033007604691,2.699448922588558,0.5223834473586944,0.09095549889144751,0.5161438636733436,0.8289020216249174,11.991180446112194,0.010237268682709081,0.011607885937157598,0.019511870425384253,0.73824115301167
25.443449997001153,10.399443689381764,2.7036440589329382,0.4923204533121557,0.12585409033140774,0.5806318618332884,0.9475612115806455,11.982113575807523,0.017138570652653416,0.002970190925808579,0.02512170329493984,0.6946221994724903
25.476244065001083,10.414894077670775,2.7091598982757885,0.4635116486703118,0.16547518028550462,0.5609558114124232,0.9203685721783194,11.972102734350152,0.022408342699031983,0.004054596002052062,0.029529333395133448,0.7211102550927979
25.577731981000397,10.429495990880982,2.715892458567985,0.43805739630619045,0.20197680876589838,0.5244903447674255,0.8609702737504725,11.961208308354472,0.026197523985987955,0.009619068813927273,0.01888469198798499,0.7211102550927979
25.57986574700044,10.443390600219194,2.723949441589695,0.4168382801463543,0.24170949065129715,0.49038972367784534,0.8730909803028837,11.949281091767519,0.028717825570964882,0.013746893968359418,0.022201980578484923,0.7211102550927979
25.703815079001288,10.456696689744218,2.733329241592649,0.3991826857507141,0.2813940000886089,0.45465115174880183,0.7373661001901572,11.936283472695907,0.030560247259284214,0.01652319991431694,0.009387805432486372,0.75
25.70661446500162,10.469485897202421,2.7440924950336614,0.3836762237460777,0.32289760323037064,0.4385425638379198,0.7095105992607303,11.922133530201839,0.031025690099776057,0.0179557657382437,0.01213782839628191,0.75
25.71393867000006,10.481827456880584,2.7562171839955663,0.3702467903448751,0.3637406688571455,0.408950732710272,0.7106627247584428,11.906829180283921,0.030176636796769664,0.018109116492350658,0.013663962837875224,0.7106335201775948
25.83748636600103,10.481827456880584,2.7562171839955663,0.3702467903448751,0.3637406688571455,0.42402589235046034,0.6656692437439666,11.906829180283921,0.030176636796769664,0.018109116492350658,0.00023734174278265035,0.7106335201775948
25.884034270000484,10.493884806554304,2.769765340735536,0.3617204902116122,0.4064447021990809,0.4383085873496114,0.6968138513165721,11.890260056970899,0.028307038057941176,0.017054956706363956,0.0017000767025506676,0.7106335201775948
25.932739905001654,10.50569124420382,2.784740675521876,0.3541931294855208,0.4492600435901997,0.42024491133462794,0.7215917688086244,11.87241125518242,0.02573386199839439,0.014814208052033385,0.0005831769414329046,0.7433034373659253
25.93475266400128,10.517271544610555,2.8011582407098783,0.3474090122020544,0.4925269556400751,0.40837320375182223,0.7225744838026105,11.853259816883098,0.021966043608667944,0.011393745322805019,0.00012670908055667342,0.7071067811865476
25.94039640000119,10.52880167938257,2.819061953888969,0.3459040431604266,0.5371113953727216,0.38942505003694844,0.7477391684044158,11.832709776098461,0.017094212559147632,0.006886944810737442,0.001254069595828311,0.7071067811865476
25.942022934001216,10.54028387030658,2.8384378744373544,0.3444657277202898,0.5812776164515607,0.38415497386338476,0.7565692435017408,11.810773066650063,0.011849913986470666,0.0013052350644875948,0.004047503710365641,0.7071067811865476
25.944022197001686,10.54028387030658,2.8384378744373544,0.3444657277202898,0.5812776164515607,0.3647807091589973,0.7564638169852358,11.810773066650063,0.011849913986470666,0.0013052350644875948,0.004047503710365641,0.7071067811865476
26.045647540000573,10.551644786295737,2.8589841027459273,0.3408274796747688,0.6163868492571821,0.34605407359456597,0.6981808403226524,11.78775903744817,0.005758664107674446,0.005189761563886613,0.0072891577174145844,0.7106335201775948
26.047320170000603,10.562845717252161,2.8804649672646794,0.3360279286927217,0.6444259355625656,0.3196771666230637,0.6983914057361893,11.76390355157405,0.0010830254572789242,0.01245877229595689,0.012053794209822652,0.7106335201775948
26.07183748100033,10.573800746451017,2.9025580435757163,0.32865087596566817,0.6627922893311127,0.37236699831503717,0.6443419607346788,11.739539494512563,0.00758345164359318,0.020334560938154788,0.01733071281466753,0.6800735254367722
26.170900132001407,10.573800746451017,2.9025580435757163,0.32865087596566817,0.6627922893311127,0.3605605831748161,0.6362162384250478,11.739539494512563,0.00758345164359318,0.020334560938154788,0.0069427553784296445,0.6800735254367722
26.180856726001366,10.594945070281756,2.9478260054402807,0.3134215748015265,0.683342290464791,0.34728748105114415,0.5320135147436079,11.690012611852746,0.021414557634980496,0.037392548978762,0.021754641808798932,0.6800735254367722
26.287981734001733,10.605142796278898,2.9709556205997076,0.3059317799142315,0.6938884547828061,0.34728748105114415,0.5320135147436079,11.664889869735697,0.02776907974847515,0.046536775498966655,0.012864727882877564,0.6946221994724903
26.410457333000522,10.624935126735071,3.0180822237613993,0.29355354625952185,0.7113688214483557,0.28763675352421764,0.6989448783903803,11.613999202372666,0.03940384312801656,0.06586502508784167,0.013186142792956781,0.670820393249937
26.416667973000585,10.634625589089127,3.0419511098543497,0.2907138706216826,0.7160665827885054,0.234036369318288,0.7497207266425757,11.588324514986938,0.044224610638122844,0.07589068466014995,0.019303670088452234,0.670820393249937
26.4368117740014,10.644185206330523,3.0659578119372224,0.2867885172418459,0.7202010624861864,0.19246367522234292,0.8274660830744996,11.562557800767701,0.0457654278865399,0.08081495348443113,0.02433571718981777,0.65
26.524570391000452,10.644185206330523,3.0659578119372224,0.2867885172418459,0.7202010624861864,0.19246367522234292,0.8274660830744996,11.562557800767701,0.0457654278865399,0.08081495348443113,0.005659145678841507,0.65
26.554575785999987,10.653561696143296,3.0900683295741036,0.2812946943831853,0.7233155291064365,0.16742844235290064,0.705604666726348,11.536747044541535,0.04650423513368484,0.07143846367165807,0.011528055944504881,0.696419413859206
26.643560360000265,10.662720086973358,3.1142097190228974,0.2747517249019075,0.7242416834638121,0.14283395410090374,0.7157325154644287,11.510972213419134,0.04474670149206131,0.06228007284159531,0.005933132097438007,0.6800735254367722
26.64951512100015,10.671636049254701,3.138262751653992,0.26747886844025603,0.7215909789328352,0.12010822256127052,0.7555884644974982,11.485354277537382,0.04294492581825645,0.0533641105602527,0.009180635961021892,0.6800735254367722
26.763786231000267,10.68027167998361,3.162213780576008,0.259068921867287,0.7185308676604882,0.1000031255101747,0.8152439215847122,11.459917502519096,0.040130809549200334,0.04472847983134365,0.005100589347387785,0.6670832032063168
26.766084756000055,10.688595222212188,3.1858505276371654,0.24970626685732902,0.7091024118347082,0.0699132445019815,0.8444140978186477,11.434873906737732,0.0375436250463762,0.036404937602766196,0.010303942189061546,0.6670832032063168
26.768111101000613,10.696545463567864,3.2094987419383294,0.2385072406702631,0.7094464290349249,0.06650483245400486,0.8114552407932704,11.409930781271344,0.03528284292975242,0.028454696247090183,0.013255125992149822,0.6576473218982953
26.88286915700155,10.704041590900806,3.2333510701382893,0.2248838199882424,0.7155698459987968,0.030802651365387256,0.7702037419994213,11.384928303735434,0.033514030202061784,0.02256105451311809,0.0019534906938170984,0.7071067811865476
26.889281346000644,10.704041590900806,3.2333510701382893,0.2248838199882424,0.7155698459987968,0.002956352667060229,0.7558491985294906,11.384928303735434,0.033514030202061784,0.02256105451311809,0.0019534906938170984,0.7071067811865476
26.890830805001315,10.710990112853937,3.257539494335213,0.20845565859394577,0.7256527259077238,0.026181851556101754,0.7900539132514834,11.35976838813514,0.033568868546440714,0.032915462330791394,0.004540481117859444,0.70178344238091
27.010844220001673,10.723046219095734,3.3067224602427463,0.17115914204297003,0.7400922869775732,0.027014117476860625,0.926533137909876,11.309228837042427,0.03318430940289313,0.05195394146427823,0.008216436344371025,0.7000000000000001
27.030892523000148,10.72809284431045,3.331434215594776,0.15139875644146442,0.7413526605608917,0.0311835204375015,0.9609380572726,11.284137845651005,0.03250495283071874,0.04690731624956257,0.011424369989943717,0.7000000000000001
27.131831992001025,10.72809284431045,3.331434215594776,0.15139875644146442,0.7413526605608917,0.0311835204375015,0.9609380572726,11.284137845651005,0.03250495283071874,0.04690731624956257,0.003277692701901627,0.7000000000000001
27.139259811001466,10.732463087378603,3.356158338551045,0.1311072920446255,0.7417236886880747,0.03086836022569231,0.9946601296648805,11.259237918445185,0.030928359740570496,0.04253707318140876,0.007198910342555213,0.7000000000000001
27.272583848000068,10.736140017717977,3.381078695135741,0.11030791018123641,0.7476106975408708,0.03185689447351675,1.1047919051889163,11.234359257219403,0.02992258207012834,0.03886014284203476,0.009766691784023528,0.7000000000000001
27.27464961700025,10.739152189990097,3.406171244796492,0.09036516816358829,0.7527764898225262,-0.004084973308707773,1.071205492012704,11.209517003317572,0.02867246287391316,0.03584797056991462,0.012492941581600945,0.7000000000000001
27.27651540000079,10.739152189990097,3.406171244796492,0.09036516816358829,0.7527764898225262,-0.0020604930749498207,1.0371383571656119,11.209517003317572,0.02867246287391316,0.03584797056991462,0.012492941581600945,0.7000000000000001
27.365230219000296,10.74148393775716,3.4314181516267883,0.06995243301189469,0.7574072049088952,0.04179829760681092,0.9524882852088511,11.184733738260448,0.02798511293858238,0.03351622280285227,0.00354959461777817,0.7000000000000001
27.37245961300141,10.743115740594265,3.456678742178198,0.04895408511315489,0.7578177165422996,0.010788818981752435,0.9280908582622901,11.160150506523083,0.027456388010465918,0.03188441996574731,0.0077834454333991785,0.7000000000000001
27.490104280001106,10.74403835556552,3.4821640094859405,0.02767844913766249,0.7645580192322721,0.04616552717438327,1.1301571145691554,11.135570020451178,0.027544390233327932,0.03096180499449197,0.004367573042330894,0.7000000000000001
27.492067476001466,10.744291512562848,3.5079745301156477,0.007594709919812266,0.7743156188912204,0.008206029908339019,1.164507024512142,11.11088578860104,0.027992565884127525,0.030708647997164107,0.009457394150275978,0.7000000000000001
27.6145141900015,10.74398020693744,3.5341866795689323,-0.009339168762223354,0.7863644835985337,0.07589520510349368,1.247693839786948,11.085994766985335,0.028928371454147884,0.031019953622571705,0.00557719432983484,0.7000000000000001
27.616228699000203,10.743204308097365,3.560816750676852,-0.023276965202281372,0.7989021332375948,0.08999142739363863,1.2467564088448295,11.060852628978912,0.030154785713000256,0.031795852462646934,0.011693546765193881,0.7000000000000001
27.62374779700076,10.741960019163889,3.5879622806269023,-0.03732866800429628,0.814365898501503,0.055532760043431884,1.2487658357602351,11.03536902538454,0.03177831236459233,0.03304014139612299,0.01691514436073566,0.7000000000000001
27.73621030400136,10.740187029697209,3.615660829482731,-0.05318968400041111,0.8309564656748699,0.1260761060819573,1.243625673374111,11.009528193245048,0.03384309659527353,0.03481313086280302,0.009086450487208748,0.7000000000000001
27.738366042000052,10.738088263976488,3.6437885937632823,-0.06296297162163976,0.8438329284165405,0.08503631863757866,1.2471041754851786,10.983387796701319,0.036164705058277985,0.036911896583523784,0.017866156314930735,0.7000000000000001
27.760310575000403,10.735721247210229,3.6723467360237962,-0.07101050298779386,0.856744267815415,0.15188790144072095,1.075248187307209,10.956930415047193,0.03871908503720864,0.03927891334978284,0.02485940779530369,0.7000000000000001
27.85878690700156,10.73312041283275,3.701373111744359,-0.07802503132433493,0.8707912716168806,0.1554378222597843,1.0421677092923174,10.930110672616115,0.04144560640701826,0.04187974772726122,0.021303093650640408,0.7000000000000001
27.887652767001782,10.72692834282953,3.761326215183982,-0.09864089365969339,0.9087324639401422,0.17952413535005263,0.873354976853538,10.875007495778965,0.0478268796440333,0.048071817730482636,0.0368371172358862,0.7000000000000001
27.979256723001527,10.72692834282953,3.761326215183982,-0.09864089365969339,0.9087324639401422,0.17952413535005263,0.873354976853538,10.875007495778965,0.0478268796440333,0.048071817730482636,0.021510841990206222,0.7000000000000001
27.98078061400156,10.723419934066515,3.7924488143518054,-0.10525226289044733,0.9336779750346959,0.19174647964646369,0.9065507747911588,10.846515771731347,0.051397837898178235,0.05158022649349725,0.03071909565433468,0.7000000000000001
27.984910764000233,10.719788179239194,3.824455127632185,-0.10895264481960999,0.9601893984113927,0.21907679385985346,1.0032706381682486,10.8172387593718,0.055080320762382014,0.05521198132081828,0.03969943968222696,0.7000000000000001
28.092616699001155,10.715957976631183,3.857292300273442,-0.11490607824033436,0.9851151792377051,0.23542174470777022,1.0377458645206603,10.787251801917106,0.05894331476270524,0.05904218392882932,0.016121744621012502,0.7000000000000001
28.115691475000858,10.711994548441345,3.8909042992688,-0.11890284569513188,1.0083599698607462,0.24978595148523214,0.90152355686764,10.756589420744824,0.06293403488803859,0.06300561211866729,0.03178035590641599,0.7000000000000001
28.219370759001322,10.711994548441345,3.8909042992688,-0.11890284569513188,1.0083599698607462,0.2558983293007267,0.8694022474636602,10.756589420744824,0.06293403488803859,0.06300561211866729,0.015982850865958034,0.7000000000000001
28.221208139000737,10.707800436719651,3.9251966825866105,-0.12582335165080635,1.0287714995343151,0.26233610288000847,0.8365222949002165,10.725373672985286,0.06714921615566025,0.06719972384036055,0.03226593292010174,0.7000000000000001
28.22330417500052,10.703574100449718,3.960042885669159,-0.12679008809802095,1.045386092476458,0.2409837526206555,0.811670446436406,10.693663505628209,0.0713889443730036,0.07142606011029429,0.04500579352149485,0.7000000000000001
28.336447469000632,10.699396097246273,3.995227468836268,-0.12534009610330493,1.0555374950132643,0.3319098000916749,0.6990129972283348,10.661638467420708,0.07557757355990119,0.07560406331373848,0.019096117202801473,0.65
28.343716157000017,10.69528781870806,4.030541523115061,-0.12324835614637544,1.0594216283637814,0.31102661753883526,0.6763450585992258,10.629490065621573,0.07969387450041392,0.07971234185195186,0.03806464298960779,0.65
28.345663223000884,10.691138123729027,4.065882454368152,-0.12449084937095486,1.0602279375927353,0.31490170698803044,0.6415697482885011,10.597351282799421,0.08384896754057786,0.08386203683098437,0.05259876578407996,0.65
28.367599953000536,10.68715903182736,4.101156047546476,-0.11937275705005848,1.05820779534971,0.36168959946139667,0.5655082082869566,10.565243199262095,0.0878320535473831,0.08784112873265215,0.06524729700655124,0.65
28.45467933800137,10.68715903182736,4.101156047546476,-0.11937275705005848,1.05820779534971,0.36168959946139667,0.5655082082869566,10.565243199262095,0.0878320535473831,0.08784112873265215,0.037595556062883534,0.65
28.576039078001486,10.683353305001061,4.136508922633745,-0.11417180478898054,1.0605862526180756,0.362230945232632,0.5164206012087167,10.533025637830953,0.0916409443682815,0.09164685555895069,0.017750392250637938,0.65
28.58425438300037,10.679704396169182,4.171989695471469,-0.10946726495638853,1.0644231851317338,0.3466197294909634,0.5617700702137889,10.500657628187346,0.0952922972435048,0.09529576439082987,0.0354089255433765,0.65
28.586143903001357,10.679704396169182,4.171989695471469,-0.10946726495638853,1.0644231851317338,0.34957373098589195,0.5963619440260651,10.500657628187346,0.0952922972435048,0.09529576439082987,0.0354089255433765,0.65
28.598206102000404,10.67613770328173,4.207469529222409,-0.10700078662354087,1.0643950125282027,0.37008225182052634,0.678120514944654,10.468285062136585,0.09886095415410867,0.09886245727828147,0.05246529963542738,0.65
28.712269354000455,10.672756574909245,4.24278756231217,-0.10143385117457114,1.059540992692829,0.3487009442394639,0.6859994599084746,10.436025801833544,0.1022439506630631,0.10224358565076663,0.01959948720644218,0.65
28.71419751400026,10.669523889026697,4.277837704946216,-0.09698057647642595,1.0515042790213838,0.35359883484653837,0.6533853868014827,10.403991469543538,0.1054784756530384,0.1054762715333144,0.03894195280577156,0.65
28.720746861001317,10.666508216012469,4.312471210007354,-0.09047019042684168,1.039005151834151,0.35925890537561106,0.6194373695323471,10.372298956626963,0.10849626691198198,0.10849194454754318,0.05680688771467186,0.65
28.81299107600171,10.664120723147175,4.346443176402692,-0.07162478595882132,1.0191589918601538,0.3991226136358873,0.5408097371486553,10.341041394185032,0.11088634052572553,0.11087943741283723,0.042597818069175356,0.65
28.815028371000153,10.664120723147175,4.346443176402692,-0.07162478595882132,1.0191589918601538,0.3816923534763068,0.5347512623728242,10.341041394185032,0.11088634052572553,0.11087943741283723,0.042597818069175356,0.65
28.816807652001444,10.662358351661569,4.379583927006723,-0.05287114456816309,0.9942225181209349,0.39910278524387044,0.48744835028188416,10.31037675036645,0.11265171244373112,0.11264180889844333,0.06050795626651485,0.65
28.937514016000932,10.660731628469133,4.4432997506536,-0.014550389145887393,0.9432284258199142,0.3716038873381837,0.37175148503551486,10.250874432805205,0.11428787348103296,0.11426853209087895,0.038985338101669195,0.65
28.943796713001575,10.66092359066668,4.473943251371178,0.005758865926413545,0.91930502152734,0.3505907912576627,0.3627064519347812,10.221947714455178,0.11410202373697746,0.11407656989333148,0.05522955899758914,0.65
28.946489008001663,10.661799325864363,4.503724876265547,0.026272055930461165,0.893448746831065,0.34383568787238916,0.33886939176232017,10.193611731179063,0.11323560452614995,0.11320083469564857,0.06972567658821884,0.65
29.050402789000145,10.661799325864363,4.503724876265547,0.026272055930461165,0.893448746831065,0.31356355330307434,0.38404750279894234,10.193611731179063,0.11323560452614995,0.11320083469564857,0.0,0.65
29.052317765001135,10.663417878301196,4.532469257306987,0.048556573105007494,0.8623314312431821,0.3102124592356665,0.4178322322941648,10.16600910837462,0.11162757843529782,0.11158228225881572,0.013662191367993428,0.65
29.05601326500073,10.665762137457579,4.56019488936339,0.07032777469145257,0.831768961692088,0.29224195124466384,0.5188015993935335,10.13912576337074,0.10929738306422253,0.10923802310243325,0.026172871042679464,0.65
29.17250004500056,10.668778603130146,4.587019118400231,0.09049397017702024,0.8047268711052126,0.275056067175208,0.5855142685669026,10.112867324751187,0.10629818174713064,0.1062215574298655,0.011475374830878952,0.65
29.174717118001354,10.668778603130146,4.587019118400231,0.09049397017702024,0.8047268711052126,0.26480671421652,0.6163223998061859,10.112867324751187,0.10629818174713064,0.1062215574298655,0.011475374830878952,0.65
29.18241407900132,10.672453797184652,4.613015069474218,0.11025582163516728,0.7798785322196342,0.22860879259981223,0.7091709273739673,10.087167890169034,0.1026441326020428,0.10254636337536027,0.021955848395480336,0.65
29.296919831000196,10.672453797184652,4.613015069474218,0.11025582163516728,0.7798785322196342,0.20479190658205831,0.7322698934307557,10.087167890169034,0.1026441326020428,0.10254636337536027,0.0,0.65
29.298800462000145,10.67668848515464,4.638182535644494,0.12704063909967822,0.7550239851082655,0.1931094868786994,0.7338202915465141,10.06206000063882,0.09843635108718149,0.09831167540537145,0.008981924011563846,0.65
29.4109472930013,10.681386679604476,4.662601058859971,0.1409458334950583,0.7325556964643218,0.18096142211059466,0.7171735346788274,10.037500476145276,0.09377003629780915,0.09361348095553623,0.00965781982320925,0.65
29.412875915000768,10.691933428615013,4.70847765277178,0.16340521066073257,0.6722655373951562,0.16705977365145852,0.7073624525270462,9.99077623378078,0.08330953368648522,0.08306673194499936,0.0252046154674102,0.65
29.53220596400024,10.6976499654413,4.72996946924207,0.171496104788634,0.6447544941086923,0.12760128283705763,0.6572830587049348,9.968623671550517,0.07764409336890896,0.07735019511871144,0.003342156480728182,0.65
29.534049746000164,10.709292686643616,4.772094092743974,0.17446403867031285,0.6304279735628786,0.08464216045824138,0.6825391315264612,9.925055400322474,0.06614320176577806,0.06570747391639564,0.00943267678598758,0.7000000000000001
29.539740633001202,10.709292686643616,4.772094092743974,0.17446403867031285,0.6304279735628786,0.09795613285014648,0.8138729788249973,9.925055400322474,0.06614320176577806,0.06570747391639564,0.00943267678598758,0.7000000000000001
29.651835937000214,10.7203015443688,4.814646742300261,0.16116500949074541,0.6417177258436283,0.09209247464815451,0.8831984043097135,9.881302888347825,0.055357949455295465,0.05469861619121197,0.009318125337700798,0.7000000000000001
29.663484941000206,10.725367066923756,4.8362488262866625,0.1519656766486574,0.6480625195920338,0.20425718495956563,0.9564144566858281,9.859271435632452,0.05044491401533715,0.04963309363625612,0.013260423494091837,0.7000000000000001
29.78502756400121,10.73006222357079,4.858076797085375,0.14085469941103942,0.6548391239613844,0.23660186454041693,0.9637927855666201,9.837155336049968,0.04593935579759391,0.04493793698922133,0.004379829557647011,0.7000000000000001
29.786977866000598,10.73006222357079,4.858076797085375,0.14085469941103942,0.6548391239613844,0.236542092607407,0.9578907666786496,9.837155336049968,0.04593935579759391,0.04493793698922133,0.004379829557647011,0.7000000000000001
29.788855882999997,10.734330149550642,4.880132131761198,0.12803777939554828,0.6616600402746948,0.2605582503016419,0.9160943931604691,9.814973104904876,0.0418874980373208,0.040670011009369844,0.009242084356203413,0.7000000000000001
29.90068609700029,10.73817966835013,4.90231381123512,0.11548556398462613,0.6654503842176596,0.29173030169487246,0.8087098673278823,9.792817121201164,0.0383474504142905,0.03682049220988226,0.0036583517583740114,0.7000000000000001
29.902679800999977,10.741571074000625,4.924584109851992,0.10174216951487541,0.6681089585061533,0.24330140719791954,0.8007295775046698,9.770737004349767,0.035266706350761595,0.033429086559387144,0.007778481849693418,0.7000000000000001
29.90430018400002,10.74445271334075,4.946961498621529,0.08644918020379941,0.6713216630861085,0.23724980683949942,0.7631303907174682,9.74873383577185,0.032877603275024155,0.03054744721926106,0.010663022173792298,0.7000000000000001
29.982052537001437,10.746864548666537,4.969643758426723,0.07235505977359225,0.6804677941558136,0.33250478374529324,0.6712929001370014,9.726608990446021,0.030973872440897915,0.028135611893475243,0.01341461925606065,0.7000000000000001
30.02847043100155,10.748893170247133,4.992788117626889,0.06085864741790399,0.6943307760049889,0.33668815820623027,0.6284052603230128,9.70418596559517,0.029693152427397954,0.02610699031287922,0.009556848977800982,0.7000000000000001
30.035101373001453,10.7508029157583,5.016531835401343,0.05729236533499534,0.7123115332336415,0.29940990225082786,0.6159377861423583,9.681245529701764,0.028637446871954585,0.02419724480171226,0.012564328445428388,0.75
30.054816153000502,10.75270682529797,5.040990235637334,0.05711728619010768,0.7337520070797406,0.40476279517920055,0.5632080220265285,9.657640990854077,0.027933168962618715,0.02229333526204158,0.015511034218084958,0.75
30.15858493000087,10.754661208332797,5.066145883451783,0.05863149104479841,0.754669434433483,0.432571084151974,0.5432069648047302,9.633369702762815,0.027431578149007364,0.020338952227215046,0.008737182798611062,0.75
30.26511594400108,10.75659531692432,5.091804899634944,0.05802325774570289,0.7697704854948318,0.5602479465879874,0.5655135103694136,9.608638500903933,0.027494976265171174,0.018404843635691392,0.00517162505035515,0.75
30.269130172000587,10.760666775797052,5.143934870326904,0.0615336525463766,0.7837000847034017,0.5729989396629848,0.5716771073817787,9.558360162141414,0.02911902593559522,0.014333384762959867,0.015234405769156174,0.75
30.27707119400111,10.760666775797052,5.143934870326904,0.0615336525463766,0.7837000847034017,0.5875205789214322,0.5943905705495367,9.558360162141414,0.02911902593559522,0.014333384762959867,0.015234405769156174,0.75
30.382865253001,10.762852813791069,5.169981169919762,0.06558113982047906,0.7813889877857558,0.7762529600552982,0.5259413915629729,9.533193989844632,0.03079251495404092,0.012147346768943024,0.007821814401453143,0.75
30.3848994330001,10.765383750753479,5.195816998899308,0.07592810887230991,0.7750748693863846,0.8096050974584421,0.5366550798634842,9.508109194094768,0.03339115052071029,0.009616409806533,0.015218960764866006,0.75
30.387043639000694,10.765383750753479,5.195816998899308,0.07592810887230991,0.7750748693863846,0.8224088897060524,0.5730756903393244,9.508109194094768,0.03339115052071029,0.009616409806533,0.015218960764866006,0.75
30.412600199000735,10.768220813472764,5.221303340622433,0.08511188157858485,0.7645902516937619,0.9427116352774549,0.5623697949446032,9.483248753302766,0.03656010682412838,0.0067793470872477,0.022050521287947777,0.75
30.50095419000172,10.768220813472764,5.221303340622433,0.08511188157858485,0.7645902516937619,0.9758281003268255,0.5680945015212495,9.483248753302766,0.03656010682412838,0.0067793470872477,0.00974123700293129,0.75
30.502970477000417,10.768220813472764,5.221303340622433,0.08511188157858485,0.7645902516937619,1.0018506724115936,0.5904776520618709,9.483248753302766,0.03656010682412838,0.0067793470872477,0.00974123700293129,0.75
30.62017239600027,10.771336459228177,5.246410302863829,0.09346937266239067,0.7532088672418875,1.0579857800703636,0.6657072097918905,9.45864955968342,0.040700566603242526,0.003663701331834801,0.011180908069599664,0.75
30.622387265000725,10.774656838795986,5.2711315646882175,0.09961138703426668,0.7416378547316412,1.0313322492540058,0.7062958244593223,9.43434284875269,0.04646809490823358,0.0003433217640260722,0.021978933374575075,0.75
30.62462632000097,10.778400423978534,5.295376266368322,0.11230755547642429,0.7273410504031361,1.031490998536851,0.7060639630638641,9.410335957565819,0.05171464328429697,0.012003791222089609,0.0325641958413594,0.75
30.73781450700153,10.778400423978534,5.295376266368322,0.11230755547642429,0.7273410504031361,1.0879615693382998,0.6153901447051194,9.410335957565819,0.05171464328429697,0.012003791222089609,0.0,0.75
30.739749370000936,10.782675909709697,5.319210468694241,0.12826457193491494,0.7150260697775587,1.0904881142081142,0.6110120070594609,9.38652778790481,0.06005974450279288,0.025833892357548023,0.015227910404327527,0.75
30.74189250500058,10.787476088550493,5.342703565537254,0.14400536522388135,0.7047929052904003,1.0783226260177383,0.6322343823442449,9.362855093665534,0.06831913919585172,0.03905178143707917,0.029854568321245657,0.75
30.76147790200048,10.793430989933283,5.365735368759906,0.17864704148371874,0.6909540966795757,1.1342456222284334,0.5250642667058059,9.339206458091889,0.0753720553554428,0.051126974529702454,0.04337687826196209,0.75
30.859683196000333,10.793430989933283,5.365735368759906,0.17864704148371874,0.6909540966795757,1.1473384704539584,0.4960992181170733,9.339206458091889,0.0753720553554428,0.051126974529702454,0.012591384148625652,0.75
30.86688700400009,10.800972248941855,5.388444465809805,0.22623777025717545,0.6812729114969543,1.1276723556605652,0.5237862157344444,9.315298381025245,0.08293743421565793,0.06185225566466338,0.02385596337458102,0.8
30.86850604400024,10.81026334828081,5.411098643179543,0.2787329801686422,0.6796253210921662,1.089651109843793,0.5877534875061691,9.290822031780662,0.089301059108067,0.07130137875775672,0.033864185684027735,0.8
30.89460948300075,10.821222809776922,5.433945374454947,0.32878384488337065,0.6854019382620862,1.0173865453659894,0.5538735149290628,9.265575137899317,0.09449112011863124,0.07970694782848675,0.04267131596155837,0.8
30.980815838000126,10.833661753922565,5.457192443636523,0.37316832436931463,0.6974120754472954,0.9568150343074557,0.5476254849632571,9.239431151002847,0.10011711043866109,0.0873494463333087,0.016500156774194585,0.8
30.98247592500047,10.84757014987959,5.48052985832216,0.41725187871077285,0.7001224405691007,0.9070540374240886,0.5914795411193695,9.212685029524785,0.10472305879119374,0.09401676941624357,0.02340986867967844,0.8
31.10172812500059,10.862964577002826,5.5038308245586505,0.461832813697055,0.6990289870947114,0.8022258058091161,0.5072749137471753,9.185451693985796,0.10851949594214064,0.09960753683894326,0.007580005576423912,0.8321658488546619
31.10372467400157,10.862964577002826,5.5038308245586505,0.461832813697055,0.6990289870947114,0.7673458075142975,0.500983392791704,9.185451693985796,0.10851949594214064,0.09960753683894326,0.007580005576423912,0.8321658488546619
31.108819872000822,10.879929113412741,5.527040635131637,0.5089360922974809,0.6962943171895958,0.668358542032466,0.4715134544244993,9.157755663170482,0.11167366443002878,0.10402361255001973,0.009929678437575805,0.8321658488546619
31.221148420001555,10.898633185624842,5.550020486693355,0.5611221663630368,0.6893955468515425,0.6208413003089152,0.4269855205091773,9.129671360905927,0.11338930077622104,0.10704704512299168,0.006582591446022762,0.8500000000000001
31.22349839800154,10.91871159292952,5.573011082718882,0.602352219140354,0.6897178807657995,0.5984811949705072,0.4017298282974177,9.101106302224803,0.11471543931138667,0.10910627351559896,0.008347860885988432,0.8200609733428363
31.231345298001543,10.939994220134983,5.5958610219607205,0.6384788161638636,0.685498177255159,0.5644752410328445,0.39340707174679845,9.072266325818884,0.11511144776748183,0.1102145304847557,0.009478462185894562,0.8200609733428363
31.34087414900023,10.984850775246919,5.641474713068056,0.6821205700606889,0.682538567587005,0.5189992931035482,0.252696374053735,9.013922826502723,0.1150255358502281,0.11074990648138343,0.004420934976028303,0.8139410298049854
31.345617647000836,11.007960976631344,5.6641446906907085,0.6933060415327449,0.6800993286795781,0.5094548603735718,0.1304387057394437,8.984673623545618,0.11469813828984735,0.110438621274195,0.005926394741202612,0.8139410298049854
31.376914658001624,11.007960976631344,5.6641446906907085,0.6933060415327449,0.6800993286795781,0.5062146101021381,0.09638380679771992,8.984673623545618,0.11469813828984735,0.110438621274195,0.005926394741202612,0.8139410298049854
31.45888246300092,11.007960976631344,5.6641446906907085,0.6933060415327449,0.6800993286795781,0.5044135902519195,0.06268484652351383,8.984673623545618,0.11469813828984735,0.110438621274195,0.0,0.8139410298049854
31.483869174000574,11.054398033054087,5.70924162231876,0.6951484900015725,0.6747710841191265,0.6745448028351624,0.06343972760718886,8.926394428530074,0.11433689195376288,0.10949100994423155,0.011703005136766236,0.8200609733428363
31.491120211001544,11.054398033054087,5.70924162231876,0.6951484900015725,0.6747710841191265,0.6745448028351624,0.06343972760718886,8.926394428530074,0.11433689195376288,0.10949100994423155,0.011703005136766236,0.8200609733428363
31.599816128000384,11.099524317619641,5.75349240619872,0.6697352226057198,0.660080224069273,0.6893268476172492,0.03583299150098346,8.869444364442359,0.11517967116298758,0.10887193747251327,0.02621118192540883,0.8500000000000001
31.698861763001332,11.12132285271407,5.775287062669852,0.6539560528328597,0.6538396941339788,0.7726553437703714,-0.0681085249184631,8.841570168059256,0.11651235374044897,0.10886919487167941,0.021297622354529172,0.8321658488546619
31.700714742000855,11.142512035500072,5.796641957074161,0.6356754835800696,0.6406468321292741,0.7880198537909675,-0.07386841784653202,8.81433433953938,0.11793270384076109,0.10898637068070595,0.029825098601739528,0.8321658488546619
31.71382591300062,11.163045272520215,5.817579032475585,0.6159971106042503,0.6281122620427088,0.8754278618529135,-0.20087542011441015,8.787730091130127,0.12022700518931957,0.10927192753861328,0.03800082782430973,0.8
31.730395889000647,11.163045272520215,5.817579032475585,0.6159971106042503,0.6281122620427088,0.8983597355668795,-0.226424472648634,8.787730091130127,0.12022700518931957,0.10927192753861328,0.03800082782430973,0.8
31.81979614300144,11.163045272520215,5.817579032475585,0.6159971106042503,0.6281122620427088,0.921936750554176,-0.25191150743563273,8.787730091130127,0.12022700518931957,0.10927192753861328,0.011421902419579721,0.8
31.823033002001466,11.201968169994501,5.856660145287004,0.5726632377737506,0.5696706224257325,1.0497311225645949,-0.29597923474058074,8.737919686517191,0.12489318095256259,0.10938380267638767,0.03443945012843646,0.75
31.939524256000368,11.238558129537909,5.891299889701144,0.5419432107820155,0.5031803842558092,1.1361955820725949,-0.34663786996602025,8.693135629843471,0.13008803866415536,0.10800479233370962,0.0450210528304163,0.75
32.06174774400097,11.256422294347688,5.907084905870662,0.5359249442933929,0.4735504850855384,1.1923479973380533,-0.37524159316889905,8.67235792087107,0.13249832791851177,0.10653461223108616,0.017993353779922516,0.7000000000000001
32.063684361000924,11.27453525132336,5.921774518182388,0.5433887092701843,0.44068836935177186,1.1949411305888986,-0.3669001150543899,8.652550091011625,0.13536962793831323,0.10411394200487054,0.03493343910998497,0.7000000000000001
32.076393577001,11.293095770839876,5.93536522059405,0.5568155854954518,0.40772107234986843,1.191016380002375,-0.3794469430184386,8.63365348116093,0.13707172070679502,0.10059975062877138,0.050598385820481415,0.7000000000000001
32.17857800400088,11.312364654531567,5.947822323551246,0.578066510750708,0.3737130887158945,1.1875296974340555,-0.3902220107992123,8.615620214917456,0.13793811643332282,0.09605355689664816,0.025072395717905448,0.7000000000000001
32.200018507001005,11.332437236198718,5.959229935935387,0.6021774500144987,0.342228371524226,1.1171742848227897,-0.3305088378382673,8.598345241239732,0.140533055964562,0.09437303985382386,0.036038162846062836,0.65
32.29907856600039,11.353457490599334,5.9694287830580475,0.6306076320184903,0.30596541367982294,1.1171742848227897,-0.3305088378382673,8.581939411910913,0.1422998672229388,0.09685486849235611,0.02765629449473054,0.65
32.301214297000115,11.353457490599334,5.9694287830580475,0.6306076320184903,0.30596541367982294,1.0938531414926627,-0.29793633727893937,8.581939411910913,0.1422998672229388,0.09685486849235611,0.02765629449473054,0.65
32.316513778001536,11.375602849247004,5.978503693320312,0.664360759430096,0.2722473078679319,1.0002061123280268,-0.34534679595680773,8.56627352437703,0.1426415229828331,0.10350360577599016,0.03982894385666471,0.65
32.421601126001406,11.399095485989484,5.986338363057284,0.7047791022744053,0.2350400921091381,0.9668306411848366,-0.3393680549338929,8.551396982516852,0.1436367705066995,0.11133827551296172,0.01603459251949416,0.65
32.42362751200017,11.424022922914327,5.993058679551892,0.7478231077452948,0.20160949483823093,0.9672004484516749,-0.31145709564102253,8.537174643304242,0.14396211206088738,0.11805859200756963,0.03157067308115591,0.65
32.43960643900027,11.4503700525977,5.998861639592024,0.7904138905011907,0.17408880120396694,0.7871046965651144,-0.35302570828398744,8.523437193564856,0.14348055838019175,0.12386155204770155,0.045203108079912534,0.65
32.53992597300021,11.4503700525977,5.998861639592024,0.7904138905011907,0.17408880120396694,0.7871046965651144,-0.35302570828398744,8.523437193564856,0.14348055838019175,0.12386155204770155,0.0,0.65
32.541892626000845,11.47807851045548,6.003948836349546,0.8312537357334089,0.15261590272568465,0.7540357202799428,-0.3465958391803906,8.510024485380827,0.14368515268546905,0.12894874880522433,0.016251737113778593,0.6000000000000001
32.65989559800073,11.507025895963263,6.0079589932342765,0.8684215652335044,0.12030470654190967,0.5507235751899047,-0.3340106820677559,8.497331484612278,0.1427720126946748,0.1329589056899545,0.015644012229320558,0.6000000000000001
32.6620879660004,11.537159556394887,6.011015218519861,0.9040098129486758,0.09168675856754868,0.515104713830258,-0.3261420902132555,8.485271117318252,0.1417282855399318,0.1360151309755393,0.03091136444879964,0.6000000000000001
32.780086419001236,11.568297717870324,6.013325150955281,0.9341448442631107,0.06929797306260133,0.3764042761140712,-0.2589231420281125,8.47371385872293,0.13990756909072974,0.13832506341095918,0.016879870199432434,0.6000000000000001
32.78206554600001,11.600104184707677,6.014775886509888,0.9541940051205458,0.04352206663821244,0.3422745861615324,-0.25750223816230355,8.46287941853587,0.13731289515120268,0.1397757989655659,0.03315090486282532,0.6000000000000001
32.8147973060004,11.632349726177917,6.015438488979575,0.9673662441072444,0.019878074090611906,0.2145526660134951,-0.23080418250826917,8.452776626610161,0.13335413747716293,0.14043840143525266,0.047406275318055184,0.6000000000000001
32.90075087800142,11.664918042367038,6.015490119166382,0.9770494856736051,0.0015489056042426487,0.19636866691692934,-0.20132653515445403,8.443276861129569,0.12796234979168708,0.1404900316220603,0.015214965847075395,0.6000000000000001
32.90280962400175,11.664918042367038,6.015490119166382,0.9770494856736051,0.0015489056042426487,0.22541384716909366,-0.17110372177450928,8.443276861129569,0.12796234979168708,0.1404900316220603,0.015214965847075395,0.6000000000000001
32.90989680400162,11.69739396508617,6.014946125366269,0.9742776815739543,-0.016319814003409434,0.23931604285581556,-0.1494733962527364,8.434489428218773,0.1207439252874923,0.11879820484589139,0.01926049061412747,0.6000000000000001
33.05494744000134,11.760944165701051,6.012336012241553,0.9430156218288109,-0.046635273803797166,0.3032657309677166,-0.03127645627265471,8.419114619415323,0.10044076800817513,0.08845979325635105,0.01604074110000486,0.608276253029822
33.05692407200149,11.760944165701051,6.012336012241553,0.9430156218288109,-0.046635273803797166,0.31466805303326884,0.022298192419311996,8.419114619415323,0.10044076800817513,0.08845979325635105,0.01604074110000486,0.608276253029822
33.05867904800107,11.791396569070493,6.010344574932407,0.9135721010832646,-0.05974311927437094,0.3191666951756347,0.03425109763337442,8.412619966314002,0.09121465797185765,0.0853444866430273,0.0166748676540953,0.608276253029822
33.06042327400064,11.791396569070493,6.010344574932407,0.9135721010832646,-0.05974311927437094,0.32115422435445684,0.07874324519485469,8.412619966314002,0.09121465797185765,0.0853444866430273,0.0166748676540953,0.608276253029822
33.146055551000245,11.820670221387875,6.007985083054644,0.8782095695214412,-0.0707847563329047,0.32909020001970096,0.14780209542324793,8.406904879664939,0.08193527119279123,0.08298499476526366,0.005305470634355109,0.6184658438426491
33.147973974000706,11.848620833041199,6.005370872033464,0.8385183495997397,-0.07842633063539801,0.33065183054687464,0.180570825548113,8.401888411109752,0.07273979658337479,0.08037078374408413,0.004282388533785713,0.6184658438426491
33.15960850400006,11.848620833041199,6.005370872033464,0.8385183495997397,-0.07842633063539801,0.30113606268096677,0.3344803028099096,8.401888411109752,0.07273979658337479,0.08037078374408413,0.004282388533785713,0.6184658438426491
33.271304890000465,11.874993722909306,6.002522545184234,0.7911866960432233,-0.08544980547690788,0.2977308826972014,0.36866533589640393,8.397606448527021,0.06278887220908597,0.0775224568948536,0.016816222982207134,0.632455532033676
33.27342562300146,11.874993722909306,6.002522545184234,0.7911866960432233,-0.08544980547690788,0.3016624122375017,0.40680178322870364,8.397606448527021,0.06278887220908597,0.0775224568948536,0.016816222982207134,0.632455532033676
33.38853992800068,11.899844465352357,5.999460218496584,0.745522273291546,-0.09186980062949125,0.3987543050854499,0.5443153915817717,8.394011503944943,0.052712613657129065,0.07446013020720432,0.01054820960902711,0.6800735254367722
33.39031659500142,11.945353848931104,5.993079195755377,0.6619358225668609,-0.09396949507257521,0.4004912803930408,0.586311595738765,8.388364856312004,0.029801543178235815,0.06807910746599699,0.030269742107396615,0.696419413859206
33.409618605001015,11.945353848931104,5.993079195755377,0.6619358225668609,-0.09396949507257521,0.48602327305281445,0.6896720963555255,8.388364856312004,0.029801543178235815,0.06807910746599699,0.030269742107396615,0.696419413859206
33.507434523000484,11.966236585163468,5.9903674571258785,0.6264820869709542,-0.08135215888495273,0.4984871706561834,0.7223692405917851,8.385647636941219,0.01888177226933256,0.052418506006999745,0.017031748839074268,0.7158910531638177
33.509176825000395,11.966236585163468,5.9903674571258785,0.6264820869709542,-0.08135215888495273,0.44155035858996905,0.7482064859750014,8.385647636941219,0.01888177226933256,0.052418506006999745,0.017031748839074268,0.7158910531638177
33.54189010100163,12.004790727568647,5.987306025996271,0.5623260054997807,-0.031789604682538775,0.40605367542443005,0.8063915020786191,8.37888449682407,0.004661545411472613,0.022991851757586355,0.030040458679017213,0.73824115301167
33.62891819000106,12.004790727568647,5.987306025996271,0.5623260054997807,-0.031789604682538775,0.40605367542443005,0.8063915020786191,8.37888449682407,0.004661545411472613,0.022991851757586355,0.019596543714272215,0.73824115301167
33.658784930001275,12.022531434433358,5.9873895813293565,0.5322212059413151,0.002506659992568251,0.4980625572915781,0.9490716919550973,8.374384959269605,0.01424289697577689,0.010506360173135058,0.027271556487531403,0.73824115301167
33.74799395500122,12.039320994348445,5.98862636619884,0.5036867974526539,0.03710354608450409,0.4898915766764811,0.9903890042498108,8.369036993074992,0.0226933752508723,0.0004911125278811816,0.010477826822367682,0.73824115301167
33.75009764600145,12.055331879058434,5.9912384015087605,0.4803265412996804,0.07836105929760098,0.5110658645087036,1.017183085972126,8.3625763007557,0.030596540212718085,0.009965529798765369,0.019416916572842044,0.7632168761236874
33.87540000000081,12.085359213492126,6.0010368137021874,0.4408379926876114,0.17038713920698859,0.5026070128103751,0.9172440078511932,8.34577630850889,0.0415796078417045,0.024269537890953343,0.011663579457425433,0.7211102550927979
33.88000111100155,12.099669575309145,6.00843015387091,0.4293108545105653,0.22180020506168174,0.46861362434125203,0.828808957609378,8.335155930318846,0.0446800061148599,0.02916061080407704,0.015127922966738132,0.7211102550927979
34.00228459800019,12.113568572382619,6.017725074140259,0.41696991220423274,0.27884760808045406,0.427432411441967,0.7758715401007733,8.322804683146607,0.046913494488330904,0.032416184733377755,0.006357077063788392,0.75
34.00465753500066,12.126963705939424,6.028954766488867,0.4018540067041518,0.3368907704582467,0.39609077819612387,0.7832348127880727,8.308708887610821,0.04745223245618511,0.033947382895955155,0.011217254381205638,0.75
34.023087708001185,12.139996615900019,6.042125521045382,0.3909872988178568,0.39512263669545683,0.3755114532894804,0.7188049326855637,8.292825476535214,0.04630146238117597,0.03384991204742963,0.014694613405826675,0.75
34.11994865000088,12.152623771867312,6.057145982698916,0.3788146790187911,0.4506138496060072,0.3755114532894804,0.7188049326855637,8.275250746503845,0.04365254462418,0.03215758936723609,0.0010428151190134002,0.7433034373659253
34.12257365000005,12.164791632816636,6.073906517422943,0.3650358284797149,0.5028160417208083,0.3335364926387152,0.7028043458149102,8.25610126000659,0.040082256157676,0.028910078597366398,0.0006767335172316467,0.7433034373659253
34.13646940700164,12.176739839414795,6.092372152990187,0.3584461979448056,0.5539690670173308,0.352693446936423,0.7018673704303648,8.235352656778048,0.03513453496687903,0.02430156037742551,0.0032976971904025683,0.7433034373659253
34.235772285001076,12.188474929354554,6.112491443671216,0.35205269819274954,0.6035787204308609,0.3228465543205906,0.6871868843305265,8.213051870841412,0.028885400448363817,0.018373035178443433,0.006422124365557678,0.7071067811865476
34.23772775800171,12.19994880988537,6.134015870799251,0.3442164159245069,0.6457328138410513,0.2973259809787647,0.6893417782961598,8.189450388868243,0.02226550507413087,0.011266225524918072,0.011168803509135137,0.7071067811865476
34.245095214000685,12.19994880988537,6.134015870799251,0.3442164159245069,0.6457328138410513,0.27318281321086874,0.6684100385981067,8.189450388868243,0.02226550507413087,0.011266225524918072,0.011168803509135137,0.7071067811865476
34.256815306000135,12.211228885459125,6.156630991479961,0.3384022672126218,0.6784536204212894,0.24606951633027843,0.6338778491733782,8.164837262838777,0.014750721081736261,0.0032511382647351585,0.015700728485380146,0.7106335201775948
34.36254110400114,12.222190799417392,6.180134027253325,0.3288574187480452,0.7050910732009142,0.2158351217136646,0.6175066721810325,8.139437598511542,0.006685299173828836,0.0056167740144060264,0.008544240541753581,0.7106335201775948
34.364458505000584,12.222190799417392,6.180134027253325,0.3288574187480452,0.7050910732009142,0.1930301661321102,0.6186048789566332,8.139437598511542,0.006685299173828836,0.0056167740144060264,0.008544240541753581,0.7106335201775948
34.39704996200089,12.23281343649699,6.204328767389394,0.3186791123879312,0.7258422040820909,0.18957165317603072,0.5541949263076794,8.113446239200753,0.001334347891068753,0.015213700120599846,0.014122329739406999,0.6800735254367722
34.50565982400076,12.242988072160868,6.229009384894284,0.3052390699163197,0.7404185251467079,0.1593622392375148,0.5394353600037811,8.087087644091602,0.010011328404306774,0.02547097824814822,0.014627406813826162,0.6800735254367722
34.50727754200125,12.25272520372082,6.253994351508295,0.2921139467985394,0.7495489984203364,0.14457353008514245,0.5093609574089597,8.060535268152607,0.01807582007180613,0.03625282581328746,0.022063299531059965,0.6946221994724903
34.509088202001294,12.25272520372082,6.253994351508295,0.2921139467985394,0.7495489984203364,0.13623498042370166,0.48309241823620624,8.060535268152607,0.01807582007180613,0.03625282581328746,0.022063299531059965,0.6946221994724903
34.60170980300063,12.262019167817558,6.279154374353681,0.2788189229021653,0.7548006853615735,0.14488718080391208,0.47826605329474786,8.033915598241075,0.026174923689953528,0.04747182354515974,0.011064646553691417,0.6946221994724903
34.60370240500015,12.270891496323612,6.304462551097831,0.2661698551816109,0.7592453023245254,0.13093901668431226,0.5187172090654824,8.007249342655529,0.033678422797744925,0.059093723288870526,0.01709114227164197,0.670820393249937
34.62392653700044,12.279361463451389,6.329800718747376,0.25409901383333,0.7601450294863306,0.11883539417038774,0.6440834605648522,7.980646687527563,0.039904875706749283,0.07102134226422759,0.02343188196780677,0.670820393249937
34.72518001900062,12.279361463451389,6.329800718747376,0.25409901383333,0.7601450294863306,0.10553706655913042,0.6759316631040111,7.980646687527563,0.039904875706749283,0.07102134226422759,0.004905749728777519,0.670820393249937
34.72771384700172,12.287396701761885,6.3550499927265225,0.24105714931489722,0.757478219374384,0.10143640187978586,0.7101802774899895,7.954230404756272,0.044650876369769985,0.08319350361711796,0.010148300396313122,0.65
34.72991076300059,12.294977722344127,6.3801906250014575,0.227430617467263,0.7542189682480415,0.07266870680856441,0.7461027701675138,7.928023852710672,0.0466338138395173,0.08002246205774277,0.015140424141744427,0.65
34.73252404100094,12.294977722344127,6.3801906250014575,0.227430617467263,0.7542189682480415,0.07008725249992381,0.8056634382131242,7.928023852710672,0.0466338138395173,0.08002246205774277,0.015140424141744427,0.65
34.84449522400064,12.30208230771418,6.405218077437333,0.21313756110160248,0.7508235730762437,0.05190991622753727,0.8317787404143359,7.902036247957332,0.04687875228548801,0.0729178766876899,0.004385491030808408,0.6800735254367722
34.84615349900014,12.308608172438587,6.429814785213944,0.19577594173221236,0.7379012332983427,0.040453167200060536,0.8239847306510042,7.8765998951944,0.04624645105440046,0.06639201196328237,0.009107304511038295,0.6800735254367722
34.96161336800105,12.31456652667659,6.453960360087487,0.17875062714004594,0.7243672462063047,0.036286134473910936,0.7822069496208895,7.851731965800741,0.044263098599957085,0.0604336577252802,0.005783603483059011,0.6670832032063168
34.963354769000944,12.320011474829482,6.477384060846496,0.16334844458675318,0.7027110227702552,0.01356796728198606,0.7502011361370768,7.827683750994018,0.042287122772684906,0.05498870957238822,0.011692198281578192,0.6670832032063168
34.96523780500138,12.324978627847043,6.500105529907664,0.14901459052687246,0.6816440718350502,0.013069600324972619,0.714161033128037,7.804428026969037,0.03952813628887103,0.05002155655482632,0.014756093377301348,0.6576473218982953
34.99483163700097,12.329463377923659,6.522202349940973,0.13454250229844558,0.6629046009992766,0.013321294629084546,0.7655272108586584,7.781890333033074,0.037030700713701965,0.04553680647821068,0.01711596688252681,0.6576473218982953
35.078529894000894,12.333438438532324,6.5439743481114165,0.1192518182599825,0.6531599451133017,-0.0120106010531566,0.8272520572358175,7.759785010066541,0.03440632992692598,0.04156174586954542,0.004925313351752603,0.6576473218982953
35.08070686300016,12.336863117472769,6.565695416883683,0.10274036821330122,0.651632063168003,-0.04606590413587858,0.8607203990227921,7.7378548201485,0.032122355164630426,0.03813706692910124,0.007642235857410169,0.651920240520265
35.19867526300004,12.339695059136263,6.58748950120756,0.08495824990485358,0.6538225297162948,-0.060389187062676986,0.8702325644483477,7.715989079780758,0.030153545755060844,0.03530512526560692,0.0026569146958359243,0.651920240520265
35.20042417800141,12.341868521536519,6.609624031568885,0.06520387200766489,0.6640359108397444,-0.08839427877973116,0.874328751031255,7.693942971195884,0.028584544659428654,0.033131662865351075,0.0060361336861123145,0.65
35.20957087700117,12.341868521536519,6.609624031568885,0.06520387200766489,0.6640359108397444,-0.07365439698434628,0.7785485893377257,7.693942971195884,0.028584544659428654,0.033131662865351075,0.0060361336861123145,0.65
35.32277027100099,12.343379911305423,6.6321430309938725,0.04534169306712838,0.6755699827496304,-0.06856667055432836,0.7453244949572237,7.671675295888032,0.027563528291541583,0.031620273096446994,0.0030160300064664912,0.65
35.32585161800125,12.34424507776762,6.655008623645556,0.025954993865956177,0.6859677795505082,-0.08569338238534152,0.7284759153200984,7.6492203485672485,0.026891562108044866,0.030755106634249074,0.0067344805247976,0.65
35.32756850300029,12.344482201899837,6.678122434533958,0.007113723966481127,0.6934143266520563,-0.09034945431800262,0.6969101175851836,7.626670920933627,0.026797183320312456,0.030517982502033192,0.010200061742476516,0.65
35.32928536700092,12.344482201899837,6.678122434533958,0.007113723966481127,0.6934143266520563,-0.09755240503568963,0.6631752639720194,7.626670920933627,0.026797183320312456,0.030517982502033192,0.010200061742476516,0.65
35.44397419000052,12.34415442262235,6.701341875044025,-0.00983337832463126,0.6965832153020088,-0.09773723052796399,0.5907009400651696,7.604152532766141,0.026928799190158097,0.030845761779520586,0.004847700232643937,0.65
35.4464257540003,12.343251544110414,6.7248993492553035,-0.027086355358034605,0.7067242263383529,-0.09160108820159338,0.5588986504853373,7.581442787879183,0.027624921239196555,0.03174864029145574,0.010325360987680485,0.65
35.45286576900071,12.341778457641945,6.7488308740311185,-0.044192594054084974,0.7179457432744503,-0.10506743672809449,0.47782234571953863,7.558507161510798,0.028444922043965957,0.03322172675992441,0.014527026184149841,0.65
35.46859534900068,12.341778457641945,6.7488308740311185,-0.044192594054084974,0.7179457432744503,-0.1310162796366651,0.45529869360217873,7.558507161510798,0.028444922043965957,0.03322172675992441,0.014527026184149841,0.65
35.554236557001786,12.339756936967186,6.773109280450501,-0.060645620242757436,0.7283521925814711,-0.1293887782370348,0.45572759505815197,7.535368820248662,0.02980369476218276,0.035243247434683767,0.004823334421251879,0.651920240520265
35.566343656000754,12.337239017538735,6.797516888120854,-0.07553758285351797,0.7322282301105866,-0.23265397128747092,0.5440844835278608,7.512229088663892,0.031058482919095364,0.037761166863134576,0.005592243246979102,0.651920240520265
35.59197405300074,12.334290523642315,6.821803904734798,-0.0884548168926362,0.7286104984183274,-0.2627945847340241,0.5585640215996098,7.489316948562997,0.03273319813001246,0.04070966075955518,0.0058099643715840915,0.6576473218982953
35.68190321300062,12.33093970710348,6.845793854218792,-0.10052449616502442,0.7196984845198264,-0.32666879332412163,0.5815768346108523,7.466798586100536,0.03396279677570677,0.044060477298389245,0.0027237051417046488,0.6576473218982953
35.694306598001276,12.327282189609173,6.869272887759578,-0.10972552482922783,0.70437100622358,-0.42378192095878076,0.6111607538391485,7.444860173768581,0.035514441834893225,0.04771799479269667,0.0023560104364535274,0.6670832032063168
35.79793254000106,12.323359134820395,6.8920931587343475,-0.11769164366335819,0.6846081292430617,-0.4875009017127828,0.5928112883794927,7.423636157314711,0.0361554671105998,0.051641049581474974,0.00023906439795391146,0.6670832032063168
35.81767060900165,12.319148254269402,6.914137733613037,-0.12632641652979373,0.6613372463606827,-0.4717112010004411,0.5308088527085546,7.403245872707166,0.037114757778465964,0.05585193013246759,0.0008858047103950548,0.6800735254367722
35.83105626500037,12.319148254269402,6.914137733613037,-0.12632641652979373,0.6613372463606827,-0.4967284584548245,0.5283924798305011,7.403245872707166,0.037114757778465964,0.05585193013246759,0.0008858047103950548,0.6800735254367722
35.92345502900025,12.314553009234157,6.935547814415026,-0.13785735105738553,0.6423024240596501,-0.4779429217942061,0.5233912784211009,7.383576103512993,0.03693572661913119,0.06044717516771314,0.0006596925501264864,0.6800735254367722
35.925719181001114,12.314553009234157,6.935547814415026,-0.13785735105738553,0.6423024240596501,-0.4646160089991491,0.48927105072110444,7.383576103512993,0.03693572661913119,0.06044717516771314,0.0006596925501264864,0.6800735254367722
35.93026246400041,12.309394501149049,6.956524430166063,-0.15475524255326356,0.6292984725310996,-0.4742461660993661,0.5110577647048317,7.364476306522382,0.03708755356450013,0.06560568325282112,0.001951571052523559,0.696419413859206
36.058846521000305,12.303597716711653,6.977132793347308,-0.17390353312185686,0.6182508954373567,-0.5100304288522031,0.5298284583129148,7.345903511959023,0.03605221215513034,0.0714024676902163,0.0035075991034277726,0.696419413859206
36.06087220600057,12.297142496074484,6.997376810036615,-0.1936566191151026,0.6073205006791976,-0.5069758137588782,0.5028082212859822,7.327861308599269,0.034802377325268266,0.07458631834532,0.004893209735462837,0.65
36.06231913400006,12.297142496074484,6.997376810036615,-0.1936566191151026,0.6073205006791976,-0.5375420774831768,0.5169716930064069,7.327861308599269,0.034802377325268266,0.07458631834532,0.004893209735462837,0.65
36.06658253100068,12.289833099316574,7.017365975966285,-0.21928190273726633,0.5996749778901269,-0.5509786041362715,0.5328008505990003,7.310294722289235,0.032738295553048156,0.06562036758008746,0.00689078311032366,0.670820393249937
36.16045808800118,12.289833099316574,7.017365975966285,-0.21928190273726633,0.5996749778901269,-0.5509786041362715,0.5328008505990003,7.310294722289235,0.032738295553048156,0.06562036758008746,0.0023888739861193144,0.670820393249937
36.1703644650006,12.281472782996714,7.03708685346476,-0.2508094895958405,0.5916263249542228,-0.5832891156965111,0.5452970045198736,7.293269729996419,0.02943463990760745,0.05758723773260513,0.003717655360750263,0.670820393249937
36.19456702200114,12.272176188122971,7.056410750502694,-0.2788978462122889,0.5797169111380365,-0.7088601082133689,0.6096831217444358,7.276887343012717,0.027135786126838483,0.050496864375298184,0.003384191097641327,0.6946221994724903
36.27955660000043,12.26197379138454,7.075284966685731,-0.30607190215294094,0.5662264854911161,-0.7158554897116998,0.6043420702256352,7.261195606980218,0.023917472690459723,0.04436496204079315,0.0007712773813534992,0.6946221994724903
36.281827335000344,12.250875060187274,7.0936758272780285,-0.3329619359179382,0.5517258177689097,-0.7432411580171144,0.6143968580102025,7.246229464784125,0.021471508402806042,0.03920864789627557,0.0019983850456596315,0.6946221994724903
36.31284129300002,12.239036209483082,7.111539497345636,-0.3551655211257971,0.5359101020282233,-0.6815000370851731,0.6130695807597123,7.23199601954918,0.01985676373810861,0.03494845726898054,0.003805719356465426,0.6800735254367722
36.40784446100042,12.239036209483082,7.111539497345636,-0.3551655211257971,0.5359101020282233,-0.6606371790153439,0.5880047356459559,7.23199601954918,0.01985676373810861,0.03494845726898054,0.0021476753802046485,0.6800735254367722
36.40979263900044,12.22643860912575,7.128898735496191,-0.377928010719927,0.5207771445166396,-0.6321875383125397,0.5696526964855014,7.218482189861055,0.017961173634658604,0.031581470895838466,0.0052017578187972075,0.6800735254367722
36.43394611400072,12.199099170245482,7.1622983422839335,-0.42036600917931644,0.4950606723871569,-0.5658125844056139,0.5228096165444126,7.193408667386948,0.01657920511225731,0.027296285073334283,0.008046634994035982,0.6726812023536856
36.51764830400134,12.199099170245482,7.1622983422839335,-0.42036600917931644,0.4950606723871569,-0.5658125844056139,0.5228096165444126,7.193408667386948,0.01657920511225731,0.027296285073334283,0.0038811076050381584,0.6726812023536856
36.51952880600038,12.18436942784723,7.178496166904057,-0.44189227194757574,0.4859347386037024,-0.5542749442496553,0.49057473004573304,7.181702848247634,0.01620571746406983,0.026258194178909806,0.006186564468402922,0.6726812023536856
36.536467390000325,12.18436942784723,7.178496166904057,-0.44189227194757574,0.4859347386037024,-0.5555475739934261,0.44724178380483137,7.181702848247634,0.01620571746406983,0.026258194178909806,0.006186564468402922,0.6726812023536856
36.63582737900106,12.168783663944055,7.1944428682166945,-0.4675729170952477,0.4784010393791388,-0.5715254689205826,0.4578463892859247,7.1705171247946,0.016627727653625007,0.02600297288909487,0.00415637468013446,0.6726812023536856
36.6378527020006,12.152227014430222,7.210312128212734,-0.4966994854149788,0.47607779988117355,-0.6215487246945839,0.43550493720320305,7.1597219620574615,0.017706735532053132,0.026489030678443645,0.0051591051093657645,0.7071067811865476
36.641014150000046,12.152227014430222,7.210312128212734,-0.4966994854149788,0.47607779988117355,-0.6782868680410379,0.3914303131791458,7.1597219620574615,0.017706735532053132,0.026489030678443645,0.0051591051093657645,0.7071067811865476
36.672654016001616,12.134786007927563,7.2261865577735716,-0.5232301950798023,0.4762328868251344,-0.6936550127282012,0.390658712006281,7.149222144623149,0.01881540158177114,0.02759676785725509,0.00551795715066123,0.6726812023536856
36.76108277300045,12.116537153706284,7.242047187245755,-0.5474656266383643,0.47581888416552076,-0.6735630924743614,0.3626257645537554,7.139022457212992,0.020505082506248537,0.02928549777233814,0.007640032768504983,0.6726812023536856
36.781066947,12.097645378838543,7.257835348119645,-0.5667532460322191,0.4736448262167078,-0.5132495454057046,0.3087395438981835,7.129140281431392,0.022410054499479665,0.03148008427357608,0.011897083176671257,0.6800735254367722
36.79086270400148,12.097645378838543,7.257835348119645,-0.5667532460322191,0.4736448262167078,-0.5132495454057046,0.3087395438981835,7.129140281431392,0.022410054499479665,0.03148008427357608,0.011897083176671257,0.6800735254367722
36.880434937000246,12.078253245396635,7.273443567859255,-0.5817640032572529,0.46824659218828624,-0.48564203729853184,0.2894122236420899,7.119644138645653,0.02433509537975411,0.034155715311896415,0.0004667524693162331,0.6800735254367722
36.883736949001104,12.078253245396635,7.273443567859255,-0.5817640032572529,0.46824659218828624,-0.5258794657967601,0.2587706898617571,7.119644138645653,0.02433509537975411,0.034155715311896415,0.0004667524693162331,0.6800735254367722
36.89202087900048,12.058535872285288,7.288768419037151,-0.5915211933403807,0.4597455353368841,-0.5575371453670561,0.2468292100951307,7.110587277732526,0.026689393483905702,0.03726169735754859,0.0013595250742202683,0.6800735254367722
37.00069055000131,12.038566890494252,7.303771270119469,-0.5990694537311103,0.45008553246955096,-0.5657711329517163,0.17849384905500465,7.101987849455958,0.028722483101475516,0.04077328205794254,0.001523590279641746,0.6946221994724903
37.00240114300141,12.018426480782436,7.31838372848385,-0.6042122913544838,0.43837375093143055,-0.5901124916248476,0.14655143335199766,7.0938894529024346,0.03092749902329634,0.04468213394178337,0.0034555532661540685,0.6946221994724903
37.004246929000146,11.998089113233776,7.332594400007841,-0.6101210264598096,0.4263201457197411,-0.5724396724110365,0.11634066009640104,7.086311306364659,0.033269788701428035,0.04901436224709555,0.0054395434404960336,0.670820393249937
37.02756847300043,11.977421979444852,7.346385203629004,-0.6200140136677239,0.4137241086348733,-0.5989485703491968,0.04907067240101726,7.079311426339785,0.034979757090144725,0.05387666193839684,0.0077835870133369485,0.670820393249937
37.11656671600031,11.956603478362885,7.359630792340124,-0.624555032458994,0.39736766133361223,-0.6003479198978191,0.016615507660256434,7.072957352093642,0.037213823384243276,0.05923151962915425,0.001942235871441625,0.7158910531638177
37.152037219000704,11.9359121386971,7.372212294758623,-0.620740189973564,0.37744507255496546,-0.7703798280457399,0.013163249412317335,7.06727696345881,0.037962905638442686,0.0649660405410287,0.0021155242904756775,0.696419413859206
37.19878956200046,11.9359121386971,7.372212294758623,-0.620740189973564,0.37744507255496546,-0.7703798280457399,0.013163249412317335,7.06727696345881,0.037962905638442686,0.0649660405410287,0.0021155242904756775,0.696419413859206
37.2407300470004,11.915309895765601,7.384050059489766,-0.6180672879449672,0.35513294193429173,-0.8050600877718898,0.006692695573097873,7.062354738681647,0.038786361651425405,0.07116346251006334,0.005015085648350187,0.696419413859206
37.281975878000594,11.89481110434435,7.394983656460579,-0.6149637426374845,0.32800790912437344,-0.6499659865599315,0.013665283909057802,7.058335655992404,0.037812653406116226,0.07792707636933427,0.005832013092826173,0.6800735254367722
37.37834241100063,11.854011119889414,7.413909119226617,-0.6109410355616995,0.26912299230057024,-0.6863995845833931,0.011881639341998151,7.053245870912298,0.03339930692117281,0.061090992159562596,0.001177173073010884,0.7280109889280518
37.40559424700041,11.83369333178892,7.421846752362336,-0.6095336430147912,0.238128994071565,-0.8542585594540082,0.0019018892356644779,7.052224947724759,0.030417973162717347,0.05315335902384355,0.0011916122057247685,0.7158910531638177
37.48647106500175,11.813347078927155,7.428752695716242,-0.6103875858529636,0.20717830061718764,-0.8542585594540082,0.0019018892356644779,7.052256530810849,0.027913006060690353,0.04624741566993773,0.00776193184315286,0.7158910531638177
37.50914560400088,11.792816040776048,7.434660179322854,-0.6159311445332083,0.17722450819835922,-1.0245043978036605,-0.007519163709448939,7.053357551322969,0.025098366037181945,0.040339932063325534,0.007649028980192317,0.7071067811865476
37.63962327600166,11.771929381581533,7.43956035904657,-0.6265997758354227,0.14700539171149363,-1.092300782051969,-0.009350979964710127,7.0555913299401904,0.023327031018487397,0.0354397523396095,0.0006799909427713315,0.7071067811865476
37.6478849740015,11.771929381581533,7.43956035904657,-0.6265997758354227,0.14700539171149363,-1.1253140604719325,-0.00882349027675755,7.0555913299401904,0.023327031018487397,0.0354397523396095,0.0006799909427713315,0.7071067811865476
37.65058078700167,11.750704380742652,7.443478428311829,-0.6367500251664019,0.11754207795777498,-1.1631285872281256,-0.007904022701407776,7.05892834224939,0.021386784621322107,0.03152168307435055,0.0023962217877252514,0.7071067811865476
37.73289500500141,11.729172749554222,7.446489141951006,-0.6459489356529197,0.09032140917529166,-1.249185175622577,-0.04512645570827878,7.063287378383534,0.020378343471870623,0.028510969435173728,0.00460653597256583,0.70178344238091
37.75717340600022,11.707522406919033,7.448658569992314,-0.6495102790556808,0.065082841239217,-1.2072955289722214,0.02993763377592218,7.06854241353415,0.019664066248700575,0.02634154139386613,0.0068058560051954065,0.70178344238091
37.85342098900037,11.685847145225651,7.45001997194345,-0.6502578508014382,0.04084205853409897,-1.184758728425645,-0.007008104271202575,7.074628497650327,0.019554693162100678,0.024980139442729588,0.0035104192914657425,0.75
37.861421497000265,11.685847145225651,7.45001997194345,-0.6502578508014382,0.04084205853409897,-1.181282871063925,0.008447902074630365,7.074628497650327,0.019554693162100678,0.024980139442729588,0.0035104192914657425,0.75
37.86303339400001,11.663803393852143,7.450655934776151,-0.6613125412052371,0.01907888498101478,-1.1476285271543913,0.010278428427519026,7.081583890736164,0.019968910625175078,0.024344176610028967,0.007810219640764927,0.75
37.97181341400028,11.641202789840845,7.450592041701141,-0.6780181203389457,-0.001916792250322312,-1.1701394461144912,0.07369504101512941,7.0894506075276835,0.020844822633955526,0.02440806968503928,0.004508635265723268,0.75
37.97385297500114,11.61788122931444,7.449871493624765,-0.6996468157921502,-0.021616442291266896,-1.1896371643516288,0.034928864397012094,7.098247864303845,0.022315725994660956,0.02512861776141495,0.009802920865179568,0.7000000000000001
37.97563148500012,11.593780391495843,7.448479054048079,-0.7230251345579088,-0.04177318730059634,-1.2216274762431028,0.043227261350979485,7.10801432331758,0.024247183499944258,0.026521057338101173,0.014185938625813915,0.7000000000000001
38.01425534900045,11.56867326716628,7.446571536820656,-0.753213729886875,-0.05722551682268297,-1.2447191244750275,0.11477935862392569,7.118688456661358,0.026666988593308464,0.028428574565523945,0.019082760539387997,0.7000000000000001
38.09656919900044,11.54232017477263,7.444263512536427,-0.7905927718095307,-0.0692407285268664,-1.2447191244750275,0.11477935862392569,7.130256256189467,0.02934206524817783,0.030736598849752994,0.013036600229433076,0.7000000000000001
38.09824443600155,11.54232017477263,7.444263512536427,-0.7905927718095307,-0.0692407285268664,-1.2493672400266087,0.0397680719710376,7.130256256189467,0.02934206524817783,0.030736598849752994,0.013036600229433076,0.7000000000000001
38.09999596600028,11.514675244812766,7.4416404624232655,-0.8293478987959285,-0.07869150339485136,-1.2471009243027424,0.08508398558627234,7.142664476329753,0.03229785150868307,0.033359648962914434,0.019240131319476307,0.7000000000000001
38.131778945000406,11.485800487664426,7.438624989613757,-0.8662427144502041,-0.09046418428525768,-1.2414015086528132,0.14636356894568764,7.155973457140116,0.03556380302126908,0.03637512177242286,0.025521050342194204,0.7000000000000001
38.22078882700043,11.45588148055983,7.435151875613515,-0.8975702131378581,-0.1041934200072517,-1.237364614905324,0.1772817243265607,7.170185720466696,0.039234774509005005,0.03984823577266461,0.02448428561245005,0.7000000000000001
38.2254546410004,11.45588148055983,7.435151875613515,-0.8975702131378581,-0.1041934200072517,-1.2352253572923901,0.19162024084601814,7.170185720466696,0.039234774509005005,0.03984823577266461,0.02448428561245005,0.7000000000000001
38.33770429300057,11.425072020645535,7.431307344059438,-0.9242837974288558,-0.11533594662231302,-1.2353553460500124,0.1907804208655948,7.185172331553986,0.04324575071886073,0.043692767326741766,0.01384036085498848,0.7000000000000001
38.358925643000475,11.361049100519974,7.422810046945647,-0.9719059135681577,-0.13090467234374484,-1.0667577990899948,0.20277784127048687,7.217112836788159,0.05194146854452497,0.05219006444053331,0.03726175598004765,0.7000000000000001
38.37714951400085,11.361049100519974,7.422810046945647,-0.9719059135681577,-0.13090467234374484,-1.0667577990899948,0.20277784127048687,7.217112836788159,0.05194146854452497,0.05219006444053331,0.03726175598004765,0.7000000000000001
38.46522343500146,11.327910582847478,7.418377365575293,-0.9941555301748851,-0.13298044111060692,-0.9996494011210809,0.21278734677288785,7.23384826807596,0.05644358284166694,0.056622745810886776,0.017406635329995118,0.7000000000000001
38.48061593700004,11.294113224003675,7.413781683076388,-1.013920765314084,-0.13787047496717703,-0.864522391112946,0.22853434020206537,7.251104466305521,0.06108574102485845,0.061218428309792294,0.033412792075108805,0.7000000000000001
38.49339864800095,11.294113224003675,7.413781683076388,-1.013920765314084,-0.13787047496717703,-0.864522391112946,0.22853434020206537,7.251104466305521,0.06108574102485845,0.061218428309792294,0.033412792075108805,0.7000000000000001
38.583996520001165,11.259685983563529,7.4092682126625915,-1.0328172132043962,-0.13540411241389044,-0.8305504937266587,0.2353356545298183,7.268650188449896,0.06563662439652954,0.06573189872358842,0.0338211541394165,0.7000000000000001
38.593172185001094,11.22468189879995,7.404711112304185,-1.0501225429073293,-0.13671301075218276,-0.6991904467318727,0.2733072546492987,7.286586819134985,0.07022207942657889,0.0702889990819946,0.047115417448409094,0.7000000000000001
38.707262474001254,11.189121411991445,7.400105280280944,-1.0668146042551676,-0.13817496069723,-0.6736275733928402,0.2942633528302971,7.304916386204975,0.07484589654051231,0.07489483110523576,0.040542553850163754,0.7000000000000001
38.709886112001186,11.153038172192812,7.395338253166315,-1.0824971939590322,-0.14301081343885805,-0.658810933080691,0.2944164425729723,7.323733552909172,0.07962698326903159,0.07966185821986471,0.05626900840812819,0.65
38.71143027300059,11.116375534999365,7.390596363169272,-1.099879115803385,-0.1422566999113083,-0.6240353055118691,0.30055919901660255,7.342895349252072,0.08437938629484353,0.08440374821690799,0.06815461069893979,0.65
38.776597167001455,11.079273623995077,7.385892101865719,-1.1130573301286728,-0.14112783910660406,-0.5350012388063985,0.3832043348239707,7.362338806824973,0.0890909038914869,0.08910800952046127,0.07782459277246771,0.65
38.81762262800112,11.079273623995077,7.385892101865719,-1.1130573301286728,-0.14112783910660406,-0.5768899881118791,0.37352665551181746,7.362338806824973,0.0890909038914869,0.08910800952046127,0.04303062356386567,0.65
38.8275220430005,11.04191307501834,7.381162235244698,-1.120816469302129,-0.14189599863060354,-0.529497161753966,0.39499705814477704,7.382050971772398,0.09382561590950918,0.09383787614148176,0.06300677454562696,0.65
38.94160916400142,11.004450328721605,7.376538360398757,-1.1238823889020215,-0.13871624537823427,-0.44767107810723894,0.41584762110401796,7.4018487005977915,0.09845306935022831,0.09846175098742282,0.04228948520262956,0.65
38.94356327400055,10.967144251207223,7.372069274759803,-1.1191823254314415,-0.13407256916863053,-0.47189026261599387,0.39572750109274435,7.421579143711601,0.10292469752503586,0.10293083662637681,0.06202174572589012,0.65
38.97145166000155,10.93029725359645,7.367828794415073,-1.1054099283231809,-0.12721441034190456,-0.47036951506721425,0.41708384627661854,7.441044593460317,0.10716682387955753,0.10717131697110727,0.0784114824337137,0.65
39.06058259200108,10.858711672476561,7.360357367648099,-1.0614354578905307,-0.10635795560830007,-0.5055074809122815,0.41767547701396557,7.478551519776737,0.11463992838078862,0.11464274373808081,0.06783894769497444,0.65
39.17012101900036,10.824245314396109,7.357210627855423,-1.033990742413557,-0.0944021937802724,-0.33593632159304476,0.42561577331589207,7.496384280262165,0.11778704993040587,0.11778948353075691,0.024345875862185118,0.65
39.17350873200121,10.790923375976607,7.354672635142642,-0.9996581525850403,-0.07613978138340824,-0.33579696969837947,0.41692303239980344,7.513283527376799,0.12032504542303576,0.12032747624353757,0.04749419851613469,0.65
39.175130629000705,10.758826798157124,7.352838889397953,-0.9628973345845317,-0.05501237234068748,-0.30122371287844274,0.41916122737751027,7.529118236362982,0.12215861205274185,0.1221612219882271,0.06699540461566153,0.65
39.320400262000476,10.699054445852498,7.351338453967534,-0.8743414900394619,-0.01198205199280792,-0.21245905560389597,0.40839896216379945,7.557172971764836,0.12365802222951382,0.12366165741864599,0.05395753053086767,0.65
39.32243391200063,10.699054445852498,7.351338453967534,-0.8743414900394619,-0.01198205199280792,-0.24969130090433644,0.39204080174383266,7.557172971764836,0.12365802222951382,0.12366165741864599,0.05395753053086767,0.65
39.33094382700074,10.671344031386802,7.351715799690077,-0.8313124339708847,0.011320371676296914,-0.2571950043989799,0.4035784141357141,7.569347488341346,0.12327991305879077,0.12328431169610266,0.06746075427095095,0.65
39.33271793900167,10.671344031386802,7.351715799690077,-0.8313124339708847,0.011320371676296914,-0.30287194990040534,0.38928837240025504,7.569347488341346,0.12327991305879077,0.12328431169610266,0.06746075427095095,0.65
39.41128189400115,10.644840001739523,7.352904497301375,-0.795120889418358,0.035660928338934514,-0.4242054682810885,0.3793974639628905,7.580331677183747,0.1220900356369512,0.12209561408480507,0.015760861280696942,0.65
39.413171694000994,10.619327494506669,7.354855478326407,-0.7653752169856123,0.0585294307509472,-0.42181589801345176,0.33669000205840716,7.590260582401668,0.12013774997701629,0.1201446330597733,0.030305261990415566,0.65
39.42499992200101,10.619327494506669,7.354855478326407,-0.7653752169856123,0.0585294307509472,-0.4769052216771221,0.3098938266150486,7.590260582401668,0.12013774997701629,0.1201446330597733,0.030305261990415566,0.65
39.45507039600125,10.594868671377963,7.35765211267464,-0.733764693861157,0.08389903044700454,-0.49054226334319917,0.29191697775450787,7.5990262971388916,0.11733929927621663,0.11734799871153978,0.04320860886366722,0.65
39.53221888100052,10.571412337259083,7.361214690858609,-0.7036900235663615,0.10687734551906364,-0.5204593086209223,0.2756179488869942,7.606717974024489,0.11377481093047265,0.11378542052757101,0.024922753463920217,0.65
39.55687313200178,10.548953236144634,7.365490166026998,-0.6737730334335071,0.12826425505166936,-0.5115379613240714,0.24141639282943791,7.613380052444954,0.1094966179578382,0.10950994535918213,0.03534314223566923,0.65
39.65608009100106,10.527650929440139,7.3704403900467055,-0.6390692011348266,0.14850672059124229,-0.5665944702108544,0.20854233985416354,7.61896649328796,0.10454381612559352,0.10455972133947444,0.002942077799423119,0.65
39.65806201400119,10.507357980836854,7.3760246227589,-0.6087884580985483,0.16752698136581898,-0.6059137757000899,0.17783879381402748,7.62357669021577,0.09895581327463931,0.09897548862728023,0.004932869626264485,0.65
39.681322634000026,10.487887867690114,7.382186524502475,-0.584103394402212,0.18485705230725125,-0.7279031882848708,0.1506132258024523,7.62734370196836,0.09279010615037904,0.09281358688370478,0.006066492687254491,0.65
39.77481329700095,10.468920224502048,7.388712121378959,-0.5690292956419881,0.19576790629451382,-0.7583894822114272,0.13696050887247618,7.630604519024424,0.08626007504967949,0.08628799000722065,0.0033943111919109833,0.65
39.776742080000986,10.468920224502048,7.388712121378959,-0.5690292956419881,0.19576790629451382,-0.7853496500195865,0.11775709788493988,7.630604519024424,0.08626007504967949,0.08628799000722065,0.0033943111919109833,0.65
39.77824576400053,10.450303502172417,7.39549110297428,-0.5585016698889188,0.20336944785962233,-0.8139693683218463,0.0970442947223249,7.633526319896458,0.07947523698134526,0.07950900841190034,0.00236448417483702,0.65
39.890188595001746,10.41361179845406,7.409150186205838,-0.5485054665607845,0.2046286271957075,-0.8977313074546807,0.03854297215388608,7.639170714367266,0.06580242984008301,0.06584992518034216,0.00350395031284961,0.7000000000000001
39.89972074100115,10.41361179845406,7.409150186205838,-0.5485054665607845,0.2046286271957075,-0.9242160985090335,-0.042625392127081274,7.639170714367266,0.06580242984008301,0.06584992518034216,0.00350395031284961,0.7000000000000001
40.00642410800174,10.377181941443533,7.4223427491472185,-0.5468459003942239,0.19418492845218688,-1.0713800971615575,-0.07401401873815766,7.645291404320758,0.05259144659010073,0.05265736223896145,0.008375637176076305,0.7000000000000001
40.00837620400125,10.377181941443533,7.4223427491472185,-0.5468459003942239,0.19418492845218688,-1.088734308797294,-0.16349932038013426,7.645291404320758,0.05259144659010073,0.05265736223896145,0.008375637176076305,0.7000000000000001
40.009817261001444,10.377181941443533,7.4223427491472185,-0.5468459003942239,0.19418492845218688,-1.1232442522690311,-0.11228657213799492,7.645291404320758,0.05259144659010073,0.05265736223896145,0.008375637176076305,0.7000000000000001
40.03388542200082,10.358599822353526,7.428496375365411,-0.5574635727002124,0.18460878654576274,-1.2010239142606798,-0.17629843030617354,7.648989207915352,0.04642338484819252,0.04650373602076918,0.012627230262615616,0.7000000000000001
40.12986649800041,10.339440618870354,7.434261318837614,-0.5747761044951709,0.17294830416611953,-1.1968039104380357,-0.20168149026000515,7.653357369452092,0.04064287865251036,0.040738792548565606,0.011202518310795523,0.7000000000000001
40.1318311390005,10.319621448814425,7.439556818237099,-0.5945751016778342,0.15886498198454088,-1.1802942413970372,-0.2367036855764163,7.658509343714079,0.03532861254142617,0.0354432931490809,0.01617493507561568,0.7000000000000001
40.1735183260007,10.298987122759263,7.444228384402502,-0.619029781654876,0.14014698496208253,-1.0797491531496208,-0.17960838880566554,7.664658811189395,0.0306301266271991,0.03077172698367825,0.020611771966627043,0.7000000000000001
40.25004860400077,10.277514395178098,7.448152901992086,-0.6441818274349052,0.11773552768753004,-1.0466026794548986,-0.17175550135933232,7.6719271382324115,0.026677594704239152,0.02684720939409413,0.013385118180600002,0.7000000000000001
40.2743377200004,10.255071449971783,7.451277246852173,-0.6732883561894468,0.09373034580261716,-0.9964633589275169,-0.14112771158570525,7.680429011653431,0.023508177880297076,0.023722864534007293,0.01842183738552367,0.75
40.29133287500008,10.255071449971783,7.451277246852173,-0.6732883561894468,0.09373034580261716,-0.9666524374541591,-0.13612297850558336,7.680429011653431,0.023508177880297076,0.023722864534007293,0.01842183738552367,0.75
40.37212977800118,10.23165465508098,7.453502278561333,-0.7025038467240791,0.06675095127482086,-0.9666524374541591,-0.13612297850558336,7.690255370834315,0.02123408117873827,0.02149783282484652,0.0025608752487519685,0.75
40.37413102700157,10.23165465508098,7.453502278561333,-0.7025038467240791,0.06675095127482086,-0.9660480871491302,-0.16723136358374946,7.690255370834315,0.02123408117873827,0.02149783282484652,0.0025608752487519685,0.75
40.492532429001585,10.207096989913769,7.454759261331191,-0.7367299550163312,0.03770948309571518,-0.9106116745366774,0.022807458741578746,7.701552981107253,0.01990283474940184,0.020240850054989323,0.002382284466910079,0.75
40.494615612000416,10.18138757963434,7.455045056583685,-0.7712823083828622,0.008573857574836502,-0.9146565622270867,0.010790335513847199,7.71433402835766,0.01953052331223162,0.019955054802494487,0.005895148819287196,0.75
40.53119777500069,10.154623696351964,7.454328745287469,-0.8029164984712658,-0.02148933888649316,-0.8107051593721888,0.04447105513395508,7.728579468641042,0.020115023850952894,0.020671366098710564,0.009215466871366903,0.75
40.61074560100133,10.126905125194883,7.45257840034476,-0.8315571347124253,-0.05251034828127558,-0.7769050888108328,0.035155624427770316,7.744268642535957,0.02171554606038744,0.02242171104141999,0.009692836072106302,0.75
40.61546476100011,10.098367607826061,7.449795647527872,-0.8561255210646548,-0.08348258450664103,-0.7139497404185142,0.00769036624917363,7.7613323425643195,0.024256234785322735,0.02520446385830777,0.01475882793825539,0.7000000000000001
40.62956662100078,10.098367607826061,7.449795647527872,-0.8561255210646548,-0.08348258450664103,-0.6804411034880316,0.007769314949231193,7.7613323425643195,0.024256234785322735,0.02520446385830777,0.01475882793825539,0.7000000000000001
40.72829691100014,10.069198806207757,7.446105073709259,-0.8750640485491477,-0.11071721455839063,-0.6200702600502495,-0.0027633194253522952,7.779567851365179,0.027661291743849202,0.028895037676920587,0.0012805567555697617,0.7000000000000001
40.73874416500075,10.039611084212856,7.4417594097907385,-0.8876316598470293,-0.13036991755562788,-0.6347967796872803,-0.03476738445138294,7.798648979442353,0.03159417893193878,0.03324070159544146,0.001986039105276965,0.7000000000000001
40.7729950790017,10.009717388798745,7.43677755377224,-0.8968108624233473,-0.14945568055496694,-0.6493286637113018,-0.14663222550492017,7.81850018912891,0.03602412180638775,0.03822255761394011,0.0006361424662932407,0.7000000000000001
40.848022644000594,9.979624752323874,7.431447934297378,-0.9027790942461099,-0.1598885842458731,-0.6142981362438971,-0.1474809606259659,7.838818714235507,0.040678954661355925,0.043552177088802324,0.0023975075972536863,0.7000000000000001
40.85629082500054,9.979624752323874,7.431447934297378,-0.9027790942461099,-0.1598885842458731,-0.5839515031203585,-0.15814976208274883,7.838818714235507,0.040678954661355925,0.043552177088802324,0.0023975075972536863,0.7000000000000001
41.10714896600075,9.889721560009768,7.414666150802128,-0.8939105793218542,-0.1690233366824678,-0.5723612735279676,-0.09262553376095682,7.900641316847476,0.053441376599095876,0.06033396058405227,0.009704493831399028,0.70178344238091
41.11665499300034,9.889721560009768,7.414666150802128,-0.8939105793218542,-0.1690233366824678,-0.5604868117767695,-0.1477474943627499,7.900641316847476,0.053441376599095876,0.06033396058405227,0.009704493831399028,0.70178344238091
41.13264165400142,9.860190085886389,7.408975704926417,-0.8859442237013981,-0.17071337627132038,-0.4992741164609332,-0.15403111519457297,7.921224288270153,0.05674923259954622,0.06602440645976326,0.013084198091437032,0.70178344238091
41.209061229001236,9.83115831160948,7.403238373678243,-0.8709532283072886,-0.17211993744520268,-0.4992741164609332,-0.15403111519457297,7.9416387251194225,0.059714124978689526,0.07176173770793692,0.010430563809618085,0.7071067811865476
41.22159700800148,9.802854639762536,7.397445784728303,-0.8491101554082962,-0.17377766849819926,-0.35829246923229124,-0.24426044683254072,7.961764330578164,0.06126920598119482,0.07755432665787687,0.014451270379302692,0.6576473218982953
41.3276702080002,9.775298156254951,7.391575692958863,-0.8266945052275404,-0.17610275308320597,-0.3233212103286138,-0.3003863920046313,7.981604019280346,0.06195555148531157,0.08342441842731674,0.01201808408392238,0.6670832032063168
41.337846023001475,9.74847323113191,7.385596865691224,-0.8047477536911992,-0.17936481802917228,-0.28313821069849765,-0.2955054436100704,8.001187078814684,0.06151601415148174,0.08940324569495584,0.015825922080530068,0.6800735254367722
41.41150642500179,9.722568731815176,7.379459517626138,-0.7771349795020114,-0.18412044195256969,-0.2761132833467338,-0.3371693382441809,8.0204469253844,0.05856431220642191,0.09554059376004176,0.01897914496281143,0.6800735254367722
41.449274754000726,9.697488333775748,7.373173005918126,-0.7524119411828291,-0.18859535124035406,-0.29169007676060016,-0.36471520709096106,8.039422266528186,0.054804506877432387,0.08790418815278696,0.0026530289952045438,0.696419413859206
41.56927632800034,9.673210683278098,7.3668028026279195,-0.7283295149295109,-0.1911060987061983,-0.43881517061234476,-0.5095376545570743,8.058064789596965,0.047402607715996824,0.07524171079866408,0.001406613486962916,0.696419413859206
41.59562831100084,9.64982158377705,7.36025788309177,-0.7016729850314638,-0.19634758608449193,-0.5271295705331092,-0.6131003059572149,8.076398438576643,0.040618051306579646,0.06333107692195565,0.0023736584654040667,0.7158910531638177
41.80847384400113,9.606296674466039,7.346315772341581,-0.634885694810297,-0.21529821949019368,-0.5684118619300828,-0.7376394310041108,8.11206633508609,0.025145224673274368,0.042412879453124414,0.0047063965930022374,0.670820393249937
41.83559349100142,9.586441618843397,7.33874800958742,-0.595651668679261,-0.22703288262482038,-0.535151104542174,-0.7523829749950721,8.129374990610723,0.018838303075567414,0.03372445134339689,0.00613824619337899,0.6946221994724903
41.928075805000844,9.567736007838944,7.330655686840079,-0.5611683301336089,-0.24276968242021835,-0.5354886941788799,-0.7628601688004857,8.146498592938578,0.01267085496176391,0.026219723246104384,0.003958433283050785,0.6946221994724903
41.930041889001586,9.550057461942139,7.321988812412138,-0.5303563769041386,-0.26000623283823504,-0.5078791199985039,-0.7820039235972106,8.163541679852846,0.00761089956699925,0.019847509240645506,0.0068607806058647285,0.6946221994724903
41.94585882300089,9.533142687230503,7.312506556472157,-0.5074432413490788,-0.2844676781994249,-0.5169453066374812,-0.7602807025080481,8.180846714193445,0.003667405396625394,0.014591924815912212,0.008658274508599798,0.7211102550927979
41.97875466900041,9.51693955765961,7.302208300162604,-0.48609388712680257,-0.30894768928657257,-0.5044818600662473,-0.7559430479035136,8.198439791358078,0.0002281261860443814,0.010416548890770448,0.010498452268723996,0.7211102550927979
42.04987320000146,9.501137954521864,7.290837954865192,-0.4740480941323846,-0.3411103589223773,-0.4840364338468939,-0.7300437865825581,8.21670371074945,0.0023012457467848266,0.007283176422685287,0.005264735322208852,0.6800735254367722
42.087799177001216,9.501137954521864,7.290837954865192,-0.4740480941323846,-0.3411103589223773,-0.4610376537048601,-0.7074469763837119,8.21670371074945,0.0023012457467848266,0.007283176422685287,0.005264735322208852,0.6800735254367722
42.16780963200108,9.485639736960755,7.278183200451893,-0.46494652683330556,-0.3796426323989871,-0.45876717420796,-0.7014844913916575,8.23586699040923,0.0036866779892098813,0.00527254434881461,0.0016843641969069667,0.7106335201775948
42.16990447800163,9.470430731413712,7.264161551690545,-0.456270166411292,-0.42064946284042803,-0.44440118879249074,-0.7234766262265642,8.256003809593622,0.00413641883319257,0.004432956313962414,0.0021853623275214173,0.7106335201775948
42.195511002000785,9.455532408656735,7.248793708582026,-0.4469496827093263,-0.4610352932555733,-0.4176992614391593,-0.6794700711034881,8.27708323351911,0.003767304952338145,0.004764957338442318,0.0017309391975048024,0.6726812023536856
42.286382035001225,9.440984402254442,7.232131839569308,-0.4364401920687766,-0.4998560703815386,-0.3951266943050338,-0.6728213404693774,8.299038462924127,0.0022343100506635478,0.006259683924770147,0.0010399767329052156,0.7071067811865476
42.2898997780012,9.426749866220264,7.214241356432243,-0.4270360810253382,-0.5367144941119555,-0.37262600187718997,-0.6896510790116266,8.32183506868169,0.0001538270837627977,0.008844828912880836,0.003165005599348947,0.7071067811865476
42.31648179400145,9.412777124899304,7.1953390884557615,-0.41918223962884604,-0.5670680392944594,-0.37677336648232884,-0.6673029572641902,8.345322077923305,0.0030008175345137013,0.01233053063904,0.005775142146347125,0.6726812023536856
42.40873271400051,9.399032472241394,7.175632564132509,-0.41233957973728597,-0.591195729697568,-0.3478656854678237,-0.6488640036500612,8.369346455007284,0.006566340588848513,0.01654621052216837,0.006816238058548164,0.7106335201775948
42.453105767001034,9.372330095019679,7.134302654921689,-0.3964055341307994,-0.6285681413045853,-0.3326180775970687,-0.6244044051553803,8.418539198322215,0.014210724677076236,0.02688943758368715,0.015102785966622357,0.6800735254367722
42.532840304000274,9.372330095019679,7.134302654921689,-0.3964055341307994,-0.6285681413045853,-0.3326180775970687,-0.6244044051553803,8.418539198322215,0.014210724677076236,0.02688943758368715,0.009623227462469122,0.6800735254367722
42.53477302400097,9.359432984098126,7.112937454304015,-0.3869133276466063,-0.6409560185302204,-0.2981779713008962,-0.6163940981550046,8.443460111217702,0.01863353207336489,0.03287728123150985,0.015061017246586164,0.6800735254367722
42.56575202500062,9.346815989900065,7.091224637406613,-0.37850982594179317,-0.6513845069220715,-0.2421820720664789,-0.5682199740454512,8.468511694339552,0.022249827854024615,0.03930899914268562,0.01961139618540367,0.6946221994724903
42.64517849399999,9.334521651487998,7.069255808644055,-0.3688301523619972,-0.6590648628767389,-0.20890285872678643,-0.5742073258340685,8.493594514363282,0.026152584382956017,0.04614989687404183,0.006091348226237965,0.6946221994724903
42.65449696900032,9.322602428103613,7.047129160406845,-0.35757670153155885,-0.6637994471162957,-0.18891978265526735,-0.6148418024781662,8.518598161666327,0.029369124195111302,0.05336763620592538,0.009380282823848052,0.670820393249937
42.765977904000465,9.311089722985601,7.024864218582333,-0.3453811535403571,-0.6679482547353726,-0.1708839064649358,-0.7384375815969524,8.543489214998209,0.03173801065786248,0.06097061569401495,0.0013460123385045793,0.670820393249937
42.78175770800044,9.300028434229485,7.002567412517014,-0.3318386626834883,-0.6689041819595503,-0.13634407937261356,-0.8523446510079511,8.568154781869366,0.033361972599117,0.068915326173491,0.003097429031937756,0.670820393249937
42.90773088400056,9.28944772840959,6.980248741987672,-0.3174211745968843,-0.6695601158802866,-0.11237559427533833,-0.8571844257448198,8.592570694132913,0.03227000951622321,0.06444759094637753,0.0039045379870986576,0.696419413859206
42.90968034100115,9.27933853237019,6.957897153050147,-0.3032758811819947,-0.6705476681257514,-0.08374468343362837,-0.8492936101519237,8.616751711747298,0.030907036209468934,0.05433839490697778,0.008216472462667518,0.696419413859206
42.932917280000765,9.269735615592518,6.935712459952351,-0.28808750333017,-0.6655407929338643,-0.0905207293991144,-0.6782289900953019,8.640513293766602,0.027998124671876647,0.04473547812930612,0.012377072875936432,0.6800735254367722
43.00645657300083,9.260666710619802,6.913718552696486,-0.2720671491814991,-0.6598172176759541,-0.06394825529556876,-0.6162088601843723,8.663820619424323,0.025304850504062268,0.03566657315658972,0.008045729805000082,0.6800735254367722
43.03304442100125,9.252139553204433,6.8919083691523095,-0.25581472246105624,-0.6543055063252978,-0.04403964084520001,-0.6375039623911753,8.686675766385058,0.022091511245241804,0.02713941574122103,0.010154343330974085,0.6670832032063168
43.12607978000051,9.244157156640068,6.8702693533254475,-0.2394718969309601,-0.6491704748058648,-0.03456890565640086,-0.6694638813414859,8.709088066087924,0.01936798655082501,0.019157019176855528,0.0065070363754102176,0.7158910531638177
43.1280288020007,9.23679700023583,6.848531642727663,-0.2208046921270974,-0.6521313179335364,-0.004660150641980748,-0.7048726989600159,8.731239130469236,0.017235640388875664,0.011796862772618155,0.009640030956438799,0.7071067811865476
43.1583232410012,9.230074172550394,6.826651454237374,-0.20168483056311529,-0.6564056547086505,-0.004128792213728916,-0.8293832709479144,8.753158094825434,0.01575629519356803,0.0050740350871816275,0.013079955151134097,0.7071067811865476
43.246155769000325,9.224106080941027,6.8043877451834325,-0.17904274828097072,-0.6679112716182338,0.0012676510920754391,-0.8968517934557512,8.774981463373352,0.015942228484299728,0.013942943639799251,0.011303564763485366,0.7071067811865476
43.24807616600083,9.218931680063159,6.781667151055545,-0.15523202633603503,-0.6816178238366292,0.027366321638620142,-0.8604231978191492,8.796750742849914,0.017310241853842834,0.026349975870897897,0.013558857689259724,0.70178344238091
43.270150706001004,9.21456386054006,6.758499266716866,-0.13103458569298135,-0.6950365301603586,-0.007607624456790793,-0.9504076874486781,8.818453338853589,0.01828841259899423,0.03956372382190665,0.015433549859604361,0.70178344238091
43.36549134600136,9.21456386054006,6.758499266716866,-0.13103458569298135,-0.6950365301603586,-0.010819625315489814,-0.9845853580660139,8.818453338853589,0.01828841259899423,0.03956372382190665,0.0,0.70178344238091
43.375838214000396,9.210956214517706,6.735151135287038,-0.10822938067062414,-0.7004439428948357,-0.016620848590127205,-1.0174917959553613,8.839895244652329,0.018892497661839956,0.03595607779955223,0.004120713269575703,0.7000000000000001
43.378296021001006,9.210956214517706,6.735151135287038,-0.10822938067062414,-0.7004439428948357,0.011763873695777492,-0.9832124714654094,8.839895244652329,0.018892497661839956,0.03595607779955223,0.004120713269575703,0.7000000000000001
43.391552856001,9.208118289139867,6.711852689141022,-0.08513776133518927,-0.6989533843804726,-0.037567061283051185,-0.9601060245650581,8.860881861304811,0.01955564733239643,0.033118152421712566,0.008881086672447644,0.7000000000000001
43.485769664001054,9.206043469450705,6.688675348466554,-0.06224459067484099,-0.6953202202340392,-0.044609845112772606,-0.9900787990424194,8.881359333645579,0.020086591658011486,0.03104333273255122,0.004196419309906753,0.7000000000000001
43.51756644800116,9.204125890602144,6.642617392837052,-0.017959201806820365,-0.6901672454628378,-0.05953253748668281,-1.1492520939992161,8.920882167402992,0.02205213146034205,0.029125753883990413,0.012346694649244181,0.7000000000000001
43.527575481000895,9.204125890602144,6.642617392837052,-0.017959201806820365,-0.6901672454628378,0.01872792139364511,-1.150600306077489,8.920882167402992,0.02205213146034205,0.029125753883990413,0.012346694649244181,0.7000000000000001
43.60694856400005,9.204120399188481,6.61944311214146,-0.00016474240989539438,-0.6952284208677715,-0.06537020337556218,-1.1826128339020139,8.940266686074313,0.02355613108106274,0.029120262470327063,0.011609108572703287,0.7000000000000001
43.72476976600046,9.204519520611482,6.595939552793848,0.011973642690058876,-0.7051067804283642,-0.08418924415250928,-1.2471616459661634,8.95972389749806,0.024979717026712405,0.02951938389332831,0.005643013083759078,0.7000000000000001
43.726712456000314,9.20520582389185,6.571954632618322,0.020589098411025172,-0.719547605265759,-0.04508208348181039,-1.2491867777674157,8.97944748187877,0.02667679422869926,0.030205687173696205,0.011673544321692519,0.7000000000000001
43.732958660000804,9.2060133156266,6.547328829931169,0.024224752042505848,-0.7387740806145668,-0.11920403069736968,-1.2443031781143616,8.999663742052423,0.02815301394136789,0.031013178908446903,0.01612250976856483,0.7000000000000001
43.84373420000156,9.20702364252317,6.521922661809872,0.030309806897054765,-0.7621850436389236,-0.11894282729105465,-1.2443281736889227,9.020447537590249,0.0298284549010801,0.03202350580501623,0.013136483487467078,0.7000000000000001
43.88003436600047,9.208243243733973,6.495539131785113,0.03658803632408299,-0.7915059007427473,-0.12739239952353687,-1.2067560907743076,9.04196379436933,0.031494325360162466,0.03324310701581901,0.018214458980285547,0.7000000000000001
43.9668744720002,9.20954949410085,6.468088274333029,0.03918751100632151,-0.8235257235625436,-0.12985303605228166,-1.2432369802366743,9.064357822759549,0.033223703970876706,0.034549357382696044,0.00710242128017701,0.7000000000000001
44.00630905700018,9.212701324032157,6.41006766058827,0.05079487584160299,-0.8853534937471995,-0.12679779277215347,-1.2435522987587255,9.11157218776471,0.0369286801198151,0.03770118731400274,0.020739716672221086,0.7000000000000001
44.0850257710008,9.212701324032157,6.41006766058827,0.05079487584160299,-0.8853534937471995,-0.12679779277215347,-1.2435522987587255,9.11157218776471,0.0369286801198151,0.03770118731400274,0.0,0.7000000000000001
44.09575591900102,9.21472371184033,6.3796070241225395,0.060671634245217126,-0.9138190939719257,-0.13803360597359632,-1.2423553129527503,9.136213226147534,0.03915092191143051,0.03972357512217606,0.011225224298890092,0.7000000000000001
44.13525972500065,9.217168481634767,6.348288991131752,0.07334309383312364,-0.9395409897236191,-0.14722995743537942,-1.0732676857491394,9.161390025632034,0.041735585199777166,0.04216834491661281,0.021619391685102633,0.7000000000000001
44.20409506500073,9.21986207292558,6.316142576092225,0.08080773872440046,-0.9643924511858235,-0.15191155264811534,-1.0392941040839125,9.187174896723933,0.04454710085305722,0.0448619362074254,0.02190491776735154,0.7000000000000001
44.20635676200072,9.222703520553253,6.283202978523351,0.08524342883021109,-0.9881879270661875,-0.12466831559330493,-1.0100721890720268,9.213595206182537,0.047472371572254916,0.04770338383509909,0.030620095233278133,0.7000000000000001
44.248769965000974,9.22579749473766,6.249525163245929,0.09281922553220488,-1.0103344583226819,-0.22677188140199128,-0.891781989912862,9.24055221427889,0.05062769291669291,0.05079735801950669,0.03826884045078124,0.7000000000000001
44.3243270030016,9.229130223252096,6.215162882994571,0.09998185543305715,-1.0308684075407366,-0.22677188140199128,-0.891781989912862,9.268011045728347,0.05400904680547983,0.05413008653394158,0.027027374003447846,0.7000000000000001
44.32629877800173,9.229130223252096,6.215162882994571,0.09998185543305715,-1.0308684075407366,-0.2033874431512036,-0.9315975818879407,9.268011045728347,0.05400904680547983,0.05413008653394158,0.027027374003447846,0.7000000000000001
44.33247342800132,9.23268906783904,6.1801032712313155,0.10676533760832317,-1.0517883528976564,-0.2512711362776513,-0.8242845609065506,9.295992679896779,0.05760250906696042,0.05768893112088591,0.037902698265695,0.7000000000000001
44.36305931900097,9.236240221575475,6.144356329274941,0.1065346120930631,-1.072408258691242,-0.284238934465436,-0.8014907887098077,9.324613954355852,0.06117758063078266,0.06124008485732091,0.04691828644351125,0.7000000000000001
44.44303077100085,9.239772113388348,6.108171630097086,0.10595675438621416,-1.0855409753356349,-0.284238934465436,-0.8014907887098077,9.35366964371645,0.06472786121453042,0.06477197667019396,0.033006930605257494,0.7000000000000001
44.45335287300077,9.243130740696873,6.0718458967836675,0.10075881925577056,-1.0897719994025514,-0.26000920775976777,-0.8419458849652193,9.3829865878063,0.06810000008663265,0.0681306039787195,0.04554972357811,0.7000000000000001
44.46598273500058,9.246156825406457,6.0355637442885195,0.09078254128749703,-1.0884645748544384,-0.2958095735063413,-0.6967088627973684,9.412487752235439,0.07113482810889386,0.07115668868830305,0.05491969684427372,0.7000000000000001
44.588024097000016,9.250840523826417,5.963392810926508,0.06276558713325678,-1.0794053937219499,-0.2889604156598368,-0.7641585974204419,9.471996841988835,0.07582986528847069,0.07584038710826313,0.0502120947821265,0.65
44.590781377000894,9.250840523826417,5.963392810926508,0.06276558713325678,-1.0794053937219499,-0.24013437284034592,-0.7478062026625146,9.471996841988835,0.07582986528847069,0.07584038710826313,0.0502120947821265,0.65
44.609994884000116,9.252482452486058,5.927867731469253,0.04925785978923449,-1.0657523837176441,-0.2705092956346527,-0.5930888435323174,9.50169312216602,0.07747532648442074,0.0774823157679041,0.05911795823728914,0.65
44.72361044200079,9.253501903414282,5.892958127637557,0.030583527846742228,-1.0472881149509023,-0.2612739786183778,-0.459808866539848,9.531216086886259,0.07849726993616368,0.07850176669612807,0.03203885735218951,0.65
44.80257663500015,9.253787508754307,5.858825566338296,0.008568160200749762,-1.0239768389778172,-0.2612739786183778,-0.459808866539848,9.560477579930048,0.07878498739655503,0.07878737203615316,0.0128437039351359,0.65
44.806277999001395,9.253354429363268,5.82551846311717,-0.012992381731137252,-0.999213096633756,-0.24635254822945518,-0.5961779354465989,9.589422192790735,0.07835370989766946,0.0783542926451144,0.024705154511150407,0.65
44.83882550800081,9.252315812663353,5.792980684500868,-0.03115850099746576,-0.9761333584890663,-0.2345594156372276,-0.66157453662795,9.618035760394607,0.07731677688099875,0.07731567594519895,0.03555518649564617,0.65
44.92010544100049,9.250799455845272,5.761076353531446,-0.0454907045424168,-0.9571299290826463,-0.2345594156372276,-0.66157453662795,9.646366854887022,0.07580220134990479,0.07579931912711757,0.01014379889057689,0.65
44.930643019000854,9.248918501238196,5.7298780982479265,-0.05642863821225992,-0.9359476585055965,-0.20375597536617504,-0.7024615530825785,9.674292344033171,0.07392315489078047,0.07391836452004164,0.019691990288419593,0.7000000000000001
45.04007229800118,9.244163927653954,5.670108296687982,-0.07550284582786676,-0.8830395659971251,-0.17695412061020685,-0.8576112390398274,9.728423206823697,0.06917373409058442,0.06916379093580005,0.024149867135221582,0.7000000000000001
45.05591950000053,9.241423453623552,5.641832828724005,-0.082214220912073,-0.848264038919308,-0.1416993113368616,-0.7933720064490641,9.754299459943306,0.06643686421670553,0.06642331690539827,0.030989669231467707,0.7000000000000001
45.159259664000274,9.238492803261073,5.614358519843848,-0.08791951087440497,-0.8242292664046937,-0.09509586507933782,-0.7798353458434945,9.779589130106185,0.06351048139775775,0.06349266654291874,0.00876725119341518,0.7000000000000001
45.16224682700158,9.235412766830333,5.5875295850555755,-0.09240109292219381,-0.804868043648188,-0.10645759533084992,-0.7672934067473488,9.804405209619878,0.06043579659286142,0.06041263011217879,0.017130120917372645,0.7000000000000001
45.28176435500063,9.232273945371835,5.561176945226509,-0.09416464375492294,-0.7905791948719969,-0.24775415845283205,-0.8312875387177171,9.82884815752269,0.057303856042904014,0.05727380865368126,0.019669875749582875,0.7000000000000001
45.28372605000004,9.229151088660156,5.535230154902904,-0.09368570135035928,-0.7784037097081551,-0.24494427081487344,-0.861770056063256,9.85294126728588,0.05418922719269859,0.05415095194200248,0.025019983081646466,0.7000000000000001
45.32070920200022,9.226113603799869,5.5096343345206105,-0.09112454580863229,-0.7678746114688185,-0.2850906316998397,-0.812607826023293,9.876697366514367,0.05116277659079473,0.0511134670817146,0.02985793300252716,0.7000000000000001
45.40235943100015,9.220612604865991,5.458657128195214,-0.07903823365465604,-0.7658653654176909,-0.28396316400374066,-0.8464467515851042,9.923770854865806,0.045692629659697025,0.04561246814783715,0.015860141461030784,0.7000000000000001
45.430685233000986,9.218353679423762,5.432922818800482,-0.06776776326689347,-0.7720292818419703,-0.21527242513890338,-0.8171224795281051,9.947295997609846,0.04345463593772764,0.043353542705608206,0.020619078728758213,0.7000000000000001
45.51995316000102,9.21645000984679,5.407092823924937,-0.05711008730915728,-0.774899846266351,-0.24163480549098523,-0.8304848972345809,9.970741982329237,0.04158076578274483,0.04144987312863613,0.006213140438811657,0.7000000000000001
45.52249840100012,9.21645000984679,5.407092823924937,-0.05711008730915728,-0.774899846266351,-0.21081792216099862,-0.842934643486007,9.970741982329237,0.04158076578274483,0.04144987312863613,0.006213140438811657,0.7000000000000001
45.64140667900028,9.21380400988909,5.3552746290701085,-0.0355765751252646,-0.778578531879237,-0.28694379911761775,-1.0010393328369824,10.017241789373005,0.03901795219204547,0.03880387317093614,0.015558084414632143,0.7000000000000001
45.65251534000163,9.21266565632157,5.3291047554486575,-0.03415060702557082,-0.7850962086435228,-0.3233031519177573,-0.9062369992439776,10.040649400202758,0.03793444931332423,0.0376655196034168,0.02051870048907978,0.7000000000000001
45.677884517001075,9.21266565632157,5.3291047554486575,-0.03415060702557082,-0.7850962086435228,-0.34481636771998503,-0.8745333549869047,10.040649400202758,0.03793444931332423,0.0376655196034168,0.02051870048907978,0.7000000000000001
45.761078702000304,9.21154022012736,5.302667780700157,-0.033763085826318415,-0.7931092424549984,-0.3721235684005752,-0.8175626955836908,10.064297948499117,0.036892650650742626,0.03654008340920534,0.006580300105237612,0.7000000000000001
45.76316590300121,9.21154022012736,5.302667780700157,-0.033763085826318415,-0.7931092424549984,-0.326930836997215,-0.8000978593323441,10.064297948499117,0.036892650650742626,0.03654008340920534,0.006580300105237612,0.7000000000000001
45.76500792400111,9.210260958554537,5.276019131376905,-0.03837784718467785,-0.79945947969757,-0.34972597291245594,-0.7544899659763628,10.088220173215015,0.03570307957390709,0.035260821836383016,0.013074680674274228,0.7000000000000001
45.79572203800126,9.20890390627629,5.249193351076587,-0.040711568347404574,-0.8047734090095205,-0.3540980369133071,-0.6887364377306844,10.112348853489292,0.03448862998217766,0.03390376955813679,0.01734447608400198,0.7000000000000001
45.88282298300146,9.207537486328976,5.222198973836105,-0.04099259841947709,-0.8098313172144872,-0.37925604346166286,-0.6250034469756205,10.136643453719426,0.03327653711062774,0.032537349610821664,0.012836686794662613,0.7000000000000001
45.893567991000964,9.206177661671084,5.195090292652173,-0.040794739736745064,-0.8132604355179516,-0.3724528430854813,-0.5280830659514433,10.161048861960298,0.03215202102563835,0.03117752495293047,0.017059376155979862,0.7000000000000001
45.928889382001216,9.204803637521177,5.167827256454174,-0.04122072449720006,-0.8178910859399585,-0.416451431773573,-0.47300279367777853,10.185610308065435,0.031050565922731668,0.029803500803023297,0.021143247670085023,0.7000000000000001
46.001951732001544,9.203386725778502,5.140164675408032,-0.04250735228022856,-0.8298774313842658,-0.4434856500965875,-0.45589599509122664,10.210556821304516,0.030019291002916476,0.0283865890603483,0.01387868032917439,0.7000000000000001
46.00449185400066,9.201765994705948,5.112049092157155,-0.04862193217665345,-0.843467497526324,-0.4540015091511193,-0.4918606577970442,10.236012792704589,0.02889559201311059,0.02676585798779385,0.020088221153791087,0.7000000000000001
46.12135514700094,9.199720996257188,5.083650167267688,-0.061349953462781444,-0.8519677466839988,-0.5894213760343939,-0.5455686704388232,10.261934448277023,0.027486583119315025,0.024720859539034024,0.008427204036361368,0.75
46.13216019700121,9.197225013356782,5.05523589856924,-0.07487948701220841,-0.8524280609534347,-0.5993113037062923,-0.5822719853963754,10.288097988461471,0.025885165781614934,0.022224876638627933,0.016091301911943214,0.75
46.1407663760001,9.194195956774406,5.027043248207643,-0.09087169747130097,-0.8457795108479229,-0.7528675153861413,-0.5455986327092897,10.314332626516517,0.02387084456083369,0.01919582005625209,0.022067816312619844,0.75
46.158299953000096,9.194195956774406,5.027043248207643,-0.09087169747130097,-0.8457795108479229,-0.7528675153861413,-0.5455986327092897,10.314332626516517,0.02387084456083369,0.01919582005625209,0.022067816312619844,0.75
46.24071521000042,9.190654655661188,4.9993379448588655,-0.10623903339656246,-0.8311591004633141,-0.8192966259376913,-0.535255815970329,10.340392717487418,0.021864465316972066,0.015654518943033935,0.009738900247049865,0.75
46.24252062200139,9.186570381183255,4.972308099001378,-0.12252823433797197,-0.8108953757246256,-0.8508988479391866,-0.548085960312741,10.366125122658973,0.019390417496352386,0.011570244465101354,0.018683130348114908,0.75
46.28593466800157,9.181955353685362,4.94601949483296,-0.13845082493681862,-0.7886581250525372,-0.9812387408287829,-0.5896944738118414,10.391463911890483,0.017222723485243254,0.006955216967208244,0.02737347986397909,0.75
46.29270669200014,9.181955353685362,4.94601949483296,-0.13845082493681862,-0.7886581250525372,-0.9812387408287829,-0.5896944738118414,10.391463911890483,0.017222723485243254,0.006955216967208244,0.02737347986397909,0.75
46.37097430000176,9.176773103919194,4.920498622649653,-0.1554674929850593,-0.7656261654992008,-1.0633838014533357,-0.6570501432970339,10.416400943083477,0.014579214540173805,0.0017729672010400321,0.02248964617178368,0.75
46.44832585900076,9.170846988441767,4.895548385254886,-0.17778346432283845,-0.7485071218430278,-1.0709279876259825,-0.6446807313076476,10.441191452106294,0.012394726526624862,0.004153148276387242,0.03298825761578557,0.75
46.48099797300165,9.170846988441767,4.895548385254886,-0.17778346432283845,-0.7485071218430278,-1.0709279876259825,-0.6446807313076476,10.441191452106294,0.012394726526624862,0.004153148276387242,0.013984949161747293,0.75
46.49301371800175,9.164055111753196,4.871015304644697,-0.20375630065712255,-0.7359924183056631,-1.0835284754941055,-0.6232704411356438,10.466026487971074,0.009501610796992372,0.01094502496495764,0.02707081379859212,0.75
46.51976284900047,9.156411604047811,4.846755332460955,-0.2293052311615289,-0.7277991655122715,-1.0968563355842142,-0.5995049450077703,10.4910248834865,0.007717472366311999,0.018588532670342772,0.03937166845359338,0.75
46.52716013200006,9.156411604047811,4.846755332460955,-0.2293052311615289,-0.7277991655122715,-1.0751542153233369,-0.6376075699616962,10.4910248834865,0.007717472366311999,0.018588532670342772,0.03937166845359338,0.75
46.605111637001755,9.147798614920465,4.822705326910005,-0.2583896738204183,-0.7215001665284838,-1.108794030191716,-0.5771271944824742,10.516296639489001,0.005089258842256376,0.02720152179768931,0.03179822131270875,0.7648529270389178
46.6071505380005,9.138011812188742,4.7988847783555775,-0.2936040819516936,-0.7146164566328339,-1.1028501349854387,-0.5884059650977369,10.54191970858648,0.004513920322681718,0.03698832452941225,0.04572241634827518,0.7762087348130012
46.62863011400077,9.126773734925541,4.775384278662806,-0.33714231789601123,-0.7050149907831653,-1.1326371978434984,-0.5287011842555277,10.567943879214878,0.002469219835016728,0.034372891475319106,0.057267119985796554,0.7762087348130012
46.73504127900014,9.113947036310908,4.752147642659269,-0.3848009584390013,-0.6970990801060998,-1.1354991710957298,-0.5226295365178959,10.594482896836137,0.003588053472997049,0.027011954155898056,0.03052251299330997,0.7762087348130012
46.73781209500157,9.099566846155506,4.728960770480162,-0.4314057046620418,-0.6956061653731916,-1.1102498609209066,-0.49992804279576786,10.621709277101635,0.0035726455511684604,0.020784689577182,0.04440077473589914,0.7433034373659253
46.74554903600074,9.083747593028196,4.705563403828823,-0.4745775938193179,-0.701920999540154,-1.029187912009436,-0.4371066628425893,10.649799395760029,0.00464142130476379,0.015426154115739658,0.057234270187803124,0.7433034373659253
46.76006373100063,9.083747593028196,4.705563403828823,-0.4745775938193179,-0.701920999540154,-1.001259487612984,-0.41931366115272006,10.649799395760029,0.00464142130476379,0.015426154115739658,0.057234270187803124,0.7433034373659253
46.85357904100056,9.066520943078542,4.681943776679535,-0.5167994984896358,-0.7085888144786477,-0.9686204242976966,-0.40826887255487715,10.678749666608551,0.005352989494918378,0.010905636585908061,0.03348199926193896,0.7615773105863909
46.85561905400027,9.066520943078542,4.681943776679535,-0.5167994984896358,-0.7085888144786477,-0.943031921349702,-0.38552353665438716,10.678749666608551,0.005352989494918378,0.010905636585908061,0.03348199926193896,0.7615773105863909
46.879157514000326,9.02800363369471,4.634065118677623,-0.5977324493751703,-0.7210009525333705,-0.8672520521091062,-0.3188016933785805,10.739137317180079,0.006791354067623037,0.004286163497011499,0.06294640569864024,0.73824115301167
46.9729717120008,9.006925199637333,4.609742835879879,-0.6323530217212838,-0.7296684839323127,-0.8108010686115767,-0.27485767032320435,10.770533504113084,0.007306893644987298,0.0019924160555544073,0.017297587727523947,0.73824115301167
46.97543697900073,9.006925199637333,4.609742835879879,-0.6323530217212838,-0.7296684839323127,-0.7783967031643801,-0.2807210808574324,10.770533504113084,0.007306893644987298,0.0019924160555544073,0.017297587727523947,0.73824115301167
47.00723506800023,8.984734772327458,4.585192950976718,-0.6657128192962164,-0.7364965470948149,-0.6845420042568968,-0.16531253163605197,10.802661316989392,0.007721089824982592,0.0003240275914196783,0.0344260950851136,0.7211102550927979
47.09282137200171,8.961438807534071,4.560553173506683,-0.6988789438016298,-0.7391933241010359,-0.6569366976318423,-0.14358750346554344,10.83539832605199,0.007807235314753763,0.0006261914648813616,0.017218371111090463,0.7211102550927979
47.10356478700123,8.937071232784191,4.535967376758677,-0.7310272424963951,-0.7375739024401904,-0.5640764940197334,-0.07627094612334051,10.868604025990129,0.007529680210879016,0.0007804977195615435,0.033973623897815455,0.7106335201775948
47.13593988500179,8.91180444328603,4.511375424945283,-0.7580036849448583,-0.7377585544018292,-0.5308725183607811,-0.06935935165475099,10.902251803001516,0.007028971930193214,0.0003033154164626041,0.049717788935486014,0.7106335201775948
47.21643261900135,8.885761295672198,4.486877504565924,-0.7812944284149361,-0.7349376113807543,-0.5168936990675292,-0.06600949360137848,10.936197208258944,0.006282546578340142,0.0007893252395074923,0.0206969977586475,0.7071067811865476
47.227457092001714,8.885761295672198,4.486877504565924,-0.7812944284149361,-0.7349376113807543,-0.4895708670398442,-0.05936795181452692,10.936197208258944,0.006282546578340142,0.0007893252395074923,0.0206969977586475,0.7071067811865476
47.22913465400052,8.859180988040492,4.462827369525089,-0.7974092289511701,-0.7215040512250566,-0.464521681015855,-0.022384451103945102,10.970017330236582,0.005400864052935932,0.002578427436083821,0.03954396500885821,0.7071067811865476
47.26057899300031,8.832322372807633,4.439254457905888,-0.805758456985791,-0.7071873485760087,-0.3533119225899699,0.04157876487476747,11.003564513970655,0.004305097616153791,0.004901770742271784,0.05601690858364846,0.7106335201775948
47.33080717100165,8.805540768615007,4.4161904101404135,-0.8034481257787741,-0.6919214329642542,-0.3533119225899699,0.04157876487476747,11.036642004045172,0.0037990630967827672,0.007530480101354198,0.037129817010606206,0.7106335201775948
47.35773382200023,8.779026761167811,4.393807010194254,-0.7954202234158653,-0.6715019983847875,-0.4039825728537878,0.031575631417489966,11.069008020763311,0.0032481114995811544,0.01045126067575685,0.052436377132812115,0.7211102550927979
47.477122826001505,8.75299268450143,4.372316669553474,-0.7810222999914354,-0.6447102192234202,-0.4425369652575702,0.029215618558674272,11.100374327446909,0.003931436422413587,0.013664167231381155,0.012661607498349612,0.7211102550927979
47.47920478800006,8.727504629115861,4.351784781805794,-0.7646416615670713,-0.6159566324303971,-0.47616108539863866,0.00835873191849923,11.130651663330616,0.004417129506017578,0.017168706976828742,0.02462870541427303,0.6946221994724903
47.48088638800073,8.702756021562791,4.332359270761969,-0.7424582265921211,-0.5827653313147507,-0.5112127637909945,0.006398132162185016,11.159616838325874,0.007326824174336307,0.020932704615426796,0.03591982080625077,0.73824115301167
47.541234764001274,8.67887232509649,4.314132455749426,-0.7165108939890461,-0.5468044503762911,-0.6444594857031045,0.04816223477296182,11.187127820009097,0.009838733878947101,0.024932723851747555,0.045597456016922625,0.7158910531638177
47.57468855800107,8.655988148716341,4.297249699264271,-0.6865252914044783,-0.5064826945546324,-0.6771024117294132,0.05282688489690489,11.212991505191258,0.016524054703225027,0.022249635561807146,0.023033379981720795,0.7615773105863909
47.69073634400047,8.634176908864115,4.281778979759236,-0.6543371955668112,-0.46412158515105717,-0.8779452431438697,0.0870974240910024,11.237111998458136,0.02233891786259077,0.0067789160567715,0.00849584327654898,0.7433034373659253
47.80795644400132,8.593448675788382,4.25482098567671,-0.5975725730608252,-0.3846565084378449,-1.0476731062337215,0.10205623984785034,11.280498983212064,0.03640871430035853,0.02017907802575447,0.019113718408884157,0.7280109889280518
47.810106955001174,8.574274334114746,4.243137263812023,-0.5752302502091131,-0.35051165594061234,-1.081960324656172,0.10663596883174054,11.30006137747376,0.04280354732694454,0.031862799890441273,0.02691451341214849,0.7762087348130012
47.81216540200148,8.555604760076221,4.2324587431266325,-0.5600872211557447,-0.3203556205617091,-1.1178574552036638,0.07410967233750423,11.318510901730292,0.04884420896652508,0.0425413205758316,0.033668388192170544,0.7762087348130012
47.82245719000093,8.555604760076221,4.2324587431266325,-0.5600872211557447,-0.3203556205617091,-1.1793738631332498,0.1332939383770479,11.318510901730292,0.04884420896652508,0.0425413205758316,0.033668388192170544,0.7762087348130012
47.85523877800006,8.537111417629443,4.222716361880275,-0.5548002734033421,-0.29227143739072836,-1.2096933297563732,0.14717749197397198,11.336069047413936,0.05401593998072322,0.05228370182218889,0.03950983393973737,0.7648529270389178
47.93323980900095,8.51866935525982,4.213767812236749,-0.5532618710886886,-0.268456489305797,-1.235510454708191,0.18977332875501463,11.352922030749705,0.0584581444105848,0.061232251465715315,0.01622063931148616,0.7648529270389178
47.975087648001136,8.50023285816952,4.20544709240549,-0.5530949127090098,-0.24962159493775618,-1.2280165023427962,0.23339980714166267,11.369237849737829,0.062290816669886694,0.0670236134775144,0.023690753630948757,0.7648529270389178
48.05308344200057,8.481456943819396,4.197773605353498,-0.5632774305037144,-0.23020461155976518,-1.2226220936490255,0.2601830434929875,11.385170778033553,0.0649006311307063,0.059173011847374515,0.025814028880154816,0.75
48.05507387200123,8.481456943819396,4.197773605353498,-0.5632774305037144,-0.23020461155976518,-1.228995311174001,0.22818966916212538,11.385170778033553,0.0649006311307063,0.059173011847374515,0.025814028880154816,0.75
48.06965982000111,8.462031485058473,4.190657416772243,-0.582763762827667,-0.21348565743764145,-1.2156336911942753,0.29109230294424104,11.400954320022642,0.06631810087327636,0.05046904343187448,0.033127063781298,0.75
48.1704262100011,8.441785487798244,4.183928360117612,-0.6073799178068503,-0.20187169963893264,-1.181706362278581,0.29072571146676635,11.416823911814106,0.06716391290582212,0.04436928171859645,0.012056997872468556,0.75
48.17214311600037,8.441785487798244,4.183928360117612,-0.6073799178068503,-0.20187169963893264,-1.1562283699968072,0.251657876906761,11.416823911814106,0.06716391290582212,0.04436928171859645,0.012056997872468556,0.75
48.29287546100022,8.398432085169404,4.1710757994962595,-0.6668994772126282,-0.19064606595154696,-1.0286900423422407,0.27579216712666976,11.449515818006216,0.07191356731797977,0.05392426346114654,0.023890391876291838,0.75
48.40679941400049,8.350122268794461,4.159152588564436,-0.7451376706464228,-0.17260159849292106,-1.1965844434499173,0.27561981170444805,11.483968877581413,0.07747526366172411,0.06584747439297,0.027055036952300215,0.75
48.41811834100008,8.350122268794461,4.159152588564436,-0.7451376706464228,-0.17260159849292106,-1.1763088701951279,0.20579208170735502,11.483968877581413,0.07747526366172411,0.06584747439297,0.027055036952300215,0.75
48.44467154200174,8.323928074439307,4.153772152915662,-0.7858258306546446,-0.1614130694632166,-1.0372667954310824,0.33300343598295945,11.501758790522707,0.08024455097192552,0.07122791004174367,0.04018958047543218,0.75
48.528261770001336,8.296457516076334,4.148950105790617,-0.8241167508891721,-0.1446614137513461,-1.0113621602392446,0.3544002378280329,11.519743892975722,0.08313416152736058,0.07604995716678875,0.017326583889088604,0.7000000000000001
48.530516837001414,8.296457516076334,4.148950105790617,-0.8241167508891721,-0.1446614137513461,-0.9887024301220966,0.32259088929180507,11.519743892975722,0.08313416152736058,0.07604995716678875,0.017326583889088604,0.7000000000000001
48.54017665700121,8.296457516076334,4.148950105790617,-0.8241167508891721,-0.1446614137513461,-0.8753753447806021,0.3579742262408395,11.519743892975722,0.08313416152736058,0.07604995716678875,0.017326583889088604,0.7000000000000001
48.6487692210012,8.267786260339596,4.144545199734626,-0.8601376721021279,-0.13214718167973716,-0.8064511881336125,0.35891330453798187,11.538015313961516,0.08584229026583458,0.08045486322277995,0.009125577928820107,0.7000000000000001
48.660691182001756,8.207149468437196,4.137081104187701,-0.9253641186752114,-0.10687741687776342,-0.8914797024818912,0.30408233121879763,11.57520800296365,0.09100194577249934,0.08791895876970468,0.025013478412707128,0.70178344238091
48.767551822000314,8.175313848959808,4.13369815285954,-0.9550685843216509,-0.10148853984483243,-0.9755443879643559,0.24667095698441294,11.59435545843937,0.09353665404603197,0.09130191009786603,0.028717814280983134,0.7071067811865476
48.769593699000325,8.175313848959808,4.13369815285954,-0.9550685843216509,-0.10148853984483243,-1.0063637429848766,0.23219866429209057,11.59435545843937,0.09353665404603197,0.09130191009786603,0.028717814280983134,0.7071067811865476
48.888846859001205,8.10950408352461,4.127179049325813,-0.9967826691007982,-0.097804756087791,-1.1623561258381092,0.16404549299695081,11.63370959924281,0.09904885675410338,0.09782101363159335,0.024682872371863316,0.7158910531638177
48.900601726001696,8.10950408352461,4.127179049325813,-0.9967826691007982,-0.097804756087791,-1.1290653539486144,0.16534708868763298,11.63370959924281,0.09904885675410338,0.09782101363159335,0.024682872371863316,0.7158910531638177
48.91138851400137,8.075661508370004,4.1242800964224084,-1.0152772546382216,-0.08696858710212299,-1.0273143486355238,0.17441040776769384,11.653653584021145,0.1015918410155631,0.1007199665349976,0.033967221864444515,0.7280109889280518
49.02131266700053,8.041273376854067,4.121775055239898,-1.0316439454781423,-0.07515123547530952,-0.8256873170003296,0.2011788017344523,11.673608754033605,0.10387116727061689,0.10322500771750764,0.014579005386543584,0.7433034373659253
49.14713847800158,7.97143940658248,4.117671601520481,-1.0488770373873528,-0.05709790575412329,-0.6233080791718744,0.2316400067979852,11.713502260309713,0.10765634107872536,0.10732846143692498,0.026655642010781643,0.7615773105863909
49.179444139001134,7.93647560318424,4.116059250648193,-1.0489141019471921,-0.04837052616865922,-0.6914834850777434,0.2270922444664813,11.733205268668513,0.10917972798816451,0.10894081230921326,0.0361384955029013,0.7826237921249265
49.251178756001536,7.901449520549681,4.1146371990157,-1.0507824790367628,-0.04266154897477482,-0.6582104176077275,0.22678784554376083,11.752850646271941,0.1105354946656634,0.11036286394170602,0.0294232830912317,0.7826237921249265
49.30365785200047,7.866322158781271,4.113388754935881,-1.0538208530522875,-0.037453322394569326,-0.5906334006798629,0.21046201245959398,11.772473979081138,0.11173357694435493,0.11161130802152464,0.039908765482965035,0.8062257748298549
49.3710518830012,7.8311077454121465,4.11233758496009,-1.0564324010737294,-0.03153509927374702,-0.559593247991216,0.22433470486250245,11.792048618303456,0.11275004092130361,0.11266247799731577,0.0422281299132365,0.8321658488546619
49.40697396900032,7.795911636191586,4.111471249526541,-1.0558832766168305,-0.025990063006487794,-0.43802140561704495,0.2854652800528165,11.811529820380573,0.11359257498911915,0.1135288134308654,0.059259590123143566,0.8500000000000001
49.510458172000654,7.760737227287008,4.110664285455966,-1.0552322671373444,-0.024208922117226597,-0.4080460752988353,0.3070118417249453,11.831021955831616,0.11438133408918574,0.11433577750143975,0.037195721387933714,0.8500000000000001
49.52055105600084,7.72558907324494,4.109784069152929,-1.054444621262036,-0.026406489091110125,-0.4098019033697583,0.3235223697739288,11.850634118395728,0.1152482168289584,0.115215993804477,0.05270877954237571,0.8500000000000001
49.534443880000254,7.690476059010912,4.1087020055614225,-1.0533904270208516,-0.03246190774519137,-0.46690960099019635,0.4274441027162624,11.870468936136627,0.11632201969358814,0.11629805739598353,0.06813210736487438,0.8500000000000001
49.606343436000316,7.655407337050331,4.107297036449544,-1.0520616588174212,-0.042149073356369256,-0.5021039199679203,0.42752876772276815,11.890621813391206,0.11772064678014288,0.11770302650786224,0.03966741568143547,0.8500000000000001
49.607997334000174,7.621017038311942,4.105811788006821,-1.0317089621516615,-0.04455745328169267,-0.483734685192676,0.4153954929627561,11.9105423148817,0.11920133241101277,0.11918827495058526,0.05600721783095727,0.8500000000000001
49.63914259400008,7.587733891184295,4.104445106398589,-0.9984944138294065,-0.041000448246966956,-0.44918337015765103,0.4303926896200391,11.929825124578683,0.12056539892300268,0.12055495655881732,0.07148837702432927,0.8500000000000001
49.727288437001334,7.5556708330165,4.103246970497161,-0.961891745033859,-0.035944077042815444,-0.5141452298310623,0.4111614963989122,11.948360363610778,0.12176185233581541,0.1217530924602448,0.0391901810168089,0.8500000000000001
49.729466910001065,7.524856105030507,4.102334003962865,-0.9244418395797966,-0.027388996028896214,-0.49347996498164326,0.39418334903471247,11.966028689915122,0.12267373633061177,0.12266605899454142,0.05461422609316681,0.8500000000000001
49.756860421000965,7.524856105030507,4.102334003962865,-0.9244418395797966,-0.027388996028896214,-0.5044732989501884,0.3728071109524736,11.966028689915122,0.12267373633061177,0.12266605899454142,0.05461422609316681,0.8500000000000001
49.78084610900078,7.49547882407099,4.10186715204913,-0.8813184287854943,-0.014005557412046211,-0.48094719607121955,0.3765398687790791,11.982585714634755,0.12314058599986347,0.12313291090827594,0.06846901728925026,0.8500000000000001
49.84927311300089,7.49547882407099,4.10186715204913,-0.8813184287854943,-0.014005557412046211,-0.48094719607121955,0.3765398687790791,11.982585714634755,0.12314058599986347,0.12313291090827594,0.01715516922733582,0.8500000000000001
49.86112760800097,7.44073064257555,4.103682548463911,-0.8009428011191202,0.04174874557977548,-0.4616709475848084,0.3691379083765639,12.011337601059143,0.12132639237583223,0.12131751449349526,0.045404832572823184,0.8500000000000001
49.89457726800174,7.415148251257547,4.106013698792663,-0.7674717395401246,0.06993450986254611,-0.48923318544023625,0.3596814363224558,12.023602001537848,0.11899656722583977,0.11898636416474329,0.05516825960207712,0.8500000000000001
49.993919725000524,7.366601791754377,4.113214366367146,-0.7171281216803848,0.11994302284470368,-0.6507752039525303,0.30906158921230775,12.044689233140925,0.11180022023869417,0.11178569659026039,0.030131103277449646,0.8500000000000001
50.084094614001515,7.366601791754377,4.113214366367146,-0.7171281216803848,0.11994302284470368,-0.7105516990528944,0.2763085277123243,12.044689233140925,0.11180022023869417,0.11178569659026039,0.0,0.8500000000000001
50.095731320001505,7.343344657229146,4.117913067699315,-0.6977140357569319,0.1409610399650805,-0.6815368227154628,0.21520575913039744,12.053814788066143,0.10710476673762581,0.10708699525809084,0.008797605484419551,0.8500000000000001
50.204320500000904,7.32061182173013,4.123195540224052,-0.681985064970489,0.1584741757421052,-0.6772010990130907,0.17443074107631734,12.062202589090871,0.10182587592333264,0.10180452273335394,0.0055682549444818555,0.8500000000000001
50.22305122600119,7.298398853436246,4.128968875556108,-0.6663890488165289,0.1732000599616806,-0.8131457450573989,0.16467440118147877,12.069931227706569,0.09605771226762322,0.09603118740129801,0.010463617360336025,0.8500000000000001
50.328270414000144,7.276546131486337,4.1350772895436005,-0.6555816584972641,0.1832524196247838,-0.8811701381843101,0.15085510805002833,12.07721852584873,0.08995438609468147,0.0899227734138055,0.0028249514163236813,0.8500000000000001
50.33022510700175,7.276546131486337,4.1350772895436005,-0.6555816584972641,0.1832524196247838,-0.917917462925094,0.1201511268659337,12.07721852584873,0.08995438609468147,0.0899227734138055,0.0028249514163236813,0.8500000000000001
50.337978946001385,7.255028195176824,4.141422338752198,-0.6455380892853726,0.19035147625792306,-0.9808529733760228,0.1376554535013866,12.084159385076314,0.08361726711367719,0.08357772420520782,0.005302140466089153,0.8500000000000001
50.3668448260014,7.2338368749927,4.147986932961697,-0.6357396055237343,0.19693782628495188,-1.0456393498695837,0.12044261202093928,12.090771693556666,0.07706070965141866,0.0770131299957093,0.00727108942369272,0.8500000000000001
50.44566562,7.212879188802156,4.154700916050093,-0.6287305857163146,0.20141949265187062,-1.0479663309420642,0.07965222751300483,12.09716524385979,0.07035749222356448,0.07029914690731331,0.005940215187937522,0.8
50.44749885500096,7.191877044004666,4.161416240560687,-0.6300643439246808,0.20145973531781877,-1.021059972907919,0.02819362444561492,12.103619703152464,0.06365502945336027,0.06358382239671911,0.007224102450078687,0.8
50.48073986500094,7.191877044004666,4.161416240560687,-0.6300643439246808,0.20145973531781877,-1.0367984801099737,-0.01231333978826056,12.103619703152464,0.06365502945336027,0.06358382239671911,0.007224102450078687,0.8
50.49194703400099,7.191877044004666,4.161416240560687,-0.6300643439246808,0.20145973531781877,-1.0367984801099737,-0.01231333978826056,12.103619703152464,0.06365502945336027,0.06358382239671911,0.007224102450078687,0.8
50.56273134800176,7.170674053764795,4.167895602091262,-0.6360897071961393,0.1943808459172435,-1.0160541711541082,-0.012358963378877631,12.110419309013478,0.057190249766784676,0.05710446086614418,0.0023494180926218657,0.8
50.68647577500087,7.127562140355696,4.179627877381311,-0.6506571791363909,0.1690144467291552,-0.9148357423055015,0.0030818899985104314,12.125538039931723,0.045500464775281774,0.04537218557609535,0.0068437818956583385,0.8
50.688194525000654,7.105456734729817,4.184751201843882,-0.6631621687763691,0.1536997338771469,-0.8818350579093241,-0.0067680825269038625,12.13407574638764,0.0404105902310144,0.04024886111352366,0.009006388972608024,0.8
50.69953796900154,7.105456734729817,4.184751201843882,-0.6631621687763691,0.1536997338771469,-0.9219353641464266,0.008143533879208964,12.13407574638764,0.0404105902310144,0.04024886111352366,0.009006388972608024,0.8
50.83150370600015,7.05931099105143,4.193297087061055,-0.704372829135579,0.11901567504680495,-0.9181769919869973,-0.000837091184710953,12.153767495141668,0.031952808634593016,0.031702975896351404,0.007259224319401923,0.8
50.84426449400053,7.05931099105143,4.193297087061055,-0.704372829135579,0.11901567504680495,-0.9181769919869973,-0.000837091184710953,12.153767495141668,0.031952808634593016,0.031702975896351404,0.007259224319401923,0.8
50.92811125700064,7.034873682049622,4.196629549484083,-0.7331192700542359,0.09997387269084199,-0.9589164664638075,0.0035999171072362,12.165227337322838,0.028682531857512995,0.0283705134733232,0.009004850713851105,0.8
50.96365646800041,7.0094146000337725,4.199322288192017,-0.7637724604755068,0.08078216123803836,-0.9761776105664244,0.014059494082698853,12.177841371413308,0.02607847839363959,0.025677774765388683,0.011084834801413526,0.8
51.04855741300162,7.0094146000337725,4.199322288192017,-0.7637724604755068,0.08078216123803836,-1.001484474438716,0.03533525820408351,12.177841371413308,0.02607847839363959,0.025677774765388683,0.002381643215314505,0.8
51.05062393600019,6.983037312453322,4.201246354452131,-0.7913186274134959,0.05772198780341937,-1.035749348449735,0.03915040195033609,12.19165623002793,0.024262212632303864,0.02375370850527503,0.005697963425106142,0.75
51.06186587100092,6.9560474991524,4.2023567305635225,-0.8096943990276739,0.03331128334175687,-1.0705289344971867,0.00733772836588148,12.206531023324679,0.023308759798390893,0.022643332393883497,0.008272073130217699,0.75
51.10214132800138,6.928549577734107,4.202632985785177,-0.8249376425487825,0.008287656649637022,-1.0655478797658327,0.12331362282883807,12.22242099475735,0.02321295904559263,0.022367077172228633,0.011539532839784152,0.75
51.16528715300046,6.900642078259975,4.202358829614176,-0.8372249842239579,-0.008224685130045395,-1.0655478797658327,0.12331362282883807,12.239038165764388,0.023766303361374554,0.022641233343230205,0.010159068126384747,0.75
51.16783270600172,6.900642078259975,4.202358829614176,-0.8372249842239579,-0.008224685130045395,-1.0396294469007545,0.10378233672660736,12.239038165764388,0.023766303361374554,0.022641233343230205,0.010159068126384747,0.75
51.19266396800049,6.872409514678094,4.201513329820874,-0.8469769074564222,-0.02536499379904772,-0.9519149053367438,0.19856398423933175,12.256349480299162,0.024923666186904437,0.023486733136532045,0.014399762625706495,0.75
51.28486286500083,6.844000072251572,4.200073113642375,-0.852283272795664,-0.043206485354954874,-0.8945652613373294,0.23199867347410558,12.27428561288647,0.026844410762558682,0.02492694931503081,0.013015042836766149,0.75
51.2871047080007,6.815429304055368,4.198173104757937,-0.8571230458861184,-0.05700026653313088,-0.8681115103142252,0.20486353388415285,12.29272736570507,0.029319213424956022,0.026826958199468898,0.01851814409861245,0.7566372975210779
51.316544056000566,6.786647690583937,4.195906886103263,-0.8634484041429477,-0.06798655964024176,-0.7859672127422728,0.30348757704495183,12.311627935020535,0.03236655563335975,0.029093176854143366,0.023197266689618013,0.7516648189186454
51.40192573400054,6.757623103086951,4.193231636291562,-0.870737624909584,-0.08025749435103238,-0.746469564081326,0.3579029626404857,12.331040422790643,0.036094681404872604,0.03176842666584445,0.017282871114906277,0.7516648189186454
51.403842496001744,6.728158322106209,4.190236398256783,-0.8839434294222581,-0.08985714104336105,-0.7320852522478379,0.38867446774897985,12.351010661738036,0.04037192800433252,0.03476366470062331,0.0246163949819657,0.75
51.41531074500017,6.728158322106209,4.190236398256783,-0.8839434294222581,-0.08985714104336105,-0.7348901262135152,0.3964387495868199,12.351010661738036,0.04037192800433252,0.03476366470062331,0.0246163949819657,0.75
51.42607442000008,6.728158322106209,4.190236398256783,-0.8839434294222581,-0.08985714104336105,-0.6935477242290676,0.4831476925635433,12.351010661738036,0.04037192800433252,0.03476366470062331,0.0246163949819657,0.75
51.45680457400158,6.698178855365286,4.187216943472956,-0.8993840022277044,-0.09058364351480974,-0.6909828225055537,0.5055947790071925,12.371346902537782,0.04533723278394465,0.03778311948445001,0.031212071941830587,0.75
51.527921117000005,6.667781319751474,4.184422291840071,-0.9119260684143627,-0.08383954898655631,-0.6962963598324433,0.5585619862058233,12.39179388940896,0.05036419215978331,0.04057777111733518,0.011206698708789795,0.75
51.530140147000566,6.667781319751474,4.184422291840071,-0.9119260684143627,-0.08383954898655631,-0.7418659583989826,0.5561634257024811,12.39179388940896,0.05036419215978331,0.04057777111733518,0.011206698708789795,0.75
51.56953595300001,6.637114395943856,4.181896992362515,-0.920007714228539,-0.07575898432667384,-0.7372357417970025,0.6518974477530185,12.41222900245303,0.05630475485696031,0.04310307059489116,0.022230395371162157,0.75
51.6439240740001,6.606272783363904,4.179697556662823,-0.9252483773985605,-0.06598307099073664,-0.7148323866265842,0.6722839005368955,12.43255195704543,0.06259960458198315,0.045302506294582656,0.01310065230319524,0.75
51.64989520400013,6.575292998010876,4.17774384289778,-0.9293935605908555,-0.05861141295131941,-0.6878675142023956,0.7598139053189421,12.452806218396601,0.07003554033976571,0.047256220059626486,0.026021378702862932,0.75
51.78528073100097,6.5444066817283115,4.176115147645572,-0.9265894884769175,-0.048860857566246564,-0.603114168547621,0.8093704074862166,12.472789621969154,0.0785069027359173,0.05766881360576635,0.017219243626393495,0.75
51.787136599001315,6.513784163810994,4.174924521583899,-0.9186755375195034,-0.035718781850176524,-0.6023883925630428,0.8441908636375403,12.492309392802495,0.08819457166245781,0.07869495704092765,0.033927126868921055,0.75
51.81896292300007,6.483493876514124,4.174460374005823,-0.9087086189061173,-0.013924427342275045,-0.5799807342743425,1.009839431016684,12.511095171737702,0.09622786414434203,0.10044162649256248,0.04860954408244399,0.75
51.88413594100166,6.453541095510964,4.174738870996596,-0.898583430094781,0.00835490972319933,-0.5799807342743425,1.009839431016684,12.52913174393763,0.102889794028043,0.10026119270586786,0.033928503807096,0.75
51.88612917700084,6.453541095510964,4.174738870996596,-0.898583430094781,0.00835490972319933,-0.629837556481855,1.020186012786056,12.52913174393763,0.102889794028043,0.10026119270586786,0.033928503807096,0.75
51.897683458000756,6.423954170615014,4.175950706223828,-0.8876077468784984,0.03635505681695613,-0.5720116706937894,1.1044529327125177,12.54625178928424,0.10860503064250085,0.09904935747863597,0.04768624589448728,0.75
51.930109340000854,6.423954170615014,4.175950706223828,-0.8876077468784984,0.03635505681695613,-0.5495780594731162,1.1226247270689795,12.54625178928424,0.10860503064250085,0.09904935747863597,0.04768624589448728,0.75
52.00682433700058,6.394746875010092,4.1781437494362095,-0.8762188681476484,0.06579129637143977,-0.5443025324312889,1.1252709687843572,12.562410484338525,0.11336629759457033,0.09685631426625463,0.0160773381718853,0.75
52.00839409600121,6.365769202241845,4.181462936200135,-0.8693301830474245,0.09957560291777698,-0.6087202481712677,1.0917690504251851,12.577587348890182,0.11841313037876135,0.09353712750232912,0.031122220999579297,0.75
52.05867629200111,6.336938766377523,4.185790955266993,-0.8649130759296488,0.12984057200576327,-0.49738921849148526,1.146779824259404,12.591928394794733,0.12253054235267033,0.0892091084354707,0.04481623557245858,0.75
52.12766401800036,6.308316022258476,4.191448300195346,-0.8586823235714128,0.16972034785058265,-0.5284944921328952,1.1327813433250007,12.605147202500083,0.12808013265402715,0.08520126432960085,0.03439883885434241,0.75
52.168785770001705,6.251548097439616,4.206817896055355,-0.8472729112153867,0.25336905236496393,-0.3944090843400523,1.1792095587113864,12.628271829851236,0.13801348537754057,0.10015047813547392,0.06446813922131076,0.8
52.24361833900002,6.223481872860446,4.216761316454362,-0.84198673737512,0.298302611970203,-0.33464214807943626,1.1533099375567535,12.637956507406207,0.14490045041964858,0.11296523586538332,0.04335841058181741,0.8
52.267677567000646,6.223481872860446,4.216761316454362,-0.84198673737512,0.298302611970203,-0.2514093771620362,1.0935149555879409,12.637956507406207,0.14490045041964858,0.11296523586538332,0.04335841058181741,0.8
52.293417127000794,6.195834437004388,4.228272305640247,-0.8294230756817268,0.3453296755765324,-0.22203992323719435,1.0723137872022344,12.646218443425491,0.15024443340598123,0.12437542673011788,0.055266290916545356,0.8
52.3648560390011,6.168671409995061,4.241365311305653,-0.8148908102798178,0.392790169962194,-0.19326286496072836,1.0597313422655208,12.653009567994374,0.15607241682005643,0.13432443423384363,0.036662868749940014,0.8
52.36696702500012,6.142094174193448,4.25621841318776,-0.797317074048366,0.4455930564632141,-0.20243119509159466,1.0316887337175165,12.658131815606502,0.16091649348127268,0.1426146488318654,0.051401534319198534,0.8500000000000001
52.4100788980013,6.115867170282061,4.272746117500903,-0.7868101173416118,0.4958311293942873,-0.04407434742573288,0.9879633199551924,12.661804607309076,0.16469387074060884,0.14947308935054393,0.06377962040185686,0.8500000000000001
52.42742237800121,6.115867170282061,4.272746117500903,-0.7868101173416118,0.4958311293942873,-0.010311949062277892,0.9820991954801027,12.661804607309076,0.16469387074060884,0.14947308935054393,0.06377962040185686,0.8500000000000001
52.488250561000314,6.090008501317133,4.290968090650341,-0.7757600689478565,0.5466591944831318,0.0035828637697356003,0.9518557932144137,12.664006901751579,0.1682699906297741,0.15487304874753605,0.020704981940141,0.8500000000000001
52.51976142300009,6.064550531838898,4.3108381973286205,-0.7637390843470364,0.59610320034839,0.05789070434295007,0.8673259045973625,12.664759648499095,0.17036374686665717,0.15882426442572448,0.040623874142120465,0.8514693182963202
52.60277490500084,6.064550531838898,4.3108381973286205,-0.7637390843470364,0.59610320034839,0.10865130847676077,0.8566598337816989,12.664759648499095,0.17036374686665717,0.15882426442572448,0.0,0.8514693182963202
52.62315839800067,6.039624805013437,4.332332740893683,-0.7477718047638352,0.6448363069518979,0.08136614969278635,0.8943058404818083,12.664002999390522,0.17214448812460145,0.1612504773766456,0.02065229414357852,0.8845903006477066
52.723322948000714,6.015380991563791,4.355377287316717,-0.7273144034893917,0.691336392691009,0.11704597898590367,0.9075026548989876,12.661703531678153,0.17239900347775464,0.16209848722361708,0.016314239184987346,0.848528137423857
52.72529460300029,5.991976939421872,4.379802034211811,-0.702121564257569,0.7327424068528164,0.11695300625126633,0.8729990102852936,12.657894234231044,0.17202647503286989,0.1613767470421252,0.03147565705087792,0.8845903006477066
52.74188333300117,5.991976939421872,4.379802034211811,-0.702121564257569,0.7327424068528164,0.15304445714983766,0.7832813469122988,12.657894234231044,0.17202647503286989,0.1613767470421252,0.03147565705087792,0.8845903006477066
52.770345830000224,5.969429219546792,4.4053741585582715,-0.6764315962524029,0.7671637303938056,0.1683092788755933,0.7537445505187074,12.652744817687157,0.1704920341897017,0.15923817013136096,0.04560398973661437,0.8514693182963202
52.84336365100171,5.969429219546792,4.4053741585582715,-0.6764315962524029,0.7671637303938056,0.19284403063230324,0.7287889577191276,12.652744817687157,0.1704920341897017,0.15923817013136096,0.01692456527406686,0.8514693182963202
52.845795250001174,5.9477469793399935,4.431908542136307,-0.6504672062039528,0.7960315073410807,0.190482553191395,0.7621554563652763,12.646391649418305,0.16859003382139123,0.1558071866502698,0.03316009765828544,0.8500000000000001
52.85590525800035,5.927409322853727,4.4591098066185655,-0.6101296945880147,0.816037934467748,0.18895218722199997,0.8292477719835047,12.638750021145938,0.1657020154066959,0.15095388289289807,0.04864708857708168,0.8500000000000001
52.9033274830017,5.908539473042649,4.4866227105390095,-0.5660954943323439,0.8253871176133338,0.19488514372048582,0.932880138318403,12.63000587783809,0.16249151802882733,0.14484232072200307,0.06254645648477258,0.8500000000000001
52.96397776400045,5.891080433164093,4.514293014522041,-0.523771196356673,0.8301091194909487,0.1923667341362273,0.9656026647006324,12.620306607456982,0.15901272508648046,0.13762186662924192,0.03365119925059321,0.8
53.00662477500009,5.875049754312587,4.54216073758047,-0.4809203655451722,0.8360316917528757,0.18443007711018067,1.1010583029334506,12.609603400197873,0.15494620344237126,0.1292518124013215,0.04824385593677447,0.8
53.08117840400155,5.860244723501679,4.570201279536037,-0.4441509243272513,0.8412162586670334,0.1893855466750456,1.1694992571155551,12.59804074724076,0.152154102551025,0.11989289271846304,0.02457105115914474,0.8
53.11792384400178,5.846720330833204,4.598372050789494,-0.40573178005425203,0.845123137603714,0.21843169502639803,1.2307670756921858,12.585609201890078,0.1482531987485561,0.10954256571700904,0.03603923840557661,0.75
53.2010250050007,5.846720330833204,4.598372050789494,-0.40573178005425203,0.845123137603714,0.23853587740888005,1.227029190846239,12.585609201890078,0.1482531987485561,0.10954256571700904,0.01645651687373131,0.75
53.203057665001324,5.834306613559348,4.626562303762577,-0.3724115182156731,0.8457075891924903,0.25088783952627014,1.2245633066435726,12.572498118637398,0.14700958015401197,0.10281791441195576,0.03174061765576192,0.75
53.2363374530014,5.823005136839156,4.654621525507253,-0.3390443016057421,0.8417766523402981,0.2763754217694148,1.2190638318979767,12.558814374422528,0.14650814731078063,0.10401084166200332,0.044914355017663554,0.75
53.322549810000055,5.812845374900606,4.682373590830754,-0.304792858156516,0.832561959705013,0.19095689164641466,1.234224057010875,12.544664960172842,0.14577188183488388,0.11215471338877414,0.017651025623993056,0.75
53.38264951700148,5.803647766982916,4.709994490230622,-0.27592823753068724,0.8286269819960395,0.16309796955980232,1.2393139442148913,12.53003048072058,0.146722109053123,0.121352321306464,0.02562412681765499,0.75
53.444701913000245,5.795341788559307,4.737742892874274,-0.24917935270826683,0.8324520793095387,0.16309796955980232,1.2393139442148913,12.514759532199388,0.14685534615070683,0.1296582997300728,0.02253210524150778,0.7000000000000001
53.4464577130002,5.78795473509761,4.765775884518506,-0.22161160385091494,0.8409897493269647,0.13042817287299213,1.2431767741238622,12.498713386737952,0.14746069866441502,0.1370453531917697,0.031561858415857166,0.7000000000000001
53.45767422100107,5.78795473509761,4.765775884518506,-0.22161160385091494,0.8409897493269647,0.12684922542613047,1.2435470533955642,12.498713386737952,0.14746069866441502,0.1370453531917697,0.031561858415857166,0.7000000000000001
53.50232555700131,5.781341487803326,4.794278854375297,-0.1983974188285306,0.8550890957037192,0.19620888434863976,1.2345047888536769,12.481847839269188,0.1472525871491698,0.14365860048605406,0.03951591948122608,0.7000000000000001
53.56190299300033,5.775413168028549,4.823468224316876,-0.17784959324332042,0.8756810982473819,0.19620888434863976,1.2345047888536769,12.464059840529135,0.14626375965448055,0.1422124450918376,0.02672128317254813,0.7000000000000001
53.594691608001085,5.770450609056419,4.853466059643595,-0.1488767691639057,0.8999350598015575,0.26018340309965715,1.1146657613817825,12.445070629222299,0.14338408338107592,0.12667955073534382,0.036680949097273624,0.7000000000000001
53.6247358060009,5.770450609056419,4.853466059643595,-0.1488767691639057,0.8999350598015575,0.3043912272128608,1.0620094201549621,12.445070629222299,0.14338408338107592,0.12667955073534382,0.036680949097273624,0.7000000000000001
53.69031044900112,5.766449597838647,4.884309592047745,-0.12003033653316761,0.9253059721244908,0.3043912272128608,1.0620094201549621,12.42485460681882,0.1386202019817877,0.11592637356124516,0.014066163911955228,0.7000000000000001
53.80483101500067,5.7632259881946695,4.916020236636264,-0.09670828931930854,0.9513193376555774,0.30364754551568107,0.8590101973342722,12.403519065885591,0.1351737717706648,0.11213423542129208,0.016521311112509655,0.7000000000000001
53.806664280000405,5.7632259881946695,4.916020236636264,-0.09670828931930854,0.9513193376555774,0.30161080437265175,0.8243193309911947,12.403519065885591,0.1351737717706648,0.11213423542129208,0.016521311112509655,0.7000000000000001
53.809522420000576,5.76029660779875,4.948589189656133,-0.08788141187756954,0.9770685905960621,0.29582247031433156,0.7572388490387446,12.381396225368592,0.13226016065870205,0.11470347974557171,0.032060908337893115,0.7000000000000001
53.846287786000175,5.76029660779875,4.948589189656133,-0.08788141187756954,0.9770685905960621,0.2852687170991973,0.6896321906591435,12.381396225368592,0.13226016065870205,0.11470347974557171,0.032060908337893115,0.7000000000000001
53.86316292200172,5.757523228590824,4.981982024491896,-0.08320137623778162,1.001785045072891,0.27920542716568797,0.6561035011260843,12.358607141712634,0.13078585042857202,0.11747685895349758,0.043958810661888226,0.7000000000000001
53.92288870000084,5.757523228590824,4.981982024491896,-0.08320137623778162,1.001785045072891,0.27920542716568797,0.6561035011260843,12.358607141712634,0.13078585042857202,0.11747685895349758,0.019436817609299807,0.7000000000000001
53.9392071860002,5.7549920464258575,5.016156733166548,-0.07593546494901673,1.025241260239563,0.2738929585095471,0.5550178025787547,12.33512732976888,0.12960017525226183,0.12000804111846453,0.03668046380878317,0.7000000000000001
53.96610387000146,5.752723162169763,5.051065599575624,-0.06806652768283443,1.0472659922722682,0.2690385285722183,0.4871292301063145,12.310980642928524,0.1294223849152941,0.12227692537455859,0.04961087443292124,0.7000000000000001
54.06317283300086,5.752723162169763,5.051065599575624,-0.06806652768283443,1.0472659922722682,0.2543483963156291,0.4562905039942175,12.310980642928524,0.1294223849152941,0.12227692537455859,0.017524791545998387,0.7000000000000001
54.075335359000746,5.750597257127408,5.086654081614159,-0.06377715127065606,1.0676544611560563,0.26108234600288266,0.42299466205635644,12.286290359875558,0.12955540935798002,0.1244028304169138,0.03454510096866794,0.7000000000000001
54.10484529400128,5.750597257127408,5.086654081614159,-0.06377715127065606,1.0676544611560563,0.26966275533254774,0.5562449454927428,12.286290359875558,0.12955540935798002,0.1244028304169138,0.03454510096866794,0.7000000000000001
54.16113026600033,5.748909907944102,5.122710767890059,-0.05062047549917413,1.0817005882769901,0.27082137078977386,0.5223060905326484,12.261012506420148,0.12970645540217005,0.12609017960021962,0.02033751621935375,0.65
54.1888365620016,5.747822070410823,5.15893220264396,-0.03263512599837444,1.0866430426170566,0.2722101852610369,0.42028077026867994,12.235259274916642,0.12980980035112336,0.12717801713349886,0.03818348966643135,0.65
54.22535974100174,5.747319036824999,5.195006229790056,-0.015091007574712885,1.082220814382865,0.2556219434830358,0.4069825340289306,12.209266698703242,0.12956682530479774,0.1276810507193229,0.05103897023750885,0.65
54.30867432700143,5.747287755803545,5.2307810499147305,-0.0009384306436163465,1.073244603740235,0.2463000912763983,0.5424766867256904,12.183219878952404,0.12904091230050613,0.1277123317407769,0.04305960596015374,0.65
54.399183167000956,5.7476916244987475,5.265881614636315,0.012116060856061758,1.0530169416475434,0.23827541395236687,0.6110161035645963,12.157413493259535,0.12826716871702498,0.12730846304557453,0.014415186365461954,0.65
54.40113687900157,5.7476916244987475,5.265881614636315,0.012116060856061758,1.0530169416475434,0.21636860034455868,0.5859456142703576,12.157413493259535,0.12826716871702498,0.12730846304557453,0.014415186365461954,0.65
54.45867756500047,5.748497909783036,5.299908271099701,0.024188558528660732,1.0207996939015846,0.21362650392934557,0.5793658596805688,12.1321556864375,0.12720568995516507,0.12650217776128603,0.027707245835310118,0.65
54.5307396040007,5.751182974018035,5.363697104487249,0.04539233533971166,0.9345541371595312,0.21100558460001348,0.47727154878580247,12.08411080781167,0.12419950633118618,0.12381711352628688,0.02709081034555933,0.7000000000000001
54.55625892600074,5.753024405431553,5.393474592110059,0.05524294240554338,0.8933246286843074,0.19500487935506094,0.5068487785601684,12.06132605705336,0.12226550266214066,0.12197568211276888,0.038043446223908026,0.7000000000000001
54.63740618800148,5.753024405431553,5.393474592110059,0.05524294240554338,0.8933246286843074,0.1755331244798647,0.572514435422248,12.06132605705336,0.12226550266214066,0.12197568211276888,0.0,0.7000000000000001
54.63991967200127,5.755153343018416,5.422049994541837,0.06386812760589625,0.8572620729533197,0.1740172221549292,0.5043868066659157,12.039239262751117,0.12006384642113128,0.11984674452590571,0.013449747633785175,0.7000000000000001
54.6767548020016,5.757551307764549,5.4492910695618315,0.07193894238399703,0.8172322505998444,0.14311593325326302,0.4670245593460173,12.017953868348124,0.1176201105558422,0.11744877977977275,0.025659997717285107,0.7000000000000001
54.759407224000824,5.760163145354394,5.475690467954865,0.07835512769533262,0.7919819517910245,0.13456556488199223,0.5341328555526109,11.997149397528968,0.11496693170553597,0.11483694218992824,0.01174518927276718,0.7000000000000001
54.77774203900117,5.762931151543922,5.50148148509538,0.08304018568585718,0.7737305142154465,0.11649761599752628,0.5163612536412734,11.976695605844471,0.11217345963957812,0.11206893600039969,0.022719064108208148,0.7000000000000001
54.82075922800141,5.765764017167462,5.526710806644094,0.08498596870619382,0.7568796464614258,0.11042052134750951,0.5909698174535648,11.956620635047923,0.1093163515179762,0.10923607037686,0.02855030357446607,0.7000000000000001
54.87886811000135,5.768601391123367,5.551410136186404,0.08512121867714365,0.7409798862692989,0.10982951730660337,0.6245507616490504,11.9369422985825,0.10646377492083921,0.10639869642095512,0.013184480852324196,0.7000000000000001
54.91700396200031,5.7714433399798,5.57544470209106,0.08525846569299989,0.7210369771396677,0.10655721662410628,0.7262599912545004,11.917755622023561,0.10360714733027816,0.1035567475645216,0.0182490909648558,0.7000000000000001
54.924709908000295,5.7714433399798,5.57544470209106,0.08525846569299989,0.7210369771396677,0.08069417482054232,0.7627484771421006,11.917755622023561,0.10360714733027816,0.1035567475645216,0.0182490909648558,0.7000000000000001
55.00130104300115,5.774278848496869,5.598768002086338,0.085065255512061,0.6996989998583378,0.10270643366796263,0.8282940178815903,11.899099889274723,0.10076267529989201,0.100721239047453,0.010750724083914668,0.7000000000000001
55.0516302240012,5.7770671397278015,5.621439411796792,0.08364873692797614,0.6801422913136064,0.09633075213170866,0.963846396879103,11.880959601161495,0.0979656710897616,0.09793294781652051,0.015044870800541227,0.7000000000000001
55.11710384100115,5.7770671397278015,5.621439411796792,0.08364873692797614,0.6801422913136064,0.09228266710784498,0.9989280069286953,11.880959601161495,0.0979656710897616,0.09793294781652051,0.0,0.7000000000000001
55.14281471800132,5.779795303927131,5.643540757920339,0.08184492597986007,0.663040383706402,0.07858920607553037,1.004185775841887,11.863284077248911,0.09523167488814387,0.09520478361719142,0.0047690583579595245,0.7000000000000001
55.24031768700115,5.782411582440792,5.665048545745348,0.07848835540985699,0.6452336347502895,0.06723744706286575,1.0384187814559518,11.846125236529781,0.09261021342647503,0.09258850510352978,0.0054966317645979736,0.7000000000000001
55.252340390001336,5.784866668843438,5.686101627677433,0.07365259207936155,0.6315924579625549,0.03378643934121943,1.0073034477038245,11.82941791191279,0.09015103480394275,0.09013341870088443,0.010975479983510082,0.7000000000000001
55.29876972800048,5.789199359197914,5.727265416224346,0.06189122839215065,0.6146803053674834,0.059787678913936194,0.8721290507717372,11.797122178798913,0.08581217831395767,0.08580072834640795,0.016679349307041513,0.7000000000000001
55.36171862000083,5.791056709007798,5.747881586841469,0.05572049429649605,0.6184851185136946,0.05924278946237314,0.9056726705739395,11.781189269354181,0.08395277848135888,0.08394337853652445,0.011894897084144379,0.7000000000000001
55.481696409000506,5.794033552634016,5.7904553840252335,0.040776128307051344,0.6475612883431654,0.0595541304192058,1.0761740617895654,11.748940818203346,0.08097217384599271,0.08096653491030636,0.009746005342732981,0.7000000000000001
55.48344147900025,5.794033552634016,5.7904553840252335,0.040776128307051344,0.6475612883431654,-0.008345834377553214,1.0439033597639833,11.748940818203346,0.08097217384599271,0.08096653491030636,0.009746005342732981,0.7000000000000001
55.502326759000425,5.795108390188079,5.812859758860876,0.03224512662189639,0.6721312450692766,0.06686679449545431,1.1029072764441525,11.732344950052903,0.07989579299497572,0.07989169735624291,0.01277085503782003,0.7000000000000001
55.532743104000474,5.795788180379804,5.836168343072571,0.02039370575176571,0.6992575263508447,0.06957826023768574,1.1364151024821636,11.715410688454575,0.0792145624091466,0.07921190716451765,0.016201163515938456,0.7000000000000001
55.59747850400163,5.796071722574459,5.860354457451713,0.008506265839647297,0.7255834313742594,0.07750442804084931,1.1691026293572553,11.69816154374111,0.07892971176269374,0.07892836496986266,0.013515503606065194,0.7000000000000001
55.600821416001054,5.795963229404148,5.885189361759273,-0.0032547951093454836,0.7450471292268056,0.09162886904700399,1.2116795634278053,11.680759414933647,0.0790368857672451,0.07903685814017436,0.01734743964866594,0.7000000000000001
55.62381568800083,5.795963229404148,5.885189361759273,-0.0032547951093454836,0.7450471292268056,0.10453967744140871,1.2430118862773405,11.680759414933647,0.0790368857672451,0.07903685814017436,0.01734743964866594,0.7000000000000001
55.654868609000914,5.795412738317059,5.910577321493763,-0.01651473261266666,0.76163879203471,0.10519716886964367,1.2364521491298766,11.663310567507787,0.07958606411777498,0.07958734922726318,0.02029351918177215,0.7000000000000001
55.74403408000035,5.794377763704982,5.936389387612477,-0.031049238362323803,0.7743619835614366,0.1206230419833069,1.1470283788202849,11.645939161902076,0.08061959633610126,0.0806223238393402,0.013127510146492199,0.7000000000000001
55.78109284800121,5.792959683741694,5.962628605143571,-0.04254239889863229,0.787176525932823,0.13358937641306706,1.1405071037660477,11.628573946695637,0.0820360714567905,0.08204040380262789,0.018252309373174323,0.7000000000000001
55.837244148000536,5.792959683741694,5.962628605143571,-0.04254239889863229,0.787176525932823,0.13358937641306706,1.1405071037660477,11.628573946695637,0.0820360714567905,0.08204040380262789,0.012676583612645752,0.7000000000000001
55.888161021001,5.788967777519861,6.0169307782030295,-0.06610859124227532,0.8243691142423113,0.13930189317540376,1.242213742702015,11.593500965949183,0.08602367241602107,0.08603231002446066,0.024028555398148747,0.7000000000000001
55.95703723600127,5.786458051410804,6.045151588018652,-0.07529178327171332,0.8466242944686895,0.17134706750293072,1.23817991629962,11.575645237780513,0.0885301466253565,0.08854203613351785,0.00943422907560526,0.7000000000000001
55.9736803830001,5.78375050346791,6.074201496048609,-0.08122643828681893,0.8714972408986918,0.18461899694674444,1.137232432798658,11.557397947401423,0.09123399170015503,0.0912495840764116,0.019240207814626084,0.7000000000000001
56.05177617800109,5.780767656333826,6.104079054068053,-0.08948541402251685,0.8963267405833105,0.20887447622170507,1.0383523810276742,11.538820501311847,0.09421093553297806,0.09423243121049563,0.0269901688911661,0.7000000000000001
56.080754147000334,5.777739898108567,6.13482541355516,-0.09083274675778892,0.9223907846132162,0.21163419114775955,1.0040595880335774,11.519723060737213,0.09723140202565331,0.09726018943575543,0.02312781300718288,0.7000000000000001
56.10890253600155,5.7745481650005654,6.166409674237763,-0.09575199324002448,0.947527820478093,0.22519074163208402,0.9026061419384039,11.500217550721533,0.10041311964745377,0.10045192254375657,0.03224280321988116,0.7000000000000001
56.19871813700047,5.76726267825726,6.231725831861049,-0.1148356878421741,0.9895548175739,0.24190885394160988,0.8358253643886959,11.460551891517575,0.10766501949107042,0.10773740928706221,0.007460207733256828,0.7000000000000001
56.219107946000804,5.763086578414343,6.265318767632152,-0.125282995287524,1.0077880731330764,0.16781940850393334,0.9476492144361148,11.44055747819275,0.11181379528437575,0.11191350912997944,0.011692258172118608,0.7000000000000001
56.31697741300013,5.75392805219885,6.334652660912065,-0.13971387965315304,1.0508466398405614,0.12973993790111354,1.0040799364837656,11.399891940477039,0.12087871845907158,0.12107203534547217,0.01441680809691766,0.7000000000000001
56.382227002000946,5.744215039123099,6.406596168663473,-0.14817236320905355,1.0878137949049582,0.13201190109070382,0.9580227704605762,11.358151470395178,0.1304003637411623,0.13078504842122296,0.02720870877440538,0.65
56.455324770000516,5.744215039123099,6.406596168663473,-0.14817236320905355,1.0878137949049582,0.13201190109070382,0.9580227704605762,11.358151470395178,0.1304003637411623,0.13078504842122296,0.02010309795646285,0.65
56.46808398800022,5.739195419335863,6.443290287039616,-0.15058859361705754,1.100823551284295,0.13858288640278238,0.9247869267144508,11.337030337111933,0.13525796513568658,0.1358046682084586,0.028322426189030192,0.65
56.47247230500034,5.734195300936442,6.480187152047517,-0.15000355198265067,1.1069059502370135,0.16038724999722415,0.8251840266711978,11.315840052806315,0.14003839849472927,0.14080478660788032,0.03553400870871786,0.65
56.582290231001025,5.729226757358148,6.517142702361504,-0.14905630734880082,1.1086665094196246,0.19910789454361316,0.6248005154558904,11.294669958705219,0.1446860572475742,0.14577333018617367,0.02837366139217359,0.65
56.67681327400169,5.71943767135197,6.590756465129964,-0.14594091125496753,1.1016235137982915,0.21526183783610833,0.5238219943990964,11.252669168261454,0.1533245040547032,0.15556241619235234,0.030111099777125387,0.65
56.69605854200017,5.714819137076827,6.627161223573448,-0.13855602825429408,1.0921427533045318,0.21166077295539465,0.45650786509310715,11.231855478165542,0.15703586473478534,0.16018095046749536,0.04168103259763023,0.65
56.795666356001675,5.710423269390939,6.663298978492708,-0.1318760305766214,1.084132647577823,0.185386649725136,0.327706213934956,11.211133742938964,0.1601309292909472,0.16457681815338265,0.018545546217118465,0.65
56.82401263800057,5.706136956268631,6.6991460560078115,-0.12858939366923625,1.0754123254530903,0.19823667387945748,0.2259286971701827,11.190602123979923,0.16243571257647477,0.16886313127569075,0.03499290824261089,0.65
56.85914395300097,5.7018361218745275,6.734695978849685,-0.129025031823112,1.0664976852562047,0.18032543352060493,0.16047335434712345,11.170356299054408,0.16391219747746968,0.17316396566979453,0.04802941055478298,0.65
56.921639284000776,5.697389623313971,6.769963406816949,-0.13339495681668126,1.0580228390179036,0.18605908039169128,0.12701049326096342,11.15048418678733,0.16426223706662305,0.17761046423035065,0.04038423688679463,0.6020797289396148
56.934504211001695,5.692679674629433,6.80496670857198,-0.14129846053613265,1.0500990526509522,0.1866702740043068,0.05978095810154585,11.131062203421207,0.16278308939622307,0.18232041291488876,0.05404831290128443,0.608276253029822
57.012513157000285,5.687982586088919,6.839113554597277,-0.14091265621544646,1.024405380758903,0.10262463686544807,0.004547142240634863,11.112268397810423,0.157844056994896,0.1870175014554034,0.06341341623353361,0.608276253029822
57.03899277700111,5.683511918792594,6.871996007534355,-0.13412001888974365,0.9864735881123257,0.10262463686544807,0.004547142240634863,11.094201789052045,0.14741429410678653,0.17288213811049064,0.016991035399700708,0.6184658438426491
57.1533869290015,5.679395947713889,6.903454725680785,-0.1234791323611506,0.9437615443929116,-0.07182203506767044,0.11316286434902836,11.07686040765629,0.1338075572295913,0.1535478962426337,0.0007414889024550952,0.632455532033676
57.16947315000107,5.675816024018303,6.933393092905264,-0.10739771086758111,0.898151016734358,-0.14733522645397576,0.18114986761504637,11.060159592971738,0.11848412117059426,0.13490966208183092,0.0017662035317235142,0.632455532033676
57.20704566200038,5.67278697040324,6.961760821543059,-0.09087160845189746,0.851031859133869,-0.20021816757900884,0.22183653806960074,11.0441105578975,0.10350708435881804,0.1169925131469746,0.003069974363319785,0.65
57.2772749880005,5.670262704384951,6.9885976424277185,-0.07572798054866178,0.8051046265397702,-0.22941699993490067,0.24198626500474324,11.028713178080563,0.08797641126314576,0.09980094073299385,0.003882412348659405,0.65
57.28385087100105,5.668316476333621,7.013804658929957,-0.058386841539910056,0.7562104950671567,-0.3168833552295287,0.2959983903452561,11.013966200014865,0.07306620764579912,0.08335307948361063,0.0068492699910090845,0.670820393249937
57.29689855700053,5.668316476333621,7.013804658929957,-0.058386841539910056,0.7562104950671567,-0.3168833552295287,0.2959983903452561,11.013966200014865,0.07306620764579912,0.08335307948361063,0.0068492699910090845,0.670820393249937
57.34396428100081,5.666946701055539,7.037340544231135,-0.04109325834245742,0.7060765590353392,-0.40645660913672943,0.344074046522842,10.999888478116468,0.058715959671695815,0.06767927277375245,0.010575839888738297,0.670820393249937
57.394797224000285,5.666946701055539,7.037340544231135,-0.04109325834245742,0.7060765590353392,-0.40645660913672943,0.344074046522842,10.999888478116468,0.058715959671695815,0.06767927277375245,0.005734696489383061,0.670820393249937
57.42474611800026,5.666105501737445,7.0589167629285,-0.02523597954280503,0.6472865609209352,-0.5247067858284717,0.4075006963553332,10.986693295036165,0.04477019304874822,0.05301739996263558,0.011387441822692254,0.6946221994724903
57.466178313001365,5.665562486068012,7.078567675351431,-0.016290470082988895,0.5895273726879285,-0.5853699488133592,0.43869109756594027,10.974527236562084,0.03190424602601034,0.03950607659402465,0.017287151403643192,0.6946221994724903
57.517795911000576,5.665203474139427,7.096446283799873,-0.010770357857545454,0.5363582534532408,-0.6162936462108151,0.4558654080775464,10.96337343559774,0.020099057542191965,0.027117851091181755,0.016023741864989255,0.6946221994724903
57.52387051500045,5.665203474139427,7.096446283799873,-0.010770357857545454,0.5363582534532408,-0.6766568989635907,0.4875277009570913,10.96337343559774,0.020099057542191965,0.027117851091181755,0.016023741864989255,0.6946221994724903
57.5587542760004,5.664767973635541,7.112791223332316,-0.013065015116587343,0.49034818597329644,-0.7349669607120014,0.5183412291686375,10.95327466228007,0.009385692041827218,0.015868178869215013,0.022964318479106478,0.7211102550927979
57.639751819000594,5.664009681329478,7.127878981572219,-0.022748769181887372,0.45263274719708957,-0.7968468905361572,0.5486100514574402,10.944240684136346,0.00035267992200139846,0.005735716336615132,0.009281091433452522,0.7211102550927979
57.675784327000656,5.6628160525191,7.141874442329278,-0.035808864311351545,0.4198638227117736,-0.8893123794640203,0.5893579430179174,10.936250922502643,0.00915755122857756,0.0033165458444929146,0.01751906662820371,0.7211102550927979
57.70584415000121,5.6608821846848185,7.155051863702697,-0.058016035028422744,0.395322641202587,-0.9564292650999296,0.6060759059300445,10.929364762722006,0.01686209520317683,0.011266938796651697,0.02466220103531872,0.75
57.758228318001784,5.658041657363694,7.167569520651595,-0.08521581963374238,0.3755297084669437,-0.9564292650999296,0.6060759059300445,10.92360988912573,0.023455315525117426,0.018109702778871476,0.015493086728206065,0.75
57.7736010990011,5.658041657363694,7.167569520651595,-0.08521581963374238,0.3755297084669437,-0.9103919620403935,0.5494425702191634,10.92360988912573,0.023455315525117426,0.018109702778871476,0.015493086728206065,0.75
57.810464529000456,5.654066245430782,7.179576401352306,-0.11926235798735751,0.3602064210213306,-0.8876101677179649,0.5326924717041752,10.91906863112837,0.028875112481972224,0.023788808807469898,0.021540453458961894,0.75
57.88158930100144,5.648750042900242,7.191201749144065,-0.15948607591617442,0.34876043375277355,-0.7599007541317029,0.5469199632547084,10.915819671852805,0.03306188478194274,0.02825004820516942,0.0038660817497466566,0.7106335201775948
57.919083743001465,5.642055781076958,7.202482280239174,-0.200827854698544,0.3384159328532496,-0.6922083545203437,0.5536648300178584,10.913870583107915,0.03610521743144403,0.031493030307623765,0.006479415408078447,0.7433034373659253
57.99705784300022,5.633781767532122,7.213640891187749,-0.2482204063450555,0.33475832845727094,-0.658002463339004,0.5583528977505037,10.913239341977842,0.03804624154813813,0.03353274869280121,0.002142564882427498,0.7433034373659253
57.99901246600166,5.62381985338549,7.224719586938558,-0.2988574243989483,0.3323608725242493,-0.6492050433272385,0.5523059977575456,10.913986926695868,0.038729101059378095,0.034322432538218886,0.00304364521862146,0.7433034373659253
58.0366908290016,5.612179888359199,7.235831686282042,-0.3491989507887468,0.333362980304541,-0.6006095145497938,0.5681918593072257,10.916038516175348,0.038240361793412746,0.03394917513435027,0.0027908797678422976,0.7433034373659253
58.116819513001246,5.598753505917892,7.247153337793854,-0.4027914732392092,0.339649545354375,-0.6010626158037431,0.5600768138357584,10.919372661872714,0.03662650743186166,0.03246090562153143,0.0010613718335533426,0.7071067811865476
58.118685069001,5.583446317196367,7.258638848365751,-0.45921566164574246,0.3445653171569075,-0.5792646742360374,0.5368470598984683,10.924097630430003,0.034034431911578615,0.029758571086417426,0.003301214661067564,0.7433034373659253
58.14796871400176,5.566363402403517,7.2702894186086136,-0.5124874437855274,0.3495171072858616,-0.5902049838299294,0.4994249442124583,10.930137245497312,0.030328636838674976,0.02591732341737883,0.006646188955995209,0.7433034373659253
58.161102538000705,5.566363402403517,7.2702894186086136,-0.5124874437855274,0.3495171072858616,-0.5701839248379049,0.47302201926092524,10.930137245497312,0.030328636838674976,0.02591732341737883,0.006646188955995209,0.7433034373659253
58.23394819400164,5.547641833102444,7.2819750091305675,-0.5616470790321568,0.35056771565862727,-0.5703036920058835,0.4538359131556343,10.937472056696622,0.025496811204267035,0.020942135110379616,0.005071094113300481,0.7106335201775948
58.23602134000066,5.527543228550731,7.293671646533278,-0.6029581365514007,0.3508991220813242,-0.5468812349038051,0.4288018558386144,10.945917995014005,0.01990918184856182,0.015001047164013157,0.011112458594071352,0.7106335201775948
58.26263046400163,5.5062626154926,7.3053212163164165,-0.6384183917439051,0.3494870934941346,-0.5053164111027607,0.3649500030982508,10.955363161818045,0.013616882438604063,0.008190871154365077,0.017992525201215293,0.75
58.29952077600137,5.484065870148664,7.316971277712614,-0.6659023603180909,0.34950184188592914,-0.4724526824671836,0.3423185940683739,10.965573381146685,0.006691655117958372,0.0007332394158881119,0.024797860394597845,0.7211102550927979
58.353856910000104,5.461230918272851,7.328664392481046,-0.6850485562743949,0.35079344305295185,-0.5032562216241926,0.3294995548728647,10.976307081940583,0.00028690003167147093,0.007145229157617554,0.014241720716339022,0.7211102550927979
58.373898536001434,5.438006157886486,7.340454623783929,-0.6967428115909572,0.353706939086479,-0.547823965989439,0.2765623076971454,10.9873377582532,0.0072920966343406396,0.01523066221222269,0.019985772917183914,0.6946221994724903
58.467658528001266,5.391438369619017,7.364282347488572,-0.6977780192062855,0.3578065480164444,-0.5717412788133431,0.23620807412961062,11.009493083902543,0.02036678248916626,0.0313103160692162,0.006104844576373826,0.7158910531638177
58.49391572100103,5.391438369619017,7.364282347488572,-0.6977780192062855,0.3578065480164444,-0.6713589516960373,0.20335282362947357,11.009493083902543,0.02036678248916626,0.0313103160692162,0.006104844576373826,0.7158910531638177
58.58305820000169,5.36840137331974,7.376114847446948,-0.6911098889783139,0.3549749987512687,-0.7348977378121587,0.18917304300298005,11.02050117382,0.026393093883781388,0.03923309141164781,0.002116842313320293,0.7158910531638177
58.58539596400078,5.36840137331974,7.376114847446948,-0.6911098889783139,0.3549749987512687,-0.7376112084528299,0.164462208528333,11.02050117382,0.026393093883781388,0.03923309141164781,0.002116842313320293,0.7158910531638177
58.62358146000042,5.32345905026848,7.399042800265024,-0.6678625374568534,0.33979751214868426,-0.8674544223029437,0.18420460177902143,11.042214380956125,0.0363286710623079,0.054799601887083556,0.005757256390087053,0.696419413859206
58.70824373800133,5.30153787547635,7.4099562170677435,-0.6576352437639078,0.3274025040815893,-0.8861411371974239,0.15583038247644776,11.05303675802391,0.041021052304951226,0.06258326220705585,0.006275767875352193,0.7433034373659253
58.71612547600125,5.2799192529398775,7.420424297070642,-0.6485586760941777,0.3140424000869627,-0.8761346161319106,0.10683570962854194,11.063930402701603,0.04361363853501138,0.07046788644645462,0.007381080790724187,0.7280109889280518
58.72956259000057,5.2799192529398775,7.420424297070642,-0.6485586760941777,0.3140424000869627,-0.8814846383008181,0.08438684208726138,11.063930402701603,0.04361363853501138,0.07046788644645462,0.007381080790724187,0.7280109889280518
58.76688256900161,5.258559660622074,7.430426855995583,-0.6407877695340893,0.30007676774819586,-0.8497613413698347,0.07497149883487014,11.074938970396369,0.04643747901306977,0.07849852177271009,0.00902443380978088,0.7280109889280518
58.8302962100006,5.237357895104615,7.4399181939721135,-0.6360529655238004,0.28474013929592645,-0.8385596466278096,0.06576401143896765,11.0861677211942,0.04640264274445027,0.08508191815912447,0.00349266427923176,0.7158910531638177
58.8648362060012,5.216262993786299,7.448884021135334,-0.6328470395494749,0.2689748148966084,-0.8195373424607848,0.16694517321400737,11.097663130582026,0.045810088851907335,0.076116090995904,0.0049200839878861665,0.7158910531638177
58.94789969900012,5.195084110911684,7.457300034043034,-0.6353664862384638,0.2524803872309971,-0.8006554056474494,0.2070176312129437,11.109589993760444,0.04365297627554068,0.06770007808820377,0.0008789646019835699,0.7566372975210779
58.95007436600099,5.173702611760879,7.465098000963619,-0.6414449745241624,0.23393900761752973,-0.8261723677566568,0.18539181345491274,11.122082071271615,0.041403861992662175,0.05990211116761923,0.0008020608576013512,0.7566372975210779
58.970504123000865,5.173702611760879,7.465098000963619,-0.6414449745241624,0.23393900761752973,-0.8240200206923967,0.18139195898434543,11.122082071271615,0.041403861992662175,0.05990211116761923,0.0008020608576013512,0.7566372975210779
58.99962292000055,5.173702611760879,7.465098000963619,-0.6414449745241624,0.23393900761752973,-0.8314541491589813,0.17370423724989326,11.122082071271615,0.041403861992662175,0.05990211116761923,0.0008020608576013512,0.7566372975210779
59.06606108699998,5.173702611760879,7.465098000963619,-0.6414449745241624,0.23393900761752973,-0.8395558889095288,0.15618867902566375,11.122082071271615,0.041403861992662175,0.05990211116761923,0.0,0.7566372975210779
59.112049459001355,5.129876308527374,7.478745707202356,-0.6631153794698855,0.1945884383645595,-0.7558606890245398,0.08336811977450176,11.149176088402664,0.03615481175974646,0.046254404928881776,0.006637536141011319,0.7516648189186454
59.21041848800087,5.129876308527374,7.478745707202356,-0.6631153794698855,0.1945884383645595,-0.7286999360578661,0.10303845151039345,11.149176088402664,0.03615481175974646,0.046254404928881776,0.0,0.7516648189186454
59.213198774001285,5.1073725989649175,7.484518988737943,-0.6751112868736799,0.1731984460675881,-0.7000353341931714,0.12022479007091694,11.163867456406667,0.0338879063456977,0.04048112339329535,0.002429443347672507,0.7516648189186454
59.2262774940009,5.1073725989649175,7.484518988737943,-0.6751112868736799,0.1731984460675881,-0.7169233143225886,0.1283529592540981,11.163867456406667,0.0338879063456977,0.04048112339329535,0.002429443347672507,0.7516648189186454
59.237560129000485,5.084330541608032,7.489530737961072,-0.6912617207065618,0.1503524766938877,-0.6914324181826075,0.2515479572143789,11.17947224368589,0.032035731012127124,0.035469374170165935,0.0057602736843306215,0.75
59.305653156001426,5.060795430909426,7.493997067299018,-0.7060533209581651,0.13398988013837904,-0.6720006531954799,0.294116358062076,11.19582484628631,0.03070456575576262,0.031003044832219828,0.002585205565169962,0.75
59.3387065070001,5.036884542882835,7.49811411071158,-0.7173266407977121,0.12351130237683136,-0.6490576754527557,0.4051785147434274,11.212714171163983,0.029653087413569285,0.026886001419658356,0.00561403536794096,0.75
59.42393744400033,5.036884542882835,7.49811411071158,-0.7173266407977121,0.12351130237683136,-0.629320576776351,0.4332818158605848,11.212714171163983,0.029653087413569285,0.026886001419658356,0.0,0.75
59.437530071001675,5.012617993179198,7.501920161826255,-0.727996491109108,0.11418153344024763,-0.609930134036397,0.4430941788083645,11.230101036446882,0.029128129847712368,0.02307995030498322,0.002701899000526601,0.75
59.439160485000684,4.988000807633351,7.50546919054195,-0.738515566375411,0.10647086147085287,-0.6491434690654945,0.44064644910865747,11.24794940771792,0.029235094026921676,0.01953092158928804,0.005743899078716997,0.75
59.4566035880016,4.988000807633351,7.50546919054195,-0.738515566375411,0.10647086147085287,-0.6307637728024176,0.45130281554815255,11.24794940771792,0.029235094026921676,0.01953092158928804,0.005743899078716997,0.75
59.58387456700075,4.93778599859259,7.511419740332139,-0.7570427073488815,0.08265916751209398,-0.6381507592482968,0.6458356361618997,11.285191856839253,0.032440674648585396,0.013580371799099211,0.01657675207109203,0.7516648189186454
59.61627536300148,4.912605529112759,7.513801663656115,-0.7554140843949202,0.07145769971928345,-0.6453231449130216,0.678204603660377,11.304256972014942,0.03549580940231216,0.01668276516242223,0.025809054120101354,0.7516648189186454
59.67754261100163,4.912605529112759,7.513801663656115,-0.7554140843949202,0.07145769971928345,-0.6476849424857837,0.7119643914878514,11.304256972014942,0.03549580940231216,0.01668276516242223,0.025809054120101354,0.7516648189186454
59.680276549001064,4.887570451725997,7.5160746988398826,-0.7510523216028586,0.06819105551303113,-0.6584169089231925,0.815023217760255,11.323291507029582,0.0406145617242232,0.032777959557813784,0.035580975757278845,0.7566372975210779
59.78219554000134,4.862682010849245,7.518352832832846,-0.7466532263025896,0.06834401978890668,-0.6555225048210193,0.8812412522976967,11.342227429643948,0.04566636848550831,0.04876586088004975,0.01326952178589018,0.7566372975210779
59.7846142160015,4.837958407568554,7.520716820984489,-0.7417080984206978,0.07091964454926585,-0.6837342481498279,0.8927951801292391,11.361002667441218,0.0492911806326834,0.05428329189180747,0.02637086064893571,0.7648529270389178
59.78954840900042,4.837958407568554,7.520716820984489,-0.7417080984206978,0.07091964454926585,-0.6765098686120655,0.9609872194756484,11.361002667441218,0.0492911806326834,0.05428329189180747,0.02637086064893571,0.7648529270389178
59.832692458001475,4.81327321089679,7.52354261223026,-0.7405559001529088,0.08477373737315189,-0.6160681567875437,1.04462040252132,11.379502899010939,0.0524584275637006,0.051457500646035825,0.03908156885286157,0.7648529270389178
59.943619834000856,4.788492956053678,7.526869486399479,-0.7434076452933739,0.09980622507658754,-0.5529410792666993,1.1210513649513913,11.39781593895463,0.05512837072350325,0.04813062647681665,0.016212023117072975,0.7762087348130012
59.97491822700067,4.763620148342711,7.530851437114663,-0.7461842313290147,0.11945852145549796,-0.5219994722956031,1.135734662886173,11.415853081381638,0.057183348169112067,0.04414867576163317,0.03205515242362278,0.7762087348130012
60.024382556001,4.763620148342711,7.530851437114663,-0.7461842313290147,0.11945852145549796,-0.4914265103463298,1.1491589470089192,11.415853081381638,0.057183348169112067,0.04414867576163317,0.017724695531038778,0.7762087348130012
60.02590292400055,4.738656056515591,7.535519724167324,-0.7489227548135979,0.14004861157984075,-0.48616151505931215,1.151584552377824,11.433597934159152,0.05971567392476416,0.03948038870897186,0.035117872400520125,0.7905694150420949
60.07963506800115,4.713489226476059,7.540998744361869,-0.7550049011859625,0.1643706058363555,-0.465895179163145,1.1599317574894403,11.45107339828645,0.06169967963875515,0.03400136851442692,0.052196047438532074,0.7905694150420949
60.142000378000375,4.688148208641791,7.547575748431198,-0.7602305350280437,0.19731012207987467,-0.465895179163145,1.1599317574894403,11.468095644658693,0.06453705460206483,0.027424364445097993,0.038996253862636034,0.8
60.147540500000105,4.662626492907059,7.555344708671494,-0.765651472041959,0.23306880720886222,-0.36711474797135346,1.1585478639817208,11.484621525966537,0.06735357573073973,0.023225854477016843,0.05786845962737225,0.7615773105863909
60.17451904600057,4.637092857229975,7.564691919377774,-0.766009070312502,0.280416321188391,-0.3337133395063149,1.1528782017307524,11.500298400534401,0.06996861520648379,0.03409344049180869,0.07551205186356048,0.7826237921249265
60.251600850000614,4.611830608488652,7.575667236227356,-0.7578674622396903,0.3292595054874768,-0.2721277651261328,1.1244777568570912,11.514871966915221,0.07449282983058333,0.04419582691480903,0.0187649707895505,0.7826237921249265
60.26461050200123,4.586964804053331,7.588372626584445,-0.7459741330596263,0.38116171071267013,-0.30269929878791846,1.0811313124736648,11.52818848256459,0.07734949318166866,0.05279453817156315,0.036474696906756136,0.8062257748298549
60.26619757500157,4.586964804053331,7.588372626584445,-0.7459741330596263,0.38116171071267013,-0.2535187612837354,1.0580115277531608,11.52818848256459,0.07734949318166866,0.05279453817156315,0.036474696906756136,0.8062257748298549
60.37358092100112,4.537870614312679,7.618791594723646,-0.7354708165713107,0.48020247594485305,-0.21649366365351413,0.9291121862084799,11.551639744263575,0.08338157569759709,0.06599991400611062,0.03591890684044647,0.7905694150420949
60.40804408300028,4.537870614312679,7.618791594723646,-0.7354708165713107,0.48020247594485305,-0.1605703584788477,0.8052163259379872,11.551639744263575,0.08338157569759709,0.06599991400611062,0.03591890684044647,0.7905694150420949
60.44283379800072,4.513413737897159,7.636367704967043,-0.7337062924655786,0.527283307301887,-0.13587937521451493,0.7401225549430244,11.562057715049338,0.08551041391672067,0.0708653504261777,0.05287802391864203,0.7905694150420949
60.50288901300155,4.489055748547116,7.6554914434638555,-0.7307396805013003,0.5737121549043743,-0.11497858259093181,0.7157242678042729,11.571600578131049,0.08742434619576554,0.07456652469892835,0.035759329421187105,0.7810249675906654
60.55028208800104,4.464797129215913,7.676084318071977,-0.7277585799360986,0.6177862382436416,-0.05856191683546291,0.666542805341204,11.580320679915848,0.08843075604614714,0.0771585976507179,0.05242829177396007,0.7810249675906654
60.612568154001565,4.440535278555397,7.697980235265635,-0.72785551981549,0.6568775158097337,-0.029681351796091937,0.6458050933287112,11.588404366990407,0.08952993839349947,0.07883156524896985,0.03510521865407446,0.8139410298049854
60.63353812600144,4.440535278555397,7.697980235265635,-0.72785551981549,0.6568775158097337,-0.005169891168220836,0.6593169162897284,11.588404366990407,0.08952993839349947,0.07883156524896985,0.03510521865407446,0.8139410298049854
60.7341919340015,4.39271633075004,7.745516975028673,-0.7087748365995883,0.7317968290246941,-0.028159698180075216,0.7188584060869309,11.602189911819911,0.08986732259558587,0.07903111646939887,0.03289408282471155,0.8139410298049854
60.747929453000324,4.39271633075004,7.745516975028673,-0.7087748365995883,0.7317968290246941,0.0014305560913467352,0.703401100679681,11.602189911819911,0.08986732259558587,0.07903111646939887,0.03289408282471155,0.8139410298049854
60.769766471001276,4.369884311267058,7.77093871140516,-0.684960584489439,0.7626520912945948,0.04726068294182184,0.6755475043125617,11.607418666995548,0.08874238794821933,0.07719991009264815,0.048656961381349714,0.7810249675906654
60.855745625000054,4.3478338148119935,7.797091506957089,-0.6615148936519317,0.7845838665578782,0.09080089826775645,0.6235920310049068,11.611692416491097,0.08783310395221211,0.07429914658280003,0.01820383369751097,0.8200609733428363
60.879857284000536,4.326658313175433,7.82358361448038,-0.6352650490968156,0.7947632256987175,0.14001659430531696,0.6088759231720778,11.615145731838323,0.08613753611888995,0.07053973850739645,0.035101877414864514,0.7905694150420949
60.973705966000125,4.306394959645808,7.850027571249783,-0.6079006058887417,0.7933187030820998,0.19588884504223233,0.6462936136935145,11.617953995716666,0.08561464917984907,0.06616939204472543,0.016472934399424818,0.7632168761236874
60.993095499001356,4.286970971381982,7.876263885961919,-0.5827196479147939,0.7870894413640586,0.19461565481251447,0.7140736909421697,11.620259460686828,0.08460631502647098,0.06135234981746944,0.031975106717374475,0.8062257748298549
61.09192775700103,4.268584630875697,7.902110038955688,-0.5515902151885538,0.7753845898130899,0.1909446500650559,0.8503678520432711,11.62198641065577,0.08583447342359023,0.056077465821189214,0.013428423875880304,0.7826237921249265
61.093916235000506,4.268584630875697,7.902110038955688,-0.5515902151885538,0.7753845898130899,0.18664996458151806,0.8836030864662925,11.62198641065577,0.08583447342359023,0.056077465821189214,0.013428423875880304,0.7826237921249265
61.134921846,4.251363255313358,7.927554990756104,-0.5166412668701784,0.7633485540124749,0.17823678313014024,0.9509425706219008,11.623025557957437,0.08648242090653717,0.050262519297641105,0.025869369207396232,0.7826237921249265
61.16229492000093,4.251363255313358,7.927554990756104,-0.5166412668701784,0.7633485540124749,0.1725087668766414,1.0184671884531564,11.623025557957437,0.08648242090653717,0.050262519297641105,0.025869369207396232,0.7826237921249265
61.221293444001276,4.23523283414685,7.952615690488459,-0.4839126349952218,0.7518209919706578,0.1725087668766414,1.0184671884531564,11.623423122528193,0.08995856764947552,0.04563436401451365,0.016940355232823157,0.8
61.23579506000169,4.23523283414685,7.952615690488459,-0.4839126349952218,0.7518209919706578,0.19208137848004936,1.1185672761621512,11.623423122528193,0.08995856764947552,0.04563436401451365,0.016940355232823157,0.8
61.27837378300137,4.22002069853453,7.977408365625336,-0.456364068369617,0.7437802541063155,0.21644906915825407,1.1818078713939935,11.623257689593771,0.09433066585432413,0.054979365167934446,0.03280906200886121,0.8
61.330435725001735,4.205983067336623,8.001809089757572,-0.42112893593718204,0.7320217239670983,0.2074504623994301,1.230234468875334,11.622370818451499,0.0988747317503726,0.06901699636584091,0.025943771197651285,0.7905694150420949
61.349776963001204,4.205983067336623,8.001809089757572,-0.42112893593718204,0.7320217239670983,0.22847681526568447,1.2289419615612653,11.622370818451499,0.0988747317503726,0.06901699636584091,0.025943771197651285,0.7905694150420949
61.455042066001624,4.193091303194754,8.02582021032753,-0.3867529242560875,0.7203336170987206,0.24931786859070582,1.224883913030695,11.620778805402885,0.10440606142915039,0.08190876050771045,0.01570737665426569,0.75
61.56675404700036,4.193091303194754,8.02582021032753,-0.3867529242560875,0.7203336170987206,0.2665082909135738,1.221258912300879,11.620778805402885,0.10440606142915039,0.08190876050771045,0.0,0.75
61.568391415001315,4.181578629199964,8.049481967049537,-0.3453802198436762,0.7098527016602647,0.27242155049581795,1.219953482238341,11.618255073624507,0.10883854003046892,0.09342143450249996,0.01676029526424081,0.75
61.60942160200102,4.171453998322812,8.073075121574242,-0.30373892631456967,0.7077946357411425,0.4032441067422744,1.1819155471950102,11.614639434679297,0.11318250998670856,0.1035460653796525,0.032155419397288186,0.75
61.68500595600017,4.171453998322812,8.073075121574242,-0.30373892631456967,0.7077946357411425,0.39343031304773196,1.18647064387416,11.614639434679297,0.11318250998670856,0.1035460653796525,0.01819204404724246,0.75
61.720022190000236,4.1624976876769235,8.096872110143444,-0.26868931937663587,0.7139096570760463,0.40436837288293215,1.050465212399581,11.609974016740955,0.11634438108274398,0.11250237602554058,0.03537603981958342,0.75
61.80174022200117,4.154549897029339,8.121094441360555,-0.23843371942752348,0.7266699365133394,0.4053722484890629,1.0155977352018053,11.60427892761152,0.11846749309774127,0.12045016667312503,0.03347106499300298,0.75
61.82355600700066,4.147421767851911,8.145826218566615,-0.21384387532283852,0.741953316181822,0.40198455821334284,0.8811523628988444,11.597672132222772,0.11961558969837295,0.11084054295017111,0.048248398374013346,0.7000000000000001
61.909301912000956,4.141258538810701,8.171468731548396,-0.18489687123632287,0.7692753894534506,0.3913362878891263,0.811458796651358,11.58982374722839,0.11837927893806403,0.09938939928518559,0.012129883605119648,0.7000000000000001
61.91109794800104,4.141258538810701,8.171468731548396,-0.18489687123632287,0.7692753894534506,0.37154734872732625,0.8365544111960865,11.58982374722839,0.11837927893806403,0.09938939928518559,0.012129883605119648,0.7000000000000001
61.943092254001385,4.136010337292322,8.198224313186389,-0.1574460455513547,0.8026674491397924,0.3206617461282749,0.9243001369641268,11.580675552661415,0.11609386696635067,0.09293070128686619,0.023052529114151458,0.7000000000000001
62.03582867300065,4.1316878822070535,8.226139489576514,-0.12967365255804428,0.8374552917037659,0.2886397296461892,0.9843638454453586,11.570198087053226,0.1152056256346699,0.09331218075035252,0.013449910596897851,0.7000000000000001
62.09390996700131,4.1316878822070535,8.226139489576514,-0.12967365255804428,0.8374552917037659,0.21162277658907477,0.8329615875413909,11.570198087053226,0.1152056256346699,0.09331218075035252,0.013449910596897851,0.7000000000000001
62.151811426001586,4.1266255108222705,8.28532880393167,-0.05894644763189166,0.9041033740438859,0.18977457713436544,0.821633860793097,11.544635109858078,0.1114290164098801,0.09837455213513557,0.022896813742614947,0.7000000000000001
62.163718456000424,4.1266255108222705,8.28532880393167,-0.05894644763189166,0.9041033740438859,0.16674542205015336,0.8335875357007374,11.544635109858078,0.1114290164098801,0.09837455213513557,0.022896813742614947,0.7000000000000001
62.198882550001144,4.12563353168582,8.316391561387242,-0.02975937409349448,0.931882723667156,0.15098962512269773,0.8582853839262333,11.529879141405733,0.10899762263974172,0.09936653127158568,0.030095396151505638,0.7000000000000001
62.26047338400167,4.1255692707209075,8.348037613488048,-0.0019278289473780366,0.9493815630241614,0.1454281435238314,0.8920274787735925,11.514093089298667,0.10684391834409591,0.09943079223649853,0.010508982285273952,0.7000000000000001
62.291090809001616,4.126342911857084,8.379930568915897,0.02320923408529784,0.9567886628354938,0.12576224271611994,0.7936982194240783,11.497522777028372,0.10412740973586289,0.0986571511003218,0.019725512289358562,0.7000000000000001
62.327760235000824,4.127867516367218,8.411833733390793,0.045738135304001074,0.9570949342468528,0.10712065848150862,0.8589880771334495,11.480359826578391,0.1012130714802766,0.09713254659018844,0.025179635806871842,0.7000000000000001
62.410940939000284,4.1300079912776,8.443694017881612,0.06421424731148019,0.9558085347245349,0.10712065848150862,0.8589880771334495,11.462745657883927,0.09804974356258875,0.09499207167980561,0.017865988243571652,0.7000000000000001
62.42463333500018,4.132434610955765,8.475713879685795,0.07279859034493973,0.9605958541255004,0.06776696411570145,0.8949555092429855,11.444865842290662,0.09478272158839227,0.09256545200164101,0.022800314876068355,0.7000000000000001
62.50659106100102,4.137608327009752,8.539823275815063,0.07716195724681361,0.9606177542194142,0.04362517335645846,0.8400172646554183,11.40897949205946,0.08862728102167629,0.08739173594765415,0.013501517754328392,0.7000000000000001
62.53449954400094,4.139986147079347,8.571602758136711,0.07133460208785972,0.9533844696494111,0.03469146694569275,0.8708137103517491,11.391446440826245,0.08591469911217232,0.08501391587805873,0.0174229810879623,0.7000000000000001
62.62298764700063,4.139986147079347,8.571602758136711,0.07133460208785972,0.9533844696494111,0.03188724846025058,0.938121142590375,11.391446440826245,0.08591469911217232,0.08501391587805873,0.0,0.7000000000000001
62.62576175100003,4.142022381046522,8.60308000956181,0.06108701901524989,0.9443175427529613,0.032856024759478394,0.9720529716262364,11.37442076067425,0.08366134418946113,0.08297768191088384,0.005880185473915684,0.7000000000000001
62.65611155600163,4.143654340553605,8.634284831924534,0.048958785212476146,0.9361446708817247,0.046319592280573745,1.0737350046715164,11.357942647720462,0.0818487075314472,0.08134572240380145,0.011241417800610411,0.7000000000000001
62.73963382200054,4.144933971875594,8.66517062682175,0.03838893965967742,0.926573846916502,0.05451765485420344,1.140564668955926,11.341988800024346,0.08044287812892899,0.08006609108181184,0.006372911730467551,0.7000000000000001
62.74148276699998,4.145807734340858,8.695687863249557,0.026212873957912268,0.9155170928341847,0.05706370616810352,1.1748187127506808,11.326629389767126,0.07947672466066658,0.07919232861654812,0.011828739942188008,0.7000000000000001
62.759969846001695,4.14623638436203,8.725837962284464,0.012859500635175821,0.9045029710471941,0.07974154233672978,1.0961242725092835,11.311897618155013,0.07897232472667802,0.07876367859537581,0.015994263462746364,0.7000000000000001
62.79461877100039,4.146255842788277,8.755622916626324,0.0005837527874167896,0.8935486302558018,0.08415555327589656,1.1306747181576777,11.297760360200435,0.07890568947506679,0.07874422016912863,0.019052022414180383,0.7000000000000001
62.85363344600046,4.145815627694889,8.785146054249255,-0.01320645280165685,0.8856941286879287,0.10934059408676644,1.1362917176590144,11.284212820684726,0.07930527347333292,0.07918443526251728,0.020624222447215738,0.7000000000000001
62.86862209900028,4.144998208316503,8.814444216275339,-0.024522581351587712,0.8789448607825123,0.15321748504836458,1.0849930988711598,11.27116500701178,0.08009381764566932,0.08000185464090315,0.0302351659881075,0.7000000000000001
62.92266439800005,4.143810291832983,8.843765875495055,-0.03563749450559355,0.8796497765914965,0.22650642893388626,1.0138134484976418,11.258495044925901,0.08125986106743716,0.08118977112442316,0.040336099016542164,0.7000000000000001
62.96871017600097,4.142200355794426,8.873219018414993,-0.048298081156724015,0.8835942875981079,0.25123634431962627,0.9908320847568561,11.246199944141104,0.08285175803827427,0.08279970716298024,0.021822727869854876,0.7000000000000001
62.99876194200078,4.140280112528459,8.903083408728548,-0.057607297978997794,0.8959317094066783,0.3388659400730951,0.9404869992689135,11.234053689275683,0.08476026640054635,0.08471995042894687,0.03246047044092324,0.7000000000000001
63.07595586700154,4.138117027263402,8.93351316372491,-0.06489255795172343,0.9128926498908527,0.36646175429726013,0.9459885619589005,11.221929361384483,0.08691305811469871,0.08688303569400446,0.012102849174608587,0.7000000000000001
63.093504392001705,4.138117027263402,8.93351316372491,-0.06489255795172343,0.9128926498908527,0.3732462070282803,0.9022921376774722,11.221929361384483,0.08691305811469871,0.08688303569400446,0.012102849174608587,0.7000000000000001
63.188401051000255,4.135817796291292,8.964504647301476,-0.06897692916328992,0.9297445072969945,0.3395736893852518,0.9308499459469871,11.209738601158078,0.08920506950572558,0.08918226666611417,0.014899680113787903,0.7000000000000001
63.202450476001104,4.133692717794659,8.996057348976693,-0.06375235489898431,0.9465810502565237,0.3354005979261404,0.8285616604625374,11.197209984110954,0.09132476098355713,0.09130734516274686,0.029516489040129268,0.7000000000000001
63.24264879600014,4.131720707275988,9.028114044285942,-0.05916031556015516,0.961700859277465,0.32184034349765533,0.7622522805588438,11.184391767347917,0.09329248151489497,0.09327935568141843,0.042432119578154,0.7000000000000001
63.298549077000644,4.129937920296709,9.06060109672304,-0.05348360937836087,0.9746115731129164,0.32184034349765533,0.7622522805588438,11.171288161151628,0.09507271594619425,0.09506214266069701,0.033237698809887264,0.7000000000000001
63.33525984800144,4.129937920296709,9.06060109672304,-0.05348360937836087,0.9746115731129164,0.3119454585957136,0.6281532564095837,11.171288161151628,0.09507271594619425,0.09506214266069701,0.033237698809887264,0.7000000000000001
63.359492146000775,4.128335063565038,9.093420997329904,-0.048085701950106974,0.9845970182059351,0.3125212615305261,0.5934807940049323,11.157953885659484,0.09667379134888716,0.09666499939236761,0.04729557318474016,0.7000000000000001
63.41186869400008,4.128335063565038,9.093420997329904,-0.048085701950106974,0.9845970182059351,0.31691561164665283,0.5909171184735278,11.157953885659484,0.09667379134888716,0.09666499939236761,0.014652480061216026,0.7000000000000001
63.46926357400116,4.125780159650883,9.159570558390074,-0.033902940414637296,0.9916166950011251,0.3297769816796081,0.7263624946660853,11.130718956614622,0.09922757801220812,0.09921990330652264,0.04172322086593777,0.7000000000000001
63.52695736700116,4.125780159650883,9.159570558390074,-0.033902940414637296,0.9916166950011251,0.32546651773930807,0.7594832888920439,11.130718956614622,0.09922757801220812,0.09921990330652264,0.03442622557039913,0.7000000000000001
63.53041304200087,4.125148028381271,9.19242003773865,-0.01896393808837704,0.9854843804572576,0.32631422080490313,0.6910087158527976,11.116744709747326,0.0998603202788859,0.09985203457613512,0.04815585578143896,0.7000000000000001
63.55748244200004,4.125011839897916,9.22500819216072,-0.0040856545006427245,0.9776446326621275,0.32040625150157176,0.6582102278090523,11.102519260090334,0.09999765420460927,0.09998822305948973,0.06091230534499397,0.7000000000000001
63.59789685600117,4.12539347469233,9.257306309293728,0.011449043832399315,0.968943513990251,0.2957673461592667,0.6547254422944286,11.088032175129936,0.09961855230465842,0.09960658826507629,0.07212256597551832,0.7000000000000001
63.6455831150015,4.126245313500477,9.289282647574527,0.025555164244406438,0.9592901484239527,0.2827973750388919,0.6152119921409743,11.073336624134512,0.09877009494073091,0.09875474945692897,0.02851276347755217,0.7000000000000001
63.66798249000021,4.12750005770507,9.320748282211197,0.03764232613778677,0.9439690391000851,0.2607934181080458,0.611876331602074,11.05857143039098,0.09751974482484499,0.09750000525233649,0.03940894002880617,0.7000000000000001
63.75715635300003,4.1291390347258785,9.35149835604613,0.04916931062428172,0.9225022150480403,0.23451256247076904,0.674865423983964,11.043837025756028,0.09588752911314713,0.09586102823152753,0.01204240589230622,0.7000000000000001
63.80645896100032,4.131135279232426,9.381332893109596,0.05988733519641937,0.8950361119039703,0.2306655987830749,0.7639425305111529,11.02923764757174,0.09389915358501529,0.09386478372497997,0.0233615217366706,0.7000000000000001
63.86580106600013,4.131135279232426,9.381332893109596,0.05988733519641937,0.8950361119039703,0.21869099413267867,0.8294405724978717,11.02923764757174,0.09389915358501529,0.09386478372497997,0.009677680981941411,0.7000000000000001
63.891975776001345,4.133525960136327,9.41064828149217,0.07172042711702768,0.87946165147721,0.22186109277586924,0.8980816291844973,11.014564191430765,0.09151958997686162,0.09147410282107948,0.018791067887086083,0.7000000000000001
63.97372587800055,4.136307018051678,9.439321187183305,0.08343173746055287,0.860187170734063,0.21402726482749723,0.9655143001607267,10.999868400793016,0.08875273400234393,0.08869304490572816,0.008421793528536305,0.7000000000000001
63.980586914000014,4.139389293032986,9.467256745090541,0.09246824943923392,0.8380667372171047,0.1995329197413886,0.9830527843857593,10.985266301808755,0.08568756569583134,0.08561076992442018,0.016282747899582475,0.7000000000000001
64.04592402600065,4.139389293032986,9.467256745090541,0.09246824943923392,0.8380667372171047,0.1763750505462271,0.9900160481766467,10.985266301808755,0.08568756569583134,0.08561076992442018,0.016282747899582475,0.7000000000000001
64.08791677800036,4.142680524335534,9.494520868836267,0.09873693907641937,0.8179237123717805,0.18488838836241372,0.9861322065763987,10.9708089568651,0.0824202888591312,0.08231953862187247,0.0069126553382240505,0.7000000000000001
64.09661619800136,4.142680524335534,9.494520868836267,0.09873693907641937,0.8179237123717805,0.14823993514612327,0.9876166402907423,10.9708089568651,0.0824202888591312,0.08231953862187247,0.0069126553382240505,0.7000000000000001
64.1336646280015,4.146079416113861,9.521279982197873,0.10196675334981196,0.8027734008481799,0.1685820089526543,0.9842247276306382,10.956514591407892,0.07904776847889873,0.07892064684354505,0.01354033739443337,0.7000000000000001
64.20632115800072,4.149524562383903,9.547692300253766,0.10335438810126746,0.792369541676772,0.16425592371193737,0.9851670201501325,10.942370256382759,0.07564217265321482,0.07547550057350261,0.005619944712538443,0.7000000000000001
64.20814394400077,4.149524562383903,9.547692300253766,0.10335438810126746,0.792369541676772,0.13653503538771167,1.0234534611679496,10.942370256382759,0.07564217265321482,0.07547550057350261,0.005619944712538443,0.7000000000000001
64.22602580500097,4.152938770912333,9.573875647783888,0.10242625585287064,0.7855004259036664,0.1710419472260042,1.0571229857592586,10.92839552482169,0.07226943840209667,0.07206129204507317,0.011192178998671117,0.75
64.25844556300035,4.156275132431345,9.5998733628225,0.10009084557036647,0.7799314511583291,0.17344666124710523,1.0624448197755907,10.914614239291177,0.06899801018746565,0.0687249305260611,0.015858161105610072,0.75
64.31749418000072,4.15950295856885,9.625881666896408,0.0968347841251401,0.7802491222172314,0.1746612660789188,1.0927367236164969,10.90097318083643,0.0658373912941319,0.06549710438855616,0.011333600297718155,0.75
64.33596350100015,4.162630967576735,9.652073954315533,0.09384027023654849,0.7857686225737743,0.16846772362272383,1.0242323719685935,10.887394058930868,0.06281643687795493,0.062369095380670814,0.02251042103201435,0.75
64.35845336400052,4.16563009848454,9.67862384823111,0.08997392723414685,0.7964968174673223,0.1622440849532809,0.9576044500608617,10.873834301458109,0.05993400884614382,0.05936996447286624,0.028903291533273357,0.75
64.43600760000118,4.168452085650885,9.705652445727598,0.08465961499034917,0.8108579248946214,0.15942315349918362,0.9228400303211537,10.860291635253267,0.05728945113730598,0.05654797730652117,0.008905711909208393,0.75
64.46090080000067,4.171196034480149,9.733386306734571,0.08231846487791653,0.832015830209231,0.15892136909104299,0.7872043677687988,10.846587635378045,0.05475905575421733,0.053804028477257404,0.018181163848260212,0.75
64.57888724500117,4.176597619118982,9.790977918387183,0.0816363406965959,0.8741261086756039,0.18611071315598535,0.6494530772886286,10.81857597434625,0.05006234266656301,0.04840244383842407,0.017812276012269437,0.75
64.65555814000072,4.1793367045146335,9.820622081049962,0.08217256186953514,0.889324879883339,0.21728382185204054,0.6622245452983812,10.804287833799492,0.04782527756848919,0.045663358442772584,0.00936380506812121,0.75
64.65794897400156,4.182060694084263,9.850555871353471,0.08171968708888931,0.8980137091052994,0.267526151351633,0.6568460387778327,10.789962719042025,0.0458599666849358,0.0429393688731432,0.01736471511524083,0.75
64.70059097600097,4.1846760734616115,9.880631975395387,0.07846138132046374,0.9022831212574833,0.32652643669307124,0.7002589786409434,10.775746614283415,0.044129939601832306,0.04032398949579452,0.02271792225382178,0.75
64.76726294700165,4.18718120243916,9.910711479510319,0.07515386932647189,0.9023851234479529,0.3812075224000263,0.7293561366820225,10.761696651605737,0.042938857199410735,0.03781886051824568,0.008075294630782534,0.75
64.78383923900037,4.189522145835365,9.940774423645463,0.0702283018861404,0.9018883240543515,0.4113313725185145,0.74580165622863,10.747870891152786,0.04226517611544995,0.035477917122040736,0.01549147059090296,0.75
64.83415969100133,4.191647502403684,9.97074338592786,0.06376069704953943,0.8990688684718875,0.5076000213120629,0.7547059194659722,10.734347180964553,0.042240705460964506,0.03335256055372238,0.0208947233093371,0.75
64.87735193000117,4.191647502403684,9.97074338592786,0.06376069704953943,0.8990688684718875,0.5358225532743708,0.735898118483346,10.734347180964553,0.042240705460964506,0.03335256055372238,0.009012114937018771,0.75
64.92472544700104,4.193608538703875,10.000403822810993,0.05883108900573999,0.8898131064939985,0.5745108681113167,0.7072083538647449,10.721160412961998,0.04327020979531123,0.03139152425353142,0.01704035827746827,0.75
64.98452865900072,4.1954100014741185,10.029544919869327,0.05404388310732481,0.8742329117500318,0.6303181366705883,0.6786873077940899,10.708384920157686,0.04474046185614164,0.029590061483287577,0.008490539573010294,0.75
64.99805698900127,4.1954100014741185,10.029544919869327,0.05404388310732481,0.8742329117500318,0.5933968568817387,0.6993672346000589,10.708384920157686,0.04474046185614164,0.029590061483287577,0.008490539573010294,0.75
65.02912643000127,4.197020299176242,10.058144682060892,0.048308931063723255,0.8579928657469276,0.6484335975069329,0.6281098441318399,10.696055411509423,0.04811920095239485,0.027979763781163847,0.01697112399362971,0.75
65.10557968900139,4.19864027391722,10.086298639578272,0.04859924222931578,0.8446187255214105,0.6991810343349139,0.605202245332824,10.683946978338357,0.051585316801844076,0.028679162157809763,0.008972333861525102,0.75
65.11001580700031,4.2004925732014105,10.114029404644375,0.05556897852572934,0.8319229519830887,0.7625037741275813,0.6296045963894961,10.671841869156424,0.057451404202223125,0.044927262728661134,0.017571557083392177,0.7566372975210779
65.14827023400176,4.202598908353738,10.14144688676099,0.06319005456982667,0.8225244634984253,0.8309026614806346,0.6319476699487552,10.659675938754184,0.06305318363196995,0.06282494638671796,0.025737056360220407,0.7566372975210779
65.1677911880015,4.202598908353738,10.14144688676099,0.06319005456982667,0.8225244634984253,0.8309026614806346,0.6319476699487552,10.659675938754184,0.06305318363196995,0.06282494638671796,0.025737056360220407,0.7566372975210779
65.21474809300162,4.205216600980649,10.168706549280163,0.07853077880733902,0.8177898755752,0.8976446998117193,0.6244940958222748,10.64715016843388,0.06681609135318704,0.06978346272181479,0.014961264702435697,0.7648529270389178
65.27547064300052,4.208711819469414,10.195830264365437,0.10485655466294522,0.8137114525582015,1.0091894546061124,0.6297377566728688,10.633913822998046,0.0697024766479404,0.06628824423304991,0.029151915877598595,0.7648529270389178
65.32450642500044,4.213165970995666,10.222889472014494,0.13362454578756783,0.8117762294717017,1.0493370888523355,0.6256773746940756,10.619862200767678,0.07167929651361186,0.06183409270679796,0.02574146453633471,0.7762087348130012
65.34322623300068,4.218503633044515,10.249955344260394,0.16012986146544378,0.811976167377045,1.0883773507566585,0.6147639728870887,10.605037213576553,0.07315444834413566,0.056496430657949404,0.036614562404862654,0.7762087348130012
65.37274602100115,4.22468427268274,10.276914403359791,0.18541918914676628,0.8087717729819075,1.1016019281814362,0.5839086510553059,10.589515767656112,0.07489562756492325,0.05031579101972383,0.04538472224299826,0.7905694150420949
65.45900400000028,4.22468427268274,10.276914403359791,0.18541918914676628,0.8087717729819075,1.1033600718435195,0.5500170784640304,10.589515767656112,0.07489562756492325,0.05031579101972383,0.0,0.7905694150420949
65.46148242900017,4.231754571749201,10.303709281994678,0.2121089719938286,0.8038463590465916,1.0941293944705368,0.5156764288869218,10.57327248527182,0.07617811576282173,0.04324549195326277,0.01431084509351936,0.8
65.48019467200174,4.231754571749201,10.303709281994678,0.2121089719938286,0.8038463590465916,1.0416507517882276,0.42630492685966753,10.57327248527182,0.07617811576282173,0.04324549195326277,0.01431084509351936,0.8
65.54301266100083,4.23978685188372,10.330292945353923,0.24096840403554556,0.7975099007773775,1.040016804364923,0.47220930761946533,10.556253814878342,0.07911700712499144,0.03560876196174539,0.010997470064004892,0.8
65.57495631600068,4.2488548711817,10.356693553265039,0.2720405789393985,0.7920182373334586,1.0349552674273383,0.465106193082711,10.538377650435953,0.08104255826186485,0.04089806056891368,0.021085150587386955,0.8
65.59865636400173,4.259061556310789,10.382966003251243,0.3062005538726773,0.7881734995861269,1.0331186053194081,0.43199571653859015,10.519525235744542,0.08573173569316338,0.052258271844327416,0.03038288824472119,0.7826237921249265
65.65506510600062,4.259061556310789,10.382966003251243,0.3062005538726773,0.7881734995861269,1.0223561652391604,0.4429664893666754,10.519525235744542,0.08573173569316338,0.052258271844327416,0.0,0.7826237921249265
65.69323621600051,4.283943778416245,10.43515105081387,0.3962317265772302,0.782090553793507,1.0657617029343696,0.3474842795768399,10.477885166656666,0.09402853078750362,0.07156428487064556,0.02557482289217608,0.8062257748298549
65.72442795700044,4.283943778416245,10.43515105081387,0.3962317265772302,0.782090553793507,1.0490782910307703,0.28113694632105213,10.477885166656666,0.09402853078750362,0.07156428487064556,0.02557482289217608,0.8062257748298549
65.7790610610009,4.298735334791318,10.46115756691147,0.4437466912521803,0.7801954829280164,1.030527990707086,0.2541545483202261,10.454949224664551,0.0985667273262304,0.07949445894117971,0.016152598545961492,0.8321658488546619
65.78987998700177,4.315183843367152,10.486980338835771,0.4934552572750179,0.7746831577290019,0.9909688996362117,0.1951156054176812,10.430557908907005,0.10171399473342475,0.0861230641235091,0.031279573673659467,0.7905694150420949
65.87433577200136,4.333282635078461,10.512300579197486,0.5429637513392529,0.7596072108514416,0.9615325798476685,0.13699670435412314,10.404823651570776,0.1049556335848378,0.09122939943420105,0.016541333610211983,0.8200609733428363
65.9115057120016,4.352821095362713,10.537170711574172,0.5861538085275657,0.7461039713005749,0.8788603466548955,0.029336557026740318,10.377921233921128,0.10689111934233786,0.09499946092582492,0.03211916106210689,0.7810249675906654
65.9943791020014,4.373595344773155,10.56170038745799,0.6232274823132595,0.7358902765145201,0.8516476610820505,-0.016108414071811183,10.35000056354266,0.10865198214769607,0.09765494845139572,0.016793350320226066,0.8139410298049854
66.10294842400072,4.418340140625554,10.60983841884552,0.6855828353770503,0.7183850157660707,0.9797659297619313,-0.006620045887166193,10.291538538779765,0.1105926660059396,0.10005432830845122,0.031174679586532184,0.8139410298049854
66.10481051400166,4.418340140625554,10.60983841884552,0.6855828353770503,0.7183850157660707,1.0128227803865804,-0.018633507606295063,10.291538538779765,0.1105926660059396,0.10005432830845122,0.031174679586532184,0.8139410298049854
66.21520858400072,4.466863639423152,10.656826671281825,0.741826408845104,0.6997262417336897,1.142737458003643,-0.05416627711648592,10.229993094477825,0.11141691698624887,0.0989687451955885,0.03196277981740444,0.8200609733428363
66.22716514400054,4.466863639423152,10.656826671281825,0.741826408845104,0.6997262417336897,1.1077145854853634,-0.08763396994796313,10.229993094477825,0.11141691698624887,0.0989687451955885,0.03196277981740444,0.8200609733428363
66.26596988100027,4.492411828236803,10.679875500437744,0.7664456644095542,0.691464874677547,1.0413725005551489,-0.10473317950384592,10.198186214749663,0.1116532128243855,0.09720143103298191,0.047061199894357045,0.8200609733428363
66.33403757100132,4.518657284600988,10.702751318836542,0.7873636909255435,0.6862745519639765,1.0101101205407979,-0.11981285202293346,10.165796910798313,0.11225783057151952,0.09481873717751224,0.020757058658084672,0.8321658488546619
66.33590803700099,4.518657284600988,10.702751318836542,0.7873636909255435,0.6862745519639765,0.9836689397908267,-0.10009226687486567,10.165796910798313,0.11225783057151952,0.09481873717751224,0.020757058658084672,0.8321658488546619
66.40284006100046,4.572815184033791,10.747741851457514,0.8199446731073481,0.6661931523138728,1.1248867549925556,-0.22096467116963692,10.099746789501536,0.11545280043576318,0.08833642993924247,0.059806859188317726,0.8062257748298549
66.44399058400086,4.60050992380611,10.769148788444511,0.8308421931695521,0.642208109609915,1.1569260421379617,-0.2349112208479745,10.06652281084322,0.11839353260718002,0.08389028195097878,0.053476193313883466,0.8
66.4649999430003,4.60050992380611,10.769148788444511,0.8308421931695521,0.642208109609915,1.2076519456073915,-0.27805384723281357,10.06652281084322,0.11839353260718002,0.08389028195097878,0.053476193313883466,0.8
66.49574381400089,4.628662060812912,10.789700142746385,0.8445641102040741,0.6165406290562516,1.2175156558350113,-0.2831176924825475,10.033161391267361,0.12224597842433106,0.07958202595757224,0.07099680047948613,0.8
66.55308121500093,4.628662060812912,10.789700142746385,0.8445641102040741,0.6165406290562516,1.2101721826270617,-0.31302282408101434,10.033161391267361,0.12224597842433106,0.07958202595757224,0.0,0.8
66.55661848400086,4.657330598128369,10.809155285266858,0.8600561194636982,0.5836542756141524,1.2118121506247201,-0.3066126409629757,9.999683213458804,0.129019265199421,0.08599008875525309,0.022578962981144843,0.75
66.59766749600021,4.686619806989234,10.827293438865295,0.8786762658259505,0.5441446079531078,1.2043805037567699,-0.33461560359700687,9.966059145593185,0.1350989169720533,0.10229327905034147,0.04368785926053887,0.75
66.66583407200051,4.716538228944902,10.844154143629282,0.897552658670036,0.5058211429195871,1.1976808624421078,-0.3578554900234574,9.932264950619212,0.14275362719477222,0.11915398381432851,0.017425031219114758,0.75
66.68202837300123,4.746997226488914,10.859786503708182,0.913769926320354,0.46897080236701794,1.2160893807659028,-0.285280186822881,9.898365743033429,0.1496417501608993,0.13478634389322863,0.03352433300123067,0.7000000000000001
66.69184201700045,4.746997226488914,10.859786503708182,0.913769926320354,0.46897080236701794,1.2145691616308143,-0.29550254079351057,9.898365743033429,0.1496417501608993,0.13478634389322863,0.03352433300123067,0.7000000000000001
66.74385951900149,4.777883376037589,10.874027632307039,0.9265844864602406,0.4272338579657044,1.2168020089702043,-0.2861693047237503,9.864520062723523,0.1562900795975819,0.1490274724920848,0.0481165512625694,0.7000000000000001
66.7909723190005,4.8091504433837535,10.886968760592664,0.9380120203849529,0.3882338485687389,1.1526676705868948,-0.3100892571817312,9.83074031948173,0.16162319792748234,0.16109181533716194,0.043320718547469585,0.7000000000000001
66.79827947500053,4.8091504433837535,10.886968760592664,0.9380120203849529,0.3882338485687389,1.1220890408702586,-0.3240532145498812,9.83074031948173,0.16162319792748234,0.16109181533716194,0.043320718547469585,0.7000000000000001
66.83796487400105,4.840958131195022,10.898710150770167,0.9542306343380499,0.3522417053250902,1.0914342186898869,-0.3380513234649253,9.796841992553802,0.16527361001348043,0.1495567107334254,0.060576129641172295,0.7000000000000001
66.89052189000176,4.873422151965266,10.908914202954188,0.9739206231073305,0.30612156552063596,1.0708172747281275,-0.3165880617859939,9.762825787135236,0.16601426565850372,0.14350349378555735,0.02597459567496378,0.65
66.9195590240015,4.906624354143408,10.917726414251744,0.9960660653442588,0.26436633892669226,0.9308658013148294,-0.38812001636967247,9.728567260413023,0.16730398061576424,0.1439043103963214,0.05116731180254392,0.65
66.92611530800059,4.906624354143408,10.917726414251744,0.9960660653442588,0.26436633892669226,0.9308658013148294,-0.38812001636967247,9.728567260413023,0.16730398061576424,0.1439043103963214,0.05116731180254392,0.65
66.96147682000083,4.940509651843981,10.925098481695859,1.016558931017195,0.22116202332345863,0.8641072793128933,-0.40041673000559064,9.69413549982118,0.16852786782265902,0.15009832113584665,0.07024247845954207,0.65
67.01331920700068,4.9750185648841825,10.931111962992457,1.035267391206053,0.18040443889793167,0.8641072793128933,-0.40041673000559064,9.65956197673051,0.16995731388621735,0.15611180243244505,0.06343055325315307,0.65
67.02543376600079,5.010112124675974,10.935995531716005,1.0528067937537446,0.1465070617064288,0.7638962550022261,-0.4217672517738565,9.624810951976347,0.1709358925511657,0.16099537115599283,0.08088255356948706,0.65
67.11681007200059,5.045656828978436,10.939794986083209,1.0663411290738611,0.11398363101610579,0.6291048339345827,-0.4414315195758818,9.589996141219748,0.1722144292691774,0.16479482552319702,0.022060033902155475,0.65
67.12487143600083,5.045656828978436,10.939794986083209,1.0663411290738611,0.11398363101610579,0.6101697682891719,-0.4241171292437722,9.589996141219748,0.1722144292691774,0.16479482552319702,0.022060033902155475,0.65
67.17706186200121,5.117339460157351,10.944141162914386,1.0760867314732305,0.04869351551902085,0.527068366905255,-0.4457338718430457,9.520905176171937,0.17291294475310456,0.16914100235437424,0.06222867240515957,0.65
67.22832536600072,5.117339460157351,10.944141162914386,1.0760867314732305,0.04869351551902085,0.5226678847411267,-0.4124045341994342,9.520905176171937,0.17291294475310456,0.16914100235437424,0.049961070687238054,0.65
67.24471749000077,5.152837414612305,10.944820405346995,1.0649386336486277,0.020377272978292678,0.3920025300747206,-0.4372012893122684,9.487195402429323,0.17260187756243509,0.1698202447869832,0.07012175758476764,0.65
67.28195366600085,5.18772069014051,10.944629699068653,1.046498265846141,-0.00572118835029228,0.32532376243893246,-0.42246170196463106,9.454368526398213,0.17163259458343902,0.16962953850864082,0.08579741458859791,0.65
67.29430939200029,5.18772069014051,10.944629699068653,1.046498265846141,-0.00572118835029228,0.32532376243893246,-0.42246170196463106,9.454368526398213,0.17163259458343902,0.16962953850864082,0.08579741458859791,0.65
67.33304192000105,5.2217317905397636,10.9434840427665,1.0203330119776024,-0.03436968906459098,0.3051793020787589,-0.39485439686188617,9.422698094886728,0.16991157754728814,0.16848388220648758,0.036534125802245944,0.65
67.37192361900088,5.254851299503669,10.941440394565188,0.993585268917179,-0.06130944603933962,0.2916422477622939,-0.30762767447962636,9.392185811352778,0.16751301464964657,0.16644023400517582,0.051588569339512676,0.65
67.40254668400121,5.287133228866292,10.938578416079112,0.9684578808786917,-0.08585935458225782,0.3521800585707154,-0.2760273542266655,9.362756386718257,0.16436481749162724,0.16357825551910032,0.06483172845349519,0.65
67.44131142300103,5.318471308582647,10.935001506302498,0.9401423914906462,-0.10730729329839246,0.3254840538913508,-0.25497805276275193,9.33447704069669,0.1605823312813041,0.16000134574248648,0.04838854482865059,0.65
67.48579311900176,5.348646747297692,10.930747247788405,0.9052631614513345,-0.12762775542279103,0.36642109537847656,-0.20260943623873845,9.30754246624661,0.1561907420797836,0.15574708722839326,0.06029036814126807,0.65
67.511954607,5.377517533261431,10.925820980070855,0.8661235789121714,-0.1477880315264975,0.400329908479644,-0.19316279162180638,9.282085586392753,0.1511511866604244,0.1508208195108427,0.06615974653318112,0.65
67.56507983800111,5.377517533261431,10.925820980070855,0.8661235789121714,-0.1477880315264975,0.43241931977538794,-0.18618570076997853,9.282085586392753,0.1511511866604244,0.1508208195108427,0.02468814669262607,0.65
67.58247894600026,5.40488405245588,10.920342354309417,0.8209955758334596,-0.16435877284311706,0.5302666514303999,-0.1599080856462701,9.25825383563416,0.14560293998998566,0.14534219374940527,0.03369975253283019,0.65
67.61312404199998,5.430749717076149,10.914441650158908,0.775969938608091,-0.17702112451529747,0.5633425888932387,-0.15145510028473058,9.235999267443539,0.13964223227500505,0.13944148959889624,0.041064774595153244,0.65
67.62107244400067,5.430749717076149,10.914441650158908,0.775969938608091,-0.17702112451529747,0.596142266744609,-0.14200565580096813,9.235999267443539,0.13964223227500505,0.13944148959889624,0.041064774595153244,0.65
67.70074795600158,5.478481270582166,10.902094429544487,0.6958689552029046,-0.18672338244039963,0.667254762000923,-0.11839728582620432,9.195498096310654,0.12722157757209845,0.12709426898447518,0.030791143513599094,0.65
67.77361813600146,5.500508230644066,10.895855732309164,0.660808801856992,-0.18716091705968754,0.7321156501633415,-0.09670170968562236,9.177025617235495,0.12096115525285901,0.12085557174915174,0.01683209075263351,0.7000000000000001
67.80999045900171,5.521677714421841,10.88967130553126,0.6350845133332551,-0.18553280333707678,0.8280340836124646,-0.06243203765212707,9.15935715876263,0.11475584920749826,0.11467114497124875,0.020543016371787192,0.7000000000000001
67.87987040500047,5.562523101929814,10.877838498784651,0.607782213392096,-0.17445430451018626,0.9263554031646768,-0.03933666412379011,9.125285558545357,0.10289676698347584,0.10283833822463961,0.009084879084485001,0.7000000000000001
67.91310940300173,5.582701532114478,10.872282988079343,0.6053529055399274,-0.16666532115926136,0.9938000510473617,-0.031182386541788842,9.108376930062077,0.09733067006720984,0.09728282751933115,0.00959415180639605,0.7000000000000001
67.92566007599999,5.582701532114478,10.872282988079343,0.6053529055399274,-0.16666532115926136,1.027618845431336,-0.02457203969770516,9.108376930062077,0.09733067006720984,0.09728282751933115,0.00959415180639605,0.7000000000000001
67.99116004400094,5.602964024463683,10.867076453101838,0.6078747704761346,-0.156196049325164,1.0607658949681167,-0.01846073168633866,9.09128236442181,0.09211640260882392,0.09207629254182592,0.0037340251950000523,0.7000000000000001
67.99307595500068,5.623411363594689,10.862304510125462,0.6134201739302014,-0.1431582892912761,1.0936194185066344,0.023416886430801365,9.073876073431329,0.08733665657606514,0.08730434956544997,0.005695838395461099,0.7000000000000001
68.02624442200067,5.644124469300917,10.857948601441725,0.6213931711868274,-0.13067726051210585,1.1954726568664693,0.009476228486638982,9.056087911541558,0.08297562040474457,0.08294844088171338,0.006184496205324837,0.7000000000000001
68.0609992990012,5.665104329287419,10.854062214614117,0.6293957995950572,-0.11659160482822171,1.2292031812472934,0.01581344761337944,9.037896717843243,0.07908426944980657,0.0790620540541056,0.007191181443130139,0.7000000000000001
68.10000110100009,5.686479626192913,10.850751410253697,0.641258907164827,-0.09932413081263837,1.2498817258622175,0.01719509685011411,9.019143056767383,0.07576945261006837,0.07575124969368474,0.004621183773698896,0.7000000000000001
68.1468564450006,5.7083791673391735,10.848075720703132,0.656986234387808,-0.08027068651691255,1.2179250789184048,0.006849881632357668,8.999683978753234,0.07309057273023051,0.07307556014312055,0.005739026393279838,0.75
68.21092725700146,5.73106716310722,10.846106765945644,0.6806398730413719,-0.05906864272464134,1.2149641738885701,-0.005606842944720025,8.979245959825745,0.07111866301127105,0.07110660538563174,0.004734974662497826,0.75
68.22841262100155,5.754755727421955,10.84471793955885,0.7106569294420719,-0.04166479160384814,1.2170382496025778,-0.024952323388087838,8.957676219981755,0.06972775127204041,0.06971777899883769,0.006520672672823997,0.75
68.26541484800146,5.779693399933088,10.843850913406614,0.7481301753339965,-0.026010784567058937,1.2387288692893152,-0.040516427023655543,8.934764059181413,0.06885870617325514,0.06885075284660225,0.008824582628656185,0.75
68.32102264600144,5.805992245586021,10.843451080515324,0.788965369587965,-0.011994986738678505,1.2488467109231547,-0.05368326197632278,8.91042510182741,0.06845754542129777,0.06845091995531227,0.005302814566748709,0.75
68.34665933900033,5.833644753514676,10.843473018195365,0.82957523785967,0.0006581304011904973,1.2488518905714472,-0.05356263078044732,8.884683283286863,0.06847831186513642,0.06847285763535282,0.00796488563200314,0.75
68.36481755300156,5.833644753514676,10.843473018195365,0.82957523785967,0.0006581304011904973,1.2482764193375506,-0.06561997352806348,8.884683283286863,0.06847831186513642,0.06847285763535282,0.00796488563200314,0.75
68.48580819900053,5.862540774725899,10.843851787827454,0.8668806363366789,0.011363088962666884,1.2489279183958748,-0.051759585115677686,8.85766536214187,0.068856374283899,0.06885162726744198,0.004637172904288043,0.75
68.5085370400011,5.862540774725899,10.843851787827454,0.8668806363366789,0.011363088962666884,1.2486727198918244,-0.057588528353778035,8.85766536214187,0.068856374283899,0.06885162726744198,0.004637172904288043,0.75
68.6618323670009,5.923662878304265,10.845489730480704,0.932236640238031,0.028921050164724425,1.248600566148094,-0.059132277265973476,8.800245781910085,0.07049381581273477,0.07048956992069222,0.009257872086841125,0.75
68.68525032800062,5.923662878304265,10.845489730480704,0.932236640238031,0.028921050164724425,1.2473845486348063,-0.08081947678091195,8.800245781910085,0.07049381581273477,0.07048956992069222,0.009257872086841125,0.75
68.6979367640015,5.95566612982053,10.846626458158937,0.9600975454879528,0.034101830346974914,1.2473845486348063,-0.08081947678091195,8.77009769567614,0.0716310137616817,0.07162629759892525,0.013061100512267231,0.75
68.72750979800003,5.95566612982053,10.846626458158937,0.9600975454879528,0.034101830346974914,1.238149245562421,-0.08925247980985251,8.77009769567614,0.0716310137616817,0.07162629759892525,0.013061100512267231,0.75
68.77576796500034,5.988512721220813,10.847800072511292,0.9853977420084775,0.035208430570668005,1.2382984914188437,-0.09084996256582356,8.739166450077155,0.07280544989141628,0.07279991195128055,0.005796137221629145,0.75
68.81559307000134,6.022122108923661,10.849119559267631,1.008281631085445,0.03958460269014413,1.1920875561832354,-0.1007866744764111,8.707487287563284,0.07412623481531906,0.07411939870761941,0.01146325750574334,0.75
68.88054852700043,6.056440474869906,10.850587467413593,1.02955097838736,0.04403724437885054,1.1144614975216525,-0.10670012464324946,8.675109892170855,0.07559647352048643,0.07558730685358128,0.007469674693503512,0.7000000000000001
68.89140011600102,6.056440474869906,10.850587467413593,1.02955097838736,0.04403724437885054,1.0839934539914793,-0.0717445673591221,8.675109892170855,0.07559647352048643,0.07558730685358128,0.007469674693503512,0.7000000000000001
68.98876515800112,6.126997905947237,10.854304153846616,1.0676394012233166,0.05974630487270029,0.9868165002783393,-0.1074948653663777,8.608327591205336,0.0793207929685282,0.07930399328660442,0.015667339953597557,0.7000000000000001
69.00034895400131,6.163154682720853,10.856649192245778,1.0847033032084965,0.07035115197483613,1.028735130910185,-0.1618755191519251,8.57396279748028,0.0816728468706533,0.08164903168576565,0.022533465596058285,0.7000000000000001
69.04648136600008,6.199829086413996,10.859410205724886,1.1002321107942956,0.08283040437326954,1.0615489557105453,-0.22090612471197538,8.538976676313757,0.08444394531555376,0.0844100451648746,0.028954409230673956,0.7000000000000001
69.10249276000104,6.236958265445513,10.862635639508271,1.1138753709454943,0.09676301350154642,1.0733949042656212,-0.25328288367884844,8.503408335598593,0.08768330903234316,0.0876354789482594,0.014917863220842806,0.7000000000000001
69.12436985500062,6.2745666789314996,10.865988669431337,1.1282524045795987,0.10059089769194211,0.9772057110475884,-0.28651902039726823,8.467362986711723,0.09105533569728988,0.09098850887132492,0.026655648046384213,0.7000000000000001
69.17370125600064,6.312540127752483,10.869386156519102,1.1392034646295033,0.10192461263297337,0.9161452283831374,-0.31706174516337776,8.430978416978407,0.0944835061339189,0.09438599595909025,0.036089377645673174,0.7000000000000001
69.25684127200111,6.350698964541006,10.872750641897257,1.1447651036556823,0.10093456134467033,0.7899264848129387,-0.364913077231532,8.394450843118948,0.09789158372157196,0.09775048133724518,0.0278357377109859,0.7000000000000001
69.32937943400066,6.388689498112594,10.876064329549736,1.1397160071476422,0.09941062957437405,0.7243378527745701,-0.3854777071384359,8.35811407338525,0.10126551968009563,0.10106416898972448,0.014700392625553057,0.7000000000000001
69.34422885800086,6.426370675230749,10.879406140560471,1.1304353135446428,0.10025433032202821,0.7065764195605723,-0.37381775540509693,8.32206776116478,0.10468765711857805,0.10440598000045931,0.02847796695568895,0.7000000000000001
69.35551584600034,6.426370675230749,10.879406140560471,1.1304353135446428,0.10025433032202821,0.6465329148843906,-0.4460183228401254,8.32206776116478,0.10468765711857805,0.10440598000045931,0.02847796695568895,0.7000000000000001
69.44029416200101,6.463712047327907,10.882856977009533,1.1202411629147428,0.1035250934718672,0.6380076593962275,-0.48798192115456723,8.286308160242484,0.10826412948105624,0.10785681644952128,0.018037087022265672,0.7000000000000001
69.44230135600083,6.500743662776891,10.886275409220215,1.110948463469514,0.10255296632045048,0.6036498261831009,-0.482199722674663,8.250861932198857,0.11185864974573469,0.11127524866020266,0.0340298742365039,0.7000000000000001
69.48674416200083,6.537512757949647,10.889693504147356,1.1030728551826525,0.10254284781425957,0.5127678093155068,-0.5121633997926035,8.215672892921678,0.11551371125869037,0.11469334358734429,0.047173782884543415,0.7000000000000001
69.50227550400086,6.537512757949647,10.889693504147356,1.1030728551826525,0.10254284781425957,0.5127678093155068,-0.5121633997926035,8.215672892921678,0.11551371125869037,0.11469334358734429,0.047173782884543415,0.7000000000000001
69.55113289900146,6.5738997418746274,10.892669067456742,1.0916095177494292,0.08926689928158588,0.5108797363570363,-0.5457098289105329,8.18102419054018,0.1188049273559552,0.11766890689673026,0.022334818298491634,0.7000000000000001
69.56430300700049,6.609855028884738,10.895210214120615,1.0786586103033171,0.07623439991619216,0.5093208380411449,-0.6468385648350857,8.14695951014856,0.12183405298717113,0.12021005356060321,0.043033602825152915,0.7000000000000001
69.66824597400046,6.645316384405418,10.897095932008822,1.063840665620393,0.05657153664619369,0.5060094985678959,-0.7480594401636734,8.113624484616523,0.12436630721567345,0.12209577144881045,0.019389794059627003,0.7000000000000001
69.68397601500146,6.680223511283302,10.898344878736106,1.0472138063365044,0.037468401818497477,0.5602536526452746,-0.8302709811852987,8.081069153152225,0.1264170741554196,0.12334471817609405,0.03795087273518171,0.7000000000000001
69.70992253000077,6.714603639765547,10.89905347021786,1.0314038544673518,0.021257744452635237,0.5791150211365451,-0.8588004326478622,8.049232142526927,0.12836013474329996,0.12405330965784778,0.05275752675666947,0.7000000000000001
69.776133708001,6.748229198802551,10.899130593372305,1.0087667711101176,0.0023136946333653305,0.6049823266846519,-0.921486574912596,8.018360111121508,0.13001884802074468,0.12413043281229363,0.018545157453907758,0.7000000000000001
69.78552355000102,6.780980756465244,10.898420205845287,0.9825467298807851,-0.021311625810557334,0.5988926737041957,-0.988995209204427,7.988626657040108,0.13119710444284863,0.12342004528527539,0.03595205406211562,0.7000000000000001
69.88897844800158,6.812877277930468,10.896925774852168,0.9568956439567392,-0.044832929793575685,0.630245306555074,-1.078172673351769,7.960015204653094,0.13252072754308436,0.12192561429215587,0.019278321293303285,0.7000000000000001
69.9968344810004,6.8437014463649275,10.894513267200276,0.9247250530337738,-0.07237522955675044,0.6097604465407623,-1.0911884336971367,7.932780968465062,0.13312396139797228,0.11951310664026416,0.018176442711966678,0.7000000000000001
70.04290871600097,6.873573673162631,10.891091059554059,0.8961668039311149,-0.10266622938648942,0.5905142814172019,-1.1017226889931628,7.906853612233005,0.13413677504606783,0.11609089899404701,0.034966888111140515,0.7000000000000001
70.1158242800011,6.902599884686564,10.886541818108583,0.870786345717998,-0.1364772433642892,0.5449670612778823,-1.1249492886891161,7.882187634577011,0.13415572127534225,0.11154165754857104,0.018538559556970306,0.7000000000000001
70.14153115600129,6.902599884686564,10.886541818108583,0.870786345717998,-0.1364772433642892,0.5188921205814557,-1.137211927126373,7.882187634577011,0.13415572127534225,0.11154165754857104,0.018538559556970306,0.7000000000000001
70.17384656000104,6.9308945764261995,10.880885434233837,0.8488407521890452,-0.1696915162423878,0.5226430504884679,-1.1354929510023868,7.858674898597291,0.135190728350379,0.10588527367382561,0.035792845480389225,0.7000000000000001
70.28225225700044,6.95855724903468,10.874246189112904,0.8298801782544053,-0.19917735362799485,0.6031191299018779,-1.094873195921063,7.836178418959572,0.13519130430080367,0.09924602855289244,0.029172885585293594,0.7000000000000001
70.33240362500146,6.985669784888333,10.866193864811926,0.8133760756095741,-0.24156972902932328,0.5820630888279497,-1.1062109024160207,7.814806237497565,0.13651425575239587,0.09181576001329354,0.030580753432201072,0.7000000000000001
70.36897681900155,7.012424268459066,10.856662015936621,0.802634507121988,-0.28595546625918006,0.5681938654537712,-1.1133982806079332,7.794419223341551,0.13722029025616453,0.08982887461072697,0.043889156553852504,0.7000000000000001
70.43762996000078,7.012424268459066,10.856662015936621,0.802634507121988,-0.28595546625918006,0.5427618226842924,-1.1260149216757407,7.794419223341551,0.13722029025616453,0.08982887461072697,0.0,0.7000000000000001
70.45758808400024,7.038832663576847,10.845330289199294,0.792251853533428,-0.3399518021197882,0.5726295243299281,-1.064383809923956,7.775150100118505,0.13709900069682185,0.09497853791658131,0.007534897165519685,0.75
70.50200139100161,7.064973079584157,10.832165146970976,0.7842124802193182,-0.3949542668495464,0.5899156367549765,-0.9658501638409156,7.756954840505831,0.13933886527673586,0.1040422507422561,0.013466905389727479,0.75
70.62488185300026,7.1164686113550255,10.800542745753718,0.7681102814388047,-0.5000660750473275,0.5084608120957539,-0.9296669705314223,7.72373800881335,0.1409963706741512,0.11809467612012067,0.033751243340404975,0.75
70.66195278800114,7.141770039955629,10.782272409956992,0.7590428580181144,-0.5481100739018153,0.5016590095405262,-0.8980662912579507,7.708714584065989,0.14186013516336307,0.12306640952089344,0.018783482053140645,0.8
70.69387269400067,7.166934907968922,10.76262954569932,0.7549460403987714,-0.5892859277301458,0.4787133921876452,-0.832711925997025,7.694506684614617,0.14179604870200258,0.1269710558222317,0.022746168207226337,0.8
70.78860537700166,7.192116225473333,10.741843164402717,0.7554395251323363,-0.6235914388981061,0.4164526470367022,-0.6799151891886396,7.680890285301408,0.14242732198468644,0.13007874501765357,0.0011207152516707734,0.8321658488546619
70.8387471090009,7.21731921515106,10.720022002553467,0.756089690331819,-0.6546348554775101,0.37792066539393826,-0.5854708157323608,7.667825379424826,0.14229115030735023,0.13247005840797627,0.0014808538316515734,0.8500000000000001
70.9025976640005,7.242650739112699,10.697343473477774,0.7599457188491633,-0.6803558722707919,0.27638092584174967,-0.5832629955443097,7.65514926851697,0.142698191761492,0.13434600908228217,0.014131113219144545,0.8200609733428363
70.9929119490007,7.268062337423817,10.673934578448959,0.7623479493335497,-0.7022668508644615,0.20889208040109677,-0.5733773278599988,7.642859183451873,0.14267463419080337,0.1357621341539036,0.007576430306895592,0.8514693182963202
71.02171402000022,7.293527203888637,10.650008824949182,0.7639459939445924,-0.7177726049933173,0.09601726138179861,-0.597769777227658,7.6308918896897335,0.14302147329316908,0.13685045136849688,0.014902561479661184,0.8514693182963202
71.12186170600035,7.319021383861188,10.625687366388197,0.7648253991765491,-0.7296437568295431,0.02669799860177685,-0.5577668813681106,7.619220384567335,0.14319556831718144,0.1376796906310588,0.00182454041444634,0.848528137423857
71.22985100800179,7.344475246082745,10.601045083152467,0.7636158666467188,-0.73926849707189,0.003458392470830074,-0.48110339711212324,7.607877510246882,0.14367283494294972,0.13825356363540428,0.006418605992004835,0.848528137423857
71.3164400250007,7.3699092930163195,10.576269939450235,0.7630214080072122,-0.7432543110669912,-0.027665604120007736,-0.5779939998060183,7.596762103939423,0.1441273926057765,0.1387194785784324,0.008056844431943598,0.8514693182963202
71.35204745900046,7.395168389857514,10.551530883918915,0.7577729052358319,-0.7421716659396282,-0.09551356327197591,-0.6540394914895098,7.585934351689787,0.1450441871491169,0.1390872033151418,0.017028505327092873,0.8514693182963202
71.37672938500145,7.395168389857514,10.551530883918915,0.7577729052358319,-0.7421716659396282,-0.12437549030312875,-0.6724446592132749,7.585934351689787,0.1450441871491169,0.1390872033151418,0.017028505327092873,0.8514693182963202
71.45762482800092,7.4444689470278815,10.503377832213951,0.7306426742003179,-0.7138911990152508,-0.20978805788106045,-0.772614467282229,7.565169172919147,0.1477432439341112,0.1398986122111771,0.02046779087283434,0.8500000000000001
71.5371449000013,7.49006211612419,10.457202181003865,0.6652404311242849,-0.6866457601574623,-0.28192589184589634,-0.8403296222860126,7.547268034115365,0.15072512146179104,0.13948673515860552,0.023680697052069287,0.8
71.55363219500032,7.49006211612419,10.457202181003865,0.6652404311242849,-0.6866457601574623,-0.3025183100724285,-0.8680959652893164,7.547268034115365,0.15072512146179104,0.13948673515860552,0.023680697052069287,0.8
71.55770476100042,7.51085429455618,10.434967799774755,0.6237653529596866,-0.6670314368733102,-0.322588875687141,-0.8957865782856693,7.539847621554207,0.15197053449615314,0.1384669437809155,0.03570149377725212,0.75
71.6459270030009,7.530211251181857,10.413380338490734,0.580708698770331,-0.6476238385206207,-0.3823346253078766,-0.9790305497657291,7.5334778643548255,0.15307968342625186,0.13688973881153327,0.017112167997917878,0.75
71.6738009540004,7.548098595396975,10.392456620937509,0.5366203264535369,-0.6277115265967537,-0.39496023561967153,-1.0805067946439046,7.528166438334717,0.15449925626008018,0.13474269863394256,0.03282808577867569,0.75
71.75610405800035,7.548098595396975,10.392456620937509,0.5366203264535369,-0.6277115265967537,-0.42360983503769745,-1.1758506417771193,7.528166438334717,0.15449925626008018,0.13474269863394256,0.0,0.75
71.77154323300056,7.5645029198988025,10.372029304945372,0.49212973505482466,-0.6128194797641168,-0.3906510662903414,-1.1869304054915961,7.523994124612098,0.15504605828904738,0.13189801407048904,0.01925927253384405,0.7000000000000001
71.81459609000012,7.579581828710769,10.351982985206854,0.45236726435897506,-0.601389592155499,-0.38040789402519015,-1.1907098026653342,7.520869941147614,0.15611878450004454,0.1283855241193839,0.03715121292643246,0.7000000000000001
71.87205562200143,7.579581828710769,10.351982985206854,0.45236726435897506,-0.601389592155499,-0.4133259727252217,-1.1615177274720054,7.520869941147614,0.15611878450004454,0.1283855241193839,0.02024077651590202,0.7000000000000001
71.9068436230009,7.593254091716109,10.331946733984362,0.4101678901602352,-0.6010875366747861,-0.45598650257649465,-1.1115361574182119,7.519040346380664,0.15709484560302997,0.12388550489564507,0.03913233960285428,0.7000000000000001
71.97644673500145,7.605565643934757,10.311583810646656,0.3693465665594497,-0.6108877001311409,-0.5003163890158269,-1.0211696384708582,7.518628520481316,0.15674386845454508,0.1181923257795095,0.019975704159520356,0.65
71.99887437300094,7.616668188332598,10.290747681585403,0.3330763319352199,-0.6250838718375961,-0.5163190605665108,-0.9548266839982797,7.5195740973492295,0.15628641574059324,0.112808571452388,0.03907098957507782,0.65
72.03024875100164,7.6263038379105215,10.2692198104132,0.2890694873377024,-0.6458361351660967,-0.5236503894359816,-0.9215858659629534,7.522208376532966,0.15705698360018272,0.11053426172331987,0.05714947707735123,0.65
72.08677496900054,7.6344914432246656,10.246851297167359,0.245628159424322,-0.6710553973752161,-0.527207165611278,-0.886554521072463,7.5265899200020145,0.15645150949303221,0.11165045505420754,0.019002723743561063,0.65
72.1207314610001,7.641305270413719,10.223606948691268,0.2044148156716008,-0.697330454282712,-0.532809305228802,-0.7518810315021204,7.532672878747637,0.154480852973139,0.116305158282481,0.03732548156832038,0.65
72.15993071400044,7.646749481804185,10.199315798958652,0.16332634171398594,-0.7287344919784573,-0.5277136676852211,-0.6830108787360176,7.540542386781479,0.15334258586311228,0.1217493696729468,0.05506441827096304,0.65
72.23047755400148,7.654013749039897,10.147273472712323,0.09226013939400148,-0.7986318498951901,-0.5050363401470085,-0.5841153443384485,7.561401043926343,0.14815269574902246,0.12901363690865875,0.0663818155043109,0.6000000000000001
72.25729985900034,7.655985196459725,10.119511048133115,0.059143422594850614,-0.8328727373762552,-0.489722807058373,-0.5549022749623216,7.574273502071373,0.14527794629995566,0.1309850843284872,0.08073730294096339,0.6000000000000001
72.3060112760013,7.6565529438039315,10.090919955227543,0.017032420326193502,-0.8577327871671254,-0.45151051218743127,-0.49874319150579643,7.588855827553617,0.1411045560120644,0.1315528316726935,0.06565443246355888,0.6000000000000001
72.33134564300053,7.65579056771574,10.06169964695977,-0.022871282645757142,-0.8766092480331812,-0.42499365104574965,-0.4355529904794947,7.604978957795101,0.13639993354448587,0.13079045558450186,0.07899338826580138,0.6000000000000001
72.41390523300106,7.653772952012071,10.032089975618186,-0.06052847111006168,-0.8882901402475323,-0.3624179719785607,-0.3557309700262324,7.622449417390529,0.130483454523122,0.128772839880833,0.011522951343721112,0.6000000000000001
72.4298690450014,7.653772952012071,10.032089975618186,-0.06052847111006168,-0.8882901402475323,-0.32928184635482954,-0.34941188340323825,7.622449417390529,0.130483454523122,0.128772839880833,0.011522951343721112,0.6000000000000001
72.47993586600023,7.65066702880811,10.002235880775542,-0.0931776961188227,-0.8956228452793197,-0.19403594162596968,-0.33584761986761485,7.641044859841237,0.12361607594218758,0.12566691667687202,0.02190989103842477,0.6000000000000001
72.52799208800025,7.646563655549172,9.972434155260133,-0.1231011977681486,-0.8940517654622422,-0.19403594162596968,-0.33584761986761485,7.6605248158688175,0.11538838182835236,0.12156354341793385,0.01582551041861353,0.65
72.54661719700016,7.64159998939349,9.94305956457402,-0.14890998467044272,-0.8812377205834157,-0.091279761777906,-0.33128494842026973,7.680565375067236,0.10614126430240038,0.11659987726225207,0.021709665529458966,0.65
72.5545817400016,7.64159998939349,9.94305956457402,-0.14890998467044272,-0.8812377205834157,-0.091279761777906,-0.33128494842026973,7.680565375067236,0.10614126430240038,0.11659987726225207,0.021709665529458966,0.65
72.58911070400063,7.635931842210346,9.914458044738009,-0.17004441549430405,-0.8580455950803098,-0.02425548676431158,-0.33017036815043943,7.700840123506557,0.09488900556663389,0.1063415255442689,0.02575598604858399,0.65
72.71251697900152,7.623267263411243,9.86024772289029,-0.1939747673673208,-0.7965368481890238,0.1707049009150278,-0.27845590286823796,7.74103134682049,0.06853315855543615,0.059767126992406924,0.009452402559332244,0.651920240520265
72.76365443000032,7.616698553076294,9.834839558984857,-0.1970613100484855,-0.7622449171629705,0.27115183609283317,-0.2583934786927138,7.760463339213936,0.05512200797015245,0.042843598764003246,0.008246172397252444,0.6576473218982953
72.79953153900169,7.610223536208771,9.81058603950907,-0.19425050602566898,-0.7276055842736129,0.3376120684413092,-0.27186136377415976,7.779220441305997,0.043027172160048345,0.03522342333247508,0.005911926592239824,0.6576473218982953
72.85510317400076,7.60403682633425,9.787491194716607,-0.1856012962356404,-0.6928453437738961,0.3693784139915022,-0.2835342177388428,7.797132149019176,0.03148973342971547,0.029036713457953667,0.019366772031467243,0.6670832032063168
72.87127459600015,7.598178273637011,9.765505961298413,-0.1757565809171827,-0.6595570025458394,0.4050026577975175,-0.2925430855510145,7.814187375085486,0.020557269311436244,0.02317816076071466,0.02836076041033992,0.7158910531638177
72.91289025300102,7.592649124992741,9.744539425553969,-0.16587445932807277,-0.6289960723333383,0.47874615345007,-0.36509530955377906,7.830431164757882,0.01019394405780595,0.017649012116445206,0.0368967810211007,0.7280109889280518
72.96463421000044,7.587564590016485,9.724515238177231,-0.15253604928769812,-0.6007256213021446,0.507533804574909,-0.383341566147419,7.845806642414176,0.00043128440711466,0.012564477140188934,0.01353619457833357,0.7280109889280518
72.98911244100054,7.583139452030606,9.705388100102628,-0.13275413957637874,-0.5738141422380986,0.6003141091406354,-0.4240844656071301,7.860158086985244,0.00930509573928061,0.008139339154309866,0.020731908913370223,0.7280109889280518
73.07467896700109,7.576845860463784,9.669812058301977,-0.08090280721669102,-0.520380381952264,0.7221590669815208,-0.48399644121480345,7.885309450295215,0.02555922642736593,0.0018457475874882334,0.01871051020909639,0.7433034373659253
73.14659819000008,7.575102257416163,9.637917556737555,-0.00585806962749405,-0.464625283254028,0.8415044994154695,-0.5514023034504649,7.904711903772748,0.0393076563576325,0.00010214453986723271,0.03299238934675522,0.7615773105863909
73.21676433300127,7.576438938571833,9.623134490030296,0.04010043467010091,-0.4434920012178107,0.9308770586515158,-0.6014041627400121,7.911963960770934,0.04385378216719324,0.0003018127595434768,0.025588471858821023,0.7615773105863909
73.23755552500006,7.579311546109357,9.608978437591514,0.0861782261257202,-0.4246815731634537,0.9591603845781683,-0.6172183738433532,7.91761659760819,0.04674108685289044,0.008280413164368245,0.030828788277584687,0.7615773105863909
73.29594774900033,7.579311546109357,9.608978437591514,0.0861782261257202,-0.4246815731634537,0.9574201909645619,-0.6191717480789561,7.91761659760819,0.04674108685289044,0.008280413164368245,0.0,0.7615773105863909
73.29800542200064,7.579311546109357,9.608978437591514,0.0861782261257202,-0.4246815731634537,0.9470300560759495,-0.6015433124640328,7.91761659760819,0.04674108685289044,0.008280413164368245,0.0,0.7615773105863909
73.43657295900084,7.583637306567095,9.595408202696294,0.1297728137321186,-0.4071070468565871,0.8585409364588157,-0.5524366931681619,7.9217630621409,0.049584953426724185,0.014817243727616832,0.007293457928178087,0.7826237921249265
73.55303922600069,7.5970057398955975,9.569404687892526,0.22405606969736364,-0.385275935408525,0.8213545466939399,-0.5412738361458495,7.925605858799757,0.0525146562660737,0.023751595519621978,0.017902481008660657,0.7826237921249265
73.55961176200071,7.5970057398955975,9.569404687892526,0.22405606969736364,-0.385275935408525,0.7880523133252377,-0.5359035251241651,7.925605858799757,0.0525146562660737,0.023751595519621978,0.017902481008660657,0.7826237921249265
73.6661700780005,7.616708880803573,9.544658133177876,0.3196726278626954,-0.36650463189784016,0.7749585298754778,-0.6051248397234356,7.9236483553899415,0.049821005869287525,0.02731782762265161,0.00777174427345176,0.7632168761236874
73.68889576700167,7.616708880803573,9.544658133177876,0.3196726278626954,-0.36650463189784016,0.7415733669199801,-0.5988772712436063,7.9236483553899415,0.049821005869287525,0.02731782762265161,0.00777174427345176,0.7632168761236874
73.74057912200078,7.628932166828249,9.53263333897251,0.3666985807402619,-0.3607438261610099,0.7421597548997724,-0.6070655343396415,7.920578079772684,0.04771698101958614,0.027177472711207552,0.0015796823245428123,0.7632168761236874
73.80142187500132,7.658086633620603,9.50806033941748,0.4609565410830766,-0.37178455810640354,0.729024854586795,-0.577374082183648,7.9110149580422515,0.04014569822674828,0.023937886159911517,0.002224605567404217,0.7211102550927979
73.84395903900077,7.658086633620603,9.50806033941748,0.4609565410830766,-0.37178455810640354,0.7108977291961445,-0.5484375870712872,7.9110149580422515,0.04014569822674828,0.023937886159911517,0.0031251471012672728,0.7211102550927979
73.87191349400018,7.674980708665292,9.49554579493937,0.5068222513406714,-0.3754363343432891,0.6981830654015028,-0.5059009515280213,7.904547515229678,0.0354317681563992,0.02084109039786957,0.006159296529595189,0.75
73.89845882000009,7.674980708665292,9.49554579493937,0.5068222513406714,-0.3754363343432891,0.6777225124398382,-0.47954320852916643,7.904547515229678,0.0354317681563992,0.02084109039786957,0.006159296529595189,0.75
73.95524850700167,7.693417251956457,9.482995749849511,0.5530962987349383,-0.37650135269573337,0.6637592865785107,-0.4660662118140388,7.896900072397828,0.030030389812626315,0.016678707602283495,0.004221215088995382,0.75
73.99085957700117,7.71319304465141,9.470468878123212,0.5932737808486052,-0.3758061517889639,0.6370999576135049,-0.44635533078916056,7.888210284552185,0.02361428225667636,0.011552946429062945,0.009408304469747131,0.7106335201775948
74.06301969100059,7.734042002613761,9.457888244635924,0.6254687388705361,-0.37741900461861877,0.5972736490054418,-0.42200767955779006,7.878744999920682,0.01702154305673053,0.0057063581236945805,0.0032108493389045446,0.7106335201775948
74.09337673100163,7.7558569901635535,9.445242627117423,0.6544496264937611,-0.37936852555502404,0.5336812499984919,-0.3846630079409168,7.86860322609174,0.01015365428748335,0.0007773656046399371,0.0069747720979296945,0.7071067811865476
74.12773073600147,7.778546423060531,9.432535319472288,0.6806829869093225,-0.3812192293540285,0.5030182385742845,-0.34630791389821586,7.857862423673149,0.002700674545774538,0.00783579406087132,0.011288706220379328,0.7071067811865476
74.17500906600071,7.801934596036395,9.419661371213095,0.7016451892759122,-0.38621844777578596,0.4686365179803674,-0.29877487930716967,7.846731645259581,0.004290317564280062,0.015270473656949035,0.011110312712839897,0.6726812023536856
74.19745859200157,7.825969475283613,9.406680512072397,0.7210463774165663,-0.38942577422095215,0.46245779540134746,-0.26590547355035216,7.835222194732833,0.011560514641146963,0.023086846233640285,0.017124721392522087,0.6726812023536856
74.23709016600151,7.850443007384851,9.39358132836516,0.7342059630371424,-0.3929755112171132,0.4556509052535314,-0.2157691032963301,7.823511955423724,0.018573440956118802,0.031129725114618423,0.02275620765792247,0.6800735254367722
74.28206426400175,7.875252425430503,9.380586974641934,0.7442825413695539,-0.3898306116967808,0.4586631619331821,-0.17033689211917197,7.811551809405619,0.025219507880607717,0.0394842372171598,0.007486171214327901,0.6800735254367722
74.28948171900083,7.875252425430503,9.380586974641934,0.7442825413695539,-0.3898306116967808,0.4992637528914631,-0.1513408182249083,7.811551809405619,0.025219507880607717,0.0394842372171598,0.007486171214327901,0.6800735254367722
74.33659729800092,7.9003223342537385,9.36781406479765,0.7520972646970656,-0.3831872953284958,0.553474875439262,-0.13661349370346831,7.799332464030491,0.032040738330990165,0.048179528583421505,0.011929039145199447,0.651920240520265
74.39263052300157,7.92553716610156,9.35533798199429,0.7564449554346432,-0.3742824841007977,0.5844717310264042,-0.10056750684213828,7.786899829347951,0.03766075987847351,0.05718718441659466,0.011753354822116197,0.651920240520265
74.41314035700088,7.950786530558798,9.343195310489007,0.7574809337171228,-0.3642801451585222,0.5328202530137066,-0.07599904081763802,7.7743177930227985,0.043565240906751054,0.06645501588185071,0.01722262227009748,0.670820393249937
74.42691752300016,7.950786530558798,9.343195310489007,0.7574809337171228,-0.3642801451585222,0.557453979508293,-0.05385501326961585,7.7743177930227985,0.043565240906751054,0.06645501588185071,0.01722262227009748,0.670820393249937
74.46285881400036,7.975936093441409,9.331421366903207,0.7544868864783423,-0.3532183075739624,0.5540145055065818,-0.05002665820207117,7.761668693756578,0.04700702331365322,0.07591300698919545,0.022538208915388068,0.670820393249937
74.51962957600153,8.000897993779365,9.320056344306156,0.7488570101386679,-0.34095067791153955,0.6462067861808173,-0.03615029234003747,7.748993911075966,0.05010779150948652,0.0855274514427535,0.007235946485243681,0.65
74.57939984600125,8.025479199505911,9.309153564871432,0.7374361717963981,-0.32708338304173223,0.7019275107142349,-0.022334258576259335,7.736408244180206,0.048790382016725406,0.08415342740821963,0.0104060767399089,0.65
74.61790679000114,8.049565199414417,9.298776852287986,0.7225799972551875,-0.31130137750336784,0.7353984561986011,-0.017465155416119447,7.72395656320404,0.046400503203455706,0.0737767148247741,0.002076601950283529,0.696419413859206
74.72202672000094,8.095913830712172,9.280022561557704,0.6857119145130414,-0.2706917085715053,0.9002608864906301,0.018520750716422535,7.699430708521645,0.037737659623186474,0.055022424094492095,0.010399996631377237,0.6800735254367722
74.72766140400017,8.095913830712172,9.280022561557704,0.6857119145130414,-0.2706917085715053,0.865351265129408,0.024954840214104712,7.699430708521645,0.037737659623186474,0.055022424094492095,0.010399996631377237,0.6800735254367722
74.76094842400016,8.118361742977896,9.271792626983208,0.6734373679717364,-0.24689803723490414,0.7987117015623446,0.03616832853243543,7.687104960563771,0.03286425180011524,0.04679248951999604,0.010867406888936695,0.6670832032063168
74.79528803500034,8.140489937714962,9.264385881751627,0.6638458421119973,-0.22220235694744855,0.7737163871188959,0.0591419976480196,7.674563445765472,0.028077474392237716,0.039385744288415125,0.011604947299944338,0.6670832032063168
74.847291555001,8.162334705805199,9.2578114430504,0.6553430427071067,-0.19723316103681796,0.8649325984089852,0.09599446844773735,7.661766060572398,0.023476165985818996,0.032811305587188144,0.0005467763961046801,0.6576473218982953
74.88391526100168,8.183850551892853,9.252104943480889,0.6454753826296196,-0.17119498708533906,0.8902503694958517,0.11949602933752723,7.648719551098794,0.01943956343451259,0.027104806017677063,0.00036985485082627236,0.6576473218982953
74.94231212100021,8.2050523739409,9.247258510603755,0.6360546614414355,-0.14539298631403869,0.901978443389127,0.13827136516933908,7.635411415037666,0.01570859145127651,0.02225837314054324,0.00039007246373182604,0.70178344238091
74.992582709001,8.248010477037493,9.240061196106955,0.6506499785906775,-0.09584999648782079,0.8937137011645931,0.134220510637871,7.606890728441438,0.010203804809355779,0.015061058643743408,0.00012548000707119183,0.70178344238091
75.05000411000037,8.270091526827727,9.237669751405974,0.6624314937069999,-0.07174334102941134,0.8255405244861942,0.13903962104801204,7.591448363254425,0.008415415997764672,0.012669613942762226,0.000267607466017239,0.7000000000000001
75.06374803000108,8.29270696777657,9.236120651947344,0.6784632284652853,-0.046472983758893964,0.756531966642324,0.14370650984939481,7.5750890869034615,0.00715368337617886,0.01112051448413176,0.0012385143171117848,0.7000000000000001
75.12760037700173,8.29270696777657,9.236120651947344,0.6784632284652853,-0.046472983758893964,0.6705631342566353,0.15385706843411764,7.5750890869034615,0.00715368337617886,0.01112051448413176,0.0012385143171117848,0.7000000000000001
75.16174126400074,8.315869452186298,9.235420698844093,0.6948745322918295,-0.0209985930975323,0.6568023607776566,0.15160374490824585,7.557797163948376,0.006649418229275437,0.01042056138088121,0.0009370646611661529,0.7000000000000001
75.27051006800139,8.363761457645916,9.236622496253794,0.7257103589458437,0.03118717716660719,0.656505893764134,0.15976603480159565,7.520430397173634,0.007601287024170389,0.011622358790582155,0.003096246091850536,0.7000000000000001
75.30434224500095,8.363761457645916,9.236622496253794,0.7257103589458437,0.03118717716660719,0.595147468672271,0.18889540920122705,7.520430397173634,0.007601287024170389,0.011622358790582155,0.003096246091850536,0.7000000000000001
75.38703590500154,8.413435717277755,9.240940870643561,0.750104522427776,0.0747871086143582,0.5817844102287433,0.1926762017825316,7.479804072575331,0.010772757242471401,0.015940733180348943,0.005662810779742198,0.70178344238091
75.39266730300005,8.413435717277755,9.240940870643561,0.750104522427776,0.0747871086143582,0.5817844102287433,0.1926762017825316,7.479804072575331,0.010772757242471401,0.015940733180348943,0.005662810779742198,0.70178344238091
75.49433189900083,8.438622645045484,9.24405276253298,0.7556078330318572,0.093356756682581,0.4745418469384416,0.2179979071120035,7.45864713793697,0.01284207893868553,0.01905262506976868,0.0037283224020360456,0.70178344238091
75.54182693400071,8.463742413336254,9.247745492837847,0.7535930487231155,0.11078190914598099,0.4182139094760105,0.22338125977737106,7.437188540402889,0.015216880641551888,0.022745355374635068,0.008035662538585025,0.7071067811865476
75.60293785200156,8.48868449168814,9.252006135635995,0.7482623505565724,0.127819283944405,0.39469026638037596,0.24823550244371745,7.415517934893841,0.017613647737645177,0.027005998172782597,0.004748810643484801,0.6576473218982953
75.61428271600016,8.513257886429162,9.25679703224365,0.7372018422306801,0.14372689822965928,0.36285401543274354,0.23872513749127533,7.393801622334065,0.020197778192185004,0.03179689478043812,0.010020545182851276,0.6670832032063168
75.6549652320009,8.537412961841541,9.262101145166653,0.7246522623713589,0.15912338769007633,0.34259873600421176,0.27463313355638,7.372085179017284,0.022462224700233173,0.03710100770344127,0.013936232347902413,0.6670832032063168
75.74900594600149,8.584460734061336,9.274041044780766,0.6993036040926212,0.18569437727191068,0.4413118424899629,0.4006457699730829,7.328782520417148,0.026121702895024787,0.04904090731755417,0.0014301362548916803,0.6800735254367722
75.82004985600179,8.60722383727096,9.280698576086516,0.6828930962887159,0.19972593917248324,0.4835057418537736,0.45376745035558036,7.3072741968793595,0.027324050651754403,0.05569843862330437,0.0005065556749301445,0.696419413859206
75.83421012800136,8.629321976215364,9.287813182103996,0.6629441683321395,0.2134381805243917,0.5224689382101168,0.5085348701073963,7.2859769427477765,0.0273208690265228,0.06281304464078374,0.001627436932185554,0.696419413859206
75.93325091500083,8.65071130009349,9.29539144699144,0.6416797163437942,0.22734794662333718,0.5958140284688944,0.6256299934362523,7.2649164263996715,0.026723117878632366,0.06694896812008656,0.001009659020936887,0.7158910531638177
75.93950075600151,8.67138598252858,9.303425769097327,0.6202404730526591,0.2410296631766087,0.5432359408095058,0.6146037368494696,7.244099288610473,0.0250505333403526,0.05801088361466625,0.0026639963548609437,0.670820393249937
75.97882665800171,8.69123465120537,9.311809887252547,0.5954600603036926,0.251523544656624,0.5485916146122386,0.6481845777574428,7.223676844525505,0.02173110564548082,0.04990422219760847,0.003045842225560512,0.670820393249937
75.9955139370013,8.69123465120537,9.311809887252547,0.5954600603036926,0.251523544656624,0.5485916146122386,0.6481845777574428,7.223676844525505,0.02173110564548082,0.04990422219760847,0.003045842225560512,0.670820393249937
76.04127860900007,8.710182013313966,9.320529109331996,0.5684208632578734,0.2615766623834752,0.573401477579964,0.6946017256085297,7.2037129262864905,0.019171031761451653,0.042671835024073,0.0016651257735096543,0.6946221994724903
76.05753316500159,8.72816882580188,9.329555632348985,0.5396043746374296,0.27079569050966157,0.5981788850006395,0.7173297001027548,7.184268204134645,0.015757728994373433,0.036335953577787135,0.002592307229550844,0.6946221994724903
76.09496249100084,8.745270927691967,9.33893819230517,0.5130630567025851,0.2814767986855546,0.6503689091001701,0.7603085928629072,7.1652517732813275,0.012789701462019307,0.03087741312867111,0.0030047015606639933,0.6946221994724903
76.14905209500103,8.76169644719852,9.348946834276136,0.49276558519658586,0.3002592591289995,0.7085507791373176,0.7933461837790914,7.146327098964029,0.01073026039259593,0.02633999550921388,0.0011039843045574894,0.7211102550927979
76.19947254100043,8.77772254751026,9.359782120915286,0.48078300935219026,0.3250585991744847,0.6300642595439583,0.7267009261132137,7.127152504505222,0.00885179601227152,0.022669535961449955,0.0005143145736344188,0.6800735254367722
76.25974370800031,8.793502431941304,9.371581726285976,0.4733965329313496,0.35398816112069137,0.5813037645612624,0.6795565507014166,7.107521073553391,0.007474898642098109,0.01985505364685896,0.00028811958135036003,0.6800735254367722
76.28823120700145,8.809057535731462,9.384430706156124,0.46665311370475554,0.38546939610443276,0.6286170854563842,0.6733939337301931,7.0873595876915445,0.007039295073980104,0.017941535072288677,0.0003921115644866106,0.7106335201775948
76.32712948100016,8.824475344687468,9.398381268652503,0.46253426868016845,0.4185168748913882,0.5975237433020593,0.6394838452397837,7.06656770177489,0.0072253653821806405,0.01690403515101523,0.0020135773286313204,0.7106335201775948
76.3694347290002,8.83987802868266,9.41346685313507,0.4620805198557604,0.45256753447697656,0.5777185060529955,0.6108879625122304,7.0450320148171865,0.0078060917233211125,0.016679811935326094,0.001994619455479357,0.6726812023536856
76.40106079500038,8.855247534130642,9.429684352263617,0.46108516343947054,0.4865249738564439,0.5714582159615449,0.5909344363660977,7.022768448249879,0.009239092249661959,0.017279434017257404,0.004308906999830192,0.7071067811865476
76.47972390500036,8.870565926595644,9.44704548811813,0.4595517739500318,0.5208340756354053,0.5295007207126751,0.5566658972259755,6.999783312197908,0.011315906186295568,0.01872387172020474,0.0028564834752127753,0.7071067811865476
76.50757257400073,8.88585356563809,9.46553594556857,0.4586291712734147,0.5547137235131899,0.49063526645057953,0.5297729163146092,6.976071968578451,0.0138541943831625,0.02098860633540622,0.006579284024066532,0.6726812023536856
76.60423636200176,8.91644158525508,9.505202003227573,0.45881862374317006,0.6058340328964787,0.4068301949060795,0.548110408965488,6.92686411518349,0.020492520570328666,0.027407748594782913,5.118466750435418e-05,0.6800735254367722
76.64270586800012,8.931818986574502,9.525928353883593,0.46132203958264767,0.6217905196806036,0.34048868993505244,0.5617638697358986,6.901610421585519,0.023983624745133426,0.03119002694291489,0.0005505853441655065,0.6800735254367722
76.70302195000113,8.947198784796678,9.547121650523088,0.46139394666527633,0.6357988991848754,0.30701937487810305,0.5671800440319782,6.876049856460934,0.02779941137077781,0.03530079109621892,0.002023047714803579,0.6800735254367722
76.73908653500075,8.96251632343167,9.568749557444612,0.45952615904974536,0.6488372076456967,0.1739790414433232,0.5921002966510273,6.850253214309997,0.03128610269808143,0.03976289530340959,0.003459041558066815,0.6946221994724903
76.77268690800156,8.977726366728271,9.590691775898035,0.45630129889805787,0.6582665536027063,0.13990357514021942,0.5954644370665949,6.824334973758568,0.0350645739168112,0.04452326200893396,0.005005037280373445,0.6946221994724903
76.80922476400156,8.992768663628528,9.612930129807012,0.4512689070076884,0.6671506172693208,0.10399682139875349,0.5979936711162167,6.798353325858288,0.03867851440033439,0.04961164271760481,0.00443874543162541,0.670820393249937
76.94391044200165,9.007600734324948,9.635170128963454,0.4449621208926062,0.6671999746932584,-0.013016174358676648,0.6334560281267178,6.772535423188868,0.041983610607578464,0.05484983916623144,0.0018257861728352852,0.7158910531638177
76.96928858400133,9.022030006818548,9.6572790301056,0.4328781748080446,0.6632670342644067,-0.016320365840631755,0.6681000840852678,6.747114114048365,0.04532765652459439,0.06028015666061287,0.0033670993216555266,0.696419413859206
77.00125172200023,9.035954814932353,9.679298841268096,0.41774424341413063,0.6605943348748785,-0.02926954297885645,0.7323185190668563,6.7221389729178025,0.04769124159668502,0.06600418821006808,0.004341870070657778,0.696419413859206
77.02996665000137,9.035954814932353,9.679298841268096,0.41774424341413063,0.6605943348748785,-0.02926954297885645,0.7323185190668563,6.7221389729178025,0.04769124159668502,0.06600418821006808,0.0013518631028413314,0.696419413859206
77.05802454200057,9.049167786506093,9.70118953786273,0.3963891472122062,0.6567208978389947,0.028765280294365814,0.7681515803171624,6.697793631538379,0.050540839315933436,0.07214026641761412,0.0021464152189355954,0.6800735254367722
77.09633001000111,9.061630915164137,9.722960371667808,0.37389385974131933,0.6531250141523346,0.08016959632769549,0.8112548915958665,6.674102107626177,0.05182822199872262,0.07872180784436666,0.0029144756943198023,0.7280109889280518
77.14714267700037,9.061630915164137,9.722960371667808,0.37389385974131933,0.6531250141523346,0.07447614899385036,0.8495624250025565,6.674102107626177,0.05182822199872262,0.07872180784436666,0.0,0.7280109889280518
77.21268197000063,9.084036406881385,9.766177919261311,0.3213110689459391,0.6467056656823853,-0.025901664436726993,0.8361944105240402,6.628869028347869,0.05206285439201411,0.09096372983676915,0.001858356122208786,0.7158910531638177
77.24811996900098,9.093706307854992,9.787622636251948,0.2900970292082273,0.643341509719094,-0.05266650032531517,0.8595116564183836,6.607539259011443,0.05074458255834852,0.08129382886316172,0.003904060887755173,0.7158910531638177
77.25653171400154,9.093706307854992,9.787622636251948,0.2900970292082273,0.643341509719094,-0.0710641611968397,0.8863092813247576,6.607539259011443,0.05074458255834852,0.08129382886316172,0.003904060887755173,0.7158910531638177
77.30534527100099,9.102125266552274,9.808803597671512,0.25256876091847735,0.6354288425869372,-0.14218148141660839,0.9596031731638937,6.587345323769822,0.04787894584868095,0.07287487016587946,0.005987373947934865,0.7566372975210779
77.35671683600049,9.109274388326845,9.829655777401275,0.21447365323713066,0.6255653918928825,-0.15250164110335518,0.9918616136547148,6.568346969405064,0.045782654753909684,0.06572574839130851,0.002755356954854243,0.7566372975210779
77.39078093100034,9.115203151379186,9.850541188402062,0.17786289157022644,0.6265623300235977,-0.07000523836632727,0.9317544065154817,6.550274789158647,0.04337604144879542,0.059796985338968156,0.006621208282638034,0.7516648189186454
77.46932557700165,9.123663216553824,9.892735448917684,0.11175178757495763,0.6367284401479729,0.02879733744707824,0.911325017099938,6.516517688541428,0.04051651420856942,0.05133692016432967,0.007113253462149814,0.7516648189186454
77.60266906200013,9.126501978760762,9.914249688589335,0.08516286620812961,0.6454271901495279,0.10786851838869493,1.0623214546547421,6.5004760007821805,0.03967669824713972,0.04849815795739154,0.0061916690325207165,0.75
77.60431198100014,9.128682239727175,9.936247240633516,0.06540782899235963,0.6599265613254587,0.07664543040440924,1.0311466298780947,6.484661696244148,0.03925012424116557,0.046317896990979435,0.01318177566488492,0.75
77.63074781400064,9.13006421075853,9.958729277771331,0.041459130940633145,0.6744611141344509,0.12305533540752056,0.9271354549507314,6.46918734803465,0.039166335963538926,0.04493592595962426,0.018313264195568394,0.75
77.66199853000035,9.130489553953801,9.981622245009428,0.012760295858158445,0.6867890171429166,0.1277273445285702,0.8593240261451842,6.45422880026448,0.03995879772715956,0.044510582764353046,0.02372787171377812,0.75
77.71946713000034,9.129980478056293,10.005014528974673,-0.01527227692522958,0.701768518957339,0.14088057836924334,0.8561684838454542,6.439720495208628,0.041307890975072564,0.04501965866186097,0.02091862965101147,0.75
77.7388794870003,9.128447309459693,10.029010599158818,-0.04599505789802483,0.7198821055243483,0.1519950022494569,0.8880937256251923,6.425674350337077,0.0436653494811772,0.046552827258460994,0.02778665489093458,0.75
77.75642645900007,9.128447309459693,10.029010599158818,-0.04599505789802483,0.7198821055243483,0.1519950022494569,0.8880937256251923,6.425674350337077,0.0436653494811772,0.046552827258460994,0.02778665489093458,0.75
77.80683422300172,9.125994129014089,10.05359989214849,-0.07359541336812632,0.7376787896901522,0.1765303599223612,0.9520655070414663,6.412026843161453,0.04666814901498625,0.04900600770406527,0.017578080211817258,0.75
77.8724223600002,9.122619018940203,10.0787227604948,-0.10125330221659266,0.7536860503892928,0.181613769615861,1.0871793042105033,6.398827397858012,0.050581047006512066,0.0523811177779514,0.026973147473102595,0.75
77.94156184500025,9.118742842939088,10.10435003859486,-0.1162852800334373,0.768818343001831,0.26634753359402297,1.149025125338187,6.385776497721122,0.05481398238691159,0.05625729377906552,0.02230533203758461,0.75
77.98850674700043,9.11466927654187,10.130601892942837,-0.12220699191654516,0.7875556304392561,0.29284768938838596,1.1242608357537187,6.372569635128717,0.05922711320069296,0.06033086017628442,0.03305813126596119,0.75
78.02909895000084,9.110465186106179,10.157615072720345,-0.12612271307073128,0.8103953933252652,0.31349652173464504,1.1516164555393287,6.3590767076597094,0.06366547299550541,0.064534950611975,0.026133287288897095,0.75
78.06495250100124,9.10647512450071,10.18508392996257,-0.11970184816407999,0.8240657172667254,0.32088011552971546,1.0500730256036253,6.345223283515523,0.06786233519345893,0.06852501221744411,0.037934867745571275,0.75
78.13613638900097,9.102809292367798,10.21288778555828,-0.10997496398736527,0.8341156678713231,0.32671291421674653,0.9816370022095293,6.330999631662257,0.07167837091344581,0.07219084435035583,0.016777326795669557,0.75
78.14667284000097,9.102809292367798,10.21288778555828,-0.10997496398736527,0.8341156678713231,0.3266503814253795,0.9146959868464571,6.330999631662257,0.07167837091344581,0.07219084435035583,0.016777326795669557,0.75
78.18595335400096,9.102809292367798,10.21288778555828,-0.10997496398736527,0.8341156678713231,0.3246741531190074,0.8462435765567062,6.330999631662257,0.07167837091344581,0.07219084435035583,0.016777326795669557,0.75
78.24771556500127,9.099520698310675,10.241141000920509,-0.09865782171369013,0.8475964608668698,0.32159790229595925,0.7774728284905128,6.316295276615883,0.07508737318251582,0.07547943840747884,0.015559529468967308,0.7000000000000001
78.26521594100086,9.099520698310675,10.241141000920509,-0.09865782171369013,0.8475964608668698,0.32159790229595925,0.7774728284905128,6.316295276615883,0.07508737318251582,0.07547943840747884,0.015559529468967308,0.7000000000000001
78.2906592090003,9.09658199947388,10.269945231067279,-0.08816096510383407,0.8641269044031211,0.31418831498358063,0.6770622132391352,6.301072227884161,0.07812299245004706,0.07841813724427382,0.031052058021253114,0.7000000000000001
78.32861489300012,9.09386015050655,10.299367308869728,-0.08165546901989157,0.882662334073495,0.30505434999431336,0.6096893117272639,6.2853993545020215,0.08091319101891532,0.08113998621160334,0.04420535878031703,0.7000000000000001
78.3642145470003,9.091350204885984,10.32949659454067,-0.07529836861701558,0.9038785701282677,0.2706610403734237,0.6642538059425118,6.269231906755091,0.08348283682370598,0.08364993183216995,0.010747667569652598,0.7000000000000001
78.39959305200136,9.08899063482187,10.360376169623756,-0.07078710192337996,0.9263872524925566,0.2272349570381761,0.7178075803084161,6.252599559432925,0.08588271538850419,0.08600950189628342,0.01968906867024786,0.7000000000000001
78.4271461570006,9.086892346954034,10.392050189382052,-0.06294863603507166,0.9502205927488898,0.21335786965899028,0.7485098158706076,6.235394144646327,0.08801400618712252,0.08810778976411981,0.026649957341447608,0.7000000000000001
78.48703014100101,9.08512961321661,10.424075118747785,-0.05288201212272056,0.96074788097196,0.2518190218069093,0.82892941787657,6.217825080270922,0.08980278764247361,0.08987052350154379,0.03989340138395216,0.7000000000000001
78.49375819100169,9.08512961321661,10.424075118747785,-0.05288201212272056,0.96074788097196,0.2518190218069093,0.82892941787657,6.217825080270922,0.08980278764247361,0.08987052350154379,0.03989340138395216,0.7000000000000001
78.53382852100003,9.083887128238878,10.456076730675456,-0.03727454933199087,0.9600483578300886,0.2842049367742167,0.8879182057037864,6.19996493014053,0.09106180759028645,0.09111300847927595,0.051650625325348094,0.7000000000000001
78.5787908580005,9.08314086096178,10.487825073645993,-0.022388018312918725,0.9524502891161203,0.2892263834241405,0.9215453207844473,6.1819643576723955,0.09182174875951198,0.09185927575637365,0.02746695220438849,0.7000000000000001
78.60527331700177,9.082832810035407,10.519281755172099,-0.009241527791176127,0.9437004457831754,0.31681879584310246,0.823606610309188,6.163887552584051,0.09213977591939441,0.09216732668274652,0.03855493464260771,0.7000000000000001
78.68763863100139,9.082946649557048,10.550257144346531,0.0034151856492041933,0.9292616752330067,0.3068367701694979,0.7822903653275034,6.14585215104087,0.0920327919414623,0.09205348716110606,0.01249572294057091,0.7000000000000001
78.74480295000103,9.083485970028464,10.580514381774265,0.016179614142475148,0.9077171228319988,0.2741474319078765,0.722990503389732,6.127984336615021,0.09149911230699559,0.0915141666896897,0.024310635815007343,0.7000000000000001
78.79711772100018,9.084316147502918,10.610171108679246,0.02490532423358118,0.8897018071494442,0.25388216950194065,0.7805525719231293,6.110318338588997,0.09067271636343864,0.09068398921523624,0.020526872536156322,0.7000000000000001
78.85513696000089,9.085343145128874,10.639461429733613,0.030809928778714284,0.8787096316309932,0.24203465421787013,0.8818894293833672,6.092791689234689,0.0896488343966705,0.08965699158927976,0.02925541933771938,0.7000000000000001
78.90426400400065,9.085343145128874,10.639461429733613,0.030809928778714284,0.8787096316309932,0.23357522676856854,0.9488157320399214,6.092791689234689,0.0896488343966705,0.08965699158927976,0.010106360107460655,0.7000000000000001
78.93070812900078,9.086752907433683,10.668668222292427,0.042292869144229944,0.8762037767644292,0.23996089722830416,0.9500130885609325,6.07508717466922,0.08824154494368133,0.08824722928447137,0.019826745114428144,0.7000000000000001
78.98528390300089,9.088503854848438,10.697873293948604,0.052528422442658124,0.8761521496853344,0.22930992035870107,0.9416464944605408,6.0571907462863575,0.08649253351411633,0.08649628186971547,0.027976089675586416,0.7000000000000001
79.05304439700012,9.093287266360127,10.755765787450793,0.07800703608031512,0.8651331753353017,0.21594603446747063,0.8709619673031828,6.020886551462024,0.08171237362549505,0.08171287035802699,0.025800493044273648,0.7000000000000001
79.07801285800087,9.093287266360127,10.755765787450793,0.07800703608031512,0.8651331753353017,0.19125063379973667,0.8959897344985397,6.020886551462024,0.08171237362549505,0.08171287035802699,0.025800493044273648,0.7000000000000001
79.09483929000089,9.093287266360127,10.755765787450793,0.07800703608031512,0.8651331753353017,0.16867216893946504,0.9051469097419124,6.020886551462024,0.08171237362549505,0.08171287035802699,0.025800493044273648,0.7000000000000001
79.12636082200152,9.096187071841566,10.784356217837242,0.08699416444319494,0.8577129115934776,0.16797431087633002,0.8924880687280263,6.002635880194636,0.07881406943430058,0.0788130648765879,0.0063761397105094935,0.7000000000000001
79.19156106200171,9.099262992850873,10.812709993405495,0.09227763027921462,0.8506132670475572,0.15243633051495964,1.0261307618188495,5.98445036758823,0.07573968273084229,0.07573714386728092,0.012509847636863868,0.7000000000000001
79.23531126700072,9.102414633784148,10.840913475734354,0.09454922799826268,0.8461044698657743,0.1376390225006474,1.0241329532735388,5.966364426119541,0.07258980299942269,0.07258550293400567,0.014516306275054694,0.75
79.27454335700168,9.10559653084576,10.869056287590931,0.09545691184838603,0.8442843556973026,0.11959541560923641,0.9916686126801506,5.948366438397654,0.06940984459734485,0.06940360587239347,0.02030543009408129,0.75
79.30323601000055,9.108719326698962,10.897170002639717,0.0936838755960189,0.8434114514635841,0.11569017914360478,0.9965637070627422,5.930514543583831,0.06628966237251444,0.06628081001919206,0.026318935516609816,0.75
79.34584636600084,9.111738903291082,10.925559882306336,0.09058729776359048,0.8516963899985799,0.09991226566502535,1.021551443470066,5.912682879181212,0.06327293799928199,0.06326123342707213,0.01982977122502331,0.75
79.41162791900024,9.11465353646102,10.954162488997287,0.08743899509814916,0.8580782007285066,0.10061733719281526,0.8854237075095367,5.894910771771897,0.06036267321902528,0.06034660025713379,0.026269106201014882,0.75
79.45709820299999,9.117373119669542,10.98291596318024,0.08158749625569159,0.8626042254885857,0.10099260915040398,0.8178908161319919,5.877310909011722,0.05764817887070499,0.057627017048611506,0.019640664513226824,0.75
79.4665553950017,9.117373119669542,10.98291596318024,0.08158749625569159,0.8626042254885857,0.10022482138252377,0.7836753246570939,5.877310909011722,0.05764817887070499,0.057627017048611506,0.019640664513226824,0.75
79.50165141200159,9.119827220200998,11.011789307827598,0.07362301594367639,0.8662003394207519,0.10183164909470781,0.713909764853737,5.859962985881298,0.05520103566569667,0.05517291651715617,0.025539488811819583,0.75
79.53378460000022,9.121969189041417,11.040821923021662,0.06425906521256644,0.8709784558218875,0.09771529364044865,0.7230314830295803,5.842889803985511,0.05306832798540311,0.05303094767673677,0.030881792308313453,0.75
79.61040084900014,9.1250804581563,11.099609689980577,0.04046813810544493,0.8867723748871937,0.10484056091405244,0.814485575242283,5.809661475531667,0.04998533492556337,0.04991967856185475,0.02292983876150513,0.75
79.67903467000178,9.126031580101335,11.129501345341792,0.02853365835108885,0.8967496608364347,0.10952569627169803,0.882186122079491,5.79346391198525,0.04905427093290727,0.04896855661681876,0.011700179171839593,0.75
79.756413127001,9.126854178640222,11.19020189120892,0.007710549480922705,0.9141608321966476,0.11837769006135554,0.7126871635159419,5.761866398523343,0.04830065766896917,0.04814595807793154,0.029329799054796636,0.75
79.79565652400015,9.12681801872484,11.220637880189422,-0.0010847974614796802,0.9130796694150753,0.07469641151365788,0.6854246562052753,5.746587268621263,0.04838506019382718,0.04818211799331351,0.011623712102170876,0.75
79.83271813600004,9.126454318185747,11.2509763747503,-0.010911016172822922,0.9101548368263478,0.15551659946301002,0.6337533043462399,5.73176170704297,0.04882168888002176,0.048545818532407026,0.02202724587620703,0.75
79.86987845800104,9.125814361784792,11.281080999424088,-0.019198692028619145,0.9031387402136584,0.17308345368521508,0.6862268305937398,5.717414371482474,0.049547383962101385,0.049185774933361515,0.02982258892272627,0.75
79.91039322400138,9.12487586866018,11.31083935093226,-0.028154793738378293,0.8927505452451875,0.200012797470124,0.6784300977695276,5.703619661982009,0.050607483660390994,0.05012426805797432,0.011746966675544044,0.75
79.93806159000087,9.12360247876102,11.34020474247774,-0.038201696974774865,0.8809617463643487,0.2135913455861888,0.7120809465233923,5.6904307528372415,0.05203783610852079,0.0513976579571338,0.0230369682077539,0.75
79.95567300400035,9.12360247876102,11.34020474247774,-0.038201696974774865,0.8809617463643487,0.1975949844989463,0.7505579941718835,5.6904307528372415,0.05203783610852079,0.0513976579571338,0.0230369682077539,0.75
80.02959726900008,9.120392495663276,11.398172556116515,-0.05060632934721168,0.8671867109010118,0.243710072385264,0.7320703147679644,5.66536516332077,0.05571842156951199,0.054607641054877476,0.025635816930687158,0.75
80.06746859100167,9.118583256392347,11.426887997494113,-0.05427717812787629,0.8614632413279398,0.2944092703431704,0.727116078102084,5.65332119655656,0.05783719130081981,0.056416880325807384,0.03479849561939537,0.75
80.136733542,9.116633771005636,11.455272269178808,-0.05848456160131047,0.8515281505408638,0.31362901868761645,0.6681018086346006,5.641677387307441,0.06026670934160221,0.05836636571251752,0.02830376231237215,0.75
80.25654053800099,9.114779714465769,11.483069468940306,-0.055621696196048925,0.8339159928449495,0.34762307196778686,0.6429448416240264,5.6303416148307,0.06265954705842501,0.06022042225238522,0.012109126495704078,0.75
80.3355979550015,9.112175650774098,11.537601175838196,-0.03351093710559907,0.8139271224612485,0.38115467895831784,0.7034329832938586,5.607519903914437,0.06691292714379585,0.06282448594405565,0.027015096321162096,0.75
80.39054960700014,9.1114739757156,11.564574016167349,-0.021050251754981757,0.80918520987457,0.4366495474862856,0.6975403515632445,5.595871407962883,0.06879012790809992,0.06352616100255482,0.036453938790211464,0.75
80.44876312300039,9.111137273070694,11.591412672348731,-0.01010107934714771,0.8051596854414859,0.4837048920434879,0.665261639077578,5.584063188091359,0.07062525679775376,0.06386286364745963,0.027336337106884778,0.75
80.45854783100003,9.111137273070694,11.591412672348731,-0.01010107934714771,0.8051596854414859,0.5059456041177885,0.6401963802797673,5.584063188091359,0.07062525679775376,0.06386286364745963,0.027336337106884778,0.75
80.55400813900087,9.111595597675272,11.644621449437903,0.015351272472949467,0.7965645220448021,0.5013666958407745,0.6086025949699493,5.559951646165023,0.07443525275304079,0.06340453904288168,0.027531690544065596,0.75
80.57225556900084,9.111595597675272,11.644621449437903,0.015351272472949467,0.7965645220448021,0.4856556547701879,0.659736331575427,5.559951646165023,0.07443525275304079,0.06340453904288168,0.027531690544065596,0.75
80.66192723400127,9.11260394963276,11.671082949482575,0.030250558724609404,0.7938450013401388,0.5819817700283604,0.6081842464216338,5.547409972366655,0.0763938290859007,0.06239618708539396,0.013912694857977397,0.75
80.72378604300138,9.11260394963276,11.671082949482575,0.030250558724609404,0.7938450013401388,0.6718136346618859,0.6809902914249332,5.547409972366655,0.0763938290859007,0.06239618708539396,0.013912694857977397,0.75
80.77485083700049,9.114145697261124,11.69728827816723,0.04625242885094064,0.7861598605396406,0.6786407931315126,0.6871711529856113,5.534597252408918,0.07853693362580674,0.06085443945702984,0.012214261014562362,0.75
80.78965930800041,9.114145697261124,11.69728827816723,0.04625242885094064,0.7861598605396406,0.7349342450940947,0.7237014812661255,5.534597252408918,0.07853693362580674,0.06085443945702984,0.012214261014562362,0.75
80.8367431810002,9.116128361036735,11.723193789667983,0.059479913268293313,0.7771653450225731,0.7886650387130094,0.7658181079358332,5.521610659502826,0.08119626060259273,0.058871775681419436,0.02389611636988875,0.75
80.89978842300116,9.121486400273433,11.774822711580123,0.08627733257818435,0.7736165160645992,0.9063969649060255,0.8095099369558711,5.494729027463136,0.08831709073248822,0.07311638098155915,0.02448452524763663,0.75
80.99304214600124,9.12465038783754,11.800592683228693,0.09491962692322366,0.7730991494571106,0.9839409351458841,0.74451377116473,5.481001529982139,0.09235955734409673,0.08905462424066726,0.012213273652279984,0.75
80.99482552000154,9.128607991655514,11.826201761167207,0.11872811453917814,0.768272338155385,1.0097478373606117,0.7211300781993235,5.466708052525809,0.09443685455789957,0.09639214580769817,0.023684509336898626,0.75
80.99609626900019,9.128607991655514,11.826201761167207,0.11872811453917814,0.768272338155385,1.0097478373606117,0.7211300781993235,5.466708052525809,0.09443685455789957,0.09639214580769817,0.023684509336898626,0.75
81.02970792800079,9.133580897698966,11.851589651916422,0.14918718130355005,0.761636722476474,1.0526585004203495,0.6690117691923134,5.451666515210731,0.09548345420506162,0.09141923976424593,0.033624046644045974,0.75
81.06919910700162,9.139628454011566,11.876807786890751,0.1814266893780198,0.7565440492298622,1.0902815878153276,0.6113215854469476,5.43579520315853,0.09548150155317131,0.08537168345164581,0.04173438360379951,0.75
81.11462099800156,9.146670904914801,11.901921907646255,0.21127352709705322,0.7534236226651015,1.1009803052999136,0.5918972607992949,5.419134287347291,0.09464462334855121,0.07832923254841084,0.021202920961222078,0.75
81.21196730500014,9.154789125487822,11.927135819875403,0.24354661719061893,0.7564173668744316,1.0717288089440111,0.6075571470392478,5.401522872177996,0.094031801966206,0.07021101197539004,0.00824348090128287,0.7905694150420949
81.25999243500155,9.1638598268415,11.952455496433268,0.2721210406103741,0.7595902967359689,1.014951917732167,0.6085087022699446,5.383068567635832,0.09255523197698343,0.061140310621711436,0.015778321928079913,0.8
81.34408101500048,9.173859232386757,11.97798186441013,0.29998216635772224,0.7657910393058976,1.0108587199531556,0.5561292385629893,5.3637509105208725,0.09289065658077521,0.05122775247124415,0.010401198535341591,0.8
81.37368944700029,9.173859232386757,11.97798186441013,0.29998216635772224,0.7657910393058976,1.013542135107571,0.5241974525717319,5.3637509105208725,0.09289065658077521,0.05122775247124415,0.010401198535341591,0.8
81.39201977300036,9.173859232386757,11.97798186441013,0.29998216635772224,0.7657910393058976,1.0210161104089246,0.49062208662251816,5.3637509105208725,0.09289065658077521,0.05122775247124415,0.010401198535341591,0.8
81.43202349100102,9.184940065743747,12.00380035197445,0.3324250007097139,0.77455462692958,1.045435137159624,0.4672876646364292,5.343394718876149,0.09272357377882062,0.04933821380737361,0.011301849583797229,0.8
81.49906584900054,9.197362234835598,12.02993508130866,0.3726650727555374,0.7840418800262743,1.061976757381483,0.38961058879390076,5.321750259455322,0.09390878584346572,0.05838779070701898,0.02191910239882564,0.8
81.54590571100016,9.211008894488343,12.056504897712713,0.40939978958235596,0.797094492121626,1.060399043832557,0.3705233035641454,5.298877830526405,0.09687355615405581,0.06752584248020664,0.014623024061336814,0.8062257748298549
81.62390017600046,9.242905196155492,12.110020539903868,0.5034605245097561,0.8014502534491535,1.0449703649798683,0.27156385389033133,5.248941625236254,0.10242815343085497,0.08281302476951159,0.038992839134358456,0.8321658488546619
81.69021304700073,9.26123987605328,12.136625030370991,0.5500403969335939,0.7981347140137355,1.0439860574781157,0.16904446840183257,5.221919264835735,0.10455770148329847,0.08866066390221754,0.015288636399674694,0.7905694150420949
81.73793780300002,9.280875137513739,12.163147860803969,0.5890578438138131,0.7956849129893029,1.0223574206197323,0.104450316716831,5.193780958929772,0.1073091316347438,0.09353091062857498,0.029853998085980674,0.8200609733428363
81.77204382200034,9.301719571676037,12.189462473843431,0.6253330248689162,0.7894383911838763,1.0322141767209325,0.04800342873699993,5.164653783913231,0.1092270512263197,0.09739891120692142,0.01658379420111159,0.7810249675906654
81.87910076800108,9.346504131100044,12.241317903860644,0.685358007224763,0.7747693065526833,0.9762819396246613,-0.033008849973777295,5.103961413466791,0.11271859052790731,0.10239877175226936,0.03612378790614691,0.8139410298049854
81.95274585600055,9.370072605016697,12.267033162852995,0.7070542174995538,0.7714577697705399,0.9781062848197141,-0.1345178789445761,5.072669966387941,0.11454361513631418,0.1039167780370458,0.049583698248676124,0.8139410298049854
81.97721528400143,9.394541976591023,12.29226108069782,0.7340811472297899,0.7568375353447294,0.9994140082847563,-0.16346105791568546,5.040759388269165,0.11569742023979256,0.10445315124875901,0.06179492150109682,0.8139410298049854
82.05814554900098,9.445412213724143,12.339124859491772,0.7708803415841721,0.6818939464602234,0.8930052075033181,-0.27876839801189646,4.976531796402817,0.11652047176005069,0.10162015738859198,0.07066325338608742,0.8200609733428363
82.09790463900026,9.471547404076393,12.360478360160634,0.784055710567495,0.640605020065852,0.8581640763237821,-0.2797577430919478,4.944543352846793,0.11646081451870001,0.09823899218793913,0.05912995651568651,0.8321658488546619
82.13955082600114,9.49823333885611,12.380435296551624,0.8005780433915157,0.5987080917297043,0.7576775259270503,-0.29580852730935586,4.9125511878209345,0.11553462832112177,0.09348087179667684,0.07101806787350276,0.8321658488546619
82.16658692300007,9.52552495713293,12.399223091446773,0.8187485483046064,0.5636338468544795,0.7286477397930654,-0.31422392514656794,4.880416376753273,0.11512234097644956,0.08746776061748426,0.07748780539776373,0.8062257748298549
82.27222631600125,9.553476778608113,12.416895848705652,0.838554644255461,0.530182717766354,0.8644318610413985,-0.27425347351315416,4.848062807633573,0.11475673283393989,0.08019936460588373,0.045441413420208444,0.8
82.31483949200083,9.58205459644799,12.43353428677909,0.8573345351963106,0.4991531422031288,0.8591507870912259,-0.26021141485617943,4.815489449974696,0.11508504505481329,0.07259863047019297,0.0419887526652811,0.8
82.39451604900023,9.640655966009948,12.463388279685983,0.8856072607082541,0.4309812016958574,0.7228570617167199,-0.24334898269518368,4.750183905550592,0.12035485230540592,0.08838809528411318,0.07503792464230084,0.75
82.43085947500003,9.670608744676782,12.476712750565827,0.8985833600050258,0.39973412639533745,0.7251456289766993,-0.21600925615081035,4.717474789218205,0.12450926322162462,0.10171256616395752,0.04785503927016478,0.75
82.46032812500016,9.700749916216155,12.488956470297042,0.9042351461812087,0.3673115919364206,0.7645863143478067,-0.26849720853652137,4.6849613183323005,0.12804782917890825,0.11395628589517237,0.06089713071103768,0.75
82.50192199200137,9.730752591968404,12.499811787088497,0.9000802725674802,0.32565950374366415,0.7893120685367665,-0.366569841510793,4.6530554724107605,0.13144707857215926,0.12481160268662705,0.07236823824025633,0.75
82.5349228160012,9.760505999599024,12.509106593830419,0.8926022289185912,0.2788442022576427,0.8070097991631905,-0.33705592234101434,4.6219205974691855,0.13336574401833903,0.1341064094285489,0.025104656598713488,0.7000000000000001
82.58280071100125,9.789987713249172,12.51695839457259,0.8844514095044297,0.23555402226517322,0.8207167774203967,-0.26334532154218787,4.591538591415441,0.13390780592771315,0.1252334867291534,0.034536441621182565,0.7000000000000001
82.6392597110007,9.819321059881261,12.523607716188058,0.8800003989626772,0.199479648464045,0.7787751042793094,-0.2131825206345947,4.561712926175639,0.13172336365389442,0.11324136142325508,0.007953662210901692,0.7000000000000001
82.71669578400179,9.877683739345544,12.533912635026585,0.8716033139033893,0.13858717644823068,0.8004433161205355,-0.07922166215855636,4.503396966703734,0.12787478429883073,0.1089124498796572,0.0140009010711849,0.7000000000000001
82.76386233200174,9.877683739345544,12.533912635026585,0.8716033139033893,0.13858717644823068,0.7445078029205411,0.00481342825587916,4.503396966703734,0.12787478429883073,0.1089124498796572,0.009234936921969833,0.7000000000000001
82.80113941400123,9.906549264568868,12.537310072629408,0.8659657566997029,0.10192312808468171,0.6996754397364793,0.05699228643048876,4.475156855306125,0.1256287797971823,0.11230988748248016,0.012145110744884068,0.7000000000000001
82.83777259700037,9.93529410564762,12.539619998252178,0.8623452323625138,0.06929776868310085,0.6762377972709911,0.08044675255557432,4.447421830263911,0.12368961104226867,0.11461981310525005,0.013942747648652415,0.7000000000000001
82.87303297800099,9.963961716320608,12.540991024328715,0.8600283201896595,0.04113078229613986,0.6492031054745032,0.12599792042391894,4.420104260114822,0.12094567001105813,0.11599083918178721,0.007204762450193066,0.7000000000000001
82.90408076900167,9.992601458174024,12.541658885926893,0.8591922556024574,0.020035847945355335,0.5668698778486141,0.15949457442137835,4.393079763583262,0.11797612327742327,0.11665870077996487,0.008664594068317736,0.7000000000000001
82.9519002850011,10.021198974452778,12.541802965739791,0.8579254883626354,0.004322394386935583,0.5141158704548799,0.2038049291482972,4.3663023032747486,0.11439778328811065,0.11680278059286309,0.009498971052598582,0.7000000000000001
82.97883963000095,10.049724559004543,12.541577545353132,0.8557675365529357,-0.0067626115997777,0.482350478837312,0.21769106059087828,4.3397478838152,0.11031986753790372,0.1165773602062039,0.004891054992959102,0.7000000000000001
83.01346984700103,10.07814189579432,12.541184399769634,0.8525201036932535,-0.011794367504923577,0.42655544620238317,0.25216217452008177,4.3133801925968065,0.10532598854597063,0.1161842146227059,0.005541039030633023,0.70178344238091
83.03164661500159,10.07814189579432,12.541184399769634,0.8525201036932535,-0.011794367504923577,0.42655544620238317,0.25216217452008177,4.3133801925968065,0.10532598854597063,0.1161842146227059,0.005541039030633023,0.70178344238091
83.09579253100128,10.134604406429798,12.540777017246272,0.8448344302021668,-0.0015093988908626808,0.33813410133727106,0.3269994617199832,4.260931649704488,0.09282708913792277,0.11577683209934442,0.000711197608338095,0.7071067811865476
83.19137090100048,10.190135419480972,12.542018152119745,0.8282691040949456,0.02664467134303044,0.2798498150726898,0.4082574284238142,4.208841702454679,0.07508839152405657,0.10739728701325278,0.0013859613549755635,0.7158910531638177
83.23580967000089,10.190135419480972,12.542018152119745,0.8282691040949456,0.02664467134303044,0.28393521313383974,0.4758960746219414,4.208841702454679,0.07508839152405657,0.10739728701325278,0.0013859613549755635,0.7158910531638177
83.29904159800026,10.217414591345868,12.543492586469588,0.8183751559468525,0.04423303049527249,0.31235330727348365,0.5237722690324583,4.1829636364507286,0.062042511992572914,0.08915058212962024,0.001999689456883431,0.7280109889280518
83.35684117000164,10.243971048182237,12.545728149660581,0.7966937050910646,0.06706689572979344,0.340543832969847,0.5907355499966459,4.157489658677976,0.04987850167509348,0.07195311330845817,0.0040907940237841466,0.7280109889280518
83.38900479800031,10.269714410124719,12.548738856835904,0.7723008582744677,0.09032121525967955,0.35631864563604165,0.6026118602473886,4.132493053145644,0.036852786512810494,0.05587869896822727,0.007023589341019843,0.7433034373659253
83.45214239400048,10.294561589313583,12.552522800886177,0.7454153756659345,0.11351832150817195,0.40903656138701167,0.6896795194592451,4.108046637917433,0.024724076036709505,0.040984742568002726,0.0074581815606785855,0.696419413859206
83.4951834600015,10.318445590401806,12.557091802046521,0.7165200326466803,0.1370700348103203,0.44501449023193845,0.7488563577521695,4.084203650659893,0.013626664320377803,0.027326975140381973,0.012454195982122785,0.7158910531638177
83.54192727500049,10.341111324868274,12.562513248562832,0.6799720339940304,0.16264339548929072,0.5079910293093104,0.8267982482783042,4.061170962035255,0.0029784566452089626,0.015133422194091953,0.017243063856823896,0.7158910531638177
83.56832978900093,10.362362201225759,12.568933140831126,0.63752629072453,0.1925967680488127,0.5300297957244464,0.8524546372863994,4.039071928311155,0.0059906146575486935,0.004646332772955572,0.023430705131593704,0.73824115301167
83.60939398400114,10.382253060141705,12.576304421757138,0.5967257674783845,0.22113842778036824,0.5750153376466303,0.904620884706322,4.017871392165578,0.013351975151919725,0.00420634572132082,0.02802698556591093,0.73824115301167
83.64868486500018,10.40085232546273,12.584709934771531,0.5579779596307141,0.25216539043181563,0.6219786450246634,0.9549112048206828,3.9974738898227455,0.01968554784436533,0.011414417103075218,0.015413869097826164,0.7632168761236874
83.66970352700082,10.40085232546273,12.584709934771531,0.5579779596307141,0.25216539043181563,0.6514668576968707,0.9682159650781033,3.9974738898227455,0.01968554784436533,0.011414417103075218,0.015413869097826164,0.7632168761236874
83.71929294100119,10.418238634206627,12.594167499003339,0.5215892623169565,0.2837269269542145,0.6533360133867923,0.9505197179773658,3.977800683255326,0.024462986947829432,0.01702088611387025,0.02070067963341508,0.7632168761236874
83.76497504899999,10.43456286601033,12.604744723848016,0.48972695411107386,0.3173167453403333,0.666113379223983,0.8836998336963473,3.958688889530314,0.027697391001849737,0.021084633706123002,0.005391089662014201,0.7211102550927979
83.82942612000079,10.449884825496655,12.61638859895056,0.45965878458978005,0.34931625307630887,0.6570760128813384,0.7824642975959166,3.940107051396378,0.029636469935053082,0.02368543211567068,0.005858823449994282,0.7211102550927979
83.86088866099999,10.464411360078488,12.629202230476745,0.4357960374549864,0.384408945785514,0.5936935675894746,0.759349786638079,3.9218300368018153,0.030416460142375073,0.024896637481835463,0.008363726863508914,0.75
83.8911788080004,10.464411360078488,12.629202230476745,0.4357960374549864,0.384408945785514,0.5782836053281895,0.7286415556710357,3.9218300368018153,0.030416460142375073,0.024896637481835463,0.008363726863508914,0.75
83.95903829800045,10.478413942936813,12.643345158946364,0.4200774857497688,0.4242878540885603,0.5566061516166474,0.7296098624649766,3.9035533677252925,0.029873638006583658,0.02479739814837951,0.0008471275552205174,0.75
83.97704500700092,10.491968274400554,12.658889762308336,0.4066299439122228,0.46633810085918553,0.5437996155153122,0.7170064571915364,3.88518875347284,0.028008018327853098,0.023390063392735205,0.003026763347496369,0.7106335201775948
84.00596048900115,10.505106400163703,12.675845118678447,0.3941437728944642,0.5086606911033589,0.5773049294158902,0.6309781130861545,3.866713995130229,0.025147321227967583,0.020690873745199113,0.00652377117251127,0.7433034373659253
84.04643755100005,10.518047869009582,12.694220133255868,0.38824406537634787,0.5512504373226514,0.5847813575007371,0.5627815624403547,3.8479342643098704,0.02115343204939452,0.01684877671253872,0.010885548615239526,0.7433034373659253
84.09438968400173,10.531100669933005,12.714040903077093,0.39158402770268297,0.5946230946367621,0.5707460857419534,0.6200350418850111,3.8285669703553573,0.016208433642944678,0.012063100010043936,0.0015955192007389525,0.7071067811865476
84.13695591900068,10.544282549357622,12.735301070669621,0.39545638273850536,0.6378050277758405,0.5496229142724345,0.5835767982662751,3.8086125763220147,0.010616270360490362,0.006350887666134306,0.004702680637271592,0.7071067811865476
84.17116137800076,10.55770357780775,12.757803247502183,0.4026308535038642,0.6750653049768874,0.5220271853747948,0.5740397385650292,3.7880543904611104,0.004369308014124505,7.045393604571736e-05,0.008511173712249884,0.7106335201775948
84.20984400000088,10.55770357780775,12.757803247502183,0.4026308535038642,0.6750653049768874,0.4658847124523058,0.5364131600837406,3.7880543904611104,0.004369308014124505,7.045393604571736e-05,0.007424275083516783,0.7106335201775948
84.30293921800148,10.571394439426426,12.78131044686594,0.4107258485602466,0.7052159809126795,0.4471257910256698,0.5175976298253978,3.7669615527180063,0.0023299900695734014,0.007011652922009684,0.005828642642973491,0.7106335201775948
84.3385667220009,10.585208749989865,12.805591615875858,0.41442931690319607,0.7284350702975595,0.41317425596750734,0.4982881223799662,3.7455641225373077,0.009128904004323106,0.014412839507234905,0.01209017309071941,0.6800735254367722
84.40319686500152,10.599040792683555,12.830441677086839,0.4149612808106694,0.7455018363293869,0.3685655133323417,0.464925939895232,3.724042656384573,0.016308204179701472,0.02220375511605017,0.003399406091533218,0.6800735254367722
84.42109273599999,10.599040792683555,12.830441677086839,0.4149612808106694,0.7455018363293869,0.3685655133323417,0.464925939895232,3.724042656384573,0.016308204179701472,0.02220375511605017,0.003399406091533218,0.6800735254367722
84.46682626200163,10.626287070124368,12.881056203010848,0.40705605328923733,0.7614449047286751,0.34177758134104097,0.5957758721282223,3.6813727737629987,0.03062694051874196,0.03872760208297052,0.011477491813899775,0.6946221994724903
84.58822639900063,10.653390794998339,12.931605474903535,0.40633412483539655,0.756518167975804,0.27180984797440244,0.5785840149451259,3.639266516521918,0.04364665435210082,0.055306107368532205,0.019064264753709644,0.7158910531638177
84.64181485000154,10.666872108481735,12.956617155769337,0.40443940450187066,0.7503504259740534,0.20445688741616308,0.5279811989828078,3.618520615942604,0.049706760791708604,0.06345930833420357,0.019126737524094606,0.696419413859206
84.66185603400118,10.680126631416936,12.981292429532868,0.3976356880560443,0.7402582129059239,0.17197806815595182,0.5332309424435133,3.5981996172202764,0.05423032063793325,0.07153499869115787,0.024818757935133755,0.696419413859206
84.73510875100146,10.693109854690933,13.00564380338328,0.38949669821987937,0.7305412155124029,0.13657918103041308,0.589656058964619,3.5783398311615744,0.05876004693479855,0.07957349505329157,0.0017159250889709186,0.6800735254367722
84.77998728400053,10.705749581915665,13.029561835987206,0.3791918167419877,0.7175409781177745,0.15323441290133233,0.6910719130871036,3.559041129804594,0.06108467215391997,0.08754846126721162,0.0034970650435579673,0.7280109889280518
84.80961157900128,10.718018453521337,13.053076600512453,0.36806614817013167,0.705442935757389,0.15810072044143508,0.7249593382271502,3.540317469538116,0.06312662899781449,0.09550050841114112,0.0037779466819768803,0.7158910531638177
84.86431370100036,10.729817407469971,13.076226040995987,0.35396861845905797,0.694483214506017,0.17249383631188953,0.8251866806776301,3.522249824491041,0.06078709135879287,0.09518275383509867,0.006139208151563364,0.7158910531638177
84.91697725400081,10.741073191791344,13.099212472754665,0.33767352964116315,0.6895929527603639,0.18432018860541488,0.8919458925023186,3.5048487809879356,0.05795784436636306,0.08392696951372614,0.007655289095707702,0.7158910531638177
84.957879091,10.751674937984555,13.121994370109856,0.3180523857963516,0.6834569206557193,0.19696261025701034,0.9591591147139936,3.4882338988401487,0.05334002029607765,0.07332522332051461,0.0013696875612784515,0.7566372975210779
85.05693168900143,10.770823392579347,13.166917148462185,0.27693741774716635,0.6695973684912764,0.23524865833223524,1.0775189023332974,3.457464459865181,0.04340125640525257,0.05417676872572308,0.005654115908192927,0.7516648189186454
85.05846215200108,10.770823392579347,13.166917148462185,0.27693741774716635,0.6695973684912764,0.23524865833223524,1.0775189023332974,3.457464459865181,0.04340125640525257,0.05417676872572308,0.005654115908192927,0.7516648189186454
85.16936052100027,10.786968266916903,13.211007922828456,0.23142871250097563,0.6621908283075882,0.22796927788254034,0.9103951279265401,3.430231213444564,0.03394506130725683,0.03803189438816723,0.0034548920932422414,0.75
85.20078836700122,10.794015545862276,13.233294136646766,0.21141836836122258,0.6685864145493151,0.25109841230446195,0.8463935701635392,3.417705701866557,0.0299369595804744,0.03098461544279374,0.0049208329479742425,0.75
85.22662064200085,10.800398437145772,13.255970729647585,0.19148673850486045,0.6802977900245598,0.26325609345429035,0.813875850713448,3.4058414353580373,0.02648144060865553,0.0246017241592984,0.0059486065835115155,0.75
85.25657351500013,10.806104636979091,13.279089844637493,0.17118599499960546,0.6935734496972361,0.2823267974749696,0.7860206792036056,3.3946487514480697,0.02377096492612785,0.01889552432597874,0.007496597191628592,0.75
85.36786693200156,10.81121736229558,13.30278044604178,0.15338175949466293,0.7107180421285872,0.3926845484655858,0.7345202690505807,3.3840287018994664,0.022195142999307697,0.013782799009490532,0.004059532424554882,0.75
85.39885186500032,10.815795012108731,13.327131533862659,0.13732949439453424,0.7305326346263823,0.42527328910691736,0.7099948420358697,3.3739187999178895,0.02124564778634315,0.009205149196338525,0.006108177305318884,0.75
85.43562055500115,10.81990296296862,13.352280422550576,0.12323852579664567,0.7544666606375139,0.45206207669844833,0.6892280702648056,3.3642415399080945,0.02214976810817283,0.005097198336450504,0.009886581929588235,0.7516648189186454
85.47677198600104,10.823534986984276,13.378356863452023,0.1089607204697113,0.7822932270433798,0.5061965741594525,0.6470851805200405,3.35499505186564,0.023784995904507056,0.003409554679771697,0.01436551874235603,0.7516648189186454
85.55158537500029,10.829563390886323,13.432722029693181,0.08338684987263936,0.824084627299257,0.6145576711492741,0.6063598026233128,3.337815978134168,0.03362538057166305,0.03758880711036015,0.02202233313308272,0.7566372975210779
85.567028114001,10.829563390886323,13.432722029693181,0.08338684987263936,0.824084627299257,0.6425518881413683,0.5864689862782159,3.337815978134168,0.03362538057166305,0.03758880711036015,0.02202233313308272,0.7566372975210779
85.60635935100072,10.832133564732663,13.460582626956915,0.07710521539021782,0.8358179179120309,0.7029365171751367,0.5726036697657962,3.329835673977947,0.03786038522695682,0.042866597317464894,0.01068779131470174,0.7648529270389178
85.63578388600035,10.83494486823074,13.48853979643971,0.08433910494230756,0.8387150844838451,0.7384833438705622,0.5695146208114662,3.3218170620957985,0.04182057615839753,0.04005529381938722,0.02120707532407766,0.7648529270389178
85.74506302900045,10.838366374944234,13.516413808981422,0.10264520140481984,0.8362203762513658,0.9324125843606172,0.578574620535703,3.3134312647830773,0.045135748869301974,0.03663378710589349,0.011581599019142285,0.7762087348130012
85.76484429100128,10.84260479693746,13.543919451680841,0.12715265979676943,0.8251692809825844,0.9655066229231029,0.5811618744183382,3.3045194938377627,0.04793024269204554,0.03239536511266827,0.022273905848794056,0.7762087348130012
85.82583164700009,10.84260479693746,13.543919451680841,0.12715265979676943,0.8251692809825844,1.0317628030030275,0.5641636095210538,3.3045194938377627,0.04793024269204554,0.03239536511266827,0.0,0.7762087348130012
85.86564865500077,10.84260479693746,13.543919451680841,0.12715265979676943,0.8251692809825844,1.0770476502867379,0.5936682845411416,3.3045194938377627,0.04793024269204554,0.03239536511266827,0.0,0.7762087348130012
85.90770275000068,10.847665022659744,13.571061553347592,0.15180677166853307,0.8142630500025131,1.0645709100414644,0.5939300325264085,3.2950658089297558,0.05088537281027136,0.027335139390384455,0.012159815622033512,0.7905694150420949
85.93919542000003,10.847665022659744,13.571061553347592,0.15180677166853307,0.8142630500025131,1.0534647571307962,0.559687946778554,3.2950658089297558,0.05088537281027136,0.027335139390384455,0.012159815622033512,0.7905694150420949
86.02125890900061,10.853613256018948,13.597859439646557,0.17844700077610276,0.8039365889689556,0.9793348586339193,0.5225862475306127,3.2849919381709247,0.05353062960240489,0.02138690603118043,0.02340189733375503,0.7433034373659253
86.04770272400128,10.860497584075414,13.624333295533935,0.20652984169398586,0.7942156766213219,0.9729053675033079,0.4896724619549623,3.2742380360198053,0.05753834502583147,0.01450257797471366,0.02374405430571613,0.7615773105863909
86.06405222300054,10.860497584075414,13.624333295533935,0.20652984169398586,0.7942156766213219,0.9651378875470749,0.4558738507360671,3.2742380360198053,0.05753834502583147,0.01450257797471366,0.02374405430571613,0.7615773105863909
86.10920556100064,10.868474609488073,13.650393216725556,0.23931076237977356,0.7817976357486317,0.9625447294474616,0.40873226495880366,3.262652695137754,0.060463535485506335,0.02256983464769563,0.03440915012215838,0.7826237921249265
86.13749945300151,10.877800503590825,13.675994293500718,0.27977682308254753,0.7680323032548633,0.9540608000765428,0.3762135284792268,3.249976989734465,0.06612604505918741,0.0340781266804071,0.044497510532660524,0.7826237921249265
86.211616908,10.888677458837403,13.70120669535448,0.32630865739737314,0.7563720556128516,0.9868831341443092,0.3372308903046836,3.2359895802071255,0.07071583771351264,0.04421481818768467,0.019822143832558876,0.8062257748298549
86.27422296400073,10.888677458837403,13.70120669535448,0.32630865739737314,0.7563720556128516,0.985960429508762,0.30125744095174833,3.2359895802071255,0.07071583771351264,0.04421481818768467,0.0,0.8062257748298549
86.30734813300114,10.901393168109971,13.726025463040934,0.38147127817701143,0.7445630305935761,0.9840942869584886,0.329532545829727,3.2203947924605942,0.07467376029435657,0.05277297286523968,0.010977334638184929,0.7632168761236874
86.33278404400153,10.901393168109971,13.726025463040934,0.38147127817701143,0.7445630305935761,0.9674929311647553,0.3017162208298153,3.2203947924605942,0.07467376029435657,0.05277297286523968,0.010977334638184929,0.7632168761236874
86.3893712120007,10.915925761829778,13.750599563278893,0.4359778115941874,0.7372230071387784,0.9524797498886243,0.3005253571567376,3.2031873843657945,0.07855894161387804,0.05987339021755454,0.010717606985710693,0.7905694150420949
86.43412756300131,10.932164091513439,13.775081993393268,0.4871498905098527,0.7344729034312636,0.9147683887173174,0.24413670424255743,3.1844553779436393,0.08112312094658958,0.06570284953689527,0.020327463723012834,0.7905694150420949
86.50033469100163,10.949992810241538,13.799446316718871,0.5348615618429609,0.7309296997680848,0.8750570875027529,0.14959270155795334,3.164313165927774,0.08403073933780239,0.07032421986694434,0.012562623166534705,0.7905694150420949
86.51850076000119,10.969183757471187,13.82358025948153,0.5757284168895005,0.7240182828797322,0.8584056973944576,0.11926550053454779,3.142995102991815,0.08577853961046915,0.07381944552770961,0.02402939554248598,0.7810249675906654
86.53799017900019,10.989573140561216,13.84732211686478,0.6116814927008655,0.7122557214974895,0.8584056973944576,0.11926550053454779,3.1206732223262197,0.08737645118770375,0.07619000283419987,0.032342856996927044,0.7810249675906654
86.5797974240013,11.01110162826617,13.870510486208348,0.6458546311485949,0.6956510803070257,0.8196766364345528,0.02465960649927862,3.097411594838541,0.08805045594571106,0.07736371639683132,0.03940283759693279,0.7778174593052023
86.60992274199998,11.033595465370285,13.893270328197199,0.6748151131234578,0.6827952596655157,0.8062605309201882,-0.005905879701513753,3.0733652446790916,0.08843237004313145,0.07755181025465692,0.027557341053093327,0.7778174593052023
86.66475210400131,11.056949867924695,13.915586089547961,0.7006320766322967,0.6694728405228745,0.7842542677215394,-0.10579705561498384,3.0486329061879096,0.08836987820412609,0.07681738001633778,0.03678873288600346,0.7810249675906654
86.75097861700124,11.105737302577198,13.959395383030971,0.7409854350345652,0.6532290444793142,0.8759299355893796,-0.18182908209989812,2.9975621360516747,0.0882518591384112,0.0732973026376851,0.02949932325676468,0.7905694150420949
86.7797682190012,11.130931595948446,13.980899311992765,0.755828801137466,0.6451178688538327,0.9196599188766227,-0.23397898756913155,2.9714562358919294,0.08848305450476843,0.07068782093871043,0.042594941340842254,0.7905694150420949
86.81473206200099,11.130931595948446,13.980899311992765,0.755828801137466,0.6451178688538327,0.9396619611363185,-0.2618958358719675,2.9714562358919294,0.08848305450476843,0.07068782093871043,0.0,0.7905694150420949
86.82779386900074,11.130931595948446,13.980899311992765,0.755828801137466,0.6451178688538327,0.9710240616718536,-0.2748173596006279,2.9714562358919294,0.08848305450476843,0.07068782093871043,0.0,0.7905694150420949
86.85864350000156,11.156553763351756,14.002003772835037,0.7686650220992753,0.6331338252681401,1.0025265711371987,-0.28705421361727196,2.945077080243788,0.08942629943263089,0.06749331999399012,0.01827977014379183,0.8062257748298549
86.92718269000034,11.182528020409748,14.022629793465791,0.7792277117397728,0.6187806189226247,1.0880716431827386,-0.3399641352771273,2.918497712960112,0.09071529695991581,0.06371154574890096,0.01649210134903397,0.8062257748298549
86.9528023060011,11.208810623426144,14.042594600573103,0.7884780904918763,0.5989442132193531,1.1286290841034103,-0.3914230139337029,2.8917592208026037,0.09374130553805392,0.05924418941943529,0.03228452068339029,0.7826237921249265
86.9730722330005,11.208810623426144,14.042594600573103,0.7884780904918763,0.5989442132193531,1.1286290841034103,-0.3914230139337029,2.8917592208026037,0.09374130553805392,0.05924418941943529,0.03228452068339029,0.7826237921249265
86.9956840240011,11.235315883581858,14.061905704729645,0.7951578046714044,0.5793331246962581,1.1339548854254076,-0.4594363975379908,2.86493739236838,0.09682971542461051,0.054157152927506294,0.048857690763210615,0.8
87.0368384830017,11.261958284753364,14.080572384299026,0.799272035145149,0.5600003870814496,1.1207790278933552,-0.5272301046596978,2.838108209658661,0.10443620666455772,0.05708202333140713,0.015762224843923374,0.8
87.08116706000146,11.288804303288671,14.098286851626197,0.8053805560592077,0.5314340198151313,1.0920233368867003,-0.5142945531745431,2.811196218709331,0.11134580526559722,0.07328664263741125,0.0309806032319865,0.8
87.09298332500111,11.288804303288671,14.098286851626197,0.8053805560592077,0.5314340198151313,1.0920233368867003,-0.5142945531745431,2.811196218709331,0.11134580526559722,0.07328664263741125,0.0309806032319865,0.8
87.12808252300056,11.315880264766616,14.114818233788741,0.8122788443383225,0.4959414648763339,1.0321924497173547,-0.5394876737385254,2.784159169330774,0.12054375423431805,0.08981802479995515,0.04577788430846655,0.75
87.19153578400073,11.37070126417476,14.14391333040303,0.8267886993923512,0.414139863535752,0.9575078289630106,-0.470859610566236,2.729651986969096,0.13801530556420408,0.11891312141424493,0.025452268155697278,0.75
87.2371088660002,11.39872667580925,14.156136861046487,0.8407623490346654,0.3667059193037241,0.8911190195329284,-0.45686203897142486,2.7018565689452676,0.1460275619804913,0.13113665205770175,0.03656163206482428,0.7000000000000001
87.27261737900153,11.39872667580925,14.156136861046487,0.8407623490346654,0.3667059193037241,0.825126134499225,-0.4416502386564184,2.7018565689452676,0.1460275619804913,0.13113665205770175,0.03656163206482428,0.7000000000000001
87.32784510700003,11.427445154954755,14.166772437087838,0.8615543743651441,0.3190672812405313,0.7235288331598478,-0.4347593123113369,2.6733888527727236,0.15352218954716793,0.1417722280990521,0.04620143571776798,0.7000000000000001
87.40145687100085,11.45696837064882,14.175656229730931,0.8856964708219187,0.2665137792928114,0.6902997042201301,-0.5413633938730044,2.6441142295384763,0.159739302587835,0.15065602074214546,0.01812367128998162,0.7000000000000001
87.46179612600099,11.487278703543598,14.182663481857803,0.9093099868433709,0.21021756380617024,0.6845986838992948,-0.6435962378585194,2.614028657874598,0.16489637704604285,0.1576632728690175,0.034614957210806194,0.7000000000000001
87.56813534200046,11.518362238068715,14.187908441320854,0.9325060357535117,0.15734878389152604,0.7892795219833251,-0.7753877808572637,2.5831340321177754,0.16852139927991586,0.16290823233206808,0.03530055331578861,0.7000000000000001
87.6428049340011,11.582245864165438,14.19346249648324,0.9654356319760274,0.06086757830064155,0.7366982484238898,-0.804572211218383,2.5194882668432728,0.17251108229307965,0.1684622874944548,0.05384635864880703,0.7000000000000001
87.6977609070018,11.614806067226846,14.194286854920032,0.9768060918422152,0.024730753103712876,0.6717488134033921,-0.7928596319369973,2.4869818846351106,0.17306036221979332,0.16928664593124587,0.0495185206743537,0.7000000000000001
87.72672830900046,11.647292174881743,14.194017794428246,0.9745832296468981,-0.008071814753570685,0.6544902931347121,-0.858644502519492,2.454509120183806,0.17289309750112447,0.16901758543946066,0.061549291356017784,0.7000000000000001
87.77119063800092,11.679509774319444,14.192876333151508,0.966527983131008,-0.0342438383021647,0.5988130313979635,-0.8788527744736803,2.422271443475066,0.17205098301684715,0.16787612416272246,0.0714326974934132,0.7000000000000001
87.83114273700085,11.711208394025716,14.190662503875133,0.9509585911881598,-0.06641487829122411,0.548825971144304,-0.9312677214717691,2.3905114570698265,0.17070203487490423,0.16566229488634754,0.036222036231996275,0.7000000000000001
87.85921802200028,11.74241074217823,14.18748601560543,0.936070444575378,-0.0952946480911227,0.5645614584909225,-0.9969220555942957,2.3592119259454245,0.16864617574455384,0.1624858066166439,0.04822558802967029,0.7000000000000001
87.96920219500134,11.773175232980213,14.183145699976185,0.922934724059487,-0.13020946887732887,0.6732607847430911,-1.0531950986057224,2.3283098384538974,0.16591967969504365,0.15814549098739938,0.01617578077505458,0.7000000000000001
88.02284325600158,11.803665669965753,14.177524973216668,0.9147131095661872,-0.16862180278553515,0.6577113944792488,-1.0629749392963888,2.297642591171673,0.16253783711756145,0.15252476422788241,0.031188251822540893,0.7000000000000001
88.13521704300001,11.834092547490032,14.170639768464193,0.9128063257283555,-0.20655614257425337,0.6296343301717428,-1.0798428636932231,2.2670082841112174,0.15838880441406636,0.1456395594754074,0.014921800630638863,0.7000000000000001
88.16262029500103,11.864441491517127,14.162397793624644,0.9104683208128209,-0.24725924518648873,0.5825188226653524,-1.1059709857137172,2.2364291469884288,0.15411151573413745,0.13739758463585794,0.028773257855424783,0.7000000000000001
88.19758536100016,11.894789778481117,14.152971747497153,0.9104486089197382,-0.2827813838247312,0.5517554830435224,-1.121572266862509,2.2058463516583062,0.14919678460178004,0.1279715385083673,0.04189918858531429,0.7000000000000001
88.22342654900058,11.924909686684014,14.142254126385724,0.9035972460869013,-0.32152863334288073,0.522377153498266,-1.135339844933246,2.175500696915001,0.1450189649204844,0.11725391739693869,0.05443374124684886,0.75
88.28509747100179,11.954543081297674,14.13004965416854,0.889001838409807,-0.3661341665155432,0.5539928606470237,-1.0890262934827368,2.14566734880394,0.1400121439921019,0.10504944517975368,0.03385991326685572,0.75
88.31597170000168,11.983457270009197,14.116319588091299,0.8674256613457102,-0.41190198231722475,0.529183015236224,-1.0649257847929379,2.1166056450913073,0.13597101936099862,0.09171014882473234,0.042994891969489746,0.75
88.4031399580017,12.011794029432284,14.10125527685474,0.8501027826926109,-0.4519293370967909,0.5286944872076961,-0.9120232564600921,2.0882063478580455,0.1320720615413172,0.08466772021248896,0.01710531490593083,0.75
88.50992334300099,12.039506988873441,14.08476272922366,0.8313887832347218,-0.49477642893238283,0.5450491670212869,-0.7437108496472105,2.060549349887574,0.12833345268236243,0.08787168640808594,0.003558751046939648,0.8
88.58068479900066,12.066809851253462,14.066917069470993,0.8190858714006085,-0.5353697925800235,0.5187664679065814,-0.6953792836266938,2.033459284385197,0.12749460012018046,0.09455893851694214,0.009864482489561994,0.8
88.63426039600017,12.0939542729556,14.04779949834375,0.8143326510641585,-0.5735271338172675,0.466811610673859,-0.743261121387158,2.006724782167764,0.12559775351744948,0.10023477899002156,0.01880187722404692,0.8062257748298549
88.68478239200158,12.120954554899704,14.027423429108879,0.8100084583231526,-0.6112820770461447,0.4026652372045846,-0.7503563095917106,1.9803757806069384,0.1255894854531152,0.10491880471674285,0.010177322531576093,0.8321658488546619
88.69721573300012,12.147938289879935,14.005954012566784,0.8095120494069017,-0.6440824962628612,0.3694130391374134,-0.7459538145796033,1.954325860205805,0.12498190059476218,0.10881801667797089,0.01970703971479214,0.8321658488546619
88.72504546600067,12.147938289879935,14.005954012566784,0.8095120494069017,-0.6440824962628612,0.30122492423848546,-0.7353432670607724,1.954325860205805,0.12498190059476218,0.10881801667797089,0.01970703971479214,0.8321658488546619
88.7755091930012,12.17464514839786,13.983283104560815,0.8012057555377013,-0.6801272401790762,0.23540353714107964,-0.7242584829898975,1.9288893535578606,0.12491200394743182,0.11167186465350787,0.02677353205142109,0.8200609733428363
88.8068759480011,12.201134402367137,13.959555262996439,0.7946776190783296,-0.7118352469313075,0.24816611903739086,-0.6843042874774002,1.9040523317455351,0.12425131428438015,0.11362447809066596,0.007556668086123611,0.8514693182963202
88.82792485600112,12.227283274558722,13.93529475612118,0.7844661657475919,-0.7278152062577515,0.19655910418214387,-0.6311268026166373,1.8799456777015344,0.12401465693061346,0.11495975401119862,0.010163578290434022,0.8139410298049854
88.90647964900018,12.253134462128534,13.910791239749225,0.7755356270943687,-0.7351054911586627,0.11838114453320744,-0.5183960930659023,1.8565323239666187,0.12363075540153404,0.11591270145401206,0.004342567750369126,0.848528137423857
88.92974898200009,12.278791184940735,13.886496331056323,0.7697016843660451,-0.7288472607870256,0.08992714193901538,-0.5008656026819926,1.8336808241081606,0.12403018169699165,0.11687564945248415,0.008664854843882346,0.8139410298049854
88.97703475900016,12.304170389887904,13.862600164499147,0.7613761484150801,-0.7168849967152949,0.024389410343166697,-0.48656986561198523,1.8114531930058786,0.12466835361568986,0.11792431595480869,0.012847710212312867,0.8514693182963202
89.00070877300095,12.304170389887904,13.862600164499147,0.7613761484150801,-0.7168849967152949,-0.04334485229479923,-0.4850200123006239,1.8114531930058786,0.12466835361568986,0.11792431595480869,0.012847710212312867,0.8514693182963202
89.07007848400099,12.329226120027824,13.839045836666466,0.7516719041976141,-0.7066298349804102,-0.13671454947192585,-0.5191006981391932,1.7898986589616788,0.12596846118119737,0.11898596770754671,0.003798812436055262,0.8200609733428363
89.14790301200082,12.377795837762049,13.792762834402685,0.7197031755033241,-0.6910316986771753,-0.18999895564366298,-0.6329105476269172,1.7493947102795278,0.12895113011736553,0.12060291972334156,0.02139591779160711,0.8321658488546619
89.17817292500149,12.401063755552034,13.76990277311311,0.6980375336995369,-0.6858018386872838,-0.20370861196150983,-0.6645533857940671,1.7307075263883764,0.13042587084173007,0.12089131782053199,0.03258089364713975,0.8
89.19530173800013,12.401063755552034,13.76990277311311,0.6980375336995369,-0.6858018386872838,-0.2220028546310545,-0.6952718232354393,1.7307075263883764,0.13042587084173007,0.12089131782053199,0.03258089364713975,0.8
89.23275206400103,12.42334537597686,13.74735588223717,0.6684486127447985,-0.6764067262781968,-0.2496079122948746,-0.7554894896371162,1.713338437685591,0.132046876790891,0.12070374328570047,0.007937938719563446,0.8
89.28425881300063,12.444560537680267,13.725219542529539,0.6364548511022461,-0.6640901912289127,-0.340729019335813,-0.8024150767107809,1.697333262711602,0.13359595582310677,0.12005237207223458,0.015796766958672107,0.8
89.2908625910004,12.444560537680267,13.725219542529539,0.6364548511022461,-0.6640901912289127,-0.340729019335813,-0.8024150767107809,1.697333262711602,0.13359595582310677,0.12005237207223458,0.015796766958672107,0.8
89.35075131300073,12.483662792429605,13.682679844509789,0.5700722534552107,-0.6287617062783754,-0.3928806206747283,-0.8833331728449325,1.6693418106411981,0.1373110162525754,0.11762173262578199,0.03845511788120141,0.75
89.41149660000156,12.483662792429605,13.682679844509789,0.5700722534552107,-0.6287617062783754,-0.41754937436856787,-0.9825587942878916,1.6693418106411981,0.1373110162525754,0.11762173262578199,0.03845511788120141,0.75
89.4770871690016,12.501662463869353,13.66232422439645,0.5399901431924419,-0.6106686034001552,-0.423211877987114,-1.0822634792603936,1.6571792190207897,0.13912264487130255,0.11595582534255841,0.019182669838120645,0.7000000000000001
89.50084926400086,12.501662463869353,13.66232422439645,0.5399901431924419,-0.6106686034001552,-0.42210876354381466,-1.1488857116148878,1.6571792190207897,0.13912264487130255,0.11595582534255841,0.019182669838120645,0.7000000000000001
89.60777285600125,12.53335552502678,13.623064956540706,0.45172851230015687,-0.5836227600728852,-0.4652397401147354,-1.160194804426383,1.637633031739295,0.14410710686732164,0.11060570927831884,0.039392399406412676,0.7000000000000001
89.63954558500154,12.546887637568997,13.603698716675655,0.40596337626653556,-0.580987195951522,-0.49832737314909187,-1.1463724652879295,1.630482436018678,0.14529759597059536,0.1064803582860377,0.05645025089867437,0.7000000000000001
89.67178362900086,12.546887637568997,13.603698716675655,0.40596337626653556,-0.580987195951522,-0.5053587357042338,-1.141960222666425,1.630482436018678,0.14529759597059536,0.1064803582860377,0.020220877151147888,0.7000000000000001
89.73353607600075,12.56963883720337,13.564730590225757,0.3212610335082734,-0.5864405119955508,-0.5202410781570863,-1.0423364731792093,1.6212706836417912,0.1492636488893662,0.10264004144241926,0.056815386430096364,0.65
89.80581579400132,12.578724156154303,13.544810544145088,0.2725595685280014,-0.5976013824200703,-0.5295758799870215,-0.9069258352651339,1.6194182674531337,0.15038330765233654,0.10559882424146652,0.01816484245510155,0.65
89.83482632900086,12.586230631519799,13.524289090743851,0.22519426096484807,-0.6156436020371097,-0.5299406153591082,-0.8724106172028336,1.6195495521858811,0.1499326555934272,0.11123044562781281,0.03529884329479169,0.65
89.87344202300119,12.592157885905202,13.502815362974385,0.177817631562115,-0.6442118330839934,-0.5252881136864003,-0.8031884170505831,1.6217944788835867,0.14978760195566557,0.11715770001321602,0.051585256383361755,0.65
89.9164293820013,12.592157885905202,13.502815362974385,0.177817631562115,-0.6442118330839934,-0.5168415018267362,-0.7375170897579177,1.6217944788835867,0.14978760195566557,0.11715770001321602,0.01709353208522422,0.65
89.93954507200033,12.596652154706605,13.480039624598273,0.1348280640421057,-0.6832721512833251,-0.5088705404219178,-0.668832426574079,1.6261628488612512,0.14848319156270592,0.1216519688146196,0.033749613015736195,0.65
89.97504187600134,12.596652154706605,13.480039624598273,0.1348280640421057,-0.6832721512833251,-0.5023058328035568,-0.6357891270901208,1.6261628488612512,0.14848319156270592,0.1216519688146196,0.033749613015736195,0.65
90.00560948400016,12.599980084124915,13.455712235581023,0.09983788254930939,-0.7298216705175132,-0.4952959535242007,-0.601879518047163,1.6325337581201491,0.1457666510871567,0.12497989823292954,0.017075217280202705,0.65
90.0429404660008,12.602339521675283,13.42985914831377,0.07078312651105689,-0.7755926180175738,-0.47152691724723284,-0.5026203191462723,1.6407546036609384,0.14349233611099327,0.12733933578329726,0.03427221418015758,0.6000000000000001
90.1159569420015,12.604556045004086,13.374067398072887,0.01788823803883227,-0.8550434347325411,-0.4415837670845416,-0.4037821318652885,1.6623269128166358,0.13685291237409758,0.12955585911210044,0.023529452568156462,0.6000000000000001
90.13968660200044,12.604556045004086,13.374067398072887,0.01788823803883227,-0.8550434347325411,-0.3790147383313037,-0.42495695159619246,1.6623269128166358,0.13685291237409758,0.12955585911210044,0.023529452568156462,0.6000000000000001
90.17002901200067,12.604208796464418,13.344552208757186,-0.010417456190063998,-0.8854556794710151,-0.34580883476354,-0.43508370408009933,1.6757364619378758,0.13251855074746,0.12920861057243194,0.03419654926711824,0.6000000000000001
90.23359094800071,12.602874814220218,13.3143065773152,-0.04001946732597397,-0.9073689432595865,-0.24251643215341756,-0.4405152166054959,1.6907684573430803,0.12733950352102896,0.12787462832823238,0.009427839951014998,0.6000000000000001
90.25491017900094,12.600764556773298,13.283421775385321,-0.06330772340764147,-0.9265440578963771,-0.21311592902028884,-0.4328304716197193,1.7071926988896204,0.12116052776481911,0.12576437088131165,0.01835498277157312,0.6000000000000001
90.313657005001,12.600764556773298,13.283421775385321,-0.06330772340764147,-0.9265440578963771,-0.11657220921654139,-0.3980826641727623,1.7071926988896204,0.12116052776481911,0.12576437088131165,0.01835498277157312,0.6000000000000001
90.35290245800024,12.597920027915055,13.252413297016473,-0.08533586574728341,-0.9302543510654543,-0.05810559275578764,-0.3661995294947484,1.724716632265484,0.11378924179014475,0.12291984202306949,0.008088101625617213,0.65
90.3899919760006,12.597920027915055,13.252413297016473,-0.08533586574728341,-0.9302543510654543,-0.007865029845195853,-0.31912968436235567,1.724716632265484,0.11378924179014475,0.12291984202306949,0.008088101625617213,0.65
90.45365885400133,12.59040550546168,13.190999324882213,-0.12243220666761692,-0.9143646398703176,0.020339609596779412,-0.2321923190727741,1.762145784350715,0.093888833979165,0.09291697635016877,0.023570340177103147,0.651920240520265
90.4810002560007,12.59040550546168,13.190999324882213,-0.12243220666761692,-0.9143646398703176,0.058792717947632175,-0.17365580114728202,1.762145784350715,0.093888833979165,0.09291697635016877,0.023570340177103147,0.651920240520265
90.49389800600147,12.59040550546168,13.190999324882213,-0.12243220666761692,-0.9143646398703176,0.058792717947632175,-0.17365580114728202,1.762145784350715,0.093888833979165,0.09291697635016877,0.023570340177103147,0.651920240520265
90.5525583890012,12.585711228237118,13.161205113248181,-0.14082831673684823,-0.8938263490209336,0.07455912236171522,-0.09554385439972735,1.7816863707393893,0.08071740298384884,0.07068682080621043,0.005608859073363212,0.651920240520265
90.58855180700084,12.580484253088747,13.132118998653231,-0.156809254451157,-0.8725834378485084,0.13988645846229653,-0.11107553460239993,1.8015886705569852,0.06785581063311807,0.055938886181658765,0.010435048536535691,0.6576473218982953
90.63595095200071,12.580484253088747,13.132118998653231,-0.156809254451157,-0.8725834378485084,0.20477115334162005,-0.12877114573525555,1.8015886705569852,0.06785581063311807,0.055938886181658765,0.010435048536535691,0.6576473218982953
90.6637184150004,12.580484253088747,13.132118998653231,-0.156809254451157,-0.8725834378485084,0.2600361135933084,-0.17134219064251782,1.8015886705569852,0.06785581063311807,0.055938886181658765,0.0,0.6576473218982953
90.74162448500101,12.574875046056688,13.104058725910937,-0.16827621096176415,-0.8418081822688588,0.3459017226294493,-0.27333069816092537,1.8215117750304923,0.05568977626676002,0.04987485941964387,0.006996752969247372,0.6576473218982953
90.76080004600044,12.569169758405774,13.0770938355165,-0.1711586295274236,-0.8089467118331131,0.3459017226294493,-0.27333069816092537,1.841135043911168,0.043704923003158314,0.044169571768730265,0.01409228056780209,0.6670832032063168
90.81890958300028,12.563553210746699,13.051221626514703,-0.16849642977227208,-0.7761662700539285,0.42655159280836863,-0.33485186438890857,1.86027009138384,0.032088309795717605,0.038553024109655,0.0173134396317677,0.6670832032063168
90.8394950460006,12.558340007808807,13.026521088105648,-0.15639608813673075,-0.7410161522716677,0.4847075593065834,-0.3714098051482714,1.8785825789155046,0.020906823840868886,0.03333982117176326,0.02564048953594057,0.6800735254367722
90.88206379900112,12.558340007808807,13.026521088105648,-0.15639608813673075,-0.7410161522716677,0.544817085207548,-0.4022022886807728,1.8785825789155046,0.020906823840868886,0.03333982117176326,0.0,0.6800735254367722
90.94296931600002,12.55366947003356,13.003043702674892,-0.14011613325743125,-0.7043215629226683,0.6330065521634571,-0.45222035601764954,1.895903801923373,0.009684880993515601,0.028669283396515866,0.01245887607490775,0.6800735254367722
90.99081533400022,12.549694601126228,12.98112131797475,-0.11924606721993787,-0.6576715410042433,0.6949828321107026,-0.48076452156152505,1.9118933900371435,0.00042377147332152914,0.024694414489184524,0.023729789452593446,0.7433034373659253
91.00166639000054,12.549694601126228,12.98112131797475,-0.11924606721993787,-0.6576715410042433,0.7264760712109963,-0.49383982932895004,1.9118933900371435,0.00042377147332152914,0.024694414489184524,0.023729789452593446,0.7433034373659253
91.03056862200174,12.546450950841948,12.960805024789286,-0.09730950852840842,-0.6094887955639382,0.7590265047931717,-0.507374953836713,1.9264682296070252,0.010712670932115476,0.02145076420490355,0.03379809222108112,0.7433034373659253
91.10096178200001,12.543904450070976,12.942019292239628,-0.07639502312913762,-0.5635719764897397,0.8540456493075964,-0.5425993376188719,1.9396784991472487,0.02039734251250262,0.01890426343393159,0.01097998717854591,0.7615773105863909
91.1488619210013,12.542295842219353,12.92473236023727,-0.048258235548654854,-0.5186079600707516,0.9502999721950691,-0.5753375698581171,1.9513319215962648,0.02863302404971072,0.012040489269171915,0.020433272113588218,0.7615773105863909
91.17739936800172,12.541590513658681,12.908856063223137,-0.02115985682016593,-0.47628891042397736,0.9825474719744066,-0.5844667111689363,1.9614953492779164,0.03568087374850832,0.0003155093821311541,0.028431456200029685,0.7615773105863909
91.21325273300135,12.54173519612486,12.894300778696039,0.004340473985361717,-0.43665853581297775,1.049347752645655,-0.5976032463949222,1.9702537428587736,0.04339254467208077,0.009874325056126244,0.020668938699727416,0.7826237921249265
91.22500703800142,12.54173519612486,12.894300778696039,0.004340473985361717,-0.43665853581297775,1.0264332667062561,-0.5730813687759868,1.9702537428587736,0.04339254467208077,0.009874325056126244,0.020668938699727416,0.7826237921249265
91.2586824760001,12.543126549711017,12.880627409314496,0.041740607584731845,-0.4102010814462645,1.0050199910591608,-0.561463869691496,1.9775551711974557,0.049663855508948807,0.018559021711683513,0.02872919380286227,0.7826237921249265
91.30808030700064,12.54600826009037,12.867561853353271,0.08645131138057217,-0.3919666788367516,0.9433030919421923,-0.5283860725079513,1.9833794677311207,0.05435399085829317,0.025760087981182272,0.03527250796823418,0.7826237921249265
91.38891695100028,12.550558700025547,12.854925173752795,0.1365131980553381,-0.3791003880142826,0.8095653925514341,-0.5473408744152907,1.9877071376390003,0.05741063187232128,0.031477922882814036,0.011356751205095298,0.73824115301167
91.43580513699999,12.556926838053126,12.842553486640597,0.19104414082734114,-0.37115061336592836,0.7580546084693006,-0.5338426209870447,1.9905392528358843,0.05886219133300391,0.03572307315173463,0.0066019634770487015,0.7632168761236874
91.48809695500131,12.56528574206213,12.830325746196786,0.250767120270136,-0.36683221331430954,0.7686067333661462,-0.4755169651503653,1.9918384885046607,0.059842413400156474,0.03845875363008791,0.011959380314358389,0.7632168761236874
91.51693804300157,12.575738324976818,12.818178017782582,0.3135774874406167,-0.3644318524261473,0.7457637002142662,-0.4795930997534012,1.9915926410891018,0.059202094739471293,0.03965740250789368,0.016066779459707727,0.7632168761236874
91.57216601300024,12.588359277630698,12.806049612979216,0.37862857961637203,-0.3638521441009936,0.7778797782861651,-0.5091301504887655,1.98981538781778,0.0568509158704884,0.039309118582737154,0.0009639379203130965,0.7632168761236874
91.59731580900007,12.588359277630698,12.806049612979216,0.37862857961637203,-0.3638521441009936,0.7609227743601097,-0.5120031064688606,1.98981538781778,0.0568509158704884,0.039309118582737154,0.0009639379203130965,0.7632168761236874
91.63042365100046,12.603163329719475,12.793889835604014,0.4441215626633246,-0.3647933212560519,0.7709512698457035,-0.5222916088623766,1.9865658254976086,0.05283341327778598,0.03743933400144715,0.000527976693676411,0.75
91.69322079400081,12.620069597103909,12.78176468914063,0.5071880215330035,-0.3637543939015667,0.7527539759185836,-0.504406503462322,1.9819027050318807,0.04827110438856641,0.03405857097650078,0.001741539623776425,0.75
91.81714021400148,12.659562371433394,12.75780122704882,0.6178993692927528,-0.35883103697721347,0.7056755595774395,-0.47450930671201436,1.9688468980350509,0.034756928696528445,0.023077688986077736,0.00782227971224378,0.7106335201775948
91.83877871700133,12.659562371433394,12.75780122704882,0.6178993692927528,-0.35883103697721347,0.7354104714524551,-0.42404933567997466,1.9688468980350509,0.034756928696528445,0.023077688986077736,0.00782227971224378,0.7106335201775948
91.87187667100079,12.681702805636599,12.745969639862517,0.6642130260961661,-0.354947615589082,0.6483555624462868,-0.43414838429104036,1.9608582681349345,0.026994994735567473,0.01578823335421088,0.0029277062750582925,0.7433034373659253
91.92168663300072,12.704785860409578,12.73420123647742,0.6924916431893755,-0.3530521015529488,0.5610524747686363,-0.3826264567874139,1.9524417424734728,0.018605986822144285,0.007787566631078434,0.006445480004212082,0.7071067811865476
91.972952524,12.728569495162718,12.722645081748658,0.7135090425941956,-0.3466846418628563,0.5072547683040408,-0.34061428997637677,1.9436893271378022,0.009730741930255481,0.0008585674109827804,0.010841413308302135,0.7071067811865476
91.9903394410012,12.728569495162718,12.722645081748658,0.7135090425941956,-0.3466846418628563,0.48493771310131606,-0.3156419787959649,1.9436893271378022,0.009730741930255481,0.0008585674109827804,0.005790499435417432,0.7071067811865476
92.06149466500028,12.75285745595642,12.711287140240595,0.7286388238110653,-0.3407382452418987,0.4834334181038753,-0.2980543698183503,1.934765215945685,0.0011141391876841435,0.010001471728730778,0.01205037478957586,0.6726812023536856
92.12788781100062,12.7775815961459,12.700167755041901,0.7417242056844342,-0.33358155596081307,0.5397117228960345,-0.27672061465384395,1.9257000672161937,0.007976563628109022,0.019621486239097916,0.003944399828861556,0.6726812023536856
92.17585722500007,12.802719861628805,12.689102740559221,0.7541479644871445,-0.3319504344803864,0.6069732172053077,-0.2671107841882634,1.9166551161098035,0.0167175013465377,0.029572777454697254,0.00815761942190805,0.6800735254367722
92.26271914600147,12.85364153579699,12.667124819200676,0.7664512368719281,-0.32802250681179096,0.575859251492498,-0.2372917524711973,1.8990894410325116,0.03353325984643104,0.05003910133938113,0.012624412394401714,0.651920240520265
92.27273407600114,12.85364153579699,12.667124819200676,0.7664512368719281,-0.32802250681179096,0.575859251492498,-0.2372917524711973,1.8990894410325116,0.03353325984643104,0.05003910133938113,0.012624412394401714,0.651920240520265
92.30947974400078,12.879342547080821,12.656351712881392,0.7710303385149313,-0.32319318957851184,0.5609373608178676,-0.1718089084577057,1.8905356368679291,0.0407963598691847,0.060594724168720006,0.004013010113930808,0.651920240520265
92.35979111900087,12.90489287294243,12.645746898289742,0.7665097758482791,-0.31814443774950457,0.6559627081607873,-0.13549842272138773,1.8823212077054499,0.04802222805304606,0.07116279653600785,0.008092584535634906,0.670820393249937
92.40323775400066,12.929926553501105,12.635451781176243,0.7510104167602438,-0.3088535134049805,0.6846837859036259,-0.09299745278718397,1.8745595097146528,0.05253906689383305,0.08158453469304011,0.012204750342702488,0.670820393249937
92.47146573300051,12.977945058725636,12.616094641940172,0.7101597755387251,-0.28407179124531196,0.6211745667865993,-0.06793225126806096,1.8603715765719706,0.05615410228546293,0.09109445530312854,0.01520785329563855,0.65
92.52001109700177,13.00096575586831,12.607070471419242,0.6906209142802049,-0.2707251156279514,0.7060244765637969,-0.03859510292477253,1.8538378696861495,0.05479286951547222,0.08207028478219769,0.01869365671055523,0.632455532033676
92.52895539700148,13.00096575586831,12.607070471419242,0.6906209142802049,-0.2707251156279514,0.7060244765637969,-0.03859510292477253,1.8538378696861495,0.05479286951547222,0.08207028478219769,0.0032859964683736387,0.632455532033676
92.55608348400165,13.023643537657783,12.598503718080108,0.6803334536841957,-0.2570026001740038,0.7350933816782808,-0.021401679253159445,1.8474399364106833,0.05172972556066788,0.07350353144306432,0.00680542590132399,0.6800735254367722
92.59996010800023,13.046036407491176,12.590441552442599,0.6717860950017838,-0.24186496912528188,0.7906699207200889,-0.008861703922956321,1.8410882545185108,0.048063756492783334,0.0654413658055546,0.009735341774421695,0.6800735254367722
92.63869613000134,13.068180837044427,12.582869446513254,0.6643328865975096,-0.22716317788033197,0.8205356819539895,0.010539748407907779,1.8347577227975742,0.043797059864499464,0.05786925987620961,0.0046111838397740025,0.6670832032063168
92.66979986800106,13.068180837044427,12.582869446513254,0.6643328865975096,-0.22716317788033197,0.7549647374360452,0.018273597211355352,1.8347577227975742,0.043797059864499464,0.05786925987620961,0.0046111838397740025,0.6670832032063168
92.72717565800122,13.090100156750703,12.575804886677417,0.6575795911882587,-0.21193679507510083,0.6810782331598475,0.008581822325670896,1.8284059825080954,0.03941659462697323,0.05080470004037352,0.009547469168438264,0.6670832032063168
92.75753301800069,13.090100156750703,12.575804886677417,0.6575795911882587,-0.21193679507510083,0.7028258409271675,0.028543325613365367,1.8284059825080954,0.03941659462697323,0.05080470004037352,0.0,0.6670832032063168
92.82582754400028,13.111828193171327,12.56925297924297,0.6518410926187382,-0.19655722303341427,0.7494358360684164,0.02400501231299662,1.821996147462328,0.03482740688111372,0.04425279260592596,0.0024983094151225546,0.6576473218982953
92.85878330100059,13.133519350618306,12.563382394427707,0.650734723409369,-0.17611754445788178,0.7786432585901204,0.042669677280755214,1.8152902003216969,0.030684525080061607,0.03838220779066326,0.0005233679717141825,0.6576473218982953
92.91099501100143,13.155171481627919,12.558212670238142,0.6495639302884211,-0.15509172568698468,0.8765666740227454,0.06808329420930187,1.8082613470799462,0.026654332191890492,0.03321248360109763,0.0017077394304101609,0.651920240520265
92.95477645200117,13.17679900162763,12.553751873121819,0.6488255999913505,-0.13382391348967176,0.9040168955867982,0.104645016671361,1.8008840477026895,0.023311135804339654,0.028751686484774552,0.002571639274291213,0.651920240520265
92.98952380400078,13.19834674395894,12.550030423952517,0.6464322699392597,-0.11164347507902463,0.865612259302299,0.11838445687993893,1.7931492633917172,0.02017875763983938,0.02503023731547316,0.0006889522794318165,0.651920240520265
93.02597964400047,13.220157432548135,12.547024142919907,0.6543206576758618,-0.09018843097830254,0.8274839840798436,0.13954974607239273,1.7848969035140199,0.017768453089068124,0.022023956282863466,0.001580437633932903,0.7000000000000001
93.09380266300104,13.264319312901074,12.54310231621003,0.6642933072515297,-0.04858354173176846,0.7336862371515581,0.1390224855557331,1.7670010211034697,0.014317797315033597,0.01810212957298596,0.002177388007177531,0.7000000000000001
93.14386628900138,13.286639701432938,12.542176760415506,0.669611655955885,-0.027766673835705805,0.634446940843719,0.1601060191445591,1.757375378533177,0.013384171076811809,0.017176573778462156,0.003409548791200834,0.7000000000000001
93.16053372900024,13.286639701432938,12.542176760415506,0.669611655955885,-0.027766673835705805,0.601479050684704,0.16905032532018038,1.757375378533177,0.013384171076811809,0.017176573778462156,0.003409548791200834,0.7000000000000001
93.20187484600137,13.309148529646105,12.541945344345809,0.6752648463950154,-0.006942482090942809,0.5826859042110739,0.16380200331152633,1.7472779853722806,0.012962583551162801,0.016945157708764924,0.002062109129760807,0.7000000000000001
93.23012635600026,13.309148529646105,12.541945344345809,0.6752648463950154,-0.006942482090942809,0.5589123455756551,0.18659975116905037,1.7472779853722806,0.012962583551162801,0.016945157708764924,0.002062109129760807,0.7000000000000001
93.26879144000122,13.331814187191094,12.542428650823114,0.6799697263496841,0.014499194319171169,0.5692342592710431,0.1832023418842202,1.736703184420868,0.013120888742377289,0.017428464186069803,0.004851196399229107,0.7000000000000001
93.32171594100146,13.354674922065618,12.543633946648619,0.6858220462357006,0.03615887476517711,0.5440208817698439,0.17943013094639892,1.7256259049465053,0.013702232716246161,0.018633760011574907,0.0029629290070665856,0.70178344238091
93.32917391700175,13.354674922065618,12.543633946648619,0.6858220462357006,0.03615887476517711,0.5440208817698439,0.17943013094639892,1.7256259049465053,0.013702232716246161,0.018633760011574907,0.0029629290070665856,0.70178344238091
93.36392668400003,13.377863035820647,12.54557144550385,0.6956434126508986,0.05812496565689853,0.5357758278796023,0.19939754060866127,1.7139807251154144,0.014917722219763736,0.020571258866805664,0.006681106496531319,0.70178344238091
93.4087250620014,13.401456606770546,12.548305202239833,0.7078071284969841,0.08201270207951351,0.506674124968924,0.22354002203512258,1.701681408965992,0.01641372922578016,0.02330501560278897,0.004213537869532048,0.7071067811865476
93.46806012400157,13.425320910855541,12.551797213215727,0.7159291225498715,0.104760329276783,0.4211479671069701,0.20961239965417455,1.688823182673481,0.01858648238961895,0.026797026578682548,0.009200868653951842,0.6576473218982953
93.51694532400143,13.449308303298391,12.5560083788584,0.7196217732854927,0.12633496928016769,0.3915134726637146,0.2294567750986638,1.6755028529703808,0.02064284461663561,0.031008192221355202,0.008739222802261283,0.6576473218982953
93.54843237900059,13.473206518840447,12.560896191586615,0.7169464662616792,0.14663438184648783,0.3644010895360973,0.2687343848169274,1.6618395232683256,0.02331209240395475,0.03589600494957068,0.012949410521216943,0.6670832032063168
93.59787901900017,13.49669540120375,12.566322008588697,0.7046664708991068,0.16277451006250163,0.3747550230933314,0.3167555665456722,1.6480730021052195,0.025259551484295022,0.04132182195165335,0.016769539163632628,0.6670832032063168
93.6279464850013,13.51966363715903,12.572234947904894,0.6890470786584374,0.17738817948589536,0.389318747714419,0.34863320343806864,1.6342754811960698,0.027734628226976726,0.04723476126785009,0.0004764324685182549,0.6800735254367722
93.66920074300106,13.54204781033123,12.57859394678106,0.6715251951659532,0.1907699662849653,0.4332179553073903,0.4008590337624728,1.620489748417868,0.02871855315166901,0.0535937601440164,0.00023664390292651934,0.6800735254367722
93.73841168700164,13.54204781033123,12.57859394678106,0.6715251951659532,0.1907699662849653,0.49915992501206996,0.47853055300174524,1.620489748417868,0.02871855315166901,0.0535937601440164,0.0,0.6800735254367722
93.75810479300162,13.56378293448673,12.585322103201822,0.6520537246650093,0.20184469262283075,0.5238686289334032,0.501914920364915,1.6067911726159732,0.03021234101722621,0.06032191656477792,0.0012909098616354895,0.696419413859206
93.80760056600047,13.584915307934802,12.592402138842317,0.633971203442155,0.21240106921487745,0.564221320261116,0.5593074633806397,1.593161495570088,0.029418706610802262,0.06740195220527312,0.0030384443655737422,0.696419413859206
93.85361459200067,13.605423281370742,12.599835586597603,0.6152392030782153,0.22300343265859118,0.5640395822970665,0.5832668570202357,1.5795883634191032,0.028966422557561648,0.066759592843751,0.0016034766382568635,0.7158910531638177
93.89169553900138,13.625275820328596,12.60757052657146,0.5955761687356318,0.23204819921571257,0.5319210791467828,0.5807550823546136,1.5661126332173165,0.02612821261833766,0.05819115643046657,0.0036746383972028757,0.670820393249937
93.92923565900128,13.625275820328596,12.60757052657146,0.5955761687356318,0.23204819921571257,0.5156116146359503,0.5981226590681329,1.5661126332173165,0.02612821261833766,0.05819115643046657,0.0036746383972028757,0.670820393249937
93.96079036200172,13.644273161691137,12.615660180384838,0.5699202408762218,0.24268961440133566,0.5261038897409032,0.6174950066794631,1.5527239456033914,0.022935060649327772,0.05047825659739002,0.0017763467167677843,0.670820393249937
94.05179379700166,13.679999660432154,12.633260462483875,0.5262002197056056,0.27234957587235686,0.6026986620021978,0.7217840014655106,1.5256884204024492,0.01682614367429284,0.037661085892589825,0.0031725337450001995,0.6946221994724903
94.07091820400092,13.679999660432154,12.633260462483875,0.5262002197056056,0.27234957587235686,0.5702078729052288,0.7247862613214286,1.5256884204024492,0.01682614367429284,0.037661085892589825,0.0,0.6946221994724903
94.15173573200082,13.69714200415229,12.643078071335621,0.5142703116040966,0.2945282655523784,0.5764502976030549,0.7199569906875775,1.5115938842961643,0.014059304333445037,0.03248171619675721,0.00045681994824269424,0.6946221994724903
94.15743988900067,13.69714200415229,12.643078071335621,0.5142703116040966,0.2945282655523784,0.5764502976030549,0.7199569906875775,1.5115938842961643,0.014059304333445037,0.03248171619675721,0.00045681994824269424,0.6946221994724903
94.1890588840015,13.713982957092027,12.653731800181466,0.5052285881921081,0.3196118653753405,0.5409157954408136,0.707865806971425,1.496897078366364,0.012137606650208825,0.028106688083246293,4.209634236019844e-05,0.6800735254367722
94.26072573400052,13.747001770760287,12.677805632797872,0.49173910254460385,0.37468846864426464,0.47944062848763314,0.6566928630772876,1.465347934092048,0.00841465570061154,0.02178163132389481,0.00040703610208742174,0.6800735254367722
94.37531408400173,13.763169884275532,12.691224085797055,0.48504340545739255,0.4025535899754887,0.4141177633130648,0.6348898107137336,1.4484833804007904,0.007796877130482191,0.01983732772702587,1.8849297730103137e-05,0.7106335201775948
94.39744825600064,13.779082177304222,12.705585434305833,0.47736879086067224,0.4308404552633268,0.3835025961889156,0.6214992268982135,1.430866950468788,0.007260315411414508,0.01874064433975261,0.0023800842683403263,0.6726812023536856
94.47876984800132,13.810524822819835,12.737492265320347,0.4703355531955501,0.49443585032600385,0.37688503981107135,0.6350629465853825,1.392918951434493,0.008515603716707648,0.019068873053753755,0.0054251542222118814,0.7071067811865476
94.50866688300084,13.826064278932723,12.754998503577088,0.4661836833866306,0.5251871477022576,0.3416929156827097,0.6295297473723348,1.372614222808623,0.009596606325645832,0.020459598044788935,0.007029870212162451,0.6726812023536856
94.5407108770014,13.841431381186082,12.773516899156258,0.46101306760074684,0.5555518673750677,0.3356865601311183,0.6963244266936468,1.3514492766875736,0.01144190315657514,0.022687898924977558,0.007505528784763521,0.6726812023536856
94.5588170280007,13.841431381186082,12.773516899156258,0.46101306760074684,0.5555518673750677,0.3356865601311183,0.6963244266936468,1.3514492766875736,0.01144190315657514,0.022687898924977558,0.007505528784763521,0.6726812023536856
94.59341630700146,13.85655552604633,12.792975036258662,0.45372434580744575,0.5837441130721109,0.3125635861534777,0.7597659430016328,1.3295034666151209,0.013909384773628035,0.025752494229015897,0.00711477170577669,0.7106335201775948
94.626280511,13.871294372350373,12.813092463656115,0.4421653891212923,0.6035228219235842,0.2808973350709352,0.8198213374878176,1.3070720221997314,0.016297864655100195,0.02955572539332798,0.0007474035421351268,0.6800735254367722
94.66261181900154,13.88559257659318,12.833801575671387,0.4289461272841869,0.6212733604581664,0.24537866533473712,0.8785301394803,1.284223108725354,0.019409013155371222,0.03408892175280015,7.835251087680707e-05,0.6800735254367722
94.75460057800046,13.912522214644918,12.876308761728904,0.3952611578960056,0.6426422672035845,0.1967772453325804,0.8785410229079822,1.2379693722475908,0.025219079511494952,0.04510391158194479,0.003975351901068344,0.6946221994724903
94.78991453100025,13.912522214644918,12.876308761728904,0.3952611578960056,0.6426422672035845,0.15347101770513705,0.8604106646664034,1.2379693722475908,0.025219079511494952,0.04510391158194479,0.003975351901068344,0.6946221994724903
94.82475597600023,13.92510863281182,12.89795799038301,0.37759254500707,0.6494768596231706,0.16605456063319146,0.830928482563734,1.2146983095406871,0.028273615543648562,0.051512286334054455,0.006460380542776151,0.6946221994724903
94.89083566100089,13.948571115840405,12.94257895714164,0.3430620034277176,0.6772020993550176,0.15459277238669789,0.7381957982982369,1.167284959814506,0.03260584060547428,0.06647359365919522,0.009808927652971396,0.670820393249937
94.90828702100043,13.948571115840405,12.94257895714164,0.3430620034277176,0.6772020993550176,0.14231573882257686,0.7686218095915116,1.167284959814506,0.03260584060547428,0.06647359365919522,0.009808927652971396,0.670820393249937
94.96991429100126,13.959364133954208,12.965788448642545,0.32379054341411667,0.6962847450271453,0.13106558658079204,0.8424347226653407,1.1428973226196364,0.03169421091024881,0.06563607503457725,0.002044059548993492,0.696419413859206
95.08102922200123,13.969489303264155,12.98964850828785,0.3037550792983949,0.7158017893591505,0.11190518248148218,0.9545561336086221,1.1179952938674973,0.03126087161262623,0.05551090572463124,0.002592871140536292,0.696419413859206
95.12420613100039,13.978875087159103,13.014183471918871,0.2815735168484449,0.7360489089306349,0.08699468451923653,0.9692239749564275,1.0925514986328428,0.029242274280622416,0.046125121829682314,0.006158542571873683,0.6800735254367722
95.19706769100048,13.987525130351756,13.039259875353672,0.25950129577959413,0.7522921030439944,0.07201929539511703,0.9325145676113067,1.0666865558059204,0.02772103989119845,0.037475078637029924,0.002557249491278206,0.6800735254367722
95.23710492800092,13.99540299440222,13.064760022622444,0.2363359215138865,0.7650044180631571,0.055238649523068895,0.9279579589016324,1.0405106171206058,0.026006478955359916,0.029597214586566167,0.005992948140660346,0.6670832032063168
95.27645773800032,14.00248547652977,13.09060884843468,0.21247446382651772,0.7754647743670985,0.05211875078082984,0.9187776211523837,1.0140905182211237,0.025129851013706107,0.022514732459015363,0.008466767778963866,0.7158910531638177
95.29220670500035,14.00248547652977,13.09060884843468,0.21247446382651772,0.7754647743670985,0.05090264309062975,0.884043435346441,1.0140905182211237,0.025129851013706107,0.022514732459015363,0.008466767778963866,0.7158910531638177
95.32383754500006,14.00878167270357,13.116733543765273,0.18888588521397712,0.7837408599177633,0.05221913411228807,0.8408938661296648,0.987488585853607,0.02505263189700669,0.016218536285215635,0.011894297797357038,0.7071067811865476
95.35688759100049,14.014414861480223,13.143024718391834,0.16899566329959073,0.7887352387968406,0.047017703908833475,0.8732482783596787,0.9607947260182469,0.02622986922138951,0.02023023331401785,0.015990351334308088,0.7071067811865476
95.39420360000076,14.019397946039442,13.16963194935606,0.1494925367765571,0.7982169289267674,0.04821462077350008,0.9016517584458901,0.9338529866963354,0.02886987001071802,0.035520813874368604,0.012908712137919307,0.70178344238091
95.45552939400113,14.02369317247054,13.196633370148858,0.12885679293295163,0.8100426237839403,0.053514848598052445,0.800370618688728,0.9065836971048072,0.030755911034190817,0.0513070372633031,0.017336023877112902,0.70178344238091
95.49886487100048,14.02728858362308,13.224090129694865,0.10786233457616647,0.8237027863802038,0.06005910475800463,0.832031824565618,0.8789226649538034,0.0321058643518011,0.04771162611076463,0.008267624608324324,0.7000000000000001
95.52790492800159,14.030200032644416,13.251894058418898,0.08734347064011597,0.834117861720986,0.062273363411968596,0.764056181553345,0.850973397697018,0.03270874223459156,0.04480017708942796,0.01589465160171614,0.7000000000000001
95.56072222700095,14.032576527215346,13.279907992259137,0.07129483712790557,0.8404180152071431,0.07578539853620717,0.6969863278134113,0.822858934351923,0.03340756092348204,0.04242368251849804,0.020862943340069263,0.7000000000000001
95.6005389790007,14.034465615011356,13.308065079911286,0.05667263388030921,0.8447126295644906,0.08128801423403959,0.7292518225643876,0.7946418522024608,0.03349615908827363,0.04053459472248733,0.02429608933253361,0.7000000000000001
95.65186002800147,14.035926364454399,13.336402391888404,0.04382248329126986,0.850119359313548,0.08546547794371676,0.7965510825954429,0.7662811089187703,0.03377668025201825,0.0390738452794448,0.015806103985055636,0.7000000000000001
95.6969149000015,14.037087542864306,13.36474122632109,0.03483535229721375,0.850165032980599,0.09282132434502602,0.8634865205554507,0.7379454190756009,0.033859113339683965,0.03791266686953776,0.019958181893517467,0.7000000000000001
95.71797466700082,14.037087542864306,13.36474122632109,0.03483535229721375,0.850165032980599,0.09765790289440593,0.8625117699525414,0.7379454190756009,0.033859113339683965,0.03791266686953776,0.007602615966300356,0.7000000000000001
95.75669168100103,14.037936876187405,13.393044706945828,0.025479999693000376,0.8491044187421304,0.10144272491227921,0.8284001238089631,0.7096743039695657,0.03397793700823836,0.037063333546438315,0.01460159343757653,0.7000000000000001
95.78979801400055,14.03852012787015,13.42111086551264,0.01749755048235591,0.8419847570043637,0.10480293936673714,0.8401857310464084,0.681667244043675,0.034168327452415354,0.03648008186369367,0.019385205218132254,0.7000000000000001
95.82884166300028,14.038902177056643,13.44882715740782,0.011461475594780921,0.8314887568553845,0.10991730821833383,0.7945312590712823,0.6540328851808582,0.03432009386397683,0.036098032677200464,0.015174244251389432,0.7000000000000001
95.8656816570001,14.039152832605557,13.476180415158552,0.007519666467402207,0.8205977325219902,0.11507912860386292,0.7300698660041858,0.6267800668589286,0.034546062897539795,0.03584737712828634,0.020059447686262326,0.7000000000000001
95.91423108400159,14.039310287849446,13.503306546568593,0.004723657316659809,0.8137839423012311,0.11933347910185128,0.7093172724869578,0.5997718887450586,0.03470209996601083,0.03568992188439779,0.023685310603493017,0.7000000000000001
95.96886583500054,14.039313661339772,13.530250771774963,0.00010120470976837832,0.8083267561911008,0.12566995929163197,0.6990573748061881,0.5729720889912605,0.034994129340559704,0.03568654839407159,0.014001930787290803,0.7000000000000001
95.99890679800046,14.039130453964043,13.557185439365059,-0.005496221271843117,0.8080400277028539,0.13330864286456426,0.6759194807387583,0.5462167599698196,0.035398284329238,0.03586975576980045,0.018724849773438353,0.7000000000000001
96.03012106700044,14.038768842665208,13.584207264455129,-0.0108483389650502,0.8106547527021299,0.14050926972344555,0.6517146814221536,0.5194144786867408,0.03596866991169303,0.036231367068635834,0.023304936911764933,0.7000000000000001
96.08418549600174,14.038307476674186,13.611354895751223,-0.013840979730641866,0.8144289388827943,0.1541610580501311,0.6350159455943045,0.492524116506597,0.03661260812758687,0.03669273305965781,0.0135162415287969,0.7000000000000001
96.1486414630017,14.037760368526884,13.638574093816073,-0.016413244419062646,0.8165759419454932,0.16298229749501822,0.5855922798712065,0.46560459471913157,0.03734350405874225,0.03723984120695967,0.018786518379761624,0.7000000000000001
96.1579767960011,14.037760368526884,13.638574093816073,-0.016413244419062646,0.8165759419454932,0.168401200120665,0.5514346143765373,0.46560459471913157,0.03734350405874225,0.03723984120695967,0.007275556839322512,0.7000000000000001
96.19587736500034,14.037164438521987,13.665767004832158,-0.017877900146912592,0.8157873304825636,0.1731343255110255,0.5201372677354055,0.43875574284411534,0.03812385116024708,0.03783577121185644,0.014591898058813049,0.7000000000000001
96.26288412400027,14.036499306591308,13.692888256424688,-0.019953957920401333,0.8136375477758823,0.17185057697442674,0.48417674807990063,0.41203435514567865,0.0390000904819475,0.03850090314253585,0.020114766406642053,0.7000000000000001
96.2979970310007,14.035803251570403,13.719864414575628,-0.020881650627123736,0.8092847445282024,0.18207194795366582,0.4176251727834083,0.3855182042587125,0.03992213960724189,0.0391969581634406,0.015645547542050636,0.7000000000000001
96.33789593800066,14.035263169585383,13.746466562488651,-0.01620245955063781,0.7980644373906866,0.18658920363036002,0.38344781799484384,0.35941167016489806,0.04075519079990997,0.039737040148461134,0.021242143082387432,0.7000000000000001
96.39070568800162,14.034890361518242,13.772618267033996,-0.01118424201424865,0.7845511363603818,0.19097568991068664,0.3219948200926217,0.33379344526675286,0.04143807622477837,0.04010984821560193,0.009481851906501767,0.7000000000000001
96.43083032100003,14.034682427482885,13.798274157935696,-0.006238021060721437,0.7696767270510071,0.192619241607301,0.26831796717448114,0.308714866906247,0.042079597028233426,0.040317782250959056,0.01811522246531324,0.7000000000000001
96.46123779700065,14.034731527762952,13.82327189140894,0.0014730084020375869,0.7499320041973053,0.19080057598702474,0.22910767886801567,0.2843209797966793,0.042479521238672185,0.04026868197089151,0.023626621758017902,0.7000000000000001
96.5229629430014,14.03501708359247,13.847579294255489,0.008566674885517022,0.7292220853964853,0.1866633881425808,0.1830403598328893,0.2606510926763686,0.0428230750241037,0.039983126141374115,0.017582803369296036,0.7000000000000001
96.57207348500015,14.035541864942768,13.87116209192922,0.01574344050897689,0.7074839302119069,0.18028729575975289,0.14082555717416062,0.2377428008274214,0.04295765391353284,0.03945834479107546,0.022725240593756666,0.7000000000000001
96.61008991100061,14.035541864942768,13.87116209192922,0.01574344050897689,0.7074839302119069,0.17443549362719088,0.09999442149487833,0.2377428008274214,0.04295765391353284,0.03945834479107546,0.008407442724371697,0.7000000000000001
96.65734844800136,14.036278622735102,13.894034089779828,0.022102733770027232,0.6861599355182293,0.17348627846074988,0.12139517688455505,0.2155977042859209,0.043077899018964444,0.03872158699874184,0.016350505371924638,0.7000000000000001
96.70502990200112,14.037196993546582,13.916256274788095,0.027551124344382852,0.6666655502480177,0.1673505705889896,0.07680133067323297,0.19418026206166253,0.04313289934997695,0.03780321618726212,0.007713096840407371,0.7000000000000001
96.736238761001,14.038224559623108,13.937934701006885,0.030826982295801997,0.6503527865637148,0.16374129346405536,0.04267147926907007,0.17343980561418582,0.043164756175617394,0.03677565011073547,0.015115955253356095,0.7000000000000001
96.77166376000059,14.038224559623108,13.937934701006885,0.030826982295801997,0.6503527865637148,0.1577650593632209,0.0005432584316574229,0.17343980561418582,0.043164756175617394,0.03677565011073547,0.015115955253356095,0.7000000000000001
96.81763784900068,14.039347177786336,13.959059770356859,0.03367854489683692,0.6337520804992464,0.1565911404276224,-0.04404055055855104,0.1534370006691459,0.04348456123363796,0.035653031947507685,0.00752554851547511,0.7000000000000001
96.8377300860011,14.039347177786336,13.959059770356859,0.03367854489683692,0.6337520804992464,0.15583620862498881,-0.06654492329721501,0.1534370006691459,0.04348456123363796,0.035653031947507685,0.00752554851547511,0.7000000000000001
96.85790909800016,14.040575504726803,13.97952570657166,0.03684980821398668,0.6139780864440344,0.15583620862498881,-0.06654492329721501,0.13433289253020544,0.04365397905788542,0.03442470500704076,0.014687600914857572,0.7000000000000001
96.89952435400119,14.041999381900379,13.998988975258062,0.042716315207250784,0.5838980605920424,0.14529450515207168,-0.1534036095232634,0.11647874835932308,0.04394643747521715,0.03300082783346525,0.021057457190139715,0.7000000000000001
96.95787844200095,14.043662562460792,14.01722947308278,0.04989541681237797,0.5472149347415423,0.13312653697310184,-0.19969960238702564,0.10012425777322011,0.044201167054786106,0.03133764727305177,0.014496772133641088,0.7000000000000001
97.01166991800164,14.045581989631435,14.03417017995228,0.05758281511925995,0.5082212060849982,0.11861020983352577,-0.2173532486699175,0.08541009928567198,0.044065040162388575,0.030814283075630812,0.020536877493356972,0.7000000000000001
97.03879658700134,14.04774672046815,14.049891802512404,0.06494192510141966,0.4716486768037015,0.1003476825639666,-0.24674253436300136,0.07239638580267395,0.04374914422765245,0.033726317886482636,0.01500199918831299,0.7000000000000001
97.06711908300167,14.04774672046815,14.049891802512404,0.06494192510141966,0.4716486768037015,0.0841012839957493,-0.2607821999900952,0.07239638580267395,0.04374914422765245,0.033726317886482636,0.01500199918831299,0.7000000000000001
97.12808108600075,14.050156441161654,14.064441372201449,0.07229162080517211,0.43648709067136954,0.08644816211142625,-0.22987166840757545,0.061227415171534745,0.04365081215995425,0.036041209549257144,0.02119661811331829,0.75
97.17218923100154,14.05278833535848,14.0775925853092,0.0789568259047881,0.3945363932325296,0.07800258357723934,-0.2326052474622837,0.0522592911485488,0.04311377342298153,0.03770313185409348,0.01650400774712207,0.75
97.22382073500012,14.055629135219126,14.089280834454112,0.08522399581940865,0.35064747434737326,0.06974428085176257,-0.2265894440333374,0.04564727978097602,0.042141000367930934,0.03870424124086727,0.022973971463869487,0.75
97.25925572800043,14.058666189678856,14.099455739217605,0.09111163379192205,0.30524714290481564,0.04889216954034856,-0.23273333531957247,0.04133739342851107,0.04073708718856097,0.03904060796323858,0.04133739342851107,0.75
97.33560072700129,14.061881254152434,14.108095395523867,0.09645193420734599,0.25918968918784596,0.038939364773687785,-0.22683539070492534,0.03896888776548749,0.03896888776548749,0.038722613722167835,0.03896888776548749,0.75
97.36218921700129,14.065287129262996,14.115301638128575,0.10217625331687741,0.21618727814122782,0.020100775063737086,-0.2140709652948051,0.037935781581796266,0.037935781581796266,0.037935781581796266,0.037935781581796266,0.75
97.40861430500081,14.06885194598611,14.121163406295327,0.10694450169336937,0.17585304500260204,0.009145221293501635,-0.19863232560659555,0.03765754950701566,0.03765754950701566,0.03765754950701566,0.03765754950701566,0.75
97.45080874600171,14.072532020777901,14.125726444421453,0.11040224375375522,0.13689114378376735,-0.01142860223226877,-0.1824529927984954,0.03763429054885663,0.03763429054885663,0.03763429054885663,0.03763429054885663,0.75
97.46374974500031,14.072532020777901,14.125726444421453,0.11040224375375522,0.13689114378376735,-0.028736876513268714,-0.15770662056514909,0.03763429054885663,0.03763429054885663,0.03763429054885663,0.03763429054885663,0.75
97.49586633700164,14.076332241290002,14.129107884117612,0.11400661536302939,0.10144319088478893,-0.025595789062222603,-0.15618260700884598,0.0375157529600438,0.0375157529600438,0.0375157529600438,0.0375157529600438,0.75
97.53711755900076,14.08020257560673,14.131439080205872,0.11611002950185546,0.0699358826478154,-0.035474117811830665,-0.13940113897166798,0.0371531126125191,0.0371531126125191,0.0371531126125191,0.0371531126125191,0.75
97.55568561100154,14.08020257560673,14.131439080205872,0.11611002950185546,0.0699358826478154,-0.034069339884335685,-0.1355974879577441,0.0371531126125191,0.0371531126125191,0.0371531126125191,0.0371531126125191,0.75
97.59060206800132,14.084110623070208,14.132823181258908,0.11724142390433917,0.041523031591059176,-0.04920396163744284,-0.11582852347048835,0.03646688260836379,0.03646688260836379,0.03646688260836379,0.03646688260836379,0.75
97.64427094400162,14.088025217950065,14.133363228341876,0.11743784639574341,0.016201412489014206,-0.05210115794720035,-0.1077175734562954,0.035447149540345675,0.035447149540345675,0.035447149540345675,0.035447149540345675,0.75
97.66471277900018,14.088025217950065,14.133363228341876,0.11743784639574341,0.016201412489014206,-0.05210115794720035,-0.1077175734562954,0.035447149540345675,0.035447149540345675,0.035447149540345675,0.035447149540345675,0.75
97.6917857160006,14.091890357449913,14.133121361073973,0.11595418499541009,-0.007256018037106142,-0.06555540258957715,-0.0879561907170313,0.03409971937835748,0.03409971937835748,0.03409971937835748,0.03409971937835748,0.75
97.7242657020015,14.095678223402865,14.132201996110895,0.1136359785885869,-0.02758094889236569,-0.07092433888480243,-0.07564526703640875,0.03249071107996373,0.03249071107996373,0.03249071107996373,0.03249071107996373,0.75
97.78024687600009,14.099274405032503,14.130702731739847,0.10788544888913018,-0.04497793113143354,-0.08450884757289329,-0.05243354412701261,0.030711304504137806,0.030711304504137806,0.030711304504137806,0.030711304504137806,0.75
97.79673214000104,14.099274405032503,14.130702731739847,0.10788544888913018,-0.04497793113143354,-0.08450884757289329,-0.05243354412701261,0.030711304504137806,0.030711304504137806,0.030711304504137806,0.030711304504137806,0.75
97.86012475100142,14.105685330822205,14.126442612881089,0.09132333294062192,-0.06858320469656058,-0.08813405292766642,-0.037264044726478734,0.02704689931465458,0.02704689931465458,0.02704689931465458,0.02704689931465458,0.75
97.91819242100064,14.10842342646033,14.123899395303178,0.0821428691437606,-0.07629652733729685,-0.08885291029538268,-0.007812763037164681,0.025340386918715378,0.025340386918715378,0.025340386918715378,0.025340386918715378,0.75
97.98595876200125,14.112911250659332,14.118338052557391,0.062244629913212356,-0.08520145903193856,-0.08750084840949199,0.006721226131604866,0.02242731738718998,0.02242731738718998,0.02242731738718998,0.02242731738718998,0.75
98.00670649600033,14.112911250659332,14.118338052557391,0.062244629913212356,-0.08520145903193856,-0.08423757085035181,0.03579472647489075,0.02242731738718998,0.02242731738718998,0.02242731738718998,0.02242731738718998,0.75
98.04259486600131,14.114641538278608,14.115441522187014,0.05190862857829607,-0.08689591111127705,-0.08226505077661962,0.026203578292579834,0.021279456069552626,0.021279456069552626,0.021279456069552626,0.021279456069552626,0.75
98.14108497800044,14.116059706957497,14.112494758129655,0.04254506036668812,-0.08840292172079116,-0.07863540659993737,0.028165524600123226,0.020347804999047744,0.020347804999047744,0.020347804999047744,0.020347804999047744,0.75
98.17792315300176,14.117126658759483,14.109592053682778,0.032008554059598696,-0.08708113340628953,-0.07480666603879643,0.040787975831927885,0.019629822569679663,0.019629822569679663,0.019629822569679663,0.019629822569679663,0.75
98.19686283400006,14.117126658759483,14.109592053682778,0.032008554059598696,-0.08708113340628953,-0.07640858437843832,0.03578617363678391,0.019629822569679663,0.019629822569679663,0.019629822569679663,0.019629822569679663,0.75
98.25476058500135,14.117869598715481,14.106734739244008,0.022288198679937248,-0.0857194331631281,-0.07085491756170997,0.04326360303415263,0.01909657746658101,0.01909657746658101,0.01909657746658101,0.01909657746658101,0.75
98.29997863600147,14.117869598715481,14.106734739244008,0.022288198679937248,-0.0857194331631281,-0.06476921698667286,0.04483118748252944,0.01909657746658101,0.01909657746658101,0.01909657746658101,0.01909657746658101,0.75
98.32796788900123,14.118316919559485,14.103919904039207,0.013419625320100492,-0.08444505614402825,-0.06513006943132858,0.0495494153448975,0.018731662761891726,0.018731662761891726,0.018731662761891726,0.018731662761891726,0.75
98.45299430200066,14.118357890187571,14.098599224161108,-0.0035836511337690837,-0.07751413078420435,-0.05998088372430337,0.05895751149680009,0.018411254848319326,0.018411254848319326,0.018411254848319326,0.018411254848319326,0.75
98.49914008500127,14.118357890187571,14.098599224161108,-0.0035836511337690837,-0.07751413078420435,-0.04694740434661589,0.06506963391784411,0.018411254848319326,0.018411254848319326,0.018411254848319326,0.018411254848319326,0.75
98.51072212300096,14.117976910393011,14.096202095712464,-0.011429393836803057,-0.07191385345930816,-0.04694740434661589,0.06506963391784411,0.01837371449260204,0.018350067360041373,0.01837371449260204,0.01837371449260204,0.75
98.55103293700085,14.117354376420828,14.09406421870966,-0.018676019165491164,-0.06413631008413882,-0.034060898285230755,0.07246399133285286,0.018341425257665744,0.018070484283512232,0.018340865674737326,0.018341425257665744,0.75
98.57522757600054,14.117354376420828,14.09406421870966,-0.018676019165491164,-0.06413631008413882,-0.02650822457855803,0.06967767643301252,0.018341425257665744,0.018070484283512232,0.018340865674737326,0.018341425257665744,0.75
98.64866512900153,14.1165242864549,14.092164167416144,-0.024902698977779976,-0.0570015388054799,-0.025478457838494388,0.06915168086856713,0.018288037486998154,0.017548618667360544,0.018154218693005892,0.018288037486998154,0.75
98.68527311700018,14.115525204037517,14.090513061097404,-0.02997247252149008,-0.04953318956215651,-0.02401610952332887,0.06322671980499162,0.018194338958811868,0.016820813295477455,0.017728528388988838,0.018194338958811868,0.75
98.71675958700143,14.11437265655329,14.089090838899246,-0.03457642452681786,-0.042666665944742166,-0.015967584694700453,0.06426138489101711,0.01804392009295724,0.015905549272505197,0.017084869108501054,0.01804392009295724,0.75
98.75228121400141,14.113079709282546,14.087874344306602,-0.038788418122264225,-0.03649483777932301,-0.007101082413274923,0.061909715222182186,0.017835647476634076,0.014819361502468893,0.016242958367823527,0.017835647476634076,0.75
98.77200075200017,14.113079709282546,14.087874344306602,-0.038788418122264225,-0.03649483777932301,-0.007101082413274923,0.061909715222182186,0.017835647476634076,0.014819361502468893,0.016242958367823527,0.017835647476634076,0.75
98.7928812730006,14.111687859843435,14.086918879684246,-0.04175548317335006,-0.028663938670655857,-0.0005188081182059164,0.05982459341884144,0.01754200035443556,0.013594562017527656,0.015224676231177266,0.01754200035443556,0.75
98.91112357900056,14.1070867309584,14.085478679959163,-0.047408277602995166,-0.007486213482190441,0.004798734452221842,0.058182954507126586,0.016158294817373527,0.009276201030715487,0.01131508850525499,0.016158294817373527,0.75
98.93098627600011,14.1070867309584,14.085478679959163,-0.047408277602995166,-0.007486213482190441,0.02609293320873571,0.042026494594630884,0.016158294817373527,0.009276201030715487,0.01131508850525499,0.016158294817373527,0.75
99.00065095500031,14.105485643956616,14.085444137064814,-0.0480326100535185,-0.0010362868304881288,0.022641148354094424,0.04142553740334463,0.01555523819832675,0.007700339235521691,0.009807086524137023,0.01555523819832675,0.75
99.02475421200143,14.1038908577999,14.085604409267612,-0.04784358470147342,0.004808166083954628,0.027688470136745892,0.03647800615071844,0.014912136230381543,0.006100150601466969,0.008243456420543109,0.014912136230381543,0.75
99.06303202500021,14.10233200215031,14.085944645193264,-0.04676566948766461,0.010207077769531284,0.0324808000322483,0.029624034359097554,0.014247499176076124,0.004507227120190869,0.00665700376897686,0.014247499176076124,0.75
99.09942815700015,14.100807592192316,14.086447277836053,-0.04573229873982549,0.015078979283684343,0.03510954879359105,0.025412144745375856,0.013576762618615436,0.0029228570981576158,0.00505187509591559,0.013576762618615436,0.75
99.18170370799999,14.099301785635756,14.087084032885047,-0.04517419669678316,0.01910265146982193,0.03669832941745308,0.021301297371390266,0.01293482546511486,0.0013358280507863134,0.0034219821539541624,0.01293482546511486,0.75
99.24565136900128,14.097880546064633,14.087843067774402,-0.0426371871336807,0.022771046680652066,0.03912434365800967,0.018093637231226926,0.012340303323739787,0.0001868554491657878,0.0018336484578349728,0.012340303323739787,0.75
99.2800581950014,14.096568085816436,14.08871089138132,-0.03937380744593625,0.02603470820752744,0.0,0.0,0.011799237618070826,0.0016191650187954189,0.0003141101067197617,0.011799237618070826,0.75
99.29270044300029,14.096568085816436,14.08871089138132,-0.03937380744593625,0.02603470820752744,0.0,0.0,0.011799237618070826,0.0016191650187954189,0.0003141101067197617,0.011799237618070826,0.75
99.32781871700172,14.095416392829518,14.089644469196582,-0.034550789607547795,0.028007334457870937,0.0,0.0,0.011324595927176448,0.0029030074936937803,0.0010737041448525384,0.011324595927176448,0.75
99.36858948700137,14.094408822573913,14.090637202211981,-0.03022710766818005,0.02978199046196128,0.0,0.0,0.010905193598891479,0.004053786663560017,0.0023434979142107856,0.010905193598891479,0.75
99.46479437600101,14.093571408567849,14.091650641171759,-0.02512242018190684,0.030403168793313343,0.0,0.0,0.010537484550130894,0.00503976171193699,0.0034584149626438305,0.010537484550130894,0.75
99.49679250700137,14.092904426573707,14.092668560010853,-0.020009459824277667,0.03053756517283853,0.0,0.0,0.010202802289683156,0.005858115814278642,0.004413062572409,0.010202802289683156,0.75
99.56686183200145,14.092404143657548,14.093675248945365,-0.01500848748474557,0.030200668035348713,0.0,0.0,0.009884306221392684,0.006510072207503999,0.0052060142727516625,0.009884306221392684,0.75
99.59807607900075,14.091974228590036,14.094614449802997,-0.012897452025336535,0.028176025728938583,0.0,0.0,0.009665255177667354,0.007081948258118697,0.005910867636793858,0.009665255177667354,0.75
99.66430960900107,14.091598829373542,14.095480987345551,-0.011261976494831962,0.025996126276651422,0.0,0.0,0.009539451937397869,0.007588588295612902,0.006541024652590806,0.009539451937397869,0.75
99.75705824500074,14.091267473356325,14.096273932827119,-0.009940680516503809,0.023788364447033132,0.0,0.0,0.009494240262354235,0.00804018976537774,0.0071061268617361095,0.009494240262354235,0.75
99.82626893300039,14.090972976033607,14.096995119285793,-0.008834919681538584,0.021635593760261283,0.0,0.0,0.00951401438912313,0.00844413573262368,0.0076135697423576785,0.00951401438912313,0.75
99.90243561900024,14.09047510974893,14.098237263764675,-0.007051652284672054,0.01767573297028317,0.0,0.0,0.009686628584304014,0.009130628113713565,0.008478686028828264,0.009686628584304014,0.75
99.9755343650013,14.090264665322158,14.098767599407546,-0.006313332803171049,0.01591006928614177,0.0,0.0,0.00981302973142704,0.009421632998166334,0.008846037263442897,0.00981302973142704,0.75
100.03843182200035,14.090076200834737,14.099244087180738,-0.0056539346226415705,0.014294633195729146,0.0,0.0,0.009952547114321525,0.009682485776846664,0.009175508379351145,0.009952547114321525,0.75
100.06933187900177,14.08990744282528,14.099671623139345,-0.0050627402836879035,0.012826078758230088,0.0,0.0,0.010097897884588928,0.009916199554125902,0.009470804433367936,0.010097897884588928,0.75
100.10896006200164,14.089756383184147,14.100054864734052,-0.004531789234025913,0.011497247841173756,0.0,0.0,0.01024376374234886,0.010125487949004983,0.009735303294435413,0.01024376374234886,0.75
100.14789652300169,14.0896212248557,14.100398161489391,-0.004054749853434853,0.0102989026601709,0.0,0.0,0.010386409681289075,0.01031280785048425,0.009972085233667213,0.010386409681289075,0.75
100.17533183400155,14.089500348582105,14.10070552386811,-0.0036262882078533683,0.009220871361537722,0.0,0.0,0.010523328552590996,0.010480387379821763,0.010183954628066502,0.010523328552590996,0.75
100.18997723800021,14.089500348582105,14.10070552386811,-0.0036262882078533683,0.009220871361537722,0.0,0.0,0.010523328552590996,0.010480387379821763,0.010183954628066502,0.010523328552590996,0.75
100.22375795800144,14.089392291122266,14.100980616649089,-0.0032417237951632497,0.008252783429381176,0.0,0.0,0.010652938404366217,0.010630246363688702,0.010373458529794363,0.010652938404366217,0.75
100.25779588200021,14.089295729568944,14.101226767436078,-0.0028968465996885564,0.007384523609672532,0.0,0.0,0.01077433820721244,0.010764213157313077,0.01054290423495176,0.01077433820721244,0.75
100.3018860760003,14.089209468847262,14.10144698397579,-0.002587821650483278,0.006606496191378862,0.0,0.0,0.010887117395546113,0.010883939707024066,0.010694376619974641,0.010887117395546113,0.75
100.3402031630012,14.089132430886762,14.101643976110948,-0.002311138815006154,0.005909764054714226,0.0,0.0,0.010991210847052483,0.010990915686787738,0.010829755356066095,0.010991210847052483,0.75
100.36713754000084,14.089063644740317,14.101820179675702,-0.00206358439334999,0.005286106942614067,0.0,0.0,0.011086790356898496,0.011086790356898496,0.010950731839567764,0.011086790356898496,0.75
100.41227030600021,14.089002237337436,14.101977780647994,-0.0018422220864473583,0.004728029168768554,0.0,0.0,0.011174184528352211,0.011174184528352211,0.011058825601777504,0.011174184528352211,0.75
100.46408844500002,14.08894742476497,14.102118738547151,-0.0016443771739462784,0.00422873697473836,0.0,0.0,0.011253820344983215,0.011253820344983215,0.011155399979715203,0.011253820344983215,0.75
100.50909610500094,14.088898504059179,14.102244808508134,-0.0014676211737517598,0.0037820988294958034,0.0,0.0,0.011326181058161435,0.011326181058161435,0.011241676883323127,0.011326181058161435,0.75
100.58628947000034,14.088898504059179,14.102244808508134,-0.0014676211737517598,0.0037820988294958034,0.0,0.0,0.011326181058161435,0.011326181058161435,0.011241676883323127,0.011326181058161435,0.75
100.67689545100075,14.088854845524304,14.102357561749589,-0.001309756046212047,0.003382597243625978,0.0,0.0,0.011391776230695384,0.011391776230695384,0.011318750555242408,0.011391776230695384,0.75
100.71817062700029,14.088815885595434,14.102458404332676,-0.0011687978661034074,0.003025277492647255,0.0,0.0,0.011451120769485458,0.011451120769485458,0.011387600273728109,0.011451120769485458,0.75
100.73839337700156,14.088781120254126,14.102548594217163,-0.0010429602392417765,0.00270569653462182,0.0,0.0,0.011504720563148772,0.011504720563148772,0.011449101992730528,0.011504720563148772,0.75
100.75639586600118,14.088781120254126,14.102548594217163,-0.0010429602392417765,0.00270569653462182,0.0,0.0,0.011504720563148772,0.011504720563148772,0.011449101992730528,0.011504720563148772,0.75
100.79171221800061,14.088750098992996,14.102629256684768,-0.0009306378338911619,0.0024198740281230137,0.0,0.0,0.01155306294372958,0.01155306294372958,0.0115040389448437,0.01155306294372958,0.75
100.82502180800111,14.088722419314038,14.10270139823378,-0.0008303903687318067,0.002164246470344758,0.0,0.0,0.011596610649057692,0.011596610649057692,0.011553111254522434,0.011596610649057692,0.75
100.86326265700154,14.088697721736576,14.10276591906436,-0.0007409273238562753,0.0019356249173901286,0.0,0.0,0.011635798305851253,0.011635798305851253,0.011596944622122152,0.011635798305851253,0.75
100.90820969000015,14.088675685284674,14.102823624277935,-0.000661093557093298,0.0017311564072562688,0.0,0.0,0.011671030710039838,0.011671030710039838,0.011636098146463335,0.011671030710039838,0.75
100.96199319200059,14.088656023420265,14.102875233911432,-0.0005898559322826976,0.0015482890048731288,0.0,0.0,0.011702682371448588,0.011702682371448588,0.011671071356095119,0.011702682371448588,0.75
100.99627277000036,14.088638480386757,14.102921391920669,-0.00052629100522774,0.001384740277085559,0.0,0.0,0.011731097931405926,0.011731097931405926,0.011702310518848355,0.011731097931405926,0.75
101.02622330200029,14.088638480386757,14.102921391920669,-0.00052629100522774,0.001384740277085559,0.0,0.0,0.011731097931405926,0.011731097931405926,0.011702310518848355,0.011731097931405926,0.75
101.09072078999998,14.08860886234724,14.102999595868418,-0.0004189674178854567,0.001107649482256075,0.0,0.0,0.011779456371070807,0.011779456371070807,0.011755138808987771,0.011779456371070807,0.75
101.1445509740006,14.088596401877028,14.103032617511104,-0.0003738141063244582,0.0009906492805768015,0.0,0.0,0.01179994996255877,0.01179994996255877,0.01177740216322803,0.01179994996255877,0.75
101.20609112000056,14.08858528432396,14.10306215112139,-0.0003335265920303617,0.0008860083085804804,0.0,0.0,0.011818312208393335,0.011818312208393335,0.011797288506556715,0.011818312208393335,0.75
101.24025751000045,14.08857536496594,14.103088565149385,-0.0002975807405882032,0.0007924208398472941,0.0,0.0,0.011834758989664473,0.011834758989664473,0.011815051648054355,0.011834758989664473,0.75
101.27528356900075,14.088566514672868,14.103112189120695,-0.0002655087921679251,0.0007087191393294721,0.0,0.0,0.011849485552069812,0.011849485552069812,0.011830918295980822,0.011849485552069812,0.75
101.31614341900058,14.088558618228538,14.10313331774971,-0.00023689332992265,0.0006338588704720944,0.0,0.0,0.011862668205804205,0.011862668205804205,0.011845090950488652,0.011862668205804205,0.75
101.34992958900148,14.088551572832468,14.103152214617939,-0.00021136188207071277,0.0005669060468320629,0.0,0.0,0.01187446595042568,0.01187446595042568,0.011857750488104288,0.01187446595042568,0.75
101.39800135900077,14.088545286762628,14.10316911546344,-0.00018858209520863415,0.0005070253650448379,0.0,0.0,0.011885022009699665,0.011885022009699665,0.011869058470580241,0.011885022009699665,0.75
101.42974147600034,14.088539678181924,14.103184231122535,-0.00016825742112229277,0.000453469772848057,0.0,0.0,0.01189446526816513,0.01189446526816513,0.011879159207404708,0.01189446526816513,0.75
