time_s,x_m,y_m,vx_mps,vy_mps,cmd_x_mps,cmd_y_mps,goal_error_m,initial_path_error_m,initial_raw_path_error_m,current_path_error_m,wall_clearance_m
0.01687771800061455,0.9,0.9,0.0,0.0,0.0,0.0,18.667619023324853,nan,nan,nan,0.75
0.04972199399890087,0.9,0.9,0.0,0.0,0.0,0.0,18.667619023324853,nan,nan,nan,0.75
0.08383598100044765,0.9,0.9,0.0,0.0,0.0,0.0,18.667619023324853,nan,nan,nan,0.75
0.11565835799956403,0.9,0.9,0.0,0.0,0.0,0.0,18.667619023324853,nan,nan,nan,0.75
0.1494679499992344,0.9,0.9,0.0,0.0,0.0,0.0,18.667619023324853,nan,nan,nan,0.75
0.2993523200002528,0.9,0.9,0.0,0.0,0.0,0.0,18.667619023324853,0.0,0.0,0.0,0.75
0.4137482659989473,0.9,0.9,0.0,0.0,0.03388972169960718,0.0027361950082503985,18.667619023324853,0.0,0.0,0.0,0.75
0.4720024509988434,0.9,0.9,0.0,0.0,0.13574636434583473,0.007756589702897964,18.667619023324853,0.0,0.0,0.0,0.75
0.5303316059998906,0.9,0.9,0.0,0.0,0.2399322924399164,0.007196944220292521,18.667619023324853,0.0,0.0,0.0,0.75
0.5326062439999077,0.9,0.9,0.0,0.0,0.30556255128000087,0.021437660912331902,18.667619023324853,0.0,0.0,0.0,0.75
0.5345640390005428,0.9,0.9,0.0,0.0,0.3390300934551525,0.025319647494459065,18.667619023324853,0.0,0.0,0.0,0.75
0.5368344479993539,0.9,0.9,0.0,0.0,0.371541299263369,0.04204762838599245,18.667619023324853,0.0,0.0,0.0,0.75
0.5386280059992714,0.9001491122463298,0.9000274456464067,0.0036225299910450644,0.0006922512903535288,0.4049675333303168,0.047767036994682724,18.66749417823987,7.041790704069748e-06,8.603127784951768e-05,7.041790704069748e-06,0.75
0.5405403549993935,0.9004291515479992,0.9000799015725635,0.008401179050082582,0.0015736777847039666,0.43623196027252825,0.06801076249359107,18.667259070044867,1.93784725762483e-05,0.0002469570259598385,1.93784725762483e-05,0.75
0.6591825539999263,0.9010518038832507,0.9001619669537215,0.018679570057545856,0.002461961434743108,0.5600766060249429,0.07003179556245177,18.666760768339767,8.047759037324489e-05,0.0006292097270202802,8.656018643891072e-06,0.75
0.661738262999279,0.9022694233430999,0.9003313859584258,0.03652858379547774,0.005082570141128015,0.5620294964760877,0.0909117179237288,18.665780023736986,0.00019125427899058223,0.0013703993768961185,3.221674026686301e-05,0.75
0.6641625609991024,0.9043076705127383,0.9006274212872003,0.061147415089150677,0.008881059863237135,0.5810481896822618,0.09797804079603009,18.664129567867995,0.0003645787040285406,0.0026023291838344607,5.937564619870441e-05,0.75
0.7865024370003084,0.907155089026781,0.9010781699508895,0.08542255542128084,0.01352245991067574,0.6228996404957448,0.07159934459997383,18.661797724783614,0.0005704891890805649,0.004297030687284749,2.938322470201507e-05,0.75
0.7885319759989216,0.9108434628108771,0.9017308170869337,0.11065121352288536,0.01957941408132569,0.6400262888792634,0.0698316252979525,18.65872877736078,0.0007702260066603105,0.006443613585950999,3.620419927645652e-05,0.75
0.9188134079995507,0.9208361940256657,0.903800510282492,0.16323449333718631,0.03498688262546608,0.6932319238279061,0.05946098612703435,18.650202132875783,0.0010176910369443489,0.012046047496947598,0.0004779480581700194,0.75
0.921057698000368,0.9208361940256657,0.903800510282492,0.16323449333718631,0.03498688262546608,0.6895234636744618,0.10454978778162732,18.650202132875783,0.0010176910369443489,0.012046047496947598,0.0004779480581700194,0.75
0.9228194360002817,0.927182987121341,0.9052770919140537,0.190403792870256,0.04429744894685047,0.6912628588756873,0.10352696197684666,18.644672715710335,0.0010170427001782623,0.015489807049034706,0.0009415446008357592,0.75
1.050778380000338,0.9343742036705248,0.9071026794105482,0.21573649647551552,0.05476762489483627,0.7715016686839877,0.015432764514882458,18.638300413948492,0.0008677220530777701,0.017897334373025875,0.0011875182257444503,0.75
1.053099114998986,0.9425141386899968,0.9093427650781113,0.2441980505841582,0.06720257002689353,0.7825240837679079,0.030311029210577156,18.630965419960656,0.0003472233781342776,0.015657248705462812,0.0021531275485518627,0.75
1.1833834419994673,0.961638749220576,0.9149691996201564,0.30017733682149006,0.09053591886711596,0.8673033100559064,-0.04756202769241652,18.61347827685485,0.0027056017346096767,0.010030814163417667,0.0038618227833379266,0.75
1.1860063820004143,0.961638749220576,0.9149691996201564,0.30017733682149006,0.09053591886711596,0.886199921019666,0.003676255429407249,18.61347827685485,0.0027056017346096767,0.010030814163417667,0.0038618227833379266,0.75
1.312514690000171,0.9977688520849551,0.9259953131057909,0.3905110356003446,0.12016699541396361,0.9798378807159787,-0.09490522530093798,18.58017385665984,0.009622591838466263,0.0009952993222167583,0.008518364953098122,0.75
1.3150368410006195,1.0118328584505127,0.9302208449821261,0.42192019096672895,0.12676595629005843,0.9991285802066134,-0.0011103481320397512,18.567261567530064,0.012727388205643892,0.0052208311985519895,0.011767887506508748,0.75
1.3179460070005007,1.0118328584505127,0.9302208449821261,0.42192019096672895,0.12676595629005843,1.0236261264245612,0.02825775092147992,18.567261567530064,0.012727388205643892,0.0052208311985519895,0.011767887506508748,0.75
1.4711674899990612,1.0269307990983827,0.9346092954474243,0.45293821943609713,0.13165351395894823,1.127391115536692,-0.14409025125805258,18.553507774409717,0.015913169628534462,0.009609281663850222,0.004924028286221795,0.75
1.6500678510001308,1.0598602072316592,0.9439918339641358,0.5066314150544646,0.14414205462652527,1.1515867764650942,-0.11335945725882202,18.5236550572435,0.02361500446938968,0.01899182018056167,0.015474810530647583,0.75
1.7116832480005542,1.0774926121938557,0.9490632328197824,0.5289721488658987,0.1521419656693994,1.1540119777760784,-0.07175765012363328,18.507642651613903,0.0278381237061668,0.02406321903620834,0.0,0.75
1.7682653329993627,1.0959871514017019,0.9541916489470215,0.554836176235386,0.1538524838171712,1.1502223116380552,-0.10290951731371673,18.49098773373461,0.03241777109508863,0.02919163516344736,0.008403497011600649,0.7000000000000001
1.8282079090004117,1.1154978011914534,0.9592597472227311,0.5853194936925462,0.15204294827128892,1.1495949667759484,-0.10243109887055007,18.473666440147305,0.036910933580262206,0.034259733439157,0.021268907774576733,0.7000000000000001
1.8304092090002086,1.1361672433927519,0.9642737872116652,0.6200832660389585,0.1504211996680224,1.1384553802849215,-0.14413065519807666,18.455575387362423,0.041425039909154485,0.03927377342809113,0.0,0.7000000000000001
1.8326607340004557,1.157982452054747,0.9693181849964365,0.6544562598598531,0.1513319335431378,1.139837504687561,-0.10552377487546533,18.436665184848046,0.046070413994921906,0.04431817121286241,0.011507796276111724,0.7000000000000001
1.8342156439994142,1.1808837387996036,0.9744844012444489,0.6870386023456968,0.1549864874403702,1.1386513780368221,-0.10634354357447057,18.416914092854636,0.05085248155647233,0.0494843874608748,0.02346545863489566,0.7000000000000001
1.8362443820005865,1.1808837387996036,0.9744844012444489,0.6870386023456968,0.1549864874403702,1.1376098339812788,-0.06736632601449694,18.416914092854636,0.05085248155647233,0.0494843874608748,0.02346545863489566,0.7000000000000001
1.8384618529998988,1.2047859205197111,0.9798642585686551,0.7170654516032263,0.16139571972618644,1.1309721395277954,-0.10511386818163948,18.39631778452446,0.05595576086489658,0.05486424478508101,0.034181175138456026,0.7000000000000001
1.9565583059993514,1.2561619110937092,0.9901756614131627,0.7888199003602798,0.15278536479910776,1.0044867193421183,-0.16192013200708263,18.352974446738703,0.0657952356831616,0.0651756476295886,0.03976413842593539,0.7000000000000001
1.9591468719991099,1.2836338230299145,0.9949525823950696,0.8241573580861561,0.14330762945720488,1.006828909983842,-0.0973314385776099,18.330343962944514,0.07038220652045915,0.06995256861149546,0.050777934478188166,0.7000000000000001
1.961234799999147,1.3122009591385086,0.9994128536533756,0.8570140832578245,0.13380813774918324,0.9690962431440254,-0.13537079088780835,18.3071895136441,0.07468830246627282,0.07441283986980152,0.05961486592619962,0.7000000000000001
2.0872543650002626,1.372281917705773,1.0074083441172987,0.9151387674601096,0.11536948697130057,0.8853414148564919,-0.15610840515326474,18.259538982407214,0.0824045643463964,0.08240833033372463,0.03439561551681163,0.65
2.0892063489991415,1.4036155237431358,1.011076707900455,0.9400081811208815,0.11005091349468998,0.8601274441811227,-0.10360096078197968,18.235078604585233,0.08593165625645385,0.0860766941168809,0.04899357042415881,0.65
2.0910592669988546,1.4036155237431358,1.011076707900455,0.9400081811208815,0.11005091349468998,0.8297643354144065,-0.08173950647259937,18.235078604585233,0.08593165625645385,0.0860766941168809,0.04899357042415881,0.65
2.0953461520002747,1.4356884099758869,1.0146871180023516,0.9621865869825351,0.10831230305689854,0.7127782953294346,-0.14941484364848714,18.21016752446261,0.08938515584917046,0.08968710421877746,0.06237973064066112,0.65
2.2285686189989065,1.4356884099758869,1.0146871180023516,0.9621865869825351,0.10831230305689854,0.7127782953294346,-0.14941484364848714,18.21016752446261,0.08938515584917046,0.08968710421877746,0.015993588571080766,0.65
2.2306530810001277,1.4683560355422967,1.0182468894795207,0.9800287669922956,0.10679314431507067,0.7043680298310873,-0.1397256326054827,18.184902905691658,0.09276144823573308,0.09324687569594658,0.032175739690067914,0.65
2.2918447430001834,1.501474391128426,1.021777563530778,0.993550667583885,0.10592022153771899,0.6764312732180987,-0.1184174701194243,18.159370848549788,0.09604161462702192,0.09677754974720387,0.04807557290758222,0.65
2.3548049599994556,1.5685868483977463,1.0291967989102484,1.0102246550834437,0.11426763253125588,0.6623772693819512,-0.0995121962243446,18.107518104305957,0.1027359641437227,0.1041967851266743,0.05490756091102973,0.65
2.5142492819995823,1.602336351139174,1.0330350753082407,1.012485082242831,0.11514829193976764,0.4821121113780501,-0.14355808628087627,18.08140395608654,0.10595892285277154,0.10803506152466658,0.015621983427520886,0.65
2.6272904119996383,1.636056237013754,1.0369290962039717,1.0115965762373962,0.11682062687192854,0.48220479302913155,-0.12944257128847922,18.05529605308332,0.1090476305526989,0.11192908242039756,0.0,0.65
2.6852399569997942,1.7031192628494356,1.0450298376750113,1.0031654726328159,0.12356977596254666,0.4944857738301836,-0.08377312482085168,18.003191326826766,0.1144920092974304,0.12002982389143724,0.035445875527097,0.65
2.751197272000354,1.7031192628494356,1.0450298376750113,1.0031654726328159,0.12356977596254666,0.510718580221553,-0.024614304427701655,18.003191326826766,0.1144920092974304,0.12002982389143724,0.03339084954538034,0.65
2.8138636170006066,1.7362492572367947,1.04919544750501,0.9938998316207739,0.1249682948999625,0.45940648256479594,-0.04187990142283904,17.977369993872898,0.11647904023443949,0.12419543372143593,0.0,0.65
2.8842620849991363,1.7690256943613551,1.0534283006951517,0.9832931137368149,0.1269855957042491,0.4323082330967973,0.012644834932547033,17.951767613007434,0.11784376064409795,0.1284282869115776,0.03239237931689578,0.6000000000000001
2.9456152620005014,1.7690256943613551,1.0534283006951517,0.9832931137368149,0.1269855957042491,0.36062795361852845,-0.003306225735194873,17.951767613007434,0.11784376064409795,0.1284282869115776,0.03239237931689578,0.6000000000000001
3.0129692219998105,1.8011456657793268,1.0576203972968945,0.9635991425391474,0.12576289805228644,0.32909537098944747,-0.005425350113656066,17.926669619184278,0.11798200574232966,0.1326203835133204,0.12017635985572837,0.6020797289396148
3.0770845959996223,1.8324290477323029,1.0617150070296246,0.9385014585892825,0.12283829198190577,0.4008529686898973,0.09758369324204776,17.902239318779053,0.11613418836981795,0.12677432760054802,0.08862637750486456,0.6020797289396148
3.1465108579996013,1.862823141833566,1.065688499515632,0.9118228230378912,0.11920477458022269,0.45479497351707626,0.18479508822469964,17.87852828813667,0.11201433021058671,0.10995620295254109,0.1362991881418799,0.608276253029822
3.202514930999314,1.892156725583129,1.0694093887669238,0.8800075124868957,0.11162667753875724,0.43899209828584246,0.19080240680005323,17.85574778860524,0.10647498204132794,0.09995905413062783,0.10673142878181958,0.608276253029822
3.2637739709989546,1.9203560168909841,1.0728272923122781,0.8459787392356525,0.10253710636063164,0.4619371414878573,0.2678193435961165,17.83398318691614,0.10176288036119736,0.0979374449539048,0.10229951075808404,0.6184658438426491
3.2665962949995446,1.9733079657452177,1.0790315129230212,0.7779028449740247,0.09081593964703658,0.5202217651286503,0.3521400651906087,17.793321219915917,0.09189208138526508,0.10403149839438908,0.04898533590313604,0.632455532033676
3.2683764069988683,1.998152488639663,1.081919229048547,0.745335686833354,0.08663148376577627,0.5133077540885702,0.4132463011053631,17.77428311204799,0.08637966725862178,0.10691921451991493,0.02397357679958435,0.632455532033676
3.2705149600005825,2.021960390769322,1.0847327998669454,0.7142370638897669,0.08440712455195089,0.5283457016743051,0.44382332727605356,17.756019291862813,0.07934048694016815,0.10973278533831321,0.0,0.65
3.2735447510003723,2.021960390769322,1.0847327998669454,0.7142370638897669,0.08440712455195089,0.5404618106264856,0.4733210375525418,17.756019291862813,0.07934048694016815,0.10973278533831321,0.0,0.65
3.3333497000003263,2.044790061638482,1.087572363026386,0.6848901260747984,0.08518689478322143,0.5530575383957416,0.498049895298605,17.738414801369515,0.07181708813498479,0.10096234513519155,0.0009183272694469605,0.65
3.393730626999968,2.0665863701157927,1.090456161118519,0.6538892543193187,0.0865139427639886,0.5466327617308362,0.5332263627694949,17.721491880867763,0.062291003732471116,0.08758918079257169,0.021033685407896203,0.670820393249937
3.3957223750003322,2.0665863701157927,1.090456161118519,0.6538892543193187,0.0865139427639886,0.5450544644794267,0.5720886977096613,17.721491880867763,0.062291003732471116,0.08758918079257169,0.021033685407896203,0.670820393249937
3.3976361570003064,2.0874108328398866,1.0934154978839397,0.6247338817228184,0.08878010296261471,0.5700366727116241,0.57265913186063,17.70518395582656,0.05336044134531939,0.07495662908044168,0.0,0.670820393249937
3.400511951000226,2.10724506096727,1.0964406601641754,0.5950268438215052,0.0907548684070697,0.5553039274599757,0.6020980804730794,17.68950893983,0.04404484559450852,0.06307082463451241,0.002383004955765934,0.6946221994724903
3.4020469639999646,2.126174109134221,1.0996695785996995,0.5678714450085288,0.09686755306572317,0.5389970089204605,0.6276191866322465,17.674306139997512,0.034849239753804204,0.051969156435912024,0.004327860837377851,0.6946221994724903
3.4614272369999526,2.126174109134221,1.0996695785996995,0.5678714450085288,0.09686755306572317,0.5404125346101625,0.6445826665309491,17.674306139997512,0.034849239753804204,0.051969156435912024,0.004327860837377851,0.6946221994724903
3.5219064180000714,2.144380941991024,1.1033589629703575,0.5462049857040818,0.11068153111974043,0.5420328746396303,0.6526442913026504,17.659261176663943,0.02646257316455851,0.04170377016583267,0.0,0.651920240520265
3.5242579400000977,2.1619344193781145,1.1075603276299335,0.5266043216127148,0.12604093978727743,0.5222747004154235,0.6770033295679025,17.644287983577136,0.018872941459324225,0.03226240071303983,0.006185277444600555,0.6800735254367722
3.5268356449996645,2.1789238375297693,1.1123892522042549,0.5096825445496367,0.1448677372296443,0.5197438357152329,0.6912734446344758,17.629239626474973,0.011303620875587145,0.023663633241931926,0.011535914062014117,0.6800735254367722
3.5289834029990743,2.1954083290161233,1.1180303716193094,0.4945347445906167,0.16923358245163328,0.49724161306904896,0.7156279780799818,17.613938749895134,0.004677881552823749,0.015996211319387242,0.015926778282994363,0.6800735254367722
3.685466085000371,2.211513429414237,1.1246829435274113,0.4831530119434165,0.1995771572430588,0.4819519192891043,0.7897423788709867,17.598152336395618,0.0009372096880163903,0.009312264324740725,0.009873867151499677,0.7106335201775948
3.8076958959991316,2.2273658743333784,1.1324993173288098,0.47557334757423336,0.2344912140419541,0.48759060807856297,0.7780102793130526,17.581681234655047,0.005531548641232093,0.0036299039432874766,0.0,0.7106335201775948
3.9249120530002983,2.243006466912162,1.1415946164765263,0.46921777736351084,0.27285897443149587,0.476434907384579,0.7679026991576466,17.56441190952367,0.009582815209344606,0.0009983174266760936,0.018636893616810684,0.7106335201775948
3.9824062459993,2.2584661161690676,1.1520029327927122,0.46378947770716583,0.31224948948557557,0.4586066794172229,0.743861473378214,17.54629740926343,0.012551971190476952,0.004570149203089735,0.0,0.7071067811865476
4.044944191000468,2.273705628266576,1.1637266046140877,0.45718536292526,0.3517101546412696,0.4420065939750098,0.7349658392780787,17.52736169328011,0.014410520665616528,0.007056223703912358,0.04044181270653088,0.7071067811865476
4.047093223000047,2.28872815811688,1.1767528947913268,0.45067589550910514,0.3907887053171736,0.4002454222509089,0.7610545801743617,17.50761143803304,0.01537093276450627,0.008467778313609963,0.020572507265005167,0.7071067811865476
4.048927265999737,2.28872815811688,1.1767528947913268,0.45067589550910514,0.3907887053171736,0.37290086347262186,0.7764655411813792,17.50761143803304,0.01537093276450627,0.008467778313609963,0.020572507265005167,0.7071067811865476
4.0515212129994325,2.3035307394022957,1.1910396593815813,0.44407743856247417,0.42860293770763136,0.37122745882062563,0.7782571294590586,17.48707934710327,0.01555140558660262,0.008832515796607767,0.0,0.7433034373659253
4.109682874999635,2.3035307394022957,1.1910396593815813,0.44407743856247417,0.42860293770763136,0.3570090739357586,0.7782565545672764,17.48707934710327,0.01555140558660262,0.008832515796607767,0.0,0.7433034373659253
4.171868039000401,2.3323258147390615,1.2234085683164901,0.42747054143047614,0.5039626938010324,0.35343424996675216,0.777845464980211,17.443759991153335,0.012729264994643065,0.006305433824528371,0.0,0.7106335201775948
4.17390364899984,2.3323258147390615,1.2234085683164901,0.42747054143047614,0.5039626938010324,0.3113259123248745,0.7270261874598903,17.443759991153335,0.012729264994643065,0.006305433824528371,0.0,0.7106335201775948
4.175613981000424,2.346196769791481,1.2414112581504453,0.4161286515725958,0.5400806950186547,0.2973865228553249,0.7152492601368775,17.42111347780274,0.010091676594823568,0.0033838561424402998,0.0009819543880237572,0.7106335201775948
4.178155677000177,2.359629945940168,1.2605521982845447,0.4029952844606051,0.5742282040229836,0.26467340623645863,0.71488297889204,17.39792254435111,0.006345991589273375,0.0006521424770573162,0.0030318502631795506,0.7211102550927979
4.182727968000108,2.3853520449304972,1.30157947211313,0.3798330185520614,0.6279945535110524,0.23461867502152145,0.7149597902037143,17.35028947077973,0.003145235881706064,0.011474535392433852,0.009830699144428637,0.6946221994724903
4.297630734999984,2.3853520449304972,1.30157947211313,0.3798330185520614,0.6279945535110524,0.17246462192604334,0.7396842693444767,17.35028947077973,0.003145235881706064,0.011474535392433852,0.0,0.6946221994724903
4.299409584999012,2.3975717418516287,1.3232835169987782,0.3665909076339492,0.6511213465694472,0.174975869226869,0.7336017382525075,17.3260298748474,0.00894908438094418,0.018180982153276515,0.001712522300121624,0.6946221994724903
4.3018259380005475,2.409327114733004,1.3456320003923525,0.3526611864412597,0.6704545018072288,0.14241294293536325,0.7393374797192296,17.30161077991678,0.015121644580153481,0.025671442430310786,0.0041670535431752405,0.73824115301167
4.312837551000484,2.420566700732527,1.368580624134338,0.33718757998568716,0.6884587122595581,0.11913622228429895,0.7743860246620751,17.277100495054295,0.021629835396973017,0.03395098241917521,0.007500031777328612,0.7158910531638177
4.435689222000292,2.4414377618293353,1.4160546349755265,0.30471262818045014,0.7196560554279486,0.11203507333940668,0.7590984821049682,17.228016237635277,0.03566062701290191,0.05276210858299143,0.019521677641341363,0.696419413859206
4.560883948999617,2.45998732467294,1.4648684121471667,0.2687819569761793,0.7352617640264008,0.07752530652655655,0.7362017568512255,17.17953565507901,0.049529073553809755,0.07416213976162864,0.003750202003655315,0.7280109889280518
4.684810766999362,2.475799684586525,1.5142642477194017,0.22626972687217356,0.7422224536640307,0.19801706346896258,0.8444594869900619,17.132506454079998,0.06005521267913443,0.09790924313567322,0.011845616885708806,0.7158910531638177
4.686663665999731,2.48256459154753,1.5390979388601098,0.20294720883014972,0.7450107342212419,0.20038337116151322,0.8299056322305932,17.109677555673386,0.06289804812920037,0.09243544682296001,0.017501261175111717,0.7158910531638177
4.688360623000335,2.488534351817738,1.5640060693993874,0.17909280810624673,0.7472439161783253,0.1827040238780952,0.8305685983303486,17.0873426350317,0.06405683152661333,0.086465686552752,0.02276353267594625,0.7071067811865476
4.832664564999504,2.4936892902014933,1.5889984457252306,0.15464815151265957,0.7497712897752987,0.24929414071603156,0.7985506449761206,17.06550931509075,0.06526594104327971,0.08131074816899675,0.004710580907666012,0.7071067811865476
4.83475457699933,2.498046994490594,1.6140969302289603,0.1307311286730204,0.752954535111889,0.2725076990252159,0.787523840315008,17.04415116718244,0.06532989449814929,0.07695304387989621,0.010199062712460263,0.70178344238091
4.836552602999291,2.498046994490594,1.6140969302289603,0.1307311286730204,0.752954535111889,0.27606364385903404,0.812742415955921,17.04415116718244,0.06532989449814929,0.07695304387989621,0.010199062712460263,0.70178344238091
4.89700531500057,2.5015995824223585,1.6392860159456288,0.10657763795293249,0.755672571500054,0.30830242452766576,0.8232788139062528,17.023286558090753,0.06604575925936272,0.0734004559481316,0.015753278916723294,0.7516648189186454
4.9585126399997534,2.504446350448384,1.6644538524375823,0.08540304078076498,0.7550350947586032,0.34251461891479085,0.8267056818071591,17.002931289274336,0.06662718224843889,0.07055368792210626,0.010882068867371673,0.75
4.961754738998934,2.504446350448384,1.6644538524375823,0.08540304078076498,0.7550350947586032,0.3417701164014093,0.8404664704599896,17.002931289274336,0.06662718224843889,0.07055368792210626,0.010882068867371673,0.75
4.963595854998857,2.506590171405279,1.6895622049575474,0.06431462870685678,0.7532505755989518,0.3588384545851177,0.8432958380893067,16.983112721711965,0.0678493419925518,0.06840986696521112,0.016954166253538166,0.75
5.083460641999409,2.5080334993480533,1.714591541988797,0.04329983828322686,0.7508801109374857,0.4028653440381149,0.854751811494847,16.963844788962565,0.06959234285687523,0.06696653902243677,0.012357362050044061,0.75
5.085791203999179,2.509015752020937,1.7397435433518307,0.029467580186510064,0.7545600408910125,0.4466832529706285,0.8619770450786439,16.944817954496045,0.07190854751720484,0.06598428634955322,0.02516865626244121,0.75
5.088164340999356,2.509015752020937,1.7397435433518307,0.029467580186510064,0.7545600408910125,0.43026134378883485,0.8797107104927337,16.944817954496045,0.07190854751720484,0.06598428634955322,0.02516865626244121,0.75
5.091834561999349,2.5096325810486415,1.7651316213938435,0.01850487083114376,0.7616423412603825,0.4753146189414181,0.8675043764847298,16.925885348300906,0.0750291686759057,0.06536745732184857,0.035722880333597544,0.75
5.211820069000169,2.510166642477231,1.7907268943821015,0.016021842857679228,0.7678581896477434,0.4675248927077801,0.885367305457784,16.906875573086694,0.07837953041223411,0.0648333958932592,0.027281614654319813,0.75
5.214351095999518,2.510999860830661,1.8164723173922026,0.024996550602907612,0.7723626903030303,0.4573035696625162,0.8168056238778323,16.887568698751725,0.08269052055566503,0.06400017753982912,0.03849021372818059,0.75
5.337586670999372,2.5121253809530977,1.8424213832918075,0.03376560367310289,0.7784719769881449,0.6700063739308445,0.7076452419618692,16.86793027408915,0.08675585136680684,0.06524359120725573,0.013660714692381882,0.75
5.339722108999922,2.5137487814395545,1.868617891673712,0.048702014593709125,0.7858952514571309,0.6591033734124627,0.7296707870217796,16.84778696385605,0.09245932789419288,0.07519464460542377,0.02704885868409492,0.75
5.34326297699954,2.516170935312172,1.895092028735861,0.07266461617852805,0.7942241118644744,0.659404115044777,0.7754258872097657,16.826909234524724,0.09785207980711698,0.09116098730040921,0.039537285034059205,0.75
5.467636822999339,2.519502433559846,1.9218680409996622,0.09994494743022438,0.8032803679140379,0.8505249482582888,0.7510703604955077,16.8052022272019,0.10135055255488688,0.1054976055557022,0.04336542334497592,0.75
5.469686379999985,2.5236664554440003,1.948982862365808,0.12492065652463376,0.8134446409843784,0.8412891031074791,0.7656704371795636,16.782690958660126,0.10379624842301184,0.10133358367154788,0.054545239932027756,0.75
5.6000637839988485,2.5284959463769843,1.9764020220140894,0.14488472798951646,0.8225747894484435,0.8921325692286833,0.6545695345072196,16.759514730290906,0.10562851657432089,0.09650409273856386,0.015387569869588393,0.75
5.602004086000306,2.5340676305710015,2.003936675843742,0.16715052582051104,0.8260396148895751,0.8875185619711129,0.6323754687306488,16.73575631742419,0.10683862318063458,0.09093240854454665,0.03031669958833791,0.75
5.605321074999665,2.5405720968752283,2.0315042675114663,0.19513398912680086,0.8270277500317399,0.8688671666975147,0.6486515860426691,16.71134233664769,0.1085063493221767,0.0844279422403198,0.0432802128558971,0.75
5.606863471999532,2.5480857752066544,2.0590734500281997,0.22541034994278267,0.8270754755020011,0.8647850243277636,0.6241524646220037,16.686240872011844,0.10926879772069215,0.07691426390889378,0.05483512589753621,0.75
5.723137056000269,2.556540152357871,2.0866765261500553,0.25363131453649584,0.8280922836556648,0.8718535169899706,0.5086745510964537,16.66047436724057,0.11189885439804688,0.06944851788003559,0.026063073996947995,0.8
5.725940693999291,2.556540152357871,2.0866765261500553,0.25363131453649584,0.8280922836556648,0.845674818745553,0.4893886085173237,16.66047436724057,0.11189885439804688,0.06944851788003559,0.026063073996947995,0.8
5.897850522998851,2.576095079215877,2.142183022234326,0.30807212850809607,0.8348824266967305,0.8000221188475148,0.47623023522784624,16.60691938611775,0.11806922326745951,0.08208657751753456,0.03149273858163383,0.8
6.016283449000184,2.576095079215877,2.142183022234326,0.30807212850809607,0.8348824266967305,0.762455863001234,0.5321159229888973,16.60691938611775,0.11806922326745951,0.08208657751753456,0.0,0.8
6.129025582000395,2.587405668224162,2.1702116678875343,0.3393176702485575,0.8408593695962395,0.7712000291511067,0.4128343466539347,16.5788925413323,0.1237551592577769,0.09390802873942043,0.06118818243743229,0.8
6.13111919199946,2.6132029660364977,2.225695837662148,0.4027831960488303,0.827650693307142,0.7122626040739344,0.3360914848302199,16.521065505565513,0.13492926179914527,0.11489981721616417,0.0,0.8321658488546619
6.1329974370000855,2.643180124353,2.279884181757257,0.464454118720896,0.809207731474668,0.7040791562994018,0.30476607117172955,16.461283656498132,0.14584634304962835,0.13201971086078412,0.021542105910539303,0.8500000000000001
6.189500655998927,2.643180124353,2.279884181757257,0.464454118720896,0.809207731474668,0.6781558556458654,0.31582660150805086,16.461283656498132,0.14584634304962835,0.13201971086078412,0.021542105910539303,0.8500000000000001
6.251662968999881,2.676822769523982,2.332225885239977,0.5162892958239238,0.7774630665750443,0.6828747834676547,0.21105769791831452,16.40028919424538,0.1554339917690941,0.14524194179481698,0.0,0.8514693182963202
6.254080233000423,2.694669951861368,2.357699889826656,0.5354154701215854,0.764220137600372,0.6236581487369706,0.1679720435097128,16.369580488954227,0.15999035184745783,0.15063491952619634,0.012132680284153688,0.8845903006477066
6.256261205999181,2.7129749863721857,2.3828450553266456,0.5491510353245264,0.7543549649996868,0.6022937594527238,0.1740126592899402,16.33878999982767,0.16398815817651582,0.15547162253284405,0.023743767901796473,0.848528137423857
6.380477949000124,2.750568069578374,2.4322076944080977,0.5685260380796895,0.7337293273922577,0.7589272906384414,-0.05963163286278261,16.277192092916504,0.1723482659823208,0.163793955303797,0.026926449947186567,0.8514693182963202
6.382194812998932,2.7697071468014087,2.4560998784170502,0.5741723166910419,0.7167655202685772,0.7758705479895547,-0.027920339266721605,16.246721090135157,0.17628484491597118,0.16715490934382335,0.04033926816751808,0.8500000000000001
6.386089182999058,2.7697071468014087,2.4560998784170502,0.5741723166910419,0.7167655202685772,0.8077858155164492,-0.0613373468396978,16.246721090135157,0.17628484491597118,0.16715490934382335,0.04033926816751808,0.8500000000000001
6.387825593999878,2.7890393411680336,2.479303975971879,0.5799658309987443,0.6961229266448671,0.8400059929515292,-0.07045139984131132,16.216608989197077,0.1799663797969701,0.16989275834430018,0.0532609577864955,0.8500000000000001
6.5159337099994445,2.8085822840262864,2.501591370820772,0.5862882857475837,0.6686218454667874,0.9610892796206466,-0.15623243224722563,16.18700703545977,0.1830139868557586,0.17183337895752288,0.023306798428660718,0.8
6.51815946699935,2.828247168666689,2.522935618939387,0.5899465392120755,0.6403274435584377,0.9940006828488657,-0.1412710567510055,16.157995902149896,0.186218312562568,0.17302086826104374,0.03697359052182027,0.8
6.520306194999648,2.847919182750962,2.5433280900441475,0.5901604225282014,0.6117741331428277,1.0204041145363674,-0.1634552535651786,16.129661755668234,0.18869971132923244,0.17353030830578392,0.05049335740390903,0.8
6.645733160999953,2.8674849366263993,2.56257607735074,0.5869726162631115,0.5774396191977785,1.1223761282099596,-0.2790167928454791,16.102221754150396,0.19127841115536556,0.1733056134101194,0.039008923041801376,0.75
6.648418357999617,2.887247922270877,2.5805329365986482,0.592889569334331,0.5387057774372498,1.1523047261983395,-0.2948825164477672,16.075569370364686,0.19343006000614338,0.17202848918742517,0.056714981239549336,0.75
6.76158052899882,2.928362383916697,2.6121517943923367,0.6264950778789569,0.4535541665429444,1.2024467765483804,-0.2384158769204047,16.02423612594905,0.19496867804469722,0.16531408331212177,0.0334747136695861,0.7000000000000001
6.763648759999342,2.950037251447254,2.625940219351281,0.6502460259167202,0.4136527487683345,1.2236205906655473,-0.12784360867287634,15.999241142754691,0.19524176882457434,0.1597375262902961,0.047956734079024496,0.7000000000000001
6.898562464999486,2.995968353644381,2.6495136249539843,0.7025206283683003,0.33392708441496444,1.19956936731429,-0.2149521810272816,15.950334072626239,0.19263471737932927,0.14747759761311574,0.03656457559240508,0.7000000000000001
6.902571802000239,2.995968353644381,2.6495136249539843,0.7025206283683003,0.33392708441496444,1.2105078421047184,-0.13808081479306494,15.950334072626239,0.19263471737932927,0.14747759761311574,0.03656457559240508,0.7000000000000001
6.904182697999204,3.045901627610964,2.6680793801464446,0.764584367755209,0.261951270186295,1.1858900603187628,-0.1609160829182671,15.90226084193964,0.19165814713987148,0.14600827441818331,0.06763102665655375,0.65
6.913305640000544,3.045901627610964,2.6680793801464446,0.764584367755209,0.261951270186295,1.1276110325861444,-0.2955506332089424,15.90226084193964,0.19165814713987148,0.14600827441818331,0.06763102665655375,0.65
7.0480714659988735,3.0725894529704254,2.6756667403705503,0.8006347607838518,0.22762080672316576,1.1276110325861444,-0.2955506332089424,15.878261044579622,0.1898364811966005,0.15068598565884425,0.06308602567394431,0.65
7.100407865998932,3.0725894529704254,2.6756667403705503,0.8006347607838518,0.22762080672316576,1.1032288605971055,-0.25744129361269996,15.878261044579622,0.1898364811966005,0.15068598565884425,0.06308602567394431,0.65
7.159031514000162,3.100510887252468,2.6823839107116734,0.8376430284612709,0.2015151102336877,1.0602244030841017,-0.28853370082368307,15.854044212876005,0.18965221294821405,0.15738387308624135,0.020218592452207605,0.65
7.160978388999865,3.1296270023129344,2.688434930864294,0.8734834518139971,0.1815306045786176,1.03506904656004,-0.24776792208048806,15.829494655089267,0.1887488255573075,0.16343489323886207,0.04048685768428045,0.65
7.291950537999583,3.1598815457905323,2.6940082158877634,0.9076363043279279,0.1671985507040773,0.6917151761259217,-0.22649270974071284,15.804519618494275,0.18893469115287878,0.1690081782623314,0.03928251335795987,0.65
7.2940982479995,3.191192123431107,2.699287292422106,0.9393173292172465,0.15837229603027472,0.6647412868530498,-0.205937999404222,15.779047484833157,0.18953846300281302,0.17428725479667406,0.05905386044358043,0.65
7.296012061000511,3.2234725543988394,2.704220686876593,0.9684129290319644,0.148001833634598,0.6418164656608247,-0.1879989402200355,15.75317858174428,0.1908391567254077,0.17922064925116077,0.07791679181249254,0.6000000000000001
7.423817962000612,3.256603639827648,2.7087358186368915,0.9939325628642504,0.1354539528089573,0.627618135399083,-0.26082428760614074,15.727051353429388,0.19227410721350788,0.1837357810114595,0.020818712780997853,0.6000000000000001
7.426077912999972,3.290399428529856,2.7124427273546643,1.0138736610662415,0.11120726153318877,0.6503765561550566,-0.2471720621260239,15.701080381696839,0.1938840371472878,0.18744268972923228,0.041282642195479266,0.6000000000000001
7.5451084279993665,3.324602555176389,2.7153439340240486,1.0260937993959853,0.08703620008153387,0.5198364842216071,-0.2677612980062749,15.675445251554235,0.19499698541719868,0.1903438963986166,0.02285975726325042,0.6000000000000001
7.674534953999682,3.3932219683279436,2.719349250496956,1.0252258878908371,0.05290266240043047,0.38692794437008365,-0.24332318844684142,15.62543782751893,0.1968586080014718,0.19434921287152385,0.04203149871713416,0.6000000000000001
7.8058592609995685,3.4268590387559867,2.720759412769099,1.0091121128412897,0.04230486816429647,0.4952447781597493,-0.2466789220091659,15.601379885146947,0.1975614345044154,0.19575937514366704,0.022568033533162515,0.6000000000000001
7.8098003689992765,3.4268590387559867,2.720759412769099,1.0091121128412897,0.04230486816429647,0.4619975166351633,-0.24380399229364857,15.601379885146947,0.1975614345044154,0.19575937514366704,0.022568033533162515,0.6000000000000001
7.811719761999484,3.4268590387559867,2.720759412769099,1.0091121128412897,0.04230486816429647,0.4303766144842005,-0.24248803312428102,15.601379885146947,0.1975614345044154,0.19575937514366704,0.022568033533162515,0.6000000000000001
7.938981725999838,3.491853322916294,2.722736108912448,0.9618932170809005,0.026016906637618534,0.3701791816045672,-0.24056347780474668,15.555542728235705,0.1987325014988722,0.1977360712870162,0.040146319093810924,0.6000000000000001
7.941114668999944,3.52299765822991,2.7233643193841437,0.9343300594084697,0.018846314150862832,0.380066131371994,-0.21484869649776994,15.533860368474791,0.1990904013276794,0.19836428175871168,0.058638310889531024,0.6000000000000001
7.943021097000383,3.52299765822991,2.7233643193841437,0.9343300594084697,0.018846314150862832,0.4082704966615404,-0.22569660209828268,15.533860368474791,0.1990904013276794,0.19836428175871168,0.058638310889531024,0.6000000000000001
7.94658910599901,3.5532494340951204,2.723815040875648,0.907553275956316,0.013521644745122609,0.44160393399237785,-0.22442852800859311,15.512947228802851,0.19937563257944046,0.19881500325021584,0.07618029687833533,0.6000000000000001
8.062967126999865,3.5826594676237384,2.724153547352748,0.8823010058585468,0.010155194312995493,0.5463099414677484,-0.2502246480281719,15.492718753923459,0.19957258662254912,0.19915350972731583,0.035971945021621377,0.6000000000000001
8.065085161999377,3.6108288575501652,2.7241654580011065,0.8450816977928032,0.00035731945076073954,0.5468211398204552,-0.2349162251755742,15.473600834406241,0.19948970111871941,0.19916542037567453,0.052418599735010236,0.6000000000000001
8.067056902998957,3.6376246192059916,2.723837660222994,0.8038728496747918,-0.00983393334337366,0.551949388093554,-0.22010158408755487,15.455690479224963,0.19908844660711675,0.1988376225975621,0.06735397896307417,0.6000000000000001
8.277957172000242,3.6876292025182043,2.7221833739945938,0.7346417145680402,-0.030111089608036552,0.6008234525274627,-0.26763066277020553,15.423105290415958,0.1973396272453985,0.19718333636916174,0.04152690756726291,0.6000000000000001
8.334338181999556,3.7112098382993888,2.720863122267718,0.7074190734355417,-0.039607551806263866,0.6265685945672425,-0.2290119368849027,15.408170465892898,0.19598860740454413,0.1958630846422862,0.013872955049823561,0.6000000000000001
8.33620110999982,3.733793696009142,2.7192372405541323,0.6775157312925896,-0.048776451407577144,0.6389128308176704,-0.21173091853812392,15.394154543971867,0.19433768904442034,0.19423720292870028,0.02687930058321222,0.6000000000000001
8.337982003000434,3.733793696009142,2.7192372405541323,0.6775157312925896,-0.048776451407577144,0.6440685123331725,-0.19225694680939326,15.394154543971867,0.19433768904442034,0.19423720292870028,0.02687930058321222,0.6000000000000001
8.339718072998949,3.755500556278106,2.7172881872795136,0.651205808068928,-0.05847159823855795,0.6561611839781772,-0.23084299262624153,15.380988165674177,0.19237100054428963,0.19228814965408159,0.03908110652530376,0.6000000000000001
8.451493463000588,3.776567123815446,2.7150638359312196,0.6319970261202056,-0.06673054044882283,0.5919577681598314,-0.26232072996464095,15.368475454937267,0.19013005301872485,0.19006379830578757,0.00907867226535483,0.6000000000000001
8.455672444999436,3.7971821994468473,2.712633221667442,0.6184522689420454,-0.07291842791332949,0.601141554398551,-0.239519772175188,15.356437632982034,0.18768901243715388,0.18763318404201001,0.017746036921114143,0.6000000000000001
8.457761826999558,3.817454528001636,2.710063819419895,0.6081698566436595,-0.07708206742640775,0.6336399801007083,-0.23474258292094136,15.344751141071065,0.18510935724311323,0.18506378179446292,0.026116348523506614,0.6000000000000001
8.573841227998855,3.8375852583565337,2.7072826542910744,0.6039219106469406,-0.08343495386462133,0.7550295757277493,-0.2415765034367467,15.333335085646507,0.18232042960914513,0.18228261666564238,0.021038582752481307,0.6000000000000001
8.575853815998926,3.8577161820211314,2.704309220712094,0.6039277099379246,-0.08920300736942485,0.7843537028311509,-0.21587823113470858,15.322080346518849,0.17934066076810995,0.17930918308666177,0.031280865049453155,0.6000000000000001
8.588702342000033,3.8779629762709487,2.7011962427306613,0.6074038274945147,-0.09338933944298101,0.7109779100610045,-0.23762968401828655,15.310870909625784,0.1762216693555664,0.17619620510522926,0.04058912999707498,0.6000000000000001
8.700807383998836,3.8984379070379998,2.6979501275341673,0.6142479230115382,-0.0973834558948201,0.7458460866586217,-0.23632376395185928,15.29962778732729,0.17297154973963647,0.17295008990873528,0.013538980572480274,0.65
8.702715285999147,3.919041965198174,2.6946134986402255,0.6181217448052178,-0.10009886681824892,0.7815649025513035,-0.20977954801733192,15.28838604143013,0.16963089117328906,0.16961346101479347,0.020284215859554332,0.65
8.834606054999313,3.939719420110161,2.6912131951263523,0.6203236473596203,-0.10200910541620149,0.8496696519621844,-0.24440533664105404,15.277163277950056,0.16622764110766855,0.16621315750092025,0.009414783696049202,0.65
8.836833755000043,3.939719420110161,2.6912131951263523,0.6203236473596203,-0.10200910541620149,0.8694730121484272,-0.219117362872556,15.277163277950056,0.16622764110766855,0.16621315750092025,0.009414783696049202,0.65
8.83871962000012,3.9604627626294704,2.6878089730774093,0.6223002755792749,-0.1021266614682916,0.8276112321569083,-0.2421806280570024,15.265920195749619,0.16282090598935534,0.16280893545197728,0.018865159983913367,0.65
8.842317044000083,3.981267116564845,2.684461255362562,0.62413061806125,-0.10043153144542237,0.8159738766418337,-0.2119436787003675,15.254615039280093,0.15947096146099618,0.15946121773712996,0.028397120994736316,0.65
8.95703396099998,4.023730865849954,2.6780209764313607,0.6437599726933027,-0.09518175151594077,0.7870430864887014,-0.2372728857825026,15.231310005336603,0.15302752276182477,0.1530209388059287,0.01952323059289902,0.65
8.97054260799996,4.023730865849954,2.6780209764313607,0.6437599726933027,-0.09518175151594077,0.73896823772534,-0.22808594738675797,15.231310005336603,0.15302752276182477,0.1530209388059287,0.01952323059289902,0.65
9.081517213999177,4.045494411403257,2.674885452848735,0.6529063665990764,-0.09406570747876102,0.7396728614332687,-0.22838227683273096,15.219274787145757,0.14989098949313578,0.14988541522330312,0.008933352866017263,0.65
9.083581188000608,4.067506798808624,2.671776892653622,0.6603716221610377,-0.09325680585338657,0.761162109365696,-0.20518404311248958,15.207077405709384,0.14678144597279413,0.14677685502819005,0.01802201969962218,0.65
9.094059523000396,4.089964932841813,2.668719079531929,0.6737440209956483,-0.09173439365078921,0.8042394640841676,-0.2299926256800437,15.19457092281299,0.14372292212314222,0.14371904190649687,0.02722534473911426,0.65
9.213655939000091,4.089964932841813,2.668719079531929,0.6737440209956483,-0.09173439365078921,0.8042394640841676,-0.2299926256800437,15.19457092281299,0.14372292212314222,0.14371904190649687,0.021063371748735016,0.65
9.215780315000302,4.136592882688329,2.6627988085779886,0.7082601474991144,-0.08717426459859708,0.821336485338547,-0.22698151956230372,15.168356947222792,0.13780163945874066,0.13779877095255655,0.0404559309678617,0.65
9.358362859000408,4.160739253739547,2.6600626526404856,0.7243911315365481,-0.08208467812509299,0.7906447031412276,-0.21509298222492812,15.154572600164773,0.13506521013280046,0.13506261501505357,0.02969337910954738,0.65
9.469382339999356,4.185293576237169,2.6574340699495593,0.7366296749286558,-0.07885748072778936,0.8077393979867061,-0.18763039626501582,15.140466258770072,0.13243646512873708,0.13243403232412732,0.0,0.65
9.47333597099896,4.210147791667003,2.6549063960928945,0.7456264628950241,-0.07583021569994354,0.8245679985501728,-0.1791060485314476,15.126114646691805,0.12990878919862903,0.12990635846746246,0.00922571249004996,0.65
9.47490172200014,4.210147791667003,2.6549063960928945,0.7456264628950241,-0.07583021569994354,0.834729706998102,-0.14889456038963567,15.126114646691805,0.12990878919862903,0.12990635846746246,0.00922571249004996,0.65
9.531849073000558,4.23517521809652,2.652537185317461,0.7508227928855278,-0.07107632326299781,0.8429830813152148,-0.16974906579308702,15.111557592491797,0.1275396906937417,0.12753714769202906,0.018671933518408904,0.65
9.588985127000342,4.23517521809652,2.652537185317461,0.7508227928855278,-0.07107632326299781,0.8609690267634621,-0.13553581820465485,15.111557592491797,0.1275396906937417,0.12753714769202906,0.007388930437742673,0.65
9.591077314000358,4.260326009447182,2.6502652728170335,0.7545237405198448,-0.0681573750128254,0.8783876494942281,-0.14849689750994094,15.096874165310552,0.12526805878449046,0.1252652351916015,0.014914963156263252,0.65
9.712779100998887,4.285567789189743,2.6481358569255278,0.7572533922768331,-0.0638824767451783,1.0216427203752891,-0.11883994941230314,15.082051318438904,0.12313907043761192,0.12313581930009576,0.007044265770983664,0.7000000000000001
9.71498944799896,4.285567789189743,2.6481358569255278,0.7572533922768331,-0.0638824767451783,1.0355371075572564,-0.08176927532645786,15.082051318438904,0.12313907043761192,0.12313581930009576,0.007044265770983664,0.7000000000000001
9.716817901000468,4.310997584366452,2.646085494457813,0.7628938553012395,-0.06151087403144225,1.0393348618274967,-0.11149462562474828,15.067074228049357,0.12108934292891609,0.12108545683238114,0.014229630686857791,0.7000000000000001
9.845343491999301,4.336611780960187,2.644167453487377,0.7684258978120471,-0.05754122911308671,1.0655557027158287,-0.09672864559274832,15.051905156804015,0.11917216839604583,0.1191674158619449,0.009456330829234482,0.7000000000000001
9.847532458999922,4.36239818401314,2.64229082690724,0.7735920915885983,-0.05629879740410753,1.038535705612699,-0.09975864971874751,15.03662158271879,0.11729668968430743,0.11729078928180803,0.01902509852459685,0.7000000000000001
9.851511447999656,4.388417066732308,2.640418456986624,0.7805664815750603,-0.05617109761848113,1.0168876821183743,-0.06819838145195839,15.021213406736125,0.1154258769000014,0.11541841936119202,0.02681163782665357,0.7000000000000001
9.853744808000556,4.388417066732308,2.640418456986624,0.7805664815750603,-0.05617109761848113,0.9996752619834706,-0.03728940139937381,15.021213406736125,0.1154258769000014,0.11541841936119202,0.02681163782665357,0.7000000000000001
9.96939176199885,4.41474105549976,2.638589028061107,0.7897196630235486,-0.054882867765514695,0.9605450086150112,-0.09480997140860983,15.005605029111727,0.11359840284946608,0.11358899043567483,0.01917484909076215,0.7000000000000001
10.104903249999552,4.468585252151519,2.6354230028949686,0.8149920749294165,-0.04442387054385947,0.9811925287093859,-0.2196501606290053,14.973332153118857,0.11043841339800024,0.11042296526953654,0.019561431108436025,0.7000000000000001
10.106987482000477,4.468585252151519,2.6354230028949686,0.8149920749294165,-0.04442387054385947,0.9755800153563343,-0.22917357451513826,14.973332153118857,0.11043841339800024,0.11042296526953654,0.019561431108436025,0.7000000000000001
10.111058311998931,4.468585252151519,2.6354230028949686,0.8149920749294165,-0.04442387054385947,0.9802425300908946,-0.23670297822657405,14.973332153118857,0.11043841339800024,0.11042296526953654,0.019561431108436025,0.7000000000000001
10.113111114998901,4.496336601276666,2.634197055927228,0.8325404737544057,-0.03677840903220843,0.9832776769309439,-0.24289616785598794,14.956436334511176,0.10921741172165123,0.10919701830179607,0.027446342377938773,0.7000000000000001
10.235687373999099,4.553681369456888,2.6328198839666275,0.8697079708000559,-0.014893606070908137,0.9977314682081014,-0.2677274529438864,14.920737890915639,0.1078548619823818,0.10781984634119546,0.025389491072603933,0.7000000000000001
10.23780346499916,4.583286911270549,2.632789915124781,0.8881662544098285,-0.000899065255389242,1.016723592975345,-0.20491204115778267,14.901836636598134,0.10783578206973696,0.1077898774993491,0.0346019099184935,0.7000000000000001
10.239531324999916,4.613456853285796,2.633303910290552,0.9050982604574233,0.015419854973128177,0.9898506289225462,-0.165990504306047,14.882191373861183,0.10836503356444051,0.10830387266511998,0.042368867667064186,0.7000000000000001
10.361723120000534,4.6440028864123555,2.634073840104718,0.9163809937967919,0.02309789442498672,0.8275111971146718,-0.266615365496276,14.862144667454588,0.10915621600144726,0.10907380247928611,0.026792581067254583,0.7000000000000001
10.363461413999175,4.6440028864123555,2.634073840104718,0.9163809937967919,0.02309789442498672,0.8043314409497233,-0.22620452555222104,14.862144667454588,0.10915621600144726,0.10907380247928611,0.026792581067254583,0.7000000000000001
10.365477016999648,4.674698731879657,2.6350145065952577,0.9208753640190446,0.028219994716183663,0.7697115963373746,-0.2521622786110702,14.84190676290658,0.11012181882584772,0.1100144689698257,0.036543563762136015,0.7000000000000001
10.37453923099929,4.674698731879657,2.6350145065952577,0.9208753640190446,0.028219994716183663,0.717636245651285,-0.2557110644028017,14.84190676290658,0.11012181882584772,0.1100144689698257,0.036543563762136015,0.7000000000000001
10.508956255000157,4.674698731879657,2.6350145065952577,0.9208753640190446,0.028219994716183663,0.717636245651285,-0.2557110644028017,14.84190676290658,0.11012181882584772,0.1100144689698257,0.015369355232575961,0.7000000000000001
10.569012351999845,4.705441165929658,2.636047808551237,0.9222730215000521,0.030999058679384888,0.7161489888246205,-0.2579126070425329,14.82160367620967,0.11119502678820854,0.11104777092580509,0.029539202230784056,0.7000000000000001
10.625045913000577,4.73619445267717,2.637182409819262,0.9225986024253432,0.034038038040750285,0.7016686081976349,-0.22504361387548866,14.801251346890599,0.11237845444815413,0.1121823721938302,0.012866912546117095,0.7000000000000001
10.627467705999152,4.73619445267717,2.637182409819262,0.9225986024253432,0.034038038040750285,0.6899492257142207,-0.23284591997782586,14.801251346890599,0.11237845444815413,0.1121823721938302,0.012866912546117095,0.7000000000000001
10.629125609999392,4.767041008039784,2.638181633069549,0.9253966608784243,0.029976697508613193,0.6838185652762233,-0.23433145608423075,14.78098115221433,0.11344231336091733,0.1131815954441171,0.025644690815404273,0.7000000000000001
10.63090291699882,4.79810429118512,2.6389718995207887,0.9318984943600899,0.023707993537186327,0.6866276385246937,-0.2126639963345625,14.760773316382945,0.11432661049962048,0.11397186189535669,0.03538022452311712,0.7000000000000001
10.686739859000227,4.829451337624093,2.6396342551614635,0.9404113931691895,0.01987066922024927,0.6809090305277012,-0.22921741595025996,14.740524261604412,0.11510250079128974,0.11463421753603154,0.044384937541171975,0.7000000000000001
10.739761052000176,4.829451337624093,2.6396342551614635,0.9404113931691895,0.01987066922024927,0.6891370707591113,-0.2138232220107743,14.740524261604412,0.11510250079128974,0.11463421753603154,0.0,0.7000000000000001
10.741803916000208,4.8608554738260885,2.6401067531464846,0.9421240860598824,0.014174939550626148,0.7275566992732747,-0.24425775334356403,14.72042610812636,0.11574469935793173,0.11510671552105256,0.015079493455056273,0.7000000000000001
10.743379104998894,4.892013103414341,2.640317562098239,0.9347288876475572,0.006324268552636724,0.7323179141676759,-0.261123689617519,14.70072597748993,0.11617691896089385,0.11531752447280708,0.029375819505681102,0.7000000000000001
10.867097266998826,4.922654625478581,2.6401992670508405,0.9192456619271885,-0.0035488514219630223,0.6185785453701542,-0.45906238618350287,14.68164503596759,0.11632453528740873,0.1151992294254085,0.017153363401424104,0.7000000000000001
10.871701805999692,4.9527247571526525,2.639789997679951,0.9021039502221565,-0.012278081126682095,0.6270388221232658,-0.4486415722882189,14.663187159198523,0.1163151227971297,0.11478996005451902,0.03367231700995152,0.7000000000000001
10.87332578600035,4.982234775561894,2.6391416634145908,0.8853005522772526,-0.019450027960813528,0.639002926335689,-0.48033880079551855,14.64530356459886,0.11612144688465717,0.11414162578915876,0.04560031541455698,0.7000000000000001
10.89211922100003,5.011160999573132,2.6382608642219645,0.8677867203371417,-0.026423975778791603,0.6469976465054568,-0.5685125793443291,14.628002542804888,0.11588810178916274,0.11326082659653247,0.056516442308858945,0.7000000000000001
11.00454750499921,5.03955180155342,2.6372292580516112,0.8517240594086508,-0.030948185110600036,0.673391039656055,-0.5583694120485092,14.611188679885078,0.11564381953286554,0.11222922042617922,0.03624877575084461,0.7000000000000001
11.006630443998802,5.06745605349553,2.635998345358471,0.837127558263278,-0.03692738079420328,0.6951453113357621,-0.5835213514633577,14.594868416096059,0.1154160157718219,0.11099830773303898,0.045543468434055365,0.7000000000000001
11.010955370000374,5.094940294388519,2.634521561983454,0.8245272267896742,-0.04430350125050935,0.738555363794779,-0.5826095775783484,14.579036186053242,0.1152446814383484,0.10952152435802187,0.05412885570363833,0.7000000000000001
11.128093384999374,5.148243214102163,2.629913964089591,0.7908358457148529,-0.07908892204667158,0.7708324835003592,-0.7446957029672101,14.549804920515427,0.11423067479501339,0.10491392646415898,0.026989154433137142,0.7000000000000001
11.130339859999367,5.148243214102163,2.629913964089591,0.7908358457148529,-0.07908892204667158,0.8353803752373318,-0.7223812258137052,14.549804920515427,0.11423067479501339,0.10491392646415898,0.026989154433137142,0.7000000000000001
11.13194103800015,5.1741139164117325,2.62634777549915,0.7761210692871042,-0.10698565771321916,0.8552057506635138,-0.7529290618351521,14.536716883326442,0.11306810028436276,0.1013477378737182,0.03616634395592788,0.7000000000000001
11.259529465000014,5.199676472682981,2.6215841027953153,0.7668766881374656,-0.1429101811150427,0.7400551802410323,-0.8865273827148827,14.524799151799451,0.11132250590699959,0.09658406516988327,0.011836947386452617,0.7000000000000001
11.26412859499942,5.225193594240886,2.6155483789824623,0.7655136467371335,-0.1810717143855874,0.7391122780896086,-0.9124125455854092,14.513952520771017,0.10911149974332597,0.09054834135703027,0.022638796903661145,0.7000000000000001
11.265972867000528,5.250781700254503,2.6081981265229186,0.7676431804085132,-0.22050757378630576,0.7682399100691975,-0.8951455786747377,14.504143367183115,0.10611883903267837,0.08319808889748659,0.032126667247949076,0.7000000000000001
11.267727852000462,5.250781700254503,2.6081981265229186,0.7676431804085132,-0.22050757378630576,0.7565579041180734,-0.8936127976392032,14.504143367183115,0.10611883903267837,0.08319808889748659,0.032126667247949076,0.7000000000000001
11.283498082999358,5.276546429014033,2.599654864015058,0.7729418627858986,-0.25629787523581604,0.6886706347424373,-0.9171013253497182,14.495215457733545,0.10380582414725167,0.07465482638962584,0.04017730949822985,0.75
11.394108930000584,5.302571256126334,2.5899249106093705,0.7807448133690303,-0.2918986021706212,0.6886706347424373,-0.9171013253497182,14.48711776258291,0.10050005734549537,0.06492487298393845,0.01613228139655102,0.75
11.399262196999189,5.32899804362613,2.579087428873123,0.7928036249938891,-0.3251244520874247,0.699323830469306,-0.8913214434815915,14.4797065505577,0.0994857967063142,0.05423494823768667,0.023489986023045317,0.75
11.517804139999498,5.355803932088764,2.567096493810921,0.8041766538790417,-0.3597280518660708,0.5956589894927746,-0.8274862904963565,14.473037972628369,0.09791504984801638,0.052163099668341914,0.0202847526644157,0.75
11.519811747999483,5.3827235395660775,2.554080767409238,0.8075882243193874,-0.3904717920504929,0.575354998752835,-0.8178972978486636,14.46717525341919,0.09849202697546762,0.06137983138525402,0.029498297262855227,0.75
11.534572614000353,5.409576629241479,2.540007266000099,0.8055926902620485,-0.4222050422741687,0.520005961529837,-0.7920698747539072,14.462257443883248,0.10064355552237132,0.07041636490910023,0.038152813640132725,0.8
11.6736179239997,5.409576629241479,2.540007266000099,0.8055926902620485,-0.4222050422741687,0.520005961529837,-0.7920698747539072,14.462257443883248,0.10064355552237132,0.07041636490910023,0.0,0.8
11.731124822999845,5.463052580444927,2.508675342887738,0.8021284977641364,-0.4852614917919017,0.502584571827319,-0.7871052714246236,14.455298960406793,0.10566924791136825,0.08607455733509338,0.01595333241611991,0.8
11.784459832999346,5.489903835922894,2.4915078853254378,0.8055376643390306,-0.5150237268690072,0.5498566844470679,-0.7305291075883383,14.453056601671385,0.10835067182949222,0.09292203650890181,0.022982752369603423,0.8062257748298549
11.786711007000122,5.51691463066314,2.473488309009807,0.8103238422073868,-0.5405872894689173,0.567685093840928,-0.7020664237672816,14.451474961333743,0.11208476089226146,0.09927978802807669,0.029569633084405127,0.8321658488546619
11.789057349000359,5.51691463066314,2.473488309009807,0.8103238422073868,-0.5405872894689173,0.5877652507887509,-0.6690245620196354,14.451474961333743,0.11208476089226146,0.09927978802807669,0.029569633084405127,0.8321658488546619
11.904304794999916,5.544033417133573,2.45468115656691,0.8135635941129665,-0.5642145732869115,0.32117061418870885,-0.681519804665107,14.45053684581804,0.1154798086068827,0.10515700081168777,0.02045312301295256,0.8321658488546619
11.90916151700003,5.571042882283946,2.435245661503462,0.8102839545111761,-0.5830648519034378,0.3285462539694452,-0.6623665214612529,14.450245786605608,0.11916570047880573,0.11051260642065638,0.029029284336690463,0.8200609733428363
11.910948753000412,5.59796966134355,2.4153340646086305,0.807803371788123,-0.597347906844937,0.29497285150251473,-0.654979333965547,14.450464971796933,0.12274182478236241,0.11547308930062601,0.03689186442348924,0.8200609733428363
11.93069704499976,5.6246086200283925,2.394966472580408,0.7991687605452779,-0.6110277608466851,0.1635057264459614,-0.6292295652176096,14.451299904220164,0.12626402546602528,0.11990761519082929,0.043810617261459454,0.8139410298049854
12.040827217999322,5.6246086200283925,2.394966472580408,0.7991687605452779,-0.6110277608466851,0.159561196052585,-0.6160242221346296,14.451299904220164,0.12626402546602528,0.11990761519082929,0.007511296742480499,0.8139410298049854
12.042891412000245,5.650946990948244,2.3742717160287428,0.7901511275955386,-0.6208426965499566,0.10992898469024615,-0.606031950275135,14.452653754217254,0.12963556011227748,0.12389825318097555,0.01448668929916706,0.848528137423857
12.06341029199939,5.6769241052126596,2.353385476379768,0.7793134279324883,-0.6265871894692475,0.005037173268190434,-0.5774207499392001,14.454451227766253,0.13292182600448396,0.12749804514372404,0.020571750605536114,0.848528137423857
12.171699632999662,5.702596574661771,2.3324778703489932,0.770174083473353,-0.6272281809232417,0.005037173268190434,-0.5774207499392001,14.456519683509873,0.13628055931594024,0.1308673123782582,0.011993425954958163,0.8514693182963202
12.173946359000183,5.727766664168588,2.3116364567110597,0.7551026852044799,-0.6252424091380023,-0.005195825379015917,-0.5852750031652924,14.458900582629045,0.13953832029426763,0.13392814843870374,0.020347391388443194,0.8514693182963202
12.189523679000558,5.752304650827682,2.2909193307099267,0.7361395997728296,-0.6215137800339882,-0.11859422084333526,-0.6893431517067212,14.461618301434788,0.1428116037002659,0.1366299049199169,0.028316818875563973,0.8500000000000001
12.309274875999108,5.776066893543799,2.270338589423176,0.712867281483518,-0.6174222386025224,-0.140499118793004,-0.7136653490134285,14.464741665499872,0.14570795712288184,0.1388795661549767,0.024394756372384984,0.8500000000000001
12.313983230000304,5.776066893543799,2.270338589423176,0.712867281483518,-0.6174222386025224,-0.12955687517673775,-0.7494226549337538,14.464741665499872,0.14570795712288184,0.1388795661549767,0.024394756372384984,0.8500000000000001
12.316414861999874,5.798981845928918,2.2499066791779065,0.6874485715535771,-0.6129573073580753,-0.13787245273662269,-0.7773748216297667,14.468296862672194,0.14870902633426772,0.14063534209003695,0.0333029483911642,0.8321658488546619
12.42652536300011,5.798981845928918,2.2499066791779065,0.6874485715535771,-0.6129573073580753,-0.21033650432721035,-0.8495469123526013,14.468296862672194,0.14870902633426772,0.14063534209003695,0.0,0.8321658488546619
12.428772168999785,5.820890301610734,2.2296688425481244,0.6572536704544758,-0.6071350988934637,-0.22024141618264723,-0.8604387650745038,14.472332886771781,0.15110157019113132,0.14181664815050893,0.015431918010619992,0.8
12.435938684000575,5.841667811533246,2.209654796286415,0.6233252976753657,-0.6004213878512754,-0.22965344192654996,-1.029939407365787,14.476890536249169,0.15354244250070692,0.14235649848225237,0.029839411280667215,0.8
12.56407671099987,5.879318060835053,2.1704343738147576,0.5439929228210175,-0.5844818633806987,-0.258327245528411,-1.0514381511039845,14.487724030170277,0.15667494860807832,0.14124621838621354,0.03505051249679539,0.75
12.682774984999924,5.89603375458808,2.151134384623711,0.5014708125908033,-0.5789996757314015,-0.3182087742613032,-1.0508337986714023,14.494152326030656,0.15815397939745754,0.1394188455574008,0.01734127162630565,0.75
12.68537767700036,5.9113166627368,2.131833624444321,0.45848724446158995,-0.5790228053816978,-0.3290731843452171,-1.052950054127494,14.501432384111354,0.15849886015166498,0.13657779514070947,0.033250557778596285,0.7000000000000001
12.68802916200002,5.9251155079066375,2.1123620579389355,0.41396535509512244,-0.5841469951615692,-0.28941923523036545,-1.058079808822676,14.509727767570643,0.15790813074646443,0.13256657541656167,0.047569564987055515,0.7000000000000001
12.689939889000016,5.937446369656275,2.0925350143232286,0.3699258524891124,-0.5948113084711995,-0.28286821294204406,-1.0445589666790933,14.519176875790555,0.15778126162774175,0.1272659743860566,0.06028875076417629,0.7000000000000001
12.824959088000469,5.948468103322588,2.072289855823347,0.33065200998938277,-0.6073547549964454,-0.29916509160099575,-0.9865570187158363,14.529737904548698,0.15639891465547123,0.12074402814047605,0.036966252395485545,0.7000000000000001
12.880683340999894,5.967110482205342,2.0300070026359114,0.26263942454355893,-0.6467363487228079,-0.26442676367454715,-0.9813141759034807,14.554333473748372,0.1524712271990062,0.10728509638299016,0.06799698592498175,0.65
12.936821478999263,5.974541836326747,2.007369443122312,0.22294062364214026,-0.6791267854079839,-0.23042465326500317,-0.9554705740419513,14.568966475173736,0.1510635690856793,0.10467253074928867,0.054596191996270256,0.65
12.938981561999753,5.980618791311027,1.98362967222536,0.1823086495284049,-0.7121931269085529,-0.20744660363073852,-0.9294075329834881,14.58529331661826,0.1479912321272108,0.10597066254458394,0.06947085291779428,0.65
12.941323495999313,5.985422023049497,1.9588454122017271,0.1440969521540953,-0.7435278007089926,-0.18445385039830386,-0.9156276832620103,14.60321918170186,0.14473532539536446,0.1104219355051752,0.08213461436483152,0.65
12.946485749998828,5.989060774446433,1.933141323990971,0.10916254190807308,-0.7711226463226803,-0.2114129718846554,-0.8856181165053714,14.622577924654724,0.14187973153084255,0.11406068690211058,0.09196628704821964,0.65
13.061934032999488,5.99340651185876,1.8796000059404379,0.0504232509719428,-0.8098514872211232,-0.2245739345981773,-0.7016763335393977,14.664754822252737,0.13464042304229565,0.11840642431443804,0.033371427253534154,0.65
13.063850930999251,5.99340651185876,1.8796000059404379,0.0504232509719428,-0.8098514872211232,-0.17537386826623386,-0.6812933042645146,14.664754822252737,0.13464042304229565,0.11840642431443804,0.033371427253534154,0.65
13.07152598599896,5.994287537707116,1.8523215540075648,0.026430775450681808,-0.8183535579861921,-0.19366642946868828,-0.5392832992338474,14.687007926660822,0.13077577976485985,0.11928745016279407,0.0490694869721833,0.65
13.200232908999169,5.994487586223316,1.8249217372543614,0.006001455485994352,-0.821994502596104,-0.1743829169556495,-0.5253701910067924,14.70975451346549,0.12698787288742452,0.11948749867899355,0.0326088318913211,0.65
13.206451439000375,5.993216001363685,1.7702578582712853,-0.025952574773375425,-0.8175862333997285,-0.16456843793484477,-0.5080093343911181,14.756100029549364,0.11851131444812883,0.11821591381936258,0.06063343195119938,0.65
13.211045240999738,5.992006704826992,1.7431934572553447,-0.036278896100771715,-0.8119320304782169,-0.14927706970766125,-0.4144662060094489,14.779385075482253,0.11387913675536292,0.11700661728267026,0.07255616237965884,0.65
13.312912551999034,5.990560723464899,1.7163244350233857,-0.043379440862793515,-0.8060706669587692,-0.11366959061362164,-0.4084086255942871,14.802649285800463,0.10855322638841661,0.11556063592057697,0.038502271511352944,0.65
13.314816785999938,5.988957952421923,1.689673259154395,-0.0480831312892812,-0.7995352760697223,-0.08426603687282133,-0.42586496394407275,14.825829248717492,0.10287847113973486,0.11395786487760073,0.041947014856004224,0.65
13.329904363999958,5.987215139501672,1.6635041592683613,-0.05228438760751802,-0.7850729965810151,0.031426484577090685,-0.46527673399586317,14.84869378057431,0.09595766630574153,0.10657455919063095,0.04465087640572769,0.65
13.448890636000215,5.98540613758784,1.6379053829327455,-0.05427005741496908,-0.7679632900684732,0.06395668978714575,-0.47313615076418275,14.871127589952073,0.0882055528426991,0.0871943333331893,0.0266129916907196,0.651920240520265
13.451291420000416,5.9835866133598286,1.6129363185814758,-0.0545857268403422,-0.7490719305380875,0.09851781163019452,-0.45716712496806067,14.893049575108293,0.07919079583438833,0.06979644265051185,0.03163273622008666,0.651920240520265
13.453141502999642,5.9835866133598286,1.6129363185814758,-0.0545857268403422,-0.7490719305380875,0.11753833135587755,-0.44694873939426405,14.893049575108293,0.07919079583438833,0.06979644265051185,0.03163273622008666,0.651920240520265
13.558323036999354,5.98177257822235,1.5886800637969294,-0.05442105412433714,-0.7276876435363905,0.16470025718881498,-0.4421516574037041,14.914380410118786,0.07067967364223676,0.05839742388628101,0.007779475007978702,0.6576473218982953
13.56033824000042,5.979932748174061,1.5653334717689489,-0.05519490144868467,-0.7003977608394163,0.16442991086065323,-0.4175760373030267,14.93497094567418,0.06330296700925608,0.0549326598846811,0.015180791007737948,0.6576473218982953
13.565877869999895,5.979932748174061,1.5653334717689489,-0.05519490144868467,-0.7003977608394163,0.17119739564188913,-0.3989664741354769,14.93497094567418,0.06330296700925608,0.0549326598846811,0.015180791007737948,0.6576473218982953
13.687459163000312,5.976640244127852,1.5211557697035782,-0.04579021719412673,-0.6511636155885903,0.16570166010270299,-0.3752946348974919,14.97385374221963,0.04955046639841402,0.05164015583847181,0.011378944575690143,0.6670832032063168
13.711020067999925,5.974593530605107,1.4797810732418801,-0.024017440832733952,-0.6114349090360282,0.2161607275595645,-0.36316942195804486,15.00973537582153,0.03741920638802184,0.04959344231572693,0.01643730226306904,0.6800735254367722
13.823309727999003,5.974313739198514,1.459950326217558,-0.008393742197768849,-0.5949224107296678,0.2161607275595645,-0.36316942195804486,15.02656424352106,0.031452619733769005,0.04931365090913431,0.007760343697901291,0.6800735254367722
13.825845325000046,5.974313739198514,1.459950326217558,-0.008393742197768849,-0.5949224107296678,0.2633731832409872,-0.3548170950777598,15.02656424352106,0.031452619733769005,0.04931365090913431,0.007760343697901291,0.6800735254367722
13.831088138998894,5.974621087435719,1.440679979960915,0.009220447116137776,-0.5781103876992926,0.29001337375186526,-0.36715163772819925,15.042611669604005,0.026209446129321176,0.049620999146338995,0.009561054247596115,0.696419413859206
13.833071142000335,5.975522301722007,1.4219473354435959,0.027036428588640818,-0.5619793355195732,0.3231876054903394,-0.3780716424960435,15.057893519183956,0.020419636211257596,0.05052221343262708,0.010745145535742733,0.696419413859206
13.974492715999077,5.975522301722007,1.4219473354435959,0.027036428588640818,-0.5619793355195732,0.4551725812301488,-0.4063679570869835,15.057893519183956,0.020419636211257596,0.05052221343262708,0.0031600448095989784,0.696419413859206
14.085881871998936,5.9770128723988085,1.403727838859186,0.04471712030403792,-0.5465848975322907,0.4758190677800309,-0.4276644900970934,15.072433335892843,0.01467553712655222,0.052012784109428445,0.0,0.696419413859206
14.088978998999664,5.981753542813715,1.3688225123069648,0.08012444022451784,-0.51520599265939,0.5529304471022403,-0.4242261332989126,15.0992981877556,0.003566303240300537,0.03576259462349892,0.0046350184435404495,0.7158910531638177
14.14301103499929,5.985004124056402,1.3522531980907826,0.09751743728060075,-0.49707942648546843,0.5901666914647119,-0.4079813089211725,15.111525620934781,0.002714588359214592,0.026344828221127298,0.0062786126161156475,0.7158910531638177
14.198132118999638,5.9931570491058075,1.320823740469018,0.13092145555950777,-0.46286079063096364,0.631424753461987,-0.3904587278636807,15.133679278437981,0.012960794363637956,0.009885834196702886,0.0037120228851362284,0.73824115301167
14.200215068000034,5.9931570491058075,1.320823740469018,0.13092145555950777,-0.46286079063096364,0.6419719091466423,-0.39765717041433096,15.133679278437981,0.012960794363637956,0.009885834196702886,0.0037120228851362284,0.73824115301167
14.202022691999446,5.9981322561695745,1.3059288937687203,0.14925621191300423,-0.446845401008931,0.6465250842544996,-0.392576876406859,15.143596548040428,0.01812318117462178,0.002871589742785368,0.0048298337980588885,0.73824115301167
14.324952220998966,6.00370472352247,1.2915463960355622,0.1671740205868688,-0.4314749319947415,0.6207160968405163,-0.3860940864389671,15.152771394329882,0.022685499949165126,0.0033580424815577528,0.0019682544286556956,0.7211102550927979
14.463955017999979,6.017605810492289,1.2639101474079786,0.22365139471449008,-0.4096261384375981,0.6035313081574069,-0.3500786991843755,15.168727650610773,0.02894880289437728,0.013070268430456848,0.005041142434043627,0.7211102550927979
14.46632903200043,6.026161826283472,1.2505717401382463,0.2566804737354859,-0.4001522180919647,0.6243464570989794,-0.3046756569279705,15.175462742885175,0.03108029985985001,0.016451929875227745,0.005981676113865513,0.7211102550927979
14.471840558999247,6.03592208617282,1.2374596073431532,0.2928077966804354,-0.39336398385279636,0.5781189894487411,-0.31673247937450744,15.181379975252721,0.032509599420385026,0.018822061936555265,0.005815698464084258,0.75
14.582706134000546,6.03592208617282,1.2374596073431532,0.2928077966804354,-0.39336398385279636,0.5818864978608612,-0.29133139916567374,15.181379975252721,0.032509599420385026,0.018822061936555265,0.0018857358397881795,0.75
14.585169034999126,6.072423042164644,1.1996727795744617,0.40024802572328344,-0.36833180892471024,0.565329504217196,-0.30281154425930534,15.194092082385877,0.030869847683691744,0.019731310589715185,0.0015079392206107393,0.7433034373659253
14.59328110000024,6.072423042164644,1.1996727795744617,0.40024802572328344,-0.36833180892471024,0.5881535140854989,-0.23948062201033415,15.194092082385877,0.030869847683691744,0.019731310589715185,0.0015079392206107393,0.7433034373659253
14.711766579999676,6.086849453530067,1.1877902965807217,0.4327923409626786,-0.35647448981219954,0.5578895493157541,-0.27096302556238794,15.19657004410753,0.028744405267882283,0.017932481587245412,0.004318001104460105,0.7433034373659253
14.713864256998932,6.102143075571507,1.1763104331516627,0.458808661243202,-0.3443959028717684,0.5693388650093464,-0.24337552706968943,15.198271855835891,0.025715423310634374,0.015235747010622221,0.007130203914557821,0.7071067811865476
14.715618329999415,6.118206156245424,1.165279635515,0.4818924202175229,-0.3309239290998874,0.5772075972042175,-0.23243378746551432,15.199211291103936,0.02189480333231838,0.011677385550129095,0.010805399953668597,0.7071067811865476
14.835999232000177,6.134965025104511,1.1547271915656596,0.5027660657725803,-0.31657331848020676,0.5999443118020951,-0.2227986895957448,15.199403614487572,0.01785160806206432,0.007288780409522757,0.006151246911184271,0.7071067811865476
14.841194456999801,6.152350638559634,1.1446856796871918,0.5215684036536878,-0.30124535635403676,0.6123873277246966,-0.19820689641610828,15.19885849366674,0.013005543800748188,0.0020957163829466463,0.013111076848209549,0.7106335201775948
14.843018407000272,6.152350638559634,1.1446856796871918,0.5215684036536878,-0.30124535635403676,0.583757008125096,-0.18942240553359777,15.19885849366674,0.013005543800748188,0.0020957163829466463,0.013111076848209549,0.7106335201775948
14.844775256000503,6.170214250650665,1.135134431740991,0.535908362730931,-0.2865374383860261,0.5519667699507993,-0.18272008684209823,15.19767223075994,0.007474768782621534,0.00378201267155468,0.020379272588232186,0.7106335201775948
14.853155343998878,6.170214250650665,1.135134431740991,0.535908362730931,-0.2865374383860261,0.4921291305343324,-0.18504928201288318,15.19767223075994,0.007474768782621534,0.00378201267155468,0.020379272588232186,0.7106335201775948
14.962097428999186,6.188434546650744,1.1260658769047154,0.5466088800023831,-0.27205664508826677,0.4921291305343324,-0.18504928201288318,15.195915061392178,0.001904124026542649,0.010253270908144096,0.005011967986134354,0.7106335201775948
14.971517673000562,6.225522144432437,1.1092551285648509,0.5583468308344225,-0.2463252013889523,0.5990194951417919,-0.18840240894395463,15.191012270831148,0.010188143056079946,0.02459116864955961,0.016463266747835943,0.6800735254367722
15.10601522700017,6.263097749984148,1.0940261328400984,0.5652521635351199,-0.22265768295587368,0.616813498458065,-0.1767114251956881,15.18461040361424,0.022241451547396842,0.040392607994732044,0.0260147400668343,0.6946221994724903
15.122813021998809,6.263097749984148,1.0940261328400984,0.5652521635351199,-0.22265768295587368,0.6182682905279353,-0.1617130746677798,15.18461040361424,0.022241451547396842,0.040392607994732044,0.0260147400668343,0.6946221994724903
15.221894639000311,6.282059676364462,1.0869874817085272,0.5688577914094209,-0.21115953394713605,0.6182682905279353,-0.1617130746677798,15.180865775875139,0.028487347889381016,0.04882363677707165,0.01549186854876743,0.6946221994724903
15.224117951000153,6.301166206412357,1.0803226689781429,0.5731959014368475,-0.1999443819115271,0.625406279547541,-0.1364023987411771,15.176752167177568,0.034635205680061586,0.05762125946188969,0.021519746693404028,0.670820393249937
15.231897333000234,6.320433620301343,1.0740434103514052,0.5780224166695889,-0.1883777588021322,0.6226413905020696,-0.14149167003112562,15.172250925012651,0.03982246793098956,0.06680527212292911,0.02797163387857667,0.670820393249937
15.37188285999946,6.339877281219417,1.0681725232846893,0.5833098275422055,-0.17612661200147806,0.6342384771835403,-0.11606655538181881,15.16733437336326,0.04544836296466975,0.07640267255273565,0.0066756753690851494,0.670820393249937
15.373955820999981,6.359324403427897,1.0626978385795236,0.5834136662543971,-0.16424054115497297,0.6470476689344555,-0.11414617199534266,15.162100986985473,0.04952653010857297,0.08628267786103462,0.013673960147374533,0.65
15.426802759000566,6.378874251934207,1.0575781989709268,0.5864954551892991,-0.15358918825790369,0.6435706891044186,-0.1095712653982095,15.156534869600076,0.05241330717757164,0.08257818444229459,0.021019885532110757,0.65
15.478617202999885,6.378874251934207,1.0575781989709268,0.5864954551892991,-0.15358918825790369,0.6459405818200749,-0.08571510237497043,15.156534869600076,0.05241330717757164,0.08257818444229459,0.0,0.65
15.483812808999573,6.398616499022464,1.0527574535341178,0.5922674126476876,-0.14462236310426846,0.6555162772651837,-0.10614953049673323,15.150638464943928,0.05515071595946287,0.0777574390054856,0.006662535258570413,0.65
15.485885578998932,6.418496344237638,1.0483011444774124,0.596395356455204,-0.133689271701162,0.6592075413188584,-0.08237508392491347,15.144383164353052,0.05653173294351384,0.07330112994878024,0.013705855577668454,0.6800735254367722
15.487951236000299,6.438520759639599,1.044172988120993,0.600732462058843,-0.12384469069258203,0.6735923110028184,-0.08101281995114373,15.137796507899784,0.05826846639357117,0.06917297359236074,0.02110326572642176,0.6800735254367722
15.4898593479993,6.458669565246971,1.0403543059847349,0.6044641682211538,-0.11456046408774297,0.6827339869089258,-0.05726679529154441,15.130904681025994,0.05936206228289899,0.06535429145610272,0.028655902828010105,0.6670832032063168
15.604053215000022,6.478933366861742,1.0368762685338007,0.607914048443145,-0.10434112352802738,0.7467660770977895,-0.12521506109468153,15.123685339570137,0.06070384724785306,0.061876254005168496,0.020465890898207436,0.6670832032063168
15.609557398000106,6.499322302766933,1.0336939165741612,0.6116680771557061,-0.0954705587891864,0.758691679334728,-0.10016125715376104,15.11617200626492,0.06234547114768337,0.058693902045529045,0.031172858662030376,0.6670832032063168
15.736799610000162,6.54064811266941,1.0280207816197189,0.6230477073014553,-0.08187235369315696,0.5765901452017461,-0.09189205014714816,15.100345745785244,0.06639169341465252,0.05528166178866975,0.022031732474541037,0.6576473218982953
15.738611832999595,6.54064811266941,1.0280207816197189,0.6230477073014553,-0.08187235369315696,0.5455367264827007,-0.04803191277180584,15.100345745785244,0.06639169341465252,0.05528166178866975,0.022031732474541037,0.6576473218982953
15.854839105999417,6.561658197844981,1.0254865295361915,0.6303025552671347,-0.07602756250581963,0.5480619753282516,-0.09836206055323779,15.092034310041086,0.06974587310360487,0.06239154220165533,0.010219934334661852,0.651920240520265
15.856986245000371,6.582934704724312,1.0231277212825636,0.6382952063799259,-0.07076424760883468,0.5849449529549885,-0.08316343058146203,15.083463105246311,0.07341731098829146,0.07499738163321709,0.020737920509302607,0.651920240520265
15.862329126999612,6.604527231628499,1.0209257997440846,0.6477758071256153,-0.06605764615436846,0.6192126501768891,-0.08612164303450454,15.074624173000089,0.07606351648044755,0.08870861017862126,0.031254648352274324,0.65
15.981296338999528,6.6263469964227975,1.0188661830848398,0.654592943828957,-0.06178849977734142,0.7066957292409324,-0.11659629531158057,15.065575035620773,0.07791998535222298,0.09386616930126568,0.019706485117540293,0.65
15.983311480998964,6.648310897997976,1.017004217405032,0.6589170472553655,-0.05585897039423406,0.7401956787159459,-0.11867955789726527,15.056309279511146,0.07920690301263965,0.09200420362145789,0.029633064357598576,0.65
15.985253987999386,6.6703903186839,1.0153899692284494,0.6623826205777291,-0.04842744529747553,0.7604425250704775,-0.09596020099597126,15.046797655118295,0.08007310321383729,0.09038995544487527,0.03862081719780292,0.65
15.999032294999779,6.692426361873087,1.0140516932770476,0.6610812956756225,-0.04014827854205389,0.8090973452710002,-0.12712618303582618,15.037093811321988,0.08078476915578281,0.08905167949347348,0.04783148095800589,0.65
16.111554467999667,6.714281576446706,1.0130253678935894,0.6556564372085689,-0.03078976150374362,0.8358378144655849,-0.13043620714482118,15.027233333298955,0.08128925371361026,0.08802535411001533,0.03259332200823018,0.65
16.22960409299958,6.778429884106993,1.0116277447544868,0.6348105360493841,-0.007018100225999526,0.6970325252101631,-0.11041087784716602,14.997028947555515,0.08308831100632333,0.0866277309709127,0.0266322840454498,0.65
16.248641660999056,6.799563373325168,1.0116018568503689,0.6340046765452618,-0.0007766371235393464,0.8659372950844303,-0.132135519976888,14.986745507070507,0.08363660159916475,0.08660184306679475,0.035237297158047354,0.65
16.362874631000523,6.820972085400174,1.0116741006422023,0.6422613622501719,0.0021673137550032107,0.8994290630047919,-0.13807155788689657,14.976265296439015,0.08429046510483226,0.08667408685862821,0.01143911088560898,0.65
16.364928605999012,6.84277369446817,1.0118353592696117,0.6540482720398677,0.004837758822280518,0.936546605743922,-0.1134048374843151,14.965539994018538,0.0848810693213023,0.08683534548603755,0.023162434430753328,0.65
16.37068654399991,6.864967127749743,1.0121403739079133,0.6658029984471983,0.009150439149052784,0.9019372777739185,-0.11397442151015078,14.954523404469734,0.08556158912726433,0.08714036012433923,0.03453900713970594,0.65
16.49101048599914,6.887533917297384,1.0126496259433155,0.6770036864292176,0.015277561062068946,0.7591093937440729,-0.13482888161244672,14.94317258173301,0.08638022251141349,0.08764961215974143,0.023511589523079447,0.65
16.49297802000001,6.887533917297384,1.0126496259433155,0.6770036864292176,0.015277561062068946,0.7357135735316827,-0.10871149964016663,14.94317258173301,0.08638022251141349,0.08764961215974143,0.023511589523079447,0.65
16.494771747000414,6.91058515578369,1.0133008670145092,0.6915371545891807,0.01953723213580707,0.7212288625374544,-0.1376344116510554,14.931489543897522,0.08727434258942714,0.08830085323093506,0.03524138843598679,0.65
16.641917850000027,6.957393699687046,1.0150634753850079,0.7038783743632329,0.029113451658750927,0.7104487293529875,-0.15430344649187813,14.907460837261112,0.08940438123585617,0.09006346160143375,0.02159220846974864,0.65
16.64754165799968,6.957393699687046,1.0150634753850079,0.7038783743632329,0.029113451658750927,0.7251018409396225,-0.11033217307906484,14.907460837261112,0.08940438123585617,0.09006346160143375,0.02159220846974864,0.65
16.64961341599883,6.980997963894286,1.0160863245550693,0.7081279262172065,0.030685475101840547,0.7491570513396343,-0.1623168350882638,14.895267270397406,0.09056845498476,0.0910863107714952,0.03255684300185265,0.65
16.651265247999618,7.028928903318006,1.0184753516285316,0.7232405987501174,0.038083863622189476,0.7877616167249242,-0.14039144385551028,14.870317198374813,0.09314774273048233,0.09347533784495754,0.054006887033391904,0.65
16.749915747999694,7.028928903318006,1.0184753516285316,0.7232405987501174,0.038083863622189476,0.9179162741499955,-0.18608989185857017,14.870317198374813,0.09314774273048233,0.09347533784495754,0.025835128651137348,0.65
16.75202388499929,7.053351956965202,1.0199703301305205,0.7326916094158971,0.04484935505966898,0.8854404919748877,-0.184207208743638,14.857403030377549,0.09470485659338111,0.09497031634694642,0.038825741516610654,0.65
16.765723450000223,7.0782116330300315,1.0216007922412111,0.7457902819448793,0.0489138633207174,0.8019746697608294,-0.18373909991500648,14.844192053056323,0.09639567208875809,0.09660077845763704,0.05132683542932761,0.65
16.882482068000172,7.103361186896463,1.0233625317905455,0.7544866159929601,0.0528521864800294,0.8028632977915529,-0.18587698078200365,14.830758650723377,0.09819724419427518,0.09836251800697138,0.025177765433012582,0.65
16.88415010999961,7.128633500050667,1.0252251236001375,0.7581693946261208,0.05587775428776327,0.7968895957974726,-0.15866976622857198,14.817209215812298,0.10009776605353654,0.1002251098165634,0.03800418365160343,0.65
16.885989012998834,7.1539302566330845,1.0271542210920863,0.7589026974725275,0.057872924758465394,0.8184374797713219,-0.1637463905145125,14.803620558458928,0.10205179383106054,0.10215420730851221,0.05021421608365565,0.65
17.007741609999357,7.17914547838589,1.029099514095053,0.7564566525841807,0.05835879008899628,0.8023091352490507,-0.21646794832924293,14.790086775329502,0.10402042127876565,0.10409950031147885,0.013729762733947437,0.65
17.134924222000336,7.204283932816294,1.0310812474737605,0.7541536329121125,0.0594520013612258,0.7875915723922113,-0.2168319541781824,14.77658747611733,0.10601755049255907,0.1060812336901864,0.02745496547849772,0.65
17.137105404999602,7.254804048700153,1.0349592372494256,0.7614709066560552,0.057628485040330954,0.7843285462167886,-0.19034048515986457,14.749643987026463,0.10991954622445234,0.10995922346585152,0.05403853367954471,0.65
17.257818776999557,7.280537544548899,1.0369068368634844,0.7720048754623878,0.05842798842176226,0.8265122268982746,-0.2557267255999687,14.735992371404482,0.11187610209642633,0.11190682307991029,0.042780685350939866,0.65
17.259934087000147,7.306645204607831,1.038810605379747,0.7832298017679572,0.05711305548787715,0.8161174100281637,-0.2662881915647167,14.72223956394605,0.11378595238457649,0.1138105915961729,0.05632040332603813,0.65
17.283038526999007,7.359438939905093,1.0425200679224493,0.7940507170497636,0.05366650916753021,0.8316479626757146,-0.3162860973268449,14.694657041982154,0.11750450690033286,0.11752005413887523,0.08154201610526621,0.65
17.394884106999598,7.386159184839395,1.0440581183252549,0.8016073480290413,0.04614151208416486,0.8316479626757146,-0.3162860973268449,14.681051628169731,0.11904561017031345,0.11905810454168075,0.04678973579686298,0.65
17.397571608000362,7.413038181903723,1.0453842706935534,0.8063699119298722,0.03978457104895866,0.8748717905015843,-0.2988338738476277,14.667598651331197,0.12037387444601468,0.12038425690997934,0.06083906693991516,0.65
17.399825647000398,7.413038181903723,1.0453842706935534,0.8063699119298722,0.03978457104895866,0.8513923991714363,-0.27178222648233125,14.667598651331197,0.12037387444601468,0.12038425690997934,0.06083906693991516,0.65
17.51445581400003,7.439994319077022,1.046499745283376,0.8086841151989694,0.03346423769467912,0.8003702456127457,-0.33615593514222325,14.654335350667164,0.12149081845471604,0.12149973149980187,0.01640929127640011,0.65
17.516617930999928,7.466994045473031,1.0473985511821748,0.8099917918802865,0.02696417696396337,0.7768469409923,-0.3054564219680626,14.641283160108317,0.12239057737990623,0.12239853739860074,0.0326663548044946,0.65
17.524541643999328,7.494019724138152,1.0481557087872369,0.8107703599536266,0.022714728151857353,0.7157040172464187,-0.314199062707304,14.628383875436786,0.12314801910998999,0.12315569500366275,0.04881815119621798,0.65
17.650970394999604,7.521122806072124,1.04868955442441,0.813092458019163,0.016015369115193655,0.7242675277215465,-0.3176909851461508,14.6156877867439,0.12368186681782747,0.12368954064083582,0.05447287288196367,0.65
17.65372488200046,7.548311388106285,1.0489310429609797,0.8156574610248424,0.0072446560970914325,0.7320345633939154,-0.29551307257840786,14.603253904134014,0.12392253627905932,0.12393102917740562,0.06983662578684696,0.65
17.655812869999863,7.548311388106285,1.0489310429609797,0.8156574610248424,0.0072446560970914325,0.6999217099380164,-0.29064293555553233,14.603253904134014,0.12392253627905932,0.12393102917740562,0.06983662578684696,0.65
17.774180401000194,7.603100737349291,1.048273126415945,0.824064710587828,-0.01682847335962573,0.6509792990515595,-0.31222069670375074,14.579344100873247,0.12326147771625204,0.12327311263237095,0.03750863032877802,0.65
17.780365869999514,7.6306513299236,1.0472576751392537,0.8265177772292451,-0.030463538300742922,0.6365848452708541,-0.2658349366025742,14.567997611690853,0.12224351904971965,0.12225766135567961,0.054799745509594544,0.65
17.91881718699915,7.685226069970033,1.0438587410175257,0.8135729856072711,-0.05905395660300576,0.5721468774155285,-0.29593901950844825,14.546894828378205,0.11883600896539637,0.11885872723395163,0.03183626841758074,0.65
17.926290716999574,7.711943939362998,1.041417077956222,0.8015360817889219,-0.07324989183911562,0.6020506737017826,-0.28638576506958063,14.537326032174368,0.1163881256402107,0.11641706417264786,0.04598331497647713,0.65
18.028144636000434,7.7642536784459,1.0353531762142103,0.7792585804042301,-0.09652020510109563,0.6285682526374765,-0.280882338849297,14.51987183419132,0.11030629349705737,0.1103531624306362,0.04235022707746806,0.65
18.156952359999195,7.815261473914881,1.0281930358489946,0.760817642814684,-0.11000206507270416,0.6591207893500659,-0.2529413532529665,14.504139948624504,0.10311741266937864,0.10319302206542047,0.021395807258839526,0.65
18.16365160100031,7.840237852561734,1.0243600716477903,0.7492913594055991,-0.11498892603612931,0.7037495527332419,-0.19679415513598159,14.496792116824313,0.09926344008338772,0.0993600578642162,0.03111242155046953,0.65
18.175685267999143,7.864845751692886,1.020423631140218,0.7382369739345308,-0.11809321522717013,0.7712558555357601,-0.1936795409857944,14.489736591429724,0.09530275165219039,0.09542361735664384,0.039412172599483965,0.65
18.29266512200047,7.864845751692886,1.020423631140218,0.7382369739345308,-0.11809321522717013,0.7882519546913598,-0.15629490020307424,14.489736591429724,0.09530275165219039,0.09542361735664384,0.010664803239886196,0.65
18.29516729599891,7.889062670095554,1.016395614307942,0.7265075520800492,-0.12084050496827597,0.8034776919536912,-0.16882382158008527,14.482970905076796,0.09124238698347473,0.0913956005243679,0.0210330322382693,0.65
18.297164865000013,7.912946525360703,1.012309685397179,0.7165156579544701,-0.12257786732289197,0.7761052694841062,-0.14494969034411515,14.476438390329117,0.0871186352103156,0.08730967161360481,0.029848048629829534,0.65
18.310484187999464,7.912946525360703,1.012309685397179,0.7165156579544701,-0.12257786732289197,0.7755391393165606,-0.11816301692008699,14.476438390329117,0.0871186352103156,0.08730967161360481,0.029848048629829534,0.65
18.314307664999433,7.936554237849946,1.0082228566521907,0.7082313746772899,-0.12260486234964901,0.7656084067527332,-0.13574304674269852,14.470061936082015,0.08298315866511319,0.08322284286861659,0.03781093356914672,0.65
18.4247210479989,7.959960868089146,1.0041428319898082,0.7021989071759864,-0.12240073987147479,0.7653972992447459,-0.1239701360230174,14.463801557900348,0.07884359466484454,0.07914281820623414,0.012689805333910498,0.65
18.427006406000146,7.983213312481436,1.0001123558433753,0.6975733317687175,-0.12091428439298636,0.790382399590162,-0.11136194439830914,14.45759785269087,0.07474092214834786,0.07511234205980122,0.018724193211993936,0.65
18.43746854100027,8.006337515084521,0.9961910591721689,0.6937260780925526,-0.11763890013619406,0.8145009193408522,-0.08721567257037163,14.451385097553302,0.07072516673420284,0.07119104538859478,0.02440136303750665,0.7000000000000001
18.53836634899926,8.029430842128068,0.9924034437973448,0.6927998113064323,-0.11362846124472088,0.8145009193408522,-0.08721567257037163,14.44509942439586,0.0668313601540671,0.0674034300137707,0.011843533674204255,0.7000000000000001
18.540308233999895,8.05261795638716,0.9888635731436024,0.6956134277727241,-0.10619611961227272,0.8222438787383477,-0.04786423274963825,14.438584694666293,0.06313940585339001,0.0638635593600283,0.01765315488049002,0.7000000000000001
18.542354093999165,8.05261795638716,0.9888635731436024,0.6956134277727241,-0.10619611961227272,0.826544082948278,-0.020030917282133104,14.438584694666293,0.06313940585339001,0.0638635593600283,0.01765315488049002,0.7000000000000001
18.673729915999502,8.099545881884055,0.9825794862114068,0.7073497145334442,-0.0896665935663422,0.8097153236952641,0.026999235187363385,14.424706948814467,0.056447969785421964,0.05757947242783268,0.01167604799656338,0.7000000000000001
18.675839014000303,8.099545881884055,0.9825794862114068,0.7073497145334442,-0.0896665935663422,0.7925936235177027,0.08046352007538993,14.424706948814467,0.056447969785421964,0.05757947242783268,0.01167604799656338,0.7000000000000001
18.695725800998844,8.123311972758268,0.9799104795653764,0.7129827262264088,-0.08007019938091368,0.7679275546033102,0.057741202668427694,14.41726564918581,0.053528663010832346,0.05491046578180225,0.017146624715844303,0.7000000000000001
18.808716817999084,8.147256734217773,0.9775649716022468,0.7183428437851591,-0.07036523889388703,0.7679275546033102,0.057741202668427694,14.409491783641641,0.05078435441441701,0.05256495781867265,0.01741590218973294,0.7000000000000001
18.81081604800056,8.17135832515206,0.9755806861031674,0.7230477280286043,-0.0595285649723798,0.7673204517660062,0.09349274302994653,14.401360159225653,0.048392514470857226,0.05058067231959329,0.022207365660139894,0.7000000000000001
18.812543672000174,8.195586522181875,0.9739884357875104,0.7268459108944656,-0.047767509469709334,0.731117533756211,0.10898088880585377,14.392855105950325,0.04616890145680534,0.04898842200393627,0.026756721400567503,0.7000000000000001
18.941946771999937,8.219925113263304,0.9728213908811312,0.7301577324429035,-0.035011347191376455,0.7090038954659541,0.11712958473184648,14.383952826304025,0.044341038824997896,0.04782137709755707,0.0016394455976182379,0.7000000000000001
18.948762369998803,8.244486700658014,0.9721006892137235,0.7368476218412914,-0.02162105002222984,0.7149546395476766,0.14364633146524042,14.374587865845534,0.0426074101826988,0.0471006754301494,0.002822200603742935,0.7000000000000001
19.059337565999158,8.29430324766,0.9722913121255534,0.7502120750981024,0.012331503246932697,0.6990651683389185,0.20223977683536248,14.354192773326734,0.04005466149608521,0.047291298341979315,0.0018508511272489854,0.7000000000000001
19.19969390999904,8.34462934577701,0.9751111147610834,0.7558078845776479,0.051665806593383296,0.6674657189503497,0.2479209063121086,14.331329303918713,0.03836677315897331,0.05011110097750926,0.00032663401197118334,0.7000000000000001
19.20178091699927,8.369763240764794,0.9774436991241932,0.7540168496334867,0.0699775308932948,0.6471972353348221,0.29023623090540734,14.319116494621648,0.03785109363260697,0.05244368534061905,0.0015375660684707347,0.7000000000000001
19.203626190999785,8.394764715135903,0.9803142182297679,0.7500442311332935,0.08611557316724248,0.647906791016445,0.2870424226076087,14.306497288576345,0.03622633810342434,0.05531420444619384,0.0032229596532574742,0.7000000000000001
19.300031008999213,8.419564878064833,0.9837366715174638,0.7440048878678904,0.10267359863087579,0.6223376658717232,0.31383983312197994,14.293484770223472,0.03489333723712355,0.045376389336598454,0.0043771067251618745,0.70178344238091
19.305234679999558,8.444139872287254,0.9877174464673641,0.7372498266726432,0.11942324849700939,0.5882894668363321,0.34345570901697825,14.280080796267477,0.03185910284495294,0.030814077235756222,0.006947102811484091,0.70178344238091
19.418614504998914,8.468471171667302,0.9922655433959336,0.729938981401463,0.1364429078570837,0.5847896526617549,0.35751139976395274,14.266282610728966,0.029496636035767493,0.01845875769108403,0.004614097150582357,0.7071067811865476
19.420617615000083,8.492535841628518,0.9974565589456148,0.7219400988364706,0.1557304664904343,0.5680184513601882,0.3823387435370841,14.252027887712615,0.028976723086999723,0.022456544416982638,0.00948908187885783,0.7071067811865476
19.42223593500057,8.51631694161129,1.0032929829695278,0.7134329994831343,0.1750927207173909,0.5465682036143462,0.37101298665436233,14.237318960621494,0.02915032704770838,0.028292968440895683,0.013868662778182056,0.6670832032063168
19.43093790400053,8.51631694161129,1.0032929829695278,0.7134329994831343,0.1750927207173909,0.5403212371674684,0.3761597689481919,14.237318960621494,0.02915032704770838,0.028292968440895683,0.013868662778182056,0.6670832032063168
19.53762212499896,8.539797147398511,1.0097826693870142,0.7044061736166528,0.1946905925245902,0.5337275374516858,0.38491217390783583,14.22215333642407,0.02999028995331747,0.034782654858382056,0.00044163597553018263,0.6670832032063168
19.666387060999114,8.58574324079716,1.0247100649211234,0.6835187054383158,0.23341373514950559,0.5839146748833801,0.5056629459567643,14.190498035403449,0.032709098798997534,0.04971005039249121,0.0011434544444356065,0.6800735254367722
19.668256310000288,8.58574324079716,1.0247100649211234,0.6835187054383158,0.23341373514950559,0.557491842483026,0.5538142387775385,14.190498035403449,0.032709098798997534,0.04971005039249121,0.0011434544444356065,0.6800735254367722
19.670179871000073,8.608092449205836,1.0331248023587574,0.6704762522602838,0.2524421231290219,0.592990770629277,0.5370907634997192,14.174070550734598,0.03442084667944578,0.0581247878301252,0.003288497520012355,0.696419413859206
19.67831221400047,8.608092449205836,1.0331248023587574,0.6704762522602838,0.2524421231290219,0.5997631357241131,0.5756904502679006,14.174070550734598,0.03442084667944578,0.0581247878301252,0.003288497520012355,0.696419413859206
19.779304570000022,8.629952986838147,1.0421802714222725,0.6558161289693031,0.2716640719054557,0.5999822897238899,0.5825771193154915,14.157262107845378,0.03479463030295535,0.06718025689364038,0.002543844523328088,0.696419413859206
19.781244251000317,8.65130351119027,1.0518552216229313,0.6405157305636713,0.2902485060197612,0.5610748926540693,0.5918179513372115,14.140098146217241,0.035404201103454665,0.0711008774395249,0.005825576563080899,0.670820393249937
19.81057416600015,8.65130351119027,1.0518552216229313,0.6405157305636713,0.2902485060197612,0.5400608478402226,0.5822629090584287,14.140098146217241,0.035404201103454665,0.0711008774395249,0.005825576563080899,0.670820393249937
19.912837722000404,8.692382363124961,1.073033815679406,0.6079734182665002,0.3266569470896529,0.5405640906754628,0.6079165451094045,14.104757228469913,0.03201677189351782,0.057029270146476616,0.0010967900560900513,0.670820393249937
20.04294767600004,8.712114890270717,1.0843939236535778,0.591975814372688,0.34080323922515915,0.5267977734238767,0.6595203953004197,14.086706765254554,0.030068191873451458,0.051109075775312575,0.0024957627209596153,0.6946221994724903
20.04580236000038,8.7313671511499,1.0964309456100028,0.5775678263754745,0.3611106586927467,0.5001581380203477,0.6844631024982486,14.06822756490815,0.02756192908176795,0.046007131405149594,0.0039532905424456396,0.6946221994724903
20.04766291299893,8.75017382505465,1.1092275212453686,0.5642002171424935,0.38389726906097615,0.4854533490227243,0.6944417054314681,14.049228081887598,0.025927801275239526,0.04175735016326998,0.0062908547952502765,0.6800735254367722
20.156389527999636,8.768630482357931,1.1227786213300845,0.5536997190984178,0.4065330025414782,0.4581947051931095,0.7174825807684044,14.029674823197098,0.024178586744178426,0.03828859738852452,0.0012239131293491027,0.6800735254367722
20.158121700000265,8.78673072139286,1.137093930811898,0.5430071710478809,0.42945928445440373,0.4373583871261407,0.7309734894525333,14.009559742746527,0.02284268765099901,0.03561224803520263,0.0032824036824040674,0.6800735254367722
20.163778108999395,8.78673072139286,1.137093930811898,0.5430071710478809,0.42945928445440373,0.4021519470328249,0.7528494124708013,14.009559742746527,0.02284268765099901,0.03561224803520263,0.0032824036824040674,0.6800735254367722
20.275298693999503,8.804472363908571,1.1522325922386734,0.5322492754713235,0.4541598428032646,0.38769260309963893,0.7630675949218639,13.988827463018282,0.022360285033094326,0.03377166245591653,0.0035112403932988784,0.6726812023536856
20.27716439699907,8.821836802910212,1.1682171951779028,0.5209331700492531,0.4795380881768802,0.3602757809724496,0.7774339467735705,13.967462663139843,0.02185172584415315,0.03279597101925927,0.007940177612921104,0.6726812023536856
20.394369642999663,8.855323000116964,1.202705856961306,0.4957685899614488,0.5299752312482388,0.33792204532292225,0.7400849706785607,13.922888818243228,0.02321805838874478,0.0335048205193084,0.0019904326436823655,0.6726812023536856
20.396194909999394,8.871379795896509,1.2211856708105284,0.4817038733863184,0.5543944154766733,0.2846899698109384,0.7583258601207054,13.89972401756579,0.024501990983503606,0.035218153027315284,0.0016628133473320203,0.6726812023536856
20.536084801999095,8.902131431085287,1.2602868199240278,0.4539395115097098,0.5967983494093213,0.2571750676399871,0.8396603219554531,13.851933879654787,0.028936164812366515,0.04112215094309665,0.0038761041977271983,0.6800735254367722
20.53962125199905,8.916730722191973,1.2808456009739917,0.4379787332005597,0.6167634314989157,0.21675635664837173,0.8130773630357497,13.827400330949285,0.031702991608842324,0.04533614669440218,0.006623501331487399,0.6800735254367722
20.63266090199977,8.916730722191973,1.2808456009739917,0.4379787332005597,0.6167634314989157,0.1681022272180497,0.8019872812592399,13.827400330949285,0.031702991608842324,0.04533614669440218,0.002494410172382568,0.6800735254367722
20.634759470000063,8.930762945806478,1.302040027020956,0.42096670843517403,0.6358327814089315,0.17381011747105068,0.7863922073093166,13.802492209467864,0.03519919479717413,0.050400588602625605,0.005833918542207209,0.651920240520265
20.636533851999047,8.94418692488939,1.3238432698714566,0.4027193724873562,0.6540972855150216,0.1355928690548632,0.8128484478611434,13.777248972791714,0.038214616461851765,0.056325622834037754,0.009945247068017698,0.651920240520265
20.757215256000563,8.956947802265837,1.346200068284841,0.38282632129343613,0.6707039524015314,0.137524811814552,0.8283214282139502,13.751741657216943,0.042093540045713446,0.06311096367098637,0.0014045148598035757,0.6946221994724903
20.759730304000186,8.969015509509608,1.3690740444686036,0.3620312173131277,0.6862192855128759,0.10931148769509502,0.8359758627793135,13.726014626499415,0.045021032826102536,0.07075214971777975,0.0036718906971352975,0.670820393249937
20.774528766000003,8.980329548235028,1.3924368956889788,0.339421161762614,0.7008855366112556,0.12083709402069126,0.841558446919704,13.70011626172282,0.04822823084287431,0.07927194673820838,0.006958938265569062,0.670820393249937
20.875974126000074,8.99086717303119,1.4163436442904849,0.31612874388487394,0.7172024580451818,0.12083709402069126,0.841558446919704,13.674003685583116,0.04917158252661412,0.08413296219684696,0.008748703236132036,0.65
20.878028576998986,9.000584996526356,1.4407238580808246,0.291534704854962,0.7314064137101943,0.08439456048121219,0.8381423475115432,13.64775827068373,0.0497481848803026,0.07441513870168137,0.013772128797609381,0.696419413859206
20.88393082499897,9.000584996526356,1.4407238580808246,0.291534704854962,0.7314064137101943,0.07376697518657363,0.824859786774488,13.64775827068373,0.0497481848803026,0.07441513870168137,0.013772128797609381,0.696419413859206
20.885855819000426,9.000584996526356,1.4407238580808246,0.291534704854962,0.7314064137101943,0.07943111251821008,0.8156729644460493,13.64775827068373,0.0497481848803026,0.07441513870168137,0.013772128797609381,0.696419413859206
20.992341148999913,9.009491667355867,1.465456317279669,0.2672001248853163,0.7419737759653328,0.11782567934168761,0.7716072422479472,13.621489241462827,0.04854626685553916,0.06550846787217068,0.008256738708128004,0.6800735254367722
20.994352964999052,9.01757425022292,1.4904370673975376,0.2424774860115736,0.7494225035360541,0.09486210689109414,0.7657297337468985,13.595298042090107,0.04785502396256994,0.05742588500511836,0.017315124071013956,0.6800735254367722
20.996393485000226,9.024826628688052,1.515623838169495,0.21757135395398292,0.7556031231587259,0.1263121940107057,0.7574052193128321,13.569226511902649,0.046808386142960005,0.05017350653998598,0.023902844654669235,0.6670832032063168
21.11770651199913,9.031209751205596,1.5410334381759372,0.1914936755263144,0.7622880001932608,0.22073524211727222,0.719434910236277,13.543274186373402,0.04666564753219057,0.04379038402244184,0.007859611381177654,0.6670832032063168
21.12005003000013,9.036741336515853,1.5666870492260019,0.16594755930767366,0.769608331501941,0.21075182109373797,0.7210916460967338,13.517415500582441,0.04743769374700011,0.03825879871218518,0.01657252959992325,0.6576473218982953
21.144590428999436,9.041514774306867,1.592587450234503,0.14320313373042343,0.7770120302550335,0.3398004069081947,0.7345333386242388,13.491613745901088,0.04924940860960355,0.037823101092340966,0.025520690051817434,0.6576473218982953
21.236664320998898,9.048875297320262,1.6450150082392103,0.09940147459221202,0.7893093829453446,0.3567137191896451,0.7271776505710646,13.440257136937818,0.05690671565236611,0.0679811205574437,0.024555378247865745,0.651920240520265
21.255345220999516,9.051550455452706,1.6714579449835865,0.08025474397331142,0.7932881023312834,0.377469601499704,0.6381131434488003,13.4147493609516,0.05955239477358801,0.07344968052039036,0.03353761938925502,0.7000000000000001
21.36466088999987,9.051550455452706,1.6714579449835865,0.08025474397331142,0.7932881023312834,0.3983532268595332,0.6204275457405253,13.4147493609516,0.05955239477358801,0.07344968052039036,0.010433511913925542,0.7000000000000001
21.366627270999743,9.05367047081025,1.6979456916468154,0.06360046072631094,0.7946323998968672,0.4208156036547156,0.6146406998822096,13.389413459316065,0.06210037658973742,0.07132966516284611,0.021352341051077927,0.7000000000000001
21.382402852999803,9.055389826055595,1.7244019787057883,0.05158065736038079,0.7936886117691855,0.4924921887603019,0.5901541611589356,13.364262725332983,0.0642873974333214,0.0696103099175005,0.03171394094877808,0.7000000000000001
21.493616503999874,9.056902591504485,1.7507658153781762,0.04538296346671071,0.7909151001716416,0.5157799101289124,0.5850844237432542,13.33928095581641,0.06632381372291032,0.0680975444686105,0.03020444974608333,0.7000000000000001
21.495640322998952,9.058212209679093,1.7770191402851918,0.039288545238245896,0.7875997472104668,0.5154506251292557,0.5995482726707775,13.314483895049273,0.0683541463136893,0.06678792629400299,0.042567128060962404,0.7000000000000001
21.501883941000415,9.059485507091615,1.8032096187110649,0.038198922375674495,0.7857143527761917,0.5438603179590973,0.6171812429011574,13.289764483789002,0.07057297872987227,0.06551462888148052,0.0537773808143527,0.7000000000000001
21.518810096999005,9.06088291185677,1.829382181994497,0.0419221429546844,0.7851768985029643,0.6855612078475884,0.6641155805610585,13.265020266232963,0.07272499776432761,0.06411722411632503,0.063354479578151,0.7000000000000001
21.61358711399953,9.064182170150804,1.8815891916220187,0.05345529900828517,0.780888834742735,0.7162368220345398,0.6738709272276521,13.215484247567886,0.07826329225463727,0.0608179658222916,0.048788821314854215,0.7000000000000001
21.6257388060003,9.06633983534168,1.9073587535824341,0.06472995572625156,0.7730868588124689,0.8452186727972806,0.7120099546939525,13.190839064180523,0.0818013426409142,0.05866030063141636,0.05820454078720254,0.7000000000000001
21.752433948000544,9.069198465088164,1.9328727107684438,0.0857588923945048,0.7654187155802912,0.8792943025230365,0.7109809591764193,13.166166889267146,0.08536235177404142,0.055801670884932264,0.015412855403281418,0.7000000000000001
21.85109389900026,9.077592455125133,1.9832825345575462,0.14029439391996407,0.7535473903702505,1.0124272014461932,0.6278321117199883,13.116379823875725,0.09369384187602475,0.048125752924744324,0.03187273402591143,0.7000000000000001
21.8530900450005,9.08327455976033,2.0082668225433595,0.17046313905589364,0.7495286395743961,0.9668439426600082,0.6904972091791415,13.09112467962755,0.09758370311181996,0.05336387574331679,0.04665207409494014,0.7000000000000001
21.97211642199909,9.098068994294154,2.0581556843689506,0.24110189602106882,0.7493311061156807,1.0111795661436553,0.5609235350381218,13.039376070492688,0.10936920015317551,0.07784312040776205,0.020661458267320437,0.7000000000000001
21.97386918399934,9.107520977422398,2.0832155461377795,0.28355949384731327,0.7517958530648676,0.973576559877027,0.6239748019915314,13.012607555807643,0.1146188754781722,0.08887955723445568,0.029490181459583806,0.75
21.975377927999943,9.118368029647806,2.108459544201606,0.32541156676223265,0.7573199419147936,0.9599029093857891,0.5847992549178094,12.985133791805328,0.12060007542310006,0.09905973526517733,0.038247971783564115,0.75
21.992921675000616,9.130674271148663,2.133891216961588,0.3691872450257218,0.7629501827994594,0.8503833853580935,0.5082011058605306,12.956927012487679,0.1263246196406007,0.10834081671450183,0.04606262891301287,0.75
22.09363000600024,9.144472500249021,2.1594561208883407,0.4139468730107334,0.7669471178025834,0.8503833853580935,0.5082011058605306,12.928025407222059,0.13110800276696855,0.11666111227626366,0.016062522737964477,0.75
22.095536154,9.144472500249021,2.1594561208883407,0.4139468730107334,0.7669471178025834,0.8054997948331821,0.5173474268601651,12.928025407222059,0.13110800276696855,0.11666111227626366,0.016062522737964477,0.75
22.097011837000537,9.15964696066373,2.1851867416251234,0.45523381244129724,0.7719186221034812,0.7733197532291212,0.50784495265468,12.898444213750155,0.13634992097584483,0.12412544482329335,0.02281717011374943,0.8
22.214845009999408,9.176063420169433,2.21110422625348,0.49249378517107417,0.7775245388507006,0.6892522730838168,0.4083760947214218,12.868216432792906,0.14077271663451424,0.13084368411574665,0.006827692539962509,0.8
22.2211833450001,9.212390051310244,2.2632412690929753,0.5615332035039374,0.7833011634974779,0.6594035036197087,0.4200811615591067,12.806154312057728,0.14894182899646796,0.14202333344123733,0.013106356867309672,0.8500000000000001
22.346486393000305,9.252616323733156,2.3153685951072664,0.6149024904451139,0.7814309849936276,0.5735295437149138,0.25398012389343283,12.742631826044507,0.15554316132998106,0.15043864913896673,0.016179781075355084,0.8514693182963202
22.348304216000543,9.273641630353362,2.341425401675397,0.6307591986061705,0.7817041970439178,0.5476516806520908,0.2704438747479713,12.710539394401119,0.15852681196301677,0.15399645687168273,0.01969524589897612,0.8514693182963202
22.466354023999884,9.294981556357271,2.3674469298326555,0.6401977801172707,0.7806458447177571,0.5886644370732825,0.08824500457442426,12.678367552174846,0.16160742896092223,0.15730684950113408,0.01271379004950757,0.8845903006477066
22.468150417000288,9.316501710770728,2.3934499052455145,0.6456046324037017,0.7800892623857751,0.6085027344155843,0.060424346379961566,12.646152418979284,0.16464323381106724,0.16047668262865583,0.01877010517920757,0.848528137423857
22.474574171999848,9.316501710770728,2.3934499052455145,0.6456046324037017,0.7800892623857751,0.6252130349019834,0.05308089810879102,12.646152418979284,0.16464323381106724,0.16047668262865583,0.01877010517920757,0.848528137423857
22.539042627000526,9.33809441129022,2.4194492390967537,0.6477810155847187,0.7799800155371708,0.7001753459246509,-0.07955733302381542,12.613921313922283,0.16798994568855838,0.16359264293973866,0.024751657135861166,0.8845903006477066
22.590121707000435,9.359669361591664,2.4454514254160276,0.6472485090433224,0.7800655895782143,0.7001753459246509,-0.07955733302381542,12.581702469807894,0.17139976420127395,0.1667231715498592,0.02720003799078047,0.8514693182963202
22.714113568999892,9.402078630632362,2.4966952142976635,0.6316728919639574,0.7642692443309901,0.8683208581203501,-0.21978226374252652,12.518272530292023,0.17912126217287547,0.1729701204379133,0.03116505019847427,0.8500000000000001
22.750565406999158,9.422696363328512,2.521682160913317,0.6185319808844912,0.7496083984696013,1.0274118063401154,-0.26190245733523826,12.48737815926679,0.18356011631275376,0.17605962122884888,0.046635053169056355,0.8
22.85276820999934,9.44289538291792,2.5458750133419965,0.6059705876822103,0.7257855728603829,1.0628221035774943,-0.24613923924705372,12.457384461505635,0.18774376627415137,0.1788836875124231,0.06154086756327217,0.8
22.986334025999895,9.501833668423972,2.611162098580731,0.5803678383897861,0.6129191978668899,1.1251981084572975,-0.3510994620213447,12.374834541840437,0.19867721879137168,0.1833729668557978,0.0513040544022251,0.7000000000000001
23.09173108899995,9.521132174058236,2.629896656579186,0.5789551690279507,0.5620367399536563,1.1265499242936559,-0.3427307512622306,12.35027535224207,0.20175857514142873,0.18297419565828343,0.06695247137302031,0.7000000000000001
23.09378262899918,9.540629304891265,2.6468480342704246,0.584913924990872,0.5085413307371512,1.1366829656039312,-0.303109615550659,12.327309158348854,0.2033323938781689,0.1811740763484956,0.08188975892348503,0.7000000000000001
23.116138580000552,9.560616535427526,2.6619865054224956,0.5996169160878118,0.45415413456213155,1.1111146703217787,-0.3079409181751936,12.305858561700239,0.2034906807375034,0.1777454857075938,0.09513855859159032,0.65
23.216903100999843,9.581328192934516,2.675477330678325,0.621349725209684,0.4047247576748889,1.1111146703217787,-0.3079409181751936,12.285687328017643,0.20380197356362406,0.17263958625698786,0.035599593740955976,0.65
23.218885481999678,9.602942445492712,2.6875794814330685,0.6484275767458619,0.363064522642307,1.109582759729089,-0.25617727719849726,12.266493742759524,0.20262484178401188,0.16591351456842995,0.0506477570577795,0.65
23.335937083998942,9.625751135777914,2.6984051238411095,0.6842607085561043,0.324769272241228,0.9563273253226061,-0.2639073568719958,12.24807203681646,0.1998719235902909,0.1583640771591352,0.018576810160302923,0.65
23.349608336999154,9.675207400311692,2.716395607064436,0.7611613981541145,0.2536827209749036,0.8407923447009408,-0.2761783073955285,12.213322173967175,0.19635870313555176,0.14990671853287435,0.053772870700050705,0.6000000000000001
23.453552189999755,9.729692891591624,2.73077860249956,0.8356475174056277,0.20308423910871648,0.7870835621602312,-0.2748146815522465,12.180261877611112,0.19150112950453121,0.15577856412906987,0.07439248572617103,0.6000000000000001
23.576826590000564,9.788865108990032,2.7426302221774033,0.9042315264472681,0.1708263082668901,0.6559733904303009,-0.290209794632553,12.148075251605977,0.18861433769758704,0.1676301838069132,0.04296968740517089,0.6000000000000001
23.57978034900043,9.820044809792117,2.7479809704406133,0.935391024062524,0.16052244789630626,0.6155919740920914,-0.2662902158486117,12.132038265586942,0.18844333497115767,0.17298093207012322,0.06404377670674992,0.6000000000000001
23.693827015000352,9.852188400282992,2.753143310369195,0.9643077147262553,0.1548701978574478,0.5039118987599224,-0.30859831118448766,12.115901127101925,0.1881956640557919,0.17814327199870483,0.04844065252763764,0.55
23.695807001000503,9.918801049522255,2.7632436181382953,1.0075663800711188,0.14992346895195593,0.4931099327072173,-0.2905222328781396,12.08323093899799,0.18935937595519167,0.18824357976780526,0.09447571632827499,0.55
23.817692450998948,9.918801049522255,2.7632436181382953,1.0075663800711188,0.14992346895195593,0.34846985451854706,-0.3024818746480995,12.08323093899799,0.18935937595519167,0.18824357976780526,0.0,0.55
23.825222056999337,9.95279482494654,2.768195643422957,1.019813262728582,0.14856075853985654,0.3264291085638934,-0.2775232450220789,12.066859605536504,0.1898820973772335,0.19319560505246702,0.019333299571858534,0.55
23.827020041999276,9.986869765301122,2.772930489060615,1.0222482106374557,0.1420453691297275,0.3450711453273223,-0.23305749526340339,12.05074039357112,0.18955828236015604,0.19793045069012472,0.038506864613980014,0.55
23.828495173998817,9.986869765301122,2.772930489060615,1.0222482106374557,0.1420453691297275,0.3428048071516664,-0.2001975054628531,12.05074039357112,0.18955828236015604,0.19793045069012472,0.038506864613980014,0.55
23.933369549000417,10.020834039135519,2.7774598491540106,1.0189282150318864,0.1358808028018707,0.3443279294153539,-0.13287853837105185,12.034928766045727,0.18751274135190305,0.18464715679298016,0.021955070796778237,0.55
23.93541448799988,10.087474793038359,2.785465636533137,0.9917439428604462,0.11462824378231244,0.3424161473325559,-0.11037000608121744,12.004959241853971,0.17706540923200592,0.16479490415451556,0.0619033436340121,0.552268050859363
23.958654021998882,10.11984463299323,2.788889820024643,0.9710951986461338,0.10272550474517772,0.2718255272025272,-0.10847929475667793,11.990948680110968,0.17263907430651035,0.16397085000405626,0.07748704157196408,0.5590169943749475
24.05127380399972,10.151423507398302,2.791921853488505,0.9473662321521876,0.09096100391585625,0.2718255272025272,-0.10847929475667793,11.977641156986527,0.16804529044641398,0.16692181437295694,0.041966960590980686,0.570087712549569
24.053038738000396,10.181874070898118,2.794459001067998,0.9135169049944905,0.07611442738479123,0.2752457209113937,-0.06535262642451498,11.965239992362582,0.16324768526082198,0.1694589619524498,0.05901853093082714,0.570087712549569
24.171741913000005,10.238232827040648,2.79797204896771,0.8214153442155487,0.0440409367157332,0.20251955678501798,-0.044517795510769884,11.943579091045597,0.148695765393864,0.17297200985216188,0.026429483161082897,0.5852349955359814
24.308838740000283,10.238232827040648,2.79797204896771,0.8214153442155487,0.0440409367157332,0.2771808610797993,0.10003385048433373,11.943579091045597,0.148695765393864,0.17297200985216188,0.0,0.5852349955359814
24.316883219000374,10.264063868421708,2.7989184856545295,0.7749312414318131,0.02839310060458928,0.29486392664127536,0.1119101808838317,11.934355843506122,0.13838994714500988,0.16606737357098214,0.0032415966768290995,0.6041522986797286
24.319145383999057,10.288532869821383,2.799444690786529,0.7340700419902395,0.015786153959988967,0.31020948872050613,0.14986286868286966,11.926014924568255,0.1255274095881478,0.1491372599695407,0.00541336761681469,0.6041522986797286
24.413510606998898,10.31173410760278,2.7996861604690775,0.6960371334418853,0.007244090476448872,0.3857462507451547,0.2594742079156348,11.918391306858245,0.11260698667171345,0.13290225225237512,0.002108779464040394,0.6264982043070835
24.418149610999535,10.333687616201868,2.7997134885646475,0.6586052579726513,0.0008198428671070835,0.42794513993125627,0.351621919272673,11.911405635477239,0.09899699191281279,0.1173981013328179,0.0011672465945194894,0.6264982043070835
24.539856696999777,10.373990344175652,2.7994164506745793,0.5846429188911867,-0.005155247940370594,0.43405082998414074,0.4087842955378451,11.899005694199015,0.07373930160641194,0.08868973157590129,0.0027200043331411356,0.651920240520265
24.546436605000054,10.373990344175652,2.7994164506745793,0.5846429188911867,-0.005155247940370594,0.4006598084710747,0.4450749524346226,11.899005694199015,0.07373930160641194,0.08868973157590129,0.0027200043331411356,0.651920240520265
24.55904063900016,10.39222348551406,2.799245262276457,0.5469942401522443,-0.005135651943676391,0.40822368215042015,0.4821764640262003,11.893471500094268,0.061543138970586296,0.07567590521600619,0.005607200727446143,0.651920240520265
24.660890604000087,10.425579849470308,2.799606128842665,0.48739327402772714,0.011439812808508252,0.4076476267079999,0.5177640726157184,11.882771776227502,0.03963204628873852,0.05234456526288623,0.010406294578888904,0.6800735254367722
24.676620975998958,10.425579849470308,2.799606128842665,0.48739327402772714,0.011439812808508252,0.3876853745731213,0.5951529996237005,11.882771776227502,0.03963204628873852,0.05234456526288623,0.010406294578888904,0.6800735254367722
24.78121850900061,10.4559746355362,2.802011649134225,0.44658742057096507,0.045266361983549185,0.3975663162305957,0.6358984694924449,11.871118802924782,0.02121739224726049,0.032553165633423746,0.010626308130165631,0.6726812023536856
24.89968541899907,10.4559746355362,2.802011649134225,0.44658742057096507,0.045266361983549185,0.3882697223554703,0.699454998795009,11.871118802924782,0.02121739224726049,0.032553165633423746,0.010626308130165631,0.6726812023536856
24.905805420999968,10.470491402661567,2.8044401267599204,0.43550301376099204,0.07285432877086298,0.3870031663574212,0.7112659496975952,11.864358621860056,0.012887208332310622,0.02400545415525977,0.01454107598522056,0.6726812023536856
24.9183105359989,10.484714989621509,2.807953950887847,0.42670760879823866,0.10541472383779962,0.38014056930654494,0.7154157252033373,11.856668574331357,0.005535825546276681,0.0164325082318425,0.018002956309907454,0.6726812023536856
25.023239633999765,10.498624983477347,2.812561188781831,0.41729981567517777,0.13821713681952186,0.3645407134597909,0.7195630630452429,11.848045278721202,0.0008111171967989214,0.009854466407491378,0.00839699555292417,0.6726812023536856
25.02507980900009,10.512194563683037,2.8182366259817857,0.4070874061707266,0.1702631159986392,0.34108578786302673,0.7644905531530034,11.838519023771697,0.006153130952097933,0.00427246435647942,0.015882548036286175,0.7071067811865476
25.032236536999335,10.525396147801334,2.8249352742897047,0.3960475235489016,0.2009594492375649,0.3318998327197851,0.7969258491847966,11.828139214141423,0.010512315712552695,0.00032580565265960375,0.022461438657588352,0.7071067811865476
25.139923958999134,10.538272831937146,2.832949140063856,0.386300524074357,0.2404159732245385,0.32230601454924324,0.8668662187537606,11.816612691465556,0.014213967208772793,0.003764337491867473,0.0044694746595289134,0.7071067811865476
25.141926457999944,10.550796971158688,2.8422760806791723,0.3757241766462477,0.27980821845949977,0.3012849794191915,0.8703707755587285,11.803948067641803,0.016750158521858082,0.006025098307129917,0.007811891679510359,0.7433034373659253
25.262773063999703,10.562920402438513,2.852850890599667,0.3637029383947621,0.31724429761484557,0.2992239774849791,0.8216161230575414,11.790220318915607,0.01813150773821575,0.007120138971802712,0.0017049932979634297,0.7106335201775948
25.265387637999083,10.574613877224223,2.8647832474345893,0.350804243571294,0.3579707050476728,0.26198083992447485,0.8478972035773824,11.775331961001628,0.01826081000220587,0.006951223854901901,0.002171905090443084,0.7106335201775948
25.27238267299981,10.585916454700062,2.878004511145464,0.3390773242751483,0.39663791132623577,0.24352496253436273,0.8636146639601077,11.759335266724023,0.017788955042296876,0.0055945078071385065,0.0014760391348802215,0.7106335201775948
25.382308962000025,10.607123538331635,2.9080747888697536,0.3105659722415768,0.4685680582415981,0.2417822467544322,0.9175537558456204,11.72430705449195,0.013645620486305602,0.0006727168387947574,0.0005525827035797589,0.7211102550927979
25.388485600000422,10.607123538331635,2.9080747888697536,0.3105659722415768,0.4685680582415981,0.23917262204199324,0.8960939583483796,11.72430705449195,0.013645620486305602,0.0006727168387947574,0.0005525827035797589,0.7211102550927979
25.45554954399995,10.607123538331635,2.9080747888697536,0.3105659722415768,0.4685680582415981,0.23141054789040147,0.8897075076234573,11.72430705449195,0.013645620486305602,0.0006727168387947574,0.0005525827035797589,0.7211102550927979
25.500273317999017,10.617029525870045,2.9248894717143825,0.29717962615227367,0.5044404853388655,0.23044115888380354,0.9237451485111098,11.705305576663136,0.010136284660830473,0.005557902138973855,0.0014463992580244368,0.7211102550927979
25.526876239000558,10.626457789748626,2.9429273748829456,0.2828479163574405,0.5411370950568973,0.23611283450626386,1.024198650505162,11.685279844682126,0.006337701225024839,0.011645836464490682,0.003982599597306977,0.7211102550927979
25.623021728999447,10.643790610707072,2.9825284760976905,0.2519251816130716,0.6109769937216918,0.23487010723116497,1.0478926692720578,11.642317485252468,0.004266638164111962,0.02739188843908191,0.011309380613622279,0.6946221994724903
25.624916385999313,10.651591574705732,3.003944894885448,0.23402891995978659,0.6424925636327307,0.16438487364720872,1.0594534864691836,11.619550747054689,0.00934271130459504,0.03701946884939139,0.015706432549726236,0.7158910531638177
25.653654910000114,10.658815274485145,3.0262296177665355,0.2167109933823591,0.668541686432616,0.20586942796108537,1.0969216875045056,11.5961261977243,0.015374977842054417,0.047669220416193356,0.0210465726796264,0.7158910531638177
25.77171646199895,10.6716596974481,3.073207441846825,0.18474622032295165,0.7159810733857167,0.19865664162257868,1.1122170401183231,11.547453024396502,0.02327351287650885,0.053340462366854524,0.013785905150668909,0.696419413859206
25.779097399999955,10.677249933839942,3.0978006704601424,0.1677070917552926,0.737796858399525,0.11689916215258228,1.1544854275190746,11.522309148010478,0.026150418405181553,0.04775022597501177,0.017237298050060027,0.696419413859206
25.868519077999736,10.68235322634045,3.123079071490476,0.15309877501522776,0.7583520309100007,0.17270143405212834,1.192204360907376,11.496656146038983,0.028446381219066723,0.04264693347450432,0.0122216887966783,0.6800735254367722
25.87056846499945,10.68235322634045,3.123079071490476,0.15309877501522776,0.7583520309100007,0.12746891461093868,1.1996581750494875,11.496656146038983,0.028446381219066723,0.04264693347450432,0.0122216887966783,0.6800735254367722
25.872588145999543,10.687000033910772,3.14914791030189,0.13940422710968142,0.7820651643424205,0.16631628401702786,1.1673958759841345,11.470384922005474,0.0305418662416283,0.03800012590418156,0.017335974075154387,0.6800735254367722
25.9004403859999,10.687000033910772,3.14914791030189,0.13940422710968142,0.7820651643424205,0.16803740154528346,1.133841921560161,11.470384922005474,0.0305418662416283,0.03800012590418156,0.017335974075154387,0.6800735254367722
25.993192829999316,10.691225953837128,3.176060079123079,0.12677759779066733,0.8073650646356674,0.17002526107726568,1.1300270123864737,11.443434969130644,0.032706274139231266,0.0337742059778261,0.014140440616063727,0.6670832032063168
26.123953555999833,10.698200903306095,3.232279874315584,0.09667965546370566,0.8547417107273931,0.14994887024887016,0.9961975152057845,11.387694139924621,0.03894523328417802,0.027770416269724683,0.018634962085647022,0.6576473218982953
26.128641531999165,10.702966241230639,3.29137088424059,0.06397046298985688,0.8968559641697262,0.13676262071903922,0.8902070680584709,11.329885335706654,0.05021165809278196,0.06251160158605337,0.038115252716720456,0.70178344238091
26.242286537999462,10.706104536344677,3.353424745073952,0.04276067632741919,0.9428462183227097,0.13834253646880657,0.8847789904325971,11.269756258589137,0.05681557256423789,0.0688956242153349,0.028844949290103096,0.7000000000000001
26.24602523700014,10.70720173003733,3.385643496124493,0.032915810779583034,0.96656253151623,0.1189329462798982,0.7760893778670279,11.238706126276329,0.059109238177788084,0.0677984305226822,0.03890655615490041,0.7000000000000001
26.370790307999414,10.708510422531157,3.452043632116174,0.014496511176059997,1.0050643841374105,0.12318105007378072,0.7558900327083575,11.175024669612032,0.061826668076113665,0.06648973802885472,0.02950161187455316,0.7000000000000001
26.372716665000553,10.708510422531157,3.452043632116174,0.014496511176059997,1.0050643841374105,0.08431657748989613,0.7319297651882766,11.175024669612032,0.061826668076113665,0.06648973802885472,0.02950161187455316,0.7000000000000001
26.490692346998912,10.708403000220308,3.520297675445485,-0.007912716772507444,1.028584800541001,0.13871516169454937,0.7126752186500052,11.110041920942459,0.06420263467653377,0.06659716033970398,0.02685045375821972,0.7000000000000001
26.49311414099975,10.708403000220308,3.520297675445485,-0.007912716772507444,1.028584800541001,0.09508369996988153,0.7227550670811458,11.110041920942459,0.06420263467653377,0.06659716033970398,0.02685045375821972,0.7000000000000001
26.499458316999153,10.707719863476278,3.55471250994125,-0.020494102320893423,1.0324450348729513,0.17504259403125433,0.8468758341014996,11.077484045244342,0.06553085535152656,0.06728029708373384,0.036848682244845006,0.7000000000000001
26.513144096999895,10.707719863476278,3.55471250994125,-0.020494102320893423,1.0324450348729513,0.18369814377665986,0.8802863557692728,11.077484045244342,0.06553085535152656,0.06728029708373384,0.036848682244845006,0.7000000000000001
26.734215446000235,10.701059549005063,3.6913882373831024,-0.06818348040199379,1.014314824566083,0.20031503569769418,0.7947257681910378,10.949520309780537,0.07346539691004117,0.07394061155494924,0.051476464372705345,0.7000000000000001
26.736556007999752,10.69851276052362,3.7247693114801286,-0.07640365444327395,1.0014322229107828,0.09622573285949776,0.813773783701588,10.918586322428611,0.07614858391686873,0.07648740003639176,0.060079293530060945,0.65
26.852195135999864,10.693039554503509,3.7899092517581487,-0.08374359392060016,0.968734910884962,0.2304225009345795,0.8861826905155761,10.858423030724115,0.08177415388365479,0.08196060605650324,0.05288489746489967,0.65
26.8542287629989,10.690149379707613,3.8216147885545784,-0.08670524387685968,0.9511661038928935,0.1764839262467394,0.9318761124891335,10.82923283559682,0.08471458089294467,0.08485078085239905,0.06370256238731907,0.65
26.881105125999966,10.687168341872741,3.8527017040069245,-0.08943113504613931,0.9326074635703794,0.23766908285813387,0.8671043782237324,10.800673233358108,0.08772840252177379,0.08783181868727041,0.07257739195638946,0.65
26.968826121999882,10.684250321089177,3.883333091598637,-0.0875406235069285,0.9189416277513723,0.23766908285813387,0.8671043782237324,10.7725404889563,0.09067359667904437,0.09074983947083481,0.05040863632592284,0.65
26.98163910800031,10.681469079353196,3.9136749612089012,-0.08343725207945685,0.9102560883079203,0.23826022878952458,0.8313955369341851,10.744653156399268,0.09347351421865562,0.09353108120681597,0.06414755702389746,0.65
27.091769173999637,10.678754378032092,3.943847737842247,-0.08144103963310645,0.9051832990003735,0.2383794641949048,0.8672006641877936,10.716918884547303,0.09620244076090398,0.09624578252791949,0.01630974889699052,0.65
27.094079028000124,10.676077293737983,3.9737442036337924,-0.08031252882327419,0.89689397374636,0.2149788861918891,0.8427589659516004,10.689448215501903,0.09889101481011588,0.09892286682202922,0.032458816839240866,0.65
27.22515540600034,10.676077293737983,3.9737442036337924,-0.08031252882327419,0.89689397374636,0.24719611032934918,0.8186513540226993,10.689448215501903,0.09889101481011588,0.09892286682202922,0.0,0.65
27.22687219999898,10.673376905801595,4.003339498091799,-0.08101163809164713,0.8878588337401965,0.24868359680935762,0.7835273261958556,10.66228395422327,0.10159871911493203,0.10162325475841705,0.017514328353116265,0.65
27.45534232099999,10.670589748716942,4.032675165839586,-0.08361471253956825,0.8800700324335846,0.2720166301461269,0.701709946212057,10.635407090850276,0.10439227010420342,0.10441041184306954,0.016329382145754807,0.65
27.457717045999743,10.667910191936166,4.061845262424044,-0.08038670342329254,0.8751028975337517,0.2502462247717857,0.7098269186559577,10.608665843834192,0.10707628240627942,0.10708996862384623,0.032485654477816456,0.65
27.572712440000032,10.665524329476632,4.090969855143034,-0.07157587378598988,0.8737377815696914,0.28796623256552495,0.8264440391865244,10.581885823050273,0.10946574289603543,0.10947583108337966,0.017127917937070115,0.65
27.58086837799965,10.663370834665871,4.120088867599578,-0.06460484432281459,0.8735703736963236,0.26642737585302595,0.851245123679168,10.555048376517988,0.1116221332339793,0.11162932589414076,0.034054185241703484,0.65
27.58283561099961,10.661672898644108,4.149214462443599,-0.050938080652880025,0.873767845320616,0.26788990349820185,0.8323861464385461,10.528068487161358,0.11332222588021337,0.11332726191590403,0.05005333833302553,0.65
27.691651045999606,10.660355527227823,4.178365341868555,-0.03952114248853034,0.8745263827486803,0.29530067549555955,0.8345584476369616,10.500951784886324,0.11464155566837249,0.11464463333218866,0.020153245837442286,0.65
27.69499650800026,10.660355527227823,4.178365341868555,-0.03952114248853034,0.8745263827486803,0.28828205449750083,0.8429983232867863,10.500951784886324,0.11464155566837249,0.11464463333218866,0.020153245837442286,0.65
27.69747187199937,10.659120197227875,4.23586219056637,-0.011482523149561977,0.8573424099268092,0.2881051747350682,0.8096380009942187,10.4470507101585,0.11587997023585248,0.11587996333213724,0.05711279023643094,0.65
27.811721748999844,10.659146053032181,4.264067504597478,0.0007756741291702531,0.8461594209332471,0.2499276388881959,0.7069760539926246,10.420414768063663,0.11585557284438297,0.11585410752783076,0.017565106612041886,0.65
27.81408670699966,10.659511071516958,4.2919050825997385,0.01095055454328564,0.8351273400678181,0.23759357062184092,0.7099918592523393,10.394021838333188,0.11549215353134504,0.115489089043054,0.034635766891815925,0.65
27.82858273400052,10.660172663550643,4.319555132267555,0.019847761010553938,0.8295014900345202,0.22835085595594415,0.6725930888851646,10.367714980425447,0.11483225262797503,0.11482749700936878,0.050228050805050765,0.65
27.928035912998894,10.6610883186636,4.347117550539333,0.027469653388688342,0.8268725481533428,0.2205597338451241,0.6852373541629813,10.341413328217273,0.11391880206831542,0.11391184189641201,0.03419690363208125,0.65
27.929929197000092,10.662163511091098,4.3746174803199205,0.03225577282491876,0.8249978934176135,0.20145404023318372,0.672484773926002,10.315124084497109,0.11284593686549038,0.11283664946891392,0.049626891602261,0.65
27.939234225999826,10.663310508174256,4.402197314828223,0.03440991249471137,0.8273950352490882,0.21573750145293777,0.6865104931333889,10.288741982562804,0.11170243835391999,0.11168965238575623,0.06366107805589412,0.65
28.049368509999113,10.664594508949232,4.429839243340944,0.03852002324930062,0.8292578553816385,0.2073367090517238,0.6966968562029261,10.26226193134684,0.11042230811452464,0.11040565161077964,0.029901226939322022,0.65
28.052014172999407,10.667493476448758,4.485342239103562,0.044904949483111994,0.832778182416035,0.18371096254408412,0.7124674034126587,10.209003129267222,0.10753562511901145,0.10750668411125375,0.05654676052390232,0.65
28.058440402999622,10.667493476448758,4.485342239103562,0.044904949483111994,0.832778182416035,0.17511286753232125,0.740076610850855,10.209003129267222,0.10753562511901145,0.10750668411125375,0.05654676052390232,0.65
28.07883222700002,10.669085971272054,4.512978908375492,0.04777484469889778,0.8291000781578999,0.17069298215690681,0.7544919572016463,10.182442952640361,0.10595189392568512,0.10591418928795804,0.06729959025765946,0.65
28.173311935999664,10.670696022496811,4.540411505702137,0.048301536742727955,0.8229779197993471,0.1550302448385178,0.7737310928924065,10.156074928358459,0.10435346378318623,0.10430413806320082,0.029762286048178013,0.65
28.288266203000603,10.672287963199906,4.5675816507129285,0.04775822109285822,0.815104350323751,0.13422457271158567,0.7441730780904656,10.129965912728881,0.1027753050046856,0.1027121973601055,0.014740891794849114,0.65
28.290343100999962,10.673840489193251,4.594443841916863,0.04657577980034462,0.8058657361180321,0.10731639233921553,0.747191147805234,10.104165817521196,0.10124233622491763,0.1011596713667604,0.029331963799816167,0.65
28.407819519999975,10.676695930687497,4.6472344531263206,0.041892303828878985,0.7868750092736488,0.10957110250410534,0.7134511329368545,10.05354600303463,0.09844072182895428,0.09830422987251453,0.028798994065971886,0.65
28.409898350999356,10.678023575896475,4.67320164312371,0.03982935626934708,0.7790156999216715,0.06219384415525919,0.718045175081583,10.02868136438315,0.09714697502035208,0.09697658466353687,0.04145805791290195,0.65
28.42506874100036,10.679265223564512,4.698945266290322,0.03724943004110987,0.7723086949983717,0.09563127804771931,0.6851676839284584,10.004062000853468,0.09595773264803728,0.09573493699550006,0.05336854773327887,0.65
28.53129478899973,10.680389405549358,4.724566368001106,0.033725459545386346,0.7686330513235099,0.09462881066214729,0.6817267081342848,9.97960382007698,0.094887250618626,0.0946107550106543,0.023889951865123854,0.65
28.533971639999436,10.68138739033171,4.750124595688558,0.02993954347053051,0.7667468306235394,0.07899943693233274,0.6836165678226065,9.955254002341231,0.09397440523505753,0.09361277022830272,0.03532493725135508,0.65
28.56255762299952,10.682206350509777,4.77563486382231,0.024568805342022444,0.7653080440125647,0.14933217579081237,0.6796881677624612,9.931016998437858,0.09324176407011318,0.09279381005023524,0.04617170046728583,0.65
28.67459729499933,10.68329558848363,4.826369673204569,0.01324558701640837,0.7595559095304573,0.16206853966157767,0.6753555717788455,9.883020210124805,0.09242907768285974,0.09170457207638272,0.031302263420691964,0.65
28.725825344999976,10.68329558848363,4.826369673204569,0.01324558701640837,0.7595559095304573,0.1457550697285134,0.7013116761993476,9.883020210124805,0.09242907768285974,0.09170457207638272,0.031302263420691964,0.65
28.773988577999262,10.683503297093806,4.851572994437379,0.006231258305289947,0.7560996369842949,0.17255085857525712,0.7105510831812705,9.859302804873623,0.09244008959206763,0.09149686346620634,0.012294183624331425,0.65
28.775912420000168,10.683417859224642,4.876655712758354,-0.002563136074911314,0.7524815496292679,0.164775653598244,0.7195832914548184,9.835807712926185,0.09274640185278078,0.09158230133536982,0.024783392897652735,0.65
28.778129509999417,10.683009318663393,4.90158920177381,-0.012256216837468017,0.7480046704636596,0.2140654406441834,0.7058315444281362,9.81257288020147,0.09350234609134113,0.0919908418966191,0.03701920414381788,0.65
28.789632431999053,10.682306863234615,4.926317157009903,-0.021073662863329193,0.7418386570827943,0.3540748788125067,0.6205181253660307,9.789641631891541,0.09454931275788286,0.09269329732539688,0.04879652611271194,0.65
28.886379608000425,10.68132058766662,4.950813045237112,-0.029588267039810552,0.7348766468162722,0.3798038369284741,0.6097726585070506,9.767035929979755,0.09608010047699324,0.09367957289339124,0.023520126976346464,0.65
28.888789249000183,10.68017968958406,4.975070067879981,-0.034226942476817415,0.7277106792860923,0.3781275560415032,0.6125245114708611,9.74471740080918,0.09776344795855152,0.09482047097595192,0.03538674204981849,0.65
29.00482120400011,10.679019082254557,4.99912972168932,-0.03481821988510284,0.7217896142801553,0.5564572214528644,0.6510534582337552,9.722599974400735,0.09974992814739614,0.09598107830545466,0.01383459047206918,0.65
29.006801632000133,10.677905792444124,5.023056072231724,-0.033398694313006,0.7177905162721332,0.5557533263231487,0.6753292950184278,9.700599972848941,0.10172186701533356,0.09709436811588823,0.02755796656753479,0.65
29.008601420999184,10.677905792444124,5.023056072231724,-0.033398694313006,0.7177905162721332,0.586438315630724,0.6915308130361646,9.700599972848941,0.10172186701533356,0.09709436811588823,0.02755796656753479,0.65
29.016319574999216,10.677905792444124,5.023056072231724,-0.033398694313006,0.7177905162721332,0.6165722297887899,0.7067475652915387,9.700599972848941,0.10172186701533356,0.09709436811588823,0.02755796656753479,0.65
29.13271288099895,10.677123834179353,5.0469507100456115,-0.023458747943128334,0.7168391344166118,0.7238433666095639,0.7101796247845008,9.678521720432656,0.10373403295639569,0.0978763263806588,0.014008304894482694,0.65
29.134592028000043,10.676833525847151,5.070738027991557,-0.008709249966072226,0.713619538378367,0.7166534538687518,0.7390803840454714,9.656378227312858,0.10539455643470232,0.09816663471286091,0.02754898489175429,0.65
29.136876759999723,10.67735115599355,5.094242955683934,0.015528904391989319,0.7051478307713106,0.7457415353749135,0.7549202341807708,9.634219483208131,0.10662588165927266,0.09764900456646153,0.04026192403656054,0.65
29.2465213029991,10.678759753025302,5.117483809717673,0.04225791095256151,0.6972256210121657,0.8913772430067942,0.7455791802632821,9.611996771545629,0.10736849561442881,0.09624040753470986,0.02590434584773648,0.65
29.25472713399904,10.68108407030792,5.140644100086932,0.06972951847850858,0.6948087110777461,0.8829621209848941,0.7683488344886049,9.589527844248085,0.1073495135085944,0.09391609025209213,0.03763009623148758,0.65
29.25720713699957,10.684311290214207,5.1638617195565395,0.0968165971886209,0.6965285840882317,0.9106805819824859,0.7631741687746895,9.566686820909585,0.10757653564986196,0.09068887034580442,0.048221359302613676,0.65
29.37076334899939,10.693690764988249,5.210786268705579,0.15473779748329192,0.7069648590118779,0.9640678404002337,0.69366326855442,9.51950961789312,0.10659962120045713,0.08130939557176298,0.038085209127097897,0.65
29.373049689000254,10.693690764988249,5.210786268705579,0.15473779748329192,0.7069648590118779,0.918625681711535,0.7504233059112695,9.51950961789312,0.10659962120045713,0.08130939557176298,0.038085209127097897,0.65
29.375106789999336,10.699789380767996,5.234580108852418,0.18295847339238874,0.7138152044051747,0.9111785570714797,0.7454861367775165,9.49510937806897,0.1062028019976922,0.07521077979201607,0.04892470962860233,0.65
29.402446811000118,10.706907108769325,5.2586189264287455,0.2135318400398743,0.7211645272898184,0.9516303333696187,0.6397185802660872,9.47011608464353,0.10530976211375641,0.06809305179068659,0.05914929719484154,0.7000000000000001
29.490129535999586,10.714986563259124,5.282982128355314,0.2423836346939608,0.7308960577970727,0.9516303333696187,0.6397185802660872,9.444475640066951,0.10641852669178938,0.06054209262349241,0.02749067279138939,0.7000000000000001
29.491903336998803,10.723982405242399,5.307755582685714,0.26987525949823765,0.7432036299120026,0.9244107166029116,0.658030274903407,9.418123841504057,0.10690695062431436,0.060627835235307084,0.03675521361518746,0.7000000000000001
29.493765633000294,10.723982405242399,5.307755582685714,0.26987525949823765,0.7432036299120026,0.8960112132028061,0.7013779159481434,9.418123841504057,0.10690695062431436,0.060627835235307084,0.03675521361518746,0.7000000000000001
29.610974331999387,10.744570798626313,5.358641062882433,0.324626669234398,0.7695813907829389,0.8979945417774827,0.6230570131267826,9.363239887611362,0.11319874468822008,0.08065991533916123,0.01862187289832292,0.7000000000000001
29.618452572000024,10.756556781976185,5.384688903129086,0.35957950049615767,0.781435207399582,0.8490583217966844,0.681011518368658,9.334626937772645,0.11668642159072747,0.09060314970694923,0.027145843523215384,0.75
29.641093583999464,10.769595454948607,5.4111981328900205,0.3911601891726981,0.7952768928280487,0.7878226283121441,0.5489774415548798,9.305206731695586,0.12168426038184961,0.1001282717584646,0.035730283108529895,0.75
29.64399076799964,10.769595454948607,5.4111981328900205,0.3911601891726981,0.7952768928280487,0.7878226283121441,0.5489774415548798,9.305206731695586,0.12168426038184961,0.1001282717584646,0.035730283108529895,0.75
29.72827721700014,10.783888062616123,5.437887367792276,0.4287782300254613,0.8006770470676681,0.7878226283121441,0.5489774415548798,9.275170814292988,0.1265214522004591,0.10889401093999078,0.024267616666222066,0.75
29.751600690000487,10.799342797663305,5.464742365413518,0.4636420514154537,0.8056499286372736,0.7397987619831183,0.45149947152945846,9.244566641169351,0.13110093587660418,0.11695521391341668,0.035072085020787555,0.75
29.851867401999698,10.815790199663411,5.49183569465595,0.4934220600031789,0.8127998772729371,0.72106068871153,0.46797928857727716,9.213388449448244,0.13621977650007402,0.12448302125848325,0.0035742645511193053,0.8
29.85401882899896,10.8331422520766,5.5191472344549615,0.5205615723956633,0.8193461939703601,0.7155706595885517,0.44386323218836693,9.181687956423323,0.14086058122102346,0.1315254423261397,0.00656664036351995,0.8
29.871505494000303,10.851230189150728,5.546756589234358,0.5426381122238478,0.828280643381896,0.6323864978917333,0.33730443313747116,9.149452340314774,0.14615578513083438,0.13825810135204564,0.010824319075771143,0.8321658488546619
29.968574171,10.851230189150728,5.546756589234358,0.5426381122238478,0.828280643381896,0.6027468230102843,0.3390818647600301,9.149452340314774,0.14615578513083438,0.13825810135204564,0.0,0.8321658488546619
29.9710505869989,10.869914435841613,5.574661514857725,0.5605274007265436,0.8371477687009987,0.601960596590437,0.2877072512301907,9.116734560029286,0.15121101657731228,0.14477810595234744,0.012610358274197512,0.8500000000000001
29.983461981999426,10.889038519547096,5.602906338700749,0.5737225111644908,0.8473447152907254,0.6415279688961344,0.16409926813420198,9.083549654063889,0.15682206111588876,0.1512274431530429,0.0252551999630655,0.8500000000000001
30.114206829999603,10.90850621880066,5.631404156504141,0.5840309776069017,0.8549345341017542,0.6623565766213819,0.09890444410390556,9.05001370805091,0.1624318628085533,0.15761270121454396,0.016011945750768235,0.8514693182963202
30.175267316999452,10.928168385214443,5.660131322686892,0.5898649924134735,0.8618149854825228,0.635384857620793,-0.0029836343574310698,9.016202032055629,0.1684899042021366,0.16402262402263665,0.024052475449899705,0.8845903006477066
30.223037854999347,10.947982171501755,5.688898651408645,0.5944135886193748,0.8630198616525855,0.635384857620793,-0.0029836343574310698,8.982307180643852,0.17457424796187107,0.170353734593671,0.02175115000712553,0.8845903006477066
30.242048813999645,10.967877596258573,5.7175339909938945,0.596862742704546,0.8590601875574867,0.7202137516614903,-0.12515034338539488,8.948515359776822,0.180854522958274,0.17653378763584812,0.03189333691722077,0.8845903006477066
30.347953329999655,10.987814476994968,5.745876561631759,0.5981064220918749,0.8502771191359205,0.741510566730361,-0.15177970471547536,8.914991707965617,0.18702555974337956,0.18247750796572818,0.025370886332783588,0.8845903006477066
30.350091463000354,11.007654275567486,5.77367962234555,0.595193957175551,0.8340918214137362,0.771127953047657,-0.14856175853159204,8.882016275078525,0.19321231375943065,0.18810838462618865,0.03910524196790744,0.8500000000000001
30.413584564999837,11.02731569298044,5.80076051728484,0.5898425223886496,0.8124268481787104,0.8533023505983468,-0.2782612363865117,8.849788971611833,0.1991901006135302,0.19335474749792161,0.051139068279175616,0.8
30.45595020499968,11.0467786868273,5.826999331469539,0.5838898154058104,0.7871644255409499,0.904856587768003,-0.315399647186801,8.818429590846517,0.2050058894046097,0.1981459760069091,0.03150223423038785,0.8
30.49223996100045,11.06598479649076,5.8523334909176885,0.5761832899037947,0.7600247834444964,1.034103944516092,-0.35572702652896554,8.788017472681949,0.21069944181125733,0.2024791615651119,0.04774866275672673,0.75
30.580853507999564,11.084879259859104,5.876707133512022,0.5668339010503328,0.7312092778299792,1.0785455618802058,-0.33156459792850107,8.758624243890123,0.21600509970455892,0.2063535263511458,0.03150978425043618,0.75
30.69772911399923,11.121737179952937,5.9220859009899955,0.5496082520897916,0.6595252164455068,1.0703304899956505,-0.47006477474429736,8.703351563395637,0.22643135002676765,0.21237867531792654,0.04584828104591686,0.7000000000000001
30.69955074400059,11.140043302858246,5.942358175989357,0.5491836871592636,0.6081682499808381,1.0950769586475553,-0.4462310418396817,8.678044928312023,0.2305787304601333,0.21376895479647698,0.06630691668137408,0.7000000000000001
30.82565623699884,11.158513522920293,5.960894039148471,0.5541066018614,0.556075894773406,1.1409873566517472,-0.3456716784358092,8.654327734539043,0.23403397719827687,0.21381537147555077,0.021030958278815494,0.65
30.943177400999048,11.177498897618534,5.977606859078387,0.5695612409472354,0.501384597897492,1.1030168255893198,-0.37352121946993133,8.63216560482428,0.23572947015478407,0.212208432588249,0.02068781032624777,0.65
30.95268823600054,11.197109586995886,5.992707754456893,0.5883206813205415,0.4530268613551807,1.1102908091416699,-0.34218508521272106,8.611327441489761,0.2365640861213019,0.20901952666991194,0.039954529727126736,0.65
30.970126690999678,11.197109586995886,5.992707754456893,0.5883206813205415,0.4530268613551807,1.0354092102694326,-0.38675964591487855,8.611327441489761,0.2365640861213019,0.20901952666991194,0.039954529727126736,0.65
31.061395509999784,11.197109586995886,5.992707754456893,0.5883206813205415,0.4530268613551807,1.0190957600739752,-0.3851467058634015,8.611327441489761,0.2365640861213019,0.20901952666991194,0.0,0.65
31.063768152000193,11.217574580759045,6.006025561681491,0.6139498128948047,0.39953421673795414,1.0094954579361988,-0.3850958540363434,8.591903078226604,0.23700117751395608,0.20396570260208943,0.022046544245083857,0.6000000000000001
31.06536398999924,11.239107106219667,6.017623459033702,0.6459757638186641,0.3479369205663453,0.9884406257942948,-0.3569825617002408,8.573769223605517,0.23543912536297473,0.1969983521324557,0.043184117908365356,0.6000000000000001
31.102615354999216,11.239107106219667,6.017623459033702,0.6459757638186641,0.3479369205663453,0.8397486265186677,-0.38269853789598884,8.573769223605517,0.23543912536297473,0.1969983521324557,0.043184117908365356,0.6000000000000001
31.185683296998832,11.26187771073845,6.027678653795831,0.6831181355635108,0.30165584286386454,0.8397486265186677,-0.38269853789598884,8.556711403640229,0.2321830343039547,0.19001956549007082,0.0205644045597109,0.6000000000000001
31.18781950599987,11.285944964139503,6.035984866809767,0.7220176020316175,0.249186390418086,0.8172589064222356,-0.3553826690797032,8.540915982093074,0.2290649471783982,0.18397534823195894,0.04032844551014957,0.6000000000000001
31.203263502999107,11.311327999657614,6.042773523408858,0.761491065543302,0.20365969797271624,0.6969139218263963,-0.38939018155454713,8.526170888539292,0.22599132835674413,0.17944935495654324,0.0594987451827779,0.6000000000000001
31.21481224299896,11.311327999657614,6.042773523408858,0.761491065543302,0.20365969797271624,0.6683531104175634,-0.380609455751974,8.526170888539292,0.22599132835674413,0.17944935495654324,0.0594987451827779,0.6000000000000001
31.32039275399984,11.337994872841946,6.048264099699954,0.8000061955299906,0.1647172887328714,0.6494672915254857,-0.3732688602696399,8.512292483851102,0.22130520043604499,0.177171696072115,0.041189890523510325,0.6000000000000001
31.322511239999585,11.394679938699037,6.055662546848452,0.8654422915267372,0.09357321271028718,0.6144088834687074,-0.3660240788878294,8.487056126493696,0.21188880939719942,0.18066245930412972,0.07905208971841568,0.55
31.34849283800031,11.394679938699037,6.055662546848452,0.8654422915267372,0.09357321271028718,0.5367158114802452,-0.3442164505991932,8.487056126493696,0.21188880939719942,0.18066245930412972,0.07905208971841568,0.55
31.436312599998928,11.424371509088802,6.057724619569888,0.8907471116929618,0.061862181643105765,0.5250781842406919,-0.33298586380695433,8.47568174933722,0.2065203132721842,0.18272453202556616,0.06347815731412829,0.55
31.459582421999585,11.454703534571628,6.058909466088367,0.9099607644847971,0.035545395554360364,0.46024328172621365,-0.314519996070071,8.465029850187836,0.20186685842321012,0.18390937854404488,0.08136808933244476,0.55
31.57473925100021,11.516390636573519,6.058978371989979,0.9288011974916122,-0.009699419159404475,0.465693808951273,-0.28739877033406613,8.445890489753577,0.1920580000613957,0.183978284445657,0.0494628158354548,0.55
31.591561371998978,11.547455851496304,6.058088648055051,0.9319564476835835,-0.026691718047841893,0.44348832809885824,-0.22414734494957714,8.437287468292253,0.18697863598694806,0.18308856051072908,0.0649537017140877,0.55
31.683847235999565,11.608941938199482,6.054626655847464,0.9174716761824704,-0.05940241967046265,0.4104678520174872,-0.18235780891072523,8.422197012303945,0.17555670137257506,0.17962656830314216,0.04304186936928984,0.55
31.795940056999825,11.638926634822122,6.052165511200354,0.899540898679176,-0.07383433941332568,0.37688679826270316,-0.13160486713853023,8.415730631852531,0.16871593568326929,0.1771654236560316,0.008578142190162999,0.55
31.798228562000077,11.696977926639217,6.046193835798602,0.8612618158802305,-0.09390548623414849,0.3855120197168361,-0.09547454096475669,8.404659946457535,0.15075731153243535,0.14413672587707865,0.023693726657811415,0.6000000000000001
31.91881930099953,11.725088742298338,6.042862571823225,0.8433244697736308,-0.09993791926130298,0.43682136749810113,0.06332570151792796,8.399861130904792,0.13938077276886926,0.12799498499993647,0.011633054337897887,0.6020797289396148
31.921670239999003,11.725088742298338,6.042862571823225,0.8433244697736308,-0.09993791926130298,0.4091566994396978,0.07428018041997794,8.399861130904792,0.13938077276886926,0.12799498499993647,0.011633054337897887,0.6020797289396148
31.92340244299885,11.752304306077283,6.039347072515474,0.8164669133683464,-0.10546497923252172,0.4019571135997065,0.08124034290615278,8.395582212606111,0.12873490710029614,0.11657759342469347,0.02152825909570278,0.608276253029822
31.92621796399908,11.778646469719027,6.035694932813478,0.7902649092522893,-0.1095641910598587,0.3977358525422579,0.12114838636084099,8.391763725772917,0.11888072097402538,0.11069484452409828,0.02617045551930257,0.608276253029822
32.0376679839992,11.804046651900455,6.031994102570385,0.762005465442867,-0.11102490729278568,0.40023992735095615,0.17117841253281085,8.38833242889244,0.10921243145618838,0.10699401428100508,0.005474372141893156,0.6184658438426491
32.046711462999156,11.804046651900455,6.031994102570385,0.762005465442867,-0.11102490729278568,0.39402565681806545,0.19313202368133764,8.38833242889244,0.10921243145618838,0.10699401428100508,0.005474372141893156,0.6184658438426491
32.04866557199966,11.828568446246871,6.028288577810168,0.7356538303924864,-0.11116574280653876,0.38533988646773853,0.20579549440159345,8.385220723779138,0.09977362028810256,0.10328848952078751,0.01063523998438058,0.6184658438426491
32.163055103999795,11.874717568042978,6.02143448350904,0.6774488484366357,-0.09806343090019216,0.38092776446165394,0.2548969726156183,8.379445250505155,0.08098206356573644,0.09643439521966002,0.010111329335671423,0.632455532033676
32.16559165699982,11.896461250509514,6.018760968517461,0.6523104739960844,-0.08020544974736034,0.3628455140621676,0.2851510059610608,8.376276458215962,0.07217131024497851,0.09376088022808116,0.01488200188937036,0.632455532033676
32.167599956999766,11.896461250509514,6.018760968517461,0.6523104739960844,-0.08020544974736034,0.38556262506636435,0.3048160404006953,8.376276458215962,0.07217131024497851,0.09376088022808116,0.01488200188937036,0.632455532033676
32.28399298499971,11.937404635024318,6.015648445081034,0.6020688975817292,-0.034446715293666906,0.45353128590379144,0.4508120339885296,8.36860554549771,0.05368261802121398,0.09064835679165384,0.01251147033427094,0.65
32.316013202998874,11.975178319454596,6.016006850299767,0.5551037026917885,0.01859608306216013,0.4984436364816486,0.5889454086186319,8.358577176680019,0.03553036172318811,0.06422553383294015,0.021002299896983097,0.670820393249937
32.39956392900058,11.992945351537738,6.017483834739695,0.5330109624942587,0.044309533197838924,0.4984436364816486,0.5889454086186319,8.352649091952838,0.027103867987056534,0.05270673067857193,0.01669541864055354,0.670820393249937
32.401416206999784,12.010039506765883,6.019814458441487,0.5128246568443449,0.06991871105377409,0.48386439557667094,0.6385184493510973,8.34609688712578,0.01975969881466608,0.04226733742202571,0.020418922333936978,0.6946221994724903
32.431955637999636,12.026487741819738,6.0229607628284905,0.4934470516156355,0.09438913161010076,0.5035505318074719,0.6808757283274102,8.338945732143358,0.01218157474914254,0.03286145204462244,0.023153722534439036,0.6946221994724903
32.524706731999686,12.042314596568405,6.026880657426926,0.47480564246003776,0.11759683795305167,0.4768588831736853,0.7039061008538411,8.331225908527685,0.005417440988476087,0.024441959779076053,0.005552876219655924,0.6946221994724903
32.52676565599904,12.05754287170068,6.031530655704602,0.4568482539682678,0.1394999483302744,0.4693795450090336,0.7105952881825699,8.322969943522283,0.0004027033687975011,0.016961988481919456,0.010166025724429997,0.7211102550927979
32.5359697570002,12.072316833583104,6.037178658434196,0.44321885647274484,0.1694400818878258,0.44853737982587605,0.69847830511793,8.313879179383079,0.0051586170706933035,0.010508960880122481,0.013697184286946839,0.7211102550927979
32.544619660000535,12.072316833583104,6.037178658434196,0.44321885647274484,0.1694400818878258,0.44853737982587605,0.69847830511793,8.313879179383079,0.0051586170706933035,0.010508960880122481,0.013697184286946839,0.7211102550927979
32.6469191289998,12.086663117898297,6.043898414867939,0.4303885294558095,0.2015926930122813,0.43381531901287806,0.6944092875037791,8.303872479198986,0.009471262309339847,0.005116191298240428,0.010050257458571677,0.7211102550927979
32.65797440499955,12.114508203852607,6.0613463041851405,0.41493546896642236,0.28304138061156114,0.4004633530200018,0.6833003486401757,8.280225293662394,0.01499040048753785,0.0022357369491883927,0.015452183042140384,0.7106335201775948
32.76412840000012,12.128170747437187,6.072233618511746,0.4098763075374013,0.32661942979814385,0.3794266535263203,0.6725613884082076,8.266386373562238,0.015962640164114517,0.004198120376849212,0.009423818663748215,0.7106335201775948
32.766370026000004,12.128170747437187,6.072233618511746,0.4098763075374013,0.32661942979814385,0.3448439937439378,0.6791358322025127,8.266386373562238,0.015962640164114517,0.004198120376849212,0.009423818663748215,0.7106335201775948
32.88682206900012,12.155012715731928,6.098134334822133,0.400267031288193,0.4080946880439915,0.333822834754695,0.6623445624587075,8.234854562135078,0.01587744438895382,0.004863686037791469,0.003371916129662513,0.7433034373659253
32.88901696799985,12.155012715731928,6.098134334822133,0.400267031288193,0.4080946880439915,0.28853775797546866,0.6819779018584814,8.234854562135078,0.01587744438895382,0.004863686037791469,0.003371916129662513,0.7433034373659253
32.90457121600048,12.168134609084158,6.112902390796281,0.3936568005668998,0.44304167922443616,0.3040838799998459,0.6746995261056365,8.217410304199626,0.014401995225709951,0.0036996732848976034,0.003643003808391637,0.7071067811865476
32.92085234499973,12.168134609084158,6.112902390796281,0.3936568005668998,0.44304167922443616,0.295116645158938,0.6788895543212543,8.217410304199626,0.014401995225709951,0.0036996732848976034,0.003643003808391637,0.7071067811865476
33.03452853300041,12.18100544253224,6.1287444240545215,0.38612500344247325,0.47526099774722214,0.2868123879280474,0.6810653441944082,8.198991131147341,0.012243910255498735,0.0015987177508745196,0.005225277878227128,0.7071067811865476
33.03878908899969,12.193568008356179,6.145542750953047,0.3768769747181726,0.503949806955768,0.26163142018414554,0.6778542954244431,8.17972328784285,0.009681296243357293,0.0013964176284518928,0.009235692577581384,0.7071067811865476
33.13054004100013,12.205828386589873,6.16314660330444,0.36781134701086154,0.5281155705418099,0.26163142018414554,0.6778542954244431,8.159750482808072,0.006342983976184293,0.005174824412170858,0.0028079426327567982,0.7106335201775948
33.14016225399973,12.217758957407403,6.181435702492882,0.3579171245258662,0.5486729756532438,0.23135909545965924,0.6882620235856169,8.139194792863385,0.002499145051936431,0.009670982941610411,0.005259993012239464,0.7106335201775948
33.150756516999536,12.229294632034023,6.200334747152727,0.3460702387986095,0.5669713397953483,0.21798649859175087,0.6956474145087225,8.11814324096214,0.0013351844154064786,0.01487767182448975,0.008070114992583739,0.6800735254367722
33.248508022999886,12.229294632034023,6.200334747152727,0.3460702387986095,0.5669713397953483,0.18462833514830293,0.7044633791470937,8.11814324096214,0.0013351844154064786,0.01487767182448975,0.0035052884944531794,0.6800735254367722
33.2509508359999,12.240379686213549,6.219783118934154,0.33255162538579935,0.583451153442803,0.19821213253267347,0.7017297578433276,8.096666338937425,0.0058707492588283595,0.020791430414010378,0.007710008826915107,0.6800735254367722
33.36700494499928,12.250963395905845,6.239727360198155,0.31751129076891227,0.5983272379200298,0.17051001597688756,0.6736027652491023,8.07482645852513,0.010712947621909146,0.027410325763873693,0.0020727075948958795,0.7211102550927979
33.38310068700048,12.270530484578007,6.280928890703022,0.2855701898729956,0.6240924684410807,0.12351402844173434,0.7427370253536563,8.030244810720347,0.02054297905095911,0.042708186290966114,0.006880422362695236,0.6946221994724903
33.40063211699999,12.270530484578007,6.280928890703022,0.2855701898729956,0.6240924684410807,0.12367482384366649,0.7521579440522831,8.030244810720347,0.02054297905095911,0.042708186290966114,0.006880422362695236,0.6946221994724903
33.51350843799992,12.279494026412475,6.302081532995013,0.26890625503403603,0.6345792687597351,0.10822996672535654,0.7157653280689278,8.007607284197025,0.025119579113982972,0.05132718188104434,0.004410169529102291,0.670820393249937
33.60674858799939,12.295726154640038,6.345258788353092,0.23502968431143742,0.6516930474553027,0.10674686369506522,0.7098028886134413,7.961872604398099,0.03335387954324847,0.07038026399496543,0.014247929752258817,0.670820393249937
33.72759032999966,12.309654491526732,6.389410491783185,0.2000520170148668,0.6655576740128348,0.08917016943367753,0.7013485458247074,7.915713966783643,0.035840952377849115,0.06534569287513747,0.008600792949355276,0.696419413859206
33.7368474599989,12.32120872304653,6.434308619877226,0.16483777445607747,0.6755362656232932,0.03717132216339436,0.706762566602904,7.869366095325236,0.034830038392679424,0.053791461355340076,0.01733979516103635,0.6800735254367722
33.763186787999075,12.326033538459503,6.457043953648688,0.1447444623891933,0.6820600131438608,0.03535197754814565,0.7205544262750887,7.846128607990605,0.03336734592447004,0.04896664594236633,0.019657995781398707,0.6670832032063168
33.85330048099968,12.326033538459503,6.457043953648688,0.1447444623891933,0.6820600131438608,0.020668599528675696,0.7215303036549725,7.846128607990605,0.03336734592447004,0.04896664594236633,0.004604610286088882,0.6670832032063168
33.85506080699997,12.33025526019943,6.480004495011443,0.12665165219778446,0.6888162408826567,0.011768592651255377,0.7174683311065261,7.822808187607414,0.03248092094546747,0.04474492420244047,0.009852148512803258,0.6670832032063168
33.87429997799882,12.33025526019943,6.480004495011443,0.12665165219778446,0.6888162408826567,-0.011516562159174543,0.7105296562239254,7.822808187607414,0.03248092094546747,0.04474492420244047,0.009852148512803258,0.6670832032063168
33.973079379999035,12.336850859237206,6.526336236930286,0.08980851885546924,0.696235051454464,-0.013663835163629054,0.7094735494465102,7.776186577533224,0.030041069719788982,0.03814932516466385,0.00888476016035281,0.6576473218982953
33.97508247899896,12.336850859237206,6.526336236930286,0.08980851885546924,0.696235051454464,-0.027056017015072084,0.6988351061806091,7.776186577533224,0.030041069719788982,0.03814932516466385,0.00888476016035281,0.6576473218982953
33.99744370100052,12.339233833641678,6.549600578555201,0.07148923213415827,0.6979302487474487,-0.04774136692831976,0.668159738354719,7.752988386160921,0.028913119583259726,0.0357663507601913,0.011854128917301808,0.6576473218982953
34.09389040399947,12.34099244012204,6.5729074568519295,0.05275819441082688,0.6992063489018516,-0.056284102237693055,0.6611208460572261,7.7298919622995435,0.02837587532786518,0.034007744279829666,0.008652498550806322,0.651920240520265
34.09593072399912,12.34099244012204,6.5729074568519295,0.05275819441082688,0.6992063489018516,-0.08404839480756356,0.6537908158236588,7.7298919622995435,0.02837587532786518,0.034007744279829666,0.008652498550806322,0.651920240520265
34.10528073800015,12.342151028519497,6.596212648745142,0.034757651923725416,0.6991557567963651,-0.07296906935842838,0.6481249071145871,7.706935682837081,0.027936387538960997,0.03284915588237247,0.01194076471719512,0.651920240520265
34.20925068500037,12.342744772635886,6.6194819126706435,0.01781232349166428,0.6980779177650565,-0.1042729911510365,0.6256643935086204,7.684145807372486,0.027977463603147845,0.03225541176598412,0.005668782577980011,0.65
34.211468556999534,12.342744772635886,6.6194819126706435,0.01781232349166428,0.6980779177650565,-0.10546078830122367,0.6107413764119543,7.684145807372486,0.027977463603147845,0.03225541176598412,0.005668782577980011,0.65
34.21659312100019,12.3427653174808,6.642687682573899,0.0006163453474507599,0.6961730970976816,-0.09993432681116965,0.5945703607198726,7.661552109663119,0.028267181805748266,0.03223486692106903,0.011624197224990656,0.65
34.3326697829998,12.34220970850057,6.665814319506111,-0.01666826940688565,0.6937991079663532,-0.1103331277875173,0.5830309363936418,7.639171646255242,0.029018145675971548,0.03279047590129913,0.010132796526815846,0.65
34.342087974000606,12.34220970850057,6.665814319506111,-0.01666826940688565,0.6937991079663532,-0.1345315513490794,0.577726796809207,7.639171646255242,0.029018145675971548,0.03279047590129913,0.010132796526815846,0.65
34.34432949999973,12.341195883492164,6.688890219919909,-0.030414750252189798,0.6922770124139392,-0.12702927037763845,0.577121955152423,7.616950839584281,0.02999242105108008,0.03380430090970599,0.014574808479764422,0.65
34.47159715199996,12.339705270322161,6.711930091287729,-0.044718395100084976,0.6911961410346023,-0.15570562601278531,0.5665764800519895,7.594880809555296,0.03128834627308634,0.035294914079708306,0.011393032630130275,0.65
34.573261974999696,12.337709588554182,6.734954770734024,-0.05987045303941165,0.6907403833888561,-0.1597613385437994,0.5360780079245075,7.5729491430622575,0.03289063629275797,0.037290595847688124,0.0010833952225012932,0.65
34.57545685399964,12.335225905455486,6.757859161871637,-0.07451049296087672,0.6871317341283708,-0.18783551178641092,0.5540757293888806,7.551255504330896,0.03474886470449265,0.039774278946383745,0.0016671283548220436,0.651920240520265
34.68731235300038,12.332262038704474,6.780582622866073,-0.08891600253036352,0.6817038298330815,-0.3251735427269937,0.5874363041691112,7.529858447573589,0.03691399347591815,0.042738145697395424,0.00023315999695050312,0.651920240520265
34.70649511500051,12.324912868523397,6.825235315375665,-0.11748975587009836,0.6655487313709676,-0.36813361994444416,0.6028162063938786,7.488199753010814,0.04179687841631853,0.05008731587847315,0.002307719779400423,0.6576473218982953
34.76791856300042,12.324912868523397,6.825235315375665,-0.11748975587009836,0.6655487313709676,-0.3823948145846259,0.5973195833832937,7.488199753010814,0.04179687841631853,0.05008731587847315,0.002307719779400423,0.6576473218982953
34.80969581200043,12.320505166900205,6.847124751430826,-0.13223104869574942,0.6566830816548149,-0.3887325394571659,0.5963556198518536,7.467985085170981,0.04423731503308812,0.05449501750166519,0.002354132059886145,0.6576473218982953
34.811930726000355,12.31559921010135,6.868708875922716,-0.14717870396564878,0.6475237347567052,-0.4071226718376365,0.5747609229456528,7.448198272075591,0.047201221177125906,0.05940097430051949,0.005232739376062448,0.6670832032063168
34.92680094999923,12.31028690975191,6.889883000414564,-0.15936901048319277,0.6352237347554173,-0.39075634248566465,0.5686097212698564,7.42892052004302,0.04941014990456847,0.06471327464995902,0.003689303102699807,0.6670832032063168
34.92877240099915,12.30461587124011,6.910607600395574,-0.17013115535402515,0.6217379994303159,-0.3815021057337882,0.5522018402025717,7.41017997388004,0.052006081773660125,0.0703843131617603,0.007770439383069652,0.6800735254367722
34.94065664899972,12.298589065724194,6.930887321543139,-0.18080416547744693,0.6083916344269515,-0.38899814298093405,0.5213549985011837,7.391972534482209,0.05354531624897641,0.07641111867767592,0.011555608538377742,0.632455532033676
34.950199073000476,12.298589065724194,6.930887321543139,-0.18080416547744693,0.6083916344269515,-0.38899814298093405,0.5213549985011837,7.391972534482209,0.05354531624897641,0.07641111867767592,0.011555608538377742,0.632455532033676
35.05068756899891,12.292074736675618,6.950775289735901,-0.19542987145730323,0.596639045782854,-0.4014869187049841,0.5059267892653269,7.374280148978428,0.05526851584142601,0.08292544772625199,0.009319376150514392,0.65
35.060192626999196,12.277223549810138,6.989484674209318,-0.23394467060683377,0.5754770921717969,-0.4128092482171113,0.49731435344779723,7.340432016282892,0.056226825909062916,0.09425172308445624,0.01819363396702175,0.65
35.168871339999896,12.268604150854753,7.008355019125123,-0.2585819686615537,0.5661103474741376,-0.42134201593277165,0.47577426506681986,7.324304696763664,0.05552615880488455,0.08700320968226682,0.004984844955440548,0.670820393249937
35.17089779399976,12.25922370130777,7.026948966024671,-0.2814134864094812,0.5578184069864416,-0.4427038651898995,0.4541814374149415,7.308659816344344,0.05368368652561489,0.08048828322582362,0.007820770236795086,0.670820393249937
35.288129328999275,12.238277884314556,7.063256844346585,-0.32467740388527316,0.54027321664193,-0.43911146465388284,0.41109764143615873,7.278857291819057,0.05002616449669077,0.06962566548729686,0.010504357910509387,0.651920240520265
35.290146494999135,12.226769446566374,7.080944578722669,-0.3452531324454726,0.5306320312825237,-0.4464175979633116,0.4046361107817579,7.264718281756006,0.04833407828438425,0.06525624293874281,0.015499992934965469,0.651920240520265
35.298745693000456,12.214590653906743,7.0982829183194,-0.36536377978890733,0.5201501879019615,-0.46642286190682575,0.38465264358505746,7.251124774421807,0.04699907496670472,0.06160789231166851,0.02013409001136328,0.651920240520265
35.32870965799884,12.201893225696496,7.115254824567851,-0.38092284630739515,0.509157187453508,-0.445556623056364,0.3763036310261752,7.238057370066884,0.045433091667812,0.05858537990482257,0.024815139587417656,0.6800735254367722
35.41069325599892,12.188706909105829,7.131850491939992,-0.3955894977200403,0.49787002116424006,-0.4345709206751379,0.357071504428532,7.225520662621949,0.044482887029480334,0.05617460484779891,0.014064241607937676,0.6403124237432849
35.444646239000576,12.175041460299504,7.148067218920549,-0.4099634641897272,0.48650180941671906,-0.4147141215574768,0.32207576403892685,7.2135175034245895,0.04385202323390115,0.054370578750106494,0.018815612646519285,0.6403124237432849
35.52984860300057,12.160917379051268,7.1638454073723015,-0.423722437447079,0.47334565355255576,-0.4086090499014218,0.3097784167509727,7.202102605746166,0.04332503996164857,0.053200948329689794,0.0013148060344090782,0.6726812023536856
35.541831425000055,12.146403870339205,7.1792186576870884,-0.43540526136193125,0.4611975094436133,-0.47833644534286407,0.26883728166182064,7.191227449186414,0.043359165855784094,0.052593019212335265,0.0031861631132158027,0.6363961030678928
35.5488892379999,12.146403870339205,7.1792186576870884,-0.43540526136193125,0.4611975094436133,-0.47833644534286407,0.26883728166182064,7.191227449186414,0.043359165855784094,0.052593019212335265,0.0031861631132158027,0.6363961030678928
35.64872771199953,12.1315137043685,7.19412301456336,-0.446704979121144,0.4471307062881408,-0.4893824878311318,0.24893738262534992,7.180952251204047,0.0438008156997797,0.05258298472677822,0.0015480581156944184,0.6363961030678928
35.650667964000604,12.116291308426526,7.208548912066081,-0.45667187825922056,0.4327769250816272,-0.4912981709431717,0.23717056803735947,7.171275916488623,0.044364851774655496,0.05314619417437899,0.003660143533049661,0.6726812023536856
35.691032848999384,12.10076446356491,7.222445873600948,-0.46580534584844624,0.4169088460459945,-0.49279866119782284,0.20642211617179013,7.162240814974984,0.045518173695408747,0.05429869572726544,0.006216684697299585,0.6726812023536856
35.772853913998915,12.084969849839167,7.235831928934073,-0.4738384117722836,0.401581659993758,-0.49798917108015095,0.18450372771839482,7.153820644515636,0.0471202423886481,0.05600180369956964,0.004878789782035218,0.6403124237432849
35.774819242999,12.0690689472447,7.248715945569901,-0.4770270778340071,0.38652049907485075,-0.49444005523150597,0.17677365922668392,7.145962086068879,0.048636234901278434,0.05813506421898945,0.008004906958443261,0.6403124237432849
35.787677082998925,12.053155406964368,7.261084126508237,-0.4774062084099699,0.3710454281500792,-0.4903488379851254,0.16862754459120866,7.138651351112253,0.0505365167443786,0.06064201185145795,0.010917422807667563,0.6800735254367722
35.88995756899931,12.037199751924389,7.272912178577227,-0.47866965119938215,0.3548415620696924,-0.5044083081626822,0.15034553195830858,7.1319193058306505,0.05285898080227748,0.06356066790229074,0.00422049759919758,0.651920240520265
35.89191012899937,12.02113293033208,7.284153770789198,-0.48200464776926916,0.3372477663591279,-0.4916098758075427,0.12281186157645768,7.125829643879848,0.05496592679230455,0.06697262031790902,0.008910815182614345,0.651920240520265
35.90491864700016,12.004960808337783,7.294815415289441,-0.48516365982887266,0.3198493350072879,-0.4886648141812517,0.12140297187316468,7.120374038390321,0.05754474749036997,0.07086911632152934,0.01406224982319115,0.651920240520265
36.01396143199963,11.988669066960515,7.304877736186053,-0.4887522413180303,0.30186962689836916,-0.5400610887986661,0.11353835698085621,7.1155748108630945,0.06065411769437177,0.07527398178626349,0.002604012278793709,0.670820393249937
36.02568654700008,11.972270998949126,7.314337097346923,-0.4919420403416947,0.2837808348260993,-0.608660314323036,0.11215520469955084,7.111431060648422,0.06349753550966088,0.08018038845293125,0.005740827350568109,0.670820393249937
36.15486197700011,11.93934402452566,7.33153689921807,-0.4945488068237868,0.2493081254256791,-0.6258661783291729,0.10627282974179347,7.104964953537738,0.0699993955331075,0.0913011788135677,0.010833189291549505,0.65
36.15683470099975,11.906238533011113,7.3464990785247535,-0.49733762044575536,0.21618002388287424,-0.635713488456016,0.06297152376143739,7.100870655800754,0.07546670134225979,0.10413043790893194,0.01947758910435825,0.65
36.255155914999705,11.906238533011113,7.3464990785247535,-0.49733762044575536,0.21618002388287424,-0.6908206707865369,0.09726643024383363,7.100870655800754,0.07546670134225979,0.10413043790893194,0.005241694390158652,0.65
36.25712045199907,11.872935021238552,7.359263668477613,-0.5000177805517584,0.183267247474836,-0.6985885543540106,0.09518509108115031,7.099108726504448,0.0790128785647311,0.11573644290856677,0.012405274449130182,0.6800735254367722
36.27395509800044,11.872935021238552,7.359263668477613,-0.5000177805517584,0.183267247474836,-0.7886803616370134,0.09771529995733176,7.099108726504448,0.0790128785647311,0.11573644290856677,0.012405274449130182,0.6800735254367722
36.29483904399967,11.856238754883863,7.364821662013149,-0.5008879906406748,0.1667398060660752,-0.7936098771208163,0.09766140937068385,7.099090911488064,0.07983770313721958,0.11017844937303067,0.016604097575900503,0.6800735254367722
36.37948211100047,11.839516018267988,7.3698233744485355,-0.5016820984762631,0.15005137306157582,-0.8066489175499021,0.09785827295587546,7.099652473381096,0.07964969591598074,0.1051767369376444,0.009418167676245202,0.6670832032063168
36.41937259899896,11.822652829215011,7.374277746688672,-0.505895671589291,0.13363116720410498,-0.8088978485677453,0.09528021659656577,7.100820372673118,0.07925010005982164,0.10072236469750795,0.014902567192811435,0.6670832032063168
36.49813674100005,11.805498965590207,7.378198952827626,-0.5146159087441102,0.11763618416860777,-0.8088978485677453,0.09528021659656577,7.102629394433813,0.07907139019450868,0.09680115855855398,0.009996898451618155,0.6670832032063168
36.50905324700034,11.770155630076397,7.384418015211232,-0.5363920225193362,0.08595324860798945,-0.8130245300620192,0.09653728839988768,7.108249867758177,0.0781333237038111,0.0905820961749475,0.022325039002493517,0.6576473218982953
36.53884599599951,11.770155630076397,7.384418015211232,-0.5363920225193362,0.08595324860798945,-0.861938626429612,0.10463948645113857,7.108249867758177,0.0781333237038111,0.0905820961749475,0.022325039002493517,0.6576473218982953
36.61841228499907,11.751869278519912,7.386770432139108,-0.5485905466945347,0.07057250783625935,-0.861938626429612,0.10463948645113857,7.112043947836679,0.07774458404029891,0.08822967924707203,0.0069041775988635265,0.6576473218982953
36.63662053199914,11.71389576820899,7.3900781074610435,-0.5772978325372676,0.04231854992996431,-0.7978910654443301,0.10003259130201012,7.121554971278711,0.07777959340228628,0.08492200392513638,0.02261669067065902,0.651920240520265
36.650108641999395,11.71389576820899,7.3900781074610435,-0.5772978325372676,0.04231854992996431,-0.7978910654443301,0.10003259130201012,7.121554971278711,0.07777959340228628,0.08492200392513638,0.02261669067065902,0.651920240520265
36.738856443998884,11.69406029972862,7.39107289643944,-0.5950640544111638,0.02984366935191464,-0.8256361601666938,0.11154189387529151,7.127289016325311,0.07793014358320395,0.0839272149467396,0.008605228315049611,0.65
36.744466416999785,11.673671178253054,7.391629685700555,-0.6116736442669569,0.01670367783344557,-0.7886087015550247,0.11436822131720642,7.1336739359893615,0.07854988763305162,0.08337042568562492,0.01785978786407888,0.65
36.859642473998974,11.652702891591044,7.391764144831892,-0.6290485998602867,0.004033773940108298,-0.7994471064949029,0.12448928500062831,7.140706647481735,0.07922152386611349,0.08323596655428833,0.009130977385436034,0.65
36.87152091200005,11.60911472860306,7.391004698114839,-0.6611850786339596,-0.016748207371029472,-0.852437358790855,0.14704110985885865,7.156474508861145,0.08136396868777636,0.08399541327134052,0.028937248106458608,0.65
36.9740040279994,11.586644573912315,7.390130264137183,-0.6741046407223531,-0.026233019329680085,-0.8848163559400752,0.16092784925438292,7.16514531395506,0.08274105632429087,0.0848698472489966,0.011718286862789216,0.65
36.97594744599883,11.563675028263281,7.389018006495298,-0.6890863694709954,-0.03336772925656499,-0.9053798906586277,0.137597114220179,7.174275132680625,0.0842845884667127,0.0859821048908822,0.023887686099565947,0.65
37.00601864099917,11.540171969076125,7.387636319410231,-0.705091775614672,-0.041450612551995794,-0.7865109481350114,0.15846690930089763,7.1839088056854,0.08599369768175752,0.08736379197594868,0.036018034767672215,0.65
37.103568149999774,11.516258149619844,7.386000093941909,-0.7174145836884329,-0.049086764049683734,-0.7830802483064966,0.16456528054467562,7.193991707526075,0.08792238720405252,0.08900001744427133,0.025610986793553763,0.65
37.1257979460006,11.467554187450855,7.38181122443044,-0.7342168633747911,-0.06782356932896733,-0.7211892405575724,0.17660758051965114,7.215527103420536,0.09251156500512285,0.09318888695573957,0.05121966374388513,0.65
37.22310537299927,11.442870177674154,7.379391844723999,-0.7405202933010239,-0.07258139119322128,-0.7303786608532585,0.19108026667472472,7.226819000739929,0.09506430695863334,0.0956082666621807,0.04145380704445972,0.65
37.34487004499897,11.392779603424351,7.37431364186953,-0.7556853877504428,-0.07687561263120604,-0.7518599524748437,0.21507470378350574,7.250096500294152,0.10034834742674681,0.10068646951665006,0.027290440489894312,0.65
37.34764964900023,11.392779603424351,7.37431364186953,-0.7556853877504428,-0.07687561263120604,-0.7842254718949682,0.2202065669516582,7.250096500294152,0.10034834742674681,0.10068646951665006,0.027290440489894312,0.65
37.4198370489994,11.341522556154928,7.3688638391987995,-0.7730207961366551,-0.0839849839434753,-0.8431473875719278,0.24379260179994594,7.274434123933459,0.10592847624741822,0.10613627218738042,0.05458840235962479,0.65
37.46591629800059,11.315506696311452,7.365849481592689,-0.780475795304292,-0.09043072818330028,-0.8431473875719278,0.24379260179994594,7.287124684184552,0.10898998635824474,0.10915062979349077,0.04436663696798028,0.65
37.46788225799901,11.289275943989818,7.362554959598223,-0.7869225696490412,-0.09883565983396965,-0.8787005579510432,0.21966641362550293,7.3002284478959165,0.11231873283377383,0.11244515178795655,0.05879886916856797,0.65
37.4924278540002,11.262866657460242,7.358917987541708,-0.7922785958872902,-0.10910916169547613,-0.8279499474605738,0.24998034059804292,7.313789189061956,0.11598424874031821,0.11608212384447203,0.07361714446157856,0.65
37.57610489400031,11.236503451209387,7.355355770203801,-0.7908961875256214,-0.10686652013723001,-0.8304896939971078,0.22381604449620213,7.327335004724358,0.11956788386231113,0.11964434118237932,0.034437466922236,0.65
37.60170299499987,11.21029204982239,7.3518911116863634,-0.7863420416099031,-0.1039397555231165,-0.6874154240265385,0.253076518399731,7.340802790285077,0.12304935134449466,0.12310899969981648,0.051448431756729675,0.65
37.72677023799952,11.184158628633513,7.3486526129015335,-0.7840026356663228,-0.09715496354490154,-0.6773378462567196,0.2555140490507039,7.354102422747026,0.1263010674010193,0.12634749848464644,0.0355015604065056,0.6000000000000001
37.72918746299911,11.158028755391415,7.345681708062511,-0.7838961972629465,-0.08912714517067881,-0.6509310156266326,0.23253370728870795,7.367225420258643,0.12928195532536418,0.12931840332366917,0.0529160504951313,0.6000000000000001
37.82136699200055,11.13178819303643,7.343064083841433,-0.7872168706495682,-0.07852872663231572,-0.5848855268656803,0.26649912373195606,7.3801398568097305,0.13190783759458447,0.13193602754474654,0.01707004123562153,0.6000000000000001
37.82356076900032,11.10538259646795,7.34075108861364,-0.7921678970544344,-0.06938985683380638,-0.6045100315767516,0.26728167933311775,7.392914123646691,0.1342268098934918,0.13424902277253992,0.03398327289378806,0.6000000000000001
37.82537063699965,11.10538259646795,7.34075108861364,-0.7921678970544344,-0.06938985683380638,-0.5948226786473219,0.2462061318281133,7.392914123646691,0.1342268098934918,0.13424902277253992,0.03398327289378806,0.6000000000000001
37.8593040830001,11.078771954402047,7.338664125972653,-0.7983192619770848,-0.06260887922959162,-0.5878490565745128,0.2682518742922816,7.405638507577639,0.13631897699770426,0.13633598541352665,0.050632197721281545,0.6000000000000001
37.93829796600039,11.051971124591747,7.3369227981547835,-0.8040248943090035,-0.052239834536103126,-0.5878490565745128,0.2682518742922816,7.418200136383557,0.13806383412330542,0.13807731323139638,0.03513030667160262,0.6000000000000001
37.97224133000054,10.997882619599,7.334373075071789,-0.8135796072500159,-0.034415987882228306,-0.5616795028248958,0.2649061741837769,7.442905341941379,0.14061884327273216,0.14062703631439089,0.06850196939215433,0.6000000000000001
38.06057506800062,10.997882619599,7.334373075071789,-0.8135796072500159,-0.034415987882228306,-0.5616795028248958,0.2649061741837769,7.442905341941379,0.14061884327273216,0.14062703631439089,0.03600516459229014,0.6000000000000001
38.072787339999195,10.97085250619985,7.33353020779593,-0.8109034019744638,-0.025286018275757056,-0.5367892257536354,0.2650162734324781,7.454976692570268,0.14146359879680365,0.14146990359024958,0.05318121195775192,0.6000000000000001
38.17681693200029,10.917826928783372,7.332823493994436,-0.7882300410319206,-0.0053749199483203915,-0.5482538798343994,0.26747404633042193,7.478028036762763,0.14217254126801285,0.14217661739174403,0.03146023272881174,0.6000000000000001
38.18764502199883,10.892083523239693,7.332960850553203,-0.7723021663103485,0.004120696763020989,-0.6152744849785569,0.2818573999747724,7.488894909932699,0.14203583168391115,0.14203926083297702,0.04621528145988491,0.6000000000000001
38.215867987999445,10.892083523239693,7.332960850553203,-0.7723021663103485,0.004120696763020989,-0.6534436766701731,0.2937247544812225,7.488894909932699,0.14203583168391115,0.14203926083297702,0.04621528145988491,0.6000000000000001
38.30041283299943,10.842086607363104,7.333996920410662,-0.7429901177406241,0.01879892362293733,-0.6622399967341573,0.299592927238153,7.509513788983628,0.14100056384787268,0.1410031909755176,0.02542394830819344,0.6000000000000001
38.419876276999275,10.817722606829866,7.334774855609095,-0.7309200159971073,0.023338055952985354,-0.7721666700010065,0.32552182250986833,7.519415944075355,0.14022282272088352,0.1402252557770849,0.012050562540963566,0.6000000000000001
38.42963848299951,10.817722606829866,7.334774855609095,-0.7309200159971073,0.023338055952985354,-0.7889594135425947,0.32961637321876935,7.519415944075355,0.14022282272088352,0.1402252557770849,0.012050562540963566,0.6000000000000001
38.452124752999225,10.793697737767014,7.335630655509699,-0.7207460718855813,0.025673997018125,-0.7886562058212203,0.3341124566158866,7.529165111612781,0.1393670248245305,0.13936945587648086,0.023857729983906804,0.6000000000000001
38.537536575999184,10.770038577644563,7.336714531631256,-0.7097748036735169,0.03251628364671888,-0.7974187650511453,0.30724065631027075,7.538612166773356,0.1382830949009933,0.13828557975492384,0.026406324354093028,0.6000000000000001
38.53935732500031,10.746752261520708,7.3380701340154575,-0.698589483715651,0.040668071526049565,-0.7719715233957987,0.3011323282829984,7.547712627552152,0.1369272327265377,0.13692997737072243,0.038923364977637535,0.6000000000000001
38.556543262999185,10.723779928394421,7.3396565782816685,-0.6891699937886052,0.047593327986317734,-0.735311656322842,0.3124479048637727,7.556527320898317,0.13534051528423505,0.13534353310451142,0.05053781662350597,0.6000000000000001
38.66211019799994,10.701112517963589,7.341446595019661,-0.680022312924954,0.05370050213975508,-0.7396391756483717,0.308654158576418,7.565082963425791,0.1335499325624663,0.13355351636651935,0.010907282829597574,0.6000000000000001
38.66433796899946,10.678513402783715,7.34354054195183,-0.6779734553962178,0.06281840796507887,-0.7480958496068337,0.3045556664391746,7.5733952057963565,0.1314554213518834,0.1314595694343499,0.02152281487419012,0.6000000000000001
38.66596375200061,10.655803503634974,7.345898288043444,-0.6812969744621872,0.07073238274843897,-0.7575846561347745,0.2767100158380203,7.5815815923214585,0.12909673292195656,0.12910182334273568,0.03196369096883746,0.6000000000000001
38.782199043998844,10.655803503634974,7.345898288043444,-0.6812969744621872,0.07073238274843897,-0.7700772739234039,0.2831195272986433,7.5815815923214585,0.12909673292195656,0.12910182334273568,0.0,0.6000000000000001
38.78404236499955,10.632844852773465,7.3485627892876275,-0.688759525845276,0.07993503732549175,-0.7492990271753831,0.2809331635353328,7.589668584670289,0.12643120968920182,0.1264373220985524,0.011017295716719498,0.6000000000000001
38.79321673999948,10.632844852773465,7.3485627892876275,-0.688759525845276,0.07993503732549175,-0.7504114732614523,0.2546081522352172,7.589668584670289,0.12643120968920182,0.1264373220985524,0.011017295716719498,0.6000000000000001
38.827888477999295,10.609507820720319,7.351541472778062,-0.700110961594385,0.08936050471302769,-0.7315126108500274,0.27358957073940515,7.5977120337143,0.1234510262879475,0.12345863860811779,0.021995015846443935,0.65
38.910498719000316,10.609507820720319,7.351541472778062,-0.700110961594385,0.08936050471302769,-0.735251230950255,0.27011187773855583,7.5977120337143,0.1234510262879475,0.12345863860811779,0.0060983682932830964,0.65
39.02244633599912,10.561617494076911,7.35808754546033,-0.7244178703653934,0.10017954904299539,-0.8869116059499745,0.1936294453246802,7.614035349464808,0.11690077100583393,0.11691256592585031,0.027028306195930673,0.65
39.0245046,10.537203405471582,7.361569894488092,-0.7324226581598692,0.10447047083286191,-0.9290158846338337,0.11815889932161117,7.622332967068056,0.11341546758978444,0.11343021689808808,0.0401777855314039,0.65
39.15044338500047,10.48794315712748,7.3687897259257085,-0.7407036693837385,0.108925190498257,-0.7351178803750711,0.1985385206064078,7.639119477396952,0.10618691527775792,0.10621038546047146,0.013153281929886648,0.65
39.152374983999835,10.463075000701068,7.372552982078098,-0.746044692792378,0.11289768457166609,-0.7790610641234451,0.13902575242554432,7.647598762322186,0.10241737464735787,0.1024471293080822,0.017746403670105364,0.65
39.177570461999494,10.437993478920266,7.376383593879009,-0.7524456534240602,0.11491835402734459,-0.8673827427508702,0.12696709198470374,7.656194180994226,0.09857887240591592,0.09861651750717115,0.020858965575721256,0.65
39.183481206999204,10.437993478920266,7.376383593879009,-0.7524456534240602,0.11491835402734459,-0.8673827427508702,0.12696709198470374,7.656194180994226,0.09857887240591592,0.09861651750717115,0.020858965575721256,0.65
39.27841337800055,10.41275154910581,7.380257447742004,-0.7572578944336873,0.11621561588984285,-0.8920849100196443,0.11196643609717977,7.664903202731813,0.09469472959542352,0.09474266364417616,0.004313649169454,0.65
39.28753614699963,10.41275154910581,7.380257447742004,-0.7572578944336873,0.11621561588984285,-0.9072076257216971,0.06918330845210846,7.664903202731813,0.09469472959542352,0.09474266364417616,0.004313649169454,0.65
39.28950610500033,10.387382149128698,7.3841010334299915,-0.7610819993133704,0.1153075706396207,-0.9220875234988356,0.08495912369992842,7.673775487710358,0.09083831549951414,0.09089907795618846,0.008696351656252507,0.65
39.39628302999881,10.361925076817437,7.387839353091782,-0.7637121693377923,0.112149589853706,-0.9588217012735546,0.0376188737088079,7.682857845960035,0.08708309508839752,0.08716075829439784,0.003299358423506272,0.65
39.39831411199884,10.336150237956499,7.391235537682881,-0.7732451658281728,0.10188553773297504,-0.9690078800010764,0.023776152803985484,7.692469411189362,0.08366597255740797,0.0837645737032986,0.007014154722490811,0.65
39.4001121780002,10.310076588758674,7.394347478092641,-0.7822094759347337,0.09335821229277597,-0.9629264341920221,0.010013270346563297,7.702551214217118,0.08052546004147225,0.08065263329353911,0.009084928676208285,0.65
39.52853516699906,10.257668587613217,7.399750181747166,-0.7859077653293309,0.0766122794770554,-0.9269523225057712,-0.03321962578248816,7.723785231970872,0.07504057215462634,0.07524992963901411,0.0072427492412438736,0.65
39.530199412,10.231378090876728,7.402026332683304,-0.7887149020946943,0.0682845280841557,-0.9047613763452287,-0.09423373824702158,7.7349264200648,0.0727093344980835,0.07297377870287569,0.0089729441480593,0.7000000000000001
39.63076373699914,10.178122023319823,7.405422805611488,-0.8032522456037071,0.04420342795907898,-0.8265430841189163,-0.06200254185206666,7.758768631399943,0.06914150399201739,0.06957730577469157,0.0051608280147454515,0.7000000000000001
39.74477949500033,10.151001092422508,7.406389640435908,-0.8136279269194342,0.029005044732589066,-0.7784462116465273,-0.08520473346719948,7.771680128370695,0.06803385131546787,0.06861047095027217,0.0027763325819419016,0.7000000000000001
39.75770401999944,10.123533594575232,7.406764678003064,-0.8240249354182541,0.011251127014698945,-0.7633654131901488,-0.08617638248302989,7.785350611828551,0.06750398907930033,0.06823543338311566,0.006037036056709011,0.7000000000000001
39.77202180399945,10.095708831851423,7.406535982946931,-0.8347428817142363,-0.006860851684009782,-0.7633654131901488,-0.08617638248302989,7.7997954016048965,0.06749119579243266,0.0684641284392491,0.008595641146787328,0.7000000000000001
39.864941448000536,10.067523076869625,7.405672318964588,-0.84557264945397,-0.02590991947028929,-0.7451428442468604,-0.09825933867857956,7.815042753347928,0.06806676554116904,0.06932779242159182,0.011290459744376194,0.7000000000000001
39.86719706999975,10.039012058392743,7.404130701269663,-0.8553305543064451,-0.04624853084774308,-0.7267869299332704,-0.12856335464230217,7.831110312564817,0.06921088451014337,0.07086941011651682,0.014318588053942092,0.7000000000000001
39.984167790000356,10.010244776750755,7.401890029687874,-0.8630184492596475,-0.06722014745367132,-0.6628675892859812,-0.1450286103889214,7.847979036700416,0.07091471095954822,0.07311008169830568,0.0057083471694155475,0.7000000000000001
39.986946773000454,10.010244776750755,7.401890029687874,-0.8630184492596475,-0.06722014745367132,-0.6476734460277654,-0.15437059017898852,7.847979036700416,0.07091471095954822,0.07311008169830568,0.0057083471694155475,0.7000000000000001
39.996851444999265,9.98144016723081,7.399108720741565,-0.8641382855983304,-0.08343926838927718,-0.6332403377620341,-0.1572360677247762,7.86539757625395,0.07305069663273578,0.07589139064461481,0.011891320301871452,0.65
40.01206671900036,9.952769554645002,7.395760715751822,-0.8601183775742168,-0.10044014969228582,-0.6021251339141536,-0.16659613784614774,7.883295297484163,0.07542431526898216,0.07923939563435756,0.017119444203703607,0.65
40.11358795599881,9.896100429861859,7.387412337236299,-0.8461492518575026,-0.13301164476823507,-0.5166991574414935,-0.13239917120434935,7.9203285743771445,0.08101763383548788,0.08758777414988117,0.019027232600520555,0.651920240520265
40.14571205500033,9.868186504335943,7.382450035215127,-0.8374177657774597,-0.14886906063513555,-0.5123074343731624,-0.13075636834800114,7.939377997769452,0.08390022338818791,0.09255007617105271,0.026842388267691742,0.651920240520265
40.222994234,9.84059369393227,7.3770528436457425,-0.8277843121102058,-0.16191574708154485,-0.5123074343731624,-0.13075636834800114,7.958678316611454,0.08672510702050165,0.09794726774043738,0.0030444309828406096,0.6576473218982953
40.23454663099983,9.813411477232012,7.371276064276229,-0.815466501007718,-0.17330338108541543,-0.49853627138781803,-0.15744811073069906,7.9781305433483745,0.08870967039406608,0.1037240471099512,0.005557234805701674,0.6576473218982953
40.255695664000086,9.786765398423132,7.365116977322111,-0.7993823642663982,-0.18477260862354997,-0.5459629544560809,-0.2968581939143468,7.997664787761163,0.09035855738987106,0.10988313406406913,0.008537989487493111,0.6670832032063168
40.345707324000614,9.760695845401129,7.358562124167289,-0.7820865906600938,-0.19664559464465892,-0.5500703759304251,-0.32398846416549554,8.017265442769803,0.09065527217943657,0.11643798721889098,0.008646421992473407,0.6670832032063168
40.35893173899967,9.710408561199896,7.344345919273616,-0.7444368861122592,-0.21852825508309698,-0.5435744049539035,-0.3861013583966802,8.05651134536669,0.08610883855836136,0.11742399702705972,0.01693551787599789,0.632455532033676
40.46970889600016,9.686438886983264,7.336821885327317,-0.7190902264989609,-0.22572101838896658,-0.5631142268377894,-0.4496492705103827,8.075896229467109,0.07984953419138834,0.10579517327095282,0.00049862151151373,0.65
40.47956528800023,9.686438886983264,7.336821885327317,-0.7190902264989609,-0.22572101838896658,-0.550712172446583,-0.4820247848415251,8.075896229467109,0.07984953419138834,0.10579517327095282,0.00049862151151373,0.65
40.58345161199941,9.641005795253907,7.321258448093661,-0.6694658826626091,-0.23521368548621985,-0.5770379285548306,-0.5175323638873642,8.113813304821647,0.06618360764735723,0.08467413802534285,0.001498740119641925,0.670820393249937
40.58532516000014,9.619457026465305,7.3133213566653374,-0.6464630636580521,-0.23811274284970751,-0.5544842034545654,-0.5251558639683712,8.132298097437522,0.05930961375121976,0.07504922866056678,0.0023211704257215904,0.670820393249937
40.60485756599883,9.598594969013241,7.305194010185277,-0.6258617235619123,-0.2438203944018162,-0.496526274964034,-0.5508638310067384,8.150584990797588,0.05213328075912351,0.06604442817581331,0.003313905708926427,0.6946221994724903
40.702111533999414,9.578383012660943,7.296855317711499,-0.606358690568957,-0.2501607742133542,-0.4673647282461246,-0.5751941488429259,8.16870845044328,0.04516333050851401,0.05764876277249425,0.003180335867249399,0.651920240520265
40.72365144899959,9.558685904249517,7.288010065601093,-0.590913252342814,-0.265357563312169,-0.43280074988480277,-0.5794579590470913,8.186986049982865,0.03891346445384988,0.04997534159357914,0.0037981670915874606,0.651920240520265
40.827858008000476,9.558685904249517,7.288010065601093,-0.590913252342814,-0.265357563312169,-0.4186008824254064,-0.5903189214586011,8.186986049982865,0.03891346445384988,0.04997534159357914,0.0,0.651920240520265
40.829981873999714,9.539490877577952,7.278621802761423,-0.5758508001469339,-0.2816478851901052,-0.42580708778525395,-0.6084017945561054,8.205452087816766,0.03285939958394934,0.04304091238655259,0.0014429385439897263,0.6800735254367722
40.84079703600037,9.520796122021187,7.26867894706001,-0.560842666702994,-0.2982856710423751,-0.4010989321151456,-0.6436273622105387,8.22411426747205,0.02730887153247058,0.03685238465056749,0.002155626795117868,0.6800735254367722
40.946000656998876,9.502607162656117,7.258063645535907,-0.5456687809520816,-0.3184590457230855,-0.3854224415321534,-0.6624218146758085,8.243064598764116,0.02259477169903434,0.03149699983283284,0.0006543121546796308,0.6800735254367722
40.993389727998874,9.467791600716836,7.2348533155436705,-0.5143297525992648,-0.3578664064351609,-0.3947379741518027,-0.6868398499543785,8.281762714150364,0.01476063302187302,0.0232908616258352,0.0004608736955508525,0.6726812023536856
41.0771156360006,9.451082170030395,7.2221327986912005,-0.5012829205932612,-0.3816155055740942,-0.3947379741518027,-0.6868398499543785,8.301656113610623,0.011976137198988029,0.020470273604264972,0.0005818414014959224,0.6726812023536856
41.19430467500024,9.43486586232016,7.208638550537824,-0.48648923130700517,-0.40482744460130304,-0.2884016379933768,-0.746110286704568,8.321919198699254,0.009899564926098553,0.018545486832816715,0.004798677147711611,0.7071067811865476
41.20230076400003,9.419153140003383,7.194400384772564,-0.4713816695033122,-0.4271449729578032,-0.2932311876876835,-0.7965816297754665,8.342519605764766,0.00827658197262429,0.01750281789599673,0.008747031182973295,0.6726812023536856
41.33318956099902,9.403990682247457,7.179441345494783,-0.45487373267774556,-0.4487711783334378,-0.28095544154901686,-0.8092999160066727,8.363410524592569,0.007548783550283839,0.017358979310681456,0.00043344201900981334,0.6726812023536856
41.34442788500019,9.375412608463114,7.147403932926572,-0.41975794293000845,-0.49143332716162125,-0.2735121176581059,-0.8008859509661528,8.405969194099761,0.00787438255729345,0.019805101223176105,0.003319167372867443,0.6800735254367722
41.433106995000344,9.375412608463114,7.147403932926572,-0.41975794293000845,-0.49143332716162125,-0.22921299618390337,-0.8004250415546028,8.405969194099761,0.00787438255729345,0.019805101223176105,0.0,0.6800735254367722
41.4487143639999,9.362044646236107,7.130322379367832,-0.40103886681016065,-0.5124466067622022,-0.21634740318816537,-0.8831427139001674,8.427610994214245,0.00911495495582023,0.02243100683640024,0.0014238229737463127,0.6800735254367722
41.5549350379988,9.33703551085828,7.094072083344591,-0.3668545915648682,-0.5538864848665214,-0.2174724834150764,-0.9224318175185062,8.471650175626744,0.01279961686422262,0.030379707757179457,0.0006232087235507404,0.6946221994724903
41.55701458099975,9.33703551085828,7.094072083344591,-0.3668545915648682,-0.5538864848665214,-0.15918259145146185,-0.9387298320890234,8.471650175626744,0.01279961686422262,0.030379707757179457,0.0006232087235507404,0.6946221994724903
41.56703203500001,9.325474875261571,7.0749116083581445,-0.3468190679012452,-0.5748142495934145,-0.16237033539672208,-0.9415308996927898,8.493995354198145,0.015544535067179057,0.03575360572559188,0.00042521683600401934,0.6946221994724903
41.674451114000476,9.314602117312674,7.055055619975178,-0.3261827384669215,-0.5956796514889985,-0.19144092003843494,-0.9572917308489559,8.516529469993728,0.018351905747213026,0.04210570888248338,0.0020657038894932533,0.6946221994724903
41.71831794599893,9.304375526057438,7.0344203694196645,-0.30679773765709606,-0.6190575166654103,-0.1734676454640432,-0.9233622163053078,8.539345970924742,0.020920283344086382,0.04946574245676998,0.005102562272493168,0.670820393249937
41.793347122998966,9.2947877407462,7.013092864925778,-0.28763355933713486,-0.6398251348165771,-0.1734676454640432,-0.9233622163053078,8.562378034030553,0.024400477399092357,0.05776697750004621,0.008902635822236821,0.7158910531638177
41.79513156400026,9.285867820778195,6.991150905735063,-0.2675975990401179,-0.6582587757214503,-0.13592804907539519,-0.8967255100577537,8.585546230965756,0.024740444570634665,0.06086768331498327,0.013750780706412185,0.696419413859206
41.81982713099933,9.277580280112478,6.968706369591238,-0.24862621997151255,-0.6733360843147587,-0.132640980609944,-0.81181986077577,8.60877928616297,0.025810828250556597,0.05258014264926558,0.01899000887169664,0.696419413859206
41.93881368499933,9.263179993112505,6.921876889893614,-0.20480627619127742,-0.711809563928052,-0.10727481713502002,-0.8477762642268909,8.655650129416653,0.02564056749138513,0.03817985564929316,0.01068383091138676,0.6800735254367722
42.03236960100003,9.25706584730762,6.897438435279206,-0.18342437414656304,-0.7331536384322471,-0.10452456844891272,-0.8772059888721842,8.67933778009057,0.02559445767201467,0.032065709844408374,0.015594470558111624,0.6670832032063168
42.03512738400059,9.251497620247136,6.872243154473229,-0.16704681181454634,-0.7558584241793163,-0.07566826342792815,-0.8998136833964905,8.703358222234007,0.026047039689189082,0.026497482783923942,0.020640901601501237,0.6670832032063168
42.063727085998835,9.246520237032495,6.846316101232264,-0.1493214964392203,-0.777811597228934,-0.12087593810979896,-0.9932489532183857,8.727668412169278,0.02720766063390842,0.021520099569283246,0.02617185313254747,0.7071067811865476
42.1682331159991,9.238344218316536,6.792738055516023,-0.11344350551798603,-0.8116957565555221,-0.13764357894989787,-1.0175278391085905,8.776774696030428,0.03286459675725283,0.03224840169203147,0.019718014845711503,0.70178344238091
42.28341937100049,9.23511755703422,6.765349260213642,-0.09679983846948265,-0.8216638590714282,-0.13952827231069748,-1.027083476729247,8.801373907437705,0.03729539167098538,0.0493336105055575,0.0215976490560598,0.70178344238091
42.285602468000434,9.232489292679114,6.737822563717187,-0.07884793065320614,-0.825800894893651,-0.14142898262934922,-1.039910244966055,8.82577572166862,0.03960669452124848,0.05748915596096005,0.02712559953546281,0.7000000000000001
42.287366660999396,9.230382127027706,6.71022689924607,-0.06321496954225864,-0.827869934133504,-0.10903401659452494,-1.047601660893513,8.849967497646393,0.04186161299254798,0.055381990309552265,0.031579062537045476,0.7000000000000001
42.39357129599921,9.22885053805769,6.682573420645012,-0.045947669100469456,-0.8296043580317385,-0.16405197775402564,-1.1531124674631714,8.87391199757484,0.04343310308302761,0.05385040133953645,0.01693665650026289,0.7000000000000001
42.4043560859991,9.22792203782405,6.654890141392655,-0.0278550070092488,-0.8304983775707084,-0.11792158366683042,-1.1249082268351502,8.89757295425291,0.044931910673593624,0.05292190110589523,0.023528331266397716,0.7000000000000001
42.40600513299978,9.22792203782405,6.654890141392655,-0.0278550070092488,-0.8304983775707084,-0.11126461992664488,-1.1042075954124524,8.89757295425291,0.044931910673593624,0.05292190110589523,0.023528331266397716,0.7000000000000001
42.4143926859997,9.227624031976195,6.627200150377418,-0.00894017543563514,-0.8306997304570961,-0.1601988046992901,-1.097772264371361,8.920918403746063,0.04657075567607358,0.052623895258040676,0.030075965263061853,0.7000000000000001
42.51986987899909,9.227982745260679,6.59952521468794,0.010761398534548218,-0.8302480706843492,-0.1699820972268159,-1.1210655383536692,8.943918276436769,0.04826427743979549,0.0529826085425249,0.022741737489085805,0.7000000000000001
42.522608195999055,9.227982745260679,6.59952521468794,0.010761398534548218,-0.8302480706843492,-0.12620223335897462,-1.0928953621493132,8.943918276436769,0.04826427743979549,0.0529826085425249,0.022741737489085805,0.7000000000000001
42.53313709699978,9.228702032628313,6.5715456719335,0.02157862102903082,-0.8393862826331873,-0.15624547413610462,-1.0562284581525638,8.967004430505359,0.05017544080243085,0.053701895910158726,0.030844704478221737,0.7000000000000001
42.56239594199906,9.229746693113993,6.5431005723733655,0.031339814570424916,-0.8533529868040416,-0.1549813903766445,-0.9523841493692404,8.99033348839173,0.05199250317611905,0.05474655639583936,0.03768300463835825,0.7000000000000001
42.651657758999136,9.232369956888292,6.48474318238475,0.04152425380614219,-0.8830754816531381,-0.1912531338974082,-1.0510306846063395,9.038028470570296,0.055800265754164254,0.057369820170137587,0.035888698019292904,0.7000000000000001
42.75385620399902,9.235138758731026,6.4239493131525105,0.04145465558711606,-0.9209311021951979,-0.20724867608876657,-1.1171849013350996,9.087828620955223,0.059274533500418426,0.06013862201287168,0.02530356380718492,0.7000000000000001
42.7728466059998,9.236462334441095,6.3926418894242,0.03970727130205931,-0.9392227118493002,-0.18750369154603302,-1.034764670910257,9.113581495162519,0.06080353527213645,0.061462197722940815,0.03451328990707767,0.7000000000000001
42.83555872999932,9.237691740681685,6.360709247197504,0.036882187217697586,-0.9579792668008837,-0.17992250871812476,-1.0366045066501102,9.139948739738605,0.0622079147916715,0.0626916039635308,0.042826874224061055,0.7000000000000001
42.891774891999376,9.24030322522955,6.2952985426464645,0.04088930650829417,-0.9883323256814656,-0.16353603445196818,-0.9375746715035779,9.194020751615188,0.06504123566569844,0.06530308851139566,0.03660082403307142,0.7000000000000001
42.91418407399942,9.24030322522955,6.2952985426464645,0.04088930650829417,-0.9883323256814656,-0.14815673704034776,-0.9401122903938595,9.194020751615188,0.06504123566569844,0.06530308851139566,0.03660082403307142,0.7000000000000001
42.989081920999524,9.24178621651661,6.2620403686511565,0.04448973861181611,-0.9977452198592333,-0.14815673704034776,-0.9401122903938595,9.221488618909753,0.06659655703953267,0.0667860797984563,0.014431885400260483,0.7000000000000001
43.00148881699897,9.243396059474208,6.228641340425477,0.04829528872794267,-1.001970846770404,-0.14932953216572675,-0.8692336034271602,9.249048004134776,0.06825933802295688,0.06839592275605355,0.029035765543183274,0.7000000000000001
43.136353157000485,9.24512188185948,6.195138962685554,0.05177467155818215,-1.005071332197669,-0.14980367782012188,-0.8801652135129487,9.27667341029378,0.07002047012011192,0.07012174514132674,0.016579588529455513,0.7000000000000001
43.13818728099977,9.247045064226123,6.1614037928613525,0.05769547099929097,-1.0120550947260443,-0.12152126389151509,-0.8515467056024327,9.304433424376153,0.07197192801827333,0.07204492750796909,0.03286416497782323,0.7000000000000001
43.22871503799979,9.249280339642368,6.1274158822081075,0.0670582624873454,-1.0196373195973432,-0.15758381485917755,-0.7626945965727767,9.33228689757487,0.0742281235718624,0.07428020292421422,0.0195215329757313,0.7000000000000001
43.23341787299978,9.251565629485054,6.09317976578868,0.06855869528057061,-1.0270834925828392,-0.172450383302953,-0.690100516649385,9.36036784043055,0.07652713818244444,0.07656549276689972,0.03775395256970625,0.65
43.27462803199887,9.25394141168389,6.058797453357988,0.07127346596507861,-1.0314693729207454,-0.17872562059313551,-0.6927704385169162,9.388568700154156,0.07891381521947244,0.07894127496573589,0.05168067759216032,0.65
43.36403045299994,9.259133182480399,5.989936232840554,0.07957697731315592,-1.0323204847710097,-0.17779331936681858,-0.8284572582463572,9.444952400745851,0.08411908772576225,0.08413304576224512,0.04392849965512564,0.65
43.393186526000136,9.259133182480399,5.989936232840554,0.07957697731315592,-1.0323204847710097,-0.1740071619665384,-0.893357069369678,9.444952400745851,0.08411908772576225,0.08413304576224512,0.04392849965512564,0.65
43.47067658599917,9.261872921541675,5.955664616161186,0.08219217183826119,-1.0281485003810575,-0.1740071619665384,-0.893357069369678,9.472997016349188,0.08686303142575987,0.08687278482352134,0.052545224466844426,0.65
43.499099620999914,9.267413469235665,5.88796956786825,0.08289195026763833,-1.0098349155019637,-0.20999910191830506,-0.8828749650533252,9.528448792725017,0.09240917935571277,0.09241333251751094,0.0751404775390198,0.65
43.593711704999805,9.270151140715138,5.854780600625841,0.08213014438420119,-0.9956690172722699,-0.20556806649601211,-0.8806633244771299,9.555683279983239,0.09514883816331991,0.09515100399698362,0.05661152493606187,0.65
43.70502850599951,9.275531574716164,5.79010757073194,0.08019740820689245,-0.9608445699704468,-0.20424960198488024,-0.8081658259502797,9.608840084659922,0.10053268746294908,0.10053143799800957,0.04069408274809331,0.65
43.70698572999936,9.275531574716164,5.79010757073194,0.08019740820689245,-0.9608445699704468,-0.155110485028835,-0.7840908084979228,9.608840084659922,0.10053268746294908,0.10053143799800957,0.04069408274809331,0.65
43.70880708999903,9.278007001749462,5.758834352994556,0.07426281099896472,-0.9381965321215138,-0.20169792862020436,-0.7467990905852566,9.634659351838078,0.10300988432820855,0.10300686503130763,0.05800519151046202,0.65
43.756096097999034,9.278007001749462,5.758834352994556,0.07426281099896472,-0.9381965321215138,-0.2005633360492416,-0.7394979623984235,9.634659351838078,0.10300988432820855,0.10300686503130763,0.05800519151046202,0.65
43.82736804900014,9.280349401169717,5.7282994922285155,0.07027198260768316,-0.9160458229812116,-0.2005633360492416,-0.7394979623984235,9.659937954595073,0.10535415131404964,0.10534926445156323,0.034145004728313916,0.65
43.837369392000255,9.282637164897075,5.698469219968957,0.06863291182072288,-0.8949081677867674,-0.17711097107429075,-0.764951549186923,9.684663346386383,0.10764436186517629,0.10763702817892096,0.049896457628777084,0.65
43.86993097099912,9.284801096203187,5.668927568793178,0.0649179391833984,-0.8862495352733644,-0.1965697266208895,-0.8022242698813506,9.709228745033343,0.10981105281124948,0.10980095948503354,0.06487079020699767,0.65
43.87975837900012,9.284801096203187,5.668927568793178,0.0649179391833984,-0.8862495352733644,-0.17230944155996697,-0.8189898525962873,9.709228745033343,0.10981105281124948,0.10980095948503354,0.06487079020699767,0.65
43.94646927899885,9.286918176676346,5.639526389303413,0.06351241419477874,-0.8820353846929548,-0.17230944155996697,-0.8189898525962873,9.733723355186436,0.11193188089035669,0.1119180399581925,0.05235485901161657,0.65
43.948273005999,9.288938879118417,5.610137476499943,0.06062107326211611,-0.8816673841040656,-0.16799014582214405,-0.8242944098331679,9.758282368162396,0.11395739822255753,0.11393874240026314,0.06811538413741587,0.65
44.06978979300038,9.290740291636004,5.580777669668411,0.05404237552760621,-0.8807942049459712,-0.20048908186004594,-0.7570431728703759,9.782950886931495,0.11576466710163298,0.11574015491784984,0.01987283373584317,0.65
44.078477854000084,9.292252508376865,5.551596228334506,0.04536650222582667,-0.8754432400171568,-0.20807965264497588,-0.6404220032174449,9.807631874547157,0.11728545406938452,0.1172523716587115,0.03940866339671575,0.65
44.18910604099983,9.294425855161839,5.494011232761606,0.02867772191715711,-0.8596640558145481,-0.2014255879014983,-0.6000884515197814,9.856804021759306,0.11948294380961377,0.11942571844368466,0.04115502383428922,0.65
44.23275878399909,9.295144425425184,5.465583107564798,0.02155710790036818,-0.8528437559042485,-0.29433271146403317,-0.6023410567245091,9.881284945030835,0.12021879232819932,0.12014428870702965,0.06023627584009501,0.65
44.311102903000574,9.295594827031668,5.4373259872276485,0.013512048194504947,-0.8477136101144858,-0.29921563005947627,-0.606094775880412,9.905767517845666,0.12069217668436884,0.12059469031351355,0.01881911805103377,0.65
44.427232830999856,9.295797025863141,5.4092541322663825,0.0060659649442008695,-0.8421556488379702,-0.33018273407400606,-0.6272185921070996,9.930228091752696,0.12092489282784803,0.12079688914498732,0.016855391135277262,0.65
44.43014913099978,9.29577300893133,5.381400477176754,-0.0007205079542986041,-0.8356096526888461,-0.32176910037979867,-0.6628235184814601,9.954625790108157,0.12093723599064639,0.1207728722131769,0.033399155893379426,0.65
44.465912010000466,9.295599830091824,5.353750320404971,-0.0051953651852021795,-0.8295047031535039,-0.3664245302421652,-0.6647460349967349,9.978935035885835,0.12081678747231193,0.12059969337366994,0.04962965134895041,0.65
44.550398940999,9.295338489409177,5.326314311755509,-0.007840220479398672,-0.8230802594838406,-0.3897173518342498,-0.6573098758140962,10.003116153852213,0.12061294918423184,0.12033835269102333,0.03341749661791838,0.65
44.567641650999576,9.295063992217216,5.299070279086659,-0.008234915758866732,-0.8173209800655146,-0.4219272641046732,-0.6394521675890363,10.027151838450605,0.1204280567654833,0.12006385549906184,0.04980740503238022,0.65
44.68497469199974,9.294865817975237,5.2719915938076145,-0.005945227259335635,-0.8123605583713354,-0.5572880697207383,-0.7089922323193013,10.051022183194414,0.12032607976824478,0.11986568125708352,0.015295694779131666,0.65
44.78674557799968,9.294449801833508,5.245347730476793,-0.012480484251863693,-0.7993158999246507,-0.6185566328479668,-0.734577116586696,10.074630490557482,0.12005405888615413,0.11944966511535426,0.01680818148429488,0.65
44.81186986300054,9.293787129952934,5.219250236676917,-0.019880156417247344,-0.7829248139962637,-0.6333480141923441,-0.6907372344217764,10.097890795159604,0.1195485228520606,0.11878699323477981,0.03307620756830712,0.65
44.834120997000355,9.292817771307067,5.193702648767146,-0.0290807593759942,-0.7664276372931424,-0.6339343902937212,-0.668041116019754,10.1208267196133,0.11880091043385041,0.11781763458891348,0.048755819597646556,0.65
44.904837648000466,9.291520013466082,5.168658073369507,-0.03893273522954627,-0.7513372619291646,-0.6339343902937212,-0.668041116019754,10.143487979550471,0.11774694298880911,0.11651987674792785,0.03134065716715903,0.65
44.916774745999646,9.291520013466082,5.168658073369507,-0.03893273522954627,-0.7513372619291646,-0.6388718876042648,-0.6976926539782999,10.143487979550471,0.11774694298880911,0.11651987674792785,0.03134065716715903,0.65
44.94067510000059,9.289896436913606,5.144025197236258,-0.04870729657427819,-0.7389862839974692,-0.7633737222231772,-0.6877661252389073,10.165952043726916,0.11646680207205856,0.11489630019545238,0.046206697230952026,0.65
45.04695426699982,9.287706603513483,5.119657142998558,-0.06569500200373095,-0.7310416271309927,-0.7836207093954601,-0.6899129778372579,10.188460411817115,0.11464443800515593,0.11270646679532881,0.02933849687918785,0.65
45.04907365500003,9.285001143653501,5.0953919575163065,-0.08116379579943304,-0.7279555644675496,-0.8151133171529388,-0.7029400507403554,10.21113020117656,0.11248263315046707,0.11000100693534698,0.04325116709962255,0.65
45.05039321500044,9.281876139354784,5.071161158437601,-0.09375012896151184,-0.7269239723611638,-0.825358679928553,-0.7410512762657095,10.233975198495676,0.10990959385281376,0.10687600263663022,0.05528547855567321,0.65
45.147459924999566,9.274193020635327,5.022700952762272,-0.1271927595514331,-0.7271611336899602,-0.960101901473272,-0.735788281335116,10.280358505181992,0.10397226426948265,0.09919288391717274,0.0371814262367866,0.65
45.17188633399928,9.268990265456923,4.998364286257903,-0.15608265535209945,-0.7300999951310615,-0.9615779290013523,-0.7374290095315947,10.304291713694619,0.10012596076907847,0.09399012873876877,0.04829699552317473,0.65
45.26789834900046,9.268990265456923,4.998364286257903,-0.15608265535209945,-0.7300999951310615,-0.9633380256976193,-0.7304098668348091,10.304291713694619,0.10012596076907847,0.09399012873876877,0.0,0.65
45.270272574000046,9.262894173412038,4.9738572888428205,-0.18288276134655296,-0.7352099224524914,-0.967487173939782,-0.7225791808898527,10.328798263206544,0.09545257206027111,0.08789403669388385,0.014886865468663107,0.65
45.38394540199988,9.256024857482652,4.949107431961943,-0.20607947788156555,-0.742495706426311,-0.9832817821511162,-0.6894451095376504,10.353884776889306,0.09069058077513563,0.08102472076449807,0.016667010923959544,0.65
45.41836182299994,9.248164417041615,4.924159544757124,-0.2358132132311392,-0.7484366161445577,-0.9833368130786881,-0.6824678179951088,10.379612544990922,0.0851675330161887,0.07316428032346067,0.03294347623737774,0.7000000000000001
45.505246325999906,9.23942874876013,4.898991231153426,-0.26207004844456877,-0.7550494081109419,-0.9783614771561787,-0.6809227563058255,10.405946148850235,0.0797202968395077,0.0644286120419757,0.032561857201573424,0.7000000000000001
45.536833611000475,9.229555968201785,4.8736178029692585,-0.2961834167503441,-0.7612028455250137,-0.9870911113506338,-0.6611387961884407,10.432993506782445,0.073694601541269,0.05455583148363097,0.04838255929633154,0.7000000000000001
45.55178283299938,9.229555968201785,4.8736178029692585,-0.2961834167503441,-0.7612028455250137,-0.9870911113506338,-0.6611387961884407,10.432993506782445,0.073694601541269,0.05455583148363097,0.04838255929633154,0.7000000000000001
45.627706650999244,9.205635281236965,4.8221626401258035,-0.381575185945953,-0.7747435565765359,-0.9841335226794208,-0.6509253823936555,10.489665012599295,0.06131469458057922,0.03063514451881133,0.05286520636326598,0.7000000000000001
45.66056170400043,9.205635281236965,4.8221626401258035,-0.381575185945953,-0.7747435565765359,-0.9427631750251684,-0.5835570271104213,10.489665012599295,0.06131469458057922,0.03063514451881133,0.05286520636326598,0.7000000000000001
45.74997152399919,9.191459529606181,4.796075327790302,-0.42527254892353095,-0.7826193700650471,-0.9392157198984555,-0.5772770408724601,10.519352824943477,0.055402463429116165,0.016459392888027224,0.021742070338838793,0.75
45.75218119099918,9.175986558520625,4.769659267366958,-0.46418913256667066,-0.7924818127003226,-0.9035132730899547,-0.5799218576333697,10.549936803550096,0.05045309538462072,0.00447402411976721,0.04347993565193607,0.75
45.865322654999545,9.159415891930617,4.742860088037613,-0.4971199977002349,-0.8039753798803372,-0.80035826660008,-0.4304072325445645,10.581372248482102,0.04713303925312338,0.011706674839204689,0.023062263977161542,0.75
45.884306264999395,9.14166958399676,4.715938812124881,-0.5323892380157274,-0.807638277381974,-0.7068209459639287,-0.33144788431080224,10.613465263147896,0.04622243753288229,0.018194356914236997,0.04601551412244393,0.7905694150420949
45.99217080999915,9.122928381537752,4.688856399115625,-0.5622360737702407,-0.8124723902776456,-0.6694522611587566,-0.2971041327936068,10.64616671726351,0.045896330283867054,0.02409248345762217,0.023960993009502222,0.8
45.9940968560004,9.103379439141381,4.661556356099165,-0.5864682718911248,-0.8190012904937933,-0.6434245787303856,-0.29858951368201553,10.67943984712153,0.04700594636753738,0.029573339267745722,0.04801585188944748,0.8
46.01581582600011,9.083036389160547,4.634119926064332,-0.61029149942503,-0.8230929010450088,-0.599148340815529,-0.2266820503452366,10.71320724370716,0.04842853020556144,0.03458911640546194,0.07082164343091162,0.7826237921249265
46.106958375999966,9.040389507523614,4.578684015905305,-0.6480652125732079,-0.8351950221420884,-0.5625978580582109,-0.19574684095519915,10.782166591393135,0.05296332036646954,0.043632325198223215,0.0949336828767805,0.7632168761236874
46.22286264200011,9.040389507523614,4.578684015905305,-0.6480652125732079,-0.8351950221420884,-0.4229284042396683,-0.05744351521295413,10.782166591393135,0.05296332036646954,0.043632325198223215,0.0,0.7632168761236874
46.2405221730005,9.018229588236828,4.550896266050855,-0.6647975786035469,-0.8336324956334871,-0.4071520536303171,-0.03263998597406577,10.817105557384247,0.0556009624371281,0.04761180235598676,0.02988632662418267,0.7632168761236874
46.345830733000184,8.972871918654356,4.495753792840723,-0.6842119245125304,-0.8250750477014159,-0.3888247206950315,-0.021276514635951455,10.887101890322162,0.061236773735581916,0.0545307033536834,0.06681998740691535,0.7810249675906654
46.349449846000425,8.950034872606901,4.4685724844041035,-0.6851113814236406,-0.815439253098591,-0.3681190167733357,-0.019563666115180844,10.921837611022365,0.06435684710931051,0.057602560748315774,0.09954816806025585,0.7810249675906654
46.46695347899913,8.927271185820892,4.441739994045503,-0.6829106035802437,-0.8049747107580122,-0.31030382017900704,0.05722819581519753,10.95623611135042,0.0675734830708275,0.06047963934581146,0.03284741947901605,0.7778174593052023
46.468963691999306,8.90466167896359,4.415273659689552,-0.6782852057190479,-0.7939900306785279,-0.30587469059105576,0.05426164144421346,10.990244062655407,0.07119762104222653,0.06320682822397293,0.06529830351383757,0.7778174593052023
46.5877212510004,8.838420294789021,4.338256729418742,-0.6526184127105116,-0.7575478963056866,-0.2743060729330117,0.10034122768341239,11.089447807489178,0.0841498990207793,0.07082628993961308,0.0949874094338752,0.7905694150420949
46.70457025500036,8.817061586121895,4.313392337277556,-0.6407612600137784,-0.7459317642355574,-0.2970860607635492,0.13122795146226196,11.121471477681654,0.08980991102307793,0.0733051824968146,0.02159313686835732,0.7905694150420949
46.70662039299896,8.817061586121895,4.313392337277556,-0.6407612600137784,-0.7459317642355574,-0.33062333563342605,0.1335876996810041,11.121471477681654,0.08980991102307793,0.0733051824968146,0.02159313686835732,0.7905694150420949
46.72795826000038,8.796134196152433,4.288819939893979,-0.627821699083861,-0.7371719215073363,-0.43276005408177176,0.13926211108309933,11.153037552032432,0.09628745062974796,0.07588259195681071,0.04295822612277057,0.8062257748298549
46.75991233700006,8.775630455979364,4.265268200573614,-0.6151122051920639,-0.7065521796109434,-0.5000401846887392,0.14419634871761242,11.18350842123987,0.10314545372546381,0.07803785282291392,0.06366164871866631,0.8062257748298549
46.83448259599936,8.755728272346726,4.242793397323293,-0.5970655089791302,-0.6742440975096362,-0.5000401846887392,0.14419634871761242,11.212749988599914,0.11131656844397361,0.07985696959999124,0.07186542095781567,0.8
46.968523567000375,8.718788360050334,4.201504922125547,-0.5382156696739521,-0.5997156887944148,-0.737723475460776,0.15964664346349788,11.266660708507846,0.12911957532027954,0.08555083278668522,0.03505502971787655,0.8
46.97018730200034,8.718788360050334,4.201504922125547,-0.5382156696739521,-0.5997156887944148,-0.7805569071096488,0.1103881675074464,11.266660708507846,0.12911957532027954,0.08555083278668522,0.03505502971787655,0.8
47.06288349100032,8.686316936284243,4.166355951966453,-0.4705679504986938,-0.5015274845669428,-0.9410412818628828,0.17694074201571247,11.313056544868637,0.14894756343395377,0.10923192361191618,0.040494167839953396,0.75
47.09682036400045,8.686316936284243,4.166355951966453,-0.4705679504986938,-0.5015274845669428,-1.073945657674118,0.20136129825440496,11.313056544868637,0.14894756343395377,0.10923192361191618,0.040494167839953396,0.75
47.18186523899931,8.671548525674064,4.151295468618376,-0.44305231830536856,-0.4518145004423016,-1.109943050480337,0.2092257832336628,11.33334933997204,0.15784727050642666,0.12370459508408782,0.017607374929192093,0.75
47.183808056999624,8.657468776711623,4.13793193426277,-0.42239246887325305,-0.4009060306681879,-1.1481855995639443,0.17698785092209735,11.351825679724401,0.16665452937080452,0.13706812943969382,0.03341740471814353,0.7000000000000001
47.20862854400002,8.643740249131445,4.126132804523993,-0.41185582740529214,-0.35397389216330455,-1.1820378481120146,0.2643256804579043,11.368764106178851,0.17407591566882266,0.14886725917847077,0.047624733904044494,0.7000000000000001
47.301178739000534,8.62988918369419,4.115775904016399,-0.41553196311769663,-0.31070701522782923,-1.160061111863917,0.3037350487371097,11.384500126992197,0.18007953318143052,0.1592241596860653,0.01195851392745891,0.7000000000000001
47.30437300899939,8.615788630304479,4.106686549899451,-0.42301660169132294,-0.27268062350844074,-1.0608836074665244,0.3192725679906121,11.399249451584877,0.18516899879642684,0.16831351380301296,0.02268903838584912,0.7000000000000001
47.322069367999575,8.615788630304479,4.106686549899451,-0.42301660169132294,-0.27268062350844074,-1.0272930499897368,0.3182273476453744,11.399249451584877,0.18516899879642684,0.16831351380301296,0.02268903838584912,0.7000000000000001
47.424038986000596,8.585093428586884,4.091857258516111,-0.4755143561597786,-0.20721145295353594,-0.9597933409690692,0.3236526422917521,11.42703441953914,0.19244793376508618,0.18314280518635329,0.023193650724311624,0.65
47.42695615999946,8.585093428586884,4.091857258516111,-0.4755143561597786,-0.20721145295353594,-0.9452798032133322,0.25545479026102824,11.42703441953914,0.19244793376508618,0.18314280518635329,0.023193650724311624,0.65
47.445200103999014,8.549968000358852,4.08031170225992,-0.5447255356626949,-0.16371011790924436,-0.8267525890165889,0.29792444455583994,11.454126277499746,0.1955346720485309,0.1911849666095524,0.04437089534908686,0.65
47.583087856999555,8.530339742754842,4.075518733109824,-0.588847728120294,-0.14378907450286388,-0.7045427935200439,0.28200584611783697,11.467839380256782,0.19565963705506811,0.18286908685584358,0.03227978711363908,0.65
47.661385710000104,8.485980123305811,4.068091267137375,-0.6918215644209675,-0.10283827909233166,-0.7530462836065032,0.2794046561850449,11.495930236409876,0.19070088359209522,0.16834170705125942,0.03876761297358749,0.65
47.687651823000124,8.4612593645446,4.065237899185207,-0.7416227628363297,-0.08560103856506113,-0.8555475848594509,0.2668509685715926,11.510510256886306,0.18726444058797106,0.16382515492500585,0.051824803013984615,0.65
47.786400142000275,8.434998105598465,4.062840787841702,-0.7878377683840688,-0.07191334030515073,-0.9164493801141348,0.2606938075471323,11.525485304913937,0.18492700200380624,0.16246719703144546,0.017862780839518765,0.65
47.788495103999594,8.407433057920308,4.060907933781612,-0.8269514303447216,-0.057985621802688014,-0.8914802597518613,0.2265731388053771,11.54074035337714,0.18192547963597058,0.16409212917579374,0.03614918375128868,0.65
47.81303763100004,8.379077430322267,4.059557336765662,-0.8506688279412109,-0.04051791047850782,-0.7501803112890403,0.22534176205688428,11.555926787668062,0.17968423915045073,0.16544272619174372,0.053574801432114655,0.65
47.9008380439991,8.350161064773117,4.058715690735865,-0.8674909664745277,-0.02524938089390496,-0.7167582215958438,0.2189990594243892,11.570999885944392,0.17728624475206323,0.1662843722215408,0.0173802300468488,0.65
47.90273007599899,8.321140772138731,4.058349293981349,-0.8706087790315733,-0.010991902635472233,-0.6907558922793801,0.18925939580817663,11.585765528316298,0.1752390202419558,0.1666507689760568,0.034432394394187174,0.65
48.02104655000039,8.263433175002886,4.058737288105337,-0.8630314718791949,0.010511292609236514,-0.5200611050419786,0.1834036592072854,11.614321725866864,0.17137879575332898,0.1662627748520693,0.03460854645765726,0.65
48.047488166999756,8.263433175002886,4.058737288105337,-0.8630314718791949,0.010511292609236514,-0.46229133569492464,0.16447540843180344,11.614321725866864,0.17137879575332898,0.1662627748520693,0.03460854645765726,0.65
48.13692308499958,8.234877963176702,4.059350255794334,-0.8566563547854977,0.018389030669932922,-0.4766692992529364,0.16171630843387155,11.628168548513887,0.16952135397417692,0.16564980716307165,0.017431333980780797,0.651920240520265
48.14781309299906,8.178111635820937,4.060966917933999,-0.8515481617825736,0.025904995592535333,-0.4526269497613424,0.15549282961069258,11.655511443974262,0.16630509040796365,0.16403314502340738,0.05040639314905344,0.6576473218982953
48.19909429799918,8.149550356417812,4.061878891653753,-0.8568383820937362,0.02735921159263329,-0.5410542927360747,0.15887880123757703,11.669264173315893,0.16490969121967525,0.16312117130365333,0.0649377960824692,0.6670832032063168
48.263333651999346,8.120907125409069,4.062808050486825,-0.8592969302622956,0.027874764992157845,-0.5686286761346653,0.1781452832451655,11.683097784164787,0.16353644418649846,0.16219201247058113,0.03142594024884238,0.6670832032063168
48.286491941998975,8.064782241848953,4.064725482341413,-0.832211176110442,0.029315343617859493,-0.6223399236723077,0.23977931165062982,11.710277026316222,0.16107378113978557,0.16027458061599287,0.05921142310366173,0.6800735254367722
48.38759145599943,8.037847298117098,4.065712887252423,-0.808048311955626,0.029622147330290383,-0.6606937152665764,0.26575381188390823,11.723336267547658,0.15990964563245252,0.15928717570498296,0.015371583805710855,0.696419413859206
48.40058227599911,8.011933803993964,4.0667470373400825,-0.7774048236940257,0.031024502629775977,-0.6501013013974849,0.24859733282743518,11.735872997765245,0.15873991092869627,0.15825302561732357,0.030092882405301596,0.696419413859206
48.40367370700005,8.011933803993964,4.0667470373400825,-0.7774048236940257,0.031024502629775977,-0.6440926857451439,0.2557018798727343,11.735872997765245,0.15873991092869627,0.15825302561732357,0.030092882405301596,0.696419413859206
48.42443650699897,7.987004079640041,4.067804652346663,-0.7478917306176863,0.03172845019739945,-0.6202781303820463,0.2865861768634763,11.747921629625163,0.15758043533425625,0.15719541061074338,0.04334393473206282,0.7158910531638177
48.49938558199938,7.9399334995447,4.069963252373587,-0.6927978908530985,0.0323514220632401,-0.6239779194912758,0.28608561467872645,11.770643841726237,0.1552843750202773,0.15503681058381868,0.040134470375292226,0.73824115301167
48.51312022499951,7.9399334995447,4.069963252373587,-0.6927978908530985,0.0323514220632401,-0.6364452925257745,0.28050764506353876,11.770643841726237,0.1552843750202773,0.15503681058381868,0.040134470375292226,0.73824115301167
48.54858735800008,7.917507378399116,4.071048767558501,-0.6727836343675033,0.03256545554742324,-0.6465634893078275,0.27841107183040786,11.781471802743459,0.1541493056367351,0.15395129539890462,0.05077628242046584,0.73824115301167
48.6510709260001,7.853152761052916,4.074243415706745,-0.634355911831583,0.033337765852535804,-0.7397721034652844,0.2776030991782708,11.812658274674687,0.1508659180912385,0.1507566472506614,0.03945902149367669,0.7632168761236874
48.74098090900043,7.853152761052916,4.074243415706745,-0.634355911831583,0.033337765852535804,-0.7832980090824239,0.2830990062146645,11.812658274674687,0.1508659180912385,0.1507566472506614,0.03366262960168352,0.7632168761236874
48.743021459000374,7.832112765327616,4.075412885097326,-0.6311998717590251,0.03508408171743957,-0.7702048098991486,0.28431764985211155,11.822806655394553,0.14967571334668706,0.1495871778600799,0.0430595832114746,0.7905694150420949
48.79787653499989,7.811026576865261,4.076740894694063,-0.6325856538706408,0.03984028790210135,-0.7608686538504303,0.2927358811929346,11.832874114474192,0.14833218053630265,0.14825916826334318,0.05227699203814064,0.7905694150420949
48.88159789199926,7.768647072874735,4.079948529491154,-0.6373329437073996,0.05039773810263397,-0.7722135231583718,0.2981411850854295,11.85274066870039,0.14510008845454206,0.1450515334662521,0.027936340257648084,0.8200609733428363
48.892548286999954,7.768647072874735,4.079948529491154,-0.6373329437073996,0.05039773810263397,-0.7820770593165985,0.2976053610643305,11.85274066870039,0.14510008845454206,0.1450515334662521,0.027936340257648084,0.8200609733428363
49.01225106200036,7.725786036490955,4.0837926909143905,-0.644382408274654,0.059321207598803535,-0.7641704020146249,0.2971381963097658,11.87244762090672,0.14123966791559478,0.1412073720430156,0.018937486193629678,0.8514693182963202
49.099252550999154,7.704128252195403,4.085931512797914,-0.6497335288665598,0.06416465650570305,-0.7796695070682067,0.29461525184273374,11.882286946574673,0.1390956921390993,0.13906855015949215,0.008487875457675915,0.8514693182963202
49.10103396100021,7.682134048278202,4.08815032292243,-0.6598261175160147,0.06656430373546798,-0.7961060555218413,0.2677197453620649,11.89227216854156,0.13687175849044897,0.13684974003497619,0.017066535956778983,0.8845903006477066
49.138615793999634,7.6597739957954065,4.090366302349588,-0.6708015744838679,0.06647938281475353,-0.822438066200863,0.2944455851775931,11.902490401019936,0.13465199113173726,0.13463376060781762,0.025606044332446915,0.8845903006477066
49.22214459799943,7.637024856118575,4.092686851092042,-0.6824741903049396,0.06961646227360507,-0.8291245300932171,0.29579831031618237,11.91286548949224,0.13232826230014796,0.13231321186536427,0.009146077318455209,0.9
49.223920163,7.637024856118575,4.092686851092042,-0.6824741903049396,0.06961646227360507,-0.8363360021163906,0.26870627415543735,11.91286548949224,0.13232826230014796,0.13231321186536427,0.009146077318455209,0.9
49.2577500389998,7.613898742511087,4.095047771529134,-0.6937834082246571,0.07082761311277465,-0.8316232954100162,0.29705314164933694,11.923446591333539,0.12996478956345428,0.12995229142827203,0.018442042392646817,0.9
49.34539474200028,7.5903803010110185,4.097514940536458,-0.7055532450020527,0.07401507021972314,-0.8354418251443193,0.2964374058696423,11.934188535055778,0.1274957726949573,0.12748512242094812,0.008413250512315491,0.9
49.35743842900047,7.566515500399577,4.100153960671528,-0.7159440183432428,0.07917060405209998,-0.8501762802359879,0.268828670761748,11.945013207058095,0.12485524495080788,0.12484610228587822,0.016829475395857624,0.8500000000000001
49.45937795300051,7.566515500399577,4.100153960671528,-0.7159440183432428,0.07917060405209998,-0.8685826119524331,0.2859456205213996,11.945013207058095,0.12485524495080788,0.12484610228587822,0.0,0.8500000000000001
49.461429273998874,7.542369291380365,4.102906328358517,-0.7243862705763435,0.08257103060966833,-0.834568893132628,0.28214568407349666,11.955935864256109,0.12210202496107092,0.12209373459888884,0.012415196856880317,0.8500000000000001
49.601420364999285,7.517918797967006,4.105701529105808,-0.7335148024007624,0.08385602241872848,-0.7430208540543821,0.24727779949909706,11.967029492546347,0.11930621065764448,0.11929853385159817,0.010351703472115913,0.8500000000000001
49.603387879000366,7.493150341512581,4.108573348065031,-0.7430536936327499,0.08615456877669611,-0.7748748349250124,0.22336479564382006,11.978274873739196,0.11643438980606148,0.11642671489237522,0.02080365178749091,0.8500000000000001
49.62293455299914,7.468074221533867,4.111509374368719,-0.7522835993613967,0.0880807891106524,-0.8155902895785061,0.2487252083876947,11.989678248785811,0.11349860546230586,0.11349068858868705,0.031035627852520006,0.8500000000000001
49.69871753799998,7.4426743360167205,4.114497987629241,-0.7619965655144043,0.08965839781565434,-0.846987993348855,0.24231121280844395,12.001259743684864,0.1105108849044075,0.11050207532816536,0.019832903758375726,0.8500000000000001
49.74587402100042,7.390914326052405,4.1207567757028745,-0.7811270381273752,0.09458473924194158,-0.8997893189140824,0.2263665226011364,12.024854506814165,0.10425539084153135,0.10424328725453158,0.03713061408061229,0.8500000000000001
49.8220599719989,7.364573178582937,4.123877628039158,-0.7902344240840548,0.09362557008849483,-0.9324150074775455,0.20538944362088926,12.036984341894026,0.1011372419600694,0.10112243491824824,0.027527168415980307,0.8500000000000001
49.8336253439993,7.337965991135159,4.127059995663161,-0.7982156234333186,0.0954710287200934,-0.963308618655833,0.18350251726959,12.049258743472427,0.09795858997667939,0.0979400672942452,0.035081661489833334,0.8500000000000001
49.94026302400016,7.311318631094801,4.13023254039117,-0.7994208012107303,0.09517634184029888,-0.9805655989041191,0.16858099778692667,12.061610917584584,0.09479103954431331,0.09476752256623566,0.02113167492460735,0.8500000000000001
49.94232623700009,7.284693823120069,4.133327623604787,-0.7987442392419765,0.09285249640850302,-0.96359639662862,0.13358353602326165,12.074061311050938,0.0917021550784369,0.09167243935261915,0.029355159928952254,0.8500000000000001
49.95121604999986,7.284693823120069,4.133327623604787,-0.7987442392419765,0.09285249640850302,-0.9343437126315187,0.12407080023058674,12.074061311050938,0.0917021550784369,0.09167243935261915,0.029355159928952254,0.8500000000000001
49.986406279998846,7.258109100172239,4.136282347194722,-0.7975416884349031,0.08864170769806504,-0.9234237057206379,0.14508023922951857,12.086651337321245,0.08875608994582528,0.08871771576268372,0.03739344581054949,0.8500000000000001
50.06168449100005,7.231444812137098,4.139088110366398,-0.7999286410542314,0.08417289515026706,-0.9422148815523396,0.1432430579095546,12.09945519607236,0.08596043873651739,0.08591195259100814,0.015722220960202288,0.8500000000000001
50.08087728300052,7.204617482338681,4.1417917838991976,-0.8048198939525126,0.08111020598398178,-0.974143028070086,0.13636489782079597,12.112481617739896,0.0832716809386129,0.08320827905820849,0.02265928514686609,0.8500000000000001
50.17888151099942,7.177548999852751,4.144317284025829,-0.812054474577907,0.07576500379893954,-0.9976712565375441,0.13272485451771782,12.125837958285047,0.08076275643618046,0.08068277893157738,0.015081772301967495,0.8321658488546619
50.23409004600035,7.122447361366392,4.148812209630844,-0.8323991943335345,0.0647850673897505,-1.0108583321166336,0.13370198343290066,12.153698172329893,0.07632262708767776,0.0761878533265623,0.028708703399584447,0.8062257748298549
50.297221490000084,7.094271873691885,4.1507523717474815,-0.8452646302352012,0.058204863499133584,-1.0055301951140267,0.14143082336164742,12.168309453166982,0.07442709261255095,0.07424769120992458,0.021753619896490935,0.8
50.419570022999324,7.0656586576031435,4.152364610486855,-0.8583964826622424,0.048367162181216346,-0.9374442606088373,0.16775003798704416,12.183489153934843,0.07286900261328079,0.07263545247055081,0.011148065572972612,0.8
50.43742674299938,7.036792990266971,4.153639664572049,-0.8659700200851921,0.03825162255581703,-0.839257317759755,0.16500173787585512,12.199138378775617,0.07166739440851648,0.07136039838535702,0.022710018665706582,0.8
50.5110625289999,7.007761788467523,4.1545870647793475,-0.870936053983435,0.028422006218965186,-0.8017132423593529,0.1671390556061842,12.215198782712283,0.07082008213776503,0.07041299817805857,0.032026631887982784,0.8
50.54172048500004,6.978593725683263,4.155168077722867,-0.8750418835278089,0.017430388305594017,-0.7776651655788865,0.16843194256343932,12.231684646287283,0.0703582623111187,0.06983198523453904,0.024508063552517344,0.7905694150420949
50.629637948999516,6.949157142674574,4.155525000424982,-0.883097490260675,0.010707681063445912,-0.7365824573944766,0.18857808629436912,12.24855651035397,0.07018469787595248,0.0694750625324243,0.034064565890937926,0.7762087348130012
50.70664883400059,6.91941799127934,4.155594702966072,-0.8921745418570317,0.0020910762327150823,-0.704199588536568,0.20613227865230555,12.265885809660844,0.07032997174431119,0.06940535999133424,0.02676925930911458,0.7762087348130012
50.78096870099944,6.858943152678507,4.154868172372426,-0.9120109217532426,-0.01584475452134077,-0.6886326991890235,0.21510652599387675,12.301973473188456,0.0717900179679828,0.07013189058497993,0.02979174763529443,0.7648529270389178
50.786100041999816,6.858943152678507,4.154868172372426,-0.9120109217532426,-0.01584475452134077,-0.6671537961896798,0.24608551867017217,12.301973473188456,0.0717900179679828,0.07013189058497993,0.02979174763529443,0.7648529270389178
50.8963651189988,6.858943152678507,4.154868172372426,-0.9120109217532426,-0.01584475452134077,-0.6560294586755646,0.27313907063814075,12.301973473188456,0.0717900179679828,0.07013189058497993,0.0,0.7648529270389178
50.898115215999496,6.828278993380293,4.154283748104604,-0.9199247789464324,-0.0175327280346597,-0.6353587798770389,0.2721340551679748,12.32051939494965,0.07289324669359977,0.07071631485280161,0.01650751589825865,0.7566372975210779
50.94775733300048,6.797380643381687,4.153588254834124,-0.9269504999581843,-0.020864798114417937,-0.5934572893705964,0.298317709288137,12.339341800599826,0.07437796469833961,0.0714118081232824,0.03252854231806097,0.7516648189186454
51.14005264699881,6.736031082029421,4.152063294143094,-0.9146333971049071,-0.02247270558363443,-0.6291865129951328,0.36470712132263583,12.376973900294526,0.07816541719535382,0.0729367688143121,0.027937050888293503,0.75
51.14220494700021,6.705959690991379,4.1513076738529895,-0.902141731141266,-0.022668608703124173,-0.6730936331903431,0.33984424067529706,12.395495596852138,0.0806144950885706,0.07369238910441656,0.03913031048006545,0.75
51.16796624299968,6.705959690991379,4.1513076738529895,-0.902141731141266,-0.022668608703124173,-0.6596590291849618,0.4665503085583929,12.395495596852138,0.0806144950885706,0.07369238910441656,0.03913031048006545,0.75
51.195637266999256,6.6474813966245945,4.150324636359139,-0.8687933238074633,-0.011669239790351655,-0.669801550199328,0.5018312698784011,12.431253893935978,0.08651898399298988,0.07467542659826698,0.05641348170631507,0.75
51.25910888500039,6.6190884264364405,4.150089846917435,-0.851789105644633,-0.007043683251115769,-0.6297749997592719,0.5407058042097203,12.448483844464462,0.0899290003876885,0.07491021603997083,0.04571023006745593,0.75
51.2907940669993,6.591271184837951,4.150077938660596,-0.8345172479546893,-0.0003572477051678397,-0.628222960315426,0.5721711139040305,12.465229939570847,0.09441618767328329,0.07492212429681011,0.05577569300241713,0.75
51.369553225000345,6.564010483254723,4.150221058790825,-0.8178210474968306,0.004293603906869344,-0.6510053643663551,0.5662182907425778,12.481555951700264,0.09912688490352736,0.07558221415021305,0.015790362368834777,0.75
51.37174990699896,6.537446459178096,4.150714546434379,-0.7969207222988131,0.014804629306645263,-0.6503652098358625,0.5922274607007062,12.497219574542585,0.10484076728887753,0.08323829498488881,0.030889675795000526,0.75
51.39983184799894,6.511515606648629,4.15160213597557,-0.7779255758839976,0.02662768623571943,-0.6426996789762416,0.7486796799973433,12.51222264224319,0.11122368337069924,0.0970439916956022,0.045299478643128034,0.75
51.4906411489992,6.461073321065492,4.154591590589357,-0.7514780724077804,0.051210027696954985,-0.6456262966573773,0.8170911503609632,12.540508332444634,0.120746557148228,0.1204084731131072,0.031225694792327265,0.75
51.50178289699943,6.436175397093116,4.157052187131422,-0.7469377191712765,0.07381789626194821,-0.7231488460589012,0.7938369500833646,12.553741225369786,0.12413372107454593,0.11794787657104244,0.04552655190662426,0.75
51.53991702699932,6.411393758921974,4.160448868350483,-0.7434491451342827,0.10190043657184492,-0.6392135635211678,0.9236089885997959,12.566198415949795,0.12660791008453537,0.11455119535198133,0.056737469069173325,0.75
51.54847647399947,6.411393758921974,4.160448868350483,-0.7434491451342827,0.10190043657184492,-0.6392135635211678,0.9236089885997959,12.566198415949795,0.12660791008453537,0.11455119535198133,0.056737469069173325,0.75
51.61512665999908,6.386697764737305,4.164846493900825,-0.7408798255400377,0.13192876651026564,-0.624071425918499,0.9351486468117602,12.577849838595753,0.12839183064737764,0.11015356980163915,0.025760492813223245,0.75
51.644635857999674,6.362016522314596,4.170193635214235,-0.7404372726812765,0.1604142394023198,-0.5778672732799526,0.9653391875084409,12.588782417020012,0.13028432775467574,0.10480642848822885,0.037491482059169724,0.75
51.72606006599926,6.337339218940914,4.176342801477269,-0.7403191012104405,0.18447498789102879,-0.5385149100240872,0.9628868063702363,12.599121977169077,0.13141066363941986,0.09865726222519466,0.02678004107977045,0.75
51.75266400200053,6.312691520881242,4.183482625697634,-0.7394309417901744,0.214194726610937,-0.4751624539829649,0.9608187488266067,12.608706919577264,0.13371687463655296,0.09234144485190936,0.039163840553446044,0.75
51.8699660479997,6.26324879154462,4.201234167523918,-0.7432401097233147,0.2851905988484937,-0.45813316211473737,0.9584836977203052,12.625380568894656,0.13699890446412885,0.0962009918078621,0.034991333306861924,0.8
51.87190565899982,6.238403736278848,4.21210503691586,-0.7453516579731612,0.32612608175827257,-0.5080455358563356,0.9263495508156162,12.6323063062427,0.14070914583077956,0.10570637189106706,0.05040417548641555,0.8
51.967629016999126,6.2134048313920545,4.224260394423358,-0.7499671466037872,0.36466072522494974,-0.26474160758701076,0.9395183951499573,12.63837869786569,0.1440740333213086,0.11478813133745722,0.014806995787396884,0.8
51.97889326599943,6.1630281941051495,4.252432511163808,-0.7568406207697786,0.44244507963702595,-0.25442860721032634,0.9377498460803371,12.647928956740438,0.1508953633983752,0.1304890983888517,0.04186297194336078,0.8321658488546619
51.99981423799909,6.1630281941051495,4.252432511163808,-0.7568406207697786,0.44244507963702595,-0.20001591969865395,0.9332457283334799,12.647928956740438,0.1508953633983752,0.1304890983888517,0.04186297194336078,0.8321658488546619
52.057945942000515,6.137644294357998,4.2683443691137075,-0.7615169924145258,0.4773557384969849,-0.17788020847182412,0.9310920398753845,12.651504291091548,0.15416868428248237,0.1371868433753707,0.05293102383863119,0.8500000000000001
52.089743143000305,6.112300198201173,4.285463958899955,-0.7603228847047441,0.5135876935874182,-0.19236670652068294,0.9232998992306287,12.654187679409088,0.1575638028937158,0.14300244760191816,0.034907082444652605,0.8500000000000001
52.10596747499949,6.0869753546265155,4.30365988323442,-0.7597453072397166,0.5458777300339528,-0.09033306062041507,0.9039735195308165,12.65609906925169,0.16080452804049222,0.1480433547391893,0.04947846947207438,0.8514693182963202
52.14466928299953,6.061608995192453,4.322771125383863,-0.7609907830218698,0.5733372644832583,-0.03260601296846288,0.9143555043082342,12.657406306696425,0.16375761230723157,0.15246639058826109,0.06211450406059241,0.8514693182963202
52.14896029599913,6.061608995192453,4.322771125383863,-0.7609907830218698,0.5733372644832583,-0.03260601296846288,0.9143555043082342,12.657406306696425,0.16375761230723157,0.15246639058826109,0.06211450406059241,0.8514693182963202
52.217281843999444,6.036135512352828,4.342628797681847,-0.7642044851887504,0.5957301689395327,0.003059407935266434,0.9662731438709862,12.658285952488384,0.16715916224581542,0.15643736830411406,0.03654014033467835,0.8845903006477066
52.23528538999926,6.0108376683615266,4.363263878064198,-0.7589353197390631,0.6190524114705171,0.029939251459208505,1.0648730653153922,12.658537732921928,0.1699452220033968,0.1597344400710731,0.05353093819939735,0.848528137423857
52.32927680600005,5.986259062935762,4.384575768441741,-0.7373581627729406,0.6393567113262977,0.05747491366577076,1.1256928808443603,12.65789318934796,0.1728256261853237,0.1620443564338747,0.02184519858335525,0.8845903006477066
52.34548491999885,5.962528212661632,4.406423238851806,-0.7119255082239044,0.6554241123019398,0.1162324778070713,1.0398455081537477,12.656376950533678,0.1747290758980651,0.1633761071073052,0.042784527415842336,0.8514693182963202
52.473946615000386,5.917667312726523,4.451586845767594,-0.6588591754197429,0.6857624671767282,0.21598167254798117,1.098603404805583,12.65078829954833,0.17798083850647348,0.1631620609485553,0.05720457698198236,0.8500000000000001
52.50364050200005,5.896523799789059,4.474995945210816,-0.6343053881239002,0.7022729832966736,0.22830409923384343,1.129452751347729,12.64664875855005,0.17912873831249473,0.16156004936696833,0.0746407317071171,0.8
52.567791290999594,5.876245068068651,4.4989105384639965,-0.6083619516122438,0.7174377975954153,0.26399653012262364,1.1883557981981534,12.641640084612552,0.1801916160356917,0.15898910702168972,0.01618292311445192,0.8
52.58868781300043,5.8568879401661915,4.523285994222561,-0.5807138370737814,0.7312636727569217,0.29837742644532034,1.2052276664989598,12.635756707828438,0.18056306936138786,0.15544061336442075,0.03152775267014576,0.8
52.61901911699897,5.838675254472598,4.548253358827329,-0.5463805708078201,0.7490209381430449,0.31305217679037445,1.2012666350992935,12.628750945688047,0.18218385879325616,0.15066433410159163,0.04713579446220842,0.75
52.68607202000021,5.8214745589442485,4.573793421081046,-0.5160208658504755,0.766201867611516,0.31546880777837333,1.2002783545035698,12.620720869365826,0.18276212546356557,0.14477679697854356,0.04184868872670921,0.75
52.687969622998935,5.8214745589442485,4.573793421081046,-0.5160208658504755,0.766201867611516,0.2783563546492806,1.2090656885930284,12.620720869365826,0.18276212546356557,0.14477679697854356,0.04184868872670921,0.75
52.71559812799933,5.805577262834249,4.600002345556473,-0.4769188832999769,0.7862677342628253,0.32578520515793996,1.195866480485804,12.611399762803677,0.18387461169268104,0.14101939533565838,0.06013096971642688,0.75
52.80645827099943,5.790947804652505,4.626823633758286,-0.43888374545231856,0.8046386460543695,0.3256878083283717,1.1951750011337563,12.600849925736341,0.18685297123185535,0.14244642405036162,0.017801679514110443,0.7000000000000001
52.92755353999928,5.765415720956792,4.682145198140832,-0.3655010642134216,0.8375038523680456,0.2754545977558627,1.19298575028478,12.576218993536013,0.19129540321342048,0.15958436733258807,0.03865454584816974,0.7000000000000001
52.95271022700035,5.754213772884481,4.710524406556403,-0.3360584421693235,0.8513762524671331,0.35229990071971584,1.1572433361566667,12.562420135809184,0.19396435277121968,0.1707863154048992,0.05442679192819184,0.7000000000000001
53.044660452000244,5.7441111627543044,4.7396468838683825,-0.3030783039053058,0.8736743193593857,0.36282425230879495,1.1614097973481707,12.547393702242791,0.19618759743121666,0.18088892553507563,0.021737010721130434,0.65
53.06566439400012,5.735057320655962,4.7696970266831205,-0.2716152629502785,0.9015042844421336,0.35518932206471826,1.0598249957021706,12.531034259094387,0.19798646552695337,0.18994276763341844,0.042931560162919394,0.65
53.10664754000027,5.727160820575859,4.800706405782414,-0.23689500240307726,0.9302813729787941,0.3458620307010033,0.9926529027523975,12.513244873970786,0.19847423306721582,0.19314596724931832,0.06165135490784414,0.65
53.197577774999445,5.720239441552136,4.832657460706371,-0.20764137071171965,0.9585316477187299,0.3114665896218457,0.8303855285123445,12.494159625902006,0.1974071503057186,0.18021657988328546,0.06334641082723227,0.65
53.290277423999214,5.714081984869446,4.865484274950336,-0.1847237004806972,0.9848044273189407,0.3031828180237802,0.7899032511150474,12.47396896070696,0.19416069392290355,0.17157146042445623,0.023677435874229113,0.65
53.29228694599988,5.708487817698129,4.899106436828296,-0.1678250151395117,1.008664856338796,0.3002209974681891,0.7576122518356515,12.452867905287327,0.19204823150968192,0.16851354967369508,0.04734153713479335,0.65
53.29951304399947,5.708487817698129,4.899106436828296,-0.1678250151395117,1.008664856338796,0.2843851916899406,0.6917623949605947,12.452867905287327,0.19204823150968192,0.16851354967369508,0.04734153713479335,0.65
53.339758480000455,5.7032718096336685,4.933437258806276,-0.15648024193381196,1.0299246593393967,0.2777482067667144,0.6365575526984193,12.43104648817362,0.19107118892295577,0.17172827791065348,0.06941041648338009,0.65
53.37979819999964,5.7032718096336685,4.933437258806276,-0.15648024193381196,1.0299246593393967,0.2777482067667144,0.6365575526984193,12.43104648817362,0.19107118892295577,0.17172827791065348,0.06941041648338009,0.65
53.40975667699968,5.698595260596156,4.968365045226248,-0.14029647112536056,1.0478335925991626,0.28242029733714724,0.5888364398835751,12.408479300160966,0.1908673428680147,0.17640482694816573,0.05370019973552476,0.6000000000000001
53.42445284099995,5.698595260596156,4.968365045226248,-0.14029647112536056,1.0478335925991626,0.26947065858686975,0.5207349762537652,12.408479300160966,0.1908673428680147,0.17640482694816573,0.05370019973552476,0.6000000000000001
53.52594936300011,5.6947765251419815,5.003778268750665,-0.11456206362525127,1.0623967057325172,0.2585641111723801,0.44014332554363816,12.385032557339402,0.1906999695361848,0.1802235624023405,0.020475028777370934,0.6000000000000001
53.53853562099903,5.691740742844329,5.039608443852498,-0.09107346892956433,1.0749052530549963,0.2659534368391827,0.5439784975917843,12.360805753924497,0.19105670048670623,0.1832593446999926,0.040466555802160326,0.6000000000000001
53.571411865999835,5.689300709790863,5.075838775106748,-0.07320099160399189,1.0869099376274973,0.2694093491663652,0.5754078275469392,12.335937271370641,0.19126526829112322,0.18569937775345924,0.06060987463656759,0.6000000000000001
53.65078781500051,5.689300709790863,5.075838775106748,-0.07320099160399189,1.0869099376274973,0.2791616519668657,0.6356121860219441,12.335937271370641,0.19126526829112322,0.18569937775345924,0.022973790758220376,0.6000000000000001
53.66453578300025,5.685844663370231,5.148054655883418,-0.04737602674484795,1.076811541409196,0.285394615055655,0.5738946493681076,12.285574283401886,0.19205985846446347,0.18915542417409092,0.06677425004600963,0.6000000000000001
53.768699132999245,5.684535689438445,5.1832143293995925,-0.039269217953565874,1.0547902054852285,0.2985587131084335,0.5412959306168755,12.260877059075343,0.1925407224660922,0.19046439810587668,0.023293521894038886,0.6000000000000001
53.9427430300002,5.682789473049083,5.2821465975181034,-0.0058709369533020365,0.9538093066198291,0.2676083415905359,0.4830241615741411,12.19032287032115,0.19302927359475286,0.1922106144952389,0.0591651747749773,0.6000000000000001
54.00886055199953,5.682936801337924,5.3127941488494095,0.004419848665222235,0.9194265399391844,0.26560682437818683,0.5298185227262135,12.168070494567601,0.19268082241771922,0.19206328620639823,0.01810606741070977,0.6000000000000001
54.05135542899916,5.683370948863446,5.342374616384404,0.013024425765659767,0.8874140260498444,0.27049847716496467,0.5631260251959073,12.146425274301242,0.19209810469252336,0.1916291386808764,0.03534699653802018,0.6000000000000001
54.16648229999919,5.6842201953930065,5.371030811958233,0.025477395886834397,0.8596858672148664,0.28845852145516426,0.5595545751749332,12.125190835834852,0.19113175480219152,0.19077989215131552,0.017241994748655915,0.6000000000000001
54.245781936999265,5.6842201953930065,5.371030811958233,0.025477395886834397,0.8596858672148664,0.2875395633585212,0.5609905331981193,12.125190835834852,0.19113175480219152,0.19077989215131552,0.0,0.6000000000000001
54.24818720999974,5.685445522221516,5.398864816249342,0.03675980485529882,0.8350201287332596,0.2864484229011611,0.5934178116853575,12.104316607946338,0.18983044867252613,0.18955456532280568,0.014456995734054455,0.6000000000000001
54.262949947999005,5.6870758453603765,5.425890724179564,0.048909694165814144,0.810777237906666,0.2748746599350963,0.633012805022766,12.083768640643237,0.18813257587139895,0.18792424218394554,0.028128068642974787,0.6000000000000001
54.278570913000294,5.6870758453603765,5.425890724179564,0.048909694165814144,0.810777237906666,0.27021593241451497,0.6541458973388884,12.083768640643237,0.18813257587139895,0.18792424218394554,0.028128068642974787,0.6000000000000001
54.368256468000254,5.689045019378307,5.452201179131406,0.05907522053791764,0.7893136485552654,0.2671055130550801,0.6744086991220766,12.063523039819716,0.18612170012188764,0.18595506816601493,0.01303917206160664,0.6000000000000001
54.371681380000155,5.691276178407417,5.4778888445871345,0.06693477087329347,0.7706299636718362,0.2664179893530605,0.6830870558098766,12.043564135425756,0.1838516942911381,0.18372390913690495,0.025513550373104644,0.6000000000000001
54.412533581999014,5.693690227330138,5.50304102137293,0.07242146768161754,0.7545653035738551,0.2656733050545763,0.6966463259989911,12.02388238774321,0.18141281013951022,0.18130986021418405,0.03740854473468746,0.6000000000000001
54.42645378199995,5.696393025220271,5.52763056073854,0.08108393670398042,0.7376861809683243,0.2656733050545763,0.6966463259989911,12.004421185119687,0.17868676418736892,0.1786070623240512,0.04853247696987879,0.6000000000000001
54.48261205500057,5.699341836822154,5.551731654170102,0.08846434805649642,0.7230328029468603,0.2628835816324185,0.7500644932799996,11.985155371829102,0.1757231181976475,0.17565825072216779,0.017797872698556927,0.6000000000000001
54.51660569100022,5.7025570670490415,5.575439298518758,0.09645690680660822,0.7112293304596711,0.25549032678986006,0.8094608785080815,11.966001126751006,0.17249341725032105,0.17244302049528049,0.02609526020764808,0.65
54.5501217380006,5.70596547789584,5.5987917320678955,0.10225232540396903,0.7005730064741215,0.25373769644126354,0.8245316333524148,11.946981107084483,0.16907603173576724,0.16903460964848183,0.03449671971820989,0.65
54.60613382199881,5.709531392627425,5.621824024958865,0.10697744194754763,0.6909687867290935,0.24104381969045782,0.8025394149269303,11.928094202975988,0.1655012653860562,0.16546869491689709,0.023134109846010487,0.65
54.64172608099943,5.713198945804547,5.644698251492523,0.11002659531364757,0.6862267960097168,0.22839905738955796,0.737178560508518,11.909263603639292,0.16182775214004017,0.1618011417397751,0.03436290269980234,0.65
54.75456012900031,5.724121325660242,5.713088583264671,0.10742824437643322,0.6856705099919027,0.21539379601111797,0.6290456518935664,11.853085112299874,0.15089225518712182,0.1508787618840799,0.03424037863341207,0.65
54.78633984499902,5.727704302790417,5.736077357489081,0.10748931390524943,0.6896632267322961,0.21632103551008455,0.6435075441351772,11.834294960470647,0.1473063581751293,0.14729578475390515,0.04358576052575242,0.65
54.85189082699981,5.7312562360633885,5.759413495470493,0.10655799818914839,0.7000841394423847,0.19988457540930893,0.7257698285159497,11.81529751745455,0.1437521044195583,0.1437438514809335,0.016668968517908826,0.65
54.96962977399926,5.738202332772615,5.807381213404588,0.1026962290590672,0.7260680070626124,0.1825724868926026,0.8251062511390688,11.776552405837819,0.13680222765871133,0.13679775477170697,0.015442404281971737,0.65
54.982845995999014,5.741451320891267,5.832012537850692,0.09746964355955742,0.7389397333831086,0.1841386957535791,0.8594697770796094,11.756910848317618,0.13355164664438354,0.13354876665305504,0.023392213978562684,0.65
55.00341633700009,5.744491022526578,5.856971514275199,0.09119104905932413,0.7487692927352197,0.17610514730336724,0.9269982927365021,11.737207883015,0.1305105947500014,0.13050906501774406,0.03106997767957712,0.65
55.01700261299993,5.744491022526578,5.856971514275199,0.09119104905932413,0.7487692927352197,0.17757263465824064,0.9475944107404286,11.737207883015,0.1305105947500014,0.13050906501774406,0.03106997767957712,0.65
55.08358858199972,5.74733054927813,5.882136831285658,0.08518580254656892,0.754959510313786,0.1798769507318728,0.9779486573182118,11.71752371504893,0.12766972366551355,0.12766953826619165,0.006907182800864131,0.65
55.12464220599941,5.749980986968937,5.907414868181455,0.07951313072418144,0.7583411068739015,0.1796930634015936,1.0067074276306456,11.697917278732762,0.12501797892621008,0.12501910057538534,0.014032065094398258,0.65
55.20908957000029,5.75683379633977,5.982948406195315,0.06488079244446668,0.7506609982431097,0.17093652669714587,0.9624105750104726,11.640229760549634,0.11816052928781032,0.11816629120455158,0.032902265326048334,0.7000000000000001
55.23161093899944,5.75683379633977,5.982948406195315,0.06488079244446668,0.7506609982431097,0.07793425926305342,0.9575428542108687,11.640229760549634,0.11816052928781032,0.11816629120455158,0.032902265326048334,0.7000000000000001
55.322264471999006,5.758832329862652,6.0080511428868935,0.059956005686428684,0.7530821007473569,0.1651367948271898,0.9015716930123412,11.621304333312962,0.11615987141714156,0.1161677576816702,0.010294856560335021,0.7000000000000001
55.379775261999384,5.762132099561418,6.058965621059845,0.04661184428218794,0.7681517600262224,0.1612937443138585,0.8087045561930188,11.58353465089398,0.11285433747160777,0.11286798798290398,0.028529969755846766,0.7000000000000001
55.44581398700029,5.763432795639459,6.084872927644306,0.03902088234123117,0.7772191975338386,0.17018899194071568,0.8268274616621933,11.564627738878103,0.11154962692262445,0.11156729190486292,0.025212934254311755,0.7000000000000001
55.45801393699912,5.764416657410307,6.111073264955126,0.02951585312545768,0.7860101193245796,0.1662424682815472,0.8401744712579853,11.545774120394592,0.11056053899811058,0.11058343013401473,0.03151456683956229,0.7000000000000001
55.49944521299949,5.765182229805386,6.13779604189102,0.02296717185234694,0.8016833080768261,0.14993310124294082,0.8722741513337997,11.526746250910454,0.10978812771531773,0.10981785773893638,0.03708972294058786,0.7000000000000001
55.566251685999305,5.7657671719312775,6.1651359021443275,0.017548263776749257,0.8201958075992137,0.1507150812462017,0.8843081741682197,11.507454326822126,0.10919451618665359,0.10923291561304449,0.029844747926706813,0.7000000000000001
55.57270514799893,5.766088578046384,6.1930438038501,0.009642183453201062,0.8372370511731722,0.1544820164039944,0.852996096017592,11.487995294079914,0.1088608211606146,0.10891150949793804,0.037017429597808856,0.7000000000000001
55.68360213499909,5.766363589671845,6.221425185954657,0.008250348763818294,0.8514414631367314,0.10805889736603375,0.8519890677113385,11.468279597221926,0.1085714134656926,0.1086364978724772,0.0019180111082698645,0.7000000000000001
55.83636592899893,5.766105183070471,6.307910803936956,-0.008988410713248579,0.8672358631663042,0.02016237670618226,0.9280249951539066,11.409226830028725,0.1087442992268178,0.10889490447385075,0.004868127981919632,0.7000000000000001
55.939867756998865,5.764872261121223,6.365542320708966,-0.02058500121235132,0.8632285599295165,0.0034724065609135213,0.8667642706096812,11.370848254029708,0.10986979408164753,0.11012782642309915,0.004563778081509769,0.7000000000000001
55.96281680100037,5.764872261121223,6.365542320708966,-0.02058500121235132,0.8632285599295165,-0.002856043470593761,0.8470651272907119,11.370848254029708,0.10986979408164753,0.11012782642309915,0.004563778081509769,0.7000000000000001
56.043873037000594,5.763157856167389,6.423056613747878,-0.027943531253859823,0.862632386178159,-0.009661893048908354,0.8214957737099833,11.333066517359885,0.11140225897573541,0.11184223137693294,0.005594401409430298,0.7000000000000001
56.05091702899881,5.763157856167389,6.423056613747878,-0.027943531253859823,0.862632386178159,-0.023782522268029016,0.7917856959768131,11.333066517359885,0.11140225897573541,0.11184223137693294,0.005594401409430298,0.7000000000000001
56.16341060599916,5.760984579713429,6.4805277509185215,-0.035154476732047954,0.8619083369976689,-0.0324000806362591,0.7500872479854408,11.295819383041675,0.11324717274639048,0.11401550783089309,0.006806008095561962,0.7000000000000001
56.293542874000195,5.757726710512107,6.538011124364721,-0.05549840214509173,0.8630141687888746,-0.05092886892806314,0.6831017537394451,11.259538151795342,0.11593076272910909,0.11727337703221519,0.008837541988707367,0.7000000000000001
56.405728494999494,5.752419812684461,6.59565513811767,-0.08824427116633093,0.8650314168356206,-0.06461280050189339,0.6529384483247147,11.224851303679825,0.12024101476968221,0.12258027485986123,0.012292308376116294,0.7000000000000001
56.408494662999146,5.752419812684461,6.59565513811767,-0.08824427116633093,0.8650314168356206,-0.07765967237105742,0.6349019937182823,11.224851303679825,0.12024101476968221,0.12258027485986123,0.012292308376116294,0.7000000000000001
56.45675566600039,5.74885216842486,6.624490712438192,-0.10702932778801441,0.8650672296156514,-0.09712672317350629,0.5997326901564082,11.208251835734465,0.12312070980854953,0.12614791911946188,0.01800605760543158,0.65
56.527681681000104,5.744920506509535,6.653223577591933,-0.11794985745974508,0.8619859546122454,-0.11052030223844059,0.5733320749289624,11.192043264206834,0.1260178309817501,0.13007958103478678,0.016745451379004357,0.65
56.52932371499992,5.74061276838899,6.68182663419414,-0.12923214361635657,0.8580916980661994,-0.12482582842133746,0.5608218346995482,11.176253888185101,0.1290151827455436,0.13438731915533175,0.023832677966578227,0.65
56.55472561199895,5.735903497853536,6.710280100072797,-0.14127811606364798,0.8536039763597292,-0.1271371496595062,0.5440788690205844,11.160917099261995,0.1320770532649276,0.1390965896907863,0.029950613972726955,0.65
56.6406128969993,5.730760353998444,6.738567457585209,-0.15429431565275276,0.848620725372349,-0.14196903736320907,0.5335122569047341,11.146069321905717,0.1347540949362071,0.14423973354587805,0.021978390329387882,0.65
56.64260108899907,5.730760353998444,6.738567457585209,-0.15429431565275276,0.848620725372349,-0.16760545466048454,0.5190887940137702,11.146069321905717,0.1347540949362071,0.14423973354587805,0.021978390329387882,0.65
56.65528473499944,5.7253054814639865,6.766402439818825,-0.16364617603371745,0.8350494670084851,-0.14405683980841225,0.4928244681684542,11.131808543695515,0.13717514475782674,0.14969460608033547,0.030734465059157435,0.651920240520265
56.78727042399987,5.713457031449694,6.820470371867848,-0.18249411203671417,0.8027314575356247,-0.14783014961433172,0.45265995787524266,11.1052084433474,0.1389694185598454,0.1615430560946276,0.008735169901953794,0.6576473218982953
56.822176052999566,5.700545318643007,6.872129110331681,-0.19699460442430555,0.7653222084639784,-0.2944736727223647,0.5038882651608998,11.081198335102778,0.1328515513815246,0.16074358767901756,0.01793086823294397,0.6670832032063168
56.88142932499977,5.700545318643007,6.872129110331681,-0.19699460442430555,0.7653222084639784,-0.326579506789472,0.5165563688928544,11.081198335102778,0.1328515513815246,0.16074358767901756,0.012561241375946943,0.6670832032063168
56.89165962699917,5.693717320195469,6.896927065068914,-0.20483995342614247,0.7439386421169749,-0.34076796944540577,0.517826331893473,11.070223493621,0.12563192871811102,0.14803690972894876,0.017900904142593568,0.6184658438426491
56.94382286600012,5.693717320195469,6.896927065068914,-0.20483995342614247,0.7439386421169749,-0.3581209427700517,0.5276114180100471,11.070223493621,0.12563192871811102,0.14803690972894876,0.017900904142593568,0.6184658438426491
57.004417269999976,5.6867033241908915,6.920958899666148,-0.2104198801373218,0.720955037917049,-0.35989137341415645,0.5297154391816733,11.059936350425497,0.11737686397557766,0.13600348065894244,0.0002246868064971396,0.632455532033676
57.006744506999894,5.6867033241908915,6.920958899666148,-0.2104198801373218,0.720955037917049,-0.39039954440028246,0.5442983314099039,11.059936350425497,0.11737686397557766,0.13600348065894244,0.0002246868064971396,0.632455532033676
57.02883052600009,5.679516565811334,6.944249244810197,-0.21560275138672505,0.6987103543214708,-0.4344350340455714,0.5747931134401901,11.050308146646643,0.10895463720558998,0.12461652525634463,0.0011345565852428669,0.632455532033676
57.12148205499943,5.672156115196852,6.966819454026951,-0.22081351843446073,0.677106276502614,-0.4754336931459041,0.6093986308050916,11.041323165638353,0.10069741332833229,0.11386160180846758,0.0024144957691159836,0.65
57.133731648998946,5.664607214593855,6.988740423912511,-0.22646701808991548,0.6576290965668086,-0.48235745759114873,0.6121095140442728,11.03294449376856,0.09218054182678342,0.10369901415908467,0.005118539086903951,0.65
57.239250507998804,5.649101446118202,7.030313152050972,-0.23464148877557423,0.6119030196582673,-0.5068947555770508,0.6204029366089298,11.018083249643057,0.07662496644736162,0.08526689021659692,0.007767661116095697,0.6264982043070835
57.24150539999937,5.649101446118202,7.030313152050972,-0.23464148877557423,0.6119030196582673,-0.5140737088093148,0.6073833770425221,11.018083249643057,0.07662496644736162,0.08526689021659692,0.007767661116095697,0.6264982043070835
57.263051316998826,5.641131146710015,7.049957754361773,-0.23910898224559635,0.5893380693240294,-0.51618679347141,0.591945985852427,11.011610143046434,0.06924250963941028,0.07701191146853256,0.010506398066849129,0.6264982043070835
57.3602879609989,5.624371323034867,7.087322732281114,-0.2587838902462024,0.5532438691179772,-0.5335060603305483,0.5816742282666634,11.000632887746729,0.05632390350746422,0.06244186717506879,0.00012591944734950734,0.651920240520265
57.37812689299972,5.624371323034867,7.087322732281114,-0.2587838902462024,0.5532438691179772,-0.6157135815227348,0.5552389729195347,11.000632887746729,0.05632390350746422,0.06244186717506879,0.00012591944734950734,0.651920240520265
57.42156367899952,5.6151584608257865,7.105347794533951,-0.2763858662724161,0.5407518675850926,-0.6435990249837811,0.5617797268725903,10.996258246345766,0.05053376891654288,0.056210700766956806,0.0012017144385539997,0.6800735254367722
57.47969542300052,5.605336427165795,7.122951332583314,-0.294661009799769,0.5281061414809157,-0.6553127217438164,0.5596056149720448,10.9926574277168,0.04547528369250508,0.05070834624539924,0.0033304417286085966,0.6800735254367722
57.487655404998804,5.594694549933628,7.140314559093866,-0.3192563169649848,0.5208967953165538,-0.6896707117773495,0.5324309127867501,10.989879081923037,0.041175595391684375,0.04595563459192952,0.005354510777460639,0.6403124237432849
57.53151408600024,5.583158977365404,7.157475229928542,-0.34606717704672685,0.5148201250402721,-0.7074190254459177,0.5010195850999234,10.987958463148978,0.037434514818543485,0.041978089462881195,0.0077227810458723335,0.6726812023536856
57.60063229699881,5.570733373144133,7.174405362631608,-0.3727681266381162,0.5079039810919964,-0.7255026871996283,0.4683877303738603,10.986912681601828,0.034398426558131426,0.03879290682735534,0.005171302010734938,0.6726812023536856
57.625710737998816,5.557429844611063,7.191174367160314,-0.399105855992109,0.5030701358611676,-0.7586684746571213,0.41448836046177306,10.986690879638166,0.03210067894537106,0.036342445250802505,0.006760575193939031,0.6726812023536856
57.6554054219996,5.557429844611063,7.191174367160314,-0.399105855992109,0.5030701358611676,-0.7692892207946376,0.37760287536160714,10.986690879638166,0.03210067894537106,0.036342445250802505,0.006760575193939031,0.6726812023536856
57.72488893700029,5.543365021755418,7.207797859092707,-0.4219446856693506,0.49870475797181857,-0.7863223016257244,0.38225725594625287,10.987194933286917,0.030306595587032553,0.034533192995821464,0.0021297336765826085,0.6726812023536856
57.73190596399945,5.528561500339178,7.224231553282231,-0.4441056424871925,0.49301082568570376,-0.7809945827035497,0.3845922275643204,10.988437090248432,0.029006752195621332,0.03338048677332657,0.003608728779782195,0.6726812023536856
57.84278012899995,5.512979114666202,7.240454430681584,-0.4674715701892741,0.48668632198060274,-0.7684130127557943,0.3737041766699475,10.990463734652634,0.028404027302824986,0.032927590730311096,0.0013463634002872905,0.6726812023536856
57.84467434599901,5.496585064738165,7.256421961990419,-0.4918214978411345,0.4790259392650412,-0.774162358534875,0.34776902677728505,10.993330201108918,0.02840782118699595,0.033229184938251666,0.00195446691013514,0.6800735254367722
57.90807668299931,5.46130401755227,7.287430177106663,-0.5416027672517176,0.46023020195550934,-0.7400231638231954,0.31208915179383356,11.001735129921801,0.030389298053747925,0.03625053346957309,0.0008695705306130407,0.6800735254367722
57.962092632998974,5.442431257165083,7.302384904988638,-0.5661828116156178,0.44864183645924727,-0.7150053716952122,0.2832853672884481,11.00731881598959,0.03236188045338175,0.03902100082291809,0.002175494231910491,0.6946221994724903
57.97173811100038,5.4227395738551545,7.3168498543548965,-0.5907504992978498,0.43394848098777117,-0.7048481463158667,0.2605925679036166,11.013899146147317,0.03500791915218628,0.042716859837944904,0.004480780323065142,0.6946221994724903
57.98684928200055,5.4227395738551545,7.3168498543548965,-0.5907504992978498,0.43394848098777117,-0.7048481463158667,0.2605925679036166,11.013899146147317,0.03500791915218628,0.042716859837944904,0.004480780323065142,0.6946221994724903
58.018953917000545,5.402262587560141,7.330746555653392,-0.6143095888504054,0.41690103895486347,-0.7001551383330263,0.24539441036838172,11.021498459354536,0.03860351514100809,0.04736982398112255,0.007665556730598287,0.6946221994724903
58.097802505999425,5.381006482946943,7.343993829351494,-0.637683138395958,0.3974182109430698,-0.659683231655574,0.18021657831211685,11.030161709070901,0.0425561881030955,0.053032922630563445,0.005363940224343545,0.670820393249937
58.13137418199949,5.359035292893681,7.356615333112488,-0.6591357015978494,0.3786451128298306,-0.6501661078255239,0.1658179893044972,11.039823403319993,0.047289615377332554,0.059644149209792864,0.011675163998455695,0.7158910531638177
58.20296031900034,5.336404356593499,7.368588193589205,-0.6789280890054695,0.35918581430148977,-0.6365937477945698,0.14369523792479688,11.050453090648366,0.05260236546791062,0.06718054689896608,0.0056854579339393856,0.696419413859206
58.21633639199899,5.313220638193982,7.379930878394719,-0.6955115519854922,0.3402805441654013,-0.642864962388516,0.14679326537289275,11.061953740285345,0.05772307871509889,0.07555342204954309,0.012209143588640161,0.696419413859206
58.24640435499896,5.289559955544563,7.390664697974883,-0.7098204794825722,0.3220145874049393,-0.6513568860697082,0.13173235094368174,11.074250944056866,0.06361719651161385,0.08469409458528289,0.017306382024121304,0.6800735254367722
58.320897798999795,5.265535516777162,7.400735211621476,-0.7207331630220166,0.3021154093977809,-0.6779975973887867,0.15580006095270488,11.087286025449787,0.06793221346356601,0.09456100966237575,0.0007889548742762525,0.7280109889280518
58.362838568998995,5.241205363164603,7.410104864781302,-0.7299046083767614,0.28108959479477347,-0.7215218054517296,0.22453503668919506,11.101033255415748,0.07271991765305563,0.1051396809824476,0.0023424482734877437,0.7158910531638177
58.454773788998864,5.1919135865797665,7.426739514989477,-0.7408063627040793,0.23954528514071677,-0.7317572378376231,0.2719181041770269,11.130427172834159,0.07404455155978276,0.09826059714176072,0.010313023779383578,0.7071067811865476
58.48788428199987,5.1919135865797665,7.426739514989477,-0.7408063627040793,0.23954528514071677,-0.7229616692518392,0.29227699827865933,11.130427172834159,0.07404455155978276,0.09826059714176072,0.010313023779383578,0.7071067811865476
58.56646085600005,5.142555549166196,7.440831174939695,-0.7394206608428754,0.20148521289281734,-0.7353196822783419,0.3541989032340581,11.161556366852624,0.0712958338629961,0.08416893719154306,0.008357192346729861,0.70178344238091
58.6157200079997,5.11815235699287,7.446860000467615,-0.7320957651997634,0.18086476583760985,-0.7193399469748962,0.40980916386638666,11.177560509143778,0.06959061379783262,0.07814011166362267,0.012550692691344444,0.70178344238091
58.80231642800027,5.070096903647272,7.457021561607821,-0.7170753732714694,0.14302948661568293,-0.7257025488327313,0.5000017853620792,11.210187887027763,0.0661700927561849,0.06797855052341717,0.009098260563592947,0.75
58.81919373599885,5.0463742460326415,7.461277175988599,-0.7116797284389195,0.127668431423335,-0.7168626383844557,0.5484526855786866,11.226788500143348,0.06498913967541983,0.06372293614263924,0.013428845769219289,0.75
58.8954379679999,5.022810930742487,7.465043435107345,-0.7068994587046245,0.11298777356239006,-0.7069476275609917,0.5896725491062534,11.24357638907924,0.06424153502751694,0.059956677023892624,0.018042959727174093,0.75
58.921172121999916,4.999264274905516,7.468615598733225,-0.7063996751091247,0.10716490877636835,-0.7069476275609917,0.5896725491062534,11.26049065606714,0.06403345450876803,0.056384513398013425,0.01606136557914666,0.75
58.94250444499994,4.975684884285699,7.471976953813173,-0.7073817185945118,0.10084065239846796,-0.7322594442748336,0.6902141827574149,11.277580229447988,0.06417355227581834,0.05302315831806492,0.024193367937948226,0.75
58.94997580299969,4.975684884285699,7.471976953813173,-0.7073817185945118,0.10084065239846796,-0.7322594442748336,0.6902141827574149,11.277580229447988,0.06417355227581834,0.05302315831806492,0.024193367937948226,0.75
58.98884745800024,4.952049771739032,7.475090401546002,-0.7090533763999955,0.09340343198484748,-0.7487954734486753,0.755327023062371,11.294884707974129,0.06520074989500828,0.04990971058523641,0.030868589372205678,0.75
59.04936250299943,4.928399030077621,7.478400189733397,-0.7095222498423501,0.09929364562185931,-0.7539119546715966,0.7877708891802782,11.312110696010883,0.06666833985110314,0.046599922397841276,0.017094149721441167,0.75
59.08246586799942,4.904749024823686,7.482145755448063,-0.7095001576180625,0.1123669714399905,-0.7683749078999996,0.8328337067645859,11.329105670732137,0.06806742195341046,0.04739832122229468,0.024157427333649884,0.75
59.15847777700037,4.881025523552251,7.48639867366929,-0.7117050381430683,0.12758754663679744,-0.7562278658950989,0.8475813527449485,11.345889691912149,0.07091007962305206,0.05839004128863788,0.009637470710529849,0.75
59.16048552599932,4.857111919392524,7.491126225215131,-0.7174081247918089,0.14182654637526387,-0.7538068827647187,0.8674170523056703,11.362578608822687,0.07335407135323121,0.07195662919611798,0.01898579101985894,0.75
59.19892356899982,4.832883649671748,7.496481335346321,-0.7268480916232547,0.16065330393567656,-0.7339065307082402,0.8908216578772843,11.379187326208788,0.07403677654303405,0.07851877752997538,0.026456827730818963,0.75
59.22817018900059,4.808329056094638,7.50240869174731,-0.7366378073133089,0.17782069202967832,-0.7180943877587374,0.893982789359507,11.395760615270339,0.07416141302762842,0.07259142112898598,0.033122759929951444,0.7648529270389178
59.27865257600024,4.783460736845134,7.508985913749289,-0.7460495774851021,0.19731666005934612,-0.6950729742489108,0.8982828049834588,11.412246515347515,0.07369579961907202,0.06601419912700734,0.02092267901418362,0.7762087348130012
59.28160761300023,4.783460736845134,7.508985913749289,-0.7460495774851021,0.19731666005934612,-0.695907576811848,0.8782378101176151,11.412246515347515,0.07369579961907202,0.06601419912700734,0.02092267901418362,0.7762087348130012
59.38807695799915,4.73275710711774,7.5243067915523545,-0.7657118713972584,0.24124995207098637,-0.6235734281580974,0.9005943287662729,11.444866997299606,0.0721507963991838,0.050693321323941554,0.03532137344766599,0.7905694150420949
59.392298061000474,4.706984658203947,7.533175158079699,-0.7731734674137858,0.26605099582032343,-0.5397668715678215,0.9333063568343892,11.46088677702025,0.07106243976618229,0.041824954796597424,0.05271256062820062,0.7905694150420949
59.42666057799943,4.680969174343924,7.542952616153704,-0.7804645158006673,0.2933237422201467,-0.513225694952938,0.9354171710134261,11.476628951424061,0.07159697453293884,0.03204749672259233,0.06799202841637157,0.8
59.63162550400011,4.628001996214737,7.565436697065764,-0.800047680102096,0.35190894653981514,-0.4246718288661729,0.8904021858322829,11.507356939965266,0.07428638447764072,0.03999501260885354,0.03751891452299808,0.7826237921249265
59.633750994000366,4.628001996214737,7.565436697065764,-0.800047680102096,0.35190894653981514,-0.4864474077673139,0.8494674062449725,11.507356939965266,0.07428638447764072,0.03999501260885354,0.03751891452299808,0.7826237921249265
59.660026785999435,4.600911308067238,7.578026610200121,-0.8127206444249495,0.37769739403071045,-0.37465999178018056,0.836333987252032,11.522535436025468,0.07844966732437247,0.05024860895310642,0.05545700600486422,0.7826237921249265
59.6828555359989,4.600911308067238,7.578026610200121,-0.8127206444249495,0.37769739403071045,-0.3533166748206676,0.8237539919634332,11.522535436025468,0.07844966732437247,0.05024860895310642,0.05545700600486422,0.7826237921249265
59.751942228998814,4.573512418058064,7.591621899582719,-0.8219667002752449,0.4078586814779374,-0.3376493158753428,0.8154678414370625,11.53745860867484,0.08254836743378591,0.06000922856094938,0.02416700003441658,0.8062257748298549
59.80199363400061,4.545850771312076,7.606185425094814,-0.8298494023796236,0.4369057653628464,-0.204150978903203,0.7075141182310821,11.552116482155512,0.08830814818033074,0.0692709989062383,0.04839997320962469,0.7905694150420949
59.86943471599989,4.518029656818638,7.6217007126693535,-0.8346334348031391,0.46545862723616427,-0.15598905932336646,0.679887606088615,11.566439266854596,0.09344787906177379,0.07797253256869983,0.04640035134305525,0.7905694150420949
59.9068455659999,4.49014063971634,7.638126744031402,-0.8366705130689476,0.492780940861439,-0.10178309498194421,0.6647560165519327,11.580380084463277,0.09967228108230212,0.08607808751827543,0.06839572555358386,0.8200609733428363
59.98591205299999,4.462143229483069,7.655307547920286,-0.8399223069981232,0.5154241166665168,-0.041346671458988744,0.6564614895445898,11.594065030475388,0.10545741791243034,0.09372658321381651,0.049440449649287954,0.7810249675906654
60.00028486199881,4.462143229483069,7.655307547920286,-0.8399223069981232,0.5154241166665168,-0.046197652687613985,0.6554936946282098,11.594065030475388,0.10545741791243034,0.09372658321381651,0.049440449649287954,0.7810249675906654
60.03376239799945,4.434580265783101,7.673481006638732,-0.8268889109990467,0.5452037615533837,0.027993096861008065,0.6484983177782537,11.606915396031049,0.1112914326404337,0.10036596585823558,0.07247233792157085,0.8139410298049854
60.10593601999972,4.407558672004289,7.69248068960158,-0.8106478133643299,0.5699904888854314,0.048906657013625635,0.6436289625136323,11.618938101641126,0.11639107336660595,0.10603831339427701,0.050358071973648284,0.8139410298049854
60.14520654199987,4.355622809919918,7.7321776730426,-0.7687342106968115,0.6024087219277392,0.10879335476296911,0.6176530860275237,11.640534696063154,0.1258228433174102,0.11469250747710967,0.09500330331037644,0.8139410298049854
60.219377223000265,4.330940390482816,7.752617482588943,-0.7404725831130796,0.6131942863902797,0.1639932468137291,0.5927417831877435,11.650055385131676,0.13001603171467066,0.117692485700795,0.0751921226749818,0.8200609733428363
60.350539518000005,4.26372033666563,7.814455965771466,-0.6351284730297007,0.6182694991280194,0.2208839357980697,0.649695227824393,11.673065639391874,0.14115252849633125,0.12149783078999955,0.06027725147784624,0.8321658488546619
60.454970085998866,4.243711576548317,7.835007758925595,-0.6002628035193898,0.616553794623873,0.23177055673658564,0.7493623152752913,11.678893323726788,0.14409146802173442,0.1211138484472584,0.020934218211389355,0.8
60.47979837999992,4.207637285453321,7.875857451304427,-0.5206082057307767,0.6114943469621006,0.2539382914162541,0.8849443518076747,11.687548525787431,0.15127025936160288,0.1177371298165717,0.058637559433492706,0.8
60.56694054599939,4.191547469347756,7.896172294719034,-0.4826944831669381,0.6094453024382175,0.26859615892849215,0.9537996600509895,11.69037680098467,0.1538117523175335,0.1147961731054945,0.018607537455364028,0.75
60.569033794999996,4.191547469347756,7.896172294719034,-0.4826944831669381,0.6094453024382175,0.24231364038365216,0.9925326085316821,11.69037680098467,0.1538117523175335,0.1147961731054945,0.018607537455364028,0.75
60.582371484999385,4.176582044742695,7.916443060934817,-0.44896273815184723,0.6081229864734862,0.28297249397782875,1.0167056408755766,11.692330834071718,0.15806014464929358,0.11452089541257117,0.036094570971659544,0.75
60.686748558000545,4.1625829717002905,7.936690283522135,-0.4199721912721184,0.6074166776195442,0.3079816492189479,1.1505430425237597,11.693529999772158,0.16308250706113722,0.1187655086970072,0.01642428729914587,0.75
60.68881878399952,4.149924331077698,7.95687701797811,-0.37975921867777646,0.6056020336792562,0.3102821707916775,1.1854087343855675,11.69367204044671,0.16689349313326224,0.12638190406998454,0.031511118656305695,0.7000000000000001
60.690670169999066,4.149924331077698,7.95687701797811,-0.37975921867777646,0.6056020336792562,0.2664595360646985,1.210062604863372,11.69367204044671,0.16689349313326224,0.12638190406998454,0.031511118656305695,0.7000000000000001
60.73129068900016,4.138552884658991,7.976991521618509,-0.3411433925612084,0.603435109211963,0.3010623274228887,1.2011450446631367,11.69280383218958,0.17057852680396243,0.13644717904347292,0.04534220643031595,0.7000000000000001
60.83799348699904,4.1284030598579555,7.997140904521751,-0.30449474403106586,0.604481487097234,0.3018535380809984,1.1988145745728882,11.690921036253378,0.17457921094373838,0.14659700384450858,0.018277452500348193,0.7000000000000001
60.873640474999775,4.104221935717633,8.060017408068992,-0.21212178689761016,0.6479766622208698,0.3750043852572314,1.0103493622384125,11.678911285784224,0.18160619306691309,0.17077812798483105,0.06848876696357604,0.7000000000000001
60.946293977000096,4.104221935717633,8.060017408068992,-0.21212178689761016,0.6479766622208698,0.36660662145050754,0.9068985323648209,11.678911285784224,0.18160619306691309,0.17077812798483105,0.05597243774902169,0.7000000000000001
60.97713981599918,4.098086963345937,8.082549873112612,-0.18404917115090025,0.6759739513085783,0.3659249318848423,0.8403404791285775,11.672530592051045,0.18231925425200515,0.1769131003565274,0.0734650675826575,0.65
60.983854877998965,4.098086963345937,8.082549873112612,-0.18404917115090025,0.6759739513085783,0.3659249318848423,0.8403404791285775,11.672530592051045,0.18231925425200515,0.1769131003565274,0.0734650675826575,0.65
61.05370871699961,4.088280642616767,8.130776500583343,-0.13631058046108166,0.7399046276974035,0.3041689891749807,0.8934770495201927,11.656163763305239,0.18060711504139468,0.1660430391105475,0.044982478204278385,0.65
61.1076457679992,4.084295774951795,8.156528102524982,-0.11954602994915856,0.7725480582492007,0.2856708813035474,0.9520671588701562,11.646423885456157,0.17724851779613834,0.15648039554884385,0.05665212801114581,0.65
61.16308943900003,4.080706752141529,8.18331664824659,-0.1076706843079912,0.8036563716482678,0.28457320915564593,0.9868154270247383,11.635866064522155,0.17335459722542035,0.15019344718467256,0.031474351631059716,0.65
61.165497336000044,4.080706752141529,8.18331664824659,-0.1076706843079912,0.8036563716482678,0.27320291697911303,0.9544364931777826,11.635866064522155,0.17335459722542035,0.15019344718467256,0.031474351631059716,0.65
61.22510632599915,4.077626760562503,8.211217070177362,-0.09239974737077024,0.8370126579231707,0.26189626741324995,0.8863294100782593,11.624359326223674,0.1710594404406071,0.14801642743904664,0.046732462758534675,0.65
61.282171311999264,4.075032907519946,8.24014910709225,-0.07781559127671826,0.867961107446673,0.2613925698633782,0.8786712781342567,11.61196872594909,0.16846292694002324,0.14996715543746042,0.03434870702395962,0.65
61.319798328000616,4.072834916007188,8.270001986415505,-0.06593974538272403,0.8955863796976405,0.25855600574616644,0.7826930382438243,11.598832547288703,0.16659669178170708,0.15216514695021832,0.05056008094990923,0.65
61.39751993699974,4.071216492397624,8.300258249422097,-0.048552708286911744,0.9076878901977892,0.25332038309418903,0.7608963179505412,11.585055158079907,0.16481979056147367,0.1537835705597823,0.017059495877416696,0.65
61.40465428400057,4.070116810734384,8.330602835240283,-0.03299044989718884,0.9103375745455824,0.2585272457239892,0.733319420362228,11.570847005947767,0.16337981595862422,0.1548832522230219,0.03372105393348694,0.65
61.440502719000506,4.06956664695887,8.360831346817196,-0.016504913265446446,0.9068553473074071,0.25144880017042187,0.7228360021780662,11.556281844930748,0.16181480512089502,0.15543341599853644,0.04877143370367654,0.65
61.45399667200036,4.069508580632019,8.39093745995535,-0.0017419898055321022,0.9031833941445746,0.24723260520668444,0.7309207122761743,11.541410364429286,0.16042770783111665,0.15549148232538723,0.0627440496423488,0.65
61.51257663599972,4.069508580632019,8.39093745995535,-0.0017419898055321022,0.9031833941445746,0.24723260520668444,0.7309207122761743,11.541410364429286,0.16042770783111665,0.15549148232538723,0.015350746290284186,0.65
61.51449321399923,4.069797775031579,8.421121230660223,0.008675831986808956,0.9055131211462192,0.24320661907405242,0.751271483631699,11.526257881490396,0.15885100679276085,0.15520228792582724,0.03044189126302038,0.65
61.63492522500019,4.071216969554149,8.482120693622178,0.02433776917284329,0.9182919959839382,0.24471274912401783,0.7480871034054296,11.495088384731403,0.15588318412217597,0.15378309340325735,0.03142437475160571,0.65
61.74601166100001,4.072101897193818,8.512799294082146,0.026547829190066756,0.9203580137990124,0.23934097097471257,0.7106816628439037,11.479353295742438,0.1544792515585371,0.15289816576358817,0.016468461775174734,0.65
61.75914806499895,4.073065222331519,8.543437918046168,0.028899754131048217,0.9191587189206684,0.21525492463667428,0.6960751224179244,11.463629582563488,0.1531287105345101,0.1519348406258869,0.032849593986351275,0.65
61.81222415299999,4.07407386587591,8.573835783684139,0.030259306331731215,0.9119359691391177,0.2284609001012825,0.6560486883308998,11.448042880449144,0.1518004024714617,0.15092619708149613,0.04715716579217497,0.65
61.9199096809989,4.076129020141137,8.633611935542305,0.030391270370011728,0.8914707001040034,0.2183285780631976,0.5953720012326151,11.41750357530499,0.1493762138360957,0.1488710428162694,0.04816977490231055,0.65
61.93291337699884,4.076129020141137,8.633611935542305,0.030391270370011728,0.8914707001040034,0.21763737876137074,0.6224570078505667,11.41750357530499,0.1493762138360957,0.1488710428162694,0.04816977490231055,0.65
61.98394431700035,4.077177558643178,8.662909973182133,0.03145615506124551,0.8789411291948206,0.21864195350015325,0.6174794641708746,11.402583814675,0.14820796338383874,0.14782250431422828,0.015010876535325967,0.65
62.01235357400037,4.078365035113948,8.691893401033056,0.03562429412310021,0.8695028355276793,0.21718522324116502,0.6397384772841304,11.387747115001124,0.14692885993645538,0.14663502784345805,0.029734380205432735,0.65
62.047649124999225,4.079637019413382,8.720628316802086,0.03815952898301416,0.8620474730708924,0.21519648059524646,0.6584002220499228,11.37300813191929,0.14558376877109722,0.14536304354402407,0.04260742281308052,0.65
62.10894812299921,4.081042568657447,8.749109942763495,0.04216647732195956,0.8544487788422472,0.2431398038387084,0.6682275921550634,11.358324366546618,0.14412919780271607,0.14395749429995863,0.045146018174062746,0.65
62.2193983319994,4.082521245245849,8.777345141123728,0.04436029765205117,0.8470559508070153,0.28507281640188853,0.6651186279464336,11.34374432666172,0.1426073133745478,0.1424788177115568,0.017435524938206267,0.65
62.22638725700017,4.084002766862944,8.805322434130257,0.04444564851282235,0.8393187901958673,0.28121791793771767,0.611448447844743,11.329334097851184,0.14109821945060547,0.14099729609446232,0.03469946329542179,0.65
62.330974745000276,4.086846071747827,8.860311316580052,0.04292936973121228,0.8179443785796013,0.2897953206932258,0.646421071147773,11.30122069026311,0.13821393710764857,0.13815399120957927,0.025900140912197375,0.65
62.35873556899969,4.086846071747827,8.860311316580052,0.04292936973121228,0.8179443785796013,0.2888234315552872,0.7029761754474331,11.30122069026311,0.13821393710764857,0.13815399120957927,0.025900140912197375,0.65
62.442378764999376,4.089674158192886,8.913220408876219,0.042716576892881906,0.7862360226480828,0.29731142312141734,0.7424616560934115,11.274276295445729,0.13536237160659192,0.1353259047645201,0.024877995667498803,0.65
62.46059715899901,4.0910799228290164,8.938968456097049,0.04217293908391076,0.7724414166248941,0.2953467510389447,0.7727348045430291,11.261204540738868,0.13394889045319716,0.1339201401283896,0.03697144246564353,0.65
62.49849476499912,4.092499619699888,8.964365934507278,0.04259090612614905,0.7619243523068766,0.2934995723209053,0.8012353159791226,11.248324369271904,0.1325232772351477,0.13250044325751809,0.04891738454281454,0.65
62.554788778999864,4.093923971663043,8.989530449648258,0.042730558894643306,0.7549354542294435,0.2881917898248547,0.8150116370664519,11.235588836813664,0.13109441912490244,0.13107609129436337,0.027016865177326148,0.65
62.59870245399907,4.0955354093944285,9.01441951288698,0.048343131941577425,0.7466718971616317,0.2831054167140006,0.7499915811880152,11.222853497911546,0.12947950215552076,0.12946465356297754,0.03987949015101852,0.65
62.685835213000246,4.099410636660607,9.063157878362292,0.06141782383307133,0.7256931253220525,0.2766067809296081,0.7266996317004093,11.197391043115395,0.12559979859899856,0.12558942629679937,0.037146307983629744,0.65
62.73921630199948,4.103897138173978,9.110972239725136,0.06846252036019099,0.7153668329622467,0.2557713331070608,0.7487640147985919,11.171950161766727,0.12111109720704637,0.1211029247834281,0.05972334153478056,0.7000000000000001
62.78537333699933,4.106256085070969,9.134801033014263,0.07076840690972094,0.7148637986738052,0.24795236989919306,0.7810312854007755,11.15921673859493,0.11875165448452786,0.11874397788643698,0.027467659001996866,0.7000000000000001
62.81561805700039,4.108619653316083,9.158677199037976,0.07090704735342676,0.7162849807114084,0.22100869875177032,0.8688272169562938,11.146495065957227,0.1163880844152624,0.11638040964132301,0.0370315642985249,0.7000000000000001
62.90385346599942,4.110921973174301,9.182638909045716,0.06906959574656167,0.7188513002321859,0.1976806152724604,0.8755875195916776,11.133827730158352,0.1140860317108773,0.11407808978310463,0.024114991052288724,0.7000000000000001
62.90570253799888,4.113266926147271,9.206804145253473,0.07034858918910263,0.7249570862327118,0.19067362923097536,0.8725928932858569,11.121070234527457,0.11174192804739337,0.11173313681013486,0.03519807520588977,0.7000000000000001
62.92580573499981,4.115701510375376,9.231204469388718,0.07303752684314826,0.7320097240573247,0.18005829149396668,0.8771934430811499,11.108167546846822,0.10930846962495816,0.1092985525820298,0.044421586358890174,0.7000000000000001
63.026599110999086,4.118153629572906,9.25587623991771,0.07356357592589162,0.7401531158697503,0.16201164268576307,0.8922656546125876,11.095169758313855,0.10685828525246084,0.10684643338449984,0.010964794016223408,0.7000000000000001
63.04732364099982,4.120556984501749,9.280754475469292,0.07210064786527931,0.7463470665474724,0.15458790403714312,0.882737820050125,11.082166319149252,0.10445723295170214,0.10444307845565692,0.022080152476461036,0.7000000000000001
63.0790784969995,4.122891824085031,9.30576553429656,0.07004518749845734,0.7503317648180311,0.14424174680402585,0.8860580770307105,11.069208267353543,0.10212588610653722,0.10210823887237463,0.031835136998541354,0.7000000000000001
63.14515564700014,4.125096085168557,9.330872833444438,0.06612783250576444,0.7532189744363549,0.13439375712993462,0.928201175395865,11.0563683929624,0.09992567662266708,0.0999039777888493,0.008710837395197341,0.7000000000000001
63.25175577899972,4.127266600991266,9.35615189922711,0.06511547468129161,0.7583719734801315,0.1301630924258554,1.003356852737199,11.043527799164126,0.09776104621329068,0.09773346196613986,0.01023386603626707,0.7000000000000001
63.301670278999154,4.131251056812007,9.407834212086552,0.05761671416319141,0.7815244969052312,0.12791838165923125,0.9721702224699662,11.017820804205211,0.09379342597254627,0.09374900614539872,0.02984136370703321,0.7000000000000001
63.370975992998865,4.132952293303987,9.43430106681095,0.051037094759384234,0.7940056417319288,0.11176008126486464,0.9686829120158833,11.005034598887715,0.09210438409385859,0.09204776965341921,0.025757270668591768,0.7000000000000001
63.38886861100036,4.13449843035302,9.461150853800055,0.046384111470998135,0.8054936096731511,0.11423875701692204,0.9934062889796365,10.992276512890147,0.09057468856920638,0.09050163260438637,0.033661608592592325,0.7000000000000001
63.42470379199949,4.135819522692438,9.488363647240156,0.03963277018256962,0.8163838032030739,0.12031363139608064,0.9976184603519538,10.979621233651606,0.0892752195415301,0.08918054026496769,0.04191698381128292,0.7000000000000001
63.4786621330004,4.135819522692438,9.488363647240156,0.03963277018256962,0.8163838032030739,0.12227408447193294,0.9931193469773875,10.979621233651606,0.0892752195415301,0.08918054026496769,0.009104540646942771,0.7000000000000001
63.49347285600015,4.1368838581917045,9.51588595543618,0.0319300649779871,0.8256692458807575,0.14190835864870371,0.9930368500225961,10.96712290569994,0.08823800639656734,0.08811620476570159,0.018564088134371454,0.7000000000000001
63.54999480100014,4.1368838581917045,9.51588595543618,0.0319300649779871,0.8256692458807575,0.1594173987665457,0.9821160206127392,10.96712290569994,0.08823800639656734,0.08811620476570159,0.018564088134371454,0.7000000000000001
63.607965223000065,4.138104014009559,9.571601146549948,0.0146559834511782,0.839406571016756,0.17747317234783222,0.9774809050967955,10.942840938788255,0.08710057427286745,0.08689604894784697,0.01990292483884838,0.7000000000000001
63.629239462999976,4.138104014009559,9.571601146549948,0.0146559834511782,0.839406571016756,0.18104758785476566,0.9663378645505863,10.942840938788255,0.08710057427286745,0.08689604894784697,0.01990292483884838,0.7000000000000001
63.712656477000564,4.138162120748033,9.62840958366073,-0.004284043318276072,0.8573926773732115,0.20658930382007798,0.9477515388166011,10.919401759437031,0.08718838066797706,0.0868379422093728,0.02180606508081157,0.7000000000000001
63.74278857999889,4.137661162632579,9.657347917367993,-0.01502874346362436,0.8681500112178908,0.23299340631614893,0.9222658223895618,10.908040733231324,0.08780758413467989,0.08733890032482705,0.032006098698308665,0.7000000000000001
63.84311944000001,4.136952500009487,9.686633626309048,-0.02125987869275419,0.8785712682316421,0.2580080075299943,0.896316109004622,10.8967939429675,0.08866355208853664,0.08804756294791893,0.011167007320890503,0.7000000000000001
63.84537279899996,4.135979840227256,9.716241277638334,-0.029179793466947802,0.8882295398785873,0.28203920062524207,0.8936525029346702,10.885726355197416,0.08983048404528093,0.08902022273015042,0.02269592976368442,0.7000000000000001
63.85467875100039,4.13488425494117,9.74618348015657,-0.03286755858256333,0.8982660755470894,0.34135839120053624,0.8679481870031068,10.874706897240078,0.09120367633002754,0.09011580801623609,0.033529563374127165,0.7000000000000001
63.930424553000194,4.133603078094006,9.776435917913837,-0.03843530541492114,0.9075731327180012,0.36103585728867593,0.8542947194712206,10.863805685710824,0.09280474238831656,0.0913969848634002,0.015675253908370806,0.7000000000000001
63.93223206699986,4.132228015057541,9.806981059444041,-0.04125189109396816,0.9163542459061581,0.35071627060880795,0.8561320469899499,10.852948445826874,0.09469639336194947,0.09277204789986548,0.031007293568672756,0.7000000000000001
64.02047452499937,4.130735713549701,9.837788587156272,-0.04476904523519128,0.9242258313668963,0.41640736106732834,0.73671545595396,10.842171209719423,0.09681913021119436,0.09426434940770534,0.044436964519745756,0.7000000000000001
64.04340891299944,4.130735713549701,9.837788587156272,-0.04476904523519128,0.9242258313668963,0.41640736106732834,0.73671545595396,10.842171209719423,0.09681913021119436,0.09426434940770534,0.013774657480415314,0.7000000000000001
64.07343670099908,4.127415238385175,9.900089988566535,-0.04997242222536092,0.9376823651448132,0.5095658053029668,0.779105357765002,10.820891411142211,0.10218480410605807,0.09758482457223128,0.04088142158643969,0.7000000000000001
64.16143297800045,4.127415238385175,9.900089988566535,-0.04997242222536092,0.9376823651448132,0.5570151406647887,0.7720616506992856,10.820891411142211,0.10218480410605807,0.09758482457223128,0.0,0.7000000000000001
64.22557123799925,4.1245029225025664,9.962989788798978,-0.04199795457396418,0.9449869993855894,0.6282509848998334,0.8217287122586003,10.799323841368095,0.10867871905463511,0.1004971404548396,0.03039826935848634,0.7000000000000001
64.27992911699948,4.123223443686568,9.99445021272139,-0.03838436447996493,0.9438127176723246,0.6479808507016106,0.8044282237724711,10.788494311553801,0.11254727115988007,0.10177661927083825,0.044818225794610006,0.7000000000000001
64.32096853099938,4.122345315042737,10.025783597011287,-0.026343859314922405,0.9400015286969535,0.714048924679353,0.7316429603176045,10.77742234073769,0.11692557088331118,0.10265474791466911,0.05844371140816428,0.7000000000000001
64.3903447979992,4.121860573664234,10.057000300408712,-0.014542241355074112,0.9365011019227494,0.7252933636236717,0.7107786694101964,10.766109463603437,0.12187543392990037,0.10313948929317185,0.03952649356129275,0.7000000000000001
64.39256890199977,4.121683556020244,10.088147698731165,-0.005310529319701509,0.9344219496735979,0.7143387506856969,0.7196035615208077,10.75461565763244,0.12759286600115394,0.10414969342219732,0.05678384532415233,0.7000000000000001
64.41343973599942,4.121683556020244,10.088147698731165,-0.005310529319701509,0.9344219496735979,0.7828068320112869,0.6588034262225069,10.75461565763244,0.12759286600115394,0.10414969342219732,0.05678384532415233,0.7000000000000001
64.51188973999888,4.122558042116946,10.150198218594621,0.025239515414612033,0.9285604037943875,0.8346211373803494,0.6303486702060795,10.730809947777397,0.14238262537860247,0.1270791766372742,0.03855013136728408,0.7000000000000001
64.53060959699906,4.124548162025082,10.180968766179275,0.0597035972440825,0.9231164275396252,0.9114493120073826,0.6357931730588574,10.717669764618593,0.14813214641916533,0.14596134733428828,0.05518178076423018,0.7000000000000001
64.62081677800052,4.131837708208166,10.242358686437745,0.12502586357369372,0.9210065829340419,0.9880706709476714,0.6136813220132237,10.68857595658107,0.15530546409788143,0.14316235549429823,0.05312705649368963,0.7000000000000001
64.62909829300042,4.131837708208166,10.242358686437745,0.12502586357369372,0.9210065829340419,0.949458693082053,0.6774510890478993,10.68857595658107,0.15530546409788143,0.14316235549429823,0.05312705649368963,0.7000000000000001
64.7287581569999,4.1371543132457225,10.273010318984701,0.1594981511267083,0.9195489764086717,0.9905790448070915,0.5338833920337829,10.672588448763303,0.1577013616550535,0.13784575045674163,0.01920130216746797,0.7000000000000001
64.74307431899979,4.143575315252057,10.303597056144335,0.19263006019001633,0.9176021147890386,0.9745489761693589,0.5560156294199468,10.655658957341593,0.16024374345489278,0.1314247484504074,0.03761476321869599,0.7000000000000001
64.77754115800053,4.150993706131195,10.334138618186662,0.2225517263741535,0.9162468612698182,1.0043995098153358,0.43852140265570067,10.63787752244188,0.16245568629667398,0.12434262442317938,0.055128567845497835,0.75
64.83986486100002,4.1593320374499125,10.364440595401083,0.25014993956153336,0.9090593164326408,1.0034737676798866,0.40469331951525456,10.61938244941565,0.16651844332308177,0.1222073677261369,0.043312800494262595,0.75
64.88878647300044,4.178912527524273,10.423965778221232,0.3101636922080066,0.886682533806051,0.980763320078676,0.32264068342658947,10.580227040862754,0.1752991200969093,0.13792341251319143,0.08376781824256543,0.75
64.96077024099941,4.190262323170936,10.453244682281495,0.3404938693998992,0.8783671218078757,0.9725300314865478,0.25754049359937586,10.55943772986392,0.1816642444459229,0.15060120665307644,0.025918898044225827,0.75
64.98150896799962,4.202965576366885,10.482183884211892,0.3810975958784719,0.8681760579119352,0.8837320845524703,0.2089768513165988,10.537546385674183,0.18692500495514797,0.16208175610220202,0.05119837748215398,0.8
65.05376464399887,4.217010132303668,10.51090305296221,0.42133667810348624,0.8615750625095191,0.79891652541356,0.15160187890846716,10.514518801173182,0.193522920559697,0.17245827433393984,0.07558679374587762,0.8
65.13667845300006,4.249220342732351,10.567430839057502,0.5023363782718789,0.8443576545733402,0.6954530443855094,0.07810432122288641,10.465032476436951,0.20440373908900955,0.1896533969898157,0.07850746748119017,0.8
65.18989625199902,4.267142681882028,10.595318027733187,0.53767017449031,0.8366156602705594,0.6954530443855094,0.07810432122288641,10.438768067410932,0.20955214638274583,0.19669960966316002,0.02167669839140118,0.8500000000000001
65.1919557479996,4.267142681882028,10.595318027733187,0.53767017449031,0.8366156602705594,0.6856789555769724,0.067268163063474,10.438768067410932,0.20955214638274583,0.19669960966316002,0.02167669839140118,0.8500000000000001
65.21494544000052,4.286247531284137,10.622728408456068,0.5731454820632633,0.8223114216864332,0.7757956481084827,-0.005742643984029849,10.411587546507263,0.21388327412414176,0.2025725071814335,0.042560049536059005,0.8500000000000001
65.28778986999896,4.306347574281293,10.649759224068333,0.6030012899146857,0.8109244683679568,0.8318670666144821,-0.04759754995529264,10.383630831635312,0.2181919140846498,0.20747330349643994,0.06279466881072444,0.8845903006477066
65.31085461200018,4.327413246816021,10.676213451822827,0.6319701760418317,0.7936268326347933,0.8108661365923442,-0.07347951326778057,10.354987502454359,0.22150055346640643,0.21128358743313472,0.07779447427992672,0.9
65.42451941400032,4.371631045709012,10.727361238030738,0.6708445927904477,0.7541964066099035,0.7729197920822933,-0.19124451264726589,10.296400085930532,0.2275925911687237,0.21618382845705142,0.04993395522544902,0.8500000000000001
65.43255616299939,4.394194790934402,10.7514310126685,0.6769123567616966,0.7220932391328313,0.8389276940210992,-0.2045336558221671,10.26720843361248,0.23039932516028977,0.21724875206720612,0.0731529102235334,0.8
65.48806985599913,4.416814875146672,10.774301034169499,0.6786025263681008,0.6861006450299951,0.9294796393502027,-0.25060879125198515,10.238376227386198,0.2324484665734628,0.21742548441893747,0.09513347726962715,0.8
65.54179013199973,4.439439738128806,10.796009801560684,0.6787458894640244,0.6512630217355558,0.9913583802764312,-0.27123788338129823,10.209935151832644,0.23454633404482206,0.21677770701436258,0.03512476895181755,0.8
65.55536267000025,4.4619745408922435,10.816615086460876,0.676044082903115,0.6181585470057509,1.0578178589027427,-0.2767024689484432,10.181952231319176,0.23672148014828162,0.21541333184884132,0.05285613235633497,0.75
65.5989723090006,4.4843785730369445,10.83622502901327,0.6721209643410407,0.5882982765718138,1.1268430598517414,-0.2793930509537368,10.154427728233161,0.23829833235273995,0.2134376121508779,0.07003653454832601,0.75
65.64987680299964,4.4843785730369445,10.83622502901327,0.6721209643410407,0.5882982765718138,1.1268430598517414,-0.2793930509537368,10.154427728233161,0.23829833235273995,0.2134376121508779,0.018288973790478166,0.75
65.66516491499897,4.506857934536703,10.85463327325898,0.6743808449927523,0.5522473273712942,1.1614218655372253,-0.2773562860199387,10.127229625084993,0.2410280268298914,0.21055889753353377,0.03537390596269364,0.7000000000000001
65.69573560000026,4.5294725457233875,10.871825953237042,0.6784383356005393,0.5157803993419015,1.2121986505852933,-0.20267879869129657,10.100302145443782,0.24318787994558783,0.2067270515389787,0.051544666113771356,0.7000000000000001
65.76086174000011,4.5523412934189595,10.88776579457997,0.6860624308671532,0.4781952402877994,1.2092000701359518,-0.20674000988284708,10.07354135186942,0.2443832945507862,0.20380831006150515,0.04128698977786263,0.7000000000000001
65.77738548599882,4.575552257912977,10.902409419950509,0.6963289348205388,0.4393087611161688,1.1987051402883835,-0.23611972662865688,10.046874653809901,0.24678718626065127,0.20338120081192046,0.05998464798137741,0.65
65.8121962690002,4.599243640017374,10.915675046207879,0.7107414631318881,0.3979687877211121,1.1925495647790292,-0.25446204404550954,10.020194450363402,0.2497442156542548,0.20517297320455416,0.07615735967516878,0.65
65.9217663569998,4.6486065696550085,10.93802160246941,0.7510167359512635,0.31470870981529975,1.052765679679961,-0.269188744716934,9.966290441363755,0.252126492054109,0.21465030135840482,0.045905313474024934,0.65
66.06835071400019,4.7290744665922375,10.962646478613616,0.8342584392419461,0.21677761276679253,0.8146531722469095,-0.2521892976471377,9.882167397430035,0.2538458296206542,0.23764631879866194,0.07125285326165803,0.6000000000000001
66.11175106900009,4.7290744665922375,10.962646478613616,0.8342584392419461,0.21677761276679253,0.8146531722469095,-0.2521892976471377,9.882167397430035,0.2538458296206542,0.23764631879866194,0.07125285326165803,0.6000000000000001
66.17842237200057,4.787981797945174,10.97500802497545,0.8997782912106995,0.17696444981091847,0.6123919018663561,-0.23346394356674607,9.82238554727762,0.252171399744582,0.2424400000689044,0.11436518264716736,0.6000000000000001
66.25174773300023,4.818991874163277,10.980298211174205,0.930302286543106,0.15870558596261844,0.5134652332806534,-0.24943227612007784,9.791304871315678,0.2497504476617406,0.23105200256414693,0.024007483828108477,0.6000000000000001
66.29935333600042,4.850942584975658,10.985131973616262,0.9585213243714165,0.14501287326175394,0.4122396684790088,-0.25880631401983906,9.759480820627934,0.24547731882422738,0.22280011321425208,0.048271055156155374,0.6000000000000001
66.39625488099955,4.917094696872239,10.993715980014443,1.0007819026155609,0.12126177005614168,0.4111032171429091,-0.2976246550517999,9.694057469348405,0.24021708671555558,0.21885864081064438,0.07002228814878803,0.6000000000000001
66.45985544599898,4.950899833835129,10.997409965397651,1.0141541088866952,0.11081956149622232,0.45162640624783096,-0.30576739492803867,9.660853936031321,0.238537537155195,0.22240980483763906,0.06765057260169875,0.6000000000000001
66.51465826799904,5.018991829483604,11.004211666211129,1.017895090619802,0.09900112569381583,0.49084308672613003,-0.3199838557819819,9.594196933595265,0.23833805826910393,0.2292115056511168,0.11137159680031354,0.55
66.57942899199952,5.052340670570994,11.00720318633939,1.0004652326216954,0.08974560384784064,0.4700598269644923,-0.3254476121644785,9.561669910219289,0.23899022514265117,0.2322030257793788,0.07033491041036144,0.55
66.61098758699882,5.085004420062672,11.009914143459712,0.9799124847503348,0.08132871360965516,0.43296259441186125,-0.3292527479484039,9.529888556907675,0.2400333791081011,0.2349139828997,0.09172671579060426,0.55
66.68695962299898,5.116587940834567,11.012213899918383,0.9475056231568424,0.06899269376009387,0.4301813486020053,-0.33041573926497875,9.4992691942389,0.24096269337995227,0.23721373935837065,0.026715226242693103,0.55
66.74376866199964,5.1467855963975495,11.01404033354773,0.905929666889496,0.05479300888038371,0.2926244430116138,-0.32758173497975673,9.470121182954555,0.24196067422634443,0.23904017298771763,0.052035957698718875,0.55
66.75309725199986,5.1467855963975495,11.01404033354773,0.905929666889496,0.05479300888038371,0.26161295690189823,-0.3261784494381652,9.470121182954555,0.24196067422634443,0.23904017298771763,0.052035957698718875,0.55
66.79837228100041,5.175637817669969,11.01540708797242,0.8655666381725838,0.041002632740707645,0.2277652303489312,-0.3196127764483989,9.442401908112851,0.2426043118895809,0.24040692741240832,0.02546752927335198,0.55
66.85872571599975,5.229401810483511,11.016355144441098,0.7884598763272598,0.00490582229688695,0.1333750514484131,-0.30299439057031524,9.391292660495045,0.24269179484122966,0.24135498388108623,0.07173930606984054,0.55
66.90995560999909,5.229401810483511,11.016355144441098,0.7884598763272598,0.00490582229688695,0.16757702078265296,-0.29515436455474897,9.391292660495045,0.24269179484122966,0.24135498388108623,0.04267485495309937,0.55
66.91621653099901,5.254663292545243,11.015946623063915,0.7578444618519768,-0.012255641315517462,0.2331944845130149,-0.2863387708567166,9.36756994636482,0.24201708723241816,0.24094646250390284,0.06192578465304279,0.55
66.97822644699954,5.279037863740025,11.015026667145975,0.7312371358434658,-0.027598677538178854,0.33471917102138077,-0.27573048806673406,9.344861340531095,0.2408645475460648,0.2400265065859628,0.07860514212868136,0.55
67.02433302399913,5.3025556611662354,11.01348548901264,0.7055339227863234,-0.046235344000032985,0.4058779540540402,-0.2738852086239484,9.323175356144159,0.23916906907430296,0.2384853284526276,0.03224191429027742,0.55
67.06318272399949,5.325294847102537,11.011369583855778,0.6821755780890432,-0.06347715470585934,0.4713320681940749,-0.2731637894335636,9.302423789949398,0.23690783286476713,0.23636942329576627,0.04688262447335684,0.55
67.11790712999937,5.347367521972262,11.008736520691663,0.6621802460917567,-0.07899189492343922,0.5131634186133607,-0.27536903269060437,9.28248270636318,0.23418459135922506,0.2337363601316511,0.05970975346831632,0.55
67.15067216399984,5.368766321915679,11.005592411084432,0.6419639983025139,-0.09432328821692458,0.47841892309072875,-0.27794203675170587,9.263357915337835,0.2309530614780261,0.23059225052442045,0.029743461267663876,0.55
67.1864975009994,5.389323959309519,11.00201892834042,0.6167291218151945,-0.10720448232036914,0.4561419368845919,-0.27963509044511925,9.245180571855816,0.22731884481713974,0.22701876778040742,0.04309727365651312,0.55
67.25582319900059,5.408819704108333,10.998055452391736,0.584872343964411,-0.1189042784604986,0.4184933653484575,-0.26652926101405633,9.228145800329132,0.22330577154476125,0.22305529183172368,0.013113485372023396,0.6000000000000001
67.36698644100034,5.444458047182543,10.989065572761243,0.5195964196430883,-0.13958245652051698,0.40300740150377623,-0.2576819901301163,9.197625753832472,0.21424434085210925,0.2140654122012311,0.015863641779277578,0.6000000000000001
67.3689075179991,5.444458047182543,10.989065572761243,0.5195964196430883,-0.13958245652051698,0.41665517382400613,-0.22738120873307527,9.197625753832472,0.21424434085210925,0.2140654122012311,0.015863641779277578,0.6000000000000001
67.39108190799925,5.4610295685788355,10.984160328657959,0.4971456418887704,-0.1471573230985152,0.49899590901415736,-0.23657406903417894,9.18369571427963,0.20931284593076252,0.2091601680979469,0.02268248306182499,0.6000000000000001
67.4175254820002,5.4610295685788355,10.984160328657959,0.4971456418887704,-0.1471573230985152,0.5343679321695959,-0.2305614876315059,9.18369571427963,0.20931284593076252,0.2091601680979469,0.02268248306182499,0.6000000000000001
67.49920805399961,5.492912790955884,10.973884236468905,0.47607791156386275,-0.15578702586445828,0.6644848073613148,-0.2231235326023853,9.157213003479193,0.19899711384175556,0.198884075908893,0.010882907027411957,0.6000000000000001
67.5906469829988,5.508699291164497,10.96854282870612,0.47359500625837037,-0.16024223288352413,0.7177084857996308,-0.21928617358476676,9.144204278409646,0.19364013635372518,0.1935426681461081,0.006308422591907941,0.6000000000000001
67.59264404199894,5.524442058434343,10.963072176247488,0.4722830180953996,-0.16411957375896474,0.7383595571374708,-0.1960882942464362,9.131292908486863,0.18815395737234025,0.18807201568747622,0.012490553766072957,0.6000000000000001
67.65675468100017,5.555610204734328,10.95188383840381,0.46581166736491564,-0.16888878265800922,0.6930490137275884,-0.21727380025922677,9.105889980685209,0.176946336314827,0.176883677843799,0.02412485886239258,0.6000000000000001
67.69691835699996,5.571056328914482,10.946229317583244,0.4633837254046158,-0.16963562461703388,0.7234785662580914,-0.22087112964210212,9.09335744716005,0.17128233454964903,0.17122915702323205,0.011837534816585685,0.65
67.73327242899904,5.58643750467344,10.940607810535745,0.4614352727687344,-0.16864521142495786,0.7694880155300803,-0.21951546229826358,9.08088681620241,0.16565406177314446,0.1656076499757333,0.015637181385678153,0.65
67.80931101999886,5.601886090422218,10.935044561159039,0.4634575724633295,-0.16689748130120063,0.7883418544625853,-0.2194671705108626,9.068345105365607,0.16008491709292175,0.16004440059902691,0.005296380148849916,0.65
67.8189679499992,5.617566333078185,10.929589693552721,0.470407279679017,-0.1636460281895474,0.7600006093165859,-0.19379679604126065,9.055560856454766,0.15462406576699814,0.15458953299270917,0.010822033502101711,0.65
67.8551590169991,5.633587011222855,10.924315301004858,0.4806203443401229,-0.15823177643588685,0.7603385297519429,-0.18903151927394482,9.042406881133264,0.14934481147410422,0.1493151404448465,0.01670118292146216,0.65
67.93006230299943,5.6501185727311976,10.919306828497623,0.49594684525028754,-0.15025417521707948,0.7715755122998879,-0.18612678134693922,9.028693437377532,0.1443324274234489,0.14430666793761127,0.004799787159236337,0.65
67.96476087699921,5.667297257936597,10.914567693256872,0.5153605561619798,-0.1421740572225289,0.8076061673932191,-0.18618841867611793,9.014291681371668,0.13958922750989358,0.1395675326968604,0.010177825117973436,0.65
68.03298342500057,5.685180688763286,10.910122010374863,0.5365029248006905,-0.13337048646028,0.8336377926939125,-0.1853302125527824,8.999139160467362,0.13514024133235258,0.1351218498148512,0.004081648510532058,0.65
68.03510979599923,5.7037297530043665,10.905981946871817,0.5564719272323947,-0.12420190509139634,0.866289430898113,-0.1828097947605444,8.983268079284558,0.13099747561802355,0.13098178631180524,0.008735866330531744,0.65
68.06975259499995,5.7228658236586964,10.902196249804787,0.5740821196298926,-0.11357091201088852,0.9346396822888992,-0.17467289174920242,8.966734401842627,0.12720899081998432,0.12719608924477477,0.013970782150289254,0.65
68.08034107899948,5.7228658236586964,10.902196249804787,0.5740821196298926,-0.11357091201088852,0.9725290316561139,-0.13822322416516547,8.966734401842627,0.12720899081998432,0.12719608924477477,0.013970782150289254,0.65
68.14784649499961,5.763135802183238,10.895339401726911,0.613754140279928,-0.09955792742865005,1.0309168500307655,-0.15687003616051456,8.931581842146606,0.12034847552704345,0.12033924116689931,0.009715063080006537,0.7000000000000001
68.16181400499954,5.763135802183238,10.895339401726911,0.613754140279928,-0.09955792742865005,1.0605459263032944,-0.0802515143899391,8.931581842146606,0.12034847552704345,0.12033924116689931,0.009715063080006537,0.7000000000000001
68.20139274499888,5.784155452315751,10.892240646448235,0.6305895039753895,-0.09296265836029637,1.1141793367553634,-0.1197411954705209,8.91307974897278,0.1172482138586628,0.11724048588822278,0.015138821501488433,0.7000000000000001
68.26263483399998,5.828087920317855,10.886419620672743,0.6695703859956551,-0.08623541792018054,1.1058811978193945,-0.11279371494525106,8.87421141895935,0.11142505032989469,0.11141946011273163,0.019943647700659792,0.7000000000000001
68.36483176000002,5.851277303821206,10.883635842396885,0.6956815051005378,-0.08351334827574626,1.1005990819199918,-0.09833465052706478,8.85361081778328,0.10864070450827532,0.10863568183687278,0.007426489556227852,0.7000000000000001
68.40480877499976,5.875361160627998,10.880989597194368,0.7225157042037538,-0.07938735607549684,1.0287937456355898,-0.09790818559653906,8.8321408509759,0.10599387728019322,0.10598943663435634,0.015360700302172924,0.7000000000000001
68.4924828610001,5.900406767480091,10.878525142676908,0.7513682055627922,-0.0739336355237895,1.0022746160241074,-0.09207597556488017,8.80972357314071,0.10352932177805975,0.10352498211689642,0.012477946398446196,0.7000000000000001
68.49454901900026,5.900406767480091,10.878525142676908,0.7513682055627922,-0.0739336355237895,1.0169788855545272,-0.08673029277450633,8.80972357314071,0.10352932177805975,0.10352498211689642,0.012477946398446196,0.7000000000000001
68.64039774000048,5.9533924272565955,10.874406955418761,0.8090642827117356,-0.058044454758664016,1.092520618399061,-0.06000193211532397,8.761944158320746,0.09941147575006584,0.09940679485874959,0.01319056347159831,0.7000000000000001
68.70694255799935,5.981316900703139,10.872865746632698,0.8377342033963054,-0.04623626358188197,1.0843060098499555,-0.05311369250187086,8.736556000854398,0.09787084605428346,0.09786558607268603,0.01894100885049545,0.7000000000000001
68.728631132999,6.010144763882863,10.871817957167586,0.8648358953917219,-0.03143368395336801,1.0743517626570098,-0.050709311193136666,8.71016171164448,0.09682417007127017,0.09681779660757428,0.024261236280922152,0.7000000000000001
68.82455543600008,6.0398357279550465,10.871301761333818,0.8907289221655093,-0.015485875013044544,1.052637426781314,-0.052561786996613784,8.68278413924451,0.09630959517965282,0.09630160077380623,0.008822579344000107,0.7000000000000001
68.83516886600046,6.070314177884795,10.871260864641377,0.9143534978924552,-0.0012269007732668563,1.0476119572908336,-0.11992119096353272,8.654513897734192,0.09627085010859136,0.09626070408136478,0.018343471841102663,0.7000000000000001
68.87386899199919,6.1014960843315995,10.871786579017373,0.9354571934041555,0.015771431279869904,1.044853878720836,-0.18511666109746133,8.625394297095935,0.09680004069377315,0.09678641845736102,0.02564193615021621,0.7000000000000001
68.98939755699939,6.165338222458637,10.874275259979765,0.9644162501666087,0.044323172210776335,1.004852867940222,-0.265845748784883,8.565287947427949,0.09929933794794256,0.09927509941975288,0.03031954763090497,0.7000000000000001
69.05641645200012,6.165338222458637,10.874275259979765,0.9644162501666087,0.044323172210776335,1.001168398196086,-0.3006522325971107,8.565287947427949,0.09929933794794256,0.09927509941975288,0.02138593861587567,0.7000000000000001
69.07223186699957,6.197913643538816,10.876283207431852,0.9772626324053852,0.060238423562618014,0.9903867334922166,-0.3049290813680506,8.534361062414447,0.10131634529219255,0.1012830468718402,0.030200766762286193,0.7000000000000001
69.09875263499998,6.230894620246812,10.87887078892077,0.9894293012398829,0.07762744466754519,0.9651967499759251,-0.32207606990320625,8.502852043410403,0.10391539343936579,0.10387062836075778,0.03913519773056045,0.7000000000000001
69.1639116690003,6.264266026620976,10.881915277577917,1.0011421912249023,0.09133465971444361,0.9517067952720994,-0.3281137022781002,8.470820278004524,0.1069767386347781,0.10691511701790546,0.016241368450138276,0.7000000000000001
69.16949041299995,6.297947335509705,10.885423461021613,1.0104392666618789,0.1052455033108782,0.910641141006534,-0.32266906389348204,8.438336809136642,0.11050895548502421,0.11042330046160131,0.03176450147838176,0.7000000000000001
69.2227128529994,6.331845441943495,10.889390057162657,1.0169431930136792,0.11899788423132687,0.8094966067659397,-0.31134491554724864,8.40548876882838,0.11450638898206557,0.11438989660264554,0.04468564107637775,0.7000000000000001
69.27499655499923,6.365953172915464,10.893417698535918,1.0232319291590963,0.12082924119784325,0.742853704632563,-0.3113034639503875,8.372433957912063,0.1185785230413654,0.11841753797590648,0.03843087317516694,0.7000000000000001
69.31834259800053,6.400207448839445,10.89731808732022,1.0276282777194135,0.11701166352907902,0.6400775803851732,-0.31469624478318536,8.339303134238122,0.12254336471777653,0.1223179267602088,0.052871343773655946,0.7000000000000001
69.38822176299982,6.434572645519481,10.900900953274633,1.0309559004010838,0.10748597863235783,0.5979078312936355,-0.3620812608973708,8.306203178202262,0.12620994814467165,0.12590079271462074,0.018001009443896893,0.65
69.42012741299914,6.434572645519481,10.900900953274633,1.0309559004010838,0.10748597863235783,0.5887225364096481,-0.4029287483632575,8.306203178202262,0.12620994814467165,0.12590079271462074,0.018001009443896893,0.65
69.45698906600046,6.469009143952281,10.903975501369056,1.0330949529839992,0.09223644283270117,0.5897717624890142,-0.42693834551693866,8.273245677539926,0.12940035924818571,0.12897534080904371,0.03557365156876793,0.65
69.53467046399965,6.503300431116368,10.906471153905775,1.0287386149225988,0.07486957610159031,0.5866578007261714,-0.44702134751649336,8.240659611385043,0.13206791615208077,0.13147099334576318,0.03594055224619009,0.65
69.53685099699942,6.537349926051185,10.908348010647657,1.0214848480445236,0.056305702256486206,0.5769637058541176,-0.46952762831566863,8.208551550799616,0.1341661022893487,0.13334785008764527,0.052419209600663354,0.65
69.60400412299896,6.604662416105244,10.910372918741334,1.0064725724646402,0.022812849472067756,0.5596504462937386,-0.5249651241256783,8.14578457940326,0.136922925637556,0.13537275818132244,0.03579174441788293,0.65
69.67610140000033,6.6377637819662585,10.910594722240646,0.9930409758304451,0.006654104979342799,0.5646498902447813,-0.6363358123715693,8.11524955867247,0.13769272609224814,0.13559456168063377,0.05165341687190827,0.65
69.72080735499912,6.670160179502711,10.91030939187647,0.9718919260935688,-0.008559910925240036,0.6107439919241574,-0.6857869852202173,8.085582597054998,0.13813234658546497,0.13530923131645878,0.029109004568298086,0.65
69.76380033799978,6.7016089078674135,10.90947305791302,0.9434618509410799,-0.02509001890350715,0.649741762529965,-0.7411573006495915,8.057025066383353,0.1383062306293764,0.1344728973530085,0.042334172235317775,0.65
69.85763203199895,6.761672186203991,10.905847497223855,0.8874124047498042,-0.06356082124271148,0.745442252854266,-0.8786433523435594,8.003353379285663,0.1374993042388548,0.13084733666384274,0.025720384501616404,0.65
69.93415215599998,6.818391903805778,10.89983960764616,0.8388848511443223,-0.10058997306002303,0.7686834884943547,-0.9171294400188352,7.953794252012779,0.13593122693913184,0.12483944708614736,0.02568988923081571,0.7000000000000001
69.97428052599935,6.845677294565186,10.895820356944176,0.8185617227822303,-0.12057752105947193,0.7587148474761534,-0.9324726348498371,7.930445454043576,0.13470512389626438,0.12082019638416419,0.037398648134289496,0.7000000000000001
70.00822766300007,6.845677294565186,10.895820356944176,0.8185617227822303,-0.12057752105947193,0.7459087026697798,-0.9322922083297226,7.930445454043576,0.13470512389626438,0.12082019638416419,0.037398648134289496,0.7000000000000001
70.0574402000002,6.845677294565186,10.895820356944176,0.8185617227822303,-0.12057752105947193,0.7367900041770461,-0.9361448705690477,7.930445454043576,0.13470512389626438,0.12082019638416419,0.015371269994332252,0.7000000000000001
70.06382655699963,6.872341755682746,10.891133811681593,0.7999338335267991,-0.14059635787747127,0.7250952923955285,-0.9403965501849815,7.907962184480922,0.1339975896783852,0.11613365112158114,0.029831103690287762,0.7000000000000001
70.09442213399961,6.898472570513302,10.885893279504051,0.7839244449166834,-0.1572159653262774,0.6991992088358381,-0.9453690125294552,7.886220852118364,0.13272623875555462,0.11089311894403941,0.043522059587861144,0.7000000000000001
70.14369482899929,6.924085590187538,10.879890236981462,0.7683905902270691,-0.18009127567771427,0.6820286815433474,-0.9476365178827397,7.865294304909476,0.13263833573047637,0.10489007642144976,0.0549504112289771,0.7000000000000001
70.1727697440001,6.949259782208693,10.873189620500531,0.7552257606346653,-0.20101849442791223,0.6329505914723548,-0.955089455127769,7.845087054174961,0.13197995552910488,0.09818945994051909,0.044901322503697993,0.7000000000000001
70.20323565299987,6.974098697547015,10.865850091859098,0.7451674601496742,-0.22018585924296563,0.6178358583628955,-0.9548693089062872,7.825483691161137,0.13204027884410996,0.09084993129908625,0.05816281164993523,0.7000000000000001
70.21588628800055,6.974098697547015,10.865850091859098,0.7451674601496742,-0.22018585924296563,0.5977197325534346,-0.9549609009289396,7.825483691161137,0.13204027884410996,0.09084993129908625,0.05816281164993523,0.7000000000000001
70.27380889300002,6.998787063294725,10.85752788974507,0.7406509724312831,-0.2496660634208468,0.5901281538367836,-0.9324321252164882,7.806462102528354,0.13313378489275668,0.08588740024005244,0.02824143282493753,0.7000000000000001
70.32156620499882,7.023564200565591,10.847961269525998,0.7433141181259832,-0.2869986065721556,0.5701383873097869,-0.8996260469641403,7.787920102827189,0.13310254790844583,0.0876458493200542,0.04113472604889732,0.75
70.38314290100061,7.048659725985198,10.836995746957435,0.7528657625882063,-0.3289656770569013,0.5557811874463204,-0.8894759943034434,7.769723059113304,0.1348685096500352,0.09592271779616274,0.02230542745595207,0.75
70.45402574599939,7.100211544880203,10.811153139152342,0.7796796714456404,-0.406656376217015,0.5269343703927786,-0.8054592289002472,7.733922167344063,0.1400188767279684,0.11410187529679698,0.04170249276150035,0.75
70.45757375299945,7.100211544880203,10.811153139152342,0.7796796714456404,-0.406656376217015,0.5269343703927786,-0.8054592289002472,7.733922167344063,0.1400188767279684,0.11410187529679698,0.04170249276150035,0.75
70.50315854899964,7.126629469676302,10.796463860017857,0.7925377438829584,-0.4406783740345394,0.493931369375713,-0.797736216395288,7.716297530639622,0.14393105789996716,0.12239528017825758,0.03765338552304276,0.8
70.53250214699983,7.153313727381005,10.78064472912684,0.8005277311410884,-0.474573926730504,0.4277252236991779,-0.7822793127906471,7.698997959765063,0.14758186075752194,0.13007808502666715,0.04806121762134799,0.8
70.56338017800044,7.180296852998436,10.76387261133175,0.8094937685229322,-0.5031635338526812,0.3730149726664907,-0.7652121027889696,7.68192928866478,0.15144303578998747,0.13729835790059394,0.05794597280626057,0.8
70.66773714900046,7.207434563641801,10.746141531417354,0.8141313193009498,-0.5319323974318713,0.26111862480816717,-0.659278779447446,7.665234824958933,0.15566687375518048,0.1439498502771656,0.011414735704870288,0.8500000000000001
70.72119845099951,7.207434563641801,10.746141531417354,0.8141313193009498,-0.5319323974318713,0.2337561395208662,-0.6419638371526403,7.665234824958933,0.15566687375518048,0.1439498502771656,0.006518119667171703,0.8500000000000001
70.73877937699945,7.234799829418465,10.727626428133723,0.8209579732999382,-0.5554530985089453,0.1913488024936334,-0.5924105630399158,7.648782706442565,0.1596698473083353,0.1502078601905921,0.012639754746460128,0.8500000000000001
70.76247614199929,7.234799829418465,10.727626428133723,0.8209579732999382,-0.5554530985089453,0.1626814833944617,-0.5801575753392659,7.648782706442565,0.1596698473083353,0.1502078601905921,0.012639754746460128,0.8500000000000001
70.8309582719994,7.262359818610679,10.708464933584489,0.82679967576642,-0.5748448364770269,0.1358130563527722,-0.5608583779317622,7.6325509075849505,0.16422671479496992,0.15614649270440187,0.008571665356770872,0.8500000000000001
70.8469330049993,7.290020769951694,10.688724966531968,0.8298285402304482,-0.592199011575644,0.10393583875418792,-0.5606353324801775,7.616601241213277,0.16846937199516718,0.16174747440846726,0.01684533862210478,0.8514693182963202
70.86307279299945,7.31781040801995,10.668557300736431,0.8336891420477018,-0.6050299738661076,0.054311574699024825,-0.5654977498175285,7.600848285546276,0.1732274050576524,0.1671370226885231,0.024560080810898333,0.8845903006477066
70.89162442799898,7.31781040801995,10.668557300736431,0.8336891420477018,-0.6050299738661076,0.02282878467373879,-0.5745827606081627,7.600848285546276,0.1732274050576524,0.1671370226885231,0.024560080810898333,0.8845903006477066
70.942957837,7.34569438510537,10.648079978428196,0.8365193125626063,-0.6143196692470384,-0.03094295347382498,-0.5981051679969264,7.585274957094529,0.1778281934880454,0.1723743185073783,0.009746634908268598,0.848528137423857
70.98765621299935,7.373683565379549,10.627403171556434,0.8396754082253698,-0.620304206152863,-0.08805531869785942,-0.6825325385751171,7.569825725309763,0.18296357190528684,0.17754494732679565,0.019910733289384454,0.8845903006477066
71.04947597899991,7.4012947228892525,10.606460448320881,0.8283347252910916,-0.6282816970666061,-0.15216843462944585,-0.7623486182308,7.554963334705054,0.18766788393184608,0.18226024242194538,0.0125790316820915,0.8500000000000001
71.08419197100011,7.428325064801006,10.585454388517329,0.8109102573526092,-0.6301817941065765,-0.19182823094306567,-0.8175940194927742,7.540774316749878,0.19245976837469034,0.18652005315243497,0.02487802595258788,0.8500000000000001
71.1745508439999,7.480165886403021,10.54379585216693,0.7657107663892707,-0.6224108114901709,-0.2870962433730517,-0.934267537611219,7.5145719527200905,0.2013843181953563,0.19372001610182876,0.029573195579521913,0.8
71.18126194899924,7.480165886403021,10.54379585216693,0.7657107663892707,-0.6224108114901709,-0.2870962433730517,-0.934267537611219,7.5145719527200905,0.2013843181953563,0.19372001610182876,0.029573195579521913,0.8
71.23354400300013,7.504701935649338,10.523273667201318,0.7360814773895189,-0.6156655489683602,-0.3627493164115209,-1.0029919070286801,7.502728025016173,0.20551616246026316,0.19655824675347727,0.04513939204615217,0.75
71.27774787399903,7.528163238556664,10.503066357641822,0.7038390872197885,-0.6062192867848516,-0.3627493164115209,-1.0029919070286801,7.491793513344191,0.20952498601421934,0.1988591675156636,0.03442831465372598,0.75
71.2895359539998,7.550343306017272,10.483155502612327,0.6654020238182101,-0.5973256508848591,-0.3671562183411134,-1.0639038278692554,7.48194940689365,0.21333830333759762,0.20046374301365624,0.05158493359922885,0.7000000000000001
71.347765823999,7.550343306017272,10.483155502612327,0.6654020238182101,-0.5973256508848591,-0.4358002717659485,-1.0807419007126842,7.48194940689365,0.21333830333759762,0.20046374301365624,0.05158493359922885,0.7000000000000001
71.38058611199995,7.570989071155335,10.46341934393268,0.6193729541419007,-0.5920847603894089,-0.4358002717659485,-1.0807419007126842,7.473466570277551,0.21611739983762526,0.2011069319086139,0.01692201110439543,0.7000000000000001
71.41663160799908,7.589952836490092,10.443804078502321,0.5689129600427009,-0.588457962910757,-0.4201629608625735,-1.08031785037199,7.4664906540823885,0.21898155350964504,0.20064625177306958,0.03220826453792838,0.7000000000000001
71.49110655299955,7.622363600043197,10.403763809012252,0.45787300142721565,-0.607773550297698,-0.4377047161175591,-1.0395832173965942,7.458011484947776,0.22034999406813718,0.19525137638793932,0.04556125766944828,0.65
71.5270079689999,7.635923863876362,10.38276983134755,0.4068079149949166,-0.6298193299410468,-0.46897109331527687,-0.9833827150277417,7.4566802546671545,0.22021391593517517,0.1899949469282594,0.06629412854094012,0.65
71.5995453760006,7.635923863876362,10.38276983134755,0.4068079149949166,-0.6298193299410468,-0.48349136426049005,-0.9183935966099366,7.4566802546671545,0.22021391593517517,0.1899949469282594,0.0,0.65
71.71476754899959,7.6479717172108375,10.36095112088051,0.361435600034286,-0.6545613140112251,-0.5131724377113926,-0.7368418808437811,7.4571546505591515,0.21886781102027952,0.18308590759181745,0.022032875577679807,0.65
71.73162058199887,7.658717563285856,10.33832058694905,0.32237538225056417,-0.6789160179437719,-0.5151452635861455,-0.6778577854022632,7.459246036704609,0.2159897755659862,0.17527657469767008,0.04342134475846129,0.6000000000000001
71.77736075899884,7.668009574776897,10.31481876526001,0.2787603447312172,-0.7050546506712022,-0.5052695024143377,-0.6412294886950614,7.463115824505835,0.21299040828398189,0.168875959297635,0.06407097606668583,0.6000000000000001
71.82916146199932,7.675851120800751,10.290378384702295,0.23524638071564175,-0.7332114167314605,-0.49683670250285,-0.6230281853732945,7.468795463383667,0.21091288031525424,0.16440906325455704,0.021039686559134563,0.6000000000000001
71.94143742000051,7.687694296838734,10.23845477161679,0.15765922774130425,-0.7947422418992302,-0.43532280833198844,-0.5257558079191689,7.4852652579346595,0.20318570948326775,0.16324957738647974,0.03900483465066914,0.6000000000000001
71.98097698799938,7.691590007137227,10.211015326528136,0.11687130895480813,-0.8231833526596466,-0.39246975928028377,-0.492296792992018,7.496127028480941,0.19968382653948633,0.16658989500598942,0.05766381739626648,0.6000000000000001
72.05128005199913,7.693978715541798,10.18287657458674,0.07166125213710657,-0.8441625582419172,-0.3658960346961876,-0.4732319431728899,7.508725899035923,0.19501293410272966,0.1689786034105598,0.02138507250749224,0.6000000000000001
72.07455460799974,7.695025826569215,10.154257958984735,0.03141333082251534,-0.8585584680601217,-0.34648366252994933,-0.3940093830211753,7.522803627408512,0.18975459124553032,0.1700257144379771,0.04214671070387238,0.6000000000000001
72.0779896089989,7.695025826569215,10.154257958984735,0.03141333082251534,-0.8585584680601217,-0.34648366252994933,-0.3940093830211753,7.522803627408512,0.18975459124553032,0.1700257144379771,0.04214671070387238,0.6000000000000001
72.11882400099967,7.694878704007749,10.125403820200402,-0.0044136768439716895,-0.8656241635299486,-0.3149446088933471,-0.35120826133979505,7.538102785771165,0.1846040022563424,0.1698785918765111,0.06221938518954561,0.6000000000000001
72.18123540099987,7.691509430625454,10.067703040024925,-0.0656714357230358,-0.8620525598573509,-0.24001581863437627,-0.35986319433520153,7.5715368420939955,0.1726024443333281,0.16650931849421635,0.03196512705266046,0.6000000000000001
72.18872767599896,7.691509430625454,10.067703040024925,-0.0656714357230358,-0.8620525598573509,-0.24001581863437627,-0.35986319433520153,7.5715368420939955,0.1726024443333281,0.16650931849421635,0.03196512705266046,0.6000000000000001
72.27276097899994,7.691509430625454,10.067703040024925,-0.0656714357230358,-0.8620525598573509,-0.15508865470803898,-0.36940581686735485,7.5715368420939955,0.1726024443333281,0.16650931849421635,0.0,0.6000000000000001
72.27461944800052,7.688430649019666,10.039363575445824,-0.09236344817364203,-0.8501839373730288,-0.1462692749916401,-0.3689018899517985,7.589268061865156,0.1657837966207221,0.1634305368884279,0.0147748099636509,0.6000000000000001
72.28751039099916,7.688430649019666,10.039363575445824,-0.09236344817364203,-0.8501839373730288,-0.12754386449772132,-0.3684673724846287,7.589268061865156,0.1657837966207221,0.1634305368884279,0.0147748099636509,0.6000000000000001
72.31883911399927,7.684621196559495,10.011583796798083,-0.11428357380513261,-0.833393359432218,-0.1093515174946968,-0.3694039488636057,7.607380116849539,0.1584816661497568,0.15962108442825684,0.028629224383617716,0.6000000000000001
72.37909848399977,7.680263649280628,9.984402180033692,-0.13072641836598675,-0.8154485029317271,-0.08324541666725868,-0.3698738673067435,7.625690803360643,0.1504813219308484,0.15526353714939045,0.022155059755465074,0.6000000000000001
72.41173149099995,7.675530469709837,9.95797027064622,-0.14199538712374105,-0.7929572816241778,-0.032066692053756035,-0.37678015323311354,7.643966184153174,0.14191500626796175,0.15053035757859945,0.031240345945707872,0.6000000000000001
72.45465559100012,7.670523545351331,9.93233690688165,-0.15020773075519134,-0.7690009129370815,0.0033324146544619626,-0.3801301380937204,7.662087387822095,0.13234903335695675,0.14344381806971987,0.03870041861898458,0.6000000000000001
72.50665200999902,7.665325225844165,9.907570579723952,-0.15594958521498647,-0.7429898147309255,0.03601728943521931,-0.3735165082325562,7.679941659488931,0.12232119561672149,0.12237852136432277,0.02440877214761748,0.6000000000000001
72.54913096199925,7.660005021126833,9.883766753959017,-0.15960614151996036,-0.7141147729480186,0.07620162867207148,-0.3737511408934291,7.6974124297021325,0.11052933722850995,0.1033409337591756,0.029968153357298678,0.6020797289396148
72.59996058700017,7.654601774877242,9.860984718988782,-0.16209738748773006,-0.6834610491070677,0.09796184466133726,-0.3709293193242107,7.714428613517803,0.0987230204214992,0.08735739268904959,0.013215294107418125,0.6020797289396148
72.63013027200032,7.644012356497449,9.818042785521131,-0.1561508551249506,-0.6313308075362561,0.13461070233511008,-0.36262469778225537,7.7469306205545205,0.07761852312961826,0.06901224362115332,0.02121599147066205,0.6576473218982953
72.67466229799902,7.644012356497449,9.818042785521131,-0.1561508551249506,-0.6313308075362561,0.20104382654004274,-0.3736351731715176,7.7469306205545205,0.07761852312961826,0.06901224362115332,0.02121599147066205,0.6576473218982953
72.71278991200052,7.639119537836341,9.79779435171887,-0.14678455983326522,-0.607453014067804,0.20104382654004274,-0.3736351731715176,7.762212943901381,0.06801898363792658,0.06411942496004475,0.0038191274410606353,0.6670832032063168
72.7398748809992,7.634622005348367,9.77827958704597,-0.13492597463919698,-0.5854429401870139,0.28838988947470323,-0.42435625951376754,7.7767846788675525,0.058994510398521015,0.05962189247207128,0.0072821749940443796,0.6670832032063168
72.77105502799895,7.630578871191588,9.759448568594632,-0.12129402470336778,-0.564930553540166,0.31958519606835156,-0.43670043104448864,7.790622341671293,0.050583025143814846,0.05557875831529202,0.011242843859410807,0.6670832032063168
72.78667399599908,7.630578871191588,9.759448568594632,-0.12129402470336778,-0.564930553540166,0.3666203714873247,-0.4359013772269633,7.790622341671293,0.050583025143814846,0.05557875831529202,0.011242843859410807,0.6670832032063168
72.89567628499935,7.62420839812508,9.723640921075333,-0.08664476304407939,-0.528355195668838,0.5316004283720424,-0.5273079405212802,7.8159065794442615,0.0352773041959795,0.049208285248783845,0.014670986906285323,0.6800735254367722
72.95487424299972,7.62420839812508,9.723640921075333,-0.08664476304407939,-0.528355195668838,0.5937060835036893,-0.5670636079990018,7.8159065794442615,0.0352773041959795,0.049208285248783845,0.010709374497776897,0.6800735254367722
72.98418101300012,7.621993141406628,9.706600320447622,-0.06645770155353127,-0.5112180188313076,0.6034918822071635,-0.576529400371411,7.827294143206431,0.028257306408940464,0.04699302853033238,0.015322727198769356,0.6800735254367722
73.03950445199916,7.620512211393425,9.690103641007191,-0.04442790039609466,-0.49490038321294505,0.6236036360268467,-0.5899319645730936,7.837789733066315,0.022096991986334465,0.04551209851712912,0.0062980677952742484,0.696419413859206
73.05666581200057,7.619780287714831,9.674126374006597,-0.021957710357828158,-0.47931801001779745,0.6607303032826001,-0.6093485654503132,7.8473947825219845,0.015966984665555795,0.044780174838535025,0.01172693901723453,0.696419413859206
73.09106877299928,7.61984208356447,9.658675535046047,0.0018538754891728633,-0.4635251688164956,0.6780616799833192,-0.6133600130253039,7.856068331229087,0.009986398509630538,0.04484197068817419,0.01625016761597851,0.696419413859206
73.14804294299938,7.620705530942599,9.643677588433023,0.02590342134387182,-0.44993839839072913,0.7193653804936517,-0.6198436004654314,7.863845513016639,0.004920698130226112,0.04552555907299725,0.005875216655262603,0.7158910531638177
73.16893329499908,7.6226538262898735,9.62893256448287,0.05844886041822321,-0.4423507185045916,0.7302135817224945,-0.6144203288104255,7.870607185409455,0.000952425691282843,0.036476905500897536,0.010665894926916168,0.7158910531638177
73.20662315499976,7.6258972390250985,9.614338357625801,0.09730238205673825,-0.4378262057120958,0.7437579526731919,-0.6012577202746188,7.876240659701177,0.0038275199817096256,0.028450682005489846,0.014228826310761031,0.7158910531638177
73.26042185400001,7.6305909849199915,9.599876198928042,0.14081237684679687,-0.4338647609327607,0.7467202430887439,-0.5772048403887231,7.8806324130346805,0.007757009425074505,0.02154337107115326,0.008895037006571618,0.73824115301167
73.31085669599997,7.636932405700001,9.585381747663064,0.1902426234002943,-0.4348335379493376,0.7382065985008139,-0.5419949358499714,7.883718709646138,0.010321559577023999,0.015778307928011454,0.011322210114736036,0.73824115301167
73.32083802799934,7.644922888756062,9.570882846700188,0.23971449168179965,-0.43496702888625116,0.7516852326912941,-0.5092001144681737,7.885488107937261,0.011504858964908353,0.011176161491306532,0.012424483970200954,0.73824115301167
73.38969126899974,7.654499754280165,9.556377876592748,0.287305965723091,-0.43514910322322886,0.7296675721057816,-0.5147653163043356,7.885998695022101,0.012929986159342923,0.007691465322031703,0.0058463608094785876,0.6946221994724903
73.39434333899953,7.66565854584613,9.541824895689906,0.33476374697895306,-0.4365894270852565,0.7144574469065514,-0.47267498532686125,7.885284410228668,0.013231050070571725,0.005291411025294932,0.007014160236819066,0.7211102550927979
73.4765751319992,7.692457686179407,9.512565604940457,0.4238342891003183,-0.4396462933547565,0.7056035122525729,-0.4458937190503601,7.880428467562958,0.01105993274772969,0.0035518219832813675,0.001775239809741309,0.7211102550927979
73.50130273300056,7.707967931608753,9.497929810251378,0.46530736288038854,-0.43907384067239996,0.7006084427897941,-0.40615868964468105,7.876364897255268,0.009230666433469545,0.00417015203153771,0.0011760819838145377,0.7106335201775948
73.58783585499987,7.7429371324578575,9.468939210768362,0.5434829854965887,-0.4333347715760398,0.6931299007483614,-0.366432325329256,7.865047510056242,0.0029433674132299027,0.008397661599509902,0.0032175094881502324,0.7106335201775948
73.6289159120006,7.7429371324578575,9.468939210768362,0.5434829854965887,-0.4333347715760398,0.6862913081977747,-0.3162830368131644,7.865047510056242,0.0029433674132299027,0.008397661599509902,0.0032175094881502324,0.7106335201775948
73.6463451439995,7.7429371324578575,9.468939210768362,0.5434829854965887,-0.4333347715760398,0.6798957776360539,-0.3073518704716306,7.865047510056242,0.0029433674132299027,0.008397661599509902,0.0032175094881502324,0.7106335201775948
73.69684540799972,7.762199705570387,9.454601624309843,0.5778771933758915,-0.4301275937555521,0.6664543719670282,-0.29823229386285544,7.857953845686346,0.0009140512603979267,0.011880153059814231,0.003425282215224828,0.6726812023536856
73.77056840299883,7.803801572386279,9.426607317694886,0.6381001915058021,-0.415262004305278,0.6361670016031369,-0.27523904491430434,7.841091365550365,0.010595355824794749,0.021502151153299478,0.012549154098703105,0.6726812023536856
73.80918177999956,7.803801572386279,9.426607317694886,0.6381001915058021,-0.415262004305278,0.6622026491071238,-0.2692550686212184,7.841091365550365,0.010595355824794749,0.021502151153299478,0.00044862343871200264,0.6726812023536856
73.82153405600002,7.803801572386279,9.426607317694886,0.6381001915058021,-0.415262004305278,0.6702522712874157,-0.25935801306970074,7.841091365550365,0.010595355824794749,0.021502151153299478,0.00044862343871200264,0.6726812023536856
73.86313097600032,7.825799571348931,9.413135095325808,0.6599399688795662,-0.40416667107234994,0.6786452153050138,-0.24525645367358656,7.831493705133898,0.016100935452705665,0.02753078559749783,0.0021435769742328813,0.6726812023536856
73.91749298499963,7.848381717201455,9.400072739596846,0.6774643755757457,-0.391870671868867,0.6899225162212506,-0.22922357152122141,7.821256127176869,0.022082459052376078,0.03426229374934137,0.003336199045788318,0.6726812023536856
73.94080252599997,7.8714232644554025,9.387491065838745,0.6912464176184069,-0.37745021274303187,0.6969975944552388,-0.21012247073707405,7.810435878049127,0.027869760685677113,0.04165854122860711,0.0073332804986656,0.6800735254367722
73.94666947099904,7.8714232644554025,9.387491065838745,0.6912464176184069,-0.37745021274303187,0.6969975944552388,-0.21012247073707405,7.810435878049127,0.027869760685677113,0.04165854122860711,0.0073332804986656,0.6800735254367722
73.98735354199925,7.894784352467764,9.375409672615575,0.7008326403708334,-0.36244179669508636,0.7024518369508043,-0.19237112054547903,7.7991316820523915,0.03424368949772391,0.0496344899037584,0.011898709398002673,0.6800735254367722
74.03224984900044,7.918411547394262,9.363858027492059,0.7088158477949487,-0.34654935370547585,0.6933064104524314,-0.17391991775663307,7.787366472764718,0.04001623901866247,0.05817319305600354,0.011820789171598619,0.651920240520265
74.06812574600008,7.942185525386799,9.352888379815319,0.7132193397761015,-0.3290894303022188,0.6970401159106412,-0.16715750898546633,7.77520082301726,0.04594169476150924,0.06722722185085545,0.018047931867950312,0.651920240520265
74.13690141400002,7.9660395586649315,9.342541520503737,0.7156209983439779,-0.310405779347441,0.6923863572530708,-0.15205796805471367,7.7626594592313785,0.051202884507004706,0.07677823615727013,0.004837884527485424,0.670820393249937
74.15503572600028,7.989894997577576,9.332820328257018,0.71566316737932,-0.29163576740155245,0.6831276120101577,-0.13049761052292896,7.749799040188529,0.05558288654578029,0.08677265782170927,0.010194206081812571,0.670820393249937
74.1853884939992,8.013681290947464,9.32374390908628,0.713588801096655,-0.272292575122128,0.6916842095838975,-0.11987747797893594,7.736659335537098,0.05815212463226619,0.09717410961833008,0.015598596250560877,0.65
74.24570516200038,8.037443674850348,9.315238152973564,0.712871517086507,-0.25517268338152826,0.7113779178911172,-0.09290458523935813,7.723246411216716,0.058775936965779034,0.09023801551035149,0.00406300095597147,0.65
74.26815475799958,8.061206068369266,9.307349211225118,0.7128718055675721,-0.23666825245339068,0.7223446464661267,-0.08114257354150795,7.709509305516446,0.05744296749958228,0.0823490737619057,0.008665699680226685,0.632455532033676
74.29873311099982,8.084988929604002,9.300078322058868,0.7134858370420477,-0.2181266749874881,0.7306803054263532,-0.06034275780367493,7.695427622384322,0.0558968962444306,0.07507818459565563,0.01320380593029033,0.632455532033676
74.35492028999943,8.108795016954318,9.293444793369877,0.7141826205094861,-0.19900586066972706,0.7392686643065205,-0.04714265183527716,7.680983667685704,0.052892547091864604,0.06844465590666537,0.006058750470671034,0.6670832032063168
74.35654719599916,8.108795016954318,9.293444793369877,0.7141826205094861,-0.19900586066972706,0.7402162924342464,-0.014353129798451603,7.680983667685704,0.052892547091864604,0.06844465590666537,0.006058750470671034,0.6670832032063168
74.46686612200028,8.156420229787011,9.28205052172051,0.7139813836537241,-0.16199145598578893,0.7644417002886055,0.006483239851782008,7.651063825386551,0.04709163757972974,0.05705038425729825,0.009365965679875844,0.6576473218982953
74.54146546099946,8.203846758782765,9.272924637535588,0.7099228302952942,-0.1287384050532142,0.7340383369825706,0.042948468641411,7.620057716239913,0.041276541748669626,0.047924500072376475,0.015763528057286428,0.651920240520265
74.57686423599989,8.203846758782765,9.272924637535588,0.7099228302952942,-0.1287384050532142,0.7340383369825706,0.042948468641411,7.620057716239913,0.041276541748669626,0.047924500072376475,0.007894174977458137,0.651920240520265
74.71955437900033,8.274600574891156,9.263263850103757,0.7071618315423905,-0.08102958719112174,0.6971930774087634,0.08586286650532948,7.57161112615879,0.034122960907230986,0.03826371264054451,0.009957091984666239,0.65
74.75165087099958,8.274600574891156,9.263263850103757,0.7071618315423905,-0.08102958719112174,0.681563794119862,0.12744783543545762,7.57161112615879,0.034122960907230986,0.03826371264054451,0.009957091984666239,0.65
74.7999165479996,8.298195708185053,9.26110408924642,0.7078539988168873,-0.06479282572008654,0.6563425841501968,0.13518123845562824,7.554855834205577,0.03218259490206699,0.03610395178320758,0.003964917711892884,0.65
74.90898641400054,8.345437436108504,9.258556922794224,0.7087494533043729,-0.028891294456417034,0.6092234418818627,0.1415056316010171,7.520276681849225,0.029689709199888552,0.033556785331011696,0.010764752151749725,0.65
74.9393388110002,8.36908850039876,9.258275923112173,0.709531928707679,-0.008429990461532907,0.5963520375098765,0.16381640854843363,7.502375533987685,0.029208945300293228,0.03327578564896072,0.014207625240109588,0.65
75.01965196899982,8.416413254843611,9.259798773644896,0.7095025146224625,0.03301644603856909,0.5828176235555909,0.18753402899607122,7.465300141409375,0.029542478696198533,0.03479863618168366,0.005775476405788346,0.651920240520265
75.02174494700012,8.416413254843611,9.259798773644896,0.7095025146224625,0.03301644603856909,0.561144777854049,0.23023009876353456,7.465300141409375,0.029542478696198533,0.03479863618168366,0.005775476405788346,0.651920240520265
75.05190740899889,8.440012939369993,9.261588037768098,0.7079905357914447,0.05367792369606115,0.6074460571126452,0.2525213855374221,7.446185858731157,0.030280724403846652,0.03658790030488568,0.00701078111029355,0.651920240520265
75.08876682899972,8.463483432514751,9.26408368550903,0.7041147943427336,0.07486943222796819,0.6299374897284159,0.3155196681294802,7.4267358655263624,0.03154627880856984,0.03908354804581826,0.00732894061932536,0.6576473218982953
75.1247543369991,8.486792414114113,9.267289106668926,0.69926944798086,0.09616263479687379,0.6484778991761914,0.3768388561825749,7.406969284448781,0.033004380325991345,0.04228896920571401,0.002611478549587669,0.6576473218982953
75.1536255810006,8.509873161309828,9.271150449326523,0.6924224158714748,0.11584027972788916,0.6584887722674433,0.4219825411965453,7.3869686648640664,0.03479553678067726,0.04615031186331109,0.002105282961273023,0.6670832032063168
75.18791987899931,8.532702190721222,9.275658734971879,0.6848708823418285,0.13524856936068558,0.6639531490426488,0.4424127503633348,7.366754613712432,0.03656056407144142,0.05065859750866686,0.0009269470452408531,0.6670832032063168
75.34500241800015,8.598957531343023,9.292727757449146,0.649822294316403,0.1875749350584789,0.6381452968889696,0.4468322834274569,7.305568742813085,0.04094114477766872,0.06772761998593424,0.006050380463683422,0.6800735254367722
75.36078453600021,8.620168617790453,9.299474672162516,0.6363325934228833,0.20240744140108297,0.5878769539833852,0.501712778661126,7.285162688688412,0.04148950615785623,0.07447453469930387,0.00874108285431007,0.696419413859206
75.39353593499982,8.640911813822285,9.306706824457551,0.6222958809549405,0.21696456885106896,0.6409976603992521,0.4823186547234231,7.2647989160861774,0.04080042055458441,0.08170668699433925,0.010811786467808171,0.65
75.51883670999996,8.661245001441213,9.314418405658436,0.6099956285678017,0.23134743602656832,0.5607972707366505,0.5787437629277297,7.244435597784615,0.03973503623096572,0.0729546079649081,0.001087873975861315,0.670820393249937
75.56774979900001,8.681197915468191,9.322694613444986,0.5985874208093509,0.24828623359647922,0.5750554129298111,0.6124730759666084,7.2239921641523,0.03626898502366812,0.0646979298003773,0.00022503627134426337,0.670820393249937
75.58756294399973,8.700768292203188,9.331531196842132,0.5871113020498998,0.26509750191438086,0.594657927433505,0.6252231313720967,7.2034712299813,0.03348075295016679,0.057107991743328125,0.00021551396225130784,0.6946221994724903
75.6228659999997,8.719953153470149,9.340918795160675,0.575545838008844,0.2816279495563194,0.6175227314101841,0.640503336801881,7.182879505122629,0.02977410388979923,0.050180280675434376,0.001022925395183271,0.6946221994724903
75.67576422899947,8.738879206129612,9.351144317157656,0.5677815797839163,0.3067656599094278,0.6172280099973659,0.6449132583449606,7.161930358704521,0.026364429924359983,0.04402807644407179,0.0007689859605193173,0.651920240520265
75.70619819000058,8.738879206129612,9.351144317157656,0.5677815797839163,0.3067656599094278,0.5515596881422089,0.6304348354780134,7.161930358704521,0.026364429924359983,0.04402807644407179,0.0007689859605193173,0.651920240520265
75.73276749399884,8.757568079477975,9.362280595511107,0.5606662004509086,0.33408835060351205,0.5018795894714589,0.6194670300854671,7.14055767997733,0.02382168153022143,0.03868758530761362,0.002459429092551611,0.6800735254367722
75.7864345429989,8.776199257305981,9.374199651607146,0.5589353348401711,0.35757168288118524,0.5077885548119441,0.6166359432124938,7.118710787830855,0.02076188547493921,0.03394139851479015,0.00013085664602119302,0.6800735254367722
75.80507639200005,8.794774500787145,9.386923125765536,0.5572573044349215,0.38170422475172566,0.5098897227715171,0.6155277078774233,7.096373103208567,0.01825805073073532,0.029803572744717104,0.00044375035040657005,0.6800735254367722
75.87015403700025,8.794774500787145,9.386923125765536,0.5572573044349215,0.38170422475172566,0.48414768111913997,0.6102802737480802,7.096373103208567,0.01825805073073532,0.029803572744717104,0.00044375035040657005,0.6800735254367722
75.89845977799996,8.813093332676182,9.400558554057804,0.5495649566710832,0.4090628487680505,0.48289651722910487,0.6115347835351379,7.073622269589486,0.016563577962303722,0.02649190630240867,0.0015568224852805174,0.6726812023536856
75.93094647199905,8.831313666029354,9.415097076025507,0.546610000595165,0.436155659031109,0.4776112831343956,0.6077324260976514,7.050345459112894,0.014826688381263844,0.023888472504693493,0.003926447868479759,0.6726812023536856
75.96871417799957,8.849367056903205,9.430449953411777,0.5416017262155418,0.4605863215881181,0.4517078178969751,0.601608891757343,7.026652399309744,0.013800287179271542,0.02197892110493967,0.004871636153237387,0.6726812023536856
76.01721299500059,8.867083508065818,9.44656136207517,0.5314935348783968,0.4833422599017985,0.42480057317946174,0.5995965557668106,7.002707060022462,0.013403739210106989,0.02084398466964876,0.010501433837311861,0.7071067811865476
76.01936879700042,8.867083508065818,9.44656136207517,0.5314935348783968,0.4833422599017985,0.37513589466495734,0.631749297278225,7.002707060022462,0.013403739210106989,0.02084398466964876,0.010501433837311861,0.7071067811865476
76.07748068799992,8.884397590168609,9.463339804527893,0.5194224630837521,0.5033532735816535,0.2776197533923266,0.6733923810572754,6.978619223436285,0.013301259729781273,0.02046523024081252,0.012432312549581532,0.6726812023536856
76.11434345399903,8.90133362418513,9.480756773515326,0.508081020495607,0.5225090696229878,0.25054474707571134,0.6813786479723083,6.954389985645948,0.013919670503664487,0.020805302620054665,0.004264062373439443,0.7106335201775948
76.14359897899885,8.90133362418513,9.480756773515326,0.508081020495607,0.5225090696229878,0.27971421492100246,0.6484452772072095,6.954389985645948,0.013919670503664487,0.020805302620054665,0.004264062373439443,0.7106335201775948
76.17644009099968,8.917931221457419,9.498703795174016,0.4979279181686577,0.5384106497607312,0.28912139337367315,0.6203391665625622,6.930062307807325,0.014884988203630973,0.021759489754377276,0.006993604616527202,0.7106335201775948
76.22771414399904,8.934132021407905,9.517149346468065,0.48602399851459976,0.5533665388214767,0.2835450275245928,0.6089060058320876,6.905701418742434,0.01619297937898149,0.023346768651488013,0.005606835334443091,0.6800735254367722
76.25722611799938,8.934132021407905,9.517149346468065,0.48602399851459976,0.5533665388214767,0.2596556244970809,0.5788330053915902,6.905701418742434,0.01619297937898149,0.023346768651488013,0.005606835334443091,0.6800735254367722
76.35899787199924,8.949942901382496,9.536030826131903,0.47432639923770903,0.5664443899151356,0.21855350446914204,0.6181402988147238,6.881344544421445,0.018084524858450447,0.025518010514063754,0.001524749359267054,0.6800735254367722
76.45757523400061,8.980128917863828,9.574775619420535,0.4446821020672288,0.5862408110491601,0.12799760905877716,0.730998189764531,6.833061948518029,0.02247623035215601,0.03156997963316781,0.0018108504349802301,0.6946221994724903
76.48950296099974,8.994357114558783,9.594645634459761,0.4268459008486293,0.5961004511767832,0.10534721844780709,0.7567701445555605,6.809244248281082,0.025528199901010126,0.03555934764262466,0.0015600517372896035,0.6946221994724903
76.60014295899964,9.020570638508904,9.635433081866651,0.38032328051237113,0.6173185973525621,0.08125386616618191,0.7673375378211047,6.762614908810685,0.032337546435341175,0.04586466774739987,0.0025287210268437666,0.7158910531638177
76.66306773100041,9.032535898328547,9.65613412546754,0.35895779458931165,0.6210313080266754,0.06491414927497596,0.7717203666401087,6.739965603218091,0.036297081829885336,0.052041799698098266,0.002124592413977931,0.696419413859206
76.66894291999961,9.043810402115877,9.676849330417644,0.33823511361988345,0.6214561485031368,0.09595568080995542,0.7715416974997032,6.7178355960516365,0.03996848149463934,0.0587173835094513,0.004822295298994012,0.696419413859206
76.68552601599913,9.043810402115877,9.676849330417644,0.33823511361988345,0.6214561485031368,0.08331217785027123,0.7742942519626757,6.7178355960516365,0.03996848149463934,0.0587173835094513,0.004822295298994012,0.696419413859206
76.71945054400021,9.054410266625455,9.697519062442908,0.31799593528731795,0.6200919607579038,0.12137759541966697,0.7866634353632197,6.696253740942631,0.0441473218490369,0.06583785511544274,0.006750223868744277,0.7433034373659253
76.77370407099988,9.064356563606683,9.718122412960447,0.2983889094368746,0.6181005155261771,0.123101240227943,0.818127054136802,6.675219547422441,0.04696314698044467,0.07337352993843668,0.002755676329452184,0.7280109889280518
76.8105953459999,9.073523995736345,9.738790447920971,0.27502296388983605,0.6200410488157134,0.07362808974351032,0.8234103383521612,6.654743404413402,0.05005605773732773,0.0815056841878727,0.006201804319299045,0.7280109889280518
76.82879357300044,9.073523995736345,9.738790447920971,0.27502296388983605,0.6200410488157134,0.027663738242477587,0.8280399328149178,6.654743404413402,0.05005605773732773,0.0815056841878727,0.006201804319299045,0.7280109889280518
76.8839320570005,9.081919253980546,9.759520445446741,0.2518577473260185,0.6218999257731013,0.025564397256133464,0.8646330997053708,6.634824574701732,0.05164635841559819,0.09022766197803785,0.000542884711781129,0.7158910531638177
76.89946676199907,9.089311901090202,9.780505604186883,0.2217794132896846,0.6295547622042935,0.0185942337718511,0.8966564070049683,6.6155141191004345,0.052288108125209204,0.08568823562795203,0.002107148404399947,0.7158910531638177
76.93542136900032,9.095698586875208,9.801857455776114,0.19160057355019017,0.6405555476769293,-0.000557692762516937,0.9971794702290939,6.596746316470731,0.05251122927725286,0.07930154984294546,0.0019084988251417826,0.7071067811865476
76.96472949099916,9.101288242742758,9.823559498585656,0.16768967602647708,0.6510612842862801,-0.0045077007085062015,1.0305994638016989,6.578378416774057,0.05212944793985429,0.07371189397539624,0.0019309864800372022,0.7566372975210779
76.99526998100009,9.101288242742758,9.823559498585656,0.16768967602647708,0.6510612842862801,-0.010329449260483292,1.099035875021476,6.578378416774057,0.05212944793985429,0.07371189397539624,0.0014787855252752574,0.7566372975210779
77.03469029699954,9.106114269107724,9.845673681948648,0.14478079094897656,0.6634255008897619,-0.017931722220399904,1.167585371324368,6.56034961825007,0.051648293511766294,0.06888586761042959,0.0021308827392356104,0.7566372975210779
77.06911630200011,9.11026244960143,9.86825024836218,0.12444541481118296,0.6772969924059609,-0.02326836962608103,1.2002188316952045,6.542567292916769,0.050872768121706914,0.06473768711672356,0.0025381914891676196,0.7516648189186454
77.10181672599902,9.113737071359417,9.891313227933107,0.10423865273955901,0.6918893871278351,-0.0725554373567242,1.2310815464085132,6.525018186864019,0.05026890166592876,0.06126306535873738,0.017441918372410065,0.7516648189186454
77.16513521500019,9.113737071359417,9.891313227933107,0.10423865273955901,0.6918893871278351,0.00526676634078449,1.1002243680860095,6.525018186864019,0.05026890166592876,0.06126306535873738,0.017441918372410065,0.7516648189186454
77.2125582839999,9.116502680242542,9.914894378245789,0.08296826649373729,0.7074345093804616,0.027227349893573394,1.037657203326169,6.50771500614989,0.04969280325459449,0.058497456475612,0.008549940421707546,0.75
77.23194599199996,9.116502680242542,9.914894378245789,0.08296826649373729,0.7074345093804616,0.046149796131564225,0.9723549029086879,6.50771500614989,0.04969280325459449,0.058497456475612,0.008549940421707546,0.75
77.25275882999995,9.118604898490789,9.939002178168883,0.06306654744741044,0.7232339976928316,0.05348762838459081,0.9394555440442701,6.490624009340185,0.04946950779932148,0.05639523822736514,0.01793231470029456,0.75
77.32131694899908,9.118604898490789,9.939002178168883,0.06306654744741044,0.7232339976928316,0.06636339229604424,0.8914366169662109,6.490624009340185,0.04946950779932148,0.05639523822736514,0.0,0.75
77.35197242399954,9.120182999912364,9.963924148398107,0.047343042647277005,0.7476591068767396,0.08873215618398303,0.8340821464408417,6.473461269256667,0.049330555183506014,0.0548171368057897,0.009282622857934872,0.75
77.39363066999977,9.121218810885965,9.989771360974036,0.03107432920800527,0.7754163772778634,0.10035790622671037,0.8220753217631311,6.4561785596546954,0.04951630611608943,0.05378132583218864,0.019452459764290553,0.75
77.46239014499952,9.12165163750783,10.01659506867992,0.012984798655950725,0.8047112311765238,0.12352439972133324,0.8106738793740158,6.438800218321549,0.05004737551369407,0.05334849921032436,0.010749800471632567,0.75
77.58761688400045,9.11936481296984,10.103070942515231,-0.03744911220734698,0.8931307208673067,0.15511682982657674,0.9241122335111491,6.3860918218303935,0.054174247568757425,0.055635323748314036,0.02959694061649204,0.75
77.62281621699913,9.117635757498078,10.133578494703775,-0.05187166415285678,0.9152265656563109,0.1740227630585506,0.9894047813684158,6.368394852915301,0.05628657570720225,0.057364379220075534,0.038041169380135666,0.75
77.76172858800055,9.11324432245535,10.195553459079553,-0.06974034392583792,0.932059269095566,0.2371727099307684,1.0891011987548476,6.333437848311882,0.06114981533656127,0.06175581426280452,0.029176989506934144,0.75
77.79452051299995,9.110656535559801,10.226644341089052,-0.07763360686645085,0.932726460284965,0.21553487804644147,0.9889401191578077,6.316362265305052,0.06390281227964131,0.06434360115835247,0.040075372392972555,0.75
77.82675440300045,9.10777425694161,10.257695191879867,-0.086468358545745,0.9315255237244411,0.21704213231525393,0.9749528394397973,6.299652697423722,0.06688957237184748,0.0672258797765437,0.049311721879131284,0.75
77.87388158800059,9.10777425694161,10.257695191879867,-0.086468358545745,0.9315255237244411,0.2258761072417857,0.9766857527081747,6.299652697423722,0.06688957237184748,0.0672258797765437,0.0,0.75
77.95686479399956,9.101540085560627,10.31904267388026,-0.09503386970065628,0.9159206365482048,0.22552254219347248,0.854536746527372,6.267394978633132,0.07327450943608316,0.07346005115752696,0.030800786632961,0.75
78.03885883899966,9.094876444021219,10.379361392151583,-0.1008669153709514,0.902717296310527,0.23973174936809832,0.8578510365486436,6.236538580079968,0.08001959100100191,0.08012369269693487,0.05499052752150421,0.7000000000000001
78.0890078020002,9.091662527510561,10.409567252226331,-0.09641749531974306,0.9061758022424627,0.2466499113224795,0.8904414597825759,6.221152473953858,0.08325807516269705,0.08333760920759303,0.047820884112163474,0.7000000000000001
78.11071784900014,9.088711733146784,10.440128268083775,-0.08852383091328389,0.9168304757232921,0.2553633654908945,0.8973775200169203,6.205454954117399,0.08622911303318109,0.0862884035713698,0.060157952366617085,0.7000000000000001
78.14878724499977,9.085932680350199,10.471107827953867,-0.08337158389757587,0.9293867961027799,0.2547280579242071,0.9121803393758678,6.189485397213393,0.08902388065484049,0.08906745636795499,0.06928053735323807,0.7000000000000001
78.20097848899968,9.08341811740521,10.50236769174892,-0.07543688834966486,0.9377959138516065,0.2674964360640585,0.9780700399676413,6.173252952062653,0.09154910441153767,0.09158201931294307,0.03094015062788044,0.7000000000000001
78.28353988900017,9.081069627632631,10.533881174794246,-0.07045469317740324,0.9454044913597468,0.2644025680394431,0.9501810736923015,6.156855167872517,0.09390654656454711,0.09393050908552247,0.04425590361182446,0.7000000000000001
78.35173484799998,9.077071289108861,10.597403135258583,-0.05771152746774773,0.9535480956655547,0.27951798748631584,1.041555479907309,6.123560862079426,0.09791594665650255,0.09792884760929255,0.03951523844046326,0.7000000000000001
78.39119199800007,9.077071289108861,10.597403135258583,-0.05771152746774773,0.9535480956655547,0.2668802768923793,1.0829480872146697,6.123560862079426,0.09791594665650255,0.09792884760929255,0.03951523844046326,0.7000000000000001
78.4309958369995,9.07522559012848,10.629101486015065,-0.0553709694114067,0.9509505226944657,0.2667068339157739,1.04956707570695,6.10700371413695,0.09976551221712607,0.09977454658967311,0.018107357763700774,0.7000000000000001
78.46470769900043,9.07338633328845,10.660649454472088,-0.055177705200919594,0.9464390537106796,0.2521104807255876,0.9828772587787749,6.090646692215406,0.10160744011728971,0.10161380342970361,0.03544224575978391,0.7000000000000001
78.49527429800037,9.071642169032156,10.69205078973927,-0.05232492768882442,0.9420400580154802,0.2314911377672439,0.9203366151575993,6.074413576302849,0.10335386298989178,0.10335796768599792,0.0499790195613327,0.7000000000000001
78.56185356700007,9.068974147769302,10.754432315148149,-0.035829521437935934,0.9339949294202545,0.20900867160589942,0.9258683121850431,6.041857682843795,0.10602542320187819,0.1060259889488524,0.04312711879181564,0.7000000000000001
78.60094338899944,9.068149136750993,10.785586312375045,-0.024750330549274793,0.9346199168068663,0.19923904353368704,0.9393500696280137,6.0253515418351675,0.10685207104764566,0.10685099996716119,0.05535467303684283,0.7000000000000001
78.63903494099941,9.067601750838682,10.816806301317623,-0.016421577369335683,0.9365996682773301,0.1903407784444437,0.9460322010893424,6.008693119242284,0.1074011463592484,0.10739838587947226,0.02879493300179156,0.7000000000000001
78.64790557000015,9.067601750838682,10.816806301317623,-0.016421577369335683,0.9365996682773301,0.16841687490218998,0.9476862005482718,6.008693119242284,0.1074011463592484,0.10739838587947226,0.02879493300179156,0.7000000000000001
78.68394380300015,9.067290385826636,10.848116585644958,-0.00934095036136218,0.9393085298200331,0.20007449362949498,0.9454884237647102,5.991903854464824,0.10771454706862624,0.10770975089151769,0.04139992440625185,0.7000000000000001
78.71772419399895,9.067272685407417,10.879734494528376,-0.0005310125765730905,0.9485372665025656,0.19465906097416186,0.9593697297002686,5.9748183360481075,0.10773456985254387,0.10772745131073691,0.053259675443213805,0.7000000000000001
78.75893357299901,9.067436919503892,10.911709732632984,0.004927022894246491,0.9592571431381979,0.18766621625955016,0.9319177856136858,5.957506692246322,0.10757351504392518,0.10756321721426154,0.03589981487643953,0.7000000000000001
78.86601397699997,9.06793713071049,10.976401774742174,0.008011464074904728,0.9732247063424356,0.17563735211780834,0.8059679811990967,5.922712435473802,0.10708259675064255,0.10706300600766383,0.029755773944270543,0.7000000000000001
78.89560736400017,9.068208645771453,11.008852554508714,0.008145451828849097,0.9735233929961983,0.1442638682606644,0.8289264959403262,5.90543112416498,0.10681890096336288,0.10679149094670137,0.042467026991866504,0.7000000000000001
78.9321026639991,9.068532661450455,11.041312849193543,0.009720470370069099,0.9738088405449079,0.13680112098349584,0.8395682227240824,5.888228143117364,0.10650504029035165,0.10646747526769929,0.054830689638498895,0.7000000000000001
78.97048886300036,9.068986734251213,11.073777696681766,0.013622184022772894,0.973945424646681,0.1296646155045812,0.8453096690394135,5.871040445205686,0.10606344355586265,0.10601340246694058,0.0173716183242515,0.7000000000000001
79.03613372799919,9.070228824457434,11.138843344376749,0.019466973381405083,0.9767439959776828,0.1348966353515632,0.7460932556436062,5.8366982804887835,0.1048662237844167,0.1047713122607199,0.04758949411752206,0.7000000000000001
79.0526678949991,9.070228824457434,11.138843344376749,0.019466973381405083,0.9767439959776828,0.1348966353515632,0.7460932556436062,5.8366982804887835,0.1048662237844167,0.1047713122607199,0.04758949411752206,0.7000000000000001
79.16001637999943,9.070843997136137,11.171453774633894,0.018455180361113578,0.9783129077143582,0.12918200908487543,0.6998536511174995,5.819690120208093,0.10428325136743047,0.10415613958201675,0.016777140230766173,0.7000000000000001
79.21409971899993,9.071466222462584,11.203992434194221,0.01866675979341821,0.9761597868097964,0.13552121258015346,0.7292130408619479,5.802845144671622,0.10371040300960277,0.10353391425556957,0.014952477275450161,0.7000000000000001
79.30326916900049,9.072279657666208,11.26809528957345,0.009015055939489095,0.9561858054617569,0.15127838803089383,0.7482965323921823,5.770412128232532,0.1030397419325391,0.10272047905194626,0.026853402610928962,0.7000000000000001
79.33961502800048,9.072382696464276,11.29958974676706,0.003091163942064966,0.9448337158083084,0.19018514025034317,0.786536025318788,5.7549312191566635,0.10305424338165844,0.1026174402538782,0.0386714583942996,0.7000000000000001
79.36796419500024,9.072236879489056,11.33072366908199,-0.004374509256611869,0.934017669447937,0.2045902270313151,0.7886048034605253,5.739973292006911,0.10334010922787362,0.10276325722909796,0.050242445879373036,0.7000000000000001
79.38081970500025,9.072236879489056,11.33072366908199,-0.004374509256611869,0.934017669447937,0.22264050124749554,0.7826494010131331,5.739973292006911,0.10334010922787362,0.10276325722909796,0.050242445879373036,0.7000000000000001
79.41764093399979,9.07178806657943,11.361514166518255,-0.013464387288770693,0.9237149230879388,0.24784593091409546,0.7566198112516755,5.725575945489958,0.10399097677647154,0.10321207013872424,0.015731224091498724,0.7000000000000001
79.46323717099949,9.071165027018814,11.391854516554243,-0.018691186818449473,0.9102105010796769,0.263464071226664,0.7313812080344277,5.711675161017679,0.10487657568078375,0.10383510969933951,0.03138920953904601,0.7000000000000001
79.5355961289988,9.070425271218625,11.421665465590927,-0.022192674005712693,0.8943284711005262,0.29031837673308447,0.6859153428049275,5.698253928231393,0.10593044522565588,0.10457486549952932,0.016746189744519694,0.7000000000000001
79.55264962799993,9.069572413281515,11.450900671989016,-0.02558573811327224,0.8770561919426696,0.29031837673308447,0.6859153428049275,5.685325756268202,0.10724735355828563,0.1054277234366392,0.033276105635311214,0.7000000000000001
79.58690274699984,9.068637407083271,11.479658462271683,-0.02805018594733734,0.8627337084799731,0.30766860290660364,0.6698902009502907,5.67281229336439,0.10869214852550921,0.10636272963488302,0.046723005270398785,0.7000000000000001
79.63255796799967,9.067668252944054,11.508028199375968,-0.029074624176521,0.851092113128524,0.35308445926237914,0.6642235580340552,5.660625462584266,0.11043171654601991,0.10733188377409952,0.01570128264933515,0.7000000000000001
79.65885936099949,9.066640093654392,11.536120625864319,-0.030844778689850957,0.8427727946505196,0.41507860159219534,0.6918577933886666,5.648733432542717,0.11234060826249193,0.10836004306376168,0.031307396312025684,0.7000000000000001
79.70313612999962,9.066640093654392,11.536120625864319,-0.030844778689850957,0.8427727946505196,0.48184057179331896,0.6954903061240396,5.648733432542717,0.11234060826249193,0.10836004306376168,0.031307396312025684,0.7000000000000001
79.74364748799962,9.065643853701241,11.5639901281596,-0.02988719859455424,0.8360850688584764,0.48184057179331896,0.6954903061240396,5.637028284286681,0.11455119408191221,0.10935628301691303,0.016495135230580105,0.7000000000000001
79.80106954799885,9.063839858304002,11.619229606370673,-0.0246797276397998,0.8261240861914841,0.5919769721743804,0.7174923812834171,5.614011998447746,0.11975208188431904,0.1111602784141521,0.047408342692639986,0.7000000000000001
79.84966627500035,9.063177448079534,11.646608586725005,-0.01987230673401158,0.8213694106299653,0.6426659680217215,0.7063773358170173,5.602562881955549,0.12277172970844141,0.11182268863862,0.015822090690653472,0.7000000000000001
79.87268332399981,9.062717660492783,11.673866940805542,-0.013793627602496824,0.817750622416088,0.707835534897704,0.7256471263919873,5.591094256836272,0.12627838224937304,0.11228247622537069,0.031408724421284104,0.7000000000000001
79.88005413899918,9.062717660492783,11.673866940805542,-0.013793627602496824,0.817750622416088,0.707835534897704,0.7256471263919873,5.591094256836272,0.12627838224937304,0.11228247622537069,0.031408724421284104,0.7000000000000001
79.92400653000004,9.06253492930211,11.701011083783778,-0.0054819357201963724,0.8143242893470758,0.7770923648237669,0.7306064403126666,5.579534224165094,0.12998634432755704,0.11246520741604371,0.04623637800877536,0.7000000000000001
80.01094970699887,9.062814656379075,11.754877109084878,0.006690060097694325,0.8057591188059476,0.9034964162391969,0.7227210835232518,5.556333103718994,0.13939720937380523,0.11609570709628013,0.04873012064260997,0.7000000000000001
80.03183249999893,9.062814656379075,11.754877109084878,0.006690060097694325,0.8057591188059476,0.8720144517228386,0.7759275017022488,5.556333103718994,0.13939720937380523,0.11609570709628013,0.04873012064260997,0.7000000000000001
80.08580853800049,9.063511062857588,11.781575108867857,0.020892194355353416,0.8009399934893562,0.9723288634984223,0.6572321870352197,5.544485078867017,0.14587400865062658,0.1250221450966218,0.015407211133142897,0.7000000000000001
80.11776493399884,9.064763856934364,11.808148189900427,0.037583822303327574,0.7971924309770998,0.9876523389474288,0.6263137182949896,5.532285941262543,0.15208538924574558,0.13807834663574334,0.030293778089264724,0.7000000000000001
80.1762577949994,9.066788298905037,11.834677578047485,0.06073325912016604,0.7958816444117075,1.003303105265814,0.5930974219741192,5.519502305773598,0.15653962143491462,0.15407095996085768,0.033070158787295245,0.7000000000000001
80.23373324000022,9.073579271465743,11.887763529378876,0.11780708741952772,0.7966064755872093,1.0314281497584543,0.5390868302800982,5.491711531224583,0.16226487440115395,0.15142086599746918,0.062032377295742465,0.7000000000000001
80.26071559299999,9.073579271465743,11.887763529378876,0.11780708741952772,0.7966064755872093,1.0274547417801552,0.5128572584700875,5.491711531224583,0.16226487440115395,0.15142086599746918,0.062032377295742465,0.7000000000000001
80.41271741399942,9.084616814154934,11.941176715357832,0.18354245575377046,0.802902864579061,1.083009316540687,0.46397095192080373,5.460273479888219,0.1652997934689593,0.14038332330827785,0.03279180466338429,0.7000000000000001
80.5217356159992,9.101060390409426,11.994689212765596,0.26753231378249187,0.8031110860860183,1.0628941678592378,0.4039049863183589,5.424180189777908,0.16645595733306026,0.1254939001401089,0.03973311072819501,0.75
80.563846740999,9.111314316570322,12.021603776518392,0.307617784826881,0.8074369125838516,1.0180767195893392,0.35952218863351143,5.404323797649327,0.16747696769995815,0.12286725042016498,0.0571785364160872,0.75
80.6696111709989,9.136215942917437,12.07577411864277,0.39387702336128577,0.8151423594635527,0.9376658124425107,0.27785668822192405,5.360656917216722,0.1701453726003333,0.1340378425087757,0.04272463064530015,0.75
80.70157363399994,9.150965085429807,12.102773224001135,0.44247427537108885,0.8099731607509655,0.9133968479841035,0.24018589953277375,5.336840018250652,0.172417356078295,0.14269987430646242,0.06265097994961184,0.8
80.735588259,9.167202147251668,12.129615451421063,0.4871118546558277,0.8052668225978427,0.8793966795026037,0.1896150624217441,5.311770884117383,0.17396572607871683,0.15019885881646175,0.04538686692290401,0.8
80.74625857699903,9.167202147251668,12.129615451421063,0.4871118546558277,0.8052668225978427,0.8793966795026037,0.1896150624217441,5.311770884117383,0.17396572607871683,0.15019885881646175,0.04538686692290401,0.8
80.78324303199952,9.184986325329328,12.156055541392071,0.5335253423297901,0.7932026991302478,0.8433906458746725,0.13752602646418172,5.285478169508618,0.1764132218655495,0.1563195128136011,0.06619152149688669,0.8
80.83883332299956,9.204173907358308,12.182170338613883,0.5756274608694161,0.7834439166543754,0.8270871087124567,0.08662377858635373,5.258058932675023,0.17757006227027156,0.16121779365119085,0.018004392536592584,0.8500000000000001
80.8744683219993,9.224622331483593,12.208053305634389,0.6134527237585167,0.7764890106151741,0.9264508362215493,0.06429491198129644,5.229605119412883,0.1791848713436851,0.16506059578505106,0.03546428699726012,0.8500000000000001
80.91366415300035,9.246143415533815,12.233806009955101,0.6456325215066853,0.7725811296213975,0.9899999052281592,0.038836582566817546,5.200250354650767,0.18022375778177555,0.16805280317372098,0.05287734656872974,0.8500000000000001
80.97079649599982,9.268682292350581,12.259266948322894,0.6761663045029842,0.7638281510338172,0.9893865068597205,0.005503569039567835,5.170099511593886,0.18118371090677646,0.17011901271149682,0.022077423780560393,0.8845903006477066
81.01775051199911,9.292106810528114,12.284317752294411,0.7027355453259752,0.7515241191455194,0.9300844444029623,-0.07319032185652702,5.139313081142591,0.18172166765105444,0.1712689704245702,0.04289797205590173,0.8845903006477066
81.1205441309994,9.316242174579804,12.308900723515844,0.7240609215507042,0.737489136642983,0.911038902539006,-0.15962060888556823,5.108069650121367,0.18205322028126072,0.17158547648960337,0.03450815411714105,0.8845903006477066
81.16674222199981,9.340875215512613,12.333080085196318,0.7389912279842853,0.7253808504142277,0.9009331899467004,-0.1938175379304915,5.076541608186814,0.18233898966987697,0.1712646768137939,0.04128724412938532,0.8845903006477066
81.2019652300005,9.365857188092749,12.356961455795929,0.7494591774040764,0.7164411179883028,0.8543406928679111,-0.22309131846649177,5.044828196293125,0.18274309063049385,0.17048643368997726,0.05988228189948094,0.8500000000000001
81.25207244900048,9.391192947082299,12.380201184676551,0.7600727696865186,0.6971918664186507,0.8305066935617784,-0.27658214642090395,5.013040178055171,0.18325313950956568,0.1690043165863827,0.07479520349320502,0.8500000000000001
81.28749160900043,9.391192947082299,12.380201184676551,0.7600727696865186,0.6971918664186507,0.8305066935617784,-0.27658214642090395,5.013040178055171,0.18325313950956568,0.1690043165863827,0.0,0.8500000000000001
81.31217446200026,9.416825753927235,12.402762510006632,0.7689842053480552,0.6768397599024171,0.909923596029152,-0.2213845333119724,4.981238411933141,0.18358406359243282,0.16683245117893966,0.022652040219400267,0.8
81.35357615800058,9.442677303234474,12.424714524596338,0.7755464792171647,0.6585604376912081,0.9395672621524269,-0.20352145939197835,4.949468266986443,0.1847398524623794,0.1640750637366997,0.04449453973488744,0.8
81.40003872899979,9.469051979170922,12.445753830884016,0.7912402780934805,0.6311791886303565,0.9833654704911157,-0.21937349307689757,4.917541048090565,0.18507657466637206,0.160302387677917,0.034486687068901234,0.8
81.46951137100041,9.469051979170922,12.445753830884016,0.7912402780934805,0.6311791886303565,0.9733537693353354,-0.27718374644641025,4.917541048090565,0.18507657466637206,0.160302387677917,0.034486687068901234,0.8
81.51698083799965,9.496023037886514,12.465825079281043,0.8091317614677659,0.6021374519108177,0.9575003073702844,-0.3070879871368489,4.885399834115783,0.18706002301108718,0.15542348501275882,0.023828912648853368,0.75
81.54848393999964,9.523598277924803,12.484823135276082,0.8272572011486375,0.5699416798511672,0.9359283793153566,-0.31710154248635636,4.85306594084113,0.18801145124439309,0.14947715164991385,0.04668545537378429,0.75
81.57969209099974,9.523598277924803,12.484823135276082,0.8272572011486375,0.5699416798511672,0.8902317563307325,-0.33222258845449293,4.85306594084113,0.18801145124439309,0.14947715164991385,0.04668545537378429,0.75
81.65978661100053,9.580074017154358,12.519317628721055,0.8530727499990417,0.4988833326509274,0.9063292706390014,-0.2993720536573351,4.7883491569929575,0.1948279768182982,0.15114854136374536,0.04791161193332466,0.7000000000000001
81.71779930699995,9.608820031358672,12.5346212878876,0.8623804261294314,0.45910977499633554,0.8762360203556302,-0.28448324233621436,4.756165264481439,0.19800831712589206,0.16043906227735866,0.013983111996707374,0.7000000000000001
81.73400643199966,9.637806215492072,12.548406657780284,0.8695855240019862,0.4135610967805012,0.8762360203556302,-0.28448324233621436,4.724258171408685,0.20260544160253524,0.17340647337841375,0.02661964680331352,0.7000000000000001
81.76025418499921,9.66699619434905,12.56069940586149,0.8756993657093224,0.3687824424361845,0.8720749904980031,-0.21025102609986832,4.692650536746901,0.20599326626983916,0.18569922145962003,0.03807922323302794,0.65
81.8297125299996,9.69648822293973,12.571577226359983,0.884760857720384,0.32633461495479044,0.8434310804394116,-0.1649692603026924,4.661222172959571,0.20930705801364174,0.19657704195811299,0.033273245095122535,0.65
81.88390968000022,9.726304834419395,12.581024913422317,0.8944983443899421,0.2834306118700194,0.7978268077201106,-0.1541145517789863,4.6299562325217325,0.211381306532189,0.20602472902044688,0.04607410158113489,0.65
81.91232531700007,9.756389229955985,12.58905418857884,0.902531866097694,0.2408782546957187,0.7701478621565191,-0.14483720562773617,4.598903322172961,0.2119733464838452,0.20244077089212617,0.05651452631559423,0.65
81.98848019099933,9.786672894665378,12.59575312622953,0.9085099412817722,0.2009681295206685,0.6797655627801071,-0.16086048304031686,4.568101287719284,0.21025056534728734,0.19224533913637118,0.05178234749038155,0.65
82.04928299099993,9.817144344283154,12.601315085252887,0.9141434885333031,0.16685877070071103,0.6355669403021934,-0.17034306494055235,4.5375003075918725,0.20670790621400567,0.1855646462142565,0.02009006472070939,0.6000000000000001
82.07501972499995,9.817144344283154,12.601315085252887,0.9141434885333031,0.16685877070071103,0.5723822756207375,-0.1784938027102408,4.5375003075918725,0.20670790621400567,0.1855646462142565,0.02009006472070939,0.6000000000000001
82.10538379799982,9.847798039769943,12.605931221093003,0.9196108646036624,0.1384840752035078,0.5530822666669173,-0.18649685992941117,4.507045931282372,0.20440314882196098,0.18296446216241025,0.03945315009104081,0.6000000000000001
82.15701694000018,9.878631091277189,12.609783476089966,0.9249915452173827,0.1155676499088589,0.5205152622213114,-0.18545070861402957,4.476684124624622,0.20203650118923072,0.18478329094303803,0.01833301502874222,0.6000000000000001
82.1838542179994,9.909470797512276,12.613036435159152,0.925191187052593,0.09758877207559277,0.47885424607751415,-0.17642770378286066,4.44652624416708,0.20010374572043346,0.18803625001222457,0.03587062408365787,0.6000000000000001
82.21310234799967,9.94025850203043,12.615814827319154,0.9236311355446217,0.08335176480003897,0.442330473156471,-0.151479329564502,4.416588610764625,0.19832776986342404,0.1908146421722261,0.051569469824922644,0.6000000000000001
82.31190604800031,10.00149237946344,12.620598515195722,0.916174747918677,0.06937570749031928,0.3724963707187804,-0.13404265145439637,4.357337887843604,0.19513353127958402,0.195598330048794,0.035136553269211064,0.6000000000000001
82.41370516499956,10.06147585540991,12.62482850289938,0.8926634238541309,0.0614610590964079,0.38784229703898265,-0.013196358361815298,4.299512555196833,0.19059295435426185,0.19982831775245202,0.01926772813868469,0.6020797289396148
82.447636203,10.090656871764041,12.626771207810588,0.8754304906239665,0.058281147336270406,0.4005174542932447,0.0176828758498419,4.271444181312542,0.18703621368505063,0.2017710226636602,0.02589418511631037,0.6020797289396148
82.52119557600054,10.090656871764041,12.626771207810588,0.8754304906239665,0.058281147336270406,0.40002736292351204,0.08809825935558688,4.271444181312542,0.18703621368505063,0.2017710226636602,0.0,0.6020797289396148
82.56437808900046,10.119118473171632,12.628540447587637,0.8538480422277208,0.05307719331148772,0.39979815244363603,0.0889461850619283,4.24412664102156,0.18164491204221758,0.20354026244070944,0.011700058701723401,0.608276253029822
82.60839929899885,10.146797675102835,12.630154257981243,0.8303760579360809,0.048414311808182876,0.40013055480919874,0.10844693461506973,4.217612491315794,0.17294942674007405,0.2003633380664032,0.009440151822330782,0.608276253029822
82.6239456559997,10.146797675102835,12.630154257981243,0.8303760579360809,0.048414311808182876,0.39535408371209324,0.1248206277912607,4.217612491315794,0.17294942674007405,0.2003633380664032,0.009440151822330782,0.608276253029822
82.65817283899923,10.17372179973437,12.631653452037106,0.8077237389460548,0.044975821675924586,0.39488472908799305,0.14012380006691033,4.191861411210497,0.15996606317876572,0.18238519724514915,0.01855511917826678,0.6184658438426491
82.7235932349995,10.224703427579964,12.634142601835144,0.7492070876683754,0.03499095446926771,0.41501035401538233,0.20900261883951715,4.143267000322948,0.13200559690736755,0.14809583718118205,0.0002658351758655735,0.632455532033676
82.7718992579994,10.248436433312794,12.635133228880834,0.7119901719848759,0.029718811370721795,0.4423515882986139,0.26892003544196186,4.120725247497261,0.11833961793522743,0.13201454699119333,0.0007217290736733127,0.632455532033676
82.7857619539991,10.248436433312794,12.635133228880834,0.7119901719848759,0.029718811370721795,0.4481140622360542,0.31543674947959005,4.120725247497261,0.11833961793522743,0.13201454699119333,0.0007217290736733127,0.632455532033676
82.81996548200004,10.27098901462282,12.63606607529479,0.6765774393008095,0.0279853924186902,0.4825828572629049,0.36232634643850425,4.099320390264942,0.10446247757035022,0.11672708583872643,0.0010961575590335683,0.65
82.92716251599995,10.313281488815317,12.638544306319583,0.6217397974856925,0.04194920885545203,0.5253328848133936,0.47766063452744106,4.0589518138972345,0.07879805341173546,0.08857416450703247,0.003993829358055677,0.670820393249937
82.97754808299942,10.33322583352257,12.64030810834554,0.5983303412176215,0.05291406077870541,0.5524759648847319,0.5660833029954828,4.039713856178864,0.06699625107335441,0.07571857949143629,0.006137389339894361,0.670820393249937
82.99923851399944,10.33322583352257,12.64030810834554,0.5983303412176215,0.05291406077870541,0.5574465372765486,0.5892432731001662,4.039713856178864,0.06699625107335441,0.07571857949143629,0.006137389339894361,0.670820393249937
83.03475672499917,10.352399571542346,12.642475083399445,0.5752121405932789,0.06500925161717076,0.5707112170795167,0.6237312599956477,4.021055564635665,0.05563685767777193,0.06369298207223714,0.006201938689563402,0.6946221994724903
83.09560553200026,10.370833318380509,12.645080261358084,0.553012405144887,0.07815533875915914,0.5863576331284519,0.6675734848411341,4.002933372564523,0.04510052756235631,0.05250049368104745,0.0085104463612985,0.6946221994724903
83.15132461400026,10.388582238558506,12.648201146589184,0.5324676053398917,0.09362655693297639,0.5920613610525542,0.702493364961308,3.9852655759319666,0.03540711366269396,0.042156910974662766,0.008863679965287368,0.6946221994724903
83.22112800700052,10.405666379236473,12.651874866845507,0.5125242203390415,0.11021160768969082,0.601703596577138,0.7370702866391485,3.9680180572645414,0.026570436908359862,0.03267431175595536,0.012155789526618428,0.6800735254367722
83.28207821399883,10.422113486706419,12.656095617514874,0.4934132240983385,0.12662252008102587,0.5894521555585307,0.7454271502933414,3.95116553315937,0.01825420046061628,0.024028971953060054,0.008110712512339803,0.6800735254367722
83.36364395899909,10.453394045528334,12.666560954687446,0.4632767292024645,0.1713270353659495,0.5658693746745764,0.7439599419769586,3.91822440447389,0.004197238911272015,0.009310387572908491,0.010707882157808246,0.7106335201775948
83.41370492699934,10.468523242745407,12.673477234785842,0.45387591651220677,0.20748840295191717,0.5288468670935043,0.7322175026361772,3.9016138504668265,0.0012612641347315556,0.0035029781849692976,0.014414366538321594,0.7106335201775948
83.47642836399973,10.4833522132528,12.681657392442045,0.4448691152218012,0.24540472968606886,0.5067846145674884,0.7249142033534653,3.884821355712218,0.005732665497591791,0.0011984424689481293,0.009581807005894935,0.7106335201775948
83.50760226099919,10.497999066969273,12.69118866751061,0.4394056114942015,0.28593825205697165,0.4854481174438815,0.7226256666462223,3.867707343130392,0.009232578711395233,0.004815702820575897,0.012702437357422991,0.7106335201775948
83.53706180600057,10.497999066969273,12.69118866751061,0.4394056114942015,0.28593825205697165,0.45994973354829327,0.7272680704770146,3.867707343130392,0.009232578711395233,0.004815702820575897,0.012702437357422991,0.7106335201775948
83.56081136399916,10.526892378853871,12.71457763288238,0.43121497855880647,0.37233717310783593,0.45472019876877223,0.729404085496036,3.832296075148988,0.012871082908551853,0.008707863565798002,0.015701768814119096,0.7071067811865476
83.5918461479996,10.526892378853871,12.71457763288238,0.43121497855880647,0.37233717310783593,0.4154016075442162,0.7383475377815779,3.832296075148988,0.012871082908551853,0.008707863565798002,0.005817866953510018,0.7071067811865476
83.62014548499974,10.526892378853871,12.71457763288238,0.43121497855880647,0.37233717310783593,0.4097541480754408,0.7424061428280899,3.832296075148988,0.012871082908551853,0.008707863565798002,0.005817866953510018,0.7071067811865476
83.66137517899915,10.541128910566739,12.728353743443332,0.4270959513860588,0.4132833168285804,0.4034429967568415,0.7488450433730185,3.814049932070869,0.013249760206423707,0.00903343048451915,0.0071776221570039695,0.7071067811865476
83.7265257199997,10.569287280234784,12.759815682466892,0.42112260759997955,0.4907618765915415,0.39170182631482203,0.7589621966132573,3.776509805954907,0.01120299845670727,0.006697454191114728,0.002620646499918808,0.7106335201775948
83.75690617100008,10.5831709958087,12.77737486042549,0.4165114672175151,0.526775338757975,0.35628601959804795,0.7586700099649527,3.7573159974316312,0.008900996144752952,0.004098509814909399,0.0015612105661238472,0.7106335201775948
83.8307820989994,10.59683444716918,12.796071508254045,0.40990354081435093,0.5608994348566169,0.3339386167652191,0.7577246871493133,3.737967148347795,0.005852909872598074,0.0005395024612895533,0.002578760675703678,0.7106335201775948
83.86542847700002,10.623387093505146,12.836177408571782,0.39359538303711317,0.6141366170528426,0.28698662507964057,0.7562333657719134,3.6992005682594353,0.0024375695879758214,0.009044095336364051,0.00840868686480851,0.7211102550927979
83.88583295999888,10.623387093505146,12.836177408571782,0.39359538303711317,0.6141366170528426,0.25353910372069266,0.7562542605045307,3.6992005682594353,0.0024375695879758214,0.009044095336364051,0.00840868686480851,0.7211102550927979
83.93685935699978,10.636167098523844,12.857385679807939,0.3834001505609466,0.6362481370846931,0.23135074627091531,0.8196709230408957,3.6799767279284668,0.007348652649085576,0.015003779532374851,0.0030467880595269714,0.6946221994724903
83.9714305439993,10.648542068352283,12.879249770739438,0.3712490948531697,0.6559227279449852,0.2161837496756763,0.8412472105999098,3.6609825151417548,0.01300147094109334,0.021713601411849182,0.006817166756901608,0.6946221994724903
83.98893538599987,10.660467338519737,12.901690618894138,0.35775810502360467,0.6732254446410028,0.18298240359925086,0.8689112322894288,3.6422973934367042,0.018793352814312665,0.029149237914726425,0.010199286942032447,0.7158910531638177
84.02798053100014,10.660467338519737,12.901690618894138,0.35775810502360467,0.6732254446410028,0.18492380912258657,0.8983122958406831,3.6422973934367042,0.018793352814312665,0.029149237914726425,0.0,0.7158910531638177
84.0998422470002,10.67189099943919,12.9246661911729,0.3427098275835731,0.6892671683628582,0.1842677714411998,0.9391016262267318,3.6239951547840192,0.025088741411472736,0.03731767277255957,0.0024281825976633577,0.7158910531638177
84.21584901700044,10.703015979457719,12.996247267877417,0.2954959102318585,0.7268008141731289,0.18494513773403598,0.926684352834562,3.57180214030504,0.04518043651802201,0.06592445307956024,0.011295422068585149,0.7433034373659253
84.26130391399965,10.703015979457719,12.996247267877417,0.2954959102318585,0.7268008141731289,0.16882637937662318,0.8586457310539339,3.57180214030504,0.04518043651802201,0.06592445307956024,0.0,0.7433034373659253
84.31785699799912,10.712276963189247,13.020780303842464,0.277829511945834,0.7359910789514337,0.14399831661191154,0.7651775433009784,3.555472194619532,0.05089780559774569,0.07672342477651749,0.008598362228070165,0.7280109889280518
84.35176185799901,10.720905889891924,13.045558246279448,0.25886780108030716,0.7433382731095017,0.13151333913399707,0.7447666818049067,3.539791578180326,0.05669645881525541,0.08814250331173401,0.017727200679704267,0.7280109889280518
84.40984109999954,10.728921372172064,13.070512989996974,0.2404644684041775,0.7486423115257935,0.10792829772493012,0.6940785747480426,3.5247715697280655,0.05952251796022762,0.09607878913300638,0.024027884958828905,0.7158910531638177
84.4456722369996,10.736254168511076,13.095700743061968,0.2199838901703788,0.755632591949803,0.11011494075611307,0.6850885463041329,3.510470483616889,0.061754888897844654,0.08874599279399398,0.030428431229580277,0.7158910531638177
84.46503937799935,10.74287788746073,13.121101060814675,0.19871156848964666,0.7620095325812042,0.1272046453282214,0.6891682533529235,3.4969289400327077,0.06164036341521154,0.08212227384433923,0.020258129129634914,0.7071067811865476
84.50599665200025,10.74287788746073,13.121101060814675,0.19871156848964666,0.7620095325812042,0.18269645637649945,0.7035172533510948,3.4969289400327077,0.06164036341521154,0.08212227384433923,0.020258129129634914,0.7071067811865476
84.5552380070003,10.748776766615515,13.146914173921319,0.17696637464355333,0.774393393199283,0.2124568389058559,0.7111484517430634,3.48411678217709,0.061644683300517256,0.07622339468955452,0.02627518507560493,0.7071067811865476
84.6833630759993,10.758372096560391,13.199838921996376,0.13363539524988263,0.7998881843240836,0.3865688283075491,0.8103661899969544,3.4607465973975673,0.06076970839943834,0.06662806474467864,0.012533866589546366,0.7516648189186454
84.77094752999983,10.762142508096225,13.226869585686314,0.11311234607501809,0.810919910698154,0.4709925849064223,0.8193941979330052,3.4501665694075903,0.060686475742241924,0.06285765320884451,0.018610646276972165,0.75
84.8424979219999,10.765396928611393,13.254156654056173,0.09763261545500998,0.8186120510957492,0.4451394327675466,0.7259880107724422,3.440207640476338,0.06097027979704534,0.059603232693676844,0.02429701320135818,0.75
84.87871124699996,10.765396928611393,13.254156654056173,0.09763261545500998,0.8186120510957492,0.4412884966140947,0.6898181837036177,3.440207640476338,0.06097027979704534,0.059603232693676844,0.02429701320135818,0.75
84.92060622399913,10.768121029336891,13.281650392851958,0.08172302176493593,0.8248121638735483,0.45310854394931493,0.6899898070565725,3.430905646424339,0.06175491790700456,0.05687913196817895,0.01080034297413486,0.75
84.95582969499992,10.770290740868376,13.309313451908476,0.06509134594452887,0.8298917716955679,0.483537914079258,0.6782880714238116,3.4223017061153094,0.06363748823537112,0.054709420436694245,0.022168339650198977,0.75
84.98777888400036,10.77187745042866,13.337113548690954,0.04760128680851862,0.8340029034743387,0.5022266548642645,0.6667230443930782,3.4144392574119906,0.06619962277210248,0.053122710876410295,0.03333886691362742,0.75
85.02985440299926,10.77323249815659,13.36475961817556,0.04065143183789447,0.8293820845381615,0.5649268714308973,0.6460107547970637,3.4070457041822597,0.07037076308695962,0.051767663148480025,0.02424757337435338,0.7516648189186454
85.06684400799895,10.774595680721768,13.392236433511096,0.04089547695536514,0.8243044600660681,0.6250267134068394,0.6372094028268227,3.3998886971080995,0.07455182843634581,0.053270061315411364,0.0356037694001628,0.7516648189186454
85.16425967000032,10.779070557410709,13.447148746300634,0.07750136827001677,0.8238182007210406,0.7663973277081674,0.6351683344398679,3.384492151285515,0.08613089376081334,0.0834938612056764,0.028290086184061515,0.7566372975210779
85.20268543400016,10.782328854032396,13.47442566489635,0.09774889865063761,0.8183075578714515,0.8096255687103131,0.6210911033170927,3.376134636166982,0.08953096776106466,0.09267130801773149,0.039605948559068765,0.7648529270389178
85.23640305399931,10.786186375220105,13.501480512179754,0.11572563563126051,0.8116454185021366,0.8442048593900724,0.5982479000053218,3.367430224529898,0.09225804148415467,0.08881378683002339,0.027671817060466244,0.7762087348130012
85.27682620899941,10.790689836137789,13.52836143575069,0.13510382753052852,0.8064277071280744,0.8629726008628281,0.5664195063958812,3.358318687792858,0.09428588438044169,0.08431032591233922,0.03889285649878309,0.7762087348130012
85.35069640599977,10.801475552141914,13.581742782614889,0.170717475224159,0.7987511160599691,0.8734177681066608,0.5175119159006571,3.338989978494881,0.09819578860207527,0.07352460990821363,0.02802146145278655,0.7905694150420949
85.38666395700056,10.807653965090365,13.608262943896873,0.18535238845352467,0.7956048384595259,0.8688920854563783,0.47640314570846276,3.3288658347746853,0.10005215115847718,0.06734619695976285,0.04143326039907852,0.8077747210701756
85.41659490699931,10.814432440457296,13.634670376805033,0.20335426100790713,0.7922229872447802,0.8669493787476258,0.41591981735683486,3.318355895099585,0.10398036045762979,0.06133482827740423,0.05472658801630546,0.8077747210701756
85.47594339599891,10.822215300996605,13.660921250980103,0.23348581617929048,0.7875262252520566,0.8903718760484776,0.3442501141931399,3.307062545653113,0.10707384977859767,0.06384796975937343,0.027804779022045745,0.8276472678623424
85.5015489769994,10.831071983449098,13.687135956783639,0.2657004735747869,0.7864411741060794,0.892157161163144,0.31993822898104424,3.2948971297405287,0.11139576320650837,0.07499852580848458,0.04053096293876662,0.8276472678623424
85.51339056899997,10.831071983449098,13.687135956783639,0.2657004735747869,0.7864411741060794,0.8977601429219793,0.28895175966809367,3.2948971297405287,0.11139576320650837,0.07499852580848458,0.04053096293876662,0.8276472678623424
85.56771815399952,10.840896035956828,13.71339298829067,0.29472157523191317,0.7877109452109287,0.9115170729940216,0.2679489252414026,3.281954239465373,0.11743732004240375,0.08661839669398656,0.018782575309065744,0.8500000000000001
85.61932766499922,10.851767619584127,13.73965676865425,0.3261475088189903,0.7879134109074102,0.9096754006352572,0.20179695564521233,3.2681586316393614,0.12260360032973261,0.09750232338356823,0.0370887192767717,0.8062257748298549
85.67802520399891,10.863619145304447,13.76598478655747,0.35554577160964107,0.7898405370965735,0.9042183789530787,0.15561318836601612,3.253571452949969,0.12910046938533568,0.10773874917389019,0.02028638520365835,0.8321658488546619
85.753715679999,10.876571964000414,13.792227515699414,0.38858456087899634,0.78728187425833,0.8946500051937707,0.09753369228238035,3.2380877389843374,0.13526029197856068,0.11713613497160352,0.040096256624662034,0.8321658488546619
85.78363203299887,10.890560334527237,13.818355576576304,0.41965111580467235,0.7838418263066697,0.8655848806793889,0.08190178544718679,3.2217738200493815,0.14096624299724955,0.12572019233964032,0.022836979536511218,0.8602325267042628
85.83688459800032,10.905579953667994,13.843976044007292,0.4505885742227224,0.7686140229296319,0.8378631798712055,0.0224496786056112,3.204663429823783,0.1468162139436169,0.13321612405199254,0.044972030075790544,0.8200609733428363
85.85508072700031,10.921653255354355,13.868832771233135,0.48219905059083157,0.7457018167753309,0.8378631798712055,0.0224496786056112,3.1867422733655943,0.15137149525159665,0.13942694381300744,0.06466422382592785,0.8514693182963202
85.95423313100036,10.957082571223713,13.91580712563637,0.5472379345061824,0.6912958606223777,0.9296966145046928,-0.08343687251806031,3.148310178345215,0.1583659371354234,0.14759051884937147,0.03809402678042055,0.848528137423857
86.02308395100044,10.976315447626083,13.93791815980533,0.5769862920711069,0.6633310250688084,0.9610650601544757,-0.13901169553729487,3.127886779546268,0.16030483597581535,0.14962568372345197,0.05505755581964641,0.848528137423857
86.0520034860001,10.996447387501103,13.959160323144856,0.6039581962505648,0.6372649001857974,0.9783710016834712,-0.17623836240004737,3.106746631626948,0.16169829975815014,0.15041073026383672,0.07078213090267606,0.8845903006477066
86.17469277999953,11.039175589401594,13.998894269258367,0.6525254616529029,0.5815767545137708,1.0419505318753481,-0.2196991830549313,3.0624938271454316,0.16188665304167835,0.14829347169225593,0.06046345716329918,0.8514693182963202
86.1915818109992,11.039175589401594,13.998894269258367,0.6525254616529029,0.5815767545137708,1.0419505318753481,-0.2196991830549313,3.0624938271454316,0.16188665304167835,0.14829347169225593,0.06046345716329918,0.8514693182963202
86.2205357820003,11.06160087558784,14.017444490663296,0.6727585855874051,0.5565066421478617,1.0754788394108983,-0.24160905402591676,3.039520464045343,0.16098568882817574,0.14555338710784949,0.047099755563007904,0.8500000000000001
86.25542770100037,11.084574683283835,14.035169203552623,0.689214230879811,0.5317413866798072,1.1409626019699761,-0.25578379527986134,3.0161221581462487,0.15978002991697965,0.14184171657496447,0.06183238082225249,0.8500000000000001
86.29213029899984,11.108017572083035,14.05219600624963,0.7032866639760395,0.5108040809102317,1.154416812053836,-0.270066580170297,2.992364294463891,0.15884061997003995,0.13730485858342661,0.07607380457979807,0.8
86.3293599539993,11.131913019789119,14.068161080044323,0.7168634311824933,0.4789522138407584,1.1469875971272179,-0.2812132316931084,2.9682577446915372,0.15679487734547007,0.13169723741333736,0.03679074054447523,0.8
86.35746531599943,11.131913019789119,14.068161080044323,0.7168634311824933,0.4789522138407584,1.1291185129021766,-0.30392884146860233,2.9682577446915372,0.15679487734547007,0.13169723741333736,0.03679074054447523,0.8
86.38503214000048,11.156203284166056,14.083165483221592,0.7287079313080933,0.4501320953180823,1.1231602102415785,-0.31094855852423187,2.9438448507198673,0.15600913512032816,0.1251311419898949,0.05304479972112459,0.8
86.44143821999933,11.181096611122747,14.097008649679424,0.7467998087007727,0.4152949937349657,1.101180296859698,-0.33163733287639735,2.9189049216745393,0.15457686928126121,0.11731749856795158,0.015181524403550603,0.8
86.48082623600021,11.206673016600543,14.109648263018437,0.7672921643338675,0.3791884001704023,1.0401769775865344,-0.32417738187536527,2.8933430701952148,0.15230731923875396,0.10878369671425288,0.029198581895523986,0.75
86.53660641399983,11.260064829596933,14.131208447098393,0.8130082728945971,0.3041042843122937,0.975405262725473,-0.32348407110414207,2.8401066422341588,0.15235573661454588,0.10725322454769157,0.052821889142164805,0.75
86.56725183199887,11.260064829596933,14.131208447098393,0.8130082728945971,0.3041042843122937,0.9441095534879467,-0.31396324351676136,2.8401066422341588,0.15235573661454588,0.10725322454769157,0.016145488908721174,0.75
86.60161158399933,11.288131405183908,14.140024379794875,0.841997267609246,0.2644779808944592,0.8775685361569632,-0.29952977694060134,2.812153435623844,0.1515264941575798,0.11502417080608929,0.023071236376720716,0.75
86.63790111900016,11.3171801604831,14.147547783945607,0.8714626589757334,0.22570212452194635,0.8110651263389219,-0.2882893159499335,2.7832260150708215,0.15207558134021454,0.12254757495682078,0.02874232823170719,0.75
86.68513977899966,11.347197835602278,14.153955019454397,0.9005302535753817,0.1922170652637161,0.7505671922571319,-0.2864777966522055,2.753330873766737,0.15150119580744228,0.1289548104656113,0.020820055142088286,0.7000000000000001
86.83593121299964,11.37810383381767,14.159321395060712,0.9271799464617415,0.1609912681894257,0.7375765708185462,-0.41283712170719133,2.7225425189315247,0.15218119376084155,0.13432118607192578,0.013805882725033039,0.7000000000000001
86.8747055799995,11.37810383381767,14.159321395060712,0.9271799464617415,0.1609912681894257,0.7443592622956773,-0.4403656035244222,2.7225425189315247,0.15218119376084155,0.13432118607192578,0.013805882725033039,0.7000000000000001
86.90486563900049,11.409830778760396,14.163848193408084,0.9518083482817545,0.13580395042116405,0.7639521163542612,-0.48610578153729456,2.690926797723485,0.15219102056267994,0.13884798441929824,0.013222991372396556,0.7000000000000001
86.95837534599923,11.442296270426631,14.16769458403575,0.9739647499870261,0.11539171882997773,0.7788234847531446,-0.5454895296563709,2.6585657168661387,0.15311702686651282,0.1426943750469647,0.025132445134082988,0.7000000000000001
86.99489459100005,11.475406245153165,14.170899397780074,0.9932992417960208,0.09614441232969173,0.7772015190954934,-0.579768801106036,2.6255511997648386,0.15376930648280587,0.14589918879128838,0.024587215995765296,0.7000000000000001
87.03276303799976,11.509011766411573,14.173584466586991,1.008165637752263,0.08055206420753888,0.7711676536324049,-0.6062577765111914,2.5920329280926513,0.1546931754789769,0.14858425759820548,0.03387821048128191,0.7000000000000001
87.09942516499905,11.543041191911984,14.175928777791345,1.020882765012309,0.07032933613058998,0.7858385386084283,-0.6597922135454458,2.5580859105111724,0.1558596097699215,0.15092856880255923,0.01538830609108738,0.7000000000000001
87.12844928699997,11.577438941939917,14.17809223879327,1.031932500837975,0.0649038300577915,0.78834588678267,-0.6734855091822488,2.5237695396768993,0.15718197901319478,0.1530920298044851,0.03062397397622765,0.7000000000000001
87.17359985300027,11.611372774804979,14.180019117421143,1.018014985951832,0.05780635883617196,0.7599876271155929,-0.7216112431705628,2.4899133569533554,0.15882213619115315,0.155018908432357,0.043193249273734455,0.7000000000000001
87.1927710380005,11.611372774804979,14.180019117421143,1.018014985951832,0.05780635883617196,0.7448756670275583,-0.7390190313821892,2.4899133569533554,0.15882213619115315,0.155018908432357,0.043193249273734455,0.7000000000000001
87.2256348789997,11.644472309036384,14.18152828980687,0.9929860269421912,0.04527517157184048,0.7631108731731149,-0.7688604686632009,2.4568807669742414,0.16038021988735332,0.15652808081808445,0.033759820212046515,0.7000000000000001
87.26697000199965,11.67664930584348,14.182536310934529,0.9653099042128492,0.03024063382977039,0.7748268774346947,-0.8294317555705457,2.4247558288395905,0.16166024501989873,0.15753610194574286,0.04651932862798713,0.7000000000000001
87.34575492299882,11.738706240426874,14.181952925251027,0.9212317890233874,-0.02339537683820082,0.7480512903152561,-0.8942631043820367,2.3627154930198833,0.1629270340079744,0.15695271626224105,0.031118619156852052,0.7000000000000001
87.40568902799896,11.769039635062502,14.180168194458282,0.9100018390688265,-0.05354192378230356,0.6991982113363115,-0.922231768894412,2.332338560825219,0.16273009905051286,0.15516798546949673,0.04236119796844775,0.7000000000000001
87.46470639700055,11.769039635062502,14.180168194458282,0.9100018390688265,-0.05354192378230356,0.7117729372218367,-0.9546683316963787,2.332338560825219,0.16273009905051286,0.15516798546949673,0.016761280263607608,0.7000000000000001
87.47617604200059,11.799280752676193,14.17751548518604,0.9072335284107311,-0.07958127816725488,0.7121242962305676,-0.9579259566080489,2.3020246969678344,0.1621380080833571,0.15251527619725458,0.032772618079663446,0.7000000000000001
87.5313005019998,11.799280752676193,14.17751548518604,0.9072335284107311,-0.07958127816725488,0.6941291468554811,-0.9635005398962964,2.3020246969678344,0.1621380080833571,0.15251527619725458,0.032772618079663446,0.7000000000000001
87.58500751800057,11.85912166443316,14.169090556343997,0.8949943628686372,-0.1414780887463676,0.6871141529143391,-0.9731159584421722,2.241943179429117,0.1599599486358204,0.14409034735521153,0.03540087493621083,0.7000000000000001
87.62482892600019,11.888874269699274,14.163482891271844,0.8925781579834643,-0.16822995216457742,0.6449046089088437,-0.9725658881685991,2.2120368606065655,0.15873646289219556,0.13848268228305827,0.05038929862211515,0.7000000000000001
87.71409346799919,11.888874269699274,14.163482891271844,0.8925781579834643,-0.16822995216457742,0.580981842002482,-0.9431967221290053,2.2120368606065655,0.15873646289219556,0.13848268228305827,0.015084280110594234,0.7000000000000001
87.75802094400024,11.918666892930396,14.157124186689686,0.8937786969336748,-0.1907611374647302,0.5808382588731856,-0.9422046760361342,2.1820809555795333,0.1580380725255978,0.1321239777008998,0.01686881737936718,0.7000000000000001
87.86665291700047,12.008968470130482,14.135047016873784,0.9089384655627555,-0.23135888484140796,0.5535262164579628,-0.9346086411006158,2.0913252143796788,0.16260223914294947,0.1151700688805557,0.04124900763142854,0.75
87.89801544699912,12.039500679480875,14.127167040320511,0.9159662805118016,-0.236399296598165,0.4882207180373592,-0.9147868513894885,2.0606784072095166,0.16629510592656394,0.12082373963219302,0.055744689388246095,0.75
87.93470589299977,12.070282970157006,14.1192460851764,0.9234687202839261,-0.2376286543233344,0.420733552073249,-0.906202447772485,2.029808274943543,0.17381643545558334,0.13401700630361624,0.07040145922890222,0.75
88.04777725900021,12.101129923297366,14.110573472088667,0.9254085942108053,-0.2601783926319521,0.3185976807735149,-0.8273993340026772,1.9988980418843785,0.18267859429151298,0.14969663252316562,0.014872894841088169,0.75
88.11812072400062,12.131807782948039,14.100675757885,0.9203357895201784,-0.2969314261100229,0.2642226968006573,-0.7756471851668408,1.968192333059102,0.19060294846204992,0.1643904142827862,0.028738964669289595,0.75
88.14792003900038,12.162391076971689,14.089540588658007,0.9174988207095095,-0.334055076809777,0.24074523196476863,-0.7659447542907709,1.9376371533092958,0.20009549965518378,0.1781423152078647,0.0419477478687783,0.8
88.18156432199976,12.192624928993826,14.07704920648321,0.9070155606641437,-0.37474146524392205,0.18092821693058941,-0.747673322657263,1.9075131455428702,0.20858933218862832,0.19068813595191655,0.05416332501369733,0.8
88.21870404899892,12.22258982125194,14.063369719506955,0.8989467677434307,-0.4103846092876474,0.12206031638382653,-0.7158268033649244,1.8777674927199637,0.21686857296152967,0.20220365646109062,0.02611862297650707,0.8
88.32659647499895,12.282145196692653,14.033174142353532,0.8925854878280146,-0.4652958452416574,0.017737765893083124,-0.6536048321114247,1.819082675734607,0.2330844784864272,0.22296416892430254,0.020333358932016647,0.8500000000000001
88.37412727999981,12.311175025614261,14.016747924821637,0.8708948676482615,-0.4927865259568681,-0.07468383269966494,-0.6542458206427937,1.7907612060259852,0.2407841098028309,0.2318762680054083,0.03004142608964732,0.8500000000000001
88.39203040099892,12.339167662439246,13.999444348194558,0.8397791047495405,-0.5191072988123703,-0.10747119843759911,-0.6652897563906996,1.7637012105540109,0.24713514377868842,0.23943457495585913,0.0384491781778303,0.9
88.44402529099898,12.366146370941811,13.981430809534734,0.809361255076934,-0.5404061597947168,-0.1567769948901365,-0.7089433369828368,1.737903064018773,0.2529826260469253,0.24577390734615018,0.022259922581250202,0.8500000000000001
88.45124570999906,12.366146370941811,13.981430809534734,0.809361255076934,-0.5404061597947168,-0.1567769948901365,-0.7089433369828368,1.737903064018773,0.2529826260469253,0.24577390734615018,0.022259922581250202,0.8500000000000001
88.52787094700034,12.416959515432431,13.943845369781567,0.7473317496575214,-0.570524136697582,-0.23962805842397294,-0.8170050896648047,1.6902690736187806,0.2619705759675848,0.25512730706553655,0.02583106311194963,0.8
88.59339555999941,12.440861285592744,13.924478582739972,0.717053104809366,-0.5810036112478234,-0.3106329748763714,-0.9317677457557092,1.6683971474328074,0.26550969192592533,0.2583340243813489,0.03948282455593183,0.8
88.66906093999933,12.463521504174913,13.904856503833653,0.6798065574650742,-0.5886623671895941,-0.363224017247162,-1.0215374276942402,1.6480724654559222,0.26805999810972203,0.2604823135483341,0.017021033676461045,0.75
88.69162921499992,12.484794898600487,13.885050904165332,0.6382018327672232,-0.5941679900496307,-0.39817041231005157,-1.0781708205289795,1.6294448850412677,0.2701535477353487,0.26152020117457825,0.03265349733737599,0.75
88.7855270759992,12.523466178829894,13.845183110565992,0.5620976354977363,-0.5987124802115302,-0.42001770510606407,-1.1232868496863382,1.596994219286356,0.27177306562475034,0.26067413845691795,0.04130193056720762,0.7000000000000001
88.89463637399967,12.540756411611412,13.825213844288184,0.5187069834455119,-0.5990779883342744,-0.47230636643874613,-1.066366510220902,1.583271296809804,0.27177337066255103,0.25877977570466487,0.022515394506013493,0.7000000000000001
88.90747720000036,12.556587316285478,13.805253023939162,0.4749271402220129,-0.5988246104706535,-0.47230636643874613,-1.066366510220902,1.5713047101526392,0.2706759446917546,0.2558594843251754,0.04363710443304032,0.65
88.94968560899906,12.570835168540974,13.785115410242367,0.4274355676648443,-0.6041284109038294,-0.48040784183182045,-1.0356368732406047,1.5612486626536923,0.26890764976460396,0.2516947940704617,0.06330315193894365,0.65
89.00635745799991,12.583328434399494,13.764574613538228,0.37479797575561574,-0.6162239011241707,-0.47888102805620386,-0.9529121850083933,1.5533199373548638,0.26624711749612656,0.24600433043771633,0.043131157122291125,0.65
89.07651814999917,12.594159595904802,13.743418666525379,0.32493484515926596,-0.6346784103854697,-0.47823417993449535,-0.8516547708630334,1.5474836251114665,0.2618949592024065,0.23870360459103782,0.021234643087852605,0.65
89.09084686799906,12.594159595904802,13.743418666525379,0.32493484515926596,-0.6346784103854697,-0.4657247750830731,-0.7853690617344943,1.5474836251114665,0.2618949592024065,0.23870360459103782,0.021234643087852605,0.65
89.11930463499993,12.603526513220082,13.721471143089168,0.28100751945840924,-0.6584257030863048,-0.4631425179023804,-0.7509120620963479,1.5436051930948747,0.25616208790722894,0.22980777269149047,0.04175513880920486,0.6000000000000001
89.19583305500055,12.603526513220082,13.721471143089168,0.28100751945840924,-0.6584257030863048,-0.44099923831805127,-0.6724861993548694,1.5436051930948747,0.25616208790722894,0.22980777269149047,0.0,0.6000000000000001
89.23390160300005,12.611546372001033,13.698474487188301,0.2405957634285465,-0.6898996770260025,-0.43527530670303516,-0.6718988696265901,1.5416604490425194,0.25039942368328033,0.2192175778875429,0.01883883985159769,0.6000000000000001
89.26912767700014,12.618458730481777,13.67437923778111,0.20737075442230965,-0.7228574822157008,-0.4294585980049158,-0.6685224936331979,1.54146604455546,0.2434695668906227,0.20706743919306322,0.037305927231841944,0.6000000000000001
89.30972980799925,12.624080520359,13.64911524811802,0.1686536963166747,-0.7579196898927001,-0.42428139135995707,-0.6692534383910338,1.543254797453562,0.23482562722964626,0.19398322327538126,0.0349506760873717,0.6000000000000001
89.35641262299941,12.628629447250148,13.622675051393083,0.1364678067344507,-0.7932059017481499,-0.4094689938519339,-0.6640784739345083,1.5468582385150875,0.2260249786166488,0.18205033985034855,0.05178056173938294,0.6000000000000001
89.40616097299971,12.632334373536786,13.595077061946473,0.1111477885991122,-0.8279396833983206,-0.3924915767015684,-0.649709850990379,1.552091996137556,0.21872649501956334,0.17223476120263553,0.020092507155512446,0.6000000000000001
89.46857049299979,12.63625723303754,13.53838600831533,0.04193218428526269,-0.8546132949931311,-0.37249204036250777,-0.561993904046477,1.5677860707031765,0.20183278944612018,0.16181166545455855,0.05848150440081592,0.6000000000000001
89.52380560599886,12.636575376363725,13.509854191533137,0.009544299785543803,-0.8559545034658147,-0.32813402173563316,-0.48607334001194635,1.5779365336780755,0.19456132525212805,0.16157519047173885,0.017492012755694786,0.6000000000000001
89.56560335999893,12.635940045365425,13.481287876849562,-0.019059929948978774,-0.8569894405072581,-0.29794677857505325,-0.44230319778461497,1.58942638775689,0.1868496494907245,0.16093985947343903,0.03424509842782011,0.6000000000000001
89.6306886250004,12.632340512497121,13.424797577628176,-0.06427409211515774,-0.8439360884593856,-0.2606803821707907,-0.4034681533194777,1.615525512777186,0.17215946223205364,0.15734032660513542,0.028049982976497273,0.6000000000000001
89.67111191100048,12.629644656444516,13.39688970853942,-0.08087568157816025,-0.8372360726626558,-0.1720014256879676,-0.44420195916188515,1.6298186765035998,0.16479664461386476,0.1546444705525296,0.04014248565248636,0.6000000000000001
89.72366123999927,12.626523066460523,13.369186617509861,-0.09364769951978147,-0.8310927308868141,-0.12053100071685603,-0.4658131112586376,1.6447560529451097,0.15795839900943662,0.15152288056853713,0.05079845594211573,0.6000000000000001
89.80871097099953,12.619095212333056,13.314692979055105,-0.11659179487341409,-0.8122493723053643,-0.06366210610417253,-0.4712147448293784,1.6762416613603845,0.14347787210802843,0.14409502644106986,0.029386612846791553,0.6000000000000001
89.85247460999926,12.619095212333056,13.314692979055105,-0.11659179487341409,-0.8122493723053643,-0.026362473863191044,-0.455766894245043,1.6762416613603845,0.14347787210802843,0.14409502644106986,0.023041008187246963,0.6000000000000001
89.91872530199907,12.614951248255728,13.287940834696421,-0.12431892231982257,-0.8025643307604877,-0.026668077744191387,-0.43794406505433886,1.6925749268528003,0.13585735741143368,0.13995106236374255,0.03234339884443081,0.6000000000000001
89.958809578,12.614951248255728,13.287940834696421,-0.12431892231982257,-0.8025643307604877,-0.015043435209132178,-0.43339763339822607,1.6925749268528003,0.13585735741143368,0.13995106236374255,0.010049990277087655,0.6000000000000001
89.99528003799969,12.610581467198912,13.2617885618931,-0.13109343170449037,-0.7845681840996509,-0.010537584721038024,-0.4087064557742312,1.7090833744509308,0.12769115338892897,0.13558128130692637,0.019600268092012943,0.6000000000000001
90.03871549299947,12.606097080694902,13.236284486295292,-0.13453159512033908,-0.7651222679342344,0.00999185268638289,-0.3955240763963067,1.7256159540646587,0.11899981542207173,0.13109689480291564,0.02706296652859814,0.6000000000000001
90.0745545360005,12.601592629029591,13.211590059094036,-0.1351335499593103,-0.7408328160376874,0.04149499352813096,-0.3853004074028762,1.7419807325223176,0.10966592345761124,0.11538731507779994,0.015157390276404786,0.6000000000000001
90.08423733999916,12.601592629029591,13.211590059094036,-0.1351335499593103,-0.7408328160376874,0.04149499352813096,-0.3853004074028762,1.7419807325223176,0.10966592345761124,0.11538731507779994,0.015157390276404786,0.6000000000000001
90.1445507619992,12.592663161918168,13.164578725282551,-0.1333839066030803,-0.6936843422240765,0.08759131492116466,-0.3773067663897724,1.7740003677092493,0.08835065120029245,0.07838838075562295,0.025971920119959132,0.651920240520265
90.22303497999928,12.58856657965997,13.142162076973024,-0.12289746774594477,-0.672499449285794,0.17483170144263402,-0.3798665027535666,1.789381030107727,0.07810812084662304,0.06584236094620907,0.013913506246061925,0.6576473218982953
90.27128983900002,12.584910404532767,13.120394654892506,-0.10968525381607352,-0.6530226624155382,0.2086158268127973,-0.3844792374149266,1.8041959745150289,0.0693453374410471,0.05991021789572315,0.017953513646009528,0.6576473218982953
90.30166717999964,12.581766844750021,13.09928074360465,-0.09430679348238447,-0.6334173386356683,0.24245988151026512,-0.40726335573201716,1.8183704088608479,0.0612367591383303,0.0567666581129771,0.006467313870553327,0.6670832032063168
90.3342814890002,12.579150231328738,13.078800152112676,-0.0784984026384776,-0.6144177447592635,0.30379865907530995,-0.43599339699384637,1.8318933233658898,0.05380459497497561,0.05415004469169382,0.009305874945674834,0.6670832032063168
90.35385487699932,12.579150231328738,13.078800152112676,-0.0784984026384776,-0.6144177447592635,0.30379865907530995,-0.43599339699384637,1.8318933233658898,0.05380459497497561,0.05415004469169382,0.009305874945674834,0.6670832032063168
90.3798226380004,12.577062465686554,13.058924073555911,-0.06263296926551191,-0.5962823567029617,0.3697566225986562,-0.4603623904145316,1.8447703971069502,0.04704325457490371,0.052062279049509996,0.012337420952169501,0.6670832032063168
90.4187809949999,12.575505573719171,13.039614283771758,-0.04670675902145857,-0.5792936935245956,0.43070971711040545,-0.4834956762974835,1.8570140341263421,0.04093237891999991,0.050505387082127484,0.008149334017936615,0.6800735254367722
90.45256180899923,12.574491471301283,13.020933891405333,-0.030423072536689157,-0.560411770992768,0.49346186522598867,-0.5089343900234508,1.8685716303771074,0.0347706102794945,0.04949128466423858,0.01155439615062471,0.6800735254367722
90.51771909499985,12.574249551493853,12.985471146746228,0.00552786565116873,-0.5225850747403123,0.5810488472366145,-0.557153881875483,1.8894679134221555,0.02434521848966262,0.04924936485680931,0.00900979198073048,0.696419413859206
90.65273103099935,12.575192248959256,12.968652890560664,0.02828092396211255,-0.5045476855669387,0.7001914111928096,-0.6214362039903918,1.8986797938753839,0.018810132041380212,0.050192062322212294,0.00494437161510496,0.696419413859206
90.69003043799967,12.576943001805876,12.952391324979978,0.05252258539862503,-0.4878469674205976,0.7123124451153322,-0.6236251358752761,1.9070155454870588,0.014067391071528577,0.05194281516883237,0.008937836415050006,0.696419413859206
90.73352799399981,12.579510269495742,12.936670225808825,0.0770180306960009,-0.4716329751345714,0.7312344360310354,-0.6161120048100692,1.9144777836497864,0.010287437788689765,0.04679640885282046,0.004207738765743211,0.7158910531638177
90.77224878800007,12.583039410117385,12.921319146004436,0.10587421864929973,-0.46053239413167,0.7377151734050003,-0.6009614289587445,1.9210564767420875,0.005963210038512002,0.03843703548992511,0.00738686599159994,0.7158910531638177
90.78679114099941,12.587523881837484,12.906339977969507,0.13453415160294924,-0.4493750410478343,0.7377151734050003,-0.6009614289587445,1.926761079170375,0.0015768294490927353,0.0310161645592158,0.009612621350961805,0.7158910531638177
90.81316421500014,12.587523881837484,12.906339977969507,0.13453415160294924,-0.4493750410478343,0.7381105206708656,-0.5687992363333442,1.926761079170375,0.0015768294490927353,0.0310161645592158,0.009612621350961805,0.7158910531638177
90.84758547300044,12.592992421457422,12.891689662026703,0.1640561885981602,-0.43950947828411374,0.7350542154914965,-0.5571650250220628,1.931601851996913,0.001804948578053858,0.024523668257979574,0.003197873033479335,0.73824115301167
90.8871460779992,12.599722916398335,12.877195975996816,0.2019148482273554,-0.4348105808966116,0.7282755626494815,-0.530814534830982,1.9354795293928309,0.004042652854213069,0.01903426319531865,0.005245077323631582,0.73824115301167
90.93500115899951,12.607788154521906,12.862825321275912,0.24195714370712493,-0.431119641627116,0.7144268456887822,-0.49766599767121233,1.938374932117414,0.006346850567678121,0.014575660361137752,0.006098005473689008,0.6946221994724903
90.96232277799936,12.617371867050473,12.84842520233629,0.287511375857013,-0.43200356818863,0.7116998644608555,-0.4866824503736003,1.9402643260031234,0.007786968591265554,0.011169946726931054,0.004791945980568654,0.7211102550927979
91.0024816490004,12.628485887999846,12.834003079717675,0.3334206284811637,-0.4326636785584532,0.7045045759030422,-0.46221268689526884,1.9411599583702348,0.008041810119241134,0.008830765603755182,0.005449505691431968,0.7211102550927979
91.07277443000021,12.65533087278379,12.805165763627931,0.42543534407306693,-0.4326022434743084,0.6944272325160488,-0.4281978761459565,1.94001664601438,0.006380851797873552,0.007421974627053666,0.0006969204517934554,0.6800735254367722
91.08371145799902,12.65533087278379,12.805165763627931,0.42543534407306693,-0.4326022434743084,0.6944272325160488,-0.4281978761459565,1.94001664601438,0.006380851797873552,0.007421974627053666,0.0006969204517934554,0.6800735254367722
91.17660464499932,12.670953995079227,12.790767349762481,0.46869366886313063,-0.43195241596349343,0.6820931511306355,-0.3819087674611681,1.9381079992167562,0.004309332986443178,0.008287974262873967,0.0011486304676953172,0.7106335201775948
91.21117056399999,12.687853472828847,12.776333073684466,0.506984332488601,-0.4330282823404547,0.6779922125681357,-0.3641511248518372,1.9355236877969642,0.0014493393761522498,0.010031135081858055,0.003186701258889514,0.7106335201775948
91.24775075399884,12.687853472828847,12.776333073684466,0.506984332488601,-0.4330282823404547,0.6771921901630489,-0.35078159304204837,1.9355236877969642,0.0014493393761522498,0.010031135081858055,0.003186701258889514,0.7106335201775948
91.31564075700044,12.724659188545745,12.74786300375442,0.5656712584841149,-0.42449835380753714,0.653358243056758,-0.326903995062377,1.928687845211782,0.005173338851044996,0.01592532674331032,0.0062310739079067265,0.7071067811865476
91.35489927100025,12.744353804983062,12.733935244115276,0.5908384931195252,-0.4178327891743174,0.6584767960811188,-0.3127039819307157,1.9245543700644807,0.009343552995015327,0.020003110291430357,0.010289353483162155,0.7071067811865476
91.39681152400044,12.764739164972516,12.720272787584337,0.6115607996836425,-0.40987369592816214,0.637885257913975,-0.2711725247778703,1.9200439261221574,0.013595518361150707,0.02475692091620881,0.005605301643236108,0.6726812023536856
91.43875513700004,12.785725694955161,12.706962937566358,0.6295958994793712,-0.3992955005393852,0.6267384584751234,-0.2456937589708093,1.915168192669992,0.018518103454831257,0.03018515337622299,0.01189083831927818,0.6726812023536856
91.5095177080002,12.807250399425609,12.694070122513432,0.6457411341134454,-0.38678445158774744,0.6138410252100245,-0.21429647506988675,1.9099320276372773,0.023439631004178695,0.03628882091780529,0.003010623007503123,0.6800735254367722
91.53262332899976,12.807250399425609,12.694070122513432,0.6457411341134454,-0.38678445158774744,0.6641425748173229,-0.2034291520771907,1.9099320276372773,0.023439631004178695,0.03628882091780529,0.003010623007503123,0.6800735254367722
91.56308335999893,12.829224340237019,12.681558907700413,0.6592182243423107,-0.37533644439057673,0.6709320187673601,-0.19679192292235506,1.904427974424363,0.028574209396145307,0.04297997863977799,0.006598135239550202,0.6800735254367722
91.6529651389992,12.874202430041278,12.658004188705068,0.6786268912945737,-0.34571101226182527,0.6755380145561865,-0.17824291993282051,1.8925991657793884,0.03894728484360278,0.058128589414634224,0.010721392558022985,0.651920240520265
91.67824890299926,12.897033398151473,12.647030307113754,0.6849290433058505,-0.3292164477394041,0.6890963125102291,-0.17151820354722208,1.886332307311981,0.04429082365080016,0.06651281569725116,0.016306717657085988,0.6946221994724903
91.71663668300062,12.920048592433933,12.636631718611868,0.6904558284737982,-0.31195765505659034,0.7213331984903393,-0.1506497436978946,1.8798223456459913,0.048311341337297004,0.07543410320025219,0.006200034980295765,0.670820393249937
91.74667037600011,12.943199291482873,12.626846944003397,0.694520971468229,-0.2935432382541662,0.7341788235118073,-0.13666367563465465,1.8730637484127057,0.05226442312738391,0.08488523900893509,0.010122107581507809,0.670820393249937
91.79062895099923,12.966365548191748,12.617664005200998,0.6949877012662109,-0.27548816407195065,0.7470449102519345,-0.11122184517939569,1.8661315794453885,0.05344741012420205,0.09266381856395434,0.014527326025912585,0.65
91.85788495700035,12.989503600472467,12.609073588692704,0.6941415684215745,-0.25771249524883016,0.7241079434242249,-0.08357865682393176,1.8590491702204286,0.05376745669804858,0.08407340205565994,0.01276843983257982,0.65
91.87862753399895,12.989503600472467,12.609073588692704,0.6941415684215745,-0.25771249524883016,0.7282466222135556,-0.07388418612385939,1.8590491702204286,0.05376745669804858,0.08407340205565994,0.01276843983257982,0.65
91.91932266399999,13.012537463325303,12.601105132092501,0.6910158855850616,-0.23905369800606746,0.7127148870362986,-0.0650692227861269,1.85182628605126,0.05167946068805263,0.07610494545545698,0.017909939150108363,0.632455532033676
91.94773442599944,13.03555943075936,12.593768128050087,0.690659023021673,-0.22011012127242163,0.7197104318281901,-0.05625331929883712,1.8443882935876263,0.049829204433505074,0.06876794141304288,0.008790293918006262,0.6800735254367722
92.06038782999894,13.081677376891463,12.581015022760473,0.6918219614145622,-0.18141974588235582,0.7221829990661883,-0.02453571861913073,1.8287417329448177,0.04385526275695344,0.05601483612342939,0.011412217554105557,0.6670832032063168
92.0907932099999,13.1047336453715,12.57563891285126,0.6916880544011079,-0.16128329727640747,0.7319604673594363,-0.014842889923176394,1.8205031833723315,0.04055557945986213,0.05063872621421517,0.014618187831233956,0.6576473218982953
92.13309577399923,13.127801963410795,12.570832420035389,0.6920495411788621,-0.1441947844760802,0.7280708990543296,0.01374044067938851,1.8120492570464881,0.037824320117568665,0.04583223339834497,0.017401694371859032,0.6576473218982953
92.16349554299995,13.150986117965669,12.566591549239005,0.6955246366462171,-0.12722612389148638,0.733739493962773,0.03101912833906345,1.803321608909266,0.03480283901944999,0.04159136260196128,0.0035399907697307486,0.651920240520265
92.27104312799929,13.197506096766904,12.559843615642492,0.6982694695854992,-0.09248155652200658,0.7097234830183349,0.0873930714845321,1.7850985781323385,0.029965371298172994,0.034843429005448456,0.004905041663761324,0.651920240520265
92.30965605399979,13.220816706838495,12.55732259652417,0.6993183021476967,-0.07563057354966754,0.7177601366290881,0.11327551079058387,1.7756173107314643,0.028081056552993196,0.03232240988712576,0.007352350150731159,0.65
92.35376654399988,13.244130797677176,12.555398572913896,0.6994227251604542,-0.05772070830820735,0.6956584126760618,0.154037853168948,1.7658724925772906,0.026443044765682527,0.030398386276852207,0.009138804296481584,0.65
92.42181217799953,13.29081255826973,12.553320922430355,0.7002683016685443,-0.021787480472886644,0.6672838248091838,0.17766403064504455,1.7455659497268112,0.02449267835286172,0.028320735793311513,0.009240200590923595,0.65
92.50104260399894,13.337448933937607,12.55374511089383,0.6993044933106731,0.015167276233619612,0.6177352924535948,0.20957852202199648,1.724061573853331,0.02427945700739761,0.02874492425678632,0.009503019810940514,0.65
92.53773823099982,13.360746744715449,12.55482896376938,0.698934323335297,0.03251558626645529,0.5973817793702942,0.22749635822870873,1.7129065668199224,0.02472748240440024,0.02982877713233556,0.012800642174536745,0.651920240520265
92.6118243990004,13.384051154643796,12.556504793892696,0.6991322978503933,0.05027490369948823,0.6034785443955384,0.30208272797741087,1.7014582570380943,0.025512450416172696,0.03150460725565196,0.0027127521319766862,0.651920240520265
92.67260997499943,13.407349901802057,12.558788662113072,0.6989624147478589,0.06851604661129171,0.6109305057910748,0.3544791544855918,1.6897030942046694,0.02657460476648581,0.03378847547602781,0.004827138180427365,0.6576473218982953
92.70802912199906,13.43059088349087,12.56172432784651,0.6972294506643858,0.08806997200314357,0.614541167901634,0.3728767477721638,1.6776175394900952,0.028004362654313993,0.036724141209466765,0.004582282826491389,0.6576473218982953
92.76081935299953,13.453715436359282,12.565349022151532,0.6937365860523484,0.10874082915060117,0.6098340498750325,0.41488295058873337,1.6651838820417197,0.02955349434427755,0.040348835514487646,0.00483039254444438,0.6670832032063168
92.79536184800054,13.453715436359282,12.565349022151532,0.6937365860523484,0.10874082915060117,0.6072481486368988,0.43592988350648837,1.6651838820417197,0.02955349434427755,0.040348835514487646,0.00483039254444438,0.6670832032063168
92.88073194499884,13.476655387153839,12.569654589740543,0.6881985238367252,0.12916702767030083,0.6059647276188078,0.44803333050455474,1.6524271787484361,0.03147489322198353,0.04465440310349855,0.00012325966263201135,0.6670832032063168
92.95584281799893,13.499332926379157,12.574661378985146,0.6803261767595722,0.15020367733813272,0.5944947530886059,0.4648854539534647,1.6393470779830979,0.033125941467063984,0.04966119234810229,0.0004917434240201701,0.6670832032063168
92.98824820699883,13.521719061105939,12.580368848081356,0.6715840418034398,0.17122407288628066,0.5913582864823103,0.4724537050590349,1.6259420906569149,0.03516833069096934,0.055368661444312295,0.0016714452317983242,0.6800735254367722
93.06553996799994,13.565425205383022,12.593792545915395,0.6500566693944622,0.2112946894605435,0.5521880184695032,0.4792870861290425,1.5982587730964624,0.03773594774123964,0.06879235927835126,0.00469197006921415,0.696419413859206
93.08767069999885,13.586707981558694,12.601486699808792,0.638483285270194,0.23082461680187621,0.538945790354691,0.48986236392869653,1.583985734482951,0.03724779385709968,0.07648651317174782,0.006994405934524827,0.65
93.17764813800022,13.607635038506126,12.609960424824584,0.627811708422951,0.25421175047377104,0.5089674654702463,0.5687451527430343,1.5692804691627935,0.03749409316223745,0.07235498614369755,0.0011637311702129658,0.670820393249937
93.18588506999913,13.628234190957897,12.619252599067881,0.6179745735531106,0.27876522729892955,0.5089674654702463,0.5687451527430343,1.5540836026251528,0.0344732254964152,0.06435974517775736,0.0014471156602710521,0.670820393249937
93.22290126699954,13.648478736731967,12.629390990973302,0.6073363732220903,0.304151757162618,0.49107421263053175,0.6007442507854657,1.5383635164074987,0.032358001496616655,0.057213615245521696,0.0003924688004997399,0.670820393249937
93.25377389099958,13.668338095593569,12.640367213404343,0.5957807658480675,0.3292866729311934,0.4713801658519626,0.611981771513997,1.5221234744332635,0.029593402445410744,0.05093228923726609,0.0020019702577736137,0.6946221994724903
93.28744903699953,13.68778353298198,12.652156486824563,0.5833631216523139,0.35367820260659477,0.46124156150330864,0.6192551548576484,1.5053814315066498,0.02697017532615896,0.04551856377748219,0.004811335905334024,0.651920240520265
93.33005626199883,13.706819467093593,12.664705604404991,0.5710780233484005,0.37647352741284895,0.4383526986873235,0.6262917895429896,1.488173690629896,0.02514447840523469,0.04093169181996852,0.007023272962159414,0.6800735254367722
93.34765693199915,13.725409362017581,12.677990904089006,0.5576968477196149,0.39855899052041244,0.41291796560318694,0.6406680019512051,1.4705196411193144,0.022826012839073588,0.03718077655433337,0.010094473401812786,0.6800735254367722
93.38979748299971,13.743537705607977,12.691979943714111,0.5438503077118954,0.419671188753175,0.4058744175580058,0.645173761266902,1.452441340029449,0.021340711081378784,0.03425384665108402,0.0020565526158506852,0.6800735254367722
93.4319590239993,13.76117014776499,12.706612544039542,0.5289732647103766,0.4389780097629026,0.38925939878327576,0.6553322931330284,1.433992423687641,0.02040232695966614,0.032132638149485804,0.004922330697020444,0.6726812023536856
93.49672753800041,13.794886503748103,12.73768965392677,0.4974488479661134,0.4757134401669526,0.3719179457033415,0.724658228164221,1.3960600719930423,0.01948476083518643,0.0302664093378652,0.004396027764184439,0.6726812023536856
93.5179831610003,13.794886503748103,12.73768965392677,0.4974488479661134,0.4757134401669526,0.35730021162277925,0.7509906208384953,1.3960600719930423,0.01948476083518643,0.0302664093378652,0.004396027764184439,0.6726812023536856
93.56683201699889,13.810874213922942,12.75419191490165,0.4796313052451884,0.49506782924637927,0.35205799919593556,0.7815594081345849,1.376514846302343,0.019946636683888307,0.03063025169783918,0.005302712492105051,0.6726812023536856
93.64587489800033,13.841187935785085,12.788990229322508,0.44638102006191466,0.5303764531801879,0.3402617980584896,0.8091448040635892,1.3363122028160317,0.022381910011146023,0.03380133750696507,0.002180542763827346,0.6726812023536856
93.66476168999907,13.841187935785085,12.788990229322508,0.44638102006191466,0.5303764531801879,0.3402617980584896,0.8091448040635892,1.3363122028160317,0.022381910011146023,0.03380133750696507,0.002180542763827346,0.6726812023536856
93.69112660499923,13.855563583610325,12.807187709415144,0.43126943475718454,0.5459244027790907,0.3125538872876035,0.832099075654448,1.315717591409603,0.024108853522861875,0.03650378101979879,0.00020084037935426318,0.6800735254367722
93.77378291999958,13.882793894337551,12.845168233991778,0.400475811466076,0.5777352865448298,0.2746792901151163,0.874288303430421,1.2734917562828425,0.029062821469137287,0.044105330131920244,0.0028551330882973644,0.6800735254367722
93.78435201399952,13.882793894337551,12.845168233991778,0.400475811466076,0.5777352865448298,0.2746792901151163,0.874288303430421,1.2734917562828425,0.029062821469137287,0.044105330131920244,0.0028551330882973644,0.6800735254367722
93.8186431489994,13.895566069077173,12.864934799474696,0.3831652421886358,0.5929969644875367,0.23956300437325562,0.8999702746477889,1.251870313435528,0.03144557614336849,0.04905111125677334,0.005572543570151165,0.651920240520265
93.84959738500038,13.90773202041545,12.885181475315743,0.36497854014831443,0.6074002752314299,0.221575134070385,0.9132492388108681,1.2299394391146083,0.034483778419560976,0.05476504634958252,0.008225225605605556,0.6946221994724903
93.88349474300048,13.919302629729238,12.905944427663178,0.347118279413625,0.622888570423022,0.19788568065477477,0.9362228826607741,1.2076507150047089,0.03748677986592441,0.06126501444366685,0.011550186185926565,0.670820393249937
93.93000358400059,13.930237698119642,12.927262264935889,0.32805205171212753,0.639535118181325,0.17894842096109528,0.9240770436021448,1.1849611953068413,0.03988679825026196,0.06860674072783884,0.009904620755491568,0.670820393249937
93.95747034099986,13.94050850666959,12.949110875437741,0.3081242564984273,0.6554583150555379,0.16794158578956445,0.9051719332595287,1.1618878231053316,0.042574653658459395,0.0767934829992656,0.015056652137524577,0.670820393249937
93.98981984999955,13.950183342860134,12.971583346575377,0.2902450857163203,0.6741741341290631,0.1535539507780605,0.9093780820785895,1.138318573371527,0.04240631190399231,0.07481686612865168,0.019704529810665308,0.696419413859206
94.097594380999,13.959230643257898,12.994673461161428,0.2714190119329286,0.6927034375815306,0.11940190357277353,0.9149115427961562,1.1142543557278302,0.04252513930128598,0.06576956573088744,0.009963639223495913,0.696419413859206
94.12874398900021,13.967700891994378,13.018406037642873,0.25410746209437096,0.7119772944433442,0.1084475106936292,0.9171213303246774,1.089655245197523,0.04115599858388378,0.057299316994408045,0.010457496017575577,0.6800735254367722
94.14803666599983,13.967700891994378,13.018406037642873,0.25410746209437096,0.7119772944433442,0.07671135532219997,0.9215182730007753,1.089655245197523,0.04115599858388378,0.057299316994408045,0.010457496017575577,0.6800735254367722
94.18869485699906,13.975658243216431,13.042870397252068,0.2387205366615872,0.7339307882758487,0.09405375215606882,0.9245138538167883,1.0644171501277226,0.040102701451189694,0.04934196577235461,0.014949664285386273,0.6800735254367722
94.21782767900004,13.983071829805324,13.067979223507184,0.22240759766680196,0.753264787653474,0.08158798455639077,0.9327887792663445,1.0386236469953445,0.03874837101695789,0.04192837918346193,0.018625957063893438,0.6670832032063168
94.26005632499982,13.989963165816457,13.093681744857863,0.20674008033397118,0.77107564052038,0.06771776060300866,0.8937671360674765,1.0123164206459618,0.03802336772034928,0.03503704317232881,0.01370200208320591,0.6670832032063168
94.27892376199998,13.996326741861363,13.11993144499624,0.19090728134718846,0.7874910041513347,0.05789109061688513,0.8865831648504514,0.9855366644423929,0.03790953810055358,0.02867346712742247,0.018656675982876056,0.6576473218982953
94.37287103800008,13.996326741861363,13.11993144499624,0.19090728134718846,0.7874910041513347,0.0468400881507805,0.8946531638660532,0.9855366644423929,0.03790953810055358,0.02867346712742247,0.0,0.6576473218982953
94.4019175579997,14.002147097602116,13.14668045430621,0.17461067222255647,0.8024702792990908,0.04607401206838885,0.8995837052826301,0.95832841276334,0.03903044985750732,0.03150076695232892,0.005326632402920004,0.7071067811865476
94.4368956090002,14.002147097602116,13.14668045430621,0.17461067222255647,0.8024702792990908,0.03877873033870044,0.9063865411549823,0.95832841276334,0.03903044985750732,0.03150076695232892,0.005326632402920004,0.7071067811865476
94.46875608299888,14.007342953380572,13.17387748129789,0.15587567335369543,0.8159108097503728,0.03663576370722976,0.8723932571185037,0.9307460705989443,0.0416307231239921,0.04704702535642169,0.010596357320748881,0.70178344238091
94.53700836499956,14.011855764951488,13.20140181841679,0.1353843471274814,0.8257301135669954,0.03892239603963449,0.7643770013587678,0.9029109026459586,0.04325312493612679,0.06314444478235615,0.021209099564534154,0.7000000000000001
94.56898616299986,14.015703044519913,13.229174322543628,0.11541838705277817,0.8331751238051767,0.03407871523441558,0.7586183065402299,0.8748961865390434,0.044411442871434406,0.05929716521393047,0.00684857108294892,0.7000000000000001
94.63327475900041,14.015703044519913,13.229174322543628,0.11541838705277817,0.8331751238051767,0.0348709391335118,0.8309362127499393,0.8748961865390434,0.044411442871434406,0.05929716521393047,0.00684857108294892,0.7000000000000001
94.64672239199899,14.01886892098028,13.257156915975816,0.09497629381098982,0.8394778029656423,0.0348709391335118,0.8309362127499393,0.8467388713589926,0.04455788352049069,0.05613128875356388,0.014407602336054183,0.7000000000000001
94.75234210800045,14.023261347922526,13.313725659938681,0.05675518638537562,0.8510639528248456,0.03681586495728528,0.8724454716997714,0.7900102268714813,0.04506953681541385,0.051738861811317705,0.01567489086679903,0.7000000000000001
94.80164182899898,14.024575614696783,13.342215129486698,0.0394280032276976,0.8546840864405025,0.039769284753010226,0.8512620453443958,0.7615292166931149,0.04537136999433981,0.05042459503706098,0.008414216574722778,0.7000000000000001
94.92876463799985,14.025337950478114,13.370802829601777,0.022870073439954015,0.8576310034523773,0.05123603807354077,0.7579579837160536,0.7330095053650963,0.045863173503660315,0.049662259255729424,0.010761333922211262,0.7000000000000001
95.01976694599944,14.02525713623244,13.42806954271468,-0.00947414159492253,0.8591955724570378,0.0602137457392411,0.7245677070027102,0.6760747259821475,0.0475986978877955,0.0497430735014035,0.019636136301314822,0.7000000000000001
95.0596018060005,14.024441456346194,13.456549718146016,-0.0244703965873763,0.8544052629400997,0.07119328377887824,0.7032593698588554,0.6478714060190144,0.04891413229959919,0.0505587533876497,0.02680026271763496,0.7000000000000001
95.13474968399896,14.023229780744654,13.484842920292351,-0.03635026804620664,0.8487960643900312,0.08934023810221042,0.6677627688479796,0.6199289469600173,0.050568159261522874,0.051770428989190265,0.02210499705966738,0.7000000000000001
95.16289707599935,14.023229780744654,13.484842920292351,-0.03635026804620664,0.8487960643900312,0.09178759511973605,0.6552857622827062,0.6199289469600173,0.050568159261522874,0.051770428989190265,0.02210499705966738,0.7000000000000001
95.20212397199975,14.021611142532374,13.512977987674738,-0.04855914636842207,0.8440520214716132,0.10131844942561569,0.6417427514311416,0.5922327717456032,0.052511830900914484,0.0533890672014703,0.030197655214569265,0.7000000000000001
95.27247310999883,14.01961912762652,13.541096854089012,-0.05976044717562562,0.8435659924282438,0.11690560976489209,0.6129124210068236,0.5646537090577906,0.054776974291927946,0.055381082107324175,0.011646852913476814,0.7000000000000001
95.30059634700046,14.017218686425506,13.569204445533671,-0.07201323603040864,0.8432277433397797,0.11877671532546119,0.599621684577804,0.5372119381755542,0.05740791037400921,0.05778152330833741,0.023672715332258162,0.7000000000000001
95.36745697799961,14.0146187465708,13.597149807588249,-0.07799819564117244,0.8383608616372938,0.1367015170993898,0.5537121619074636,0.5100473256921128,0.060205265486566586,0.06038146316304349,0.01322319032312803,0.7000000000000001
95.42579000299884,14.008759193805378,13.65230262865657,-0.09152178456172969,0.8234301929992311,0.152183786956205,0.5120410833491936,0.4569002309288779,0.06643712295388668,0.06624101592846543,0.03739093838852121,0.7000000000000001
95.44647075499961,14.005627975160765,13.679499663229667,-0.09393655933840982,0.8159110371929427,0.15638986570108251,0.4814282398587234,0.4309601052257861,0.06975816260277337,0.06937223457307873,0.04283386700251393,0.7000000000000001
95.48233618700033,14.005627975160765,13.679499663229667,-0.09393655933840982,0.8159110371929427,0.171083402119968,0.42488004537411717,0.4309601052257861,0.06975816260277337,0.06937223457307873,0.04283386700251393,0.7000000000000001
95.57920765400013,13.999342651263806,13.73312414870505,-0.09445386897258139,0.8003618896101734,0.2051852848638041,0.37485282115100466,0.3804336895149976,0.07651497101957024,0.07565755847003786,0.0312780069075745,0.65
95.66210574899924,13.993057996770236,13.785557773168424,-0.09452332768773397,0.7815653366863002,0.22607130716882692,0.315901781240343,0.3321302546736666,0.08346889685802222,0.08194221296360737,0.027962356097752654,0.65
95.69565176300057,13.989965798850786,13.811176703174342,-0.09276593758350254,0.7685679001775005,0.2339538898254425,0.2657445735833517,0.3090734899854528,0.08702077057977053,0.08503441088305763,0.04131183880367081,0.65
95.82343370099989,13.98420446514815,13.860741661595391,-0.08452975825136595,0.7350003033582451,0.26839252504796773,0.1847350046533818,0.2658066184047349,0.09398373825896843,0.0907957445856944,0.026911629761092473,0.65
95.85572393999973,13.981622251793095,13.884537553267041,-0.07746640065163003,0.7138767501494934,0.27468237317423244,0.14008847428428584,0.24584010499243295,0.09726631872165488,0.09337795794074921,0.039666605440253494,0.65
95.93091878099949,13.97924819890496,13.907676411336821,-0.07122158664403701,0.6941657420934105,0.28595331452349193,0.09228695852651476,0.22708888177094783,0.10065070414797171,0.09575201082888363,0.02722672984972107,0.65
95.96864628999901,13.977242846127796,13.92999538086223,-0.060160583314924326,0.6695690857622785,0.2923096487438423,0.06620191973254778,0.20969236837563227,0.1036308625742562,0.09775736360604803,0.039867079188304004,0.65
96.01066849000017,13.97561698702664,13.95152306472969,-0.048775773034640264,0.6458305160237723,0.29744025203465585,0.03490842891298451,0.19369185378738718,0.10655287992455882,0.09938322270720334,0.027058284050140574,0.65
96.02613184300026,13.97561698702664,13.95152306472969,-0.048775773034640264,0.6458305160237723,0.2990648460006396,0.030454444764831886,0.19369185378738718,0.10655287992455882,0.09938322270720334,0.027058284050140574,0.65
96.06047264100016,13.974410928523685,13.972279439789316,-0.0361817550886801,0.6226912517887784,0.301757756442554,-0.010756273283743052,0.1791232993633535,0.10917081768133059,0.10058928121015853,0.03943819502241103,0.65
96.08868262000033,13.973727821150655,13.99220573381936,-0.020493221190906415,0.5977888209012987,0.30066337104091995,-0.028548084072090724,0.16602489865313444,0.11121044486622075,0.10127238858318854,0.050925867920743655,0.65
96.15976009199949,13.973587617144608,14.011231890661147,-0.0042061201814488705,0.5707847052536582,0.2994004962140472,-0.07802681884136621,0.15446639691134348,0.11326375738288043,0.10141259258923618,0.02786948010737283,0.65
96.1848675780002,13.974009074421286,14.029268693103495,0.012643718300332365,0.5411040732704381,0.2976692481923248,-0.08940970182731608,0.14448747732405257,0.11473207700259046,0.10108130078484814,0.04020142088825042,0.65
96.22586802499973,13.974969499545802,14.046359403717174,0.028812753735469165,0.5127213184104005,0.29264210845143285,-0.11143536152276622,0.13605123892638477,0.11556538403637795,0.10228566947607698,0.014810786258328787,0.65
96.26506047200019,13.974969499545802,14.046359403717174,0.028812753735469165,0.5127213184104005,0.2859188993658061,-0.12971615026136324,0.13605123892638477,0.11556538403637795,0.10228566947607698,0.014810786258328787,0.65
96.29357808699933,13.976499719576754,14.06245005467538,0.045906600928573404,0.4827195287461731,0.28408818709797673,-0.13860302324188067,0.12908260013844675,0.11608399788435247,0.10528844353958572,0.028471951958746536,0.65
96.32299638899894,13.976499719576754,14.06245005467538,0.045906600928573404,0.4827195287461731,0.28005620842869755,-0.14568279607167703,0.12908260013844675,0.11608399788435247,0.10528844353958572,0.0,0.65
96.3576248749996,13.978632364761019,14.077475640243623,0.06397935552792433,0.45076756704725013,0.2769155543530589,-0.1538990662871356,0.12344006507587783,0.11633395933588578,0.10801672093656206,0.013777259213020827,0.65
96.4478767189994,13.984850680586257,14.104093806822483,0.10277122443377937,0.38283289355898903,0.26527613743800404,-0.1672465135010432,0.1152220682670983,0.11436667619756657,0.11053486617326125,0.02523668458414209,0.65
96.48338386999967,13.988889345497746,14.115720818903492,0.12115994734466493,0.348810362430282,0.24733411956785273,-0.17666621015295836,0.11221729675462476,0.112201255062873,0.11038021559401087,0.0360432132352448,0.65
96.58479393599919,13.998620542504622,14.135675057267138,0.1538240488463922,0.28361408176523817,0.2169374692729076,-0.18641332094333923,0.10747327162169559,0.10747327162169559,0.10747327162169559,0.02092736137024625,0.65
96.6225292199997,14.004228220900698,14.144121919726107,0.1682303518823197,0.25340587376906115,0.19422562716689953,-0.19038073370337127,0.10544656216379213,0.10544656216379213,0.10544656216379213,0.02995460193999204,0.7000000000000001
96.6598864560001,14.010281556788817,14.151665884644421,0.18160007664356975,0.2263189475494389,0.17252258947717908,-0.1926110359056478,0.10353145748191182,0.10353145748191182,0.10353145748191182,0.00938469421395848,0.7000000000000001
96.69780038399949,14.016717967615627,14.15824433134947,0.19309232480431393,0.1973534011514952,0.15147800916539583,-0.19419646894040488,0.10162823944366398,0.10162823944366398,0.10162823944366398,0.01805274680592005,0.7000000000000001
96.82269962399914,14.038038664585407,14.172796079836651,0.22270743247553587,0.12244368580640382,0.11252788614744993,-0.19795940039892532,0.09559537816204151,0.09559537816204151,0.09559537816204151,0.02403213508600744,0.7000000000000001
96.86529426699963,14.045626146551434,14.176069449255937,0.2276244589808177,0.09820108257859261,0.08128474677469368,-0.1924526630022795,0.09350442261704911,0.09350442261704911,0.09350442261704911,0.031010214713616244,0.7000000000000001
96.97226821500044,14.068812114039302,14.18162587729159,0.23272065514354687,0.03586915480754226,0.026710312465964017,-0.18407050008567455,0.08738116544381515,0.08738116544381515,0.08738116544381515,0.029235026897799218,0.7000000000000001
96.99681096799941,14.068812114039302,14.18162587729159,0.23272065514354687,0.03586915480754226,0.011448350861529358,-0.1762894424598619,0.08738116544381515,0.08738116544381515,0.08738116544381515,0.022203349060168895,0.7000000000000001
97.02697166500002,14.076576534777804,14.18225632022667,0.23293262215503702,0.018913288052416433,-0.0031533870496323058,-0.1709530580882833,0.08552637569924312,0.08552637569924312,0.08552637569924312,0.02893577731453714,0.7000000000000001
97.06189588000052,14.084175433383347,14.182314621749706,0.22796695816630885,0.0017490456910497203,-0.03225889600509939,-0.1598558673856667,0.08382191755383596,0.08382191755383596,0.08382191755383596,0.0352054592544553,0.7000000000000001
97.12878403899958,14.09876828924796,14.180895993314348,0.21603284414361265,-0.028413323391449606,-0.06895850789766186,-0.14833589721350612,0.08090536969627994,0.08090536969627994,0.08090536969627994,0.01424227402369392,0.7000000000000001
97.14785343400035,14.09876828924796,14.180895993314348,0.21603284414361265,-0.028413323391449606,-0.06895850789766186,-0.14833589721350612,0.08090536969627994,0.08090536969627994,0.08090536969627994,0.01424227402369392,0.7000000000000001
97.19046603000061,14.105803302330841,14.179527659524501,0.2110503924863959,-0.04105001369538453,-0.09936465374178377,-0.13703727474113803,0.07973911804997696,0.07973911804997696,0.07973911804997696,0.021010841232412716,0.7000000000000001
97.21924357199896,14.105803302330841,14.179527659524501,0.2110503924863959,-0.04105001369538453,-0.1174579323974111,-0.13053059725598845,0.07973911804997696,0.07973911804997696,0.07973911804997696,0.0,0.7000000000000001
97.2517443050001,14.112686282681526,14.177782353395314,0.20648941052056322,-0.05235918387559742,-0.13188345876180715,-0.12738742440816642,0.07881012795313243,0.07881012795313243,0.07881012795313243,0.006908926820829543,0.7000000000000001
97.28737320499931,14.119331801190553,14.175674402714357,0.19936555527080616,-0.06323852042872097,-0.13872716490117876,-0.12357028474351177,0.07810463343135149,0.07810463343135149,0.07810463343135149,0.013585978990831318,0.7000000000000001
97.3184899659991,14.125627510969009,14.173241582878823,0.18887129335369585,-0.07298459506601204,-0.15403699123381734,-0.11541038984988261,0.07759573945173992,0.07759573945173992,0.07759573945173992,0.006657785458092408,0.7000000000000001
97.38683825899898,14.13713499663589,14.167521822222088,0.16665883298299874,-0.08975436053318851,-0.17177008961453244,-0.10618169706324337,0.07705974598542968,0.07705974598542968,0.07705974598542968,0.019084707628235238,0.7000000000000001
97.42142560399952,14.13713499663589,14.167521822222088,0.16665883298299874,-0.08975436053318851,-0.1831527157332256,-0.09396780653086378,0.07705974598542968,0.07705974598542968,0.07705974598542968,0.012677049821931994,0.7000000000000001
97.47643788200003,14.142232088498563,14.164306565049092,0.15291275588020498,-0.09645771518988283,-0.19231766336285344,-0.08968729494532682,0.07693428109343463,0.07693428109343463,0.07693428109343463,0.01849154125353764,0.7000000000000001
97.58701140399899,14.150811635360768,14.157340790007302,0.11968911074447536,-0.10679456049321503,-0.20708208253334515,-0.08083962200527713,0.07661454487691727,0.07661454487691727,0.07661454487691727,0.01097204611404406,0.7000000000000001
97.63687054900038,14.154138966080236,14.153659800747983,0.09981992158402593,-0.11042967777956189,-0.20767692126906961,-0.07017307569821032,0.07622599205356548,0.07622599205356548,0.07622599205356548,0.004928359373453102,0.7000000000000001
97.64603841200005,14.154138966080236,14.153659800747983,0.09981992158402593,-0.11042967777956189,-0.20767692126906961,-0.07017307569821032,0.07622599205356548,0.07622599205356548,0.07622599205356548,0.004928359373453102,0.7000000000000001
97.6962856150003,14.156846568306742,14.149861739779245,0.08122806679517465,-0.1139418290621005,-0.20553814493467387,-0.06289019185665451,0.07561564270748704,0.07561564270748704,0.07561564270748704,0.009467709388791608,0.7000000000000001
97.72690057699947,14.158973008193477,14.145947011590994,0.06379319660206614,-0.11744184564754183,-0.20298290088474716,-0.05927542187096682,0.07475923735252396,0.07475923735252396,0.07475923735252396,0.013646792570756279,0.7000000000000001
97.75109046899888,14.158973008193477,14.145947011590994,0.06379319660206614,-0.11744184564754183,-0.1981161354456178,-0.051638516107105056,0.07475923735252396,0.07475923735252396,0.07475923735252396,0.0,0.7000000000000001
97.8109563099988,14.160547109123302,14.14192963894916,0.0472230278947128,-0.12052117925503714,-0.19518180010438496,-0.04678241407854271,0.07364812995314923,0.07364812995314923,0.07364812995314923,0.004150850612593376,0.7000000000000001
97.84652369399919,14.161626019836088,14.1378078208589,0.03236732138358587,-0.12365454270779494,-0.19187653835775934,-0.04330824995760644,0.0722993612623007,0.0722993612623007,0.0722993612623007,0.008085189796977341,0.7000000000000001
97.87984606600003,14.16212105928827,14.133670592313095,0.01485118356540536,-0.12411685637411306,-0.1859824888993396,-0.03528727344525184,0.07065928667777079,0.07065928667777079,0.07065928667777079,0.011678470539433314,0.7000000000000001
97.93590180299907,14.16200964052306,14.12955221803788,-0.0033425629562697044,-0.12355122825643433,-0.17746722398630452,-0.026439104177744102,0.06869155049027166,0.06869155049027166,0.06869155049027166,0.014889745785138278,0.7000000000000001
97.96734756099977,14.161317908154558,14.125446748342034,-0.020751971055065887,-0.12316409087535482,-0.17211014209067943,-0.022915357610165922,0.06638842415386656,0.06638842415386656,0.06638842415386656,0.0069791485399081496,0.7000000000000001
98.02381283399882,14.158332451799442,14.1173574743377,-0.052286335054156766,-0.1208562347398742,-0.15880507240429317,-0.014088222642589347,0.060860141704716646,0.060860141704716646,0.060860141704716646,0.012854564231255321,0.7000000000000001
98.07404521799981,14.156143159022202,14.11334248076744,-0.06567878331718294,-0.12044980710781428,-0.13766466153037385,-0.0037836473050105457,0.05770681153920894,0.05770681153920894,0.05770681153920894,0.015451855366830554,0.7000000000000001
98.08241306499986,14.156143159022202,14.11334248076744,-0.06567878331718294,-0.12044980710781428,-0.13766466153037385,-0.0037836473050105457,0.05770681153920894,0.05770681153920894,0.05770681153920894,0.003402940296358279,0.7000000000000001
98.12661685000057,14.153557915365862,14.109413058172787,-0.07755730969018065,-0.11788267783955236,-0.12487653233648968,0.0022226162712858637,0.05437881906129632,0.05437881906129632,0.05437881906129632,0.006631430103649825,0.7000000000000001
98.1565162930001,14.150627624269317,14.10556983486868,-0.08790873289636666,-0.11529669912323645,-0.11147307625138872,0.008067666775896787,0.0509330874738569,0.0509330874738569,0.0509330874738569,0.009696579998495856,0.7000000000000001
98.18264343199917,14.147395378026829,14.101821059832115,-0.09696738727464818,-0.11246325109694885,-0.10338318269806554,0.011470569562695446,0.047430350169677164,0.047430350169677164,0.047430350169677164,0.01260028595938634,0.75
98.21567171400056,14.143898644210655,14.09814907875204,-0.10490201448524976,-0.11015943240223854,-0.08736988299637911,0.018042231062730917,0.04393764755878292,0.04393764755878292,0.04393764755878292,0.010275723928731183,0.75
98.3215112630005,14.136286911816224,14.091180786832984,-0.11683374493384364,-0.10245841870508997,-0.06125645902620913,0.03148748180772601,0.03734325226923512,0.0372209517440918,0.03734325226923512,0.007282758698110606,0.75
98.34972745400046,14.132259076364353,14.087917235228767,-0.12083506355613967,-0.09790654812648926,-0.05139378728138174,0.03493073595416039,0.03444765902638505,0.033754718559948195,0.03442455054785881,0.01071309020951393,0.75
98.45762905499942,14.124060767157598,14.081982545389893,-0.12294359349563407,-0.08569706865827982,-0.02212779138016884,0.04918802225035616,0.030059094910515945,0.026588479888788995,0.02852365141977968,0.016987874540571796,0.75
98.53444341999966,14.116132074567089,14.077026644931593,-0.11750690737740918,-0.07068380882952385,-0.0001220849723942187,0.05771341113083684,0.028071673853499176,0.019535034320387744,0.022569014397277543,0.022273380466577383,0.75
98.55490986999939,14.116132074567089,14.077026644931593,-0.11750690737740918,-0.07068380882952385,0.006306298067204374,0.059426821858529745,0.028071673853499176,0.019535034320387744,0.022569014397277543,0.022273380466577383,0.75
98.58357069900012,14.11233274638123,14.074912309668319,-0.11397984557577084,-0.06343005789820703,0.011040982211069588,0.06109218793918643,0.02795512188279706,0.01611426815716164,0.019633261329469447,0.024545889676317593,0.75
98.61407104099999,14.108670882068152,14.073035431059866,-0.1098559293922944,-0.056306358253597914,0.020641746171259197,0.06405605543057684,0.028324409507826023,0.01279202866194373,0.016752828006090154,0.02657536220563325,0.75
98.65966750500047,14.105146980533023,14.071382170504814,-0.10571704605386843,-0.049597816651566595,0.02888447819214407,0.06664642304143012,0.02907699388903296,0.009570978653694178,0.013932563858349682,0.02837560335452616,0.75
98.73989224399884,14.101750882422042,14.069931157262728,-0.10188294332940928,-0.043530397262577084,0.040880687763283664,0.07153216679856793,0.030119775776300352,0.006444435699424218,0.011169588859004017,0.029968392866513427,0.75
98.77196774100048,14.098476297697593,14.068665980035613,-0.09823754173349064,-0.037955316813451524,0.04591719926206639,0.07324682304812521,0.03137104518238036,0.0034087611018421317,0.008463125433012779,0.03137104518238036,0.75
98.80991651499971,14.095311322038489,14.067565049378567,-0.0949492697731005,-0.03302791971135177,0.04889165119058243,0.07376667041507137,0.032772087556967186,0.0004555833449563211,0.005808707290870753,0.032772087556967186,0.75
98.85543856699951,14.092361799326591,14.06669139764122,-0.08848568135694493,-0.0262095521203912,0.05709154966973279,0.07535119279351846,0.034173163456469174,0.0023204475269672023,0.0032868143331583896,0.034173163456469174,0.75
98.88401179900029,14.092361799326591,14.06669139764122,-0.08848568135694493,-0.0262095521203912,0.059544102177576316,0.07529334219855557,0.034173163456469174,0.0023204475269672023,0.0032868143331583896,0.034173163456469174,0.75
98.95704703699994,14.089632386054719,14.066042413749214,-0.08188239815616219,-0.019469516760193227,0.06588083819469098,0.07708060032823101,0.035505000815349,0.004914323177543858,0.0009026897893631942,0.035505000815349,0.75
98.98790302099951,14.087124487657704,14.065618158441753,-0.07523695191047342,-0.012727659223832195,0.0671091763469138,0.07687437236965095,0.03671361936683722,0.007324665084519812,0.0013423522345397945,0.03671361936683722,0.75
99.01305670799957,14.087124487657704,14.065618158441753,-0.07523695191047342,-0.012727659223832195,0.06913244890954527,0.07578851577474352,0.03671361936683722,0.007324665084519812,0.0013423522345397945,0.03671361936683722,0.75
99.09090118200038,14.082795766916442,14.0654237865495,-0.06141825961847653,0.0003250839111782859,0.07343558952551316,0.07691544634352143,0.03861994526883573,0.011569351340052006,0.005387474125236103,0.03861994526883573,0.75
99.11723467699994,14.080960850980366,14.065637283490137,-0.05504747808230577,0.006404908219090178,0.07355786125255849,0.07516556006578418,0.03928467234595448,0.013415045288419131,0.007195742522580669,0.03928467234595448,0.75
99.16744630199901,14.080960850980366,14.065637283490137,-0.05504747808230577,0.006404908219090178,0.07539362783712968,0.07211533192756744,0.03928467234595448,0.013415045288419131,0.007195742522580669,0.03928467234595448,0.75
99.27910800099926,14.07696324463929,14.067529800459834,-0.03231835234735365,0.024962979701461285,0.0791808486831956,0.07196972847486066,0.039812133272752306,0.017659966988755153,0.011586670411065333,0.039812133272752306,0.75
99.31652318799934,14.07696324463929,14.067529800459834,-0.03231835234735365,0.024962979701461285,0.07671428902803362,0.06604976758384376,0.039812133272752306,0.017659966988755153,0.011586670411065333,0.039812133272752306,0.75
99.35450520499944,14.07613803475103,14.068547936152163,-0.024756296647732733,0.030544070769856376,0.07762129413327064,0.06457721152313622,0.03947943396037255,0.01863462542008812,0.01269149484003434,0.03947943396037255,0.75
99.39056463599991,14.075547939748773,14.069745053547779,-0.0177028500677274,0.03591352186850389,0.07643615717747478,0.06283655854549473,0.03890070738889402,0.019405144603337303,0.013629868277344987,0.03890070738889402,0.75
99.42277537100017,14.075193687632447,14.071104343124526,-0.010627563489796345,0.04077868730240913,0.07459264205429542,0.059653526617318035,0.03808296363916112,0.019968169577192284,0.014395784470398338,0.03808296363916112,0.75
99.5107268089996,14.075089322348084,14.074275919558422,0.0011883747222497325,0.04975828372030968,0.07179715910848311,0.0536181168584853,0.03580880025416052,0.020568591195863767,0.01549772960108808,0.03580880025416052,0.75
99.54654667700015,14.075322798716588,14.076051957562346,0.007004291055106001,0.053281140117708195,0.06788283419218953,0.049426884359522125,0.03438710513808488,0.02061651094948948,0.015837864043967993,0.03438710513808488,0.75
99.58874241299964,14.075730503944188,14.077937447005167,0.012231156828020595,0.056564683284640246,0.06465802448177654,0.04386103691815241,0.032798851861808295,0.02050952089200985,0.016047321795056347,0.032798851861808295,0.75
99.6328904740003,14.07629435956072,14.079927673252014,0.016915668495953627,0.05970678740540671,0.060870260581685584,0.038248097038867196,0.031062126290940423,0.02026473650892556,0.016141762715724654,0.031062126290940423,0.75
99.65948761300024,14.07629435956072,14.079927673252014,0.016915668495953627,0.05970678740540671,0.058234446680065194,0.03541950103813547,0.031062126290940423,0.02026473650892556,0.016141762715724654,0.031062126290940423,0.75
99.68985185699967,14.077007711834161,14.081993714577912,0.021400568203232204,0.061981239776931166,0.057362745896990155,0.03369081237160006,0.029203965994409456,0.019884193882507954,0.016118353287589197,0.029203965994409456,0.75
99.71880697099914,14.077850816414879,14.08413086533961,0.025293137421521436,0.06411452285090798,0.053892533288371666,0.02965299034664066,0.027247307543259828,0.01938665517774035,0.015994336608326793,0.027247307543259828,0.75
99.76808412599894,14.078804028255808,14.086336341384952,0.0285963552278923,0.06616428136023295,0.04993300917321718,0.024445028740314335,0.025218342231977442,0.01879108580225135,0.015787469194636684,0.025218342231977442,0.75
99.83363801700034,14.079856645326037,14.088591295092247,0.03157851210689782,0.06764861121885944,0.0446163981636548,0.016903400012940807,0.023149800975239967,0.01810509981252493,0.01550194377894514,0.023149800975239967,0.75
99.86294928899952,14.080992052925762,14.090891458837877,0.034062227991753624,0.06900491236893183,0.04183045668802887,0.014067687076160695,0.02107765580132456,0.01734443713085273,0.01515217292401222,0.02107765580132456,0.75
99.97603593900021,14.083467356677652,14.095511911206883,0.03802829564359884,0.06897112294443883,0.03522508921523667,0.00312781989759524,0.017131002195986175,0.015624308977620148,0.014265000244148151,0.017131002195986175,0.75
100.01141472199924,14.084775869480818,14.097747772900838,0.03925538409499365,0.06707585081866971,0.029897235446690536,-0.0026829363203013127,0.01538982381222276,0.014682599262309554,0.013730673290277239,0.01538982381222276,0.75
100.17770745300004,14.087475412148303,14.102010349496867,0.04080858665248696,0.06281967456555174,0.022436096256997957,-0.013741336728801581,0.01268490464900831,0.01268490464900831,0.012517599091695744,0.01268490464900831,0.75
100.23675149600058,14.090232988920711,14.105986560134417,0.041465883497284396,0.058538271472773656,0.017356668237680485,-0.018902376215276306,0.011455715065675302,0.011455715065675302,0.011455715065675302,0.011455715065675302,0.75
100.25686193000001,14.090232988920711,14.105986560134417,0.041465883497284396,0.058538271472773656,0.017356668237680485,-0.018902376215276306,0.011455715065675302,0.011455715065675302,0.011455715065675302,0.011455715065675302,0.75
100.29593856300016,14.091611411015277,14.10785197515483,0.04135266283697283,0.05596245061237869,0.011764625205822688,-0.024102844165054836,0.011490080025251245,0.011490080025251245,0.011490080025251245,0.011490080025251245,0.75
100.36482925999917,14.094331807586263,14.111318040417467,0.040564988178436574,0.05063623058765016,-0.0,0.0,0.01265805846607503,0.01265805846607503,0.01265805846607503,0.01265805846607503,0.75
100.39167760499913,14.094331807586263,14.111318040417467,0.040564988178436574,0.05063623058765016,-0.0,0.0,0.01265805846607503,0.01265805846607503,0.01265805846607503,0.01265805846607503,0.75
100.47884400299881,14.096932900067623,14.11431473098438,0.03850465431629708,0.04311015114229244,-0.0,0.0,0.01463962517110285,0.01463962517110285,0.01463962517110285,0.01463962517110285,0.75
100.54365331000008,14.099369490995693,14.116772116582396,0.035899996796089524,0.03480202918539401,0.0,-0.0,0.01678396366350975,0.01678396366350975,0.01678396366350975,0.01678396366350975,0.75
100.55950531099916,14.099369490995693,14.116772116582396,0.035899996796089524,0.03480202918539401,0.0,-0.0,0.01678396366350975,0.01678396366350975,0.01678396366350975,0.01678396366350975,0.75
100.58744538499923,14.099369490995693,14.116772116582396,0.035899996796089524,0.03480202918539401,0.0,-0.0,0.01678396366350975,0.01678396366350975,0.01678396366350975,0.01678396366350975,0.75
100.61766162799904,14.100527068035817,14.117805024915443,0.03472731120367367,0.030987249991405102,0.0,-0.0,0.017812824395752908,0.017812824395752908,0.017812824395752908,0.017812824395752908,0.75
100.66835010399882,14.101638537170508,14.118702480970503,0.0333440740407639,0.026923681651795192,0.0,-0.0,0.018774120445740988,0.018774120445740988,0.018774120445740988,0.01875490398393895,0.75
100.69719633000022,14.102708589339622,14.119474706510916,0.03210156507340488,0.023166766212355985,0.0,-0.0,0.019662162899768663,0.019662162899768663,0.019662162899768663,0.01957152113434928,0.75
100.73286955299955,14.103690062204377,14.120163909712272,0.029444185942649827,0.020676096040670344,0.0,-0.0,0.020498775913620478,0.020498775913620478,0.020498775913620478,0.02030145814478928,0.75
100.77108771199892,14.104583397910332,14.120781085647183,0.02680007117862912,0.01851527804734366,0.0,-0.0,0.021280532349544214,0.021280532349544214,0.021280532349544214,0.020955718953433868,0.75
100.80747674600025,14.105391973943819,14.121334714996783,0.024257281004631124,0.016608880488004667,0.0,-0.0,0.022005532190901154,0.022005532190901154,0.022005532190901154,0.02154291899342517,0.75
100.82451325900001,14.105391973943819,14.121334714996783,0.024257281004631124,0.016608880488004667,0.0,-0.0,0.022005532190901154,0.022005532190901154,0.022005532190901154,0.02154291899342517,0.75
100.85501722899971,14.106120851325048,14.12183168755564,0.021866321436904354,0.014909176765676387,0.0,-0.0,0.022673495594425323,0.022673495594425323,0.022673495594425323,0.022070155144263467,0.75
100.93911243599905,14.107363428332786,14.122678275507397,0.01762478864676763,0.012013020422427223,0.0,-0.0,0.023843746702259094,0.023843746702259094,0.023843746702259094,0.022968336491371477,0.75
101.02704536999954,14.108360003074774,14.123359690068613,0.014115558763447321,0.009664820470347162,0.0,-0.0,0.024810577814954018,0.024810577814954018,0.024810577814954018,0.02369112795865371,0.75
101.05875779800044,14.108780513825668,14.123648456639959,0.012615322526840337,0.008662997140369416,0.0,-0.0,0.025225917713629014,0.025225917713629014,0.025225917713629014,0.02399735266586592,0.75
101.09460131000014,14.109156121947427,14.123907183380629,0.011268243652774798,0.007761802220073825,0.0,-0.0,0.02560054660180508,0.02560054660180508,0.02560054660180508,0.024271672636541966,0.75
101.12289846299973,14.109491491932214,14.124138911456269,0.010061099543634058,0.0069518422692196,0.0,-0.0,0.02593791559460604,0.02593791559460604,0.02593791559460604,0.02451732283350554,0.75
101.1740173369999,14.109790854592328,14.124346394881632,0.008980879803391958,0.006224502760888308,0.0,-0.0,0.026241337187355857,0.026241337187355857,0.026241337187355857,0.02473723305435045,0.75
101.22227737799949,14.110058027758464,14.124532123580167,0.008015194984112576,0.005571860956008637,0.0,-0.0,0.026513939913612304,0.026513939913612304,0.026513939913612304,0.024934051842501973,0.75
101.29453576299966,14.110296444195338,14.124698344829827,0.007152493106203288,0.0049866374898400265,0.0,-0.0,0.02675864347086373,0.02675864347086373,0.02675864347086373,0.025110169089964038,0.75
101.39610221299881,14.110698999511222,14.12498016184391,0.00569450580889887,0.003992347551226645,0.0,-0.0,0.027174934706252117,0.027174934706252117,0.027174934706252117,0.025408694016765775,0.75
101.43126900899915,14.110868359558413,14.12509921687506,0.0050808014157454956,0.0035716509345257823,0.0,-0.0,0.027351269206972954,0.027351269206972954,0.027351269206972954,0.025534777839448637,0.75
101.47165234199929,14.111019464996001,14.125205718478963,0.004533163127658371,0.003195048117083185,0.0,-0.0,0.02750921396257721,0.02750921396257721,0.02750921396257721,0.02564755038322201,0.75
101.50449820699941,14.111154282328078,14.125300984968712,0.004044519962285808,0.0028579946924898693,0.0,-0.0,0.027650639317048357,0.027650639317048357,0.027650639317048357,0.025748411632047843,0.75
101.51173368699892,14.111154282328078,14.125300984968712,0.004044519962285808,0.0028579946924898693,0.0,-0.0,0.027650639317048357,0.027650639317048357,0.027650639317048357,0.025748411632047843,0.75
101.54534502199931,14.111274566942868,14.125386197986858,0.0036085384436692074,0.002556390544352143,0.0,-0.0,0.027777237227218487,0.027777237227218487,0.027777237227218487,0.02583861612717404,0.75
101.60375358499914,14.111381885408566,14.125462416107592,0.0032195539709481,0.0022865436220256188,0.0,-0.0,0.027890535123763622,0.027890535123763622,0.027890535123763622,0.025919287496486178,0.75
101.6264401619992,14.111381885408566,14.125462416107592,0.0032195539709481,0.0022865436220256188,0.0,-0.0,0.027890535123763622,0.027890535123763622,0.027890535123763622,0.025919287496486178,0.75
101.65963922300034,14.111477635579586,14.125530587259584,0.002872505130597237,0.00204513455975609,0.0,-0.0,0.02799190962255099,0.02799190962255099,0.02799190962255099,0.025991431713323507,0.75
101.69174670099892,14.111563064658501,14.125591560019222,0.002562872367424011,0.0018291827891526308,0.0,-0.0,0.02808259974635808,0.02808259974635808,0.02808259974635808,0.02605594914055771,0.75
101.82500200499999,14.11176796565382,14.125738491344457,0.0018202550917907592,0.001308691880326392,0.0,-0.0,0.02830114754419335,0.02830114754419335,0.02830114754419335,0.026211381712744432,0.75
101.92209232499954,14.11182210105762,14.125777506936975,0.0016240621139579456,0.0011704677755315467,0.0,-0.0,0.028359159672007198,0.028359159672007198,0.028359159672007198,0.026252643184045674,0.75
101.96150905799914,14.111870401656322,14.125812401602943,0.0014490179610676494,0.0010468399790197246,0.0,-0.0,0.028411027999599752,0.028411027999599752,0.028411027999599752,0.026289541589413143,0.75
101.99304367299919,14.11191349639649,14.125843610546571,0.0012928422050098795,0.0009362683088405791,0.0,-0.0,0.028457399784099138,0.028457399784099138,0.028457399784099138,0.026322538241791277,0.75
102.07563706899964,14.111986252339488,14.12589648723783,0.0010291778271875904,0.000748926083756141,0.0,-0.0,0.028535912398326774,0.028535912398326774,0.028535912398326774,0.026378432917858165,0.75
102.10270325700003,14.112016860844934,14.125918814559812,0.0009182551633679683,0.0006698196594841472,0.0,-0.0,0.028569037308814778,0.028569037308814778,0.028569037308814778,0.02640202983654987,0.75
102.12328104699918,14.112016860844934,14.125918814559812,0.0009182551633679683,0.0006698196594841472,0.0,-0.0,0.028569037308814778,0.028569037308814778,0.028569037308814778,0.02640202983654987,0.75
102.14689749599893,14.112044170443841,14.125938783519702,0.0008192879672116271,0.0005990687967265875,0.0,-0.0,0.02859864563510477,0.02859864563510477,0.02859864563510477,0.026423131516631927,0.75
102.21802159700019,14.112090276828381,14.125972616456416,0.0006522040257025842,0.00047919706795819175,0.0,-0.0,0.028648762615145967,0.028648762615145967,0.028648762615145967,0.026458876701580522,0.75
102.25254182199933,14.112109673885387,14.125986902487767,0.0005819117101626002,0.0004285809405718959,0.0,-0.0,0.028669902380705367,0.028669902380705367,0.028669902380705367,0.026473967173403747,0.75
102.30482872799985,14.112126980397086,14.125999679529222,0.0005191953509987923,0.00038331124366241154,0.0,-0.0,0.02868879553368537,0.02868879553368537,0.02868879553368537,0.026487461928358894,0.75
102.37051427199913,14.112126980397086,14.125999679529222,0.0005191953509987923,0.00038331124366241154,0.0,-0.0,0.02868879553368537,0.02868879553368537,0.02868879553368537,0.026487461928358894,0.75
