[INFO] [launch]: All log files can be found below /home/zrj/.ros/log/2026-10-02-05-22-38-672544-zrj-virtual-machine-45042
[INFO] [launch]: Default logging verbosity is set to INFO
[INFO] [sim_robot-2]: process started with pid [45055]
[INFO] [static_transform_publisher-1]: process started with pid [45053]
[INFO] [esdf_map_publisher-3]: process started with pid [45057]
[INFO] [planner_server-4]: process started with pid [45059]
[INFO] [controller_node-5]: process started with pid [45061]
[INFO] [sp_decision_node-6]: process started with pid [45063]
[INFO] [nav_interface_node-7]: process started with pid [45065]
[INFO] [rviz2-8]: process started with pid [45067]
[static_transform_publisher-1] [WARN] [1790932958.864467796] []: Old-style arguments are deprecated; see --help for new-style arguments
[planner_server-4] [INFO] [1790932958.918831766] [planner_server]: PlannerServer ready. costmap_topic=/global_costmap local_costmap_topic=/local_costmap/costmap path_topic=/global_path service=make_plan plugin=AStar (sp_global_planner/AStarPlanner)
[planner_server-4] [INFO] [1790932958.933535887] [planner_server]: AStarPlanner configured: lethal_cost=95 cost_weight=6.000
[planner_server-4] [INFO] [1790932958.933660735] [planner_server]: PlannerServer ready. costmap_topic=/global_costmap local_costmap_topic=/local_costmap/costmap path_topic=/global_path service=make_plan plugin=AStar (sp_global_planner/AStarPlanner)
[controller_node-5] [INFO] [1790932958.970050853] [controller_server]: Smooth sampling configured: max_speed=1.25 m/s horizon=28 dt=0.070 s
[controller_node-5] [INFO] [1790932958.970255213] [controller_server]: Loaded controller plugin: SamplingController (SamplingController)
[static_transform_publisher-1] [INFO] [1790932958.990615220] [static_transform_publisher_vbW5J5HOGyB0ZKht]: Spinning until stopped - publishing transform
[static_transform_publisher-1] translation: ('0.000000', '0.150000', '0.000000')
[static_transform_publisher-1] rotation: ('0.000000', '0.000000', '0.000000', '1.000000')
[static_transform_publisher-1] from 'base_link' to 'livox_frame'
[nav_interface_node-7] [INFO] [1790932959.071381676] [nav_interface_node]: Loading plugin: nav_compute_path_service
[nav_interface_node-7] [INFO] [1790932959.081237702] [nav_interface_node]: Loading plugin: nav_state_track
[nav_interface_node-7] [INFO] [1790932959.086202215] [nav_interface_node]: Loading plugin: nav_rate_control
[nav_interface_node-7] [INFO] [1790932959.086888476] [nav_interface_node]: Loading plugin: nav_repeat_sequence
[nav_interface_node-7] [INFO] [1790932959.087360467] [nav_interface_node]: Loading plugin: nav_get_pose
[nav_interface_node-7] [INFO] [1790932959.096088880] [nav_interface_node]: Loading plugin: nav_set_control_enable
[nav_interface_node-7] [INFO] [1790932959.104400537] [nav_interface_node]: Initializing BT from: /home/zrj/nav_final_project/install/sp_nav_bt/share/sp_nav_bt/nav_bt/default_nav_with_fallback.xml
[sp_decision_node-6] [WARN] [1790932959.162099737] [rcl.logging_rosout]: Publisher already registered for provided node name. If this is due to multiple nodes with the same name then all logs for that logger name will go out over the existing publisher. As soon as any node with that name is destructed it will unregister the publisher, preventing any further logs for that name from being published on the rosout topic.
[nav_interface_node-7] [INFO] [1790932959.215198580] [nav_interface_node]: Navigation Interface Node initialized.
[sp_decision_node-6] [INFO] [1790932959.218281588] [sp_decision]: [BlackboardBridge] Initialized (goal_pose only).
[nav_interface_node-7] [INFO] [1790932959.220391118] [nav_interface_node]: Restart-task service ready at /nav_interface/restart_task
[sim_robot-2] pygame 2.1.2 (SDL 2.0.20, Python 3.10.12)
[sim_robot-2] Hello from the pygame community. https://www.pygame.org/contribute.html
[esdf_map_publisher-3] [INFO] [1790932959.403593776] [esdf_map_publisher]: Loaded map: /home/zrj/nav_final_project/install/sp_nav_bringup/share/sp_nav_bringup/map/maze_map.pgm  size=300x300  res=0.050 m/cell  origin=[0.000, 0.000, 0.000]  negate=0  unknown_as_obstacle=true
[sp_decision_node-6] [INFO] [1790932959.549211360] [sp_decision]: [BtEngine] Loading plugin: nav_to_pose_bt_node
[sp_decision_node-6] [INFO] [1790932959.553294579] [sp_decision]: [BtEngine] Loading plugin: condition_judge_bt_node
[sp_decision_node-6] [INFO] [1790932959.623368472] [sp_decision]: [BtEngine] Loading plugin: wait_duration_bt_node
[sp_decision_node-6] [INFO] [1790932959.624304380] [sp_decision]: [BtEngine] Loading plugin: gimbal_control_bt_node
[sp_decision_node-6] [INFO] [1790932959.625572673] [sp_decision]: [BtEngine] Loading plugin: chassis_mode_bt_node
[sp_decision_node-6] [INFO] [1790932959.626659970] [sp_decision]: [BtEngine] Loading plugin: set_double_bt_node
[sp_decision_node-6] [INFO] [1790932959.627328988] [sp_decision]: [BtEngine] Initialising tree from: /home/zrj/nav_final_project/install/sp_decision/share/sp_decision/decision_trees/click_nav.xml
[sp_decision_node-6] [WARN] [1790932959.628998106] [rcl.logging_rosout]: Publisher already registered for provided node name. If this is due to multiple nodes with the same name then all logs for that logger name will go out over the existing publisher. As soon as any node with that name is destructed it will unregister the publisher, preventing any further logs for that name from being published on the rosout topic.
[sp_decision_node-6] [INFO] [1790932959.655055900] [sp_decision]: [NavToPose] BT node 'NavToPose' initialised (ros node: nav_to_pose_0).
[sp_decision_node-6] [INFO] [1790932959.656689120] [sp_decision]: [ChassisMode] BT node initialised.
[sp_decision_node-6] [INFO] [1790932959.658525412] [sp_decision]: [GimbalControl] BT node initialised.
[sp_decision_node-6] [INFO] [1790932959.658616366] [sp_decision]: [WaitDuration] BT node initialised.
[sp_decision_node-6] [INFO] [1790932959.659192306] [sp_decision]: [DecisionEngine] Started with tree: /home/zrj/nav_final_project/install/sp_decision/share/sp_decision/decision_trees/click_nav.xml
[sp_decision_node-6] [INFO] [1790932959.659380772] [sp_decision]: [DecisionEngine] Started: /home/zrj/nav_final_project/install/sp_decision/share/sp_decision/decision_trees/click_nav.xml
[sp_decision_node-6] [INFO] [1790932959.660335255] [ConditionJudge]: [ConditionJudge] Initialised: 2 variables, 3 conditions, 3 children.
[sp_decision_node-6] [INFO] [1790932959.660668903] [sp_decision]: [WaitDuration] duration < 0 – blocking forever (RUNNING).
[rviz2-8] [INFO] [1790932959.796475545] [rviz2]: Stereo is NOT SUPPORTED
[rviz2-8] [INFO] [1790932959.796997612] [rviz2]: OpenGl version: 4.3 (GLSL 4.3)
[rviz2-8] [INFO] [1790932959.904417713] [rviz2]: Stereo is NOT SUPPORTED
[rviz2-8] [INFO] [1790932960.459428841] [rviz2]: Trying to create a map of size 300 x 300 using 1 swatches
[rviz2-8] [ERROR] [1790932960.511039581] [rviz2]: Vertex Program:rviz/glsl120/indexed_8bit_image.vert Fragment Program:rviz/glsl120/indexed_8bit_image.frag GLSL link result : 
[rviz2-8] active samplers with a different type refer to the same texture image unit
[sim_robot-2] [0m[INFO] [1790932961.731789911] [sim_robot_node]: SimRobotNode ready | map=/home/zrj/nav_final_project/install/sp_nav_bringup/share/sp_nav_bringup/map/maze_map.pgm | robots=[1, 2, 3] | sim=30.0Hz pub=30.0Hz odom=30.0Hz[0m
[sim_robot-2] [0m[INFO] [1790932961.733087539] [sim_robot_node]: map->lidar_odom origin=(0.900, 0.900) | start: base_link ≡ lidar_odom[0m
[sim_robot-2] [0m[INFO] [1790932961.734018446] [sim_robot_node]: gimbal_topic=/gimbal/control scan_speed=1.0 rad/s | chassis_topic=/chassis/mode[0m
[sim_robot-2] [0m[INFO] [1790932961.735034707] [sim_robot_node]: local_costmap_topic=/local_costmap/costmap frame=map window=4.00x4.00m[0m
[planner_server-4] [INFO] [1790932992.411156184] [planner_server]: Received goal from /goal_pose: (14.100, 14.100) frame=map
[sp_decision_node-6] [INFO] [1790932992.411476137] [sp_decision]: [BlackboardBridge] New goal_pose  x=14.100  y=14.100
[sp_decision_node-6] [INFO] [1790932992.460178577] [ConditionJudge]: [ConditionJudge] Switching child 2 -> 0, halting previous.
[sp_decision_node-6] [INFO] [1790932992.460272896] [sp_decision]: [WaitDuration] Halted – timer cleared.
[sp_decision_node-6] [INFO] [1790932992.460384468] [sp_decision]: [DecisionEngine] SUCCEEDED – restarting
[sp_decision_node-6] [INFO] [1790932992.559643602] [sp_decision]: [NavToPose] Using blackboard PoseStamped  x=14.100  y=14.100  frame='map'
[sp_decision_node-6] [INFO] [1790932992.559927993] [sp_decision]: [NavToPose] Sending goal  x=14.100  y=14.100  frame='map'
[nav_interface_node-7] [INFO] [1790932992.560971697] [nav_interface_node]: Received goal request: Go to (14.10, 14.10)
[nav_interface_node-7] [INFO] [1790932992.561977900] [nav_interface_node]: BT goal_pose set to ORIGINAL action goal: (14.100, 14.100)
[nav_interface_node-7] [INFO] [1790932992.562046119] [nav_interface_node]: Executing Static BT for goal...
[nav_interface_node-7] [INFO] [1790932992.562074774] [nav_interface_node]: Running Behavior Tree...
[planner_server-4] [INFO] [1790932992.586026336] [planner_server]: Planning took 22 ms
[planner_server-4] [INFO] [1790932992.586904882] [planner_server]: Plan computed: 914 poses
[controller_node-5] [INFO] [1790932992.589528980] [controller_server]: Control enabled
[nav_interface_node-7] [INFO] [1790932992.592900554] [nav_interface_node]: [SetControlEnable] Control enabled
[nav_interface_node-7] [INFO] [1790932992.593048676] [nav_interface_node]: [NavStateTrack] Task started, monitoring navigation progress.
[nav_interface_node-7] [INFO] [1790932992.593071639] [nav_interface_node]: [NavStateTrack] onStart() entered.
[controller_node-5] [WARN] [1790932992.603973184] [controller_server]: path_copy succeeded.
[controller_node-5] [INFO] [1790932992.605528941] [controller_server]: Computed velocity commands: linear.x=-0.00, linear.y=0.03, angular.z=0.00
[planner_server-4] [INFO] [1790932992.715521149] [planner_server]: Planning took 20 ms
[planner_server-4] [INFO] [1790932992.716073569] [planner_server]: Plan computed: 914 poses
[sp_decision_node-6] [INFO] [1790932992.760414292] [sp_decision]: [NavToPose] Goal ACCEPTED – robot is navigating.
[planner_server-4] [INFO] [1790932992.845010942] [planner_server]: Planning took 19 ms
[planner_server-4] [INFO] [1790932992.845521352] [planner_server]: Plan computed: 914 poses
[planner_server-4] [INFO] [1790932992.971798198] [planner_server]: Planning took 18 ms
[planner_server-4] [INFO] [1790932992.972115211] [planner_server]: Plan computed: 913 poses
[planner_server-4] [INFO] [1790932993.104048252] [planner_server]: Planning took 17 ms
[planner_server-4] [INFO] [1790932993.104553963] [planner_server]: Plan computed: 913 poses
[planner_server-4] [INFO] [1790932993.230790769] [planner_server]: Planning took 17 ms
[planner_server-4] [INFO] [1790932993.231252998] [planner_server]: Plan computed: 913 poses
[planner_server-4] [INFO] [1790932993.353182508] [planner_server]: Planning took 19 ms
[planner_server-4] [INFO] [1790932993.353620430] [planner_server]: Plan computed: 913 poses
[planner_server-4] [INFO] [1790932993.480844523] [planner_server]: Planning took 17 ms
[planner_server-4] [INFO] [1790932993.481502965] [planner_server]: Plan computed: 913 poses
[planner_server-4] [INFO] [1790932993.610538025] [planner_server]: Planning took 17 ms
[planner_server-4] [INFO] [1790932993.611729395] [planner_server]: Plan computed: 912 poses
[planner_server-4] [INFO] [1790932993.743594019] [planner_server]: Planning took 18 ms
[planner_server-4] [INFO] [1790932993.744103076] [planner_server]: Plan computed: 911 poses
[planner_server-4] [INFO] [1790932993.871267887] [planner_server]: Planning took 17 ms
[planner_server-4] [INFO] [1790932993.871723513] [planner_server]: Plan computed: 911 poses
[planner_server-4] [INFO] [1790932994.000857256] [planner_server]: Planning took 17 ms
[planner_server-4] [INFO] [1790932994.001431327] [planner_server]: Plan computed: 910 poses
[planner_server-4] [INFO] [1790932994.131605754] [planner_server]: Planning took 18 ms
[planner_server-4] [INFO] [1790932994.132454156] [planner_server]: Plan computed: 909 poses
[planner_server-4] [INFO] [1790932994.262000621] [planner_server]: Planning took 18 ms
[planner_server-4] [INFO] [1790932994.262378830] [planner_server]: Plan computed: 908 poses
[planner_server-4] [INFO] [1790932994.391328008] [planner_server]: Planning took 17 ms
[planner_server-4] [INFO] [1790932994.391706828] [planner_server]: Plan computed: 907 poses
[planner_server-4] [INFO] [1790932994.522669443] [planner_server]: Planning took 17 ms
[planner_server-4] [INFO] [1790932994.523224328] [planner_server]: Plan computed: 905 poses
[controller_node-5] [WARN] [1790932994.604232214] [controller_server]: path_copy succeeded.
[controller_node-5] [INFO] [1790932994.605598528] [controller_server]: Computed velocity commands: linear.x=0.76, linear.y=0.13, angular.z=0.00
[planner_server-4] [INFO] [1790932994.651935955] [planner_server]: Planning took 17 ms
[planner_server-4] [INFO] [1790932994.652711800] [planner_server]: Plan computed: 904 poses
[planner_server-4] [INFO] [1790932994.780250828] [planner_server]: Planning took 16 ms
[planner_server-4] [INFO] [1790932994.780928957] [planner_server]: Plan computed: 902 poses
[planner_server-4] [INFO] [1790932994.902367111] [planner_server]: Planning took 17 ms
[planner_server-4] [INFO] [1790932994.903118599] [planner_server]: Plan computed: 900 poses
[planner_server-4] [INFO] [1790932995.032019027] [planner_server]: Planning took 18 ms
[planner_server-4] [INFO] [1790932995.032489200] [planner_server]: Plan computed: 898 poses
[planner_server-4] [INFO] [1790932995.160500343] [planner_server]: Planning took 16 ms
[planner_server-4] [INFO] [1790932995.160912216] [planner_server]: Plan computed: 896 poses
[planner_server-4] [INFO] [1790932995.280934167] [planner_server]: Planning took 17 ms
[planner_server-4] [INFO] [1790932995.281422926] [planner_server]: Plan computed: 895 poses
[planner_server-4] [INFO] [1790932995.411758866] [planner_server]: Planning took 17 ms
[planner_server-4] [INFO] [1790932995.412283984] [planner_server]: Plan computed: 893 poses
[planner_server-4] [INFO] [1790932995.541537619] [planner_server]: Planning took 17 ms
[planner_server-4] [INFO] [1790932995.542162987] [planner_server]: Plan computed: 892 poses
[planner_server-4] [INFO] [1790932995.671544735] [planner_server]: Planning took 17 ms
[planner_server-4] [INFO] [1790932995.672045647] [planner_server]: Plan computed: 891 poses
[planner_server-4] [INFO] [1790932995.800841371] [planner_server]: Planning took 17 ms
[planner_server-4] [INFO] [1790932995.801261469] [planner_server]: Plan computed: 890 poses
[planner_server-4] [INFO] [1790932995.932188764] [planner_server]: Planning took 18 ms
[planner_server-4] [INFO] [1790932995.932737496] [planner_server]: Plan computed: 889 poses
[planner_server-4] [INFO] [1790932996.063605061] [planner_server]: Planning took 19 ms
[planner_server-4] [INFO] [1790932996.063912586] [planner_server]: Plan computed: 888 poses
[planner_server-4] [INFO] [1790932996.189928535] [planner_server]: Planning took 16 ms
[planner_server-4] [INFO] [1790932996.190265024] [planner_server]: Plan computed: 887 poses
[planner_server-4] [INFO] [1790932996.310325614] [planner_server]: Planning took 17 ms
[planner_server-4] [INFO] [1790932996.310808852] [planner_server]: Plan computed: 886 poses
[planner_server-4] [INFO] [1790932996.432078008] [planner_server]: Planning took 17 ms
[planner_server-4] [INFO] [1790932996.432535186] [planner_server]: Plan computed: 886 poses
[planner_server-4] [INFO] [1790932996.561288732] [planner_server]: Planning took 18 ms
[planner_server-4] [INFO] [1790932996.561636653] [planner_server]: Plan computed: 885 poses
[controller_node-5] [WARN] [1790932996.625408735] [controller_server]: path_copy succeeded.
[controller_node-5] [INFO] [1790932996.626680602] [controller_server]: Computed velocity commands: linear.x=0.73, linear.y=0.13, angular.z=0.00
[planner_server-4] [INFO] [1790932996.692698626] [planner_server]: Planning took 19 ms
[planner_server-4] [INFO] [1790932996.693620948] [planner_server]: Plan computed: 884 poses
[planner_server-4] [INFO] [1790932996.825104944] [planner_server]: Planning took 21 ms
[planner_server-4] [INFO] [1790932996.825723710] [planner_server]: Plan computed: 883 poses
[planner_server-4] [INFO] [1790932996.952590739] [planner_server]: Planning took 19 ms
[planner_server-4] [INFO] [1790932996.953245693] [planner_server]: Plan computed: 882 poses
[planner_server-4] [INFO] [1790932997.084384344] [planner_server]: Planning took 21 ms
[planner_server-4] [INFO] [1790932997.085721404] [planner_server]: Plan computed: 881 poses
[planner_server-4] [INFO] [1790932997.210057761] [planner_server]: Planning took 16 ms
[planner_server-4] [INFO] [1790932997.210419478] [planner_server]: Plan computed: 880 poses
[planner_server-4] [INFO] [1790932997.331044284] [planner_server]: Planning took 17 ms
[planner_server-4] [INFO] [1790932997.331454543] [planner_server]: Plan computed: 879 poses
[planner_server-4] [INFO] [1790932997.451040224] [planner_server]: Planning took 17 ms
[planner_server-4] [INFO] [1790932997.451419585] [planner_server]: Plan computed: 878 poses
[planner_server-4] [INFO] [1790932997.571523106] [planner_server]: Planning took 17 ms
[planner_server-4] [INFO] [1790932997.572131852] [planner_server]: Plan computed: 876 poses
[planner_server-4] [INFO] [1790932997.703432544] [planner_server]: Planning took 18 ms
[planner_server-4] [INFO] [1790932997.703999080] [planner_server]: Plan computed: 875 poses
[planner_server-4] [INFO] [1790932997.834256926] [planner_server]: Planning took 20 ms
[planner_server-4] [INFO] [1790932997.834670582] [planner_server]: Plan computed: 873 poses
[planner_server-4] [INFO] [1790932997.961157955] [planner_server]: Planning took 17 ms
[planner_server-4] [INFO] [1790932997.961547555] [planner_server]: Plan computed: 871 poses
[planner_server-4] [INFO] [1790932998.090195930] [planner_server]: Planning took 17 ms
[planner_server-4] [INFO] [1790932998.090607552] [planner_server]: Plan computed: 870 poses
[planner_server-4] [INFO] [1790932998.220599079] [planner_server]: Planning took 17 ms
[planner_server-4] [INFO] [1790932998.221145417] [planner_server]: Plan computed: 869 poses
[planner_server-4] [INFO] [1790932998.341571244] [planner_server]: Planning took 17 ms
[planner_server-4] [INFO] [1790932998.341932671] [planner_server]: Plan computed: 869 poses
[planner_server-4] [INFO] [1790932998.474047852] [planner_server]: Planning took 16 ms
[planner_server-4] [INFO] [1790932998.474394300] [planner_server]: Plan computed: 868 poses
[planner_server-4] [INFO] [1790932998.602621776] [planner_server]: Planning took 19 ms
[planner_server-4] [INFO] [1790932998.603793150] [planner_server]: Plan computed: 868 poses
[controller_node-5] [WARN] [1790932998.644456190] [controller_server]: path_copy succeeded.
[controller_node-5] [INFO] [1790932998.645712426] [controller_server]: Computed velocity commands: linear.x=-0.35, linear.y=-0.36, angular.z=0.00
[planner_server-4] [INFO] [1790932998.731388246] [planner_server]: Planning took 17 ms
[planner_server-4] [INFO] [1790932998.731721990] [planner_server]: Plan computed: 867 poses
[planner_server-4] [INFO] [1790932998.853867363] [planner_server]: Planning took 18 ms
[planner_server-4] [INFO] [1790932998.854351402] [planner_server]: Plan computed: 866 poses
[planner_server-4] [INFO] [1790932998.982938892] [planner_server]: Planning took 18 ms
[planner_server-4] [INFO] [1790932998.983437269] [planner_server]: Plan computed: 865 poses
[planner_server-4] [INFO] [1790932999.109731004] [planner_server]: Planning took 16 ms
[planner_server-4] [INFO] [1790932999.110299554] [planner_server]: Plan computed: 864 poses
[planner_server-4] [INFO] [1790932999.230727755] [planner_server]: Planning took 16 ms
[planner_server-4] [INFO] [1790932999.231356289] [planner_server]: Plan computed: 863 poses
[planner_server-4] [INFO] [1790932999.350983849] [planner_server]: Planning took 17 ms
[planner_server-4] [INFO] [1790932999.351638032] [planner_server]: Plan computed: 862 poses
[planner_server-4] [INFO] [1790932999.482964481] [planner_server]: Planning took 19 ms
[planner_server-4] [INFO] [1790932999.483407453] [planner_server]: Plan computed: 861 poses
[planner_server-4] [INFO] [1790932999.610307746] [planner_server]: Planning took 17 ms
[planner_server-4] [INFO] [1790932999.610683359] [planner_server]: Plan computed: 860 poses
[planner_server-4] [INFO] [1790932999.731367496] [planner_server]: Planning took 17 ms
[planner_server-4] [INFO] [1790932999.731792023] [planner_server]: Plan computed: 858 poses
[planner_server-4] [INFO] [1790932999.862083907] [planner_server]: Planning took 18 ms
[planner_server-4] [INFO] [1790932999.862427109] [planner_server]: Plan computed: 858 poses
[planner_server-4] [INFO] [1790932999.989723103] [planner_server]: Planning took 16 ms
[planner_server-4] [INFO] [1790932999.990641878] [planner_server]: Plan computed: 855 poses
[planner_server-4] [INFO] [1790933000.122741295] [planner_server]: Planning took 17 ms
[planner_server-4] [INFO] [1790933000.123397040] [planner_server]: Plan computed: 854 poses
[planner_server-4] [INFO] [1790933000.251447150] [planner_server]: Planning took 18 ms
[planner_server-4] [INFO] [1790933000.252125848] [planner_server]: Plan computed: 853 poses
[planner_server-4] [INFO] [1790933000.380528598] [planner_server]: Planning took 17 ms
[planner_server-4] [INFO] [1790933000.381061901] [planner_server]: Plan computed: 851 poses
[planner_server-4] [INFO] [1790933000.500535158] [planner_server]: Planning took 16 ms
[planner_server-4] [INFO] [1790933000.501118776] [planner_server]: Plan computed: 849 poses
[planner_server-4] [INFO] [1790933000.620315318] [planner_server]: Planning took 16 ms
[planner_server-4] [INFO] [1790933000.620771604] [planner_server]: Plan computed: 848 poses
[controller_node-5] [WARN] [1790933000.645335461] [controller_server]: path_copy succeeded.
[controller_node-5] [INFO] [1790933000.646677259] [controller_server]: Computed velocity commands: linear.x=-0.29, linear.y=0.57, angular.z=0.00
[planner_server-4] [INFO] [1790933000.740232669] [planner_server]: Planning took 16 ms
[planner_server-4] [INFO] [1790933000.740572795] [planner_server]: Plan computed: 845 poses
[planner_server-4] [INFO] [1790933000.864174611] [planner_server]: Planning took 18 ms
[planner_server-4] [INFO] [1790933000.864606281] [planner_server]: Plan computed: 844 poses
[planner_server-4] [INFO] [1790933000.990585944] [planner_server]: Planning took 17 ms
[planner_server-4] [INFO] [1790933000.991593708] [planner_server]: Plan computed: 843 poses
[planner_server-4] [INFO] [1790933001.120693856] [planner_server]: Planning took 17 ms
[planner_server-4] [INFO] [1790933001.121158859] [planner_server]: Plan computed: 841 poses
[planner_server-4] [INFO] [1790933001.240537576] [planner_server]: Planning took 17 ms
[planner_server-4] [INFO] [1790933001.241108059] [planner_server]: Plan computed: 841 poses
[planner_server-4] [INFO] [1790933001.371754592] [planner_server]: Planning took 16 ms
[planner_server-4] [INFO] [1790933001.372055353] [planner_server]: Plan computed: 839 poses
[planner_server-4] [INFO] [1790933001.500091970] [planner_server]: Planning took 16 ms
[planner_server-4] [INFO] [1790933001.500601758] [planner_server]: Plan computed: 838 poses
[planner_server-4] [INFO] [1790933001.620452382] [planner_server]: Planning took 17 ms
[planner_server-4] [INFO] [1790933001.620951169] [planner_server]: Plan computed: 836 poses
[planner_server-4] [INFO] [1790933001.740964602] [planner_server]: Planning took 16 ms
[planner_server-4] [INFO] [1790933001.741495139] [planner_server]: Plan computed: 835 poses
[planner_server-4] [INFO] [1790933001.871076710] [planner_server]: Planning took 16 ms
[planner_server-4] [INFO] [1790933001.871657793] [planner_server]: Plan computed: 833 poses
[planner_server-4] [INFO] [1790933002.000701141] [planner_server]: Planning took 17 ms
[planner_server-4] [INFO] [1790933002.001336658] [planner_server]: Plan computed: 832 poses
[planner_server-4] [INFO] [1790933002.132281314] [planner_server]: Planning took 17 ms
[planner_server-4] [INFO] [1790933002.132757538] [planner_server]: Plan computed: 832 poses
[planner_server-4] [INFO] [1790933002.260078179] [planner_server]: Planning took 17 ms
[planner_server-4] [INFO] [1790933002.260499739] [planner_server]: Plan computed: 831 poses
[planner_server-4] [INFO] [1790933002.380876397] [planner_server]: Planning took 17 ms
[planner_server-4] [INFO] [1790933002.381367299] [planner_server]: Plan computed: 829 poses
[planner_server-4] [INFO] [1790933002.510347731] [planner_server]: Planning took 16 ms
[planner_server-4] [INFO] [1790933002.511342424] [planner_server]: Plan computed: 829 poses
[planner_server-4] [INFO] [1790933002.642768935] [planner_server]: Planning took 18 ms
[planner_server-4] [INFO] [1790933002.643298440] [planner_server]: Plan computed: 828 poses
[controller_node-5] [WARN] [1790933002.645628273] [controller_server]: path_copy succeeded.
[controller_node-5] [INFO] [1790933002.646917331] [controller_server]: Computed velocity commands: linear.x=0.54, linear.y=0.59, angular.z=0.00
[planner_server-4] [INFO] [1790933002.769750116] [planner_server]: Planning took 16 ms
[planner_server-4] [INFO] [1790933002.770284010] [planner_server]: Plan computed: 825 poses
[planner_server-4] [INFO] [1790933002.889705960] [planner_server]: Planning took 16 ms
[planner_server-4] [INFO] [1790933002.890410327] [planner_server]: Plan computed: 825 poses
[planner_server-4] [INFO] [1790933003.009898812] [planner_server]: Planning took 16 ms
[planner_server-4] [INFO] [1790933003.010496426] [planner_server]: Plan computed: 823 poses
[planner_server-4] [INFO] [1790933003.130632277] [planner_server]: Planning took 17 ms
[planner_server-4] [INFO] [1790933003.131308751] [planner_server]: Plan computed: 822 poses
[planner_server-4] [INFO] [1790933003.250686552] [planner_server]: Planning took 16 ms
[planner_server-4] [INFO] [1790933003.251345703] [planner_server]: Plan computed: 821 poses
[planner_server-4] [INFO] [1790933003.371071340] [planner_server]: Planning took 16 ms
[planner_server-4] [INFO] [1790933003.371524551] [planner_server]: Plan computed: 819 poses
[planner_server-4] [INFO] [1790933003.499836797] [planner_server]: Planning took 16 ms
[planner_server-4] [INFO] [1790933003.501291007] [planner_server]: Plan computed: 818 poses
[planner_server-4] [INFO] [1790933003.629706901] [planner_server]: Planning took 16 ms
[planner_server-4] [INFO] [1790933003.630460672] [planner_server]: Plan computed: 816 poses
[planner_server-4] [INFO] [1790933003.749889195] [planner_server]: Planning took 16 ms
[planner_server-4] [INFO] [1790933003.750210444] [planner_server]: Plan computed: 816 poses
[planner_server-4] [INFO] [1790933003.872998795] [planner_server]: Planning took 17 ms
[planner_server-4] [INFO] [1790933003.873353388] [planner_server]: Plan computed: 816 poses
[planner_server-4] [INFO] [1790933003.993533957] [planner_server]: Planning took 16 ms
[planner_server-4] [INFO] [1790933003.994417845] [planner_server]: Plan computed: 815 poses
[planner_server-4] [INFO] [1790933004.119881034] [planner_server]: Planning took 16 ms
[planner_server-4] [INFO] [1790933004.120466886] [planner_server]: Plan computed: 814 poses
[planner_server-4] [INFO] [1790933004.250161273] [planner_server]: Planning took 16 ms
[planner_server-4] [INFO] [1790933004.250526687] [planner_server]: Plan computed: 813 poses
[planner_server-4] [INFO] [1790933004.370238367] [planner_server]: Planning took 16 ms
[planner_server-4] [INFO] [1790933004.370672932] [planner_server]: Plan computed: 812 poses
[planner_server-4] [INFO] [1790933004.489457112] [planner_server]: Planning took 16 ms
[planner_server-4] [INFO] [1790933004.490399621] [planner_server]: Plan computed: 811 poses
[planner_server-4] [INFO] [1790933004.610493076] [planner_server]: Planning took 16 ms
[planner_server-4] [INFO] [1790933004.610975001] [planner_server]: Plan computed: 810 poses
[controller_node-5] [WARN] [1790933004.664093839] [controller_server]: path_copy succeeded.
[controller_node-5] [INFO] [1790933004.666219935] [controller_server]: Computed velocity commands: linear.x=-0.54, linear.y=-0.80, angular.z=0.00
[planner_server-4] [INFO] [1790933004.730267435] [planner_server]: Planning took 16 ms
[planner_server-4] [INFO] [1790933004.730585690] [planner_server]: Plan computed: 809 poses
[planner_server-4] [INFO] [1790933004.848567116] [planner_server]: Planning took 15 ms
[planner_server-4] [INFO] [1790933004.849160332] [planner_server]: Plan computed: 808 poses
[planner_server-4] [INFO] [1790933004.969879134] [planner_server]: Planning took 16 ms
[planner_server-4] [INFO] [1790933004.970331703] [planner_server]: Plan computed: 807 poses
[planner_server-4] [INFO] [1790933005.101126192] [planner_server]: Planning took 17 ms
[planner_server-4] [INFO] [1790933005.101944535] [planner_server]: Plan computed: 805 poses
[planner_server-4] [INFO] [1790933005.229619470] [planner_server]: Planning took 16 ms
[planner_server-4] [INFO] [1790933005.230136521] [planner_server]: Plan computed: 805 poses
[planner_server-4] [INFO] [1790933005.349742792] [planner_server]: Planning took 16 ms
[planner_server-4] [INFO] [1790933005.350264272] [planner_server]: Plan computed: 804 poses
[planner_server-4] [INFO] [1790933005.480680357] [planner_server]: Planning took 16 ms
[planner_server-4] [INFO] [1790933005.481122126] [planner_server]: Plan computed: 802 poses
[planner_server-4] [INFO] [1790933005.600338947] [planner_server]: Planning took 16 ms
[planner_server-4] [INFO] [1790933005.600957000] [planner_server]: Plan computed: 801 poses
[planner_server-4] [INFO] [1790933005.719154719] [planner_server]: Planning took 16 ms
[planner_server-4] [INFO] [1790933005.719519691] [planner_server]: Plan computed: 800 poses
[planner_server-4] [INFO] [1790933005.839750467] [planner_server]: Planning took 16 ms
[planner_server-4] [INFO] [1790933005.840390532] [planner_server]: Plan computed: 799 poses
[planner_server-4] [INFO] [1790933005.959209999] [planner_server]: Planning took 15 ms
[planner_server-4] [INFO] [1790933005.959716290] [planner_server]: Plan computed: 797 poses
[planner_server-4] [INFO] [1790933006.079746937] [planner_server]: Planning took 16 ms
[planner_server-4] [INFO] [1790933006.080339471] [planner_server]: Plan computed: 795 poses
[planner_server-4] [INFO] [1790933006.200828363] [planner_server]: Planning took 17 ms
[planner_server-4] [INFO] [1790933006.201257006] [planner_server]: Plan computed: 794 poses
[planner_server-4] [INFO] [1790933006.321544094] [planner_server]: Planning took 16 ms
[planner_server-4] [INFO] [1790933006.322228222] [planner_server]: Plan computed: 793 poses
[planner_server-4] [INFO] [1790933006.452183461] [planner_server]: Planning took 18 ms
[planner_server-4] [INFO] [1790933006.452598679] [planner_server]: Plan computed: 793 poses
[planner_server-4] [INFO] [1790933006.579571518] [planner_server]: Planning took 16 ms
[planner_server-4] [INFO] [1790933006.580368040] [planner_server]: Plan computed: 791 poses
[controller_node-5] [WARN] [1790933006.684093497] [controller_server]: path_copy succeeded.
[controller_node-5] [INFO] [1790933006.685464088] [controller_server]: Computed velocity commands: linear.x=-0.41, linear.y=-0.64, angular.z=0.00
[planner_server-4] [INFO] [1790933006.700145856] [planner_server]: Planning took 16 ms
[planner_server-4] [INFO] [1790933006.700675612] [planner_server]: Plan computed: 790 poses
[planner_server-4] [INFO] [1790933006.820404716] [planner_server]: Planning took 15 ms
[planner_server-4] [INFO] [1790933006.820680158] [planner_server]: Plan computed: 790 poses
[planner_server-4] [INFO] [1790933006.939533181] [planner_server]: Planning took 15 ms
[planner_server-4] [INFO] [1790933006.939985630] [planner_server]: Plan computed: 789 poses
[planner_server-4] [INFO] [1790933007.060590622] [planner_server]: Planning took 15 ms
[planner_server-4] [INFO] [1790933007.061127460] [planner_server]: Plan computed: 789 poses
[planner_server-4] [INFO] [1790933007.183868748] [planner_server]: Planning took 19 ms
[planner_server-4] [INFO] [1790933007.184243759] [planner_server]: Plan computed: 788 poses
[planner_server-4] [INFO] [1790933007.311590039] [planner_server]: Planning took 17 ms
[planner_server-4] [INFO] [1790933007.312103312] [planner_server]: Plan computed: 788 poses
[planner_server-4] [INFO] [1790933007.439800555] [planner_server]: Planning took 15 ms
[planner_server-4] [INFO] [1790933007.441094130] [planner_server]: Plan computed: 786 poses
[planner_server-4] [INFO] [1790933007.560375074] [planner_server]: Planning took 17 ms
[planner_server-4] [INFO] [1790933007.561074862] [planner_server]: Plan computed: 785 poses
[planner_server-4] [INFO] [1790933007.679904270] [planner_server]: Planning took 16 ms
[planner_server-4] [INFO] [1790933007.680220069] [planner_server]: Plan computed: 784 poses
[planner_server-4] [INFO] [1790933007.803222014] [planner_server]: Planning took 18 ms
[planner_server-4] [INFO] [1790933007.803569163] [planner_server]: Plan computed: 784 poses
[planner_server-4] [INFO] [1790933007.930187318] [planner_server]: Planning took 16 ms
[planner_server-4] [INFO] [1790933007.930649244] [planner_server]: Plan computed: 782 poses
[planner_server-4] [INFO] [1790933008.051692099] [planner_server]: Planning took 17 ms
[planner_server-4] [INFO] [1790933008.052097478] [planner_server]: Plan computed: 782 poses
[planner_server-4] [INFO] [1790933008.180964018] [planner_server]: Planning took 16 ms
[planner_server-4] [INFO] [1790933008.181434230] [planner_server]: Plan computed: 781 poses
[planner_server-4] [INFO] [1790933008.308743035] [planner_server]: Planning took 15 ms
[planner_server-4] [INFO] [1790933008.309295894] [planner_server]: Plan computed: 780 poses
[planner_server-4] [INFO] [1790933008.428431043] [planner_server]: Planning took 15 ms
[planner_server-4] [INFO] [1790933008.428874574] [planner_server]: Plan computed: 779 poses
[planner_server-4] [INFO] [1790933008.549238564] [planner_server]: Planning took 15 ms
[planner_server-4] [INFO] [1790933008.549844364] [planner_server]: Plan computed: 777 poses
[planner_server-4] [INFO] [1790933008.669599697] [planner_server]: Planning took 16 ms
[planner_server-4] [INFO] [1790933008.670541804] [planner_server]: Plan computed: 776 poses
[controller_node-5] [WARN] [1790933008.684227508] [controller_server]: path_copy succeeded.
[controller_node-5] [INFO] [1790933008.685581807] [controller_server]: Computed velocity commands: linear.x=-0.88, linear.y=-0.01, angular.z=0.00
[planner_server-4] [INFO] [1790933008.789465304] [planner_server]: Planning took 15 ms
[planner_server-4] [INFO] [1790933008.789895700] [planner_server]: Plan computed: 775 poses
[planner_server-4] [INFO] [1790933008.908982037] [planner_server]: Planning took 15 ms
[planner_server-4] [INFO] [1790933008.909369883] [planner_server]: Plan computed: 774 poses
[planner_server-4] [INFO] [1790933009.031151625] [planner_server]: Planning took 17 ms
[planner_server-4] [INFO] [1790933009.031648147] [planner_server]: Plan computed: 773 poses
[planner_server-4] [INFO] [1790933009.152245651] [planner_server]: Planning took 17 ms
[planner_server-4] [INFO] [1790933009.152704882] [planner_server]: Plan computed: 771 poses
[planner_server-4] [INFO] [1790933009.279875975] [planner_server]: Planning took 16 ms
[planner_server-4] [INFO] [1790933009.280337019] [planner_server]: Plan computed: 770 poses
[planner_server-4] [INFO] [1790933009.400845845] [planner_server]: Planning took 17 ms
[planner_server-4] [INFO] [1790933009.401296470] [planner_server]: Plan computed: 769 poses
[planner_server-4] [INFO] [1790933009.529893978] [planner_server]: Planning took 16 ms
[planner_server-4] [INFO] [1790933009.530315998] [planner_server]: Plan computed: 768 poses
[planner_server-4] [INFO] [1790933009.649741800] [planner_server]: Planning took 15 ms
[planner_server-4] [INFO] [1790933009.650259081] [planner_server]: Plan computed: 767 poses
[planner_server-4] [INFO] [1790933009.769547012] [planner_server]: Planning took 16 ms
[planner_server-4] [INFO] [1790933009.770212614] [planner_server]: Plan computed: 765 poses
[planner_server-4] [INFO] [1790933009.889509230] [planner_server]: Planning took 16 ms
[planner_server-4] [INFO] [1790933009.890303387] [planner_server]: Plan computed: 763 poses
[planner_server-4] [INFO] [1790933010.011305330] [planner_server]: Planning took 17 ms
[planner_server-4] [INFO] [1790933010.011626760] [planner_server]: Plan computed: 762 poses
[planner_server-4] [INFO] [1790933010.129437695] [planner_server]: Planning took 15 ms
[planner_server-4] [INFO] [1790933010.129832925] [planner_server]: Plan computed: 761 poses
[planner_server-4] [INFO] [1790933010.251483687] [planner_server]: Planning took 17 ms
[planner_server-4] [INFO] [1790933010.251878255] [planner_server]: Plan computed: 759 poses
[planner_server-4] [INFO] [1790933010.379065578] [planner_server]: Planning took 15 ms
[planner_server-4] [INFO] [1790933010.380124666] [planner_server]: Plan computed: 758 poses
[planner_server-4] [INFO] [1790933010.498719192] [planner_server]: Planning took 15 ms
[planner_server-4] [INFO] [1790933010.499242204] [planner_server]: Plan computed: 757 poses
[planner_server-4] [INFO] [1790933010.618482425] [planner_server]: Planning took 15 ms
[planner_server-4] [INFO] [1790933010.619000077] [planner_server]: Plan computed: 756 poses
[controller_node-5] [INFO] [1790933010.685872091] [controller_server]: Computed velocity commands: linear.x=-0.03, linear.y=0.80, angular.z=0.00
[controller_node-5] [WARN] [1790933010.704127472] [controller_server]: path_copy succeeded.
[planner_server-4] [INFO] [1790933010.740517597] [planner_server]: Planning took 15 ms
[planner_server-4] [INFO] [1790933010.741006273] [planner_server]: Plan computed: 754 poses
[planner_server-4] [INFO] [1790933010.861283891] [planner_server]: Planning took 16 ms
[planner_server-4] [INFO] [1790933010.861737161] [planner_server]: Plan computed: 752 poses
[planner_server-4] [INFO] [1790933010.980089097] [planner_server]: Planning took 15 ms
[planner_server-4] [INFO] [1790933010.980514303] [planner_server]: Plan computed: 750 poses
[planner_server-4] [INFO] [1790933011.100801876] [planner_server]: Planning took 17 ms
[planner_server-4] [INFO] [1790933011.101567909] [planner_server]: Plan computed: 749 poses
[planner_server-4] [INFO] [1790933011.229242474] [planner_server]: Planning took 16 ms
[planner_server-4] [INFO] [1790933011.229697507] [planner_server]: Plan computed: 748 poses
[planner_server-4] [INFO] [1790933011.349302391] [planner_server]: Planning took 15 ms
[planner_server-4] [INFO] [1790933011.349690016] [planner_server]: Plan computed: 747 poses
[planner_server-4] [INFO] [1790933011.470449734] [planner_server]: Planning took 16 ms
[planner_server-4] [INFO] [1790933011.471057737] [planner_server]: Plan computed: 746 poses
[planner_server-4] [INFO] [1790933011.590831275] [planner_server]: Planning took 16 ms
[planner_server-4] [INFO] [1790933011.591492619] [planner_server]: Plan computed: 745 poses
[planner_server-4] [INFO] [1790933011.721512342] [planner_server]: Planning took 15 ms
[planner_server-4] [INFO] [1790933011.722091180] [planner_server]: Plan computed: 743 poses
[planner_server-4] [INFO] [1790933011.850402948] [planner_server]: Planning took 16 ms
[planner_server-4] [INFO] [1790933011.851451510] [planner_server]: Plan computed: 742 poses
[planner_server-4] [INFO] [1790933011.978848892] [planner_server]: Planning took 15 ms
[planner_server-4] [INFO] [1790933011.979158870] [planner_server]: Plan computed: 741 poses
[planner_server-4] [INFO] [1790933012.100718066] [planner_server]: Planning took 17 ms
[planner_server-4] [INFO] [1790933012.101255274] [planner_server]: Plan computed: 740 poses
[planner_server-4] [INFO] [1790933012.218225363] [planner_server]: Planning took 15 ms
[planner_server-4] [INFO] [1790933012.218566891] [planner_server]: Plan computed: 740 poses
[planner_server-4] [INFO] [1790933012.339912937] [planner_server]: Planning took 16 ms
[planner_server-4] [INFO] [1790933012.340295682] [planner_server]: Plan computed: 739 poses
[planner_server-4] [INFO] [1790933012.459177682] [planner_server]: Planning took 15 ms
[planner_server-4] [INFO] [1790933012.459670045] [planner_server]: Plan computed: 737 poses
[planner_server-4] [INFO] [1790933012.579410612] [planner_server]: Planning took 15 ms
[planner_server-4] [INFO] [1790933012.579980292] [planner_server]: Plan computed: 736 poses
[planner_server-4] [INFO] [1790933012.700285204] [planner_server]: Planning took 15 ms
[planner_server-4] [INFO] [1790933012.700737281] [planner_server]: Plan computed: 735 poses
[controller_node-5] [INFO] [1790933012.705331963] [controller_server]: Computed velocity commands: linear.x=-0.03, linear.y=0.86, angular.z=0.00
[controller_node-5] [WARN] [1790933012.724078748] [controller_server]: path_copy succeeded.
[planner_server-4] [INFO] [1790933012.819273360] [planner_server]: Planning took 15 ms
[planner_server-4] [INFO] [1790933012.819642970] [planner_server]: Plan computed: 734 poses
[planner_server-4] [INFO] [1790933012.940467498] [planner_server]: Planning took 15 ms
[planner_server-4] [INFO] [1790933012.941059580] [planner_server]: Plan computed: 732 poses
[planner_server-4] [INFO] [1790933013.060751345] [planner_server]: Planning took 15 ms
[planner_server-4] [INFO] [1790933013.061616646] [planner_server]: Plan computed: 731 poses
[planner_server-4] [INFO] [1790933013.188704523] [planner_server]: Planning took 15 ms
[planner_server-4] [INFO] [1790933013.189257511] [planner_server]: Plan computed: 730 poses
[planner_server-4] [INFO] [1790933013.308974674] [planner_server]: Planning took 15 ms
[planner_server-4] [INFO] [1790933013.309360516] [planner_server]: Plan computed: 729 poses
[planner_server-4] [INFO] [1790933013.428225490] [planner_server]: Planning took 14 ms
[planner_server-4] [INFO] [1790933013.428645245] [planner_server]: Plan computed: 728 poses
[planner_server-4] [INFO] [1790933013.549224418] [planner_server]: Planning took 15 ms
[planner_server-4] [INFO] [1790933013.549670294] [planner_server]: Plan computed: 727 poses
[planner_server-4] [INFO] [1790933013.668799488] [planner_server]: Planning took 14 ms
[planner_server-4] [INFO] [1790933013.669140515] [planner_server]: Plan computed: 725 poses
[planner_server-4] [INFO] [1790933013.790408373] [planner_server]: Planning took 15 ms
[planner_server-4] [INFO] [1790933013.790740804] [planner_server]: Plan computed: 724 poses
[planner_server-4] [INFO] [1790933013.909944389] [planner_server]: Planning took 15 ms
[planner_server-4] [INFO] [1790933013.910507927] [planner_server]: Plan computed: 723 poses
[planner_server-4] [INFO] [1790933014.029537596] [planner_server]: Planning took 16 ms
[planner_server-4] [INFO] [1790933014.029854467] [planner_server]: Plan computed: 722 poses
[planner_server-4] [INFO] [1790933014.147599399] [planner_server]: Planning took 14 ms
[planner_server-4] [INFO] [1790933014.148144602] [planner_server]: Plan computed: 721 poses
[planner_server-4] [INFO] [1790933014.270061111] [planner_server]: Planning took 17 ms
[planner_server-4] [INFO] [1790933014.270459246] [planner_server]: Plan computed: 719 poses
[planner_server-4] [INFO] [1790933014.388717431] [planner_server]: Planning took 15 ms
[planner_server-4] [INFO] [1790933014.389068156] [planner_server]: Plan computed: 718 poses
[planner_server-4] [INFO] [1790933014.508503992] [planner_server]: Planning took 14 ms
[planner_server-4] [INFO] [1790933014.509286275] [planner_server]: Plan computed: 717 poses
[planner_server-4] [INFO] [1790933014.629918150] [planner_server]: Planning took 16 ms
[planner_server-4] [INFO] [1790933014.630589242] [planner_server]: Plan computed: 717 poses
[controller_node-5] [INFO] [1790933014.706308953] [controller_server]: Computed velocity commands: linear.x=1.05, linear.y=-0.11, angular.z=0.00
[controller_node-5] [WARN] [1790933014.743915628] [controller_server]: path_copy succeeded.
[planner_server-4] [INFO] [1790933014.761242943] [planner_server]: Planning took 17 ms
[planner_server-4] [INFO] [1790933014.761618225] [planner_server]: Plan computed: 716 poses
[planner_server-4] [INFO] [1790933014.888810113] [planner_server]: Planning took 15 ms
[planner_server-4] [INFO] [1790933014.889324689] [planner_server]: Plan computed: 716 poses
[planner_server-4] [INFO] [1790933015.008562358] [planner_server]: Planning took 15 ms
[planner_server-4] [INFO] [1790933015.009602068] [planner_server]: Plan computed: 716 poses
[planner_server-4] [INFO] [1790933015.128465182] [planner_server]: Planning took 14 ms
[planner_server-4] [INFO] [1790933015.129205545] [planner_server]: Plan computed: 715 poses
[planner_server-4] [INFO] [1790933015.248509294] [planner_server]: Planning took 14 ms
[planner_server-4] [INFO] [1790933015.249068624] [planner_server]: Plan computed: 714 poses
[planner_server-4] [INFO] [1790933015.369596452] [planner_server]: Planning took 15 ms
[planner_server-4] [INFO] [1790933015.370125084] [planner_server]: Plan computed: 713 poses
[planner_server-4] [INFO] [1790933015.491105638] [planner_server]: Planning took 16 ms
[planner_server-4] [INFO] [1790933015.491574216] [planner_server]: Plan computed: 712 poses
[planner_server-4] [INFO] [1790933015.611415376] [planner_server]: Planning took 15 ms
[planner_server-4] [INFO] [1790933015.611718420] [planner_server]: Plan computed: 711 poses
[planner_server-4] [INFO] [1790933015.738350458] [planner_server]: Planning took 15 ms
[planner_server-4] [INFO] [1790933015.738985061] [planner_server]: Plan computed: 709 poses
[planner_server-4] [INFO] [1790933015.857959925] [planner_server]: Planning took 14 ms
[planner_server-4] [INFO] [1790933015.858338873] [planner_server]: Plan computed: 708 poses
[planner_server-4] [INFO] [1790933015.978660962] [planner_server]: Planning took 14 ms
[planner_server-4] [INFO] [1790933015.979237315] [planner_server]: Plan computed: 707 poses
[planner_server-4] [INFO] [1790933016.098657761] [planner_server]: Planning took 15 ms
[planner_server-4] [INFO] [1790933016.099161125] [planner_server]: Plan computed: 706 poses
[planner_server-4] [INFO] [1790933016.218354234] [planner_server]: Planning took 14 ms
[planner_server-4] [INFO] [1790933016.218834534] [planner_server]: Plan computed: 703 poses
[planner_server-4] [INFO] [1790933016.338592247] [planner_server]: Planning took 15 ms
[planner_server-4] [INFO] [1790933016.339487714] [planner_server]: Plan computed: 703 poses
[planner_server-4] [INFO] [1790933016.460282801] [planner_server]: Planning took 16 ms
[planner_server-4] [INFO] [1790933016.460974151] [planner_server]: Plan computed: 700 poses
[planner_server-4] [INFO] [1790933016.579791730] [planner_server]: Planning took 15 ms
[planner_server-4] [INFO] [1790933016.580378542] [planner_server]: Plan computed: 698 poses
[planner_server-4] [INFO] [1790933016.701293114] [planner_server]: Planning took 16 ms
[planner_server-4] [INFO] [1790933016.701727417] [planner_server]: Plan computed: 696 poses
[controller_node-5] [INFO] [1790933016.725140026] [controller_server]: Computed velocity commands: linear.x=-0.27, linear.y=-0.29, angular.z=0.00
[controller_node-5] [WARN] [1790933016.744413601] [controller_server]: path_copy succeeded.
[planner_server-4] [INFO] [1790933016.820509548] [planner_server]: Planning took 16 ms
[planner_server-4] [INFO] [1790933016.821037469] [planner_server]: Plan computed: 695 poses
[planner_server-4] [INFO] [1790933016.938978103] [planner_server]: Planning took 14 ms
[planner_server-4] [INFO] [1790933016.939622805] [planner_server]: Plan computed: 694 poses
[planner_server-4] [INFO] [1790933017.059315741] [planner_server]: Planning took 14 ms
[planner_server-4] [INFO] [1790933017.060046956] [planner_server]: Plan computed: 693 poses
[planner_server-4] [INFO] [1790933017.177308348] [planner_server]: Planning took 14 ms
[planner_server-4] [INFO] [1790933017.177782697] [planner_server]: Plan computed: 691 poses
[planner_server-4] [INFO] [1790933017.297982306] [planner_server]: Planning took 14 ms
[planner_server-4] [INFO] [1790933017.298453900] [planner_server]: Plan computed: 690 poses
[planner_server-4] [INFO] [1790933017.417768062] [planner_server]: Planning took 14 ms
[planner_server-4] [INFO] [1790933017.418291774] [planner_server]: Plan computed: 689 poses
[planner_server-4] [INFO] [1790933017.538168487] [planner_server]: Planning took 14 ms
[planner_server-4] [INFO] [1790933017.539379136] [planner_server]: Plan computed: 688 poses
[planner_server-4] [INFO] [1790933017.659416057] [planner_server]: Planning took 15 ms
[planner_server-4] [INFO] [1790933017.659792240] [planner_server]: Plan computed: 687 poses
[planner_server-4] [INFO] [1790933017.778636642] [planner_server]: Planning took 14 ms
[planner_server-4] [INFO] [1790933017.779223413] [planner_server]: Plan computed: 687 poses
[planner_server-4] [INFO] [1790933017.897135719] [planner_server]: Planning took 14 ms
[planner_server-4] [INFO] [1790933017.897487365] [planner_server]: Plan computed: 685 poses
[planner_server-4] [INFO] [1790933018.018660526] [planner_server]: Planning took 15 ms
[planner_server-4] [INFO] [1790933018.018952729] [planner_server]: Plan computed: 685 poses
[planner_server-4] [INFO] [1790933018.138157796] [planner_server]: Planning took 14 ms
[planner_server-4] [INFO] [1790933018.138533658] [planner_server]: Plan computed: 684 poses
[planner_server-4] [INFO] [1790933018.259314180] [planner_server]: Planning took 14 ms
[planner_server-4] [INFO] [1790933018.259857920] [planner_server]: Plan computed: 683 poses
[planner_server-4] [INFO] [1790933018.379850258] [planner_server]: Planning took 14 ms
[planner_server-4] [INFO] [1790933018.380379541] [planner_server]: Plan computed: 682 poses
[planner_server-4] [INFO] [1790933018.499880239] [planner_server]: Planning took 14 ms
[planner_server-4] [INFO] [1790933018.500398801] [planner_server]: Plan computed: 681 poses
[planner_server-4] [INFO] [1790933018.621310512] [planner_server]: Planning took 14 ms
[planner_server-4] [INFO] [1790933018.621729095] [planner_server]: Plan computed: 680 poses
[controller_node-5] [INFO] [1790933018.726085539] [controller_server]: Computed velocity commands: linear.x=-0.57, linear.y=-1.02, angular.z=0.00
[planner_server-4] [INFO] [1790933018.739846155] [planner_server]: Planning took 15 ms
[planner_server-4] [INFO] [1790933018.740396979] [planner_server]: Plan computed: 679 poses
[controller_node-5] [WARN] [1790933018.764083340] [controller_server]: path_copy succeeded.
[planner_server-4] [INFO] [1790933018.860668496] [planner_server]: Planning took 15 ms
[planner_server-4] [INFO] [1790933018.861161310] [planner_server]: Plan computed: 678 poses
[planner_server-4] [INFO] [1790933018.979250077] [planner_server]: Planning took 14 ms
[planner_server-4] [INFO] [1790933018.979495582] [planner_server]: Plan computed: 676 poses
[planner_server-4] [INFO] [1790933019.099838512] [planner_server]: Planning took 15 ms
[planner_server-4] [INFO] [1790933019.100246565] [planner_server]: Plan computed: 674 poses
[planner_server-4] [INFO] [1790933019.217785758] [planner_server]: Planning took 14 ms
[planner_server-4] [INFO] [1790933019.218214590] [planner_server]: Plan computed: 673 poses
[planner_server-4] [INFO] [1790933019.338754127] [planner_server]: Planning took 15 ms
[planner_server-4] [INFO] [1790933019.339370705] [planner_server]: Plan computed: 671 poses
[planner_server-4] [INFO] [1790933019.457480915] [planner_server]: Planning took 14 ms
[planner_server-4] [INFO] [1790933019.457987365] [planner_server]: Plan computed: 669 poses
[planner_server-4] [INFO] [1790933019.577569503] [planner_server]: Planning took 14 ms
[planner_server-4] [INFO] [1790933019.578086783] [planner_server]: Plan computed: 667 poses
[planner_server-4] [INFO] [1790933019.697677412] [planner_server]: Planning took 14 ms
[planner_server-4] [INFO] [1790933019.697936022] [planner_server]: Plan computed: 665 poses
[planner_server-4] [INFO] [1790933019.819588187] [planner_server]: Planning took 14 ms
[planner_server-4] [INFO] [1790933019.820079758] [planner_server]: Plan computed: 665 poses
[planner_server-4] [INFO] [1790933019.938784229] [planner_server]: Planning took 14 ms
[planner_server-4] [INFO] [1790933019.939470559] [planner_server]: Plan computed: 664 poses
[planner_server-4] [INFO] [1790933020.059396280] [planner_server]: Planning took 14 ms
[planner_server-4] [INFO] [1790933020.059610846] [planner_server]: Plan computed: 662 poses
[planner_server-4] [INFO] [1790933020.179759245] [planner_server]: Planning took 15 ms
[planner_server-4] [INFO] [1790933020.180167979] [planner_server]: Plan computed: 660 poses
[planner_server-4] [INFO] [1790933020.302190938] [planner_server]: Planning took 15 ms
[planner_server-4] [INFO] [1790933020.302689853] [planner_server]: Plan computed: 658 poses
[planner_server-4] [INFO] [1790933020.428549519] [planner_server]: Planning took 14 ms
[planner_server-4] [INFO] [1790933020.429055307] [planner_server]: Plan computed: 656 poses
[planner_server-4] [INFO] [1790933020.548220021] [planner_server]: Planning took 14 ms
[planner_server-4] [INFO] [1790933020.548516643] [planner_server]: Plan computed: 654 poses
[planner_server-4] [INFO] [1790933020.667840244] [planner_server]: Planning took 14 ms
[planner_server-4] [INFO] [1790933020.668398011] [planner_server]: Plan computed: 653 poses
[controller_node-5] [INFO] [1790933020.745511710] [controller_server]: Computed velocity commands: linear.x=-0.73, linear.y=0.30, angular.z=0.00
[controller_node-5] [WARN] [1790933020.764122101] [controller_server]: path_copy succeeded.
[planner_server-4] [INFO] [1790933020.789157662] [planner_server]: Planning took 14 ms
[planner_server-4] [INFO] [1790933020.789951736] [planner_server]: Plan computed: 652 poses
[planner_server-4] [INFO] [1790933020.907470153] [planner_server]: Planning took 14 ms
[planner_server-4] [INFO] [1790933020.908210455] [planner_server]: Plan computed: 650 poses
[planner_server-4] [INFO] [1790933021.028259389] [planner_server]: Planning took 14 ms
[planner_server-4] [INFO] [1790933021.028776238] [planner_server]: Plan computed: 649 poses
[planner_server-4] [INFO] [1790933021.147664060] [planner_server]: Planning took 13 ms
[planner_server-4] [INFO] [1790933021.148195858] [planner_server]: Plan computed: 647 poses
[planner_server-4] [INFO] [1790933021.270728182] [planner_server]: Planning took 16 ms
[planner_server-4] [INFO] [1790933021.271317749] [planner_server]: Plan computed: 645 poses
[planner_server-4] [INFO] [1790933021.391413395] [planner_server]: Planning took 15 ms
[planner_server-4] [INFO] [1790933021.391760462] [planner_server]: Plan computed: 644 poses
[planner_server-4] [INFO] [1790933021.517993902] [planner_server]: Planning took 15 ms
[planner_server-4] [INFO] [1790933021.518299141] [planner_server]: Plan computed: 642 poses
[planner_server-4] [INFO] [1790933021.638528925] [planner_server]: Planning took 14 ms
[planner_server-4] [INFO] [1790933021.639071102] [planner_server]: Plan computed: 641 poses
[planner_server-4] [INFO] [1790933021.758621148] [planner_server]: Planning took 15 ms
[planner_server-4] [INFO] [1790933021.759095286] [planner_server]: Plan computed: 640 poses
[planner_server-4] [INFO] [1790933021.877276010] [planner_server]: Planning took 14 ms
[planner_server-4] [INFO] [1790933021.877702598] [planner_server]: Plan computed: 639 poses
[planner_server-4] [INFO] [1790933021.996587645] [planner_server]: Planning took 13 ms
[planner_server-4] [INFO] [1790933021.996913351] [planner_server]: Plan computed: 638 poses
[planner_server-4] [INFO] [1790933022.117395347] [planner_server]: Planning took 14 ms
[planner_server-4] [INFO] [1790933022.117883471] [planner_server]: Plan computed: 637 poses
[planner_server-4] [INFO] [1790933022.239452434] [planner_server]: Planning took 14 ms
[planner_server-4] [INFO] [1790933022.239784823] [planner_server]: Plan computed: 637 poses
[planner_server-4] [INFO] [1790933022.359433610] [planner_server]: Planning took 14 ms
[planner_server-4] [INFO] [1790933022.359918488] [planner_server]: Plan computed: 636 poses
[planner_server-4] [INFO] [1790933022.478115845] [planner_server]: Planning took 14 ms
[planner_server-4] [INFO] [1790933022.478444207] [planner_server]: Plan computed: 636 poses
[planner_server-4] [INFO] [1790933022.597751357] [planner_server]: Planning took 14 ms
[planner_server-4] [INFO] [1790933022.598247556] [planner_server]: Plan computed: 636 poses
[planner_server-4] [INFO] [1790933022.727904766] [planner_server]: Planning took 14 ms
[planner_server-4] [INFO] [1790933022.728488040] [planner_server]: Plan computed: 636 poses
[controller_node-5] [INFO] [1790933022.745760729] [controller_server]: Computed velocity commands: linear.x=0.57, linear.y=0.30, angular.z=0.00
[controller_node-5] [WARN] [1790933022.764349390] [controller_server]: path_copy succeeded.
[planner_server-4] [INFO] [1790933022.848710132] [planner_server]: Planning took 15 ms
[planner_server-4] [INFO] [1790933022.849649702] [planner_server]: Plan computed: 635 poses
[planner_server-4] [INFO] [1790933022.969697093] [planner_server]: Planning took 16 ms
[planner_server-4] [INFO] [1790933022.970417407] [planner_server]: Plan computed: 634 poses
[planner_server-4] [INFO] [1790933023.087605583] [planner_server]: Planning took 13 ms
[planner_server-4] [INFO] [1790933023.087933033] [planner_server]: Plan computed: 633 poses
[planner_server-4] [INFO] [1790933023.206574675] [planner_server]: Planning took 13 ms
[planner_server-4] [INFO] [1790933023.206772870] [planner_server]: Plan computed: 633 poses
[planner_server-4] [INFO] [1790933023.330557861] [planner_server]: Planning took 15 ms
[planner_server-4] [INFO] [1790933023.330893176] [planner_server]: Plan computed: 631 poses
[planner_server-4] [INFO] [1790933023.448759880] [planner_server]: Planning took 14 ms
[planner_server-4] [INFO] [1790933023.449092650] [planner_server]: Plan computed: 631 poses
[planner_server-4] [INFO] [1790933023.567449863] [planner_server]: Planning took 14 ms
[planner_server-4] [INFO] [1790933023.567793724] [planner_server]: Plan computed: 630 poses
[planner_server-4] [INFO] [1790933023.689091926] [planner_server]: Planning took 15 ms
[planner_server-4] [INFO] [1790933023.689423394] [planner_server]: Plan computed: 628 poses
[planner_server-4] [INFO] [1790933023.807248409] [planner_server]: Planning took 13 ms
[planner_server-4] [INFO] [1790933023.807572784] [planner_server]: Plan computed: 628 poses
[planner_server-4] [INFO] [1790933023.928331314] [planner_server]: Planning took 13 ms
[planner_server-4] [INFO] [1790933023.928661789] [planner_server]: Plan computed: 627 poses
[planner_server-4] [INFO] [1790933024.046381876] [planner_server]: Planning took 13 ms
[planner_server-4] [INFO] [1790933024.046739503] [planner_server]: Plan computed: 626 poses
[planner_server-4] [INFO] [1790933024.167296063] [planner_server]: Planning took 13 ms
[planner_server-4] [INFO] [1790933024.167671263] [planner_server]: Plan computed: 624 poses
[planner_server-4] [INFO] [1790933024.287286642] [planner_server]: Planning took 13 ms
[planner_server-4] [INFO] [1790933024.287914109] [planner_server]: Plan computed: 623 poses
[planner_server-4] [INFO] [1790933024.407192169] [planner_server]: Planning took 13 ms
[planner_server-4] [INFO] [1790933024.407689380] [planner_server]: Plan computed: 621 poses
[planner_server-4] [INFO] [1790933024.528325461] [planner_server]: Planning took 13 ms
[planner_server-4] [INFO] [1790933024.528825568] [planner_server]: Plan computed: 620 poses
[planner_server-4] [INFO] [1790933024.647458035] [planner_server]: Planning took 13 ms
[planner_server-4] [INFO] [1790933024.647793299] [planner_server]: Plan computed: 619 poses
[controller_node-5] [WARN] [1790933024.766144554] [controller_server]: path_copy succeeded.
[controller_node-5] [INFO] [1790933024.767702443] [controller_server]: Computed velocity commands: linear.x=0.22, linear.y=-0.31, angular.z=0.00
[planner_server-4] [INFO] [1790933024.776644913] [planner_server]: Planning took 20 ms
[planner_server-4] [INFO] [1790933024.777146563] [planner_server]: Plan computed: 618 poses
[planner_server-4] [INFO] [1790933024.898768520] [planner_server]: Planning took 14 ms
[planner_server-4] [INFO] [1790933024.899229653] [planner_server]: Plan computed: 617 poses
[planner_server-4] [INFO] [1790933025.018182691] [planner_server]: Planning took 14 ms
[planner_server-4] [INFO] [1790933025.018544816] [planner_server]: Plan computed: 616 poses
[planner_server-4] [INFO] [1790933025.137488809] [planner_server]: Planning took 14 ms
[planner_server-4] [INFO] [1790933025.137749943] [planner_server]: Plan computed: 615 poses
[planner_server-4] [INFO] [1790933025.259272044] [planner_server]: Planning took 15 ms
[planner_server-4] [INFO] [1790933025.260445706] [planner_server]: Plan computed: 614 poses
[planner_server-4] [INFO] [1790933025.382265559] [planner_server]: Planning took 15 ms
[planner_server-4] [INFO] [1790933025.382831090] [planner_server]: Plan computed: 613 poses
[planner_server-4] [INFO] [1790933025.506805211] [planner_server]: Planning took 13 ms
[planner_server-4] [INFO] [1790933025.507475420] [planner_server]: Plan computed: 613 poses
[planner_server-4] [INFO] [1790933025.627776927] [planner_server]: Planning took 14 ms
[planner_server-4] [INFO] [1790933025.628432458] [planner_server]: Plan computed: 611 poses
[planner_server-4] [INFO] [1790933025.749528523] [planner_server]: Planning took 15 ms
[planner_server-4] [INFO] [1790933025.749956243] [planner_server]: Plan computed: 611 poses
[planner_server-4] [INFO] [1790933025.866760110] [planner_server]: Planning took 13 ms
[planner_server-4] [INFO] [1790933025.867509760] [planner_server]: Plan computed: 610 poses
[planner_server-4] [INFO] [1790933025.987335705] [planner_server]: Planning took 13 ms
[planner_server-4] [INFO] [1790933025.987628429] [planner_server]: Plan computed: 609 poses
[planner_server-4] [INFO] [1790933026.106279766] [planner_server]: Planning took 13 ms
[planner_server-4] [INFO] [1790933026.106715781] [planner_server]: Plan computed: 608 poses
[planner_server-4] [INFO] [1790933026.227198602] [planner_server]: Planning took 13 ms
[planner_server-4] [INFO] [1790933026.227495353] [planner_server]: Plan computed: 608 poses
[planner_server-4] [INFO] [1790933026.346900464] [planner_server]: Planning took 13 ms
[planner_server-4] [INFO] [1790933026.347226531] [planner_server]: Plan computed: 606 poses
[planner_server-4] [INFO] [1790933026.468588039] [planner_server]: Planning took 15 ms
[planner_server-4] [INFO] [1790933026.469105258] [planner_server]: Plan computed: 605 poses
[planner_server-4] [INFO] [1790933026.588142208] [planner_server]: Planning took 14 ms
[planner_server-4] [INFO] [1790933026.588572813] [planner_server]: Plan computed: 603 poses
[planner_server-4] [INFO] [1790933026.707819959] [planner_server]: Planning took 14 ms
[planner_server-4] [INFO] [1790933026.708502792] [planner_server]: Plan computed: 603 poses
[controller_node-5] [WARN] [1790933026.784020438] [controller_server]: path_copy succeeded.
[controller_node-5] [INFO] [1790933026.785383648] [controller_server]: Computed velocity commands: linear.x=0.34, linear.y=-0.54, angular.z=0.00
[planner_server-4] [INFO] [1790933026.827200907] [planner_server]: Planning took 13 ms
[planner_server-4] [INFO] [1790933026.827444137] [planner_server]: Plan computed: 601 poses
[planner_server-4] [INFO] [1790933026.946736792] [planner_server]: Planning took 13 ms
[planner_server-4] [INFO] [1790933026.947081835] [planner_server]: Plan computed: 600 poses
[planner_server-4] [INFO] [1790933027.070341951] [planner_server]: Planning took 13 ms
[planner_server-4] [INFO] [1790933027.070639935] [planner_server]: Plan computed: 600 poses
[planner_server-4] [INFO] [1790933027.189970503] [planner_server]: Planning took 16 ms
[planner_server-4] [INFO] [1790933027.190298654] [planner_server]: Plan computed: 600 poses
[planner_server-4] [INFO] [1790933027.307497678] [planner_server]: Planning took 14 ms
[planner_server-4] [INFO] [1790933027.308028031] [planner_server]: Plan computed: 599 poses
[planner_server-4] [INFO] [1790933027.427136308] [planner_server]: Planning took 13 ms
[planner_server-4] [INFO] [1790933027.427523401] [planner_server]: Plan computed: 597 poses
[planner_server-4] [INFO] [1790933027.548144017] [planner_server]: Planning took 14 ms
[planner_server-4] [INFO] [1790933027.548505942] [planner_server]: Plan computed: 596 poses
[planner_server-4] [INFO] [1790933027.667317390] [planner_server]: Planning took 13 ms
[planner_server-4] [INFO] [1790933027.667606266] [planner_server]: Plan computed: 595 poses
[planner_server-4] [INFO] [1790933027.786433751] [planner_server]: Planning took 13 ms
[planner_server-4] [INFO] [1790933027.786868264] [planner_server]: Plan computed: 594 poses
[planner_server-4] [INFO] [1790933027.906345689] [planner_server]: Planning took 12 ms
[planner_server-4] [INFO] [1790933027.906879449] [planner_server]: Plan computed: 593 poses
[planner_server-4] [INFO] [1790933028.026502555] [planner_server]: Planning took 13 ms
[planner_server-4] [INFO] [1790933028.026962675] [planner_server]: Plan computed: 592 poses
[planner_server-4] [INFO] [1790933028.146157338] [planner_server]: Planning took 13 ms
[planner_server-4] [INFO] [1790933028.146584476] [planner_server]: Plan computed: 591 poses
[planner_server-4] [INFO] [1790933028.266003966] [planner_server]: Planning took 12 ms
[planner_server-4] [INFO] [1790933028.266545941] [planner_server]: Plan computed: 589 poses
[planner_server-4] [INFO] [1790933028.388283256] [planner_server]: Planning took 14 ms
[planner_server-4] [INFO] [1790933028.389088289] [planner_server]: Plan computed: 589 poses
[planner_server-4] [INFO] [1790933028.509335264] [planner_server]: Planning took 15 ms
[planner_server-4] [INFO] [1790933028.509702910] [planner_server]: Plan computed: 588 poses
[planner_server-4] [INFO] [1790933028.627153011] [planner_server]: Planning took 14 ms
[planner_server-4] [INFO] [1790933028.628844252] [planner_server]: Plan computed: 587 poses
[planner_server-4] [INFO] [1790933028.746577059] [planner_server]: Planning took 13 ms
[planner_server-4] [INFO] [1790933028.747097364] [planner_server]: Plan computed: 586 poses
[controller_node-5] [INFO] [1790933028.785903645] [controller_server]: Computed velocity commands: linear.x=0.32, linear.y=-0.56, angular.z=0.00
[controller_node-5] [WARN] [1790933028.805465244] [controller_server]: path_copy succeeded.
[planner_server-4] [INFO] [1790933028.869225598] [planner_server]: Planning took 14 ms
[planner_server-4] [INFO] [1790933028.869594617] [planner_server]: Plan computed: 585 poses
[planner_server-4] [INFO] [1790933028.989024254] [planner_server]: Planning took 13 ms
[planner_server-4] [INFO] [1790933028.989328069] [planner_server]: Plan computed: 584 poses
[planner_server-4] [INFO] [1790933029.106785362] [planner_server]: Planning took 13 ms
[planner_server-4] [INFO] [1790933029.107318801] [planner_server]: Plan computed: 583 poses
[planner_server-4] [INFO] [1790933029.226636860] [planner_server]: Planning took 13 ms
[planner_server-4] [INFO] [1790933029.227270068] [planner_server]: Plan computed: 583 poses
[planner_server-4] [INFO] [1790933029.347211058] [planner_server]: Planning took 13 ms
[planner_server-4] [INFO] [1790933029.347558144] [planner_server]: Plan computed: 582 poses
[planner_server-4] [INFO] [1790933029.470228657] [planner_server]: Planning took 16 ms
[planner_server-4] [INFO] [1790933029.470867235] [planner_server]: Plan computed: 581 poses
[planner_server-4] [INFO] [1790933029.586621873] [planner_server]: Planning took 13 ms
[planner_server-4] [INFO] [1790933029.587666870] [planner_server]: Plan computed: 581 poses
[planner_server-4] [INFO] [1790933029.708359942] [planner_server]: Planning took 15 ms
[planner_server-4] [INFO] [1790933029.708875277] [planner_server]: Plan computed: 579 poses
[planner_server-4] [INFO] [1790933029.826604055] [planner_server]: Planning took 13 ms
[planner_server-4] [INFO] [1790933029.826880838] [planner_server]: Plan computed: 579 poses
[planner_server-4] [INFO] [1790933029.948225017] [planner_server]: Planning took 13 ms
[planner_server-4] [INFO] [1790933029.948509155] [planner_server]: Plan computed: 577 poses
[planner_server-4] [INFO] [1790933030.069470719] [planner_server]: Planning took 13 ms
[planner_server-4] [INFO] [1790933030.069886485] [planner_server]: Plan computed: 576 poses
[planner_server-4] [INFO] [1790933030.187878029] [planner_server]: Planning took 14 ms
[planner_server-4] [INFO] [1790933030.188242439] [planner_server]: Plan computed: 575 poses
[planner_server-4] [INFO] [1790933030.306728488] [planner_server]: Planning took 13 ms
[planner_server-4] [INFO] [1790933030.307278308] [planner_server]: Plan computed: 573 poses
[planner_server-4] [INFO] [1790933030.426236269] [planner_server]: Planning took 12 ms
[planner_server-4] [INFO] [1790933030.426710507] [planner_server]: Plan computed: 572 poses
[planner_server-4] [INFO] [1790933030.546310484] [planner_server]: Planning took 13 ms
[planner_server-4] [INFO] [1790933030.546699830] [planner_server]: Plan computed: 571 poses
[planner_server-4] [INFO] [1790933030.668136572] [planner_server]: Planning took 14 ms
[planner_server-4] [INFO] [1790933030.668522662] [planner_server]: Plan computed: 571 poses
[planner_server-4] [INFO] [1790933030.786738120] [planner_server]: Planning took 13 ms
[planner_server-4] [INFO] [1790933030.787341982] [planner_server]: Plan computed: 570 poses
[controller_node-5] [INFO] [1790933030.806096634] [controller_server]: Computed velocity commands: linear.x=-0.49, linear.y=-0.36, angular.z=0.00
[controller_node-5] [WARN] [1790933030.825077723] [controller_server]: path_copy succeeded.
[planner_server-4] [INFO] [1790933030.905467098] [planner_server]: Planning took 12 ms
[planner_server-4] [INFO] [1790933030.906062705] [planner_server]: Plan computed: 569 poses
[planner_server-4] [INFO] [1790933031.027911728] [planner_server]: Planning took 14 ms
[planner_server-4] [INFO] [1790933031.028390534] [planner_server]: Plan computed: 567 poses
[planner_server-4] [INFO] [1790933031.147029799] [planner_server]: Planning took 12 ms
[planner_server-4] [INFO] [1790933031.147289279] [planner_server]: Plan computed: 566 poses
[planner_server-4] [INFO] [1790933031.267549859] [planner_server]: Planning took 13 ms
[planner_server-4] [INFO] [1790933031.268162167] [planner_server]: Plan computed: 564 poses
[planner_server-4] [INFO] [1790933031.386565343] [planner_server]: Planning took 13 ms
[planner_server-4] [INFO] [1790933031.387121545] [planner_server]: Plan computed: 562 poses
[planner_server-4] [INFO] [1790933031.506843246] [planner_server]: Planning took 13 ms
[planner_server-4] [INFO] [1790933031.507180083] [planner_server]: Plan computed: 561 poses
[planner_server-4] [INFO] [1790933031.629674007] [planner_server]: Planning took 13 ms
[planner_server-4] [INFO] [1790933031.630633091] [planner_server]: Plan computed: 560 poses
[planner_server-4] [INFO] [1790933031.748478933] [planner_server]: Planning took 13 ms
[planner_server-4] [INFO] [1790933031.748922772] [planner_server]: Plan computed: 558 poses
[planner_server-4] [INFO] [1790933031.870518077] [planner_server]: Planning took 14 ms
[planner_server-4] [INFO] [1790933031.870996652] [planner_server]: Plan computed: 558 poses
[planner_server-4] [INFO] [1790933031.989153873] [planner_server]: Planning took 12 ms
[planner_server-4] [INFO] [1790933031.989639071] [planner_server]: Plan computed: 557 poses
[planner_server-4] [INFO] [1790933032.105540752] [planner_server]: Planning took 12 ms
[planner_server-4] [INFO] [1790933032.106111922] [planner_server]: Plan computed: 555 poses
[planner_server-4] [INFO] [1790933032.227691510] [planner_server]: Planning took 13 ms
[planner_server-4] [INFO] [1790933032.228188470] [planner_server]: Plan computed: 554 poses
[planner_server-4] [INFO] [1790933032.346726324] [planner_server]: Planning took 13 ms
[planner_server-4] [INFO] [1790933032.347323854] [planner_server]: Plan computed: 553 poses
[planner_server-4] [INFO] [1790933032.466721996] [planner_server]: Planning took 13 ms
[planner_server-4] [INFO] [1790933032.467396582] [planner_server]: Plan computed: 551 poses
[planner_server-4] [INFO] [1790933032.586424783] [planner_server]: Planning took 13 ms
[planner_server-4] [INFO] [1790933032.587536996] [planner_server]: Plan computed: 551 poses
[planner_server-4] [INFO] [1790933032.705422377] [planner_server]: Planning took 12 ms
[planner_server-4] [INFO] [1790933032.705717566] [planner_server]: Plan computed: 550 poses
[controller_node-5] [WARN] [1790933032.825173176] [controller_server]: path_copy succeeded.
[controller_node-5] [INFO] [1790933032.826420375] [controller_server]: Computed velocity commands: linear.x=-0.73, linear.y=0.18, angular.z=0.00
[planner_server-4] [INFO] [1790933032.826476100] [planner_server]: Planning took 12 ms
[planner_server-4] [INFO] [1790933032.826806014] [planner_server]: Plan computed: 549 poses
[planner_server-4] [INFO] [1790933032.946330024] [planner_server]: Planning took 12 ms
[planner_server-4] [INFO] [1790933032.946661711] [planner_server]: Plan computed: 548 poses
[planner_server-4] [INFO] [1790933033.068219051] [planner_server]: Planning took 13 ms
[planner_server-4] [INFO] [1790933033.068527505] [planner_server]: Plan computed: 546 poses
[planner_server-4] [INFO] [1790933033.185516343] [planner_server]: Planning took 12 ms
[planner_server-4] [INFO] [1790933033.185969260] [planner_server]: Plan computed: 545 poses
[planner_server-4] [INFO] [1790933033.305825271] [planner_server]: Planning took 11 ms
[planner_server-4] [INFO] [1790933033.306329635] [planner_server]: Plan computed: 544 poses
[planner_server-4] [INFO] [1790933033.425056420] [planner_server]: Planning took 11 ms
[planner_server-4] [INFO] [1790933033.425537670] [planner_server]: Plan computed: 543 poses
[planner_server-4] [INFO] [1790933033.544687211] [planner_server]: Planning took 11 ms
[planner_server-4] [INFO] [1790933033.545659550] [planner_server]: Plan computed: 541 poses
[planner_server-4] [INFO] [1790933033.666399277] [planner_server]: Planning took 13 ms
[planner_server-4] [INFO] [1790933033.666858906] [planner_server]: Plan computed: 540 poses
[planner_server-4] [INFO] [1790933033.785548111] [planner_server]: Planning took 12 ms
[planner_server-4] [INFO] [1790933033.785854570] [planner_server]: Plan computed: 539 poses
[planner_server-4] [INFO] [1790933033.905906722] [planner_server]: Planning took 12 ms
[planner_server-4] [INFO] [1790933033.906250993] [planner_server]: Plan computed: 537 poses
[planner_server-4] [INFO] [1790933034.025116886] [planner_server]: Planning took 11 ms
[planner_server-4] [INFO] [1790933034.025534235] [planner_server]: Plan computed: 536 poses
[planner_server-4] [INFO] [1790933034.145366815] [planner_server]: Planning took 12 ms
[planner_server-4] [INFO] [1790933034.145732347] [planner_server]: Plan computed: 535 poses
[planner_server-4] [INFO] [1790933034.265401548] [planner_server]: Planning took 11 ms
[planner_server-4] [INFO] [1790933034.265821262] [planner_server]: Plan computed: 534 poses
[planner_server-4] [INFO] [1790933034.385283582] [planner_server]: Planning took 11 ms
[planner_server-4] [INFO] [1790933034.385603507] [planner_server]: Plan computed: 533 poses
[planner_server-4] [INFO] [1790933034.505119609] [planner_server]: Planning took 11 ms
[planner_server-4] [INFO] [1790933034.505421840] [planner_server]: Plan computed: 533 poses
[planner_server-4] [INFO] [1790933034.624735730] [planner_server]: Planning took 11 ms
[planner_server-4] [INFO] [1790933034.625242829] [planner_server]: Plan computed: 531 poses
[planner_server-4] [INFO] [1790933034.746019504] [planner_server]: Planning took 12 ms
[planner_server-4] [INFO] [1790933034.746338087] [planner_server]: Plan computed: 530 poses
[controller_node-5] [WARN] [1790933034.843785638] [controller_server]: path_copy succeeded.
[controller_node-5] [INFO] [1790933034.845227644] [controller_server]: Computed velocity commands: linear.x=-0.82, linear.y=0.27, angular.z=0.00
[planner_server-4] [INFO] [1790933034.865075226] [planner_server]: Planning took 11 ms
[planner_server-4] [INFO] [1790933034.865301333] [planner_server]: Plan computed: 529 poses
[planner_server-4] [INFO] [1790933034.988336690] [planner_server]: Planning took 13 ms
[planner_server-4] [INFO] [1790933034.989478810] [planner_server]: Plan computed: 528 poses
[planner_server-4] [INFO] [1790933035.106182540] [planner_server]: Planning took 12 ms
[planner_server-4] [INFO] [1790933035.106453232] [planner_server]: Plan computed: 526 poses
[planner_server-4] [INFO] [1790933035.226270738] [planner_server]: Planning took 11 ms
[planner_server-4] [INFO] [1790933035.226616382] [planner_server]: Plan computed: 524 poses
[planner_server-4] [INFO] [1790933035.346387319] [planner_server]: Planning took 11 ms
[planner_server-4] [INFO] [1790933035.346818374] [planner_server]: Plan computed: 524 poses
[planner_server-4] [INFO] [1790933035.472619533] [planner_server]: Planning took 11 ms
[planner_server-4] [INFO] [1790933035.473159223] [planner_server]: Plan computed: 523 poses
[planner_server-4] [INFO] [1790933035.596230891] [planner_server]: Planning took 12 ms
[planner_server-4] [INFO] [1790933035.596581805] [planner_server]: Plan computed: 521 poses
[planner_server-4] [INFO] [1790933035.714653078] [planner_server]: Planning took 11 ms
[planner_server-4] [INFO] [1790933035.715092359] [planner_server]: Plan computed: 520 poses
[planner_server-4] [INFO] [1790933035.835551062] [planner_server]: Planning took 11 ms
[planner_server-4] [INFO] [1790933035.835861960] [planner_server]: Plan computed: 519 poses
[planner_server-4] [INFO] [1790933035.957233789] [planner_server]: Planning took 11 ms
[planner_server-4] [INFO] [1790933035.957627614] [planner_server]: Plan computed: 518 poses
[planner_server-4] [INFO] [1790933036.074650399] [planner_server]: Planning took 11 ms
[planner_server-4] [INFO] [1790933036.074884030] [planner_server]: Plan computed: 516 poses
[planner_server-4] [INFO] [1790933036.196541318] [planner_server]: Planning took 12 ms
[planner_server-4] [INFO] [1790933036.196980327] [planner_server]: Plan computed: 514 poses
[planner_server-4] [INFO] [1790933036.317365698] [planner_server]: Planning took 12 ms
[planner_server-4] [INFO] [1790933036.317621201] [planner_server]: Plan computed: 512 poses
[planner_server-4] [INFO] [1790933036.436252565] [planner_server]: Planning took 11 ms
[planner_server-4] [INFO] [1790933036.436556960] [planner_server]: Plan computed: 508 poses
[planner_server-4] [INFO] [1790933036.556073255] [planner_server]: Planning took 11 ms
[planner_server-4] [INFO] [1790933036.556364656] [planner_server]: Plan computed: 507 poses
[planner_server-4] [INFO] [1790933036.676687766] [planner_server]: Planning took 11 ms
[planner_server-4] [INFO] [1790933036.677325231] [planner_server]: Plan computed: 505 poses
[planner_server-4] [INFO] [1790933036.795528934] [planner_server]: Planning took 11 ms
[planner_server-4] [INFO] [1790933036.795924051] [planner_server]: Plan computed: 503 poses
[controller_node-5] [WARN] [1790933036.844529592] [controller_server]: path_copy succeeded.
[controller_node-5] [INFO] [1790933036.846449902] [controller_server]: Computed velocity commands: linear.x=0.10, linear.y=0.79, angular.z=0.00
[planner_server-4] [INFO] [1790933036.914645739] [planner_server]: Planning took 11 ms
[planner_server-4] [INFO] [1790933036.914961917] [planner_server]: Plan computed: 501 poses
[planner_server-4] [INFO] [1790933037.034047700] [planner_server]: Planning took 11 ms
[planner_server-4] [INFO] [1790933037.034630232] [planner_server]: Plan computed: 499 poses
[planner_server-4] [INFO] [1790933037.154962513] [planner_server]: Planning took 11 ms
[planner_server-4] [INFO] [1790933037.155299390] [planner_server]: Plan computed: 497 poses
[planner_server-4] [INFO] [1790933037.274712085] [planner_server]: Planning took 11 ms
[planner_server-4] [INFO] [1790933037.275226127] [planner_server]: Plan computed: 494 poses
[planner_server-4] [INFO] [1790933037.395613219] [planner_server]: Planning took 12 ms
[planner_server-4] [INFO] [1790933037.396096723] [planner_server]: Plan computed: 494 poses
[planner_server-4] [INFO] [1790933037.514503008] [planner_server]: Planning took 11 ms
[planner_server-4] [INFO] [1790933037.515434589] [planner_server]: Plan computed: 492 poses
[planner_server-4] [INFO] [1790933037.634861684] [planner_server]: Planning took 11 ms
[planner_server-4] [INFO] [1790933037.635673979] [planner_server]: Plan computed: 491 poses
[planner_server-4] [INFO] [1790933037.754671212] [planner_server]: Planning took 11 ms
[planner_server-4] [INFO] [1790933037.754972181] [planner_server]: Plan computed: 489 poses
[planner_server-4] [INFO] [1790933037.875174071] [planner_server]: Planning took 11 ms
[planner_server-4] [INFO] [1790933037.875495278] [planner_server]: Plan computed: 488 poses
[planner_server-4] [INFO] [1790933037.995181904] [planner_server]: Planning took 11 ms
[planner_server-4] [INFO] [1790933037.995449890] [planner_server]: Plan computed: 488 poses
[planner_server-4] [INFO] [1790933038.115600478] [planner_server]: Planning took 11 ms
[planner_server-4] [INFO] [1790933038.115922597] [planner_server]: Plan computed: 488 poses
[planner_server-4] [INFO] [1790933038.236937301] [planner_server]: Planning took 11 ms
[planner_server-4] [INFO] [1790933038.237293424] [planner_server]: Plan computed: 488 poses
[planner_server-4] [INFO] [1790933038.354702955] [planner_server]: Planning took 11 ms
[planner_server-4] [INFO] [1790933038.355003473] [planner_server]: Plan computed: 487 poses
[planner_server-4] [INFO] [1790933038.477682539] [planner_server]: Planning took 11 ms
[planner_server-4] [INFO] [1790933038.478129123] [planner_server]: Plan computed: 487 poses
[planner_server-4] [INFO] [1790933038.594340695] [planner_server]: Planning took 10 ms
[planner_server-4] [INFO] [1790933038.594725792] [planner_server]: Plan computed: 486 poses
[planner_server-4] [INFO] [1790933038.714310574] [planner_server]: Planning took 11 ms
[planner_server-4] [INFO] [1790933038.714890701] [planner_server]: Plan computed: 485 poses
[planner_server-4] [INFO] [1790933038.834613354] [planner_server]: Planning took 11 ms
[planner_server-4] [INFO] [1790933038.835131433] [planner_server]: Plan computed: 484 poses
[controller_node-5] [WARN] [1790933038.864161693] [controller_server]: path_copy succeeded.
[controller_node-5] [INFO] [1790933038.865495484] [controller_server]: Computed velocity commands: linear.x=0.45, linear.y=-0.49, angular.z=0.00
[planner_server-4] [INFO] [1790933038.953557590] [planner_server]: Planning took 10 ms
[planner_server-4] [INFO] [1790933038.954444722] [planner_server]: Plan computed: 483 poses
[planner_server-4] [INFO] [1790933039.074466244] [planner_server]: Planning took 11 ms
[planner_server-4] [INFO] [1790933039.074765389] [planner_server]: Plan computed: 482 poses
[planner_server-4] [INFO] [1790933039.194741578] [planner_server]: Planning took 11 ms
[planner_server-4] [INFO] [1790933039.195329378] [planner_server]: Plan computed: 480 poses
[planner_server-4] [INFO] [1790933039.315493117] [planner_server]: Planning took 11 ms
[planner_server-4] [INFO] [1790933039.316012749] [planner_server]: Plan computed: 479 poses
[planner_server-4] [INFO] [1790933039.434319084] [planner_server]: Planning took 11 ms
[planner_server-4] [INFO] [1790933039.434695796] [planner_server]: Plan computed: 479 poses
[planner_server-4] [INFO] [1790933039.554595903] [planner_server]: Planning took 11 ms
[planner_server-4] [INFO] [1790933039.555267933] [planner_server]: Plan computed: 478 poses
[planner_server-4] [INFO] [1790933039.677167369] [planner_server]: Planning took 12 ms
[planner_server-4] [INFO] [1790933039.677612029] [planner_server]: Plan computed: 478 poses
[planner_server-4] [INFO] [1790933039.794068659] [planner_server]: Planning took 10 ms
[planner_server-4] [INFO] [1790933039.794335162] [planner_server]: Plan computed: 478 poses
[planner_server-4] [INFO] [1790933039.914496814] [planner_server]: Planning took 11 ms
[planner_server-4] [INFO] [1790933039.914821036] [planner_server]: Plan computed: 477 poses
[planner_server-4] [INFO] [1790933040.033946352] [planner_server]: Planning took 10 ms
[planner_server-4] [INFO] [1790933040.034280273] [planner_server]: Plan computed: 477 poses
[planner_server-4] [INFO] [1790933040.155660271] [planner_server]: Planning took 11 ms
[planner_server-4] [INFO] [1790933040.156263741] [planner_server]: Plan computed: 476 poses
[planner_server-4] [INFO] [1790933040.276649740] [planner_server]: Planning took 12 ms
[planner_server-4] [INFO] [1790933040.276997297] [planner_server]: Plan computed: 475 poses
[planner_server-4] [INFO] [1790933040.395225690] [planner_server]: Planning took 10 ms
[planner_server-4] [INFO] [1790933040.395563889] [planner_server]: Plan computed: 474 poses
[planner_server-4] [INFO] [1790933040.514444219] [planner_server]: Planning took 10 ms
[planner_server-4] [INFO] [1790933040.514757230] [planner_server]: Plan computed: 473 poses
[planner_server-4] [INFO] [1790933040.634684949] [planner_server]: Planning took 11 ms
[planner_server-4] [INFO] [1790933040.634949449] [planner_server]: Plan computed: 472 poses
[planner_server-4] [INFO] [1790933040.759108776] [planner_server]: Planning took 12 ms
[planner_server-4] [INFO] [1790933040.759380740] [planner_server]: Plan computed: 470 poses
[controller_node-5] [WARN] [1790933040.864806081] [controller_server]: path_copy succeeded.
[controller_node-5] [INFO] [1790933040.866190808] [controller_server]: Computed velocity commands: linear.x=-0.96, linear.y=-0.29, angular.z=0.00
[planner_server-4] [INFO] [1790933040.876456327] [planner_server]: Planning took 11 ms
[planner_server-4] [INFO] [1790933040.876779157] [planner_server]: Plan computed: 469 poses
[planner_server-4] [INFO] [1790933040.994433094] [planner_server]: Planning took 10 ms
[planner_server-4] [INFO] [1790933040.995018820] [planner_server]: Plan computed: 468 poses
[planner_server-4] [INFO] [1790933041.114512299] [planner_server]: Planning took 10 ms
[planner_server-4] [INFO] [1790933041.114871948] [planner_server]: Plan computed: 467 poses
[planner_server-4] [INFO] [1790933041.236275865] [planner_server]: Planning took 12 ms
[planner_server-4] [INFO] [1790933041.236834892] [planner_server]: Plan computed: 466 poses
[planner_server-4] [INFO] [1790933041.353711384] [planner_server]: Planning took 10 ms
[planner_server-4] [INFO] [1790933041.354313712] [planner_server]: Plan computed: 464 poses
[planner_server-4] [INFO] [1790933041.473758007] [planner_server]: Planning took 10 ms
[planner_server-4] [INFO] [1790933041.474242021] [planner_server]: Plan computed: 463 poses
[planner_server-4] [INFO] [1790933041.593388563] [planner_server]: Planning took 10 ms
[planner_server-4] [INFO] [1790933041.593681687] [planner_server]: Plan computed: 462 poses
[planner_server-4] [INFO] [1790933041.714331089] [planner_server]: Planning took 10 ms
[planner_server-4] [INFO] [1790933041.714835722] [planner_server]: Plan computed: 461 poses
[planner_server-4] [INFO] [1790933041.835073426] [planner_server]: Planning took 10 ms
[planner_server-4] [INFO] [1790933041.835380195] [planner_server]: Plan computed: 458 poses
[planner_server-4] [INFO] [1790933041.953747645] [planner_server]: Planning took 10 ms
[planner_server-4] [INFO] [1790933041.954155987] [planner_server]: Plan computed: 456 poses
[planner_server-4] [INFO] [1790933042.074969302] [planner_server]: Planning took 10 ms
[planner_server-4] [INFO] [1790933042.075504794] [planner_server]: Plan computed: 455 poses
[planner_server-4] [INFO] [1790933042.194857650] [planner_server]: Planning took 10 ms
[planner_server-4] [INFO] [1790933042.195233540] [planner_server]: Plan computed: 454 poses
[planner_server-4] [INFO] [1790933042.316425981] [planner_server]: Planning took 12 ms
[planner_server-4] [INFO] [1790933042.316865130] [planner_server]: Plan computed: 452 poses
[planner_server-4] [INFO] [1790933042.435716849] [planner_server]: Planning took 10 ms
[planner_server-4] [INFO] [1790933042.436244186] [planner_server]: Plan computed: 451 poses
[planner_server-4] [INFO] [1790933042.558275843] [planner_server]: Planning took 13 ms
[planner_server-4] [INFO] [1790933042.558692550] [planner_server]: Plan computed: 449 poses
[planner_server-4] [INFO] [1790933042.675246369] [planner_server]: Planning took 11 ms
[planner_server-4] [INFO] [1790933042.675647016] [planner_server]: Plan computed: 448 poses
[planner_server-4] [INFO] [1790933042.793424194] [planner_server]: Planning took 10 ms
[planner_server-4] [INFO] [1790933042.793761411] [planner_server]: Plan computed: 447 poses
[controller_node-5] [WARN] [1790933042.883905976] [controller_server]: path_copy succeeded.
[controller_node-5] [INFO] [1790933042.885196695] [controller_server]: Computed velocity commands: linear.x=-0.40, linear.y=0.68, angular.z=0.00
[planner_server-4] [INFO] [1790933042.914921161] [planner_server]: Planning took 11 ms
[planner_server-4] [INFO] [1790933042.915434010] [planner_server]: Plan computed: 446 poses
[planner_server-4] [INFO] [1790933043.034797819] [planner_server]: Planning took 11 ms
[planner_server-4] [INFO] [1790933043.035163751] [planner_server]: Plan computed: 444 poses
[planner_server-4] [INFO] [1790933043.154012489] [planner_server]: Planning took 10 ms
[planner_server-4] [INFO] [1790933043.154309360] [planner_server]: Plan computed: 443 poses
[planner_server-4] [INFO] [1790933043.273076354] [planner_server]: Planning took 9 ms
[planner_server-4] [INFO] [1790933043.273507308] [planner_server]: Plan computed: 441 poses
[planner_server-4] [INFO] [1790933043.394336257] [planner_server]: Planning took 10 ms
[planner_server-4] [INFO] [1790933043.394639710] [planner_server]: Plan computed: 440 poses
[planner_server-4] [INFO] [1790933043.515956681] [planner_server]: Planning took 11 ms
[planner_server-4] [INFO] [1790933043.516290692] [planner_server]: Plan computed: 438 poses
[planner_server-4] [INFO] [1790933043.635476587] [planner_server]: Planning took 10 ms
[planner_server-4] [INFO] [1790933043.635963347] [planner_server]: Plan computed: 437 poses
[planner_server-4] [INFO] [1790933043.755698139] [planner_server]: Planning took 10 ms
[planner_server-4] [INFO] [1790933043.756207952] [planner_server]: Plan computed: 436 poses
[planner_server-4] [INFO] [1790933043.879544087] [planner_server]: Planning took 12 ms
[planner_server-4] [INFO] [1790933043.879968048] [planner_server]: Plan computed: 433 poses
[planner_server-4] [INFO] [1790933043.995384342] [planner_server]: Planning took 10 ms
[planner_server-4] [INFO] [1790933043.995669631] [planner_server]: Plan computed: 432 poses
[planner_server-4] [INFO] [1790933044.113590833] [planner_server]: Planning took 9 ms
[planner_server-4] [INFO] [1790933044.114058396] [planner_server]: Plan computed: 432 poses
[planner_server-4] [INFO] [1790933044.234236952] [planner_server]: Planning took 10 ms
[planner_server-4] [INFO] [1790933044.234446558] [planner_server]: Plan computed: 430 poses
[planner_server-4] [INFO] [1790933044.354694704] [planner_server]: Planning took 11 ms
[planner_server-4] [INFO] [1790933044.355288215] [planner_server]: Plan computed: 429 poses
[planner_server-4] [INFO] [1790933044.474068359] [planner_server]: Planning took 9 ms
[planner_server-4] [INFO] [1790933044.474416747] [planner_server]: Plan computed: 429 poses
[planner_server-4] [INFO] [1790933044.594431933] [planner_server]: Planning took 11 ms
[planner_server-4] [INFO] [1790933044.594739534] [planner_server]: Plan computed: 428 poses
[planner_server-4] [INFO] [1790933044.713426832] [planner_server]: Planning took 10 ms
[planner_server-4] [INFO] [1790933044.713703134] [planner_server]: Plan computed: 426 poses
[planner_server-4] [INFO] [1790933044.834528649] [planner_server]: Planning took 11 ms
[planner_server-4] [INFO] [1790933044.834830599] [planner_server]: Plan computed: 426 poses
[controller_node-5] [WARN] [1790933044.904520182] [controller_server]: path_copy succeeded.
[controller_node-5] [INFO] [1790933044.905844904] [controller_server]: Computed velocity commands: linear.x=0.60, linear.y=-0.83, angular.z=0.00
[planner_server-4] [INFO] [1790933044.954000872] [planner_server]: Planning took 10 ms
[planner_server-4] [INFO] [1790933044.954290269] [planner_server]: Plan computed: 425 poses
[planner_server-4] [INFO] [1790933045.073980907] [planner_server]: Planning took 10 ms
[planner_server-4] [INFO] [1790933045.074518502] [planner_server]: Plan computed: 423 poses
[planner_server-4] [INFO] [1790933045.194916674] [planner_server]: Planning took 11 ms
[planner_server-4] [INFO] [1790933045.195439621] [planner_server]: Plan computed: 423 poses
[planner_server-4] [INFO] [1790933045.314076452] [planner_server]: Planning took 9 ms
[planner_server-4] [INFO] [1790933045.314387640] [planner_server]: Plan computed: 421 poses
[planner_server-4] [INFO] [1790933045.435508950] [planner_server]: Planning took 10 ms
[planner_server-4] [INFO] [1790933045.435831489] [planner_server]: Plan computed: 419 poses
[planner_server-4] [INFO] [1790933045.556077065] [planner_server]: Planning took 9 ms
[planner_server-4] [INFO] [1790933045.556456932] [planner_server]: Plan computed: 418 poses
[planner_server-4] [INFO] [1790933045.674637539] [planner_server]: Planning took 10 ms
[planner_server-4] [INFO] [1790933045.675019741] [planner_server]: Plan computed: 417 poses
[planner_server-4] [INFO] [1790933045.793246925] [planner_server]: Planning took 10 ms
[planner_server-4] [INFO] [1790933045.793541962] [planner_server]: Plan computed: 415 poses
[planner_server-4] [INFO] [1790933045.913121290] [planner_server]: Planning took 9 ms
[planner_server-4] [INFO] [1790933045.913464198] [planner_server]: Plan computed: 415 poses
[planner_server-4] [INFO] [1790933046.033120935] [planner_server]: Planning took 9 ms
[planner_server-4] [INFO] [1790933046.033414018] [planner_server]: Plan computed: 413 poses
[planner_server-4] [INFO] [1790933046.153454026] [planner_server]: Planning took 10 ms
[planner_server-4] [INFO] [1790933046.153759323] [planner_server]: Plan computed: 411 poses
[planner_server-4] [INFO] [1790933046.273519042] [planner_server]: Planning took 10 ms
[planner_server-4] [INFO] [1790933046.273820591] [planner_server]: Plan computed: 409 poses
[planner_server-4] [INFO] [1790933046.393527686] [planner_server]: Planning took 10 ms
[planner_server-4] [INFO] [1790933046.394126106] [planner_server]: Plan computed: 406 poses
[planner_server-4] [INFO] [1790933046.513413377] [planner_server]: Planning took 9 ms
[planner_server-4] [INFO] [1790933046.513663269] [planner_server]: Plan computed: 406 poses
[planner_server-4] [INFO] [1790933046.633812258] [planner_server]: Planning took 9 ms
[planner_server-4] [INFO] [1790933046.634323363] [planner_server]: Plan computed: 404 poses
[planner_server-4] [INFO] [1790933046.755820306] [planner_server]: Planning took 11 ms
[planner_server-4] [INFO] [1790933046.756248555] [planner_server]: Plan computed: 403 poses
[planner_server-4] [INFO] [1790933046.873840886] [planner_server]: Planning took 10 ms
[planner_server-4] [INFO] [1790933046.874409339] [planner_server]: Plan computed: 403 poses
[controller_node-5] [WARN] [1790933046.924133828] [controller_server]: path_copy succeeded.
[controller_node-5] [INFO] [1790933046.925578897] [controller_server]: Computed velocity commands: linear.x=-0.50, linear.y=-0.53, angular.z=0.00
[planner_server-4] [INFO] [1790933046.994229827] [planner_server]: Planning took 9 ms
[planner_server-4] [INFO] [1790933046.994786007] [planner_server]: Plan computed: 401 poses
[planner_server-4] [INFO] [1790933047.113887534] [planner_server]: Planning took 9 ms
[planner_server-4] [INFO] [1790933047.114417375] [planner_server]: Plan computed: 401 poses
[planner_server-4] [INFO] [1790933047.232362446] [planner_server]: Planning took 9 ms
[planner_server-4] [INFO] [1790933047.232771138] [planner_server]: Plan computed: 400 poses
[planner_server-4] [INFO] [1790933047.344854162] [planner_server]: Planning took 9 ms
[planner_server-4] [INFO] [1790933047.345419840] [planner_server]: Plan computed: 397 poses
[planner_server-4] [INFO] [1790933047.462817638] [planner_server]: Planning took 9 ms
[planner_server-4] [INFO] [1790933047.463295510] [planner_server]: Plan computed: 394 poses
[planner_server-4] [INFO] [1790933047.584340140] [planner_server]: Planning took 9 ms
[planner_server-4] [INFO] [1790933047.584690902] [planner_server]: Plan computed: 393 poses
[planner_server-4] [INFO] [1790933047.705225799] [planner_server]: Planning took 9 ms
[planner_server-4] [INFO] [1790933047.705563757] [planner_server]: Plan computed: 392 poses
[planner_server-4] [INFO] [1790933047.822191617] [planner_server]: Planning took 8 ms
[planner_server-4] [INFO] [1790933047.822533212] [planner_server]: Plan computed: 391 poses
[planner_server-4] [INFO] [1790933047.943667671] [planner_server]: Planning took 10 ms
[planner_server-4] [INFO] [1790933047.944317367] [planner_server]: Plan computed: 390 poses
[planner_server-4] [INFO] [1790933048.063617513] [planner_server]: Planning took 10 ms
[planner_server-4] [INFO] [1790933048.064427983] [planner_server]: Plan computed: 388 poses
[planner_server-4] [INFO] [1790933048.184545354] [planner_server]: Planning took 10 ms
[planner_server-4] [INFO] [1790933048.184862042] [planner_server]: Plan computed: 388 poses
[planner_server-4] [INFO] [1790933048.303253131] [planner_server]: Planning took 9 ms
[planner_server-4] [INFO] [1790933048.303554440] [planner_server]: Plan computed: 387 poses
[planner_server-4] [INFO] [1790933048.422517489] [planner_server]: Planning took 9 ms
[planner_server-4] [INFO] [1790933048.422817936] [planner_server]: Plan computed: 386 poses
[planner_server-4] [INFO] [1790933048.541990611] [planner_server]: Planning took 9 ms
[planner_server-4] [INFO] [1790933048.542433908] [planner_server]: Plan computed: 385 poses
[planner_server-4] [INFO] [1790933048.662744862] [planner_server]: Planning took 9 ms
[planner_server-4] [INFO] [1790933048.663044838] [planner_server]: Plan computed: 383 poses
[planner_server-4] [INFO] [1790933048.784148529] [planner_server]: Planning took 9 ms
[planner_server-4] [INFO] [1790933048.784530751] [planner_server]: Plan computed: 381 poses
[planner_server-4] [INFO] [1790933048.903323558] [planner_server]: Planning took 9 ms
[planner_server-4] [INFO] [1790933048.903570875] [planner_server]: Plan computed: 379 poses
[controller_node-5] [WARN] [1790933048.944076859] [controller_server]: path_copy succeeded.
[controller_node-5] [INFO] [1790933048.945298145] [controller_server]: Computed velocity commands: linear.x=-0.60, linear.y=0.01, angular.z=0.00
[planner_server-4] [INFO] [1790933049.022530885] [planner_server]: Planning took 8 ms
[planner_server-4] [INFO] [1790933049.022840689] [planner_server]: Plan computed: 378 poses
[planner_server-4] [INFO] [1790933049.142465623] [planner_server]: Planning took 9 ms
[planner_server-4] [INFO] [1790933049.142933236] [planner_server]: Plan computed: 378 poses
[planner_server-4] [INFO] [1790933049.262499269] [planner_server]: Planning took 9 ms
[planner_server-4] [INFO] [1790933049.262872934] [planner_server]: Plan computed: 378 poses
[planner_server-4] [INFO] [1790933049.382162635] [planner_server]: Planning took 8 ms
[planner_server-4] [INFO] [1790933049.382542302] [planner_server]: Plan computed: 377 poses
[planner_server-4] [INFO] [1790933049.502742061] [planner_server]: Planning took 9 ms
[planner_server-4] [INFO] [1790933049.503063568] [planner_server]: Plan computed: 375 poses
[planner_server-4] [INFO] [1790933049.622731638] [planner_server]: Planning took 9 ms
[planner_server-4] [INFO] [1790933049.623157993] [planner_server]: Plan computed: 374 poses
[planner_server-4] [INFO] [1790933049.741909363] [planner_server]: Planning took 9 ms
[planner_server-4] [INFO] [1790933049.742155478] [planner_server]: Plan computed: 373 poses
[planner_server-4] [INFO] [1790933049.854251389] [planner_server]: Planning took 8 ms
[planner_server-4] [INFO] [1790933049.854586792] [planner_server]: Plan computed: 371 poses
[planner_server-4] [INFO] [1790933049.976150345] [planner_server]: Planning took 10 ms
[planner_server-4] [INFO] [1790933049.976504854] [planner_server]: Plan computed: 371 poses
[planner_server-4] [INFO] [1790933050.093311709] [planner_server]: Planning took 8 ms
[planner_server-4] [INFO] [1790933050.093666188] [planner_server]: Plan computed: 370 poses
[planner_server-4] [INFO] [1790933050.212561490] [planner_server]: Planning took 9 ms
[planner_server-4] [INFO] [1790933050.213092292] [planner_server]: Plan computed: 369 poses
[planner_server-4] [INFO] [1790933050.332652970] [planner_server]: Planning took 9 ms
[planner_server-4] [INFO] [1790933050.333200704] [planner_server]: Plan computed: 368 poses
[planner_server-4] [INFO] [1790933050.452213076] [planner_server]: Planning took 8 ms
[planner_server-4] [INFO] [1790933050.452523081] [planner_server]: Plan computed: 366 poses
[planner_server-4] [INFO] [1790933050.574061012] [planner_server]: Planning took 10 ms
[planner_server-4] [INFO] [1790933050.574410121] [planner_server]: Plan computed: 365 poses
[planner_server-4] [INFO] [1790933050.692901508] [planner_server]: Planning took 9 ms
[planner_server-4] [INFO] [1790933050.693239396] [planner_server]: Plan computed: 364 poses
[planner_server-4] [INFO] [1790933050.811549776] [planner_server]: Planning took 8 ms
[planner_server-4] [INFO] [1790933050.811932488] [planner_server]: Plan computed: 365 poses
[planner_server-4] [INFO] [1790933050.932308144] [planner_server]: Planning took 8 ms
[planner_server-4] [INFO] [1790933050.932664497] [planner_server]: Plan computed: 364 poses
[controller_node-5] [WARN] [1790933050.944699073] [controller_server]: path_copy succeeded.
[controller_node-5] [INFO] [1790933050.945717245] [controller_server]: Computed velocity commands: linear.x=-0.68, linear.y=0.01, angular.z=0.00
[planner_server-4] [INFO] [1790933051.053603375] [planner_server]: Planning took 10 ms
[planner_server-4] [INFO] [1790933051.054277458] [planner_server]: Plan computed: 362 poses
[planner_server-4] [INFO] [1790933051.173579412] [planner_server]: Planning took 9 ms
[planner_server-4] [INFO] [1790933051.174113971] [planner_server]: Plan computed: 361 poses
[planner_server-4] [INFO] [1790933051.292936501] [planner_server]: Planning took 9 ms
[planner_server-4] [INFO] [1790933051.293346666] [planner_server]: Plan computed: 360 poses
[planner_server-4] [INFO] [1790933051.412379903] [planner_server]: Planning took 9 ms
[planner_server-4] [INFO] [1790933051.412888648] [planner_server]: Plan computed: 358 poses
[planner_server-4] [INFO] [1790933051.532801811] [planner_server]: Planning took 9 ms
[planner_server-4] [INFO] [1790933051.533579038] [planner_server]: Plan computed: 358 poses
[planner_server-4] [INFO] [1790933051.651874463] [planner_server]: Planning took 8 ms
[planner_server-4] [INFO] [1790933051.653165831] [planner_server]: Plan computed: 355 poses
[planner_server-4] [INFO] [1790933051.771634663] [planner_server]: Planning took 8 ms
[planner_server-4] [INFO] [1790933051.771829581] [planner_server]: Plan computed: 356 poses
[planner_server-4] [INFO] [1790933051.891637461] [planner_server]: Planning took 8 ms
[planner_server-4] [INFO] [1790933051.891922919] [planner_server]: Plan computed: 353 poses
[planner_server-4] [INFO] [1790933052.013013913] [planner_server]: Planning took 8 ms
[planner_server-4] [INFO] [1790933052.013394191] [planner_server]: Plan computed: 352 poses
[planner_server-4] [INFO] [1790933052.134456117] [planner_server]: Planning took 8 ms
[planner_server-4] [INFO] [1790933052.134707101] [planner_server]: Plan computed: 352 poses
[planner_server-4] [INFO] [1790933052.252558694] [planner_server]: Planning took 8 ms
[planner_server-4] [INFO] [1790933052.252996190] [planner_server]: Plan computed: 352 poses
[planner_server-4] [INFO] [1790933052.371434280] [planner_server]: Planning took 8 ms
[planner_server-4] [INFO] [1790933052.372057086] [planner_server]: Plan computed: 351 poses
[planner_server-4] [INFO] [1790933052.485049449] [planner_server]: Planning took 8 ms
[planner_server-4] [INFO] [1790933052.485557708] [planner_server]: Plan computed: 351 poses
[planner_server-4] [INFO] [1790933052.603344038] [planner_server]: Planning took 8 ms
[planner_server-4] [INFO] [1790933052.603661327] [planner_server]: Plan computed: 350 poses
[planner_server-4] [INFO] [1790933052.723903562] [planner_server]: Planning took 8 ms
[planner_server-4] [INFO] [1790933052.724387034] [planner_server]: Plan computed: 350 poses
[planner_server-4] [INFO] [1790933052.841573282] [planner_server]: Planning took 8 ms
[planner_server-4] [INFO] [1790933052.841959160] [planner_server]: Plan computed: 349 poses
[planner_server-4] [INFO] [1790933052.961717872] [planner_server]: Planning took 8 ms
[planner_server-4] [INFO] [1790933052.962183541] [planner_server]: Plan computed: 348 poses
[controller_node-5] [WARN] [1790933052.963737414] [controller_server]: path_copy succeeded.
[controller_node-5] [INFO] [1790933052.965024352] [controller_server]: Computed velocity commands: linear.x=0.58, linear.y=0.24, angular.z=0.00
[planner_server-4] [INFO] [1790933053.072568980] [planner_server]: Planning took 9 ms
[planner_server-4] [INFO] [1790933053.073136320] [planner_server]: Plan computed: 347 poses
[planner_server-4] [INFO] [1790933053.193541348] [planner_server]: Planning took 8 ms
[planner_server-4] [INFO] [1790933053.193835894] [planner_server]: Plan computed: 347 poses
[planner_server-4] [INFO] [1790933053.313469630] [planner_server]: Planning took 8 ms
[planner_server-4] [INFO] [1790933053.313918828] [planner_server]: Plan computed: 346 poses
[planner_server-4] [INFO] [1790933053.431352413] [planner_server]: Planning took 7 ms
[planner_server-4] [INFO] [1790933053.431945172] [planner_server]: Plan computed: 344 poses
[planner_server-4] [INFO] [1790933053.553203419] [planner_server]: Planning took 7 ms
[planner_server-4] [INFO] [1790933053.553577515] [planner_server]: Plan computed: 343 poses
[planner_server-4] [INFO] [1790933053.671940990] [planner_server]: Planning took 9 ms
[planner_server-4] [INFO] [1790933053.672205459] [planner_server]: Plan computed: 342 poses
[planner_server-4] [INFO] [1790933053.793187675] [planner_server]: Planning took 7 ms
[planner_server-4] [INFO] [1790933053.793545280] [planner_server]: Plan computed: 341 poses
[planner_server-4] [INFO] [1790933053.910685256] [planner_server]: Planning took 7 ms
[planner_server-4] [INFO] [1790933053.911044544] [planner_server]: Plan computed: 340 poses
[planner_server-4] [INFO] [1790933054.031948254] [planner_server]: Planning took 8 ms
[planner_server-4] [INFO] [1790933054.032191974] [planner_server]: Plan computed: 339 poses
[planner_server-4] [INFO] [1790933054.150761606] [planner_server]: Planning took 7 ms
[planner_server-4] [INFO] [1790933054.151451337] [planner_server]: Plan computed: 338 poses
[planner_server-4] [INFO] [1790933054.261274841] [planner_server]: Planning took 7 ms
[planner_server-4] [INFO] [1790933054.261648095] [planner_server]: Plan computed: 336 poses
[planner_server-4] [INFO] [1790933054.372266027] [planner_server]: Planning took 7 ms
[planner_server-4] [INFO] [1790933054.372667404] [planner_server]: Plan computed: 336 poses
[planner_server-4] [INFO] [1790933054.490713857] [planner_server]: Planning took 7 ms
[planner_server-4] [INFO] [1790933054.491294222] [planner_server]: Plan computed: 333 poses
[planner_server-4] [INFO] [1790933054.602127065] [planner_server]: Planning took 8 ms
[planner_server-4] [INFO] [1790933054.602392235] [planner_server]: Plan computed: 332 poses
[planner_server-4] [INFO] [1790933054.721215513] [planner_server]: Planning took 7 ms
[planner_server-4] [INFO] [1790933054.721422083] [planner_server]: Plan computed: 329 poses
[planner_server-4] [INFO] [1790933054.830860544] [planner_server]: Planning took 7 ms
[planner_server-4] [INFO] [1790933054.831111177] [planner_server]: Plan computed: 329 poses
[planner_server-4] [INFO] [1790933054.940316810] [planner_server]: Planning took 7 ms
[planner_server-4] [INFO] [1790933054.940618499] [planner_server]: Plan computed: 327 poses
[controller_node-5] [WARN] [1790933054.964058063] [controller_server]: path_copy succeeded.
[controller_node-5] [INFO] [1790933054.965665146] [controller_server]: Computed velocity commands: linear.x=0.10, linear.y=-0.67, angular.z=0.00
[planner_server-4] [INFO] [1790933055.049894154] [planner_server]: Planning took 6 ms
[planner_server-4] [INFO] [1790933055.050323143] [planner_server]: Plan computed: 324 poses
[planner_server-4] [INFO] [1790933055.161270309] [planner_server]: Planning took 7 ms
[planner_server-4] [INFO] [1790933055.161471028] [planner_server]: Plan computed: 323 poses
[planner_server-4] [INFO] [1790933055.270238752] [planner_server]: Planning took 6 ms
[planner_server-4] [INFO] [1790933055.270432648] [planner_server]: Plan computed: 322 poses
[planner_server-4] [INFO] [1790933055.391573343] [planner_server]: Planning took 7 ms
[planner_server-4] [INFO] [1790933055.391874041] [planner_server]: Plan computed: 321 poses
[planner_server-4] [INFO] [1790933055.500152302] [planner_server]: Planning took 6 ms
[planner_server-4] [INFO] [1790933055.500392675] [planner_server]: Plan computed: 319 poses
[planner_server-4] [INFO] [1790933055.610465752] [planner_server]: Planning took 7 ms
[planner_server-4] [INFO] [1790933055.610832995] [planner_server]: Plan computed: 318 poses
[planner_server-4] [INFO] [1790933055.721826749] [planner_server]: Planning took 7 ms
[planner_server-4] [INFO] [1790933055.722703633] [planner_server]: Plan computed: 318 poses
[planner_server-4] [INFO] [1790933055.843253695] [planner_server]: Planning took 7 ms
[planner_server-4] [INFO] [1790933055.843575763] [planner_server]: Plan computed: 316 poses
[planner_server-4] [INFO] [1790933055.962514084] [planner_server]: Planning took 7 ms
[planner_server-4] [INFO] [1790933055.962790897] [planner_server]: Plan computed: 316 poses
[planner_server-4] [INFO] [1790933056.082297784] [planner_server]: Planning took 7 ms
[planner_server-4] [INFO] [1790933056.082643656] [planner_server]: Plan computed: 315 poses
[planner_server-4] [INFO] [1790933056.201778715] [planner_server]: Planning took 8 ms
[planner_server-4] [INFO] [1790933056.202075424] [planner_server]: Plan computed: 313 poses
[planner_server-4] [INFO] [1790933056.320685212] [planner_server]: Planning took 7 ms
[planner_server-4] [INFO] [1790933056.321384391] [planner_server]: Plan computed: 312 poses
[planner_server-4] [INFO] [1790933056.430749059] [planner_server]: Planning took 7 ms
[planner_server-4] [INFO] [1790933056.431100201] [planner_server]: Plan computed: 311 poses
[planner_server-4] [INFO] [1790933056.540949935] [planner_server]: Planning took 6 ms
[planner_server-4] [INFO] [1790933056.541338077] [planner_server]: Plan computed: 310 poses
[planner_server-4] [INFO] [1790933056.650694885] [planner_server]: Planning took 7 ms
[planner_server-4] [INFO] [1790933056.650929387] [planner_server]: Plan computed: 309 poses
[planner_server-4] [INFO] [1790933056.772042412] [planner_server]: Planning took 8 ms
[planner_server-4] [INFO] [1790933056.772208726] [planner_server]: Plan computed: 307 poses
[planner_server-4] [INFO] [1790933056.891008691] [planner_server]: Planning took 6 ms
[planner_server-4] [INFO] [1790933056.891633831] [planner_server]: Plan computed: 305 poses
[controller_node-5] [INFO] [1790933056.965824960] [controller_server]: Computed velocity commands: linear.x=-0.86, linear.y=-0.34, angular.z=0.00
[controller_node-5] [WARN] [1790933056.983605555] [controller_server]: path_copy succeeded.
[planner_server-4] [INFO] [1790933057.010677224] [planner_server]: Planning took 7 ms
[planner_server-4] [INFO] [1790933057.011178169] [planner_server]: Plan computed: 304 poses
[planner_server-4] [INFO] [1790933057.119827576] [planner_server]: Planning took 6 ms
[planner_server-4] [INFO] [1790933057.120261324] [planner_server]: Plan computed: 303 poses
[planner_server-4] [INFO] [1790933057.229985378] [planner_server]: Planning took 6 ms
[planner_server-4] [INFO] [1790933057.230770970] [planner_server]: Plan computed: 302 poses
[planner_server-4] [INFO] [1790933057.340967425] [planner_server]: Planning took 6 ms
[planner_server-4] [INFO] [1790933057.341437973] [planner_server]: Plan computed: 301 poses
[planner_server-4] [INFO] [1790933057.450224348] [planner_server]: Planning took 7 ms
[planner_server-4] [INFO] [1790933057.450455894] [planner_server]: Plan computed: 300 poses
[planner_server-4] [INFO] [1790933057.560507366] [planner_server]: Planning took 6 ms
[planner_server-4] [INFO] [1790933057.561396694] [planner_server]: Plan computed: 299 poses
[planner_server-4] [INFO] [1790933057.671314513] [planner_server]: Planning took 7 ms
[planner_server-4] [INFO] [1790933057.671669633] [planner_server]: Plan computed: 298 poses
[planner_server-4] [INFO] [1790933057.791008432] [planner_server]: Planning took 7 ms
[planner_server-4] [INFO] [1790933057.791203851] [planner_server]: Plan computed: 298 poses
[planner_server-4] [INFO] [1790933057.899915821] [planner_server]: Planning took 6 ms
[planner_server-4] [INFO] [1790933057.900252396] [planner_server]: Plan computed: 297 poses
[planner_server-4] [INFO] [1790933058.010581895] [planner_server]: Planning took 7 ms
[planner_server-4] [INFO] [1790933058.011809480] [planner_server]: Plan computed: 296 poses
[planner_server-4] [INFO] [1790933058.130058740] [planner_server]: Planning took 6 ms
[planner_server-4] [INFO] [1790933058.130301919] [planner_server]: Plan computed: 296 poses
[planner_server-4] [INFO] [1790933058.240942860] [planner_server]: Planning took 7 ms
[planner_server-4] [INFO] [1790933058.241203171] [planner_server]: Plan computed: 295 poses
[planner_server-4] [INFO] [1790933058.349969527] [planner_server]: Planning took 6 ms
[planner_server-4] [INFO] [1790933058.350346037] [planner_server]: Plan computed: 294 poses
[planner_server-4] [INFO] [1790933058.462111088] [planner_server]: Planning took 6 ms
[planner_server-4] [INFO] [1790933058.462449676] [planner_server]: Plan computed: 292 poses
[planner_server-4] [INFO] [1790933058.580567398] [planner_server]: Planning took 6 ms
[planner_server-4] [INFO] [1790933058.580958917] [planner_server]: Plan computed: 291 poses
[planner_server-4] [INFO] [1790933058.689517722] [planner_server]: Planning took 6 ms
[planner_server-4] [INFO] [1790933058.689972790] [planner_server]: Plan computed: 291 poses
[planner_server-4] [INFO] [1790933058.799902579] [planner_server]: Planning took 6 ms
[planner_server-4] [INFO] [1790933058.800369340] [planner_server]: Plan computed: 290 poses
[planner_server-4] [INFO] [1790933058.911384306] [planner_server]: Planning took 6 ms
[planner_server-4] [INFO] [1790933058.911670816] [planner_server]: Plan computed: 288 poses
[controller_node-5] [WARN] [1790933058.984424806] [controller_server]: path_copy succeeded.
[controller_node-5] [INFO] [1790933058.985926117] [controller_server]: Computed velocity commands: linear.x=0.72, linear.y=0.94, angular.z=0.00
[planner_server-4] [INFO] [1790933059.032596723] [planner_server]: Planning took 6 ms
[planner_server-4] [INFO] [1790933059.032926034] [planner_server]: Plan computed: 286 poses
[planner_server-4] [INFO] [1790933059.149387704] [planner_server]: Planning took 6 ms
[planner_server-4] [INFO] [1790933059.149700213] [planner_server]: Plan computed: 285 poses
[planner_server-4] [INFO] [1790933059.260088521] [planner_server]: Planning took 6 ms
[planner_server-4] [INFO] [1790933059.260596549] [planner_server]: Plan computed: 284 poses
[planner_server-4] [INFO] [1790933059.369502231] [planner_server]: Planning took 5 ms
[planner_server-4] [INFO] [1790933059.369943773] [planner_server]: Plan computed: 282 poses
[planner_server-4] [INFO] [1790933059.479254774] [planner_server]: Planning took 6 ms
[planner_server-4] [INFO] [1790933059.479515566] [planner_server]: Plan computed: 281 poses
[planner_server-4] [INFO] [1790933059.591190886] [planner_server]: Planning took 6 ms
[planner_server-4] [INFO] [1790933059.591444003] [planner_server]: Plan computed: 278 poses
[planner_server-4] [INFO] [1790933059.700755525] [planner_server]: Planning took 6 ms
[planner_server-4] [INFO] [1790933059.701614234] [planner_server]: Plan computed: 278 poses
[planner_server-4] [INFO] [1790933059.809573186] [planner_server]: Planning took 6 ms
[planner_server-4] [INFO] [1790933059.809873662] [planner_server]: Plan computed: 276 poses
[planner_server-4] [INFO] [1790933059.920637302] [planner_server]: Planning took 6 ms
[planner_server-4] [INFO] [1790933059.921029091] [planner_server]: Plan computed: 276 poses
[planner_server-4] [INFO] [1790933060.030443667] [planner_server]: Planning took 6 ms
[planner_server-4] [INFO] [1790933060.030847659] [planner_server]: Plan computed: 274 poses
[planner_server-4] [INFO] [1790933060.139500783] [planner_server]: Planning took 6 ms
[planner_server-4] [INFO] [1790933060.139780831] [planner_server]: Plan computed: 273 poses
[planner_server-4] [INFO] [1790933060.249823598] [planner_server]: Planning took 6 ms
[planner_server-4] [INFO] [1790933060.250423449] [planner_server]: Plan computed: 272 poses
[planner_server-4] [INFO] [1790933060.359350867] [planner_server]: Planning took 5 ms
[planner_server-4] [INFO] [1790933060.359820893] [planner_server]: Plan computed: 271 poses
[planner_server-4] [INFO] [1790933060.469590908] [planner_server]: Planning took 6 ms
[planner_server-4] [INFO] [1790933060.470072627] [planner_server]: Plan computed: 269 poses
[planner_server-4] [INFO] [1790933060.579721262] [planner_server]: Planning took 6 ms
[planner_server-4] [INFO] [1790933060.580010107] [planner_server]: Plan computed: 268 poses
[planner_server-4] [INFO] [1790933060.698791171] [planner_server]: Planning took 5 ms
[planner_server-4] [INFO] [1790933060.699121524] [planner_server]: Plan computed: 267 poses
[planner_server-4] [INFO] [1790933060.810604529] [planner_server]: Planning took 6 ms
[planner_server-4] [INFO] [1790933060.810940533] [planner_server]: Plan computed: 266 poses
[planner_server-4] [INFO] [1790933060.929991547] [planner_server]: Planning took 6 ms
[planner_server-4] [INFO] [1790933060.930286113] [planner_server]: Plan computed: 266 poses
[controller_node-5] [WARN] [1790933061.005559562] [controller_server]: path_copy succeeded.
[controller_node-5] [INFO] [1790933061.006793749] [controller_server]: Computed velocity commands: linear.x=0.82, linear.y=-0.41, angular.z=0.00
[planner_server-4] [INFO] [1790933061.040459520] [planner_server]: Planning took 6 ms
[planner_server-4] [INFO] [1790933061.040839556] [planner_server]: Plan computed: 265 poses
[planner_server-4] [INFO] [1790933061.151851030] [planner_server]: Planning took 5 ms
[planner_server-4] [INFO] [1790933061.152100400] [planner_server]: Plan computed: 264 poses
[planner_server-4] [INFO] [1790933061.271228434] [planner_server]: Planning took 6 ms
[planner_server-4] [INFO] [1790933061.271956577] [planner_server]: Plan computed: 263 poses
[planner_server-4] [INFO] [1790933061.391159757] [planner_server]: Planning took 6 ms
[planner_server-4] [INFO] [1790933061.391437080] [planner_server]: Plan computed: 263 poses
[planner_server-4] [INFO] [1790933061.499141268] [planner_server]: Planning took 5 ms
[planner_server-4] [INFO] [1790933061.499453246] [planner_server]: Plan computed: 261 poses
[planner_server-4] [INFO] [1790933061.609259898] [planner_server]: Planning took 5 ms
[planner_server-4] [INFO] [1790933061.609585061] [planner_server]: Plan computed: 261 poses
[planner_server-4] [INFO] [1790933061.719527860] [planner_server]: Planning took 5 ms
[planner_server-4] [INFO] [1790933061.720112737] [planner_server]: Plan computed: 259 poses
[planner_server-4] [INFO] [1790933061.829439169] [planner_server]: Planning took 5 ms
[planner_server-4] [INFO] [1790933061.830030604] [planner_server]: Plan computed: 258 poses
[planner_server-4] [INFO] [1790933061.939378141] [planner_server]: Planning took 5 ms
[planner_server-4] [INFO] [1790933061.939646797] [planner_server]: Plan computed: 257 poses
[planner_server-4] [INFO] [1790933062.049032441] [planner_server]: Planning took 5 ms
[planner_server-4] [INFO] [1790933062.049318641] [planner_server]: Plan computed: 256 poses
[planner_server-4] [INFO] [1790933062.159756115] [planner_server]: Planning took 5 ms
[planner_server-4] [INFO] [1790933062.160258913] [planner_server]: Plan computed: 255 poses
[planner_server-4] [INFO] [1790933062.268719385] [planner_server]: Planning took 5 ms
[planner_server-4] [INFO] [1790933062.269140118] [planner_server]: Plan computed: 254 poses
[planner_server-4] [INFO] [1790933062.379317547] [planner_server]: Planning took 5 ms
[planner_server-4] [INFO] [1790933062.379871322] [planner_server]: Plan computed: 252 poses
[planner_server-4] [INFO] [1790933062.488685410] [planner_server]: Planning took 5 ms
[planner_server-4] [INFO] [1790933062.489146289] [planner_server]: Plan computed: 249 poses
[planner_server-4] [INFO] [1790933062.599785830] [planner_server]: Planning took 5 ms
[planner_server-4] [INFO] [1790933062.600332691] [planner_server]: Plan computed: 247 poses
[planner_server-4] [INFO] [1790933062.709233365] [planner_server]: Planning took 5 ms
[planner_server-4] [INFO] [1790933062.709804521] [planner_server]: Plan computed: 246 poses
[planner_server-4] [INFO] [1790933062.820995029] [planner_server]: Planning took 7 ms
[planner_server-4] [INFO] [1790933062.822650019] [planner_server]: Plan computed: 245 poses
[planner_server-4] [INFO] [1790933062.941442246] [planner_server]: Planning took 6 ms
[planner_server-4] [INFO] [1790933062.941649427] [planner_server]: Plan computed: 245 poses
[controller_node-5] [WARN] [1790933063.023616291] [controller_server]: path_copy succeeded.
[controller_node-5] [INFO] [1790933063.024837313] [controller_server]: Computed velocity commands: linear.x=-0.90, linear.y=-0.69, angular.z=0.00
[planner_server-4] [INFO] [1790933063.058967959] [planner_server]: Planning took 6 ms
[planner_server-4] [INFO] [1790933063.059602044] [planner_server]: Plan computed: 244 poses
[planner_server-4] [INFO] [1790933063.170643651] [planner_server]: Planning took 6 ms
[planner_server-4] [INFO] [1790933063.171183469] [planner_server]: Plan computed: 243 poses
[planner_server-4] [INFO] [1790933063.281354284] [planner_server]: Planning took 5 ms
[planner_server-4] [INFO] [1790933063.281758987] [planner_server]: Plan computed: 243 poses
[planner_server-4] [INFO] [1790933063.401365318] [planner_server]: Planning took 6 ms
[planner_server-4] [INFO] [1790933063.401933769] [planner_server]: Plan computed: 242 poses
[planner_server-4] [INFO] [1790933063.521183918] [planner_server]: Planning took 6 ms
[planner_server-4] [INFO] [1790933063.521487751] [planner_server]: Plan computed: 242 poses
[planner_server-4] [INFO] [1790933063.631554658] [planner_server]: Planning took 6 ms
[planner_server-4] [INFO] [1790933063.632135042] [planner_server]: Plan computed: 240 poses
[planner_server-4] [INFO] [1790933063.750791221] [planner_server]: Planning took 6 ms
[planner_server-4] [INFO] [1790933063.751622570] [planner_server]: Plan computed: 239 poses
[planner_server-4] [INFO] [1790933063.872466344] [planner_server]: Planning took 5 ms
[planner_server-4] [INFO] [1790933063.873199025] [planner_server]: Plan computed: 237 poses
[planner_server-4] [INFO] [1790933063.989846273] [planner_server]: Planning took 6 ms
[planner_server-4] [INFO] [1790933063.990221571] [planner_server]: Plan computed: 236 poses
[planner_server-4] [INFO] [1790933064.101132711] [planner_server]: Planning took 6 ms
[planner_server-4] [INFO] [1790933064.101441984] [planner_server]: Plan computed: 236 poses
[planner_server-4] [INFO] [1790933064.208289409] [planner_server]: Planning took 4 ms
[planner_server-4] [INFO] [1790933064.208554879] [planner_server]: Plan computed: 235 poses
[planner_server-4] [INFO] [1790933064.318809621] [planner_server]: Planning took 5 ms
[planner_server-4] [INFO] [1790933064.319051777] [planner_server]: Plan computed: 234 poses
[planner_server-4] [INFO] [1790933064.428379772] [planner_server]: Planning took 5 ms
[planner_server-4] [INFO] [1790933064.428728799] [planner_server]: Plan computed: 233 poses
[planner_server-4] [INFO] [1790933064.540251772] [planner_server]: Planning took 5 ms
[planner_server-4] [INFO] [1790933064.540554322] [planner_server]: Plan computed: 233 poses
[planner_server-4] [INFO] [1790933064.649357849] [planner_server]: Planning took 5 ms
[planner_server-4] [INFO] [1790933064.649728157] [planner_server]: Plan computed: 233 poses
[planner_server-4] [INFO] [1790933064.759131303] [planner_server]: Planning took 5 ms
[planner_server-4] [INFO] [1790933064.759388097] [planner_server]: Plan computed: 231 poses
[planner_server-4] [INFO] [1790933064.869451408] [planner_server]: Planning took 5 ms
[planner_server-4] [INFO] [1790933064.869887079] [planner_server]: Plan computed: 229 poses
[planner_server-4] [INFO] [1790933064.979491375] [planner_server]: Planning took 5 ms
[planner_server-4] [INFO] [1790933064.979882182] [planner_server]: Plan computed: 228 poses
[controller_node-5] [WARN] [1790933065.024165124] [controller_server]: path_copy succeeded.
[controller_node-5] [INFO] [1790933065.025696250] [controller_server]: Computed velocity commands: linear.x=0.01, linear.y=0.42, angular.z=0.00
[planner_server-4] [INFO] [1790933065.088243032] [planner_server]: Planning took 5 ms
[planner_server-4] [INFO] [1790933065.088596819] [planner_server]: Plan computed: 227 poses
[planner_server-4] [INFO] [1790933065.197981885] [planner_server]: Planning took 4 ms
[planner_server-4] [INFO] [1790933065.198259017] [planner_server]: Plan computed: 226 poses
[planner_server-4] [INFO] [1790933065.308661080] [planner_server]: Planning took 4 ms
[planner_server-4] [INFO] [1790933065.309323979] [planner_server]: Plan computed: 226 poses
[planner_server-4] [INFO] [1790933065.419469173] [planner_server]: Planning took 4 ms
[planner_server-4] [INFO] [1790933065.420069084] [planner_server]: Plan computed: 224 poses
[planner_server-4] [INFO] [1790933065.529309677] [planner_server]: Planning took 6 ms
[planner_server-4] [INFO] [1790933065.529745128] [planner_server]: Plan computed: 224 poses
[planner_server-4] [INFO] [1790933065.637852466] [planner_server]: Planning took 4 ms
[planner_server-4] [INFO] [1790933065.638113258] [planner_server]: Plan computed: 222 poses
[planner_server-4] [INFO] [1790933065.749929781] [planner_server]: Planning took 5 ms
[planner_server-4] [INFO] [1790933065.750485248] [planner_server]: Plan computed: 221 poses
[planner_server-4] [INFO] [1790933065.858398606] [planner_server]: Planning took 5 ms
[planner_server-4] [INFO] [1790933065.858646603] [planner_server]: Plan computed: 221 poses
[planner_server-4] [INFO] [1790933065.968439738] [planner_server]: Planning took 4 ms
[planner_server-4] [INFO] [1790933065.968726649] [planner_server]: Plan computed: 220 poses
[planner_server-4] [INFO] [1790933066.078179182] [planner_server]: Planning took 4 ms
[planner_server-4] [INFO] [1790933066.078401682] [planner_server]: Plan computed: 219 poses
[planner_server-4] [INFO] [1790933066.189469828] [planner_server]: Planning took 4 ms
[planner_server-4] [INFO] [1790933066.189735068] [planner_server]: Plan computed: 218 poses
[planner_server-4] [INFO] [1790933066.299280595] [planner_server]: Planning took 5 ms
[planner_server-4] [INFO] [1790933066.299563568] [planner_server]: Plan computed: 217 poses
[planner_server-4] [INFO] [1790933066.408491838] [planner_server]: Planning took 4 ms
[planner_server-4] [INFO] [1790933066.408817341] [planner_server]: Plan computed: 217 poses
[planner_server-4] [INFO] [1790933066.518604944] [planner_server]: Planning took 4 ms
[planner_server-4] [INFO] [1790933066.518897045] [planner_server]: Plan computed: 216 poses
[planner_server-4] [INFO] [1790933066.629523028] [planner_server]: Planning took 4 ms
[planner_server-4] [INFO] [1790933066.630175367] [planner_server]: Plan computed: 215 poses
[planner_server-4] [INFO] [1790933066.739067448] [planner_server]: Planning took 5 ms
[planner_server-4] [INFO] [1790933066.739376771] [planner_server]: Plan computed: 214 poses
[planner_server-4] [INFO] [1790933066.848556134] [planner_server]: Planning took 4 ms
[planner_server-4] [INFO] [1790933066.849100369] [planner_server]: Plan computed: 213 poses
[planner_server-4] [INFO] [1790933066.957823402] [planner_server]: Planning took 4 ms
[planner_server-4] [INFO] [1790933066.958578234] [planner_server]: Plan computed: 213 poses
[controller_node-5] [WARN] [1790933067.043913186] [controller_server]: path_copy succeeded.
[controller_node-5] [INFO] [1790933067.045232873] [controller_server]: Computed velocity commands: linear.x=-0.22, linear.y=0.67, angular.z=0.00
[planner_server-4] [INFO] [1790933067.068453745] [planner_server]: Planning took 5 ms
[planner_server-4] [INFO] [1790933067.069163472] [planner_server]: Plan computed: 211 poses
[planner_server-4] [INFO] [1790933067.178177161] [planner_server]: Planning took 4 ms
[planner_server-4] [INFO] [1790933067.178563218] [planner_server]: Plan computed: 210 poses
[planner_server-4] [INFO] [1790933067.288093912] [planner_server]: Planning took 4 ms
[planner_server-4] [INFO] [1790933067.288503644] [planner_server]: Plan computed: 209 poses
[planner_server-4] [INFO] [1790933067.398481309] [planner_server]: Planning took 5 ms
[planner_server-4] [INFO] [1790933067.398716101] [planner_server]: Plan computed: 208 poses
[planner_server-4] [INFO] [1790933067.510225690] [planner_server]: Planning took 5 ms
[planner_server-4] [INFO] [1790933067.510494206] [planner_server]: Plan computed: 208 poses
[planner_server-4] [INFO] [1790933067.619657460] [planner_server]: Planning took 5 ms
[planner_server-4] [INFO] [1790933067.620261769] [planner_server]: Plan computed: 207 poses
[planner_server-4] [INFO] [1790933067.727494012] [planner_server]: Planning took 4 ms
[planner_server-4] [INFO] [1790933067.727841156] [planner_server]: Plan computed: 206 poses
[planner_server-4] [INFO] [1790933067.837231183] [planner_server]: Planning took 4 ms
[planner_server-4] [INFO] [1790933067.837507514] [planner_server]: Plan computed: 204 poses
[planner_server-4] [INFO] [1790933067.949341602] [planner_server]: Planning took 4 ms
[planner_server-4] [INFO] [1790933067.949641828] [planner_server]: Plan computed: 203 poses
[planner_server-4] [INFO] [1790933068.058316332] [planner_server]: Planning took 4 ms
[planner_server-4] [INFO] [1790933068.058590067] [planner_server]: Plan computed: 203 poses
[planner_server-4] [INFO] [1790933068.167766131] [planner_server]: Planning took 4 ms
[planner_server-4] [INFO] [1790933068.168185110] [planner_server]: Plan computed: 202 poses
[planner_server-4] [INFO] [1790933068.278302939] [planner_server]: Planning took 4 ms
[planner_server-4] [INFO] [1790933068.278560725] [planner_server]: Plan computed: 200 poses
[planner_server-4] [INFO] [1790933068.390852720] [planner_server]: Planning took 5 ms
[planner_server-4] [INFO] [1790933068.391262722] [planner_server]: Plan computed: 199 poses
[planner_server-4] [INFO] [1790933068.497767643] [planner_server]: Planning took 4 ms
[planner_server-4] [INFO] [1790933068.498109337] [planner_server]: Plan computed: 198 poses
[planner_server-4] [INFO] [1790933068.608117008] [planner_server]: Planning took 4 ms
[planner_server-4] [INFO] [1790933068.608417594] [planner_server]: Plan computed: 198 poses
[planner_server-4] [INFO] [1790933068.717279692] [planner_server]: Planning took 4 ms
[planner_server-4] [INFO] [1790933068.717510867] [planner_server]: Plan computed: 197 poses
[planner_server-4] [INFO] [1790933068.829595781] [planner_server]: Planning took 4 ms
[planner_server-4] [INFO] [1790933068.830136530] [planner_server]: Plan computed: 196 poses
[planner_server-4] [INFO] [1790933068.937570888] [planner_server]: Planning took 4 ms
[planner_server-4] [INFO] [1790933068.938045422] [planner_server]: Plan computed: 195 poses
[planner_server-4] [INFO] [1790933069.047713449] [planner_server]: Planning took 4 ms
[planner_server-4] [INFO] [1790933069.048029945] [planner_server]: Plan computed: 193 poses
[controller_node-5] [WARN] [1790933069.063747278] [controller_server]: path_copy succeeded.
[controller_node-5] [INFO] [1790933069.065269175] [controller_server]: Computed velocity commands: linear.x=-0.11, linear.y=0.70, angular.z=0.00
[planner_server-4] [INFO] [1790933069.158168291] [planner_server]: Planning took 4 ms
[planner_server-4] [INFO] [1790933069.158507410] [planner_server]: Plan computed: 192 poses
[planner_server-4] [INFO] [1790933069.269339497] [planner_server]: Planning took 4 ms
[planner_server-4] [INFO] [1790933069.269588737] [planner_server]: Plan computed: 192 poses
[planner_server-4] [INFO] [1790933069.377618040] [planner_server]: Planning took 4 ms
[planner_server-4] [INFO] [1790933069.378039644] [planner_server]: Plan computed: 191 poses
[planner_server-4] [INFO] [1790933069.487432966] [planner_server]: Planning took 3 ms
[planner_server-4] [INFO] [1790933069.487782935] [planner_server]: Plan computed: 190 poses
[planner_server-4] [INFO] [1790933069.598344117] [planner_server]: Planning took 4 ms
[planner_server-4] [INFO] [1790933069.598705137] [planner_server]: Plan computed: 189 poses
[planner_server-4] [INFO] [1790933069.708201103] [planner_server]: Planning took 4 ms
[planner_server-4] [INFO] [1790933069.708388947] [planner_server]: Plan computed: 188 poses
[planner_server-4] [INFO] [1790933069.817450985] [planner_server]: Planning took 4 ms
[planner_server-4] [INFO] [1790933069.817668344] [planner_server]: Plan computed: 187 poses
[planner_server-4] [INFO] [1790933069.926934126] [planner_server]: Planning took 3 ms
[planner_server-4] [INFO] [1790933069.927612845] [planner_server]: Plan computed: 185 poses
[planner_server-4] [INFO] [1790933070.037273253] [planner_server]: Planning took 4 ms
[planner_server-4] [INFO] [1790933070.037555013] [planner_server]: Plan computed: 184 poses
[planner_server-4] [INFO] [1790933070.147083629] [planner_server]: Planning took 3 ms
[planner_server-4] [INFO] [1790933070.147391970] [planner_server]: Plan computed: 183 poses
[planner_server-4] [INFO] [1790933070.257190474] [planner_server]: Planning took 3 ms
[planner_server-4] [INFO] [1790933070.257453730] [planner_server]: Plan computed: 181 poses
[planner_server-4] [INFO] [1790933070.368301786] [planner_server]: Planning took 4 ms
[planner_server-4] [INFO] [1790933070.368647688] [planner_server]: Plan computed: 181 poses
[planner_server-4] [INFO] [1790933070.476858617] [planner_server]: Planning took 3 ms
[planner_server-4] [INFO] [1790933070.477993945] [planner_server]: Plan computed: 179 poses
[planner_server-4] [INFO] [1790933070.589725518] [planner_server]: Planning took 3 ms
[planner_server-4] [INFO] [1790933070.590679225] [planner_server]: Plan computed: 177 poses
[planner_server-4] [INFO] [1790933070.698562313] [planner_server]: Planning took 3 ms
[planner_server-4] [INFO] [1790933070.698848192] [planner_server]: Plan computed: 176 poses
[planner_server-4] [INFO] [1790933070.806737751] [planner_server]: Planning took 3 ms
[planner_server-4] [INFO] [1790933070.807189432] [planner_server]: Plan computed: 175 poses
[planner_server-4] [INFO] [1790933070.916948010] [planner_server]: Planning took 3 ms
[planner_server-4] [INFO] [1790933070.917266861] [planner_server]: Plan computed: 174 poses
[planner_server-4] [INFO] [1790933071.028412628] [planner_server]: Planning took 3 ms
[planner_server-4] [INFO] [1790933071.028823301] [planner_server]: Plan computed: 173 poses
[controller_node-5] [WARN] [1790933071.064121060] [controller_server]: path_copy succeeded.
[controller_node-5] [INFO] [1790933071.065460543] [controller_server]: Computed velocity commands: linear.x=0.88, linear.y=0.69, angular.z=0.00
[planner_server-4] [INFO] [1790933071.136921091] [planner_server]: Planning took 3 ms
[planner_server-4] [INFO] [1790933071.137347063] [planner_server]: Plan computed: 171 poses
[planner_server-4] [INFO] [1790933071.246623223] [planner_server]: Planning took 3 ms
[planner_server-4] [INFO] [1790933071.246895646] [planner_server]: Plan computed: 169 poses
[planner_server-4] [INFO] [1790933071.357692901] [planner_server]: Planning took 4 ms
[planner_server-4] [INFO] [1790933071.357979761] [planner_server]: Plan computed: 168 poses
[planner_server-4] [INFO] [1790933071.469356667] [planner_server]: Planning took 3 ms
[planner_server-4] [INFO] [1790933071.469937561] [planner_server]: Plan computed: 166 poses
[planner_server-4] [INFO] [1790933071.577747861] [planner_server]: Planning took 3 ms
[planner_server-4] [INFO] [1790933071.577975329] [planner_server]: Plan computed: 165 poses
[planner_server-4] [INFO] [1790933071.686861674] [planner_server]: Planning took 3 ms
[planner_server-4] [INFO] [1790933071.687081939] [planner_server]: Plan computed: 163 poses
[planner_server-4] [INFO] [1790933071.796330242] [planner_server]: Planning took 3 ms
[planner_server-4] [INFO] [1790933071.796682585] [planner_server]: Plan computed: 161 poses
[planner_server-4] [INFO] [1790933071.907617952] [planner_server]: Planning took 4 ms
[planner_server-4] [INFO] [1790933071.907911395] [planner_server]: Plan computed: 159 poses
[planner_server-4] [INFO] [1790933072.017173513] [planner_server]: Planning took 3 ms
[planner_server-4] [INFO] [1790933072.017534633] [planner_server]: Plan computed: 159 poses
[planner_server-4] [INFO] [1790933072.126909763] [planner_server]: Planning took 3 ms
[planner_server-4] [INFO] [1790933072.128522921] [planner_server]: Plan computed: 157 poses
[planner_server-4] [INFO] [1790933072.240437889] [planner_server]: Planning took 3 ms
[planner_server-4] [INFO] [1790933072.240888318] [planner_server]: Plan computed: 155 poses
[planner_server-4] [INFO] [1790933072.346721738] [planner_server]: Planning took 3 ms
[planner_server-4] [INFO] [1790933072.347241958] [planner_server]: Plan computed: 154 poses
[planner_server-4] [INFO] [1790933072.457158137] [planner_server]: Planning took 3 ms
[planner_server-4] [INFO] [1790933072.457422315] [planner_server]: Plan computed: 152 poses
[planner_server-4] [INFO] [1790933072.566459574] [planner_server]: Planning took 3 ms
[planner_server-4] [INFO] [1790933072.566924640] [planner_server]: Plan computed: 150 poses
[planner_server-4] [INFO] [1790933072.678210272] [planner_server]: Planning took 3 ms
[planner_server-4] [INFO] [1790933072.678676350] [planner_server]: Plan computed: 149 poses
[planner_server-4] [INFO] [1790933072.786503080] [planner_server]: Planning took 3 ms
[planner_server-4] [INFO] [1790933072.786862126] [planner_server]: Plan computed: 148 poses
[planner_server-4] [INFO] [1790933072.897122295] [planner_server]: Planning took 3 ms
[planner_server-4] [INFO] [1790933072.897363019] [planner_server]: Plan computed: 147 poses
[planner_server-4] [INFO] [1790933073.007953413] [planner_server]: Planning took 3 ms
[planner_server-4] [INFO] [1790933073.008339891] [planner_server]: Plan computed: 147 poses
[controller_node-5] [WARN] [1790933073.064466398] [controller_server]: path_copy succeeded.
[controller_node-5] [INFO] [1790933073.065748633] [controller_server]: Computed velocity commands: linear.x=0.08, linear.y=-1.15, angular.z=0.00
[planner_server-4] [INFO] [1790933073.116563217] [planner_server]: Planning took 3 ms
[planner_server-4] [INFO] [1790933073.116972238] [planner_server]: Plan computed: 145 poses
[planner_server-4] [INFO] [1790933073.226186717] [planner_server]: Planning took 2 ms
[planner_server-4] [INFO] [1790933073.226476412] [planner_server]: Plan computed: 145 poses
[planner_server-4] [INFO] [1790933073.335763193] [planner_server]: Planning took 2 ms
[planner_server-4] [INFO] [1790933073.336218120] [planner_server]: Plan computed: 145 poses
[planner_server-4] [INFO] [1790933073.448078492] [planner_server]: Planning took 3 ms
[planner_server-4] [INFO] [1790933073.448474127] [planner_server]: Plan computed: 144 poses
[planner_server-4] [INFO] [1790933073.555855609] [planner_server]: Planning took 3 ms
[planner_server-4] [INFO] [1790933073.556290348] [planner_server]: Plan computed: 144 poses
[planner_server-4] [INFO] [1790933073.667039950] [planner_server]: Planning took 2 ms
[planner_server-4] [INFO] [1790933073.667373758] [planner_server]: Plan computed: 143 poses
[planner_server-4] [INFO] [1790933073.777466123] [planner_server]: Planning took 2 ms
[planner_server-4] [INFO] [1790933073.777725892] [planner_server]: Plan computed: 143 poses
[planner_server-4] [INFO] [1790933073.889247388] [planner_server]: Planning took 3 ms
[planner_server-4] [INFO] [1790933073.889740807] [planner_server]: Plan computed: 143 poses
[planner_server-4] [INFO] [1790933073.996558265] [planner_server]: Planning took 3 ms
[planner_server-4] [INFO] [1790933073.996830909] [planner_server]: Plan computed: 142 poses
[planner_server-4] [INFO] [1790933074.109112305] [planner_server]: Planning took 4 ms
[planner_server-4] [INFO] [1790933074.109517628] [planner_server]: Plan computed: 140 poses
[planner_server-4] [INFO] [1790933074.216441969] [planner_server]: Planning took 2 ms
[planner_server-4] [INFO] [1790933074.216731043] [planner_server]: Plan computed: 139 poses
[planner_server-4] [INFO] [1790933074.327842897] [planner_server]: Planning took 2 ms
[planner_server-4] [INFO] [1790933074.328297042] [planner_server]: Plan computed: 137 poses
[planner_server-4] [INFO] [1790933074.436075520] [planner_server]: Planning took 2 ms
[planner_server-4] [INFO] [1790933074.436889994] [planner_server]: Plan computed: 136 poses
[planner_server-4] [INFO] [1790933074.546373692] [planner_server]: Planning took 2 ms
[planner_server-4] [INFO] [1790933074.546762454] [planner_server]: Plan computed: 135 poses
[planner_server-4] [INFO] [1790933074.656102642] [planner_server]: Planning took 2 ms
[planner_server-4] [INFO] [1790933074.656627330] [planner_server]: Plan computed: 133 poses
[planner_server-4] [INFO] [1790933074.768549961] [planner_server]: Planning took 2 ms
[planner_server-4] [INFO] [1790933074.769167264] [planner_server]: Plan computed: 132 poses
[planner_server-4] [INFO] [1790933074.876556298] [planner_server]: Planning took 2 ms
[planner_server-4] [INFO] [1790933074.876764390] [planner_server]: Plan computed: 131 poses
[planner_server-4] [INFO] [1790933074.986103256] [planner_server]: Planning took 2 ms
[planner_server-4] [INFO] [1790933074.986355981] [planner_server]: Plan computed: 129 poses
[controller_node-5] [WARN] [1790933075.084061728] [controller_server]: path_copy succeeded.
[controller_node-5] [INFO] [1790933075.085548287] [controller_server]: Computed velocity commands: linear.x=-0.67, linear.y=0.00, angular.z=0.00
[planner_server-4] [INFO] [1790933075.095951132] [planner_server]: Planning took 2 ms
[planner_server-4] [INFO] [1790933075.096141410] [planner_server]: Plan computed: 128 poses
[planner_server-4] [INFO] [1790933075.208190577] [planner_server]: Planning took 3 ms
[planner_server-4] [INFO] [1790933075.208599077] [planner_server]: Plan computed: 128 poses
[planner_server-4] [INFO] [1790933075.316257908] [planner_server]: Planning took 2 ms
[planner_server-4] [INFO] [1790933075.316902902] [planner_server]: Plan computed: 127 poses
[planner_server-4] [INFO] [1790933075.426654305] [planner_server]: Planning took 3 ms
[planner_server-4] [INFO] [1790933075.427097249] [planner_server]: Plan computed: 126 poses
[planner_server-4] [INFO] [1790933075.535380982] [planner_server]: Planning took 2 ms
[planner_server-4] [INFO] [1790933075.535664957] [planner_server]: Plan computed: 125 poses
[planner_server-4] [INFO] [1790933075.646936957] [planner_server]: Planning took 3 ms
[planner_server-4] [INFO] [1790933075.647404397] [planner_server]: Plan computed: 124 poses
[planner_server-4] [INFO] [1790933075.756364018] [planner_server]: Planning took 2 ms
[planner_server-4] [INFO] [1790933075.756717944] [planner_server]: Plan computed: 123 poses
[planner_server-4] [INFO] [1790933075.865879235] [planner_server]: Planning took 2 ms
[planner_server-4] [INFO] [1790933075.866163310] [planner_server]: Plan computed: 122 poses
[planner_server-4] [INFO] [1790933075.978603764] [planner_server]: Planning took 2 ms
[planner_server-4] [INFO] [1790933075.979074140] [planner_server]: Plan computed: 121 poses
[planner_server-4] [INFO] [1790933076.086191325] [planner_server]: Planning took 2 ms
[planner_server-4] [INFO] [1790933076.086491350] [planner_server]: Plan computed: 120 poses
[planner_server-4] [INFO] [1790933076.195524329] [planner_server]: Planning took 2 ms
[planner_server-4] [INFO] [1790933076.195809406] [planner_server]: Plan computed: 118 poses
[planner_server-4] [INFO] [1790933076.305981849] [planner_server]: Planning took 2 ms
[planner_server-4] [INFO] [1790933076.306252669] [planner_server]: Plan computed: 118 poses
[planner_server-4] [INFO] [1790933076.416704859] [planner_server]: Planning took 2 ms
[planner_server-4] [INFO] [1790933076.417118137] [planner_server]: Plan computed: 118 poses
[planner_server-4] [INFO] [1790933076.526432425] [planner_server]: Planning took 2 ms
[planner_server-4] [INFO] [1790933076.526917748] [planner_server]: Plan computed: 116 poses
[planner_server-4] [INFO] [1790933076.641619539] [planner_server]: Planning took 7 ms
[planner_server-4] [INFO] [1790933076.642114050] [planner_server]: Plan computed: 115 poses
[planner_server-4] [INFO] [1790933076.756431926] [planner_server]: Planning took 2 ms
[planner_server-4] [INFO] [1790933076.756626021] [planner_server]: Plan computed: 114 poses
[planner_server-4] [INFO] [1790933076.866300849] [planner_server]: Planning took 2 ms
[planner_server-4] [INFO] [1790933076.866564966] [planner_server]: Plan computed: 114 poses
[planner_server-4] [INFO] [1790933076.977231179] [planner_server]: Planning took 2 ms
[planner_server-4] [INFO] [1790933076.977521776] [planner_server]: Plan computed: 113 poses
[planner_server-4] [INFO] [1790933077.085652951] [planner_server]: Planning took 2 ms
[planner_server-4] [INFO] [1790933077.086368809] [planner_server]: Plan computed: 112 poses
[controller_node-5] [WARN] [1790933077.104496490] [controller_server]: path_copy succeeded.
[controller_node-5] [INFO] [1790933077.105622520] [controller_server]: Computed velocity commands: linear.x=-0.78, linear.y=0.05, angular.z=0.00
[planner_server-4] [INFO] [1790933077.197096247] [planner_server]: Planning took 2 ms
[planner_server-4] [INFO] [1790933077.197436377] [planner_server]: Plan computed: 110 poses
[planner_server-4] [INFO] [1790933077.305531671] [planner_server]: Planning took 2 ms
[planner_server-4] [INFO] [1790933077.305830213] [planner_server]: Plan computed: 109 poses
[planner_server-4] [INFO] [1790933077.416939530] [planner_server]: Planning took 3 ms
[planner_server-4] [INFO] [1790933077.417130309] [planner_server]: Plan computed: 107 poses
[planner_server-4] [INFO] [1790933077.526723932] [planner_server]: Planning took 2 ms
[planner_server-4] [INFO] [1790933077.527220898] [planner_server]: Plan computed: 106 poses
[planner_server-4] [INFO] [1790933077.637162126] [planner_server]: Planning took 2 ms
[planner_server-4] [INFO] [1790933077.637553633] [planner_server]: Plan computed: 105 poses
[planner_server-4] [INFO] [1790933077.745230079] [planner_server]: Planning took 2 ms
[planner_server-4] [INFO] [1790933077.745559619] [planner_server]: Plan computed: 104 poses
[planner_server-4] [INFO] [1790933077.855686146] [planner_server]: Planning took 2 ms
[planner_server-4] [INFO] [1790933077.855988626] [planner_server]: Plan computed: 104 poses
[planner_server-4] [INFO] [1790933077.965130559] [planner_server]: Planning took 2 ms
[planner_server-4] [INFO] [1790933077.965303635] [planner_server]: Plan computed: 103 poses
[planner_server-4] [INFO] [1790933078.076218688] [planner_server]: Planning took 2 ms
[planner_server-4] [INFO] [1790933078.076531116] [planner_server]: Plan computed: 103 poses
[planner_server-4] [INFO] [1790933078.184970491] [planner_server]: Planning took 1 ms
[planner_server-4] [INFO] [1790933078.185372137] [planner_server]: Plan computed: 101 poses
[planner_server-4] [INFO] [1790933078.295302560] [planner_server]: Planning took 2 ms
[planner_server-4] [INFO] [1790933078.295462240] [planner_server]: Plan computed: 100 poses
[planner_server-4] [INFO] [1790933078.408101290] [planner_server]: Planning took 2 ms
[planner_server-4] [INFO] [1790933078.408384343] [planner_server]: Plan computed: 98 poses
[planner_server-4] [INFO] [1790933078.516342128] [planner_server]: Planning took 2 ms
[planner_server-4] [INFO] [1790933078.516628818] [planner_server]: Plan computed: 98 poses
[planner_server-4] [INFO] [1790933078.625566667] [planner_server]: Planning took 2 ms
[planner_server-4] [INFO] [1790933078.625811738] [planner_server]: Plan computed: 98 poses
[planner_server-4] [INFO] [1790933078.735398048] [planner_server]: Planning took 2 ms
[planner_server-4] [INFO] [1790933078.735598445] [planner_server]: Plan computed: 97 poses
[planner_server-4] [INFO] [1790933078.845359344] [planner_server]: Planning took 1 ms
[planner_server-4] [INFO] [1790933078.845635794] [planner_server]: Plan computed: 97 poses
[planner_server-4] [INFO] [1790933078.954850178] [planner_server]: Planning took 1 ms
[planner_server-4] [INFO] [1790933078.955209104] [planner_server]: Plan computed: 97 poses
[planner_server-4] [INFO] [1790933079.066155867] [planner_server]: Planning took 2 ms
[planner_server-4] [INFO] [1790933079.066515214] [planner_server]: Plan computed: 96 poses
[controller_node-5] [INFO] [1790933079.105701548] [controller_server]: Computed velocity commands: linear.x=0.93, linear.y=0.36, angular.z=0.00
[controller_node-5] [WARN] [1790933079.125064652] [controller_server]: path_copy succeeded.
[planner_server-4] [INFO] [1790933079.175614050] [planner_server]: Planning took 1 ms
[planner_server-4] [INFO] [1790933079.175761147] [planner_server]: Plan computed: 96 poses
[planner_server-4] [INFO] [1790933079.285578977] [planner_server]: Planning took 2 ms
[planner_server-4] [INFO] [1790933079.285997175] [planner_server]: Plan computed: 95 poses
[planner_server-4] [INFO] [1790933079.394781622] [planner_server]: Planning took 1 ms
[planner_server-4] [INFO] [1790933079.395290750] [planner_server]: Plan computed: 94 poses
[planner_server-4] [INFO] [1790933079.506611656] [planner_server]: Planning took 2 ms
[planner_server-4] [INFO] [1790933079.506903735] [planner_server]: Plan computed: 93 poses
[planner_server-4] [INFO] [1790933079.614896030] [planner_server]: Planning took 1 ms
[planner_server-4] [INFO] [1790933079.615104192] [planner_server]: Plan computed: 91 poses
[planner_server-4] [INFO] [1790933079.725015538] [planner_server]: Planning took 1 ms
[planner_server-4] [INFO] [1790933079.725235231] [planner_server]: Plan computed: 90 poses
[planner_server-4] [INFO] [1790933079.835746191] [planner_server]: Planning took 1 ms
[planner_server-4] [INFO] [1790933079.836226504] [planner_server]: Plan computed: 89 poses
[planner_server-4] [INFO] [1790933079.945655668] [planner_server]: Planning took 1 ms
[planner_server-4] [INFO] [1790933079.945925175] [planner_server]: Plan computed: 87 poses
[planner_server-4] [INFO] [1790933080.056575436] [planner_server]: Planning took 1 ms
[planner_server-4] [INFO] [1790933080.056751358] [planner_server]: Plan computed: 86 poses
[planner_server-4] [INFO] [1790933080.165201930] [planner_server]: Planning took 1 ms
[planner_server-4] [INFO] [1790933080.165614336] [planner_server]: Plan computed: 84 poses
[planner_server-4] [INFO] [1790933080.274653154] [planner_server]: Planning took 1 ms
[planner_server-4] [INFO] [1790933080.275102209] [planner_server]: Plan computed: 82 poses
[planner_server-4] [INFO] [1790933080.384999774] [planner_server]: Planning took 1 ms
[planner_server-4] [INFO] [1790933080.385355884] [planner_server]: Plan computed: 81 poses
[planner_server-4] [INFO] [1790933080.496449359] [planner_server]: Planning took 1 ms
[planner_server-4] [INFO] [1790933080.496931116] [planner_server]: Plan computed: 80 poses
[planner_server-4] [INFO] [1790933080.604623581] [planner_server]: Planning took 1 ms
[planner_server-4] [INFO] [1790933080.604893630] [planner_server]: Plan computed: 79 poses
[planner_server-4] [INFO] [1790933080.715284337] [planner_server]: Planning took 1 ms
[planner_server-4] [INFO] [1790933080.715578851] [planner_server]: Plan computed: 78 poses
[planner_server-4] [INFO] [1790933080.829714233] [planner_server]: Planning took 3 ms
[planner_server-4] [INFO] [1790933080.830261923] [planner_server]: Plan computed: 78 poses
[planner_server-4] [INFO] [1790933080.935375128] [planner_server]: Planning took 1 ms
[planner_server-4] [INFO] [1790933080.935654734] [planner_server]: Plan computed: 78 poses
[planner_server-4] [INFO] [1790933081.044840081] [planner_server]: Planning took 1 ms
[planner_server-4] [INFO] [1790933081.045464035] [planner_server]: Plan computed: 77 poses
[controller_node-5] [INFO] [1790933081.125808074] [controller_server]: Computed velocity commands: linear.x=-0.38, linear.y=-0.67, angular.z=0.00
[controller_node-5] [WARN] [1790933081.144581226] [controller_server]: path_copy succeeded.
[planner_server-4] [INFO] [1790933081.154889877] [planner_server]: Planning took 1 ms
[planner_server-4] [INFO] [1790933081.155619249] [planner_server]: Plan computed: 76 poses
[planner_server-4] [INFO] [1790933081.265876777] [planner_server]: Planning took 1 ms
[planner_server-4] [INFO] [1790933081.266276449] [planner_server]: Plan computed: 76 poses
[planner_server-4] [INFO] [1790933081.375066259] [planner_server]: Planning took 1 ms
[planner_server-4] [INFO] [1790933081.375366354] [planner_server]: Plan computed: 75 poses
[planner_server-4] [INFO] [1790933081.484813039] [planner_server]: Planning took 1 ms
[planner_server-4] [INFO] [1790933081.485238119] [planner_server]: Plan computed: 74 poses
[planner_server-4] [INFO] [1790933081.595290576] [planner_server]: Planning took 1 ms
[planner_server-4] [INFO] [1790933081.595638781] [planner_server]: Plan computed: 74 poses
[planner_server-4] [INFO] [1790933081.706540645] [planner_server]: Planning took 1 ms
[planner_server-4] [INFO] [1790933081.706689125] [planner_server]: Plan computed: 73 poses
[planner_server-4] [INFO] [1790933081.814597808] [planner_server]: Planning took 1 ms
[planner_server-4] [INFO] [1790933081.815093581] [planner_server]: Plan computed: 72 poses
[planner_server-4] [INFO] [1790933081.925181014] [planner_server]: Planning took 1 ms
[planner_server-4] [INFO] [1790933081.925426796] [planner_server]: Plan computed: 72 poses
[planner_server-4] [INFO] [1790933082.034882012] [planner_server]: Planning took 1 ms
[planner_server-4] [INFO] [1790933082.035879036] [planner_server]: Plan computed: 70 poses
[planner_server-4] [INFO] [1790933082.145311798] [planner_server]: Planning took 1 ms
[planner_server-4] [INFO] [1790933082.145568982] [planner_server]: Plan computed: 69 poses
[planner_server-4] [INFO] [1790933082.254406142] [planner_server]: Planning took 1 ms
[planner_server-4] [INFO] [1790933082.254817315] [planner_server]: Plan computed: 68 poses
[planner_server-4] [INFO] [1790933082.366564289] [planner_server]: Planning took 1 ms
[planner_server-4] [INFO] [1790933082.368836945] [planner_server]: Plan computed: 67 poses
[planner_server-4] [INFO] [1790933082.475280937] [planner_server]: Planning took 1 ms
[planner_server-4] [INFO] [1790933082.475698873] [planner_server]: Plan computed: 66 poses
[planner_server-4] [INFO] [1790933082.585219754] [planner_server]: Planning took 1 ms
[planner_server-4] [INFO] [1790933082.585499861] [planner_server]: Plan computed: 66 poses
[planner_server-4] [INFO] [1790933082.697274868] [planner_server]: Planning took 1 ms
[planner_server-4] [INFO] [1790933082.697553142] [planner_server]: Plan computed: 64 poses
[planner_server-4] [INFO] [1790933082.805315760] [planner_server]: Planning took 1 ms
[planner_server-4] [INFO] [1790933082.805681558] [planner_server]: Plan computed: 63 poses
[planner_server-4] [INFO] [1790933082.915548996] [planner_server]: Planning took 1 ms
[planner_server-4] [INFO] [1790933082.916137012] [planner_server]: Plan computed: 62 poses
[planner_server-4] [INFO] [1790933083.024353017] [planner_server]: Planning took 1 ms
[planner_server-4] [INFO] [1790933083.024558924] [planner_server]: Plan computed: 61 poses
[planner_server-4] [INFO] [1790933083.135119959] [planner_server]: Planning took 1 ms
[planner_server-4] [INFO] [1790933083.135406177] [planner_server]: Plan computed: 60 poses
[controller_node-5] [INFO] [1790933083.145513440] [controller_server]: Computed velocity commands: linear.x=-0.33, linear.y=0.19, angular.z=0.00
[controller_node-5] [WARN] [1790933083.163707717] [controller_server]: path_copy succeeded.
[planner_server-4] [INFO] [1790933083.245293470] [planner_server]: Planning took 1 ms
[planner_server-4] [INFO] [1790933083.245540865] [planner_server]: Plan computed: 59 poses
[planner_server-4] [INFO] [1790933083.355935236] [planner_server]: Planning took 2 ms
[planner_server-4] [INFO] [1790933083.356099996] [planner_server]: Plan computed: 58 poses
[planner_server-4] [INFO] [1790933083.464276233] [planner_server]: Planning took 0 ms
[planner_server-4] [INFO] [1790933083.464570396] [planner_server]: Plan computed: 57 poses
[planner_server-4] [INFO] [1790933083.574661496] [planner_server]: Planning took 1 ms
[planner_server-4] [INFO] [1790933083.574929991] [planner_server]: Plan computed: 57 poses
[planner_server-4] [INFO] [1790933083.686436686] [planner_server]: Planning took 1 ms
[planner_server-4] [INFO] [1790933083.686749595] [planner_server]: Plan computed: 56 poses
[planner_server-4] [INFO] [1790933083.794893085] [planner_server]: Planning took 0 ms
[planner_server-4] [INFO] [1790933083.795182499] [planner_server]: Plan computed: 56 poses
[planner_server-4] [INFO] [1790933083.904029566] [planner_server]: Planning took 1 ms
[planner_server-4] [INFO] [1790933083.904310775] [planner_server]: Plan computed: 55 poses
[planner_server-4] [INFO] [1790933084.014660027] [planner_server]: Planning took 1 ms
[planner_server-4] [INFO] [1790933084.015150560] [planner_server]: Plan computed: 54 poses
[planner_server-4] [INFO] [1790933084.127159691] [planner_server]: Planning took 2 ms
[planner_server-4] [INFO] [1790933084.127854238] [planner_server]: Plan computed: 53 poses
[planner_server-4] [INFO] [1790933084.234442554] [planner_server]: Planning took 0 ms
[planner_server-4] [INFO] [1790933084.234679229] [planner_server]: Plan computed: 52 poses
[planner_server-4] [INFO] [1790933084.344760039] [planner_server]: Planning took 1 ms
[planner_server-4] [INFO] [1790933084.344921432] [planner_server]: Plan computed: 51 poses
[planner_server-4] [INFO] [1790933084.454477645] [planner_server]: Planning took 0 ms
[planner_server-4] [INFO] [1790933084.455098999] [planner_server]: Plan computed: 51 poses
[planner_server-4] [INFO] [1790933084.564661328] [planner_server]: Planning took 0 ms
[planner_server-4] [INFO] [1790933084.564950412] [planner_server]: Plan computed: 49 poses
[planner_server-4] [INFO] [1790933084.675344161] [planner_server]: Planning took 0 ms
[planner_server-4] [INFO] [1790933084.675669583] [planner_server]: Plan computed: 48 poses
[planner_server-4] [INFO] [1790933084.784463711] [planner_server]: Planning took 0 ms
[planner_server-4] [INFO] [1790933084.785239952] [planner_server]: Plan computed: 47 poses
[planner_server-4] [INFO] [1790933084.894380748] [planner_server]: Planning took 0 ms
[planner_server-4] [INFO] [1790933084.894618265] [planner_server]: Plan computed: 46 poses
[planner_server-4] [INFO] [1790933085.006210892] [planner_server]: Planning took 0 ms
[planner_server-4] [INFO] [1790933085.006430144] [planner_server]: Plan computed: 45 poses
[planner_server-4] [INFO] [1790933085.114167276] [planner_server]: Planning took 0 ms
[planner_server-4] [INFO] [1790933085.114447683] [planner_server]: Plan computed: 43 poses
[controller_node-5] [WARN] [1790933085.164101171] [controller_server]: path_copy succeeded.
[controller_node-5] [INFO] [1790933085.165474314] [controller_server]: Computed velocity commands: linear.x=-0.69, linear.y=0.36, angular.z=0.00
[planner_server-4] [INFO] [1790933085.223774655] [planner_server]: Planning took 0 ms
[planner_server-4] [INFO] [1790933085.224217287] [planner_server]: Plan computed: 42 poses
[planner_server-4] [INFO] [1790933085.335168483] [planner_server]: Planning took 0 ms
[planner_server-4] [INFO] [1790933085.335484477] [planner_server]: Plan computed: 41 poses
[planner_server-4] [INFO] [1790933085.444248951] [planner_server]: Planning took 0 ms
[planner_server-4] [INFO] [1790933085.444566499] [planner_server]: Plan computed: 40 poses
[planner_server-4] [INFO] [1790933085.554456269] [planner_server]: Planning took 0 ms
[planner_server-4] [INFO] [1790933085.554745273] [planner_server]: Plan computed: 40 poses
[planner_server-4] [INFO] [1790933085.663764195] [planner_server]: Planning took 0 ms
[planner_server-4] [INFO] [1790933085.664406123] [planner_server]: Plan computed: 38 poses
[planner_server-4] [INFO] [1790933085.775182961] [planner_server]: Planning took 0 ms
[planner_server-4] [INFO] [1790933085.775573255] [planner_server]: Plan computed: 37 poses
[planner_server-4] [INFO] [1790933085.885145860] [planner_server]: Planning took 0 ms
[planner_server-4] [INFO] [1790933085.885466693] [planner_server]: Plan computed: 36 poses
[planner_server-4] [INFO] [1790933085.994116280] [planner_server]: Planning took 0 ms
[planner_server-4] [INFO] [1790933085.994412477] [planner_server]: Plan computed: 36 poses
[planner_server-4] [INFO] [1790933086.105638652] [planner_server]: Planning took 1 ms
[planner_server-4] [INFO] [1790933086.106050016] [planner_server]: Plan computed: 35 poses
[planner_server-4] [INFO] [1790933086.213717517] [planner_server]: Planning took 0 ms
[planner_server-4] [INFO] [1790933086.214130264] [planner_server]: Plan computed: 34 poses
[planner_server-4] [INFO] [1790933086.323613499] [planner_server]: Planning took 0 ms
[planner_server-4] [INFO] [1790933086.323796162] [planner_server]: Plan computed: 32 poses
[planner_server-4] [INFO] [1790933086.434073642] [planner_server]: Planning took 0 ms
[planner_server-4] [INFO] [1790933086.434402019] [planner_server]: Plan computed: 31 poses
[planner_server-4] [INFO] [1790933086.544457982] [planner_server]: Planning took 0 ms
[planner_server-4] [INFO] [1790933086.544586414] [planner_server]: Plan computed: 30 poses
[planner_server-4] [INFO] [1790933086.653433333] [planner_server]: Planning took 0 ms
[planner_server-4] [INFO] [1790933086.653823757] [planner_server]: Plan computed: 30 poses
[planner_server-4] [INFO] [1790933086.764245929] [planner_server]: Planning took 0 ms
[planner_server-4] [INFO] [1790933086.764524242] [planner_server]: Plan computed: 28 poses
[planner_server-4] [INFO] [1790933086.875247751] [planner_server]: Planning took 0 ms
[planner_server-4] [INFO] [1790933086.875491750] [planner_server]: Plan computed: 28 poses
[planner_server-4] [INFO] [1790933086.984608676] [planner_server]: Planning took 0 ms
[planner_server-4] [INFO] [1790933086.985081605] [planner_server]: Plan computed: 27 poses
[planner_server-4] [INFO] [1790933087.093511304] [planner_server]: Planning took 0 ms
[planner_server-4] [INFO] [1790933087.093994963] [planner_server]: Plan computed: 25 poses
[controller_node-5] [WARN] [1790933087.183436171] [controller_server]: path_copy succeeded.
[controller_node-5] [INFO] [1790933087.185000673] [controller_server]: Computed velocity commands: linear.x=-0.80, linear.y=0.40, angular.z=0.00
[planner_server-4] [INFO] [1790933087.203558800] [planner_server]: Planning took 0 ms
[planner_server-4] [INFO] [1790933087.203837905] [planner_server]: Plan computed: 25 poses
[planner_server-4] [INFO] [1790933087.315163616] [planner_server]: Planning took 0 ms
[planner_server-4] [INFO] [1790933087.315308719] [planner_server]: Plan computed: 24 poses
[planner_server-4] [INFO] [1790933087.425331169] [planner_server]: Planning took 0 ms
[planner_server-4] [INFO] [1790933087.425618329] [planner_server]: Plan computed: 23 poses
[planner_server-4] [INFO] [1790933087.533752539] [planner_server]: Planning took 0 ms
[planner_server-4] [INFO] [1790933087.534061209] [planner_server]: Plan computed: 22 poses
[planner_server-4] [INFO] [1790933087.643424330] [planner_server]: Planning took 0 ms
[planner_server-4] [INFO] [1790933087.643581325] [planner_server]: Plan computed: 21 poses
[planner_server-4] [INFO] [1790933087.756634804] [planner_server]: Planning took 0 ms
[planner_server-4] [INFO] [1790933087.756947653] [planner_server]: Plan computed: 20 poses
[planner_server-4] [INFO] [1790933087.864424487] [planner_server]: Planning took 0 ms
[planner_server-4] [INFO] [1790933087.864870525] [planner_server]: Plan computed: 19 poses
[planner_server-4] [INFO] [1790933087.973728346] [planner_server]: Planning took 0 ms
[planner_server-4] [INFO] [1790933087.973881684] [planner_server]: Plan computed: 18 poses
[planner_server-4] [INFO] [1790933088.084203852] [planner_server]: Planning took 0 ms
[planner_server-4] [INFO] [1790933088.084498526] [planner_server]: Plan computed: 16 poses
[planner_server-4] [INFO] [1790933088.196186528] [planner_server]: Planning took 0 ms
[planner_server-4] [INFO] [1790933088.196393708] [planner_server]: Plan computed: 15 poses
[planner_server-4] [INFO] [1790933088.304496745] [planner_server]: Planning took 0 ms
[planner_server-4] [INFO] [1790933088.304771632] [planner_server]: Plan computed: 15 poses
[planner_server-4] [INFO] [1790933088.413567552] [planner_server]: Planning took 0 ms
[planner_server-4] [INFO] [1790933088.413702585] [planner_server]: Plan computed: 13 poses
[planner_server-4] [INFO] [1790933088.523629221] [planner_server]: Planning took 0 ms
[planner_server-4] [INFO] [1790933088.523898237] [planner_server]: Plan computed: 11 poses
[planner_server-4] [INFO] [1790933088.635992178] [planner_server]: Planning took 0 ms
[planner_server-4] [INFO] [1790933088.636502377] [planner_server]: Plan computed: 10 poses
[planner_server-4] [INFO] [1790933088.743239841] [planner_server]: Planning took 0 ms
[planner_server-4] [INFO] [1790933088.743478399] [planner_server]: Plan computed: 9 poses
[planner_server-4] [INFO] [1790933088.853717067] [planner_server]: Planning took 0 ms
[planner_server-4] [INFO] [1790933088.853854265] [planner_server]: Plan computed: 8 poses
[planner_server-4] [INFO] [1790933088.963443743] [planner_server]: Planning took 0 ms
[planner_server-4] [INFO] [1790933088.964058208] [planner_server]: Plan computed: 8 poses
[planner_server-4] [INFO] [1790933089.075345744] [planner_server]: Planning took 0 ms
[planner_server-4] [INFO] [1790933089.075665275] [planner_server]: Plan computed: 7 poses
[planner_server-4] [INFO] [1790933089.183826647] [planner_server]: Planning took 0 ms
[planner_server-4] [INFO] [1790933089.183985275] [planner_server]: Plan computed: 6 poses
[controller_node-5] [WARN] [1790933089.203303740] [controller_server]: path_copy succeeded.
[controller_node-5] [INFO] [1790933089.205148919] [controller_server]: Computed velocity commands: linear.x=0.28, linear.y=0.15, angular.z=0.00
[planner_server-4] [INFO] [1790933089.293609638] [planner_server]: Planning took 0 ms
[planner_server-4] [INFO] [1790933089.294204025] [planner_server]: Plan computed: 5 poses
[planner_server-4] [INFO] [1790933089.403460506] [planner_server]: Planning took 0 ms
[planner_server-4] [INFO] [1790933089.403651285] [planner_server]: Plan computed: 4 poses
[planner_server-4] [INFO] [1790933089.514156553] [planner_server]: Planning took 0 ms
[planner_server-4] [INFO] [1790933089.514662104] [planner_server]: Plan computed: 3 poses
[planner_server-4] [INFO] [1790933089.623950966] [planner_server]: Planning took 0 ms
[planner_server-4] [INFO] [1790933089.624234669] [planner_server]: Plan computed: 3 poses
[planner_server-4] [INFO] [1790933089.733803783] [planner_server]: Planning took 0 ms
[planner_server-4] [INFO] [1790933089.734159281] [planner_server]: Plan computed: 3 poses
[planner_server-4] [INFO] [1790933089.844031951] [planner_server]: Planning took 0 ms
[planner_server-4] [INFO] [1790933089.844265259] [planner_server]: Plan computed: 3 poses
[planner_server-4] [INFO] [1790933089.953714768] [planner_server]: Planning took 0 ms
[planner_server-4] [INFO] [1790933089.953915836] [planner_server]: Plan computed: 2 poses
[planner_server-4] [INFO] [1790933090.063639739] [planner_server]: Planning took 0 ms
[planner_server-4] [INFO] [1790933090.064254886] [planner_server]: Plan computed: 2 poses
[planner_server-4] [INFO] [1790933090.174134995] [planner_server]: Planning took 0 ms
[planner_server-4] [INFO] [1790933090.174959214] [planner_server]: Plan computed: 2 poses
[planner_server-4] [INFO] [1790933090.284043472] [planner_server]: Planning took 0 ms
[planner_server-4] [INFO] [1790933090.284282421] [planner_server]: Plan computed: 2 poses
[planner_server-4] [INFO] [1790933090.393950736] [planner_server]: Planning took 0 ms
[planner_server-4] [INFO] [1790933090.394614975] [planner_server]: Plan computed: 2 poses
[planner_server-4] [INFO] [1790933090.503579074] [planner_server]: Planning took 0 ms
[planner_server-4] [INFO] [1790933090.503937017] [planner_server]: Plan computed: 3 poses
[planner_server-4] [INFO] [1790933090.614277810] [planner_server]: Planning took 0 ms
[planner_server-4] [INFO] [1790933090.614431108] [planner_server]: Plan computed: 3 poses
[planner_server-4] [INFO] [1790933090.724137034] [planner_server]: Planning took 0 ms
[planner_server-4] [INFO] [1790933090.724447798] [planner_server]: Plan computed: 3 poses
[planner_server-4] [INFO] [1790933090.833844434] [planner_server]: Planning took 0 ms
[planner_server-4] [INFO] [1790933090.834087551] [planner_server]: Plan computed: 3 poses
[planner_server-4] [INFO] [1790933090.946929843] [planner_server]: Planning took 0 ms
[planner_server-4] [INFO] [1790933090.947020503] [planner_server]: Plan computed: 3 poses
[planner_server-4] [INFO] [1790933091.055384277] [planner_server]: Planning took 0 ms
[planner_server-4] [INFO] [1790933091.055623546] [planner_server]: Plan computed: 3 poses
[planner_server-4] [INFO] [1790933091.163641811] [planner_server]: Planning took 0 ms
[planner_server-4] [INFO] [1790933091.163804897] [planner_server]: Plan computed: 3 poses
[controller_node-5] [WARN] [1790933091.204500784] [controller_server]: path_copy succeeded.
[controller_node-5] [INFO] [1790933091.205649654] [controller_server]: Computed velocity commands: linear.x=-0.15, linear.y=0.09, angular.z=0.00
[planner_server-4] [INFO] [1790933091.274479054] [planner_server]: Planning took 0 ms
[planner_server-4] [INFO] [1790933091.274757317] [planner_server]: Plan computed: 3 poses
[planner_server-4] [INFO] [1790933091.384928438] [planner_server]: Planning took 0 ms
[planner_server-4] [INFO] [1790933091.385069243] [planner_server]: Plan computed: 2 poses
[planner_server-4] [INFO] [1790933091.494047973] [planner_server]: Planning took 0 ms
[planner_server-4] [INFO] [1790933091.494266514] [planner_server]: Plan computed: 2 poses
[planner_server-4] [INFO] [1790933091.604284548] [planner_server]: Planning took 0 ms
[planner_server-4] [INFO] [1790933091.604807170] [planner_server]: Plan computed: 2 poses
[planner_server-4] [INFO] [1790933091.713207533] [planner_server]: Planning took 0 ms
[planner_server-4] [INFO] [1790933091.713445841] [planner_server]: Plan computed: 2 poses
[planner_server-4] [INFO] [1790933091.823542918] [planner_server]: Planning took 0 ms
[planner_server-4] [INFO] [1790933091.823681278] [planner_server]: Plan computed: 2 poses
[nav_interface_node-7] [INFO] [1790933091.922613779] [nav_interface_node]: [NavStateTrack] Goal reached! remaining=0.039 m, elapsed=99.33 s
[nav_interface_node-7] Sequence succeeded, halting children and returning SUCCESS
[nav_interface_node-7] [INFO] [1790933091.932639612] [nav_interface_node]: Navigation task finished successfully.
[sp_decision_node-6] [INFO] [1790933092.060195514] [sp_decision]: [NavToPose] Goal succeeded.
[sp_decision_node-6] [INFO] [1790933092.060636112] [sp_decision]: [DecisionEngine] SUCCEEDED – restarting
[sp_decision_node-6] [INFO] [1790933092.160128353] [sp_decision]: [WaitDuration] Wait complete – SUCCESS.
[sp_decision_node-6] [INFO] [1790933092.160248188] [sp_decision]: [DecisionEngine] SUCCEEDED – restarting
[sp_decision_node-6] [INFO] [1790933092.259743284] [sp_decision]: [DecisionEngine] SUCCEEDED – restarting
[sp_decision_node-6] [INFO] [1790933092.359851062] [sp_decision]: [DecisionEngine] SUCCEEDED – restarting
[sp_decision_node-6] [INFO] [1790933092.459991401] [sp_decision]: [DecisionEngine] SUCCEEDED – restarting
[sp_decision_node-6] [INFO] [1790933092.560195609] [sp_decision]: [DecisionEngine] SUCCEEDED – restarting
[sp_decision_node-6] [INFO] [1790933092.659792436] [sp_decision]: [DecisionEngine] SUCCEEDED – restarting
[sp_decision_node-6] [INFO] [1790933092.760246275] [sp_decision]: [DecisionEngine] SUCCEEDED – restarting
[sp_decision_node-6] [INFO] [1790933092.859829777] [sp_decision]: [DecisionEngine] SUCCEEDED – restarting
[sp_decision_node-6] [INFO] [1790933092.959644754] [sp_decision]: [DecisionEngine] SUCCEEDED – restarting
[sp_decision_node-6] [INFO] [1790933093.059904475] [sp_decision]: [DecisionEngine] SUCCEEDED – restarting
[sp_decision_node-6] [INFO] [1790933093.160452225] [sp_decision]: [DecisionEngine] SUCCEEDED – restarting
[controller_node-5] [WARN] [1790933093.223226301] [controller_server]: path_copy succeeded.
[controller_node-5] [INFO] [1790933093.224353960] [controller_server]: Computed velocity commands: linear.x=-0.03, linear.y=-0.08, angular.z=0.00
[sp_decision_node-6] [INFO] [1790933093.261011213] [sp_decision]: [DecisionEngine] SUCCEEDED – restarting
[sp_decision_node-6] [INFO] [1790933093.359896024] [sp_decision]: [DecisionEngine] SUCCEEDED – restarting
[sp_decision_node-6] [INFO] [1790933093.460249716] [sp_decision]: [DecisionEngine] SUCCEEDED – restarting
[sp_decision_node-6] [INFO] [1790933093.560382734] [sp_decision]: [DecisionEngine] SUCCEEDED – restarting
[sp_decision_node-6] [INFO] [1790933093.660123933] [sp_decision]: [DecisionEngine] SUCCEEDED – restarting
[sp_decision_node-6] [INFO] [1790933093.760785995] [sp_decision]: [DecisionEngine] SUCCEEDED – restarting
[sp_decision_node-6] [INFO] [1790933093.860152945] [sp_decision]: [DecisionEngine] SUCCEEDED – restarting
[sp_decision_node-6] [INFO] [1790933093.960259103] [sp_decision]: [DecisionEngine] SUCCEEDED – restarting
[sp_decision_node-6] [INFO] [1790933094.059701271] [sp_decision]: [DecisionEngine] SUCCEEDED – restarting
[sp_decision_node-6] [INFO] [1790933094.160104749] [sp_decision]: [DecisionEngine] SUCCEEDED – restarting
[sp_decision_node-6] [INFO] [1790933094.260593318] [sp_decision]: [DecisionEngine] SUCCEEDED – restarting
[sp_decision_node-6] [INFO] [1790933094.359664652] [sp_decision]: [DecisionEngine] SUCCEEDED – restarting
[sp_decision_node-6] [INFO] [1790933094.460239192] [sp_decision]: [DecisionEngine] SUCCEEDED – restarting
[sp_decision_node-6] [INFO] [1790933094.560158160] [sp_decision]: [DecisionEngine] SUCCEEDED – restarting
[sp_decision_node-6] [INFO] [1790933094.660213383] [sp_decision]: [DecisionEngine] SUCCEEDED – restarting
[sp_decision_node-6] [INFO] [1790933094.760365580] [sp_decision]: [DecisionEngine] SUCCEEDED – restarting
[sp_decision_node-6] [INFO] [1790933094.859884045] [sp_decision]: [DecisionEngine] SUCCEEDED – restarting
[sp_decision_node-6] [INFO] [1790933094.959714045] [sp_decision]: [DecisionEngine] SUCCEEDED – restarting
[sp_decision_node-6] [INFO] [1790933095.060724644] [sp_decision]: [DecisionEngine] SUCCEEDED – restarting
[sp_decision_node-6] [INFO] [1790933095.159705361] [sp_decision]: [DecisionEngine] SUCCEEDED – restarting
[controller_node-5] [WARN] [1790933095.223253650] [controller_server]: path_copy succeeded.
[controller_node-5] [INFO] [1790933095.244242569] [controller_server]: Computed velocity commands: linear.x=0.00, linear.y=0.00, angular.z=0.00
[sp_decision_node-6] [INFO] [1790933095.259972155] [sp_decision]: [DecisionEngine] SUCCEEDED – restarting
[sp_decision_node-6] [INFO] [1790933095.359848405] [sp_decision]: [DecisionEngine] SUCCEEDED – restarting
[sp_decision_node-6] [INFO] [1790933095.459971448] [sp_decision]: [DecisionEngine] SUCCEEDED – restarting
[sp_decision_node-6] [INFO] [1790933095.561579342] [sp_decision]: [DecisionEngine] SUCCEEDED – restarting
[sp_decision_node-6] [INFO] [1790933095.659735381] [sp_decision]: [DecisionEngine] SUCCEEDED – restarting
[sp_decision_node-6] [INFO] [1790933095.759909610] [sp_decision]: [DecisionEngine] SUCCEEDED – restarting
[sp_decision_node-6] [INFO] [1790933095.859775230] [sp_decision]: [DecisionEngine] SUCCEEDED – restarting
[sp_decision_node-6] [INFO] [1790933095.959754654] [sp_decision]: [DecisionEngine] SUCCEEDED – restarting
[sp_decision_node-6] [INFO] [1790933096.059924174] [sp_decision]: [DecisionEngine] SUCCEEDED – restarting
[sp_decision_node-6] [INFO] [1790933096.160095571] [sp_decision]: [DecisionEngine] SUCCEEDED – restarting
[sp_decision_node-6] [INFO] [1790933096.259781676] [sp_decision]: [DecisionEngine] SUCCEEDED – restarting
[sp_decision_node-6] [INFO] [1790933096.359526312] [sp_decision]: [DecisionEngine] SUCCEEDED – restarting
[sp_decision_node-6] [INFO] [1790933096.459851879] [sp_decision]: [DecisionEngine] SUCCEEDED – restarting
[sp_decision_node-6] [INFO] [1790933096.560890717] [sp_decision]: [DecisionEngine] SUCCEEDED – restarting
[sp_decision_node-6] [INFO] [1790933096.659897938] [sp_decision]: [DecisionEngine] SUCCEEDED – restarting
[sp_decision_node-6] [INFO] [1790933096.759732587] [sp_decision]: [DecisionEngine] SUCCEEDED – restarting
[sp_decision_node-6] [INFO] [1790933096.860051908] [sp_decision]: [DecisionEngine] SUCCEEDED – restarting
[sp_decision_node-6] [INFO] [1790933096.959966543] [sp_decision]: [DecisionEngine] SUCCEEDED – restarting
[sp_decision_node-6] [INFO] [1790933097.059602870] [sp_decision]: [DecisionEngine] SUCCEEDED – restarting
[sp_decision_node-6] [INFO] [1790933097.159992726] [sp_decision]: [DecisionEngine] SUCCEEDED – restarting
[controller_node-5] [WARN] [1790933097.223413041] [controller_server]: path_copy succeeded.
[sp_decision_node-6] [INFO] [1790933097.259943380] [sp_decision]: [DecisionEngine] SUCCEEDED – restarting
[controller_node-5] [INFO] [1790933097.263330895] [controller_server]: Computed velocity commands: linear.x=0.00, linear.y=0.00, angular.z=0.00
[sp_decision_node-6] [INFO] [1790933097.359626653] [sp_decision]: [DecisionEngine] SUCCEEDED – restarting
[sp_decision_node-6] [INFO] [1790933097.459476339] [sp_decision]: [DecisionEngine] SUCCEEDED – restarting
[sp_decision_node-6] [INFO] [1790933097.560156655] [sp_decision]: [DecisionEngine] SUCCEEDED – restarting
[sp_decision_node-6] [INFO] [1790933097.659914594] [sp_decision]: [DecisionEngine] SUCCEEDED – restarting
[sp_decision_node-6] [INFO] [1790933097.759927161] [sp_decision]: [DecisionEngine] SUCCEEDED – restarting
[sp_decision_node-6] [INFO] [1790933097.859762439] [sp_decision]: [DecisionEngine] SUCCEEDED – restarting
[sp_decision_node-6] [INFO] [1790933097.960160716] [sp_decision]: [DecisionEngine] SUCCEEDED – restarting
[sp_decision_node-6] [INFO] [1790933098.060259960] [sp_decision]: [DecisionEngine] SUCCEEDED – restarting
[sp_decision_node-6] [INFO] [1790933098.160056710] [sp_decision]: [DecisionEngine] SUCCEEDED – restarting
[sp_decision_node-6] [INFO] [1790933098.259919653] [sp_decision]: [DecisionEngine] SUCCEEDED – restarting
[sp_decision_node-6] [INFO] [1790933098.360080927] [sp_decision]: [DecisionEngine] SUCCEEDED – restarting
[WARNING] [launch]: user interrupted with ctrl-c (SIGINT)
[sp_decision_node-6] [INFO] [1790933098.446201906] [rclcpp]: signal_handler(SIGINT/SIGTERM)
[INFO] [rviz2-8]: sending signal 'SIGINT' to process[rviz2-8]
[INFO] [nav_interface_node-7]: sending signal 'SIGINT' to process[nav_interface_node-7]
[INFO] [sp_decision_node-6]: sending signal 'SIGINT' to process[sp_decision_node-6]
[INFO] [controller_node-5]: sending signal 'SIGINT' to process[controller_node-5]
[INFO] [planner_server-4]: sending signal 'SIGINT' to process[planner_server-4]
[INFO] [esdf_map_publisher-3]: sending signal 'SIGINT' to process[esdf_map_publisher-3]
[INFO] [sim_robot-2]: sending signal 'SIGINT' to process[sim_robot-2]
[ERROR] [nav_interface_node-7]: process has died [pid 45065, exit code -2, cmd '/home/zrj/nav_final_project/install/sp_nav_bt/lib/sp_nav_bt/nav_interface_node --ros-args -r __node:=nav_interface_node --params-file /home/zrj/nav_final_project/install/sp_nav_bringup/share/sp_nav_bringup/config/nav_params.yaml --params-file /tmp/launch_params_0_anwmp3'].
[ERROR] [planner_server-4]: process has died [pid 45059, exit code -2, cmd '/home/zrj/nav_final_project/install/sp_global_planner/lib/sp_global_planner/planner_server --ros-args -r __node:=planner_server --params-file /home/zrj/nav_final_project/install/sp_nav_bringup/share/sp_nav_bringup/config/nav_params.yaml --params-file /tmp/launch_params_pwtht5t0'].
[ERROR] [controller_node-5]: process has died [pid 45061, exit code -2, cmd '/home/zrj/nav_final_project/install/sp_controller_server/lib/sp_controller_server/controller_node --ros-args -r __node:=controller_server --params-file /home/zrj/nav_final_project/install/sp_nav_bringup/share/sp_nav_bringup/config/nav_params.yaml --params-file /tmp/launch_params_xapzo__i'].
[INFO] [static_transform_publisher-1]: sending signal 'SIGINT' to process[static_transform_publisher-1]
[sp_decision_node-6] [INFO] [1790933098.448396348] [sp_decision]: [DecisionEngine] Stopped.
[esdf_map_publisher-3] [INFO] [1790933098.446867416] [rclcpp]: signal_handler(SIGINT/SIGTERM)
[rviz2-8] [INFO] [1790933098.447602317] [rclcpp]: signal_handler(SIGINT/SIGTERM)
[static_transform_publisher-1] [INFO] [1790933098.448031824] [rclcpp]: signal_handler(SIGINT/SIGTERM)
[nav_interface_node-7] [INFO] [1790933098.448396889] [rclcpp]: signal_handler(SIGINT/SIGTERM)
[controller_node-5] [INFO] [1790933098.448543575] [rclcpp]: signal_handler(SIGINT/SIGTERM)
[planner_server-4] [INFO] [1790933098.448978141] [rclcpp]: signal_handler(SIGINT/SIGTERM)
[rviz2-8] [INFO] [1790933098.471491928] [rclcpp]: signal_handler(SIGINT/SIGTERM)
[sp_decision_node-6] [INFO] [1790933098.478701341] [rclcpp]: signal_handler(SIGINT/SIGTERM)
[esdf_map_publisher-3] [INFO] [1790933098.496988569] [rclcpp]: signal_handler(SIGINT/SIGTERM)
[sim_robot-2] Traceback (most recent call last):
[sim_robot-2]   File "/home/zrj/nav_final_project/install/sp_nav_sim/lib/sp_nav_sim/sim_robot", line 33, in <module>
[sim_robot-2]     sys.exit(load_entry_point('sp-nav-sim', 'console_scripts', 'sim_robot')())
[sim_robot-2]   File "/home/zrj/nav_final_project/build/sp_nav_sim/sp_nav_sim/sim_robot_node.py", line 598, in main
[sim_robot-2]     node.destroy_node()
[sim_robot-2]   File "/opt/ros/humble/local/lib/python3.10/dist-packages/rclpy/node.py", line 1696, in destroy_node
[sim_robot-2]     self.__node.destroy_when_not_in_use()
[sim_robot-2] KeyboardInterrupt
[ERROR] [static_transform_publisher-1]: process has died [pid 45053, exit code -2, cmd '/opt/ros/humble/lib/tf2_ros/static_transform_publisher 0 0.15 0 0 0 0 base_link livox_frame --ros-args'].
[INFO] [esdf_map_publisher-3]: process has finished cleanly [pid 45057]
[sim_robot-2] The following exception was never retrieved: Failed to publish: publisher's context is invalid, at ./src/rcl/publisher.c:389
[ERROR] [sim_robot-2]: process has died [pid 45055, exit code -2, cmd '/home/zrj/nav_final_project/install/sp_nav_sim/lib/sp_nav_sim/sim_robot --ros-args -r __node:=sim_robot_node --params-file /home/zrj/nav_final_project/install/sp_nav_sim/share/sp_nav_sim/config/sim_robot.yaml'].
[INFO] [rviz2-8]: process has finished cleanly [pid 45067]
[ERROR] [sp_decision_node-6]: process[sp_decision_node-6] failed to terminate '5' seconds after receiving 'SIGINT', escalating to 'SIGTERM'
[INFO] [sp_decision_node-6]: sending signal 'SIGTERM' to process[sp_decision_node-6]
[sp_decision_node-6] [INFO] [1790933103.475745315] [rclcpp]: signal_handler(SIGINT/SIGTERM)
[ERROR] [sp_decision_node-6]: process[sp_decision_node-6] failed to terminate '10.0' seconds after receiving 'SIGTERM', escalating to 'SIGKILL'
[INFO] [sp_decision_node-6]: sending signal 'SIGKILL' to process[sp_decision_node-6]
[ERROR] [sp_decision_node-6]: process has died [pid 45063, exit code -9, cmd '/home/zrj/nav_final_project/install/sp_decision/lib/sp_decision/sp_decision_node --ros-args -r __node:=sp_decision --params-file /home/zrj/nav_final_project/install/sp_nav_bringup/share/sp_nav_bringup/config/nav_params.yaml --params-file /tmp/launch_params_xsbckbnb'].
