time_s,x_m,y_m,vx_mps,vy_mps,cmd_x_mps,cmd_y_mps,goal_error_m,initial_path_error_m,initial_raw_path_error_m,current_path_error_m,wall_clearance_m
0.009685158998763654,0.9,0.9,0.0,0.0,0.0,0.0,18.667619023324853,nan,nan,nan,0.75
0.05988827499822946,0.9,0.9,0.0,0.0,0.0,0.0,18.667619023324853,nan,nan,nan,0.75
0.0806853219983168,0.9,0.9,0.0,0.0,0.0,0.0,18.667619023324853,nan,nan,nan,0.75
0.11961319600231946,0.9,0.9,0.0,0.0,0.0,0.0,18.667619023324853,nan,nan,nan,0.75
0.15279118600301445,0.9,0.9,0.0,0.0,0.0,0.0,18.667619023324853,nan,nan,nan,0.75
0.16803283199988073,0.9,0.9,0.0,0.0,0.0,0.0,18.667619023324853,nan,nan,nan,0.75
0.31827317099669017,0.9,0.9,0.0,0.0,0.0,0.0,18.667619023324853,0.0,0.0,0.0,0.75
0.32275035900238436,0.9,0.9,0.0,0.0,0.03328728697891291,0.006925065023773838,18.667619023324853,0.0,0.0,0.0,0.75
0.3251781060025678,0.9,0.9,0.0,0.0,0.06275218810471025,0.013006133363471006,18.667619023324853,0.0,0.0,0.0,0.75
0.3271463010023581,0.9,0.9,0.0,0.0,0.09522856576273278,0.023042798023378677,18.667619023324853,0.0,0.0,0.0,0.75
0.4435130069978186,0.9,0.9,0.0,0.0,0.197835678655798,0.04088711582254434,18.667619023324853,0.0,0.0,0.0,0.75
0.44544367300113663,0.9,0.9,0.0,0.0,0.22824518852638792,0.0632750916614947,18.667619023324853,0.0,0.0,0.0,0.75
0.5711796600007801,0.9001033689139581,0.9000509705453108,0.002372914865949527,0.0011640773968992113,0.4661165628424856,0.08015898231427024,18.66750988888337,2.6231733858013136e-05,3.7051241793649476e-05,2.6231733858013136e-05,0.75
0.5735493789979955,0.9003124245153158,0.9001395353921765,0.006271668040730303,0.0026569454059716634,0.49189979554060864,0.11879356132998439,18.66729943980975,6.514162260479375e-05,0.00012225107136518514,6.514162260479375e-05,0.75
0.5802775510019273,0.9009014675680908,0.9002942758899505,0.017671291583249767,0.004642214933220754,0.6276567844360127,0.10290033190066877,18.666773509954787,8.243644525167725e-05,0.00042934935309302664,8.243644525167725e-05,0.75
0.6999228010026854,0.9020331321129795,0.900587763501787,0.03394993634666378,0.008804628355098204,0.6276567844360127,0.10290033190066877,18.665765798243108,0.00011196331291385253,0.0010220299462883908,0.00017386223099933158,0.75
0.7026599000018905,0.9038808224443411,0.9010768274765338,0.055430709940847464,0.014671919242402652,0.6280380532503467,0.11875095310487352,18.664113540761296,0.00016979671465961537,0.001982723856149465,0.00036821771214656546,0.75
0.7042419610006618,0.9064291010282324,0.9017907473807792,0.07644835751673826,0.021417597127362728,0.6582071690426262,0.1393546557400511,18.661807000987828,0.00028795195812599347,0.0032798113176554654,0.0006752004355858383,0.75
0.8321055479973438,0.9098032899720735,0.9027328308582101,0.10122566831523394,0.02826250432292715,0.7019171243131686,0.05895982330833199,18.65875531708745,0.0004412640779289327,0.004999569585515032,0.0007247406616448341,0.75
0.8349667479997152,0.9141239511722006,0.9039615062740836,0.12961983600381133,0.0368602624762048,0.687205825989192,0.08141276796324023,18.654832057752404,0.0006593344186950646,0.007185933700893176,0.0012737801841753295,0.75
0.8414749720031978,0.9195980776207646,0.9055015681592415,0.1642237934569204,0.046201856554740385,0.7517517608969732,0.03219238109379341,18.64987355730077,0.0009194272097533282,0.009967737431303296,0.0019529653033241903,0.75
0.964123144003679,0.9264802438485323,0.9073439427742911,0.20646498683303038,0.055271238451486335,0.7517517608969732,0.03219238109379341,18.643706622074035,0.0011550410138751741,0.0135314082564234,0.0015521840072347513,0.75
0.966384482999274,0.9347823841923313,0.9094940678361843,0.2490642103139675,0.06450375185679316,0.7832304956281455,0.0484402633581798,18.63631942251531,0.0013687689762348864,0.015505945947389854,0.002473869030592924,0.75
1.0903817130019888,0.9553763769576334,0.9146220286077669,0.32847651870608185,0.08073737886731683,0.9475040012165444,-0.010501295707588176,18.61814497848588,0.0031875864429025333,0.010377985175807236,0.002504803927256419,0.75
1.092356651002774,0.9674747077977988,0.9175940691552481,0.36294992520495933,0.08916121642443685,0.9516956811756454,0.05356706017330007,18.60749974273549,0.004536568138108121,0.007405944628326,0.0039361408984255036,0.75
1.098268301000644,0.9674747077977988,0.9175940691552481,0.36294992520495933,0.08916121642443685,1.101277419432573,-0.06561057364500611,18.60749974273549,0.004536568138108121,0.007405944628326,0.0039361408984255036,0.75
1.2225220519976574,0.9806266613920439,0.9208032232489021,0.39455860782735375,0.09627462280961946,1.0914241496001185,-0.06411709366139665,18.595945377369333,0.005981504026043679,0.004196790534672035,0.0025086473038160354,0.75
1.2243871160026174,0.994734812486012,0.9242744366131999,0.4232445328190445,0.10413640092893524,1.1086482138390397,-0.030584940683526934,18.583533564872706,0.008145091197938539,0.0007255771703742475,0.005228384071513443,0.75
1.2262053939994075,1.009905440256944,0.9279187533803583,0.4551188331279603,0.10932950301475314,1.138022155590673,-0.045066191448526804,18.570253093336223,0.010583124933999287,0.0029187395967842367,0.008064754724685107,0.75
1.3526300209996407,1.0260413771964583,0.9317541280894533,0.48407810818542674,0.11506124127285183,1.1723585745138856,-0.11932881465653172,18.556160524576956,0.013135587515124975,0.006754114305879244,0.004150759828172881,0.75
1.3557150760025252,1.0431170816699,0.9357330552330106,0.5122711342032531,0.11936781430671753,1.1659156303541647,-0.07783827565346818,18.541308360956222,0.016164091928054125,0.010733041449436542,0.008463455646533906,0.75
1.3573145780028426,1.0613158641481788,0.9398060778315811,0.5459634743483659,0.12219067795711513,1.1902499751816562,-0.1019327631868807,18.525603581627035,0.01936248336667159,0.014806064048006995,0.012892231226723075,0.75
1.5058367759993416,1.0613158641481788,0.9398060778315811,0.5459634743483659,0.12219067795711513,1.20045870998711,-0.169859055499649,18.525603581627035,0.01936248336667159,0.014806064048006995,0.005750984341462752,0.75
1.6216358270030469,1.1012009509991751,0.948366681463903,0.6167454156733773,0.1292934971127744,1.193211710956539,-0.1678101904250173,18.491463859346926,0.026439253287584216,0.023366667680328912,0.012524392546974966,0.75
1.6242058479983825,1.1012009509991751,0.948366681463903,0.6167454156733773,0.1292934971127744,1.1927293068822875,-0.08043118856492343,18.491463859346926,0.026439253287584216,0.023366667680328912,0.012524392546974966,0.75
1.627131005996489,1.123098104290973,0.9526513530322491,0.656914598753931,0.12854014705038194,1.1949154086108729,-0.08042430824828607,18.47302788542748,0.03007861018746735,0.027651339248675022,0.01880603863166483,0.7000000000000001
1.7410026369980187,1.123098104290973,0.9526513530322491,0.656914598753931,0.12854014705038194,1.1854395960218436,-0.030391964232160548,18.47302788542748,0.03007861018746735,0.027651339248675022,0.007465794552062303,0.7000000000000001
1.7436888419979368,1.1463206124349345,0.956990185487233,0.6966752443188463,0.1301649736495181,1.202685054657036,-0.1413909445849985,18.45363153041176,0.03395263636941438,0.03199017170365892,0.015180533305751526,0.7000000000000001
1.7454594719965826,1.1463206124349345,0.956990185487233,0.6966752443188463,0.1301649736495181,1.2049486155549118,-0.09847938324184799,18.45363153041176,0.03395263636941438,0.03199017170365892,0.015180533305751526,0.7000000000000001
1.747567035999964,1.1708690656751573,0.9613489435738857,0.7364535972066795,0.1307627425995804,1.2075659714772122,-0.09912463830344129,18.43330079772591,0.037861434971189344,0.03634892979031157,0.022712918099114212,0.7000000000000001
1.872302639996633,1.1967722918600263,0.9655321021156721,0.7770967855460706,0.12549475625359174,1.1739766857583258,-0.22440485068295735,18.412157186181773,0.04170952536335743,0.04053208833209798,0.021700703508481602,0.7000000000000001
1.8740986959965085,1.2239532401043969,0.9696453681338257,0.815428447331118,0.12339798054460883,1.1460191284020214,-0.1867932957076886,18.390181970866617,0.04550636580569809,0.04464535435025163,0.03021864546858501,0.7000000000000001
2.0020559830009006,1.2523699568966074,0.9733869784447253,0.8525015037663146,0.11224830932698622,1.0109870951237356,-0.19282051652881918,18.367622795073874,0.04902281291670422,0.04838696466115122,0.02545997869945502,0.7000000000000001
2.0067184689978603,1.281954469610515,0.9768522231241694,0.8875353814172282,0.10395734038332279,0.797860290963967,-0.23298191514125519,18.344462346791712,0.05227414740999735,0.05185220934059531,0.03495950813661134,0.7000000000000001
2.1338568439969094,1.3126086244545192,0.9799120479304999,0.9196246453201262,0.09179474418991548,0.7664279299009631,-0.23234547631368943,18.32086477384226,0.05516267614883444,0.0549120341469258,0.02407199360206658,0.7000000000000001
2.1369024450032157,1.3442367548607843,0.9826604507336204,0.9488439121879526,0.0824520840936162,0.7394935417820535,-0.20696476241040201,18.29683286300644,0.05775036710610307,0.0576604369500463,0.03351041754647168,0.7000000000000001
2.261297773999104,1.3767147558904371,0.9849714226926756,0.9743400308895854,0.06932915877165385,0.8425123650109758,-0.18383818025719995,18.27254667490451,0.05990654234450535,0.059971408909101465,0.01670340893150654,0.7000000000000001
2.263404545999947,1.4438218853996914,0.988699972552066,1.0160594097879156,0.05177267509031959,0.8533046572280081,-0.1613593122283039,18.22320040163758,0.06327242327890382,0.06369995876849188,0.04229923865732149,0.7000000000000001
2.3930882299973746,1.478100716823767,0.990190724756024,1.0283649427222672,0.04472256611873929,0.6447877642354554,-0.1869252929127178,18.19833620823392,0.06453345967158576,0.06519071097244988,0.04047786887475035,0.7000000000000001
2.3953976429984323,1.512599207913492,0.9914993385200497,1.0349547326917525,0.03925841292077111,0.617908789640718,-0.1602248143535788,18.173482007932336,0.06552222178247986,0.06649932473647557,0.04813709640995465,0.7000000000000001
2.3979808579970268,1.5813319779759034,0.9937281504890629,1.027322424130519,0.031841262738712385,0.5846563753881683,-0.1501983641334245,18.12433201083371,0.06676749660979772,0.06872813670548883,0.0581329494359183,0.7000000000000001
2.5287258440002915,1.5813319779759034,0.9937281504890629,1.027322424130519,0.031841262738712385,0.48121804556344205,-0.05305766500312584,18.12433201083371,0.06676749660979772,0.06872813670548883,0.028947366191337674,0.7000000000000001
2.531153629999608,1.6152682916076344,0.9947602994034628,1.0180894089519266,0.030964467431996885,0.471318569745936,-0.052851630330428306,18.100161144051434,0.0670363243415407,0.06976028561988867,0.0387653472116899,0.7000000000000001
2.532933367001533,1.6152682916076344,0.9947602994034628,1.0180894089519266,0.030964467431996885,0.4377393508725478,-0.04116583213823777,18.100161144051434,0.0670363243415407,0.06976028561988867,0.0387653472116899,0.7000000000000001
2.5346694230029243,1.6488004808781163,0.995823711711014,1.0059656781144568,0.0319023692265385,0.4039494350796498,-0.04990282402202045,18.076277428152522,0.06700124387904506,0.07082369792743992,0.04630869075488107,0.7000000000000001
2.537682483998651,1.6818958037788736,0.9969643320615514,0.9928596870227223,0.03421861051612248,0.37184920974333824,-0.030975131312624027,18.052668931309626,0.0667391643518336,0.07196431827797733,0.051952782863154384,0.7000000000000001
2.7375505050003994,1.7146035775776778,0.9981359009703163,0.9812332139641275,0.035147067262945884,0.29640663045232934,0.028048560259206767,18.029334081157696,0.06603294662559325,0.07313588718674224,0.012517874793510067,0.7000000000000001
2.7969399499997962,1.746844151891145,0.9993564305807264,0.9672172294040187,0.03661588831230281,0.2973108250113074,0.062057586295066025,18.006313374498195,0.06447873885121103,0.07435641679715232,0.0,0.7000000000000001
2.857444471002964,1.7785120755892847,1.000629630633904,0.9500377109441913,0.03819600159532416,0.3537407717283796,0.14487368449807936,17.983675062267597,0.06223293737378347,0.07562961685032987,0.005965451115419147,0.65
2.9178220169997076,1.8093942568450323,1.0018836885755527,0.9264654376724247,0.03762173824945793,0.3760707419592159,0.24290573365627438,17.961615752522853,0.05895405130608644,0.07688367479197855,0.0,0.651920240520265
2.921739488003368,1.8393407144213554,1.003071584919412,0.8983937272896897,0.035636890315782724,0.3063201865546928,0.2486831939919697,17.94027034430616,0.05357532410902163,0.07807157113583796,0.005833635866969016,0.651920240520265
2.9233671830006642,1.8681391833840675,1.0042458154823262,0.8639540688813617,0.03522691688742416,0.2778128070498994,0.2874781777508826,17.919743209610353,0.047071993417229924,0.06088659347169039,0.011400335649791565,0.6576473218982953
2.925452736002626,1.8956671747136273,1.0054462294542568,0.8258397398867974,0.03601241915791731,0.24520632768230058,0.3083797197334969,17.900085981918526,0.038381023530328774,0.042277515600939355,0.01584600762575945,0.6576473218982953
3.0492878380027832,1.9217725081941937,1.006660505785275,0.783160004416997,0.03642828993055293,0.2847048885384898,0.4222453643954565,17.881408332481474,0.030191925727289945,0.031824575333047736,0.0075559333312380525,0.6670832032063168
3.0515622309976607,1.9465272881135087,1.0079273715986101,0.7426433975794531,0.038005974400048166,0.29061242252045705,0.45858832169770475,17.86362966101532,0.02249909929421296,0.03292735706997796,0.014427714818793569,0.6670832032063168
3.169903310998052,1.99175314951601,1.0110757621910995,0.6576964854388662,0.05109733107540779,0.4841159260250369,0.6541243579473071,17.83057989789891,0.007548378317247797,0.03607574766246735,0.015447525614384908,0.6800735254367722
3.1725931640030467,1.99175314951601,1.0110757621910995,0.6576964854388662,0.05109733107540779,0.4584535233516667,0.7127856347585346,17.83057989789891,0.007548378317247797,0.03607574766246735,0.015447525614384908,0.6800735254367722
3.175023855998006,2.0125100269412486,1.01333362455393,0.6227063227571512,0.06773587088491055,0.5232836465988704,0.7095619919856772,17.81483232228209,0.0006896323000932886,0.03593772157977123,0.021468245971758167,0.696419413859206
3.177128884999547,2.0320900630205316,1.0162292327659526,0.5874010823784928,0.08686824636068019,0.5179328236300321,0.7549216582661122,17.79942436531519,0.005870372646406342,0.024140049494613573,0.026388952388426815,0.696419413859206
3.2961928639997495,2.0678625795976835,1.0241127640100265,0.5190979277467483,0.13061056452137035,0.6180844779795172,0.8511574464289838,17.769388225590976,0.01932123731936025,0.004419558845181923,0.014789502080955221,0.7158910531638177
3.436671679999563,2.099154670511921,1.0351609969488027,0.45332300859016533,0.177000561442365,0.7187505530276868,1.0226913720778101,17.740076290646094,0.028429304677073858,0.009895010406644174,0.013797189597190871,0.7158910531638177
3.438822413998423,2.113398057901923,1.0421440062780107,0.4273016217000611,0.20949027987624255,0.6419078962655378,1.0716714600588535,17.725299130651944,0.03186123140082164,0.015028872967409524,0.018671977665879077,0.73824115301167
3.56329579299927,2.12698752002589,1.0503373767875304,0.4076838637190101,0.2458011152855856,0.6202974585284351,0.8441269076716253,17.710074037826164,0.03393931484624257,0.018844485939889244,0.01099046708623619,0.6946221994724903
3.5651847519984585,2.1399959207247354,1.059739259537765,0.3902520209653615,0.2820564825070437,0.5798954649131968,0.845872641127355,17.694352142859643,0.03471046954504437,0.021394679237822845,0.014608994865346175,0.6946221994724903
3.567045017996861,2.152446263632506,1.070328226431624,0.3735102872331163,0.31766900681576865,0.5494890603527126,0.8590343403946509,17.678133012575547,0.034556962872638035,0.022710870839597618,0.01701547602001876,0.7211102550927979
3.570267907998641,2.152446263632506,1.070328226431624,0.3735102872331163,0.31766900681576865,0.5483492523095683,0.8253515565747256,17.678133012575547,0.034556962872638035,0.022710870839597618,0.01701547602001876,0.7211102550927979
3.688112429001194,2.1643337296984586,1.082062587303388,0.35662398197858364,0.35203082615292014,0.6300416732413685,0.7523635527169856,17.661450217830357,0.033578389751181256,0.022819132560643374,0.001200714622241007,0.7211102550927979
3.6906755559975863,2.1760167693528025,1.0950832215252566,0.350491189630319,0.3906190266560579,0.6083041770742075,0.7745977251801204,17.64395750674461,0.031498200505088725,0.021873310371468377,0.003531001249421296,0.7211102550927979
3.7049066359977587,2.1878049260081394,1.1094727439179597,0.35364469966010104,0.4316856717810929,0.6908392600798335,0.593764257857792,17.625384814858545,0.02845847867715555,0.020033867018230362,0.006344179239157482,0.6800735254367722
3.8457938990031835,2.1998925342334674,1.1254207047077336,0.36262824675983946,0.4784388236932202,0.6908392600798335,0.593764257857792,17.60546124322277,0.02479024009934952,0.017304185542139677,0.007113691683212623,0.6800735254367722
3.909673392001423,2.212392289126658,1.1428815732413211,0.37499264679571764,0.523826056007623,0.6682899422206033,0.5866262002558218,17.584144420831645,0.02050270846243866,0.013796148444778132,0.012025783076033515,0.7106335201775948
3.967657554996549,2.2252301361410094,1.1617657652903088,0.38513541043053723,0.5665257614696338,0.6820666192746154,0.6185043107529067,17.561550741088542,0.015402357361905558,0.009520736869393271,0.006504643776817507,0.6726812023536856
4.026318652002374,2.2382524295515176,1.181965987270796,0.3906688023152467,0.6060066594146123,0.7121856974737945,0.6076176647334012,17.53786355800127,0.009662173459642778,0.004445174902688378,0.013911864463857298,0.6726812023536856
4.0877097959964885,2.251336594569729,1.2033617017271856,0.39252495054634134,0.6418714336916891,0.6923482361130168,0.5837015561832738,17.51325509126329,0.003337465643098456,0.0014319780672148556,0.004751952971249225,0.6726812023536856
4.08977015200071,2.251336594569729,1.2033617017271856,0.39252495054634134,0.6418714336916891,0.6445702557580711,0.5182484146013842,17.51325509126329,0.003337465643098456,0.0014319780672148556,0.004751952971249225,0.6726812023536856
4.0927178420024575,2.2647273942350608,1.2256254895102385,0.4017239899599541,0.6679136334915882,0.6195740566220317,0.49908003704350895,17.48780136807136,0.003399453882785968,0.007706128134642857,0.00986236082400391,0.6726812023536856
4.095377368001209,2.2786130056221743,1.2484006645379149,0.41656834161340695,0.6832552508302929,0.5986536290029602,0.5215398173549475,17.461637836986963,0.009919879158986601,0.01399199886667451,0.015029680244734347,0.6726812023536856
4.15581649899832,2.2786130056221743,1.2484006645379149,0.41656834161340695,0.6832552508302929,0.5721067659530976,0.5375780462597122,17.461637836986963,0.009919879158986601,0.01399199886667451,0.015029680244734347,0.6726812023536856
4.218383751001966,2.30788078090746,1.2946792922225747,0.4460893015525793,0.6958187126055875,0.5700619092068921,0.4915922897798475,17.40776591370429,0.022162882729047737,0.02602048795203528,0.01910854747972628,0.6800735254367722
4.22093596799823,2.30788078090746,1.2946792922225747,0.4460893015525793,0.6958187126055875,0.4993926851257326,0.5867956062241331,17.40776591370429,0.022162882729047737,0.02602048795203528,0.01910854747972628,0.6800735254367722
4.346039014002599,2.3232478469564426,1.3178556084837836,0.4610119814694784,0.6952894878362643,0.41724927655708405,0.46190681372947284,17.380308009922768,0.027460314031478365,0.03154246173308293,0.008157797248132542,0.651920240520265
4.348073301996919,2.339030860932654,1.3410519565349,0.4734904192863535,0.6958904415334914,0.39761994860433536,0.4633171466080303,17.352554574642213,0.03247526206009685,0.036784480528649216,0.01606709188849283,0.651920240520265
4.4753528099972755,2.3715642589802366,1.3870018230954106,0.49081694232204875,0.6861198045976602,0.2866115829595897,0.3637200608098257,17.29672013929835,0.04085012225759721,0.04627135639371663,0.0069623960734860905,0.670820393249937
4.477379183997982,2.4044729910396105,1.4321911411931028,0.49376263041064666,0.6754563705968823,0.2646900899165781,0.3817574898965004,17.24119291988198,0.047595621019401825,0.0549550420583564,0.01242970979011119,0.696419413859206
4.480985212998348,2.4206568574462244,1.454519768709687,0.48551599219842045,0.6698588254975277,0.1934299815521655,0.5003504616371522,17.213809181046248,0.05074691617713894,0.059300044307987625,0.01465851796455344,0.6800735254367722
4.609460667001258,2.4365150030777922,1.476715402813721,0.47574436894703015,0.6658690231210235,0.1934299815521655,0.5003504616371522,17.18674478471679,0.05338142796644395,0.06378132538256043,0.0020790859423811788,0.6800735254367722
4.611623773998872,2.4365150030777922,1.476715402813721,0.47574436894703015,0.6658690231210235,0.1524556909541007,0.5308660657747593,17.18674478471679,0.05338142796644395,0.06378132538256043,0.0020790859423811788,0.6800735254367722
4.613558117001958,2.4519924744870436,1.4988174459929755,0.4643241422775377,0.6630612953776325,0.14872598854838673,0.5643325689684013,17.160008189794592,0.05603511204527226,0.06846560500358642,0.0008235979941565631,0.7280109889280518
4.733057564000774,2.466934848123449,1.5205979782853114,0.4482712090921579,0.6534159687700776,0.1504834209874804,0.7282960712753909,17.13387171808299,0.058310161271508204,0.07330091336002453,0.005768617132991394,0.7158910531638177
4.735392568996758,2.481319445436096,1.5420765678615354,0.43153791937941116,0.6443576872867212,0.12111605077345194,0.7659331510086713,17.108336528033742,0.05999476628765267,0.07831712339528449,0.009149980548852849,0.7158910531638177
4.7389358619984705,2.4951050944685766,1.5630679938932834,0.41356947097441427,0.6297427809524421,0.11550852104765119,0.7997136407049288,17.083566661975837,0.061555713736345496,0.08341237717518458,0.012349476999513286,0.7071067811865476
4.863017035997473,2.508298129023623,1.583602307456282,0.39579103665138776,0.6160294068899583,0.12451431274818658,0.9310571699249961,17.05953585135044,0.06126940999519992,0.08860344534429014,0.003158314683464545,0.7566372975210779
4.866107070003636,2.5325190793089147,1.6231473675486703,0.3519593288374758,0.5866717996526883,0.08743335896511661,0.9696108759960058,17.014066723228165,0.057489683473357915,0.0924809598066334,0.009433951985451895,0.7516648189186454
4.868694251999841,2.543457710042505,1.6424072519308803,0.3281589220077064,0.5777965314662983,0.03622180774185535,0.998214911007081,16.992506783177117,0.054409085539141616,0.08154232907304326,0.011873357402989481,0.7516648189186454
5.021480025003257,2.553474449498659,1.6616743857381373,0.3005021836846337,0.5780140142177111,0.11686287845092641,1.0347313724133669,16.971570238925537,0.04959147186918389,0.07152558961688893,0.0037526709124994493,0.75
5.143955054998514,2.5625800618467522,1.681066020450111,0.27316837044279074,0.5817490413592131,0.08063806804420354,1.025462515007707,16.95116456228642,0.045686848648655576,0.06241997726879589,0.0,0.75
5.20144630499999,2.5707541692438656,1.7006780363643976,0.24522322191339468,0.5883604774285968,0.10405637304534704,0.9263788710549669,16.931234290030478,0.04150478061765419,0.05424586987168256,0.0049927242068540136,0.75
5.258269427002233,2.577996026019361,1.720669483771307,0.21725570326486507,0.599743422207281,0.14583489114422665,0.8423150502728508,16.911664601879277,0.03801354217648067,0.04700401309618707,0.02131945654723349,0.75
5.260432062998007,2.5843259457402317,1.741027561868139,0.18989759162612166,0.6107423429049594,0.2316908659734672,0.7531997033864782,16.892452416699435,0.035138153411233324,0.04067409337531647,0.0,0.75
5.262331701997027,2.5897334378854597,1.762025157020987,0.16222476435684585,0.6299278545854442,0.2597983928726447,0.7371935365762615,16.873406874633083,0.03290794715000239,0.0352666012300884,0.004863658283012166,0.75
5.265917153003102,2.5897334378854597,1.762025157020987,0.16222476435684585,0.6299278545854442,0.2637324300900301,0.737264902657851,16.873406874633083,0.03290794715000239,0.0352666012300884,0.004863658283012166,0.75
5.267802736001613,2.5943220121321144,1.7838382880499264,0.1376572273996354,0.6543939308681785,0.2611256503682639,0.7468185934770851,16.854330757268666,0.03160786404227488,0.030678026983433693,0.008887619319241424,0.75
5.327082149000489,2.5979790082760164,1.8065819193266832,0.10970988431705614,0.6823089383027036,0.2913258169989363,0.7328580466066436,16.83521948179722,0.03136365099478488,0.02702103083953178,0.010835900975431783,0.7516648189186454
5.392449395003496,2.5979790082760164,1.8065819193266832,0.10970988431705614,0.6823089383027036,0.254246847060831,0.7102044510634414,16.83521948179722,0.03136365099478488,0.02702103083953178,0.0035684909370303614,0.7516648189186454
5.394506235003064,2.600899378722312,1.8303225723887941,0.08761111338885949,0.7122195918633251,0.22374988759167155,0.6726672765506706,16.81589424550181,0.032002973378141855,0.02410066039323633,0.006377355220995055,0.70178344238091
5.398237816996698,2.6032544388896013,1.8549865283464895,0.07065180501868655,0.7399186787308584,0.2576680672417842,0.6631053590122272,16.796294633575812,0.03414921546483719,0.02174560022594685,0.006340983193150305,0.7071067811865476
5.454766035996727,2.6052271790987525,1.8803072649599906,0.05918220627453469,0.7596220984050357,0.24613555428037115,0.6681284283703195,16.77649226575447,0.036792641204075556,0.01977286001679568,0.0055412720569872845,0.7071067811865476
5.518379075998382,2.607026525511951,1.906096515050859,0.053980392395959954,0.7736775027260625,0.27681219596031964,0.6562854000114715,16.756482968855387,0.04136492715250137,0.017973513603597002,0.009868867552434678,0.7158910531638177
5.520845464001468,2.610504387656412,1.9584757718109223,0.05351205082082496,0.7883746298948796,0.3088726771163074,0.5681351719581926,16.716013879204723,0.05345190252855334,0.03392089841425757,0.019932800987800557,0.7280109889280518
5.638056884999969,2.612391079437758,1.984650989318813,0.056600753440380056,0.7852565252367179,0.6593900948255693,0.5037934821533279,16.695713233114503,0.061347869392069494,0.05109547966052118,0.01997711796528473,0.7280109889280518
5.64210747800098,2.6146308906860107,2.0104738518772525,0.06719433744758455,0.7746858767531848,0.6759441811047295,0.5230838265559081,16.675441405351993,0.06876572189900504,0.06036914917459546,0.026461195028780048,0.7433034373659253
5.644638384997961,2.6146308906860107,2.0104738518772525,0.06719433744758455,0.7746858767531848,0.6921512295066857,0.5481984470757257,16.675441405351993,0.06876572189900504,0.06036914917459546,0.026461195028780048,0.7433034373659253
5.773777244001394,2.6173590983546795,2.035751413320321,0.081846230060069,0.7583268432920524,0.8951925487371745,0.48077736074870603,16.655243499791307,0.0755056542271522,0.05764094150592669,0.01132553953908476,0.7433034373659253
5.776390614002594,2.620808938782002,2.060340056710149,0.10349521281968482,0.7376593016948453,0.9118442598391637,0.503454188688709,16.635060534004836,0.08159252182231219,0.05419110107860403,0.021671925902745654,0.7615773105863909
5.778203923000547,2.620808938782002,2.060340056710149,0.10349521281968482,0.7376593016948453,0.921067525943301,0.5547007404266096,16.635060534004836,0.08159252182231219,0.05419110107860403,0.021671925902745654,0.7615773105863909
5.907436002002214,2.6249224909531432,2.084285809041232,0.12340656513423387,0.7183725699324941,1.0944795515886372,0.5268910228293444,16.614896670080164,0.08831282878474749,0.05093119456578434,0.013490963399647475,0.7615773105863909
5.910502514001564,2.6296971057327343,2.1076348680161296,0.14323844338772668,0.7004717692469191,1.0760482976600487,0.5642934026598618,16.59471813394426,0.09417824908972887,0.05583357800545411,0.02609166322796265,0.7826237921249265
5.912323898002796,2.6296971057327343,2.1076348680161296,0.14323844338772668,0.7004717692469191,1.0647936867489256,0.531826886856016,16.59471813394426,0.09417824908972887,0.05583357800545411,0.02609166322796265,0.7826237921249265
6.026372430002084,2.6353134067802406,2.1304418659280984,0.1684890314251893,0.6842099373590589,1.0136120463008675,0.41852899347980477,16.574358527728297,0.10017423310511421,0.06726598486930495,0.010863656409478884,0.7826237921249265
6.028683379998256,2.642045663020245,2.1526993945119615,0.20196768720013153,0.6677258575158928,1.0029729746663008,0.3872524326390179,16.553631303922653,0.10720315618165724,0.07824401022341548,0.020526757550115106,0.8062257748298549
6.033191499998793,2.642045663020245,2.1526993945119615,0.20196768720013153,0.6677258575158928,0.9552332856716804,0.41902249685378395,16.553631303922653,0.10720315618165724,0.07824401022341548,0.020526757550115106,0.8062257748298549
6.193172282000887,2.6596272399349945,2.1959294480317024,0.2876440420244032,0.6422063907971834,0.8395567923263,0.36013294514804445,16.510270276269743,0.1174078743004796,0.09638022195790939,0.012865592741094277,0.7632168761236874
6.316224490998138,2.6708310850138504,2.217187811889325,0.3361153523656707,0.637750915728678,0.7945347928126539,0.4141374025609898,16.487180704571575,0.12215725848816754,0.10348984036794291,0.0,0.7905694150420949
6.375981178003713,2.683708513462466,2.238418114384578,0.38632285345847106,0.6369090748575872,0.6914425980301426,0.38695023791492883,16.46295344507629,0.1256076443563114,0.10939621424871719,0.0067017272050498185,0.7905694150420949
6.439247285001329,2.683708513462466,2.238418114384578,0.38632285345847106,0.6369090748575872,0.6560770973469846,0.27392654469774785,16.46295344507629,0.1256076443563114,0.10939621424871719,0.0,0.7905694150420949
6.4994010779992095,2.69828948275176,2.2596983247918776,0.4374290786788118,0.6384063122189861,0.6652664841235688,0.15142898350205564,16.437510349169834,0.12805760841427408,0.11413329307206284,0.006602135435139166,0.8200609733428363
6.5571672590012895,2.7145505936351695,2.2809195356065866,0.4878333265022831,0.6366363244412689,0.6549973520752514,0.05023332951515134,16.410945165001902,0.13026764638406216,0.11764061336884751,0.08486030198933017,0.7810249675906654
6.559601016997476,2.732323060299884,2.3022175275599475,0.5331739999414269,0.638939758600833,0.650423070365757,-0.051700138532941364,16.38327654263345,0.13140970568041227,0.12013353620769418,0.05714207891984327,0.8139410298049854
6.5616220209994935,2.770973128923772,2.344305404420753,0.591202586912148,0.6289837541799146,0.6545343135050542,-0.055641979600304065,16.32615096310512,0.1327952702193781,0.12256443372443768,0.0,0.7778174593052023
6.563855458000035,2.7912877519798105,2.3650475723844,0.6094386916811628,0.6222650389094068,0.6511533278158538,-0.09181482623238801,16.297118800172104,0.13293231140844083,0.12286675362786914,0.010462397074894228,0.8139410298049854
6.5675856770030805,2.812010664599721,2.3856168227091903,0.62168737859731,0.6170775097437045,0.6518039678223337,-0.10215571046820576,16.2679278477778,0.13351335494193078,0.122758097976977,0.020598265561723953,0.7810249675906654
6.67866766500083,2.832845049940534,2.4058457338654935,0.6250315602244019,0.6068673346890983,0.6797091725803034,-0.1433441678657099,16.238904663455642,0.13377118579269548,0.12232996307527653,0.010954522026108141,0.8200609733428363
6.681448825998814,2.832845049940534,2.4058457338654935,0.6250315602244019,0.6068673346890983,0.7182744269923115,-0.12524746047700208,16.238904663455642,0.13377118579269548,0.12232996307527653,0.010954522026108141,0.8200609733428363
6.683450643999095,2.8536296426701866,2.425557979069789,0.6235377818895709,0.5913673561288679,0.7520115145931475,-0.12745862721176168,16.210288174930383,0.13453931843269468,0.12157169886830821,0.02144862295111243,0.7905694150420949
6.699554042003001,2.874295944385993,2.4447060662659554,0.6199890514741961,0.5744426158849862,1.0436515789895207,-0.20756895126338448,16.182160184164733,0.13529563937415282,0.12049815908617477,0.03250912717756752,0.7905694150420949
6.812383245996898,2.894839290211614,2.4630594113680013,0.6163003747686264,0.5506003530613712,1.0436515789895207,-0.20756895126338448,16.154690117595454,0.1358308989667723,0.11894959472373136,0.02309955683221914,0.8321658488546619
6.814099634997547,2.9355300269038445,2.4969247372409833,0.6087297200686114,0.4923498380536511,1.0844354918479344,-0.1786026730190166,16.1020727030223,0.13764963038865619,0.11412330044905673,0.04665253875537685,0.8062257748298549
6.8159241449975525,2.9355300269038445,2.4969247372409833,0.6087297200686114,0.4923498380536511,1.1270158546830635,-0.11203761090046965,16.1020727030223,0.13764963038865619,0.11412330044905673,0.04665253875537685,0.8062257748298549
6.954754821003007,2.955733804173232,2.5123647615710505,0.6061133180816198,0.46320072990201805,1.2150138656585479,-0.2936687015285629,16.076938746612413,0.13848281824731148,0.11075481844176599,0.043579889912778225,0.8
7.089582687003713,2.996254437799746,2.5393207179184722,0.610081255338409,0.3848930439247039,1.2151555393991562,-0.29308192552176543,16.029425160411424,0.1399149012584959,0.1011631431531126,0.0235017846533737,0.8
7.09439532700344,3.016880208429033,2.5508735548195967,0.6187731188786065,0.34658510703373435,1.2321721917509196,-0.2103608563296291,16.006806863365266,0.1398311482644043,0.09557565706261419,0.03348111896043479,0.75
7.096452197001781,3.016880208429033,2.5508735548195967,0.6187731188786065,0.34658510703373435,1.2301626315277918,-0.21916725307261575,16.006806863365266,0.1398311482644043,0.09557565706261419,0.03348111896043479,0.75
7.152542773001187,3.037849509995945,2.5612754948891454,0.6290790470073507,0.31205820208645824,1.2360852032265175,-0.1854557980702518,15.984784536187615,0.14165459799157645,0.09393410970843993,0.04272775890393003,0.75
7.2101784519982175,3.059386872717621,2.5705998662900957,0.6461208816502808,0.2797311420285124,1.2339540875102153,-0.19964295609119842,15.963151495538403,0.14258575576333915,0.09686639539864268,0.012255841187178988,0.75
7.212235231003433,3.059386872717621,2.5705998662900957,0.6461208816502808,0.2797311420285124,1.2400405216361325,-0.15747858489454503,15.963151495538403,0.14258575576333915,0.09686639539864268,0.012255841187178988,0.75
7.215918804999092,3.059386872717621,2.5705998662900957,0.6461208816502808,0.2797311420285124,1.2405805126965874,-0.1531665482978315,15.963151495538403,0.14258575576333915,0.09686639539864268,0.012255841187178988,0.75
7.37063969400333,3.0817960084758473,2.5789319469197927,0.6722740727467799,0.2499624188909128,1.2430681203735032,-0.13145968245468065,15.941638193189059,0.14250365627194897,0.1039319100394187,0.007663097128605533,0.75
7.489004470997315,3.1052257196254827,2.5864866882782787,0.7028913344890563,0.22664224075457648,1.2465283522233686,-0.09309708428997121,15.919989015560855,0.1439594670860704,0.1114866513979047,0.025646242911720026,0.75
7.548602315997414,3.1299462662010797,2.593314891005987,0.7416163972679171,0.2048460818312502,1.2405484654090495,-0.15342589407024187,15.897983555155044,0.14482837475333557,0.11831485412561316,0.0,0.75
7.608976276998874,3.1299462662010797,2.593314891005987,0.7416163972679171,0.2048460818312502,1.2384955948462526,-0.16920006367146379,15.897983555155044,0.14482837475333557,0.11831485412561316,0.026804776042844945,0.75
7.61333936900337,3.1560535327786465,2.5993899754132146,0.7832179973270068,0.1822525322168276,1.2304935741335532,-0.21996718849872487,15.875578578906433,0.14538567024470067,0.12438993853284064,0.0,0.75
7.615397059998941,3.1835164334591632,2.6048513183323805,0.8238870204154959,0.1638402875749756,1.2370721875292956,-0.1793109111054968,15.852698718899598,0.14673358428780633,0.12985128145200653,0.009757620796676594,0.7000000000000001
7.617050102002395,3.2122340584921805,2.6096688542967357,0.8615287509905123,0.14452607893065256,1.2423617727760328,-0.1379754526892144,15.829439567937209,0.1475227791940826,0.13466881741636172,0.019079082650514122,0.7000000000000001
7.673887211996771,3.242083000360059,2.613765965098352,0.8954682560363602,0.12291332404847802,1.2431667923250571,-0.13052327938045594,15.805946155659363,0.1488432140928551,0.13876592821797784,0.026470867612104966,0.7000000000000001
7.732414281999809,3.242083000360059,2.613765965098352,0.8954682560363602,0.12291332404847802,1.2468320064201213,-0.08893788712564499,15.805946155659363,0.1488432140928551,0.13876592821797784,0.0009422909851612197,0.7000000000000001
7.737777513997571,3.272977023225014,2.617491435871976,0.926820685948642,0.11176412320872331,1.2439044245880964,-0.12329550879961526,15.782028686607019,0.15001448296814981,0.14249139899160213,0.001631949857346665,0.7000000000000001
7.739593798003625,3.304812495766364,2.621014680991601,0.9550641762404983,0.10569735358874707,1.2446642932753371,-0.11537242757871402,15.75763869383901,0.15169574756449336,0.1460146441112271,0.0029884898522543,0.7000000000000001
7.742266478999227,3.3374901965843566,2.62447800159225,0.9803310245397815,0.10389961801947732,1.2478553611191439,-0.07319151403141222,15.73274363881132,0.1536952578851633,0.14947796471187624,0.004664606421282418,0.7000000000000001
7.743719270001748,3.3709163734072396,2.6280231069735986,1.0027853046864825,0.10635316144044824,1.2496585369502284,-0.029215424477737617,15.707306876118277,0.15604373162376053,0.1530230700932247,0.006762258587676464,0.7000000000000001
7.872824363999825,3.439771660525399,2.6354760446118592,1.043041094840201,0.11097937779507126,1.2499268401295547,0.013523842787703133,15.654896287532726,0.16210166735473552,0.1604760077314853,0.008833930502834214,0.7000000000000001
7.876875738998933,3.475205222229597,2.639124103882598,1.0630068511259325,0.1094417781221567,1.2492373630911218,0.04365788195893966,15.628113781769764,0.16526630168966977,0.16412406700222393,0.012966906602338998,0.7000000000000001
7.990096488996642,3.475205222229597,2.639124103882598,1.0630068511259325,0.1094417781221567,1.2468128413998991,0.08920615741253768,15.628113781769764,0.16526630168966977,0.16412406700222393,0.006773570498921461,0.7000000000000001
7.992134182997688,3.5112870341554467,2.6427367194773703,1.0824543577754926,0.10837846784317948,1.2496846275479336,-0.028077244707806814,15.600952668098724,0.1685656283119724,0.16773668259699637,0.012628227385455373,0.7000000000000001
7.993986854999093,3.5479764367732503,2.6463084180210026,1.1006820785340996,0.10715095630896225,1.249985631712744,0.005993372313892298,15.573447021580966,0.17189792690932934,0.17130838114062863,0.017789412118707503,0.7000000000000001
8.003117157997622,3.5852093899320745,2.649834739878216,1.1169885947647316,0.1057896557163998,1.241301957781335,-0.14720546731770828,15.545645887439749,0.1752453445717149,0.17483470299784187,0.02243091220633126,0.7000000000000001
8.12699246199918,3.6228847595656934,2.653375095150965,1.1302610890085694,0.10621065818247555,1.241301957781335,-0.14720546731770828,15.517576017975584,0.1786588915550047,0.17837505827059097,0.02162992442417699,0.65
8.128944768999645,3.660942445169435,2.657043081433417,1.1417305681122416,0.11003958847356579,1.244617194122492,-0.11587942049671529,15.489195772319361,0.18224504483291365,0.1820430445530432,0.027189936241230905,0.65
8.131264114999794,3.699310684958738,2.6610211634615046,1.1510471936790827,0.11934246084262055,1.248057729968579,-0.06965560038989485,15.460419627254272,0.18616218540829288,0.18602112658113068,0.0325927885082919,0.65
8.250706298997102,3.737955492956921,2.6652213088466263,1.1593442399454883,0.12600436155365202,1.2439889642081785,-0.12243960522748651,15.431335978508047,0.19031837857541806,0.19022127196625238,0.023104155628658314,0.65
8.252799376001349,3.7768286875611947,2.66943451557128,1.1661958381282096,0.12639620173961968,1.2418080208838873,-0.14287350793076475,15.402132749712706,0.19450060073601302,0.19443447869090624,0.032532669039013064,0.65
8.378687008997076,3.855050199609243,2.6773453856680725,1.1752464771194335,0.11471937593454026,1.0756838994530313,-0.23645739362045592,15.343925014508024,0.20237766439430985,0.2023453487876985,0.031166550429439464,0.65
8.381612757999392,3.894329254012692,2.6809277951099877,1.1783716321034827,0.10747228325745968,1.0589905709150609,-0.18031956719226433,15.315055513970321,0.20595002102057794,0.20592775822961373,0.04263726798371035,0.65
8.383253036001406,3.9336988842603535,2.6844086636853923,1.181088907429839,0.104426057262135,1.0232709324878082,-0.23262418512531727,15.28624885096505,0.20942383950190613,0.20940862680501837,0.05207110979351717,0.65
8.542662503001338,3.973151574498014,2.6879190932716255,1.1835807071298166,0.10531288758699672,0.8916440119563585,-0.3795378621996502,15.257412941085601,0.21292948929335725,0.21291905639125153,0.03814649650572116,0.65
8.650026083996636,4.012707773998023,2.6914700532136004,1.1866859850002551,0.10652879825924527,0.8902129157075965,-0.38146731521882815,15.228526520956715,0.21647742035874984,0.2164700163332265,0.03985845876659707,0.65
8.654480124001566,4.052404368654649,2.695058521956118,1.1908978396987937,0.10765406227552386,0.7783762290672509,-0.4354709449486909,15.199568023093153,0.22006375059725125,0.22005848507574388,0.0,0.65
8.656081731001905,4.092254430387321,2.6987886099710305,1.195501851980165,0.11190264044738713,0.750380134823709,-0.45351068683547585,15.17045129672247,0.22379239574307075,0.22378857309065658,0.020145188646129998,0.65
8.657731787003286,4.132261194961114,2.7027494533343974,1.2002029372137815,0.11882530090101315,0.7370728019757153,-0.4470887931910441,15.141107519232119,0.22775233399819306,0.22774941645402347,0.039607063057098706,0.6000000000000001
8.715680376000819,4.172383666863162,2.7067657103287215,1.20367415706146,0.12048770982971656,0.7257236713345441,-0.4792766649588411,15.111695921944259,0.2317681367200626,0.23176567344834753,0.05543053310462979,0.6000000000000001
8.782054048002465,4.212454078864674,2.7104578680030036,1.2021123600453518,0.11076473022845744,0.7073019425392799,-0.4540133962945996,15.082613643500071,0.2354602616611982,0.23545783112262963,0.02025803671567869,0.6000000000000001
8.787509002999286,4.252281817063071,2.713576590982077,1.194832145951918,0.0935616893721969,0.6404715154034195,-0.4594497985681851,15.054175216861863,0.2385792879434652,0.23857655410170286,0.039514968380646255,0.6000000000000001
8.900650718998804,4.291752778108975,2.7159170076886143,1.1841288313771137,0.07021250119611969,0.6409329412971847,-0.49614472119202707,15.026611698635401,0.24092037634211147,0.24091697080824037,0.03780617143010098,0.6000000000000001
8.902726813998015,4.291752778108975,2.7159170076886143,1.1841288313771137,0.07021250119611969,0.6216152350327988,-0.4611953887335222,15.026611698635401,0.24092037634211147,0.24091697080824037,0.03780617143010098,0.6000000000000001
8.904643533998751,4.291752778108975,2.7159170076886143,1.1841288313771137,0.07021250119611969,0.5947557900768625,-0.437539570506555,15.026611698635401,0.24092037634211147,0.24091697080824037,0.03780617143010098,0.6000000000000001
9.026743472997623,4.33073410118952,2.7174217391959643,1.16943969241636,0.045141945220497554,0.5092105587758725,-0.2476525510530591,15.000054802066222,0.24242619308550473,0.24242170231559035,0.021879715018060755,0.6000000000000001
9.033601023998926,4.368972626563474,2.7180844439312826,1.1471557612186145,0.01988114205954407,0.5238132556592874,-0.22960396946299078,14.974675137312662,0.24309059998537288,0.2430844070509086,0.04155233086741872,0.6000000000000001
9.035502817001543,4.406295826283961,2.7178535533678465,1.119695991614599,-0.006926716903083028,0.48991545550395443,-0.23104054901385848,14.950624011729433,0.2428623013841332,0.24285351648747255,0.05818285152656812,0.6000000000000001
9.037356009997893,4.442597294063074,2.7167145137755613,1.0890440333733755,-0.03417118776855286,0.4535446200149598,-0.22906329147395638,14.92798095810434,0.2417267791898162,0.24171447689518732,0.06801154240655055,0.6000000000000001
9.159712462002062,4.477852693511578,2.7146379293269702,1.0576619834551464,-0.06229753345772754,0.4769677964554156,-0.2250104840705946,14.906783297146385,0.23965467063170032,0.23963789244659628,0.028514676190124634,0.6000000000000001
9.161783067000215,4.511956290138916,2.7115034168057135,1.0231078988201412,-0.09403537563770556,0.5091148025788698,-0.2161345421401003,14.887190353039575,0.23652682381774648,0.23650337992533954,0.03968722295619321,0.6000000000000001
9.17619227799878,4.544996595607259,2.7074250987320756,0.9912091640502831,-0.12234954220913552,0.6909206926788556,-0.1721778750547575,14.869056894738035,0.23245733908608537,0.23242506185170164,0.048010850052375834,0.6000000000000001
9.29295747300057,4.5770828478421635,2.702529626451588,0.9625875670471424,-0.14686416841462807,0.6909206926788556,-0.1721778750547575,14.852214717097775,0.2275723415013809,0.22752958957121416,0.03507890270204338,0.6000000000000001
9.295175020997704,4.5770828478421635,2.702529626451588,0.9625875670471424,-0.14686416841462807,0.6669032978648197,-0.1331378956208451,14.852214717097775,0.2275723415013809,0.22752958957121416,0.03507890270204338,0.6000000000000001
9.29668639999727,4.608032671493467,2.6972105280725756,0.9284947095391104,-0.15957295137037536,0.6400599341081215,-0.11312191155086143,14.836477058470933,0.22226889455030538,0.2222104911922016,0.040950729632728736,0.65
9.306512372000725,4.6377526818682355,2.691831990114556,0.8916003112430685,-0.16135613874058016,0.6750904261354921,-0.0673985454847163,14.821620075122198,0.21690925352952317,0.21683195323418225,0.04418395968664874,0.65
9.420998064997548,4.666346895398318,2.6865389263117585,0.8578264059024622,-0.15879191408393015,0.7089256567872237,-0.060083930269475394,14.807461111836751,0.21163942075377315,0.21153888943138455,0.019459079668397113,0.65
9.423553107997577,4.6938265710936165,2.6813680234388415,0.8243902708589577,-0.15512708618750792,0.7267451364478635,-0.06606416289379169,14.793960078045684,0.20650000631272472,0.20636798655846755,0.02626012101578728,0.65
9.569307582001784,4.745778239828844,2.671385511711278,0.7668692983314208,-0.14756299972611048,0.806933037137334,-0.23920104831638683,14.768706573711269,0.19660145374284826,0.19638547483090418,0.018309557213399386,0.65
9.623512552003376,4.770667324478424,2.666647219691807,0.7466725394874011,-0.1421487605841311,0.8395849465187766,-0.212974920337983,14.756625765043161,0.1919153260778802,0.19164718281143323,0.023562907843323887,0.65
9.677068368997425,4.81944911154751,2.658264242011858,0.7262413572137228,-0.11970665774233878,0.8582393263150154,-0.2193093767613205,14.732343396377262,0.183690386461852,0.18326420513148411,0.019715217961088743,0.65
9.682687307999004,4.843411010821211,2.654793570435591,0.7188569782110167,-0.10412014728801555,0.874117926871604,-0.24625986640038988,14.719958897018987,0.18033629716107424,0.179793533555217,0.024764366216609983,0.65
9.691828183997131,4.867151062818647,2.6518770275157255,0.7122015599230683,-0.08749628759595736,0.8500263301453309,-0.5003660925971165,14.707311756059738,0.17754808625259214,0.17687699063535156,0.0293284387854008,0.65
9.696880187002535,4.867151062818647,2.6518770275157255,0.7122015599230683,-0.08749628759595736,0.8500263301453309,-0.5003660925971165,14.707311756059738,0.17754808625259214,0.17687699063535156,0.0293284387854008,0.65
9.80579730700265,4.914333870141981,2.647610118624974,0.707297866484929,-0.05722195239403373,0.8177936549791511,-0.5108820160476928,14.681065909675697,0.17366099957995534,0.17261008174460013,0.016891962931309693,0.7000000000000001
9.809923629996774,4.914333870141981,2.647610118624974,0.707297866484929,-0.05722195239403373,0.8206024511313884,-0.6411726624200216,14.681065909675697,0.17366099957995534,0.17261008174460013,0.016891962931309693,0.7000000000000001
9.934482272001333,4.961806311085778,2.6449840394382247,0.7166601415326916,-0.035900812260892506,0.8316721732714463,-0.6405045484544515,14.653462886049724,0.171630311907278,0.16998400255785073,0.013140900092756905,0.7000000000000001
9.936741796998831,4.961806311085778,2.6449840394382247,0.7166601415326916,-0.035900812260892506,0.8889206468423481,-0.613216771414586,14.653462886049724,0.171630311907278,0.16998400255785073,0.013140900092756905,0.7000000000000001
10.058697498003312,5.011266937826216,2.642786783523666,0.7523308839148728,-0.034743237029678686,0.8720768980319742,-0.838431669636351,14.624390700581367,0.17040262276096732,0.16778674664329207,0.013709092972570096,0.7000000000000001
10.060748016003345,5.063970260860376,2.6393461111389716,0.8038999166212157,-0.05965290578614635,0.9348176155491603,-0.8110791388595846,14.594396904527475,0.1686038409570329,0.1643460742585976,0.027479731532896085,0.7000000000000001
10.19740011000249,5.063970260860376,2.6393461111389716,0.8038999166212157,-0.05965290578614635,0.7041287666323743,-0.9569221410054727,14.594396904527475,0.1686038409570329,0.1643460742585976,0.0,0.7000000000000001
10.201975855998171,5.091609110821122,2.6368744636967953,0.8291654988223723,-0.07414942326528505,0.6706757533055657,-0.9511455886324915,14.579243926668063,0.16731798962539865,0.1618744268164214,0.009267550068144646,0.7000000000000001
10.205646374997741,5.091609110821122,2.6368744636967953,0.8291654988223723,-0.07414942326528505,0.5407230498634532,-0.9545476590524924,14.579243926668063,0.16731798962539865,0.1618744268164214,0.009267550068144646,0.7000000000000001
10.334958391998953,5.1199594984026815,2.6337226289210047,0.8505116274467902,-0.0945550432737144,0.5059890110537182,-0.9558677746070476,14.564224804665935,0.16580502433371316,0.15872259204063077,0.010825703199332674,0.7000000000000001
10.33722387799935,5.148894844190169,2.6297086762963544,0.8680603736246116,-0.12041857873951323,0.538128683699197,-0.934464866000012,14.549565854725579,0.16387129301911846,0.15470863941598045,0.021263309109880276,0.7000000000000001
10.339212551996752,5.178274352989961,2.6247686351346307,0.8813852639937564,-0.1482012348517138,0.5964074588248279,-0.9362419176709524,14.535409295843946,0.1616641477108777,0.1497685982542567,0.03168628648782306,0.7000000000000001
10.464169860999391,5.207969732390925,2.6189829421958275,0.8908613820289154,-0.17357078816409405,0.5339542679559461,-1.1285272646455144,14.521775200080267,0.15942179134131693,0.14398290531545355,0.028668400000110984,0.7000000000000001
10.467617797003186,5.237557996416003,2.611908901264645,0.8876479207523202,-0.21222122793547585,0.6010281440552356,-1.0949341476006433,14.509276872392105,0.15678216108609194,0.13690886438427086,0.04300705544003542,0.7000000000000001
10.47076092199859,5.266933997684936,2.6033513659243126,0.8812800380680084,-0.25672606020996697,0.5783489267881023,-1.1081572627037422,14.49813728782593,0.15378115697608438,0.12835132904393864,0.05611923652172324,0.7000000000000001
10.595940405000874,5.296153032283506,2.5933608336196614,0.8765710379570905,-0.29971596913953835,0.4874631353565514,-1.1509964596513056,14.48828721196018,0.15086105242951076,0.11836079673928745,0.028259493430204386,0.75
10.598261473998718,5.325151191976624,2.5817273938043015,0.8699447907935315,-0.3490031944607983,0.5257357496090884,-1.1340643374972028,14.47993699690394,0.14724028076334494,0.10672746390219223,0.04052924293508397,0.75
10.717677052001818,5.353896885705482,2.5686144823060197,0.8623708118657387,-0.3933873449484503,0.5595678782172377,-1.1177583771403634,14.472980744945206,0.14528498788425717,0.09797290344770607,0.011879673607755345,0.75
10.719924805001938,5.382169061263251,2.5539993987002463,0.848165266733054,-0.4384525081731992,0.6144628373855624,-1.088547390549481,14.467574301229972,0.14195294697124716,0.09751508427466608,0.022383268761739645,0.75
10.721614153997507,5.410032944830079,2.537914726450069,0.8359165070048531,-0.4825401675053071,0.6174716481620389,-1.0542869470460423,14.463655944911672,0.14156950941975938,0.1046147194365966,0.03142268217716667,0.8
10.723424287003581,5.437595984372907,2.52051603580553,0.8268911862848211,-0.5219607193361837,0.6120843048857448,-1.0215652832662077,14.461040495309778,0.14124773733205212,0.11180199946892212,0.03922115550906954,0.8
10.874792039998283,5.464888097003553,2.5018387176879506,0.8187633789193896,-0.5603195435273728,0.5262819109829886,-0.9164869666986968,14.45968542907463,0.14095831782041318,0.11789357908764048,0.013236850473505365,0.8
10.98780800300301,5.492036229800297,2.482028479611628,0.8144439839022999,-0.5943071422896843,0.5043458230225213,-0.8909790862962763,14.459401872747918,0.141688284548249,0.12308225420408314,0.0,0.8062257748298549
10.990770138996595,5.518857887488656,2.4610203623525253,0.8046497306507663,-0.6302435177730739,0.5118660980432933,-0.8086490249188725,14.460354316568047,0.141648716824759,0.12719304806431272,0.007696777210387848,0.8321658488546619
10.992849800997647,5.545345261619804,2.438867789915641,0.794621223934465,-0.664577173106533,0.4950925542626735,-0.7800045894483902,14.462507462883387,0.1420383538524413,0.1302582157374257,0.014415039432809675,0.7905694150420949
10.994719595000788,5.571630530026186,2.4157119389884634,0.7885580521914521,-0.6946755278153341,0.5015963496721015,-0.7347484593688942,14.465672238409045,0.14168851724966025,0.1324710480581346,0.019182918785539443,0.8200609733428363
10.996293739997782,5.5979045724768195,2.3917500013863213,0.7882212735190018,-0.7188581280642603,0.5050649699842418,-0.6907815869407328,14.469579976238004,0.14174841755375114,0.13410595307531692,0.023373804175772124,0.7810249675906654
11.053648521003197,5.5979045724768195,2.3917500013863213,0.7882212735190018,-0.7188581280642603,0.4817856503479252,-0.6664591409256393,14.469579976238004,0.14174841755375114,0.13410595307531692,0.023373804175772124,0.7810249675906654
11.11171920599736,5.624184491372463,2.36715004598193,0.7883975668692998,-0.7379986621317456,0.456896470862304,-0.6418426074229986,14.474087763302837,0.14145125814774223,0.13529386665212725,0.0015331647821610242,0.8139410298049854
11.114034555001126,5.6504776800928385,2.3420457219612567,0.7887956616112531,-0.753129720620197,0.40477052053450213,-0.5995261568580366,14.47908547661277,0.14146110410999527,0.1361345209432002,0.0026046527276280267,0.8139410298049854
11.121459068002878,5.6768291837634015,2.3166324830614258,0.7905451101168959,-0.7623971669949325,0.14345130057881453,-0.4611346262025913,14.484390102408284,0.14140101503042615,0.13679797432513363,0.0037809284508228476,0.8139410298049854
11.235405327999615,5.703274338159151,2.291039414767242,0.7933546318724838,-0.7677920488255104,0.1286341148132679,-0.44014909680627046,14.489877568281846,0.14173702021923054,0.1374004901857054,0.011304957118612421,0.8200609733428363
11.24167623899848,5.729574789781112,2.265474639290294,0.7890135486588391,-0.7669432643084468,0.09657331109078497,-0.43054005330483286,14.495516848776004,0.14212922959177285,0.13792069177660096,0.019198366643823118,0.8200609733428363
11.24371627799701,5.729574789781112,2.265474639290294,0.7890135486588391,-0.7669432643084468,0.08341087155386892,-0.4474788836313004,14.495516848776004,0.14212922959177285,0.13792069177660096,0.019198366643823118,0.8200609733428363
11.245403423003154,5.755554719585732,2.2401865440408115,0.779397894138605,-0.7586428574844648,0.038033734069431585,-0.4661890944429225,14.501204855044927,0.14285619391608953,0.1384098926819983,0.026783181109630634,0.8321658488546619
11.370947852003155,5.780979643030425,2.2153886966861487,0.7627477033407586,-0.7439354206398863,-0.09827487608934157,-0.5302633843575336,14.506897860346626,0.14370178620980806,0.13885330243757815,0.018060479184207005,0.8321658488546619
11.373768787998415,5.805626417089233,2.1912019919315386,0.7394032217642383,-0.7256011426383074,-0.10353533362491171,-0.5581188335303755,14.512618755064963,0.14478665986412428,0.13917862056239222,0.02853198338727692,0.8
11.380771319003543,5.8292758131322175,2.1677499172717773,0.7094818812895334,-0.7035622397928347,-0.10844136934461099,-0.5898522146992119,14.51838388430363,0.1458249305569787,0.13931814785054303,0.037842133364960104,0.8
11.496533796998847,5.873158497618124,2.123225593289107,0.6396118927309323,-0.6557446685952542,-0.26166776164336036,-0.7021966894493428,14.530108268507773,0.14807057389806016,0.13886444021130354,0.036084463804451634,0.75
11.498702857003082,5.873158497618124,2.123225593289107,0.6396118927309323,-0.6557446685952542,-0.23796765578519224,-0.7512346010807738,14.530108268507773,0.14807057389806016,0.13886444021130354,0.036084463804451634,0.75
11.511104639001132,5.893150890920659,2.1022087063586112,0.5997717990760599,-0.6305066079148647,-0.38208115816618893,-0.866850679679648,14.536140073106527,0.14950220474622783,0.13814001381969065,0.04910327450922519,0.75
11.626586318998307,5.9117649058855,2.08200077332629,0.5584204489452077,-0.606237990969636,-0.38208115816618893,-0.866850679679648,14.542334728949756,0.15045121959680216,0.13701294354551946,0.037966533818463016,0.7000000000000001
11.632260188998771,5.9117649058855,2.08200077332629,0.5584204489452077,-0.606237990969636,-0.36990026482901434,-0.9099834017258981,14.542334728949756,0.15045121959680216,0.13701294354551946,0.037966533818463016,0.7000000000000001
11.634778533996723,5.929067071022303,2.062463108441468,0.5190649541040894,-0.5861299465446564,-0.4096701395564674,-0.9286867068492399,14.548760749475699,0.15136349838318797,0.13543220651435414,0.05502702739184918,0.7000000000000001
11.645739204002894,5.944903386825625,2.0433348638124085,0.47508947409968283,-0.5738473388717806,-0.4515797102377152,-1.0572246818848403,14.555712795200705,0.15225609389037906,0.13310446131849193,0.07066454517501897,0.7000000000000001
11.758230658000684,5.959395123410008,2.024526718539735,0.4347520975314944,-0.564244358180197,-0.5027765000638799,-1.098322088971449,14.563189991482687,0.1522779798206675,0.13005229946462965,0.06062120178513109,0.65
11.760227507002128,5.959395123410008,2.024526718539735,0.4347520975314944,-0.564244358180197,-0.4960663763358893,-1.1306032795631202,14.563189991482687,0.1522779798206675,0.13005229946462965,0.06062120178513109,0.65
11.885076748003485,5.972439875812859,2.00575781125229,0.39134257208552947,-0.5630672186233647,-0.5731714709619029,-1.1108440326505644,14.571476510373337,0.1518276663418906,0.12600471072917074,0.040727802718623383,0.65
11.887447048997274,5.984119241760351,1.9869070497651067,0.3503809784247661,-0.5655228446154934,-0.5381558732990657,-1.1282234956043595,14.580622116459738,0.15172007722284098,0.12093376831248408,0.059220294719880696,0.65
11.890049389003252,5.9944387507369115,1.9678354329840042,0.30958526929682423,-0.5721485034330758,-0.5959356961402744,-1.010577139103512,14.590734739783112,0.150343659194098,0.11474509353421622,0.07656992143089397,0.65
11.899866694002412,5.9944387507369115,1.9678354329840042,0.30958526929682423,-0.5721485034330758,-0.5696639588451683,-0.9621321935399685,14.590734739783112,0.150343659194098,0.11474509353421622,0.07656992143089397,0.65
12.01227971100161,6.003232373287425,1.948204514968881,0.2638086765154038,-0.5889275404537018,-0.5696639588451683,-0.9621321935399685,14.60218406646771,0.14748859641923298,0.10714096946184555,0.019109410983167867,0.6000000000000001
12.017513685997983,6.01660348381102,1.9065764636714366,0.17984160903466415,-0.6377017824226076,-0.5682597993486969,-0.9270972208986049,14.629452374379142,0.14303355793006176,0.09689299956454987,0.05550478864129526,0.6000000000000001
12.030591260001529,6.01660348381102,1.9065764636714366,0.17984160903466415,-0.6377017824226076,-0.5489906160128294,-0.7773106573907315,14.629452374379142,0.14303355793006176,0.09689299956454987,0.05550478864129526,0.6000000000000001
12.151551317001577,6.021158274869474,1.8841669187668058,0.13664373175361613,-0.6722863471389275,-0.596373637654251,-0.7047210821307526,14.645622605005949,0.1389751038941615,0.09659414440745659,0.044606840590581474,0.6000000000000001
12.15325376099645,6.024172891829701,1.8604624204424371,0.09043850880681673,-0.7111349497310594,-0.5702049901509089,-0.6870937238876719,14.663739756367066,0.13381643254101822,0.09917280354032076,0.05795244144142965,0.6000000000000001
12.155021163998754,6.02564079477555,1.8354348945251604,0.04403708837547936,-0.7508257775183019,-0.5583839509278185,-0.6578617877026163,14.683828989790907,0.1288935152973013,0.1006407064861703,0.07100906318264506,0.6000000000000001
12.302221689002181,6.025756135656826,1.8090788104012026,0.00346022643827007,-0.7906825237187329,-0.5103861552030022,-0.5232108647677337,14.705786536932058,0.1223374320793738,0.10075604736744559,0.030049375228084298,0.6000000000000001
12.356277548002254,6.024744364352043,1.781420586327046,-0.030353139143475157,-0.8297467222246948,-0.4718042292452869,-0.5128029287306254,14.729465446920713,0.11575347520802334,0.09974427606266278,0.04346122840606876,0.6000000000000001
12.409201520997158,6.02248535513689,1.7527264538135883,-0.06777027645458501,-0.8608239754037356,-0.44287832218546197,-0.495765926444361,14.754707955846932,0.1083205458555165,0.09748526684751013,0.0,0.6000000000000001
12.41124382399721,6.019010445190863,1.7233630061802432,-0.10424729838082555,-0.8809034290003526,-0.3806649535466109,-0.46660291013277133,14.781188567287886,0.10018821288732084,0.09401035690148252,0.013931158642236477,0.6000000000000001
12.412964481998642,6.008608657573843,1.664121645952574,-0.17301582703481216,-0.8886810986701682,-0.3487894795426866,-0.45495574701035263,14.836498383815309,0.08110863975007845,0.08360856928446303,0.03594634364125781,0.6000000000000001
12.418425978001324,6.008608657573843,1.664121645952574,-0.17301582703481216,-0.8886810986701682,-0.2868136590716649,-0.4643699943360813,14.836498383815309,0.08110863975007845,0.08360856928446303,0.03594634364125781,0.6000000000000001
12.544835401000455,6.001881583298468,1.6346181215085862,-0.20181222826123588,-0.8851057333196326,-0.1323590132720973,-0.3246491481568271,14.86490051320703,0.07001064701400567,0.07688149500908814,0.007018526538319065,0.6020797289396148
12.547930585002177,5.994369645625153,1.605535430042579,-0.22535813019944265,-0.8724807439802171,-0.09290739468302364,-0.30970685203910586,14.893384045665517,0.05735580671959938,0.0693695573357731,0.012685064412142491,0.651920240520265
12.55013720200077,5.98624205792447,1.5770530604315474,-0.24382763102048755,-0.8544710883309498,-0.05495374825343112,-0.2908777637613021,14.921704594108563,0.04362996660680658,0.06124196963509032,0.016326051162519298,0.6576473218982953
12.676575748999312,5.977678588672587,1.5492427629304797,-0.25690407755649347,-0.8343089250320294,0.08041784699661778,-0.22191675092040916,14.949702750648946,0.02833019501252135,0.052678500383207094,0.0049863204109661,0.6670832032063168
12.682224062002206,5.968819723378462,1.522157451817191,-0.26576595882375825,-0.8125593333986596,0.12156249377109674,-0.21305448238941754,14.977256619881924,0.012007942752198648,0.028975159956209987,0.0040668348467425425,0.6670832032063168
12.683947313998942,5.968819723378462,1.522157451817191,-0.26576595882375825,-0.8125593333986596,0.16256802096426914,-0.206722327828299,14.977256619881924,0.012007942752198648,0.028975159956209987,0.0040668348467425425,0.6670832032063168
12.685718253997038,5.959764009024529,1.4957606333412845,-0.27167143061797694,-0.7919045542771934,0.18855105131232383,-0.21159526744334725,15.004342438134424,0.006150545341706814,0.003906433581992315,0.000886537659647917,0.6800735254367722
12.792502133997914,5.950808931765338,1.4702020011768346,-0.2686523177757414,-0.7667589649334976,0.31660360286222194,-0.2316676246751434,15.030672392067933,0.02390615807731637,0.020498444395366727,0.014475684962277104,0.6800735254367722
12.927366377996805,5.934017287499374,1.4218645367736409,-0.24582644488711616,-0.7116506494711652,0.49440275807510337,-0.3314349500419023,15.080397623563409,0.057299622703162606,0.04098280153506373,0.031750080652095954,0.7433034373659253
12.933685914002126,5.926429822108253,1.3992315681315661,-0.22762396173363625,-0.6789890592622431,0.5454141553249149,-0.31353654008372644,15.103534957514649,0.07267723525932675,0.048570266926184935,0.04602476911774146,0.7615773105863909
12.935785763998865,5.926429822108253,1.3992315681315661,-0.22762396173363625,-0.6789890592622431,0.5670986455504797,-0.3438420079084803,15.103534957514649,0.07267723525932675,0.048570266926184935,0.04602476911774146,0.7615773105863909
12.93733139699907,5.9194544947081065,1.3776350575283924,-0.20925982200441315,-0.647895318095214,0.5871111716842028,-0.37377577704812587,15.125471711440339,0.08817599185055548,0.05554559432633166,0.05905150843047112,0.7615773105863909
12.940883796996786,5.913355820897362,1.357270201957898,-0.18296021432233217,-0.6109456671148319,0.6842401524518641,-0.4047597557863079,15.14590062099792,0.1025514319670717,0.06414329473378338,0.07087772111351519,0.7615773105863909
13.05813952400058,5.908251385527662,1.3381567937714567,-0.15313306109098768,-0.5734022455932402,0.6842401524518641,-0.4047597557863079,15.164741586425766,0.11548613106940105,0.07624180464025564,0.031174288291599853,0.7826237921249265
13.06492409099883,5.904103903380015,1.3202368747571702,-0.1244244644294038,-0.5375975704285965,0.7308240114398517,-0.38898434441035945,15.18206370569914,0.12704279754189368,0.08958387840902288,0.04454367298009884,0.7826237921249265
13.072763912998198,5.900860296480426,1.303441653528962,-0.09730820698769821,-0.5038566368462467,0.9173370145966377,-0.45959324884064773,15.197953723856006,0.13807093329627687,0.1030403257077213,0.05653786727783736,0.7826237921249265
13.184551211001235,5.900860296480426,1.303441653528962,-0.09730820698769821,-0.5038566368462467,0.9173370145966377,-0.45959324884064773,15.197953723856006,0.13807093329627687,0.1030403257077213,0.03027451769799444,0.7826237921249265
13.186316229999647,5.899028494220167,1.2876963515478468,-0.05495406780776385,-0.47235905943345163,0.9496477542976698,-0.4626832974434531,15.212200972204945,0.14837215804709963,0.11545304620155089,0.04295943310457931,0.8500000000000001
13.312989040998218,5.898811644156515,1.27287612712129,-0.006505501909572581,-0.44460673279670104,1.1185962580024502,-0.4689466257167329,15.224802044630914,0.1569586299662249,0.12608586354278498,0.01155782645925617,0.8500000000000001
13.319358619999548,5.900221742390403,1.2588917492663683,0.0423029470166149,-0.4195313356476525,1.1679247298519275,-0.4271050336242371,15.235827006796397,0.16373112335092438,0.13497722193135422,0.0214345989605557,0.8062257748298549
13.321362371003488,5.903318305600021,1.245642185099792,0.0928968962885596,-0.39748692499728616,1.17397879964951,-0.42106957502787123,15.245330617366019,0.1686979451846486,0.1421564777574119,0.029670232332331015,0.8321658488546619
13.34037071000057,5.908179081877424,1.2329407113508364,0.14582328832206312,-0.3810442124686697,0.9805038878552026,-0.4525292254749783,15.253430587648252,0.17190100337979208,0.14770068810877973,0.036359048962390915,0.8321658488546619
13.451662009996653,5.91492159707853,1.2206458530265794,0.2022754560331967,-0.36884574972771217,0.9805038878552026,-0.4525292254749783,15.260185834554338,0.17363475935831613,0.1516267875826335,0.015263158963338188,0.8321658488546619
13.455074040000909,5.923530481250119,1.2086886127970486,0.2582665251476803,-0.3587172068859193,0.9608250955585639,-0.41227724986446523,15.265666152280232,0.17453168365044133,0.15399443285703163,0.020967940043686028,0.8321658488546619
13.614652985001158,5.934068023705021,1.1969899424131174,0.3161262736470564,-0.35096011151793755,0.8195827410788574,-0.40654977411419424,15.269908761602508,0.17383269188349162,0.15481547428947334,0.012895137000186008,0.8602325267042628
13.719962073002534,5.946666504810123,1.1854883464232182,0.37795443315307364,-0.34504787969697437,0.8429707784835593,-0.38027943382488943,15.27289947371342,0.17141739442177406,0.15403985938633064,0.01853993445922633,0.8602325267042628
13.722264338000969,5.961392324022382,1.1742242699728267,0.44177457636778417,-0.3379222935117449,0.8554483782058863,-0.4164377385903167,15.274574073487,0.16720882307553045,0.15159203760469067,0.0,0.8200609733428363
13.72394042200176,5.961392324022382,1.1742242699728267,0.44177457636778417,-0.3379222935117449,0.8822672779539065,-0.42508635749353413,15.274574073487,0.16720882307553045,0.15159203760469067,0.0,0.8200609733428363
13.725875386000553,5.978326335424431,1.1632095103046443,0.5080203420614683,-0.33044279004547467,0.8913535710262939,-0.4281102248483305,15.274885639117972,0.16184740369434938,0.14740649456412336,0.002883309333174344,0.8200609733428363
13.78337621800165,5.997390327528189,1.1524041632049673,0.571919763112736,-0.32416041299030657,0.9225998000756925,-0.40127583221166696,15.273916375881656,0.1551285912509249,0.14156675067832594,0.004681927608582545,0.8200609733428363
13.840353539999342,6.040615557379173,1.1311870338342298,0.6705755830852864,-0.31614351022171344,0.9431918021454448,-0.3735598626209021,15.269046707157194,0.13796040005610458,0.1260046735877082,0.0025360010435626123,0.8139410298049854
13.843046428002708,6.040615557379173,1.1311870338342298,0.6705755830852864,-0.31614351022171344,0.9878303963874123,-0.3635890974403,15.269046707157194,0.13796040005610458,0.1260046735877082,0.0025360010435626123,0.8139410298049854
13.845964303000073,6.064211093838919,1.1208807763322057,0.7078660937923794,-0.309187725060722,0.986888485852315,-0.36534002062981125,15.26536731187836,0.12857407141025673,0.1166077343196235,0.0005796423192519862,0.7778174593052023
13.847364266002842,6.088734784317028,1.110837250161708,0.7357107143432698,-0.3013057851149276,0.9906365476680018,-0.3312018796328538,15.261019602169396,0.11834586798704953,0.10636871194501596,0.004519183958574677,0.7778174593052023
13.85219866099942,6.088734784317028,1.110837250161708,0.7357107143432698,-0.3013057851149276,0.9570525816905308,-0.3385769930557164,15.261019602169396,0.11834586798704953,0.10636871194501596,0.004519183958574677,0.7778174593052023
13.969736391001788,6.113996130960288,1.1011255549382175,0.7578403992978078,-0.291350856704719,0.8235189115083106,-0.3174697277763885,15.256047805208185,0.10776970020039008,0.09537344798100976,0.006615209850722007,0.7433034373659253
13.97149469699798,6.13998644535851,1.0914465227270609,0.7797094319466298,-0.290370966334701,0.7997793270133151,-0.29226858409969336,15.250714060697161,0.09732788707592499,0.08383962973668907,0.013677082379378758,0.7810249675906654
13.974642228000448,6.13998644535851,1.0914465227270609,0.7797094319466298,-0.290370966334701,0.7659068013137801,-0.288907455818629,15.250714060697161,0.09732788707592499,0.08383962973668907,0.013677082379378758,0.7810249675906654
14.0939376430033,6.1666944456629675,1.0818416892726823,0.8012400091337484,-0.28814500363135614,0.6246718612537914,-0.2794435336649642,15.244992057119397,0.08634615064956869,0.07174586447723295,0.008685646116345357,0.75
14.10024094000255,6.1666944456629675,1.0818416892726823,0.8012400091337484,-0.28814500363135614,0.6169141672410725,-0.2594366103494699,15.244992057119397,0.08634615064956869,0.07174586447723295,0.008685646116345357,0.75
14.103954648999206,6.194099616104192,1.0723419478805634,0.8221551132367328,-0.2849922417635677,0.575769734120992,-0.2647373672978177,15.238869223240819,0.07587348189927458,0.05908481417655562,0.017879925133160567,0.75
14.10583792700345,6.221959545618123,1.0629239702942013,0.8357978854179344,-0.28253932759086403,0.5549499707800639,-0.23218463569969952,15.23249397850552,0.06547564684197262,0.04604438491025515,0.023655282749843045,0.7211102550927979
14.111378449997574,6.250189302951891,1.053631228844651,0.8468927200130365,-0.27878224348650626,0.625427911753515,-0.19781307439959983,15.225874887587526,0.05537122789491131,0.03265389256308761,0.029504832335018636,0.6946221994724903
14.220806147997791,6.2787030388922895,1.0445701366311009,0.8554120782119561,-0.27183276640650084,0.625427911753515,-0.19781307439959983,15.218966294435939,0.04672595937789948,0.018898796271827535,0.0264278959386372,0.73824115301167
14.347373363998486,6.3361614982775905,1.0273548446909162,0.8624014478951966,-0.2533770435576564,0.6219861901657469,-0.1346140603836146,15.20431648044243,0.03287385504244233,0.0023548294172259787,0.018483363894774087,0.7158910531638177
14.349166154002887,6.3361614982775905,1.0273548446909162,0.8624014478951966,-0.2533770435576564,0.6354974810621707,-0.09007794171820863,15.20431648044243,0.03287385504244233,0.0023548294172259787,0.018483363894774087,0.7158910531638177
14.350992216997838,6.364740652379735,1.0192341073114422,0.8573746230643403,-0.24362212138422085,0.5948066232770981,-0.12157336819890949,15.19673233015147,0.027852710147697544,0.0057659079622480736,0.024466967969839343,0.696419413859206
14.352732731000287,6.39286797653988,1.0114798598038282,0.8438197248043383,-0.23262742522842017,0.56653413023361,-0.09246354203404264,15.18911595476726,0.024913494364709358,0.013520155469862072,0.030319145254567345,0.696419413859206
14.365314656999544,6.420278029483175,1.0041260554052573,0.8223015882988376,-0.2206141319571237,0.594355689900443,-0.06820422931612016,15.181569217875808,0.02189742497411603,0.01809912364457058,0.03515875089141301,0.6800735254367722
14.484480608000013,6.44695811600378,0.9971876123730964,0.800402595618166,-0.208153290964828,0.6280105030479302,-0.06156653319524433,15.174081275106886,0.01883299155231509,0.004139673662124118,0.014885503500079984,0.7280109889280518
14.48692197100172,6.472938468168928,0.9906698462158214,0.7794105649544338,-0.19553298471824943,0.6638108891493769,-0.03323853096349616,15.166627993435206,0.015934273476999012,0.009622452883468894,0.020720877063675553,0.7158910531638177
14.62510706300236,6.498362634734881,0.9845870724560778,0.7627249969786041,-0.18248321279231056,0.6899396830702748,-0.03305459169865663,15.159120914254265,0.015962085064116022,0.00958705792744563,0.017115284052191225,0.7158910531638177
14.627133435998985,6.52331590422159,0.9790419674555187,0.7485980846012846,-0.16635315001676995,0.6536693020302681,-0.03204952867657804,15.151425067597271,0.015667808632500394,0.004041952926886583,0.020756195993646642,0.7071067811865476
14.629312523000408,6.52331590422159,0.9790419674555187,0.7485980846012846,-0.16635315001676995,0.6227911153995634,-0.011255885825069145,15.151425067597271,0.015667808632500394,0.004041952926886583,0.020756195993646642,0.7071067811865476
14.635210316999292,6.547750795822741,0.9739805614795087,0.7330467480345081,-0.15184217928029903,0.6567915603421559,-0.03160415754051785,15.143607705643124,0.017094155387718465,0.001019453049123431,0.0236066869010063,0.7071067811865476
14.744972585998767,6.571771452300285,0.969415781852952,0.7206196943263353,-0.1369433887967018,0.7396726788326233,-0.031717278811380756,15.135602630098786,0.018089933806860192,0.005584232675680201,0.005618770082636155,0.70178344238091
14.747218224998505,6.571771452300285,0.969415781852952,0.7206196943263353,-0.1369433887967018,0.7123546077876596,-0.011579568440340443,15.135602630098786,0.018089933806860192,0.005584232675680201,0.005618770082636155,0.70178344238091
14.749167515998124,6.595508370100884,0.9653830276528392,0.7121075340179651,-0.12098262600338343,0.7453646086362226,-0.03346266519235269,15.127311645943438,0.019858972372701303,0.009616986875792932,0.011151341865043466,0.70178344238091
14.90183855700161,6.618907509697502,0.9618479028763034,0.7019741878985508,-0.10605374329607406,0.8709915743979106,-0.030322968993066024,15.11878915044509,0.021231316193671617,0.013152111652328768,0.0046097747689309715,0.7000000000000001
14.956581389997154,6.641996161413928,0.9588137469294544,0.6926595514927871,-0.09102467840546982,0.905079971579123,-0.030473786743572512,15.110016459099402,0.02277800398307651,0.01618626759917774,0.009349548649009715,0.7000000000000001
15.007502323001972,6.641996161413928,0.9588137469294544,0.6926595514927871,-0.09102467840546982,0.9397230372260481,0.00034237749095226977,15.110016459099402,0.02277800398307651,0.01618626759917774,0.0,0.7000000000000001
15.009809907001909,6.687301873968397,0.9542781228902606,0.674984027708861,-0.06013499212617639,0.9760771713284959,-0.03183907103712369,15.091656541877503,0.025000720244251907,0.02072189163837157,0.008373023734913151,0.7000000000000001
15.01198093900166,6.687301873968397,0.9542781228902606,0.674984027708861,-0.06013499212617639,1.007503312092784,0.03424942640513471,15.091656541877503,0.025000720244251907,0.02072189163837157,0.008373023734913151,0.7000000000000001
15.013972608001495,6.709686635474216,0.9527828349949984,0.6715428451745628,-0.04485863685786727,1.0405084291171354,0.036328155594097106,15.08197768230979,0.02569592808965672,0.02221717953363378,0.010729291637115444,0.7000000000000001
15.019326606001414,6.731883465959285,0.9517621113024183,0.6659049145520799,-0.030621710777403152,1.0168688683807336,0.06819976204996314,15.072003875961112,0.02602599956829131,0.023237903226213885,0.013500351748928118,0.7000000000000001
15.133724660001462,6.7540368376105,0.9512042670474963,0.6646011495364373,-0.016735327647659434,1.1676034115318275,-0.04628971453424374,15.061673346945668,0.026091102233250313,0.023795747481135887,0.010976825435653986,0.7000000000000001
15.136460547997558,6.776337603974821,0.9510458837771851,0.6690229909296387,-0.004751498109332737,1.2018491419136048,-0.010884824631911948,15.050947652606004,0.025768504203501567,0.023954130751447034,0.014042100722874254,0.7000000000000001
15.156687925998995,6.798836017645733,0.9513185246942958,0.6749524101273628,0.00817922751332055,1.2472087194406525,-0.08348898221446821,15.039774600580774,0.02518434040494787,0.023681489834336378,0.0165937943197991,0.7000000000000001
15.256878043001052,6.821729653509491,0.9520074873716424,0.6868090759127419,0.02066888032039884,1.2472087194406525,-0.08348898221446821,15.028071278402109,0.024178421885513734,0.02299252715698974,0.009782500004037926,0.7000000000000001
15.262937767998665,6.821729653509491,0.9520074873716424,0.6868090759127419,0.02066888032039884,1.2486935542270612,-0.05713499480868911,15.028071278402109,0.024178421885513734,0.02299252715698974,0.009782500004037926,0.7000000000000001
15.389943706999475,6.845335868969113,0.9530226372184973,0.7081864637886577,0.030454495405646247,1.228413500247924,-0.11200330479231624,15.01576389770282,0.0229440087017834,0.021977377310134827,0.005600217882102737,0.7000000000000001
15.392247609997867,6.845335868969113,0.9530226372184973,0.7081864637886577,0.030454495405646247,1.2255721160394293,-0.0711074968458468,15.01576389770282,0.0229440087017834,0.021977377310134827,0.005600217882102737,0.7000000000000001
15.393755784003588,6.845335868969113,0.9530226372184973,0.7081864637886577,0.030454495405646247,1.2442616617212379,-0.11963660464382966,15.01576389770282,0.0229440087017834,0.021977377310134827,0.005600217882102737,0.7000000000000001
15.398260328001925,6.869984533611783,0.9542076982950211,0.739459939280084,0.03555183229571034,1.2451756716179982,-0.1097157546146709,15.002832362050132,0.02154644232519401,0.020792316233611108,0.01157042074555928,0.7000000000000001
15.526628355997673,6.923086808498324,0.9568161664004166,0.8164374766270731,0.039470374059946974,1.2454751762162228,-0.10626187194458986,14.975024682522037,0.018637011923700077,0.018183848128215607,0.01931912659006459,0.7000000000000001
15.529061592998914,6.95159806823677,0.9580920647879384,0.8553377921533689,0.03827695162565613,1.217273837612148,-0.026324560071457392,14.960260504270172,0.017262064254707533,0.016907949740693762,0.023766495046330924,0.7000000000000001
15.652390695999202,6.981318169715678,0.9594156980502325,0.8916030443672397,0.039708997868825,1.0970432166010697,-0.12981733328653178,14.944918427260445,0.015847083798447275,0.01558431647839964,0.015545921148935398,0.7000000000000001
15.654418001999147,6.981318169715678,0.9594156980502325,0.8916030443672397,0.039708997868825,1.0672862768843547,-0.09815779264024072,14.944918427260445,0.015847083798447275,0.01558431647839964,0.015545921148935398,0.7000000000000001
15.65655664299993,7.012126757358747,0.9606194276811704,0.9242576292920688,0.03611188892813522,1.0668800979835984,-0.14244840343595283,14.929208583444044,0.014579210585788798,0.014380586847461796,0.02125210359079314,0.7000000000000001
15.676862170999811,7.043899074480054,0.9617994512272513,0.9531695136392125,0.03540070638242766,1.1398646690119758,-0.14448942450386193,14.913110806632396,0.013347901745694519,0.013200563301380863,0.026167974485144394,0.7000000000000001
15.781312765997427,7.076541693865635,0.9629631508541888,0.9792785815674432,0.034910988808125355,1.1059975813714742,-0.14589415886020363,14.89666753854105,0.012142645352359357,0.012036863674443343,0.017079114659058838,0.7000000000000001
15.784123867000744,7.109956105524071,0.9642442857961978,1.0024323497530845,0.038434048260269686,1.0764884592632402,-0.11061238685614838,14.87981155223204,0.010834544014159954,0.010755728732434355,0.023553592961591333,0.7000000000000001
15.800530207998236,7.144049985588765,0.9657622849623092,1.0228164019408272,0.04553997498334274,1.111524420834477,-0.14776298115552444,14.862484346774133,0.009294839686067424,0.00923772956632296,0.02921727191351258,0.7000000000000001
15.903567870002007,7.144049985588765,0.9657622849623092,1.0228164019408272,0.04553997498334274,1.111524420834477,-0.14776298115552444,14.862484346774133,0.009294839686067424,0.00923772956632296,0.02005095587320971,0.7000000000000001
15.911158891001833,7.178755598252923,0.9675354504960284,1.0411683799247482,0.053194966011576084,1.144927268892003,-0.1533015863250486,14.844704416481111,0.007504960899799495,0.00746456403260376,0.02793380648788489,0.7000000000000001
16.028301370999543,7.21394910699474,0.969663692524516,1.0558052622544922,0.06384726085462894,0.9428207691848753,-0.16961032457311254,14.82644355361283,0.0053657362337179776,0.005336322004116156,0.024442839156934012,0.7000000000000001
16.03026389599836,7.249513451920791,0.9720339203650399,1.066930347781548,0.07110683521571486,0.9080726179449911,-0.1720150641606475,14.8078580265162,0.0029873214660265796,0.002966094163592281,0.03312669123229453,0.7000000000000001
16.031970848001947,7.285364946009155,0.9747203863485625,1.0755448226509154,0.08059397950567937,0.8752275595246252,-0.17694959088187667,14.788922065370919,0.00029469850692506646,0.0002796281800696576,0.04020134735611957,0.7000000000000001
16.19102220700006,7.321422064506745,0.9775636253241807,1.081713554927708,0.08529716926854534,0.7550031710983401,-0.22831468750181216,14.769815680467074,0.0025528208689052753,0.0025636107955485654,0.01622573030471139,0.7000000000000001
16.248471434002568,7.393938939077439,0.9832951746847021,1.0896997525805407,0.08560461337020281,0.7882287078542798,-0.2328365799337112,14.731571553207466,0.008289116301072633,0.008295160156069903,0.040795265273359485,0.7000000000000001
16.302623087001848,7.393938939077439,0.9832951746847021,1.0896997525805407,0.08560461337020281,0.7661769645274472,-0.1838588238613194,14.731571553207466,0.008289116301072633,0.008295160156069903,0.0,0.7000000000000001
16.304784651001683,7.466678574019746,0.9890655616500128,1.0907801216341872,0.08723329416238366,0.7335057297134772,-0.18764088124446854,14.693452793236869,0.014061498806015541,0.01406554712138064,0.03519156537902832,0.7000000000000001
16.314578206998704,7.466678574019746,0.9890655616500128,1.0907801216341872,0.08723329416238366,0.47007933139188884,-0.2676298592623684,14.693452793236869,0.014061498806015541,0.01406554712138064,0.03519156537902832,0.7000000000000001
16.418026970997744,7.502919636699701,0.9917789471864574,1.0872318803986472,0.08140156609333969,0.47007933139188884,-0.2676298592623684,14.674703693406098,0.016775036566419377,0.016778932657825263,0.047123812122566854,0.7000000000000001
16.425832038999943,7.538872759284376,0.994366764134655,1.0785936775402372,0.07763450844592518,0.4432141043310535,-0.2525192586041495,14.656261910251159,0.01936260752162828,0.019366749606022804,0.05597101948395951,0.7000000000000001
16.428143951001402,7.538872759284376,0.994366764134655,1.0785936775402372,0.07763450844592518,0.4374097346984476,-0.2377938560572872,14.656261910251159,0.01936260752162828,0.019366749606022804,0.05597101948395951,0.7000000000000001
16.551772846003587,7.5744529126856435,0.9968166828281866,1.0674046020380232,0.07349756080594914,0.5915487551452714,-0.2691013367849791,14.63817535870392,0.02181189072959137,0.02181666829955442,0.020070031222197502,0.7000000000000001
16.554113250997034,7.609482101058419,0.9991149230234666,1.0508756511832609,0.06894720585839986,0.5566600472485593,-0.27120454269955385,14.620533929943443,0.024108745070890097,0.02411490849483444,0.03769830412765187,0.7000000000000001
16.55577512900345,7.643903328553063,1.0013397951457108,1.0326368248393079,0.06674616366732325,0.5331384247769638,-0.25591154624080176,14.603290156444253,0.026331653874295174,0.026339780617078645,0.05112875693461567,0.65
16.680049916001735,7.677473090796862,1.0032399605105244,1.0070928673139516,0.057004960944411924,0.5819764040779458,-0.2895997894446812,14.58677398986516,0.028229314941106424,0.028239945981892278,0.01684282564387673,0.65
16.683554984003422,7.677473090796862,1.0032399605105244,1.0070928673139516,0.057004960944411924,0.6173255085632807,-0.29160607583708764,14.58677398986516,0.028229314941106424,0.028239945981892278,0.01684282564387673,0.65
16.68571730900294,7.71018283407566,1.004693270611465,0.9812922983639516,0.0435993030282158,0.5865183019742354,-0.29436551583565324,14.571095420410574,0.029678746693023422,0.02969325608283291,0.03245217512158277,0.65
16.687376412999583,7.741897449524275,1.005743450956238,0.9514384634584805,0.031505410343184104,0.5611447141313987,-0.2791771149465604,14.556270903447123,0.03072390579567145,0.030743436427605797,0.046479795667384693,0.65
16.81474977399921,7.772212284025628,1.0063132303906053,0.9094450350405695,0.017093383031016998,0.6521175423084401,-0.2806901910648818,14.542542095489367,0.031287829399463035,0.03131321586197311,0.025145388157906113,0.65
16.82176378100121,7.801189749855092,1.0064115926396293,0.8693239748839179,0.002950867470719376,0.6912167313286468,-0.25284620261427315,14.529868132529367,0.031377482393084064,0.03141157811099715,0.03602748663206045,0.65
16.823825400002534,7.801189749855092,1.0064115926396293,0.8693239748839179,0.002950867470719376,0.7276342468818889,-0.2499467044205408,14.529868132529367,0.031377482393084064,0.03141157811099715,0.03602748663206045,0.65
16.826498797003296,7.828989019389343,1.0060485086465754,0.8339780860275499,-0.010892519791619412,0.7512430859956005,-0.2692799957164048,14.518166012856307,0.031004965713755862,0.031048494117943193,0.046008272378217016,0.65
16.93729129499843,7.855813879045665,1.0052893377975056,0.8047457896896388,-0.022775125472091953,0.8836163062437805,-0.2433492397285709,14.507284640480398,0.030232327350130896,0.030289323268873458,0.019210744280395927,0.65
16.939017242002592,7.88184176942008,1.0041726076402362,0.780836711232449,-0.0335019047180823,0.9270329420002212,-0.20711253114629094,14.497109604021388,0.02910043780691283,0.029172593111604028,0.027738782023424738,0.65
16.946896136003488,7.90720197187595,1.0026570540317832,0.7608060736761029,-0.045466608253593624,0.95583789162331,-0.19360744101448024,14.4876202207761,0.02756442018870577,0.027657039503151015,0.035567115876214805,0.65
16.957538966002176,7.932060675719546,1.0007705403955842,0.7457611153078874,-0.056595409085970105,0.9917020125492151,-0.16874598548793046,14.478718449620237,0.02565437827010021,0.025770525866952054,0.042437608661588556,0.65
17.019350939001015,7.932060675719546,1.0007705403955842,0.7457611153078874,-0.056595409085970105,0.9917020125492151,-0.16874598548793046,14.478718449620237,0.02565437827010021,0.025770525866952054,0.042437608661588556,0.65
17.071306505000393,7.956412479549932,0.9985162551989373,0.7305541149115549,-0.06762855589940667,0.9917020125492151,-0.16874598548793046,14.470402341908683,0.023368527045740734,0.02351624067030511,0.013945771173719227,0.7000000000000001
17.07642532599857,7.980443183227441,0.9959561260845178,0.7209211103252994,-0.07680387343258488,0.8448229016921316,-0.11997658605114359,14.4625357902136,0.02077294253529502,0.020956111555885615,0.02020531187792675,0.7000000000000001
17.193670672000735,8.004301123773805,0.9931863087966705,0.7157382163909422,-0.08309451863542056,0.8332894993820197,-0.09691580229761129,14.454968347441662,0.01795345800513467,0.018186294268038306,0.015982290721657747,0.7000000000000001
17.195681466997485,8.02822549238233,0.9902392549152941,0.7177310582557259,-0.08841161644129211,0.8204626458714503,-0.08032482583492997,14.447569777118908,0.01495247428925271,0.015239240386661912,0.02272226801343294,0.7000000000000001
17.20512343700102,8.02822549238233,0.9902392549152941,0.7177310582557259,-0.08841161644129211,0.7067636728357618,-0.07048173042528075,14.447569777118908,0.01495247428925271,0.015239240386661912,0.02272226801343294,0.7000000000000001
17.324930773000233,8.05244728114465,0.9872345466662713,0.726653662869619,-0.09014124747068167,0.7292253647406401,-0.07873097604938101,14.44013544678433,0.011866792380620923,0.012234532137639142,0.008064480822613719,0.7000000000000001
17.326972745002422,8.05244728114465,0.9872345466662713,0.726653662869619,-0.09014124747068167,0.6957190633793116,-0.07809282966956885,14.44013544678433,0.011866792380620923,0.012234532137639142,0.008064480822613719,0.7000000000000001
17.485199518996524,8.077116658585377,0.9843146900940138,0.7400813232218195,-0.08759569716772453,0.6098861581424151,-0.08528144471611712,14.432474662814187,0.00886008795030093,0.00931467556538168,0.006230235260473337,0.7000000000000001
17.48742829800176,8.077116658585377,0.9843146900940138,0.7400813232218195,-0.08759569716772453,0.6105292469290503,-0.06437794758056371,14.432474662814187,0.00886008795030093,0.00931467556538168,0.006230235260473337,0.7000000000000001
17.535237859003246,8.077116658585377,0.9843146900940138,0.7400813232218195,-0.08759569716772453,0.6315675250543296,-0.0602778096235838,14.432474662814187,0.00886008795030093,0.00931467556538168,0.006230235260473337,0.7000000000000001
17.58561811200343,8.102384496205058,0.9815717195574656,0.7580351285904274,-0.08228911609644902,0.6652576258928352,-0.05191845225319977,14.424442875912952,0.005981475897025662,0.006571705028833419,0.007678870886378016,0.7000000000000001
17.587793892002082,8.12832247299502,0.9790744548573831,0.7781393036988379,-0.07491794100247426,0.6630550376812859,-0.02869345231352408,14.415950181923924,0.003334054334937107,0.004074440328750928,0.015852811517141213,0.7000000000000001
17.61443850700016,8.154928771899216,0.9769027478040346,0.7981889671258798,-0.06515121160045349,0.5523452161850317,-0.0115138505253831,14.406927271204816,0.0009329968311323966,0.0019027332754024684,0.021102177842827884,0.7000000000000001
17.71567680699809,8.181989934483607,0.9750971993865407,0.8118348775316906,-0.05416645252481718,0.5523452161850317,-0.0115138505253831,14.39742743204856,0.0011423659848752877,9.718485790854992e-05,0.01601600090766133,0.7000000000000001
17.717676961998222,8.209259357857063,0.9736620543154655,0.8180827012036684,-0.0430543521322553,0.5215734924529902,0.012008131471842341,14.387549241525196,0.002954991132335676,0.001337960213166678,0.02073277945730755,0.7000000000000001
17.745106661997852,8.236395628908905,0.972539254745133,0.8140881315552871,-0.033683987109974986,0.45785161530982826,0.09063061060121617,14.3774852404336,0.004548581651126593,0.0024607597834991335,0.025103958850551087,0.7000000000000001
17.84918309999921,8.263173872477589,0.9717048251022905,0.8033473070605055,-0.025032889285275882,0.4965184730446023,0.1416801511809821,14.36734747412238,0.005978249931245155,0.0032951894263416603,0.0035325861922983993,0.7000000000000001
17.873994228997617,8.289584942589165,0.9711840881454323,0.7923321033472912,-0.015622108705746221,0.6339473896533826,0.24054800315166058,14.35711427783286,0.0072803379944095855,0.0038159263831998302,0.004885625279668528,0.7000000000000001
17.983518799002923,8.289584942589165,0.9711840881454323,0.7923321033472912,-0.015622108705746221,0.6339473896533826,0.24054800315166058,14.35711427783286,0.0072803379944095855,0.0038159263831998302,0.002001914183673198,0.7000000000000001
17.986052692998783,8.315563346239344,0.9709899059438579,0.779352109505369,-0.005825466047232835,0.6524659293764502,0.26949911260853154,14.346798020854612,0.008401817954653713,0.004010108584774241,0.0036535100156818465,0.7000000000000001
17.98841761299991,8.341147285455756,0.9711641996443962,0.7675181764923834,0.005228811016147206,0.6623878637687901,0.3198982980091968,14.336342422686219,0.009482137666242377,0.0038358148842360107,0.0049331553038213525,0.7000000000000001
18.10532470799808,8.366172357259531,0.9716666841266832,0.750752154113235,0.015074534468613367,0.5983767269992709,0.36996345721351687,14.32584779652932,0.010414052345812245,0.003333330401948942,0.0035002178228177826,0.7000000000000001
18.112855017003312,8.390514026487606,0.9725049787804955,0.7302500768422714,0.02514883961436891,0.5724704050594406,0.38640174239382996,14.315353841728035,0.011483992717936582,0.002495035748136698,0.0047563143266248255,0.7000000000000001
18.233531202997256,8.414050898783488,0.9736439547728329,0.7061061688764341,0.03416927977012417,0.5089160730931446,0.40780524377122185,14.304937616351099,0.012510328691523433,0.0013560597557992216,0.004684054762491363,0.70178344238091
18.23535490100039,8.436722405076143,0.9751941608788254,0.6801451887796177,0.04650618317977407,0.48779174028386796,0.4187269774686164,14.294517880355246,0.013618456196852832,0.0001941463501932139,0.0054395081284110075,0.70178344238091
18.241997917000845,8.458726543107167,0.9773625505538786,0.6601241409307049,0.06505169025159457,0.517027857180925,0.48886781549884895,14.283822312149132,0.014697727706643484,0.0023625360252463867,0.005873276940911006,0.7071067811865476
18.363738143001683,8.480229518739453,0.9802517648512417,0.6450892689685815,0.08667642892089217,0.52904385322827,0.5198508466495276,14.272687694184874,0.01522026343415143,0.005251750322609494,0.0013844311765148743,0.7071067811865476
18.37056832500093,8.501437520725245,0.9840286455129693,0.6362400595737622,0.11330641985182913,0.517718146282126,0.5555077179231088,14.26087677550253,0.016458954443858965,0.00902863098433715,0.0018405823402378176,0.7158910531638177
18.372381865003263,8.522426384688336,0.9888246806883302,0.629665918892694,0.14388105526082684,0.512865028332808,0.576735461941786,14.248236581694885,0.016655449442296674,0.01159542585367683,0.0017380504886965276,0.7158910531638177
18.374115726001037,8.522426384688336,0.9888246806883302,0.629665918892694,0.14388105526082684,0.5222801803928926,0.6033756883057788,14.248236581694885,0.016655449442296674,0.01159542585367683,0.0017380504886965276,0.7158910531638177
18.503909011997166,8.543135172664922,0.994612092942811,0.6212636392975815,0.17362236763442762,0.5753627774516595,0.6160176277666966,14.234814326281692,0.01769425556538075,0.0010444198959444983,1.2928942856378749e-05,0.7158910531638177
18.50632421499904,8.563523516720497,1.0013752003344758,0.611650321667255,0.20289322174994326,0.5679604336470552,0.6223752910812989,14.220637942522819,0.018671801031369777,0.008590077344379029,0.0010001075355158301,0.6800735254367722
18.513608137996926,8.583470189144958,1.0090627369446599,0.5984001727338275,0.23062609830552172,0.5454343559045419,0.6410846463623587,14.205799505107173,0.018635943897379943,0.015937278329030358,0.0016463861381082728,0.6800735254367722
18.62470516099711,8.602921622360482,1.0176052462925227,0.5835429964657095,0.25627528043588355,0.5734482655158724,0.6516627565788337,14.190381361392118,0.01768191386593919,0.007394768981167532,0.004000874399694232,0.696419413859206
18.62750240299647,8.602921622360482,1.0176052462925227,0.5835429964657095,0.25627528043588355,0.57320871863587,0.697328268537524,14.190381361392118,0.01768191386593919,0.007394768981167532,0.004000874399694232,0.696419413859206
18.631514695000078,8.62179147953756,1.0270042568005942,0.5660957153123413,0.2819703152421426,0.6842549225615935,0.7818070801962881,14.174413084688094,0.015719296148119146,0.002004241526903927,0.004558966104363663,0.696419413859206
18.77577824999753,8.640109770527884,1.037330741256231,0.5495487297097437,0.3097945336691057,0.7184438393642109,0.8329861757273975,14.157815137979961,0.013618276622197717,0.012330725982540702,0.0006287021382352815,0.696419413859206
18.785483647996443,8.657963189410905,1.0486347396855942,0.5356025664906628,0.3391199528808967,0.7069024171336337,0.8767120888928298,14.140505641806039,0.011145637543850775,0.02363472441190395,0.00018031476178287785,0.7158910531638177
18.92886766399897,8.675440385024945,1.0609462446989082,0.5243158684211859,0.36934515039942195,0.6977579846411592,0.825507957462587,14.122420821164118,0.0076018697824392694,0.02510651475316476,0.0017556559582756158,0.670820393249937
19.036349838002934,8.692567348726051,1.0742636058263524,0.513808911033195,0.39952083382332393,0.6565027286165805,0.829500071499816,14.103550492289644,0.0059911276391505395,0.022412718939703244,0.0,0.670820393249937
19.03967169200041,8.709356977718555,1.088514025453059,0.5036888697751335,0.4275125888011944,0.613907402912376,0.7523007327217495,14.08395539113581,0.003727978839471907,0.020617226778296114,0.0013131462147157465,0.6946221994724903
19.041904017001798,8.725789584013217,1.1036597030568303,0.4929781888398542,0.45437032811314026,0.5802407629961908,0.759205610248258,14.063676571553033,0.0008367781534406073,0.019707230774063264,0.00355655878663533,0.651920240520265
19.153120132999902,8.742109007441128,1.1196887993956466,0.48958270283731053,0.4808728901644914,0.5461757560328542,0.7680490175789348,14.04263062081597,0.0011977199477251435,0.01950193852060279,0.0019230304257630442,0.651920240520265
19.15569960099674,8.742109007441128,1.1196887993956466,0.48958270283731053,0.4808728901644914,0.49803030775294693,0.7076554088502855,14.04263062081597,0.0011977199477251435,0.01950193852060279,0.0019230304257630442,0.651920240520265
19.292776098001923,8.774510472727096,1.1545989223675783,0.4854491414076859,0.539168994828288,0.5181399801658477,0.6852168724156865,13.998008707164747,0.007013169387979335,0.02127582738202265,0.006841326039714652,0.6403124237432849
19.295010135996563,8.774510472727096,1.1545989223675783,0.4854491414076859,0.539168994828288,0.4834054815278025,0.729349218324291,13.998008707164747,0.007013169387979335,0.02127582738202265,0.006841326039714652,0.6403124237432849
19.297209650001605,8.807105515463501,1.194095257837536,0.49064361248428257,0.6103738923388842,0.49718413982998944,0.6867708630664833,13.94908990716629,0.014074201396329701,0.026155778272870953,0.014219317337027833,0.6726812023536856
19.30419948799681,8.82350287460813,1.215318627223994,0.4919207743388474,0.6367010815937397,0.41956564430858434,0.706975747900795,13.92323367584663,0.017596145850965587,0.02956828284094518,0.018127965926695855,0.6363961030678928
19.412251991998346,8.82350287460813,1.215318627223994,0.4919207743388474,0.6367010815937397,0.3897680593587153,0.6690945262524061,13.92323367584663,0.017596145850965587,0.02956828284094518,0.00599447433733891,0.6363961030678928
19.414893585002574,8.839817280213406,1.2372772686390137,0.4894321681583082,0.6587592424505913,0.3568985617924557,0.664222160242324,13.896731929105206,0.021599163898076274,0.03355936025662933,0.012609807672634019,0.6363961030678928
19.417516834000708,8.855967118333135,1.2599153896495998,0.48449514359186396,0.6791436303175838,0.33053403473165893,0.6431896949574829,13.869666674616246,0.025585972786580417,0.03814726908701208,0.019012571526265315,0.6403124237432849
19.43303585099784,8.871835769701349,1.2829530725660558,0.47605954104643394,0.6911304874936774,0.27970895103837223,0.4785690487177103,13.842340595398532,0.029499044930088654,0.043216539909313983,0.0249533193134661,0.6403124237432849
19.546415122000326,8.902511755720125,1.3300549426690307,0.45431097819473226,0.7113751804512818,0.259491851297992,0.4507589258838327,13.787145491967477,0.03690654008452168,0.054831393932235344,0.010249847448134227,0.651920240520265
19.54943256200204,8.917242153569061,1.3540552393735819,0.44191193546807794,0.7200089011365375,0.21492572377868777,0.49916550278338306,13.759363602132241,0.04057453735303712,0.061386202273953513,0.01387266789455146,0.6264982043070835
19.676643935003085,8.931528449633248,1.3783599632419343,0.428588881925588,0.7291417160505738,0.15907834635628063,0.620943245758478,13.731468362553084,0.04259844473896812,0.06847030051110711,0.002426985508199947,0.6264982043070835
19.67915721100144,8.931528449633248,1.3783599632419343,0.428588881925588,0.7291417160505738,0.11913232534622112,0.6532021351451256,13.731468362553084,0.04259844473896812,0.06847030051110711,0.002426985508199947,0.6264982043070835
19.809865752002224,8.931528449633248,1.3783599632419343,0.428588881925588,0.7291417160505738,0.07058845242187213,0.7378800362127946,13.731468362553084,0.04259844473896812,0.06847030051110711,0.0,0.6264982043070835
19.818057575997955,8.931528449633248,1.3783599632419343,0.428588881925588,0.7291417160505738,0.08032399130778183,0.7228520431891621,13.731468362553084,0.04259844473896812,0.06847030051110711,0.0,0.6264982043070835
19.928856858998188,8.945392762222083,1.4028897501105235,0.415929377665051,0.7358936060576774,0.12439822350320127,0.5833481052672393,13.703524527419976,0.044446650478119826,0.07601192969889223,0.003325682291976115,0.6041522986797286
19.93135635899671,8.958757086516263,1.427540181455785,0.40092972882537986,0.7395129403578463,0.11260950574983751,0.5748862181003906,13.675657810433268,0.043180992636279114,0.06624304796671687,0.007125903050426872,0.65
19.93363057100214,8.971578391120534,1.452278497241525,0.3846391381281356,0.7421494735721953,0.08560837052436962,0.5752693753537289,13.647914397803092,0.04167386744307982,0.05342174336244554,0.01075807374469811,0.632455532033676
20.050463721003325,8.983746154661288,1.4770033075583957,0.36503290622260354,0.7417443095061229,0.04211015644872246,0.6254236831777387,13.620429468534933,0.03944893121230161,0.04130259076910667,0.0013951708780994734,0.632455532033676
20.05724950599688,8.983746154661288,1.4770033075583957,0.36503290622260354,0.7417443095061229,0.02631089495493045,0.6610263270689747,13.620429468534933,0.03944893121230161,0.04130259076910667,0.0013951708780994734,0.632455532033676
20.05912564600294,8.995243976632988,1.5015326001915137,0.3449346591510024,0.7358787789935411,0.028742869353861514,0.6938882917190091,13.593377611253908,0.037794305079571176,0.039867363050313284,0.00328058626349329,0.6184658438426491
20.071425690002798,8.995243976632988,1.5015326001915137,0.3449346591510024,0.7358787789935411,0.06702462884185406,0.8090893954391202,13.593377611253908,0.037794305079571176,0.039867363050313284,0.00328058626349329,0.6184658438426491
20.21451479499956,9.005850738264934,1.525890128333543,0.31820284895839995,0.7307258442608845,0.06702462884185406,0.8090893954391202,13.56681966289726,0.03692543557790865,0.049525407219859006,0.000582965025323711,0.6670832032063168
20.216404345002957,9.015551820682866,1.5500774276475333,0.2910324725379701,0.7256189794197057,0.04232834062934225,0.8135399697477244,13.540759574713793,0.03509016001537985,0.059448314545171854,0.0003923529828208562,0.6576473218982953
20.27002993500355,9.024257118000309,1.5742441507372589,0.26115891952328396,0.7250016926917672,0.06822657970395636,0.8380207248742189,13.515092504289798,0.032760078777239576,0.050743017227729226,0.0007293373266788066,0.6576473218982953
20.319920180001645,9.03194831824437,1.5984069550178697,0.23073600732182412,0.7248841284183232,0.06688483762771381,0.8597647853864175,13.489810099156015,0.030180459615792604,0.043051816983668445,0.00365139792783735,0.6576473218982953
20.32653998799651,9.044735052604373,1.6457092037416934,0.17912779930065434,0.7036260079349246,0.36818528343493334,0.81039879504466,13.441170444798745,0.025621873640578073,0.03026508262366434,0.011040740486835066,0.651920240520265
20.44378368800244,9.044735052604373,1.6457092037416934,0.17912779930065434,0.7036260079349246,0.40104613935259537,0.8182194422719067,13.441170444798745,0.025621873640578073,0.03026508262366434,0.0103593318017061,0.651920240520265
20.445750682003563,9.044735052604373,1.6457092037416934,0.17912779930065434,0.7036260079349246,0.4346436975124322,0.8280012844296345,13.441170444798745,0.025621873640578073,0.03026508262366434,0.0103593318017061,0.651920240520265
20.452686119002465,9.049839766614422,1.6688451230230275,0.1531414203014839,0.6940775784400226,0.4660950159221191,0.839629936803113,13.417813903846538,0.024004738668479172,0.025160368613615702,0.013680813629745,0.65
20.45460576500045,9.054091863609228,1.6918133014917915,0.1275629098442082,0.6890453540629246,0.4689241825098365,0.8687532284862322,13.394935090023044,0.023208069504971642,0.020908271618809593,0.017671300633433678,0.7000000000000001
20.46471780599677,9.054091863609228,1.6918133014917915,0.1275629098442082,0.6890453540629246,0.5990559444492172,0.8607576630072383,13.394935090023044,0.023208069504971642,0.020908271618809593,0.017671300633433678,0.7000000000000001
20.574443621000682,9.057541201258767,1.714799259556153,0.10348012948614119,0.6895787419308411,0.6655206202590362,0.8491233649543628,13.372344151946347,0.023209492391200334,0.01745893396927123,0.005653912960898561,0.7000000000000001
20.57628557299904,9.057541201258767,1.714799259556153,0.10348012948614119,0.6895787419308411,0.6655358115870009,0.8880773509764023,13.372344151946347,0.023209492391200334,0.01745893396927123,0.005653912960898561,0.7000000000000001
20.70468101000006,9.060255926167892,1.738029517186273,0.08144174727379813,0.6969077289035998,0.8260971923465521,0.9083092320420673,13.34980653596462,0.024279822619492138,0.014744209060145508,0.004623495051181506,0.7000000000000001
20.707550104998518,9.062233878460678,1.7615164888806067,0.05933856878357419,0.7046091508300114,0.8174769308394694,0.9456381271634944,13.32731266420558,0.026598903062281676,0.012766256767360318,0.010027050236158413,0.7000000000000001
20.70915428599983,9.062233878460678,1.7615164888806067,0.05933856878357419,0.7046091508300114,0.8064365104905332,0.9134458851550911,13.32731266420558,0.026598903062281676,0.012766256767360318,0.010027050236158413,0.7000000000000001
20.711082879002788,9.062233878460678,1.7615164888806067,0.05933856878357419,0.7046091508300114,0.7941019055632311,0.8822568191798711,13.32731266420558,0.026598903062281676,0.012766256767360318,0.010027050236158413,0.7000000000000001
20.837939775999985,9.063466434853849,1.7852507837849703,0.036976691795142826,0.7120288471309026,0.8207050529181141,0.7244447414041164,13.30487574579757,0.029975861153409337,0.011533700374188882,0.0057821625832241656,0.7000000000000001
20.846433990998776,9.064599945185606,1.809117737630226,0.034005309952724445,0.7160086153576746,0.8520235223265517,0.7119331341021575,13.282358243153237,0.03491363303905827,0.0104001900424322,0.011697920883680801,0.7000000000000001
20.848314834998746,9.064599945185606,1.809117737630226,0.034005309952724445,0.7160086153576746,0.8091247146224676,0.7107066858288349,13.282358243153237,0.03491363303905827,0.0104001900424322,0.011697920883680801,0.7000000000000001
20.96098353999696,9.065897732377378,1.8332599612133051,0.038933615753157055,0.7242667074923699,0.7672727323053015,0.5283818164657132,13.259528529327724,0.03976206403228117,0.009102402850659885,0.008087498993112702,0.7000000000000001
20.963746016997902,9.067839556611933,1.8578031227618534,0.05825472703665338,0.73629484645645,0.8005463997688189,0.5372014450933076,13.236087908028528,0.04650202574077731,0.007160578616105084,0.015734708778967793,0.7000000000000001
20.965543115999026,9.07044687445523,1.8828323481565892,0.07821953529894105,0.7508767618420695,0.8365901532036226,0.5417828585611772,13.211948761478233,0.053330608244620444,0.00875792830676556,0.023495595757730702,0.7000000000000001
20.99158226900181,9.07044687445523,1.8828323481565892,0.07821953529894105,0.7508767618420695,0.9685886073608532,0.5608906555684254,13.211948761478233,0.053330608244620444,0.00875792830676556,0.023495595757730702,0.7000000000000001
21.096912503999192,9.074211298963219,1.9083461201322551,0.11293273523965056,0.7654131592699837,0.9685886073608532,0.5608906555684254,13.186924447874992,0.06051556721954187,0.02413703938754344,0.020521733415132203,0.7000000000000001
21.09912984100083,9.079228257173783,1.9344778993185319,0.15050874631695887,0.7839533755883008,0.9808893762627425,0.603014052084964,13.160853956933472,0.07011537768437548,0.039067472483009145,0.03007689890272415,0.7000000000000001
21.227514047001023,9.093924249386655,1.988232233594522,0.2441497163778606,0.8131682665637577,1.0833342356243232,0.6236079970015324,13.105560379023007,0.08774146791979605,0.06668589101774387,0.028656549756876024,0.7000000000000001
21.22961578000104,9.093924249386655,1.988232233594522,0.2441497163778606,0.8131682665637577,1.0361011960007978,0.6992812822074648,13.105560379023007,0.08774146791979605,0.06668589101774387,0.028656549756876024,0.7000000000000001
21.236059486996965,9.103523769544132,2.0156358473262856,0.28798560472433,0.8221084119529172,1.097938743684799,0.596961824444108,13.076568039663005,0.09680322502654952,0.07927528631700198,0.04175306385564444,0.75
21.248290944000473,9.103523769544132,2.0156358473262856,0.28798560472433,0.8221084119529172,1.1172454616959728,0.5604964087060847,13.076568039663005,0.09680322502654952,0.07927528631700198,0.04175306385564444,0.75
21.35579925100319,9.114533131767898,2.043251507653529,0.3302808667129511,0.8284698098173021,1.1055952440571795,0.5810466134640143,13.046841154162141,0.10503004901421287,0.09101771231637582,0.012891744297832049,0.75
21.364000533001672,9.126761480736302,2.0710994368312234,0.36685046905215596,0.8354378753308263,1.0809315344533854,0.6277635046928501,13.016433848335351,0.11384382074130356,0.10206242340165166,0.025129984488359385,0.75
21.481079908997344,9.154444030534806,2.1263399465845656,0.429024176443195,0.8262740611848418,1.0695827621364469,0.615673374028775,12.954808332116277,0.12939419431439678,0.12154884376138611,0.03952252252516925,0.8
21.48856908200105,9.154444030534806,2.1263399465845656,0.429024176443195,0.8262740611848418,1.0307519631798514,0.6754049737736014,12.954808332116277,0.12939419431439678,0.12154884376138611,0.03952252252516925,0.8
21.499663832997612,9.154444030534806,2.1263399465845656,0.429024176443195,0.8262740611848418,1.0310232393658294,0.5132345543927221,12.954808332116277,0.12939419431439678,0.12154884376138611,0.03952252252516925,0.8
21.642332436000288,9.16986972169726,2.1537553099924005,0.4627707348736434,0.8224609022350433,1.0336527292139919,0.498408392509943,12.923581034472303,0.1364587446356024,0.1300268223102991,0.010908384913488221,0.8
21.644246491996455,9.186585242906222,2.1811484261632477,0.5014656362688785,0.8217934851254176,0.9859777054332236,0.5450693721517808,12.891883780672929,0.14279661008185554,0.13757702211461095,0.02096478950750162,0.8
21.645806991997233,9.20450050009391,2.2087154869296337,0.5374577156306493,0.827011822991579,0.9526866194322359,0.5396530546612917,12.859570860816776,0.14873897995073168,0.14440187787578865,0.02994755472090166,0.8321658488546619
21.75099597799999,9.223724654321613,2.2364121107773673,0.5767246268310557,0.8308987154320047,0.8682177303834746,0.5546806836157083,12.826643319753645,0.1539104827236091,0.15039281859750997,0.01186247333244447,0.8321658488546619
21.75306705499679,9.244127415027975,2.2643466763621016,0.6120828211908688,0.8380369675420328,0.8412474197309238,0.5331703843965981,12.793052339407657,0.15871527910078156,0.1557186089015805,0.017038415522888758,0.8500000000000001
21.754909258001135,9.265637575895374,2.292533394454405,0.6453048260219453,0.8456015427691016,0.7931247813159386,0.5461596262709177,12.758813725761074,0.16295146553504503,0.16043964779029024,0.021623514724889287,0.8200609733428363
21.885216196002148,9.288176540820716,2.3209319416237166,0.6761689477602473,0.8519564150793479,0.6497266211053341,0.34606366485429985,12.723996594080356,0.16684989293966462,0.16458299812992203,0.00860373653163084,0.8514693182963202
21.887650115000724,9.288176540820716,2.3209319416237166,0.6761689477602473,0.8519564150793479,0.6207146065219882,0.3414021740499482,12.723996594080356,0.16684989293966462,0.16458299812992203,0.00860373653163084,0.8514693182963202
21.894547852003598,9.311606784852252,2.349517698097245,0.7029073209460481,0.8575726942058538,0.6136989643559099,0.2906953662225955,12.688677784158713,0.17029942413323831,0.16822849593814632,0.01667179667043667,0.8139410298049854
21.89978637600143,9.335940253587125,2.3780674858908712,0.7300040620462159,0.85649363380879,0.5670392470629878,0.16164983373708908,12.653061571521741,0.1732808163111887,0.17120988373623616,0.022960511536198925,0.848528137423857
22.00615963099699,9.361065061363597,2.4064491683193387,0.7537442332941182,0.8514504728540245,0.5670392470629878,0.16164983373708908,12.617314904754034,0.17566717825617387,0.17351284188813687,0.018558144842923292,0.8514693182963202
22.008393429001444,9.361065061363597,2.4064491683193387,0.7537442332941182,0.8514504728540245,0.5525260551299663,0.15015650105938494,12.617314904754034,0.17566717825617387,0.17351284188813687,0.018558144842923292,0.8514693182963202
22.009921468998073,9.386732631609604,2.434629254374006,0.7700271073802065,0.8454025816400175,0.5489141596912741,0.11559940980691391,12.581564446396978,0.17770257763437083,0.17528945885427943,0.02533882180016709,0.8514693182963202
22.041673854997498,9.412638958599882,2.462493733637841,0.7771898097083081,0.835934377915053,0.5376648367230696,-0.07183881693976152,12.54603146943503,0.17949186533352884,0.17667408160550838,0.03142588272905959,0.8500000000000001
22.1404532450033,9.438573216903151,2.4898800340531078,0.7780277490980689,0.8215890124580013,0.5376648367230696,-0.07183881693976152,12.510946617976247,0.18109252750804,0.1777008304294696,0.024038271055175125,0.8500000000000001
22.14232711600198,9.438573216903151,2.4898800340531078,0.7780277490980689,0.8215890124580013,0.5435695484753456,-0.08840577239822922,12.510946617976247,0.18109252750804,0.1777008304294696,0.024038271055175125,0.8500000000000001
22.148979258003237,9.464328576553235,2.516756796967881,0.7726607895025297,0.8063028874432013,0.5984177226574784,-0.22953300246086508,12.476416658910953,0.18270790891088914,0.17849378228237633,0.032294118389196116,0.8
22.17101449600159,9.464328576553235,2.516756796967881,0.7726607895025297,0.8063028874432013,0.632557842685256,-0.28697945120245044,12.476416658910953,0.18270790891088914,0.17849378228237633,0.032294118389196116,0.8
22.272921158000827,9.464328576553235,2.516756796967881,0.7726607895025297,0.8063028874432013,0.632557842685256,-0.28697945120245044,12.476416658910953,0.18270790891088914,0.17849378228237633,0.010857817643246467,0.8
22.275743265003257,9.489623161052082,2.542894878135356,0.7588375349654164,0.7841424350242459,0.6628345012846748,-0.3025117345317654,12.442759074857047,0.18429918612776025,0.17909022449667092,0.022332762213703877,0.8
22.389005791999807,9.538305379518699,2.592595037651435,0.7194477697745448,0.7288451247077918,0.8160300427417425,-0.3749748810111201,12.378587430640557,0.18797579635054495,0.1798100175155936,0.027071490653998227,0.75
22.390964099002304,9.538305379518699,2.592595037651435,0.7194477697745448,0.7288451247077918,0.8723972764452209,-0.32224998757448986,12.378587430640557,0.18797579635054495,0.1798100175155936,0.027071490653998227,0.75
22.392736401998263,9.561527738486392,2.6152232668675173,0.6966707690308076,0.6788468764824693,0.8807248621924302,-0.3945099872126949,12.349001055892321,0.18954625295273342,0.1793899043393259,0.04059898621044923,0.7000000000000001
22.523888267001894,9.605819694066053,2.6546577756300693,0.6545390588727379,0.5616268871233889,1.0694996623773942,-0.4498429469253252,12.296077230368626,0.19081392147772205,0.17595517075569483,0.03629792547259776,0.65
22.526452887999767,9.605819694066053,2.6546577756300693,0.6545390588727379,0.5616268871233889,1.128552294562384,-0.36494395661817836,12.296077230368626,0.19081392147772205,0.17595517075569483,0.03629792547259776,0.65
22.53155524899921,9.62716662776678,2.6713709781934925,0.6404080110218087,0.5013960769026974,1.170422292109964,-0.4388754471738624,12.272725846112639,0.19104095626213186,0.17267862804631243,0.051818264251838136,0.65
22.653372824002872,9.648168282867903,2.6862316503807397,0.6300496530336861,0.44582016561742516,1.1685518770966212,-0.44383162408053123,12.25124130757507,0.19005010259409347,0.16833629738475944,0.020994600438964266,0.65
22.655934207999962,9.66903001998131,2.699228590723492,0.6258521134021813,0.38990821028256756,1.1839642300653845,-0.40090984264006313,12.231560967039469,0.18794933930499222,0.16277504625557565,0.0401848685950438,0.65
22.665697374002775,9.689878949327737,2.710455259441536,0.6254678803928119,0.33680006154131403,1.1513481621187145,-0.4148082411268842,12.213553826743695,0.1862605936459233,0.1559710805149019,0.057701189759414254,0.6000000000000001
22.783657432002656,9.711037952059224,2.7199426071567614,0.6347700819446296,0.284620431456764,0.9708832623630336,-0.48397165783797147,12.197077277883851,0.18308756121419134,0.14771797410523316,0.037991306813616836,0.6000000000000001
22.785382898000535,9.73276164056823,2.727848023051008,0.6517106552702046,0.2371624768273969,0.9362928922498731,-0.48616461470097283,12.181896875073157,0.17829351121672343,0.1381508225034771,0.05515894266291905,0.6000000000000001
22.78750788400066,9.755332604191123,2.7341016394592845,0.6771289086867905,0.18760849224829643,0.9183776886838795,-0.4577177669611203,12.167981768656082,0.17343654667508002,0.12944777184461176,0.0701563821937646,0.6000000000000001
22.910035895001784,9.779125280055922,2.7389158797114166,0.7137802759439648,0.14442720756395533,0.7683939782155161,-0.46760167923517476,12.155006817510438,0.1690098451813341,0.12280603446536717,0.01611261469554914,0.6000000000000001
22.91971390300023,9.804310420264644,2.742599312441989,0.7555542062616211,0.11050298191716901,0.7514770184876198,-0.4410896757386591,12.142631483463134,0.16312354606123408,0.11940541802876756,0.031946736670842975,0.6000000000000001
23.06648132400005,9.830861698557305,2.7450524922377846,0.7965383487798396,0.07359539387386682,0.5688418806866086,-0.4368189181073573,12.130967592936697,0.15625278887733615,0.12005245312223645,0.012815360742477315,0.6000000000000001
23.06899794600031,9.830861698557305,2.7450524922377846,0.7965383487798396,0.07359539387386682,0.5502091139958463,-0.41042068926496883,12.130967592936697,0.15625278887733615,0.12005245312223645,0.012815360742477315,0.6000000000000001
23.070832504003192,9.830861698557305,2.7450524922377846,0.7965383487798396,0.07359539387386682,0.5405831259038503,-0.39490856289756615,12.130967592936697,0.15625278887733615,0.12005245312223645,0.012815360742477315,0.6000000000000001
23.072361917002127,9.88775628878907,2.7467660970648415,0.8703507616195947,0.008923529319837784,0.54798567133643,-0.3597145385417755,12.109455691210583,0.1434515972466358,0.1217660579492934,0.0350624979841637,0.6000000000000001
23.170459913999366,9.917718320589424,2.7460510528451203,0.8988609540106264,-0.021451326591632666,0.5844046528599718,-0.257735988261957,12.099737052536833,0.13685420041724755,0.12105101372957217,0.03781273336643058,0.6000000000000001
23.177069587000005,9.948450610692188,2.744414756292742,0.9219687030828878,-0.04908889657134681,0.48517625332246644,-0.08813851976352868,12.09068561161707,0.12966552052475516,0.11941471717719399,0.04454512456932876,0.6000000000000001
23.302803446000325,9.9797243189898,2.741936546962829,0.9382112489283854,-0.07434627989738775,0.45601641617402233,-0.026759719798349874,12.082312572133809,0.12239782928591783,0.11693650784728105,0.014158529520137615,0.6000000000000001
23.304822095997224,10.011012444163809,2.7387223165073564,0.9386437552202376,-0.09642691366418711,0.42204848361025654,-0.023306183509653244,12.074702887989053,0.11457463249531635,0.11372227739180829,0.025182523373678763,0.6000000000000001
23.330170651002845,10.072658762130814,2.7306474342322273,0.9172976990726606,-0.1289199322525011,0.2901424099782362,0.00917192161876007,12.061577641874713,0.09698099247427229,0.1056473951166792,0.03251459973434725,0.6020797289396148
23.427816028997768,10.102730701310199,2.7259113883365016,0.9021581753815223,-0.14208137687177455,0.23793461715028347,0.04345742708866175,12.056038055357213,0.08687745651240057,0.10091134922095346,0.01578040669782506,0.608276253029822
23.560822740997537,10.16058085077211,2.7159371040898375,0.8562848029404658,-0.14973810794536066,0.1708035314284098,0.19806736185069682,12.046406570066521,0.06216815737883103,0.07449820071354869,0.014249302721407028,0.6184658438426491
23.563416245000553,10.188215189083694,2.7111896723866735,0.8290301493475347,-0.1424229510949121,0.15417766005116468,0.24163857533917898,12.0418877708301,0.04755738458857794,0.051600831549297205,0.02170341305499152,0.6184658438426491
23.565637318999507,10.214984262697456,2.7067508519427124,0.8030722084128792,-0.1331646133188304,0.17642074312005587,0.2674572677008415,12.037419716400874,0.03355748548137904,0.03329312412035069,0.028804461256908595,0.632455532033676
23.571084299001086,10.214984262697456,2.7067508519427124,0.8030722084128792,-0.1331646133188304,0.23935946421870757,0.38652330692445347,12.037419716400874,0.03355748548137904,0.03329312412035069,0.028804461256908595,0.632455532033676
23.682869620999554,10.240942439445389,2.702667527916954,0.778745302437971,-0.12249972077274758,0.23935946421870757,0.38652330692445347,12.032934502226476,0.020216141564007258,0.02766748805634789,0.022622184640441453,0.632455532033676
23.685218963000807,10.289988728929542,2.696228435969626,0.7218568276249513,-0.08766074398046582,0.23854102311872838,0.42491270942443315,12.02340183850942,0.004970308462405526,0.02122839610901961,0.0415724588286787,0.696419413859206
23.81283044099837,10.313183706358087,2.6939129149301646,0.6958493228563486,-0.06946563118383577,0.33321034624032286,0.6049293734657961,12.018269435904188,0.017177046996783088,0.01891287506955841,0.012955358849748284,0.7158910531638177
23.815915195002162,10.313183706358087,2.6939129149301646,0.6958493228563486,-0.06946563118383577,0.32438570579582887,0.6469927417981021,12.018269435904188,0.017177046996783088,0.01891287506955841,0.012955358849748284,0.7158910531638177
23.818967489001807,10.335097199733047,2.692218258936268,0.657404801248791,-0.05083967981689217,0.3564961627066951,0.668194836222933,12.01299202310586,0.028265874037538007,0.005035429857675444,0.02475997547907772,0.7158910531638177
23.931017039001745,10.355561079279045,2.691145584143523,0.6139163863799211,-0.03218024378234807,0.3973388707201996,0.7977159689573688,12.007613497827856,0.0403232870186628,0.010193213758641758,0.015050581847775711,0.73824115301167
23.933337968999695,10.355561079279045,2.691145584143523,0.6139163863799211,-0.03218024378234807,0.40438948504729827,0.8303683941292729,12.007613497827856,0.0403232870186628,0.010193213758641758,0.015050581847775711,0.73824115301167
23.936747774998366,10.374511751788479,2.6908349429784075,0.5685201752830248,-0.009319234953463918,0.43336013857191735,0.9652802920358236,12.00201274728221,0.05133024129621574,0.02381301927247573,0.028499308022800155,0.73824115301167
24.061073807002685,10.391967159129512,2.6914008064625223,0.5236622202310146,0.016975904523443497,0.4375321907628631,0.9971115602287188,11.996067818571134,0.06076710019759713,0.03575573026485106,0.011538651148582595,0.73824115301167
24.06349270800274,10.391967159129512,2.6914008064625223,0.5236622202310146,0.016975904523443497,0.40779490926510026,1.0478981354103347,11.996067818571134,0.06076710019759713,0.03575573026485106,0.011538651148582595,0.73824115301167
24.07300268400286,10.422937142762537,2.6953812883424937,0.4479817326753293,0.07729767715364935,0.4502025285854682,1.0657469403813642,11.982742558127661,0.07560292718991658,0.05484018997528154,0.02984146832829968,0.7632168761236874
24.07482375700056,10.422937142762537,2.6953812883424937,0.4479817326753293,0.07729767715364935,0.3831883789866827,1.1252866173985605,11.982742558127661,0.07560292718991658,0.05484018997528154,0.02984146832829968,0.7632168761236874
24.189173589002166,10.436971702057752,2.699385478509277,0.4210367788564782,0.12012570500350647,0.42447950170238236,1.0321112108574866,11.974631008058278,0.0814323823110039,0.06193273200380018,0.027725464226446235,0.7632168761236874
24.190927217001445,10.463341943585652,2.712480388455772,0.3893070267053732,0.22404611024349969,0.41037203536983624,1.0003370352438596,11.954115806808455,0.08808464828365377,0.07131980898751107,0.03829895486257824,0.75
24.22160620700015,10.475982286723207,2.7219693054619887,0.379210294126653,0.28466751018649594,0.34695203307733957,0.8447144835885498,11.941234729792104,0.08879370049784609,0.07354820377538937,0.04127140626084766,0.75
24.320235357998172,10.488255535331131,2.7335835822440995,0.3681974582377404,0.34842830346333015,0.331194795619211,0.8139045775311546,11.926446254433761,0.08832071280864816,0.07401416722203183,0.011612233329941466,0.75
24.32220765200327,10.500097000488264,2.747348006670175,0.35524395471397935,0.41293273278227366,0.31652172343775825,0.8555448331167363,11.909744283046098,0.08620415332501812,0.07265442968301707,0.015326952547122347,0.7810249675906654
24.347374359997048,10.500097000488264,2.747348006670175,0.35524395471397935,0.41293273278227366,0.362887955510148,0.9171837916528911,11.909744283046098,0.08620415332501812,0.07265442968301707,0.015326952547122347,0.7810249675906654
24.44535418900341,10.511630427685477,2.763292794594268,0.34600281591637505,0.47834363772278393,0.3810265442425618,0.9706780919841083,11.891060778946972,0.08227414429160271,0.06953512659877983,0.0022078476365868546,0.7433034373659253
24.44698330599931,10.511630427685477,2.763292794594268,0.34600281591637505,0.47834363772278393,0.35539006679255225,1.0088505334463744,11.891060778946972,0.08227414429160271,0.06953512659877983,0.0022078476365868546,0.7433034373659253
24.468899122999574,10.522814848158305,2.781388355725363,0.3355326141848451,0.5428668339328522,0.38181589380977304,1.0043041562904453,11.87043483468344,0.07660250655772584,0.06464821217358617,0.003054692298102649,0.7433034373659253
24.596434330997,10.522814848158305,2.781388355725363,0.3355326141848451,0.5428668339328522,0.34553103117662937,1.0087686569719863,11.87043483468344,0.07660250655772584,0.06464821217358617,0.0017808035627944095,0.7433034373659253
24.59816424499877,10.533757146193183,2.8014189912046663,0.32826894104634374,0.6009190643791006,0.36229050281401287,0.9759186625472602,11.84803869442697,0.0701857501781829,0.05822178713692222,0.0024697021464470037,0.7071067811865476
24.59996028200112,10.544353211044507,2.823186468432719,0.31788194553969096,0.6530243168415881,0.32681248975387567,0.9887552661093946,11.824091826163583,0.06229647160262736,0.05032240568990564,0.0016293720946662347,0.7071067811865476
24.703377903999353,10.544353211044507,2.823186468432719,0.31788194553969096,0.6530243168415881,0.3000907166713148,0.9053075432844271,11.824091826163583,0.06229647160262736,0.05032240568990564,0.0,0.7071067811865476
24.710912611000822,10.554579208160375,2.8464008175532496,0.30677991347604183,0.6964304736159223,0.29724477932982396,0.9062418988027734,11.79887719871577,0.053224012423393585,0.041138253910969466,0.0028882396522559605,0.7433034373659253
24.71260574799817,10.564374441901453,2.8709021170181535,0.2938570122323602,0.7350389839471146,0.269424152819059,0.8842873785429943,11.77256502860218,0.0438745764801598,0.030739495113077803,0.006797879200096349,0.7106335201775948
24.739631160002318,10.564374441901453,2.8709021170181535,0.2938570122323602,0.7350389839471146,0.2689853159876132,0.7407992741799407,11.77256502860218,0.0438745764801598,0.030739495113077803,0.006797879200096349,0.7106335201775948
24.83641152599739,10.57385217386095,2.896276920617829,0.28433195878486694,0.7612441079902582,0.2689853159876132,0.7407992741799407,11.745515285898097,0.03370060278458635,0.019498567955298918,0.00531422063904969,0.7106335201775948
24.838826719998906,10.583014316834873,2.922447533452984,0.2748642892177475,0.7851183850546556,0.23755502297614625,0.7175498834308519,11.717801305620426,0.023380495584974997,0.0074717635788151835,0.011315973548649539,0.6800735254367722
24.848499348001496,10.583014316834873,2.922447533452984,0.2748642892177475,0.7851183850546556,0.21444500511519599,0.7600066131577264,11.717801305620426,0.023380495584974997,0.0074717635788151835,0.011315973548649539,0.6800735254367722
24.878535727999406,10.591871367270427,2.949465283125287,0.2657115130666184,0.8105324901690906,0.22289539499622696,0.8246932197199345,11.689370854584318,0.013083459804910491,0.0053697900025796354,0.0160410184747741,0.6800735254367722
24.973805697001808,10.600394371265232,2.9773160142555315,0.25569011984414897,0.8355219339073223,0.19848447431163044,0.8471545165003922,11.660246078166983,0.00211287352665797,0.019036556924972158,0.013201779610197322,0.6946221994724903
24.98530806099734,10.608537459953316,3.005927228066246,0.2442926606425575,0.8583364143214354,0.17870489041675497,0.768426031452912,11.63050993454333,0.0073447443799761584,0.033509706997358384,0.019945184870420258,0.670820393249937
25.100018994999118,10.616219754012006,3.035186711470766,0.23046882176069036,0.8777845021355912,0.151913519483312,0.7132655664499111,11.600293871809855,0.017548939758190007,0.04876708390274112,0.007733385318214249,0.670820393249937
25.108779002002848,10.623391610243283,3.0649758173778343,0.2151556869383282,0.8936731772120508,0.13184440904749947,0.684462672657583,11.56972621140115,0.02399666716287213,0.05160854882661248,0.016171915175034534,0.65
25.111124376999214,10.623391610243283,3.0649758173778343,0.2151556869383282,0.8936731772120508,0.13369207904777636,0.6167980736032502,11.56972621140115,0.02399666716287213,0.05160854882661248,0.016171915175034534,0.65
25.224711517003016,10.630049304794197,3.0950752323010575,0.1997308365274236,0.9029824476966987,0.13943893160138263,0.5855372466345162,11.53901759119349,0.03041995439074802,0.044950854275699115,0.009352152668215293,0.65
25.228187494998565,10.641824858439215,3.155654110774086,0.16853160280022292,0.9092337617642474,0.13484360326224373,0.516036453491059,11.477703701208057,0.04122994795590966,0.04516937263679503,0.028092426611749374,0.6184658438426491
25.250607226000284,10.641824858439215,3.155654110774086,0.16853160280022292,0.9092337617642474,0.12199304734675778,0.48336166214913273,11.477703701208057,0.04122994795590966,0.04516937263679503,0.028092426611749374,0.6184658438426491
25.360928372996568,10.646908857336985,3.1859976791504963,0.1525199669331345,0.9103070512923016,0.1204606276385498,0.5164579944099624,11.447239191134521,0.0473365938712006,0.06299538958443024,0.0338051540440549,0.6184658438426491
25.494470179997734,10.655529210498345,3.2465960045340907,0.12164346838005287,0.9070243735073813,0.11592545652875702,0.49727866996501524,11.386867756697866,0.05246618785426372,0.06947094931660835,0.01852547294764568,0.6576473218982953
25.49653271099669,10.659094831586145,3.276541086412368,0.1069686326339718,0.8983524563483174,0.08307132819562207,0.5388997990628364,11.357248400565021,0.05332688693977397,0.06590532822880846,0.02740759944634421,0.651920240520265
25.61801222000213,10.662213243848852,3.3059680123496573,0.09355236788119363,0.882807778118679,0.1185083404507267,0.7349674314233907,11.328261311039176,0.05319936983263697,0.06278691596610209,0.010440431149300036,0.65
25.619763363996753,10.662213243848852,3.3059680123496573,0.09355236788119363,0.882807778118679,0.09713219097556944,0.7049679693263973,11.328261311039176,0.05319936983263697,0.06278691596610209,0.010440431149300036,0.65
25.62786056400364,10.66497055373911,3.334706770410285,0.08271929670774628,0.8621627418188367,0.12432047574796676,0.6681789895576635,11.300042726278939,0.05289513753174209,0.060029606075843844,0.020732037750432357,0.65
25.74526247099857,10.669541117968372,3.389668616566682,0.06392286884730441,0.812096836706988,0.12034992096033731,0.7104920782060969,11.246299235049115,0.05121614694776553,0.055459041846582124,0.019780136554188688,0.65
25.7472780149983,10.669541117968372,3.389668616566682,0.06392286884730441,0.812096836706988,0.0762151942301516,0.6824135002337774,11.246299235049115,0.05121614694776553,0.055459041846582124,0.019780136554188688,0.65
25.74930836600106,10.669541117968372,3.389668616566682,0.06392286884730441,0.812096836706988,0.07935790739047516,0.6498769516052517,11.246299235049115,0.05121614694776553,0.055459041846582124,0.019780136554188688,0.65
25.879397333999805,10.671467567565829,3.4157701999748826,0.057793487923701106,0.783047502246017,0.11783479360008409,0.7207893690981059,11.22085562958537,0.05022274218287015,0.05353259224912499,0.009370088934921183,0.65
25.887070197997673,10.671467567565829,3.4157701999748826,0.057793487923701106,0.783047502246017,0.09601115588335196,0.6914758013161434,11.22085562958537,0.05022274218287015,0.05353259224912499,0.009370088934921183,0.65
26.003933977997804,10.673222284990175,3.441012233463968,0.052641522730381994,0.7572610046725636,0.11976705968477111,0.6835061607973361,11.196286246575369,0.049174222100328936,0.051777874824779246,0.007275952955530451,0.65
26.00596819599741,10.673222284990175,3.441012233463968,0.052641522730381994,0.7572610046725636,0.11966020342468203,0.717725235099437,11.196286246575369,0.049174222100328936,0.051777874824779246,0.007275952955530451,0.65
26.00785470000119,10.674813735360694,3.4654357079946725,0.047743511115552494,0.7327042359211424,0.1195858326436009,0.7514089775366053,11.17254933434033,0.04812624817965797,0.05018642445426025,0.014415464050827761,0.65
26.017053679999663,10.676292817898332,3.489253706983428,0.04437247612915305,0.7145399696626701,0.11875270429525697,0.8526533892084165,11.149426342352303,0.047064864349685785,0.048707341916621516,0.01963083899512481,0.65
26.043086154000775,10.67762628864907,3.512566345502244,0.04000412252209286,0.6993791555644803,0.11712279641893564,0.8868703104198254,11.126832128172765,0.046054347239201314,0.04737387116588465,0.023798234949791407,0.65
26.15885813099885,10.678787990746466,3.535714778659221,0.034851062921892606,0.6944529947093171,0.11712279641893564,0.8868703104198254,11.104450182251249,0.04516004763721534,0.046212169068487796,0.015384626910966516,0.65
26.161099213000853,10.679819401244393,3.5586902675254017,0.03094231493777286,0.689264665985415,0.08323793064254192,0.9254282205381335,11.08227621944463,0.04432679950074035,0.04518075857056125,0.020333473997185176,0.65
26.2670191349971,10.68075591566574,3.581699465858416,0.028095432640413677,0.6902759499904265,0.10809107367753401,0.9760911329011976,11.060102903444342,0.04356795755442546,0.044244244149213685,0.00578728282441605,0.65
26.299581589002628,10.681546224766523,3.6046929305899917,0.02370927302347006,0.68980394194728,0.11159904320694891,1.1790535950693122,11.037993327349662,0.042901132542102795,0.04345393504843109,0.011709897219325716,0.65
26.39266959700035,10.68218658451133,3.6276976030392905,0.019210792344224268,0.6901401734789641,0.11159904320694891,1.1790535950693122,11.015923294780304,0.042379234787564835,0.04281357530362406,0.013908465585695704,0.65
26.39477964999969,10.68263510534738,3.650677528913277,0.013455625081497854,0.6893977762195949,0.06911428811717912,1.2160041832859814,10.993940282171904,0.04200756235136609,0.04236505446757377,0.01899659279446407,0.65
26.42091244400217,10.682845214711682,3.673628716787126,0.006303280929042109,0.6885356362154664,0.11747110464649108,1.0444185357430422,10.972062931009141,0.0418742039527305,0.04215494510327211,0.023607942323887094,0.65
26.52566500499961,10.682845214711682,3.673628716787126,0.006303280929042109,0.6885356362154664,0.12368730643115622,1.0712126546399756,10.972062931009141,0.0418742039527305,0.04215494510327211,0.005781752367222554,0.65
26.527430123998784,10.682806445456867,3.6966375430720686,-0.001163077644457165,0.6902647885482717,0.1234603011505816,1.048690539853594,10.950212883749279,0.041962769008366464,0.04219371435808661,0.011818802921998411,0.65
26.655902578997484,10.68248539989874,3.719930086957808,-0.009631366743809535,0.6987763165721802,0.1311479623452092,1.107026949509346,10.928186374762694,0.04233232328083763,0.04251475991621412,0.00858341786809496,0.65
26.784983987003216,10.68248539989874,3.719930086957808,-0.009631366743809535,0.6987763165721802,0.13273262116668755,1.0398625817832645,10.928186374762694,0.04233232328083763,0.04251475991621412,0.0,0.65
26.78730626899778,10.681973471133844,3.7437145847491657,-0.015357862946881667,0.7135349337407444,0.13608759501044043,1.005490545026026,10.905757789084166,0.04287914583184884,0.043026688681109704,0.007510455900618411,0.65
26.78908809999848,10.681254713847643,3.7681718002438855,-0.021562718586027672,0.7337164648415901,0.10618136544024925,0.9754926303100411,10.882761289344934,0.04362962988073453,0.04374544596731056,0.015417113427178449,0.65
26.81496996399801,10.680298901543257,3.793440933073044,-0.028674369131621802,0.7580739848747546,0.1538502114223696,0.9942713241319705,10.859075255418412,0.04460923155073406,0.04470125827169724,0.022025202923498258,0.65
26.917184612997517,10.680298901543257,3.793440933073044,-0.028674369131621802,0.7580739848747546,0.1538502114223696,0.9942713241319705,10.859075255418412,0.04460923155073406,0.04470125827169724,0.01895194209506842,0.65
26.919825229997514,10.678978343687195,3.8196409314535877,-0.039616735681855794,0.7859999514163096,0.1583403391104935,1.0278520533415798,10.834628362394609,0.04595097042629694,0.0460218161277588,0.025911231239254165,0.65
26.92388984900026,10.678978343687195,3.8196409314535877,-0.039616735681855794,0.7859999514163096,0.17262570797886312,0.8935414843929114,10.834628362394609,0.04595097042629694,0.0460218161277588,0.025911231239254165,0.65
26.95917814799759,10.67724416565594,3.8468177574072655,-0.05202534093762618,0.815304778610336,0.17446082435308663,0.8549122523981663,10.809394229158046,0.047700496365306926,0.047755994159013326,0.03272136928649262,0.65
27.05321022499993,10.67724416565594,3.8468177574072655,-0.05202534093762618,0.815304778610336,0.17446082435308663,0.8549122523981663,10.809394229158046,0.047700496365306926,0.047755994159013326,0.01055268779302193,0.65
27.06212501900154,10.67556102338127,3.8748313580813845,-0.050494268240107505,0.8404080202235685,0.2033728394132796,0.8713928095174046,10.783360147016387,0.0493977701161572,0.04943913643368347,0.021331639806332063,0.65
27.06345243800024,10.673950836062641,3.9036566330014755,-0.04830561955890212,0.8647582476027368,0.20417990041960918,0.8946886658034224,10.756543633130983,0.05101709585378061,0.05104932375231286,0.029618503787151564,0.65
27.0652964539986,10.672349928885073,3.9332751851064898,-0.04802721532707227,0.8885565631504317,0.23283455814922097,0.9124811033599843,10.728983105205526,0.05262639407002544,0.0526502309298813,0.037528634781106254,0.65
27.188997837998613,10.670630204014278,3.963670256105984,-0.0515917461238459,0.9118521299848219,0.33983464245861716,0.9699628278283512,10.700736323943772,0.054352177433339345,0.054369955800675385,0.022653620070744254,0.65
27.19189455400192,10.66881531949058,3.9944446061077663,-0.054446535710952176,0.923230500053466,0.32832756066450874,1.0084589067437773,10.67217307443929,0.05617181845000163,0.05618484032437365,0.03188577405775595,0.65
27.200322488999518,10.666946740745606,4.025496691424558,-0.056057362349224024,0.9315625595037578,0.32423879497108343,1.0335352178957034,10.643376888721676,0.05804436529419057,0.058053419069347356,0.040712545126504164,0.65
27.312684149001143,10.665052903016184,4.056830404702084,-0.05681513188269811,0.9400113983257864,0.4808006527761643,1.1432326296467357,10.614335451595357,0.059940927336155025,0.05994725679877,0.030344043637139266,0.65
27.31566951899731,10.663163016528472,4.0883373236893465,-0.05669659463133656,0.9452075696178645,0.44108539336743746,1.1695912430237723,10.585142322859408,0.061833265217201075,0.06183714328648193,0.041464729692223215,0.65
27.444792028996744,10.661329164868286,4.1197360964112315,-0.055015549805563405,0.9419631816565472,0.44913548972051165,0.9526335770058072,10.556046830971447,0.06366916864322036,0.06367099494666739,0.016416150052869886,0.65
27.44720448800217,10.65984090941962,4.151100671773188,-0.04464766345998639,0.9409372608586966,0.40904798102218887,0.9341969278347959,10.526884268941819,0.06515930044462645,0.06515925039533421,0.03153931219322453,0.65
27.56937420799659,10.65865774623025,4.182469329546548,-0.03549489568104957,0.9410597332008074,0.39825504042686477,0.7550167743125823,10.497630737788691,0.06634435612291427,0.06634241358470305,0.013441023672684106,0.65
27.571977519997745,10.657974389415262,4.21394545077459,-0.02050070444963429,0.944283636841276,0.3909003361406383,0.7202927580522518,10.468123750423551,0.06702977530684745,0.06702577039969171,0.026464951436141394,0.65
27.7279268850034,10.657705228467345,4.245628476882656,-0.008074828437503375,0.950490783241979,0.3276320138469034,0.807192508167912,10.438296384455995,0.06730146216228476,0.06729493134760922,0.013947837990068391,0.65
27.72998140099662,10.657999902391769,4.277456083640096,0.0088402177327409,0.954828202723197,0.2925207907737404,0.7847100164841398,10.408157073216854,0.06700967048163692,0.06700025742318516,0.027449863982852745,0.65
27.73174268299772,10.657999902391769,4.277456083640096,0.0088402177327409,0.954828202723197,0.26015071592362415,0.7591682868527303,10.408157073216854,0.06700967048163692,0.06700025742318516,0.027449863982852745,0.65
27.781121874002565,10.659088951275375,4.309521318363648,0.0326714665082252,0.9619570417065552,0.28334364663346184,0.7174105807130248,10.377540250984866,0.06592476298763476,0.06591120853957833,0.036189761864162215,0.65
27.826274657003523,10.663624285897953,4.374697106591978,0.07917789029210245,0.9833883940118041,0.2883764070500917,0.7200036986716188,10.314562250381776,0.06140139216599356,0.061375873917000945,0.034638944433035265,0.65
27.85004679299891,10.663624285897953,4.374697106591978,0.07917789029210245,0.9833883940118041,0.27246769419947314,0.6381626571032705,10.314562250381776,0.06140139216599356,0.061375873917000945,0.034638944433035265,0.65
27.954700645997946,10.666830944395583,4.407639932035507,0.09619975492889515,0.9882847633058585,0.24753225349504157,0.6451266362232485,10.282436163255884,0.05820516413874111,0.0581692154193707,0.011269116888787482,0.65
27.9868138439997,10.670531457559012,4.44035983014285,0.1110153949028332,0.9815969432203113,0.1868423735177153,0.6619483203883354,10.250361100698363,0.054517960434224376,0.05446870225594225,0.020760874846813968,0.65
28.08274502900167,10.670531457559012,4.44035983014285,0.1110153949028332,0.9815969432203113,0.1875207396320735,0.6953139703200375,10.250361100698363,0.054517960434224376,0.05446870225594225,0.008736556127916658,0.65
28.08484833499824,10.674487048342447,4.4725961623159405,0.11866772350308344,0.9670899651927141,0.1840353543676293,0.731430079873685,10.218661538373183,0.05057873475902874,0.05051311147250637,0.016674717750662375,0.65
28.086414516998047,10.674487048342447,4.4725961623159405,0.11866772350308344,0.9670899651927141,0.15617662081668773,0.7685001504217274,10.218661538373183,0.05057873475902874,0.05051311147250637,0.016674717750662375,0.65
28.219046436999633,10.678662874683287,4.504419870920835,0.12527479022517146,0.954711258146858,0.20960112036302075,0.9206763201617347,10.187281567653333,0.04642805580345739,0.046337285131667016,0.007635219653819944,0.65
28.221305592000135,10.682948086638055,4.535889487655082,0.12855635864304693,0.9440885020273816,0.1675302987671787,0.8948099990129526,10.156202719075525,0.04217378392382985,0.042052073176899185,0.0140088702777736,0.65
28.230121473003237,10.68724244190964,4.567040076126098,0.12883065814760966,0.9345176541304797,0.1552798937292952,0.8627311355714423,10.125425376767575,0.037920100712559156,0.037757717905313015,0.017466678035512044,0.65
28.239154285998666,10.68724244190964,4.567040076126098,0.12883065814760966,0.9345176541304797,0.18973233224767225,0.8679523668773966,10.125425376767575,0.037920100712559156,0.037757717905313015,0.017466678035512044,0.65
28.3425061070011,10.68724244190964,4.567040076126098,0.12883065814760966,0.9345176541304797,0.185851753342046,0.8468180491748232,10.125425376767575,0.037920100712559156,0.037757717905313015,0.0,0.65
28.344826496002497,10.691625518457858,4.597578210420263,0.1314922964465275,0.9161440288249642,0.21582453917971872,0.8644071788741337,10.095198684201684,0.03359469693552454,0.03337464135709567,0.0061355853600520436,0.65
28.346746242001245,10.696014335211327,4.627357548825456,0.13166450260407936,0.8933801521558046,0.21555764102414934,0.8896425433088687,10.065687925516112,0.02927119640192972,0.028985824603626753,0.011745349984448655,0.65
28.468806169003074,10.700396823069404,4.656462842816936,0.1314746357423384,0.8731588197443925,0.3689291977738538,0.9363524925548503,10.036817015353712,0.02498668350767058,0.024603336745549598,0.0046587694869637914,0.7000000000000001
28.47085314099968,10.704616084331146,4.6848607584758835,0.12657783785225157,0.8519374697684321,0.34801862238072495,0.9634795775595968,10.008670184998108,0.020882932816329892,0.020384075483807607,0.008896891386815499,0.7000000000000001
28.472343410998292,10.704616084331146,4.6848607584758835,0.12657783785225157,0.8519374697684321,0.35632657605964757,0.9954213433135188,10.008670184998108,0.020882932816329892,0.020384075483807607,0.008896891386815499,0.7000000000000001
28.592130227996677,10.712410199582648,4.740127731143536,0.11374480454204779,0.8259049066501518,0.35594293802161975,0.9587473036570382,9.954043075313665,0.013436815018604156,0.012589960232306296,0.0030935417831326685,0.7000000000000001
28.594847241001844,10.712410199582648,4.740127731143536,0.11374480454204779,0.8259049066501518,0.2769507568849043,0.972623770437981,9.954043075313665,0.013436815018604156,0.012589960232306296,0.0030935417831326685,0.7000000000000001
28.603712643001927,10.712410199582648,4.740127731143536,0.11374480454204779,0.8259049066501518,0.25715094132631894,1.000386744490438,9.954043075313665,0.013436815018604156,0.012589960232306296,0.0030935417831326685,0.7000000000000001
28.726026741998794,10.719018542487943,4.7952339882035275,0.09371221653588983,0.8271607633341254,0.2938175926947333,0.9515108501868379,9.899985159096106,0.007412861802128208,0.0059816173270110795,0.0013357256925319346,0.7000000000000001
28.727952508997987,10.721780035730513,4.822951689876994,0.08284479727708342,0.8315310502040024,0.2071849402911229,0.9436315629826814,9.872993237886119,0.0050378642273229066,0.003220124084441167,0.0017700074562604106,0.7000000000000001
28.74526858599711,10.721780035730513,4.822951689876994,0.08284479727708342,0.8315310502040024,0.3480970171348497,0.8543313766909955,9.872993237886119,0.0050378642273229066,0.003220124084441167,0.0017700074562604106,0.7000000000000001
28.85633156300173,10.724250361431748,4.850880218775264,0.07410977103708383,0.8378558669480679,0.3741204438048024,0.8330327617101974,9.845907898702707,0.0031749543536817473,0.0007497983832056576,0.0005775855855306618,0.7000000000000001
28.867115959998046,10.726385120500064,4.879035822019285,0.06404277204946625,0.8446680973206258,0.36012139486838063,0.8376750887508133,9.818729944691775,0.0017247125457530053,0.0013849606851099594,0.0007976362249670339,0.7000000000000001
28.869528048002394,10.728680084722459,4.907605012089832,0.06884892667188129,0.8570757021164119,0.31008742720882304,0.8228301582485771,9.7911145221013,0.00045726064859863777,0.0036799249075052387,0.001117601260449039,0.7000000000000001
28.984138205996715,10.731256805699983,4.936660714774905,0.07730162932574483,0.8716710805521982,0.3652918099387164,0.6174548413824574,9.762951273323669,0.0008196492889095554,0.006256645885029499,0.0017913484290431256,0.7000000000000001
28.986222336003266,10.734002480711723,4.966134502157212,0.08237025035217138,0.8842136214692139,0.3194190673545653,0.6063696290361955,9.73434323580886,0.0018626422483467922,0.009002320896769334,0.0036910574757259475,0.7000000000000001
29.102654709997296,10.73670077942855,4.996044491012965,0.08094896150479497,0.8972996656725951,0.27040988541574373,0.4809737724615589,9.705348399553305,0.0020928925058350265,0.011700619613595364,0.0011579283519567102,0.7000000000000001
29.111909774001106,10.73670077942855,4.996044491012965,0.08094896150479497,0.8972996656725951,0.27138537662534806,0.44835185482469264,9.705348399553305,0.0020928925058350265,0.011700619613595364,0.0011579283519567102,0.7000000000000001
29.113873595997575,10.739448459272843,5.026301347431487,0.08243039532882825,0.9077056925556634,0.30481132846270154,0.4435969509889416,9.676017460479663,0.0019503264320009876,0.01444829945788939,0.0027731143726652647,0.7000000000000001
29.116233298002044,10.742068998579935,5.056765446968132,0.07861617921276885,0.913922986099347,0.3253687381724976,0.4520790470251749,9.646542996921095,5.7696858027291285e-05,0.01706883876498111,0.0062414746627417065,0.7000000000000001
29.145833139002207,10.744473948699225,5.0874013590890925,0.0721485035787186,0.919077363628815,0.44313449993037424,0.45332105917321613,9.616989619579886,0.0031280439701877245,0.019473788884271315,0.011491258137572577,0.7000000000000001
29.261107040998468,10.744473948699225,5.0874013590890925,0.0721485035787186,0.919077363628815,0.47346074376303,0.45959606808711306,9.616989619579886,0.0031280439701877245,0.019473788884271315,0.002797616800445284,0.7000000000000001
29.313729626002896,10.747109863009067,5.118024745247006,0.07907742929523892,0.9187015847373967,0.5006746852623343,0.4393176637587764,9.587374601408156,0.007683349940936622,0.022109703194113095,0.006309042405101493,0.7000000000000001
29.35614128599991,10.750087560123955,5.148441991921961,0.08933091344664837,0.9125174002486403,0.5147384887023899,0.43730489875196654,9.557839929964423,0.0145560221572792,0.02508740030900114,0.0033391903127777635,0.75
29.357837146999373,10.750087560123955,5.148441991921961,0.08933091344664837,0.9125174002486403,0.5307170239428899,0.4390905335514728,9.557839929964423,0.0145560221572792,0.02508740030900114,0.0033391903127777635,0.75
29.359837363001134,10.753462978680252,5.17847017531864,0.10126255668890163,0.9008455019004051,0.5618429042816142,0.4251563720290844,9.528536322423431,0.022166103904925426,0.017672522259106,0.007083090291145743,0.75
29.367326696003147,10.753462978680252,5.17847017531864,0.10126255668890163,0.9008455019004051,0.6585431399271735,0.27467940234731636,9.528536322423431,0.022166103904925426,0.017672522259106,0.007083090291145743,0.75
29.478506860003108,10.75716024459611,5.208070517634797,0.11091797747568982,0.8880102694846927,0.7346307254307097,0.26203425009047165,9.499525648666056,0.03329352842881492,0.000643718717139268,0.015712284904775282,0.75
29.480345766001847,10.75716024459611,5.208070517634797,0.11091797747568982,0.8880102694846927,0.7306787426506979,0.2873138366376497,9.499525648666056,0.03329352842881492,0.000643718717139268,0.015712284904775282,0.75
29.482414318001247,10.760991885171606,5.237045551218708,0.11494921726492068,0.8692510075173498,0.7650447159670395,0.2865011134886957,9.471057847572357,0.04523861093260101,0.018422782415427358,0.030927295340938517,0.75
29.4997603610027,10.76489280896878,5.265138670435888,0.11702771391519032,0.8427935765153731,0.8402974245329012,0.35431184773948726,9.443395294505866,0.057595818086395564,0.035529247848703545,0.04601791942974746,0.75
29.609392878002836,10.768802958855769,5.292332744234676,0.11730449660967275,0.8158222139636445,0.8677400400917346,0.37491182870280704,9.416574547849592,0.07096221742039079,0.05199346833936807,0.037773445750823344,0.75
29.618044543996803,10.768802958855769,5.292332744234676,0.11730449660967275,0.8158222139636445,0.88078138455875,0.42542699862549666,9.416574547849592,0.07096221742039079,0.05199346833936807,0.037773445750823344,0.75
29.620040492001863,10.768802958855769,5.292332744234676,0.11730449660967275,0.8158222139636445,0.906721372917475,0.4471628169767316,9.416574547849592,0.07096221742039079,0.05199346833936807,0.037773445750823344,0.75
29.636512766002852,10.773109640369459,5.318602515724075,0.12920044541069986,0.7880931446819833,1.039446345902282,0.48396982410867756,9.390481416937588,0.08345312089309702,0.06752371819700285,0.05534382478061159,0.75
29.73174254300102,10.778255129178284,5.343896321362103,0.1543646642647732,0.7588141691408422,1.039446345902282,0.48396982410867756,9.36500617286964,0.09534504789487257,0.08177072965642714,0.033678684154344475,0.75
29.73360773800232,10.784432401564231,5.368253034896565,0.18531817157842806,0.7307014060338564,1.0566004708764685,0.5245635717814582,9.340042481830057,0.10644265900845365,0.09462553577072384,0.048494826508879374,0.75
29.757678406997,10.791722200666204,5.391554876973333,0.21869397305915572,0.6990552623030559,1.1328779173810783,0.5282874447782295,9.315670585541966,0.11600929805797515,0.1059477599388532,0.06128931170389959,0.75
29.857809182998608,10.80032425859422,5.413920590454987,0.2580617378404586,0.6709714044496138,1.1368696323834784,0.5196416447555519,9.291707889690873,0.12427166594090604,0.11568013411474652,0.009784703510847802,0.8
29.86022836399934,10.80032425859422,5.413920590454987,0.2580617378404586,0.6709714044496138,1.1013949741546876,0.5857475800760421,9.291707889690873,0.12427166594090604,0.11568013411474652,0.009784703510847802,0.8
29.880717116000596,10.810279831317152,5.435520074298018,0.29866718168795847,0.6479845152909269,1.026755922080254,0.6462543214718017,9.267980965190386,0.13143578193428554,0.12391362262730118,0.018071518564809565,0.8
29.996102994002285,10.821615139763738,5.456532479209896,0.34005925339757503,0.6303721473563493,0.9937969232895554,0.6536374853644412,9.244313823901683,0.13718409153948932,0.1307563631601053,0.017279819683996944,0.8
30.005707636002626,10.834513391778632,5.477126314182785,0.3869475604468429,0.6178150491866725,0.9375199651522863,0.6914684565546073,9.220485528974711,0.14165735393947973,0.1361979620548864,0.02387931831974007,0.8
30.00725909999892,10.834513391778632,5.477126314182785,0.3869475604468429,0.6178150491866725,0.9040139911042885,0.6833762619598953,9.220485528974711,0.14165735393947973,0.1361979620548864,0.02387931831974007,0.8
30.00884169100027,10.848940852710674,5.497495637348108,0.4328238279612774,0.6110796949597108,0.8694037505077212,0.6767642445167549,9.196328989799051,0.14516695218172332,0.1403994931329158,0.029105436507778693,0.8
30.12285929200152,10.864876828372482,5.5178686992561685,0.47807926985425075,0.6111918572417945,0.7986625540218286,0.5791808101323184,9.171641052658368,0.14758293268892408,0.1435369869063509,0.0031866121659180247,0.8321658488546619
30.124927534001472,10.882187822390256,5.538397476157318,0.5193298205332082,0.6158633070344903,0.7799755391982037,0.5500507440964625,9.146330028303316,0.1492898753902,0.14581230300357154,0.005513119232035844,0.8321658488546619
30.133382284999243,10.900961976477506,5.559164905531871,0.5632246226175199,0.6230228812365985,0.7286248105387676,0.5825596904957433,9.120291025336916,0.15026164161705996,0.14722176147599558,0.00706643330994293,0.8200609733428363
30.253828654000245,10.921265111296778,5.580055444978193,0.6090940445781698,0.6267161833896625,0.6266447391244406,0.49869821869342423,9.093613732356616,0.15023005971357192,0.14763711927108203,0.0016753692264473963,0.8200609733428363
30.255865687999176,10.942875719422789,5.601228386629724,0.6483182437803332,0.6351882495459246,0.5983015922489211,0.5112300029629707,9.066231447477977,0.1497070854135372,0.14732764233907994,0.002675227943078713,0.8514693182963202
30.257605220002006,10.96553669165897,5.622842290278713,0.6798291670854615,0.6484171094696911,0.5765713589955697,0.4855077831860047,9.038089569528687,0.14874576723277091,0.14658725304070927,0.0032422675793466185,0.8139410298049854
30.27183400800277,10.988983622054254,5.645027985314998,0.7034079118585402,0.6655708510885503,0.5182774376552869,0.34921985019689217,9.009160597578068,0.14779226246189167,0.14569542496568857,0.0036000511305587187,0.8139410298049854
30.388975385001686,11.01296542258848,5.667841488580105,0.7194540160267189,0.6844050979532051,0.5059547521535004,0.3204346268972913,8.979481034216024,0.14696083951558606,0.1448693140442538,0.001925641827724606,0.8139410298049854
30.3910737719998,11.037236549011693,5.691249801510118,0.7281337926964108,0.7022493879003688,0.487157832900578,0.3039508589123924,8.949167551080572,0.14648337502790595,0.14425921277231246,0.0031273414859021654,0.8139410298049854
30.510575031999906,11.061517028274437,5.714980816305168,0.7284143778823157,0.711930443851497,0.4805702880714234,0.0860483195519901,8.91857194176268,0.14632224640519326,0.14387068272118436,0.0020864229909352593,0.8200609733428363
30.51227878800273,11.061517028274437,5.714980816305168,0.7284143778823157,0.711930443851497,0.49056033089874224,0.09879371882370207,8.91857194176268,0.14632224640519326,0.14387068272118436,0.0020864229909352593,0.8200609733428363
30.549516015002155,11.085475669198997,5.738711828132738,0.7187592277368154,0.7119303548270838,0.5112030384182806,0.029072605740095674,8.888109857219284,0.1465314768955933,0.14370972464310716,0.004406986710332326,0.8200609733428363
30.644611345996964,11.108982300223005,5.762135874492549,0.705198930720211,0.7027213907943526,0.5113157569911199,0.06451550610358467,8.858112951176645,0.14697627883076553,0.1436513284670321,0.012371020427140573,0.8321658488546619
30.65979392099689,11.131899354607665,5.78497827649002,0.6875116315398043,0.6852720599241156,0.6660070647760612,-0.02575220026481445,8.828884850513187,0.14755741040715037,0.14359854125781818,0.0199787584620216,0.8321658488546619
30.66343993999908,11.131899354607665,5.78497827649002,0.6875116315398043,0.6852720599241156,0.6660070647760612,-0.02575220026481445,8.828884850513187,0.14755741040715037,0.14359854125781818,0.0199787584620216,0.8321658488546619
30.767501643000287,11.154149607127552,5.807106681364232,0.6675075755966422,0.6638521462263645,0.6902526288530891,-0.047991492733942126,8.80057464779775,0.14832866551029836,0.1435123819612907,0.013718755291584271,0.8
30.76972705499793,11.1756694022625,5.8283807215637085,0.645593854048452,0.6382212059843027,0.7170963781451011,-0.047492082901443966,8.773334310982493,0.14902868696750016,0.14333860697990777,0.02175420212175507,0.8
30.790673657997104,11.196453236836103,5.848642276382812,0.6235150372080622,0.6078466445730992,0.8543169105892388,-0.16953229335316258,8.747313192573852,0.15000454406519337,0.14296929942382522,0.02955814874166392,0.8
30.810821371000202,11.196453236836103,5.848642276382812,0.6235150372080622,0.6078466445730992,0.8798586004679493,-0.19080734956080322,8.747313192573852,0.15000454406519337,0.14296929942382522,0.02955814874166392,0.8
30.924447295998107,11.21653739450756,5.867817660851348,0.6025247301437229,0.5752615340560917,0.8798586004679493,-0.19080734956080322,8.722567435237414,0.1506488929135386,0.1423266997294797,0.010047314507389571,0.75
30.926313121999556,11.235977385693788,5.885806980075406,0.5831997355868518,0.5396795767217335,0.9178812523415942,-0.17187763116926597,8.69917194357229,0.1513019962111779,0.14130091974775172,0.01955261998563321,0.75
30.927888842001266,11.254883672073513,5.902584210670342,0.5671885913917388,0.503316917848072,0.9495342273297571,-0.1842307338491222,8.67711429811692,0.15175748188272947,0.13979544996480275,0.02936291675350343,0.7000000000000001
30.94797989899962,11.273358885438553,5.918169766495717,0.5542564009511728,0.4675666747612717,1.0675304260923577,-0.2712882230697287,8.656341372682453,0.15158778951593108,0.1377521535231994,0.0381429402107247,0.7000000000000001
31.03251843200269,11.291623227925195,5.932645538991496,0.5479302745992722,0.4342731748733621,1.0950232408445346,-0.2916860823798307,8.636704173797133,0.15151668194777845,0.13507322999165994,0.024287250821702498,0.7000000000000001
31.034592573996633,11.309886952417315,5.9460270175102155,0.5479117347635946,0.401444355561589,1.1376846074789382,-0.2624394168673624,8.618120805457792,0.15101832377777058,0.13162096075644733,0.03490124064125431,0.7000000000000001
31.05008248899685,11.328346191368153,5.958354636094038,0.5537771685251403,0.36982855751466703,1.2004243592653445,-0.3485417588788851,8.600491501450069,0.14956478217506342,0.1272852504152692,0.045330373557465074,0.65
31.15030578200094,11.347108903400613,5.96974191451213,0.5628813609738331,0.3416183525427761,1.2004243592653445,-0.3485417588788851,8.583676713761829,0.14790736680032399,0.1220700312923583,0.028566010341349493,0.65
31.15910703100235,11.366319195118828,5.980226911187565,0.5763087515464534,0.31454990026305657,1.2060051282378066,-0.32079914370210477,8.56759743199798,0.14661323522653505,0.11590031599975545,0.041571037351743896,0.65
31.173351197001466,11.386072325349167,5.989858759323534,0.592593906910156,0.2889554440790408,1.0264226524228481,-0.3565464554350769,8.55218067904069,0.1443079298412366,0.10874348879652451,0.053059947533615086,0.65
31.278841922998254,11.406684030844318,5.998398323266689,0.6183511648545206,0.2561869182946587,0.9941395112011844,-0.349217362448634,8.537558236296663,0.14081168957856147,0.10027161064978181,0.03140529596114423,0.65
31.2811860849979,11.428506683794135,6.005642935389101,0.6546795884945066,0.21733836367236958,0.9719424105228072,-0.32282972912437174,8.523819145661701,0.13832210722352759,0.09308551520004484,0.04597521131931678,0.6000000000000001
31.28364558100293,11.428506683794135,6.005642935389101,0.6546795884945066,0.21733836367236958,0.9383107466872628,-0.32576622057252386,8.523819145661701,0.13832210722352759,0.09308551520004484,0.04597521131931678,0.6000000000000001
31.30547253399709,11.451775313097729,6.011617053736514,0.6980588791078396,0.17922355042238508,0.8249590615532314,-0.3490119542289733,8.51087731539614,0.13527259040240022,0.08967660077982727,0.05785471487775788,0.6000000000000001
31.41893219100166,11.50232039927628,6.0195969704466075,0.7771943029312887,0.10100981990230046,0.7604995561289395,-0.3231520878201357,8.487688285277198,0.12612482067625813,0.09459688215722739,0.01900203184834523,0.6000000000000001
31.43641639999987,11.529293340002607,6.0218172726323,0.8091882217897561,0.06660906557078908,0.7726313245690528,-0.1686610063624442,8.477356245227448,0.12145318998496107,0.09681718434292019,0.026032671249310035,0.6000000000000001
31.53771426899766,11.529293340002607,6.0218172726323,0.8091882217897561,0.06660906557078908,0.7556316675537196,-0.1408318804350358,8.477356245227448,0.12145318998496107,0.09681718434292019,0.009302650865175233,0.6000000000000001
31.53969849400164,11.529293340002607,6.0218172726323,0.8091882217897561,0.06660906557078908,0.7302555663865686,-0.1176492329036739,8.477356245227448,0.12145318998496107,0.09681718434292019,0.009302650865175233,0.6000000000000001
31.54952937499911,11.557096818672369,6.022994639991604,0.8341043600928827,0.03532102077913371,0.7067535819693358,-0.09267145245656433,8.467843419384334,0.11610935228437542,0.09799455170222426,0.017820335191558595,0.6000000000000001
31.584190563000448,11.585367113500196,6.023268391522314,0.8481088448348376,0.008212545921276848,0.600180722942384,-0.008455912763677575,8.459135418543013,0.11124594355120591,0.0982683032329339,0.02369802384028247,0.6000000000000001
31.670746433002932,11.585367113500196,6.023268391522314,0.8481088448348376,0.008212545921276848,0.5737408960785856,0.012610568910216058,8.459135418543013,0.11124594355120591,0.0982683032329339,0.00836845325266852,0.6000000000000001
31.672973359003663,11.585367113500196,6.023268391522314,0.8481088448348376,0.008212545921276848,0.5399220307464835,0.011266996462463041,8.459135418543013,0.11124594355120591,0.0982683032329339,0.00836845325266852,0.6000000000000001
31.682841349000228,11.613825692551853,6.0227449624292,0.853757371549706,-0.015702872793417436,0.44510469434749805,-0.016449237738340616,8.451219535012575,0.1057792305315269,0.09774487413981969,0.016027188942922124,0.6000000000000001
31.798883370000112,11.64238935644392,6.021560222566107,0.8569099167619934,-0.035542195892793844,0.41151570856398567,0.025164439049964543,8.443994274805396,0.10036699574356522,0.09656013427672683,0.007049218583108399,0.6000000000000001
31.800811401997635,11.671050928637994,6.019844035933908,0.8598471658222417,-0.051485598965948516,0.37756540636047825,0.032763366958734386,8.43734045744885,0.09441631204613234,0.09484394764452819,0.013617326392941602,0.6000000000000001
31.803134055000555,11.699649528023539,6.017708076906655,0.8579579815663136,-0.06407877081759403,0.3501952289473518,0.05256603337517016,8.431199506500693,0.08806269412335994,0.09270798861727503,0.016337544498749378,0.6000000000000001
31.804989532000036,11.699649528023539,6.017708076906655,0.8579579815663136,-0.06407877081759403,0.3239922115064501,0.08733487580666609,8.431199506500693,0.08806269412335994,0.09270798861727503,0.016337544498749378,0.6000000000000001
31.92583724400174,11.728206914401264,6.015501168335071,0.8567215913317688,-0.0662072571475171,0.3062706457160782,0.17073427389904067,8.425231379617154,0.08108032331098759,0.09050108004569068,0.010351215010450781,0.6020797289396148
31.937500168998668,11.728206914401264,6.015501168335071,0.8567215913317688,-0.0662072571475171,0.2695139066138529,0.1657603059635157,8.425231379617154,0.08108032331098759,0.09050108004569068,0.010351215010450781,0.6020797289396148
31.940563083000598,11.756561767381536,6.013369721398087,0.8506455894081493,-0.06394340810950802,0.2610837471299696,0.18754261773256212,8.419340354974324,0.07384924965712097,0.08836963310870694,0.012083536936727562,0.608276253029822
31.942752057999314,11.78455999071345,6.011518190705467,0.8399466999574418,-0.05554592077858658,0.2501504786297472,0.22943822967044017,8.413370336309548,0.0651590195717831,0.08651810241608704,0.01295923562073227,0.608276253029822
32.05898613199679,11.812039158662037,6.010116929549646,0.8243750384576,-0.042037834674641006,0.26909421830212554,0.30019045095952396,8.407197684428215,0.05622025585956331,0.06935151904489133,0.007060187998925467,0.6184658438426491
32.06101532100001,11.838836501703389,6.009249418111167,0.8039202912405512,-0.02602534315437559,0.2620638370105633,0.3448143478932378,8.400780043803282,0.04552431538216749,0.04978951284166282,0.013329315622591067,0.6184658438426491
32.071538711003086,11.864566988041945,6.008867289443434,0.7719145901566824,-0.011463860031981705,0.27921300709709007,0.371474414128166,8.39425930566779,0.03567851839486386,0.03543781446930884,0.018456867223354392,0.632455532033676
32.08369447699806,11.889045289601121,6.008951121573868,0.7343490467752976,0.002514963913007597,0.3644493236871212,0.4771491759046389,8.387692929793971,0.02675641335795969,0.03395103253942988,0.023031959855975875,0.632455532033676
32.2981144209989,11.934125547368875,6.010546037560529,0.6563874501893749,0.03183640442743785,0.4824882092385798,0.6833154501323887,8.374382219303573,0.01046939846740434,0.0355459485260905,0.01566555854314488,0.65
32.30178164500103,11.934125547368875,6.010546037560529,0.6563874501893749,0.03183640442743785,0.4528274494941418,0.7447426722663523,8.374382219303573,0.01046939846740434,0.0355459485260905,0.01566555854314488,0.65
32.30743161999999,11.954651737075018,6.01220377485916,0.6157856911842959,0.04973211895895306,0.5415234679701422,0.8089172520203988,8.36749466379499,0.003002085505944076,0.03720368582472222,0.0218596460058007,0.670820393249937
32.45314252300159,11.973884412014797,6.0145888026216685,0.5769802481933612,0.07155083287523686,0.5606124327009204,0.8710181838723106,8.360277610472307,0.0032463014274876174,0.028782413842456733,0.008368567252182189,0.670820393249937
32.45556288700027,11.99200101569719,6.017926161656854,0.5434981104717498,0.10012077105557615,0.5375455209357185,0.9231982011494347,8.352459353163736,0.010579182978616012,0.018331909731602754,0.015333147832813447,0.670820393249937
32.54994642800011,12.00922734942003,6.022401521723067,0.5167900116852392,0.13426080198638496,0.5694523581833486,0.9581025255101935,8.34379574610231,0.016666999374611653,0.00931560979227083,0.014256804371657177,0.6946221994724903
32.57113434700295,12.02560710050157,6.028020414131759,0.49139253244623105,0.16856677226075745,0.5172475045032565,0.8706143147066316,8.334264234841797,0.02133283534512192,0.0017065336533094392,0.019240750710968525,0.6946221994724903
32.674815061996924,12.041308737281353,6.034866659912986,0.4710491033934535,0.20538737343681204,0.5172475045032565,0.8706143147066316,8.323736270964933,0.025020558193797206,0.0045551733718276885,0.013120565270400125,0.6946221994724903
32.686333097997704,12.041308737281353,6.034866659912986,0.4710491033934535,0.20538737343681204,0.4668364080121725,0.8592050138417445,8.323736270964933,0.025020558193797206,0.0045551733718276885,0.013120565270400125,0.6946221994724903
32.68826029799675,12.056343597288269,6.042890871499419,0.45104580020747853,0.24072634759300882,0.4573680341870139,0.8495644878304777,8.312252342230236,0.028383004836121998,0.009512450410465851,0.017690123391220766,0.7211102550927979
32.8033477420031,12.070863469763326,6.052375777067923,0.43559617425172764,0.2845471670551387,0.46015176667079316,0.7895778408743065,8.299497014389729,0.0302904784551474,0.01307270965313951,0.010371766530229361,0.6800735254367722
32.80565649899654,12.098992695233719,6.076353542573665,0.41792488582648185,0.38545454613490326,0.4476795185122627,0.7788246143491968,8.269397360599996,0.03026915870603718,0.016008235145969045,0.015328126005168623,0.6800735254367722
32.927919845998986,12.112732209692744,6.091124555245302,0.4121854337707528,0.4431303801491031,0.43655080136013974,0.7789645709029807,8.251746430907062,0.028697686387933876,0.015278855765049412,0.002174677165169458,0.7106335201775948
32.940832505999424,12.112732209692744,6.091124555245302,0.4121854337707528,0.4431303801491031,0.4157683845784084,0.8031113558743688,8.251746430907062,0.028697686387933876,0.015278855765049412,0.002174677165169458,0.7106335201775948
32.974500443997385,12.126383331789436,6.107739651977361,0.4095336629007343,0.4984529019617609,0.4233532927614596,0.8022425922570889,8.232337956110252,0.025709045563559123,0.013183009201116234,0.003175431543015583,0.6726812023536856
33.056002404002356,12.139947615498317,6.12600197649694,0.4069285112664169,0.5478697355873666,0.4233532927614596,0.8022425922570889,8.211361021707756,0.021831120902001188,0.009860992685580359,0.0064648812581425425,0.6726812023536856
33.05870668299758,12.153311081273346,6.145735061615546,0.4009039732508866,0.5919925535581688,0.3708812490376598,0.7946195079637889,8.189012666756927,0.017339909640429703,0.005356991654160258,0.011271215917410125,0.7071067811865476
33.082569167003385,12.166404227289041,6.16681821839135,0.39279438047083853,0.6324947032741275,0.32206910353959184,0.6859936935126486,8.16542502214631,0.011703326026523422,0.00029279913606611644,0.01586657301337904,0.6726812023536856
33.18650360099855,12.179149340901983,6.189136840561135,0.38235340838828147,0.6695586650935613,0.29571845500595473,0.6620529871225369,8.140726207281777,0.005614093870167597,0.007062291956358121,0.008913704807853567,0.6726812023536856
33.18894211800216,12.191593754515731,6.212369432843414,0.37333240841244275,0.6969777684683761,0.2697863248534439,0.6652065082815364,8.115215977516943,0.000921141219692119,0.01469068624952805,0.013994030482589116,0.6403124237432849
33.20041914899775,12.203714817304478,6.236423692535728,0.3636318836624349,0.7216277907694121,0.25926892257227796,0.5248987611929148,8.08898818378566,0.00810082466594558,0.0231287307012741,0.01984492699412798,0.6800735254367722
33.304396302002715,12.203714817304478,6.236423692535728,0.3636318836624349,0.7216277907694121,0.24242769970573652,0.4958115872052241,8.08898818378566,0.00810082466594558,0.0231287307012741,0.0,0.6800735254367722
33.30632776999846,12.2154774632353,6.261024484039096,0.3528793779246784,0.7380237451010428,0.2280097257922191,0.4645056715478635,8.06231742933808,0.014610337437039652,0.03220667049348106,0.007813563695496458,0.651920240520265
33.326332677999744,12.226848267608778,6.286032366434003,0.34112413120432955,0.7502364718472011,0.1997818046218538,0.4608120574895961,8.035346140084895,0.021680992523920327,0.041849540838003844,0.016190860460734258,0.651920240520265
33.43158963199676,12.237799962854034,6.311369652783381,0.32855085735764905,0.7601185904813391,0.18486675062098948,0.5037612948175604,8.008155322165655,0.02746003679987929,0.052021689859105984,0.010585451931512014,0.6264982043070835
33.43338348499674,12.237799962854034,6.311369652783381,0.32855085735764905,0.7601185904813391,0.164401549512323,0.5434549978910025,8.008155322165655,0.02746003679987929,0.052021689859105984,0.010585451931512014,0.6264982043070835
33.55344428399985,12.258442827166053,6.3629236651805305,0.3035404066102577,0.7769076732610466,0.16610736278575208,0.6724765010931286,7.953218407138058,0.03646753455789267,0.06655735649075822,0.008754688921653202,0.65
33.55559054000332,12.268072792590527,6.388895013901796,0.28889896273417404,0.7791404616379662,0.11989531123968505,0.7155581693854934,7.925723777666974,0.038985146889248444,0.05692739106628508,0.013874081433123638,0.65
33.56579638500261,12.277161289406346,6.414740748402277,0.2726549044745896,0.7753720350144265,0.10985196061612323,0.7059968514023117,7.8984777475857415,0.039996572718655594,0.04783889425046617,0.019418484216065315,0.632455532033676
33.58469057599723,12.285690098109773,6.440432444061134,0.2558642611028613,0.7707508697657123,0.05245548926025939,0.6940056541576846,7.8715116441563,0.04125553222245182,0.04223079682437322,0.02474531866151009,0.632455532033676
33.686207282000396,12.293642582103164,6.465960955966499,0.23857451980172673,0.7658553571609419,0.020897433978081248,0.6877565888532521,7.844837745104665,0.04288275315687666,0.0511368747297495,0.022874350040788315,0.6184658438426491
33.68841856800282,12.301002841758697,6.491327636231985,0.220807789665992,0.7610004079645962,0.0009629890189466472,0.6547100848477906,7.818458026652533,0.04460406502746715,0.06386933684794499,0.029435503815348058,0.6670832032063168
33.813989203001256,12.307800468614241,6.5162040029201425,0.2039288056663392,0.7462910006447084,0.015913303698535552,0.5209340278814856,7.792685088313514,0.04362204910906772,0.06719971578762873,0.007453587105254715,0.6576473218982953
33.82483020499785,12.31404091917122,6.540663897565482,0.18721351670935443,0.7337968393601765,0.00810135578330523,0.4896220639695863,7.767445664307196,0.04238952145231332,0.06095926523065032,0.01515804863479608,0.6576473218982953
33.85346191500139,12.31404091917122,6.540663897565482,0.18721351670935443,0.7337968393601765,0.008121957806168034,0.5171003059074073,7.767445664307196,0.04238952145231332,0.06095926523065032,0.01515804863479608,0.6576473218982953
33.93561663300352,12.31970150351425,6.56481880435193,0.16981753029090252,0.7246472035934455,0.008121957806168034,0.5171003059074073,7.742636397754818,0.04011935336009713,0.05529868088762058,0.005666895012150216,0.651920240520265
33.93764617299894,12.324739857367172,6.5888751319990515,0.1511506155876935,0.721689829413662,-0.021429084076676735,0.48464316883390446,7.718066166904958,0.03786689724918208,0.05026032703469774,0.01184734237817162,0.651920240520265
33.954684456002724,12.329109191382798,6.612812821361745,0.13108002046880993,0.7181306808808071,-0.10174051526525782,0.5014314731419018,7.693765404794323,0.03537819427542045,0.0458909930190714,0.014110231237105206,0.65
34.09914312099863,12.335805899955893,6.660350705604349,0.09022101463741543,0.7113841347510832,-0.1562989592535463,0.5411144996140533,7.645963801001947,0.030964246095479545,0.03919428444597628,0.012129943661919456,0.65
34.10095765200094,12.338169018728252,6.683732212606201,0.07089356317072618,0.7014452100555619,-0.2105594248628976,0.5576176432251552,7.622668581337108,0.02913129420305718,0.036831165673618216,0.014918071189091622,0.65
34.18782418900082,12.339908512232915,6.706612437809739,0.05218480513989287,0.6864067561061503,-0.269653981687352,0.6692229945680451,7.600006690132568,0.02738655745427332,0.0350916721689547,0.008965036545754194,0.65
34.18985892800265,12.339908512232915,6.706612437809739,0.05218480513989287,0.6864067561061503,-0.3162839865534107,0.6772787537030134,7.600006690132568,0.02738655745427332,0.0350916721689547,0.008965036545754194,0.65
34.19157378499949,12.341080424505973,6.728971221558786,0.03515736819176278,0.6707635124714062,-0.3234868143859863,0.7015350045977806,7.577985439789698,0.026051876510854555,0.03391975989589646,0.01229128673215902,0.65
34.21744402799959,12.341777657220241,6.750686547895958,0.020916981428067187,0.6514597901151655,-0.41809724766277445,0.6932587151951333,7.556702589352539,0.02458444733850225,0.033222527181628436,0.014917859098792207,0.651920240520265
34.309877075997065,12.34203763405456,6.771776609662796,0.007799305029530976,0.6327018530051303,-0.41809724766277445,0.6932587151951333,7.536132279808111,0.023576188069022973,0.032962550347310327,0.008746295707133409,0.651920240520265
34.31179510900256,12.34203763405456,6.771776609662796,0.007799305029530976,0.6327018530051303,-0.471432557958976,0.6583783936250702,7.536132279808111,0.023576188069022973,0.032962550347310327,0.008746295707133409,0.651920240520265
34.31346701599978,12.341799432144908,6.7923123534500975,-0.007146057289535026,0.616072313619059,-0.48259096423998626,0.6598609976567358,7.516220325159715,0.022275149545991302,0.03320075225696151,0.011808325141607873,0.651920240520265
34.34131352999975,12.340984232219588,6.812334736028445,-0.02445599775960124,0.6006714773504318,-0.4802502133921307,0.6081451592357601,7.496946142997007,0.02151216912061799,0.034015952182281595,0.013977091446197671,0.6576473218982953
34.436283588998776,12.339520514716435,6.831942413503835,-0.04391152509458,0.5882303242617019,-0.5110954574774235,0.593538878060609,7.47823168260577,0.020853002497453553,0.0354796696854347,0.0033011871724409323,0.6576473218982953
34.43887586100027,12.337204435378762,6.85147658454249,-0.06948238013016851,0.5860251311596346,-0.5532415906845947,0.6006572159380505,7.459794897119096,0.02042869852354415,0.03779574902310756,0.005757395225990723,0.6670832032063168
34.57182623800327,12.329544958366544,6.890698338210077,-0.1313477983010149,0.5899307232445302,-0.581622293827484,0.6378772746767878,7.423512747017564,0.020717175406291012,0.045455226035326035,0.00338767062663393,0.6670832032063168
34.573852922003425,12.329544958366544,6.890698338210077,-0.1313477983010149,0.5899307232445302,-0.6154976420001137,0.6046612044972295,7.423512747017564,0.020717175406291012,0.045455226035326035,0.00338767062663393,0.6670832032063168
34.57561001699651,12.323925269856733,6.910471013322817,-0.1685906552942859,0.5931802533821806,-0.6073871210196322,0.6410039881470733,7.405657870663815,0.021676032139786004,0.05107491454513635,0.0034045083667558723,0.6800735254367722
34.58540125499712,12.323925269856733,6.910471013322817,-0.1685906552942859,0.5931802533821806,-0.6426766467685654,0.6179410888523397,7.405657870663815,0.021676032139786004,0.05107491454513635,0.0034045083667558723,0.6800735254367722
34.69528983999771,12.308894891659744,6.949844710793244,-0.2438932218343588,0.5884991332704297,-0.6245863932265886,0.625002462859195,7.3710771376301505,0.022715244726552116,0.0645310498446525,0.0013715474385040962,0.6800735254367722
34.69705604200135,12.308894891659744,6.949844710793244,-0.2438932218343588,0.5884991332704297,-0.6745342718680953,0.5945098718862161,7.3710771376301505,0.022715244726552116,0.0645310498446525,0.0013715474385040962,0.6800735254367722
34.703248010002426,12.29958091129777,6.969251747912885,-0.27941941085920796,0.5822111135892282,-0.6383034119552381,0.6249746969292957,7.354527825061702,0.023296103925148,0.05739418096840457,0.0033745170296820633,0.65
34.73505845099862,12.29958091129777,6.969251747912885,-0.27941941085920796,0.5822111135892282,-0.6348725584614214,0.6293620649665523,7.354527825061702,0.023296103925148,0.05739418096840457,0.0033745170296820633,0.65
34.836120154002856,12.28913358323567,6.988389765190684,-0.31341984186301197,0.574140518333958,-0.6348725584614214,0.6293620649665523,7.338544631683416,0.022097696051109113,0.05124893569080008,0.00018477391544816375,0.65
34.83879685300053,12.27760723129692,7.007206515676341,-0.3457905581624544,0.5645025145697186,-0.6573946046847496,0.6066171174634692,7.3231710900869595,0.021985736121870648,0.04609384544072908,0.000729450988905229,0.670820393249937
34.84114990100352,12.27760723129692,7.007206515676341,-0.3457905581624544,0.5645025145697186,-0.6903782204913119,0.6205853425694444,7.3231710900869595,0.021985736121870648,0.04609384544072908,0.000729450988905229,0.670820393249937
34.96105618299771,12.264960913074946,7.025757796786742,-0.3793895466592407,0.5565384333120391,-0.7042965249246722,0.6749295379750807,7.308369941393655,0.021172886447404185,0.04191840613966689,0.0016675578054436452,0.670820393249937
34.963388343996485,12.25126669597551,7.044009663506855,-0.4108265129830846,0.5475560016033765,-0.6768401437231258,0.6552932124829837,7.294163040273638,0.020880987887568644,0.03869566118661423,0.004392225345999558,0.670820393249937
34.97429815399664,12.236552678830229,7.062019733891448,-0.441420514358419,0.5403021115377988,-0.6886804842885027,0.6238419368569544,7.280494636005729,0.02135542939050991,0.03636499958994402,0.007651201865752405,0.651920240520265
35.07887602599658,12.22084434311359,7.079882470210081,-0.471250071499161,0.5358820895589949,-0.5944447786386143,0.5769696501110381,7.267274325004657,0.02148397767699421,0.034841608314882144,0.0031287848295769166,0.651920240520265
35.08108858399646,12.204207130422152,7.097538890245927,-0.4991163807431913,0.5296926010753755,-0.5867362216718005,0.5368499523527956,7.254549758459201,0.022448767569705826,0.034120919890216296,0.007144405753735917,0.651920240520265
35.08305010799813,12.186681218741315,7.114978038345341,-0.5257773504250896,0.5231744429824224,-0.5658780214531456,0.5107806351317459,7.2423283937912615,0.023752420836878278,0.03418227100700085,0.01127009507576263,0.6403124237432849
35.127364854000916,12.168340609024625,7.132244429954865,-0.5502182915007116,0.5179917482857228,-0.4716913038781039,0.439725932562243,7.230555005436192,0.02528148698304682,0.03494185791505203,0.014712347650073423,0.6403124237432849
35.21786740799871,12.168340609024625,7.132244429954865,-0.5502182915007116,0.5179917482857228,-0.4535520528429447,0.41169856852254216,7.230555005436192,0.02528148698304682,0.03494185791505203,0.005143964473759075,0.6403124237432849
35.22006099099963,12.129322093703964,7.166427423165901,-0.5975706637075062,0.5118534513396129,-0.4240581014322146,0.3918741505989184,7.208189792769692,0.029560603695790822,0.038361088389344565,0.0163239813759062,0.6363961030678928
35.33841153100366,12.129322093703964,7.166427423165901,-0.5975706637075062,0.5118534513396129,-0.39749513125991626,0.3264544296856171,7.208189792769692,0.029560603695790822,0.038361088389344565,0.0,0.6363961030678928
35.45495899100206,12.087579279653761,7.200235361351547,-0.6345015529130552,0.5052754877677388,-0.32274537433784234,0.3452198484742186,7.18725185480671,0.03483096930948555,0.04397189292104597,0.015688139422103307,0.6403124237432849
35.457150100002764,12.065959853802593,7.216939590672999,-0.6485827755350747,0.5011268796435675,-0.30815929923611646,0.31432459789431655,7.177314254983374,0.037486486768046154,0.04744746171807309,0.022056890358378708,0.6403124237432849
35.468879628999275,12.065959853802593,7.216939590672999,-0.6485827755350747,0.5011268796435675,-0.3023999866144038,0.2742012703776443,7.177314254983374,0.037486486768046154,0.04744746171807309,0.022056890358378708,0.6403124237432849
35.48756035399856,12.043888859919248,7.23345330502805,-0.6621298165003165,0.49541143065152066,-0.30244614411582843,0.21626144727381433,7.167779051742205,0.04054337916908858,0.051377051757479815,0.028196779266120083,0.6103277807866851
35.49842642300064,12.043888859919248,7.23345330502805,-0.6621298165003165,0.49541143065152066,-0.31599032682250683,0.20143808475809838,7.167779051742205,0.04054337916908858,0.051377051757479815,0.028196779266120083,0.6103277807866851
35.58100419599941,12.02137647696876,7.249721488214499,-0.6753714885146498,0.4880454955934856,-0.34176836287088264,0.20207526482265242,7.15870040157632,0.043058539877377754,0.05579236775371445,0.007710610944553004,0.6103277807866851
35.597482912002306,11.998807290949516,7.265599445191694,-0.6770755805772775,0.47633870931585737,-0.4604952486712707,0.13632661824110717,7.150107813462045,0.0459052933098473,0.06052378118381927,0.011336633983995599,0.6264982043070835
35.709974309000245,11.97635811578627,7.281019135862766,-0.6734752548973558,0.4625907201321686,-0.4849079495104836,0.11236357020283225,7.142013363041028,0.04779021103124247,0.06549437733648095,0.00029875487915123194,0.6264982043070835
35.71206974099914,11.954118266063698,7.295923766871928,-0.6671954916771852,0.4471389302748684,-0.5143890830820146,0.07517923136033036,7.134441940492596,0.04958007694822401,0.0706811602302205,0.0008984398557955206,0.6264982043070835
35.737966314001824,11.932084275638136,7.310299997800634,-0.6610197127668699,0.4312869278611897,-0.671123314358026,0.03983977159022545,7.1274037845348355,0.05009847286537649,0.07609601389914282,0.0016400421198419148,0.65
35.860566497001855,11.910654035673932,7.324071748524498,-0.6429071989260915,0.41315252171593336,-0.6979847424669962,0.019326927854702247,7.120845414742177,0.04971698953029663,0.08151138357463078,0.0023123356393365936,0.65
35.86264908500016,11.910654035673932,7.324071748524498,-0.6429071989260915,0.41315252171593336,-0.6669093628100088,-0.022223448219667985,7.120845414742177,0.04971698953029663,0.08151138357463078,0.0023123356393365936,0.65
35.874083586997585,11.889965999947796,7.337226861872016,-0.6206410717841161,0.3946534004255143,-0.6777191072958122,-0.030489730774162838,7.1147277389350725,0.0467926648858211,0.08683796407070364,0.002912717689621628,0.632455532033676
35.876288671999646,11.870137314790238,7.349733832044139,-0.5948605547267066,0.37520910516369366,-0.6728171700066803,-0.06948028434997816,7.1090351619006915,0.04226211409913798,0.07526627859698287,0.003572617058666784,0.632455532033676
35.964373877999606,11.851129726109823,7.361518300505483,-0.5702276604124519,0.3535340538403243,-0.7379196041501879,-0.09147746807592971,7.103840730422479,0.036395715308345795,0.06348181013563892,0.005569323577873108,0.6800735254367722
35.97262165400025,11.832789272117745,7.372551701594127,-0.550213619762342,0.331002032659342,-0.8737971883883171,-0.09593263080942083,7.099211582446916,0.029942951714220043,0.05244840904699455,0.00794013820019926,0.6670832032063168
36.08565569899656,11.81491106986424,7.3827880417328275,-0.5363460676051807,0.30709020416101873,-0.9419757638369894,-0.09684661900404823,7.095249672204389,0.02369096305679799,0.04221206890829432,9.467660746615346e-05,0.6670832032063168
36.09599370000069,11.797242268382105,7.392104233493231,-0.5300640444640422,0.27948575281210886,-0.9096773780754736,-0.10534956928717781,7.092147684929117,0.01708275253771854,0.032895877147891106,0.0021840876640985395,0.6576473218982953
36.097968467998726,11.797242268382105,7.392104233493231,-0.5300640444640422,0.27948575281210886,-0.8721907519985426,-0.14098756498330783,7.092147684929117,0.01708275253771854,0.032895877147891106,0.0021840876640985395,0.6576473218982953
36.12056424599723,11.797242268382105,7.392104233493231,-0.5300640444640422,0.27948575281210886,-0.9067231940675021,-0.1163600661209031,7.092147684929117,0.01708275253771854,0.032895877147891106,0.0021840876640985395,0.6576473218982953
36.213151440999354,11.77943937881571,7.400392933510925,-0.5340866869918481,0.2486610005308226,-0.8765267634346315,-0.11692687271111879,7.0901154039931935,0.011510573173568522,0.024607177130197222,0.004406349622700436,0.7071067811865476
36.216517927001405,11.761263171989285,7.407513922353673,-0.5452862047927233,0.21362966528245309,-0.9056103561145716,-0.14389962284370367,7.08936244313856,0.006435703594122142,0.017486188287448634,0.007592889658868145,0.7071067811865476
36.30827218399645,11.742593285635472,7.413428829129995,-0.5600965906143545,0.1774472032896473,-1.1127923017261596,-0.09342065154140367,7.089964770014081,0.0022710923140786712,0.011571281511127296,0.009497064174617906,0.70178344238091
36.34949939099897,11.723372288976579,7.418131567055491,-0.5766298997668043,0.14108213776491044,-1.1127923017261596,-0.09342065154140367,7.091947901104796,0.0006904379220051228,0.006868543585630604,0.004986374638298204,0.70178344238091
36.35152828999708,11.703643828920935,7.421637112500937,-0.5918538016692939,0.10516636336336514,-1.1431477560655445,-0.12567420960620068,7.095283909456586,0.003052633937856034,0.003362998140184814,0.006377086709040708,0.70178344238091
36.47684715100331,11.662208250582903,7.425275769110525,-0.6324807957425143,0.03837768726564335,-1.2491488678386529,-0.0461205591619559,7.1059673635578395,0.0045777186151987875,0.00027565846940280636,0.00238413096746269,0.7000000000000001
36.47895424399758,11.640400833466787,7.425530073825381,-0.6542225134835059,0.007629141445688572,-1.2428583212414461,-0.1334286075805856,7.113239547169791,0.004048297630303636,0.0005299631842587971,0.002249707693561425,0.7000000000000001
36.49197056599951,11.617924414147055,7.424842446924376,-0.6742925795919739,-0.02062880703014355,-1.2492453743291168,-0.043428040680008495,7.121687129625241,0.0026499426147029693,0.0001576637167461925,0.0011674594822908085,0.7000000000000001
36.51547436200053,11.594867008291558,7.423236931567048,-0.6917221756648909,-0.04816546071984974,-1.249012072020768,0.049687462668040416,7.131259101879295,0.0005288138648612592,0.0017631790740741948,0.0006883762804257822,0.7000000000000001
36.60218690000329,11.570997702639357,7.42089211636624,-0.7160791695660392,-0.07034445602425063,-1.249012072020768,0.049687462668040416,7.14187193537339,0.0023163747413907014,0.004107994274882287,0.0044064385987706255,0.7000000000000001
36.61553695100156,11.546252942799253,7.41778622208052,-0.7423427952030889,-0.09317682857159752,-1.2459259113383543,0.10083959269895476,7.1535728839495585,0.005766829074802152,0.007213888560602122,0.007454863781226501,0.7000000000000001
36.729691829998046,11.520342655266825,7.414252892504324,-0.7773086259728542,-0.10599988728586732,-1.2450829693702665,0.11076280686277484,7.166159808546179,0.00963708712158469,0.010747218136797798,0.004743561733142067,0.7000000000000001
36.74259385599726,11.493136233817973,7.410603590934775,-0.8161926434655802,-0.10947904708646314,-1.2435163013612784,0.12715033719486218,7.179398513319027,0.013522364715111063,0.014396519706346922,0.009663702768311848,0.7000000000000001
36.75222831699648,11.464617849101684,7.406977947861334,-0.8555515414886525,-0.1087692922032477,-1.2448575321837727,0.11326837407382312,7.193176160201272,0.01736180719682825,0.018022162779788076,0.014250978469680813,0.7000000000000001
36.85515454700362,11.434857110637784,7.403276925073342,-0.8928221539169725,-0.11103068363975355,-1.2442992446350152,0.11924508292056038,7.207571474704439,0.021223609193027206,0.021723185567779524,0.012822798436316613,0.7000000000000001
36.85715393099963,11.40395522302248,7.399399984161831,-0.9270566284591155,-0.11630822734533144,-1.2478423332242643,0.07341329180349257,7.222651729920129,0.025224821190272768,0.025600126479290886,0.018614737618289072,0.65
36.87012378699728,11.40395522302248,7.399399984161831,-0.9270566284591155,-0.11630822734533144,-1.2423692622491158,0.1379079991102276,7.222651729920129,0.025224821190272768,0.025600126479290886,0.018614737618289072,0.65
36.96913110699825,11.37203320157636,7.395750962795668,-0.9576606433836261,-0.10947064098490848,-1.242640902361688,0.13543850182916717,7.238007875524655,0.028977584942291627,0.029249147845454182,0.010700780550930128,0.65
36.97175773199706,11.339190614607947,7.392269630324865,-0.9852776090523838,-0.10443997412408303,-1.2129870282589241,0.09932089858700019,7.253669083624574,0.032527732271280994,0.032730480316256916,0.01964518947361061,0.65
36.989626814000076,11.305542210347387,7.389007450758612,-1.0094521278167976,-0.09786538698757238,-1.0751509263952796,0.16434242447994193,7.269553998294778,0.03584508098406233,0.03599265988250977,0.02688155096167085,0.65
37.01961092899728,11.27119572342088,7.386047537174348,-1.0303946077951949,-0.08879740752792735,-1.043547067642711,0.1758174780766781,7.285553603417859,0.03884795686156838,0.03895257346677372,0.0325650020947228,0.65
37.10946947999764,11.236235385474656,7.38326079304091,-1.048810138386731,-0.08360232400313838,-1.052502713245793,0.20397041589443154,7.301762344921184,0.04166310381810359,0.041739317600211656,0.02793158640572955,0.65
37.13481240699912,11.200737315449855,7.3804812866874,-1.06494210074401,-0.08338519060530489,-1.1257546911896559,0.2086450623519961,7.318309630822075,0.04446401824173189,0.0445188239537222,0.0344182352922811,0.65
37.2333824870002,11.164753770971043,7.377674581355411,-1.0795063343643536,-0.0842011599596672,-1.159527672995789,0.21106157895431607,7.335211616523675,0.047286968933673415,0.0473255292857111,0.016280399747307363,0.65
37.23559160900186,11.128336774548464,7.374712369747042,-1.0925098926773815,-0.08886634825106968,-1.1321126209084331,0.1737534971730027,7.352569349223064,0.05026064119724528,0.05028774089408028,0.02921162326062382,0.65
37.35774834200129,11.091473645162605,7.371724383415359,-1.1058938815757864,-0.08963958995045596,-0.8191019764090588,0.21711558619184224,7.370272966483576,0.053256236214041415,0.05327572722576246,0.015597911479456564,0.65
37.36839063699881,11.091473645162605,7.371724383415359,-1.1058938815757864,-0.08963958995045596,-0.8191019764090588,0.21711558619184224,7.370272966483576,0.053256236214041415,0.05327572722576246,0.015597911479456564,0.65
37.48116441699676,11.05418676658042,7.368607012458256,-1.118606357465553,-0.09352112871310765,-0.7506989425194075,0.22065170499428402,7.388411859499983,0.056379351251588265,0.0563930981828662,0.0154889228674204,0.65
37.49090587400133,11.016506941571897,7.365264459895877,-1.1303947502556766,-0.10027657687136243,-0.584562357790996,0.2515376730400336,7.407063671693113,0.05972607207060497,0.05973565074524512,0.03011416723495078,0.65
37.53015797700209,10.97860401256965,7.361848827095401,-1.1370878700674718,-0.10246898401426349,-0.6504886335479593,0.26580816071355784,7.426021420603492,0.06314452526935506,0.06315128354572064,0.04201920483997079,0.65
37.60818092300178,10.94064557830051,7.3584337162742495,-1.138753028074193,-0.10245332463455577,-0.6145941456204337,0.2679987543171523,7.445148508913703,0.06656143904192889,0.0665663943668724,0.04857188888482467,0.65
37.6101217989999,10.902743940612224,7.354985717245659,-1.1370491306485693,-0.10343997085769246,-0.5917476890223918,0.2505528902097735,7.464426567650853,0.0700106963566664,0.07001439339546245,0.05790694923781898,0.65
37.758854382998834,10.864858254918294,7.351802001491227,-1.1365705708179048,-0.09551147263298786,-0.650899101647057,0.2985968727138585,7.483603299069781,0.07319522420384594,0.073198109149895,0.02299457057553291,0.65
37.76178024300316,10.827085117484181,7.349053033884229,-1.1331941230234286,-0.08246902820993188,-0.6267948395190894,0.27907537386033815,7.502483373357202,0.07594461948315837,0.0759470767568926,0.04210703818867529,0.6000000000000001
37.76408169599745,10.827085117484181,7.349053033884229,-1.1331941230234286,-0.08246902820993188,-0.5919227890644498,0.2814146433596587,7.502483373357202,0.07594461948315837,0.0759470767568926,0.04210703818867529,0.6000000000000001
37.76597631599725,10.789785231922858,7.3466428281392915,-1.1189965668396786,-0.07230617234814057,-0.5582852746590224,0.28352556594999356,7.5209942761258946,0.0783548517767721,0.07835728250183038,0.05570940845445828,0.6000000000000001
37.8606111659974,10.753245336355999,7.344519725988842,-1.0961968670057531,-0.06369306451346063,-0.5170205527650323,0.2986698435326476,7.539050371975023,0.08047771245086274,0.08048038465227947,0.03283132600166183,0.6000000000000001
37.87194489099784,10.717625909675679,7.3426766740160385,-1.068582800409598,-0.05529155918411697,-0.5598362344512959,0.28108161887905103,7.556578128940653,0.08232026516102955,0.08232343662508335,0.04795359517679881,0.6000000000000001
37.873840371998085,10.717625909675679,7.3426766740160385,-1.068582800409598,-0.05529155918411697,-0.5943252949020266,0.27756060154477347,7.556578128940653,0.08232026516102955,0.08232343662508335,0.04795359517679881,0.6000000000000001
37.96875057199941,10.682969625402368,7.341105672004003,-1.03968852819934,-0.04713006036104547,-0.6837647728005678,0.28903464542135493,7.5735559097387855,0.08389040183689764,0.08389443863711854,0.01707280405623544,0.6000000000000001
37.97074335400248,10.649347132323538,7.339862507359775,-1.0086747923649173,-0.037294939326865395,-0.6498886543398892,0.2903138204840506,7.589892234584353,0.08513222550126227,0.08513760328134712,0.033082188314597256,0.6000000000000001
38.09285183800239,10.616745380129942,7.339042083493751,-0.9780525658078716,-0.024612715980713018,-0.608493431710434,0.2897467856903848,7.605498977425125,0.08595095240310945,0.08595802714737122,0.013440370180984089,0.6000000000000001
38.10454037100135,10.616745380129942,7.339042083493751,-0.9780525658078716,-0.024612715980713018,-0.710255146193699,0.29253191545527457,7.605498977425125,0.08595095240310945,0.08595802714737122,0.013440370180984089,0.6000000000000001
38.21197480199771,10.585215723950427,7.3387257232879906,-0.9458896853854684,-0.00949080617280194,-0.7665931806825086,0.2908888762061504,7.6202715405747075,0.08626497115267874,0.08627438735313131,0.015254480736393686,0.6000000000000001
38.21445700999902,10.585215723950427,7.3387257232879906,-0.9458896853854684,-0.00949080617280194,-0.7419422005935713,0.2662814764633258,7.6202715405747075,0.08626497115267874,0.08627438735313131,0.015254480736393686,0.6000000000000001
38.23522524299915,10.554637317983797,7.338855834746892,-0.9173521789988853,0.00390334376702511,-0.5971977253056745,0.27843088346218803,7.634308545662093,0.08613163650095366,0.08614427589423013,0.029560745048731803,0.6000000000000001
38.33304639400012,10.52509996925049,7.339427532572578,-0.8861204619992084,0.017150934770575818,-0.5842160980352413,0.2547773421984828,7.647564992675155,0.0855563642837156,0.08557257806854413,0.014699009569258308,0.6000000000000001
38.346065272002306,10.49674001819305,7.34045398597096,-0.8507985317232194,0.030793601951477206,-0.5589210070794925,0.23725875605272945,7.659957233057329,0.08452437425191298,0.08454612467016176,0.02825003200326132,0.6000000000000001
38.3490457279986,10.49674001819305,7.34045398597096,-0.8507985317232194,0.030793601951477206,-0.5328496338209281,0.22146666113460678,7.659957233057329,0.08452437425191298,0.08454612467016176,0.02825003200326132,0.6000000000000001
38.452423028997146,10.442638639055291,7.343733107851669,-0.8021841611352196,0.055419518206037174,-0.552554684490571,0.22088792151330044,7.682671048695954,0.0812308198433338,0.08126700278945265,0.018157585972868817,0.6000000000000001
38.45679966700118,10.442638639055291,7.343733107851669,-0.8021841611352196,0.055419518206037174,-0.6547189990345492,0.21529973290439391,7.682671048695954,0.0812308198433338,0.08126700278945265,0.018157585972868817,0.6000000000000001
38.56711593599903,10.416625640045842,7.345979226672675,-0.7803899702834802,0.06738356463016629,-0.7226461632219655,0.2115666464869267,7.693116616957313,0.07897491085697066,0.07902088396844675,0.007892836344894771,0.6000000000000001
38.578787908001686,10.416625640045842,7.345979226672675,-0.7803899702834802,0.06738356463016629,-0.7644222876789181,0.18565041527455106,7.693116616957313,0.07897491085697066,0.07902088396844675,0.007892836344894771,0.6000000000000001
38.58167645899812,10.391168848696871,7.348547203446098,-0.7637037404691367,0.07703930320270336,-0.7899063077979329,0.20759339518072611,7.7030866133629825,0.07639406128097821,0.07645290719502373,0.015275255570624134,0.6000000000000001
38.654861262999475,10.365901128448394,7.351353537189974,-0.7580316074543321,0.0841900123162658,-0.9248319434833862,0.18686696267218506,7.71282849948845,0.07357214442260654,0.073646573451148,0.022218838431933882,0.65
38.69638954399852,10.340636242805411,7.35430216496649,-0.7579465692894988,0.08845883329548271,-0.9552101527431966,0.17163615930927967,7.722516114614717,0.07060299273594954,0.07069794567463195,0.012833283976472279,0.65
38.72572287500225,10.315465376085557,7.357380041419814,-0.7551260015956387,0.09233629359973723,-0.9687985549977658,0.12687412406012427,7.732116542412633,0.06749993742778695,0.06762006922130759,0.018982763080057898,0.65
38.810804517997894,10.290655237941834,7.360493815642556,-0.744304144311685,0.09341322668224925,-0.9560288507424879,0.10064746676432607,7.741579368915119,0.06435379326489327,0.06450629499856575,0.015862579067964736,0.65
38.81266980300279,10.266357992057216,7.363551770780598,-0.7289173765385291,0.09173865414124026,-0.9239350403589139,0.07258463463251158,7.750906127029071,0.06125721891353779,0.061448339860524115,0.021949400606411196,0.65
38.83559039299871,10.242454794031245,7.366491228148146,-0.7170959407791447,0.0881837210264323,-0.7881198059819443,0.08148099475274789,7.760205886231266,0.058267678233101666,0.058508882492976255,0.026155466704262966,0.65
38.92728664400056,10.218887087648138,7.3693320699458145,-0.7070311914932125,0.08522525393005322,-0.8034508803974408,0.06919998238088604,7.769486998707459,0.055369495008781404,0.0556680406953074,0.01578413612983872,0.65
38.929828572996485,10.19544644033903,7.3720039837489875,-0.7032194192732673,0.08015741409520237,-0.7687384566345393,0.0716160589926379,7.77891180660577,0.05261871181931665,0.0529961268921344,0.020833961665535465,0.65
38.940314362997015,10.171925949322915,7.374481321325365,-0.7056147304834178,0.07432012729131927,-0.7024953969974872,0.06429071767866684,7.788604961403813,0.05005550126031041,0.05051878931575704,0.025147389029002196,0.65
38.96563709899783,10.148256508596084,7.376720222515845,-0.7100832218049342,0.06716703571438545,-0.7158136627557289,0.04374505651889421,7.798638829191963,0.04768871381028877,0.04827988812527728,0.027807493716949964,0.65
39.0478886139972,10.124171818943433,7.378689778821014,-0.7225406895795504,0.059086689155086414,-0.6919107192719467,0.03325952867441162,7.809175424755719,0.045585214148603864,0.046310331820107464,0.01308176394540727,0.65
39.084811713997624,10.099601197226182,7.380342385425993,-0.7371186515175129,0.04957819814936968,-0.6868064069594295,0.0237116421408535,7.820293411268954,0.043719420270802195,0.044657725215128785,0.017699674408247466,0.65
39.16876142899855,10.074696874120399,7.3817033470608004,-0.7471296931734961,0.04082884904421355,-0.6628420177052392,-0.00023773001776924985,7.831894737042252,0.04213814625389473,0.04329676358032142,0.012602728845083422,0.65
39.18098660599935,10.04951741337411,7.382731921430718,-0.7553838223886815,0.030857231097519873,-0.6323856863023809,-0.03633645618229761,7.843984932668178,0.04075872420345763,0.04226818921040376,0.01676852135993096,0.65
39.182930707997,10.04951741337411,7.382731921430718,-0.7553838223886815,0.030857231097519873,-0.6063529969883867,-0.05871903119836108,7.843984932668178,0.04075872420345763,0.04226818921040376,0.01676852135993096,0.65
39.21081653099827,10.02437841482025,7.383483515486306,-0.7541699566157808,0.02254782166764307,-0.5646071268356028,-0.11660118821230231,7.856353161125542,0.03964518427067296,0.04151659515481576,0.02074127196290395,0.65
39.290517490997445,10.02437841482025,7.383483515486306,-0.7541699566157808,0.02254782166764307,-0.6421189367852651,-0.18329646886468676,7.856353161125542,0.03964518427067296,0.04151659515481576,0.002463860333294263,0.65
39.33808435899846,9.999318992847932,7.383954299655764,-0.7517826591694973,0.014123525083746973,-0.7306077615476569,-0.2322167584914996,7.868980529365286,0.03861363040515781,0.041045810985357534,0.0046421385913460725,0.65
39.44427371300117,9.974353832284592,7.384116247290711,-0.7489548169002056,0.004858429048414954,-0.7454946623890747,-0.26230801632573686,7.8818811765396095,0.03786841426920054,0.04088386335041072,0.004969622292185885,0.65
39.44621988799918,9.949588574008631,7.383980366427483,-0.7429577482788252,-0.004076425896825279,-0.7500696587762229,-0.29094856065904856,7.894987949549463,0.037114199232516916,0.04101974421363863,0.006513183378526689,0.65
39.46495742999832,9.925013903003874,7.3835350647171,-0.7372401301427233,-0.013359051311479157,-0.6818966484574197,-0.29137278854506454,7.908312723773363,0.036636968427129026,0.04146504592402156,0.007733156427041857,0.65
39.53784692699992,9.900668603401412,7.38276029677522,-0.7303589880738717,-0.0232430382564067,-0.6504692773789729,-0.305065740060022,7.9218491155182935,0.03600630725234812,0.04223981386590214,0.003964832161386094,0.65
39.66052959499939,9.876561699695824,7.381656006801474,-0.7232071111676648,-0.03312869921238781,-0.5370006508844143,-0.36089091189558486,7.935589271593065,0.03567410748878689,0.04334410383964826,0.0023275832353160824,0.651920240520265
39.67156575000263,9.876561699695824,7.381656006801474,-0.7232071111676648,-0.03312869921238781,-0.530007214766617,-0.3741086941722788,7.935589271593065,0.03567410748878689,0.04334410383964826,0.0023275832353160824,0.651920240520265
39.6734360440023,9.852689958468595,7.380206389735239,-0.7161522368168448,-0.043488511987025386,-0.5237563142247997,-0.38468591830332005,7.949545191609934,0.0349108499538,0.04479372090588285,0.0041406924773434986,0.651920240520265
39.67778457100212,9.829301981973371,7.378242301817698,-0.701639294856724,-0.05892263752623799,-0.5266125558660993,-0.4268057407840442,7.96372325701048,0.03469879134249525,0.04675780882342373,0.005029222068207809,0.6576473218982953
39.77846630300337,9.806324206793315,7.375646966831797,-0.6893332554017058,-0.07786004957700793,-0.5232179501589332,-0.4597000141708668,7.978256421790882,0.03387400219464181,0.04935314380932443,0.002814186511357336,0.6576473218982953
39.78106466600002,9.783609842318228,7.372222670825204,-0.6814309342526131,-0.10272888019780597,-0.5151026870713735,-0.4839604483827359,7.993385502044201,0.033907975056634856,0.05277743981591776,0.0029372048939424085,0.6670832032063168
39.79139045500051,9.76108750404226,7.36790570589683,-0.6756701482790144,-0.12950894785120926,-0.5052020095516864,-0.5170073117533065,8.00919816412821,0.03300303780422537,0.057094404744291616,0.0023228590227066612,0.6670832032063168
39.803903063999314,9.76108750404226,7.36790570589683,-0.6756701482790144,-0.12950894785120926,-0.5289765349317618,-0.5544527998815376,8.00919816412821,0.03300303780422537,0.057094404744291616,0.0023228590227066612,0.6670832032063168
39.901966896002705,9.738711059435737,7.362701774736711,-0.6712933381956991,-0.15611793480358374,-0.5261169271521756,-0.5615775022657018,8.025710473174572,0.03283948929924742,0.06229833590441114,0.00046997640144490194,0.6800735254367722
39.904050195997115,9.716565721213842,7.3566132935015505,-0.6643601466568272,-0.18265443705481343,-0.5116123418641308,-0.5637008072213429,8.042870156220198,0.0309839273895314,0.0683868171395714,0.001821930146592403,0.6800735254367722
39.91737844100135,9.694828352457016,7.349630229604395,-0.6521210627047869,-0.20949191691465077,-0.4914328285649625,-0.5627157942422958,8.060584921789943,0.029658567106113594,0.06731521451771627,0.002611313146524499,0.65
40.01456394200068,9.694828352457016,7.349630229604395,-0.6521210627047869,-0.20949191691465077,-0.5052444375332177,-0.5946369099383265,8.060584921789943,0.029658567106113594,0.06731521451771627,0.001115484679654388,0.65
40.01655897800083,9.673655837697856,7.3417639648575985,-0.6351754427747743,-0.2359879424039145,-0.5090541729162887,-0.5783646950777357,8.07875466577885,0.026241921907484374,0.05790627490180966,0.003230320765706612,0.65
40.137946887996804,9.65307258223786,7.333062317093734,-0.6174976637998986,-0.2610494329159373,-0.5111038648586701,-0.5874040643132922,8.09732110411718,0.022732962417388747,0.049504709528476215,0.0018796814180896287,0.65
40.13997756999743,9.633109788403656,7.323540824235731,-0.5988838150260737,-0.28564478574011387,-0.5000325321364961,-0.603031118723298,8.116249572509151,0.01963951392735854,0.04212159480379635,0.0027449391651415407,0.670820393249937
40.141519265998795,9.613789973615301,7.313170009373363,-0.5795944436506391,-0.3111244458710281,-0.5210024320029907,-0.6298178552870064,8.135548028406184,0.01599051001820808,0.035793696271292655,0.002908642232941585,0.670820393249937
40.26567215900286,9.595053565145456,7.30192476716962,-0.5620922540953721,-0.3373572661122938,-0.644137705190973,-0.7478957492575862,8.155266350777913,0.01339000510808216,0.030496641805535928,0.0006273897039286753,0.6946221994724903
40.268053810999845,9.576832346131592,7.289758247737765,-0.5466365704159177,-0.3649955829556318,-0.6617695643747927,-0.7771011589730317,8.17547786672175,0.011200149776222551,0.026215322673050014,5.6279864250222814e-05,0.651920240520265
40.28809134999756,9.559112091584906,7.276660050020124,-0.5316076364005725,-0.3929459315292593,-0.6608160243800534,-0.806549271390308,8.19619613416991,0.009349858859466854,0.022947034946202753,6.13074681256947e-05,0.651920240520265
40.29790421800135,9.559112091584906,7.276660050020124,-0.5316076364005725,-0.3929459315292593,-0.629248492543042,-0.8296925345298727,8.19619613416991,0.009349858859466854,0.022947034946202753,6.13074681256947e-05,0.651920240520265
40.41272031400149,9.525178203830883,7.247918877371467,-0.5021010334933299,-0.44389733588915875,-0.5674701121451402,-0.7039557882663787,8.238932587282548,0.00802258412323108,0.019275230882428555,0.0026857729815637325,0.6403124237432849
40.5044668240007,9.508847930665683,7.232328375932476,-0.48990819495603216,-0.46771504316974644,-0.5350540430524409,-0.6480269546461099,8.260967913009651,0.008026756883236142,0.01875213327829579,0.005141441222835805,0.6403124237432849
40.542912960998365,9.492933443682544,7.21598361296949,-0.4774346094941536,-0.4903428888896002,-0.4979983791741757,-0.5161560494759301,8.28340170891424,0.008863642116723129,0.019056384341427694,0.011143799630538161,0.6726812023536856
40.623977989002015,9.4774497867081,7.19893989911462,-0.4645097092333136,-0.5113114156460826,-0.4875451909609495,-0.48468701202703623,8.306178482938897,0.009951595496210027,0.02015951114061313,0.005949355897240803,0.6363961030678928
40.62660828100343,9.4774497867081,7.19893989911462,-0.4645097092333136,-0.5113114156460826,-0.4674994208635734,-0.5349737249880605,8.306178482938897,0.009951595496210027,0.02015951114061313,0.005949355897240803,0.6363961030678928
40.65256301200134,9.462191394244876,7.181102058412003,-0.4577517738967296,-0.535135221078499,-0.4680405094739717,-0.6230763108564137,8.329490824157675,0.01150658656348736,0.021983456482408282,0.009148276596880174,0.6363961030678928
40.750388344000385,9.44701312554095,7.162333224786497,-0.45534806111778653,-0.5630650087651826,-0.4396225645639308,-0.6319894562933592,8.353532614276999,0.013769586482301843,0.024522369286747215,0.008017701772370283,0.6726812023536856
40.752700035998714,9.431780168948164,7.142577890401571,-0.4569886977835751,-0.5926600315477754,-0.41080894919637356,-0.6162990103446453,8.378424601448334,0.01581951919990373,0.027720173290657752,0.012548252522290993,0.6403124237432849
40.869127026999195,9.416506320807047,7.121804340914791,-0.45821544423351135,-0.6232064846034262,-0.3521549857479356,-0.596824788688439,8.40418513001207,0.018441043867396634,0.0316090494066767,0.01131539561255374,0.6403124237432849
40.8711189980022,9.401201205816847,7.100098821082362,-0.4591534497059827,-0.6511655949728518,-0.33889409330356535,-0.5756373652370916,8.430737015399638,0.0211116891103489,0.03613481907295559,0.017709496605375186,0.6403124237432849
40.9077811850002,9.386019022300268,7.077800429820543,-0.4554655054973602,-0.6689517378545793,-0.3395838824453737,-0.433509531228356,8.45771266132537,0.023417457499307143,0.04116673782594736,0.023397880290072122,0.651920240520265
40.98949511899991,9.371020518688493,7.055111004839478,-0.44995510835323527,-0.6806827494319261,-0.3136791520908686,-0.3722970742399879,8.484910599929682,0.02584856232166964,0.046605040479744494,0.02410660595343363,0.651920240520265
40.991655550998985,9.371020518688493,7.055111004839478,-0.44995510835323527,-0.6806827494319261,-0.2840221652296895,-0.3509456056735014,8.484910599929682,0.02584856232166964,0.046605040479744494,0.02410660595343363,0.651920240520265
41.031179370002064,9.356243514845406,7.032207800657541,-0.4433101152925738,-0.6870961254581239,-0.20556688764571404,-0.28627878154888536,8.512162602037884,0.02654302184867941,0.05235113184462656,0.030987061156603275,0.6264982043070835
41.10561505200167,9.341748150344849,7.009308652348055,-0.4348609350167415,-0.686974449284579,-0.1991806717806399,-0.3188863316970059,8.539254326486173,0.02732064335585539,0.058293504363545516,0.00958031555506359,0.670820393249937
41.25382062300196,9.327587309890413,6.986469526172666,-0.4248252136330787,-0.6851737852616585,-0.1530868894172008,-0.4521032569621045,8.566109892290033,0.024395344268479426,0.05258717168214311,0.006185178998333308,0.65
41.268416100996546,9.31385889199271,6.963608627461817,-0.4118525369310797,-0.6858269613254575,-0.12167954023927761,-0.3991705165245337,8.59274278259245,0.021696649248424144,0.03885875378444048,0.012690981198930968,0.65
41.34979010600364,9.287989036360578,6.917827025319903,-0.3790691334460517,-0.6862342076106289,-0.10423208012362667,-0.5212392266727015,8.645175426352617,0.014036001675294622,0.0148379419512707,0.007464545424799966,0.6800735254367722
41.39064390199928,9.275907006107271,6.895295034966121,-0.36246090759920685,-0.6759597106134523,-0.08934998175187928,-0.5505412911985376,8.670619749874211,0.010803160549989014,0.02164590761812101,0.010124250067963709,0.6670832032063168
41.46704536100151,9.26435991786283,6.873227185869077,-0.346412647333241,-0.6620354729112855,-0.055727263814386,-0.5843495710088342,8.695381550629813,0.007904088169957706,0.029085208960237776,0.012320412760506263,0.6670832032063168
41.48065478300123,9.253506526400335,6.851976174504197,-0.3256017438748802,-0.6375303409464014,-0.0010220517623117376,-0.695296474153019,8.71907955948327,0.002383280392056134,0.02850638893712265,0.01432190177207576,0.6670832032063168
41.50771318899933,9.253506526400335,6.851976174504197,-0.3256017438748802,-0.6375303409464014,0.012194757539620682,-0.7261149962182034,8.71907955948327,0.002383280392056134,0.02850638893712265,0.01432190177207576,0.6670832032063168
41.595310604003316,9.243394808405007,6.831419570746153,-0.3033515398598059,-0.6166981127413288,0.02867275304211031,-0.7591812312581145,8.741789029915985,0.0026952258022087316,0.018394670941795255,0.0009524470004258307,0.7071067811865476
41.59725262100255,9.234031862195362,6.811363045794335,-0.2808883862893797,-0.6016957485545593,0.07079318329882961,-0.7843937861260697,8.763667871864062,0.008478851280717377,0.009031724732150082,0.0023232646658767468,0.7071067811865476
41.60389500600286,9.234031862195362,6.811363045794335,-0.2808883862893797,-0.6016957485545593,0.06335713687303779,-0.8399516065498117,8.763667871864062,0.008478851280717377,0.009031724732150082,0.0023232646658767468,0.7071067811865476
41.725986120000016,9.225438030251789,6.791840633615668,-0.25781495830719037,-0.5856723653600073,0.059292604960099804,-0.8585423394968648,8.784676870630278,0.01412070736765201,0.0004378927885770878,0.0009846566411086742,0.70178344238091
41.738696997999796,9.217596463543035,6.772807319525532,-0.23524700126263293,-0.5709994227040809,0.08521915954312637,-0.8541171401529917,8.804863251045191,0.01933280062020757,0.007403673920176601,0.0024255869279373545,0.70178344238091
41.74071840199758,9.21050116591756,6.754286778898267,-0.21285892876428555,-0.5556162188179319,0.08484768099983186,-0.8529402092906712,8.824211102141785,0.024698609428714213,0.014498971545652495,0.00226512365328708,0.70178344238091
41.76587267099967,9.204174298804428,6.736030067537839,-0.18980601339394357,-0.5477013408128419,0.049349597427084724,-0.9267798108733915,8.842915947960485,0.029323440510267605,0.020825838658783624,0.001386714133112318,0.7000000000000001
41.842062082003395,9.198600145842553,6.718000573361285,-0.1672245888562546,-0.5408848252966204,0.050361264416598994,-0.9618631843062262,8.861017778180392,0.03354633327121476,0.02639999162065898,0.000362469904070338,0.75
41.84896109699912,9.193832910820909,6.699845091695176,-0.14301705064929793,-0.544664449983272,0.05032338230774261,-1.0625427054006862,8.878781908226602,0.03726588585867829,0.031167226642303092,0.0009928325840074961,0.75
41.884189162999974,9.189874763885765,6.681513080951566,-0.11874440805433999,-0.5499603223082796,0.04957492915954184,-1.1304231818891408,8.896250783471574,0.04016756781278676,0.03512537357744705,0.0015537778086914115,0.75
41.957105415000115,9.186872512890188,6.662755836469719,-0.09006752986731802,-0.5627173344554026,0.046695478751979796,-1.1647020613277277,8.913552740213028,0.042396934235713925,0.038127624573023766,0.001907255674836309,0.75
41.9823151610035,9.184872667502779,6.643444634451016,-0.05999536162229065,-0.5793360605610965,0.023738340129123264,-1.2217819213318708,8.930772341413624,0.04370617977193198,0.04012746996043326,0.0016942297532556328,0.75
42.075097161003214,9.183847846353444,6.62346602499993,-0.03074463448002717,-0.5993582835325778,0.0013242373611495606,-1.230728543453163,8.948022813847427,0.044054701131898494,0.0411522911097677,0.0008491993414170622,0.75
42.07724304599833,9.183798227104095,6.602819490507067,-0.0014885774805045056,-0.6193960347858749,0.04098225899288589,-1.2025474674404382,8.965308442197934,0.0436452416880968,0.04120191035911702,0.0022624891468306855,0.75
42.10966018400359,9.18459933697064,6.581465598313251,0.024033295996355973,-0.6406167658144952,-0.05466477949916734,-1.2048791037991124,8.982734729883578,0.04236953566316109,0.040400800492571776,0.004323951188900657,0.75
42.19276276700111,9.186148649816198,6.559420656976134,0.04647938536672798,-0.661348240113513,-0.05466477949916734,-1.2048791037991124,9.000348433263092,0.040467140569157824,0.03885148764701363,0.0030644755152289776,0.75
42.19484710800316,9.18837153736925,6.536656679273217,0.06668662659154492,-0.6829193310875064,-0.036288160153192445,-1.227313005219709,9.018218024760044,0.0379292517442708,0.036628600093962405,0.006850465048520306,0.75
42.216695297000115,9.191297043811396,6.513087086327734,0.08776519326437127,-0.7070877883644908,-0.12013671582998706,-1.24421347425174,9.036404831111858,0.034741882520353866,0.03370309365181612,0.011006449033646922,0.75
42.31399743499787,9.194720705777561,6.4883783690109595,0.10270985898496329,-0.741261519503229,-0.13581833039810334,-1.2425994451664106,9.055305009090949,0.031105283486727954,0.030279431685650948,0.01078011994400405,0.75
42.32610340099927,9.194720705777561,6.4883783690109595,0.10270985898496329,-0.741261519503229,-0.09330332020861681,-1.2465129323188142,9.055305009090949,0.031105283486727954,0.030279431685650948,0.01078011994400405,0.75
42.35140012299962,9.198666470756105,6.46244422254574,0.1183729493563065,-0.778024393956586,-0.13387953065905578,-1.2428098290850902,9.074983670432434,0.026977476250700336,0.026333666707106573,0.016490709896141733,0.75
42.434078765996674,9.203056471391497,6.435244766842377,0.13170001906173892,-0.8159836711008652,-0.13387953065905578,-1.2428098290850902,9.09552245374601,0.022441482903851073,0.021943666071715384,0.015377393089636213,0.7000000000000001
42.435836743003165,9.203056471391497,6.435244766842377,0.13170001906173892,-0.8159836711008652,-0.10213384323908437,-1.2458204838841005,9.09552245374601,0.022441482903851073,0.021943666071715384,0.015377393089636213,0.7000000000000001
42.446246728002734,9.20762167967236,6.406797936198748,0.13695624842593473,-0.8534049193088675,-0.16625687368724126,-1.238894124593278,9.11705674127828,0.01776060965863651,0.017378457790851343,0.022568685044324667,0.7000000000000001
42.47652683700289,9.20762167967236,6.406797936198748,0.13695624842593473,-0.8534049193088675,-0.17957706872291473,-1.237033579329553,9.11705674127828,0.01776060965863651,0.017378457790851343,0.022568685044324667,0.7000000000000001
42.5540532399973,9.212236143474762,6.377198270182678,0.13843391407204997,-0.8879899804820967,-0.17933087160824102,-1.2370692941336103,9.139578878439853,0.01304719009289226,0.012763993988450295,0.020131966653480226,0.7000000000000001
42.57773713499773,9.216980601977664,6.346557855140085,0.1423337550870331,-0.9192124512778082,-0.2172623092263926,-1.2309740407456264,9.16295495651661,0.00823619885844668,0.008019535485548346,0.028663044212399385,0.7000000000000001
42.67344494000281,9.221764336299422,6.314923996926268,0.14351202965278148,-0.9490157464144999,-0.23214913205670135,-1.2282535489406576,9.187197154967052,0.003394510743609796,0.003235801163789631,0.025183603202135876,0.7000000000000001
42.68191501600086,9.226495584223478,6.2823705099084615,0.14193743772169615,-0.9766046105341939,-0.23932321073870755,-1.1292392393184016,9.212294835432816,0.0013789633676045316,0.0014954467602663613,0.035400249076339686,0.7000000000000001
42.724918840998725,9.230985776435922,6.249005469137659,0.13470576637329335,-1.000951223124084,-0.2540564454382576,-1.0614396688703116,9.238258203411489,0.005899731960661696,0.0059856389727102055,0.04419429630912267,0.7000000000000001
42.797003537998535,9.235240287035714,6.214929084540857,0.12763531799375036,-1.0222915379040638,-0.2540564454382576,-1.0614396688703116,9.265000291780893,0.010178730929745524,0.010240149572501522,0.042413790499762995,0.7000000000000001
42.80095556999731,9.239286990364185,6.180227983637579,0.12140109985414549,-1.0410330270983308,-0.27318886560815997,-0.9295712704012467,9.292433467784429,0.014242938971865841,0.014286852900973201,0.05140562008764651,0.7000000000000001
42.84661179900286,9.243121209201625,6.144965994065731,0.11502656512318997,-1.057859687155422,-0.28057925100974734,-0.8618069846571714,9.320506296552656,0.018089280520063467,0.018121071738413264,0.059002441172978884,0.7000000000000001
42.927941373003705,9.246879049034058,6.109198544688997,0.11273519497298849,-1.0730234813020245,-0.3041180288350219,-0.7978303339816799,9.349101072451031,0.0218565755457263,0.021878911570846427,0.036742470191562085,0.7000000000000001
42.943071221001446,9.246879049034058,6.109198544688997,0.11273519497298849,-1.0730234813020245,-0.28991277906276525,-0.7769025165113532,9.349101072451031,0.0218565755457263,0.021878911570846427,0.036742470191562085,0.7000000000000001
43.06469061200187,9.250572095318883,6.072950771100616,0.1107913885447516,-1.0874332076514346,-0.37081553447991855,-0.6794471919403808,9.378191207576974,0.025556701923226722,0.025571957855671457,0.022480873534628912,0.65
43.08090833500319,9.257988334959826,5.999074058094326,0.11114115164086744,-1.1151377087586576,-0.4109202757292999,-0.48358879831876006,9.437694532067958,0.032981354785384435,0.03298819749661419,0.059765107444242245,0.65
43.1629125890031,9.261560905311635,5.961446135395588,0.10717711055426556,-1.1288376809621607,-0.4424997015789447,-0.4706149337585568,9.468186303620993,0.03655690399393499,0.03656076784842277,0.05369711999587735,0.65
43.16574657899764,9.261560905311635,5.961446135395588,0.10717711055426556,-1.1288376809621607,-0.39516084792264317,-0.49770302979406517,9.468186303620993,0.03655690399393499,0.03656076784842277,0.05369711999587735,0.65
43.183308182000474,9.265078563543085,5.923452769697929,0.10552974694348377,-1.1398009709297752,-0.3463558117956662,-0.5616359737375534,9.499073107733778,0.04007703466330568,0.040078426079873,0.067173971503115,0.65
43.28988023800048,9.2713573211237,5.84729086933362,0.09000551156492843,-1.1416358430963804,-0.3306214142510921,-0.6630202525074861,9.561537434725125,0.04636045239993078,0.04635718366048813,0.06228161103317311,0.65
43.29169337700296,9.2713573211237,5.84729086933362,0.09000551156492843,-1.1416358430963804,-0.2876016885237054,-0.6483631813896379,9.561537434725125,0.04636045239993078,0.04635718366048813,0.06228161103317311,0.65
43.41588567400322,9.276660742631105,5.771785300563055,0.07639427172195032,-1.128592809435583,-0.32841595392883965,-0.4938680782231989,9.624123943071053,0.05167011635764092,0.051660605167892726,0.038531264793597225,0.65
43.417803948002984,9.27852034635264,5.734786358319942,0.055788111646014084,-1.1099682672933668,-0.30163891053662695,-0.48061276738010805,9.655229946587786,0.05353449865857401,0.05352020888942732,0.05564652828353529,0.65
43.53374910799903,9.2795346536127,5.698728970361494,0.03042921780181452,-1.0817216387534383,-0.35719521297684026,-0.5305480685600487,9.685981678134851,0.05455533714779187,0.0545345161494879,0.01931635747193037,0.65
43.56957823200355,9.279090155547733,5.6302407186439405,-0.01941746369312379,-1.0070448563327832,-0.3336937318565519,-0.39936081993998745,9.74566539608527,0.054129818067497254,0.05409001808452096,0.052254328120876256,0.65
43.654877239998314,9.277687196224601,5.597995658257625,-0.042088779693960715,-0.9673518115894663,-0.31997665411637144,-0.42972038840993926,9.77439402748131,0.05274222862424038,0.05268705876138924,0.04580850714363239,0.65
43.6943715640009,9.275716006923611,5.566826165723198,-0.05913567902972933,-0.9350847760328332,-0.2606760040416596,-0.5899092321558458,9.802488037831994,0.0507893533059025,0.05071586946039908,0.057779812337459734,0.65
43.78215558500233,9.273327169097202,5.5365220711975685,-0.07166513479225461,-0.909122835768879,-0.2606760040416596,-0.5899092321558458,9.830052128735717,0.048425171687490005,0.0483270316339901,0.02666245410139351,0.65
43.79464202700183,9.270553468164627,5.507255166100064,-0.08321102797728822,-0.8780071529251212,-0.22823576242124255,-0.6291155854365269,9.85691724548658,0.0456839892519656,0.04555333070141465,0.03820564473742411,0.65
43.796258882000984,9.270553468164627,5.507255166100064,-0.08321102797728822,-0.8780071529251212,-0.24378972573365848,-0.6590928190263402,9.85691724548658,0.0456839892519656,0.04555333070141465,0.03820564473742411,0.65
43.80482343699987,9.267477395420464,5.478943958126734,-0.0922821823248797,-0.8493362391999112,-0.3089803562538725,-0.7445520510879249,9.883110947515044,0.04264488078618163,0.04247725795725188,0.04863278701772494,0.65
43.90697398300108,9.264069614719071,5.451685668810659,-0.10223342104179112,-0.8177486794822387,-0.33647866399678394,-0.8073192475941741,9.908560110446839,0.03929106526445383,0.0390694772558593,0.010671533849721098,0.65
43.90905762300099,9.260322084263779,5.425337752003375,-0.11242591365878352,-0.7904375042185199,-0.3525845316904557,-0.835148479774803,9.933390531177295,0.03559876655130224,0.03532194680056655,0.020593805607196387,0.65
43.92119853400072,9.256236627430965,5.39986720167384,-0.12256370498441782,-0.7641165098860607,-0.40834452550646416,-0.9162443559547432,9.957627946351074,0.031598501387043725,0.0312364899677533,0.029189411703771796,0.65
43.95492850000301,9.251863283582754,5.375371248508395,-0.13120031544631922,-0.7348785949633602,-0.39103289827185195,-0.9049415796943515,9.981161078372944,0.02730762137762578,0.02686314611954188,0.03672366184282344,0.65
44.02538788699894,9.247208247227809,5.351773038322315,-0.1396510906483847,-0.7079463055824016,-0.3985948528662704,-0.9389682323147188,10.004052317376102,0.022779184559648034,0.02220810976459653,0.010841880058727285,0.7000000000000001
44.028146156997536,9.247208247227809,5.351773038322315,-0.1396510906483847,-0.7079463055824016,-0.3723722802031287,-0.9840108358784048,10.004052317376102,0.022779184559648034,0.02220810976459653,0.010841880058727285,0.7000000000000001
44.13878113000101,9.237705942910157,5.305655658764424,-0.14417544628179418,-0.6898430889495063,-0.37023781221606794,-0.9420154028875946,10.048999745737552,0.013589277399508406,0.012705805446945106,0.02084202503413914,0.7000000000000001
44.153073406996555,9.232693507316002,5.282533444949514,-0.1503730678246402,-0.6936664144473242,-0.3869342692833788,-0.9120364049383847,10.071662670242569,0.008777686401436322,0.0076933698527899,0.028476527770168725,0.7000000000000001
44.192262725002365,9.227429791323702,5.259040239901375,-0.15791147976900793,-0.7047961514441584,-0.45649823054416716,-0.7578092365848842,10.094776367912411,0.0038017603812162334,0.0024296538604904327,0.03455996275402511,0.7000000000000001
44.266508417000296,9.227429791323702,5.259040239901375,-0.15791147976900793,-0.7047961514441584,-0.45649823054416716,-0.7578092365848842,10.094776367912411,0.0038017603812162334,0.0024296538604904327,0.006028289183675695,0.7000000000000001
44.26869332399656,9.221856191110124,5.234980878455489,-0.16720800640735198,-0.721780843376585,-0.4798446730764347,-0.7832656374729717,10.118539966099874,0.001436029549781231,0.003143946353088012,0.012038954675659455,0.7000000000000001
44.27167085999827,9.216016627993557,5.210299574300916,-0.17518689349702116,-0.7404391246371916,-0.5618224437159509,-0.8422518197292284,10.14298118093048,0.006805852377553271,0.00898350946965465,0.016705399541009847,0.7000000000000001
44.297678490002,9.210003355535925,5.18497419203759,-0.18039817372896938,-0.7597614678997878,-0.5954067547664438,-0.8336747923980524,10.168075154103933,0.012250963524336092,0.014996781927287373,0.02025548527576934,0.7000000000000001
44.378278960997704,9.203815778792347,5.1589300748755536,-0.18562730230735014,-0.7813235148610956,-0.6186923927538521,-0.8098467476836145,10.193887940033854,0.017629221463947374,0.021184358670865322,0.010813902418609302,0.7000000000000001
44.39313811500324,9.197546948670082,5.132238151775365,-0.18806490366793888,-0.8007576930056663,-0.7293440285233694,-0.886424900874541,10.220313032728859,0.022935261690054467,0.027453188793129968,0.01391825318023594,0.75
44.39680052499898,9.197546948670082,5.132238151775365,-0.18806490366793888,-0.8007576930056663,-0.7293440285233694,-0.886424900874541,10.220313032728859,0.022935261690054467,0.027453188793129968,0.01391825318023594,0.75
44.50687350700173,9.191083407962534,5.105018261070967,-0.19390622122645407,-0.8165967211319495,-0.7906961520037505,-0.8595120886641072,10.247300063492212,0.027953029817857262,0.033916729500678144,0.0017320706985231645,0.75
44.519039284998144,9.184474825817944,5.077359520544258,-0.19825746433771066,-0.8297622158012682,-0.7719443003652844,-0.8312674318443205,10.274747148204225,0.03295158274504292,0.0405253116452684,0.003426956266529355,0.75
44.52165373799653,9.177697600045018,5.049374223567394,-0.20331677318774485,-0.8395589093059191,-0.7245307706161311,-0.8268179005048424,10.302567052032657,0.037116432262109283,0.04730253741819368,0.0044783263319575686,0.75
44.551886806002585,9.170573457111937,5.021229294345555,-0.21372428799244902,-0.8443478766551878,-0.7109388787907505,-0.7083230309821873,10.330698116176789,0.04112180657266836,0.05442668035127518,0.005430143986248111,0.75
44.62962303299719,9.154174345106274,4.964464514597705,-0.2589225184077182,-0.8537179975019948,-0.6915769784770129,-0.6453052412648108,10.388416626880607,0.047228498956276115,0.07082579235693842,0.006866664044227863,0.75
44.74170349499764,9.144719574735024,4.935755866205411,-0.28364311113748225,-0.8612594517688347,-0.6820731028352834,-0.4824440144615525,10.418165608052254,0.04917913586345648,0.08028056272818773,0.008165343016032497,0.7516648189186454
44.7547293059979,9.144719574735024,4.935755866205411,-0.28364311113748225,-0.8612594517688347,-0.6707665044567893,-0.47085642644349723,10.418165608052254,0.04917913586345648,0.08028056272818773,0.008165343016032497,0.7516648189186454
44.76098910199653,9.134294987346918,4.9069984639865085,-0.3127376216431822,-0.862722066567081,-0.7727366845656385,-0.39744184706202784,10.448421101479129,0.048590240665612544,0.08676450624171755,0.012737040004457714,0.7516648189186454
44.863047177001135,9.122918217588616,4.878257984361712,-0.3413030927490769,-0.8622143887438942,-0.8396011944170158,-0.4090328812022315,10.47911584399179,0.0451618121005469,0.07448650924856384,0.015686879207311072,0.7566372975210779
44.865774600002624,9.122918217588616,4.878257984361712,-0.3413030927490769,-0.8622143887438942,-0.8643457729913195,-0.4351004841553767,10.47911584399179,0.0451618121005469,0.07448650924856384,0.015686879207311072,0.7566372975210779
44.88281602400093,9.122918217588616,4.878257984361712,-0.3413030927490769,-0.8622143887438942,-0.9295877984064902,-0.5116315839685441,10.47911584399179,0.0451618121005469,0.07448650924856384,0.015686879207311072,0.7566372975210779
44.97938448499917,9.110654968801324,4.849577384939481,-0.36789746361875447,-0.860417982666925,-0.9661740888393455,-0.5682489345460282,10.510179941255524,0.04051551218299825,0.06287768928548028,0.011056066340052647,0.7648529270389178
44.98170248899987,9.097636744340747,4.820851180045541,-0.390546733817305,-0.8617861468181921,-0.987959644884922,-0.5955637684935616,10.541643181422526,0.033547891433186545,0.0517704698023038,0.02159985592242743,0.7158910531638177
44.98325490499701,9.097636744340747,4.820851180045541,-0.390546733817305,-0.8617861468181921,-0.9852673806919636,-0.6560865034361618,10.541643181422526,0.033547891433186545,0.0517704698023038,0.02159985592242743,0.7158910531638177
45.02775753699825,9.083974470894832,4.792239503479819,-0.4098682033774594,-0.8583502969716815,-1.0595707653134157,-0.6631815688732178,10.573311570610997,0.026996049959857018,0.041199645481597276,0.031739665571260324,0.7280109889280518
45.099825835000956,9.069762652515896,4.763904568124789,-0.4263545513680794,-0.8500480606508883,-1.0367348875459375,-0.698341444384559,10.60499720344636,0.01933930441663992,0.03121309369631018,0.026206676627665505,0.7280109889280518
45.11199503899843,9.069762652515896,4.763904568124789,-0.4263545513680794,-0.8500480606508883,-1.0553389689708863,-0.6695962276312053,10.60499720344636,0.01933930441663992,0.03121309369631018,0.026206676627665505,0.7280109889280518
45.21941904399864,9.0551574920457,4.73593240871222,-0.438154814105875,-0.8391647823770768,-1.0786543001111202,-0.5420070806277484,10.636550088457664,0.012217302340113829,0.02176119810004433,0.01731719906933427,0.7433034373659253
45.22293874400202,9.04009687307279,4.708653156612078,-0.45181856918732893,-0.8183775630042514,-1.054549370961057,-0.5140327144857894,10.667708994282702,0.004942222062027623,0.013121319758949063,0.0338074008878031,0.696419413859206
45.225198671003454,9.04009687307279,4.708653156612078,-0.45181856918732893,-0.8183775630042514,-1.034469466651819,-0.48953034305447923,10.667708994282702,0.004942222062027623,0.013121319758949063,0.0338074008878031,0.696419413859206
45.33886160400289,9.008092778197865,4.656429241277183,-0.4907974121582091,-0.7717536192102586,-0.940337095402235,-0.3913704192511228,10.728865169739313,0.007280083938722962,0.001176252402670342,0.034768377724234856,0.7158910531638177
45.352848305003135,8.990950458905315,4.631358267300523,-0.5142695787764665,-0.7521292192998186,-0.9130916993678204,-0.36646132166601275,10.759068894452623,0.012286327504642565,0.006782657895491771,0.04789127981257512,0.6946221994724903
45.38280787500116,8.972957890718927,4.6064984636099435,-0.5397770455916613,-0.7457941107173858,-0.8094491699583223,-0.2833045433657794,10.789491749465387,0.01676109891963527,0.011638526688509614,0.05920405855447108,0.6946221994724903
45.459656218998134,8.954106664823875,4.581672162235163,-0.5655367768515558,-0.7447890412434207,-0.7824176466800272,-0.2637114482735462,10.820294961052545,0.020902116228212846,0.015863543078327123,0.03330705849622254,0.7211102550927979
45.46149649900326,8.934486302157113,4.5566697599808945,-0.5886108800028668,-0.7500720676280579,-0.746591432966505,-0.263730638685041,10.851621253649872,0.024736825478595847,0.01966921976726812,0.048252969861057524,0.6800735254367722
45.46381931199721,8.934486302157113,4.5566697599808945,-0.5886108800028668,-0.7500720676280579,-0.7093019347582469,-0.1913543319010115,10.851621253649872,0.024736825478595847,0.01966921976726812,0.048252969861057524,0.6800735254367722
45.5786500289978,8.914215246422657,4.531336681423614,-0.6081316720337027,-0.7599923567184139,-0.6899245480313883,-0.16282604682643154,10.883550946943027,0.028765441254399938,0.02324861043180818,0.020393904809968708,0.7106335201775948
45.580708820001746,8.893132103825595,4.505811738350306,-0.6324942779118454,-0.765748292199245,-0.6663615298895202,-0.13893008286128333,10.916039652190188,0.03243175226323036,0.026389437669240054,0.04080097005850424,0.6726812023536856
45.58305783200194,8.893132103825595,4.505811738350306,-0.6324942779118454,-0.765748292199245,-0.6371078830297354,-0.1345850255988088,10.916039652190188,0.03243175226323036,0.026389437669240054,0.04080097005850424,0.6726812023536856
45.63571232800314,8.871339388583959,4.479972633157559,-0.6537814572491043,-0.7751731557823895,-0.5523187861263271,-0.01174842523976044,10.949146922394048,0.03644179825004655,0.02925066744299461,0.057928713784619904,0.7071067811865476
45.70382789400173,8.8490687472522,4.454260456237418,-0.668119239952731,-0.7713653076042355,-0.5523187861263271,-0.01174842523976044,10.982375442826052,0.04009998420272692,0.031684200595235065,0.04222290276883805,0.6726812023536856
45.721014583003125,8.826457464793481,4.428820952720408,-0.6783384737615857,-0.7631851055102987,-0.5032793003831919,0.07730496532937767,11.015532444470042,0.04424870373019691,0.03368405488424712,0.059557598806013266,0.7106335201775948
45.738208681003016,8.826457464793481,4.428820952720408,-0.6783384737615857,-0.7631851055102987,-0.5343444419682728,0.0938734701723645,11.015532444470042,0.04424870373019691,0.03368405488424712,0.059557598806013266,0.7106335201775948
45.821492230999866,8.803639058596728,4.403817702530382,-0.684552185902583,-0.7500975057007851,-0.5724108326755935,0.08007459783792292,11.048411214622007,0.04802568148953013,0.03522897288772406,0.019213861146831643,0.7106335201775948
45.872014114000194,8.780624551116583,4.379413815149103,-0.6904352244043356,-0.7321166214383855,-0.7148084831842747,0.031420194697626136,11.080864178542113,0.05269848971210532,0.0362114128374616,0.03764195737181792,0.7211102550927979
45.94491972400283,8.734614595217222,4.333171461794162,-0.6879583469275875,-0.6776195300317623,-0.6241950450826221,0.08056663842035008,11.143531766750074,0.06271484146546895,0.03637574265423272,0.06288967081869361,0.73824115301167
46.06094415199914,8.711920286876877,4.311744182673149,-0.6808292502103348,-0.6428183736303978,-0.5637861593161092,0.16216115959022193,11.173242812201027,0.06779058070333384,0.0354798177012808,0.016679267071966597,0.73824115301167
46.06377006699768,8.689564855235327,4.291541476263107,-0.6706629492464828,-0.6060811923012434,-0.5963692290576283,0.16543114720949748,11.201726075367654,0.07581026951410448,0.03649120943199956,0.032221637991434286,0.7615773105863909
46.093566565999936,8.667581355721875,4.272470345679938,-0.6595049854035623,-0.5721339174950454,-0.7315419044067693,0.18425277174399385,11.229047663681936,0.08360677892421857,0.052529718767583944,0.046387339348213395,0.7615773105863909
46.10061717299686,8.667581355721875,4.272470345679938,-0.6595049854035623,-0.5721339174950454,-0.7315419044067693,0.18425277174399385,11.229047663681936,0.08360677892421857,0.052529718767583944,0.046387339348213395,0.7615773105863909
46.20458717500151,8.646188939784619,4.254804512431496,-0.6417724781177264,-0.5299749974532546,-0.7650868360970402,0.18941076311907756,11.254862472236915,0.09159650683675605,0.07019555201602579,0.027777866513902034,0.7433034373659253
46.22393271100009,8.625426980654389,4.2385121313313565,-0.6228587739068743,-0.4887714330042031,-0.804506838037837,0.1604025830790282,11.279179612367459,0.0993577695198971,0.08648793311616565,0.04007277111641612,0.7905694150420949
46.22779462699691,8.605061292349049,4.223514538321304,-0.6109706491602144,-0.44992779030158375,-0.9064246203342299,0.1499547349736441,11.302181934281156,0.10607163200036063,0.09301755703507093,0.051280125819301775,0.7905694150420949
46.234489299000415,8.605061292349049,4.223514538321304,-0.6109706491602144,-0.44992779030158375,-0.9746147520506874,0.1448453567988505,11.302181934281156,0.10607163200036063,0.09301755703507093,0.051280125819301775,0.7905694150420949
46.303779410998686,8.585002145329188,4.209709704739199,-0.6017744105958173,-0.41414500746315086,-1.0021543409574047,0.17788831992262744,11.324002978697667,0.11181734854333253,0.08867397122741394,0.024567578900967578,0.7762087348130012
46.32662349999737,8.564966694795013,4.19694902345601,-0.6010635160252377,-0.38282043849568503,-1.1036868643825561,0.1878161907124725,11.34491129686598,0.11660759413131984,0.08768860485990888,0.035741063562998825,0.75
46.34911248199933,8.564966694795013,4.19694902345601,-0.6010635160252377,-0.38282043849568503,-1.1688020243260917,0.20968638471637102,11.34491129686598,0.11660759413131984,0.08768860485990888,0.035741063562998825,0.75
46.41607627399935,8.544954726772174,4.185199048587973,-0.6003590406851804,-0.35249924604111793,-1.1978022424521673,0.2273447476854537,11.364937566644684,0.12261391695300687,0.0919913494105165,0.02864249436587492,0.75
46.41799018999882,8.524971531286427,4.174477023102166,-0.5994958645724232,-0.3216607645742099,-1.212897775349858,0.25718615453082827,11.384065565161405,0.1284267410499025,0.10052304060029815,0.04133352933675039,0.75
46.42929520300095,8.524971531286427,4.174477023102166,-0.5994958645724232,-0.3216607645742099,-1.2129544526762268,0.3020620726488433,11.384065565161405,0.1284267410499025,0.10052304060029815,0.04133352933675039,0.75
46.4647830449976,8.524971531286427,4.174477023102166,-0.5994958645724232,-0.3216607645742099,-1.2109206683832172,0.3101147124570886,11.384065565161405,0.1284267410499025,0.10052304060029815,0.04133352933675039,0.75
46.54030716599664,8.50501903292747,4.1646683560616315,-0.598574950768753,-0.29426001121603285,-1.2094554089626757,0.3157809584679341,11.40239566481303,0.13336034267864735,0.11033170764083255,0.016273735654033256,0.75
46.54293680800038,8.484897255249193,4.155862396902742,-0.6036533303483013,-0.26417877476669005,-1.190475452140751,0.2928487224690256,11.419949715451505,0.13869525946737735,0.11913766679972237,0.031670874237714475,0.75
46.65968803300348,8.443502045947902,4.140892078463205,-0.629957934225325,-0.21192083894101868,-1.025845536398177,0.40539672648177383,11.45337503520305,0.1474796450376914,0.13410798523925926,0.05001927546906554,0.7000000000000001
46.66271871799836,8.443502045947902,4.140892078463205,-0.629957934225325,-0.21192083894101868,-1.0175121640853075,0.3421939492850106,11.45337503520305,0.1474796450376914,0.13410798523925926,0.05001927546906554,0.7000000000000001
46.67937458099914,8.421677706714265,4.134522305337436,-0.6547301770091087,-0.1910931937730809,-0.8892701675413035,0.41852840347430226,11.469703123849495,0.1517352120976732,0.1404777583650283,0.06270035954439741,0.7000000000000001
46.70675216100062,8.421677706714265,4.134522305337436,-0.6547301770091087,-0.1910931937730809,-0.8568894751332388,0.4216107296599926,11.469703123849495,0.1517352120976732,0.1404777583650283,0.06270035954439741,0.7000000000000001
46.78557973200077,8.398787817073032,4.128819453466502,-0.6866966892369589,-0.17108555612803603,-0.8538963603279868,0.4062102802515169,11.486002866372745,0.1553148075912183,0.1461806102359624,0.021626019354593264,0.7000000000000001
46.78724618900014,8.37472966798468,4.123633735919725,-0.721744472650561,-0.15557152640330976,-0.8944933544050974,0.35874602447140547,11.502460789315208,0.15869023018147185,0.15136632778273906,0.03152433146060226,0.7000000000000001
46.81920927199826,8.349330672572385,4.119149705061345,-0.7619698623687983,-0.13452092575141333,-0.9659850108632057,0.3292605159633733,11.519009086001876,0.16171273324672153,0.1558503586411195,0.03966535669744954,0.7000000000000001
46.86594516199693,8.349330672572385,4.119149705061345,-0.7619698623687983,-0.13452092575141333,-0.9922500579157145,0.3092329052493825,11.519009086001876,0.16171273324672153,0.1558503586411195,0.03966535669744954,0.7000000000000001
46.90993631500169,8.322565744645502,4.115422915235337,-0.8029478378064941,-0.11180369478022362,-0.9922500579157145,0.3092329052493825,11.53561988523162,0.16411817102586418,0.15957714846712712,0.012488533587363144,0.7000000000000001
46.911996882001404,8.294459597768885,4.1123581346709965,-0.8431844062984941,-0.0919434169302047,-0.9950768792676045,0.24217334423199371,11.55237159166941,0.16617797314339106,0.16264192903146757,0.024803289898387294,0.7000000000000001
46.944654972001445,8.265234624520868,4.1101929464436155,-0.8767491974405208,-0.06495564682143345,-0.9871423597752347,0.19291507570631472,11.568955525637351,0.1674955448702144,0.16480711725884856,0.034939902424207574,0.7000000000000001
47.03032184499898,8.204630156086779,4.108575962918651,-0.9155072029206847,-0.00900266821707028,-0.882501166718975,0.1924529203263365,11.601031845714774,0.16796105326360283,0.16642410078381342,0.034928973327882695,0.70178344238091
47.14086566900369,8.173901034716412,4.109127024791234,-0.9218736411110323,0.01653185617749557,-0.815252373868222,0.18557684512326397,11.616203844332798,0.1670001065352763,0.16587303891123018,0.015184558950180116,0.7071067811865476
47.15244780800276,8.173901034716412,4.109127024791234,-0.9218736411110323,0.01653185617749557,-0.7813408173936827,0.1851040520284502,11.616203844332798,0.1670001065352763,0.16587303891123018,0.015184558950180116,0.7071067811865476
47.17435942999873,8.142907773407503,4.1103746881229775,-0.929797839267293,0.037429899952303856,-0.644929451188591,0.18581748428581527,11.630974235541185,0.16548525232667305,0.16462537557948664,0.028320511447745656,0.7158910531638177
47.265768347999256,8.111591046015876,4.112139584467128,-0.9395018217487844,0.052946890324505294,-0.611607964605533,0.1826828405288692,11.645531223620747,0.1634977327397851,0.1628604792353361,0.024633993261885347,0.7158910531638177
47.26976704599656,8.079999144584335,4.114090112163045,-0.9477570429462445,0.058515830877512325,-0.55094776116161,0.13814398140092046,11.660137502928736,0.1613776027250831,0.160909951539419,0.03215693327474999,0.7280109889280518
47.38442289899831,8.016165673365068,4.11816199033989,-0.9604339494398852,0.060571996264358344,-0.6197690325643146,0.1271175826467984,11.689744657820238,0.15709529002310096,0.15683807336257427,0.02142692012034028,0.7433034373659253
47.397514340998896,8.016165673365068,4.11816199033989,-0.9604339494398852,0.060571996264358344,-0.5947496466961086,0.08593893728888188,11.689744657820238,0.15709529002310096,0.15683807336257427,0.02142692012034028,0.7433034373659253
47.42942592700274,7.983921234634392,4.120030221975817,-0.967333161920247,0.05604694907783203,-0.6791561413766809,0.1131012992598869,11.704965452081955,0.15515992802589476,0.15496984172664696,0.028311235383528012,0.7615773105863909
47.43362439500197,7.983921234634392,4.120030221975817,-0.967333161920247,0.05604694907783203,-0.7168562292945542,0.08796318292895039,11.704965452081955,0.15515992802589476,0.15496984172664696,0.028311235383528012,0.7615773105863909
47.50131786199927,7.951558069108078,4.121647504232326,-0.9708949657894359,0.048518467695281946,-0.6808384859625118,0.11266692595249689,11.720531417446178,0.1534938887676537,0.1533525594701377,0.02211460636462837,0.7615773105863909
47.502994317997945,7.951558069108078,4.121647504232326,-0.9708949657894359,0.048518467695281946,-0.6501100924189219,0.0942800424272825,11.720531417446178,0.1534938887676537,0.1533525594701377,0.02211460636462837,0.7615773105863909
47.55067425699963,7.919155937806079,4.122918027688443,-0.972063939059959,0.03811570368350747,-0.6637208802465735,0.12391100127937979,11.736481500150804,0.15218429894418153,0.15208203601402115,0.029587805394168307,0.7826237921249265
47.61555796599714,7.887068533928465,4.1238732318627935,-0.9626221163284158,0.028656125230514463,-0.6287501291773515,0.12543457961409904,11.752600677979554,0.15120319941313837,0.15112683183967057,0.023559463393644453,0.8062257748298549
47.617846455999825,7.887068533928465,4.1238732318627935,-0.9626221163284158,0.028656125230514463,-0.6000665543235331,0.10721353343197335,11.752600677979554,0.15120319941313837,0.15112683183967057,0.023559463393644453,0.8062257748298549
47.643808000997524,7.855682265654942,4.1245672647586025,-0.9415880482056829,0.020820986874260834,-0.571574262982645,0.1383566147286146,11.768634679638156,0.15048975643658752,0.15043279894386163,0.031024905556398922,0.8062257748298549
47.67268725600297,7.825276597471546,4.125088047849103,-0.9121700455019095,0.01562349271500904,-0.6411814405737815,0.1392483715546295,11.784354977316369,0.1499537048882679,0.1499120158533609,0.03553743781630467,0.8321658488546619
47.74585649000073,7.795840601196821,4.125463376686023,-0.8830798882417198,0.011259865107573788,-0.6411814405737815,0.1392483715546295,11.799737563833792,0.149569149115047,0.1495366870164414,0.03026929928963394,0.8500000000000001
47.753718243999174,7.767317558109996,4.125680490513189,-0.8556912926047767,0.006513414815002469,-0.5748036251572062,0.2527403769903579,11.814817670499666,0.14934405111904514,0.1493195731892749,0.041955840449493305,0.8500000000000001
47.78781796999829,7.7395193028724405,4.125774926043667,-0.8339476571266629,0.0028330659143578104,-0.58921828840906,0.2839817660121299,11.829661048587635,0.14924424218322369,0.14922513765879675,0.05326177213144268,0.8500000000000001
47.85667715899763,7.712291920455165,4.125751805136982,-0.8168214725182678,-0.0006936272005589753,-0.6265582152254549,0.33788717849808647,11.844342175157324,0.14926304964599604,0.14924825856548196,0.026468302222857454,0.8500000000000001
47.86567064099654,7.712291920455165,4.125751805136982,-0.8168214725182678,-0.0006936272005589753,-0.6822336337153602,0.36936922630064783,11.844342175157324,0.14926304964599604,0.14924825856548196,0.026468302222857454,0.8500000000000001
47.9136790679986,7.6857552687277,4.125614522286701,-0.7960995518239592,-0.004118485508439836,-0.7109690826950503,0.3527344128026626,11.858790036537133,0.14939718227325297,0.14938554141576343,0.037431315480529345,0.8500000000000001
47.97725889200228,7.6857552687277,4.125614522286701,-0.7960995518239592,-0.004118485508439836,-0.6794858178380497,0.3506241031759881,11.858790036537133,0.14939718227325297,0.14938554141576343,0.01330943899359942,0.8500000000000001
47.979412351000065,7.6857552687277,4.125614522286701,-0.7960995518239592,-0.004118485508439836,-0.6824347729214885,0.3428563254311674,11.858790036537133,0.14939718227325297,0.14938554141576343,0.01330943899359942,0.8500000000000001
48.005933583001024,7.659774665218441,4.125363502701384,-0.7794181052777704,-0.007530587559503843,-0.6625034219106919,0.3106106140928575,11.873073553886703,0.1496458409418047,0.14963656100108036,0.02644117966854824,0.8500000000000001
48.097898592001,7.634258296651385,4.1249641794013305,-0.7654910570116744,-0.011979699001596789,-0.6784588510908931,0.2938417101455343,11.887268626419107,0.15004334618556667,0.15003588430113357,0.022870369220986807,0.8500000000000001
48.110970528003236,7.634258296651385,4.1249641794013305,-0.7654910570116744,-0.011979699001596789,-0.7214979131460516,0.26892661614078905,11.887268626419107,0.15004334618556667,0.15003588430113357,0.022870369220986807,0.8500000000000001
48.112796750996495,7.609304090434974,4.12447332837916,-0.7486261864923301,-0.014725530665117729,-0.7457336620479811,0.29245277336757225,11.901271602928103,0.15053290897059898,0.15052673532330374,0.03339265832595613,0.8500000000000001
48.13937011399685,7.609304090434974,4.12447332837916,-0.7486261864923301,-0.014725530665117729,-0.8472972511160112,0.2936443609682797,11.901271602928103,0.15053290897059898,0.15052673532330374,0.03339265832595613,0.8500000000000001
48.21391221199883,7.584930723816182,4.123950735619183,-0.7312009985637495,-0.01567778279930622,-0.8827188569437152,0.2976516437230894,11.91501937047638,0.15105452523430155,0.15104932808328098,0.012964342696765361,0.8500000000000001
48.22850821100292,7.561037099295762,4.1235508808942525,-0.7168087356126084,-0.011995641747906767,-0.7828350679958345,0.3116357141051296,11.928435473392655,0.15145373056433512,0.15144918280821162,0.025577014428799383,0.8500000000000001
48.26806496200152,7.537554318534835,4.123567855903145,-0.7044834228277974,0.0005092502667838131,-0.7163768916744175,0.3241694353686658,11.941310298620907,0.1514363323662723,0.15143220779931887,0.03624021312643049,0.8500000000000001
48.36005648900027,7.514325125506993,4.124172207309084,-0.6968757908352765,0.018130542178164438,-0.7141770068449753,0.3250271694094505,11.953587482507206,0.15083175387954434,0.1508278563933798,0.030734870054756017,0.8500000000000001
48.361950388003606,7.49122205659513,4.125297011668438,-0.6930920673558743,0.03374413078062054,-0.7549057345566441,0.29840916096444164,11.965393667183093,0.14970694765246112,0.14970305203402567,0.03828808379822836,0.8500000000000001
48.45735608100222,7.468210853388157,4.126928918732038,-0.690336096209208,0.048957211908000994,-0.9061531025742862,0.2753733722886912,11.976759748660818,0.14807516051481318,0.14807114497042573,0.020635929892751505,0.8500000000000001
48.45972561099916,7.445221656115414,4.128949497678272,-0.6896759181822854,0.06061736838701448,-0.8799290328827729,0.24555458180121625,11.987823944573329,0.14605499217110116,0.14605056602419175,0.02919889265939658,0.8500000000000001
48.57365600200137,7.398600843678462,4.133781551446824,-0.7046320147514559,0.07568168308180646,-0.8193316968164746,0.22061867617991432,12.009756900813132,0.1412243529933132,0.14121851225563997,0.013918919918132017,0.8500000000000001
48.580730285000755,7.398600843678462,4.133781551446824,-0.7046320147514559,0.07568168308180646,-0.8854254186378625,0.21326924856449703,12.009756900813132,0.1412243529933132,0.14121851225563997,0.013918919918132017,0.8500000000000001
48.60371174199827,7.398600843678462,4.133781551446824,-0.7046320147514559,0.07568168308180646,-0.9190752724030831,0.2065070070687092,12.009756900813132,0.1412243529933132,0.14121851225563997,0.013918919918132017,0.8500000000000001
48.699947963999875,7.37452530093466,4.136460892629876,-0.7222662823140857,0.08038023549156884,-0.9855999936808371,0.20475928926500198,12.020986709578457,0.13854598716154606,0.13853917107258784,0.0062160027828448835,0.8500000000000001
48.70208267799899,7.350001119639696,4.139290885864939,-0.7357254388489041,0.08489979705186018,-1.021641750048276,0.19948410199752198,12.032381765106965,0.13571773757361574,0.13570917783752545,0.012453943437760821,0.8500000000000001
48.71760452300077,7.325313864927696,4.1423029041252715,-0.7406176413599928,0.09036054780997312,-1.0585733291293482,0.16190740637742698,12.043757872106733,0.1327074745552006,0.13269715957719264,0.018183940506166254,0.8500000000000001
48.75529078600084,7.3005265132880455,4.145487970883555,-0.7436205491895171,0.09555200274850818,-1.1080221721521666,0.16255754824808202,12.055088113917824,0.12952533132753202,0.12951209281890907,0.023064565042675556,0.8500000000000001
48.81913241800066,7.3005265132880455,4.145487970883555,-0.7436205491895171,0.09555200274850818,-1.1080221721521666,0.16255754824808202,12.055088113917824,0.12952533132753202,0.12951209281890907,0.016842614652435008,0.8500000000000001
48.83253724100359,7.275664124501455,4.148779324379494,-0.7458716635976952,0.09874060487817,-0.9716574396662311,0.15619286457155335,12.06641425927825,0.1262369257459561,0.12622073932296995,0.022892041338913465,0.8500000000000001
48.8499019890005,7.250468975357261,4.15203567473138,-0.7558544743258313,0.09769051055657002,-0.9378973632472837,0.1501223231691451,12.077999398673628,0.12298539133264381,0.1229643889710843,0.029069483741958235,0.8
48.87443597999663,7.224986548332604,4.155227360645572,-0.764472810739723,0.09575057742576339,-0.9054868144448932,0.14027214812261618,12.089843374049973,0.11979862783720784,0.11977270305689203,0.03529448434579979,0.8
48.93647455899918,7.224986548332604,4.155227360645572,-0.764472810739723,0.09575057742576339,-0.9054868144448932,0.14027214812261618,12.089843374049973,0.11979862783720784,0.11977270305689203,0.019978086861190094,0.8
48.9386560310013,7.199314343737834,4.158261237049393,-0.7701661378430784,0.09101629211462728,-0.8809255720490905,0.11756969990492254,12.101968110902337,0.1167727579836301,0.11673882665307111,0.025867897351788384,0.8
48.98279007599922,7.173381291779523,4.161059630056451,-0.777991558749335,0.08395179021176094,-0.901598146217095,0.10301674960680039,12.11447821436662,0.11398275386033185,0.1139404336460128,0.03217833789563904,0.8
49.07999509799993,7.120146227021868,4.165866497727674,-0.8064240673243598,0.06734889954998839,-0.870002190487818,0.11765936857216239,12.141061202923183,0.10920407221458844,0.10913356597479051,0.022365412354762658,0.8
49.17950070599909,7.120146227021868,4.165866497727674,-0.8064240673243598,0.06734889954998839,-0.9365553084813358,0.12414106949498056,12.141061202923183,0.10920407221458844,0.10913356597479051,0.01906527561327939,0.8
49.18127053500211,7.092606549364051,4.167759451239885,-0.8261903297345204,0.05678860536633243,-0.9034560412228176,0.12422160438023094,12.155367756281594,0.1073333425589961,0.10724061246257932,0.025808853792520098,0.8
49.297079907002626,7.035344188219425,4.170517438598718,-0.8688061403443307,0.036385093169763884,-0.7757464973788996,0.129259584057243,12.186221140127781,0.10464091755281059,0.10448262510374651,0.017877661532469585,0.8
49.29915616299695,7.0059140605536525,4.17134281575099,-0.8829038299731683,0.024761314568195074,-0.8058185282155179,0.13933954741835572,12.202634502376517,0.10386855218994924,0.10365724795147369,0.024823928824607707,0.8
49.30220479599666,7.0059140605536525,4.17134281575099,-0.8829038299731683,0.024761314568195074,-0.8675569037790656,0.16355070161357294,12.202634502376517,0.10386855218994924,0.10365724795147369,0.024823928824607707,0.8
49.419969064001634,6.946181728619551,4.171820201430034,-0.8980689394928381,0.0026487446551764927,-0.8603813802565421,0.1631419692652334,12.237069501014918,0.10355154191169459,0.10317986227243026,0.02369947032136267,0.7762087348130012
49.46907066499989,6.916166685069722,4.171572116734404,-0.9004513064948466,-0.007442540868913553,-0.7245836107782517,0.17278950371705848,12.254841546503483,0.1039169771904565,0.10342794696806035,0.032026243367949805,0.7762087348130012
49.53598868699919,6.856003485671639,4.170134071960557,-0.9033442534974613,-0.02418726021018769,-0.719550590904124,0.19015988029117084,12.291367818450478,0.10573749033193985,0.10486599174190747,0.028759576144626577,0.7648529270389178
49.65381145900028,6.795694314102752,4.167882400983678,-0.9049324921059572,-0.037471807421830025,-0.7692499326545521,0.30584973908340446,12.328821580091125,0.10865595994903013,0.1071176627187862,0.027376245153055728,0.7516648189186454
49.65563570900122,6.795694314102752,4.167882400983678,-0.9049324921059572,-0.037471807421830025,-0.7546636160737347,0.24970359504365794,12.328821580091125,0.10865595994903013,0.1071176627187862,0.027376245153055728,0.7516648189186454
49.68843945900153,6.765803150186818,4.166446560429277,-0.8967349174780408,-0.04307521663203208,-0.6714935174117793,0.3195228675588906,12.347709397642015,0.11056621114566097,0.10855350327318725,0.037207469654369836,0.7516648189186454
49.77090758599661,6.736216561599006,4.164933745601754,-0.8875976576343414,-0.04538444482568516,-0.6200947253009021,0.3560560382598179,12.366521257287822,0.11273654545136881,0.11006631810070999,0.024466455703369965,0.75
49.77290738099691,6.706940611809097,4.163320446417285,-0.8782784936972715,-0.04839897553406725,-0.6581214222610994,0.35599751329194856,12.385270593245284,0.11519933195233166,0.11167961728517906,0.03435974504113544,0.75
49.83546330899844,6.6778092309082,4.1616452396689265,-0.8739414270269126,-0.050256202450745094,-0.6966765166725766,0.5390428825832922,12.4040239904229,0.11791345735603502,0.11335482403353758,0.043566449156814006,0.75
49.91006770700187,6.648813752337872,4.15985477288701,-0.869864357109852,-0.053714003457509533,-0.5631022806354543,0.5184310210527526,12.422828326651155,0.12118396569398254,0.11514529081545444,0.03194134690921992,0.75
49.94214102400292,6.619940884522008,4.157889181163515,-0.8661860344759097,-0.05896775170481949,-0.56550428765232,0.5523700080407729,12.441738299171497,0.12480033821708914,0.11711088253894886,0.04369562790970403,0.75
50.01695392900001,6.5912775763956155,4.156005389473686,-0.85989924379177,-0.05651375069489062,-0.5599530271610322,0.5855500975584594,12.460495224866293,0.1291633089727163,0.11899467422877841,0.01677143420179966,0.75
50.06554774200049,6.562868218823358,4.154175457831958,-0.8522807271677438,-0.05489794925183553,-0.6218753857322387,0.74260678586391,12.47909376959782,0.1335933053472597,0.12082460587050647,0.033362742245231024,0.75
50.13571613199747,6.534713606537034,4.152350753180369,-0.8446383685897081,-0.05474113954766121,-0.6234380156405485,0.7767988498798861,12.49757111413522,0.13932175026621055,0.12264931052209516,0.03215644925115373,0.75
50.154004130999965,6.506932989149772,4.150975057985705,-0.8334185216178572,-0.04127085583992177,-0.6711969466784841,0.9030187697516142,12.515500945950368,0.14475335035754464,0.12402500571675912,0.04692683404399874,0.75
50.18830300200352,6.479659456332198,4.150177409077593,-0.8182059845272365,-0.0239294672433445,-0.6687586274302126,0.937056755570677,12.532699613103999,0.15104894209028125,0.12482265462487074,0.05930281583661861,0.75
50.25303274700127,6.479659456332198,4.150177409077593,-0.8182059845272365,-0.0239294672433445,-0.6985165783444431,0.9499304730657532,12.532699613103999,0.15104894209028125,0.12482265462487074,0.0191332764554507,0.75
50.308651282997744,6.426164599782522,4.1516791797579025,-0.7962001773004785,0.03860285064538661,-0.6057742994919697,1.051315065522419,12.56410907673494,0.16242577545238243,0.13263840377148536,0.05379546724560113,0.75
50.369663712001056,6.399958336271344,4.1539906930770645,-0.7861879053353553,0.06934539957487096,-0.5896447676727669,1.0836093836926297,12.578304446806605,0.1693689116476631,0.14238867074006273,0.04818526219494411,0.75
50.37716578999971,6.399958336271344,4.1539906930770645,-0.7861879053353553,0.06934539957487096,-0.5506509959026555,1.1220534887676745,12.578304446806605,0.1693689116476631,0.14238867074006273,0.04818526219494411,0.75
50.4230610040031,6.374110892577952,4.157488859451766,-0.7754233108017687,0.10494499124102344,-0.5551419211234534,1.1199631455594248,12.591381587423534,0.175348551506432,0.1548790321168462,0.06034326413548118,0.75
50.491624100999616,6.374110892577952,4.157488859451766,-0.7754233108017687,0.10494499124102344,-0.5249746022006638,1.1343267235747683,12.591381587423534,0.175348551506432,0.1548790321168462,0.015644896473320954,0.75
50.493570136000926,6.374110892577952,4.157488859451766,-0.7754233108017687,0.10494499124102344,-0.5122983502398499,1.1401975268967774,12.591381587423534,0.175348551506432,0.1548790321168462,0.015644896473320954,0.75
50.519466545003525,6.348552276766835,4.162245570382445,-0.7667584743335183,0.14270132792038492,-0.532291571812814,1.1310020701028995,12.603329120093624,0.18009052672335546,0.16275449406507736,0.030190447002477052,0.75
50.54763799899956,6.3231976495976046,4.168210291050063,-0.7606388150769062,0.17894162002856376,-0.5009149869927141,1.1451239819825951,12.614242015278922,0.18367011476421694,0.15680013344621513,0.04373218806393173,0.75
50.64096460199653,6.297962061053497,4.1752493502715415,-0.7570676563232014,0.21117177664435274,-0.53866348942778,1.1279812255341346,12.624281027450477,0.186569299243304,0.15217204616927188,0.045910102212437576,0.75
50.64297688999795,6.297962061053497,4.1752493502715415,-0.7570676563232014,0.21117177664435274,-0.5084404264274398,1.1419230853145421,12.624281027450477,0.186569299243304,0.15217204616927188,0.045910102212437576,0.75
50.73706274700089,6.272714606767148,4.183693402165735,-0.7574236285904771,0.25332155682581275,-0.41767344265896084,1.1475162640798597,12.633270881658783,0.1898507292995006,0.15066965522799264,0.018258356707403302,0.75
50.738979788002325,6.272714606767148,4.183693402165735,-0.7574236285904771,0.25332155682581275,-0.42323227984361533,1.1423699157054161,12.633270881658783,0.1898507292995006,0.15066965522799264,0.018258356707403302,0.75
50.74148598300235,6.247380441891559,4.193708947233839,-0.7600249462677005,0.3004663520431101,-0.35060449768758845,1.1571391916899014,12.641132716117733,0.19177589591655447,0.15251940168856642,0.03585036919489721,0.75
50.7779689300005,6.222238373117365,4.205582571652077,-0.7542620632258006,0.3562087325471627,-0.249062834690785,1.1485664334242651,12.647475024540654,0.1933953029929887,0.15754525989587728,0.05231301144883893,0.8
50.854082755999116,6.1973566510795495,4.219332783792599,-0.746451661134474,0.4125063642156698,-0.22245579754242278,1.1052008362997037,12.652247094396802,0.1960287350385256,0.16497559494035338,0.016313098378679305,0.8
50.898136618001445,6.172620115584933,4.23480965134112,-0.7420960648384931,0.46430602645560864,-0.21784259950731916,0.9695518325760213,12.655644292058028,0.1972492250406406,0.1715231689365735,0.031737333780821546,0.8
50.97308832999988,6.123592068522991,4.270493335110619,-0.7347688626571013,0.5567256633283052,-0.18650838079618165,0.9070439372415922,12.658684164020922,0.1993538823501842,0.18095905871127632,0.03413161087485398,0.8500000000000001
51.09500578400184,6.07477090794659,4.31153842175532,-0.7315788131917768,0.6344997021908818,-0.07309053662474135,0.8762071631134115,12.657736055421314,0.20033203233088615,0.18645757331938972,0.03489371079049685,0.8514693182963202
51.131634495999606,6.0504543068580565,4.333888903231016,-0.7294980326559916,0.6705144442708916,-0.009371730413713086,0.8966453884677967,12.655912129136103,0.2003149819967946,0.18784782983025086,0.04967841220421558,0.8514693182963202
51.143587498998386,6.0504543068580565,4.333888903231016,-0.7294980326559916,0.6705144442708916,-0.009371730413713086,0.8966453884677967,12.655912129136103,0.2003149819967946,0.18784782983025086,0.04967841220421558,0.8514693182963202
51.21729283199966,6.0263216776580775,4.357469160439504,-0.7239788759993647,0.7074077162546453,0.03535392367300272,0.9412662399867981,12.653109847481812,0.20026881284006584,0.18823841581117157,0.035613564263998594,0.848528137423857
51.2194759060003,6.0263216776580775,4.357469160439504,-0.7239788759993647,0.7074077162546453,0.014452406212404623,0.9746889747074055,12.653109847481812,0.20026881284006584,0.18823841581117157,0.035613564263998594,0.848528137423857
51.26476584900229,6.002379641713317,4.38222155295286,-0.7182610783428142,0.7425717754006731,0.12526066070851585,1.037875348947802,12.649374427726965,0.19969580704489623,0.18766540718633923,0.05076093057137878,0.848528137423857
51.33933541300212,5.978694060104943,4.408033155789101,-0.7105674482511953,0.7743480850872473,0.09374257790481821,1.0113367143264507,12.644755097614905,0.19901563496237246,0.18616208315916724,0.035550315697898294,0.8514693182963202
51.34229032699659,5.978694060104943,4.408033155789101,-0.7105674482511953,0.7743480850872473,0.1071360186644186,0.9805061418479327,12.644755097614905,0.19901563496237246,0.18616208315916724,0.035550315697898294,0.8514693182963202
51.36925644399889,5.955187771953957,4.434756360488788,-0.7051886445295878,0.8016961409905984,0.21404474226815173,0.8629362853036123,12.639418532560756,0.1982563801605928,0.1838873796530695,0.05109072585064156,0.8514693182963202
51.45557913200173,5.931800873328333,4.46225844446544,-0.7016069587687096,0.8250625192995494,0.23847508968367928,0.8383008131303669,12.633508588837762,0.19780782719053944,0.1809775041855184,0.03974486981239686,0.8500000000000001
51.45844226599729,5.908662451740571,4.4900816722718355,-0.6941526476328753,0.8346968341918736,0.24464382811692842,0.8710075376725553,12.627293498415662,0.19803230709702221,0.17766484593977788,0.05865801558292681,0.8500000000000001
51.476431240997044,5.8861130801147,4.518090323231259,-0.6764811487761465,0.8402595287826946,0.2685019922908294,0.969494346257292,12.620654950770872,0.1987353078800523,0.17380455250263172,0.07630634457377684,0.8
51.57189336099691,5.8861130801147,4.518090323231259,-0.6764811487761465,0.8402595287826946,0.28534576830342573,1.0679653583747886,12.620654950770872,0.1987353078800523,0.17380455250263172,0.0,0.8
51.58046295699751,5.8642067650216045,4.546161324837643,-0.6571894527928521,0.8421300481915328,0.27056915809666904,1.1344750817678948,12.61364830809643,0.2009326260975501,0.16944546086519585,0.019606941586791916,0.8
51.61720130700269,5.8642067650216045,4.546161324837643,-0.6571894527928521,0.8421300481915328,0.2749954659781894,1.2018606613525757,12.61364830809643,0.2009326260975501,0.16944546086519585,0.019606941586791916,0.8
51.69074282699876,5.843336238594954,4.574429865559399,-0.6261157927995106,0.8480562216526697,0.2776651231080739,1.2187707247096882,12.605910631725342,0.2027004771267523,0.16567961692971295,0.023500093933817977,0.75
51.811033623002004,5.8051114405607835,4.631951703550426,-0.554204627437722,0.868968336433202,0.3322362604110316,1.2050390314293116,12.58765723863727,0.2116273354423569,0.17525785204994684,0.030566529667182138,0.75
51.81410046500241,5.7879587253843185,4.6613520179236225,-0.5145814552939562,0.8820094311958919,0.2901854482755598,1.2158504865357056,12.57688776607588,0.21615794715447326,0.18753863877178764,0.045139256807472036,0.7000000000000001
51.84683069000312,5.7879587253843185,4.6613520179236225,-0.5145814552939562,0.8820094311958919,0.30653803051206563,1.2118310261128753,12.57688776607588,0.21615794715447326,0.18753863877178764,0.045139256807472036,0.7000000000000001
51.93052487800014,5.772407052451726,4.691006416028074,-0.4665501879777682,0.8896319431335524,0.2676855705171469,1.2199940020334368,12.564949843245719,0.2199697784398288,0.20259303658271222,0.012872320528720038,0.7000000000000001
51.94261574700067,5.772407052451726,4.691006416028074,-0.4665501879777682,0.8896319431335524,0.21105769265255303,1.2320530225490214,12.564949843245719,0.2199697784398288,0.20259303658271222,0.012872320528720038,0.7000000000000001
51.979237441002624,5.758725012323792,4.720916327616467,-0.4104612038380182,0.8972973476517824,0.20790926527005701,1.2325882270307733,12.551656422703903,0.2220283486491762,0.1961653045547225,0.02405274748583691,0.7000000000000001
52.04886078299751,5.746839400650988,4.751261397585245,-0.35656835018409044,0.9103520990633426,0.2143863267725612,1.2314781780011241,12.536913713302669,0.2223472319694428,0.19281758921115638,0.026758288643904355,0.65
52.05082571799721,5.736570013429253,4.782133308386742,-0.30808161665207745,0.926157324044902,0.17595905528151767,1.2375533971770414,12.520766782547566,0.22393586668352947,0.1932445407397894,0.03743071895119526,0.65
52.06857255999785,5.736570013429253,4.782133308386742,-0.30808161665207745,0.926157324044902,0.22757463029649116,1.2291093473102446,12.520766782547566,0.22393586668352947,0.1932445407397894,0.03743071895119526,0.65
52.143865835001634,5.7276679968378215,4.813541408929989,-0.2670604977429315,0.9422430162974245,0.23961993270834392,1.226817952203524,12.503369799171407,0.2253198371402796,0.19766450180460604,0.04658245849409027,0.65
52.187658604001626,5.71989231267523,4.845476232661885,-0.23327052487774427,0.9580447119568598,0.24892728265044284,1.1919418719463153,12.484887464906752,0.2266397227645266,0.20510777561414972,0.033590932053320775,0.65
52.29171337199659,5.7075421733067095,4.911255205363096,-0.17047451737275687,0.9961876771619411,0.2956244864609216,1.0302467737701242,12.444532103449783,0.22996673970447934,0.21745791498267053,0.03833276345112733,0.65
52.29373124099948,5.70274676020507,4.945066763912438,-0.14386239304918466,1.0143467564802446,0.2991349676787176,0.9950193142837445,12.422828362754881,0.23163823602471834,0.2222533280843102,0.05220097199020358,0.65
52.331664284,5.698482611740631,4.979462980846716,-0.12792445393317836,1.0318865080283293,0.31191196709767754,0.8603898241516346,12.400390717351208,0.2334818312967087,0.2265174765487492,0.06221861629127118,0.6000000000000001
52.40978183099651,5.694596208681492,5.014404230702603,-0.11659209177416492,1.048237495676614,0.31516614518350855,0.8279611819156468,12.37735284211395,0.23537728061446933,0.23040387960788777,0.017887452029185964,0.6000000000000001
52.42565177100187,5.691008517651599,5.049857945104967,-0.1076307308968049,1.0636114320709273,0.32387602715785757,0.7258894876253381,12.353793302625217,0.2376862212522167,0.2339915706377811,0.03551091479812574,0.6000000000000001
52.45194436999736,5.691008517651599,5.049857945104967,-0.1076307308968049,1.0636114320709273,0.32932247893476374,0.6577793693596397,12.353793302625217,0.2376862212522167,0.2339915706377811,0.03551091479812574,0.6000000000000001
52.5349000990027,5.6875550343157375,5.0857895494022625,-0.10360450007584211,1.0779481289188668,0.3334163283916418,0.5897199307560488,12.329850783700993,0.24009333560901933,0.23744505397364257,0.021551745456702933,0.6000000000000001
52.53674841299653,5.684308523673047,5.122205157939662,-0.09739531928070762,1.0924682561220012,0.3161281108865901,0.5674601285587462,12.305472898302094,0.24254237994050104,0.24069156461633323,0.042244865116016675,0.6000000000000001
52.5779181350008,5.6812850380706506,5.159093425719653,-0.09070456807189206,1.1066480333997228,0.3408356134294973,0.4540080453498262,12.280658450597127,0.24505475806347823,0.24371505021872952,0.06135467448093581,0.6000000000000001
52.65075191199867,5.678413788858086,5.196348610500103,-0.08613747637691865,1.1176555434135096,0.3509189665243128,0.3870769843457405,12.255534357074728,0.24753583710138427,0.24658629943129373,0.03970130902860658,0.6000000000000001
52.77197256300133,5.675765043105725,5.233797883736234,-0.07946237257082213,1.1234781970839038,0.3664508590364038,0.374307951222198,12.230178844783895,0.24989583271018104,0.2492350451836547,0.023627392497949835,0.6000000000000001
52.77416065699799,5.675765043105725,5.233797883736234,-0.07946237257082213,1.1234781970839038,0.35619832151196834,0.35238929860804086,12.230178844783895,0.24989583271018104,0.2492350451836547,0.023627392497949835,0.6000000000000001
52.81789937400026,5.673532942937406,5.2712305211145924,-0.06696300504958343,1.1229791213507645,0.3681625893473668,0.20290438064474497,12.204610504848553,0.25192689088136283,0.2514671453519739,0.04597312251745695,0.6000000000000001
52.889766815002076,5.671661777746198,5.30853237360115,-0.05613495573623735,1.1190555745967128,0.3636930688951802,0.22845135570156813,12.178948567701704,0.2536678825821058,0.2533383105431817,0.020933521533172142,0.6000000000000001
52.940545967001526,5.670099031056188,5.345611261077291,-0.04688240070031333,1.1123666242842507,0.3553223593472669,0.2965864708387681,12.153293896651087,0.25513349577207867,0.2549010572331918,0.04129234561206902,0.6000000000000001
53.03594556100143,5.668946250033166,5.38212034132881,-0.0345834306906794,1.0952724075455658,0.3523692823028983,0.32983990335738805,12.127823097238132,0.2562161702671895,0.2560538382562143,0.02316523307156666,0.6000000000000001
53.03809223799908,5.668946250033166,5.38212034132881,-0.0345834306906794,1.0952724075455658,0.34296368249933856,0.3072570019151156,12.127823097238132,0.2562161702671895,0.2560538382562143,0.02316523307156666,0.6000000000000001
53.07415600900276,5.668176854014448,5.417893647857865,-0.023081880561516933,1.0731991958716671,0.3473091398617222,0.135277406388568,12.102669634220561,0.25693915834702,0.2568232342749317,0.04497788105565673,0.6000000000000001
53.140835587000765,5.668083393407764,5.452593043009828,-0.0028038182005333014,1.0409818545588696,0.3407403669593567,0.22178929786599152,12.077866729697257,0.2570012240252221,0.2569166948816157,0.040799084920476264,0.6000000000000001
53.246951164001075,5.670431727652177,5.517733975964812,0.04798071339606383,0.9541199010680647,0.32216115561251035,0.3550007242445017,12.029667965720494,0.25461326862475175,0.2545683606372027,0.030144372000818084,0.6000000000000001
53.28885719700338,5.672870611896774,5.547719000391389,0.07316652733790055,0.8995507327973082,0.30128023806269705,0.48863667443592723,12.00658236219198,0.2521635642356015,0.2521294763926063,0.041881332003903975,0.6000000000000001
53.370055282000976,5.676067220837158,5.575870629085506,0.09589826821153583,0.8445488608235014,0.292437212675815,0.5211381563786549,11.984299103407814,0.2489581742489421,0.24893286745222198,0.02558161090866637,0.6000000000000001
53.372048514997005,5.679887777079494,5.602341672676867,0.11461668727008271,0.7941313077408374,0.27412644532592845,0.5505224228722937,11.962795948042393,0.2451323417157687,0.24511231120988608,0.035097004294656,0.6000000000000001
53.373798626998905,5.679887777079494,5.602341672676867,0.11461668727008271,0.7941313077408374,0.23506058456608292,0.5860723454352772,11.962795948042393,0.2451323417157687,0.24511231120988608,0.035097004294656,0.6000000000000001
53.405021407001186,5.684245418723251,5.627382143568962,0.13072924931271046,0.7512141267628516,0.22039605770811616,0.6379048130980315,11.941950364718261,0.24076988056994883,0.24075466956612868,0.04291722192981328,0.6000000000000001
53.48486606700317,5.689060689706239,5.651156961258223,0.14445812948964235,0.7132445306778218,0.19036535565071575,0.6972542724223943,11.921696556058633,0.2359515558892093,0.23593939858314084,0.013293575688964448,0.6000000000000001
53.487232261002646,5.694255630657661,5.673818203884584,0.15584822854265376,0.6798372787908413,0.15661825929304607,0.736452898419864,11.901977905538105,0.23075370427542807,0.2307444576317188,0.01844761888278395,0.6000000000000001
53.49946060399816,5.694255630657661,5.673818203884584,0.15584822854265376,0.6798372787908413,0.15946912447733352,0.7941618018644873,11.901977905538105,0.23075370427542807,0.2307444576317188,0.01844761888278395,0.6000000000000001
53.53905710000254,5.699821754616705,5.695196256091094,0.1669837187713232,0.6413415661953185,0.13555826744503724,0.8582492751595165,11.88291717247225,0.22518567359527034,0.22517833367267492,0.022188670987792716,0.6000000000000001
53.60835075200157,5.705734634247648,5.71538496777095,0.17738638892827502,0.6056613503956623,0.12410678452267168,0.8907379963456212,11.864462072481448,0.2192710386725505,0.21926545404173226,0.00704031037285005,0.65
53.631968704998144,5.71185457072617,5.734733711470405,0.1835980943556795,0.5804623109836475,0.03777555201921784,0.9910633510871014,11.846462080328335,0.21314963052749744,0.21314551756320999,0.009419672530018566,0.65
53.736748558003455,5.7180776095545855,5.753532675325898,0.1866911648524753,0.5639689156648056,0.010868949897050062,1.0268388483731283,11.828784373776648,0.20692536328384845,0.20692247873479452,0.0030626732312039402,0.65
53.73891349900077,5.7180776095545855,5.753532675325898,0.1866911648524753,0.5639689156648056,-0.022199147314499235,0.9948105092592261,11.828784373776648,0.20692536328384845,0.20692247873479452,0.0030626732312039402,0.65
53.74141942099959,5.724294999876398,5.772085753479454,0.1865217096543849,0.556592344606666,0.004994588400090427,0.9613955730360507,11.811290782403734,0.2007067606143262,0.20070508841298196,0.006017924711634647,0.65
53.853407326001616,5.736370530902018,5.8092089620255525,0.17802975750981134,0.558765989634489,-0.007427248493956595,0.8323406405542196,11.776566304815745,0.1886290308692145,0.18862955738736176,0.001706022409260038,0.65
53.88753366799938,5.7419195231177715,5.828191601165467,0.1664697664725985,0.5694791741974348,-0.01854355789091816,0.9650987869247942,11.759265429654583,0.18307890238404056,0.18308056517160853,0.0026101907463945487,0.65
53.969763355002215,5.7419195231177715,5.828191601165467,0.1664697664725985,0.5694791741974348,-0.02097850136801413,1.0328712909667375,11.759265429654583,0.18307890238404056,0.18308056517160853,0.0005857871489332315,0.65
53.971771265001735,5.746988790048065,5.847699094751316,0.15207800790880713,0.585224807575449,-0.021767040759012035,1.066727108052348,11.741944749672047,0.17800835729956221,0.1780112982413149,0.0005750579908442149,0.65
53.97361713399732,5.746988790048065,5.847699094751316,0.15207800790880713,0.585224807575449,-0.059454845398197204,1.0989483629151124,11.741944749672047,0.17800835729956221,0.1780112982413149,0.0005750579908442149,0.65
53.99662298899784,5.751463770703004,5.867908626363744,0.13424941964815296,0.6062859483728499,-0.025218776550483407,1.1697476272841487,11.72456334179576,0.17353205249040585,0.17353631758637622,5.607639378952647e-05,0.7000000000000001
54.09526308200293,5.758418698695317,5.91069664335407,0.09376211231466104,0.6537415221884684,-0.0289152243213482,1.2369436615707239,11.689596574452354,0.16657354182314235,0.16658138959406266,0.0002532354624901374,0.7000000000000001
54.10313411399693,5.760699154608177,5.933422958390156,0.06841367738578767,0.6817894510825677,-0.013123158788448386,1.2499311111830975,11.67205719513496,0.16429074804603797,0.16430093368120335,0.001010706435794905,0.7000000000000001
54.15352667999832,5.762069311523993,5.957076639840672,0.041104707474492276,0.7096104435154889,0.005690163687945301,1.2499870487477875,11.654539416693328,0.16291753615399868,0.16293077676538736,0.002164686377283678,0.7000000000000001
54.20854421099648,5.762569788395377,5.981373421369824,0.015014306141504879,0.7289034458745727,0.005690163687945301,1.2499870487477875,11.637217883008715,0.16241346448480326,0.16243029989400348,0.003592496880395184,0.7000000000000001
54.22540909700183,5.762569788395377,5.981373421369824,0.015014306141504879,0.7289034458745727,-0.013458748138128265,1.2499275427393999,11.637217883008715,0.16241346448480326,0.16243029989400348,0.003592496880395184,0.7000000000000001
54.23900991400296,5.7622106231932175,6.0061957716547125,-0.010774956064782853,0.7446705085466603,0.05224087217129725,1.2489078794189676,11.620172054611416,0.1627676522625477,0.16278946509616254,0.005681775345448368,0.7000000000000001
54.32674143299664,5.7622106231932175,6.0061957716547125,-0.010774956064782853,0.7446705085466603,0.08568417926835861,1.2432370947451892,11.620172054611416,0.1627676522625477,0.16278946509616254,0.0027894717916628845,0.7000000000000001
54.347353128003306,5.759254176723786,6.0576250644098675,-0.05550476359208565,0.779646853415289,0.07792431843398934,1.2427848545474314,11.586536820513192,0.16570995627427026,0.16574591156559393,0.009706549237349711,0.7000000000000001
54.38267329100199,5.756816127712612,6.084498152284745,-0.07314147033522193,0.806192636246317,0.10243106926001291,1.2266902095895789,11.569658032868691,0.16813764937072173,0.16818396057676832,0.013605361311622663,0.7000000000000001
54.44684814899665,5.753786643577029,6.1124342356037085,-0.09088452406748122,0.8380824995689022,0.1297431669288352,1.2062053220002258,11.552509867188554,0.17115295151531118,0.17121344471235123,0.015925579684477248,0.7000000000000001
54.448876257003576,5.753786643577029,6.1124342356037085,-0.09088452406748122,0.8380824995689022,0.09296506537796445,1.2024290402532214,11.552509867188554,0.17115295151531118,0.17121344471235123,0.015925579684477248,0.7000000000000001
54.48528717100271,5.750370201025579,6.141507548748384,-0.10249327654351861,0.872199394340274,0.16446241289961522,1.1625774768968165,11.534900080908832,0.1745495489132762,0.17462988726380146,0.020483250260741527,0.7000000000000001
54.56664895999711,5.746665315274551,6.1716885255939005,-0.11114657253083797,0.9054293053654845,0.19448258674197533,1.124139085227752,11.516784411902337,0.17822987826647185,0.17833477301482947,0.009881525304235955,0.65
54.579316905997985,5.742593876776269,6.202881013920647,-0.12214315494844585,0.9357746498024099,0.20146659715025306,1.0219561164715008,11.498292281412596,0.18226212635975292,0.18240621151311132,0.019104801036503586,0.65
54.61495720499806,5.738413851553941,6.2350051410704355,-0.12540075666983713,0.9637238144936511,0.211090366040676,0.9526614921201931,11.479297323829254,0.18639205019567004,0.1865862367354394,0.02719387148159974,0.65
54.68961666800169,5.734071233737864,6.267963368988871,-0.13027853448229426,0.9887468375530749,0.21797114360311998,0.9213168917427417,11.45991107782571,0.19066558074310905,0.1909288545515162,0.013566412996365003,0.65
54.693984008998086,5.729653407657614,6.301654928362634,-0.1325347824075029,1.0107467812128657,0.2266138263436399,0.8199345051581732,11.440143702430865,0.1949782688231252,0.19534668063176586,0.02577417540065196,0.65
54.81247642500239,5.729653407657614,6.301654928362634,-0.1325347824075029,1.0107467812128657,0.2409854709464744,0.7192876957867286,11.440143702430865,0.1949782688231252,0.19534668063176586,0.0,0.65
54.81425024099735,5.7250681364861995,6.335977468900324,-0.13755813514244772,1.0296762161306812,0.2539393707925084,0.6899006246551634,11.420137021153563,0.19942384282708506,0.19993195180318057,0.01393779665218188,0.65
54.85330028500175,5.7205982579430374,6.370862690700288,-0.1340963562948639,1.046556653998932,0.2615866585252249,0.7013396652240573,11.399734080266787,0.20370513512964852,0.20440183034634263,0.027539234806027886,0.65
54.87298632499733,5.7205982579430374,6.370862690700288,-0.1340963562948639,1.046556653998932,0.25948313684251206,0.6685565780535752,11.399734080266787,0.20370513512964852,0.20440183034634263,0.027539234806027886,0.65
54.95011326399981,5.716296731486185,6.406247095697773,-0.1290457937055645,1.0615321499245585,0.27064621614516654,0.5317759382820977,11.3789417015357,0.20770828993611318,0.20870335680319485,0.032516834172187904,0.65
54.9716855029983,5.716296731486185,6.406247095697773,-0.1290457937055645,1.0615321499245585,0.2665983967447719,0.5151605448575038,11.3789417015357,0.20770828993611318,0.20870335680319485,0.032516834172187904,0.65
55.05123106200335,5.712167450918484,6.442066993300112,-0.12387841703105124,1.074596928070166,0.26442741713658646,0.5119897409107645,11.357802287702269,0.2114242790636971,0.2128326373708962,0.016675046762806782,0.65
55.06646660200204,5.708114247790403,6.478266454498593,-0.12159609384241517,1.0859838359544363,0.26609434931115283,0.47795234154528676,11.336426629090838,0.21491214862431973,0.21688584049897663,0.032766131911338994,0.65
55.111454906997096,5.704027077728302,6.514797968895782,-0.12261510186303691,1.0959454319156596,0.2475769158915131,0.4809993800928196,11.314930453351762,0.21818097297649408,0.2209730105610781,0.04550511941730316,0.65
55.16906046600343,5.704027077728302,6.514797968895782,-0.12261510186303691,1.0959454319156596,0.2475769158915131,0.4809993800928196,11.314930453351762,0.21818097297649408,0.2209730105610781,0.020201054995106833,0.65
55.17456150199723,5.7001578064568825,6.551270187866128,-0.11607813814257191,1.0941665691103668,0.2623330808719458,0.38246711568623293,11.293390573827947,0.2207899308263463,0.22484228183249755,0.03843923376803851,0.65
55.233782378003525,5.696552118883487,6.587437532569499,-0.10817062720188557,1.0850203411011434,0.2548592573588323,0.30153607276845507,11.27193555329727,0.22259713567872386,0.2284479694058934,0.05253907547410871,0.6000000000000001
55.29692324200005,5.696552118883487,6.587437532569499,-0.10817062720188557,1.0850203411011434,0.23138636057328466,0.322813297275114,11.27193555329727,0.22259713567872386,0.2284479694058934,0.00882907710469506,0.6000000000000001
55.31391091200203,5.6932145920714,6.623060091470164,-0.10012580436260675,1.0686767670199413,0.1545490853065752,0.39299179726575706,11.250718701075384,0.2233596945390609,0.23178549621797995,0.01669364091812182,0.6000000000000001
55.41622643000301,5.690206568601962,6.658012764679564,-0.0902407040831515,1.0485801962820283,0.06862062104938774,0.44387187643006165,11.22977290818732,0.22258720933663761,0.23479351968741824,0.010260737590582358,0.6000000000000001
55.451901380998606,5.6875154857421695,6.692289247375983,-0.0807324857937611,1.028294480892577,-0.060803159862595546,0.4421345937799488,11.20910675732769,0.21939727232878622,0.2374846025472106,0.018656519747023932,0.6000000000000001
55.46696338499896,5.6875154857421695,6.692289247375983,-0.0807324857937611,1.028294480892577,-0.060803159862595546,0.4421345937799488,11.20910675732769,0.21939727232878622,0.2374846025472106,0.018656519747023932,0.6000000000000001
55.54869435800356,5.685220624694278,6.725638712816631,-0.06884583143674931,1.0004839632194236,-0.040329487887211274,0.3028219437929248,11.188821042852517,0.21196660499264022,0.23977946359510227,0.011307317203718107,0.6000000000000001
55.59317297799862,5.683340778164348,6.757900967156429,-0.05639539589788875,0.9678676301939617,-0.027226909428437057,0.23625923842583285,11.169000432652584,0.19760602843297992,0.21832518997408104,0.01947446673555357,0.6020797289396148
55.599540133996925,5.683340778164348,6.757900967156429,-0.05639539589788875,0.9678676301939617,-0.027226909428437057,0.23625923842583285,11.169000432652584,0.19760602843297992,0.21832518997408104,0.01947446673555357,0.6020797289396148
55.694048368997755,5.681862408412814,6.788953304843507,-0.04435109254600599,0.931570130612353,-0.027226909428437057,0.23625923842583285,11.149728440175213,0.18054944358965408,0.19741323670026423,0.016908737354855354,0.6020797289396148
55.724001690003206,5.680800289109347,6.818757941320014,-0.03186357910402342,0.8941390942952098,-0.11334584396621022,0.19737975162589574,11.131011171001115,0.16333557691629688,0.17708920789883761,0.021389093155927165,0.608276253029822
55.79297671299719,5.680800289109347,6.818757941320014,-0.03186357910402342,0.8941390942952098,-0.14505289350333475,0.20675942828740873,11.131011171001115,0.16333557691629688,0.17708920789883761,0.00850852542170389,0.608276253029822
55.79496346299857,5.680201966097288,6.847013404383192,-0.0179496903617796,0.8476638918953692,-0.1404066134747452,0.17229016297079214,11.113002001615452,0.14571150653388623,0.15753265662046487,0.014442533573335525,0.608276253029822
55.79835347399785,5.680201966097288,6.847013404383192,-0.0179496903617796,0.8476638918953692,-0.15069388165030978,0.16588515970574044,11.113002001615452,0.14571150653388623,0.15753265662046487,0.014442533573335525,0.608276253029822
55.83561278900015,5.679951261065596,6.873802141333821,-0.007521150950757002,0.8036621085188396,-0.20381303302620157,0.20509582328400566,11.095726936916865,0.12852573716389265,0.13876743429123994,0.01719547052783029,0.6184658438426491
55.90058024699829,5.679814720932138,6.899352273685251,-0.004096204003721954,0.7665039705428942,-0.2597284469867982,0.2433590417260276,11.079207905455737,0.11205650240452993,0.12079731089960172,0.007832008191849166,0.6184658438426491
55.93018961099733,5.679473786584432,6.92374956008799,-0.010228030431190829,0.7319185920821755,-0.2929934178276557,0.256400754346281,11.063626534150366,0.09595642183012552,0.10378690123087696,0.01125235385331617,0.632455532033676
56.01789652599837,5.679473786584432,6.92374956008799,-0.010228030431190829,0.7319185920821755,-0.3656666241725639,0.3276219769460662,11.063626534150366,0.09595642183012552,0.10378690123087696,0.00512098941175448,0.632455532033676
56.01993024400144,5.678749052815498,6.947046281108673,-0.021742013068035887,0.6989016306204826,-0.39362199091522304,0.3479046346847401,11.049082062327944,0.08082062769827016,0.08782609598030962,0.009647761148361226,0.632455532033676
56.04393978299777,5.6777671106359815,6.9690044934509086,-0.02945826538547707,0.6587463702670793,-0.4767423505502002,0.40615543847231833,11.035628833786877,0.06677557609087437,0.07299363310424936,0.013712060737649323,0.65
56.07906568200269,5.6764832904968365,6.989435909127134,-0.038514604174339696,0.6129424702867524,-0.5343199810934909,0.4428377451524155,11.023418500886631,0.05394388679519706,0.05945423845656258,0.01718271776300633,0.65
56.147457990002295,5.674759549244381,7.008490587456703,-0.05171223757365489,0.5716403498870736,-0.5630089092908549,0.4609238616800216,11.012455784303468,0.04210607781814457,0.047199415325017924,0.015580570753168663,0.670820393249937
56.16051925699867,5.672603523669924,7.026251501081098,-0.06468076723372401,0.5328274087318433,-0.6479144685685435,0.5164951828528874,11.002678273730355,0.03147119985705222,0.03616509316525033,0.019447653190938694,0.670820393249937
56.16566213400074,5.672603523669924,7.026251501081098,-0.06468076723372401,0.5328274087318433,-0.6479144685685435,0.5164951828528874,11.002678273730355,0.03147119985705222,0.03616509316525033,0.019447653190938694,0.670820393249937
56.25878067099984,5.670040309838736,7.04272110891871,-0.07689641493562432,0.4940882351283748,-0.7048369627780225,0.5535643523896303,10.994062293995125,0.022019327202144286,0.026331787661455712,0.012478893003370187,0.670820393249937
56.266334498002834,5.666843665891575,7.058142978613018,-0.09589931841484312,0.4626560908292527,-0.7888773203449506,0.6126870483053066,10.986622595919556,0.013747533313494341,0.0176872476341116,0.017164917487291275,0.6946221994724903
56.3192546470018,5.662851941068431,7.0727665349211035,-0.11975174469432127,0.4387066892425501,-0.8715474832144436,0.6738163803582096,10.98032228766795,0.006554670323326983,0.010169407494676893,0.02076841043824367,0.6946221994724903
56.40905536599894,5.6517346934383585,7.100626111893774,-0.18349813372313512,0.41208836059144915,-0.919206489589409,0.7131402464000969,10.971072031281006,0.004851224093948908,0.0016692071163329034,0.017881600730405827,0.7211102550927979
56.49537104799674,5.64438486207804,7.114099141844913,-0.22049494080956134,0.40419089853415563,-0.8689101099680087,0.6881548506342356,10.968146523484585,0.00895004845433883,0.0059989623624535585,0.014057497564637738,0.6800735254367722
56.524906616003136,5.635746824340543,7.127388764893839,-0.2591411321249142,0.3986886914677642,-0.7931595457148254,0.6211615868974647,10.966352595899416,0.011996188108840391,0.009288129879432474,0.016575868958126003,0.6800735254367722
56.56379500500043,5.625727790833246,7.140591023295325,-0.3005710052188927,0.3960677520446062,-0.7403330411905638,0.5938322784904155,10.965703934544901,0.01406775589616495,0.011539009788156277,0.018183274997932063,0.6800735254367722
56.739471847999084,5.587350773662461,7.179486169527034,-0.42515994163390736,0.385471587617683,-0.7446346654337411,0.6042506755847166,10.97081166224417,0.014048503955718473,0.01190538236066496,0.0046117265273917865,0.6726812023536856
56.74219943099888,5.587350773662461,7.179486169527034,-0.42515994163390736,0.385471587617683,-0.8127913629368406,0.5370546184579914,10.97081166224417,0.014048503955718473,0.01190538236066496,0.0046117265273917865,0.6726812023536856
56.749069908997626,5.57154794745118,7.192545132430768,-0.474084786338415,0.39176888711200897,-0.7050199013744547,0.6289405324011978,10.974854311567421,0.012063494874651427,0.009965178009249566,0.004058886292504426,0.6726812023536856
56.85469214800105,5.554052050080732,7.205865726657383,-0.5248769211134616,0.3996178267984782,-0.6756338606815137,0.6186313890335976,10.980087146357567,0.009107611631721012,0.007012792842735923,0.0012333535600042274,0.7071067811865476
56.85655535999831,5.554052050080732,7.205865726657383,-0.5248769211134616,0.3996178267984782,-0.6868243685631958,0.5964160412953309,10.980087146357567,0.009107611631721012,0.007012792842735923,0.0012333535600042274,0.7071067811865476
56.877306278001925,5.534841651767133,7.219447555155766,-0.5763119494079663,0.4074548549515002,-0.6252799912239146,0.5875765356279576,10.986534461628704,0.005123889409496354,0.003032792958014714,0.0033815246277705143,0.6726812023536856
56.9146954750031,5.534841651767133,7.219447555155766,-0.5763119494079663,0.4074548549515002,-0.5724224504868081,0.5462763546656909,10.986534461628704,0.005123889409496354,0.003032792958014714,0.0033815246277705143,0.6726812023536856
57.09522943999764,5.467922527888468,7.261127027581579,-0.7062226338590191,0.4202573288605991,-0.4480121244971261,0.5634153582215919,11.012853627348845,0.01228008429395386,0.014814335739082229,0.014493747254804614,0.6800735254367722
57.12534481199691,5.443688054125516,7.275225876170368,-0.7270342128885385,0.4229654576636836,-0.48106744687857683,0.4924715383169785,11.023124708792139,0.019061689886715905,0.02198130503129742,0.02043406314343655,0.651920240520265
57.13214849700307,5.443688054125516,7.275225876170368,-0.7270342128885385,0.4229654576636836,-0.4792481657433307,0.45986589397104277,11.023124708792139,0.019061689886715905,0.02198130503129742,0.02043406314343655,0.651920240520265
57.212667995998345,5.418811556038467,7.289306519573517,-0.7462949426115034,0.42241930209448436,-0.48298877887056957,0.42728657622484456,11.033973830125529,0.026276935023637423,0.029615127086987963,0.01664761245563928,0.651920240520265
57.216476380999666,5.393642552968477,7.303467332490822,-0.7550700920996776,0.4248243875191337,-0.44313919625328857,0.34066578819303917,11.045067509798239,0.033508906830466256,0.03739909299254254,0.024841586011512692,0.670820393249937
57.254485106001084,5.368267480334457,7.317632328749696,-0.7612521790206117,0.4249498877662151,-0.42806671211944475,0.2740151905092769,11.056385667251574,0.04066876605982157,0.04532581401502766,0.032564311860117476,0.670820393249937
57.33166158200038,5.342711506802495,7.331756835849962,-0.7666792059588647,0.4237352130080068,-0.4196422340873882,0.241834069958427,11.067936450944824,0.04798240054362249,0.053409081447786215,0.007332897292143642,0.65
57.34170409700164,5.342711506802495,7.331756835849962,-0.7666792059588647,0.4237352130080068,-0.4653534073144149,0.21164693304722076,11.067936450944824,0.04798240054362249,0.053409081447786215,0.007332897292143642,0.65
57.37345421699865,5.3169415121450845,7.345802350604035,-0.7730998397223139,0.42136544262216463,-0.5334708867882569,0.21313871792962227,11.079769956465084,0.054976369710177164,0.06169954069332162,0.010267711038783838,0.65
57.40464790700207,5.291343739926256,7.359764498128426,-0.7679331665648539,0.418864425731747,-0.5665798307574956,0.20900122427058948,11.091582381645384,0.06189906210049811,0.06992716981810007,0.012412736304741013,0.6800735254367722
57.4576162700032,5.266217271519689,7.373628657038476,-0.7537940521970186,0.41592476730151257,-0.6001350227136264,0.20077019197832358,11.103143191790831,0.0680178747329194,0.07789082523490871,0.0016946969885752105,0.6800735254367722
57.464640302998305,5.24158014943858,7.387365612757613,-0.7391136624332619,0.41210867157410636,-0.6677421294841448,0.20830804347744744,11.114452872976232,0.07359831236549574,0.08559840678552101,0.0018998230311396398,0.6670832032063168
57.51403045799816,5.217282601271098,7.400960222105549,-0.7289264450244557,0.40783828043807907,-0.7695283280421014,0.21222754364980945,11.125637165191632,0.07851660529145739,0.09316652740344662,0.0016528143592295884,0.7158910531638177
57.5804087409997,5.193486349183946,7.414228168162572,-0.7138875626145542,0.3980383817107086,-0.7795946960500142,0.18800426126478953,11.136675015441705,0.08247232532553724,0.10061116399175751,0.0038962938042755024,0.7071067811865476
57.63322804299969,5.170329854214545,7.42698943726707,-0.6946948490820307,0.38283807313493823,-0.6930107319572165,0.08555381828093833,11.147559324034892,0.08580572021617926,0.10796169869279602,0.007807032279525048,0.7071067811865476
57.69501501900231,5.147895253193572,7.439041343759671,-0.6730380306292021,0.36155719477801984,-0.6771802176450568,0.06432211771347351,11.158339913174231,0.08748063838789505,0.11530337240079666,0.0002643320087667135,0.70178344238091
57.70770647699828,5.1257163289873,7.450421243642902,-0.6653677261881529,0.34139699649693017,-0.7360810532447093,0.09729999074227463,11.169362785978473,0.0877676010060466,0.12293943572981736,0.0009939970934032636,0.7516648189186454
57.756013420003,5.1257163289873,7.450421243642902,-0.6653677261881529,0.34139699649693017,-0.7920833871943764,0.1789140338548738,11.169362785978473,0.0877676010060466,0.12293943572981736,0.0009939970934032636,0.7516648189186454
57.831544373002544,5.0810906904394635,7.4712415263866845,-0.6730684200416652,0.3024536093297262,-0.7209380823578636,0.1589946303283999,11.19290686263305,0.08262206515460054,0.10375858648961156,0.004960173797623264,0.75
57.882883293001214,5.058341883741712,7.480651719549383,-0.6824642009325499,0.282305794880943,-0.6700444608046481,0.2031707912726828,11.205683966148781,0.07926938840296943,0.09434839332691336,0.006012309750841391,0.75
57.93356660399877,5.035266002771931,7.489369634438032,-0.6922764290934408,0.2615374466594835,-0.6455400192164275,0.22607840870228416,11.219172708831623,0.07492831762746503,0.08563047843826421,0.0020148691249833417,0.75
57.9982729129988,5.0119878009273755,7.497325074974294,-0.6983460553366763,0.23866321608788293,-0.6442033531567084,0.3695745464253952,11.233311261424925,0.0712874925924391,0.0776750379020017,0.0023063225025414325,0.75
58.05757554699812,4.988651267576827,7.504406515855655,-0.7000960005164465,0.21244322644081973,-0.6350467421160712,0.4000953765339097,11.24804556942746,0.06774911500760025,0.07059359702064061,0.0006191536505646154,0.75
58.07263304299704,4.965344904303101,7.510615042494028,-0.6991908982118019,0.186255799151198,-0.6589703183770264,0.4131006014363561,11.263299598055061,0.06506948514564649,0.0643850703822677,0.0011713548228721488,0.75
58.09827690500242,4.942104806928829,7.515958536642381,-0.6972029212281554,0.160304824450575,-0.6220578065505796,0.5320036840329403,11.279035701623094,0.06323166421415918,0.05904157623391537,0.0020622775840330497,0.7516648189186454
58.173788362997584,4.895536061648221,7.524445310536875,-0.7003642486120745,0.11924032706681932,-0.6112186685171548,0.5990924406284771,11.311943947285933,0.062398272532988526,0.05055480233942067,0.026699942031978206,0.7566372975210779
58.20066296999721,4.872062668195327,7.5278888757940825,-0.7042018035868024,0.10330695771622529,-0.6333901930786201,0.6985103299145892,11.329054330729704,0.06326249555417199,0.04711123708221354,0.034314287388028095,0.7566372975210779
58.34844157900079,4.825261609565039,7.534076696682722,-0.7004749203874981,0.09446138660118873,-0.6641170986537787,0.9331534363895908,11.363631507403475,0.06829557192528575,0.04092341619357409,0.023437724624540735,0.7648529270389178
58.452043837998644,4.778691053411458,7.5423925757189005,-0.6985929540891949,0.13643372534604947,-0.6261321878200957,1.081877295896175,11.396886224260474,0.07506715540761504,0.05580243164378658,0.044278877053511266,0.7762087348130012
58.53423752800154,4.755413492457026,7.547827666515886,-0.698326828632948,0.1630527239095552,-0.5957129660112451,1.0983642329071452,11.412811191140808,0.07860632793815875,0.0684189632852354,0.01542040430510655,0.7762087348130012
58.53640994199668,4.732254890906369,7.554436459453527,-0.6947580465197101,0.19826378812922799,-0.6013026452332353,1.09585570415146,11.427994158743646,0.08098914920655627,0.0705636541678274,0.0300442421864355,0.7433034373659253
58.585098183997616,4.7091845358470374,7.5623079277166925,-0.6921106517799479,0.23614404789496568,-0.5031075666995289,1.1442826470455973,11.442413762566463,0.08215129346290609,0.06269218590466163,0.04354782638285259,0.7433034373659253
58.65697520499816,4.6860995404984225,7.571440440090677,-0.6925498604584442,0.2739753712195183,-0.48156261889875923,1.1535152552434529,11.456160429598016,0.082695661686005,0.053559673530677365,0.02280053255946927,0.7615773105863909
58.67308032100118,4.6860995404984225,7.571440440090677,-0.6925498604584442,0.2739753712195183,-0.5294289328706783,1.1277527331164348,11.456160429598016,0.082695661686005,0.053559673530677365,0.02280053255946927,0.7615773105863909
58.675361907997285,4.662902822616629,7.581723405086526,-0.6959015364537964,0.30848894987547637,-0.49860716086675383,1.1117966484362354,11.46938241158494,0.0835679299974009,0.04493569725405006,0.03309364369610489,0.7615773105863909
58.77879931699863,4.63949105075211,7.593234140868095,-0.702353155935572,0.3453220734470642,-0.4881078610054972,0.8961228289431407,11.482126611580451,0.08343274598478315,0.04757060280993818,0.014956541913772648,0.7826237921249265
58.82640258700121,4.615767832883824,7.605844953529692,-0.7116965360485746,0.37832437984790257,-0.431574240786084,0.8522681650854652,11.494551299087622,0.08565914128416252,0.05542825988688028,0.029655309630110944,0.73824115301167
58.84191190999991,4.615767832883824,7.605844953529692,-0.7116965360485746,0.37832437984790257,-0.4428299342347663,0.8120189086603722,11.494551299087622,0.08565914128416252,0.05542825988688028,0.029655309630110944,0.73824115301167
58.914781728999515,4.5917702839992005,7.619798729724366,-0.7199264665387061,0.418613285840202,-0.381539996661425,0.8258234391151891,11.50649559316487,0.08778261620407711,0.06253027966464005,0.015765808654072597,0.7632168761236874
58.947074613999575,4.567431888865344,7.635104240821857,-0.7301518540156855,0.45916533292472944,-0.27676564456071573,0.8190962687457086,11.518017710112312,0.08965866472844113,0.06891749322042572,0.031264088597558914,0.7632168761236874
59.01145028800238,4.542949395620571,7.651922375422921,-0.7344747973431839,0.5045440380319299,-0.24655341451481555,0.8064694050724185,11.528873375453509,0.09223670704349554,0.07433701319083781,0.017707334026350125,0.75
59.02699968399975,4.518502842726081,7.670280473019242,-0.7333965868347195,0.5507429278896414,-0.1687738484784256,0.7507418020849692,11.538907269342529,0.09361324860538286,0.07864220121912431,0.03471800280810562,0.75
59.04111294999893,4.494272153272291,7.690149223329876,-0.7269206836136911,0.5960625093190263,-0.1709157366788192,0.7190074789716905,11.547995256518714,0.09531473740251649,0.08172655796637261,0.048785487533451646,0.7810249675906654
59.13409408800362,4.494272153272291,7.690149223329876,-0.7269206836136911,0.5960625093190263,-0.1067656690975344,0.6699112778961909,11.547995256518714,0.09531473740251649,0.08172655796637261,0.0,0.7810249675906654
59.190494224996655,4.446182538825969,7.733518953632954,-0.7200297386799918,0.6649181219834206,-0.20085707271588796,0.7499631573264758,11.564094105783617,0.09702865364415618,0.08506402005047568,0.028191750837549302,0.7778174593052023
59.25679325999954,4.446182538825969,7.733518953632954,-0.7200297386799918,0.6649181219834206,-0.17466503479024895,0.7287648280334644,11.564094105783617,0.09702865364415618,0.08506402005047568,0.028191750837549302,0.7778174593052023
59.25913270399906,4.422298215794267,7.756349713050743,-0.716529690951043,0.6849227825336577,-0.14644575142112137,0.7088650567569982,11.57150857870875,0.09778821767178676,0.0858090020262847,0.04222623895590548,0.7433034373659253
59.28905014000338,4.422298215794267,7.756349713050743,-0.716529690951043,0.6849227825336577,-0.05557046447930392,0.6636934255548678,11.57150857870875,0.09778821767178676,0.0858090020262847,0.04222623895590548,0.7433034373659253
59.397756498998206,4.398792428387716,7.779657583581793,-0.7051736221965522,0.6992361159314999,-0.029191501326660242,0.6534995518334498,11.578434980958464,0.0988995291130083,0.08594895039106325,0.01690385984959894,0.7810249675906654
59.39981755700137,4.375790831275085,7.803138699790515,-0.6900479133789243,0.7044334862616556,-0.03366872576742028,0.6372888241249692,11.584934449153762,0.09996997663898384,0.08560987918650893,0.03327618655020583,0.75
59.403447021999455,4.375790831275085,7.803138699790515,-0.6900479133789243,0.7044334862616556,0.036792796622027224,0.7093644462546731,11.584934449153762,0.09996997663898384,0.08560987918650893,0.03327618655020583,0.75
59.48786558499705,4.3533060331114655,7.82662503523108,-0.6745439449085808,0.7045900632169521,0.1257310274029636,0.7235532364421209,11.591086089438331,0.1016745300831579,0.08490168538636925,0.01640302758295531,0.75
59.49054078199697,4.331555057119036,7.850088989686052,-0.6525292797728615,0.7039186336491564,0.08895399008771934,0.7441391298057022,11.596719546446753,0.10359836878925112,0.08369042669947896,0.03209758044984425,0.7632168761236874
59.53261614099756,4.310487612032465,7.87350395389088,-0.6320233525971561,0.7024489261448502,0.17261486026334275,0.8625379087116203,11.601888027660943,0.10604503427468805,0.08203048001199426,0.04554405501067515,0.7632168761236874
59.60811282200302,4.290502845170341,7.896632766344033,-0.5995430058637096,0.6938643735945892,0.193755908205579,0.8897175409949949,11.606377534192468,0.10945458262061977,0.0798073040542183,0.028979910132892264,0.8062257748298549
59.61058609299653,4.290502845170341,7.896632766344033,-0.5995430058637096,0.6938643735945892,0.18248696559658562,0.9237099463944367,11.606377534192468,0.10945458262061977,0.0798073040542183,0.028979910132892264,0.8062257748298549
59.65875297199818,4.271580888743615,7.919417943478929,-0.5676586928017805,0.6835553140468681,0.24183506882017225,1.0495074879809356,11.610228972070274,0.1124394664099368,0.07707559449425107,0.04108618301350885,0.7826237921249265
59.73057368800073,4.25365597475191,7.94200815576521,-0.5377474197511685,0.6777063685884315,0.26650067417103285,1.1134537033830436,11.613412686079874,0.11841883884997904,0.07860310911032822,0.025188015874131053,0.7826237921249265
59.745055086998036,4.236902258421566,7.964344891561207,-0.5026114899103096,0.6701020738798986,0.20747453555532758,1.147615088210154,11.615806501041616,0.12386676333448429,0.0887398292475299,0.037098170018662606,0.8
59.799160453003424,4.236902258421566,7.964344891561207,-0.5026114899103096,0.6701020738798986,0.19973021044377087,1.2339399673550115,11.615806501041616,0.12386676333448429,0.0887398292475299,0.037098170018662606,0.8
59.855959177999466,4.221373299258708,7.986476414438331,-0.46586877488571193,0.663945686313751,0.18783844877670514,1.2358061001472525,11.61733343430486,0.1292921832060381,0.10362676518881386,0.013642224730540654,0.8
59.87862489899999,4.207168273530887,8.00854498679779,-0.42615077183463745,0.6620571707837751,0.21218849888428126,1.2318587747551402,11.617828701874553,0.134584117631635,0.11783179091663509,0.02597028127207521,0.7905694150420949
59.91274850699847,4.207168273530887,8.00854498679779,-0.42615077183463745,0.6620571707837751,0.2376183889910392,1.2272071957144415,11.617828701874553,0.134584117631635,0.11783179091663509,0.02597028127207521,0.7905694150420949
59.972844019997865,4.194288378202483,8.030900054114,-0.3863968598521132,0.6706520194862677,0.24671632273455052,1.2254105663394377,11.61710363590546,0.13855340286201945,0.12361057559409686,0.015445316929304223,0.75
59.98973827900045,4.182585129593529,8.053724924284,-0.3510974582686,0.6847461050999945,0.29026195066420174,1.2158322252665505,11.615186610768848,0.14131755063596177,0.11670764209561287,0.029778157496678122,0.75
60.02571436799917,4.171907689858613,8.077141839284117,-0.320323192047495,0.7025074500035144,0.3040149027788091,1.2124664691810618,11.612141806867088,0.14294540044589718,0.11365937128298102,0.0428222926497325,0.75
60.0370728659982,4.171907689858613,8.077141839284117,-0.320323192047495,0.7025074500035144,0.3166383595972378,1.2092312224018904,11.612141806867088,0.14294540044589718,0.11365937128298102,0.0428222926497325,0.75
60.12827094500244,4.153760937810491,8.126563503590127,-0.25732866750404837,0.7551686389930434,0.3525238784759402,1.0808636709751673,11.602138383025169,0.14827947395538346,0.12123912589197339,0.03544493960813066,0.75
60.144688170003064,4.153760937810491,8.126563503590127,-0.25732866750404837,0.7551686389930434,0.3525238784759402,1.0808636709751673,11.602138383025169,0.14827947395538346,0.12123912589197339,0.03544493960813066,0.75
60.20800019300077,4.146025633059629,8.152625068124399,-0.2320591425258734,0.7818469360281589,0.36119706073803376,1.0478619716540913,11.59538159260006,0.15028146129768902,0.12897443064283554,0.019248203887522564,0.7000000000000001
60.22261469800287,4.139107318464846,8.17981727284872,-0.2075494378434815,0.8157661417296274,0.37927467328596104,0.9473989496697934,11.587404650564377,0.15313946484280935,0.1358927452376184,0.038318982604355345,0.7000000000000001
60.2627088060035,4.132829688016394,8.208230587335583,-0.1883289134535457,0.8523994346059075,0.38855761806293004,0.87942564200811,11.578317271525053,0.15529758087805434,0.14217037568606994,0.055608901416066316,0.7000000000000001
60.326885139002115,4.12699529720342,8.237827822295783,-0.17503172438922537,0.8879170488059682,0.39846042918810975,0.812447512697546,11.568313854795438,0.15836752442736554,0.14800476649904404,0.01365987903114169,0.7000000000000001
60.342120043998875,4.121420427029249,8.268527711551735,-0.1672461052251466,0.9209966776786002,0.3468847431503197,0.849198538797064,11.557600068571727,0.16129015427214474,0.15357963667321517,0.027369734192629842,0.7000000000000001
60.44798166400142,4.1165055071838115,8.30019597042823,-0.14744759536311824,0.9500477662948367,0.31117390936607353,0.9559151801998076,11.545903562282517,0.16438287484260636,0.15849455651865263,0.01597602607449413,0.7000000000000001
60.456888405002246,4.112360652922638,8.332710403878295,-0.12434562783518666,0.9754330035019432,0.287926851091392,0.9244053996644441,11.533194224187051,0.1669916922089884,0.1626394107798257,0.031224213051811694,0.7000000000000001
60.488053761997435,4.108861076208878,8.3659656476529,-0.10498730141279868,0.9976573132381117,0.2711793456424425,0.8591084343117373,11.51963571248634,0.16930183908927426,0.1661389874935857,0.042516806933284475,0.7000000000000001
60.500016168,4.108861076208878,8.3659656476529,-0.10498730141279868,0.9976573132381117,0.2711793456424425,0.8591084343117373,11.51963571248634,0.16930183908927426,0.1661389874935857,0.042516806933284475,0.7000000000000001
60.56925302700256,4.103301826480173,8.43427461675954,-0.07720402165325271,1.0323765026808773,0.24587788366905008,0.7969684375089687,11.49062306799548,0.17338853687183173,0.17169823722229083,0.047175963767452055,0.7000000000000001
60.599804272002075,4.103301826480173,8.43427461675954,-0.07720402165325271,1.0323765026808773,0.2469248948801309,0.6955688463177289,11.49062306799548,0.17338853687183173,0.17169823722229083,0.047175963767452055,0.7000000000000001
60.70081509600277,4.101326652391744,8.468968246507078,-0.05925522265287459,1.0408088924261698,0.2587903505634317,0.5260674718773596,11.475277221967984,0.17488309793281284,0.17367341131071967,0.01915207162789677,0.7000000000000001
60.73964588400122,4.099783513758737,8.503875700334575,-0.04629415899021271,1.0472236148249123,0.2624375486288503,0.45886411623304124,11.459534761455082,0.17610384404170457,0.17521654994372682,0.03650662333184853,0.65
60.808172238001134,4.098684457188522,8.538797905533825,-0.03297169710644898,1.0476661559774925,0.2637639824997963,0.42434245155749395,11.443482045355662,0.17695061229857073,0.17631560651394196,0.03444721057004609,0.65
60.825308464001864,4.097917080884634,8.573787873777743,-0.023021289116647886,1.0496990473175667,0.2521339155545368,0.3991176426928038,11.427190520196348,0.17753009151692012,0.1770829828178302,0.04633774515125861,0.65
60.932152173998475,4.0968070836249675,8.644079222729227,-0.01582707313697405,1.0562259518623383,0.2491512793120128,0.56015463348976,11.394338069851646,0.17842882542279437,0.17819298007749662,0.029041274240676547,0.65
60.93482315300207,4.0968070836249675,8.644079222729227,-0.01582707313697405,1.0562259518623383,0.20616558784351469,0.6094832921772426,11.394338069851646,0.17842882542279437,0.17819298007749662,0.029041274240676547,0.65
60.93665290300123,4.096352801751299,8.679133652383394,-0.013628456210064208,1.0516328896249858,0.27981030479589464,0.5930854410034855,11.377994077417656,0.1788136032787366,0.17864726195116543,0.04294007956681558,0.65
60.97077113099658,4.096026409359031,8.713702002830702,-0.009791771768019271,1.0370505134192696,0.381107023838817,0.6032240871546068,11.361852565341266,0.17909518112241096,0.17897365434343282,0.05758018310679277,0.65
61.04926322100073,4.095853370547784,8.747491878375703,-0.0051911643374078584,1.013696266350004,0.41209972288626495,0.6165262976984678,11.346025426361171,0.17923551279213562,0.17914669315467968,0.013249547491409247,0.65
61.05116858099791,4.095976704843888,8.780257208240482,0.0037000288831135937,0.9829598959433601,0.42434019951025875,0.6188738313460617,11.33049625835089,0.1790873738209768,0.17902335885857568,0.025797550954301567,0.65
61.0902505999984,4.096410441380116,8.811887527420659,0.013012096086829867,0.9489095754053136,0.4470527294912444,0.6470153253579601,11.315296619177861,0.17863775376757823,0.17858962232234799,0.03730057239961833,0.65
61.10739412999828,4.096410441380116,8.811887527420659,0.013012096086829867,0.9489095754053136,0.4470527294912444,0.6470153253579601,11.315296619177861,0.17863775376757823,0.17858962232234799,0.03730057239961833,0.65
61.16805428900261,4.097176909866341,8.842391645782607,0.022994054586744715,0.9151235508584512,0.42567314922491406,0.6736994022492733,11.30039447890416,0.17785928706251056,0.17782315383612346,0.010919639638865141,0.65
61.18449755199981,4.098288810743405,8.871794169921243,0.033357026311935406,0.8820757241590989,0.3896381226569501,0.6844357485907387,11.285759297228081,0.17673821067220696,0.1767112529590591,0.021099999875333734,0.65
61.211554569003056,4.099854741590831,8.900172235519197,0.046977925422779156,0.8513419679385885,0.3335010850097204,0.7469455800347441,11.271251659400956,0.1751664188649423,0.17514532211163303,0.030245965708901968,0.65
61.28532256300241,4.101870474011876,8.927675555807005,0.0604719726313554,0.8250996086342194,0.3115988711710241,0.773341042409392,11.25679946407645,0.1731455716314272,0.17312958969058823,0.018721716968427976,0.7000000000000001
61.33686892299738,4.107875381289495,8.980617685289497,0.09948503810865375,0.7852663232511078,0.2977253035312593,0.7546584264567042,11.227227159009976,0.1671346468831921,0.16712468241296907,0.03333506869070867,0.7000000000000001
61.40571432100114,4.107875381289495,8.980617685289497,0.09948503810865375,0.7852663232511078,0.27103377011856405,0.7757101250846759,11.227227159009976,0.1671346468831921,0.16712468241296907,0.02583024276928121,0.7000000000000001
61.422725245996844,4.111904334376585,9.006383282868926,0.1208685926127001,0.7729679273828828,0.24255357033345984,0.7925613354958884,11.211912695284528,0.16310385799215266,0.163095729325879,0.03589259937511025,0.7000000000000001
61.472293787002855,4.116583492366288,9.031922795716516,0.14037473969108907,0.7661853854276934,0.23518691167923755,0.6225097326220658,11.196160579121363,0.1584230964754199,0.15841657133617648,0.043718868244521196,0.7000000000000001
61.529970240000694,4.121737625516445,9.057398413710244,0.1546239945047203,0.7642685398118375,0.21454406242507817,0.5943158513109349,11.180051465538346,0.1532679426725157,0.1532624381860188,0.015807252688065716,0.7000000000000001
61.63769767699705,4.132869517821558,9.10841846362925,0.16941580414318214,0.7660497290650803,0.1828267979663327,0.7925653116387513,11.147177951526926,0.1421347430296427,0.14213054588090568,0.012205063555106753,0.7000000000000001
61.691715501001454,4.138530385607049,9.13408083425637,0.16982603356470266,0.7698711188136017,0.13732202115365813,0.9198708619516329,11.130643738758955,0.13647357571029461,0.13646967809541533,0.017266746318407883,0.7000000000000001
61.75465553600225,4.144155853230741,9.159864436847291,0.16876402871076998,0.7735080777276259,0.124478520192607,0.9524869900745884,11.114124889395738,0.13084810600220861,0.13084421047172334,0.005505153534567322,0.7000000000000001
61.78994923100254,4.149716777685699,9.1855800562987,0.16682773364874012,0.7714685835422721,0.08925864768922767,0.94492986391059,11.097732182176616,0.12528736926815262,0.12528328601676542,0.010981337149440057,0.7000000000000001
61.830348987001344,4.155153105187054,9.21100926941812,0.16308982504065683,0.7628763935825871,0.0652297902803057,0.9438691843674236,11.081615862543973,0.11985149595022838,0.11984695851541005,0.014634785694496,0.75
61.89349556300294,4.160414005219013,9.236114225682485,0.15782700095878052,0.7531486879309278,0.06531010472658738,1.0483462739536515,11.065837273937053,0.11459128926013129,0.11458605848345105,0.007233898719227686,0.75
61.928727835002064,4.165458522088004,9.260894108772575,0.15133550606972454,0.7433964927027132,0.049612187674451136,1.0841895923690215,11.050432579897757,0.10954776127983243,0.10954154161446006,0.00985052375739213,0.75
61.99457385200367,4.170265840212075,9.285418746644963,0.14421954372212775,0.7357391361716381,0.048065606465284905,1.0831612165815845,11.03538912450381,0.10474174665663781,0.10473422349038941,0.01446226819769168,0.75
62.053853655997955,4.174762600174981,9.309783992636344,0.13490279888720513,0.7309573797414471,0.04736216483586542,0.9463444321428844,11.020730776136775,0.10024671904504918,0.10023746352748297,0.018046852986504228,0.75
62.115390619997925,4.178844403580131,9.334333953058003,0.1224541021544868,0.7364988126497507,0.044194567077329494,0.8793474341455965,11.006402738376833,0.09616710376679433,0.09615566012233323,0.01218797810388382,0.75
62.13429693099897,4.182425903723414,9.359183142525499,0.10744500429849656,0.7454756840248838,0.03979768133708278,0.8113270036754211,10.992434690788512,0.09258854997497615,0.09257415997905039,0.015440444752640843,0.75
62.2340927289988,4.185418459459242,9.38452474181004,0.08977667207482644,0.760247978536226,0.03311730872175589,0.8421458088946161,10.97882662376236,0.08959970846343569,0.08958160424322248,0.004124768912532764,0.75
62.26891376000276,4.1877436331271145,9.41041175789679,0.06975521003617918,0.7766104826024937,0.03698776777729296,0.9449446889803303,10.965631042629727,0.0872795353514179,0.0872564305753496,0.009041624093901043,0.75
62.306906815996626,4.189380286085774,9.436847731748683,0.049099588759781196,0.7930792155567601,0.0399077289091877,0.9779695300053269,10.95287050004348,0.08564939369353015,0.08561977761669048,0.012961823275521893,0.75
62.35627632900287,4.189380286085774,9.436847731748683,0.049099588759781196,0.7930792155567601,0.00924313055667847,1.011994629531603,10.95287050004348,0.08564939369353015,0.08561977761669048,0.011927077789538191,0.75
62.41826852699887,4.19058839084448,9.49140120416705,0.008770258008346667,0.8282035184331975,0.07919101399871958,1.0189523681533963,10.928660544669649,0.08446141832576659,0.08441167285798379,0.020497415386358415,0.75
62.425043688002916,4.19058839084448,9.49140120416705,0.008770258008346667,0.8282035184331975,0.07919101399871958,1.0189523681533963,10.928660544669649,0.08446141832576659,0.08441167285798379,0.020497415386358415,0.75
62.50990364699828,4.19058839084448,9.49140120416705,0.008770258008346667,0.8282035184331975,0.07919101399871958,1.0189523681533963,10.928660544669649,0.08446141832576659,0.08441167285798379,0.013664511523496186,0.75
62.51202173100319,4.190286795918661,9.519749999440563,-0.009047847774577364,0.8504638582054194,0.106369396962459,1.0387962456504998,10.9170099319717,0.08477724592728178,0.08471326778380295,0.018937481347306693,0.75
62.513767174998065,4.190286795918661,9.519749999440563,-0.009047847774577364,0.8504638582054194,0.08077640500310296,1.008861190820941,10.9170099319717,0.08477724592728178,0.08471326778380295,0.018937481347306693,0.75
62.59947367099812,4.189428902540532,9.548528800314795,-0.025736801343897688,0.8633640262269416,0.13996373514813648,0.9332009891852742,10.905746630073653,0.0856567447521517,0.08557116116193253,0.007915693275611745,0.75
62.60272898199764,4.188019908577773,9.57760069533343,-0.0422698188827703,0.8721568505590737,0.17402630680614983,0.9403719224623996,10.894927480419465,0.08709042637058949,0.08698015512469137,0.016207322861730915,0.75
62.713332377999905,4.184025550111487,9.635553586700732,-0.06573906353829785,0.8682092862680052,0.19472061325446477,0.916827155470249,10.874641652397676,0.09116808007640996,0.09097451359097697,0.019412002648458528,0.75
62.834593079001934,4.181485113554728,9.66456259085045,-0.07621309670279458,0.8702701244915366,0.2328673814754919,0.8172129377515882,10.865083642711626,0.09376890912109999,0.09351495014773636,0.011787038170325647,0.75
62.852053816997795,4.178763824841811,9.693839253818926,-0.08163866138749683,0.8782998890542597,0.2540297271440136,0.7533468145958302,10.855651973255888,0.09657458960631356,0.09623623886065324,0.023062150802877723,0.75
62.8935861889986,4.1758198717106625,9.72346076852515,-0.08831859393446008,0.8886454411867497,0.3006862233228704,0.7242189540803755,10.846356386518535,0.09961757185429244,0.09918019199180161,0.03202010193781597,0.75
62.95584156199766,4.1758198717106625,9.72346076852515,-0.08831859393446008,0.8886454411867497,0.3323453949690701,0.7159950958409087,10.846356386518535,0.09961757185429244,0.09918019199180161,0.01411503061053372,0.75
62.97222249399783,4.172614871508528,9.753430481121988,-0.09615000606404883,0.8990913779051269,0.32880008539375305,0.682167841607124,10.837234060028099,0.10297946736443865,0.10238519219393627,0.02736294359880956,0.75
63.00162484499742,4.169278993411504,9.78378060163629,-0.10007634291070669,0.9105036154290396,0.37683250843073846,0.6086780271714544,10.82815633455249,0.10650444109008567,0.10572107029095967,0.037963399073866116,0.75
63.07112113600306,4.165937193098177,9.814248643003692,-0.10025400939981977,0.9140412410220646,0.43810059839696597,0.600398910299275,10.819115885573359,0.11010884916960288,0.1090628706042871,0.016078844820565166,0.75
63.072991551001905,4.165937193098177,9.814248643003692,-0.10025400939981977,0.9140412410220646,0.40171743999465515,0.5839196941832456,10.819115885573359,0.11010884916960288,0.1090628706042871,0.016078844820565166,0.75
63.10180509099882,4.162878271786185,9.844778040186352,-0.09176763935977315,0.9158819154797777,0.4777101948404707,0.5626551134909527,10.809870589818335,0.11352767007966795,0.11212179191627936,0.031466629471850784,0.75
63.151284758001566,4.160040723568028,9.875383806741615,-0.08512644654469215,0.9181729966579067,0.520695354173951,0.5846188985721571,10.800470934059632,0.11678876517182103,0.11495934013443598,0.04302983041514698,0.75
63.19480422399647,4.157577189555513,9.905958054933947,-0.0739060203754299,0.9172274457699608,0.5265803467093187,0.550494844524948,10.790818281234296,0.11991727018269482,0.11742287414695074,0.03512282365922802,0.75
63.210523144000035,4.155460160396993,9.936481851002755,-0.0635108747556036,0.9157138820642559,0.5901338051229474,0.52553017076755,10.780944114430834,0.12281978140540555,0.11953990330547093,0.04772017586964724,0.75
63.23278160100017,4.155460160396993,9.936481851002755,-0.0635108747556036,0.9157138820642559,0.6230039879032189,0.5221193358850327,10.780944114430834,0.12281978140540555,0.11953990330547093,0.04772017586964724,0.75
63.31041540700244,4.153691120620847,9.96676654349534,-0.053071193284388044,0.908540774777525,0.6646599344459958,0.5140212609193349,10.770918212018232,0.12566885309738723,0.12130894308161722,0.018440772267118166,0.75
63.327285671002755,4.152541448269968,9.996656641025542,-0.034490170526362385,0.8967029259060513,0.6676183066012016,0.5625955569691315,10.760546378322372,0.12822578359189934,0.12245861543249603,0.03614744316967938,0.75
63.35653976799949,4.152255801069028,10.025836437001683,-0.008569416028190217,0.8753938792842143,0.7863480973093524,0.5532847589408189,10.749717363048571,0.13018255303534154,0.12274426263343585,0.04938264605295681,0.75
63.39044207600091,4.15295473340599,10.054203218544027,0.020967970108869693,0.8510034462703013,0.8537933749950313,0.5638380675945321,10.738350950332636,0.13178622975849627,0.12204533029647369,0.0606453021635237,0.75
63.42977968399646,4.15295473340599,10.054203218544027,0.020967970108869693,0.8510034462703013,0.8537933749950313,0.5638380675945321,10.738350950332636,0.13178622975849627,0.12204533029647369,0.01710977556629502,0.75
63.550626279000426,4.154575588210374,10.081808909396837,0.04862564413151663,0.8281707255843003,1.0112084014452907,0.6923598540408503,10.726477817588755,0.1327062363632106,0.12042447549209001,0.0149393611748623,0.75
63.5670295480013,4.154575588210374,10.081808909396837,0.04862564413151663,0.8281707255843003,1.037377834541483,0.6973859967062888,10.726477817588755,0.1327062363632106,0.12042447549209001,0.0149393611748623,0.75
63.58059926699934,4.15722968887673,10.108858126149828,0.07962301999068372,0.8114765025897068,1.0312035355565938,0.7064837353085919,10.713911280058024,0.13355349392213733,0.11777037482573416,0.028715887246258984,0.75
63.62195899100334,4.160916287927961,10.135434644770463,0.11059797153693182,0.7972955586190179,1.048542416619938,0.6804842397505027,10.700615098743716,0.13380100344362453,0.11408377577450324,0.04136884781551851,0.75
63.67202641699987,4.165741378188281,10.161589461097916,0.14475270780961205,0.7846444898236136,1.0762084781704675,0.6358264790915886,10.686466765866792,0.13388104612496723,0.10925868551418283,0.02643200984111488,0.75
63.71970217800117,4.171728842303097,10.187371272354838,0.17962392344447214,0.773454337707647,1.0971901082422773,0.5988938690413353,10.671421261535427,0.13402898342119848,0.10400956589453637,0.03793297517512425,0.75
63.78199765300087,4.178843604298008,10.21281980146971,0.21344285984732106,0.7634558734461312,1.1129919340603673,0.5689085755872765,10.655492204671942,0.1332198066941329,0.10332662096481876,0.026457713082832953,0.75
63.79354972500005,4.187385856433818,10.237895822798547,0.2562675640742955,0.7522806398651245,1.128512959561736,0.5375486025479107,10.638410023813952,0.13383864855378455,0.10785228216593007,0.03788618017912828,0.75
63.83642686100211,4.197487262637349,10.262692087109258,0.3030421861059413,0.7438879293213139,1.1287180579182101,0.5092712225479497,10.620013678520543,0.13327597423287887,0.1168173895022186,0.04811325513185758,0.75
63.90210724699864,4.197487262637349,10.262692087109258,0.3030421861059413,0.7438879293213139,1.1038505514744137,0.4866918777810632,10.620013678520543,0.13327597423287887,0.1168173895022186,0.010663526937271892,0.75
63.944342727998446,4.2222831481439,10.31227593880995,0.39444185645188345,0.7462758605131827,0.9917619015452287,0.5203528738030628,10.579042667895806,0.12799696512039696,0.10271691630362234,0.028783328179365412,0.8
64.03156031099934,4.236881691355845,10.337375775553085,0.4379562963583428,0.7529951022940413,0.9433607660145357,0.45503484343575085,10.556440869190064,0.12463406465437901,0.08898316519854063,0.01256307430786534,0.8
64.05189623399929,4.236881691355845,10.337375775553085,0.4379562963583428,0.7529951022940413,0.9329662071403125,0.4220354334370403,10.556440869190064,0.12463406465437901,0.08898316519854063,0.01256307430786534,0.8
64.10247801399964,4.252750696028203,10.362815582237909,0.4760701401707355,0.7631942005447169,0.9430272136326409,0.38012972340234336,10.532562187185833,0.12132709812632092,0.0815473964073168,0.02469365687603181,0.7826237921249265
64.18071121100365,4.2698141945803725,10.388553122455058,0.5119049565650924,0.7721262065144466,0.8661277708666454,0.2749817575873429,10.50749213151795,0.11817148171312404,0.0839610378707368,0.028465697465262868,0.7826237921249265
64.20879371799674,4.288026026821641,10.414513216444513,0.5463549672380701,0.7788028196836754,0.8553093733433372,0.21376042672454487,10.481299827888316,0.11781048198151121,0.08943988629528817,0.03898595726444979,0.8062257748298549
64.26469074399938,4.307334966565996,10.4406507820163,0.5792681923306364,0.7841269671536037,0.8881584216734368,0.17536045876500228,10.454048266398951,0.1166934431509717,0.0942684539240523,0.03838984360391421,0.7632168761236874
64.38321676899795,4.327686496956188,10.466956724984707,0.6105459117057719,0.789178289052168,0.9590985106057811,0.1248205175805773,10.425790840022941,0.11742445696440368,0.09847885943608946,0.017193854023620784,0.7905694150420949
64.38563765399886,4.349173281211657,10.493314494809963,0.6446035276640594,0.7907330947577301,0.9651339668697266,0.1654152427626206,10.396480271379566,0.11754638252665595,0.10192316636354833,0.034026543841057695,0.7905694150420949
64.44917887700285,4.3715236088009135,10.519609998169457,0.6705098276776921,0.7888651007848317,0.8799427952680401,0.027407828455541988,10.366409477698925,0.11852998555813328,0.104712826903656,0.046009125711129036,0.7810249675906654
64.50391384599789,4.3715236088009135,10.519609998169457,0.6705098276776921,0.7888651007848317,0.8503155475466537,0.04335484210047924,10.366409477698925,0.11852998555813328,0.104712826903656,0.0,0.7810249675906654
64.51902525199694,4.394529104591706,10.54586937079454,0.6901648737237767,0.7877811787524961,0.8660640944336069,-0.015349487489559555,10.33576363076642,0.11934442077049974,0.10701366527832798,0.01816919518270742,0.7810249675906654
64.56876439999905,4.41812334583046,10.572017993153764,0.7078272371625954,0.7844586707767273,1.0196310225785847,-0.08027909119125265,10.304629667638908,0.12085028304276613,0.108819885490348,0.03572592747817055,0.7778174593052023
64.62377805999859,4.442240957043519,10.598014481503991,0.7235283363917732,0.7798946505068032,1.003798383989113,-0.12180121359821311,10.273081928202629,0.12217885272003934,0.11014845225505575,0.043002765357755275,0.7778174593052023
64.69165130900365,4.466855143049212,10.623771423075237,0.7384255801707887,0.7727082471373528,0.8898829694961485,-0.20055752481081235,10.241174002721845,0.1242184321823091,0.11095650246469631,0.06052982450008846,0.7810249675906654
64.73624839600234,4.491808472048927,10.649085742169959,0.7485998699914418,0.7594295728416796,0.8283350373903007,-0.222726676513039,10.20912110089235,0.12598799133574762,0.11121176100881724,0.04570129340973979,0.7810249675906654
64.79705422699772,4.517241267029249,10.673663651780481,0.7629838494096598,0.7373372883156999,0.7434674657855798,-0.27956039772124935,10.176887820225664,0.12849622821197926,0.11060726576669447,0.06429844661872942,0.7905694150420949
64.85594374799985,4.543086094302508,10.697376508996076,0.7753448181977696,0.7113857164678283,0.728657827794021,-0.34439212867309615,10.144577370321832,0.13042018746389872,0.10909973528163305,0.05148884984852681,0.7905694150420949
64.87682458299969,4.569338954567008,10.720030977217613,0.7875858079349968,0.6796340466461241,0.7645223978858573,-0.4031792484501866,10.112254474542382,0.1335859891263963,0.106555287866687,0.07339970552867758,0.8062257748298549
64.90995599300368,4.595906102660634,10.741551640089412,0.7970144428087832,0.645619886153967,0.8211665523687297,-0.4404210439213062,10.080028581091895,0.13631549512282035,0.10298688394517523,0.09189535398403356,0.8062257748298549
64.97218543200142,4.62267984765606,10.761908718787621,0.8032123498627717,0.6107123609462988,0.854935314808708,-0.4444791087579034,10.048007298550825,0.140817291615283,0.10144211838806175,0.03996524492679568,0.8
64.98867925899685,4.6499278143348315,10.780714001298797,0.8174390003631433,0.5641584753352582,0.8856955683054306,-0.43088378900570606,10.016063291306434,0.14598984324961994,0.10864637327602962,0.05814609573574782,0.8
65.08915243799856,4.6499278143348315,10.780714001298797,0.8174390003631433,0.5641584753352582,1.0386049759552216,-0.35773248915727723,10.016063291306434,0.14598984324961994,0.10864637327602962,0.0,0.8
65.20068623899715,4.705996142666513,10.813697740417217,0.8470887180034319,0.471081725967049,1.1680413019866123,-0.24715413497921268,9.952240502165095,0.154967921359812,0.13869758134732102,0.03559351146993257,0.75
65.20302411999728,4.705996142666513,10.813697740417217,0.8470887180034319,0.471081725967049,1.2076272344125916,-0.14718706918393787,9.952240502165095,0.154967921359812,0.13869758134732102,0.03559351146993257,0.75
65.23741894200066,4.734497914089305,10.82795163108101,0.8550531426837606,0.427616719913782,1.223648913592133,-0.25531027449907395,9.920631524743927,0.15803660137529943,0.13707532966910638,0.05070715369359953,0.75
65.27259407899692,4.763079661159593,10.840813343905412,0.8574524121086604,0.3858513847320459,1.2178077527082143,-0.2818586125059318,9.889407417692766,0.15982275991856082,0.1313271901595248,0.0640994264606024,0.75
65.32408047399804,4.791552056087724,10.852290163362266,0.8541718478439192,0.3443045837056315,1.2118305360230295,-0.3065399679685117,9.858743444654504,0.16227703500126292,0.1316112258309529,0.02560376755157088,0.7000000000000001
65.35786703600024,4.819916520623209,10.862082594531879,0.8509339360645254,0.2937729350883626,1.2289517567320913,-0.22842412224873954,9.828736363787334,0.16523227676623017,0.13717666128567388,0.03580686593501923,0.7000000000000001
65.37026685100136,4.819916520623209,10.862082594531879,0.8509339360645254,0.2937729350883626,1.228065098026973,-0.23314397913735802,9.828736363787334,0.16523227676623017,0.13717666128567388,0.03580686593501923,0.7000000000000001
65.44017838100262,4.848214192487197,10.870330709721264,0.8489301559196587,0.24744345568156156,1.2285405858281542,-0.2306252999413015,9.799301217569795,0.16712621011246406,0.14533054990631022,0.029843905164992454,0.7000000000000001
65.46887188999972,4.905932357843971,10.882745770660346,0.8732534402244632,0.16819435560156681,1.1095639965362856,-0.2951279061185595,9.740718894657848,0.1710316536772739,0.1577456108453923,0.04904764190406182,0.7000000000000001
65.50870677900093,4.9357340885028504,10.887549595897068,0.8940519197663634,0.14411475710168903,1.1782081442360237,-0.3031783886218598,9.711004443179386,0.17304308502283172,0.1625494360821147,0.05623091336138472,0.7000000000000001
65.56815029699646,4.966357465035449,10.891641865901653,0.918701295977956,0.12276810013749662,1.2102171814708889,-0.292975244708251,9.680753476519723,0.17445514842137672,0.1666417060866987,0.017630246802026454,0.7000000000000001
65.5709624470037,4.966357465035449,10.891641865901653,0.918701295977956,0.12276810013749662,1.1854973719561632,-0.2551138736937298,9.680753476519723,0.17445514842137672,0.1666417060866987,0.017630246802026454,0.7000000000000001
65.6050110369979,4.9978185825224575,10.895170580357703,0.9438335246102697,0.10586143368154557,1.1085730862452101,-0.29672726161505913,9.649903531418243,0.17617579302910752,0.17017042054274967,0.03459400153406767,0.7000000000000001
65.63670711799932,5.03010925517928,10.898133909965091,0.9687201797046796,0.0888998882216312,1.0404146351360137,-0.29725929305966325,9.61846477258715,0.17757221969196527,0.17313375015013754,0.046972464149662885,0.7000000000000001
65.68412199000159,5.063219455018664,10.900523383041156,0.9933059951815143,0.07168419228195157,1.0073586744185226,-0.29666703723788,9.586451545833818,0.1787781431042525,0.17552322322620206,0.038173417708660694,0.65
65.72960881100153,5.0971269646833575,10.902583504763468,1.0172252899408067,0.061803651669380164,0.8704668739932372,-0.2935646526161114,9.553805269841027,0.17999433026457964,0.17758334494851447,0.05185292843814705,0.65
65.80291546200169,5.131689713724008,10.904171559288338,1.0368824712195135,0.04764163574609887,0.8364101814576754,-0.2922985408723931,9.520709470064995,0.18089677904563228,0.17917139947338434,0.01763211771737127,0.65
65.81922124999983,5.166736408410029,10.905336495325246,1.0514008405806299,0.034948081107224034,0.7347327800670721,-0.2877226381629605,9.48731117361119,0.18157628947618168,0.18033633551029205,0.03439393611964731,0.65
65.86111444300332,5.166736408410029,10.905336495325246,1.0514008405806299,0.034948081107224034,0.6671766178842734,-0.2835290335317556,9.48731117361119,0.18157628947618168,0.18033633551029205,0.03439393611964731,0.65
65.8690762940023,5.166736408410029,10.905336495325246,1.0514008405806299,0.034948081107224034,0.6335220058136649,-0.2813675719851536,9.48731117361119,0.18157628947618168,0.18033633551029205,0.03439393611964731,0.65
65.97376377299952,5.238247744593059,10.90609415678739,1.0782935417635784,0.0024845108986456914,0.4889160497963798,-0.2694853223444795,9.419749867778744,0.18173188632907758,0.1810939969724359,0.029171338356551217,0.65
66.04234048000217,5.274510848448525,10.905731237468155,1.087893115664,-0.01088757957704641,0.48341740252758175,-0.24990145631507138,9.38576644134295,0.18117484606597786,0.18073107765320096,0.016451568631851307,0.65
66.0643829239998,5.310986843350306,10.904949632689092,1.0942798470534163,-0.02344814337188497,0.4170824993349361,-0.23842697439041494,9.35174310582872,0.18027127860013656,0.17994947287413865,0.03192816394788218,0.65
66.10498838400235,5.347500501578329,10.90378192092592,1.0954097468406976,-0.03503135289514285,0.41268568495673974,-0.2017719566491475,9.317835450300224,0.17901047589242589,0.178781761110967,0.04600334583370698,0.65
66.17380241100182,5.383864030364208,10.902282852698141,1.090905863576367,-0.04497204683337059,0.5484179302984259,-0.1931292738351365,9.28420277650845,0.17744289459758145,0.1772826928831872,0.02547603431403999,0.65
66.22176738300186,5.419746931939852,10.900564183050864,1.0764870472693429,-0.051560089418280594,0.6177445737784284,-0.1876314666934258,9.251117925545245,0.17567770454844164,0.17556402323591058,0.03728988895427585,0.65
66.30477016700024,5.454912788097725,10.898671936747006,1.0549756847361813,-0.056767389115778735,0.5627338925261219,-0.18617148981731282,9.21878702812726,0.1737545926196914,0.1736717769320517,0.02662903798180268,0.7000000000000001
66.3366738429977,5.454912788097725,10.898671936747006,1.0549756847361813,-0.056767389115778735,0.6025715107912788,-0.1733241647579472,9.21878702812726,0.1737545926196914,0.1736717769320517,0.02662903798180268,0.7000000000000001
66.41514709500188,5.489190910445246,10.896604005221235,1.0283436704256215,-0.062037945773115305,0.633573625196517,-0.17443874149292182,9.187370629082261,0.17166335184187148,0.17160384540628115,0.022660860685968606,0.7000000000000001
66.42148688100133,5.5226088625330645,10.894405635807,1.0025385626345487,-0.06595108242701526,0.7254506196232972,-0.16288671445643466,9.15682663114478,0.1694481932349373,0.16940547599204692,0.03300099617461597,0.7000000000000001
66.43767657400167,5.5226088625330645,10.894405635807,1.0025385626345487,-0.06595108242701526,0.7587781266380148,-0.15731267997692344,9.15682663114478,0.1694481932349373,0.16940547599204692,0.03300099617461597,0.7000000000000001
66.4857001249984,5.5548425636862,10.892117378050008,0.9670110345940653,-0.06864773270976436,0.7940457162839343,-0.15165771746371884,9.127443592134535,0.1671494225600345,0.1671172182350542,0.029164313868593965,0.7000000000000001
66.54503210599796,5.585814348209621,10.889751597283384,0.9291535357026445,-0.07097342299869493,0.6751232242557844,-0.21514395559395458,9.099288550227303,0.1647752510419856,0.16475143746843024,0.03792669328868118,0.7000000000000001
66.59699733900197,5.585814348209621,10.889751597283384,0.9291535357026445,-0.07097342299869493,0.6645969512038241,-0.2465578462190464,9.099288550227303,0.1647752510419856,0.16475143746843024,0.010594482698317038,0.7000000000000001
66.61868736299948,5.615390548706566,10.887297881627694,0.8872860149083485,-0.07361146967069639,0.7462165397276891,-0.30502676049397026,9.07248876782836,0.16231579949890598,0.16229772181273994,0.020534292873947195,0.7000000000000001
66.65447207899706,5.615390548706566,10.887297881627694,0.8872860149083485,-0.07361146967069639,0.8143413948516013,-0.31728698706426767,9.07248876782836,0.16231579949890598,0.16229772181273994,0.020534292873947195,0.7000000000000001
66.7270126509975,5.643783385650009,10.884829042692436,0.8517851083032774,-0.07406516805773784,0.7809420867219151,-0.2910275253476855,9.046818430449616,0.15984284976403804,0.15982888287748231,0.009430302728115295,0.7000000000000001
66.73232259899669,5.643783385650009,10.884829042692436,0.8517851083032774,-0.07406516805773784,0.7650414638062514,-0.2423356038392539,9.046818430449616,0.15984284976403804,0.15982888287748231,0.009430302728115295,0.7000000000000001
66.76963943900046,5.671261006615509,10.882377061741886,0.8243286289650135,-0.07355942851652053,0.8087003780052101,-0.24241933826324785,9.022014098382078,0.15738757876261267,0.15737690192693243,0.01849945949743746,0.7000000000000001
66.8165927509981,5.697909716415615,10.879968493115861,0.7994612940031791,-0.07225705878076007,0.7762495984939993,-0.23711582068267525,8.997984443131122,0.15497689312031906,0.1549683333009071,0.020986162585175747,0.7000000000000001
66.84832989399729,5.723861833370405,10.877627379214806,0.7785635086437013,-0.07023341703164662,0.6786525979530217,-0.21338129606746703,8.974596140977878,0.15263388741631234,0.1526272193998519,0.026832040232000514,0.7000000000000001
66.88487869600067,5.749429993316731,10.875397288404631,0.7670447983897802,-0.06690272430520722,0.7109823343983113,-0.2226404683663314,8.95154076593222,0.15040267055895948,0.15039712858967746,0.03167823059106365,0.7000000000000001
66.9357832090027,5.77486854948014,10.873321611140417,0.763156684902259,-0.06227031792644646,0.8117460970789713,-0.22261198905382076,8.928564671522986,0.14832590688071254,0.14832145132546337,0.015265859127475502,0.7000000000000001
66.99815382900124,5.800139531853663,10.871074651871448,0.758129471205694,-0.06740877806910131,0.9125502762685228,-0.23665216199371908,8.905820719871102,0.1460783823189763,0.1460744920564938,0.02011903281865052,0.7000000000000001
67.04921822799952,5.825405170608419,10.868623213076141,0.7579691626426781,-0.07354316385919807,0.9796604658966542,-0.2369933033378837,8.883170353520429,0.14362638719820883,0.1436230532611873,0.013484928839531115,0.7000000000000001
67.06446653299645,5.8508395630598855,10.86594798803151,0.7630317735439982,-0.08025675133894927,1.0139837427311942,-0.2370875468901748,8.860459374687943,0.14095098669074727,0.1409478282165555,0.017375775037530804,0.7000000000000001
67.10822112500318,5.8508395630598855,10.86594798803151,0.7630317735439982,-0.08025675133894927,1.1159000690615537,-0.2420854153399738,8.860459374687943,0.14095098669074727,0.1409478282165555,0.017375775037530804,0.7000000000000001
67.16218085400033,5.87644717391938,10.863163259864017,0.7682283257848472,-0.08354184502479782,1.1660263001929407,-0.22586190693972513,8.837642964367404,0.1381661018512338,0.13816310004906285,0.004062522716387841,0.7000000000000001
67.19923838300019,5.9022310938159155,10.860353143706833,0.7735175968960609,-0.08430348471552059,1.2270483956508138,-0.1967893531648544,8.814688127931062,0.13535616392672536,0.13535298389187922,0.008147020659069469,0.7000000000000001
67.23593137600255,5.928143315684996,10.857598279124248,0.7773666560724123,-0.08264593747752552,1.234784301837979,-0.19444209403957524,8.791610238660596,0.13260152688337362,0.13259811930929466,0.011031576324388547,0.7000000000000001
67.32067291199928,5.954016194028616,10.85493630207499,0.7761863503085802,-0.07985931147775684,1.2366935888449986,-0.1819037308844354,8.768551224161193,0.12994012748620354,0.12993614226003558,0.0068005130401824635,0.7000000000000001
67.34870658900036,5.979749361897166,10.852442304094273,0.7719950360565179,-0.0748199394214999,1.2347321692468256,-0.1947728683031304,8.745576105314388,0.12744680151468962,0.12744214427931944,0.009140940378106716,0.7000000000000001
67.39764347200253,6.005550394678743,10.850050428410416,0.7740309834473174,-0.07175627051573338,1.237657648306877,-0.17522427225555837,8.722516072267265,0.12505603189672246,0.1250502685954622,0.0056699685635462245,0.7000000000000001
67.42360666199966,6.031591170303193,10.84776593045138,0.7812232687334778,-0.06853493877106118,1.2347335555249128,-0.19476408000657408,8.699209589742171,0.12277285022551326,0.12276577063642691,0.007576883995489648,0.75
67.46318494700245,6.058274360652079,10.845494054285076,0.8004957104665917,-0.06815628498910667,1.233116619740811,-0.20475205034137212,8.675319026366667,0.12050292827195078,0.1204938944701226,0.009125897672489896,0.75
67.50811737099866,6.085807070158057,10.84325972068003,0.8259812851793591,-0.0670300081514023,1.221244342564845,-0.17629215599046777,8.6506442282453,0.11827111996864435,0.11825956086507539,0.004811788263893498,0.75
67.54908347599849,6.114285846970923,10.841137165691546,0.8543633043859851,-0.06367664965451914,1.173240055678017,-0.08445035329825623,8.62506913054764,0.11615199311668203,0.11613700587659181,0.00583819827027227,0.75
67.63149573499686,6.143847879898482,10.83915787100443,0.8868609878267539,-0.059378840613487874,1.0964299628429364,-0.14315229901326504,8.598456137495162,0.11417766319495874,0.11415771118947582,0.0023167280583221437,0.75
67.67769266400137,6.174467164326261,10.837437843104397,0.9185785328333563,-0.051600837000999836,1.0591970018973806,-0.2007410826701188,8.570786577493918,0.11246360779526139,0.1124376832894427,0.004870548360173554,0.75
67.76170498000283,6.238600763359266,10.83485811466838,0.9755298070994107,-0.03256820559368737,0.9921110095484745,-0.3189142642290947,8.512505476603373,0.1099065645043121,0.10985795485342642,0.009042405228419122,0.75
67.78565800600336,6.238600763359266,10.83485811466838,0.9755298070994107,-0.03256820559368737,0.9699664132791851,-0.3437531123875946,8.512505476603373,0.1099065645043121,0.10985795485342642,0.009042405228419122,0.75
67.83959190700261,6.27192745986806,10.834240691623346,0.999800895263796,-0.018522691351031052,0.9491540607719573,-0.3701285700254715,8.481975215350284,0.10930598909638724,0.10924053180839266,0.003474911603016857,0.75
67.8537512490002,6.305970098316596,10.834046830425425,1.0212791534560943,-0.005815835937638568,0.8575342883067205,-0.41515607727277737,8.45064211845403,0.10913881558512986,0.10904667061047135,0.006893209011726358,0.75
67.88219400899834,6.3406484922103985,10.8340497375416,1.0403518168140689,8.721348522711374e-05,0.8250670736996588,-0.4270036551077962,8.418667765049815,0.10917754054499838,0.10904957772664581,0.01024651509227318,0.75
67.95571131500037,6.375879416668141,10.834308766271704,1.05692773373227,0.0077708619031289635,0.7572849837979609,-0.43123958136672785,8.386106249022887,0.10948308429244705,0.10930860645675011,0.00446537811168534,0.75
67.95756638199964,6.375879416668141,10.834308766271704,1.05692773373227,0.0077708619031289635,0.724955536319729,-0.43620836284045955,8.386106249022887,0.10948308429244705,0.10930860645675011,0.00446537811168534,0.75
67.96527549400344,6.411599725917683,10.834917813380104,1.0716092774862616,0.018271413251983986,0.6933576548826451,-0.42581865102957944,8.352979136804521,0.11016697903127431,0.10991765356514982,0.008712426372918861,0.75
68.00354172800144,6.4476366029088545,10.835914262523856,1.0811063097351437,0.029893474312574806,0.6477262766418844,-0.4516732525710376,8.319430344845463,0.11126729475801755,0.11091410270890201,0.013158601710616485,0.75
68.06998473400017,6.483902991078628,10.83731293828301,1.0879916450932008,0.04196027277463208,0.6173266061611431,-0.4626125736579745,8.28553320625755,0.11280514841581349,0.11231277846805554,0.006726713216482475,0.75
68.07218825600285,6.520349825929622,10.838818886889415,1.0934050455298407,0.04517845819218746,0.5919424548690454,-0.4840005726815294,8.251448297953173,0.11450803041900814,0.11381872707446128,0.012561360076857861,0.75
68.10113879099663,6.5569238200300255,10.840489526732027,1.0972198230120989,0.050119195278345394,0.5725404655077813,-0.5325492199725095,8.21720188276849,0.11647813301566845,0.1154893669170729,0.018296808281954416,0.75
68.17652454399649,6.593587621826065,10.842151840780305,1.0999140538811725,0.049869421448335505,0.5247597761046605,-0.5714182453910607,8.182896884339556,0.11854924756877551,0.11715168096535145,0.007229998922766586,0.75
68.2090002210025,6.630178021991726,10.84327675146228,1.097712004969835,0.0337473204592689,0.46404880164550805,-0.5409937722071279,8.148894814678952,0.12020926939576194,0.11827659164732651,0.013615978264871494,0.75
68.29252182700293,6.701878995920954,10.843419885073514,1.0665738561692586,-0.0108162640130436,0.38595669134509397,-0.5394019917429224,8.083162032022502,0.12227284074857853,0.11841972525856015,0.02413102719613772,0.75
68.2989731389971,6.701878995920954,10.843419885073514,1.0665738561692586,-0.0108162640130436,0.44106376075621057,-0.539225383442988,8.083162032022502,0.12227284074857853,0.11841972525856015,0.02413102719613772,0.75
68.33772739700362,6.736706903030444,10.842058977983239,1.0448372132846853,-0.04082721270822455,0.4341340669284045,-0.6293314230200873,8.051848541472891,0.12229436493074654,0.11705881816828523,0.03426947922995238,0.75
68.40526310700079,6.770651490327465,10.839505902498653,1.0183376189106226,-0.0765922645375921,0.4467464767808036,-0.7212868671794359,8.021855853608947,0.12170151818536393,0.11450574268369884,0.01041188911152163,0.75
68.43776321400219,6.803617172331357,10.835725533944878,0.9889704601167725,-0.11341105661327472,0.4327723002467968,-0.788439981140823,7.993290321115411,0.12051167367707126,0.11072537412992389,0.019222915312582446,0.75
68.51463796100143,6.835355223534213,10.830902470826052,0.9521415360856874,-0.14469189356475987,0.43215616667647333,-0.855964880950496,7.966307951835835,0.11863870673986045,0.10590231101109815,0.012336318668769128,0.75
68.55667964900204,6.865737267443374,10.82512064269418,0.9114613172748458,-0.1734548439561433,0.5011582106590142,-0.9727767131975318,7.940994401746259,0.11718146487147249,0.10012048287922681,0.02314963446842683,0.75
68.56513357099902,6.865737267443374,10.82512064269418,0.9114613172748458,-0.1734548439561433,0.5011582106590142,-0.9727767131975318,7.940994401746259,0.11718146487147249,0.10012048287922681,0.02314963446842683,0.75
68.67561264100368,6.922470942596648,10.810474809558253,0.8323643126966142,-0.23617002123606817,0.6222206973497977,-1.0841316358217445,7.895435348884838,0.11336839848155211,0.08547464974329877,0.0362600781422186,0.75
68.73588384300092,6.949162953095155,10.801414484240919,0.800760314955199,-0.2718097595200178,0.6031009429802782,-1.0948832141266482,7.874969007949327,0.11076519619356538,0.07641432442596496,0.01078215612395208,0.75
68.75269941599981,6.949162953095155,10.801414484240919,0.800760314955199,-0.2718097595200178,0.6678251092606254,-1.0555023500244047,7.874969007949327,0.11076519619356538,0.07641432442596496,0.01078215612395208,0.75
68.78818648200104,6.974940100128304,10.79119318813816,0.7733144109944547,-0.3066388830827482,0.6870901507574897,-1.0442256100728664,7.855869213205052,0.10930202692922669,0.06619302832320706,0.020088221335578093,0.7905694150420949
68.8038317870014,6.974940100128304,10.79119318813816,0.7733144109944547,-0.3066388830827482,0.6870901507574897,-1.0442256100728664,7.855869213205052,0.10930202692922669,0.06619302832320706,0.020088221335578093,0.7905694150420949
68.84624312099913,6.999814765507915,10.779646998105047,0.7462399613883086,-0.3463857009934048,0.6796158291510374,-1.0327562062365094,7.838199692613875,0.10744603181667306,0.060017033949139376,0.0206658226012532,0.7905694150420949
68.95542135000142,7.023844852016855,10.766720382350103,0.7209025952682034,-0.3877984726483046,0.6131301705495722,-0.9957078124984303,7.821938678343662,0.10475265216541847,0.06403910486082079,0.010997509586237264,0.8
68.98788906099799,7.023844852016855,10.766720382350103,0.7209025952682034,-0.3877984726483046,0.576866125930222,-0.9695741443611962,7.821938678343662,0.10475265216541847,0.06403910486082079,0.010997509586237264,0.8
69.07524763700349,7.047191565133399,10.752486337179995,0.7004013934963449,-0.4270213551032217,0.5791954450339466,-0.9746448875008309,7.806917095863903,0.10467818483221542,0.07048273416044694,0.005583913846610512,0.8
69.209694940997,7.092635211247077,10.720311948822788,0.6775483087377684,-0.5018613362603411,0.7346398731195769,-0.8633207121601822,7.779810576480915,0.10239607592418372,0.07986551630135885,0.009481450203392925,0.7826237921249265
69.30579993099673,7.1152615715016925,10.702352658148063,0.67879080763847,-0.538778720241719,0.6898238388214435,-0.8238450538300945,7.767276123206547,0.10185308064667196,0.08316563284956967,0.00505468598386859,0.8062257748298549
69.32268884000223,7.138008498762204,10.683171058269124,0.6824078178153572,-0.5754479963681468,0.6330154937395999,-0.7879075634828343,7.755259227153985,0.1004613230993677,0.0856867000182297,0.009390050274688406,0.7632168761236874
69.35017142599827,7.138008498762204,10.683171058269124,0.6824078178153572,-0.5754479963681468,0.5746695347934447,-0.7526994129713704,7.755259227153985,0.1004613230993677,0.0856867000182297,0.009390050274688406,0.7632168761236874
69.38003911000123,7.138008498762204,10.683171058269124,0.6824078178153572,-0.5754479963681468,0.5435500699863006,-0.7380919307839686,7.755259227153985,0.1004613230993677,0.0856867000182297,0.009390050274688406,0.7632168761236874
69.45467268100037,7.160964746425437,10.662851348232499,0.6886874298969836,-0.609591301098785,0.4498756209148247,-0.7014880320347617,7.743655538871661,0.09991816672982241,0.08755101365285706,0.004718341670736361,0.7905694150420949
69.49785043400334,7.1840895555500754,10.641534739167874,0.6937442737391597,-0.6394982719387446,0.4016255548871102,-0.6588214382744351,7.732451049701781,0.09875675477871546,0.0888296041770339,0.008930609626596652,0.75
69.53628071300045,7.20746412922918,10.619386103030596,0.7012372103731368,-0.6644590841183365,0.3936546111443734,-0.6262103047702247,7.721510462962477,0.09794867972121132,0.08969647292617162,0.0030346062575898293,0.7810249675906654
69.57244661600271,7.23086964110871,10.596488408079184,0.7021653563859135,-0.68693084854236,0.36073772019358863,-0.5305002594319014,7.71100157970192,0.09685718301287903,0.09005555371964508,0.004254626606416835,0.7433034373659253
69.64335689900327,7.254422125717612,10.573177277381644,0.7065745382670591,-0.6993339209261755,0.31915086289478034,-0.47774833545297113,7.70067626573418,0.09600413444733948,0.0902262167070353,0.004388529349283482,0.7778174593052023
69.66126664900366,7.278496015341229,10.549749083769498,0.7222166887085089,-0.7028458083643585,0.25940528541910235,-0.5103476086373075,7.690071402848676,0.09569295278923216,0.09068279273533164,0.009118127651842894,0.7433034373659253
69.69453546000295,7.302816499942806,10.526200390304423,0.7296145380473116,-0.7064608039522533,0.19213349240859567,-0.5224539430990186,7.679436644944082,0.09574867972361747,0.09122853148161153,0.013225176838733834,0.7810249675906654
69.75512606900156,7.327318650290563,10.502681892347521,0.7350645104326841,-0.7055549387070308,0.1674485569053653,-0.4973987300402257,7.668761975204762,0.09619828811763342,0.09192407875751474,0.00036696694762329394,0.7810249675906654
69.78269769000326,7.351761022014015,10.479329465198123,0.7332711517035759,-0.7005728144819552,0.14234721418944485,-0.4546139858138872,7.658197204668461,0.09694293519822687,0.09269478595694641,0.0006538151654142285,0.7905694150420949
69.81460431199957,7.376075500436196,10.456254959923584,0.7294343526654133,-0.6922351582362187,0.0744303646707373,-0.4537620616654369,7.647747288771761,0.09803949272275869,0.09357157937813236,0.0002567409044886944,0.7905694150420949
69.93380236600206,7.423976306587127,10.411273288033122,0.7132314499486115,-0.6683322070954248,-0.07125647707107607,-0.5882606203758298,7.627319129981911,0.10122751627803594,0.0956357190089045,0.014206499815473884,0.8062257748298549
70.00770078400092,7.447342095750028,10.389447558742463,0.7009736748870274,-0.6547718787197836,-0.1663497890245324,-0.6841865313303745,7.617483614048795,0.10316043899447472,0.09672470578800116,0.02363761865833828,0.7826237921249265
70.04274818299746,7.470082775197476,10.368249256143903,0.6822203834234128,-0.6359490779568049,-0.19064714101237962,-0.7095958628501373,7.608006704913168,0.10558732457134584,0.0978153309169936,0.03261326804891037,0.8
70.10114335200342,7.491948016011101,10.347544089502135,0.6559572244087541,-0.6211549992530605,-0.2334609695263808,-0.7998334228494152,7.59916287385196,0.10770247964658451,0.09863562723059284,0.02961532286485776,0.8
70.15078495600028,7.512779764973354,10.327350421560094,0.6249524688675954,-0.605810038261222,-0.2687269265185522,-0.8944948608669699,7.591070758888188,0.11026614993231461,0.09908681864693324,0.04380395828698647,0.75
70.20348654800182,7.532593609514948,10.307701504728742,0.5944153362478344,-0.5894675049405655,-0.2829685351996959,-0.9257233278585029,7.583690036850171,0.11248951955037075,0.09920344014925014,0.03131585357223306,0.75
70.24064011099836,7.551136228209981,10.28868786396609,0.5562785608509899,-0.570409222879579,-0.33058736388854265,-1.0164214615992901,7.577183968978392,0.11472893710940689,0.09887037725114702,0.04602273338343537,0.7000000000000001
70.2750304939982,7.568251550145572,10.27013928312255,0.513459658067728,-0.5564574253061699,-0.36859210064282316,-1.0713774154888291,7.571761414813383,0.1169887672825824,0.09785691015814098,0.060315759203703245,0.7000000000000001
70.34470650099684,7.568251550145572,10.27013928312255,0.513459658067728,-0.5564574253061699,-0.35177496988984847,-1.1510530891413053,7.571761414813383,0.1169887672825824,0.09785691015814098,0.013802899794316833,0.7000000000000001
70.37559999500081,7.583924576803294,10.25186199148189,0.4701907997316499,-0.5483187492197675,-0.3107656665326769,-1.2060014699139303,7.567523046108935,0.1182706732701469,0.09601541672869846,0.026228450636725444,0.7000000000000001
70.44788953399984,7.61111513991391,10.215462061933803,0.3868461682467337,-0.5471618867329922,-0.3589921773961607,-1.164999006856576,7.562754902793694,0.12084134844667861,0.08950341127033104,0.05794883925459513,0.65
70.47763823800051,7.61111513991391,10.215462061933803,0.3868461682467337,-0.5471618867329922,-0.40186560096742696,-1.1124680544265702,7.562754902793694,0.12084134844667861,0.08950341127033104,0.05794883925459513,0.65
70.54114162900078,7.622728896956637,10.19701668874003,0.34841271128181894,-0.553361195813199,-0.4400245116039594,-1.0540462165755091,7.562295925861036,0.12089421575277653,0.08467272916346429,0.018991515179946038,0.65
70.55831130799925,7.633009158532365,10.1781799527236,0.308407847271853,-0.5651020804929268,-0.4400245116039594,-1.0540462165755091,7.563242890906342,0.12020665161887926,0.07869651010472622,0.03699638634696418,0.65
70.58889876600006,7.6419626132141865,10.158665210622727,0.26860364045462076,-0.5854422630261571,-0.48864144879950566,-0.9283480736000401,7.565736369387908,0.12091340148190488,0.07494873380765045,0.0541568879770687,0.65
70.6198755459991,7.649502398441622,10.138237397122616,0.2261935568230531,-0.6128344050033643,-0.49799101334759527,-0.8962511673071325,7.569972406110089,0.12036128756924362,0.0756691168357148,0.07050847050931383,0.65
70.65552838899748,7.655803506101484,10.116757470016132,0.18903322979585763,-0.6443978131944914,-0.5021796874324016,-0.861940931319802,7.575875494267722,0.11828701079656764,0.08080339322518792,0.05240191439936285,0.6000000000000001
70.68473550800263,7.6608398611351625,10.093941551330504,0.15109065101034236,-0.6844775605688392,-0.5077578509222744,-0.7930474193032006,7.583619689047049,0.11672602152610481,0.08583974825886642,0.06898176416414455,0.6000000000000001
70.70155330799753,7.6608398611351625,10.093941551330504,0.15109065101034236,-0.6844775605688392,-0.5077578509222744,-0.7930474193032006,7.583619689047049,0.11672602152610481,0.08583974825886642,0.06898176416414455,0.6000000000000001
70.7658924770003,7.664863591269789,10.069621282332694,0.12071190403880863,-0.7296080699343047,-0.4776117455195686,-0.6700699842793786,7.593084564706936,0.11446621215526898,0.08986347839349307,0.013303938739054293,0.6000000000000001
70.78472954600147,7.668036884225503,10.043793716904856,0.09519878867143641,-0.7748269628351434,-0.4547251891175721,-0.6462935935039879,7.60414090701271,0.1114047156448337,0.09303677134920729,0.02642205423664985,0.6000000000000001
70.83168044999911,7.671663306719703,9.988299983282646,0.037687479421290054,-0.8485186674446759,-0.3871744308389665,-0.5702453646625837,7.630831518887528,0.10502967857902941,0.0966631938434066,0.05098524329990908,0.6000000000000001
70.87860496599751,7.671663306719703,9.988299983282646,0.037687479421290054,-0.8485186674446759,-0.3487236127583157,-0.513659367737825,7.630831518887528,0.10502967857902941,0.0966631938434066,0.026912770229136043,0.6000000000000001
70.92860116199881,7.671663306719703,9.988299983282646,0.037687479421290054,-0.8485186674446759,-0.28820704008735626,-0.4321440356590436,7.630831518887528,0.10502967857902941,0.0966631938434066,0.026912770229136043,0.6000000000000001
70.98517197900219,7.671920917178379,9.95913279984337,0.007728313760284853,-0.8750155031782577,-0.2630034133044626,-0.40018654342346427,7.646370502685692,0.10095319098581787,0.09692080430208261,0.013295350817311088,0.6000000000000001
71.0047342609978,7.671104409120037,9.929370601117345,-0.0244952417502433,-0.8928659617807599,-0.23489801214374678,-0.3459351890454872,7.6632139537703186,0.09572787226653641,0.09610429624374106,0.02589689790852906,0.6000000000000001
71.05289799199818,7.669361823498259,9.899344525250381,-0.05227756865332559,-0.9007822760089248,-0.17686499828267985,-0.2613920866568882,7.681055511752637,0.08955092650262718,0.09436171062196319,0.03672864491163775,0.6020797289396148
71.10059005000221,7.666830653810756,9.869252395423633,-0.07593509062511089,-0.9027638948024461,-0.15289895171694123,-0.23633665998530537,7.699668377948339,0.08192946584782697,0.09183054093445975,0.02344668813085307,0.6020797289396148
71.11845562900271,7.663539002469523,9.839225664763825,-0.09874954023696539,-0.9008019197942455,-0.13126646729264152,-0.2113768221409982,7.7189525266410515,0.07311404749077029,0.08853888959322731,0.03228596125133723,0.608276253029822
71.15444258500065,7.663539002469523,9.839225664763825,-0.09874954023696539,-0.9008019197942455,-0.05355863863217244,-0.14556434721486225,7.7189525266410515,0.07311404749077029,0.08853888959322731,0.03228596125133723,0.608276253029822
71.21489870500227,7.6594959816973605,9.809422845307814,-0.1212906231648794,-0.8940845836803321,0.0061388776335327576,-0.13800359263517123,7.738807681428641,0.06168609057153121,0.08408812617415436,0.0012655407350555957,0.608276253029822
71.28844895899965,7.654871632926917,9.780092177401606,-0.13873046311330464,-0.8799200371862521,0.16769650901583197,-0.1894249233393126,7.75894859267652,0.04844246382664982,0.06007830362679031,0.0014364380061866148,0.6184658438426491
71.3208709870014,7.649840914362841,9.751519396039413,-0.15092155692228088,-0.8571834408658034,0.16769650901583197,-0.1894249233393126,7.779063940671076,0.03322160661609553,0.03631704095732409,0.0006062488422888347,0.6670832032063168
71.34974178399716,7.644537665628648,9.723784005596707,-0.15909746202578517,-0.8320617132811405,0.2682007795085053,-0.20866670101174833,7.798990984746579,0.01807007076129149,0.01953755200729379,0.004487929738990317,0.6800735254367722
71.36866911099787,7.644537665628648,9.723784005596707,-0.15909746202578517,-0.8320617132811405,0.30182356756966533,-0.21562652757576597,7.798990984746579,0.01807007076129149,0.01953755200729379,0.004487929738990317,0.6800735254367722
71.43020410399913,7.639080840104655,9.696934422831767,-0.16370476571977513,-0.8054874829482151,0.3352906334578414,-0.22302162699255035,7.818597244234198,0.003123278900941773,0.014080726483300943,0.008000263659405383,0.696419413859206
71.44035384900053,7.633606745145301,9.671077211659055,-0.16422284878060706,-0.7757163351813466,0.4007162556507501,-0.24091761222330274,7.837703668263815,0.011498447282330364,0.00860663152394725,0.016074315751185758,0.696419413859206
71.48400538999704,7.628229976551935,9.646460507772565,-0.16130305780101076,-0.7385011165947385,0.466664471578031,-0.2551885582130397,7.856069070803182,0.02707979097354554,0.003229862930580474,0.026377154722371177,0.7158910531638177
71.54244525000104,7.623187532564167,9.623421758919067,-0.15127331963302373,-0.691162465604941,0.5330480962642052,-0.26964884556253077,7.873299974397743,0.0416722852071999,0.0024034865785493536,0.0251848511740464,0.7158910531638177
71.56173335500353,7.618776988555169,9.602038953043758,-0.13231632026994006,-0.641484176259255,0.5979418937020411,-0.28982165397425275,7.889100411581645,0.05497685478684947,0.020636427356227914,0.03709032899661521,0.7158910531638177
71.57609318900359,7.618776988555169,9.602038953043758,-0.13231632026994006,-0.641484176259255,0.6304531144454762,-0.29932128698888544,7.889100411581645,0.05497685478684947,0.020636427356227914,0.03709032899661521,0.7158910531638177
71.60619287400186,7.615167742020478,9.582207630014933,-0.10827739604071156,-0.5949396908647715,0.6651571332163551,-0.309663021992194,7.903385180568328,0.06865835999606422,0.03721141304946336,0.04859121995572166,0.73824115301167
71.65299248800147,7.612428523797886,9.563820591790087,-0.08217654667775477,-0.5516111467453584,0.7290473955924426,-0.3288214644822667,7.916154829353637,0.08134601854998395,0.05214993224453416,0.029467208143680406,0.73824115301167
71.67449001599743,7.610875955820522,9.546681157437261,-0.046577039320932725,-0.5141830305848013,0.794628002712809,-0.346573944497213,7.927259510245965,0.09234866780344658,0.06536717384616561,0.041691720633529675,0.7632168761236874
71.71306013900175,7.610706017069676,9.530620739938021,-0.005098162525400102,-0.48181252497720506,0.860076513025014,-0.36251137140452167,7.9366342500571525,0.10160057311802735,0.07684376881167525,0.052163594113777176,0.7632168761236874
71.7622093309983,7.612096602550095,9.515444635785489,0.04171756441258347,-0.45528312457597603,0.89388126651981,-0.3696052678122504,7.944245614417398,0.10906602805523626,0.08659160254689995,0.02174504543102706,0.7632168761236874
71.80230498500168,7.615112603197761,9.501085194845057,0.09048001942997613,-0.43078322821292403,0.9934040563587716,-0.3915697706901614,7.950080624388526,0.11548870738611798,0.09461262609989943,0.030045651340214297,0.7632168761236874
71.88228898800298,7.61993590795014,9.487373522142745,0.14469914257137012,-0.4113501810693685,1.0955715067261715,-0.403180217033741,7.954090372965585,0.12048144623929179,0.10089765135097789,0.008759471051773235,0.7905694150420949
71.9025618070009,7.626566112631115,9.474292890837893,0.19890614042923263,-0.3924189391455453,1.0653980194553903,-0.3871819457950109,7.956287611310233,0.12367819695338313,0.10545879175826864,0.015994198864998904,0.7905694150420949
71.93290388100286,7.626566112631115,9.474292890837893,0.19890614042923263,-0.3924189391455453,1.0152229423013077,-0.36391732087457357,7.956287611310233,0.12367819695338313,0.10545879175826864,0.015994198864998904,0.7905694150420949
71.98876842000027,7.635153077159653,9.461681653645034,0.2576089358561538,-0.3783371157857801,1.0050059242791218,-0.370790989503433,7.956647712315242,0.12506602854528476,0.10830438224855345,0.0072605389853709484,0.7905694150420949
72.00556452699675,7.645678379273914,9.449484256466514,0.3157590634278418,-0.36592191535559493,0.975055414210732,-0.3571669731193957,7.955222452240102,0.1246952190245364,0.10948673200728004,0.013263445107385412,0.8200609733428363
72.04664143399714,7.6581573170755055,9.437630711655702,0.3743681340477509,-0.35560634432435756,0.9298409898041071,-0.3331479979716105,7.95204530497934,0.12337084447053624,0.1090445123825925,0.018063868179512107,0.7810249675906654
72.13772912399872,7.672669698383468,9.4260350051647,0.4353714392388964,-0.3478711947300601,0.9616871370941968,-0.3369256441638667,7.947107875134438,0.12053927509911172,0.10698211184100373,0.007484692034163061,0.7810249675906654
72.21057806900353,7.689130403505973,9.414743935350755,0.49382115367515295,-0.3387320944183348,0.9975108207687555,-0.32946275245955825,7.940458007859749,0.11606747403792887,0.10332662765805956,0.003519605060506702,0.7810249675906654
72.21237375600322,7.689130403505973,9.414743935350755,0.49382115367515295,-0.3387320944183348,1.006328625341795,-0.3147841643373817,7.940458007859749,0.11606747403792887,0.10332662765805956,0.003519605060506702,0.7810249675906654
72.23354818500229,7.707553683678857,9.403744230115004,0.5526984051865167,-0.3299911570724943,1.022795758639065,-0.3189297909051951,7.932098597674253,0.11004955935670582,0.09807736747936524,0.005966261305398479,0.7433034373659253
72.32098287300323,7.727895896117108,9.393072105087349,0.6102663731475169,-0.3201637508296724,1.0169678021262931,-0.303913695913802,7.922050297658305,0.10322517588700414,0.09123958309666744,0.0002520480413359762,0.7778174593052023
72.35529738100013,7.7497375789555925,9.382620642669165,0.6552504851545421,-0.3135438725455279,0.9174166392281657,-0.29219837328259934,7.910720625650981,0.09518505517420799,0.0831854809982624,0.0003744289266630411,0.7778174593052023
72.39798441099992,7.772903606411498,9.372445555914638,0.6949808236771631,-0.3052526026358392,0.8542474499871112,-0.2667445986571827,7.8982225719178025,0.08607098083679045,0.0739994987343254,0.0020174524453340195,0.7433034373659253
72.44384856300167,7.79718235707288,9.362553723622602,0.7283625198414521,-0.29675496876107493,0.7953418710118506,-0.232519669977589,7.884726213481064,0.07694869034895341,0.06382641119498422,0.0046466899615729175,0.7433034373659253
72.48309039999731,7.822464357717035,9.352965113003037,0.7584600193246408,-0.2876583185869441,0.752368784429472,-0.18238486256086928,7.870310918794712,0.06692636815341224,0.05272950868879122,0.008134874065264322,0.7106335201775948
72.55010086399852,7.822464357717035,9.352965113003037,0.7584600193246408,-0.2876583185869441,0.7575005382768661,-0.15011491352279077,7.870310918794712,0.06692636815341224,0.05272950868879122,0.003943154309400099,0.7106335201775948
72.56811908599775,7.848675527584564,9.343722086295054,0.7863350960258759,-0.27729080123947786,0.7910347554751911,-0.15163641741269845,7.855013510606942,0.05649990552835043,0.040731219596532836,0.008025283100037778,0.75
72.66947233099927,7.87577569844464,9.33486600219641,0.813005125802295,-0.26568252295933537,0.8699993647011557,-0.1646686061174208,7.838843675765956,0.04616303837863098,0.027830702130968575,0.004780417524709345,0.7211102550927979
72.6988528130023,7.9037444056833515,9.326480472118819,0.8390612171613369,-0.2515659023277601,0.863016831636151,-0.14130850550566343,7.821769114028061,0.0349115671384152,0.013983304763162858,0.01017421658368028,0.6946221994724903
72.80401645699749,7.932524352072675,9.318601960999596,0.8633983916797031,-0.23635533357668076,0.8216332896321732,-0.1284439793192858,7.803814648947878,0.024851517717674354,0.0007962418528573304,0.004846091237699794,0.6946221994724903
72.8057783309996,7.961913898547497,9.311236921258244,0.8816863942446577,-0.22095119224055332,0.7947639147462948,-0.11612346699485182,7.785136659890088,0.014337637642770504,0.016369919916382356,0.010413148784603294,0.670820393249937
72.82597179299773,7.961913898547497,9.311236921258244,0.8816863942446577,-0.22095119224055332,0.7181963937718748,-0.07258804829987914,7.785136659890088,0.014337637642770504,0.016369919916382356,0.010413148784603294,0.670820393249937
72.8896771840009,7.991669451279592,9.304399761875352,0.8926665819628605,-0.20511478148673265,0.7041827563827243,-0.0692717230362831,7.765918087150554,0.006295030927285898,0.029399623667082153,0.006213868841273079,0.670820393249937
72.92354443899967,8.021542651334299,9.2982171851846,0.896196001641191,-0.18547730072258878,0.6040558229116617,-0.05493781366595801,7.746274068234649,0.000996902147997962,0.023217046976329314,0.013071639056972778,0.696419413859206
72.99894296300045,8.051426282755264,9.292719990427686,0.8965089426289705,-0.16491584270739224,0.6260003682070678,-0.04340091514380737,7.7262659223830354,0.006981741846588194,0.01771985221941641,0.00585076155940026,0.6800735254367722
73.0070592789998,8.081447226989184,9.287895083699835,0.9006283270175774,-0.14474720183555193,0.6116017817469709,-0.034953211289506764,7.705798544407737,0.013213227787102285,0.014416823628858148,0.012340526538228017,0.6800735254367722
73.04903213200305,8.111646428089715,9.283698468347872,0.9059760330159516,-0.1258984605589018,0.6422969300850028,-0.023619031197572887,7.684864276355523,0.019956964352409984,0.03206350095126405,0.019269880510165174,0.6670832032063168
73.10881902300025,8.141936688979866,9.280109292581919,0.9087078267045332,-0.1076752729785974,0.6264258237561582,-0.001939142883677969,7.66354127343093,0.026051987530494286,0.05094401930762402,0.018520909300501213,0.6670832032063168
73.11445046599692,8.172040551799364,9.27704743755501,0.9031158845849541,-0.09185565080723623,0.55837486378192,-0.00396781069734492,7.642092294594843,0.02980103936151759,0.052047300091798476,0.024067278159704112,0.6576473218982953
73.15582531499967,8.201696384353305,9.274529672170226,0.8896749766182321,-0.07553296154353425,0.5462855568321701,0.03479408352696578,7.620705310344736,0.0320558352077378,0.04952953470701438,0.027924159262306198,0.651920240520265
73.21659511199687,8.230724649657056,9.272514720336446,0.8708479591125314,-0.06044855501339534,0.5552006496401862,0.0837327670627635,7.599539937621987,0.0337842347387236,0.047514582873233735,0.015254929408805094,0.651920240520265
73.33994757400069,8.286310871974903,9.269753615226513,0.8220110194256005,-0.03519486758160578,0.48696699724170206,0.0804515237457402,7.558456285177188,0.03444244573786359,0.044753477763300964,0.004631987901652362,0.65
73.37268538599892,8.312939485466256,9.268968344112333,0.798858404740571,-0.023558133425417942,0.5695351384813238,0.13942737387823267,7.538496949595741,0.03423371922716754,0.04396820664912049,0.0062098445279408256,0.65
73.44429800200305,8.364225714213438,9.26856425788984,0.7601532869994752,-0.0003806978550767847,0.6397040329721566,0.21162624125765833,7.499458512961445,0.03324394949398699,0.043564120426628605,0.006073170234931649,0.65
73.50089026900241,8.389041132369941,9.268943288754736,0.744462544695095,0.011370925946840275,0.6588604689145197,0.3128819581043203,7.480251341701715,0.03233848638985085,0.04394315129152382,0.007077832216683725,0.65
73.5512891920007,8.413399378651597,9.269735636500917,0.7307473884496597,0.023770432385409886,0.6473365828121469,0.37945604179121056,7.46115811707601,0.03143097813085789,0.044735499037704685,0.003673311580313801,0.651920240520265
73.58550127600029,8.437169445315849,9.270993283244254,0.7131019999275735,0.03772940230008226,0.5992383915576538,0.4275908086569339,7.442241313041153,0.03005372367698149,0.04599314578104163,0.00472685394028701,0.651920240520265
73.59951141299825,8.437169445315849,9.270993283244254,0.7131019999275735,0.03772940230008226,0.5770893312704727,0.4528396240608752,7.442241313041153,0.03005372367698149,0.04599314578104163,0.00472685394028701,0.651920240520265
73.66073667399905,8.460351002287162,9.272770268259174,0.6954467091393854,0.05330955044763824,0.5505405355629174,0.4529751244467684,7.423461975413225,0.028734242450730276,0.04777013079596237,0.0013768220831733352,0.6576473218982953
73.67632871100068,8.482964649309658,9.275079704777552,0.6784094106748555,0.06928309555133498,0.521996714438838,0.4669732193669424,7.404791825983661,0.026816383818756864,0.05007956731433971,0.0021500970202087666,0.6576473218982953
73.70806370599894,8.504821879523103,9.277854653433208,0.6557169064033649,0.08324845966966116,0.5118550510834001,0.477592130337464,7.386413469558764,0.024642986494835963,0.05164196230500045,0.002480752207171416,0.6670832032063168
73.76865574299882,8.525997760471958,9.28109824996484,0.6352764284656625,0.09730789594895324,0.5262727670964232,0.5053820805647685,7.368264045401437,0.022013400593675167,0.03896192239141672,0.0008529606032327363,0.6670832032063168
73.77297515099781,8.525997760471958,9.28109824996484,0.6352764284656625,0.09730789594895324,0.524676910795559,0.5122845647556378,7.368264045401437,0.022013400593675167,0.03896192239141672,0.0008529606032327363,0.6670832032063168
73.80888471000071,8.54667675933856,9.28483161450374,0.6203699659980653,0.11200093616702184,0.5496419510436554,0.5105240612617041,7.350186772861838,0.018225182295751128,0.026979549446791627,0.0009678309161744632,0.6670832032063168
73.88684928799921,8.587451601538783,9.294437372750568,0.6094155873677509,0.15614237506355438,0.5448965383689739,0.5272064997840984,7.313113017709612,0.012781753105990284,0.0194372345422984,0.00023979357464696036,0.6800735254367722
73.94471606700245,8.60759508238361,9.300650688903401,0.6043044253447706,0.1863994845849524,0.542429923617415,0.5778972884908797,7.293851217908143,0.011417611083962794,0.025650550695131002,0.0009522834993882256,0.65
73.99114958300197,8.627376718203292,9.307973149949198,0.5934490745905011,0.21967383137390073,0.5222148141234565,0.5860398273165723,7.274140974443042,0.01064151388081596,0.03297301174092837,0.0027107594339058827,0.65
74.06141542299883,8.665540189284288,9.325841992103273,0.564689502298481,0.2837419507711208,0.5245734788260217,0.61502648513422,7.233666989753447,0.010482370024854847,0.04263980736905115,0.00517619524890491,0.670820393249937
74.09784051199676,8.665540189284288,9.325841992103273,0.564689502298481,0.2837419507711208,0.5470512857803002,0.6397441953091481,7.233666989753447,0.010482370024854847,0.04263980736905115,0.0020972450815921425,0.670820393249937
74.10563602000184,8.68381768155597,9.336329393151086,0.5483247681504563,0.3146220314343968,0.5755159070697926,0.6650831468902219,7.213015219530737,0.009635820111586157,0.03713138103859135,0.001634677250561549,0.670820393249937
74.15065254100045,8.701527837135584,9.34776206165101,0.5313046673884418,0.34298005499775397,0.6525090674743197,0.72667859052061,7.192167066740416,0.009227019873387551,0.03269252735573208,0.00045502100793051226,0.6946221994724903
74.17113479600084,8.701527837135584,9.34776206165101,0.5313046673884418,0.34298005499775397,0.6855039001761555,0.7393387702374696,7.192167066740416,0.009227019873387551,0.03269252735573208,0.00045502100793051226,0.6946221994724903
74.20982876599737,8.718760699579315,9.360110831345207,0.5169858733118995,0.37046309082589735,0.6577730800037997,0.7227129050034369,7.171072844388288,0.00984093747673468,0.029238952252591956,0.0027316636322910616,0.651920240520265
74.26374383299844,8.735625696479032,9.373377442228444,0.5059499069915037,0.3979983264971363,0.6080371348264513,0.6710753657682658,7.149648415965012,0.009671338287030564,0.026694509099012498,0.004285225879763038,0.651920240520265
74.32711688300333,8.75211114819083,9.387520298813305,0.49456355135392943,0.42428569754585616,0.5854568256684973,0.6415324200271366,7.12792958055854,0.010423146841917464,0.025038044199181007,0.00285299287734987,0.6800735254367722
74.42942288400081,8.783815070345453,9.418096802166161,0.4698980934437716,0.47069202124775733,0.6240824601998944,0.6254419624583305,7.083928271811682,0.01336641170110015,0.024240838719214404,0.004155532771094176,0.6403124237432849
74.46292437700322,8.799140882173058,9.434605150417164,0.45977435482817314,0.49525044753009034,0.6019511838244743,0.5780609224743813,7.0615165856608355,0.015633553177464572,0.025077018243199328,0.007515392563585073,0.6403124237432849
74.50819606600271,8.814090263526952,9.451865975259818,0.4484814406167952,0.5178247452795834,0.5664147568859595,0.549482300160348,7.03889136541316,0.018604397306419353,0.026711455608430468,0.01085674585184664,0.6363961030678928
74.56887743400148,8.828835578169668,9.469903778188742,0.44235943928148763,0.54113408786772,0.6458127274419903,0.5449120129901115,7.015908022857823,0.021726883509366284,0.029039596402585407,0.01213097227199088,0.6363961030678928
74.59699633999844,8.84352366835416,9.488795683059447,0.44064270553476415,0.5667571461211246,0.6288517655874704,0.5209557840031461,6.992406501178553,0.025512736979978357,0.03201214227405767,0.017475781226628538,0.6363961030678928
74.65406187400367,8.84352366835416,9.488795683059447,0.44064270553476415,0.5667571461211246,0.547588832553987,0.46853753584805763,6.992406501178553,0.025512736979978357,0.03201214227405767,0.006248275542186327,0.6363961030678928
74.6735898889965,8.85815108929589,9.508489680246383,0.43882262825184437,0.5908199156080804,0.547588832553987,0.46853753584805763,6.968425002757354,0.029769706985762347,0.03559475269444246,0.013173642956688757,0.6403124237432849
74.70315308999852,8.87269231845404,9.528976349713018,0.4362368747445664,0.6146000839990553,0.48348376078058536,0.44618464756227527,6.9439904096299205,0.03432117026294323,0.03979881385371101,0.01924822105879465,0.6403124237432849
74.76797929799795,8.887136151162771,9.550006309699532,0.43331498126191553,0.6308987995954384,0.38142829848549464,0.4771492577198286,6.9192768472065165,0.039330050565817204,0.044455909113589355,0.00675098763127085,0.6103277807866851
74.80061609800032,8.901475218142272,9.571536914168494,0.4301720093850052,0.6459181340688671,0.3495170135072232,0.4900411957050732,6.894319243212309,0.044516584840473876,0.049541094039544896,0.0107620531143747,0.651920240520265
74.90200727000047,8.930166472758238,9.61556888950666,0.43059049763577517,0.6625815564583077,0.3232777427740387,0.5639430295224283,6.8437782754961844,0.05522741654993032,0.0603886216905017,0.0033575686943832024,0.6264982043070835
74.93534303599881,8.930166472758238,9.61556888950666,0.43059049763577517,0.6625815564583077,0.37774480514414954,0.6052853138674424,6.8437782754961844,0.05522741654993032,0.0603886216905017,0.0033575686943832024,0.6264982043070835
74.99540083399916,8.958690581830991,9.659981338539211,0.42645102772975296,0.6673209837955046,0.3419547699826933,0.6240333016502236,6.7931456813079905,0.065441084631206,0.07162337461787174,0.0010867225394987894,0.65
75.00770861600176,8.958690581830991,9.659981338539211,0.42645102772975296,0.6673209837955046,0.3419547699826933,0.6240333016502236,6.7931456813079905,0.065441084631206,0.07162337461787174,0.0010867225394987894,0.65
75.03540315999999,8.972949392374417,9.682050141631672,0.42776431630279205,0.662064092773818,0.2767035100989198,0.637464556762708,6.767933871146392,0.07022193907647957,0.07714587331031074,0.0013386686622408263,0.65
75.15479179599788,8.987064751740522,9.703849316102856,0.42346078098315904,0.6539752341355104,0.11554999837803098,0.749146376378708,6.743014732923511,0.07456965360746906,0.08257915107649548,0.002308678912818481,0.632455532033676
75.20500161300151,9.000967145992357,9.725310465819625,0.4170718275550325,0.643834491503092,0.08826465568429948,0.770399064749529,6.718485288122363,0.07884559659690524,0.08792399832308158,0.0026372453424300247,0.6800735254367722
75.20871741200244,9.000967145992357,9.725310465819625,0.4170718275550325,0.643834491503092,0.026813612720054614,0.78825520077008,6.718485288122363,0.07884559659690524,0.08792399832308158,0.0026372453424300247,0.6800735254367722
75.25243408600363,9.014480178828585,9.746406076269302,0.4053909850868192,0.6328683134903241,0.0028761460859166865,0.8124120977959088,6.694497136026887,0.08245975923623629,0.09328569037242519,0.0028009585951390904,0.6800735254367722
75.26961879400187,9.014480178828585,9.746406076269302,0.4053909850868192,0.6328683134903241,-0.014440765257945687,0.8409975332868961,6.694497136026887,0.08245975923623629,0.09328569037242519,0.0028009585951390904,0.6800735254367722
75.3199742259967,9.027564688478579,9.767170449942679,0.39253528949982597,0.622931210201275,-0.016382195762601026,0.8559542059902582,6.671057779649291,0.0860444300042089,0.09871617430194932,0.002756284550954542,0.6670832032063168
75.33826898100233,9.03999563570939,9.787691756021804,0.37292841692433804,0.6156391823737468,-0.016382195762601026,0.8559542059902582,6.648281474014342,0.0895659915420861,0.10443692190582465,0.0063681645290700785,0.6670832032063168
75.37269106900203,9.051924080040378,9.808176671088246,0.3578533299296225,0.6145474519932463,-0.1469625765131065,0.883168384980789,6.625920161024229,0.09253206945867593,0.11048726038588887,0.010893481492355033,0.7071067811865476
75.42885927099996,9.063386584948347,9.828756664392682,0.3438751472390754,0.6173997991330589,-0.17798606340313203,0.940214445994601,6.603862076440437,0.09592604322542835,0.11693429825841978,0.010938775509992903,0.7071067811865476
75.4486568650027,9.07425643547699,9.849458078449606,0.326095515859279,0.6210424217077404,-0.19536235454578404,1.0069125786987407,6.582188466095586,0.09770089310501598,0.12388626349893428,0.017887340453186282,0.7071067811865476
75.53530316399701,9.084401842792207,9.87031316779276,0.3043622194565471,0.6256526802946366,-0.21847341852101373,1.1050927113296345,6.5609812965084355,0.09993796945296785,0.13145915228524,0.000319625591667181,0.70178344238091
75.65390040299826,9.101484994550669,9.913105476498904,0.23869203966608016,0.648053943989499,-0.1384959783849078,1.0062918705365753,6.520371002529349,0.09815542611293863,0.1235151429125434,0.0042404170024726824,0.75
75.67851707999944,9.108173832938801,9.935158256822604,0.20066515164399484,0.6615834097109593,-0.12738287119134512,1.0411626731251142,6.501094925308338,0.0967812582381711,0.11682630452441067,0.005912312813988616,0.75
75.69690260799689,9.108173832938801,9.935158256822604,0.20066515164399484,0.6615834097109593,-0.11577448215727282,1.0701302411350613,6.501094925308338,0.0967812582381711,0.11682630452441067,0.005912312813988616,0.75
75.74499259400181,9.113588926378247,9.95771805761035,0.16245280318335514,0.6767940236323924,-0.09044667360891193,1.1334415816943584,6.482499138864965,0.09549461091078604,0.11141121108496499,0.007096133824758073,0.75
75.76690658400184,9.117569932466651,9.980830548513616,0.11943018265214227,0.6933747270979524,-0.07604547303462562,1.1022466540418252,6.4646860981736,0.09496133249082535,0.10743020499656097,0.013643530969439786,0.75
75.80139770499954,9.12008615729773,10.004506290104564,0.07548674493234042,0.710272247728403,-0.04477514520481542,1.041261100503746,6.447682576595313,0.0949555717621148,0.10491398016548281,0.01988976294446351,0.75
75.86482293299923,9.12113478158866,10.02869550432681,0.03145872872792201,0.7256764266673792,-0.003281387468236627,0.9878427209280117,6.431533188874557,0.0961444295470562,0.10386535587455192,0.007183406797163254,0.75
75.87023929700081,9.120903580696213,10.053475364500354,-0.006936026773394402,0.7433958052063167,0.06329092872662435,0.9797936527156353,6.416055079129958,0.09792726121078799,0.10409655676699892,0.015770924304340486,0.75
75.93955328500306,9.11942726203544,10.078913623889752,-0.04428955982318908,0.7631477816819425,0.16597092313690398,0.9699020890204059,6.401190548819433,0.1008670650790281,0.1055728754277716,0.024628459456026614,0.75
75.97793118200207,9.116807681052563,10.104959192527227,-0.07858742948632844,0.781367059124234,0.19766248932455663,0.9787518450027725,6.38690509879311,0.10443848721823643,0.10819245641064867,0.02092217785548889,0.75
76.0241562279989,9.113110082961468,10.13141191654765,-0.11092794273287085,0.7935817206127151,0.29664621442614014,0.9681615309985498,6.373285057235442,0.10904021506731379,0.11189005450174427,0.031937225291142374,0.75
76.0848450859994,9.113110082961468,10.13141191654765,-0.11092794273287085,0.7935817206127151,0.337540656842925,1.023829885650256,6.373285057235442,0.10904021506731379,0.11189005450174427,0.0,0.75
76.10077257399826,9.108594525163912,10.158440665179633,-0.13546673392663794,0.8108624589594599,0.3399101774391987,0.9575217110736695,6.360032909044829,0.11415940805156384,0.11640561229929958,0.01596117730927718,0.75
76.19637579799746,9.103414058983269,10.186157209233873,-0.15541398541930906,0.8314963216272082,0.3452953669997483,0.8212705179370929,6.346970651956572,0.11988299093435804,0.12158607847994318,0.016009452025038524,0.75
76.23542378200364,9.097580269420481,10.214591262831048,-0.1750136868836075,0.8530216079152789,0.35047202958614837,0.7188779556303028,6.334082744625309,0.12611244211563036,0.12741986804273076,0.032907641284889384,0.7000000000000001
76.27777401299682,9.091194647100343,10.243673132653244,-0.19156866960417124,0.8724560946659076,0.37505522459537455,0.656508218505176,6.321343842179184,0.13281244949613225,0.13380549036286915,0.04883883472164377,0.7000000000000001
76.32636447600089,9.08440268890311,10.273253666430502,-0.2037587459169743,0.8874160133177685,0.34941120116949237,0.7199105592866933,6.308740277469816,0.13986085126625047,0.14059744856010248,0.023924293379736766,0.7000000000000001
76.36475434099702,9.077323933617963,10.303230570194968,-0.21236265855437017,0.899307112933974,0.32505988134154645,0.7820488617837431,6.296247530943249,0.14711045458297645,0.14767620384524882,0.03460491254820801,0.7000000000000001
76.41342387100303,9.070552676248843,10.333570341364254,-0.20313772107362538,0.9101931350786102,0.3027788582762341,0.8476545426516654,6.28341728328134,0.15402948089735657,0.15444746121436914,0.018304126415905734,0.7000000000000001
76.47884379400057,9.059761505721854,10.394782992773754,-0.14761222258182352,0.9201716171140102,0.43718625070881956,0.85402658722067,6.2556084556054055,0.16500205434715287,0.16523863174135833,0.051716365472983916,0.7000000000000001
76.49615153000195,9.059761505721854,10.394782992773754,-0.14761222258182352,0.9201716171140102,0.43718625070881956,0.85402658722067,6.2556084556054055,0.16500205434715287,0.16523863174135833,0.051716365472983916,0.7000000000000001
76.54170210099983,9.055701980552413,10.425620454285179,-0.12178575508320734,0.9251238453427268,0.47714345326681973,0.7988976347794494,6.2406736459272,0.16912594123157185,0.16929815691079853,0.05760446194019812,0.7000000000000001
76.59902614600287,9.052494793275306,10.456487265991681,-0.0962156183132354,0.9260043511950493,0.48736130230477603,0.696767094304801,6.22515010700896,0.17237342400139166,0.17250534418790586,0.07328165324647849,0.7000000000000001
76.63573422499758,9.050110225783252,10.487230520146358,-0.07153702476164255,0.9222976246403378,0.4855835432863389,0.6615461758801437,6.209145677651703,0.17479220117298916,0.17488991167996026,0.039016107505356536,0.7000000000000001
76.65904374999809,9.0485748725416,10.51756707511329,-0.046060597249538704,0.9100966490079432,0.48087956169919865,0.5945597550406193,6.192795933956686,0.1763522362136874,0.1764252649216118,0.05527163232095664,0.65
76.67786110300221,9.0485748725416,10.51756707511329,-0.046060597249538704,0.9100966490079432,0.48087956169919865,0.5945597550406193,6.192795933956686,0.1763522362136874,0.1764252649216118,0.05527163232095664,0.65
76.70251733400073,9.047804062131418,10.547442984541776,-0.02312431230546304,0.8962772828545971,0.46054175628697847,0.5281020014190894,6.176191799377449,0.17714052349295153,0.1771960753317945,0.06946565118626845,0.65
76.74411268700351,9.047601820501045,10.577012447046526,-0.0060672489111761405,0.8870838751424676,0.4117214848270479,0.5192499822020022,6.1593967774831215,0.17735740845832082,0.1773983169621669,0.014083789792491924,0.65
76.79610155700357,9.047859940321358,10.606371200103565,0.007743594609365767,0.8807625917111799,0.3608851171792009,0.5533621341854579,6.142439366739856,0.17710861836683633,0.17714019714185447,0.027372109929776105,0.65
76.85214297399943,9.048479846864392,10.635621282114457,0.01859719629104374,0.8775024603267445,0.33320139660653125,0.6013884240398235,6.1253388280546135,0.17649676729276972,0.17652029059881968,0.009995523505266767,0.65
76.92199323599925,9.049336374450817,10.664801480644256,0.025695827592747345,0.8754059558939783,0.33855629170370594,0.7368893727957864,6.108174189218044,0.17564609188620062,0.17566376301239472,0.019745164976144584,0.65
76.96267657000135,9.0508371002875,10.694013364448173,0.04502177510051496,0.8763565141175303,0.339628157523378,0.7708769012646863,6.090549314256538,0.17414986969955035,0.17416303717571147,0.009461920425552587,0.7000000000000001
76.96707829499792,9.0508371002875,10.694013364448173,0.04502177510051496,0.8763565141175303,0.3275969783953589,0.8136363580124121,6.090549314256538,0.17414986969955035,0.17416303717571147,0.009461920425552587,0.7000000000000001
77.00670784599788,9.0508371002875,10.694013364448173,0.04502177510051496,0.8763565141175303,0.3461055679563779,0.803212455760182,6.090549314256538,0.17414986969955035,0.17416303717571147,0.009461920425552587,0.7000000000000001
77.04418206500122,9.053075077312,10.7230187920075,0.06713931073500294,0.8701628267797672,0.3550635328662326,0.7991663893798476,6.072516221006228,0.1719156397202973,0.1719250601512119,0.01816266305894669,0.7000000000000001
77.08576562700182,9.05616837756681,10.75160382025632,0.09279900764430271,0.8575508474646504,0.32124979149998556,0.797333567691894,6.054089065415134,0.16882492043886504,0.16883175989640264,0.013496305532236783,0.7000000000000001
77.13885343300353,9.060065756071953,10.779624595426524,0.11692135515429844,0.8406232551060737,0.31068608561329014,0.6610646829265319,6.03538151324463,0.16492988931761168,0.1649343813912587,0.02601042362971798,0.7000000000000001
77.22581662899756,9.069776880180289,10.833718807027402,0.15324642870877994,0.8018101836876657,0.27335490145471353,0.5303624431643343,5.997644326461451,0.1552222510858206,0.1552232572829233,0.02166775090187106,0.7000000000000001
77.2532897380006,9.069776880180289,10.833718807027402,0.15324642870877994,0.8018101836876657,0.22961022977255624,0.5031556860117398,5.997644326461451,0.1552222510858206,0.1552232572829233,0.02166775090187106,0.7000000000000001
77.29209211799753,9.075177098336436,10.859896465613424,0.1620065446843918,0.7853297575806792,0.19652926361699702,0.5052045722129402,5.978889203407856,0.14982357003524827,0.14982303912677608,0.008887386117681638,0.7000000000000001
77.32468539300316,9.080787773387813,10.885696911471504,0.16832025154132593,0.7740133757423971,0.16402516202667963,0.5668160082148977,5.96022111340654,0.14421448077125962,0.14421236407539872,0.017399808874264372,0.7000000000000001
77.37073852300091,9.080787773387813,10.885696911471504,0.16832025154132593,0.7740133757423971,0.11811308959278896,0.6550655663020839,5.96022111340654,0.14421448077125962,0.14421236407539872,0.017399808874264372,0.7000000000000001
77.43577796399768,9.092320583235773,10.93724722314157,0.17470486689272358,0.7749149648685477,0.12009999243197714,0.7590331078981373,5.922825193149786,0.13268530372025214,0.1326795542274386,0.013636086160879472,0.7000000000000001
77.47087714199733,9.09816080863532,10.963250469133607,0.17520676198640697,0.7800973797610931,0.09946490797230875,0.8221355391774054,5.904031920278057,0.12684733897055814,0.1268393288278915,0.018070576898241465,0.7000000000000001
77.51387111700024,9.103940383536472,10.989348243066544,0.1733872470345384,0.7829332179881405,0.08988016105784719,0.8557810049594488,5.885300845680779,0.12107062772559873,0.1210597539267404,0.002463656703841435,0.75
77.5632090250001,9.109636075296338,11.01536876724014,0.17087075279601627,0.780615725207903,0.08045775830474106,0.9571387527980019,5.8667437257052,0.11537827777644452,0.11536406216687389,0.004983608631377966,0.75
77.64350233600271,9.120603566831402,11.066109403344042,0.1619961397251351,0.7539141764627821,0.06727951848735542,0.9563601300987136,5.830855939836757,0.10442021533118176,0.10439657063180974,0.020412866859456827,0.75
77.67776568500267,9.12573434837491,11.090583576977117,0.15392344630522756,0.7342252089922886,0.04710254475156536,0.8890928393272665,5.813768655536356,0.09929612363935776,0.0992657890883013,0.023364167927484903,0.75
77.73956016699958,9.130508374919978,11.114490685509868,0.14322079635202187,0.7172132559825314,0.004758080577001084,0.8802524925703992,5.7973367056475,0.09452964640378653,0.09449176254323355,0.00814478235897755,0.75
77.80305305599904,9.134809889071018,11.138057630169605,0.12904542453118723,0.7070083397921562,-0.007281175688221092,0.9501031686139778,5.781540922614268,0.09023803076205054,0.0901902483921937,0.010598855229772408,0.75
77.85092147200339,9.134809889071018,11.138057630169605,0.12904542453118723,0.7070083397921562,-0.0005410558601936233,1.051142625368339,5.781540922614268,0.09023803076205054,0.0901902483921937,0.002908650239004124,0.75
77.86410401500325,9.138558105635214,11.161397953059286,0.11244649692588131,0.7002096866904224,-0.0005410558601936233,1.051142625368339,5.766392950661808,0.08650158834822286,0.08644203182799792,0.006278057945761239,0.75
77.90550600000279,9.138558105635214,11.161397953059286,0.11244649692588131,0.7002096866904224,0.010612778962075547,1.1185584398849417,5.766392950661808,0.08650158834822286,0.08644203182799792,0.006278057945761239,0.75
77.97267513500265,9.141668268495755,11.184706674663481,0.09330488581622026,0.6992616481258318,0.03966941306847971,1.2125978874115715,5.751868281905762,0.08340611797234064,0.08333186896745737,0.0026484018975344056,0.75
78.00842903600278,9.144166805639294,11.208159918534376,0.0749561143061802,0.7035973161268402,0.05108762832836036,1.1864124853380418,5.737858634290195,0.08092654202725812,0.08083333182391783,0.005925215251643445,0.75
78.08669547599857,9.146044368493294,11.23200905500671,0.05632688562001234,0.7154740941700323,0.059214875050734674,1.0929709957493368,5.724250908153878,0.07907164619949199,0.07895576896991763,0.008227283694471252,0.75
78.12571688099706,9.147301956924485,11.256339863893967,0.037727652935741776,0.7299242666176922,0.06999595179202496,1.0273202142573141,5.711008744132915,0.07784562193502159,0.0776981805387269,0.011050069158863505,0.75
78.1336134910016,9.147301956924485,11.256339863893967,0.037727652935741776,0.7299242666176922,0.036347533627641385,1.0078179141930885,5.711008744132915,0.07784562193502159,0.0776981805387269,0.011050069158863505,0.75
78.17203611200239,9.148034650331331,11.28110928666368,0.021980802205400416,0.74308268309141,0.08843632804933685,0.9989072042452423,5.6980791217789255,0.07714975835992266,0.076965487131881,0.009195399724586729,0.75
78.20727471300052,9.148181072344299,11.306217105274639,0.004392660389026972,0.7532345583287778,0.11188393675851586,0.9916335277086774,5.6855724034743655,0.07705562659222702,0.07681906511891334,0.01261363386202057,0.75
78.24031492700306,9.147836950310928,11.331923542168846,-0.01032366100111733,0.7711931068262454,0.14139036356523527,0.9812835545647497,5.673285304574839,0.07746175701993833,0.07716318715228354,0.016481607967585403,0.75
78.28038030100288,9.147061127981395,11.358384961217455,-0.023274669885998068,0.7938425714582815,0.17055936163248134,0.9629801845713853,5.661100289769784,0.07832606355405454,0.07793900948181687,0.01044316272510922,0.75
78.3069853229972,9.14583953544869,11.385732320539688,-0.03664777598114605,0.8204207796670155,0.21922371561610737,0.9534168360093918,5.648978221261444,0.07966015048405023,0.07916060201452169,0.015352359617142165,0.75
78.34011832800024,9.14583953544869,11.385732320539688,-0.03664777598114605,0.8204207796670155,0.2601147630022073,0.9232693807468648,5.648978221261444,0.07966015048405023,0.07916060201452169,0.015352359617142165,0.75
78.36413550499856,9.144278772398783,11.414066180431576,-0.04682289149723444,0.8500157967565991,0.2829818009442649,0.9074785413660843,5.636791052433887,0.08137304203375237,0.08072136506442895,0.020330993802617336,0.75
78.41887976999715,9.142432252947646,11.443202509276585,-0.05539558353408916,0.8740898653502744,0.30471623748750143,0.8142982578224363,5.624593396266789,0.08343334631430181,0.08256788451556574,0.01643970717420697,0.75
78.45909715099697,9.140231961601984,11.472976848245887,-0.0660087403698892,0.893230169079069,0.34336842504253134,0.7567229101766091,5.6125350452862754,0.08589030976092916,0.0847681758612282,0.0231913085670986,0.75
78.47205994700198,9.140231961601984,11.472976848245887,-0.0660087403698892,0.893230169079069,0.36671509017850723,0.7334612738483762,5.6125350452862754,0.08589030976092916,0.0847681758612282,0.0231913085670986,0.75
78.50164418799977,9.137749172550109,11.503257241127134,-0.07448367155623865,0.9084117864374132,0.3629561401366692,0.6986067685279348,5.600625521340075,0.08877663327586724,0.08725096491310325,0.02047002977326067,0.75
78.55287189799856,9.135235724439687,11.533966698547633,-0.07540344331265646,0.921283722614987,0.4158678768801199,0.6331979043099077,5.58868600084514,0.09177663095767766,0.08976441302352534,0.028561922745663996,0.75
78.61435893599992,9.133012701994613,11.565016709119934,-0.0666906733522171,0.9315003171690305,0.4803898001021699,0.6249868701719844,5.5764776609960505,0.09468953799157226,0.09198743546859944,0.01262604560339512,0.75
78.66222196199669,9.131409398502278,11.596234355957979,-0.04809910477002556,0.936529405141345,0.54554103885015,0.6326010771252835,5.56378782535573,0.09723530133414324,0.09359073896093406,0.02373475469617744,0.75
78.71066420099669,9.130458569349544,11.62731362105391,-0.028524874581998472,0.9323779528779103,0.5907812644851023,0.610111632890797,5.550722471856876,0.09929504624069582,0.09454156811366765,0.031954197076055194,0.75
78.73454761999892,9.130206268919805,11.658117088846211,-0.007569012892203859,0.9241040337690191,0.6355479545489534,0.6098145885508452,5.537295538552092,0.10126294225056473,0.0947938685434071,0.02548857398638635,0.75
78.78451306199713,9.13074675548957,11.68853364871034,0.016214597092969178,0.912496795923877,0.6842094620976169,0.5794614568986292,5.523463385547124,0.10267316180298036,0.09425338197364219,0.03389566862251344,0.75
78.83247274199675,9.132089828335173,11.718424303984664,0.040292185368123665,0.8967196582297149,0.7210845291970351,0.566213854479603,5.5092680339208195,0.10407949125227632,0.09291030912803855,0.02223578113817325,0.75
78.8371405900034,9.132089828335173,11.718424303984664,0.040292185368123665,0.8967196582297149,0.7508507538958907,0.5807013897537293,5.5092680339208195,0.10407949125227632,0.09291030912803855,0.02223578113817325,0.75
78.86701598599757,9.132089828335173,11.718424303984664,0.040292185368123665,0.8967196582297149,0.7818834968687918,0.5959103973325369,5.5092680339208195,0.10407949125227632,0.09291030912803855,0.02223578113817325,0.75
78.95103556899994,9.137101810152943,11.776442357151478,0.08730447546941159,0.8609965853805489,0.8713614960738155,0.693480712246985,5.479897678098284,0.10658022403695339,0.0878983273102687,0.02309735736631592,0.75
79.00867920600285,9.140791742055853,11.80453246133708,0.11069795708728054,0.8427031255680804,0.9308327232908876,0.6651001511220037,5.4646974085228734,0.10787678653457483,0.0842083954073587,0.032236565873820525,0.75
79.05369055899791,9.140791742055853,11.80453246133708,0.11069795708728054,0.8427031255680804,0.9536766543968525,0.640986591104273,5.4646974085228734,0.10787678653457483,0.0842083954073587,0.011131132193904216,0.75
79.07234769500064,9.14532170762122,11.832134170547054,0.1358989669609858,0.828051276299219,1.010518426474258,0.6782109078146501,5.449041420412383,0.1098639806999013,0.07999716280806604,0.021290601159827272,0.75
79.16171547800332,9.150796053353991,11.859304455171163,0.16423037198317214,0.8151085387232753,1.0627428868699544,0.6424555964973887,5.432801876574575,0.11121858104161958,0.08174979910551573,0.010247394380962803,0.7762087348130012
79.20099088300049,9.157305691525924,11.886087523441542,0.1952891451579512,0.8034920481113739,1.0762926037025629,0.6057737674874341,5.415868857430286,0.11458842983628346,0.0911822460954102,0.019416004235066755,0.7762087348130012
79.25911154499772,9.164886003366489,11.91252580001172,0.22740935521693612,0.7931482971052891,1.0508860720081468,0.5565346498885165,5.398184281347048,0.11696697608358035,0.10439707398539425,0.0273696597175738,0.7905694150420949
79.28962750200299,9.173568574764237,11.938548279073167,0.26047714193245847,0.780674371843446,1.0458828921391854,0.5233199678005599,5.379739782689124,0.11823893395629272,0.10143156344403259,0.025438732258002875,0.7905694150420949
79.32116908900207,9.183423758035186,11.964228669163255,0.29565549812843106,0.7704117027026545,1.0128205584485492,0.46318640390151217,5.360432922878245,0.1183065767829622,0.091576380173084,0.03566413679363548,0.8
79.35779863700009,9.194355460699054,11.989700960599132,0.3279510799160116,0.7641687430763058,0.9887451916571025,0.4006358447067209,5.34029122629744,0.11889575681346513,0.0819736360460753,0.04385266086009558,0.8
79.41196356400178,9.206363628535753,12.015271362941151,0.3602450351009895,0.7671120702605692,0.908268947177794,0.34693902406165705,5.319188888006423,0.11912505766544601,0.07957850690379986,0.017104717741459014,0.7826237921249265
79.51005502000044,9.234556611865987,12.066461896954742,0.4437533214266481,0.7696186430443771,0.974526624490057,0.3270421672378752,5.273311727906277,0.12176207595565364,0.09327109311148082,0.019708600670344852,0.8062257748298549
79.57282387300074,9.250603416042406,12.092361218328552,0.4814041252925818,0.7769796412143296,0.9937417594818381,0.22885034356985579,5.2485484380131995,0.12316740965146936,0.10023787483351315,0.02848288966214737,0.7632168761236874
79.6044441060003,9.250603416042406,12.092361218328552,0.4814041252925818,0.7769796412143296,1.0174817136244885,0.20382975494141597,5.2485484380131995,0.12316740965146936,0.10023787483351315,0.012598301764866503,0.7632168761236874
79.6541621590004,9.268093603757459,12.118306879876705,0.5247056314516114,0.7783698464446095,1.0624474361320135,0.15309088555802647,5.222492416882343,0.12567512301126627,0.10621679771904387,0.02433839895665529,0.7905694150420949
79.71110910500283,9.28690022872172,12.144382241648616,0.5641987489278134,0.782260853157321,1.0681346868301318,0.08666890127190774,5.195225714543914,0.12768398621014515,0.11135657080639301,0.014031579686422243,0.7905694150420949
79.73522060699906,9.3069245476931,12.170472775909523,0.6007295691413855,0.7827160278272215,1.1285299287087187,0.05651483010916786,5.166879870871132,0.12983469763571542,0.11564603277375522,0.027478872108218547,0.7810249675906654
79.82500406000327,9.3069245476931,12.170472775909523,0.6007295691413855,0.7827160278272215,1.2057043791567148,-0.03150434055968987,5.166879870871132,0.12983469763571542,0.11564603277375522,0.0,0.7810249675906654
79.86435000700294,9.328081040566367,12.196488091776253,0.6346947861980148,0.7804594760018554,1.2499835143775544,-0.006419796284780843,5.137564417129168,0.13183715439396448,0.11908173946101752,0.015592852821014826,0.7810249675906654
79.8967826329972,9.350275749701654,12.222147960381117,0.665841274058585,0.7697960581459006,1.247415054105576,-0.07381719962807726,5.107465979972161,0.1335092155788595,0.12153197721984847,0.030450434884732678,0.7778174593052023
79.93336380000255,9.373237514214274,12.2472629909961,0.6888529353786109,0.7534509184495116,1.213795056704971,-0.11857038350353022,5.076900434474164,0.13501680475084274,0.12305456628252855,0.016831323393932743,0.7778174593052023
79.9915446399973,9.396719034097403,12.271662692934346,0.70444559649387,0.7319910581473512,1.132907340551885,-0.180193095101707,5.04615389704176,0.13619719438893366,0.12370381904006508,0.03282209582123809,0.8139410298049854
80.03930308500276,9.42085333351803,12.294889202832438,0.7240289826187879,0.6967952969427599,1.110041249762047,-0.20674707258403527,5.015260563171194,0.13695788731262604,0.12306191491279103,0.018950687700450775,0.7810249675906654
80.07262806699873,9.445703977251114,12.316910855650688,0.745519311992515,0.6606495845474687,1.1516965420811514,-0.29945430319851574,4.984162754572974,0.13680611779867513,0.12106151625299692,0.03650398132753757,0.8200609733428363
80.10972492199653,9.471271636982278,12.33788827462983,0.7670297919349351,0.6293225693742521,1.1255272761287913,-0.36188110654233585,4.952793554277399,0.13674929180893036,0.11781572588996256,0.05280644178925973,0.7905694150420949
80.15049286899739,9.497752608894618,12.357683929970436,0.7944291573702132,0.5938696602182031,1.10298625060557,-0.3881228603221751,4.921010702774335,0.13543463700692687,0.11308849320771112,0.02044606690395515,0.8321658488546619
80.21067964800022,9.525318133626227,12.376139997341875,0.8269657419482564,0.5536820211431825,0.9849560442889752,-0.3226822596757514,4.88870202480101,0.13494652116320943,0.10664713413540537,0.03944044885149378,0.8062257748298549
80.2647096389992,9.525318133626227,12.376139997341875,0.8269657419482564,0.5536820211431825,0.9405440040589129,-0.2770061631316506,4.88870202480101,0.13494652116320943,0.10664713413540537,0.0,0.8062257748298549
80.31152048699732,9.554006721832495,12.393449423651964,0.8606576461880625,0.5192827893026534,0.9062105073094717,-0.18075905336036027,4.855756352493188,0.13296986780026765,0.09860085159439705,0.016485528481405817,0.7826237921249265
80.41435282999737,9.583784717859215,12.409647286403699,0.893339880801617,0.4859358825520473,0.8656200059770526,-0.038306097562444255,4.8221875503763165,0.13349875455157748,0.09414798621267305,0.03171578890355105,0.8
80.48004587600008,9.614571336077676,12.424841436094969,0.923598546553834,0.45582449073809006,0.8335224938554004,-0.06470833470249562,4.7880295021397234,0.133732636631629,0.10038443958642103,0.010020490146550286,0.8
80.52254421300313,9.646262000074916,12.439220847485021,0.9507199199172254,0.43138234170160283,0.898765171395123,0.013316072270308316,4.753311431560639,0.1348218870404726,0.11422066382820972,0.019844215846010503,0.8
80.59608577600011,9.678745879348078,12.45277990053048,0.9745163781948348,0.40677159136378127,0.8965113972350447,0.021092226217104805,4.718137562161363,0.13548302851207386,0.12306060913978814,0.016192204784578543,0.75
80.63177541900222,9.711998512591586,12.465082016082574,0.9975789973052636,0.36906346656282313,0.8323080403715266,-0.0021983143257893814,4.682682336827373,0.13464483416705145,0.10992698562269848,0.029865204580891383,0.75
80.66571413700149,9.745961440951364,12.475929461689892,1.0188878507933228,0.3254233682195292,0.799212007924709,-0.009827127422020073,4.647069709729907,0.1337508504502044,0.1050236420286936,0.040860294060437695,0.75
80.70654608799668,9.77994813302114,12.485635015023405,1.0196007620932999,0.29116660000538175,0.7434579985037172,-0.043100005559591176,4.611835040209701,0.13457265080263328,0.11063483062153523,0.015644476030396294,0.75
80.73397619799653,9.813678891517073,12.494295669607865,1.0119227548779974,0.2598196375337969,0.6914991486322092,-0.0850630467144654,4.5772082148036874,0.13577161604802782,0.11929548520599553,0.022471220078455204,0.75
80.84513498900196,9.847060239749748,12.501978749588973,1.0014404469802578,0.23049239943326158,0.5286396251382575,-0.09408028280896577,4.543255278000862,0.13728256230870295,0.1269785651871036,0.010746794443403323,0.7000000000000001
80.87886089800304,9.879874952318705,12.509188800004893,0.9844413770686925,0.21630151247756185,0.4782008800083061,-0.048363259322826105,4.510003956993488,0.1393615741481511,0.13418861560302275,0.020345665508538325,0.7000000000000001
80.92369012499694,9.912162962571315,12.516025042556693,0.9686403075783321,0.2050872765540017,0.4774438238577109,0.012402155081968957,4.477382686108815,0.14133250116905258,0.14102485815482346,0.0013635799693250692,0.7000000000000001
80.95670626399806,9.94410637363832,12.522734454325661,0.9583023320101538,0.2012823530690312,0.48219602124627414,0.07901962246929659,4.445134242652859,0.14322518562967185,0.14773426992379157,0.0040364598358317155,0.7000000000000001
80.96372782799881,9.94410637363832,12.522734454325661,0.9583023320101538,0.2012823530690312,0.48219602124627414,0.07901962246929659,4.445134242652859,0.14322518562967185,0.14773426992379157,0.0040364598358317155,0.7000000000000001
81.00687080500211,9.975781826581976,12.529463966637215,0.9502635883096672,0.20188536934662124,0.4687519983975355,0.1456647041204517,4.413134823913995,0.144339730719508,0.15446378223534474,0.007638606866321314,0.7000000000000001
81.04608066000219,10.007036878273398,12.53613961919948,0.9376515507426881,0.2002695768679416,0.451325379780338,0.18977661281511948,4.38155296743649,0.14422047949123393,0.16113943479760984,0.009494099554149676,0.7000000000000001
81.13918432500213,10.037866929236648,12.542835246063445,0.9249015288974856,0.20086880591898457,0.40952890015476145,0.21729410206967953,4.350366324287139,0.14195080978221727,0.16783506166157558,0.006434966292780297,0.7000000000000001
81.18380357699789,10.068068411244425,12.549372810050102,0.9060444602333257,0.1961269195996724,0.32061919909881076,0.17787916580389002,4.319828355226278,0.13586534272843317,0.16355688520616893,0.012485844398691687,0.70178344238091
81.20591461699951,10.097490365814048,12.555545959052697,0.8826586370886597,0.18519447007788647,0.3136796834502668,0.21084744432631825,4.290154036436199,0.12550159183645163,0.14711749713523659,0.01694962305815243,0.651920240520265
81.267766621997,10.126082955227556,12.561354723898821,0.8577776824052323,0.1742629453837489,0.2791803652485294,0.22506409728799903,4.261390144589137,0.11336445024290756,0.13100690028227488,0.013258491785771492,0.6576473218982953
81.35598748100165,10.153679042372628,12.566854287063967,0.8278826143521646,0.16498689495436172,0.2654810046314827,0.29064072090320947,4.233672740978352,0.1009324094491692,0.1153822983354171,0.001506436232364308,0.6670832032063168
81.39693538499705,10.180298413158006,12.572089005115267,0.7985811235613204,0.15704154153897712,0.3096025961795761,0.34114972185073966,4.206967142512679,0.08811854856545258,0.1002610653738313,0.003007610226723852,0.6670832032063168
81.4384491689998,10.205992148142565,12.57710155388686,0.7708120495367787,0.15037646314784092,0.35094419805050264,0.3961368836944386,4.181209971706894,0.0752226344287506,0.08563725835966217,0.004385870040931702,0.6800735254367722
81.56085124699894,10.254257212330856,12.58786110160136,0.7088352730515095,0.16653248349054964,0.4705053003408317,0.561229577186935,4.132348198900897,0.05144880208433148,0.05911685332914064,0.00544622425422958,0.696419413859206
81.59590144499816,10.254257212330856,12.58786110160136,0.7088352730515095,0.16653248349054964,0.4705053003408317,0.561229577186935,4.132348198900897,0.05144880208433148,0.05911685332914064,0.004739839434483889,0.696419413859206
81.62348585099971,10.298068294594962,12.600114167942003,0.6385398070339162,0.18871145838128,0.5253403499942276,0.647058339754432,4.087094591732905,0.030995667136310582,0.0368019662688663,0.009794331025607884,0.65
81.65699812099774,10.298068294594962,12.600114167942003,0.6385398070339162,0.18871145838128,0.5635248066114248,0.7070568469572294,4.087094591732905,0.030995667136310582,0.0368019662688663,0.009794331025607884,0.65
81.71945533699909,10.298068294594962,12.600114167942003,0.6385398070339162,0.18871145838128,0.6234245763901596,0.7857652298132953,4.087094591732905,0.030995667136310582,0.0368019662688663,0.0,0.65
81.7347200180011,10.31812862542306,12.606717007133375,0.6018099248429579,0.19808517574111917,0.6463407010650054,0.8131708324502954,4.066010967844181,0.022142365463356052,0.027286082674775593,0.006090151681861829,0.670820393249937
81.77696509200177,10.31812862542306,12.606717007133375,0.6018099248429579,0.19808517574111917,0.6875029311920874,0.8657530347898985,4.066010967844181,0.022142365463356052,0.027286082674775593,0.006090151681861829,0.670820393249937
81.80499837500247,10.336901756175076,12.613574157800238,0.5631939225604486,0.20571452000590074,0.7087282757791263,0.8926715366837974,4.04603141078236,0.014215509813350461,0.018860212352081514,0.005491145213724921,0.670820393249937
81.86019858600048,10.354443854053537,12.620662518124742,0.5262629363538327,0.2126508097351205,0.7720967662153606,0.9729113042669688,4.027111896597653,0.0073028854559444014,0.011468303638933686,0.010071470237159052,0.6946221994724903
81.90608999499818,10.370947358186788,12.628242876976604,0.49510512399750767,0.22741076555582224,0.7547375108933507,0.9516725424714271,4.0089777543139595,0.0014615733114669012,0.0051586871009502,0.005437373874033879,0.6946221994724903
82.0211167180023,10.41594701747358,12.655310535218694,0.43636104953510824,0.3003821635873338,0.6795097879590468,0.8673989748929388,3.957192695296995,0.010397380272290127,0.007521152438002953,0.011572583069337188,0.6800735254367722
82.10167989400361,10.41594701747358,12.655310535218694,0.43636104953510824,0.3003821635873338,0.6490343328330642,0.784104105865359,3.957192695296995,0.010397380272290127,0.007521152438002953,0.011572583069337188,0.6800735254367722
82.15034989600099,10.430387427386254,12.666532085856026,0.4332122973801832,0.3366465191199485,0.6571669059285423,0.7753755011927789,3.9396556567757473,0.012396929217339364,0.009797229659281823,0.003047691669094641,0.6800735254367722
82.19602001999738,10.444794715100397,12.679060581984134,0.43221863142427175,0.375854883843201,0.6743552828747836,0.7824105333139234,3.9216826113836976,0.013565618277541368,0.011125735930203707,0.0051870786785564536,0.6800735254367722
82.29302602499956,10.473585978600958,12.70839474496214,0.43136357213329457,0.46207254372398443,0.6951862829588431,0.7914157999578023,3.884255892761,0.012902363805322788,0.010741848028199861,0.0026237503507278285,0.6726812023536856
82.32151262299885,10.487850147928453,12.725286405136874,0.4279250798248441,0.5067498052420307,0.6945251953277469,0.7569276877184683,3.864901553949595,0.01095485951500013,0.008883931432611727,0.0023823853771517594,0.6726812023536856
82.36474461400212,10.502340418294088,12.743693424088452,0.43470811096904116,0.5522105685473415,0.6845960208818374,0.6930752056422077,3.844830554615023,0.008185302686368398,0.0061143719472881095,0.001319613253165596,0.7071067811865476
82.39978212500137,10.502340418294088,12.743693424088452,0.43470811096904116,0.5522105685473415,0.6650420248790234,0.6463739684572886,3.844830554615023,0.008185302686368398,0.0061143719472881095,0.001319613253165596,0.7071067811865476
82.45481240600202,10.517045742927682,12.763547232521434,0.4411597390078424,0.5956142529894842,0.6574407376806471,0.6318322436539201,3.8240903765436514,0.004544777669888979,0.0024738441399115908,0.0067381809301974805,0.6726812023536856
82.48526373899949,10.517045742927682,12.763547232521434,0.4411597390078424,0.5956142529894842,0.6212385910655438,0.5731078854571577,3.8240903765436514,0.004544777669888979,0.0024738441399115908,0.0067381809301974805,0.6726812023536856
82.51670155500324,10.532110723312458,12.784569291591072,0.4519494115432927,0.6306617720891303,0.5843971308374336,0.5172246587402137,3.8026558928368943,0.0004159276305510271,0.0017384465942159768,0.014181697742406813,0.6726812023536856
82.53588792299706,10.547435198580379,12.806679071409558,0.45973425803761414,0.6632933945545544,0.5843971308374336,0.5172246587402137,3.7806607481517926,0.004201965501610877,0.006536381454336449,0.022030255207201442,0.6403124237432849
82.56805227499717,10.547435198580379,12.806679071409558,0.45973425803761414,0.6632933945545544,0.5050007919553912,0.4770984228340381,3.7806607481517926,0.004201965501610877,0.006536381454336449,0.006937678558707797,0.6403124237432849
82.59658792799746,10.562886753905545,12.829704660323944,0.4635466597549993,0.6907676674315926,0.47122328327487717,0.48924885124336204,3.758300196325402,0.0093725486663723,0.011892031966208782,0.01119187083840126,0.6800735254367722
82.63635144400178,10.57836809058648,12.853572820522077,0.46444010042803824,0.7160448059439604,0.4046566758863733,0.4860399755184614,3.735702346164748,0.014908792298056266,0.017822411747833826,0.01593304026366083,0.651920240520265
82.67611799100268,10.593988105681847,12.878106219629881,0.46860045286102553,0.7360019732341229,0.399830396948946,0.46918650008425333,3.712835010286283,0.02077849727596462,0.02412512602634819,0.014190569511560822,0.651920240520265
82.72773932100245,10.609652006244342,12.903323546932752,0.4699170168748947,0.7565198190861381,0.4190960328524149,0.4279701055712872,3.689791816734347,0.026938281210352518,0.03088041885803622,0.02152610054163764,0.670820393249937
82.78494107999722,10.625438477916413,12.92881251905577,0.47359415016212597,0.7646691636905321,0.40687138979581616,0.40233206992539894,3.6666412268265764,0.03299786867913474,0.03774112272136654,0.005011135733206873,0.670820393249937
82.8061306899981,10.641301780183298,12.95433814437464,0.4758990680065346,0.7657687595661191,0.3972264948621867,0.4338450252528111,3.6435057929414856,0.038961233114261015,0.0445734168734407,0.00998887012921734,0.65
82.8573961899965,10.657192025669769,12.979731603405396,0.4767073645941367,0.7618037709226918,0.34343282226285166,0.5167453823610989,3.6204872639633017,0.044320525694898104,0.051293203613668445,0.01480173959167405,0.696419413859206
82.8948470059986,10.673031240895844,13.004938027887732,0.47517645678226833,0.7561927344700858,0.3121998741163683,0.5315398412145017,3.5976764166114616,0.049591555818630895,0.05791682079956423,0.00231379711137265,0.6800735254367722
82.91750636600045,10.673031240895844,13.004938027887732,0.47517645678226833,0.7561927344700858,0.2914929942877176,0.5740751615120042,3.5976764166114616,0.049591555818630895,0.05791682079956423,0.00231379711137265,0.6800735254367722
82.95515405900369,10.688713488283435,13.02971005561568,0.47046742162771665,0.7431608318384427,0.27918041152851547,0.660859287519083,3.575247715902991,0.05391053859756866,0.06434426611772692,0.00408420546687229,0.6800735254367722
82.97199461000127,10.704188692527216,13.054037152546973,0.46425612731343957,0.7298129079387866,0.2622027681516992,0.6916032544192916,3.553248192036697,0.05796826450853072,0.07060349946340184,0.00617009830985521,0.7158910531638177
83.02866158899997,10.71925066637513,13.077958391079914,0.45185921543740587,0.7176371559881933,0.24588340269856995,0.787950025946476,3.5318600067342647,0.06110873040714271,0.07686794559851091,0.0009669792230029002,0.7158910531638177
83.05655856499652,10.733738919202642,13.10144408046042,0.43464758482535765,0.7045706814151659,0.2454375923488227,0.8213880971135965,3.5112430261288567,0.06390693318974631,0.08323009399842846,0.002164171330067775,0.7071067811865476
83.1381357049977,10.761064898844259,13.146969322170111,0.4023875040808282,0.6749952724332867,0.2354161869696863,0.9568545097266288,3.4722838424608655,0.06608475373228688,0.09609891561935531,0.00759626785831755,0.7566372975210779
83.22751559100288,10.761064898844259,13.146969322170111,0.4023875040808282,0.6749952724332867,0.22544916332739967,1.0492762693257163,3.4722838424608655,0.06608475373228688,0.09609891561935531,0.0,0.7566372975210779
83.24868949100346,10.774014649444764,13.16886387667815,0.38849251801515333,0.6568366352411984,0.2100844006061537,0.9835970534889376,3.4538663888840393,0.06384200741520127,0.10098551260536404,0.00326818204346007,0.7516648189186454
83.27511488500022,10.774014649444764,13.16886387667815,0.38849251801515333,0.6568366352411984,0.20178038444612328,0.9516450507034423,3.4538663888840393,0.06384200741520127,0.10098551260536404,0.00326818204346007,0.7516648189186454
83.30659123700025,10.786517935448314,13.190256261131086,0.37509858010650554,0.64177153358809,0.19405964699940598,0.9177696309550922,3.436102015731909,0.06013117413764898,0.08848222660181371,0.006579199891790193,0.7516648189186454
83.40024520300358,10.809783757106931,13.232461025160795,0.33965989363969534,0.6322743495094167,0.3066375223631579,0.9346757130697536,3.4026676002604836,0.04875861585007232,0.06521640494319669,0.0006233177073349893,0.75
83.44504457400035,10.820462586305872,13.253523810352846,0.32036487596824476,0.6318835557615022,0.34178889501656207,0.8875371863702917,3.3870175062227137,0.04231691808967496,0.05453757574425566,0.0013877908467906748,0.75
83.4998535909981,10.83036775111106,13.2749389175842,0.2971549441556474,0.6424532169405905,0.29680439442533635,0.7947858467389374,3.3721240832288,0.03646437516345972,0.04463241093906767,0.003621385126592918,0.75
83.58291323899903,10.839543416527146,13.296933774410276,0.275269962482557,0.6598457047822756,0.3612037581270896,0.8313241588104436,3.357900012715447,0.030861587366112112,0.03545674552298195,0.00026130742950124507,0.75
83.60327234400029,10.839543416527146,13.296933774410276,0.275269962482557,0.6598457047822756,0.38830661574002523,0.807495233185262,3.357900012715447,0.030861587366112112,0.03545674552298195,0.00026130742950124507,0.75
83.66828821600211,10.847910069420044,13.319678874710661,0.2509995867869111,0.6823530090115735,0.392328427286893,0.8320299359916097,3.3443968028857403,0.025964434333193644,0.027090092630084328,0.0013534670941900747,0.75
83.7115809609968,10.855432051829766,13.34321971471449,0.2256594722916467,0.7062252001148587,0.44892792306328055,0.7942677894843541,3.3316568806661975,0.022018293227255667,0.0195681102203622,0.003424449720792199,0.7000000000000001
83.73656081700028,10.862146107289984,13.36757969370672,0.20142166380657026,0.7307993697668809,0.47605010250127533,0.7719112934932466,3.319659219800753,0.018991154544223152,0.012854054760143896,0.00430912694224818,0.70178344238091
83.79515728599654,10.86811277743456,13.392528264908194,0.1790001043372332,0.7484571360442355,0.5666606130553575,0.7368257971982326,3.3084152211195565,0.01729142802364806,0.0068873846155685925,0.001914236246501027,0.70178344238091
83.85325162400113,10.87354513696453,13.418055479850452,0.1629707858991209,0.7658164482677471,0.6567256577740836,0.6842409393828255,3.2977354823829073,0.016571687522599132,0.0014550250855975833,0.0045136179464087415,0.7071067811865476
83.88679648900143,10.878581138783206,13.444192247121535,0.15108005456025317,0.7841030181325123,0.6860471182928629,0.6684567199006849,3.2874949867853496,0.01752688697447779,0.0035809767330778897,0.006708591199869948,0.7071067811865476
83.91608113000257,10.883430100279183,13.470690178875879,0.14546884487930742,0.7949379526303055,0.7480466308109675,0.6345638393557291,3.277552863151601,0.019516413075907846,0.008429938229054912,0.01106347585388373,0.7158910531638177
83.96759345899773,10.888236903159543,13.49742570788781,0.14420408641078308,0.8020658703579491,0.8038800706723429,0.6012266299486408,3.2678001725535037,0.023645240508696142,0.006497438738905528,0.016489324089022327,0.7158910531638177
84.02325999399909,10.892985724889284,13.524297747104407,0.14246465189224078,0.806161176497906,0.8999168349718257,0.5734809624857495,3.25827771142255,0.029148883507841793,0.02214091584552604,0.01712749819262711,0.7280109889280518
84.04727047900087,10.892985724889284,13.524297747104407,0.14246465189224078,0.806161176497906,0.9308739636180153,0.5584460408747978,3.25827771142255,0.029148883507841793,0.02214091584552604,0.01712749819262711,0.7280109889280518
84.1035170690011,10.897865156313676,13.551421568150648,0.14638294273175462,0.8137146313872023,0.9772014027206313,0.5433044283971192,3.248785288848792,0.03460127331819402,0.027135006481509905,0.010395742687959631,0.7433034373659253
84.12460117699811,10.902807539744025,13.578804734588495,0.14827150291046387,0.8214949931354276,1.0102656503880332,0.538681094593096,3.2393956431107678,0.04007319754871098,0.02219262305116132,0.020877118322175994,0.696419413859206
84.13731175599969,10.902807539744025,13.578804734588495,0.14827150291046387,0.8214949931354276,1.0382660134869124,0.5198104297242836,3.2393956431107678,0.04007319754871098,0.02219262305116132,0.020877118322175994,0.696419413859206
84.17420889200002,10.90812925352676,13.606341664862763,0.1596514134820536,0.8261079082280276,1.0910725885711703,0.47732830376824303,3.22982002811954,0.0463877603849951,0.016870909268426715,0.03112725637932335,0.7158910531638177
84.21273618299892,10.914078639294406,13.63396189052568,0.17848157302937667,0.8286067698874845,1.104043985195978,0.4449583629238977,3.219827081705255,0.05309002604546857,0.014127686235841893,0.026556300858754392,0.7158910531638177
84.23416572499991,10.914078639294406,13.63396189052568,0.17848157302937667,0.8286067698874845,1.11516115524794,0.4135783632628738,3.219827081705255,0.05309002604546857,0.014127686235841893,0.026556300858754392,0.7158910531638177
84.2959142489999,10.920843048096575,13.661461716547299,0.20293226406508497,0.8249947806485678,1.106280753678194,0.3409156693965837,3.20926077950819,0.06039226650483357,0.028721707455152033,0.03946036767756182,0.73824115301167
84.35170495400234,10.928497263847271,13.688783086812018,0.22962647252089147,0.8196411079415927,1.1015165949016703,0.28388656316137106,3.198050805587068,0.06958968204303353,0.042628485778661324,0.032901885636965396,0.73824115301167
84.38828188199841,10.937198710215528,13.715900795053964,0.2610433910477176,0.8135312472583767,1.0965764565830978,0.25139036976860374,3.1860389510962506,0.07780917516665525,0.05565074943365421,0.048164190959930145,0.7632168761236874
84.4322993550013,10.947336442292556,13.742664547980695,0.3041319623108557,0.8029125878019474,1.083686249558315,0.1910941276893578,3.1728498441253716,0.08663750551887511,0.06740712152062804,0.02879375092988243,0.7632168761236874
84.47927901700314,10.959104492082991,13.769038023526184,0.353041493713031,0.7912042663646783,1.0805265538408446,0.11465587466075577,3.158284411120173,0.09431722958315142,0.07773471711414327,0.041130322441535146,0.75
84.52350073299749,10.972686607338431,13.794920320467138,0.40746345766320335,0.7764689082286358,1.078488496651411,0.04831214064236711,3.142158918130062,0.10086047442623017,0.08643225899379707,0.051774536264605764,0.75
84.55077681800321,10.988080867828389,13.820371896803529,0.4618278146987388,0.7635472900916911,1.106441989719577,0.015986486386867726,3.1244571626560935,0.10675853087986122,0.09354385522934493,0.0329171838125456,0.7810249675906654
84.56381246000092,10.988080867828389,13.820371896803529,0.4618278146987388,0.7635472900916911,1.106441989719577,0.015986486386867726,3.1244571626560935,0.10675853087986122,0.09354385522934493,0.0329171838125456,0.7810249675906654
84.65762754999741,11.024027182658333,13.870036913811942,0.5648600912716761,0.7369239740417458,1.1975460618933704,0.012592288046908373,3.084556985052143,0.11522557173291145,0.10324444256881905,0.026365468929502856,0.7778174593052023
84.67630578600074,11.024027182658333,13.870036913811942,0.5648600912716761,0.7369239740417458,1.1975460618933704,0.012592288046908373,3.084556985052143,0.11522557173291145,0.10324444256881905,0.026365468929502856,0.7778174593052023
84.70054986399919,11.044422872397307,13.89403127978373,0.6118706921692472,0.7198309791536565,1.1822133027670854,-0.05347442880136233,3.062511174907979,0.11778740800390887,0.10578909093633665,0.03613537685591175,0.7778174593052023
84.73890086799656,11.066247050523941,13.917443557266338,0.6547253437989928,0.7023683244782207,1.14997787146633,-0.11362044435731017,3.0392406639221994,0.11995192370106404,0.10691204676014389,0.04483536266922174,0.7810249675906654
84.8166222660002,11.089339629848636,13.940350426575945,0.6927773797408276,0.6872060792881933,1.034556166914814,-0.16352466639288482,3.014890354672028,0.1212211099290388,0.10678072994914048,0.04009860660730496,0.7810249675906654
84.839408232001,11.113552218415691,13.962788826712035,0.726377657011667,0.673152004082725,1.002347579389613,-0.17475222953721706,2.9895981767128665,0.12244619185821622,0.10552618927850288,0.05671303426087172,0.7905694150420949
84.87498439600313,11.113552218415691,13.962788826712035,0.726377657011667,0.673152004082725,0.9743104262999261,-0.192022800755154,2.9895981767128665,0.12244619185821622,0.10552618927850288,0.02252576989374443,0.7905694150420949
84.91181233800307,11.138713838452373,13.98486213314022,0.7548486011004406,0.6621991928455642,0.9238643203736838,-0.2805195004685478,2.963523655879685,0.12355239595562449,0.10334242178350368,0.04422190784145148,0.7905694150420949
84.98902960200212,11.192407260802202,14.02651377604843,0.8234317364364541,0.6115055597302067,0.9439084108377515,-0.3872621080071561,2.9085212328856067,0.1259593820944284,0.09482759788278229,0.04366464036348407,0.8062257748298549
85.02313224499812,11.221100335410046,14.046119969307245,0.8607922382353189,0.5881857977644221,0.9633610232977683,-0.41402248326393964,2.8794038161542397,0.12735488982262183,0.08923683302369442,0.0633798515541922,0.7826237921249265
85.05453439499979,11.2509615273058,14.065139448311477,0.8958357568725698,0.5705843701269421,0.9834365417079971,-0.47908702342167386,2.849251739835519,0.13162859630594365,0.09328954307383816,0.08170955249260373,0.8
85.0936112039999,11.281971394519772,14.083249415276224,0.9302960164191607,0.5432990089423928,0.9846669373223118,-0.5126506231313143,2.818078388440149,0.13539839090372738,0.10824920703249674,0.045869802669404866,0.8
85.10177962799935,11.281971394519772,14.083249415276224,0.9302960164191607,0.5432990089423928,1.0136717758598726,-0.5121954679684639,2.818078388440149,0.13539839090372738,0.10824920703249674,0.045869802669404866,0.8
85.13180565799848,11.313957109420679,14.100358118168971,0.9595714470271963,0.5132610867824304,0.9834094339627744,-0.6115192107171887,2.786042913595589,0.139888816049868,0.12535790992524376,0.06604768972700102,0.75
85.17579875599768,11.346712389112655,14.11650671488434,0.9826583907592639,0.4844579014610248,0.9394456015506895,-0.6635236460480243,2.753337091585775,0.1433065680936944,0.12042598264477225,0.08476493519071521,0.75
85.21000407999963,11.38003954001055,14.131674283074604,0.999814526936868,0.45502704570796254,0.8804768860489841,-0.6854919364741926,2.7201448792507925,0.14581581966919438,0.11576189508303034,0.023158621664863127,0.75
85.23945970299974,11.413627160307426,14.145744260888272,1.0076286089062947,0.42209933441000047,0.8464782279163412,-0.6913072921798213,2.6867622840962606,0.1513488208521086,0.12127848706247663,0.0350405680151259,0.75
85.30503529799898,11.413627160307426,14.145744260888272,1.0076286089062947,0.42209933441000047,0.7481450815589697,-0.7203187468110536,2.6867622840962606,0.1513488208521086,0.12127848706247663,0.0350405680151259,0.75
85.37254045499867,11.447263735586233,14.158551584858142,1.009097258364195,0.3842197190961105,0.6143552232518052,-0.7336143920110415,2.6533823653264346,0.15638531648163514,0.13355137586935584,0.01871596510304442,0.7000000000000001
85.42358596099803,11.480845094670734,14.169939721908571,1.0074407725350376,0.34164411151288404,0.5670340386565874,-0.7823150322394542,2.6200885448417583,0.1628935126799196,0.14493951291978568,0.023627693639213698,0.7000000000000001
85.4521061819978,11.514437523401078,14.179574387741404,1.0077728619103117,0.28903997498496536,0.609051221437264,-0.8381518936768224,2.586786694642751,0.16825074363929712,0.15457417875261825,0.04461243493832932,0.7000000000000001
85.484982132999,11.54808910726388,14.187249397720564,1.0095475158840663,0.23025029937478111,0.6167182320436901,-0.8716001309779817,2.5534019781201427,0.17327769203839852,0.16224918873177785,0.062029025183115725,0.7000000000000001
85.50098481200257,11.54808910726388,14.187249397720564,1.0095475158840663,0.23025029937478111,0.6079306689132995,-0.9029054691703455,2.5534019781201427,0.17327769203839852,0.16224918873177785,0.062029025183115725,0.7000000000000001
85.53810758599866,11.581864405514418,14.193057169049089,1.0132589475161504,0.17423313985577307,0.5976336845201102,-0.9699442070138439,2.5198544618542327,0.17715732531727568,0.16805696006030324,0.024255539564935383,0.7000000000000001
85.57894545300223,11.615798316493747,14.19704395312124,1.0180173293798391,0.11960352216449353,0.5807535017916393,-1.0275774141657465,2.486096444865464,0.179955097340514,0.17204374413245382,0.04664611538469745,0.7000000000000001
85.69695006500115,11.649863364587222,14.199182413629519,1.0219514428042538,0.06415381524836439,0.5953726313622147,-1.0991048311352434,2.452143283612363,0.1818857553506373,0.17418220464073286,0.02034322928011748,0.7000000000000001
85.76690817000053,11.683918552250493,14.19945819163545,1.0216556298981225,0.00827334017797738,0.5357736797198654,-1.0797351471143941,2.4181276835689935,0.18236830371733614,0.1744579826466648,0.0226279539779396,0.7000000000000001
85.8604579189996,11.751092018890029,14.194491372778053,1.0026474232575187,-0.09981756846979324,0.4176827328864496,-0.9904428822132878,2.350807802278102,0.1804716674766785,0.16949116378926732,0.04009657371358578,0.7000000000000001
85.88114609399781,11.751092018890029,14.194491372778053,1.0026474232575187,-0.09981756846979324,0.43967354576959194,-1.0138957012044454,2.350807802278102,0.1804716674766785,0.16949116378926732,0.04009657371358578,0.7000000000000001
85.90001249899797,11.751092018890029,14.194491372778053,1.0026474232575187,-0.09981756846979324,0.4624775033080958,-1.0391874678705009,2.350807802278102,0.1804716674766785,0.16949116378926732,0.04009657371358578,0.7000000000000001
85.93385734200274,11.783965323987752,14.189747462840948,0.9861991529316897,-0.1423172981131303,0.5116154102277171,-1.0874818047373565,2.3177729025030778,0.17832682344972897,0.1647472538521626,0.055156961346629084,0.7000000000000001
85.97932711899921,11.816197365302815,14.183791394240336,0.9669612394518821,-0.1786820580183934,0.5402590649627602,-1.1272178772205328,2.2853392465886864,0.1762721895576626,0.15879118525155,0.020881581258797747,0.7000000000000001
86.03521483400255,11.847437250636254,14.176084362315446,0.9371965600031767,-0.23121095774666775,0.5154975326661401,-1.1387547118739496,2.2538473262424197,0.17297956338812073,0.1510841533266607,0.039878155871320424,0.7000000000000001
86.07983306999813,11.877801208363662,14.16633502227621,0.9109187318222524,-0.29248020117710566,0.49491054014816466,-1.1478517139640698,2.2231886570262955,0.16955422349926833,0.1413348132874237,0.017267489625118752,0.7000000000000001
86.10644856200088,11.907553555615259,14.154511856098008,0.8925704175478839,-0.3546949853460312,0.5257124354175429,-1.1333899179073506,2.1931240170018986,0.1648150544269222,0.12951164710922214,0.03274570438125144,0.7000000000000001
86.14225039900339,11.936696423660278,14.140654706379467,0.8742860413505829,-0.4157144915562472,0.5530174111772665,-1.1210137121974886,2.1636855521436176,0.1600865665881812,0.11624441894706067,0.04571578170320865,0.75
86.19330007600365,11.96527943164979,14.124977974204223,0.8574902396853505,-0.4703019652573032,0.5405515504678091,-1.1051979625078607,2.134866694698474,0.155611063336308,0.1077866960089183,0.012333131588023719,0.75
86.23269118699682,11.99320286594694,14.107646922734904,0.8377030289144909,-0.5199315440795453,0.5625035304443449,-1.007853627002729,2.106811011809437,0.150238350465793,0.10715449583494063,0.02311216742360825,0.75
86.27069330499944,12.020578545079967,14.088894987695523,0.8212703739908548,-0.562558051181438,0.5464138001193057,-0.9416034190622009,2.0794511074992905,0.14814545352882283,0.11276454301764495,0.031766084580830925,0.8
86.33416381000279,12.020578545079967,14.088894987695523,0.8212703739908548,-0.562558051181438,0.5371979924151683,-0.8418028489245263,2.0794511074992905,0.14814545352882283,0.11276454301764495,0.0,0.8
86.37299589600298,12.047487214684667,14.068808623913032,0.8072600881409571,-0.6025909134747363,0.5348167702672927,-0.7748565524994262,2.0527497742845093,0.14514286958096934,0.11758864172785677,0.0061568545288656065,0.8
86.43298251600208,12.073905292920964,14.047420474908447,0.7925423470889318,-0.6416444701375623,0.49695348054057303,-0.6789178486030418,2.026776842307149,0.1430413031271501,0.12114533879648906,0.01107040558037694,0.8062257748298549
86.47530488399934,12.099999571094552,14.024916153064757,0.7828283452076178,-0.6751296553107053,0.4497320736341489,-0.6291371781330143,2.001409328371528,0.14096242499627878,0.12368382126152272,0.01472099193262839,0.8062257748298549
86.5337882840031,12.125812479269483,14.001377409696367,0.7743872452479296,-0.7061623010516956,0.38955138904641123,-0.604009826556007,1.976649382750088,0.13891723334396372,0.1252918986177641,0.010006570310353523,0.8321658488546619
86.5948692910024,12.151491010522896,13.97695706757735,0.7703559376024017,-0.7326102635705019,0.32943750344208117,-0.5806773151294696,1.952390034110051,0.13704153045658896,0.12618157268671149,0.01324702733558938,0.8200609733428363
86.60557076900295,12.151491010522896,13.97695706757735,0.7703559376024017,-0.7326102635705019,0.32943750344208117,-0.5806773151294696,1.952390034110051,0.13704153045658896,0.12618157268671149,0.01324702733558938,0.8200609733428363
86.64447516800283,12.177057245988527,13.951707025877452,0.7669870639689372,-0.7575012509969277,0.30195715274629475,-0.5634414871864506,1.9286522862816247,0.13506430123718932,0.12640515544262954,0.003976136411750476,0.8200609733428363
86.74388833699777,12.22820675417344,13.89956525933932,0.7674904577452835,-0.787606945297994,0.24776792176702747,-0.3819141242524528,1.8824941010228,0.13154084537841773,0.1257035228323801,0.00448330604097937,0.7778174593052023
86.83022131100006,12.253837167473769,13.873099385074646,0.7689123990098733,-0.7939762279402387,0.09945487168691286,-0.32360466012405686,1.8600540565410402,0.1301023174558341,0.12511276271907426,0.005649937330007793,0.8139410298049854
86.87767945799715,12.279486099747118,13.846786154857394,0.7694679682004645,-0.7893969065175505,0.07005342386681376,-0.3849250571575624,1.838039203168927,0.1291471379241209,0.12464303313821225,0.0096143191927518,0.7810249675906654
86.94647653800348,12.304945903781537,13.820981276569624,0.7637941210325757,-0.7741463486330981,0.00337829497036371,-0.4613020110977768,1.8166096598816708,0.12863698426773,0.12439902879365466,0.01383232302336531,0.8200609733428363
86.98070463899785,12.33002448803824,13.795845281957483,0.7523575277011033,-0.7540798383641989,-0.03475965272149675,-0.5139053717330131,1.7959185408731135,0.12867012118592633,0.12435843354201503,0.01988672239466679,0.7905694150420949
87.04025087800255,12.354661626265077,13.771456129195888,0.739114146805087,-0.7316745828478562,-0.08612993340185188,-0.6032509216321161,1.7759918676262605,0.12907071989984492,0.12453378574612317,0.030431276264209287,0.8321658488546619
87.07772827999725,12.354661626265077,13.771456129195888,0.739114146805087,-0.7316745828478562,-0.13912969712985568,-0.6410182300449193,1.7759918676262605,0.12907071989984492,0.12453378574612317,0.0,0.8321658488546619
87.11077816299803,12.37865003677857,13.747858525983537,0.7196523154047827,-0.707928096370545,-0.20361174291671202,-0.6548732327267788,1.7570000892444215,0.12990451069896236,0.12481012823889714,0.006197858999181653,0.8062257748298549
87.14294631299708,12.401865634619579,13.725071043307421,0.6964679352302866,-0.6836244802834456,-0.23211302925090121,-0.6758630474681482,1.7390319276691124,0.1309215357734316,0.12511285137512243,0.012860912361769313,0.8
87.17812148299708,12.424131171114158,13.703376582570465,0.6679660948374005,-0.6508338221087042,-0.2805674635316901,-0.7226690628861245,1.7221633101668041,0.13232095279944253,0.12551666291590902,0.00898927891994408,0.8
87.20379861100082,12.424131171114158,13.703376582570465,0.6679660948374005,-0.6508338221087042,-0.30437626217414954,-0.7462551195325648,1.7221633101668041,0.13232095279944253,0.12551666291590902,0.00898927891994408,0.8
87.28814169300313,12.465171632401676,13.66335263126475,0.5982667358135384,-0.5840303599915927,-0.4005196516444409,-0.8425793527952108,1.692136139950807,0.1355486295125341,0.12623544401718537,0.0215119501074413,0.75
87.29273049499898,12.465171632401676,13.66335263126475,0.5982667358135384,-0.5840303599915927,-0.41701712202448765,-0.8718856556225307,1.692136139950807,0.1355486295125341,0.12623544401718537,0.0215119501074413,0.75
87.31387858700327,12.465171632401676,13.66335263126475,0.5982667358135384,-0.5840303599915927,-0.43298291965209074,-0.9024824348400956,1.692136139950807,0.1355486295125341,0.12623544401718537,0.0215119501074413,0.75
87.36699990699708,12.4837272253781,13.644749569310333,0.5566677892927597,-0.5580918586325168,-0.46763878630055994,-0.9976596532141342,1.6791636717804195,0.13749538661670435,0.12620187838095065,0.0346226025321749,0.75
87.40072561299894,12.500808989494711,13.626739436895496,0.5124529234983222,-0.5403039724451111,-0.473893797283229,-1.0326285692555242,1.6677492163604566,0.1387141515668421,0.12554542286183665,0.03246279630025003,0.7000000000000001
87.43684102599946,12.516364740738636,13.608928931700152,0.4666725373177505,-0.5343151558603016,-0.4445491928419163,-1.0924504961595904,1.6580263654408394,0.13914114622790325,0.1239510710528809,0.04686275996131842,0.7000000000000001
87.52092558299773,12.530235157263096,13.59102664152701,0.41611249573377934,-0.537068705194267,-0.41463982468585264,-1.1518965868411257,1.6502168163996178,0.13922253399352572,0.1211001058550107,0.01902069490201636,0.7000000000000001
87.55070361599792,12.542464609917257,13.572812977537007,0.3668835796248132,-0.5464099197001339,-0.43482198475105915,-1.0883266045756232,1.6443365373346166,0.13781332054596565,0.11686862943938284,0.03659643217405997,0.7000000000000001
87.58910134199687,12.55309104075224,13.554237822116882,0.31879292504944634,-0.5572546626037413,-0.44344717738594325,-1.0196160546403805,1.6403608392694315,0.13495722133392365,0.1112480323834441,0.052779622343120475,0.65
87.61768703399866,12.562218379079281,13.53522078823875,0.27382014981128666,-0.5705110163439383,-0.44156078369543905,-0.9862071496347856,1.6382148429553465,0.13226413459709144,0.10425496159539803,0.03471757249184457,0.65
87.66427439400286,12.562218379079281,13.53522078823875,0.27382014981128666,-0.5705110163439383,-0.44608130060260875,-0.9182491820118835,1.6382148429553465,0.13226413459709144,0.10425496159539803,0.03471757249184457,0.65
87.72989342000074,12.569921738504142,13.515576759436687,0.23110078274584436,-0.5893208640618841,-0.4535218658868101,-0.8165771859644921,1.6378919410060937,0.12836654979674608,0.09581163330687213,0.015337041641042956,0.65
87.80459376100043,12.576102549015612,13.495074660756694,0.18542431534411116,-0.6150629603998007,-0.4465131982316076,-0.6801290642246004,1.6395725379425399,0.1227231422175676,0.08568495332758311,0.029662064757380348,0.65
87.84096443199815,12.58090712149349,13.473594936349617,0.14413717433635972,-0.6443917322123334,-0.41696412737423455,-0.6205114479671769,1.6431757292803566,0.11633205392759315,0.07407451492421667,0.03120811001693232,0.65
87.89425980999658,12.584378488966127,13.45094156565816,0.10414102417909478,-0.6796011207436956,-0.401895762505424,-0.5196624200956154,1.6487526848799605,0.11101026892263174,0.06479766382516747,0.045949623165218716,0.65
87.91750652100018,12.586713901162497,13.426993591577792,0.0700623658910979,-0.7184392224110497,-0.388254126170344,-0.48877994900900257,1.656192151506638,0.10432070455033282,0.061745900028421494,0.05930388405759377,0.65
87.9659427009974,12.588114358242635,13.401655626591655,0.042013712404124944,-0.7601389495841078,-0.3625319805950142,-0.42684522584862417,1.6653777522301578,0.09672008625377752,0.06311417160559074,0.03408735019635767,0.65
88.00711991300341,12.588476036329412,13.375163972936072,0.010850342603306785,-0.7947496096674735,-0.3525390582452362,-0.35988247244393634,1.676332890233996,0.09033928298785572,0.06347584969236841,0.050287317360132644,0.65
88.05953970400151,12.587873861990055,13.347721466234036,-0.018065230180727976,-0.8232752010610922,-0.3153011786007689,-0.26720639971584975,1.6889193141230696,0.08281414370045577,0.06287367535301058,0.011014769796206714,0.65
88.0677470399969,12.587873861990055,13.347721466234036,-0.018065230180727976,-0.8232752010610922,-0.28789967412364315,-0.28640464469388804,1.6889193141230696,0.08281414370045577,0.06287367535301058,0.011014769796206714,0.65
88.15129446199717,12.58407117375533,13.291094870053945,-0.06870076744817756,-0.8549555773306947,-0.18318790625251666,-0.3763940477927326,1.7182455341110554,0.06843257657836094,0.059070987118285956,0.02733966339535531,0.65
88.19874705999973,12.581092260274259,13.262581963116462,-0.08936740443210875,-0.8553872081244962,-0.12004343892672042,-0.3988133728430744,1.7344594807307079,0.061089346091581426,0.05609207363721502,0.021622701907720063,0.65
88.24436428800254,12.577549018603696,13.234368561621137,-0.1062972501169155,-0.8464020448597432,-0.05549737264690355,-0.4166787377933146,1.7513351415033125,0.05339577512084341,0.05254883196665183,0.024815499137111098,0.65
88.32816584200191,12.57351673342034,13.206663637721407,-0.12096855550068955,-0.8311477169918984,0.06648929980356816,-0.3899942371351632,1.7686721062189168,0.04529849875719449,0.04851654678329531,0.013882000644915729,0.65
88.36518153799989,12.569122888923564,13.179700774560791,-0.13181533490326397,-0.8088858948184967,0.1225362996510264,-0.3504143415182754,1.7862069850836828,0.036902892702131505,0.044122702286520266,0.01571769946071423,0.651920240520265
88.40064153099956,12.564483504801023,13.153503401717357,-0.1391815236762306,-0.7859211853030207,0.17577064951260646,-0.313006281164648,1.803792315536565,0.027595626785550793,0.03948331816397932,0.007982579875135837,0.651920240520265
88.46883569400234,12.559678808110316,13.128293422033217,-0.1441409007211894,-0.7562993905242209,0.30043914516852444,-0.257698668873424,1.8212092268183715,0.0182376322923038,0.034678621473272386,0.007507923845279909,0.6576473218982953
88.51365862999955,12.554774258294783,13.104241720390913,-0.14713649446599006,-0.7215510492691098,0.3625406878037039,-0.2544119592528236,1.8382755898500325,0.007426293042474554,0.029774071657739043,0.0010931026731500206,0.6576473218982953
88.60987306699826,12.545027527111014,13.05947963076197,-0.145536213064742,-0.6558545172461425,0.43203481073606725,-0.3145268462953319,1.8709949305761717,0.014784285286989347,0.0031867721560347993,0.021962464628246563,0.7158910531638177
88.64270445599686,12.540431757990932,13.038449699163074,-0.1378730736024474,-0.6308979479669056,0.4857309141645725,-0.3551514991700066,1.8865688809821446,0.02681707496341135,0.014933334595011347,0.03139439985552355,0.7280109889280518
88.66811663300177,12.540431757990932,13.038449699163074,-0.1378730736024474,-0.6308979479669056,0.5140161987732667,-0.3741235916233153,1.8865688809821446,0.02681707496341135,0.014933334595011347,0.03139439985552355,0.7280109889280518
88.73827094800072,12.532946663055672,12.99855647287964,-0.10167032578183677,-0.5877800062067924,0.6242074831730016,-0.4551085265858047,1.9154200594813902,0.048482350366060654,0.04205352432643039,0.016904774332288475,0.7433034373659253
88.8155899159974,12.528550932677572,12.961471896184003,-0.05401249977466596,-0.546172016840632,0.7448134958732626,-0.515263718465153,1.9405407530807945,0.066205635129574,0.04644925470453032,0.03183767148581248,0.7433034373659253
88.84814291400107,12.528550932677572,12.961471896184003,-0.05401249977466596,-0.546172016840632,0.808459071758396,-0.5419407294009801,1.9405407530807945,0.066205635129574,0.04644925470453032,0.02015884702932359,0.7433034373659253
88.86398259099951,12.527915572788059,12.944219703085096,-0.01906079668536834,-0.5175657929671803,0.808459071758396,-0.5419407294009801,1.951224625976978,0.07332720243344311,0.04708461459404312,0.028269099274255142,0.7615773105863909
88.97138937000273,12.53108746420393,12.912258545783464,0.06978284416999116,-0.4678141118819211,1.0019021018370176,-0.6066188663101543,1.9677947827561857,0.08442296165121006,0.04572391956576583,0.018703161523012768,0.7615773105863909
89.0169034770006,12.535025484006706,12.897227915632866,0.11814059408326301,-0.4509189045179138,1.0088326755948163,-0.5788734784365069,1.9737796033603403,0.08744025686112233,0.04867521214901575,0.025660478388622624,0.7826237921249265
89.04900841000199,12.540538617492532,12.882702505361982,0.16539400457477405,-0.4357623081265642,0.978810570302694,-0.5602198963332593,1.9783156962386208,0.08900140875396333,0.05427699123199807,0.005115285072632272,0.7826237921249265
89.08409704000223,12.547628702170949,12.868637901619685,0.21270254035249464,-0.4219381122688975,0.9121441947485556,-0.5496510153662185,1.9814412087293996,0.09080017811254042,0.059208720957582096,0.008726437437644525,0.7826237921249265
89.17386512899975,12.556372215205782,12.854874154376166,0.26230539104498724,-0.4129124173055948,0.7488310604989482,-0.504206261630181,1.9832108081162658,0.09140906028891556,0.06275856260968882,0.0030253408963623924,0.73824115301167
89.20466373200179,12.566723627813836,12.841420808255615,0.3105423782416446,-0.40360038361655104,0.7191527974498183,-0.489937110516406,1.9836728599737186,0.09051777248299252,0.06495196083116501,0.004664843755835485,0.7632168761236874
89.26667337099934,12.578692767405645,12.828123974380391,0.359074187754264,-0.39890501625669084,0.7107798325369776,-0.48379014279959254,1.982938304761352,0.08820553171704872,0.0658907824623101,0.0013266154933710985,0.7632168761236874
89.30264365000039,12.59226192823722,12.814906142077449,0.40707482494722985,-0.3965349690882651,0.7535401193428696,-0.47459465318623645,1.9810957363825736,0.08574495339342508,0.06564235567729008,0.00148962125470472,0.7632168761236874
89.33347860500362,12.60763752920289,12.801722610879915,0.461268028970143,-0.3955059359259841,0.7828294720106027,-0.4675219890988143,1.9780469972536336,0.08225601379490097,0.06409232827940636,0.00037854855699075244,0.7211102550927979
89.3793080760006,12.60763752920289,12.801722610879915,0.461268028970143,-0.3955059359259841,0.807428390078599,-0.4487965948391696,1.9780469972536336,0.08225601379490097,0.06409232827940636,0.0,0.7211102550927979
89.4369233940015,12.624851228543179,12.788510652787448,0.5164109802086455,-0.39635874277404237,0.8565193741999698,-0.4714681887598975,1.9738460440932504,0.07736620709023476,0.06126266990651819,0.0015746647685295672,0.75
89.51746819500113,12.664610867888895,12.762251183733223,0.6195939135665224,-0.39369111654015787,0.7845339121498363,-0.4382260969562632,1.962119735389722,0.06515277838970503,0.051716607946231286,0.007839231014962509,0.7106335201775948
89.60666719500296,12.686655023287168,12.749230927250885,0.6613246619481828,-0.39060769447014215,0.6762266892413525,-0.38322356635960103,1.9550245806881557,0.057742011389723354,0.045335747830032004,0.0028262787967703548,0.7433034373659253
89.67096547000256,12.709804219234128,12.736348283252068,0.6944758784088125,-0.38647931996449086,0.5753126656191836,-0.36963068574693536,1.9473546963634571,0.050056679938929906,0.038076199328095604,0.006426175400750534,0.7071067811865476
89.709117917002,12.733535249117562,12.723657347341502,0.7119308965030496,-0.3807280773170032,0.5428704406894915,-0.35889039670169426,1.9394702918403341,0.0422658803200477,0.03026967401494384,0.015320787702963228,0.7071067811865476
89.74569502499799,12.757698548162791,12.711211350817875,0.724898971356898,-0.37337989570884933,0.48549748326619313,-0.32349844530836525,1.9314520702573463,0.03399830775915086,0.021984289944705172,0.022504683661516565,0.6726812023536856
89.8168587800028,12.807236554556054,12.687150208601174,0.7496629350499175,-0.3568910553863025,0.48737381337124686,-0.26250607450650565,1.9150409548967366,0.018229233255824068,0.00396942652208914,0.005983842740632714,0.6800735254367722
89.85296420999657,12.832760136834372,12.67554325586222,0.76570746834953,-0.34820858216864475,0.5500092620264974,-0.2366456203779829,1.9065607482363744,0.010280572642751803,0.005871116596455387,0.010021519542059935,0.6800735254367722
89.8898412790004,12.858685663074635,12.664234589727423,0.7777657872078743,-0.33925998404391733,0.6100543132460701,-0.20549310390002806,1.897968281186922,0.002584883778330996,0.01620679749668561,0.014748620683674631,0.651920240520265
89.93255809399852,12.884809341264258,12.653263784317906,0.7837103456887317,-0.32912416228553154,0.6120508086613207,-0.16156717467427445,1.8893739743218523,0.005048160431579527,0.026921496593955947,0.013407539772875524,0.651920240520265
89.98602812599711,12.9109716531075,12.642658896365099,0.7848693552972819,-0.3181466385842132,0.6123966676269209,-0.10060831022499694,1.880859245679405,0.01106607450429331,0.037922256524676144,0.019183700508380207,0.670820393249937
90.00734722500056,12.9109716531075,12.642658896365099,0.7848693552972819,-0.3181466385842132,0.6093563124444739,-0.08826784734580058,1.880859245679405,0.01106607450429331,0.037922256524676144,0.019183700508380207,0.670820393249937
90.03946089200326,12.937121777024599,12.632460917246407,0.7845037175129665,-0.3059393735607247,0.6029439545641379,-0.07210481548297044,1.8724200172182743,0.017069135567471763,0.049202126286099136,0.00610381650757765,0.670820393249937
90.08421888999874,12.963239062963554,12.62270566763904,0.7835185781686691,-0.2926574882209998,0.5391339810395724,-0.054963306536211884,1.864034327043842,0.01951897232848727,0.04770548025693877,0.012556957200550853,0.65
90.1068856569982,12.98909036502877,12.613363426262357,0.7755390619564966,-0.2802672413005218,0.5395446735695802,-0.03029076736121302,1.8558578931174412,0.021844825257240612,0.03836323888025461,0.01803051081975343,0.65
90.13271188100043,12.98909036502877,12.613363426262357,0.7755390619564966,-0.2802672413005218,0.5692133359861269,-0.010876435457801589,1.8558578931174412,0.021844825257240612,0.03836323888025461,0.01803051081975343,0.65
90.16393921399867,13.014469411213536,12.604442145562155,0.7613713855429548,-0.26763842100606505,0.534212776263983,-0.019048027204784025,1.8479907887113007,0.022596353145341593,0.029441958180052907,0.00503129212233639,0.632455532033676
90.20795238499704,13.039275961296106,12.595939453551672,0.744196502477104,-0.25508076031449534,0.5528132777144757,-0.0002042769800173535,1.8404710303796528,0.023506344131201555,0.02534265962977949,0.010082874907046693,0.6800735254367722
90.29906055200263,13.06347048371701,12.587948419052541,0.7258356726271445,-0.23973103497392434,0.5484313280782188,0.007574833058239874,1.8332194144650436,0.02457931444936818,0.03635838508969091,0.0054158074637255865,0.6670832032063168
90.34242219600128,13.087205673521161,12.580470633598658,0.7120556941245276,-0.22433356361647666,0.59494713932029,0.03129749319251963,1.826122077820589,0.025347624388046403,0.04785410595025734,0.011040150471741275,0.6670832032063168
90.37465884799894,13.110653562032821,12.573561614744584,0.7034366553498006,-0.20727056562222815,0.6322352528092248,0.06871122805855884,1.8190163600967157,0.02385869651083405,0.04856142810753994,0.0032347695076705395,0.6576473218982953
90.40671439900325,13.110653562032821,12.573561614744584,0.7034366553498006,-0.20727056562222815,0.647717165584781,0.0940517129224095,1.8190163600967157,0.02385869651083405,0.04856142810753994,0.0032347695076705395,0.6576473218982953
90.43256078600098,13.110653562032821,12.573561614744584,0.7034366553498006,-0.20727056562222815,0.6574321984808403,0.10293129090470741,1.8190163600967157,0.02385869651083405,0.04856142810753994,0.0032347695076705395,0.6576473218982953
90.5252873779973,13.15668356367274,12.561972238621328,0.6863262751644388,-0.16225482490618492,0.711538286794826,0.12034464579788128,1.8042658600706964,0.02027568648905285,0.03697205198428399,0.002578758634995885,0.651920240520265
90.54784599399864,13.15668356367274,12.561972238621328,0.6863262751644388,-0.16225482490618492,0.7241075518282271,0.15654590938080568,1.8042658600706964,0.02027568648905285,0.03697205198428399,0.002578758634995885,0.651920240520265
90.61679448000359,13.201308187258633,12.553452042214653,0.6636707417031493,-0.11616019572476091,0.7770449078626935,0.20319870774276133,1.7887027589899867,0.016205380952813996,0.02845185557760921,0.012864954683938584,0.65
90.63037098399946,13.201308187258633,12.553452042214653,0.6636707417031493,-0.11616019572476091,0.7986234380598006,0.22822982640266104,1.7887027589899867,0.016205380952813996,0.02845185557760921,0.012864954683938584,0.65
90.68161975599651,13.223014103755549,12.550336994147917,0.6511774949075144,-0.09345144200207763,0.8376083071222621,0.28492437344847715,1.780606552250719,0.014612332343376602,0.025336807510873527,0.01788998211945392,0.65
90.76128006899671,13.244390524581089,12.547961053065793,0.6412926247662124,-0.07127823246372783,0.8335348586642687,0.3336060740790301,1.7722563209725803,0.012830599497402697,0.022960866428748616,0.012114792322982779,0.7000000000000001
90.80393425699731,13.265453403431719,12.546304963329952,0.6318863655189267,-0.049682692075205585,0.7928464983946758,0.3345720899942637,1.7636429028623797,0.0116309538919158,0.02130477669290798,0.01250235651261149,0.7000000000000001
90.85596822400112,13.307081450413046,12.545263728837613,0.6220468784545605,-0.004436047846730195,0.7233303227187516,0.30463888733857675,1.7452577744124225,0.010102010833970254,0.020263542200568807,0.020056921465515996,0.7000000000000001
90.88626241200109,13.307081450413046,12.545263728837613,0.6220468784545605,-0.004436047846730195,0.6925628159105359,0.3166632864846735,1.7452577744124225,0.010102010833970254,0.020263542200568807,0.020056921465515996,0.7000000000000001
90.91434553299769,13.327771610501722,12.54593305659841,0.6207048026602765,0.020079832823921062,0.652996755997212,0.3131258555640423,1.735356087412801,0.010164234938941598,0.02093286996136534,0.002894351022793506,0.7000000000000001
90.95478829499916,13.348522390279598,12.547470778192826,0.6225233933362511,0.046131647832512106,0.5926210207077335,0.312606343214013,1.7248378423713562,0.010250421385800746,0.02247059155578235,0.004149558523975841,0.7000000000000001
90.99546335099876,13.369392739498178,12.549926557753626,0.626110476557376,0.07367338682395527,0.5974552837811447,0.3375861169846905,1.7136261685255334,0.011244086175024096,0.02492637111658169,0.006321111915897976,0.70178344238091
91.02659875300014,13.369392739498178,12.549926557753626,0.626110476557376,0.07367338682395527,0.5921054730593129,0.3648382131294947,1.7136261685255334,0.011244086175024096,0.02492637111658169,0.0029670867696544242,0.70178344238091
91.0336514399969,13.369392739498178,12.549926557753626,0.626110476557376,0.07367338682395527,0.5669951660800653,0.33942724564660026,1.7136261685255334,0.011244086175024096,0.02492637111658169,0.0029670867696544242,0.70178344238091
91.1200908230021,13.411586194036904,12.557715872789286,0.6349430303681103,0.13120734561020583,0.5653849569401063,0.30335059940564746,1.6889505313320186,0.013625463189305081,0.032715686152242185,0.009280429805284804,0.6576473218982953
91.14853885000048,13.432987797264069,12.563141314306872,0.6420480968149551,0.16276324552760127,0.5612029060233897,0.33626887107153236,1.6753626169844684,0.015124211181029322,0.03814112766982802,0.008484834589528024,0.6576473218982953
91.17545501000131,13.432987797264069,12.563141314306872,0.6420480968149551,0.16276324552760127,0.5833888123927907,0.40157041869444804,1.6753626169844684,0.015124211181029322,0.03814112766982802,0.008484834589528024,0.6576473218982953
91.2107198770027,13.454585122679292,12.569638541559788,0.6479197624567172,0.19491681758748514,0.605504676081898,0.4358829836871383,1.6608933010118845,0.01662558415850243,0.04463835492274448,0.011193641327992655,0.6670832032063168
91.2448369929989,13.476271351243028,12.577137252291026,0.6505868569120983,0.22496132193712098,0.5996329943760709,0.46949353523050624,1.6456452763703129,0.01808853355842436,0.035967633572079646,0.002103580174687648,0.6670832032063168
91.285509825997,13.49796687693623,12.58557133816213,0.6508657707960464,0.25302257613307655,0.599510093084772,0.5090270378750166,1.6297048975388024,0.01831263191184173,0.026590379545576328,0.005113258743712704,0.6670832032063168
91.33139076299994,13.519604699362624,12.594826875780326,0.6491346727918027,0.27766612854590256,0.5732216854014685,0.5285296827781534,1.6131970861848106,0.019314774091045078,0.02054772533802626,0.008450948419603949,0.6800735254367722
91.41077971200139,13.54094574953712,12.604793131831167,0.6402315052348808,0.29898768152524574,0.5004235908683649,0.45680509089057053,1.5963036157259873,0.020983428646549753,0.029792944449065217,0.010181085955679299,0.632455532033676
91.45401812299679,13.561925258894863,12.61540573595336,0.6293852807323282,0.3183781236657462,0.452788375183592,0.4089472630806301,1.579096119891232,0.023385010205342855,0.040405548571257555,0.014749062786363848,0.65
91.52299086400308,13.582478891932947,12.62662120077921,0.6166089911425373,0.336463944775501,0.46242748547475615,0.412633666853097,1.5616251737495286,0.024892143446976527,0.05162101339710823,0.014537248284414446,0.65
91.53476801399665,13.582478891932947,12.62662120077921,0.6166089911425373,0.336463944775501,0.4826741901084323,0.44152067529840283,1.5616251737495286,0.024892143446976527,0.05162101339710823,0.014537248284414446,0.65
91.59587850800017,13.602518280311122,12.638299685224514,0.6011816513452191,0.3503545333591071,0.5388863520672973,0.5014043434566495,1.544038818048095,0.026795516606769997,0.06065662417751608,0.0032761496786425782,0.670820393249937
91.69214336600271,13.62204585745381,12.650387556769578,0.5858273142806177,0.3626361463519341,0.6164524194198049,0.6326187958435666,1.5263736102100087,0.02702265629055243,0.05539595789940552,0.002844403627355904,0.6264982043070835
91.70363287300279,13.62204585745381,12.650387556769578,0.5858273142806177,0.3626361463519341,0.6164524194198049,0.6326187958435666,1.5263736102100087,0.02702265629055243,0.05539595789940552,0.002844403627355904,0.6264982043070835
91.74792237200018,13.641144989307668,12.662907413333894,0.5729739556157278,0.37559569692947825,0.5936086215496286,0.6358076173200229,1.5085698603273694,0.026570949664196142,0.050743707726876856,0.006260096879037359,0.6264982043070835
91.84722573900217,13.678382543693612,12.689951824958516,0.553752146948222,0.41599067561285114,0.5242699197399876,0.592580999146019,1.4717326983525527,0.02548001248337868,0.043536067358743505,0.005213807804420693,0.651920240520265
91.89306259399746,13.696441970135808,12.704422160776764,0.541782793265905,0.43411007454740763,0.4549625024794903,0.5632618206814561,1.452754827491158,0.025213395208051197,0.040998197040256056,0.008377954592949134,0.6103277807866851
91.92017166200094,13.696441970135808,12.704422160776764,0.541782793265905,0.43411007454740763,0.4321327459748124,0.5375238762353153,1.452754827491158,0.025213395208051197,0.040998197040256056,0.003951283958371131,0.6103277807866851
91.94155685100122,13.71398449217942,12.719329840144521,0.5262756613083869,0.4472303810327131,0.4122259823543921,0.5103648817455423,1.4336171255231753,0.024907020570503247,0.03913508191679935,0.008535142952423462,0.6403124237432849
91.97200009800144,13.731133559163474,12.734592439393284,0.5144720095216319,0.4578779774628779,0.3772217996770093,0.5074522791759585,1.414355067773785,0.024557364843535833,0.0378011477886853,0.011377665729474015,0.6403124237432849
92.04195205099677,13.748026458015822,12.750376825917336,0.5067869655704517,0.47353159572156667,0.3466022919777167,0.4927023160820592,1.394764527179356,0.024765356651375452,0.03701731120431854,0.00435338690140491,0.6020797289396148
92.09546628299722,13.764677302690298,12.766719779475492,0.49952534023427414,0.4902886067447147,0.326643355710193,0.4935166819605008,1.3748008793177768,0.02474358221561373,0.036799599308101796,0.009308408499599987,0.6363961030678928
92.15441253699828,13.781134477323052,12.783778750704316,0.49371523898259073,0.5117691368646987,0.34369792272613553,0.4735476014786719,1.354294502185375,0.02517311745884854,0.037225133762078234,0.004357103165335584,0.6363961030678928
92.21658230399771,13.813410350104471,12.820053998416094,0.4802405483249724,0.55433478543894,0.32981695060570576,0.46612402288208854,1.3116384388991762,0.026855591270770068,0.040053118895842614,0.013884263052356065,0.6403124237432849
92.23401166599797,13.813410350104471,12.820053998416094,0.4802405483249724,0.55433478543894,0.29644230789515347,0.4598030488630426,1.3116384388991762,0.026855591270770068,0.040053118895842614,0.0,0.6403124237432849
92.26815979000094,13.829070566673504,12.839122743591318,0.46980649707102495,0.5720623552567013,0.2870680833549192,0.5270961491938128,1.289656626227036,0.028219758259140835,0.042463312587148055,0.0007156353440622303,0.6403124237432849
92.3437174560022,13.859247819121048,12.878596506660791,0.44639951503909264,0.598227327759016,0.2512615129818877,0.6224185233175601,1.2449048582679691,0.030588144772342583,0.04903693828928724,0.0033960307373297376,0.651920240520265
92.38804042700212,13.859247819121048,12.878596506660791,0.44639951503909264,0.598227327759016,0.17527434596649463,0.6902410440421167,1.2449048582679691,0.030588144772342583,0.04903693828928724,0.0033960307373297376,0.651920240520265
92.43197648000205,13.8735507568821,12.898704606431865,0.4290881328315554,0.6032429931322218,0.11992919446641175,0.7282316151533692,1.2224524049289973,0.03210178611120008,0.05314180771246026,0.005321600110145901,0.651920240520265
92.47442042700277,13.88721454541077,12.918894045959945,0.4099136558600577,0.6056831858423932,0.12585247362887686,0.754841503761444,1.200120379109368,0.03224779389838702,0.057756139785800346,0.0033053067192703703,0.6264982043070835
92.549650904999,13.900166479497445,12.93899924088668,0.38855802260025935,0.6031558478020448,0.25737229071016554,0.7761398906949539,1.1780730871122338,0.03293329954675706,0.06281425903340261,0.007084366107514631,0.670820393249937
92.5870224570026,13.912424402676127,12.959012517160911,0.3677376953604513,0.6003982882269059,0.1932994522084308,0.7648718708181174,1.15630317854224,0.03130001429997152,0.0625758055676009,0.00029283167691504904,0.65
92.61459117499908,13.923994331253787,12.978928276409292,0.3470978573298416,0.5974727774514242,0.15849447827891852,0.7647162817810707,1.1348038618481355,0.029481147678972152,0.05100587698994019,0.001180655408649079,0.65
92.65781429899653,13.934976625028877,12.998615245088981,0.32946881325268546,0.5906090603907069,0.09243868675777811,0.7754035888396928,1.1136790797340426,0.027098132535753716,0.04002358321485033,0.002349448265482408,0.65
92.71215122300055,13.945398414635848,13.018074497518292,0.3126536882091207,0.583777572879346,0.06268397056056951,0.7898962432965327,1.0929155699858086,0.024395288956053352,0.0296017936078794,0.003044880878801522,0.632455532033676
92.71468835399719,13.945398414635848,13.018074497518292,0.3126536882091207,0.583777572879346,0.014235324183314024,0.765875987752333,1.0929155699858086,0.024395288956053352,0.0296017936078794,0.003044880878801522,0.632455532033676
92.78545820400177,13.964419857931698,13.057278773630413,0.2751340685497374,0.5919016229284937,-0.08621948657700171,0.7664731038938011,1.051498707010596,0.02071241840706308,0.03030583993474029,0.001782401922605312,0.6670832032063168
92.81202409599791,13.972687840633952,13.077408320902164,0.24803948106764054,0.603886418152511,-0.08600893995528502,0.835453586664628,1.030486355117125,0.02019328240547028,0.038693232677313436,0.0014658992231377198,0.6670832032063168
92.85679602799792,13.972687840633952,13.077408320902164,0.24803948106764054,0.603886418152511,-0.08778328269526545,0.9022521796983012,1.030486355117125,0.02019328240547028,0.038693232677313436,0.0014658992231377198,0.6670832032063168
92.8918049519998,13.980186666530148,13.098045170675467,0.22496477688589422,0.6191054931990889,-0.0793710232778527,0.9699371340712033,1.0090930159722196,0.018237875166639116,0.044813542458637556,0.0007419523328815554,0.6670832032063168
92.91872282399709,13.987127810824955,13.119235896280943,0.20823432884419357,0.6357217681642525,-0.0651709501628186,1.0019287329805513,0.9872377414954376,0.016395925785707862,0.03787239816383092,0.0022079634348315252,0.6576473218982953
92.94682454600115,13.987127810824955,13.119235896280943,0.20823432884419357,0.6357217681642525,-0.045647140699348665,1.066044796433251,0.9872377414954376,0.016395925785707862,0.03787239816383092,0.0022079634348315252,0.6576473218982953
92.98154932799662,13.99350340677327,13.140929956242374,0.19126787844946944,0.6508217988429646,-0.0337551541386972,1.0594911287238522,0.9649647004953877,0.01408134905411584,0.031496802215515984,0.002440373902355819,0.6576473218982953
93.05599885700212,13.999301680744027,13.163096420486527,0.17394821912273234,0.6649939273245667,-0.03376848290101553,1.132981082952185,0.9422995642608225,0.011596161592981548,0.02569852824475838,0.0001866541210742531,0.651920240520265
93.08531897100329,14.004415539370303,13.185642193493145,0.15341575878828628,0.6763731901985434,-0.039515093234934295,1.1522048488117003,0.9193403001249848,0.009325362788173716,0.02058466961848282,0.001080632974600033,0.70178344238091
93.09773828100151,14.004415539370303,13.185642193493145,0.15341575878828628,0.6763731901985434,-0.08014460282606461,1.138620447726135,0.9193403001249848,0.009325362788173716,0.02058466961848282,0.001080632974600033,0.70178344238091
93.14522609300184,14.008709035374364,13.208552076271932,0.12880488012187016,0.6872964833636217,-0.04990257877879706,1.1778427220036365,0.8961101723233377,0.007156996183986774,0.01629117361442134,0.0004110590727782419,0.7000000000000001
93.24482600299962,14.011932735094893,13.231695900365503,0.0967109916158743,0.6943147228071329,-0.05129624698836971,1.1199867217955393,0.8727587596752837,0.005862705179056433,0.013067473893892512,0.0006799867596278118,0.7000000000000001
93.29010414300137,14.011932735094893,13.231695900365503,0.0967109916158743,0.6943147228071329,-0.029009954102997726,1.085644406512714,0.8727587596752837,0.005862705179056433,0.013067473893892512,0.0006799867596278118,0.7000000000000001
93.31645230999857,14.013988763881528,13.255076835825854,0.061680863599043054,0.7014280638105168,-0.02530021814710154,1.0762844928036752,0.8492897539101,0.005156092307432175,0.0110114451072576,0.00017340623796649032,0.7000000000000001
93.33328661500127,14.013988763881528,13.255076835825854,0.061680863599043054,0.7014280638105168,0.001542179801236776,1.0549962355034797,0.8492897539101,0.005156092307432175,0.0110114451072576,0.0,0.7000000000000001
93.43200348199753,14.015025328493055,13.303171077311633,0.00012499792430076262,0.7290843779486041,0.009836367063015772,1.0622765607653353,0.8013470077503351,0.006293623664086602,0.009974880495731142,0.0024602366140372366,0.7000000000000001
93.47441338600038,14.014292743647282,13.32812908778534,-0.021977545373160937,0.7487403142112297,0.061234584421499205,1.0203041894983167,0.7766147300396772,0.007890714798330896,0.010707465341504019,0.004628244401916893,0.7000000000000001
93.50227405800251,14.014292743647282,13.32812908778534,-0.021977545373160937,0.7487403142112297,0.08447405083316156,0.993748008879803,0.7766147300396772,0.007890714798330896,0.010707465341504019,0.004628244401916893,0.7000000000000001
93.56822834700142,14.01285751455654,13.353767958372861,-0.04305687272223156,0.7691661176256088,0.09224307220144456,0.9842021924256465,0.7513029167521383,0.009914652617486648,0.012142694432245804,0.003574332465200797,0.7000000000000001
93.60096917900228,14.01082774192007,13.380270343516669,-0.06089317909411834,0.7950715543142017,0.11255382583911683,0.9571866198686858,0.7252327006090439,0.012513306036301294,0.014172467068716443,0.007726467533433315,0.7000000000000001
93.66055344600318,14.008322394960244,13.407670304228295,-0.07516040879474323,0.8219988213488186,0.13995318123914235,0.9069348433700681,0.6983732461321567,0.015430462087712803,0.01667781402854196,0.0055736206775908684,0.7000000000000001
93.66256918999716,14.008322394960244,13.407670304228295,-0.07516040879474323,0.8219988213488186,0.13995318123914235,0.9069348433700681,0.6983732461321567,0.015430462087712803,0.01667781402854196,0.0055736206775908684,0.7000000000000001
93.73337994799658,14.001842447229423,13.464908903785041,-0.10349791838334152,0.8693625232209212,0.15949642660158697,0.8540138806541263,0.6426317807714045,0.022592565654971402,0.023157761759362572,0.016970858011311662,0.7000000000000001
93.8503509910006,13.998115371026843,13.494476574598501,-0.11181228607738523,0.887030124403816,0.21418795284968134,0.7624108616641466,0.6140350937291468,0.026591129933236972,0.02688483796194241,0.008539274827026162,0.65
93.8870484729996,13.994059592924943,13.524566439345788,-0.12167334305699264,0.9026959424186339,0.25686504274696564,0.714817757801051,0.5851043945984449,0.030901066896268148,0.030940616063842796,0.01137950498744294,0.65
93.92350825400354,13.989613730751085,13.555117100634815,-0.13337586521576378,0.9165198386708113,0.28402926337692236,0.6915306071124105,0.5559518886192434,0.03560025888268787,0.035386478237700913,0.02200351020609406,0.65
93.9559871110032,13.985183479359364,13.586041944243288,-0.13290754175161723,0.9277453082541597,0.33084504088009986,0.6432012865083537,0.5266267335497133,0.04030491170283007,0.03981672962942184,0.031256228230934165,0.65
93.99667919499916,13.980751473438772,13.617242156565442,-0.1329601776177602,0.9360063696646351,0.3727871664673235,0.5911363119344715,0.4972678820159293,0.045049468631286026,0.04424873555001341,0.014420404099703707,0.65
94.0757581709986,13.976404059699457,13.64863621208147,-0.13042241217946132,0.9418216654808534,0.40776376600993125,0.4596131571272136,0.46797994134678306,0.04980232066754656,0.048596149289329205,0.0277559939719498,0.65
94.13562203600304,13.972081013674575,13.680179669302182,-0.12969138074644795,0.9463037166213599,0.4007970092703917,0.3616289825407853,0.4388762663094789,0.05459380405203788,0.0529191953142103,0.017366659277759305,0.65
94.2119183370014,13.9641728497117,13.742768047710005,-0.11367203556982569,0.9350092159689783,0.38798387842098014,0.27573441132128207,0.3821827867557115,0.06400790045955757,0.060827359277086046,0.03258126550957743,0.65
94.24616486800369,13.960757357414693,13.773577680011543,-0.10246476891021863,0.9242889690461452,0.40489432757595467,0.2488188407820801,0.3548803241950526,0.06844199880089072,0.06424285157409315,0.04469896406134993,0.65
94.30957757899887,13.957665235295933,13.80399340835563,-0.09276366356279922,0.9124718503226243,0.4696495140068785,0.1496032030811696,0.32844952053592424,0.07300944690591163,0.06733497369285324,0.05551443910238781,0.65
94.34273940000276,13.954988997791334,13.833952917991715,-0.08028712513792981,0.8987852890825456,0.4741953286125327,0.11649793386189566,0.30300039704047366,0.07729180854448559,0.07001121119745157,0.01669243431487529,0.65
94.38013257199782,13.95296233649711,13.863331408649483,-0.060799838826694985,0.8813547197330543,0.4893042848003662,0.04891670478966914,0.27862536966368806,0.08174000964631732,0.07203787249167526,0.032536411817520566,0.65
94.42263642200123,13.951535546051472,13.892143635578611,-0.04280371336917018,0.8643668078738468,0.4922000755032267,-0.01790631325935918,0.2554328920024035,0.08574748045518828,0.07346466293731346,0.04687487401362236,0.65
94.45426205900003,13.951535546051472,13.892143635578611,-0.04280371336917018,0.8643668078738468,0.4887407729625945,-0.08611371024724424,0.2554328920024035,0.08574748045518828,0.07346466293731346,0.03606091541716254,0.65
94.49227141099982,13.951275917858682,13.946812281348757,0.009389815553124634,0.8035172558064261,0.47449074849414624,-0.12189209388820113,0.213507212417636,0.09317120540278756,0.07372429113010348,0.06260738320812498,0.65
94.54059537599824,13.952447241245455,13.972391431194023,0.03513970160320837,0.767374495357993,0.44778028956687677,-0.18563256842225517,0.19507886469012117,0.09710354681456752,0.07255296774333075,0.05160283277411673,0.65
94.57415013600257,13.954386492237857,13.99672448411983,0.058177529772067985,0.72999158777422,0.41356015155080494,-0.2435445042380447,0.1785192589697553,0.10008047879751483,0.07061371675092865,0.06343491212145633,0.65
94.6044873849969,13.957142432875274,14.019745812966475,0.08267821912251132,0.6906398653993278,0.3951440409349761,-0.2713139230373785,0.16385670270455016,0.10299028173829271,0.06785777611351129,0.0738614085193205,0.65
94.6524438780034,13.960819419833886,14.041170292524038,0.110309608758349,0.6427343867269173,0.32735525391959974,-0.3469891404130603,0.1511031713005497,0.10592821090204449,0.06618644346150325,0.03316931034874808,0.65
94.67989695299912,13.965451309547467,14.06099700573753,0.13895669140744316,0.5948013964047714,0.2987683311759659,-0.3678848467334286,0.14008777128618258,0.10747484526192068,0.06958333709188387,0.046976391296253896,0.65
94.73987550000311,13.965451309547467,14.06099700573753,0.13895669140744316,0.5948013964047714,0.221719792573859,-0.40256905828101996,0.14008777128618258,0.10747484526192068,0.06958333709188387,0.046976391296253896,0.65
94.77172133199929,13.971077930782279,14.079370450466465,0.16879863704439207,0.5512033418680558,0.24587965645129456,-0.37430054474818986,0.13056216237997637,0.10784628295232979,0.07657437502046557,0.01612913186746019,0.65
94.85199326599832,13.98501638511135,14.112214797533275,0.22181204861833786,0.47333501089557606,0.2287356177165831,-0.3574858517597247,0.11563058839096182,0.10906722957113923,0.0899428599797057,0.04389853471451286,0.65
94.86581358699914,13.98501638511135,14.112214797533275,0.22181204861833786,0.47333501089557606,0.2287356177165831,-0.3574858517597247,0.11563058839096182,0.10906722957113923,0.0899428599797057,0.04389853471451286,0.65
94.90160260700213,13.993228103170678,14.126541207948716,0.24635154177980018,0.4297923124632159,0.16456551313358603,-0.3847496488699836,0.11002124191222522,0.10781195034444692,0.09426660040958343,0.043673137284302485,0.65
94.93368827499944,14.00220198119252,14.139507220902933,0.2692163406552778,0.3889803886265159,0.0995798184626982,-0.3975572298992134,0.10547640961912409,0.10528370187762824,0.09708946609167737,0.055280611468276425,0.7000000000000001
94.96576203100267,14.011821001326627,14.15095823687737,0.2885706040231808,0.3435304792331112,0.06540684977006787,-0.40347810438967296,0.10184437987777654,0.10184437987777654,0.0983848827734805,0.06529871186153463,0.7000000000000001
95.03186720999656,14.011821001326627,14.15095823687737,0.2885706040231808,0.3435304792331112,-0.022137301487033818,-0.4297926762343781,0.10184437987777654,0.10184437987777654,0.0983848827734805,0.0,0.7000000000000001
95.06409699399956,14.021977881653033,14.160829786591743,0.30470640979217906,0.2961464914311649,-0.02399961516262277,-0.43296388601444485,0.09893287566903664,0.09893287566903664,0.09818312356283142,0.013751464325589989,0.7000000000000001
95.19821526799933,14.043388326848254,14.175953584203805,0.3228283402594022,0.2013459731311622,-0.005348401611420604,-0.401758299735062,0.09473029341475038,0.09473029341475038,0.09473029341475038,0.025487202227930387,0.7000000000000001
95.25612304900278,14.054127793390899,14.18104227305035,0.32218399627934957,0.15266066539637063,-0.07482340593543284,-0.36159794383592475,0.09312416099141814,0.09312416099141814,0.09312416099141814,0.03639382736774811,0.7000000000000001
95.31710790099896,14.064784433011964,14.184649054453347,0.3196991886319446,0.10820344208988555,-0.12566131169980202,-0.3325184171478363,0.09168205155936807,0.09168205155936807,0.09168205155936807,0.011091205870019773,0.7000000000000001
95.34312684400356,14.064784433011964,14.184649054453347,0.3196991886319446,0.10820344208988555,-0.12566131169980202,-0.3325184171478363,0.09168205155936807,0.09168205155936807,0.09168205155936807,0.011091205870019773,0.7000000000000001
95.40348787500261,14.074917233420114,14.186748630373254,0.3039840122445454,0.06298727759719833,-0.17812725695839,-0.31104851718781323,0.09030210435497317,0.09030210435497317,0.09030210435497317,0.02100568549861171,0.7000000000000001
95.50622565700178,14.093011695900698,14.186570499496042,0.26074062795043285,-0.02377458842068417,-0.16522336681665373,-0.298464979658732,0.0868521028943955,0.0868521028943955,0.0868521028943955,0.02705425547718833,0.7000000000000001
95.55410728300194,14.100995213164094,14.184558072005322,0.2395055179018721,-0.060372824721596136,-0.17263760249747861,-0.2324433715780429,0.08456392842399894,0.08456392842399894,0.08456392842399894,0.02477734152012441,0.7000000000000001
95.60051920400292,14.10827134919737,14.181401175114663,0.21828408099830837,-0.09470690671975787,-0.17463187214711562,-0.18286710007215795,0.08182033077171581,0.08182033077171581,0.08182033077171581,0.03107587292625168,0.7000000000000001
95.65393465200032,14.114876564818621,14.177263124002913,0.1981564686375545,-0.12414153335249198,-0.19023568817182623,-0.12346832078899139,0.07868228842307634,0.07868228842307634,0.07868228842307634,0.013533332070120032,0.7000000000000001
95.70426058000157,14.120694783320355,14.172324553658445,0.1745465550519951,-0.148157110334043,-0.19971150202226196,-0.07367802403016369,0.0752270903236978,0.0752270903236978,0.0752270903236978,0.01911968893716995,0.7000000000000001
95.73452887599706,14.125794987712336,14.166667988667236,0.1530061317594378,-0.16969694973629512,-0.20421700214175975,-0.04353773138395504,0.07148427871926995,0.07148427871926995,0.07148427871926995,0.023955957646763237,0.7000000000000001
95.77871971300192,14.130038473485426,14.160420607889737,0.1273045731927066,-0.18742142332493106,-0.2022650139774198,-0.015381119193928913,0.0674756233546608,0.0674756233546608,0.0674756233546608,0.01183726772949734,0.7000000000000001
95.81168077800248,14.133508039227403,14.153639642280696,0.10408697225929653,-0.20342896827120138,-0.18902988619721517,0.006174321086637,0.06324555254613776,0.06324555254613776,0.06324555254613776,0.016777231620499194,0.7000000000000001
95.88824318700063,14.136230205029353,14.146439773721047,0.08166497405849062,-0.21599605678949804,-0.17089687635216055,0.02495669411987414,0.05890059710844258,0.05890059710844258,0.05890059710844258,0.005999613455754986,0.75
95.94761604299856,14.138325194989458,14.138855128453924,0.06284969880312818,-0.22753935801366287,-0.15687790211490038,0.047676394732065475,0.054576016510468714,0.054576016510468714,0.054576016510468714,0.011654110259676706,0.75
95.97874762299762,14.139935059598765,14.130915060307032,0.048295938279205836,-0.2382020444067881,-0.14825670662021528,0.07169998772787686,0.05050296960520598,0.05050296960520598,0.05050296960520598,0.01247043653109689,0.75
96.03438514799927,14.140985451547602,14.122999711557856,0.0315117584650951,-0.23746046247529654,-0.14404498044966824,0.11378315118384362,0.04699780814362981,0.04699780814362981,0.04699780814362981,0.018167402079105204,0.75
96.0959925040006,14.1414690797879,14.115254012770734,0.014508847208965586,-0.23237096361364437,-0.13727088696607928,0.14439925529398207,0.04418562531033081,0.04418562531033081,0.04418562531033081,0.0069914807806742965,0.75
96.22120189900306,14.141380319151555,14.107780929466626,-0.002662819090334844,-0.22419249912323225,-0.13111883299344473,0.14192559663380788,0.0421055064860783,0.0421055064860783,0.0421055064860783,0.00698299344531885,0.75
96.26797860900115,14.140766696013676,14.100573379284501,-0.018408694136351444,-0.21622650546374467,-0.11775319423565117,0.1466929235655279,0.04077072807389399,0.04077072807389399,0.04077072807389399,0.013535582808097886,0.75
96.30858709599852,14.139641481693173,14.09389785374175,-0.03375642961510385,-0.20026576628257026,-0.09573073453689007,0.16691233374879222,0.040108393881920945,0.040108393881920945,0.040108393881920945,0.006659040904515414,0.75
96.35700204099703,14.138064304698856,14.087811260048294,-0.04731530982952421,-0.1825978108036733,-0.079985007453304,0.17039283237375744,0.039968195778865234,0.039968195778865234,0.039968195778865234,0.012722852023983114,0.75
96.3984477319973,14.136081536825984,14.082280541770686,-0.059483036186192106,-0.16592154832826603,-0.05929860517036881,0.1804268884370615,0.04019771759273435,0.04019476603447665,0.04019771759273435,0.0182251386726227,0.75
96.42310089900275,14.136081536825984,14.082280541770686,-0.059483036186192106,-0.16592154832826603,-0.05929860517036881,0.1804268884370615,0.04019771759273435,0.04019476603447665,0.04019771759273435,0.0182251386726227,0.75
96.45345186800114,14.133733912854666,14.077238998376362,-0.07042871913954156,-0.15124630182973156,-0.04064825953429456,0.18457626994356335,0.04069447224620856,0.040242498936072936,0.04069447224620856,0.023233167660309438,0.75
96.4748469240003,14.13105420626406,14.07263284886758,-0.08039119771818079,-0.13818448526349872,-0.024253684949975096,0.18845788878993736,0.04139232643613527,0.03980322695365732,0.04139232643613527,0.02780117557601149,0.75
96.52112495800247,14.1281546234051,14.068775901505408,-0.08698748576883376,-0.11570842086516087,-0.003138798182699243,0.19245737649461073,0.04204315813402963,0.03884335311373859,0.04198709691346281,0.031616963207458014,0.75
96.5548356549989,14.125046554350796,14.065662996454247,-0.09324207162913171,-0.09338715153483056,0.0018010174843046817,0.17876133576765635,0.04250129053744634,0.03737537945951532,0.04199051647963369,0.034685850064293505,0.75
96.5833062870006,14.121740877348165,14.06323816007757,-0.09917031007890272,-0.07274509130029824,0.025125201228724352,0.1699088304965726,0.042709467596192714,0.035433190671491456,0.04136766809987627,0.03706395723374414,0.75
96.62796289700054,14.11828921081096,14.061458371559272,-0.10354999611611203,-0.05339365554894847,0.030286390465099768,0.1509296823498904,0.04266089960315952,0.03308188641556757,0.040185471815391414,0.03879502721308734,0.75
96.63280280400068,14.11828921081096,14.061458371559272,-0.10354999611611203,-0.05339365554894847,0.030286390465099768,0.1509296823498904,0.04266089960315952,0.03308188641556757,0.040185471815391414,0.03879502721308734,0.75
96.6705949850002,14.114799582035689,14.060324267868278,-0.10468886325813775,-0.03402311072979873,0.04859044838985292,0.1372408047605745,0.04234609012198406,0.030418728269152907,0.03851986405504347,0.03987994233867056,0.75
96.74400497900206,14.111449382389177,14.05985653251448,-0.1005059893953342,-0.014032060613936883,0.047615209314889766,0.12247825635247729,0.0417442970818115,0.02759498709532796,0.03648165400713724,0.04030051589025755,0.75
96.78620537900133,14.108302370635764,14.06002528859421,-0.09441035260236243,0.005062682391853375,0.05741535168190741,0.1059814639169158,0.04082777131009991,0.024681073266470257,0.03413705208748253,0.0400875184884338,0.75
96.81927380800335,14.108302370635764,14.06002528859421,-0.09441035260236243,0.005062682391853375,0.04964559275544354,0.09662423953624374,0.04082777131009991,0.024681073266470257,0.03413705208748253,0.0400875184884338,0.75
96.84456345399667,14.105389757021396,14.060757815966408,-0.08737840843106201,0.021975821165931504,0.04844005119541805,0.09822344238695363,0.03961058556088215,0.021736428055743627,0.03155954817749999,0.03931410200793317,0.75
96.88279893699655,14.102794388075754,14.061945037471535,-0.07786106836922942,0.03561664515381121,0.05176802150177015,0.08399702330099167,0.03815742100510429,0.018882743783085732,0.028884852819310136,0.0380904979334829,0.75
96.98259930699714,14.10049509333711,14.063534866057338,-0.06897884215935064,0.04769485757409418,0.05106829700123931,0.0692494912978154,0.03646849477108521,0.016123298237869132,0.02613482734372186,0.03646849477108521,0.75
97.06589777699992,14.098447791647395,14.065482087649988,-0.061419050691447034,0.05841664777946694,0.05236540070392894,0.061531325490812167,0.03455279473172878,0.013437728978623567,0.02331027284315493,0.03455279473172878,0.75
97.15165267999691,14.096678499102648,14.067719474826738,-0.053078776342408214,0.06712161530251536,0.050458444540356265,0.054135626274722584,0.032450957977734216,0.010878426288891437,0.020477122442041588,0.032450957977734216,0.75
97.18249775400182,14.09519586008581,14.070141443504852,-0.044479170505161765,0.07265906034342254,0.0487687259421639,0.03404692352558518,0.030242571919217517,0.008498585377319118,0.017716147863067508,0.030242571919217517,0.75
97.20057285799703,14.09519586008581,14.070141443504852,-0.044479170505161765,0.07265906034342254,0.04636731301172604,0.017565153125268983,0.030242571919217517,0.008498585377319118,0.017716147863067508,0.030242571919217517,0.75
97.29852294999728,14.09294687331122,14.075429987048222,-0.03030988873217097,0.08098837124481569,0.04574878341908213,0.01700140095787883,0.025562318606465875,0.004194491444979336,0.012386309061839186,0.025562318606465875,0.75
97.33723552399897,14.092170808123461,14.078176225633367,-0.02328195563279615,0.08238715755434818,0.040636168315515815,-0.004868096119782216,0.023185628588531883,0.0023131971069007126,0.00989566417861983,0.023185628588531883,0.75
97.36628763400222,14.091587758197676,14.08093027170841,-0.01749149777355603,0.0826213822513052,0.03651079162116557,-0.013658073650419886,0.02084275291931915,0.0006028154701462987,0.0075359809669633005,0.02084275291931915,0.75
97.40319976500177,14.091187431478765,14.083638936841192,-0.01200980156734021,0.08125995398342611,0.0332257904836956,-0.023751442035404646,0.018583480611229664,0.0009230803268891536,0.00533759174597848,0.018583480611229664,0.75
97.44523672200012,14.09095289582107,14.086320991617116,-0.007036069730863593,0.08046164327770822,0.029291487840434192,-0.030611620827782234,0.01640016354684906,0.002287847374449524,0.003275250872422497,0.01640016354684906,0.75
97.46315485800005,14.09095289582107,14.086320991617116,-0.007036069730863593,0.08046164327770822,0.030316886718342692,-0.02992796270315863,0.01640016354684906,0.002287847374449524,0.003275250872422497,0.01640016354684906,0.75
97.50218070799747,14.090863946144198,14.088978319374444,-0.0026684903061892735,0.07971983271985897,0.025615320431435693,-0.03609986963054171,0.014315897592112324,0.003510538027255418,0.0013333394756799464,0.014315897592112324,0.75
97.54701225100143,14.090900653223283,14.091614586223768,0.0011012123725471063,0.07908800547972067,0.023732845559675357,-0.03695334546074291,0.01237389493900599,0.004610721986630667,0.0005048268659558421,0.01237389493900599,0.75
97.59039792599651,14.09105160298986,14.09420920474565,0.00452849299726594,0.07783855565649064,0.0210190522329293,-0.04353509139316095,0.010658664021765567,0.005589854266232807,0.002232761613806872,0.010658664021765567,0.75
97.62480988499738,14.091309500036306,14.096714857740846,0.007736911393441628,0.07516958985584833,0.018376795979306637,-0.04850894856835246,0.009290691539483455,0.006434180153784813,0.0038221650876187787,0.009290691539483455,0.75
97.65413265499956,14.09166561797856,14.099100689651001,0.010683538267581167,0.07157495730464637,0.016440782929739453,-0.05157533331877734,0.00838276104771668,0.007138313760532717,0.005257389598191316,0.00838276104771668,0.75
97.67579444000148,14.09166561797856,14.099100689651001,0.010683538267581167,0.07157495730464637,0.016440782929739453,-0.05157533331877734,0.00838276104771668,0.007138313760532717,0.005257389598191316,0.00838276104771668,0.75
97.72970755000279,14.092107776723065,14.101359054272892,0.013264762335142902,0.06775093865672771,0.013249808028457944,-0.05547928258076973,0.008008384154725493,0.007709965130396948,0.006541641090121867,0.008008384154725493,0.75
97.78101812899695,14.092621942871727,14.103414155254773,0.015424984459836429,0.06165302945643222,0.008485900092179248,-0.06194948632192,0.008129709902066459,0.008129219998848372,0.007631246560057693,0.008129709902066459,0.75
97.80289027399704,14.09319787140844,14.105243473533902,0.017277856101433876,0.05487954837387184,0.005386746797561921,-0.06145954656514236,0.008588537016095174,0.008588537016095174,0.008517526946388656,0.008588537016095174,0.75
97.84108231699793,14.09319787140844,14.105243473533902,0.017277856101433876,0.05487954837387184,0.0025216943329439793,-0.059401792658015214,0.008588537016095174,0.008588537016095174,0.008517526946388656,0.008588537016095174,0.75
97.88480840199918,14.093825311211152,14.10684309518448,0.018823194081362266,0.04798864951734076,0.0025319045580229835,-0.05850025792159909,0.00921708920120588,0.00921708920120588,0.00921708920120588,0.00921708920120588,0.75
97.98579219599924,14.094501480559146,14.108220932098897,0.020285080439835106,0.0413351074325092,0.002632904987527395,-0.0538308231833748,0.009890269997130031,0.009890269997130031,0.009890269997130031,0.009890269997130031,0.75
98.06777012300154,14.095216926706403,14.109377370820694,0.021463384417735983,0.034693161653915554,0.00015460679511465278,-0.054073084563700864,0.010526769382898041,0.010526769382898041,0.010526769382898041,0.010526769382898041,0.75
98.12276621199999,14.096719964603176,14.111001825297535,0.02268284011483143,0.020801022285754776,-0.004585041953225694,-0.05207813144700696,0.011480365502975322,0.011480365502975322,0.011480365502975322,0.011480365502975322,0.75
98.1318184039992,14.096719964603176,14.111001825297535,0.02268284011483143,0.020801022285754776,-0.0016331663687639457,-0.018549939934024606,0.011480365502975322,0.011480365502975322,0.011480365502975322,0.011480365502975322,0.75
98.16854438999871,14.097477003908637,14.111465960105875,0.02271117916381147,0.013924044250180482,0.0,0.0,0.011740261940287038,0.011740261940287038,0.011740261940287038,0.011740261940287038,0.75
98.2287898029972,14.098222135731204,14.11169794801646,0.02235395467700806,0.006959637317525199,0.0,0.0,0.011832277428883148,0.011832277428883148,0.011832277428883148,0.011832277428883148,0.75
98.24588587399921,14.098222135731204,14.11169794801646,0.02235395467700806,0.006959637317525199,0.0,0.0,0.011832277428883148,0.011832277428883148,0.011832277428883148,0.011832277428883148,0.75
98.27405562700005,14.098948797966496,14.11171662172203,0.021799867058779197,0.0005602111670879534,0.0,0.0,0.011763683534182215,0.011763683534182215,0.011763683534182215,0.011763683534182215,0.75
98.33605901300325,14.09964998844048,14.111547369791403,0.021035714219487488,-0.005077557918792077,0.0,0.0,0.011552673162138934,0.011552673162138934,0.011552673162138934,0.011552673162138934,0.75
98.42754960599996,14.10031947277078,14.111213985589652,0.02008452990902509,-0.010001526052532187,0.0,0.0,0.011218535361454198,0.011218535361454198,0.011218535361454198,0.011208383665313043,0.75
98.44140011900163,14.10096833918861,14.11073627714191,0.019465992534872315,-0.014331253432231482,0.0,0.0,0.01077985749683709,0.01077985749683709,0.01077985749683709,0.010721597125748028,0.75
98.46276114200009,14.10096833918861,14.11073627714191,0.019465992534872315,-0.014331253432231482,0.0,0.0,0.01077985749683709,0.01077985749683709,0.01077985749683709,0.010721597125748028,0.75
98.50104440800351,14.101588796451034,14.110131196942735,0.01861371787274281,-0.018152405975239105,0.0,0.0,0.010255019534613809,0.010255019534613809,0.010255019534613809,0.01010785096356287,0.75
98.54955573000188,14.102190796666836,14.10940998595507,0.018060006474064423,-0.021636329629972674,0.0,0.0,0.009661647153050044,0.009661647153050044,0.009661647153050044,0.00937824506849641,0.75
98.599810943997,14.102765518737078,14.108588738959837,0.017241662107260768,-0.024637409857023715,0.0,0.0,0.009023000100041657,0.009023000100041657,0.009023000100041657,0.008548996685319459,0.75
98.67545687899838,14.103303395722305,14.107800178538508,0.016136309556791992,-0.02365681263987618,0.0,0.0,0.00847084461731808,0.00847084461731808,0.00847084461731808,0.007752949814465174,0.75
98.70941128300183,14.103803394480394,14.107061070034877,0.014999962742657304,-0.022173255108918894,0.0,0.0,0.008020256829487636,0.008020256829487636,0.008020256829487636,0.007006882671300977,0.75
98.74105837899697,14.104264957209441,14.106379129114865,0.013846881871405188,-0.020458227600393432,0.0,0.0,0.007673535577717123,0.007673535577717123,0.007673535577717123,0.006318518003349484,0.75
98.76905347900174,14.104264957209441,14.106379129114865,0.013846881871405188,-0.020458227600393432,0.0,0.0,0.007673535577717123,0.007673535577717123,0.007673535577717123,0.006318518003349484,0.75
98.81138806200033,14.10468831378199,14.105756505427491,0.012700697176459746,-0.018678710621190052,0.0,0.0,0.007424125595323873,0.007424125595323873,0.007424125595323873,0.005690002014223144,0.75
98.85065871699771,14.105074465583066,14.105192052061216,0.011584554032287435,-0.016933600988253944,0.0,0.0,0.007260000382927368,0.007260000382927368,0.007260000382927368,0.005120173822827044,0.75
98.90194336899731,14.105074465583066,14.105192052061216,0.011584554032287435,-0.016933600988253944,0.0,0.0,0.007260000382927368,0.007260000382927368,0.007260000382927368,0.005120173822827044,0.75
98.92609029300365,14.105425034522241,14.104682781180976,0.010517068175268299,-0.015278126407203881,0.0,0.0,0.0071665500177159,0.0071665500177159,0.0071665500177159,0.004606023079851611,0.75
98.92961778400058,14.105425034522241,14.104682781180976,0.010517068175268299,-0.015278126407203881,0.0,0.0,0.0071665500177159,0.0071665500177159,0.0071665500177159,0.004606023079851611,0.75
98.99525326900039,14.105742077290348,14.104224780520266,0.009511283043171866,-0.013740019821329448,0.0,0.0,0.007128830342542143,0.007128830342542143,0.007128830342542143,0.004143608981417619,0.75
99.00039170499804,14.105742077290348,14.104224780520266,0.009511283043171866,-0.013740019821329448,0.0,0.0,0.007128830342542143,0.007128830342542143,0.007128830342542143,0.004143608981417619,0.75
99.09600431199942,14.106027912043352,14.103813776979745,0.008575042590144475,-0.012330106215635971,0.0,0.0,0.007133065151365829,0.007133065151365829,0.007133065151365829,0.003728626249382598,0.75
99.15328370899806,14.106027912043352,14.103813776979745,0.008575042590144475,-0.012330106215635971,0.0,0.0,0.007133065151365829,0.007133065151365829,0.007133065151365829,0.003728626249382598,0.75
99.17695437100338,14.106284975983087,14.103445472225296,0.007711918192061662,-0.01104914263347711,0.0,0.0,0.007167440405282164,0.007167440405282164,0.007167440405282164,0.003356742699121643,0.75
99.24607875599759,14.106515717614709,14.103115733118928,0.006922248948650465,-0.009892173191062874,0.0,0.0,0.007222352033999729,0.007222352033999729,0.007222352033999729,0.003023791166832325,0.75
99.26979735199711,14.106722520661954,14.10282069131185,0.006204091417354873,-0.008851254212356385,0.0,0.0,0.007290307505664658,0.007290307505664658,0.007290307505664658,0.0027258701627798326,0.75
99.31671942899993,14.10690765408076,14.102556787220134,0.005554002564181065,-0.007917122751454557,0.0,0.0,0.007365653113505914,0.007365653113505914,0.007365653113505914,0.0024593885455935537,0.75
99.34755651500018,14.10707324222899,14.102320780928121,0.004967644446915621,-0.007080188760388227,0.0,0.0,0.007444244739818135,0.007444244739818135,0.007444244739818135,0.0022210768441159627,0.75
99.37904597799934,14.107221249847672,14.102109744245961,0.004440228560474693,-0.006331100464807848,0.0,0.0,0.007523129012976001,0.007523129012976001,0.007523129012976001,0.0020079795269404227,0.75
99.47494431999803,14.107471563739827,14.101752313151085,0.0035425885199103133,-0.005061887897122429,0.0,0.0,0.007674299062309514,0.007674299062309514,0.007674299062309514,0.0016470634902107828,0.75
99.50625294900237,14.107576992387889,14.10160143920654,0.0031628594418568476,-0.004526218336368521,0.0,0.0,0.007744379973786119,0.007744379973786119,0.007744379973786119,0.0014947217703088138,0.75
99.55440822200035,14.107671101533333,14.101466527889817,0.0028232743633110303,-0.0040473395016821555,0.0,0.0,0.007810025786533507,0.007810025786533507,0.007810025786533507,0.0013585002914561295,0.75
99.58306393599923,14.107755094524974,14.101345886854949,0.002519789749205788,-0.0036192310460839866,0.0,0.0,0.007871016612713198,0.007871016612713198,0.007871016612713198,0.0012366899517498105,0.75
99.63686597099877,14.107830051159162,14.101238003596542,0.0022486990256726184,-0.003236497752207209,0.0,0.0,0.007927316952169477,0.007927316952169477,0.007927316952169477,0.0011277632096609474,0.75
99.68403596599819,14.107896938810637,14.101141526477015,0.002006629544236406,-0.0028943135857990633,0.0,0.0,0.007979017814033922,0.007979017814033922,0.007979017814033922,0.0010303549565974437,0.75
99.70125709599961,14.107896938810637,14.101141526477015,0.002006629544236406,-0.0028943135857990633,0.0,0.0,0.007979017814033922,0.007979017814033922,0.007979017814033922,0.0010303549565974437,0.75
99.73135196600197,14.107956623113973,14.101055247608928,0.001790529100103615,-0.002588366042621659,0.0,0.0,0.00802629421924943,0.00802629421924943,0.00802629421924943,0.0009432452507221725,0.75
99.76633838000271,14.108009877995963,14.100978087496099,0.0015976464597387279,-0.0023148033848613358,0.0,0.0,0.008069374242172968,0.008069374242172968,0.008069374242172968,0.0008653438184884292,0.75
99.79957758600358,14.10805739495942,14.100909081297088,0.0014255089036979182,-0.0020701859703255465,0.0,0.0,0.008108516654531443,0.008108516654531443,0.008108516654531443,0.0007956761889208413,0.75
99.83773693800322,14.10809979158462,14.100847366561108,0.0012718987559451115,-0.0018514420793636105,0.0,0.0,0.008143994953532428,0.008143994953532428,0.008143994953532428,0.0007333713111836817,0.75
99.87314062500081,14.10813761925619,14.100792172287534,0.001134830147119186,-0.001655828207221179,0.0,0.0,0.00817608611083964,0.00817608611083964,0.00817608611083964,0.0006776505065008148,0.75
99.90864935600257,14.108171370148288,14.100742809168628,0.0010125267628954243,-0.0014808935671876344,-0.0,0.0,0.008205062800571919,0.008205062800571919,0.008205062800571919,0.0006278176136125157,0.75
99.95360334699944,14.10820148351479,14.100698660886893,0.000903400995095314,-0.0013244484520469045,-0.0,0.0,0.008231188181438694,0.008231188181438694,0.008231188181438694,0.0005832501985245544,0.75
99.98675416000333,14.108228351337928,14.100659176351126,0.0008060346941598282,-0.0011845360730367619,-0.0,0.0,0.008254712545102513,0.008254712545102513,0.008254712545102513,0.0005433917118880456,0.75
100.0200993019971,14.10825232339065,14.10062386276766,0.0007191615816424766,-0.0010594075039795595,-0.0,0.0,0.008275871319489087,0.008275871319489087,0.008275871319489087,0.0005077444897419786,0.75
100.03880446899711,14.10825232339065,14.10062386276766,0.0007191615816424766,-0.0010594075039795595,-0.0,0.0,0.008275871319489087,0.008275871319489087,0.008275871319489087,0.0005077444897419786,0.75
100.1730290830019,14.108292794933417,14.100564032319234,0.0005724949879079061,-0.0008474140684137581,-0.0,0.0,0.008311954058153796,0.008311954058153796,0.008311954058153796,0.0004473507866131223,0.75
100.26470826700097,14.108325012683743,14.10051617406611,0.0004557401317102311,-0.0006778456529971146,-0.0,0.0,0.008340999451565016,0.008340999451565016,0.008340999451565016,0.0003990441720271822,0.75
100.31898929699673,14.10833856673242,14.100495965863987,0.00040662146033283844,-0.0006062460636924536,-0.0,0.0,0.00835330337586762,0.00835330337586762,0.00835330337586762,0.0003786473510005205,0.75
100.38976736900077,14.108361449812582,14.100461727623937,0.0003236955870743195,-0.0004849375104748195,-0.0,0.0,0.00837418863932765,0.00837418863932765,0.00837418863932765,0.000344090680691395,0.75
100.41638535699894,14.108371076767806,14.100447270458956,0.0002888086567011728,-0.00043371494943576864,-0.0,0.0,0.00838301718452059,0.00838301718452059,0.00838301718452059,0.0003294995567457213,0.75
