[INFO] [launch]: All log files can be found below /home/zrj/.ros/log/2026-10-02-05-34-48-736006-zrj-virtual-machine-47936
[INFO] [launch]: Default logging verbosity is set to INFO
[INFO] [sim_robot-2]: process started with pid [47949]
[INFO] [static_transform_publisher-1]: process started with pid [47947]
[INFO] [esdf_map_publisher-3]: process started with pid [47951]
[INFO] [planner_server-4]: process started with pid [47953]
[INFO] [controller_node-5]: process started with pid [47955]
[INFO] [sp_decision_node-6]: process started with pid [47957]
[INFO] [nav_interface_node-7]: process started with pid [47959]
[INFO] [rviz2-8]: process started with pid [47961]
[static_transform_publisher-1] [WARN] [1790933688.874217709] []: Old-style arguments are deprecated; see --help for new-style arguments
[static_transform_publisher-1] [INFO] [1790933688.972146072] [static_transform_publisher_ZQtmKDwNolBQUmHT]: Spinning until stopped - publishing transform
[static_transform_publisher-1] translation: ('0.000000', '0.150000', '0.000000')
[static_transform_publisher-1] rotation: ('0.000000', '0.000000', '0.000000', '1.000000')
[static_transform_publisher-1] from 'base_link' to 'livox_frame'
[nav_interface_node-7] [INFO] [1790933688.975554425] [nav_interface_node]: Loading plugin: nav_compute_path_service
[nav_interface_node-7] [INFO] [1790933688.977343051] [nav_interface_node]: Loading plugin: nav_state_track
[nav_interface_node-7] [INFO] [1790933688.978517741] [nav_interface_node]: Loading plugin: nav_rate_control
[nav_interface_node-7] [INFO] [1790933688.979672414] [nav_interface_node]: Loading plugin: nav_repeat_sequence
[nav_interface_node-7] [INFO] [1790933688.979995191] [nav_interface_node]: Loading plugin: nav_get_pose
[nav_interface_node-7] [INFO] [1790933688.981335613] [nav_interface_node]: Loading plugin: nav_set_control_enable
[nav_interface_node-7] [INFO] [1790933688.982373867] [nav_interface_node]: Initializing BT from: /home/zrj/nav_final_project/install/sp_nav_bt/share/sp_nav_bt/nav_bt/default_nav_with_fallback.xml
[planner_server-4] [INFO] [1790933689.021825858] [planner_server]: PlannerServer ready. costmap_topic=/global_costmap local_costmap_topic=/local_costmap/costmap path_topic=/global_path service=make_plan plugin=AStar (sp_global_planner/AStarPlanner)
[planner_server-4] [INFO] [1790933689.025943927] [planner_server]: AStarPlanner configured: lethal_cost=95 cost_weight=6.000
[planner_server-4] [INFO] [1790933689.026038755] [planner_server]: PlannerServer ready. costmap_topic=/global_costmap local_costmap_topic=/local_costmap/costmap path_topic=/global_path service=make_plan plugin=AStar (sp_global_planner/AStarPlanner)
[nav_interface_node-7] [INFO] [1790933689.038313510] [nav_interface_node]: Navigation Interface Node initialized.
[nav_interface_node-7] [INFO] [1790933689.044373532] [nav_interface_node]: Restart-task service ready at /nav_interface/restart_task
[controller_node-5] [INFO] [1790933689.072261925] [controller_server]: Smooth sampling configured: max_speed=1.25 m/s horizon=28 dt=0.070 s
[controller_node-5] [INFO] [1790933689.072511325] [controller_server]: Loaded controller plugin: SamplingController (SamplingController)
[sp_decision_node-6] [WARN] [1790933689.187658077] [rcl.logging_rosout]: Publisher already registered for provided node name. If this is due to multiple nodes with the same name then all logs for that logger name will go out over the existing publisher. As soon as any node with that name is destructed it will unregister the publisher, preventing any further logs for that name from being published on the rosout topic.
[sp_decision_node-6] [INFO] [1790933689.214712501] [sp_decision]: [BlackboardBridge] Initialized (goal_pose only).
[esdf_map_publisher-3] [INFO] [1790933689.334448929] [esdf_map_publisher]: Loaded map: /home/zrj/nav_final_project/install/sp_nav_bringup/share/sp_nav_bringup/map/maze_map.pgm  size=300x300  res=0.050 m/cell  origin=[0.000, 0.000, 0.000]  negate=0  unknown_as_obstacle=true
[sim_robot-2] pygame 2.1.2 (SDL 2.0.20, Python 3.10.12)
[sim_robot-2] Hello from the pygame community. https://www.pygame.org/contribute.html
[sp_decision_node-6] [INFO] [1790933689.422659931] [sp_decision]: [BtEngine] Loading plugin: nav_to_pose_bt_node
[sp_decision_node-6] [INFO] [1790933689.431925725] [sp_decision]: [BtEngine] Loading plugin: condition_judge_bt_node
[sp_decision_node-6] [INFO] [1790933689.511228135] [sp_decision]: [BtEngine] Loading plugin: wait_duration_bt_node
[sp_decision_node-6] [INFO] [1790933689.511967737] [sp_decision]: [BtEngine] Loading plugin: gimbal_control_bt_node
[sp_decision_node-6] [INFO] [1790933689.513209002] [sp_decision]: [BtEngine] Loading plugin: chassis_mode_bt_node
[sp_decision_node-6] [INFO] [1790933689.514468622] [sp_decision]: [BtEngine] Loading plugin: set_double_bt_node
[sp_decision_node-6] [INFO] [1790933689.514999691] [sp_decision]: [BtEngine] Initialising tree from: /home/zrj/nav_final_project/install/sp_decision/share/sp_decision/decision_trees/click_nav.xml
[sp_decision_node-6] [WARN] [1790933689.517208317] [rcl.logging_rosout]: Publisher already registered for provided node name. If this is due to multiple nodes with the same name then all logs for that logger name will go out over the existing publisher. As soon as any node with that name is destructed it will unregister the publisher, preventing any further logs for that name from being published on the rosout topic.
[sp_decision_node-6] [INFO] [1790933689.551021447] [sp_decision]: [NavToPose] BT node 'NavToPose' initialised (ros node: nav_to_pose_0).
[sp_decision_node-6] [INFO] [1790933689.553200698] [sp_decision]: [ChassisMode] BT node initialised.
[sp_decision_node-6] [INFO] [1790933689.554489813] [sp_decision]: [GimbalControl] BT node initialised.
[sp_decision_node-6] [INFO] [1790933689.554548163] [sp_decision]: [WaitDuration] BT node initialised.
[sp_decision_node-6] [INFO] [1790933689.554760152] [sp_decision]: [DecisionEngine] Started with tree: /home/zrj/nav_final_project/install/sp_decision/share/sp_decision/decision_trees/click_nav.xml
[sp_decision_node-6] [INFO] [1790933689.554844640] [sp_decision]: [DecisionEngine] Started: /home/zrj/nav_final_project/install/sp_decision/share/sp_decision/decision_trees/click_nav.xml
[sp_decision_node-6] [INFO] [1790933689.555543044] [ConditionJudge]: [ConditionJudge] Initialised: 2 variables, 3 conditions, 3 children.
[sp_decision_node-6] [INFO] [1790933689.555599781] [sp_decision]: [WaitDuration] duration < 0 – blocking forever (RUNNING).
[rviz2-8] [INFO] [1790933689.624734922] [rviz2]: Stereo is NOT SUPPORTED
[rviz2-8] [INFO] [1790933689.625197562] [rviz2]: OpenGl version: 4.3 (GLSL 4.3)
[rviz2-8] [INFO] [1790933689.693484837] [rviz2]: Stereo is NOT SUPPORTED
[rviz2-8] [INFO] [1790933690.589994179] [rviz2]: Trying to create a map of size 300 x 300 using 1 swatches
[rviz2-8] [ERROR] [1790933690.638338828] [rviz2]: Vertex Program:rviz/glsl120/indexed_8bit_image.vert Fragment Program:rviz/glsl120/indexed_8bit_image.frag GLSL link result : 
[rviz2-8] active samplers with a different type refer to the same texture image unit
[sim_robot-2] [0m[INFO] [1790933691.065379759] [sim_robot_node]: SimRobotNode ready | map=/home/zrj/nav_final_project/install/sp_nav_bringup/share/sp_nav_bringup/map/maze_map.pgm | robots=[1, 2, 3] | sim=30.0Hz pub=30.0Hz odom=30.0Hz[0m
[sim_robot-2] [0m[INFO] [1790933691.067428053] [sim_robot_node]: map->lidar_odom origin=(0.900, 0.900) | start: base_link ≡ lidar_odom[0m
[sim_robot-2] [0m[INFO] [1790933691.068347693] [sim_robot_node]: gimbal_topic=/gimbal/control scan_speed=1.0 rad/s | chassis_topic=/chassis/mode[0m
[sim_robot-2] [0m[INFO] [1790933691.069145825] [sim_robot_node]: local_costmap_topic=/local_costmap/costmap frame=map window=4.00x4.00m[0m
[rviz2-8] [INFO] [1790933704.367962383] [rviz2]: Trying to create a map of size 300 x 300 using 1 swatches
[planner_server-4] [INFO] [1790933708.073047668] [planner_server]: Received goal from /goal_pose: (14.100, 14.100) frame=map
[sp_decision_node-6] [INFO] [1790933708.073897225] [sp_decision]: [BlackboardBridge] New goal_pose  x=14.100  y=14.100
[sp_decision_node-6] [INFO] [1790933708.155031785] [ConditionJudge]: [ConditionJudge] Switching child 2 -> 0, halting previous.
[sp_decision_node-6] [INFO] [1790933708.155122174] [sp_decision]: [WaitDuration] Halted – timer cleared.
[sp_decision_node-6] [INFO] [1790933708.155212114] [sp_decision]: [DecisionEngine] SUCCEEDED – restarting
[sp_decision_node-6] [INFO] [1790933708.255207871] [sp_decision]: [NavToPose] Using blackboard PoseStamped  x=14.100  y=14.100  frame='map'
[sp_decision_node-6] [INFO] [1790933708.255494830] [sp_decision]: [NavToPose] Sending goal  x=14.100  y=14.100  frame='map'
[nav_interface_node-7] [INFO] [1790933708.256203705] [nav_interface_node]: Received goal request: Go to (14.10, 14.10)
[nav_interface_node-7] [INFO] [1790933708.256809394] [nav_interface_node]: BT goal_pose set to ORIGINAL action goal: (14.100, 14.100)
[nav_interface_node-7] [INFO] [1790933708.256974294] [nav_interface_node]: Executing Static BT for goal...
[nav_interface_node-7] [INFO] [1790933708.257014740] [nav_interface_node]: Running Behavior Tree...
[planner_server-4] [INFO] [1790933708.279396038] [planner_server]: Planning took 21 ms
[planner_server-4] [INFO] [1790933708.279858277] [planner_server]: Plan computed: 914 poses
[controller_node-5] [INFO] [1790933708.283484333] [controller_server]: Control enabled
[controller_node-5] [WARN] [1790933708.285623916] [controller_server]: path_copy succeeded.
[nav_interface_node-7] [INFO] [1790933708.287144866] [nav_interface_node]: [SetControlEnable] Control enabled
[nav_interface_node-7] [INFO] [1790933708.287223664] [nav_interface_node]: [NavStateTrack] Task started, monitoring navigation progress.
[nav_interface_node-7] [INFO] [1790933708.287242389] [nav_interface_node]: [NavStateTrack] onStart() entered.
[controller_node-5] [INFO] [1790933708.287171135] [controller_server]: Computed velocity commands: linear.x=-0.03, linear.y=0.02, angular.z=0.00
[planner_server-4] [INFO] [1790933708.407565128] [planner_server]: Planning took 19 ms
[planner_server-4] [INFO] [1790933708.407952446] [planner_server]: Plan computed: 914 poses
[sp_decision_node-6] [INFO] [1790933708.455978393] [sp_decision]: [NavToPose] Goal ACCEPTED – robot is navigating.
[planner_server-4] [INFO] [1790933708.535114885] [planner_server]: Planning took 17 ms
[planner_server-4] [INFO] [1790933708.535491974] [planner_server]: Plan computed: 914 poses
[planner_server-4] [INFO] [1790933708.655533645] [planner_server]: Planning took 17 ms
[planner_server-4] [INFO] [1790933708.655895485] [planner_server]: Plan computed: 914 poses
[planner_server-4] [INFO] [1790933708.776425965] [planner_server]: Planning took 17 ms
[planner_server-4] [INFO] [1790933708.777102968] [planner_server]: Plan computed: 913 poses
[planner_server-4] [INFO] [1790933708.905915017] [planner_server]: Planning took 17 ms
[planner_server-4] [INFO] [1790933708.906215923] [planner_server]: Plan computed: 913 poses
[planner_server-4] [INFO] [1790933709.036188081] [planner_server]: Planning took 17 ms
[planner_server-4] [INFO] [1790933709.037080469] [planner_server]: Plan computed: 913 poses
[planner_server-4] [INFO] [1790933709.167219002] [planner_server]: Planning took 17 ms
[planner_server-4] [INFO] [1790933709.167566946] [planner_server]: Plan computed: 913 poses
[planner_server-4] [INFO] [1790933709.296369047] [planner_server]: Planning took 17 ms
[planner_server-4] [INFO] [1790933709.296765753] [planner_server]: Plan computed: 912 poses
[planner_server-4] [INFO] [1790933709.428754435] [planner_server]: Planning took 19 ms
[planner_server-4] [INFO] [1790933709.429652443] [planner_server]: Plan computed: 911 poses
[planner_server-4] [INFO] [1790933709.555633400] [planner_server]: Planning took 17 ms
[planner_server-4] [INFO] [1790933709.556109695] [planner_server]: Plan computed: 911 poses
[planner_server-4] [INFO] [1790933709.686504521] [planner_server]: Planning took 18 ms
[planner_server-4] [INFO] [1790933709.687113366] [planner_server]: Plan computed: 910 poses
[planner_server-4] [INFO] [1790933709.818734512] [planner_server]: Planning took 18 ms
[planner_server-4] [INFO] [1790933709.819331915] [planner_server]: Plan computed: 908 poses
[planner_server-4] [INFO] [1790933709.947162154] [planner_server]: Planning took 18 ms
[planner_server-4] [INFO] [1790933709.947523804] [planner_server]: Plan computed: 907 poses
[planner_server-4] [INFO] [1790933710.079133887] [planner_server]: Planning took 20 ms
[planner_server-4] [INFO] [1790933710.079554839] [planner_server]: Plan computed: 906 poses
[planner_server-4] [INFO] [1790933710.205242404] [planner_server]: Planning took 17 ms
[planner_server-4] [INFO] [1790933710.205641674] [planner_server]: Plan computed: 904 poses
[controller_node-5] [WARN] [1790933710.286215212] [controller_server]: path_copy succeeded.
[controller_node-5] [INFO] [1790933710.287479178] [controller_server]: Computed velocity commands: linear.x=0.35, linear.y=0.68, angular.z=0.00
[planner_server-4] [INFO] [1790933710.338015548] [planner_server]: Planning took 19 ms
[planner_server-4] [INFO] [1790933710.339008184] [planner_server]: Plan computed: 902 poses
[planner_server-4] [INFO] [1790933710.465797783] [planner_server]: Planning took 17 ms
[planner_server-4] [INFO] [1790933710.466296130] [planner_server]: Plan computed: 901 poses
[planner_server-4] [INFO] [1790933710.586469531] [planner_server]: Planning took 17 ms
[planner_server-4] [INFO] [1790933710.586874933] [planner_server]: Plan computed: 899 poses
[planner_server-4] [INFO] [1790933710.716467339] [planner_server]: Planning took 18 ms
[planner_server-4] [INFO] [1790933710.717287990] [planner_server]: Plan computed: 897 poses
[planner_server-4] [INFO] [1790933710.848735924] [planner_server]: Planning took 18 ms
[planner_server-4] [INFO] [1790933710.849228620] [planner_server]: Plan computed: 895 poses
[planner_server-4] [INFO] [1790933710.976414575] [planner_server]: Planning took 18 ms
[planner_server-4] [INFO] [1790933710.976791824] [planner_server]: Plan computed: 894 poses
[planner_server-4] [INFO] [1790933711.107328678] [planner_server]: Planning took 18 ms
[planner_server-4] [INFO] [1790933711.107811466] [planner_server]: Plan computed: 892 poses
[planner_server-4] [INFO] [1790933711.237490776] [planner_server]: Planning took 18 ms
[planner_server-4] [INFO] [1790933711.238081396] [planner_server]: Plan computed: 891 poses
[planner_server-4] [INFO] [1790933711.368520234] [planner_server]: Planning took 20 ms
[planner_server-4] [INFO] [1790933711.369207035] [planner_server]: Plan computed: 889 poses
[planner_server-4] [INFO] [1790933711.496671522] [planner_server]: Planning took 18 ms
[planner_server-4] [INFO] [1790933711.497146765] [planner_server]: Plan computed: 889 poses
[planner_server-4] [INFO] [1790933711.628446520] [planner_server]: Planning took 19 ms
[planner_server-4] [INFO] [1790933711.629070734] [planner_server]: Plan computed: 886 poses
[planner_server-4] [INFO] [1790933711.756898053] [planner_server]: Planning took 17 ms
[planner_server-4] [INFO] [1790933711.757449049] [planner_server]: Plan computed: 886 poses
[planner_server-4] [INFO] [1790933711.886934375] [planner_server]: Planning took 18 ms
[planner_server-4] [INFO] [1790933711.887253444] [planner_server]: Plan computed: 885 poses
[planner_server-4] [INFO] [1790933712.016522532] [planner_server]: Planning took 17 ms
[planner_server-4] [INFO] [1790933712.017102762] [planner_server]: Plan computed: 884 poses
[planner_server-4] [INFO] [1790933712.147507015] [planner_server]: Planning took 18 ms
[planner_server-4] [INFO] [1790933712.147836384] [planner_server]: Plan computed: 883 poses
[planner_server-4] [INFO] [1790933712.275130500] [planner_server]: Planning took 17 ms
[planner_server-4] [INFO] [1790933712.275748031] [planner_server]: Plan computed: 882 poses
[controller_node-5] [WARN] [1790933712.306323985] [controller_server]: path_copy succeeded.
[controller_node-5] [INFO] [1790933712.307643826] [controller_server]: Computed velocity commands: linear.x=0.38, linear.y=0.69, angular.z=0.00
[planner_server-4] [INFO] [1790933712.396558420] [planner_server]: Planning took 18 ms
[planner_server-4] [INFO] [1790933712.397167655] [planner_server]: Plan computed: 881 poses
[planner_server-4] [INFO] [1790933712.529665733] [planner_server]: Planning took 18 ms
[planner_server-4] [INFO] [1790933712.530493670] [planner_server]: Plan computed: 880 poses
[planner_server-4] [INFO] [1790933712.656540506] [planner_server]: Planning took 17 ms
[planner_server-4] [INFO] [1790933712.657005560] [planner_server]: Plan computed: 878 poses
[planner_server-4] [INFO] [1790933712.788668582] [planner_server]: Planning took 20 ms
[planner_server-4] [INFO] [1790933712.789275402] [planner_server]: Plan computed: 877 poses
[planner_server-4] [INFO] [1790933712.915563640] [planner_server]: Planning took 17 ms
[planner_server-4] [INFO] [1790933712.915897688] [planner_server]: Plan computed: 876 poses
[planner_server-4] [INFO] [1790933713.046052148] [planner_server]: Planning took 18 ms
[planner_server-4] [INFO] [1790933713.046662184] [planner_server]: Plan computed: 875 poses
[planner_server-4] [INFO] [1790933713.176309865] [planner_server]: Planning took 17 ms
[planner_server-4] [INFO] [1790933713.177025921] [planner_server]: Plan computed: 874 poses
[planner_server-4] [INFO] [1790933713.305019452] [planner_server]: Planning took 16 ms
[planner_server-4] [INFO] [1790933713.305356025] [planner_server]: Plan computed: 873 poses
[planner_server-4] [INFO] [1790933713.425283474] [planner_server]: Planning took 17 ms
[planner_server-4] [INFO] [1790933713.425707441] [planner_server]: Plan computed: 871 poses
[planner_server-4] [INFO] [1790933713.554361965] [planner_server]: Planning took 16 ms
[planner_server-4] [INFO] [1790933713.554880319] [planner_server]: Plan computed: 870 poses
[planner_server-4] [INFO] [1790933713.679623311] [planner_server]: Planning took 20 ms
[planner_server-4] [INFO] [1790933713.680289554] [planner_server]: Plan computed: 869 poses
[planner_server-4] [INFO] [1790933713.805663812] [planner_server]: Planning took 17 ms
[planner_server-4] [INFO] [1790933713.806124768] [planner_server]: Plan computed: 868 poses
[planner_server-4] [INFO] [1790933713.937309408] [planner_server]: Planning took 18 ms
[planner_server-4] [INFO] [1790933713.937787637] [planner_server]: Plan computed: 868 poses
[planner_server-4] [INFO] [1790933714.068211060] [planner_server]: Planning took 17 ms
[planner_server-4] [INFO] [1790933714.068797682] [planner_server]: Plan computed: 867 poses
[planner_server-4] [INFO] [1790933714.195228702] [planner_server]: Planning took 17 ms
[planner_server-4] [INFO] [1790933714.195634044] [planner_server]: Plan computed: 866 poses
[planner_server-4] [INFO] [1790933714.315714146] [planner_server]: Planning took 17 ms
[planner_server-4] [INFO] [1790933714.316347947] [planner_server]: Plan computed: 865 poses
[controller_node-5] [WARN] [1790933714.325504888] [controller_server]: path_copy succeeded.
[controller_node-5] [INFO] [1790933714.327261981] [controller_server]: Computed velocity commands: linear.x=-0.21, linear.y=-0.84, angular.z=0.00
[planner_server-4] [INFO] [1790933714.438347152] [planner_server]: Planning took 19 ms
[planner_server-4] [INFO] [1790933714.438755470] [planner_server]: Plan computed: 864 poses
[planner_server-4] [INFO] [1790933714.566613256] [planner_server]: Planning took 16 ms
[planner_server-4] [INFO] [1790933714.567226989] [planner_server]: Plan computed: 863 poses
[planner_server-4] [INFO] [1790933714.695197759] [planner_server]: Planning took 16 ms
[planner_server-4] [INFO] [1790933714.695588563] [planner_server]: Plan computed: 862 poses
[planner_server-4] [INFO] [1790933714.815227613] [planner_server]: Planning took 16 ms
[planner_server-4] [INFO] [1790933714.815648694] [planner_server]: Plan computed: 861 poses
[planner_server-4] [INFO] [1790933714.936150985] [planner_server]: Planning took 17 ms
[planner_server-4] [INFO] [1790933714.936594479] [planner_server]: Plan computed: 860 poses
[planner_server-4] [INFO] [1790933715.057287940] [planner_server]: Planning took 18 ms
[planner_server-4] [INFO] [1790933715.057642556] [planner_server]: Plan computed: 859 poses
[planner_server-4] [INFO] [1790933715.188570278] [planner_server]: Planning took 17 ms
[planner_server-4] [INFO] [1790933715.189667840] [planner_server]: Plan computed: 857 poses
[planner_server-4] [INFO] [1790933715.315011992] [planner_server]: Planning took 16 ms
[planner_server-4] [INFO] [1790933715.315585490] [planner_server]: Plan computed: 855 poses
[planner_server-4] [INFO] [1790933715.437037978] [planner_server]: Planning took 16 ms
[planner_server-4] [INFO] [1790933715.437568525] [planner_server]: Plan computed: 853 poses
[planner_server-4] [INFO] [1790933715.565201028] [planner_server]: Planning took 16 ms
[planner_server-4] [INFO] [1790933715.565624423] [planner_server]: Plan computed: 851 poses
[planner_server-4] [INFO] [1790933715.686118159] [planner_server]: Planning took 17 ms
[planner_server-4] [INFO] [1790933715.686534662] [planner_server]: Plan computed: 849 poses
[planner_server-4] [INFO] [1790933715.805799708] [planner_server]: Planning took 17 ms
[planner_server-4] [INFO] [1790933715.806446915] [planner_server]: Plan computed: 847 poses
[planner_server-4] [INFO] [1790933715.927628128] [planner_server]: Planning took 17 ms
[planner_server-4] [INFO] [1790933715.928355174] [planner_server]: Plan computed: 845 poses
[planner_server-4] [INFO] [1790933716.054959911] [planner_server]: Planning took 16 ms
[planner_server-4] [INFO] [1790933716.055493053] [planner_server]: Plan computed: 844 poses
[planner_server-4] [INFO] [1790933716.187286637] [planner_server]: Planning took 18 ms
[planner_server-4] [INFO] [1790933716.187912533] [planner_server]: Plan computed: 843 poses
[planner_server-4] [INFO] [1790933716.315124862] [planner_server]: Planning took 16 ms
[planner_server-4] [INFO] [1790933716.315529542] [planner_server]: Plan computed: 841 poses
[controller_node-5] [WARN] [1790933716.325558100] [controller_server]: path_copy succeeded.
[controller_node-5] [INFO] [1790933716.327579038] [controller_server]: Computed velocity commands: linear.x=-0.71, linear.y=0.29, angular.z=0.00
[planner_server-4] [INFO] [1790933716.436687768] [planner_server]: Planning took 18 ms
[planner_server-4] [INFO] [1790933716.437260594] [planner_server]: Plan computed: 840 poses
[planner_server-4] [INFO] [1790933716.566081532] [planner_server]: Planning took 17 ms
[planner_server-4] [INFO] [1790933716.566671671] [planner_server]: Plan computed: 839 poses
[planner_server-4] [INFO] [1790933716.699320477] [planner_server]: Planning took 18 ms
[planner_server-4] [INFO] [1790933716.699957985] [planner_server]: Plan computed: 837 poses
[planner_server-4] [INFO] [1790933716.826121944] [planner_server]: Planning took 17 ms
[planner_server-4] [INFO] [1790933716.826574514] [planner_server]: Plan computed: 836 poses
[planner_server-4] [INFO] [1790933716.956472646] [planner_server]: Planning took 16 ms
[planner_server-4] [INFO] [1790933716.956907684] [planner_server]: Plan computed: 835 poses
[planner_server-4] [INFO] [1790933717.084749103] [planner_server]: Planning took 16 ms
[planner_server-4] [INFO] [1790933717.085270733] [planner_server]: Plan computed: 834 poses
[planner_server-4] [INFO] [1790933717.205144776] [planner_server]: Planning took 16 ms
[planner_server-4] [INFO] [1790933717.205469636] [planner_server]: Plan computed: 833 poses
[planner_server-4] [INFO] [1790933717.326466159] [planner_server]: Planning took 18 ms
[planner_server-4] [INFO] [1790933717.326897489] [planner_server]: Plan computed: 832 poses
[planner_server-4] [INFO] [1790933717.455730148] [planner_server]: Planning took 17 ms
[planner_server-4] [INFO] [1790933717.456306421] [planner_server]: Plan computed: 830 poses
[planner_server-4] [INFO] [1790933717.575766976] [planner_server]: Planning took 16 ms
[planner_server-4] [INFO] [1790933717.576533427] [planner_server]: Plan computed: 829 poses
[planner_server-4] [INFO] [1790933717.698629451] [planner_server]: Planning took 18 ms
[planner_server-4] [INFO] [1790933717.699008283] [planner_server]: Plan computed: 829 poses
[planner_server-4] [INFO] [1790933717.824833965] [planner_server]: Planning took 16 ms
[planner_server-4] [INFO] [1790933717.825162442] [planner_server]: Plan computed: 827 poses
[planner_server-4] [INFO] [1790933717.945893967] [planner_server]: Planning took 17 ms
[planner_server-4] [INFO] [1790933717.946332721] [planner_server]: Plan computed: 826 poses
[planner_server-4] [INFO] [1790933718.066370637] [planner_server]: Planning took 18 ms
[planner_server-4] [INFO] [1790933718.067082585] [planner_server]: Plan computed: 824 poses
[planner_server-4] [INFO] [1790933718.198165172] [planner_server]: Planning took 16 ms
[planner_server-4] [INFO] [1790933718.198597434] [planner_server]: Plan computed: 824 poses
[planner_server-4] [INFO] [1790933718.324848943] [planner_server]: Planning took 16 ms
[planner_server-4] [INFO] [1790933718.325426549] [planner_server]: Plan computed: 822 poses
[controller_node-5] [WARN] [1790933718.345933857] [controller_server]: path_copy succeeded.
[controller_node-5] [INFO] [1790933718.347350919] [controller_server]: Computed velocity commands: linear.x=0.52, linear.y=0.86, angular.z=0.00
[planner_server-4] [INFO] [1790933718.455487026] [planner_server]: Planning took 17 ms
[planner_server-4] [INFO] [1790933718.456213752] [planner_server]: Plan computed: 819 poses
[planner_server-4] [INFO] [1790933718.575922224] [planner_server]: Planning took 16 ms
[planner_server-4] [INFO] [1790933718.576799367] [planner_server]: Plan computed: 818 poses
[planner_server-4] [INFO] [1790933718.697570242] [planner_server]: Planning took 16 ms
[planner_server-4] [INFO] [1790933718.698153378] [planner_server]: Plan computed: 816 poses
[planner_server-4] [INFO] [1790933718.824647808] [planner_server]: Planning took 15 ms
[planner_server-4] [INFO] [1790933718.825162906] [planner_server]: Plan computed: 816 poses
[planner_server-4] [INFO] [1790933718.945241008] [planner_server]: Planning took 17 ms
[planner_server-4] [INFO] [1790933718.945683830] [planner_server]: Plan computed: 815 poses
[planner_server-4] [INFO] [1790933719.065762925] [planner_server]: Planning took 17 ms
[planner_server-4] [INFO] [1790933719.066295846] [planner_server]: Plan computed: 814 poses
[planner_server-4] [INFO] [1790933719.189235532] [planner_server]: Planning took 18 ms
[planner_server-4] [INFO] [1790933719.189646133] [planner_server]: Plan computed: 813 poses
[planner_server-4] [INFO] [1790933719.318173298] [planner_server]: Planning took 17 ms
[planner_server-4] [INFO] [1790933719.319802840] [planner_server]: Plan computed: 813 poses
[planner_server-4] [INFO] [1790933719.444570610] [planner_server]: Planning took 16 ms
[planner_server-4] [INFO] [1790933719.445332783] [planner_server]: Plan computed: 812 poses
[planner_server-4] [INFO] [1790933719.564820862] [planner_server]: Planning took 16 ms
[planner_server-4] [INFO] [1790933719.565542959] [planner_server]: Plan computed: 811 poses
[planner_server-4] [INFO] [1790933719.697254333] [planner_server]: Planning took 17 ms
[planner_server-4] [INFO] [1790933719.698480813] [planner_server]: Plan computed: 809 poses
[planner_server-4] [INFO] [1790933719.824520453] [planner_server]: Planning took 16 ms
[planner_server-4] [INFO] [1790933719.825088360] [planner_server]: Plan computed: 808 poses
[planner_server-4] [INFO] [1790933719.945280171] [planner_server]: Planning took 16 ms
[planner_server-4] [INFO] [1790933719.945874007] [planner_server]: Plan computed: 807 poses
[planner_server-4] [INFO] [1790933720.065885726] [planner_server]: Planning took 17 ms
[planner_server-4] [INFO] [1790933720.066590961] [planner_server]: Plan computed: 807 poses
[planner_server-4] [INFO] [1790933720.195902125] [planner_server]: Planning took 16 ms
[planner_server-4] [INFO] [1790933720.196521348] [planner_server]: Plan computed: 806 poses
[planner_server-4] [INFO] [1790933720.316046864] [planner_server]: Planning took 15 ms
[planner_server-4] [INFO] [1790933720.316820448] [planner_server]: Plan computed: 805 poses
[controller_node-5] [WARN] [1790933720.365649372] [controller_server]: path_copy succeeded.
[controller_node-5] [INFO] [1790933720.366721176] [controller_server]: Computed velocity commands: linear.x=-0.06, linear.y=-0.69, angular.z=0.00
[planner_server-4] [INFO] [1790933720.438502254] [planner_server]: Planning took 17 ms
[planner_server-4] [INFO] [1790933720.439119494] [planner_server]: Plan computed: 803 poses
[planner_server-4] [INFO] [1790933720.563695691] [planner_server]: Planning took 15 ms
[planner_server-4] [INFO] [1790933720.564198105] [planner_server]: Plan computed: 802 poses
[planner_server-4] [INFO] [1790933720.685309245] [planner_server]: Planning took 17 ms
[planner_server-4] [INFO] [1790933720.685835884] [planner_server]: Plan computed: 801 poses
[planner_server-4] [INFO] [1790933720.805504935] [planner_server]: Planning took 16 ms
[planner_server-4] [INFO] [1790933720.805989626] [planner_server]: Plan computed: 801 poses
[planner_server-4] [INFO] [1790933720.938350034] [planner_server]: Planning took 16 ms
[planner_server-4] [INFO] [1790933720.939375110] [planner_server]: Plan computed: 799 poses
[planner_server-4] [INFO] [1790933721.064567795] [planner_server]: Planning took 16 ms
[planner_server-4] [INFO] [1790933721.064928813] [planner_server]: Plan computed: 798 poses
[planner_server-4] [INFO] [1790933721.184332595] [planner_server]: Planning took 16 ms
[planner_server-4] [INFO] [1790933721.184784565] [planner_server]: Plan computed: 797 poses
[planner_server-4] [INFO] [1790933721.305052792] [planner_server]: Planning took 16 ms
[planner_server-4] [INFO] [1790933721.305378013] [planner_server]: Plan computed: 796 poses
[planner_server-4] [INFO] [1790933721.425026655] [planner_server]: Planning took 17 ms
[planner_server-4] [INFO] [1790933721.426756866] [planner_server]: Plan computed: 795 poses
[planner_server-4] [INFO] [1790933721.545547567] [planner_server]: Planning took 16 ms
[planner_server-4] [INFO] [1790933721.546160398] [planner_server]: Plan computed: 794 poses
[planner_server-4] [INFO] [1790933721.664721377] [planner_server]: Planning took 15 ms
[planner_server-4] [INFO] [1790933721.665208642] [planner_server]: Plan computed: 793 poses
[planner_server-4] [INFO] [1790933721.786120798] [planner_server]: Planning took 17 ms
[planner_server-4] [INFO] [1790933721.786464133] [planner_server]: Plan computed: 792 poses
[planner_server-4] [INFO] [1790933721.904500738] [planner_server]: Planning took 16 ms
[planner_server-4] [INFO] [1790933721.904838312] [planner_server]: Plan computed: 792 poses
[planner_server-4] [INFO] [1790933722.024052336] [planner_server]: Planning took 16 ms
[planner_server-4] [INFO] [1790933722.024422552] [planner_server]: Plan computed: 790 poses
[planner_server-4] [INFO] [1790933722.153710257] [planner_server]: Planning took 15 ms
[planner_server-4] [INFO] [1790933722.154213973] [planner_server]: Plan computed: 790 poses
[planner_server-4] [INFO] [1790933722.275799156] [planner_server]: Planning took 16 ms
[planner_server-4] [INFO] [1790933722.276551950] [planner_server]: Plan computed: 789 poses
[controller_node-5] [WARN] [1790933722.386878879] [controller_server]: path_copy succeeded.
[controller_node-5] [INFO] [1790933722.387940224] [controller_server]: Computed velocity commands: linear.x=0.19, linear.y=-0.58, angular.z=0.00
[planner_server-4] [INFO] [1790933722.404128491] [planner_server]: Planning took 16 ms
[planner_server-4] [INFO] [1790933722.404543210] [planner_server]: Plan computed: 789 poses
[planner_server-4] [INFO] [1790933722.530587058] [planner_server]: Planning took 17 ms
[planner_server-4] [INFO] [1790933722.531246076] [planner_server]: Plan computed: 788 poses
[planner_server-4] [INFO] [1790933722.659699526] [planner_server]: Planning took 21 ms
[planner_server-4] [INFO] [1790933722.660355579] [planner_server]: Plan computed: 788 poses
[planner_server-4] [INFO] [1790933722.789150525] [planner_server]: Planning took 21 ms
[planner_server-4] [INFO] [1790933722.789503408] [planner_server]: Plan computed: 786 poses
[planner_server-4] [INFO] [1790933722.915819853] [planner_server]: Planning took 17 ms
[planner_server-4] [INFO] [1790933722.916955893] [planner_server]: Plan computed: 785 poses
[planner_server-4] [INFO] [1790933723.045840917] [planner_server]: Planning took 17 ms
[planner_server-4] [INFO] [1790933723.046514042] [planner_server]: Plan computed: 784 poses
[planner_server-4] [INFO] [1790933723.175065609] [planner_server]: Planning took 16 ms
[planner_server-4] [INFO] [1790933723.176047443] [planner_server]: Plan computed: 783 poses
[planner_server-4] [INFO] [1790933723.296140903] [planner_server]: Planning took 16 ms
[planner_server-4] [INFO] [1790933723.296503424] [planner_server]: Plan computed: 782 poses
[planner_server-4] [INFO] [1790933723.426784346] [planner_server]: Planning took 18 ms
[planner_server-4] [INFO] [1790933723.427324100] [planner_server]: Plan computed: 781 poses
[planner_server-4] [INFO] [1790933723.555573274] [planner_server]: Planning took 15 ms
[planner_server-4] [INFO] [1790933723.555906119] [planner_server]: Plan computed: 781 poses
[planner_server-4] [INFO] [1790933723.683920762] [planner_server]: Planning took 15 ms
[planner_server-4] [INFO] [1790933723.684491033] [planner_server]: Plan computed: 780 poses
[planner_server-4] [INFO] [1790933723.804078313] [planner_server]: Planning took 16 ms
[planner_server-4] [INFO] [1790933723.804513400] [planner_server]: Plan computed: 778 poses
[planner_server-4] [INFO] [1790933723.923634694] [planner_server]: Planning took 15 ms
[planner_server-4] [INFO] [1790933723.924209924] [planner_server]: Plan computed: 778 poses
[planner_server-4] [INFO] [1790933724.044217861] [planner_server]: Planning took 16 ms
[planner_server-4] [INFO] [1790933724.044607323] [planner_server]: Plan computed: 777 poses
[planner_server-4] [INFO] [1790933724.164285964] [planner_server]: Planning took 15 ms
[planner_server-4] [INFO] [1790933724.164730409] [planner_server]: Plan computed: 777 poses
[planner_server-4] [INFO] [1790933724.283707293] [planner_server]: Planning took 15 ms
[planner_server-4] [INFO] [1790933724.284584561] [planner_server]: Plan computed: 776 poses
[planner_server-4] [INFO] [1790933724.404959191] [planner_server]: Planning took 16 ms
[planner_server-4] [INFO] [1790933724.405382927] [planner_server]: Plan computed: 775 poses
[controller_node-5] [WARN] [1790933724.406310500] [controller_server]: path_copy succeeded.
[controller_node-5] [INFO] [1790933724.407562322] [controller_server]: Computed velocity commands: linear.x=-0.47, linear.y=-0.64, angular.z=0.00
[planner_server-4] [INFO] [1790933724.524341025] [planner_server]: Planning took 15 ms
[planner_server-4] [INFO] [1790933724.524976058] [planner_server]: Plan computed: 774 poses
[planner_server-4] [INFO] [1790933724.645408892] [planner_server]: Planning took 16 ms
[planner_server-4] [INFO] [1790933724.645831496] [planner_server]: Plan computed: 772 poses
[planner_server-4] [INFO] [1790933724.766220658] [planner_server]: Planning took 16 ms
[planner_server-4] [INFO] [1790933724.766627583] [planner_server]: Plan computed: 771 poses
[planner_server-4] [INFO] [1790933724.894455525] [planner_server]: Planning took 16 ms
[planner_server-4] [INFO] [1790933724.894954062] [planner_server]: Plan computed: 770 poses
[planner_server-4] [INFO] [1790933725.013386687] [planner_server]: Planning took 15 ms
[planner_server-4] [INFO] [1790933725.013733078] [planner_server]: Plan computed: 769 poses
[planner_server-4] [INFO] [1790933725.133829831] [planner_server]: Planning took 15 ms
[planner_server-4] [INFO] [1790933725.134213812] [planner_server]: Plan computed: 768 poses
[planner_server-4] [INFO] [1790933725.254066519] [planner_server]: Planning took 16 ms
[planner_server-4] [INFO] [1790933725.254502428] [planner_server]: Plan computed: 767 poses
[planner_server-4] [INFO] [1790933725.374006535] [planner_server]: Planning took 15 ms
[planner_server-4] [INFO] [1790933725.374435131] [planner_server]: Plan computed: 765 poses
[planner_server-4] [INFO] [1790933725.495963348] [planner_server]: Planning took 15 ms
[planner_server-4] [INFO] [1790933725.496764734] [planner_server]: Plan computed: 763 poses
[planner_server-4] [INFO] [1790933725.615516275] [planner_server]: Planning took 16 ms
[planner_server-4] [INFO] [1790933725.616170263] [planner_server]: Plan computed: 762 poses
[planner_server-4] [INFO] [1790933725.735675610] [planner_server]: Planning took 17 ms
[planner_server-4] [INFO] [1790933725.736183825] [planner_server]: Plan computed: 760 poses
[planner_server-4] [INFO] [1790933725.854711666] [planner_server]: Planning took 15 ms
[planner_server-4] [INFO] [1790933725.855234118] [planner_server]: Plan computed: 760 poses
[planner_server-4] [INFO] [1790933725.976777344] [planner_server]: Planning took 16 ms
[planner_server-4] [INFO] [1790933725.977300026] [planner_server]: Plan computed: 759 poses
[planner_server-4] [INFO] [1790933726.097533183] [planner_server]: Planning took 16 ms
[planner_server-4] [INFO] [1790933726.097965235] [planner_server]: Plan computed: 758 poses
[planner_server-4] [INFO] [1790933726.223401936] [planner_server]: Planning took 15 ms
[planner_server-4] [INFO] [1790933726.224005951] [planner_server]: Plan computed: 757 poses
[planner_server-4] [INFO] [1790933726.343917092] [planner_server]: Planning took 15 ms
[planner_server-4] [INFO] [1790933726.344316923] [planner_server]: Plan computed: 756 poses
[controller_node-5] [WARN] [1790933726.425431258] [controller_server]: path_copy succeeded.
[controller_node-5] [INFO] [1790933726.426666839] [controller_server]: Computed velocity commands: linear.x=-0.87, linear.y=0.40, angular.z=0.00
[planner_server-4] [INFO] [1790933726.463536364] [planner_server]: Planning took 15 ms
[planner_server-4] [INFO] [1790933726.464041964] [planner_server]: Plan computed: 755 poses
[planner_server-4] [INFO] [1790933726.584240053] [planner_server]: Planning took 16 ms
[planner_server-4] [INFO] [1790933726.584618695] [planner_server]: Plan computed: 753 poses
[planner_server-4] [INFO] [1790933726.703974131] [planner_server]: Planning took 15 ms
[planner_server-4] [INFO] [1790933726.704327425] [planner_server]: Plan computed: 753 poses
[planner_server-4] [INFO] [1790933726.827408972] [planner_server]: Planning took 17 ms
[planner_server-4] [INFO] [1790933726.827906847] [planner_server]: Plan computed: 751 poses
[planner_server-4] [INFO] [1790933726.955913967] [planner_server]: Planning took 16 ms
[planner_server-4] [INFO] [1790933726.956344667] [planner_server]: Plan computed: 750 poses
[planner_server-4] [INFO] [1790933727.083944154] [planner_server]: Planning took 15 ms
[planner_server-4] [INFO] [1790933727.084501741] [planner_server]: Plan computed: 748 poses
[planner_server-4] [INFO] [1790933727.203238427] [planner_server]: Planning took 15 ms
[planner_server-4] [INFO] [1790933727.203637797] [planner_server]: Plan computed: 746 poses
[planner_server-4] [INFO] [1790933727.323666499] [planner_server]: Planning took 15 ms
[planner_server-4] [INFO] [1790933727.324137975] [planner_server]: Plan computed: 745 poses
[planner_server-4] [INFO] [1790933727.443540231] [planner_server]: Planning took 15 ms
[planner_server-4] [INFO] [1790933727.444200831] [planner_server]: Plan computed: 744 poses
[planner_server-4] [INFO] [1790933727.564432976] [planner_server]: Planning took 15 ms
[planner_server-4] [INFO] [1790933727.564869806] [planner_server]: Plan computed: 742 poses
[planner_server-4] [INFO] [1790933727.683785238] [planner_server]: Planning took 15 ms
[planner_server-4] [INFO] [1790933727.684367502] [planner_server]: Plan computed: 741 poses
[planner_server-4] [INFO] [1790933727.805838313] [planner_server]: Planning took 16 ms
[planner_server-4] [INFO] [1790933727.806267179] [planner_server]: Plan computed: 740 poses
[planner_server-4] [INFO] [1790933727.937765938] [planner_server]: Planning took 16 ms
[planner_server-4] [INFO] [1790933727.938436849] [planner_server]: Plan computed: 739 poses
[planner_server-4] [INFO] [1790933728.063843609] [planner_server]: Planning took 15 ms
[planner_server-4] [INFO] [1790933728.064311949] [planner_server]: Plan computed: 738 poses
[planner_server-4] [INFO] [1790933728.183555036] [planner_server]: Planning took 15 ms
[planner_server-4] [INFO] [1790933728.184119777] [planner_server]: Plan computed: 738 poses
[planner_server-4] [INFO] [1790933728.305372029] [planner_server]: Planning took 16 ms
[planner_server-4] [INFO] [1790933728.305885514] [planner_server]: Plan computed: 737 poses
[controller_node-5] [WARN] [1790933728.425447080] [controller_server]: path_copy succeeded.
[controller_node-5] [INFO] [1790933728.427143506] [controller_server]: Computed velocity commands: linear.x=-0.66, linear.y=0.46, angular.z=0.00
[planner_server-4] [INFO] [1790933728.435607807] [planner_server]: Planning took 17 ms
[planner_server-4] [INFO] [1790933728.436714456] [planner_server]: Plan computed: 735 poses
[planner_server-4] [INFO] [1790933728.555889195] [planner_server]: Planning took 15 ms
[planner_server-4] [INFO] [1790933728.556369888] [planner_server]: Plan computed: 734 poses
[planner_server-4] [INFO] [1790933728.674614698] [planner_server]: Planning took 15 ms
[planner_server-4] [INFO] [1790933728.675158399] [planner_server]: Plan computed: 734 poses
[planner_server-4] [INFO] [1790933728.794515413] [planner_server]: Planning took 16 ms
[planner_server-4] [INFO] [1790933728.795012487] [planner_server]: Plan computed: 732 poses
[planner_server-4] [INFO] [1790933728.913651360] [planner_server]: Planning took 15 ms
[planner_server-4] [INFO] [1790933728.914303325] [planner_server]: Plan computed: 731 poses
[planner_server-4] [INFO] [1790933729.034154912] [planner_server]: Planning took 15 ms
[planner_server-4] [INFO] [1790933729.034497185] [planner_server]: Plan computed: 731 poses
[planner_server-4] [INFO] [1790933729.153435943] [planner_server]: Planning took 15 ms
[planner_server-4] [INFO] [1790933729.153785880] [planner_server]: Plan computed: 730 poses
[planner_server-4] [INFO] [1790933729.274974097] [planner_server]: Planning took 16 ms
[planner_server-4] [INFO] [1790933729.275519883] [planner_server]: Plan computed: 729 poses
[planner_server-4] [INFO] [1790933729.405664885] [planner_server]: Planning took 15 ms
[planner_server-4] [INFO] [1790933729.406189941] [planner_server]: Plan computed: 728 poses
[planner_server-4] [INFO] [1790933729.523096722] [planner_server]: Planning took 15 ms
[planner_server-4] [INFO] [1790933729.523389111] [planner_server]: Plan computed: 727 poses
[planner_server-4] [INFO] [1790933729.646316871] [planner_server]: Planning took 17 ms
[planner_server-4] [INFO] [1790933729.646643615] [planner_server]: Plan computed: 725 poses
[planner_server-4] [INFO] [1790933729.764769004] [planner_server]: Planning took 15 ms
[planner_server-4] [INFO] [1790933729.765407333] [planner_server]: Plan computed: 725 poses
[planner_server-4] [INFO] [1790933729.883277062] [planner_server]: Planning took 14 ms
[planner_server-4] [INFO] [1790933729.883504950] [planner_server]: Plan computed: 723 poses
[planner_server-4] [INFO] [1790933730.004450927] [planner_server]: Planning took 15 ms
[planner_server-4] [INFO] [1790933730.004945366] [planner_server]: Plan computed: 721 poses
[planner_server-4] [INFO] [1790933730.124501493] [planner_server]: Planning took 15 ms
[planner_server-4] [INFO] [1790933730.124817998] [planner_server]: Plan computed: 720 poses
[planner_server-4] [INFO] [1790933730.244348778] [planner_server]: Planning took 15 ms
[planner_server-4] [INFO] [1790933730.244743789] [planner_server]: Plan computed: 719 poses
[planner_server-4] [INFO] [1790933730.363628306] [planner_server]: Planning took 15 ms
[planner_server-4] [INFO] [1790933730.364233343] [planner_server]: Plan computed: 718 poses
[controller_node-5] [WARN] [1790933730.425868756] [controller_server]: path_copy succeeded.
[controller_node-5] [INFO] [1790933730.427199215] [controller_server]: Computed velocity commands: linear.x=0.78, linear.y=0.87, angular.z=0.00
[planner_server-4] [INFO] [1790933730.486110949] [planner_server]: Planning took 16 ms
[planner_server-4] [INFO] [1790933730.486409890] [planner_server]: Plan computed: 717 poses
[planner_server-4] [INFO] [1790933730.613912407] [planner_server]: Planning took 15 ms
[planner_server-4] [INFO] [1790933730.614347875] [planner_server]: Plan computed: 716 poses
[planner_server-4] [INFO] [1790933730.735893560] [planner_server]: Planning took 16 ms
[planner_server-4] [INFO] [1790933730.736419107] [planner_server]: Plan computed: 716 poses
[planner_server-4] [INFO] [1790933730.863767751] [planner_server]: Planning took 15 ms
[planner_server-4] [INFO] [1790933730.864649062] [planner_server]: Plan computed: 715 poses
[planner_server-4] [INFO] [1790933730.982636648] [planner_server]: Planning took 14 ms
[planner_server-4] [INFO] [1790933730.983147728] [planner_server]: Plan computed: 714 poses
[planner_server-4] [INFO] [1790933731.104363356] [planner_server]: Planning took 15 ms
[planner_server-4] [INFO] [1790933731.104663560] [planner_server]: Plan computed: 713 poses
[planner_server-4] [INFO] [1790933731.223302746] [planner_server]: Planning took 15 ms
[planner_server-4] [INFO] [1790933731.223734678] [planner_server]: Plan computed: 712 poses
[planner_server-4] [INFO] [1790933731.343368382] [planner_server]: Planning took 15 ms
[planner_server-4] [INFO] [1790933731.344106689] [planner_server]: Plan computed: 710 poses
[planner_server-4] [INFO] [1790933731.463299310] [planner_server]: Planning took 15 ms
[planner_server-4] [INFO] [1790933731.463685265] [planner_server]: Plan computed: 709 poses
[planner_server-4] [INFO] [1790933731.583023269] [planner_server]: Planning took 15 ms
[planner_server-4] [INFO] [1790933731.583515494] [planner_server]: Plan computed: 708 poses
[planner_server-4] [INFO] [1790933731.703798418] [planner_server]: Planning took 15 ms
[planner_server-4] [INFO] [1790933731.704292285] [planner_server]: Plan computed: 708 poses
[planner_server-4] [INFO] [1790933731.823518044] [planner_server]: Planning took 14 ms
[planner_server-4] [INFO] [1790933731.823877159] [planner_server]: Plan computed: 707 poses
[planner_server-4] [INFO] [1790933731.943606658] [planner_server]: Planning took 14 ms
[planner_server-4] [INFO] [1790933731.944359813] [planner_server]: Plan computed: 705 poses
[planner_server-4] [INFO] [1790933732.063712610] [planner_server]: Planning took 15 ms
[planner_server-4] [INFO] [1790933732.064293822] [planner_server]: Plan computed: 704 poses
[planner_server-4] [INFO] [1790933732.186278112] [planner_server]: Planning took 15 ms
[planner_server-4] [INFO] [1790933732.186663416] [planner_server]: Plan computed: 702 poses
[planner_server-4] [INFO] [1790933732.315343302] [planner_server]: Planning took 15 ms
[planner_server-4] [INFO] [1790933732.315662893] [planner_server]: Plan computed: 702 poses
[controller_node-5] [WARN] [1790933732.425952048] [controller_server]: path_copy succeeded.
[controller_node-5] [INFO] [1790933732.427304458] [controller_server]: Computed velocity commands: linear.x=0.44, linear.y=-0.60, angular.z=0.00
[planner_server-4] [INFO] [1790933732.432962585] [planner_server]: Planning took 15 ms
[planner_server-4] [INFO] [1790933732.433632814] [planner_server]: Plan computed: 701 poses
[planner_server-4] [INFO] [1790933732.562956740] [planner_server]: Planning took 15 ms
[planner_server-4] [INFO] [1790933732.563300014] [planner_server]: Plan computed: 698 poses
[planner_server-4] [INFO] [1790933732.683725918] [planner_server]: Planning took 15 ms
[planner_server-4] [INFO] [1790933732.684276182] [planner_server]: Plan computed: 697 poses
[planner_server-4] [INFO] [1790933732.803386915] [planner_server]: Planning took 15 ms
[planner_server-4] [INFO] [1790933732.803987403] [planner_server]: Plan computed: 695 poses
[planner_server-4] [INFO] [1790933732.923091354] [planner_server]: Planning took 14 ms
[planner_server-4] [INFO] [1790933732.923541429] [planner_server]: Plan computed: 693 poses
[planner_server-4] [INFO] [1790933733.043366801] [planner_server]: Planning took 14 ms
[planner_server-4] [INFO] [1790933733.043744952] [planner_server]: Plan computed: 691 poses
[planner_server-4] [INFO] [1790933733.162643067] [planner_server]: Planning took 14 ms
[planner_server-4] [INFO] [1790933733.163177100] [planner_server]: Plan computed: 690 poses
[planner_server-4] [INFO] [1790933733.282398884] [planner_server]: Planning took 14 ms
[planner_server-4] [INFO] [1790933733.282645477] [planner_server]: Plan computed: 689 poses
[planner_server-4] [INFO] [1790933733.403238574] [planner_server]: Planning took 14 ms
[planner_server-4] [INFO] [1790933733.403617015] [planner_server]: Plan computed: 688 poses
[planner_server-4] [INFO] [1790933733.522677365] [planner_server]: Planning took 14 ms
[planner_server-4] [INFO] [1790933733.523198704] [planner_server]: Plan computed: 687 poses
[planner_server-4] [INFO] [1790933733.644308844] [planner_server]: Planning took 14 ms
[planner_server-4] [INFO] [1790933733.644655916] [planner_server]: Plan computed: 686 poses
[planner_server-4] [INFO] [1790933733.764359043] [planner_server]: Planning took 14 ms
[planner_server-4] [INFO] [1790933733.764763383] [planner_server]: Plan computed: 685 poses
[planner_server-4] [INFO] [1790933733.884997116] [planner_server]: Planning took 16 ms
[planner_server-4] [INFO] [1790933733.885468932] [planner_server]: Plan computed: 684 poses
[planner_server-4] [INFO] [1790933734.013362141] [planner_server]: Planning took 14 ms
[planner_server-4] [INFO] [1790933734.013878410] [planner_server]: Plan computed: 683 poses
[planner_server-4] [INFO] [1790933734.133647943] [planner_server]: Planning took 15 ms
[planner_server-4] [INFO] [1790933734.134012538] [planner_server]: Plan computed: 682 poses
[planner_server-4] [INFO] [1790933734.253839769] [planner_server]: Planning took 15 ms
[planner_server-4] [INFO] [1790933734.254403367] [planner_server]: Plan computed: 682 poses
[planner_server-4] [INFO] [1790933734.373335824] [planner_server]: Planning took 15 ms
[planner_server-4] [INFO] [1790933734.373941531] [planner_server]: Plan computed: 680 poses
[controller_node-5] [WARN] [1790933734.445617657] [controller_server]: path_copy succeeded.
[controller_node-5] [INFO] [1790933734.446811469] [controller_server]: Computed velocity commands: linear.x=0.68, linear.y=-0.94, angular.z=0.00
[planner_server-4] [INFO] [1790933734.493320576] [planner_server]: Planning took 15 ms
[planner_server-4] [INFO] [1790933734.493610260] [planner_server]: Plan computed: 680 poses
[planner_server-4] [INFO] [1790933734.613522732] [planner_server]: Planning took 14 ms
[planner_server-4] [INFO] [1790933734.614021839] [planner_server]: Plan computed: 679 poses
[planner_server-4] [INFO] [1790933734.733492000] [planner_server]: Planning took 14 ms
[planner_server-4] [INFO] [1790933734.733859991] [planner_server]: Plan computed: 676 poses
[planner_server-4] [INFO] [1790933734.854386646] [planner_server]: Planning took 16 ms
[planner_server-4] [INFO] [1790933734.854751842] [planner_server]: Plan computed: 675 poses
[planner_server-4] [INFO] [1790933734.972840578] [planner_server]: Planning took 14 ms
[planner_server-4] [INFO] [1790933734.973350306] [planner_server]: Plan computed: 674 poses
[planner_server-4] [INFO] [1790933735.093886211] [planner_server]: Planning took 14 ms
[planner_server-4] [INFO] [1790933735.094159805] [planner_server]: Plan computed: 672 poses
[planner_server-4] [INFO] [1790933735.214717627] [planner_server]: Planning took 14 ms
[planner_server-4] [INFO] [1790933735.215246480] [planner_server]: Plan computed: 671 poses
[planner_server-4] [INFO] [1790933735.333188224] [planner_server]: Planning took 15 ms
[planner_server-4] [INFO] [1790933735.333603333] [planner_server]: Plan computed: 668 poses
[planner_server-4] [INFO] [1790933735.453632095] [planner_server]: Planning took 14 ms
[planner_server-4] [INFO] [1790933735.453960331] [planner_server]: Plan computed: 666 poses
[planner_server-4] [INFO] [1790933735.575637768] [planner_server]: Planning took 15 ms
[planner_server-4] [INFO] [1790933735.576506059] [planner_server]: Plan computed: 664 poses
[planner_server-4] [INFO] [1790933735.702205960] [planner_server]: Planning took 14 ms
[planner_server-4] [INFO] [1790933735.702668509] [planner_server]: Plan computed: 662 poses
[planner_server-4] [INFO] [1790933735.823670608] [planner_server]: Planning took 14 ms
[planner_server-4] [INFO] [1790933735.824269062] [planner_server]: Plan computed: 662 poses
[planner_server-4] [INFO] [1790933735.943417856] [planner_server]: Planning took 15 ms
[planner_server-4] [INFO] [1790933735.943914158] [planner_server]: Plan computed: 661 poses
[planner_server-4] [INFO] [1790933736.063375383] [planner_server]: Planning took 14 ms
[planner_server-4] [INFO] [1790933736.063905328] [planner_server]: Plan computed: 659 poses
[planner_server-4] [INFO] [1790933736.184386330] [planner_server]: Planning took 14 ms
[planner_server-4] [INFO] [1790933736.184681024] [planner_server]: Plan computed: 658 poses
[planner_server-4] [INFO] [1790933736.303229476] [planner_server]: Planning took 14 ms
[planner_server-4] [INFO] [1790933736.303568002] [planner_server]: Plan computed: 656 poses
[planner_server-4] [INFO] [1790933736.422859479] [planner_server]: Planning took 14 ms
[planner_server-4] [INFO] [1790933736.423480776] [planner_server]: Plan computed: 655 poses
[controller_node-5] [WARN] [1790933736.465083972] [controller_server]: path_copy succeeded.
[controller_node-5] [INFO] [1790933736.466428768] [controller_server]: Computed velocity commands: linear.x=-0.61, linear.y=-0.55, angular.z=0.00
[planner_server-4] [INFO] [1790933736.542393252] [planner_server]: Planning took 14 ms
[planner_server-4] [INFO] [1790933736.542659562] [planner_server]: Plan computed: 654 poses
[planner_server-4] [INFO] [1790933736.662419138] [planner_server]: Planning took 14 ms
[planner_server-4] [INFO] [1790933736.662729020] [planner_server]: Plan computed: 653 poses
[planner_server-4] [INFO] [1790933736.783402684] [planner_server]: Planning took 14 ms
[planner_server-4] [INFO] [1790933736.783758863] [planner_server]: Plan computed: 652 poses
[planner_server-4] [INFO] [1790933736.904927967] [planner_server]: Planning took 13 ms
[planner_server-4] [INFO] [1790933736.905248879] [planner_server]: Plan computed: 651 poses
[planner_server-4] [INFO] [1790933737.023799474] [planner_server]: Planning took 14 ms
[planner_server-4] [INFO] [1790933737.024396565] [planner_server]: Plan computed: 649 poses
[planner_server-4] [INFO] [1790933737.146430834] [planner_server]: Planning took 14 ms
[planner_server-4] [INFO] [1790933737.146882392] [planner_server]: Plan computed: 648 poses
[planner_server-4] [INFO] [1790933737.273182201] [planner_server]: Planning took 14 ms
[planner_server-4] [INFO] [1790933737.273594495] [planner_server]: Plan computed: 646 poses
[planner_server-4] [INFO] [1790933737.392364606] [planner_server]: Planning took 14 ms
[planner_server-4] [INFO] [1790933737.393281628] [planner_server]: Plan computed: 645 poses
[planner_server-4] [INFO] [1790933737.512768674] [planner_server]: Planning took 14 ms
[planner_server-4] [INFO] [1790933737.513309920] [planner_server]: Plan computed: 645 poses
[planner_server-4] [INFO] [1790933737.634290736] [planner_server]: Planning took 14 ms
[planner_server-4] [INFO] [1790933737.634812085] [planner_server]: Plan computed: 643 poses
[planner_server-4] [INFO] [1790933737.753205743] [planner_server]: Planning took 14 ms
[planner_server-4] [INFO] [1790933737.753643685] [planner_server]: Plan computed: 642 poses
[planner_server-4] [INFO] [1790933737.872945052] [planner_server]: Planning took 14 ms
[planner_server-4] [INFO] [1790933737.873368788] [planner_server]: Plan computed: 641 poses
[planner_server-4] [INFO] [1790933737.995054252] [planner_server]: Planning took 14 ms
[planner_server-4] [INFO] [1790933737.995483058] [planner_server]: Plan computed: 640 poses
[planner_server-4] [INFO] [1790933738.112318146] [planner_server]: Planning took 14 ms
[planner_server-4] [INFO] [1790933738.112664586] [planner_server]: Plan computed: 638 poses
[planner_server-4] [INFO] [1790933738.234825324] [planner_server]: Planning took 15 ms
[planner_server-4] [INFO] [1790933738.235438656] [planner_server]: Plan computed: 638 poses
[planner_server-4] [INFO] [1790933738.356282030] [planner_server]: Planning took 15 ms
[planner_server-4] [INFO] [1790933738.356697651] [planner_server]: Plan computed: 637 poses
[planner_server-4] [INFO] [1790933738.483650276] [planner_server]: Planning took 15 ms
[planner_server-4] [INFO] [1790933738.484147570] [planner_server]: Plan computed: 637 poses
[controller_node-5] [WARN] [1790933738.484774778] [controller_server]: path_copy succeeded.
[controller_node-5] [INFO] [1790933738.486219931] [controller_server]: Computed velocity commands: linear.x=-0.34, linear.y=0.93, angular.z=0.00
[planner_server-4] [INFO] [1790933738.602362028] [planner_server]: Planning took 14 ms
[planner_server-4] [INFO] [1790933738.602651601] [planner_server]: Plan computed: 636 poses
[planner_server-4] [INFO] [1790933738.722653516] [planner_server]: Planning took 14 ms
[planner_server-4] [INFO] [1790933738.723292846] [planner_server]: Plan computed: 637 poses
[planner_server-4] [INFO] [1790933738.842647390] [planner_server]: Planning took 14 ms
[planner_server-4] [INFO] [1790933738.843336574] [planner_server]: Plan computed: 636 poses
[planner_server-4] [INFO] [1790933738.961804693] [planner_server]: Planning took 13 ms
[planner_server-4] [INFO] [1790933738.962648236] [planner_server]: Plan computed: 635 poses
[planner_server-4] [INFO] [1790933739.082472642] [planner_server]: Planning took 14 ms
[planner_server-4] [INFO] [1790933739.082830764] [planner_server]: Plan computed: 634 poses
[planner_server-4] [INFO] [1790933739.202488423] [planner_server]: Planning took 14 ms
[planner_server-4] [INFO] [1790933739.202897511] [planner_server]: Plan computed: 634 poses
[planner_server-4] [INFO] [1790933739.322685916] [planner_server]: Planning took 14 ms
[planner_server-4] [INFO] [1790933739.323209579] [planner_server]: Plan computed: 633 poses
[planner_server-4] [INFO] [1790933739.442302968] [planner_server]: Planning took 14 ms
[planner_server-4] [INFO] [1790933739.442629761] [planner_server]: Plan computed: 632 poses
[planner_server-4] [INFO] [1790933739.563824847] [planner_server]: Planning took 14 ms
[planner_server-4] [INFO] [1790933739.564309487] [planner_server]: Plan computed: 631 poses
[planner_server-4] [INFO] [1790933739.684732954] [planner_server]: Planning took 15 ms
[planner_server-4] [INFO] [1790933739.685172219] [planner_server]: Plan computed: 630 poses
[planner_server-4] [INFO] [1790933739.804151334] [planner_server]: Planning took 13 ms
[planner_server-4] [INFO] [1790933739.804731122] [planner_server]: Plan computed: 629 poses
[planner_server-4] [INFO] [1790933739.924791076] [planner_server]: Planning took 15 ms
[planner_server-4] [INFO] [1790933739.925369062] [planner_server]: Plan computed: 628 poses
[planner_server-4] [INFO] [1790933740.042843378] [planner_server]: Planning took 14 ms
[planner_server-4] [INFO] [1790933740.043345819] [planner_server]: Plan computed: 627 poses
[planner_server-4] [INFO] [1790933740.162350475] [planner_server]: Planning took 14 ms
[planner_server-4] [INFO] [1790933740.162757059] [planner_server]: Plan computed: 626 poses
[planner_server-4] [INFO] [1790933740.282972796] [planner_server]: Planning took 14 ms
[planner_server-4] [INFO] [1790933740.283391793] [planner_server]: Plan computed: 624 poses
[planner_server-4] [INFO] [1790933740.401645096] [planner_server]: Planning took 13 ms
[planner_server-4] [INFO] [1790933740.402157218] [planner_server]: Plan computed: 623 poses
[controller_node-5] [WARN] [1790933740.485230557] [controller_server]: path_copy succeeded.
[controller_node-5] [INFO] [1790933740.486800145] [controller_server]: Computed velocity commands: linear.x=0.37, linear.y=-0.13, angular.z=0.00
[planner_server-4] [INFO] [1790933740.524384163] [planner_server]: Planning took 14 ms
[planner_server-4] [INFO] [1790933740.524756752] [planner_server]: Plan computed: 621 poses
[planner_server-4] [INFO] [1790933740.642514465] [planner_server]: Planning took 14 ms
[planner_server-4] [INFO] [1790933740.643451394] [planner_server]: Plan computed: 620 poses
[planner_server-4] [INFO] [1790933740.762178186] [planner_server]: Planning took 13 ms
[planner_server-4] [INFO] [1790933740.762780137] [planner_server]: Plan computed: 618 poses
[planner_server-4] [INFO] [1790933740.883257150] [planner_server]: Planning took 14 ms
[planner_server-4] [INFO] [1790933740.883698929] [planner_server]: Plan computed: 617 poses
[planner_server-4] [INFO] [1790933741.001531788] [planner_server]: Planning took 13 ms
[planner_server-4] [INFO] [1790933741.001822534] [planner_server]: Plan computed: 615 poses
[planner_server-4] [INFO] [1790933741.122443143] [planner_server]: Planning took 13 ms
[planner_server-4] [INFO] [1790933741.123266659] [planner_server]: Plan computed: 615 poses
[planner_server-4] [INFO] [1790933741.243266663] [planner_server]: Planning took 13 ms
[planner_server-4] [INFO] [1790933741.243793683] [planner_server]: Plan computed: 614 poses
[planner_server-4] [INFO] [1790933741.363820818] [planner_server]: Planning took 13 ms
[planner_server-4] [INFO] [1790933741.364324634] [planner_server]: Plan computed: 613 poses
[planner_server-4] [INFO] [1790933741.480824696] [planner_server]: Planning took 12 ms
[planner_server-4] [INFO] [1790933741.481267627] [planner_server]: Plan computed: 612 poses
[planner_server-4] [INFO] [1790933741.602108491] [planner_server]: Planning took 14 ms
[planner_server-4] [INFO] [1790933741.602478836] [planner_server]: Plan computed: 611 poses
[planner_server-4] [INFO] [1790933741.722491084] [planner_server]: Planning took 13 ms
[planner_server-4] [INFO] [1790933741.723256651] [planner_server]: Plan computed: 610 poses
[planner_server-4] [INFO] [1790933741.842101477] [planner_server]: Planning took 13 ms
[planner_server-4] [INFO] [1790933741.842680564] [planner_server]: Plan computed: 609 poses
[planner_server-4] [INFO] [1790933741.960987118] [planner_server]: Planning took 12 ms
[planner_server-4] [INFO] [1790933741.961463743] [planner_server]: Plan computed: 609 poses
[planner_server-4] [INFO] [1790933742.081864615] [planner_server]: Planning took 13 ms
[planner_server-4] [INFO] [1790933742.082416761] [planner_server]: Plan computed: 608 poses
[planner_server-4] [INFO] [1790933742.201552043] [planner_server]: Planning took 13 ms
[planner_server-4] [INFO] [1790933742.202109279] [planner_server]: Plan computed: 608 poses
[planner_server-4] [INFO] [1790933742.322082905] [planner_server]: Planning took 14 ms
[planner_server-4] [INFO] [1790933742.322441729] [planner_server]: Plan computed: 607 poses
[planner_server-4] [INFO] [1790933742.443910492] [planner_server]: Planning took 14 ms
[planner_server-4] [INFO] [1790933742.444595318] [planner_server]: Plan computed: 606 poses
[controller_node-5] [WARN] [1790933742.485522176] [controller_server]: path_copy succeeded.
[controller_node-5] [INFO] [1790933742.487115948] [controller_server]: Computed velocity commands: linear.x=0.74, linear.y=0.09, angular.z=0.00
[planner_server-4] [INFO] [1790933742.562363808] [planner_server]: Planning took 14 ms
[planner_server-4] [INFO] [1790933742.563023918] [planner_server]: Plan computed: 605 poses
[planner_server-4] [INFO] [1790933742.684040176] [planner_server]: Planning took 13 ms
[planner_server-4] [INFO] [1790933742.685148738] [planner_server]: Plan computed: 605 poses
[planner_server-4] [INFO] [1790933742.814603599] [planner_server]: Planning took 14 ms
[planner_server-4] [INFO] [1790933742.814933248] [planner_server]: Plan computed: 603 poses
[planner_server-4] [INFO] [1790933742.932134524] [planner_server]: Planning took 13 ms
[planner_server-4] [INFO] [1790933742.932646535] [planner_server]: Plan computed: 602 poses
[planner_server-4] [INFO] [1790933743.053472668] [planner_server]: Planning took 13 ms
[planner_server-4] [INFO] [1790933743.053976163] [planner_server]: Plan computed: 601 poses
[planner_server-4] [INFO] [1790933743.172151184] [planner_server]: Planning took 13 ms
[planner_server-4] [INFO] [1790933743.172497775] [planner_server]: Plan computed: 600 poses
[planner_server-4] [INFO] [1790933743.291448361] [planner_server]: Planning took 13 ms
[planner_server-4] [INFO] [1790933743.291783741] [planner_server]: Plan computed: 598 poses
[planner_server-4] [INFO] [1790933743.412628311] [planner_server]: Planning took 13 ms
[planner_server-4] [INFO] [1790933743.414241622] [planner_server]: Plan computed: 597 poses
[planner_server-4] [INFO] [1790933743.532363302] [planner_server]: Planning took 14 ms
[planner_server-4] [INFO] [1790933743.532736834] [planner_server]: Plan computed: 596 poses
[planner_server-4] [INFO] [1790933743.651907633] [planner_server]: Planning took 13 ms
[planner_server-4] [INFO] [1790933743.652513971] [planner_server]: Plan computed: 595 poses
[planner_server-4] [INFO] [1790933743.771351997] [planner_server]: Planning took 13 ms
[planner_server-4] [INFO] [1790933743.771967392] [planner_server]: Plan computed: 594 poses
[planner_server-4] [INFO] [1790933743.891417787] [planner_server]: Planning took 13 ms
[planner_server-4] [INFO] [1790933743.891973571] [planner_server]: Plan computed: 593 poses
[planner_server-4] [INFO] [1790933744.012070679] [planner_server]: Planning took 13 ms
[planner_server-4] [INFO] [1790933744.012525072] [planner_server]: Plan computed: 592 poses
[planner_server-4] [INFO] [1790933744.131518149] [planner_server]: Planning took 13 ms
[planner_server-4] [INFO] [1790933744.132113707] [planner_server]: Plan computed: 591 poses
[planner_server-4] [INFO] [1790933744.252282272] [planner_server]: Planning took 14 ms
[planner_server-4] [INFO] [1790933744.252654020] [planner_server]: Plan computed: 589 poses
[planner_server-4] [INFO] [1790933744.372758003] [planner_server]: Planning took 14 ms
[planner_server-4] [INFO] [1790933744.373173503] [planner_server]: Plan computed: 589 poses
[planner_server-4] [INFO] [1790933744.492202128] [planner_server]: Planning took 13 ms
[planner_server-4] [INFO] [1790933744.492550842] [planner_server]: Plan computed: 588 poses
[controller_node-5] [WARN] [1790933744.504974962] [controller_server]: path_copy succeeded.
[controller_node-5] [INFO] [1790933744.506222113] [controller_server]: Computed velocity commands: linear.x=0.53, linear.y=0.02, angular.z=0.00
[planner_server-4] [INFO] [1790933744.612263180] [planner_server]: Planning took 13 ms
[planner_server-4] [INFO] [1790933744.612751828] [planner_server]: Plan computed: 587 poses
[planner_server-4] [INFO] [1790933744.732480436] [planner_server]: Planning took 13 ms
[planner_server-4] [INFO] [1790933744.732902859] [planner_server]: Plan computed: 586 poses
[planner_server-4] [INFO] [1790933744.852311106] [planner_server]: Planning took 13 ms
[planner_server-4] [INFO] [1790933744.852674980] [planner_server]: Plan computed: 585 poses
[planner_server-4] [INFO] [1790933744.972309221] [planner_server]: Planning took 12 ms
[planner_server-4] [INFO] [1790933744.972697700] [planner_server]: Plan computed: 584 poses
[planner_server-4] [INFO] [1790933745.093542086] [planner_server]: Planning took 14 ms
[planner_server-4] [INFO] [1790933745.093992522] [planner_server]: Plan computed: 583 poses
[planner_server-4] [INFO] [1790933745.214280630] [planner_server]: Planning took 14 ms
[planner_server-4] [INFO] [1790933745.214607744] [planner_server]: Plan computed: 582 poses
[planner_server-4] [INFO] [1790933745.334439519] [planner_server]: Planning took 15 ms
[planner_server-4] [INFO] [1790933745.334910013] [planner_server]: Plan computed: 581 poses
[planner_server-4] [INFO] [1790933745.452037499] [planner_server]: Planning took 13 ms
[planner_server-4] [INFO] [1790933745.452584887] [planner_server]: Plan computed: 580 poses
[planner_server-4] [INFO] [1790933745.572423533] [planner_server]: Planning took 14 ms
[planner_server-4] [INFO] [1790933745.572882344] [planner_server]: Plan computed: 579 poses
[planner_server-4] [INFO] [1790933745.692110345] [planner_server]: Planning took 14 ms
[planner_server-4] [INFO] [1790933745.692488124] [planner_server]: Plan computed: 578 poses
[planner_server-4] [INFO] [1790933745.812806660] [planner_server]: Planning took 14 ms
[planner_server-4] [INFO] [1790933745.813609297] [planner_server]: Plan computed: 577 poses
[planner_server-4] [INFO] [1790933745.933526015] [planner_server]: Planning took 14 ms
[planner_server-4] [INFO] [1790933745.933900709] [planner_server]: Plan computed: 576 poses
[planner_server-4] [INFO] [1790933746.051150987] [planner_server]: Planning took 13 ms
[planner_server-4] [INFO] [1790933746.051647289] [planner_server]: Plan computed: 574 poses
[planner_server-4] [INFO] [1790933746.171479254] [planner_server]: Planning took 13 ms
[planner_server-4] [INFO] [1790933746.171855059] [planner_server]: Plan computed: 573 poses
[planner_server-4] [INFO] [1790933746.292121701] [planner_server]: Planning took 13 ms
[planner_server-4] [INFO] [1790933746.292453644] [planner_server]: Plan computed: 572 poses
[planner_server-4] [INFO] [1790933746.411879617] [planner_server]: Planning took 13 ms
[planner_server-4] [INFO] [1790933746.412456990] [planner_server]: Plan computed: 571 poses
[controller_node-5] [WARN] [1790933746.525457271] [controller_server]: path_copy succeeded.
[controller_node-5] [INFO] [1790933746.526894459] [controller_server]: Computed velocity commands: linear.x=0.09, linear.y=-0.62, angular.z=0.00
[planner_server-4] [INFO] [1790933746.532806497] [planner_server]: Planning took 13 ms
[planner_server-4] [INFO] [1790933746.533389261] [planner_server]: Plan computed: 569 poses
[planner_server-4] [INFO] [1790933746.651110694] [planner_server]: Planning took 13 ms
[planner_server-4] [INFO] [1790933746.651414605] [planner_server]: Plan computed: 567 poses
[planner_server-4] [INFO] [1790933746.771880449] [planner_server]: Planning took 13 ms
[planner_server-4] [INFO] [1790933746.772369848] [planner_server]: Plan computed: 567 poses
[planner_server-4] [INFO] [1790933746.890583736] [planner_server]: Planning took 12 ms
[planner_server-4] [INFO] [1790933746.890808057] [planner_server]: Plan computed: 565 poses
[planner_server-4] [INFO] [1790933747.012788234] [planner_server]: Planning took 12 ms
[planner_server-4] [INFO] [1790933747.013135996] [planner_server]: Plan computed: 564 poses
[planner_server-4] [INFO] [1790933747.130584910] [planner_server]: Planning took 12 ms
[planner_server-4] [INFO] [1790933747.131081973] [planner_server]: Plan computed: 563 poses
[planner_server-4] [INFO] [1790933747.253670143] [planner_server]: Planning took 14 ms
[planner_server-4] [INFO] [1790933747.254167426] [planner_server]: Plan computed: 562 poses
[planner_server-4] [INFO] [1790933747.373181367] [planner_server]: Planning took 14 ms
[planner_server-4] [INFO] [1790933747.373638195] [planner_server]: Plan computed: 560 poses
[planner_server-4] [INFO] [1790933747.491131592] [planner_server]: Planning took 12 ms
[planner_server-4] [INFO] [1790933747.491525220] [planner_server]: Plan computed: 559 poses
[planner_server-4] [INFO] [1790933747.612240966] [planner_server]: Planning took 12 ms
[planner_server-4] [INFO] [1790933747.612641017] [planner_server]: Plan computed: 557 poses
[planner_server-4] [INFO] [1790933747.732861593] [planner_server]: Planning took 14 ms
[planner_server-4] [INFO] [1790933747.733226728] [planner_server]: Plan computed: 556 poses
[planner_server-4] [INFO] [1790933747.851184206] [planner_server]: Planning took 12 ms
[planner_server-4] [INFO] [1790933747.851662854] [planner_server]: Plan computed: 555 poses
[planner_server-4] [INFO] [1790933747.971121901] [planner_server]: Planning took 12 ms
[planner_server-4] [INFO] [1790933747.971447813] [planner_server]: Plan computed: 554 poses
[planner_server-4] [INFO] [1790933748.090544763] [planner_server]: Planning took 12 ms
[planner_server-4] [INFO] [1790933748.091158736] [planner_server]: Plan computed: 553 poses
[planner_server-4] [INFO] [1790933748.210769768] [planner_server]: Planning took 12 ms
[planner_server-4] [INFO] [1790933748.211251052] [planner_server]: Plan computed: 553 poses
[planner_server-4] [INFO] [1790933748.331902798] [planner_server]: Planning took 13 ms
[planner_server-4] [INFO] [1790933748.332610206] [planner_server]: Plan computed: 551 poses
[planner_server-4] [INFO] [1790933748.451035133] [planner_server]: Planning took 12 ms
[planner_server-4] [INFO] [1790933748.451353640] [planner_server]: Plan computed: 550 poses
[controller_node-5] [WARN] [1790933748.526141599] [controller_server]: path_copy succeeded.
[controller_node-5] [INFO] [1790933748.527565121] [controller_server]: Computed velocity commands: linear.x=-0.48, linear.y=-0.62, angular.z=0.00
[planner_server-4] [INFO] [1790933748.574336102] [planner_server]: Planning took 13 ms
[planner_server-4] [INFO] [1790933748.574748566] [planner_server]: Plan computed: 549 poses
[planner_server-4] [INFO] [1790933748.693106016] [planner_server]: Planning took 13 ms
[planner_server-4] [INFO] [1790933748.693546803] [planner_server]: Plan computed: 547 poses
[planner_server-4] [INFO] [1790933748.813060604] [planner_server]: Planning took 12 ms
[planner_server-4] [INFO] [1790933748.813372710] [planner_server]: Plan computed: 546 poses
[planner_server-4] [INFO] [1790933748.934154030] [planner_server]: Planning took 14 ms
[planner_server-4] [INFO] [1790933748.934493507] [planner_server]: Plan computed: 545 poses
[planner_server-4] [INFO] [1790933749.052839753] [planner_server]: Planning took 13 ms
[planner_server-4] [INFO] [1790933749.053199658] [planner_server]: Plan computed: 544 poses
[planner_server-4] [INFO] [1790933749.171120370] [planner_server]: Planning took 12 ms
[planner_server-4] [INFO] [1790933749.171489393] [planner_server]: Plan computed: 542 poses
[planner_server-4] [INFO] [1790933749.293124696] [planner_server]: Planning took 12 ms
[planner_server-4] [INFO] [1790933749.293420772] [planner_server]: Plan computed: 541 poses
[planner_server-4] [INFO] [1790933749.410221332] [planner_server]: Planning took 11 ms
[planner_server-4] [INFO] [1790933749.410615351] [planner_server]: Plan computed: 540 poses
[planner_server-4] [INFO] [1790933749.532150457] [planner_server]: Planning took 14 ms
[planner_server-4] [INFO] [1790933749.532567390] [planner_server]: Plan computed: 538 poses
[planner_server-4] [INFO] [1790933749.652148578] [planner_server]: Planning took 12 ms
[planner_server-4] [INFO] [1790933749.652485069] [planner_server]: Plan computed: 538 poses
[planner_server-4] [INFO] [1790933749.770546456] [planner_server]: Planning took 12 ms
[planner_server-4] [INFO] [1790933749.771019834] [planner_server]: Plan computed: 537 poses
[planner_server-4] [INFO] [1790933749.891017164] [planner_server]: Planning took 12 ms
[planner_server-4] [INFO] [1790933749.891266412] [planner_server]: Plan computed: 536 poses
[planner_server-4] [INFO] [1790933750.010701114] [planner_server]: Planning took 11 ms
[planner_server-4] [INFO] [1790933750.011254282] [planner_server]: Plan computed: 535 poses
[planner_server-4] [INFO] [1790933750.130345293] [planner_server]: Planning took 12 ms
[planner_server-4] [INFO] [1790933750.130709777] [planner_server]: Plan computed: 533 poses
[planner_server-4] [INFO] [1790933750.250227327] [planner_server]: Planning took 11 ms
[planner_server-4] [INFO] [1790933750.250492715] [planner_server]: Plan computed: 533 poses
[planner_server-4] [INFO] [1790933750.370079385] [planner_server]: Planning took 11 ms
[planner_server-4] [INFO] [1790933750.370721019] [planner_server]: Plan computed: 533 poses
[planner_server-4] [INFO] [1790933750.490962940] [planner_server]: Planning took 11 ms
[planner_server-4] [INFO] [1790933750.491261901] [planner_server]: Plan computed: 531 poses
[controller_node-5] [WARN] [1790933750.544858044] [controller_server]: path_copy succeeded.
[controller_node-5] [INFO] [1790933750.546135151] [controller_server]: Computed velocity commands: linear.x=-0.56, linear.y=-0.72, angular.z=0.00
[planner_server-4] [INFO] [1790933750.610655178] [planner_server]: Planning took 12 ms
[planner_server-4] [INFO] [1790933750.610946234] [planner_server]: Plan computed: 530 poses
[planner_server-4] [INFO] [1790933750.731948927] [planner_server]: Planning took 11 ms
[planner_server-4] [INFO] [1790933750.732317819] [planner_server]: Plan computed: 529 poses
[planner_server-4] [INFO] [1790933750.851565318] [planner_server]: Planning took 11 ms
[planner_server-4] [INFO] [1790933750.851902010] [planner_server]: Plan computed: 529 poses
[planner_server-4] [INFO] [1790933750.970207766] [planner_server]: Planning took 11 ms
[planner_server-4] [INFO] [1790933750.970761144] [planner_server]: Plan computed: 528 poses
[planner_server-4] [INFO] [1790933751.090557812] [planner_server]: Planning took 11 ms
[planner_server-4] [INFO] [1790933751.090922256] [planner_server]: Plan computed: 527 poses
[planner_server-4] [INFO] [1790933751.213218734] [planner_server]: Planning took 11 ms
[planner_server-4] [INFO] [1790933751.213468212] [planner_server]: Plan computed: 526 poses
[planner_server-4] [INFO] [1790933751.331246450] [planner_server]: Planning took 12 ms
[planner_server-4] [INFO] [1790933751.331539250] [planner_server]: Plan computed: 525 poses
[planner_server-4] [INFO] [1790933751.451238643] [planner_server]: Planning took 12 ms
[planner_server-4] [INFO] [1790933751.451654093] [planner_server]: Plan computed: 523 poses
[planner_server-4] [INFO] [1790933751.570353286] [planner_server]: Planning took 12 ms
[planner_server-4] [INFO] [1790933751.571050847] [planner_server]: Plan computed: 522 poses
[planner_server-4] [INFO] [1790933751.691352060] [planner_server]: Planning took 13 ms
[planner_server-4] [INFO] [1790933751.691730971] [planner_server]: Plan computed: 521 poses
[planner_server-4] [INFO] [1790933751.810378771] [planner_server]: Planning took 11 ms
[planner_server-4] [INFO] [1790933751.810681579] [planner_server]: Plan computed: 519 poses
[planner_server-4] [INFO] [1790933751.930534450] [planner_server]: Planning took 12 ms
[planner_server-4] [INFO] [1790933751.931158552] [planner_server]: Plan computed: 518 poses
[planner_server-4] [INFO] [1790933752.050011082] [planner_server]: Planning took 11 ms
[planner_server-4] [INFO] [1790933752.050368333] [planner_server]: Plan computed: 517 poses
[planner_server-4] [INFO] [1790933752.170039409] [planner_server]: Planning took 12 ms
[planner_server-4] [INFO] [1790933752.170398363] [planner_server]: Plan computed: 515 poses
[planner_server-4] [INFO] [1790933752.290729878] [planner_server]: Planning took 12 ms
[planner_server-4] [INFO] [1790933752.291206863] [planner_server]: Plan computed: 513 poses
[planner_server-4] [INFO] [1790933752.410561942] [planner_server]: Planning took 11 ms
[planner_server-4] [INFO] [1790933752.410875631] [planner_server]: Plan computed: 512 poses
[planner_server-4] [INFO] [1790933752.541272492] [planner_server]: Planning took 19 ms
[planner_server-4] [INFO] [1790933752.541876335] [planner_server]: Plan computed: 508 poses
[controller_node-5] [INFO] [1790933752.549985504] [controller_server]: Computed velocity commands: linear.x=-0.77, linear.y=0.30, angular.z=0.00
[controller_node-5] [WARN] [1790933752.564990925] [controller_server]: path_copy succeeded.
[planner_server-4] [INFO] [1790933752.660592724] [planner_server]: Planning took 12 ms
[planner_server-4] [INFO] [1790933752.661032941] [planner_server]: Plan computed: 506 poses
[planner_server-4] [INFO] [1790933752.780453291] [planner_server]: Planning took 12 ms
[planner_server-4] [INFO] [1790933752.781151612] [planner_server]: Plan computed: 505 poses
[planner_server-4] [INFO] [1790933752.899821183] [planner_server]: Planning took 10 ms
[planner_server-4] [INFO] [1790933752.900337943] [planner_server]: Plan computed: 504 poses
[planner_server-4] [INFO] [1790933753.020445958] [planner_server]: Planning took 12 ms
[planner_server-4] [INFO] [1790933753.020968138] [planner_server]: Plan computed: 501 poses
[planner_server-4] [INFO] [1790933753.140385009] [planner_server]: Planning took 11 ms
[planner_server-4] [INFO] [1790933753.140817200] [planner_server]: Plan computed: 499 poses
[planner_server-4] [INFO] [1790933753.262135730] [planner_server]: Planning took 13 ms
[planner_server-4] [INFO] [1790933753.262472793] [planner_server]: Plan computed: 498 poses
[planner_server-4] [INFO] [1790933753.380619590] [planner_server]: Planning took 11 ms
[planner_server-4] [INFO] [1790933753.380971490] [planner_server]: Plan computed: 496 poses
[planner_server-4] [INFO] [1790933753.500977648] [planner_server]: Planning took 10 ms
[planner_server-4] [INFO] [1790933753.501938376] [planner_server]: Plan computed: 495 poses
[planner_server-4] [INFO] [1790933753.620668453] [planner_server]: Planning took 11 ms
[planner_server-4] [INFO] [1790933753.620948789] [planner_server]: Plan computed: 493 poses
[planner_server-4] [INFO] [1790933753.739827544] [planner_server]: Planning took 11 ms
[planner_server-4] [INFO] [1790933753.740179375] [planner_server]: Plan computed: 492 poses
[planner_server-4] [INFO] [1790933753.859698362] [planner_server]: Planning took 11 ms
[planner_server-4] [INFO] [1790933753.860433402] [planner_server]: Plan computed: 491 poses
[planner_server-4] [INFO] [1790933753.979627930] [planner_server]: Planning took 10 ms
[planner_server-4] [INFO] [1790933753.980145121] [planner_server]: Plan computed: 489 poses
[planner_server-4] [INFO] [1790933754.099801760] [planner_server]: Planning took 10 ms
[planner_server-4] [INFO] [1790933754.100276331] [planner_server]: Plan computed: 488 poses
[planner_server-4] [INFO] [1790933754.219809526] [planner_server]: Planning took 11 ms
[planner_server-4] [INFO] [1790933754.220300236] [planner_server]: Plan computed: 487 poses
[planner_server-4] [INFO] [1790933754.339406281] [planner_server]: Planning took 10 ms
[planner_server-4] [INFO] [1790933754.339747060] [planner_server]: Plan computed: 487 poses
[planner_server-4] [INFO] [1790933754.459846879] [planner_server]: Planning took 11 ms
[planner_server-4] [INFO] [1790933754.460481661] [planner_server]: Plan computed: 487 poses
[controller_node-5] [WARN] [1790933754.565069350] [controller_server]: path_copy succeeded.
[controller_node-5] [INFO] [1790933754.566351325] [controller_server]: Computed velocity commands: linear.x=0.93, linear.y=0.44, angular.z=0.00
[planner_server-4] [INFO] [1790933754.581237069] [planner_server]: Planning took 12 ms
[planner_server-4] [INFO] [1790933754.581713062] [planner_server]: Plan computed: 486 poses
[planner_server-4] [INFO] [1790933754.699529306] [planner_server]: Planning took 11 ms
[planner_server-4] [INFO] [1790933754.699796497] [planner_server]: Plan computed: 486 poses
[planner_server-4] [INFO] [1790933754.820437847] [planner_server]: Planning took 11 ms
[planner_server-4] [INFO] [1790933754.820829131] [planner_server]: Plan computed: 485 poses
[planner_server-4] [INFO] [1790933754.938626464] [planner_server]: Planning took 10 ms
[planner_server-4] [INFO] [1790933754.938886242] [planner_server]: Plan computed: 483 poses
[planner_server-4] [INFO] [1790933755.059125608] [planner_server]: Planning took 10 ms
[planner_server-4] [INFO] [1790933755.059532101] [planner_server]: Plan computed: 483 poses
[planner_server-4] [INFO] [1790933755.181018424] [planner_server]: Planning took 10 ms
[planner_server-4] [INFO] [1790933755.181465743] [planner_server]: Plan computed: 482 poses
[planner_server-4] [INFO] [1790933755.303272587] [planner_server]: Planning took 11 ms
[planner_server-4] [INFO] [1790933755.303723633] [planner_server]: Plan computed: 480 poses
[planner_server-4] [INFO] [1790933755.420407022] [planner_server]: Planning took 10 ms
[planner_server-4] [INFO] [1790933755.421604379] [planner_server]: Plan computed: 479 poses
[planner_server-4] [INFO] [1790933755.540239682] [planner_server]: Planning took 10 ms
[planner_server-4] [INFO] [1790933755.540662736] [planner_server]: Plan computed: 478 poses
[planner_server-4] [INFO] [1790933755.659155831] [planner_server]: Planning took 10 ms
[planner_server-4] [INFO] [1790933755.659586590] [planner_server]: Plan computed: 477 poses
[planner_server-4] [INFO] [1790933755.779422405] [planner_server]: Planning took 11 ms
[planner_server-4] [INFO] [1790933755.779870145] [planner_server]: Plan computed: 476 poses
[planner_server-4] [INFO] [1790933755.900803089] [planner_server]: Planning took 12 ms
[planner_server-4] [INFO] [1790933755.901451315] [planner_server]: Plan computed: 476 poses
[planner_server-4] [INFO] [1790933756.020248778] [planner_server]: Planning took 12 ms
[planner_server-4] [INFO] [1790933756.020594487] [planner_server]: Plan computed: 475 poses
[planner_server-4] [INFO] [1790933756.140434634] [planner_server]: Planning took 11 ms
[planner_server-4] [INFO] [1790933756.140731641] [planner_server]: Plan computed: 475 poses
[planner_server-4] [INFO] [1790933756.259127826] [planner_server]: Planning took 10 ms
[planner_server-4] [INFO] [1790933756.259579333] [planner_server]: Plan computed: 474 poses
[planner_server-4] [INFO] [1790933756.379121849] [planner_server]: Planning took 10 ms
[planner_server-4] [INFO] [1790933756.379575169] [planner_server]: Plan computed: 473 poses
[planner_server-4] [INFO] [1790933756.498563907] [planner_server]: Planning took 10 ms
[planner_server-4] [INFO] [1790933756.498828824] [planner_server]: Plan computed: 472 poses
[controller_node-5] [WARN] [1790933756.584769517] [controller_server]: path_copy succeeded.
[controller_node-5] [INFO] [1790933756.585907152] [controller_server]: Computed velocity commands: linear.x=-0.03, linear.y=-1.18, angular.z=0.00
[planner_server-4] [INFO] [1790933756.619068388] [planner_server]: Planning took 10 ms
[planner_server-4] [INFO] [1790933756.619328105] [planner_server]: Plan computed: 471 poses
[planner_server-4] [INFO] [1790933756.739883381] [planner_server]: Planning took 10 ms
[planner_server-4] [INFO] [1790933756.740966213] [planner_server]: Plan computed: 469 poses
[planner_server-4] [INFO] [1790933756.860166077] [planner_server]: Planning took 10 ms
[planner_server-4] [INFO] [1790933756.860664893] [planner_server]: Plan computed: 467 poses
[planner_server-4] [INFO] [1790933756.980037319] [planner_server]: Planning took 10 ms
[planner_server-4] [INFO] [1790933756.980351219] [planner_server]: Plan computed: 465 poses
[planner_server-4] [INFO] [1790933757.099189476] [planner_server]: Planning took 10 ms
[planner_server-4] [INFO] [1790933757.099608402] [planner_server]: Plan computed: 463 poses
[planner_server-4] [INFO] [1790933757.220434294] [planner_server]: Planning took 11 ms
[planner_server-4] [INFO] [1790933757.220623789] [planner_server]: Plan computed: 462 poses
[planner_server-4] [INFO] [1790933757.338859881] [planner_server]: Planning took 10 ms
[planner_server-4] [INFO] [1790933757.339248610] [planner_server]: Plan computed: 460 poses
[planner_server-4] [INFO] [1790933757.458449697] [planner_server]: Planning took 10 ms
[planner_server-4] [INFO] [1790933757.459022101] [planner_server]: Plan computed: 458 poses
[planner_server-4] [INFO] [1790933757.580520078] [planner_server]: Planning took 12 ms
[planner_server-4] [INFO] [1790933757.581018834] [planner_server]: Plan computed: 458 poses
[planner_server-4] [INFO] [1790933757.698104702] [planner_server]: Planning took 10 ms
[planner_server-4] [INFO] [1790933757.698375430] [planner_server]: Plan computed: 456 poses
[planner_server-4] [INFO] [1790933757.819445635] [planner_server]: Planning took 11 ms
[planner_server-4] [INFO] [1790933757.820080947] [planner_server]: Plan computed: 454 poses
[planner_server-4] [INFO] [1790933757.939180934] [planner_server]: Planning took 10 ms
[planner_server-4] [INFO] [1790933757.939665714] [planner_server]: Plan computed: 452 poses
[planner_server-4] [INFO] [1790933758.060242973] [planner_server]: Planning took 10 ms
[planner_server-4] [INFO] [1790933758.060677318] [planner_server]: Plan computed: 451 poses
[planner_server-4] [INFO] [1790933758.180083066] [planner_server]: Planning took 10 ms
[planner_server-4] [INFO] [1790933758.180531307] [planner_server]: Plan computed: 450 poses
[planner_server-4] [INFO] [1790933758.298957346] [planner_server]: Planning took 10 ms
[planner_server-4] [INFO] [1790933758.299203718] [planner_server]: Plan computed: 449 poses
[planner_server-4] [INFO] [1790933758.418473320] [planner_server]: Planning took 10 ms
[planner_server-4] [INFO] [1790933758.418860537] [planner_server]: Plan computed: 447 poses
[planner_server-4] [INFO] [1790933758.538592972] [planner_server]: Planning took 10 ms
[planner_server-4] [INFO] [1790933758.539100985] [planner_server]: Plan computed: 446 poses
[controller_node-5] [WARN] [1790933758.604992549] [controller_server]: path_copy succeeded.
[controller_node-5] [INFO] [1790933758.606375874] [controller_server]: Computed velocity commands: linear.x=-0.94, linear.y=-0.19, angular.z=0.00
[planner_server-4] [INFO] [1790933758.661132053] [planner_server]: Planning took 10 ms
[planner_server-4] [INFO] [1790933758.661541121] [planner_server]: Plan computed: 444 poses
[planner_server-4] [INFO] [1790933758.778620789] [planner_server]: Planning took 10 ms
[planner_server-4] [INFO] [1790933758.779155703] [planner_server]: Plan computed: 442 poses
[planner_server-4] [INFO] [1790933758.901315079] [planner_server]: Planning took 12 ms
[planner_server-4] [INFO] [1790933758.901783017] [planner_server]: Plan computed: 442 poses
[planner_server-4] [INFO] [1790933759.020386982] [planner_server]: Planning took 10 ms
[planner_server-4] [INFO] [1790933759.020940811] [planner_server]: Plan computed: 441 poses
[planner_server-4] [INFO] [1790933759.141094569] [planner_server]: Planning took 10 ms
[planner_server-4] [INFO] [1790933759.141581071] [planner_server]: Plan computed: 438 poses
[planner_server-4] [INFO] [1790933759.259971596] [planner_server]: Planning took 11 ms
[planner_server-4] [INFO] [1790933759.260394159] [planner_server]: Plan computed: 437 poses
[planner_server-4] [INFO] [1790933759.381611302] [planner_server]: Planning took 10 ms
[planner_server-4] [INFO] [1790933759.382142058] [planner_server]: Plan computed: 436 poses
[planner_server-4] [INFO] [1790933759.498805888] [planner_server]: Planning took 10 ms
[planner_server-4] [INFO] [1790933759.499115709] [planner_server]: Plan computed: 434 poses
[planner_server-4] [INFO] [1790933759.620471723] [planner_server]: Planning took 10 ms
[planner_server-4] [INFO] [1790933759.621030932] [planner_server]: Plan computed: 433 poses
[planner_server-4] [INFO] [1790933759.738072886] [planner_server]: Planning took 10 ms
[planner_server-4] [INFO] [1790933759.738938580] [planner_server]: Plan computed: 432 poses
[planner_server-4] [INFO] [1790933759.858854658] [planner_server]: Planning took 10 ms
[planner_server-4] [INFO] [1790933759.859641955] [planner_server]: Plan computed: 431 poses
[planner_server-4] [INFO] [1790933759.980174500] [planner_server]: Planning took 11 ms
[planner_server-4] [INFO] [1790933759.980814682] [planner_server]: Plan computed: 430 poses
[planner_server-4] [INFO] [1790933760.101776250] [planner_server]: Planning took 11 ms
[planner_server-4] [INFO] [1790933760.102351138] [planner_server]: Plan computed: 429 poses
[planner_server-4] [INFO] [1790933760.219027543] [planner_server]: Planning took 11 ms
[planner_server-4] [INFO] [1790933760.219372079] [planner_server]: Plan computed: 429 poses
[planner_server-4] [INFO] [1790933760.339563208] [planner_server]: Planning took 10 ms
[planner_server-4] [INFO] [1790933760.339828696] [planner_server]: Plan computed: 428 poses
[planner_server-4] [INFO] [1790933760.459036771] [planner_server]: Planning took 9 ms
[planner_server-4] [INFO] [1790933760.459289856] [planner_server]: Plan computed: 427 poses
[planner_server-4] [INFO] [1790933760.579322077] [planner_server]: Planning took 10 ms
[planner_server-4] [INFO] [1790933760.579957890] [planner_server]: Plan computed: 426 poses
[controller_node-5] [WARN] [1790933760.624986431] [controller_server]: path_copy succeeded.
[controller_node-5] [INFO] [1790933760.626019690] [controller_server]: Computed velocity commands: linear.x=0.96, linear.y=0.64, angular.z=0.00
[planner_server-4] [INFO] [1790933760.700038472] [planner_server]: Planning took 10 ms
[planner_server-4] [INFO] [1790933760.700410119] [planner_server]: Plan computed: 426 poses
[planner_server-4] [INFO] [1790933760.822995097] [planner_server]: Planning took 11 ms
[planner_server-4] [INFO] [1790933760.823262839] [planner_server]: Plan computed: 424 poses
[planner_server-4] [INFO] [1790933760.938933544] [planner_server]: Planning took 10 ms
[planner_server-4] [INFO] [1790933760.939473687] [planner_server]: Plan computed: 423 poses
[planner_server-4] [INFO] [1790933761.057721561] [planner_server]: Planning took 9 ms
[planner_server-4] [INFO] [1790933761.058100392] [planner_server]: Plan computed: 422 poses
[planner_server-4] [INFO] [1790933761.178549156] [planner_server]: Planning took 10 ms
[planner_server-4] [INFO] [1790933761.178830634] [planner_server]: Plan computed: 421 poses
[planner_server-4] [INFO] [1790933761.300168477] [planner_server]: Planning took 11 ms
[planner_server-4] [INFO] [1790933761.300534664] [planner_server]: Plan computed: 420 poses
[planner_server-4] [INFO] [1790933761.418910470] [planner_server]: Planning took 10 ms
[planner_server-4] [INFO] [1790933761.419978283] [planner_server]: Plan computed: 419 poses
[planner_server-4] [INFO] [1790933761.539747151] [planner_server]: Planning took 9 ms
[planner_server-4] [INFO] [1790933761.540062082] [planner_server]: Plan computed: 417 poses
[planner_server-4] [INFO] [1790933761.657983635] [planner_server]: Planning took 10 ms
[planner_server-4] [INFO] [1790933761.658432818] [planner_server]: Plan computed: 415 poses
[planner_server-4] [INFO] [1790933761.778412733] [planner_server]: Planning took 10 ms
[planner_server-4] [INFO] [1790933761.778811100] [planner_server]: Plan computed: 414 poses
[planner_server-4] [INFO] [1790933761.898444234] [planner_server]: Planning took 9 ms
[planner_server-4] [INFO] [1790933761.898828595] [planner_server]: Plan computed: 412 poses
[planner_server-4] [INFO] [1790933762.017835984] [planner_server]: Planning took 9 ms
[planner_server-4] [INFO] [1790933762.018229583] [planner_server]: Plan computed: 411 poses
[planner_server-4] [INFO] [1790933762.140351206] [planner_server]: Planning took 10 ms
[planner_server-4] [INFO] [1790933762.140648183] [planner_server]: Plan computed: 409 poses
[planner_server-4] [INFO] [1790933762.260343335] [planner_server]: Planning took 9 ms
[planner_server-4] [INFO] [1790933762.260646063] [planner_server]: Plan computed: 408 poses
[planner_server-4] [INFO] [1790933762.379936706] [planner_server]: Planning took 9 ms
[planner_server-4] [INFO] [1790933762.380387902] [planner_server]: Plan computed: 407 poses
[planner_server-4] [INFO] [1790933762.498757267] [planner_server]: Planning took 10 ms
[planner_server-4] [INFO] [1790933762.499072468] [planner_server]: Plan computed: 406 poses
[planner_server-4] [INFO] [1790933762.620072328] [planner_server]: Planning took 12 ms
[planner_server-4] [INFO] [1790933762.620542189] [planner_server]: Plan computed: 403 poses
[controller_node-5] [WARN] [1790933762.644718705] [controller_server]: path_copy succeeded.
[controller_node-5] [INFO] [1790933762.645879944] [controller_server]: Computed velocity commands: linear.x=0.46, linear.y=-0.60, angular.z=0.00
[planner_server-4] [INFO] [1790933762.737624529] [planner_server]: Planning took 9 ms
[planner_server-4] [INFO] [1790933762.738246696] [planner_server]: Plan computed: 402 poses
[planner_server-4] [INFO] [1790933762.858497381] [planner_server]: Planning took 10 ms
[planner_server-4] [INFO] [1790933762.859131180] [planner_server]: Plan computed: 401 poses
[planner_server-4] [INFO] [1790933762.977899523] [planner_server]: Planning took 9 ms
[planner_server-4] [INFO] [1790933762.978369244] [planner_server]: Plan computed: 399 poses
[planner_server-4] [INFO] [1790933763.097268075] [planner_server]: Planning took 9 ms
[planner_server-4] [INFO] [1790933763.097589288] [planner_server]: Plan computed: 397 poses
[planner_server-4] [INFO] [1790933763.218513137] [planner_server]: Planning took 9 ms
[planner_server-4] [INFO] [1790933763.219576972] [planner_server]: Plan computed: 394 poses
[planner_server-4] [INFO] [1790933763.337368115] [planner_server]: Planning took 9 ms
[planner_server-4] [INFO] [1790933763.337838677] [planner_server]: Plan computed: 393 poses
[planner_server-4] [INFO] [1790933763.458861432] [planner_server]: Planning took 10 ms
[planner_server-4] [INFO] [1790933763.459287942] [planner_server]: Plan computed: 392 poses
[planner_server-4] [INFO] [1790933763.578152988] [planner_server]: Planning took 9 ms
[planner_server-4] [INFO] [1790933763.578523593] [planner_server]: Plan computed: 392 poses
[planner_server-4] [INFO] [1790933763.697650461] [planner_server]: Planning took 9 ms
[planner_server-4] [INFO] [1790933763.698053077] [planner_server]: Plan computed: 391 poses
[planner_server-4] [INFO] [1790933763.822134098] [planner_server]: Planning took 11 ms
[planner_server-4] [INFO] [1790933763.822626271] [planner_server]: Plan computed: 389 poses
[planner_server-4] [INFO] [1790933763.938220993] [planner_server]: Planning took 9 ms
[planner_server-4] [INFO] [1790933763.938529622] [planner_server]: Plan computed: 388 poses
[planner_server-4] [INFO] [1790933764.058270347] [planner_server]: Planning took 8 ms
[planner_server-4] [INFO] [1790933764.058620574] [planner_server]: Plan computed: 386 poses
[planner_server-4] [INFO] [1790933764.179181203] [planner_server]: Planning took 9 ms
[planner_server-4] [INFO] [1790933764.179445770] [planner_server]: Plan computed: 385 poses
[planner_server-4] [INFO] [1790933764.297793993] [planner_server]: Planning took 9 ms
[planner_server-4] [INFO] [1790933764.298317605] [planner_server]: Plan computed: 384 poses
[planner_server-4] [INFO] [1790933764.419160469] [planner_server]: Planning took 10 ms
[planner_server-4] [INFO] [1790933764.419942145] [planner_server]: Plan computed: 383 poses
[planner_server-4] [INFO] [1790933764.537688123] [planner_server]: Planning took 9 ms
[planner_server-4] [INFO] [1790933764.538417261] [planner_server]: Plan computed: 381 poses
[planner_server-4] [INFO] [1790933764.658787161] [planner_server]: Planning took 9 ms
[planner_server-4] [INFO] [1790933764.659246102] [planner_server]: Plan computed: 380 poses
[controller_node-5] [WARN] [1790933764.665684089] [controller_server]: path_copy succeeded.
[controller_node-5] [INFO] [1790933764.666757964] [controller_server]: Computed velocity commands: linear.x=-0.08, linear.y=-0.62, angular.z=0.00
[planner_server-4] [INFO] [1790933764.777576297] [planner_server]: Planning took 9 ms
[planner_server-4] [INFO] [1790933764.778046388] [planner_server]: Plan computed: 379 poses
[planner_server-4] [INFO] [1790933764.898879939] [planner_server]: Planning took 10 ms
[planner_server-4] [INFO] [1790933764.899366512] [planner_server]: Plan computed: 377 poses
[planner_server-4] [INFO] [1790933765.017310841] [planner_server]: Planning took 9 ms
[planner_server-4] [INFO] [1790933765.017971651] [planner_server]: Plan computed: 375 poses
[planner_server-4] [INFO] [1790933765.136732731] [planner_server]: Planning took 8 ms
[planner_server-4] [INFO] [1790933765.136992048] [planner_server]: Plan computed: 375 poses
[planner_server-4] [INFO] [1790933765.256436109] [planner_server]: Planning took 8 ms
[planner_server-4] [INFO] [1790933765.256795703] [planner_server]: Plan computed: 374 poses
[planner_server-4] [INFO] [1790933765.377832237] [planner_server]: Planning took 9 ms
[planner_server-4] [INFO] [1790933765.378251453] [planner_server]: Plan computed: 373 poses
[planner_server-4] [INFO] [1790933765.497066309] [planner_server]: Planning took 8 ms
[planner_server-4] [INFO] [1790933765.497380568] [planner_server]: Plan computed: 372 poses
[planner_server-4] [INFO] [1790933765.620026220] [planner_server]: Planning took 11 ms
[planner_server-4] [INFO] [1790933765.620483928] [planner_server]: Plan computed: 371 poses
[planner_server-4] [INFO] [1790933765.737491173] [planner_server]: Planning took 9 ms
[planner_server-4] [INFO] [1790933765.738220310] [planner_server]: Plan computed: 371 poses
[planner_server-4] [INFO] [1790933765.858804953] [planner_server]: Planning took 9 ms
[planner_server-4] [INFO] [1790933765.859402927] [planner_server]: Plan computed: 370 poses
[planner_server-4] [INFO] [1790933765.977836688] [planner_server]: Planning took 8 ms
[planner_server-4] [INFO] [1790933765.978176145] [planner_server]: Plan computed: 369 poses
[planner_server-4] [INFO] [1790933766.098335827] [planner_server]: Planning took 8 ms
[planner_server-4] [INFO] [1790933766.098580666] [planner_server]: Plan computed: 366 poses
[planner_server-4] [INFO] [1790933766.219358004] [planner_server]: Planning took 9 ms
[planner_server-4] [INFO] [1790933766.219634032] [planner_server]: Plan computed: 365 poses
[planner_server-4] [INFO] [1790933766.337192041] [planner_server]: Planning took 9 ms
[planner_server-4] [INFO] [1790933766.337546346] [planner_server]: Plan computed: 364 poses
[planner_server-4] [INFO] [1790933766.458310970] [planner_server]: Planning took 9 ms
[planner_server-4] [INFO] [1790933766.458889436] [planner_server]: Plan computed: 365 poses
[planner_server-4] [INFO] [1790933766.577098416] [planner_server]: Planning took 8 ms
[planner_server-4] [INFO] [1790933766.577548340] [planner_server]: Plan computed: 364 poses
[controller_node-5] [WARN] [1790933766.685531109] [controller_server]: path_copy succeeded.
[controller_node-5] [INFO] [1790933766.686878556] [controller_server]: Computed velocity commands: linear.x=-0.16, linear.y=-0.64, angular.z=0.00
[planner_server-4] [INFO] [1790933766.696502398] [planner_server]: Planning took 8 ms
[planner_server-4] [INFO] [1790933766.697081885] [planner_server]: Plan computed: 362 poses
[planner_server-4] [INFO] [1790933766.817335351] [planner_server]: Planning took 9 ms
[planner_server-4] [INFO] [1790933766.817821743] [planner_server]: Plan computed: 361 poses
[planner_server-4] [INFO] [1790933766.937083067] [planner_server]: Planning took 9 ms
[planner_server-4] [INFO] [1790933766.937532280] [planner_server]: Plan computed: 360 poses
[planner_server-4] [INFO] [1790933767.057890298] [planner_server]: Planning took 9 ms
[planner_server-4] [INFO] [1790933767.058382241] [planner_server]: Plan computed: 359 poses
[planner_server-4] [INFO] [1790933767.178454990] [planner_server]: Planning took 8 ms
[planner_server-4] [INFO] [1790933767.178735336] [planner_server]: Plan computed: 357 poses
[planner_server-4] [INFO] [1790933767.297720719] [planner_server]: Planning took 8 ms
[planner_server-4] [INFO] [1790933767.298151177] [planner_server]: Plan computed: 356 poses
[planner_server-4] [INFO] [1790933767.417915532] [planner_server]: Planning took 8 ms
[planner_server-4] [INFO] [1790933767.418940454] [planner_server]: Plan computed: 355 poses
[planner_server-4] [INFO] [1790933767.538518826] [planner_server]: Planning took 8 ms
[planner_server-4] [INFO] [1790933767.538892296] [planner_server]: Plan computed: 354 poses
[planner_server-4] [INFO] [1790933767.659940775] [planner_server]: Planning took 8 ms
[planner_server-4] [INFO] [1790933767.660477362] [planner_server]: Plan computed: 353 poses
[planner_server-4] [INFO] [1790933767.778679241] [planner_server]: Planning took 9 ms
[planner_server-4] [INFO] [1790933767.778978092] [planner_server]: Plan computed: 352 poses
[planner_server-4] [INFO] [1790933767.897188848] [planner_server]: Planning took 8 ms
[planner_server-4] [INFO] [1790933767.897582276] [planner_server]: Plan computed: 352 poses
[planner_server-4] [INFO] [1790933768.017977498] [planner_server]: Planning took 9 ms
[planner_server-4] [INFO] [1790933768.018415139] [planner_server]: Plan computed: 351 poses
[planner_server-4] [INFO] [1790933768.139941683] [planner_server]: Planning took 8 ms
[planner_server-4] [INFO] [1790933768.140296479] [planner_server]: Plan computed: 351 poses
[planner_server-4] [INFO] [1790933768.256462924] [planner_server]: Planning took 8 ms
[planner_server-4] [INFO] [1790933768.256812650] [planner_server]: Plan computed: 350 poses
[planner_server-4] [INFO] [1790933768.369446368] [planner_server]: Planning took 9 ms
[planner_server-4] [INFO] [1790933768.369911620] [planner_server]: Plan computed: 349 poses
[planner_server-4] [INFO] [1790933768.487546929] [planner_server]: Planning took 8 ms
[planner_server-4] [INFO] [1790933768.487830390] [planner_server]: Plan computed: 348 poses
[planner_server-4] [INFO] [1790933768.607438078] [planner_server]: Planning took 8 ms
[planner_server-4] [INFO] [1790933768.607680853] [planner_server]: Plan computed: 346 poses
[controller_node-5] [WARN] [1790933768.704809178] [controller_server]: path_copy succeeded.
[controller_node-5] [INFO] [1790933768.706024137] [controller_server]: Computed velocity commands: linear.x=0.06, linear.y=0.82, angular.z=0.00
[planner_server-4] [INFO] [1790933768.718306329] [planner_server]: Planning took 8 ms
[planner_server-4] [INFO] [1790933768.718675481] [planner_server]: Plan computed: 346 poses
[planner_server-4] [INFO] [1790933768.837848818] [planner_server]: Planning took 7 ms
[planner_server-4] [INFO] [1790933768.838220014] [planner_server]: Plan computed: 346 poses
[planner_server-4] [INFO] [1790933768.957959788] [planner_server]: Planning took 8 ms
[planner_server-4] [INFO] [1790933768.958531330] [planner_server]: Plan computed: 344 poses
[planner_server-4] [INFO] [1790933769.076578738] [planner_server]: Planning took 7 ms
[planner_server-4] [INFO] [1790933769.076903117] [planner_server]: Plan computed: 343 poses
[planner_server-4] [INFO] [1790933769.198609282] [planner_server]: Planning took 8 ms
[planner_server-4] [INFO] [1790933769.199411908] [planner_server]: Plan computed: 342 poses
[planner_server-4] [INFO] [1790933769.317447058] [planner_server]: Planning took 8 ms
[planner_server-4] [INFO] [1790933769.317823134] [planner_server]: Plan computed: 341 poses
[planner_server-4] [INFO] [1790933769.427929182] [planner_server]: Planning took 7 ms
[planner_server-4] [INFO] [1790933769.428129678] [planner_server]: Plan computed: 340 poses
[planner_server-4] [INFO] [1790933769.545967338] [planner_server]: Planning took 7 ms
[planner_server-4] [INFO] [1790933769.546217788] [planner_server]: Plan computed: 340 poses
[planner_server-4] [INFO] [1790933769.655480806] [planner_server]: Planning took 7 ms
[planner_server-4] [INFO] [1790933769.655945547] [planner_server]: Plan computed: 339 poses
[planner_server-4] [INFO] [1790933769.776491877] [planner_server]: Planning took 8 ms
[planner_server-4] [INFO] [1790933769.776738099] [planner_server]: Plan computed: 338 poses
[planner_server-4] [INFO] [1790933769.886247721] [planner_server]: Planning took 7 ms
[planner_server-4] [INFO] [1790933769.886595613] [planner_server]: Plan computed: 336 poses
[planner_server-4] [INFO] [1790933769.997135815] [planner_server]: Planning took 7 ms
[planner_server-4] [INFO] [1790933769.997484740] [planner_server]: Plan computed: 334 poses
[planner_server-4] [INFO] [1790933770.115864739] [planner_server]: Planning took 7 ms
[planner_server-4] [INFO] [1790933770.116150425] [planner_server]: Plan computed: 333 poses
[planner_server-4] [INFO] [1790933770.226413240] [planner_server]: Planning took 7 ms
[planner_server-4] [INFO] [1790933770.226743149] [planner_server]: Plan computed: 331 poses
[planner_server-4] [INFO] [1790933770.336244937] [planner_server]: Planning took 7 ms
[planner_server-4] [INFO] [1790933770.336524000] [planner_server]: Plan computed: 331 poses
[planner_server-4] [INFO] [1790933770.457299702] [planner_server]: Planning took 7 ms
[planner_server-4] [INFO] [1790933770.457676358] [planner_server]: Plan computed: 329 poses
[planner_server-4] [INFO] [1790933770.577321850] [planner_server]: Planning took 8 ms
[planner_server-4] [INFO] [1790933770.577736818] [planner_server]: Plan computed: 327 poses
[planner_server-4] [INFO] [1790933770.695306878] [planner_server]: Planning took 7 ms
[planner_server-4] [INFO] [1790933770.695623782] [planner_server]: Plan computed: 325 poses
[controller_node-5] [WARN] [1790933770.724396660] [controller_server]: path_copy succeeded.
[controller_node-5] [INFO] [1790933770.725820360] [controller_server]: Computed velocity commands: linear.x=0.76, linear.y=0.08, angular.z=0.00
[planner_server-4] [INFO] [1790933770.805393502] [planner_server]: Planning took 7 ms
[planner_server-4] [INFO] [1790933770.805921021] [planner_server]: Plan computed: 323 poses
[planner_server-4] [INFO] [1790933770.916239301] [planner_server]: Planning took 7 ms
[planner_server-4] [INFO] [1790933770.916508476] [planner_server]: Plan computed: 322 poses
[planner_server-4] [INFO] [1790933771.026155695] [planner_server]: Planning took 7 ms
[planner_server-4] [INFO] [1790933771.026533083] [planner_server]: Plan computed: 321 poses
[planner_server-4] [INFO] [1790933771.137028376] [planner_server]: Planning took 7 ms
[planner_server-4] [INFO] [1790933771.137233311] [planner_server]: Plan computed: 319 poses
[planner_server-4] [INFO] [1790933771.255348756] [planner_server]: Planning took 6 ms
[planner_server-4] [INFO] [1790933771.255670109] [planner_server]: Plan computed: 317 poses
[planner_server-4] [INFO] [1790933771.366748146] [planner_server]: Planning took 7 ms
[planner_server-4] [INFO] [1790933771.367228997] [planner_server]: Plan computed: 316 poses
[planner_server-4] [INFO] [1790933771.485782153] [planner_server]: Planning took 7 ms
[planner_server-4] [INFO] [1790933771.486320312] [planner_server]: Plan computed: 314 poses
[planner_server-4] [INFO] [1790933771.607365491] [planner_server]: Planning took 7 ms
[planner_server-4] [INFO] [1790933771.607700720] [planner_server]: Plan computed: 313 poses
[planner_server-4] [INFO] [1790933771.726701845] [planner_server]: Planning took 7 ms
[planner_server-4] [INFO] [1790933771.726944711] [planner_server]: Plan computed: 313 poses
[planner_server-4] [INFO] [1790933771.836632317] [planner_server]: Planning took 8 ms
[planner_server-4] [INFO] [1790933771.837072443] [planner_server]: Plan computed: 311 poses
[planner_server-4] [INFO] [1790933771.956310865] [planner_server]: Planning took 6 ms
[planner_server-4] [INFO] [1790933771.956672694] [planner_server]: Plan computed: 310 poses
[planner_server-4] [INFO] [1790933772.077695726] [planner_server]: Planning took 6 ms
[planner_server-4] [INFO] [1790933772.078220139] [planner_server]: Plan computed: 308 poses
[planner_server-4] [INFO] [1790933772.197761670] [planner_server]: Planning took 6 ms
[planner_server-4] [INFO] [1790933772.198004225] [planner_server]: Plan computed: 307 poses
[planner_server-4] [INFO] [1790933772.319080875] [planner_server]: Planning took 7 ms
[planner_server-4] [INFO] [1790933772.319464234] [planner_server]: Plan computed: 306 poses
[planner_server-4] [INFO] [1790933772.435387379] [planner_server]: Planning took 7 ms
[planner_server-4] [INFO] [1790933772.435693062] [planner_server]: Plan computed: 305 poses
[planner_server-4] [INFO] [1790933772.546720345] [planner_server]: Planning took 7 ms
[planner_server-4] [INFO] [1790933772.547178725] [planner_server]: Plan computed: 304 poses
[planner_server-4] [INFO] [1790933772.668234645] [planner_server]: Planning took 6 ms
[planner_server-4] [INFO] [1790933772.668730004] [planner_server]: Plan computed: 303 poses
[controller_node-5] [WARN] [1790933772.724603156] [controller_server]: path_copy succeeded.
[controller_node-5] [INFO] [1790933772.725838142] [controller_server]: Computed velocity commands: linear.x=0.02, linear.y=-1.00, angular.z=0.00
[planner_server-4] [INFO] [1790933772.786497568] [planner_server]: Planning took 7 ms
[planner_server-4] [INFO] [1790933772.786889343] [planner_server]: Plan computed: 301 poses
[planner_server-4] [INFO] [1790933772.895456653] [planner_server]: Planning took 6 ms
[planner_server-4] [INFO] [1790933772.895699529] [planner_server]: Plan computed: 300 poses
[planner_server-4] [INFO] [1790933773.004631273] [planner_server]: Planning took 6 ms
[planner_server-4] [INFO] [1790933773.004969186] [planner_server]: Plan computed: 299 poses
[planner_server-4] [INFO] [1790933773.115237329] [planner_server]: Planning took 6 ms
[planner_server-4] [INFO] [1790933773.115501354] [planner_server]: Plan computed: 298 poses
[planner_server-4] [INFO] [1790933773.227417707] [planner_server]: Planning took 8 ms
[planner_server-4] [INFO] [1790933773.227778895] [planner_server]: Plan computed: 297 poses
[planner_server-4] [INFO] [1790933773.345667417] [planner_server]: Planning took 6 ms
[planner_server-4] [INFO] [1790933773.346036429] [planner_server]: Plan computed: 297 poses
[planner_server-4] [INFO] [1790933773.455421657] [planner_server]: Planning took 7 ms
[planner_server-4] [INFO] [1790933773.455794736] [planner_server]: Plan computed: 296 poses
[planner_server-4] [INFO] [1790933773.565327360] [planner_server]: Planning took 6 ms
[planner_server-4] [INFO] [1790933773.565641459] [planner_server]: Plan computed: 296 poses
[planner_server-4] [INFO] [1790933773.674332203] [planner_server]: Planning took 6 ms
[planner_server-4] [INFO] [1790933773.674601327] [planner_server]: Plan computed: 296 poses
[planner_server-4] [INFO] [1790933773.785849307] [planner_server]: Planning took 6 ms
[planner_server-4] [INFO] [1790933773.786176501] [planner_server]: Plan computed: 295 poses
[planner_server-4] [INFO] [1790933773.894465332] [planner_server]: Planning took 6 ms
[planner_server-4] [INFO] [1790933773.894897262] [planner_server]: Plan computed: 294 poses
[planner_server-4] [INFO] [1790933774.005148352] [planner_server]: Planning took 6 ms
[planner_server-4] [INFO] [1790933774.005471107] [planner_server]: Plan computed: 293 poses
[planner_server-4] [INFO] [1790933774.116245642] [planner_server]: Planning took 8 ms
[planner_server-4] [INFO] [1790933774.116543441] [planner_server]: Plan computed: 293 poses
[planner_server-4] [INFO] [1790933774.226203375] [planner_server]: Planning took 7 ms
[planner_server-4] [INFO] [1790933774.226507936] [planner_server]: Plan computed: 291 poses
[planner_server-4] [INFO] [1790933774.346712233] [planner_server]: Planning took 7 ms
[planner_server-4] [INFO] [1790933774.347214225] [planner_server]: Plan computed: 291 poses
[planner_server-4] [INFO] [1790933774.464684866] [planner_server]: Planning took 6 ms
[planner_server-4] [INFO] [1790933774.464972164] [planner_server]: Plan computed: 289 poses
[planner_server-4] [INFO] [1790933774.574515160] [planner_server]: Planning took 6 ms
[planner_server-4] [INFO] [1790933774.574872470] [planner_server]: Plan computed: 289 poses
[planner_server-4] [INFO] [1790933774.684967640] [planner_server]: Planning took 6 ms
[planner_server-4] [INFO] [1790933774.685531768] [planner_server]: Plan computed: 287 poses
[controller_node-5] [WARN] [1790933774.746235349] [controller_server]: path_copy succeeded.
[controller_node-5] [INFO] [1790933774.747475114] [controller_server]: Computed velocity commands: linear.x=-0.54, linear.y=0.62, angular.z=0.00
[planner_server-4] [INFO] [1790933774.794526445] [planner_server]: Planning took 6 ms
[planner_server-4] [INFO] [1790933774.795077468] [planner_server]: Plan computed: 286 poses
[planner_server-4] [INFO] [1790933774.904112761] [planner_server]: Planning took 5 ms
[planner_server-4] [INFO] [1790933774.904520315] [planner_server]: Plan computed: 285 poses
[planner_server-4] [INFO] [1790933775.015067820] [planner_server]: Planning took 7 ms
[planner_server-4] [INFO] [1790933775.015400073] [planner_server]: Plan computed: 284 poses
[planner_server-4] [INFO] [1790933775.126117826] [planner_server]: Planning took 8 ms
[planner_server-4] [INFO] [1790933775.126531782] [planner_server]: Plan computed: 283 poses
[planner_server-4] [INFO] [1790933775.234631224] [planner_server]: Planning took 6 ms
[planner_server-4] [INFO] [1790933775.235503700] [planner_server]: Plan computed: 281 poses
[planner_server-4] [INFO] [1790933775.345801568] [planner_server]: Planning took 6 ms
[planner_server-4] [INFO] [1790933775.346665032] [planner_server]: Plan computed: 279 poses
[planner_server-4] [INFO] [1790933775.455781059] [planner_server]: Planning took 6 ms
[planner_server-4] [INFO] [1790933775.456387746] [planner_server]: Plan computed: 279 poses
[planner_server-4] [INFO] [1790933775.564691370] [planner_server]: Planning took 6 ms
[planner_server-4] [INFO] [1790933775.565158596] [planner_server]: Plan computed: 278 poses
[planner_server-4] [INFO] [1790933775.674090649] [planner_server]: Planning took 6 ms
[planner_server-4] [INFO] [1790933775.674386143] [planner_server]: Plan computed: 276 poses
[planner_server-4] [INFO] [1790933775.787067095] [planner_server]: Planning took 6 ms
[planner_server-4] [INFO] [1790933775.787342090] [planner_server]: Plan computed: 276 poses
[planner_server-4] [INFO] [1790933775.904516347] [planner_server]: Planning took 6 ms
[planner_server-4] [INFO] [1790933775.904965940] [planner_server]: Plan computed: 274 poses
[planner_server-4] [INFO] [1790933776.014797848] [planner_server]: Planning took 5 ms
[planner_server-4] [INFO] [1790933776.015307073] [planner_server]: Plan computed: 273 poses
[planner_server-4] [INFO] [1790933776.124924373] [planner_server]: Planning took 6 ms
[planner_server-4] [INFO] [1790933776.125443125] [planner_server]: Plan computed: 272 poses
[planner_server-4] [INFO] [1790933776.235109016] [planner_server]: Planning took 5 ms
[planner_server-4] [INFO] [1790933776.235433925] [planner_server]: Plan computed: 271 poses
[planner_server-4] [INFO] [1790933776.353805109] [planner_server]: Planning took 5 ms
[planner_server-4] [INFO] [1790933776.354592445] [planner_server]: Plan computed: 270 poses
[planner_server-4] [INFO] [1790933776.464783831] [planner_server]: Planning took 6 ms
[planner_server-4] [INFO] [1790933776.464960702] [planner_server]: Plan computed: 269 poses
[planner_server-4] [INFO] [1790933776.575322548] [planner_server]: Planning took 5 ms
[planner_server-4] [INFO] [1790933776.575698823] [planner_server]: Plan computed: 269 poses
[planner_server-4] [INFO] [1790933776.684149115] [planner_server]: Planning took 5 ms
[planner_server-4] [INFO] [1790933776.684494973] [planner_server]: Plan computed: 268 poses
[controller_node-5] [WARN] [1790933776.764413644] [controller_server]: path_copy succeeded.
[controller_node-5] [INFO] [1790933776.765668346] [controller_server]: Computed velocity commands: linear.x=0.44, linear.y=0.78, angular.z=0.00
[planner_server-4] [INFO] [1790933776.793762056] [planner_server]: Planning took 5 ms
[planner_server-4] [INFO] [1790933776.794202963] [planner_server]: Plan computed: 267 poses
[planner_server-4] [INFO] [1790933776.905060919] [planner_server]: Planning took 6 ms
[planner_server-4] [INFO] [1790933776.905384616] [planner_server]: Plan computed: 266 poses
[planner_server-4] [INFO] [1790933777.014192567] [planner_server]: Planning took 6 ms
[planner_server-4] [INFO] [1790933777.014524259] [planner_server]: Plan computed: 265 poses
[planner_server-4] [INFO] [1790933777.126236899] [planner_server]: Planning took 6 ms
[planner_server-4] [INFO] [1790933777.126740704] [planner_server]: Plan computed: 264 poses
[planner_server-4] [INFO] [1790933777.236379016] [planner_server]: Planning took 5 ms
[planner_server-4] [INFO] [1790933777.236737147] [planner_server]: Plan computed: 262 poses
[planner_server-4] [INFO] [1790933777.345549390] [planner_server]: Planning took 5 ms
[planner_server-4] [INFO] [1790933777.345968225] [planner_server]: Plan computed: 261 poses
[planner_server-4] [INFO] [1790933777.455988808] [planner_server]: Planning took 7 ms
[planner_server-4] [INFO] [1790933777.456416891] [planner_server]: Plan computed: 260 poses
[planner_server-4] [INFO] [1790933777.566213213] [planner_server]: Planning took 5 ms
[planner_server-4] [INFO] [1790933777.566568299] [planner_server]: Plan computed: 258 poses
[planner_server-4] [INFO] [1790933777.675147164] [planner_server]: Planning took 5 ms
[planner_server-4] [INFO] [1790933777.675413082] [planner_server]: Plan computed: 256 poses
[planner_server-4] [INFO] [1790933777.784076946] [planner_server]: Planning took 5 ms
[planner_server-4] [INFO] [1790933777.784518875] [planner_server]: Plan computed: 255 poses
[planner_server-4] [INFO] [1790933777.893739954] [planner_server]: Planning took 5 ms
[planner_server-4] [INFO] [1790933777.894188806] [planner_server]: Plan computed: 253 poses
[planner_server-4] [INFO] [1790933778.004737954] [planner_server]: Planning took 5 ms
[planner_server-4] [INFO] [1790933778.005548103] [planner_server]: Plan computed: 253 poses
[planner_server-4] [INFO] [1790933778.114637819] [planner_server]: Planning took 5 ms
[planner_server-4] [INFO] [1790933778.114946968] [planner_server]: Plan computed: 251 poses
[planner_server-4] [INFO] [1790933778.223444253] [planner_server]: Planning took 5 ms
[planner_server-4] [INFO] [1790933778.223717195] [planner_server]: Plan computed: 250 poses
[planner_server-4] [INFO] [1790933778.333012956] [planner_server]: Planning took 5 ms
[planner_server-4] [INFO] [1790933778.333402787] [planner_server]: Plan computed: 249 poses
[planner_server-4] [INFO] [1790933778.445640791] [planner_server]: Planning took 6 ms
[planner_server-4] [INFO] [1790933778.445901970] [planner_server]: Plan computed: 247 poses
[planner_server-4] [INFO] [1790933778.553307904] [planner_server]: Planning took 5 ms
[planner_server-4] [INFO] [1790933778.553671205] [planner_server]: Plan computed: 246 poses
[planner_server-4] [INFO] [1790933778.663642974] [planner_server]: Planning took 5 ms
[planner_server-4] [INFO] [1790933778.663921676] [planner_server]: Plan computed: 245 poses
[controller_node-5] [WARN] [1790933778.764734112] [controller_server]: path_copy succeeded.
[controller_node-5] [INFO] [1790933778.766006428] [controller_server]: Computed velocity commands: linear.x=0.58, linear.y=-0.99, angular.z=0.00
[planner_server-4] [INFO] [1790933778.774297067] [planner_server]: Planning took 5 ms
[planner_server-4] [INFO] [1790933778.774943760] [planner_server]: Plan computed: 245 poses
[planner_server-4] [INFO] [1790933778.884476526] [planner_server]: Planning took 5 ms
[planner_server-4] [INFO] [1790933778.884711847] [planner_server]: Plan computed: 244 poses
[planner_server-4] [INFO] [1790933778.993349429] [planner_server]: Planning took 5 ms
[planner_server-4] [INFO] [1790933778.993608155] [planner_server]: Plan computed: 243 poses
[planner_server-4] [INFO] [1790933779.104775329] [planner_server]: Planning took 6 ms
[planner_server-4] [INFO] [1790933779.105062136] [planner_server]: Plan computed: 242 poses
[planner_server-4] [INFO] [1790933779.216513813] [planner_server]: Planning took 5 ms
[planner_server-4] [INFO] [1790933779.217096275] [planner_server]: Plan computed: 242 poses
[planner_server-4] [INFO] [1790933779.332840368] [planner_server]: Planning took 4 ms
[planner_server-4] [INFO] [1790933779.333164947] [planner_server]: Plan computed: 242 poses
[planner_server-4] [INFO] [1790933779.444785836] [planner_server]: Planning took 5 ms
[planner_server-4] [INFO] [1790933779.445111406] [planner_server]: Plan computed: 241 poses
[planner_server-4] [INFO] [1790933779.553804681] [planner_server]: Planning took 5 ms
[planner_server-4] [INFO] [1790933779.554803233] [planner_server]: Plan computed: 240 poses
[planner_server-4] [INFO] [1790933779.665228010] [planner_server]: Planning took 6 ms
[planner_server-4] [INFO] [1790933779.665760628] [planner_server]: Plan computed: 239 poses
[planner_server-4] [INFO] [1790933779.774231696] [planner_server]: Planning took 5 ms
[planner_server-4] [INFO] [1790933779.774648027] [planner_server]: Plan computed: 239 poses
[planner_server-4] [INFO] [1790933779.893130279] [planner_server]: Planning took 4 ms
[planner_server-4] [INFO] [1790933779.893386760] [planner_server]: Plan computed: 238 poses
[planner_server-4] [INFO] [1790933780.006046497] [planner_server]: Planning took 5 ms
[planner_server-4] [INFO] [1790933780.006413284] [planner_server]: Plan computed: 236 poses
[planner_server-4] [INFO] [1790933780.114861938] [planner_server]: Planning took 5 ms
[planner_server-4] [INFO] [1790933780.115631411] [planner_server]: Plan computed: 236 poses
[planner_server-4] [INFO] [1790933780.224275786] [planner_server]: Planning took 5 ms
[planner_server-4] [INFO] [1790933780.224474248] [planner_server]: Plan computed: 236 poses
[planner_server-4] [INFO] [1790933780.334843413] [planner_server]: Planning took 5 ms
[planner_server-4] [INFO] [1790933780.335270003] [planner_server]: Plan computed: 234 poses
[planner_server-4] [INFO] [1790933780.454236836] [planner_server]: Planning took 5 ms
[planner_server-4] [INFO] [1790933780.454513815] [planner_server]: Plan computed: 233 poses
[planner_server-4] [INFO] [1790933780.564401036] [planner_server]: Planning took 5 ms
[planner_server-4] [INFO] [1790933780.564755651] [planner_server]: Plan computed: 232 poses
[planner_server-4] [INFO] [1790933780.673451654] [planner_server]: Planning took 5 ms
[planner_server-4] [INFO] [1790933780.673732039] [planner_server]: Plan computed: 232 poses
[planner_server-4] [INFO] [1790933780.783907004] [planner_server]: Planning took 5 ms
[controller_node-5] [WARN] [1790933780.784045163] [controller_server]: path_copy succeeded.
[planner_server-4] [INFO] [1790933780.784405659] [planner_server]: Plan computed: 230 poses
[controller_node-5] [INFO] [1790933780.785545686] [controller_server]: Computed velocity commands: linear.x=-0.50, linear.y=0.18, angular.z=0.00
[planner_server-4] [INFO] [1790933780.893817353] [planner_server]: Planning took 5 ms
[planner_server-4] [INFO] [1790933780.894267277] [planner_server]: Plan computed: 228 poses
[planner_server-4] [INFO] [1790933781.005140861] [planner_server]: Planning took 5 ms
[planner_server-4] [INFO] [1790933781.005507108] [planner_server]: Plan computed: 226 poses
[planner_server-4] [INFO] [1790933781.112781057] [planner_server]: Planning took 4 ms
[planner_server-4] [INFO] [1790933781.113280699] [planner_server]: Plan computed: 225 poses
[planner_server-4] [INFO] [1790933781.222758279] [planner_server]: Planning took 4 ms
[planner_server-4] [INFO] [1790933781.223027403] [planner_server]: Plan computed: 224 poses
[planner_server-4] [INFO] [1790933781.333247771] [planner_server]: Planning took 4 ms
[planner_server-4] [INFO] [1790933781.333579743] [planner_server]: Plan computed: 223 poses
[planner_server-4] [INFO] [1790933781.444051933] [planner_server]: Planning took 5 ms
[planner_server-4] [INFO] [1790933781.444402981] [planner_server]: Plan computed: 222 poses
[planner_server-4] [INFO] [1790933781.554281529] [planner_server]: Planning took 4 ms
[planner_server-4] [INFO] [1790933781.554740319] [planner_server]: Plan computed: 221 poses
[planner_server-4] [INFO] [1790933781.662632637] [planner_server]: Planning took 4 ms
[planner_server-4] [INFO] [1790933781.662914656] [planner_server]: Plan computed: 220 poses
[planner_server-4] [INFO] [1790933781.773168166] [planner_server]: Planning took 5 ms
[planner_server-4] [INFO] [1790933781.773593172] [planner_server]: Plan computed: 219 poses
[planner_server-4] [INFO] [1790933781.884587862] [planner_server]: Planning took 4 ms
[planner_server-4] [INFO] [1790933781.884934091] [planner_server]: Plan computed: 218 poses
[planner_server-4] [INFO] [1790933781.992730490] [planner_server]: Planning took 4 ms
[planner_server-4] [INFO] [1790933781.992940895] [planner_server]: Plan computed: 218 poses
[planner_server-4] [INFO] [1790933782.103337702] [planner_server]: Planning took 5 ms
[planner_server-4] [INFO] [1790933782.103604582] [planner_server]: Plan computed: 217 poses
[planner_server-4] [INFO] [1790933782.213347151] [planner_server]: Planning took 4 ms
[planner_server-4] [INFO] [1790933782.213861916] [planner_server]: Plan computed: 216 poses
[planner_server-4] [INFO] [1790933782.323940145] [planner_server]: Planning took 5 ms
[planner_server-4] [INFO] [1790933782.324249054] [planner_server]: Plan computed: 216 poses
[planner_server-4] [INFO] [1790933782.434218530] [planner_server]: Planning took 6 ms
[planner_server-4] [INFO] [1790933782.435130504] [planner_server]: Plan computed: 215 poses
[planner_server-4] [INFO] [1790933782.553122914] [planner_server]: Planning took 4 ms
[planner_server-4] [INFO] [1790933782.553335072] [planner_server]: Plan computed: 213 poses
[planner_server-4] [INFO] [1790933782.663061282] [planner_server]: Planning took 5 ms
[planner_server-4] [INFO] [1790933782.663307052] [planner_server]: Plan computed: 213 poses
[planner_server-4] [INFO] [1790933782.773384070] [planner_server]: Planning took 4 ms
[planner_server-4] [INFO] [1790933782.773694592] [planner_server]: Plan computed: 211 poses
[controller_node-5] [WARN] [1790933782.784982001] [controller_server]: path_copy succeeded.
[controller_node-5] [INFO] [1790933782.786421164] [controller_server]: Computed velocity commands: linear.x=-0.74, linear.y=-0.12, angular.z=0.00
[planner_server-4] [INFO] [1790933782.883242246] [planner_server]: Planning took 4 ms
[planner_server-4] [INFO] [1790933782.883504227] [planner_server]: Plan computed: 210 poses
[planner_server-4] [INFO] [1790933782.992679042] [planner_server]: Planning took 4 ms
[planner_server-4] [INFO] [1790933782.993088520] [planner_server]: Plan computed: 210 poses
[planner_server-4] [INFO] [1790933783.104739149] [planner_server]: Planning took 4 ms
[planner_server-4] [INFO] [1790933783.104936699] [planner_server]: Plan computed: 209 poses
[planner_server-4] [INFO] [1790933783.212797950] [planner_server]: Planning took 4 ms
[planner_server-4] [INFO] [1790933783.213062065] [planner_server]: Plan computed: 208 poses
[planner_server-4] [INFO] [1790933783.324411384] [planner_server]: Planning took 5 ms
[planner_server-4] [INFO] [1790933783.324760989] [planner_server]: Plan computed: 207 poses
[planner_server-4] [INFO] [1790933783.432622776] [planner_server]: Planning took 4 ms
[planner_server-4] [INFO] [1790933783.432842338] [planner_server]: Plan computed: 205 poses
[planner_server-4] [INFO] [1790933783.545029363] [planner_server]: Planning took 4 ms
[planner_server-4] [INFO] [1790933783.545335837] [planner_server]: Plan computed: 204 poses
[planner_server-4] [INFO] [1790933783.652795350] [planner_server]: Planning took 4 ms
[planner_server-4] [INFO] [1790933783.653289587] [planner_server]: Plan computed: 203 poses
[planner_server-4] [INFO] [1790933783.762920079] [planner_server]: Planning took 4 ms
[planner_server-4] [INFO] [1790933783.763391733] [planner_server]: Plan computed: 202 poses
[planner_server-4] [INFO] [1790933783.873568920] [planner_server]: Planning took 4 ms
[planner_server-4] [INFO] [1790933783.874034964] [planner_server]: Plan computed: 201 poses
[planner_server-4] [INFO] [1790933783.984038285] [planner_server]: Planning took 6 ms
[planner_server-4] [INFO] [1790933783.984408409] [planner_server]: Plan computed: 200 poses
[planner_server-4] [INFO] [1790933784.092982564] [planner_server]: Planning took 4 ms
[planner_server-4] [INFO] [1790933784.093270243] [planner_server]: Plan computed: 198 poses
[planner_server-4] [INFO] [1790933784.204709289] [planner_server]: Planning took 5 ms
[planner_server-4] [INFO] [1790933784.205130037] [planner_server]: Plan computed: 197 poses
[planner_server-4] [INFO] [1790933784.314638313] [planner_server]: Planning took 4 ms
[planner_server-4] [INFO] [1790933784.314858346] [planner_server]: Plan computed: 196 poses
[planner_server-4] [INFO] [1790933784.423111498] [planner_server]: Planning took 4 ms
[planner_server-4] [INFO] [1790933784.423471123] [planner_server]: Plan computed: 196 poses
[planner_server-4] [INFO] [1790933784.533597958] [planner_server]: Planning took 4 ms
[planner_server-4] [INFO] [1790933784.534078358] [planner_server]: Plan computed: 195 poses
[planner_server-4] [INFO] [1790933784.642773891] [planner_server]: Planning took 4 ms
[planner_server-4] [INFO] [1790933784.643014141] [planner_server]: Plan computed: 193 poses
[planner_server-4] [INFO] [1790933784.753292315] [planner_server]: Planning took 4 ms
[planner_server-4] [INFO] [1790933784.753539989] [planner_server]: Plan computed: 192 poses
[controller_node-5] [WARN] [1790933784.804178632] [controller_server]: path_copy succeeded.
[controller_node-5] [INFO] [1790933784.805495000] [controller_server]: Computed velocity commands: linear.x=-0.71, linear.y=-0.12, angular.z=0.00
[planner_server-4] [INFO] [1790933784.863256801] [planner_server]: Planning took 4 ms
[planner_server-4] [INFO] [1790933784.863603090] [planner_server]: Plan computed: 191 poses
[planner_server-4] [INFO] [1790933784.972661693] [planner_server]: Planning took 4 ms
[planner_server-4] [INFO] [1790933784.973200603] [planner_server]: Plan computed: 190 poses
[planner_server-4] [INFO] [1790933785.082404612] [planner_server]: Planning took 4 ms
[planner_server-4] [INFO] [1790933785.082768705] [planner_server]: Plan computed: 189 poses
[planner_server-4] [INFO] [1790933785.193349102] [planner_server]: Planning took 4 ms
[planner_server-4] [INFO] [1790933785.193704458] [planner_server]: Plan computed: 188 poses
[planner_server-4] [INFO] [1790933785.302639974] [planner_server]: Planning took 3 ms
[planner_server-4] [INFO] [1790933785.303180246] [planner_server]: Plan computed: 187 poses
[planner_server-4] [INFO] [1790933785.412360661] [planner_server]: Planning took 4 ms
[planner_server-4] [INFO] [1790933785.412857993] [planner_server]: Plan computed: 185 poses
[planner_server-4] [INFO] [1790933785.522525429] [planner_server]: Planning took 3 ms
[planner_server-4] [INFO] [1790933785.522822405] [planner_server]: Plan computed: 185 poses
[planner_server-4] [INFO] [1790933785.635431572] [planner_server]: Planning took 4 ms
[planner_server-4] [INFO] [1790933785.635688914] [planner_server]: Plan computed: 184 poses
[planner_server-4] [INFO] [1790933785.742732457] [planner_server]: Planning took 3 ms
[planner_server-4] [INFO] [1790933785.743210443] [planner_server]: Plan computed: 183 poses
[planner_server-4] [INFO] [1790933785.851798687] [planner_server]: Planning took 3 ms
[planner_server-4] [INFO] [1790933785.852050920] [planner_server]: Plan computed: 182 poses
[planner_server-4] [INFO] [1790933785.962661274] [planner_server]: Planning took 3 ms
[planner_server-4] [INFO] [1790933785.962883190] [planner_server]: Plan computed: 180 poses
[planner_server-4] [INFO] [1790933786.071977848] [planner_server]: Planning took 3 ms
[planner_server-4] [INFO] [1790933786.072400981] [planner_server]: Plan computed: 179 poses
[planner_server-4] [INFO] [1790933786.182427274] [planner_server]: Planning took 4 ms
[planner_server-4] [INFO] [1790933786.182736603] [planner_server]: Plan computed: 177 poses
[planner_server-4] [INFO] [1790933786.291781476] [planner_server]: Planning took 3 ms
[planner_server-4] [INFO] [1790933786.292227101] [planner_server]: Plan computed: 177 poses
[planner_server-4] [INFO] [1790933786.404211754] [planner_server]: Planning took 3 ms
[planner_server-4] [INFO] [1790933786.404584242] [planner_server]: Plan computed: 175 poses
[planner_server-4] [INFO] [1790933786.513388784] [planner_server]: Planning took 3 ms
[planner_server-4] [INFO] [1790933786.513681914] [planner_server]: Plan computed: 173 poses
[planner_server-4] [INFO] [1790933786.622178177] [planner_server]: Planning took 4 ms
[planner_server-4] [INFO] [1790933786.622681821] [planner_server]: Plan computed: 172 poses
[planner_server-4] [INFO] [1790933786.732042456] [planner_server]: Planning took 3 ms
[planner_server-4] [INFO] [1790933786.732174904] [planner_server]: Plan computed: 171 poses
[controller_node-5] [WARN] [1790933786.824867271] [controller_server]: path_copy succeeded.
[controller_node-5] [INFO] [1790933786.826109619] [controller_server]: Computed velocity commands: linear.x=-0.08, linear.y=0.74, angular.z=0.00
[planner_server-4] [INFO] [1790933786.842919843] [planner_server]: Planning took 3 ms
[planner_server-4] [INFO] [1790933786.843441431] [planner_server]: Plan computed: 169 poses
[planner_server-4] [INFO] [1790933786.953065008] [planner_server]: Planning took 3 ms
[planner_server-4] [INFO] [1790933786.953300069] [planner_server]: Plan computed: 167 poses
[planner_server-4] [INFO] [1790933787.061737614] [planner_server]: Planning took 3 ms
[planner_server-4] [INFO] [1790933787.061999565] [planner_server]: Plan computed: 164 poses
[planner_server-4] [INFO] [1790933787.171512420] [planner_server]: Planning took 3 ms
[planner_server-4] [INFO] [1790933787.171865441] [planner_server]: Plan computed: 162 poses
[planner_server-4] [INFO] [1790933787.282440327] [planner_server]: Planning took 3 ms
[planner_server-4] [INFO] [1790933787.283042896] [planner_server]: Plan computed: 160 poses
[planner_server-4] [INFO] [1790933787.391385800] [planner_server]: Planning took 3 ms
[planner_server-4] [INFO] [1790933787.391664462] [planner_server]: Plan computed: 159 poses
[planner_server-4] [INFO] [1790933787.502268876] [planner_server]: Planning took 3 ms
[planner_server-4] [INFO] [1790933787.502568547] [planner_server]: Plan computed: 158 poses
[planner_server-4] [INFO] [1790933787.611986913] [planner_server]: Planning took 3 ms
[planner_server-4] [INFO] [1790933787.612427989] [planner_server]: Plan computed: 157 poses
[planner_server-4] [INFO] [1790933787.724271750] [planner_server]: Planning took 3 ms
[planner_server-4] [INFO] [1790933787.724649688] [planner_server]: Plan computed: 155 poses
[planner_server-4] [INFO] [1790933787.832413107] [planner_server]: Planning took 3 ms
[planner_server-4] [INFO] [1790933787.832764195] [planner_server]: Plan computed: 154 poses
[planner_server-4] [INFO] [1790933787.941961501] [planner_server]: Planning took 3 ms
[planner_server-4] [INFO] [1790933787.942215216] [planner_server]: Plan computed: 153 poses
[planner_server-4] [INFO] [1790933788.051383745] [planner_server]: Planning took 3 ms
[planner_server-4] [INFO] [1790933788.051693115] [planner_server]: Plan computed: 151 poses
[planner_server-4] [INFO] [1790933788.161127533] [planner_server]: Planning took 3 ms
[planner_server-4] [INFO] [1790933788.161414160] [planner_server]: Plan computed: 150 poses
[planner_server-4] [INFO] [1790933788.272571051] [planner_server]: Planning took 3 ms
[planner_server-4] [INFO] [1790933788.272931186] [planner_server]: Plan computed: 149 poses
[planner_server-4] [INFO] [1790933788.381643922] [planner_server]: Planning took 3 ms
[planner_server-4] [INFO] [1790933788.382099877] [planner_server]: Plan computed: 149 poses
[planner_server-4] [INFO] [1790933788.491876286] [planner_server]: Planning took 3 ms
[planner_server-4] [INFO] [1790933788.492207877] [planner_server]: Plan computed: 147 poses
[planner_server-4] [INFO] [1790933788.601562724] [planner_server]: Planning took 2 ms
[planner_server-4] [INFO] [1790933788.602028847] [planner_server]: Plan computed: 146 poses
[planner_server-4] [INFO] [1790933788.711448199] [planner_server]: Planning took 3 ms
[planner_server-4] [INFO] [1790933788.711726941] [planner_server]: Plan computed: 145 poses
[planner_server-4] [INFO] [1790933788.822881444] [planner_server]: Planning took 2 ms
[planner_server-4] [INFO] [1790933788.823279710] [planner_server]: Plan computed: 144 poses
[controller_node-5] [WARN] [1790933788.844028780] [controller_server]: path_copy succeeded.
[controller_node-5] [INFO] [1790933788.845346900] [controller_server]: Computed velocity commands: linear.x=0.92, linear.y=-0.30, angular.z=0.00
[planner_server-4] [INFO] [1790933788.932156684] [planner_server]: Planning took 3 ms
[planner_server-4] [INFO] [1790933788.932428453] [planner_server]: Plan computed: 143 poses
[planner_server-4] [INFO] [1790933789.041764815] [planner_server]: Planning took 3 ms
[planner_server-4] [INFO] [1790933789.042101355] [planner_server]: Plan computed: 143 poses
[planner_server-4] [INFO] [1790933789.150595714] [planner_server]: Planning took 2 ms
[planner_server-4] [INFO] [1790933789.150982198] [planner_server]: Plan computed: 142 poses
[planner_server-4] [INFO] [1790933789.262303375] [planner_server]: Planning took 2 ms
[planner_server-4] [INFO] [1790933789.262482661] [planner_server]: Plan computed: 141 poses
[planner_server-4] [INFO] [1790933789.371680920] [planner_server]: Planning took 3 ms
[planner_server-4] [INFO] [1790933789.371988045] [planner_server]: Plan computed: 141 poses
[planner_server-4] [INFO] [1790933789.482122395] [planner_server]: Planning took 3 ms
[planner_server-4] [INFO] [1790933789.482361754] [planner_server]: Plan computed: 140 poses
[planner_server-4] [INFO] [1790933789.590676339] [planner_server]: Planning took 2 ms
[planner_server-4] [INFO] [1790933789.591022948] [planner_server]: Plan computed: 139 poses
[planner_server-4] [INFO] [1790933789.701778534] [planner_server]: Planning took 2 ms
[planner_server-4] [INFO] [1790933789.702441457] [planner_server]: Plan computed: 138 poses
[planner_server-4] [INFO] [1790933789.811965846] [planner_server]: Planning took 2 ms
[planner_server-4] [INFO] [1790933789.812535193] [planner_server]: Plan computed: 137 poses
[planner_server-4] [INFO] [1790933789.921192168] [planner_server]: Planning took 3 ms
[planner_server-4] [INFO] [1790933789.921552844] [planner_server]: Plan computed: 136 poses
[planner_server-4] [INFO] [1790933790.030551185] [planner_server]: Planning took 2 ms
[planner_server-4] [INFO] [1790933790.030760337] [planner_server]: Plan computed: 136 poses
[planner_server-4] [INFO] [1790933790.142437413] [planner_server]: Planning took 2 ms
[planner_server-4] [INFO] [1790933790.142752013] [planner_server]: Plan computed: 134 poses
[planner_server-4] [INFO] [1790933790.250750064] [planner_server]: Planning took 2 ms
[planner_server-4] [INFO] [1790933790.251074312] [planner_server]: Plan computed: 133 poses
[planner_server-4] [INFO] [1790933790.360569049] [planner_server]: Planning took 2 ms
[planner_server-4] [INFO] [1790933790.360780025] [planner_server]: Plan computed: 132 poses
[planner_server-4] [INFO] [1790933790.471246061] [planner_server]: Planning took 2 ms
[planner_server-4] [INFO] [1790933790.471700553] [planner_server]: Plan computed: 132 poses
[planner_server-4] [INFO] [1790933790.580816830] [planner_server]: Planning took 2 ms
[planner_server-4] [INFO] [1790933790.581276171] [planner_server]: Plan computed: 131 poses
[planner_server-4] [INFO] [1790933790.690805638] [planner_server]: Planning took 2 ms
[planner_server-4] [INFO] [1790933790.691169009] [planner_server]: Plan computed: 129 poses
[planner_server-4] [INFO] [1790933790.801332304] [planner_server]: Planning took 2 ms
[planner_server-4] [INFO] [1790933790.801538530] [planner_server]: Plan computed: 128 poses
[controller_node-5] [WARN] [1790933790.844551792] [controller_server]: path_copy succeeded.
[controller_node-5] [INFO] [1790933790.846227733] [controller_server]: Computed velocity commands: linear.x=-0.17, linear.y=-0.52, angular.z=0.00
[planner_server-4] [INFO] [1790933790.910895218] [planner_server]: Planning took 2 ms
[planner_server-4] [INFO] [1790933790.911323531] [planner_server]: Plan computed: 126 poses
[planner_server-4] [INFO] [1790933791.021302213] [planner_server]: Planning took 2 ms
[planner_server-4] [INFO] [1790933791.021975034] [planner_server]: Plan computed: 125 poses
[planner_server-4] [INFO] [1790933791.130736744] [planner_server]: Planning took 2 ms
[planner_server-4] [INFO] [1790933791.130918214] [planner_server]: Plan computed: 125 poses
[planner_server-4] [INFO] [1790933791.241453033] [planner_server]: Planning took 2 ms
[planner_server-4] [INFO] [1790933791.241951867] [planner_server]: Plan computed: 124 poses
[planner_server-4] [INFO] [1790933791.350574628] [planner_server]: Planning took 2 ms
[planner_server-4] [INFO] [1790933791.351249462] [planner_server]: Plan computed: 124 poses
[planner_server-4] [INFO] [1790933791.461075442] [planner_server]: Planning took 2 ms
[planner_server-4] [INFO] [1790933791.461404990] [planner_server]: Plan computed: 123 poses
[planner_server-4] [INFO] [1790933791.570943732] [planner_server]: Planning took 2 ms
[planner_server-4] [INFO] [1790933791.571425505] [planner_server]: Plan computed: 122 poses
[planner_server-4] [INFO] [1790933791.683282230] [planner_server]: Planning took 2 ms
[planner_server-4] [INFO] [1790933791.683629872] [planner_server]: Plan computed: 120 poses
[planner_server-4] [INFO] [1790933791.790554264] [planner_server]: Planning took 2 ms
[planner_server-4] [INFO] [1790933791.790998196] [planner_server]: Plan computed: 119 poses
[planner_server-4] [INFO] [1790933791.901444448] [planner_server]: Planning took 3 ms
[planner_server-4] [INFO] [1790933791.901806006] [planner_server]: Plan computed: 119 poses
[planner_server-4] [INFO] [1790933792.011163678] [planner_server]: Planning took 2 ms
[planner_server-4] [INFO] [1790933792.011407986] [planner_server]: Plan computed: 118 poses
[planner_server-4] [INFO] [1790933792.122304360] [planner_server]: Planning took 3 ms
[planner_server-4] [INFO] [1790933792.122830676] [planner_server]: Plan computed: 116 poses
[planner_server-4] [INFO] [1790933792.230097999] [planner_server]: Planning took 2 ms
[planner_server-4] [INFO] [1790933792.230447383] [planner_server]: Plan computed: 116 poses
[planner_server-4] [INFO] [1790933792.341815055] [planner_server]: Planning took 3 ms
[planner_server-4] [INFO] [1790933792.341998309] [planner_server]: Plan computed: 116 poses
[planner_server-4] [INFO] [1790933792.452016421] [planner_server]: Planning took 2 ms
[planner_server-4] [INFO] [1790933792.452694001] [planner_server]: Plan computed: 115 poses
[planner_server-4] [INFO] [1790933792.560024137] [planner_server]: Planning took 2 ms
[planner_server-4] [INFO] [1790933792.560495841] [planner_server]: Plan computed: 114 poses
[planner_server-4] [INFO] [1790933792.670789630] [planner_server]: Planning took 2 ms
[planner_server-4] [INFO] [1790933792.671041091] [planner_server]: Plan computed: 114 poses
[planner_server-4] [INFO] [1790933792.780395841] [planner_server]: Planning took 2 ms
[planner_server-4] [INFO] [1790933792.780649186] [planner_server]: Plan computed: 113 poses
[controller_node-5] [WARN] [1790933792.864477026] [controller_server]: path_copy succeeded.
[controller_node-5] [INFO] [1790933792.866147046] [controller_server]: Computed velocity commands: linear.x=-0.17, linear.y=-0.74, angular.z=0.00
[planner_server-4] [INFO] [1790933792.891513224] [planner_server]: Planning took 2 ms
[planner_server-4] [INFO] [1790933792.891796635] [planner_server]: Plan computed: 111 poses
[planner_server-4] [INFO] [1790933793.000770992] [planner_server]: Planning took 2 ms
[planner_server-4] [INFO] [1790933793.001186731] [planner_server]: Plan computed: 110 poses
[planner_server-4] [INFO] [1790933793.110635320] [planner_server]: Planning took 2 ms
[planner_server-4] [INFO] [1790933793.111002859] [planner_server]: Plan computed: 109 poses
[planner_server-4] [INFO] [1790933793.221758226] [planner_server]: Planning took 2 ms
[planner_server-4] [INFO] [1790933793.221924547] [planner_server]: Plan computed: 108 poses
[planner_server-4] [INFO] [1790933793.330567766] [planner_server]: Planning took 2 ms
[planner_server-4] [INFO] [1790933793.330960883] [planner_server]: Plan computed: 107 poses
[planner_server-4] [INFO] [1790933793.440593406] [planner_server]: Planning took 2 ms
[planner_server-4] [INFO] [1790933793.441075920] [planner_server]: Plan computed: 106 poses
[planner_server-4] [INFO] [1790933793.550422638] [planner_server]: Planning took 2 ms
[planner_server-4] [INFO] [1790933793.550852082] [planner_server]: Plan computed: 105 poses
[planner_server-4] [INFO] [1790933793.660207135] [planner_server]: Planning took 2 ms
[planner_server-4] [INFO] [1790933793.660516595] [planner_server]: Plan computed: 104 poses
[planner_server-4] [INFO] [1790933793.772275542] [planner_server]: Planning took 2 ms
[planner_server-4] [INFO] [1790933793.772481999] [planner_server]: Plan computed: 102 poses
[planner_server-4] [INFO] [1790933793.882241020] [planner_server]: Planning took 2 ms
[planner_server-4] [INFO] [1790933793.882624007] [planner_server]: Plan computed: 102 poses
[planner_server-4] [INFO] [1790933793.990831810] [planner_server]: Planning took 2 ms
[planner_server-4] [INFO] [1790933793.991076218] [planner_server]: Plan computed: 100 poses
[planner_server-4] [INFO] [1790933794.100078323] [planner_server]: Planning took 2 ms
[planner_server-4] [INFO] [1790933794.100408873] [planner_server]: Plan computed: 99 poses
[planner_server-4] [INFO] [1790933794.211422807] [planner_server]: Planning took 1 ms
[planner_server-4] [INFO] [1790933794.211707510] [planner_server]: Plan computed: 99 poses
[planner_server-4] [INFO] [1790933794.320581024] [planner_server]: Planning took 1 ms
[planner_server-4] [INFO] [1790933794.320967188] [planner_server]: Plan computed: 98 poses
[planner_server-4] [INFO] [1790933794.430659242] [planner_server]: Planning took 2 ms
[planner_server-4] [INFO] [1790933794.431217758] [planner_server]: Plan computed: 97 poses
[planner_server-4] [INFO] [1790933794.542833022] [planner_server]: Planning took 1 ms
[planner_server-4] [INFO] [1790933794.543177738] [planner_server]: Plan computed: 96 poses
[planner_server-4] [INFO] [1790933794.649575783] [planner_server]: Planning took 1 ms
[planner_server-4] [INFO] [1790933794.649993035] [planner_server]: Plan computed: 95 poses
[planner_server-4] [INFO] [1790933794.760171864] [planner_server]: Planning took 1 ms
[planner_server-4] [INFO] [1790933794.760431611] [planner_server]: Plan computed: 94 poses
[planner_server-4] [INFO] [1790933794.870376422] [planner_server]: Planning took 1 ms
[planner_server-4] [INFO] [1790933794.870692053] [planner_server]: Plan computed: 93 poses
[controller_node-5] [WARN] [1790933794.884333112] [controller_server]: path_copy succeeded.
[controller_node-5] [INFO] [1790933794.885569028] [controller_server]: Computed velocity commands: linear.x=0.11, linear.y=1.07, angular.z=0.00
[planner_server-4] [INFO] [1790933794.982115946] [planner_server]: Planning took 1 ms
[planner_server-4] [INFO] [1790933794.982437999] [planner_server]: Plan computed: 92 poses
[planner_server-4] [INFO] [1790933795.091121752] [planner_server]: Planning took 1 ms
[planner_server-4] [INFO] [1790933795.091981523] [planner_server]: Plan computed: 91 poses
[planner_server-4] [INFO] [1790933795.200511666] [planner_server]: Planning took 1 ms
[planner_server-4] [INFO] [1790933795.200833829] [planner_server]: Plan computed: 88 poses
[planner_server-4] [INFO] [1790933795.311777605] [planner_server]: Planning took 2 ms
[planner_server-4] [INFO] [1790933795.312196460] [planner_server]: Plan computed: 88 poses
[planner_server-4] [INFO] [1790933795.420925610] [planner_server]: Planning took 1 ms
[planner_server-4] [INFO] [1790933795.421250419] [planner_server]: Plan computed: 87 poses
[planner_server-4] [INFO] [1790933795.530492701] [planner_server]: Planning took 1 ms
[planner_server-4] [INFO] [1790933795.530841485] [planner_server]: Plan computed: 85 poses
[planner_server-4] [INFO] [1790933795.639426791] [planner_server]: Planning took 1 ms
[planner_server-4] [INFO] [1790933795.639893816] [planner_server]: Plan computed: 84 poses
[planner_server-4] [INFO] [1790933795.749924672] [planner_server]: Planning took 1 ms
[planner_server-4] [INFO] [1790933795.750112263] [planner_server]: Plan computed: 82 poses
[planner_server-4] [INFO] [1790933795.860964467] [planner_server]: Planning took 1 ms
[planner_server-4] [INFO] [1790933795.861384614] [planner_server]: Plan computed: 81 poses
[planner_server-4] [INFO] [1790933795.971178645] [planner_server]: Planning took 2 ms
[planner_server-4] [INFO] [1790933795.971524834] [planner_server]: Plan computed: 79 poses
[planner_server-4] [INFO] [1790933796.080735266] [planner_server]: Planning took 1 ms
[planner_server-4] [INFO] [1790933796.080943476] [planner_server]: Plan computed: 79 poses
[planner_server-4] [INFO] [1790933796.192360981] [planner_server]: Planning took 1 ms
[planner_server-4] [INFO] [1790933796.192671523] [planner_server]: Plan computed: 77 poses
[planner_server-4] [INFO] [1790933796.300226483] [planner_server]: Planning took 1 ms
[planner_server-4] [INFO] [1790933796.300748982] [planner_server]: Plan computed: 77 poses
[planner_server-4] [INFO] [1790933796.409716416] [planner_server]: Planning took 1 ms
[planner_server-4] [INFO] [1790933796.410188942] [planner_server]: Plan computed: 77 poses
[planner_server-4] [INFO] [1790933796.519056720] [planner_server]: Planning took 1 ms
[planner_server-4] [INFO] [1790933796.519352654] [planner_server]: Plan computed: 76 poses
[planner_server-4] [INFO] [1790933796.630391951] [planner_server]: Planning took 1 ms
[planner_server-4] [INFO] [1790933796.630808883] [planner_server]: Plan computed: 76 poses
[planner_server-4] [INFO] [1790933796.740236670] [planner_server]: Planning took 1 ms
[planner_server-4] [INFO] [1790933796.740542774] [planner_server]: Plan computed: 75 poses
[planner_server-4] [INFO] [1790933796.849557178] [planner_server]: Planning took 1 ms
[planner_server-4] [INFO] [1790933796.849916641] [planner_server]: Plan computed: 75 poses
[controller_node-5] [WARN] [1790933796.884817175] [controller_server]: path_copy succeeded.
[controller_node-5] [INFO] [1790933796.886110108] [controller_server]: Computed velocity commands: linear.x=0.27, linear.y=-0.51, angular.z=0.00
[planner_server-4] [INFO] [1790933796.959828535] [planner_server]: Planning took 1 ms
[planner_server-4] [INFO] [1790933796.960327340] [planner_server]: Plan computed: 74 poses
[planner_server-4] [INFO] [1790933797.070689514] [planner_server]: Planning took 1 ms
[planner_server-4] [INFO] [1790933797.071263930] [planner_server]: Plan computed: 73 poses
[planner_server-4] [INFO] [1790933797.179734983] [planner_server]: Planning took 1 ms
[planner_server-4] [INFO] [1790933797.180455263] [planner_server]: Plan computed: 73 poses
[planner_server-4] [INFO] [1790933797.289920058] [planner_server]: Planning took 0 ms
[planner_server-4] [INFO] [1790933797.290341638] [planner_server]: Plan computed: 72 poses
[planner_server-4] [INFO] [1790933797.401771680] [planner_server]: Planning took 1 ms
[planner_server-4] [INFO] [1790933797.402301693] [planner_server]: Plan computed: 71 poses
[planner_server-4] [INFO] [1790933797.510388150] [planner_server]: Planning took 1 ms
[planner_server-4] [INFO] [1790933797.510659899] [planner_server]: Plan computed: 70 poses
[planner_server-4] [INFO] [1790933797.619509276] [planner_server]: Planning took 1 ms
[planner_server-4] [INFO] [1790933797.619765737] [planner_server]: Plan computed: 69 poses
[planner_server-4] [INFO] [1790933797.730931714] [planner_server]: Planning took 1 ms
[planner_server-4] [INFO] [1790933797.731181151] [planner_server]: Plan computed: 68 poses
[planner_server-4] [INFO] [1790933797.840438312] [planner_server]: Planning took 1 ms
[planner_server-4] [INFO] [1790933797.840688220] [planner_server]: Plan computed: 67 poses
[planner_server-4] [INFO] [1790933797.950612130] [planner_server]: Planning took 2 ms
[planner_server-4] [INFO] [1790933797.950978186] [planner_server]: Plan computed: 67 poses
[planner_server-4] [INFO] [1790933798.061551609] [planner_server]: Planning took 1 ms
[planner_server-4] [INFO] [1790933798.061656495] [planner_server]: Plan computed: 65 poses
[planner_server-4] [INFO] [1790933798.170297254] [planner_server]: Planning took 1 ms
[planner_server-4] [INFO] [1790933798.170524279] [planner_server]: Plan computed: 65 poses
[planner_server-4] [INFO] [1790933798.279416720] [planner_server]: Planning took 1 ms
[planner_server-4] [INFO] [1790933798.279629008] [planner_server]: Plan computed: 63 poses
[planner_server-4] [INFO] [1790933798.389563595] [planner_server]: Planning took 1 ms
[planner_server-4] [INFO] [1790933798.389772757] [planner_server]: Plan computed: 62 poses
[planner_server-4] [INFO] [1790933798.504409055] [planner_server]: Planning took 1 ms
[planner_server-4] [INFO] [1790933798.504689570] [planner_server]: Plan computed: 60 poses
[planner_server-4] [INFO] [1790933798.609303384] [planner_server]: Planning took 1 ms
[planner_server-4] [INFO] [1790933798.609920500] [planner_server]: Plan computed: 59 poses
[planner_server-4] [INFO] [1790933798.721514963] [planner_server]: Planning took 1 ms
[planner_server-4] [INFO] [1790933798.721857435] [planner_server]: Plan computed: 57 poses
[planner_server-4] [INFO] [1790933798.829228675] [planner_server]: Planning took 1 ms
[planner_server-4] [INFO] [1790933798.829539538] [planner_server]: Plan computed: 56 poses
[controller_node-5] [WARN] [1790933798.885218768] [controller_server]: path_copy succeeded.
[controller_node-5] [INFO] [1790933798.886497664] [controller_server]: Computed velocity commands: linear.x=-0.26, linear.y=-0.65, angular.z=0.00
[planner_server-4] [INFO] [1790933798.940663910] [planner_server]: Planning took 1 ms
[planner_server-4] [INFO] [1790933798.940814572] [planner_server]: Plan computed: 55 poses
[planner_server-4] [INFO] [1790933799.049667655] [planner_server]: Planning took 0 ms
[planner_server-4] [INFO] [1790933799.050249045] [planner_server]: Plan computed: 55 poses
[planner_server-4] [INFO] [1790933799.158743532] [planner_server]: Planning took 0 ms
[planner_server-4] [INFO] [1790933799.159175451] [planner_server]: Plan computed: 54 poses
[planner_server-4] [INFO] [1790933799.269456567] [planner_server]: Planning took 1 ms
[planner_server-4] [INFO] [1790933799.270176365] [planner_server]: Plan computed: 53 poses
[planner_server-4] [INFO] [1790933799.383361632] [planner_server]: Planning took 2 ms
[planner_server-4] [INFO] [1790933799.383585070] [planner_server]: Plan computed: 52 poses
[planner_server-4] [INFO] [1790933799.489517087] [planner_server]: Planning took 1 ms
[planner_server-4] [INFO] [1790933799.489996265] [planner_server]: Plan computed: 52 poses
[planner_server-4] [INFO] [1790933799.598948019] [planner_server]: Planning took 0 ms
[planner_server-4] [INFO] [1790933799.599446974] [planner_server]: Plan computed: 51 poses
[planner_server-4] [INFO] [1790933799.709456701] [planner_server]: Planning took 0 ms
[planner_server-4] [INFO] [1790933799.709799193] [planner_server]: Plan computed: 50 poses
[planner_server-4] [INFO] [1790933799.820241119] [planner_server]: Planning took 1 ms
[planner_server-4] [INFO] [1790933799.821613911] [planner_server]: Plan computed: 49 poses
[planner_server-4] [INFO] [1790933799.928440114] [planner_server]: Planning took 0 ms
[planner_server-4] [INFO] [1790933799.928718315] [planner_server]: Plan computed: 48 poses
[planner_server-4] [INFO] [1790933800.039324787] [planner_server]: Planning took 0 ms
[planner_server-4] [INFO] [1790933800.039797883] [planner_server]: Plan computed: 48 poses
[planner_server-4] [INFO] [1790933800.151608837] [planner_server]: Planning took 0 ms
[planner_server-4] [INFO] [1790933800.151705629] [planner_server]: Plan computed: 47 poses
[planner_server-4] [INFO] [1790933800.260646485] [planner_server]: Planning took 0 ms
[planner_server-4] [INFO] [1790933800.260812416] [planner_server]: Plan computed: 46 poses
[planner_server-4] [INFO] [1790933800.369145965] [planner_server]: Planning took 0 ms
[planner_server-4] [INFO] [1790933800.369453591] [planner_server]: Plan computed: 45 poses
[planner_server-4] [INFO] [1790933800.479634862] [planner_server]: Planning took 1 ms
[planner_server-4] [INFO] [1790933800.479871596] [planner_server]: Plan computed: 44 poses
[planner_server-4] [INFO] [1790933800.589939795] [planner_server]: Planning took 0 ms
[planner_server-4] [INFO] [1790933800.590194251] [planner_server]: Plan computed: 44 poses
[planner_server-4] [INFO] [1790933800.698804879] [planner_server]: Planning took 0 ms
[planner_server-4] [INFO] [1790933800.699199018] [planner_server]: Plan computed: 42 poses
[planner_server-4] [INFO] [1790933800.809792010] [planner_server]: Planning took 1 ms
[planner_server-4] [INFO] [1790933800.810406922] [planner_server]: Plan computed: 41 poses
[controller_node-5] [WARN] [1790933800.904505953] [controller_server]: path_copy succeeded.
[controller_node-5] [INFO] [1790933800.905973532] [controller_server]: Computed velocity commands: linear.x=-0.39, linear.y=-0.59, angular.z=0.00
[planner_server-4] [INFO] [1790933800.920871042] [planner_server]: Planning took 0 ms
[planner_server-4] [INFO] [1790933800.921341549] [planner_server]: Plan computed: 40 poses
[planner_server-4] [INFO] [1790933801.030918180] [planner_server]: Planning took 1 ms
[planner_server-4] [INFO] [1790933801.031198715] [planner_server]: Plan computed: 39 poses
[planner_server-4] [INFO] [1790933801.139550372] [planner_server]: Planning took 0 ms
[planner_server-4] [INFO] [1790933801.139786795] [planner_server]: Plan computed: 37 poses
[planner_server-4] [INFO] [1790933801.249167624] [planner_server]: Planning took 0 ms
[planner_server-4] [INFO] [1790933801.249406311] [planner_server]: Plan computed: 36 poses
[planner_server-4] [INFO] [1790933801.360302890] [planner_server]: Planning took 0 ms
[planner_server-4] [INFO] [1790933801.360472077] [planner_server]: Plan computed: 35 poses
[planner_server-4] [INFO] [1790933801.468518311] [planner_server]: Planning took 0 ms
[planner_server-4] [INFO] [1790933801.468940011] [planner_server]: Plan computed: 34 poses
[planner_server-4] [INFO] [1790933801.579415691] [planner_server]: Planning took 0 ms
[planner_server-4] [INFO] [1790933801.579740359] [planner_server]: Plan computed: 33 poses
[planner_server-4] [INFO] [1790933801.688486219] [planner_server]: Planning took 0 ms
[planner_server-4] [INFO] [1790933801.688894854] [planner_server]: Plan computed: 33 poses
[planner_server-4] [INFO] [1790933801.800789628] [planner_server]: Planning took 0 ms
[planner_server-4] [INFO] [1790933801.800928037] [planner_server]: Plan computed: 32 poses
[planner_server-4] [INFO] [1790933801.909553206] [planner_server]: Planning took 0 ms
[planner_server-4] [INFO] [1790933801.909705652] [planner_server]: Plan computed: 31 poses
[planner_server-4] [INFO] [1790933802.020942461] [planner_server]: Planning took 1 ms
[planner_server-4] [INFO] [1790933802.021249516] [planner_server]: Plan computed: 30 poses
[planner_server-4] [INFO] [1790933802.129901243] [planner_server]: Planning took 0 ms
[planner_server-4] [INFO] [1790933802.130199982] [planner_server]: Plan computed: 28 poses
[planner_server-4] [INFO] [1790933802.239151981] [planner_server]: Planning took 0 ms
[planner_server-4] [INFO] [1790933802.239866269] [planner_server]: Plan computed: 27 poses
[planner_server-4] [INFO] [1790933802.348486391] [planner_server]: Planning took 0 ms
[planner_server-4] [INFO] [1790933802.348795720] [planner_server]: Plan computed: 27 poses
[planner_server-4] [INFO] [1790933802.458102509] [planner_server]: Planning took 0 ms
[planner_server-4] [INFO] [1790933802.458291643] [planner_server]: Plan computed: 26 poses
[planner_server-4] [INFO] [1790933802.568965693] [planner_server]: Planning took 0 ms
[planner_server-4] [INFO] [1790933802.569165277] [planner_server]: Plan computed: 25 poses
[planner_server-4] [INFO] [1790933802.680821566] [planner_server]: Planning took 0 ms
[planner_server-4] [INFO] [1790933802.680971497] [planner_server]: Plan computed: 24 poses
[planner_server-4] [INFO] [1790933802.788455170] [planner_server]: Planning took 0 ms
[planner_server-4] [INFO] [1790933802.788994370] [planner_server]: Plan computed: 23 poses
[planner_server-4] [INFO] [1790933802.898572567] [planner_server]: Planning took 0 ms
[planner_server-4] [INFO] [1790933802.898815231] [planner_server]: Plan computed: 22 poses
[controller_node-5] [WARN] [1790933802.924159529] [controller_server]: path_copy succeeded.
[controller_node-5] [INFO] [1790933802.925543082] [controller_server]: Computed velocity commands: linear.x=-0.63, linear.y=-0.77, angular.z=0.00
[planner_server-4] [INFO] [1790933803.011385503] [planner_server]: Planning took 0 ms
[planner_server-4] [INFO] [1790933803.011508363] [planner_server]: Plan computed: 21 poses
[planner_server-4] [INFO] [1790933803.119160645] [planner_server]: Planning took 0 ms
[planner_server-4] [INFO] [1790933803.119323279] [planner_server]: Plan computed: 20 poses
[planner_server-4] [INFO] [1790933803.228498785] [planner_server]: Planning took 0 ms
[planner_server-4] [INFO] [1790933803.228936805] [planner_server]: Plan computed: 19 poses
[planner_server-4] [INFO] [1790933803.339364205] [planner_server]: Planning took 0 ms
[planner_server-4] [INFO] [1790933803.339768924] [planner_server]: Plan computed: 18 poses
[planner_server-4] [INFO] [1790933803.449445598] [planner_server]: Planning took 0 ms
[planner_server-4] [INFO] [1790933803.449682432] [planner_server]: Plan computed: 16 poses
[planner_server-4] [INFO] [1790933803.559024359] [planner_server]: Planning took 0 ms
[planner_server-4] [INFO] [1790933803.559531569] [planner_server]: Plan computed: 16 poses
[planner_server-4] [INFO] [1790933803.668909504] [planner_server]: Planning took 0 ms
[planner_server-4] [INFO] [1790933803.669142370] [planner_server]: Plan computed: 15 poses
[planner_server-4] [INFO] [1790933803.780377163] [planner_server]: Planning took 0 ms
[planner_server-4] [INFO] [1790933803.780566137] [planner_server]: Plan computed: 13 poses
[planner_server-4] [INFO] [1790933803.889250672] [planner_server]: Planning took 0 ms
[planner_server-4] [INFO] [1790933803.889396536] [planner_server]: Plan computed: 13 poses
[planner_server-4] [INFO] [1790933803.999524967] [planner_server]: Planning took 0 ms
[planner_server-4] [INFO] [1790933803.999931799] [planner_server]: Plan computed: 11 poses
[planner_server-4] [INFO] [1790933804.108780805] [planner_server]: Planning took 0 ms
[planner_server-4] [INFO] [1790933804.108971442] [planner_server]: Plan computed: 10 poses
[planner_server-4] [INFO] [1790933804.220473959] [planner_server]: Planning took 0 ms
[planner_server-4] [INFO] [1790933804.220560752] [planner_server]: Plan computed: 8 poses
[planner_server-4] [INFO] [1790933804.328717291] [planner_server]: Planning took 0 ms
[planner_server-4] [INFO] [1790933804.329162836] [planner_server]: Plan computed: 8 poses
[planner_server-4] [INFO] [1790933804.439236607] [planner_server]: Planning took 0 ms
[planner_server-4] [INFO] [1790933804.439685437] [planner_server]: Plan computed: 7 poses
[planner_server-4] [INFO] [1790933804.548104669] [planner_server]: Planning took 0 ms
[planner_server-4] [INFO] [1790933804.548232899] [planner_server]: Plan computed: 6 poses
[planner_server-4] [INFO] [1790933804.660375885] [planner_server]: Planning took 0 ms
[planner_server-4] [INFO] [1790933804.660554510] [planner_server]: Plan computed: 4 poses
[planner_server-4] [INFO] [1790933804.769708095] [planner_server]: Planning took 0 ms
[planner_server-4] [INFO] [1790933804.769973622] [planner_server]: Plan computed: 3 poses
[planner_server-4] [INFO] [1790933804.879366305] [planner_server]: Planning took 0 ms
[planner_server-4] [INFO] [1790933804.879549949] [planner_server]: Plan computed: 3 poses
[controller_node-5] [WARN] [1790933804.924309442] [controller_server]: path_copy succeeded.
[controller_node-5] [INFO] [1790933804.925877981] [controller_server]: Computed velocity commands: linear.x=0.16, linear.y=0.27, angular.z=0.00
[planner_server-4] [INFO] [1790933804.991164009] [planner_server]: Planning took 0 ms
[planner_server-4] [INFO] [1790933804.991528242] [planner_server]: Plan computed: 3 poses
[planner_server-4] [INFO] [1790933805.099207000] [planner_server]: Planning took 0 ms
[planner_server-4] [INFO] [1790933805.099302178] [planner_server]: Plan computed: 3 poses
[planner_server-4] [INFO] [1790933805.208187471] [planner_server]: Planning took 0 ms
[planner_server-4] [INFO] [1790933805.208433552] [planner_server]: Plan computed: 3 poses
[planner_server-4] [INFO] [1790933805.319470766] [planner_server]: Planning took 0 ms
[planner_server-4] [INFO] [1790933805.319615688] [planner_server]: Plan computed: 3 poses
[planner_server-4] [INFO] [1790933805.429770794] [planner_server]: Planning took 0 ms
[planner_server-4] [INFO] [1790933805.432148968] [planner_server]: Plan computed: 2 poses
[planner_server-4] [INFO] [1790933805.539239450] [planner_server]: Planning took 0 ms
[planner_server-4] [INFO] [1790933805.539827491] [planner_server]: Plan computed: 3 poses
[planner_server-4] [INFO] [1790933805.648553149] [planner_server]: Planning took 0 ms
[planner_server-4] [INFO] [1790933805.649163016] [planner_server]: Plan computed: 3 poses
[planner_server-4] [INFO] [1790933805.759484234] [planner_server]: Planning took 0 ms
[planner_server-4] [INFO] [1790933805.760120025] [planner_server]: Plan computed: 3 poses
[planner_server-4] [INFO] [1790933805.868660196] [planner_server]: Planning took 0 ms
[planner_server-4] [INFO] [1790933805.869259634] [planner_server]: Plan computed: 3 poses
[planner_server-4] [INFO] [1790933805.978308924] [planner_server]: Planning took 0 ms
[planner_server-4] [INFO] [1790933805.978507125] [planner_server]: Plan computed: 3 poses
[planner_server-4] [INFO] [1790933806.088903778] [planner_server]: Planning took 0 ms
[planner_server-4] [INFO] [1790933806.089111567] [planner_server]: Plan computed: 3 poses
[planner_server-4] [INFO] [1790933806.199378886] [planner_server]: Planning took 0 ms
[planner_server-4] [INFO] [1790933806.199619296] [planner_server]: Plan computed: 3 poses
[planner_server-4] [INFO] [1790933806.308548489] [planner_server]: Planning took 0 ms
[planner_server-4] [INFO] [1790933806.308672972] [planner_server]: Plan computed: 3 poses
[planner_server-4] [INFO] [1790933806.419184228] [planner_server]: Planning took 0 ms
[planner_server-4] [INFO] [1790933806.420339252] [planner_server]: Plan computed: 3 poses
[planner_server-4] [INFO] [1790933806.528880488] [planner_server]: Planning took 0 ms
[planner_server-4] [INFO] [1790933806.529038895] [planner_server]: Plan computed: 3 poses
[planner_server-4] [INFO] [1790933806.641316740] [planner_server]: Planning took 0 ms
[planner_server-4] [INFO] [1790933806.641515803] [planner_server]: Plan computed: 2 poses
[planner_server-4] [INFO] [1790933806.751258248] [planner_server]: Planning took 0 ms
[planner_server-4] [INFO] [1790933806.751455518] [planner_server]: Plan computed: 2 poses
[nav_interface_node-7] [INFO] [1790933806.807995371] [nav_interface_node]: [NavStateTrack] Goal reached! remaining=0.036 m, elapsed=98.52 s
[nav_interface_node-7] Sequence succeeded, halting children and returning SUCCESS
[nav_interface_node-7] [INFO] [1790933806.818414467] [nav_interface_node]: Navigation task finished successfully.
[controller_node-5] [WARN] [1790933806.944652060] [controller_server]: path_copy succeeded.
[controller_node-5] [INFO] [1790933806.945587112] [controller_server]: Computed velocity commands: linear.x=-0.06, linear.y=0.01, angular.z=0.00
[sp_decision_node-6] [INFO] [1790933806.955419298] [sp_decision]: [NavToPose] Goal succeeded.
[sp_decision_node-6] [INFO] [1790933806.955744938] [sp_decision]: [DecisionEngine] SUCCEEDED – restarting
[sp_decision_node-6] [INFO] [1790933807.055485236] [sp_decision]: [WaitDuration] Wait complete – SUCCESS.
[sp_decision_node-6] [INFO] [1790933807.055610971] [sp_decision]: [DecisionEngine] SUCCEEDED – restarting
[sp_decision_node-6] [INFO] [1790933807.155211364] [sp_decision]: [DecisionEngine] SUCCEEDED – restarting
[sp_decision_node-6] [INFO] [1790933807.255168730] [sp_decision]: [DecisionEngine] SUCCEEDED – restarting
[sp_decision_node-6] [INFO] [1790933807.355171386] [sp_decision]: [DecisionEngine] SUCCEEDED – restarting
[sp_decision_node-6] [INFO] [1790933807.455496171] [sp_decision]: [DecisionEngine] SUCCEEDED – restarting
[sp_decision_node-6] [INFO] [1790933807.555950213] [sp_decision]: [DecisionEngine] SUCCEEDED – restarting
[sp_decision_node-6] [INFO] [1790933807.655216119] [sp_decision]: [DecisionEngine] SUCCEEDED – restarting
[sp_decision_node-6] [INFO] [1790933807.755191785] [sp_decision]: [DecisionEngine] SUCCEEDED – restarting
[sp_decision_node-6] [INFO] [1790933807.855326208] [sp_decision]: [DecisionEngine] SUCCEEDED – restarting
[sp_decision_node-6] [INFO] [1790933807.955132873] [sp_decision]: [DecisionEngine] SUCCEEDED – restarting
[sp_decision_node-6] [INFO] [1790933808.055557721] [sp_decision]: [DecisionEngine] SUCCEEDED – restarting
[sp_decision_node-6] [INFO] [1790933808.155682390] [sp_decision]: [DecisionEngine] SUCCEEDED – restarting
[sp_decision_node-6] [INFO] [1790933808.255088742] [sp_decision]: [DecisionEngine] SUCCEEDED – restarting
[sp_decision_node-6] [INFO] [1790933808.355608080] [sp_decision]: [DecisionEngine] SUCCEEDED – restarting
[sp_decision_node-6] [INFO] [1790933808.455096036] [sp_decision]: [DecisionEngine] SUCCEEDED – restarting
[sp_decision_node-6] [INFO] [1790933808.555428875] [sp_decision]: [DecisionEngine] SUCCEEDED – restarting
[sp_decision_node-6] [INFO] [1790933808.656233572] [sp_decision]: [DecisionEngine] SUCCEEDED – restarting
[sp_decision_node-6] [INFO] [1790933808.755212098] [sp_decision]: [DecisionEngine] SUCCEEDED – restarting
[sp_decision_node-6] [INFO] [1790933808.855616952] [sp_decision]: [DecisionEngine] SUCCEEDED – restarting
[sp_decision_node-6] [INFO] [1790933808.955427562] [sp_decision]: [DecisionEngine] SUCCEEDED – restarting
[controller_node-5] [WARN] [1790933808.964425264] [controller_server]: path_copy succeeded.
[controller_node-5] [INFO] [1790933808.964591506] [controller_server]: Computed velocity commands: linear.x=0.00, linear.y=0.00, angular.z=0.00
[sp_decision_node-6] [INFO] [1790933809.055196008] [sp_decision]: [DecisionEngine] SUCCEEDED – restarting
[sp_decision_node-6] [INFO] [1790933809.156441831] [sp_decision]: [DecisionEngine] SUCCEEDED – restarting
[sp_decision_node-6] [INFO] [1790933809.255170626] [sp_decision]: [DecisionEngine] SUCCEEDED – restarting
[sp_decision_node-6] [INFO] [1790933809.355802059] [sp_decision]: [DecisionEngine] SUCCEEDED – restarting
[sp_decision_node-6] [INFO] [1790933809.455235075] [sp_decision]: [DecisionEngine] SUCCEEDED – restarting
[sp_decision_node-6] [INFO] [1790933809.555134887] [sp_decision]: [DecisionEngine] SUCCEEDED – restarting
[sp_decision_node-6] [INFO] [1790933809.655402313] [sp_decision]: [DecisionEngine] SUCCEEDED – restarting
[sp_decision_node-6] [INFO] [1790933809.755185673] [sp_decision]: [DecisionEngine] SUCCEEDED – restarting
[sp_decision_node-6] [INFO] [1790933809.855050133] [sp_decision]: [DecisionEngine] SUCCEEDED – restarting
[sp_decision_node-6] [INFO] [1790933809.955665625] [sp_decision]: [DecisionEngine] SUCCEEDED – restarting
[sp_decision_node-6] [INFO] [1790933810.055446978] [sp_decision]: [DecisionEngine] SUCCEEDED – restarting
[sp_decision_node-6] [INFO] [1790933810.155099241] [sp_decision]: [DecisionEngine] SUCCEEDED – restarting
[sp_decision_node-6] [INFO] [1790933810.255150860] [sp_decision]: [DecisionEngine] SUCCEEDED – restarting
[sp_decision_node-6] [INFO] [1790933810.355035807] [sp_decision]: [DecisionEngine] SUCCEEDED – restarting
[sp_decision_node-6] [INFO] [1790933810.455373231] [sp_decision]: [DecisionEngine] SUCCEEDED – restarting
[sp_decision_node-6] [INFO] [1790933810.555096124] [sp_decision]: [DecisionEngine] SUCCEEDED – restarting
[sp_decision_node-6] [INFO] [1790933810.655552972] [sp_decision]: [DecisionEngine] SUCCEEDED – restarting
[sp_decision_node-6] [INFO] [1790933810.756242225] [sp_decision]: [DecisionEngine] SUCCEEDED – restarting
[sp_decision_node-6] [INFO] [1790933810.855263985] [sp_decision]: [DecisionEngine] SUCCEEDED – restarting
[sp_decision_node-6] [INFO] [1790933810.955473530] [sp_decision]: [DecisionEngine] SUCCEEDED – restarting
[controller_node-5] [WARN] [1790933810.984062832] [controller_server]: path_copy succeeded.
[controller_node-5] [INFO] [1790933810.984189630] [controller_server]: Computed velocity commands: linear.x=0.00, linear.y=0.00, angular.z=0.00
[sp_decision_node-6] [INFO] [1790933811.055113123] [sp_decision]: [DecisionEngine] SUCCEEDED – restarting
[sp_decision_node-6] [INFO] [1790933811.155381691] [sp_decision]: [DecisionEngine] SUCCEEDED – restarting
[sp_decision_node-6] [INFO] [1790933811.255173606] [sp_decision]: [DecisionEngine] SUCCEEDED – restarting
[sp_decision_node-6] [INFO] [1790933811.355078574] [sp_decision]: [DecisionEngine] SUCCEEDED – restarting
[sp_decision_node-6] [INFO] [1790933811.455779532] [sp_decision]: [DecisionEngine] SUCCEEDED – restarting
[sp_decision_node-6] [INFO] [1790933811.555540009] [sp_decision]: [DecisionEngine] SUCCEEDED – restarting
[sp_decision_node-6] [INFO] [1790933811.654988111] [sp_decision]: [DecisionEngine] SUCCEEDED – restarting
[sp_decision_node-6] [INFO] [1790933811.755190049] [sp_decision]: [DecisionEngine] SUCCEEDED – restarting
[sp_decision_node-6] [INFO] [1790933811.855440839] [sp_decision]: [DecisionEngine] SUCCEEDED – restarting
[sp_decision_node-6] [INFO] [1790933811.955306814] [sp_decision]: [DecisionEngine] SUCCEEDED – restarting
[sp_decision_node-6] [INFO] [1790933812.055268695] [sp_decision]: [DecisionEngine] SUCCEEDED – restarting
[sp_decision_node-6] [INFO] [1790933812.155308368] [sp_decision]: [DecisionEngine] SUCCEEDED – restarting
[sp_decision_node-6] [INFO] [1790933812.255631271] [sp_decision]: [DecisionEngine] SUCCEEDED – restarting
[sp_decision_node-6] [INFO] [1790933812.355389089] [sp_decision]: [DecisionEngine] SUCCEEDED – restarting
[sp_decision_node-6] [INFO] [1790933812.455615963] [sp_decision]: [DecisionEngine] SUCCEEDED – restarting
[sp_decision_node-6] [INFO] [1790933812.555465662] [sp_decision]: [DecisionEngine] SUCCEEDED – restarting
[sp_decision_node-6] [INFO] [1790933812.655305681] [sp_decision]: [DecisionEngine] SUCCEEDED – restarting
[sp_decision_node-6] [INFO] [1790933812.754972386] [sp_decision]: [DecisionEngine] SUCCEEDED – restarting
[sp_decision_node-6] [INFO] [1790933812.855094114] [sp_decision]: [DecisionEngine] SUCCEEDED – restarting
[sp_decision_node-6] [INFO] [1790933812.955635997] [sp_decision]: [DecisionEngine] SUCCEEDED – restarting
[controller_node-5] [WARN] [1790933812.984105783] [controller_server]: path_copy succeeded.
[controller_node-5] [INFO] [1790933812.984239182] [controller_server]: Computed velocity commands: linear.x=0.00, linear.y=0.00, angular.z=0.00
[sp_decision_node-6] [INFO] [1790933813.055633769] [sp_decision]: [DecisionEngine] SUCCEEDED – restarting
[sp_decision_node-6] [INFO] [1790933813.155146860] [sp_decision]: [DecisionEngine] SUCCEEDED – restarting
[sp_decision_node-6] [INFO] [1790933813.255979858] [sp_decision]: [DecisionEngine] SUCCEEDED – restarting
[sp_decision_node-6] [INFO] [1790933813.355514990] [sp_decision]: [DecisionEngine] SUCCEEDED – restarting
[sp_decision_node-6] [INFO] [1790933813.455382099] [sp_decision]: [DecisionEngine] SUCCEEDED – restarting
[WARNING] [launch]: user interrupted with ctrl-c (SIGINT)
[nav_interface_node-7] [INFO] [1790933813.535645012] [rclcpp]: signal_handler(SIGINT/SIGTERM)
[controller_node-5] [INFO] [1790933813.535827083] [rclcpp]: signal_handler(SIGINT/SIGTERM)
[esdf_map_publisher-3] [INFO] [1790933813.535880032] [rclcpp]: signal_handler(SIGINT/SIGTERM)
[sp_decision_node-6] [INFO] [1790933813.535938762] [rclcpp]: signal_handler(SIGINT/SIGTERM)
[sp_decision_node-6] [INFO] [1790933813.537020618] [sp_decision]: [DecisionEngine] Stopped.
[planner_server-4] [INFO] [1790933813.536478553] [rclcpp]: signal_handler(SIGINT/SIGTERM)
[rviz2-8] [INFO] [1790933813.535541328] [rclcpp]: signal_handler(SIGINT/SIGTERM)
[static_transform_publisher-1] [INFO] [1790933813.536972118] [rclcpp]: signal_handler(SIGINT/SIGTERM)
[INFO] [rviz2-8]: sending signal 'SIGINT' to process[rviz2-8]
[INFO] [nav_interface_node-7]: sending signal 'SIGINT' to process[nav_interface_node-7]
[INFO] [sp_decision_node-6]: sending signal 'SIGINT' to process[sp_decision_node-6]
[INFO] [controller_node-5]: sending signal 'SIGINT' to process[controller_node-5]
[INFO] [planner_server-4]: sending signal 'SIGINT' to process[planner_server-4]
[INFO] [esdf_map_publisher-3]: sending signal 'SIGINT' to process[esdf_map_publisher-3]
[INFO] [sim_robot-2]: sending signal 'SIGINT' to process[sim_robot-2]
[ERROR] [nav_interface_node-7]: process has died [pid 47959, exit code -2, cmd '/home/zrj/nav_final_project/install/sp_nav_bt/lib/sp_nav_bt/nav_interface_node --ros-args -r __node:=nav_interface_node --params-file /home/zrj/nav_final_project/install/sp_nav_bringup/share/sp_nav_bringup/config/nav_params.yaml --params-file /tmp/launch_params_t14kavvf'].
[INFO] [static_transform_publisher-1]: sending signal 'SIGINT' to process[static_transform_publisher-1]
[rviz2-8] [INFO] [1790933813.570402701] [rclcpp]: signal_handler(SIGINT/SIGTERM)
[sp_decision_node-6] [INFO] [1790933813.584738256] [rclcpp]: signal_handler(SIGINT/SIGTERM)
[ERROR] [controller_node-5]: process has died [pid 47955, exit code -2, cmd '/home/zrj/nav_final_project/install/sp_controller_server/lib/sp_controller_server/controller_node --ros-args -r __node:=controller_server --params-file /home/zrj/nav_final_project/install/sp_nav_bringup/share/sp_nav_bringup/config/nav_params.yaml --params-file /tmp/launch_params_q7evi6dl'].
[sim_robot-2] Traceback (most recent call last):
[sim_robot-2]   File "/home/zrj/nav_final_project/install/sp_nav_sim/lib/sp_nav_sim/sim_robot", line 33, in <module>
[sim_robot-2]     sys.exit(load_entry_point('sp-nav-sim', 'console_scripts', 'sim_robot')())
[sim_robot-2]   File "/home/zrj/nav_final_project/build/sp_nav_sim/sp_nav_sim/sim_robot_node.py", line 600, in main
[sim_robot-2]     pygame.quit()
[sim_robot-2] KeyboardInterrupt
[ERROR] [planner_server-4]: process has died [pid 47953, exit code -2, cmd '/home/zrj/nav_final_project/install/sp_global_planner/lib/sp_global_planner/planner_server --ros-args -r __node:=planner_server --params-file /home/zrj/nav_final_project/install/sp_nav_bringup/share/sp_nav_bringup/config/nav_params.yaml --params-file /tmp/launch_params_pq6g_2qe'].
[ERROR] [static_transform_publisher-1]: process has died [pid 47947, exit code -2, cmd '/opt/ros/humble/lib/tf2_ros/static_transform_publisher 0 0.15 0 0 0 0 base_link livox_frame --ros-args'].
[ERROR] [esdf_map_publisher-3]: process has died [pid 47951, exit code -2, cmd '/home/zrj/nav_final_project/install/sp_map_server/lib/sp_map_server/esdf_map_publisher --ros-args -r __node:=esdf_map_publisher --params-file /home/zrj/nav_final_project/install/sp_nav_bringup/share/sp_nav_bringup/config/nav_params.yaml --params-file /tmp/launch_params_nrkb18hl'].
[sim_robot-2] The following exception was never retrieved: cannot use Destroyable because destruction was requested
[ERROR] [sim_robot-2]: process has died [pid 47949, exit code -2, cmd '/home/zrj/nav_final_project/install/sp_nav_sim/lib/sp_nav_sim/sim_robot --ros-args -r __node:=sim_robot_node --params-file /home/zrj/nav_final_project/install/sp_nav_sim/share/sp_nav_sim/config/sim_robot.yaml'].
[INFO] [rviz2-8]: process has finished cleanly [pid 47961]
[ERROR] [sp_decision_node-6]: process[sp_decision_node-6] failed to terminate '5' seconds after receiving 'SIGINT', escalating to 'SIGTERM'
[INFO] [sp_decision_node-6]: sending signal 'SIGTERM' to process[sp_decision_node-6]
[sp_decision_node-6] [INFO] [1790933818.569157407] [rclcpp]: signal_handler(SIGINT/SIGTERM)
[ERROR] [sp_decision_node-6]: process[sp_decision_node-6] failed to terminate '10.0' seconds after receiving 'SIGTERM', escalating to 'SIGKILL'
[INFO] [sp_decision_node-6]: sending signal 'SIGKILL' to process[sp_decision_node-6]
[ERROR] [sp_decision_node-6]: process has died [pid 47957, exit code -9, cmd '/home/zrj/nav_final_project/install/sp_decision/lib/sp_decision/sp_decision_node --ros-args -r __node:=sp_decision --params-file /home/zrj/nav_final_project/install/sp_nav_bringup/share/sp_nav_bringup/config/nav_params.yaml --params-file /tmp/launch_params_0xrblat0'].
