[INFO] [launch]: All log files can be found below /home/zrj/.ros/log/2026-10-02-09-59-36-797975-zrj-virtual-machine-183565
[INFO] [launch]: Default logging verbosity is set to INFO
[INFO] [sim_robot-2]: process started with pid [183576]
[INFO] [static_transform_publisher-1]: process started with pid [183574]
[INFO] [esdf_map_publisher-3]: process started with pid [183578]
[INFO] [planner_server-4]: process started with pid [183580]
[INFO] [controller_node-5]: process started with pid [183582]
[INFO] [sp_decision_node-6]: process started with pid [183584]
[INFO] [nav_interface_node-7]: process started with pid [183586]
[INFO] [rviz2-8]: process started with pid [183590]
[static_transform_publisher-1] [WARN] [1790949576.936795705] []: Old-style arguments are deprecated; see --help for new-style arguments
[static_transform_publisher-1] [INFO] [1790949577.024171931] [static_transform_publisher_EtQ2iZrthnZyJwWb]: Spinning until stopped - publishing transform
[static_transform_publisher-1] translation: ('0.000000', '0.150000', '0.000000')
[static_transform_publisher-1] rotation: ('0.000000', '0.000000', '0.000000', '1.000000')
[static_transform_publisher-1] from 'base_link' to 'livox_frame'
[controller_node-5] [INFO] [1790949577.028025766] [controller_server]: PID configured: max_speed=1.25 m/s horizon=28 dt=0.070 s
[controller_node-5] [INFO] [1790949577.028158595] [controller_server]: Loaded controller plugin: PidController (PidController)
[planner_server-4] [INFO] [1790949577.043352439] [planner_server]: PlannerServer ready. costmap_topic=/global_costmap local_costmap_topic=/local_costmap/costmap path_topic=/global_path service=make_plan plugin=AStar (sp_global_planner/AStarPlanner)
[planner_server-4] [INFO] [1790949577.050541167] [planner_server]: AStarPlanner configured: lethal_cost=95 cost_weight=6.000
[planner_server-4] [INFO] [1790949577.050598835] [planner_server]: PlannerServer ready. costmap_topic=/global_costmap local_costmap_topic=/local_costmap/costmap path_topic=/global_path service=make_plan plugin=AStar (sp_global_planner/AStarPlanner)
[nav_interface_node-7] [INFO] [1790949577.052370123] [nav_interface_node]: Loading plugin: nav_compute_path_service
[nav_interface_node-7] [INFO] [1790949577.054102719] [nav_interface_node]: Loading plugin: nav_state_track
[nav_interface_node-7] [INFO] [1790949577.058594133] [nav_interface_node]: Loading plugin: nav_rate_control
[nav_interface_node-7] [INFO] [1790949577.059515990] [nav_interface_node]: Loading plugin: nav_repeat_sequence
[nav_interface_node-7] [INFO] [1790949577.059891614] [nav_interface_node]: Loading plugin: nav_get_pose
[nav_interface_node-7] [INFO] [1790949577.065905380] [nav_interface_node]: Loading plugin: nav_set_control_enable
[nav_interface_node-7] [INFO] [1790949577.066951379] [nav_interface_node]: Initializing BT from: /home/zrj/nav_final_project/install/sp_nav_bt/share/sp_nav_bt/nav_bt/default_nav_with_fallback.xml
[nav_interface_node-7] [INFO] [1790949577.185187775] [nav_interface_node]: Navigation Interface Node initialized.
[nav_interface_node-7] [INFO] [1790949577.206191042] [nav_interface_node]: Restart-task service ready at /nav_interface/restart_task
[sp_decision_node-6] [WARN] [1790949577.228150372] [rcl.logging_rosout]: Publisher already registered for provided node name. If this is due to multiple nodes with the same name then all logs for that logger name will go out over the existing publisher. As soon as any node with that name is destructed it will unregister the publisher, preventing any further logs for that name from being published on the rosout topic.
[sp_decision_node-6] [INFO] [1790949577.291435871] [sp_decision]: [BlackboardBridge] Initialized (goal_pose only).
[esdf_map_publisher-3] [INFO] [1790949577.365592928] [esdf_map_publisher]: Loaded map: /home/zrj/nav_final_project/install/sp_nav_bringup/share/sp_nav_bringup/map/maze_map.pgm  size=300x300  res=0.050 m/cell  origin=[0.000, 0.000, 0.000]  negate=0  unknown_as_obstacle=false
[sim_robot-2] pygame 2.1.2 (SDL 2.0.20, Python 3.10.12)
[sim_robot-2] Hello from the pygame community. https://www.pygame.org/contribute.html
[sp_decision_node-6] [INFO] [1790949577.491972509] [sp_decision]: [BtEngine] Loading plugin: nav_to_pose_bt_node
[sp_decision_node-6] [INFO] [1790949577.497856282] [sp_decision]: [BtEngine] Loading plugin: condition_judge_bt_node
[sp_decision_node-6] [INFO] [1790949577.572243389] [sp_decision]: [BtEngine] Loading plugin: wait_duration_bt_node
[sp_decision_node-6] [INFO] [1790949577.573108751] [sp_decision]: [BtEngine] Loading plugin: gimbal_control_bt_node
[sp_decision_node-6] [INFO] [1790949577.574531276] [sp_decision]: [BtEngine] Loading plugin: chassis_mode_bt_node
[sp_decision_node-6] [INFO] [1790949577.575746663] [sp_decision]: [BtEngine] Loading plugin: set_double_bt_node
[sp_decision_node-6] [INFO] [1790949577.576433850] [sp_decision]: [BtEngine] Initialising tree from: /home/zrj/nav_final_project/install/sp_decision/share/sp_decision/decision_trees/click_nav.xml
[sp_decision_node-6] [WARN] [1790949577.577807313] [rcl.logging_rosout]: Publisher already registered for provided node name. If this is due to multiple nodes with the same name then all logs for that logger name will go out over the existing publisher. As soon as any node with that name is destructed it will unregister the publisher, preventing any further logs for that name from being published on the rosout topic.
[sp_decision_node-6] [INFO] [1790949577.605038859] [sp_decision]: [NavToPose] BT node 'NavToPose' initialised (ros node: nav_to_pose_0).
[sp_decision_node-6] [INFO] [1790949577.606632735] [sp_decision]: [ChassisMode] BT node initialised.
[sp_decision_node-6] [INFO] [1790949577.608418390] [sp_decision]: [GimbalControl] BT node initialised.
[sp_decision_node-6] [INFO] [1790949577.608484363] [sp_decision]: [WaitDuration] BT node initialised.
[sp_decision_node-6] [INFO] [1790949577.608763527] [sp_decision]: [DecisionEngine] Started with tree: /home/zrj/nav_final_project/install/sp_decision/share/sp_decision/decision_trees/click_nav.xml
[sp_decision_node-6] [INFO] [1790949577.609246101] [sp_decision]: [DecisionEngine] Started: /home/zrj/nav_final_project/install/sp_decision/share/sp_decision/decision_trees/click_nav.xml
[sp_decision_node-6] [INFO] [1790949577.610148461] [ConditionJudge]: [ConditionJudge] Initialised: 2 variables, 3 conditions, 3 children.
[sp_decision_node-6] [INFO] [1790949577.610201100] [sp_decision]: [WaitDuration] duration < 0 – blocking forever (RUNNING).
[rviz2-8] [INFO] [1790949577.683453482] [rviz2]: Stereo is NOT SUPPORTED
[rviz2-8] [INFO] [1790949577.683824777] [rviz2]: OpenGl version: 4.3 (GLSL 4.3)
[rviz2-8] [INFO] [1790949577.763377241] [rviz2]: Stereo is NOT SUPPORTED
[rviz2-8] [INFO] [1790949578.425249162] [rviz2]: Trying to create a map of size 300 x 300 using 1 swatches
[rviz2-8] [ERROR] [1790949578.439955663] [rviz2]: Vertex Program:rviz/glsl120/indexed_8bit_image.vert Fragment Program:rviz/glsl120/indexed_8bit_image.frag GLSL link result : 
[rviz2-8] active samplers with a different type refer to the same texture image unit
[sim_robot-2] [0m[INFO] [1790949579.807214889] [sim_robot_node]: SimRobotNode ready | map=/home/zrj/nav_final_project/install/sp_nav_bringup/share/sp_nav_bringup/map/maze_map.pgm | robots=[1, 2, 3] | sim=30.0Hz pub=30.0Hz odom=30.0Hz[0m
[sim_robot-2] [0m[INFO] [1790949579.809034490] [sim_robot_node]: map->lidar_odom origin=(0.900, 0.900) | start: base_link ≡ lidar_odom[0m
[sim_robot-2] [0m[INFO] [1790949579.809665372] [sim_robot_node]: gimbal_topic=/gimbal/control scan_speed=1.0 rad/s | chassis_topic=/chassis/mode[0m
[sim_robot-2] [0m[INFO] [1790949579.810562302] [sim_robot_node]: local_costmap_topic=/local_costmap/costmap frame=map window=4.00x4.00m[0m
[rviz2-8] [INFO] [1790949580.429201363] [rviz2]: Trying to create a map of size 58 x 58 using 1 swatches
[planner_server-4] [INFO] [1790949615.290262199] [planner_server]: Received goal from /goal_pose: (14.100, 14.100) frame=map
[sp_decision_node-6] [INFO] [1790949615.291734793] [sp_decision]: [BlackboardBridge] New goal_pose  x=14.100  y=14.100
[sp_decision_node-6] [INFO] [1790949615.384942705] [ConditionJudge]: [ConditionJudge] Switching child 2 -> 0, halting previous.
[sp_decision_node-6] [INFO] [1790949615.385044446] [sp_decision]: [WaitDuration] Halted – timer cleared.
[sp_decision_node-6] [INFO] [1790949615.385259889] [sp_decision]: [DecisionEngine] SUCCEEDED – restarting
[sp_decision_node-6] [INFO] [1790949615.484717326] [sp_decision]: [NavToPose] Using blackboard PoseStamped  x=14.100  y=14.100  frame='map'
[sp_decision_node-6] [INFO] [1790949615.485057072] [sp_decision]: [NavToPose] Sending goal  x=14.100  y=14.100  frame='map'
[nav_interface_node-7] [INFO] [1790949615.486879537] [nav_interface_node]: Received goal request: Go to (14.10, 14.10)
[nav_interface_node-7] [INFO] [1790949615.489665015] [nav_interface_node]: BT goal_pose set to ORIGINAL action goal: (14.100, 14.100)
[nav_interface_node-7] [INFO] [1790949615.489808534] [nav_interface_node]: Executing Static BT for goal...
[nav_interface_node-7] [INFO] [1790949615.489844581] [nav_interface_node]: Running Behavior Tree...
[planner_server-4] [INFO] [1790949615.523343202] [planner_server]: Planning took 23 ms
[planner_server-4] [INFO] [1790949615.524277883] [planner_server]: Plan computed: 889 poses
[controller_node-5] [INFO] [1790949615.531375851] [controller_server]: Control enabled
[nav_interface_node-7] [INFO] [1790949615.545996644] [nav_interface_node]: [SetControlEnable] Control enabled
[nav_interface_node-7] [INFO] [1790949615.546111089] [nav_interface_node]: [NavStateTrack] Task started, monitoring navigation progress.
[nav_interface_node-7] [INFO] [1790949615.546129814] [nav_interface_node]: [NavStateTrack] onStart() entered.
[controller_node-5] [WARN] [1790949615.546492363] [controller_server]: path_copy succeeded.
[controller_node-5] [INFO] [1790949615.546769933] [controller_server]: Computed velocity commands: linear.x=-0.03, linear.y=-0.01, angular.z=0.00
[planner_server-4] [INFO] [1790949615.678100835] [planner_server]: Planning took 24 ms
[planner_server-4] [INFO] [1790949615.678476499] [planner_server]: Plan computed: 889 poses
[sp_decision_node-6] [INFO] [1790949615.684385850] [sp_decision]: [NavToPose] Goal ACCEPTED – robot is navigating.
[planner_server-4] [INFO] [1790949615.814972808] [planner_server]: Planning took 24 ms
[planner_server-4] [INFO] [1790949615.815627926] [planner_server]: Plan computed: 889 poses
[planner_server-4] [INFO] [1790949615.945877452] [planner_server]: Planning took 21 ms
[planner_server-4] [INFO] [1790949615.946212179] [planner_server]: Plan computed: 889 poses
[rviz2-8] [INFO] [1790949615.956614518] [rviz2]: Trying to create a map of size 58 x 57 using 1 swatches
[planner_server-4] [INFO] [1790949616.076534922] [planner_server]: Planning took 25 ms
[planner_server-4] [INFO] [1790949616.077122603] [planner_server]: Plan computed: 888 poses
[planner_server-4] [INFO] [1790949616.210255793] [planner_server]: Planning took 24 ms
[planner_server-4] [INFO] [1790949616.210611729] [planner_server]: Plan computed: 888 poses
[rviz2-8] [INFO] [1790949616.246369442] [rviz2]: Trying to create a map of size 58 x 58 using 1 swatches
[planner_server-4] [INFO] [1790949616.343499007] [planner_server]: Planning took 25 ms
[planner_server-4] [INFO] [1790949616.344067422] [planner_server]: Plan computed: 888 poses
[planner_server-4] [INFO] [1790949616.473505398] [planner_server]: Planning took 21 ms
[planner_server-4] [INFO] [1790949616.474058845] [planner_server]: Plan computed: 888 poses
[planner_server-4] [INFO] [1790949616.606207547] [planner_server]: Planning took 25 ms
[planner_server-4] [INFO] [1790949616.606569645] [planner_server]: Plan computed: 888 poses
[planner_server-4] [INFO] [1790949616.736621464] [planner_server]: Planning took 21 ms
[planner_server-4] [INFO] [1790949616.736934991] [planner_server]: Plan computed: 887 poses
[rviz2-8] [INFO] [1790949616.755383535] [rviz2]: Trying to create a map of size 59 x 58 using 1 swatches
[planner_server-4] [INFO] [1790949616.863759541] [planner_server]: Planning took 21 ms
[planner_server-4] [INFO] [1790949616.864440827] [planner_server]: Plan computed: 887 poses
[rviz2-8] [INFO] [1790949616.883166199] [rviz2]: Trying to create a map of size 60 x 58 using 1 swatches
[planner_server-4] [INFO] [1790949616.992751907] [planner_server]: Planning took 21 ms
[planner_server-4] [INFO] [1790949616.993220495] [planner_server]: Plan computed: 886 poses
[rviz2-8] [INFO] [1790949617.105747482] [rviz2]: Trying to create a map of size 61 x 58 using 1 swatches
[planner_server-4] [INFO] [1790949617.124115235] [planner_server]: Planning took 22 ms
[planner_server-4] [INFO] [1790949617.124438200] [planner_server]: Plan computed: 885 poses
[rviz2-8] [INFO] [1790949617.233706277] [rviz2]: Trying to create a map of size 62 x 58 using 1 swatches
[planner_server-4] [INFO] [1790949617.265183391] [planner_server]: Planning took 21 ms
[planner_server-4] [INFO] [1790949617.265790328] [planner_server]: Plan computed: 884 poses
[rviz2-8] [INFO] [1790949617.329693031] [rviz2]: Trying to create a map of size 63 x 59 using 1 swatches
[rviz2-8] [INFO] [1790949617.361262698] [rviz2]: Trying to create a map of size 64 x 59 using 1 swatches
[planner_server-4] [INFO] [1790949617.398969213] [planner_server]: Planning took 24 ms
[planner_server-4] [INFO] [1790949617.399544621] [planner_server]: Plan computed: 882 poses
[rviz2-8] [INFO] [1790949617.490352712] [rviz2]: Trying to create a map of size 65 x 59 using 1 swatches
[rviz2-8] [INFO] [1790949617.523068176] [rviz2]: Trying to create a map of size 66 x 59 using 1 swatches
[planner_server-4] [INFO] [1790949617.532373049] [planner_server]: Planning took 26 ms
[planner_server-4] [INFO] [1790949617.533398260] [planner_server]: Plan computed: 881 poses
[controller_node-5] [WARN] [1790949617.563624690] [controller_server]: path_copy succeeded.
[controller_node-5] [INFO] [1790949617.563869108] [controller_server]: Computed velocity commands: linear.x=-0.44, linear.y=0.70, angular.z=0.00
[rviz2-8] [INFO] [1790949617.649760007] [rviz2]: Trying to create a map of size 67 x 60 using 1 swatches
[planner_server-4] [INFO] [1790949617.668141684] [planner_server]: Planning took 24 ms
[planner_server-4] [INFO] [1790949617.669529985] [planner_server]: Plan computed: 880 poses
[rviz2-8] [INFO] [1790949617.682176702] [rviz2]: Trying to create a map of size 68 x 60 using 1 swatches
[planner_server-4] [INFO] [1790949617.803690922] [planner_server]: Planning took 23 ms
[planner_server-4] [INFO] [1790949617.804223695] [planner_server]: Plan computed: 879 poses
[rviz2-8] [INFO] [1790949617.843082283] [rviz2]: Trying to create a map of size 69 x 60 using 1 swatches
[rviz2-8] [INFO] [1790949617.905639301] [rviz2]: Trying to create a map of size 70 x 60 using 1 swatches
[rviz2-8] [INFO] [1790949617.937688070] [rviz2]: Trying to create a map of size 71 x 60 using 1 swatches
[planner_server-4] [INFO] [1790949617.940198814] [planner_server]: Planning took 21 ms
[planner_server-4] [INFO] [1790949617.940684293] [planner_server]: Plan computed: 876 poses
[rviz2-8] [INFO] [1790949618.012000436] [rviz2]: Trying to create a map of size 72 x 61 using 1 swatches
[planner_server-4] [INFO] [1790949618.074426143] [planner_server]: Planning took 20 ms
[planner_server-4] [INFO] [1790949618.074947870] [planner_server]: Plan computed: 875 poses
[rviz2-8] [INFO] [1790949618.099403710] [rviz2]: Trying to create a map of size 74 x 61 using 1 swatches
[rviz2-8] [INFO] [1790949618.194460812] [rviz2]: Trying to create a map of size 75 x 61 using 1 swatches
[planner_server-4] [INFO] [1790949618.208153256] [planner_server]: Planning took 24 ms
[planner_server-4] [INFO] [1790949618.208504053] [planner_server]: Plan computed: 873 poses
[rviz2-8] [INFO] [1790949618.258883260] [rviz2]: Trying to create a map of size 76 x 61 using 1 swatches
[planner_server-4] [INFO] [1790949618.347794900] [planner_server]: Planning took 23 ms
[planner_server-4] [INFO] [1790949618.348358025] [planner_server]: Plan computed: 871 poses
[planner_server-4] [INFO] [1790949618.475436977] [planner_server]: Planning took 21 ms
[planner_server-4] [INFO] [1790949618.475871270] [planner_server]: Plan computed: 870 poses
[rviz2-8] [INFO] [1790949618.482203534] [rviz2]: Trying to create a map of size 77 x 62 using 1 swatches
[rviz2-8] [INFO] [1790949618.578573872] [rviz2]: Trying to create a map of size 79 x 62 using 1 swatches
[planner_server-4] [INFO] [1790949618.606536529] [planner_server]: Planning took 21 ms
[planner_server-4] [INFO] [1790949618.607027238] [planner_server]: Plan computed: 868 poses
[rviz2-8] [INFO] [1790949618.673514226] [rviz2]: Trying to create a map of size 80 x 62 using 1 swatches
[planner_server-4] [INFO] [1790949618.744666440] [planner_server]: Planning took 28 ms
[planner_server-4] [INFO] [1790949618.744960380] [planner_server]: Plan computed: 867 poses
[planner_server-4] [INFO] [1790949618.875722921] [planner_server]: Planning took 21 ms
[planner_server-4] [INFO] [1790949618.876051717] [planner_server]: Plan computed: 866 poses
[planner_server-4] [INFO] [1790949619.003851955] [planner_server]: Planning took 20 ms
[planner_server-4] [INFO] [1790949619.004188305] [planner_server]: Plan computed: 865 poses
[planner_server-4] [INFO] [1790949619.136152485] [planner_server]: Planning took 22 ms
[planner_server-4] [INFO] [1790949619.136620682] [planner_server]: Plan computed: 864 poses
[planner_server-4] [INFO] [1790949619.266535764] [planner_server]: Planning took 23 ms
[planner_server-4] [INFO] [1790949619.267002198] [planner_server]: Plan computed: 864 poses
[rviz2-8] [INFO] [1790949619.281877527] [rviz2]: Trying to create a map of size 80 x 63 using 1 swatches
[planner_server-4] [INFO] [1790949619.397469723] [planner_server]: Planning took 22 ms
[planner_server-4] [INFO] [1790949619.398408362] [planner_server]: Plan computed: 863 poses
[planner_server-4] [INFO] [1790949619.524894599] [planner_server]: Planning took 21 ms
[planner_server-4] [INFO] [1790949619.525393233] [planner_server]: Plan computed: 863 poses
[rviz2-8] [INFO] [1790949619.569401184] [rviz2]: Trying to create a map of size 80 x 64 using 1 swatches
[controller_node-5] [WARN] [1790949619.582988410] [controller_server]: path_copy succeeded.
[controller_node-5] [INFO] [1790949619.583493476] [controller_server]: Computed velocity commands: linear.x=-0.36, linear.y=0.97, angular.z=0.00
[planner_server-4] [INFO] [1790949619.664689711] [planner_server]: Planning took 27 ms
[planner_server-4] [INFO] [1790949619.665300045] [planner_server]: Plan computed: 862 poses
[planner_server-4] [INFO] [1790949619.796260374] [planner_server]: Planning took 21 ms
[planner_server-4] [INFO] [1790949619.796732578] [planner_server]: Plan computed: 862 poses
[rviz2-8] [INFO] [1790949619.889681773] [rviz2]: Trying to create a map of size 80 x 65 using 1 swatches
[planner_server-4] [INFO] [1790949619.927141916] [planner_server]: Planning took 21 ms
[planner_server-4] [INFO] [1790949619.927645519] [planner_server]: Plan computed: 861 poses
[rviz2-8] [INFO] [1790949619.954571967] [rviz2]: Trying to create a map of size 80 x 66 using 1 swatches
[planner_server-4] [INFO] [1790949620.054882839] [planner_server]: Planning took 21 ms
[planner_server-4] [INFO] [1790949620.055365643] [planner_server]: Plan computed: 860 poses
[rviz2-8] [INFO] [1790949620.114546922] [rviz2]: Trying to create a map of size 80 x 67 using 1 swatches
[planner_server-4] [INFO] [1790949620.183897618] [planner_server]: Planning took 20 ms
[planner_server-4] [INFO] [1790949620.184642564] [planner_server]: Plan computed: 859 poses
[rviz2-8] [INFO] [1790949620.242217252] [rviz2]: Trying to create a map of size 80 x 68 using 1 swatches
[planner_server-4] [INFO] [1790949620.316401810] [planner_server]: Planning took 21 ms
[planner_server-4] [INFO] [1790949620.316804535] [planner_server]: Plan computed: 858 poses
[rviz2-8] [INFO] [1790949620.369637409] [rviz2]: Trying to create a map of size 80 x 70 using 1 swatches
[planner_server-4] [INFO] [1790949620.445584113] [planner_server]: Planning took 22 ms
[planner_server-4] [INFO] [1790949620.446131579] [planner_server]: Plan computed: 856 poses
[rviz2-8] [INFO] [1790949620.562219059] [rviz2]: Trying to create a map of size 80 x 71 using 1 swatches
[planner_server-4] [INFO] [1790949620.576015437] [planner_server]: Planning took 21 ms
[planner_server-4] [INFO] [1790949620.576358309] [planner_server]: Plan computed: 854 poses
[rviz2-8] [INFO] [1790949620.594224928] [rviz2]: Trying to create a map of size 80 x 72 using 1 swatches
[rviz2-8] [INFO] [1790949620.690596219] [rviz2]: Trying to create a map of size 80 x 73 using 1 swatches
[planner_server-4] [INFO] [1790949620.704502192] [planner_server]: Planning took 20 ms
[planner_server-4] [INFO] [1790949620.704857367] [planner_server]: Plan computed: 853 poses
[planner_server-4] [INFO] [1790949620.836110596] [planner_server]: Planning took 21 ms
[planner_server-4] [INFO] [1790949620.836568323] [planner_server]: Plan computed: 852 poses
[rviz2-8] [INFO] [1790949620.881593570] [rviz2]: Trying to create a map of size 80 x 74 using 1 swatches
[rviz2-8] [INFO] [1790949620.946103582] [rviz2]: Trying to create a map of size 80 x 75 using 1 swatches
[planner_server-4] [INFO] [1790949620.966460632] [planner_server]: Planning took 22 ms
[planner_server-4] [INFO] [1790949620.966846094] [planner_server]: Plan computed: 851 poses
[rviz2-8] [INFO] [1790949621.042622202] [rviz2]: Trying to create a map of size 80 x 77 using 1 swatches
[planner_server-4] [INFO] [1790949621.102289934] [planner_server]: Planning took 23 ms
[planner_server-4] [INFO] [1790949621.103400024] [planner_server]: Plan computed: 849 poses
[rviz2-8] [INFO] [1790949621.170110136] [rviz2]: Trying to create a map of size 80 x 78 using 1 swatches
[planner_server-4] [INFO] [1790949621.236792816] [planner_server]: Planning took 21 ms
[planner_server-4] [INFO] [1790949621.237738287] [planner_server]: Plan computed: 848 poses
[rviz2-8] [INFO] [1790949621.328864973] [rviz2]: Trying to create a map of size 80 x 79 using 1 swatches
[rviz2-8] [INFO] [1790949621.363220298] [rviz2]: Trying to create a map of size 80 x 80 using 1 swatches
[planner_server-4] [INFO] [1790949621.368592023] [planner_server]: Planning took 23 ms
[planner_server-4] [INFO] [1790949621.369309648] [planner_server]: Plan computed: 847 poses
[planner_server-4] [INFO] [1790949621.498100403] [planner_server]: Planning took 20 ms
[planner_server-4] [INFO] [1790949621.498509089] [planner_server]: Plan computed: 845 poses
[controller_node-5] [WARN] [1790949621.583340314] [controller_server]: path_copy succeeded.
[controller_node-5] [INFO] [1790949621.583670502] [controller_server]: Computed velocity commands: linear.x=0.70, linear.y=0.34, angular.z=0.00
[planner_server-4] [INFO] [1790949621.629883254] [planner_server]: Planning took 23 ms
[planner_server-4] [INFO] [1790949621.630373903] [planner_server]: Plan computed: 844 poses
[planner_server-4] [INFO] [1790949621.758199761] [planner_server]: Planning took 22 ms
[planner_server-4] [INFO] [1790949621.758585393] [planner_server]: Plan computed: 844 poses
[planner_server-4] [INFO] [1790949621.885533656] [planner_server]: Planning took 22 ms
[planner_server-4] [INFO] [1790949621.885951399] [planner_server]: Plan computed: 844 poses
[planner_server-4] [INFO] [1790949622.015592076] [planner_server]: Planning took 21 ms
[planner_server-4] [INFO] [1790949622.016134292] [planner_server]: Plan computed: 844 poses
[planner_server-4] [INFO] [1790949622.146877626] [planner_server]: Planning took 22 ms
[planner_server-4] [INFO] [1790949622.147371732] [planner_server]: Plan computed: 844 poses
[planner_server-4] [INFO] [1790949622.276991305] [planner_server]: Planning took 21 ms
[planner_server-4] [INFO] [1790949622.277440977] [planner_server]: Plan computed: 844 poses
[planner_server-4] [INFO] [1790949622.407480037] [planner_server]: Planning took 22 ms
[planner_server-4] [INFO] [1790949622.408078698] [planner_server]: Plan computed: 843 poses
[planner_server-4] [INFO] [1790949622.536636117] [planner_server]: Planning took 22 ms
[planner_server-4] [INFO] [1790949622.536989459] [planner_server]: Plan computed: 843 poses
[planner_server-4] [INFO] [1790949622.667227727] [planner_server]: Planning took 24 ms
[planner_server-4] [INFO] [1790949622.667669745] [planner_server]: Plan computed: 842 poses
[planner_server-4] [INFO] [1790949622.797250681] [planner_server]: Planning took 21 ms
[planner_server-4] [INFO] [1790949622.797877996] [planner_server]: Plan computed: 842 poses
[planner_server-4] [INFO] [1790949622.924361800] [planner_server]: Planning took 21 ms
[planner_server-4] [INFO] [1790949622.924700164] [planner_server]: Plan computed: 842 poses
[planner_server-4] [INFO] [1790949623.054979288] [planner_server]: Planning took 21 ms
[planner_server-4] [INFO] [1790949623.055319866] [planner_server]: Plan computed: 841 poses
[planner_server-4] [INFO] [1790949623.185480038] [planner_server]: Planning took 20 ms
[planner_server-4] [INFO] [1790949623.186044235] [planner_server]: Plan computed: 840 poses
[planner_server-4] [INFO] [1790949623.315493943] [planner_server]: Planning took 21 ms
[planner_server-4] [INFO] [1790949623.319081605] [planner_server]: Plan computed: 839 poses
[planner_server-4] [INFO] [1790949623.445638388] [planner_server]: Planning took 21 ms
[planner_server-4] [INFO] [1790949623.446267837] [planner_server]: Plan computed: 837 poses
[planner_server-4] [INFO] [1790949623.572915157] [planner_server]: Planning took 20 ms
[planner_server-4] [INFO] [1790949623.573676182] [planner_server]: Plan computed: 835 poses
[controller_node-5] [WARN] [1790949623.603117021] [controller_server]: path_copy succeeded.
[controller_node-5] [INFO] [1790949623.603393049] [controller_server]: Computed velocity commands: linear.x=0.19, linear.y=-0.97, angular.z=0.00
[planner_server-4] [INFO] [1790949623.706536564] [planner_server]: Planning took 23 ms
[planner_server-4] [INFO] [1790949623.707380385] [planner_server]: Plan computed: 833 poses
[planner_server-4] [INFO] [1790949623.837446040] [planner_server]: Planning took 24 ms
[planner_server-4] [INFO] [1790949623.837852742] [planner_server]: Plan computed: 833 poses
[planner_server-4] [INFO] [1790949623.964876417] [planner_server]: Planning took 20 ms
[planner_server-4] [INFO] [1790949623.965612947] [planner_server]: Plan computed: 830 poses
[planner_server-4] [INFO] [1790949624.094500631] [planner_server]: Planning took 21 ms
[planner_server-4] [INFO] [1790949624.095068775] [planner_server]: Plan computed: 829 poses
[planner_server-4] [INFO] [1790949624.225826507] [planner_server]: Planning took 20 ms
[planner_server-4] [INFO] [1790949624.226508385] [planner_server]: Plan computed: 829 poses
[planner_server-4] [INFO] [1790949624.358494443] [planner_server]: Planning took 21 ms
[planner_server-4] [INFO] [1790949624.358946771] [planner_server]: Plan computed: 828 poses
[planner_server-4] [INFO] [1790949624.489814408] [planner_server]: Planning took 23 ms
[planner_server-4] [INFO] [1790949624.490272576] [planner_server]: Plan computed: 826 poses
[planner_server-4] [INFO] [1790949624.620145875] [planner_server]: Planning took 22 ms
[planner_server-4] [INFO] [1790949624.620705664] [planner_server]: Plan computed: 824 poses
[planner_server-4] [INFO] [1790949624.747565568] [planner_server]: Planning took 21 ms
[planner_server-4] [INFO] [1790949624.748085843] [planner_server]: Plan computed: 823 poses
[planner_server-4] [INFO] [1790949624.876477341] [planner_server]: Planning took 21 ms
[planner_server-4] [INFO] [1790949624.877033263] [planner_server]: Plan computed: 822 poses
[planner_server-4] [INFO] [1790949625.007307483] [planner_server]: Planning took 21 ms
[planner_server-4] [INFO] [1790949625.008149611] [planner_server]: Plan computed: 822 poses
[planner_server-4] [INFO] [1790949625.142470664] [planner_server]: Planning took 21 ms
[planner_server-4] [INFO] [1790949625.143238653] [planner_server]: Plan computed: 821 poses
[planner_server-4] [INFO] [1790949625.278592701] [planner_server]: Planning took 21 ms
[planner_server-4] [INFO] [1790949625.279110611] [planner_server]: Plan computed: 820 poses
[planner_server-4] [INFO] [1790949625.406359043] [planner_server]: Planning took 19 ms
[planner_server-4] [INFO] [1790949625.406793968] [planner_server]: Plan computed: 819 poses
[planner_server-4] [INFO] [1790949625.550047953] [planner_server]: Planning took 25 ms
[planner_server-4] [INFO] [1790949625.551334464] [planner_server]: Plan computed: 818 poses
[controller_node-5] [WARN] [1790949625.604961227] [controller_server]: path_copy succeeded.
[controller_node-5] [INFO] [1790949625.605239808] [controller_server]: Computed velocity commands: linear.x=-0.66, linear.y=-0.33, angular.z=0.00
[planner_server-4] [INFO] [1790949625.689250535] [planner_server]: Planning took 23 ms
[planner_server-4] [INFO] [1790949625.690101068] [planner_server]: Plan computed: 818 poses
[planner_server-4] [INFO] [1790949625.814894919] [planner_server]: Planning took 20 ms
[planner_server-4] [INFO] [1790949625.815423419] [planner_server]: Plan computed: 818 poses
[planner_server-4] [INFO] [1790949625.952537440] [planner_server]: Planning took 20 ms
[planner_server-4] [INFO] [1790949625.953394777] [planner_server]: Plan computed: 816 poses
[planner_server-4] [INFO] [1790949626.090302642] [planner_server]: Planning took 25 ms
[planner_server-4] [INFO] [1790949626.090708803] [planner_server]: Plan computed: 814 poses
[planner_server-4] [INFO] [1790949626.219294711] [planner_server]: Planning took 21 ms
[planner_server-4] [INFO] [1790949626.219710870] [planner_server]: Plan computed: 814 poses
[planner_server-4] [INFO] [1790949626.352415917] [planner_server]: Planning took 21 ms
[planner_server-4] [INFO] [1790949626.352846533] [planner_server]: Plan computed: 814 poses
[planner_server-4] [INFO] [1790949626.488025940] [planner_server]: Planning took 24 ms
[planner_server-4] [INFO] [1790949626.489186875] [planner_server]: Plan computed: 813 poses
[planner_server-4] [INFO] [1790949626.616065790] [planner_server]: Planning took 20 ms
[planner_server-4] [INFO] [1790949626.618995840] [planner_server]: Plan computed: 812 poses
[planner_server-4] [INFO] [1790949626.746369822] [planner_server]: Planning took 22 ms
[planner_server-4] [INFO] [1790949626.747196541] [planner_server]: Plan computed: 811 poses
[planner_server-4] [INFO] [1790949626.875570067] [planner_server]: Planning took 21 ms
[planner_server-4] [INFO] [1790949626.876227519] [planner_server]: Plan computed: 810 poses
[planner_server-4] [INFO] [1790949627.004979724] [planner_server]: Planning took 21 ms
[planner_server-4] [INFO] [1790949627.005375185] [planner_server]: Plan computed: 810 poses
[planner_server-4] [INFO] [1790949627.139079929] [planner_server]: Planning took 22 ms
[planner_server-4] [INFO] [1790949627.139439473] [planner_server]: Plan computed: 808 poses
[planner_server-4] [INFO] [1790949627.266228770] [planner_server]: Planning took 21 ms
[planner_server-4] [INFO] [1790949627.267137813] [planner_server]: Plan computed: 807 poses
[planner_server-4] [INFO] [1790949627.400476982] [planner_server]: Planning took 20 ms
[planner_server-4] [INFO] [1790949627.400912187] [planner_server]: Plan computed: 806 poses
[planner_server-4] [INFO] [1790949627.528426975] [planner_server]: Planning took 21 ms
[planner_server-4] [INFO] [1790949627.528796317] [planner_server]: Plan computed: 807 poses
[controller_node-5] [WARN] [1790949627.605176090] [controller_server]: path_copy succeeded.
[controller_node-5] [INFO] [1790949627.605380242] [controller_server]: Computed velocity commands: linear.x=-0.98, linear.y=0.51, angular.z=0.00
[planner_server-4] [INFO] [1790949627.655562146] [planner_server]: Planning took 21 ms
[planner_server-4] [INFO] [1790949627.656243959] [planner_server]: Plan computed: 805 poses
[planner_server-4] [INFO] [1790949627.784214489] [planner_server]: Planning took 20 ms
[planner_server-4] [INFO] [1790949627.784888482] [planner_server]: Plan computed: 804 poses
[planner_server-4] [INFO] [1790949627.917186094] [planner_server]: Planning took 21 ms
[planner_server-4] [INFO] [1790949627.917587376] [planner_server]: Plan computed: 803 poses
[planner_server-4] [INFO] [1790949628.048070770] [planner_server]: Planning took 19 ms
[planner_server-4] [INFO] [1790949628.048421828] [planner_server]: Plan computed: 802 poses
[planner_server-4] [INFO] [1790949628.174509811] [planner_server]: Planning took 19 ms
[planner_server-4] [INFO] [1790949628.174911374] [planner_server]: Plan computed: 800 poses
[planner_server-4] [INFO] [1790949628.309185165] [planner_server]: Planning took 19 ms
[planner_server-4] [INFO] [1790949628.309575125] [planner_server]: Plan computed: 798 poses
[planner_server-4] [INFO] [1790949628.446840381] [planner_server]: Planning took 18 ms
[planner_server-4] [INFO] [1790949628.450005671] [planner_server]: Plan computed: 796 poses
[planner_server-4] [INFO] [1790949628.579177522] [planner_server]: Planning took 18 ms
[planner_server-4] [INFO] [1790949628.579497993] [planner_server]: Plan computed: 796 poses
[planner_server-4] [INFO] [1790949628.714430858] [planner_server]: Planning took 22 ms
[planner_server-4] [INFO] [1790949628.714760826] [planner_server]: Plan computed: 795 poses
[planner_server-4] [INFO] [1790949628.847348008] [planner_server]: Planning took 20 ms
[planner_server-4] [INFO] [1790949628.848000541] [planner_server]: Plan computed: 795 poses
[planner_server-4] [INFO] [1790949628.979586695] [planner_server]: Planning took 20 ms
[planner_server-4] [INFO] [1790949628.980064029] [planner_server]: Plan computed: 794 poses
[planner_server-4] [INFO] [1790949629.108343870] [planner_server]: Planning took 20 ms
[planner_server-4] [INFO] [1790949629.108707091] [planner_server]: Plan computed: 794 poses
[planner_server-4] [INFO] [1790949629.238505066] [planner_server]: Planning took 21 ms
[planner_server-4] [INFO] [1790949629.239016484] [planner_server]: Plan computed: 793 poses
[planner_server-4] [INFO] [1790949629.367235800] [planner_server]: Planning took 20 ms
[planner_server-4] [INFO] [1790949629.367498412] [planner_server]: Plan computed: 792 poses
[planner_server-4] [INFO] [1790949629.496581990] [planner_server]: Planning took 20 ms
[planner_server-4] [INFO] [1790949629.497006585] [planner_server]: Plan computed: 791 poses
[controller_node-5] [WARN] [1790949629.623530576] [controller_server]: path_copy succeeded.
[controller_node-5] [INFO] [1790949629.623918293] [controller_server]: Computed velocity commands: linear.x=0.86, linear.y=0.45, angular.z=0.00
[planner_server-4] [INFO] [1790949629.628454301] [planner_server]: Planning took 20 ms
[planner_server-4] [INFO] [1790949629.628928650] [planner_server]: Plan computed: 791 poses
[planner_server-4] [INFO] [1790949629.757615684] [planner_server]: Planning took 20 ms
[planner_server-4] [INFO] [1790949629.758135287] [planner_server]: Plan computed: 790 poses
[planner_server-4] [INFO] [1790949629.887868391] [planner_server]: Planning took 19 ms
[planner_server-4] [INFO] [1790949629.888202437] [planner_server]: Plan computed: 789 poses
[planner_server-4] [INFO] [1790949630.019779214] [planner_server]: Planning took 20 ms
[planner_server-4] [INFO] [1790949630.020436225] [planner_server]: Plan computed: 788 poses
[planner_server-4] [INFO] [1790949630.145616469] [planner_server]: Planning took 19 ms
[planner_server-4] [INFO] [1790949630.145944744] [planner_server]: Plan computed: 787 poses
[planner_server-4] [INFO] [1790949630.278706042] [planner_server]: Planning took 22 ms
[planner_server-4] [INFO] [1790949630.279153490] [planner_server]: Plan computed: 786 poses
[planner_server-4] [INFO] [1790949630.408445748] [planner_server]: Planning took 19 ms
[planner_server-4] [INFO] [1790949630.408737885] [planner_server]: Plan computed: 786 poses
[planner_server-4] [INFO] [1790949630.543155666] [planner_server]: Planning took 22 ms
[planner_server-4] [INFO] [1790949630.543580412] [planner_server]: Plan computed: 787 poses
[planner_server-4] [INFO] [1790949630.671057715] [planner_server]: Planning took 19 ms
[planner_server-4] [INFO] [1790949630.671415846] [planner_server]: Plan computed: 786 poses
[planner_server-4] [INFO] [1790949630.805355456] [planner_server]: Planning took 19 ms
[planner_server-4] [INFO] [1790949630.805975497] [planner_server]: Plan computed: 786 poses
[rviz2-8] [INFO] [1790949630.850293661] [rviz2]: Trying to create a map of size 80 x 78 using 1 swatches
[planner_server-4] [INFO] [1790949630.932932250] [planner_server]: Planning took 19 ms
[planner_server-4] [INFO] [1790949630.933256838] [planner_server]: Plan computed: 784 poses
[rviz2-8] [INFO] [1790949630.946229734] [rviz2]: Trying to create a map of size 80 x 77 using 1 swatches
[planner_server-4] [INFO] [1790949631.062565668] [planner_server]: Planning took 20 ms
[planner_server-4] [INFO] [1790949631.063040948] [planner_server]: Plan computed: 783 poses
[rviz2-8] [INFO] [1790949631.073570455] [rviz2]: Trying to create a map of size 80 x 76 using 1 swatches
[rviz2-8] [INFO] [1790949631.108074291] [rviz2]: Trying to create a map of size 80 x 75 using 1 swatches
[planner_server-4] [INFO] [1790949631.193174462] [planner_server]: Planning took 20 ms
[planner_server-4] [INFO] [1790949631.193600711] [planner_server]: Plan computed: 782 poses
[rviz2-8] [INFO] [1790949631.268251826] [rviz2]: Trying to create a map of size 80 x 74 using 1 swatches
[planner_server-4] [INFO] [1790949631.327856349] [planner_server]: Planning took 20 ms
[planner_server-4] [INFO] [1790949631.328315279] [planner_server]: Plan computed: 781 poses
[planner_server-4] [INFO] [1790949631.466260338] [planner_server]: Planning took 20 ms
[planner_server-4] [INFO] [1790949631.466838431] [planner_server]: Plan computed: 781 poses
[rviz2-8] [INFO] [1790949631.482958243] [rviz2]: Trying to create a map of size 80 x 73 using 1 swatches
[planner_server-4] [INFO] [1790949631.595393589] [planner_server]: Planning took 20 ms
[planner_server-4] [INFO] [1790949631.596006788] [planner_server]: Plan computed: 777 poses
[controller_node-5] [INFO] [1790949631.623919525] [controller_server]: Computed velocity commands: linear.x=0.06, linear.y=-0.57, angular.z=0.00
[controller_node-5] [WARN] [1790949631.643199296] [controller_server]: path_copy succeeded.
[rviz2-8] [INFO] [1790949631.703379820] [rviz2]: Trying to create a map of size 80 x 72 using 1 swatches
[planner_server-4] [INFO] [1790949631.722319915] [planner_server]: Planning took 21 ms
[planner_server-4] [INFO] [1790949631.722997985] [planner_server]: Plan computed: 777 poses
[planner_server-4] [INFO] [1790949631.855452033] [planner_server]: Planning took 23 ms
[planner_server-4] [INFO] [1790949631.856149209] [planner_server]: Plan computed: 776 poses
[rviz2-8] [INFO] [1790949631.901603025] [rviz2]: Trying to create a map of size 80 x 71 using 1 swatches
[planner_server-4] [INFO] [1790949631.996206382] [planner_server]: Planning took 21 ms
[planner_server-4] [INFO] [1790949631.996622501] [planner_server]: Plan computed: 775 poses
[planner_server-4] [INFO] [1790949632.129169407] [planner_server]: Planning took 17 ms
[planner_server-4] [INFO] [1790949632.129558236] [planner_server]: Plan computed: 774 poses
[planner_server-4] [INFO] [1790949632.264956815] [planner_server]: Planning took 25 ms
[planner_server-4] [INFO] [1790949632.265478722] [planner_server]: Plan computed: 774 poses
[rviz2-8] [INFO] [1790949632.268209439] [rviz2]: Trying to create a map of size 80 x 70 using 1 swatches
[planner_server-4] [INFO] [1790949632.401801453] [planner_server]: Planning took 20 ms
[planner_server-4] [INFO] [1790949632.402548052] [planner_server]: Plan computed: 774 poses
[rviz2-8] [INFO] [1790949632.521411653] [rviz2]: Trying to create a map of size 80 x 69 using 1 swatches
[planner_server-4] [INFO] [1790949632.528454288] [planner_server]: Planning took 21 ms
[planner_server-4] [INFO] [1790949632.529200275] [planner_server]: Plan computed: 774 poses
[planner_server-4] [INFO] [1790949632.659003622] [planner_server]: Planning took 21 ms
[planner_server-4] [INFO] [1790949632.659387661] [planner_server]: Plan computed: 773 poses
[rviz2-8] [INFO] [1790949632.715911753] [rviz2]: Trying to create a map of size 80 x 68 using 1 swatches
[planner_server-4] [INFO] [1790949632.797745144] [planner_server]: Planning took 25 ms
[planner_server-4] [INFO] [1790949632.798388830] [planner_server]: Plan computed: 772 poses
[rviz2-8] [INFO] [1790949632.910215566] [rviz2]: Trying to create a map of size 80 x 67 using 1 swatches
[planner_server-4] [INFO] [1790949632.935870732] [planner_server]: Planning took 23 ms
[planner_server-4] [INFO] [1790949632.936745000] [planner_server]: Plan computed: 771 poses
[planner_server-4] [INFO] [1790949633.072917436] [planner_server]: Planning took 21 ms
[planner_server-4] [INFO] [1790949633.073344977] [planner_server]: Plan computed: 771 poses
[planner_server-4] [INFO] [1790949633.198226567] [planner_server]: Planning took 21 ms
[planner_server-4] [INFO] [1790949633.198551105] [planner_server]: Plan computed: 771 poses
[rviz2-8] [INFO] [1790949633.228519579] [rviz2]: Trying to create a map of size 80 x 66 using 1 swatches
[planner_server-4] [INFO] [1790949633.331439862] [planner_server]: Planning took 20 ms
[planner_server-4] [INFO] [1790949633.332041599] [planner_server]: Plan computed: 770 poses
[planner_server-4] [INFO] [1790949633.464031993] [planner_server]: Planning took 22 ms
[planner_server-4] [INFO] [1790949633.464379705] [planner_server]: Plan computed: 769 poses
[rviz2-8] [INFO] [1790949633.481957057] [rviz2]: Trying to create a map of size 80 x 65 using 1 swatches
[planner_server-4] [INFO] [1790949633.606513854] [planner_server]: Planning took 20 ms
[planner_server-4] [INFO] [1790949633.607101725] [planner_server]: Plan computed: 769 poses
[controller_node-5] [INFO] [1790949633.624519354] [controller_server]: Computed velocity commands: linear.x=1.03, linear.y=-0.53, angular.z=0.00
[controller_node-5] [WARN] [1790949633.646062297] [controller_server]: path_copy succeeded.
[rviz2-8] [INFO] [1790949633.663383644] [rviz2]: Trying to create a map of size 80 x 64 using 1 swatches
[planner_server-4] [INFO] [1790949633.740564999] [planner_server]: Planning took 20 ms
[planner_server-4] [INFO] [1790949633.741040711] [planner_server]: Plan computed: 768 poses
[rviz2-8] [INFO] [1790949633.867785787] [rviz2]: Trying to create a map of size 80 x 63 using 1 swatches
[planner_server-4] [INFO] [1790949633.869575470] [planner_server]: Planning took 21 ms
[planner_server-4] [INFO] [1790949633.870435862] [planner_server]: Plan computed: 768 poses
[planner_server-4] [INFO] [1790949634.002489795] [planner_server]: Planning took 22 ms
[planner_server-4] [INFO] [1790949634.003451758] [planner_server]: Plan computed: 768 poses
[rviz2-8] [INFO] [1790949634.026345271] [rviz2]: Trying to create a map of size 80 x 62 using 1 swatches
[planner_server-4] [INFO] [1790949634.137566754] [planner_server]: Planning took 21 ms
[planner_server-4] [INFO] [1790949634.137842490] [planner_server]: Plan computed: 767 poses
[rviz2-8] [INFO] [1790949634.219356964] [rviz2]: Trying to create a map of size 80 x 61 using 1 swatches
[planner_server-4] [INFO] [1790949634.272639744] [planner_server]: Planning took 23 ms
[planner_server-4] [INFO] [1790949634.273294441] [planner_server]: Plan computed: 766 poses
[planner_server-4] [INFO] [1790949634.398402064] [planner_server]: Planning took 21 ms
[planner_server-4] [INFO] [1790949634.398943839] [planner_server]: Plan computed: 766 poses
[rviz2-8] [INFO] [1790949634.445053034] [rviz2]: Trying to create a map of size 80 x 60 using 1 swatches
[planner_server-4] [INFO] [1790949634.539584937] [planner_server]: Planning took 20 ms
[planner_server-4] [INFO] [1790949634.540361071] [planner_server]: Plan computed: 765 poses
[planner_server-4] [INFO] [1790949634.668135978] [planner_server]: Planning took 19 ms
[planner_server-4] [INFO] [1790949634.668598865] [planner_server]: Plan computed: 764 poses
[rviz2-8] [INFO] [1790949634.746889388] [rviz2]: Trying to create a map of size 80 x 59 using 1 swatches
[planner_server-4] [INFO] [1790949634.797579561] [planner_server]: Planning took 20 ms
[planner_server-4] [INFO] [1790949634.797927603] [planner_server]: Plan computed: 764 poses
[planner_server-4] [INFO] [1790949634.926675311] [planner_server]: Planning took 19 ms
[planner_server-4] [INFO] [1790949634.927296195] [planner_server]: Plan computed: 763 poses
[rviz2-8] [INFO] [1790949635.018188574] [rviz2]: Trying to create a map of size 80 x 58 using 1 swatches
[planner_server-4] [INFO] [1790949635.059565503] [planner_server]: Planning took 20 ms
[planner_server-4] [INFO] [1790949635.060613085] [planner_server]: Plan computed: 760 poses
[rviz2-8] [INFO] [1790949635.145195788] [rviz2]: Trying to create a map of size 80 x 57 using 1 swatches
[planner_server-4] [INFO] [1790949635.187171919] [planner_server]: Planning took 20 ms
[planner_server-4] [INFO] [1790949635.187680471] [planner_server]: Plan computed: 759 poses
[planner_server-4] [INFO] [1790949635.317482517] [planner_server]: Planning took 21 ms
[planner_server-4] [INFO] [1790949635.317789261] [planner_server]: Plan computed: 758 poses
[planner_server-4] [INFO] [1790949635.455498476] [planner_server]: Planning took 26 ms
[planner_server-4] [INFO] [1790949635.455809799] [planner_server]: Plan computed: 755 poses
[planner_server-4] [INFO] [1790949635.585184374] [planner_server]: Planning took 18 ms
[planner_server-4] [INFO] [1790949635.585672448] [planner_server]: Plan computed: 753 poses
[controller_node-5] [INFO] [1790949635.644069981] [controller_server]: Computed velocity commands: linear.x=0.38, linear.y=-0.43, angular.z=0.00
[controller_node-5] [WARN] [1790949635.663278349] [controller_server]: path_copy succeeded.
[planner_server-4] [INFO] [1790949635.721654422] [planner_server]: Planning took 23 ms
[planner_server-4] [INFO] [1790949635.722044392] [planner_server]: Plan computed: 752 poses
[planner_server-4] [INFO] [1790949635.848171963] [planner_server]: Planning took 19 ms
[planner_server-4] [INFO] [1790949635.848679043] [planner_server]: Plan computed: 751 poses
[planner_server-4] [INFO] [1790949635.985586506] [planner_server]: Planning took 20 ms
[planner_server-4] [INFO] [1790949635.985900645] [planner_server]: Plan computed: 750 poses
[planner_server-4] [INFO] [1790949636.120151761] [planner_server]: Planning took 19 ms
[planner_server-4] [INFO] [1790949636.120417719] [planner_server]: Plan computed: 747 poses
[planner_server-4] [INFO] [1790949636.246480740] [planner_server]: Planning took 19 ms
[planner_server-4] [INFO] [1790949636.247087086] [planner_server]: Plan computed: 747 poses
[rviz2-8] [INFO] [1790949636.330607537] [rviz2]: Trying to create a map of size 80 x 58 using 1 swatches
[planner_server-4] [INFO] [1790949636.377685352] [planner_server]: Planning took 19 ms
[planner_server-4] [INFO] [1790949636.378223971] [planner_server]: Plan computed: 745 poses
[planner_server-4] [INFO] [1790949636.508616813] [planner_server]: Planning took 19 ms
[planner_server-4] [INFO] [1790949636.508991054] [planner_server]: Plan computed: 744 poses
[planner_server-4] [INFO] [1790949636.636013832] [planner_server]: Planning took 19 ms
[planner_server-4] [INFO] [1790949636.636415955] [planner_server]: Plan computed: 743 poses
[planner_server-4] [INFO] [1790949636.765417711] [planner_server]: Planning took 19 ms
[planner_server-4] [INFO] [1790949636.765936163] [planner_server]: Plan computed: 742 poses
[rviz2-8] [INFO] [1790949636.777512341] [rviz2]: Trying to create a map of size 80 x 59 using 1 swatches
[planner_server-4] [INFO] [1790949636.901051763] [planner_server]: Planning took 20 ms
[planner_server-4] [INFO] [1790949636.901643667] [planner_server]: Plan computed: 740 poses
[planner_server-4] [INFO] [1790949637.037907223] [planner_server]: Planning took 21 ms
[planner_server-4] [INFO] [1790949637.038665043] [planner_server]: Plan computed: 738 poses
[rviz2-8] [INFO] [1790949637.098292711] [rviz2]: Trying to create a map of size 80 x 60 using 1 swatches
[planner_server-4] [INFO] [1790949637.172822379] [planner_server]: Planning took 21 ms
[planner_server-4] [INFO] [1790949637.173410461] [planner_server]: Plan computed: 737 poses
[planner_server-4] [INFO] [1790949637.297744342] [planner_server]: Planning took 21 ms
[planner_server-4] [INFO] [1790949637.298351119] [planner_server]: Plan computed: 736 poses
[planner_server-4] [INFO] [1790949637.431340686] [planner_server]: Planning took 20 ms
[planner_server-4] [INFO] [1790949637.431874026] [planner_server]: Plan computed: 734 poses
[planner_server-4] [INFO] [1790949637.559434021] [planner_server]: Planning took 21 ms
[planner_server-4] [INFO] [1790949637.559933797] [planner_server]: Plan computed: 733 poses
[rviz2-8] [INFO] [1790949637.641656672] [rviz2]: Trying to create a map of size 80 x 61 using 1 swatches
[controller_node-5] [WARN] [1790949637.663353112] [controller_server]: path_copy succeeded.
[controller_node-5] [INFO] [1790949637.663640060] [controller_server]: Computed velocity commands: linear.x=-0.43, linear.y=-0.33, angular.z=0.00
[planner_server-4] [INFO] [1790949637.689779394] [planner_server]: Planning took 21 ms
[planner_server-4] [INFO] [1790949637.690095677] [planner_server]: Plan computed: 732 poses
[planner_server-4] [INFO] [1790949637.815870207] [planner_server]: Planning took 19 ms
[planner_server-4] [INFO] [1790949637.816200606] [planner_server]: Plan computed: 731 poses
[planner_server-4] [INFO] [1790949637.946516294] [planner_server]: Planning took 20 ms
[planner_server-4] [INFO] [1790949637.946965285] [planner_server]: Plan computed: 729 poses
[planner_server-4] [INFO] [1790949638.077205382] [planner_server]: Planning took 20 ms
[planner_server-4] [INFO] [1790949638.077623886] [planner_server]: Plan computed: 728 poses
[planner_server-4] [INFO] [1790949638.208050291] [planner_server]: Planning took 21 ms
[planner_server-4] [INFO] [1790949638.208557181] [planner_server]: Plan computed: 727 poses
[planner_server-4] [INFO] [1790949638.336421817] [planner_server]: Planning took 20 ms
[planner_server-4] [INFO] [1790949638.336790287] [planner_server]: Plan computed: 725 poses
[planner_server-4] [INFO] [1790949638.466521330] [planner_server]: Planning took 19 ms
[planner_server-4] [INFO] [1790949638.466751291] [planner_server]: Plan computed: 724 poses
[planner_server-4] [INFO] [1790949638.599027107] [planner_server]: Planning took 19 ms
[planner_server-4] [INFO] [1790949638.599401678] [planner_server]: Plan computed: 723 poses
[planner_server-4] [INFO] [1790949638.728443851] [planner_server]: Planning took 19 ms
[planner_server-4] [INFO] [1790949638.729323138] [planner_server]: Plan computed: 722 poses
[planner_server-4] [INFO] [1790949638.856068633] [planner_server]: Planning took 19 ms
[planner_server-4] [INFO] [1790949638.856720083] [planner_server]: Plan computed: 721 poses
[planner_server-4] [INFO] [1790949638.987944955] [planner_server]: Planning took 21 ms
[planner_server-4] [INFO] [1790949638.988378548] [planner_server]: Plan computed: 720 poses
[planner_server-4] [INFO] [1790949639.118856320] [planner_server]: Planning took 20 ms
[planner_server-4] [INFO] [1790949639.119269474] [planner_server]: Plan computed: 719 poses
[planner_server-4] [INFO] [1790949639.246980803] [planner_server]: Planning took 19 ms
[planner_server-4] [INFO] [1790949639.247305301] [planner_server]: Plan computed: 718 poses
[planner_server-4] [INFO] [1790949639.378280836] [planner_server]: Planning took 20 ms
[planner_server-4] [INFO] [1790949639.378865041] [planner_server]: Plan computed: 716 poses
[planner_server-4] [INFO] [1790949639.508694904] [planner_server]: Planning took 19 ms
[planner_server-4] [INFO] [1790949639.509080336] [planner_server]: Plan computed: 715 poses
[planner_server-4] [INFO] [1790949639.637906975] [planner_server]: Planning took 19 ms
[planner_server-4] [INFO] [1790949639.638468137] [planner_server]: Plan computed: 714 poses
[rviz2-8] [INFO] [1790949639.657773993] [rviz2]: Trying to create a map of size 80 x 62 using 1 swatches
[controller_node-5] [WARN] [1790949639.682759195] [controller_server]: path_copy succeeded.
[controller_node-5] [INFO] [1790949639.683025163] [controller_server]: Computed velocity commands: linear.x=-0.92, linear.y=-0.67, angular.z=0.00
[planner_server-4] [INFO] [1790949639.769080744] [planner_server]: Planning took 22 ms
[planner_server-4] [INFO] [1790949639.769436280] [planner_server]: Plan computed: 714 poses
[rviz2-8] [INFO] [1790949639.818799128] [rviz2]: Trying to create a map of size 80 x 63 using 1 swatches
[planner_server-4] [INFO] [1790949639.897550777] [planner_server]: Planning took 20 ms
[planner_server-4] [INFO] [1790949639.898079348] [planner_server]: Plan computed: 713 poses
[planner_server-4] [INFO] [1790949640.030828736] [planner_server]: Planning took 23 ms
[planner_server-4] [INFO] [1790949640.031442466] [planner_server]: Plan computed: 713 poses
[rviz2-8] [INFO] [1790949640.073640438] [rviz2]: Trying to create a map of size 80 x 64 using 1 swatches
[planner_server-4] [INFO] [1790949640.156074676] [planner_server]: Planning took 19 ms
[planner_server-4] [INFO] [1790949640.156468724] [planner_server]: Plan computed: 711 poses
[rviz2-8] [INFO] [1790949640.169779358] [rviz2]: Trying to create a map of size 80 x 65 using 1 swatches
[planner_server-4] [INFO] [1790949640.286749974] [planner_server]: Planning took 20 ms
[planner_server-4] [INFO] [1790949640.287293141] [planner_server]: Plan computed: 711 poses
[rviz2-8] [INFO] [1790949640.297895581] [rviz2]: Trying to create a map of size 80 x 66 using 1 swatches
[rviz2-8] [INFO] [1790949640.393011950] [rviz2]: Trying to create a map of size 80 x 67 using 1 swatches
[planner_server-4] [INFO] [1790949640.417864434] [planner_server]: Planning took 18 ms
[planner_server-4] [INFO] [1790949640.418426387] [planner_server]: Plan computed: 709 poses
[rviz2-8] [INFO] [1790949640.491765114] [rviz2]: Trying to create a map of size 80 x 68 using 1 swatches
[planner_server-4] [INFO] [1790949640.546829472] [planner_server]: Planning took 19 ms
[planner_server-4] [INFO] [1790949640.547362871] [planner_server]: Plan computed: 708 poses
[planner_server-4] [INFO] [1790949640.677751933] [planner_server]: Planning took 19 ms
[planner_server-4] [INFO] [1790949640.678416909] [planner_server]: Plan computed: 708 poses
[rviz2-8] [INFO] [1790949640.681496454] [rviz2]: Trying to create a map of size 80 x 69 using 1 swatches
[rviz2-8] [INFO] [1790949640.745457000] [rviz2]: Trying to create a map of size 80 x 70 using 1 swatches
[planner_server-4] [INFO] [1790949640.807130772] [planner_server]: Planning took 19 ms
[planner_server-4] [INFO] [1790949640.807773025] [planner_server]: Plan computed: 706 poses
[rviz2-8] [INFO] [1790949640.873183528] [rviz2]: Trying to create a map of size 80 x 72 using 1 swatches
[planner_server-4] [INFO] [1790949640.940705326] [planner_server]: Planning took 23 ms
[planner_server-4] [INFO] [1790949640.941450853] [planner_server]: Plan computed: 704 poses
[rviz2-8] [INFO] [1790949641.003254738] [rviz2]: Trying to create a map of size 80 x 73 using 1 swatches
[rviz2-8] [INFO] [1790949641.066166551] [rviz2]: Trying to create a map of size 80 x 74 using 1 swatches
[planner_server-4] [INFO] [1790949641.068319134] [planner_server]: Planning took 20 ms
[planner_server-4] [INFO] [1790949641.068864325] [planner_server]: Plan computed: 702 poses
[rviz2-8] [INFO] [1790949641.162455287] [rviz2]: Trying to create a map of size 80 x 75 using 1 swatches
[planner_server-4] [INFO] [1790949641.199473615] [planner_server]: Planning took 19 ms
[planner_server-4] [INFO] [1790949641.200112492] [planner_server]: Plan computed: 702 poses
[planner_server-4] [INFO] [1790949641.328463335] [planner_server]: Planning took 21 ms
[planner_server-4] [INFO] [1790949641.328811988] [planner_server]: Plan computed: 701 poses
[rviz2-8] [INFO] [1790949641.445028257] [rviz2]: Trying to create a map of size 80 x 76 using 1 swatches
[planner_server-4] [INFO] [1790949641.457441970] [planner_server]: Planning took 19 ms
[planner_server-4] [INFO] [1790949641.457759595] [planner_server]: Plan computed: 700 poses
[rviz2-8] [INFO] [1790949641.517501728] [rviz2]: Trying to create a map of size 80 x 77 using 1 swatches
[rviz2-8] [INFO] [1790949641.546602296] [rviz2]: Trying to create a map of size 80 x 78 using 1 swatches
[rviz2-8] [INFO] [1790949641.578592713] [rviz2]: Trying to create a map of size 80 x 79 using 1 swatches
[planner_server-4] [INFO] [1790949641.587392430] [planner_server]: Planning took 18 ms
[planner_server-4] [INFO] [1790949641.587796507] [planner_server]: Plan computed: 699 poses
[controller_node-5] [WARN] [1790949641.703851756] [controller_server]: path_copy succeeded.
[controller_node-5] [INFO] [1790949641.704227129] [controller_server]: Computed velocity commands: linear.x=-0.32, linear.y=0.45, angular.z=0.00
[rviz2-8] [INFO] [1790949641.705268653] [rviz2]: Trying to create a map of size 80 x 80 using 1 swatches
[planner_server-4] [INFO] [1790949641.715574883] [planner_server]: Planning took 18 ms
[planner_server-4] [INFO] [1790949641.716033793] [planner_server]: Plan computed: 697 poses
[planner_server-4] [INFO] [1790949641.846301032] [planner_server]: Planning took 17 ms
[planner_server-4] [INFO] [1790949641.846896087] [planner_server]: Plan computed: 696 poses
[planner_server-4] [INFO] [1790949641.978372781] [planner_server]: Planning took 18 ms
[planner_server-4] [INFO] [1790949641.978686048] [planner_server]: Plan computed: 696 poses
[planner_server-4] [INFO] [1790949642.108388429] [planner_server]: Planning took 18 ms
[planner_server-4] [INFO] [1790949642.108957826] [planner_server]: Plan computed: 696 poses
[planner_server-4] [INFO] [1790949642.236555322] [planner_server]: Planning took 19 ms
[planner_server-4] [INFO] [1790949642.237108308] [planner_server]: Plan computed: 695 poses
[planner_server-4] [INFO] [1790949642.371365733] [planner_server]: Planning took 19 ms
[planner_server-4] [INFO] [1790949642.371671786] [planner_server]: Plan computed: 695 poses
[planner_server-4] [INFO] [1790949642.495931190] [planner_server]: Planning took 17 ms
[planner_server-4] [INFO] [1790949642.496282117] [planner_server]: Plan computed: 695 poses
[planner_server-4] [INFO] [1790949642.622224162] [planner_server]: Planning took 23 ms
[planner_server-4] [INFO] [1790949642.622976751] [planner_server]: Plan computed: 695 poses
[planner_server-4] [INFO] [1790949642.755194568] [planner_server]: Planning took 27 ms
[planner_server-4] [INFO] [1790949642.755805812] [planner_server]: Plan computed: 694 poses
[planner_server-4] [INFO] [1790949642.888534229] [planner_server]: Planning took 18 ms
[planner_server-4] [INFO] [1790949642.888962681] [planner_server]: Plan computed: 694 poses
[planner_server-4] [INFO] [1790949643.024505901] [planner_server]: Planning took 23 ms
[planner_server-4] [INFO] [1790949643.025184076] [planner_server]: Plan computed: 693 poses
[planner_server-4] [INFO] [1790949643.152912523] [planner_server]: Planning took 22 ms
[planner_server-4] [INFO] [1790949643.153498716] [planner_server]: Plan computed: 693 poses
[planner_server-4] [INFO] [1790949643.274572437] [planner_server]: Planning took 17 ms
[planner_server-4] [INFO] [1790949643.275011967] [planner_server]: Plan computed: 692 poses
[planner_server-4] [INFO] [1790949643.407112949] [planner_server]: Planning took 19 ms
[planner_server-4] [INFO] [1790949643.407548260] [planner_server]: Plan computed: 692 poses
[planner_server-4] [INFO] [1790949643.541586519] [planner_server]: Planning took 20 ms
[planner_server-4] [INFO] [1790949643.541975996] [planner_server]: Plan computed: 691 poses
[planner_server-4] [INFO] [1790949643.670691714] [planner_server]: Planning took 20 ms
[planner_server-4] [INFO] [1790949643.672185861] [planner_server]: Plan computed: 690 poses
[controller_node-5] [WARN] [1790949643.723893953] [controller_server]: path_copy succeeded.
[controller_node-5] [INFO] [1790949643.724232846] [controller_server]: Computed velocity commands: linear.x=0.68, linear.y=0.42, angular.z=0.00
[planner_server-4] [INFO] [1790949643.808244891] [planner_server]: Planning took 20 ms
[planner_server-4] [INFO] [1790949643.809195324] [planner_server]: Plan computed: 689 poses
[planner_server-4] [INFO] [1790949643.935692757] [planner_server]: Planning took 18 ms
[planner_server-4] [INFO] [1790949643.936264102] [planner_server]: Plan computed: 688 poses
[planner_server-4] [INFO] [1790949644.066561903] [planner_server]: Planning took 19 ms
[planner_server-4] [INFO] [1790949644.066961568] [planner_server]: Plan computed: 686 poses
[planner_server-4] [INFO] [1790949644.196682283] [planner_server]: Planning took 19 ms
[planner_server-4] [INFO] [1790949644.197143814] [planner_server]: Plan computed: 685 poses
[planner_server-4] [INFO] [1790949644.329595111] [planner_server]: Planning took 21 ms
[planner_server-4] [INFO] [1790949644.330379885] [planner_server]: Plan computed: 685 poses
[planner_server-4] [INFO] [1790949644.455735218] [planner_server]: Planning took 18 ms
[planner_server-4] [INFO] [1790949644.455947063] [planner_server]: Plan computed: 682 poses
[planner_server-4] [INFO] [1790949644.587545660] [planner_server]: Planning took 18 ms
[planner_server-4] [INFO] [1790949644.588156690] [planner_server]: Plan computed: 682 poses
[planner_server-4] [INFO] [1790949644.716587709] [planner_server]: Planning took 19 ms
[planner_server-4] [INFO] [1790949644.717260684] [planner_server]: Plan computed: 681 poses
[planner_server-4] [INFO] [1790949644.847140190] [planner_server]: Planning took 20 ms
[planner_server-4] [INFO] [1790949644.847627749] [planner_server]: Plan computed: 678 poses
[planner_server-4] [INFO] [1790949644.982408035] [planner_server]: Planning took 20 ms
[planner_server-4] [INFO] [1790949644.982786761] [planner_server]: Plan computed: 677 poses
[planner_server-4] [INFO] [1790949645.109577433] [planner_server]: Planning took 21 ms
[planner_server-4] [INFO] [1790949645.109903341] [planner_server]: Plan computed: 675 poses
[planner_server-4] [INFO] [1790949645.236669407] [planner_server]: Planning took 19 ms
[planner_server-4] [INFO] [1790949645.237061098] [planner_server]: Plan computed: 675 poses
[planner_server-4] [INFO] [1790949645.365821804] [planner_server]: Planning took 18 ms
[planner_server-4] [INFO] [1790949645.366235546] [planner_server]: Plan computed: 674 poses
[planner_server-4] [INFO] [1790949645.496177556] [planner_server]: Planning took 18 ms
[planner_server-4] [INFO] [1790949645.496692747] [planner_server]: Plan computed: 673 poses
[planner_server-4] [INFO] [1790949645.626555984] [planner_server]: Planning took 19 ms
[planner_server-4] [INFO] [1790949645.626890749] [planner_server]: Plan computed: 672 poses
[controller_node-5] [WARN] [1790949645.745539136] [controller_server]: path_copy succeeded.
[controller_node-5] [INFO] [1790949645.745995778] [controller_server]: Computed velocity commands: linear.x=0.59, linear.y=0.23, angular.z=0.00
[planner_server-4] [INFO] [1790949645.756238716] [planner_server]: Planning took 18 ms
[planner_server-4] [INFO] [1790949645.756778502] [planner_server]: Plan computed: 671 poses
[planner_server-4] [INFO] [1790949645.889285576] [planner_server]: Planning took 20 ms
[planner_server-4] [INFO] [1790949645.889617385] [planner_server]: Plan computed: 671 poses
[planner_server-4] [INFO] [1790949646.018803364] [planner_server]: Planning took 20 ms
[planner_server-4] [INFO] [1790949646.019249867] [planner_server]: Plan computed: 669 poses
[planner_server-4] [INFO] [1790949646.145988294] [planner_server]: Planning took 18 ms
[planner_server-4] [INFO] [1790949646.146402206] [planner_server]: Plan computed: 668 poses
[planner_server-4] [INFO] [1790949646.280646640] [planner_server]: Planning took 20 ms
[planner_server-4] [INFO] [1790949646.281188140] [planner_server]: Plan computed: 668 poses
[planner_server-4] [INFO] [1790949646.407008137] [planner_server]: Planning took 19 ms
[planner_server-4] [INFO] [1790949646.407472453] [planner_server]: Plan computed: 667 poses
[planner_server-4] [INFO] [1790949646.536394913] [planner_server]: Planning took 18 ms
[planner_server-4] [INFO] [1790949646.537296464] [planner_server]: Plan computed: 667 poses
[planner_server-4] [INFO] [1790949646.667743508] [planner_server]: Planning took 19 ms
[planner_server-4] [INFO] [1790949646.668410242] [planner_server]: Plan computed: 666 poses
[planner_server-4] [INFO] [1790949646.799292447] [planner_server]: Planning took 18 ms
[planner_server-4] [INFO] [1790949646.799626771] [planner_server]: Plan computed: 666 poses
[planner_server-4] [INFO] [1790949646.926469733] [planner_server]: Planning took 18 ms
[planner_server-4] [INFO] [1790949646.926838240] [planner_server]: Plan computed: 665 poses
[planner_server-4] [INFO] [1790949647.056336425] [planner_server]: Planning took 18 ms
[planner_server-4] [INFO] [1790949647.056662644] [planner_server]: Plan computed: 663 poses
[planner_server-4] [INFO] [1790949647.181057512] [planner_server]: Planning took 17 ms
[planner_server-4] [INFO] [1790949647.181678019] [planner_server]: Plan computed: 663 poses
[planner_server-4] [INFO] [1790949647.305403920] [planner_server]: Planning took 17 ms
[planner_server-4] [INFO] [1790949647.305691757] [planner_server]: Plan computed: 661 poses
[planner_server-4] [INFO] [1790949647.436347162] [planner_server]: Planning took 18 ms
[planner_server-4] [INFO] [1790949647.436898690] [planner_server]: Plan computed: 660 poses
[planner_server-4] [INFO] [1790949647.571470097] [planner_server]: Planning took 20 ms
[planner_server-4] [INFO] [1790949647.571688454] [planner_server]: Plan computed: 660 poses
[planner_server-4] [INFO] [1790949647.701370206] [planner_server]: Planning took 20 ms
[planner_server-4] [INFO] [1790949647.701877843] [planner_server]: Plan computed: 660 poses
[controller_node-5] [WARN] [1790949647.762919221] [controller_server]: path_copy succeeded.
[controller_node-5] [INFO] [1790949647.763111630] [controller_server]: Computed velocity commands: linear.x=1.25, linear.y=0.03, angular.z=0.00
[planner_server-4] [INFO] [1790949647.827484457] [planner_server]: Planning took 17 ms
[planner_server-4] [INFO] [1790949647.827908778] [planner_server]: Plan computed: 657 poses
[planner_server-4] [INFO] [1790949647.958317727] [planner_server]: Planning took 19 ms
[planner_server-4] [INFO] [1790949647.958853677] [planner_server]: Plan computed: 657 poses
[planner_server-4] [INFO] [1790949648.087286117] [planner_server]: Planning took 18 ms
[planner_server-4] [INFO] [1790949648.087742048] [planner_server]: Plan computed: 655 poses
[planner_server-4] [INFO] [1790949648.217802810] [planner_server]: Planning took 18 ms
[planner_server-4] [INFO] [1790949648.218321277] [planner_server]: Plan computed: 655 poses
[planner_server-4] [INFO] [1790949648.350288837] [planner_server]: Planning took 18 ms
[planner_server-4] [INFO] [1790949648.350636435] [planner_server]: Plan computed: 652 poses
[planner_server-4] [INFO] [1790949648.481036505] [planner_server]: Planning took 17 ms
[planner_server-4] [INFO] [1790949648.481330353] [planner_server]: Plan computed: 650 poses
[planner_server-4] [INFO] [1790949648.611584091] [planner_server]: Planning took 21 ms
[planner_server-4] [INFO] [1790949648.612128036] [planner_server]: Plan computed: 650 poses
[planner_server-4] [INFO] [1790949648.743015796] [planner_server]: Planning took 18 ms
[planner_server-4] [INFO] [1790949648.743564950] [planner_server]: Plan computed: 647 poses
[planner_server-4] [INFO] [1790949648.872094261] [planner_server]: Planning took 21 ms
[planner_server-4] [INFO] [1790949648.872439074] [planner_server]: Plan computed: 646 poses
[planner_server-4] [INFO] [1790949648.998603766] [planner_server]: Planning took 18 ms
[planner_server-4] [INFO] [1790949648.999049497] [planner_server]: Plan computed: 646 poses
[planner_server-4] [INFO] [1790949649.129423682] [planner_server]: Planning took 20 ms
[planner_server-4] [INFO] [1790949649.129963820] [planner_server]: Plan computed: 644 poses
[planner_server-4] [INFO] [1790949649.262553667] [planner_server]: Planning took 19 ms
[planner_server-4] [INFO] [1790949649.263167452] [planner_server]: Plan computed: 643 poses
[planner_server-4] [INFO] [1790949649.388957347] [planner_server]: Planning took 18 ms
[planner_server-4] [INFO] [1790949649.389590948] [planner_server]: Plan computed: 643 poses
[planner_server-4] [INFO] [1790949649.520443353] [planner_server]: Planning took 21 ms
[planner_server-4] [INFO] [1790949649.520999510] [planner_server]: Plan computed: 642 poses
[planner_server-4] [INFO] [1790949649.651606030] [planner_server]: Planning took 18 ms
[planner_server-4] [INFO] [1790949649.652142380] [planner_server]: Plan computed: 641 poses
[controller_node-5] [WARN] [1790949649.764419663] [controller_server]: path_copy succeeded.
[controller_node-5] [INFO] [1790949649.764946225] [controller_server]: Computed velocity commands: linear.x=0.24, linear.y=-0.46, angular.z=0.00
[planner_server-4] [INFO] [1790949649.786188964] [planner_server]: Planning took 18 ms
[planner_server-4] [INFO] [1790949649.786526113] [planner_server]: Plan computed: 640 poses
[planner_server-4] [INFO] [1790949649.918892103] [planner_server]: Planning took 17 ms
[planner_server-4] [INFO] [1790949649.919243849] [planner_server]: Plan computed: 639 poses
[planner_server-4] [INFO] [1790949650.045626169] [planner_server]: Planning took 17 ms
[planner_server-4] [INFO] [1790949650.046246696] [planner_server]: Plan computed: 637 poses
[planner_server-4] [INFO] [1790949650.170149374] [planner_server]: Planning took 19 ms
[planner_server-4] [INFO] [1790949650.170552986] [planner_server]: Plan computed: 635 poses
[planner_server-4] [INFO] [1790949650.296339777] [planner_server]: Planning took 18 ms
[planner_server-4] [INFO] [1790949650.296575055] [planner_server]: Plan computed: 634 poses
[planner_server-4] [INFO] [1790949650.428542935] [planner_server]: Planning took 18 ms
[planner_server-4] [INFO] [1790949650.428942661] [planner_server]: Plan computed: 634 poses
[planner_server-4] [INFO] [1790949650.557516420] [planner_server]: Planning took 18 ms
[planner_server-4] [INFO] [1790949650.557813284] [planner_server]: Plan computed: 631 poses
[planner_server-4] [INFO] [1790949650.686094617] [planner_server]: Planning took 18 ms
[planner_server-4] [INFO] [1790949650.686392072] [planner_server]: Plan computed: 630 poses
[planner_server-4] [INFO] [1790949650.815092578] [planner_server]: Planning took 17 ms
[planner_server-4] [INFO] [1790949650.815806630] [planner_server]: Plan computed: 629 poses
[planner_server-4] [INFO] [1790949650.944920857] [planner_server]: Planning took 18 ms
[planner_server-4] [INFO] [1790949650.945237297] [planner_server]: Plan computed: 627 poses
[planner_server-4] [INFO] [1790949651.068238885] [planner_server]: Planning took 18 ms
[planner_server-4] [INFO] [1790949651.068604026] [planner_server]: Plan computed: 626 poses
[planner_server-4] [INFO] [1790949651.196243344] [planner_server]: Planning took 17 ms
[planner_server-4] [INFO] [1790949651.196688324] [planner_server]: Plan computed: 625 poses
[planner_server-4] [INFO] [1790949651.327657964] [planner_server]: Planning took 18 ms
[planner_server-4] [INFO] [1790949651.328285254] [planner_server]: Plan computed: 624 poses
[planner_server-4] [INFO] [1790949651.453812664] [planner_server]: Planning took 17 ms
[planner_server-4] [INFO] [1790949651.454249158] [planner_server]: Plan computed: 624 poses
[planner_server-4] [INFO] [1790949651.586581018] [planner_server]: Planning took 18 ms
[planner_server-4] [INFO] [1790949651.587192949] [planner_server]: Plan computed: 624 poses
[planner_server-4] [INFO] [1790949651.716554759] [planner_server]: Planning took 17 ms
[planner_server-4] [INFO] [1790949651.717672650] [planner_server]: Plan computed: 622 poses
[controller_node-5] [WARN] [1790949651.782924112] [controller_server]: path_copy succeeded.
[controller_node-5] [INFO] [1790949651.783099479] [controller_server]: Computed velocity commands: linear.x=-1.24, linear.y=-0.16, angular.z=0.00
[planner_server-4] [INFO] [1790949651.847257041] [planner_server]: Planning took 19 ms
[planner_server-4] [INFO] [1790949651.847569384] [planner_server]: Plan computed: 622 poses
[planner_server-4] [INFO] [1790949651.976257689] [planner_server]: Planning took 19 ms
[planner_server-4] [INFO] [1790949651.976683803] [planner_server]: Plan computed: 621 poses
[planner_server-4] [INFO] [1790949652.108489624] [planner_server]: Planning took 19 ms
[planner_server-4] [INFO] [1790949652.108825511] [planner_server]: Plan computed: 622 poses
[planner_server-4] [INFO] [1790949652.236903900] [planner_server]: Planning took 20 ms
[planner_server-4] [INFO] [1790949652.237400006] [planner_server]: Plan computed: 620 poses
[planner_server-4] [INFO] [1790949652.364289177] [planner_server]: Planning took 17 ms
[planner_server-4] [INFO] [1790949652.364650601] [planner_server]: Plan computed: 620 poses
[planner_server-4] [INFO] [1790949652.496509622] [planner_server]: Planning took 19 ms
[planner_server-4] [INFO] [1790949652.497119349] [planner_server]: Plan computed: 621 poses
[planner_server-4] [INFO] [1790949652.624837607] [planner_server]: Planning took 17 ms
[planner_server-4] [INFO] [1790949652.625345073] [planner_server]: Plan computed: 618 poses
[planner_server-4] [INFO] [1790949652.756082412] [planner_server]: Planning took 17 ms
[planner_server-4] [INFO] [1790949652.757468087] [planner_server]: Plan computed: 618 poses
[planner_server-4] [INFO] [1790949652.884397413] [planner_server]: Planning took 17 ms
[planner_server-4] [INFO] [1790949652.884784345] [planner_server]: Plan computed: 616 poses
[planner_server-4] [INFO] [1790949653.004564847] [planner_server]: Planning took 17 ms
[planner_server-4] [INFO] [1790949653.004885916] [planner_server]: Plan computed: 615 poses
[planner_server-4] [INFO] [1790949653.124357516] [planner_server]: Planning took 17 ms
[planner_server-4] [INFO] [1790949653.125730838] [planner_server]: Plan computed: 615 poses
[planner_server-4] [INFO] [1790949653.255243369] [planner_server]: Planning took 18 ms
[planner_server-4] [INFO] [1790949653.255710711] [planner_server]: Plan computed: 613 poses
[planner_server-4] [INFO] [1790949653.387332557] [planner_server]: Planning took 19 ms
[planner_server-4] [INFO] [1790949653.387772397] [planner_server]: Plan computed: 613 poses
[planner_server-4] [INFO] [1790949653.515599450] [planner_server]: Planning took 18 ms
[planner_server-4] [INFO] [1790949653.516272506] [planner_server]: Plan computed: 612 poses
[planner_server-4] [INFO] [1790949653.646887599] [planner_server]: Planning took 19 ms
[planner_server-4] [INFO] [1790949653.647237772] [planner_server]: Plan computed: 611 poses
[planner_server-4] [INFO] [1790949653.776654545] [planner_server]: Planning took 18 ms
[planner_server-4] [INFO] [1790949653.777013304] [planner_server]: Plan computed: 611 poses
[controller_node-5] [WARN] [1790949653.783513212] [controller_server]: path_copy succeeded.
[controller_node-5] [INFO] [1790949653.783935480] [controller_server]: Computed velocity commands: linear.x=0.78, linear.y=0.30, angular.z=0.00
[planner_server-4] [INFO] [1790949653.905793630] [planner_server]: Planning took 18 ms
[planner_server-4] [INFO] [1790949653.906170733] [planner_server]: Plan computed: 611 poses
[planner_server-4] [INFO] [1790949654.034746583] [planner_server]: Planning took 17 ms
[planner_server-4] [INFO] [1790949654.035129748] [planner_server]: Plan computed: 611 poses
[planner_server-4] [INFO] [1790949654.164523386] [planner_server]: Planning took 17 ms
[planner_server-4] [INFO] [1790949654.165141138] [planner_server]: Plan computed: 611 poses
[planner_server-4] [INFO] [1790949654.294105024] [planner_server]: Planning took 17 ms
[planner_server-4] [INFO] [1790949654.294497135] [planner_server]: Plan computed: 611 poses
[planner_server-4] [INFO] [1790949654.415108690] [planner_server]: Planning took 18 ms
[planner_server-4] [INFO] [1790949654.415689413] [planner_server]: Plan computed: 611 poses
[planner_server-4] [INFO] [1790949654.549417057] [planner_server]: Planning took 22 ms
[planner_server-4] [INFO] [1790949654.549990486] [planner_server]: Plan computed: 611 poses
[planner_server-4] [INFO] [1790949654.676796802] [planner_server]: Planning took 19 ms
[planner_server-4] [INFO] [1790949654.677413433] [planner_server]: Plan computed: 611 poses
[planner_server-4] [INFO] [1790949654.807741257] [planner_server]: Planning took 17 ms
[planner_server-4] [INFO] [1790949654.808299268] [planner_server]: Plan computed: 611 poses
[planner_server-4] [INFO] [1790949654.936318837] [planner_server]: Planning took 18 ms
[planner_server-4] [INFO] [1790949654.936885414] [planner_server]: Plan computed: 611 poses
[planner_server-4] [INFO] [1790949655.069187372] [planner_server]: Planning took 18 ms
[planner_server-4] [INFO] [1790949655.069575876] [planner_server]: Plan computed: 611 poses
[planner_server-4] [INFO] [1790949655.198109642] [planner_server]: Planning took 18 ms
[planner_server-4] [INFO] [1790949655.199967727] [planner_server]: Plan computed: 611 poses
[planner_server-4] [INFO] [1790949655.326565912] [planner_server]: Planning took 19 ms
[planner_server-4] [INFO] [1790949655.327143470] [planner_server]: Plan computed: 611 poses
[planner_server-4] [INFO] [1790949655.464058257] [planner_server]: Planning took 20 ms
[planner_server-4] [INFO] [1790949655.464351985] [planner_server]: Plan computed: 611 poses
[planner_server-4] [INFO] [1790949655.595770100] [planner_server]: Planning took 18 ms
[planner_server-4] [INFO] [1790949655.596225360] [planner_server]: Plan computed: 611 poses
[planner_server-4] [INFO] [1790949655.728601596] [planner_server]: Planning took 18 ms
[planner_server-4] [INFO] [1790949655.728970865] [planner_server]: Plan computed: 611 poses
[controller_node-5] [WARN] [1790949655.801980665] [controller_server]: path_copy succeeded.
[controller_node-5] [INFO] [1790949655.802305882] [controller_server]: Computed velocity commands: linear.x=0.52, linear.y=-0.65, angular.z=0.00
[planner_server-4] [INFO] [1790949655.862778773] [planner_server]: Planning took 21 ms
[planner_server-4] [INFO] [1790949655.863436530] [planner_server]: Plan computed: 611 poses
[planner_server-4] [INFO] [1790949655.990124813] [planner_server]: Planning took 18 ms
[planner_server-4] [INFO] [1790949655.990626329] [planner_server]: Plan computed: 611 poses
[planner_server-4] [INFO] [1790949656.120221135] [planner_server]: Planning took 18 ms
[planner_server-4] [INFO] [1790949656.120560789] [planner_server]: Plan computed: 611 poses
[planner_server-4] [INFO] [1790949656.253269403] [planner_server]: Planning took 17 ms
[planner_server-4] [INFO] [1790949656.254021456] [planner_server]: Plan computed: 611 poses
[planner_server-4] [INFO] [1790949656.383355354] [planner_server]: Planning took 20 ms
[planner_server-4] [INFO] [1790949656.384003382] [planner_server]: Plan computed: 611 poses
[planner_server-4] [INFO] [1790949656.510755720] [planner_server]: Planning took 19 ms
[planner_server-4] [INFO] [1790949656.511590407] [planner_server]: Plan computed: 611 poses
[planner_server-4] [INFO] [1790949656.643145679] [planner_server]: Planning took 21 ms
[planner_server-4] [INFO] [1790949656.643727755] [planner_server]: Plan computed: 611 poses
[planner_server-4] [INFO] [1790949656.770328247] [planner_server]: Planning took 18 ms
[planner_server-4] [INFO] [1790949656.770915703] [planner_server]: Plan computed: 611 poses
[planner_server-4] [INFO] [1790949656.902555814] [planner_server]: Planning took 18 ms
[planner_server-4] [INFO] [1790949656.902813004] [planner_server]: Plan computed: 611 poses
[planner_server-4] [INFO] [1790949657.029427792] [planner_server]: Planning took 18 ms
[planner_server-4] [INFO] [1790949657.029836344] [planner_server]: Plan computed: 611 poses
[planner_server-4] [INFO] [1790949657.158419166] [planner_server]: Planning took 17 ms
[planner_server-4] [INFO] [1790949657.158778356] [planner_server]: Plan computed: 611 poses
[planner_server-4] [INFO] [1790949657.279100760] [planner_server]: Planning took 17 ms
[planner_server-4] [INFO] [1790949657.279650255] [planner_server]: Plan computed: 611 poses
[planner_server-4] [INFO] [1790949657.402174165] [planner_server]: Planning took 19 ms
[planner_server-4] [INFO] [1790949657.403305695] [planner_server]: Plan computed: 611 poses
[planner_server-4] [INFO] [1790949657.530759230] [planner_server]: Planning took 19 ms
[planner_server-4] [INFO] [1790949657.531291954] [planner_server]: Plan computed: 611 poses
[planner_server-4] [INFO] [1790949657.659440575] [planner_server]: Planning took 17 ms
[planner_server-4] [INFO] [1790949657.659981053] [planner_server]: Plan computed: 611 poses
[planner_server-4] [INFO] [1790949657.790268343] [planner_server]: Planning took 18 ms
[planner_server-4] [INFO] [1790949657.791028240] [planner_server]: Plan computed: 611 poses
[controller_node-5] [WARN] [1790949657.802564062] [controller_server]: path_copy succeeded.
[controller_node-5] [INFO] [1790949657.802798219] [controller_server]: Computed velocity commands: linear.x=-0.37, linear.y=-0.75, angular.z=0.00
[planner_server-4] [INFO] [1790949657.918779240] [planner_server]: Planning took 17 ms
[planner_server-4] [INFO] [1790949657.919386422] [planner_server]: Plan computed: 611 poses
[planner_server-4] [INFO] [1790949658.040537553] [planner_server]: Planning took 17 ms
[planner_server-4] [INFO] [1790949658.040997752] [planner_server]: Plan computed: 611 poses
[planner_server-4] [INFO] [1790949658.171606964] [planner_server]: Planning took 19 ms
[planner_server-4] [INFO] [1790949658.172193929] [planner_server]: Plan computed: 611 poses
[planner_server-4] [INFO] [1790949658.301378525] [planner_server]: Planning took 17 ms
[planner_server-4] [INFO] [1790949658.301712728] [planner_server]: Plan computed: 611 poses
[planner_server-4] [INFO] [1790949658.428449418] [planner_server]: Planning took 17 ms
[planner_server-4] [INFO] [1790949658.429212962] [planner_server]: Plan computed: 611 poses
[planner_server-4] [INFO] [1790949658.559709269] [planner_server]: Planning took 18 ms
[planner_server-4] [INFO] [1790949658.560394713] [planner_server]: Plan computed: 611 poses
[planner_server-4] [INFO] [1790949658.688788814] [planner_server]: Planning took 17 ms
[planner_server-4] [INFO] [1790949658.689229777] [planner_server]: Plan computed: 611 poses
[planner_server-4] [INFO] [1790949658.811353463] [planner_server]: Planning took 19 ms
[planner_server-4] [INFO] [1790949658.811765852] [planner_server]: Plan computed: 611 poses
[planner_server-4] [INFO] [1790949658.939330457] [planner_server]: Planning took 17 ms
[planner_server-4] [INFO] [1790949658.940004043] [planner_server]: Plan computed: 611 poses
[planner_server-4] [INFO] [1790949659.069547399] [planner_server]: Planning took 17 ms
[planner_server-4] [INFO] [1790949659.070086885] [planner_server]: Plan computed: 611 poses
[planner_server-4] [INFO] [1790949659.199598663] [planner_server]: Planning took 18 ms
[planner_server-4] [INFO] [1790949659.199928549] [planner_server]: Plan computed: 611 poses
[planner_server-4] [INFO] [1790949659.331188856] [planner_server]: Planning took 19 ms
[planner_server-4] [INFO] [1790949659.333105083] [planner_server]: Plan computed: 611 poses
[planner_server-4] [INFO] [1790949659.460519569] [planner_server]: Planning took 19 ms
[planner_server-4] [INFO] [1790949659.461011777] [planner_server]: Plan computed: 611 poses
[planner_server-4] [INFO] [1790949659.589461625] [planner_server]: Planning took 18 ms
[planner_server-4] [INFO] [1790949659.589971957] [planner_server]: Plan computed: 611 poses
[planner_server-4] [INFO] [1790949659.724246620] [planner_server]: Planning took 20 ms
[planner_server-4] [INFO] [1790949659.724808478] [planner_server]: Plan computed: 611 poses
[controller_node-5] [WARN] [1790949659.824370042] [controller_server]: path_copy succeeded.
[controller_node-5] [INFO] [1790949659.824597256] [controller_server]: Computed velocity commands: linear.x=-0.83, linear.y=0.07, angular.z=0.00
[planner_server-4] [INFO] [1790949659.848516320] [planner_server]: Planning took 17 ms
[planner_server-4] [INFO] [1790949659.849062218] [planner_server]: Plan computed: 611 poses
[planner_server-4] [INFO] [1790949659.968859678] [planner_server]: Planning took 17 ms
[planner_server-4] [INFO] [1790949659.969318214] [planner_server]: Plan computed: 611 poses
[planner_server-4] [INFO] [1790949660.098382439] [planner_server]: Planning took 17 ms
[planner_server-4] [INFO] [1790949660.098706563] [planner_server]: Plan computed: 611 poses
[planner_server-4] [INFO] [1790949660.221831331] [planner_server]: Planning took 18 ms
[planner_server-4] [INFO] [1790949660.222404059] [planner_server]: Plan computed: 611 poses
[planner_server-4] [INFO] [1790949660.351177683] [planner_server]: Planning took 19 ms
[planner_server-4] [INFO] [1790949660.351513981] [planner_server]: Plan computed: 611 poses
[planner_server-4] [INFO] [1790949660.478925593] [planner_server]: Planning took 17 ms
[planner_server-4] [INFO] [1790949660.479527306] [planner_server]: Plan computed: 611 poses
[planner_server-4] [INFO] [1790949660.607858312] [planner_server]: Planning took 16 ms
[planner_server-4] [INFO] [1790949660.608599895] [planner_server]: Plan computed: 611 poses
[planner_server-4] [INFO] [1790949660.742173665] [planner_server]: Planning took 18 ms
[planner_server-4] [INFO] [1790949660.742814771] [planner_server]: Plan computed: 611 poses
[planner_server-4] [INFO] [1790949660.870841020] [planner_server]: Planning took 19 ms
[planner_server-4] [INFO] [1790949660.872689498] [planner_server]: Plan computed: 611 poses
[planner_server-4] [INFO] [1790949660.999952905] [planner_server]: Planning took 17 ms
[planner_server-4] [INFO] [1790949661.000399758] [planner_server]: Plan computed: 611 poses
[planner_server-4] [INFO] [1790949661.128479570] [planner_server]: Planning took 17 ms
[planner_server-4] [INFO] [1790949661.129149600] [planner_server]: Plan computed: 611 poses
[planner_server-4] [INFO] [1790949661.260367866] [planner_server]: Planning took 18 ms
[planner_server-4] [INFO] [1790949661.260723760] [planner_server]: Plan computed: 611 poses
[planner_server-4] [INFO] [1790949661.390107674] [planner_server]: Planning took 18 ms
[planner_server-4] [INFO] [1790949661.390355276] [planner_server]: Plan computed: 611 poses
[planner_server-4] [INFO] [1790949661.519268904] [planner_server]: Planning took 18 ms
[planner_server-4] [INFO] [1790949661.519655445] [planner_server]: Plan computed: 611 poses
[planner_server-4] [INFO] [1790949661.651006428] [planner_server]: Planning took 17 ms
[planner_server-4] [INFO] [1790949661.651313400] [planner_server]: Plan computed: 611 poses
[planner_server-4] [INFO] [1790949661.778430547] [planner_server]: Planning took 17 ms
[planner_server-4] [INFO] [1790949661.778858906] [planner_server]: Plan computed: 611 poses
[controller_node-5] [WARN] [1790949661.842050932] [controller_server]: path_copy succeeded.
[controller_node-5] [INFO] [1790949661.842335303] [controller_server]: Computed velocity commands: linear.x=-0.26, linear.y=0.79, angular.z=0.00
[planner_server-4] [INFO] [1790949661.897561086] [planner_server]: Planning took 16 ms
[planner_server-4] [INFO] [1790949661.897952366] [planner_server]: Plan computed: 611 poses
[planner_server-4] [INFO] [1790949662.018504657] [planner_server]: Planning took 17 ms
[planner_server-4] [INFO] [1790949662.019319727] [planner_server]: Plan computed: 611 poses
[planner_server-4] [INFO] [1790949662.148248064] [planner_server]: Planning took 17 ms
[planner_server-4] [INFO] [1790949662.148629716] [planner_server]: Plan computed: 611 poses
[planner_server-4] [INFO] [1790949662.278477839] [planner_server]: Planning took 17 ms
[planner_server-4] [INFO] [1790949662.278907210] [planner_server]: Plan computed: 611 poses
[planner_server-4] [INFO] [1790949662.408656208] [planner_server]: Planning took 17 ms
[planner_server-4] [INFO] [1790949662.409099675] [planner_server]: Plan computed: 611 poses
[planner_server-4] [INFO] [1790949662.543788154] [planner_server]: Planning took 19 ms
[planner_server-4] [INFO] [1790949662.544406287] [planner_server]: Plan computed: 611 poses
[planner_server-4] [INFO] [1790949662.670878384] [planner_server]: Planning took 19 ms
[planner_server-4] [INFO] [1790949662.671493291] [planner_server]: Plan computed: 611 poses
[planner_server-4] [INFO] [1790949662.798484806] [planner_server]: Planning took 17 ms
[planner_server-4] [INFO] [1790949662.798822816] [planner_server]: Plan computed: 611 poses
[planner_server-4] [INFO] [1790949662.919612768] [planner_server]: Planning took 17 ms
[planner_server-4] [INFO] [1790949662.920124452] [planner_server]: Plan computed: 611 poses
[planner_server-4] [INFO] [1790949663.040245036] [planner_server]: Planning took 17 ms
[planner_server-4] [INFO] [1790949663.040682352] [planner_server]: Plan computed: 611 poses
[planner_server-4] [INFO] [1790949663.168200149] [planner_server]: Planning took 17 ms
[planner_server-4] [INFO] [1790949663.168482416] [planner_server]: Plan computed: 611 poses
[planner_server-4] [INFO] [1790949663.287898922] [planner_server]: Planning took 16 ms
[planner_server-4] [INFO] [1790949663.288396541] [planner_server]: Plan computed: 611 poses
[planner_server-4] [INFO] [1790949663.419350839] [planner_server]: Planning took 18 ms
[planner_server-4] [INFO] [1790949663.419725558] [planner_server]: Plan computed: 611 poses
[planner_server-4] [INFO] [1790949663.549214833] [planner_server]: Planning took 17 ms
[planner_server-4] [INFO] [1790949663.549491839] [planner_server]: Plan computed: 611 poses
[planner_server-4] [INFO] [1790949663.672729003] [planner_server]: Planning took 19 ms
[planner_server-4] [INFO] [1790949663.673244425] [planner_server]: Plan computed: 611 poses
[planner_server-4] [INFO] [1790949663.799072481] [planner_server]: Planning took 18 ms
[planner_server-4] [INFO] [1790949663.799349497] [planner_server]: Plan computed: 611 poses
[controller_node-5] [WARN] [1790949663.862083685] [controller_server]: path_copy succeeded.
[controller_node-5] [INFO] [1790949663.862387702] [controller_server]: Computed velocity commands: linear.x=0.66, linear.y=0.51, angular.z=0.00
[planner_server-4] [INFO] [1790949663.929888581] [planner_server]: Planning took 17 ms
[planner_server-4] [INFO] [1790949663.930374567] [planner_server]: Plan computed: 611 poses
[planner_server-4] [INFO] [1790949664.058600708] [planner_server]: Planning took 17 ms
[planner_server-4] [INFO] [1790949664.058909664] [planner_server]: Plan computed: 611 poses
[planner_server-4] [INFO] [1790949664.189502520] [planner_server]: Planning took 18 ms
[planner_server-4] [INFO] [1790949664.190308413] [planner_server]: Plan computed: 611 poses
[planner_server-4] [INFO] [1790949664.325099930] [planner_server]: Planning took 23 ms
[planner_server-4] [INFO] [1790949664.325782934] [planner_server]: Plan computed: 611 poses
[planner_server-4] [INFO] [1790949664.450671721] [planner_server]: Planning took 17 ms
[planner_server-4] [INFO] [1790949664.451437520] [planner_server]: Plan computed: 611 poses
[planner_server-4] [INFO] [1790949664.579197761] [planner_server]: Planning took 17 ms
[planner_server-4] [INFO] [1790949664.579583030] [planner_server]: Plan computed: 611 poses
[planner_server-4] [INFO] [1790949664.710509012] [planner_server]: Planning took 19 ms
[planner_server-4] [INFO] [1790949664.710866348] [planner_server]: Plan computed: 611 poses
[planner_server-4] [INFO] [1790949664.839039756] [planner_server]: Planning took 17 ms
[planner_server-4] [INFO] [1790949664.839354814] [planner_server]: Plan computed: 611 poses
[planner_server-4] [INFO] [1790949664.969302877] [planner_server]: Planning took 17 ms
[planner_server-4] [INFO] [1790949664.969803631] [planner_server]: Plan computed: 611 poses
[planner_server-4] [INFO] [1790949665.106895692] [planner_server]: Planning took 26 ms
[planner_server-4] [INFO] [1790949665.107361771] [planner_server]: Plan computed: 611 poses
[planner_server-4] [INFO] [1790949665.230077884] [planner_server]: Planning took 18 ms
[planner_server-4] [INFO] [1790949665.230502256] [planner_server]: Plan computed: 611 poses
[planner_server-4] [INFO] [1790949665.360573723] [planner_server]: Planning took 19 ms
[planner_server-4] [INFO] [1790949665.360853255] [planner_server]: Plan computed: 611 poses
[planner_server-4] [INFO] [1790949665.488266642] [planner_server]: Planning took 17 ms
[planner_server-4] [INFO] [1790949665.488642563] [planner_server]: Plan computed: 611 poses
[planner_server-4] [INFO] [1790949665.619319659] [planner_server]: Planning took 18 ms
[planner_server-4] [INFO] [1790949665.620123578] [planner_server]: Plan computed: 611 poses
[planner_server-4] [INFO] [1790949665.751590816] [planner_server]: Planning took 20 ms
[planner_server-4] [INFO] [1790949665.752083906] [planner_server]: Plan computed: 611 poses
[controller_node-5] [WARN] [1790949665.862088441] [controller_server]: path_copy succeeded.
[planner_server-4] [INFO] [1790949665.878693765] [planner_server]: Planning took 17 ms
[planner_server-4] [INFO] [1790949665.879254841] [planner_server]: Plan computed: 611 poses
[controller_node-5] [INFO] [1790949665.882209824] [controller_server]: Computed velocity commands: linear.x=0.70, linear.y=-0.46, angular.z=0.00
[planner_server-4] [INFO] [1790949666.010363031] [planner_server]: Planning took 18 ms
[planner_server-4] [INFO] [1790949666.011074518] [planner_server]: Plan computed: 611 poses
[planner_server-4] [INFO] [1790949666.138359042] [planner_server]: Planning took 17 ms
[planner_server-4] [INFO] [1790949666.138745763] [planner_server]: Plan computed: 611 poses
[planner_server-4] [INFO] [1790949666.268570486] [planner_server]: Planning took 17 ms
[planner_server-4] [INFO] [1790949666.269144056] [planner_server]: Plan computed: 611 poses
[planner_server-4] [INFO] [1790949666.389307931] [planner_server]: Planning took 17 ms
[planner_server-4] [INFO] [1790949666.389690445] [planner_server]: Plan computed: 611 poses
[planner_server-4] [INFO] [1790949666.518838339] [planner_server]: Planning took 18 ms
[planner_server-4] [INFO] [1790949666.519232935] [planner_server]: Plan computed: 611 poses
[planner_server-4] [INFO] [1790949666.638952603] [planner_server]: Planning took 17 ms
[planner_server-4] [INFO] [1790949666.639354262] [planner_server]: Plan computed: 611 poses
[planner_server-4] [INFO] [1790949666.760215640] [planner_server]: Planning took 19 ms
[planner_server-4] [INFO] [1790949666.760536368] [planner_server]: Plan computed: 611 poses
[planner_server-4] [INFO] [1790949666.888655995] [planner_server]: Planning took 17 ms
[planner_server-4] [INFO] [1790949666.889235816] [planner_server]: Plan computed: 611 poses
[planner_server-4] [INFO] [1790949667.009004525] [planner_server]: Planning took 18 ms
[planner_server-4] [INFO] [1790949667.009643396] [planner_server]: Plan computed: 611 poses
[planner_server-4] [INFO] [1790949667.140685938] [planner_server]: Planning took 20 ms
[planner_server-4] [INFO] [1790949667.141406031] [planner_server]: Plan computed: 611 poses
[planner_server-4] [INFO] [1790949667.268870328] [planner_server]: Planning took 18 ms
[planner_server-4] [INFO] [1790949667.269433769] [planner_server]: Plan computed: 611 poses
[planner_server-4] [INFO] [1790949667.398383406] [planner_server]: Planning took 17 ms
[planner_server-4] [INFO] [1790949667.398678266] [planner_server]: Plan computed: 611 poses
[planner_server-4] [INFO] [1790949667.521801420] [planner_server]: Planning took 18 ms
[planner_server-4] [INFO] [1790949667.522329846] [planner_server]: Plan computed: 611 poses
[planner_server-4] [INFO] [1790949667.650523258] [planner_server]: Planning took 19 ms
[planner_server-4] [INFO] [1790949667.651074967] [planner_server]: Plan computed: 611 poses
[planner_server-4] [INFO] [1790949667.777959031] [planner_server]: Planning took 17 ms
[planner_server-4] [INFO] [1790949667.778292714] [planner_server]: Plan computed: 611 poses
[controller_node-5] [WARN] [1790949667.882073111] [controller_server]: path_copy succeeded.
[controller_node-5] [INFO] [1790949667.882355378] [controller_server]: Computed velocity commands: linear.x=-0.23, linear.y=-0.80, angular.z=0.00
[planner_server-4] [INFO] [1790949667.898938346] [planner_server]: Planning took 17 ms
[planner_server-4] [INFO] [1790949667.900153823] [planner_server]: Plan computed: 611 poses
[planner_server-4] [INFO] [1790949668.031228831] [planner_server]: Planning took 18 ms
[planner_server-4] [INFO] [1790949668.031818200] [planner_server]: Plan computed: 611 poses
[planner_server-4] [INFO] [1790949668.158698640] [planner_server]: Planning took 16 ms
[planner_server-4] [INFO] [1790949668.159213841] [planner_server]: Plan computed: 611 poses
[planner_server-4] [INFO] [1790949668.288455805] [planner_server]: Planning took 16 ms
[planner_server-4] [INFO] [1790949668.288993088] [planner_server]: Plan computed: 611 poses
[planner_server-4] [INFO] [1790949668.411875980] [planner_server]: Planning took 19 ms
[planner_server-4] [INFO] [1790949668.412422930] [planner_server]: Plan computed: 611 poses
[planner_server-4] [INFO] [1790949668.537884333] [planner_server]: Planning took 16 ms
[planner_server-4] [INFO] [1790949668.538387597] [planner_server]: Plan computed: 611 poses
[planner_server-4] [INFO] [1790949668.659591192] [planner_server]: Planning took 18 ms
[planner_server-4] [INFO] [1790949668.660176043] [planner_server]: Plan computed: 611 poses
[planner_server-4] [INFO] [1790949668.789236279] [planner_server]: Planning took 16 ms
[planner_server-4] [INFO] [1790949668.789536459] [planner_server]: Plan computed: 611 poses
[planner_server-4] [INFO] [1790949668.918687835] [planner_server]: Planning took 18 ms
[planner_server-4] [INFO] [1790949668.919231819] [planner_server]: Plan computed: 611 poses
[planner_server-4] [INFO] [1790949669.048481039] [planner_server]: Planning took 17 ms
[planner_server-4] [INFO] [1790949669.048771450] [planner_server]: Plan computed: 611 poses
[planner_server-4] [INFO] [1790949669.167507680] [planner_server]: Planning took 16 ms
[planner_server-4] [INFO] [1790949669.167958080] [planner_server]: Plan computed: 611 poses
[planner_server-4] [INFO] [1790949669.289924855] [planner_server]: Planning took 17 ms
[planner_server-4] [INFO] [1790949669.290414799] [planner_server]: Plan computed: 611 poses
[planner_server-4] [INFO] [1790949669.420230737] [planner_server]: Planning took 18 ms
[planner_server-4] [INFO] [1790949669.420598253] [planner_server]: Plan computed: 611 poses
[planner_server-4] [INFO] [1790949669.551480609] [planner_server]: Planning took 16 ms
[planner_server-4] [INFO] [1790949669.551934126] [planner_server]: Plan computed: 611 poses
[planner_server-4] [INFO] [1790949669.678043940] [planner_server]: Planning took 16 ms
[planner_server-4] [INFO] [1790949669.678510280] [planner_server]: Plan computed: 611 poses
[planner_server-4] [INFO] [1790949669.801059622] [planner_server]: Planning took 19 ms
[planner_server-4] [INFO] [1790949669.801696090] [planner_server]: Plan computed: 611 poses
[controller_node-5] [WARN] [1790949669.882755647] [controller_server]: path_copy succeeded.
[controller_node-5] [INFO] [1790949669.882918040] [controller_server]: Computed velocity commands: linear.x=-0.83, linear.y=-0.05, angular.z=0.00
[planner_server-4] [INFO] [1790949669.928993329] [planner_server]: Planning took 17 ms
[planner_server-4] [INFO] [1790949669.929859966] [planner_server]: Plan computed: 611 poses
[planner_server-4] [INFO] [1790949670.058930885] [planner_server]: Planning took 17 ms
[planner_server-4] [INFO] [1790949670.059519302] [planner_server]: Plan computed: 611 poses
[planner_server-4] [INFO] [1790949670.189027638] [planner_server]: Planning took 17 ms
[planner_server-4] [INFO] [1790949670.190042832] [planner_server]: Plan computed: 611 poses
[planner_server-4] [INFO] [1790949670.318806207] [planner_server]: Planning took 17 ms
[planner_server-4] [INFO] [1790949670.320150766] [planner_server]: Plan computed: 611 poses
[planner_server-4] [INFO] [1790949670.449075012] [planner_server]: Planning took 18 ms
[planner_server-4] [INFO] [1790949670.450774272] [planner_server]: Plan computed: 611 poses
[planner_server-4] [INFO] [1790949670.577682117] [planner_server]: Planning took 16 ms
[planner_server-4] [INFO] [1790949670.578205694] [planner_server]: Plan computed: 611 poses
[planner_server-4] [INFO] [1790949670.698507731] [planner_server]: Planning took 17 ms
[planner_server-4] [INFO] [1790949670.699078115] [planner_server]: Plan computed: 611 poses
[planner_server-4] [INFO] [1790949670.828370373] [planner_server]: Planning took 17 ms
[planner_server-4] [INFO] [1790949670.828766021] [planner_server]: Plan computed: 611 poses
[planner_server-4] [INFO] [1790949670.948583319] [planner_server]: Planning took 17 ms
[planner_server-4] [INFO] [1790949670.949082400] [planner_server]: Plan computed: 611 poses
[planner_server-4] [INFO] [1790949671.082206854] [planner_server]: Planning took 20 ms
[planner_server-4] [INFO] [1790949671.082554362] [planner_server]: Plan computed: 611 poses
[planner_server-4] [INFO] [1790949671.210452125] [planner_server]: Planning took 19 ms
[planner_server-4] [INFO] [1790949671.210896835] [planner_server]: Plan computed: 611 poses
[planner_server-4] [INFO] [1790949671.339434111] [planner_server]: Planning took 18 ms
[planner_server-4] [INFO] [1790949671.340036645] [planner_server]: Plan computed: 611 poses
[planner_server-4] [INFO] [1790949671.471159004] [planner_server]: Planning took 17 ms
[planner_server-4] [INFO] [1790949671.471533793] [planner_server]: Plan computed: 611 poses
[planner_server-4] [INFO] [1790949671.598353916] [planner_server]: Planning took 17 ms
[planner_server-4] [INFO] [1790949671.598721442] [planner_server]: Plan computed: 611 poses
[planner_server-4] [INFO] [1790949671.727761426] [planner_server]: Planning took 16 ms
[planner_server-4] [INFO] [1790949671.728290463] [planner_server]: Plan computed: 611 poses
[planner_server-4] [INFO] [1790949671.848433751] [planner_server]: Planning took 17 ms
[planner_server-4] [INFO] [1790949671.848774707] [planner_server]: Plan computed: 611 poses
[controller_node-5] [WARN] [1790949671.901788961] [controller_server]: path_copy succeeded.
[controller_node-5] [INFO] [1790949671.902094852] [controller_server]: Computed velocity commands: linear.x=-0.37, linear.y=0.74, angular.z=0.00
[planner_server-4] [INFO] [1790949671.968208973] [planner_server]: Planning took 17 ms
[planner_server-4] [INFO] [1790949671.968530723] [planner_server]: Plan computed: 611 poses
[planner_server-4] [INFO] [1790949672.089639574] [planner_server]: Planning took 17 ms
[planner_server-4] [INFO] [1790949672.089924295] [planner_server]: Plan computed: 611 poses
[planner_server-4] [INFO] [1790949672.219382703] [planner_server]: Planning took 18 ms
[planner_server-4] [INFO] [1790949672.219798909] [planner_server]: Plan computed: 611 poses
[planner_server-4] [INFO] [1790949672.350313897] [planner_server]: Planning took 17 ms
[planner_server-4] [INFO] [1790949672.350892116] [planner_server]: Plan computed: 611 poses
[planner_server-4] [INFO] [1790949672.478638299] [planner_server]: Planning took 17 ms
[planner_server-4] [INFO] [1790949672.479131349] [planner_server]: Plan computed: 611 poses
[planner_server-4] [INFO] [1790949672.608390574] [planner_server]: Planning took 17 ms
[planner_server-4] [INFO] [1790949672.609387274] [planner_server]: Plan computed: 611 poses
[planner_server-4] [INFO] [1790949672.738694077] [planner_server]: Planning took 18 ms
[planner_server-4] [INFO] [1790949672.739201654] [planner_server]: Plan computed: 611 poses
[planner_server-4] [INFO] [1790949672.868399606] [planner_server]: Planning took 17 ms
[planner_server-4] [INFO] [1790949672.868737055] [planner_server]: Plan computed: 611 poses
[planner_server-4] [INFO] [1790949672.992322597] [planner_server]: Planning took 18 ms
[planner_server-4] [INFO] [1790949672.993312163] [planner_server]: Plan computed: 611 poses
[planner_server-4] [INFO] [1790949673.119941204] [planner_server]: Planning took 17 ms
[planner_server-4] [INFO] [1790949673.120247565] [planner_server]: Plan computed: 611 poses
[planner_server-4] [INFO] [1790949673.249077312] [planner_server]: Planning took 17 ms
[planner_server-4] [INFO] [1790949673.249462150] [planner_server]: Plan computed: 611 poses
[planner_server-4] [INFO] [1790949673.380643683] [planner_server]: Planning took 18 ms
[planner_server-4] [INFO] [1790949673.381231149] [planner_server]: Plan computed: 611 poses
[planner_server-4] [INFO] [1790949673.509498066] [planner_server]: Planning took 18 ms
[planner_server-4] [INFO] [1790949673.509978963] [planner_server]: Plan computed: 611 poses
[planner_server-4] [INFO] [1790949673.641186603] [planner_server]: Planning took 20 ms
[planner_server-4] [INFO] [1790949673.641650268] [planner_server]: Plan computed: 611 poses
[planner_server-4] [INFO] [1790949673.768981882] [planner_server]: Planning took 17 ms
[planner_server-4] [INFO] [1790949673.769411744] [planner_server]: Plan computed: 611 poses
[planner_server-4] [INFO] [1790949673.888368612] [planner_server]: Planning took 17 ms
[planner_server-4] [INFO] [1790949673.889003837] [planner_server]: Plan computed: 611 poses
[controller_node-5] [WARN] [1790949673.921426781] [controller_server]: path_copy succeeded.
[controller_node-5] [INFO] [1790949673.921613750] [controller_server]: Computed velocity commands: linear.x=0.56, linear.y=0.62, angular.z=0.00
[planner_server-4] [INFO] [1790949674.008055424] [planner_server]: Planning took 17 ms
[planner_server-4] [INFO] [1790949674.008319817] [planner_server]: Plan computed: 611 poses
[planner_server-4] [INFO] [1790949674.129569064] [planner_server]: Planning took 17 ms
[planner_server-4] [INFO] [1790949674.130117938] [planner_server]: Plan computed: 611 poses
[planner_server-4] [INFO] [1790949674.259204666] [planner_server]: Planning took 17 ms
[planner_server-4] [INFO] [1790949674.259654765] [planner_server]: Plan computed: 611 poses
[planner_server-4] [INFO] [1790949674.389113347] [planner_server]: Planning took 18 ms
[planner_server-4] [INFO] [1790949674.389489027] [planner_server]: Plan computed: 611 poses
[planner_server-4] [INFO] [1790949674.519712105] [planner_server]: Planning took 18 ms
[planner_server-4] [INFO] [1790949674.520023787] [planner_server]: Plan computed: 611 poses
[planner_server-4] [INFO] [1790949674.647813114] [planner_server]: Planning took 17 ms
[planner_server-4] [INFO] [1790949674.648277741] [planner_server]: Plan computed: 611 poses
[planner_server-4] [INFO] [1790949674.770868411] [planner_server]: Planning took 17 ms
[planner_server-4] [INFO] [1790949674.771480152] [planner_server]: Plan computed: 611 poses
[planner_server-4] [INFO] [1790949674.899244213] [planner_server]: Planning took 18 ms
[planner_server-4] [INFO] [1790949674.899580680] [planner_server]: Plan computed: 611 poses
[planner_server-4] [INFO] [1790949675.027866114] [planner_server]: Planning took 16 ms
[planner_server-4] [INFO] [1790949675.028125027] [planner_server]: Plan computed: 611 poses
[planner_server-4] [INFO] [1790949675.148824571] [planner_server]: Planning took 17 ms
[planner_server-4] [INFO] [1790949675.149175776] [planner_server]: Plan computed: 611 poses
[planner_server-4] [INFO] [1790949675.278313531] [planner_server]: Planning took 17 ms
[planner_server-4] [INFO] [1790949675.278891329] [planner_server]: Plan computed: 611 poses
[planner_server-4] [INFO] [1790949675.408491687] [planner_server]: Planning took 17 ms
[planner_server-4] [INFO] [1790949675.408985158] [planner_server]: Plan computed: 611 poses
[planner_server-4] [INFO] [1790949675.530800664] [planner_server]: Planning took 17 ms
[planner_server-4] [INFO] [1790949675.531291159] [planner_server]: Plan computed: 611 poses
[planner_server-4] [INFO] [1790949675.660462537] [planner_server]: Planning took 19 ms
[planner_server-4] [INFO] [1790949675.660977327] [planner_server]: Plan computed: 611 poses
[planner_server-4] [INFO] [1790949675.790840355] [planner_server]: Planning took 18 ms
[planner_server-4] [INFO] [1790949675.791271830] [planner_server]: Plan computed: 611 poses
[planner_server-4] [INFO] [1790949675.919069936] [planner_server]: Planning took 17 ms
[planner_server-4] [INFO] [1790949675.919459473] [planner_server]: Plan computed: 611 poses
[controller_node-5] [WARN] [1790949675.941394583] [controller_server]: path_copy succeeded.
[controller_node-5] [INFO] [1790949675.941614012] [controller_server]: Computed velocity commands: linear.x=0.77, linear.y=-0.32, angular.z=0.00
[planner_server-4] [INFO] [1790949676.051225863] [planner_server]: Planning took 18 ms
[planner_server-4] [INFO] [1790949676.051888018] [planner_server]: Plan computed: 611 poses
[planner_server-4] [INFO] [1790949676.180900871] [planner_server]: Planning took 17 ms
[planner_server-4] [INFO] [1790949676.181279929] [planner_server]: Plan computed: 611 poses
[planner_server-4] [INFO] [1790949676.307362237] [planner_server]: Planning took 16 ms
[planner_server-4] [INFO] [1790949676.308067860] [planner_server]: Plan computed: 611 poses
[planner_server-4] [INFO] [1790949676.429446005] [planner_server]: Planning took 18 ms
[planner_server-4] [INFO] [1790949676.429918046] [planner_server]: Plan computed: 611 poses
[planner_server-4] [INFO] [1790949676.561268210] [planner_server]: Planning took 18 ms
[planner_server-4] [INFO] [1790949676.561974117] [planner_server]: Plan computed: 611 poses
[planner_server-4] [INFO] [1790949676.689487101] [planner_server]: Planning took 18 ms
[planner_server-4] [INFO] [1790949676.690146371] [planner_server]: Plan computed: 611 poses
[planner_server-4] [INFO] [1790949676.821107993] [planner_server]: Planning took 18 ms
[planner_server-4] [INFO] [1790949676.821751263] [planner_server]: Plan computed: 611 poses
[planner_server-4] [INFO] [1790949676.948868972] [planner_server]: Planning took 17 ms
[planner_server-4] [INFO] [1790949676.949352113] [planner_server]: Plan computed: 611 poses
[planner_server-4] [INFO] [1790949677.078631837] [planner_server]: Planning took 17 ms
[planner_server-4] [INFO] [1790949677.078951303] [planner_server]: Plan computed: 611 poses
[planner_server-4] [INFO] [1790949677.198603167] [planner_server]: Planning took 17 ms
[planner_server-4] [INFO] [1790949677.199078123] [planner_server]: Plan computed: 611 poses
[planner_server-4] [INFO] [1790949677.318795357] [planner_server]: Planning took 17 ms
[planner_server-4] [INFO] [1790949677.319231932] [planner_server]: Plan computed: 611 poses
[planner_server-4] [INFO] [1790949677.449896851] [planner_server]: Planning took 18 ms
[planner_server-4] [INFO] [1790949677.451201164] [planner_server]: Plan computed: 611 poses
[planner_server-4] [INFO] [1790949677.579346031] [planner_server]: Planning took 17 ms
[planner_server-4] [INFO] [1790949677.579790040] [planner_server]: Plan computed: 611 poses
[planner_server-4] [INFO] [1790949677.710263631] [planner_server]: Planning took 17 ms
[planner_server-4] [INFO] [1790949677.710850726] [planner_server]: Plan computed: 611 poses
[planner_server-4] [INFO] [1790949677.838604844] [planner_server]: Planning took 17 ms
[planner_server-4] [INFO] [1790949677.839010301] [planner_server]: Plan computed: 611 poses
[controller_node-5] [WARN] [1790949677.942133059] [controller_server]: path_copy succeeded.
[controller_node-5] [INFO] [1790949677.942301493] [controller_server]: Computed velocity commands: linear.x=0.03, linear.y=-0.83, angular.z=0.00
[planner_server-4] [INFO] [1790949677.958738116] [planner_server]: Planning took 17 ms
[planner_server-4] [INFO] [1790949677.959067320] [planner_server]: Plan computed: 611 poses
[planner_server-4] [INFO] [1790949678.090220351] [planner_server]: Planning took 17 ms
[planner_server-4] [INFO] [1790949678.090684747] [planner_server]: Plan computed: 611 poses
[planner_server-4] [INFO] [1790949678.219965445] [planner_server]: Planning took 19 ms
[planner_server-4] [INFO] [1790949678.220281615] [planner_server]: Plan computed: 611 poses
[planner_server-4] [INFO] [1790949678.350719191] [planner_server]: Planning took 18 ms
[planner_server-4] [INFO] [1790949678.351217461] [planner_server]: Plan computed: 611 poses
[planner_server-4] [INFO] [1790949678.478547521] [planner_server]: Planning took 17 ms
[planner_server-4] [INFO] [1790949678.478876144] [planner_server]: Plan computed: 611 poses
[planner_server-4] [INFO] [1790949678.608781847] [planner_server]: Planning took 17 ms
[planner_server-4] [INFO] [1790949678.609302238] [planner_server]: Plan computed: 611 poses
[planner_server-4] [INFO] [1790949678.742293960] [planner_server]: Planning took 17 ms
[planner_server-4] [INFO] [1790949678.742654893] [planner_server]: Plan computed: 611 poses
[planner_server-4] [INFO] [1790949678.871178649] [planner_server]: Planning took 19 ms
[planner_server-4] [INFO] [1790949678.871504216] [planner_server]: Plan computed: 611 poses
[planner_server-4] [INFO] [1790949679.002424974] [planner_server]: Planning took 19 ms
[planner_server-4] [INFO] [1790949679.002966965] [planner_server]: Plan computed: 611 poses
[planner_server-4] [INFO] [1790949679.129195602] [planner_server]: Planning took 18 ms
[planner_server-4] [INFO] [1790949679.129579849] [planner_server]: Plan computed: 611 poses
[planner_server-4] [INFO] [1790949679.257754646] [planner_server]: Planning took 17 ms
[planner_server-4] [INFO] [1790949679.258350929] [planner_server]: Plan computed: 611 poses
[planner_server-4] [INFO] [1790949679.378893918] [planner_server]: Planning took 18 ms
[planner_server-4] [INFO] [1790949679.379448112] [planner_server]: Plan computed: 611 poses
[planner_server-4] [INFO] [1790949679.499238067] [planner_server]: Planning took 17 ms
[planner_server-4] [INFO] [1790949679.499667348] [planner_server]: Plan computed: 611 poses
[planner_server-4] [INFO] [1790949679.631330032] [planner_server]: Planning took 20 ms
[planner_server-4] [INFO] [1790949679.631737472] [planner_server]: Plan computed: 611 poses
[planner_server-4] [INFO] [1790949679.764096456] [planner_server]: Planning took 20 ms
[planner_server-4] [INFO] [1790949679.764982619] [planner_server]: Plan computed: 611 poses
[planner_server-4] [INFO] [1790949679.890905385] [planner_server]: Planning took 17 ms
[planner_server-4] [INFO] [1790949679.891364712] [planner_server]: Plan computed: 611 poses
[controller_node-5] [WARN] [1790949679.961633983] [controller_server]: path_copy succeeded.
[controller_node-5] [INFO] [1790949679.961900250] [controller_server]: Computed velocity commands: linear.x=-0.74, linear.y=-0.38, angular.z=0.00
[planner_server-4] [INFO] [1790949680.020200052] [planner_server]: Planning took 19 ms
[planner_server-4] [INFO] [1790949680.020650262] [planner_server]: Plan computed: 611 poses
[planner_server-4] [INFO] [1790949680.150311725] [planner_server]: Planning took 17 ms
[planner_server-4] [INFO] [1790949680.150621182] [planner_server]: Plan computed: 611 poses
[planner_server-4] [INFO] [1790949680.277782812] [planner_server]: Planning took 16 ms
[planner_server-4] [INFO] [1790949680.278315295] [planner_server]: Plan computed: 611 poses
[planner_server-4] [INFO] [1790949680.400409721] [planner_server]: Planning took 19 ms
[planner_server-4] [INFO] [1790949680.400785161] [planner_server]: Plan computed: 611 poses
[planner_server-4] [INFO] [1790949680.529701003] [planner_server]: Planning took 18 ms
[planner_server-4] [INFO] [1790949680.530372907] [planner_server]: Plan computed: 611 poses
[planner_server-4] [INFO] [1790949680.658912973] [planner_server]: Planning took 17 ms
[planner_server-4] [INFO] [1790949680.659419698] [planner_server]: Plan computed: 611 poses
[planner_server-4] [INFO] [1790949680.792021151] [planner_server]: Planning took 20 ms
[planner_server-4] [INFO] [1790949680.793196263] [planner_server]: Plan computed: 611 poses
[planner_server-4] [INFO] [1790949680.920053624] [planner_server]: Planning took 18 ms
[planner_server-4] [INFO] [1790949680.920382327] [planner_server]: Plan computed: 611 poses
[planner_server-4] [INFO] [1790949681.050177125] [planner_server]: Planning took 19 ms
[planner_server-4] [INFO] [1790949681.051203960] [planner_server]: Plan computed: 611 poses
[planner_server-4] [INFO] [1790949681.180456166] [planner_server]: Planning took 18 ms
[planner_server-4] [INFO] [1790949681.180975335] [planner_server]: Plan computed: 611 poses
[planner_server-4] [INFO] [1790949681.312721048] [planner_server]: Planning took 19 ms
[planner_server-4] [INFO] [1790949681.313277385] [planner_server]: Plan computed: 611 poses
[planner_server-4] [INFO] [1790949681.438253649] [planner_server]: Planning took 17 ms
[planner_server-4] [INFO] [1790949681.438556725] [planner_server]: Plan computed: 611 poses
[planner_server-4] [INFO] [1790949681.561660236] [planner_server]: Planning took 17 ms
[planner_server-4] [INFO] [1790949681.562001883] [planner_server]: Plan computed: 611 poses
[planner_server-4] [INFO] [1790949681.687746651] [planner_server]: Planning took 17 ms
[planner_server-4] [INFO] [1790949681.688290686] [planner_server]: Plan computed: 611 poses
[planner_server-4] [INFO] [1790949681.808509781] [planner_server]: Planning took 17 ms
[planner_server-4] [INFO] [1790949681.809218703] [planner_server]: Plan computed: 611 poses
[planner_server-4] [INFO] [1790949681.939034832] [planner_server]: Planning took 17 ms
[planner_server-4] [INFO] [1790949681.939315315] [planner_server]: Plan computed: 611 poses
[controller_node-5] [WARN] [1790949681.981525507] [controller_server]: path_copy succeeded.
[controller_node-5] [INFO] [1790949681.981751349] [controller_server]: Computed velocity commands: linear.x=-0.68, linear.y=0.48, angular.z=0.00
[planner_server-4] [INFO] [1790949682.071133666] [planner_server]: Planning took 20 ms
[planner_server-4] [INFO] [1790949682.071514115] [planner_server]: Plan computed: 611 poses
[planner_server-4] [INFO] [1790949682.198224447] [planner_server]: Planning took 17 ms
[planner_server-4] [INFO] [1790949682.198632348] [planner_server]: Plan computed: 611 poses
[planner_server-4] [INFO] [1790949682.320011819] [planner_server]: Planning took 18 ms
[planner_server-4] [INFO] [1790949682.320376720] [planner_server]: Plan computed: 611 poses
[planner_server-4] [INFO] [1790949682.449609983] [planner_server]: Planning took 18 ms
[planner_server-4] [INFO] [1790949682.450065442] [planner_server]: Plan computed: 611 poses
[planner_server-4] [INFO] [1790949682.579348183] [planner_server]: Planning took 18 ms
[planner_server-4] [INFO] [1790949682.579852213] [planner_server]: Plan computed: 611 poses
[planner_server-4] [INFO] [1790949682.709351467] [planner_server]: Planning took 17 ms
[planner_server-4] [INFO] [1790949682.709878320] [planner_server]: Plan computed: 611 poses
[planner_server-4] [INFO] [1790949682.838414198] [planner_server]: Planning took 17 ms
[planner_server-4] [INFO] [1790949682.838779920] [planner_server]: Plan computed: 611 poses
[planner_server-4] [INFO] [1790949682.958511221] [planner_server]: Planning took 17 ms
[planner_server-4] [INFO] [1790949682.958952424] [planner_server]: Plan computed: 611 poses
[planner_server-4] [INFO] [1790949683.088719389] [planner_server]: Planning took 17 ms
[planner_server-4] [INFO] [1790949683.089267743] [planner_server]: Plan computed: 611 poses
[planner_server-4] [INFO] [1790949683.209345743] [planner_server]: Planning took 17 ms
[planner_server-4] [INFO] [1790949683.209944019] [planner_server]: Plan computed: 611 poses
[planner_server-4] [INFO] [1790949683.338117823] [planner_server]: Planning took 17 ms
[planner_server-4] [INFO] [1790949683.338596336] [planner_server]: Plan computed: 611 poses
[planner_server-4] [INFO] [1790949683.459898690] [planner_server]: Planning took 18 ms
[planner_server-4] [INFO] [1790949683.460406668] [planner_server]: Plan computed: 611 poses
[planner_server-4] [INFO] [1790949683.589460133] [planner_server]: Planning took 17 ms
[planner_server-4] [INFO] [1790949683.589867042] [planner_server]: Plan computed: 611 poses
[planner_server-4] [INFO] [1790949683.719634458] [planner_server]: Planning took 18 ms
[planner_server-4] [INFO] [1790949683.721289526] [planner_server]: Plan computed: 611 poses
[planner_server-4] [INFO] [1790949683.847554103] [planner_server]: Planning took 16 ms
[planner_server-4] [INFO] [1790949683.847990978] [planner_server]: Plan computed: 611 poses
[planner_server-4] [INFO] [1790949683.967832111] [planner_server]: Planning took 16 ms
[planner_server-4] [INFO] [1790949683.968247566] [planner_server]: Plan computed: 611 poses
[controller_node-5] [WARN] [1790949684.001264262] [controller_server]: path_copy succeeded.
[controller_node-5] [INFO] [1790949684.001487649] [controller_server]: Computed velocity commands: linear.x=0.18, linear.y=0.81, angular.z=0.00
[planner_server-4] [INFO] [1790949684.099252723] [planner_server]: Planning took 17 ms
[planner_server-4] [INFO] [1790949684.099662708] [planner_server]: Plan computed: 611 poses
[planner_server-4] [INFO] [1790949684.219331376] [planner_server]: Planning took 17 ms
[planner_server-4] [INFO] [1790949684.219711545] [planner_server]: Plan computed: 611 poses
[planner_server-4] [INFO] [1790949684.341078602] [planner_server]: Planning took 17 ms
[planner_server-4] [INFO] [1790949684.341321686] [planner_server]: Plan computed: 611 poses
[planner_server-4] [INFO] [1790949684.470158959] [planner_server]: Planning took 19 ms
[planner_server-4] [INFO] [1790949684.470811477] [planner_server]: Plan computed: 611 poses
[planner_server-4] [INFO] [1790949684.596943102] [planner_server]: Planning took 15 ms
[planner_server-4] [INFO] [1790949684.597263761] [planner_server]: Plan computed: 611 poses
[planner_server-4] [INFO] [1790949684.720323035] [planner_server]: Planning took 17 ms
[planner_server-4] [INFO] [1790949684.720754861] [planner_server]: Plan computed: 611 poses
[planner_server-4] [INFO] [1790949684.848575737] [planner_server]: Planning took 17 ms
[planner_server-4] [INFO] [1790949684.848760873] [planner_server]: Plan computed: 611 poses
[planner_server-4] [INFO] [1790949684.978282413] [planner_server]: Planning took 17 ms
[planner_server-4] [INFO] [1790949684.978646602] [planner_server]: Plan computed: 611 poses
[planner_server-4] [INFO] [1790949685.100637134] [planner_server]: Planning took 18 ms
[planner_server-4] [INFO] [1790949685.101255407] [planner_server]: Plan computed: 611 poses
[planner_server-4] [INFO] [1790949685.228774093] [planner_server]: Planning took 17 ms
[planner_server-4] [INFO] [1790949685.229203073] [planner_server]: Plan computed: 611 poses
[planner_server-4] [INFO] [1790949685.358836562] [planner_server]: Planning took 18 ms
[planner_server-4] [INFO] [1790949685.359473941] [planner_server]: Plan computed: 611 poses
[planner_server-4] [INFO] [1790949685.491140007] [planner_server]: Planning took 18 ms
[planner_server-4] [INFO] [1790949685.491634149] [planner_server]: Plan computed: 611 poses
[planner_server-4] [INFO] [1790949685.620282332] [planner_server]: Planning took 17 ms
[planner_server-4] [INFO] [1790949685.620680885] [planner_server]: Plan computed: 611 poses
[planner_server-4] [INFO] [1790949685.749500756] [planner_server]: Planning took 17 ms
[planner_server-4] [INFO] [1790949685.750129570] [planner_server]: Plan computed: 611 poses
[planner_server-4] [INFO] [1790949685.878557719] [planner_server]: Planning took 17 ms
[planner_server-4] [INFO] [1790949685.878961623] [planner_server]: Plan computed: 611 poses
[controller_node-5] [WARN] [1790949686.001416125] [controller_server]: path_copy succeeded.
[controller_node-5] [INFO] [1790949686.001716806] [controller_server]: Computed velocity commands: linear.x=0.81, linear.y=0.18, angular.z=0.00
[planner_server-4] [INFO] [1790949686.007631602] [planner_server]: Planning took 16 ms
[planner_server-4] [INFO] [1790949686.007926762] [planner_server]: Plan computed: 611 poses
[planner_server-4] [INFO] [1790949686.129180792] [planner_server]: Planning took 18 ms
[planner_server-4] [INFO] [1790949686.129725348] [planner_server]: Plan computed: 611 poses
[planner_server-4] [INFO] [1790949686.258732533] [planner_server]: Planning took 17 ms
[planner_server-4] [INFO] [1790949686.259335468] [planner_server]: Plan computed: 611 poses
[planner_server-4] [INFO] [1790949686.391039013] [planner_server]: Planning took 17 ms
[planner_server-4] [INFO] [1790949686.391559965] [planner_server]: Plan computed: 611 poses
[planner_server-4] [INFO] [1790949686.522190098] [planner_server]: Planning took 19 ms
[planner_server-4] [INFO] [1790949686.522555249] [planner_server]: Plan computed: 611 poses
[planner_server-4] [INFO] [1790949686.649803372] [planner_server]: Planning took 18 ms
[planner_server-4] [INFO] [1790949686.650310548] [planner_server]: Plan computed: 611 poses
[planner_server-4] [INFO] [1790949686.777896572] [planner_server]: Planning took 16 ms
[planner_server-4] [INFO] [1790949686.778284666] [planner_server]: Plan computed: 611 poses
[planner_server-4] [INFO] [1790949686.899342370] [planner_server]: Planning took 18 ms
[planner_server-4] [INFO] [1790949686.899858783] [planner_server]: Plan computed: 611 poses
[planner_server-4] [INFO] [1790949687.029046095] [planner_server]: Planning took 17 ms
[planner_server-4] [INFO] [1790949687.029662174] [planner_server]: Plan computed: 611 poses
[planner_server-4] [INFO] [1790949687.160807540] [planner_server]: Planning took 17 ms
[planner_server-4] [INFO] [1790949687.162264544] [planner_server]: Plan computed: 611 poses
[planner_server-4] [INFO] [1790949687.289431262] [planner_server]: Planning took 18 ms
[planner_server-4] [INFO] [1790949687.290037503] [planner_server]: Plan computed: 611 poses
[planner_server-4] [INFO] [1790949687.417858237] [planner_server]: Planning took 17 ms
[planner_server-4] [INFO] [1790949687.418423231] [planner_server]: Plan computed: 611 poses
[planner_server-4] [INFO] [1790949687.542354988] [planner_server]: Planning took 19 ms
[planner_server-4] [INFO] [1790949687.542706043] [planner_server]: Plan computed: 611 poses
[planner_server-4] [INFO] [1790949687.667927487] [planner_server]: Planning took 17 ms
[planner_server-4] [INFO] [1790949687.668522938] [planner_server]: Plan computed: 611 poses
[planner_server-4] [INFO] [1790949687.789292947] [planner_server]: Planning took 17 ms
[planner_server-4] [INFO] [1790949687.789702100] [planner_server]: Plan computed: 611 poses
[planner_server-4] [INFO] [1790949687.921486072] [planner_server]: Planning took 19 ms
[planner_server-4] [INFO] [1790949687.922298878] [planner_server]: Plan computed: 611 poses
[controller_node-5] [WARN] [1790949688.021091931] [controller_server]: path_copy succeeded.
[controller_node-5] [INFO] [1790949688.021344272] [controller_server]: Computed velocity commands: linear.x=0.51, linear.y=-0.66, angular.z=0.00
[planner_server-4] [INFO] [1790949688.048383439] [planner_server]: Planning took 17 ms
[planner_server-4] [INFO] [1790949688.048757947] [planner_server]: Plan computed: 611 poses
[planner_server-4] [INFO] [1790949688.168597682] [planner_server]: Planning took 17 ms
[planner_server-4] [INFO] [1790949688.169001045] [planner_server]: Plan computed: 611 poses
[planner_server-4] [INFO] [1790949688.299358894] [planner_server]: Planning took 18 ms
[planner_server-4] [INFO] [1790949688.301041243] [planner_server]: Plan computed: 611 poses
[planner_server-4] [INFO] [1790949688.429810298] [planner_server]: Planning took 17 ms
[planner_server-4] [INFO] [1790949688.430167494] [planner_server]: Plan computed: 611 poses
[planner_server-4] [INFO] [1790949688.561474432] [planner_server]: Planning took 19 ms
[planner_server-4] [INFO] [1790949688.561727123] [planner_server]: Plan computed: 611 poses
[planner_server-4] [INFO] [1790949688.692970604] [planner_server]: Planning took 21 ms
[planner_server-4] [INFO] [1790949688.693372033] [planner_server]: Plan computed: 611 poses
[planner_server-4] [INFO] [1790949688.819589120] [planner_server]: Planning took 18 ms
[planner_server-4] [INFO] [1790949688.820086868] [planner_server]: Plan computed: 611 poses
[planner_server-4] [INFO] [1790949688.948248390] [planner_server]: Planning took 16 ms
[planner_server-4] [INFO] [1790949688.948665668] [planner_server]: Plan computed: 611 poses
[planner_server-4] [INFO] [1790949689.068503621] [planner_server]: Planning took 17 ms
[planner_server-4] [INFO] [1790949689.068833346] [planner_server]: Plan computed: 611 poses
[planner_server-4] [INFO] [1790949689.188261415] [planner_server]: Planning took 17 ms
[planner_server-4] [INFO] [1790949689.188844242] [planner_server]: Plan computed: 611 poses
[planner_server-4] [INFO] [1790949689.318448538] [planner_server]: Planning took 17 ms
[planner_server-4] [INFO] [1790949689.318996881] [planner_server]: Plan computed: 611 poses
[planner_server-4] [INFO] [1790949689.448459322] [planner_server]: Planning took 17 ms
[planner_server-4] [INFO] [1790949689.448819664] [planner_server]: Plan computed: 611 poses
[planner_server-4] [INFO] [1790949689.577529280] [planner_server]: Planning took 16 ms
[planner_server-4] [INFO] [1790949689.578011740] [planner_server]: Plan computed: 611 poses
[planner_server-4] [INFO] [1790949689.698170172] [planner_server]: Planning took 17 ms
[planner_server-4] [INFO] [1790949689.698507541] [planner_server]: Plan computed: 611 poses
[planner_server-4] [INFO] [1790949689.819411294] [planner_server]: Planning took 17 ms
[planner_server-4] [INFO] [1790949689.819755085] [planner_server]: Plan computed: 611 poses
[planner_server-4] [INFO] [1790949689.948586053] [planner_server]: Planning took 17 ms
[planner_server-4] [INFO] [1790949689.949812250] [planner_server]: Plan computed: 611 poses
[controller_node-5] [WARN] [1790949690.041492365] [controller_server]: path_copy succeeded.
[controller_node-5] [INFO] [1790949690.041924711] [controller_server]: Computed velocity commands: linear.x=-0.41, linear.y=-0.73, angular.z=0.00
[planner_server-4] [INFO] [1790949690.079429590] [planner_server]: Planning took 18 ms
[planner_server-4] [INFO] [1790949690.079747443] [planner_server]: Plan computed: 611 poses
[planner_server-4] [INFO] [1790949690.208442710] [planner_server]: Planning took 17 ms
[planner_server-4] [INFO] [1790949690.209785335] [planner_server]: Plan computed: 611 poses
[planner_server-4] [INFO] [1790949690.338456702] [planner_server]: Planning took 17 ms
[planner_server-4] [INFO] [1790949690.338790144] [planner_server]: Plan computed: 611 poses
[planner_server-4] [INFO] [1790949690.458620535] [planner_server]: Planning took 17 ms
[planner_server-4] [INFO] [1790949690.458949749] [planner_server]: Plan computed: 611 poses
[planner_server-4] [INFO] [1790949690.587835656] [planner_server]: Planning took 16 ms
[planner_server-4] [INFO] [1790949690.588149742] [planner_server]: Plan computed: 611 poses
[planner_server-4] [INFO] [1790949690.709799929] [planner_server]: Planning took 17 ms
[planner_server-4] [INFO] [1790949690.710425026] [planner_server]: Plan computed: 611 poses
[planner_server-4] [INFO] [1790949690.840491933] [planner_server]: Planning took 17 ms
[planner_server-4] [INFO] [1790949690.840843529] [planner_server]: Plan computed: 611 poses
[planner_server-4] [INFO] [1790949690.968107823] [planner_server]: Planning took 16 ms
[planner_server-4] [INFO] [1790949690.968581416] [planner_server]: Plan computed: 611 poses
[planner_server-4] [INFO] [1790949691.088740102] [planner_server]: Planning took 17 ms
[planner_server-4] [INFO] [1790949691.089420081] [planner_server]: Plan computed: 611 poses
[planner_server-4] [INFO] [1790949691.222596825] [planner_server]: Planning took 21 ms
[planner_server-4] [INFO] [1790949691.223203948] [planner_server]: Plan computed: 611 poses
[planner_server-4] [INFO] [1790949691.349458417] [planner_server]: Planning took 17 ms
[planner_server-4] [INFO] [1790949691.349922042] [planner_server]: Plan computed: 611 poses
[planner_server-4] [INFO] [1790949691.478296211] [planner_server]: Planning took 17 ms
[planner_server-4] [INFO] [1790949691.479341581] [planner_server]: Plan computed: 611 poses
[planner_server-4] [INFO] [1790949691.608250854] [planner_server]: Planning took 16 ms
[planner_server-4] [INFO] [1790949691.608749104] [planner_server]: Plan computed: 611 poses
[planner_server-4] [INFO] [1790949691.738264622] [planner_server]: Planning took 17 ms
[planner_server-4] [INFO] [1790949691.738689094] [planner_server]: Plan computed: 611 poses
[planner_server-4] [INFO] [1790949691.870201954] [planner_server]: Planning took 16 ms
[planner_server-4] [INFO] [1790949691.870634922] [planner_server]: Plan computed: 611 poses
[planner_server-4] [INFO] [1790949691.997746801] [planner_server]: Planning took 16 ms
[planner_server-4] [INFO] [1790949691.998242566] [planner_server]: Plan computed: 611 poses
[controller_node-5] [WARN] [1790949692.061015096] [controller_server]: path_copy succeeded.
[controller_node-5] [INFO] [1790949692.061288546] [controller_server]: Computed velocity commands: linear.x=-0.80, linear.y=0.22, angular.z=0.00
[planner_server-4] [INFO] [1790949692.117688013] [planner_server]: Planning took 16 ms
[planner_server-4] [INFO] [1790949692.118564729] [planner_server]: Plan computed: 611 poses
[planner_server-4] [INFO] [1790949692.238301640] [planner_server]: Planning took 17 ms
[planner_server-4] [INFO] [1790949692.238556957] [planner_server]: Plan computed: 611 poses
[planner_server-4] [INFO] [1790949692.358604748] [planner_server]: Planning took 17 ms
[planner_server-4] [INFO] [1790949692.359178959] [planner_server]: Plan computed: 611 poses
[planner_server-4] [INFO] [1790949692.491202003] [planner_server]: Planning took 18 ms
[planner_server-4] [INFO] [1790949692.491554080] [planner_server]: Plan computed: 611 poses
[planner_server-4] [INFO] [1790949692.618673164] [planner_server]: Planning took 17 ms
[planner_server-4] [INFO] [1790949692.619045899] [planner_server]: Plan computed: 611 poses
[planner_server-4] [INFO] [1790949692.751358694] [planner_server]: Planning took 18 ms
[planner_server-4] [INFO] [1790949692.751881810] [planner_server]: Plan computed: 611 poses
[planner_server-4] [INFO] [1790949692.878243016] [planner_server]: Planning took 17 ms
[planner_server-4] [INFO] [1790949692.878714986] [planner_server]: Plan computed: 611 poses
[planner_server-4] [INFO] [1790949692.998122608] [planner_server]: Planning took 17 ms
[planner_server-4] [INFO] [1790949692.998542822] [planner_server]: Plan computed: 611 poses
[planner_server-4] [INFO] [1790949693.121716025] [planner_server]: Planning took 20 ms
[planner_server-4] [INFO] [1790949693.122195179] [planner_server]: Plan computed: 611 poses
[planner_server-4] [INFO] [1790949693.249880833] [planner_server]: Planning took 18 ms
[planner_server-4] [INFO] [1790949693.250340611] [planner_server]: Plan computed: 611 poses
[planner_server-4] [INFO] [1790949693.372094387] [planner_server]: Planning took 18 ms
[planner_server-4] [INFO] [1790949693.372426005] [planner_server]: Plan computed: 611 poses
[planner_server-4] [INFO] [1790949693.498187940] [planner_server]: Planning took 16 ms
[planner_server-4] [INFO] [1790949693.498612882] [planner_server]: Plan computed: 611 poses
[planner_server-4] [INFO] [1790949693.617667442] [planner_server]: Planning took 16 ms
[planner_server-4] [INFO] [1790949693.618259327] [planner_server]: Plan computed: 611 poses
[planner_server-4] [INFO] [1790949693.741589954] [planner_server]: Planning took 18 ms
[planner_server-4] [INFO] [1790949693.742212025] [planner_server]: Plan computed: 611 poses
[planner_server-4] [INFO] [1790949693.870817285] [planner_server]: Planning took 17 ms
[planner_server-4] [INFO] [1790949693.872266569] [planner_server]: Plan computed: 611 poses
[planner_server-4] [INFO] [1790949693.998653299] [planner_server]: Planning took 17 ms
[planner_server-4] [INFO] [1790949693.999018911] [planner_server]: Plan computed: 611 poses
[controller_node-5] [WARN] [1790949694.061137536] [controller_server]: path_copy succeeded.
[controller_node-5] [INFO] [1790949694.061538525] [controller_server]: Computed velocity commands: linear.x=0.00, linear.y=0.83, angular.z=0.00
[planner_server-4] [INFO] [1790949694.131140032] [planner_server]: Planning took 17 ms
[planner_server-4] [INFO] [1790949694.131517175] [planner_server]: Plan computed: 611 poses
[planner_server-4] [INFO] [1790949694.257597505] [planner_server]: Planning took 16 ms
[planner_server-4] [INFO] [1790949694.258025474] [planner_server]: Plan computed: 611 poses
[planner_server-4] [INFO] [1790949694.377578956] [planner_server]: Planning took 16 ms
[planner_server-4] [INFO] [1790949694.378151565] [planner_server]: Plan computed: 611 poses
[planner_server-4] [INFO] [1790949694.498205341] [planner_server]: Planning took 17 ms
[planner_server-4] [INFO] [1790949694.498521551] [planner_server]: Plan computed: 611 poses
[planner_server-4] [INFO] [1790949694.617847244] [planner_server]: Planning took 16 ms
[planner_server-4] [INFO] [1790949694.618256838] [planner_server]: Plan computed: 611 poses
[planner_server-4] [INFO] [1790949694.738899748] [planner_server]: Planning took 16 ms
[planner_server-4] [INFO] [1790949694.739446478] [planner_server]: Plan computed: 611 poses
[planner_server-4] [INFO] [1790949694.859297306] [planner_server]: Planning took 17 ms
[planner_server-4] [INFO] [1790949694.860623069] [planner_server]: Plan computed: 611 poses
[planner_server-4] [INFO] [1790949694.988770867] [planner_server]: Planning took 17 ms
[planner_server-4] [INFO] [1790949694.989151738] [planner_server]: Plan computed: 611 poses
[planner_server-4] [INFO] [1790949695.110100555] [planner_server]: Planning took 19 ms
[planner_server-4] [INFO] [1790949695.110390085] [planner_server]: Plan computed: 611 poses
[planner_server-4] [INFO] [1790949695.238747106] [planner_server]: Planning took 17 ms
[planner_server-4] [INFO] [1790949695.239040032] [planner_server]: Plan computed: 611 poses
[planner_server-4] [INFO] [1790949695.370692401] [planner_server]: Planning took 17 ms
[planner_server-4] [INFO] [1790949695.371120069] [planner_server]: Plan computed: 611 poses
[planner_server-4] [INFO] [1790949695.498540687] [planner_server]: Planning took 18 ms
[planner_server-4] [INFO] [1790949695.499048565] [planner_server]: Plan computed: 611 poses
[planner_server-4] [INFO] [1790949695.617817991] [planner_server]: Planning took 16 ms
[planner_server-4] [INFO] [1790949695.618215403] [planner_server]: Plan computed: 611 poses
[planner_server-4] [INFO] [1790949695.738855740] [planner_server]: Planning took 16 ms
[planner_server-4] [INFO] [1790949695.739711592] [planner_server]: Plan computed: 611 poses
[planner_server-4] [INFO] [1790949695.871474837] [planner_server]: Planning took 20 ms
[planner_server-4] [INFO] [1790949695.871933273] [planner_server]: Plan computed: 611 poses
[planner_server-4] [INFO] [1790949695.998693594] [planner_server]: Planning took 17 ms
[planner_server-4] [INFO] [1790949695.999136701] [planner_server]: Plan computed: 611 poses
[controller_node-5] [WARN] [1790949696.081696348] [controller_server]: path_copy succeeded.
[controller_node-5] [INFO] [1790949696.081910718] [controller_server]: Computed velocity commands: linear.x=0.74, linear.y=0.38, angular.z=0.00
[planner_server-4] [INFO] [1790949696.130266065] [planner_server]: Planning took 18 ms
[planner_server-4] [INFO] [1790949696.130575613] [planner_server]: Plan computed: 611 poses
[planner_server-4] [INFO] [1790949696.258207187] [planner_server]: Planning took 17 ms
[planner_server-4] [INFO] [1790949696.258735132] [planner_server]: Plan computed: 611 poses
[planner_server-4] [INFO] [1790949696.379648852] [planner_server]: Planning took 18 ms
[planner_server-4] [INFO] [1790949696.380019754] [planner_server]: Plan computed: 611 poses
[planner_server-4] [INFO] [1790949696.512365348] [planner_server]: Planning took 19 ms
[planner_server-4] [INFO] [1790949696.512964115] [planner_server]: Plan computed: 611 poses
[planner_server-4] [INFO] [1790949696.637802096] [planner_server]: Planning took 16 ms
[planner_server-4] [INFO] [1790949696.638190491] [planner_server]: Plan computed: 611 poses
[planner_server-4] [INFO] [1790949696.757881308] [planner_server]: Planning took 17 ms
[planner_server-4] [INFO] [1790949696.758436023] [planner_server]: Plan computed: 611 poses
[planner_server-4] [INFO] [1790949696.879056621] [planner_server]: Planning took 17 ms
[planner_server-4] [INFO] [1790949696.879477146] [planner_server]: Plan computed: 611 poses
[planner_server-4] [INFO] [1790949697.010583147] [planner_server]: Planning took 17 ms
[planner_server-4] [INFO] [1790949697.011108908] [planner_server]: Plan computed: 611 poses
[planner_server-4] [INFO] [1790949697.140331895] [planner_server]: Planning took 18 ms
[planner_server-4] [INFO] [1790949697.140608992] [planner_server]: Plan computed: 611 poses
[planner_server-4] [INFO] [1790949697.268382801] [planner_server]: Planning took 16 ms
[planner_server-4] [INFO] [1790949697.268716213] [planner_server]: Plan computed: 611 poses
[planner_server-4] [INFO] [1790949697.387836023] [planner_server]: Planning took 17 ms
[planner_server-4] [INFO] [1790949697.388170597] [planner_server]: Plan computed: 611 poses
[planner_server-4] [INFO] [1790949697.508059330] [planner_server]: Planning took 17 ms
[planner_server-4] [INFO] [1790949697.508332620] [planner_server]: Plan computed: 611 poses
[planner_server-4] [INFO] [1790949697.637903880] [planner_server]: Planning took 16 ms
[planner_server-4] [INFO] [1790949697.638409653] [planner_server]: Plan computed: 611 poses
[planner_server-4] [INFO] [1790949697.758869804] [planner_server]: Planning took 18 ms
[planner_server-4] [INFO] [1790949697.759378023] [planner_server]: Plan computed: 611 poses
[planner_server-4] [INFO] [1790949697.888433610] [planner_server]: Planning took 17 ms
[planner_server-4] [INFO] [1790949697.888746393] [planner_server]: Plan computed: 611 poses
[planner_server-4] [INFO] [1790949698.020329337] [planner_server]: Planning took 19 ms
[planner_server-4] [INFO] [1790949698.020830472] [planner_server]: Plan computed: 611 poses
[controller_node-5] [WARN] [1790949698.101226089] [controller_server]: path_copy succeeded.
[controller_node-5] [INFO] [1790949698.101446611] [controller_server]: Computed velocity commands: linear.x=0.58, linear.y=-0.59, angular.z=0.00
[planner_server-4] [INFO] [1790949698.149489892] [planner_server]: Planning took 18 ms
[planner_server-4] [INFO] [1790949698.150053494] [planner_server]: Plan computed: 611 poses
[planner_server-4] [INFO] [1790949698.277944281] [planner_server]: Planning took 17 ms
[planner_server-4] [INFO] [1790949698.279197829] [planner_server]: Plan computed: 611 poses
[planner_server-4] [INFO] [1790949698.407824699] [planner_server]: Planning took 17 ms
[planner_server-4] [INFO] [1790949698.408316186] [planner_server]: Plan computed: 611 poses
[planner_server-4] [INFO] [1790949698.539077469] [planner_server]: Planning took 17 ms
[planner_server-4] [INFO] [1790949698.539428433] [planner_server]: Plan computed: 611 poses
[planner_server-4] [INFO] [1790949698.670127471] [planner_server]: Planning took 18 ms
[planner_server-4] [INFO] [1790949698.670640688] [planner_server]: Plan computed: 611 poses
[planner_server-4] [INFO] [1790949698.798166734] [planner_server]: Planning took 17 ms
[planner_server-4] [INFO] [1790949698.798484487] [planner_server]: Plan computed: 611 poses
[planner_server-4] [INFO] [1790949698.920439185] [planner_server]: Planning took 17 ms
[planner_server-4] [INFO] [1790949698.920850463] [planner_server]: Plan computed: 611 poses
[planner_server-4] [INFO] [1790949699.049322797] [planner_server]: Planning took 18 ms
[planner_server-4] [INFO] [1790949699.049792384] [planner_server]: Plan computed: 611 poses
[planner_server-4] [INFO] [1790949699.179099454] [planner_server]: Planning took 18 ms
[planner_server-4] [INFO] [1790949699.179415564] [planner_server]: Plan computed: 611 poses
[planner_server-4] [INFO] [1790949699.299837747] [planner_server]: Planning took 17 ms
[planner_server-4] [INFO] [1790949699.300393824] [planner_server]: Plan computed: 611 poses
[planner_server-4] [INFO] [1790949699.421872669] [planner_server]: Planning took 17 ms
[planner_server-4] [INFO] [1790949699.422422925] [planner_server]: Plan computed: 611 poses
[planner_server-4] [INFO] [1790949699.547610731] [planner_server]: Planning took 17 ms
[planner_server-4] [INFO] [1790949699.548163933] [planner_server]: Plan computed: 611 poses
[planner_server-4] [INFO] [1790949699.668132199] [planner_server]: Planning took 17 ms
[planner_server-4] [INFO] [1790949699.668488855] [planner_server]: Plan computed: 611 poses
[planner_server-4] [INFO] [1790949699.789388739] [planner_server]: Planning took 18 ms
[planner_server-4] [INFO] [1790949699.789898610] [planner_server]: Plan computed: 611 poses
[planner_server-4] [INFO] [1790949699.923039294] [planner_server]: Planning took 21 ms
[planner_server-4] [INFO] [1790949699.923501156] [planner_server]: Plan computed: 611 poses
[planner_server-4] [INFO] [1790949700.051564037] [planner_server]: Planning took 20 ms
[planner_server-4] [INFO] [1790949700.052074670] [planner_server]: Plan computed: 611 poses
[controller_node-5] [WARN] [1790949700.102079884] [controller_server]: path_copy succeeded.
[controller_node-5] [INFO] [1790949700.102362711] [controller_server]: Computed velocity commands: linear.x=-0.34, linear.y=-0.76, angular.z=0.00
[planner_server-4] [INFO] [1790949700.179711306] [planner_server]: Planning took 17 ms
[planner_server-4] [INFO] [1790949700.180316094] [planner_server]: Plan computed: 611 poses
[planner_server-4] [INFO] [1790949700.309333096] [planner_server]: Planning took 18 ms
[planner_server-4] [INFO] [1790949700.309695943] [planner_server]: Plan computed: 611 poses
[planner_server-4] [INFO] [1790949700.441081765] [planner_server]: Planning took 18 ms
[planner_server-4] [INFO] [1790949700.441411861] [planner_server]: Plan computed: 611 poses
[planner_server-4] [INFO] [1790949700.568995629] [planner_server]: Planning took 17 ms
[planner_server-4] [INFO] [1790949700.569322999] [planner_server]: Plan computed: 611 poses
[planner_server-4] [INFO] [1790949700.699235342] [planner_server]: Planning took 18 ms
[planner_server-4] [INFO] [1790949700.699741656] [planner_server]: Plan computed: 611 poses
[planner_server-4] [INFO] [1790949700.828839759] [planner_server]: Planning took 17 ms
[planner_server-4] [INFO] [1790949700.829151180] [planner_server]: Plan computed: 611 poses
[planner_server-4] [INFO] [1790949700.958179343] [planner_server]: Planning took 17 ms
[planner_server-4] [INFO] [1790949700.958563149] [planner_server]: Plan computed: 611 poses
[planner_server-4] [INFO] [1790949701.077573781] [planner_server]: Planning took 17 ms
[planner_server-4] [INFO] [1790949701.078073023] [planner_server]: Plan computed: 611 poses
[planner_server-4] [INFO] [1790949701.199247581] [planner_server]: Planning took 18 ms
[planner_server-4] [INFO] [1790949701.199650142] [planner_server]: Plan computed: 611 poses
[planner_server-4] [INFO] [1790949701.328526887] [planner_server]: Planning took 18 ms
[planner_server-4] [INFO] [1790949701.328869316] [planner_server]: Plan computed: 611 poses
[planner_server-4] [INFO] [1790949701.448480860] [planner_server]: Planning took 17 ms
[planner_server-4] [INFO] [1790949701.448817117] [planner_server]: Plan computed: 611 poses
[planner_server-4] [INFO] [1790949701.578489037] [planner_server]: Planning took 17 ms
[planner_server-4] [INFO] [1790949701.578825154] [planner_server]: Plan computed: 611 poses
[planner_server-4] [INFO] [1790949701.711475873] [planner_server]: Planning took 19 ms
[planner_server-4] [INFO] [1790949701.711849811] [planner_server]: Plan computed: 611 poses
[planner_server-4] [INFO] [1790949701.837703542] [planner_server]: Planning took 16 ms
[planner_server-4] [INFO] [1790949701.838293383] [planner_server]: Plan computed: 611 poses
[planner_server-4] [INFO] [1790949701.959707601] [planner_server]: Planning took 18 ms
[planner_server-4] [INFO] [1790949701.960152511] [planner_server]: Plan computed: 611 poses
[planner_server-4] [INFO] [1790949702.088454622] [planner_server]: Planning took 17 ms
[planner_server-4] [INFO] [1790949702.088805317] [planner_server]: Plan computed: 611 poses
[controller_node-5] [WARN] [1790949702.120835642] [controller_server]: path_copy succeeded.
[controller_node-5] [INFO] [1790949702.121122918] [controller_server]: Computed velocity commands: linear.x=-0.83, linear.y=0.10, angular.z=0.00
[planner_server-4] [INFO] [1790949702.208299292] [planner_server]: Planning took 17 ms
[planner_server-4] [INFO] [1790949702.208687526] [planner_server]: Plan computed: 611 poses
[planner_server-4] [INFO] [1790949702.330307730] [planner_server]: Planning took 17 ms
[planner_server-4] [INFO] [1790949702.330663955] [planner_server]: Plan computed: 611 poses
[planner_server-4] [INFO] [1790949702.460012083] [planner_server]: Planning took 18 ms
[planner_server-4] [INFO] [1790949702.460281216] [planner_server]: Plan computed: 611 poses
[planner_server-4] [INFO] [1790949702.587759335] [planner_server]: Planning took 16 ms
[planner_server-4] [INFO] [1790949702.588630390] [planner_server]: Plan computed: 611 poses
[planner_server-4] [INFO] [1790949702.711057670] [planner_server]: Planning took 18 ms
[planner_server-4] [INFO] [1790949702.711351027] [planner_server]: Plan computed: 611 poses
[planner_server-4] [INFO] [1790949702.838543579] [planner_server]: Planning took 17 ms
[planner_server-4] [INFO] [1790949702.839111869] [planner_server]: Plan computed: 611 poses
[planner_server-4] [INFO] [1790949702.967702369] [planner_server]: Planning took 16 ms
[planner_server-4] [INFO] [1790949702.968114858] [planner_server]: Plan computed: 611 poses
[planner_server-4] [INFO] [1790949703.091485590] [planner_server]: Planning took 18 ms
[planner_server-4] [INFO] [1790949703.091935690] [planner_server]: Plan computed: 611 poses
[planner_server-4] [INFO] [1790949703.219236937] [planner_server]: Planning took 17 ms
[planner_server-4] [INFO] [1790949703.219731008] [planner_server]: Plan computed: 611 poses
[planner_server-4] [INFO] [1790949703.350182522] [planner_server]: Planning took 18 ms
[planner_server-4] [INFO] [1790949703.350440624] [planner_server]: Plan computed: 611 poses
[planner_server-4] [INFO] [1790949703.478047731] [planner_server]: Planning took 17 ms
[planner_server-4] [INFO] [1790949703.478397955] [planner_server]: Plan computed: 611 poses
[planner_server-4] [INFO] [1790949703.598159673] [planner_server]: Planning took 16 ms
[planner_server-4] [INFO] [1790949703.598410661] [planner_server]: Plan computed: 611 poses
[planner_server-4] [INFO] [1790949703.728954768] [planner_server]: Planning took 17 ms
[planner_server-4] [INFO] [1790949703.729403546] [planner_server]: Plan computed: 611 poses
[planner_server-4] [INFO] [1790949703.858774764] [planner_server]: Planning took 17 ms
[planner_server-4] [INFO] [1790949703.859262424] [planner_server]: Plan computed: 611 poses
[planner_server-4] [INFO] [1790949703.988271227] [planner_server]: Planning took 17 ms
[planner_server-4] [INFO] [1790949703.989706495] [planner_server]: Plan computed: 611 poses
[planner_server-4] [INFO] [1790949704.108802423] [planner_server]: Planning took 16 ms
[planner_server-4] [INFO] [1790949704.109156994] [planner_server]: Plan computed: 611 poses
[controller_node-5] [WARN] [1790949704.140936644] [controller_server]: path_copy succeeded.
[controller_node-5] [INFO] [1790949704.141179517] [controller_server]: Computed velocity commands: linear.x=-0.26, linear.y=0.79, angular.z=0.00
[planner_server-4] [INFO] [1790949704.237936711] [planner_server]: Planning took 16 ms
[planner_server-4] [INFO] [1790949704.238409263] [planner_server]: Plan computed: 611 poses
[planner_server-4] [INFO] [1790949704.368222769] [planner_server]: Planning took 16 ms
[planner_server-4] [INFO] [1790949704.368671686] [planner_server]: Plan computed: 611 poses
[planner_server-4] [INFO] [1790949704.498659759] [planner_server]: Planning took 17 ms
[planner_server-4] [INFO] [1790949704.498999813] [planner_server]: Plan computed: 611 poses
[planner_server-4] [INFO] [1790949704.622242979] [planner_server]: Planning took 18 ms
[planner_server-4] [INFO] [1790949704.622621525] [planner_server]: Plan computed: 611 poses
[planner_server-4] [INFO] [1790949704.748983071] [planner_server]: Planning took 17 ms
[planner_server-4] [INFO] [1790949704.749346008] [planner_server]: Plan computed: 611 poses
[planner_server-4] [INFO] [1790949704.880541753] [planner_server]: Planning took 17 ms
[planner_server-4] [INFO] [1790949704.881192658] [planner_server]: Plan computed: 611 poses
[planner_server-4] [INFO] [1790949705.008385754] [planner_server]: Planning took 16 ms
[planner_server-4] [INFO] [1790949705.008841805] [planner_server]: Plan computed: 611 poses
[planner_server-4] [INFO] [1790949705.129223263] [planner_server]: Planning took 18 ms
[planner_server-4] [INFO] [1790949705.129595278] [planner_server]: Plan computed: 611 poses
[planner_server-4] [INFO] [1790949705.260068978] [planner_server]: Planning took 17 ms
[planner_server-4] [INFO] [1790949705.260572858] [planner_server]: Plan computed: 611 poses
[planner_server-4] [INFO] [1790949705.387961241] [planner_server]: Planning took 16 ms
[planner_server-4] [INFO] [1790949705.388576649] [planner_server]: Plan computed: 611 poses
[planner_server-4] [INFO] [1790949705.508795293] [planner_server]: Planning took 17 ms
[planner_server-4] [INFO] [1790949705.509319411] [planner_server]: Plan computed: 611 poses
[planner_server-4] [INFO] [1790949705.628071239] [planner_server]: Planning took 16 ms
[planner_server-4] [INFO] [1790949705.628586981] [planner_server]: Plan computed: 611 poses
[planner_server-4] [INFO] [1790949705.747509808] [planner_server]: Planning took 16 ms
[planner_server-4] [INFO] [1790949705.748019018] [planner_server]: Plan computed: 611 poses
[planner_server-4] [INFO] [1790949705.868891733] [planner_server]: Planning took 17 ms
[planner_server-4] [INFO] [1790949705.869375866] [planner_server]: Plan computed: 611 poses
[planner_server-4] [INFO] [1790949705.988916726] [planner_server]: Planning took 17 ms
[planner_server-4] [INFO] [1790949705.989367707] [planner_server]: Plan computed: 611 poses
[planner_server-4] [INFO] [1790949706.114665661] [planner_server]: Planning took 20 ms
[planner_server-4] [INFO] [1790949706.115102998] [planner_server]: Plan computed: 611 poses
[controller_node-5] [WARN] [1790949706.140989591] [controller_server]: path_copy succeeded.
[controller_node-5] [INFO] [1790949706.141268352] [controller_server]: Computed velocity commands: linear.x=0.61, linear.y=0.57, angular.z=0.00
[planner_server-4] [INFO] [1790949706.239553490] [planner_server]: Planning took 18 ms
[planner_server-4] [INFO] [1790949706.239838522] [planner_server]: Plan computed: 611 poses
[planner_server-4] [INFO] [1790949706.369197173] [planner_server]: Planning took 17 ms
[planner_server-4] [INFO] [1790949706.369617067] [planner_server]: Plan computed: 611 poses
[planner_server-4] [INFO] [1790949706.500068647] [planner_server]: Planning took 18 ms
[planner_server-4] [INFO] [1790949706.500342989] [planner_server]: Plan computed: 611 poses
[planner_server-4] [INFO] [1790949706.628789940] [planner_server]: Planning took 18 ms
[planner_server-4] [INFO] [1790949706.629107122] [planner_server]: Plan computed: 611 poses
[planner_server-4] [INFO] [1790949706.761148419] [planner_server]: Planning took 17 ms
[planner_server-4] [INFO] [1790949706.761564455] [planner_server]: Plan computed: 611 poses
[planner_server-4] [INFO] [1790949706.888902666] [planner_server]: Planning took 18 ms
[planner_server-4] [INFO] [1790949706.889426734] [planner_server]: Plan computed: 611 poses
[planner_server-4] [INFO] [1790949707.018262470] [planner_server]: Planning took 17 ms
[planner_server-4] [INFO] [1790949707.018648049] [planner_server]: Plan computed: 611 poses
[planner_server-4] [INFO] [1790949707.140398125] [planner_server]: Planning took 18 ms
[planner_server-4] [INFO] [1790949707.140748899] [planner_server]: Plan computed: 611 poses
[planner_server-4] [INFO] [1790949707.269452130] [planner_server]: Planning took 18 ms
[planner_server-4] [INFO] [1790949707.270087976] [planner_server]: Plan computed: 611 poses
[planner_server-4] [INFO] [1790949707.398368408] [planner_server]: Planning took 17 ms
[planner_server-4] [INFO] [1790949707.398775768] [planner_server]: Plan computed: 611 poses
[planner_server-4] [INFO] [1790949707.519516050] [planner_server]: Planning took 17 ms
[planner_server-4] [INFO] [1790949707.519941844] [planner_server]: Plan computed: 611 poses
[planner_server-4] [INFO] [1790949707.651444659] [planner_server]: Planning took 18 ms
[planner_server-4] [INFO] [1790949707.651996659] [planner_server]: Plan computed: 611 poses
[planner_server-4] [INFO] [1790949707.778091802] [planner_server]: Planning took 17 ms
[planner_server-4] [INFO] [1790949707.778499433] [planner_server]: Plan computed: 611 poses
[planner_server-4] [INFO] [1790949707.897583744] [planner_server]: Planning took 16 ms
[planner_server-4] [INFO] [1790949707.898239828] [planner_server]: Plan computed: 611 poses
[planner_server-4] [INFO] [1790949708.019141381] [planner_server]: Planning took 17 ms
[planner_server-4] [INFO] [1790949708.019407448] [planner_server]: Plan computed: 611 poses
[planner_server-4] [INFO] [1790949708.149187138] [planner_server]: Planning took 18 ms
[planner_server-4] [INFO] [1790949708.151071004] [planner_server]: Plan computed: 611 poses
[controller_node-5] [WARN] [1790949708.160298081] [controller_server]: path_copy succeeded.
[controller_node-5] [INFO] [1790949708.160573234] [controller_server]: Computed velocity commands: linear.x=0.77, linear.y=-0.31, angular.z=0.00
[planner_server-4] [INFO] [1790949708.278139204] [planner_server]: Planning took 17 ms
[planner_server-4] [INFO] [1790949708.278730498] [planner_server]: Plan computed: 611 poses
[planner_server-4] [INFO] [1790949708.400163563] [planner_server]: Planning took 17 ms
[planner_server-4] [INFO] [1790949708.400624874] [planner_server]: Plan computed: 611 poses
[planner_server-4] [INFO] [1790949708.529735727] [planner_server]: Planning took 18 ms
[planner_server-4] [INFO] [1790949708.530049563] [planner_server]: Plan computed: 611 poses
[planner_server-4] [INFO] [1790949708.659175449] [planner_server]: Planning took 17 ms
[planner_server-4] [INFO] [1790949708.659580375] [planner_server]: Plan computed: 611 poses
[planner_server-4] [INFO] [1790949708.791242343] [planner_server]: Planning took 17 ms
[planner_server-4] [INFO] [1790949708.792413288] [planner_server]: Plan computed: 611 poses
[planner_server-4] [INFO] [1790949708.919838255] [planner_server]: Planning took 18 ms
[planner_server-4] [INFO] [1790949708.920171517] [planner_server]: Plan computed: 611 poses
[planner_server-4] [INFO] [1790949709.049159291] [planner_server]: Planning took 17 ms
[planner_server-4] [INFO] [1790949709.051030533] [planner_server]: Plan computed: 611 poses
[planner_server-4] [INFO] [1790949709.178384440] [planner_server]: Planning took 17 ms
[planner_server-4] [INFO] [1790949709.178722971] [planner_server]: Plan computed: 611 poses
[planner_server-4] [INFO] [1790949709.300147814] [planner_server]: Planning took 19 ms
[planner_server-4] [INFO] [1790949709.300500071] [planner_server]: Plan computed: 611 poses
[planner_server-4] [INFO] [1790949709.430382796] [planner_server]: Planning took 18 ms
[planner_server-4] [INFO] [1790949709.430776000] [planner_server]: Plan computed: 611 poses
[planner_server-4] [INFO] [1790949709.557944119] [planner_server]: Planning took 17 ms
[planner_server-4] [INFO] [1790949709.558343975] [planner_server]: Plan computed: 611 poses
[planner_server-4] [INFO] [1790949709.679372238] [planner_server]: Planning took 18 ms
[planner_server-4] [INFO] [1790949709.679678780] [planner_server]: Plan computed: 611 poses
[planner_server-4] [INFO] [1790949709.809905748] [planner_server]: Planning took 18 ms
[planner_server-4] [INFO] [1790949709.810248628] [planner_server]: Plan computed: 611 poses
[planner_server-4] [INFO] [1790949709.938383061] [planner_server]: Planning took 17 ms
[planner_server-4] [INFO] [1790949709.938741029] [planner_server]: Plan computed: 611 poses
[planner_server-4] [INFO] [1790949710.068468425] [planner_server]: Planning took 17 ms
[planner_server-4] [INFO] [1790949710.068837634] [planner_server]: Plan computed: 611 poses
[controller_node-5] [WARN] [1790949710.160811341] [controller_server]: path_copy succeeded.
[controller_node-5] [INFO] [1790949710.161101513] [controller_server]: Computed velocity commands: linear.x=0.02, linear.y=-0.83, angular.z=0.00
[planner_server-4] [INFO] [1790949710.187996810] [planner_server]: Planning took 16 ms
[planner_server-4] [INFO] [1790949710.188540405] [planner_server]: Plan computed: 611 poses
[planner_server-4] [INFO] [1790949710.308941189] [planner_server]: Planning took 17 ms
[planner_server-4] [INFO] [1790949710.309522864] [planner_server]: Plan computed: 611 poses
[planner_server-4] [INFO] [1790949710.439735792] [planner_server]: Planning took 18 ms
[planner_server-4] [INFO] [1790949710.439985027] [planner_server]: Plan computed: 611 poses
[planner_server-4] [INFO] [1790949710.567713589] [planner_server]: Planning took 16 ms
[planner_server-4] [INFO] [1790949710.568238458] [planner_server]: Plan computed: 611 poses
[planner_server-4] [INFO] [1790949710.688766760] [planner_server]: Planning took 17 ms
[planner_server-4] [INFO] [1790949710.689179030] [planner_server]: Plan computed: 611 poses
[planner_server-4] [INFO] [1790949710.809707411] [planner_server]: Planning took 18 ms
[planner_server-4] [INFO] [1790949710.810284057] [planner_server]: Plan computed: 611 poses
[planner_server-4] [INFO] [1790949710.930031231] [planner_server]: Planning took 17 ms
[planner_server-4] [INFO] [1790949710.930385472] [planner_server]: Plan computed: 611 poses
[planner_server-4] [INFO] [1790949711.058620605] [planner_server]: Planning took 17 ms
[planner_server-4] [INFO] [1790949711.058890849] [planner_server]: Plan computed: 611 poses
[planner_server-4] [INFO] [1790949711.188601978] [planner_server]: Planning took 17 ms
[planner_server-4] [INFO] [1790949711.188925271] [planner_server]: Plan computed: 611 poses
[planner_server-4] [INFO] [1790949711.322920424] [planner_server]: Planning took 20 ms
[planner_server-4] [INFO] [1790949711.323270277] [planner_server]: Plan computed: 611 poses
[planner_server-4] [INFO] [1790949711.448162653] [planner_server]: Planning took 17 ms
[planner_server-4] [INFO] [1790949711.448548032] [planner_server]: Plan computed: 611 poses
[planner_server-4] [INFO] [1790949711.579829783] [planner_server]: Planning took 18 ms
[planner_server-4] [INFO] [1790949711.580215863] [planner_server]: Plan computed: 611 poses
[planner_server-4] [INFO] [1790949711.709497160] [planner_server]: Planning took 18 ms
[planner_server-4] [INFO] [1790949711.710027830] [planner_server]: Plan computed: 611 poses
[planner_server-4] [INFO] [1790949711.840052895] [planner_server]: Planning took 19 ms
[planner_server-4] [INFO] [1790949711.840435980] [planner_server]: Plan computed: 611 poses
[planner_server-4] [INFO] [1790949711.970645469] [planner_server]: Planning took 18 ms
[planner_server-4] [INFO] [1790949711.970890156] [planner_server]: Plan computed: 611 poses
[planner_server-4] [INFO] [1790949712.098235872] [planner_server]: Planning took 17 ms
[planner_server-4] [INFO] [1790949712.098698195] [planner_server]: Plan computed: 611 poses
[controller_node-5] [WARN] [1790949712.180558743] [controller_server]: path_copy succeeded.
[controller_node-5] [INFO] [1790949712.180827835] [controller_server]: Computed velocity commands: linear.x=-0.74, linear.y=-0.37, angular.z=0.00
[planner_server-4] [INFO] [1790949712.219095175] [planner_server]: Planning took 18 ms
[planner_server-4] [INFO] [1790949712.219444727] [planner_server]: Plan computed: 611 poses
[planner_server-4] [INFO] [1790949712.350868033] [planner_server]: Planning took 18 ms
[planner_server-4] [INFO] [1790949712.351662190] [planner_server]: Plan computed: 611 poses
[planner_server-4] [INFO] [1790949712.480090582] [planner_server]: Planning took 19 ms
[planner_server-4] [INFO] [1790949712.480436698] [planner_server]: Plan computed: 611 poses
[planner_server-4] [INFO] [1790949712.608965162] [planner_server]: Planning took 18 ms
[planner_server-4] [INFO] [1790949712.609369307] [planner_server]: Plan computed: 611 poses
[planner_server-4] [INFO] [1790949712.730534941] [planner_server]: Planning took 18 ms
[planner_server-4] [INFO] [1790949712.731069058] [planner_server]: Plan computed: 611 poses
[planner_server-4] [INFO] [1790949712.859097098] [planner_server]: Planning took 18 ms
[planner_server-4] [INFO] [1790949712.859462370] [planner_server]: Plan computed: 611 poses
[planner_server-4] [INFO] [1790949712.988736004] [planner_server]: Planning took 17 ms
[planner_server-4] [INFO] [1790949712.989341925] [planner_server]: Plan computed: 611 poses
[planner_server-4] [INFO] [1790949713.119780565] [planner_server]: Planning took 17 ms
[planner_server-4] [INFO] [1790949713.120341933] [planner_server]: Plan computed: 611 poses
[planner_server-4] [INFO] [1790949713.249555783] [planner_server]: Planning took 17 ms
[planner_server-4] [INFO] [1790949713.250970478] [planner_server]: Plan computed: 611 poses
[planner_server-4] [INFO] [1790949713.378976950] [planner_server]: Planning took 18 ms
[planner_server-4] [INFO] [1790949713.379335299] [planner_server]: Plan computed: 611 poses
[planner_server-4] [INFO] [1790949713.510172924] [planner_server]: Planning took 19 ms
[planner_server-4] [INFO] [1790949713.510484205] [planner_server]: Plan computed: 611 poses
[planner_server-4] [INFO] [1790949713.638381934] [planner_server]: Planning took 16 ms
[planner_server-4] [INFO] [1790949713.638683426] [planner_server]: Plan computed: 611 poses
[planner_server-4] [INFO] [1790949713.758051143] [planner_server]: Planning took 17 ms
[planner_server-4] [INFO] [1790949713.758364738] [planner_server]: Plan computed: 611 poses
[planner_server-4] [INFO] [1790949713.890566434] [planner_server]: Planning took 17 ms
[planner_server-4] [INFO] [1790949713.891278572] [planner_server]: Plan computed: 611 poses
[planner_server-4] [INFO] [1790949714.018610195] [planner_server]: Planning took 16 ms
[planner_server-4] [INFO] [1790949714.018911848] [planner_server]: Plan computed: 611 poses
[planner_server-4] [INFO] [1790949714.148706358] [planner_server]: Planning took 17 ms
[planner_server-4] [INFO] [1790949714.149152651] [planner_server]: Plan computed: 611 poses
[controller_node-5] [WARN] [1790949714.200048849] [controller_server]: path_copy succeeded.
[controller_node-5] [INFO] [1790949714.200518957] [controller_server]: Computed velocity commands: linear.x=-0.58, linear.y=0.60, angular.z=0.00
[planner_server-4] [INFO] [1790949714.279625288] [planner_server]: Planning took 17 ms
[planner_server-4] [INFO] [1790949714.280079886] [planner_server]: Plan computed: 611 poses
[planner_server-4] [INFO] [1790949714.409486223] [planner_server]: Planning took 18 ms
[planner_server-4] [INFO] [1790949714.409805749] [planner_server]: Plan computed: 611 poses
[planner_server-4] [INFO] [1790949714.540698789] [planner_server]: Planning took 19 ms
[planner_server-4] [INFO] [1790949714.541380421] [planner_server]: Plan computed: 611 poses
[planner_server-4] [INFO] [1790949714.668516250] [planner_server]: Planning took 17 ms
[planner_server-4] [INFO] [1790949714.668877515] [planner_server]: Plan computed: 611 poses
[planner_server-4] [INFO] [1790949714.789130519] [planner_server]: Planning took 17 ms
[planner_server-4] [INFO] [1790949714.789604584] [planner_server]: Plan computed: 611 poses
[planner_server-4] [INFO] [1790949714.908512570] [planner_server]: Planning took 17 ms
[planner_server-4] [INFO] [1790949714.908840241] [planner_server]: Plan computed: 611 poses
[planner_server-4] [INFO] [1790949715.028270091] [planner_server]: Planning took 17 ms
[planner_server-4] [INFO] [1790949715.028619983] [planner_server]: Plan computed: 611 poses
[planner_server-4] [INFO] [1790949715.148328064] [planner_server]: Planning took 17 ms
[planner_server-4] [INFO] [1790949715.148616221] [planner_server]: Plan computed: 611 poses
[planner_server-4] [INFO] [1790949715.267642148] [planner_server]: Planning took 16 ms
[planner_server-4] [INFO] [1790949715.268143904] [planner_server]: Plan computed: 611 poses
[planner_server-4] [INFO] [1790949715.387671718] [planner_server]: Planning took 16 ms
[planner_server-4] [INFO] [1790949715.388165991] [planner_server]: Plan computed: 611 poses
[planner_server-4] [INFO] [1790949715.507911811] [planner_server]: Planning took 17 ms
[planner_server-4] [INFO] [1790949715.508491332] [planner_server]: Plan computed: 611 poses
[planner_server-4] [INFO] [1790949715.629551506] [planner_server]: Planning took 18 ms
[planner_server-4] [INFO] [1790949715.630227918] [planner_server]: Plan computed: 611 poses
[planner_server-4] [INFO] [1790949715.761715370] [planner_server]: Planning took 18 ms
[planner_server-4] [INFO] [1790949715.762214982] [planner_server]: Plan computed: 611 poses
[planner_server-4] [INFO] [1790949715.888873122] [planner_server]: Planning took 17 ms
[planner_server-4] [INFO] [1790949715.889288888] [planner_server]: Plan computed: 611 poses
[planner_server-4] [INFO] [1790949716.008773721] [planner_server]: Planning took 17 ms
[planner_server-4] [INFO] [1790949716.009301807] [planner_server]: Plan computed: 611 poses
[planner_server-4] [INFO] [1790949716.140113851] [planner_server]: Planning took 17 ms
[planner_server-4] [INFO] [1790949716.140473843] [planner_server]: Plan computed: 611 poses
[controller_node-5] [WARN] [1790949716.220458204] [controller_server]: path_copy succeeded.
[controller_node-5] [INFO] [1790949716.220746081] [controller_server]: Computed velocity commands: linear.x=0.42, linear.y=0.72, angular.z=0.00
[planner_server-4] [INFO] [1790949716.268101493] [planner_server]: Planning took 17 ms
[planner_server-4] [INFO] [1790949716.268703737] [planner_server]: Plan computed: 611 poses
[planner_server-4] [INFO] [1790949716.387728614] [planner_server]: Planning took 16 ms
[planner_server-4] [INFO] [1790949716.388446804] [planner_server]: Plan computed: 611 poses
[planner_server-4] [INFO] [1790949716.521173411] [planner_server]: Planning took 17 ms
[planner_server-4] [INFO] [1790949716.521997849] [planner_server]: Plan computed: 611 poses
[planner_server-4] [INFO] [1790949716.649102825] [planner_server]: Planning took 17 ms
[planner_server-4] [INFO] [1790949716.649528569] [planner_server]: Plan computed: 611 poses
[planner_server-4] [INFO] [1790949716.778349397] [planner_server]: Planning took 17 ms
[planner_server-4] [INFO] [1790949716.778710340] [planner_server]: Plan computed: 611 poses
[planner_server-4] [INFO] [1790949716.899145186] [planner_server]: Planning took 18 ms
[planner_server-4] [INFO] [1790949716.899694081] [planner_server]: Plan computed: 611 poses
[planner_server-4] [INFO] [1790949717.028090089] [planner_server]: Planning took 17 ms
[planner_server-4] [INFO] [1790949717.028346958] [planner_server]: Plan computed: 611 poses
[planner_server-4] [INFO] [1790949717.151696487] [planner_server]: Planning took 17 ms
[planner_server-4] [INFO] [1790949717.152293271] [planner_server]: Plan computed: 611 poses
[planner_server-4] [INFO] [1790949717.278207115] [planner_server]: Planning took 17 ms
[planner_server-4] [INFO] [1790949717.278654660] [planner_server]: Plan computed: 611 poses
[planner_server-4] [INFO] [1790949717.398231209] [planner_server]: Planning took 17 ms
[planner_server-4] [INFO] [1790949717.398659799] [planner_server]: Plan computed: 611 poses
[planner_server-4] [INFO] [1790949717.518978211] [planner_server]: Planning took 17 ms
[planner_server-4] [INFO] [1790949717.520295991] [planner_server]: Plan computed: 611 poses
[planner_server-4] [INFO] [1790949717.648225297] [planner_server]: Planning took 17 ms
[planner_server-4] [INFO] [1790949717.648831858] [planner_server]: Plan computed: 611 poses
[planner_server-4] [INFO] [1790949717.778610966] [planner_server]: Planning took 17 ms
[planner_server-4] [INFO] [1790949717.779136527] [planner_server]: Plan computed: 611 poses
[planner_server-4] [INFO] [1790949717.898134235] [planner_server]: Planning took 17 ms
[planner_server-4] [INFO] [1790949717.898506309] [planner_server]: Plan computed: 611 poses
[planner_server-4] [INFO] [1790949718.021665373] [planner_server]: Planning took 20 ms
[planner_server-4] [INFO] [1790949718.022261816] [planner_server]: Plan computed: 611 poses
[planner_server-4] [INFO] [1790949718.150539278] [planner_server]: Planning took 18 ms
[planner_server-4] [INFO] [1790949718.150880094] [planner_server]: Plan computed: 611 poses
[controller_node-5] [WARN] [1790949718.221151357] [controller_server]: path_copy succeeded.
[controller_node-5] [INFO] [1790949718.221304563] [controller_server]: Computed velocity commands: linear.x=0.83, linear.y=-0.08, angular.z=0.00
[planner_server-4] [INFO] [1790949718.278537044] [planner_server]: Planning took 17 ms
[planner_server-4] [INFO] [1790949718.278846271] [planner_server]: Plan computed: 611 poses
[planner_server-4] [INFO] [1790949718.408590360] [planner_server]: Planning took 17 ms
[planner_server-4] [INFO] [1790949718.409241806] [planner_server]: Plan computed: 611 poses
[planner_server-4] [INFO] [1790949718.537700080] [planner_server]: Planning took 16 ms
[planner_server-4] [INFO] [1790949718.538079368] [planner_server]: Plan computed: 611 poses
[planner_server-4] [INFO] [1790949718.660501519] [planner_server]: Planning took 19 ms
[planner_server-4] [INFO] [1790949718.660782153] [planner_server]: Plan computed: 611 poses
[planner_server-4] [INFO] [1790949718.788044205] [planner_server]: Planning took 16 ms
[planner_server-4] [INFO] [1790949718.788523840] [planner_server]: Plan computed: 611 poses
[planner_server-4] [INFO] [1790949718.908556371] [planner_server]: Planning took 17 ms
[planner_server-4] [INFO] [1790949718.908768006] [planner_server]: Plan computed: 611 poses
[planner_server-4] [INFO] [1790949719.038604874] [planner_server]: Planning took 17 ms
[planner_server-4] [INFO] [1790949719.038898832] [planner_server]: Plan computed: 611 poses
[planner_server-4] [INFO] [1790949719.168882917] [planner_server]: Planning took 17 ms
[planner_server-4] [INFO] [1790949719.169451398] [planner_server]: Plan computed: 611 poses
[planner_server-4] [INFO] [1790949719.288622753] [planner_server]: Planning took 17 ms
[planner_server-4] [INFO] [1790949719.289071761] [planner_server]: Plan computed: 611 poses
[planner_server-4] [INFO] [1790949719.419406619] [planner_server]: Planning took 18 ms
[planner_server-4] [INFO] [1790949719.419708252] [planner_server]: Plan computed: 611 poses
[planner_server-4] [INFO] [1790949719.547440458] [planner_server]: Planning took 16 ms
[planner_server-4] [INFO] [1790949719.547777457] [planner_server]: Plan computed: 611 poses
[planner_server-4] [INFO] [1790949719.667663181] [planner_server]: Planning took 16 ms
[planner_server-4] [INFO] [1790949719.667973039] [planner_server]: Plan computed: 611 poses
[planner_server-4] [INFO] [1790949719.788000532] [planner_server]: Planning took 16 ms
[planner_server-4] [INFO] [1790949719.788315801] [planner_server]: Plan computed: 611 poses
[planner_server-4] [INFO] [1790949719.908843046] [planner_server]: Planning took 16 ms
[planner_server-4] [INFO] [1790949719.909356715] [planner_server]: Plan computed: 611 poses
[planner_server-4] [INFO] [1790949720.038824396] [planner_server]: Planning took 17 ms
[planner_server-4] [INFO] [1790949720.039065826] [planner_server]: Plan computed: 611 poses
[planner_server-4] [INFO] [1790949720.167954809] [planner_server]: Planning took 16 ms
[planner_server-4] [INFO] [1790949720.168451135] [planner_server]: Plan computed: 611 poses
[controller_node-5] [WARN] [1790949720.239969343] [controller_server]: path_copy succeeded.
[controller_node-5] [INFO] [1790949720.240345805] [controller_server]: Computed velocity commands: linear.x=0.28, linear.y=-0.78, angular.z=0.00
[planner_server-4] [INFO] [1790949720.287967637] [planner_server]: Planning took 17 ms
[planner_server-4] [INFO] [1790949720.288488839] [planner_server]: Plan computed: 611 poses
[planner_server-4] [INFO] [1790949720.407861492] [planner_server]: Planning took 16 ms
[planner_server-4] [INFO] [1790949720.408367797] [planner_server]: Plan computed: 611 poses
[planner_server-4] [INFO] [1790949720.528605955] [planner_server]: Planning took 17 ms
[planner_server-4] [INFO] [1790949720.529290192] [planner_server]: Plan computed: 611 poses
[planner_server-4] [INFO] [1790949720.659553599] [planner_server]: Planning took 17 ms
[planner_server-4] [INFO] [1790949720.660127019] [planner_server]: Plan computed: 611 poses
[planner_server-4] [INFO] [1790949720.788924751] [planner_server]: Planning took 17 ms
[planner_server-4] [INFO] [1790949720.789520844] [planner_server]: Plan computed: 611 poses
[planner_server-4] [INFO] [1790949720.919886151] [planner_server]: Planning took 17 ms
[planner_server-4] [INFO] [1790949720.920460713] [planner_server]: Plan computed: 611 poses
[planner_server-4] [INFO] [1790949721.049078220] [planner_server]: Planning took 17 ms
[planner_server-4] [INFO] [1790949721.049415870] [planner_server]: Plan computed: 611 poses
[planner_server-4] [INFO] [1790949721.178121833] [planner_server]: Planning took 17 ms
[planner_server-4] [INFO] [1790949721.178536286] [planner_server]: Plan computed: 611 poses
[planner_server-4] [INFO] [1790949721.298839703] [planner_server]: Planning took 17 ms
[planner_server-4] [INFO] [1790949721.299460487] [planner_server]: Plan computed: 611 poses
[planner_server-4] [INFO] [1790949721.429398238] [planner_server]: Planning took 17 ms
[planner_server-4] [INFO] [1790949721.429674544] [planner_server]: Plan computed: 611 poses
[planner_server-4] [INFO] [1790949721.559198673] [planner_server]: Planning took 18 ms
[planner_server-4] [INFO] [1790949721.559606875] [planner_server]: Plan computed: 611 poses
[planner_server-4] [INFO] [1790949721.689791748] [planner_server]: Planning took 18 ms
[planner_server-4] [INFO] [1790949721.690230506] [planner_server]: Plan computed: 611 poses
[planner_server-4] [INFO] [1790949721.818497079] [planner_server]: Planning took 18 ms
[planner_server-4] [INFO] [1790949721.818956176] [planner_server]: Plan computed: 611 poses
[planner_server-4] [INFO] [1790949721.949232749] [planner_server]: Planning took 18 ms
[planner_server-4] [INFO] [1790949721.949700062] [planner_server]: Plan computed: 611 poses
[planner_server-4] [INFO] [1790949722.079280297] [planner_server]: Planning took 18 ms
[planner_server-4] [INFO] [1790949722.079757869] [planner_server]: Plan computed: 611 poses
[planner_server-4] [INFO] [1790949722.209023618] [planner_server]: Planning took 16 ms
[planner_server-4] [INFO] [1790949722.209425839] [planner_server]: Plan computed: 611 poses
[controller_node-5] [WARN] [1790949722.240268728] [controller_server]: path_copy succeeded.
[controller_node-5] [INFO] [1790949722.240509398] [controller_server]: Computed velocity commands: linear.x=-0.68, linear.y=-0.48, angular.z=0.00
[planner_server-4] [INFO] [1790949722.338321597] [planner_server]: Planning took 17 ms
[planner_server-4] [INFO] [1790949722.338758042] [planner_server]: Plan computed: 611 poses
[planner_server-4] [INFO] [1790949722.459239277] [planner_server]: Planning took 18 ms
[planner_server-4] [INFO] [1790949722.459641658] [planner_server]: Plan computed: 611 poses
[planner_server-4] [INFO] [1790949722.589215062] [planner_server]: Planning took 17 ms
[planner_server-4] [INFO] [1790949722.589516435] [planner_server]: Plan computed: 611 poses
[planner_server-4] [INFO] [1790949722.711581666] [planner_server]: Planning took 17 ms
[planner_server-4] [INFO] [1790949722.711936037] [planner_server]: Plan computed: 611 poses
[planner_server-4] [INFO] [1790949722.839723157] [planner_server]: Planning took 18 ms
[planner_server-4] [INFO] [1790949722.840204826] [planner_server]: Plan computed: 611 poses
[planner_server-4] [INFO] [1790949722.960400589] [planner_server]: Planning took 17 ms
[planner_server-4] [INFO] [1790949722.960785177] [planner_server]: Plan computed: 611 poses
[planner_server-4] [INFO] [1790949723.089776075] [planner_server]: Planning took 17 ms
[planner_server-4] [INFO] [1790949723.090636380] [planner_server]: Plan computed: 611 poses
[planner_server-4] [INFO] [1790949723.219788810] [planner_server]: Planning took 19 ms
[planner_server-4] [INFO] [1790949723.220082108] [planner_server]: Plan computed: 611 poses
[planner_server-4] [INFO] [1790949723.347860353] [planner_server]: Planning took 17 ms
[planner_server-4] [INFO] [1790949723.348270097] [planner_server]: Plan computed: 611 poses
[planner_server-4] [INFO] [1790949723.468306685] [planner_server]: Planning took 17 ms
[planner_server-4] [INFO] [1790949723.468645047] [planner_server]: Plan computed: 611 poses
[planner_server-4] [INFO] [1790949723.588203342] [planner_server]: Planning took 17 ms
[planner_server-4] [INFO] [1790949723.588597768] [planner_server]: Plan computed: 611 poses
[planner_server-4] [INFO] [1790949723.708500626] [planner_server]: Planning took 17 ms
[planner_server-4] [INFO] [1790949723.709152993] [planner_server]: Plan computed: 611 poses
[planner_server-4] [INFO] [1790949723.839376081] [planner_server]: Planning took 18 ms
[planner_server-4] [INFO] [1790949723.839852400] [planner_server]: Plan computed: 611 poses
[planner_server-4] [INFO] [1790949723.968702966] [planner_server]: Planning took 17 ms
[planner_server-4] [INFO] [1790949723.969329927] [planner_server]: Plan computed: 611 poses
[planner_server-4] [INFO] [1790949724.100250097] [planner_server]: Planning took 17 ms
[planner_server-4] [INFO] [1790949724.100829088] [planner_server]: Plan computed: 611 poses
[planner_server-4] [INFO] [1790949724.227739686] [planner_server]: Planning took 17 ms
[planner_server-4] [INFO] [1790949724.228141756] [planner_server]: Plan computed: 611 poses
[controller_node-5] [WARN] [1790949724.240456910] [controller_server]: path_copy succeeded.
[controller_node-5] [INFO] [1790949724.240890870] [controller_server]: Computed velocity commands: linear.x=-0.66, linear.y=0.51, angular.z=0.00
[planner_server-4] [INFO] [1790949724.349474124] [planner_server]: Planning took 18 ms
[planner_server-4] [INFO] [1790949724.349808087] [planner_server]: Plan computed: 611 poses
[planner_server-4] [INFO] [1790949724.479203612] [planner_server]: Planning took 17 ms
[planner_server-4] [INFO] [1790949724.479589002] [planner_server]: Plan computed: 611 poses
[planner_server-4] [INFO] [1790949724.601473525] [planner_server]: Planning took 18 ms
[planner_server-4] [INFO] [1790949724.601712721] [planner_server]: Plan computed: 611 poses
[planner_server-4] [INFO] [1790949724.727774159] [planner_server]: Planning took 16 ms
[planner_server-4] [INFO] [1790949724.728348742] [planner_server]: Plan computed: 611 poses
[planner_server-4] [INFO] [1790949724.850129105] [planner_server]: Planning took 18 ms
[planner_server-4] [INFO] [1790949724.850429716] [planner_server]: Plan computed: 611 poses
[planner_server-4] [INFO] [1790949724.979336600] [planner_server]: Planning took 17 ms
[planner_server-4] [INFO] [1790949724.979626491] [planner_server]: Plan computed: 611 poses
[planner_server-4] [INFO] [1790949725.108697813] [planner_server]: Planning took 17 ms
[planner_server-4] [INFO] [1790949725.109441881] [planner_server]: Plan computed: 611 poses
[planner_server-4] [INFO] [1790949725.241480733] [planner_server]: Planning took 17 ms
[planner_server-4] [INFO] [1790949725.241883585] [planner_server]: Plan computed: 611 poses
[planner_server-4] [INFO] [1790949725.369077313] [planner_server]: Planning took 17 ms
[planner_server-4] [INFO] [1790949725.369375459] [planner_server]: Plan computed: 611 poses
[planner_server-4] [INFO] [1790949725.498872276] [planner_server]: Planning took 17 ms
[planner_server-4] [INFO] [1790949725.499472656] [planner_server]: Plan computed: 611 poses
[planner_server-4] [INFO] [1790949725.620823961] [planner_server]: Planning took 19 ms
[planner_server-4] [INFO] [1790949725.621203049] [planner_server]: Plan computed: 611 poses
[planner_server-4] [INFO] [1790949725.748147982] [planner_server]: Planning took 17 ms
[planner_server-4] [INFO] [1790949725.748827020] [planner_server]: Plan computed: 611 poses
[planner_server-4] [INFO] [1790949725.880135557] [planner_server]: Planning took 18 ms
[planner_server-4] [INFO] [1790949725.880770532] [planner_server]: Plan computed: 611 poses
[planner_server-4] [INFO] [1790949726.007552042] [planner_server]: Planning took 16 ms
[planner_server-4] [INFO] [1790949726.008017320] [planner_server]: Plan computed: 611 poses
[planner_server-4] [INFO] [1790949726.129521301] [planner_server]: Planning took 16 ms
[planner_server-4] [INFO] [1790949726.130762578] [planner_server]: Plan computed: 611 poses
[planner_server-4] [INFO] [1790949726.259312079] [planner_server]: Planning took 18 ms
[planner_server-4] [INFO] [1790949726.259932567] [planner_server]: Plan computed: 611 poses
[controller_node-5] [WARN] [1790949726.260613317] [controller_server]: path_copy succeeded.
[controller_node-5] [INFO] [1790949726.260965624] [controller_server]: Computed velocity commands: linear.x=0.31, linear.y=0.77, angular.z=0.00
[planner_server-4] [INFO] [1790949726.389451387] [planner_server]: Planning took 17 ms
[planner_server-4] [INFO] [1790949726.390065844] [planner_server]: Plan computed: 611 poses
[planner_server-4] [INFO] [1790949726.521275219] [planner_server]: Planning took 19 ms
[planner_server-4] [INFO] [1790949726.521673081] [planner_server]: Plan computed: 611 poses
[planner_server-4] [INFO] [1790949726.651437920] [planner_server]: Planning took 17 ms
[planner_server-4] [INFO] [1790949726.652005068] [planner_server]: Plan computed: 611 poses
[planner_server-4] [INFO] [1790949726.778789585] [planner_server]: Planning took 17 ms
[planner_server-4] [INFO] [1790949726.779080047] [planner_server]: Plan computed: 611 poses
[planner_server-4] [INFO] [1790949726.911320084] [planner_server]: Planning took 17 ms
[planner_server-4] [INFO] [1790949726.911770875] [planner_server]: Plan computed: 611 poses
[planner_server-4] [INFO] [1790949727.039238519] [planner_server]: Planning took 17 ms
[planner_server-4] [INFO] [1790949727.039644396] [planner_server]: Plan computed: 611 poses
[planner_server-4] [INFO] [1790949727.170614916] [planner_server]: Planning took 18 ms
[planner_server-4] [INFO] [1790949727.171234272] [planner_server]: Plan computed: 611 poses
[planner_server-4] [INFO] [1790949727.298765534] [planner_server]: Planning took 17 ms
[planner_server-4] [INFO] [1790949727.299318466] [planner_server]: Plan computed: 611 poses
[planner_server-4] [INFO] [1790949727.428314391] [planner_server]: Planning took 17 ms
[planner_server-4] [INFO] [1790949727.428645169] [planner_server]: Plan computed: 611 poses
[planner_server-4] [INFO] [1790949727.548209192] [planner_server]: Planning took 17 ms
[planner_server-4] [INFO] [1790949727.548481641] [planner_server]: Plan computed: 611 poses
[planner_server-4] [INFO] [1790949727.669289583] [planner_server]: Planning took 18 ms
[planner_server-4] [INFO] [1790949727.669590184] [planner_server]: Plan computed: 611 poses
[planner_server-4] [INFO] [1790949727.797840831] [planner_server]: Planning took 16 ms
[planner_server-4] [INFO] [1790949727.798239415] [planner_server]: Plan computed: 611 poses
[planner_server-4] [INFO] [1790949727.919073058] [planner_server]: Planning took 17 ms
[planner_server-4] [INFO] [1790949727.919406731] [planner_server]: Plan computed: 611 poses
[planner_server-4] [INFO] [1790949728.049060345] [planner_server]: Planning took 18 ms
[planner_server-4] [INFO] [1790949728.049476551] [planner_server]: Plan computed: 611 poses
[planner_server-4] [INFO] [1790949728.178907771] [planner_server]: Planning took 17 ms
[planner_server-4] [INFO] [1790949728.179433702] [planner_server]: Plan computed: 611 poses
[controller_node-5] [WARN] [1790949728.261177512] [controller_server]: path_copy succeeded.
[controller_node-5] [INFO] [1790949728.261368799] [controller_server]: Computed velocity commands: linear.x=0.83, linear.y=0.07, angular.z=0.00
[planner_server-4] [INFO] [1790949728.309957059] [planner_server]: Planning took 17 ms
[planner_server-4] [INFO] [1790949728.310354832] [planner_server]: Plan computed: 611 poses
[planner_server-4] [INFO] [1790949728.429252893] [planner_server]: Planning took 16 ms
[planner_server-4] [INFO] [1790949728.429538416] [planner_server]: Plan computed: 611 poses
[planner_server-4] [INFO] [1790949728.551966373] [planner_server]: Planning took 18 ms
[planner_server-4] [INFO] [1790949728.552325613] [planner_server]: Plan computed: 611 poses
[planner_server-4] [INFO] [1790949728.678980364] [planner_server]: Planning took 18 ms
[planner_server-4] [INFO] [1790949728.679357057] [planner_server]: Plan computed: 611 poses
[planner_server-4] [INFO] [1790949728.808882562] [planner_server]: Planning took 17 ms
[planner_server-4] [INFO] [1790949728.809150853] [planner_server]: Plan computed: 611 poses
[planner_server-4] [INFO] [1790949728.928916603] [planner_server]: Planning took 17 ms
[planner_server-4] [INFO] [1790949728.929640264] [planner_server]: Plan computed: 611 poses
[planner_server-4] [INFO] [1790949729.058808113] [planner_server]: Planning took 18 ms
[planner_server-4] [INFO] [1790949729.059226143] [planner_server]: Plan computed: 611 poses
[planner_server-4] [INFO] [1790949729.178673872] [planner_server]: Planning took 17 ms
[planner_server-4] [INFO] [1790949729.179040696] [planner_server]: Plan computed: 611 poses
[planner_server-4] [INFO] [1790949729.297635674] [planner_server]: Planning took 16 ms
[planner_server-4] [INFO] [1790949729.298185660] [planner_server]: Plan computed: 611 poses
[planner_server-4] [INFO] [1790949729.418153961] [planner_server]: Planning took 16 ms
[planner_server-4] [INFO] [1790949729.418658392] [planner_server]: Plan computed: 611 poses
[planner_server-4] [INFO] [1790949729.549134645] [planner_server]: Planning took 16 ms
[planner_server-4] [INFO] [1790949729.549644646] [planner_server]: Plan computed: 611 poses
[planner_server-4] [INFO] [1790949729.679858849] [planner_server]: Planning took 18 ms
[planner_server-4] [INFO] [1790949729.680213211] [planner_server]: Plan computed: 611 poses
[planner_server-4] [INFO] [1790949729.808625030] [planner_server]: Planning took 17 ms
[planner_server-4] [INFO] [1790949729.809137857] [planner_server]: Plan computed: 611 poses
[planner_server-4] [INFO] [1790949729.928941110] [planner_server]: Planning took 17 ms
[planner_server-4] [INFO] [1790949729.929520792] [planner_server]: Plan computed: 611 poses
[planner_server-4] [INFO] [1790949730.051393157] [planner_server]: Planning took 18 ms
[planner_server-4] [INFO] [1790949730.051811538] [planner_server]: Plan computed: 611 poses
[planner_server-4] [INFO] [1790949730.179696994] [planner_server]: Planning took 18 ms
[planner_server-4] [INFO] [1790949730.180197789] [planner_server]: Plan computed: 611 poses
[controller_node-5] [WARN] [1790949730.279949783] [controller_server]: path_copy succeeded.
[controller_node-5] [INFO] [1790949730.280251957] [controller_server]: Computed velocity commands: linear.x=0.37, linear.y=-0.75, angular.z=0.00
[planner_server-4] [INFO] [1790949730.311465540] [planner_server]: Planning took 19 ms
[planner_server-4] [INFO] [1790949730.312012130] [planner_server]: Plan computed: 611 poses
[planner_server-4] [INFO] [1790949730.438813578] [planner_server]: Planning took 17 ms
[planner_server-4] [INFO] [1790949730.439525366] [planner_server]: Plan computed: 611 poses
[planner_server-4] [INFO] [1790949730.570101887] [planner_server]: Planning took 19 ms
[planner_server-4] [INFO] [1790949730.570592633] [planner_server]: Plan computed: 611 poses
[planner_server-4] [INFO] [1790949730.699437577] [planner_server]: Planning took 17 ms
[planner_server-4] [INFO] [1790949730.700278978] [planner_server]: Plan computed: 611 poses
[planner_server-4] [INFO] [1790949730.820488585] [planner_server]: Planning took 17 ms
[planner_server-4] [INFO] [1790949730.820867953] [planner_server]: Plan computed: 611 poses
[planner_server-4] [INFO] [1790949730.951537398] [planner_server]: Planning took 20 ms
[planner_server-4] [INFO] [1790949730.952152906] [planner_server]: Plan computed: 611 poses
[planner_server-4] [INFO] [1790949731.079814598] [planner_server]: Planning took 19 ms
[planner_server-4] [INFO] [1790949731.080270920] [planner_server]: Plan computed: 611 poses
[planner_server-4] [INFO] [1790949731.200274259] [planner_server]: Planning took 17 ms
[planner_server-4] [INFO] [1790949731.200636024] [planner_server]: Plan computed: 611 poses
[planner_server-4] [INFO] [1790949731.328089248] [planner_server]: Planning took 17 ms
[planner_server-4] [INFO] [1790949731.328500987] [planner_server]: Plan computed: 611 poses
[planner_server-4] [INFO] [1790949731.458635575] [planner_server]: Planning took 17 ms
[planner_server-4] [INFO] [1790949731.459052092] [planner_server]: Plan computed: 611 poses
[planner_server-4] [INFO] [1790949731.579075570] [planner_server]: Planning took 18 ms
[planner_server-4] [INFO] [1790949731.579571796] [planner_server]: Plan computed: 611 poses
[planner_server-4] [INFO] [1790949731.709777687] [planner_server]: Planning took 18 ms
[planner_server-4] [INFO] [1790949731.710172564] [planner_server]: Plan computed: 611 poses
[planner_server-4] [INFO] [1790949731.840401409] [planner_server]: Planning took 18 ms
[planner_server-4] [INFO] [1790949731.840749929] [planner_server]: Plan computed: 611 poses
[planner_server-4] [INFO] [1790949731.970230787] [planner_server]: Planning took 18 ms
[planner_server-4] [INFO] [1790949731.970562316] [planner_server]: Plan computed: 611 poses
[planner_server-4] [INFO] [1790949732.100214666] [planner_server]: Planning took 17 ms
[planner_server-4] [INFO] [1790949732.100551124] [planner_server]: Plan computed: 611 poses
[planner_server-4] [INFO] [1790949732.229208236] [planner_server]: Planning took 16 ms
[planner_server-4] [INFO] [1790949732.229667984] [planner_server]: Plan computed: 611 poses
[controller_node-5] [WARN] [1790949732.300340156] [controller_server]: path_copy succeeded.
[controller_node-5] [INFO] [1790949732.300544718] [controller_server]: Computed velocity commands: linear.x=-0.50, linear.y=-0.67, angular.z=0.00
[planner_server-4] [INFO] [1790949732.361689366] [planner_server]: Planning took 20 ms
[planner_server-4] [INFO] [1790949732.362205740] [planner_server]: Plan computed: 611 poses
[planner_server-4] [INFO] [1790949732.488060382] [planner_server]: Planning took 17 ms
[planner_server-4] [INFO] [1790949732.488439059] [planner_server]: Plan computed: 611 poses
[planner_server-4] [INFO] [1790949732.609303888] [planner_server]: Planning took 18 ms
[planner_server-4] [INFO] [1790949732.609956646] [planner_server]: Plan computed: 611 poses
[planner_server-4] [INFO] [1790949732.739550036] [planner_server]: Planning took 16 ms
[planner_server-4] [INFO] [1790949732.739987332] [planner_server]: Plan computed: 611 poses
[planner_server-4] [INFO] [1790949732.868169890] [planner_server]: Planning took 17 ms
[planner_server-4] [INFO] [1790949732.868592849] [planner_server]: Plan computed: 611 poses
[planner_server-4] [INFO] [1790949732.989742941] [planner_server]: Planning took 19 ms
[planner_server-4] [INFO] [1790949732.990210494] [planner_server]: Plan computed: 611 poses
[planner_server-4] [INFO] [1790949733.119295516] [planner_server]: Planning took 17 ms
[planner_server-4] [INFO] [1790949733.120029306] [planner_server]: Plan computed: 611 poses
[planner_server-4] [INFO] [1790949733.250817168] [planner_server]: Planning took 19 ms
[planner_server-4] [INFO] [1790949733.251340695] [planner_server]: Plan computed: 611 poses
[planner_server-4] [INFO] [1790949733.380440365] [planner_server]: Planning took 17 ms
[planner_server-4] [INFO] [1790949733.380678991] [planner_server]: Plan computed: 611 poses
[planner_server-4] [INFO] [1790949733.508430315] [planner_server]: Planning took 17 ms
[planner_server-4] [INFO] [1790949733.508731978] [planner_server]: Plan computed: 611 poses
[planner_server-4] [INFO] [1790949733.629982148] [planner_server]: Planning took 19 ms
[planner_server-4] [INFO] [1790949733.630469167] [planner_server]: Plan computed: 611 poses
[planner_server-4] [INFO] [1790949733.758608455] [planner_server]: Planning took 17 ms
[planner_server-4] [INFO] [1790949733.759172318] [planner_server]: Plan computed: 611 poses
[planner_server-4] [INFO] [1790949733.879443040] [planner_server]: Planning took 17 ms
[planner_server-4] [INFO] [1790949733.880044232] [planner_server]: Plan computed: 611 poses
[planner_server-4] [INFO] [1790949734.010666134] [planner_server]: Planning took 17 ms
[planner_server-4] [INFO] [1790949734.011209969] [planner_server]: Plan computed: 611 poses
[planner_server-4] [INFO] [1790949734.138563212] [planner_server]: Planning took 17 ms
[planner_server-4] [INFO] [1790949734.139249513] [planner_server]: Plan computed: 611 poses
[planner_server-4] [INFO] [1790949734.259477943] [planner_server]: Planning took 18 ms
[planner_server-4] [INFO] [1790949734.260173541] [planner_server]: Plan computed: 611 poses
[controller_node-5] [WARN] [1790949734.300753034] [controller_server]: path_copy succeeded.
[controller_node-5] [INFO] [1790949734.301042244] [controller_server]: Computed velocity commands: linear.x=-0.79, linear.y=0.25, angular.z=0.00
[planner_server-4] [INFO] [1790949734.389276154] [planner_server]: Planning took 18 ms
[planner_server-4] [INFO] [1790949734.389592174] [planner_server]: Plan computed: 611 poses
[planner_server-4] [INFO] [1790949734.518133905] [planner_server]: Planning took 17 ms
[planner_server-4] [INFO] [1790949734.518990754] [planner_server]: Plan computed: 611 poses
[planner_server-4] [INFO] [1790949734.638745506] [planner_server]: Planning took 17 ms
[planner_server-4] [INFO] [1790949734.639352017] [planner_server]: Plan computed: 611 poses
[planner_server-4] [INFO] [1790949734.757944289] [planner_server]: Planning took 16 ms
[planner_server-4] [INFO] [1790949734.758407554] [planner_server]: Plan computed: 611 poses
[planner_server-4] [INFO] [1790949734.878070327] [planner_server]: Planning took 16 ms
[planner_server-4] [INFO] [1790949734.878524425] [planner_server]: Plan computed: 611 poses
[planner_server-4] [INFO] [1790949734.998027421] [planner_server]: Planning took 16 ms
[planner_server-4] [INFO] [1790949734.998451232] [planner_server]: Plan computed: 611 poses
[planner_server-4] [INFO] [1790949735.119610035] [planner_server]: Planning took 18 ms
[planner_server-4] [INFO] [1790949735.120184046] [planner_server]: Plan computed: 611 poses
[planner_server-4] [INFO] [1790949735.249066165] [planner_server]: Planning took 17 ms
[planner_server-4] [INFO] [1790949735.249390721] [planner_server]: Plan computed: 611 poses
[planner_server-4] [INFO] [1790949735.378719523] [planner_server]: Planning took 17 ms
[planner_server-4] [INFO] [1790949735.379292703] [planner_server]: Plan computed: 611 poses
[planner_server-4] [INFO] [1790949735.499236920] [planner_server]: Planning took 17 ms
[planner_server-4] [INFO] [1790949735.499533483] [planner_server]: Plan computed: 611 poses
[planner_server-4] [INFO] [1790949735.632217367] [planner_server]: Planning took 18 ms
[planner_server-4] [INFO] [1790949735.632607044] [planner_server]: Plan computed: 611 poses
[planner_server-4] [INFO] [1790949735.757816328] [planner_server]: Planning took 16 ms
[planner_server-4] [INFO] [1790949735.758515623] [planner_server]: Plan computed: 611 poses
[planner_server-4] [INFO] [1790949735.878780618] [planner_server]: Planning took 17 ms
[planner_server-4] [INFO] [1790949735.879272997] [planner_server]: Plan computed: 611 poses
[planner_server-4] [INFO] [1790949735.999318623] [planner_server]: Planning took 17 ms
[planner_server-4] [INFO] [1790949735.999789372] [planner_server]: Plan computed: 611 poses
[planner_server-4] [INFO] [1790949736.131453675] [planner_server]: Planning took 18 ms
[planner_server-4] [INFO] [1790949736.132076016] [planner_server]: Plan computed: 611 poses
[planner_server-4] [INFO] [1790949736.257706687] [planner_server]: Planning took 17 ms
[planner_server-4] [INFO] [1790949736.258311987] [planner_server]: Plan computed: 611 poses
[controller_node-5] [WARN] [1790949736.319970199] [controller_server]: path_copy succeeded.
[controller_node-5] [INFO] [1790949736.320283083] [controller_server]: Computed velocity commands: linear.x=0.00, linear.y=0.83, angular.z=0.00
[planner_server-4] [INFO] [1790949736.380628993] [planner_server]: Planning took 19 ms
[planner_server-4] [INFO] [1790949736.381055449] [planner_server]: Plan computed: 611 poses
[planner_server-4] [INFO] [1790949736.508773978] [planner_server]: Planning took 17 ms
[planner_server-4] [INFO] [1790949736.509197338] [planner_server]: Plan computed: 611 poses
[planner_server-4] [INFO] [1790949736.640023186] [planner_server]: Planning took 19 ms
[planner_server-4] [INFO] [1790949736.640537687] [planner_server]: Plan computed: 611 poses
[planner_server-4] [INFO] [1790949736.769927902] [planner_server]: Planning took 18 ms
[planner_server-4] [INFO] [1790949736.770316778] [planner_server]: Plan computed: 611 poses
[planner_server-4] [INFO] [1790949736.897776274] [planner_server]: Planning took 16 ms
[planner_server-4] [INFO] [1790949736.898356327] [planner_server]: Plan computed: 611 poses
[planner_server-4] [INFO] [1790949737.017747463] [planner_server]: Planning took 17 ms
[planner_server-4] [INFO] [1790949737.018341702] [planner_server]: Plan computed: 611 poses
[planner_server-4] [INFO] [1790949737.139520607] [planner_server]: Planning took 17 ms
[planner_server-4] [INFO] [1790949737.140191118] [planner_server]: Plan computed: 611 poses
[planner_server-4] [INFO] [1790949737.270477151] [planner_server]: Planning took 17 ms
[planner_server-4] [INFO] [1790949737.270950755] [planner_server]: Plan computed: 611 poses
[planner_server-4] [INFO] [1790949737.400116797] [planner_server]: Planning took 19 ms
[planner_server-4] [INFO] [1790949737.400706357] [planner_server]: Plan computed: 611 poses
[planner_server-4] [INFO] [1790949737.531213880] [planner_server]: Planning took 19 ms
[planner_server-4] [INFO] [1790949737.531741635] [planner_server]: Plan computed: 611 poses
[planner_server-4] [INFO] [1790949737.658323712] [planner_server]: Planning took 17 ms
[planner_server-4] [INFO] [1790949737.658758324] [planner_server]: Plan computed: 611 poses
[planner_server-4] [INFO] [1790949737.789145740] [planner_server]: Planning took 17 ms
[planner_server-4] [INFO] [1790949737.789645994] [planner_server]: Plan computed: 611 poses
[planner_server-4] [INFO] [1790949737.909924818] [planner_server]: Planning took 16 ms
[planner_server-4] [INFO] [1790949737.910321458] [planner_server]: Plan computed: 611 poses
[planner_server-4] [INFO] [1790949738.037793159] [planner_server]: Planning took 17 ms
[planner_server-4] [INFO] [1790949738.038272323] [planner_server]: Plan computed: 611 poses
[planner_server-4] [INFO] [1790949738.169363901] [planner_server]: Planning took 18 ms
[planner_server-4] [INFO] [1790949738.169972998] [planner_server]: Plan computed: 611 poses
[planner_server-4] [INFO] [1790949738.300192859] [planner_server]: Planning took 17 ms
[planner_server-4] [INFO] [1790949738.300560625] [planner_server]: Plan computed: 611 poses
[controller_node-5] [WARN] [1790949738.320217799] [controller_server]: path_copy succeeded.
[controller_node-5] [INFO] [1790949738.320458679] [controller_server]: Computed velocity commands: linear.x=0.79, linear.y=0.25, angular.z=0.00
[planner_server-4] [INFO] [1790949738.429376675] [planner_server]: Planning took 18 ms
[planner_server-4] [INFO] [1790949738.429773676] [planner_server]: Plan computed: 611 poses
[planner_server-4] [INFO] [1790949738.558527050] [planner_server]: Planning took 17 ms
[planner_server-4] [INFO] [1790949738.559704198] [planner_server]: Plan computed: 611 poses
[planner_server-4] [INFO] [1790949738.688704728] [planner_server]: Planning took 17 ms
[planner_server-4] [INFO] [1790949738.689132937] [planner_server]: Plan computed: 611 poses
[planner_server-4] [INFO] [1790949738.818139679] [planner_server]: Planning took 17 ms
[planner_server-4] [INFO] [1790949738.818449838] [planner_server]: Plan computed: 611 poses
[planner_server-4] [INFO] [1790949738.938845372] [planner_server]: Planning took 18 ms
[planner_server-4] [INFO] [1790949738.939563031] [planner_server]: Plan computed: 611 poses
[planner_server-4] [INFO] [1790949739.070207586] [planner_server]: Planning took 17 ms
[planner_server-4] [INFO] [1790949739.070526752] [planner_server]: Plan computed: 611 poses
[planner_server-4] [INFO] [1790949739.198610147] [planner_server]: Planning took 17 ms
[planner_server-4] [INFO] [1790949739.199565330] [planner_server]: Plan computed: 611 poses
[planner_server-4] [INFO] [1790949739.328248514] [planner_server]: Planning took 17 ms
[planner_server-4] [INFO] [1790949739.328576567] [planner_server]: Plan computed: 611 poses
[planner_server-4] [INFO] [1790949739.448868225] [planner_server]: Planning took 17 ms
[planner_server-4] [INFO] [1790949739.449347550] [planner_server]: Plan computed: 611 poses
[planner_server-4] [INFO] [1790949739.571110406] [planner_server]: Planning took 18 ms
[planner_server-4] [INFO] [1790949739.571415535] [planner_server]: Plan computed: 611 poses
[planner_server-4] [INFO] [1790949739.697805364] [planner_server]: Planning took 16 ms
[planner_server-4] [INFO] [1790949739.698136342] [planner_server]: Plan computed: 611 poses
[planner_server-4] [INFO] [1790949739.818326063] [planner_server]: Planning took 17 ms
[planner_server-4] [INFO] [1790949739.818816398] [planner_server]: Plan computed: 611 poses
[planner_server-4] [INFO] [1790949739.947997272] [planner_server]: Planning took 17 ms
[planner_server-4] [INFO] [1790949739.948452321] [planner_server]: Plan computed: 611 poses
[planner_server-4] [INFO] [1790949740.069249678] [planner_server]: Planning took 17 ms
[planner_server-4] [INFO] [1790949740.069596135] [planner_server]: Plan computed: 611 poses
[planner_server-4] [INFO] [1790949740.197683499] [planner_server]: Planning took 16 ms
[planner_server-4] [INFO] [1790949740.198212476] [planner_server]: Plan computed: 611 poses
[planner_server-4] [INFO] [1790949740.318926699] [planner_server]: Planning took 18 ms
[planner_server-4] [INFO] [1790949740.319415461] [planner_server]: Plan computed: 611 poses
[controller_node-5] [WARN] [1790949740.339806641] [controller_server]: path_copy succeeded.
[controller_node-5] [INFO] [1790949740.340040938] [controller_server]: Computed velocity commands: linear.x=0.50, linear.y=-0.67, angular.z=0.00
[planner_server-4] [INFO] [1790949740.449295451] [planner_server]: Planning took 18 ms
[planner_server-4] [INFO] [1790949740.449581585] [planner_server]: Plan computed: 611 poses
[planner_server-4] [INFO] [1790949740.580102439] [planner_server]: Planning took 19 ms
[planner_server-4] [INFO] [1790949740.580493278] [planner_server]: Plan computed: 611 poses
[planner_server-4] [INFO] [1790949740.708937882] [planner_server]: Planning took 17 ms
[planner_server-4] [INFO] [1790949740.709549914] [planner_server]: Plan computed: 611 poses
[planner_server-4] [INFO] [1790949740.838354177] [planner_server]: Planning took 17 ms
[planner_server-4] [INFO] [1790949740.838823283] [planner_server]: Plan computed: 611 poses
[planner_server-4] [INFO] [1790949740.958538806] [planner_server]: Planning took 17 ms
[planner_server-4] [INFO] [1790949740.958906692] [planner_server]: Plan computed: 611 poses
[planner_server-4] [INFO] [1790949741.078051181] [planner_server]: Planning took 17 ms
[planner_server-4] [INFO] [1790949741.078369716] [planner_server]: Plan computed: 611 poses
[planner_server-4] [INFO] [1790949741.207858067] [planner_server]: Planning took 16 ms
[planner_server-4] [INFO] [1790949741.208417952] [planner_server]: Plan computed: 611 poses
[planner_server-4] [INFO] [1790949741.330652473] [planner_server]: Planning took 18 ms
[planner_server-4] [INFO] [1790949741.331195938] [planner_server]: Plan computed: 611 poses
[planner_server-4] [INFO] [1790949741.459144915] [planner_server]: Planning took 17 ms
[planner_server-4] [INFO] [1790949741.459448131] [planner_server]: Plan computed: 611 poses
[planner_server-4] [INFO] [1790949741.590241097] [planner_server]: Planning took 19 ms
[planner_server-4] [INFO] [1790949741.590701717] [planner_server]: Plan computed: 611 poses
[planner_server-4] [INFO] [1790949741.717465944] [planner_server]: Planning took 16 ms
[planner_server-4] [INFO] [1790949741.718210444] [planner_server]: Plan computed: 611 poses
[planner_server-4] [INFO] [1790949741.838280165] [planner_server]: Planning took 17 ms
[planner_server-4] [INFO] [1790949741.838623345] [planner_server]: Plan computed: 611 poses
[planner_server-4] [INFO] [1790949741.958400250] [planner_server]: Planning took 17 ms
[planner_server-4] [INFO] [1790949741.958807059] [planner_server]: Plan computed: 611 poses
[planner_server-4] [INFO] [1790949742.088518087] [planner_server]: Planning took 17 ms
[planner_server-4] [INFO] [1790949742.089035443] [planner_server]: Plan computed: 611 poses
[planner_server-4] [INFO] [1790949742.218009926] [planner_server]: Planning took 17 ms
[planner_server-4] [INFO] [1790949742.218517113] [planner_server]: Plan computed: 611 poses
[planner_server-4] [INFO] [1790949742.339059167] [planner_server]: Planning took 18 ms
[planner_server-4] [INFO] [1790949742.339402037] [planner_server]: Plan computed: 611 poses
[controller_node-5] [WARN] [1790949742.340349937] [controller_server]: path_copy succeeded.
[controller_node-5] [INFO] [1790949742.340759471] [controller_server]: Computed velocity commands: linear.x=-0.44, linear.y=-0.70, angular.z=0.00
[planner_server-4] [INFO] [1790949742.468575844] [planner_server]: Planning took 17 ms
[planner_server-4] [INFO] [1790949742.469019852] [planner_server]: Plan computed: 611 poses
[planner_server-4] [INFO] [1790949742.600849230] [planner_server]: Planning took 18 ms
[planner_server-4] [INFO] [1790949742.601289973] [planner_server]: Plan computed: 611 poses
[planner_server-4] [INFO] [1790949742.729382069] [planner_server]: Planning took 18 ms
[planner_server-4] [INFO] [1790949742.729987610] [planner_server]: Plan computed: 611 poses
[planner_server-4] [INFO] [1790949742.860665178] [planner_server]: Planning took 17 ms
[planner_server-4] [INFO] [1790949742.861195978] [planner_server]: Plan computed: 611 poses
[planner_server-4] [INFO] [1790949742.988022182] [planner_server]: Planning took 17 ms
[planner_server-4] [INFO] [1790949742.988375462] [planner_server]: Plan computed: 611 poses
[planner_server-4] [INFO] [1790949743.108976643] [planner_server]: Planning took 17 ms
[planner_server-4] [INFO] [1790949743.109329216] [planner_server]: Plan computed: 611 poses
[planner_server-4] [INFO] [1790949743.238014421] [planner_server]: Planning took 17 ms
[planner_server-4] [INFO] [1790949743.238367891] [planner_server]: Plan computed: 611 poses
[planner_server-4] [INFO] [1790949743.358985738] [planner_server]: Planning took 17 ms
[planner_server-4] [INFO] [1790949743.359322828] [planner_server]: Plan computed: 611 poses
[planner_server-4] [INFO] [1790949743.480762209] [planner_server]: Planning took 17 ms
[planner_server-4] [INFO] [1790949743.481308809] [planner_server]: Plan computed: 611 poses
[planner_server-4] [INFO] [1790949743.607607750] [planner_server]: Planning took 16 ms
[planner_server-4] [INFO] [1790949743.607991476] [planner_server]: Plan computed: 611 poses
[planner_server-4] [INFO] [1790949743.728536098] [planner_server]: Planning took 17 ms
[planner_server-4] [INFO] [1790949743.728847268] [planner_server]: Plan computed: 611 poses
[planner_server-4] [INFO] [1790949743.849069988] [planner_server]: Planning took 17 ms
[planner_server-4] [INFO] [1790949743.849493168] [planner_server]: Plan computed: 611 poses
[planner_server-4] [INFO] [1790949743.978066075] [planner_server]: Planning took 17 ms
[planner_server-4] [INFO] [1790949743.978482201] [planner_server]: Plan computed: 611 poses
[planner_server-4] [INFO] [1790949744.108474809] [planner_server]: Planning took 17 ms
[planner_server-4] [INFO] [1790949744.109037048] [planner_server]: Plan computed: 611 poses
[planner_server-4] [INFO] [1790949744.238210107] [planner_server]: Planning took 17 ms
[planner_server-4] [INFO] [1790949744.238553458] [planner_server]: Plan computed: 611 poses
[controller_node-5] [WARN] [1790949744.360445736] [controller_server]: path_copy succeeded.
[controller_node-5] [INFO] [1790949744.360572823] [controller_server]: Computed velocity commands: linear.x=-0.83, linear.y=0.10, angular.z=0.00
[planner_server-4] [INFO] [1790949744.367900911] [planner_server]: Planning took 17 ms
[planner_server-4] [INFO] [1790949744.368191634] [planner_server]: Plan computed: 611 poses
[planner_server-4] [INFO] [1790949744.488195177] [planner_server]: Planning took 17 ms
[planner_server-4] [INFO] [1790949744.488841233] [planner_server]: Plan computed: 611 poses
[planner_server-4] [INFO] [1790949744.619486484] [planner_server]: Planning took 18 ms
[planner_server-4] [INFO] [1790949744.620043324] [planner_server]: Plan computed: 611 poses
[planner_server-4] [INFO] [1790949744.748513009] [planner_server]: Planning took 17 ms
[planner_server-4] [INFO] [1790949744.748868583] [planner_server]: Plan computed: 611 poses
[planner_server-4] [INFO] [1790949744.878893686] [planner_server]: Planning took 17 ms
[planner_server-4] [INFO] [1790949744.879423986] [planner_server]: Plan computed: 611 poses
[planner_server-4] [INFO] [1790949745.009461162] [planner_server]: Planning took 18 ms
[planner_server-4] [INFO] [1790949745.010020336] [planner_server]: Plan computed: 611 poses
[planner_server-4] [INFO] [1790949745.137908893] [planner_server]: Planning took 16 ms
[planner_server-4] [INFO] [1790949745.140379365] [planner_server]: Plan computed: 611 poses
[planner_server-4] [INFO] [1790949745.269693989] [planner_server]: Planning took 17 ms
[planner_server-4] [INFO] [1790949745.270138378] [planner_server]: Plan computed: 611 poses
[planner_server-4] [INFO] [1790949745.401177361] [planner_server]: Planning took 18 ms
[planner_server-4] [INFO] [1790949745.401525831] [planner_server]: Plan computed: 611 poses
[planner_server-4] [INFO] [1790949745.528888742] [planner_server]: Planning took 18 ms
[planner_server-4] [INFO] [1790949745.529297886] [planner_server]: Plan computed: 611 poses
[planner_server-4] [INFO] [1790949745.659265624] [planner_server]: Planning took 17 ms
[planner_server-4] [INFO] [1790949745.661554732] [planner_server]: Plan computed: 611 poses
[planner_server-4] [INFO] [1790949745.789593415] [planner_server]: Planning took 18 ms
[planner_server-4] [INFO] [1790949745.790073962] [planner_server]: Plan computed: 611 poses
[planner_server-4] [INFO] [1790949745.918738901] [planner_server]: Planning took 18 ms
[planner_server-4] [INFO] [1790949745.919301952] [planner_server]: Plan computed: 611 poses
[planner_server-4] [INFO] [1790949746.051293937] [planner_server]: Planning took 20 ms
[planner_server-4] [INFO] [1790949746.051744809] [planner_server]: Plan computed: 611 poses
[planner_server-4] [INFO] [1790949746.177515450] [planner_server]: Planning took 16 ms
[planner_server-4] [INFO] [1790949746.178842357] [planner_server]: Plan computed: 611 poses
[planner_server-4] [INFO] [1790949746.300005197] [planner_server]: Planning took 17 ms
[planner_server-4] [INFO] [1790949746.300539174] [planner_server]: Plan computed: 611 poses
[controller_node-5] [INFO] [1790949746.360601164] [controller_server]: Computed velocity commands: linear.x=-0.26, linear.y=0.79, angular.z=0.00
[controller_node-5] [WARN] [1790949746.379810630] [controller_server]: path_copy succeeded.
[planner_server-4] [INFO] [1790949746.431604779] [planner_server]: Planning took 19 ms
[planner_server-4] [INFO] [1790949746.432304905] [planner_server]: Plan computed: 611 poses
[planner_server-4] [INFO] [1790949746.559119865] [planner_server]: Planning took 17 ms
[planner_server-4] [INFO] [1790949746.559536994] [planner_server]: Plan computed: 611 poses
[planner_server-4] [INFO] [1790949746.690942062] [planner_server]: Planning took 19 ms
[planner_server-4] [INFO] [1790949746.691493061] [planner_server]: Plan computed: 611 poses
[planner_server-4] [INFO] [1790949746.820271777] [planner_server]: Planning took 18 ms
[planner_server-4] [INFO] [1790949746.820857560] [planner_server]: Plan computed: 611 poses
[planner_server-4] [INFO] [1790949746.949296903] [planner_server]: Planning took 17 ms
[planner_server-4] [INFO] [1790949746.949748235] [planner_server]: Plan computed: 611 poses
[planner_server-4] [INFO] [1790949747.078788060] [planner_server]: Planning took 17 ms
[planner_server-4] [INFO] [1790949747.079340070] [planner_server]: Plan computed: 611 poses
[planner_server-4] [INFO] [1790949747.207674600] [planner_server]: Planning took 16 ms
[planner_server-4] [INFO] [1790949747.209338034] [planner_server]: Plan computed: 611 poses
[planner_server-4] [INFO] [1790949747.340578026] [planner_server]: Planning took 17 ms
[planner_server-4] [INFO] [1790949747.341059906] [planner_server]: Plan computed: 611 poses
[planner_server-4] [INFO] [1790949747.468103464] [planner_server]: Planning took 17 ms
[planner_server-4] [INFO] [1790949747.468651687] [planner_server]: Plan computed: 611 poses
[planner_server-4] [INFO] [1790949747.601089365] [planner_server]: Planning took 20 ms
[planner_server-4] [INFO] [1790949747.601406687] [planner_server]: Plan computed: 611 poses
[planner_server-4] [INFO] [1790949747.728646453] [planner_server]: Planning took 17 ms
[planner_server-4] [INFO] [1790949747.728938748] [planner_server]: Plan computed: 611 poses
[planner_server-4] [INFO] [1790949747.850822896] [planner_server]: Planning took 17 ms
[planner_server-4] [INFO] [1790949747.851194249] [planner_server]: Plan computed: 611 poses
[planner_server-4] [INFO] [1790949747.978151677] [planner_server]: Planning took 17 ms
[planner_server-4] [INFO] [1790949747.978445305] [planner_server]: Plan computed: 611 poses
[planner_server-4] [INFO] [1790949748.098366340] [planner_server]: Planning took 17 ms
[planner_server-4] [INFO] [1790949748.098898584] [planner_server]: Plan computed: 611 poses
[planner_server-4] [INFO] [1790949748.218732735] [planner_server]: Planning took 17 ms
[planner_server-4] [INFO] [1790949748.219413105] [planner_server]: Plan computed: 611 poses
[planner_server-4] [INFO] [1790949748.349913560] [planner_server]: Planning took 18 ms
[planner_server-4] [INFO] [1790949748.350319107] [planner_server]: Plan computed: 611 poses
[controller_node-5] [WARN] [1790949748.380474490] [controller_server]: path_copy succeeded.
[controller_node-5] [INFO] [1790949748.380683691] [controller_server]: Computed velocity commands: linear.x=0.61, linear.y=0.57, angular.z=0.00
[planner_server-4] [INFO] [1790949748.478326637] [planner_server]: Planning took 17 ms
[planner_server-4] [INFO] [1790949748.478702348] [planner_server]: Plan computed: 611 poses
[planner_server-4] [INFO] [1790949748.599293720] [planner_server]: Planning took 16 ms
[planner_server-4] [INFO] [1790949748.599630689] [planner_server]: Plan computed: 611 poses
[planner_server-4] [INFO] [1790949748.728728449] [planner_server]: Planning took 17 ms
[planner_server-4] [INFO] [1790949748.729192655] [planner_server]: Plan computed: 611 poses
[planner_server-4] [INFO] [1790949748.850226848] [planner_server]: Planning took 17 ms
[planner_server-4] [INFO] [1790949748.850578044] [planner_server]: Plan computed: 611 poses
[planner_server-4] [INFO] [1790949748.977502091] [planner_server]: Planning took 16 ms
[planner_server-4] [INFO] [1790949748.977741639] [planner_server]: Plan computed: 611 poses
[planner_server-4] [INFO] [1790949749.097466870] [planner_server]: Planning took 16 ms
[planner_server-4] [INFO] [1790949749.097818506] [planner_server]: Plan computed: 611 poses
[planner_server-4] [INFO] [1790949749.219940309] [planner_server]: Planning took 19 ms
[planner_server-4] [INFO] [1790949749.220413833] [planner_server]: Plan computed: 611 poses
[planner_server-4] [INFO] [1790949749.349166667] [planner_server]: Planning took 16 ms
[planner_server-4] [INFO] [1790949749.349536548] [planner_server]: Plan computed: 611 poses
[planner_server-4] [INFO] [1790949749.480626263] [planner_server]: Planning took 19 ms
[planner_server-4] [INFO] [1790949749.481138710] [planner_server]: Plan computed: 611 poses
[planner_server-4] [INFO] [1790949749.611141817] [planner_server]: Planning took 17 ms
[planner_server-4] [INFO] [1790949749.611528078] [planner_server]: Plan computed: 611 poses
[planner_server-4] [INFO] [1790949749.738797351] [planner_server]: Planning took 17 ms
[planner_server-4] [INFO] [1790949749.739136344] [planner_server]: Plan computed: 611 poses
[planner_server-4] [INFO] [1790949749.868849911] [planner_server]: Planning took 17 ms
[planner_server-4] [INFO] [1790949749.869326711] [planner_server]: Plan computed: 611 poses
[planner_server-4] [INFO] [1790949750.002519712] [planner_server]: Planning took 18 ms
[planner_server-4] [INFO] [1790949750.004269328] [planner_server]: Plan computed: 611 poses
[planner_server-4] [INFO] [1790949750.129461155] [planner_server]: Planning took 18 ms
[planner_server-4] [INFO] [1790949750.129860070] [planner_server]: Plan computed: 611 poses
[planner_server-4] [INFO] [1790949750.257722222] [planner_server]: Planning took 17 ms
[planner_server-4] [INFO] [1790949750.258275986] [planner_server]: Plan computed: 611 poses
[planner_server-4] [INFO] [1790949750.380744320] [planner_server]: Planning took 18 ms
[planner_server-4] [INFO] [1790949750.381305217] [planner_server]: Plan computed: 611 poses
[controller_node-5] [WARN] [1790949750.399249523] [controller_server]: path_copy succeeded.
[controller_node-5] [INFO] [1790949750.399461128] [controller_server]: Computed velocity commands: linear.x=0.75, linear.y=-0.36, angular.z=0.00
[planner_server-4] [INFO] [1790949750.507999349] [planner_server]: Planning took 16 ms
[planner_server-4] [INFO] [1790949750.508379168] [planner_server]: Plan computed: 611 poses
[planner_server-4] [INFO] [1790949750.640116428] [planner_server]: Planning took 19 ms
[planner_server-4] [INFO] [1790949750.640483914] [planner_server]: Plan computed: 611 poses
[planner_server-4] [INFO] [1790949750.767664659] [planner_server]: Planning took 16 ms
[planner_server-4] [INFO] [1790949750.767989215] [planner_server]: Plan computed: 611 poses
[planner_server-4] [INFO] [1790949750.888268212] [planner_server]: Planning took 17 ms
[planner_server-4] [INFO] [1790949750.888613156] [planner_server]: Plan computed: 611 poses
[planner_server-4] [INFO] [1790949751.009341041] [planner_server]: Planning took 17 ms
[planner_server-4] [INFO] [1790949751.009756737] [planner_server]: Plan computed: 611 poses
[planner_server-4] [INFO] [1790949751.139500924] [planner_server]: Planning took 17 ms
[planner_server-4] [INFO] [1790949751.139908265] [planner_server]: Plan computed: 611 poses
[planner_server-4] [INFO] [1790949751.260605835] [planner_server]: Planning took 16 ms
[planner_server-4] [INFO] [1790949751.261184936] [planner_server]: Plan computed: 611 poses
[planner_server-4] [INFO] [1790949751.388444164] [planner_server]: Planning took 17 ms
[planner_server-4] [INFO] [1790949751.388974494] [planner_server]: Plan computed: 611 poses
[planner_server-4] [INFO] [1790949751.519262917] [planner_server]: Planning took 18 ms
[planner_server-4] [INFO] [1790949751.519690415] [planner_server]: Plan computed: 611 poses
[planner_server-4] [INFO] [1790949751.640327137] [planner_server]: Planning took 17 ms
[planner_server-4] [INFO] [1790949751.640629672] [planner_server]: Plan computed: 611 poses
[planner_server-4] [INFO] [1790949751.758899856] [planner_server]: Planning took 17 ms
[planner_server-4] [INFO] [1790949751.759194295] [planner_server]: Plan computed: 611 poses
[planner_server-4] [INFO] [1790949751.880104513] [planner_server]: Planning took 18 ms
[planner_server-4] [INFO] [1790949751.880435110] [planner_server]: Plan computed: 611 poses
[planner_server-4] [INFO] [1790949752.009014443] [planner_server]: Planning took 18 ms
[planner_server-4] [INFO] [1790949752.009535896] [planner_server]: Plan computed: 611 poses
[planner_server-4] [INFO] [1790949752.138399151] [planner_server]: Planning took 16 ms
[planner_server-4] [INFO] [1790949752.138818544] [planner_server]: Plan computed: 611 poses
[planner_server-4] [INFO] [1790949752.258703574] [planner_server]: Planning took 17 ms
[planner_server-4] [INFO] [1790949752.259160717] [planner_server]: Plan computed: 611 poses
[planner_server-4] [INFO] [1790949752.388493343] [planner_server]: Planning took 17 ms
[planner_server-4] [INFO] [1790949752.388954855] [planner_server]: Plan computed: 611 poses
[controller_node-5] [WARN] [1790949752.399416823] [controller_server]: path_copy succeeded.
[controller_node-5] [INFO] [1790949752.399677570] [controller_server]: Computed velocity commands: linear.x=-0.06, linear.y=-0.83, angular.z=0.00
[planner_server-4] [INFO] [1790949752.517965614] [planner_server]: Planning took 17 ms
[planner_server-4] [INFO] [1790949752.518242181] [planner_server]: Plan computed: 611 poses
[planner_server-4] [INFO] [1790949752.638713601] [planner_server]: Planning took 17 ms
[planner_server-4] [INFO] [1790949752.639354026] [planner_server]: Plan computed: 611 poses
[planner_server-4] [INFO] [1790949752.769115277] [planner_server]: Planning took 17 ms
[planner_server-4] [INFO] [1790949752.769551331] [planner_server]: Plan computed: 611 poses
[planner_server-4] [INFO] [1790949752.897912318] [planner_server]: Planning took 16 ms
[planner_server-4] [INFO] [1790949752.898346178] [planner_server]: Plan computed: 611 poses
[planner_server-4] [INFO] [1790949753.017715686] [planner_server]: Planning took 16 ms
[planner_server-4] [INFO] [1790949753.018437043] [planner_server]: Plan computed: 611 poses
[planner_server-4] [INFO] [1790949753.139307073] [planner_server]: Planning took 17 ms
[planner_server-4] [INFO] [1790949753.139857471] [planner_server]: Plan computed: 611 poses
[planner_server-4] [INFO] [1790949753.268195997] [planner_server]: Planning took 17 ms
[planner_server-4] [INFO] [1790949753.268698315] [planner_server]: Plan computed: 611 poses
[planner_server-4] [INFO] [1790949753.387972882] [planner_server]: Planning took 16 ms
[planner_server-4] [INFO] [1790949753.388391423] [planner_server]: Plan computed: 611 poses
[planner_server-4] [INFO] [1790949753.519030613] [planner_server]: Planning took 17 ms
[planner_server-4] [INFO] [1790949753.519451769] [planner_server]: Plan computed: 611 poses
[planner_server-4] [INFO] [1790949753.649861965] [planner_server]: Planning took 18 ms
[planner_server-4] [INFO] [1790949753.650255379] [planner_server]: Plan computed: 611 poses
[planner_server-4] [INFO] [1790949753.778658627] [planner_server]: Planning took 17 ms
[planner_server-4] [INFO] [1790949753.779194418] [planner_server]: Plan computed: 611 poses
[planner_server-4] [INFO] [1790949753.898518677] [planner_server]: Planning took 16 ms
[planner_server-4] [INFO] [1790949753.899087409] [planner_server]: Plan computed: 611 poses
[planner_server-4] [INFO] [1790949754.018297677] [planner_server]: Planning took 17 ms
[planner_server-4] [INFO] [1790949754.018602075] [planner_server]: Plan computed: 611 poses
[planner_server-4] [INFO] [1790949754.139697323] [planner_server]: Planning took 18 ms
[planner_server-4] [INFO] [1790949754.140146131] [planner_server]: Plan computed: 611 poses
[planner_server-4] [INFO] [1790949754.268953645] [planner_server]: Planning took 18 ms
[planner_server-4] [INFO] [1790949754.269252633] [planner_server]: Plan computed: 611 poses
[planner_server-4] [INFO] [1790949754.398323068] [planner_server]: Planning took 17 ms
[planner_server-4] [INFO] [1790949754.398707436] [planner_server]: Plan computed: 611 poses
[controller_node-5] [WARN] [1790949754.419345421] [controller_server]: path_copy succeeded.
[controller_node-5] [INFO] [1790949754.419621586] [controller_server]: Computed velocity commands: linear.x=-0.80, linear.y=-0.24, angular.z=0.00
[planner_server-4] [INFO] [1790949754.519514736] [planner_server]: Planning took 18 ms
[planner_server-4] [INFO] [1790949754.519881410] [planner_server]: Plan computed: 611 poses
[planner_server-4] [INFO] [1790949754.648391790] [planner_server]: Planning took 17 ms
[planner_server-4] [INFO] [1790949754.648880292] [planner_server]: Plan computed: 611 poses
[planner_server-4] [INFO] [1790949754.777485644] [planner_server]: Planning took 16 ms
[planner_server-4] [INFO] [1790949754.778071848] [planner_server]: Plan computed: 611 poses
[planner_server-4] [INFO] [1790949754.897664055] [planner_server]: Planning took 16 ms
[planner_server-4] [INFO] [1790949754.898191981] [planner_server]: Plan computed: 611 poses
[planner_server-4] [INFO] [1790949755.019590866] [planner_server]: Planning took 16 ms
[planner_server-4] [INFO] [1790949755.020161942] [planner_server]: Plan computed: 611 poses
[planner_server-4] [INFO] [1790949755.148128699] [planner_server]: Planning took 17 ms
[planner_server-4] [INFO] [1790949755.148592502] [planner_server]: Plan computed: 611 poses
[planner_server-4] [INFO] [1790949755.280510698] [planner_server]: Planning took 18 ms
[planner_server-4] [INFO] [1790949755.281215914] [planner_server]: Plan computed: 611 poses
[planner_server-4] [INFO] [1790949755.412427956] [planner_server]: Planning took 21 ms
[planner_server-4] [INFO] [1790949755.412847740] [planner_server]: Plan computed: 611 poses
[planner_server-4] [INFO] [1790949755.539198931] [planner_server]: Planning took 18 ms
[planner_server-4] [INFO] [1790949755.539564734] [planner_server]: Plan computed: 611 poses
[planner_server-4] [INFO] [1790949755.669442140] [planner_server]: Planning took 17 ms
[planner_server-4] [INFO] [1790949755.669871011] [planner_server]: Plan computed: 611 poses
[planner_server-4] [INFO] [1790949755.798400868] [planner_server]: Planning took 17 ms
[planner_server-4] [INFO] [1790949755.798731084] [planner_server]: Plan computed: 611 poses
[planner_server-4] [INFO] [1790949755.928421348] [planner_server]: Planning took 17 ms
[planner_server-4] [INFO] [1790949755.929075609] [planner_server]: Plan computed: 611 poses
[planner_server-4] [INFO] [1790949756.051073434] [planner_server]: Planning took 17 ms
[planner_server-4] [INFO] [1790949756.051596501] [planner_server]: Plan computed: 611 poses
[planner_server-4] [INFO] [1790949756.179936135] [planner_server]: Planning took 18 ms
[planner_server-4] [INFO] [1790949756.180378892] [planner_server]: Plan computed: 611 poses
[planner_server-4] [INFO] [1790949756.309345918] [planner_server]: Planning took 18 ms
[planner_server-4] [INFO] [1790949756.309641750] [planner_server]: Plan computed: 611 poses
[controller_node-5] [WARN] [1790949756.419369712] [controller_server]: path_copy succeeded.
[planner_server-4] [INFO] [1790949756.433465485] [planner_server]: Planning took 20 ms
[planner_server-4] [INFO] [1790949756.433877905] [planner_server]: Plan computed: 611 poses
[controller_node-5] [INFO] [1790949756.439013211] [controller_server]: Computed velocity commands: linear.x=-0.56, linear.y=0.62, angular.z=0.00
[planner_server-4] [INFO] [1790949756.558606369] [planner_server]: Planning took 17 ms
[planner_server-4] [INFO] [1790949756.558951323] [planner_server]: Plan computed: 611 poses
[planner_server-4] [INFO] [1790949756.690810995] [planner_server]: Planning took 19 ms
[planner_server-4] [INFO] [1790949756.692117586] [planner_server]: Plan computed: 611 poses
[planner_server-4] [INFO] [1790949756.818879505] [planner_server]: Planning took 17 ms
[planner_server-4] [INFO] [1790949756.819319246] [planner_server]: Plan computed: 611 poses
[planner_server-4] [INFO] [1790949756.949577843] [planner_server]: Planning took 18 ms
[planner_server-4] [INFO] [1790949756.949822580] [planner_server]: Plan computed: 611 poses
[planner_server-4] [INFO] [1790949757.078544018] [planner_server]: Planning took 16 ms
[planner_server-4] [INFO] [1790949757.079287937] [planner_server]: Plan computed: 611 poses
[planner_server-4] [INFO] [1790949757.211559663] [planner_server]: Planning took 19 ms
[planner_server-4] [INFO] [1790949757.212155635] [planner_server]: Plan computed: 611 poses
[planner_server-4] [INFO] [1790949757.337855775] [planner_server]: Planning took 16 ms
[planner_server-4] [INFO] [1790949757.338189698] [planner_server]: Plan computed: 611 poses
[planner_server-4] [INFO] [1790949757.457737232] [planner_server]: Planning took 16 ms
[planner_server-4] [INFO] [1790949757.458292709] [planner_server]: Plan computed: 611 poses
[planner_server-4] [INFO] [1790949757.578735659] [planner_server]: Planning took 17 ms
[planner_server-4] [INFO] [1790949757.579443150] [planner_server]: Plan computed: 611 poses
[planner_server-4] [INFO] [1790949757.708163752] [planner_server]: Planning took 17 ms
[planner_server-4] [INFO] [1790949757.708445718] [planner_server]: Plan computed: 611 poses
[planner_server-4] [INFO] [1790949757.839668757] [planner_server]: Planning took 18 ms
[planner_server-4] [INFO] [1790949757.840005356] [planner_server]: Plan computed: 611 poses
[planner_server-4] [INFO] [1790949757.971282075] [planner_server]: Planning took 17 ms
[planner_server-4] [INFO] [1790949757.971594277] [planner_server]: Plan computed: 611 poses
[planner_server-4] [INFO] [1790949758.098635729] [planner_server]: Planning took 18 ms
[planner_server-4] [INFO] [1790949758.099242372] [planner_server]: Plan computed: 611 poses
[planner_server-4] [INFO] [1790949758.228184938] [planner_server]: Planning took 17 ms
[planner_server-4] [INFO] [1790949758.228854888] [planner_server]: Plan computed: 611 poses
[planner_server-4] [INFO] [1790949758.349230099] [planner_server]: Planning took 17 ms
[planner_server-4] [INFO] [1790949758.349715816] [planner_server]: Plan computed: 611 poses
[controller_node-5] [WARN] [1790949758.438738269] [controller_server]: path_copy succeeded.
[controller_node-5] [INFO] [1790949758.459014815] [controller_server]: Computed velocity commands: linear.x=0.42, linear.y=0.72, angular.z=0.00
[planner_server-4] [INFO] [1790949758.478110927] [planner_server]: Planning took 17 ms
[planner_server-4] [INFO] [1790949758.478445352] [planner_server]: Plan computed: 611 poses
[planner_server-4] [INFO] [1790949758.599786426] [planner_server]: Planning took 18 ms
[planner_server-4] [INFO] [1790949758.600270850] [planner_server]: Plan computed: 611 poses
[planner_server-4] [INFO] [1790949758.728698753] [planner_server]: Planning took 17 ms
[planner_server-4] [INFO] [1790949758.729102727] [planner_server]: Plan computed: 611 poses
[planner_server-4] [INFO] [1790949758.863573806] [planner_server]: Planning took 18 ms
[planner_server-4] [INFO] [1790949758.864169984] [planner_server]: Plan computed: 611 poses
[planner_server-4] [INFO] [1790949758.990380127] [planner_server]: Planning took 19 ms
[planner_server-4] [INFO] [1790949758.990956784] [planner_server]: Plan computed: 611 poses
[planner_server-4] [INFO] [1790949759.120152581] [planner_server]: Planning took 19 ms
[planner_server-4] [INFO] [1790949759.120458502] [planner_server]: Plan computed: 611 poses
[planner_server-4] [INFO] [1790949759.249083804] [planner_server]: Planning took 17 ms
[planner_server-4] [INFO] [1790949759.249374798] [planner_server]: Plan computed: 611 poses
[planner_server-4] [INFO] [1790949759.379487958] [planner_server]: Planning took 18 ms
[planner_server-4] [INFO] [1790949759.380483276] [planner_server]: Plan computed: 611 poses
[planner_server-4] [INFO] [1790949759.509572224] [planner_server]: Planning took 16 ms
[planner_server-4] [INFO] [1790949759.510104087] [planner_server]: Plan computed: 611 poses
[planner_server-4] [INFO] [1790949759.637975803] [planner_server]: Planning took 17 ms
[planner_server-4] [INFO] [1790949759.638696358] [planner_server]: Plan computed: 611 poses
[planner_server-4] [INFO] [1790949759.768254152] [planner_server]: Planning took 17 ms
[planner_server-4] [INFO] [1790949759.768618021] [planner_server]: Plan computed: 611 poses
[planner_server-4] [INFO] [1790949759.899037774] [planner_server]: Planning took 16 ms
[planner_server-4] [INFO] [1790949759.899401543] [planner_server]: Plan computed: 611 poses
[planner_server-4] [INFO] [1790949760.029918659] [planner_server]: Planning took 18 ms
[planner_server-4] [INFO] [1790949760.030497159] [planner_server]: Plan computed: 611 poses
[planner_server-4] [INFO] [1790949760.159969004] [planner_server]: Planning took 17 ms
[planner_server-4] [INFO] [1790949760.160533738] [planner_server]: Plan computed: 611 poses
[planner_server-4] [INFO] [1790949760.288990177] [planner_server]: Planning took 17 ms
[planner_server-4] [INFO] [1790949760.289295497] [planner_server]: Plan computed: 611 poses
[planner_server-4] [INFO] [1790949760.420907628] [planner_server]: Planning took 18 ms
[planner_server-4] [INFO] [1790949760.421406489] [planner_server]: Plan computed: 611 poses
[controller_node-5] [WARN] [1790949760.439373750] [controller_server]: path_copy succeeded.
[controller_node-5] [INFO] [1790949760.459304156] [controller_server]: Computed velocity commands: linear.x=0.82, linear.y=-0.14, angular.z=0.00
[planner_server-4] [INFO] [1790949760.549420974] [planner_server]: Planning took 18 ms
[planner_server-4] [INFO] [1790949760.549813817] [planner_server]: Plan computed: 611 poses
[planner_server-4] [INFO] [1790949760.679184047] [planner_server]: Planning took 17 ms
[planner_server-4] [INFO] [1790949760.679532658] [planner_server]: Plan computed: 611 poses
[planner_server-4] [INFO] [1790949760.811421249] [planner_server]: Planning took 20 ms
[planner_server-4] [INFO] [1790949760.811771062] [planner_server]: Plan computed: 611 poses
[planner_server-4] [INFO] [1790949760.939071785] [planner_server]: Planning took 17 ms
[planner_server-4] [INFO] [1790949760.939433560] [planner_server]: Plan computed: 611 poses
[planner_server-4] [INFO] [1790949761.067647598] [planner_server]: Planning took 16 ms
[planner_server-4] [INFO] [1790949761.068181515] [planner_server]: Plan computed: 611 poses
[planner_server-4] [INFO] [1790949761.188918455] [planner_server]: Planning took 18 ms
[planner_server-4] [INFO] [1790949761.189482007] [planner_server]: Plan computed: 611 poses
[planner_server-4] [INFO] [1790949761.319405127] [planner_server]: Planning took 17 ms
[planner_server-4] [INFO] [1790949761.319776680] [planner_server]: Plan computed: 611 poses
[planner_server-4] [INFO] [1790949761.439812647] [planner_server]: Planning took 18 ms
[planner_server-4] [INFO] [1790949761.440400645] [planner_server]: Plan computed: 611 poses
[planner_server-4] [INFO] [1790949761.559544186] [planner_server]: Planning took 17 ms
[planner_server-4] [INFO] [1790949761.559860557] [planner_server]: Plan computed: 611 poses
[planner_server-4] [INFO] [1790949761.688604975] [planner_server]: Planning took 17 ms
[planner_server-4] [INFO] [1790949761.689140725] [planner_server]: Plan computed: 611 poses
[planner_server-4] [INFO] [1790949761.818597969] [planner_server]: Planning took 17 ms
[planner_server-4] [INFO] [1790949761.819287056] [planner_server]: Plan computed: 611 poses
[planner_server-4] [INFO] [1790949761.940630143] [planner_server]: Planning took 18 ms
[planner_server-4] [INFO] [1790949761.941131880] [planner_server]: Plan computed: 611 poses
[planner_server-4] [INFO] [1790949762.067066033] [planner_server]: Planning took 16 ms
[planner_server-4] [INFO] [1790949762.067395208] [planner_server]: Plan computed: 611 poses
[planner_server-4] [INFO] [1790949762.187413188] [planner_server]: Planning took 16 ms
[planner_server-4] [INFO] [1790949762.187775675] [planner_server]: Plan computed: 611 poses
[planner_server-4] [INFO] [1790949762.308840159] [planner_server]: Planning took 17 ms
[planner_server-4] [INFO] [1790949762.309409160] [planner_server]: Plan computed: 611 poses
[planner_server-4] [INFO] [1790949762.441226648] [planner_server]: Planning took 17 ms
[planner_server-4] [INFO] [1790949762.441428234] [planner_server]: Plan computed: 611 poses
[controller_node-5] [WARN] [1790949762.459009856] [controller_server]: path_copy succeeded.
[controller_node-5] [INFO] [1790949762.478884979] [controller_server]: Computed velocity commands: linear.x=0.09, linear.y=-0.83, angular.z=0.00
[planner_server-4] [INFO] [1790949762.571161983] [planner_server]: Planning took 17 ms
[planner_server-4] [INFO] [1790949762.571555638] [planner_server]: Plan computed: 611 poses
[planner_server-4] [INFO] [1790949762.698257495] [planner_server]: Planning took 17 ms
[planner_server-4] [INFO] [1790949762.698681817] [planner_server]: Plan computed: 611 poses
[planner_server-4] [INFO] [1790949762.820209155] [planner_server]: Planning took 19 ms
[planner_server-4] [INFO] [1790949762.820486443] [planner_server]: Plan computed: 611 poses
[planner_server-4] [INFO] [1790949762.948367021] [planner_server]: Planning took 17 ms
[planner_server-4] [INFO] [1790949762.948625363] [planner_server]: Plan computed: 611 poses
[planner_server-4] [INFO] [1790949763.071331568] [planner_server]: Planning took 17 ms
[planner_server-4] [INFO] [1790949763.071838785] [planner_server]: Plan computed: 611 poses
[planner_server-4] [INFO] [1790949763.198776440] [planner_server]: Planning took 18 ms
[planner_server-4] [INFO] [1790949763.199353918] [planner_server]: Plan computed: 611 poses
[planner_server-4] [INFO] [1790949763.328349369] [planner_server]: Planning took 17 ms
[planner_server-4] [INFO] [1790949763.329215726] [planner_server]: Plan computed: 611 poses
[planner_server-4] [INFO] [1790949763.449841803] [planner_server]: Planning took 17 ms
[planner_server-4] [INFO] [1790949763.450488681] [planner_server]: Plan computed: 611 poses
[planner_server-4] [INFO] [1790949763.580376317] [planner_server]: Planning took 19 ms
[planner_server-4] [INFO] [1790949763.581055435] [planner_server]: Plan computed: 611 poses
[planner_server-4] [INFO] [1790949763.708475896] [planner_server]: Planning took 16 ms
[planner_server-4] [INFO] [1790949763.709019772] [planner_server]: Plan computed: 611 poses
[planner_server-4] [INFO] [1790949763.831144487] [planner_server]: Planning took 18 ms
[planner_server-4] [INFO] [1790949763.831452632] [planner_server]: Plan computed: 611 poses
[planner_server-4] [INFO] [1790949763.957755843] [planner_server]: Planning took 16 ms
[planner_server-4] [INFO] [1790949763.958435752] [planner_server]: Plan computed: 611 poses
[planner_server-4] [INFO] [1790949764.078901802] [planner_server]: Planning took 18 ms
[planner_server-4] [INFO] [1790949764.079308341] [planner_server]: Plan computed: 611 poses
[planner_server-4] [INFO] [1790949764.211092555] [planner_server]: Planning took 18 ms
[planner_server-4] [INFO] [1790949764.211548105] [planner_server]: Plan computed: 611 poses
[planner_server-4] [INFO] [1790949764.340401884] [planner_server]: Planning took 18 ms
[planner_server-4] [INFO] [1790949764.340746538] [planner_server]: Plan computed: 611 poses
[controller_node-5] [WARN] [1790949764.459244023] [controller_server]: path_copy succeeded.
[planner_server-4] [INFO] [1790949764.469272525] [planner_server]: Planning took 18 ms
[planner_server-4] [INFO] [1790949764.469612780] [planner_server]: Plan computed: 611 poses
[controller_node-5] [INFO] [1790949764.479117543] [controller_server]: Computed velocity commands: linear.x=-0.80, linear.y=-0.23, angular.z=0.00
[planner_server-4] [INFO] [1790949764.588947858] [planner_server]: Planning took 17 ms
[planner_server-4] [INFO] [1790949764.589415832] [planner_server]: Plan computed: 611 poses
[planner_server-4] [INFO] [1790949764.709343848] [planner_server]: Planning took 17 ms
[planner_server-4] [INFO] [1790949764.709844032] [planner_server]: Plan computed: 611 poses
[planner_server-4] [INFO] [1790949764.839592219] [planner_server]: Planning took 18 ms
[planner_server-4] [INFO] [1790949764.840289160] [planner_server]: Plan computed: 611 poses
[planner_server-4] [INFO] [1790949764.970042138] [planner_server]: Planning took 17 ms
[planner_server-4] [INFO] [1790949764.970431144] [planner_server]: Plan computed: 611 poses
[planner_server-4] [INFO] [1790949765.099085853] [planner_server]: Planning took 17 ms
[planner_server-4] [INFO] [1790949765.099432450] [planner_server]: Plan computed: 611 poses
[planner_server-4] [INFO] [1790949765.228585454] [planner_server]: Planning took 17 ms
[planner_server-4] [INFO] [1790949765.228958100] [planner_server]: Plan computed: 611 poses
[planner_server-4] [INFO] [1790949765.350012445] [planner_server]: Planning took 18 ms
[planner_server-4] [INFO] [1790949765.350483223] [planner_server]: Plan computed: 611 poses
[planner_server-4] [INFO] [1790949765.481528375] [planner_server]: Planning took 18 ms
[planner_server-4] [INFO] [1790949765.482188858] [planner_server]: Plan computed: 611 poses
[planner_server-4] [INFO] [1790949765.610242211] [planner_server]: Planning took 18 ms
[planner_server-4] [INFO] [1790949765.610519178] [planner_server]: Plan computed: 611 poses
[planner_server-4] [INFO] [1790949765.738048298] [planner_server]: Planning took 16 ms
[planner_server-4] [INFO] [1790949765.738591572] [planner_server]: Plan computed: 611 poses
[planner_server-4] [INFO] [1790949765.858410456] [planner_server]: Planning took 17 ms
[planner_server-4] [INFO] [1790949765.858677435] [planner_server]: Plan computed: 611 poses
[planner_server-4] [INFO] [1790949765.978617614] [planner_server]: Planning took 16 ms
[planner_server-4] [INFO] [1790949765.979090467] [planner_server]: Plan computed: 611 poses
[planner_server-4] [INFO] [1790949766.099087795] [planner_server]: Planning took 17 ms
[planner_server-4] [INFO] [1790949766.099369992] [planner_server]: Plan computed: 611 poses
[planner_server-4] [INFO] [1790949766.221343916] [planner_server]: Planning took 17 ms
[planner_server-4] [INFO] [1790949766.222516550] [planner_server]: Plan computed: 611 poses
[planner_server-4] [INFO] [1790949766.348566107] [planner_server]: Planning took 17 ms
[planner_server-4] [INFO] [1790949766.348938863] [planner_server]: Plan computed: 611 poses
[controller_node-5] [WARN] [1790949766.459955705] [controller_server]: path_copy succeeded.
[planner_server-4] [INFO] [1790949766.469722809] [planner_server]: Planning took 19 ms
[planner_server-4] [INFO] [1790949766.470068995] [planner_server]: Plan computed: 611 poses
[controller_node-5] [INFO] [1790949766.479314255] [controller_server]: Computed velocity commands: linear.x=-0.46, linear.y=0.69, angular.z=0.00
[planner_server-4] [INFO] [1790949766.599947030] [planner_server]: Planning took 18 ms
[planner_server-4] [INFO] [1790949766.600396419] [planner_server]: Plan computed: 611 poses
[planner_server-4] [INFO] [1790949766.727623339] [planner_server]: Planning took 17 ms
[planner_server-4] [INFO] [1790949766.728280215] [planner_server]: Plan computed: 611 poses
[planner_server-4] [INFO] [1790949766.848238255] [planner_server]: Planning took 17 ms
[planner_server-4] [INFO] [1790949766.848586815] [planner_server]: Plan computed: 611 poses
[planner_server-4] [INFO] [1790949766.968854559] [planner_server]: Planning took 18 ms
[planner_server-4] [INFO] [1790949766.969245048] [planner_server]: Plan computed: 611 poses
[planner_server-4] [INFO] [1790949767.099710215] [planner_server]: Planning took 18 ms
[planner_server-4] [INFO] [1790949767.100354517] [planner_server]: Plan computed: 611 poses
[planner_server-4] [INFO] [1790949767.228816276] [planner_server]: Planning took 17 ms
[planner_server-4] [INFO] [1790949767.229379007] [planner_server]: Plan computed: 611 poses
[planner_server-4] [INFO] [1790949767.358178830] [planner_server]: Planning took 17 ms
[planner_server-4] [INFO] [1790949767.358675557] [planner_server]: Plan computed: 611 poses
[planner_server-4] [INFO] [1790949767.479480542] [planner_server]: Planning took 18 ms
[planner_server-4] [INFO] [1790949767.479867134] [planner_server]: Plan computed: 611 poses
[planner_server-4] [INFO] [1790949767.608724737] [planner_server]: Planning took 17 ms
[planner_server-4] [INFO] [1790949767.608921575] [planner_server]: Plan computed: 611 poses
[planner_server-4] [INFO] [1790949767.730702594] [planner_server]: Planning took 19 ms
[planner_server-4] [INFO] [1790949767.731644874] [planner_server]: Plan computed: 611 poses
[planner_server-4] [INFO] [1790949767.859407360] [planner_server]: Planning took 18 ms
[planner_server-4] [INFO] [1790949767.860311328] [planner_server]: Plan computed: 611 poses
[planner_server-4] [INFO] [1790949767.989312217] [planner_server]: Planning took 18 ms
[planner_server-4] [INFO] [1790949767.989666208] [planner_server]: Plan computed: 611 poses
[planner_server-4] [INFO] [1790949768.118681084] [planner_server]: Planning took 17 ms
[planner_server-4] [INFO] [1790949768.118986464] [planner_server]: Plan computed: 611 poses
[planner_server-4] [INFO] [1790949768.241648060] [planner_server]: Planning took 18 ms
[planner_server-4] [INFO] [1790949768.241957197] [planner_server]: Plan computed: 611 poses
[planner_server-4] [INFO] [1790949768.369159940] [planner_server]: Planning took 17 ms
[planner_server-4] [INFO] [1790949768.369561710] [planner_server]: Plan computed: 611 poses
[controller_node-5] [WARN] [1790949768.478738158] [controller_server]: path_copy succeeded.
[planner_server-4] [INFO] [1790949768.493810476] [planner_server]: Planning took 21 ms
[planner_server-4] [INFO] [1790949768.494292676] [planner_server]: Plan computed: 611 poses
[controller_node-5] [INFO] [1790949768.498959622] [controller_server]: Computed velocity commands: linear.x=0.55, linear.y=0.63, angular.z=0.00
[planner_server-4] [INFO] [1790949768.620130854] [planner_server]: Planning took 17 ms
[planner_server-4] [INFO] [1790949768.620540579] [planner_server]: Plan computed: 611 poses
[planner_server-4] [INFO] [1790949768.739997402] [planner_server]: Planning took 17 ms
[planner_server-4] [INFO] [1790949768.740457410] [planner_server]: Plan computed: 611 poses
[planner_server-4] [INFO] [1790949768.870442108] [planner_server]: Planning took 19 ms
[planner_server-4] [INFO] [1790949768.871114824] [planner_server]: Plan computed: 611 poses
[planner_server-4] [INFO] [1790949768.997481607] [planner_server]: Planning took 16 ms
[planner_server-4] [INFO] [1790949768.997754997] [planner_server]: Plan computed: 611 poses
[planner_server-4] [INFO] [1790949769.118301576] [planner_server]: Planning took 17 ms
[planner_server-4] [INFO] [1790949769.118756996] [planner_server]: Plan computed: 611 poses
[planner_server-4] [INFO] [1790949769.237780081] [planner_server]: Planning took 16 ms
[planner_server-4] [INFO] [1790949769.238320540] [planner_server]: Plan computed: 611 poses
[planner_server-4] [INFO] [1790949769.359010255] [planner_server]: Planning took 17 ms
[planner_server-4] [INFO] [1790949769.359349228] [planner_server]: Plan computed: 611 poses
[planner_server-4] [INFO] [1790949769.490608987] [planner_server]: Planning took 17 ms
[planner_server-4] [INFO] [1790949769.491181345] [planner_server]: Plan computed: 611 poses
[planner_server-4] [INFO] [1790949769.618566566] [planner_server]: Planning took 17 ms
[planner_server-4] [INFO] [1790949769.619078868] [planner_server]: Plan computed: 611 poses
[planner_server-4] [INFO] [1790949769.751043482] [planner_server]: Planning took 18 ms
[planner_server-4] [INFO] [1790949769.752022881] [planner_server]: Plan computed: 611 poses
[planner_server-4] [INFO] [1790949769.878718509] [planner_server]: Planning took 17 ms
[planner_server-4] [INFO] [1790949769.879174340] [planner_server]: Plan computed: 611 poses
[planner_server-4] [INFO] [1790949770.009564916] [planner_server]: Planning took 18 ms
[planner_server-4] [INFO] [1790949770.010248933] [planner_server]: Plan computed: 611 poses
[planner_server-4] [INFO] [1790949770.138237142] [planner_server]: Planning took 17 ms
[planner_server-4] [INFO] [1790949770.138538705] [planner_server]: Plan computed: 611 poses
[planner_server-4] [INFO] [1790949770.269278019] [planner_server]: Planning took 18 ms
[planner_server-4] [INFO] [1790949770.270009775] [planner_server]: Plan computed: 611 poses
[planner_server-4] [INFO] [1790949770.399340234] [planner_server]: Planning took 18 ms
[planner_server-4] [INFO] [1790949770.400817422] [planner_server]: Plan computed: 611 poses
[controller_node-5] [WARN] [1790949770.498842636] [controller_server]: path_copy succeeded.
[controller_node-5] [INFO] [1790949770.499090860] [controller_server]: Computed velocity commands: linear.x=0.77, linear.y=-0.31, angular.z=0.00
[planner_server-4] [INFO] [1790949770.530502363] [planner_server]: Planning took 19 ms
[planner_server-4] [INFO] [1790949770.531064753] [planner_server]: Plan computed: 611 poses
[planner_server-4] [INFO] [1790949770.661175368] [planner_server]: Planning took 18 ms
[planner_server-4] [INFO] [1790949770.661457645] [planner_server]: Plan computed: 611 poses
[planner_server-4] [INFO] [1790949770.789044216] [planner_server]: Planning took 18 ms
[planner_server-4] [INFO] [1790949770.789689671] [planner_server]: Plan computed: 611 poses
[planner_server-4] [INFO] [1790949770.917806006] [planner_server]: Planning took 16 ms
[planner_server-4] [INFO] [1790949770.918434359] [planner_server]: Plan computed: 611 poses
[planner_server-4] [INFO] [1790949771.048662003] [planner_server]: Planning took 16 ms
[planner_server-4] [INFO] [1790949771.049170633] [planner_server]: Plan computed: 611 poses
[planner_server-4] [INFO] [1790949771.177957529] [planner_server]: Planning took 17 ms
[planner_server-4] [INFO] [1790949771.178727185] [planner_server]: Plan computed: 611 poses
[planner_server-4] [INFO] [1790949771.298562158] [planner_server]: Planning took 17 ms
[planner_server-4] [INFO] [1790949771.298986651] [planner_server]: Plan computed: 611 poses
[planner_server-4] [INFO] [1790949771.421224150] [planner_server]: Planning took 18 ms
[planner_server-4] [INFO] [1790949771.421845971] [planner_server]: Plan computed: 611 poses
[planner_server-4] [INFO] [1790949771.550173539] [planner_server]: Planning took 18 ms
[planner_server-4] [INFO] [1790949771.550417264] [planner_server]: Plan computed: 611 poses
[planner_server-4] [INFO] [1790949771.679833996] [planner_server]: Planning took 18 ms
[planner_server-4] [INFO] [1790949771.680291550] [planner_server]: Plan computed: 611 poses
[planner_server-4] [INFO] [1790949771.809797368] [planner_server]: Planning took 18 ms
[planner_server-4] [INFO] [1790949771.810113909] [planner_server]: Plan computed: 611 poses
[planner_server-4] [INFO] [1790949771.938254468] [planner_server]: Planning took 17 ms
[planner_server-4] [INFO] [1790949771.938682037] [planner_server]: Plan computed: 611 poses
[planner_server-4] [INFO] [1790949772.058696526] [planner_server]: Planning took 17 ms
[planner_server-4] [INFO] [1790949772.059191119] [planner_server]: Plan computed: 611 poses
[planner_server-4] [INFO] [1790949772.179174912] [planner_server]: Planning took 18 ms
[planner_server-4] [INFO] [1790949772.179586821] [planner_server]: Plan computed: 611 poses
[planner_server-4] [INFO] [1790949772.309209970] [planner_server]: Planning took 17 ms
[planner_server-4] [INFO] [1790949772.309547530] [planner_server]: Plan computed: 611 poses
[planner_server-4] [INFO] [1790949772.430663357] [planner_server]: Planning took 17 ms
[planner_server-4] [INFO] [1790949772.431056982] [planner_server]: Plan computed: 611 poses
[controller_node-5] [WARN] [1790949772.518836741] [controller_server]: path_copy succeeded.
[controller_node-5] [INFO] [1790949772.519017018] [controller_server]: Computed velocity commands: linear.x=-0.04, linear.y=-0.83, angular.z=0.00
[planner_server-4] [INFO] [1790949772.558770465] [planner_server]: Planning took 17 ms
[planner_server-4] [INFO] [1790949772.559228821] [planner_server]: Plan computed: 611 poses
[planner_server-4] [INFO] [1790949772.689507434] [planner_server]: Planning took 18 ms
[planner_server-4] [INFO] [1790949772.689979024] [planner_server]: Plan computed: 611 poses
[planner_server-4] [INFO] [1790949772.817537949] [planner_server]: Planning took 16 ms
[planner_server-4] [INFO] [1790949772.817811931] [planner_server]: Plan computed: 611 poses
[planner_server-4] [INFO] [1790949772.937904176] [planner_server]: Planning took 17 ms
[planner_server-4] [INFO] [1790949772.938435408] [planner_server]: Plan computed: 611 poses
[planner_server-4] [INFO] [1790949773.058688996] [planner_server]: Planning took 18 ms
[planner_server-4] [INFO] [1790949773.059107246] [planner_server]: Plan computed: 611 poses
[planner_server-4] [INFO] [1790949773.180539926] [planner_server]: Planning took 19 ms
[planner_server-4] [INFO] [1790949773.180987772] [planner_server]: Plan computed: 611 poses
[planner_server-4] [INFO] [1790949773.309332275] [planner_server]: Planning took 17 ms
[planner_server-4] [INFO] [1790949773.309914101] [planner_server]: Plan computed: 611 poses
[planner_server-4] [INFO] [1790949773.437451618] [planner_server]: Planning took 17 ms
[planner_server-4] [INFO] [1790949773.437817181] [planner_server]: Plan computed: 611 poses
[planner_server-4] [INFO] [1790949773.560241992] [planner_server]: Planning took 19 ms
[planner_server-4] [INFO] [1790949773.560502098] [planner_server]: Plan computed: 611 poses
[planner_server-4] [INFO] [1790949773.691802029] [planner_server]: Planning took 18 ms
[planner_server-4] [INFO] [1790949773.692394315] [planner_server]: Plan computed: 611 poses
[planner_server-4] [INFO] [1790949773.818335813] [planner_server]: Planning took 17 ms
[planner_server-4] [INFO] [1790949773.818811531] [planner_server]: Plan computed: 611 poses
[planner_server-4] [INFO] [1790949773.948220031] [planner_server]: Planning took 17 ms
[planner_server-4] [INFO] [1790949773.948663539] [planner_server]: Plan computed: 611 poses
[planner_server-4] [INFO] [1790949774.069404768] [planner_server]: Planning took 17 ms
[planner_server-4] [INFO] [1790949774.070056805] [planner_server]: Plan computed: 611 poses
[planner_server-4] [INFO] [1790949774.191235012] [planner_server]: Planning took 18 ms
[planner_server-4] [INFO] [1790949774.191475641] [planner_server]: Plan computed: 611 poses
[planner_server-4] [INFO] [1790949774.317931290] [planner_server]: Planning took 17 ms
[planner_server-4] [INFO] [1790949774.318355271] [planner_server]: Plan computed: 611 poses
[planner_server-4] [INFO] [1790949774.441032266] [planner_server]: Planning took 20 ms
[planner_server-4] [INFO] [1790949774.441416032] [planner_server]: Plan computed: 611 poses
[controller_node-5] [WARN] [1790949774.538894582] [controller_server]: path_copy succeeded.
[controller_node-5] [INFO] [1790949774.539085468] [controller_server]: Computed velocity commands: linear.x=-0.80, linear.y=-0.21, angular.z=0.00
[planner_server-4] [INFO] [1790949774.571085290] [planner_server]: Planning took 17 ms
[planner_server-4] [INFO] [1790949774.571630057] [planner_server]: Plan computed: 611 poses
[planner_server-4] [INFO] [1790949774.698050290] [planner_server]: Planning took 17 ms
[planner_server-4] [INFO] [1790949774.699253827] [planner_server]: Plan computed: 611 poses
[planner_server-4] [INFO] [1790949774.828451491] [planner_server]: Planning took 17 ms
[planner_server-4] [INFO] [1790949774.828885591] [planner_server]: Plan computed: 611 poses
[planner_server-4] [INFO] [1790949774.951256574] [planner_server]: Planning took 18 ms
[planner_server-4] [INFO] [1790949774.951583294] [planner_server]: Plan computed: 611 poses
[planner_server-4] [INFO] [1790949775.080746704] [planner_server]: Planning took 20 ms
[planner_server-4] [INFO] [1790949775.081069878] [planner_server]: Plan computed: 611 poses
[planner_server-4] [INFO] [1790949775.208236736] [planner_server]: Planning took 17 ms
[planner_server-4] [INFO] [1790949775.208921785] [planner_server]: Plan computed: 611 poses
[planner_server-4] [INFO] [1790949775.328367288] [planner_server]: Planning took 17 ms
[planner_server-4] [INFO] [1790949775.328997555] [planner_server]: Plan computed: 611 poses
[planner_server-4] [INFO] [1790949775.459005407] [planner_server]: Planning took 18 ms
[planner_server-4] [INFO] [1790949775.459364728] [planner_server]: Plan computed: 611 poses
[planner_server-4] [INFO] [1790949775.589733504] [planner_server]: Planning took 19 ms
[planner_server-4] [INFO] [1790949775.590282038] [planner_server]: Plan computed: 611 poses
[planner_server-4] [INFO] [1790949775.720587817] [planner_server]: Planning took 17 ms
[planner_server-4] [INFO] [1790949775.720982233] [planner_server]: Plan computed: 611 poses
[planner_server-4] [INFO] [1790949775.850526069] [planner_server]: Planning took 19 ms
[planner_server-4] [INFO] [1790949775.850960490] [planner_server]: Plan computed: 611 poses
[planner_server-4] [INFO] [1790949775.978896204] [planner_server]: Planning took 17 ms
[planner_server-4] [INFO] [1790949775.979219428] [planner_server]: Plan computed: 611 poses
[planner_server-4] [INFO] [1790949776.099155558] [planner_server]: Planning took 17 ms
[planner_server-4] [INFO] [1790949776.099405144] [planner_server]: Plan computed: 611 poses
[planner_server-4] [INFO] [1790949776.229872594] [planner_server]: Planning took 18 ms
[planner_server-4] [INFO] [1790949776.230368600] [planner_server]: Plan computed: 611 poses
[planner_server-4] [INFO] [1790949776.359474307] [planner_server]: Planning took 18 ms
[planner_server-4] [INFO] [1790949776.360378380] [planner_server]: Plan computed: 611 poses
[planner_server-4] [INFO] [1790949776.493444043] [planner_server]: Planning took 20 ms
[planner_server-4] [INFO] [1790949776.493790179] [planner_server]: Plan computed: 611 poses
[controller_node-5] [WARN] [1790949776.558247120] [controller_server]: path_copy succeeded.
[controller_node-5] [INFO] [1790949776.558495374] [controller_server]: Computed velocity commands: linear.x=-0.56, linear.y=0.62, angular.z=0.00
[planner_server-4] [INFO] [1790949776.618373205] [planner_server]: Planning took 17 ms
[planner_server-4] [INFO] [1790949776.618677583] [planner_server]: Plan computed: 611 poses
[planner_server-4] [INFO] [1790949776.750092255] [planner_server]: Planning took 19 ms
[planner_server-4] [INFO] [1790949776.750480039] [planner_server]: Plan computed: 611 poses
[planner_server-4] [INFO] [1790949776.880118513] [planner_server]: Planning took 19 ms
[planner_server-4] [INFO] [1790949776.880511006] [planner_server]: Plan computed: 611 poses
[planner_server-4] [INFO] [1790949777.007985972] [planner_server]: Planning took 16 ms
[planner_server-4] [INFO] [1790949777.008300208] [planner_server]: Plan computed: 611 poses
[planner_server-4] [INFO] [1790949777.129743104] [planner_server]: Planning took 17 ms
[planner_server-4] [INFO] [1790949777.130254068] [planner_server]: Plan computed: 611 poses
[planner_server-4] [INFO] [1790949777.258277364] [planner_server]: Planning took 17 ms
[planner_server-4] [INFO] [1790949777.258690425] [planner_server]: Plan computed: 611 poses
[planner_server-4] [INFO] [1790949777.387976579] [planner_server]: Planning took 17 ms
[planner_server-4] [INFO] [1790949777.388370735] [planner_server]: Plan computed: 611 poses
[planner_server-4] [INFO] [1790949777.508541194] [planner_server]: Planning took 17 ms
[planner_server-4] [INFO] [1790949777.509046878] [planner_server]: Plan computed: 611 poses
[planner_server-4] [INFO] [1790949777.628807063] [planner_server]: Planning took 17 ms
[planner_server-4] [INFO] [1790949777.629521256] [planner_server]: Plan computed: 611 poses
[planner_server-4] [INFO] [1790949777.748858490] [planner_server]: Planning took 17 ms
[planner_server-4] [INFO] [1790949777.749443652] [planner_server]: Plan computed: 611 poses
[planner_server-4] [INFO] [1790949777.877893940] [planner_server]: Planning took 16 ms
[planner_server-4] [INFO] [1790949777.878366573] [planner_server]: Plan computed: 611 poses
[planner_server-4] [INFO] [1790949777.997488264] [planner_server]: Planning took 16 ms
[planner_server-4] [INFO] [1790949777.997950607] [planner_server]: Plan computed: 611 poses
[planner_server-4] [INFO] [1790949778.119338822] [planner_server]: Planning took 18 ms
[planner_server-4] [INFO] [1790949778.120195752] [planner_server]: Plan computed: 611 poses
[planner_server-4] [INFO] [1790949778.251002350] [planner_server]: Planning took 19 ms
[planner_server-4] [INFO] [1790949778.251372912] [planner_server]: Plan computed: 611 poses
[planner_server-4] [INFO] [1790949778.379099881] [planner_server]: Planning took 18 ms
[planner_server-4] [INFO] [1790949778.379401544] [planner_server]: Plan computed: 611 poses
[planner_server-4] [INFO] [1790949778.509863109] [planner_server]: Planning took 18 ms
[planner_server-4] [INFO] [1790949778.510053124] [planner_server]: Plan computed: 611 poses
[controller_node-5] [WARN] [1790949778.558852814] [controller_server]: path_copy succeeded.
[controller_node-5] [INFO] [1790949778.559131514] [controller_server]: Computed velocity commands: linear.x=0.25, linear.y=0.79, angular.z=0.00
[planner_server-4] [INFO] [1790949778.637403750] [planner_server]: Planning took 16 ms
[planner_server-4] [INFO] [1790949778.637683863] [planner_server]: Plan computed: 611 poses
[planner_server-4] [INFO] [1790949778.759678280] [planner_server]: Planning took 17 ms
[planner_server-4] [INFO] [1790949778.760247432] [planner_server]: Plan computed: 611 poses
[planner_server-4] [INFO] [1790949778.889254155] [planner_server]: Planning took 18 ms
[planner_server-4] [INFO] [1790949778.889638032] [planner_server]: Plan computed: 611 poses
[planner_server-4] [INFO] [1790949779.023949457] [planner_server]: Planning took 21 ms
[planner_server-4] [INFO] [1790949779.024400750] [planner_server]: Plan computed: 611 poses
[planner_server-4] [INFO] [1790949779.153290805] [planner_server]: Planning took 22 ms
[planner_server-4] [INFO] [1790949779.153580756] [planner_server]: Plan computed: 611 poses
[planner_server-4] [INFO] [1790949779.278495346] [planner_server]: Planning took 17 ms
[planner_server-4] [INFO] [1790949779.278979250] [planner_server]: Plan computed: 611 poses
[planner_server-4] [INFO] [1790949779.408022368] [planner_server]: Planning took 17 ms
[planner_server-4] [INFO] [1790949779.408478500] [planner_server]: Plan computed: 611 poses
[planner_server-4] [INFO] [1790949779.537860690] [planner_server]: Planning took 16 ms
[planner_server-4] [INFO] [1790949779.538352018] [planner_server]: Plan computed: 611 poses
[planner_server-4] [INFO] [1790949779.658590172] [planner_server]: Planning took 17 ms
[planner_server-4] [INFO] [1790949779.659548767] [planner_server]: Plan computed: 611 poses
[planner_server-4] [INFO] [1790949779.789170701] [planner_server]: Planning took 17 ms
[planner_server-4] [INFO] [1790949779.789553406] [planner_server]: Plan computed: 611 poses
[planner_server-4] [INFO] [1790949779.919366977] [planner_server]: Planning took 18 ms
[planner_server-4] [INFO] [1790949779.919729534] [planner_server]: Plan computed: 611 poses
[planner_server-4] [INFO] [1790949780.049963156] [planner_server]: Planning took 17 ms
[planner_server-4] [INFO] [1790949780.050307970] [planner_server]: Plan computed: 611 poses
[planner_server-4] [INFO] [1790949780.180253004] [planner_server]: Planning took 19 ms
[planner_server-4] [INFO] [1790949780.180518519] [planner_server]: Plan computed: 611 poses
[planner_server-4] [INFO] [1790949780.308239651] [planner_server]: Planning took 17 ms
[planner_server-4] [INFO] [1790949780.308479559] [planner_server]: Plan computed: 611 poses
[planner_server-4] [INFO] [1790949780.428290733] [planner_server]: Planning took 17 ms
[planner_server-4] [INFO] [1790949780.428557421] [planner_server]: Plan computed: 611 poses
[planner_server-4] [INFO] [1790949780.548572013] [planner_server]: Planning took 17 ms
[planner_server-4] [INFO] [1790949780.549076675] [planner_server]: Plan computed: 611 poses
[controller_node-5] [WARN] [1790949780.578282234] [controller_server]: path_copy succeeded.
[controller_node-5] [INFO] [1790949780.578500882] [controller_server]: Computed velocity commands: linear.x=0.83, linear.y=0.06, angular.z=0.00
[planner_server-4] [INFO] [1790949780.670434107] [planner_server]: Planning took 17 ms
[planner_server-4] [INFO] [1790949780.670907761] [planner_server]: Plan computed: 611 poses
[planner_server-4] [INFO] [1790949780.798242441] [planner_server]: Planning took 17 ms
[planner_server-4] [INFO] [1790949780.798676692] [planner_server]: Plan computed: 611 poses
[planner_server-4] [INFO] [1790949780.917913863] [planner_server]: Planning took 16 ms
[planner_server-4] [INFO] [1790949780.918599944] [planner_server]: Plan computed: 611 poses
[planner_server-4] [INFO] [1790949781.038117270] [planner_server]: Planning took 17 ms
[planner_server-4] [INFO] [1790949781.038504192] [planner_server]: Plan computed: 611 poses
[planner_server-4] [INFO] [1790949781.161728239] [planner_server]: Planning took 19 ms
[planner_server-4] [INFO] [1790949781.162152491] [planner_server]: Plan computed: 611 poses
[planner_server-4] [INFO] [1790949781.291369699] [planner_server]: Planning took 18 ms
[planner_server-4] [INFO] [1790949781.293182634] [planner_server]: Plan computed: 611 poses
[planner_server-4] [INFO] [1790949781.420014055] [planner_server]: Planning took 17 ms
[planner_server-4] [INFO] [1790949781.420251920] [planner_server]: Plan computed: 611 poses
[planner_server-4] [INFO] [1790949781.548740757] [planner_server]: Planning took 17 ms
[planner_server-4] [INFO] [1790949781.549307405] [planner_server]: Plan computed: 611 poses
[planner_server-4] [INFO] [1790949781.680492907] [planner_server]: Planning took 19 ms
[planner_server-4] [INFO] [1790949781.680995184] [planner_server]: Plan computed: 611 poses
[planner_server-4] [INFO] [1790949781.807944076] [planner_server]: Planning took 17 ms
[planner_server-4] [INFO] [1790949781.808439161] [planner_server]: Plan computed: 611 poses
[planner_server-4] [INFO] [1790949781.929386537] [planner_server]: Planning took 17 ms
[planner_server-4] [INFO] [1790949781.930026993] [planner_server]: Plan computed: 611 poses
[planner_server-4] [INFO] [1790949782.061385799] [planner_server]: Planning took 17 ms
[planner_server-4] [INFO] [1790949782.061654991] [planner_server]: Plan computed: 611 poses
[planner_server-4] [INFO] [1790949782.189669004] [planner_server]: Planning took 16 ms
[planner_server-4] [INFO] [1790949782.190172484] [planner_server]: Plan computed: 611 poses
[planner_server-4] [INFO] [1790949782.319695463] [planner_server]: Planning took 17 ms
[planner_server-4] [INFO] [1790949782.320221856] [planner_server]: Plan computed: 611 poses
[planner_server-4] [INFO] [1790949782.447825852] [planner_server]: Planning took 16 ms
[planner_server-4] [INFO] [1790949782.448387210] [planner_server]: Plan computed: 611 poses
[planner_server-4] [INFO] [1790949782.570430504] [planner_server]: Planning took 18 ms
[planner_server-4] [INFO] [1790949782.570838166] [planner_server]: Plan computed: 611 poses
[controller_node-5] [WARN] [1790949782.598108592] [controller_server]: path_copy succeeded.
[controller_node-5] [INFO] [1790949782.598362646] [controller_server]: Computed velocity commands: linear.x=0.30, linear.y=-0.77, angular.z=0.00
[planner_server-4] [INFO] [1790949782.699210812] [planner_server]: Planning took 17 ms
[planner_server-4] [INFO] [1790949782.699669809] [planner_server]: Plan computed: 611 poses
[planner_server-4] [INFO] [1790949782.828550545] [planner_server]: Planning took 17 ms
[planner_server-4] [INFO] [1790949782.829964585] [planner_server]: Plan computed: 611 poses
[planner_server-4] [INFO] [1790949782.959022666] [planner_server]: Planning took 17 ms
[planner_server-4] [INFO] [1790949782.959546484] [planner_server]: Plan computed: 611 poses
[planner_server-4] [INFO] [1790949783.079491161] [planner_server]: Planning took 18 ms
[planner_server-4] [INFO] [1790949783.079935320] [planner_server]: Plan computed: 611 poses
[planner_server-4] [INFO] [1790949783.210134922] [planner_server]: Planning took 19 ms
[planner_server-4] [INFO] [1790949783.210637220] [planner_server]: Plan computed: 611 poses
[planner_server-4] [INFO] [1790949783.339673796] [planner_server]: Planning took 17 ms
[planner_server-4] [INFO] [1790949783.340252997] [planner_server]: Plan computed: 611 poses
[planner_server-4] [INFO] [1790949783.469345865] [planner_server]: Planning took 18 ms
[planner_server-4] [INFO] [1790949783.469841972] [planner_server]: Plan computed: 611 poses
[planner_server-4] [INFO] [1790949783.599892938] [planner_server]: Planning took 18 ms
[planner_server-4] [INFO] [1790949783.600302944] [planner_server]: Plan computed: 611 poses
[planner_server-4] [INFO] [1790949783.730295602] [planner_server]: Planning took 16 ms
[planner_server-4] [INFO] [1790949783.730714203] [planner_server]: Plan computed: 611 poses
[planner_server-4] [INFO] [1790949783.858280832] [planner_server]: Planning took 17 ms
[planner_server-4] [INFO] [1790949783.858655742] [planner_server]: Plan computed: 611 poses
[planner_server-4] [INFO] [1790949783.980703335] [planner_server]: Planning took 20 ms
[planner_server-4] [INFO] [1790949783.981089166] [planner_server]: Plan computed: 611 poses
[planner_server-4] [INFO] [1790949784.111810316] [planner_server]: Planning took 18 ms
[planner_server-4] [INFO] [1790949784.112326680] [planner_server]: Plan computed: 611 poses
[planner_server-4] [INFO] [1790949784.238116462] [planner_server]: Planning took 17 ms
[planner_server-4] [INFO] [1790949784.238491673] [planner_server]: Plan computed: 611 poses
[planner_server-4] [INFO] [1790949784.359297480] [planner_server]: Planning took 18 ms
[planner_server-4] [INFO] [1790949784.359687438] [planner_server]: Plan computed: 611 poses
[planner_server-4] [INFO] [1790949784.489197687] [planner_server]: Planning took 17 ms
[planner_server-4] [INFO] [1790949784.489618693] [planner_server]: Plan computed: 611 poses
[controller_node-5] [WARN] [1790949784.598191380] [controller_server]: path_copy succeeded.
[controller_node-5] [INFO] [1790949784.598471523] [controller_server]: Computed velocity commands: linear.x=-0.63, linear.y=-0.54, angular.z=0.00
[planner_server-4] [INFO] [1790949784.618609572] [planner_server]: Planning took 17 ms
[planner_server-4] [INFO] [1790949784.619015580] [planner_server]: Plan computed: 611 poses
[planner_server-4] [INFO] [1790949784.748288546] [planner_server]: Planning took 17 ms
[planner_server-4] [INFO] [1790949784.748824998] [planner_server]: Plan computed: 611 poses
[planner_server-4] [INFO] [1790949784.868756964] [planner_server]: Planning took 17 ms
[planner_server-4] [INFO] [1790949784.869474964] [planner_server]: Plan computed: 611 poses
[planner_server-4] [INFO] [1790949784.998190129] [planner_server]: Planning took 16 ms
[planner_server-4] [INFO] [1790949784.998824023] [planner_server]: Plan computed: 611 poses
[planner_server-4] [INFO] [1790949785.117754910] [planner_server]: Planning took 16 ms
[planner_server-4] [INFO] [1790949785.118412348] [planner_server]: Plan computed: 611 poses
[planner_server-4] [INFO] [1790949785.239639835] [planner_server]: Planning took 18 ms
[planner_server-4] [INFO] [1790949785.240194500] [planner_server]: Plan computed: 611 poses
[planner_server-4] [INFO] [1790949785.373085693] [planner_server]: Planning took 20 ms
[planner_server-4] [INFO] [1790949785.373453761] [planner_server]: Plan computed: 611 poses
[planner_server-4] [INFO] [1790949785.498350375] [planner_server]: Planning took 17 ms
[planner_server-4] [INFO] [1790949785.498662558] [planner_server]: Plan computed: 611 poses
[planner_server-4] [INFO] [1790949785.629308740] [planner_server]: Planning took 18 ms
[planner_server-4] [INFO] [1790949785.629807211] [planner_server]: Plan computed: 611 poses
[planner_server-4] [INFO] [1790949785.757935754] [planner_server]: Planning took 17 ms
[planner_server-4] [INFO] [1790949785.758516729] [planner_server]: Plan computed: 611 poses
[planner_server-4] [INFO] [1790949785.888359120] [planner_server]: Planning took 17 ms
[planner_server-4] [INFO] [1790949785.888995789] [planner_server]: Plan computed: 611 poses
[planner_server-4] [INFO] [1790949786.020530280] [planner_server]: Planning took 17 ms
[planner_server-4] [INFO] [1790949786.021325154] [planner_server]: Plan computed: 611 poses
[planner_server-4] [INFO] [1790949786.148193995] [planner_server]: Planning took 17 ms
[planner_server-4] [INFO] [1790949786.148624749] [planner_server]: Plan computed: 611 poses
[planner_server-4] [INFO] [1790949786.269677681] [planner_server]: Planning took 18 ms
[planner_server-4] [INFO] [1790949786.270166754] [planner_server]: Plan computed: 611 poses
[planner_server-4] [INFO] [1790949786.400407169] [planner_server]: Planning took 17 ms
[planner_server-4] [INFO] [1790949786.400839276] [planner_server]: Plan computed: 611 poses
[planner_server-4] [INFO] [1790949786.528013587] [planner_server]: Planning took 17 ms
[planner_server-4] [INFO] [1790949786.528555790] [planner_server]: Plan computed: 611 poses
[controller_node-5] [WARN] [1790949786.618665324] [controller_server]: path_copy succeeded.
[controller_node-5] [INFO] [1790949786.619242912] [controller_server]: Computed velocity commands: linear.x=-0.69, linear.y=0.46, angular.z=0.00
[planner_server-4] [INFO] [1790949786.647586345] [planner_server]: Planning took 16 ms
[planner_server-4] [INFO] [1790949786.648378624] [planner_server]: Plan computed: 611 poses
[planner_server-4] [INFO] [1790949786.769537243] [planner_server]: Planning took 17 ms
[planner_server-4] [INFO] [1790949786.769884181] [planner_server]: Plan computed: 611 poses
[planner_server-4] [INFO] [1790949786.898989788] [planner_server]: Planning took 16 ms
[planner_server-4] [INFO] [1790949786.899287464] [planner_server]: Plan computed: 611 poses
[planner_server-4] [INFO] [1790949787.028868530] [planner_server]: Planning took 17 ms
[planner_server-4] [INFO] [1790949787.029254571] [planner_server]: Plan computed: 611 poses
[planner_server-4] [INFO] [1790949787.159029198] [planner_server]: Planning took 17 ms
[planner_server-4] [INFO] [1790949787.159546925] [planner_server]: Plan computed: 611 poses
[planner_server-4] [INFO] [1790949787.280527253] [planner_server]: Planning took 18 ms
[planner_server-4] [INFO] [1790949787.280844195] [planner_server]: Plan computed: 611 poses
[planner_server-4] [INFO] [1790949787.409329205] [planner_server]: Planning took 18 ms
[planner_server-4] [INFO] [1790949787.409663048] [planner_server]: Plan computed: 611 poses
[planner_server-4] [INFO] [1790949787.539280914] [planner_server]: Planning took 17 ms
[planner_server-4] [INFO] [1790949787.539801706] [planner_server]: Plan computed: 611 poses
[planner_server-4] [INFO] [1790949787.670462318] [planner_server]: Planning took 19 ms
[planner_server-4] [INFO] [1790949787.670682830] [planner_server]: Plan computed: 611 poses
[planner_server-4] [INFO] [1790949787.798091290] [planner_server]: Planning took 17 ms
[planner_server-4] [INFO] [1790949787.798754678] [planner_server]: Plan computed: 611 poses
[planner_server-4] [INFO] [1790949787.921140917] [planner_server]: Planning took 19 ms
[planner_server-4] [INFO] [1790949787.921657311] [planner_server]: Plan computed: 611 poses
[planner_server-4] [INFO] [1790949788.052428936] [planner_server]: Planning took 21 ms
[planner_server-4] [INFO] [1790949788.052845453] [planner_server]: Plan computed: 611 poses
[planner_server-4] [INFO] [1790949788.180556645] [planner_server]: Planning took 18 ms
[planner_server-4] [INFO] [1790949788.181004561] [planner_server]: Plan computed: 611 poses
[planner_server-4] [INFO] [1790949788.310971234] [planner_server]: Planning took 19 ms
[planner_server-4] [INFO] [1790949788.311418279] [planner_server]: Plan computed: 611 poses
[planner_server-4] [INFO] [1790949788.437855347] [planner_server]: Planning took 16 ms
[planner_server-4] [INFO] [1790949788.438394233] [planner_server]: Plan computed: 611 poses
[planner_server-4] [INFO] [1790949788.558032387] [planner_server]: Planning took 16 ms
[planner_server-4] [INFO] [1790949788.558342125] [planner_server]: Plan computed: 611 poses
[controller_node-5] [WARN] [1790949788.638260074] [controller_server]: path_copy succeeded.
[controller_node-5] [INFO] [1790949788.638521653] [controller_server]: Computed velocity commands: linear.x=0.13, linear.y=0.82, angular.z=0.00
[planner_server-4] [INFO] [1790949788.678327256] [planner_server]: Planning took 16 ms
[planner_server-4] [INFO] [1790949788.678872404] [planner_server]: Plan computed: 611 poses
[planner_server-4] [INFO] [1790949788.808182543] [planner_server]: Planning took 17 ms
[planner_server-4] [INFO] [1790949788.808708435] [planner_server]: Plan computed: 611 poses
[planner_server-4] [INFO] [1790949788.928369829] [planner_server]: Planning took 17 ms
[planner_server-4] [INFO] [1790949788.928756061] [planner_server]: Plan computed: 611 poses
[planner_server-4] [INFO] [1790949789.058180932] [planner_server]: Planning took 17 ms
[planner_server-4] [INFO] [1790949789.058843875] [planner_server]: Plan computed: 611 poses
[planner_server-4] [INFO] [1790949789.180361434] [planner_server]: Planning took 18 ms
[planner_server-4] [INFO] [1790949789.180766741] [planner_server]: Plan computed: 611 poses
[planner_server-4] [INFO] [1790949789.308204569] [planner_server]: Planning took 17 ms
[planner_server-4] [INFO] [1790949789.308540386] [planner_server]: Plan computed: 611 poses
[planner_server-4] [INFO] [1790949789.439185152] [planner_server]: Planning took 18 ms
[planner_server-4] [INFO] [1790949789.439579358] [planner_server]: Plan computed: 611 poses
[planner_server-4] [INFO] [1790949789.570438594] [planner_server]: Planning took 18 ms
[planner_server-4] [INFO] [1790949789.571036892] [planner_server]: Plan computed: 611 poses
[planner_server-4] [INFO] [1790949789.699515512] [planner_server]: Planning took 18 ms
[planner_server-4] [INFO] [1790949789.700061321] [planner_server]: Plan computed: 611 poses
[planner_server-4] [INFO] [1790949789.830592290] [planner_server]: Planning took 18 ms
[planner_server-4] [INFO] [1790949789.831019157] [planner_server]: Plan computed: 611 poses
[planner_server-4] [INFO] [1790949789.961570945] [planner_server]: Planning took 19 ms
[planner_server-4] [INFO] [1790949789.962053095] [planner_server]: Plan computed: 611 poses
[planner_server-4] [INFO] [1790949790.088523447] [planner_server]: Planning took 17 ms
[planner_server-4] [INFO] [1790949790.088990489] [planner_server]: Plan computed: 611 poses
[planner_server-4] [INFO] [1790949790.207875488] [planner_server]: Planning took 16 ms
[planner_server-4] [INFO] [1790949790.208505044] [planner_server]: Plan computed: 611 poses
[planner_server-4] [INFO] [1790949790.330233558] [planner_server]: Planning took 19 ms
[planner_server-4] [INFO] [1790949790.330544659] [planner_server]: Plan computed: 611 poses
[planner_server-4] [INFO] [1790949790.460244347] [planner_server]: Planning took 18 ms
[planner_server-4] [INFO] [1790949790.460885054] [planner_server]: Plan computed: 611 poses
[planner_server-4] [INFO] [1790949790.587731249] [planner_server]: Planning took 16 ms
[planner_server-4] [INFO] [1790949790.588275305] [planner_server]: Plan computed: 611 poses
[controller_node-5] [WARN] [1790949790.639409260] [controller_server]: path_copy succeeded.
[controller_node-5] [INFO] [1790949790.639654278] [controller_server]: Computed velocity commands: linear.x=0.80, linear.y=0.23, angular.z=0.00
[planner_server-4] [INFO] [1790949790.707482516] [planner_server]: Planning took 16 ms
[planner_server-4] [INFO] [1790949790.707913230] [planner_server]: Plan computed: 611 poses
[planner_server-4] [INFO] [1790949790.833378607] [planner_server]: Planning took 22 ms
[planner_server-4] [INFO] [1790949790.833768775] [planner_server]: Plan computed: 611 poses
[planner_server-4] [INFO] [1790949790.960312035] [planner_server]: Planning took 17 ms
[planner_server-4] [INFO] [1790949790.960666426] [planner_server]: Plan computed: 611 poses
[planner_server-4] [INFO] [1790949791.081822578] [planner_server]: Planning took 17 ms
[planner_server-4] [INFO] [1790949791.082203188] [planner_server]: Plan computed: 611 poses
[planner_server-4] [INFO] [1790949791.209918037] [planner_server]: Planning took 18 ms
[planner_server-4] [INFO] [1790949791.210300251] [planner_server]: Plan computed: 611 poses
[planner_server-4] [INFO] [1790949791.338799805] [planner_server]: Planning took 17 ms
[planner_server-4] [INFO] [1790949791.339402189] [planner_server]: Plan computed: 611 poses
[planner_server-4] [INFO] [1790949791.460242763] [planner_server]: Planning took 18 ms
[planner_server-4] [INFO] [1790949791.460663558] [planner_server]: Plan computed: 611 poses
[planner_server-4] [INFO] [1790949791.587441608] [planner_server]: Planning took 17 ms
[planner_server-4] [INFO] [1790949791.587771153] [planner_server]: Plan computed: 611 poses
[planner_server-4] [INFO] [1790949791.708543558] [planner_server]: Planning took 17 ms
[planner_server-4] [INFO] [1790949791.709005110] [planner_server]: Plan computed: 611 poses
[planner_server-4] [INFO] [1790949791.828433921] [planner_server]: Planning took 17 ms
[planner_server-4] [INFO] [1790949791.828811967] [planner_server]: Plan computed: 611 poses
[planner_server-4] [INFO] [1790949791.958354714] [planner_server]: Planning took 17 ms
[planner_server-4] [INFO] [1790949791.958774398] [planner_server]: Plan computed: 611 poses
[planner_server-4] [INFO] [1790949792.078266063] [planner_server]: Planning took 17 ms
[planner_server-4] [INFO] [1790949792.078497184] [planner_server]: Plan computed: 611 poses
[planner_server-4] [INFO] [1790949792.199028742] [planner_server]: Planning took 17 ms
[planner_server-4] [INFO] [1790949792.199393332] [planner_server]: Plan computed: 611 poses
[planner_server-4] [INFO] [1790949792.319676646] [planner_server]: Planning took 17 ms
[planner_server-4] [INFO] [1790949792.320296604] [planner_server]: Plan computed: 611 poses
[planner_server-4] [INFO] [1790949792.449927702] [planner_server]: Planning took 19 ms
[planner_server-4] [INFO] [1790949792.450343018] [planner_server]: Plan computed: 611 poses
[planner_server-4] [INFO] [1790949792.580841486] [planner_server]: Planning took 17 ms
[planner_server-4] [INFO] [1790949792.581355716] [planner_server]: Plan computed: 611 poses
[controller_node-5] [WARN] [1790949792.659661539] [controller_server]: path_copy succeeded.
[controller_node-5] [INFO] [1790949792.659902228] [controller_server]: Computed velocity commands: linear.x=0.57, linear.y=-0.61, angular.z=0.00
[planner_server-4] [INFO] [1790949792.707988576] [planner_server]: Planning took 17 ms
[planner_server-4] [INFO] [1790949792.708353968] [planner_server]: Plan computed: 611 poses
[planner_server-4] [INFO] [1790949792.828233187] [planner_server]: Planning took 17 ms
[planner_server-4] [INFO] [1790949792.828738761] [planner_server]: Plan computed: 611 poses
[planner_server-4] [INFO] [1790949792.949096855] [planner_server]: Planning took 17 ms
[planner_server-4] [INFO] [1790949792.949413095] [planner_server]: Plan computed: 611 poses
[planner_server-4] [INFO] [1790949793.079382306] [planner_server]: Planning took 18 ms
[planner_server-4] [INFO] [1790949793.080340636] [planner_server]: Plan computed: 611 poses
[planner_server-4] [INFO] [1790949793.208452729] [planner_server]: Planning took 17 ms
[planner_server-4] [INFO] [1790949793.208925211] [planner_server]: Plan computed: 611 poses
[planner_server-4] [INFO] [1790949793.337702016] [planner_server]: Planning took 16 ms
[planner_server-4] [INFO] [1790949793.338269767] [planner_server]: Plan computed: 611 poses
[planner_server-4] [INFO] [1790949793.460392286] [planner_server]: Planning took 18 ms
[planner_server-4] [INFO] [1790949793.461049133] [planner_server]: Plan computed: 611 poses
[planner_server-4] [INFO] [1790949793.588925376] [planner_server]: Planning took 17 ms
[planner_server-4] [INFO] [1790949793.589709781] [planner_server]: Plan computed: 611 poses
[planner_server-4] [INFO] [1790949793.719879676] [planner_server]: Planning took 18 ms
[planner_server-4] [INFO] [1790949793.720963781] [planner_server]: Plan computed: 611 poses
[planner_server-4] [INFO] [1790949793.848688501] [planner_server]: Planning took 17 ms
[planner_server-4] [INFO] [1790949793.849297699] [planner_server]: Plan computed: 611 poses
[planner_server-4] [INFO] [1790949793.978082197] [planner_server]: Planning took 17 ms
[planner_server-4] [INFO] [1790949793.978495118] [planner_server]: Plan computed: 611 poses
[planner_server-4] [INFO] [1790949794.098666905] [planner_server]: Planning took 17 ms
[planner_server-4] [INFO] [1790949794.098959892] [planner_server]: Plan computed: 611 poses
[planner_server-4] [INFO] [1790949794.219161269] [planner_server]: Planning took 18 ms
[planner_server-4] [INFO] [1790949794.219562458] [planner_server]: Plan computed: 611 poses
[planner_server-4] [INFO] [1790949794.338893467] [planner_server]: Planning took 17 ms
[planner_server-4] [INFO] [1790949794.339607209] [planner_server]: Plan computed: 611 poses
[planner_server-4] [INFO] [1790949794.470605850] [planner_server]: Planning took 19 ms
[planner_server-4] [INFO] [1790949794.470919376] [planner_server]: Plan computed: 611 poses
[planner_server-4] [INFO] [1790949794.601999067] [planner_server]: Planning took 19 ms
[planner_server-4] [INFO] [1790949794.602481087] [planner_server]: Plan computed: 611 poses
[controller_node-5] [WARN] [1790949794.678173924] [controller_server]: path_copy succeeded.
[controller_node-5] [INFO] [1790949794.678306231] [controller_server]: Computed velocity commands: linear.x=-0.28, linear.y=-0.78, angular.z=0.00
[planner_server-4] [INFO] [1790949794.729422467] [planner_server]: Planning took 18 ms
[planner_server-4] [INFO] [1790949794.729700897] [planner_server]: Plan computed: 611 poses
[planner_server-4] [INFO] [1790949794.859932324] [planner_server]: Planning took 17 ms
[planner_server-4] [INFO] [1790949794.860315009] [planner_server]: Plan computed: 611 poses
[planner_server-4] [INFO] [1790949794.988713702] [planner_server]: Planning took 17 ms
[planner_server-4] [INFO] [1790949794.989311330] [planner_server]: Plan computed: 611 poses
[planner_server-4] [INFO] [1790949795.120589349] [planner_server]: Planning took 20 ms
[planner_server-4] [INFO] [1790949795.121462760] [planner_server]: Plan computed: 611 poses
[planner_server-4] [INFO] [1790949795.250251210] [planner_server]: Planning took 18 ms
[planner_server-4] [INFO] [1790949795.250728161] [planner_server]: Plan computed: 611 poses
[planner_server-4] [INFO] [1790949795.379239192] [planner_server]: Planning took 18 ms
[planner_server-4] [INFO] [1790949795.379561133] [planner_server]: Plan computed: 611 poses
[planner_server-4] [INFO] [1790949795.510556049] [planner_server]: Planning took 19 ms
[planner_server-4] [INFO] [1790949795.511133597] [planner_server]: Plan computed: 611 poses
[planner_server-4] [INFO] [1790949795.639960474] [planner_server]: Planning took 19 ms
[planner_server-4] [INFO] [1790949795.640368546] [planner_server]: Plan computed: 611 poses
[planner_server-4] [INFO] [1790949795.768444055] [planner_server]: Planning took 17 ms
[planner_server-4] [INFO] [1790949795.769132220] [planner_server]: Plan computed: 611 poses
[planner_server-4] [INFO] [1790949795.899365348] [planner_server]: Planning took 17 ms
[planner_server-4] [INFO] [1790949795.899887443] [planner_server]: Plan computed: 611 poses
[planner_server-4] [INFO] [1790949796.029443726] [planner_server]: Planning took 17 ms
[planner_server-4] [INFO] [1790949796.030526368] [planner_server]: Plan computed: 611 poses
[planner_server-4] [INFO] [1790949796.160883847] [planner_server]: Planning took 19 ms
[planner_server-4] [INFO] [1790949796.161308029] [planner_server]: Plan computed: 611 poses
[planner_server-4] [INFO] [1790949796.288965256] [planner_server]: Planning took 18 ms
[planner_server-4] [INFO] [1790949796.289251952] [planner_server]: Plan computed: 611 poses
[planner_server-4] [INFO] [1790949796.418214864] [planner_server]: Planning took 17 ms
[planner_server-4] [INFO] [1790949796.418530374] [planner_server]: Plan computed: 611 poses
[planner_server-4] [INFO] [1790949796.539643844] [planner_server]: Planning took 18 ms
[planner_server-4] [INFO] [1790949796.540140972] [planner_server]: Plan computed: 611 poses
[planner_server-4] [INFO] [1790949796.660675852] [planner_server]: Planning took 18 ms
[planner_server-4] [INFO] [1790949796.661143615] [planner_server]: Plan computed: 611 poses
[controller_node-5] [WARN] [1790949796.698725085] [controller_server]: path_copy succeeded.
[controller_node-5] [INFO] [1790949796.698952820] [controller_server]: Computed velocity commands: linear.x=-0.83, linear.y=-0.02, angular.z=0.00
[planner_server-4] [INFO] [1790949796.788617001] [planner_server]: Planning took 16 ms
[planner_server-4] [INFO] [1790949796.789032547] [planner_server]: Plan computed: 611 poses
[planner_server-4] [INFO] [1790949796.917784230] [planner_server]: Planning took 16 ms
[planner_server-4] [INFO] [1790949796.918388318] [planner_server]: Plan computed: 611 poses
[planner_server-4] [INFO] [1790949797.038507883] [planner_server]: Planning took 17 ms
[planner_server-4] [INFO] [1790949797.039075864] [planner_server]: Plan computed: 611 poses
[planner_server-4] [INFO] [1790949797.159015975] [planner_server]: Planning took 17 ms
[planner_server-4] [INFO] [1790949797.159356831] [planner_server]: Plan computed: 611 poses
[planner_server-4] [INFO] [1790949797.291415211] [planner_server]: Planning took 19 ms
[planner_server-4] [INFO] [1790949797.292018347] [planner_server]: Plan computed: 611 poses
[planner_server-4] [INFO] [1790949797.417959514] [planner_server]: Planning took 17 ms
[planner_server-4] [INFO] [1790949797.418345514] [planner_server]: Plan computed: 611 poses
[planner_server-4] [INFO] [1790949797.538648514] [planner_server]: Planning took 17 ms
[planner_server-4] [INFO] [1790949797.539146213] [planner_server]: Plan computed: 611 poses
[planner_server-4] [INFO] [1790949797.670101482] [planner_server]: Planning took 18 ms
[planner_server-4] [INFO] [1790949797.670469820] [planner_server]: Plan computed: 611 poses
[planner_server-4] [INFO] [1790949797.799609389] [planner_server]: Planning took 18 ms
[planner_server-4] [INFO] [1790949797.800076772] [planner_server]: Plan computed: 611 poses
[planner_server-4] [INFO] [1790949797.929524486] [planner_server]: Planning took 18 ms
[planner_server-4] [INFO] [1790949797.930405441] [planner_server]: Plan computed: 611 poses
[planner_server-4] [INFO] [1790949798.059129806] [planner_server]: Planning took 17 ms
[planner_server-4] [INFO] [1790949798.059593682] [planner_server]: Plan computed: 611 poses
[planner_server-4] [INFO] [1790949798.189595463] [planner_server]: Planning took 18 ms
[planner_server-4] [INFO] [1790949798.189914168] [planner_server]: Plan computed: 611 poses
[planner_server-4] [INFO] [1790949798.320990733] [planner_server]: Planning took 19 ms
[planner_server-4] [INFO] [1790949798.321840650] [planner_server]: Plan computed: 611 poses
[planner_server-4] [INFO] [1790949798.453797351] [planner_server]: Planning took 20 ms
[planner_server-4] [INFO] [1790949798.454067606] [planner_server]: Plan computed: 611 poses
[planner_server-4] [INFO] [1790949798.577964004] [planner_server]: Planning took 17 ms
[planner_server-4] [INFO] [1790949798.579218060] [planner_server]: Plan computed: 611 poses
[planner_server-4] [INFO] [1790949798.699080949] [planner_server]: Planning took 17 ms
[planner_server-4] [INFO] [1790949798.699491175] [planner_server]: Plan computed: 611 poses
[controller_node-5] [WARN] [1790949798.718324049] [controller_server]: path_copy succeeded.
[controller_node-5] [INFO] [1790949798.718651080] [controller_server]: Computed velocity commands: linear.x=-0.24, linear.y=0.79, angular.z=0.00
[planner_server-4] [INFO] [1790949798.830704889] [planner_server]: Planning took 17 ms
[planner_server-4] [INFO] [1790949798.831093335] [planner_server]: Plan computed: 611 poses
[planner_server-4] [INFO] [1790949798.958286841] [planner_server]: Planning took 17 ms
[planner_server-4] [INFO] [1790949798.958683482] [planner_server]: Plan computed: 611 poses
[planner_server-4] [INFO] [1790949799.079105766] [planner_server]: Planning took 18 ms
[planner_server-4] [INFO] [1790949799.079479775] [planner_server]: Plan computed: 611 poses
[planner_server-4] [INFO] [1790949799.209393052] [planner_server]: Planning took 17 ms
[planner_server-4] [INFO] [1790949799.209861156] [planner_server]: Plan computed: 611 poses
[planner_server-4] [INFO] [1790949799.337881278] [planner_server]: Planning took 16 ms
[planner_server-4] [INFO] [1790949799.338289150] [planner_server]: Plan computed: 611 poses
[planner_server-4] [INFO] [1790949799.468291012] [planner_server]: Planning took 17 ms
[planner_server-4] [INFO] [1790949799.468714172] [planner_server]: Plan computed: 611 poses
[planner_server-4] [INFO] [1790949799.590505965] [planner_server]: Planning took 17 ms
[planner_server-4] [INFO] [1790949799.590800165] [planner_server]: Plan computed: 611 poses
[planner_server-4] [INFO] [1790949799.718147140] [planner_server]: Planning took 17 ms
[planner_server-4] [INFO] [1790949799.719277340] [planner_server]: Plan computed: 611 poses
[planner_server-4] [INFO] [1790949799.837819814] [planner_server]: Planning took 17 ms
[planner_server-4] [INFO] [1790949799.838047379] [planner_server]: Plan computed: 611 poses
[planner_server-4] [INFO] [1790949799.958309753] [planner_server]: Planning took 17 ms
[planner_server-4] [INFO] [1790949799.958683851] [planner_server]: Plan computed: 611 poses
[planner_server-4] [INFO] [1790949800.088587294] [planner_server]: Planning took 17 ms
[planner_server-4] [INFO] [1790949800.089457750] [planner_server]: Plan computed: 611 poses
[planner_server-4] [INFO] [1790949800.217555839] [planner_server]: Planning took 17 ms
[planner_server-4] [INFO] [1790949800.218162251] [planner_server]: Plan computed: 611 poses
[planner_server-4] [INFO] [1790949800.338324091] [planner_server]: Planning took 17 ms
[planner_server-4] [INFO] [1790949800.338667272] [planner_server]: Plan computed: 611 poses
[planner_server-4] [INFO] [1790949800.458876971] [planner_server]: Planning took 17 ms
[planner_server-4] [INFO] [1790949800.459337691] [planner_server]: Plan computed: 611 poses
[planner_server-4] [INFO] [1790949800.588506951] [planner_server]: Planning took 17 ms
[planner_server-4] [INFO] [1790949800.589140243] [planner_server]: Plan computed: 611 poses
[planner_server-4] [INFO] [1790949800.710180353] [planner_server]: Planning took 17 ms
[planner_server-4] [INFO] [1790949800.710482016] [planner_server]: Plan computed: 611 poses
[controller_node-5] [WARN] [1790949800.718700503] [controller_server]: path_copy succeeded.
[controller_node-5] [INFO] [1790949800.718911066] [controller_server]: Computed velocity commands: linear.x=0.62, linear.y=0.56, angular.z=0.00
[planner_server-4] [INFO] [1790949800.838468557] [planner_server]: Planning took 17 ms
[planner_server-4] [INFO] [1790949800.838829220] [planner_server]: Plan computed: 611 poses
[planner_server-4] [INFO] [1790949800.968855791] [planner_server]: Planning took 17 ms
[planner_server-4] [INFO] [1790949800.969463656] [planner_server]: Plan computed: 611 poses
[planner_server-4] [INFO] [1790949801.098191161] [planner_server]: Planning took 17 ms
[planner_server-4] [INFO] [1790949801.098427202] [planner_server]: Plan computed: 611 poses
[planner_server-4] [INFO] [1790949801.218611735] [planner_server]: Planning took 17 ms
[planner_server-4] [INFO] [1790949801.219118862] [planner_server]: Plan computed: 611 poses
[planner_server-4] [INFO] [1790949801.347924555] [planner_server]: Planning took 16 ms
[planner_server-4] [INFO] [1790949801.348409841] [planner_server]: Plan computed: 611 poses
[planner_server-4] [INFO] [1790949801.470169846] [planner_server]: Planning took 18 ms
[planner_server-4] [INFO] [1790949801.470528355] [planner_server]: Plan computed: 611 poses
[planner_server-4] [INFO] [1790949801.602318471] [planner_server]: Planning took 18 ms
[planner_server-4] [INFO] [1790949801.602573717] [planner_server]: Plan computed: 611 poses
[planner_server-4] [INFO] [1790949801.733611728] [planner_server]: Planning took 23 ms
[planner_server-4] [INFO] [1790949801.734082006] [planner_server]: Plan computed: 611 poses
[planner_server-4] [INFO] [1790949801.859868450] [planner_server]: Planning took 18 ms
[planner_server-4] [INFO] [1790949801.860433556] [planner_server]: Plan computed: 611 poses
[planner_server-4] [INFO] [1790949801.988663763] [planner_server]: Planning took 17 ms
[planner_server-4] [INFO] [1790949801.988886549] [planner_server]: Plan computed: 611 poses
[planner_server-4] [INFO] [1790949802.108300565] [planner_server]: Planning took 17 ms
[planner_server-4] [INFO] [1790949802.108596888] [planner_server]: Plan computed: 611 poses
[planner_server-4] [INFO] [1790949802.240106521] [planner_server]: Planning took 18 ms
[planner_server-4] [INFO] [1790949802.240786761] [planner_server]: Plan computed: 611 poses
[planner_server-4] [INFO] [1790949802.370287052] [planner_server]: Planning took 19 ms
[planner_server-4] [INFO] [1790949802.370488408] [planner_server]: Plan computed: 611 poses
[planner_server-4] [INFO] [1790949802.498045109] [planner_server]: Planning took 17 ms
[planner_server-4] [INFO] [1790949802.498594044] [planner_server]: Plan computed: 611 poses
[planner_server-4] [INFO] [1790949802.630834071] [planner_server]: Planning took 18 ms
[planner_server-4] [INFO] [1790949802.631371304] [planner_server]: Plan computed: 611 poses
[controller_node-5] [WARN] [1790949802.737574907] [controller_server]: path_copy succeeded.
[controller_node-5] [INFO] [1790949802.737754833] [controller_server]: Computed velocity commands: linear.x=0.70, linear.y=-0.45, angular.z=0.00
[planner_server-4] [INFO] [1790949802.758380193] [planner_server]: Planning took 17 ms
[planner_server-4] [INFO] [1790949802.759048957] [planner_server]: Plan computed: 611 poses
[planner_server-4] [INFO] [1790949802.878977569] [planner_server]: Planning took 18 ms
[planner_server-4] [INFO] [1790949802.879535701] [planner_server]: Plan computed: 611 poses
[planner_server-4] [INFO] [1790949803.010182753] [planner_server]: Planning took 17 ms
[planner_server-4] [INFO] [1790949803.010442728] [planner_server]: Plan computed: 611 poses
[planner_server-4] [INFO] [1790949803.138428418] [planner_server]: Planning took 17 ms
[planner_server-4] [INFO] [1790949803.138768173] [planner_server]: Plan computed: 611 poses
[planner_server-4] [INFO] [1790949803.257925537] [planner_server]: Planning took 16 ms
[planner_server-4] [INFO] [1790949803.258393330] [planner_server]: Plan computed: 611 poses
[planner_server-4] [INFO] [1790949803.378266696] [planner_server]: Planning took 17 ms
[planner_server-4] [INFO] [1790949803.378907653] [planner_server]: Plan computed: 611 poses
[planner_server-4] [INFO] [1790949803.498743673] [planner_server]: Planning took 17 ms
[planner_server-4] [INFO] [1790949803.499075383] [planner_server]: Plan computed: 611 poses
[planner_server-4] [INFO] [1790949803.618136467] [planner_server]: Planning took 17 ms
[planner_server-4] [INFO] [1790949803.618619970] [planner_server]: Plan computed: 611 poses
[planner_server-4] [INFO] [1790949803.739647301] [planner_server]: Planning took 18 ms
[planner_server-4] [INFO] [1790949803.740152544] [planner_server]: Plan computed: 611 poses
[planner_server-4] [INFO] [1790949803.868768991] [planner_server]: Planning took 17 ms
[planner_server-4] [INFO] [1790949803.869178215] [planner_server]: Plan computed: 611 poses
[planner_server-4] [INFO] [1790949803.999769465] [planner_server]: Planning took 18 ms
[planner_server-4] [INFO] [1790949804.000128104] [planner_server]: Plan computed: 611 poses
[planner_server-4] [INFO] [1790949804.131281370] [planner_server]: Planning took 18 ms
[planner_server-4] [INFO] [1790949804.131710922] [planner_server]: Plan computed: 611 poses
[planner_server-4] [INFO] [1790949804.259505982] [planner_server]: Planning took 18 ms
[planner_server-4] [INFO] [1790949804.260043947] [planner_server]: Plan computed: 611 poses
[planner_server-4] [INFO] [1790949804.388912852] [planner_server]: Planning took 18 ms
[planner_server-4] [INFO] [1790949804.389499427] [planner_server]: Plan computed: 611 poses
[planner_server-4] [INFO] [1790949804.520334124] [planner_server]: Planning took 19 ms
[planner_server-4] [INFO] [1790949804.520812858] [planner_server]: Plan computed: 611 poses
[planner_server-4] [INFO] [1790949804.650641715] [planner_server]: Planning took 17 ms
[planner_server-4] [INFO] [1790949804.650983363] [planner_server]: Plan computed: 611 poses
[controller_node-5] [WARN] [1790949804.737853576] [controller_server]: path_copy succeeded.
[controller_node-5] [INFO] [1790949804.738129121] [controller_server]: Computed velocity commands: linear.x=-0.19, linear.y=-0.81, angular.z=0.00
[planner_server-4] [INFO] [1790949804.777936110] [planner_server]: Planning took 17 ms
[planner_server-4] [INFO] [1790949804.778642950] [planner_server]: Plan computed: 611 poses
[planner_server-4] [INFO] [1790949804.899495425] [planner_server]: Planning took 17 ms
[planner_server-4] [INFO] [1790949804.899836001] [planner_server]: Plan computed: 611 poses
[planner_server-4] [INFO] [1790949805.029305228] [planner_server]: Planning took 17 ms
[planner_server-4] [INFO] [1790949805.029686951] [planner_server]: Plan computed: 611 poses
[planner_server-4] [INFO] [1790949805.158478874] [planner_server]: Planning took 17 ms
[planner_server-4] [INFO] [1790949805.159097679] [planner_server]: Plan computed: 611 poses
[planner_server-4] [INFO] [1790949805.289404832] [planner_server]: Planning took 18 ms
[planner_server-4] [INFO] [1790949805.290103266] [planner_server]: Plan computed: 611 poses
[planner_server-4] [INFO] [1790949805.420465677] [planner_server]: Planning took 19 ms
[planner_server-4] [INFO] [1790949805.420901621] [planner_server]: Plan computed: 611 poses
[planner_server-4] [INFO] [1790949805.548639200] [planner_server]: Planning took 18 ms
[planner_server-4] [INFO] [1790949805.548993863] [planner_server]: Plan computed: 611 poses
[planner_server-4] [INFO] [1790949805.667687208] [planner_server]: Planning took 17 ms
[planner_server-4] [INFO] [1790949805.668661442] [planner_server]: Plan computed: 611 poses
[planner_server-4] [INFO] [1790949805.789250202] [planner_server]: Planning took 17 ms
[planner_server-4] [INFO] [1790949805.789651381] [planner_server]: Plan computed: 611 poses
[planner_server-4] [INFO] [1790949805.918932899] [planner_server]: Planning took 17 ms
[planner_server-4] [INFO] [1790949805.919811189] [planner_server]: Plan computed: 611 poses
[planner_server-4] [INFO] [1790949806.050277634] [planner_server]: Planning took 18 ms
[planner_server-4] [INFO] [1790949806.050699131] [planner_server]: Plan computed: 611 poses
[planner_server-4] [INFO] [1790949806.180641384] [planner_server]: Planning took 17 ms
[planner_server-4] [INFO] [1790949806.181331393] [planner_server]: Plan computed: 611 poses
[planner_server-4] [INFO] [1790949806.308408455] [planner_server]: Planning took 17 ms
[planner_server-4] [INFO] [1790949806.308786351] [planner_server]: Plan computed: 611 poses
[planner_server-4] [INFO] [1790949806.428869969] [planner_server]: Planning took 17 ms
[planner_server-4] [INFO] [1790949806.429438000] [planner_server]: Plan computed: 611 poses
[planner_server-4] [INFO] [1790949806.558348035] [planner_server]: Planning took 17 ms
[planner_server-4] [INFO] [1790949806.558734617] [planner_server]: Plan computed: 611 poses
[planner_server-4] [INFO] [1790949806.678390240] [planner_server]: Planning took 17 ms
[planner_server-4] [INFO] [1790949806.679049351] [planner_server]: Plan computed: 611 poses
[controller_node-5] [WARN] [1790949806.757929130] [controller_server]: path_copy succeeded.
[controller_node-5] [INFO] [1790949806.758232276] [controller_server]: Computed velocity commands: linear.x=-0.82, linear.y=-0.12, angular.z=0.00
[planner_server-4] [INFO] [1790949806.799103098] [planner_server]: Planning took 17 ms
[planner_server-4] [INFO] [1790949806.799534754] [planner_server]: Plan computed: 611 poses
[planner_server-4] [INFO] [1790949806.929604665] [planner_server]: Planning took 18 ms
[planner_server-4] [INFO] [1790949806.930015312] [planner_server]: Plan computed: 611 poses
[planner_server-4] [INFO] [1790949807.057597689] [planner_server]: Planning took 16 ms
[planner_server-4] [INFO] [1790949807.058035867] [planner_server]: Plan computed: 611 poses
[planner_server-4] [INFO] [1790949807.178487189] [planner_server]: Planning took 17 ms
[planner_server-4] [INFO] [1790949807.178821493] [planner_server]: Plan computed: 611 poses
[planner_server-4] [INFO] [1790949807.299136790] [planner_server]: Planning took 17 ms
[planner_server-4] [INFO] [1790949807.299535304] [planner_server]: Plan computed: 611 poses
[planner_server-4] [INFO] [1790949807.429920386] [planner_server]: Planning took 19 ms
[planner_server-4] [INFO] [1790949807.430241536] [planner_server]: Plan computed: 611 poses
[planner_server-4] [INFO] [1790949807.558498413] [planner_server]: Planning took 17 ms
[planner_server-4] [INFO] [1790949807.558840131] [planner_server]: Plan computed: 611 poses
[planner_server-4] [INFO] [1790949807.678234989] [planner_server]: Planning took 17 ms
[planner_server-4] [INFO] [1790949807.678757224] [planner_server]: Plan computed: 611 poses
[planner_server-4] [INFO] [1790949807.800875118] [planner_server]: Planning took 18 ms
[planner_server-4] [INFO] [1790949807.801357408] [planner_server]: Plan computed: 611 poses
[planner_server-4] [INFO] [1790949807.931377077] [planner_server]: Planning took 17 ms
[planner_server-4] [INFO] [1790949807.931859879] [planner_server]: Plan computed: 611 poses
[planner_server-4] [INFO] [1790949808.057681399] [planner_server]: Planning took 16 ms
[planner_server-4] [INFO] [1790949808.058231366] [planner_server]: Plan computed: 611 poses
[planner_server-4] [INFO] [1790949808.177503076] [planner_server]: Planning took 16 ms
[planner_server-4] [INFO] [1790949808.177860123] [planner_server]: Plan computed: 611 poses
[planner_server-4] [INFO] [1790949808.299258143] [planner_server]: Planning took 18 ms
[planner_server-4] [INFO] [1790949808.299610772] [planner_server]: Plan computed: 611 poses
[planner_server-4] [INFO] [1790949808.429290828] [planner_server]: Planning took 17 ms
[planner_server-4] [INFO] [1790949808.429815338] [planner_server]: Plan computed: 611 poses
[planner_server-4] [INFO] [1790949808.551236712] [planner_server]: Planning took 18 ms
[planner_server-4] [INFO] [1790949808.551644864] [planner_server]: Plan computed: 611 poses
[planner_server-4] [INFO] [1790949808.680656800] [planner_server]: Planning took 19 ms
[planner_server-4] [INFO] [1790949808.680980094] [planner_server]: Plan computed: 611 poses
[controller_node-5] [WARN] [1790949808.777915595] [controller_server]: path_copy succeeded.
[controller_node-5] [INFO] [1790949808.778272542] [controller_server]: Computed velocity commands: linear.x=-0.38, linear.y=0.74, angular.z=0.00
[planner_server-4] [INFO] [1790949808.810682845] [planner_server]: Planning took 18 ms
[planner_server-4] [INFO] [1790949808.811096788] [planner_server]: Plan computed: 611 poses
[planner_server-4] [INFO] [1790949808.943213335] [planner_server]: Planning took 22 ms
[planner_server-4] [INFO] [1790949808.943992580] [planner_server]: Plan computed: 611 poses
[planner_server-4] [INFO] [1790949809.069072562] [planner_server]: Planning took 18 ms
[planner_server-4] [INFO] [1790949809.069596941] [planner_server]: Plan computed: 611 poses
[planner_server-4] [INFO] [1790949809.202054451] [planner_server]: Planning took 18 ms
[planner_server-4] [INFO] [1790949809.202393113] [planner_server]: Plan computed: 611 poses
[planner_server-4] [INFO] [1790949809.328303437] [planner_server]: Planning took 17 ms
[planner_server-4] [INFO] [1790949809.328930277] [planner_server]: Plan computed: 611 poses
[planner_server-4] [INFO] [1790949809.448717707] [planner_server]: Planning took 17 ms
[planner_server-4] [INFO] [1790949809.449243048] [planner_server]: Plan computed: 611 poses
[planner_server-4] [INFO] [1790949809.568200487] [planner_server]: Planning took 16 ms
[planner_server-4] [INFO] [1790949809.568429455] [planner_server]: Plan computed: 611 poses
[planner_server-4] [INFO] [1790949809.688853353] [planner_server]: Planning took 17 ms
[planner_server-4] [INFO] [1790949809.689328891] [planner_server]: Plan computed: 611 poses
[planner_server-4] [INFO] [1790949809.820416146] [planner_server]: Planning took 16 ms
[planner_server-4] [INFO] [1790949809.821055620] [planner_server]: Plan computed: 611 poses
[planner_server-4] [INFO] [1790949809.951041429] [planner_server]: Planning took 19 ms
[planner_server-4] [INFO] [1790949809.951290885] [planner_server]: Plan computed: 611 poses
[planner_server-4] [INFO] [1790949810.078220318] [planner_server]: Planning took 17 ms
[planner_server-4] [INFO] [1790949810.078618992] [planner_server]: Plan computed: 611 poses
[planner_server-4] [INFO] [1790949810.199215514] [planner_server]: Planning took 17 ms
[planner_server-4] [INFO] [1790949810.200277412] [planner_server]: Plan computed: 611 poses
[planner_server-4] [INFO] [1790949810.330019693] [planner_server]: Planning took 18 ms
[planner_server-4] [INFO] [1790949810.330907281] [planner_server]: Plan computed: 611 poses
[planner_server-4] [INFO] [1790949810.459390411] [planner_server]: Planning took 18 ms
[planner_server-4] [INFO] [1790949810.459741256] [planner_server]: Plan computed: 611 poses
[planner_server-4] [INFO] [1790949810.579468529] [planner_server]: Planning took 16 ms
[planner_server-4] [INFO] [1790949810.579893052] [planner_server]: Plan computed: 611 poses
[planner_server-4] [INFO] [1790949810.710939734] [planner_server]: Planning took 18 ms
[planner_server-4] [INFO] [1790949810.711335072] [planner_server]: Plan computed: 611 poses
[controller_node-5] [WARN] [1790949810.797194139] [controller_server]: path_copy succeeded.
[controller_node-5] [INFO] [1790949810.797431883] [controller_server]: Computed velocity commands: linear.x=0.48, linear.y=0.68, angular.z=0.00
[planner_server-4] [INFO] [1790949810.837658453] [planner_server]: Planning took 16 ms
[planner_server-4] [INFO] [1790949810.838285003] [planner_server]: Plan computed: 611 poses
[planner_server-4] [INFO] [1790949810.957802525] [planner_server]: Planning took 16 ms
[planner_server-4] [INFO] [1790949810.958040871] [planner_server]: Plan computed: 611 poses
[planner_server-4] [INFO] [1790949811.078276555] [planner_server]: Planning took 17 ms
[planner_server-4] [INFO] [1790949811.078690377] [planner_server]: Plan computed: 611 poses
[planner_server-4] [INFO] [1790949811.198400711] [planner_server]: Planning took 17 ms
[planner_server-4] [INFO] [1790949811.199067576] [planner_server]: Plan computed: 611 poses
[planner_server-4] [INFO] [1790949811.318874390] [planner_server]: Planning took 17 ms
[planner_server-4] [INFO] [1790949811.321115352] [planner_server]: Plan computed: 611 poses
[planner_server-4] [INFO] [1790949811.448269849] [planner_server]: Planning took 17 ms
[planner_server-4] [INFO] [1790949811.448879478] [planner_server]: Plan computed: 611 poses
[planner_server-4] [INFO] [1790949811.569228694] [planner_server]: Planning took 17 ms
[planner_server-4] [INFO] [1790949811.569579269] [planner_server]: Plan computed: 611 poses
[planner_server-4] [INFO] [1790949811.697663652] [planner_server]: Planning took 17 ms
[planner_server-4] [INFO] [1790949811.697974642] [planner_server]: Plan computed: 611 poses
[planner_server-4] [INFO] [1790949811.819277650] [planner_server]: Planning took 17 ms
[planner_server-4] [INFO] [1790949811.819989820] [planner_server]: Plan computed: 611 poses
[planner_server-4] [INFO] [1790949811.948605444] [planner_server]: Planning took 17 ms
[planner_server-4] [INFO] [1790949811.948934548] [planner_server]: Plan computed: 611 poses
[planner_server-4] [INFO] [1790949812.078504555] [planner_server]: Planning took 16 ms
[planner_server-4] [INFO] [1790949812.079012374] [planner_server]: Plan computed: 611 poses
[planner_server-4] [INFO] [1790949812.209555636] [planner_server]: Planning took 18 ms
[planner_server-4] [INFO] [1790949812.210410184] [planner_server]: Plan computed: 611 poses
[planner_server-4] [INFO] [1790949812.338904943] [planner_server]: Planning took 17 ms
[planner_server-4] [INFO] [1790949812.339408574] [planner_server]: Plan computed: 611 poses
[planner_server-4] [INFO] [1790949812.468149052] [planner_server]: Planning took 17 ms
[planner_server-4] [INFO] [1790949812.468474961] [planner_server]: Plan computed: 611 poses
[planner_server-4] [INFO] [1790949812.588194423] [planner_server]: Planning took 17 ms
[planner_server-4] [INFO] [1790949812.588592337] [planner_server]: Plan computed: 611 poses
[planner_server-4] [INFO] [1790949812.710273256] [planner_server]: Planning took 17 ms
[planner_server-4] [INFO] [1790949812.710659898] [planner_server]: Plan computed: 611 poses
[controller_node-5] [WARN] [1790949812.797777683] [controller_server]: path_copy succeeded.
[controller_node-5] [INFO] [1790949812.798037128] [controller_server]: Computed velocity commands: linear.x=0.80, linear.y=-0.23, angular.z=0.00
[planner_server-4] [INFO] [1790949812.841227143] [planner_server]: Planning took 20 ms
[planner_server-4] [INFO] [1790949812.841737196] [planner_server]: Plan computed: 611 poses
[planner_server-4] [INFO] [1790949812.968298515] [planner_server]: Planning took 16 ms
[planner_server-4] [INFO] [1790949812.968772400] [planner_server]: Plan computed: 611 poses
[planner_server-4] [INFO] [1790949813.098172380] [planner_server]: Planning took 16 ms
[planner_server-4] [INFO] [1790949813.098701259] [planner_server]: Plan computed: 611 poses
[planner_server-4] [INFO] [1790949813.228565928] [planner_server]: Planning took 17 ms
[planner_server-4] [INFO] [1790949813.229217810] [planner_server]: Plan computed: 611 poses
[planner_server-4] [INFO] [1790949813.347802850] [planner_server]: Planning took 16 ms
[planner_server-4] [INFO] [1790949813.348137655] [planner_server]: Plan computed: 611 poses
[planner_server-4] [INFO] [1790949813.470756433] [planner_server]: Planning took 17 ms
[planner_server-4] [INFO] [1790949813.471363858] [planner_server]: Plan computed: 611 poses
[planner_server-4] [INFO] [1790949813.601734221] [planner_server]: Planning took 20 ms
[planner_server-4] [INFO] [1790949813.602324183] [planner_server]: Plan computed: 611 poses
[planner_server-4] [INFO] [1790949813.728415385] [planner_server]: Planning took 16 ms
[planner_server-4] [INFO] [1790949813.728906111] [planner_server]: Plan computed: 611 poses
[planner_server-4] [INFO] [1790949813.859506600] [planner_server]: Planning took 18 ms
[planner_server-4] [INFO] [1790949813.859959987] [planner_server]: Plan computed: 611 poses
[planner_server-4] [INFO] [1790949813.988577552] [planner_server]: Planning took 17 ms
[planner_server-4] [INFO] [1790949813.989273322] [planner_server]: Plan computed: 611 poses
[planner_server-4] [INFO] [1790949814.109793952] [planner_server]: Planning took 17 ms
[planner_server-4] [INFO] [1790949814.110193178] [planner_server]: Plan computed: 611 poses
[planner_server-4] [INFO] [1790949814.238651974] [planner_server]: Planning took 17 ms
[planner_server-4] [INFO] [1790949814.238952024] [planner_server]: Plan computed: 611 poses
[planner_server-4] [INFO] [1790949814.358163339] [planner_server]: Planning took 17 ms
[planner_server-4] [INFO] [1790949814.358659376] [planner_server]: Plan computed: 611 poses
[planner_server-4] [INFO] [1790949814.478261933] [planner_server]: Planning took 17 ms
[planner_server-4] [INFO] [1790949814.479004079] [planner_server]: Plan computed: 611 poses
[planner_server-4] [INFO] [1790949814.608133717] [planner_server]: Planning took 17 ms
[planner_server-4] [INFO] [1790949814.608479062] [planner_server]: Plan computed: 611 poses
[planner_server-4] [INFO] [1790949814.727594970] [planner_server]: Planning took 16 ms
[planner_server-4] [INFO] [1790949814.728052895] [planner_server]: Plan computed: 611 poses
[controller_node-5] [WARN] [1790949814.797780781] [controller_server]: path_copy succeeded.
[controller_node-5] [INFO] [1790949814.798067156] [controller_server]: Computed velocity commands: linear.x=0.07, linear.y=-0.83, angular.z=0.00
[planner_server-4] [INFO] [1790949814.849006134] [planner_server]: Planning took 17 ms
[planner_server-4] [INFO] [1790949814.849343794] [planner_server]: Plan computed: 611 poses
[planner_server-4] [INFO] [1790949814.978291162] [planner_server]: Planning took 17 ms
[planner_server-4] [INFO] [1790949814.979873517] [planner_server]: Plan computed: 611 poses
[planner_server-4] [INFO] [1790949815.108816048] [planner_server]: Planning took 17 ms
[planner_server-4] [INFO] [1790949815.109155872] [planner_server]: Plan computed: 611 poses
[planner_server-4] [INFO] [1790949815.238171720] [planner_server]: Planning took 17 ms
[planner_server-4] [INFO] [1790949815.238560907] [planner_server]: Plan computed: 611 poses
[planner_server-4] [INFO] [1790949815.359185248] [planner_server]: Planning took 18 ms
[planner_server-4] [INFO] [1790949815.359519963] [planner_server]: Plan computed: 611 poses
[planner_server-4] [INFO] [1790949815.478165819] [planner_server]: Planning took 17 ms
[planner_server-4] [INFO] [1790949815.478703494] [planner_server]: Plan computed: 611 poses
[planner_server-4] [INFO] [1790949815.598279081] [planner_server]: Planning took 17 ms
[planner_server-4] [INFO] [1790949815.598799072] [planner_server]: Plan computed: 611 poses
[planner_server-4] [INFO] [1790949815.718738725] [planner_server]: Planning took 17 ms
[planner_server-4] [INFO] [1790949815.719349686] [planner_server]: Plan computed: 611 poses
[planner_server-4] [INFO] [1790949815.850605732] [planner_server]: Planning took 17 ms
[planner_server-4] [INFO] [1790949815.851148897] [planner_server]: Plan computed: 611 poses
[planner_server-4] [INFO] [1790949815.978543136] [planner_server]: Planning took 17 ms
[planner_server-4] [INFO] [1790949815.978900063] [planner_server]: Plan computed: 611 poses
[planner_server-4] [INFO] [1790949816.098329328] [planner_server]: Planning took 17 ms
[planner_server-4] [INFO] [1790949816.098698367] [planner_server]: Plan computed: 611 poses
[planner_server-4] [INFO] [1790949816.218615184] [planner_server]: Planning took 17 ms
[planner_server-4] [INFO] [1790949816.219099599] [planner_server]: Plan computed: 611 poses
[planner_server-4] [INFO] [1790949816.338838503] [planner_server]: Planning took 17 ms
[planner_server-4] [INFO] [1790949816.339256944] [planner_server]: Plan computed: 611 poses
[planner_server-4] [INFO] [1790949816.460250001] [planner_server]: Planning took 18 ms
[planner_server-4] [INFO] [1790949816.460590757] [planner_server]: Plan computed: 611 poses
[planner_server-4] [INFO] [1790949816.588076299] [planner_server]: Planning took 17 ms
[planner_server-4] [INFO] [1790949816.588449425] [planner_server]: Plan computed: 611 poses
[planner_server-4] [INFO] [1790949816.708976061] [planner_server]: Planning took 18 ms
[planner_server-4] [INFO] [1790949816.709369545] [planner_server]: Plan computed: 611 poses
[controller_node-5] [WARN] [1790949816.817213704] [controller_server]: path_copy succeeded.
[controller_node-5] [INFO] [1790949816.817437331] [controller_server]: Computed velocity commands: linear.x=-0.73, linear.y=-0.39, angular.z=0.00
[planner_server-4] [INFO] [1790949816.840004378] [planner_server]: Planning took 17 ms
[planner_server-4] [INFO] [1790949816.840316972] [planner_server]: Plan computed: 611 poses
[planner_server-4] [INFO] [1790949816.970317760] [planner_server]: Planning took 17 ms
[planner_server-4] [INFO] [1790949816.970606349] [planner_server]: Plan computed: 611 poses
[planner_server-4] [INFO] [1790949817.098149099] [planner_server]: Planning took 17 ms
[planner_server-4] [INFO] [1790949817.098514381] [planner_server]: Plan computed: 611 poses
[planner_server-4] [INFO] [1790949817.219714463] [planner_server]: Planning took 18 ms
[planner_server-4] [INFO] [1790949817.220304855] [planner_server]: Plan computed: 611 poses
[planner_server-4] [INFO] [1790949817.350850566] [planner_server]: Planning took 17 ms
[planner_server-4] [INFO] [1790949817.351268386] [planner_server]: Plan computed: 611 poses
[planner_server-4] [INFO] [1790949817.477697907] [planner_server]: Planning took 17 ms
[planner_server-4] [INFO] [1790949817.478028724] [planner_server]: Plan computed: 611 poses
[planner_server-4] [INFO] [1790949817.598187684] [planner_server]: Planning took 17 ms
[planner_server-4] [INFO] [1790949817.598632255] [planner_server]: Plan computed: 611 poses
[planner_server-4] [INFO] [1790949817.720605228] [planner_server]: Planning took 18 ms
[planner_server-4] [INFO] [1790949817.721148372] [planner_server]: Plan computed: 611 poses
[planner_server-4] [INFO] [1790949817.849302920] [planner_server]: Planning took 18 ms
[planner_server-4] [INFO] [1790949817.849722533] [planner_server]: Plan computed: 611 poses
[planner_server-4] [INFO] [1790949817.980203300] [planner_server]: Planning took 18 ms
[planner_server-4] [INFO] [1790949817.980653631] [planner_server]: Plan computed: 611 poses
[planner_server-4] [INFO] [1790949818.107570372] [planner_server]: Planning took 16 ms
[planner_server-4] [INFO] [1790949818.108124958] [planner_server]: Plan computed: 611 poses
[planner_server-4] [INFO] [1790949818.228544206] [planner_server]: Planning took 17 ms
[planner_server-4] [INFO] [1790949818.229224246] [planner_server]: Plan computed: 611 poses
[planner_server-4] [INFO] [1790949818.358141815] [planner_server]: Planning took 17 ms
[planner_server-4] [INFO] [1790949818.359177660] [planner_server]: Plan computed: 611 poses
[planner_server-4] [INFO] [1790949818.479081204] [planner_server]: Planning took 17 ms
[planner_server-4] [INFO] [1790949818.479453830] [planner_server]: Plan computed: 611 poses
[planner_server-4] [INFO] [1790949818.601296997] [planner_server]: Planning took 18 ms
[planner_server-4] [INFO] [1790949818.601720288] [planner_server]: Plan computed: 611 poses
[planner_server-4] [INFO] [1790949818.727843779] [planner_server]: Planning took 16 ms
[planner_server-4] [INFO] [1790949818.728209431] [planner_server]: Plan computed: 611 poses
[controller_node-5] [WARN] [1790949818.837339987] [controller_server]: path_copy succeeded.
[controller_node-5] [INFO] [1790949818.837594472] [controller_server]: Computed velocity commands: linear.x=-0.67, linear.y=0.50, angular.z=0.00
[planner_server-4] [INFO] [1790949818.848711870] [planner_server]: Planning took 17 ms
[planner_server-4] [INFO] [1790949818.849182018] [planner_server]: Plan computed: 611 poses
[planner_server-4] [INFO] [1790949818.987621519] [planner_server]: Planning took 25 ms
[planner_server-4] [INFO] [1790949818.990757891] [planner_server]: Plan computed: 611 poses
[planner_server-4] [INFO] [1790949819.119442757] [planner_server]: Planning took 18 ms
[planner_server-4] [INFO] [1790949819.119850519] [planner_server]: Plan computed: 611 poses
[planner_server-4] [INFO] [1790949819.250805759] [planner_server]: Planning took 18 ms
[planner_server-4] [INFO] [1790949819.252708628] [planner_server]: Plan computed: 611 poses
[planner_server-4] [INFO] [1790949819.378517192] [planner_server]: Planning took 16 ms
[planner_server-4] [INFO] [1790949819.378873327] [planner_server]: Plan computed: 611 poses
[planner_server-4] [INFO] [1790949819.497782987] [planner_server]: Planning took 16 ms
[planner_server-4] [INFO] [1790949819.498123253] [planner_server]: Plan computed: 611 poses
[planner_server-4] [INFO] [1790949819.619896691] [planner_server]: Planning took 19 ms
[planner_server-4] [INFO] [1790949819.620442169] [planner_server]: Plan computed: 611 poses
[planner_server-4] [INFO] [1790949819.750480743] [planner_server]: Planning took 19 ms
[planner_server-4] [INFO] [1790949819.750761107] [planner_server]: Plan computed: 611 poses
[planner_server-4] [INFO] [1790949819.878411816] [planner_server]: Planning took 17 ms
[planner_server-4] [INFO] [1790949819.878866345] [planner_server]: Plan computed: 611 poses
[planner_server-4] [INFO] [1790949819.998005829] [planner_server]: Planning took 17 ms
[planner_server-4] [INFO] [1790949819.998418109] [planner_server]: Plan computed: 611 poses
[planner_server-4] [INFO] [1790949820.118278256] [planner_server]: Planning took 17 ms
[planner_server-4] [INFO] [1790949820.118635563] [planner_server]: Plan computed: 611 poses
[planner_server-4] [INFO] [1790949820.238681442] [planner_server]: Planning took 17 ms
[planner_server-4] [INFO] [1790949820.239220619] [planner_server]: Plan computed: 611 poses
[planner_server-4] [INFO] [1790949820.368577085] [planner_server]: Planning took 17 ms
[planner_server-4] [INFO] [1790949820.369109840] [planner_server]: Plan computed: 611 poses
[planner_server-4] [INFO] [1790949820.489944532] [planner_server]: Planning took 18 ms
[planner_server-4] [INFO] [1790949820.490304604] [planner_server]: Plan computed: 611 poses
[planner_server-4] [INFO] [1790949820.617537705] [planner_server]: Planning took 16 ms
[planner_server-4] [INFO] [1790949820.618077273] [planner_server]: Plan computed: 611 poses
[planner_server-4] [INFO] [1790949820.739291118] [planner_server]: Planning took 18 ms
[planner_server-4] [INFO] [1790949820.739933147] [planner_server]: Plan computed: 611 poses
[controller_node-5] [WARN] [1790949820.838149172] [controller_server]: path_copy succeeded.
[controller_node-5] [INFO] [1790949820.838420379] [controller_server]: Computed velocity commands: linear.x=0.17, linear.y=0.81, angular.z=0.00
[planner_server-4] [INFO] [1790949820.858638231] [planner_server]: Planning took 16 ms
[planner_server-4] [INFO] [1790949820.859296631] [planner_server]: Plan computed: 611 poses
[planner_server-4] [INFO] [1790949820.988184533] [planner_server]: Planning took 17 ms
[planner_server-4] [INFO] [1790949820.988492608] [planner_server]: Plan computed: 611 poses
[planner_server-4] [INFO] [1790949821.109207818] [planner_server]: Planning took 18 ms
[planner_server-4] [INFO] [1790949821.110141437] [planner_server]: Plan computed: 611 poses
[planner_server-4] [INFO] [1790949821.238734654] [planner_server]: Planning took 18 ms
[planner_server-4] [INFO] [1790949821.239695639] [planner_server]: Plan computed: 611 poses
[planner_server-4] [INFO] [1790949821.371439561] [planner_server]: Planning took 17 ms
[planner_server-4] [INFO] [1790949821.371768135] [planner_server]: Plan computed: 611 poses
[planner_server-4] [INFO] [1790949821.499484996] [planner_server]: Planning took 18 ms
[planner_server-4] [INFO] [1790949821.500067875] [planner_server]: Plan computed: 611 poses
[planner_server-4] [INFO] [1790949821.629174392] [planner_server]: Planning took 17 ms
[planner_server-4] [INFO] [1790949821.629610667] [planner_server]: Plan computed: 611 poses
[planner_server-4] [INFO] [1790949821.757597597] [planner_server]: Planning took 17 ms
[planner_server-4] [INFO] [1790949821.757887709] [planner_server]: Plan computed: 611 poses
[planner_server-4] [INFO] [1790949821.877849152] [planner_server]: Planning took 17 ms
[planner_server-4] [INFO] [1790949821.878500288] [planner_server]: Plan computed: 611 poses
[planner_server-4] [INFO] [1790949821.998245331] [planner_server]: Planning took 17 ms
[planner_server-4] [INFO] [1790949821.998569456] [planner_server]: Plan computed: 611 poses
[planner_server-4] [INFO] [1790949822.119350987] [planner_server]: Planning took 17 ms
[planner_server-4] [INFO] [1790949822.119754009] [planner_server]: Plan computed: 611 poses
[planner_server-4] [INFO] [1790949822.249359038] [planner_server]: Planning took 17 ms
[planner_server-4] [INFO] [1790949822.249661844] [planner_server]: Plan computed: 611 poses
[planner_server-4] [INFO] [1790949822.377556008] [planner_server]: Planning took 16 ms
[planner_server-4] [INFO] [1790949822.377960323] [planner_server]: Plan computed: 611 poses
[planner_server-4] [INFO] [1790949822.510210397] [planner_server]: Planning took 18 ms
[planner_server-4] [INFO] [1790949822.510666199] [planner_server]: Plan computed: 611 poses
[planner_server-4] [INFO] [1790949822.639339944] [planner_server]: Planning took 18 ms
[planner_server-4] [INFO] [1790949822.639761531] [planner_server]: Plan computed: 611 poses
[planner_server-4] [INFO] [1790949822.770672670] [planner_server]: Planning took 18 ms
[planner_server-4] [INFO] [1790949822.771155492] [planner_server]: Plan computed: 611 poses
[controller_node-5] [WARN] [1790949822.857138262] [controller_server]: path_copy succeeded.
[controller_node-5] [INFO] [1790949822.857340319] [controller_server]: Computed velocity commands: linear.x=0.80, linear.y=0.22, angular.z=0.00
[planner_server-4] [INFO] [1790949822.897665981] [planner_server]: Planning took 16 ms
[planner_server-4] [INFO] [1790949822.898121251] [planner_server]: Plan computed: 611 poses
[planner_server-4] [INFO] [1790949823.028008278] [planner_server]: Planning took 17 ms
[planner_server-4] [INFO] [1790949823.028634427] [planner_server]: Plan computed: 611 poses
[planner_server-4] [INFO] [1790949823.149837797] [planner_server]: Planning took 18 ms
[planner_server-4] [INFO] [1790949823.150470248] [planner_server]: Plan computed: 611 poses
[planner_server-4] [INFO] [1790949823.278973371] [planner_server]: Planning took 18 ms
[planner_server-4] [INFO] [1790949823.279428672] [planner_server]: Plan computed: 611 poses
[planner_server-4] [INFO] [1790949823.408277430] [planner_server]: Planning took 17 ms
[planner_server-4] [INFO] [1790949823.408727290] [planner_server]: Plan computed: 611 poses
[planner_server-4] [INFO] [1790949823.529584392] [planner_server]: Planning took 17 ms
[planner_server-4] [INFO] [1790949823.529964783] [planner_server]: Plan computed: 611 poses
[planner_server-4] [INFO] [1790949823.657853658] [planner_server]: Planning took 17 ms
[planner_server-4] [INFO] [1790949823.658165911] [planner_server]: Plan computed: 611 poses
[planner_server-4] [INFO] [1790949823.790082780] [planner_server]: Planning took 18 ms
[planner_server-4] [INFO] [1790949823.790417505] [planner_server]: Plan computed: 611 poses
[planner_server-4] [INFO] [1790949823.919142933] [planner_server]: Planning took 17 ms
[planner_server-4] [INFO] [1790949823.919449456] [planner_server]: Plan computed: 611 poses
[planner_server-4] [INFO] [1790949824.047307935] [planner_server]: Planning took 16 ms
[planner_server-4] [INFO] [1790949824.047662648] [planner_server]: Plan computed: 611 poses
[planner_server-4] [INFO] [1790949824.168738290] [planner_server]: Planning took 17 ms
[planner_server-4] [INFO] [1790949824.169342769] [planner_server]: Plan computed: 611 poses
[planner_server-4] [INFO] [1790949824.300123507] [planner_server]: Planning took 18 ms
[planner_server-4] [INFO] [1790949824.300757491] [planner_server]: Plan computed: 611 poses
[planner_server-4] [INFO] [1790949824.430081558] [planner_server]: Planning took 19 ms
[planner_server-4] [INFO] [1790949824.430524265] [planner_server]: Plan computed: 611 poses
[planner_server-4] [INFO] [1790949824.558199172] [planner_server]: Planning took 17 ms
[planner_server-4] [INFO] [1790949824.558440523] [planner_server]: Plan computed: 611 poses
[planner_server-4] [INFO] [1790949824.678354947] [planner_server]: Planning took 16 ms
[planner_server-4] [INFO] [1790949824.678688600] [planner_server]: Plan computed: 611 poses
[planner_server-4] [INFO] [1790949824.798598695] [planner_server]: Planning took 17 ms
[planner_server-4] [INFO] [1790949824.799138754] [planner_server]: Plan computed: 611 poses
[controller_node-5] [WARN] [1790949824.857785634] [controller_server]: path_copy succeeded.
[controller_node-5] [INFO] [1790949824.858063683] [controller_server]: Computed velocity commands: linear.x=0.50, linear.y=-0.67, angular.z=0.00
[planner_server-4] [INFO] [1790949824.917914831] [planner_server]: Planning took 16 ms
[planner_server-4] [INFO] [1790949824.918399115] [planner_server]: Plan computed: 611 poses
[planner_server-4] [INFO] [1790949825.039522328] [planner_server]: Planning took 17 ms
[planner_server-4] [INFO] [1790949825.039932103] [planner_server]: Plan computed: 611 poses
[planner_server-4] [INFO] [1790949825.168481275] [planner_server]: Planning took 17 ms
[planner_server-4] [INFO] [1790949825.168825658] [planner_server]: Plan computed: 611 poses
[planner_server-4] [INFO] [1790949825.301159137] [planner_server]: Planning took 18 ms
[planner_server-4] [INFO] [1790949825.301530852] [planner_server]: Plan computed: 611 poses
[planner_server-4] [INFO] [1790949825.429488579] [planner_server]: Planning took 17 ms
[planner_server-4] [INFO] [1790949825.429782027] [planner_server]: Plan computed: 611 poses
[planner_server-4] [INFO] [1790949825.563804701] [planner_server]: Planning took 23 ms
[planner_server-4] [INFO] [1790949825.564230847] [planner_server]: Plan computed: 611 poses
[planner_server-4] [INFO] [1790949825.689997467] [planner_server]: Planning took 18 ms
[planner_server-4] [INFO] [1790949825.690591937] [planner_server]: Plan computed: 611 poses
[planner_server-4] [INFO] [1790949825.818841379] [planner_server]: Planning took 17 ms
[planner_server-4] [INFO] [1790949825.819416984] [planner_server]: Plan computed: 611 poses
[planner_server-4] [INFO] [1790949825.953297478] [planner_server]: Planning took 22 ms
[planner_server-4] [INFO] [1790949825.954230029] [planner_server]: Plan computed: 611 poses
[planner_server-4] [INFO] [1790949826.081362837] [planner_server]: Planning took 19 ms
[planner_server-4] [INFO] [1790949826.081725083] [planner_server]: Plan computed: 611 poses
[planner_server-4] [INFO] [1790949826.211618387] [planner_server]: Planning took 20 ms
[planner_server-4] [INFO] [1790949826.212233476] [planner_server]: Plan computed: 611 poses
[planner_server-4] [INFO] [1790949826.340411606] [planner_server]: Planning took 19 ms
[planner_server-4] [INFO] [1790949826.340782609] [planner_server]: Plan computed: 611 poses
[planner_server-4] [INFO] [1790949826.468801261] [planner_server]: Planning took 17 ms
[planner_server-4] [INFO] [1790949826.469247385] [planner_server]: Plan computed: 611 poses
[planner_server-4] [INFO] [1790949826.597907635] [planner_server]: Planning took 16 ms
[planner_server-4] [INFO] [1790949826.598432025] [planner_server]: Plan computed: 611 poses
[planner_server-4] [INFO] [1790949826.719083668] [planner_server]: Planning took 18 ms
[planner_server-4] [INFO] [1790949826.719276188] [planner_server]: Plan computed: 611 poses
[planner_server-4] [INFO] [1790949826.851359690] [planner_server]: Planning took 20 ms
[planner_server-4] [INFO] [1790949826.851846559] [planner_server]: Plan computed: 611 poses
[controller_node-5] [WARN] [1790949826.877361298] [controller_server]: path_copy succeeded.
[controller_node-5] [INFO] [1790949826.877701063] [controller_server]: Computed velocity commands: linear.x=-0.27, linear.y=-0.79, angular.z=0.00
[planner_server-4] [INFO] [1790949826.978309468] [planner_server]: Planning took 17 ms
[planner_server-4] [INFO] [1790949826.978855708] [planner_server]: Plan computed: 611 poses
[planner_server-4] [INFO] [1790949827.098478221] [planner_server]: Planning took 17 ms
[planner_server-4] [INFO] [1790949827.099542358] [planner_server]: Plan computed: 611 poses
[planner_server-4] [INFO] [1790949827.219198799] [planner_server]: Planning took 17 ms
[planner_server-4] [INFO] [1790949827.219708331] [planner_server]: Plan computed: 611 poses
[planner_server-4] [INFO] [1790949827.339246181] [planner_server]: Planning took 17 ms
[planner_server-4] [INFO] [1790949827.339748389] [planner_server]: Plan computed: 611 poses
[planner_server-4] [INFO] [1790949827.470741609] [planner_server]: Planning took 18 ms
[planner_server-4] [INFO] [1790949827.471268242] [planner_server]: Plan computed: 611 poses
[planner_server-4] [INFO] [1790949827.598324680] [planner_server]: Planning took 17 ms
[planner_server-4] [INFO] [1790949827.598688038] [planner_server]: Plan computed: 611 poses
[planner_server-4] [INFO] [1790949827.717487735] [planner_server]: Planning took 17 ms
[planner_server-4] [INFO] [1790949827.717875299] [planner_server]: Plan computed: 611 poses
[planner_server-4] [INFO] [1790949827.838540810] [planner_server]: Planning took 18 ms
[planner_server-4] [INFO] [1790949827.838829198] [planner_server]: Plan computed: 611 poses
[planner_server-4] [INFO] [1790949827.958371953] [planner_server]: Planning took 17 ms
[planner_server-4] [INFO] [1790949827.958796776] [planner_server]: Plan computed: 611 poses
[planner_server-4] [INFO] [1790949828.078109411] [planner_server]: Planning took 17 ms
[planner_server-4] [INFO] [1790949828.078536769] [planner_server]: Plan computed: 611 poses
[planner_server-4] [INFO] [1790949828.198196423] [planner_server]: Planning took 16 ms
[planner_server-4] [INFO] [1790949828.198822783] [planner_server]: Plan computed: 611 poses
[planner_server-4] [INFO] [1790949828.320284871] [planner_server]: Planning took 19 ms
[planner_server-4] [INFO] [1790949828.320629365] [planner_server]: Plan computed: 611 poses
[planner_server-4] [INFO] [1790949828.448177865] [planner_server]: Planning took 17 ms
[planner_server-4] [INFO] [1790949828.448950348] [planner_server]: Plan computed: 611 poses
[planner_server-4] [INFO] [1790949828.579741021] [planner_server]: Planning took 18 ms
[planner_server-4] [INFO] [1790949828.580119828] [planner_server]: Plan computed: 611 poses
[planner_server-4] [INFO] [1790949828.709455884] [planner_server]: Planning took 17 ms
[planner_server-4] [INFO] [1790949828.709984531] [planner_server]: Plan computed: 611 poses
[planner_server-4] [INFO] [1790949828.838463116] [planner_server]: Planning took 17 ms
[planner_server-4] [INFO] [1790949828.839777001] [planner_server]: Plan computed: 611 poses
[controller_node-5] [WARN] [1790949828.896963556] [controller_server]: path_copy succeeded.
[controller_node-5] [INFO] [1790949828.897211328] [controller_server]: Computed velocity commands: linear.x=-0.83, linear.y=0.05, angular.z=0.00
[planner_server-4] [INFO] [1790949828.970592961] [planner_server]: Planning took 17 ms
[planner_server-4] [INFO] [1790949828.971169868] [planner_server]: Plan computed: 611 poses
[planner_server-4] [INFO] [1790949829.098071629] [planner_server]: Planning took 16 ms
[planner_server-4] [INFO] [1790949829.098535586] [planner_server]: Plan computed: 611 poses
[planner_server-4] [INFO] [1790949829.227945982] [planner_server]: Planning took 16 ms
[planner_server-4] [INFO] [1790949829.229520473] [planner_server]: Plan computed: 611 poses
[planner_server-4] [INFO] [1790949829.359503820] [planner_server]: Planning took 17 ms
[planner_server-4] [INFO] [1790949829.359818898] [planner_server]: Plan computed: 611 poses
[planner_server-4] [INFO] [1790949829.487366536] [planner_server]: Planning took 16 ms
[planner_server-4] [INFO] [1790949829.487679240] [planner_server]: Plan computed: 611 poses
[planner_server-4] [INFO] [1790949829.608941779] [planner_server]: Planning took 17 ms
[planner_server-4] [INFO] [1790949829.609275893] [planner_server]: Plan computed: 611 poses
[planner_server-4] [INFO] [1790949829.743992939] [planner_server]: Planning took 21 ms
[planner_server-4] [INFO] [1790949829.744303569] [planner_server]: Plan computed: 611 poses
[planner_server-4] [INFO] [1790949829.869113876] [planner_server]: Planning took 18 ms
[planner_server-4] [INFO] [1790949829.869466535] [planner_server]: Plan computed: 611 poses
[planner_server-4] [INFO] [1790949829.988841278] [planner_server]: Planning took 18 ms
[planner_server-4] [INFO] [1790949829.989600736] [planner_server]: Plan computed: 611 poses
[planner_server-4] [INFO] [1790949830.109155687] [planner_server]: Planning took 17 ms
[planner_server-4] [INFO] [1790949830.109580010] [planner_server]: Plan computed: 611 poses
[planner_server-4] [INFO] [1790949830.240005134] [planner_server]: Planning took 17 ms
[planner_server-4] [INFO] [1790949830.240312308] [planner_server]: Plan computed: 611 poses
[planner_server-4] [INFO] [1790949830.367955826] [planner_server]: Planning took 17 ms
[planner_server-4] [INFO] [1790949830.368413601] [planner_server]: Plan computed: 611 poses
[planner_server-4] [INFO] [1790949830.489292896] [planner_server]: Planning took 17 ms
[planner_server-4] [INFO] [1790949830.489650183] [planner_server]: Plan computed: 611 poses
[planner_server-4] [INFO] [1790949830.622452156] [planner_server]: Planning took 19 ms
[planner_server-4] [INFO] [1790949830.622927443] [planner_server]: Plan computed: 611 poses
[planner_server-4] [INFO] [1790949830.749791867] [planner_server]: Planning took 18 ms
[planner_server-4] [INFO] [1790949830.750259210] [planner_server]: Plan computed: 611 poses
[planner_server-4] [INFO] [1790949830.879761016] [planner_server]: Planning took 18 ms
[planner_server-4] [INFO] [1790949830.880302588] [planner_server]: Plan computed: 611 poses
[controller_node-5] [WARN] [1790949830.916918487] [controller_server]: path_copy succeeded.
[controller_node-5] [INFO] [1790949830.917135282] [controller_server]: Computed velocity commands: linear.x=-0.41, linear.y=0.72, angular.z=0.00
[planner_server-4] [INFO] [1790949831.010460104] [planner_server]: Planning took 18 ms
[planner_server-4] [INFO] [1790949831.011116129] [planner_server]: Plan computed: 611 poses
[planner_server-4] [INFO] [1790949831.138029706] [planner_server]: Planning took 16 ms
[planner_server-4] [INFO] [1790949831.138435153] [planner_server]: Plan computed: 611 poses
[planner_server-4] [INFO] [1790949831.258888441] [planner_server]: Planning took 18 ms
[planner_server-4] [INFO] [1790949831.259526062] [planner_server]: Plan computed: 611 poses
[planner_server-4] [INFO] [1790949831.387599829] [planner_server]: Planning took 16 ms
[planner_server-4] [INFO] [1790949831.388070658] [planner_server]: Plan computed: 611 poses
[planner_server-4] [INFO] [1790949831.519774842] [planner_server]: Planning took 18 ms
[planner_server-4] [INFO] [1790949831.520362860] [planner_server]: Plan computed: 611 poses
[planner_server-4] [INFO] [1790949831.648381952] [planner_server]: Planning took 16 ms
[planner_server-4] [INFO] [1790949831.648706949] [planner_server]: Plan computed: 611 poses
[planner_server-4] [INFO] [1790949831.781220792] [planner_server]: Planning took 20 ms
[planner_server-4] [INFO] [1790949831.781511916] [planner_server]: Plan computed: 611 poses
[planner_server-4] [INFO] [1790949831.908496157] [planner_server]: Planning took 17 ms
[planner_server-4] [INFO] [1790949831.908994177] [planner_server]: Plan computed: 611 poses
[planner_server-4] [INFO] [1790949832.028833031] [planner_server]: Planning took 17 ms
[planner_server-4] [INFO] [1790949832.029230643] [planner_server]: Plan computed: 611 poses
[planner_server-4] [INFO] [1790949832.150005636] [planner_server]: Planning took 18 ms
[planner_server-4] [INFO] [1790949832.150589347] [planner_server]: Plan computed: 611 poses
[planner_server-4] [INFO] [1790949832.278001055] [planner_server]: Planning took 16 ms
[planner_server-4] [INFO] [1790949832.278318728] [planner_server]: Plan computed: 611 poses
[planner_server-4] [INFO] [1790949832.410895441] [planner_server]: Planning took 19 ms
[planner_server-4] [INFO] [1790949832.411912440] [planner_server]: Plan computed: 611 poses
[planner_server-4] [INFO] [1790949832.540414408] [planner_server]: Planning took 18 ms
[planner_server-4] [INFO] [1790949832.540883965] [planner_server]: Plan computed: 611 poses
[planner_server-4] [INFO] [1790949832.669147775] [planner_server]: Planning took 18 ms
[planner_server-4] [INFO] [1790949832.669510913] [planner_server]: Plan computed: 611 poses
[planner_server-4] [INFO] [1790949832.788917249] [planner_server]: Planning took 16 ms
[planner_server-4] [INFO] [1790949832.789152518] [planner_server]: Plan computed: 611 poses
[planner_server-4] [INFO] [1790949832.909650942] [planner_server]: Planning took 18 ms
[planner_server-4] [INFO] [1790949832.910143923] [planner_server]: Plan computed: 611 poses
[controller_node-5] [WARN] [1790949832.916952362] [controller_server]: path_copy succeeded.
[controller_node-5] [INFO] [1790949832.936962234] [controller_server]: Computed velocity commands: linear.x=0.57, linear.y=0.61, angular.z=0.00
[planner_server-4] [INFO] [1790949833.038917939] [planner_server]: Planning took 18 ms
[planner_server-4] [INFO] [1790949833.039455573] [planner_server]: Plan computed: 611 poses
[planner_server-4] [INFO] [1790949833.167574574] [planner_server]: Planning took 16 ms
[planner_server-4] [INFO] [1790949833.167869094] [planner_server]: Plan computed: 611 poses
[planner_server-4] [INFO] [1790949833.300664329] [planner_server]: Planning took 17 ms
[planner_server-4] [INFO] [1790949833.301012900] [planner_server]: Plan computed: 611 poses
[planner_server-4] [INFO] [1790949833.427857411] [planner_server]: Planning took 16 ms
[planner_server-4] [INFO] [1790949833.428451701] [planner_server]: Plan computed: 611 poses
[planner_server-4] [INFO] [1790949833.549732389] [planner_server]: Planning took 18 ms
[planner_server-4] [INFO] [1790949833.549986824] [planner_server]: Plan computed: 611 poses
[planner_server-4] [INFO] [1790949833.682329469] [planner_server]: Planning took 17 ms
[planner_server-4] [INFO] [1790949833.682802272] [planner_server]: Plan computed: 611 poses
[planner_server-4] [INFO] [1790949833.808687747] [planner_server]: Planning took 17 ms
[planner_server-4] [INFO] [1790949833.809137958] [planner_server]: Plan computed: 611 poses
[planner_server-4] [INFO] [1790949833.927644466] [planner_server]: Planning took 16 ms
[planner_server-4] [INFO] [1790949833.928139731] [planner_server]: Plan computed: 611 poses
[planner_server-4] [INFO] [1790949834.048499761] [planner_server]: Planning took 17 ms
[planner_server-4] [INFO] [1790949834.049171064] [planner_server]: Plan computed: 611 poses
[planner_server-4] [INFO] [1790949834.168001819] [planner_server]: Planning took 16 ms
[planner_server-4] [INFO] [1790949834.168413678] [planner_server]: Plan computed: 611 poses
[planner_server-4] [INFO] [1790949834.291470385] [planner_server]: Planning took 19 ms
[planner_server-4] [INFO] [1790949834.292139665] [planner_server]: Plan computed: 611 poses
[planner_server-4] [INFO] [1790949834.420648215] [planner_server]: Planning took 17 ms
[planner_server-4] [INFO] [1790949834.421290475] [planner_server]: Plan computed: 611 poses
[planner_server-4] [INFO] [1790949834.549902559] [planner_server]: Planning took 16 ms
[planner_server-4] [INFO] [1790949834.550232625] [planner_server]: Plan computed: 611 poses
[planner_server-4] [INFO] [1790949834.680422826] [planner_server]: Planning took 17 ms
[planner_server-4] [INFO] [1790949834.680955381] [planner_server]: Plan computed: 611 poses
[planner_server-4] [INFO] [1790949834.807362015] [planner_server]: Planning took 16 ms
[planner_server-4] [INFO] [1790949834.807823928] [planner_server]: Plan computed: 611 poses
[planner_server-4] [INFO] [1790949834.928066479] [planner_server]: Planning took 17 ms
[planner_server-4] [INFO] [1790949834.928498887] [planner_server]: Plan computed: 611 poses
[controller_node-5] [WARN] [1790949834.937110175] [controller_server]: path_copy succeeded.
[controller_node-5] [INFO] [1790949834.937439911] [controller_server]: Computed velocity commands: linear.x=0.75, linear.y=-0.36, angular.z=0.00
[planner_server-4] [INFO] [1790949835.049223829] [planner_server]: Planning took 17 ms
[planner_server-4] [INFO] [1790949835.049819893] [planner_server]: Plan computed: 611 poses
[planner_server-4] [INFO] [1790949835.178080330] [planner_server]: Planning took 16 ms
[planner_server-4] [INFO] [1790949835.178541632] [planner_server]: Plan computed: 611 poses
[planner_server-4] [INFO] [1790949835.308569802] [planner_server]: Planning took 17 ms
[planner_server-4] [INFO] [1790949835.308853722] [planner_server]: Plan computed: 611 poses
[planner_server-4] [INFO] [1790949835.438262895] [planner_server]: Planning took 17 ms
[planner_server-4] [INFO] [1790949835.438693750] [planner_server]: Plan computed: 611 poses
[planner_server-4] [INFO] [1790949835.569017732] [planner_server]: Planning took 16 ms
[planner_server-4] [INFO] [1790949835.569599499] [planner_server]: Plan computed: 611 poses
[planner_server-4] [INFO] [1790949835.697917434] [planner_server]: Planning took 17 ms
[planner_server-4] [INFO] [1790949835.698280262] [planner_server]: Plan computed: 611 poses
[planner_server-4] [INFO] [1790949835.817969642] [planner_server]: Planning took 16 ms
[planner_server-4] [INFO] [1790949835.818373887] [planner_server]: Plan computed: 611 poses
[planner_server-4] [INFO] [1790949835.939080677] [planner_server]: Planning took 18 ms
[planner_server-4] [INFO] [1790949835.939539123] [planner_server]: Plan computed: 611 poses
[planner_server-4] [INFO] [1790949836.073129417] [planner_server]: Planning took 19 ms
[planner_server-4] [INFO] [1790949836.073545935] [planner_server]: Plan computed: 611 poses
[planner_server-4] [INFO] [1790949836.198445567] [planner_server]: Planning took 17 ms
[planner_server-4] [INFO] [1790949836.198815498] [planner_server]: Plan computed: 611 poses
[planner_server-4] [INFO] [1790949836.328784179] [planner_server]: Planning took 16 ms
[planner_server-4] [INFO] [1790949836.329331481] [planner_server]: Plan computed: 611 poses
[planner_server-4] [INFO] [1790949836.460181037] [planner_server]: Planning took 18 ms
[planner_server-4] [INFO] [1790949836.460599639] [planner_server]: Plan computed: 611 poses
[planner_server-4] [INFO] [1790949836.589278651] [planner_server]: Planning took 17 ms
[planner_server-4] [INFO] [1790949836.589679169] [planner_server]: Plan computed: 611 poses
[planner_server-4] [INFO] [1790949836.718950342] [planner_server]: Planning took 18 ms
[planner_server-4] [INFO] [1790949836.719270429] [planner_server]: Plan computed: 611 poses
[planner_server-4] [INFO] [1790949836.849056909] [planner_server]: Planning took 17 ms
[planner_server-4] [INFO] [1790949836.849443922] [planner_server]: Plan computed: 611 poses
[controller_node-5] [WARN] [1790949836.938331108] [controller_server]: path_copy succeeded.
[controller_node-5] [INFO] [1790949836.938640676] [controller_server]: Computed velocity commands: linear.x=-0.01, linear.y=-0.83, angular.z=0.00
[planner_server-4] [INFO] [1790949836.980045279] [planner_server]: Planning took 17 ms
[planner_server-4] [INFO] [1790949836.980310244] [planner_server]: Plan computed: 611 poses
[planner_server-4] [INFO] [1790949837.108431986] [planner_server]: Planning took 17 ms
[planner_server-4] [INFO] [1790949837.108772913] [planner_server]: Plan computed: 611 poses
[planner_server-4] [INFO] [1790949837.238556790] [planner_server]: Planning took 17 ms
[planner_server-4] [INFO] [1790949837.239457512] [planner_server]: Plan computed: 611 poses
[planner_server-4] [INFO] [1790949837.369757362] [planner_server]: Planning took 18 ms
[planner_server-4] [INFO] [1790949837.370352483] [planner_server]: Plan computed: 611 poses
[planner_server-4] [INFO] [1790949837.502403224] [planner_server]: Planning took 18 ms
[planner_server-4] [INFO] [1790949837.502803021] [planner_server]: Plan computed: 611 poses
[planner_server-4] [INFO] [1790949837.632499198] [planner_server]: Planning took 18 ms
[planner_server-4] [INFO] [1790949837.632875842] [planner_server]: Plan computed: 611 poses
[planner_server-4] [INFO] [1790949837.759389045] [planner_server]: Planning took 18 ms
[planner_server-4] [INFO] [1790949837.759704173] [planner_server]: Plan computed: 611 poses
[planner_server-4] [INFO] [1790949837.879379198] [planner_server]: Planning took 18 ms
[planner_server-4] [INFO] [1790949837.880126424] [planner_server]: Plan computed: 611 poses
[planner_server-4] [INFO] [1790949838.010251389] [planner_server]: Planning took 17 ms
[planner_server-4] [INFO] [1790949838.010668839] [planner_server]: Plan computed: 611 poses
[planner_server-4] [INFO] [1790949838.139324940] [planner_server]: Planning took 18 ms
[planner_server-4] [INFO] [1790949838.139787183] [planner_server]: Plan computed: 611 poses
[planner_server-4] [INFO] [1790949838.269221268] [planner_server]: Planning took 18 ms
[planner_server-4] [INFO] [1790949838.269590107] [planner_server]: Plan computed: 611 poses
[planner_server-4] [INFO] [1790949838.399974828] [planner_server]: Planning took 18 ms
[planner_server-4] [INFO] [1790949838.400313270] [planner_server]: Plan computed: 611 poses
[planner_server-4] [INFO] [1790949838.530366291] [planner_server]: Planning took 18 ms
[planner_server-4] [INFO] [1790949838.530765025] [planner_server]: Plan computed: 611 poses
[planner_server-4] [INFO] [1790949838.658263009] [planner_server]: Planning took 16 ms
[planner_server-4] [INFO] [1790949838.659062768] [planner_server]: Plan computed: 611 poses
[planner_server-4] [INFO] [1790949838.778981165] [planner_server]: Planning took 18 ms
[planner_server-4] [INFO] [1790949838.779605125] [planner_server]: Plan computed: 611 poses
[planner_server-4] [INFO] [1790949838.900271534] [planner_server]: Planning took 18 ms
[planner_server-4] [INFO] [1790949838.900668846] [planner_server]: Plan computed: 611 poses
[controller_node-5] [WARN] [1790949838.956728002] [controller_server]: path_copy succeeded.
[controller_node-5] [INFO] [1790949838.956944006] [controller_server]: Computed velocity commands: linear.x=-0.73, linear.y=-0.39, angular.z=0.00
[planner_server-4] [INFO] [1790949839.028824714] [planner_server]: Planning took 17 ms
[planner_server-4] [INFO] [1790949839.029270156] [planner_server]: Plan computed: 611 poses
[planner_server-4] [INFO] [1790949839.158799786] [planner_server]: Planning took 17 ms
[planner_server-4] [INFO] [1790949839.159332270] [planner_server]: Plan computed: 611 poses
[planner_server-4] [INFO] [1790949839.289601993] [planner_server]: Planning took 18 ms
[planner_server-4] [INFO] [1790949839.290061100] [planner_server]: Plan computed: 611 poses
[planner_server-4] [INFO] [1790949839.419119034] [planner_server]: Planning took 18 ms
[planner_server-4] [INFO] [1790949839.419313948] [planner_server]: Plan computed: 611 poses
[planner_server-4] [INFO] [1790949839.538891956] [planner_server]: Planning took 16 ms
[planner_server-4] [INFO] [1790949839.539390286] [planner_server]: Plan computed: 611 poses
[planner_server-4] [INFO] [1790949839.659111110] [planner_server]: Planning took 17 ms
[planner_server-4] [INFO] [1790949839.659538218] [planner_server]: Plan computed: 611 poses
[planner_server-4] [INFO] [1790949839.779323061] [planner_server]: Planning took 16 ms
[planner_server-4] [INFO] [1790949839.779661513] [planner_server]: Plan computed: 611 poses
[planner_server-4] [INFO] [1790949839.900402133] [planner_server]: Planning took 18 ms
[planner_server-4] [INFO] [1790949839.900781090] [planner_server]: Plan computed: 611 poses
[planner_server-4] [INFO] [1790949840.028530060] [planner_server]: Planning took 17 ms
[planner_server-4] [INFO] [1790949840.030512613] [planner_server]: Plan computed: 611 poses
[planner_server-4] [INFO] [1790949840.160194609] [planner_server]: Planning took 18 ms
[planner_server-4] [INFO] [1790949840.160527741] [planner_server]: Plan computed: 611 poses
[planner_server-4] [INFO] [1790949840.289010948] [planner_server]: Planning took 17 ms
[planner_server-4] [INFO] [1790949840.289707770] [planner_server]: Plan computed: 611 poses
[planner_server-4] [INFO] [1790949840.418192595] [planner_server]: Planning took 17 ms
[planner_server-4] [INFO] [1790949840.418654297] [planner_server]: Plan computed: 611 poses
[planner_server-4] [INFO] [1790949840.540505472] [planner_server]: Planning took 18 ms
[planner_server-4] [INFO] [1790949840.541054226] [planner_server]: Plan computed: 611 poses
[planner_server-4] [INFO] [1790949840.670985619] [planner_server]: Planning took 18 ms
[planner_server-4] [INFO] [1790949840.671539593] [planner_server]: Plan computed: 611 poses
[planner_server-4] [INFO] [1790949840.798655266] [planner_server]: Planning took 17 ms
[planner_server-4] [INFO] [1790949840.799679759] [planner_server]: Plan computed: 611 poses
[planner_server-4] [INFO] [1790949840.928929814] [planner_server]: Planning took 17 ms
[planner_server-4] [INFO] [1790949840.929345821] [planner_server]: Plan computed: 611 poses
[controller_node-5] [WARN] [1790949840.957587080] [controller_server]: path_copy succeeded.
[controller_node-5] [INFO] [1790949840.957865199] [controller_server]: Computed velocity commands: linear.x=-0.63, linear.y=0.54, angular.z=0.00
[planner_server-4] [INFO] [1790949841.057590904] [planner_server]: Planning took 16 ms
[planner_server-4] [INFO] [1790949841.058028240] [planner_server]: Plan computed: 611 poses
[planner_server-4] [INFO] [1790949841.178377836] [planner_server]: Planning took 17 ms
[planner_server-4] [INFO] [1790949841.178958090] [planner_server]: Plan computed: 611 poses
[planner_server-4] [INFO] [1790949841.297754331] [planner_server]: Planning took 16 ms
[planner_server-4] [INFO] [1790949841.298085209] [planner_server]: Plan computed: 611 poses
[planner_server-4] [INFO] [1790949841.417673317] [planner_server]: Planning took 17 ms
[planner_server-4] [INFO] [1790949841.418330953] [planner_server]: Plan computed: 611 poses
[planner_server-4] [INFO] [1790949841.539376935] [planner_server]: Planning took 18 ms
[planner_server-4] [INFO] [1790949841.540031338] [planner_server]: Plan computed: 611 poses
[planner_server-4] [INFO] [1790949841.670073916] [planner_server]: Planning took 17 ms
[planner_server-4] [INFO] [1790949841.670443707] [planner_server]: Plan computed: 611 poses
[planner_server-4] [INFO] [1790949841.799543252] [planner_server]: Planning took 18 ms
[planner_server-4] [INFO] [1790949841.800103298] [planner_server]: Plan computed: 611 poses
[planner_server-4] [INFO] [1790949841.929441218] [planner_server]: Planning took 17 ms
[planner_server-4] [INFO] [1790949841.929745406] [planner_server]: Plan computed: 611 poses
[planner_server-4] [INFO] [1790949842.049902578] [planner_server]: Planning took 18 ms
[planner_server-4] [INFO] [1790949842.050354592] [planner_server]: Plan computed: 611 poses
[planner_server-4] [INFO] [1790949842.177791954] [planner_server]: Planning took 17 ms
[planner_server-4] [INFO] [1790949842.178175511] [planner_server]: Plan computed: 611 poses
[planner_server-4] [INFO] [1790949842.299071644] [planner_server]: Planning took 18 ms
[planner_server-4] [INFO] [1790949842.299428531] [planner_server]: Plan computed: 611 poses
[planner_server-4] [INFO] [1790949842.429918754] [planner_server]: Planning took 17 ms
[planner_server-4] [INFO] [1790949842.430361982] [planner_server]: Plan computed: 611 poses
[planner_server-4] [INFO] [1790949842.557448179] [planner_server]: Planning took 16 ms
[planner_server-4] [INFO] [1790949842.557793784] [planner_server]: Plan computed: 611 poses
[planner_server-4] [INFO] [1790949842.677901355] [planner_server]: Planning took 17 ms
[planner_server-4] [INFO] [1790949842.678207016] [planner_server]: Plan computed: 611 poses
[planner_server-4] [INFO] [1790949842.798405281] [planner_server]: Planning took 17 ms
[planner_server-4] [INFO] [1790949842.798958744] [planner_server]: Plan computed: 611 poses
[planner_server-4] [INFO] [1790949842.919309585] [planner_server]: Planning took 18 ms
[planner_server-4] [INFO] [1790949842.919675949] [planner_server]: Plan computed: 611 poses
[controller_node-5] [WARN] [1790949842.976534466] [controller_server]: path_copy succeeded.
[controller_node-5] [INFO] [1790949842.976786837] [controller_server]: Computed velocity commands: linear.x=0.30, linear.y=0.78, angular.z=0.00
[planner_server-4] [INFO] [1790949843.050483887] [planner_server]: Planning took 17 ms
[planner_server-4] [INFO] [1790949843.050718084] [planner_server]: Plan computed: 611 poses
[planner_server-4] [INFO] [1790949843.180319609] [planner_server]: Planning took 19 ms
[planner_server-4] [INFO] [1790949843.180725748] [planner_server]: Plan computed: 611 poses
[planner_server-4] [INFO] [1790949843.308466282] [planner_server]: Planning took 17 ms
[planner_server-4] [INFO] [1790949843.308782773] [planner_server]: Plan computed: 611 poses
[planner_server-4] [INFO] [1790949843.428125171] [planner_server]: Planning took 17 ms
[planner_server-4] [INFO] [1790949843.428507455] [planner_server]: Plan computed: 611 poses
[planner_server-4] [INFO] [1790949843.549381098] [planner_server]: Planning took 17 ms
[planner_server-4] [INFO] [1790949843.549875412] [planner_server]: Plan computed: 611 poses
[planner_server-4] [INFO] [1790949843.668862591] [planner_server]: Planning took 17 ms
[planner_server-4] [INFO] [1790949843.669363387] [planner_server]: Plan computed: 611 poses
[planner_server-4] [INFO] [1790949843.801323597] [planner_server]: Planning took 19 ms
[planner_server-4] [INFO] [1790949843.801720950] [planner_server]: Plan computed: 611 poses
[planner_server-4] [INFO] [1790949843.930319272] [planner_server]: Planning took 17 ms
[planner_server-4] [INFO] [1790949843.930750167] [planner_server]: Plan computed: 611 poses
[planner_server-4] [INFO] [1790949844.058900452] [planner_server]: Planning took 17 ms
[planner_server-4] [INFO] [1790949844.059132075] [planner_server]: Plan computed: 611 poses
[planner_server-4] [INFO] [1790949844.178266981] [planner_server]: Planning took 17 ms
[planner_server-4] [INFO] [1790949844.178645218] [planner_server]: Plan computed: 611 poses
[planner_server-4] [INFO] [1790949844.300971997] [planner_server]: Planning took 19 ms
[planner_server-4] [INFO] [1790949844.301322451] [planner_server]: Plan computed: 611 poses
[planner_server-4] [INFO] [1790949844.428375547] [planner_server]: Planning took 16 ms
[planner_server-4] [INFO] [1790949844.428735179] [planner_server]: Plan computed: 611 poses
[planner_server-4] [INFO] [1790949844.548259583] [planner_server]: Planning took 17 ms
[planner_server-4] [INFO] [1790949844.548726997] [planner_server]: Plan computed: 611 poses
[planner_server-4] [INFO] [1790949844.668847254] [planner_server]: Planning took 17 ms
[planner_server-4] [INFO] [1790949844.669474235] [planner_server]: Plan computed: 611 poses
[planner_server-4] [INFO] [1790949844.790000047] [planner_server]: Planning took 17 ms
[planner_server-4] [INFO] [1790949844.790380418] [planner_server]: Plan computed: 611 poses
[planner_server-4] [INFO] [1790949844.918368133] [planner_server]: Planning took 17 ms
[planner_server-4] [INFO] [1790949844.918550834] [planner_server]: Plan computed: 611 poses
[controller_node-5] [WARN] [1790949844.996314034] [controller_server]: path_copy succeeded.
[controller_node-5] [INFO] [1790949844.996517544] [controller_server]: Computed velocity commands: linear.x=0.83, linear.y=0.06, angular.z=0.00
[planner_server-4] [INFO] [1790949845.037945226] [planner_server]: Planning took 17 ms
[planner_server-4] [INFO] [1790949845.038440882] [planner_server]: Plan computed: 611 poses
[planner_server-4] [INFO] [1790949845.158490709] [planner_server]: Planning took 17 ms
[planner_server-4] [INFO] [1790949845.158946821] [planner_server]: Plan computed: 611 poses
[planner_server-4] [INFO] [1790949845.277632279] [planner_server]: Planning took 16 ms
[planner_server-4] [INFO] [1790949845.278105904] [planner_server]: Plan computed: 611 poses
[planner_server-4] [INFO] [1790949845.397541343] [planner_server]: Planning took 16 ms
[planner_server-4] [INFO] [1790949845.397869647] [planner_server]: Plan computed: 611 poses
[planner_server-4] [INFO] [1790949845.521283939] [planner_server]: Planning took 20 ms
[planner_server-4] [INFO] [1790949845.521712168] [planner_server]: Plan computed: 611 poses
[planner_server-4] [INFO] [1790949845.649070557] [planner_server]: Planning took 17 ms
[planner_server-4] [INFO] [1790949845.649484641] [planner_server]: Plan computed: 611 poses
[planner_server-4] [INFO] [1790949845.779116776] [planner_server]: Planning took 17 ms
[planner_server-4] [INFO] [1790949845.780565131] [planner_server]: Plan computed: 611 poses
[planner_server-4] [INFO] [1790949845.908208630] [planner_server]: Planning took 17 ms
[planner_server-4] [INFO] [1790949845.908767093] [planner_server]: Plan computed: 611 poses
[planner_server-4] [INFO] [1790949846.029619522] [planner_server]: Planning took 17 ms
[planner_server-4] [INFO] [1790949846.030166954] [planner_server]: Plan computed: 611 poses
[planner_server-4] [INFO] [1790949846.158230922] [planner_server]: Planning took 16 ms
[planner_server-4] [INFO] [1790949846.158596435] [planner_server]: Plan computed: 611 poses
[planner_server-4] [INFO] [1790949846.277996360] [planner_server]: Planning took 17 ms
[planner_server-4] [INFO] [1790949846.278319564] [planner_server]: Plan computed: 611 poses
[planner_server-4] [INFO] [1790949846.409220731] [planner_server]: Planning took 17 ms
[planner_server-4] [INFO] [1790949846.409661575] [planner_server]: Plan computed: 611 poses
[planner_server-4] [INFO] [1790949846.540995661] [planner_server]: Planning took 17 ms
[planner_server-4] [INFO] [1790949846.541516414] [planner_server]: Plan computed: 611 poses
[planner_server-4] [INFO] [1790949846.668579893] [planner_server]: Planning took 17 ms
[planner_server-4] [INFO] [1790949846.669107579] [planner_server]: Plan computed: 611 poses
[planner_server-4] [INFO] [1790949846.788786985] [planner_server]: Planning took 17 ms
[planner_server-4] [INFO] [1790949846.789299773] [planner_server]: Plan computed: 611 poses
[planner_server-4] [INFO] [1790949846.908879243] [planner_server]: Planning took 17 ms
[planner_server-4] [INFO] [1790949846.909436274] [planner_server]: Plan computed: 611 poses
[controller_node-5] [WARN] [1790949847.016646354] [controller_server]: path_copy succeeded.
[controller_node-5] [INFO] [1790949847.017199317] [controller_server]: Computed velocity commands: linear.x=0.25, linear.y=-0.79, angular.z=0.00
[planner_server-4] [INFO] [1790949847.031702703] [planner_server]: Planning took 18 ms
[planner_server-4] [INFO] [1790949847.032826381] [planner_server]: Plan computed: 611 poses
[planner_server-4] [INFO] [1790949847.159495264] [planner_server]: Planning took 18 ms
[planner_server-4] [INFO] [1790949847.159942148] [planner_server]: Plan computed: 611 poses
[planner_server-4] [INFO] [1790949847.287673889] [planner_server]: Planning took 16 ms
[planner_server-4] [INFO] [1790949847.288039222] [planner_server]: Plan computed: 611 poses
[planner_server-4] [INFO] [1790949847.409707275] [planner_server]: Planning took 17 ms
[planner_server-4] [INFO] [1790949847.410465100] [planner_server]: Plan computed: 611 poses
[planner_server-4] [INFO] [1790949847.538358852] [planner_server]: Planning took 17 ms
[planner_server-4] [INFO] [1790949847.538666898] [planner_server]: Plan computed: 611 poses
[planner_server-4] [INFO] [1790949847.657604901] [planner_server]: Planning took 16 ms
[planner_server-4] [INFO] [1790949847.657884553] [planner_server]: Plan computed: 611 poses
[planner_server-4] [INFO] [1790949847.788698159] [planner_server]: Planning took 17 ms
[planner_server-4] [INFO] [1790949847.789460924] [planner_server]: Plan computed: 611 poses
[planner_server-4] [INFO] [1790949847.920500080] [planner_server]: Planning took 19 ms
[planner_server-4] [INFO] [1790949847.920894197] [planner_server]: Plan computed: 611 poses
[planner_server-4] [INFO] [1790949848.047566052] [planner_server]: Planning took 16 ms
[planner_server-4] [INFO] [1790949848.047923329] [planner_server]: Plan computed: 611 poses
[planner_server-4] [INFO] [1790949848.168366890] [planner_server]: Planning took 17 ms
[planner_server-4] [INFO] [1790949848.168876542] [planner_server]: Plan computed: 611 poses
[planner_server-4] [INFO] [1790949848.288524654] [planner_server]: Planning took 16 ms
[planner_server-4] [INFO] [1790949848.289091683] [planner_server]: Plan computed: 611 poses
[planner_server-4] [INFO] [1790949848.407962762] [planner_server]: Planning took 16 ms
[planner_server-4] [INFO] [1790949848.408331761] [planner_server]: Plan computed: 611 poses
[planner_server-4] [INFO] [1790949848.527690442] [planner_server]: Planning took 17 ms
[planner_server-4] [INFO] [1790949848.528168255] [planner_server]: Plan computed: 611 poses
[planner_server-4] [INFO] [1790949848.657789579] [planner_server]: Planning took 16 ms
[planner_server-4] [INFO] [1790949848.658077537] [planner_server]: Plan computed: 611 poses
[planner_server-4] [INFO] [1790949848.778102317] [planner_server]: Planning took 17 ms
[planner_server-4] [INFO] [1790949848.778494058] [planner_server]: Plan computed: 611 poses
[planner_server-4] [INFO] [1790949848.899200551] [planner_server]: Planning took 17 ms
[planner_server-4] [INFO] [1790949848.899610257] [planner_server]: Plan computed: 611 poses
[planner_server-4] [INFO] [1790949849.020480496] [planner_server]: Planning took 19 ms
[planner_server-4] [INFO] [1790949849.021051452] [planner_server]: Plan computed: 611 poses
[controller_node-5] [WARN] [1790949849.036095553] [controller_server]: path_copy succeeded.
[controller_node-5] [INFO] [1790949849.036314953] [controller_server]: Computed velocity commands: linear.x=-0.68, linear.y=-0.48, angular.z=0.00
[planner_server-4] [INFO] [1790949849.153152646] [planner_server]: Planning took 19 ms
[planner_server-4] [INFO] [1790949849.153518229] [planner_server]: Plan computed: 611 poses
[planner_server-4] [INFO] [1790949849.278164177] [planner_server]: Planning took 17 ms
[planner_server-4] [INFO] [1790949849.278462644] [planner_server]: Plan computed: 611 poses
[planner_server-4] [INFO] [1790949849.399012411] [planner_server]: Planning took 17 ms
[planner_server-4] [INFO] [1790949849.399632919] [planner_server]: Plan computed: 611 poses
[planner_server-4] [INFO] [1790949849.529550564] [planner_server]: Planning took 18 ms
[planner_server-4] [INFO] [1790949849.530216588] [planner_server]: Plan computed: 611 poses
[planner_server-4] [INFO] [1790949849.658670094] [planner_server]: Planning took 17 ms
[planner_server-4] [INFO] [1790949849.659273311] [planner_server]: Plan computed: 611 poses
[planner_server-4] [INFO] [1790949849.791220813] [planner_server]: Planning took 18 ms
[planner_server-4] [INFO] [1790949849.791562651] [planner_server]: Plan computed: 611 poses
[planner_server-4] [INFO] [1790949849.922191071] [planner_server]: Planning took 20 ms
[planner_server-4] [INFO] [1790949849.922885561] [planner_server]: Plan computed: 611 poses
[planner_server-4] [INFO] [1790949850.048743964] [planner_server]: Planning took 17 ms
[planner_server-4] [INFO] [1790949850.049200407] [planner_server]: Plan computed: 611 poses
[planner_server-4] [INFO] [1790949850.178372130] [planner_server]: Planning took 17 ms
[planner_server-4] [INFO] [1790949850.178775774] [planner_server]: Plan computed: 611 poses
[planner_server-4] [INFO] [1790949850.297857670] [planner_server]: Planning took 17 ms
[planner_server-4] [INFO] [1790949850.298153723] [planner_server]: Plan computed: 611 poses
[planner_server-4] [INFO] [1790949850.428702694] [planner_server]: Planning took 17 ms
[planner_server-4] [INFO] [1790949850.429550407] [planner_server]: Plan computed: 611 poses
[planner_server-4] [INFO] [1790949850.550387917] [planner_server]: Planning took 17 ms
[planner_server-4] [INFO] [1790949850.550751186] [planner_server]: Plan computed: 611 poses
[planner_server-4] [INFO] [1790949850.678328661] [planner_server]: Planning took 17 ms
[planner_server-4] [INFO] [1790949850.678770366] [planner_server]: Plan computed: 611 poses
[planner_server-4] [INFO] [1790949850.805248077] [planner_server]: Planning took 23 ms
[planner_server-4] [INFO] [1790949850.805679283] [planner_server]: Plan computed: 611 poses
[planner_server-4] [INFO] [1790949850.927445162] [planner_server]: Planning took 16 ms
[planner_server-4] [INFO] [1790949850.927841202] [planner_server]: Plan computed: 611 poses
[controller_node-5] [WARN] [1790949851.036239703] [controller_server]: path_copy succeeded.
[controller_node-5] [INFO] [1790949851.036469182] [controller_server]: Computed velocity commands: linear.x=-0.66, linear.y=0.51, angular.z=0.00
[planner_server-4] [INFO] [1790949851.050282083] [planner_server]: Planning took 17 ms
[planner_server-4] [INFO] [1790949851.050700134] [planner_server]: Plan computed: 611 poses
[planner_server-4] [INFO] [1790949851.178521527] [planner_server]: Planning took 17 ms
[planner_server-4] [INFO] [1790949851.178987046] [planner_server]: Plan computed: 611 poses
[planner_server-4] [INFO] [1790949851.298611117] [planner_server]: Planning took 18 ms
[planner_server-4] [INFO] [1790949851.298995995] [planner_server]: Plan computed: 611 poses
[planner_server-4] [INFO] [1790949851.430060616] [planner_server]: Planning took 18 ms
[planner_server-4] [INFO] [1790949851.430515546] [planner_server]: Plan computed: 611 poses
[planner_server-4] [INFO] [1790949851.558147835] [planner_server]: Planning took 17 ms
[planner_server-4] [INFO] [1790949851.558454057] [planner_server]: Plan computed: 611 poses
[planner_server-4] [INFO] [1790949851.680770015] [planner_server]: Planning took 18 ms
[planner_server-4] [INFO] [1790949851.681179230] [planner_server]: Plan computed: 611 poses
[planner_server-4] [INFO] [1790949851.808987678] [planner_server]: Planning took 18 ms
[planner_server-4] [INFO] [1790949851.809425325] [planner_server]: Plan computed: 611 poses
[planner_server-4] [INFO] [1790949851.941105205] [planner_server]: Planning took 18 ms
[planner_server-4] [INFO] [1790949851.941313775] [planner_server]: Plan computed: 611 poses
[planner_server-4] [INFO] [1790949852.070558346] [planner_server]: Planning took 19 ms
[planner_server-4] [INFO] [1790949852.070890056] [planner_server]: Plan computed: 611 poses
[planner_server-4] [INFO] [1790949852.199103653] [planner_server]: Planning took 17 ms
[planner_server-4] [INFO] [1790949852.199469456] [planner_server]: Plan computed: 611 poses
[planner_server-4] [INFO] [1790949852.328847668] [planner_server]: Planning took 17 ms
[planner_server-4] [INFO] [1790949852.329258505] [planner_server]: Plan computed: 611 poses
[planner_server-4] [INFO] [1790949852.458312256] [planner_server]: Planning took 17 ms
[planner_server-4] [INFO] [1790949852.458625121] [planner_server]: Plan computed: 611 poses
[planner_server-4] [INFO] [1790949852.577861012] [planner_server]: Planning took 17 ms
[planner_server-4] [INFO] [1790949852.578457847] [planner_server]: Plan computed: 611 poses
[planner_server-4] [INFO] [1790949852.697830960] [planner_server]: Planning took 17 ms
[planner_server-4] [INFO] [1790949852.698380767] [planner_server]: Plan computed: 611 poses
[planner_server-4] [INFO] [1790949852.818958177] [planner_server]: Planning took 18 ms
[planner_server-4] [INFO] [1790949852.819362743] [planner_server]: Plan computed: 611 poses
[planner_server-4] [INFO] [1790949852.937989464] [planner_server]: Planning took 17 ms
[planner_server-4] [INFO] [1790949852.938287410] [planner_server]: Plan computed: 611 poses
[controller_node-5] [WARN] [1790949853.056100220] [controller_server]: path_copy succeeded.
[controller_node-5] [INFO] [1790949853.056278533] [controller_server]: Computed velocity commands: linear.x=0.26, linear.y=0.79, angular.z=0.00
[planner_server-4] [INFO] [1790949853.058829996] [planner_server]: Planning took 18 ms
[planner_server-4] [INFO] [1790949853.059311305] [planner_server]: Plan computed: 611 poses
[planner_server-4] [INFO] [1790949853.189197881] [planner_server]: Planning took 18 ms
[planner_server-4] [INFO] [1790949853.189630950] [planner_server]: Plan computed: 611 poses
[planner_server-4] [INFO] [1790949853.318899829] [planner_server]: Planning took 17 ms
[planner_server-4] [INFO] [1790949853.319191695] [planner_server]: Plan computed: 611 poses
[planner_server-4] [INFO] [1790949853.450386331] [planner_server]: Planning took 18 ms
[planner_server-4] [INFO] [1790949853.450870766] [planner_server]: Plan computed: 611 poses
[planner_server-4] [INFO] [1790949853.579324768] [planner_server]: Planning took 18 ms
[planner_server-4] [INFO] [1790949853.579576769] [planner_server]: Plan computed: 611 poses
[planner_server-4] [INFO] [1790949853.707291369] [planner_server]: Planning took 16 ms
[planner_server-4] [INFO] [1790949853.707635763] [planner_server]: Plan computed: 611 poses
[planner_server-4] [INFO] [1790949853.829574260] [planner_server]: Planning took 17 ms
[planner_server-4] [INFO] [1790949853.830098198] [planner_server]: Plan computed: 611 poses
[planner_server-4] [INFO] [1790949853.958874953] [planner_server]: Planning took 18 ms
[planner_server-4] [INFO] [1790949853.959152421] [planner_server]: Plan computed: 611 poses
[planner_server-4] [INFO] [1790949854.078619277] [planner_server]: Planning took 17 ms
[planner_server-4] [INFO] [1790949854.079170627] [planner_server]: Plan computed: 611 poses
[planner_server-4] [INFO] [1790949854.199069255] [planner_server]: Planning took 17 ms
[planner_server-4] [INFO] [1790949854.199478068] [planner_server]: Plan computed: 611 poses
[planner_server-4] [INFO] [1790949854.330664456] [planner_server]: Planning took 19 ms
[planner_server-4] [INFO] [1790949854.331253566] [planner_server]: Plan computed: 611 poses
[planner_server-4] [INFO] [1790949854.459936077] [planner_server]: Planning took 17 ms
[planner_server-4] [INFO] [1790949854.460241637] [planner_server]: Plan computed: 611 poses
[planner_server-4] [INFO] [1790949854.588089644] [planner_server]: Planning took 17 ms
[planner_server-4] [INFO] [1790949854.588392500] [planner_server]: Plan computed: 611 poses
[planner_server-4] [INFO] [1790949854.708479078] [planner_server]: Planning took 17 ms
[planner_server-4] [INFO] [1790949854.708856062] [planner_server]: Plan computed: 611 poses
[planner_server-4] [INFO] [1790949854.828723772] [planner_server]: Planning took 17 ms
[planner_server-4] [INFO] [1790949854.829402369] [planner_server]: Plan computed: 611 poses
[planner_server-4] [INFO] [1790949854.957623043] [planner_server]: Planning took 16 ms
[planner_server-4] [INFO] [1790949854.958000017] [planner_server]: Plan computed: 611 poses
[controller_node-5] [WARN] [1790949855.056466170] [controller_server]: path_copy succeeded.
[controller_node-5] [INFO] [1790949855.056680380] [controller_server]: Computed velocity commands: linear.x=0.83, linear.y=0.04, angular.z=0.00
[planner_server-4] [INFO] [1790949855.080840130] [planner_server]: Planning took 18 ms
[planner_server-4] [INFO] [1790949855.081246629] [planner_server]: Plan computed: 611 poses
[planner_server-4] [INFO] [1790949855.208380673] [planner_server]: Planning took 16 ms
[planner_server-4] [INFO] [1790949855.208766163] [planner_server]: Plan computed: 611 poses
[planner_server-4] [INFO] [1790949855.343917504] [planner_server]: Planning took 19 ms
[planner_server-4] [INFO] [1790949855.344300379] [planner_server]: Plan computed: 611 poses
[planner_server-4] [INFO] [1790949855.467720085] [planner_server]: Planning took 17 ms
[planner_server-4] [INFO] [1790949855.468299968] [planner_server]: Plan computed: 611 poses
[planner_server-4] [INFO] [1790949855.588410262] [planner_server]: Planning took 17 ms
[planner_server-4] [INFO] [1790949855.588941174] [planner_server]: Plan computed: 611 poses
[planner_server-4] [INFO] [1790949855.718634589] [planner_server]: Planning took 16 ms
[planner_server-4] [INFO] [1790949855.719216426] [planner_server]: Plan computed: 611 poses
[planner_server-4] [INFO] [1790949855.837713204] [planner_server]: Planning took 16 ms
[planner_server-4] [INFO] [1790949855.838065101] [planner_server]: Plan computed: 611 poses
[planner_server-4] [INFO] [1790949855.959135701] [planner_server]: Planning took 17 ms
[planner_server-4] [INFO] [1790949855.960039058] [planner_server]: Plan computed: 611 poses
[planner_server-4] [INFO] [1790949856.088269071] [planner_server]: Planning took 16 ms
[planner_server-4] [INFO] [1790949856.088765478] [planner_server]: Plan computed: 611 poses
[planner_server-4] [INFO] [1790949856.219109591] [planner_server]: Planning took 17 ms
[planner_server-4] [INFO] [1790949856.219812955] [planner_server]: Plan computed: 611 poses
[planner_server-4] [INFO] [1790949856.349972222] [planner_server]: Planning took 17 ms
[planner_server-4] [INFO] [1790949856.350670737] [planner_server]: Plan computed: 611 poses
[planner_server-4] [INFO] [1790949856.478321448] [planner_server]: Planning took 17 ms
[planner_server-4] [INFO] [1790949856.479069616] [planner_server]: Plan computed: 611 poses
[planner_server-4] [INFO] [1790949856.611391954] [planner_server]: Planning took 19 ms
[planner_server-4] [INFO] [1790949856.611757627] [planner_server]: Plan computed: 611 poses
[planner_server-4] [INFO] [1790949856.742840249] [planner_server]: Planning took 21 ms
[planner_server-4] [INFO] [1790949856.743542862] [planner_server]: Plan computed: 611 poses
[planner_server-4] [INFO] [1790949856.868451761] [planner_server]: Planning took 17 ms
[planner_server-4] [INFO] [1790949856.869000156] [planner_server]: Plan computed: 611 poses
[planner_server-4] [INFO] [1790949856.999789345] [planner_server]: Planning took 17 ms
[planner_server-4] [INFO] [1790949857.000096459] [planner_server]: Plan computed: 611 poses
[controller_node-5] [WARN] [1790949857.076188614] [controller_server]: path_copy succeeded.
[controller_node-5] [INFO] [1790949857.076368080] [controller_server]: Computed velocity commands: linear.x=0.31, linear.y=-0.77, angular.z=0.00
[planner_server-4] [INFO] [1790949857.129125882] [planner_server]: Planning took 18 ms
[planner_server-4] [INFO] [1790949857.129643899] [planner_server]: Plan computed: 611 poses
[planner_server-4] [INFO] [1790949857.259203793] [planner_server]: Planning took 17 ms
[planner_server-4] [INFO] [1790949857.259578212] [planner_server]: Plan computed: 611 poses
[planner_server-4] [INFO] [1790949857.390746851] [planner_server]: Planning took 17 ms
[planner_server-4] [INFO] [1790949857.391327225] [planner_server]: Plan computed: 611 poses
[planner_server-4] [INFO] [1790949857.518757145] [planner_server]: Planning took 17 ms
[planner_server-4] [INFO] [1790949857.519305279] [planner_server]: Plan computed: 611 poses
[planner_server-4] [INFO] [1790949857.640278628] [planner_server]: Planning took 19 ms
[planner_server-4] [INFO] [1790949857.640568610] [planner_server]: Plan computed: 611 poses
[planner_server-4] [INFO] [1790949857.769996031] [planner_server]: Planning took 18 ms
[planner_server-4] [INFO] [1790949857.770536361] [planner_server]: Plan computed: 611 poses
[planner_server-4] [INFO] [1790949857.898243989] [planner_server]: Planning took 16 ms
[planner_server-4] [INFO] [1790949857.898567874] [planner_server]: Plan computed: 611 poses
[planner_server-4] [INFO] [1790949858.018331043] [planner_server]: Planning took 17 ms
[planner_server-4] [INFO] [1790949858.018717585] [planner_server]: Plan computed: 611 poses
[planner_server-4] [INFO] [1790949858.138296761] [planner_server]: Planning took 17 ms
[planner_server-4] [INFO] [1790949858.138609565] [planner_server]: Plan computed: 611 poses
[planner_server-4] [INFO] [1790949858.258246009] [planner_server]: Planning took 17 ms
[planner_server-4] [INFO] [1790949858.258833065] [planner_server]: Plan computed: 611 poses
[WARNING] [launch]: user interrupted with ctrl-c (SIGINT)
[controller_node-5] [INFO] [1790949858.316263411] [rclcpp]: signal_handler(SIGINT/SIGTERM)
[nav_interface_node-7] [INFO] [1790949858.316247196] [rclcpp]: signal_handler(SIGINT/SIGTERM)
[planner_server-4] [INFO] [1790949858.316367160] [rclcpp]: signal_handler(SIGINT/SIGTERM)
[INFO] [rviz2-8]: sending signal 'SIGINT' to process[rviz2-8]
[INFO] [nav_interface_node-7]: sending signal 'SIGINT' to process[nav_interface_node-7]
[INFO] [sp_decision_node-6]: sending signal 'SIGINT' to process[sp_decision_node-6]
[INFO] [controller_node-5]: sending signal 'SIGINT' to process[controller_node-5]
[INFO] [planner_server-4]: sending signal 'SIGINT' to process[planner_server-4]
[INFO] [esdf_map_publisher-3]: sending signal 'SIGINT' to process[esdf_map_publisher-3]
[INFO] [sim_robot-2]: sending signal 'SIGINT' to process[sim_robot-2]
[ERROR] [nav_interface_node-7]: process has died [pid 183586, exit code -2, cmd '/home/zrj/nav_final_project/install/sp_nav_bt/lib/sp_nav_bt/nav_interface_node --ros-args -r __node:=nav_interface_node --params-file /home/zrj/nav_final_project/install/sp_nav_bringup/share/sp_nav_bringup/config/nav_params.yaml --params-file /tmp/launch_params_7smpkwc0'].
[INFO] [static_transform_publisher-1]: sending signal 'SIGINT' to process[static_transform_publisher-1]
[static_transform_publisher-1] [INFO] [1790949858.316738273] [rclcpp]: signal_handler(SIGINT/SIGTERM)
[ERROR] [controller_node-5]: process has died [pid 183582, exit code -2, cmd '/home/zrj/nav_final_project/install/sp_controller_server/lib/sp_controller_server/controller_node --ros-args -r __node:=controller_server --params-file /home/zrj/nav_final_project/install/sp_nav_bringup/share/sp_nav_bringup/config/nav_params.yaml --params-file /tmp/launch_params_k_9qre7k'].
[ERROR] [planner_server-4]: process has died [pid 183580, exit code -2, cmd '/home/zrj/nav_final_project/install/sp_global_planner/lib/sp_global_planner/planner_server --ros-args -r __node:=planner_server --params-file /home/zrj/nav_final_project/install/sp_nav_bringup/share/sp_nav_bringup/config/nav_params.yaml --params-file /tmp/launch_params_79ugw6ve'].
[rviz2-8] [INFO] [1790949858.317131558] [rclcpp]: signal_handler(SIGINT/SIGTERM)
[sp_decision_node-6] [INFO] [1790949858.318043000] [rclcpp]: signal_handler(SIGINT/SIGTERM)
[sp_decision_node-6] [INFO] [1790949858.320571965] [sp_decision]: [NavToPose] Halted – canceling active goal.
[sp_decision_node-6] [INFO] [1790949858.320858480] [sp_decision]: [DecisionEngine] Stopped.
[nav_interface_node-7] [ERROR] [1790949858.318138339] [nav_interface_node]: Navigation task failed.
[esdf_map_publisher-3] [INFO] [1790949858.321334659] [rclcpp]: signal_handler(SIGINT/SIGTERM)
[nav_interface_node-7] [ERROR] [1790949858.331295266] [nav_interface_node]: Exception in execute_tree: Asked to publish result for goal that does not exist
[rviz2-8] [INFO] [1790949858.334515742] [rclcpp]: signal_handler(SIGINT/SIGTERM)
[ERROR] [static_transform_publisher-1]: process has died [pid 183574, exit code -2, cmd '/opt/ros/humble/lib/tf2_ros/static_transform_publisher 0 0.15 0 0 0 0 base_link livox_frame --ros-args'].
[sim_robot-2] Exception in thread Thread-1 (spin):
[sim_robot-2] Traceback (most recent call last):
[sim_robot-2]   File "/usr/lib/python3.10/threading.py", line 1016, in _bootstrap_inner
[sp_decision_node-6] [INFO] [1790949858.340736357] [rclcpp]: signal_handler(SIGINT/SIGTERM)
[esdf_map_publisher-3] [INFO] [1790949858.348052960] [rclcpp]: signal_handler(SIGINT/SIGTERM)
[sim_robot-2] Traceback (most recent call last):
[sim_robot-2]   File "/home/zrj/nav_final_project/install/sp_nav_sim/lib/sp_nav_sim/sim_robot", line 33, in <module>
[sim_robot-2]     sys.exit(load_entry_point('sp-nav-sim', 'console_scripts', 'sim_robot')())
[sim_robot-2]   File "/home/zrj/nav_final_project/build/sp_nav_sim/sp_nav_sim/sim_robot_node.py", line 598, in main
[sim_robot-2]     node.destroy_node()
[sim_robot-2]   File "/opt/ros/humble/local/lib/python3.10/dist-packages/rclpy/node.py", line 1685, in destroy_node
[sim_robot-2]     self.destroy_publisher(self._publishers[0])
[sim_robot-2]   File "/opt/ros/humble/local/lib/python3.10/dist-packages/rclpy/node.py", line 1565, in destroy_publisher
[sim_robot-2]     publisher.destroy()
[sim_robot-2]   File "/opt/ros/humble/local/lib/python3.10/dist-packages/rclpy/publisher.py", line 99, in destroy
[sim_robot-2]     self.__publisher.destroy_when_not_in_use()
[sim_robot-2] KeyboardInterrupt
[sim_robot-2]     self.run()
[sim_robot-2]   File "/usr/lib/python3.10/threading.py", line 953, in run
[sim_robot-2]     self._target(*self._args, **self._kwargs)
[sim_robot-2]   File "/opt/ros/humble/local/lib/python3.10/dist-packages/rclpy/executors.py", line 323, in spin
[sim_robot-2]     self.spin_once()
[sim_robot-2]   File "/opt/ros/humble/local/lib/python3.10/dist-packages/rclpy/executors.py", line 867, in spin_once
[sim_robot-2]     self._spin_once_impl(timeout_sec)
[sim_robot-2]   File "/opt/ros/humble/local/lib/python3.10/dist-packages/rclpy/executors.py", line 848, in _spin_once_impl
[sim_robot-2]     handler, entity, node = self.wait_for_ready_callbacks(
[sim_robot-2]   File "/opt/ros/humble/local/lib/python3.10/dist-packages/rclpy/executors.py", line 784, in wait_for_ready_callbacks
[sim_robot-2]     return next(self._cb_iter)
[sim_robot-2]   File "/opt/ros/humble/local/lib/python3.10/dist-packages/rclpy/executors.py", line 657, in _wait_for_ready_callbacks
[sim_robot-2]     wait_set = _rclpy.WaitSet(
[sim_robot-2] rclpy._rclpy_pybind11.RCLError: failed to initialize wait set: the given context is not valid, either rcl_init() was not called or rcl_shutdown() was called., at ./src/rcl/wait.c:130
[sim_robot-2] The following exception was never retrieved: Failed to publish: publisher's context is invalid, at ./src/rcl/publisher.c:389
[sim_robot-2] The following exception was never retrieved: Failed to publish: publisher's context is invalid, at ./src/rcl/publisher.c:389
[INFO] [esdf_map_publisher-3]: process has finished cleanly [pid 183578]
[INFO] [rviz2-8]: process has finished cleanly [pid 183590]
[ERROR] [sim_robot-2]: process has died [pid 183576, exit code -2, cmd '/home/zrj/nav_final_project/install/sp_nav_sim/lib/sp_nav_sim/sim_robot --ros-args -r __node:=sim_robot_node --params-file /home/zrj/nav_final_project/install/sp_nav_sim/share/sp_nav_sim/config/sim_robot.yaml'].
[ERROR] [sp_decision_node-6]: process[sp_decision_node-6] failed to terminate '5' seconds after receiving 'SIGINT', escalating to 'SIGTERM'
[INFO] [sp_decision_node-6]: sending signal 'SIGTERM' to process[sp_decision_node-6]
[sp_decision_node-6] [INFO] [1790949863.334098218] [rclcpp]: signal_handler(SIGINT/SIGTERM)
[ERROR] [sp_decision_node-6]: process[sp_decision_node-6] failed to terminate '10.0' seconds after receiving 'SIGTERM', escalating to 'SIGKILL'
[INFO] [sp_decision_node-6]: sending signal 'SIGKILL' to process[sp_decision_node-6]
[ERROR] [sp_decision_node-6]: process has died [pid 183584, exit code -9, cmd '/home/zrj/nav_final_project/install/sp_decision/lib/sp_decision/sp_decision_node --ros-args -r __node:=sp_decision --params-file /home/zrj/nav_final_project/install/sp_nav_bringup/share/sp_nav_bringup/config/nav_params.yaml --params-file /tmp/launch_params_lakzn67x'].
