time_s,x_m,y_m,vx_mps,vy_mps,cmd_x_mps,cmd_y_mps,goal_error_m,initial_path_error_m,initial_raw_path_error_m,current_path_error_m,wall_clearance_m
0.005214312999669346,0.9,0.9,0.0,0.0,0.0,0.0,18.667619023324853,nan,nan,nan,0.75
0.03619261799940432,0.9,0.9,0.0,0.0,0.0,0.0,18.667619023324853,nan,nan,nan,0.75
0.06679947699922195,0.9,0.9,0.0,0.0,0.0,0.0,18.667619023324853,nan,nan,nan,0.75
0.10022668899910059,0.9,0.9,0.0,0.0,0.0,0.0,18.667619023324853,nan,nan,nan,0.75
0.13157521599896427,0.9,0.9,0.0,0.0,0.0,0.0,18.667619023324853,nan,nan,nan,0.75
0.1686585829993419,0.9,0.9,0.0,0.0,0.0,0.0,18.667619023324853,nan,nan,nan,0.75
0.35083876399949077,0.9,0.9,0.0,0.0,0.0,0.0,18.667619023324853,0.0,0.0,0.0,0.75
0.4688679310002044,0.9,0.9,0.0,0.0,0.03388972169960718,0.002736195008250399,18.667619023324853,0.0,0.0,0.0,0.75
0.5884215229998517,0.9,0.9,0.0,0.0,0.1703284745512218,0.010014818145652875,18.667619023324853,0.0,0.0,2.825193992010477e-05,0.75
0.6484366399999999,0.9,0.9,0.0,0.0,0.37460216698613436,-0.007748258545587056,18.667619023324853,0.0,0.0,2.825193992010477e-05,0.75
0.709587086999818,0.9,0.9,0.0,0.0,0.47638863236521434,-0.004618286718822168,18.667619023324853,0.0,0.0,0.0010557211832296423,0.75
0.7116959769991809,0.9000274763696746,0.9000065742846572,0.0008242910902392833,0.00019722853971631914,0.5766317498639079,-0.023121129022338954,18.667594945882122,1.7998547542047127e-07,1.478000605672101e-05,0.0010275080592079282,0.75
0.7134794300000067,0.9001448721650491,0.9000355325352437,0.003521873861234955,0.0008687475175952093,0.6022488878732265,-0.002038383391730181,18.667491458098027,1.795311260095919e-06,7.73147936878365e-05,0.0009068410451520178,0.75
0.7761560149992874,0.9004189753006291,0.9000994600402293,0.008223094067397376,0.0019178251495698046,0.6242122560025049,-0.0014667368682702298,18.66725243554696,1.976621765938918e-06,0.0002259314073212486,0.000626008353353895,0.75
0.8425493260001531,0.9010380669621842,0.900192260757154,0.018572749846654836,0.00278402150773956,0.6356729719047378,0.022222847003714102,18.666749059832476,4.785966494530972e-05,0.0005980753031465669,0.010258491619640465,0.75
0.9073982649988466,0.9022508898289103,0.9003627460646264,0.036384686001782615,0.00511455922417282,0.6392128477120114,0.05583038326920256,18.66577095140997,0.00015651132760428552,0.0013351192595802558,0.009033746103432723,0.75
0.97160639699905,0.9022508898289103,0.9003627460646264,0.036384686001782615,0.00511455922417282,0.7099470219624437,-0.032631869107251354,18.66577095140997,0.00015651132760428552,0.0013351192595802558,0.020204246871032675,0.75
1.0348282880004263,0.9111985598818817,0.9016068398249376,0.11791713167370005,0.016516073955630796,0.7321528946793855,-0.05333788053053823,18.65856547104888,0.0009714112194449088,0.0067823702955081815,0.011171198136713252,0.75
1.0926867260004656,0.9161732911394929,0.9023596676398242,0.14924193772833583,0.02258483444659997,0.795309577519493,-0.06963253251498647,18.654516799735223,0.001364932867044687,0.009767706849373541,0.03122737321099007,0.75
1.0948898369988456,0.9161732911394929,0.9023596676398242,0.14924193772833583,0.02258483444659997,0.8756748015829847,-0.14610589813350044,18.654516799735223,0.001364932867044687,0.009767706849373541,0.03122737321099007,0.75
1.1516601690000243,0.922236063519019,0.9033299710648282,0.18188317138578314,0.029109102750116564,0.903302076216614,-0.16129697332950532,18.649545898445208,0.0017930738621038205,0.013368626180098157,0.02508881592533705,0.75
1.2093846459993074,0.9294193382120401,0.9045387902952557,0.21549824079063343,0.03626457691282941,0.9498035565931406,-0.1865192720734461,18.643615301370215,0.0022426933353282413,0.017593204151595078,0.052406168540327695,0.75
1.211520285000006,0.9376436425400855,0.906046999278849,0.2467291298413594,0.04524626950779841,1.0143733046550025,-0.22432098329556427,18.636738466427115,0.0026364987224201547,0.018953014504725085,0.044050857063814036,0.75
1.2132295629999135,0.9469093263921952,0.9078773641341144,0.2779705155632893,0.0549109456579606,1.040595707032228,-0.2391072839670521,18.628899428250552,0.0023799511960706297,0.017122649649459754,0.03461087639275652,0.75
1.2147104390005552,0.957177542318441,0.9100911384522176,0.30804647778737565,0.06641322954309578,1.0648446369393043,-0.21352482159147945,18.620082651000114,0.0015409142338540507,0.014908875331356541,0.02410931458711393,0.75
1.2168352890003007,0.968439664570655,0.9127152307292162,0.33786366756641956,0.07872276830996042,1.081707413756713,-0.18461917179204046,18.610275560261393,0.0004263415444720441,0.012284783054357873,0.012546634643020253,0.75
1.2185194720004802,0.9806020316332801,0.9157966051464866,0.36487101187875104,0.09244123251811184,1.0920469487072402,-0.1528210666279724,18.599511343292107,0.0010226831066667066,0.009203408637087462,0.0,0.75
1.2201610379997874,0.9935556301253822,0.9193666634029589,0.38860795476306315,0.10710174769416839,1.1115011083270814,-0.16045680012829977,18.58784493087973,0.003346343070979234,0.0056333503806151874,0.002622482622362131,0.75
1.2218981370006077,1.0072702659970747,0.9233837250171156,0.41143907615077574,0.12051184842470022,1.1245206205362082,-0.12600746469106822,18.575327408844995,0.0062708313624400295,0.0016162887664584735,0.005635674427715989,0.75
1.2233921570004895,1.0217183209791825,0.9278166888420625,0.4334416494632336,0.13298891474840582,1.1375936320509827,-0.13149855121092108,18.56200056186184,0.00955216964075556,0.0028166750584883715,0.009010556279175576,0.75
1.2859754130004148,1.0369664074480105,0.9326031268823165,0.4574425940648389,0.14359314120762234,1.1466799441254314,-0.13653290088962888,18.54786206155122,0.013333279976653982,0.007603113098742398,0.012938596643277518,0.75
1.346773723998922,1.0369664074480105,0.9326031268823165,0.4574425940648389,0.14359314120762234,1.1516692508579243,-0.0999197056655437,18.54786206155122,0.013333279976653982,0.007603113098742398,0.005099103831998701,0.75
1.3496618499993929,1.053045646566655,0.937675563033515,0.48237717355933285,0.15217308453595316,1.1566913865747412,-0.10163868833509504,18.532938312219635,0.017631580443991025,0.012675549249940854,0.01050124345523755,0.75
1.3516905960004806,1.0701234833439524,0.9428804915515389,0.5123351033189248,0.15614785554071609,1.1548865873324643,-0.10317486725769048,18.517221060377818,0.022014504260927298,0.017880477767964753,0.01605639023484847,0.75
1.3536030550003488,1.088245922881416,0.9481055571486013,0.5436731861239099,0.15675196791187287,1.1541520473900908,-0.06436170683128778,18.500758676316966,0.026561552539609755,0.023105543365027237,0.021537550183171977,0.75
1.4982546960000036,1.1075262624051612,0.9532694500253823,0.5784101857123558,0.1549167863034294,1.1562638288097598,-0.10507371244988511,18.48353045215463,0.031157229292629634,0.02826943624180822,0.015119462135983747,0.7000000000000001
1.6223613319998549,1.1281783248550012,0.9581996652634932,0.619561873495201,0.14790645714332773,1.1566142068249934,-0.06588072727110483,18.465510380432008,0.03549774805237446,0.0331996514799191,0.022547450892670986,0.7000000000000001
1.6860838659995352,1.1502143080024532,0.9629749127421716,0.661079494423559,0.14325742436035277,1.136877229050677,-0.13618436037175125,18.446635942954636,0.039869986971360724,0.037974898958597514,0.0,0.7000000000000001
1.7538344579988916,1.1502143080024532,0.9629749127421716,0.661079494423559,0.14325742436035277,1.1194265624228654,-0.12678725213322356,18.446635942954636,0.039869986971360724,0.037974898958597514,0.04909710357011392,0.7000000000000001
1.8845651319988974,1.198529100911023,0.9717045384601791,0.7455985067754429,0.12678294646717517,1.0842685727501546,-0.1869994954404059,18.406523112351415,0.04786889078283874,0.04670452467660502,0.05409458714272607,0.7000000000000001
2.003482038000584,1.198529100911023,0.9717045384601791,0.7455985067754429,0.12678294646717517,0.9085842043892329,-0.16123107381931495,18.406523112351415,0.04786889078283874,0.04670452467660502,0.1744124329013023,0.7000000000000001
2.124437618000229,1.252107605373171,0.9791589477420455,0.822246522947987,0.10490346279668104,0.8083649582610641,-0.23005555802836197,18.36368179049418,0.05480961544481447,0.05415893395847138,0.1524412474845569,0.7000000000000001
2.2507406610002363,1.3102272035086224,0.9850870047220762,0.8872798317132258,0.0828199683434388,0.6977385552257169,-0.21421019815932354,18.318821770506435,0.06037330976538687,0.060086990938502116,0.15984393616094494,0.7000000000000001
2.3724786160000804,1.404030620998186,0.991718058301689,0.9604312129389773,0.062152745485486986,0.6389799201192332,-0.18677778798323094,18.248690197808873,0.06657133042758269,0.06671804451811492,0.13312472725905128,0.7000000000000001
2.431224054998893,1.4366339031788238,0.9936555517776128,0.9780984654191287,0.058124804277712036,0.5653004036862096,-0.14745764853076745,18.2246290962963,0.06834861237208142,0.06865553799403867,0.10046393132731621,0.7000000000000001
2.5083590739996,1.503205501374117,0.9975795269582636,1.0043955005157648,0.05966274246024617,0.5446205299650266,-0.1207287562107536,18.17560601171236,0.07183050416852407,0.07257951317468947,0.1348301921231724,0.7000000000000001
2.6289414200000465,1.570677370590902,1.0019821469105532,1.0128033634771754,0.06917356588380186,0.46414322156256443,-0.09490664998977968,18.125727495239268,0.07549781255822625,0.0769821331269791,0.16518612942607033,0.65
2.689673729999413,1.6377016091434677,1.0070651847038696,1.0018271131999152,0.07925754500885376,0.5163060669933828,0.018839629555516345,18.07578001803349,0.07914735760332539,0.08206517092029553,0.09797542642638729,0.65
2.7565714289994503,1.7032563145301036,1.0129523129567415,0.9762558541511708,0.0909890089186541,0.5326764029406794,0.08297161592184318,18.02637154743522,0.08244622358719271,0.08795229917316738,0.0946455736541812,0.65
2.8213310150003963,1.7352531851138502,1.0161687119942737,0.9599061175123952,0.09649197112596848,0.4875047895877978,0.09020624743084985,18.002044466372002,0.08363191091579904,0.09116869821069962,0.062488398417228884,0.65
2.886260477000178,1.7666560177053114,1.0195257127335369,0.9420849777438374,0.10071002217789676,0.427120481900678,0.11598816336220592,17.978047206675246,0.08450450504778198,0.09452569894996277,0.14589232263233626,0.65
2.9468688209999527,1.8272906751161697,1.0265594327365162,0.8977290524304793,0.10659579884433557,0.43551149893641905,0.1191912744268249,17.93137592151983,0.08269914843068743,0.10155941895294207,0.08485293008811783,0.651920240520265
3.0068507849991875,1.8563430071735774,1.0301286532834144,0.8715699617222322,0.1070766164069466,0.45745217559295853,0.213780174987689,17.90889928437006,0.08020551976595033,0.08752967978770039,0.1308676283718106,0.6576473218982953
3.0089871250002034,1.9114738038795975,1.037199948520027,0.810796279866822,0.10496857176986442,0.5156132111131115,0.2973599128528095,17.86608283923643,0.0700871930582725,0.0636536766103341,0.0752880837518361,0.6670832032063168
3.010512470998947,1.9114738038795975,1.037199948520027,0.810796279866822,0.10496857176986442,0.5228246041582932,0.34341602638566254,17.86608283923643,0.0700871930582725,0.0636536766103341,0.0752880837518361,0.6670832032063168
3.0131523809995997,1.9373307874079706,1.0405965475905008,0.7757095058511909,0.10189797211421574,0.5414307369390532,0.3735704816480249,17.845967076842296,0.06605299955990539,0.06559653306186863,0.049211129465490354,0.6670832032063168
3.082207027999175,1.9621474968332508,1.0440914639712688,0.7445012827584154,0.10484749142304106,0.5436266488881198,0.4131328318440718,17.82650305275208,0.06220589423394679,0.06909144944263668,0.02415066219946408,0.6800735254367722
3.145397657999638,1.9860143917068127,1.0477827799651889,0.7160068462068518,0.1107394798176039,0.5457930041418765,0.42364102919093016,17.80755518528323,0.05823585752857931,0.0727827654365567,0.04593607257421139,0.6800735254367722
3.2084755949999817,2.0090125517113684,1.0517397145631517,0.6899448001366703,0.11870803793888501,0.5653680620399424,0.4658072351189725,17.789015541934347,0.054384681347616606,0.07673970003451958,0.02260205433848554,0.65
3.2761195120001503,2.0312106614307806,1.055993746204406,0.6659432915823624,0.12762094923762984,0.5758321486633726,0.48786173413338013,17.770812453228487,0.04931331888126495,0.08099373167577384,0.08351958820079214,0.65
3.33960580799976,2.0312106614307806,1.055993746204406,0.6659432915823624,0.12762094923762984,0.6141534329643319,0.5774161468350342,17.770812453228487,0.04931331888126495,0.08099373167577384,0.08351958820079214,0.65
3.403519093999421,2.05265681887261,1.0605975185750305,0.6433847232548862,0.13811317111873184,0.6923648595915188,0.6140998215127637,17.75287286036962,0.04486554305866663,0.07632561231598547,0.0995856470564954,0.670820393249937
3.468293807000009,2.0733049508429384,1.0655894062763185,0.6194439591098507,0.14975663103864084,0.7010320191045512,0.6476136323873026,17.735198147503034,0.037806272906017874,0.06525497582543427,0.0783810132139413,0.670820393249937
3.538087839999207,2.1121561872750223,1.0765690580861027,0.5706057270050295,0.16962242035747366,0.6842115055214453,0.6552571768927785,17.70079525832353,0.025405143243215966,0.04554678933659133,0.07548134079199888,0.6946221994724903
3.622757670000283,2.1121561872750223,1.0765690580861027,0.5706057270050295,0.16962242035747366,0.6434343517343202,0.6525636477769149,17.70079525832353,0.025405143243215966,0.04554678933659133,0.07548134079199888,0.6946221994724903
3.688277487999585,2.1480694620935363,1.0891234473637148,0.5300410777131996,0.19718847087149965,0.6338835626277785,0.6071379270635343,17.667245180018355,0.013004020986048383,0.029029562969659174,0.07543436851258072,0.6946221994724903
3.8173956939990603,2.1821926712787008,1.1047173034339102,0.5061467877601905,0.24678200288168894,0.5759326640066231,0.6497031287932591,17.63268283297222,0.0033799260714030394,0.015927331731064476,0.09769428228671839,0.6800735254367722
3.9388391009997576,2.2149429407177137,1.1240273412667383,0.48716277503985966,0.304463533405556,0.5379086316766967,0.6602438541393079,17.596319153237385,0.0036910820226349725,0.006423652821613286,0.1252262347037991,0.7106335201775948
4.068806789999144,2.2308852307328983,1.1351836200139962,0.4782687004555423,0.3346883624177341,0.4813825240735084,0.6659938703566434,17.577324858259516,0.005977630562823295,0.0030394317992271974,0.17771636218021136,0.7106335201775948
4.202897428000142,2.292557902870989,1.1912662869111112,0.45463935018964463,0.47465439057405906,0.40167004367460013,0.640310352183453,17.49431607558558,0.007700572108848715,0.0009132988135350165,0.17128235907970726,0.7071067811865476
4.321450362000178,2.337085296137776,1.2456535678372462,0.4387998134052447,0.5770594153602595,0.3444080930201652,0.7577104598347099,17.4241322460659,0.0006065261193580597,0.0060586946121274155,0.1534663270419417,0.7106335201775948
4.446536920999279,2.378850453368498,1.3084862619642763,0.40589151124724077,0.6507760190740448,0.2512576124426949,0.7555591600296123,17.349587038453006,0.012609023988112967,0.02095569281440461,0.10449355537020401,0.6946221994724903
4.583308564999243,2.4167599369833668,1.3768170732107698,0.36424187061882635,0.6982932312619166,0.20720274839161473,0.7738710764738184,17.27360651857677,0.029896643996922996,0.04246681987542417,0.07945340955915607,0.7158910531638177
4.71083213699967,2.4393573064527745,1.4246157448763122,0.33024125353161565,0.7231067501240724,0.26443160308843344,0.8386143314233736,17.223122656522357,0.04253628117558977,0.06028683155304252,0.13304339350309266,0.696419413859206
4.852748672999951,2.468501606280691,1.4990042077182937,0.2701652649035087,0.752231831891872,0.3296728372025812,0.7834298809600212,17.148669039904995,0.060422447586468545,0.09227928602939761,0.10629057322481168,0.7280109889280518
4.967004489999454,2.4767242727269907,1.5243014481341677,0.24667999338900004,0.7589172124762193,0.3901852660079722,0.7000227332364292,17.12450678704687,0.06288701160235179,0.09827576564349938,0.10609305647654038,0.7158910531638177
5.08496008200018,2.484144769664812,1.5498939460680963,0.2226149081346366,0.7677749380178562,0.5730912413087078,0.7313816265997719,17.100679948383444,0.06480396646690398,0.09085526870567806,0.15847981719960585,0.7158910531638177
5.201885833999768,2.4907245413404207,1.5756719503384506,0.19739315026825566,0.7733401281106331,0.6200556039533647,0.6236125896655967,17.077296910535186,0.06483262371083143,0.08427549703006942,0.18553013606870866,0.7071067811865476
5.317346636998991,2.496490107534073,1.6015436135779362,0.17296698580956904,0.7761498971845665,0.7712665060024165,0.6027227895638168,17.054408634363405,0.06468468248207422,0.07850993083641722,0.1591145574893923,0.70178344238091
5.4324949420006305,2.505568903941751,1.6534413946871283,0.12389558415714214,0.7789722780907921,0.8449504513275545,0.6332155743072997,17.010222031376614,0.06402632272319601,0.06943113442873905,0.16044500027246889,0.75
5.547892446000333,2.5170980676360197,1.7593179916799642,0.07160346936412823,0.8046044740917208,0.8720835062518436,0.621783361098537,16.925012543724602,0.06679041958337274,0.05790197073447034,0.1348147566065163,0.75
5.606599749000452,2.5193873359598404,1.7861994452462018,0.0686780497146273,0.8064436069871276,0.8890536001236333,0.6320384639961859,16.90385381434607,0.0684861619705673,0.05561270241064964,0.10783682858382199,0.75
5.665205547000369,2.5215664675204574,1.8130868646259204,0.06537394681850395,0.8066225813915566,0.9141035289707744,0.6011601794068726,16.882782870791022,0.07166134528953569,0.05343357085003264,0.10809114944614454,0.75
5.667698060999101,2.5254571434370185,1.8667986488937667,0.05563353907261909,0.8052270001632517,0.9628897586338829,0.5735470004112646,16.84105868510411,0.080728659800793,0.06481992914480425,0.05424179167544617,0.75
5.6697259949996806,2.5254571434370185,1.8667986488937667,0.05563353907261909,0.8052270001632517,0.932529487681115,0.6349292248579074,16.84105868510411,0.080728659800793,0.06481992914480425,0.05424179167544617,0.75
5.673070969000037,2.5275959884877954,1.893723394311942,0.06416535152330684,0.8077423625452592,0.9548471120605034,0.5869975544232914,16.820039333492396,0.08652366862824103,0.08211448404239033,0.02723408877911007,0.75
5.674816273000033,2.5302021437077755,1.920832498808362,0.07818465659940027,0.8132731348926077,0.9540489232905901,0.5593578586527244,16.79858159064469,0.09071391898400148,0.09479789540777261,0.0,0.75
5.731957919999331,2.533227580052806,1.9481563523009644,0.09076309035091679,0.8197156047780704,0.9389139538802743,0.5745073191901809,16.77669598738007,0.09431389072853778,0.09177245906274223,0.013287540635847007,0.75
5.791277492000518,2.5372552106413537,1.975559910339777,0.12082891765643208,0.8221067411643708,0.9319466474849192,0.5472712236786836,16.754077550005565,0.09692035669099915,0.0877448284741944,0.056471766130203944,0.75
5.792954782999004,2.5423764326160745,2.0031068961484326,0.15363665924162512,0.8264095742596699,0.9135301247559916,0.5614437093903256,16.73061520958987,0.09863050592057736,0.08262360649947365,0.0284642584578417,0.75
5.801401594999334,2.54870271207038,2.0308592329477158,0.18978838362916214,0.8325701039784936,0.8945626012787351,0.5830629181084337,16.706185318290157,0.10053249037712418,0.07629732704516812,0.0,0.75
5.803355374999228,2.54870271207038,2.0308592329477158,0.18978838362916214,0.8325701039784936,0.8854291773231296,0.561010800009127,16.706185318290157,0.10053249037712418,0.07629732704516812,0.0,0.75
5.805039918999682,2.556273408946684,2.0588106774007557,0.22712090628911918,0.8385433335911967,0.8838300561020216,0.5480058735056975,16.680763289240378,0.10144432654325575,0.06872663016886404,0.012591450821747972,0.8
5.884330905999377,2.5649986153217754,2.08699074437143,0.2617561912527371,0.8454020091202258,0.8641584022090522,0.5702644351475543,16.654388260165735,0.1042313999587891,0.06118780978558056,0.024460407317944053,0.8
5.9436076910005795,2.5749679767283116,2.115281279723166,0.29908084219608433,0.848716060552076,0.8345590039871089,0.5542348655370335,16.627081702499446,0.10607374459576362,0.06423228371987237,0.015362184017700993,0.8
6.066798595000364,2.5749679767283116,2.115281279723166,0.29908084219608433,0.848716060552076,0.7840961271538763,0.5202693323497034,16.627081702499446,0.10607374459576362,0.06423228371987237,0.0,0.8
6.126036003999616,2.5982706545172385,2.1722126395710895,0.3669576743148747,0.8548540143890645,0.7479419817967013,0.4224275052197769,16.56990915039509,0.11570887952527129,0.08764022390049142,0.022375964097993115,0.8
6.184637087999363,2.611553296225971,2.2008387046085898,0.3984792512619843,0.8587819511250088,0.7393251053303658,0.3937513254771734,16.540086069884804,0.12086092307645764,0.09848966258287892,0.03213951660009567,0.8321658488546619
6.186510052999438,2.6257090015504674,2.2296928990013267,0.4246711597348911,0.8656258317821027,0.7116180063623828,0.2769929063619784,16.509498617133094,0.12756935945649522,0.10888306387622823,0.0,0.8321658488546619
6.188211356999091,2.656768555430466,2.2877665997886165,0.4790624203760212,0.8724863976408748,0.6950842731244016,0.2670784054167973,16.446166842004686,0.1408512239980253,0.12798495034234336,0.022008247070576515,0.8200609733428363
6.191103982999266,2.6734652838476127,2.316998453646011,0.5009018525143955,0.8769556157218291,0.6687633741448247,0.27779103392426235,16.41355601509972,0.14762494226329712,0.13684862254416652,0.03239716560309079,0.8514693182963202
6.3098234930002945,2.6907551566329726,2.34642036423387,0.5186961835607954,0.8826573176357713,0.5916752726376604,0.23528054300698165,16.38039993865209,0.15507736447726628,0.14542726874392523,0.028064897451654625,0.8514693182963202
6.312361948999751,2.7085656260961932,2.375680823029965,0.5343140838966198,0.8778137638828596,0.5686877281193636,0.2503277695902394,16.34700086433057,0.1622638667097307,0.15352363384571446,0.04082496830331823,0.848528137423857
6.324085641999773,2.7085656260961932,2.375680823029965,0.5343140838966198,0.8778137638828596,0.6837367235406556,-0.09065028324315982,16.34700086433057,0.1622638667097307,0.15352363384571446,0.04082496830331823,0.848528137423857
6.438420971000596,2.7267354905255057,2.404696697880331,0.5450959328793725,0.8704762455109745,0.6837367235406556,-0.09065028324315982,16.313530118617592,0.16968047535285252,0.1611929213632612,0.03271716871858074,0.8845903006477066
6.442009223999776,2.7451643806316577,2.4334255404482428,0.5528667031845603,0.8618652770373536,0.7175483393948455,-0.07910199774708881,16.280087578484995,0.17702494758428117,0.16847608759487073,0.04934835338678796,0.8845903006477066
6.444292308999138,2.7451643806316577,2.4334255404482428,0.5528667031845603,0.8618652770373536,0.7482727334684812,-0.09521383286804022,16.280087578484995,0.17702494758428117,0.16847608759487073,0.04934835338678796,0.8845903006477066
6.446289047000391,2.763749292670775,2.4618327171577126,0.5575473611735151,0.8522153012840964,0.7773341561655172,-0.1131908924766229,16.24676945742885,0.1845423324871224,0.17542147754988605,0.06445950654085765,0.8500000000000001
6.563449019000473,2.78268439292476,2.4895436011255097,0.5680530076195479,0.831326519033909,0.8534483244137869,-0.20172800238809763,16.213708099639465,0.19178102840017824,0.181626893724149,0.01775419761611094,0.8500000000000001
6.565615573999821,2.80191572979672,2.516420497531814,0.5769401061587995,0.8063068921891366,0.8855653588560649,-0.19440942199564334,16.18103897364492,0.19857882589557177,0.18703312071684935,0.0346256919528393,0.8
6.687747568999839,2.8212395725865296,2.5423047882308087,0.5797152836942777,0.776528720969846,1.0397862174262007,-0.2785336722404669,16.149017164742272,0.20543302033778485,0.1916720579210553,0.04030080280828161,0.8
6.689917129000605,2.8212395725865296,2.5423047882308087,0.5797152836942777,0.776528720969846,1.0809634492912776,-0.2546531169968643,16.149017164742272,0.20543302033778485,0.1916720579210553,0.04030080280828161,0.8
6.691545760999361,2.8408370510803507,2.566719548178215,0.5879243548146289,0.732442798422184,1.1044359944048021,-0.2848269257739705,16.117856814437193,0.21102567033185823,0.19507839030376942,0.060984632685854176,0.75
6.818140887999107,2.8607550034229816,2.589379690374351,0.5975385702789342,0.6798042658840959,1.1802641026517022,-0.26855186643041684,16.087728491165183,0.21661378774307274,0.197017411344484,0.02119346921087956,0.75
6.820201841999733,2.8811744106299093,2.6100842532229405,0.6125822162078345,0.6211368854576816,1.2040148415494516,-0.19729163869787325,16.05864911730562,0.22054049004583962,0.19721904683239655,0.040400769987046926,0.7000000000000001
6.8242956590001995,2.9022232120918656,2.628657587675352,0.6314640438586951,0.5572000335723437,1.2167684095797515,-0.16772016119905586,16.030655062492375,0.22290640695398342,0.19546862732334383,0.05803296524470788,0.7000000000000001
6.96416944900011,2.92404936035628,2.645149095152809,0.6547844479324327,0.4947452243237194,1.2224599879262663,-0.1220996571676572,16.00360840410785,0.22527283812724047,0.19169646664769205,0.0615727163472978,0.7000000000000001
7.022971313999733,2.92404936035628,2.645149095152809,0.6547844479324327,0.4947452243237194,1.2195032058018431,-0.13692775934010615,16.00360840410785,0.22527283812724047,0.19169646664769205,0.0615727163472978,0.7000000000000001
7.084014358999411,2.9467792179323355,2.6596856569016056,0.6818957272816666,0.4360968524638893,1.2074876607845275,-0.2009852272970466,15.977331632110815,0.22562463101324942,0.18595912654204155,0.023441914106561164,0.65
7.085768909999388,2.995546943240266,2.6833672365951466,0.7472382016380179,0.32909271617742025,1.2012000499526174,-0.22346537614543477,15.92634237181374,0.22404287262242287,0.1771806005724923,0.06709206020490743,0.65
7.2019948519991885,3.021487930820855,2.6927760877317453,0.7782296274176785,0.2822655340979534,1.1045885671689462,-0.20604013262710585,15.901515243887062,0.22348598553828217,0.17610323518059637,0.023545835508703962,0.65
7.204149785000482,3.0484917547672654,2.7009186514331054,0.8101147183923091,0.24427691104080906,1.0776883845953313,-0.17180833843131724,15.876866507144689,0.22138457685677435,0.17790460415235626,0.046766088510866895,0.6000000000000001
7.206845971999428,3.0765949958944594,2.7080321301854644,0.8430972338158239,0.2134043625707768,0.9700508750937162,-0.20708146176909636,15.852204573226585,0.22016912657849688,0.1830320925600324,0.06986888849352296,0.6000000000000001
7.3285048750003625,3.0765949958944594,2.7080321301854644,0.8430972338158239,0.2134043625707768,0.7927565116739159,-0.2267106240258408,15.852204573226585,0.22016912657849688,0.1830320925600324,0.02195748140861145,0.6000000000000001
7.33073411300029,3.1058149578540974,2.714415709834629,0.8765988587891476,0.19150738947494345,0.7499337951237043,-0.24804166963036564,15.827306605023017,0.21956492636123012,0.18941567220919708,0.04395837119468565,0.6000000000000001
7.334700314000656,3.136111872252628,2.7199977336279244,0.9089074319559114,0.1674607137988626,0.724331758347208,-0.22361017719843213,15.802255992749686,0.21825955098401606,0.1949976960024924,0.0656280104528975,0.6000000000000001
7.458931003999169,3.1996516388134104,2.7294798294551903,0.9671415784546763,0.1357204239993538,0.5145384532217329,-0.24979966490746933,15.751391155830952,0.21825722568638847,0.20447979182975828,0.060842099439327856,0.6000000000000001
7.590909066999302,3.2326502565495194,2.7333811883563026,0.9899585320832671,0.11704076703336971,0.5620030474083831,-0.3009275837445297,15.725753198358595,0.21902704729470412,0.2083811507308706,0.06972753568946487,0.6000000000000001
7.592692861000614,3.2660878089293557,2.736784227746832,1.003126571395087,0.10209118171588315,0.5376437983834261,-0.2800622419642379,15.700201465287387,0.21958674888981314,0.21178419012140015,0.09198155667767097,0.6000000000000001
7.716336805000537,3.299622600876326,2.739656511365872,1.0060437584091062,0.08616850857119279,0.4117197059600288,-0.28861376085024903,15.67499780361239,0.2205207836029762,0.21465647374043995,0.023102800617742506,0.6000000000000001
7.720236130000558,3.332793362679395,2.7420054293629015,0.9951228540920724,0.07046753991088336,0.3989337400092069,-0.2693982203431756,15.650456205407645,0.22134697187034966,0.21700539173746947,0.04556936210686446,0.6000000000000001
7.722298917000444,3.332793362679395,2.7420054293629015,0.9951228540920724,0.07046753991088336,0.3903524236582716,-0.2687200849651728,15.650456205407645,0.22134697187034966,0.21700539173746947,0.04556936210686446,0.6000000000000001
7.724144220999733,3.3655057620778273,2.7439302354684454,0.9813719819529719,0.05774418316631932,0.3841202017406912,-0.2798315420515648,15.626569906441146,0.22209518548994847,0.21893019784301337,0.06714025980028793,0.6000000000000001
7.856239524000557,3.3977399138107347,2.7455294608762646,0.9670245519872264,0.0479767622345705,0.40722276877248864,-0.2614049294944047,15.603280814504002,0.22293115391580517,0.22052942325083258,0.04710353908382056,0.6000000000000001
7.858139807000043,3.4290705916489967,2.7467705354560494,0.9399203351478662,0.037232237393539216,0.43041703909431855,-0.2612177849358962,15.580903494746357,0.22353920952494744,0.22177049783061742,0.06915068884360931,0.6000000000000001
7.977712212999904,3.459530629171696,2.747527437426766,0.9138011256809846,0.02270705912150401,0.3679052961355781,-0.2710245697238324,15.559505831340317,0.22387152909023986,0.22252739980133418,0.02155102723315511,0.6000000000000001
7.980698979999943,3.489186464688774,2.7477145325768446,0.8896750655123349,0.005612854502357994,0.3591966647893922,-0.2682652465351357,15.539103874258993,0.22373312890120206,0.2227144949514126,0.04213484882131458,0.6000000000000001
7.982691129000159,3.5180299699341573,2.7473687352310585,0.8653051573615017,-0.010373920373583718,0.36537822982296864,-0.25595444827763825,15.51967545894633,0.22313702541091132,0.2223686976056265,0.061772595942604695,0.6000000000000001
8.129656339000576,3.5459623906180324,2.7465475151048597,0.8379726205162584,-0.02463660378595931,0.3849890813034552,-0.26471376294450366,15.501244891524703,0.22214715538385896,0.2215474774794277,0.017848155337808636,0.6000000000000001
8.189017688999229,3.5728854040317968,2.745281756993615,0.807690402412931,-0.037972743337338744,0.40246020196113175,-0.25026235568253846,15.483855078587787,0.22073591881094315,0.2202817193681832,0.03469549463965015,0.6000000000000001
8.247339490999366,3.598774413740027,2.7436251676967487,0.7766702912468957,-0.04969767890599283,0.43728866886338774,-0.24682743840442845,15.467481635524633,0.21898986643505097,0.21862513007131668,0.0,0.6000000000000001
8.249948626000332,3.66967465094837,2.736483272125962,0.6761340641801372,-0.08227154764427345,0.47783081524100013,-0.24341514797982383,15.424694464129333,0.21166686915843202,0.21148323450052997,0.04755174218835748,0.6000000000000001
8.363216670999464,3.66967465094837,2.736483272125962,0.6761340641801372,-0.08227154764427345,0.4418436353927513,-0.21205859643268424,15.424694464129333,0.21166686915843202,0.21148323450052997,0.04755174218835748,0.6000000000000001
8.364992188999167,3.6912180685596736,2.7333832348351867,0.6463025283391118,-0.09300111872325334,0.41938378447828506,-0.21490455875729436,15.412420899469506,0.20853479561257598,0.20838319720975473,0.06011214840220886,0.6000000000000001
8.367551022000043,3.7119199290935234,2.729955503886557,0.6210558160154984,-0.10283192845889567,0.41410478183182176,-0.23847924504173873,15.400977871653602,0.20508005471952187,0.20495546626112482,0.07131768246387396,0.6000000000000001
8.484350282000378,3.732028590072908,2.7262201867823883,0.6032598293815334,-0.1120595131250498,0.4886030857600728,-0.21955059239594485,15.390181883155963,0.20132206703890956,0.2012201491569563,0.02266518533888485,0.6000000000000001
8.48638491299971,3.7516557806069497,2.7222235746989996,0.5888157160212456,-0.119898362501661,0.5099683878479022,-0.20020779274191094,15.379922771821086,0.19730951004593608,0.19722353707356755,0.03316297438203551,0.6000000000000001
8.488519579999775,3.770898589524802,2.718021985703502,0.5772842675355732,-0.12604766986492735,0.5385699288222856,-0.19594186002943767,15.370093020727282,0.1930922885016536,0.19302194807807016,0.04248191995974186,0.6000000000000001
8.491664852999747,3.7898735054884334,2.713646951930214,0.5692474789089328,-0.13125101319864574,0.6028403181889825,-0.20485550353586612,15.360590615862316,0.18870643913870888,0.18864691430478198,0.050961595618839506,0.6000000000000001
8.615485935999459,3.808624684350267,2.709160243493529,0.5625353658550097,-0.1346012531005515,0.6369183853713586,-0.20243018654980358,15.351339884387063,0.1842102473631127,0.18416020586809712,0.01400109219520348,0.6000000000000001
8.619092021999677,3.8270903222198456,2.7046160554035232,0.5539691360873481,-0.13632564270017972,0.6753796438764144,-0.1801928398808721,15.342341688692645,0.17965713371829165,0.17961601777809122,0.02068362267603693,0.6000000000000001
8.620702742000503,3.845251702482728,2.70006715416454,0.5448414078864721,-0.13646703716949599,0.7097337101152132,-0.17763640243542392,15.33356878013046,0.17510251713089495,0.175067116539108,0.02701891837085465,0.6000000000000001
8.622493998000209,3.845251702482728,2.70006715416454,0.5448414078864721,-0.13646703716949599,0.7453303262501006,-0.17453874929119367,15.33356878013046,0.17510251713089495,0.175067116539108,0.02701891837085465,0.6000000000000001
8.746132678999857,3.8631168177197504,2.6955063134602497,0.5359534571106611,-0.13682522112871454,0.8074796117474509,-0.20488263688346267,15.32502050680446,0.17053605431644164,0.1705062758348177,0.00619411924351411,0.65
8.747740364000492,3.880877071888066,2.690956669464496,0.5328076250494672,-0.13648931987260493,0.7945320878862537,-0.1787426408957978,15.316551280817091,0.1659815263471936,0.16595663183906417,0.012338962962854791,0.65
8.873947148998923,3.880877071888066,2.690956669464496,0.5328076250494672,-0.13648931987260493,0.7711418589827675,-0.2114652836743296,15.316551280817091,0.1659815263471936,0.16595663183906417,0.0,0.65
8.876349448999463,3.898609028850353,2.686484578363889,0.5319587088686095,-0.1341627330182224,0.7437620334792473,-0.20872437532464266,15.308060361331833,0.16150596732068645,0.16148454073845686,0.007239031049321753,0.65
8.878280512999481,3.916464557101345,2.6820927514884176,0.5356658475297499,-0.13175480626413805,0.7365771423859068,-0.18239905008373117,15.299444436069777,0.15711064834974042,0.15709271386298562,0.014616943294335043,0.65
8.99358594700061,3.9345087539784886,2.677848109507275,0.54132590631431,-0.12733925943428834,0.7238988544190967,-0.20245546976855272,15.290610389465375,0.15286318686852524,0.1528480718818428,0.00596967455817121,0.65
8.999311072000637,3.9345087539784886,2.677848109507275,0.54132590631431,-0.12733925943428834,0.7934689999049597,-0.17294622991906586,15.290610389465375,0.15286318686852524,0.1528480718818428,0.00596967455817121,0.65
9.120789929000239,3.952841313749434,2.6737845302012273,0.5499767931283521,-0.12190737918141978,0.8034799606865465,-0.20005797033710085,15.281466859114643,0.14879738656874028,0.1487844925757953,0.006980324576304129,0.65
9.12277830200037,3.9716675930973273,2.6698884079094696,0.5647883804368029,-0.11688366875272622,0.8207901082617113,-0.17462018824059422,15.271888172467646,0.14489898346697552,0.14488837028403756,0.014377323390493232,0.65
9.127497688999938,3.9911195484466844,2.6661762397049875,0.5835586604807124,-0.1113650461344683,0.7980917922106788,-0.20507167457710476,15.261775446037841,0.14118521272108048,0.1411762020795555,0.022279021932062902,0.65
9.260798256000271,4.01118417895621,2.6627085836406366,0.6019389152857764,-0.10402968193052783,0.7980917922106788,-0.20507167457710476,15.251093062914247,0.1377160636296661,0.13770854601520455,0.013031299301224887,0.65
9.262858227999459,4.031896598885539,2.6594820419531,0.6213725978798781,-0.09679625062609765,0.812255835703884,-0.17876669604167625,15.239821430841182,0.13448818604876625,0.13448200432766777,0.020329971184374008,0.65
9.373725182000271,4.053010966005607,2.6563084198197964,0.6334310136020201,-0.09520866399909801,0.8692175966013151,-0.17632103519942552,15.228265352018623,0.13131362070629224,0.13130838219436436,0.01201362354739461,0.65
9.375584491999689,4.0746496038507924,2.653236344340558,0.6491591353555828,-0.09216226437715215,0.8942865324314886,-0.14459819373717261,15.216308644152004,0.1282405785977757,0.12823630671512598,0.018425952090273,0.65
9.377325887999177,4.096813009775128,2.65025407485843,0.6649021777300765,-0.08946808446383518,0.9126224860763578,-0.11255911842087196,15.203961053347253,0.1252577453519122,0.125254037232998,0.024576052255472193,0.65
9.50242634999995,4.119448929994611,2.6474084890126446,0.6790776065844951,-0.08536757537355695,1.0834998155706672,-0.14962092598889298,15.191222859879494,0.12241159062870519,0.12240845138721257,0.012955189551165732,0.7000000000000001
9.504156576000241,4.142567873854908,2.6447625182247663,0.6935683158089083,-0.07937912363635438,1.104296037820574,-0.10407295871837674,15.178040727006056,0.11976528145698306,0.11976248059933425,0.019733321172441025,0.7000000000000001
9.622887999999875,4.166168901982169,2.642381026438627,0.708030843817816,-0.07144475358416949,1.1084560589023023,-0.11958994048072075,15.164367208270171,0.11738352245683357,0.11738098881319514,0.010208258624313644,0.7000000000000001
9.640937911999572,4.190182625401693,2.6402484342941355,0.7204117025857415,-0.06397776433475473,0.9400051029519318,-0.12238459882371117,15.15026027319625,0.11525082906544833,0.11524839666870346,0.020843406494788875,0.7000000000000001
9.750398453999878,4.2146293315384735,2.63829211594105,0.7334011841033994,-0.05868955059256274,0.9085410673109848,-0.09413872787931044,15.1357623155353,0.11329450867291552,0.11329207831561794,0.017161552072643516,0.7000000000000001
9.752400770999884,4.239571308112281,2.6365108547662124,0.7482592972142403,-0.05343783524513253,0.9231283504864408,-0.09701073541706468,15.12083454610543,0.1115134091878102,0.11151081714078037,0.024545233235527937,0.7000000000000001
9.767546245999256,4.265040265532931,2.634971662742944,0.7640687226194751,-0.046175760698058455,0.9714355801441636,-0.12175554018017541,15.10540657356484,0.10997450130524386,0.1099716251175118,0.030481062653104515,0.7000000000000001
9.882096743000147,4.317776115360979,2.632535366241387,0.800470790810732,-0.03246779765482688,0.9828253559851831,-0.11706126459744956,15.072977451575607,0.10753938397034002,0.10753532861595483,0.030870881822153674,0.7000000000000001
9.883763854999415,4.317776115360979,2.632535366241387,0.800470790810732,-0.03246779765482688,0.9975449258717193,-0.046110203403853245,15.072977451575607,0.10753938397034002,0.10753532861595483,0.030870881822153674,0.7000000000000001
10.017351006999888,4.345294247928164,2.631631774907649,0.8255439770155502,-0.027107740012123946,1.029846196905484,-0.09079190696945297,15.05582126806144,0.10663687632363969,0.1066317372822172,0.009642987895576384,0.7000000000000001
10.019445050998911,4.345294247928164,2.631631774907649,0.8255439770155502,-0.027107740012123946,1.015415335962753,-0.08717409882059307,15.05582126806144,0.10663687632363969,0.1066317372822172,0.009642987895576384,0.7000000000000001
10.021454030998939,4.373658145353194,2.630991131648294,0.8509169227509058,-0.01921929778065437,1.0017629754366104,-0.08609111639020262,15.037948340640897,0.10599749566710158,0.10599109402286189,0.019851169242208443,0.7000000000000001
10.146484032000444,4.431998359420637,2.6303237100853925,0.8809751837472954,-0.008107868014601687,0.9621618538500836,-0.08151500482783461,15.00079097640103,0.10533469315295226,0.10532367245996044,0.022487211139308405,0.7000000000000001
10.150077525000597,4.461727462896645,2.6301597963314194,0.8918731042802359,-0.004917412619190731,0.9585956572606352,-0.017302052077818708,14.981773319509704,0.1051743769944939,0.10515975870598737,0.030309031198738463,0.7000000000000001
10.151748664000479,4.461727462896645,2.6301597963314194,0.8918731042802359,-0.004917412619190731,0.950544393611277,-0.01861056370225539,14.981773319509704,0.1051743769944939,0.10515975870598737,0.030309031198738463,0.7000000000000001
10.275722121999934,4.49179823316835,2.63017143614934,0.9021231081511345,0.000349194537612417,0.9614403717058329,-0.23332796317939913,14.962436582197144,0.10519090498291657,0.105171398523908,0.010966942213349923,0.7000000000000001
10.277909143000215,4.522205902922094,2.630350921333741,0.9122300926123236,0.0053845555320186575,0.958973895270173,-0.19963042434144257,14.94279056112914,0.10537633343468743,0.1053508837083088,0.02221294013174698,0.7000000000000001
10.282193032999203,4.522205902922094,2.630350921333741,0.9122300926123236,0.0053845555320186575,0.9513690639433164,-0.20808499456072088,14.94279056112914,0.10537633343468743,0.1053508837083088,0.02221294013174698,0.7000000000000001
10.284066558000632,4.552937097697984,2.630775236095237,0.9219358432766973,0.01272944284488822,0.9513908457622047,-0.21440307771871325,14.922785488824719,0.10580998006536578,0.10577519846980499,0.03054474031072946,0.7000000000000001
10.416003725000337,4.5839540216253,2.631518737858718,0.9305077178194869,0.022305052904431896,0.9461875150013689,-0.23362043374499408,14.902388852886203,0.10656494231185797,0.10651870023328591,0.0247838091390302,0.7000000000000001
10.472283619999871,4.615255600054263,2.632509201190159,0.9390473528688847,0.02971389994322829,0.9539809534666186,-0.20743754662036762,14.881657217967707,0.10757123415940309,0.10750916356472695,0.03401323211141831,0.7000000000000001
10.528510148998976,4.64677353145702,2.633839799942682,0.9455379420827181,0.03991796257569276,0.9309640815700354,-0.20306735509469215,14.860562586892193,0.10892442672904774,0.1088397623172499,0.013388034739991981,0.7000000000000001
10.532984694000334,4.6784495216977895,2.635540144280687,0.9502797072230842,0.05101033014015367,0.882612680834887,-0.20544703943919945,14.839119016929418,0.11065214454494234,0.11054010665525515,0.027092745425328593,0.7000000000000001
10.534993442999621,4.710227829984585,2.6377020094725436,0.953349248603856,0.0648559557556977,0.8716792705586983,-0.17664037591657744,14.817290461769513,0.11285547188877777,0.11270197184711161,0.03763244422986674,0.7000000000000001
10.591329470000346,4.742184980202647,2.6400424663667263,0.9587145065418698,0.07021370682548393,0.8538949483903056,-0.18562966520165075,14.795246825160538,0.1152510576531062,0.11504242874129433,0.04753532065360954,0.7000000000000001
10.649342176000573,4.774372169552462,2.6425175802941308,0.9656156804944491,0.07425341782213021,0.838089203480992,-0.19661646359437163,14.772990145190198,0.1177936132533777,0.11751754266869874,0.030291757949077885,0.7000000000000001
10.651283122999303,4.806809292241564,2.645155550525953,0.9731136806730485,0.07913910695467564,0.7891918088263913,-0.20336330949308334,14.750486598496137,0.12053951994572698,0.12015551290052118,0.04226586860450282,0.7000000000000001
10.77298327400058,4.8395263364078165,2.647792705480122,0.9815113249875818,0.07911464862506151,0.667921527542731,-0.4243768183991081,14.727845205281685,0.12331527712551348,0.12279266785468979,0.034819955331811966,0.7000000000000001
10.77536162099932,4.8395263364078165,2.647792705480122,0.9815113249875818,0.07911464862506151,0.6637226242434164,-0.398043704975344,14.727845205281685,0.12331527712551348,0.12279266785468979,0.034819955331811966,0.7000000000000001
10.777407888999733,4.872508391287026,2.650455154632285,0.9894616463762848,0.07987347456490157,0.6359888343582575,-0.44042205912014176,14.70505622413443,0.1261559219312903,0.1254551170068532,0.04795225694635949,0.65
10.786304281999037,4.905717478436474,2.653173329659182,0.9962726144834266,0.08154525080689744,0.6080299560154445,-0.5105529423734442,14.682120824565994,0.12915112891745498,0.12817329203374994,0.05969702668522957,0.65
10.895825990999583,4.93896624101242,2.655858965690437,0.9974628772784097,0.08056908093763941,0.6080299560154445,-0.5105529423734442,14.65922588496671,0.13219080364928204,0.13085892806500476,0.0317522783601434,0.65
10.90039730999888,4.972129875767303,2.6583523346412723,0.9949090426464715,0.07480106852506609,0.615855302163931,-0.5225228913374016,14.636574541301275,0.13514607046744562,0.13335229701584028,0.04716942266707725,0.65
10.902310786999806,5.005090322674114,2.6606335522380156,0.9888134072043278,0.06843652790229626,0.5944249570077851,-0.5344941456435766,14.61425628504231,0.13811935525315883,0.13563351461258355,0.06097940993862213,0.65
11.022075001999838,5.069902404766294,2.6638903392185,0.9654507002873054,0.042079403002260145,0.49675696805588365,-0.6478968830882061,14.571453831133855,0.14337788267189935,0.1388903015930678,0.05043093110941354,0.65
11.144176399999196,5.101500855244554,2.6646138634331242,0.9479535143477882,0.02170572643872591,0.5489069533253206,-0.785461647992973,14.551324439739167,0.14566505362616927,0.13961382580769222,0.01790308641482817,0.65
11.146838130000106,5.132364001254052,2.6644147777271416,0.925894380284936,-0.005972571179472797,0.5805933298902054,-0.7898475964221958,14.53241565541908,0.14724493362476096,0.13941474010170962,0.03463155905035851,0.65
11.152576237000176,5.162483786201572,2.663191413559232,0.9035935484256006,-0.036700925037290055,0.646760459016344,-0.8668283587885737,14.514812665508124,0.1486806993070807,0.13819137593380004,0.049951645093799214,0.65
11.259905294000419,5.191811869414492,2.6607781224259646,0.8798424963875945,-0.07239873399802597,0.6898135166171606,-0.9202649948697417,14.49867624765354,0.14901830071137234,0.13577808480053255,0.03489681795907944,0.65
11.261818860999483,5.191811869414492,2.6607781224259646,0.8798424963875945,-0.07239873399802597,0.7099851183633442,-0.946929639043978,14.49867624765354,0.14901830071137234,0.13577808480053255,0.03489681795907944,0.65
11.263335130999621,5.248361045388156,2.6527583400760304,0.8382137118183389,-0.13537634624457334,0.7276637308034737,-0.9574571342728747,14.470343942128698,0.1493356642599738,0.12775830245059838,0.0641033783691752,0.65
11.38843131899921,5.248361045388156,2.6527583400760304,0.8382137118183389,-0.13537634624457334,0.6572823762091801,-0.9744789719850664,14.470343942128698,0.1493356642599738,0.12775830245059838,0.03487333704486812,0.65
11.39280035199954,5.275640472066111,2.6472687988598196,0.8183828003386308,-0.16468623648631978,0.6387047859335476,-0.9768366316125866,14.458021062503935,0.14990175234633735,0.12226876123438757,0.05053873978748017,0.7000000000000001
11.39460754799984,5.302360790804135,2.640586530044561,0.8016095621407455,-0.20046806445775534,0.661853982461983,-0.959484541992986,14.447027816494872,0.14962101495517952,0.115586492419129,0.06489562813899491,0.7000000000000001
11.399816708999424,5.302360790804135,2.640586530044561,0.8016095621407455,-0.20046806445775534,0.5636698537006061,-0.9813073900549671,14.447027816494872,0.14962101495517952,0.115586492419129,0.06489562813899491,0.7000000000000001
11.541375491999133,5.328488882492883,2.632597484352729,0.7838427506624381,-0.23967137075495068,0.5442764478743968,-0.9801381413138768,14.437476501813753,0.1492476109196974,0.10765399337512992,0.012318777878768505,0.7000000000000001
11.600916958999733,5.354198164700257,2.623156527679024,0.7712784662212036,-0.2832287002111539,0.583572739138657,-0.9285793584262121,14.42937926005443,0.14966333638631896,0.10240715174165653,0.023299764542208317,0.7000000000000001
11.666761975000554,5.379706755947374,2.61218797889889,0.7652577374134998,-0.3290564634040102,0.6154698441779249,-0.8934544362600865,14.422667551268908,0.14859174825680702,0.1029298672299622,0.023989531046642833,0.7000000000000001
11.724330054999882,5.379706755947374,2.61218797889889,0.7652577374134998,-0.3290564634040102,0.6195207279209222,-0.8610828111016642,14.422667551268908,0.14859174825680702,0.1029298672299622,0.023989531046642833,0.7000000000000001
11.779477091000444,5.405191395528152,2.5996812188622114,0.7645391874233367,-0.37520280110036375,0.6015503693244088,-0.8466432579321794,14.417247613056672,0.14909322816667678,0.10951139314232493,0.008416178013004455,0.75
11.781568829999742,5.43072546910375,2.5856849364561665,0.766022207267944,-0.41988847218134545,0.5861997134918903,-0.817396802388591,14.4130417426232,0.1506167777644448,0.11766984351823052,0.015783802522895463,0.75
11.78331714900014,5.43072546910375,2.5856849364561665,0.766022207267944,-0.41988847218134545,0.6106197768774215,-0.7899310588669944,14.4130417426232,0.1506167777644448,0.11766984351823052,0.015783802522895463,0.75
11.787133795000045,5.456424051385459,2.5703540339231785,0.7709574684512501,-0.4599270759896329,0.6102312835802296,-0.7828608590451792,14.409862639266873,0.15111812405631578,0.12500090017372087,0.022551864532672158,0.75
11.90230316599991,5.507881185327753,2.5358235372455122,0.7718248572808121,-0.5361491435111437,0.45134859253874976,-0.7331009739099131,14.406758240047264,0.1544704219681429,0.13696984016622485,0.007492631778523224,0.8
11.904423677000523,5.507881185327753,2.5358235372455122,0.7718248572808121,-0.5361491435111437,0.4913844659817581,-0.69531744826539,14.406758240047264,0.1544704219681429,0.13696984016622485,0.007492631778523224,0.8
11.906392544000482,5.53344710203041,2.5168562878421294,0.7669775010796971,-0.5690174821014812,0.4886791797845878,-0.6721453389124797,14.406770866860262,0.15575903097829236,0.14163580256033503,0.010485176633938218,0.8
12.034048063998853,5.58436872818099,2.4763522776183473,0.7635258635408391,-0.6187296538346023,0.29902326513561966,-0.6275565246540842,14.409204083904497,0.1584403701584691,0.14900216942597083,0.008720746392961904,0.8500000000000001
12.039459871999497,5.609691167236527,2.4552244126900935,0.7596731716661168,-0.6338359478476207,0.3232196849185132,-0.594126999155203,14.411319944908247,0.16003518979910059,0.15196818123556233,0.01248846667263574,0.8500000000000001
12.041404555000554,5.634928452996516,2.433761266973272,0.7571185727996991,-0.643894371504647,0.33016448399858755,-0.5719025849933332,14.413832331197037,0.16136198506635505,0.15463690125323387,0.015965261987650393,0.8514693182963202
12.165304189999006,5.634928452996516,2.433761266973272,0.7571185727996991,-0.643894371504647,0.10605771667640276,-0.5628467273832298,14.413832331197037,0.16136198506635505,0.15463690125323387,0.01047850202193821,0.8514693182963202
12.174844356999529,5.659876412181146,2.4121151973408037,0.7484387755388776,-0.6493820889740474,0.03407475845640552,-0.5485251103746313,14.416738096320124,0.16308345385058798,0.15697168974629644,0.014942155003408836,0.8845903006477066
12.292467580999073,5.708652125202758,2.368692944340397,0.7259589320058142,-0.6503456245509054,-0.007145736032028574,-0.574104178445829,14.423532313203758,0.16617722339962493,0.16075715763010193,0.00873468811571066,0.8845903006477066
12.424222616999032,5.755285467230461,2.3257988512714554,0.6879399881286459,-0.6398803763608525,-0.07672157286090572,-0.6617194192615845,14.431426586589964,0.1691754750878052,0.16340120592538696,0.010754467033556765,0.8500000000000001
12.426000278999709,5.755285467230461,2.3257988512714554,0.6879399881286459,-0.6398803763608525,-0.0432127252691189,-0.6867279646690236,14.431426586589964,0.1691754750878052,0.16340120592538696,0.010754467033556765,0.8500000000000001
12.441774719000023,5.777206965347128,2.3047800053925354,0.6576449434999954,-0.6305653763675935,-0.1517374862524089,-0.772981573488782,14.435930819273624,0.17035634786861015,0.164039477443751,0.018267222894053567,0.8500000000000001
12.554142699000295,5.797912399986081,2.28409855074006,0.6211630391685897,-0.6204436395742663,-0.1517374862524089,-0.772981573488782,14.440920523876864,0.1710965456153816,0.16405643385480162,0.012262444599338567,0.8500000000000001
12.557124515999021,5.817445871587729,2.263757334782842,0.5860041480494631,-0.6102364787165359,-0.14070418130609216,-0.7956378953407464,14.446360902316755,0.17167273614316025,0.16348527234351318,0.020165714175146666,0.8
12.687148024000635,5.835895984017894,2.2437486385547154,0.5535033729049293,-0.6002608868437987,-0.21227740720655722,-0.868792817984066,14.452200923483757,0.17167771876607668,0.16238318717092665,0.023495295197160163,0.8
12.737707840999065,5.853373844693664,2.2240623480837685,0.5243358202731099,-0.5905887141284112,-0.1852068222439755,-0.9091292804217124,14.458379510082871,0.17181436338168998,0.16082159148698275,0.03449634100656193,0.75
12.791477036998913,5.853373844693664,2.2240623480837685,0.5243358202731099,-0.5905887141284112,-0.18247234453855932,-0.9442799178802795,14.458379510082871,0.17181436338168998,0.16082159148698275,0.011985049088037283,0.75
12.793173030999242,5.869603295570677,2.204609071799806,0.48688352631039017,-0.5835982885188719,-0.18073533921778,-0.977744814185046,14.465122026688489,0.17141732876981164,0.1585420026803681,0.02281995713496606,0.75
12.794695481999952,5.869603295570677,2.204609071799806,0.48688352631039017,-0.5835982885188719,-0.14598931608501792,-1.017283973316978,14.465122026688489,0.17141732876981164,0.1585420026803681,0.02281995713496606,0.75
12.799430095999924,5.884628446622484,2.185316253304591,0.4507545315542024,-0.5787845548564623,-0.18316711013403836,-1.0449102034404316,14.472457239315384,0.17021247923392305,0.15552430609128454,0.03324980880878335,0.75
12.801106554999933,5.898408742959567,2.1660240646323836,0.41340889011247695,-0.5787656601662118,-0.1514101084680231,-1.0838705311733952,14.4805345472291,0.16911520261596502,0.1516268096439483,0.043613525285179255,0.75
12.908970630000113,5.911045437344632,2.1466053852331344,0.3791008315519543,-0.5825603819774775,-0.23313202097130276,-1.1162629328046099,14.48939680061153,0.16729078596886487,0.14683122205051316,0.038913550811282956,0.7000000000000001
12.917554633999316,5.922550715133555,2.1269498545088004,0.3451583336677043,-0.5896659217300232,-0.247186823232732,-1.0504933877442442,14.499124338835417,0.16442518767147793,0.14106812293149887,0.04984949963797309,0.7000000000000001
13.03149581300022,5.932900780180089,2.1068850086486814,0.3105019513959944,-0.6019453758035622,-0.21749353398266952,-1.0484284601014584,14.509869636290972,0.161531360031318,0.1341987355404709,0.04442144784711039,0.7000000000000001
13.036399021999387,5.942040950041832,2.0862711526412063,0.27420509585230984,-0.6184156802242585,-0.21641047045566725,-1.0318671220096385,14.521775947819027,0.15835800652085355,0.1260856142616184,0.055833632615985,0.7000000000000001
13.038384108000173,5.950097539436107,2.064961395486733,0.2416976818282411,-0.6392927146342074,-0.21296705624628026,-1.0090401060307463,14.534891273374907,0.15389695253691765,0.11671420946617873,0.06622391838580416,0.65
13.158087132000219,5.957098918837758,2.0426421959417307,0.210041382049549,-0.6695759863500631,-0.23670442705741346,-0.9320174145773138,14.549457558021812,0.14852512076028004,0.10637518879032243,0.015654614438982934,0.65
13.159920744999908,5.963223756438017,2.0190544453820505,0.18374512800778403,-0.7076325167904072,-0.20384567630045114,-0.9255861967555864,14.565588664088994,0.1448315304950947,0.09861139547719046,0.031040113847911673,0.65
13.287261749999743,5.96850242831436,1.9941196595250452,0.15836015629028,-0.7480435757101496,-0.25650479007820715,-0.7675461343498844,14.583332663565876,0.1405776141640957,0.09543714153543975,0.01655880599170354,0.65
13.291802372999882,5.976783794422722,1.9407015423719907,0.11311401547854813,-0.8173075232069466,-0.23293217906474722,-0.7516115684428818,14.623104338827245,0.1318636523063841,0.10178370687839955,0.04888223137500504,0.65
13.410757761999776,5.976783794422722,1.9407015423719907,0.11311401547854813,-0.8173075232069466,-0.23900398474567108,-0.6504387722667265,14.623104338827245,0.1318636523063841,0.10178370687839955,0.030850679486099687,0.65
13.412538860000495,5.979859688221474,1.9125407592495427,0.0922768139625741,-0.8448234936734432,-0.2310786350467841,-0.6363645017768759,14.644823024807243,0.12785299829976354,0.10485960067715183,0.04576976084454408,0.65
13.433666651999374,5.982303857041127,1.8836434705995242,0.07332506458959477,-0.8669186595005526,-0.19168999116712776,-0.6000102669008631,14.667527314541978,0.12440758343219628,0.10730376949680487,0.0597793275599464,0.65
13.542926383999657,5.984283133148291,1.8541211744547943,0.05937828321491371,-0.8856688843418943,-0.19168999116712776,-0.6000102669008631,14.691031565987384,0.12123527201648655,0.10928304560396906,0.04788814781065436,0.65
13.548761086000013,5.985903256845818,1.8241006137365532,0.04860371092579302,-0.9006168215472354,-0.1560455280898644,-0.5953536053941483,14.715171480445907,0.11837132947371978,0.11090316930149591,0.06245696546854822,0.65
13.550822830999095,5.987331852552861,1.7936546186491897,0.04285787121130753,-0.9133798526209019,-0.1320151337020021,-0.5757318980988594,14.739793794883894,0.11567196547869814,0.11233176500853936,0.07540824445095184,0.65
13.668480824999278,5.988543945082971,1.763229449720078,0.03636277590329573,-0.9127550678733519,-0.11095228980868671,-0.4938859369840549,14.764539509957773,0.1129855579857225,0.11354385753864893,0.012427434842532331,0.65
13.67055801800052,5.988543945082971,1.763229449720078,0.03636277590329573,-0.9127550678733519,-0.06808404001600041,-0.4896237912740998,14.764539509957773,0.1129855579857225,0.11354385753864893,0.012427434842532331,0.65
13.6723015080006,5.989536871312383,1.7331031397088772,0.02978778688237486,-0.9037893003360256,-0.06186329603401508,-0.4800586816748711,14.789176789628277,0.11000627932852503,0.11453678376806131,0.024540368461174463,0.65
13.69285907899939,5.990291853051587,1.7034734689089563,0.02264945217611202,-0.8888901239976247,-0.00405716629682612,-0.45783692288971567,14.813549077271308,0.10639870475491435,0.11529176550726472,0.03313150158150484,0.65
13.821679138000036,5.990291853051587,1.7034734689089563,0.02264945217611202,-0.8888901239976247,-0.00405716629682612,-0.45783692288971567,14.813549077271308,0.10639870475491435,0.11529176550726472,0.012576456908000737,0.65
13.879882445000476,5.990830121397228,1.6743634592254455,0.016148050369249593,-0.8733002905053278,0.013094295260279526,-0.4542362528350312,14.837623784267828,0.10166338617873477,0.11583003385290613,0.02474595494854441,0.65
13.93359810199945,5.991171263490737,1.6458901062359845,0.010234262805261032,-0.8542005896838297,0.03512291792674885,-0.43727301675026725,14.861290547055095,0.09604677207301396,0.09691694494714044,0.012275941622640783,0.651920240520265
13.935860559999128,5.991171263490737,1.6458901062359845,0.010234262805261032,-0.8542005896838297,0.047450570808178105,-0.42987045415366726,14.861290547055095,0.09604677207301396,0.09691694494714044,0.012275941622640783,0.651920240520265
13.940936785998929,5.991356261059791,1.618092078534346,0.005549927071626834,-0.8339408310491577,0.038776632996081806,-0.4229901103143302,14.88449289176495,0.08812543512277288,0.07912058439156731,0.02412638115290054,0.651920240520265
13.94302280500051,5.991356261059791,1.618092078534346,0.005549927071626834,-0.8339408310491577,0.05763328114112748,-0.41318800496586666,14.88449289176495,0.08812543512277288,0.07912058439156731,0.02412638115290054,0.651920240520265
14.046824647999529,5.991424110749233,1.5911321915303303,0.002035490683267975,-0.8087966101204741,0.07048605960524834,-0.4047646557553901,14.907071369035156,0.08063759267817612,0.06835493841775783,0.019755676993940038,0.6576473218982953
14.049056940999435,5.99141204159938,1.5650720932543212,-0.0003620744955960349,-0.7818029482802721,0.07520354126766256,-0.37751325276214076,14.92895228428409,0.0743857178846907,0.06641195331000027,0.02668873153476434,0.6576473218982953
14.166424760000154,5.991362790687612,1.539860384956704,-0.0014775273530535913,-0.7563512489285098,0.14005577465276237,-0.35652670019811133,14.950153997254521,0.06830332223609978,0.06636270239823183,0.010144428602492627,0.6670832032063168
14.286929275000148,5.99134591516871,1.4919269615027804,0.0005805280243560297,-0.7071714416770889,0.12528480329180863,-0.30357449520166424,14.99045619090799,0.056873503422479654,0.06634582687932955,0.0012733933515918932,0.6800735254367722
14.289272619000258,5.992186429147234,1.447451796912346,0.016912710532961627,-0.6537747867090133,0.1577346714284953,-0.312523100395288,15.02742881970036,0.044979880091767836,0.06718634085785435,0.0009858292074091082,0.696419413859206
14.29114223599936,5.992186429147234,1.447451796912346,0.016912710532961627,-0.6537747867090133,0.2108447222017228,-0.31166605346524545,15.02742881970036,0.044979880091767836,0.06718634085785435,0.0009858292074091082,0.696419413859206
14.407400108999354,5.9943035618814005,1.4064799766014269,0.0360956061106644,-0.6011406838947155,0.3485428279971575,-0.38202482752995665,15.060802280467966,0.03166771500297026,0.06930347359202038,0.0013560123322304077,0.696419413859206
14.409370257999399,5.9943035618814005,1.4064799766014269,0.0360956061106644,-0.6011406838947155,0.40699689816108886,-0.36307070700410116,15.060802280467966,0.03166771500297026,0.06930347359202038,0.0013560123322304077,0.696419413859206
14.413842457999635,5.995801506607547,1.3872875847610018,0.04493834178439093,-0.5757717552127559,0.439010339483246,-0.36740234510658204,15.076176245085366,0.025396084581820178,0.05875278303133076,0.0017914201677606528,0.7158910531638177
14.528851204000603,5.997780485226434,1.368910595173562,0.059369358566604594,-0.551309687623189,0.5112631528538335,-0.4032283035201157,15.090612926560059,0.017065113777354663,0.04715763827749564,0.0007625960559023794,0.7158910531638177
14.53072507899924,6.000217848610566,1.3513486870963936,0.07312090152395488,-0.526857242315055,0.5382056146004489,-0.3792550445405448,15.104124641897181,0.009562024171361256,0.03646297016269077,0.0017485948274287633,0.670820393249937
14.532321783999578,6.003107446773373,1.3345606296711214,0.08668794488420029,-0.5036417227581639,0.5464893768700235,-0.3754087872690755,15.116749364067637,0.0028592363851031905,0.026635275370156693,0.002684531787209201,0.6946221994724903
14.542139560999203,6.006438880943093,1.318502391920657,0.09994302509160294,-0.48174713251392737,0.5676001855780354,-0.3764146862894631,15.128529759803088,0.003804682000039079,0.017636066255383245,0.0030266836355359213,0.6946221994724903
14.652899692000574,6.010149186274578,1.3031814507578987,0.11130915994456728,-0.4596282348827493,0.5676001855780354,-0.3764146862894631,15.139493094901182,0.010409397915556978,0.009426106925202382,0.01384205246269867,0.6946221994724903
14.655022005999854,6.0145748379101684,1.2884787181676673,0.1327695490676957,-0.4410819777069411,0.5913653496913299,-0.35172241993796305,15.149560310669024,0.016069514300673188,0.0021591132913728697,0.016183931821657442,0.7211102550927979
14.770914495999023,6.025975585837456,1.2606082933786706,0.18453269547827716,-0.41069868076195887,0.6037945214868269,-0.33449642011751657,15.167064634811489,0.024545497821360382,0.009486706901493506,0.005975818865724061,0.7211102550927979
14.773318208999626,6.025975585837456,1.2606082933786706,0.18453269547827716,-0.41069868076195887,0.6277819434853451,-0.2913572178727243,15.167064634811489,0.024545497821360382,0.009486706901493506,0.005975818865724061,0.7211102550927979
14.775558946999809,6.03321402548282,1.247309803860728,0.21715318936094463,-0.398954685538282,0.6035232925985721,-0.32163273734600595,15.174474660975964,0.02798221273491517,0.013771809260721628,0.007330812834183147,0.75
14.781348487000287,6.041563924160962,1.2343404826822921,0.2504969603442375,-0.3890796353530729,0.609069707086137,-0.2941731347431018,15.181027198576906,0.030369918144823756,0.017038234235845395,0.007578451447216759,0.75
14.897538776000147,6.051057797456857,1.2216698576496123,0.28481619887685233,-0.38011875098039316,0.5760483758639214,-0.29047108254760967,15.18673295463019,0.03170459160331921,0.019284536931071978,0.001273387263844229,0.7106335201775948
14.900366834999659,6.061669006861283,1.2092919168625174,0.31833628213278886,-0.37133822361284935,0.5787506860440523,-0.26564233085486055,15.191613477176166,0.032010126535166335,0.020533804672292644,0.0015156070480476093,0.7106335201775948
15.036940770000001,6.07336598995931,1.197230946529944,0.35090949294078766,-0.3618291099771982,0.5598823644286121,-0.25949189054802335,15.195667237022745,0.03188749966374382,0.020791182514105933,0.0006035536664361033,0.7433034373659253
15.086469781999767,6.086091442796756,1.1855133989792277,0.38176358512337666,-0.35152642652148847,0.5691045278077589,-0.23855294669993604,15.198904385881255,0.030871205848137528,0.02007848585106522,0.002200722855882857,0.7433034373659253
15.1452990279995,6.0997222113375855,1.1741568387677659,0.4089230562248804,-0.34069680634385346,0.5710165802051186,-0.23379213121747514,15.201377112766437,0.028952875466822417,0.01847037771953843,0.0,0.7433034373659253
15.147456660999524,6.0997222113375855,1.1741568387677659,0.4089230562248804,-0.34069680634385346,0.5817025163104663,-0.21223391858681145,15.201377112766437,0.028952875466822417,0.01847037771953843,0.0,0.7433034373659253
15.14934092600015,6.129197416092853,1.1526209021315637,0.4520689180033377,-0.31710883085651387,0.5811315932222231,-0.22492371813941558,15.204220444848243,0.0233721965527582,0.012856467394889182,0.007426122133399719,0.7071067811865476
15.151055172998895,6.144807021998935,1.1424670695695303,0.46828817718245763,-0.30461497686100447,0.5999217642454597,-0.18135680753727207,15.204695161706711,0.01984017098105621,0.008998653066695948,0.012197901846174804,0.7433034373659253
15.25410267100051,6.160872100172964,1.1327403892672132,0.48195234522084374,-0.29180040906951094,0.4973391797722516,-0.17980243804612805,15.204590544370271,0.015684492493160562,0.004516728949750187,0.011773161778729476,0.7106335201775948
15.260598316999676,6.177330302769593,1.1234254646090107,0.4937460778988923,-0.27944773974607495,0.48490856093141593,-0.1723930088765272,15.203952834837748,0.011257731317370685,0.0005343313204116934,0.017857351460064567,0.7106335201775948
15.2626813400002,6.1941633110368395,1.1145199912536097,0.5049902480174069,-0.267164200662028,0.4818837320036665,-0.15084118601428353,15.202793980387556,0.006722380479090407,0.006139945014670589,0.023561988644929317,0.7106335201775948
15.382548260000476,6.1941633110368395,1.1145199912536097,0.5049902480174069,-0.267164200662028,0.5418144024480253,-0.1721085548479064,15.202793980387556,0.006722380479090407,0.006139945014670589,0.003761987332386659,0.7106335201775948
15.384838668000157,6.211270076118107,1.1060361834557604,0.5132029524380384,-0.25451423393547956,0.5527379942064383,-0.1700156004601749,15.201156386196761,0.0016900320444027948,0.012237296583657542,0.008023693279636644,0.6800735254367722
15.386627059000602,6.228620522248922,1.0979854588668083,0.5205133839244289,-0.2415217376685625,0.5883936794997762,-0.15145112949350598,15.199045924353271,0.003827853161473583,0.018813192749055397,0.012774917437817349,0.7211102550927979
15.442917006999778,6.245990697671652,1.0903323341363267,0.5211052626819062,-0.2295937419144498,0.6918156068650352,-0.16509285796372097,15.196608664346101,0.008729954000977022,0.025684185186677814,0.017555569705549407,0.7211102550927979
15.500472420999358,6.263288053694648,1.0830355636333344,0.5189206806898704,-0.21890311508976615,0.6918156068650352,-0.16509285796372097,15.193926986365295,0.01374057885960447,0.03275566702370851,0.008675906477145624,0.6946221994724903
15.503190811999957,6.280510263397131,1.0760937335666596,0.5166662910745031,-0.20825490200024663,0.7087271047216689,-0.13717878116317306,15.191002408586446,0.018982925246208007,0.040024993177360885,0.01237095869687565,0.6946221994724903
15.513547909000408,6.297649446528403,1.069521767669835,0.5141754939381641,-0.1971589769047404,0.6722873017278898,-0.12777013443868446,15.187825292729988,0.023655431227427855,0.04749714414210993,0.016600030807575255,0.6946221994724903
15.617822193999018,6.297649446528403,1.069521767669835,0.5141754939381641,-0.1971589769047404,0.6722873017278898,-0.12777013443868446,15.187825292729988,0.023655431227427855,0.04749714414210993,0.005575264178723034,0.6946221994724903
15.63214869299918,6.331907553903796,1.0574406960741494,0.515195799678452,-0.17669055814285012,0.5823218871581882,-0.1022489163145966,15.180632840811336,0.032109025206938535,0.06317867652855767,0.01754307789472402,0.670820393249937
15.740439261000574,6.331907553903796,1.0574406960741494,0.515195799678452,-0.17669055814285012,0.5823218871581882,-0.1022489163145966,15.180632840811336,0.032109025206938535,0.06317867652855767,0.011934443586170813,0.670820393249937
15.868506583999988,6.349214089693693,1.0518701723758592,0.5191960736969331,-0.16711571094870606,0.6983846271394751,-0.11589150598443454,15.176573204315181,0.035619199074960604,0.07147729026262016,0.00488938802871726,0.670820393249937
15.871327801000007,6.349214089693693,1.0518701723758592,0.5191960736969331,-0.16711571094870606,0.6949389747699373,-0.09132640854094476,15.176573204315181,0.035619199074960604,0.07147729026262016,0.00488938802871726,0.670820393249937
15.875538758999028,6.366918470995113,1.0465841932162077,0.531131439042596,-0.15857937478954615,0.6947680849896996,-0.11150815633661473,15.172086677811643,0.03763499083934373,0.0715841786875755,0.010235464033357879,0.696419413859206
15.986134988999765,6.385098669798066,1.0416305372176684,0.5454059640885739,-0.14860967995617574,0.7020939658248523,-0.11016723779825274,15.167093181004647,0.04014199784972864,0.06663052268903624,0.012531117392239749,0.696419413859206
15.988092104000316,6.403791699836228,1.03705744519876,0.5607909011448572,-0.13719276056725474,0.6786048401650472,-0.07981654509543448,15.161533246659022,0.041570613315435344,0.06205743067012781,0.019587238507367127,0.6800735254367722
15.989664605000144,6.422984792789059,1.0329246255007316,0.5757927885849193,-0.12398459094085097,0.6728925229288841,-0.07706876293231002,15.155362791256211,0.043066468324421035,0.057924610972099444,0.026849329585353316,0.6800735254367722
16.10430853700018,6.442640906137105,1.029285042032523,0.589683400441386,-0.10918750404626014,0.7027203336951668,-0.0989276746521639,15.148555634277464,0.04486111581207213,0.05428502750389086,0.01349211147939358,0.6800735254367722
16.10732819199984,6.4625747397499245,1.0260050597433734,0.5980150083845768,-0.09839946867448753,0.7392713072860372,-0.07713262105719079,15.141321220546171,0.04631857522410468,0.05100504521474125,0.02102055087576633,0.6670832032063168
16.11278048299937,6.482800958548791,1.0230852936244759,0.6067865639659981,-0.08759298356692431,0.7745414542120075,-0.08039808698240644,15.133651888255711,0.0481944879134575,0.0480852790958437,0.028542677081670333,0.6670832032063168
16.191560741999638,6.503346367892554,1.0204924954576502,0.616362280312912,-0.0777839450047723,0.8729904206285755,-0.12388014706857836,15.125563228111238,0.05043393827597447,0.04549248092901803,0.03583746735931266,0.6576473218982953
16.26709627799937,6.503346367892554,1.0204924954576502,0.616362280312912,-0.0777839450047723,0.8729904206285755,-0.12388014706857836,15.125563228111238,0.05043393827597447,0.04549248092901803,0.008826736019944652,0.6576473218982953
16.31727177799985,6.52407902541594,1.0181803745696705,0.6219797257015673,-0.06936362663939481,0.8878229872406219,-0.09731462528721285,15.117161880638733,0.052983343405208834,0.04318036004103831,0.017990791202961716,0.6576473218982953
16.369695800000045,6.545003246910803,1.0161183200373798,0.6277266448458949,-0.061861635968719145,0.8552483367403282,-0.09086204891235453,15.1084723170296,0.056102657573199315,0.04572571535864969,0.008378746199352234,0.6576473218982953
16.375029585999073,6.58785648827951,1.0126202790110996,0.6485548971489968,-0.04965032542415227,0.8245951324770115,-0.05537642001535256,15.09012286570377,0.06470044325598777,0.07104772447755124,0.026093162526057555,0.651920240520265
16.376709661999485,6.58785648827951,1.0126202790110996,0.6485548971489968,-0.04965032542415227,0.7910019632404539,0.0040828826570566135,15.09012286570377,0.06470044325598777,0.07104772447755124,0.026093162526057555,0.651920240520265
16.497010693999982,6.632747734953929,1.009724685972166,0.6824763083973362,-0.04171638402130554,0.8279482632340414,-0.11406850027096514,15.070340546480102,0.07006354231041098,0.08472467218859192,0.0198527614318904,0.65
16.505825459000334,6.656127243841603,1.008496364152734,0.7013852666302178,-0.03684965458295674,0.7477226975744798,-0.10509212098472595,15.059837617228128,0.07162698402080249,0.08349635036915992,0.02981204475833689,0.65
16.61677926399898,6.68001739641163,1.0074395499944941,0.7167045771008344,-0.03170442474719335,0.7477226975744798,-0.10509212098472595,15.048962787335292,0.0732497085461715,0.08243953621092004,0.020043664173447946,0.65
16.62259997000001,6.704372112246247,1.0066107668850277,0.7306414750385187,-0.024863493283991157,0.7608465145527933,-0.08227878067533914,15.037691094844718,0.07419740374251162,0.0816107531014536,0.030099091531226925,0.65
16.624518466000154,6.728998557628557,1.0060424387639,0.7387933614692985,-0.017049843633834043,0.7619229620567168,-0.05765874342611281,15.02609020600149,0.07535255179350463,0.08104242498032588,0.04003903610619755,0.65
16.730225670000436,6.75376914111666,1.0057864604465894,0.743117504643072,-0.007679349519317862,0.8284681232078138,-0.12492552870941558,15.014177834681247,0.07618501566272468,0.08078644666301527,0.03090937548168196,0.65
16.732208291999996,6.778592041694762,1.0058884935194832,0.7446870173430649,0.003060992186814204,0.8508290140585504,-0.10128289763656884,15.001958893293926,0.07735558394631327,0.08088847973590907,0.041221044856864765,0.65
16.858091037000122,6.803552741095454,1.0061930127904037,0.7488209820207548,0.009135578127617793,0.8888057738943279,-0.15230616174622263,14.989527144652513,0.07833813998575903,0.08119299900682964,0.011094808406243677,0.65
16.86420305899992,6.828736102328047,1.0067157241061355,0.7555008369777861,0.01568133947195524,0.9010257080228534,-0.1257928061324347,14.97682782831388,0.07952462839456372,0.08171571032256142,0.02248276490772,0.65
16.88289108599929,6.85404215315031,1.0073850438392957,0.7591815246678991,0.020079591994803372,0.8207663360199925,-0.1544666216879953,14.963972450810164,0.08062207166445634,0.08238503005572162,0.03359893043996484,0.65
16.986303118999786,6.90519014801179,1.0085985651367981,0.7708915823682104,0.01700356249374173,0.8332944240238951,-0.15852691112336778,14.938208739169662,0.08251544893885455,0.08359855135322403,0.034718845534262376,0.65
17.11445219699999,6.9311798600158205,1.0090423735364393,0.7796913601209351,0.013314251989236194,0.8197267986024308,-0.16294951003589314,14.92531921860659,0.08321138640105952,0.08404235975286523,0.010572850160570153,0.65
17.233446446000016,6.984115836652873,1.0096951306269297,0.7992321977764065,0.008497881058142833,0.926255872710561,-0.17461000368098228,14.899392235903676,0.08419005499379917,0.08469511684335562,0.024848832957037624,0.65
17.240142393000497,7.011115854493155,1.009959898512614,0.8100005352084544,0.007943036570524725,0.9417461747684838,-0.11262030918076238,14.886283226076488,0.0845651509613095,0.08495988472903981,0.03668925983896515,0.65
17.242087046999586,7.011115854493155,1.009959898512614,0.8100005352084544,0.007943036570524725,0.9048971671229119,-0.13576288445062196,14.886283226076488,0.0845651509613095,0.08495988472903981,0.03668925983896515,0.65
17.243601443000443,7.03846410523414,1.010286555457395,0.8204475222295674,0.009799708343429732,0.8748397597732636,-0.13305194063079773,14.872991872965779,0.084983233722891,0.08528654167382088,0.048455992617136345,0.65
17.358252886000628,7.066138483686414,1.0107562452891545,0.8302313535682346,0.014090694952783322,0.8140622671289611,-0.15024572668842567,14.859458600531653,0.08552333466304986,0.08575623150558043,0.023364971377125423,0.65
17.473423867999372,7.066138483686414,1.0107562452891545,0.8302313535682346,0.014090694952783322,0.8189272737177309,-0.12357792635930231,14.859458600531653,0.08552333466304986,0.08575623150558043,0.013892746793838808,0.65
17.479709062999973,7.093937476772356,1.0113183965445356,0.8339697925782591,0.016864537661430964,0.8284937690078548,-0.15278634435123517,14.845824267988908,0.0861381976966151,0.08631838276096149,0.027926950484355402,0.65
17.481619644999228,7.121783552898645,1.0120301762665636,0.8353822837886502,0.021353391660842075,0.8013516096312228,-0.1214444633441486,14.832075339936516,0.0868940823550697,0.08703016248298945,0.04087575903248194,0.65
17.617792598999586,7.149641844907666,1.0129500091456352,0.8357487602706444,0.027594986372150902,0.7317760100211455,-0.1476597290502487,14.81817653920953,0.08784336233809716,0.08794999536206105,0.013323645710851874,0.65
17.619939537999016,7.1775186906859885,1.0139165301732664,0.8363053733496734,0.02899563082894084,0.7297959738624937,-0.12385045368484238,14.804267224590154,0.08883644386806608,0.08891651638969233,0.02669734059263727,0.65
17.621860498999013,7.1775186906859885,1.0139165301732664,0.8363053733496734,0.02899563082894084,0.7372462777633867,-0.12654252931573412,14.804267224590154,0.08883644386806608,0.08891651638969233,0.02669734059263727,0.65
17.72576082699925,7.205561805887019,1.0149034661893666,0.8412934560309032,0.029608080483004423,0.7402655695853813,-0.13177883616853947,14.790301866817556,0.0898405548838442,0.08990345240579245,0.014170961572257463,0.65
17.728275699999358,7.233715949459693,1.01584936066851,0.8446243071802344,0.028376834374302596,0.7592280625992868,-0.1367355658889604,14.776361345589205,0.09080167121251131,0.09084934688493584,0.028358458487377256,0.65
17.733241170999463,7.26189596064827,1.0166956796581423,0.8454003356573032,0.02538956968897218,0.7348530819378659,-0.11679030692168074,14.762537681295663,0.09165868027607477,0.09169566587456823,0.04157442157892994,0.65
17.843190296000103,7.290035673034301,1.017507761530626,0.8441913715809074,0.024362456174510175,0.7646278745616748,-0.1905507501685763,14.748803927917573,0.09247923989501405,0.09250774774705195,0.02974133169051373,0.65
17.84534416799943,7.318123856878561,1.0183508366378955,0.8426455153277914,0.025292253218082466,0.735408302825522,-0.1660375227202664,14.735107358072835,0.0933288581693148,0.09335082285432139,0.04340463273356385,0.65
17.853022408999095,7.346025030500639,1.0192308659803138,0.837035208662342,0.026400880272547615,0.7448988933016563,-0.22002027738874969,14.721504645454758,0.09421343004916208,0.09423085219673966,0.05669110556172693,0.65
17.9628064970002,7.373630943468177,1.0201404555457259,0.8281773890261103,0.02728768696236511,0.7724985491333904,-0.23298217638529695,14.708051073725587,0.09512687864900189,0.09514044176215175,0.027736665627260314,0.65
18.083454411000275,7.373630943468177,1.0201404555457259,0.8281773890261103,0.02728768696236511,0.8105923638478014,-0.28041703338937957,14.708051073725587,0.09512687864900189,0.09514044176215175,0.0,0.65
18.199507994999294,7.400938281602354,1.021129209950009,0.8192201440253245,0.029662632128498206,0.7420033435940954,-0.26582154372421174,14.69470275472504,0.09611786307525376,0.096129196166435,0.014375476801383548,0.65
18.20147307499974,7.427960009851858,1.0221151283517096,0.8106518474851161,0.02957755205101193,0.7503986675529642,-0.26746778862117887,14.681525477491201,0.09710577675537918,0.09711511456813549,0.0286071207815703,0.65
18.207007533999786,7.454711131331661,1.023056644717752,0.8025336443941046,0.028245490981273966,0.7583379130356666,-0.2426775983974509,14.66854838303054,0.09804823737261645,0.09805663093417794,0.04198914473065324,0.65
18.321198653000465,7.454711131331661,1.023056644717752,0.8025336443941046,0.028245490981273966,0.7921179297818922,-0.2799551533033834,14.66854838303054,0.09804823737261645,0.09805663093417794,0.014635055829363908,0.65
18.3231905119992,7.481183875869022,1.0239257550837688,0.7941823361208398,0.026073310980506113,0.7698572913557169,-0.2795424372980438,14.655799007342377,0.09891806442586844,0.09892574130019471,0.029064223039400667,0.65
18.324709234999318,7.507430707726885,1.0247122783960685,0.7874049557358913,0.02359569936899047,0.7715025808231638,-0.2545678442193388,14.643261893312875,0.09970458974341541,0.09971226461249438,0.04257997346782189,0.65
18.441094087998863,7.533593830930409,1.0252554800955311,0.7848936961056934,0.016296050983881174,0.7984022522456683,-0.29290307198927334,14.631016172432012,0.10024749068946277,0.10025546631195703,0.012884282593957873,0.65
18.447318634000112,7.5598549265944035,1.0253972344143856,0.7878328699198494,0.004252629565636011,0.8203575680499562,-0.2959219193589687,14.619122239691768,0.10038832203939231,0.10039722063081147,0.025461576320807616,0.65
18.449163496999972,7.586324502057893,1.025153130866912,0.7940872639046932,-0.0073231064242076545,0.8393885633315438,-0.2962464054282833,14.6075182404052,0.10014279786961623,0.10015311708333785,0.03754037946929043,0.65
18.460107958999288,7.612945000391857,1.0246102377820214,0.7986149500189129,-0.01628679254671331,0.8768199004653675,-0.27811533932872257,14.596153602982387,0.09959781714513988,0.09961022399844732,0.0486162527612039,0.65
18.562598739999885,7.612945000391857,1.0246102377820214,0.7986149500189129,-0.01628679254671331,0.8768199004653675,-0.27811533932872257,14.596153602982387,0.09959781714513988,0.09961022399844732,0.014375104771717202,0.65
18.56463105200055,7.63966805372572,1.0238555149678583,0.8016916000159011,-0.02264168442489589,0.8434538898555942,-0.2745291654375107,14.584973207019905,0.09884009994951679,0.09885550118428421,0.028631390636201584,0.65
18.570219917999566,7.666458180001259,1.0229030191457271,0.8037037882661449,-0.028574874663934484,0.8230564600440945,-0.23978650440067584,14.57398112378154,0.09788386298017497,0.09790300536215302,0.041522630906973154,0.65
18.5717692369999,7.666458180001259,1.0229030191457271,0.8037037882661449,-0.028574874663934484,0.8121045128926078,-0.20856832045855422,14.57398112378154,0.09788386298017497,0.09790300536215302,0.041522630906973154,0.65
18.67834953700003,7.693251792741614,1.0218199056991737,0.8038083822106448,-0.03249340339660205,0.7855431719270216,-0.2524422888503684,14.563145854181881,0.0967953057328914,0.09681989191559959,0.012146925338741066,0.65
18.68118418799895,7.693251792741614,1.0218199056991737,0.8038083822106448,-0.03249340339660205,0.7996064305122798,-0.2240620365254644,14.563145854181881,0.0967953057328914,0.09681989191559959,0.012146925338741066,0.65
18.688471338000454,7.720087517323414,1.0205383568038455,0.8050717374539997,-0.038446466859844236,0.7986353723132044,-0.23817730069627102,14.552511816262234,0.0955075091037438,0.09553834302027142,0.02414129333232459,0.65
18.824395622999873,7.746930213122749,1.0191353169129338,0.8052808739800454,-0.04209119672735358,0.8108188503072142,-0.2338094322255007,14.542025875859492,0.09409500485048959,0.0941353031293597,0.028022084204168074,0.65
18.82641265699931,7.746930213122749,1.0191353169129338,0.8052808739800454,-0.04209119672735358,0.7839416435576031,-0.2083365274506519,14.542025875859492,0.09409500485048959,0.0941353031293597,0.028022084204168074,0.65
18.876903702999698,7.773791133770804,1.0176207839118796,0.8058276194416812,-0.04543599003162664,0.7693706110560263,-0.2321373379182226,14.531674527482759,0.09257028562971546,0.0926207701283055,0.04020941870455089,0.65
18.926843924999048,7.800741740221482,1.0159950890614047,0.8085181935203373,-0.04877084551424553,0.7557336434752546,-0.2039619891193229,14.521426897273324,0.09092835920176062,0.09099507527783057,0.02766404780340764,0.65
18.92893110499972,7.82789189462012,1.014214437694708,0.8145046319591626,-0.05341954100090242,0.7548468316399527,-0.17863047178731914,14.511275749161738,0.08912997737118417,0.08921442391113388,0.0395031421643957,0.65
18.934301156999936,7.82789189462012,1.014214437694708,0.8145046319591626,-0.05341954100090242,0.7664913861616142,-0.176111375304733,14.511275749161738,0.08912997737118417,0.08921442391113388,0.0395031421643957,0.65
19.04037507400062,7.855249123013373,1.0122491861904666,0.8207168517975916,-0.05895754512724162,0.7285786395100772,-0.21054174960974123,14.501245976811694,0.08713776766182207,0.08724917240689245,0.019349297301422097,0.65
19.04240466599913,7.882685840836764,1.0102123221345813,0.8231015347017153,-0.06110592167655897,0.7656819570499964,-0.17913110598668608,14.4912917576498,0.08506920238459603,0.08521230835100724,0.028665639191454862,0.65
19.045390469998893,7.910171856866173,1.0080276235669443,0.8245804808822603,-0.06554095702911178,0.8124999004182317,-0.16485285819148915,14.48149554247826,0.08284097335651396,0.0830276097833702,0.03754115245387925,0.65
19.066199337999933,7.910171856866173,1.0080276235669443,0.8245804808822603,-0.06554095702911178,0.8330726354652438,-0.14431741160817912,14.48149554247826,0.08284097335651396,0.0830276097833702,0.03754115245387925,0.65
19.173764420000225,7.9376883862041545,1.0057761526078894,0.825495880139463,-0.06754412877164577,0.8330726354652438,-0.14431741160817912,14.47179265299,0.08053357697207113,0.08077613882431534,0.008895122662366192,0.65
19.17573332699976,7.96524126164053,1.0034932877411886,0.8265862630912679,-0.0684859460010254,0.8414146672631345,-0.10679630851052638,14.462148970402634,0.0781806178266351,0.07849327395761452,0.017775926561737362,0.65
19.291263748998972,8.020101034069901,0.9989345731290261,0.8212959874890217,-0.06766282464876974,0.8065820375252046,-0.10564700772907865,14.44309823947313,0.07341241648269684,0.07393455934545201,0.016807459958866587,0.7000000000000001
19.293133031000252,8.047301639545926,0.9966445687701517,0.8160181642807789,-0.06870013076623048,0.8059019870601067,-0.04911447720181257,14.433747988647445,0.07095512099273919,0.07164455498657762,0.02482875536041722,0.7000000000000001
19.296303338000143,8.074462676430766,0.9943485982215606,0.8148311065452027,-0.06887911645773162,0.7784549322870947,-0.035213431352242794,14.424465283075941,0.06848075644769054,0.06934858443798653,0.032752314537939746,0.7000000000000001
19.4189108999999,8.10166166563789,0.9921209046385755,0.8159696762137052,-0.06683080748955296,0.7632457344563455,0.0011597907266535784,14.415150264637932,0.06596656216616603,0.06712089085500139,0.025176803102489112,0.7000000000000001
19.421441882999716,8.10166166563789,0.9921209046385755,0.8159696762137052,-0.06683080748955296,0.7530941350837645,0.03972838986980904,14.415150264637932,0.06596656216616603,0.06712089085500139,0.025176803102489112,0.7000000000000001
19.423732410999946,8.12887638022609,0.9899693442146896,0.8164414376460392,-0.06454681271657457,0.7198855093102003,0.03560747176271564,14.405805117321714,0.06349797677150297,0.06496933043111552,0.03250715040148605,0.7000000000000001
19.540089681999234,8.156113769216208,0.987960268454726,0.8171216697035593,-0.060272272798910086,0.6598122436888973,0.02986596905039736,14.396366536252229,0.06102828725620085,0.06296025467115185,0.01700122761521637,0.7000000000000001
19.548034073999588,8.183352988559943,0.9861763167739086,0.8171765803120261,-0.05351855042452192,0.6312597190603387,0.035808007506869896,14.38676765130806,0.058684652963278634,0.0611763029903345,0.02363787971024734,0.7000000000000001
19.655470662999505,8.210531360586742,0.9846410837463049,0.8153511608040162,-0.04605699082811088,0.6312597190603387,0.035808007506869896,14.377012219400369,0.05641158489046228,0.059641069962730775,0.0009188833088421571,0.7000000000000001
19.657512240999495,8.210531360586742,0.9846410837463049,0.8153511608040162,-0.04605699082811088,0.6350421520513979,0.07221678593455541,14.377012219400369,0.05641158489046228,0.059641069962730775,0.0009188833088421571,0.7000000000000001
19.667798628999662,8.237609918690804,0.983445017111405,0.812356743121861,-0.03588199904699727,0.6772030687876919,0.15363070655323424,14.367032821169861,0.054240819760233094,0.05844500332783087,0.0010574374293737202,0.7000000000000001
19.77367293899988,8.264532458734234,0.9826667366549012,0.8076762013028602,-0.023348413695111165,0.6772030687876919,0.15363070655323424,14.356779352167607,0.05228928106822951,0.057666722871327125,0.0008813581572039374,0.7000000000000001
19.79024593899885,8.317817517552893,0.9825033502682262,0.7963718425912472,0.004883350384861176,0.6644538964755863,0.2157002711903032,14.335353243504063,0.048597386008562005,0.05750333648465211,0.002154479494684846,0.7000000000000001
19.89668582900049,8.370082007529142,0.9843205349956808,0.7776714923008681,0.03407210935434562,0.6559436258812992,0.23812854786106402,14.312686960496874,0.044561420036052436,0.059320521212106736,0.0038212750785701945,0.7000000000000001
19.90637393399993,8.395528948605417,0.9859036432248621,0.7634082322882622,0.04749324687543972,0.6200767642975875,0.28158540826155465,14.30106685639158,0.041590526784206897,0.06090362944128802,0.0050065356482134615,0.7000000000000001
20.03781622399947,8.395528948605417,0.9859036432248621,0.7634082322882622,0.04749324687543972,0.6200767642975875,0.28158540826155465,14.30106685639158,0.041590526784206897,0.06090362944128802,0.004188413047779914,0.7000000000000001
20.088275080999665,8.420475941542005,0.9879448150785525,0.7484097880976378,0.06123515561071076,0.6090142281381707,0.3052607897741293,14.289261167150267,0.03868015074051758,0.047707777022051465,0.006003489592127131,0.70178344238091
20.14301585499925,8.444924010929109,0.9904510717020417,0.7334420816130862,0.07518769870467759,0.5874680117112984,0.33552432840034097,14.277260155422127,0.03426537263744352,0.03219257242537402,0.002601732400249147,0.70178344238091
20.151285273999747,8.468953963372899,0.9934995850008038,0.7208985733137243,0.09145539896286307,0.5689401637910367,0.3617478592404771,14.264958205160921,0.0305854209409764,0.019462533073647523,0.0057440841617482745,0.7071067811865476
20.152884392999113,8.492592415368184,0.9971124400672032,0.709153559858549,0.10838565199198295,0.5627043564617493,0.37829723820698363,14.252321994272654,0.028628854352988536,0.022112425538571068,0.008265974055575788,0.7071067811865476
20.154596356000184,8.515863016264897,1.0014173598245608,0.6981180269013825,0.12914759272072507,0.5434460987390075,0.4048035478251422,14.239222346554728,0.027430701492428322,0.02641734529592865,0.011328054511287185,0.6670832032063168
20.26035824199971,8.538772675002338,1.0064611635810232,0.6872897621232281,0.15131411269387307,0.5453302348769775,0.41007849740677116,14.225611010466743,0.02699913220604996,0.03146114905239106,0.009870227996435447,0.6670832032063168
20.262273381998966,8.561322790977446,1.0122212328547504,0.6765034792532169,0.17280207821181548,0.5100903792022654,0.408477868210871,14.211505841517425,0.027343500616068103,0.037221218326118244,0.01361967599574302,0.6800735254367722
20.268484102000002,8.561322790977446,1.0122212328547504,0.6765034792532169,0.17280207821181548,0.5052937973017928,0.41429265990089936,14.211505841517425,0.027343500616068103,0.037221218326118244,0.01361967599574302,0.6800735254367722
20.279456514999765,8.583504800670994,1.0187034421334766,0.6654602908064624,0.19446627836178504,0.5096351885612735,0.4214442176483114,14.196902440992913,0.027587029558366623,0.04370342760484447,0.01756907335729814,0.6800735254367722
20.38413530499929,8.583504800670994,1.0187034421334766,0.6654602908064624,0.19446627836178504,0.49289163822242704,0.441923879254925,14.196902440992913,0.027587029558366623,0.04370342760484447,0.002201505712164873,0.6800735254367722
20.38628267400054,8.60526695939839,1.0259328635204663,0.6528647618218975,0.2168826416096886,0.5216413015093438,0.45505765062396103,14.181795467311364,0.02832934220976778,0.050932848991834145,0.0013836795049499736,0.696419413859206
20.50753913399967,8.626593977644818,1.0339286481510648,0.6398105473928475,0.2398735389179572,0.5772356353146281,0.5796811086531767,14.166170761965333,0.028499041168256127,0.058928633622432613,0.0017300291178475534,0.696419413859206
20.514157931000227,8.647455967921914,1.0426991156539864,0.625859708312883,0.263114025087652,0.5602669819695622,0.6098672147764082,14.150029781102706,0.028465339831611314,0.06734715675558335,0.003339086044583615,0.696419413859206
20.515714473000116,8.647455967921914,1.0426991156539864,0.625859708312883,0.263114025087652,0.5623683481513594,0.6260151791347021,14.150029781102706,0.028465339831611314,0.06734715675558335,0.003339086044583615,0.696419413859206
20.62640731799911,8.667802531619287,1.0522042374777372,0.6103969109212148,0.2851536547125194,0.5952413610473093,0.6432234573129302,14.133426463387275,0.02786901683284252,0.059681099688906135,0.0030327916864192083,0.670820393249937
20.628694499999256,8.687632867195274,1.0624077622752577,0.5949100672796158,0.3061057439256155,0.5682896277063185,0.6244423291707002,14.1163922210119,0.025671688023256062,0.052873916506252255,0.00666753738714262,0.670820393249937
20.63057613899946,8.706954996495538,1.0732896523461575,0.579663879007924,0.32645670212699335,0.5284047190478565,0.6330248680110722,14.098940275478016,0.024319954637078284,0.046905766112331874,0.008702518037470852,0.6946221994724903
20.736968462999357,8.725788203355728,1.0848279107647587,0.5649962058056812,0.3461477525580389,0.5028661903796104,0.6162730334665567,14.08108152620382,0.021924360741201316,0.04174745860087902,0.0005852558890745843,0.6946221994724903
20.74126780000006,8.744115191789113,1.096924330221201,0.5498096530015291,0.3628925836932687,0.4693991135671927,0.7046698226608998,14.062911467858195,0.02003880162558217,0.037341781026631105,0.0019069344858415823,0.6946221994724903
20.87083695399997,8.761986386228601,1.109619413351299,0.5361358331846502,0.3808524939029406,0.4601433295709726,0.7206873980899524,14.044371724174358,0.018763409546228328,0.033681717619585376,0.002401694877417506,0.6800735254367722
20.883801640000456,8.761986386228601,1.109619413351299,0.5361358331846502,0.3808524939029406,0.4340531453890455,0.7297648544116585,14.044371724174358,0.018763409546228328,0.033681717619585376,0.002401694877417506,0.6800735254367722
20.990702356999464,8.779444906064402,1.1230572430930184,0.5237555950740207,0.4031348922515749,0.4340531453890455,0.7297648544116585,14.02531104195713,0.017198477136511188,0.030838660389011348,0.0008783183161153742,0.6800735254367722
20.997201558999222,8.796583315593038,1.137385160074467,0.5141522858591017,0.42983750944346055,0.408699564116874,0.7431967224776164,14.00555646936971,0.01651131872571099,0.028851342050420996,0.002668045469427903,0.6800735254367722
20.998798053000428,8.796583315593038,1.137385160074467,0.5141522858591017,0.42983750944346055,0.39651957055132536,0.7574123170561742,14.00555646936971,0.01651131872571099,0.028851342050420996,0.002668045469427903,0.6800735254367722
21.000889421000466,8.81343324559627,1.152603395075248,0.5054979000969717,0.4565470500234238,0.3927306200794842,0.7643154091479326,13.985094454238904,0.016450998105815916,0.027697559449359165,0.005088490875981503,0.6726812023536856
21.107696963999842,8.83004055288513,1.1687380340418208,0.49821921866581764,0.4840391689971829,0.3702126567091541,0.7798663891201072,13.963882289910346,0.016530067728153165,0.027363332473417577,0.007220913098338392,0.6726812023536856
21.251190532999317,8.846286907218442,1.1856318645736177,0.4873906299993435,0.5068149159539072,0.33600574685368745,0.7711276904657001,13.942109079998646,0.017406099212992313,0.027821167284024256,0.001604370476097988,0.6726812023536856
21.302893025998856,8.862131683913626,1.2033061515032144,0.4753433008555002,0.5302286078878993,0.305351961448573,0.781964585531292,13.919769276770227,0.01873668167035144,0.029114826377027267,0.0023997099387867045,0.6726812023536856
21.351257459000408,8.877525894530494,1.2217597976496644,0.4618263185060293,0.5536093843935017,0.290625471434992,0.8107800553543623,13.896881178585788,0.020479117995006076,0.03127817398659783,0.0,0.6726812023536856
21.353219082999203,8.89244975214075,1.2410179697768822,0.44771572830769657,0.5777451638165361,0.24593071835120367,0.8411164731111215,13.87342778254819,0.023118738430771283,0.034342997173336075,0.0013385851414170961,0.6726812023536856
21.355045693000648,8.89244975214075,1.2410179697768822,0.44771572830769657,0.5777451638165361,0.22596234440795304,0.8542659002772885,13.87342778254819,0.023118738430771283,0.034342997173336075,0.0013385851414170961,0.6726812023536856
21.356496443999276,8.89244975214075,1.2410179697768822,0.44771572830769657,0.5777451638165361,0.23366372800591123,0.8593720890915697,13.87342778254819,0.023118738430771283,0.034342997173336075,0.0013385851414170961,0.6726812023536856
21.362672430999737,8.906869037132436,1.2610139451665212,0.432578549750575,0.5998792616891692,0.22408957731817308,0.8731819609562916,13.849482738127888,0.025881250269322604,0.03828631277030627,0.0035417139386791857,0.6800735254367722
21.470610737000243,8.92076790594287,1.2816947626563107,0.4169660643130222,0.6204245246936857,0.18976588766008035,0.8035501545150008,13.825100153048586,0.02925235765007528,0.04308187467113813,0.005672512688233842,0.6800735254367722
21.472595151999485,8.934131647789913,1.3030298824925097,0.40091225541129855,0.6400535950859753,0.15549080455156236,0.7995887335509074,13.800313040679383,0.03317318486957187,0.04871849010267115,0.009652975845950176,0.651920240520265
21.47754806500052,8.934131647789913,1.3030298824925097,0.40091225541129855,0.6400535950859753,0.12656423939559544,0.7611526148914913,13.800313040679383,0.03317318486957187,0.04871849010267115,0.009652975845950176,0.651920240520265
21.59137608600031,8.959079904679113,1.3475097000571856,0.3649150893199432,0.6758400651361147,0.13044509742280708,0.742639966296736,13.749729752857315,0.04123542258594891,0.06252938910345754,0.013781889160318821,0.6946221994724903
21.61968989699926,8.97058921786031,1.3705969013092192,0.3452793954359258,0.6926160375610038,0.11258249809402099,0.794195217756156,13.724013925265792,0.044528266664456764,0.07071619227016461,0.019111992698188585,0.670820393249937
21.719516291999753,8.97058921786031,1.3705969013092192,0.3452793954359258,0.6926160375610038,0.08770817865505237,0.8013235407778245,13.724013925265792,0.044528266664456764,0.07071619227016461,0.0072588861608798814,0.670820393249937
21.721696556000097,8.981413939128766,1.394208814564681,0.3247416380536746,0.708357397663855,0.10148053898437354,0.7717411838915741,13.698067488168947,0.04828155287363926,0.07975810243651048,0.015376532926122512,0.670820393249937
21.723630770000455,8.981413939128766,1.394208814564681,0.3247416380536746,0.708357397663855,0.07605459156009893,0.7632081486494755,13.698067488168947,0.04828155287363926,0.07975810243651048,0.015376532926122512,0.670820393249937
21.738181937000263,8.991516988990837,1.418374704754139,0.30309149586211304,0.7249767056837441,0.09616417428720513,0.735599582869357,13.671876930501858,0.04936668223163845,0.08348314623720121,0.02207409341268066,0.65
21.836613887999192,9.00083645446127,1.4430076078274072,0.27958396411302633,0.7389870921980477,0.07354795491800786,0.7324364348883071,13.645545986865676,0.05038557500070735,0.07416368076676783,0.013076116143152784,0.696419413859206
21.839545032999013,9.00083645446127,1.4430076078274072,0.27958396411302633,0.7389870921980477,0.06310139955109371,0.7334351136624,13.645545986865676,0.05038557500070735,0.07416368076676783,0.013076116143152784,0.696419413859206
21.858461515999807,9.009346811909282,1.4680651074871833,0.25531072344034045,0.7517249897932808,0.10345483419792864,0.7216006814135816,13.619123650591508,0.04943467357877874,0.06565332331875595,0.019229139078154708,0.6800735254367722
21.959350635999726,9.017023401464042,1.4933067987547313,0.23029768664282604,0.7572507380264376,0.1422901564648139,0.7254176053086105,13.59284240221992,0.0490733336609549,0.05797673376399537,0.018717366763814653,0.6800735254367722
21.968064426999263,9.017023401464042,1.4933067987547313,0.23029768664282604,0.7572507380264376,0.21854710750212233,0.7259150593534498,13.59284240221992,0.0490733336609549,0.05797673376399537,0.018717366763814653,0.6800735254367722
22.07570221899914,9.023863794259507,1.5186199568092893,0.20521178386393935,0.7593947416367435,0.23058200918108157,0.7236424956457252,13.56680812020377,0.0484569260660475,0.05113634096853126,0.009314814337396447,0.6670832032063168
22.07797257099992,9.029861470227901,1.5440882774535198,0.17993027905185546,0.7640496193269181,0.2233700569133385,0.7392340211365778,13.540946196461299,0.04870618182205534,0.04513866500013641,0.019403053725959997,0.6670832032063168
22.07967914300025,9.0350920035104,1.5696817910289291,0.15691599847493087,0.7678054072622756,0.23920711773386036,0.7383392279383721,13.515256839253048,0.04975613196053969,0.039908131717638184,0.027562529811504994,0.6576473218982953
22.198810367999613,9.039640249724044,1.5952368786646365,0.13644738640935594,0.7666526290712233,0.30786228044090647,0.7056105474103311,13.489860693236304,0.0518144559961069,0.040741278956991145,0.022073295260028537,0.6576473218982953
22.200762313999803,9.043526562091017,1.6207135866935143,0.11658937100918793,0.7643012408663366,0.2901718047861529,0.7099035176433883,13.464787893376373,0.05551855334515982,0.05457954754137997,0.03239560249585909,0.651920240520265
22.32085135899979,9.046850042197343,1.6460629599039371,0.09970440318976502,0.7604811963126837,0.364084348823986,0.6749959590370433,13.440047332309424,0.05910012939081733,0.07015420591697656,0.020618839743235574,0.651920240520265
22.32332946600036,9.04967500263346,1.6712592767770977,0.08474881308350395,0.7558895061948177,0.3467299747375383,0.6829194038255693,13.415639326700932,0.061350691157055395,0.07532513333963564,0.030121401985514003,0.65
22.45560077799928,9.04967500263346,1.6712592767770977,0.08474881308350395,0.7558895061948177,0.3777298436131097,0.5843407510039442,13.415639326700932,0.061350691157055395,0.07532513333963564,0.01011388829209462,0.65
22.457496723000077,9.05215553366458,1.696295240405883,0.07441593093358902,0.7510789088635594,0.38317029445891954,0.5758628965305927,13.391513190057756,0.06335633651019693,0.07284460230851586,0.020446390007022065,0.7000000000000001
22.459466231999613,9.054436445091696,1.721218188638038,0.06842734281346759,0.7476884469646456,0.3850752519185433,0.6013157543468881,13.36757086085294,0.06476257554128691,0.07056369088140002,0.02994579706184086,0.7000000000000001
22.587045889000365,9.056590523637809,1.7460457681172348,0.06462235638337553,0.7448273843759023,0.4883630088654116,0.6009770376170435,13.343768744613122,0.0660347781080159,0.0684096123352873,0.027406658494703813,0.7000000000000001
22.589170227000068,9.058606727560447,1.7708040770270355,0.06048611767911825,0.7427492672940224,0.4889228335551986,0.6202408852441899,13.320087020528504,0.06717463590034353,0.06639340841264918,0.0389854277433446,0.7000000000000001
22.590681876999952,9.06065363253874,1.7954466085289507,0.061407149348822104,0.739275945057454,0.4933538692998129,0.6584711707668354,13.29650502857073,0.06836657839628832,0.064346503434356,0.048842657752400556,0.7000000000000001
22.693389722000575,9.063012034061169,1.8198714121176995,0.07075204567287166,0.7327441076624692,0.6757320144231356,0.7207535306219337,13.27301043109425,0.06933024591806644,0.061988101911927274,0.02247985361160131,0.7000000000000001
22.695425919999252,9.065695134071646,1.8440952621413715,0.08049300031432405,0.7267155007101613,0.6814004771738318,0.758801182713281,13.249582122715248,0.0702707329770485,0.05930500190144983,0.03242560976603768,0.7000000000000001
22.816544923000038,9.068768884254734,1.8680484012947387,0.0922125054926263,0.7185941746010118,0.8355794471369895,0.7735251722013438,13.22625897421911,0.07139772203011709,0.056231251718362074,0.01263483834204415,0.7000000000000001
22.818615092999607,9.068768884254734,1.8680484012947387,0.0922125054926263,0.7185941746010118,0.8433501350900132,0.8000371426868202,13.22625897421911,0.07139772203011709,0.056231251718362074,0.01263483834204415,0.7000000000000001
22.820823652999024,9.072267541874508,1.891797202474945,0.10495972859322658,0.7124640354061909,0.9020927084673256,0.7642063967007245,13.202965924972583,0.07220629823648467,0.05273259409858788,0.02481060166485301,0.7000000000000001
22.827435396999135,9.076158848818958,1.915315836045473,0.11673920833348629,0.7055590071158436,0.961207610434923,0.7052202511843009,13.17973854397819,0.07426357791494334,0.04884128715413816,0.03548864133593084,0.7000000000000001
22.832849548000013,9.076158848818958,1.915315836045473,0.11673920833348629,0.7055590071158436,0.961207610434923,0.7052202511843009,13.17973854397819,0.07426357791494334,0.04884128715413816,0.03548864133593084,0.7000000000000001
22.93212051199953,9.080545762168267,1.938681955307605,0.1316074004792825,0.7009835778639547,0.9649078330066851,0.691460271091478,13.156465233102994,0.07581119082841177,0.04445437380482886,0.025234850577821648,0.7000000000000001
23.04931396400025,9.085510398581137,1.9619088067828265,0.14893909238611938,0.6968055442566571,0.9742368609223281,0.6494606083234633,13.13310183382411,0.07848006444163369,0.03948973739195871,0.013588267775926002,0.7000000000000001
23.051443270000163,9.091405248732324,1.9851404580254841,0.17684550453556758,0.6969495372797221,0.952563702506569,0.6800067343267759,13.109379966428508,0.08152842520668967,0.035091946951181105,0.02654518892347056,0.7000000000000001
23.17117677100032,9.09837168835892,2.0085577121296416,0.20899318879788947,0.7025176231247232,0.9647728605729635,0.6359314940508325,13.085077851075596,0.08371062894493388,0.04255802087842304,0.011104038547762115,0.7000000000000001
23.1730814120001,9.106399226519724,2.032321919747332,0.2408261448241121,0.7129262285307159,0.9427400784419976,0.6650823399727125,13.060049882504796,0.08862447630369602,0.053685526564679696,0.021678922699072765,0.75
23.289529716999823,9.12597158353338,2.0811955709757184,0.3115415981840876,0.7402262534682186,0.868508100867353,0.6124340554161918,13.007406297604113,0.0980493304118874,0.07440467040145723,0.025279072665772576,0.75
23.291671676999613,9.12597158353338,2.0811955709757184,0.3115415981840876,0.7402262534682186,0.8181263318100938,0.6673735574684388,13.007406297604113,0.0980493304118874,0.07440467040145723,0.025279072665772576,0.75
23.300335036999968,9.137496206742638,2.106412501899526,0.345738696277765,0.7565079277142372,0.8190913407320082,0.551823517527455,12.97969895539514,0.10418065650875231,0.08408659403650817,0.03741542763174212,0.75
23.40484695899977,9.150582698826836,2.131781715484102,0.39259476252598124,0.7610764075372696,0.8190913407320082,0.551823517527455,12.951254013684268,0.10924825463732785,0.09277178970085063,0.01968209239779167,0.8
23.406761026999447,9.165275758598673,2.1571431929969687,0.4407917931550911,0.7608443253860023,0.794108543780611,0.5577378935204607,12.922203064928693,0.1138139802424883,0.1003155002300639,0.027842326577709256,0.8
23.538891281999895,9.198944672963625,2.2078403336862173,0.5244419510536362,0.7603642258161688,0.729597179471015,0.44647936961429396,12.862496058221824,0.12141538018002776,0.11235627453555415,0.01097879441149646,0.8
23.545892770000137,9.198944672963625,2.2078403336862173,0.5244419510536362,0.7603642258161688,0.6275299584569045,0.3519145606786513,12.862496058221824,0.12141538018002776,0.11235627453555415,0.01097879441149646,0.8
23.6585884670003,9.2174822771934,2.2332476751718318,0.5561281268932448,0.7622202445684375,0.6178045500722626,0.34762039743880463,12.831944125982442,0.12491991986559928,0.11721391233412749,0.0004029401484158967,0.8321658488546619
23.660632990000522,9.2174822771934,2.2332476751718318,0.5561281268932448,0.7622202445684375,0.577057887791517,0.36309759387214835,12.831944125982442,0.12491991986559928,0.11721391233412749,0.0004029401484158967,0.8321658488546619
23.662505071999476,9.236930058018427,2.2586844416205234,0.5834334247508322,0.763102993460755,0.5693007030685744,0.3210615391847535,12.80102352992621,0.12777342764109179,0.12144876468104993,9.518788755091691e-05,0.8500000000000001
23.677226877000066,9.236930058018427,2.2586844416205234,0.5834334247508322,0.763102993460755,0.52587290473567,0.27499250894550153,12.80102352992621,0.12777342764109179,0.12144876468104993,9.518788755091691e-05,0.8500000000000001
23.800140781000664,9.277643886627015,2.3096226505225457,0.6188329172125804,0.7628357044770758,0.507459145808754,0.2478672137420242,12.738450318906802,0.1334845104138727,0.12867849331996695,0.0021379993789654183,0.8514693182963202
23.8946327499998,9.298636131531318,2.335016922720982,0.6297673471291,0.7618281659530879,0.514580723739031,0.1628066505700188,12.70700286480247,0.13623193393434124,0.13179119667061728,0.0024148314794980026,0.8514693182963202
23.896649934999004,9.319838334051244,2.360446767394077,0.6360660755978118,0.7628953401928623,0.5306343087520249,0.13358739401646155,12.67545090534432,0.13899509783052116,0.1347805911055529,0.0047026916925809415,0.848528137423857
24.018454924000253,9.362006119139402,2.4099746785685063,0.6297876914844439,0.7337481023677539,0.5903119160789928,-0.0006901275970379872,12.613694067591062,0.14445286548045774,0.13998498617154378,0.014227719030292886,0.8514693182963202
24.025916612999936,9.362006119139402,2.4099746785685063,0.6297876914844439,0.7337481023677539,0.6214947169459787,0.029362293127163597,12.613694067591062,0.14445286548045774,0.13998498617154378,0.014227719030292886,0.8514693182963202
24.027489304000483,9.38275337591123,2.433791893130528,0.6224177031548553,0.714516436860647,0.655211169104021,0.01826043516938103,12.583831980174557,0.14701853617808452,0.14215577414294533,0.022762802072277325,0.8514693182963202
24.133215427998948,9.403086590982186,2.4568492710769747,0.6099964521286567,0.6917213383934054,0.7681790585818241,-0.09839117993431587,12.554837890957897,0.14962822712722051,0.14408204818526202,0.016341966842485522,0.8500000000000001
24.135135816999536,9.403086590982186,2.4568492710769747,0.6099964521286567,0.6917213383934054,0.8020734465317548,-0.08671078805595514,12.554837890957897,0.14962822712722051,0.14408204818526202,0.016341966842485522,0.8500000000000001
24.136335134000547,9.422901034066925,2.479023086931766,0.5944332925421919,0.6652144756437403,0.8286976529625236,-0.12912487416495533,12.526865495853187,0.15197833910859876,0.14575037667031263,0.02547079586352574,0.8500000000000001
24.150479985999482,9.442145870604149,2.500284103282675,0.5773450961167303,0.637830490527266,0.9167986438588948,-0.1822547559912929,12.499960558949239,0.15464394330714737,0.1471760310886614,0.034544335457006255,0.8
24.255471242000567,9.460829613513667,2.52069856109725,0.5605122872855516,0.6124337344372431,0.9789048956834497,-0.20666723352226227,12.47405802807679,0.15706638907024276,0.14839983133432796,0.02088239641938091,0.8
24.258211461999963,9.479042598700612,2.540063683504082,0.5463895556083637,0.5809536722049752,1.0181732639460972,-0.17946207853771906,12.4493122278327,0.15942771034904935,0.14921451537536704,0.031853438400691714,0.8
24.373319893998996,9.496967374093007,2.5582301781789236,0.5377432617718119,0.5449948402452466,1.1097696083658137,-0.22176368251807943,12.425794138607959,0.1615385155382704,0.14938543671912843,0.012792952614880811,0.75
24.375313225000355,9.514692855708113,2.5752373755735922,0.5317644484531718,0.5102159218400595,1.1393066479044467,-0.17752099248347003,12.403434812860109,0.16289941864007,0.1488775330760385,0.02452028039628152,0.75
24.38249936700049,9.532278574357852,2.5911951193745257,0.5275715594921774,0.478732314028008,1.152699540006875,-0.1680453108974274,12.382110837921742,0.16427222938487757,0.14772638102084681,0.036544148577326845,0.75
24.5002555129995,9.532278574357852,2.5911951193745257,0.5275715594921774,0.478732314028008,1.1521123048409905,-0.17962882313898146,12.382110837921742,0.16427222938487757,0.14772638102084681,0.01594500783719871,0.75
24.50247422099892,9.55003442963251,2.6059697736109735,0.5326756582397354,0.4432396270934367,1.148748574482152,-0.17638742601529694,12.36183309775189,0.1651797372404652,0.14561835355064834,0.030706803243751905,0.7000000000000001
24.619849168000655,9.568098352433,2.619649394676674,0.5419176840146892,0.41038863197101555,1.115032072447534,-0.1794095408359529,12.34247068314801,0.165031047516773,0.14251818406320976,0.011400557990415767,0.7000000000000001
24.62189307100016,9.586750550345384,2.632134025840457,0.5595659373715431,0.37453893491349666,1.0972625297558558,-0.1417394710047426,12.324016009243653,0.1641722452686512,0.13815705579185303,0.021543886188305297,0.7000000000000001
24.628852914000163,9.606243259534926,2.643427072135224,0.5847812756862908,0.3387913888430075,1.0739604888536471,-0.144896811108777,12.306376919872045,0.16342110179084887,0.13235901855551396,0.03040644292160624,0.7000000000000001
24.741387244999714,9.626850330365208,2.653567253638022,0.6182121249084771,0.3042054450839349,0.983132940126045,-0.18495779365820145,12.289421897873865,0.1611128198302343,0.12495781013412174,0.02372561683815611,0.65
24.74418865500047,9.648786595199654,2.662669713641691,0.6580879450334023,0.2730738001100637,0.9751536845961837,-0.15356625596872944,12.272971313187501,0.15742836974708357,0.11616573127298435,0.033732954943869554,0.65
24.74861574299939,9.672153688924864,2.670737998998811,0.701012811756298,0.24204856071361464,0.9062201426932175,-0.17639687089317327,12.256991998122189,0.15501257768044455,0.10935494966328578,0.042600130920342906,0.65
24.855455646998962,9.696934814685587,2.677895751674768,0.7434337728217014,0.21473258027870512,0.8903517076664507,-0.1699651781577469,12.241382621490807,0.15256987443185055,0.10665453847452722,0.0300897558705089,0.65
24.99590958800036,9.750421694888786,2.6901060235823895,0.8206038156350032,0.17346290987699292,0.7698165691611882,-0.17879660380935736,12.210835843028313,0.14695728987057277,0.11510598521189941,0.034005370829693564,0.65
24.997687990000486,9.750421694888786,2.6901060235823895,0.8206038156350032,0.17346290987699292,0.7515406421851738,-0.13674854550462878,12.210835843028313,0.14695728987057277,0.11510598521189941,0.034005370829693564,0.65
24.999278242999935,9.778882035391545,2.695423948619468,0.8538102150827893,0.15953775111236093,0.7116702338679928,-0.18908410134046819,12.195753989638535,0.14504765852031185,0.12042391024897814,0.04668564652884481,0.65
25.09475349099921,9.808232273680957,2.700337132634336,0.8805071486823732,0.14739552044604198,0.6579063642972267,-0.19244046221054928,12.180787483010663,0.14357010062242195,0.1253370942638461,0.031390109140460115,0.6000000000000001
25.213387370999044,9.838256174511066,2.7048485038360917,0.9007170249032753,0.1353411360526597,0.6283223747195719,-0.15781345222882492,12.166015701725016,0.1428061079398552,0.12984846546560158,0.014662211302513382,0.6000000000000001
25.221434477000003,9.86881923467442,2.7091131130831916,0.9168918049006277,0.12793827741300298,0.6153407281129257,-0.1468576272749393,12.151345388038086,0.14232203062216198,0.1341130747127015,0.029280367442085762,0.6000000000000001
25.23240224499932,9.899832547862474,2.7132736943102627,0.9303993956415713,0.12481743681213832,0.5746764478120057,-0.12047798287501119,12.136677576119508,0.1422537348497943,0.1382736559397726,0.04390979138094169,0.6000000000000001
25.335399236999365,9.931072438263111,2.717276638202929,0.9371967120191218,0.12008831677999136,0.5581651775164036,-0.10753462433951588,12.122142885901415,0.14220730488844655,0.14227659983243912,0.03330403027800652,0.6000000000000001
25.33740265599954,9.962345523476083,2.7211536760829453,0.9381925563891673,0.11631113640048085,0.5275185716892138,-0.0914730922102257,12.10777965732855,0.1419473501320733,0.14615363771245526,0.04909780469054625,0.6000000000000001
25.355345784999372,9.993575548245042,2.7249703832838796,0.9369007430687964,0.11450121602803444,0.44619807950186624,-0.10562562103931444,12.093552850967322,0.14113341980433985,0.14997034491338956,0.06461793252499645,0.6000000000000001
25.45462008100003,9.993575548245042,2.7249703832838796,0.9369007430687964,0.11450121602803444,0.42172999927753735,-0.08184246750325372,12.093552850967322,0.14113341980433985,0.14997034491338956,0.012562562531908794,0.6000000000000001
25.456570725000347,10.024543772551015,2.7286315397011083,0.9290467291791945,0.10983469251686279,0.43122074089946383,-0.048536450890895144,12.079625992626307,0.13892398020348787,0.14432938668004294,0.024701913217350924,0.6000000000000001
25.575353026999437,10.085204906067409,2.7354712042101545,0.9023058945976257,0.10002839257432786,0.4767017191972792,0.034982165175564184,12.052845904457659,0.12936570216288534,0.11742035524812885,0.026873559002590967,0.6020797289396148
25.577355954999803,10.085204906067409,2.7354712042101545,0.9023058945976257,0.10002839257432786,0.44767611437068233,0.05894854673388014,12.052845904457659,0.12936570216288534,0.11742035524812885,0.026873559002590967,0.6020797289396148
25.596525409000606,10.114655292489836,2.738630851925653,0.8835115926728397,0.0947894314649505,0.43065224394186685,0.06360340077587973,12.04008643476013,0.12508476423034962,0.11410073494451636,0.03594434046677161,0.608276253029822
25.70636725499935,10.143426581543904,2.741617117547887,0.8631386716220464,0.08958796866703017,0.4313104801356217,0.07684498152963357,12.027773481406046,0.12109491805537043,0.11661707843233904,0.028073894112106812,0.608276253029822
25.708513441999457,10.171456984985863,2.7444335554356143,0.8409121032587735,0.08449313663181691,0.39610343282393057,0.08455173940666616,12.01592025180481,0.11715269173621028,0.11943351632006616,0.036943513911950804,0.6184658438426491
25.71265264899921,10.19858979405684,2.7470553349057214,0.8139842721293297,0.07865338410320939,0.36438600149555567,0.08578846688542269,12.004597209558098,0.11303995046048905,0.12205529579017327,0.04352737341108779,0.6184658438426491
25.818027224000616,10.224726924488028,2.7494532789399146,0.7841139129356641,0.0719383210258011,0.3675526717525774,0.10624072459583916,11.993858940172501,0.10782599610414739,0.12445323982436651,0.004705186088748609,0.632455532033676
25.82023064399982,10.249744242640757,2.751616472054381,0.7505195445818871,0.06489579343399686,0.37314038079140754,0.15126136341253665,11.98375058545635,0.10152616183965442,0.12661643293883307,0.008066690874086657,0.5852349955359814
25.827048129000104,10.249744242640757,2.751616472054381,0.7505195445818871,0.06489579343399686,0.38222679177091023,0.18386397893594292,11.98375058545635,0.10152616183965442,0.12661643293883307,0.008066690874086657,0.5852349955359814
25.939462721000382,10.29680098236776,2.7560264424741443,0.6921628353267986,0.06796607050498277,0.4348546119132386,0.2991869396714414,11.964533373331557,0.08459228506444236,0.11258948371145598,0.010503957989803936,0.6041522986797286
25.942194512999777,10.319038914868553,2.7584661314144134,0.6671379750238272,0.07319066820807633,0.41899406383064747,0.3610561965721959,11.955168640364397,0.07454874264069918,0.09859001143422566,0.013686176613553768,0.6264982043070835
25.944380364000608,10.340451463702719,2.7611213211260686,0.6423764650249588,0.0796556913496498,0.43121091980084925,0.3808048494678009,11.945893641373042,0.06454583702984887,0.08532655560154728,0.01644251440657838,0.6264982043070835
25.96481294499972,10.340451463702719,2.7611213211260686,0.6423764650249588,0.0796556913496498,0.44355570639272235,0.5016928230400635,11.945893641373042,0.06454583702984887,0.08532655560154728,0.01644251440657838,0.6264982043070835
26.06949963599982,10.361071157027096,2.764043223039048,0.6185907997312996,0.08765705738939356,0.44355570639272235,0.5016928230400635,11.936645464364837,0.05403301391438033,0.07281232728252346,0.0049727937520223425,0.651920240520265
26.17419116599922,10.399743187586264,2.7706182780873228,0.5674778171334938,0.10237176148527173,0.44178649113596125,0.6136001903698537,11.918338419369679,0.035161928589943915,0.050116338243192414,0.009535244654137706,0.651920240520265
26.176255155000035,10.399743187586264,2.7706182780873228,0.5674778171334938,0.10237176148527173,0.40601196099917486,0.6499008764560716,11.918338419369679,0.035161928589943915,0.050116338243192414,0.009535244654137706,0.651920240520265
26.18374497500008,10.417865336278291,2.774286158070933,0.5436644607608361,0.11003639950830398,0.41297354803670877,0.6645605584056622,11.909236319388604,0.025850906995829755,0.03989562682237852,0.013466388290200838,0.6800735254367722
26.325468822999028,10.417865336278291,2.774286158070933,0.5436644607608361,0.11003639950830398,0.4067237479214249,0.674354308925343,11.909236319388604,0.025850906995829755,0.03989562682237852,0.00538618349313312,0.6800735254367722
26.374005772999226,10.435264334785357,2.7783090884872803,0.5219699552119446,0.12068791249043037,0.4019248662341558,0.682968953614672,11.900040865128402,0.017285930670766225,0.030437318369818823,0.010116276792225943,0.6800735254367722
26.41856645000007,10.45207196184701,2.7828660415996844,0.5042288118495931,0.13670859337211694,0.3738222278409161,0.7005988084123372,11.890538255433198,0.009513042915916743,0.02177478374619904,0.005783820687835955,0.7106335201775948
26.421091512000203,10.45207196184701,2.7828660415996844,0.5042288118495931,0.13670859337211694,0.3483464934255224,0.7153663128477021,11.890538255433198,0.009513042915916743,0.02177478374619904,0.005783820687835955,0.7106335201775948
26.42267387999891,10.468358692510966,2.788129588300378,0.4886019199187295,0.15790640102080056,0.3659849957974579,0.7114710173848828,11.880540004450388,0.0026142704233465246,0.013980215615508605,0.010690246450815675,0.7106335201775948
26.444946264000464,10.48414364203943,2.7941365356280063,0.4735484858538933,0.1802084198288537,0.34087703769189476,0.753574677079791,11.870002774912287,0.004007898221803723,0.007066123952842195,0.01469981383711975,0.7106335201775948
26.544094630999098,10.499513483413565,2.8013042018667815,0.4610952412241144,0.21502998716326194,0.34087703769189476,0.753574677079791,11.858500322337305,0.009526779551547437,0.0012663102941480122,0.011683664024174981,0.6726812023536856
26.54594771899974,10.499513483413565,2.8013042018667815,0.4610952412241144,0.21502998716326194,0.3087545712220461,0.7765716814160117,11.858500322337305,0.009526779551547437,0.0012663102941480122,0.011683664024174981,0.6726812023536856
26.656393825000123,10.514491517339,2.8097561158864295,0.4493410177630377,0.25355742058943426,0.3053021159437582,0.786814043875876,11.845905539130298,0.013849604952359732,0.003348353346069623,0.00828483468885447,0.7071067811865476
26.65844584200022,10.514491517339,2.8097561158864295,0.4493410177630377,0.25355742058943426,0.28783253509776147,0.8307117060317724,11.845905539130298,0.013849604952359732,0.003348353346069623,0.00828483468885447,0.7071067811865476
26.670450756999344,10.529050557405304,2.8195587405013116,0.4367712019891409,0.2940787384464603,0.3287500858979244,0.9002338250979023,11.832161042285035,0.016909676623043223,0.006711646965910375,0.015502352291814295,0.7071067811865476
26.783024985999873,10.543170022627576,2.8307231806027473,0.4235839566681807,0.3349332030430759,0.32474934817815826,0.9092460080696367,11.817260237472109,0.019283707168248433,0.008801165267430505,0.008215461801399999,0.7071067811865476
26.78531361000023,10.556840386661593,2.8432202902085306,0.41011092102049584,0.37491328817349656,0.2946368920627287,0.9044841406710894,11.801231693360034,0.020443460649579356,0.009630781429692002,0.0105076512387664,0.7433034373659253
26.786957389000236,10.570016652254957,2.8569786431895063,0.3952879678009208,0.4127505894292671,0.2827908244666763,0.8933386904996574,11.784155110361292,0.02037188019324136,0.009219183490668154,0.011605478325352818,0.7106335201775948
26.89307574600025,10.582644115367966,2.8719636392815655,0.37882389339027284,0.44954988276177626,0.25660036223519767,0.8476320707542296,11.76607806096708,0.01935946045569144,0.007552155934311799,0.0013392218086805089,0.7106335201775948
26.89514744799999,10.594734061659182,2.8881260666205812,0.362698388736477,0.48487282017047617,0.24517544662420285,0.8546232506886154,11.74704245316604,0.017649010093628806,0.0046724769691573855,0.0015492778403924778,0.7106335201775948
27.012883129998954,10.606252860646972,2.9054025660447875,0.3455639696336984,0.5182949827261881,0.21082344145478465,0.8651014898202252,11.727117326182684,0.014771330236326603,0.0006011679465272083,0.0006899094145053966,0.7211102550927979
27.015068237000378,10.617155568103719,2.9237191417735207,0.32708122370240594,0.5494972718619889,0.18286344121230058,0.8729202136833258,11.70638540108562,0.0109613078568425,0.0046412285834175546,0.00248618761703112,0.7211102550927979
27.016566182999668,10.617155568103719,2.9237191417735207,0.32708122370240594,0.5494972718619889,0.17878129725281772,0.8783613495913619,11.70638540108562,0.0109613078568425,0.0046412285834175546,0.00248618761703112,0.7211102550927979
27.138537656999688,10.62748855115026,2.9431372203069324,0.3099894913962075,0.5825423560023539,0.19871617138636638,0.8971630003999382,11.684773119204884,0.007015831131497691,0.011065361209911714,0.0026699928104661516,0.7211102550927979
27.15258161699967,10.637232902857397,2.963680713843801,0.29233055121411033,0.6163048061060614,0.21009657999782108,1.0250546864294536,11.662262353946076,0.0019104318607001127,0.01870150762871017,0.006467582699833382,0.6946221994724903
27.2509236650003,10.646482556273458,2.985251175435206,0.2774896024818157,0.6471138477421393,0.208722509367401,1.0412523545424621,11.638918513645844,0.0034841582512372573,0.027413634639193843,0.009444228856669675,0.6946221994724903
27.25268562800011,10.655235412105922,3.007738989243419,0.2625856749739365,0.6746344142464011,0.17551401523108973,1.0304400554461894,11.6148464215744,0.00834251643570485,0.03712571656315843,0.014283251992496842,0.7158910531638177
27.26203852300023,10.66342877422547,3.0310402497613094,0.2458008635864116,0.6990378155367146,0.1835034128220655,1.017305279227072,11.590163577026237,0.014112361781358987,0.047808613970103706,0.01937038420615242,0.7158910531638177
27.37872219500059,10.66342877422547,3.0310402497613094,0.2458008635864116,0.6990378155367146,0.17336630801918468,1.0357068304310568,11.590163577026237,0.014112361781358987,0.047808613970103706,0.0,0.7158910531638177
27.496379345000605,10.678048919122329,3.079637548177061,0.2104948398898614,0.7383709414702541,0.1729387442396388,1.0887326753242426,11.539416699706653,0.019888114106113065,0.04695124069262491,0.010465105279779984,0.696419413859206
27.504734698999528,10.684501165098895,3.104819548461674,0.19356737929697393,0.7554600085383821,0.16543197896524264,1.115376513669028,11.513454106092635,0.021194565019224038,0.040498994716058334,0.013715779055060008,0.6800735254367722
27.506799999000577,10.684501165098895,3.104819548461674,0.19356737929697393,0.7554600085383821,0.12475407646495068,1.1384523714016979,11.513454106092635,0.021194565019224038,0.040498994716058334,0.013715779055060008,0.6800735254367722
27.615447353999116,10.695700251636758,3.1565760748084855,0.1592084422417409,0.78270994899005,0.15136957511669447,1.1556923007252806,11.460706085715664,0.02381305525413327,0.02929990817819572,0.008470258269226422,0.6670832032063168
27.755734570999266,10.704433936962658,3.2099233520876966,0.12123343869731715,0.8058462977063972,0.14811658402154593,1.1410324378490693,11.407174859966675,0.02770686136706043,0.02056622285229537,0.011720205918781815,0.7071067811865476
27.75828567999997,10.704433936962658,3.2099233520876966,0.12123343869731715,0.8058462977063972,0.06785834099230992,1.1151568509249676,11.407174859966675,0.02770686136706043,0.02056622285229537,0.011720205918781815,0.7071067811865476
27.858098632999827,10.707790408138244,3.2371244753718966,0.1006941352675502,0.8160336985259943,0.1305562414855871,1.0643288346869557,11.380208722984092,0.030945303158165204,0.02105177642163556,0.008704098477606465,0.7071067811865476
27.859777956999096,10.710430615398153,3.2646263473782424,0.07920621779726232,0.8250561601903762,0.0960797050391553,1.056398621599823,11.353171486635791,0.036083518217135374,0.03832224861983145,0.01818412861428147,0.70178344238091
27.861580132999734,10.710430615398153,3.2646263473782424,0.07920621779726232,0.8250561601903762,0.06260426202050062,1.0504458112266253,11.353171486635791,0.036083518217135374,0.03832224861983145,0.01818412861428147,0.70178344238091
27.976820715999565,10.712325296396529,3.2923889358708482,0.05684042995127974,0.8328776547781779,0.12354939638128198,0.9126096634217068,11.326111283707295,0.041183187300494584,0.056613621424108,0.009704930496300845,0.70178344238091
27.97954828299953,10.713672698215133,3.3207193533336645,0.040422054558126745,0.8499125238844873,0.09923714712755316,0.8968773898755931,11.298677084261191,0.044899185695260524,0.06132746234487918,0.02014240173727227,0.7000000000000001
27.988334804998885,10.714484327885918,3.3497077643422055,0.024348890123553228,0.8696523302562263,0.09909238703566708,0.8897861170391146,11.27078078564987,0.048072527333824805,0.06051583267409377,0.028168446918249043,0.7000000000000001
28.093117045000326,10.714938161067915,3.379461099571276,0.013614995459893404,0.8926000568721186,0.1545582165495475,0.9357862166833998,11.242268364035782,0.05095043820216994,0.06006199949209723,0.02287356676478256,0.7000000000000001
28.0949575300001,10.714938161067915,3.379461099571276,0.013614995459893404,0.8926000568721186,0.1282399593116892,0.9177169020942177,11.242268364035782,0.05095043820216994,0.06006199949209723,0.02287356676478256,0.7000000000000001
28.20870610699967,10.715179577434565,3.4099843893480393,0.007242490999519908,0.9156986933028972,0.17341245009564882,0.8654848977424241,11.21309248374411,0.05285303767240843,0.0598205831254468,0.012741874170784115,0.7000000000000001
28.226477518999673,10.7151075260453,3.4411108282235023,-0.00216154167798825,0.9337931662638854,0.16453360963073815,0.8144224954325305,11.183443809330354,0.05475909861477228,0.059892634514712384,0.025303569774264695,0.7000000000000001
28.234378683000614,10.7151075260453,3.4411108282235023,-0.00216154167798825,0.9337931662638854,0.16453360963073815,0.8144224954325305,11.183443809330354,0.05475909861477228,0.059892634514712384,0.025303569774264695,0.7000000000000001
28.33615660599935,10.714851257753278,3.472748163020397,-0.007688048760665976,0.9491200439068365,0.16506816654923084,0.8212003791673053,11.153372297817414,0.05639471629353769,0.06014890280673413,0.014701046647196899,0.7000000000000001
28.357938332999765,10.713775461698,3.536945197430303,-0.019760820466163946,0.9661109770807572,0.1556530937319281,0.7302307207983647,11.092549003087132,0.05917547076002521,0.061224698862011095,0.03801114620150449,0.7000000000000001
28.456477395999173,10.713775461698,3.536945197430303,-0.019760820466163946,0.9661109770807572,0.10750741028292404,0.7296668593573963,11.092549003087132,0.05917547076002521,0.061224698862011095,0.026485111083583042,0.7000000000000001
28.458630305000042,10.712910322182184,3.5691877732418464,-0.025954185474517395,0.9672772743463032,0.16266234676553937,0.7538695873162576,11.062114745419114,0.0605860861304202,0.06208983837782789,0.03600225701097691,0.7000000000000001
28.46755300299992,10.712037005540724,3.6013196057834036,-0.026199499243809023,0.9639549762467133,0.14262580450943357,0.7922955922187882,11.031798732379656,0.061840426748743606,0.06296315501928795,0.04372944726098361,0.7000000000000001
28.47151957799906,10.711234929247118,3.633265877645844,-0.024062288808193246,0.958388155873224,0.18789803536650174,0.8872404888705729,11.001647689905708,0.06294840570352539,0.06376523131289424,0.04990544931810779,0.7000000000000001
28.573850840999512,10.710466061723595,3.6650246126030748,-0.023066025705650046,0.9527620487169145,0.19316388103482157,0.9214434092891813,10.971674970318213,0.06392567489752043,0.06453409883641648,0.025272711752763258,0.7000000000000001
28.575682779999624,10.710466061723595,3.6650246126030748,-0.023066025705650046,0.9527620487169145,0.1672263756755074,0.9470070382269047,10.971674970318213,0.06392567489752043,0.06453409883641648,0.025272711752763258,0.7000000000000001
28.57766546200037,10.70967061729114,3.696617846431265,-0.023863332973666922,0.9477970148456991,0.20423306297071198,0.9737789536931418,10.94187797210568,0.06487577258889196,0.06532954326887186,0.034596922810145384,0.7000000000000001
28.689392127000247,10.708847741907956,3.7279482774340353,-0.024686261495537036,0.9399129300831123,0.22505736653803243,1.0556190236831329,10.912349452484847,0.06582247382210601,0.0661524186520559,0.0166100256339979,0.7000000000000001
28.703122539000105,10.707936140077107,3.758955834428881,-0.02734805492543582,0.930226709845365,0.19538711467739991,0.9237349066621434,10.883165516709166,0.06681298817405479,0.0670640204829045,0.03159088525717785,0.7000000000000001
28.819298971000535,10.706988609740916,3.789507831774462,-0.028425910085712262,0.9165599203674383,0.1885644862480165,0.8900397610493722,10.854435731325143,0.06782447988644068,0.06801155081909549,0.029385833452908926,0.7000000000000001
28.840680342998894,10.705961277310225,3.819572875548001,-0.030819972920762325,0.9019513132061694,0.16444123706754074,0.8087893735326743,10.82620343020978,0.06889946655637642,0.06903888324978702,0.03940386223553664,0.7000000000000001
28.93421364200003,10.704810658130889,3.849112969418108,-0.0345185753800604,0.8862028161031951,0.16091083754404278,0.7741293413263574,10.79851821227772,0.07008255118479285,0.07018950242912325,0.031223166574114874,0.7000000000000001
28.944209498999044,10.703735420899852,3.8784704867825717,-0.03225711693109812,0.8807255209339147,0.16737629975400345,0.7449068027183106,10.770992464987858,0.07118550748053618,0.07126473966016,0.04176392488147244,0.7000000000000001
29.057114019000437,10.702782880697713,3.9078355744573083,-0.028576206064149977,0.8809526302421002,0.1663116940737575,0.7682678802631777,10.743430543033194,0.07215612259416385,0.07221727986229887,0.03293241822703007,0.7000000000000001
29.05951968499903,10.701983334161266,3.9373836105307456,-0.02398639609341886,0.8864410822031197,0.13973301365498683,0.7393275682694841,10.715656262722637,0.07297100202290834,0.07301682639874585,0.04398267728573323,0.7000000000000001
29.06220448500062,10.701983334161266,3.9373836105307456,-0.02398639609341886,0.8864410822031197,0.1388827152175796,0.726549868943759,10.715656262722637,0.07297100202290834,0.07301682639874585,0.04398267728573323,0.7000000000000001
29.190365324000595,10.701275130569657,3.9671988292060445,-0.021246107748282655,0.894456560258962,0.16595162563772498,0.7586648107007189,10.687609194994344,0.07369066428974586,0.07372502999035468,0.016089757266420496,0.7000000000000001
29.197708407999016,10.700731378416227,3.9972703937715632,-0.016312564602909134,0.9021469369655655,0.14231746080719057,0.7300756218089685,10.659276366538613,0.07424278474008533,0.0742687821437844,0.03204322315264988,0.7000000000000001
29.199854425000012,10.70026559574039,4.027547031970469,-0.013973480275109662,0.9082991459671756,0.13832730997039716,0.7226774880947939,10.630733879308302,0.07471564013607658,0.0747345648196216,0.04284412595831895,0.7000000000000001
29.288160971998877,10.69989858589437,4.05788688001745,-0.011010295380616304,0.9101954414094324,0.16341704939863355,0.7700207353336707,10.602109485415095,0.07508728420270111,0.07510157466564138,0.03378967498567427,0.65
29.2900018069995,10.69989858589437,4.05788688001745,-0.011010295380616304,0.9101954414094324,0.1397197136118667,0.7411339524539599,10.602109485415095,0.07508728420270111,0.07510157466564138,0.03378967498567427,0.65
29.292076174000613,10.69989858589437,4.05788688001745,-0.011010295380616304,0.9101954414094324,0.1421722489028368,0.7203534313658884,10.602109485415095,0.07508728420270111,0.07510157466564138,0.03378967498567427,0.65
29.307856569999785,10.699513056960345,4.088180756224698,-0.011565868020734348,0.9088162862174446,0.1635192560056058,0.7293351410259008,10.573544156044019,0.07547673823780368,0.07548710359966648,0.04515023504470073,0.65
29.407714322000174,10.699149360904688,4.118193068368626,-0.010910881669711601,0.9003693643178436,0.1623161084701826,0.7550133063133437,10.545247967203006,0.0758434186574698,0.07585079965532415,0.02191707162836812,0.65
29.40978531300061,10.699149360904688,4.118193068368626,-0.010910881669711601,0.9003693643178436,0.13727924134905137,0.7932934015455456,10.545247967203006,0.0758434186574698,0.07585079965532415,0.02191707162836812,0.65
29.424875050999617,10.69881861137259,4.1479015561197325,-0.00992248596297523,0.891254632533206,0.14029675183522738,0.9232146904066927,10.51723814863149,0.07617642280182542,0.0761815491874227,0.032688725558466414,0.65
29.533512193000206,10.698571655942542,4.177231634598283,-0.007408662901394418,0.8799023543565246,0.13296806527317592,0.9550846622490431,10.489568476022953,0.07642536567679314,0.07642850461746953,0.022884728798809307,0.65
29.54218403499908,10.698571655942542,4.177231634598283,-0.007408662901394418,0.8799023543565246,0.12685369621214224,0.9822976706958083,10.489568476022953,0.07642536567679314,0.07642850461746953,0.022884728798809307,0.65
29.544119981999756,10.698358000199919,4.206182763999103,-0.006409672278684837,0.8685338820245991,0.1309977068421493,1.0044312156494848,10.462255387543944,0.07664058765532242,0.07664216036009286,0.033798017812380544,0.65
29.656159972999376,10.698183359286253,4.234719972837838,-0.00523922741002035,0.8561162651620502,0.12901187525913543,1.0676983574575583,10.435329725090703,0.07681674916901732,0.07681680127375934,0.01034209652532786,0.65
29.66352257300059,10.697847576553551,4.2907246019387335,-0.004533122637733417,0.8363165045997187,0.12596944007985222,1.0748717455253702,10.382510532013564,0.07715557636603661,0.07715258400646086,0.03060824522297296,0.65
29.76816822299952,10.6977228367164,4.318271501609377,-0.0037421951145561795,0.8264069901193145,0.11498992312724216,1.069137295352122,10.356529453056577,0.07728200102318522,0.07727732384361197,0.035310685709715385,0.65
29.7777199760003,10.697578702761177,4.345522405712666,-0.0043240186566828095,0.817527123098647,0.1146190744664515,0.9904913115251501,10.330842357782734,0.07742828310999617,0.07742145779883458,0.0460604205054463,0.65
29.88851990799958,10.697401326789464,4.372563140689098,-0.005321279151369196,0.811222049292975,0.11237191001328659,0.9681769481811209,10.305372656183494,0.07760794744188124,0.07759883377054777,0.02130213013539551,0.65
30.008427061000475,10.696574512362503,4.42718022846583,-0.015027375056670752,0.8234663284331206,0.11790730070031255,0.9768592110704604,10.25410880488806,0.07844177494458744,0.07842564819750919,0.02256043978711941,0.65
30.010388323998995,10.69587277112326,4.455072281412537,-0.021052237177271893,0.8367615884011982,0.05436861153543732,0.9763944757224724,10.228035631887327,0.07914907978909887,0.07912738943675102,0.03397608091319496,0.65
30.038902485999643,10.69587277112326,4.455072281412537,-0.021052237177271893,0.8367615884011982,0.11880407217846684,0.929791841260505,10.228035631887327,0.07914907978909887,0.07912738943675102,0.03397608091319496,0.65
30.129733321000458,10.693753578093348,4.512521549589518,-0.03561981132250089,0.8704863996534846,0.12141182394130312,0.9143774317657372,10.17458882333027,0.08128414331672969,0.0812465824666635,0.037475916520219456,0.65
30.15337649399953,10.692219699024138,4.542116235843948,-0.046016372076328145,0.8878405876328763,0.12381109769384652,0.8626899036847276,10.147221719704218,0.08283065472803891,0.08278046153587404,0.05050767598322479,0.65
30.246002751999185,10.692219699024138,4.542116235843948,-0.046016372076328145,0.8878405876328763,0.12189553029310413,0.8432500088502657,10.147221719704218,0.08283065472803891,0.08278046153587404,0.013121281774214412,0.65
30.24792446399988,10.690238036795318,4.572259022650507,-0.0594498668645783,0.9042836041967645,0.12223353601026932,0.8419943551064113,10.11950220006805,0.08482760625749093,0.08476212376469405,0.026870706271939288,0.65
30.249485824000658,10.690238036795318,4.572259022650507,-0.0594498668645783,0.9042836041967645,0.10128913132733286,0.8433584727153356,10.11950220006805,0.08482760625749093,0.08476212376469405,0.026870706271939288,0.65
30.36823437900057,10.688008504796539,4.602650802297932,-0.06688595996335168,0.9117533894227352,0.15059844485156015,0.8127310023922074,10.091646433879502,0.0870810004034684,0.08699165576347312,0.015342180588909257,0.65
30.370153025000036,10.685675033165278,4.633163385758781,-0.07000414893783309,0.9153775038254798,0.127169773970096,0.79851550089501,10.063727463514155,0.08944325879310758,0.08932512739473353,0.030830775258563977,0.65
30.381328329000098,10.680764879417056,4.694467513813135,-0.07397331755561515,0.9211098392853919,0.17086707373675253,0.7335648222007465,10.007757498987688,0.09444869547889975,0.09423528114295543,0.06048698213159488,0.65
30.3978846480004,10.680764879417056,4.694467513813135,-0.07397331755561515,0.9211098392853919,0.17086707373675253,0.7335648222007465,10.007757498987688,0.09444869547889975,0.09423528114295543,0.06048698213159488,0.65
30.496027571000013,10.67562326663666,4.756116990138004,-0.07793582834844215,0.9254268081092989,0.18364668883568452,0.6738465824767967,9.951608197371309,0.09975866273231222,0.09937689392335258,0.038607876473378905,0.65
30.635604720999254,10.672913990231777,4.786955967454466,-0.08127829214647649,0.9251693194938553,0.2272735358708403,0.5697331495070462,9.923593485753084,0.1025951687118037,0.10208617032823497,0.01702588583154399,0.65
30.638289108999743,10.670257165514306,4.817614881071735,-0.07970474152411244,0.9197674085180891,0.22685023670692098,0.5883014501940851,9.895747036318523,0.10541763759042556,0.10474299504570617,0.03392011955249914,0.65
30.734453136999946,10.667620379278977,4.848067702758029,-0.07910358705982963,0.9135846505888028,0.3183439092304614,0.5722916181756927,9.868104229966873,0.1082919906706709,0.10737978128103443,0.03937867620320909,0.65
30.74154948499927,10.665027939016921,4.878267528639427,-0.07777320786169095,0.9059947764419264,0.3328928627934559,0.516506678254272,9.84070032228806,0.11115699684958716,0.1099722215430905,0.057301198751485136,0.65
30.85175240100034,10.662419583432804,4.908213642114072,-0.0782506675235416,0.8983834042393549,0.34368504862944954,0.49192339894670284,9.813556723705434,0.11418239247366689,0.1125805771272077,0.04230739100248365,0.65
30.860354889999144,10.659857321036146,4.937780308270539,-0.07686787189974625,0.8869999846940184,0.32838317751686125,0.49387790488134087,9.786769197806992,0.11724639509648935,0.11514283952386606,0.06143127069417596,0.65
30.969738485999187,10.655156345930422,4.9954058108648365,-0.06755494177804024,0.8553108974771648,0.41996352914421053,0.47198713014863136,9.734504771677768,0.12346351507466366,0.11984381462958993,0.04076896015757689,0.65
30.986553910999646,10.653185674653974,5.023147191065436,-0.05912013829341366,0.832241406017978,0.533747199590358,0.5025537302497068,9.709262892129034,0.12642930736212665,0.12181448590603772,0.059661311553036576,0.65
31.093080396000005,10.651557293536904,5.050103844415353,-0.048851433512102034,0.8086996004974984,0.5948145386756138,0.5254285920105106,9.684646484339234,0.12943978573071932,0.12344286702310825,0.018798989824793666,0.65
31.210360846000185,10.650277000476509,5.076287211055836,-0.038408791811853096,0.7855009992144752,0.738911463904147,0.61514851237714,9.660640831269726,0.1322267165950619,0.12472316008350326,0.01725324701513534,0.65
31.21852433300046,10.650277000476509,5.076287211055836,-0.038408791811853096,0.7855009992144752,0.7684344080229135,0.6331859067042026,9.660640831269726,0.1322267165950619,0.12472316008350326,0.01725324701513534,0.65
31.22065259699957,10.649504815357291,5.101635080287986,-0.02316555357649338,0.7604360769645038,0.7973782088627288,0.6510309935415074,9.63724484733818,0.13503565999207975,0.12549534520272054,0.03358956411099817,0.6000000000000001
31.222420530999443,10.649504815357291,5.101635080287986,-0.02316555357649338,0.7604360769645038,0.8036961493231325,0.6955499780555184,9.63724484733818,0.13503565999207975,0.12549534520272054,0.03358956411099817,0.6000000000000001
31.245211393999853,10.649253958382543,5.126217436321573,-0.007525709242471788,0.7374706810076196,0.922616017222414,0.7066616238944285,9.61438618653929,0.13755446819889405,0.1257462021774689,0.049042016964109175,0.6000000000000001
31.328534966000007,10.649546692561527,5.150111996293751,0.008782025369541466,0.7168367991653516,0.922616017222414,0.7066616238944285,9.591982240689259,0.13993725556574949,0.12545346799848467,0.0275889247637982,0.6000000000000001
31.347840563999853,10.65043173853553,5.173385693525867,0.026551379220091424,0.6982109169634476,1.0125452360285219,0.6661250278590378,9.569951105781662,0.1424892464410489,0.12456842202448115,0.040123548378280714,0.65
31.445891213999857,10.651840383937536,5.196143642829874,0.04225936206015525,0.6827384791202156,1.0172806308196642,0.6536719574227712,9.54821777961536,0.14444739529354098,0.1231597766224759,0.024167451828824304,0.65
31.448164830999303,10.651840383937536,5.196143642829874,0.04225936206015525,0.6827384791202156,0.9826664487980425,0.6937967905633816,9.54821777961536,0.14444739529354098,0.1231597766224759,0.024167451828824304,0.65
31.449861776000034,10.6541712140249,5.218392240731415,0.06992490262096769,0.6674579370462425,0.9985574804773749,0.6593400062931427,9.526630695673814,0.14680439239969081,0.12082894653511111,0.03484084953892609,0.65
31.472404566999103,10.657774214813873,5.240386440029259,0.1080900236691843,0.6598259789353407,0.9947032902263011,0.6560459317974913,9.504823553765616,0.14841613566695366,0.11722594574613865,0.04470543576073998,0.65
31.56654946100025,10.662689028152247,5.262347688640044,0.14744440015122423,0.6588374583235237,0.9904782714257723,0.6514120951901974,9.482573758936491,0.14877334648142942,0.1123111324077648,0.04756530219462751,0.65
31.568667396999444,10.669153852204445,5.284501364487405,0.19394472156593093,0.6646102754208444,0.9879097249448898,0.6616338913698474,9.459583578708314,0.14974650665360317,0.10627189386637931,0.061834312227035386,0.65
31.572406060000503,10.677212343465724,5.306957250007018,0.24175473783835028,0.673676565588396,1.0208819896820727,0.5852264500753998,9.43573400138683,0.1502786501510343,0.10287719852412242,0.07449741913496156,0.65
31.647738317000403,10.687016107228327,5.329769883899563,0.29411291287808133,0.6843790167763522,1.0183811208421214,0.5631611007737889,9.410918942466454,0.14931698594141363,0.10363843501726389,0.0860426700398293,0.65
31.690456730999358,10.698619648574569,5.352934875628595,0.3481062403872557,0.6949497518709584,1.0183811208421214,0.5631611007737889,9.385123152364999,0.1492985376087983,0.10911740144216074,0.023416638290206467,0.65
31.700737371000287,10.711910856273725,5.376497612693975,0.3987362309746748,0.7068821119614113,0.966593616644079,0.5980253157185101,9.358346111742701,0.1503694297456324,0.11638046951017395,0.033547733744881666,0.7000000000000001
31.713459221999074,10.726832817949845,5.400369977631945,0.44765885028356617,0.7161709481390849,0.8532131521860402,0.5517132855414286,9.33069233037655,0.150216013832092,0.12270936035098175,0.04200173362138923,0.7000000000000001
31.809115744999872,10.726832817949845,5.400369977631945,0.44765885028356617,0.7161709481390849,0.8232206171017397,0.536869056417685,9.33069233037655,0.150216013832092,0.12270936035098175,0.007883727251138275,0.7000000000000001
31.810880086999532,10.743333362365757,5.424438734184955,0.4950163324773877,0.7220626965903179,0.7891992836661997,0.5315721025717851,9.302288653504423,0.15059271058813625,0.1280608944745834,0.014863300768961576,0.7000000000000001
31.815368674999263,10.761418593718577,5.448445297311724,0.5425569405846123,0.7201968938030797,0.7141152199425771,0.510908122640066,9.273377193880107,0.1507874883070691,0.1322479083255972,0.020532608287744968,0.75
31.9254731609999,10.780954842759119,5.472321993099649,0.5860874712162193,0.7163008736377285,0.6781353638499762,0.4868156550886907,9.244073157789057,0.14999991982432384,0.13531706765405088,0.007690953047721165,0.75
31.927326798999275,10.780954842759119,5.472321993099649,0.5860874712162193,0.7163008736377285,0.6586239310743875,0.4630518765835574,9.244073157789057,0.14999991982432384,0.13531706765405088,0.007690953047721165,0.75
31.94699993500035,10.801674983869583,5.496089571431391,0.621604233313941,0.7130273499522557,0.6178478368002019,0.4323028572106028,9.214457258833173,0.14971007877594322,0.13747193117845583,0.014593495452015172,0.8
32.06929251700058,10.823287065768703,5.5197493255476155,0.6483624569736113,0.7097926234867414,0.6076502002517135,0.4138951735764653,9.1846365899691,0.1486724490079855,0.13891985408881885,0.0022181537692280897,0.8
32.07161802799965,10.845564156768775,5.54329337912235,0.6683127300021514,0.7063216072420186,0.5697697537482189,0.42257820002587104,9.15470266330259,0.14799766140491877,0.13981573191687252,0.0028168141414274296,0.8
32.08118300999922,10.868242078877772,5.566717950897282,0.6803376632698994,0.7027371532479705,0.5537018302270226,0.3953366097973609,9.124755437285698,0.1470819581444053,0.14034369295882565,0.003130653346701277,0.8500000000000001
32.08540839299894,10.890882208189609,5.589962289559721,0.6792038793551058,0.6973301598731668,0.5221930558518021,0.2727740480876252,9.095008457106,0.14654734753320034,0.14077093348789313,0.0036558823878809366,0.8500000000000001
32.171215984999435,10.91329826798795,5.612829880249617,0.6724817939501965,0.6860277206968655,0.5250140974748532,0.23872058188963713,9.065711476237942,0.14613601529476725,0.14109021404322727,0.0022095795005787704,0.8514693182963202
32.173455169999215,10.935356854576266,5.6352780098793565,0.6617575976494852,0.6734438888921952,0.5146983503110465,0.23183344345996126,9.036951068137384,0.14592319546229895,0.14136566256938068,0.003418418583611622,0.8514693182963202
32.28413239099973,10.956989538594886,5.657302097658982,0.6489805205586168,0.6607226333887732,0.5545932444685348,0.1027056872891595,9.008754776920915,0.14597834547682706,0.14164242682296962,0.0032340430664048268,0.848528137423857
32.292981556000086,10.956989538594886,5.657302097658982,0.6489805205586168,0.6607226333887732,0.5587803515474994,0.10187101673690692,9.008754776920915,0.14597834547682706,0.14164242682296962,0.0032340430664048268,0.848528137423857
32.31442733400036,10.97816807636364,5.678869708124675,0.6353561330625681,0.6470283139708064,0.6023884455231933,0.010022913183138776,8.981161948889202,0.14610537511502733,0.14191754276534996,0.0050554384983508205,0.848528137423857
32.41014239799915,10.998868473290878,5.699927684287944,0.6210119078171618,0.6317392848980785,0.6571811252895055,-0.017749206030452658,8.954229819205073,0.14655494325551965,0.14217038946795887,0.01055091774120538,0.848528137423857
32.41193953400034,11.019041927428864,5.720240299867687,0.605203624139564,0.6093784673922845,0.6914112941456438,-0.0028324486040796626,8.928195521879147,0.14684407619699516,0.14226879146710414,0.016416041002145082,0.8514693182963202
32.52626959400004,11.038678947555407,5.7397857394606016,0.5891106037962971,0.5863631877874423,0.8068298195607648,-0.07436367805652006,8.903081998289512,0.14727426800351323,0.14220403425075134,0.014351842498855096,0.8514693182963202
32.53500931000053,11.05782527087995,5.758489814616023,0.5743896997363113,0.561122254662637,0.8334378349327678,-0.05780575481458716,8.878942462667572,0.14755495548291112,0.1418913175713977,0.02170733055953598,0.8500000000000001
32.536877524999,11.076570855264581,5.776198101154541,0.5623675315389028,0.5312485961555428,0.8602440560647716,-0.0696315156107048,8.855890799036471,0.14742766871505403,0.14115783723030143,0.027878043102275436,0.8500000000000001
32.64838471499934,11.095017240509243,5.792880803303084,0.5533915573398825,0.5004810644563072,0.9386003013601939,-0.14237486308115194,8.833920462227805,0.14725786272637714,0.1399107249531724,0.006258312317802486,0.8500000000000001
32.65006804499899,11.113242579304183,5.808580085769419,0.5467601638481844,0.47097847399006254,0.9605282863095261,-0.151730027962646,8.812965680415473,0.14651258627363167,0.13812453339355635,0.011746978699281445,0.8
32.65187361700009,11.131313308093569,5.823367800712093,0.5421218636815784,0.443631448280214,0.9994902630737036,-0.12053761138243957,8.79293700858773,0.14528752780353082,0.13580309203981702,0.017732688835352006,0.8
32.76995331699982,11.167644979099938,5.85009715614012,0.5484032722174673,0.38657309658352423,1.0720597624255954,-0.1391315714968927,8.755546979014225,0.141905586372095,0.129013229579278,0.010920269513812836,0.75
32.77165610299926,11.167644979099938,5.85009715614012,0.5484032722174673,0.38657309658352423,1.077922548392298,-0.13550521123197157,8.755546979014225,0.141905586372095,0.129013229579278,0.010920269513812836,0.75
32.77340920899951,11.186501192979765,5.861856178086974,0.5656864163948393,0.35277065840562066,1.0763840658989023,-0.13038967982065996,8.7381627891126,0.13855712383846097,0.12399475703609003,0.016504454559846997,0.75
32.89085424000041,11.227096803862064,5.881827563427783,0.6255501123278528,0.2825341305045932,1.0631680545565776,-0.10681553782434927,8.705856130881953,0.12955395035291203,0.10941122729898156,0.015353256977509826,0.75
32.900554755000485,11.249145957542211,5.890123270562631,0.6614746104044158,0.24887121404543122,1.0666532219871572,-0.04643159499414573,8.690767784491491,0.12270724113081011,0.09968607198211468,0.021962377144968296,0.75
33.006860506999146,11.272419733468164,5.897467731077741,0.6982132777785992,0.22033381545331054,1.0450183174392091,-0.025335272176322365,8.676217250990849,0.11586961981930025,0.08842234503544816,0.01780185831446134,0.75
33.023601536999195,11.296897032558391,5.904052152164471,0.7343189727068017,0.19753263260189427,1.0163173682016433,-0.004574732998261666,8.662040600835336,0.10849532311144451,0.07577016966423163,0.025146315049353708,0.7000000000000001
33.036235666999346,11.296897032558391,5.904052152164471,0.7343189727068017,0.19753263260189427,1.0163173682016433,-0.004574732998261666,8.662040600835336,0.10849532311144451,0.07577016966423163,0.025146315049353708,0.7000000000000001
33.12580567999976,11.322512157400418,5.910057387188157,0.7684537452608029,0.18015705071056923,0.9823244747226363,0.008413616005169766,8.648097982616742,0.10002788440179586,0.06190388359536183,0.02033605493242361,0.7000000000000001
33.132408155999656,11.349183004052419,5.9155270808677995,0.8001253995600107,0.16409081038928017,0.9537686569180999,0.015876503216659343,8.634384234512757,0.09373416734265148,0.048051672391557367,0.028554968769523997,0.7000000000000001
33.24832288499965,11.376824451098768,5.920641215668685,0.8292434113904558,0.1534240440265742,0.9202617171912217,0.033731353317613066,8.620765348445076,0.08834000126971242,0.045641128124363384,0.00458559855897371,0.7000000000000001
33.25046607600052,11.376824451098768,5.920641215668685,0.8292434113904558,0.1534240440265742,0.8849609993883489,0.06043638879190627,8.620765348445076,0.08834000126971242,0.045641128124363384,0.00458559855897371,0.7000000000000001
33.25264001299911,11.40534368892537,5.925585165478599,0.8555771347980425,0.14831849429739388,0.8598158565657874,0.034044267038415066,8.607103491980206,0.08323300425763006,0.05058507793427669,0.007469376757669944,0.7000000000000001
33.26217117899978,11.4346676242807,5.930529910672863,0.8797180606598686,0.14834235582794122,0.7968305042465316,0.03460600000986702,8.593267027939271,0.08074746376824873,0.05552982312854127,0.010576112569264485,0.7000000000000001
33.38055072099996,11.464700679164116,5.935546591580058,0.9009916465025014,0.15050042721585488,0.7773663917931039,0.03881306175853233,8.579225021449087,0.07863960965219906,0.06054650403573625,0.006186956813174203,0.7000000000000001
33.38952914899892,11.495334619263428,5.940729123867479,0.9190182029793574,0.15547596862261512,0.7568043954673572,0.06587901682875719,8.564927493896953,0.07843072488487858,0.06572903632315708,0.012299167689725679,0.7000000000000001
33.49299677399904,11.526466374666482,5.9461410139635875,0.9339526620916405,0.16235670288324805,0.683335294772266,0.057145116662285694,8.550350383749722,0.07889405844237679,0.0711409264192655,0.009376132533135425,0.7000000000000001
33.49508391400013,11.5579517535568,5.9518330241806146,0.9445613667095456,0.1707603065108174,0.669582922321836,0.07853586528615766,8.535492625096607,0.08027928506762329,0.07683293663629254,0.01797319950650593,0.65
33.505273208998915,11.58966716031813,5.957866317888261,0.9514622028399398,0.18099881122938116,0.6232067958942167,0.07214581430051062,8.520335196655335,0.08218645208602843,0.0828662303439387,0.025998490151708936,0.65
33.630873673999304,11.621417745492499,5.964202293039188,0.952517555231022,0.19007925452780586,0.607655369703911,0.08382903318439666,8.504973505011542,0.08428067551536814,0.0892022054948658,0.02191422765117584,0.65
33.64358544499919,11.65307481193881,5.970799899067448,0.9497119933893228,0.1979281808477813,0.5812842557663814,0.10401596502661023,8.489483915820212,0.08615455425471562,0.09579981152312556,0.031355543596485826,0.65
33.68596524599889,11.65307481193881,5.970799899067448,0.9497119933893228,0.1979281808477813,0.5656581412020105,0.11224541008967037,8.489483915820212,0.08615455425471562,0.09579981152312556,0.031355543596485826,0.65
33.72835976299939,11.65307481193881,5.970799899067448,0.9497119933893228,0.1979281808477813,0.5486380833918689,0.11556159639307698,8.489483915820212,0.08615455425471562,0.09579981152312556,0.0,0.65
33.730352341999605,11.684547751088408,5.977654189673307,0.944188174487945,0.2056287181757755,0.5384656184006564,0.10851088361600855,8.47389585900745,0.0869744391168459,0.10119159479460418,0.005007155291280838,0.65
33.75242817800063,11.715713173902873,5.984754851179013,0.9349626844339896,0.21301984517119615,0.5291183404542076,0.17861462493631308,8.458252035412686,0.08652524947655063,0.0841758887198115,0.010278162675526229,0.651920240520265
33.84828238999944,11.746486615870413,5.99208438992785,0.9232032590262047,0.21988616246510237,0.5300124597998228,0.19380633351978915,8.44258969684828,0.08457131775078446,0.07289256894126486,0.013082327852288737,0.651920240520265
33.85038062000058,11.776584124370707,5.999482762109029,0.9029252550088234,0.2219511654353483,0.5165038852071235,0.21499049123920644,8.427137168249667,0.08421612366316919,0.07448267381964868,0.019462501678513034,0.6576473218982953
33.877380599999015,11.805847340097896,6.006877636912875,0.877896471815701,0.22184624411538084,0.5112059125645367,0.2365558381305601,8.41200130829976,0.08438977962484033,0.08187754862349461,0.025203400234957582,0.6184658438426491
33.966433837000295,11.834246998175127,6.014271190481421,0.8519897423168887,0.2218066070563897,0.5035744466368888,0.27742753906737405,8.397180898751504,0.08480718535362954,0.08927110219204071,0.0016166445556597372,0.6184658438426491
34.08372805599902,11.861663548527291,6.021591845752291,0.8224965105649499,0.2196196581261172,0.4921499770803484,0.3545079627833408,8.382769731813424,0.08488506966534323,0.09659175746291115,0.0021070740363515333,0.632455532033676
34.092815971000164,11.888128118525456,6.028854486294923,0.7939370999449431,0.21787921627896967,0.476228496599118,0.369437571692737,8.36873748682914,0.08423415860946828,0.1038543980055433,0.004454861741833476,0.632455532033676
34.20959388799929,11.91358476036985,6.036085729189552,0.7636992553318385,0.21693728683886032,0.476150814116535,0.39632881486403404,8.355065826614853,0.0818027196002802,0.11108564090017214,0.0037359201321367223,0.65
34.21602218599946,11.938111234809385,6.043376896971115,0.7357942331860202,0.2187350334468779,0.44841088463575784,0.3859630279716686,8.341638859200042,0.07866121873894957,0.10978946634708724,0.007373995994040135,0.65
34.23050229399996,11.938111234809385,6.043376896971115,0.7357942331860202,0.2187350334468779,0.43200680455498885,0.4000746198256291,8.341638859200042,0.07866121873894957,0.10978946634708724,0.007373995994040135,0.65
34.32521908099989,11.961755447754427,6.050804470346405,0.7093263883512483,0.22282720125869535,0.44465701271399416,0.39588746327825514,8.32836349109495,0.07203030693534906,0.09832257053925762,0.004655480067355625,0.6264982043070835
34.33502858000065,11.984582183181583,6.0584438074410585,0.6848020628146573,0.22918011283960846,0.4104131462766119,0.39315781088037793,8.315143927665705,0.06602181047206107,0.08758345818976346,0.009204282545439512,0.6264982043070835
34.337464629999886,12.006648293754953,6.066348644560339,0.6619833172011109,0.2371451135784225,0.40958014051438774,0.4015728169535624,8.301907941358815,0.0585035162840553,0.07756992570013992,0.011998301091553018,0.651920240520265
34.44871000300009,12.02798748876106,6.074610552918974,0.6401758501832007,0.24785725075902823,0.3926030550012039,0.4399280406843212,8.288553047670636,0.05171569927165262,0.06832288763219217,0.0013029974505615462,0.651920240520265
34.45135708499947,12.04861991938389,6.083357303684361,0.6189729186848978,0.26240252296162436,0.3753433510190816,0.48869306502574594,8.274945338522752,0.045299257682046935,0.05991844280598145,0.0009217069227179128,0.651920240520265
34.453195816000516,12.068576533313296,6.092659430888216,0.5986984178821727,0.2790638161156481,0.3625616555977643,0.5117936880641182,8.261003830694477,0.03895386343541678,0.05238458299228344,0.00022970044453017368,0.6800735254367722
34.56687915200018,12.087837026475047,6.102529542421949,0.5778147948525034,0.29610334601197263,0.33763053022171086,0.5556036692649915,8.246716531557178,0.03349572918099396,0.04574458046518181,0.0026319355983985848,0.6403124237432849
34.58061860499947,12.106447828695666,6.112961086648644,0.5583240666185928,0.3129463268008502,0.3057116304501739,0.548028820467758,8.232073910206408,0.02856470179626826,0.03996097167260376,0.0033387607254244185,0.6726812023536856
34.689671120999265,12.124384186056405,6.123941411164769,0.5380907208221877,0.3294097354837549,0.3015417492594277,0.5536437120903082,8.217090023654132,0.023969709914712842,0.03504231367802156,0.009384873556308184,0.6726812023536856
34.692369304999374,12.14167477679373,6.135453233593384,0.5187177221197552,0.34535467285842975,0.29469581778013343,0.5865657301948943,8.201770715773756,0.020205789274873435,0.03095610742002536,0.012940354563843615,0.6726812023536856
34.80714132600042,12.174301010884477,6.159869724611651,0.4798606273837878,0.3732911535352741,0.25385999822081035,0.6977099069330192,8.170311217255998,0.014140751965147566,0.025150942421676793,0.012949066565169578,0.6726812023536856
34.8170879219997,12.18966594242455,6.172765134548753,0.4609479462021893,0.3868622981130364,0.20668571063618224,0.7267679825082206,8.154166347552552,0.01197922922375856,0.02340472694992738,0.01583954804786781,0.6726812023536856
34.81909338399964,12.204379226084814,6.186230903153171,0.441398509807918,0.40397305813255713,0.2200031560054475,0.7337424086739092,8.137635985758191,0.010682804318996668,0.02252260059430748,0.017953298072826637,0.7106335201775948
34.92468609400021,12.218423977678677,6.200304103037658,0.4213425478159016,0.4221959965346242,0.1943782578106022,0.7544448283684246,8.120684921375672,0.009472686743258222,0.022542716573521256,0.010401705483045141,0.6800735254367722
34.92687599999954,12.231746982693345,6.214973743612741,0.3996901504400119,0.44008921725247047,0.18409759822083727,0.7636741606317603,8.103333166086156,0.0091703507856479,0.023494931710077514,0.01206202554637596,0.6800735254367722
34.9287009159998,12.231746982693345,6.214973743612741,0.3996901504400119,0.44008921725247047,0.14480515004326278,0.7726791297440223,8.103333166086156,0.0091703507856479,0.023494931710077514,0.01206202554637596,0.6800735254367722
34.93944505299987,12.244362642093977,6.230208760752156,0.37846978201896464,0.45705051418244735,0.1603302921304361,0.7706774359284704,8.085604748774118,0.009772514348317241,0.02534709732952363,0.012839593913466988,0.6800735254367722
35.064524612998866,12.25626918561584,6.245940209909969,0.3571963056559315,0.4719434747343947,0.13642320279498504,0.7739141733894124,8.067564595478535,0.010335478148113525,0.02805171404210256,0.0015911139355874475,0.7211102550927979
35.066555981999045,12.267444523233547,6.262279604263203,0.3352601285311538,0.49018183059703846,0.12632635777049483,0.7792284283674011,8.049106818596414,0.011536773682974358,0.031703253578227106,0.002238896950671519,0.6946221994724903
35.1665280799989,12.277873236763039,6.279297333547641,0.3128614058847904,0.5105318785331214,0.09927033010747816,0.788062527760661,8.03016414143319,0.013743841364680825,0.03636239129989298,4.2712534838416224e-05,0.6946221994724903
35.16831031899892,12.277873236763039,6.279297333547641,0.3128614058847904,0.5105318785331214,0.0674950929994893,0.7952516955153198,8.03016414143319,0.013743841364680825,0.03636239129989298,4.2712534838416224e-05,0.6946221994724903
35.17791130200021,12.287596540499463,6.297065787754206,0.2916991120927293,0.5330536261969427,0.08996404006550601,0.7950979927209059,8.01065469363431,0.015590292224092897,0.04205117175299668,0.0009077077628726217,0.6946221994724903
35.1939752950002,12.296575132185648,6.315565957873721,0.26935775058556466,0.5550051035854666,0.07797329427293292,0.8001922615037016,7.990604145498993,0.01776560806345246,0.04878394443080454,0.002874917603861317,0.670820393249937
35.28295447900018,12.296575132185648,6.315565957873721,0.26935775058556466,0.5550051035854666,0.06822882651029544,0.7901135207284534,7.990604145498993,0.01776560806345246,0.04878394443080454,0.002110152590678512,0.670820393249937
35.28453753800022,12.304794912742206,6.334747116044999,0.24659341669673462,0.5754347451383168,0.06723258544450667,0.7837119458700275,7.970063591784429,0.020945180568723024,0.056534808873318174,0.0052239956983459335,0.7158910531638177
35.30625413499911,12.304794912742206,6.334747116044999,0.24659341669673462,0.5754347451383168,0.06129845419078889,0.7692556097882144,7.970063591784429,0.020945180568723024,0.056534808873318174,0.0052239956983459335,0.7158910531638177
35.40280329000052,12.319028544775755,6.374972824966009,0.20276471113952277,0.6121707534265685,0.05886707636617222,0.765883987313584,7.927667007344418,0.0223178657430526,0.05597163962611518,0.007565963784866803,0.696419413859206
35.40470469399952,12.319028544775755,6.374972824966009,0.20276471113952277,0.6121707534265685,0.005772750042505548,0.7638143796339325,7.927667007344418,0.0223178657430526,0.05597163962611518,0.007565963784866803,0.696419413859206
35.40641120699911,12.319028544775755,6.374972824966009,0.20276471113952277,0.6121707534265685,0.0046258084429317,0.7605970122339889,7.927667007344418,0.0223178657430526,0.05597163962611518,0.007565963784866803,0.696419413859206
35.52525813799912,12.32507639319721,6.395902092671231,0.18143545264364375,0.6278780311566763,0.0405463152079249,0.7538589521359407,7.9059141391551515,0.022349405987816356,0.04992379120466062,0.0025311283301716406,0.696419413859206
35.527335680999386,12.330372441008558,6.417309256412137,0.15888143434046595,0.642214912227172,0.011465762858833384,0.7661842576883722,7.883864455909465,0.022172184414833523,0.04462774339331155,0.005940478499003656,0.6800735254367722
35.53648206700018,12.330372441008558,6.417309256412137,0.15888143434046595,0.642214912227172,0.0030176657257887096,0.7699402902250745,7.883864455909465,0.022172184414833523,0.04462774339331155,0.005940478499003656,0.6800735254367722
35.53872829399916,12.334912929463473,6.439163375744712,0.13621465364742183,0.6556235799772615,0.014343162025812484,0.77350647416097,7.861548839135095,0.021978852568274917,0.040087254938397265,0.008534498658957291,0.6800735254367722
35.64225695099958,12.3387485682798,6.461417232930682,0.11506916448987545,0.6676157155790785,0.0014468425048930755,0.7730708120962514,7.839002059899258,0.021424680739482036,0.03625161612206895,0.005265804182671902,0.6670832032063168
35.64427302799959,12.341857021950132,6.484003348378266,0.09325361010994676,0.677583463427525,-0.010775152723199788,0.7663319382698445,7.816295268781721,0.02128174653585732,0.033143162451738206,0.0077674254020201955,0.6670832032063168
35.64581892000024,12.344297852967534,6.5068333910086835,0.07322493052209374,0.6849012789125154,-0.046336977203900176,0.7580923154590576,7.793501727785469,0.020885446758853454,0.03070233143433576,0.009815299951317085,0.6576473218982953
35.68055207799989,12.346076398468433,6.529834801160576,0.05335636502697546,0.6900423045567865,-0.058871598762840704,0.722603814921114,7.770691676918405,0.021046164483991235,0.028923785933436363,0.012103135341932662,0.6576473218982953
35.76219057900016,12.34735954338556,6.552958027839894,0.03849434751378461,0.6936968003795523,-0.06717892634310196,0.7082102194140745,7.74787655423781,0.02097412605359029,0.02764064101631014,0.010086135874833414,0.651920240520265
35.77268883599936,12.348148042870998,6.576197870975291,0.023654984563126973,0.6971952940618864,-0.08017276268926138,0.6830094503442209,7.725062055182047,0.021395760782832614,0.02685214153087223,0.01288062862236149,0.651920240520265
35.89446951199898,12.348260537497184,6.623156818618196,-0.004806864062823762,0.7071376188349514,-0.09944311898087968,0.6617482185369156,7.679308243811106,0.022563972361833832,0.026739646904685443,0.009984699513021994,0.65
35.90652387800037,12.347629781988307,6.646859693541283,-0.01892266526635726,0.711086247692615,-0.1302970687673612,0.6194462566980977,7.656376545647026,0.023438136197075913,0.027370402413563255,0.013018203684318547,0.65
36.00361766499918,12.346520600631925,6.670619414607826,-0.03327544069147712,0.712791631996277,-0.1419124322322438,0.6092423722134248,7.633504168244777,0.02474800100813097,0.028479583769945194,0.0061953624506542555,0.65
36.00560475400016,12.346520600631925,6.670619414607826,-0.03327544069147712,0.712791631996277,-0.15532819449924792,0.5870564071441599,7.633504168244777,0.02474800100813097,0.028479583769945194,0.0061953624506542555,0.65
36.014328862000184,12.344944170990203,6.694382947769199,-0.04729288925162966,0.7129059948412159,-0.1333414161850408,0.5639725797293393,7.610741415081245,0.026197866185587216,0.030056013411666527,0.012453175949032872,0.65
36.126330126999164,12.344944170990203,6.694382947769199,-0.04729288925162966,0.7129059948412159,-0.14722469909355182,0.547185798657384,7.610741415081245,0.026197866185587216,0.030056013411666527,0.0,0.65
36.1286075299995,12.342909262483822,6.718067776852357,-0.061047255191444494,0.710544872494742,-0.13897328449190954,0.5313613739217671,7.588167842569815,0.028032618889276682,0.032090921918047854,0.007146360988470619,0.65
36.15886522300025,12.342909262483822,6.718067776852357,-0.061047255191444494,0.710544872494742,-0.13273063249201322,0.5016407413459285,7.588167842569815,0.028032618889276682,0.032090921918047854,0.007146360988470619,0.65
36.24918504500056,12.342909262483822,6.718067776852357,-0.061047255191444494,0.710544872494742,-0.13273063249201322,0.5016407413459285,7.588167842569815,0.028032618889276682,0.032090921918047854,0.0,0.65
36.25086325600023,12.340398916095687,6.74162408970611,-0.07531039164404088,0.7066893856125738,-0.15771354038708646,0.5264896931416346,7.565837165289157,0.030020457167755418,0.03460126830618293,0.0013132036790682866,0.65
36.25256647199967,12.340398916095687,6.74162408970611,-0.07531039164404088,0.7066893856125738,-0.205417120848309,0.5321956160089052,7.565837165289157,0.030020457167755418,0.03460126830618293,0.0013132036790682866,0.65
36.36296887900062,12.337398286112203,6.7650281594395025,-0.09001889950452094,0.7021220920017774,-0.30767157996712463,0.5811157548683934,7.543777349817241,0.0323818155829705,0.03760189828966709,0.0010682110358062199,0.651920240520265
36.372255573000075,12.333971030423358,6.788203645948263,-0.10281767066531666,0.6952645952628043,-0.32917701660481435,0.5872506379256336,7.5220492051374,0.03480890521444182,0.0410291539785117,0.001552269165505699,0.651920240520265
36.37402104099965,12.330098537347867,6.81110294812852,-0.11617479226471095,0.6869790654077048,-0.3498924569208623,0.5911640447173646,7.500704728242467,0.037478906881150555,0.04490164705400268,0.0005960978740363331,0.6576473218982953
36.375245983999775,12.330098537347867,6.81110294812852,-0.11617479226471095,0.6869790654077048,-0.3835075988877768,0.5813608841070311,7.500704728242467,0.037478906881150555,0.04490164705400268,0.0005960978740363331,0.6576473218982953
36.401499699999476,12.32584063646746,6.833704531352602,-0.12773702641225013,0.6780474967224803,-0.3946886645088675,0.59476138950417,7.479752087128015,0.0401184246377505,0.04915954793441024,0.0008118339753041204,0.6576473218982953
36.503467325999736,12.32117543231359,6.855974507132382,-0.13995612461612505,0.6680992733933966,-0.3946886645088675,0.59476138950417,7.459230669708551,0.04278144465727888,0.05382475208828019,0.0035221228042912446,0.6670832032063168
36.52213906199904,12.316200426702952,6.877779145113697,-0.14925016831913657,0.6541391394394489,-0.4144887645684549,0.5753494772673642,7.4392482815435965,0.04532026941244114,0.05879975769891743,0.005734269849822058,0.6670832032063168
36.60849583500021,12.316200426702952,6.877779145113697,-0.14925016831913657,0.6541391394394489,-0.4144887645684549,0.5753494772673642,7.4392482815435965,0.04532026941244114,0.05879975769891743,0.002634547044351909,0.6670832032063168
36.61053417699986,12.310925689590475,6.899115126283798,-0.15824211337431268,0.6400794351030059,-0.40513272828078484,0.5625447268219479,7.419806591325822,0.047435178510579636,0.06407449481139516,0.005616836822299751,0.6670832032063168
36.61318942300022,12.30539167509951,6.919947851596015,-0.16602043472893555,0.6249817593664996,-0.423407238530821,0.5404844493831065,7.400930204616364,0.04946590597397793,0.06960850930235907,0.008530173467212973,0.6800735254367722
36.62938485599989,12.30539167509951,6.919947851596015,-0.16602043472893555,0.6249817593664996,-0.4213141721981874,0.5308152343222292,7.400930204616364,0.04946590597397793,0.06960850930235907,0.008530173467212973,0.6800735254367722
36.727632095000445,12.299529870216684,6.9403196806517204,-0.17585414648481998,0.6111548716711647,-0.42786446619896734,0.524826103106557,7.382595408357757,0.05044213874279256,0.07547031418518557,0.009036663143331715,0.632455532033676
36.72969849800029,12.29314508164711,6.960298829936453,-0.1915436570872484,0.5993744785419798,-0.44379622805141694,0.4902003986363337,7.364784959099811,0.05185546248872524,0.08185510275476027,0.012700171494245672,0.65
36.75558424299925,12.286039941340425,6.980019082608275,-0.21315420920055483,0.5916075801546652,-0.4260392117048333,0.4710021435265896,7.347419911672025,0.05140033925885812,0.0889602430614449,0.017112122286222893,0.65
36.76217573899885,12.286039941340425,6.980019082608275,-0.21315420920055483,0.5916075801546652,-0.44360743267391045,0.45147015127757084,7.347419911672025,0.05140033925885812,0.0889602430614449,0.017112122286222893,0.65
36.84165544899952,12.278141561174516,6.999527777744519,-0.2369514049772352,0.5852608540873248,-0.44360743267391045,0.45147015127757084,7.3304756973979055,0.051761496330448055,0.08650104440959859,0.0014048642967251829,0.65
36.85123725599988,12.26943210395817,7.018823186484012,-0.26128371649040943,0.578862262184786,-0.467408041937071,0.4342448127505322,7.3139622562804805,0.0492994337189874,0.07901564630227037,0.0032728703980071344,0.670820393249937
36.8674219250006,12.259900387878698,7.037850098112924,-0.2859514823841592,0.5708073488673597,-0.4593201818957148,0.41487502435489954,7.2979399709269055,0.047357009000018005,0.0723015291405684,0.005747891462582316,0.670820393249937
36.95833511099954,12.249615059852852,7.056579540358177,-0.3085598407754031,0.5618832673576014,-0.460605786977467,0.4047089446982409,7.282423785939979,0.045128420300654774,0.06633063871491184,0.008655272623059533,0.651920240520265
36.96019159500065,12.238603804792264,7.074959969004354,-0.33033765181765345,0.5514128593853078,-0.4670525855334568,0.37764406386975535,7.267460576613067,0.042619567394373545,0.061119846100800304,0.01282000503600099,0.651920240520265
36.994474768000146,12.22693230936142,7.092909816896347,-0.3501448629253296,0.538495436759775,-0.44842551494149374,0.3539925440758753,7.253116254952882,0.04089647972723185,0.05668038050084311,0.016022609322015487,0.651920240520265
37.08223658699899,12.21471520210053,7.110404741786797,-0.36651321782670987,0.5248477467135121,-0.4603435538242201,0.3405078812659801,7.239388140086655,0.03894632167148708,0.0529483998651153,0.0034823536028935503,0.6800735254367722
37.09940352000012,12.201984410854564,7.127416387571255,-0.38192373737895824,0.5103493735337306,-0.46557685373015034,0.3283049369280391,7.226298181569106,0.03737941124290719,0.04992137859167438,0.007636539162885028,0.6800735254367722
37.19805989300039,12.188739793426395,7.143899099232159,-0.39733852284508364,0.4944813498270996,-0.4584829245556662,0.31594950415537915,7.213893215102019,0.036547344146612835,0.04763170020158702,0.004892122938089199,0.6403124237432849
37.1999414919992,12.17502712954113,7.159849504490135,-0.4113799165579258,0.47851215773931094,-0.44815417437363614,0.30485305936508916,7.2021669969758735,0.03578797564061379,0.046049378102400874,0.010435403537600661,0.6726812023536856
37.22617766099938,12.160901152267932,7.175270375925033,-0.4237793181959391,0.46262614304691196,-0.4120436727879359,0.274835601811129,7.19110455408745,0.03550724504730891,0.04513374965974462,0.014960244101800173,0.6726812023536856
37.320261699000184,12.14642109673091,7.190155859409337,-0.4344016661106667,0.446564504529135,-0.43840890623661444,0.26158835905421196,7.180697499446218,0.035851278601537896,0.0448470688089391,7.177717190466674e-05,0.6363961030678928
37.36083380299897,12.131628579483742,7.204483209844332,-0.4437755174150331,0.42982051304983576,-0.504979412031544,0.2329113522312,7.17095794524162,0.03639410804599941,0.04517599141620965,0.0008156175998474758,0.6726812023536856
37.447192768000605,12.116627477091225,7.218247524096933,-0.45003307177553387,0.4129294275780241,-0.504979412031544,0.2329113522312,7.161863144756922,0.03726945133806206,0.04605053269683567,0.002293985485966374,0.6726812023536856
37.44924204999916,12.101446583496575,7.231467601822579,-0.4554268078394938,0.396602331769376,-0.514584830427349,0.20739604344915813,7.153387523644332,0.03865674938558702,0.047437038894465246,0.004089153656278503,0.6726812023536856
37.472635779000484,12.086201520029372,7.244173315200877,-0.4573519040160875,0.3811714013489537,-0.5138707739954346,0.1929734178181049,7.1454701629728845,0.040201952716160776,0.049232630562137294,0.005786414255130097,0.6403124237432849
37.5664193399989,12.07094708232013,7.256401828448651,-0.4576331312772387,0.36685539743324075,-0.5160960846824207,0.183499082126965,7.138059377478318,0.041752208842252836,0.05137228226819917,0.004757423468602009,0.6800735254367722
37.56830959400031,12.05570351958871,7.268126725529414,-0.45730688194262553,0.35174691242289047,-0.517973940987289,0.1581251707900466,7.1311738541594565,0.04366174119455785,0.05386035461050687,0.007645359246587761,0.6800735254367722
37.68485158799922,12.040489998614289,7.279364741972578,-0.45640562923258504,0.3371404932949197,-0.5220152070766189,0.13900388529105046,7.124790998257743,0.04586663839637176,0.05667146082319674,0.0033115188506566175,0.651920240520265
37.68757616899893,12.02518190974489,7.290072613658751,-0.45924266608193887,0.3212361505851972,-0.513604390996571,0.11499424015568721,7.118987365833037,0.04784321574085217,0.0599243055883861,0.007056360570071338,0.651920240520265
37.689452557999175,12.009691222466786,7.300235941000453,-0.4647206183431383,0.3048998202510759,-0.5115470373842375,0.110276365412142,7.11380222128043,0.05035038506816439,0.0636913179252374,0.011308323915076569,0.6946221994724903
37.70644732399887,12.009691222466786,7.300235941000453,-0.4647206183431383,0.3048998202510759,-0.5319464681623974,0.11547423953565181,7.11380222128043,0.05035038506816439,0.0636913179252374,0.011308323915076569,0.6946221994724903
37.802715837000505,11.993982523587505,7.309854821133436,-0.47126096637844644,0.2885664039894834,-0.5378945044734877,0.1124930790064474,7.109246173894929,0.05341132769462682,0.06799747005694269,0.004899376760367358,0.670820393249937
37.80465354700027,11.978055355352067,7.318939394053025,-0.47781504706311717,0.2725371875876724,-0.5159323828791997,0.08609292109950342,7.105310128099687,0.05632000539724223,0.07283591560569472,0.010323325209722862,0.670820393249937
37.819156903000476,11.96191552834165,7.327477145332985,-0.48419481031249123,0.25613253839877453,-0.5126504646140386,0.09204856453284588,7.102004718734958,0.05942238367796651,0.07821139490579322,0.016276152126950983,0.670820393249937
37.919685990998914,11.945582663548274,7.3354360596471615,-0.48998594380131183,0.23876742942529164,-0.5300892743616474,0.09239080641836664,7.099354855388317,0.06310093656639991,0.08413267207495712,0.004211166877970087,0.65
37.92953243699958,11.945582663548274,7.3354360596471615,-0.48998594380131183,0.23876742942529164,-0.5653839629179367,0.09266436949820248,7.099354855388317,0.06310093656639991,0.08413267207495712,0.004211166877970087,0.65
37.93143021399919,11.929078202653017,7.342806430999601,-0.49513382685771773,0.22111114057318482,-0.5978218363701355,0.09366484632951366,7.097363339940869,0.06654455029544463,0.09059144873064826,0.00898611536511161,0.65
37.93648534500062,11.912415244293024,7.349599598265628,-0.4998887507997513,0.20379501798080804,-0.6521571369422227,0.09579364230005252,7.09601526542447,0.06957250752822129,0.0975704449420859,0.014307770367996669,0.65
38.066677921999144,11.895608026977888,7.355796738846219,-0.5042165194540773,0.18591421741773806,-0.6771730492782952,0.09496838733032789,7.095323924845265,0.07318281690917641,0.10507290214999335,0.006224545838951137,0.6800735254367722
38.068667946999994,11.87870549123769,7.361425771655652,-0.5070760722059265,0.1688709842829863,-0.71114375831126,0.0955710366707119,7.095247136327544,0.07491849819561355,0.11304447252006221,0.010164431624536278,0.6800735254367722
38.07822683199993,11.861688806104388,7.366508259612003,-0.510500553999088,0.15247463869051267,-0.7491054813516378,0.07310556566904788,7.09576972699874,0.0763022940034806,0.1084918517741773,0.014648434606691624,0.6800735254367722
38.08020623700031,11.844627947914942,7.371027699406353,-0.5118257456833417,0.13558319383051332,-0.7820722208186028,0.07479091889193532,7.096884620414997,0.07728661667578718,0.10397241197982687,0.019650110192361438,0.6670832032063168
38.16269363799984,11.827565936586865,7.375017811966496,-0.511860339842292,0.1197033768042961,-0.8298927200320053,0.10792799374695594,7.098545062329901,0.07738484306056755,0.0999822994196835,0.011538031120514398,0.6670832032063168
38.16521187699982,11.827565936586865,7.375017811966496,-0.511860339842292,0.1197033768042961,-0.8206451404821186,0.0776517304659601,7.098545062329901,0.07738484306056755,0.0999822994196835,0.011538031120514398,0.6670832032063168
38.17736782300017,11.810381658053593,7.37856324652467,-0.5155283559981578,0.10636303674520632,-0.8192188438900704,0.10390796788546351,7.100708709892724,0.07794399938727656,0.09643686486151015,0.017968085734598325,0.6670832032063168
38.2825467900002,11.79284111522839,7.3816823912364695,-0.5262162847561092,0.09357434135398408,-0.8214745091208271,0.10329654326888771,7.103433930980333,0.07749302466088327,0.0933177201497104,0.01216207849628895,0.6576473218982953
38.284567921000416,11.774680780938969,7.384509672022676,-0.5448100286826438,0.08481842358620013,-0.8100312529432827,0.10216085383361331,7.106681350369635,0.0773752308041809,0.09049043936350376,0.01908682984423491,0.6576473218982953
38.28640076100055,11.755875755396788,7.38704448555348,-0.5641507662653964,0.07604440592410905,-0.804003331457665,0.07382024227714466,7.110463431667061,0.07710152832842933,0.08795562583270033,0.026021133298512265,0.6576473218982953
38.323001348000616,11.736297847442192,7.389323673703067,-0.5873372386378831,0.06837564448762315,-0.834260752726687,0.10360089537334169,7.114791959174106,0.07664097121717597,0.08567643768311317,0.032991509012710994,0.651920240520265
38.40145724700051,11.736297847442192,7.389323673703067,-0.5873372386378831,0.06837564448762315,-0.834260752726687,0.10360089537334169,7.114791959174106,0.07664097121717597,0.08567643768311317,0.014050990296395281,0.651920240520265
38.41248903499945,11.715947810546666,7.391371211538309,-0.610501106865788,0.06142613505726969,-0.8389997758692993,0.10582933722125674,7.119649223340585,0.07637032281239005,0.08362889984787092,0.021944430686112612,0.651920240520265
38.4150364470006,11.694870280214698,7.393202606204966,-0.6323259099590516,0.05494183999970588,-0.8433389465507972,0.07883447310037728,7.125010894757311,0.07575727458904874,0.08179750518121409,0.029471078151153424,0.65
38.52020738899955,11.673128690628575,7.394773394131561,-0.6522476875836946,0.04712363779785385,-0.8904823577126052,0.1184017579806892,7.1309023403981735,0.07544268823895162,0.08022671725461894,0.016876408048594613,0.65
38.52278713799933,11.650793377197777,7.396031505956597,-0.6700594029239247,0.037743354751101306,-0.8658240350452199,0.08655164099689526,7.1373529161941285,0.07502552886002907,0.07896860542958262,0.025770536553337536,0.65
38.529614891000165,11.627939332948069,7.396923240451186,-0.685621327491252,0.026752034837655078,-0.8446773686063086,0.11750473062644026,7.144390945769182,0.07495553670791792,0.07807687093499371,0.03462415209512532,0.65
38.64120945600007,11.627939332948069,7.396923240451186,-0.685621327491252,0.026752034837655078,-0.8656359133319526,0.12663843406487627,7.144390945769182,0.07495553670791792,0.07807687093499371,0.010308698874823654,0.65
38.64295882599981,11.60462975102002,7.397524482606823,-0.6992874578414541,0.01803726466909448,-0.8325652694078709,0.12117025230419014,7.151926365724786,0.0749461890258318,0.07747562877935721,0.021092427676775143,0.65
38.644675587000165,11.5809615682756,7.397793191612712,-0.7100454823326106,0.00806127017668273,-0.8023613656598786,0.0880196097572935,7.15996722917762,0.07520723135056956,0.0772069197734675,0.031378494040111206,0.65
38.679540167000596,11.556883959343288,7.397818738858891,-0.7223282679693469,0.0007664173853749708,-0.7654656099686356,0.12335642891104413,7.168449822202599,0.07557935628867654,0.07718137252728852,0.04176168798585217,0.65
38.75842645500052,11.532418830023504,7.397632336875038,-0.7339538795935369,-0.005592059515600984,-0.7632603351974858,0.12652624478945834,7.1773397130218815,0.07610670462351439,0.07736777451114207,0.03251405540223497,0.65
38.767735636,11.532418830023504,7.397632336875038,-0.7339538795935369,-0.005592059515600984,-0.7633404368433379,0.10317876117209474,7.1773397130218815,0.07610670462351439,0.07736777451114207,0.03251405540223497,0.65
38.78437712699997,11.507562030161676,7.397264563106384,-0.7457039958548302,-0.011033213059616517,-0.7958422717304178,0.14335349577819684,7.186612342713978,0.07673381233741401,0.07773554827979634,0.04327216829792807,0.65
38.880767828999524,11.482277296553285,7.396748244022083,-0.7585420082517373,-0.01548957252900661,-0.821911013231103,0.1495946030474646,7.196252931641675,0.07746954788904988,0.07825186736409684,0.011974401871835115,0.65
38.88274897699921,11.456565315940567,7.3960357718400696,-0.7713594183815431,-0.0213741654604166,-0.7923655101998958,0.12182098921582907,7.206308576610938,0.07834661148571113,0.07896433954611037,0.024318005381759985,0.65
38.92299419799929,11.430520341659694,7.3952893370562585,-0.7813492284262127,-0.022393043514338254,-0.7803073275155779,0.162369968658194,7.216596616140061,0.07923378788458396,0.07971077432992146,0.0359613932041244,0.65
39.006703603999995,11.430520341659694,7.3952893370562585,-0.7813492284262127,-0.022393043514338254,-0.7803073275155779,0.162369968658194,7.216596616140061,0.07923378788458396,0.07971077432992146,0.012798827166933324,0.65
39.00792436899974,11.404179794391636,7.394462393468604,-0.790216418041755,-0.024808307629621364,-0.7803073275155779,0.162369968658194,7.2271488965963,0.08016134570033592,0.08053771791757569,0.025806638468475723,0.65
39.122259200999906,11.377658208071262,7.393494828942509,-0.7956475896112322,-0.029026935782874005,-0.7473781704427278,0.16946577655877137,7.2379801354730615,0.08121815587571059,0.08150528244367106,0.013665642859885292,0.65
39.12418843600062,11.377658208071262,7.393494828942509,-0.7956475896112322,-0.029026935782874005,-0.7264117172357716,0.16792583675464587,7.2379801354730615,0.08121815587571059,0.08150528244367106,0.013665642859885292,0.65
39.141262474999166,11.351117655249,7.392389996046741,-0.7962165846678655,-0.03314498687304963,-0.6855035538655747,0.17087572522735217,7.249026562954339,0.08238226426452218,0.08261011533943918,0.027460622950514095,0.65
39.151275670999894,11.324612781695988,7.391162119252951,-0.7951462065903789,-0.03683630381369407,-0.6855035538655747,0.17087572522735217,7.2602534337082085,0.08366548814090566,0.08383799213322884,0.0401273557852446,0.65
39.23647607999919,11.298120243137301,7.389770594997996,-0.7947761567605756,-0.04174572764866011,-0.7177741008957649,0.17432260755950424,7.271706047391527,0.08509158008964368,0.08522951638818377,0.029078896617442358,0.65
39.2697548390006,11.271583770653935,7.388319725117905,-0.7960941745009924,-0.04352609640272319,-0.6803511391398913,0.1820963796726072,7.283309033582853,0.08657543859218714,0.08668038626827457,0.04234891324744759,0.65
39.36347464699975,11.271583770653935,7.388319725117905,-0.7960941745009924,-0.04352609640272319,-0.7397063648561689,0.18590613324160465,7.283309033582853,0.08657543859218714,0.08668038626827457,0.011742638407751905,0.65
39.36536730499938,11.271583770653935,7.388319725117905,-0.7960941745009924,-0.04352609640272319,-0.7746246934789471,0.18693218027712555,7.283309033582853,0.08657543859218714,0.08668038626827457,0.011742638407751905,0.65
39.38019670999893,11.244997407319122,7.386772127914701,-0.7975909000444115,-0.04642791609613583,-0.8758346802801382,0.19238651067476414,7.295098920971356,0.08814463554982406,0.0882279834714792,0.023593821670641658,0.65
39.47672750499987,11.19187494260498,7.384078659670615,-0.7961252165322169,-0.038702228089919466,-0.8755356476868023,0.19275584490241615,7.31852381282868,0.09087112242823128,0.0909214517155652,0.04016027272440308,0.65
39.48550022999916,11.165406175837703,7.382918004995515,-0.7940630030182967,-0.0348196402529794,-0.8597462082735925,0.18766316624919788,7.330145390128693,0.09204333848543887,0.09208210639066472,0.052440871469516745,0.65
39.59774847399967,11.165406175837703,7.382918004995515,-0.7940630030182967,-0.0348196402529794,-0.8663614291383501,0.19264128583175338,7.330145390128693,0.09204333848543887,0.09208210639066472,0.012543836178465538,0.65
39.59965538899996,11.139035315720689,7.381834914829803,-0.7911258035104023,-0.0324927049713681,-0.8586152788159178,0.19416167377040444,7.341733717123576,0.09313472778134749,0.09316519655637734,0.02497527691310018,0.65
39.62310176699975,11.112848914692815,7.380946935656427,-0.7855920308362051,-0.026639375201269477,-0.8555088706162648,0.20427344338512043,7.3531452921805265,0.0940295033587096,0.09405317572975314,0.03691522843505554,0.65
39.63821012600056,11.112848914692815,7.380946935656427,-0.7855920308362051,-0.026639375201269477,-0.8555088706162648,0.20427344338512043,7.3531452921805265,0.0940295033587096,0.09405317572975314,0.03691522843505554,0.65
39.74214674599898,11.086930858824363,7.3802084784728965,-0.7775416760535432,-0.02215371550590754,-0.8721032427562954,0.21163261447723242,7.364386175526948,0.09477302957541162,0.09479163291328341,0.014356707646912513,0.65
39.74406874699889,11.06127484086565,7.379563767901671,-0.7696805387613801,-0.01934131713675061,-0.8449607805156791,0.17888968127269167,7.375507693878168,0.09542173752679048,0.09543634348450869,0.02849508682579024,0.65
39.74567343600029,11.06127484086565,7.379563767901671,-0.7696805387613801,-0.01934131713675061,-0.8169592246177947,0.14218525115079483,7.375507693878168,0.09542173752679048,0.09543634348450869,0.02849508682579024,0.65
39.841267265999704,11.035895094846412,7.379028462492195,-0.761392380577135,-0.016059162284290704,-0.7461607869785014,0.17938655363278977,7.386487479023864,0.09596011773586646,0.09597164889398524,0.0141994489397018,0.65
39.843215134000275,11.010449540583428,7.378547327401616,-0.763366627889503,-0.014434052717345828,-0.7223329220988216,0.14964760846608988,7.397516344778232,0.09644365594332344,0.0964527839845637,0.028389017298474668,0.65
39.96256165699924,10.958912047345775,7.37783453828143,-0.7770183917539266,-0.008258239444541036,-0.6624985545024666,0.17747004506692216,7.419834366145348,0.09715980175480865,0.09716557310474983,0.028914079488750567,0.65
39.964720124999076,10.958912047345775,7.37783453828143,-0.7770183917539266,-0.008258239444541036,-0.6609183264651509,0.13440171147419178,7.419834366145348,0.09715980175480865,0.09716557310474983,0.028914079488750567,0.65
40.08089807499891,10.932786779217235,7.377678092048275,-0.783758043856191,-0.0046933869946381886,-0.6654741825283425,0.19637962751425717,7.431073369307347,0.09731741504511054,0.09732201933790474,0.014708266602507203,0.65
40.092256820998955,10.906413020348177,7.377652839248038,-0.7912127660717468,-0.000757584007129713,-0.6599289173572561,0.1997683628237859,7.442375235519345,0.09734348287908147,0.09734727213814232,0.02944632836257368,0.65
40.20804924100048,10.879819068173733,7.377759535915698,-0.7978185652333489,0.003200900029806261,-0.6684851220417249,0.22034990416877087,7.453729408200288,0.09723745456172912,0.09724057547048215,0.014997618124640412,0.65
40.210610546999305,10.853087976843687,7.3779030899461,-0.8019327399013703,0.004306620912070123,-0.6614860166676311,0.22162514764205837,7.465187509652601,0.09709426975618901,0.0970970214400797,0.03004267513098422,0.65
40.24356119500044,10.826247185297607,7.3780045311578375,-0.8052237463824294,0.0030432363521180803,-0.6621719726689049,0.23386536930519353,7.476809518431401,0.096993132439692,0.09699558022834243,0.04369332661202912,0.65
40.3315414789995,10.799511565326751,7.3780758253205985,-0.8020685991256522,0.002138824882833776,-0.652891903293211,0.23279149790274722,7.488490403115384,0.09692185452861891,0.09692428606558146,0.03079496764733907,0.65
40.359171828999024,10.773016595532525,7.378188936272598,-0.7948490938267921,0.0033933285599724184,-0.649203355319905,0.23745426492258276,7.500104169279924,0.09680872348604828,0.09681117511358206,0.044356770946765454,0.65
40.45868825499929,10.746834567697285,7.378303939191775,-0.7854608350571901,0.0034500875753135487,-0.649203355319905,0.23745426492258276,7.51165203868461,0.09669342847096021,0.09669617219440507,0.023242125445316578,0.65
40.46145223699932,10.746834567697285,7.378303939191775,-0.7854608350571901,0.0034500875753135487,-0.690162722868289,0.21589791283611595,7.51165203868461,0.09669342847096021,0.09669617219440507,0.023242125445316578,0.65
40.57455284800017,10.746834567697285,7.378303939191775,-0.7854608350571901,0.0034500875753135487,-0.853035586965907,0.2410049300296458,7.51165203868461,0.09669342847096021,0.09669617219440507,0.0,0.65
40.57714742399912,10.721000035595859,7.378380432588132,-0.775035963042777,0.0022948018907146743,-0.8784105852681773,0.2452706222599803,7.523151624715355,0.09661659157848304,0.09661967879804756,0.011562227018172845,0.65
40.58847192900066,10.721000035595859,7.378380432588132,-0.775035963042777,0.0022948018907146743,-0.899020257027533,0.225467117402065,7.523151624715355,0.09661659157848304,0.09661967879804756,0.011562227018172845,0.65
40.705449388999114,10.69546916930553,7.378504244688837,-0.7659259887098362,0.003714363021122615,-0.9106175925379892,0.2648137205699128,7.534542810669746,0.09649214199563014,0.09649586669734322,0.013108517397116323,0.65
40.70738686799996,10.670271497679817,7.378713153819936,-0.7559301487714264,0.006267273932962891,-0.9176281324904297,0.2357805396409729,7.545775935466186,0.09628251121245641,0.09628695756624417,0.025971765831872703,0.65
40.73008644999936,10.64538124696455,7.379100075146245,-0.7467075214579828,0.011607639789277192,-0.8266722943550926,0.2551607001046944,7.556777522775393,0.09589448191125681,0.09590003623993493,0.03787916272870922,0.65
40.83618546300022,10.620787545689149,7.3796417511401,-0.7378110382620534,0.01625027981563397,-0.8476172293867166,0.2526279125213653,7.567571228290556,0.09535158565793944,0.09535836024608013,0.010579742813396078,0.65
40.84885321100046,10.596459726304435,7.380295469281448,-0.7298345815414348,0.019611544240429272,-0.857410580714922,0.2228087438103521,7.57820713820665,0.09469606088671279,0.09470464210473217,0.020939813022689668,0.65
40.94912882800054,10.572289481912577,7.381276028162645,-0.725107331755746,0.029416766435923454,-0.8737985689724079,0.24574256476166395,7.588543556517716,0.09371357991893262,0.09372408322353465,0.005794711864911042,0.65
40.951029490999645,10.548208589039083,7.382524265671459,-0.7224267862048004,0.03744712526442318,-0.8850739102388023,0.2136456950356036,7.598664518734098,0.09246242832637436,0.09247584571472078,0.011307448657735036,0.65
41.06774745399889,10.523834448689264,7.383915333374875,-0.7312242104945728,0.04173203110248009,-1.0168251764592846,0.14858389268783168,7.608860183999882,0.09106832318983535,0.09108477801130466,0.0050677721544092,0.65
41.06995071299934,10.47364182048662,7.387077926003015,-0.7602183122638173,0.049135026181006285,-1.0461768130284077,0.09436850638918591,7.629796617058647,0.08789575575571418,0.08792218538316465,0.014077848394692553,0.65
41.08166969999911,10.47364182048662,7.387077926003015,-0.7602183122638173,0.049135026181006285,-1.0693120496323816,0.041020439937788734,7.629796617058647,0.08789575575571418,0.08792218538316465,0.014077848394692553,0.65
41.19767295100064,10.447826200699396,7.388738887462148,-0.774468593616718,0.04982884377399143,-1.0881063843000651,0.047888194471390616,7.640641280740813,0.08622667280193659,0.08626122392403168,0.005566756814275467,0.65
41.2002324139994,10.447826200699396,7.388738887462148,-0.774468593616718,0.04982884377399143,-1.088932013322183,-6.069062548701848e-05,7.640641280740813,0.08622667280193659,0.08626122392403168,0.005566756814275467,0.65
41.22352640700046,10.421565417621077,7.3904060610062325,-0.7878234923495616,0.050015206322521814,-1.0030369335979992,0.026068358984835605,7.651766580537013,0.0845505746609599,0.08459405037994738,0.011247749734408691,0.65
41.32883408099951,10.394908621016311,7.392012329106318,-0.799703898142944,0.04818804300256079,-1.0030369335979992,0.026068358984835605,7.663210862261386,0.0829308268510318,0.08298778227986237,0.00881886157407913,0.65
41.34324208900034,10.394908621016311,7.392012329106318,-0.799703898142944,0.04818804300256079,-0.9927964593489408,-0.005178040311644441,7.663210862261386,0.0829308268510318,0.08298778227986237,0.00881886157407913,0.65
41.34520243999941,10.367932936837144,7.393554575540508,-0.8092705253750097,0.04626739302569991,-0.9950334230178806,-0.007550545127789521,7.67494200598276,0.08137275521353099,0.08144553584567227,0.011962322921746637,0.65
41.434597247000056,10.340724203197837,7.394980961245617,-0.8162620091792092,0.04279157115328163,-0.9554790305642094,0.01694362031610501,7.686965254668534,0.07992426604569486,0.08001915014056316,0.008522506541139589,0.65
41.43719131299986,10.313191183448426,7.396360353353945,-0.8259905924823153,0.04138176324983013,-0.950902776827876,-0.01723392013788544,7.699266557614275,0.07851665042537691,0.07863975803223511,0.011353369129237038,0.65
41.459991952000564,10.285135786377285,7.3974794386674185,-0.8416619121342148,0.033572559404202944,-0.9036163285379223,-0.0045287483829632436,7.7121314073001415,0.07736095930508965,0.0775206727187614,0.014157471705725483,0.65
41.59262528199906,10.285135786377285,7.3974794386674185,-0.8416619121342148,0.033572559404202944,-0.9036163285379223,-0.0045287483829632436,7.7121314073001415,0.07736095930508965,0.0775206727187614,0.0,0.65
41.60359032700035,10.227092776803731,7.398504336340396,-0.8805493048467263,0.00936039773730518,-0.8570380782622397,-0.014604539321381893,7.7401197981384176,0.07622234323553989,0.07649577504578353,0.009692086339583047,0.65
41.7014246409999,10.197178499449455,7.398260327020835,-0.8974283206282597,-0.007320279586837739,-0.8570380782622397,-0.014604539321381893,7.75534204980944,0.07636807124682722,0.07673978436534501,0.013526523402361058,0.65
41.70400681499996,10.166812879413426,7.397467154313447,-0.9109686010808854,-0.023795181221626,-0.8386245492430406,-0.04397912502632065,7.771351714666836,0.07704165747176799,0.07753295707273278,0.017481125745451943,0.65
41.8097127660003,10.136119915019291,7.396067293461911,-0.9207889318240607,-0.04199582554608938,-0.7632400756911395,-0.040826379828540926,7.788135788614485,0.07827562644164156,0.07893281792426876,0.007838195654435888,0.65
41.82504103099927,10.136119915019291,7.396067293461911,-0.9207889318240607,-0.04199582554608938,-0.7302445626014341,-0.04638280935093336,7.788135788614485,0.07827562644164156,0.07893281792426876,0.007838195654435888,0.65
41.8282745309989,10.105165670898401,7.394017766702832,-0.9286273236267234,-0.06148580277238149,-0.7067073949945238,-0.04862737895307054,7.8056965755956655,0.08009101264109754,0.0809823446833482,0.015320567839735793,0.65
41.82988792499964,10.105165670898401,7.394017766702832,-0.9286273236267234,-0.06148580277238149,-0.6892761335512734,-0.07192720513055861,7.8056965755956655,0.08009101264109754,0.0809823446833482,0.015320567839735793,0.65
41.942141522000384,10.074005677102939,7.3912819965105605,-0.934799813863902,-0.08207310576814385,-0.6539996693033023,-0.04895667398752593,7.824035246491588,0.08254603634243363,0.08371811487561942,0.01061722990572454,0.65
41.9448284049995,10.042775045926648,7.388171615076642,-0.936918935288727,-0.09331144301755381,-0.6288785304451205,-0.06365405561995677,7.842812926279601,0.0852208643137516,0.08682849630953804,0.01983502190880026,0.65
41.96561851600018,10.011583557763057,7.3846416010923,-0.9357446449077483,-0.10590041953026985,-0.58011946454205,-0.040992312929233554,7.862009121778832,0.08818878069455015,0.0903585102938802,0.027738226743315938,0.65
42.09230911299892,10.011583557763057,7.3846416010923,-0.9357446449077483,-0.10590041953026985,-0.526086222830438,-0.054944737058534254,7.862009121778832,0.08818878069455015,0.0903585102938802,0.01029591463124323,0.65
42.1924700139989,9.98056943313421,7.380658203351205,-0.9304237388653771,-0.11950193223285754,-0.526086222830438,-0.054944737058534254,7.881577404011183,0.0914771067235001,0.09434190803497522,0.01308719109175168,0.65
42.19457931400029,9.98056943313421,7.380658203351205,-0.9304237388653771,-0.11950193223285754,-0.521885046350747,-0.0715565761630047,7.881577404011183,0.0914771067235001,0.09434190803497522,0.01308719109175168,0.65
42.31157268199968,9.949856489025018,7.376245021987234,-0.9213883232757506,-0.13239544091912564,-0.4766884876170904,-0.025863474027136762,7.90142848895307,0.0948227414877157,0.09875508939894573,0.012700012856570391,0.65
42.3275339110005,9.919510385942859,7.37151117144703,-0.9103830924647875,-0.14201551620614083,-0.47130974679638615,-0.03892955401684378,7.9214301315609505,0.09824207269268843,0.10348893993915009,0.02517800570589065,0.65
42.4285806049993,9.889631659659624,7.366474852920417,-0.8963617884970407,-0.15108955579837838,-0.44802460761364793,-0.0342386787087999,7.941508828156881,0.10154732539650235,0.10852525846576278,0.0047243642849551125,0.651920240520265
42.43272107499979,9.860252459903572,7.361168530970621,-0.8813759926815907,-0.15918965849387978,-0.44156625797012317,-0.057765569134289485,7.961614708822222,0.10435770494665872,0.11383158041555852,0.009508862368963025,0.651920240520265
42.447334172999035,9.83168951622394,7.355752594437018,-0.8568883103889422,-0.16247809600811497,-0.5211027143316671,-0.1927216078333045,7.981437680853972,0.10675900440892999,0.11924751694916225,0.014094231880923578,0.6576473218982953
42.566850273000455,9.804151430384307,7.35029736520903,-0.8261425751890293,-0.16365687683961078,-0.5380551583244487,-0.24650903684216183,8.00079999694864,0.10809332167031993,0.12470274617714949,0.013089186523066775,0.6576473218982953
42.582565737999175,9.77764411630411,7.3448130836283525,-0.7952194224059049,-0.16452844742034356,-0.5222231132583424,-0.26947019079230494,8.019682703227051,0.10797658083340084,0.13018702775782742,0.0183834102621008,0.6184658438426491
42.685470619000625,9.752196599712356,7.3393338767872764,-0.7634254977526362,-0.16437620523228108,-0.5375820861576368,-0.28191673900333664,8.038034637715176,0.10666389329188988,0.13566623459890348,0.015612360529195941,0.6184658438426491
42.6874549919994,9.727769870482376,7.33391011681239,-0.7328018768993942,-0.16271279924657478,-0.5234471560348701,-0.3079030811407252,8.055828238786836,0.10293367993131566,0.13707952323843406,0.021063948768588633,0.632455532033676
42.70507600599922,9.704332924592773,7.328556214872358,-0.7031083766881077,-0.1606170582009836,-0.4973869509140214,-0.304718727735087,8.073062614210476,0.09631406956358639,0.12429288023719871,0.02507311155394541,0.632455532033676
42.79832580099901,9.681830773880419,7.323303057900994,-0.6750645213706059,-0.15759470914090057,-0.4973869509140214,-0.304718727735087,8.089736754411982,0.0889003906328379,0.11209599979429952,5.3192889083781953e-05,0.65
42.91321488500034,9.63935198980531,7.312725152751684,-0.6262533786021149,-0.1615642006736042,-0.5578978125402009,-0.47619784044897284,8.12185203774013,0.07193104691533792,0.08953867198005534,0.0011975616857638532,0.670820393249937
42.916025541000636,9.599390143357718,7.300887378649643,-0.5916529532353615,-0.18519409066900167,-0.5335963486082742,-0.5306226360412482,8.15373665993153,0.05590489545569275,0.06965194970993649,0.0022289136166708024,0.6946221994724903
42.94841427999927,9.599390143357718,7.300887378649643,-0.5916529532353615,-0.18519409066900167,-0.4929408921842438,-0.5575200416088552,8.15373665993153,0.05590489545569275,0.06965194970993649,0.0022289136166708024,0.6946221994724903
43.04552400300054,9.580142719911455,7.2941735429751775,-0.577422703387907,-0.20141507023395475,-0.4929408921842438,-0.5575200416088552,8.169968396236822,0.048341700850051295,0.06078936480390147,0.0006134277212119874,0.651920240520265
43.048415044999274,9.561342921966517,7.2868884781684455,-0.5639939383481472,-0.21855194420194654,-0.46390014093617626,-0.5825135248895841,8.18644591265937,0.04150328173216233,0.05264721891832244,0.0005333235160344541,0.651920240520265
43.07098622100057,9.542975158096258,7.279031941709623,-0.5510329161077981,-0.23569609376466416,-0.44836904996220256,-0.6172045918365067,8.203175035432647,0.03494572950423433,0.04521465873710176,0.00023496329441465347,0.6800735254367722
43.157722288000514,9.542975158096258,7.279031941709623,-0.5510329161077981,-0.23569609376466416,-0.44836904996220256,-0.6172045918365067,8.203175035432647,0.03494572950423433,0.04521465873710176,0.0020086821626558037,0.6800735254367722
43.16031333799947,9.525052321954124,7.270602838501909,-0.5376850842640215,-0.2528730962314205,-0.432605280821316,-0.6334447147838393,8.22014670467234,0.028820225989847303,0.038501575800399465,0.003301020139918615,0.6800735254367722
43.17719404699892,9.50756736658421,7.261607245907472,-0.524548661097456,-0.26986777783311505,-0.4069710592885876,-0.6671200211725419,8.237357158196279,0.023407421730845333,0.03249868981390689,0.004196795998717464,0.6800735254367722
43.2819202339997,9.473579732176924,7.2414212636597,-0.5051193828229974,-0.31458601263284913,-0.3904715995886432,-0.6821650168945693,8.273080851599568,0.014194068779421944,0.022739447980336662,0.0026804514252311085,0.6726812023536856
43.295177560999946,9.457063733527903,7.230124095590713,-0.4954799594706324,-0.33891504206962075,-0.34869257287399835,-0.714606312396154,8.291685722246422,0.010537909243642408,0.019049177487330718,0.004086995149216287,0.6726812023536856
43.30849652699908,9.457063733527903,7.230124095590713,-0.4954799594706324,-0.33891504206962075,-0.34902067633082956,-0.7141622289895745,8.291685722246422,0.010537909243642408,0.019049177487330718,0.004086995149216287,0.6726812023536856
43.4282030129998,9.440849928488495,7.2179672535125015,-0.4864141511822666,-0.3647052623463455,-0.34902067633082956,-0.7141622289895745,8.31083955521895,0.007703996545215089,0.016180471466446716,0.002642743210433531,0.7071067811865476
43.528479545000664,9.425037287978334,7.204882588005774,-0.4743792153048334,-0.39253996520180323,-0.2979069469309342,-0.7298233333719477,8.330541428021284,0.0053438091567899184,0.014251501842611359,0.0014617062856315127,0.7071067811865476
43.53050812899892,9.409667285708714,7.19085558440676,-0.4611000680885826,-0.4208101079704212,-0.28805915250454006,-0.7369101196331482,8.350778258717824,0.0038245557019781365,0.01330185837550012,0.001936270615808979,0.6726812023536856
43.54498197099929,9.394804923390923,7.1759041490517586,-0.445870869533743,-0.448543060650048,-0.256904369233529,-0.748712108436567,8.371497121905074,0.0033094681130461275,0.013364842524133495,0.0013917393825096836,0.7106335201775948
43.65212699899894,9.380496894820292,7.160069411753715,-0.4292408571189637,-0.47504211894130427,-0.2472610508038327,-0.7568192776867634,8.392636423048321,0.0033290885912059327,0.014444388618183208,0.0060691555354102375,0.7106335201775948
43.65522656699977,9.380496894820292,7.160069411753715,-0.4292408571189637,-0.47504211894130427,-0.22919782815903542,-0.7595529791181269,8.392636423048321,0.0033290885912059327,0.014444388618183208,0.0060691555354102375,0.7106335201775948
43.67650059600055,9.353629711773067,7.1258181929465,-0.3937841485921176,-0.5262568234579881,-0.23239493851386891,-0.7163419304811319,8.436067969783046,0.005769845053359494,0.019665690376595883,0.00769862197540932,0.6800735254367722
43.76970694299962,9.353629711773067,7.1258181929465,-0.3937841485921176,-0.5262568234579881,-0.18358852281124347,-0.7229792378982808,8.436067969783046,0.005769845053359494,0.019665690376595883,0.003914516085134712,0.6800735254367722
43.78329749899967,9.341122225014718,7.107494904006102,-0.37522460275043384,-0.5496986682119578,-0.2133912114583291,-0.7380938689995217,8.45825308173913,0.007721637506713224,0.023778083537562816,0.00708442903910658,0.7211102550927979
43.78454950000014,9.341122225014718,7.107494904006102,-0.37522460275043384,-0.5496986682119578,-0.17131912201859162,-0.7571099752286505,8.45825308173913,0.007721637506713224,0.023778083537562816,0.00708442903910658,0.7211102550927979
43.88141791599992,9.329189433656921,7.08844137442562,-0.3579837407338816,-0.5716058874144571,-0.17560849354133048,-0.7808796039233812,8.480718591003786,0.010107833242878879,0.02881320582187778,0.003707136668529073,0.6946221994724903
43.88364999700025,9.317880227724151,7.06870864463896,-0.33927617798311843,-0.5919818935997877,-0.1443202292223037,-0.7942238232211676,8.503395065523328,0.01340397342785549,0.03476953666044918,0.0083314444398384,0.6946221994724903
43.88603723899905,9.317880227724151,7.06870864463896,-0.33927617798311843,-0.5919818935997877,-0.1140903320309765,-0.8108047910638418,8.503395065523328,0.01340397342785549,0.03476953666044918,0.0083314444398384,0.6946221994724903
43.90067233599984,9.307238235074783,7.048345572011702,-0.31925977948103823,-0.610892178817738,-0.15344920311506816,-0.8799933808159083,8.526218124531887,0.015791164517913694,0.04164337823327194,0.012785020682860845,0.670820393249937
44.003819407000265,9.297287227400908,7.027401432976525,-0.29853023021623504,-0.628324171055324,-0.15344920311506816,-0.8799933808159083,8.54913448638802,0.01875844939546121,0.049416695965323304,0.0051130127019374935,0.7158910531638177
44.00634557900048,9.297287227400908,7.027401432976525,-0.29853023021623504,-0.628324171055324,-0.11877556481102977,-0.9167628335160982,8.54913448638802,0.01875844939546121,0.049416695965323304,0.0051130127019374935,0.7158910531638177
44.11738672299907,9.279469612315332,6.983943043089713,-0.2571907411005712,-0.6591601048564275,-0.16104095357939632,-1.0417360754684175,8.595102083895373,0.021640200236506597,0.054469474852119504,0.007930940590011537,0.696419413859206
44.118905927000014,9.279469612315332,6.983943043089713,-0.2571907411005712,-0.6591601048564275,-0.09129659076786079,-1.0328601058755096,8.595102083895373,0.021640200236506597,0.054469474852119504,0.007930940590011537,0.696419413859206
44.24027735799973,9.264296536251804,6.938953516152526,-0.2178718704646428,-0.6799819521461259,-0.14937716123385222,-1.0108430240076072,8.64086886447946,0.02186266417898732,0.0392963987885917,0.010309832734848286,0.6800735254367722
44.24257516800026,9.257714640000103,6.915959838259927,-0.1974568875510293,-0.6898103367779514,-0.08050110968165641,-1.0107599129592812,8.663611288207917,0.021911981402031246,0.03271450253689068,0.016109677145997255,0.6800735254367722
44.36116343200047,9.251817155814644,6.892609755405435,-0.17692452556374577,-0.7005024856347453,-0.10995253675067815,-0.8655830138170845,8.686273713654785,0.021614633625958325,0.0268170183514318,0.00883560708438899,0.6670832032063168
44.3636720329996,9.246618873998143,6.868938006060455,-0.15594845449500733,-0.7101524803494061,-0.07728024838554015,-0.8980529780781547,8.708821155267112,0.022070898014802533,0.02161873653493096,0.014116943491030319,0.7158910531638177
44.384963597000024,9.24190985399598,6.844670108306889,-0.14127060006488912,-0.7280369326070097,-0.11438485853982722,-1.0178681804670433,8.73160075266826,0.023103051626861337,0.016909716532767405,0.019664250666054577,0.7071067811865476
44.476790728000196,9.23401957354059,6.793986978426432,-0.11029715977034459,-0.7722192325669903,-0.11040116829364488,-1.0159032585787706,8.77813145162959,0.02836322873270364,0.028307294185607103,0.022541624106361312,0.70178344238091
44.50398650599891,9.230940897069258,6.76745291876096,-0.09236029413990884,-0.7960217899641435,-0.10237402909551024,-0.9275947217389308,8.801930654488245,0.032807426497801016,0.044892754697512936,0.02831731934850273,0.70178344238091
44.740363057999275,9.226411941951692,6.712304793575882,-0.05905683542255423,-0.8361920273972128,-0.11477554162173109,-0.9462538291421865,8.850418126991118,0.037683902920580964,0.05141180523353839,0.018095156793212882,0.7000000000000001
44.83933182600049,9.224957191822593,6.683995287027039,-0.04364250387299386,-0.8492851964652897,-0.11477554162173109,-0.9462538291421865,8.874861592408042,0.039405136354310304,0.04995705510443926,0.009824747626734708,0.7000000000000001
44.841480547000174,9.22404379307977,6.655397477595926,-0.027401962284650028,-0.8579342829333804,-0.07901725021106853,-0.9434271697733438,8.89927275952305,0.04102768427338707,0.04904365636161678,0.01940315416731036,0.7000000000000001
44.958582723998916,9.22363574004163,6.626653067081679,-0.012241591144248287,-0.862332315427426,-0.11655185520116979,-0.8736684747922374,8.92355550078325,0.04263047785742618,0.04863560332347561,0.011076108140605697,0.7000000000000001
44.96074066099936,9.223697668392989,6.597725785168567,0.001857850540775731,-0.8678184573933628,-0.09094914084055888,-0.8740729855772489,8.947761889084921,0.04406173803323501,0.04869753167483459,0.021305688290693448,0.7000000000000001
44.98284025599969,9.223697668392989,6.597725785168567,0.001857850540775731,-0.8678184573933628,-0.13932258421542648,-0.8463617541612541,8.947761889084921,0.04406173803323501,0.04869753167483459,0.021305688290693448,0.7000000000000001
45.10839279599895,9.22499918828734,6.539205245512393,0.02188474645877496,-0.8830693944501216,-0.16801014487561988,-1.0229775377141335,8.996179757746418,0.04735257770939592,0.04999905156918594,0.018756185795415947,0.7000000000000001
45.233787010000015,9.225881986195173,6.509333251703373,0.026483937234984815,-0.8961598142706,-0.16801014487561988,-1.0229775377141335,9.020823027650682,0.048897127817606335,0.0508818494770189,0.026168108033918544,0.7000000000000001
45.316856662000646,9.228230402352791,6.4478492512781855,0.03873809228070048,-0.9312101330578632,-0.13995543554048923,-1.0621950162110814,9.071358778800642,0.05211685487779235,0.053230265634637064,0.025208181907413033,0.7000000000000001
45.319418379000126,9.2318511124938,6.384098356992329,0.060300630367460376,-0.9641969019730565,-0.0729918915686788,-1.1013507615949043,9.12326760297517,0.05624847944080892,0.05685097577564591,0.04204512869973271,0.7000000000000001
45.43576724599916,9.23433512529873,6.351484060068084,0.07452038414790732,-0.978428907727356,-0.16860317128864238,-1.0539397778282145,9.149546105915894,0.0588890281681932,0.0593349885805754,0.03385958145649447,0.7000000000000001
45.43939496799976,9.23433512529873,6.351484060068084,0.07452038414790732,-0.978428907727356,-0.129805351948104,-1.0452946287158889,9.149546105915894,0.0588890281681932,0.0593349885805754,0.03385958145649447,0.7000000000000001
45.44131203100005,9.236945445762402,6.318858802467325,0.07830961391016454,-0.9787577280227643,-0.16053595394056996,-1.0694155289181368,9.175808298642211,0.06162350548365807,0.061945309044247665,0.043037342507427565,0.7000000000000001
45.55531250599961,9.239616832135175,6.286493393261508,0.08014159118319136,-0.9709622761745117,-0.20266670305734025,-1.1585433949227337,9.201859053039758,0.06437725417158707,0.06461669541702086,0.016642884276144507,0.7000000000000001
45.55751022599907,9.239616832135175,6.286493393261508,0.08014159118319136,-0.9709622761745117,-0.17412860497380722,-1.172655956975912,9.201859053039758,0.06437725417158707,0.06461669541702086,0.016642884276144507,0.7000000000000001
45.55920396500005,9.242342058294785,6.254301792935646,0.08175678478827558,-0.9657480097758699,-0.21097840953236496,-1.1325848138505956,9.227774435634226,0.06716466436168933,0.06734192157663088,0.03240052266867382,0.7000000000000001
45.676105509999616,9.247949770910287,6.190063999337723,0.08348282861307682,-0.9657512051865703,-0.1895579536081143,-0.9636529203523391,9.279519328078512,0.07285336903527488,0.07294963419213296,0.036561029543798314,0.7000000000000001
45.69351264299985,9.250672942140227,6.1574209983285755,0.08169513689818589,-0.9792900302744159,-0.18740003180804798,-0.8263086012360612,9.305940796710601,0.07560225677254409,0.075672805422073,0.04992867354928229,0.65
45.71254099500038,9.250672942140227,6.1574209983285755,0.08169513689818589,-0.9792900302744159,-0.18102359838252052,-0.8103930316829872,9.305940796710601,0.07560225677254409,0.075672805422073,0.04992867354928229,0.65
45.80669881199901,9.253429471488753,6.124230350665323,0.08269588045577043,-0.9957194298975732,-0.18254662665896615,-0.7969453063780791,9.332853121478017,0.07837904654500993,0.07842933477059866,0.017176497424359026,0.65
45.99517006099995,9.258458370454473,6.056810061129905,0.0725536844959119,-1.0161196974285263,-0.2180831541300885,-0.7752943032515782,9.387940655083172,0.0834312527876594,0.08345823373631944,0.03223215780454842,0.65
46.0370973299996,9.258458370454473,6.056810061129905,0.0725536844959119,-1.0161196974285263,-0.2180831541300885,-0.7752943032515782,9.387940655083172,0.0834312527876594,0.08345823373631944,0.03223260634503007,0.65
46.0495923870003,9.262996819425517,5.988104865749036,0.0661500520789437,-1.0363104392478164,-0.2252306970903754,-0.8635190385116516,9.444545644866784,0.08798300435580846,0.08799668270736305,0.060723749246042104,0.65
46.16386195599989,9.262996819425517,5.988104865749036,0.0661500520789437,-1.0363104392478164,-0.2039222031784781,-0.9074052285372685,9.444545644866784,0.08798300435580846,0.08799668270736305,0.03719013826874765,0.65
46.167567358999804,9.264947886363665,5.953433928452289,0.058532008144429014,-1.0401281189024236,-0.20671506049685578,-0.8693608930584981,9.473345116677185,0.08993821804776898,0.08994774964551056,0.05413789675504238,0.65
46.191642169998886,9.266733940453252,5.918695811036572,0.05358162268759485,-1.0421435224715252,-0.20283440182103313,-0.8309756351890579,9.502325980238579,0.09172753403317871,0.09173380373509765,0.06658011151553868,0.65
46.27191601099912,9.268305210493084,5.88420972889765,0.04713810119500039,-1.0345824641676415,-0.19447232012528182,-0.844861476681434,9.53123729206698,0.09330117960317623,0.09330507377493014,0.039478175999117494,0.65
46.274024337999435,9.26962364460827,5.850265150081812,0.039553023455588227,-1.0183373644751406,-0.16910019198888004,-0.8171362065701959,9.559846276414811,0.09462158634001225,0.09462350789011609,0.056541955234039,0.65
46.30020211699957,9.270785616523623,5.816963002560114,0.03485915746058961,-0.9990644256509378,-0.1747867284737558,-0.7618161338480164,9.588014052061725,0.09578534066216957,0.09578547980546936,0.06884042528827349,0.65
46.39503729699936,9.270785616523623,5.816963002560114,0.03485915746058961,-0.9990644256509378,-0.16753779368983723,-0.7824468952908687,9.588014052061725,0.09578534066216957,0.09578547980546936,0.02010239153021665,0.65
46.407877738000025,9.271771599940703,5.784299945992768,0.02957950251240493,-0.9798916970203729,-0.17219419364984764,-0.6880746674515815,9.615750458043046,0.0967730129875355,0.0967714632225487,0.039199313761308516,0.65
46.513729394999245,9.272534876590107,5.752162815423619,0.022898299482144786,-0.964113917074495,-0.16877163935387085,-0.6900414950002622,9.643174019892777,0.09753816722297404,0.09753473987195349,0.035540094716834385,0.65
46.51639788399916,9.27312579024853,5.720405561172668,0.01772740975268995,-0.9527176275285341,-0.1481505324459317,-0.7052689797238761,9.67038352889842,0.09813113085581525,0.09812565353037606,0.05079890326938117,0.65
46.52826824300064,9.273631247211673,5.688965105199932,0.015163708894273124,-0.9432136791820869,-0.14178234522209407,-0.7169619562571717,9.697388480381505,0.09863924851159948,0.09863111049351936,0.06441476157910905,0.65
46.629983799999536,9.274032647335309,5.657809696294363,0.0120420037090753,-0.934662267167074,-0.14716356209587383,-0.768473467179182,9.724224288495556,0.09904402117114962,0.09903251061715501,0.03375801980674738,0.65
46.682673921999594,9.274353482070298,5.626942731013788,0.009625042049688743,-0.9260089584172524,-0.14642345278233665,-0.7418766533061288,9.75087502737714,0.09936879036315702,0.09935334535214402,0.04863030891733821,0.65
46.75200625999969,9.274617356935714,5.596386656684191,0.007916245962482481,-0.9166822298879012,-0.14091007790210075,-0.7138311655033647,9.777308297512397,0.09963861919923117,0.09961722021756003,0.03556878640597073,0.65
46.75359692299935,9.274617356935714,5.596386656684191,0.007916245962482481,-0.9166822298879012,-0.1201628541669101,-0.7012725434996432,9.777308297512397,0.09963861919923117,0.09961722021756003,0.03556878640597073,0.65
46.774241969000286,9.27481205752745,5.56625027326575,0.005841017752065629,-0.9040915025532471,-0.13904134454226602,-0.6720967056417928,9.803434249216922,0.09984035731200225,0.09981192080929624,0.05069638243276633,0.65
46.87560934499925,9.274941900068436,5.536689383344591,0.003895276229559267,-0.8868266976347718,-0.13250582447397,-0.6615130223704765,9.829113611360814,0.09997957357874304,0.09994176335028193,0.029301550290855707,0.65
46.87915379600054,9.27500142598201,5.50769933603767,0.0017857774072305202,-0.8697014192076152,-0.1545044600218273,-0.6867883204027473,9.854351421539782,0.10005157399022796,0.10000128926385621,0.043075230800789205,0.65
46.89434961999905,9.274976633140371,5.479173688088146,-0.0007437852491520365,-0.8557694384857361,-0.240400029535165,-0.7346249008994326,9.879245760223458,0.10004125047001747,0.09997649642221695,0.05611462071082012,0.65
46.90476443799889,9.274976633140371,5.479173688088146,-0.0007437852491520365,-0.8557694384857361,-0.23534054449065203,-0.7576880453782661,9.879245760223458,0.10004125047001747,0.09997649642221695,0.05611462071082012,0.65
47.026005187999544,9.274919369397153,5.451073535818638,-0.0017179122965204092,-0.8430045680852136,-0.2747370823076625,-0.7518687498113633,9.90380391943598,0.10000554433466777,0.09991923267899949,0.014945363535972592,0.65
47.028244973000255,9.274855054264133,5.423325420703391,-0.0019294539906257887,-0.8324434534574197,-0.2657140650414648,-0.7625357262878831,9.928076626536097,0.09996457045617692,0.0998549175459793,0.029696921955462172,0.65
47.11186557700057,9.274787831118925,5.395909240996435,-0.0020166943562757835,-0.8224853912086872,-0.33702398543795653,-0.7325556843894755,9.952078597744757,0.09993313636339506,0.09978769440077073,0.015050037092937747,0.65
47.113632177999534,9.274787831118925,5.395909240996435,-0.0020166943562757835,-0.8224853912086872,-0.31767225575584596,-0.742359911374005,9.952078597744757,0.09993313636339506,0.09978769440077073,0.015050037092937747,0.65
47.13703167899985,9.2747798565428,5.368787344187954,-0.00023923728372311206,-0.813656904254425,-0.35327959888652033,-0.7090709274128751,9.975811940580954,0.099965344270014,0.09977971982464595,0.02998736973402398,0.65
47.2280552709999,9.27479133508748,5.342090170931829,0.0003443563404218968,-0.8009151976837279,-0.3566606389616583,-0.6966219039871853,9.999181128174232,0.10003277612024247,0.09979119836932604,0.02649520671005414,0.65
47.23013561799962,9.274883307975674,5.31583793286888,0.0027591866458496488,-0.7875671418884864,-0.3599964558240404,-0.7244940893484015,10.022138210645323,0.10019105701532637,0.09988317125752033,0.03938084278532651,0.65
47.24409823499991,9.27501359796308,5.289989787846191,0.003908699622179525,-0.7754443506806686,-0.4469085752815542,-0.7034678671043222,10.044738608749139,0.1004083355027007,0.1000134612449255,0.051514392996281355,0.65
47.269220108999434,9.27501359796308,5.289989787846191,0.003908699622179525,-0.7754443506806686,-0.46956436087660214,-0.6965034147037888,10.044738608749139,0.1004083355027007,0.1000134612449255,0.051514392996281355,0.65
47.35305758499999,9.275156264100936,5.2644865496961195,0.004279984135695986,-0.76509714450214,-0.48602305043690397,-0.6901649422834424,10.067045992064664,0.1006573725874392,0.10015612738278179,0.013278495245615994,0.65
47.365810797999075,9.275110264667331,5.239194450073478,-0.0013799830081104585,-0.7587629886792244,-0.4887658527690952,-0.728581830271698,10.08927331138012,0.10074805778750667,0.1001101279491774,0.026286447210296094,0.65
47.385905357999945,9.274672389007746,5.214023994411515,-0.01313626978756819,-0.7551136698588892,-0.6342327573865026,-0.7697426348651741,10.111595132584103,0.10047985663133226,0.09967225228959187,0.0388623325164163,0.65
47.47428978800053,9.273740495786166,5.188876518518832,-0.027956796647370604,-0.7544242767804968,-0.6670096717242215,-0.7764971465463784,10.134145376114327,0.09976623593300397,0.09874035906801204,0.025302950013167447,0.65
47.477374349000456,9.27237823327499,5.163658541980036,-0.04086787533525489,-0.7565392961638893,-0.6711771401740785,-0.8127824738679067,10.156974479483715,0.09867669390272106,0.09737809655683627,0.037369519327894674,0.65
47.510661267000614,9.270581088126102,5.138434635142156,-0.05391435446663945,-0.7567172051364068,-0.8255260023814044,-0.801449997987464,10.180026562587397,0.097231237709405,0.09558095140794798,0.04836597592282673,0.65
47.59015093999915,9.268310017498097,5.113183004220197,-0.0681321188401802,-0.7575489276587796,-0.8475276295542947,-0.7910419517751863,10.203338071564911,0.09539757935432688,0.09330988077994284,0.012049094060804769,0.65
47.592199180000534,9.268310017498097,5.113183004220197,-0.0681321188401802,-0.7575489276587796,-0.8442579536129885,-0.8060689932455216,10.203338071564911,0.09539757935432688,0.09330988077994284,0.012049094060804769,0.65
47.628974117000325,9.265216086019954,5.087946345959986,-0.09281794434427124,-0.7570997478063461,-0.9345214424548136,-0.7600052006706252,10.227035081497284,0.09286913861890793,0.09021594930180044,0.023403863024875033,0.65
47.70917221899981,9.261196531634184,5.062700514531034,-0.1205866315731255,-0.7573749428685497,-0.9381426104156155,-0.7581513829428247,10.251185345877163,0.08954723751013782,0.08619639491602982,0.02549401757942016,0.65
47.71078654499979,9.261196531634184,5.062700514531034,-0.1205866315731255,-0.7573749428685497,-0.9138029501097864,-0.7879799158543095,10.251185345877163,0.08954723751013782,0.08619639491602982,0.02549401757942016,0.65
47.727221113998894,9.25613040002993,5.037359706789858,-0.15198394812764487,-0.7602242322352907,-0.9398386479406059,-0.7555709475049547,10.275919510468647,0.08539470779076784,0.08113026331177586,0.03668786338203511,0.65
47.73307830500016,9.25613040002993,5.037359706789858,-0.15198394812764487,-0.7602242322352907,-0.9398386479406059,-0.7555709475049547,10.275919510468647,0.08539470779076784,0.08113026331177586,0.03668786338203511,0.65
47.82772963900061,9.25004194355103,5.011820697705431,-0.18265369436695134,-0.7661702725328081,-0.9396889520375624,-0.7552081202439199,10.301315264565474,0.08043352169638159,0.07504180683287665,0.010977984479508653,0.65
47.82958259499901,9.242903376427787,4.98603777886359,-0.21415701369729095,-0.7734875652552362,-0.915849681708968,-0.7864751638753562,10.32742441168263,0.07479293439019996,0.06790323970963286,0.021280478713833484,0.7000000000000001
47.856310637000206,9.234427098894239,4.960002328117316,-0.25428832600641704,-0.7810635223882239,-0.938010866374696,-0.749140684369221,10.354388301488196,0.06817902112427401,0.059426962176084785,0.030874391846718374,0.7000000000000001
47.95605657299893,9.224691260446551,4.933618635827405,-0.2920751534306269,-0.7915107686973201,-0.9357324376300085,-0.7415874525394837,10.382253253481002,0.06092117777809238,0.04969112372839746,0.014124515850741766,0.7000000000000001
47.95871180799986,9.213773527715146,4.906825665940419,-0.3275319819421513,-0.8037890966095815,-0.9324558043287476,-0.7356516230911837,10.411035658130709,0.053190632386195695,0.03877339099699206,0.027811084633080456,0.7000000000000001
47.9608947809993,9.213773527715146,4.906825665940419,-0.3275319819421513,-0.8037890966095815,-0.9134924392979128,-0.7593890877589686,10.411035658130709,0.053190632386195695,0.03877339099699206,0.027811084633080456,0.7000000000000001
47.96740250400035,9.201498813136102,4.87971384253486,-0.36824143737132686,-0.8133547021667533,-0.9390209211434606,-0.7108819738995888,10.440737076626837,0.04504541655705102,0.026498676417947564,0.04060112041840903,0.7000000000000001
48.067174420999436,9.187922655108457,4.852245375244544,-0.40728474082936506,-0.8240540187094978,-0.9240157241817327,-0.6588590402372643,10.47136425886726,0.03708384464329816,0.012922518390302784,0.018231484630497032,0.75
48.08068075899973,9.173083824570702,4.824487949028132,-0.44516491613267284,-0.8327227864923488,-0.8598153338666754,-0.6389536211206333,10.502838987979928,0.029116612866680047,0.0019163121474523592,0.035968963301957035,0.75
48.119547297999816,9.173083824570702,4.824487949028132,-0.44516491613267284,-0.8327227864923488,-0.8334226427370801,-0.5563672744935894,10.502838987979928,0.029116612866680047,0.0019163121474523592,0.035968963301957035,0.75
48.19234317600058,9.157093785264596,4.796473330351917,-0.4797011791831429,-0.8404385602864377,-0.7780772160305636,-0.48263815783814645,10.535080936590996,0.023188216066008217,0.01790635145355779,0.020328855743809795,0.75
48.20487933599907,9.157093785264596,4.796473330351917,-0.4797011791831429,-0.8404385602864377,-0.7580221866956538,-0.46376438294132294,10.535080936590996,0.023188216066008217,0.01790635145355779,0.020328855743809795,0.75
48.30752490899977,9.140078093378738,4.7682323167446885,-0.5104707565757527,-0.8472304082168538,-0.7456365006858736,-0.4436858382790493,10.568004230413123,0.017482439325649028,0.019908088622637394,0.018432788445080516,0.7762087348130012
48.31861487800052,9.122222658899444,4.739734259823322,-0.5356630343788361,-0.8549417076409849,-0.7344865515079859,-0.47248364007397436,10.601549037018097,0.017159969388452146,0.012382618124240831,0.036944612162853364,0.7905694150420949
48.34653747700031,9.122222658899444,4.739734259823322,-0.5356630343788361,-0.8549417076409849,-0.7468207909211249,-0.4567155154708148,10.601549037018097,0.017159969388452146,0.012382618124240831,0.036944612162853364,0.7905694150420949
48.425819443000364,9.103717647820767,4.710937967082302,-0.5551503323603056,-0.8638887822306053,-0.7498069303495427,-0.45961498300342496,10.635662800252472,0.017213089311771745,0.005105583073695563,0.02087302026032863,0.7905694150420949
48.42802267299885,9.084513768862482,4.681968072572993,-0.5761163687485313,-0.8690968352792403,-0.7276738415415392,-0.4729639612486873,10.670259018447698,0.019612991239603587,0.0018000327476058184,0.04164575115828788,0.7615773105863909
48.54606236700056,9.043927673103314,4.623996423571913,-0.6177132765379437,-0.8691111137915405,-0.6848427691299762,-0.39037669184042956,10.740507956111218,0.025425905838993002,0.014093475339642062,0.04532772648896351,0.73824115301167
48.56213334200038,9.022899487225265,4.595019436655018,-0.6308455763414252,-0.8693096075068569,-0.6200063374689159,-0.31970725749490625,10.775973511770683,0.029031364506946062,0.019714126456512576,0.06675683956953603,0.7632168761236874
48.568732821000594,9.022899487225265,4.595019436655018,-0.6308455763414252,-0.8693096075068569,-0.6200063374689159,-0.31970725749490625,10.775973511770683,0.029031364506946062,0.019714126456512576,0.06675683956953603,0.7632168761236874
48.66663623900058,9.001564474061215,4.56625283615431,-0.6400503949214796,-0.8629980150212443,-0.5911523418407575,-0.2851730529842834,10.811400454903628,0.032939411422830744,0.02496905225724348,0.048319183872766985,0.7632168761236874
48.67162512899995,8.980059074632358,4.537803637389382,-0.6451619828657252,-0.853475962947812,-0.542818325630528,-0.2292940572601567,10.846630553143136,0.037021400163043866,0.029879059854977796,0.07062490234556225,0.75
48.71235596000042,8.958491701074292,4.509683096455648,-0.6470212067419471,-0.8436162280120514,-0.5210741146769607,-0.19849689662483555,10.881603094136931,0.041216499401853166,0.03451284894456327,0.09210025769428974,0.75
48.79985135000061,8.936951415104778,4.481896292502953,-0.6462085790854575,-0.8336041185808247,-0.4139112613190038,-0.0865494673677159,10.91627178198477,0.04568332030872696,0.03892980416927347,0.09434054731247574,0.7433034373659253
48.93420194099963,8.915459916846704,4.454493058867089,-0.6447449477422398,-0.8220970090759123,-0.37488106832540014,-0.04839089116776407,10.950582634054973,0.05019824040010627,0.043110032343489195,0.023344728596167458,0.7433034373659253
48.93617264000022,8.894052423486524,4.427611302408482,-0.6422248008053774,-0.8064526937582258,-0.40406093219731065,-0.06990343310245956,10.984397720708346,0.054939284628441123,0.04698092090238685,0.04618989172555795,0.7433034373659253
48.938109307999184,8.894052423486524,4.427611302408482,-0.6422248008053774,-0.8064526937582258,-0.43771826183138196,-0.06782976003376917,10.984397720708346,0.054939284628441123,0.04698092090238685,0.04618989172555795,0.7433034373659253
48.939650440999685,8.872811533044915,4.401308235195657,-0.6372267132482631,-0.7890920163847429,-0.4647791907650332,-0.04609108017750492,11.017627749100612,0.05967266136360904,0.050560420424878086,0.06813983744957414,0.7433034373659253
49.04175140799998,8.851840556888884,4.375743189836055,-0.6291292846809357,-0.7669513607880452,-0.4996023711916953,-0.0292313563842233,11.05008362187075,0.06471221398573976,0.053808917911963954,0.02661681239111147,0.7810249675906654
49.06911427600062,8.831007606478595,4.351319792078598,-0.6249885123086888,-0.7327019327237064,-0.49201046629150735,-0.01859970313916029,11.081473125866653,0.06943215087502631,0.05634774757863982,0.05208636096669442,0.75
49.148550089999844,8.81045821139031,4.327990042017252,-0.6164818526485555,-0.6998925018404154,-0.4542290532781297,0.00845900654515358,11.111769928880015,0.07424150908657828,0.05831375543419774,0.0575239875322006,0.7905694150420949
49.172175216999676,8.790342030519822,4.305769276315851,-0.6034854261146272,-0.6666229710420282,-0.3716284937673058,0.037695903144232254,11.140889696142892,0.07936547251526636,0.05980192163971783,0.08356898537680811,0.7632168761236874
49.196746243000234,8.790342030519822,4.305769276315851,-0.6034854261146272,-0.6666229710420282,-0.364968079479337,0.058891368277385045,11.140889696142892,0.07936547251526636,0.05980192163971783,0.08356898537680811,0.7632168761236874
49.282824792999236,8.770932260538734,4.284810818656468,-0.582293099432623,-0.6287537297814714,-0.3565132273186739,0.06701835709264656,11.168567573208746,0.08417184249703388,0.060897009198979224,0.021856503139897624,0.8062257748298549
49.30894525700023,8.752103313828991,4.265183619704414,-0.5648684012922774,-0.5888159685616253,-0.5237403331354678,0.07501798237239417,11.194802910283379,0.09051338617642941,0.06146145877261541,0.042355668490643726,0.8062257748298549
49.38876197799982,8.733981427533804,4.246827693494607,-0.5436565888556407,-0.5506777862942065,-0.5581020106546402,0.07686642355983472,11.21958821979385,0.09617888408916768,0.06162694998331146,0.033601176144680736,0.8
49.51071413699901,8.716397433296143,4.229797373636404,-0.527519827129848,-0.5109095957461024,-0.7614141473169095,0.09598599144079686,11.242956749969965,0.10213983288136214,0.061294534585410516,0.01415068181512016,0.8
49.51282744299897,8.6992547380076,4.214002691973888,-0.514280858656283,-0.47384044987549395,-0.7955782614780471,0.098506092108472,11.265034050513691,0.1100313678400852,0.06564271020399666,0.02714744128756875,0.8
49.52627704400038,8.6992547380076,4.214002691973888,-0.514280858656283,-0.47384044987549395,-0.865762463934072,0.07520363386892198,11.265034050513691,0.1100313678400852,0.06564271020399666,0.02714744128756875,0.8
49.63089437599956,8.68249370383167,4.19946383077609,-0.5028310252779158,-0.4361658359339345,-0.9643961307641256,0.11540935532807156,11.28583142294507,0.11694322443791674,0.07590702302458623,0.015676023885804552,0.75
49.6332797340001,8.666032471539056,4.186109713195394,-0.49383696877840694,-0.4006235274208671,-0.9985527574116243,0.12145642320709021,11.305451062172029,0.12306789973014232,0.08889035050706973,0.03014923034498712,0.75
49.65619699299896,8.649882881359094,4.173844239016207,-0.4844877053988867,-0.36796422537561735,-1.0966610382795658,0.14402270281184298,11.323972129876264,0.13006530912883407,0.10115582468625739,0.04351465556864297,0.75
49.74728426599904,8.649882881359094,4.173844239016207,-0.4844877053988867,-0.36796422537561735,-1.1875712911909901,0.1897115612750972,11.323972129876264,0.13006530912883407,0.10115582468625739,0.0,0.75
49.76803259799999,8.634137985782152,4.162649401278908,-0.47234686730827063,-0.33584513211896083,-1.1903195274602298,0.22493615255992372,11.341366076464158,0.1363353835812656,0.11235066242355618,0.014130533855636208,0.75
49.801412111999525,8.618444116536866,4.152510385923575,-0.4708160773586012,-0.30417046065998743,-1.1738776782962006,0.2500880016621723,11.357816890832835,0.14160745369592848,0.12248967777888886,0.02721653022508233,0.75
49.86577462099922,8.60265750796443,4.143363300895037,-0.47359825717308524,-0.27441255085614236,-1.1570057669225018,0.2660864367033468,11.373451052020386,0.14644340181068546,0.1316367628074273,0.02767499627400023,0.7000000000000001
49.98381767799947,8.569744042479778,4.127678549175136,-0.5029988695066613,-0.22378496123265104,-1.1279813234499452,0.3041402673886387,11.4031103684157,0.1540380883118193,0.1473215145273281,0.016051111040757342,0.7000000000000001
49.98594223500004,8.552052521906333,4.120940817614033,-0.5307456172033406,-0.2021319468330821,-1.094609498481987,0.300094776190449,11.4175892107418,0.15648834510228876,0.1540592460884307,0.02371471473111353,0.7000000000000001
50.038178503999006,8.53328519807454,4.114859104865346,-0.5630197149538118,-0.1824513824606259,-0.9627554963634483,0.27008081618652185,11.43203185709638,0.1580661871337477,0.15445610244581776,0.031750258941150376,0.7000000000000001
50.11253418100023,8.513307274918821,4.109315736749284,-0.5993376946715651,-0.16630104348184296,-0.9049653831244695,0.2566405364909575,11.44661118639226,0.15873115748649866,0.14553699172800483,0.0230064019270579,0.7000000000000001
50.22883834700042,8.491908979004236,4.104415663090669,-0.6419488774375247,-0.1470022097584688,-0.7141862518778519,0.22974568468755496,11.461343339069835,0.15747031039925619,0.13790356109547816,0.014579681481795417,0.7000000000000001
50.271214778000285,8.469014398496894,4.099973697138815,-0.6868374152202652,-0.13325897855560034,-0.6814771315171189,0.23222811121086623,11.476433457405259,0.15535230897297775,0.13254753250636928,0.029476612761485187,0.65
50.34614286899887,8.444506550608182,4.095866033832864,-0.7352354366613725,-0.12322989917855943,-0.6743611383687294,0.23633152672820046,11.49205388819304,0.1541199544625356,0.13059899730392147,0.02797566916466179,0.65
50.365550540000186,8.418472349314593,4.0921332492230365,-0.7810260388076913,-0.11198353829480902,-0.8096595874045045,0.21712656097879324,11.508134225269094,0.1531619767752294,0.1328668137343696,0.042205814469184734,0.65
50.46530421599891,8.391051738957632,4.088822839793272,-0.8226183107088197,-0.09931228289293212,-0.877163261411865,0.21559880286398225,11.524571939135246,0.15194173412650627,0.13617722316413428,0.026246749954731644,0.65
50.467317893000654,8.362384290850303,4.085980571168225,-0.8600234432198819,-0.08526805875140415,-0.9106376689223769,0.21791036836638544,11.541265924797923,0.1515596500877719,0.13901949178918116,0.03938987893877024,0.65
50.51832682500026,8.332955633344223,4.083673043398932,-0.8828597251823822,-0.06922583307880827,-1.0248521138347337,0.23592990987464213,11.557923967067328,0.15080329124808156,0.14132701955847438,0.05222797023511706,0.65
50.58801777699955,8.303148025056059,4.081829186796217,-0.8942282486449648,-0.05531569808145825,-1.0409662119158951,0.20415358623016788,11.574421767930337,0.15055860170684862,0.1431708761611894,0.03349624916915121,0.65
50.600969097000416,8.273247537185036,4.080383283696681,-0.8970146361307176,-0.04337709298609184,-1.0095396132775718,0.20273357392647667,11.59067570957557,0.1501813089865457,0.14461677926072536,0.04834549927416681,0.65
50.62610128099914,8.243457697966376,4.0792662792384435,-0.8936951765598141,-0.033510133747116866,-0.8692445240172624,0.2094316061044082,11.6066443056517,0.14999836222973117,0.1457337837189625,0.06208770358793324,0.651920240520265
50.642355941999995,8.213915780124816,4.0783898323385435,-0.8862575352467943,-0.026293406996992518,-0.8448205562012965,0.2085176469261372,11.62233443831484,0.14985537479914868,0.14661023061886258,0.07154899853697372,0.651920240520265
50.70924901000035,8.184755308289407,4.077729059228763,-0.8748141550622535,-0.019823193293412148,-0.745592332387386,0.22590741349789883,11.637698852137303,0.1497237059340034,0.1472710037286431,0.028092024023830056,0.6576473218982953
50.82316482999886,8.155864216560127,4.077260903844288,-0.8667327518783781,-0.014044661534254746,-0.6606108122911243,0.24361600873543607,11.652812930858305,0.14963671751641533,0.14773915911311786,0.014397954698306615,0.6576473218982953
50.83562995200009,8.127095223979,4.076945560085077,-0.8630697774338164,-0.009460312776326548,-0.6385058472799915,0.24873421343677107,11.66778521266623,0.1494658417695555,0.1480545028723288,0.028603086289049357,0.6670832032063168
50.85429726499933,8.098371817974254,4.076689186499611,-0.8617021801423719,-0.007691207563979691,-0.6242882221026258,0.26480724608665174,11.68273514633108,0.14941860684203956,0.14831087645779473,0.042014296726470786,0.6800735254367722
50.86993649000033,8.098371817974254,4.076689186499611,-0.8617021801423719,-0.007691207563979691,-0.6361864892594047,0.246737092355859,11.68273514633108,0.14941860684203956,0.14831087645779473,0.042014296726470786,0.6800735254367722
50.96587571499913,8.069459638211768,4.07645176658488,-0.8673653928745744,-0.007122597441959082,-0.6450562279411426,0.2707429872661517,11.697817584607664,0.14937844327938965,0.14854829637252642,0.013381617000387567,0.6800735254367722
50.96789674499996,8.040316877492636,4.076138289524522,-0.8742828215739673,-0.009404311810721863,-0.6665012924018329,0.2505139025567829,11.713136349242118,0.14950067364884237,0.1488617734328841,0.026935977474682734,0.696419413859206
50.99034722000033,8.010801578066301,4.075835127120518,-0.8854589827900182,-0.009094872120121927,-0.7132200062442943,0.28333125741274195,11.728692118917213,0.14964727044972956,0.14916493583688784,0.04021362648211843,0.696419413859206
51.0679677320004,8.010801578066301,4.075835127120518,-0.8854589827900182,-0.009094872120121927,-0.7249577333993749,0.28672025434960524,11.728692118917213,0.14964727044972956,0.14916493583688784,0.014356849482662474,0.696419413859206
51.06961773200055,7.98110851573948,4.075585470026368,-0.8907918698046264,-0.007489712824508306,-0.7150011767499566,0.28813127705009656,11.744348413807485,0.14977559178871505,0.14941459293103776,0.028751547622771073,0.7158910531638177
51.103743401999964,7.951627836344479,4.075483777123042,-0.8844203818500198,-0.00305078709979163,-0.6983106167486406,0.29357866625300166,11.759821672352748,0.14979362215397032,0.14951628583436438,0.04223399328852106,0.7158910531638177
51.18537002899939,7.951627836344479,4.075483777123042,-0.8844203818500198,-0.00305078709979163,-0.703759376368211,0.2947307655334761,11.759821672352748,0.14979362215397032,0.14951628583436438,0.014943153623927197,0.7158910531638177
51.219307093999305,7.89442222068115,4.076106200954409,-0.8477299822630557,0.014709633899420078,-0.6613249001281262,0.29396550190212367,11.789302034884022,0.14905531378855383,0.14889386200299715,0.04232880289533695,0.7632168761236874
51.240207715,7.89442222068115,4.076106200954409,-0.8477299822630557,0.014709633899420078,-0.6794525001045445,0.29203501660142633,11.789302034884022,0.14905531378855383,0.14889386200299715,0.04232880289533695,0.7632168761236874
51.30877179199888,7.866840333320151,4.076941672779659,-0.8274566208299821,0.025064154757523032,-0.6488380407889255,0.2907953522048162,11.803134230414626,0.14818115208575228,0.1480583901777468,0.0471991242731562,0.7632168761236874
51.33912473899909,7.839871436234024,4.078082294713684,-0.8090669125838162,0.03421865802075095,-0.6191170131341939,0.2834802356514082,11.816431107843435,0.14701395156793465,0.14691776824372216,0.059903752300071084,0.7905694150420949
51.426699547999306,7.813418165456052,4.079506145893696,-0.7935981233391556,0.04271553540034568,-0.6333663897763728,0.2795685520922167,11.829260680304587,0.14556839459685972,0.1454939170637104,0.011162779683682874,0.7905694150420949
51.43933513800039,7.787333951772413,4.081177749198495,-0.7825264105091647,0.05014809914396138,-0.6682141495673807,0.27785159036571017,11.841729262637305,0.14388081618566834,0.1438223137589114,0.021933537501338123,0.8200609733428363
51.44513196600019,7.761541822855073,4.08300740874723,-0.7737638675202023,0.054889786462052656,-0.7597423547164068,0.2727666375853116,11.853952616601276,0.14203851403232726,0.14199265421017593,0.032039844935785405,0.8200609733428363
51.46981826999945,7.761541822855073,4.08300740874723,-0.7737638675202023,0.054889786462052656,-0.7845227234332862,0.2742959703759469,11.853952616601276,0.14203851403232726,0.14199265421017593,0.032039844935785405,0.8200609733428363
51.54736577999938,7.735982102863734,4.085037732480621,-0.7667915997401572,0.060909712001723224,-0.7751788086406372,0.2802204838507197,11.865925712514283,0.13999849433056388,0.1399623304767852,0.011691932282808723,0.8514693182963202
51.66311435100033,7.685445353490331,4.089808473299634,-0.7554173575132468,0.07462972729569159,-0.7703816189695223,0.28796738925271376,11.889089355971826,0.13521437953198479,0.13519158965777223,0.018246617587563522,0.8845903006477066
51.71806261599886,7.685445353490331,4.089808473299634,-0.7554173575132468,0.07462972729569159,-0.8367728600322721,0.2954267030699813,11.889089355971826,0.13521437953198479,0.13519158965777223,0.018246617587563522,0.8845903006477066
51.78648720899946,7.660369552671316,4.092435876841106,-0.7522740245704371,0.07882210624417899,-0.8367728600322721,0.2954267030699813,11.900427722451813,0.13258249991358603,0.1325641861162996,0.008214284478246951,0.8845903006477066
51.788465450999865,7.660369552671316,4.092435876841106,-0.7522740245704371,0.07882210624417899,-0.8505722859488287,0.2689911223615543,11.900427722451813,0.13258249991358603,0.1325641861162996,0.008214284478246951,0.8845903006477066
51.807629421000456,7.660369552671316,4.092435876841106,-0.7522740245704371,0.07882210624417899,-0.8564342851363843,0.2991607548037738,11.900427722451813,0.13258249991358603,0.1325641861162996,0.008214284478246951,0.8845903006477066
51.8382566679993,7.635387945036691,4.095217070320125,-0.7494482290387458,0.08343580437055459,-0.8608926325595465,0.3002324816879497,11.911628372778877,0.12979781427229836,0.12978299263728132,0.01624938186354648,0.9
51.91696744199908,7.6106068444109045,4.098083407033535,-0.7434330187736001,0.08599010140229303,-0.8608926325595465,0.3002324816879497,11.922690932019687,0.12692889542051294,0.12691665592387125,0.01878599310973477,0.9
52.02214580100008,7.586062435506096,4.10101458428974,-0.7363322671442573,0.08793531768615827,-0.846099928754828,0.2853282050305358,11.933611856337176,0.12399578969322464,0.12398547866766574,0.00824631926056093,0.8500000000000001
52.048527916998864,7.561645840714148,4.104018777026781,-0.7324978437584575,0.09012578211122191,-0.8606895175934379,0.27856012442417344,11.944442880364232,0.12099025671041438,0.1209812859306254,0.016370553348579515,0.8500000000000001
52.079373753000255,7.537335016073514,4.10703732748959,-0.7293247392190105,0.09055651388427936,-0.8704678768006587,0.27322154353488265,11.955244651007405,0.11797084813447782,0.11796273546781588,0.023672599092583766,0.8500000000000001
52.14442861099997,7.5128850381360035,4.110154748197841,-0.7334993381253107,0.0935226212475377,-0.8577617387356323,0.2670219838871211,11.966080882050173,0.11485299118102199,0.11484531475956494,0.03183867141358731,0.8500000000000001
52.26262774499992,7.488158537109932,4.113438518084179,-0.741795030782151,0.09851309659011567,-0.8589490560095474,0.2558705407578671,11.976971978028377,0.11156921940552988,0.11156154487322745,0.011483034511198646,0.8500000000000001
52.280231636999815,7.437569680236265,4.120343662298948,-0.7649698848269418,0.1050903894957623,-0.7925246385770068,0.22982019351168453,11.999229907970088,0.10466538964581987,0.10465640065845783,0.03286182760653717,0.8500000000000001
52.415461208000124,7.385576912114234,4.127564407751235,-0.7845384507032873,0.10916524004207998,-0.8960873411273831,0.1958112386154625,12.022185701638591,0.09744817738647236,0.09743565520617103,0.017203187091979016,0.8500000000000001
52.50271708999935,7.385576912114234,4.127564407751235,-0.7845384507032873,0.10916524004207998,-0.9273204908797268,0.17979827457583475,12.022185701638591,0.09744817738647236,0.09743565520617103,0.017203187091979016,0.8500000000000001
52.50472537699898,7.359116009649093,4.131175647741817,-0.7938270739542425,0.10833719971748176,-0.9429079731294252,0.1718053081604115,12.033992518592692,0.09383998440495325,0.09382441521558871,0.024852357679567512,0.8500000000000001
52.51779978900049,7.359116009649093,4.131175647741817,-0.7938270739542425,0.10833719971748176,-0.9596036992366463,0.13366931572268037,12.033992518592692,0.09383998440495325,0.09382441521558871,0.024852357679567512,0.8500000000000001
52.54768297699957,7.3323408746489775,4.134730705216493,-0.8032540500034597,0.10665172424027794,-0.9858968998540804,0.14765890825079986,12.046069987946357,0.09028866602786854,0.0902693577409126,0.03177097490990096,0.8500000000000001
52.62948894600049,7.30526202760791,4.138151758144118,-0.812365411232048,0.10263158782873047,-0.995828238763937,0.1417976107086707,12.058477702729897,0.0868732320762196,0.0868483048132882,0.019366123253038048,0.8500000000000001
52.633636856999146,7.277931727718053,4.141470523674794,-0.8199089966957146,0.09956296592028238,-0.9603835637077842,0.12979356132364595,12.071160873856083,0.08356082954868878,0.08352953928261186,0.026818916730488952,0.8500000000000001
52.74557416099924,7.25036963745619,4.144619388712604,-0.8268627078558636,0.0944659511342831,-0.9442640010633768,0.11970655053414436,12.084164812641337,0.08042198402400841,0.08038067424480211,0.007100710979803503,0.8500000000000001
52.76050808099899,7.222752837422871,4.147598181474486,-0.8285040009995672,0.08936378285644649,-0.9635801669702304,0.1234456087392739,12.097389408156006,0.07745417942436174,0.07740188148292049,0.014379741063301503,0.8500000000000001
52.86318642399965,7.195036810984086,4.1504410255109105,-0.8314807931635525,0.08528532109274878,-1.0064521558373785,0.11309626138411183,12.11083153332178,0.07462830758956075,0.0745590374464955,0.006700617129554762,0.8
52.865264456999284,7.167168187713492,4.153070877422349,-0.8360586981178194,0.07889555734313045,-1.0162245741054723,0.07974679166898108,12.124584772561706,0.07201842209047704,0.07192918553505745,0.013559074459245948,0.8
52.883990123998956,7.167168187713492,4.153070877422349,-0.8360586981178194,0.07889555734313045,-1.0206051356865775,0.1181014346024698,12.124584772561706,0.07201842209047704,0.07192918553505745,0.013559074459245948,0.8
52.91825115499887,7.139077598934629,4.155384507390885,-0.8427176633658915,0.06940889905607524,-1.018616253051712,0.12238356970874836,12.138773330509755,0.06973247509442203,0.06961555556652144,0.01972156134439973,0.8
52.990758242000084,7.139077598934629,4.155384507390885,-0.8427176633658915,0.06940889905607524,-0.9848184702925904,0.1221047248094359,12.138773330509755,0.06973247509442203,0.06961555556652144,0.012042086391426295,0.8
53.01613588299915,7.110648402806765,4.157378538205838,-0.85287588383592,0.05982092444859566,-0.8792212029185866,0.11916387095994585,12.153466883227908,0.06777499681226663,0.06762152475156835,0.024530259822351096,0.8
53.12937824399887,7.0818518560356685,4.159045874813967,-0.8638964031329056,0.050020098243884696,-0.8140046040266177,0.11553216334038391,12.168688190995905,0.06615327115604251,0.06595418814343912,0.012872416185044868,0.8
53.131504242999654,7.052678554827309,4.1603050082981206,-0.8751990362507885,0.037774004524617245,-0.7831791317379971,0.08611536440244272,12.184509677441039,0.0649616552543135,0.06469505465928549,0.02573917469147035,0.8
53.15357862900055,7.023200572869149,4.161196009974305,-0.8843394587448076,0.026730050285549548,-0.7051118088194097,0.12237241005987717,12.200857137266635,0.06414810524407362,0.06380405298310077,0.03442992844071681,0.8
53.22400120800012,6.99341335747532,4.1618176737651,-0.8936164618148599,0.01864991372384675,-0.7036767037784385,0.1325502502651852,12.217652870220121,0.06364816492761101,0.06318238919230623,0.027443974776634232,0.7905694150420949
53.22578709299887,6.99341335747532,4.1618176737651,-0.8936164618148599,0.01864991372384675,-0.685367968926645,0.10816546749248179,12.217652870220121,0.06364816492761101,0.06318238919230623,0.027443974776634232,0.7905694150420949
53.245170508998854,6.96326389096059,4.16215810042447,-0.9044839954418937,0.010212799781124762,-0.6697097308197468,0.15099598931516967,12.234937838461867,0.06345916854393394,0.06284196253293572,0.036863105192287596,0.7905694150420949
53.3461358479999,6.932750373760865,4.162302914124643,-0.9154055159917437,0.004344411005186453,-0.6788562269103762,0.16994353332841228,12.252644227897934,0.06351459560718939,0.062697148832763,0.014033731693283483,0.7762087348130012
53.348026833000404,6.901888989363981,4.162173605723512,-0.9258415319065114,-0.0038792520339105043,-0.6774350065277114,0.1472057921761425,12.270827012235888,0.06393615587589793,0.06282645723389368,0.027521946156670286,0.7762087348130012
53.39163632999953,6.8707438055545875,4.161746817816208,-0.9343555142818275,-0.012803637219151471,-0.6648887704501785,0.2095455963980266,12.289467907037865,0.06471267091357445,0.06325324514119846,0.03733819929363834,0.7648529270389178
53.46429813400027,6.8707438055545875,4.161746817816208,-0.9343555142818275,-0.012803637219151471,-0.6651418642079187,0.23091050823982778,12.289467907037865,0.06471267091357445,0.06325324514119846,0.016011377240593705,0.7648529270389178
53.50128181499895,6.808854115531808,4.159909729453421,-0.9240643732706817,-0.031924167170693844,-0.6007561269209156,0.25362946747119214,12.327457276146294,0.0677471038240333,0.06509033350398497,0.04145422528079942,0.7566372975210779
53.58663254199928,6.778449038240994,4.158553616136322,-0.9121523187244401,-0.040683399512984865,-0.6015905127133018,0.2884032986949518,12.346556794866755,0.06992878411196256,0.06644644682108414,0.016337849113140242,0.7516648189186454
53.603392361999795,6.778449038240994,4.158553616136322,-0.9121523187244401,-0.040683399512984865,-0.583747587365373,0.3385960853746288,12.346556794866755,0.06992878411196256,0.06644644682108414,0.016337849113140242,0.7516648189186454
53.63811661199907,6.748587149415335,4.157044447462836,-0.8958566647697738,-0.045275060204590295,-0.5853857027917998,0.3536867364481203,12.36550185069215,0.07264147515547145,0.06795561549457041,0.03194785361453306,0.75
53.70561322699905,6.7193552427083265,4.155534578402769,-0.8769572012102395,-0.04529607180202018,-0.5963586572096992,0.3855254373035346,12.384115210812602,0.07546120780040078,0.06946548455463741,0.029565374708067332,0.75
53.72605072499937,6.7193552427083265,4.155534578402769,-0.8769572012102395,-0.04529607180202018,-0.6247001653132457,0.4456513658546639,12.384115210812602,0.07546120780040078,0.06946548455463741,0.029565374708067332,0.75
53.75624035600049,6.6907425069557425,4.154120373856395,-0.8583820725775259,-0.04242613639120099,-0.6334460425187292,0.45865644191284183,12.40232309432273,0.07887279463087667,0.07087968910101061,0.04059674472125685,0.75
53.82026942899938,6.6907425069557425,4.154120373856395,-0.8583820725775259,-0.04242613639120099,-0.6555588335195212,0.44897660337064993,12.40232309432273,0.07887279463087667,0.07087968910101061,0.015676098443281414,0.75
53.8346707669989,6.6627190582322235,4.152784967211916,-0.8407034617055701,-0.040062199334376436,-0.6558473474467981,0.5021671529092075,12.420154375663268,0.08236925981629323,0.07221509574548968,0.03098647687567979,0.75
53.87027908299933,6.6352676625901115,4.151587695441545,-0.823541869263372,-0.035918153111121655,-0.6729363815300988,0.5424535153441687,12.437569547570897,0.0866303689146013,0.07341236751586067,0.04276765392673658,0.75
53.9438974629993,6.608465018719927,4.15073083038606,-0.8040793161055368,-0.025705951664568984,-0.6769797883631826,0.5717912775579637,12.45435881068044,0.09071376624653384,0.07426923257134632,0.03175073969497937,0.75
53.94654109700059,6.582304212779324,4.150238258021961,-0.7848241782180808,-0.014777170922964414,-0.702767799483556,0.5617926209513456,12.470505549949664,0.09585426171932314,0.07476180493544504,0.04398686243613882,0.75
54.065716941000574,6.556747766182617,4.150253612668222,-0.7666933979012136,0.0004606393878457942,-0.6886525050221034,0.6657702083560726,12.485916363455777,0.10038860739575883,0.07694270236154704,0.014320657169917948,0.75
54.08037525299915,6.531743593617857,4.150863651490902,-0.7501251769427865,0.018301164680404006,-0.6930706155124218,0.6988212032169624,12.500552752337365,0.1062888037618097,0.08583316768209111,0.027839221838470322,0.75
54.118723558000056,6.507215875748497,4.152012698616179,-0.7358315360807914,0.03447141375829943,-0.7024252317715715,0.8023285980125576,12.514504469054275,0.11202914187964805,0.09960851437678,0.04041769258658138,0.75
54.18476359200031,6.48306578735236,4.153758827898264,-0.7245026518841171,0.05238387846254486,-0.7024252317715715,0.8023285980125576,12.52778512959948,0.11646633429170825,0.11538253487549896,0.028558729806990157,0.75
54.186708303999694,6.48306578735236,4.153758827898264,-0.7245026518841171,0.05238387846254486,-0.7153751862999822,0.8089658576965354,12.52778512959948,0.11646633429170825,0.11538253487549896,0.028558729806990157,0.75
54.24287189700044,6.459208350156564,4.156171293200021,-0.7157231158738833,0.07237395905273591,-0.6456874217060952,0.9484332054711541,12.540391795573873,0.11964141795249436,0.1188287705024429,0.0417862870996398,0.75
54.312009751000005,6.459208350156564,4.156171293200021,-0.7157231158738833,0.07237395905273591,-0.6456874217060952,0.9484332054711541,12.540391795573873,0.11964141795249436,0.1188287705024429,0.012894223943132693,0.75
54.36141822399986,6.411854934702909,4.163260924676743,-0.7102270919452189,0.1177154947947811,-0.6394651116382403,0.9378909004180205,12.563692052741029,0.12376582387914808,0.11173913902572075,0.03668142604753844,0.75
54.42127250200065,6.411854934702909,4.163260924676743,-0.7102270919452189,0.1177154947947811,-0.6394651116382403,0.9378909004180205,12.563692052741029,0.12376582387914808,0.11173913902572075,0.027085210570307057,0.75
54.42416400399998,6.38803654197286,4.168089466846673,-0.714551781901476,0.14485626509788202,-0.6221187893083946,0.9327940955457457,12.574467273666427,0.12490203308152589,0.10691059685579152,0.03951733398872751,0.75
54.444541790000585,6.364031238865218,4.173998036892796,-0.7201590932292457,0.17725710138369682,-0.5792032404897562,0.9276600768451971,12.584543203663028,0.1260640580701064,0.10100202680966852,0.04915958015114904,0.75
54.54028737099907,6.339765378660154,4.1809617478130985,-0.7279758061519277,0.20891132760908365,-0.54386845663629,0.9249379953732224,12.593989091093757,0.12628860470687062,0.09403831588936562,0.013396887350800128,0.75
54.545971030000146,6.3152661789567714,4.189190213909354,-0.7349759911014762,0.24685398288767696,-0.49978382963844736,0.9269469446329937,12.60262795136651,0.12745729820564508,0.08636017269811823,0.026122095583470048,0.75
54.57653306300017,6.29053129027479,4.198713485574345,-0.7420466604594509,0.285698149949727,-0.46103717019022394,0.923566343011236,12.61044313927645,0.1283039999129855,0.08371224790894341,0.03815553653191795,0.75
54.66165257399916,6.29053129027479,4.198713485574345,-0.7420466604594509,0.285698149949727,-0.4372627246851318,0.9213963709063528,12.61044313927645,0.1283039999129855,0.08371224790894341,0.0,0.75
54.6636885099997,6.265793883150572,4.209632215662188,-0.7421222137265454,0.3275619026352812,-0.40665514588542784,0.9368737312844182,12.617216824274212,0.1283788192355948,0.08819484673238183,0.01578555283594692,0.8
54.724557138999444,6.2164091227353,4.235485663469592,-0.7412376437793297,0.40688689298008657,-0.3103601824324261,0.9596799931451881,12.62773329682351,0.1330161842445527,0.10472631269275308,0.04524839244672786,0.8
54.78358799899979,6.2164091227353,4.235485663469592,-0.7412376437793297,0.40688689298008657,-0.3103601824324261,0.9596799931451881,12.62773329682351,0.1330161842445527,0.10472631269275308,0.0225112535277654,0.8
54.78864484599944,6.19168897904705,4.250341350733387,-0.7416043106474923,0.4456706179138428,-0.25822237026953265,0.9191565101837148,12.631593672660568,0.13475061503810706,0.1117015367232044,0.032381088149733867,0.8321658488546619
54.83815321899965,6.166989047123255,4.266405180710399,-0.7409979577138415,0.48191489931037246,-0.20730765327983283,0.8877492210140924,12.634565677078959,0.13748034467772524,0.11780818297279276,0.040879688459524166,0.8321658488546619
54.8970519960003,6.1422642914742145,4.283519956623341,-0.7417426694712126,0.5134432773882419,-0.20730765327983283,0.8877492210140924,12.6368048987376,0.13940133673769467,0.1231892512488805,0.02629667968457617,0.8500000000000001
54.924303304000205,6.117556721124235,4.301596451286634,-0.7412271104993634,0.5422948398987887,-0.12846724168954765,0.9366588746640366,12.63835878600966,0.14201740465208024,0.12787812983349733,0.037584881813888145,0.8200609733428363
54.96311725399937,6.092796558787825,4.320475425576183,-0.7428048700923193,0.566369228686495,-0.08738841407332171,0.9665753447089854,12.63939903044126,0.1443724742001609,0.13203675778286617,0.04738604816441554,0.8514693182963202
55.0236541689992,6.068235248658272,4.340205607929733,-0.736839303886563,0.5919054706065098,-0.0650731017143637,0.992190256214055,12.63973225967946,0.1466111630171732,0.1354528809940562,0.03187548982899374,0.8514693182963202
55.04471216799902,6.043853596296066,4.360656386052897,-0.7314495708661773,0.6135233436949001,0.0027719909589828395,1.0579768981809727,12.639474233861314,0.14882772852593285,0.13823242882447465,0.044505280542936655,0.848528137423857
55.13929130999895,6.019863379923608,4.381876564444898,-0.7197064911737422,0.6366053517600265,0.04585184383122343,1.1103085921216953,12.638454450912297,0.1505203220446628,0.14019114146460002,0.015796376814551705,0.848528137423857
55.154522646998885,5.996356302121088,4.403833269888634,-0.7052123340756198,0.6587011633120712,0.11348689891882208,1.0376365270938117,12.636640789398546,0.15218689977411,0.14128742027286081,0.03089656923264964,0.8514693182963202
55.1915409989997,5.97326721759321,4.426415632985395,-0.6926725358363345,0.6774708929028462,0.15976726028994376,0.9975888542841296,12.634160843617378,0.15318506996366818,0.1416457264329757,0.04506626169188111,0.8514693182963202
55.30060396299996,5.950479496336458,4.4494966103629,-0.6836316377025565,0.6924293213251432,0.26698542573311795,0.8899241293814357,12.631187597095913,0.1548571467433143,0.14143836304136734,0.051829174899777564,0.8514693182963202
55.402485517999594,5.950479496336458,4.4494966103629,-0.6836316377025565,0.6924293213251432,0.29160555079500944,0.9290145492270094,12.631187597095913,0.1548571467433143,0.14143836304136734,0.02035021684388757,0.8514693182963202
55.40442940799949,5.9283406808966985,4.47293643264418,-0.6641644631927862,0.7031946684384006,0.2956543577337711,0.9649613112605993,12.627603452650767,0.15581510986154223,0.1405184122813578,0.03996774180524063,0.8500000000000001
55.418639129999065,5.9283406808966985,4.47293643264418,-0.6641644631927862,0.7031946684384006,0.3009303855322811,0.9971052735410132,12.627603452650767,0.15581510986154223,0.1405184122813578,0.03996774180524063,0.8500000000000001
55.49849865499891,5.906974997317526,4.4966753991101625,-0.6409705073751756,0.7121689939794824,0.31274996051375475,1.0982348938003843,12.623371264628007,0.15748046240598215,0.1388402478584202,0.019915303406454605,0.8500000000000001
55.50059206500009,5.886477166705363,4.520774166075207,-0.6149349183649079,0.7229630089513319,0.2741633043748717,1.1411341575706304,12.618380439279221,0.15860087168422232,0.13629400134467687,0.03894288256960067,0.8
55.539424222999514,5.886477166705363,4.520774166075207,-0.6149349183649079,0.7229630089513319,0.30711398213754315,1.203712819025692,12.618380439279221,0.15860087168422232,0.13629400134467687,0.03894288256960067,0.8
55.62218845799907,5.848493062292834,4.570806387071501,-0.5559361381738318,0.7594646350745667,0.30578813155178125,1.2042723689294297,12.605272613303798,0.16169435032626311,0.12777469640776995,0.03368961486470453,0.75
55.64417599599983,5.831411817547984,4.596834343088988,-0.5124373423455135,0.7808386805246041,0.30569861555360556,1.2025699982033797,12.596813407909082,0.16223503195317032,0.12193705438133608,0.049372636574135674,0.75
55.71213836499919,5.816041549334631,4.623501164115159,-0.4611080464005788,0.8000046307851236,0.30220845706381316,1.2023989141595024,12.586818414471423,0.16502714999319645,0.12051597605202223,0.0633696868716908,0.75
55.75834298600057,5.790227626875906,4.677929142582881,-0.36392356931112013,0.8208664141819773,0.22676620432964878,1.2183457435370002,12.562950932616324,0.16870690534784866,0.13477246141347443,0.03742366946018359,0.7000000000000001
55.861457125000015,5.779467055889324,4.7055639953271875,-0.3228171295974647,0.8290455823291748,0.20588083720923472,1.2204359658154613,12.549370355516803,0.17116438167416698,0.14553303240005633,0.01755429878719548,0.7000000000000001
55.863483735000045,5.779467055889324,4.7055639953271875,-0.3228171295974647,0.8290455823291748,0.22886020380218242,1.194118620332856,12.549370355516803,0.17116438167416698,0.14553303240005633,0.01755429878719548,0.7000000000000001
55.87759546899906,5.769874253396184,4.733474979612402,-0.2877840747942087,0.8373295285564446,0.2546089727878703,1.1720761302306166,12.534862819822907,0.172582218879943,0.1551258348931963,0.03405227742198343,0.7000000000000001
55.89751902900025,5.76142839208811,4.7620347236286245,-0.25337583924220086,0.8567923204866759,0.31508496747137826,1.1519609759339156,12.51916019399831,0.17412830772128024,0.1635716962012701,0.04710922150629467,0.7000000000000001
55.979492225000286,5.754100940149727,4.791452544339067,-0.21982355815149424,0.8825346213132759,0.3240492741958108,1.16193659157484,12.502123293724999,0.17440758103667275,0.1708991481396529,0.037957827243556605,0.7000000000000001
55.98163778900016,5.747688373712164,4.821789636443967,-0.19237699312692072,0.9101127631470078,0.2771491277956021,1.1396381387499501,12.483841438156027,0.1736241988989035,0.16389224134505223,0.05231202711620444,0.65
56.01459342899943,5.741983196781856,4.853063383118922,-0.17115530790922975,0.9382124002486464,0.2960198482142664,1.028720050379317,12.464440688594612,0.17083326778481286,0.15122295009361034,0.06485685670390047,0.65
56.096512526999504,5.736783255804899,4.885249139826403,-0.15599822930869603,0.9655727012244318,0.29110507422459664,0.9928382183558457,12.44407600930882,0.166992057596879,0.14381943295368635,0.03511328975154723,0.65
56.09872098499909,5.736783255804899,4.885249139826403,-0.15599822930869603,0.9655727012244318,0.2871686518659399,0.958250095478741,12.44407600930882,0.166992057596879,0.14381943295368635,0.03511328975154723,0.65
56.10022980999929,5.7318982089370065,4.918296676336789,-0.14655140603676947,0.9914260953115945,0.27956871531351135,0.9317834913922722,12.422914453112835,0.16559631046086004,0.1432587979600973,0.05221396298253126,0.65
56.15255303499907,5.727417001103035,4.952154662393929,-0.13443623501915522,1.0157395817142034,0.2739648124906417,0.8848413593883673,12.40093627087002,0.1641042728077393,0.14758308644128704,0.06825430859734477,0.65
56.217743637998865,5.727417001103035,4.952154662393929,-0.13443623501915522,1.0157395817142034,0.2671750404911233,0.856227551851718,12.40093627087002,0.1641042728077393,0.14758308644128704,0.01988419443061277,0.65
56.27839934700023,5.7233323853246105,4.986764583824776,-0.1225384733527333,1.0382976429254112,0.2538912154471037,0.7309559135131776,12.378191308805253,0.16422693320094317,0.1516677022197115,0.03977221532722296,0.65
56.33898900599888,5.720012363515367,5.021962769867084,-0.09960065427732423,1.0559455812692418,0.2538912154471037,0.7309559135131776,12.354551903622996,0.1640882216845969,0.15498772402895522,0.038154875233369204,0.65
56.360131923000154,5.717449153386876,5.057661790011835,-0.07689630385473553,1.0709706043425378,0.25504274768298135,0.7240824541716193,12.33008673934885,0.1641487825456861,0.15755093415744614,0.055686601200816935,0.65
56.39025093999953,5.715670705922135,5.093641666583311,-0.05335342394221185,1.0793962971442803,0.2550359765546386,0.7359344648459566,12.304936738619848,0.16414403356346685,0.1593293816221868,0.07212390063108043,0.65
56.45862123000006,5.714670888364353,5.129625742993224,-0.02999452673348314,1.0795222922973824,0.24383843106167402,0.7407523288964543,12.2793061131814,0.1637449648258273,0.16032919917996935,0.06012752414281635,0.65
56.472316542000044,5.714670888364353,5.129625742993224,-0.02999452673348314,1.0795222922973824,0.2134196468748102,0.715075259457913,12.2793061131814,0.1637449648258273,0.16032919917996935,0.06012752414281635,0.65
56.48667191599998,5.71427071815247,5.165286092129715,-0.012005106356494462,1.0698104740947043,0.23294730441384964,0.6818422275237467,12.253553288900564,0.16317614029147395,0.16072936939185212,0.07540264108501708,0.65
56.577820170999985,5.714317043972815,5.2004954403309736,0.001389774610364174,1.0562804460377588,0.23019351483219247,0.7177367792393963,12.227872261623222,0.16247120595333128,0.16068304357150698,0.04150978383389011,0.65
56.582940222000616,5.7147811365699175,5.235214281965208,0.013922777913083752,1.0415652490270362,0.21198258146806453,0.6331524036435305,12.202308028168167,0.16149900813458584,0.16021895097440453,0.0586363018612256,0.65
56.62982378400011,5.715567036450095,5.269479933826372,0.02357699640531299,1.0279695558349438,0.21061760525995044,0.6148700993941654,12.176896187426307,0.16035205307139222,0.15943305109422745,0.07301745349242302,0.65
56.74661306800044,5.717598719562229,5.336203732502777,0.03184855000554086,0.9905750632706143,0.21016426728046886,0.5679820646540329,12.12719160582874,0.15789583862655268,0.15740136798209292,0.03490250391273548,0.65
56.939188791999186,5.722965623660876,5.461931643732058,0.042980650371045294,0.916439784991135,0.2148370138777563,0.5982621912279626,12.032910282634246,0.15218571487609758,0.15203446388344588,0.0636788510434231,0.65
56.95000225500007,5.722965623660876,5.461931643732058,0.042980650371045294,0.916439784991135,0.21569093280760265,0.6155214533918202,12.032910282634246,0.15218571487609758,0.15203446388344588,0.0636788510434231,0.65
57.055200585999046,5.725763073916822,5.521080015852423,0.04283073904976495,0.8754350260339764,0.20479722062708436,0.7043780038506694,11.988565893741491,0.14932216666374312,0.1492370136275003,0.026909308336307485,0.65
57.08761100499942,5.727223270629508,5.5494851613961265,0.04380590138058139,0.852154366311104,0.2101840650234167,0.7398533317079864,11.967234190282777,0.14784307245585085,0.14777681691481437,0.0388780929994876,0.65
57.12118759999976,5.728677793827655,5.5771721153179685,0.043635695944437176,0.8306086176552504,0.21368879126757795,0.7804315143344495,11.946448452635108,0.14637202643631644,0.1463222937166666,0.05000566956442242,0.65
57.175978301000214,5.728677793827655,5.5771721153179685,0.043635695944437176,0.8306086176552504,0.21368879126757795,0.7804315143344495,11.946448452635108,0.14637202643631644,0.1463222937166666,0.015155467620888811,0.65
57.17803084799925,5.730086798267889,5.604203087211258,0.04227013320702294,0.8109291567986712,0.20570214525350589,0.7459867455042575,11.926190179092407,0.14495263342713388,0.14491328927643288,0.029960788457610743,0.65
57.27320015300029,5.731542730082479,5.630573736067872,0.04367795443770719,0.7911194656984218,0.21853461943771477,0.661670804807157,11.906395689654309,0.14348737217121624,0.14345735746184296,0.042246936634041596,0.65
57.3026414649994,5.733006827193779,5.6563457056379915,0.04392291333900611,0.7731590871036085,0.21853461943771477,0.661670804807157,11.887046420220791,0.1420170644806179,0.14199326035054316,0.020553224895854077,0.65
57.31642208099947,5.734424525557766,5.681620767494794,0.04253095091961396,0.7582518557040502,0.19912973767601033,0.7017926806898113,11.868106922372428,0.14059386192500933,0.14057556198655607,0.030273741734090764,0.65
57.35180260500056,5.735932797517743,5.706434976662019,0.0452481587993325,0.7444262750167456,0.21945699633318105,0.8318841324663977,11.84945374136049,0.13908179976487148,0.13906729002657858,0.039181285562999456,0.65
57.418515048999325,5.737478640480832,5.7309089269889615,0.046375288892674345,0.7342185098082947,0.21149365337309733,0.8369422469734663,11.831037523259207,0.1375325344717117,0.1375214470634898,0.021739269280196885,0.65
57.43355035099921,5.738994892063947,5.755177458564916,0.045487547493455564,0.7280559472786281,0.21738378087348814,0.8225331091226291,11.812809558397861,0.13601386968052748,0.13600519548037493,0.03170590560694298,0.65
57.51366840300034,5.740528866868369,5.779399870610962,0.04601924413265868,0.7266723613813789,0.22018548623083112,0.8416678447665753,11.79462352679601,0.13447762103098268,0.13447122067595263,0.041071023908243354,0.65
57.558249212999726,5.742108400492578,5.803701303876443,0.04738600872626006,0.7290429979644519,0.22018548623083112,0.8416678447665753,11.776371429452205,0.13289641343433656,0.13289168705174426,0.01671899434580169,0.65
57.55998954499955,5.742108400492578,5.803701303876443,0.04738600872626006,0.7290429979644519,0.1951554424287389,0.8821893346855967,11.776371429452205,0.13289641343433656,0.13289168705174426,0.01671899434580169,0.65
57.58617554400007,5.7437446778956565,5.827961118376689,0.04908832209234993,0.7277944350073781,0.21255152555031342,0.9717002363853898,11.758130389959323,0.13125850882236748,0.13125540964866556,0.024895164823374987,0.65
57.65502393699899,5.745394963923451,5.852111666893726,0.0495085808338585,0.7245164555111161,0.20526510588182473,0.9655274394482868,11.739978162851337,0.12960691626886342,0.12960512362087062,0.008990626563342114,0.65
57.66723442699913,5.7470553664205655,5.876231247101217,0.04981207491341759,0.7235874062247192,0.20994634452208905,0.9400218474530457,11.721862332957073,0.12794521188288935,0.12794472112375654,0.017958702952580407,0.65
57.801979218998895,5.748698843430811,5.900491458035779,0.04930431030734281,0.7278063280368726,0.20405637218712386,0.9232468539410215,11.703681956438242,0.1263004804515514,0.1263012441135114,0.008455802504714735,0.65
57.80429273700065,5.7503127934376,5.924987845389964,0.04841850020367555,0.7348916206255508,0.1724796255584553,0.9222610816235293,11.68537976171308,0.1246852638116505,0.12468729410672186,0.017035440782279358,0.7000000000000001
57.90023920299973,5.751877805733841,5.949879284991745,0.046950368887213476,0.7467431880534199,0.18814338313626555,0.825660423966454,11.666859553436215,0.12311872916022892,0.12312228181048113,0.010855565680693947,0.7000000000000001
57.92746397799965,5.753313871032624,5.975081052746983,0.04308195896350115,0.7560530326571305,0.19167662444713535,0.8130160507794115,11.648239233245832,0.12168112036837413,0.12168621651169786,0.021975810484755828,0.7000000000000001
57.931891399999586,5.753313871032624,5.975081052746983,0.04308195896350115,0.7560530326571305,0.19167662444713535,0.8130160507794115,11.648239233245832,0.12168112036837413,0.12168621651169786,0.021975810484755828,0.7000000000000001
58.017771146000086,5.75603385988539,6.026670554259881,0.040070331931820566,0.7813783722534146,0.19483614519488043,0.7850945052602676,11.610358275558664,0.11895669358831107,0.11896622765893206,0.022161407328383696,0.7000000000000001
58.06317140799911,5.757333691928362,6.053179318700853,0.038994961289147416,0.7952629332291785,0.19623618586950636,0.7737160193964281,11.591005314674707,0.11765348261662936,0.11766639561596026,0.030797129689044103,0.7000000000000001
58.134258621999834,5.758628333542651,6.080106316429267,0.03883924842868222,0.8078099318523878,0.1971596383803438,0.7850098071651164,11.571394728975205,0.1163550397183282,0.11637175400167088,0.022613972553982543,0.7000000000000001
58.157596115999695,5.759915613129557,6.10745169902276,0.03861838760717566,0.8203614778047988,0.18057878617695858,0.7714526064619813,11.551529592377552,0.11506230558196144,0.11508447441476477,0.030787088688865958,0.7000000000000001
58.1853703529996,5.761185832164643,6.135162478235214,0.038106571052577455,0.8313233763736257,0.18085698347893303,0.7802432514293138,11.531455175900561,0.1137853602545601,0.11381425537967882,0.038179585960676755,0.7000000000000001
58.26103224600047,5.762437322298156,6.163202862804903,0.03754470400538398,0.8412115370906528,0.17647282507996537,0.789853605835589,11.511198903745647,0.11252497861648712,0.1125627652461656,0.030868655464429774,0.7000000000000001
58.263186005000534,5.762437322298156,6.163202862804903,0.03754470400538398,0.8412115370906528,0.1401549423660575,0.7835152942186925,11.511198903745647,0.11252497861648712,0.1125627652461656,0.030868655464429774,0.7000000000000001
58.265619570000126,5.763562369328795,6.191536688242869,0.0337514109191694,0.8500147631389812,0.16716587105878777,0.7807854032254733,11.490865255648918,0.11138779401895944,0.11143771821552662,0.037817079042756066,0.7000000000000001
58.30581933800022,5.764490417865213,6.21999754980271,0.027841456092517064,0.8538258467952347,0.14542283706001016,0.7899713540446631,11.47062154414381,0.11044530918212025,0.11050966967910902,0.04240226891300679,0.7000000000000001
58.37845813199965,5.765237862213727,6.248467629148795,0.022423330455423215,0.8541023803825494,0.1145886700098012,0.8149852944504692,11.450537998888958,0.10967621799680574,0.10976222533059499,0.003379999684835237,0.7000000000000001
58.415241941000204,5.765829319984969,6.2768488576462556,0.017743733137257495,0.8514368549238247,0.03842145186545737,0.859074394368436,11.430664666577044,0.10906070998243053,0.10917076755935273,0.00442858069096877,0.7000000000000001
58.49834095699953,5.765829319984969,6.2768488576462556,0.017743733137257495,0.8514368549238247,0.014172534940373238,0.8730165375527228,11.430664666577044,0.10906070998243053,0.10917076755935273,0.0019237993890261764,0.7000000000000001
58.501112656998885,5.76634927721427,6.305086961043365,0.015598716879022197,0.8471431019132805,0.008001418727848042,0.8766783135050925,11.410977331249207,0.10850389150281989,0.10865081033005186,0.0033286318287244184,0.7000000000000001
58.51705288300036,5.76679930286357,6.33316667461163,0.013500769478972394,0.8423914070479429,-0.004511730068368663,0.8735791576479263,11.39148514299687,0.10801061043832298,0.10820078468075245,0.004305210736670615,0.7000000000000001
58.612040383999556,5.76751182369534,6.388835547779617,0.00972870050897455,0.8327503070380913,-0.011889353815803597,0.8575114179175047,11.353079600594908,0.10716348161657151,0.1074882638489818,0.0029698051097964326,0.7000000000000001
58.62630964199889,5.76751182369534,6.388835547779617,0.00972870050897455,0.8327503070380913,-0.06611677399518044,0.8460621359180011,11.353079600594908,0.10716348161657151,0.1074882638489818,0.0029698051097964326,0.7000000000000001
58.63535232100003,5.76751182369534,6.388835547779617,0.00972870050897455,0.8327503070380913,-0.025527442080240666,0.8166784874515336,11.353079600594908,0.10716348161657151,0.1074882638489818,0.0029698051097964326,0.7000000000000001
58.67570647499997,5.767718507821923,6.416449369862499,0.00620052379746992,0.8284146624864576,-0.03340914343692016,0.7979782778633259,11.334190096816785,0.10686386876755379,0.10728157972239938,0.0037481675779800776,0.7000000000000001
58.73775835199922,5.767749793122743,6.443923482737907,0.0009385590245938359,0.8242233862622385,-0.06113244306964779,0.7899493846279045,11.315560134088729,0.10670058646789855,0.10725029442157918,0.0028389006497960543,0.7000000000000001
58.75585862799926,5.767659934333113,6.4712434306261555,-0.0026957636888925492,0.819598436647448,-0.05413292528971659,0.7558126429630856,11.297159721128239,0.10664280499749956,0.10734015321120882,0.0038802734188959236,0.7000000000000001
58.85598079400006,5.767659934333113,6.4712434306261555,-0.0026957636888925492,0.819598436647448,-0.06523199393245346,0.7270564954000409,11.297159721128239,0.10664280499749956,0.10734015321120882,0.0,0.7000000000000001
58.85797902299964,5.767393452651393,6.498454849122084,-0.007994450451602044,0.8163425548778718,-0.06948780115015643,0.7204077115883225,11.27899909361431,0.10668297099476746,0.10760663489292899,0.0015857639478066435,0.7000000000000001
58.91220787199927,5.767393452651393,6.498454849122084,-0.007994450451602044,0.8163425548778718,-0.07460896714512484,0.6911398947335187,11.27899909361431,0.10668297099476746,0.10760663489292899,0.0015857639478066435,0.7000000000000001
58.975551000999985,5.766869098090242,6.525624101252263,-0.01573063683451376,0.8150775639053534,-0.07464792593418582,0.6851311563816704,11.261094124635221,0.10696187359392959,0.10813098945407962,0.0022344971511858323,0.7000000000000001
58.990843956999015,5.765886519648802,6.552836738099706,-0.02947735324319349,0.816379105423293,-0.08037510775620348,0.6754179508205557,11.243536845901696,0.10756515380262678,0.10911356789551974,0.00453314233699905,0.7000000000000001
59.00531689299896,5.765886519648802,6.552836738099706,-0.02947735324319349,0.816379105423293,-0.08037510775620348,0.6754179508205557,11.243536845901696,0.10756515380262678,0.10911356789551974,0.00453314233699905,0.7000000000000001
59.09292371899937,5.764359634343356,6.580120379710157,-0.045806559163376545,0.8185092483135215,-0.0982727273496027,0.6517014699088426,11.226374740280807,0.10865176214566444,0.11064045320096572,0.002802191286820731,0.7000000000000001
59.09465544699924,5.7623272683835145,6.607480722172673,-0.06097097879524927,0.8208102738754696,-0.10342927883454428,0.6421930420562709,11.209577677511104,0.1100714495671829,0.11267281916080751,0.006112899166279342,0.7000000000000001
59.118955238000126,5.759831143865415,6.634829994959315,-0.07488373554297911,0.8204781835992775,-0.12991958483823218,0.6176280614695282,11.193175588410844,0.11177746031499355,0.11516894367890718,0.009333611749743209,0.7000000000000001
59.158787410000514,5.756923122741969,6.662074649919181,-0.08724063370337568,0.8173396487959859,-0.15016853367222727,0.5987828132843315,11.177193981192797,0.11370505351604651,0.11807696480235297,0.012870540718253729,0.7000000000000001
59.22552135099977,5.753629257340951,6.68910908258524,-0.09881596203053516,0.811032979981777,-0.15016853367222727,0.5987828132843315,11.161684853270833,0.11560068502999611,0.1213708302033707,0.011147306422650228,0.7000000000000001
59.2441051349997,5.74993362045223,6.715818356749635,-0.1108691066616172,0.8012782249318346,-0.18352805853644522,0.5562777780723064,11.146737059936852,0.11775111176955178,0.12506646709209157,0.016056088627878287,0.65
59.282770523999716,5.745866884292476,6.7421106865803795,-0.12200208479263241,0.7887698949223463,-0.20192784070444408,0.5418788986153457,11.132388569552166,0.11938500453642553,0.12913320325184596,0.020800653261844698,0.65
59.34330540699921,5.741413863304559,6.767980446764906,-0.1335906296375054,0.7760928055357934,-0.287285942522466,0.565283909299965,11.11865427709572,0.12101000575466836,0.13358622423976296,0.0023826417168912586,0.651920240520265
59.37247442700027,5.736558919606287,6.793409940353452,-0.14564831094818254,0.7628848076563737,-0.31204770315636604,0.5713643437115893,11.10555739280757,0.12206715732692497,0.1384411679380353,0.0015767642204788622,0.651920240520265
59.400268909999795,5.736558919606287,6.793409940353452,-0.14564831094818254,0.7628848076563737,-0.3555763480182597,0.5800640060153248,11.10555739280757,0.12206715732692497,0.1384411679380353,0.0015767642204788622,0.651920240520265
59.45219753499987,5.7313217330368245,6.818394417416597,-0.15711559708387468,0.7495343118943549,-0.34927302568696605,0.5831187178071616,11.093085945590234,0.12207758833380059,0.14367835450749755,0.0009965049484844753,0.6576473218982953
59.47942361099922,5.72570865780313,6.842889367761205,-0.16839225701082813,0.7348485103382543,-0.37806544592434743,0.5927345400159749,11.081263926671308,0.12127392671817012,0.1492914297411918,0.0026561303524671688,0.6576473218982953
59.508343747000254,5.719747689915061,6.866889834310527,-0.17882903664207234,0.7200139964796458,-0.3896964033490534,0.596977215303399,11.070072784299311,0.11822981884931089,0.1508701883407525,0.005279405675095499,0.6670832032063168
59.57548746300017,5.719747689915061,6.866889834310527,-0.17882903664207234,0.7200139964796458,-0.40346423268450854,0.6009979805213191,11.070072784299311,0.11822981884931089,0.1508701883407525,0.0031894493989994654,0.6670832032063168
59.589649823999935,5.713443732707159,6.890375552443277,-0.18911871623707274,0.7045715439824844,-0.40419914867107865,0.5973236885993587,11.059521268991547,0.11229003845824564,0.1387208486780668,0.006702817601057866,0.6670832032063168
59.69425225899977,5.699799159929923,6.935636409263613,-0.20952150623091437,0.6699377021070483,-0.3975088045403056,0.5778998975953755,11.040447446266986,0.09806092943863969,0.11636475983527028,0.01022006683017297,0.632455532033676
59.75187145000018,5.684793556994163,6.978526432582686,-0.23095041254775833,0.6348914973929277,-0.3934844005485718,0.5604900819647163,11.02411380791356,0.08348409809940607,0.09664749709277369,0.018960760926467278,0.65
59.81402777400035,5.684793556994163,6.978526432582686,-0.23095041254775833,0.6348914973929277,-0.4147709168398478,0.5640758717781306,11.02411380791356,0.08348409809940607,0.09664749709277369,0.0,0.65
59.81590561499979,5.6765151388087665,6.9991750974153675,-0.24835254556187747,0.6194599449804629,-0.44683498119339427,0.5715989963473762,11.017114481745388,0.0763487223658879,0.08790041180352798,0.001474533757707051,0.65
59.880487718999575,5.657982297611867,7.039062802392109,-0.28780015879961757,0.5913803496865937,-0.5602691032604743,0.6198786495956489,11.005657499486224,0.06416643383274812,0.07280024281348672,0.006401400232432972,0.670820393249937
59.930775519000235,5.657982297611867,7.039062802392109,-0.28780015879961757,0.5913803496865937,-0.5602691032604743,0.6198786495956489,11.005657499486224,0.06416643383274812,0.07280024281348672,0.0058000027139721785,0.670820393249937
59.959986272000606,5.6477491482112265,7.058435299590501,-0.3069944820192246,0.5811749159517653,-0.5919967179570761,0.6154442074186378,11.001098940179437,0.05863701996873526,0.06633774801007415,0.009149356773351939,0.651920240520265
59.96677095300038,5.6477491482112265,7.058435299590501,-0.3069944820192246,0.5811749159517653,-0.5919967179570761,0.6154442074186378,11.001098940179437,0.05863701996873526,0.06633774801007415,0.009149356773351939,0.651920240520265
60.0556820719994,5.636861237212139,7.077479528458717,-0.3266373299726033,0.571326866046484,-0.6039825989214359,0.6038880479825368,10.997295644449085,0.0538122519963852,0.06057036033530013,0.0011036564799530538,0.651920240520265
60.07008836800014,5.62531940356356,7.096179920554341,-0.34625500945738796,0.5610117628687242,-0.6269138091882595,0.5837030385856916,10.994257906601176,0.049519928070093824,0.055508495113874644,0.0029460382003053415,0.651920240520265
60.177720227000464,5.613152680356546,7.114545698674543,-0.36500169621042355,0.5509733436060521,-0.6726538198688987,0.5096465218000402,10.991958388878917,0.045630234225358994,0.051125101347812056,0.0030843690232695703,0.6800735254367722
60.179688731999704,5.600367045905922,7.132561574454803,-0.38356903351871946,0.5404762734077962,-0.6921666437523176,0.49495157970138776,10.99040302118561,0.042429756454285,0.047426762236384055,0.0068779734204744165,0.6800735254367722
60.205830966000576,5.587065675177279,7.150242722017719,-0.39904112185928875,0.5304344268874857,-0.6829757986659106,0.48710752164258364,10.98950303888272,0.039729613508158325,0.04432979233678552,0.010158359034172906,0.6726812023536856
60.292485108999244,5.573160236440184,7.167670957704338,-0.4171631621128493,0.5228470705985759,-0.7051251786170092,0.4749301157676166,10.989275786150818,0.03739773656906138,0.04183879872503354,0.0018977199842812997,0.6726812023536856
60.309229022999716,5.55849867199128,7.184932112509744,-0.43984693346714926,0.5178346441621616,-0.7205261220285482,0.47924211966492336,10.989786568672464,0.03572163849485045,0.040000610755644816,0.003131731427002325,0.6726812023536856
60.3413647870002,5.5430707162748725,7.202090123953407,-0.46283867149220653,0.5147403433098963,-0.7256367263010474,0.4625018504430978,10.991005387348954,0.034576088412944295,0.038777276619071516,0.0037385697138969222,0.6726812023536856
60.4402661919994,5.526854782426824,7.219102470107229,-0.4864780154414675,0.510370384614672,-0.7278101634567444,0.44523495159753335,10.99297820149218,0.033856409442709574,0.03821412807703848,0.0014233260364972505,0.6726812023536856
60.44339148600011,5.509883121597711,7.235954966740755,-0.5091498248733812,0.5055748990057621,-0.7405833140697639,0.40990051849556486,10.995691074381035,0.03378131919656262,0.038298389887813075,0.0012730815882176446,0.6726812023536856
60.45538620200023,5.492112145689796,7.252451233705738,-0.5331292772374419,0.4948880089495003,-0.7241910511079406,0.3759103491773992,10.99930258785343,0.034369041985814204,0.039199745225399055,0.0005452211218507157,0.6800735254367722
60.53309524100041,5.492112145689796,7.252451233705738,-0.5331292772374419,0.4948880089495003,-0.7162066317780301,0.3337696519520075,10.99930258785343,0.034369041985814204,0.039199745225399055,0.0005462905351831575,0.6800735254367722
60.534921178999866,5.473555473144586,7.268545728644768,-0.5567001763563105,0.4828348481709141,-0.6975675216203704,0.31441008850880164,11.003831725200607,0.03556645604681928,0.040940767707214554,0.00192818110465597,0.6800735254367722
60.6802921540002,5.413717975655978,7.314121362894023,-0.6182275400274954,0.44201517445576755,-0.6536056074628018,0.25975154274522577,11.022687706905849,0.043115904208613845,0.05102542791611571,0.008775069670536786,0.6946221994724903
60.770610092000425,5.392524456068909,7.328454863409696,-0.6358055876120959,0.4300050154701961,-0.6446044783482503,0.23711981231705886,11.030591728689709,0.04684502387625916,0.05587619392056925,0.005152530846966704,0.670820393249937
60.79128633899927,5.370784224768902,7.342331369547352,-0.6522069390001983,0.41629518412967914,-0.637384061930773,0.2278302372140017,11.03926145036647,0.05047573334034713,0.06143668730825494,0.011015500692028784,0.670820393249937
60.81850966899947,5.370784224768902,7.342331369547352,-0.6522069390001983,0.41629518412967914,-0.6329471090726262,0.2173616030228542,11.03926145036647,0.05047573334034713,0.06143668730825494,0.011015500692028784,0.670820393249937
60.89197181899908,5.34862671568183,7.355649787051758,-0.664725272612169,0.3995525251321507,-0.630119990481884,0.21267676489395754,11.048655762416205,0.054801702867048566,0.06768686890588758,0.002573689263914315,0.696419413859206
61.011823147999166,5.303215116327092,7.3804818674512935,-0.6862648932183923,0.3631828477785412,-0.69763467580858,0.15109178654363087,11.069568565362745,0.0633789257277851,0.08223878631266804,0.003937488981096325,0.696419413859206
61.05463395699917,5.280033146391706,7.391949413720883,-0.6954590980615727,0.34402638808767705,-0.7357048301480017,0.1582084347875059,11.08105400974242,0.06770937266977439,0.09052213472444473,0.006492968502231075,0.6800735254367722
61.12957899399953,5.2566911116584585,7.402642377366868,-0.7002610419974329,0.32078890937955107,-0.7453952211197341,0.16611966770582987,11.09318309684207,0.07099716984224229,0.099466378665959,0.00040764336861846026,0.7280109889280518
61.145364599999084,5.233260273984331,7.412530312241736,-0.7029251302238347,0.29663804624603596,-0.7566869283031397,0.19651408587754476,11.105913928785423,0.07338166576440328,0.10904265707226568,0.0015800211912629395,0.7158910531638177
61.157321486,5.209836550671806,7.4217119597468,-0.7027116993757452,0.2754494251519289,-0.7597988680074071,0.250134351276527,11.11910685731367,0.07344359903860583,0.10328815238443756,0.002920475834021941,0.7158910531638177
61.179517127999134,5.186467073166179,7.430181160146202,-0.7010843251687964,0.2540760119820589,-0.7551160455765478,0.2700592245869514,11.132724401251444,0.07206187118168873,0.09481895198503576,0.004729327274308415,0.7071067811865476
61.25179303999903,5.186467073166179,7.430181160146202,-0.7010843251687964,0.2540760119820589,-0.7239616538441074,0.2938399748756665,11.132724401251444,0.07206187118168873,0.09481895198503576,0.005381172419394726,0.7071067811865476
61.318431657000474,5.163249667258097,7.4379752580611465,-0.6965221772424737,0.23382293744833155,-0.6821510181380561,0.310057075983613,11.146662288414767,0.07027201654168916,0.08702485407009153,0.011250667432023072,0.7071067811865476
61.38247872399916,5.14016570476471,7.445075062352016,-0.6925188748015965,0.21299412872608037,-0.6821510181380561,0.310057075983613,11.160943352772806,0.06753072821890396,0.07992504977922188,0.006087570592979836,0.70178344238091
61.38432132199887,5.14016570476471,7.445075062352016,-0.6925188748015965,0.21299412872608037,-0.7099722263234047,0.31527905514062615,11.160943352772806,0.06753072821890396,0.07992504977922188,0.006087570592979836,0.70178344238091
61.3959446709996,5.117191701700611,7.451473559675106,-0.689220091922962,0.1919549196926994,-0.7066556800346779,0.3882113730020097,11.175587177043342,0.06521357401250033,0.07352655245613171,0.009291916447271212,0.7516648189186454
61.52324846800002,5.071386081094461,7.462101486590129,-0.6869247350975262,0.1485642867960951,-0.7293737751824794,0.4660240678164339,11.20613965516153,0.060962556620681035,0.06289862554110925,0.007428001998899543,0.75
61.53313253699889,5.071386081094461,7.462101486590129,-0.6869247350975262,0.1485642867960951,-0.7293737751824794,0.4660240678164339,11.20613965516153,0.060962556620681035,0.06289862554110925,0.007428001998899543,0.75
61.60833776399886,5.048324910559755,7.466432947807321,-0.6918351160411956,0.12994383651576372,-0.7240219283180853,0.5073842275899839,11.222167070612045,0.059627616536295856,0.058567164323917176,0.007284646280650853,0.75
61.62546433100033,5.025013714919261,7.470469487941078,-0.6993358692148146,0.1210962040127318,-0.6975656039308336,0.5401943373725921,11.238596481977797,0.05857993987348178,0.05453062419015975,0.01494808228079784,0.75
61.63117216899991,5.025013714919261,7.470469487941078,-0.6993358692148146,0.1210962040127318,-0.6975656039308336,0.5401943373725921,11.238596481977797,0.05857993987348178,0.05453062419015975,0.01494808228079784,0.75
61.72975862599924,4.977866430829921,7.478484741211165,-0.7084005250983667,0.12028268501335213,-0.6823067458550061,0.5818629171141481,11.271991180627891,0.057415837164100675,0.04651537092007274,0.01611746238505805,0.75
61.76680018600018,4.954183306966672,7.482483940198802,-0.7104937158974634,0.11997596962908039,-0.7217236747605402,0.711814989783062,11.288821098072813,0.05753039070241414,0.042516171932436286,0.02313123168795918,0.75
61.849650235999434,4.930462770366308,7.486718313390995,-0.7116160980109149,0.12703119576579416,-0.740992754788973,0.7777058548291731,11.305569763266085,0.058105826622931976,0.03828179874024329,0.007887266972415187,0.75
61.851396579999346,4.906608371787057,7.4913073770006,-0.7156319573775093,0.13767190828813933,-0.7433639306257447,0.7935541094643533,11.322246588684708,0.05876151389267072,0.03838561043372269,0.015530365988780707,0.75
61.88043223199929,4.906608371787057,7.4913073770006,-0.7156319573775093,0.13767190828813933,-0.74549662704392,0.8238339117084965,11.322246588684708,0.05876151389267072,0.03838561043372269,0.015530365988780707,0.75
61.91779656399922,4.882522512026255,7.496272071243183,-0.7225757928240616,0.14894082727750907,-0.7444733001620637,0.8292993083517558,11.338920310080038,0.06102883012016287,0.050349964209460314,0.020586359044989337,0.75
61.97415994499897,4.85815673147751,7.501566112796658,-0.7309734164623545,0.1588212466042308,-0.7444733001620637,0.8292993083517558,11.355659239503792,0.06304831852619891,0.06383572018203607,0.01531044915239005,0.7566372975210779
61.989672407999024,4.85815673147751,7.501566112796658,-0.7309734164623545,0.1588212466042308,-0.7693697665944599,0.8195599539281567,11.355659239503792,0.06304831852619891,0.06383572018203607,0.01531044915239005,0.7566372975210779
62.011189834000106,4.8334967708498935,7.507121955438066,-0.7397988188284818,0.16667527924225184,-0.7290263297687244,0.8654800534706726,11.372516124689213,0.06355889107055246,0.06787815743822989,0.021472458254287084,0.7648529270389178
62.0946364499996,4.783627735037215,7.51988824241766,-0.7503947494869575,0.20043007047339256,-0.6915535062708406,0.9029733706318811,11.405817065061193,0.06306727146049963,0.05511187045863597,0.0277162974147718,0.7762087348130012
62.11225003800064,4.783627735037215,7.51988824241766,-0.7503947494869575,0.20043007047339256,-0.6577876760370495,0.9233702965432115,11.405817065061193,0.06306727146049963,0.05511187045863597,0.0277162974147718,0.7762087348130012
62.12927320900053,4.783627735037215,7.51988824241766,-0.7503947494869575,0.20043007047339256,-0.6349508047857285,0.9348889784569856,11.405817065061193,0.06306727146049963,0.05511187045863597,0.0277162974147718,0.7762087348130012
62.21416721099922,4.758410540892689,7.527221501324329,-0.7565158243357768,0.21999776720005193,-0.6065828388340244,0.9506731468753603,11.42220253782772,0.061992938812665994,0.04777861155196739,0.017020899070238252,0.7762087348130012
62.24767170300038,4.732981500094077,7.535407141025342,-0.7628712239583713,0.2455691910304041,-0.5782162868601388,0.9533934106979738,11.438309096264224,0.06145414810648772,0.03959297185095423,0.03374965383174724,0.7905694150420949
62.32967498399921,4.707325126263461,7.544710442374512,-0.7696912149184741,0.27909904047512796,-0.5476036891553924,0.9478831532927754,11.45400202846304,0.05992750181148963,0.03028967050178366,0.03779170095476857,0.7905694150420949
62.331604197999695,4.68141287215195,7.555168082902595,-0.7773676233453516,0.31372921584247293,-0.5169215477363747,0.9351913991549234,11.469289790912157,0.06017851379480499,0.019832029973700926,0.05508666946092549,0.7615773105863909
62.45160905299963,4.6286695752791855,7.57930502388018,-0.7950726562789238,0.37872040699833764,-0.43576590766414736,0.8880311873561466,11.498937472037857,0.06228414330554256,0.029716574991218856,0.033713697488132695,0.7826237921249265
62.4669016429998,4.6286695752791855,7.57930502388018,-0.7950726562789238,0.37872040699833764,-0.48815728563296834,0.840566356966522,11.498937472037857,0.06228414330554256,0.029716574991218856,0.033713697488132695,0.7826237921249265
62.47533126000053,4.601939093707061,7.593004276579579,-0.8019144471637575,0.41097758098195963,-0.38546395327353167,0.8555444664378336,11.513216506444316,0.06532054115414937,0.03893104529431727,0.04921501610249626,0.7826237921249265
62.50745783399907,4.575332049394916,7.607780807006872,-0.7982113293643281,0.44329591281879244,-0.3503434292087976,0.8494817845343189,11.526847340845285,0.06875199769505035,0.04729648188721757,0.06225888433325526,0.7632168761236874
62.5724408699989,4.548932302323666,7.623537266446284,-0.7919924121374837,0.47269378318235933,-0.2974700435904828,0.8169304835562664,11.53982078304106,0.07279312923777609,0.05482242274580872,0.020070415216442553,0.7905694150420949
62.58652885999982,4.5228446903458295,7.640323145206556,-0.7826283593350986,0.5035763628081329,-0.24573605936978493,0.7740711006189405,11.55202704695549,0.07628497808879459,0.06139974138073749,0.03951948539837578,0.7905694150420949
62.61850629499895,4.496942731935008,7.658059731661308,-0.7770587523246433,0.5320975936425697,-0.1927942448260495,0.7339132727839255,11.563619818836116,0.08026162244028323,0.06717353126178406,0.057246313309550864,0.7810249675906654
62.69016445399939,4.471058194493149,7.676653972785193,-0.7765361232557906,0.5578272337165303,-0.1643397700166867,0.7152202374710188,11.574795656043946,0.0836721712198829,0.07232854922508337,0.01850105364652066,0.7810249675906654
62.69453131000046,4.445428562659984,7.696094450605504,-0.7688889549949568,0.5832143346093241,-0.10447338545775559,0.6886193350277998,11.585368182507938,0.08748787587442368,0.0767049419973804,0.03648780438603427,0.8139410298049854
62.81143545299892,4.445428562659984,7.696094450605504,-0.7688889549949568,0.5832143346093241,-0.0024351663626203113,0.6534091203879083,11.585368182507938,0.08748787587442368,0.0767049419973804,0.0,0.8139410298049854
62.83860525700038,4.4203975111009255,7.71631236774156,-0.7509315467717639,0.6065375140816964,0.028238165971507467,0.666006936122751,11.59509258821811,0.09032851558928874,0.08010834198664753,0.017305781254399438,0.7778174593052023
62.91935359099989,4.396012012112711,7.737141285136884,-0.7315649696464406,0.6248675218597258,0.04610222065850983,0.6675852051122598,11.604023177086914,0.09331155000979172,0.0826232249488239,0.020789513268305367,0.8139410298049854
62.9477612390001,4.3723081631476735,7.758515141781723,-0.71111546895112,0.6412156993451698,0.08996967917028481,0.6455709155454977,11.612166838268173,0.095527783709882,0.08427077831854851,0.04081986092143877,0.7810249675906654
63.06437456599997,4.349450208601553,7.78022327366946,-0.6857386363836131,0.651243956632093,0.11390071615427652,0.6326762058163843,11.619500811360593,0.09783766423800161,0.08508382571745372,0.019510132560228224,0.8200609733428363
63.06640886999958,4.327466414442748,7.802217824135942,-0.6595138247641411,0.6598365139944815,0.09992336046122888,0.6312941196621081,11.626025675847938,0.0996425018652628,0.08507621985935448,0.03811407564054921,0.7905694150420949
63.079154365999784,4.306550685503701,7.824410331304014,-0.627471868171413,0.6657752150421421,0.14355830957490723,0.7602747766481072,11.631623926410786,0.10138779292681493,0.08417340131554014,0.054655573494604544,0.7905694150420949
63.150631346999944,4.286809536357668,7.846696656941345,-0.5922344743809662,0.6685897691199445,0.15733517911602848,0.7961092093282944,11.636258409644801,0.10304060654737239,0.08237368975922577,0.033998170579024926,0.8321658488546619
63.15255065299971,4.286809536357668,7.846696656941345,-0.5922344743809662,0.6685897691199445,0.1340302845893538,0.8310962281799175,11.636258409644801,0.10304060654737239,0.08237368975922577,0.033998170579024926,0.8321658488546619
63.211321475999284,4.250842153378669,7.891161092840326,-0.5206696156667313,0.6657653248759168,0.184089692656636,0.9605476599865503,11.642834313977087,0.10667873539914711,0.07636536601940591,0.06206664821846746,0.8062257748298549
63.27136356399933,4.250842153378669,7.891161092840326,-0.5206696156667313,0.6657653248759168,0.19090368741344324,0.9936190853131863,11.642834313977087,0.10667873539914711,0.07636536601940591,0.02803474363920406,0.8062257748298549
63.3913650100003,4.206325814001387,7.957362855587828,-0.4092327016714383,0.6595628362131424,0.22978878300028582,1.1936944489860295,11.645461776443536,0.11474349207011696,0.07090293101782223,0.04911335292957671,0.8
63.43121586199959,4.1938994046367775,7.9791842865523,-0.3727922809382707,0.6546429289341575,0.2767130323799681,1.1937431340152929,11.644535800256008,0.11770476185980276,0.08110065906568664,0.06151261172205015,0.75
63.50616652700046,4.182589896292067,8.000841787971353,-0.33928525034131174,0.6497250425716161,0.2723675072333019,1.1993093109619575,11.64279837755875,0.12157714590248872,0.09241016741039676,0.013314036691201377,0.75
63.62463387800017,4.162832666547201,8.044210027709546,-0.28327939028284504,0.6510874638076163,0.2515121292399872,1.2044039551301091,11.637005061506807,0.12830243137493227,0.1121673971552628,0.03040165534905952,0.75
63.645300531999965,4.162832666547201,8.044210027709546,-0.28327939028284504,0.6510874638076163,0.2563399869362142,1.2045645699260814,11.637005061506807,0.12830243137493227,0.1121673971552628,0.03040165534905952,0.75
63.67455053099911,4.154255243480282,8.066161842310006,-0.2573226920075704,0.6585544380137853,0.26079667263136475,1.203531580885471,11.632929195823175,0.13151904100415093,0.12074482022218191,0.044416425413573955,0.75
63.741140868,4.146407513722897,8.088688296432961,-0.2354318927215565,0.6757936236886732,0.22364625540643585,1.2110215302606484,11.627977974708847,0.13389906901950033,0.12859254997956704,0.017099116113927247,0.7000000000000001
63.75627855299899,4.139268819460519,8.112073607937392,-0.2141608278713381,0.7015593451329132,0.28054858070036526,1.1019472791913625,11.622023409360839,0.1354215557459802,0.13573124424194472,0.0339485198676765,0.7000000000000001
63.76651357499941,4.139268819460519,8.112073607937392,-0.2141608278713381,0.7015593451329132,0.28054858070036526,1.1019472791913625,11.622023409360839,0.1354215557459802,0.13573124424194472,0.0339485198676765,0.7000000000000001
63.85548111999924,4.132696113007272,8.136504240595992,-0.1971811935974226,0.7329189797579821,0.2951499285133206,1.0353949349789162,11.615094853168006,0.13616111311226,0.12787314143848785,0.012211070253357893,0.7000000000000001
63.89076732799913,4.1265636860772235,8.16215110442308,-0.1839728079014564,0.7694059148126202,0.28254722359913964,1.1011605273059137,11.607216781579362,0.1350903332642869,0.11678920915191637,0.02428471467346426,0.7000000000000001
63.90632579799967,4.1265636860772235,8.16215110442308,-0.1839728079014564,0.7694059148126202,0.28254722359913964,1.1011605273059137,11.607216781579362,0.1350903332642869,0.11678920915191637,0.02428471467346426,0.7000000000000001
63.96706282999912,4.120730000896674,8.189022851711472,-0.17501055541648988,0.8061524186517764,0.2574916430449587,1.1671313169973276,11.598511997777685,0.1331993817925917,0.11030235654783091,0.014028549847359514,0.7000000000000001
64.00711013100045,4.115566547785953,8.21716071931452,-0.15490359332162354,0.8441360280914509,0.2714161388882103,1.132884462246622,11.588645708799064,0.13266753363399278,0.1097139484571495,0.027821443208768684,0.7000000000000001
64.09045932499976,4.107148810043482,8.276960820914915,-0.11564681310493508,0.9139789424641798,0.25217852044020833,1.0678238922910737,11.565675950232018,0.13171966594466758,0.1178512529139244,0.031067639418008535,0.7000000000000001
64.15121519599961,4.103965281331226,8.308471710942676,-0.09550586136766558,0.9453267008328292,0.2328470835565587,0.9809998578050397,11.552597544266085,0.13135767161303938,0.12103478162617964,0.04282802638259312,0.7000000000000001
64.21505106800032,4.101434098778567,8.34083388067667,-0.075935476579794,0.970865092019813,0.22333818904776176,0.9412303409875823,11.538601062131827,0.13142375255068256,0.12356596417883914,0.016207355505521902,0.7000000000000001
64.26937766999981,4.099418355675455,8.373895717392918,-0.0604722930933468,0.9918551014874544,0.21244688945223467,0.8495488581618414,11.523884044890949,0.13128951339759748,0.12558170728195073,0.03225040828773622,0.65
64.32718010700046,4.099418355675455,8.373895717392918,-0.0604722930933468,0.9918551014874544,0.2102315212835521,0.8425203980242588,11.523884044890949,0.13128951339759748,0.12558170728195073,0.0,0.65
64.32880474100057,4.099418355675455,8.373895717392918,-0.0604722930933468,0.9918551014874544,0.21765349680555462,0.8361869980513407,11.523884044890949,0.13128951339759748,0.12558170728195073,0.0,0.65
64.3346974269989,4.097972984778708,8.407398148625987,-0.043361126902424815,1.0050729369920708,0.22251950183364722,0.8309567259053177,11.508529890975796,0.13127258710969347,0.12702707817869818,0.014419743523448712,0.65
64.37475644900042,4.097972984778708,8.407398148625987,-0.043361126902424815,1.0050729369920708,0.225989167603512,0.8283660792108594,11.508529890975796,0.13127258710969347,0.12702707817869818,0.014419743523448712,0.65
64.44554474600045,4.096971186487314,8.441323807182116,-0.030053948741806204,1.017769756683858,0.23256314826562874,0.8321556023730292,11.492658600129428,0.1311387487479223,0.12802887647009165,0.013189917017250493,0.65
64.44760811199922,4.096971186487314,8.441323807182116,-0.030053948741806204,1.017769756683858,0.23755600432831142,0.8627558628878357,11.492658600129428,0.1311387487479223,0.12802887647009165,0.013189917017250493,0.65
64.50195955799973,4.09625633433419,8.475618438216573,-0.021445564593741702,1.0288389310337274,0.2463027570633482,0.9271815996151443,11.476434780927313,0.1309574331972453,0.12874372862321604,0.026238512769771204,0.65
64.55608535099964,4.0957569809527925,8.510317177654358,-0.014980601441914322,1.0409621831335554,0.24276375339643919,0.9415766970632714,11.459905428867234,0.1308695561867335,0.12924308200461354,0.0147973633064017,0.65
64.60635192600057,4.095334896410842,8.545407172084348,-0.01266253625851625,1.0526998328996964,0.2220344560685371,0.8585066802761927,11.44319995975368,0.13083952091579293,0.12966516654656424,0.02947037077065886,0.65
64.66770803100007,4.095334896410842,8.545407172084348,-0.01266253625851625,1.0526998328996964,0.20998501082047716,0.8193106906875895,11.44319995975368,0.13083952091579293,0.12966516654656424,0.0,0.65
64.68957975599915,4.095042170348131,8.580683467109083,-0.00878178188133259,1.0582888507420543,0.19384484519662437,0.7548555236821186,11.426374585289738,0.13078751576212252,0.12995789260927548,0.017073509652851187,0.65
64.69572144599988,4.095042170348131,8.580683467109083,-0.00878178188133259,1.0582888507420543,0.19060204286144772,0.7383940038533074,11.426374585289738,0.13078751576212252,0.12995789260927548,0.017073509652851187,0.65
64.7786368699999,4.094846670113976,8.615898016821612,-0.005865007024619154,1.0564364913758768,0.19283602050020443,0.720972799579779,11.40957789387629,0.1307519239412368,0.13015339284342975,0.015456873405716984,0.65
64.79438179099998,4.094646368400042,8.650925126676468,-0.006009051418029395,1.0508132956456853,0.1709221550990695,0.7108537871720335,11.392959153286574,0.13078827320644712,0.130353694557364,0.0304862955727577,0.65
64.81214372499926,4.094646368400042,8.650925126676468,-0.006009051418029395,1.0508132956456853,0.20003924401265255,0.7250606505374413,11.392959153286574,0.13078827320644712,0.130353694557364,0.0304862955727577,0.65
64.86485564899886,4.094444041466948,8.685700519104651,-0.006069807992822281,1.0432617728455014,0.19828690512846703,0.7358309103067124,11.376545561292316,0.13086566233631455,0.13055602149045775,0.0447084216898672,0.65
64.89203132200055,4.094361335214903,8.720339073494957,-0.0024811875613558907,1.0391566317091838,0.22496235787701954,0.699295237462485,11.360174152468243,0.13086023655843046,0.13063872774250296,0.03210543486073891,0.65
64.89875299999949,4.094361335214903,8.720339073494957,-0.0024811875613558907,1.0391566317091838,0.23455353185702948,0.6953975314141121,11.360174152468243,0.13086023655843046,0.13063872774250296,0.03210543486073891,0.65
64.93683494600009,4.094349891453346,8.754887107024693,-0.00034331284670401974,1.036441005892117,0.25945873076342274,0.688038377678464,11.343864682431226,0.13081274115964453,0.13065017150406,0.04860404189474881,0.65
64.99725363700054,4.094393586184317,8.789310921214994,0.0013108419291468134,1.0327144257090577,0.26559304107039033,0.6903186879806146,11.327646631128456,0.1307231853251308,0.1306064767730888,0.016124677305862443,0.65
65.01580485600061,4.094393586184317,8.789310921214994,0.0013108419291468134,1.0327144257090577,0.29165302574473584,0.6605149625935258,11.327646631128456,0.1307231853251308,0.1306064767730888,0.016124677305862443,0.65
65.03241885599891,4.094393586184317,8.789310921214994,0.0013108419291468134,1.0327144257090577,0.29165302574473584,0.6605149625935258,11.327646631128456,0.1307231853251308,0.1306064767730888,0.016124677305862443,0.65
65.104675012999,4.094490165213828,8.823544393855489,0.0028973708853310552,1.0270041792148281,0.30430195404388166,0.6552700728796591,11.311552095871575,0.13059286753715882,0.13050989774357813,0.019291428708246034,0.65
65.11884682399977,4.094490165213828,8.823544393855489,0.0028973708853310552,1.0270041792148281,0.3023484935880839,0.6212588766791983,11.311552095871575,0.13059286753715882,0.13050989774357813,0.019291428708246034,0.65
65.14830565900047,4.094659900399588,8.857475129089252,0.005092055572799627,1.0179220570128908,0.3072963380672966,0.5822360050402378,11.29561408382872,0.13040184696255294,0.13034016255781822,0.0382964102402859,0.65
65.2257297269989,4.094659900399588,8.857475129089252,0.005092055572799627,1.0179220570128908,0.30928057989680197,0.5744210893000401,11.29561408382872,0.13040184696255294,0.13034016255781822,0.0,0.65
65.22790954300035,4.094865845072092,8.890810174506065,0.006178340175133428,1.0000513625044007,0.3069439692326463,0.6056469448851375,11.279998585821478,0.13017918646144272,0.1301342178853142,0.01563312422833859,0.65
65.26001905500016,4.0951688893910125,8.923372282967636,0.009091329567618676,0.9768632538471078,0.29709214247723825,0.67455825702373,11.264729027924158,0.12986378967314294,0.1298311735663935,0.030814083536337862,0.65
65.27631065400055,4.0951688893910125,8.923372282967636,0.009091329567618676,0.9768632538471078,0.29709214247723825,0.67455825702373,11.264729027924158,0.12986378967314294,0.1298311735663935,0.030814083536337862,0.65
65.3485843590006,4.096447634924451,8.985978614531561,0.025006658169526415,0.926043811507132,0.29459589393576735,0.7020282928384538,11.234957705832148,0.1285712524008368,0.12855242803295486,0.031073439246500963,0.65
65.40031117800027,4.096447634924451,8.985978614531561,0.025006658169526415,0.926043811507132,0.28610864537221686,0.724534328238821,11.234957705832148,0.1285712524008368,0.12855242803295486,0.031073439246500963,0.65
65.46806040499905,4.097664409354407,9.015995339042435,0.0365032328986688,0.9005017353262024,0.2852654393080908,0.7255548613088962,11.22024155981206,0.1273502819308714,0.1273356536029988,0.015349219586767457,0.65
65.4744549829993,4.09924895472888,9.045119598855667,0.04753636123419373,0.8737277943969266,0.2794445721811254,0.7005777044179412,11.20566095058049,0.12576289781715,0.12575110822852587,0.029903475243756538,0.65
65.50844595200033,4.1011493128678875,9.07333858690218,0.057010744170228486,0.8465696413953937,0.2705086008781799,0.7031168973817803,11.191261770930428,0.12386032248791919,0.12385075008951851,0.043469206677588204,0.7000000000000001
65.59167683099986,4.10337325134915,9.100667427837426,0.06671815443787113,0.8198652280573641,0.2548021705946887,0.72587615282823,11.177024314142264,0.12163534776722978,0.12162681160825617,0.013768186635557272,0.7000000000000001
65.59903577399928,4.105897950927223,9.127192441960599,0.0757409873421965,0.7957504236951765,0.24264312972165936,0.7447356250400468,11.162924830732063,0.1191097892095744,0.11910211203018317,0.02683070157508486,0.7000000000000001
65.64537259700046,4.108672290939021,9.153121932175429,0.08323020035392806,0.7778847064449007,0.23087180072904917,0.7691599761746082,11.148911696115162,0.11633544721674961,0.11632777201838529,0.03801557621643962,0.7000000000000001
65.70209665499897,4.11170603927244,9.178706753752154,0.09101245000258007,0.7675446473017632,0.22061023038092578,0.7921086706479555,11.134861627405673,0.11330182741423842,0.11329402368496577,0.009766487094497109,0.7000000000000001
65.74586084099974,4.114915116294498,9.204153777500578,0.09627231066173178,0.7634107124527169,0.17414909836192488,0.9059121906523834,11.120756735454918,0.11009364475172774,0.11008494666290769,0.019312798623496812,0.7000000000000001
65.82489559699934,4.118193633401728,9.229551647734073,0.09835551321689126,0.7619361070048789,0.1533697291910543,0.9451754994167204,11.106652308069775,0.10681621698815974,0.10680642955567787,0.00877561979078797,0.7000000000000001
65.8266173459997,4.121549957513174,9.254893378924525,0.1006897233433748,0.7602519357135298,0.13985973441038715,0.9665367147182282,11.092543595586845,0.10346188024439697,0.10345010544423161,0.017456327175675523,0.7000000000000001
65.8294747229993,4.121549957513174,9.254893378924525,0.1006897233433748,0.7602519357135298,0.10373263775700255,0.9888941981579767,11.092543595586845,0.10346188024439697,0.10345010544423161,0.017456327175675523,0.7000000000000001
65.87804770500043,4.124904289287568,9.280173100666456,0.10062995323180281,0.758391652257948,0.1206281600613283,1.0248577078862073,11.07850467244622,0.10010984702111717,0.10009577366983802,0.025476760404736367,0.7000000000000001
65.93925863599907,4.1282279504001265,9.305369485469637,0.09970983337674172,0.7558915440954328,0.1206281600613283,1.0248577078862073,11.064570465230315,0.09678970453650483,0.09677211255727958,0.009153303006348684,0.7000000000000001
65.97647623100056,4.131502086774066,9.33053047148774,0.09822409121819167,0.7548295805431352,0.09742564161868678,0.99086166680677,11.050737089868564,0.09351959548365198,0.09349797618333966,0.018333119402043987,0.7000000000000001
66.0090094469997,4.1346677084647645,9.355663542748895,0.09496865072094854,0.753992137834635,0.0879177408425644,0.9799789263707919,11.037054684122792,0.09035982524348964,0.09033235449264154,0.0258932599026889,0.7000000000000001
66.08353525100028,4.137689863317623,9.380799914831341,0.09066464558574044,0.7540911624733911,0.0879177408425644,0.9799789263707919,11.023541749515003,0.08734436785252181,0.08731019963978337,0.01677295288201202,0.7000000000000001
66.09895736900035,4.140543691640098,9.405979659005473,0.08561484967427321,0.7553923252239574,0.0753679478774609,0.990316446674424,11.010204217897149,0.08450008852002987,0.08445637131730788,0.02378100643434895,0.7000000000000001
66.20626491799885,4.145460421748486,9.457190207740618,0.06896077630049333,0.7737640102363585,0.08704403666688679,1.0184981060649387,10.984012972592275,0.07961027396159515,0.07953964120892021,0.02262500789376621,0.7000000000000001
66.28422751799917,4.147366285836466,9.483489190600599,0.057175922639418654,0.7889694857994219,0.0873964043946285,1.014008289210315,10.971193640694073,0.07772365847453531,0.07763377712093966,0.006349509375748165,0.7000000000000001
66.31102622700018,4.148886185574661,9.510363577498758,0.045596992145819935,0.8062316069447767,0.12499233888628708,1.0388551605697842,10.958532230111697,0.07623024281829945,0.07611387738274544,0.01324449133827981,0.7000000000000001
66.32223716800036,4.150013369373536,9.537800250376494,0.03381551396626078,0.8231001863320434,0.1327253009562629,1.036445580262849,10.946044970906621,0.07513769894236906,0.07498669358387033,0.020155585052022577,0.75
66.40054308300023,4.150692761066869,9.565735753265473,0.02038175080001407,0.8380650866694023,0.1604745342059634,1.0205053499116357,10.933813003426673,0.07450255321397958,0.07430730189053669,0.014286545091304337,0.75
66.43861470499905,4.150865874482119,9.594118660049695,0.005193402457499658,0.8514872035266708,0.15052848148671202,0.8846060440201442,10.921915422546395,0.07439260917064897,0.07413418847528686,0.029239797914575018,0.75
66.5052338459991,4.1505955671851185,9.62290471326674,-0.008109218910014898,0.8635815965113555,0.1455896753778707,0.8162545495679384,10.910317629391253,0.07473615478740735,0.07440449577228758,0.01603316236340809,0.75
66.5419603449991,4.149832302749395,9.652060752753297,-0.022897933071700145,0.8746811845966933,0.13473864416862585,0.7202305956326727,10.899082564629326,0.0756149409068965,0.07516776020801075,0.032650901647137666,0.7000000000000001
66.56985341700056,4.148595758266456,9.681557382910166,-0.03709633448818199,0.8848989047060505,0.13056553423291267,0.7045766878254879,10.888208371578312,0.07698723290159483,0.07640430469094994,0.04444091796334211,0.7000000000000001
66.641670994999,4.144612627735462,9.74148344718782,-0.06671601467104377,0.9039705833224523,0.1904249529096156,0.6935019642181904,10.867677041253204,0.08142631451639662,0.0803874352219438,0.05457459027639615,0.7000000000000001
66.73393342499912,4.14217426889321,9.772003397883665,-0.07315076526758449,0.9155985208753413,0.2842339424405207,0.7201692824188957,10.857709145073974,0.08418615887828657,0.08282579406419632,0.03609446049124878,0.7000000000000001
66.76506335500017,4.139659338567441,9.802937203319313,-0.07544790977306777,0.928014163069447,0.3717608545710974,0.7703926238083194,10.84772486609077,0.08719770516556295,0.08534072438996532,0.04826206014159639,0.7000000000000001
66.84165664300053,4.137179443317621,9.834253136617061,-0.07439685749456794,0.939477998932411,0.4355787176397461,0.7844363577459883,10.837637646051576,0.09028172534287948,0.0878206196397846,0.02789191085064014,0.7000000000000001
66.84366298599889,4.137179443317621,9.834253136617061,-0.07439685749456794,0.939477998932411,0.43626123936004557,0.8186495183724192,10.837637646051576,0.09028172534287948,0.0878206196397846,0.02789191085064014,0.7000000000000001
66.88842809500056,4.134723683571979,9.865633251586326,-0.07367279236929412,0.9414034490779671,0.53453878991165,0.8239215698934922,10.827584856413392,0.09358913668061107,0.09027637938542732,0.040643096186866734,0.7000000000000001
66.95196506899993,4.132241261920405,9.897006582264176,-0.0744726495472035,0.9411999203355149,0.5503078839633132,0.8217279017247979,10.817641514216156,0.09722891443633214,0.09275880103700107,0.03214130288071533,0.7000000000000001
66.9542751099998,4.129651375628364,9.928320508154094,-0.07769658876123303,0.9394177766975447,0.5369711086065458,0.8358275252537464,10.807902732454483,0.1011818297164904,0.09534868732904211,0.046496053037418356,0.7000000000000001
66.97500060499988,4.129651375628364,9.928320508154094,-0.07769658876123303,0.9394177766975447,0.5967054431599133,0.7859158952377512,10.807902732454483,0.1011818297164904,0.09534868732904211,0.046496053037418356,0.7000000000000001
67.06665048799914,4.124461740582584,9.989590202961743,-0.07688846504913308,0.9110177174444455,0.6421658059555526,0.757623707461412,10.789199797236527,0.1107729948450261,0.10053832237482219,0.03533122404966618,0.7000000000000001
67.11225249299969,4.1219811239753605,10.019397157992179,-0.07441849821671169,0.8942086509130733,0.7021776363748585,0.7293530522712479,10.78017533459017,0.11657293901762945,0.1030189389820455,0.0511672834445729,0.7000000000000001
67.19010025500029,4.119933839616089,10.048761675942913,-0.0614185307781317,0.8809355385220236,0.779658106195757,0.7312934202528676,10.770991250760021,0.12230519857849456,0.10506622334131688,0.03874256903010048,0.7000000000000001
67.20698875500057,4.118477533655073,10.077820120749827,-0.04368917883046608,0.8717533442074107,0.7954909016852127,0.7292387056714856,10.761446079741953,0.12890972987320726,0.10655984930201205,0.0559472596024102,0.7000000000000001
67.29535844999918,4.117552024217455,10.106625407726256,-0.027765283128561927,0.8641586092928468,0.8351899882549185,0.7114306344704313,10.751572360516509,0.13517417884093447,0.11200552641339755,0.01838508334073783,0.7000000000000001
67.29729657999997,4.117068601912263,10.135225655117877,-0.01450266915574002,0.858007421748634,0.8257082875752572,0.7344152918833202,10.741431697160365,0.14347639118722905,0.12359737753884781,0.03629517333725644,0.7000000000000001
67.33523133699964,4.117431796812425,10.163795054908963,0.010895847004845615,0.857081993732606,0.9349487485511152,0.7142683027051893,10.730581405546056,0.1510802395319262,0.13948285556398995,0.05308797182838805,0.7000000000000001
67.39004271799968,4.118834925979643,10.192374167433423,0.04209387501653682,0.8573733757337797,0.9576723579997326,0.6801666271291733,10.718824370339567,0.15633012821235512,0.15616513772282126,0.06804855808262965,0.7000000000000001
67.41179453599943,4.121188250754254,10.22105382222999,0.0705997432383431,0.8603896438970343,0.9686132527028282,0.6475400393548227,10.706208823711664,0.16069474105656326,0.15381181294821022,0.03737965505837845,0.7000000000000001
67.47244135099936,4.124604232038705,10.249692418438647,0.1024794385335442,0.859157886259689,1.0016827201899186,0.5584962306900838,10.692679233947354,0.1640493243732235,0.1503958316637588,0.05497728655539978,0.7000000000000001
67.52392292200057,4.129234319405339,10.278221336876731,0.13890262099902095,0.8558675531425505,1.0055109660749395,0.5298353018597128,10.678115957753436,0.16677626254532055,0.1457657442971252,0.03501907356886317,0.7000000000000001
67.56118965299902,4.129234319405339,10.278221336876731,0.13890262099902095,0.8558675531425505,1.0146630236629601,0.49265416425029235,10.678115957753436,0.16677626254532055,0.1457657442971252,0.03501907356886317,0.7000000000000001
67.59198421099973,4.135177589444087,10.306644702006926,0.17829810116243894,0.8527009539058518,1.0177289635222497,0.49295173925946545,10.662421399041095,0.16916143075208698,0.13982247425837713,0.05106512050551115,0.7000000000000001
67.63675089800017,4.142505625727093,10.335026280399315,0.21984108849017792,0.8514473517717096,1.0116683323500826,0.4748179130297741,10.645502398804878,0.17068981698880695,0.13287324526744385,0.04176133501798051,0.7000000000000001
67.64043204500013,4.142505625727093,10.335026280399315,0.21984108849017792,0.8514473517717096,0.977498734701563,0.43830841077314564,10.645502398804878,0.17068981698880695,0.13287324526744385,0.04176133501798051,0.7000000000000001
67.68198674099949,4.15130281129853,10.363357577595,0.2639155671430915,0.849938915870549,0.9567629090499805,0.41541770568754743,10.627279630526019,0.17349428250898896,0.1295079233417465,0.06053586167138987,0.75
67.754586604,4.161566767945089,10.391688171348836,0.30791869939679045,0.8499178126151006,0.9386897409057697,0.37536291533223043,10.607734523758008,0.17505709840946207,0.13158420978106114,0.04738398198775354,0.75
67.78244091099987,4.173391045655003,10.420013360156748,0.35472833129739884,0.8497556642373642,0.8498998622339241,0.3208261445869552,10.58677793296464,0.1777907814743485,0.13911111357617997,0.06903463627773392,0.75
67.81714792599996,4.186881570521423,10.448119200879567,0.4047157459926029,0.8431752216846041,0.8021916976519955,0.27483648753823775,10.564381210835412,0.18172054095891746,0.14936749712091307,0.08913935206072991,0.75
67.87163315999896,4.201967520631604,10.475941154015299,0.45257850330545,0.8346585940719536,0.8021916976519955,0.27483648753823775,10.540628514552234,0.18418513398555006,0.1583732112254918,0.07305592385761636,0.8
67.92227905599975,4.218647885020426,10.503251954830015,0.5004109316646475,0.8193240244414923,0.6905744177415576,0.16245498363196625,10.515593949969988,0.18749094527522944,0.16589006490921426,0.09334542657966269,0.8
67.98180626400062,4.2367345324750225,10.53012673808956,0.5425994236379161,0.8062434977863729,0.6751709718226635,0.13822949883847302,10.489423282000484,0.1899839424707222,0.17210421533088172,0.04760833860918278,0.8
68.00046862300042,4.2367345324750225,10.53012673808956,0.5425994236379161,0.8062434977863729,0.6656397106605126,0.14313636585838052,10.489423282000484,0.1899839424707222,0.17210421533088172,0.04760833860918278,0.8
68.03797072999987,4.256069885891089,10.556557929982699,0.580060602481982,0.7929357567941444,0.6609190922022669,0.061231295054912094,10.462262747371085,0.1920589599771243,0.17712173083622335,0.06994943962799549,0.8500000000000001
68.10336563400051,4.276461716783683,10.582529326531766,0.6117549267778479,0.7791418964720136,0.7068038497852174,0.0379127872050434,10.434294625921085,0.19408896863598132,0.1810670795479921,0.019433136024062207,0.8500000000000001
68.13590209500035,4.29776030915803,10.608041297943538,0.6389577712304085,0.7653591423531543,0.7707110118898126,0.022140081910483833,10.405656083764518,0.19539990308640204,0.1840463884370636,0.038177179635344054,0.8500000000000001
68.23834900300062,4.3422166746622075,10.657983762124482,0.6742340610806221,0.7436204088756782,0.7901172517658733,-0.02286360618362472,10.347067758840618,0.19812781900603685,0.18792564601366385,0.031560732579043856,0.9
68.32287160499982,4.36502398341324,10.68236154768776,0.6842192625309576,0.7313335668983105,0.7784424198249945,-0.07824819376481121,10.317461443312624,0.19980147310958732,0.18903614081729966,0.019728544340531676,0.8845903006477066
68.32486848100052,4.388026402597949,10.706170067673874,0.6900725755412777,0.7142555995834302,0.8118453599732351,-0.0835250029279845,10.287881840601946,0.20095875811716646,0.18960614016029265,0.03931568814302764,0.8500000000000001
68.33424265800022,4.411086197765151,10.729400495538755,0.6917938550160632,0.6969128359464339,0.8493495048561897,-0.06215853904467736,10.258459518203079,0.2027124875756276,0.1897267956979136,0.05925944464961271,0.8500000000000001
68.37530378200063,4.434111550933862,10.751834484536642,0.6907605950613173,0.6730196699366079,0.9088890254546415,-0.11447826933508136,10.22935050864561,0.20416648161468853,0.18930863808257367,0.07862475645369264,0.8
68.43369460800022,4.434111550933862,10.751834484536642,0.6907605950613173,0.6730196699366079,0.967223230877667,-0.14992297915545433,10.22935050864561,0.20416648161468853,0.18930863808257367,0.0,0.8
68.49018697700012,4.457039798043691,10.77345704062945,0.6878474132948736,0.6486766827842492,1.1011965573670286,-0.17016554825003988,10.200616134187731,0.2059394814581454,0.1883853751103045,0.017021630044658387,0.8
68.54913389600006,4.4799672719256955,10.79412352431064,0.6878242164601345,0.6199945104356783,1.1679194535298665,-0.1843217917174634,10.172209640080027,0.20791895845707625,0.18678661360711107,0.02043031092695121,0.8
68.60731268999916,4.5029677742391145,10.813796788802236,0.6900150694025786,0.5901979347478739,1.2130092687680842,-0.19761161976527267,10.144070144058519,0.20921236809371707,0.18443390118067954,0.03986670608071547,0.75
68.66111617800016,4.526289798669294,10.832472774200543,0.6996607329053816,0.5602795619492048,1.2162519589921166,-0.19101494131352398,10.115960715147342,0.211867981745097,0.18114865547558537,0.01694104288559635,0.75
68.6870553459994,4.54996701961726,10.850193447264116,0.7103166284390052,0.5316201919071912,1.21187457638778,-0.19124287649193442,10.087832896940903,0.21389430786175442,0.1769367763526035,0.03290359419364049,0.7000000000000001
68.7034141389995,4.54996701961726,10.850193447264116,0.7103166284390052,0.5316201919071912,1.21187457638778,-0.19124287649193442,10.087832896940903,0.21389430786175442,0.1769367763526035,0.03290359419364049,0.7000000000000001
68.7697849340002,4.573932462257068,10.866994748841153,0.7189632791942493,0.5040390473111134,1.2068858649709948,-0.20644282318643692,10.05973586570047,0.21569133943945668,0.17429034562896542,0.03717448065176617,0.7000000000000001
68.77242498099986,4.598280382572773,10.882665971038458,0.7304376094711604,0.4701366659191461,1.201001724377333,-0.22549216203104178,10.031645624827231,0.2197086920142356,0.17534086350870112,0.05377292405258744,0.7000000000000001
68.81819868899947,4.6232396704188785,10.897102804615388,0.7487786353831667,0.43310500730790297,1.195731646691776,-0.244054458219356,10.00337626946648,0.22330142044625143,0.17971772109952835,0.06908192552672014,0.7000000000000001
68.88169424700027,4.649040895487679,10.910290356498546,0.7740367520640187,0.3956265564947656,1.1599378532542246,-0.25860240563684245,9.974711805611754,0.22573387903408876,0.18709980147211608,0.04812504107554781,0.65
68.90703468399988,4.675855669190493,10.922223729136762,0.804443211084419,0.3580011791464625,1.091259639231428,-0.25921358114511256,9.945489349227138,0.22916915925872042,0.1972235693218085,0.0692416720630055,0.65
68.99087315900033,4.703793681583278,10.932965513027641,0.8381403717835524,0.3222535167263655,1.0235137123683167,-0.26034847339152933,9.915583725627382,0.2315224115566204,0.20796535321268728,0.023518388897378135,0.65
69.11057799799892,4.762943183812896,10.950897922256729,0.9029952273428543,0.2518290318649335,0.8201451040939398,-0.2489541451572851,9.85380504600903,0.2345252698441875,0.22589776244177528,0.0451751273933103,0.6000000000000001
69.11283711800024,4.762943183812896,10.950897922256729,0.9029952273428543,0.2518290318649335,0.7862710388595275,-0.247834623741656,9.85380504600903,0.2345252698441875,0.22589776244177528,0.0451751273933103,0.6000000000000001
69.11657416299931,4.794001551810929,10.958203665675295,0.9317510399409826,0.2191723025569704,0.7167697632286835,-0.24932768581060216,9.82204109765753,0.2344300410579677,0.22522019656762887,0.06706208725626363,0.6000000000000001
69.14764520499921,4.825925386921549,10.964504132332307,0.9577150533185946,0.18901399971031294,0.684051506735773,-0.2521476905039547,9.789780092785914,0.2326490350565858,0.21384000751950907,0.087182046020495,0.6000000000000001
69.16754045400012,4.825925386921549,10.964504132332307,0.9577150533185946,0.18901399971031294,0.6511863125138891,-0.25871231571277264,9.789780092785914,0.2326490350565858,0.21384000751950907,0.087182046020495,0.6000000000000001
69.22880363699915,4.8586344037112195,10.969900772134649,0.9812705036901257,0.16189919407023873,0.5523322152220297,-0.26811409083519827,9.757067144411437,0.2287048456372271,0.20588989898449134,0.022922260428047077,0.6000000000000001
69.26318153200009,4.892043321581391,10.97458144043996,1.0022675361051576,0.14042004915933862,0.4836144630758956,-0.2712947760924997,9.723924483667908,0.22584634551941005,0.20228404476916934,0.04564877012886452,0.6000000000000001
69.29903712099986,4.926098038239348,10.978744678543096,1.0216414997387104,0.12489714309404071,0.4308485737083989,-0.2789513069629185,9.690341169727667,0.22388247705313946,0.20374451798308435,0.06802872066636907,0.6000000000000001
69.3533131309996,4.960666853664815,10.982470868138089,1.037064462764012,0.1117856878497848,0.3982930879638372,-0.27724011812025284,9.656417464448637,0.22259947109531011,0.20747070757807684,0.05091001047127568,0.6000000000000001
69.37615889299923,4.995643065268069,10.985832174320096,1.0492863480976096,0.10083918546024292,0.3062613528152843,-0.275979408919356,9.62223240425533,0.22202642011218707,0.21083201376008454,0.0753773193983118,0.6000000000000001
69.4587860520005,5.065922236750454,10.99175784212567,1.0532412835101372,0.08612459693981217,0.3941757483308196,-0.27765590634191695,9.553833280125165,0.22272645568586888,0.21675768156565844,0.06950519579850048,0.6000000000000001
69.48438074499973,5.065922236750454,10.99175784212567,1.0532412835101372,0.08612459693981217,0.42997813044126404,-0.2829180821973429,9.553833280125165,0.22272645568586888,0.21675768156565844,0.06950519579850048,0.6000000000000001
69.52095863499926,5.100639414476948,10.994402139503201,1.041515331794798,0.0793289213259289,0.45910886602507095,-0.29395805063240454,9.520148581791572,0.2238543429379957,0.21940197894318914,0.0914319452933286,0.6000000000000001
69.57769929099959,5.100639414476948,10.994402139503201,1.041515331794798,0.0793289213259289,0.4260408729927777,-0.2950734918558642,9.520148581791572,0.2238543429379957,0.21940197894318914,0.024181286782665345,0.6000000000000001
69.57980356999906,5.134745594900313,10.996739632635801,1.0231854127009277,0.07012479397799458,0.406123520769458,-0.2993658984454679,9.487149806755067,0.22499347108945836,0.22173947207578948,0.04773655598583491,0.6000000000000001
69.60614772699955,5.134745594900313,10.996739632635801,1.0231854127009277,0.07012479397799458,0.3931218811735354,-0.3080389806663388,9.487149806755067,0.22499347108945836,0.22173947207578948,0.04773655598583491,0.6000000000000001
69.67049361799945,5.168038064159467,10.998756535096364,0.998774077774623,0.06050707381686053,0.3879073101228516,-0.30996691466834136,9.455033318392466,0.22610511525217222,0.223756374536352,0.024920643050632952,0.6000000000000001
69.71185488999981,5.200318421057086,11.000381978811383,0.968410706928566,0.04876331145057893,0.2957885654294748,-0.30315992967932964,9.424009978976734,0.22716371691295306,0.22538181825137116,0.048849742351711134,0.55
69.77860910799973,5.231509396555487,11.00160132157862,0.9357292649520292,0.03658028301713637,0.3212280655164774,-0.296885967530606,9.394157756490307,0.22791658119726185,0.22660116101860872,0.020729385652698298,0.55
69.80154113299977,5.261578652909733,11.002404104142784,0.9020776906273527,0.02408347692490472,0.38939401301438453,-0.2898683454624425,9.36551078386718,0.22840244529289624,0.22740394358277172,0.04042516836921321,0.55
69.88791878499978,5.290321652828849,11.002691674918765,0.8622899975734974,0.008627123279461137,0.44328790215738156,-0.29018817467192054,9.33829488939141,0.22845577203051887,0.227691514358753,0.01987408154272095,0.55
69.92887236299975,5.3437149622758975,11.001519600591873,0.7814918889979553,-0.0270908970360821,0.4414520274434556,-0.29687930335832896,9.288331844168107,0.22698265776122195,0.2265194400318613,0.05499805729368857,0.55
69.99820291099968,5.3687235887502816,11.000035816519267,0.7502587942315194,-0.044513522178164386,0.4702598019030915,-0.29306801161662793,9.265255836106693,0.22539668793927248,0.225035655959255,0.01946948858822752,0.55
70.03803501499897,5.392666553009674,10.997974236556383,0.71828892778176,-0.06184739888652944,0.3496504783372467,-0.2944508970904989,9.243387885085445,0.22326566034441345,0.22297407599637076,0.03773615057461543,0.6000000000000001
70.10751857899959,5.41540085295207,10.995402920913408,0.6820289982718724,-0.07713946928925215,0.33663098343801434,-0.29223805703013495,9.222840417592545,0.22063650182969882,0.22040276035339623,0.014895988211765042,0.6000000000000001
70.12734137199914,5.43697935232614,10.992364036452319,0.6473549812221097,-0.0911665338327009,0.3823532772808235,-0.267095262425875,9.203549751262203,0.21755465012386818,0.21736387589230688,0.02862721143445588,0.6000000000000001
70.14556748199902,5.4575074386242575,10.98891361289423,0.6158425889435203,-0.10351270674269458,0.41450602406036485,-0.25497100989171695,9.185397987102675,0.2140717048877528,0.21391345233421788,0.041308997833643474,0.6000000000000001
70.17892233999919,5.4575074386242575,10.98891361289423,0.6158425889435203,-0.10351270674269458,0.46385144030480707,-0.2385044395702045,9.185397987102675,0.2140717048877528,0.21391345233421788,0.041308997833643474,0.6000000000000001
70.23610562400063,5.477179647863838,10.985127938859678,0.5901662771874006,-0.11357022103654132,0.4772910300597363,-0.23567716551019297,9.16817641532307,0.21025633045294004,0.21012777829966645,0.00892131279148834,0.6000000000000001
70.33778059399992,5.496261252954457,10.981088359735246,0.5724481527185715,-0.12118737373299723,0.6464893877612011,-0.23000704382552245,9.151608068923831,0.2061979305698613,0.2060881991752339,0.009269273806273048,0.6000000000000001
70.34588606000034,5.51496463701295,10.976821435204206,0.5611015217547775,-0.12800773593120224,0.6559324430232787,-0.23566873508482522,9.135484471627002,0.20191255848047238,0.2018212746441943,0.018120460260661327,0.6000000000000001
70.47246212400023,5.551558148987935,10.967805480273274,0.5456051621553691,-0.13764005163203596,0.6607577837427899,-0.24676966330164135,9.104202358775902,0.19287046264541793,0.19280531971326198,0.01403370055857979,0.6000000000000001
70.5001095259995,5.569581716762332,10.963107207407592,0.5407070332319116,-0.14094818597042358,0.7007901732161845,-0.26043454536960536,9.088901610162456,0.18816112642332822,0.1881070468475805,0.020736593471024845,0.6000000000000001
70.55597461999969,5.58719159284718,10.95825430384694,0.5282962825454643,-0.1455871068195564,0.714744318114533,-0.2601060809566399,9.074054936806807,0.18330026601344643,0.1832541432869288,0.01011881781990668,0.6000000000000001
70.57757006400061,5.604504713304928,10.95328443677668,0.5193936137324434,-0.14909601210779194,0.7885786351873186,-0.26005607222894817,9.059539668332492,0.17832379202624893,0.17828427621666876,0.01475276128151325,0.6000000000000001
70.60955992600066,5.621756717129912,10.948295924606745,0.5175601147495167,-0.1496553650980702,0.8102416907367627,-0.25984390083241077,9.045100759106125,0.1733286962649298,0.17329576404673297,0.019345121681476778,0.65
70.66742226699898,5.639018428327176,10.943339686018595,0.5178513359179009,-0.14868715764450846,0.8339714813565692,-0.26066397755449533,9.030654101118719,0.16836791077810015,0.16833952545858288,0.006980659920317785,0.65
70.70537235099982,5.656595607363959,10.93846676997689,0.5273153711035152,-0.14618748125117534,0.8892087533222883,-0.2641095380667634,9.01589541322025,0.1634908357760742,0.16346660941687752,0.010706205310103903,0.65
70.78259210299984,5.693023144108146,10.929021293575023,0.5532998709243495,-0.14013292239356775,0.8483403436203533,-0.2432803715018044,8.985119131770146,0.15403838183142485,0.15402113301501075,0.023753554171405143,0.65
70.81732581899996,5.711943883333942,10.924512985785574,0.5676221767738759,-0.13524923368347586,0.815127369714203,-0.2138313456525967,8.969013501705932,0.14952731768843788,0.1495128252255622,0.031084054273487902,0.65
70.89133232899985,5.731340985858724,10.920220267533121,0.5819130757434616,-0.1287815475735605,0.8130060089386041,-0.20701439252256376,8.952399278516078,0.14523214020633504,0.1452201069731096,0.01580445802703263,0.65
70.93139083099959,5.751279978587212,10.916052077223757,0.5981697818546683,-0.12504570928095038,0.7890530945333504,-0.19382026380570966,8.935247639035524,0.14106219463855874,0.14105191666374495,0.02415829415714703,0.65
70.99970026399933,5.771856379846885,10.912015649452428,0.6172920377901792,-0.12109283313986452,0.7935849408629155,-0.19274055386006275,8.917467150331042,0.13702395549579535,0.13701548889241622,0.013955587226250697,0.65
71.01996328099995,5.793046073201408,10.908171424617992,0.6356908006356784,-0.11532674503306996,0.8450098741781882,-0.18770504018179804,8.89905911861359,0.1331785431096907,0.13317126405797985,0.021359639788398273,0.65
71.053322406,5.814945431262413,10.904467243671101,0.6569807418301445,-0.11112542840672765,0.8634766568775031,-0.18216239299986517,8.879952635218867,0.12947325644190275,0.12946708311108956,0.028118570566804932,0.65
71.11809446199914,5.837630336822094,10.900898628706985,0.6805471667904199,-0.10705844892351196,0.9070225415972257,-0.15939598823305343,8.860079121250072,0.12590382481473789,0.12589846814697303,0.01549468807385763,0.65
71.13563775900002,5.837630336822094,10.900898628706985,0.6805471667904199,-0.10705844892351196,0.9125746553241545,-0.15404074320822603,8.860079121250072,0.12590382481473789,0.12589846814697303,0.01549468807385763,0.65
71.17884527699971,5.861116144374763,10.897452233041754,0.70457422658007,-0.10339186995692294,0.9229488342835632,-0.14831173446151524,8.839429811143443,0.12245685434914143,0.12245207248174239,0.0230517937898432,0.7000000000000001
71.22872183599975,5.8852262411993275,10.894242398961863,0.7233029047369418,-0.09629502239673252,0.9363707855802785,-0.14005000402564016,8.818128469516301,0.11924663927125798,0.119242238401851,0.01443594351577993,0.7000000000000001
71.24511679900024,5.909843487597132,10.891240255838806,0.738517391934131,-0.09006429369172572,0.9595021686673026,-0.12204109363489207,8.79629483324681,0.11624439689069264,0.11624009527879409,0.02165897899491561,0.7000000000000001
71.29135213399968,5.93484044079966,10.888472422691036,0.7499085960758364,-0.08303499443306912,0.9787933700491125,-0.10548033297751619,8.77403783938824,0.1134766552550914,0.11347226213102424,0.029117386414829215,0.7000000000000001
71.33129114999974,5.960162048708445,10.885990869459379,0.7596482372635385,-0.07444659694970068,0.9939086816601017,-0.09019516331846839,8.751389407658921,0.11099549479496487,0.11099070889936691,0.015805530037375507,0.7000000000000001
71.39042315199913,5.985726854064241,10.883686189452211,0.7669441606738878,-0.06914040021501205,1.0085571343211182,-0.07293831661580708,8.728465112193245,0.1086914592009535,0.10868602889219936,0.0223754677782316,0.7000000000000001
71.44026414700056,6.011545691255442,10.881608815797193,0.7745651157360359,-0.062321209650511265,1.0109111970613522,-0.0677396266891841,8.705236063381783,0.10661508280464152,0.10660865523718144,0.015605364720092035,0.7000000000000001
71.45405414599918,6.011545691255442,10.881608815797193,0.7745651157360359,-0.062321209650511265,1.0088809842101103,-0.05760239946916734,8.705236063381783,0.10661508280464152,0.10660865523718144,0.015605364720092035,0.7000000000000001
71.48672372699912,6.037652536038256,10.87976861759915,0.7832053434844084,-0.05520594594125996,1.007785468139803,-0.0566920184385164,8.68166670552663,0.10477629730180522,0.10476845703913895,0.021889629236984696,0.7000000000000001
71.55171530799998,6.064047687262509,10.87822206973487,0.7918545367275728,-0.046396435928459545,0.9787341442356307,-0.07911787133998732,8.657735420104641,0.10323161280283868,0.10322190917485763,0.00987693787889989,0.7000000000000001
71.58342832100061,6.090782631441662,10.877021631664283,0.8020483253746156,-0.03601314211757909,0.9529112908553528,-0.1336128724994876,8.633374335656741,0.10203382130411416,0.10202147110427084,0.02008909083949551,0.7000000000000001
71.65307173200017,6.117846132410735,10.876227289720147,0.8119050290721838,-0.02383025832410387,0.9496400807985907,-0.17910622539975668,8.608570778788739,0.10124269259334444,0.10122712916013477,0.010621977948948263,0.7000000000000001
71.67380379600036,6.14527620252625,10.875805935760843,0.8229021034654547,-0.012640618779102891,0.9221410720122629,-0.20106846170546316,8.583301116585053,0.10082612104000739,0.1008057752008309,0.021238969879582546,0.7000000000000001
71.72957068100004,6.173135315046009,10.875749345858262,0.8357733755927873,-0.0016976970774304437,0.9224320727743006,-0.23649440397717664,8.557509919030428,0.10077493667885364,0.10074918529825005,0.028765021443076962,0.7000000000000001
71.76840073399944,6.201439423722478,10.87607272567859,0.8491232602940789,0.009701394609859908,0.9041848832258466,-0.24648040078842465,8.531176135049549,0.1011069696336696,0.10107256511857798,0.023146186830899803,0.7000000000000001
71.79619028199886,6.230195947946928,10.876796722584412,0.8626957267335117,0.02171990717465622,0.8782697815158695,-0.25404609924516525,8.504284519302816,0.10184097444668573,0.10179656202440057,0.03167740788724513,0.7000000000000001
71.83645735000027,6.2593903104037665,10.877920383406362,0.8758308737051481,0.03370982465849481,0.8650968086981659,-0.2673237919135146,8.476848315279597,0.10297938209823627,0.10292022284635038,0.03903303019552943,0.7000000000000001
71.87702632199944,6.2889885778090395,10.879424847317885,0.8879480221581882,0.04513391734571288,0.8575424558063096,-0.2589014521095862,8.448905476549674,0.10450306893064781,0.10442468675787353,0.024897897325293402,0.7000000000000001
71.9850017560002,6.318947807405259,10.881366561264485,0.898776887886577,0.05825141839801228,0.8031069260637028,-0.2634623486058162,8.420473528064193,0.10646911019206501,0.10636640070447356,0.01462772259039144,0.7000000000000001
72.00962690899905,6.3491864628423516,10.883663979305362,0.9071596631127888,0.06892254122630868,0.7498004347015379,-0.2572806521635965,8.391658232185344,0.10880293867007125,0.10866381874535058,0.028848210890887883,0.7000000000000001
72.02959145599925,6.3491864628423516,10.883663979305362,0.9071596631127888,0.06892254122630868,0.7309432348472431,-0.26765535966480636,8.391658232185344,0.10880293867007125,0.10866381874535058,0.028848210890887883,0.7000000000000001
72.09507772299912,6.379657744512521,10.886137078227694,0.9141384501050751,0.07419296766996512,0.7126143980078166,-0.2751340148899042,8.362571340312039,0.11131932172948784,0.11113691766768241,0.017062012752595238,0.7000000000000001
72.10213689599914,6.410307672872044,10.888494545988795,0.9194978507857005,0.07072403283301118,0.6600109655270777,-0.2761866416405363,8.33337478858561,0.11374100607227541,0.11349438542878332,0.03272829742478653,0.7000000000000001
72.13301379099903,6.441098855552613,10.890648945017633,0.9237354804170768,0.0646319708651256,0.6419673347490428,-0.2916075057882707,8.30413757921519,0.11597995893218678,0.11564878445762083,0.04449856097868917,0.7000000000000001
72.20729792100065,6.471892346354839,10.892548137310479,0.9238047240667575,0.056975768785385024,0.6208298436878926,-0.3215039764276929,8.27500899256734,0.11798276199887146,0.11754797675046724,0.01720115356312072,0.7000000000000001
72.20978553299938,6.502581572901839,10.894050040309887,0.9206767964100058,0.04505708998221823,0.597534826965093,-0.3506411764593833,8.246143456213197,0.11964309925931153,0.11904987974987513,0.0333474439112485,0.7000000000000001
72.24655324199921,6.533111493269518,10.895081471271354,0.9158976110303636,0.030942928844017066,0.5858485417483742,-0.4004889076212552,8.217621581034141,0.12086328149942065,0.12008131071134187,0.04463868963702264,0.7000000000000001
72.31324941099956,6.563420120602138,10.89571448133052,0.9092588199786157,0.018990301774976695,0.5808287050162868,-0.45447390696187395,8.189473851457102,0.12175928481151749,0.12071432077050837,0.01740925927089523,0.7000000000000001
72.31596446299955,6.593426593579085,10.895980250208439,0.9001941893083978,0.007973066337539157,0.6131894987934343,-0.5147562283785513,8.161763710316544,0.12237508205088697,0.12098008964842677,0.0343452171292126,0.7000000000000001
72.38904224900034,6.622913573264111,10.895806809317724,0.8846093905508005,-0.005203226721420461,0.6408875400541707,-0.5663847143152053,8.13472036618916,0.12261256266839508,0.12080664875771241,0.04740723823395354,0.7000000000000001
72.42574580799919,6.651759579770348,10.895150515794372,0.8653801951871073,-0.019688805700552047,0.6494109257621457,-0.5840012264892265,8.108473689539595,0.122565546543503,0.1201503552343599,0.03420054962002987,0.7000000000000001
72.46163917299964,6.679856204359831,10.893862650128709,0.8428987376844971,-0.03863596996991944,0.6897060055044378,-0.6397717365276769,8.083183200584841,0.12192454445332258,0.11886248956869672,0.04637177218305253,0.7000000000000001
72.56977748499958,6.7337239394782165,10.88894038114912,0.7964413103527967,-0.08679881567001557,0.7770591032924052,-0.741575871102518,8.035728148440008,0.11900963753818664,0.11394022058910735,0.025991862242379198,0.7000000000000001
72.5972028849992,6.7337239394782165,10.88894038114912,0.7964413103527967,-0.08679881567001557,0.817813305165688,-0.7951844194272122,8.035728148440008,0.11900963753818664,0.11394022058910735,0.025991862242379198,0.7000000000000001
72.66732204399887,6.759600124388679,10.885128496160865,0.7762855473138809,-0.11435654964762554,0.8135269306829858,-0.8454321474574917,8.013542856943587,0.11669532525657865,0.11012833560085333,0.011362805005509973,0.7000000000000001
72.75972983700012,6.810041992586094,10.87473600935951,0.7524718476620723,-0.17103705075368503,0.8091174371096336,-0.8641474349634551,7.971562930767112,0.110163972320012,0.09973584879949726,0.017861066982889497,0.7000000000000001
72.78321502200015,6.810041992586094,10.87473600935951,0.7524718476620723,-0.17103705075368503,0.8012855917125375,-0.859580205054331,7.971562930767112,0.110163972320012,0.09973584879949726,0.017861066982889497,0.7000000000000001
72.80149479799911,6.810041992586094,10.87473600935951,0.7524718476620723,-0.17103705075368503,0.7939079660346063,-0.8621115785008451,7.971562930767112,0.110163972320012,0.09973584879949726,0.017861066982889497,0.7000000000000001
72.86683108099896,6.835075786425907,10.868078931807354,0.7510138151943975,-0.19971232656468577,0.7878525582287712,-0.8644637940674406,7.95137960482347,0.10584709684935395,0.09307877124734176,0.008679847258587893,0.7000000000000001
72.88209785599975,6.8602038350901635,10.860575813504745,0.7538414599276805,-0.22509354907824347,0.7739878614386398,-0.8715066472446972,7.931488988171995,0.10198494722399937,0.08557565294473335,0.01671553608560353,0.7000000000000001
72.9114337560004,6.885514482185992,10.852098681175644,0.7593194128748461,-0.2543139698730605,0.7597404147200455,-0.8701698080803207,7.911868569659701,0.09732875119829383,0.07709852061563183,0.02393370076181411,0.7000000000000001
72.97708286299894,6.911148522952874,10.842659669716069,0.7690212230064443,-0.28317034378725725,0.7011641738650352,-0.8779194995387003,7.892392006631251,0.09341930628518638,0.06765950915605679,0.010139746253562518,0.75
73.02456525799971,6.911148522952874,10.842659669716069,0.7690212230064443,-0.28317034378725725,0.6701784733930186,-0.8741753498761768,7.892392006631251,0.09341930628518638,0.06765950915605679,0.010139746253562518,0.75
73.08520958400004,6.937155026751772,10.832373416726224,0.7801951139669615,-0.3085875896953554,0.6670906783206834,-0.8738971440437807,7.872974761708871,0.0894674158233771,0.05737325616621192,0.01148342357056491,0.75
73.087203133,6.937155026751772,10.832373416726224,0.7801951139669615,-0.3085875896953554,0.6949662947990451,-0.850917820630415,7.872974761708871,0.0894674158233771,0.05737325616621192,0.01148342357056491,0.75
73.11717420000059,6.990256425033188,10.808474734933165,0.8017386514721012,-0.37570237777603444,0.639945259917222,-0.8670689033791918,7.83470435130485,0.08428732113266638,0.036787259518704395,0.03291003496057568,0.75
73.1339364359992,6.990256425033188,10.808474734933165,0.8017386514721012,-0.37570237777603444,0.639945259917222,-0.8670689033791918,7.83470435130485,0.08428732113266638,0.036787259518704395,0.03291003496057568,0.75
73.19277196499934,7.017396479645283,10.794920356790646,0.8142016383628723,-0.4066313442755963,0.58973405993651,-0.8271057156292999,7.815806041253704,0.08264537155210064,0.04406447059929837,0.009538513937304146,0.8
73.22146301099929,7.045031600969733,10.780482579099909,0.8290536397335005,-0.43313333072213317,0.5534428613164567,-0.7996940666713246,7.796908042228975,0.08489310252200973,0.05339640177634559,0.018800133024383187,0.8
73.23050316399895,7.045031600969733,10.780482579099909,0.8290536397335005,-0.43313333072213317,0.5534428613164567,-0.7996940666713246,7.796908042228975,0.08489310252200973,0.05339640177634559,0.018800133024383187,0.8
73.311789202,7.073033275504262,10.76512579694672,0.8400502360358643,-0.46070346459569333,0.4903801919694041,-0.7666023557213181,7.77815192043461,0.08662671241791116,0.062337690926564764,0.01215035148353344,0.8
73.35312948899991,7.101162209226823,10.748764965118081,0.8438680116768466,-0.4908249548591309,0.45503016311826927,-0.7540043177259028,7.759800685621685,0.09057310704161477,0.07065899557745234,0.023769285964282974,0.8062257748298549
73.37245681700006,7.101162209226823,10.748764965118081,0.8438680116768466,-0.4908249548591309,0.4738400582171681,-0.7349061218518051,7.759800685621685,0.09057310704161477,0.07065899557745234,0.023769285964282974,0.8062257748298549
73.41639638500055,7.129454692357201,10.731564149474119,0.8487744939113407,-0.5160244693188447,0.4101619624104661,-0.7119556894890674,7.741760908540708,0.0941037897404088,0.07850198887176274,0.00814529724838408,0.8062257748298549
73.46079932999965,7.129454692357201,10.731564149474119,0.8487744939113407,-0.5160244693188447,0.3662400203241365,-0.6864006415223577,7.741760908540708,0.0941037897404088,0.07850198887176274,0.00814529724838408,0.8062257748298549
73.52723935500035,7.157810349964415,10.713595625904242,0.8506697282164362,-0.53905570709629,0.35718028255806133,-0.6763389607914411,7.724100706357736,0.09864820775972755,0.08584680178665759,0.009069105373445348,0.8321658488546619
73.56932935300028,7.186262041872609,10.695023197285034,0.8535507572458122,-0.5571728585762306,0.3004569891456943,-0.644389192017163,7.706726904508718,0.10308958953220591,0.09283249585142622,0.01780580483663329,0.7905694150420949
73.63129439799923,7.2148684014271955,10.676006180417913,0.8581907866376124,-0.5705105060135996,0.24882282609931078,-0.6290847649882474,7.68952344467471,0.10818543117165078,0.09961318509285508,0.011196885873879516,0.8200609733428363
73.63800451399948,7.243464088603823,10.656474953206402,0.8578706152988427,-0.5859368163453353,0.18765882914558046,-0.6206020726530237,7.6726755080714995,0.11317138849131689,0.10602272620198333,0.02207324754839483,0.8200609733428363
73.74467013899994,7.300541581498685,10.616502261297459,0.8537480156201114,-0.6035071004271317,0.09131070308287179,-0.6097960073774892,7.639855448925334,0.12375911820986277,0.11811764696997248,0.01452326189049943,0.848528137423857
73.77546254799927,7.328837985124781,10.596239452479965,0.8488921087828877,-0.607884264524793,0.05576657204697397,-0.5857699525576525,7.623973570655064,0.12921997848487782,0.1237982563364404,0.021591393171109623,0.8139410298049854
73.86369129400009,7.384778690849396,10.555598364836252,0.8338310218911558,-0.6096331106546453,-0.06411945499979887,-0.6166858414051981,7.593219355597585,0.14039170165349094,0.13461672003101033,0.02923883925779055,0.8514693182963202
73.86971033199916,7.384778690849396,10.555598364836252,0.8338310218911558,-0.6096331106546453,-0.08391601932269471,-0.6439417988982996,7.593219355597585,0.14039170165349094,0.13461672003101033,0.02923883925779055,0.8514693182963202
73.90515938899989,7.412071257629179,10.535344348922413,0.8187770033934897,-0.6076204774151341,-0.12100461129752843,-0.7002635961286154,7.578598866135423,0.14596882874935227,0.13959372707804552,0.0438753688858593,0.8500000000000001
73.93502814000021,7.438823916036749,10.515209505521923,0.8025797522270914,-0.6040453020147003,-0.14237549590565313,-0.7282276732100835,7.564521776745994,0.15161157624171112,0.14427322894619043,0.05817526109022885,0.8500000000000001
73.9722862639992,7.465002583957082,10.495243309771933,0.7853600376099998,-0.5989858724997359,-0.18109400916218715,-0.7830121244147771,7.550990763246913,0.15732803801625306,0.14866611014577294,0.025822207546614004,0.8
74.01703573099985,7.490362811384412,10.475444768389579,0.7608068228199,-0.5939562414706319,-0.24720913003460432,-0.8597853506018035,7.538216260636506,0.1628574970386929,0.1525988160630052,0.04050784664174052,0.8
74.03611849899971,7.490362811384412,10.475444768389579,0.7608068228199,-0.5939562414706319,-0.271870111136545,-0.882476501014738,7.538216260636506,0.1628574970386929,0.1525988160630052,0.04050784664174052,0.8
74.08730236600059,7.514772593615421,10.455846497212121,0.7322934669302363,-0.5879481353237159,-0.29855441529339105,-0.9041122111609663,7.526292230951421,0.16856431864144927,0.15600106815672493,0.018669479794206904,0.75
74.11813155199889,7.5380418756069965,10.436484213779742,0.6980784597472723,-0.5808685029713553,-0.35221919245864,-0.9909996485432122,7.515360426631072,0.17356660156005282,0.15876373333201974,0.03629501816019563,0.75
74.21906833299909,7.559950720935929,10.417450660759997,0.657265359867987,-0.5710065905923565,-0.38971137126042454,-1.043720413573861,7.505558887153138,0.17913310498069543,0.16079687202174003,0.02349630422283272,0.7000000000000001
74.23693718499999,7.580302823229047,10.39875488175925,0.6105630687935449,-0.5608733700223804,-0.37941523213739997,-1.0721228539639016,7.497043864223825,0.18386471139102695,0.16196806945361358,0.045412209988328255,0.7000000000000001
74.25184767999963,7.598896532742109,10.380200051691205,0.5578112853918636,-0.5566449020413917,-0.3598780820246413,-1.0926370704738502,7.490077299162585,0.18759920634800503,0.16199556137283214,0.06556413911368596,0.7000000000000001
74.35492393499953,7.63066124047303,10.342498862130027,0.45071292469769125,-0.5699978574688109,-0.4402437737794616,-0.9943645743858871,7.481387490740745,0.19440919828442083,0.15779783481426687,0.06618291804105687,0.65
74.365568575,7.63066124047303,10.342498862130027,0.45071292469769125,-0.5699978574688109,-0.4402437737794616,-0.9943645743858871,7.481387490740745,0.19440919828442083,0.15779783481426687,0.06618291804105687,0.65
74.43786832600017,7.6560672930627245,10.302884829780448,0.35631777022217825,-0.6050794210373145,-0.45677037885752014,-0.8631434410975825,7.479462035965382,0.19720537722619205,0.15246189325052012,0.04178044922835174,0.6000000000000001
74.46813855399887,7.666414101012286,10.281862724204492,0.3104042384868447,-0.6306631672786626,-0.45315930792507103,-0.8299484920772897,7.48125656400532,0.19900677873541908,0.1524180708693097,0.06123469978652817,0.6000000000000001
74.52561260999937,7.6752872281639934,10.259859633260746,0.26619381455121294,-0.6600927283123853,-0.446826304199757,-0.796868256690715,7.4848922662155255,0.19917314769043995,0.15427702568369492,0.019473435041724434,0.6000000000000001
74.59412099899964,7.6891884130446835,10.212693434433252,0.18895039892585724,-0.7248907621205255,-0.4250031747874292,-0.6276214201917119,7.49731002014315,0.19777395274360812,0.1641883009134455,0.056933420028802535,0.6000000000000001
74.59803000700049,7.6891884130446835,10.212693434433252,0.18895039892585724,-0.7248907621205255,-0.3860564153475996,-0.6317028593521903,7.49731002014315,0.19777395274360812,0.1641883009134455,0.056933420028802535,0.6000000000000001
74.68840595899928,7.698662263242532,10.160884120463578,0.128349750952257,-0.7942992812412027,-0.3938989937662746,-0.48395402726688375,7.516233014778827,0.19449873349082134,0.17366215111129435,0.08173118132587193,0.6000000000000001
74.74233850000019,7.698662263242532,10.160884120463578,0.128349750952257,-0.7942992812412027,-0.3848213378026145,-0.45196323731715793,7.516233014778827,0.19449873349082134,0.17366215111129435,0.042464589938149985,0.6000000000000001
74.75878615500005,7.70198354696849,10.13341200516044,0.09963851177872804,-0.8241634590940915,-0.36091534637795464,-0.3787820397543188,7.527843971155832,0.1929903962282754,0.17698343483725232,0.06374418475004583,0.55
74.85239264200027,7.706228914791036,10.075880786766438,0.05286087004156394,-0.8749910415040152,-0.34348061118877665,-0.3313647180992574,7.5547232995239275,0.18829212657567931,0.18122880265979813,0.031138894903595827,0.55
74.86631688299894,7.707156074970231,10.046228604101156,0.027814805375844017,-0.8895654799584519,-0.2780480381290912,-0.34968713202917656,7.5697764815083985,0.18522871801617102,0.18215596283899327,0.04628962942934329,0.55
74.96364515700043,7.707389977031557,10.01620246044653,0.00701706183976028,-0.9007843096387655,-0.19473569143404848,-0.37663900953665774,7.585701368352142,0.1816523699870351,0.18238986490031905,0.014028332518279361,0.55
74.9821187409998,7.706828499236651,9.986297452932572,-0.01684433384718971,-0.8971502254187779,-0.16953633508066768,-0.39268033890918075,7.602314810892912,0.1770362641747442,0.18182838710541294,0.02729479350108806,0.55
75.11610933500015,7.703505851541638,9.927465210827148,-0.05971674960725731,-0.8772467282987612,-0.10949521965574248,-0.35047276085943396,7.637092637785652,0.1636997743798291,0.16435575529072177,0.02501146077379302,0.55
75.18055133000053,7.7008695706481545,9.898897289310616,-0.07908842680451547,-0.8570376454959153,-0.07436582763689571,-0.3260151860800382,7.65494181804267,0.1540293140001151,0.1459585836104064,0.03633184767689438,0.552268050859363
75.29197899300016,7.693965829842288,9.844764855473786,-0.11062728719612214,-0.7954154313029758,-0.009077428924467626,-0.2992176117948661,7.690533136554269,0.13251781696699852,0.12059637448053451,0.009707796837046005,0.608276253029822
75.30183018999924,7.693965829842288,9.844764855473786,-0.11062728719612214,-0.7954154313029758,0.05335552313022074,-0.32281352670409297,7.690533136554269,0.13251781696699852,0.12059637448053451,0.009707796837046005,0.608276253029822
75.34869918500044,7.689922148123008,9.81944115534303,-0.12131045157837828,-0.7597110039226717,0.11823204450091983,-0.3432348598146315,7.7079363055032415,0.12252728069318661,0.11492203524671218,0.01330667750291154,0.608276253029822
75.4015180940005,7.685581842696918,9.795252723159987,-0.13020916278271116,-0.7256529654913156,0.18371632083133646,-0.3641663522465931,7.724998991210353,0.11253032129344939,0.11058172982062153,0.009424777535929268,0.6184658438426491
75.42513703999975,7.685581842696918,9.795252723159987,-0.13020916278271116,-0.7256529654913156,0.21899185319808173,-0.36767065018418,7.724998991210353,0.11253032129344939,0.11058172982062153,0.009424777535929268,0.6184658438426491
75.45269607800037,7.68127564668663,9.772079206403635,-0.1291858803086428,-0.6952055026905228,0.23424734658141677,-0.3691205088044294,7.741506359841211,0.10282915977022428,0.10627553381033383,0.011394989536731326,0.6184658438426491
75.51568073399903,7.68127564668663,9.772079206403635,-0.1291858803086428,-0.6952055026905228,0.28147738980333076,-0.37719495788621576,7.741506359841211,0.10282915977022428,0.10627553381033383,0.001825129727122547,0.6184658438426491
75.53339967700049,7.677125425215284,9.749896886215462,-0.1245066441403847,-0.6654696056451959,0.2883394542249521,-0.3768606801712162,7.757365203725675,0.0935082249174862,0.10212531233898758,0.0035449371977894564,0.632455532033676
75.63599019100002,7.67318611138366,9.728621611608567,-0.11817941494871094,-0.6382582382068637,0.33548552410524174,-0.38622019395359475,7.772572661185456,0.08361969524515182,0.09818599850736387,0.0011898859116596752,0.632455532033676
75.69209629699981,7.669550560864823,9.708238656821171,-0.10906651556511192,-0.6114886436218631,0.37398458395133405,-0.4019326712164403,7.787056419772096,0.07427860187068615,0.09455044798852708,0.0021924585459165277,0.632455532033676
75.78744854199977,7.663407200839452,9.670170041998187,-0.08570864826051137,-0.5575937420995838,0.4271596627689903,-0.4219493205006086,7.8136496158335484,0.0545794057151761,0.088407087963156,0.004188860372262028,0.65
75.79824948100031,7.663407200839452,9.670170041998187,-0.08570864826051137,-0.5575937420995838,0.4555509836818995,-0.435032809236357,7.8136496158335484,0.0545794057151761,0.088407087963156,0.004188860372262028,0.65
75.84822527799952,7.6612880376829935,9.652367944973998,-0.06357489469374877,-0.5340629107256772,0.47618886253991705,-0.4435491173914263,7.825499513167126,0.04567249464432321,0.0803667348277311,0.007830379259397661,0.65
75.87453125600041,7.660110585246108,9.635229000698216,-0.03532357310657462,-0.5141683282734788,0.5394936619891595,-0.4699301400516081,7.836220756874162,0.03624486390933493,0.06741508650529959,0.014553840977218211,0.670820393249937
75.90747065899996,7.659952251316259,9.618709770648413,-0.00475001789546425,-0.49557690149405015,0.6029713084903932,-0.49279604607932453,7.845774475793228,0.027125052035580598,0.0556222679216171,0.020111463779696758,0.670820393249937
75.97474678199978,7.660871780602532,9.60274842850846,0.02758587858819643,-0.47884026419858283,0.6955471116284149,-0.5238518026930654,7.854148198444177,0.019213146024066194,0.04498610005144068,0.013230700383494137,0.670820393249937
76.01054319499963,7.662852955093524,9.587330287646164,0.05943523472977188,-0.4625442258689154,0.7334431980966444,-0.5357336261308909,7.861364386068351,0.012487547927469877,0.0354847300117158,0.018047572268686873,0.6946221994724903
76.06018372399922,7.665973689323653,9.572401136779765,0.09362202690387739,-0.4478745259919534,0.7438132994401894,-0.5316909757296957,7.867391310511295,0.006016822821703765,0.027134918533132792,0.011464084437985635,0.6946221994724903
76.19465185499939,7.670255227849303,9.557907102571619,0.12844615576949384,-0.4348210262443927,0.7435791335556531,-0.48662545818688085,7.872244008150951,0.0003642661257002885,0.019913593583201498,0.005104321669716058,0.6946221994724903
76.2075133950002,7.670255227849303,9.557907102571619,0.12844615576949384,-0.4348210262443927,0.7558818467191775,-0.4587972509045587,7.872244008150951,0.0003642661257002885,0.019913593583201498,0.005104321669716058,0.6946221994724903
76.23990429100013,7.675735444478298,9.543798441701195,0.1644064988698442,-0.4232598261127014,0.7310662892663399,-0.47139488415318576,7.875922023431726,0.004109679570852902,0.013812362148998097,0.00901372874130229,0.7211102550927979
76.30029267600003,7.682389349214267,9.53008299110989,0.1996171420790759,-0.41146351773920375,0.7193299527942973,-0.45333132751387273,7.878443243003125,0.00741972308586022,0.008819095189028191,0.00770810286327985,0.7211102550927979
76.34288372799892,7.690236078763494,9.516670760949271,0.23540188647682464,-0.40236690481857557,0.7129692928224954,-0.43943158654346787,7.8798464730934015,0.00998456675621093,0.004883691966016175,0.00985538901717874,0.7211102550927979
76.39116387099966,7.699351679013563,9.503493462411212,0.2734680075020642,-0.3953189561417875,0.7117198442666081,-0.4296166528135935,7.880112390000726,0.011955752489741804,0.0020116375634438937,0.006234706197114341,0.7211102550927979
76.44690098799947,7.709857896078621,9.490429233962969,0.3151865119517264,-0.3919268534473077,0.7065113833660188,-0.40141439448267857,7.879216887192023,0.01281403071639056,0.00020285036804225612,0.007733841012937269,0.7106335201775948
76.50131340400003,7.72187828152243,9.477365488816192,0.36061156331426875,-0.39191235440330857,0.7080738302421445,-0.39055264786924826,7.877130599380896,0.012542167434459718,0.0005349163531431866,0.0014967059815649334,0.7106335201775948
76.51209508099964,7.735371213647345,9.464321625227992,0.40478796374745135,-0.3913159076460084,0.7122804229395737,-0.372267973253977,7.873881735357581,0.011590267828158148,0.00021737694561535176,0.001983064717102532,0.7106335201775948
76.5455465140003,7.7502685398138755,9.451372717462355,0.44691978499591983,-0.38846723296912444,0.7148847724770901,-0.34802935024467885,7.869486973648963,0.009901617642011971,0.0011603629182466951,0.0014498490666880121,0.6726812023536856
76.6128654160002,7.766479967857649,9.438611686449123,0.4863428413131854,-0.38283093039696686,0.7061277803905035,-0.30788704504711784,7.863969545163379,0.007138459189758214,0.0036001620563280517,0.0013533660248906852,0.7071067811865476
76.63178010000047,7.783867826815911,9.426077629413756,0.5216357687478766,-0.376021711060995,0.708862838679816,-0.29336027577619306,7.857421711693836,0.003585921289660569,0.007032318310543391,0.0036622098159876802,0.7071067811865476
76.6641888109989,7.802273932337421,9.413817474473714,0.5521831656453027,-0.36780464820124964,0.7059889887329758,-0.2692621381009647,7.849946514841021,0.00030789537529082953,0.01137816164353607,0.006743251584464304,0.6726812023536856
76.72202885700062,7.821509562825479,9.401835632378164,0.5770689146417544,-0.35945526286646445,0.709761799449599,-0.25435941699024894,7.841695645387124,0.0049767940839934525,0.016507364605172086,0.00048415653902808266,0.6726812023536856
76.74193540099986,7.841498291275653,9.390143071640532,0.5996618535052035,-0.35077682212894795,0.7113449361057876,-0.22177098010941135,7.832725957399585,0.010081319750596634,0.022373641052570902,0.001622271453800735,0.7106335201775948
76.76915504799945,7.86216959159008,9.37880732324041,0.6201390094327957,-0.3400724520036322,0.7499844679699736,-0.21185210072886504,7.8230549336670165,0.01523702135302257,0.028974873117294724,0.003432330457635791,0.6800735254367722
76.83032859000014,7.883435374322834,9.367846236761762,0.6379734819826275,-0.3288325943594517,0.7603613142763398,-0.18987743701494797,7.812743115202911,0.02106680096481379,0.03626139371664039,0.013808569662621499,0.6800735254367722
76.85241055000006,7.90523812597773,9.357303968473765,0.6540825496468873,-0.31626804863993035,0.7052445717381871,-0.17278710412887127,7.801810067112284,0.026757940317265323,0.04422375786481394,0.02109409108945666,0.651920240520265
76.86438640300003,7.90523812597773,9.357303968473765,0.6540825496468873,-0.31626804863993035,0.7042594821622786,-0.16143284069128128,7.801810067112284,0.026757940317265323,0.04422375786481394,0.02109409108945666,0.651920240520265
76.90249090199904,7.9274972030840765,9.347204694227157,0.6677723131903763,-0.3029782273982504,0.6738814907006206,-0.15252846140499457,7.790305128588434,0.03244114417445402,0.05282203692482645,0.02766602131397057,0.6946221994724903
76.94079496199993,7.950107653509437,9.337596448457553,0.6783135127608213,-0.28824737308813453,0.6772751794973499,-0.14700406268708918,7.778281523650794,0.038574077251638146,0.062015984007286556,0.004098981303563395,0.670820393249937
77.00639147999937,7.972991014584867,9.328489960055327,0.6865008322629098,-0.27319465206678417,0.7514089312524084,-0.11335842799023135,7.765793402392996,0.04296104405137488,0.07175770409805332,0.007159443578784452,0.670820393249937
77.04996923199906,7.996156553768204,9.31992562515716,0.6949661755001052,-0.2569300469450158,0.7627056632553875,-0.10009232951594493,7.752806965553574,0.047957347501426564,0.08208231466158583,0.008335911261601204,0.670820393249937
77.07858639199912,8.019517480014892,9.31186765541778,0.700827787400668,-0.24173909218136858,0.775532706152616,-0.08646884856067738,7.739410767305149,0.04917503112681225,0.08686751795456793,0.01311258100895812,0.65
77.10457593699903,8.042974410090396,9.304325108808763,0.703707902265109,-0.22627639827050258,0.783507703529036,-0.0772706869756884,7.725675158769094,0.05026558303312116,0.07932497134555128,0.0172483120582026,0.65
77.16425395799888,8.066423828247705,9.297334579099413,0.7034825447192607,-0.20971589128048884,0.7888780538649429,-0.05043422876962689,7.711655889979226,0.04891472477483628,0.07233444163620106,0.007616929106827611,0.6800735254367722
77.18404197699965,8.066423828247705,9.297334579099413,0.7034825447192607,-0.20971589128048884,0.7928894982413652,-0.0390221899483901,7.711655889979226,0.04891472477483628,0.07233444163620106,0.007616929106827611,0.6800735254367722
77.27099661799912,8.08992558068187,9.290877639572713,0.7050525730249171,-0.19370818580100685,0.7755189785582562,-0.019954750871658072,7.697314622860616,0.0476050406682813,0.06587750210950105,0.004914943455315432,0.6800735254367722
77.31027295400054,8.113516829140167,9.284950111569245,0.7077374537488986,-0.17782584010404678,0.7690446962607553,-0.010448651007311321,7.682622350673305,0.045175987560983503,0.059949974106032755,0.010342236155442152,0.6670832032063168
77.38340384599906,8.113516829140167,9.284950111569245,0.7077374537488986,-0.17782584010404678,0.754250986427502,0.005837311140630824,7.682622350673305,0.045175987560983503,0.059949974106032755,0.006289657123375127,0.6670832032063168
77.40841784999975,8.137247138462133,9.279610231649817,0.7119092796589573,-0.16019639758279433,0.7287991698858879,0.003205565355124354,7.667501497006254,0.04295221304727904,0.05461009418660545,0.013160445039492999,0.6670832032063168
77.49199472200053,8.161142430773328,9.27485174034067,0.716858769335835,-0.14275473927442947,0.710789589074069,0.00620579317958124,7.651933412886862,0.040342382726878276,0.04985160287745849,0.00542738373854898,0.6576473218982953
77.49974534600005,8.185208047623423,9.270678938147077,0.7219685055028262,-0.12518406580781885,0.7036387782288885,0.016263746943286958,7.635908967395759,0.03805913461513678,0.04567880068386465,0.011458904071958225,0.6576473218982953
77.55353979499887,8.20942755318818,9.267112375214204,0.7265851669427178,-0.106996887986167,0.6927302869034124,0.03388345346203519,7.6194256046598605,0.03576410208568228,0.04211223775099171,0.014440544856502703,0.651920240520265
77.60179253699971,8.20942755318818,9.267112375214204,0.7265851669427178,-0.106996887986167,0.6868077588680547,0.06138281761389716,7.6194256046598605,0.03576410208568228,0.04211223775099171,0.004932327876047773,0.651920240520265
77.6068346409993,8.233795532289752,9.264135857613647,0.7310393730471823,-0.08929552801671164,0.6913324508842207,0.06235212491439725,7.602495436407821,0.033881860570347866,0.039135720150435205,0.010469897308536199,0.651920240520265
77.6550941459991,8.25829195343123,9.261747585897849,0.734892634244349,-0.07164815147395953,0.674968578757136,0.0878347184498513,7.585132782220203,0.03216251251768282,0.036747448434637064,0.013331346214580764,0.65
77.67406680100066,8.25829195343123,9.261747585897849,0.734892634244349,-0.07164815147395953,0.6639974455262565,0.11610932356767102,7.585132782220203,0.03216251251768282,0.036747448434637064,0.013331346214580764,0.65
77.7340506950004,8.282882147783683,9.259980109328032,0.7377058305735631,-0.05302429709453934,0.6488859173731039,0.11933332403558192,7.567341187542297,0.030929295177499483,0.0349799718648196,0.01017237044850209,0.65
77.81759948499894,8.282882147783683,9.259980109328032,0.7377058305735631,-0.05302429709453934,0.6287686683341043,0.13718234329682233,7.567341187542297,0.030929295177499483,0.0349799718648196,0.0,0.65
77.83195862100001,8.30751770927402,9.258782720042461,0.739066844710088,-0.03592167856711148,0.6204273560793852,0.1335636606002117,7.549187760291406,0.029940055281561847,0.033782582579249265,0.004965027207548985,0.65
77.87544089999938,8.30751770927402,9.258782720042461,0.739066844710088,-0.03592167856711148,0.6079374923873446,0.13705098613719938,7.549187760291406,0.029940055281561847,0.033782582579249265,0.004965027207548985,0.65
77.92926443999932,8.332155761072979,9.258193247342135,0.7391415539687558,-0.01768418100981655,0.5909343551902919,0.1377013668418287,7.530678574644314,0.02943823349390584,0.033193109878922655,0.0040942517186768135,0.65
77.957880947999,8.356703941008966,9.258243132466266,0.7364453980796319,0.001496553723919665,0.5885562919991404,0.15045178095883938,7.5118612331120715,0.029280764899445623,0.03324299500305372,0.008799210222772668,0.65
77.98767231800048,8.381071911203666,9.258879251377369,0.7310391058410013,0.019083567333116554,0.590054909966776,0.1626517653923812,7.492835817470461,0.029586762381039303,0.03387911391415699,0.012746283183783992,0.65
78.04102736999994,8.405195144517654,9.26008467312175,0.7236969994196293,0.036162652331391765,0.5843277629051553,0.19124499677013868,7.473659258581187,0.030134096381684274,0.03508453565853742,0.005046743806224076,0.651920240520265
78.17123441600052,8.429044647189242,9.261840742273659,0.7154850801476459,0.052682074557289835,0.6733953754958357,0.3422464577559934,7.454362455414688,0.03110633996473632,0.03684060481044682,0.0017735698045644717,0.651920240520265
78.20170815799975,8.452573261377845,9.26416240706392,0.7058584256581024,0.06964994370783337,0.6849178304070429,0.36894168688669854,7.434968324973435,0.03219511151952457,0.039162269600707234,0.0029404717080217346,0.6576473218982953
78.23671213799935,8.475790112556307,9.267032076784977,0.696505535353882,0.0860900916317284,0.6876406194845288,0.39192921861398017,7.415478123819443,0.0337278936401481,0.042031939321764966,0.0032805715438466976,0.6576473218982953
78.2816190600006,8.498693340883243,9.270470152015754,0.6870968498080797,0.10314225692333828,0.6868473802321934,0.4175436943299328,7.395876881211345,0.03511326774917422,0.04547001455254218,0.0006172882221915639,0.6576473218982953
78.29958247099967,8.521216907644986,9.274436650788376,0.6757070028523109,0.11899496317866512,0.6866439333293026,0.4310234933743989,7.376237687927408,0.03702091483994639,0.049436513325163745,4.463063926412607e-05,0.6670832032063168
78.38062637099938,8.543350721559298,9.278928656120714,0.6640144174293743,0.13476015997016336,0.6682221719319029,0.46272813852138517,7.356567141430138,0.038247928048060646,0.05392851865750181,0.0011446942609836003,0.6670832032063168
78.41423180699894,8.543350721559298,9.278928656120714,0.6640144174293743,0.13476015997016336,0.6525834878593156,0.45880600759850354,7.356567141430138,0.038247928048060646,0.05392851865750181,0.0011446942609836003,0.6670832032063168
78.45326917000057,8.56506817251186,9.283926075881215,0.6515235285768378,0.14992259281504683,0.6457947395372167,0.4556402457438747,7.336895690788994,0.04003550877015762,0.0589259384180032,0.002851187696196334,0.6800735254367722
78.4972950600004,8.56506817251186,9.283926075881215,0.6515235285768378,0.14992259281504683,0.6457947395372167,0.4556402457438747,7.336895690788994,0.04003550877015762,0.0589259384180032,0.0019275479526249667,0.6800735254367722
78.53926972699992,8.586498357079668,9.28951806638014,0.642905537034249,0.16775971496771516,0.6260982403088935,0.44647472527544657,7.317064766705858,0.04070548182425637,0.06451792891692776,0.004447005057303042,0.6800735254367722
78.56638877200021,8.60768966609569,9.295852251022938,0.6357392704806413,0.19002553928393398,0.6310570667707825,0.4523295545550141,7.296938289304182,0.04195745343596292,0.07085211355972554,0.006873682579746997,0.696419413859206
78.61207356699924,8.628659797396862,9.3030247600598,0.6291039390351862,0.2151752711058691,0.6226758956864592,0.46756302047319925,7.276436975967061,0.04175782185396045,0.0780246225965886,0.007686561830526641,0.65
78.63737011100056,8.628659797396862,9.3030247600598,0.6291039390351862,0.2151752711058691,0.6019057695813325,0.48301859077367737,7.276436975967061,0.04175782185396045,0.0780246225965886,0.007686561830526641,0.65
78.66824490599902,8.649467375103818,9.31109714168362,0.6242273312086543,0.2421714487145526,0.5918012482868434,0.4911488285446744,7.255473553218181,0.041829967338881065,0.07893415913565767,0.010576688660311143,0.65
78.7079373409997,8.670122067150263,9.320079013959246,0.6196407613933563,0.2694561682687796,0.5662829540913668,0.5300489675095894,7.234032001480318,0.03987521721228746,0.07068022912014307,0.0005011782467321681,0.670820393249937
78.74877509500038,8.69062223577586,9.329974350000835,0.6150050587679093,0.2968600812476935,0.5219111266736957,0.5646924780106883,7.2121087413968255,0.03749776023157109,0.0631814800866431,0.0007411134766935192,0.670820393249937
78.78316632899987,8.710958388531484,9.340773629689869,0.6100845826686999,0.32397839067098044,0.4900320141173557,0.5969933872329443,7.189715233164281,0.03513483196971639,0.05643789246994172,0.002949018156246174,0.6946221994724903
78.81592563699996,8.710958388531484,9.340773629689869,0.6100845826686999,0.32397839067098044,0.4900320141173557,0.5969933872329443,7.189715233164281,0.03513483196971639,0.05643789246994172,0.0024536653398511896,0.6946221994724903
78.83616239500043,8.731092788252756,9.35239417338582,0.6040319916381416,0.34861631087855144,0.471973533943534,0.6111011930134649,7.166932798153788,0.03209625057898368,0.05041768714039156,0.005744678351790513,0.651920240520265
78.86746556300022,8.750964565536105,9.36478879101691,0.5961533185004596,0.3718385289327105,0.5235388561207269,0.6052692324113936,7.143836873335606,0.02983164938477044,0.04513053684626467,0.008114481283835696,0.6800735254367722
78.92578942799992,8.770533379555353,9.377844684691354,0.5870644205774355,0.39167681023330725,0.5419973886080893,0.5982818633111592,7.1205312498669215,0.02722318782050817,0.04052520670512609,0.0010599091880186618,0.6800735254367722
78.95657373999893,8.789836957326658,9.391484141730228,0.5791073331391546,0.4091837111662069,0.5407407192801919,0.6069091494088321,7.09703833492195,0.024936941994615977,0.03652006852576447,0.002756471464409082,0.6800735254367722
79.00143664999996,8.789836957326658,9.391484141730228,0.5791073331391546,0.4091837111662069,0.5144672065898438,0.6019576840814258,7.09703833492195,0.024936941994615977,0.03652006852576447,0.002756471464409082,0.6800735254367722
79.0582848009999,8.80882362406022,9.405703473252315,0.5696000020068602,0.42657994566260704,0.49073167669762224,0.589309322942176,7.073398569452919,0.023239187639535284,0.033149053469540626,0.002847848051280403,0.6726812023536856
79.09363639900039,8.827432969142267,9.420537555063976,0.5582803524614006,0.4450224543498602,0.47409867436352604,0.5811508856371203,7.049633456319169,0.02145433416836519,0.030479539210287426,0.006416723690666057,0.6726812023536856
79.0997894079992,8.827432969142267,9.420537555063976,0.5582803524614006,0.4450224543498602,0.44116316587330157,0.5902461126386656,7.049633456319169,0.02145433416836519,0.030479539210287426,0.006416723690666057,0.6726812023536856
79.14972095099984,8.845539878828003,9.436043296073956,0.543207290572068,0.46517223029940674,0.4126327915253838,0.5896173864994131,7.025798410222395,0.020503579231136857,0.028640235200650097,0.006261265984251988,0.6726812023536856
79.18085691799934,8.863194055908641,9.452160363822118,0.5296253124191321,0.4835120324448866,0.3522478377473508,0.6222318773414784,7.001896156020647,0.0201265011706234,0.02755333476823097,0.008231557934316836,0.6726812023536856
79.25761106800019,8.89719079562973,9.486058729897769,0.5038987619235212,0.5160764017526104,0.2716467941163412,0.6608324498175027,6.95396848289037,0.020607095828532176,0.027483774096451984,0.003974045084151477,0.6726812023536856
79.26857843499965,8.89719079562973,9.486058729897769,0.5038987619235212,0.5160764017526104,0.24166484204088495,0.6771028951532095,6.95396848289037,0.020607095828532176,0.027483774096451984,0.003974045084151477,0.6726812023536856
79.32622380499924,8.913601945457252,9.503740544249988,0.4923344948257008,0.5304544305665502,0.20283741363051305,0.6917076891958488,6.929958568760436,0.021501637087305788,0.02838226959847805,0.005039246480177884,0.6800735254367722
79.35474959400017,8.913601945457252,9.503740544249988,0.4923344948257008,0.5304544305665502,0.1921276387490791,0.694513825647609,6.929958568760436,0.021501637087305788,0.02838226959847805,0.005039246480177884,0.6800735254367722
79.37414232799892,8.929690799703316,9.521887434765707,0.48266562738193824,0.5444067154715725,0.1881230291889338,0.6921185696274057,6.905882411873854,0.02268091805963992,0.0298375210006794,0.0028145868468910516,0.6800735254367722
79.42637694899895,8.945483894083676,9.5405052618661,0.47379283141079576,0.558534813011752,0.17637932024919414,0.691871441136198,6.881716977122897,0.024400888491249967,0.03183490866205396,0.003280783058614819,0.6800735254367722
79.4755861169997,8.96088949794696,9.559584978009669,0.46216811589853224,0.5723914843070578,0.15728199578575977,0.6944963021367271,6.857537847086759,0.02624405089180084,0.03443289837028412,0.0009458170001613807,0.6946221994724903
79.52624251799898,8.975852226732364,9.579092924781063,0.4488818635620993,0.5852384031418478,0.12951337673063276,0.708633114739369,6.83340992368,0.028547816188804014,0.037646852830148986,0.0005789927792547769,0.6946221994724903
79.55076792900036,8.99031629108064,9.598935064969545,0.4339219304482922,0.5952642056544737,0.11611902275263752,0.718515668361704,6.809438534457639,0.03138990447458942,0.04144972672649387,0.0002466925701715687,0.6946221994724903
79.58752173399989,9.004184507324673,9.619072610572632,0.41604648732100274,0.604126368092605,0.0935962287917892,0.7297175859675317,6.785723675829296,0.03405077803868296,0.04588281202977247,0.0021283806697008417,0.7158910531638177
79.60966765800003,9.004184507324673,9.619072610572632,0.41604648732100274,0.604126368092605,0.07980122382853869,0.7379423965041543,6.785723675829296,0.03405077803868296,0.04588281202977247,0.0021283806697008417,0.7158910531638177
79.63234617499984,9.004184507324673,9.619072610572632,0.41604648732100274,0.604126368092605,0.07073235174359543,0.7406218180727876,6.785723675829296,0.03405077803868296,0.04588281202977247,0.0021283806697008417,0.7158910531638177
79.69927274600013,9.0173290311856,9.63951303969688,0.3943357158278193,0.6132128737274396,0.06390017519356758,0.7397802681245041,6.762358175981428,0.03745738590004471,0.051041796116361546,0.001572486263865539,0.7158910531638177
79.76261617099954,9.040866157741958,9.681361566895568,0.33873533206720835,0.6325150178044299,0.13248566635861564,0.7492222095205044,6.71708276235958,0.045051600911166015,0.06398991168357722,0.0068481271725093955,0.696419413859206
79.76786482500029,9.040866157741958,9.681361566895568,0.33873533206720835,0.6325150178044299,0.13248566635861564,0.7492222095205044,6.71708276235958,0.045051600911166015,0.06398991168357722,0.0068481271725093955,0.696419413859206
79.81997083699935,9.051176700626502,9.70274192896761,0.30931628653632554,0.6414108621612827,0.1326718502770028,0.8377058846700448,6.695259162389174,0.04989267032401656,0.07181745589756558,0.0007147673301978571,0.7280109889280518
79.86744205200011,9.060490662691327,9.72438570510737,0.2794188619447545,0.6493132841928064,0.13503973627676033,0.8998216646287996,6.674028380108226,0.053548213887631674,0.08053595104072134,0.002435258373667895,0.7280109889280518
79.91772805800065,9.068854210732612,9.746236245962344,0.2509064412385607,0.65551622564924,0.11703724178264675,0.965174915211267,6.65339663471486,0.057947289107270525,0.09007269511709533,0.0020008053852628165,0.7280109889280518
79.93035726800008,9.068854210732612,9.746236245962344,0.2509064412385607,0.65551622564924,0.11703724178264675,0.965174915211267,6.65339663471486,0.057947289107270525,0.09007269511709533,0.0020008053852628165,0.7280109889280518
79.97014374500031,9.076301650129958,9.768274242389381,0.2234231819203929,0.6611398928111232,0.0786960666164778,1.0223040579757252,6.633354592484429,0.06003428105613284,0.09869848658819613,0.004907783224401071,0.7158910531638177
80.0267502989991,9.082830336702614,9.790477536461253,0.19586059717968432,0.6660988221561603,0.0565515406468626,1.0818503034266898,6.61392283702015,0.061920002251580675,0.0921698000155402,0.0011666898262970343,0.7158910531638177
80.06766241500009,9.088486091922704,9.812869420639347,0.169672656602694,0.6717565253427786,0.0325932664254524,1.1814352366456735,6.595055743156489,0.0620899743122475,0.08651404479545022,0.003219632753734316,0.7071067811865476
80.10111986300035,9.09325595413713,9.83543000710316,0.14309586643276997,0.6768175939144161,0.013473781489952954,1.2199019590731355,6.576780607949414,0.06270539070237312,0.08174418258102456,0.004550387665162183,0.7071067811865476
80.13535790899914,9.097157198081451,9.858121591107025,0.1170373183296396,0.6807475201159705,0.00911850505325237,1.224597584865015,6.559113395615342,0.062342136396489056,0.077842938636703,0.006455133029963572,0.70178344238091
80.18541895999988,9.100392233066824,9.880973503906255,0.09705104956119676,0.6855573839768773,0.035109775885322034,1.190672778118323,6.54188523270774,0.06251036559939249,0.07460790365133008,0.00806686671268306,0.7516648189186454
80.21759362199919,9.103057085037868,9.903998838958369,0.07994555913134366,0.6907600515634356,0.04927932317471187,1.2024025374305423,6.525018332453401,0.062074751006176154,0.07194305168028592,0.008491799856170093,0.75
80.24449159100004,9.105142856434703,9.927457513842445,0.06257314190505045,0.7037602465222466,0.04927932317471187,1.2024025374305423,6.5083568343641955,0.062164274475498445,0.0698572802834505,0.004061005016149733,0.75
80.26237413799936,9.105142856434703,9.927457513842445,0.06257314190505045,0.7037602465222466,0.04790327583254825,1.2298722432049152,6.5083568343641955,0.062164274475498445,0.0698572802834505,0.004061005016149733,0.75
80.30232701800014,9.106686517268281,9.951554897816434,0.0463098250073127,0.7229215192197019,0.047737990050180784,1.2296218686530302,6.491746783621584,0.06209162346424712,0.06831361944987258,0.0054282888694081885,0.75
80.35610340699895,9.107613705284342,9.976525618330982,0.02781564048183247,0.7491216154364027,0.05377066295887084,1.2296251411752044,6.475103234076305,0.06260531204348777,0.06738643143381218,0.021039678960773436,0.75
80.37911263500064,9.107943419612099,10.002516494867535,0.009891429832691841,0.7797262960965963,0.0705012430311894,1.163953554872957,6.458327955177468,0.06324098545077006,0.06705671710605543,0.03054420370695563,0.75
80.42439178099994,9.107699323541375,10.029630309170189,-0.007322882121714832,0.8134144290796163,0.09100442999669422,1.098857350390105,6.441348885458325,0.06442200742121998,0.06730081317677872,0.03932092821477983,0.75
80.49357877900002,9.10569054649136,10.087067980178741,-0.03708866480602284,0.8772123676384604,0.12622924696722349,1.0104182909349317,6.406773783513235,0.06762417261327333,0.06930959022679417,0.03364144120604952,0.75
80.5264291250005,9.10569054649136,10.087067980178741,-0.03708866480602284,0.8772123676384604,0.1466559434220739,0.9841108526825045,6.406773783513235,0.06762417261327333,0.06930959022679417,0.03364144120604952,0.75
80.5753847800006,9.104076172644229,10.117315350769875,-0.048431215413916394,0.9074211177340429,0.17516258420175596,0.9720996173130705,6.389133893099629,0.06965991001172807,0.0709239640739252,0.016483992471405817,0.75
80.60510832599903,9.102136231668192,10.148558145791606,-0.058198229281126,0.9372838506519512,0.17313281124750768,0.9045566512833529,6.371227116811461,0.07191551533217526,0.07286390504996199,0.033312502715170264,0.75
80.65435146900018,9.102136231668192,10.148558145791606,-0.058198229281126,0.9372838506519512,0.17961482100203963,0.8433551665237927,6.371227116811461,0.07191551533217526,0.07286390504996199,0.033312502715170264,0.75
80.68441767799959,9.102136231668192,10.148558145791606,-0.058198229281126,0.9372838506519512,0.1861705340709805,0.821205711468555,6.371227116811461,0.07191551533217526,0.07286390504996199,0.0,0.75
80.71256369000002,9.099914079406155,10.180729962685419,-0.06666456786113581,0.9651545068144107,0.1838364646408383,0.7536703222857132,6.353073023247303,0.0743997548439616,0.07508605731199935,0.019729738725052386,0.7000000000000001
80.79560171000048,9.094719544053675,10.24750652506087,-0.08251505905905213,1.012738843885714,0.1773729587676173,0.6517431767070399,6.316212347374558,0.07990992263489939,0.0802805926644794,0.016829970743178924,0.7000000000000001
80.83860269800061,9.091580523030686,10.281899724307888,-0.09417063068965366,1.0317959774105159,0.17352900321786957,0.7553386835025822,6.2977897212058265,0.0831562040597453,0.08341961368746809,0.023974118422082472,0.7000000000000001
80.90193643599923,9.087976457278694,10.316828467484148,-0.10812197255973889,1.0478622952878296,0.17617264041270608,0.821254007036254,6.279551483763068,0.08683346728492801,0.08702367943945966,0.012462310862213785,0.7000000000000001
80.95036617500045,9.080735179638088,10.387212421805424,-0.10651598221967207,1.0566808226643394,0.1913648611627845,0.9223516419948867,6.243221198845883,0.09416723654349583,0.09426495708006577,0.032097671894175596,0.7000000000000001
81.0347023129998,9.07376640159937,10.457211051200785,-0.10354653102681344,1.0434633464078629,0.22279642498669455,0.958645430215591,6.207490274755574,0.10118310834103007,0.1012337351187842,0.03801497466812595,0.7000000000000001
81.12173947799965,9.067108736344368,10.524493173492601,-0.09852248262846985,0.9954720101936984,0.2373071313612451,0.881110380397925,6.173673423350331,0.10786550158164303,0.10789140037378608,0.03463622620154938,0.7000000000000001
81.15210774700063,9.063975011822269,10.55673882064337,-0.09401173566299661,0.9673694145230292,0.24088732732175627,0.8996043987203459,6.157617028257461,0.11100572249520109,0.11102512489588534,0.049457404132965,0.7000000000000001
81.19322427299994,9.060972830600516,10.588108856859177,-0.09006543665256521,0.9411010864742206,0.24754096817792276,0.9151571816902236,6.142082237744552,0.11401321992213885,0.114027306117638,0.06360475862652001,0.7000000000000001
81.29267971399895,9.055281167630602,10.648674190422241,-0.08329075047481763,0.9007474097055242,0.28127681864814974,0.8797540854002472,6.112351261300354,0.11971159180250725,0.1197189690875522,0.04969670296704076,0.7000000000000001
81.31338017400049,9.055281167630602,10.648674190422241,-0.08329075047481763,0.9007474097055242,0.2273176099526763,0.8894010838114318,6.112351261300354,0.11971159180250725,0.1197189690875522,0.04969670296704076,0.7000000000000001
81.37743801899887,9.0525846669645,10.678285040287696,-0.08089501998308053,0.8883254959636474,0.28242471377470824,0.7837245852528797,6.097912332075696,0.1224105226249632,0.1224154697536548,0.020843050156789493,0.7000000000000001
81.41440412600059,9.049928042233278,10.7077967287081,-0.0796987419366431,0.8853506526121622,0.2828010142908068,0.716035329934007,6.083606645106608,0.1250689533229815,0.12507209448487622,0.04159243224492401,0.65
81.4532358409997,9.047352486375386,10.73747011729373,-0.07726667573674686,0.8902016575688898,0.28206119506779065,0.6914565106482288,6.069254823207675,0.1276462070947083,0.1276476503427677,0.0385397420761183,0.65
81.53807765099918,9.044814049058427,10.767368867067665,-0.07615311950879378,0.8969624932180417,0.30035580856257715,0.6721253616474435,6.054860466335034,0.13018619110172383,0.13018608765972672,0.05633007082838138,0.65
81.56926418799958,9.042219121146847,10.79753152173663,-0.07784783734744191,0.9048796400689553,0.30076362514794397,0.6652064417793015,6.040483877009834,0.13278273300219862,0.1327810155713074,0.03707496072291767,0.65
81.59846332699999,9.042219121146847,10.79753152173663,-0.07784783734744191,0.9048796400689553,0.3077863367119992,0.6642744011197115,6.040483877009834,0.13278273300219862,0.1327810155713074,0.03707496072291767,0.65
81.63222940100059,9.039878993017243,10.827752315617037,-0.0702038438880964,0.9066238164121989,0.3146213706619622,0.6662291198356489,6.0259795480285065,0.13512453699535423,0.13512114370091055,0.05532969153385788,0.65
81.71906799600038,9.039878993017243,10.827752315617037,-0.0702038438880964,0.9066238164121989,0.33831580434339076,0.6765716570884549,6.0259795480285065,0.13512453699535423,0.13512114370091055,0.0,0.65
81.7470375640005,9.037859113234202,10.858019225612688,-0.060596393491238305,0.9080072998695258,0.3436271083537087,0.6793809246059281,6.011298503565014,0.1371465017466859,0.1371410234839523,0.01835811859272074,0.65
81.82812752800055,9.036220931723287,10.888313418801319,-0.049145445327453664,0.908825795658925,0.3468416702900359,0.6945509282809779,5.996398014489118,0.13878717638270252,0.13877920499486684,0.03641269710943051,0.65
81.89062501599983,9.035043292217054,10.918622996043549,-0.035329185186985586,0.9092873172669126,0.34097769732982286,0.7028245864290085,5.981216104858475,0.13996782955406717,0.1399568445010999,0.01911558185916461,0.65
81.90983397699893,9.034235831586875,10.948954792537688,-0.024223818905373548,0.9099538948241664,0.31938201813844613,0.6936936349458078,5.965823707540269,0.14077958180573877,0.14076430513127924,0.03794822714063822,0.65
81.93137575999936,9.033802473886636,10.978994243103163,-0.013000731007168042,0.9011835169642739,0.32318344034820246,0.6713798866754399,5.950381022101052,0.1412178772588142,0.1411976628315177,0.05572889717972194,0.65
82.0045839559989,9.033831662570487,11.008557207810224,0.0008756605154880918,0.886888941211826,0.30626348455078256,0.6710950519447645,5.934903551074393,0.1411958120002897,0.1411684741476673,0.017151750087418552,0.65
82.06359214700024,9.034383430496883,11.03755869241854,0.016553037791879072,0.8700445382494765,0.2951004822498926,0.6765975940635032,5.919376486726096,0.14065282602393891,0.14061670622127131,0.033551954799977454,0.65
82.13061136400029,9.035468794084066,11.066031881581488,0.032560907615517304,0.8541956748884315,0.2827114864034608,0.6740487616251096,5.9037648055521545,0.13957840458093795,0.13953134263408806,0.016365338735107714,0.65
82.23450374899949,9.037028986103758,11.094013591944732,0.046805760590767145,0.8394513108973493,0.2590437207475307,0.7049785315901322,5.888092201466154,0.13803334592115477,0.1379711506143959,0.01371632205862433,0.65
82.2923814299993,9.039014926846452,11.12157570488174,0.059578222280796296,0.8268633881102634,0.2420602727923477,0.7219716092532137,5.872357379488558,0.13606436993702686,0.13598520987170204,0.026848133979984437,0.65
82.33178373999908,9.041392452810246,11.148748408162765,0.07132577891381053,0.8151810984307292,0.21578362189642536,0.7356267265054214,5.856568643395802,0.13371236176255633,0.13360768390790767,0.012595613214748483,0.65
82.34974067599978,9.041392452810246,11.148748408162765,0.07132577891381053,0.8151810984307292,0.2144292391708166,0.7382680012164602,5.856568643395802,0.13371236176255633,0.13360768390790767,0.012595613214748483,0.65
82.3881951250005,9.0440825100677,11.175586512682484,0.08070171772360861,0.8051431355915695,0.20839953717816542,0.7483222974522747,5.840761586454965,0.13104905611472412,0.13091762665045437,0.02474785610297853,0.65
82.41042861700043,9.0440825100677,11.175586512682484,0.08070171772360861,0.8051431355915695,0.1957210801383447,0.7527923144209244,5.840761586454965,0.13104905611472412,0.13091762665045437,0.02474785610297853,0.65
82.46652204100064,9.047073145748467,11.202105046548267,0.08971907042301178,0.7955560159734905,0.19277626586410326,0.7579218324557104,5.824934759776911,0.12810045747180093,0.12792699096968718,0.028178039360560764,0.65
82.50430736099952,9.050304157509373,11.228308207116166,0.09693035282721366,0.7860948170369725,0.16985167600835807,0.7030312987598148,5.809134346439535,0.12491391199789638,0.12469597920878073,0.040900688726849474,0.7000000000000001
82.55340825100029,9.053662736745208,11.254225109472587,0.10075737707504999,0.7775070706926096,0.1497512863945627,0.7000616611600868,5.793440644562621,0.12162130267500247,0.1213373999729459,0.012572175667119361,0.7000000000000001
82.57535708899923,9.053662736745208,11.254225109472587,0.10075737707504999,0.7775070706926096,0.12198988215222435,0.712534273600983,5.793440644562621,0.12162130267500247,0.1213373999729459,0.012572175667119361,0.7000000000000001
82.61591188000057,9.057111125035336,11.279846280237184,0.10345164870384017,0.7686351229379077,0.1372605036146378,0.7223427657958978,5.777888473165125,0.11824500102320003,0.11788901168281818,0.02489741491295954,0.7000000000000001
82.66759645499951,9.060578692677074,11.305231978977984,0.1040270292521845,0.7615709622240097,0.1351852592262653,0.7345575485604416,5.762507735702193,0.11488120688844759,0.11442144404107957,0.01151777499180824,0.7000000000000001
82.74291066099977,9.064033959089212,11.330429035244427,0.1036579923641347,0.7559116879932929,0.1527711939652171,0.7486347186855031,5.7473017402972495,0.11154091943727239,0.11096617762894212,0.02293886168975579,0.7000000000000001
82.77233773999978,9.067413506230062,11.355521057681635,0.10138641422551184,0.7527606731162535,0.15875221938115847,0.7607124888539096,5.732285014032756,0.10832611282431616,0.10758663048809147,0.010645317076907234,0.7000000000000001
82.80766376899919,9.070712549343138,11.380587605662432,0.09897129339228246,0.7519964394239325,0.1761009517307388,0.7667957339546969,5.717423898208998,0.1052102948626763,0.10428758737501553,0.021344804633263142,0.7000000000000001
82.84289782300038,9.073844858307167,11.405711232327763,0.09396926892087622,0.7537087999598996,0.19628358294830234,0.7646011051256257,5.70275612944917,0.10234291854394649,0.10115527841098704,0.03062486661426257,0.7000000000000001
82.88123181399897,9.07678155527946,11.430775701553648,0.08810090916881744,0.751934076776549,0.2072989248503249,0.7636120747231809,5.688363727716174,0.09969869390099872,0.09821858143869377,0.025492659953590686,0.7000000000000001
82.93195508200006,9.079458173143946,11.455757054751494,0.08029853593455581,0.7494405959353828,0.2920611295695594,0.8014897004087862,5.674315904909385,0.09744518770640413,0.09554196357420786,0.03274766224549491,0.7000000000000001
83.00267355100004,9.081821837849168,11.480649476092887,0.07090994115666585,0.7467726402417754,0.369498571609844,0.8200333625296081,5.660663321041092,0.09553950931267081,0.09317829886898643,0.008010459373906443,0.7000000000000001
83.05902975499885,9.08385661171843,11.505480095986417,0.06104321607788555,0.7449185968058998,0.4370603295055706,0.8358715434785621,5.6474089655454875,0.09418010463653785,0.09114352499972433,0.01629587585830928,0.7000000000000001
83.09992928700012,9.085562582682568,11.53024912118798,0.05117912892415752,0.7430707560468854,0.45558609256573146,0.833064402818927,5.63455430281298,0.09318008246431726,0.08943755403558562,0.008210784709065324,0.7000000000000001
83.10137732200019,9.085562582682568,11.53024912118798,0.05117912892415752,0.7430707560468854,0.45558609256573146,0.833064402818927,5.63455430281298,0.09318008246431726,0.08943755403558562,0.008210784709065324,0.7000000000000001
83.18827566800064,9.08801497730246,11.57974132009887,0.03319816181231744,0.7427885928548559,0.5380290914346145,0.8315424283188168,5.609964142609241,0.09289096290103109,0.0869851594156934,0.025172978950888072,0.7000000000000001
83.2514329759997,9.088882081846194,11.60454776800479,0.02601313631198666,0.744193437177633,0.5811937680967248,0.8047765648171695,5.598087587007907,0.09374448386775959,0.08611805487196023,0.02924551283943875,0.7000000000000001
83.27887217599891,9.088882081846194,11.60454776800479,0.02601313631198666,0.744193437177633,0.5966621778435633,0.79005375848255,5.598087587007907,0.09374448386775959,0.08611805487196023,0.02924551283943875,0.7000000000000001
83.40238402199975,9.090455186447887,11.654397810134213,0.023784342532635783,0.7501079178295892,0.6358839376713646,0.7979208046765215,5.574630867605783,0.09653674153156376,0.0845449502702671,0.030476135493683994,0.7000000000000001
83.42965636100053,9.090455186447887,11.654397810134213,0.023784342532635783,0.7501079178295892,0.6492257329353351,0.7824657348384089,5.574630867605783,0.09653674153156376,0.0845449502702671,0.01878132100458613,0.7000000000000001
83.4677028469996,9.09144722026855,11.6796636049128,0.029761014619933794,0.7579738433575925,0.6837050137778764,0.7767846111781289,5.56269981328665,0.09837775421806687,0.08355291644960339,0.02800571758434256,0.7000000000000001
83.498384651999,9.092595753647522,11.705218453813739,0.03445600136914981,0.7666454670281586,0.7150527318138656,0.7548232117478018,5.550592395442407,0.10115417552509166,0.08240438307063158,0.03691319664213178,0.7000000000000001
83.55037487299887,9.09573128917684,11.757153097982721,0.05681042092909956,0.7830909438000848,0.762637847562717,0.7330118647839979,5.525544039858487,0.1081191701944628,0.08554157272996801,0.03423086188587683,0.7000000000000001
83.56983589899937,9.09573128917684,11.757153097982721,0.05681042092909956,0.7830909438000848,0.7896566040649801,0.7104848893154442,5.525544039858487,0.1081191701944628,0.08554157272996801,0.03423086188587683,0.7000000000000001
83.66487853400031,9.098321210658705,11.783615928239318,0.07769764445595333,0.7938849076978913,0.8769022878587603,0.668188072880434,5.512025569575417,0.11301576483137618,0.09651665277413672,0.010255253654242968,0.7000000000000001
83.71038968100038,9.101915800995517,11.810372804071157,0.10783771010433765,0.802706274955185,0.8892629506312434,0.6511397824948999,5.497566585015161,0.11674047233257272,0.11204599453266695,0.019765020174884206,0.75
83.76018196800032,9.106447814772526,11.837459440314808,0.13596041331028386,0.8125990873095361,0.8931319673278024,0.6271921431938828,5.4822124375849075,0.11860095079961583,0.11855232269068594,0.021903640014389346,0.75
83.78465866899933,9.106447814772526,11.837459440314808,0.13596041331028386,0.8125990873095361,0.902535958997396,0.604373202378965,5.4822124375849075,0.11860095079961583,0.11855232269068594,0.021903640014389346,0.75
83.82745907299977,9.111990885261587,11.864842957967666,0.1662921146718283,0.8215055295857389,0.9070503568395942,0.5880721957884372,5.465909067233026,0.11956826806408541,0.11300925220162483,0.03181465141626039,0.75
83.87037353300002,9.11843231971981,11.892554925034895,0.19324303374667867,0.8313590120168868,0.9046778303081113,0.5692066927758912,5.448745755878122,0.11976466412431555,0.10656781774340196,0.03059405420801285,0.75
83.90764791899892,9.125793721440415,11.920518229964603,0.22084205161815756,0.8388991478912623,0.9097527734174733,0.5195600753532067,5.4307337338133435,0.11994818996837767,0.09920641602279723,0.044387614199541126,0.75
83.94266757500009,9.133908440494938,11.948755701759051,0.24344157163572197,0.8471241538334306,0.9146111742637696,0.47569374578199086,5.412016020680427,0.1201985521446275,0.0910916969682738,0.05655323616898446,0.75
83.98975702200005,9.142902635085,11.977002710213313,0.2698258377018034,0.8474102536278378,0.9472406893895526,0.43174835441952125,5.392581179517732,0.12102925391798444,0.08212192173980204,0.027378169005676647,0.75
84.01803708499938,9.153100964170514,12.004988478027983,0.3059498725654632,0.8395730344401133,0.9892062329977235,0.39432636047916364,5.3722326222796974,0.12251809859726497,0.07790243405868445,0.03979753788035055,0.8
84.05325397699926,9.164496943257836,12.032754230751854,0.3418793726196492,0.8329725817161442,1.0067050389036785,0.36490136560129105,5.350952765030317,0.12340423898623636,0.08364309336299956,0.0514028760850871,0.8
84.0658764359996,9.164496943257836,12.032754230751854,0.3418793726196492,0.8329725817161442,1.017650270084402,0.37610166418238133,5.350952765030317,0.12340423898623636,0.08364309336299956,0.0514028760850871,0.8
84.19992921599987,9.19093918618525,12.087859651742232,0.4151303181107537,0.8245213424071303,1.0993945678478911,0.24315276738651287,5.305429940619178,0.13075077139229027,0.1038884285144676,0.03784387214464128,0.8
84.25501979900037,9.205854908165119,12.11528398581657,0.44747165939604494,0.8227300222301357,1.010045102273566,0.1734251116422435,5.2812644164903935,0.13474940931591795,0.11273335294969922,0.0538461968569812,0.8321658488546619
84.30784152500019,9.22178983573479,12.142608651274397,0.4780478270901151,0.8197399637348313,1.009318040543099,0.14478157896889682,5.256264386311465,0.1392077376333901,0.12078711384635245,0.020452400343373235,0.8321658488546619
84.30982734999998,9.22178983573479,12.142608651274397,0.4780478270901151,0.8197399637348313,1.0104169267220873,0.11415540817004927,5.256264386311465,0.1392077376333901,0.12078711384635245,0.020452400343373235,0.8321658488546619
84.33838636200016,9.238702827991467,12.169764597667037,0.5073897677003704,0.814678391779159,1.0062361130497421,0.07757966136276745,5.2304893559778565,0.14321486058334132,0.12802997617527342,0.04041978466386606,0.8500000000000001
84.4291988189998,9.256558705176058,12.196669738032424,0.5356763155377329,0.8071542109616548,0.9899448441226093,0.012503572863683865,5.203997469496635,0.14775809993369707,0.1344287715351569,0.021430159524593335,0.8200609733428363
84.43451215200002,9.256558705176058,12.196669738032424,0.5356763155377329,0.8071542109616548,0.985991328218107,-0.009595234543747055,5.203997469496635,0.14775809993369707,0.1344287715351569,0.021430159524593335,0.8200609733428363
84.4706692109994,9.275209256873033,12.223388145394104,0.5595165509092378,0.8015522208503594,0.9841434044157273,-0.02212690436066972,5.176898469915268,0.15160975172031235,0.14013360698530342,0.04241490156317358,0.8514693182963202
84.54147017600008,9.315344203700786,12.275075409905604,0.6170070290573547,0.7619060519787348,0.9820834132613488,-0.08086130102096803,5.120867196929722,0.15858205051828245,0.14830232915790273,0.04291574172867486,0.848528137423857
84.61492897099924,9.35941360352611,12.322842432560373,0.6759325055018983,0.6999279830535057,0.9803603962781304,-0.1553545517448859,5.062751070509118,0.16209753895405749,0.15091694333487266,0.07882915205755905,0.8514693182963202
84.65318740700059,9.38285861172645,12.345169595433585,0.703350246010174,0.6698148861963527,0.9511456755682082,-0.17260874603260298,5.03297651750473,0.1626307385451469,0.15012650732374394,0.05667261739317311,0.8514693182963202
84.75092879099975,9.40715916408276,12.366485256494919,0.7290165706893152,0.6394698318399834,0.8825502790276266,-0.2283255023479871,5.0027820737267685,0.1623921096252389,0.148015870447961,0.02332763927263669,0.8500000000000001
84.776535392999,9.432266880514849,12.386782229408514,0.7532314929626475,0.6089091874078436,0.8893933903812768,-0.2498645414552455,4.9722075182165355,0.16146982865556717,0.14461416108348474,0.0456923695925399,0.8500000000000001
84.85688673100049,9.458158642963614,12.405935161618817,0.7767528734629796,0.5745879663091334,0.8966522216503812,-0.24301952758650752,4.94131023722786,0.1604065246413385,0.1398490885246037,0.020564495083691823,0.8
84.89359670799968,9.458158642963614,12.405935161618817,0.7767528734629796,0.5745879663091334,0.9040534753812147,-0.17376351653041905,4.94131023722786,0.1604065246413385,0.1398490885246037,0.020564495083691823,0.8
84.92948770600015,9.484744888684778,12.424062398871214,0.7975873716349436,0.5438171175718901,0.9054663582560029,-0.15894240309368446,4.910126941882316,0.15830415795787484,0.13386766627422395,0.03997112915895996,0.8
84.99859957199988,9.51193596034239,12.441325874806854,0.8157321497283411,0.517904278069189,0.935833915320962,-0.16856894189808447,4.878681326504587,0.15784648299960238,0.12684779601833868,0.028274625212943213,0.8
85.04774283699953,9.567809506634301,12.47390005282778,0.8447849300515913,0.4803859438279748,0.9281319829035252,-0.19439983224046953,4.815075462165459,0.15780835402269186,0.11424514392759363,0.05615426058135289,0.75
85.09085173699896,9.567809506634301,12.47390005282778,0.8447849300515913,0.4803859438279748,0.8775971459510501,-0.2184289420874031,4.815075462165459,0.15780835402269186,0.11424514392759363,0.03853608022486822,0.75
85.12482585999896,9.596336282349855,12.488867577198826,0.855803271466606,0.4490257311314019,0.8514376122946721,-0.2372352688396664,4.783172019223175,0.16044487577058497,0.11741976015149999,0.05558136380112637,0.75
85.13203075799902,9.596336282349855,12.488867577198826,0.855803271466606,0.4490257311314019,0.8514376122946721,-0.2372352688396664,4.783172019223175,0.16044487577058497,0.11741976015149999,0.05558136380112637,0.75
85.17752959800055,9.625052677523765,12.502403181068335,0.8614918552173395,0.40606811608526033,0.8157156331280683,-0.24896883795110097,4.751575437136381,0.16226114282039175,0.12740299666646493,0.07108148869873492,0.7000000000000001
85.22325182500026,9.653955857263197,12.514414808108183,0.8670953921829588,0.3603488111954556,0.8109012268908973,-0.20690191438756667,4.7203166122529145,0.165406519440495,0.13941462370631363,0.03174080914252505,0.7000000000000001
85.23350714099979,9.653955857263197,12.514414808108183,0.8670953921829588,0.3603488111954556,0.8031772766931202,-0.1915928478641402,4.7203166122529145,0.165406519440495,0.13941462370631363,0.03174080914252505,0.7000000000000001
85.2991098120001,9.683031739756196,12.525054315628243,0.8722764747899393,0.31918522560177814,0.7940419648995435,-0.17390545171211433,4.689356301319234,0.16734681875520288,0.1500541312263728,0.008560862292354301,0.7000000000000001
85.36458532299912,9.683031739756196,12.525054315628243,0.8722764747899393,0.31918522560177814,0.8224929393304276,-0.09738077592700936,4.689356301319234,0.16734681875520288,0.1500541312263728,0.008560862292354301,0.7000000000000001
85.41121002,9.712270148678567,12.53449065240848,0.8771522676711121,0.2830901034070797,0.8254253909474334,-0.08396899937529184,4.6586470960541355,0.1695293446740019,0.15949046800660938,0.009383195398627232,0.7000000000000001
85.46681621300013,9.741662717232042,12.542903744358515,0.8817770566042924,0.2523927585010546,0.8131046027853042,-0.06489278558556696,4.628137057142745,0.17069169720509225,0.1679035599566454,0.017735609172414304,0.7000000000000001
85.54676327599918,9.80085528019436,12.557608745799312,0.8905925825481752,0.21119093198823047,0.7798779414349533,-0.05040408350347145,4.567451817246404,0.16962906259946833,0.15192923238802128,0.022547920749004233,0.65
85.62977047499953,9.830620309275567,12.563821703748939,0.8929508724361871,0.18638873848878573,0.7138886144443387,-0.02578106126063484,4.537339165352648,0.16695769450892758,0.14574286959106378,0.011949454591456937,0.65
85.67114920099993,9.860290402168305,12.56917486386765,0.8901027867821613,0.1605948035613388,0.6835130572206657,-0.016545132941324453,4.507611681518365,0.16589499132522328,0.14492313335564988,0.023037243071432716,0.65
85.75109890299973,9.919101660987822,12.577914916568911,0.8785660034338529,0.12284544701973571,0.6250378971350277,-0.005457480260988162,4.449343088856849,0.16394826043776534,0.15291473142198342,0.024644661877780038,0.65
85.8064242370001,9.94819625595328,12.581681377723143,0.8728378489636971,0.11299383462696634,0.5818410076346047,0.009578890046109428,4.420720050832563,0.16339842710986635,0.15668119257621527,0.03370015905754103,0.65
85.88596460999906,9.94819625595328,12.581681377723143,0.8728378489636971,0.11299383462696634,0.5154615661551751,0.02466531970230404,4.420720050832563,0.16339842710986635,0.15668119257621527,0.013415258850534068,0.65
85.91385343599904,9.97709848333015,12.58529128860893,0.8670668213061213,0.10829732657363718,0.5078598794580185,0.016893329260746437,4.392340992742086,0.16322228783998183,0.16029110346200248,0.02661798182023785,0.65
85.98986492099903,10.005843206237618,12.588836638338869,0.8623416872240046,0.1063604918981657,0.45883454137082297,-0.01007451650750732,4.3641419039185285,0.16307505108858883,0.16383645319194073,0.030722605463214935,0.65
86.02945415800059,10.034419016822538,12.592394640457997,0.8572743175475981,0.10674006357383867,0.4437474607223331,-0.006300223940059024,4.336106854183138,0.16273907075913863,0.16739445531106867,0.041552832511051165,0.65
86.12796919500033,10.062785373851263,12.596063578370714,0.8509907108617444,0.11006813738153559,0.5124086356953158,0.12642307620644788,4.308239396539192,0.1620368129756357,0.17106339322378616,0.01059725250791943,0.651920240520265
86.17512544400051,10.090912841767137,12.599921016909601,0.8438240374762491,0.11572315616661925,0.5405751189199065,0.18752725424908143,4.280539311560773,0.16095768837788568,0.17492083176267315,0.006423490848681619,0.651920240520265
86.287470923,10.145545727498302,12.607924622509753,0.8095971184520352,0.12094082570631313,0.5301266223883854,0.23914448981166564,4.2265822511125455,0.15276464539800502,0.18292443736282493,0.014996955310955469,0.608276253029822
86.3354917910001,10.171773740947918,12.612045672777041,0.7868404034884734,0.12363150801863827,0.5015893213524388,0.25462163058398996,4.2005915800286795,0.14436348585291475,0.16989788914439824,0.02040140311137324,0.6184658438426491
86.3673519820004,10.197115202108584,12.616256373721257,0.7602438348199632,0.12632102832644093,0.5010602499503721,0.27147632426584223,4.175404758120428,0.13451834548228123,0.15495618530371882,0.024604771560349643,0.6184658438426491
86.42792636400009,10.22155062357115,12.620502276740732,0.7330626438769741,0.1273770905842621,0.5268136321419669,0.3594832316168864,4.151058067366763,0.12310561720389761,0.14068003990371808,0.00043935762510280445,0.632455532033676
86.47771918000035,10.245022559568005,12.624703014024657,0.7041580799056223,0.12602211851773723,0.5549694629057329,0.4358499115569191,4.1276327674670314,0.1121449451903841,0.1270532446122128,0.0006351166924608145,0.632455532033676
86.58858929099915,10.289392671986391,12.633227546755757,0.6541856897348327,0.13085917314440776,0.5878128779849469,0.5012897569437411,4.08315437350918,0.09032228984660849,0.10170659213976958,0.00010832996359250715,0.65
86.61649588900036,10.289392671986391,12.633227546755757,0.6541856897348327,0.13085917314440776,0.5897111601613352,0.5262427966869617,4.08315437350918,0.09032228984660849,0.10170659213976958,0.0,0.65
86.70101753500057,10.310610655888517,12.63802580250811,0.6365395170637811,0.14394767257062696,0.5809582675640064,0.5268733410895338,4.061630233711299,0.08014410638655954,0.09009609101982584,0.0004919552843066247,0.670820393249937
86.7393136440005,10.331271317873878,12.643357554780943,0.6198198595608024,0.15995256818497847,0.5777068234576178,0.546709912925547,4.040436002796462,0.0705648528190959,0.07925691501390113,0.00010246828422703605,0.670820393249937
86.76436112400006,10.331271317873878,12.643357554780943,0.6198198595608024,0.15995256818497847,0.5746149495104825,0.5614549045901106,4.040436002796462,0.0705648528190959,0.07925691501390113,0.00010246828422703605,0.670820393249937
86.84517373299968,10.370950850061652,12.655792859143844,0.5871876294752273,0.19508029694936868,0.576407138312015,0.5789013049303964,3.9989425887796672,0.0529176526578296,0.05999233677074204,0.0018934942545696487,0.651920240520265
86.88542969099944,10.390000479739307,12.66286377531919,0.5714888903296536,0.2121274852603594,0.5662527856067918,0.5991302683683852,3.978625009802304,0.04525695453253759,0.051522107223368606,0.0021845472972068973,0.651920240520265
86.94666227000016,10.408633109102057,12.670747141897897,0.5589788808824904,0.23650099736120303,0.5616539158524777,0.6200213911328885,3.9584028667646467,0.03815997565256162,0.043921230616014925,0.0021290888079285274,0.6800735254367722
86.97150024700022,10.42694541816723,12.67963160763671,0.5493692719552172,0.26653397216440794,0.5293890975220987,0.6722640512357437,3.9381183744457675,0.03192379419048448,0.03725473866798116,0.0032272080595212396,0.6800735254367722
87.01437737199922,10.4450410932778,12.689558194093161,0.5428702533170804,0.2977975936935221,0.49319031740630276,0.7148488011856802,3.917661381191295,0.026590476231433863,0.03147832068454061,0.0036277764598809845,0.6800735254367722
87.05971993799903,10.462888676594922,12.700506644564877,0.5354274995136691,0.32845351415147106,0.4753469761892568,0.7298910570145486,3.8970707500311685,0.022057191008345942,0.026599897065246875,0.00010700715324272648,0.6726812023536856
87.08437259099992,10.480453072127247,12.71244934901091,0.5269318659697446,0.35828113338099166,0.47621442054288643,0.7155200800241547,3.876392236620712,0.018225255772949554,0.02262476117639394,0.0007801258435122229,0.6726812023536856
87.1762557460006,10.49769582142145,12.725345167882669,0.5172824788261036,0.38687456615276405,0.4403266262662662,0.7531197571430308,3.855680394232386,0.015297753816600389,0.0195510171973371,0.004866997816709554,0.6726812023536856
87.2136278779999,10.51463923536771,12.739145874677469,0.5083024183877753,0.41402120384401614,0.4253454142326252,0.7705614091283817,3.8349362136770915,0.013187971197259271,0.017328787659256564,0.00892179080469472,0.7071067811865476
87.25625378400036,10.531249867963297,12.75384315165173,0.49831897786758095,0.4409183092277859,0.4085126870187384,0.7814315520393763,3.8141992298865213,0.011683212350187058,0.0159758409245954,0.012144174149362405,0.6726812023536856
87.2756183649999,10.531249867963297,12.75384315165173,0.49831897786758095,0.4409183092277859,0.4085126870187384,0.7814315520393763,3.8141992298865213,0.011683212350187058,0.0159758409245954,0.00011932615876532221,0.6726812023536856
87.39652468900022,10.547492859140531,12.769404962633983,0.4872897353170598,0.4668543294676354,0.3629750671212233,0.7535644151857053,3.793519492413422,0.011047302669415742,0.01549417378951445,0.003337028656520264,0.6726812023536856
87.45790443399892,10.56341576781735,12.785816890533942,0.47768726030454217,0.49235783699878183,0.35030846634481033,0.7744121832308628,3.7728643331729828,0.011210833145835786,0.015839962598327588,0.005900966612123534,0.7106335201775948
87.51408133499899,10.579028914869246,12.803092790066703,0.4683944115569008,0.5182769859828121,0.32868664870935094,0.7531997064141897,3.752226764669721,0.011867910846354822,0.017015706152981827,0.002109640988988579,0.6800735254367722
87.53117963499972,10.594232101613587,12.821260801184714,0.4560956023302235,0.5450403335403419,0.30204426179282157,0.7510725064307479,3.7316996792270736,0.013437864338605785,0.019112153572631175,0.005152946475602857,0.6800735254367722
87.57578824099983,10.594232101613587,12.821260801184714,0.4560956023302235,0.5450403335403419,0.2751680303972133,0.7238150473184957,3.7316996792270736,0.013437864338605785,0.019112153572631175,0.005152946475602857,0.6800735254367722
87.64243442299994,10.608947994469005,12.840297697738155,0.4414767856625371,0.5711068966032136,0.252018577126001,0.7652780512438944,3.7113735995781627,0.015865324765747903,0.02216756458903493,0.00046089996387563937,0.7211102550927979
87.68340539900055,10.62321643502773,12.860107312372683,0.4280532167617376,0.594288439035842,0.22639029889443224,0.7720220815353437,3.6912542359600446,0.018734093690567572,0.02608576635377073,0.00010181950929489423,0.6946221994724903
87.74764976699953,10.637028155488984,12.880618014900456,0.4143516138376266,0.615321075833166,0.20716472461756313,0.8161871600067229,3.671384809777004,0.022413286363912967,0.030822662000053295,0.007052945226716356,0.6946221994724903
87.8283709089992,10.650348574869787,12.901785720207817,0.3996125814240708,0.6350311592208413,0.19084664779043686,0.8598554934408313,3.651823163188602,0.026533640970273695,0.03637153109263279,0.00277301788949542,0.7158910531638177
87.84327423099967,10.663142014717213,12.923570070605718,0.3838031954228016,0.6535305119370585,0.1742086716578476,0.8374769207257194,3.632627174618487,0.031013770688327384,0.04272906491191523,0.006342451913260782,0.7158910531638177
87.89290586899915,10.67534676815946,12.94591242496857,0.36614260326745096,0.6702706308855721,0.1532595035273795,0.8264232865362509,3.6138854283440933,0.03630403545411575,0.049897431267837467,0.010616256593046696,0.7158910531638177
87.93649319100041,10.686925089465934,12.968797487379437,0.3473496391941666,0.6865518723259796,0.1362840995500682,0.8213293693150029,3.595650076060822,0.04122906549439363,0.05789250457587459,0.006561758651899264,0.696419413859206
87.96536950399968,10.697844389663018,12.99219019044122,0.32757900591251116,0.7017810918534741,0.1378423885270593,0.8520166648198897,3.5779750377975055,0.046812178070459884,0.06671253232597425,0.009870501176061872,0.696419413859206
88.02161994699964,10.70809427082628,13.015862133068628,0.30749643489784545,0.710158278822282,0.15085246890324042,0.858867730564464,3.560952034234105,0.05184216891987657,0.07620336300477581,0.013005946457189745,0.7280109889280518
88.05814184299925,10.717660351099449,13.039766778727214,0.2869824081950838,0.7171393697575996,0.18524236084078263,0.8897175076109141,3.54461788970478,0.05638342688142988,0.08634225982129096,0.004292579189438936,0.7280109889280518
88.06644107600005,10.717660351099449,13.039766778727214,0.2869824081950838,0.7171393697575996,0.18524236084078263,0.8897175076109141,3.54461788970478,0.05638342688142988,0.08634225982129096,0.004292579189438936,0.7280109889280518
88.10625701900062,10.726462764992029,13.063960536761988,0.2640724167774252,0.7258127410432024,0.21489465196209773,0.8928563013074509,3.529041122652403,0.05940308632996802,0.09722558363581156,0.006625103595967842,0.7158910531638177
88.12959086599949,10.726462764992029,13.063960536761988,0.2640724167774252,0.7258127410432024,0.22915336855729684,0.8861200784545451,3.529041122652403,0.05940308632996802,0.09722558363581156,0.006625103595967842,0.7158910531638177
88.18582245399921,10.734491018809495,13.088476402012569,0.24084761452397918,0.7354759575174641,0.23174261285813097,0.8322946103331964,3.5142325893087083,0.06093872254515676,0.09050914249557529,0.012959082299550237,0.7158910531638177
88.24073543399936,10.741720795886124,13.113325661046677,0.2168933122988775,0.7454777710232456,0.22376992558108474,0.7995901607069861,3.5002236305602965,0.060832117689445755,0.08327936541894587,0.017904974683934715,0.7071067811865476
88.30393645500044,10.753821307017288,13.164071084607615,0.1700625758925702,0.7653877904168939,0.2726583502022201,0.8089385786386689,3.4746042623641404,0.05965210459713517,0.07117885428778159,0.015785274760529707,0.7516648189186454
88.3360670130005,10.758813427999572,13.18989862654383,0.14976362946851648,0.774826258086418,0.3353385862668991,0.800041939602446,3.4629196090701813,0.05898921336405752,0.06618673330549818,0.021193936526963945,0.7516648189186454
88.3744879879996,10.763320748855795,13.216074395939254,0.1352196256867275,0.7852730818627405,0.3693872038612631,0.7726178028865007,3.4517753256158494,0.05806031011447403,0.06167941244927455,0.017187156559120554,0.75
88.4112922610002,10.767487742508466,13.242554902693715,0.12500980958013064,0.7944152026338613,0.3797111439576387,0.7553983078836859,3.441053623706829,0.05742501851791213,0.057512418796603626,0.02459938190379059,0.75
88.45334399199965,10.771306480429773,13.269332765123755,0.11456213763920742,0.8033358729011921,0.40514049615578196,0.7272771674826635,3.430773761460491,0.0570330706213025,0.05369368087529658,0.03102184719658978,0.75
88.49703791600041,10.77474322532843,13.29641450966707,0.10310234695969592,0.8124523362994336,0.44087913185450567,0.679966337573176,3.420976798777329,0.05733780801749588,0.05025693597663938,0.02262947282428125,0.75
88.54647134299921,10.777936465180044,13.323785391292038,0.09579719554838576,0.8211264487490537,0.46293529599088457,0.646188181948415,3.4115414768330328,0.05820145972578496,0.0470636961250257,0.030921252228025657,0.75
88.60673342900009,10.780840255429451,13.351363078116485,0.08711370748223066,0.827330604733425,0.4928527017301662,0.6185752465666767,3.4025400292700234,0.06024686778172411,0.04415990587561858,0.025534167458867895,0.7516648189186454
88.6086529639997,10.780840255429451,13.351363078116485,0.08711370748223066,0.827330604733425,0.5121675212191832,0.6039284202967721,3.4025400292700234,0.06024686778172411,0.04415990587561858,0.025534167458867895,0.7516648189186454
88.65010488100052,10.783464000933735,13.379054302375655,0.0787123651285037,0.8307367277750887,0.5410155897334182,0.5887448054165165,3.393990826744456,0.06319183371302908,0.04173354011004451,0.03583088426577621,0.7516648189186454
88.68550868700004,10.785766127192472,13.406804720397794,0.06906378776212956,0.8325125406641589,0.5719953306761706,0.5689448080154921,3.3859512488114123,0.06797198656530745,0.050505811495467554,0.046401575707255935,0.7566372975210779
88.72323119000066,10.787832481588392,13.434603669566384,0.0619906318776136,0.8339684750576988,0.6238029786464566,0.5666878638384979,3.3783436691040523,0.07409419182481773,0.06842753637410004,0.011046786234365807,0.7566372975210779
88.78072068899928,10.78962309346528,13.462437716866468,0.053718356306669296,0.8350214190025392,0.7230283134141494,0.5813861443958633,3.3712135690568195,0.07957814950749259,0.0853770685848474,0.022354201628670346,0.7648529270389178
88.82743639799992,10.791567648749432,13.490331515293677,0.05833665852453732,0.8368139528162944,0.7910677277069347,0.5833218439940402,3.3641373759175566,0.08437006794900359,0.08343251330069634,0.026350804542424562,0.7648529270389178
88.83258707700043,10.791567648749432,13.490331515293677,0.05833665852453732,0.8368139528162944,0.7910677277069347,0.5833218439940402,3.3641373759175566,0.08437006794900359,0.08343251330069634,0.026350804542424562,0.7648529270389178
88.87231364599938,10.793760109996454,13.518199866328137,0.06577383741068116,0.8360505310337977,0.8526799583452196,0.5678421284828076,3.3570394108188926,0.0888839560417726,0.08124005205367446,0.03838889700352066,0.7762087348130012
88.91178761099945,10.796420511132192,13.545857742323484,0.07981203407214099,0.8297362798603868,0.8972894309756478,0.5375682596042968,3.349732986524584,0.09288686259985858,0.07857965091793595,0.049718192209858826,0.7762087348130012
88.96809347599992,10.799687095837639,13.573273463432205,0.0979975411634103,0.8224716332616423,0.9296784788821777,0.486672859091211,3.342081104597149,0.09747432283133685,0.07531306621248923,0.041777029959778084,0.7905694150420949
89.00870391199896,10.803509417443918,13.600485219665881,0.11466964818837458,0.8163526870102877,0.9318754012079111,0.4491420596001065,3.334121350019099,0.10163513648345582,0.0714907446062103,0.05404635464507898,0.8077747210701756
89.07911202399919,10.813022686979652,13.654158950750412,0.156692540051433,0.7991980712200196,0.9460135224888249,0.39302693991296195,3.317076136826895,0.11289323192876259,0.0684940872253367,0.03148234817197176,0.8276472678623424
89.10758081600034,10.819471083252047,13.680445698544577,0.1934518881718404,0.7886024338249688,0.9570164260158212,0.3552460574545568,3.3072489754309764,0.11781357842952364,0.0784708962941463,0.04564293840947516,0.8276472678623424
89.13126139300039,10.819471083252047,13.680445698544577,0.1934518881718404,0.7886024338249688,0.9573010628515011,0.32096112142167615,3.3072489754309764,0.11781357842952364,0.0784708962941463,0.04564293840947516,0.8276472678623424
89.17167067599985,10.827327887232322,13.706425270900056,0.23570411940823316,0.7793871706643506,0.9770891915753679,0.2770982993482846,3.29625299773445,0.12503125628414322,0.09128560644893768,0.035113687643969965,0.8500000000000001
89.197031832,10.83665463102621,13.732123670457584,0.27980231381664855,0.7709519867258692,0.9846232251137194,0.24186113099825257,3.2840152239355223,0.13118617610408104,0.10286211525865949,0.05108611188671995,0.8500000000000001
89.27261668099891,10.847563860358223,13.757498528549327,0.3272768799603667,0.7612457427522817,0.993702608575162,0.18097180721375156,3.270420171842416,0.13640676530356863,0.11309085944879173,0.020733038521561345,0.8746427842267951
89.30173566099984,10.860035128794353,13.782536822557969,0.37413805308390913,0.7511488202592543,0.9352726617501126,0.14791185777163218,3.2554807994639154,0.14219434849881793,0.12197708845045963,0.040661111566585334,0.8321658488546619
89.33460810299948,10.873967395746835,13.807280997677166,0.4179680085744519,0.7423252535759505,0.8929597812655381,0.1074934323021543,3.2392855351180967,0.14665555774519948,0.12962226203271038,0.05874670268994054,0.8602325267042628
89.37517781099996,10.88931228883096,13.831590535404894,0.46034679252372823,0.7292861318318147,0.8794762004244789,0.0800698374513226,3.2218875243149196,0.15070880363987296,0.13596122305112981,0.0406681368171183,0.8602325267042628
89.41536257400003,10.905896206947912,13.855549488669979,0.49751754350854316,0.7187685979525275,0.8554026361761776,0.0275198829601086,3.203444254748199,0.15428537817098767,0.14117616041586378,0.059306062670207056,0.8514693182963202
89.48860513299951,10.923586210095449,13.878917277718736,0.5307000944261179,0.7010336714627311,0.8505472410894844,-0.014846448173694349,3.18409832366827,0.15675395389180982,0.14519096132874185,0.0175522522126864,0.8514693182963202
89.51248925300024,10.94220766637645,13.901719061171205,0.5586436884300756,0.6840535035740329,0.8801754351549753,-0.04549777164433251,3.1640113389484696,0.15924581281559005,0.1481468990192643,0.03430260199786891,0.8845903006477066
89.53730654199899,10.961729696798521,13.923900828850805,0.5856609126620892,0.6654530303880153,0.9259808338136777,-0.0825821418859147,3.143207185986271,0.16066039494076723,0.15002761727023772,0.05018370387925401,0.848528137423857
89.57438236800044,10.98219714683689,13.945474418562048,0.6140235011510531,0.6472076913373205,0.962522698854745,-0.1244615369518019,3.1216298285528286,0.16168633609791305,0.15080977613386654,0.06519547596744349,0.848528137423857
89.61958291100018,11.003664271644322,13.96614646917364,0.6440137442229197,0.6201615183477509,1.025456934356067,-0.15029852500953572,3.0992275990005265,0.16174409624681,0.15024757377844242,0.03826435622717748,0.8514693182963202
89.65775250099978,11.02596386770212,13.985982060704368,0.6689878817339793,0.5950677459218083,1.077533704638704,-0.18284924076383338,3.076149904207226,0.16092898706846853,0.14850525946847554,0.05569691329399996,0.8514693182963202
89.70379373099968,11.048979170192158,14.005098043800272,0.6904590747011314,0.5734794928771525,1.1181743551600198,-0.2113318014735426,3.0524964349220562,0.16006262696054063,0.14574802428287187,0.019717681681278142,0.8500000000000001
89.7593170199998,11.096590986715368,14.040874616688239,0.7210949223902399,0.5226534113515606,1.1608245995183113,-0.23663477258479726,3.0039909307504784,0.156912138764663,0.13737924325139653,0.05581748943208478,0.8500000000000001
89.77990382700045,11.096590986715368,14.040874616688239,0.7210949223902399,0.5226534113515606,1.1608245995183113,-0.23663477258479726,3.0039909307504784,0.156912138764663,0.13737924325139653,0.05581748943208478,0.8500000000000001
89.84129856599975,11.145756997565309,14.07332340480761,0.7424379871044072,0.4756295131053139,1.139992846745662,-0.28133258031410324,2.9543634438175332,0.15318861232769582,0.1255583816960047,0.03892178567633216,0.8
89.88150293899889,11.170747741520907,14.08844016788451,0.749722318667967,0.4535028923070199,1.1091977331842597,-0.3153896032499525,2.929275067917556,0.15278531400244177,0.11857642285937098,0.0560604594209806,0.8
89.92408446300033,11.196082992215077,14.102737392246953,0.7600575208250874,0.42891673087325755,1.0904385147532947,-0.33361877355728753,2.9039182979930502,0.1515045316521898,0.11077135958929106,0.016724870500190427,0.75
89.9532150340001,11.221753493799431,14.116343944194417,0.7701150475306457,0.4081965584239645,1.0460362667812766,-0.3420317346391192,2.878292909862999,0.15228779448943355,0.10573025241559815,0.032795477356811834,0.75
90.00167807599973,11.247973114332977,14.129020966662612,0.7865886160063762,0.38031067404585917,0.9695335322057395,-0.3525031833565627,2.85217453411841,0.15467024431897608,0.10747455353491621,0.04721055317095598,0.75
90.05278455100051,11.274765664384848,14.140889495066677,0.8037765015561471,0.3560558521219305,0.9115276688762691,-0.3484990774822091,2.8255302160737186,0.15619602172840813,0.11588952333836659,0.021303432693641523,0.75
90.07705414100019,11.274765664384848,14.140889495066677,0.8037765015561471,0.3560558521219305,0.8488002932064282,-0.3336987663772,2.8255302160737186,0.15619602172840813,0.11588952333836659,0.021303432693641523,0.75
90.10730239999975,11.302329793881492,14.15181809285268,0.8269238848993182,0.327857933580128,0.8258029084704758,-0.3282841243794149,2.798150049041341,0.15967944023276195,0.12681788386389492,0.031191328286498263,0.7000000000000001
90.19428483800039,11.330837827696588,14.16179345602591,0.8552410144528704,0.2992608951968527,0.8102766022540974,-0.38900999089154287,2.769851542542267,0.16275810117335085,0.13679324703712403,0.015211789463257708,0.7000000000000001
90.22393883400036,11.330837827696588,14.16179345602591,0.8552410144528704,0.2992608951968527,0.8298737398950505,-0.4511084452864496,2.769851542542267,0.16275810117335085,0.13679324703712403,0.015211789463257708,0.7000000000000001
90.28691003899985,11.360298248034828,14.170656902421259,0.8838126101472473,0.2659033918604888,0.844228820988543,-0.505882374440649,2.7406127211959,0.16598867653570126,0.145656693432473,0.017325807212942194,0.7000000000000001
90.31677470899922,11.390626916017515,14.178272227336855,0.9098600394806253,0.22845974746787434,0.845373838200423,-0.5505617537181503,2.7105034679522237,0.16910645221442144,0.15327201834806914,0.03336037382565307,0.7000000000000001
90.33480995999889,11.390626916017515,14.178272227336855,0.9098600394806253,0.22845974746787434,0.8405541916615491,-0.5739891573777164,2.7105034679522237,0.16910645221442144,0.15327201834806914,0.03336037382565307,0.7000000000000001
90.42918926200036,11.453562929986393,14.190026733321275,0.9548492323865546,0.16079774868481098,0.7737105663402428,-0.5620302114875174,2.647967896001517,0.1743561327804632,0.16502652433248954,0.03718052289472666,0.7000000000000001
90.45955131600022,11.485839112279194,14.194302511886372,0.9682854687840396,0.12827335695290773,0.7348561772766726,-0.5960895568992877,2.6158612559991226,0.176594767661929,0.1693023028975862,0.0506631237309016,0.7000000000000001
90.50379498099937,11.518474685994226,14.197706619427322,0.9790672114509679,0.10212322622848036,0.7474577231230521,-0.6347549117634774,2.5833736722225304,0.17830797309141122,0.1727064104385363,0.03629748246151425,0.7000000000000001
90.59048931500001,11.583165999926592,14.202281370513562,0.9648865854861599,0.058107301872398716,0.7316377711419146,-0.6623859698809963,2.518911443993147,0.18132186891070268,0.17728116152477646,0.038133233612607814,0.65
90.6339961499998,11.583165999926592,14.202281370513562,0.9648865854861599,0.058107301872398716,0.7267738362807612,-0.7039307488476803,2.518911443993147,0.18132186891070268,0.17728116152477646,0.038133233612607814,0.65
90.71192845400037,11.646321356520895,14.204241570722901,0.9418253773567433,0.02073717510869698,0.7449827750036462,-0.7445765164190397,2.4558919338057685,0.1831083088681868,0.17924136173411576,0.032353038444210884,0.65
90.76847928700045,11.708325084040036,14.204350549415148,0.9264829839065529,-0.003531787824882635,0.7996664403932549,-0.8296079796230282,2.393950279516127,0.18430638967662638,0.1793503404263621,0.061276104624893905,0.65
90.83683117500004,11.738998697179706,14.20400536011182,0.920208394190138,-0.010355679099849068,0.7468654650395445,-0.8950542404813944,2.363290982264163,0.1849646144938137,0.17900515112303417,0.04949171226825542,0.65
90.87455335599952,11.769499476412644,14.202916294506242,0.9150233769881095,-0.03267196816734662,0.6893856297665295,-0.9182087795141768,2.332771839275293,0.18547114220087907,0.17791608551745597,0.06346018907643906,0.65
90.9271215789995,11.79994960576733,14.201066955821071,0.9135038806405649,-0.055480160555124315,0.6720693495929648,-0.9663819863394368,2.3022698246662574,0.18565550596338476,0.1760667468322854,0.03511083428608763,0.65
90.94991901100002,11.830210506870687,14.198088867330263,0.9078270331007426,-0.08934265472426432,0.6733783256475363,-0.9882449115432567,2.2719079578658894,0.185383298501444,0.17308865834147724,0.051285717068196186,0.7000000000000001
90.97303752799962,11.830210506870687,14.198088867330263,0.9078270331007426,-0.08934265472426432,0.6733783256475363,-0.9882449115432567,2.2719079578658894,0.185383298501444,0.17308865834147724,0.051285717068196186,0.7000000000000001
91.00300315099958,11.860347784839913,14.19408304614441,0.9041183390767877,-0.12017463557559346,0.638475007732117,-1.009605402746336,2.241627458888585,0.18486523537383595,0.16908283715562433,0.0665517800270685,0.7000000000000001
91.08839010200063,11.919815025599316,14.182630131472296,0.8883624642711007,-0.18816809316054922,0.5918223059435477,-1.0249439300076502,2.1817502747174427,0.18311603293458267,0.15762992248351004,0.05963579320362431,0.7000000000000001
91.10049139900002,11.919815025599316,14.182630131472296,0.8883624642711007,-0.18816809316054922,0.5654078576525026,-1.016702164536377,2.1817502747174427,0.18311603293458267,0.15762992248351004,0.05963579320362431,0.7000000000000001
91.1332088149993,11.949290744264081,14.175382673795207,0.8842715599429153,-0.21742373031264414,0.5483613281542887,-1.0191187639913981,2.152029937109766,0.18289482073620825,0.15038246480642137,0.05090677775766972,0.7000000000000001
91.22733331100062,12.008210237048615,14.15724056561684,0.8829223597663485,-0.29321754580914544,0.4999586117426402,-0.9695187623674068,2.092572793175985,0.18304730921434717,0.13634669014614686,0.08039027739804386,0.7000000000000001
91.27286862700021,12.008210237048615,14.15724056561684,0.8829223597663485,-0.29321754580914544,0.45985676287746385,-0.9176902424050198,2.092572793175985,0.18304730921434717,0.13634669014614686,0.034397898428745154,0.7000000000000001
91.3048151210005,12.037508745814103,14.145999925796987,0.8789552629646111,-0.33721919459559757,0.4416000623481397,-0.8883667415620105,2.0630041606275644,0.18306257077288673,0.13619196915623194,0.04951176466950893,0.75
91.35853057500026,12.09596189053256,14.119555916553082,0.8758844299900475,-0.416949824303849,0.4114106810707725,-0.8367618897136533,2.004133523014387,0.18759591188962915,0.15239382890219696,0.030194411571956493,0.75
91.39298566800062,12.09596189053256,14.119555916553082,0.8758844299900475,-0.416949824303849,0.380102899990458,-0.8201783140000906,2.004133523014387,0.18759591188962915,0.15239382890219696,0.030194411571956493,0.75
91.42048071600038,12.09596189053256,14.119555916553082,0.8758844299900475,-0.416949824303849,0.3346486721192311,-0.7851080083754229,2.004133523014387,0.18759591188962915,0.15239382890219696,0.030194411571956493,0.75
91.46830587600016,12.124982404975588,14.104241965985166,0.8706154332908509,-0.45941851703748915,0.32210654512895354,-0.7718872380572381,1.975022150491338,0.1898518967495678,0.16208583316505454,0.012117045451480698,0.75
91.49245312899984,12.124982404975588,14.104241965985166,0.8706154332908509,-0.45941851703748915,0.29288672312167024,-0.7374285250705515,1.975022150491338,0.1898518967495678,0.16208583316505454,0.012117045451480698,0.75
91.525128416999,12.153907717790908,14.08766026774751,0.867759384459587,-0.4974509471296787,0.2605685021222929,-0.7014615511521364,1.9461314035454684,0.19343962713286106,0.17081408673727316,0.023338223381303688,0.8
91.55332141799954,12.153907717790908,14.08766026774751,0.867759384459587,-0.4974509471296787,0.23221524401635327,-0.6854779887035766,1.9461314035454684,0.19343962713286106,0.17081408673727316,0.023338223381303688,0.8
91.62783239499913,12.182448296689131,14.069737497614783,0.8562173669467154,-0.5376831039817691,0.17954067308943494,-0.6099308764474686,1.9177904874936231,0.19659357032330854,0.17832201131669814,0.0074277074664156305,0.8
91.68149466199975,12.238680046484713,14.030559542916873,0.8403559694428995,-0.6024698025790278,0.13806698506446544,-0.5810481034695475,1.8626148142957686,0.202538067480509,0.19038086547522784,0.014784278873011042,0.8500000000000001
91.73957080800028,12.266601674532394,14.009668814667771,0.8376488414304138,-0.6267218474730487,0.04112871169409853,-0.5632889830405535,1.8356222767418535,0.20528095185499326,0.19535246240064624,0.021261522159761088,0.8500000000000001
91.76930123099919,12.294183336427842,13.988127733306035,0.8274498568634497,-0.6462324408520811,0.005885286611757759,-0.5661949957585284,1.8092786481054055,0.2082457914253767,0.19962379785833761,0.027105016780964136,0.8845903006477066
91.80809657700047,12.321393850582739,13.966152872712087,0.816315424646923,-0.6592458178184647,-0.049750832106479514,-0.5993509805066021,1.7836353013517425,0.2107831257607824,0.2033259639952277,0.01528444147045244,0.9
91.85926170399944,12.3481548373675,13.943810036687792,0.8028296035428438,-0.67028508072883,-0.12502993824460865,-0.6679975302119447,1.7587941262348916,0.21349802040668123,0.20645006835825813,0.024730488886102037,0.8845903006477066
91.90729550499964,12.3481548373675,13.943810036687792,0.8028296035428438,-0.67028508072883,-0.1762371715650416,-0.7132223783121375,1.7587941262348916,0.21349802040668123,0.20645006835825813,0.0,0.8845903006477066
91.95015792599952,12.37453590294252,13.921218148568935,0.7914319672505801,-0.6777566435656847,-0.19332951838233878,-0.7806478523957803,1.7347015018831053,0.21582325008576503,0.2091294214326301,0.016490218179490836,0.8500000000000001
91.98765716799971,12.37453590294252,13.921218148568935,0.7914319672505801,-0.6777566435656847,-0.21717623185575027,-0.841241632885037,1.7347015018831053,0.21582325008576503,0.2091294214326301,0.016490218179490836,0.8500000000000001
92.0156906129996,12.400371835532823,13.898590086529074,0.7750779777090566,-0.6788418611958088,-0.2297941157001543,-0.8725078204578574,1.7115203331232818,0.21846393755541954,0.21139772845201638,0.011912601853205336,0.8
92.05410008400031,12.42565537681601,13.876043256900843,0.7585062384956168,-0.67640488884692,-0.26774989233786295,-0.8969233706743526,1.689256209094617,0.22076728850535543,0.21333287582138796,0.024114510924160695,0.8
92.06438234199959,12.42565537681601,13.876043256900843,0.7585062384956168,-0.67640488884692,-0.2561614137893479,-0.9152656071257316,1.689256209094617,0.22076728850535543,0.21333287582138796,0.024114510924160695,0.8
92.12138778000008,12.450404222503655,13.853647677283533,0.7424653706293493,-0.6718673885193048,-0.33349773744847927,-0.9299211067192164,1.6678895934808056,0.22358418023385088,0.214996886217658,0.015446392038752189,0.75
92.1415747129995,12.474435260914435,13.83154660344019,0.7209311523233961,-0.6630322153002878,-0.37894047435331085,-0.9558923726650439,1.6475824553213778,0.22613460784064707,0.21636157725074193,0.03070115925416508,0.75
92.18662959100038,12.474435260914435,13.83154660344019,0.7209311523233961,-0.6630322153002878,-0.4279191250411107,-0.9835012100530044,1.6475824553213778,0.22613460784064707,0.21636157725074193,0.03070115925416508,0.75
92.20876472999953,12.497419136993587,13.809700048458492,0.6895162823745882,-0.6553966494509234,-0.4279191250411107,-0.9835012100530044,1.6286618692470762,0.22885537218303081,0.21716578471113843,0.04817537047054313,0.75
92.29602532599893,12.539404392902412,13.766419233335903,0.6084608417848675,-0.6478353122192811,-0.4461814763273815,-1.0768506241449889,1.595849233724945,0.2326034382298087,0.2162496860056572,0.06469020826781235,0.7000000000000001
92.30608611400021,12.539404392902412,13.766419233335903,0.6084608417848675,-0.6478353122192811,-0.4461814763273815,-1.0768506241449889,1.595849233724945,0.2326034382298087,0.2162496860056572,0.06469020826781235,0.7000000000000001
92.34362433699971,12.558074990528443,13.744810752988947,0.5601179287809163,-0.6482544104086809,-0.4495285992082729,-1.0599103842363908,1.5823059552520615,0.23417999846898555,0.21417228921136033,0.02652352317218877,0.65
92.37841868199939,12.57507603053526,13.723169747564018,0.5100312002045309,-0.649230162747866,-0.4619101939094872,-0.9868685210885458,1.5707941150256013,0.23441570678987825,0.2108913381997431,0.05158000106364361,0.65
92.4302449450006,12.590250993311145,13.701348627871008,0.4552488832764984,-0.6546335907902909,-0.4809257329254404,-0.9278080886570309,1.5614944699544446,0.23390192380544395,0.20619179557481315,0.07509845621938059,0.65
92.44460780999907,12.590250993311145,13.701348627871008,0.4552488832764984,-0.6546335907902909,-0.46564726279767016,-0.9135417487785316,1.5614944699544446,0.23390192380544395,0.20619179557481315,0.07509845621938059,0.65
92.61315931299941,12.625362546813106,13.632863785170652,0.30563161090716345,-0.704728369036394,-0.5458530368699849,-0.6350174385102171,1.5468587076868456,0.22775153530878467,0.18504970212298938,0.07166609602609404,0.6000000000000001
92.65334721999898,12.633965271832547,13.608478101793931,0.2580817505832713,-0.7315705013016347,-0.5461171464182831,-0.5803930122099181,1.5462378861640638,0.22517618637674516,0.17955071255552038,0.09426296767973824,0.6000000000000001
92.67700940199938,12.640983848831208,13.583143948356101,0.21055730995980007,-0.7600246031348872,-0.5027739050774411,-0.5535048966129912,1.5478592660485364,0.22237922857384088,0.1758728849389381,0.04163472964179769,0.6000000000000001
92.7103183349991,12.640983848831208,13.583143948356101,0.21055730995980007,-0.7600246031348872,-0.47695058229111054,-0.5330659426725839,1.5478592660485364,0.22237922857384088,0.1758728849389381,0.04163472964179769,0.6000000000000001
92.73960391499895,12.646698463243974,13.556770080749757,0.17143843238297723,-0.7912160281903116,-0.44940027703972274,-0.5158561761100249,1.5515102648406975,0.21799025120550944,0.1746127820944295,0.06162832633268147,0.6000000000000001
92.79598893399998,12.651368270225715,13.529344002085768,0.140094209452254,-0.8227823599197025,-0.4300357646345672,-0.4698899134270036,1.55697853436209,0.21373782833900548,0.17642156833773612,0.023176571640505263,0.55
92.8307920770003,12.655229190859389,13.500889782216106,0.11582761901022733,-0.8536265960898354,-0.41842009672465547,-0.43628567534345775,1.5640638554732602,0.21040353777162313,0.18022900496740313,0.046547821695741225,0.55
92.86631544699958,12.6585064683625,13.471446635581708,0.09831832509332887,-0.8832943990319186,-0.3930239941674016,-0.38364685818609134,1.5725720758281017,0.20631936562398773,0.18350628247051404,0.07023951362966935,0.55
92.92572560100052,12.660798099873418,13.44163315784763,0.06874894532753786,-0.8944043320223458,-0.33011389211325154,-0.3908589855262446,1.5826398858153574,0.20310721179449254,0.18579791398143186,0.03974658543604452,0.55
92.95996720699986,12.66207738905802,13.411827720542279,0.0383786755380335,-0.8941631191605279,-0.29572753128459317,-0.4021728447788505,1.594114964885606,0.19919387291023272,0.1870772031660337,0.057846956078400416,0.55
92.96607457199934,12.66207738905802,13.411827720542279,0.0383786755380335,-0.8941631191605279,-0.29572753128459317,-0.4021728447788505,1.594114964885606,0.19919387291023272,0.1870772031660337,0.057846956078400416,0.55
93.04510279299939,12.661433311366878,13.353021712239237,-0.025056852528432132,-0.8776931142887792,-0.25537129047229246,-0.40774140769247447,1.6209412944430983,0.1903627224056693,0.18643312547489188,0.03397638031524398,0.55
93.09826500700001,12.659601511342043,13.324363596112477,-0.05495400074503584,-0.859743483802798,-0.2056763369350393,-0.38510823467148153,1.6359583237856932,0.18488371468436912,0.18460132545005692,0.04870793396917451,0.55
93.15423064099923,12.65692912996633,13.296458493766625,-0.08017144127138387,-0.837153070375525,-0.1787974638316732,-0.3598584947840568,1.651705932719119,0.17863126415876696,0.18192894407434324,0.03094040041475387,0.55
93.18427555100061,12.653523537743814,13.26927595839449,-0.10216776667545471,-0.8154760611640499,-0.15495107149964105,-0.34533363569638026,1.6680517345581833,0.17126734844716543,0.17852335185182788,0.0438563114768504,0.55
93.2196722739991,12.649488454765038,13.242906447523511,-0.1210524893632753,-0.791085326129362,-0.13360425294829942,-0.3390171215375554,1.6848124823127004,0.16284061732887767,0.1714619874765449,0.009849639652275985,0.6000000000000001
93.27354807600022,12.644896572841088,13.217384991257328,-0.1377564577185082,-0.765643687985514,-0.0576778544082959,-0.3272193739618193,1.7018622850828553,0.1532562832173001,0.15136080700613433,0.018790140809395468,0.6000000000000001
93.32998480199967,12.639837591399662,13.192646972960082,-0.1517694432427902,-0.7421405489173908,-0.003314327458628169,-0.3296637174812367,1.7191171499255196,0.14165630164378187,0.1332805913208272,0.010766326554120452,0.6020797289396148
93.35064360800061,12.63453877787332,13.16877918515292,-0.15896440579022056,-0.7160336342149075,-0.003314327458628169,-0.3296637174812367,1.7363031992026854,0.12963328174434002,0.11796314211757708,0.020819358433948672,0.6020797289396148
93.41203895499893,12.62911778442774,13.145734097902587,-0.16262980336741398,-0.6913526175100072,0.04760877890405718,-0.30122424198217335,1.7533162589768425,0.11833472383566883,0.10616199355381997,0.029020903852215268,0.608276253029822
93.44441945899962,12.62911778442774,13.145734097902587,-0.16262980336741398,-0.6913526175100072,0.06851177894151103,-0.30448964339939577,1.7533162589768425,0.11833472383566883,0.10616199355381997,0.003748565575919834,0.608276253029822
93.48240898400036,12.623683713133845,13.123445205665588,-0.16302213881685693,-0.668666767109938,0.12089841948075106,-0.34403754004594855,1.770075999838367,0.10772089652134592,0.09868352649680112,0.007197508555011723,0.608276253029822
93.55726042400056,12.618281182110994,13.101891226667634,-0.1620759306855119,-0.6466193699386024,0.21381916092859488,-0.38747283891806616,1.786536251714314,0.09731369345865602,0.09328099547395041,0.0005660183484914609,0.608276253029822
93.64130207400012,12.608123416876051,13.061160022211624,-0.14823185398376107,-0.5988119146320816,0.3214949043973804,-0.4321412194996842,1.8179340578593441,0.0777429801559802,0.08312323023900703,0.00037257769239235745,0.6184658438426491
93.69159535899962,12.603530493628481,13.041985944920667,-0.1377876974271012,-0.5752223187287219,0.3729210855753041,-0.44705555562532034,1.8327069389963115,0.06863544293359486,0.07853030699143737,0.0012269246199631625,0.632455532033676
93.69856304699897,12.603530493628481,13.041985944920667,-0.1377876974271012,-0.5752223187287219,0.4007536542784855,-0.4362341929686199,1.8327069389963115,0.06863544293359486,0.07853030699143737,0.0012269246199631625,0.632455532033676
93.73235475100046,12.599411288830803,13.02358121439372,-0.12357614393037064,-0.5521419158083831,0.410091330851612,-0.45823045243706084,1.8467387151664223,0.05939968742956012,0.0744111021937588,0.003502738610684296,0.6800735254367722
93.77831695699933,12.595842188929197,13.00590336623789,-0.10707299704815824,-0.5303354446749011,0.45076137942739725,-0.473059401059963,1.8599833775103716,0.05089976100498535,0.07084200229215298,0.004594095257202035,0.6800735254367722
93.7988396159999,12.595842188929197,13.00590336623789,-0.10707299704815824,-0.5303354446749011,0.4824967895248148,-0.46397003950448945,1.8599833775103716,0.05089976100498535,0.07084200229215298,0.004594095257202035,0.6800735254367722
93.85877108999921,12.59063418615015,12.972756317671347,-0.06854732263370757,-0.4865870234202986,0.5452546448023546,-0.5276889034419184,1.8838427427384912,0.034627786674786915,0.06563399951310522,0.011779617980557251,0.696419413859206
93.87457862699921,12.59063418615015,12.972756317671347,-0.06854732263370757,-0.4865870234202986,0.5452546448023546,-0.5276889034419184,1.8838427427384912,0.034627786674786915,0.06563399951310522,0.011779617980557251,0.696419413859206
93.90652080200016,12.588969914757099,12.95720058692229,-0.04992814179152264,-0.4666719224717028,0.5874198801858127,-0.5480800618494712,1.894519046365046,0.027017343890909408,0.06396972812005508,0.012191334270584733,0.696419413859206
93.9804371629998,12.588582836846372,12.927478055168107,0.011689759464915728,-0.44009546145826106,0.6433981185509389,-0.5700022241223794,1.9129008213150314,0.013965145356870061,0.0467118365553471,0.018981960966946737,0.7158910531638177
94.01335487399956,12.588582836846372,12.927478055168107,0.011689759464915728,-0.44009546145826106,0.6433981185509389,-0.5700022241223794,1.9129008213150314,0.013965145356870061,0.0467118365553471,0.009722019637363433,0.7158910531638177
94.03169392100062,12.59021977052429,12.9130523505834,0.04910801033757832,-0.43277113754125185,0.6854712346582322,-0.5786075402783599,1.9204897978826436,0.0074905978927393225,0.03766880992411499,0.012708495198329943,0.7158910531638177
94.06676394699934,12.593113107213256,12.898853966592172,0.08680010066894082,-0.425951519736793,0.7170646832937471,-0.5719814745410743,1.9270339647302133,0.002193923404043903,0.029674934315050996,0.0156256635859759,0.73824115301167
94.1105470980001,12.597328028065368,12.884833292729398,0.12644762556333788,-0.42062021588323684,0.732169636255499,-0.5618633548521681,1.9325250791896051,0.0018971765738745102,0.02274121986657157,0.007850430929524291,0.73824115301167
94.13741975099947,12.6028711496885,12.870957444972833,0.1662936486939617,-0.41627543269697403,0.7378239480946241,-0.5426225332483207,1.9369926165328404,0.005145628975392851,0.016849092711850307,0.009933382113050554,0.6946221994724903
94.17788957099947,12.609737138849146,12.857259046146435,0.2059796748193869,-0.41095196479193885,0.7339715743109524,-0.5176762474680546,1.9404351248393736,0.008278930902278603,0.01201784950535307,0.011586443912011447,0.6946221994724903
94.22091551599988,12.618027036434983,12.843661263093594,0.24869692757511253,-0.4079334915852225,0.7263224428051771,-0.49180301035807206,1.9428409318802355,0.010234118095019867,0.008264607697872465,0.006064184517061186,0.7211102550927979
94.2489290680005,12.627815809953882,12.829998431058204,0.2936632055669737,-0.4098849610616923,0.7228903284943857,-0.4775503460348879,1.9442814288410941,0.011055404836888095,0.0055252346501482395,0.00741818576650011,0.7211102550927979
94.26412131500001,12.627815809953882,12.829998431058204,0.2936632055669737,-0.4098849610616923,0.719324168481485,-0.45981472968774434,1.9442814288410941,0.011055404836888095,0.0055252346501482395,0.00741818576650011,0.7211102550927979
94.29900608199932,12.639124213691005,12.816152676551,0.33925211211371,-0.415372635216124,0.7097704189558648,-0.4371692380928732,1.9448449842985125,0.011159030338631621,0.0037310567143758466,0.00791145138712176,0.7211102550927979
94.3386502909998,12.65189330232557,12.802143326274665,0.38307265903695314,-0.42028050829008723,0.7069860928373598,-0.41476046120370236,1.9445937759292893,0.0109580676557041,0.002854059297034294,0.002660333257715292,0.6800735254367722
94.36605219400008,12.66599161244948,12.78799819917119,0.42294930371727835,-0.4243538131042581,0.7082281788959157,-0.40073105402108045,1.9436380272425426,0.009855681574317342,0.002820954693308511,0.0026875414718066284,0.7106335201775948
94.4101785999992,12.681337168608009,12.773817884957813,0.4603666847558448,-0.42540942640129165,0.7058769725254306,-0.3694970673477317,1.9419998021191733,0.00787947031035879,0.0036449051744486473,0.00201023716807914,0.7106335201775948
94.45332477199918,12.697799481976473,12.759685083045978,0.49386940105393556,-0.4239840573550272,0.7018623558642447,-0.3303856919120336,1.93974492378635,0.005890672138159424,0.005292118522283132,0.001164771151663705,0.7106335201775948
94.49524629199914,12.697799481976473,12.759685083045978,0.49386940105393556,-0.4239840573550272,0.6981432064327069,-0.3067302635050051,1.93974492378635,0.005890672138159424,0.005292118522283132,0.001164771151663705,0.7106335201775948
94.51460165500066,12.697799481976473,12.759685083045978,0.49386940105393556,-0.4239840573550272,0.6981432064327069,-0.3067302635050051,1.93974492378635,0.005890672138159424,0.005292118522283132,0.001164771151663705,0.7106335201775948
94.55752122400008,12.715213864891018,12.74563703883576,0.5224314874363634,-0.4214413263065682,0.6787025155021588,-0.2942887334895511,1.9369903640864194,0.003159128799447808,0.007672479447883183,0.001867406640621177,0.7071067811865476
94.61119028299981,12.733490023951331,12.731774601928493,0.5482847718094224,-0.4158731072180073,0.6748342552350007,-0.2796337935735174,1.933750308227116,0.00026390417116724783,0.010793452312575476,0.0044642183215492254,0.7071067811865476
94.63748740899973,12.733490023951331,12.731774601928493,0.5482847718094224,-0.4158731072180073,0.6736584044227216,-0.262061756995167,1.933750308227116,0.00026390417116724783,0.010793452312575476,0.0044642183215492254,0.7071067811865476
94.67860361500061,12.752512607464197,12.718162909459245,0.5706775053859825,-0.40835077407741843,0.6600988112628876,-0.25329630237283063,1.9300766870352775,0.003609129478441803,0.014619530061779887,0.0033808076237973215,0.6726812023536856
94.76383838699985,12.792379890126035,12.691938243634207,0.6060236481492265,-0.38769371184588264,0.6547684692547849,-0.23530491725776603,1.9215900347073827,0.012011263267156251,0.02426631694021047,0.011892521995285166,0.7106335201775948
94.78827016300056,12.813031810270054,12.67946573491475,0.6195576043205591,-0.37417526158370196,0.6881142627684129,-0.23086827331696053,1.9168215148151022,0.01630111095308484,0.030050034224633076,0.002146496544420155,0.6800735254367722
94.80964683300044,12.813031810270054,12.67946573491475,0.6195576043205591,-0.37417526158370196,0.7152310315402154,-0.21390819421956933,1.9168215148151022,0.01630111095308484,0.030050034224633076,0.002146496544420155,0.6800735254367722
94.84672708300059,12.834081901474889,12.667465152451586,0.6315027361450267,-0.36001747389490585,0.7359470382008156,-0.19050823730518546,1.9117282028609586,0.021208277557633107,0.03644900322227502,0.004514752833257828,0.6800735254367722
94.90322181900046,12.855476169665804,12.656024205566498,0.6418280457274645,-0.3432284065526353,0.7556994406594859,-0.16401806983855916,1.9062805824903006,0.02589363111274277,0.04348706421295426,0.005970900467821595,0.651920240520265
94.9514780720001,12.877136205555049,12.645182348752417,0.6498010766773207,-0.32525570442242846,0.7673685115158729,-0.1480135264027228,1.90049737125465,0.030622950334014933,0.05113667199709315,0.009794054095517759,0.6946221994724903
94.98726365000039,12.899015955308217,12.634981153630763,0.6563924925950583,-0.3060358536496529,0.7775252965211321,-0.13614750966591288,1.8943713722027375,0.03577757704627544,0.0593946571714942,0.005357520963168246,0.6946221994724903
94.99736448499971,12.899015955308217,12.634981153630763,0.6563924925950583,-0.3060358536496529,0.7564008553098155,-0.13025999883264022,1.8943713722027375,0.03577757704627544,0.0593946571714942,0.005357520963168246,0.6946221994724903
95.03412975599895,12.921063782303206,12.625419084967733,0.6614348098496348,-0.2868620598908681,0.7359062803616647,-0.12128560594569437,1.8879299458334302,0.03933581090163466,0.06822342155627875,0.01132298087367195,0.670820393249937
95.06321573400055,12.943215042925594,12.616528094327125,0.6645378186716369,-0.26672971921824984,0.7400146726393535,-0.11373943866317493,1.881180568641497,0.043518145589963524,0.0775998483807597,0.017022003999355977,0.670820393249937
95.11941865600056,12.965440282532311,12.608276835675849,0.6667571882015029,-0.24753775953828164,0.7333336504310863,-0.09522480289467566,1.874156810803626,0.04435702226567479,0.0832766490388046,0.004934435169406431,0.65
95.15019808099896,12.987741374539269,12.600655688481158,0.6690327602087242,-0.22863441584069127,0.7391098285857881,-0.08716082384938778,1.8668563454094973,0.04527982558540429,0.07565550184411407,0.010441625318947014,0.65
95.16653109599974,12.987741374539269,12.600655688481158,0.6690327602087242,-0.22863441584069127,0.7354909742448879,-0.061655517051361575,1.8668563454094973,0.04527982558540429,0.07565550184411407,0.010441625318947014,0.65
95.2467034500005,13.010254584967255,12.593623999758963,0.6753963128395639,-0.2109506616658532,0.7607952011177536,-0.05597248145568512,1.8592239573776672,0.043872643912206674,0.06862381312191879,0.0032466947771834925,0.6800735254367722
95.29247467999994,13.010254584967255,12.593623999758963,0.6753963128395639,-0.2109506616658532,0.7733536650082496,-0.03947840361234489,1.8592239573776672,0.043872643912206674,0.06862381312191879,0.0032466947771834925,0.6800735254367722
95.33154404000015,13.03308369279208,12.587183413317387,0.6848732347447464,-0.1932175932472473,0.7806652113917532,-0.0307149752290114,1.8511954060898639,0.04291263941311395,0.06218322668034304,0.0037459060739445855,0.6800735254367722
95.44361202300024,13.079359787918861,12.575972232483437,0.6970215191724867,-0.16004848604594202,0.7776523194480555,-0.00759429468351458,1.8342211095390188,0.038601257083902586,0.050972045846393144,0.010522959421326913,0.6670832032063168
95.47358205700039,13.102768919770915,12.57115829179977,0.7022739555616032,-0.14441822050999956,0.7688713642635379,0.00909843576782704,1.8253292295110661,0.03591767365408877,0.04615810516272667,0.013482423416991674,0.6576473218982953
95.50641133799945,13.102768919770915,12.57115829179977,0.7022739555616032,-0.14441822050999956,0.7670636453152871,0.02217079134024308,1.8253292295110661,0.03591767365408877,0.04615810516272667,0.013482423416991674,0.6576473218982953
95.57044415999917,13.126310906123395,12.56686365555332,0.7062595905744381,-0.1288390873935485,0.7588100157569728,0.05507263200899243,1.8161986406221022,0.03373845219473887,0.04186346891627579,0.002449903395587237,0.6576473218982953
95.62501198999962,13.149948272836706,12.563106009107804,0.7091210013993584,-0.11272939336549637,0.7470279265308315,0.08388335260756408,1.8068318747261733,0.03126778789631368,0.038105822470759776,0.005442070260564054,0.6576473218982953
95.65457098200022,13.173675713212917,12.559873074149968,0.7118232112863095,-0.09698804873508794,0.7192005717847005,0.0911444644721357,1.7972388911938966,0.029280276737124675,0.03487288751292361,0.004650585970820633,0.651920240520265
95.67612059000021,13.173675713212917,12.559873074149968,0.7118232112863095,-0.09698804873508794,0.7145937835751832,0.09866525452935038,1.7972388911938966,0.029280276737124675,0.03487288751292361,0.004650585970820633,0.651920240520265
95.70511619399986,13.197474167335889,12.557180848260098,0.7139536236891247,-0.0807667766961129,0.7032947440204729,0.10301596632591842,1.7874126030666444,0.027302723622285474,0.03218066162305355,0.009172802260754384,0.651920240520265
95.73964000399974,13.197474167335889,12.557180848260098,0.7139536236891247,-0.0807667766961129,0.685384863172209,0.11730639327490733,1.7874126030666444,0.027302723622285474,0.03218066162305355,0.009172802260754384,0.651920240520265
95.76762122699984,13.221405480329839,12.555086028125285,0.7179393898184987,-0.06284460404437867,0.6773136485867419,0.12063494522166701,1.7772696786048392,0.02586137818075465,0.03008584148824056,0.004337995725324479,0.65
95.80736505499954,13.24546719922961,12.553634851791044,0.7218515669931557,-0.04353529002722793,0.6610953300911151,0.13487813432984047,1.7667686546879284,0.024690677692490712,0.028634665153999705,0.008765353034203928,0.65
95.89105093000035,13.269665196945848,12.55284360286316,0.725939931487105,-0.02373746783649605,0.6286096976294671,0.15724353942881641,1.755889746642546,0.024103903017956913,0.027843416226115636,0.004628503867664369,0.65
95.92157351599963,13.269665196945848,12.55284360286316,0.725939931487105,-0.02373746783649605,0.6173447902033837,0.16929149417619813,1.755889746642546,0.024103903017956913,0.027843416226115636,0.004628503867664369,0.65
95.95315257899892,13.293967286589275,12.552732082631909,0.7290626893028035,-0.0033456069375136545,0.6074500374553599,0.1711857649065692,1.744627966990339,0.023877204905003953,0.02773189599486514,0.009442842437347665,0.65
95.98254454900052,13.31831742545891,12.553209514449597,0.7305041660890377,0.01432295453063969,0.5961730849434064,0.17222353127251572,1.7330863952874476,0.0241488825162156,0.028209327812552587,0.0052896849836360635,0.65
96.01670104999903,13.342660020840633,12.554338455917149,0.7302778614517064,0.03386824402658946,0.5785567978207957,0.1848514141247827,1.7212302149595482,0.024730454166650147,0.029338269280104967,0.010760676946637708,0.65
96.04530756199892,13.342660020840633,12.554338455917149,0.7302778614517064,0.03386824402658946,0.5734093916487478,0.1970690076010503,1.7212302149595482,0.024730454166650147,0.029338269280104967,0.010760676946637708,0.65
96.1322028809991,13.390833251320393,12.558544589617393,0.719146458823015,0.0727572941845341,0.5907280021680905,0.26350786267201604,1.6967622873079824,0.02719473210952313,0.033544402980348664,0.006089648074563464,0.651920240520265
96.22749131599994,13.414508176226835,12.561613526989891,0.7102477471932837,0.09206812117495111,0.6108829898431342,0.36013893756485027,1.684200694929301,0.029021205948925398,0.036613340352847246,0.0018095864755571483,0.6576473218982953
96.25909517000036,13.437836284286655,12.565291488210374,0.6998432417946174,0.1103388366144879,0.6138974836073664,0.3856208862174841,1.6714637305567928,0.03091152865437043,0.04029130157332972,0.0028361457832664777,0.6576473218982953
96.26411883400033,13.437836284286655,12.565291488210374,0.6998432417946174,0.1103388366144879,0.6138974836073664,0.3856208862174841,1.6714637305567928,0.03091152865437043,0.04029130157332972,0.0028361457832664777,0.6576473218982953
96.30836504000035,13.460777194855899,12.569555807230842,0.6882273170772983,0.12792957061405655,0.6127322931896413,0.40867340040053424,1.6585732488488814,0.03311410763465676,0.044555620593797585,1.4937825783601883e-05,0.6670832032063168
96.36057157600044,13.483340947834895,12.574365938616435,0.67691258936989,0.1443039415677681,0.6196482565721844,0.4400944186498449,1.6455478345739076,0.03516244904176703,0.04936575197939064,0.0006429070228529312,0.6670832032063168
96.40460992599947,13.505566038646663,12.579719919308447,0.6667527243530306,0.1606194207603556,0.6229699989280177,0.4539421334733214,1.6323612523451219,0.03722287459004019,0.054719732671403065,0.002164338805365029,0.6800735254367722
96.45873509599915,13.527400731353172,12.585558294875563,0.6550407811952554,0.17515126701348435,0.577086221696805,0.4495615579902441,1.6190749212667996,0.038895594779295314,0.060558108238518926,0.003804598086117106,0.6800735254367722
96.46674780099966,13.527400731353172,12.585558294875563,0.6550407811952554,0.17515126701348435,0.577086221696805,0.4495615579902441,1.6190749212667996,0.038895594779295314,0.060558108238518926,0.003804598086117106,0.6800735254367722
96.5141470540002,13.548808545439996,12.591863863019285,0.6422344226047354,0.18916704431164233,0.5564893228520651,0.47100701504058223,1.605704402200818,0.040054411585318576,0.06686367638224056,0.005915465047290812,0.6800735254367722
96.55029666399969,13.569815879422917,12.598782459695723,0.6302200194875905,0.20755790029317095,0.5419745105775183,0.46828410989544633,1.5920896033293217,0.04080944993671847,0.07378227305867924,0.0060915380454862516,0.696419413859206
96.61963085500065,13.590494500412312,12.60644450233826,0.6203586296818389,0.22986127927611763,0.5125774542996031,0.48414397997079744,1.578069668520914,0.04050895143560852,0.08144431570121569,0.008878408376871778,0.65
96.64734287200008,13.610832915488674,12.614894561469965,0.6101524522908562,0.2535017739511904,0.5044208637054083,0.4886070207744452,1.5635928498559966,0.03998738372403479,0.07358270712518851,0.007626702435595326,0.670820393249937
96.68826845299918,13.630876367139923,12.624145556015534,0.6013035495374466,0.2775298363670906,0.4902006225699764,0.5058783691357471,1.5486198121994084,0.03722574411862487,0.06595128752009732,0.01073239623843141,0.670820393249937
96.7348848469992,13.650639851824355,12.63422287472709,0.5929045405329473,0.30231956134666527,0.47416717569358985,0.5354610371899771,1.5331102777496965,0.035313359417231134,0.059102133876977866,0.013485563864911482,0.6946221994724903
96.77106714500042,13.67010340710622,12.64512908170769,0.5839066584559274,0.3271862094180066,0.4679174153121176,0.5637383866250821,1.5170565149243411,0.032270160652147814,0.0530511748641783,0.004083939422521003,0.6946221994724903
96.80069332200037,13.68928683954531,12.656848920768734,0.5755029731727409,0.3515951718313291,0.4558797279126577,0.5903571383596332,1.500456709691101,0.029752878935887874,0.047773617374542464,0.006290469697567525,0.651920240520265
96.86039000399978,13.708092013355667,12.669283110686967,0.5641552143107212,0.37302569754699866,0.4354162625415392,0.628749882076282,1.4834226260109336,0.027738283388253352,0.04326865146159149,0.0007957637899802948,0.6800735254367722
96.88914248999936,13.726488894253796,12.682393670100163,0.5519064269438838,0.39331678239586815,0.4256348826703926,0.6400757904418384,1.4659871256896615,0.02541627341011795,0.03953065769206337,0.0023815641179009625,0.6800735254367722
96.92536051699972,13.744450626966463,12.696149143779818,0.5388519813800274,0.4126642103896343,0.41299087987376415,0.651413504694627,1.448175605088926,0.02386583250618834,0.036556383406393514,0.004507826649674592,0.6800735254367722
96.92913847599993,13.744450626966463,12.696149143779818,0.5388519813800274,0.4126642103896343,0.41299087987376415,0.651413504694627,1.448175605088926,0.02386583250618834,0.036556383406393514,0.004507826649674592,0.6800735254367722
96.97664065499885,13.76193640674659,12.710452048701292,0.5245733934038312,0.42908714764418887,0.38032187065901346,0.6476997572064221,1.4300805928484737,0.022642380416495488,0.03430575101017126,0.0035963485638401925,0.6726812023536856
97.00017625299915,13.76193640674659,12.710452048701292,0.5245733934038312,0.42908714764418887,0.3681642089162811,0.6457703634172431,1.4300805928484737,0.022642380416495488,0.03430575101017126,0.0035963485638401925,0.6726812023536856
97.05549708000035,13.778963370472727,12.725231299548168,0.5108089117840768,0.44337752540627967,0.35909685745578235,0.6282479144971218,1.411755466516864,0.021518836986392124,0.03271637799108605,0.007834970019827518,0.6726812023536856
97.12205338000058,13.795511969015083,12.74050535286356,0.4964579562706899,0.458221599461738,0.3531062241021141,0.7221321018716071,1.3931757450536186,0.021083520159088646,0.03181513841817053,0.0022502866684999687,0.6726812023536856
97.15715620999981,13.811595810213435,12.756297828821372,0.4825152359505482,0.4737742787343981,0.3487519099340278,0.7637320121438351,1.374304370042023,0.020893436873992144,0.03160911208078338,0.003808891393229323,0.6726812023536856
97.22422482500042,13.84229229668441,12.789539758305464,0.45315676222736234,0.5069490646004257,0.33919451711139237,0.8177050462986394,1.3355595476841517,0.021970954790837917,0.0334090120964813,0.001985532883436849,0.6726812023536856
97.26041106000048,13.84229229668441,12.789539758305464,0.45315676222736234,0.5069490646004257,0.30741585225876805,0.8591426651514305,1.3355595476841517,0.021970954790837917,0.0334090120964813,0.001985532883436849,0.6726812023536856
97.29718241099908,13.856880332964753,12.807023925370828,0.43764108841024957,0.524525011960918,0.295784508939979,0.8755068071891234,1.315634562506926,0.023017078126791567,0.03545688581377327,0.00015080228801964837,0.6800735254367722
97.34851575999892,13.870944877648348,12.825081520471901,0.421936340507839,0.5417278530322028,0.27585866550500826,0.8838494187533508,1.295331377878946,0.02453792687040783,0.0382803988415915,0.0004670042400345085,0.6800735254367722
97.3882305749994,13.884488234993396,12.843698010480672,0.40630072035143383,0.5584947002631523,0.251292277613776,0.898124774724793,1.2746528977437277,0.02681973717739055,0.04186764534996901,0.0017283628311296827,0.6800735254367722
97.40510650999931,13.897491220423714,12.86282811151531,0.39008956290953134,0.5739030310391171,0.23459820273731397,0.9087057719405207,1.253636345780646,0.028628353050400474,0.04620017034289767,0.0021494926581734526,0.651920240520265
97.47166729899982,13.921795485549614,12.902538179900038,0.3560663837661829,0.6027871143949235,0.20890710778430527,0.9089495819728657,1.2106492719064472,0.03354341460126487,0.05709371829684061,0.008065361473757297,0.670820393249937
97.49869655799921,13.921795485549614,12.902538179900038,0.3560663837661829,0.6027871143949235,0.1850112337671856,0.9190478160037943,1.2106492719064472,0.03354341460126487,0.05709371829684061,0.008065361473757297,0.670820393249937
97.54368185299973,13.933086513157805,12.923240859721112,0.33873082824572,0.6210803946322038,0.15944326050406188,0.9491751929666571,1.1885378354599092,0.03531039743906567,0.06374876139873947,0.0007330016274041634,0.670820393249937
97.58718451599998,13.94380636846396,12.94459558759873,0.321595659184632,0.640641836328565,0.13362993233502946,0.9715926705082245,1.1659141506683666,0.03777977546904198,0.07126875191107616,0.00117332060188792,0.670820393249937
97.66422722700008,13.963389915269754,12.989423803447309,0.28436122762531363,0.6838702781707519,0.10552923834275185,0.9996704432380397,1.118946738499847,0.03704434488561847,0.06161029371903126,0.0075701941660738445,0.696419413859206
97.70452666100027,13.97219229001828,13.012961309140376,0.26407124245572017,0.7061251707920306,0.08096153933172828,1.012307674645471,1.09452634785855,0.03530130834646584,0.05280791897050641,0.011215107517878489,0.6800735254367722
97.73855298600029,13.980321020329406,13.037201353409797,0.24386190933378565,0.7272013280826449,0.06591008475176341,1.0209013687866628,1.0695157882747504,0.034246550335338216,0.04467918865938003,0.01092634880966907,0.6800735254367722
97.80445485400014,13.98775962240973,13.062106435441516,0.2231580624097086,0.7471524609515499,0.04843853627202149,0.979347437779842,1.0439448997497531,0.03282038481536726,0.037240586579056156,0.01427561873563108,0.6670832032063168
97.85147144499933,13.994521608467634,13.087637991662326,0.202859581737137,0.7659466866243183,0.038368684003618425,0.9707156017866503,1.0178420933552228,0.03218961357616498,0.030478600521151478,0.004745452785110578,0.6670832032063168
97.89043459300046,14.000577990521546,13.113746770581507,0.1816914616173225,0.7832633675754377,0.029850589514959835,0.9482528057322543,0.9912518189174433,0.032342009162762926,0.024422218467240242,0.010375065449963083,0.7071067811865476
97.91750250599944,14.005908541187901,13.140448370981105,0.15991651999068365,0.8010480119879086,0.025518176188215558,0.9329214953529673,0.9641537903126264,0.03367928897878523,0.024558866071389025,0.016414441145584477,0.7071067811865476
97.93990085000041,14.005908541187901,13.140448370981105,0.15991651999068365,0.8010480119879086,0.020776616548101923,0.9253390268528662,0.9641537903126264,0.03367928897878523,0.024558866071389025,0.016414441145584477,0.7071067811865476
98.00470501699965,14.01052164356606,13.167775245775667,0.1383930713447773,0.8198062438368722,0.028255273446034734,0.8238474889140357,0.9365091396557411,0.036875400160638436,0.04048441985281139,0.009916309792983538,0.70178344238091
98.03245378000065,14.014479883921474,13.195714277982466,0.11874721066243663,0.8381709662039684,0.02641252795651955,0.8005286123561202,0.9083206247239223,0.03965841017496778,0.05744140038914837,0.020181226854818313,0.70178344238091
98.06960234100006,14.017786862860238,13.224236303314441,0.09920936816290198,0.8556607599592809,0.0262394723372551,0.7747428353328378,0.879614149699012,0.04148183011761185,0.05721334687360624,0.01066979962517194,0.7000000000000001
98.10749613799999,14.02043704488804,13.253266288232554,0.07950546083405916,0.8708995475433674,0.03335317423581685,0.7458309329778299,0.8504635456441523,0.042563985016651616,0.05456316484580448,0.020717951870885903,0.7000000000000001
98.15452955900037,14.022368043482478,13.282708398282097,0.057929957833189355,0.8832633014862676,0.03761465303981165,0.7413667874832881,0.8209703301041724,0.043787183005038074,0.052632166251365575,0.027725481428911628,0.7000000000000001
98.17172896299962,14.023565580604233,13.312502148601048,0.03592611365262209,0.8938125095685228,0.01777859534953713,0.7438604927547084,0.7911985126542725,0.0446803172624492,0.051434629129611054,0.010476405769482663,0.7000000000000001
98.19705723600055,14.023565580604233,13.312502148601048,0.03592611365262209,0.8938125095685228,0.04401034850514282,0.7448976454681576,0.7911985126542725,0.0446803172624492,0.051434629129611054,0.010476405769482663,0.7000000000000001
98.24475878799967,14.0239689363029,13.342592386452312,0.012100670960039271,0.9027071355378913,0.05157379477968105,0.7526131299305416,0.7612141720349906,0.04599400554124063,0.05103127343094371,0.020873765627465478,0.7000000000000001
98.283488183999,14.023575626575418,13.372915656521007,-0.01179929182443424,0.9096981020608795,0.0575824550094991,0.7522125162493483,0.7310898216947199,0.04771643802531152,0.05142458315842546,0.012670821158450722,0.7000000000000001
98.31953476600029,14.022457667194828,13.403429895881313,-0.03353878141769461,0.915427180809153,0.06740303354030672,0.7251011585138234,0.7008728296408597,0.04973745270188926,0.05254254253901536,0.02452761344011878,0.7000000000000001
98.37028217700026,14.020586047297725,13.434040550638574,-0.05614859691310177,0.9183196427178376,0.08100551417870701,0.7015094131132441,0.6706776901594178,0.05237386958219881,0.054414162436119184,0.03409071702220548,0.7000000000000001
98.43890147999991,14.017960001365875,13.464646049834712,-0.07878137795548583,0.9181649758841423,0.10521581247589018,0.655909520139396,0.6406287562750531,0.05553669455480803,0.05704020836796886,0.01475875049547054,0.7000000000000001
98.50258585499978,14.010769582072456,13.525304454686593,-0.11677483059482531,0.9065081324152793,0.12626229295279168,0.6184416756767716,0.581581496685201,0.06349511759024161,0.06423062766138798,0.029211864061057777,0.7000000000000001
98.58362230899911,14.00638982238924,13.555212893047175,-0.13139279049646702,0.8972531508174494,0.1700132630826867,0.5592806886019336,0.5527710712893237,0.06812163281863373,0.068610387344604,0.04123675578344188,0.7000000000000001
98.7066315230004,13.996660023702836,13.613966664516926,-0.14913984221970542,0.8758668885677238,0.2093302483080059,0.5175392078432511,0.49689793107025515,0.07827668474169343,0.07834018603100823,0.03309128206383055,0.65
98.72173377599938,13.996660023702836,13.613966664516926,-0.14913984221970542,0.8758668885677238,0.21499925368191755,0.495809368922225,0.49689793107025515,0.07827668474169343,0.07834018603100823,0.0,0.65
98.78263470499951,13.991544224817574,13.642759135135758,-0.15347396655785733,0.8637741185649354,0.2386926190762953,0.4730215668589911,0.469927508954541,0.08358696904560724,0.08345598491627015,0.01583204494216045,0.65
98.89474672200049,13.981204383242726,13.698892077457275,-0.15392132279591397,0.8341873193110851,0.26791833489246836,0.4163016943295758,0.4183299703431267,0.09434337573203773,0.0937958264911174,0.0366748864772631,0.65
98.9610204799992,13.976260125336772,13.726143395522696,-0.14832773717861922,0.817539541962636,0.28334934392538436,0.36267693311426785,0.3938023835542015,0.09951578404605138,0.09874008439707183,0.019618783401943157,0.65
98.96410591899985,13.976260125336772,13.726143395522696,-0.14832773717861922,0.817539541962636,0.28334934392538436,0.36267693311426785,0.3938023835542015,0.09951578404605138,0.09874008439707183,0.019618783401943157,0.65
99.01022172400008,13.971448313416374,13.75286121382573,-0.1443543576119165,0.8015345490910267,0.292566505396076,0.3282409112009283,0.3701768131447999,0.10464138729337887,0.10355189631746953,0.038824220023784356,0.65
99.05029070199998,13.966967205171489,13.77888301598796,-0.1344332473465384,0.780654064866892,0.30118033021639323,0.29841230649858014,0.3475828561952865,0.1094355851673362,0.10803300456235476,0.016690623568809484,0.65
99.09209761199963,13.962887042836691,13.804127061240418,-0.12240487004393341,0.7573213575737395,0.31168909425283625,0.2696921453515202,0.3260993083591229,0.1139685301221043,0.1121131668971529,0.032649842113262724,0.65
99.11394248599936,13.962887042836691,13.804127061240418,-0.12240487004393341,0.7573213575737395,0.31168909425283625,0.2696921453515202,0.3260993083591229,0.1139685301221043,0.1121131668971529,0.032649842113262724,0.65
99.14296159200057,13.959205943357128,13.828621940820373,-0.11043298438689693,0.7348463873986578,0.324972458070235,0.2231296188573138,0.3057270308462389,0.11808901987243493,0.11579426637671553,0.04789334627490853,0.65
99.19810709100057,13.956108800146966,13.852307251645481,-0.09291429630487796,0.7105593247532251,0.336041032012123,0.17987817080397306,0.2864548393421912,0.12183267889500748,0.11889140958687783,0.03165500126016665,0.65
99.23545254800047,13.953678838610385,13.875226398007783,-0.07289884609745523,0.6875743908690469,0.34066458068089667,0.15223295131640693,0.2682033825718111,0.12490229675863451,0.12132137112345909,0.046043753160807145,0.65
99.34059450200039,13.951892411909673,13.897442363559101,-0.053592801021338086,0.6664789665395165,0.3504310518236196,0.10368213319454457,0.2509291807073403,0.12753241939463986,0.12310779782417036,0.029516315348207936,0.65
99.40160160300002,13.950232762064823,13.939719746936165,-0.014933862808107008,0.6230097879717353,0.35321597057228055,0.07797521717457001,0.2193626793256744,0.13107384506301836,0.12476744766902037,0.04430581239673164,0.65
99.44770232399969,13.950232762064823,13.939719746936165,-0.014933862808107008,0.6230097879717353,0.3418106508217606,0.04067048578606315,0.2193626793256744,0.13107384506301836,0.12476744766902037,0.04430581239673164,0.65
99.51572328600014,13.950389346799401,13.959761063124677,0.0046975420373381056,0.6012394856553912,0.3400143451110298,0.008632351152809248,0.2050617150202114,0.132283330594182,0.12461086293444268,0.014688704110852454,0.65
99.54997523400016,13.951222591458091,13.97905843322098,0.024997339760673278,0.5789211028890512,0.3360025520277251,-0.0051722655412076435,0.19173309538890318,0.13276726650627935,0.12377761827575284,0.02837176469768126,0.65
99.59356077499979,13.952759656902982,13.997566989182085,0.04611196334674274,0.555256678833138,0.32728195412524097,-0.03646068996263105,0.17936621850435083,0.13255120012925437,0.12224055283086166,0.04099773806938734,0.65
99.62815883700023,13.9549680748955,14.01527173875287,0.06625253977555964,0.5311424871235784,0.31975757741914357,-0.05039060659180039,0.16796766817896466,0.1322038217465113,0.1200321348383433,0.026039111188914735,0.65
99.65356210000027,13.957769734091908,14.032242885771776,0.08404977589221048,0.5091344105671413,0.3054710157799264,-0.07483648045995488,0.1575451524764345,0.1311934920211933,0.11745399433913419,0.03759177062713893,0.65
99.67326218800008,13.96121143537978,14.048203141692913,0.10325103863617344,0.4788076776340965,0.2961680676309389,-0.08854772019393813,0.1481390569695418,0.1294408494755479,0.11613036319185488,0.047954712904100937,0.65
99.7265515959989,13.965283089183016,14.063121850519298,0.12214961409706143,0.4475612647915931,0.2787708296820016,-0.11108796166192393,0.13967334738307122,0.1272672048626014,0.11614191884422645,0.013095994797260351,0.65
99.75048807599887,13.965283089183016,14.063121850519298,0.12214961409706143,0.4475612647915931,0.2682609479339759,-0.12126846461769743,0.13967334738307122,0.1272672048626014,0.11614191884422645,0.013095994797260351,0.65
99.78180115699979,13.969961740829426,14.077052189952097,0.14035954939228867,0.4179101829839458,0.2577260070374155,-0.1331954298844729,0.13204753248019419,0.12483090873930437,0.11610849558838349,0.025070034769958345,0.65
99.81531856299989,13.975217516291078,14.089975045188574,0.15767326384954292,0.38768565709431047,0.24378901262123148,-0.1448722864892038,0.12518453562456666,0.12166664127910622,0.1152089714311868,0.03591249344516037,0.65
99.85588427699986,13.981008219572288,14.101962765648603,0.17372109843630254,0.3596316138008931,0.22844028019793267,-0.15458464223571355,0.11900796720534289,0.11782742183595821,0.11350625581147002,0.02288722149009467,0.65
99.91744319300051,13.98730102246044,14.113050763681397,0.18878408664449883,0.33263994098384647,0.2073586852298594,-0.16481399648218348,0.11345211311883972,0.11335122562841121,0.11104269063530581,0.03286041046027166,0.65
99.92951714399896,13.98730102246044,14.113050763681397,0.18878408664449883,0.33263994098384647,0.2073586852298594,-0.16481399648218348,0.11345211311883972,0.11335122562841121,0.11104269063530581,0.010923295584559959,0.65
99.96338543799902,13.994054528729873,14.123269002106595,0.20260518808299896,0.3065471527559369,0.19083252369965775,-0.1716340284805395,0.10847068425010531,0.10847068425010531,0.10786702286032339,0.020965324418856467,0.65
100.01078813999993,14.00121822246801,14.13266437476233,0.21491081214413182,0.28186117967203833,0.1716762563759785,-0.17790334860296236,0.1040423036605469,0.1040423036605469,0.10404200517481693,0.030174257975618592,0.7000000000000001
100.04196861200035,14.008744892414581,14.14131306288156,0.2258000983971384,0.259460643576876,0.15544342928437382,-0.18293130078912032,0.1001711726250721,0.1001711726250721,0.1001711726250721,0.010574417471321,0.7000000000000001
100.1352616690001,14.024586971501499,14.156238391079098,0.24102596731983733,0.2121720059462528,0.11477223636761183,-0.19609604310141016,0.09407380878055957,0.09407380878055957,0.09407380878055957,0.029718765374355662,0.7000000000000001
100.18040031300006,14.032754631018964,14.162465247506038,0.24502978552396784,0.1868056928081866,0.08863595995483387,-0.20035716513867752,0.0917815166326329,0.0917815166326329,0.0917815166326329,0.009843202415762047,0.7000000000000001
100.20932262299903,14.040946324328422,14.16777501862315,0.24575079928371282,0.159293133513371,0.07585570277499268,-0.20108857050211565,0.08989321309026765,0.08989321309026765,0.08989321309026765,0.018959495364600926,0.7000000000000001
100.2416968460002,14.040946324328422,14.16777501862315,0.24575079928371282,0.159293133513371,0.05163229651590291,-0.2028712567531792,0.08989321309026765,0.08989321309026765,0.08989321309026765,0.018959495364600926,0.7000000000000001
100.28683628100043,14.040946324328422,14.16777501862315,0.24575079928371282,0.159293133513371,0.03599980576123042,-0.20243965820413112,0.08989321309026765,0.08989321309026765,0.08989321309026765,0.0,0.7000000000000001
100.38171665899972,14.057013357996283,14.175638659410358,0.23827166132367195,0.10430857858250109,0.015023777650029282,-0.20931058075067366,0.08700033441402384,0.08700033441402384,0.08700033441402384,0.017304436608311727,0.7000000000000001
100.42143055999986,14.057013357996283,14.175638659410358,0.23827166132367195,0.10430857858250109,-5.1505668340154354e-05,-0.20435073298172776,0.08700033441402384,0.08700033441402384,0.08700033441402384,0.017304436608311727,0.7000000000000001
100.45532843299952,14.064730438549866,14.178260673467156,0.23151241660748478,0.07866042170393346,-0.01012878187497375,-0.20347293206778388,0.08584098657644607,0.08584098657644607,0.08584098657644607,0.024861866344398624,0.7000000000000001
100.52456637599971,14.072237051640478,14.180103456305384,0.22519839271839262,0.055283485146851524,-0.026272120635018284,-0.19798297151148192,0.08477821072470226,0.08477821072470226,0.08477821072470226,0.007638692546954311,0.7000000000000001
100.55776561200037,14.079424247712934,14.181193733468293,0.21561588217368965,0.0327083148872761,-0.038443186235539335,-0.19186981599867814,0.08376027660352427,0.08376027660352427,0.08376027660352427,0.01469347506942989,0.7000000000000001
100.57125529899895,14.079424247712934,14.181193733468293,0.21561588217368965,0.0327083148872761,-0.038443186235539335,-0.19186981599867814,0.08376027660352427,0.08376027660352427,0.08376027660352427,0.01469347506942989,0.7000000000000001
100.60127813100007,14.086186932747662,14.181563781686492,0.20288055104183494,0.011101446545958096,-0.05071452791457468,-0.1837227203060385,0.08272515524264316,0.08272515524264316,0.08272515524264316,0.006696327778271792,0.7000000000000001
100.641494133999,14.092534165686976,14.181273648196765,0.19041698817941216,-0.008704004691824467,-0.06235624282545447,-0.17462757003161616,0.08161583530909342,0.08161583530909342,0.08161583530909342,0.012851465374937839,0.7000000000000001
100.6677417209994,14.09844412369711,14.180372248088265,0.177298740304035,-0.02704200325498719,-0.0676947190518174,-0.1684712771803286,0.08038730629789466,0.08038730629789466,0.08038730629789466,0.01845400868936721,0.7000000000000001
100.74863039999946,14.109129650583478,14.176951080791932,0.15502550492575853,-0.05891845769968376,-0.08952157644106115,-0.15012412064837558,0.07749076948142226,0.07749076948142226,0.07749076948142226,0.010816378651053078,0.7000000000000001
100.76769897200029,14.109129650583478,14.176951080791932,0.15502550492575853,-0.05891845769968376,-0.09289915324802847,-0.14079001377458616,0.07749076948142226,0.07749076948142226,0.07749076948142226,0.010816378651053078,0.7000000000000001
100.8030836479993,14.113932453961361,14.17451934295231,0.14408410133647206,-0.07295213518863612,-0.1034262219152961,-0.13161672969652669,0.0758105912615746,0.0758105912615746,0.0758105912615746,0.015714521852464084,0.7000000000000001
100.84623100200042,14.118386297416507,14.171668371635855,0.13361530365436589,-0.08552913949365742,-0.11133658653469221,-0.12124558372251708,0.07398926561078516,0.07398926561078516,0.07398926561078516,0.004790368449403934,0.7000000000000001
100.89231666100022,14.125987320164311,14.164973528894823,0.1069161399433565,-0.10460995090632413,-0.12129721641458288,-0.1078765302232843,0.06997785554279917,0.06997785554279917,0.06997785554279917,0.01320650854999779,0.7000000000000001
100.92050999499952,14.125987320164311,14.164973528894823,0.1069161399433565,-0.10460995090632413,-0.12111331106291513,-0.09932758921759695,0.06997785554279917,0.06997785554279917,0.06997785554279917,0.0,0.7000000000000001
100.94839714099908,14.129113986716026,14.161234694680996,0.09379999655146928,-0.11216502641482876,-0.12386377084402535,-0.09379777047372906,0.06780348114349141,0.06780348114349141,0.06780348114349141,0.0041943562087363205,0.7000000000000001
100.96779592500025,14.129113986716026,14.161234694680996,0.09379999655146928,-0.11216502641482876,-0.1245546854860839,-0.08659927580681957,0.06780348114349141,0.06780348114349141,0.06780348114349141,0.0041943562087363205,0.7000000000000001
100.99943036100012,14.131788456409911,14.157304578842894,0.0802340908165179,-0.11790347514304403,-0.12871746135478213,-0.07937627829929976,0.06553106681022576,0.06553106681022576,0.06553106681022576,0.008026168165687221,0.7000000000000001
101.03318702300021,14.134037869812802,14.15321080978993,0.06748240208676065,-0.1228130715888599,-0.1295960934920624,-0.07079485669334715,0.06316618446521474,0.06316618446521474,0.06316618446521474,0.0038748610563026876,0.7000000000000001
101.06548597399888,14.135832908527009,14.149020603402732,0.05385116142620947,-0.1257061916159368,-0.1285180692294222,-0.06524295593226434,0.060720811024499874,0.060720811024499874,0.060720811024499874,0.007390006136579056,0.75
101.10340719299893,14.137215624199973,14.14474506152046,0.041481470188938455,-0.128266256468154,-0.12775496163533093,-0.05535866929152387,0.058198996684336694,0.058198996684336694,0.058198996684336694,0.010577729221316265,0.75
101.14374174399927,14.138198542889507,14.140416552942725,0.02948756068602012,-0.1298552573320607,-0.12589231209207732,-0.04638020497594781,0.055611387598706805,0.055611387598706805,0.055611387598706805,0.0035235814617281492,0.75
101.17095035099919,14.138784827275668,14.136077218680265,0.017588531584831868,-0.13018002787376864,-0.12378650982536966,-0.04154316630652938,0.05297007206439419,0.05297007206439419,0.05297007206439419,0.006749141605579431,0.75
101.21215778199985,14.139005279568064,14.131733069647312,0.006613568771886414,-0.13032447098859656,-0.1207500204382208,-0.03099838537810417,0.05028319344894528,0.05028319344894528,0.05028319344894528,0.009696518348085017,0.75
101.2580808519997,14.138849094510672,14.127473908005166,-0.004685551721750172,-0.1277748492643594,-0.1168241057132204,-0.023571222921265785,0.0475822211059498,0.0475822211059498,0.0475822211059498,0.003205316691690073,0.75
101.26470471900029,14.138849094510672,14.127473908005166,-0.004685551721750172,-0.1277748492643594,-0.1168241057132204,-0.023571222921265785,0.0475822211059498,0.0475822211059498,0.0475822211059498,0.003205316691690073,0.75
101.30855216199961,14.138330896352509,14.123374415698926,-0.015545944744914149,-0.12298476918718226,-0.11236019155360982,-0.016892570710877592,0.04489566710110224,0.04489566710110224,0.04489566710110224,0.0060583141926060175,0.75
101.34215941900038,14.13747864796357,14.11943567799927,-0.02556745166812706,-0.11816213098965328,-0.10681686955140801,-0.011167934988157064,0.04221841579771332,0.04221841579771332,0.04221841579771332,0.008575797648900025,0.75
101.39230379899891,14.136322963177125,14.115665029212026,-0.034670543593359755,-0.11311946361729397,-0.09840660066393954,-0.0038101521629063557,0.039556931051087506,0.039556931051087506,0.039556931051087506,0.008182920834358386,0.75
101.45617585999935,14.136322963177125,14.115665029212026,-0.034670543593359755,-0.11311946361729397,-0.08996147123580932,0.002209953243908054,0.039556931051087506,0.039556931051087506,0.039556931051087506,0.008182920834358386,0.75
101.46807770499981,14.13489273230459,14.112079901652082,-0.042906926176073126,-0.1075538267983206,-0.08996147123580932,0.002209953243908054,0.03692460956602979,0.03692460956602979,0.03692460956602979,0.01028422938337039,0.75
101.50976442699903,14.133219421628967,14.108681454394532,-0.050199320268653244,-0.10195341772652493,-0.0832691694529376,0.006050411745552965,0.03433507861892019,0.03433507861892019,0.03433507861892019,0.012092766545609174,0.75
101.57324182499906,14.129269579447477,14.102467671491642,-0.06194614900101842,-0.09023851820457275,-0.07257540030985626,0.011942000491450413,0.029373417976511957,0.029373417976511957,0.029373417976511957,0.014885453298044169,0.75
101.61758801799988,14.129269579447477,14.102467671491642,-0.06194614900101842,-0.09023851820457275,-0.06220619087703479,0.015639750166584303,0.029373417976511957,0.029373417976511957,0.029373417976511957,0.014885453298044169,0.75
101.63137963400004,14.129269579447477,14.102467671491642,-0.06194614900101842,-0.09023851820457275,-0.06220619087703479,0.015639750166584303,0.029373417976511957,0.029373417976511957,0.029373417976511957,0.014885453298044169,0.75
101.66326699599995,14.127056035480187,14.099659937869438,-0.06640631901868804,-0.08423200866612575,-0.05659363168565276,0.01805614935892815,0.027058172483702864,0.027058172483702864,0.027058172483702864,0.01589976503896957,0.75
101.70047808799973,14.12471585261367,14.097036947849771,-0.07020548599553039,-0.078689700589997,-0.0489837199369617,0.02044679306376606,0.024892831266564913,0.024892831266564913,0.024892831266564913,0.016690119450985242,0.75
101.73635782699967,14.122273858492587,14.094592680581094,-0.07325982363252058,-0.07332801806029522,-0.04104198760734966,0.0225576317354349,0.022920817512599383,0.022846233083308725,0.022920817512599383,0.017275767780355583,0.75
101.76805203100048,14.1197489499586,14.092311380926523,-0.0757472560196025,-0.06843898963713095,-0.036221578429891446,0.023634196082406952,0.02119282632695178,0.020710302002274125,0.021166852050042796,0.017680484513954497,0.75
101.86094443500042,14.114531698414407,14.088197729213467,-0.07864762625418285,-0.05920508909419206,-0.018505445004723804,0.028506522108595906,0.018720679862812437,0.01620267557751535,0.01751817420695893,0.01802669271602102,0.75
101.89411545700023,14.111912973715144,14.08639404769312,-0.07856174097787164,-0.054110445610419756,-0.00813238020841696,0.0312236904595438,0.018084271644575222,0.01389919180930273,0.015604203732271598,0.017987282877984793,0.75
101.930680948999,14.111912973715144,14.08639404769312,-0.07856174097787164,-0.054110445610419756,-0.0035679167782760677,0.032382622736002904,0.018084271644575222,0.01389919180930273,0.015604203732271598,0.017987282877984793,0.75
101.97500867300005,14.109339242983424,14.084772811793657,-0.07721192195160614,-0.04863707698392391,0.005037690634876498,0.03586283543744924,0.017863054614897532,0.011611535326257628,0.013675224226838338,0.017863054614897532,0.75
102.01477214199986,14.106852240308804,14.083341754996995,-0.07461008023860817,-0.04293170389985069,0.01033034207989097,0.037956692141578235,0.018012504651761102,0.009379711172231592,0.011768382617184235,0.018012504651761102,0.75
102.0941936220006,14.104473255498348,14.082096821174297,-0.07136954431369338,-0.037348014680972735,0.018338825275292556,0.04157565364915762,0.018453558649176898,0.007225381817837163,0.009905158853099933,0.018453558649176898,0.75
102.12136848699993,14.102213962129243,14.081030299831477,-0.06777880107314767,-0.0319956402845912,0.020269352245926117,0.042215112115360734,0.019098459435079203,0.005161285529858617,0.008099065728519744,0.019098459435079203,0.75
102.13908379699933,14.102213962129243,14.081030299831477,-0.06777880107314767,-0.0319956402845912,0.022471037303937708,0.042588181338365116,0.019098459435079203,0.005161285529858617,0.008099065728519744,0.019098459435079203,0.75
102.162768401,14.102213962129243,14.081030299831477,-0.06777880107314767,-0.0319956402845912,0.02435288272090584,0.04315342776427201,0.019098459435079203,0.005161285529858617,0.008099065728519744,0.019098459435079203,0.75
102.21430578000036,14.100067646995146,14.0801280710416,-0.0643894540228833,-0.0270668636963408,0.027993582441000628,0.04520104447694237,0.01987204409827172,0.003183006358640665,0.006348199623576538,0.01987204409827172,0.75
102.23196021399963,14.100067646995146,14.0801280710416,-0.0643894540228833,-0.0270668636963408,0.02954564800247659,0.04554141655549595,0.01987204409827172,0.003183006358640665,0.006348199623576538,0.01987204409827172,0.75
102.27248834400052,14.098034253882822,14.079378209639676,-0.06100179336973766,-0.0224958420576744,0.03081930558184992,0.045972776725940044,0.02071526962079701,0.0012923588190002554,0.004656278258952546,0.02071526962079701,0.75
102.31145317700066,14.096111167722292,14.078769148245337,-0.05769258481590269,-0.01827184183019435,0.03312304531633869,0.04661623425219919,0.02158407011461454,0.0005114258788455423,0.003024478668452664,0.02158407011461454,0.75
102.34204345800026,14.09429375653305,14.078289987686679,-0.05452233567723708,-0.01437481675974488,0.03579806906869304,0.04685647776487022,0.022447401835148824,0.0022312132667327627,0.001451853170474267,0.022447401835148824,0.75
102.37847523900018,14.09257612855072,14.07793071957349,-0.051528839469927014,-0.010778043395633869,0.03896752661753816,0.046641188118877255,0.023284479934912,0.0038712527615419228,6.402274165654701e-05,0.023284479934912,0.75
102.47136581199993,14.0910073543918,14.077708830547428,-0.04706322476758273,-0.006656670781918157,0.04418630220950258,0.04688837537956421,0.02403672004658584,0.005385822990648633,0.0014821263012988063,0.02403672004658584,0.75
102.50591149200045,14.089612326624085,14.077630788058643,-0.04185083303145533,-0.002341274663538576,0.04570127029633009,0.046968116965240815,0.02466344260321349,0.006751353539815307,0.0027808875089133773,0.02466344260321349,0.75
102.54715168799885,14.088382895197164,14.077693150172271,-0.03688294280763101,0.0018708634088228926,0.046926278158404666,0.046125796880810324,0.02515059985839122,0.007975353884795311,0.003966949755648953,0.02515059985839122,0.75
102.58406623500014,14.087321007715286,14.077890071017135,-0.03185662445633138,0.0059076253459112976,0.04786592535579899,0.045220838816527255,0.02548736559519531,0.009054983802465884,0.0050366167633858925,0.02548736559519531,0.75
102.637268855,14.086421491531269,14.078220055430698,-0.026985485520511027,0.009899532406877926,0.048717085000939214,0.044151688493925936,0.025665967304530763,0.009995117482437737,0.005994322929337834,0.025665967304530763,0.75
102.6963051849998,14.085059540989326,14.079258808481653,-0.018296337765988793,0.01742794362786191,0.0487912763630203,0.042922578097104654,0.0255619706018606,0.011503109186160059,0.007614864285522053,0.0255619706018606,0.75
102.76055178999923,14.085059540989326,14.079258808481653,-0.018296337765988793,0.01742794362786191,0.04785078159625535,0.039808134393022894,0.0255619706018606,0.011503109186160059,0.007614864285522053,0.0255619706018606,0.75
102.79483618599988,14.084592622624138,14.079953950987504,-0.01400755095563011,0.02085427517554911,0.047918474874026715,0.03933551741845097,0.025283025108036695,0.012073258973808936,0.008277644441523076,0.025283025108036695,0.75
102.83464656199976,14.084264505355824,14.080754646060369,-0.009843518049407272,0.024020852185925853,0.04693342752057043,0.03768655506512246,0.024859393394822734,0.012522877008223295,0.00884212472554252,0.024859393394822734,0.75
102.86423226899933,14.084264505355824,14.080754646060369,-0.009843518049407272,0.024020852185925853,0.04604228147702219,0.03639733598226316,0.024859393394822734,0.012522877008223295,0.00884212472554252,0.024859393394822734,0.75
102.89991072500015,14.08407105298719,14.081652525016823,-0.0058035710590163166,0.026936368693617766,0.0457894902215664,0.03521861329375457,0.02429734946851624,0.012854735987657427,0.00930958268425618,0.02429734946851624,0.75
102.94081563399959,14.08400365539076,14.082644979595191,-0.0020219278929161553,0.02977363735103776,0.044459075443241895,0.033162515983152584,0.023602537450640646,0.013076930504538073,0.009687361805762846,0.023602537450640646,0.75
102.97419633199934,14.084046766982869,14.083727304719439,0.0012933477632984171,0.03246975372744718,0.042912440592644374,0.030794552013469506,0.0227882920683595,0.013204075993301291,0.009988722065728553,0.0227882920683595,0.75
103.03351933900012,14.084205315236911,14.08488260186827,0.0047564476212450715,0.034658914464918415,0.04124548683935546,0.028140489839248745,0.021863389330993126,0.013228656018093197,0.010203645095132717,0.021863389330993126,0.75
103.06620996099991,14.084465846979018,14.086106545391077,0.007815952263193801,0.03671830568426033,0.03955673928141436,0.025869492451901753,0.020840777122013782,0.013163278989730774,0.010343525818550426,0.020840777122013782,0.75
103.11286028199902,14.08482584402313,14.087384411602585,0.010799911323373657,0.038335986345212084,0.03712457477356427,0.02197275513928286,0.01973342545589398,0.013008123059969836,0.010406097183749135,0.01973342545589398,0.75
103.1404675470003,14.085279313152306,14.088698328285652,0.013604073875239056,0.03941750049200418,0.035688218342929484,0.020385343117686302,0.01855872853421686,0.012766304685102812,0.010391393195931006,0.01855872853421686,0.75
103.17223283800013,14.085816547296972,14.09003918630668,0.016117024339987084,0.04022574063084006,0.033947723118941314,0.018486109634795696,0.017331709090913933,0.012445982400855947,0.010305742248588491,0.017331709090913933,0.75
103.21415539500049,14.085816547296972,14.09003918630668,0.016117024339987084,0.04022574063084006,0.030866031996648894,0.014463658940909813,0.017331709090913933,0.012445982400855947,0.010305742248588491,0.017331709090913933,0.75
103.26220307999938,14.086427477234823,14.091395999370054,0.018327898135547117,0.04070439190124677,0.02983528889685087,0.012945776446865582,0.016069916025024947,0.012055378049943551,0.010155222695899658,0.016069916025024947,0.75
103.32503746600014,14.087102327042617,14.09276026657391,0.020245494233840144,0.040928016115672206,0.02716955992153341,0.009791833883851467,0.014790662858589132,0.011602813549156977,0.009946420590511842,0.014790662858589132,0.75
103.33847248799975,14.087102327042617,14.09276026657391,0.020245494233840144,0.040928016115672206,0.02567014373437692,0.008369302131452887,0.014790662858589132,0.011602813549156977,0.009946420590511842,0.014790662858589132,0.75
103.36596243199892,14.087830887841376,14.09411402295928,0.021856823962777275,0.040612691561121524,0.02502763594100242,0.007420428939256727,0.013517840672720036,0.011095554318094763,0.009683339940637458,0.013517840672720036,0.75
103.4223105860001,14.08860405385786,14.095455025707604,0.023194980494527874,0.040230082449741536,-0.0,0.0,0.012268837752332933,0.010542241769488063,0.0093739100081748,0.012268837752332933,0.75
103.42929839799945,14.08860405385786,14.095455025707604,0.023194980494527874,0.040230082449741536,-0.0,0.0,0.012268837752332933,0.010542241769488063,0.0093739100081748,0.012268837752332933,0.75
103.51137326099888,14.090247714077744,14.098053491191408,0.02506675901390974,0.03854790396117844,-0.0,0.0,0.009944645657405146,0.00932639237250764,0.00863629892774191,0.009944645657405146,0.75
103.54365950200008,14.091104400269693,14.099310814766028,0.02570058575846509,0.03771970723862924,-0.0,0.0,0.008922257049007485,0.008677470882657475,0.008221173210648228,0.008922257049007485,0.75
103.57870766999986,14.091976335786631,14.100537521041236,0.026158065508155446,0.036801188256251255,-0.0,0.0,0.008041648853230344,0.008008687509486632,0.007781898714149501,0.008041648853230344,0.75
103.69523477899929,14.0928563159999,14.101726955961203,0.02639940639806905,0.0356830475989983,-0.0,0.0,0.007349462428315651,0.007349462428315651,0.007323206166357833,0.007349462428315651,0.75
103.74140098600037,14.093736849958963,14.102870978585699,0.026416018771935404,0.034320678734896845,-0.0,0.0,0.006889816142399975,0.006889816142399975,0.006889816142399975,0.006889816142399975,0.75
103.82146627300062,14.094615154610388,14.103973092382644,0.026349139542728037,0.033063413908345794,-0.0,0.0,0.0066919371598251325,0.0066919371598251325,0.0066919371598251325,0.0066919371598251325,0.75
103.85424128900013,14.095482408681264,14.105019560841946,0.026017622126297258,0.03139405377906677,-0.0,0.0,0.006753119454675615,0.006753119454675615,0.006753119454675615,0.006753119454675615,0.75
103.91532432199892,14.097004437042218,14.10686780651737,0.02174332503751833,0.02650212578911177,-0.0,0.0,0.007492674008260673,0.007492674008260673,0.007492674008260673,0.0073369396696031635,0.75
103.94924318799895,14.097004437042218,14.10686780651737,0.02174332503751833,0.02650212578911177,-0.0,0.0,0.007492674008260673,0.007492674008260673,0.007492674008260673,0.0073369396696031635,0.75
103.97792178000054,14.097658549144077,14.107672198256695,0.019623363055771195,0.02413175217976157,-0.0,0.0,0.008021534653714848,0.008021534653714848,0.008021534653714848,0.007616011866834103,0.75
104.01510487999985,14.09824608909132,14.108401484306205,0.017626198417319095,0.02187858148526865,-0.0,0.0,0.008582606947949592,0.008582606947949592,0.008582606947949592,0.007872201761281592,0.75
104.051189926,14.09877221909972,14.109060458817028,0.015783900252003664,0.01976923532470872,-0.0,0.0,0.009143268557477893,0.009143268557477893,0.009143268557477893,0.00810644294091909,0.75
104.09088691800025,14.099242448281379,14.109654359716982,0.014106875449758428,0.017817026998632364,-0.0,0.0,0.009684035633519945,0.009684035633519945,0.009684035633519945,0.008319831023234305,0.75
104.12637380600063,14.099662220681662,14.110188553190007,0.012593172008506967,0.016025804190719268,-0.0,0.0,0.01019415082159856,0.01019415082159856,0.01019415082159856,0.008513603911461437,0.75
104.18975373600006,14.100036694630289,14.110668319750571,0.011234218458816435,0.01439299681694999,-0.0,0.0,0.010668382857599844,0.010668382857599844,0.010668382857599844,0.008689094534754577,0.75
104.25441405699894,14.100370637656773,14.111098717170508,0.010018290794538462,0.012911922598086835,-0.0,0.0,0.011104904101502003,0.011104904101502003,0.011104904101502003,0.008847679608764472,0.75
104.29048507100015,14.10066838929323,14.111484499393804,0.008932549093659344,0.01157346669884575,-0.0,0.0,0.011503932830714315,0.011503932830714315,0.011503932830714315,0.008990734910236171,0.75
104.33310771099968,14.10066838929323,14.111484499393804,0.008932549093659344,0.01157346669884575,-0.0,0.0,0.011503932830714315,0.011503932830714315,0.011503932830714315,0.008990734910236171,0.75
104.39394932799951,14.100933862200172,14.11183007489246,0.007964187208254488,0.010367264959675528,-0.0,0.0,0.01186687703526601,0.01186687703526601,0.01186687703526601,0.009119600626087247,0.75
104.43180219799979,14.10117056360573,14.11213949188762,0.007101042166749151,0.009282509854802987,-0.0,0.0,0.012195797737116288,0.012195797737116288,0.012195797737116288,0.009235556908054747,0.75
104.51319200800026,14.101569843188175,14.112664270019158,0.005646505756166791,0.0074348649744955635,-0.0,0.0,0.012761196760241891,0.012761196760241891,0.012761196760241891,0.009433475048358637,0.75
104.53039804800028,14.101569843188175,14.112664270019158,0.005646505756166791,0.0074348649744955635,-0.0,0.0,0.012761196760241891,0.012761196760241891,0.012761196760241891,0.009433475048358637,0.75
104.56935760200031,14.101737701343383,14.112886002256149,0.005035744656263356,0.006651967109722449,-0.0,0.0,0.01300264050507721,0.01300264050507721,0.01300264050507721,0.009517590018695081,0.75
104.60430593099954,14.10188741481909,14.11308436187541,0.004491404271230496,0.005950788577851762,-0.0,0.0,0.013219790481926083,0.013219790481926083,0.013219790481926083,0.009593098838029682,0.75
104.63945706899904,14.102020954377016,14.113261797598474,0.004006186737757225,0.005323071691937176,-0.0,0.0,0.013414899632009246,0.013414899632009246,0.013414899632009246,0.009660862880364414,0.75
104.6904659819993,14.10214007449486,14.113420507375682,0.003573603535325874,0.004761293316243922,-0.0,0.0,0.013590067588658624,0.013590067588658624,0.013590067588658624,0.009721663656538088,0.75
104.82178613900032,14.102341134925755,14.113689426784536,0.002843923269812265,0.0038089461467820736,-0.0,0.0,0.013888171889408742,0.013888171889408742,0.013888171889408742,0.009825134230923715,0.75
104.85064280199913,14.102425706682038,14.113802982907115,0.0025371526884913984,0.003406683677409854,-0.0,0.0,0.014014506414476893,0.014014506414476893,0.014014506414476893,0.009869016921515638,0.75
104.95323864999955,14.102568473007885,14.113995380157133,0.002019458684387848,0.0027250456776486947,-0.0,0.0,0.014229115198596475,0.014229115198596475,0.014229115198596475,0.009943668965165612,0.75
105.01445374099967,14.102628530731321,14.114076620279059,0.0018017317030876042,0.002437203657764495,-0.0,0.0,0.014319930596421525,0.014319930596421525,0.014319930596421525,0.009975321224582284,0.75
105.10053945599975,14.102729921151221,14.114214262756114,0.0014342150847097954,0.001949512377192712,-0.0,0.0,0.014474036589415994,0.014474036589415994,0.014474036589415994,0.010029158445109519,0.75
105.13605593899956,14.102729921151221,14.114214262756114,0.0014342150847097954,0.001949512377192712,-0.0,0.0,0.014474036589415994,0.014474036589415994,0.014474036589415994,0.010029158445109519,0.75
105.16849009699945,14.102772575157099,14.114272382226737,0.0012796201763523398,0.0017435841186752988,-0.0,0.0,0.014539190741848512,0.014539190741848512,0.014539190741848512,0.010051982444250008,0.75
105.21908973499922,14.102772575157099,14.114272382226737,0.0012796201763523398,0.0017435841186752988,-0.0,0.0,0.014539190741848512,0.014539190741848512,0.014539190741848512,0.010051982444250008,0.75
105.33836436099955,14.102844586279009,14.11437085212941,0.0010186390590893352,0.0013946884098630706,-0.0,0.0,0.014649677881240188,0.014649677881240188,0.014649677881240188,0.0100908002962485,0.75
105.34742152599938,14.102844586279009,14.11437085212941,0.0010186390590893352,0.0013946884098630706,-0.0,0.0,0.014649677881240188,0.014649677881240188,0.014649677881240188,0.0100908002962485,0.75
105.39452754299964,14.10287488124988,14.114412431069729,0.0009088491261248503,0.001247368209599184,-0.0,0.0,0.014696363888411775,0.014696363888411775,0.014696363888411775,0.010107255663845786,0.75
105.43292332199962,14.102901911047022,14.114449618068072,0.0008108939142632074,0.0011156099503084943,-0.0,0.0,0.014738132515281202,0.014738132515281202,0.014738132515281202,0.010122010482700398,0.75
105.4711995359994,14.102926027619365,14.114482877056847,0.0007234971702927846,0.000997769663270558,-0.0,0.0,0.014775498823154916,0.014775498823154916,0.014775498823154916,0.010135240321359783,0.75
