time_s,x_m,y_m,vx_mps,vy_mps,cmd_x_mps,cmd_y_mps,goal_error_m,initial_path_error_m,initial_raw_path_error_m,current_path_error_m,wall_clearance_m
0.0027339609987393487,0.9,0.9,0.0,0.0,0.0,0.0,18.667619023324853,nan,nan,nan,0.75
0.03554121799970744,0.9,0.9,0.0,0.0,0.0,0.0,18.667619023324853,nan,nan,nan,0.75
0.06912389799981611,0.9,0.9,0.0,0.0,0.0,0.0,18.667619023324853,nan,nan,nan,0.75
0.10251897599846416,0.9,0.9,0.0,0.0,0.0,0.0,18.667619023324853,nan,nan,nan,0.75
0.13318917699871236,0.9,0.9,0.0,0.0,0.0,0.0,18.667619023324853,nan,nan,nan,0.75
0.17011402699972678,0.9,0.9,0.0,0.0,0.0,0.0,18.667619023324853,nan,nan,nan,0.75
0.44470856999942043,0.9,0.9,0.0,0.0,0.0,0.0,18.667619023324853,0.0,0.0,0.0,0.75
0.5618456550000701,0.9,0.9,0.0,0.0,0.13421322769091792,0.02302164298363418,18.667619023324853,0.0,0.0,0.0,0.75
0.6759073679986614,0.9,0.9,0.0,0.0,0.3058130233180386,0.04198838262725541,18.667619023324853,0.0,0.0,0.0,0.75
0.7908307210000203,0.9,0.9,0.0,0.0,0.5075359440175646,0.0524989928723337,18.667619023324853,0.0,0.0,0.0002697033909077032,0.75
0.909305035998841,0.9,0.9,0.0,0.0,0.5074388421707476,0.011034653155875526,18.667619023324853,0.0,0.0,0.0034196018531334406,0.75
1.0259979879992898,0.9000514563567069,0.9000228746401329,0.0015436907012066799,0.0006862392039848214,0.5307406936757463,0.007160187627554465,18.667566463383878,2.021032560746258e-05,2.021032560746258e-05,0.009588667020131853,0.75
1.1414249489989743,0.9006892734417388,0.900272289834425,0.01330396300083167,0.0048390542298908336,0.6233863660136764,-0.07688030715861938,18.666939097740393,0.000294851936375211,0.000294851936375211,0.026726463682552565,0.75
1.2558707270000014,0.9016305035111335,0.9005306646018761,0.028236902081840543,0.007751243023536199,0.6778711405754322,-0.13490498844474408,18.66609086289797,0.0007777035509486921,0.0007777035509486921,0.03391684853197072,0.75
1.3945790469988424,0.909222790755891,0.9028209383565817,0.10304513489614767,0.03235744142181464,0.7748235384126525,-0.24408020334506075,18.659103369910174,0.004526793243706932,0.004526793243706932,0.0451369855615098,0.75
1.5106054159987252,0.9337765751358316,0.9113465184026829,0.2301223448076345,0.08429088105118089,0.8137181459840264,-0.2469387045366201,18.635718927132675,0.013653495380891223,0.013653495380891223,0.04155605668248051,0.75
1.627934665999419,0.95162546657614,0.9182922197793603,0.2798909074678267,0.11043497488327532,0.9824110229157084,-0.2298125105965907,18.618194672801078,0.006707794004213841,0.006707794004213841,0.06155575627000849,0.75
1.7443667959996674,0.9723205148017512,0.9268794048706733,0.31974305649601115,0.1344019397329142,1.1105240085376635,-0.36742113247766883,18.597501845138108,0.0018793910870992248,0.0018793910870992248,0.06874263806910572,0.75
1.8593177200000355,0.9836590265101767,0.9317032937875168,0.3401553512527657,0.14471666750530476,0.910168380182273,-0.3885413798723893,18.586081853787647,0.006703280003942713,0.006703280003942713,0.10638951433204381,0.75
1.9791828859997622,0.9836590265101767,0.9317032937875168,0.3401553512527657,0.14471666750530476,0.7159775943785884,-0.41525739551055285,18.586081853787647,0.006703280003942713,0.006703280003942713,0.1452274795480059,0.75
2.0939424769985635,1.0084269372270593,0.9420136038423832,0.38243762267577397,0.15762641081874423,0.48818719803686117,-0.40964945737859965,18.561300904284455,0.01701359005880909,0.01701359005880909,0.1627256084649844,0.75
2.2118834639986744,1.036025600515034,0.952709858660016,0.42400146017719337,0.1613920792509573,0.28907736227691755,-0.36955647811810594,18.534256531379242,0.027709844876441903,0.027709844876441903,0.18298107586060092,0.7000000000000001
2.351687795999169,1.0507746673568013,0.9581710487085738,0.44247200525302177,0.16383570145673487,0.08832434990809629,-0.33390255607107344,18.519987850079666,0.03317103492499973,0.03317103492499973,0.19414381404845102,0.7000000000000001
2.4659912480001367,1.12094227948559,0.9790776462195566,0.5843848985056864,0.1523429781977556,-0.1463161307764954,-0.3043790193045876,18.45574552074177,0.054077632435982514,0.054077632435982514,0.17824585205235205,0.7000000000000001
2.5813779489999433,1.213625272130661,0.9967601794888633,0.7594730399378835,0.12046964711946297,-0.008419491077124586,-0.3754959848408934,18.37807246206463,0.0717601657052892,0.0717601657052892,0.1133876263793772,0.7000000000000001
2.696777018998546,1.2966796196721868,1.0088764891167121,0.8626492333617586,0.12508807293985055,-0.06584735245063603,-0.36052885211267854,18.311267775293953,0.08387647533313802,0.08387647533313802,0.08775508952201005,0.65
2.8095279680001113,1.4115679897714855,1.0215621332811382,0.8327749551365674,0.06670367365020821,0.10149830415422673,-0.34843386571643076,18.222015363614897,0.0965621194975641,0.0965621194975641,0.05094350353150726,0.65
2.928011139998489,1.4379063553327962,1.0230222713758947,0.7901509668393205,0.04380414284269667,0.13452714347630643,-0.31228221641163123,18.202636127255097,0.09802225759232064,0.09802225759232064,0.08650662249849185,0.65
3.040687380000236,1.5055637843938252,1.022318008496683,0.6174201042802794,-0.035009628375645516,0.30662737127581735,-0.2858730211476531,18.15614468602469,0.09731799471310887,0.09731799471310887,0.05245237325634295,0.65
3.156623134998881,1.5414989542630582,1.0171327558963914,0.5139745725210099,-0.09159663687783122,0.45828014019381286,-0.18470235766271953,18.13497625701823,0.0921327421128173,0.0921327421128173,0.04581393579688481,0.65
3.2941502009998658,1.571753184405085,1.0086378079153646,0.4358036925950227,-0.1383700907885767,0.637512078489439,-0.11745849914157762,18.120174731961256,0.08363779413179051,0.08363779413179051,0.06870869576336333,0.65
3.410819184999127,1.6220939570623758,0.9855837347770314,0.3572852756617747,-0.18742781540840023,0.8519128343019144,-0.047575919915194914,18.10210079504376,0.060583720993457324,0.060583720993457324,0.053869903968543804,0.7000000000000001
3.525965285998609,1.6698244529959632,0.9606084207346829,0.3668734025483697,-0.17860913252828972,0.8576773537831772,0.028502321002160935,18.08736783511093,0.035608406951108784,0.035608406951108784,0.04225666407467249,0.7000000000000001
3.6413160510001035,1.6954153794106843,0.9498349782002024,0.3919111355810729,-0.15425000945452513,0.6631283918023431,0.08417388049917124,18.077625942305804,0.024834964416628247,0.024834964416628247,0.06180319217952363,0.75
3.757710509999015,1.739346282683635,0.9384371998873757,0.46518852621118595,-0.09094052711211509,0.5015846704537292,0.11611370780479818,18.055816117271334,0.013437186103801624,0.013437186103801624,0.0699992609420321,0.75
3.87255887199899,1.7557169190854962,0.9362939709841117,0.4911190920558341,-0.06429686709792139,0.4532468413469248,0.036343147212151455,18.046176359553325,0.011293957200537608,0.011293957200537608,0.07281166775743864,0.75
3.987059548999241,1.7907040455546035,0.9348060609901276,0.5350986427293438,-0.008138473874797901,0.39267740796006023,-0.01380491610714668,18.02334869955825,0.009806047206553536,0.009806047206553536,0.10011914357121023,0.75
4.101582317000066,1.8285226838344455,0.9372211068642726,0.577140436360635,0.05107719052455946,0.2982371166537075,0.08572110677740764,17.99577460713334,0.01222109308069852,0.01222109308069852,0.12773677572838701,0.7516648189186454
4.226240197998777,1.932094282367117,0.9593659426568881,0.6342919356500278,0.1795559044464271,0.2942713105473438,0.23317832243749925,17.90905338040536,0.015634071871744037,0.015634071871744037,0.0644068287819373,0.7158910531638177
4.377312237998922,1.9930700872527418,0.9801069843929244,0.5922510730736443,0.2131077658255486,0.22571641774251094,0.2808568573062647,17.85243245759943,0.005106969864292266,0.005106969864292266,0.05946961152088867,0.7280109889280518
4.4949543659986375,2.0486436338192346,1.0012780877290113,0.537008121178596,0.20875608254120703,0.38883437940867827,0.3548380734436333,17.79920520696623,0.026278073200379115,0.026278073200379115,0.053351550868693864,0.696419413859206
4.6169555989999935,2.0823068567954093,1.014814709744671,0.492401836137092,0.20313046849103603,0.569354624381193,0.44819170581229606,17.766457794522267,0.022986534852621355,0.022986534852621355,0.06492232937793113,0.7158910531638177
4.735090598998795,2.112495267221206,1.0294545566770479,0.43990615970569624,0.2254332906075655,0.7533169684434967,0.5377880114939348,17.73525945410341,0.011992040168714604,0.011992040168714604,0.061084845347267935,0.73824115301167
4.853721538000173,2.1631479957399624,1.0635963115338916,0.3445296342531174,0.27373142177660525,0.8414553128958128,0.5824346361732722,17.67586651059177,0.00031701872838382593,0.00031701872838382593,0.014463036643741508,0.7211102550927979
4.9706454499992105,2.2134591121845464,1.1151898592372333,0.28372839187264814,0.3402501757572059,0.768438184008123,0.43918010455025724,17.60383903213626,0.0012238345678569243,0.0012238345678569243,0.0,0.7106335201775948
5.09170277299927,2.2426365629607665,1.1538759885498457,0.30159217069640576,0.413924242715243,0.7183977093137202,0.38311923872005704,17.555602940311708,0.007947485641063021,0.007947485641063021,0.0,0.6726812023536856
5.2081775549995655,2.253097214394786,1.168642095658209,0.31381954302058374,0.4429832132508973,0.5563131605142003,0.38176039974403636,17.537648726718285,0.010991902544489791,0.010991902544489791,0.019150816765789818,0.7071067811865476
5.320854030000191,2.275287360326282,1.2012084680545174,0.3397893654934347,0.5038550295623961,0.553866219359617,0.1639951127283982,17.498647147578232,0.018329002640885328,0.018329002640885328,0.06693030004386766,0.6726812023536856
5.456497690000106,2.312813045454646,1.2566294750790117,0.39449779627584314,0.5729793327945333,0.4653982686134264,0.23806699484199337,17.43243938012731,0.030982906105155247,0.030982906105155247,0.04786912243630491,0.6800735254367722
5.577450398999645,2.340920526995923,1.295377666833321,0.4299528105224953,0.582416086523687,0.258313890347858,0.2668000035659482,17.384887205485594,0.03850702445343154,0.03850702445343154,0.07330049363047299,0.6800735254367722
5.692542578999564,2.3557293918005033,1.3148434233041049,0.44426594413740816,0.5839726941235139,0.14865302818734022,0.38475240789858234,17.36053342525076,0.04179994412985503,0.04179994412985503,0.11940999519790495,0.6946221994724903
5.819045424999786,2.3857618363134376,1.3533623143286881,0.45067736899944105,0.5737183450382415,0.16401685293872387,0.5716853484479554,17.31184993134318,0.0478007680064191,0.0478007680064191,0.09323810187542407,0.670820393249937
5.930952568998691,2.431063792830215,1.4074904684521197,0.45374748246813956,0.5243206575984595,0.07824401952020801,0.5736345970392425,17.241341897179343,0.054041832186176884,0.054041832186176884,0.04496076967493522,0.696419413859206
6.047101418998864,2.461267784393366,1.440794968199386,0.4525872385975943,0.49259880389400057,-0.040067267877380075,0.44146544896883766,17.19638216671651,0.05623422254828875,0.05623422254828875,0.04353266050020746,0.7433034373659253
6.161398439999175,2.4912058819072542,1.4723988104891337,0.4475561238817348,0.4687567355049364,-0.0955064758204621,0.5744712219647702,17.15285435948201,0.057412081975025196,0.057412081975025196,0.021191419246417736,0.7280109889280518
6.272687777000101,2.5058104925924156,1.487753991908196,0.43813832055484747,0.46065544257186963,-0.11525936659458447,0.5955087708806869,17.131665993192485,0.0579428156307268,0.0579428156307268,0.04092002531684305,0.7762087348130012
6.383973737998531,2.520061720963813,1.5029370193429117,0.427536851141928,0.45549082304147454,-0.05565929365747796,0.7615735717446372,17.110843529321656,0.05493831740667687,0.05493831740667687,0.09369004249530645,0.7648529270389178
6.5171252689997345,2.5675917010650178,1.562383954792695,0.3050214764421257,0.44961350643294445,0.12243869576859812,0.8707877705329525,17.034912892949706,0.007408337305472301,0.007408337305472301,0.03504887331731779,0.75
6.6423814600002515,2.5841708205045584,1.593263662035848,0.22960962382227598,0.4666884784961633,0.1033038014859094,0.7519854365154988,17.0009639585134,0.0091707821340683,0.0091707821340683,0.03336434174432234,0.75
6.763949632999356,2.6027464278159935,1.6557770999379977,0.08275756709185501,0.47027319458012,0.12504914241357415,0.6662095614883936,16.94241787023108,0.02774638944550345,0.02774638944550345,0.01570160752109385,0.7000000000000001
6.876220528998601,2.604542488003382,1.6868733305735906,0.008667654725287702,0.4640136830747881,0.1980586169708669,0.6138716097136644,16.918370403834547,0.029542449632891987,0.029542449632891987,0.0,0.7000000000000001
6.9898675519998505,2.6017369030538124,1.717366338227666,-0.058299070769426246,0.456743377671871,0.2091883042712871,0.6413851532532249,16.897919121840175,0.02673686468332237,0.02673686468332237,0.0,0.7000000000000001
7.101352636000229,2.594888476094953,1.7481290094604471,-0.11608479470858542,0.4671264096864657,0.27683885039105477,0.5087329354908394,16.88005652077105,0.019888437724462804,0.019888437724462804,0.0,0.75
7.215899304999766,2.5854437726106108,1.7817336630386764,-0.14956772382409722,0.5175311085372049,0.3771074315182574,0.3773718758816726,16.86193021756484,0.010443734240120683,0.010443734240120683,0.01890761593486041,0.75
7.328151285999411,2.5742132088732927,1.8183713318069232,-0.17197066314445766,0.55641385612594,0.5791673629850892,0.32373273930302215,16.84286685507823,0.0007868294971973278,0.0007868294971973278,0.03979924059553012,0.7516648189186454
7.440742392000175,2.556835205437357,1.8758216283104423,-0.17174740752437007,0.581858097357728,0.7907102818398276,0.23109290143856076,16.812947104458313,0.04878077532589555,0.04878077532589555,0.04082494860015923,0.7566372975210779
7.574012514998685,2.545639521804503,1.9150814435952688,-0.16704557628982267,0.5907416435051465,0.9272863121451884,0.19692841366145297,16.792125722680332,0.07936051731104499,0.07936051731104499,0.06096636752628945,0.75
7.687094169999909,2.5279719148639868,1.9934476844642415,-0.09123571645102578,0.5754114542175065,1.1263337909366262,0.29132362768043096,16.747550357350203,0.09702812425156138,0.09702812425156138,0.018840213999131963,0.75
7.799917680998988,2.5278932176266022,2.0487340045251914,0.044525792669115306,0.5432284756522416,1.0324895017957687,0.39181777170670096,16.70768288771186,0.0971068214889459,0.0971068214889459,0.0,0.75
7.912160003999816,2.5352171977304527,2.084256113668546,0.13123146382908077,0.5302003487944793,0.8578915317518687,0.3950439061391031,16.676999202661765,0.09025870415107236,0.09025870415107236,0.03733395240121607,0.75
8.02479915999902,2.5487906321406895,2.1190352148675027,0.22695440470779168,0.520202681167654,0.6891679076249334,0.38772786028600403,16.64253451379043,0.08801687983993757,0.08801687983993757,0.039942186572486924,0.75
8.135987016999934,2.5803850957548127,2.17129823954886,0.35869778670076613,0.5244545557827915,0.5290293283879055,0.3999001588174606,16.58298686099395,0.09964064533027762,0.09964064533027762,0.022142560687970228,0.8
8.246857989999626,2.5937781454442437,2.188931141007125,0.4017914906829243,0.5289870437479396,0.42177605832268233,0.3023136343954656,16.56099944840064,0.10263867326724578,0.10263867326724578,0.07279559345258303,0.8
8.358004149999033,2.6787910709776477,2.28256273191696,0.565756486922961,0.5878575980721975,0.29334988006290474,0.1489386201717221,16.43459269301974,0.1087329899996979,0.1087329899996979,0.02761831309179791,0.8200609733428363
8.468682291999357,2.717263647557952,2.3226152365064694,0.579426577625659,0.6047873141321422,0.24042583754321364,0.06458540415168146,16.379056100293912,0.10985016780879334,0.10985016780879334,0.0,0.8139410298049854
8.5987340269985,2.756115482140843,2.3634602458171465,0.5828708279308904,0.6150367247631539,0.36627898070539666,-0.08446512165079004,16.32268609500407,0.11125955517490058,0.11125955517490058,0.028315108567657066,0.8139410298049854
8.711047802999019,2.7944728544465587,2.404951216148637,0.5701375537268657,0.6246537102104038,0.33935683453773874,-0.20595436617759869,16.266195317144973,0.11347534358843867,0.11347534358843867,0.0,0.8514693182963202
8.824030863999724,2.8130567387461536,2.425938109910477,0.5575165289878501,0.6296068128552104,0.2363679366646485,-0.3353965668753197,16.23818983742967,0.1151745278744478,0.1151745278744478,0.055526428882511976,0.8200609733428363
8.934641198999088,2.8487557008867483,2.468467727902284,0.5277117854450818,0.6408783813740989,0.2727550212055324,-0.49673883293138665,16.182800785870754,0.12000453094679163,0.12000453094679163,0.0,0.8500000000000001
9.044320881999738,2.8816551868215465,2.51021686386149,0.480911269705938,0.619074114791633,0.42063282503746635,-0.5130203534917361,16.12992044276997,0.12626217849017804,0.12626217849017804,0.02481342606200283,0.8
9.154610472000059,2.9243676219355392,2.565517701318066,0.405522637718543,0.5124821331912898,0.6386950849239389,-0.4625642523374355,16.06048071971227,0.1351635231509233,0.1351635231509233,0.020405316132979537,0.75
9.265034502999697,2.9503036947835914,2.595437334739072,0.38514600417327555,0.4281847085632748,0.8222616082250199,-0.42999050669371686,16.02094534718448,0.1379803258453262,0.1379803258453262,0.0,0.75
9.377622062998853,2.9755417381834603,2.619092221276846,0.37478608001283836,0.32767575674858257,0.7411018060873625,-0.4490609554789199,15.986394685558219,0.13686086489245686,0.13686086489245686,0.0,0.7000000000000001
9.49199094999858,2.9998172398643685,2.635680239777117,0.3605951719953452,0.22295322967071918,0.5772688638072865,-0.4041547530645029,15.957590196299977,0.1338004538851083,0.1338004538851083,0.013181827752141068,0.7000000000000001
9.622028518999286,3.076293011032869,2.6476229636967683,0.43153185974095243,-0.030727549339794755,0.3864147575394604,-0.3232069379372451,15.895881716980922,0.12262292607133629,0.12262292607133629,0.010257628762631057,0.7000000000000001
9.734253619999436,3.108644694713086,2.643839139196902,0.5063792670438112,-0.0630757140548337,0.23722651199176836,-0.13091944607512346,15.876193281629433,0.11883910157146982,0.11883910157146982,0.0,0.7000000000000001
9.847186768000029,3.1856165295886925,2.6316127287863282,0.6059029496966628,-0.1041192375209185,0.077971640415021,-0.06921677162978866,15.831856275930607,0.10661269116089622,0.10661269116089622,0.03343806847415154,0.7000000000000001
9.971969422998882,3.246897930102415,2.620296877893953,0.6099774331613002,-0.11680171643945929,0.2874654388213488,-0.059526971319920116,15.797892527527415,0.09529684026852081,0.09529684026852081,0.018772785642649045,0.7000000000000001
10.086637799999153,3.2865733585361343,2.612483050590483,0.5889870647605471,-0.11733498169120589,0.39077458246395214,-0.03604928148969261,15.776350699489772,0.08748301296505101,0.08748301296505101,0.03454523570520895,0.7000000000000001
10.200625633999152,3.324127538419784,2.604896630604789,0.5541595059850325,-0.11197572333958787,0.5904871686963802,-0.052982294531034035,15.75616795992363,0.07989659297935692,0.07989659297935692,0.023836597018963762,0.7000000000000001
10.313833856000201,3.3737751026682004,2.595201581867982,0.4618427963671614,-0.08922074877943084,0.7588828030210336,-0.08765480680290627,15.729344779424016,0.0702015442425501,0.0702015442425501,0.017642348332968197,0.75
10.425452781999411,3.4017382859707643,2.5900649756580587,0.4093070810195476,-0.07263255505760989,0.9657415238788487,-0.08322667921614174,15.714051290690032,0.0650649380326267,0.0650649380326267,0.00658555521294043,0.75
10.55351372899895,3.4405740549849604,2.5848112078128427,0.3839731125903561,-0.04148943751398257,0.8959487511059627,-0.12700236101681156,15.691492420957687,0.05981117018741067,0.05981117018741067,0.0026761022768883153,0.75
10.667700153999249,3.466342281718562,2.583232524874422,0.38842533235874993,-0.017561068137809617,0.8942662997001394,-0.12138408946524604,15.675158995865935,0.058232487248989884,0.058232487248989884,0.005544319755560592,0.75
10.786505510999632,3.522602757965721,2.5859066159021293,0.4551230689782666,0.04216734098245898,1.000275139936719,-0.21142205684108706,15.635078473532543,0.06090657827669732,0.06090657827669732,0.010531806188961766,0.75
10.905243071998484,3.556262372055947,2.5902210141636144,0.5230110247138975,0.07228070821374673,1.0667352279525386,-0.1921252933854864,15.609145251093159,0.06522097653818237,0.06522097653818237,0.012463586676199954,0.75
11.027446916999907,3.5748891857311054,2.593035862652768,0.5588044102547481,0.08444545467460558,1.0473894435331237,-0.2739238748996725,15.594492018364539,0.06803582502733585,0.06803582502733585,0.0176347665053731,0.75
11.139118731000053,3.6152425944916478,2.599694594661409,0.61885624048789,0.10472164674171727,1.016971601622432,-0.37037457295037035,15.562363646580883,0.07469455703597694,0.07469455703597694,0.022000966293386773,0.75
11.254387643999507,3.636791003365517,2.603360648529679,0.6464522662160671,0.10998161604810873,0.8480096580793962,-0.34457370012782246,15.545142613853008,0.07836061090424717,0.07836061090424717,0.0,0.7000000000000001
11.362822565999522,3.707379765465013,2.614280767267637,0.7386099103002228,0.10513799593158217,0.6383643447757044,-0.33044629721232616,15.489619157113712,0.0892807296422049,0.0892807296422049,0.0,0.7000000000000001
11.475887601000068,3.787712156632982,2.6223818752078745,0.8342815656749981,0.06583917457116366,0.4570816906546491,-0.25489788221651205,15.429808760416048,0.09738183758244245,0.09738183758244245,0.0,0.7000000000000001
11.612517128998661,3.908106061192638,2.6263559426305356,0.9353041951836918,0.013476504260725018,0.2924625751116206,-0.21454211344188778,15.346635136573353,0.10135590500510361,0.10135590500510361,0.05135590426004555,0.7000000000000001
11.721248292999007,4.004087396102894,2.627197566385715,0.9683034778551716,0.008752387789866527,0.16144245971180976,-0.16282170879027316,15.282429354859595,0.10219752876028299,0.10219752876028299,0.052197528015224925,0.7000000000000001
11.834495180999511,4.101615468834805,2.629290259966682,0.9716024853311227,0.02649754366945941,0.18874018295225867,-0.17306449922412126,15.216598672934062,0.10429022234125007,0.10429022234125007,0.05429022159619201,0.7000000000000001
11.946744697999748,4.101615468834805,2.629290259966682,0.9716024853311227,0.02649754366945941,0.09617778258278054,-0.19702830262750595,15.216598672934062,0.10429022234125007,0.10429022234125007,0.05350083028004006,0.7000000000000001
12.063335965998704,4.164655073628247,2.6313468177949466,0.9363389301809096,0.03232290198344029,0.06615161875338155,-0.21340346692272857,15.173697130880232,0.1063467801695146,0.1063467801695146,0.03914555418583179,0.7000000000000001
12.184589011998469,4.2788804456590706,2.6350809982116212,0.7979993605345129,0.019635595823723446,0.26094095698974473,-0.22866799870729665,15.096316008159937,0.11008096058618921,0.11008096058618921,0.060080959841131154,0.7000000000000001
12.300197050999486,4.303955802572394,2.6354073205503656,0.7522607073997053,0.009789670162335826,0.37602945542465466,-0.1900194204398975,15.07976681595724,0.11040728292493363,0.11040728292493363,0.03345872723297264,0.7000000000000001
12.412654908999684,4.349273926290639,2.6350267068812188,0.6549655524302118,-0.010986354756233063,0.33158629106825105,-0.15843538374301055,15.05065684867084,0.11002666925578675,0.11002666925578675,0.02906579225092633,0.7000000000000001
12.527819716999147,4.349273926290639,2.6350267068812188,0.6549655524302118,-0.010986354756233063,0.4518036065194056,-0.14374365057963562,15.05065684867084,0.11002666925578675,0.11002666925578675,0.020175752710222532,0.7000000000000001
12.661949372999516,4.3879570589195085,2.6330499288151756,0.5556691721943314,-0.03602565059816437,0.3856832000531584,-0.1313221818045956,15.027132861076227,0.10804989118974362,0.10804989118974362,0.03279648461916902,0.7000000000000001
12.773231366998516,4.420548399521895,2.6293874267858746,0.4674084698293505,-0.06104132409909616,0.2597928769360128,-0.09970926821502343,15.008888569470297,0.10438738916044255,0.10438738916044255,0.028614933287544938,0.7000000000000001
12.882057150998662,4.448707127659796,2.62429817962088,0.4111366386176034,-0.08084371302123677,0.3951859966273106,-0.1392575388388053,14.994638587773213,0.09929814199544795,0.09929814199544795,0.0,0.7000000000000001
12.992925368000215,4.512742180778231,2.6092316821469517,0.38060869246301354,-0.0893216460797074,0.601366000655883,-0.161762626090083,14.965068293422664,0.08423164452151966,0.08423164452151966,0.01790298262778707,0.7000000000000001
13.107184852999126,4.550894324581062,2.6012807886583946,0.38434624532499667,-0.07269814903210038,0.760541729523797,-0.15703845293851126,14.946770979097614,0.07628075103296261,0.07628075103296261,0.011414849397611011,0.7000000000000001
13.226032820999535,4.589981678246277,2.5957313749521735,0.39053357354302254,-0.047290173861625324,0.765454640665477,-0.16281718900947112,14.926106159255042,0.07073133732674153,0.07073133732674153,0.02073133658168347,0.75
13.337074907998613,4.615279457620889,2.5933206551444736,0.3755456915673234,-0.032435469109765074,0.7593254902173652,-0.13889290800570708,14.911860826615607,0.06832061751904162,0.06832061751904162,0.01081307738154318,0.75
13.443623705999926,4.639781553435262,2.591837632208153,0.3683099456416856,-0.019297032101152394,0.8478226207184978,-0.16187850663022013,14.897433810565637,0.06683759458272087,0.06683759458272087,0.0,0.75
13.552658210999653,4.680682658167864,2.5910441082817384,0.43880403805668183,-0.005755575690829228,0.9385489068582762,-0.1915370237588434,14.872108287114377,0.06604407065630635,0.06604407065630635,0.0036992681876981937,0.75
13.678725632998976,4.7494375520519165,2.591724562471438,0.555054827485043,0.013980704977730305,0.8373960909107789,-0.18009847813790036,14.828129404581013,0.066724524846006,0.066724524846006,0.00977057609975627,0.75
13.787926740998955,4.7885424529544025,2.5933589318306542,0.5967359926476503,0.027851538667296314,0.6482638399799098,-0.09645776564560718,14.802230586033774,0.06835889420522223,0.06835889420522223,0.018358893460164172,0.75
13.892283563000092,4.852399299349703,2.5975351277512244,0.658789800134918,0.05026893486506867,0.45072831393089924,-0.2051397680756588,14.758889418109511,0.0725350901257924,0.0725350901257924,0.02253508938073434,0.75
13.996496785999625,4.898396697675078,2.6017266329131212,0.7000154859720855,0.06760862003264304,0.325220474590695,-0.29506525558070856,14.726839231743392,0.07672659528768921,0.07672659528768921,0.017638794878901916,0.7000000000000001
14.104488857999968,4.898396697675078,2.6017266329131212,0.7000154859720855,0.06760862003264304,0.23630377342028247,-0.4579854977536142,14.726839231743392,0.07672659528768921,0.07672659528768921,0.0,0.7000000000000001
14.212283379998553,4.972264085147329,2.610067836182477,0.7552523190950086,0.0907487248102399,0.16197577252424347,-0.5987728699832678,14.674266729905783,0.08506779855704494,0.08506779855704494,0.0,0.7000000000000001
14.319344087998616,5.0232299548101125,2.6168136437383205,0.7656915481533236,0.10481811718747784,0.16155117603560376,-0.5392282368742626,14.637326372869152,0.09181360611288847,0.09181360611288847,0.0,0.7000000000000001
14.424719738999556,5.048598622536099,2.620497111353944,0.7610600317796097,0.11050402846871045,0.09621963961400841,-0.4592634693091597,14.61871586242747,0.09549707372851213,0.09549707372851213,0.0,0.7000000000000001
14.528842662999523,5.142869561355146,2.632241497273938,0.6667000625468613,0.06549028933015304,0.0877576224322148,-0.5317874890976785,14.551277290043787,0.10724145964850607,0.10724145964850607,0.04244157736325944,0.7000000000000001
14.651327864999985,5.184572165776218,2.634416811015652,0.6120108899122244,0.02013243112894181,0.20548577575009236,-0.6735507946316386,14.523926856424628,0.10941677339021982,0.10941677339021982,0.014654563203734906,0.7000000000000001
14.76253601299868,5.2041630511531425,2.6341986968637547,0.5877265613077326,-0.0065434245569186665,0.28866329408550867,-0.8548588722699763,14.512081675055091,0.10919865923832273,0.10919865923832273,0.01891560700601821,0.7000000000000001
14.868030927998916,5.259049033764838,2.6278879434033184,0.5306786396451428,-0.09551987454889113,0.37726416532914314,-1.0147433330233977,14.483499888717692,0.10288790577788642,0.10288790577788642,0.017483966007897995,0.7000000000000001
14.97385774400027,5.30759105925645,2.6129282599419867,0.46012224451513717,-0.17204027824464801,0.5507698648030737,-0.9072556763644258,14.465796630068684,0.08792822231655473,0.08792822231655473,0.015967752098663537,0.7000000000000001
15.076667387998896,5.336061407537527,2.5989594261543525,0.4173923684932877,-0.22221604860686392,0.4376814574256486,-0.7992404238945277,14.459618042455233,0.07478197732658,0.07478197732658,0.0,0.75
15.183657243998823,5.389304119114481,2.5589972600506785,0.4003421715397767,-0.3503788107638749,0.3516661235572218,-0.6825834682547487,14.459286530558611,0.0695094890944838,0.0695094890944838,0.025644449409080748,0.75
15.287809122999533,5.4172016824083045,2.532313496697795,0.42540761902809815,-0.4155107418058928,0.544469120432335,-0.7218501131494919,14.463829287662834,0.07036777526372698,0.07036777526372698,0.00012044116239570463,0.8
15.396248514000035,5.447274683742987,2.5020332528868443,0.4609401046958531,-0.4667102014995028,0.5825653307142837,-0.6752149681778359,14.470054874316736,0.07022123270340734,0.07022123270340734,0.0,0.8
15.500900900999113,5.480343800691004,2.4688070160638933,0.5100682918242776,-0.5089935726417931,0.5016750697786848,-0.6022851059906034,14.476985985482285,0.0701101321743819,0.0701101321743819,0.025109270056434096,0.8062257748298549
15.6280376779996,5.517397723559633,2.433542542681204,0.570899561962602,-0.5334803820036619,0.35082976601558385,-0.5352292808158313,14.48334531242657,0.07137546404048122,0.07137546404048122,0.0,0.7905694150420949
15.734955838999667,5.578992664496441,2.379392927159539,0.6296116816396978,-0.5427777722144842,0.17420721231439193,-0.462039602419601,14.490693432945964,0.07664010412966968,0.07664010412966968,0.0,0.7810249675906654
15.841537158999927,5.66494226306599,2.308671115924761,0.6569209517581939,-0.5220502752290125,0.055640283008481464,-0.38893276644558106,14.497780377624613,0.0874077758165529,0.0874077758165529,0.00933317685250934,0.8139410298049854
15.949345788998471,5.732203685438514,2.2581081702795998,0.6762937793375513,-0.4963969958560614,-0.13301133056547496,-0.3771484968627627,14.50001438857174,0.09921538194595657,0.09921538194595657,0.022610810161319522,0.8200609733428363
16.054976137000267,5.777032600802388,2.2260503144216917,0.6685888933358202,-0.4754013242658097,-0.29276938106089034,-0.39488153461734726,14.500429906170075,0.10824588472556158,0.10824588472556158,0.0038923576775534204,0.8321658488546619
16.160875629999282,5.82024568002275,2.1955641148551908,0.640137839601879,-0.45071583008233546,-0.42973993934615073,-0.4978977774061159,14.500687064505096,0.11724514763215219,0.11724514763215219,0.0,0.8
16.266025473998525,5.8602506044326255,2.1667836093020214,0.5858061290926115,-0.42552113510914436,-0.5481401255265979,-0.6143675276903589,14.501555900281039,0.12518201032060722,0.12518201032060722,0.0,0.75
16.37298965699847,5.895719232540228,2.1394651643488114,0.5117893870527841,-0.40520850419739646,-0.6006085385590288,-0.7436275504848221,14.503951753440711,0.13094506009699,0.13094506009699,0.03909407376589299,0.75
16.481923694000216,5.938292923187493,2.099971185608127,0.38046267509799814,-0.39160630042627187,-0.5578592555300175,-0.59384043390647,14.512551600388077,0.13312274527023457,0.13312274527023457,0.017098561002515743,0.7000000000000001
16.607494296998993,5.966697803522049,2.0605737648600138,0.23571317881882164,-0.3983165696411779,-0.5220077962192862,-0.42693771656118185,14.529225330023968,0.12542462003535515,0.12542462003535515,0.014991007615179273,0.65
16.712659373999486,5.9776505725246825,2.03274188946793,0.1410917063756723,-0.4261723739645769,-0.37296313299953016,-0.33123346046432145,14.546177454170241,0.11777624746682575,0.11777624746682575,0.01522498147533362,0.65
16.819305354998505,5.982553768080028,2.0021424280175975,0.05267792786416462,-0.47109984551352385,-0.31633860064864866,-0.1717004929187296,14.568839732802461,0.11092566879616271,0.11092566879616271,0.052727631212199914,0.65
16.921517700999175,5.981226483613531,1.9494315049636919,-0.04231005564004942,-0.5596836661229315,-0.278663991161542,-0.27266753955374223,14.613377370168307,0.10622639606920892,0.10622639606920892,0.05963708321001464,0.65
17.027062303999628,5.971523779094337,1.8905890099553102,-0.12328548098521448,-0.5897479774067402,-0.22301156123172178,-0.45517053860654266,14.667714286747367,0.09652369155001495,0.09652369155001495,0.05852788059486026,0.65
17.133707028999197,5.95055857951911,1.816486716147003,-0.17257524053474405,-0.527581232385222,-0.1300173890090917,-0.5980217376638806,14.741034361958548,0.07555849197478803,0.07555849197478803,0.017916742299146814,0.65
17.24045263699918,5.944535266286879,1.79961279092729,-0.18069939696693715,-0.5062177565913892,-0.0012810052256940208,-0.7613225343884895,14.758425746534009,0.06953517874255688,0.06953517874255688,0.04979920262928971,0.7000000000000001
17.345736436000152,5.9319833609514525,1.768217154949543,-0.19029853823467704,-0.4597046259614423,0.0009493429515474161,-0.9023676013822793,14.791530142390767,0.0569832734071305,0.0569832734071305,0.06170350086532281,0.7000000000000001
17.447575553000206,5.912654355013406,1.7257579646126178,-0.19210897451667402,-0.41267113461688265,0.08573917126149344,-0.7916838125093727,14.837604074136397,0.03765426746908407,0.03765426746908407,0.045338866305792556,0.7000000000000001
17.5616552399988,5.900619588582195,1.6981188982255833,-0.17512409088923894,-0.4176711956826746,0.11383597182186259,-0.6195413769518319,14.86729612248614,0.02561950103787325,0.02561950103787325,0.04600454290254077,0.7000000000000001
17.685147228999995,5.886301547900011,1.6543992038225452,-0.12548955881543516,-0.4472629475231721,0.13306417135067947,-0.4500019393188673,14.911667292420479,0.01130146035568913,0.01130146035568913,0.04917234712159282,0.75
17.789989752998736,5.8803577691724165,1.6227218893477955,-0.07568263776244732,-0.4857774283235414,0.19350282469617805,-0.5124802794681782,14.941385058064894,0.002177568398039854,0.002177568398039854,0.05319606220540575,0.7516648189186454
17.90097402199899,5.878328766259146,1.588129081838677,-0.015068488110375599,-0.5300569409552368,0.1672005951581482,-0.506555382257206,14.971399124612667,0.023717962090959582,0.023717962090959582,0.05825297051306632,0.7566372975210779
18.009738482000103,5.88359478241426,1.5301146211633398,0.08689298946572761,-0.6000868668802113,0.12710916690020183,-0.38328119136664834,15.017034765114643,0.041405305875120035,0.041405305875120035,0.0622458437764188,0.7648529270389178
18.124422901999424,5.8922313036200515,1.4895960619199864,0.14295104614170695,-0.6084259713914338,0.28745752001793423,-0.3771293562268698,15.046253834586818,0.03276878466932853,0.03276878466932853,0.061449231715960895,0.7762087348130012
18.231882197998857,5.910328849591634,1.4308722430022056,0.19584908675161775,-0.570877257535622,0.3848093338509613,-0.4088470580792152,15.085672397177497,0.014671238697745892,0.014671238697745892,0.03915710989646153,0.7433034373659253
18.338274994999665,5.92488776951569,1.3945223171963874,0.2254114730165552,-0.5368899330480839,0.33317460994355474,-0.3768328131184598,15.108329594274636,0.00011231877368977905,0.00011231877368977905,0.03805940760060184,0.7615773105863909
18.439244141998643,5.949741086037095,1.343497306123365,0.2571124538083528,-0.49873915677717634,0.2830185734645022,-0.3529294256492535,15.137869115021228,0.004781255673061549,0.004781255673061549,0.05343618357509173,0.7826237921249265
18.54148518999864,5.976274791416865,1.2971142467817207,0.2714067590486631,-0.4450502818997383,0.3796792516569693,-0.43969557748565946,15.1627436460071,0.01881686846167506,0.01881686846167506,0.05113511063300775,0.7632168761236874
18.647832253998786,6.0061200984380045,1.2555924791379434,0.3070401651055148,-0.39960047623666317,0.5070836891908129,-0.5999272982032978,15.18188711665605,0.027073372948199965,0.027073372948199965,0.03307104471171775,0.7211102550927979
18.76830308499848,6.027277569970148,1.2301748593302004,0.32133161050855674,-0.37579411357545167,0.5726790593841529,-0.6339146754105163,15.192144239169252,0.030085752682735927,0.030085752682735927,0.05000935311537711,0.75
18.880990112998916,6.061616319071914,1.193818488373455,0.3567876935564178,-0.360739308352543,0.44066227872223446,-0.4938739403122307,15.204773375912637,0.03151242677826254,0.03151242677826254,0.07391229994799403,0.7433034373659253
18.98405860099956,6.116087083691131,1.1438588658228384,0.4444624144678566,-0.38911654965024245,0.29875164246197505,-0.4607395039961473,15.218556388301785,0.028322567630659157,0.028322567630659157,0.04131769563154512,0.7433034373659253
19.095850414998495,6.1476282932304676,1.1171698404922525,0.48130787469833947,-0.40284198762766676,0.33354890982514446,-0.26912527555140875,15.224785539154649,0.024891555273084884,0.024891555273084884,0.08536902028593954,0.7433034373659253
19.207879921999847,6.197784619589819,1.0772365891029325,0.507462490966676,-0.3956000649621644,0.34667067535645957,-0.12552180646865943,15.23277304940209,0.017662749637197855,0.017662749637197855,0.08228579005585522,0.75
19.316219606998857,6.2312307307853985,1.0516489888364653,0.49765039796424215,-0.379030732426606,0.5281824823088637,-0.12389215077655219,15.237355214165893,0.012105943269193661,0.012105943269193661,0.11388905677852465,0.7211102550927979
19.42483011999866,6.247499526536331,1.0394229771562769,0.48806387252797484,-0.3667803504056518,0.5535068813863797,-0.09866442875519302,15.239436861491324,0.009247263237897317,0.009247263237897317,0.12726437833972273,0.7632168761236874
19.52380134499981,6.27915484980827,1.0164072408797236,0.4707301930434449,-0.3377786588344277,0.7454792418740515,-0.12631064334820213,15.242900588463536,0.003138152686808983,0.003138152686808983,0.10483173585031637,0.73824115301167
19.626381980999213,6.35443685172171,0.9704256549155355,0.4501513694694627,-0.22864637227627643,0.6491640353559991,-0.06430382187435135,15.243997866933293,0.004574359613096712,0.004574359613096712,0.0500575656366931,0.7433034373659253
19.727203803999146,6.385262973735549,0.9574720662901177,0.4670912543940895,-0.18273528490713803,0.48162645541251037,0.014199826337112198,15.239527810032705,0.017527948238514446,0.017527948238514446,0.08420961245553157,0.7433034373659253
19.728918445998715,6.401015189913481,0.952089398788265,0.4725664853379531,-0.16148002505558198,0.5737645659132048,-0.02534237460239666,15.236204261015894,0.022910615740367124,0.022910615740367124,0.06765823280141814,0.7280109889280518
19.731158951999532,6.4170281697984395,0.9474440168289742,0.48038939654876217,-0.13936145877872522,0.6075724448103635,-0.030344134922896643,15.232130022886446,0.027555997699657997,0.027555997699657997,0.05104304251220324,0.7762087348130012
19.733837570000105,6.433342961040648,0.9435407892366369,0.48944373726624807,-0.11709682777012001,0.6416167928899049,-0.013834576996488462,15.227279767493112,0.031459225291995296,0.031459225291995296,0.034297282295459204,0.7762087348130012
19.73570104099963,6.4500155559630254,0.940389897137385,0.500177847671328,-0.09452676297755708,0.6758539688118885,-0.017928492057077833,15.22161621029027,0.0346101173912472,0.0346101173912472,0.01733944312457207,0.7648529270389178
19.739403757999753,6.4671882960863725,0.9379912966024361,0.5151822037004229,-0.07195801604846565,0.7114365318746281,0.0016991077134955457,15.2150677821597,0.03700871792619609,0.03700871792619609,0.0,0.7648529270389178
19.740885102999528,6.4671882960863725,0.9379912966024361,0.5151822037004229,-0.07195801604846565,0.7438720484238609,-0.0015474453702233326,15.2150677821597,0.03700871792619609,0.03700871792619609,0.0,0.7648529270389178
19.869733887999246,6.484998354611358,0.9363596311233225,0.5343017557495787,-0.048949964373404736,0.7771809225926488,-0.0047883687809655295,15.207553314731184,0.03864038340530962,0.03864038340530962,0.018424123803001822,0.7648529270389178
19.976500786999168,6.503402178378679,0.9354949874685595,0.5521147130196309,-0.025939309642890186,0.8108648863651887,-0.009056977298744676,15.199095061497154,0.03950502706007264,0.03950502706007264,0.07668995589462085,0.7566372975210779
20.07474752499911,6.522429373081165,0.9353778500017886,0.5708158410745552,-0.0035141240031278526,0.9762898238204811,-0.07201471282040522,15.189695617693154,0.029834877700475677,0.029834877700475677,0.07646214239182766,0.7566372975210779
20.078547934999733,6.541756238697861,0.936005401231989,0.5798059685008876,0.018826536906013533,0.9993282645845493,-0.19156808763366137,15.179519180516095,0.015724974233412018,0.015724974233412018,0.05715597519623074,0.7566372975210779
20.080443274999197,6.56101272960755,0.9372951555525485,0.5776947272906775,0.03869262961678291,0.9724394756564062,-0.1697293928682489,15.168820912819156,0.0011965849031815435,0.0011965849031815435,0.03787031047287527,0.7516648189186454
20.082014999999956,6.5800030821967495,0.9391896957620051,0.5697105776759711,0.056836206283697385,0.9451037437704158,-0.14876186508758113,15.1577465841037,0.013571264419101748,0.013571264419101748,0.018789564330567,0.7516648189186454
20.179971112998828,6.598638822612371,0.9415890512784038,0.5590722124686454,0.07198066549195936,0.9178850197834506,-0.12760968048142768,15.146425261726105,0.01658903749482965,0.01658903749482965,0.03739669107879495,0.7516648189186454
20.181958946999657,6.598638822612371,0.9415890512784038,0.5590722124686454,0.07198066549195936,0.8513883631051183,-0.1396647407175406,15.146425261726105,0.01658903749482965,0.01658903749482965,0.03739669107879495,0.7516648189186454
20.185753255000236,6.617106764364827,0.9443934963541806,0.5540382525736738,0.08413335227330482,0.8161087563645926,-0.14193367490574113,15.134849640967127,0.01939348257060647,0.01939348257060647,0.018718604428501224,0.75
20.18762020199938,6.635558496062403,0.9475430596749239,0.5535519509272707,0.09448689962229921,0.7845685695606306,-0.14705169510475616,15.122996083210873,0.02254304589134981,0.02254304589134981,0.0,0.75
20.189134348998778,6.635558496062403,0.9475430596749239,0.5535519509272707,0.09448689962229921,0.7542852719870268,-0.12684885538002755,15.122996083210873,0.02254304589134981,0.02254304589134981,0.0,0.75
20.19075935299952,6.654096527843207,0.9509869058335787,0.5561409534241138,0.10331538475964304,0.7203745618671732,-0.13201199123905816,15.110857813745604,0.025986892050004595,0.025986892050004595,0.01218890633931218,0.7000000000000001
20.192353087999436,6.672945756629604,0.9546722749121935,0.5654768635918906,0.11056107235844631,0.6923348401310289,-0.11367581117961048,15.098369969434726,0.029672261128619426,0.029672261128619426,0.024741924578839978,0.7000000000000001
20.29416764099915,6.692241077545943,0.9585632401828739,0.5788596274901866,0.1167289581204101,0.6586119312258164,-0.11982648888961682,15.08549808145129,0.03356322639929976,0.03356322639929976,0.0,0.7000000000000001
20.29673640299916,6.712288070151086,0.9625391250169993,0.6014097781542953,0.1192765450237631,0.6286894279872536,-0.10479511258844446,15.072198439515752,0.03753911123342524,0.03753911123342524,0.017123277078734667,0.7000000000000001
20.298638926999047,6.733299026856564,0.9666633758441577,0.6303287011643459,0.12372752481475341,0.5963630694252369,-0.11490595052409494,15.058313787111278,0.04166336206058363,0.04166336206058363,0.03504002505134284,0.7000000000000001
20.300245106000148,6.733299026856564,0.9666633758441577,0.6303287011643459,0.12372752481475341,0.5989244063190122,-0.14973557105752872,15.058313787111278,0.04166336206058363,0.04166336206058363,0.03504002505134284,0.7000000000000001
20.301904604999436,6.755536156394949,0.9709656811886399,0.6671138861515434,0.12906916033446536,0.6026617272977681,-0.17250386681845434,15.043692741296878,0.0459656674050658,0.0459656674050658,0.0459656674050658,0.7000000000000001
20.402618273999906,6.778858469100344,0.9752292046333194,0.6996693811618612,0.127905703340386,0.529587452474414,-0.19815729018237926,15.028596798982061,0.05022919084974531,0.05022919084974531,0.016425767914280177,0.7000000000000001
20.40454819899969,6.778858469100344,0.9752292046333194,0.6996693811618612,0.127905703340386,0.5021218814089592,-0.18553116005195572,15.028596798982061,0.05022919084974531,0.05022919084974531,0.016425767914280177,0.7000000000000001
20.40638054199917,6.803030202001749,0.9794596094667365,0.7251519870421713,0.1269121450025114,0.4687289384859247,-0.19087086869854483,15.013139191138986,0.05445959568316239,0.05445959568316239,0.03329266134567507,0.7000000000000001
20.522830519999843,6.827703654111328,0.9835999440844169,0.7402035632873833,0.12421003853040988,0.2788588241995599,-0.2716216182690189,14.997541284132144,0.05859993030084276,0.05859993030084276,0.04163423839434978,0.7000000000000001
20.629954838999765,6.877850847434839,0.9915486894220876,0.7552627231692293,0.1177171504841193,0.10842849132892594,-0.27100317290692666,14.966326675029162,0.06654867563851352,0.06654867563851352,0.04401502017987654,0.7000000000000001
20.634218175999195,6.903013527790894,0.9952937578082564,0.7548804106816482,0.11235205158506262,0.09192626602695986,-0.26394382264866056,14.950917696760293,0.07029374402468225,0.07029374402468225,0.0659478347154732,0.7000000000000001
20.738900764999926,6.928020901334548,0.9988759774687056,0.7502212063096259,0.10746658981347748,-0.030346219533867125,-0.2963388966685124,14.935753574742744,0.0738759636851315,0.0738759636851315,0.020034226126200618,0.7000000000000001
20.740967706999072,6.952483491974267,1.0019739506969447,0.733877719191545,0.0929391968471759,-0.012675697890804083,-0.2920908168411275,14.92130284595557,0.07697393691337062,0.07697393691337062,0.03934137938793323,0.65
20.742772257999604,6.976244860290977,1.0044805827333436,0.7128410495013062,0.0751989610919696,0.03138048916301317,-0.29150450579444576,14.907733432636189,0.07948056894976951,0.07948056894976951,0.05773554127878684,0.65
20.851076681999984,6.999265748384343,1.0064229878783748,0.6906266428010094,0.05827215435093806,0.14994113280117743,-0.2970531137858613,14.895038968879122,0.0814229740948007,0.0814229740948007,0.01357381425397905,0.65
20.85572763500022,7.021251936284402,1.0077517386926653,0.6595856370017728,0.039862524428716906,0.19148051712403907,-0.2915522946241128,14.883401448770448,0.08275172490909122,0.08275172490909122,0.026087125410551318,0.65
20.857525692999843,7.041955398189164,1.0083986628883586,0.6211038571428492,0.019407725870796536,0.22500154212899193,-0.2886347469618972,14.872996307772498,0.08339864910478445,0.08339864910478445,0.03735326118047693,0.65
21.092827128999488,7.079102303725394,1.0075835515724783,0.533545682829303,-0.02298475154191479,0.34944072035211926,-0.2742621081882445,14.85612240527822,0.08258353778890415,0.08258353778890415,0.016236548500366675,0.65
21.094923245000246,7.095265195439556,1.0060387413443128,0.48488675142485865,-0.0463443068449632,0.29800327479109306,-0.24985431137547642,14.849852899116424,0.08103872756073871,0.08103872756073871,0.0,0.65
21.097441533000165,7.124099658177562,1.0007924380396152,0.418747183866623,-0.08887890499032355,0.30979511916279767,-0.23425698935068115,14.84090375719614,0.07579242425604105,0.07579242425604105,0.01719239731421881,0.65
21.10209944899907,7.137441668050893,0.9972281144629862,0.4002602961999096,-0.10692970729886955,0.3387526858554202,-0.18231135195085185,14.837784524996078,0.0722281006794121,0.0722281006794121,0.024361085450513298,0.7000000000000001
21.200637822999852,7.150316588482666,0.993156250632825,0.38624761295319776,-0.12215591490483572,0.3259588650138781,-0.15426939286660815,14.835344707509988,0.06815623684925087,0.06815623684925087,0.005038578200308884,0.7000000000000001
21.202585031000126,7.163022648463864,0.9886671076090646,0.38118179943591163,-0.13467429071280967,0.34130345461277933,-0.13825074051314565,14.83336458767254,0.06366709382549052,0.06366709382549052,0.0067773918385619965,0.7000000000000001
21.20418760299981,7.163022648463864,0.9886671076090646,0.38118179943591163,-0.13467429071280967,0.3655786616335902,-0.09735481474276206,14.83336458767254,0.06366709382549052,0.06366709382549052,0.0067773918385619965,0.7000000000000001
21.205801406998944,7.163022648463864,0.9886671076090646,0.38118179943591163,-0.13467429071280967,0.3690502993173549,-0.08571069917768646,14.83336458767254,0.06366709382549052,0.06366709382549052,0.0067773918385619965,0.7000000000000001
21.32859525999993,7.1879512647510255,0.9791340886416198,0.3724232240549966,-0.14457424695914103,0.5507678901594117,-0.06709210908081453,14.830156438227592,0.05413407485804567,0.05413407485804567,0.01121301257608682,0.7000000000000001
21.33035303199904,7.200243442133706,0.9742876193025645,0.3687653214804194,-0.14539408017165856,0.5864607442267429,-0.02178508692388234,14.82872098525739,0.04928760551899036,0.04928760551899036,0.016640403623216424,0.7000000000000001
21.429613779999272,7.212424947667653,0.9694745453878664,0.3654451660184259,-0.14439221744094383,0.5323844780732716,-0.008060173755481514,14.827319002966385,0.04447453160429227,0.04447453160429227,0.014741049237942176,0.7000000000000001
21.43204712899933,7.224603593346192,0.9648378920594255,0.3653593703561727,-0.13909959985322498,0.498001790269175,-0.004356509966530031,14.825773482368668,0.03983787827585139,0.03983787827585139,0.022172618809376182,0.7000000000000001
21.43436053699952,7.236938816656815,0.9604602196854997,0.37005669931870266,-0.1313301712177756,0.4634066832632571,0.014480133125953448,14.82393721130723,0.03546020590192556,0.03546020590192556,0.029879670770571687,0.7000000000000001
21.559763432998807,7.2496023041063955,0.9563742170028543,0.3799046234874097,-0.12258008047936,0.37729075119185007,0.017156987386038713,14.821701903471535,0.031374203219280195,0.031374203219280195,0.008862855243210831,0.7000000000000001
21.561798384998838,7.262857623294938,0.9526873563333109,0.3976595756562671,-0.11060582008630214,0.37729075119185007,0.017156987386038713,14.81885102258789,0.027687342549736815,0.027687342549736815,0.01419061407575463,0.7000000000000001
21.66898624299938,7.290547183257995,0.9466680453809242,0.42114818165750695,-0.08317996916338577,0.4102772971701052,0.03135564257017642,14.81144115782927,0.02166803159735009,0.02166803159735009,0.005770793006087629,0.75
21.67114009800025,7.318773733020443,0.9424301821175178,0.4228210867399771,-0.05693264902408402,0.4423482480022213,0.06291468025631841,14.802252301471745,0.01743016833394373,0.01743016833394373,0.01338737083489334,0.75
21.77055478500006,7.332745670595098,0.9409407251781222,0.4191581272396375,-0.04468370818186734,0.5410940694111921,0.08553526700492575,14.797181223365653,0.015940711394548113,0.015940711394548113,0.015940711394548113,0.75
21.77432338499966,7.346731209081774,0.9398415693928287,0.4195661546002998,-0.032974673558806206,0.6122326252068766,0.07152295746251791,14.79176829459788,0.014841555609254597,0.014841555609254597,0.014841555609254597,0.75
21.776309564998883,7.346731209081774,0.9398415693928287,0.4195661546002998,-0.032974673558806206,0.6427699236161682,0.09479069604548221,14.79176829459788,0.014841555609254597,0.014841555609254597,0.014841555609254597,0.75
21.777798555000118,7.360734486966154,0.9391254052239889,0.42009833653140716,-0.02148492506519269,0.6762854449526391,0.09741572642201678,14.786017711154955,0.014125391440414803,0.014125391440414803,0.014125391440414803,0.75
21.883110003000183,7.374829773455865,0.9387552505014984,0.4228585946913045,-0.011104641674713193,0.9107582557934664,-0.036214504268434936,14.779928211334369,0.013755236717924335,0.013755236717924335,0.012099610137262618,0.75
21.88528845899964,7.389027657141648,0.9387356616142188,0.42593651057350407,-0.0005876666183871251,0.8777257581401267,-0.007686861472965871,14.773490744285017,0.013735647830644737,0.013735647830644737,0.013735647830644737,0.75
21.88957670199852,7.40340457788615,0.9390776492964811,0.43130762233504727,0.010259630467865833,0.843109155476407,-0.011645405725804563,14.766660670873549,0.014077635512906972,0.014077635512906972,0.014077635512906972,0.75
22.001516791999165,7.418040940706716,0.9397974912294734,0.4390908846169855,0.021595257989771046,0.8505237685185927,-0.06194885644041685,14.759387078802481,0.01479747744589932,0.01479747744589932,0.011341525473499448,0.75
22.003286802999355,7.433033853474274,0.9408477050883073,0.4497873830267526,0.031506415765015526,0.8199545866489883,-0.033022525988619156,14.75166860797787,0.01584769130473318,0.01584769130473318,0.01584769130473318,0.75
22.00559828799851,7.433033853474274,0.9408477050883073,0.4497873830267526,0.031506415765015526,0.8288683172272675,-0.04570838250718198,14.75166860797787,0.01584769130473318,0.01584769130473318,0.01584769130473318,0.75
22.12065517799965,7.448469790364881,0.942261960835068,0.4630781067182069,0.04242767240281932,0.8985645245927952,-0.08068913946604485,14.743436656254076,0.017261947051493864,0.017261947051493864,0.006776255007880921,0.75
22.1254549589994,7.464482205454612,0.9440997829217835,0.48037245269191864,0.05513466260146674,0.9111911874482248,-0.05254714606042331,14.734578613704809,0.019099769138209433,0.019099769138209433,0.014152421623355943,0.75
22.3417898459993,7.49910190394425,0.9487308295752661,0.5338875098121465,0.07402449080125843,0.8286884236745805,-0.11011659890796517,14.71488146290946,0.023730815791692006,0.023730815791692006,0.01892851659787582,0.75
22.343757982998795,7.49910190394425,0.9487308295752661,0.5338875098121465,0.07402449080125843,0.8563175319862297,-0.05236838279449166,14.71488146290946,0.023730815791692006,0.023730815791692006,0.01892851659787582,0.75
22.345684281999638,7.517819058655161,0.9515516202665213,0.5615146413273406,0.0846237207376554,0.8479841905217136,-0.05041512955476793,14.703972277555449,0.026551606482947188,0.026551606482947188,0.0,0.7000000000000001
22.347201724000115,7.517819058655161,0.9515516202665213,0.5615146413273406,0.0846237207376554,0.870889374004359,-0.10182447360987487,14.703972277555449,0.026551606482947188,0.026551606482947188,0.0,0.7000000000000001
22.35122768600013,7.5576825273289785,0.9579205280110961,0.6084574263789361,0.09939832541619685,0.8937349010274666,-0.11353664948083661,14.680469023886419,0.03292051422752196,0.03292051422752196,0.022565183706716185,0.7000000000000001
22.352604735999194,7.5576825273289785,0.9579205280110961,0.6084574263789361,0.09939832541619685,0.9217604396748091,-0.10252888752966294,14.680469023886419,0.03292051422752196,0.03292051422752196,0.022565183706716185,0.7000000000000001
22.35414637899885,7.578721354005977,0.9613734984110104,0.6311648003099618,0.10358911199742953,0.9175860070803525,-0.10191330296799977,14.66801218730589,0.03637348462743628,0.03637348462743628,0.03455757334967104,0.7000000000000001
22.45995423199929,7.600446576774132,0.9650061882117813,0.6517566830446507,0.1089806940231267,0.7055131520021015,-0.1831836735276542,14.655110273794662,0.0400061744282072,0.0400061744282072,0.016281061062130703,0.7000000000000001
22.46181689599871,7.622919029394785,0.9687062006272544,0.674173578619585,0.11100037246419556,0.6780727725537302,-0.16215563036206626,14.641839185881715,0.04370618684368033,0.04370618684368033,0.03307679845006119,0.7000000000000001
22.465935140999136,7.645940948253273,0.972311981316661,0.6906575657546382,0.10817342068219735,0.6442316451304584,-0.1656890866474979,14.628433646816598,0.04731196753308686,0.04731196753308686,0.04731196753308686,0.7000000000000001
22.679081344000224,7.717838360155158,0.9830628514641354,0.7314528167662139,0.10918583883012947,0.43154423090103305,-0.2368272965427055,14.587187095384332,0.05806283768056131,0.05806283768056131,0.05806283768056131,0.7000000000000001
22.680960223999136,7.742693211097836,0.9866495658340595,0.7456455282803631,0.10760143109772394,0.4190693989233988,-0.19586824086754678,14.573102250978053,0.06164955205048539,0.06164955205048539,0.06164955205048539,0.7000000000000001
22.682833322998704,7.768050203674861,0.9901357850640929,0.7607097773107298,0.10458657690100412,0.4255727636642711,-0.25163898355904163,14.55891918918568,0.06513577128051884,0.06513577128051884,0.06513577128051884,0.7000000000000001
22.79829871199945,7.819939242665413,0.9970669739634959,0.7837618421899771,0.10452440248355588,0.545796583336445,-0.28506278810941765,14.530176082918334,0.07206696017992176,0.07206696017992176,0.043625750456912846,0.7000000000000001
22.802939702000003,7.819939242665413,0.9970669739634959,0.7837618421899771,0.10452440248355588,0.5288085787316784,-0.250875361838229,14.530176082918334,0.07206696017992176,0.07206696017992176,0.043625750456912846,0.7000000000000001
22.810443659000157,7.846185852601712,1.000477549453376,0.7873982980889654,0.10231726469640315,0.3758127927874952,-0.2900186247396668,14.515773483441176,0.07547753566980187,0.07547753566980187,0.0656298334024349,0.65
22.91734049200022,7.897475924956677,1.006349645371214,0.760072004827799,0.08211628625431483,0.2050541659560917,-0.2956789054201656,14.488443136195226,0.08134963158763986,0.08134963158763986,0.06724772730586538,0.65
23.03208761099995,7.922024900843133,1.0086549286445687,0.7364692765936937,0.06915849820064032,0.17157171375093203,-0.29681849018802536,14.47586584985867,0.08365491486099463,0.08365491486099463,0.05704916128582574,0.65
23.043404349999037,7.968566424740246,1.0119066943071575,0.6850023260694176,0.041857747527281094,0.06287508009539641,-0.30150057183676615,14.453119527158986,0.08690668052358341,0.08690668052358341,0.08690668052358341,0.65
23.152713061999748,7.990677467732859,1.0127174473632932,0.6633312897784107,0.024322591684067016,0.10162452146198168,-0.29473531405687026,14.443018604703662,0.08771743357971906,0.08771743357971906,0.04024286063730315,0.65
23.15474196299874,8.012171650520333,1.0129775490466044,0.6448254836242285,0.007803050499339423,0.12442720216579083,-0.2945741545731129,14.433703982155325,0.08797753526303032,0.08797753526303032,0.05314147058340231,0.65
23.168719817998863,8.033151247986583,1.012759220862728,0.6293879239874741,-0.006549845516287198,0.28360002154138253,-0.27570237779974055,14.425065857420558,0.08775920707915397,0.08775920707915397,0.06781884860655511,0.65
23.268991639999513,8.053697229883065,1.0121619353943705,0.6163794568944895,-0.017918564050729908,0.28360002154138253,-0.27570237779974055,14.416978962087159,0.08716192161079639,0.08716192161079639,0.020783256747165135,0.65
23.271302549999746,8.073876237358476,1.0112825173183135,0.6053702242623229,-0.02638254228170829,0.326397437445903,-0.2631360497162969,14.409326595789619,0.08628250353473943,0.08628250353473943,0.030469287160600652,0.65
23.276098673999513,8.093304566497634,1.0099641534287838,0.5828498741747413,-0.03955091668589218,0.3686297538459553,-0.24800184911279538,14.402410509889572,0.08496413964520966,0.08496413964520966,0.03939133910545744,0.65
23.400017314999786,8.11157635984011,1.008104458061264,0.5481538002742214,-0.05579086102559263,0.483248099588601,-0.2384709211228555,14.39649077293009,0.08310444427768982,0.08310444427768982,0.023152399375927647,0.65
23.499317156998586,8.128551796024288,1.0056760852060511,0.5092630855253927,-0.07285118565638257,0.5220565722583923,-0.21066418981894902,14.391647314963963,0.08067607142247701,0.08067607142247701,0.0,0.65
23.501312934999078,8.128551796024288,1.0056760852060511,0.5092630855253927,-0.07285118565638257,0.5531890583510868,-0.19652381653174839,14.391647314963963,0.08067607142247701,0.08067607142247701,0.0,0.65
23.503022617998795,8.144404189062302,1.002678184930412,0.4755717911404099,-0.08993700826917382,0.5763753143412507,-0.19486629686514587,14.387805954722783,0.07767817114683795,0.07767817114683795,0.006234593040405894,0.65
23.608839728998646,8.174138883839168,0.995310938458451,0.4414229661618193,-0.11652631418053762,0.607688108001657,-0.1544749880194038,14.38223575692297,0.07031092467487687,0.07031092467487687,0.01448445145330872,0.7000000000000001
23.61113383599877,8.174138883839168,0.995310938458451,0.4414229661618193,-0.11652631418053762,0.6365937487467416,-0.025921313128373452,14.38223575692297,0.07031092467487687,0.07031092467487687,0.01448445145330872,0.7000000000000001
23.612907488999554,8.188769995847343,0.991126881584897,0.43893336024521756,-0.12552170620661868,0.6465940422713339,-0.015355332976135533,14.380027628509644,0.06612686780132293,0.06612686780132293,0.01612686705626487,0.7000000000000001
23.714622243998747,8.20354185959919,0.9867548923185568,0.4431559125553804,-0.1311596779902067,0.6522291599934438,0.040114198499821035,14.377948944673237,0.06175487853498274,0.06175487853498274,0.002012901713672302,0.7000000000000001
23.71749948499928,8.23411602977151,0.9778217780652675,0.4647888918393269,-0.13369097801012877,0.6625235699537476,0.09222161757490568,14.373592315089562,0.052821764281693384,0.052821764281693384,0.0028217635366353244,0.7000000000000001
23.722324393000235,8.23411602977151,0.9778217780652675,0.4647888918393269,-0.13369097801012877,0.6793433303085936,0.14067813357490463,14.373592315089562,0.052821764281693384,0.052821764281693384,0.0028217635366353244,0.7000000000000001
23.81764150900017,8.250032647730285,0.9734439919664227,0.47749853876325443,-0.13133358296534292,0.700858434238148,0.16675893202742098,14.371102624874124,0.048443978182848624,0.048443978182848624,0.0032714605048836535,0.7000000000000001
23.819683083998825,8.266422702536358,0.9693572805275862,0.4917016441822309,-0.12260134316509759,0.7769149306462297,0.1764091545001919,14.368173241992773,0.04435726674401208,0.04435726674401208,0.006219938754207569,0.7000000000000001
23.928062819999468,8.300833228598918,0.9628951620068654,0.5243316576680428,-0.08710965333385484,0.8103975462526373,0.059478290078563145,14.360148284991524,0.03789514822329132,0.03789514822329132,0.009731819124316029,0.7000000000000001
23.930362678000165,8.300833228598918,0.9628951620068654,0.5243316576680428,-0.08710965333385484,0.7925797480290795,0.11679601361855868,14.360148284991524,0.03789514822329132,0.03789514822329132,0.009731819124316029,0.7000000000000001
24.038932515999477,8.318811878636945,0.9606829590108811,0.5393595011407969,-0.06636608987952969,0.6955249540436033,0.06805758434536327,14.354922096556857,0.03568294522730697,0.03568294522730697,0.005079309985017632,0.7000000000000001
24.04086332299994,8.337183532613793,0.9592260417457774,0.5511496193054499,-0.04370751795311138,0.6926791037476098,0.0947111241478795,14.34886733713536,0.03422602796220331,0.03422602796220331,0.009476502160087863,0.7000000000000001
24.045527942000263,8.355932775946803,0.9585555862121616,0.562477299990327,-0.02011366600847269,0.6144334447344156,0.06846462650723276,14.34196184471001,0.03355557242858753,0.03355557242858753,0.013158324663296507,0.7000000000000001
24.15848143599942,8.375267264322233,0.9586129336148745,0.5800346512628741,0.0017204220813887248,0.5804572608285204,0.06465727869285781,14.334176604308142,0.033612919831300436,0.033612919831300436,0.01522695361420894,0.7000000000000001
24.1600415289995,8.395171199073566,0.9594218282810496,0.5971180425400288,0.024266839985251303,0.5460908095246306,0.053183506563649285,14.325497071129373,0.0344218144974755,0.0344218144974755,0.01557818624758256,0.7000000000000001
24.180445095998948,8.415644500357859,0.9608941128917856,0.6141990385287734,0.044168538322080717,0.4429602505386467,0.032150691070495584,14.31600506282928,0.03199638689414415,0.03199638689414415,0.014105901636846552,0.70178344238091
24.28365050499997,8.436709515177382,0.9629511976149104,0.6319504445857164,0.061712541693745696,0.4139411601757343,0.04924032517814337,14.305764934170067,0.018555750626661486,0.018555750626661486,0.012048816913721727,0.70178344238091
24.28555847899952,8.458315762127343,0.9656202145072009,0.6481874084988161,0.08007050676871469,0.38488672171105215,0.039772441173037604,14.294772939414695,0.005165106835993154,0.005165106835993154,0.00937980002143124,0.7071067811865476
24.402965941999355,8.502342489887859,0.9724416758025574,0.661864694460628,0.10961196572159612,0.30615045940081476,0.08630981082081024,14.271179248952079,0.0025583387260748047,0.0025583387260748047,0.0006225483476650851,0.7158910531638177
24.404960799000037,8.524223433436921,0.9764499254715843,0.6564283064718528,0.12024749007080646,0.30277374856910705,0.11983739796583505,14.258921799311782,0.001449910942952104,0.001449910942952104,0.0015439614626421955,0.7158910531638177
24.40950395499931,8.524223433436921,0.9764499254715843,0.6564283064718528,0.12024749007080646,0.2911577133305478,0.16407450790136419,14.258921799311782,0.001449910942952104,0.001449910942952104,0.0015439614626421955,0.7158910531638177
24.421203166999476,8.545886302192196,0.9808036507038799,0.6498860626582472,0.1306117569688693,0.28555589529125047,0.2539383361011669,14.246455412472287,0.005803636175247706,0.005803636175247706,0.005803636175247706,0.7158910531638177
24.53709050299949,8.567038873800962,0.9852876976394832,0.6345771482630023,0.13452140806809867,0.2833484811498598,0.28833162061529416,14.234090683907983,0.010287683110851042,0.010287683110851042,0.010056253317823012,0.7280109889280518
24.63329734999934,8.567038873800962,0.9852876976394832,0.6345771482630023,0.13452140806809867,0.24179678909926175,0.28266995710604026,14.234090683907983,0.010287683110851042,0.010287683110851042,0.0208892523771109,0.7280109889280518
24.63545437099856,8.5874375009526,0.9897884614861112,0.6119588145491348,0.1350229153988389,0.2219637862225271,0.28957105250934495,14.222024887142,0.014788446957479051,0.014788446957479051,0.0,0.7280109889280518
24.639969189000112,8.606992528177672,0.9942163825687167,0.5866508167521534,0.13283763247816296,0.1795044758073075,0.30808026850014447,14.21037280694726,0.01921636804008453,0.01921636804008453,0.011283752700730397,0.7433034373659253
24.641857315999005,8.625731608919356,0.9985506535856805,0.5621724222504894,0.13002813050891432,0.17090548041879755,0.3032076596015319,14.199140445613068,0.02355063905704835,0.02355063905704835,0.02218145775761967,0.7433034373659253
24.740120865999415,8.643643810436313,1.0028275666140638,0.5373660455086859,0.12830739085149565,0.17384166824351033,0.33709688068237703,14.188296184434353,0.02782755208543164,0.02782755208543164,0.0,0.696419413859206
24.74209384200003,8.643643810436313,1.0028275666140638,0.5373660455086859,0.12830739085149565,0.1486855479237036,0.3142029459517012,14.188296184434353,0.02782755208543164,0.02782755208543164,0.0,0.696419413859206
24.74387902699891,8.660714268583341,1.0071287285334716,0.5121137444108375,0.12903485758223593,0.12416379930461684,0.2913625910917272,14.177768068323957,0.03212871400483941,0.03212871400483941,0.006343813489485185,0.7158910531638177
24.74819096399915,8.67699321527289,1.0115488762256424,0.4883684006864762,0.13260443076512723,0.0948194551473568,0.2738535269701602,14.167447032074145,0.02443462332075745,0.02443462332075745,0.012133493902344677,0.7158910531638177
24.851824594999925,8.706972112133048,1.0218075327719616,0.43526034401673164,0.16156293261548824,0.2262565510164231,0.3950398460371726,14.146514341319946,0.010490307668214264,0.010490307668214264,0.0017898861919276978,0.73824115301167
24.853730474998883,8.720471219221114,1.0276460831403622,0.4049732126419747,0.17515651105201685,0.22237413037821696,0.43439211826493285,14.135974208764807,0.0050734760640740026,0.0050734760640740026,0.0037698463673443323,0.73824115301167
24.85545304199877,8.73287162934322,1.0338198335436304,0.37201230366318266,0.1852125120980456,0.22990854017169776,0.46730554605818914,14.125548877456291,0.0006705627527426403,0.0006705627527426403,0.0006705627527426403,0.73824115301167
24.960559440998622,8.744374533205523,1.0404614492321849,0.3450871158690667,0.19924847065663154,0.43425173812282697,0.5725802552950665,14.115037063343769,0.002766887080215895,0.002766887080215895,0.003291188940832849,0.73824115301167
24.965036167999642,8.744374533205523,1.0404614492321849,0.3450871158690667,0.19924847065663154,0.4398923486801755,0.6076399544446927,14.115037063343769,0.002766887080215895,0.002766887080215895,0.003291188940832849,0.73824115301167
24.966750919998958,8.755117175773938,1.0475903124568215,0.3222792770524358,0.21386589673909756,0.46615199069418195,0.6294627386802101,14.104367091655613,0.005322214959914165,0.005322214959914165,0.005702510456195215,0.7632168761236874
25.080039938999107,8.765213470642836,1.0552451000805683,0.30288884606695266,0.22964362871240418,0.574815890457804,0.6639868664710751,14.093458685247658,0.007048621289276773,0.007048621289276773,0.0057838602319406135,0.7211102550927979
25.081945988998996,8.774800265322657,1.0634499207494124,0.2876038403946109,0.246144620065324,0.6098800589877905,0.6771918468042898,14.082236689639048,0.008025824483861597,0.008025824483861597,0.007513384655819813,0.7211102550927979
25.08888881099847,8.784143480708357,1.0723186396346027,0.2802964615709921,0.2660615665557081,0.6469697841950749,0.6214669623330178,14.070494382249242,0.008361344177020964,0.008361344177020964,0.008361344177020964,0.7211102550927979
25.19058860399855,8.79347039414596,1.0819806012952442,0.2798074031280855,0.2898588498192477,0.6469697841950749,0.6214669623330178,14.058025662334622,0.008124429306486776,0.008124429306486776,0.0027561677681077505,0.7211102550927979
25.192362877998676,8.802998613357806,1.0925493375189903,0.285846576355404,0.3170620867123831,0.6196474532783187,0.6093900539858941,14.044642979690405,0.00738867267143193,0.00738867267143193,0.003460142267058896,0.75
25.19401197699881,8.812896363446743,1.1041023878845229,0.29693250266810833,0.3465915109659753,0.6132675261466846,0.5757646303490697,14.030210960931537,0.006218198620951091,0.006218198620951091,0.0038283592062869735,0.7106335201775948
25.29661171599946,8.82346469292081,1.1166927551975563,0.31704988422200936,0.3777110193910027,0.5611283688454387,0.4596324360356092,14.014567130660614,0.004788401953202334,0.004788401953202334,0.013601849619326615,0.7106335201775948
25.29871160499897,8.82346469292081,1.1166927551975563,0.31704988422200936,0.3777110193910027,0.535398284678188,0.43728031072921847,14.014567130660614,0.004788401953202334,0.004788401953202334,0.013601849619326615,0.7106335201775948
25.303972850999344,8.834820256179151,1.1303837593284403,0.3406668977502458,0.4107301239265199,0.5093990589897015,0.4154227808136133,13.997609194610087,0.0031369958751671836,0.0031369958751671836,0.02141782592147776,0.7106335201775948
25.305816504998802,8.846918885807773,1.1450371991226356,0.36295888885866057,0.4396031938258588,0.4690258601141488,0.4107264339536766,13.979482192284495,0.0013304722824455481,0.0013304722824455481,0.029805920533896236,0.7106335201775948
25.40957246399921,8.859672977085285,1.1604803246648598,0.3826227383253793,0.46329376626672913,0.4140393815133627,0.3712637417221957,13.96037953407698,0.0005709620809750597,0.0005709620809750597,0.001254445527868327,0.7071067811865476
25.411682377000034,8.873000285781847,1.176544305747761,0.3998192608968384,0.481919432487031,0.38241776772069114,0.3841484087625243,13.940488983308198,0.0025060816832407967,0.0025060816832407967,0.0025152027221814442,0.7071067811865476
25.52775624199967,8.886764382911396,1.1930202176935265,0.41292291388647817,0.4942773583729677,0.2867071268203174,0.3625970331099437,13.920055772163748,0.0044236243291108255,0.0044236243291108255,0.0026702838559193075,0.7071067811865476
25.532830948999617,8.900802865048698,1.2096712519898174,0.4211544641190298,0.4995310288887253,0.2908814138687082,0.40344220781270806,13.899360635650245,0.006270977676934427,0.006270977676934427,0.00528162901894008,0.7106335201775948
25.759898542999508,8.914885248114382,1.2263903350361394,0.42247149197053363,0.5015724913896574,0.2803358409396168,0.5096153258778576,13.878589294163609,0.008135406113197824,0.008135406113197824,0.021770446581623082,0.7106335201775948
25.762046496998664,8.928863107827137,1.2430808048382105,0.4193357913826493,0.5007140940621352,0.2736825359090363,0.48579701337439,13.857886850039975,0.010053511102069316,0.010053511102069316,0.0,0.7106335201775948
25.763935114999185,8.94250688510138,1.259623943225307,0.4093133182273227,0.4962941516128904,0.26904919708937547,0.482873219358816,13.837448916242453,0.012103669006076047,0.012103669006076047,0.005842058223236264,0.6800735254367722
25.76565546799975,8.955743381441685,1.275996941870878,0.3970948902091588,0.4911899593671333,0.2409900289510834,0.4824077383514835,13.817323568350206,0.0143215110553374,0.0143215110553374,0.011775919298588212,0.7211102550927979
25.770966707999833,8.968453880330483,1.2921442309539022,0.3813149666639175,0.4844186724907204,0.22180859285014232,0.47731165385573576,13.797606132187665,0.016751688707190227,0.016751688707190227,0.016751688707190227,0.7211102550927979
25.772756200000003,8.980709140680377,1.3081920387826251,0.3676578104968019,0.4814342348616904,0.1731261581329808,0.4784985172381961,13.7781526272203,0.019433424747442755,0.019433424747442755,0.019433424747442755,0.6946221994724903
25.86689239399857,8.992544878030605,1.324232464087934,0.3550721205068714,0.4812127591592667,0.1359558036477151,0.44239777586865325,13.758863832257228,0.022406588113252513,0.022406588113252513,0.001001487821009975,0.6946221994724903
25.868743420998726,9.003971653497128,1.3403946362325538,0.3428032639956873,0.48486516433859794,0.11940519952391493,0.41301115131365973,13.739615494890815,0.025755019215942972,0.025755019215942972,0.0015948443685116901,0.73824115301167
25.87323240099977,9.014925363282934,1.3567312301258414,0.3286112935741593,0.4900978167986303,0.024440384486912447,0.49529580662441164,13.720382028290365,0.029561293070685026,0.029561293070685026,0.0016975348096350633,0.7158910531638177
25.978669995998644,9.014925363282934,1.3567312301258414,0.3286112935741593,0.4900978167986303,0.017763127462575783,0.5923072858723785,13.720382028290365,0.029561293070685026,0.029561293070685026,0.0,0.7158910531638177
25.980803822998496,9.025364061509551,1.3732747085280086,0.3131609467985027,0.49630435206501544,0.01660123132581408,0.5587465172611267,13.701148366206816,0.0338780245304703,0.0338780245304703,0.00309233013767752,0.7158910531638177
26.086651711999366,9.035285830000653,1.3899660338783322,0.29765305473304693,0.500739760509706,0.06744915022545557,0.5162178724513934,13.681969633198236,0.038664824091252575,0.038664824091252575,0.00439798671331301,0.7158910531638177
26.08867580399965,9.044704961262722,1.4067777417126262,0.28257393786206664,0.5043512350288181,0.07466944025801878,0.4832282041165641,13.662865703320213,0.03029517396531567,0.03029517396531567,0.009241991416683016,0.696419413859206
26.195754888998636,9.069411615660691,1.4572615533388544,0.22630636518984326,0.4993211071987077,0.14833589686587223,0.3787880873447655,13.606823836712719,0.00558851956734685,0.00558851956734685,0.0020915751652332477,0.7280109889280518
26.200784430999192,9.069411615660691,1.4572615533388544,0.22630636518984326,0.4993211071987077,0.11982592975147367,0.42346645759795487,13.606823836712719,0.00558851956734685,0.00558851956734685,0.0020915751652332477,0.7280109889280518
26.202425595998648,9.07618937087158,1.4736586169409527,0.20333265632666372,0.4919119080629479,0.17565413381131093,0.44002472310914054,13.589082748989835,0.0011892356435421192,0.0011892356435421192,0.0016312984036242878,0.7280109889280518
26.316769219998605,9.082169158720479,1.4898792788447022,0.17939363546694587,0.48661985711248246,0.2105746659715056,0.5708461767274873,13.571800578913845,0.0071690234924410845,0.0071690234924410845,0.006353807372318196,0.7280109889280518
26.318765940999583,9.087362350271901,1.5059263679829797,0.15579574654267883,0.481412674148324,0.19312588537898406,0.6005826999394299,13.554970559028817,0.012362215043863145,0.012362215043863145,0.011917209944217655,0.7158910531638177
26.3205122319996,9.091788683697315,1.5218014847168118,0.13279000276240893,0.4762535020149633,0.15429759326607606,0.6355630651086801,13.538584064761515,0.01678854846927713,0.01678854846927713,0.016709977653838238,0.7158910531638177
26.436176014998637,9.095472634537845,1.5375057366720755,0.1105185252159047,0.4711275586579137,0.11164149673272514,0.7486859641731164,13.52263126273162,0.020472499309807546,0.020472499309807546,0.008239389475112487,0.7158910531638177
26.438162495998768,9.09849708646766,1.5532708729160811,0.09073355789441079,0.4729540873201731,0.08687086954162887,0.7249095208241645,13.506866519755366,0.02349695123962192,0.02349695123962192,0.01586817818514807,0.7071067811865476
26.440279175998512,9.100897765859894,1.5691118711755485,0.07202038176703687,0.47522994778402355,0.06152579782343909,0.7016677589429752,13.491263115234917,0.02247594265204193,0.02247594265204193,0.02247594265204193,0.7566372975210779
26.453107268000167,9.10297592230106,1.5847959239927263,0.062344693234941594,0.4705215845153333,-0.004676359803726604,0.6816255319150955,13.475926042287856,0.012855121060441623,0.012855121060441623,0.012855121060441623,0.7566372975210779
26.548080183998536,9.104943723106645,1.6003895207810201,0.05903402416757981,0.4678079036488144,-0.004676359803726604,0.6816255319150955,13.46071503827091,0.003220228322004088,0.003220228322004088,0.008670898918488273,0.7516648189186454
26.562252583998998,9.108918755222792,1.6322069953285756,0.05961611916695016,0.4829978937459986,0.013854228877748648,0.5439966033207554,13.42969673519475,0.016081380750303964,0.016081380750303964,0.016081380750303964,0.7516648189186454
26.65235261199996,9.11080018811055,1.6488202523074733,0.056442986632757874,0.49839770936692973,-0.00755800511547719,0.5430201420993093,13.413574910228304,0.014199947862545415,0.014199947862545415,0.006916882441368676,0.7516648189186454
26.654236450998724,9.11080018811055,1.6488202523074733,0.056442986632757874,0.49839770936692973,-0.005230192485490309,0.5732508990653734,13.413574910228304,0.014199947862545415,0.014199947862545415,0.006916882441368676,0.7516648189186454
26.66673497499869,9.113772286409823,1.6836309418582012,0.03943273476836116,0.5301815381922503,0.06309385518925681,0.5894993494571301,13.380160215773044,0.01122784956327294,0.01122784956327294,0.01122784956327294,0.75
26.772072697998738,9.114680842405877,1.70163292148479,0.027256679881632988,0.5400593887976681,0.09026424153022974,0.5700372671743204,13.363117649586295,0.01031929356721939,0.01031929356721939,0.01031929356721939,0.75
26.777209591999053,9.115141209468325,1.7199045387460667,0.013811011873467895,0.548148517838303,0.07052923507054332,0.5372391335497984,13.345994934485072,0.009858926504771048,0.009858926504771048,0.009858926504771048,0.75
26.779526942998928,9.115192832282508,1.738315387131005,0.0015486844254894508,0.5523254515481492,0.11136883426837965,0.4843311420029617,13.328899015574008,0.009807303690587688,0.009807303690587688,0.009807303690587688,0.75
26.903043851998518,9.11494882093586,1.7568050432631055,-0.007320340399460896,0.5546896839630108,0.1894843631323134,0.4539889669876168,13.311844237291234,0.010051315037236108,0.010051315037236108,0.006689206741487603,0.75
26.995259583000006,9.11441184468518,1.77533810030406,-0.01610928752040619,0.5559917112286336,0.16340744082693964,0.47887659209440936,13.294862925063656,0.010588291287916718,0.010588291287916718,0.0032336436305058754,0.75
26.99720389599861,9.11372046137179,1.793928910786414,-0.020741499401668872,0.5577243144706223,0.19088306324893675,0.45762248386547666,13.277890242433878,0.01127967460130641,0.01127967460130641,0.006628465336718075,0.75
27.00278645399885,9.11372046137179,1.793928910786414,-0.020741499401668872,0.5577243144706223,0.2047945798001034,0.44887627583396006,13.277890242433878,0.01127967460130641,0.01127967460130641,0.006628465336718075,0.75
27.005332724000255,9.11304341209308,1.8124238545853568,-0.02031147836126694,0.5548483139682833,0.24023970266929912,0.43599754659046963,13.261005374368537,0.011956723880015119,0.011956723880015119,0.009995127366362275,0.75
27.105043767000097,9.11227613694534,1.848724608703319,-0.007461892362192475,0.5407147242709811,0.34694044693398024,0.37169630877469434,13.227665631073252,0.012723999027755895,0.012723999027755895,0.012723999027755895,0.75
27.10769911099851,9.11227613694534,1.848724608703319,-0.007461892362192475,0.5407147242709811,0.34714959221036834,0.37308317533955293,13.227665631073252,0.012723999027755895,0.012723999027755895,0.012723999027755895,0.75
27.12286093399962,9.112391858496691,1.8664904523457566,0.0034716465405370683,0.5329753092731319,0.4720025654558854,0.33092314401869716,13.211169169522341,0.012608277476404695,0.012608277476404695,0.012608277476404695,0.75
27.21868271099993,9.112926819783482,1.884020834789199,0.016048838603730818,0.5259114733032709,0.4770191106102145,0.34031828962519506,13.194735536178785,0.012073316189614047,0.012073316189614047,0.012073316189614047,0.75
27.220765463000134,9.11398981281011,1.9013123396209877,0.031889790798818894,0.5187451449536644,0.4944264716037239,0.3112592816205178,13.178326078157443,0.01101032316298678,0.01101032316298678,0.01101032316298678,0.75
27.340155691999826,9.118135541857777,1.935099226981618,0.07139065351268996,0.503184858963057,0.5894569555415223,0.3231537551101829,13.14548531993718,0.006864594115318923,0.006864594115318923,0.0008927549351102905,0.75
27.342093702000057,9.121187639041302,1.951526115804458,0.09156291550578943,0.49280666468519513,0.5381956107604389,0.3429598832375387,13.129127550626364,0.0038124969317934188,0.0038124969317934188,0.0003017045578957183,0.75
27.454123782999886,9.124989990973052,1.9675527524227299,0.1140705579524793,0.4807990985481664,0.6237712719879597,0.3593497318974781,13.112856317567259,1.01450000435932e-05,1.01450000435932e-05,0.0012526921656495094,0.75
27.460889918000248,9.129572119776155,1.9832089603601646,0.13746386409307312,0.4696862381230443,0.5837116544565504,0.3606410614606068,13.096632330901052,0.0025717099765393244,0.0025717099765393244,0.0025717099765393244,0.75
27.462820594999357,9.135003359693314,1.9985265883358982,0.16293719751479102,0.45952883927200217,0.6112091169953564,0.38325593520845846,13.080399472931623,0.00956244201419918,0.00956244201419918,0.00956244201419918,0.75
27.560226679999687,9.141301844343905,2.0135047477916777,0.18895453951770919,0.4493447836733766,0.6415227847306738,0.41387052145510117,13.064151517820111,0.015699898927441364,0.015699898927441364,0.014354863037288291,0.75
27.561824081998566,9.148408628117375,2.0282225609199496,0.21320351320409653,0.44153439384815196,0.6394001427082524,0.45427365350088456,13.04783766195704,0.0210817093960317,0.0210817093960317,0.02037495394976825,0.75
27.563575102998584,9.148408628117375,2.0282225609199496,0.21320351320409653,0.44153439384815196,0.6625467804268453,0.4781702065874252,13.04783766195704,0.0210817093960317,0.0210817093960317,0.02037495394976825,0.75
27.670278924999366,9.156263360450852,2.04276050274336,0.23564197000431608,0.43613825470232237,0.8132599610230857,0.5563416916192682,13.031406534040222,0.025807452146454676,0.025807452146454676,0.00035610876180694283,0.7905694150420949
27.672705901999507,9.164954868127223,2.057199487228163,0.2607452302911447,0.4331695345440824,0.787927071342674,0.6139031524975492,13.014749887878708,0.0298715319724089,0.0298715319724089,6.413724316980505e-05,0.8
27.67453648099945,9.17430696055422,2.071611511614345,0.2805627728099376,0.4323607315854612,0.7819174730701834,0.6481174207140146,12.997868346247131,0.03344944417309089,0.03344944417309089,0.0010719859321247798,0.8
27.779770129998724,9.184350378618081,2.0860164213124244,0.3013025419158128,0.43214729094238513,0.7678039926633333,0.7481843673514428,12.980732361048313,0.03653348448373614,0.03653348448373614,0.004585502892432554,0.8
27.78149409999969,9.195068561546128,2.1004934334234533,0.32154548784138476,0.4343103633308634,0.7511122730166429,0.7692550052884264,12.963275444780413,0.039191378088344116,0.039191378088344116,0.0061597820763935685,0.8
27.8881673449996,9.218523601108199,2.1299675638381905,0.36198294072246934,0.44557895776856793,0.7313652628057594,0.7277903009390001,12.927122199302653,0.04344751804684188,0.04344751804684188,0.010777239218748217,0.7826237921249265
28.119075224998596,9.245318429880758,2.1609935643984954,0.41542847206767036,0.4734070748196867,0.5908720373855486,0.631562064945762,12.888281802342371,0.04643940831032269,0.04643940831032269,0.0,0.8062257748298549
28.121381294999082,9.259989945413311,2.1773769527773585,0.44014546597659354,0.49150165136589824,0.5810773992872834,0.6731544242580458,12.867580878108548,0.04764988520847802,0.04764988520847802,0.006417588513541239,0.7632168761236874
28.12303793799947,9.27537929986458,2.19452961285143,0.4616806335380628,0.514579802222136,0.5916035429951164,0.6952236373798615,12.845901682616395,0.04889673057166578,0.04889673057166578,0.013162771743835844,0.7632168761236874
28.2206175479987,9.291360589730557,2.2124942941845167,0.47943869597929584,0.5389404399926107,0.6014860389079475,0.7207309888814267,12.82325250799469,0.050299200127807045,0.050299200127807045,0.0,0.7905694150420949
28.226972843998738,9.307831748368807,2.2314496405543425,0.49413475914748006,0.568660391094777,0.5858683466518866,0.631386573648363,12.79950640402354,0.05205578611854422,0.05205578611854422,0.005520936403590463,0.75
28.229409137999028,9.324685278236624,2.251426579881582,0.5056058960345027,0.5993081798171843,0.5559664895000581,0.6149290081157281,12.774675055899726,0.05426437012772461,0.05426437012772461,0.01089443568099757,0.7810249675906654
28.327744763999362,9.341803747021189,2.2724265736607054,0.5135540635369631,0.629999813373705,0.4463824726851797,0.49684119282656986,12.748800913705924,0.05700902277272186,0.05700902277272186,0.002275855067305221,0.7810249675906654
28.329719583998667,9.359028579182782,2.2942357785364633,0.5167449648478283,0.6542761462727373,0.40234126441841617,0.4906922379718819,12.72214128461849,0.06025066380639341,0.06025066380639341,0.004182711748510637,0.7433034373659253
28.3317535139995,9.376166030713483,2.3167438346138085,0.5141235459210126,0.675241682320356,0.3589372991721421,0.48258361368310787,12.694870350992046,0.06404825470039728,0.06404825470039728,0.005622943998440144,0.7778174593052023
28.433367501998873,9.393045338479464,2.3397147297022354,0.5063792329794256,0.6891268526528062,0.36096408084118903,0.2991951474751081,12.667270101501446,0.06835565740428812,0.06835565740428812,0.0018211612873983531,0.7778174593052023
28.45273538499896,9.426336563897811,2.386549328296085,0.4976765714700299,0.7054253377575462,0.4229291164579416,0.19268383495236865,12.611425635208708,0.07793226841682677,0.07793226841682677,0.007221589244500807,0.7810249675906654
28.551604942000267,9.458963332184911,2.434012113819016,0.48511590468588917,0.7127781524140355,0.40865302620150823,0.03639532571539865,12.555257652176065,0.08842291681008263,0.08842291681008263,0.017712237637756974,0.7905694150420949
28.664950506999958,9.474572234742183,2.457473620298795,0.46826707671814805,0.7038451943933643,0.4134512963044182,0.0042388710985491185,12.52768943235968,0.09397554629365994,0.09397554629365994,0.03247640331609011,0.8321658488546619
28.666832372999124,9.48947797176226,2.4804819363154578,0.44717211060230455,0.6902494804998921,0.41523991928100723,-0.01619424147485482,12.500804510316797,0.09970493484724485,0.09970493484724485,0.055481900180141874,0.8321658488546619
28.67215993299942,9.503658366587969,2.5030137971296775,0.42541184477123806,0.6759558244265893,0.4114127569570825,-0.05110615410034247,12.474632074758814,0.10561031308057017,0.10561031308057017,0.07025497349440721,0.8
28.777582996999627,9.517210217089824,2.524860632030678,0.406555515055671,0.6554050470300044,0.4461519830781411,-0.2173720626316435,12.44932984470486,0.11147575279904294,0.11147575279904294,0.005752832864244685,0.8
28.893472017000022,9.542736388566952,2.5663683663018544,0.37690845011503826,0.6095716133074861,0.5002931521739478,-0.3759251895633956,12.401343083954027,0.12277642422467216,0.12277642422467216,0.014623913262880334,0.75
28.895663371999035,9.542736388566952,2.5663683663018544,0.37690845011503826,0.6095716133074861,0.5437889769286587,-0.36960489900500826,12.401343083954027,0.12277642422467216,0.12277642422467216,0.014623913262880334,0.75
28.897212443998797,9.555024154430333,2.5857061623656676,0.3686329759014301,0.5801338819144004,0.5460986713898506,-0.425055944031324,12.378843565381851,0.1277615483869691,0.1277615483869691,0.021177758515832017,0.75
29.00410830599867,9.56716796658212,2.604001996420974,0.36431436455364746,0.5488750216591939,0.6339992616615755,-0.47695217640664855,12.357367694678029,0.13211168479295504,0.13211168479295504,0.03004083154639621,0.7000000000000001
29.00618299300004,9.579227555533693,2.6211244893033934,0.3617876685471615,0.5136747864725763,0.6835303821225454,-0.456538550870918,12.337016109445434,0.13569169849495216,0.13569169849495216,0.046124450932903294,0.7000000000000001
29.00790478899944,9.579227555533693,2.6211244893033934,0.3617876685471615,0.5136747864725763,0.7170992859978849,-0.45787424155558,12.337016109445434,0.13569169849495216,0.13569169849495216,0.046124450932903294,0.7000000000000001
29.23406310199971,9.603421644201472,2.65143265679271,0.3637567442158909,0.435759617512699,0.8675045974742706,-0.4792296532155701,12.299955736578415,0.14001500509037132,0.14001500509037132,0.02815890735563425,0.65
29.23601563000011,9.603421644201472,2.65143265679271,0.3637567442158909,0.435759617512699,0.9257976804618169,-0.4027428998967157,12.299955736578415,0.14001500509037132,0.14001500509037132,0.02815890735563425,0.65
29.241076980999424,9.615632248805493,2.6644260643207174,0.36631813812062186,0.38980222584022356,0.9557756549792672,-0.38412734845302243,12.2833995850636,0.1405685303462545,0.1405685303462545,0.040075807485268324,0.65
29.242877313999998,9.628010346938066,2.6758143436664112,0.37134294397716305,0.3416483803708133,0.9961593075758663,-0.33317984113178506,12.268280619853423,0.13989476424681355,0.13989476424681355,0.05081430455086311,0.65
29.351189961998898,9.640719629248082,2.68542614700385,0.3812784693004994,0.28835410012315904,1.1829170899318953,-0.3663283767996654,12.254700227687199,0.13891411299354983,0.13891411299354983,0.0313726171932989,0.65
29.35345803999917,9.653908005798655,2.6932781579891505,0.3956512965171957,0.23556032955901432,1.161139508107138,-0.328661584751169,12.24259111470724,0.13799929646375805,0.13799929646375805,0.04520966992563236,0.65
29.461602141000185,9.667646901265726,2.6995209836714884,0.4121668640121548,0.18728477047013364,0.9788977067898217,-0.36564121381035813,12.23178955809844,0.13709434844518084,0.13709434844518084,0.03037575683204009,0.65
29.467445207999845,9.68219070997313,2.7040602867673775,0.43631426122211237,0.13617909287666866,0.9572389028360662,-0.3341989137999911,12.222294419243882,0.1359749809200397,0.1359749809200397,0.04526554947192053,0.6000000000000001
29.485425215998475,9.697748514380397,2.706979020739972,0.4667341322179949,0.08756201917782776,0.7757615304717512,-0.36144794331149044,12.213956982751295,0.13476313722236036,0.13476313722236036,0.060237645841709285,0.6000000000000001
29.581882077000046,9.71455770787273,2.7085232439216296,0.5042758047700013,0.04632669544972644,0.7757615304717512,-0.36144794331149044,12.206467416163132,0.13393091843188562,0.13393091843188562,0.02187136972691381,0.6000000000000001
29.58573708899894,9.732801290346844,2.709017824138376,0.5473074742234053,0.014837406502397212,0.6068549173276377,-0.33511724708280155,12.199463082463645,0.13401778576788592,0.13401778576788592,0.03252702401476187,0.6000000000000001
29.6010392449989,9.732801290346844,2.709017824138376,0.5473074742234053,0.014837406502397212,0.6068549173276377,-0.33511724708280155,12.199463082463645,0.13401778576788592,0.13401778576788592,0.03252702401476187,0.6000000000000001
29.696647462998953,9.752657265832326,2.7086909098886465,0.5956792645644735,-0.009807427491891792,0.5755511363438487,-0.32529848771100656,12.192674507046188,0.1336908715181564,0.1336908715181564,0.018625841903676037,0.6000000000000001
29.69827375999921,9.774232829231165,2.7077758835449526,0.6472669019651713,-0.027450790310817458,0.553631179623753,-0.2946566230557332,12.18585376308289,0.1327758451744625,0.1327758451744625,0.0282903270451963,0.6000000000000001
29.807927979998567,9.797438666089318,2.7062691405499746,0.6961751057446176,-0.04520228984934166,0.42260527228570266,-0.24945152973775025,12.179044992512635,0.1312691021794845,0.1312691021794845,0.011320819296164998,0.6000000000000001
29.80987732199901,9.821978343902318,2.7042205610913235,0.7361903343899598,-0.061457383759533316,0.39921813708670983,-0.22573422012051111,12.17231524034333,0.1292205227208334,0.1292205227208334,0.02290989346180731,0.6000000000000001
29.811411004999172,9.821978343902318,2.7042205610913235,0.7361903343899598,-0.061457383759533316,0.3673480321664457,-0.2127075697144467,12.17231524034333,0.1292205227208334,0.1292205227208334,0.02290989346180731,0.6000000000000001
29.92009515799873,9.874192636934705,2.6990204721555804,0.7940812036745843,-0.08311066152877507,0.26564673420965335,-0.164007130216262,12.15893836089584,0.12402043378509031,0.12402043378509031,0.02064751775607188,0.65
29.922520942998744,9.901132168995922,2.695944221304361,0.8081859618364987,-0.09228752553658719,0.29384494136020256,-0.1518357530470505,12.15248860381454,0.12094418293387088,0.12094418293387088,0.033287902579377936,0.65
30.019324428998516,9.901132168995922,2.695944221304361,0.8081859618364987,-0.09228752553658719,0.2838464300514638,-0.13623487244424476,12.15248860381454,0.12094418293387088,0.12094418293387088,0.0,0.65
30.02115729199977,9.928132378926179,2.6926069347964057,0.8100062979077206,-0.1001185952386626,0.24424710528788576,-0.14357090608841672,12.146320265488606,0.1176068964259156,0.1176068964259156,0.016295773737384073,0.65
30.03095679999933,9.954994177591455,2.6889837462748925,0.8058539599582942,-0.10869565564539806,0.1643261571368884,-0.1305268671032062,12.140525738639958,0.11398370790440238,0.11398370790440238,0.03228946856437392,0.65
30.128822687998763,9.98151868512131,2.685101506376412,0.795735225895642,-0.11646719695441303,0.1758556152692875,-0.12366022022660599,12.135147133872541,0.1101014680059218,0.1101014680059218,0.039598613301645144,0.65
30.24377366599947,10.007646176579897,2.681033956533217,0.7838247437576019,-0.122026495295857,0.021588414496841922,-0.10053618224234946,12.130133771641127,0.10603391816272678,0.10603391816272678,0.018784286089930925,0.65
30.245626316998823,10.007646176579897,2.681033956533217,0.7838247437576019,-0.122026495295857,0.05484705812834634,-0.08933978338995707,12.130133771641127,0.10603391816272678,0.10603391816272678,0.018784286089930925,0.65
30.24722319799912,10.033051140133646,2.6768679743750665,0.7621489066124411,-0.12497946474451559,0.06429704666968564,-0.08599989639608091,12.12551105329694,0.10169393776623109,0.10169393776623109,0.03692548360025878,0.65
30.24904568799866,10.057434522620166,2.6726698678847427,0.7315014745956164,-0.12594319470970874,0.06688044398058174,-0.08742980991034796,12.121312205667031,0.08148377309429593,0.08148377309429593,0.04766982876919457,0.651920240520265
30.382144224999138,10.080682541562156,2.668532209747685,0.6974405682596903,-0.12412974411173504,0.15868407029729806,-0.062430602524352924,12.11748194433478,0.06211917512431692,0.06211917512431692,0.006467830112921291,0.651920240520265
30.473015750998456,10.102700335812703,2.664562285546779,0.6605338275163632,-0.11909772602716492,0.18690321637973137,-0.04399964681451909,12.113944045043752,0.04541423889558197,0.04541423889558197,0.0,0.6576473218982953
30.475254394999865,10.123604026672782,2.660757107253945,0.627110725802378,-0.11415534878502422,0.21698692509592674,-0.018298238738642534,12.110656584014512,0.03578431338785067,0.03578431338785067,0.006752984954431183,0.6576473218982953
30.476805180000156,10.14315972844128,2.657096555727337,0.5866710530549384,-0.10981654579823263,0.24358716582542358,0.002702307042097174,12.107709286631227,0.03209651661178903,0.03209651661178903,0.013170217959461224,0.6576473218982953
30.478482812999573,10.161254917319573,2.653561325138614,0.5428556663487925,-0.10605691766169671,0.268119913850135,0.025661542094079757,12.105150604750925,0.028561286023065957,0.028561286023065957,0.019254728638431303,0.6670832032063168
30.483829248998518,10.177860482760245,2.650185281220967,0.49816696322016646,-0.1012813175294152,0.2914480074024094,0.058729640154753605,12.102951519652663,0.025185242105418837,0.025185242105418837,0.024814758639639223,0.6670832032063168
30.583238015999086,10.193134243532024,2.646978722603151,0.458212823153383,-0.09619675853447485,0.4206101747314149,0.2004834055982161,12.101045261446096,0.02197868348760279,0.02197868348760279,0.016401472369434292,0.7158910531638177
30.585307232999185,10.193134243532024,2.646978722603151,0.458212823153383,-0.09619675853447485,0.4305624327621346,0.2439970640143586,12.101045261446096,0.02197868348760279,0.02197868348760279,0.016401472369434292,0.7158910531638177
30.586916627999017,10.207480865481925,2.644047030575705,0.4303986584970332,-0.08795076082337637,0.45380739647429824,0.259673118118511,12.099196818394628,0.01904699146015698,0.01904699146015698,0.023753540801751617,0.7280109889280518
30.704751393999686,10.234314098612737,2.639312731133712,0.3948482095265987,-0.0646491469763428,0.5032630285898434,0.3843826406921604,12.095076691073029,0.014312692018163986,0.014312692018163986,0.0027287781360874125,0.7280109889280518
30.711157984998863,10.259742905906265,2.6366295782957576,0.37920504808536504,-0.03027890224994928,0.443479222173438,0.40067036411226253,12.08951760716452,0.01162953918020948,0.01162953918020948,0.007050355085900968,0.7433034373659253
30.817454886999258,10.27237319415554,2.6364224073082996,0.3789086474782289,-0.006215129623734543,0.30938140801892905,0.3918389193114832,12.085708013537406,0.011422368192751442,0.011422368192751442,0.009903337465973395,0.7433034373659253
30.819134653998844,10.28518010538635,2.637300379673786,0.38420733692431785,0.02633917096458966,0.26350764337575555,0.39306737915839285,12.080825030359758,0.01230034055823781,0.01230034055823781,0.01230034055823781,0.7433034373659253
30.824370611999257,10.298128040840854,2.6392791405631715,0.38843806363508876,0.059362826681563216,0.23950449244547706,0.4379884999793967,12.074864513184858,0.014279101447623344,0.014279101447623344,0.014279101447623344,0.7433034373659253
30.92859448099989,10.298128040840854,2.6392791405631715,0.38843806363508876,0.059362826681563216,0.23950449244547706,0.4379884999793967,12.074864513184858,0.014279101447623344,0.014279101447623344,0.005712046285361309,0.7433034373659253
30.935727402998964,10.311163965290579,2.642421219908054,0.3910777334917281,0.09426238034647408,0.21398134652627196,0.4153410879635136,12.067783143557307,0.017421180792505986,0.017421180792505986,0.012561559428528135,0.7615773105863909
30.9375590439995,10.324224683617224,2.646695210548777,0.3918215497993775,0.12821971922168324,0.18532470602575873,0.39689730227350617,12.059629755505423,0.015889143102819518,0.015889143102819518,0.015889143102819518,0.7615773105863909
31.03281459199934,10.337238887414536,2.6519805710075395,0.39042611391935833,0.15856081376287767,0.2905273729157134,0.45439031579856454,12.050540238386585,0.010424025567402137,0.010424025567402137,0.0017201956070799353,0.7158910531638177
31.03485164799895,10.337238887414536,2.6519805710075395,0.39042611391935833,0.15856081376287767,0.3162207633193158,0.47560944599259747,12.050540238386585,0.010424025567402137,0.010424025567402137,0.0017201956070799353,0.7158910531638177
31.148320493999563,10.362110274621894,2.665167045176112,0.36518283168578,0.2096545335910566,0.4500203937461241,0.5810947502695047,12.030262852648466,0.0021615443201019645,0.0021615443201019645,0.0016865785839671505,0.73824115301167
31.155169263998687,10.384652949651947,2.6812528026833817,0.3284463097645539,0.2512631063639064,0.50516004770829,0.620889779928896,12.007980315638267,0.0024041858458202104,0.0024041858458202104,0.0024041858458202104,0.73824115301167
31.26461908300007,10.39501361310048,2.6903447894036,0.31081990345597627,0.2727596016065462,0.5957260054499817,0.6670639545956717,11.99613088257211,0.0033012757635451444,0.0033012757635451444,0.004438448820098103,0.73824115301167
31.266628817998935,10.40476110373921,2.6999648071585534,0.2924247191618966,0.28860053264860175,0.6051458524489364,0.6961716865610279,11.983972333849165,0.0033914127040806474,0.0033914127040806474,0.0041875395107287905,0.7632168761236874
31.37168308099899,10.40476110373921,2.6999648071585534,0.2924247191618966,0.28860053264860175,0.6918036189188642,0.5981444171499062,11.983972333849165,0.0033914127040806474,0.0033914127040806474,0.0,0.7632168761236874
31.37360747599996,10.413941288546066,2.7100746504385427,0.2754055442056824,0.30329529839968367,0.673299454563351,0.5680123882045665,11.971525729532894,0.002734044893541023,0.002734044893541023,0.0064408597178513315,0.7211102550927979
31.388558363998527,10.422569059884411,2.7206326656577167,0.25883314015033165,0.3167404565752242,0.5985040271390868,0.455660349802852,11.958825161746267,0.0013691563560632603,0.0013691563560632603,0.013489344378809685,0.7211102550927979
31.489008953998564,10.430657413786042,2.7316038555942828,0.2426506170489032,0.32913569809697774,0.5950562189944657,0.4629376783478243,11.94589912527065,0.0006693165532882949,0.0006693165532882949,0.002572170076250986,0.7211102550927979
31.49142588199902,10.43821658549897,2.7429583410455827,0.22677515138785495,0.3406345635390019,0.5815025684175495,0.5117850045822392,11.932772226852439,0.003353008634421561,0.003353008634421561,0.004844337965203264,0.7211102550927979
31.502573454999947,10.445586573999321,2.7548984555365745,0.22109965501049608,0.3582034347297556,0.62374713683182,0.45500802345828667,11.919147055990223,0.006584575713280225,0.006584575713280225,0.007655523597660527,0.6800735254367722
31.624776945998747,10.445586573999321,2.7548984555365745,0.22109965501049608,0.3582034347297556,0.6124638943916597,0.48475302380478674,11.919147055990223,0.006584575713280225,0.006584575713280225,0.004162443303975415,0.6800735254367722
31.718983296999795,10.45299639854831,2.7676404569859847,0.22229473646965062,0.3822600434823111,0.6405791768417936,0.4515148602849953,11.904747291779964,0.010354994158055502,0.010354994158055502,0.0,0.7106335201775948
31.721158030999504,10.460732165899888,2.781290805908595,0.2320730205473184,0.4095104676783027,0.6368470538715569,0.48372723305768206,11.889383843947718,0.014537234894812881,0.014537234894812881,0.005856703438386276,0.7106335201775948
31.722696132999772,10.469066379613386,2.7958846867736904,0.25002641140494525,0.43781642595287334,0.6303495962978235,0.5153708346843129,11.872939904268502,0.018963487985678807,0.018963487985678807,0.012078516209925377,0.7106335201775948
31.724460026998713,10.478321312504802,2.8113541297964106,0.27764798674245605,0.46408329068160553,0.6146572591610014,0.5292649182386335,11.85538198871388,0.023357810241276544,0.023357810241276544,0.018411473078124335,0.6726812023536856
31.831124296999405,10.488302927366078,2.827398904039521,0.29944844583829133,0.4813432272933077,0.562325825166834,0.3141350040560752,11.837055850722418,0.027645111355585335,0.027645111355585335,0.0014400685285107372,0.6726812023536856
31.83749619399896,10.498854896928192,2.8437468476777985,0.3165590868634244,0.4904383091483169,0.5386060451413672,0.3400942126361469,11.818268954569513,0.03174348392842245,0.03174348392842245,0.0025995142993754054,0.6726812023536856
31.839067757999146,10.509897323836176,2.8604159938665354,0.33127280723952446,0.5000743856621146,0.506380470647382,0.35261995254934775,11.799029021759791,0.03572217528767543,0.03572217528767543,0.0035534293622865804,0.6726812023536856
31.841313484999773,10.521340573697152,2.877474074208461,0.343297495829301,0.5117424102577652,0.4418557559347941,0.3636279813327678,11.779299276465025,0.039692459995968266,0.039692459995968266,0.004414149433294492,0.6726812023536856
31.953931352998552,10.521340573697152,2.877474074208461,0.343297495829301,0.5117424102577652,0.37397611001438846,0.36586541021104135,11.779299276465025,0.039692459995968266,0.039692459995968266,0.004050871902971331,0.6726812023536856
31.955899018999844,10.533342250494888,2.8947352296894184,0.36005030393208043,0.5178346644287262,0.4067121389585068,0.3742406709929323,11.759209415384536,0.043411473038380374,0.043411473038380374,0.007852628137895848,0.6726812023536856
32.06139555600021,10.55901825309655,2.9300634417850775,0.39386270534254736,0.5333686472458836,0.49964855761380145,0.380033401768544,11.717765761716251,0.0502366158250187,0.0502366158250187,0.013490079749120303,0.6800735254367722
32.06385627599957,10.55901825309655,2.9300634417850775,0.39386270534254736,0.5333686472458836,0.4932715669520208,0.4081216130254217,11.717765761716251,0.0502366158250187,0.0502366158250187,0.013490079749120303,0.6800735254367722
32.0658245429986,10.572694399758733,2.947978977528793,0.41028439986547777,0.5374660723114683,0.4909635411017533,0.35561528549285815,11.696557514206184,0.0532343165926588,0.0532343165926588,0.017878977006495815,0.6800735254367722
32.08722268699967,10.586723580784339,2.965824287618164,0.42087543076815864,0.5353593026811335,0.3785940897002866,0.2833677115908408,11.675314984702142,0.05593272733153014,0.05593272733153014,0.020577387745367152,0.651920240520265
32.18318500099849,10.600848729424559,2.983539624271074,0.42375445920657734,0.531460099587303,0.3785940897002866,0.2833677115908408,11.654173110929879,0.05847137362103778,0.05847137362103778,0.018671828045219833,0.6946221994724903
32.18922111899883,10.600848729424559,2.983539624271074,0.42375445920657734,0.531460099587303,0.3382884593803143,0.27731549382273424,11.654173110929879,0.05847137362103778,0.05847137362103778,0.018671828045219833,0.6946221994724903
32.212753222000174,10.614908784800372,3.0010598676922404,0.42180166127440344,0.5256073026349989,0.18702366759190928,0.21389694220887248,11.633242576290302,0.06091809605208757,0.06091809605208757,0.025562756465924586,0.670820393249937
32.30493478099925,10.642559818926443,3.0354762641313693,0.4132291404958971,0.5129299004922048,0.18702366759190928,0.21389694220887248,11.592134320620264,0.06570192962083442,0.06570192962083442,0.02497568798663165,0.670820393249937
32.41868379299922,10.656247545985968,3.052398886522598,0.4106318117857189,0.507678671736862,-0.005476994788604096,0.17610388217510925,11.571902234595434,0.06798934604631153,0.06798934604631153,0.000298457940274996,0.696419413859206
32.420802401999026,10.669900247673745,3.0692063699816217,0.4095810506332904,0.5042245037706999,-0.004515795523196062,0.2106173727247181,11.551796068965322,0.05509991214120902,0.05509991214120902,0.00030372230444876094,0.696419413859206
32.42777960300009,10.68348713578344,3.0858048560305957,0.4076066432908184,0.4979545814692167,-0.0043001625113617305,0.24475568116219396,11.531914620772929,0.04151302403151469,0.04151302403151469,0.0016389557826702904,0.696419413859206
32.435634628000116,10.68348713578344,3.0858048560305957,0.4076066432908184,0.4979545814692167,-0.0035437050323830566,0.3466360923777649,11.531914620772929,0.04151302403151469,0.04151302403151469,0.0016389557826702904,0.696419413859206
32.53059242800009,10.709973404752484,3.1179083455009,0.39361162800125415,0.47608254151187207,-0.007072707009200927,0.41594228796551697,11.49341626429254,0.015026755062470087,0.015026755062470087,0.005159639845548686,0.7280109889280518
32.64837986599923,10.709973404752484,3.1179083455009,0.39361162800125415,0.47608254151187207,-0.02399935860260594,0.5469542358435064,11.49341626429254,0.015026755062470087,0.015026755062470087,0.005159639845548686,0.7280109889280518
32.65012300099988,10.722834708208282,3.1334598105755296,0.3858391036739456,0.46654395223889966,-0.033833702333709796,0.5792238615462739,11.474765755096909,0.002165451606671809,0.002165451606671809,0.002165451606671809,0.7280109889280518
32.65631169500011,10.722834708208282,3.1334598105755296,0.3858391036739456,0.46654395223889966,-0.05968648782754525,0.5832362019249558,11.474765755096909,0.002165451606671809,0.002165451606671809,0.002165451606671809,0.7280109889280518
32.75300102899928,10.73523020572431,3.148533057584883,0.37186492548085937,0.45219741028060695,-0.08311298281505726,0.618211569480225,11.45671436142497,0.010230045909356278,0.010230045909356278,0.016629876351137253,0.7280109889280518
32.76463845899889,10.757918565974553,3.1770325992309285,0.3256905470624592,0.41713565439725686,-0.15770534865483773,0.7716194207671376,11.422815990373014,0.032918406159598845,0.032918406159598845,0.032918406159598845,0.7648529270389178
32.87452075799956,10.767677654138458,3.190422723473334,0.292772644917182,0.4017037272721631,-0.17745598457776576,0.7985727412746199,11.407157777870662,0.042677494323504206,0.042677494323504206,0.042677494323504206,0.7648529270389178
32.880958468000244,10.776342966249194,3.203404798809342,0.2599593633220578,0.3894622600802411,-0.22023789651074127,0.6749187497931258,11.39221150859711,0.05134280643424027,0.05134280643424027,0.05134280643424027,0.7566372975210779
33.00583254199955,10.783931143326003,3.21625439197689,0.22764531230426138,0.3854877950264303,-0.24356021629466343,0.6995232114452066,11.377707639167282,0.04785461078229189,0.04785461078229189,0.01054911162002692,0.7566372975210779
33.00799601499966,10.790425887169931,3.2292442526418825,0.19484231531784557,0.38969581994978275,-0.26505341948188954,0.7249561814016013,11.36338907751708,0.04326186963351867,0.04326186963351867,0.015425726609919366,0.7566372975210779
33.10174191399892,10.795875290362693,3.242394009434248,0.1634820957828343,0.39449270377096235,-0.26036178403426186,0.8955533733900229,11.349222349712122,0.037816897385705005,0.037816897385705005,0.015737274889261424,0.7566372975210779
33.21089342899904,10.803482248211102,3.269978296490827,0.09740465638275286,0.4207491388869631,-0.16397435990128795,1.0609058881846714,11.320618330565653,0.028921398880969763,0.028921398880969763,0.021279558490834617,0.75
33.21298428099908,10.803482248211102,3.269978296490827,0.09740465638275286,0.4207491388869631,-0.16138389674556208,1.0259634028243043,11.320618330565653,0.028921398880969763,0.028921398880969763,0.021279558490834617,0.75
33.21875511199869,10.805659363395659,3.284514328201052,0.0653134555366851,0.43608095130674446,-0.15877188878545684,0.9927444597935614,11.306078477830898,0.030659202835646937,0.030659202835646937,0.030659202835646937,0.75
33.31949712799906,10.80663512933054,3.2997001080566433,0.029272978046418905,0.45557339566774785,-0.14766510690976553,0.8905942555398485,11.291267861815669,0.031634968770527294,0.031634968770527294,0.005665487209431866,0.75
33.32213182299893,10.80663512933054,3.2997001080566433,0.029272978046418905,0.45557339566774785,-0.1253057814658325,0.8661887531969167,11.291267861815669,0.031634968770527294,0.031634968770527294,0.005665487209431866,0.75
33.43192602699855,10.805135077745472,3.3321237412458573,-0.03965788509160437,0.49649625456480984,-0.022176051943662345,0.7312421768229411,11.260696869188179,0.030134917185460353,0.030134917185460353,0.019865083559597707,0.75
33.4339696449988,10.805135077745472,3.3321237412458573,-0.03965788509160437,0.49649625456480984,-0.05779285336824125,0.6963699539821432,11.260696869188179,0.030134917185460353,0.030134917185460353,0.019865083559597707,0.75
33.44086356099979,10.802674445879624,3.3492831533812226,-0.07381895597541162,0.5147823640609624,0.010868253119085569,0.6731951492812454,11.24501082818634,0.02767428531961258,0.02767428531961258,0.02232571542544548,0.75
33.541174508998665,10.799085277579021,3.367220894991334,-0.10767504901811904,0.538132248303336,0.09578320562038967,0.6208155537991833,11.228917370860211,0.02408511701900906,0.02408511701900906,0.020243542893252274,0.75
33.54315510899869,10.794410400773913,3.386094281370156,-0.14024630415324665,0.5662015913646636,0.10742546097895539,0.6129201477641748,11.212256612573624,0.01941024021390092,0.01941024021390092,0.03058976053115714,0.75
33.558460180998736,10.788759071501014,3.40609569667924,-0.1695398781869733,0.6000424592725211,0.23375790313546493,0.6620266479924347,11.194816020602978,0.0137589109410019,0.0137589109410019,0.03624108980405616,0.75
33.6504592780002,10.78218325065018,3.4272687360520475,-0.19727462552502806,0.6351911811842238,0.2538384154639165,0.6890528869159834,11.176542426650483,0.00718309009016771,0.00718309009016771,0.00718309009016771,0.75
33.759938691999196,10.767008168222553,3.4721225022831006,-0.23442587341925292,0.6823524728454432,0.13379940120108308,0.6342205212144605,11.138250071585409,0.007991992337458953,0.007991992337458953,0.008331223471727782,0.75
33.76215310099906,10.767008168222553,3.4721225022831006,-0.23442587341925292,0.6823524728454432,0.13286705771466278,0.6680978221795051,11.138250071585409,0.007991992337458953,0.007991992337458953,0.008331223471727782,0.75
33.87626386099873,10.758917660439804,3.4952423152312484,-0.2427152334824747,0.6935943884444338,0.12554514401814887,0.8385530067919702,11.118620271975427,0.0160825001202074,0.0160825001202074,0.011454774776153429,0.75
33.878164450999975,10.750671396045176,3.518519095987057,-0.24738793183886656,0.6983034226742612,0.09635631710791431,0.8748440962500208,11.098907163286867,0.02432876451483601,0.02432876451483601,0.023087014971813456,0.75
33.87984468899958,10.734665751384076,3.564922069558399,-0.23533453722433617,0.6940635482017318,0.09780425173367241,0.9092213280114401,11.059536229217976,0.04033440917593545,0.04033440917593545,0.04033440917593545,0.7000000000000001
33.99619803099995,10.727216186337072,3.587815375570006,-0.22348695141014438,0.686799180348215,0.15994617788940824,1.0401048641535946,11.040004358323824,0.04778397422293956,0.04778397422293956,0.04778397422293956,0.7000000000000001
33.99821362699913,10.720545731897701,3.6105393709477545,-0.20011363318112546,0.6817198613324482,0.13741022041348122,1.0159678245585144,11.020412670977072,0.05445442866231076,0.05445442866231076,0.05445442866231076,0.7000000000000001
34.10514558799878,10.714561267015455,3.633037352973557,-0.17953394646739512,0.6749394607740783,0.24867629790945464,0.8989092496325212,11.000840989171635,0.060438893544557004,0.060438893544557004,0.043460948327214956,0.7000000000000001
34.2119957369996,10.714561267015455,3.633037352973557,-0.17953394646739512,0.6749394607740783,0.27222260539747756,0.6969098718515426,11.000840989171635,0.060438893544557004,0.060438893544557004,0.0,0.7000000000000001
34.21417159399971,10.714561267015455,3.633037352973557,-0.17953394646739512,0.6749394607740783,0.27569067835501954,0.6625543581647418,11.000840989171635,0.060438893544557004,0.060438893544557004,0.0,0.7000000000000001
34.22048334799911,10.704185092344453,3.6776648782713695,-0.14785422051871788,0.6701612737982019,0.2787501511693062,0.6284701273665111,10.961597888842382,0.07081506821555905,0.07081506821555905,0.04257588961652287,0.7000000000000001
34.22228409099989,10.704185092344453,3.6776648782713695,-0.14785422051871788,0.6701612737982019,0.24124347692738907,0.6129599156429716,10.961597888842382,0.07081506821555905,0.07081506821555905,0.04257588961652287,0.7000000000000001
34.33988634799971,10.699676372904714,3.700132163283134,-0.13526158319216036,0.6740185503529363,0.2867812571808039,0.5269877289731962,10.94163844175818,0.07532378765529835,0.07532378765529835,0.06360248755728146,0.65
34.34204123499876,10.699676372904714,3.700132163283134,-0.13526158319216036,0.6740185503529363,0.2726050439795228,0.5027852910643675,10.94163844175818,0.07532378765529835,0.07532378765529835,0.06360248755728146,0.65
34.4293847659992,10.69546355294465,3.72295617024475,-0.12638459880191807,0.6847202088484655,0.29172146588397285,0.45940524083043033,10.921259408327858,0.07953660761536163,0.07953660761536163,0.011303824780874133,0.65
34.43632899499971,10.691566240128125,3.7463659757628482,-0.11691938449572606,0.7022941655429591,0.2800831482166257,0.4328938718393091,10.900236612261017,0.08343392043188658,0.08343392043188658,0.02249647423049107,0.65
34.43791118899935,10.688223928233251,3.7705484482964366,-0.10026935684622397,0.7254741760076551,0.2698613188937651,0.4107996843053816,10.878317210068445,0.0867762323267609,0.0867762323267609,0.03341095631789653,0.65
34.53686882199872,10.685525228336964,3.795390173336781,-0.08096099688859654,0.7452517512103398,0.3441799642407693,0.3899182226634242,10.855580207712876,0.08947493222304814,0.08947493222304814,0.01614023363100359,0.65
34.55603466100001,10.681896725068748,3.846438427942278,-0.04657210533087133,0.7701853243528677,0.33172298268157774,0.22046757648736232,10.80828177418014,0.09310343549126365,0.09310343549126365,0.047718696865037914,0.65
34.6518822729995,10.680826005736748,3.8720974549561715,-0.03212157996001169,0.7697708104168084,0.3156560660095673,0.19056411894782627,10.784282139946086,0.09417415482326419,0.09417415482326419,0.06418283372884634,0.65
34.680882019998535,10.68023165923515,3.8974056659338085,-0.01783039504796677,0.759246329329117,0.3023548108417034,0.021045060480242843,10.760471488276762,0.0947685013248627,0.0947685013248627,0.08285460741873367,0.65
34.777447561999,10.680142617025297,3.946139417055341,0.0033030397870828492,0.7201448783816206,0.28797309697145484,0.023485497510208578,10.714303955822976,0.0948575435347152,0.0948575435347152,0.047981253554034396,0.65
34.79084467999928,10.68050823242212,3.9693775552004467,0.01096846190468955,0.6971441443531764,0.2620496687445154,0.15444538461843396,10.69216699587176,0.09449192813789153,0.09449192813789153,0.06284022451961813,0.65
34.89098647899846,10.68050823242212,3.9693775552004467,0.01096846190468955,0.6971441443531764,0.2620496687445154,0.15444538461843396,10.69216699587176,0.09449192813789153,0.09449192813789153,0.0193449094363991,0.65
34.89307794999877,10.681105369067753,3.9918482199802585,0.01791409936896688,0.6741199433943544,0.26583133602846604,0.12096227958548476,10.67068755541711,0.09389479149225899,0.09389479149225899,0.03791912213117505,0.65
34.8999892869997,10.681928683070671,4.013589459339967,0.024699420087528904,0.6522371807912405,0.26893624285801687,0.09624479566968168,10.649830473878579,0.09307147748934064,0.09307147748934064,0.05575752694713305,0.65
34.901698197998485,10.683252494442836,4.034314819881274,0.039714341164956854,0.6217608162392374,0.26602301055477895,0.06058634183315071,10.62977806268752,0.09174766611717544,0.09174766611717544,0.07146192676280791,0.65
35.01318195800013,10.68513856780651,4.054111172681448,0.05658220091017134,0.5938905840052021,0.23688026860427508,0.06610363996147416,10.610426991027566,0.08986159275350225,0.08986159275350225,0.012861013471916868,0.65
35.015275388999726,10.687541065828478,4.072553243462026,0.07207494065905433,0.5532621234173544,0.23770104642345521,0.108595377152942,10.59219356094907,0.08745909473153368,0.08745909473153368,0.024391712285485496,0.65
35.01896565300012,10.690497933356546,4.0896380500639795,0.08870602584204394,0.5125441980586034,0.21303952418279976,0.23071437914213358,10.57506740929687,0.08450222720346545,0.08450222720346545,0.03456347768393756,0.65
35.11760043100003,10.697876893259698,4.120225528701482,0.11788140012239509,0.4389975725440117,0.19890653344154705,0.2631171978351915,10.543734638703588,0.07712326730031371,0.07712326730031371,0.021301715719906748,0.65
35.13178721599979,10.697876893259698,4.120225528701482,0.11788140012239509,0.4389975725440117,0.1690055517417271,0.42894977833868586,10.543734638703588,0.07712326730031371,0.07712326730031371,0.021301715719906748,0.65
35.222564717998466,10.70218126132087,4.133690867815727,0.12913104183517385,0.40396017342734497,0.1690055517417271,0.42894977833868586,10.529600652407414,0.07281889923914164,0.07281889923914164,0.02240197253391658,0.7000000000000001
35.22458522299894,10.706831183709923,4.146259755334884,0.13949767167160287,0.377066625574712,0.1441675093578424,0.4511950361231539,10.516203662639354,0.06816897685008882,0.06816897685008882,0.02788027991080951,0.7000000000000001
35.22623591499905,10.711737796841744,4.1581894269331015,0.1471983939546176,0.3578901479465085,0.10090119195510032,0.47654438442728175,10.503328911735347,0.06326236371826788,0.06326236371826788,0.03284633217706799,0.7000000000000001
35.24360686699947,10.71681216582166,4.1697108216649195,0.15223106939747919,0.34564184195454023,0.04310381552992343,0.542281879969433,10.490786580933344,0.058187994738352344,0.058187994738352344,0.03740506780472254,0.7000000000000001
35.334905021998566,10.721996140825594,4.1809312748925995,0.15551925011803383,0.33661359683040715,0.002914474476057888,0.555536272190027,10.478493901606324,0.05300401973441815,0.05300401973441815,0.02605678600406342,0.7000000000000001
35.336897904999205,10.727235400929535,4.191930702258594,0.15717780311824528,0.3299828209798107,0.00029584749680058864,0.5213669671366742,10.466392800272155,0.04776475963047666,0.04776475963047666,0.034156855972723395,0.7000000000000001
35.44165783899916,10.727235400929535,4.191930702258594,0.15717780311824528,0.3299828209798107,-0.014388517915387672,0.3886209232551754,10.466392800272155,0.04776475963047666,0.04776475963047666,0.005108383297864788,0.7000000000000001
35.44361467499948,10.732480748065349,4.202769147427413,0.15736041407441845,0.3251533550645951,-0.019771048599413588,0.4217121857876499,10.454442331433333,0.042519412494662845,0.042519412494662845,0.010089088912966625,0.7000000000000001
35.45158134899975,10.732480748065349,4.202769147427413,0.15736041407441845,0.3251533550645951,-0.028853576622692917,0.43605113261842576,10.454442331433333,0.042519412494662845,0.042519412494662845,0.010089088912966625,0.7000000000000001
35.54764572299973,10.737685924013153,4.213764728270341,0.15615527843410165,0.3298674252878428,-0.0020747827379534456,0.47873080894466663,10.442356237630035,0.03731423654685884,0.03731423654685884,0.0010922790761234993,0.7000000000000001
35.54934328299896,10.742766623980875,4.225050036018123,0.15242099903166026,0.3385592324334498,-0.004645070689689251,0.512857447948865,10.43003608489455,0.03223353657913641,0.03223353657913641,0.002438804414312167,0.7000000000000001
35.5515951010002,10.747567763592597,4.236731716102101,0.14403418835164372,0.3504504025193366,-0.024542047859701127,0.5457610704264206,10.417430736023626,0.02743239696741462,0.02743239696741462,0.0042273241026145455,0.7000000000000001
35.69474405099936,10.747567763592597,4.236731716102101,0.14403418835164372,0.3504504025193366,-0.016123669557759124,0.6475871493625588,10.417430736023626,0.02743239696741462,0.02743239696741462,0.0035125211195714914,0.7000000000000001
35.79477917299846,10.751939562898283,4.24890435857328,0.13115397917058372,0.3651792741353668,-0.020244560976800274,0.6818655862778418,10.404498739825108,0.023060597661729076,0.023060597661729076,0.013227531194558134,0.75
35.88381793499866,10.755784247832224,4.261560818554718,0.11534054801826178,0.3796937994431368,-0.04857170791080895,0.7138612364791161,10.391278291146127,0.019215912727787554,0.019215912727787554,0.013437549291015554,0.75
35.88591823999923,10.759074009732208,4.274589448474624,0.0986928569994845,0.3908588975972054,-0.0433338770837674,0.8638600669344849,10.377884128206144,0.01592615082780391,0.01592615082780391,0.0,0.75
35.88777914599996,10.76177664237123,4.2878604944413885,0.0810789791706374,0.39813137900293166,-0.04260958006442317,0.8971542105378972,10.364449665175778,0.013223518188782535,0.013223518188782535,0.0014208473713783454,0.75
35.890020984999865,10.765415953562067,4.314876352344346,0.04598455851428745,0.4079049278378971,-0.07245208556011945,0.9293334126340341,10.33770262498725,0.009584206997944378,0.009584206997944378,0.006089180983889402,0.75
35.89688867099903,10.765415953562067,4.314876352344346,0.04598455851428745,0.4079049278378971,-0.10014485823964475,0.9632976047189697,10.33770262498725,0.009584206997944378,0.009584206997944378,0.006089180983889402,0.75
35.988270041998476,10.766391672188067,4.328615635051249,0.029271558779977815,0.412178481207111,0.010501795028464433,0.955376538754626,10.324383608275216,0.00860848837194439,0.00860848837194439,0.0011992923783442002,0.75
35.99009296700024,10.766871576187675,4.342833427744927,0.014397119988264059,0.426533780810336,-0.024131990544635662,0.9895530160974719,10.310773230381777,0.008128584372336434,0.008128584372336434,0.002963544699842051,0.75
36.01135169199915,10.7668332073232,4.3576212270111485,-0.001151065934257848,0.44363397798665083,0.0245037723034483,1.0054182765348507,10.29679294849552,0.00816695323681138,0.00816695323681138,0.005329338627793641,0.75
36.102835374998904,10.76621510922724,4.373114008815315,-0.018542942878844997,0.4647834541249983,0.036696232856357536,1.011620227301523,10.282335959471933,0.008785051332772298,0.008785051332772298,0.00829339965417324,0.75
36.11148313499871,10.76621510922724,4.373114008815315,-0.018542942878844997,0.4647834541249983,-0.000267682297194205,1.0081038761438303,10.282335959471933,0.008785051332772298,0.008785051332772298,0.00829339965417324,0.75
36.208973539,10.763181471825904,4.406005928149883,-0.05462335143539921,0.5022709631759741,0.04728070814720453,1.0369860203642685,10.252213368586862,0.011818688734107852,0.011818688734107852,0.008481990670560206,0.75
36.211322539998946,10.760973244265985,4.423743949620577,-0.06624682679756733,0.5321406441208166,-0.017739742546580506,1.0341113929675558,10.236162895734514,0.014026916294026748,0.014026916294026748,0.013620387241988578,0.75
36.21290141799909,10.758574180924215,4.442621053740922,-0.07197190025307357,0.5663131236103416,0.039954267990121695,1.058513803089725,10.219104394027609,0.016425979635796395,0.016425979635796395,0.016425979635796395,0.75
36.2358799499998,10.758574180924215,4.442621053740922,-0.07197190025307357,0.5663131236103416,0.11989403102592344,1.1255079321581347,10.219104394027609,0.016425979635796395,0.016425979635796395,0.016425979635796395,0.75
36.32928942499893,10.75591770170441,4.462601481777904,-0.07969437659413454,0.5994128411094647,0.1211104132421853,1.1279502469750662,10.201094873434094,0.01908245885560156,0.01908245885560156,0.015132985071150653,0.75
36.33115440899928,10.753110260885713,4.483753537335153,-0.0842232245609361,0.6345616667174715,0.08585171395488789,1.0943886191428929,10.182036483754255,0.02188989967429933,0.02188989967429933,0.02188989967429933,0.75
36.437463985999784,10.750080271906322,4.506024959049751,-0.09089966938173501,0.6681426514379096,0.14397818255706213,0.9590769414983518,10.162003703554115,0.02491988865368988,0.02491988865368988,0.013116881448705068,0.75
36.4391513369992,10.746863359542086,4.529353871305525,-0.09650737092709326,0.6998673676732159,0.1131644178706569,0.9303836551816861,10.141044948636994,0.028136801017925706,0.028136801017925706,0.026894607844083554,0.7000000000000001
36.55121418199997,10.740015409494278,4.578992469772141,-0.10551985033840741,0.7586272750364534,0.14944630549591018,0.7562471931443032,10.096488540036654,0.03498475106573373,0.03498475106573373,0.03187634317960464,0.7000000000000001
36.55867853499876,10.736515831232895,4.605266278094996,-0.10498734784149469,0.7882142496856768,0.1551959206957955,0.7227040021146485,10.072884105529408,0.038484329327117095,0.038484329327117095,0.038484329327117095,0.7000000000000001
36.66192820699871,10.73333488819858,4.6324652233764745,-0.09542829102941605,0.8159683584443436,0.21193257988435163,0.5987019054390191,10.048315715660845,0.04166527236143125,0.04166527236143125,0.01592693160138685,0.7000000000000001
36.66470668399961,10.730506874403533,4.6604582332402495,-0.08484041385146104,0.8397902959132392,0.19307539752329503,0.5735498011740904,10.0228954244691,0.04449328615647907,0.04449328615647907,0.03192854090316817,0.7000000000000001
36.778670269999566,10.728008214331572,4.68884905928977,-0.07495980215884379,0.8517247814856184,0.23084732724530632,0.39730863317596005,9.997004082796323,0.04699194622843983,0.04699194622843983,0.04326076183255822,0.7000000000000001
36.78066080899953,10.725759049160787,4.717541771752609,-0.06747495512353943,0.8607813738851798,0.2299204563303911,0.36339752860412466,9.970758466592573,0.04924111139922438,0.04924111139922438,0.04924111139922438,0.7000000000000001
36.8006589029992,10.721716789670817,4.775126463768275,-0.05841803997083976,0.8625729062101211,0.32675767937415295,0.36335060698080157,9.917966722867485,0.053283370889195325,0.053283370889195325,0.053283370889195325,0.7000000000000001
36.88971942599892,10.719837023224454,4.803675309021848,-0.05639299339089124,0.8564653576071959,0.33896363178661343,0.35331835501944436,9.89177206114527,0.05516313733555833,0.05516313733555833,0.05516313733555833,0.7000000000000001
36.904931778999526,10.718232169762206,4.831892447274439,-0.04814560386738818,0.8465141475777123,0.3035864158096563,0.3558852722501888,9.865808191249199,0.05676799079780537,0.05676799079780537,0.05676799079780537,0.7000000000000001
37.00668735999898,10.716965400583675,4.8596739201204056,-0.03800307535592976,0.8334441853789947,0.3035864158096563,0.3558852722501888,9.84014985472025,0.058034759976337114,0.058034759976337114,0.022891419579466166,0.7000000000000001
37.008633925999675,10.715719754960071,4.913014516857302,-0.012519312461316694,0.7885676473365344,0.3001421263187914,0.3991318542745938,9.79050841603449,0.05928040559994052,0.05928040559994052,0.05928040559994052,0.7000000000000001
37.04227932699905,10.715654429983974,4.93849891648311,-0.0019597492828855034,0.764531988774226,0.2445034362754366,0.2951869029234009,9.766621577626944,0.059345730576037425,0.059345730576037425,0.059345730576037425,0.7000000000000001
37.15063382399967,10.715921848344122,4.963019059184128,0.008022550804439907,0.735604281030542,0.22047156052615055,0.3337662317676048,9.743531477310839,0.059078312215889994,0.059078312215889994,0.03441513551812152,0.7000000000000001
37.15255520400024,10.71660857539202,4.986431900922727,0.020601811436916577,0.7023852521579679,0.19719051630753798,0.3087703860280966,9.721340495457905,0.05839158516799259,0.05839158516799259,0.050100879992928365,0.7000000000000001
37.23741096999947,10.7193840984655,5.030273059227603,0.04833493515252255,0.64373146602801,0.11775317813049285,0.24472465802110585,9.6792825485095,0.05561606209451142,0.05561606209451142,0.04389599148963694,0.7000000000000001
37.25594765099959,10.721511185120729,5.050751105837081,0.0638125996568546,0.614341398284364,0.25947778978357355,0.27793612302825815,9.659352577723475,0.05348897543928288,0.05348897543928288,0.05348897543928288,0.7000000000000001
37.344393797999146,10.721511185120729,5.050751105837081,0.0638125996568546,0.614341398284364,0.28700479852274613,0.29975962221430624,9.659352577723475,0.05348897543928288,0.05348897543928288,0.01462480855491506,0.7000000000000001
37.34664190900003,10.724135320921604,5.07044462782789,0.07872407402623978,0.590805659724277,0.256863073968944,0.28723858888399956,9.639986128131682,0.05086483963840749,0.05086483963840749,0.028326766418219095,0.7000000000000001
37.456670112998836,10.727208733088696,5.089390532345386,0.0922023650127653,0.5683771355248748,0.22668444234189825,0.3179521611983571,9.62116437385518,0.04779142747131537,0.04779142747131537,0.010671926202713488,0.7000000000000001
37.45835290499963,10.730605659996685,5.107545124617574,0.10190780723967977,0.5446377681656226,0.1891312886806295,0.34701243616970595,9.602971566355672,0.04439450056332639,0.04439450056332639,0.020567606438123165,0.7000000000000001
37.565318060998834,10.734256172815265,5.124980195604438,0.10951538455738609,0.5230521296059265,0.16914344652877789,0.3714857051745442,9.585364468789107,0.0407439877447473,0.0407439877447473,0.006535686484545974,0.7000000000000001
37.572851061999245,10.73806582561933,5.1418631049280386,0.11428958412194543,0.5064872797079985,0.2005972736445484,0.3872850045153418,9.568219166789511,0.03693433494068188,0.03693433494068188,0.012634884737471314,0.7000000000000001
37.57504228699872,10.741853402721164,5.158068800184608,0.11362731305499628,0.48617085769706553,0.262130596463165,0.41434096241843604,9.551716188782379,0.03314675783884802,0.03314675783884802,0.01838022028362103,0.7000000000000001
37.67460934299925,10.745539714110672,5.173566551175541,0.11058934168526187,0.46493252972800797,0.32699647931141584,0.43329278571906993,9.535912013326298,0.029460446449339983,0.029460446449339983,0.0035744126929854784,0.7000000000000001
37.67626674799976,10.745539714110672,5.173566551175541,0.11058934168526187,0.46493252972800797,0.3456278610234143,0.45213676707078493,9.535912013326298,0.029460446449339983,0.029460446449339983,0.0035744126929854784,0.7000000000000001
37.68004742099947,10.749093095098868,5.188401660352041,0.10660142964589964,0.445053275295009,0.4615745360765602,0.45614413041497015,9.520775286316255,0.025907065461144185,0.025907065461144185,0.006973871113307574,0.7000000000000001
37.79190507199928,10.755978304792581,5.216423210764727,0.10460815071802237,0.4139136153194124,0.5291136188040764,0.46668100994566925,9.492123980872647,0.01902185576743065,0.01902185576743065,0.010570227426096984,0.75
37.90557020799861,10.763040367922125,5.24344616806337,0.1060564829037487,0.4036091687854759,0.6549552048682588,0.45530994575859374,9.464346008262204,0.011959792637886935,0.011959792637886935,0.0016294290243204846,0.75
37.90755612799876,10.763040367922125,5.24344616806337,0.1060564829037487,0.4036091687854759,0.6212299616026035,0.4962305047837134,9.464346008262204,0.011959792637886935,0.011959792637886935,0.0016294290243204846,0.75
38.02805265200004,10.77046837060326,5.270407780934988,0.11392432968098204,0.40519827355494875,0.6696209989753336,0.4795250065431449,9.43649721168436,0.004531789956752519,0.004531789956752519,0.0026099949534025245,0.75
38.03024719299901,10.774410764539024,5.283998532647936,0.11827181807294328,0.40772255138843805,0.6231351738501011,0.5209956085601207,9.422389592633476,0.006779633798172685,0.006779633798172685,0.006779633798172685,0.75
38.03795259599974,10.774410764539024,5.283998532647936,0.11827181807294328,0.40772255138843805,0.6708120092838377,0.5146754521263238,9.422389592633476,0.006779633798172685,0.006779633798172685,0.006779633798172685,0.75
38.238465683998584,10.794522149730478,5.340306554994386,0.18483355357989478,0.4337308986521589,0.9167295605917654,0.6517002435994488,9.362607172636087,0.032374521386619136,0.032374521386619136,0.03108167744019151,0.75
38.24103439600003,10.801523108050613,5.355074830475717,0.21002874960408033,0.44304826443992823,0.8436827823999562,0.7937445382496446,9.346318314036997,0.03786684402292766,0.03786684402292766,0.03786684402292766,0.8
38.25542190899978,10.801523108050613,5.355074830475717,0.21002874960408033,0.44304826443992823,0.9841572884975588,0.6343493112956652,9.346318314036997,0.03786684402292766,0.03786684402292766,0.03786684402292766,0.8
38.35161712899935,10.80931098305937,5.370218311153669,0.2336362502627174,0.4543044203385801,0.9805026437772764,0.6255664775940799,9.329400974399716,0.043068042671349206,0.043068042671349206,0.005601093694742415,0.8
38.37255909099986,10.81781503534928,5.385821193390719,0.2551215686972977,0.46808646711150564,0.8176183281020766,0.6623646125065177,9.311801673990784,0.04808767346546232,0.04808767346546232,0.011041257620552698,0.8
38.47832284499964,10.826919024549051,5.4019280642242835,0.27311967599313136,0.48320612500691773,0.8176183281020766,0.6623646125065177,9.293520025899124,0.05303945855656442,0.05303945855656442,0.013075320970715435,0.8
38.48005793599987,10.83675876660078,5.418553683158188,0.2951922615519093,0.49876856801713493,0.7797247449546458,0.6699139256757054,9.274494784060375,0.05783779811624654,0.05783779811624654,0.01954155732330925,0.8
38.49124092499915,10.847227191091676,5.435702801436301,0.31405273472685286,0.5144735483433966,0.8021921296070096,0.6120754476612801,9.254759688474472,0.06256176199621932,0.06256176199621932,0.026007184628007846,0.8
38.59112972499861,10.884487779955421,5.491420999149682,0.40605259884697503,0.5796464944838506,0.7211531901486672,0.649402219912913,9.189513112844285,0.07561326237828592,0.07561326237828592,0.0049025832059599525,0.8062257748298549
38.603550472998904,10.884487779955421,5.491420999149682,0.40605259884697503,0.5796464944838506,0.6980916138145525,0.6257383542097807,9.189513112844285,0.07561326237828592,0.07561326237828592,0.0049025832059599525,0.8062257748298549
38.687374466999245,10.89922088754254,5.511414050539579,0.44199322761359994,0.5997915416969268,0.6980916138145525,0.6257383542097807,9.165631213288744,0.07933260430988966,0.07933260430988966,0.005990975258711009,0.8321658488546619
38.71570362700004,10.914777987566989,5.532147534370821,0.4667130007334489,0.6220045149372521,0.6029404818423127,0.5142795341276695,9.140773224474822,0.0829928604016979,0.0829928604016979,0.012026188367110474,0.7905694150420949
38.80854806499883,10.930997110073264,5.553553759860198,0.4865736751882465,0.642186764681311,0.5854188700789084,0.4873767666336834,9.115060211099197,0.08666069609576252,0.08666069609576252,0.013615374386071837,0.8200609733428363
38.810492717999296,10.947721336258706,5.575407436632692,0.501726785563262,0.655610303174812,0.5398811361751864,0.4893296774822371,9.088758944173609,0.09028776538962788,0.09028776538962788,0.01577825336886044,0.8200609733428363
38.91810946899932,10.982184782635532,5.62021803126566,0.5209974187740999,0.6776290086880161,0.4387042580147089,0.39885023843743783,9.034792414156591,0.09760430408748964,0.09760430408748964,0.008461714670999307,0.8139410298049854
39.025117193999904,11.017429284180702,5.66642525005553,0.5294855948941379,0.6988164092658757,0.293289452328511,0.2614276182209339,8.979277547827976,0.10535611579144724,0.10535611579144724,0.0006848048916092169,0.8139410298049854
39.0270002519992,11.035032792252169,5.690106219875003,0.5281052421439939,0.7104290945841858,0.293289452328511,0.2614276182209339,8.950996446069825,0.10965353020586378,0.10965353020586378,0.0035875114473748275,0.8139410298049854
39.03244585399989,11.052638412755092,5.713956876861875,0.5281686150876955,0.7155197096061603,0.30954108048729634,0.12614546163244858,8.922563079437882,0.11406943785242216,0.11406943785242216,0.008003419093931952,0.8200609733428363
39.136021739999705,11.07017148793628,5.737968871491287,0.5259922554356368,0.7203598388823415,0.31400280364743444,0.09298785735978243,8.894010647995815,0.11865072572902259,0.11865072572902259,0.00704839527626781,0.8200609733428363
39.144751153999096,11.087469676880874,5.76188398842483,0.5189456683378066,0.7174535080063014,0.33732186357372085,0.08230449944585322,8.865636895914385,0.12332960038063147,0.12332960038063147,0.014174195579323656,0.8500000000000001
39.14681985899915,11.087469676880874,5.76188398842483,0.5189456683378066,0.7174535080063014,0.36447145791835683,0.07326143525967993,8.865636895914385,0.12332960038063147,0.12332960038063147,0.014174195579323656,0.8500000000000001
39.24845123199884,11.104475197180623,5.7856958927636,0.5101656089924592,0.7143571301631135,0.44842109411463155,-0.058573359721046984,8.837466923950219,0.12814244068998382,0.12814244068998382,0.0024464947075201714,0.8321658488546619
39.25028526799906,11.121139799490873,5.809420064721752,0.4999380693074913,0.7117251587445479,0.4302815850725599,-0.08613301249566681,8.80950190177717,0.13313431026027286,0.13313431026027286,0.004644801867524493,0.8
39.279699491999054,11.137267932593044,5.832737523267095,0.48384399306513254,0.6995237563602956,0.38898540784470115,-0.21678934602682265,8.78210738732096,0.13821793103329696,0.13821793103329696,0.007737436467831316,0.8
39.368400902998474,11.152662949199614,5.855358825675146,0.46185049819711405,0.6786390722415087,0.39651090252800997,-0.2473555026951837,8.7556212677567,0.14332768672631588,0.14332768672631588,0.004795860010572651,0.75
39.370446955999796,11.167246466299993,5.877159954443178,0.43750551301133095,0.6540338630409488,0.4065795579175108,-0.2682971930860125,8.730185662644455,0.14843130888048398,0.14843130888048398,0.0073627050740175445,0.75
39.38846788599949,11.181042629687573,5.897916139548925,0.4138849016273778,0.6226855531724252,0.44812773694094277,-0.40306529139758546,8.70600320374242,0.15335278743460623,0.15335278743460623,0.022916052004602783,0.75
39.47760719699909,11.181042629687573,5.897916139548925,0.4138849016273778,0.6226855531724252,0.44812773694094277,-0.40306529139758546,8.70600320374242,0.15335278743460623,0.15335278743460623,0.02125727254395033,0.75
39.479470256999775,11.194150733276949,5.917389996689357,0.3932431076812667,0.5842157142129559,0.4806620208041369,-0.40787160134708966,8.683263581580045,0.15785405493792085,0.15785405493792085,0.041207398903502605,0.7000000000000001
39.48738848099856,11.20677692168223,5.935518602211673,0.37878565215843,0.5438581656694815,0.5279731113964269,-0.39498747343142815,8.661956838713882,0.161744851394292,0.161744851394292,0.059795203371646136,0.7000000000000001
39.58435224999994,11.219098373115324,5.952278987066296,0.36964354299280877,0.5028115456387002,0.6490994996415721,-0.4326676389697644,8.642045584720565,0.16488365131789132,0.16488365131789132,0.06579775169105605,0.65
39.697493415998906,11.231343957103226,5.967629969211183,0.36736751963707615,0.4605294643466208,0.7212969057006978,-0.5861471012321352,8.623492900798393,0.16707949941297984,0.16707949941297984,0.019166332733460353,0.65
39.69916721200025,11.231343957103226,5.967629969211183,0.36736751963707615,0.4605294643466208,0.7694803329346638,-0.5430595723519193,8.623492900798393,0.16707949941297984,0.16707949941297984,0.019166332733460353,0.65
39.82525397899917,11.243636125027306,5.981516981025392,0.3687650377223885,0.4166103544262606,0.8210821777045032,-0.48504049701679663,8.60631054027381,0.1682072243426235,0.1682072243426235,0.018545794385837533,0.65
39.915389725998466,11.255985325828773,5.99381770973787,0.37047602404399477,0.36902186137435233,0.6513040321244232,-0.47130912172732664,8.590611782047928,0.16817294939980182,0.16817294939980182,0.017430166014497265,0.65
39.91711926700009,11.268468151787872,6.004354035220456,0.3744847787729719,0.3160897644775693,0.6331944691246026,-0.4487664400515987,8.576541039048953,0.16757539967837837,0.16757539967837837,0.03373663583325611,0.6000000000000001
39.940492373998495,11.294163658095465,6.020203773646048,0.3901367019782299,0.2122636131149914,0.4817039979350698,-0.4661812057893807,8.55311783134991,0.16618860380212178,0.16618860380212178,0.06363724947880443,0.6000000000000001
40.03304862599907,11.294163658095465,6.020203773646048,0.3901367019782299,0.2122636131149914,0.4487544110958751,-0.4630875418850689,8.55311783134991,0.16618860380212178,0.16618860380212178,0.02590763158128818,0.6000000000000001
40.03503953499967,11.30783716507145,6.02553209306503,0.41020520927953735,0.1598495825694544,0.4511257639171564,-0.4341896766505405,8.543606104969905,0.16483553576231924,0.16483553576231924,0.036937560650373014,0.6000000000000001
40.10481365799933,11.322427019846877,6.029196506607364,0.4376956432627672,0.10993240627002163,0.4938525271997467,-0.39492981574122554,8.535384038755108,0.16291246642411794,0.16291246642411794,0.04691306408951188,0.6000000000000001
40.14746473999912,11.322427019846877,6.029196506607364,0.4376956432627672,0.10993240627002163,0.4938525271997467,-0.39492981574122554,8.535384038755108,0.16291246642411794,0.16291246642411794,0.011699834582826248,0.6000000000000001
40.14916072699998,11.338207472940182,6.031201251941165,0.4734135927991173,0.06014236001403031,0.46079673426865986,-0.38925400136649724,8.528365095327432,0.16047587444573902,0.16047587444573902,0.022789256727110997,0.6000000000000001
40.151635483000064,11.355295778499787,6.031744244009379,0.5126491667881719,0.01628976204641841,0.44196867712807025,-0.3741768693816434,8.522332556735677,0.15797782632590993,0.15797782632590993,0.03349691268115466,0.6000000000000001
40.25461042399911,11.393296429952297,6.029329763290432,0.5886875441232657,-0.05156108016393761,0.41462019172477327,-0.3159258270403266,8.512459238423327,0.15432967574611034,0.15432967574611034,0.022118290410840537,0.6000000000000001
40.369350414999644,11.434103681042773,6.022848015135223,0.6156545551176007,-0.1129020306064166,0.31355062443354187,-0.24586932173424522,8.50572673967573,0.1478479275909006,0.1478479275909006,0.03197837090183733,0.6000000000000001
40.37140930199894,11.454681484267878,6.018267176811388,0.6173340967531794,-0.13742514971505204,0.3196696341835521,-0.2208011219993108,8.503653066481451,0.14326708926706555,0.14326708926706555,0.04744264276041602,0.6000000000000001
40.372915473999456,11.475114295118296,6.012976789728551,0.6129843255125488,-0.15871161248510507,0.2797118047780341,-0.226839697267031,8.502350814166718,0.13797670218422908,0.13797670218422908,0.06228962011849381,0.6000000000000001
40.477313956000216,11.515150768162808,6.00101314575971,0.5956159997778829,-0.18432465933989212,0.18852387885557698,-0.16608307737390765,8.5014724381419,0.12601305821538755,0.12601305821538755,0.016993540752914198,0.6000000000000001
40.59163686099964,11.553648290732053,5.9882102723313455,0.5697105631064519,-0.19416088496529577,0.3504541010204142,-0.11453022967966843,8.50206090387516,0.1132101847870235,0.1132101847870235,0.0036040521346794524,0.65
40.60131815800014,11.553648290732053,5.9882102723313455,0.5697105631064519,-0.19416088496529577,0.38923618436106366,-0.08201450908348477,8.50206090387516,0.1132101847870235,0.1132101847870235,0.0036040521346794524,0.65
40.70308617799856,11.589934078724477,5.97531452886956,0.5354476414867432,-0.19219822792051253,0.5137656931809214,-0.06403986057575323,8.503584240421612,0.1003144413252377,0.1003144413252377,0.014408745723557097,0.65
40.704874248000124,11.607206523250953,5.969034453603,0.5181733357943138,-0.1884022579967845,0.5484585420802515,-0.01867402115702166,8.504505866563775,0.09403436605867821,0.09403436605867821,0.021161513662520864,0.65
40.71676340999875,11.623832998679429,5.962863703188328,0.4987942628542513,-0.1851225124401781,0.5504978204751565,0.02110532651700389,8.505550548395965,0.08786361564400558,0.08786361564400558,0.027567764711147715,0.65
40.82509617799951,11.639861768136711,5.956813283313207,0.4808630837184657,-0.1815125962536248,0.5538269767337625,0.04046422279144102,8.506689721783653,0.08181319576888502,0.08181319576888502,0.007538841553338698,0.65
40.83217870599947,11.669786136882625,5.945112890356978,0.4387424271039531,-0.17344859596611298,0.5864139611049243,0.048041962840696895,8.509296280628014,0.0701128028126563,0.0701128028126563,0.014026870902247529,0.7000000000000001
40.839268713998536,11.669786136882625,5.945112890356978,0.4387424271039531,-0.17344859596611298,0.626071354387537,0.06822319535171639,8.509296280628014,0.0701128028126563,0.0701128028126563,0.014026870902247529,0.7000000000000001
40.931826183999874,11.68393276452382,5.939619069088297,0.42439882923588046,-0.1648146380604267,0.6314916668616334,0.07804930531236948,8.510534520459268,0.06461898154397527,0.06461898154397527,0.00032005967500488085,0.7000000000000001
40.93382599999859,11.697815865837201,5.934518347362519,0.4164930394013941,-0.15302165177334096,0.6593234644805108,0.10349526060299444,8.511496885623751,0.05951825981819692,0.05951825981819692,0.0003609589650315833,0.7000000000000001
40.95252793599866,11.711563531855127,5.929872405606222,0.41242998053779123,-0.13937825268890913,0.65638399910643,0.12251395110278024,8.512086328923068,0.04830172948438096,0.04830172948438096,2.090126899746478e-05,0.70178344238091
41.0443044120002,11.739212044175083,5.922112697339003,0.4156967193463894,-0.10860240251290582,0.6458414194552183,0.15416810902040315,8.511824746045464,0.023264336597440035,0.023264336597440035,0.0028873909503772666,0.70178344238091
41.04594845199972,11.739212044175083,5.922112697339003,0.4156967193463894,-0.10860240251290582,0.6182014604933178,0.18719338772695482,8.511824746045464,0.023264336597440035,0.023264336597440035,0.0028873909503772666,0.70178344238091
41.175327191998804,11.753361024347514,5.919159354025159,0.4244694051729149,-0.08860029941531627,0.5453223017816962,0.19377299039350382,8.510750152418138,0.011171167686249305,0.011171167686249305,0.004081622151681643,0.7071067811865476
41.17705423799998,11.767822175198448,5.916959040454509,0.43383452552801066,-0.06600940711949305,0.517930576795292,0.21499907509864108,8.508890218594624,0.0006102667907510641,0.0006102667907510641,0.007437757898029232,0.7071067811865476
41.26054670099984,11.79763712731389,5.914786235203305,0.45244564018451394,-0.02158707786311838,0.47819155320043266,0.23410006745946582,8.50285829429967,0.01021385308607492,0.01021385308607492,0.0063037069990744595,0.7071067811865476
41.268535666999014,11.813042619601934,5.914781911213745,0.46216476864135336,-0.0001297196867962383,0.4570105833703836,0.2596456399565668,8.498703973003819,0.010218177075635104,0.010218177075635104,0.008453380498996825,0.7158910531638177
41.270135764998486,11.813042619601934,5.914781911213745,0.46216476864135336,-0.0001297196867962383,0.43713837702823155,0.28777126666657554,8.498703973003819,0.010218177075635104,0.010218177075635104,0.008453380498996825,0.7158910531638177
41.271893627999816,11.828902326558449,5.9154891496883995,0.47579120869547714,0.021217154239642582,0.42034597006340446,0.3179570877460262,8.49376845111638,0.009510938600980623,0.009510938600980623,0.009510938600980623,0.7158910531638177
41.37432151899884,11.845201953084127,5.91690666419182,0.48898879577033283,0.042525435102598146,0.402999120206897,0.3617745958747405,8.488058127447285,0.008093424097560309,0.008093424097560309,0.0019053049898576627,0.7158910531638177
41.37672681499862,11.86189032687448,5.91904166952397,0.5006512137105834,0.0640501599645033,0.3607037032671148,0.3596220448246079,8.481580873511918,0.005958418765410478,0.005958418765410478,0.0031864715292026025,0.7280109889280518
41.38468307999938,11.878908286466139,5.921921796675498,0.51053878774974,0.08640381454586392,0.34180675135258753,0.3886797194917253,8.474326610393305,0.003078291613881845,0.003078291613881845,0.003078291613881845,0.7280109889280518
41.41179138899861,11.896038070296536,5.925537689297571,0.5138935149119138,0.10847677866220021,0.31536527852606405,0.4680369958105735,8.466361807569807,0.0005376010081912241,0.0005376010081912241,0.0005376010081912241,0.7280109889280518
41.495050614999855,11.91302431148169,5.9298975400138785,0.5095872355546641,0.13079552148920243,0.31536527852606405,0.4680369958105735,8.45774419504642,0.004897451724498403,0.004897451724498403,0.005684607943361901,0.7433034373659253
41.4973839459999,11.929704200202448,5.935053689309822,0.5003966616227228,0.1546844788782827,0.2735775572805091,0.454987696570148,8.448463299030898,0.010053601020441505,0.010053601020441505,0.010053601020441505,0.7433034373659253
41.51614667600006,11.94600165997571,5.9410380561666445,0.488923793197876,0.17953100570469666,0.2753196862464464,0.4170080523224263,8.438505131227233,0.016037967877264414,0.016037967877264414,0.016037967877264414,0.7433034373659253
41.60889174299882,11.96178788758278,5.9478285325574625,0.47358682821206116,0.20371429172454042,0.30107552003896443,0.4392834410806069,8.427920898553326,0.022828444268082393,0.022828444268082393,0.019423254101267072,0.7615773105863909
41.611419647999355,11.977011808265228,5.955505003476792,0.4567176204734343,0.230294127579883,0.26480636134421204,0.42281409446779367,8.416642894327692,0.020147795298877086,0.020147795298877086,0.020147795298877086,0.7158910531638177
41.717695813998944,11.99164015864373,5.964060510664211,0.4388505113550257,0.256665215622592,0.2553930207907851,0.3462857381281999,8.404682777760106,0.015853646697380507,0.015853646697380507,0.002420673181912118,0.7158910531638177
41.71977542999957,12.005566949345626,5.973338098191078,0.41780372105690755,0.2783276258060136,0.28227978679298277,0.36641563110801434,8.392215647252279,0.012566163605203838,0.012566163605203838,0.005774379337511459,0.73824115301167
41.72169285099881,12.01877763929563,5.983225026938504,0.3963206985001292,0.29660786242275605,0.29676312998850907,0.39723580928703445,8.379350958040444,0.010215909519815363,0.010215909519815363,0.009962142178072123,0.73824115301167
41.825295478000044,12.031478820401604,5.993710151313804,0.38103543317924415,0.31455373125900143,0.42398350504196824,0.4614400293089244,8.366045360943245,0.008648920778061578,0.008648920778061578,0.0008410125696308332,0.73824115301167
41.850565377999374,12.043686074971955,6.004753028992155,0.3662176371105403,0.33128633035054167,0.5658986524214288,0.556861983314764,8.352332038411543,0.007825581981871778,0.007825581981871778,0.0024243055528413156,0.6946221994724903
41.94971921099932,12.055250862451551,6.016006271729237,0.346943624387898,0.3375972821124644,0.5949316248758126,0.5716821217465893,8.338582231664214,0.0076052865817976285,0.0076052865817976285,0.0031706472656936172,0.7211102550927979
41.9520548269993,12.066370987423367,6.027485757530551,0.333603749154469,0.34438457403940625,0.6265109246647721,0.5817199898151586,8.324730215188088,0.007859393061227427,0.007859393061227427,0.006772720295253016,0.7211102550927979
41.97964625599889,12.077138415484844,6.0392217656907246,0.3230228418443405,0.35208024480520844,0.7063147050044357,0.5665284370324061,8.310722876670917,0.008544282617138053,0.008544282617138053,0.008544282617138053,0.7211102550927979
42.07269058299971,12.08766106420333,6.051227644941324,0.3156794615545398,0.3601763775179786,0.6937107380637284,0.5333986788122176,8.296520018422184,0.009593084984458612,0.009593084984458612,0.0050405217690979495,0.6800735254367722
42.074508207999315,12.08766106420333,6.051227644941324,0.3156794615545398,0.3601763775179786,0.6669808766888653,0.5471007995613079,8.296520018422184,0.009593084984458612,0.009593084984458612,0.0050405217690979495,0.6800735254367722
42.19112663600026,12.098100691806504,6.0635694652420735,0.31318882809525606,0.3702546090224784,0.6013671814088966,0.4553237871659042,8.282017663597149,0.010938138340037169,0.010938138340037169,0.0048042466494763805,0.6800735254367722
42.193650183999125,12.108530670325212,6.076299983952355,0.3128993555612671,0.3819155613084512,0.5805932473222079,0.42791412692880504,8.267146547543375,0.012564865909892047,0.012564865909892047,0.009941560757200386,0.7106335201775948
42.20357530000001,12.119245861697577,6.0896426598126165,0.3214557411709141,0.4002802758078463,0.5516126880693261,0.4133950629563763,8.25161873052167,0.014422778008746057,0.014422778008746057,0.014422778008746057,0.7106335201775948
42.295573086999866,12.130365951648734,6.103612305470385,0.33360269853475427,0.4190893697330676,0.5409286574727655,0.43811808725819174,8.23539157816125,0.016437718172259398,0.016437718172259398,0.005841987027861306,0.6726812023536856
42.29757300299934,12.142053255501246,6.118303063386153,0.35061911557532366,0.44072273747303725,0.5215558561855269,0.4114785829449372,8.218335685663135,0.018561480907370614,0.018561480907370614,0.01198918122302597,0.6726812023536856
42.314425462000145,12.154451191861384,6.133704939047686,0.37193809080415985,0.4620562698459761,0.47573647997004287,0.34677832202732994,8.200427864630164,0.02068558675765947,0.02068558675765947,0.01835633391273704,0.7071067811865476
42.4128990829995,12.16755864226369,6.14976127393732,0.3932235120692312,0.4816900466890305,0.4323432624634759,0.36382944728459754,8.181725087197472,0.022770762975584124,0.022770762975584124,0.007070439180855486,0.7071067811865476
42.42159340999933,12.181279170761336,6.166450836881584,0.41161585492937186,0.5006868883279324,0.3520231719432318,0.40692077057916515,8.162272474266663,0.024870187366364947,0.024870187366364947,0.009856334451881868,0.6726812023536856
42.53728380299981,12.195508995720964,6.183626413843485,0.42689474878883166,0.515267308857039,0.3199001047414594,0.39723305401879505,8.142239049608918,0.02695314858286626,0.02695314858286626,0.01976087217971852,0.6726812023536856
42.630453785999634,12.210096797007386,6.201203796426494,0.4376340385926903,0.5273214774902821,0.2512658840723828,0.20496785508649049,8.121743383182514,0.029067101790590296,0.029067101790590296,0.0016763536081318509,0.6800735254367722
42.63209703499888,12.224865382945529,6.2189371766745944,0.44305757814428887,0.5320014074430177,0.24218196108453632,0.2462878260021968,8.101066661698189,0.031163527951985355,0.031163527951985355,0.0034093742228852642,0.6800735254367722
42.73206278899852,12.254472164783909,6.254579562832616,0.44336192603479996,0.5353825799662912,0.1670953373586269,0.331566213716352,8.059565424170279,0.03543134469496312,0.03543134469496312,0.0016896862068288283,0.6946221994724903
42.73408589899918,12.254472164783909,6.254579562832616,0.44336192603479996,0.5353825799662912,0.11319009751672102,0.3490982482919434,8.059565424170279,0.03543134469496312,0.03543134469496312,0.0016896862068288283,0.6946221994724903
42.844360975999734,12.283632983144598,6.290085387947398,0.4347604215729057,0.5306558548711311,0.001490683709013757,0.40347131018663634,8.01835116389105,0.039917941997456644,0.039917941997456644,0.004521466834324605,0.6946221994724903
42.96565714999997,12.311652340067987,6.32487191026555,0.4121068712327415,0.5162832522775641,-0.12018208845438597,0.34516091490778156,7.978145408837945,0.04470305053750432,0.04470305053750432,0.008511282648409557,0.7158910531638177
42.967266505000225,12.324793015012617,6.341625902399594,0.39422024833889313,0.5026197640213272,-0.1336559860229677,0.3006204478902347,7.958877337782315,0.0472580516247162,0.0472580516247162,0.011902712038553214,0.7158910531638177
42.98839644999862,12.33734185274494,6.357923839403795,0.37646513196971304,0.48893811012603794,-0.17521191038226602,0.3481254488918273,7.940195653795737,0.03765833165692989,0.03765833165692989,0.014553725557040206,0.696419413859206
43.076000925999324,12.349303682947461,6.373807520528647,0.35885490607561954,0.47651043374555424,-0.17521191038226602,0.3481254488918273,7.92205704500927,0.025696501454408605,0.025696501454408605,0.01501036181613138,0.696419413859206
43.084421681000094,12.360691138653458,6.389323821642198,0.3416236711798797,0.4654890334065228,-0.20569058309043642,0.37090529683782886,7.9044115810509945,0.014309045748412075,0.014309045748412075,0.014309045748412075,0.7433034373659253
43.18729926599917,12.371175903956127,6.404589761863287,0.3145429590800812,0.45797820663265565,-0.22703337761946668,0.5415443500997528,7.887215699363195,0.0038242804457429003,0.0038242804457429003,0.0057384747448392705,0.7280109889280518
43.189431800999955,12.380565026261678,6.41965844668801,0.28167366916650877,0.4520605447416988,-0.24805304016480342,0.567817750909227,7.87045761086643,0.005564841859808212,0.005564841859808212,0.007369776921779304,0.7280109889280518
43.303676699999414,12.395839484495664,6.449044974742833,0.2115846528266255,0.43698218593036237,-0.23158590566536646,0.7463715768074031,7.838448562127068,0.020839300093793867,0.020839300093793867,0.018137933282057095,0.7280109889280518
43.305384038998454,12.401766740752734,6.4633497936409,0.177817687712089,0.429144566942013,-0.28154073443563965,0.763528647271287,7.8231977206956795,0.026766556350864334,0.026766556350864334,0.025466643117197332,0.7648529270389178
43.31365438299872,12.401766740752734,6.4633497936409,0.177817687712089,0.429144566942013,-0.2541303355800125,0.8060273509153869,7.8231977206956795,0.026766556350864334,0.026766556350864334,0.025466643117197332,0.7648529270389178
43.41964684699997,12.40643448597649,6.477311405620577,0.14003235671267725,0.4188483593903377,-0.21230704182708943,0.9140956183763944,7.808555920089953,0.03143430157462035,0.03143430157462035,0.0005556592198790226,0.7648529270389178
43.421706945999176,12.409894836940307,6.490907880237416,0.10381052891447598,0.4078942385051764,-0.2050685340074171,0.906304926648229,7.794532593378135,0.03489465253843704,0.03489465253843704,0.0021123801982061052,0.7648529270389178
43.441565724999236,12.413297255178303,6.517042022094683,0.034161000647648314,0.386654174132588,-0.041936885633177504,0.9045279554638688,7.768282811797401,0.03829707077643363,0.03829707077643363,0.008144691784736742,0.7566372975210779
43.52131118299985,12.413319490999601,6.529868444610419,0.0006670746389185467,0.38479267547207974,-0.008661482069155967,0.8983529104339474,7.755758048401646,0.03831930659773164,0.03831930659773164,0.01168069414732642,0.7566372975210779
43.63172337799915,12.412256691062302,6.542874008304589,-0.031883998118996955,0.390166910825118,0.14489531842674624,0.8267446222248803,7.743295857141344,0.03725650666043201,0.03725650666043201,0.004287546806005662,0.7566372975210779
43.74622018899936,12.407045973149645,6.570235736327381,-0.09322854317946586,0.4193553366185563,0.1302354989610346,0.7980130306173092,7.717735626691944,0.03204578874777475,0.03204578874777475,0.014932432077001439,0.7516648189186454
43.748073901999305,12.40292905571563,6.584811202963969,-0.12350752302045012,0.43726399909766567,0.1540720980494496,0.7749274160013603,7.704421616515421,0.027928871313759984,0.027928871313759984,0.022071129431298075,0.7516648189186454
43.77131960499901,12.398008681005216,6.600254312971789,-0.14761124131240133,0.4632933002346011,0.20562089535302497,0.7597132940607065,7.69044600917475,0.023008496603345918,0.023008496603345918,0.02699150414171214,0.7000000000000001
43.88728909099882,12.392707713535934,6.616802872012889,-0.15902902407845743,0.4964567712330075,0.20562089535302497,0.7597132940607065,7.675486056774139,0.01770752913406426,0.01770752913406426,0.02435901619773144,0.7000000000000001
43.97698093799954,12.387069013946917,6.634500481682307,-0.16916098767052332,0.5309282900825454,0.2097314959267631,0.748292572165387,7.659491864411273,0.012068829545047066,0.012068829545047066,0.0,0.7000000000000001
43.978866841000126,12.375251731309033,6.6730345269801745,-0.17446173837600562,0.5927705759307841,0.19148365747456048,0.7220338540070831,7.62460311936176,0.0002515469071635579,0.0002515469071635579,0.0003202727547212141,0.7000000000000001
43.98054495499855,12.369641994712131,6.693654989151973,-0.168292097907083,0.6186138651539728,0.18043226947214203,0.6965201404258999,7.605792874262174,0.005358189689738779,0.005358189689738779,0.005358189689738779,0.7000000000000001
44.00133256299887,12.364256408463433,6.714937853087072,-0.16156758746095862,0.6384859180529563,0.13410326798544533,0.5503921970996883,7.58630006850022,0.010743775938436784,0.010743775938436784,0.010743775938436784,0.7000000000000001
44.08111054300025,12.359093223073534,6.736829915514327,-0.15489556169696392,0.6567618728176386,0.08941695894089888,0.5317402280183402,7.5661767160841045,0.015906961328335356,0.015906961328335356,0.015906961328335356,0.7000000000000001
44.09154263399978,12.354272451084945,6.759247189761272,-0.14462315965767314,0.6725182274083412,0.06059100423972785,0.4834292625493314,7.545476558579236,0.020727733316924457,0.020727733316924457,0.020727733316924457,0.70178344238091
44.190751792999436,12.34972889647081,6.782106651273214,-0.13630663842405594,0.6857838453582672,0.04145889693444074,0.45581372621458166,7.524294784176722,0.02527128793106037,0.02527128793106037,0.02527128793106037,0.651920240520265
44.19282608899994,12.34972889647081,6.782106651273214,-0.13630663842405594,0.6857838453582672,0.04598480026083962,0.42963620833109484,7.524294784176722,0.02527128793106037,0.02527128793106037,0.02527128793106037,0.651920240520265
44.19480868299979,12.345702260208716,6.805312391690798,-0.12079908786278443,0.6961722125275216,0.06564393193288559,0.39457522942637546,7.502668049611193,0.02929792419315369,0.02929792419315369,0.02929792419315369,0.6576473218982953
44.31010391599921,12.339080288035845,6.8522643775895125,-0.09206972742870756,0.7057753612494658,0.045349187799488655,0.2683496240634641,7.458586319426883,0.03591989636602477,0.03591989636602477,0.0070226932849136135,0.6670832032063168
44.31829781600027,12.336571090639628,6.875623328568056,-0.07527592188651462,0.7007685293563161,0.005711772157911271,0.2969722761356891,7.436484371603156,0.03842909376224135,0.03842909376224135,0.01126930142182489,0.6670832032063168
44.31999068699952,12.336571090639628,6.875623328568056,-0.07527592188651462,0.7007685293563161,-0.02577758556821305,0.3227159347627606,7.436484371603156,0.03842909376224135,0.03842909376224135,0.01126930142182489,0.6670832032063168
44.422148959998594,12.334519173065116,6.898772210997479,-0.06155752723535528,0.694466472882681,-0.12976804793721142,0.3126705070045459,7.414486106223196,0.040481011336753525,0.040481011336753525,0.004360866426343476,0.6670832032063168
44.42394668699853,12.332741353806043,6.921457438814798,-0.05333457777222421,0.6805568345195612,-0.1632119599825074,0.31396639947098404,7.392880117064978,0.042258830595827135,0.042258830595827135,0.006926795300184436,0.6800735254367722
44.53133014899868,12.329507463732954,6.964822638317639,-0.04707335681451417,0.6398377076420174,-0.3017698129346794,0.3124733988026335,7.351557644720048,0.045492720668915965,0.045492720668915965,0.003004587124604555,0.696419413859206
44.539747381999405,12.329507463732954,6.964822638317639,-0.04707335681451417,0.6398377076420174,-0.3301322807373482,0.30013976694117717,7.351557644720048,0.045492720668915965,0.045492720668915965,0.003004587124604555,0.696419413859206
44.54300058699846,12.327982075659483,6.985467216860246,-0.04576164220414291,0.6193373562782349,-0.4285440387252304,0.2729946357708002,7.331890905254549,0.0470181087423871,0.0470181087423871,0.0029818920026709606,0.696419413859206
44.6415897579991,12.32652346738954,7.005387424089499,-0.043758248098279946,0.5976062168775916,-0.494428544379262,0.26085794763471515,7.312916423287459,0.048146474772332463,0.048146474772332463,5.41462504877501e-05,0.7158910531638177
44.64337425099984,12.325144471533308,7.024559545861197,-0.041369875686935634,0.5751636531509456,-0.4996809990085963,0.2100226997134737,7.294653505615786,0.035564834779001145,0.035564834779001145,0.00011097924960130357,0.7158910531638177
44.652907148998565,12.32380832802791,7.042887305060437,-0.040084305161938144,0.5498327759771819,-0.5888458172946569,0.24786194567949332,7.277203889177501,0.023549948098569938,0.023549948098569938,0.0011918556289014504,0.7158910531638177
44.754052177999256,12.322484661238667,7.0604132274834255,-0.039710003677330616,0.525777672689662,-0.6183506438989256,0.26519782263084135,7.260533224724072,0.012093223269430827,0.012093223269430827,0.002557238487931938,0.73824115301167
44.75595521299874,12.322484661238667,7.0604132274834255,-0.039710003677330616,0.525777672689662,-0.6061513187985682,0.21645202328713667,7.260533224724072,0.012093223269430827,0.012093223269430827,0.002557238487931938,0.73824115301167
44.75763003099928,12.320984661527547,7.077210784355733,-0.04499999133361673,0.5039267061692281,-0.629039201435847,0.25351017486990035,7.244616203905468,0.0012762168651655117,0.0012762168651655117,0.0012762168651655117,0.73824115301167
44.86164542699953,12.318991353988924,7.0932883655085694,-0.05979922615866328,0.482327434585073,-0.6777173811664035,0.31230622909471106,7.2295227868846075,0.008682868515530988,0.008682868515530988,0.009711350610676767,0.73824115301167
44.877099167999404,12.318991353988924,7.0932883655085694,-0.05979922615866328,0.482327434585073,-0.7862492904718174,0.4413944618359889,7.2295227868846075,0.008682868515530988,0.008682868515530988,0.009711350610676767,0.73824115301167
44.971218738999596,12.31209386703402,7.1232780273378795,-0.11937848301945148,0.43873359698347125,-0.8080074507067312,0.46757289615444947,7.202170355116837,0.02501150196156952,0.02501150196156952,0.020294221395728344,0.7632168761236874
44.97391364899886,12.31209386703402,7.1232780273378795,-0.11937848301945148,0.43873359698347125,-0.8604904406769719,0.43719817129911637,7.202170355116837,0.02501150196156952,0.02501150196156952,0.020294221395728344,0.7632168761236874
45.080785535999894,12.306721286832664,7.1371401179976175,-0.1611774060407232,0.4158627197921512,-0.880978859828821,0.5922122874089765,7.190081103819159,0.03101449237564569,0.03101449237564569,0.003712820831109129,0.7632168761236874
45.20079817199985,12.29983142934746,7.150324556331448,-0.20669572455612023,0.39553315001491995,-0.7180274062280556,0.6212336056291176,7.17903863028295,0.03546543317843587,0.03546543317843587,0.003186220439694107,0.75
45.31942639599947,12.281541751211279,7.174847189696146,-0.29648193701109543,0.35976179086341736,-0.584140537200972,0.55936990597379,7.159925408036533,0.03987279808735205,0.03987279808735205,0.004438888567709766,0.75
45.32802802999868,12.281541751211279,7.174847189696146,-0.29648193701109543,0.35976179086341736,-0.5495692501738629,0.5612453701676579,7.159925408036533,0.03987279808735205,0.03987279808735205,0.004438888567709766,0.75
45.329808589000095,12.257565492217237,7.1973673980645225,-0.37969481881700984,0.3303941072794857,-0.5157933632814835,0.5607055445815501,7.14429155009587,0.03884321481619364,0.03884321481619364,0.003443544835247097,0.75
45.41826726599902,12.243497167342882,7.208106254968587,-0.42204974623064856,0.32216570712191195,-0.5134234428172371,0.564811697269648,7.1375627605273655,0.036488925436656924,0.036488925436656924,0.0009138975897433185,0.7433034373659253
45.42002144199978,12.228026427176646,7.219015465675362,-0.4641222049870923,0.3272763212032694,-0.499005756640285,0.556319222919338,7.131075179730185,0.03326343702329112,0.03326343702329112,0.0026052622928059684,0.7433034373659253
45.52378036399932,12.211119186018097,7.230127189377576,-0.5072172347564471,0.3333517110664377,-0.3951361242636947,0.5800924534696366,7.124817412647019,0.029165387329431865,0.029165387329431865,0.004634023251056904,0.7433034373659253
45.53189439400012,12.192918942086896,7.2415308887084695,-0.5460073179360146,0.34211097992678885,-0.38200311071001114,0.5641136280042469,7.118676612404232,0.02435950455391696,0.02435950455391696,0.010006023370818533,0.7071067811865476
45.552328765999846,12.173494133266326,7.253159572119084,-0.5827442646170985,0.3488605023184235,-0.2704070033297478,0.49928043765294017,7.11271036240221,0.01884681140955624,0.01884681140955624,0.016112380108947392,0.7433034373659253
45.6364338479998,12.132352502389574,7.277147953622526,-0.6266409476519976,0.3621938056857182,-0.2712930868653306,0.46450220914702034,7.100911682425704,0.00671763245830549,0.00671763245830549,0.005176547268495343,0.7106335201775948
45.73845871999947,12.110996873766833,7.289265756691654,-0.6406688586822362,0.3635340920738189,-0.2168764036383023,0.3322926354723575,7.095226167581849,0.00018550336592629036,0.00018550336592629036,0.03159935378704776,0.7106335201775948
45.741119274000084,12.089524526889436,7.301580691917409,-0.6441704063219303,0.3694480567726703,-0.18730427931314275,0.3170193703651923,7.08946519255785,0.006289764511065034,0.006289764511065034,0.02341941723359664,0.7211102550927979
45.74911799899928,12.068147048600002,7.314086401619529,-0.6413243486830257,0.3751712910636043,-0.16573054978819152,0.29707753632434586,7.083576058799529,0.012563052240273093,0.012563052240273093,0.012886986503044828,0.7211102550927979
45.810127532999104,12.068147048600002,7.314086401619529,-0.6413243486830257,0.3751712910636043,-0.1964443099990504,0.2187568017373915,7.083576058799529,0.012563052240273093,0.012563052240273093,0.012886986503044828,0.7211102550927979
45.85542874999919,12.047140462134859,7.326824495802413,-0.6301975939542674,0.3821428254864926,-0.1964443099990504,0.2187568017373915,7.077438709933568,0.018409759203247465,0.018409759203247465,0.01517208371581662,0.6946221994724903
45.857686499999545,12.026531055150238,7.339766441398325,-0.61828220953861,0.38825836787737295,-0.21433820913949386,0.17936089184244636,7.071070020308146,0.02383147314568844,0.02383147314568844,0.022109217052470757,0.6946221994724903
45.880067688000054,12.00642018472199,7.352879473439736,-0.6033261128474934,0.39339096124233475,-0.28516083916503376,0.07515411624628937,7.064468263278585,0.028779692122670602,0.028779692122670602,0.02855893712173884,0.73824115301167
45.96558130899939,11.986791661891598,7.36609349798026,-0.5888556849117629,0.39642073621571666,-0.31343813619425925,0.05713175628840139,7.057701202105017,0.0333154273613448,0.0333154273613448,0.0008583952881503909,0.7158910531638177
46.07162569799948,11.949352761028369,7.39229541741013,-0.5526941001239699,0.3908370694479852,-0.4099395320939806,-0.001661889466601299,7.044046018716334,0.04126117313294079,0.04126117313294079,0.006868194030192468,0.696419413859206
46.07865692299856,11.949352761028369,7.39229541741013,-0.5526941001239699,0.3908370694479852,-0.3843238037244049,0.023091077756851458,7.044046018716334,0.04126117313294079,0.04126117313294079,0.006868194030192468,0.696419413859206
46.183819743999265,11.914902938642959,7.417342146174912,-0.5034252704523194,0.36986767984357677,-0.39761154653686986,-0.01813182958394749,7.030829620950952,0.04791016439621847,0.04791016439621847,0.00905627161636628,0.7433034373659253
46.192061523999655,11.914902938642959,7.417342146174912,-0.5034252704523194,0.36986767984357677,-0.5303776169001515,-0.041330671392416196,7.030829620950952,0.04791016439621847,0.04791016439621847,0.00905627161636628,0.7433034373659253
46.2079455009989,11.914902938642959,7.417342146174912,-0.5034252704523194,0.36986767984357677,-0.5628120877533196,-0.05249307853453983,7.030829620950952,0.04791016439621847,0.04791016439621847,0.00905627161636628,0.7433034373659253
46.28967410099904,11.89889946385417,7.428937779274541,-0.48010424366366267,0.34786899298887897,-0.5304643769454703,-0.06264827996493187,7.024807095074707,0.04606233211163868,0.04606233211163868,0.006560705946032947,0.7280109889280518
46.29852577299971,11.883373783491978,7.43954257466362,-0.46577041086573,0.31814386167237513,-0.4380542688009178,-0.10444218099473684,7.019624270459865,0.0354575367225598,0.0354575367225598,0.013292385665907696,0.7280109889280518
46.52086115400016,11.853332121028036,7.4576039458980325,-0.44653044647559287,0.2546858469990249,-0.587198078566081,-0.16948994784186738,7.012056894945574,0.017396165488147375,0.017396165488147375,0.00015953386526329215,0.7762087348130012
46.52275763699981,11.838684869773163,7.465041144023376,-0.43941753764621533,0.2231159437602918,-0.6212791693807859,-0.16873094577013759,7.009723613573893,0.009958967362804216,0.009958967362804216,0.0014072786040976411,0.7648529270389178
46.53145862800011,11.824275533277586,7.471619182491183,-0.4322800948672791,0.1973411540342132,-0.6555921529616876,-0.16589962695954377,7.008163390672186,0.0033809288949973038,0.0033809288949973038,0.003265816313787407,0.7648529270389178
46.53560987399942,11.824275533277586,7.471619182491183,-0.4322800948672791,0.1973411540342132,-0.7228767629910535,-0.1586864813367906,7.008163390672186,0.0033809288949973038,0.0033809288949973038,0.003265816313787407,0.7648529270389178
46.632628327999555,11.79568298758208,7.482144737100017,-0.4303834330669221,0.14525347627412372,-0.7919373134262011,-0.1483675243394037,7.0075591452667485,0.007144625713837449,0.007144625713837449,0.008543647960531853,0.7566372975210779
46.63430729299944,11.79568298758208,7.482144737100017,-0.4303834330669221,0.14525347627412372,-0.812280332663024,-0.19841138144958828,7.0075591452667485,0.007144625713837449,0.007144625713837449,0.008543647960531853,0.7566372975210779
46.77080676999867,11.781205029632174,7.486150873719844,-0.4343387384971859,0.12018409859481857,-0.9585997353913709,-0.12708511749305834,7.008552659415487,0.01115076233366441,0.01115076233366441,0.005441840540841899,0.7566372975210779
46.86708246199851,11.736671262655577,7.4923681220566465,-0.45904575607039944,0.03440345996364483,-1.1082015692687175,-0.11493002710725186,7.01755810486605,0.01736801067046656,0.01736801067046656,0.014764754884922794,0.7516648189186454
46.86905877499885,11.720613580679235,7.492661015431156,-0.4817304592902555,0.008786801235287633,-1.057737331436932,-0.22213147447252507,7.02270661422299,0.017660904044976,0.017660904044976,0.017660904044976,0.7516648189186454
46.88256085899957,11.703626515487887,7.492087383378896,-0.5096119557404308,-0.01720896156779262,-1.0187600128922834,-0.03800790481968436,7.029019492516227,0.017087271992716424,0.017087271992716424,0.017087271992716424,0.7516648189186454
46.982125974000155,11.685688754500735,7.490643843701111,-0.5381328296145935,-0.04330619033355247,-1.0241414232109871,-0.006438737089824342,7.036511038217038,0.015643732314931214,0.015643732314931214,0.007954338872784133,0.75
46.98415323199879,11.666788995446774,7.488323850328446,-0.5669927716188178,-0.06959980117994718,-0.9908002381376627,-0.0046418923292053105,7.045195334468348,0.013323738942266239,0.013323738942266239,0.013323738942266239,0.75
46.99336219399993,11.647012634092565,7.48511403490275,-0.5932908406262521,-0.09629446277086583,-0.956374970833179,-0.03433553316150917,7.055059414954779,0.010113923516570367,0.010113923516570367,0.010113923516570367,0.75
47.08830530999876,11.626262008925204,7.481145053088895,-0.622518755020824,-0.11906945441566205,-0.8562375933983126,0.015735513790561317,7.066018713302164,0.006144941702714846,0.006144941702714846,0.005471261248184742,0.75
47.091208979998555,11.60431848337174,7.47647328332591,-0.6583057666039304,-0.1401530928895502,-0.8272443847309007,0.0037158774376637727,7.078102316223988,0.0014731719397298448,0.0014731719397298448,0.0014731719397298448,0.75
47.09307678899859,11.60431848337174,7.47647328332591,-0.6583057666039304,-0.1401530928895502,-0.8039711790213292,0.028494292783361908,7.078102316223988,0.0014731719397298448,0.0014731719397298448,0.0014731719397298448,0.75
47.20083595399956,11.557313714984616,7.466284808537714,-0.7190271063827578,-0.15358855478897537,-0.7934315887396842,0.14449894511895567,7.10432479447856,0.008715302848465889,0.008715302848465889,0.008715302848465889,0.75
47.21036588700008,11.532613907285038,7.46119205086685,-0.7409942309873515,-0.1527827301259289,-0.827418648858637,0.1438381856707539,7.11795211662313,0.013808060519330034,0.013808060519330034,0.013808060519330034,0.75
47.31182501999865,11.507359119098817,7.456172849875553,-0.7576436455865965,-0.1505760297389082,-0.963930082304351,0.1383629932275266,7.131775791347537,0.018827261510627302,0.018827261510627302,0.010767007759258233,0.75
47.313743323999006,11.48174805061806,7.451298865310117,-0.7683320544227055,-0.14621953696304765,-0.9374705652115578,0.1608312785123209,7.14566092456596,0.02370124607606261,0.02370124607606261,0.021475835018020032,0.75
47.33234811799957,11.429949826622298,7.442604254687885,-0.7791681132743435,-0.12557364635121027,-0.9271626606873175,0.19228592069443765,7.172871533636591,0.0323958566982947,0.0323958566982947,0.0323958566982947,0.7000000000000001
47.4501784109998,11.3504750702491,7.4328283271880995,-0.8047319327332034,-0.08634170103093926,-0.7915603822784502,0.19901455896401646,7.21186976130789,0.04217178419808043,0.04217178419808043,0.04217178419808043,0.7000000000000001
47.53554901299867,11.32324837510227,7.430263453212428,-0.8168008544048986,-0.07694621927015569,-0.7915603822784502,0.19901455896401646,7.2246615969141414,0.044736658173752275,0.044736658173752275,0.044736658173752275,0.7000000000000001
47.5373420119995,11.295629020819554,7.427900650879459,-0.8285806284815085,-0.07088406998904863,-0.7644462841346152,0.17319670062785977,7.237500004380258,0.04709946050672098,0.04709946050672098,0.04709946050672098,0.7000000000000001
47.6401024329989,11.267600544800578,7.4257641594347845,-0.8408542805692962,-0.0640947433402241,-0.5934038508151408,0.1873049555486157,7.250373144142254,0.04923595195139541,0.04923595195139541,0.017328010888548035,0.7000000000000001
47.642337800998575,11.239209781169102,7.423823829906108,-0.8517229089442678,-0.05820988586029481,-0.5604646478272584,0.18736997448944423,7.263294633311255,0.05117628148007203,0.05117628148007203,0.034693820723299545,0.7000000000000001
47.75493265499972,11.210495505692426,7.42198042826607,-0.8614282643002308,-0.05530204920114241,-0.4238996418143238,0.18759310625336034,7.276343973664596,0.05301968312010974,0.05301968312010974,0.045660096716852255,0.7000000000000001
47.764544822999596,11.181475493520821,7.420199476399852,-0.8706003651481553,-0.053428555986531345,-0.3906324701552284,0.18787667037998446,7.2895487055103985,0.0548006349863277,0.0548006349863277,0.0548006349863277,0.7000000000000001
47.766731288998926,11.152179105822357,7.418354087389863,-0.8788916309539437,-0.05536167029966691,-0.3624836917156,0.17625521670726896,7.303015824003808,0.056646023996316686,0.056646023996316686,0.056646023996316686,0.7000000000000001
47.76902358299958,11.152179105822357,7.418354087389863,-0.8788916309539437,-0.05536167029966691,-0.3233579448986075,0.18950733039285544,7.303015824003808,0.056646023996316686,0.056646023996316686,0.056646023996316686,0.7000000000000001
47.85538644499866,11.122630917071422,7.416315345656509,-0.8864456625280338,-0.06116225200062393,-0.3620827831259438,0.20390630637990764,7.3168550084503945,0.058684765729671184,0.058684765729671184,0.02752235187147352,0.7000000000000001
47.85702433299957,11.093079086444396,7.414171543394912,-0.8865549188107819,-0.06431406784791777,-0.3268397862807909,0.20497744661999312,7.330885044217269,0.06082856799126812,0.06082856799126812,0.055093435028950366,0.7000000000000001
47.97202818099868,11.063733699878478,7.411913584183046,-0.8803615969775691,-0.06773877635596337,-0.19235573120641375,0.21065786827305838,7.34502640912127,0.06308652720313379,0.06308652720313379,0.04850419610912974,0.7000000000000001
47.9741805729991,11.034811705840132,7.4097790707028475,-0.8676598211503724,-0.06403540440597105,-0.16618981953559914,0.20793662450751407,7.358969721466472,0.06522104068333245,0.06522104068333245,0.06522104068333245,0.7000000000000001
48.08074388800014,11.006494549454567,7.407814369990939,-0.8495146915669436,-0.05894102135725481,-0.19308653795147007,0.22981941190357386,7.372592792163016,0.06718574139524058,0.06718574139524058,0.02219793537820182,0.7000000000000001
48.08289988700017,10.979141467932658,7.406116174922175,-0.8205924456572445,-0.05094585206293111,-0.1600152613314368,0.23298225094926023,7.385650861015301,0.06888393646400459,0.06888393646400459,0.04350521155473774,0.7000000000000001
48.084990462999485,10.95301111062575,7.4047501175126085,-0.7839107192072535,-0.04098172228700703,-0.12534217643497772,0.23664604655134136,7.397966616496211,0.07024999387357145,0.07024999387357145,0.06368684186618404,0.7000000000000001
48.19147032199908,10.904815368552214,7.403179204582667,-0.7029788601035334,-0.01718412902156606,-0.09469689872250985,0.24241376046463245,7.420014393178369,0.07182090680351294,0.07182090680351294,0.045349992380969165,0.7000000000000001
48.19345248499849,10.882574560300174,7.402994386863782,-0.6672242475611829,-0.0055445315665368,-0.07692531880780278,0.2388810648856281,7.4297853698748,0.07200572452239751,0.07200572452239751,0.06607753426911399,0.7000000000000001
48.20146896099868,10.882574560300174,7.402994386863782,-0.6672242475611829,-0.0055445315665368,0.03250886853429083,0.2361587707481248,7.4297853698748,0.07200572452239751,0.07200572452239751,0.06607753426911399,0.7000000000000001
48.319782741999006,10.861499340192527,7.403241192588652,-0.6322566032294006,0.0074041717460893415,0.10845480183211931,0.2191055972402713,7.438713937786215,0.07175891879752783,0.07175891879752783,0.01630621792707472,0.7000000000000001
48.3215858399999,10.841635467431958,7.403924257666221,-0.5959161828170553,0.020491952327063433,0.07688981112877148,0.21606423922388474,7.446769082908924,0.07107585371995917,0.07107585371995917,0.03139389711977404,0.7000000000000001
48.33930352199968,10.823139538212754,7.405082505171056,-0.5548778765761169,0.034747425145053246,-0.057920322849290176,0.1996723984066835,7.453840268518717,0.06991760621512366,0.06991760621512366,0.04511642420999872,0.7000000000000001
48.438233877999664,10.823139538212754,7.405082505171056,-0.5548778765761169,0.034747425145053246,-0.09112615005974198,0.19302737911951168,7.453840268518717,0.06991760621512366,0.06991760621512366,0.012701124200818533,0.7000000000000001
48.440201814999455,10.805920341924988,7.406684915731413,-0.5165758886329755,0.04807231681070663,-0.1256909606137939,0.18861066854075334,7.459988445771279,0.06831519565476718,0.06831519565476718,0.024167049813093335,0.7000000000000001
48.44265787599943,10.789700645973245,7.408690236718268,-0.4865908785523233,0.06015962960565299,-0.16520417957246347,0.1795234430910208,7.4653672489342,0.06630987466791183,0.06630987466791183,0.034628240675605514,0.7000000000000001
48.53693262999877,10.77467057536419,7.411142047638937,-0.45090211827164217,0.07355432762005809,-0.29327280535958056,0.16349505633963124,7.469848491717389,0.06385806374724279,0.06385806374724279,0.00904534500879143,0.7000000000000001
48.54663222099953,10.760999711587129,7.4140478119993185,-0.4101259133118354,0.08717293081144234,-0.3274200724509887,0.155524658546973,7.4733446050782595,0.06095229938686142,0.06095229938686142,0.016800826014536512,0.7000000000000001
48.55661778799913,10.748761909603868,7.417381946401418,-0.36713405949784417,0.10002403206298671,-0.42627858364642396,0.12786148300318592,7.475839804918482,0.05761816498476158,0.05761816498476158,0.023231448745248053,0.7000000000000001
48.58398277299966,10.737713340336816,7.421057365952001,-0.3314570780115758,0.11026258651749615,-0.48679548359298563,0.10239043992819466,7.477516050845563,0.05394274543417854,0.05394274543417854,0.028572548501471826,0.7000000000000001
48.66035653200015,10.727582329048195,7.4250073742009235,-0.3039303386586489,0.11850024746765277,-0.48679548359298563,0.10239043992819466,7.478551163281565,0.04999273718525643,0.04999273718525643,0.023200155873747987,0.7000000000000001
48.6657783390001,10.718009449866855,7.429144442389727,-0.2871863754402043,0.12411204566408733,-0.45252695283284117,0.014327884687135528,7.4791827061310485,0.045855668996453325,0.045855668996453325,0.02933887020324545,0.7000000000000001
48.76931703799892,10.708651674808877,7.433397113670693,-0.28073325173933067,0.1275801384289867,-0.47378644752765686,-0.010647243680754231,7.47962816634563,0.041602997715487255,0.041602997715487255,0.0069636531994352125,0.7000000000000001
48.77615106099984,10.689585597523251,7.44190085279408,-0.29008793427383256,0.126422454435541,-0.5990690261909088,-0.012939634220137497,7.480722602171867,0.03309925859209972,0.03309925859209972,0.013937999317782031,0.7000000000000001
48.87676562199886,10.679387297262572,7.445929343344565,-0.30594900782037243,0.12085471651452918,-0.6800315238833519,-0.028815636268967992,7.481794408154473,0.029070768041615125,0.029070768041615125,0.0010661588930777894,0.7000000000000001
48.895394019999,10.668738613546624,7.449639005759599,-0.3194605114784063,0.11128987245104152,-0.7807576281740432,-0.019230876864544055,7.483371970968709,0.02536110562658056,0.02536110562658056,0.0026214668517271014,0.7000000000000001
48.99180289299875,10.657624946390015,7.452939550125304,-0.333410014698292,0.09901633097114018,-0.8151529720039037,-0.01565056452513891,7.485543309206402,0.022060561260875744,0.022060561260875744,0.004076326889670394,0.75
49.002238581999336,10.646122698998584,7.455801172611563,-0.34506742174297683,0.08584867458777277,-0.7976583846677564,-0.03994704161991919,7.488300639547179,0.019198938774616536,0.019198938774616536,0.0069747619470807475,0.75
49.01290277099906,10.634275515705495,7.458201656236479,-0.3554154987926563,0.07201450874747367,-0.8071048404533192,-0.002295280130735322,7.491644107955092,0.016798455149700686,0.016798455149700686,0.010442487124398828,0.75
49.09402275100001,10.62193305388527,7.460098653147809,-0.3702738546067412,0.05690990733990559,-0.8071048404533192,-0.002295280130735322,7.495681395149168,0.014901458238370857,0.014901458238370857,0.0021551715732312693,0.75
49.096049166999364,10.60904927244016,7.46146149841584,-0.3865134433532832,0.0408853580409244,-0.8362109038354578,-0.02405680980139513,7.50046201372061,0.01353861297033987,0.01353861297033987,0.004197107623641626,0.75
49.115778928999134,10.595594429921217,7.46230566801218,-0.4036452755682773,0.025325087890221795,-0.957451678918071,0.017909650429456803,7.505987239830775,0.012694443373999498,0.012694443373999498,0.006888621755577846,0.75
49.20949567699972,10.581589971247004,7.462618157999208,-0.4201337602264087,0.00937469961082851,-0.9826901710013463,0.02988423298533044,7.512259769666613,0.012381953386971567,0.012381953386971567,0.009070946015822656,0.75
49.21141788800014,10.566904766400079,7.4624104136805,-0.4405561454077318,-0.0062323295612508964,-0.9478366337887951,-0.0021725891059487523,7.519332247354385,0.01258969770568008,0.01258969770568008,0.01258969770568008,0.75
49.232922800998494,10.551490879234509,7.4616934229461345,-0.4624166149671124,-0.021509722030970582,-0.9348148832187422,0.0588253812056026,7.527219353194942,0.013306688440045455,0.013306688440045455,0.013306688440045455,0.75
49.34707771399917,10.518138331442378,7.458742115735495,-0.5136936157442026,-0.05090780200040253,-0.7896203968333048,0.07347426392272605,7.545597345339058,0.016257995650684975,0.016257995650684975,0.016257995650684975,0.75
49.43612915299855,10.500131106582607,7.4566234563306075,-0.5402167457931261,-0.06355978214662057,-0.7570184181175605,0.08427622195088458,7.55602461290134,0.0183766550555724,0.0183766550555724,0.00833308384467916,0.75
49.44535046799865,10.481006510290754,7.454169136633875,-0.5737378887555744,-0.07362959090197681,-0.7276059072404638,0.07319756334713468,7.567310073138779,0.020830974752304776,0.020830974752304776,0.017374321275267245,0.75
49.55726772399976,10.460862593995087,7.451641090105837,-0.6043174888700382,-0.07584139584115022,-0.7493042065233285,0.13869263693578215,7.579181832793911,0.02335902128034295,0.02335902128034295,0.009391775653624344,0.75
49.55909894399883,10.417469005949522,7.446674557027171,-0.6667149069171613,-0.07307186466284588,-0.7168054915593731,0.1466438294342466,7.604457506768776,0.028325554359009075,0.028325554359009075,0.028325554359009075,0.7000000000000001
49.666161461998854,10.394254341387954,7.444272931173447,-0.6964399368470227,-0.07204877561172081,-0.8041418426123054,0.15835512742498456,7.617824735515548,0.03072718021273335,0.03072718021273335,0.008413810508728681,0.7000000000000001
49.66838417599865,10.370305725473365,7.441811784086847,-0.718458477437666,-0.07383441259798396,-0.7793719753960271,0.11497299580669142,7.631650522656388,0.03318832729933252,0.03318832729933252,0.01681167344572554,0.7000000000000001
49.679786108999906,10.34594806032121,7.43922798474698,-0.7307299545646689,-0.07751398019603117,-0.7502045254784763,0.09819627554131727,7.645834801052391,0.03577212663920015,0.03577212663920015,0.014227874105857907,0.7000000000000001
49.77602526299961,10.321368420770291,7.436602708324028,-0.7373891865275553,-0.07875829268857389,-0.6922052716255018,0.04625540833612489,7.660216712226012,0.038397403062152335,0.038397403062152335,0.002258942541852285,0.7000000000000001
49.778129855998486,10.296595100116688,7.433908663748085,-0.7431996196080773,-0.08082133727828503,-0.678373072485454,-0.008441692186040295,7.674807003157097,0.041091447638095246,0.041091447638095246,0.0044885419060441915,0.7000000000000001
49.796313578999616,10.271681432840559,7.431239572456309,-0.7474100182838894,-0.08007273875328212,-0.8163188566103694,0.00794373722634981,7.689498598194191,0.043760538929871196,0.043760538929871196,0.006239461815186864,0.7000000000000001
49.80408487999921,10.271681432840559,7.431239572456309,-0.7474100182838894,-0.08007273875328212,-0.8468898498725251,0.009669569842852018,7.689498598194191,0.043760538929871196,0.043760538929871196,0.006239461815186864,0.7000000000000001
49.88475891399867,10.246681696070935,7.4285517557466525,-0.749992103088722,-0.08063450128968307,-0.8468898498725251,0.009669569842852018,7.704302929347069,0.04644835563952743,0.04644835563952743,0.0008472785823547361,0.7000000000000001
49.88757214499856,10.221676036751488,7.42588467711986,-0.7501697795834225,-0.08001235880379162,-0.9175270732367077,-0.010498034097509833,7.719145814597048,0.04911543426632026,0.04911543426632026,0.0008845664787378027,0.7000000000000001
50.019538820999514,10.196661312811049,7.423272592528987,-0.7504417182131682,-0.07836253772619342,-1.0135186077012643,0.1030999049011489,7.733999080720178,0.05172751885719329,0.05172751885719329,0.002137640412228075,0.7000000000000001
50.0217542219998,10.171569452030184,7.420784699825345,-0.752755823425925,-0.07463678110926475,-0.982358023140245,0.11575398215651916,7.748837564196944,0.054215411560835314,0.054215411560835314,0.004215410815777254,0.7000000000000001
50.023506984998676,10.146474170813365,7.418358356664648,-0.7528584365045596,-0.07279029482091241,-0.9495399117448502,0.12470844298288422,7.763678350627298,0.05664175472153232,0.05664175472153232,0.006641753976474263,0.7000000000000001
50.10604075399897,10.121550475024433,7.415878870345754,-0.7477108736679734,-0.07438458956681912,-0.92145159141622,0.10571698610084701,7.778530445956271,0.05912124104042604,0.05912124104042604,0.004774959526398408,0.7000000000000001
50.108614535000015,10.121550475024433,7.415878870345754,-0.7477108736679734,-0.07438458956681912,-0.8890969661276253,0.11458391125703082,7.778530445956271,0.05912124104042604,0.05912124104042604,0.004774959526398408,0.7000000000000001
50.11039025199898,10.07225446632803,7.410334335756374,-0.7383221411870833,-0.08654709060607757,-0.8556018701923385,0.12062568233554871,7.808608120745632,0.06466577562980635,0.06466577562980635,0.014665774884748295,0.7000000000000001
50.21421048999946,10.047624292355819,7.4072104589366115,-0.7389052191663097,-0.09371630459287372,-0.6523651509076417,0.15443506820593964,7.82401308261126,0.06778965244956847,0.06778965244956847,0.010284147000610958,0.7000000000000001
50.23130431299978,9.997413068945345,7.40024739533988,-0.7597199114868425,-0.10765962783682877,-0.516479366565751,0.16371320121544114,7.856074368952378,0.07475271604629974,0.07475271604629974,0.02475271530124168,0.7000000000000001
50.244230898999376,9.997413068945345,7.40024739533988,-0.7597199114868425,-0.10765962783682877,-0.4865130858761858,0.17866309307196282,7.856074368952378,0.07475271604629974,0.07475271604629974,0.02475271530124168,0.7000000000000001
50.33514560899857,9.971550774838832,7.396412236532614,-0.7758688231953824,-0.11505476421800652,-0.4593315703963277,0.1928791754703141,7.872876342687183,0.07858787485356622,0.07858787485356622,0.011994214611844897,0.65
50.33688171199901,9.945096433377088,7.392405061061817,-0.7936302438523197,-0.12021526412389129,-0.4245734611918197,0.19987647314217089,7.890187165891878,0.08259505032436287,0.08259505032436287,0.024342698082443374,0.65
50.35056890299893,9.918109076916501,7.388426279142099,-0.8096206938176238,-0.11936345759155877,-0.34120067667038434,0.2187299666334796,7.90780838811099,0.08657383224408122,0.08657383224408122,0.03657383149902316,0.65
50.44436531199972,9.890810336566389,7.384551128536674,-0.8189622105033673,-0.11625451816274522,-0.3145931738441154,0.20234330044608212,7.925561883424695,0.09044898284950609,0.09044898284950609,0.004417676063235582,0.651920240520265
50.45523784099896,9.863336399089969,7.38075511942904,-0.8242181242925956,-0.11388027322902858,-0.33465270417196596,0.16091448471373182,7.943397902179835,0.0942449919571402,0.0942449919571402,0.005755009532975919,0.651920240520265
50.55270305299928,9.83584335906095,7.377081351280072,-0.824791200870519,-0.11021304446902687,-0.3410739791680757,0.040727306890641496,7.961197586781198,0.09791876010610778,0.09791876010610778,0.00044844158272586474,0.6576473218982953
50.55435722199945,9.80838737825592,7.3734777196553685,-0.8236794241509224,-0.10810894874111439,-0.34815808931445147,-0.0031186805224990843,7.978974926836519,0.10152239173081146,0.10152239173081146,0.0015223902406953371,0.6576473218982953
50.5800995569989,9.781390510019996,7.370107783106578,-0.8099060470777335,-0.10109809646372812,-0.3263462729137224,-0.10719266237135544,7.996363997339541,0.10489232827960215,0.10489232827960215,0.0048923267894860345,0.6670832032063168
50.671359643998585,9.755099695295812,7.366983631470769,-0.7887244417255466,-0.09372454907424949,-0.30778007983083494,-0.13861218327890124,8.013218334520849,0.10801647991541063,0.10801647991541063,0.008016478425294515,0.6670832032063168
50.681031631000224,9.755099695295812,7.366983631470769,-0.7887244417255466,-0.09372454907424949,-0.2760642805510617,-0.16422334124140545,8.013218334520849,0.10801647991541063,0.10801647991541063,0.008016478425294515,0.6670832032063168
50.700330306999604,9.729668880526024,7.364197033056181,-0.7629244430936044,-0.08359795243765387,-0.19047571983721884,-0.21568728504220716,8.029373307010442,0.11080307832999914,0.11080307832999914,0.010803076839883019,0.6800735254367722
50.7799504579998,9.705140891912984,7.361776171234045,-0.7358396583911664,-0.07262585466408533,-0.17981029085663966,-0.24729427353228878,8.044777619455042,0.10137414299422633,0.10137414299422633,0.013223938662019208,0.6800735254367722
50.811337428000115,9.681566741199386,7.359768120930035,-0.7072245214079436,-0.06024150912029,-0.09477373258486947,-0.20898661830953194,8.059359667250645,0.08612460715085718,0.08612460715085718,0.015231988966029064,0.696419413859206
50.882206405000034,9.659068699389325,7.358258484904828,-0.6749412543018789,-0.04528908075622723,-0.09477373258486947,-0.20898661830953194,8.072976494026312,0.07128356309409152,0.07128356309409152,0.016741624991236215,0.696419413859206
50.90817415799938,9.6376311720449,7.357153447042495,-0.643125820332728,-0.03315113586999455,-0.07317958179084684,-0.27788227119402703,8.085710555877961,0.05690632190290075,0.05690632190290075,0.01784666285356895,0.7158910531638177
50.99386278199927,9.617182007065587,7.356127936705953,-0.6134749493793813,-0.030765310096274742,-0.08799434209543479,-0.30693937268021676,8.097868087580485,0.04317172398957128,0.04317172398957128,0.006590157558516162,0.7158910531638177
51.00654635399951,9.597596592443752,7.354958495578558,-0.5875624386550217,-0.03508323382184602,-0.11869294442497291,-0.4198006941496516,8.109699213950046,0.03014966424950181,0.03014966424950181,0.013082033110570702,0.73824115301167
51.10270380499969,9.57892766658031,7.353445491634277,-0.5600677759032929,-0.04539011832841981,-0.13488695472596055,-0.4501827202833923,8.12133565236426,0.018018595522955323,0.018018595522955323,0.00572295229274704,0.73824115301167
51.21448425499875,9.52969064984563,7.345825143401565,-0.4563937891739482,-0.09317895179519468,-0.35846886464314653,-0.6582537815291379,8.155158217325704,0.011408832985178762,0.011408832985178762,0.016231299728750828,0.7211102550927979
51.24392469600025,9.515772553353418,7.3422145786526976,-0.41754289476633083,-0.10831694246602172,-0.41042978163398486,-0.7024976691988973,8.165954021641436,0.01869735857819328,0.01869735857819328,0.019531675586826787,0.7211102550927979
51.323653322999235,9.503137071481015,7.338229201849586,-0.3790644561721083,-0.11956130409333286,-0.41042978163398486,-0.7024976691988973,8.176349620112376,0.02481390653066467,0.02481390653066467,0.016374389125560215,0.7211102550927979
51.32550269799867,9.491730668406456,7.333709586543423,-0.34219209223680097,-0.13558845918486817,-0.41338021426343174,-0.7366491613489836,8.186503050249232,0.029683600862291323,0.029683600862291323,0.022640135530090734,0.75
51.34844338499897,9.481464873269346,7.328686138160676,-0.30797385411332123,-0.15070345148242434,-0.5473427354210255,-0.7481606404451456,8.196435696836907,0.03339049980163267,0.03339049980163267,0.027695168378230342,0.75
51.432230802998674,9.472272391679658,7.323199157397951,-0.27577444769064985,-0.16460942288174862,-0.5347760033407378,-0.7162501056444991,8.20614967430537,0.03601068456407125,0.03601068456407125,0.0023575864182386742,0.75
51.44787613299923,9.463957669471917,7.3169061503071795,-0.2494416662322474,-0.18879021272314717,-0.4952628092175546,-0.6573787154353342,8.21603618931835,0.03744025303290693,0.03744025303290693,0.0035262143460817507,0.75
51.55585717499889,9.4563772103499,7.309621562297675,-0.22741377366048648,-0.21853764028513845,-0.466251453622441,-0.6215971223610807,8.226327974240416,0.037649465502920317,0.037649465502920317,0.0005920859811838589,0.75
51.557876887998646,9.449299929278782,7.301126536894125,-0.21231843213357932,-0.2548507621065188,-0.47119821648208715,-0.6040371040749559,8.237335219300695,0.03664696887147001,0.03664696887147001,8.509208360703355e-06,0.7810249675906654
51.55958888599889,9.442363076501799,7.291284687302091,-0.20810558330950626,-0.2952554877610022,-0.4426102831728787,-0.619780815031711,8.249374880589484,0.03459282592422215,0.03459282592422215,0.0016289683411368232,0.7433034373659253
51.593284370999754,9.435186481557933,7.280031430474638,-0.2152978483159627,-0.3375977048235902,-0.45985706636784623,-0.5876798068393954,8.262714835400873,0.03171019066173336,0.03171019066173336,0.004034826106212117,0.7433034373659253
51.60281434499848,9.435186481557933,7.280031430474638,-0.2152978483159627,-0.3375977048235902,-0.45985706636784623,-0.5876798068393954,8.262714835400873,0.03171019066173336,0.03171019066173336,0.004034826106212117,0.7433034373659253
51.695493319999514,9.419564578049146,7.253259326125493,-0.241046714227855,-0.4226579891937573,-0.45187868601163206,-0.5723145723563665,8.293632111104266,0.02382580803592404,0.02382580803592404,0.009216384569440359,0.7433034373659253
51.69746388199928,9.419564578049146,7.253259326125493,-0.241046714227855,-0.4226579891937573,-0.4128148787165223,-0.5656141848771024,8.293632111104266,0.02382580803592404,0.02382580803592404,0.009216384569440359,0.7433034373659253
51.70254338799896,9.411102858697543,7.2378810950672445,-0.25385158054810086,-0.4613469317474448,-0.41256258949597313,-0.4449141128643639,8.311102951302544,0.01893509570599892,0.01893509570599892,0.014855681424171846,0.7071067811865476
51.790916255999036,9.393122214754614,7.204032151097301,-0.27354192226823065,-0.5205640302041951,-0.3919288011971514,-0.4377331871177552,8.349195833033036,0.007714513150993308,0.007714513150993308,0.0012605246882191217,0.7433034373659253
51.808518821999314,9.383729251745628,7.186129357310008,-0.28178889026959764,-0.5370838136188055,-0.5228244805837208,-0.33363640139135076,8.369278166884547,0.0016971541009032786,0.0016971541009032786,0.0020287248683295038,0.7106335201775948
51.900874681999994,9.374114661808512,7.167756535282701,-0.2884376981134371,-0.5511846608191961,-0.51893217671018,-0.2985126983135298,8.389874354473312,0.004495851201277584,0.004495851201277584,0.02591936704672043,0.7106335201775948
51.903020762998494,9.364337470402804,7.149211010177603,-0.29331574217127043,-0.5563657531529173,-0.4951107333091864,-0.27552103322266763,8.410705509959742,0.010695999419821372,0.010695999419821372,0.03914693190775948,0.6800735254367722
51.91390394100017,9.354460184635153,7.1307998059774444,-0.2963185730295117,-0.5523361260047613,-0.417122018501676,-0.2098233074756675,8.431482638514833,0.016730391013540458,0.016730391013540458,0.02946004568182481,0.6800735254367722
52.005427791998954,9.344413682392,7.112648380330762,-0.3013950672945916,-0.5445427694004976,-0.3938603508574588,-0.235280933990298,8.452140786872562,0.022461437313173425,0.022461437313173425,0.00040967261918031453,0.7211102550927979
52.01633634799873,9.33421081627105,7.0947536646048235,-0.3060859836285387,-0.5368414717781331,-0.3707814851264669,-0.2777349898845731,8.472675065368398,0.027900396328727844,0.027900396328727844,0.0010774746640290125,0.6946221994724903
52.026230553999994,9.323723376809689,7.077114936955408,-0.3146231838408504,-0.5291618294824654,-0.30662455373482683,-0.38274789087979694,8.493158010420451,0.03295712070072087,0.03295712070072087,0.002116447050657569,0.6946221994724903
52.11326816899964,9.31288959079017,7.06002554540702,-0.3250135805855409,-0.5126817464516481,-0.28904670015680034,-0.40970882834918404,8.51338160728666,0.037380501790611684,0.037380501790611684,0.0062193533980960435,0.6946221994724903
52.14512076400024,9.301826597422135,7.04359525818222,-0.33188980104105775,-0.492908616743997,-0.1665679534456099,-0.5281357604835987,8.533189080382204,0.04117575167335193,0.04117575167335193,0.008417984281292045,0.670820393249937
52.221137753998846,9.29059401068244,7.02784473689819,-0.3369776021908216,-0.4725156385209302,-0.1665679534456099,-0.5281357604835987,8.55252980325133,0.04437041382660826,0.04437041382660826,0.008496405438457994,0.7158910531638177
52.238629122999555,9.29059401068244,7.02784473689819,-0.3369776021908216,-0.4725156385209302,-0.048276526320079755,-0.4621912426292002,8.55252980325133,0.04437041382660826,0.04437041382660826,0.008496405438457994,0.7158910531638177
52.33178546199997,9.268009826320434,6.997840517533307,-0.338586641097111,-0.4437173185439753,-0.03986914477546594,-0.41812594132133996,8.590040649084697,0.04300968885722156,0.04300968885722156,0.009196452327599412,0.696419413859206
52.35299669899905,9.25683127302555,6.983338345362433,-0.3353565988465115,-0.4350651651262205,-0.038283347596529876,-0.2925961216770317,8.608319024323624,0.03183113556233863,0.03183113556233863,0.013476595543213519,0.696419413859206
52.43971346499893,9.245827278733016,6.969013629602502,-0.3301198287760408,-0.4297414727979289,-0.010953571975234652,-0.31251787834939765,8.626352614094058,0.020827141269803562,0.020827141269803562,0.004444356083197771,0.7433034373659253
52.441560305000166,9.235089434040956,6.954740991048443,-0.32213534076179345,-0.42817915662179556,0.0018248429122261767,-0.3474128103748997,8.644193491574754,0.010089296577744378,0.010089296577744378,0.006433790303866325,0.7433034373659253
52.46849312099948,9.22473617639287,6.940390285457438,-0.3105977294425705,-0.43052116773013943,0.01913889797621937,-0.48283561680963605,8.661882509844187,0.0002639610703418782,0.0002639610703418782,0.008052366046102459,0.7280109889280518
52.549772640999436,9.214815354328838,6.9259168168052945,-0.2976246619209456,-0.4342040595643062,0.028996553876147052,-0.5115642728492275,8.679429620758402,0.010184783134373987,0.010184783134373987,0.010225955766856353,0.7280109889280518
52.56288997499905,9.20559064900476,6.9111938159939665,-0.27674115972235225,-0.44169002433983606,0.07561613719730706,-0.6398550431535893,8.696791204019618,0.019409488458451918,0.019409488458451918,0.019409488458451918,0.7280109889280518
52.66111460999855,9.197215392824761,6.896307308308453,-0.2512576853999648,-0.44659523056542233,0.08920405330905368,-0.6740217205517604,8.713810033543574,0.02778474463845093,0.02778474463845093,0.02306578032181142,0.7648529270389178
52.6630082269985,9.189777955077473,6.881324856209373,-0.2231231324186572,-0.44947356297240476,0.14158499625214815,-0.6787329157340574,8.730380940258208,0.03522218238573949,0.03522218238573949,0.029378120288927338,0.7648529270389178
52.771604842999295,9.183289103124363,6.866379437922875,-0.194665558593307,-0.44836254859494074,0.16012305329038307,-0.829117695615432,8.746388539252107,0.04171103433884937,0.04171103433884937,0.002483592063732896,0.7648529270389178
52.773374688998956,9.177676887960692,6.8515916461425315,-0.16836645491011218,-0.44363375341030564,0.18931064944237097,-0.856160833745224,8.761774277141992,0.047323249502520426,0.047323249502520426,0.004159248677406149,0.7648529270389178
52.785120073000144,9.177676887960692,6.8515916461425315,-0.16836645491011218,-0.44363375341030564,0.15329325304180452,-0.964148458277289,8.761774277141992,0.047323249502520426,0.047323249502520426,0.004159248677406149,0.7648529270389178
52.81102352999915,9.172916299222678,6.836902905043729,-0.1428176621404326,-0.4406622329640607,0.14888428767152334,-0.9977190917229317,8.776601461000025,0.04524538816928524,0.04524538816928524,0.005036296122566861,0.7566372975210779
52.88136284400025,9.168998222273094,6.822147888258778,-0.11754230848748289,-0.4426505035485479,0.14888428767152334,-0.9977190917229317,8.791013018550368,0.03758251452438587,0.03758251452438587,0.006001914445059597,0.7566372975210779
52.89196365399948,9.165899730417157,6.807334673351095,-0.09295475567812839,-0.4443964472304965,0.17761064851749886,-1.0258489552963383,8.805016356418918,0.029298954414773887,0.029298954414773887,0.00910040630099651,0.7566372975210779
52.99599421499988,9.163636202108995,6.792236361315315,-0.06790584924486799,-0.45294936107339107,0.07553135514279596,-1.0987971439764332,8.818792261075828,0.020223391805913284,0.020223391805913284,0.009096349939179954,0.7516648189186454
52.99839048499962,9.162234243224058,6.776791165942104,-0.04205876654809611,-0.46335586119633365,0.11056843439544473,-1.084632012908096,8.832378971489657,0.012890925121546833,0.012890925121546833,0.012437519044147935,0.7516648189186454
53.12273759799973,9.162347508406855,6.744215342979532,0.016423409758299,-0.49877312433181253,0.04072819200548733,-0.983033427541502,8.859344222243186,0.012652628311299097,0.012652628311299097,0.007686243288620619,0.75
53.1248998079991,9.16391401456916,6.726746298019477,0.04699518486916703,-0.5240713488016497,0.10394034388000928,-0.9452482300459057,8.872982306380207,0.011086122148993738,0.011086122148993738,0.010346044173973189,0.75
53.13571184299872,9.166448065914025,6.708358938845506,0.076021540345972,-0.5516207752191231,0.0396054294561905,-0.9399016227792287,8.886860652855349,0.008552070804128675,0.008552070804128675,0.008552070804128675,0.75
53.21365097599846,9.166448065914025,6.708358938845506,0.076021540345972,-0.5516207752191231,-0.04413716169451293,-1.0108757988936097,8.886860652855349,0.008552070804128675,0.008552070804128675,0.0013740817185090139,0.75
53.215662783999505,9.169885625717585,6.688964889370773,0.10312679410679673,-0.5818214842419929,-0.06464859121431143,-1.0384872276659436,8.901093705522104,0.005114511000568811,0.005114511000568811,0.0020755906484850183,0.75
53.219440896999004,9.174170009305948,6.6684902452691945,0.1285315076509082,-0.614239323047346,-0.08805904191585967,-1.104103330472019,8.915780298542582,0.0008301274122057833,0.0008301274122057833,0.0008301274122057833,0.75
53.25430951099952,9.179344560098684,6.646992297893841,0.1552365237820885,-0.6449384212606118,-0.11302732771649526,-1.1645401829262823,8.93085515311295,0.004344423380530316,0.004344423380530316,0.004344423380530316,0.75
53.35765853599878,9.185459359237267,6.624561899888036,0.1834439741574741,-0.6729119401741425,-0.12634952957446421,-1.1976860407163812,8.94622180019667,0.010459222519113354,0.010459222519113354,0.010459222519113354,0.75
53.359305820999,9.192567113932798,6.601306170943173,0.21323264086592605,-0.6976718683458999,-0.09327994567714915,-1.2343422748615491,8.961769170938783,0.017566977214643842,0.017566977214643842,0.017566977214643842,0.75
53.431979743998454,9.200145507979975,6.577302952944719,0.22735182141531263,-0.7200965399535987,-0.12391584769149394,-1.2438427805357468,8.977724929220267,0.02514537126182148,0.02514537126182148,0.024960995948465816,0.7000000000000001
53.43385538799885,9.207801747757374,6.552706406453655,0.22968719332197934,-0.7378963947319184,-0.15712647097810412,-1.2400575485509708,8.994178357495002,0.03280161103922019,0.03280161103922019,0.03280161103922019,0.7000000000000001
53.54606742800024,9.215167616549707,6.527347504007391,0.22097606376997295,-0.7607670733879224,-0.25584327616646396,-1.2235375834196554,9.011473422225011,0.040167479831552555,0.040167479831552555,0.0241259075566563,0.7000000000000001
53.55876653299856,9.215167616549707,6.527347504007391,0.22097606376997295,-0.7607670733879224,-0.21768754949349797,-1.1974501886096296,9.011473422225011,0.040167479831552555,0.040167479831552555,0.0241259075566563,0.7000000000000001
53.571969327998886,9.22202224949109,6.500964005073317,0.20563898824149116,-0.7915049680222298,-0.2644605473711372,-1.0537170171312316,9.029950995805644,0.047022112772936,0.047022112772936,0.047022112772936,0.7000000000000001
53.65078579799956,9.234004982909223,6.44478755304962,0.17176675654063883,-0.8600443158163608,-0.2677305103934567,-0.9859083792231311,9.070842580173922,0.05900484619106905,0.05900484619106905,0.05900484619106905,0.7000000000000001
53.678926356999,9.239149332451943,6.415012607947249,0.15433048628156573,-0.8932483530711334,-0.2724161644116339,-0.8836759231828079,9.093233771778449,0.06414919573378874,0.06414919573378874,0.06414919573378874,0.7000000000000001
53.760538018999796,9.243675809162621,6.384222802509285,0.1357943013203274,-0.9236941631389131,-0.27497283138233575,-0.849252780891132,9.116858143452161,0.06867567244446704,0.06867567244446704,0.04648851164830966,0.7000000000000001
53.771116986999914,9.247576026454523,6.352515610137984,0.11700651875704099,-0.9512157711390279,-0.24890050872083602,-0.8245639026210082,9.141637314518363,0.07257588973636864,0.07257588973636864,0.06993855014924692,0.7000000000000001
53.78488159900007,9.247576026454523,6.352515610137984,0.11700651875704099,-0.9512157711390279,-0.2807293942429369,-0.6802875349021271,9.141637314518363,0.07257588973636864,0.07257588973636864,0.06993855014924692,0.7000000000000001
53.812605291999716,9.250879072041922,6.319975549053154,0.09909136762198129,-0.9762018325448846,-0.2817690017433812,-0.6458128117650728,9.167483527734957,0.0758789353237681,0.0758789353237681,0.0758789353237681,0.65
53.881867026999316,9.25375750278359,6.28666734490763,0.08635292224999318,-0.9992461243657319,-0.2817690017433812,-0.6458128117650728,9.19425002493184,0.07875736606543526,0.07875736606543526,0.06376306025584817,0.65
53.90151397399859,9.256378966812115,6.252649579818871,0.07864392085576416,-1.0205329526627736,-0.28388958696396444,-0.5098748125904163,9.221798812067904,0.08137883009396063,0.08137883009396063,0.08137883009396063,0.65
53.99079445299867,9.258766261808114,6.2180096383200985,0.0716188498800138,-1.0391982449631774,-0.2859162344886328,-0.442181438864673,9.25004411716086,0.0837661250899604,0.0837661250899604,0.03355664152532902,0.65
53.99305534299856,9.261042653939677,6.18289129833035,0.06829176394689365,-1.0535501996924321,-0.28690612609254246,-0.40656465608017084,9.278799404612887,0.08604251722152334,0.08604251722152334,0.055261321900140666,0.65
54.013392487999226,9.26322044175942,6.147504602697877,0.06533363459229598,-1.0616008689741938,-0.290101037180859,-0.30610665445113816,9.307879432992532,0.08822030504126666,0.08822030504126666,0.08182342288097227,0.65
54.10070191399973,9.265227377569614,6.112078374096889,0.06020807430578034,-1.0627868580296473,-0.2916802686041495,-0.27098460342352915,9.337125800382738,0.09022724085146017,0.09022724085146017,0.040979040846348895,0.65
54.10309323399997,9.26706089347197,6.076754273420947,0.055005477070669884,-1.0597230202782322,-0.2852035920479657,-0.24759692974387634,9.366417265768005,0.0920607567538152,0.0920607567538152,0.06385639076030691,0.65
54.21207779699944,9.270130522778306,6.007284963676141,0.04264184336232124,-1.0330114097051528,-0.30027064535689174,-0.10209568817305777,9.424419124070196,0.095130386060152,0.095130386060152,0.046195557045668356,0.65
54.237047500999324,9.270130522778306,6.007284963676141,0.04264184336232124,-1.0330114097051528,-0.3081223317583339,0.0682443352246381,9.424419124070196,0.095130386060152,0.095130386060152,0.046195557045668356,0.65
54.33118384199952,9.271895898610312,5.941356131138087,0.020425764134921753,-0.9721815356555729,-0.3380612176919271,0.23489594453050303,9.480192982886686,0.0968957618921582,0.0968957618921582,0.05464814611078991,0.65
54.42883937099941,9.271895898610312,5.941356131138087,0.020425764134921753,-0.9721815356555729,-0.3091197602717422,0.29439490443152744,9.480192982886686,0.0968957618921582,0.0968957618921582,0.0,0.65
54.43096053499903,9.272150576212814,5.91038316604832,0.007640328075065397,-0.9291889526930002,-0.31006226317947805,0.26056532442057273,9.506732032917883,0.09715043949466029,0.09715043949466029,0.018083864495305833,0.65
54.44648805399993,9.271953868584031,5.881076689485062,-0.005901228863505621,-0.8791942968977409,-0.30508015062524413,0.15688267510277332,9.532089478766265,0.0969537318658773,0.0969537318658773,0.0348373038129454,0.65
54.536952771999495,9.271244971083796,5.853531365851579,-0.02126692500706085,-0.8263597090044967,-0.30133286538058685,0.12488026518423007,9.556208456457888,0.09624483436564191,0.09624483436564191,0.044928502547491714,0.65
54.538905591,9.26992290766901,5.827964292703138,-0.039661902443609426,-0.7670121944532353,-0.2980661394669869,0.08115460265724078,9.578946678035893,0.09492277095085555,0.09492277095085555,0.06458441612292039,0.65
54.5823911869993,9.267881549520023,5.804369809728353,-0.0612407444695683,-0.7078344892435495,-0.24208458748785042,-0.035274059322830016,9.600356710727754,0.09288141280186935,0.09288141280186935,0.0802648856529872,0.65
54.64925743499953,9.265125277515065,5.782879410825909,-0.08268816014873695,-0.6447119670733337,-0.22971186281502654,-0.0740216611029928,9.620317483170052,0.09012514079691059,0.09012514079691059,0.02550385116878742,0.65
54.65912787599882,9.261673318146125,5.763499530982022,-0.1035587810681792,-0.5813963953166056,-0.22573562793266327,-0.10738997158564764,9.638809322228347,0.08667318142797065,0.08667318142797065,0.03540695345201632,0.65
54.68646826599979,9.257491067754854,5.746218447609364,-0.1254675117381025,-0.5184325011797496,-0.19501374741087585,-0.2315834138542499,9.65585620149431,0.08249093103670013,0.08249093103670013,0.0434055671865484,0.65
54.757155231998695,9.252604943893932,5.7310451672976335,-0.14658371582768748,-0.4551984093519117,-0.19501374741087585,-0.2315834138542499,9.671434424208947,0.07760480717577778,0.07760480717577778,0.015818419640347706,0.65
54.776854075998926,9.247077921691366,5.717925427135484,-0.16581066607699196,-0.39359220486450497,-0.14068602215766834,-0.35690164304878425,9.685557642345497,0.07207778497321193,0.07207778497321193,0.020865466568434885,0.7000000000000001
54.866682672000024,9.234346792377663,5.696730973008279,-0.19872498499901634,-0.295533055785556,-0.12564454073202222,-0.38707316398660674,9.71027865083407,0.059346655659508585,0.059346655659508585,0.011695590591354388,0.7000000000000001
54.898131262998504,9.227392222500402,5.6879445529456065,-0.20863709631779728,-0.26359260188017264,0.004034034085570709,-0.44985746654564107,9.721367362550756,0.05239208578224819,0.05239208578224819,0.015686199925575187,0.7000000000000001
54.99809017699954,9.213088205415152,5.672256602306126,-0.21512221938126164,-0.22987592959204908,0.027113148699473594,-0.47365634035911874,9.742112997980733,0.038088068696998434,0.038088068696998434,0.0007779419782420733,0.7000000000000001
55.00005913599853,9.213088205415152,5.672256602306126,-0.21512221938126164,-0.22987592959204908,0.07048332206053493,-0.5040699243803806,9.742112997980733,0.038088068696998434,0.038088068696998434,0.0007779419782420733,0.7000000000000001
55.002018110999416,9.20597161743158,5.664749498189443,-0.21349763950716238,-0.22521312350048966,0.08186642083860698,-0.5350437161854684,9.752177440842662,0.030971480713425592,0.030971480713425592,0.001475671841888756,0.7000000000000001
55.08733332199881,9.19895852428099,5.657303159512785,-0.21039279451770077,-0.22339016029975378,0.08195852124723596,-0.6346782273045999,9.762137956774161,0.023958387562835526,0.023958387562835526,0.0009553740133989179,0.75
55.10818976399969,9.192125315303233,5.649787257032895,-0.20499626933269285,-0.22547707439668915,0.12303648919535531,-0.7810426256794842,9.772068835312766,0.017125178585079226,0.017125178585079226,0.001726096155810502,0.75
55.19628720699984,9.179360534306547,5.633933826473179,-0.1856485813560178,-0.2434659095172169,0.12488900122722302,-0.8021900802392214,9.7921891937337,0.004360397588392573,0.004360397588392573,0.008904116794944747,0.75
55.20125968299908,9.179360534306547,5.633933826473179,-0.1856485813560178,-0.2434659095172169,0.13634883164264133,-0.9031393691888432,9.7921891937337,0.004360397588392573,0.004360397588392573,0.008904116794944747,0.75
55.23589935699965,9.17360870900301,5.6253668779050185,-0.17255475910607354,-0.25700845704479763,0.1418464105911913,-0.9706452357763405,9.802486302266395,0.001391427715143223,0.001391427715143223,0.012598613252771696,0.75
55.3118061619989,9.164261424024874,5.606693715904509,-0.1281979444450204,-0.28841463294030245,0.14389803891143055,-1.0674398498933684,9.823327691053827,0.010738712693280306,0.010738712693280306,0.013048000161242428,0.75
55.3486967230001,9.160793862994947,5.59633857388452,-0.104026830897793,-0.31065426059967016,0.13505732309560842,-1.0289765052798951,9.834023332992084,0.014206273723207374,0.014206273723207374,0.01574203972566201,0.75
55.41757876799966,9.158154253305673,5.585250411948914,-0.07918829067819243,-0.33264485806816446,0.13252075108015293,-0.9963834394983082,9.844937781994203,0.016845883412480944,0.016845883412480944,0.01266549571725009,0.75
55.4409933199986,9.156387903789378,5.573403405994921,-0.052990485488832444,-0.3554101786197909,0.11887154757877638,-0.8951461408352959,9.856071734453792,0.018612232928775896,0.018612232928775896,0.018140224510295646,0.75
55.52441692999855,9.155565315132664,5.560668068699852,-0.024677659701407173,-0.3820601188520711,0.1412546723363357,-0.858389886170129,9.867503442403324,0.019434821585489814,0.019434821585489814,0.012094456152755851,0.75
55.527004446999854,9.155698566193303,5.547006501992282,0.003997531819154267,-0.4098470012270815,0.12110277061950003,-0.8288013801257066,9.879261837065826,0.01930157052485093,0.01930157052485093,0.014631931102357732,0.75
55.55153238799903,9.156791898066533,5.532271739946331,0.03279995619692021,-0.4420428613785401,0.03619628442484585,-0.9085655736093221,9.89147480799213,0.01820823865162069,0.01820823865162069,0.016437413218609354,0.75
55.64170483799899,9.1587355090265,5.51611799103742,0.0583083287989869,-0.48461246726733537,0.010674260736280416,-0.9303855405490565,9.904500245522085,0.01626462769165471,0.01626462769165471,0.005064052450227214,0.75
55.643822654999894,9.161415028997043,5.4984054210369,0.08038559911633303,-0.5313771000155684,0.03572481354371754,-0.9209218930352185,9.918520596170763,0.0135851077211111,0.0135851077211111,0.007061917282184955,0.75
55.65921544799858,9.164752749339334,5.479355368093,0.10013161026871896,-0.5715015883170155,-0.04541170326772101,-0.9636850098698441,9.93338710082219,0.01024738737882025,0.01024738737882025,0.00877031769292665,0.75
55.74272047199884,9.168546586224489,5.459367682227637,0.11381510655464695,-0.5996305759608616,-0.06823614088028718,-0.9437820894861663,9.94885720186848,0.006453550493665361,0.006453550493665361,9.159186592474387e-05,0.75
55.75315931299883,9.168546586224489,5.459367682227637,0.11381510655464695,-0.5996305759608616,-0.030221689836735732,-0.9544766254250477,9.94885720186848,0.006453550493665361,0.006453550493665361,9.159186592474387e-05,0.75
55.75511106999875,9.172629991557463,5.438449990536636,0.12250215998924348,-0.6275307507300392,-0.07843832682323797,-0.9313416454199808,9.965009973228016,0.0023701451606914503,0.0023701451606914503,0.00011703875953752963,0.75
55.7764964779999,9.17687421369362,5.416614314497907,0.12732666408472826,-0.6550702811618824,-0.08365806266926927,-0.8673594238793058,9.981901345484108,0.0018740769754668207,0.0018740769754668207,0.0018740769754668207,0.75
55.85591418100012,9.17687421369362,5.416614314497907,0.12732666408472826,-0.6550702811618824,-0.08803773848164229,-0.8336864514619319,9.981901345484108,0.0018740769754668207,0.0018740769754668207,0.0034261699435758314,0.75
55.858103040998685,9.181171813050696,5.393891692727908,0.1289279807122661,-0.6816786530999589,-0.08940843170429143,-0.8059717529845147,9.999559619837221,0.00617167633254212,0.00617167633254212,0.006872571506804395,0.75
55.88056433999918,9.18555439690984,5.370372644720762,0.1314775157743401,-0.7055714402143911,-0.08472252835401824,-0.7598306641982299,10.017892460381663,0.010554260191685927,0.010554260191685927,0.010554260191685927,0.75
55.96886291999908,9.189947902506034,5.346149890806631,0.1318051678858409,-0.7266826174239356,-0.09926935791011371,-0.693444323517058,10.036857243895104,0.014947765787880485,0.014947765787880485,0.013000987799981214,0.75
55.97076109599948,9.194256079084482,5.3212844169899,0.1292452973534454,-0.7459642145019302,-0.07350090530116488,-0.6945689074971847,10.056449209586052,0.019255942366328327,0.019255942366328327,0.019255942366328327,0.75
55.98664134599858,9.198431907930589,5.295809240608387,0.12527486538319563,-0.7642552914453963,-0.1312969968722927,-0.5974042555916833,10.07666337082616,0.023431771212434782,0.023431771212434782,0.023431771212434782,0.75
56.00260349000018,9.198431907930589,5.295809240608387,0.12527486538319563,-0.7642552914453963,-0.1312969968722927,-0.5974042555916833,10.07666337082616,0.023431771212434782,0.023431771212434782,0.023431771212434782,0.75
56.0880796019992,9.202361063995642,5.269862159760175,0.11787468195159455,-0.7784124254463547,-0.14372851593591332,-0.5649811207729686,10.097435388508368,0.0273609272774884,0.0273609272774884,0.027235467286811386,0.7000000000000001
56.101314898000055,9.206104117809817,5.243562867496538,0.11229161442523772,-0.7889787679090906,-0.15639116514580367,-0.43257717054584166,10.118631112344405,0.031103981091662902,0.031103981091662902,0.031103981091662902,0.7000000000000001
56.197701719998804,9.20954503051807,5.217250927392955,0.10322738124761421,-0.7893582031074944,-0.1784270925540811,-0.3677961148295648,10.140008919889164,0.03454489379991621,0.03454489379991621,0.033527455190930824,0.7000000000000001
56.19991134999873,9.212717029421219,5.191135622766567,0.09515996709444315,-0.7834591387916358,-0.17626570488541296,-0.3337991235228854,10.161367984993367,0.037716892703064886,0.037716892703064886,0.037716892703064886,0.7000000000000001
56.2168472279991,9.21559696278366,5.1653423170490225,0.08639800087325335,-0.7737991715263484,-0.20101702274328548,-0.256480256256041,10.182607767241313,0.04059682606550652,0.04059682606550652,0.04059682606550652,0.7000000000000001
56.346441080999284,9.220241625029429,5.115419845124083,0.06359220172787908,-0.7395375567513681,-0.4271026514214402,-0.28711787822987095,10.224222335096474,0.045241488311274836,0.045241488311274836,0.04404578102857432,0.7000000000000001
56.41439599899968,9.22194271582018,5.091434096367132,0.05103272372253573,-0.7195724627085333,-0.43605249947750957,-0.2555302541352147,10.244496205662651,0.04694257910202637,0.04694257910202637,0.04694257910202637,0.7000000000000001
56.52434419800011,9.224072818691845,5.045990857799191,0.02535385041252845,-0.668641397322999,-0.5340257025429002,-0.2752652606752949,10.283469619951989,0.049072681973690635,0.049072681973690635,0.027963870819806117,0.7000000000000001
56.63905487899865,9.22446886051763,5.024739036959501,0.011881254773589764,-0.637554625190733,-0.7305982940122571,-0.3691779174588671,10.30199812848697,0.04946872379947642,0.04946872379947642,0.012410079434698018,0.7000000000000001
56.7463168459999,9.22447585616191,5.004472702793602,0.00020986932834970128,-0.6079900249769767,-0.8398569643644805,-0.4668062831619923,10.319852348332066,0.049475719443755395,0.049475719443755395,0.014296333633437982,0.7000000000000001
56.85541193099925,9.222723640212847,4.966942558716152,-0.036986266359335176,-0.5491673610594214,-0.8485913495851385,-0.4708178720634021,10.353770468555352,0.047723503494692565,0.047723503494692565,0.03134611233209969,0.7000000000000001
56.87304650299848,9.220812761848768,4.949467442675022,-0.05732635092237562,-0.5242534812338787,-0.7808277996958886,-0.39376229487339753,10.370087472514504,0.04581262513061368,0.04581262513061368,0.04538137220968375,0.7000000000000001
56.96553687499909,9.218151476735049,4.932641041726882,-0.07983855341158233,-0.5047920284442263,-0.7400892527952099,-0.3410404056967822,10.386188678910786,0.04315134001689458,0.04315134001689458,0.01358852783762721,0.7000000000000001
56.967158804000064,9.214489814968989,4.916492081113326,-0.10984985298178798,-0.48446881840667294,-0.7679475349119234,-0.36120215535620115,10.402164556682228,0.039489678250834714,0.039489678250834714,0.0261082234770699,0.7000000000000001
56.970323081999595,9.209539623907212,4.900823786818488,-0.1485057318532932,-0.47004882884513577,-0.8232228265354367,-0.4021907747822511,10.418322594894928,0.03453948718905764,0.03453948718905764,0.03759690963139499,0.7000000000000001
57.07752890299889,9.20331116233014,4.885468951520957,-0.18685384731213733,-0.4606450589259262,-0.8478808920238093,-0.42244519360172617,10.434804455108148,0.02831102561198584,0.02831102561198584,0.016569993984047307,0.7000000000000001
57.11382135399981,9.18643271618819,4.854312090844062,-0.27487232733494515,-0.47256236731942575,-0.7510527266745307,-0.3275823789169494,10.470238219164742,0.01143257947003562,0.01143257947003562,0.05193521971410902,0.75
57.183808779000174,9.18643271618819,4.854312090844062,-0.27487232733494515,-0.47256236731942575,-0.7510527266745307,-0.3275823789169494,10.470238219164742,0.01143257947003562,0.01143257947003562,0.023368992277533026,0.75
57.22851749799884,9.164069627529646,4.821528114218427,-0.35476930882066016,-0.497551661095043,-0.5971796792966918,-0.1945088093256536,10.509683590723098,0.010930509188508353,0.010930509188508353,0.0534719584247334,0.75
57.29332469899964,9.151017983035658,4.804641223131308,-0.3915493348196495,-0.5066067326135856,-0.5971796792966918,-0.1945088093256536,10.530722567561368,0.023982153682496232,0.023982153682496232,0.05837586983065928,0.75
57.3048632659993,9.13665023524714,4.787431406674964,-0.4310324336554998,-0.5162944936903321,-0.5660646807623062,-0.1904268303786801,10.552666710014872,0.03590775703474379,0.03590775703474379,0.07015826172374516,0.7762087348130012
57.32212437199996,9.121090252912033,4.769869432162736,-0.46679947005322364,-0.526859235366836,-0.5141014453041161,-0.15713990859583873,10.575484796572631,0.03449213479041923,0.03449213479041923,0.07157388396806971,0.7762087348130012
57.33678416699877,9.121090252912033,4.769869432162736,-0.46679947005322364,-0.526859235366836,-0.5086960243464799,-0.20601073504314873,10.575484796572631,0.03449213479041923,0.03449213479041923,0.07157388396806971,0.7762087348130012
57.40615266199893,9.104439698074556,4.751922034861768,-0.4995166451243055,-0.5384219190290213,-0.535054209544146,-0.2162024806194154,10.59915960689697,0.033575128690354755,0.033575128690354755,0.01967934243733728,0.7762087348130012
57.441262116999496,9.068553970767214,4.7150053025753635,-0.5488172348809415,-0.5578197466380784,-0.4373196179636303,-0.11949446297852936,10.648641914149001,0.03284609807822178,0.03284609807822178,0.05999476857768116,0.7433034373659253
57.515639126999304,9.049730240184436,4.69620847217291,-0.5647119174833287,-0.5639049120736127,-0.4069222481253528,-0.12436984408485774,10.674105102805578,0.03286511937814475,0.03286511937814475,0.0732008993803442,0.7158910531638177
57.55357709099917,9.030511707720917,4.677189062051072,-0.5765559739055783,-0.5705823036551398,-0.4226199824838619,-0.13421398005834545,10.699956893272264,0.03300592013623318,0.03300592013623318,0.07306009862225578,0.7158910531638177
57.63076654899851,8.991582152696978,4.63964005496271,-0.58436025285056,-0.5596863249163223,-0.374774045916046,-0.08506072199458528,10.751480976698511,0.033982114943233444,0.033982114943233444,0.03598592718312545,0.6946221994724903
57.764019326999914,8.972180257645025,4.621208843194296,-0.5820568515585576,-0.5529363530524155,-0.3229396027685357,-0.04194185267044,10.776920576139709,0.03466849167540751,0.03466849167540751,0.013834659826285518,0.6946221994724903
57.765796665999005,8.952934832667944,4.602961823977101,-0.5773627493124105,-0.5474105765158402,-0.30210722608506696,-0.05275977484789768,10.802130065574996,0.035374471158598736,0.035374471158598736,0.027523026246431777,0.6946221994724903
57.84634034299961,8.934110580947385,4.585220744596924,-0.5647275516167696,-0.5322323814053262,-0.28116277766947817,-0.0422982586544325,10.826700225319277,0.036140389665676176,0.036140389665676176,0.025587715917363356,0.6800735254367722
57.848117732999526,8.915809365497294,4.568037302804608,-0.5490364635026993,-0.5155032537694861,-0.28960704211691474,-0.05767291740351557,10.850536640903528,0.036930774998920564,0.036930774998920564,0.05041367747872853,0.6800735254367722
57.849794124000255,8.915809365497294,4.568037302804608,-0.5490364635026993,-0.5155032537694861,-0.26706082950462173,-0.030938998517411304,10.850536640903528,0.036930774998920564,0.036930774998920564,0.05041367747872853,0.6800735254367722
57.95507088100021,8.881101277915619,4.5355523697841145,-0.5101976330947491,-0.4758316973756076,-0.17576667213847247,0.07844293162139668,10.895667136183825,0.03850278266475843,0.03850278266475843,0.03785963710159665,0.6726812023536856
57.980437467998854,8.849011812331447,4.5065776637141175,-0.4732308473659386,-0.4218257108384084,-0.16125579303113324,0.07880147262224235,10.936481567185288,0.040705250238996384,0.040705250238996384,0.06536076851949256,0.6363961030678928
57.99952050799948,8.849011812331447,4.5065776637141175,-0.4732308473659386,-0.4218257108384084,-0.18334128859714274,0.053213667819712936,10.936481567185288,0.040705250238996384,0.040705250238996384,0.06536076851949256,0.6363961030678928
58.07372682699861,8.8336337300557,4.493163599052148,-0.46134246827239755,-0.40242193985908525,-0.18334128859714274,0.053213667819712936,10.955634136086497,0.042094020412068674,0.042094020412068674,0.016731330867410188,0.6726812023536856
58.096722717999,8.803983619215735,4.467904797791475,-0.43938798941296825,-0.37191583068597944,-0.2502234379196669,-0.06562123912298495,10.992044736533042,0.0451991451938755,0.0451991451938755,0.048403973402365984,0.6726812023536856
58.09841724299986,8.803983619215735,4.467904797791475,-0.43938798941296825,-0.37191583068597944,-0.2502234379196669,-0.06562123912298495,10.992044736533042,0.0451991451938755,0.0451991451938755,0.048403973402365984,0.6726812023536856
58.17725332599912,8.789898986392075,4.456221328468845,-0.422538984709822,-0.35050407967891695,-0.2553520396045739,-0.0982781949642506,11.009070798219037,0.04689702418819234,0.04689702418819234,0.022346443576318945,0.6403124237432849
58.18950666099954,8.776366450003001,4.445289278999276,-0.4059760916722235,-0.3279614840870755,-0.2733206219712387,-0.13343157803560396,11.025176337857818,0.04873584612336052,0.04873584612336052,0.029742187765014777,0.6800735254367722
58.28652409499955,8.776366450003001,4.445289278999276,-0.4059760916722235,-0.3279614840870755,-0.38366431709660037,-0.2576474502518347,11.025176337857818,0.04873584612336052,0.04873584612336052,0.0,0.6800735254367722
58.288240901998506,8.763366469582555,4.435114372609802,-0.3899994126133593,-0.30524719168421194,-0.40499360745862656,-0.28349219209715654,11.040365556833224,0.05073347512801428,0.05073347512801428,0.004687609873292623,0.6800735254367722
58.30215556999974,8.750983754447654,4.425839384995459,-0.37148145404703126,-0.2782496284302858,-0.4470463069208956,-0.33677732579951025,11.054472325719033,0.05293097033188183,0.05293097033188183,0.008764993342570502,0.6800735254367722
58.39287692899961,8.739254574896446,4.41754855945492,-0.3518753865362457,-0.2487247662162014,-0.4845231369951987,-0.394193373231897,11.067405179683366,0.055362253768944464,0.055362253768944464,0.007907826904163326,0.651920240520265
58.404368692999924,8.72810613892062,4.410111690593208,-0.3344530792748091,-0.2231060658513547,-0.4562214802931047,-0.3747596660430514,11.07931311514756,0.05798672804416465,0.05798672804416465,0.014980891605331653,0.651920240520265
58.40595664799912,8.717401614539547,4.403248854865283,-0.3211357314321954,-0.20588507183773916,-0.4169767625544415,-0.36999571741859494,11.09050711869538,0.06070321214201195,0.06070321214201195,0.021751211072355225,0.651920240520265
58.50610599499851,8.706975248974619,4.39669132003427,-0.3127909669478406,-0.19672604493038498,-0.3739065997870547,-0.3605600180597026,11.101302414756146,0.0634388885892263,0.0634388885892263,0.010593538138736315,0.6946221994724903
58.61786760099858,8.675313467219235,4.376240251219382,-0.325891323758635,-0.2176551330415226,-0.2607078093763306,-0.2402306855828349,11.134573527124381,0.07136605973138692,0.07136605973138692,0.0008504100028259433,0.670820393249937
58.623690810998596,8.664220946983988,4.368473000819834,-0.3327756070573846,-0.23301751198644682,-0.3147377788145305,-0.28188812699299604,11.146762384162505,0.07371738058148469,0.07371738058148469,0.006527064372746416,0.670820393249937
58.6545574569991,8.664220946983988,4.368473000819834,-0.3327756070573846,-0.23301751198644682,-0.37553843117945684,-0.3098446569703561,11.146762384162505,0.07371738058148469,0.07371738058148469,0.006527064372746416,0.670820393249937
58.724260048998985,8.653022420089552,4.360200408981068,-0.335955806833086,-0.24817775516297125,-0.40661941426694087,-0.3251631823927859,11.159447156076308,0.07578632910066076,0.07578632910066076,0.009998720306879426,0.670820393249937
58.72575018099997,8.653022420089552,4.360200408981068,-0.335955806833086,-0.24817775516297125,-0.36501752136321536,-0.32487957641402543,11.159447156076308,0.07578632910066076,0.07578632910066076,0.009998720306879426,0.670820393249937
58.76179994799895,8.641808333655348,4.35142649435199,-0.33642259302612265,-0.2632174388723591,-0.31335377996615493,-0.2719355103902362,11.172579901776338,0.07642643064952548,0.07642643064952548,0.02049451653019516,0.65
58.83083680299933,8.630638639637475,4.342155085034163,-0.335090820536212,-0.2781422795347923,-0.2973771105077986,-0.28132933524877113,11.18612761748905,0.0671550213316987,0.0671550213316987,0.026410040664004014,0.696419413859206
58.847150855999644,8.619566961195586,4.3323969217632134,-0.33215035325665027,-0.2927448981284792,-0.2054789538199548,-0.1798959558235304,11.200054293921959,0.057396858060749345,0.057396858060749345,0.02628314215857551,0.696419413859206
58.91152767099993,8.608684240806888,4.322234139915275,-0.3264816116609455,-0.30488345543816076,-0.23825813352580988,-0.1720195632127731,11.214243353066713,0.04723407621281073,0.04723407621281073,0.025774068734366627,0.696419413859206
58.9665130909998,8.598075488113558,4.311761541739501,-0.3182625807998752,-0.31417794527320225,-0.3946952383819957,-0.10715091432849615,11.228570053674098,0.03676147803703689,0.03676147803703689,0.016838050459893852,0.6800735254367722
59.05396011599987,8.58788217054203,4.301238511849571,-0.3057995271458309,-0.3156908966978972,-0.42466661162049957,-0.09046409165105065,11.242738530602251,0.026238448147107185,0.026238448147107185,0.004819653340601975,0.6800735254367722
59.09271743499994,8.568441601986219,4.28002634817468,-0.2900205039451958,-0.32009533786821126,-0.5812906374647671,-0.02103663305758563,11.270759549967353,0.005026284472215536,0.005026284472215536,0.015032508870703504,0.7280109889280518
59.1340066369994,8.568441601986219,4.28002634817468,-0.2900205039451958,-0.32009533786821126,-0.5812906374647671,-0.02103663305758563,11.270759549967353,0.005026284472215536,0.005026284472215536,0.015032508870703504,0.7280109889280518
59.16606453500026,8.558974924883406,4.269426879978091,-0.28400031308438983,-0.3179840458976749,-0.6329268654349022,0.020356038871297777,11.284641188410385,0.005573183724373543,0.005573183724373543,0.009441165991519035,0.7280109889280518
59.17862162900019,8.549766442638429,4.25894444975068,-0.27625446734930376,-0.31447290682231877,-0.6823582954935843,0.06725550436292071,11.298294866233373,0.01605561395178423,0.01605561395178423,0.018795745430461516,0.7158910531638177
59.20981900999868,8.5409013814959,4.248705072973716,-0.2659518342758854,-0.3071813033089184,-0.7239188494681881,0.12044890903963279,11.311568820880153,0.02629499072874797,0.02629499072874797,0.027948353483490285,0.7648529270389178
59.27384700699986,8.532283270587804,4.238732091858363,-0.25854332724287254,-0.29918943346058646,-0.7287897300648368,0.15435983614929932,11.324490025388364,0.0362679718441008,0.0362679718441008,0.030795289027228463,0.7648529270389178
59.28882328399959,8.52390399868009,4.229004291869249,-0.25137815723139856,-0.29183399967342216,-0.7908511980162624,0.21111321656891618,11.337080880273879,0.04599577183321468,0.04599577183321468,0.03174884237820693,0.7648529270389178
59.3830300919999,8.5155768098589,4.219550445800708,-0.2498156646357127,-0.28361538205622205,-0.8536906371385027,0.23711786689886982,11.349408167814861,0.05544961790175584,0.05544961790175584,0.014758600046006607,0.7648529270389178
59.42320155099878,8.497689398176115,4.201630785991453,-0.276617629643516,-0.26372880357578676,-1.0214406225987585,0.26345283719831375,11.373811901739034,0.06792365181295261,0.06792365181295261,0.028014683195077612,0.7566372975210779
59.49275251899962,8.487764574278279,4.193162026304624,-0.29774471693508126,-0.25406279060487136,-1.0214406225987585,0.26345283719831375,11.386071539858625,0.06689405893550567,0.06689405893550567,0.0298556593413534,0.75
59.51362075899851,8.477029887884592,4.185155649804086,-0.32204059181056105,-0.2401912950161505,-1.0429749938756483,0.3062873321767781,11.398330200970445,0.06496485250888247,0.06496485250888247,0.03921967404548453,0.75
59.62584508699911,8.452886909691912,4.170523733095938,-0.376023316559468,-0.21256959299690265,-1.0252600848040956,0.3199452835526683,11.422976196672211,0.061199209516001905,0.061199209516001905,0.035967533499716375,0.75
59.628017145998456,8.452886909691912,4.170523733095938,-0.376023316559468,-0.21256959299690265,-1.0090611160719145,0.2533141317709602,11.422976196672211,0.061199209516001905,0.061199209516001905,0.035967533499716375,0.75
59.629880888000116,8.439454812051123,4.1637983357563755,-0.40296292922366106,-0.20176192018687322,-0.9568357652332696,0.32218319178442023,11.435465680825112,0.06288552595357853,0.06288552595357853,0.04804189946638786,0.75
59.71275043700007,8.425060945605376,4.157663044234016,-0.4318159933724217,-0.1840587456707944,-0.8528370738999105,0.3291216820274129,11.447925463291739,0.06733704619029758,0.06733704619029758,0.014360319191057472,0.75
59.71462223399976,8.425060945605376,4.157663044234016,-0.4318159933724217,-0.1840587456707944,-0.8210726566022533,0.33015720725318215,11.447925463291739,0.06733704619029758,0.06733704619029758,0.014360319191057472,0.75
59.72496384799888,8.409583390199167,4.152227996400685,-0.4643266621862655,-0.16305143499990254,-0.7875061484635039,0.3309893886356499,11.460323251492147,0.07277206655672064,0.07277206655672064,0.028959039672736647,0.75
59.835750317999555,8.375172701826529,4.14315430342208,-0.5336944945583167,-0.12839166961136958,-0.5498221925603333,0.33479804062880225,11.485313396654632,0.08184575953532569,0.08184575953532569,0.03497431247429135,0.7000000000000001
59.87375868299932,8.355977940243058,4.139328635109385,-0.5758428475041091,-0.11477004938085095,-0.4813858092391128,0.33527869281070044,11.498206967276518,0.08567142784802062,0.08567142784802062,0.05395305153513573,0.7000000000000001
59.941029960999,8.335253962342836,4.135998827110729,-0.6217193370066222,-0.09989423995968766,-0.4813858092391128,0.33527869281070044,11.51145587022001,0.08900123584667696,0.08900123584667696,0.027433336380964415,0.7000000000000001
59.943004008999196,8.313035716933685,4.1332047369874365,-0.6665473622745427,-0.08382270369877401,-0.45826192855013564,0.3202814579245451,11.525014682346175,0.09179532596996953,0.09179532596996953,0.041698889099225166,0.7000000000000001
59.980798223999955,8.289433701779345,4.130954308436924,-0.7080604546302343,-0.06751285651537502,-0.3891966046777774,0.2110303724094339,11.538828047357756,0.09404575452048203,0.09404575452048203,0.04404575377542397,0.7000000000000001
60.05313466000007,8.264552632153844,4.129112703339788,-0.746432088765037,-0.05524815291406896,-0.3874021556527734,0.19165479104639715,11.552966695425146,0.09588735961761774,0.09588735961761774,0.03861173723565481,0.7000000000000001
60.07736244899934,8.238792225448831,4.127884878662042,-0.7728122011503601,-0.03683474033239096,-0.28703832949905295,0.16738856102499222,11.567058250466115,0.09711518429536437,0.09711518429536437,0.047115183550306305,0.70178344238091
60.1645929289989,8.212599179918133,4.127222663296795,-0.7857913659209468,-0.01986646095741388,-0.35050659078466295,0.1437618982930507,11.580922943520594,0.09777739966061105,0.09777739966061105,0.040586402108645,0.70178344238091
60.21221576700009,8.186214303105363,4.127085971554731,-0.7915463043831079,-0.004100752261928173,-0.1802653019527218,0.13780582094007854,11.594476076457962,0.09791409140267504,0.09791409140267504,0.04791409065761698,0.7071067811865476
60.282075433999125,8.160142172711488,4.127557833694689,-0.7821639118162114,0.014155864198734805,-0.14666972367461692,0.1347475806526418,11.607390480581962,0.09744222926271728,0.09744222926271728,0.041015603157176506,0.7071067811865476
60.284225961999255,8.160142172711488,4.127557833694689,-0.7821639118162114,0.014155864198734805,-0.11764124471787174,0.12916628128557933,11.607390480581962,0.09744222926271728,0.09744222926271728,0.041015603157176506,0.7071067811865476
60.380779257999166,8.134597201475689,4.128567903028407,-0.7663491370739697,0.030302080011559096,-0.012598354185352038,0.11803144328528915,11.61961654329251,0.096432159928999,0.096432159928999,0.019925698380810836,0.7158910531638177
60.491428790999635,8.062327106459612,4.134158864410974,-0.6982319178199524,0.06491942809776109,-0.07255811289387391,0.09716942163289662,11.652102106881433,0.09084119854643191,0.09084119854643191,0.04000613493702534,0.7280109889280518
60.49328812400017,8.039864288727273,4.136521271639026,-0.6738845319702097,0.07087221684156396,-0.10536220566792277,0.092500907267527,11.661738858744206,0.08847879131837999,0.08847879131837999,0.03847879057332193,0.7433034373659253
60.52275982699939,8.018438054239024,4.138947946102252,-0.6427870346474668,0.07280023389676872,-0.2078835220371427,0.08292722905222301,11.670816326229652,0.08605211685515446,0.08605211685515446,0.0360521161100964,0.7433034373659253
60.5996100759985,7.998086034992738,4.141373772584112,-0.6105605773885603,0.07277479445580642,-0.24432810335350516,0.07251866482029855,11.679366009066,0.08362629037329405,0.08362629037329405,0.011131262988406448,0.7615773105863909
60.60122923899871,7.97873907640548,4.143764185868279,-0.5804087576177317,0.07171239852500166,-0.27762234844802514,0.0692406199735646,11.687449117806858,0.08123587708912705,0.08123587708912705,0.021647889124382973,0.7615773105863909
60.7119245089998,7.960573752723227,4.1461618389439,-0.5449597104675934,0.07192959226862972,-0.4403543375079818,0.039416581866306755,11.694932611274321,0.07883822401350571,0.07883822401350571,0.00705566311220047,0.7615773105863909
60.714113815998644,7.94376142476711,4.14860202140492,-0.5043698386835137,0.07320547383059312,-0.4762955283913081,0.01948663971537186,11.701691976956653,0.07639804155248608,0.07639804155248608,0.013394638979554735,0.7826237921249265
60.739590533999944,7.928411288703436,4.151089190442001,-0.46050408191021197,0.07461507111241229,-0.5764425343626771,0.02171944895896255,11.707661317186417,0.0739108725154054,0.0739108725154054,0.018958199977063835,0.8
60.823212573999626,7.901504313690074,4.156052270040207,-0.38628199962375254,0.07432033742206423,-0.693697782995157,0.10046442037892078,11.717655278654311,0.0689477929171991,0.0689477929171991,0.008189815155881268,0.8
60.930555031998665,7.889645939016116,4.158505099541659,-0.3557512402187451,0.07358488504357438,-0.7297768862238395,0.1581474050879464,11.721852175258748,0.06649496341574679,0.06649496341574679,0.01018862062344744,0.8
60.93234338199909,7.889645939016116,4.158505099541659,-0.3557512402187451,0.07358488504357438,-0.6959252073604247,0.1595714068587053,11.721852175258748,0.06649496341574679,0.06649496341574679,0.01018862062344744,0.8
60.93385554499946,7.878332621149961,4.160866308409276,-0.3393995359846408,0.07083626602851385,-0.6615912967243999,0.16152547067787026,11.72584851993068,0.06413375454812975,0.06413375454812975,0.01990135436966976,0.8
61.04272566599866,7.856309482324688,4.165156327185599,-0.33174895610887817,0.06120572253437484,-0.5601551176567049,0.16570689533907093,11.733916229621247,0.059843735771806905,0.059843735771806905,0.014190222660761434,0.8
61.04454500399879,7.856309482324688,4.165156327185599,-0.33174895610887817,0.06120572253437484,-0.534638265585704,0.13052358595789004,11.733916229621247,0.059843735771806905,0.059843735771806905,0.014190222660761434,0.8
61.04609911599982,7.845053743476776,4.166935720073603,-0.33767216543737005,0.053381786640106905,-0.49200938278072165,0.16260954478327963,11.738403582308099,0.05806434288380302,0.05806434288380302,0.021706843080440286,0.8
61.090286206999735,7.833391289250449,4.168421336220551,-0.349873626789811,0.04456848440844377,-0.3599108174470068,0.13203803245269252,11.743365764910896,0.05657872673685471,0.05657872673685471,0.02972401780109334,0.8
61.18701659499857,7.8077958008111095,4.170384812417846,-0.3962973542466864,0.024297447666090755,-0.49510305069578553,0.11304306145703569,11.755385636284013,0.054615250539559845,0.054615250539559845,0.02112056167617974,0.8
61.26080263699987,7.793763522960165,4.170784074542813,-0.4209683355283284,0.011977863749005729,-0.49510305069578553,0.11304306145703569,11.762565510920668,0.054215988414592964,0.054215988414592964,0.0258790615750135,0.8
61.281308924999394,7.778857173723212,4.170825216905659,-0.44719047710859844,0.0012342708854019523,-0.47109507879824175,0.1464500650831246,11.770529236335426,0.054174846051746606,0.054174846051746606,0.036222442179394035,0.8
61.37103494999974,7.763019174346561,4.170680326818545,-0.4751399812995263,-0.0043467026134318566,-0.44868588836569934,0.1663494455496236,11.779164450712436,0.05431973613886143,0.05431973613886143,0.019116689025197017,0.8
61.37288310199983,7.746499279571226,4.170413043995019,-0.49559684326006714,-0.008018484705776461,-0.4863112899450305,0.1523590798082506,11.788285223956587,0.054587018962386935,0.054587018962386935,0.029554794837346233,0.8
61.39264063599876,7.729374778984034,4.170006724877392,-0.513735017615772,-0.012189573528808173,-0.46035746767589664,0.18105078567635038,11.797865576053363,0.054993338080014276,0.054993338080014276,0.040476421414114186,0.8
61.5051454759996,7.729374778984034,4.170006724877392,-0.513735017615772,-0.012189573528808173,-0.4538503820024861,0.18655551248383026,11.797865576053363,0.054993338080014276,0.054993338080014276,0.0,0.8
61.50734074799948,7.711716112782065,4.169431555806857,-0.5297599860590664,-0.01725507211605324,-0.44419289079020013,0.1846727836674378,11.807893997173794,0.05556850715054917,0.05556850715054917,0.012961394584550237,0.8
61.509517956999844,7.693588972146667,4.168652047533607,-0.5438142190619081,-0.023385248197492395,-0.41732511810765216,0.17050822863580123,11.818365978880465,0.05634801542379897,0.05634801542379897,0.02639958915680719,0.8
61.594337880998864,7.6754525068979,4.167781953744495,-0.5440939574630291,-0.026102813673359405,-0.28912794818478,0.18402546064977204,11.828937645008025,0.05721810921291137,0.05721810921291137,0.031165107750486264,0.8
61.59650443999999,7.657379379398679,4.166840873175527,-0.5421938249766184,-0.0282324170690239,-0.2609896082427647,0.17487801394781613,11.839552808269984,0.05815918978187895,0.05815918978187895,0.04676280834076972,0.8
61.61622222999904,7.657379379398679,4.166840873175527,-0.5421938249766184,-0.0282324170690239,-0.1536411226085457,0.1879532720767328,11.839552808269984,0.05815918978187895,0.05815918978187895,0.04676280834076972,0.8
61.70756392200019,7.639413626194076,4.165834195763673,-0.5389725961380865,-0.030200322355623598,-0.12178730201014104,0.19153792249973028,11.850182552157799,0.05916586719373296,0.05916586719373296,0.016186705226821054,0.8
61.70953834099964,7.6216145614104125,4.164915986576351,-0.5339719435099135,-0.0275462756196525,-0.10250449132537473,0.19776050723889732,11.860664915792695,0.06008407638105506,0.06008407638105506,0.03218473792406103,0.8
61.71119556600024,7.6216145614104125,4.164915986576351,-0.5339719435099135,-0.0275462756196525,-0.08627106908232117,0.20130611710343616,11.860664915792695,0.06008407638105506,0.06008407638105506,0.03218473792406103,0.8
61.73612585099909,7.603960766071206,4.164162828963077,-0.5296138601761838,-0.022594728398231435,-0.12692917469270726,0.1993204797728835,11.87094714073402,0.060837233994329054,0.060837233994329054,0.04797555980494711,0.8
61.81860608099851,7.586458851364346,4.163665124943388,-0.5250574412058204,-0.014931120590664908,-0.12074471362684946,0.196574301476551,11.880949837628142,0.061334938014018014,0.061334938014018014,0.02854331479386475,0.8
61.820680647999325,7.569100850969502,4.163470526921315,-0.5207400118453268,-0.005837940662189324,-0.16075385828602712,0.19150886319353594,11.890637563401244,0.06152953603609124,0.06152953603609124,0.04237717441461531,0.8
61.84972017099972,7.552177716521292,4.163565824744395,-0.5076940334462774,0.0028589346923970985,-0.288763120736226,0.18258504976794065,11.899861376302157,0.061434238213011305,0.061434238213011305,0.05568974661593876,0.8
61.92347033599981,7.535771778159532,4.163927657128352,-0.4921781508528157,0.01085497151872173,-0.32251817627206414,0.1708278634935012,11.908594616964075,0.061072405829054155,0.061072405829054155,0.02682318301520267,0.8
61.92688845500015,7.519923509034001,4.1645672400305145,-0.4754480737659126,0.01918748706487217,-0.33655297905832193,0.15602704882248994,11.916804553018325,0.06043282292689156,0.06043282292689156,0.03933187978626552,0.8
61.94512931299869,7.504775768348224,4.165508553821164,-0.4544322205733202,0.02823941371949524,-0.350484976779272,0.14327963761354495,11.924391093886817,0.059491509136242016,0.059491509136242016,0.05109541907792625,0.8
62.0307860239991,7.504775768348224,4.165508553821164,-0.4544322205733202,0.02823941371949524,-0.36597265360962156,0.13117647793072199,11.924391093886817,0.059491509136242016,0.059491509136242016,0.011595250221269579,0.8
62.076447176999864,7.477100363126008,4.168475317968081,-0.40287153696209144,0.0501020555934332,-0.3378148699399617,0.13726905149111276,11.937251865899238,0.056524744989324915,0.056524744989324915,0.032036228768941945,0.8
62.14370740499908,7.4643490785676905,4.1704929016190615,-0.3825385367495008,0.06052750952940627,-0.36549759871877313,0.11751098924517557,11.942653573134528,0.054507161338344545,0.054507161338344545,0.03392059908933239,0.8
62.14845097199941,7.4519799110673,4.172784727609766,-0.3710750250116911,0.06875477972114016,-0.26546989043064745,0.10093583434614847,11.947626298442323,0.05221533534763978,0.05221533534763978,0.043955934309879194,0.8
62.17558403299881,7.4398021113830275,4.175277535147408,-0.3653339905281985,0.07478422612924544,-0.2770415949283257,0.08222189749816322,11.952336671960328,0.04972252780999842,0.04972252780999842,0.04972252780999842,0.8
62.2477322779996,7.427734778583766,4.1779170892836675,-0.3620199839778329,0.07918662408780094,-0.31019473292485067,0.08143001917217921,11.95687469500495,0.04708297367373859,0.04708297367373859,0.019183701712201323,0.8
62.24959968599978,7.415720764481064,4.180646954130718,-0.3604204230810789,0.08189594541152427,-0.3187993990474333,0.057171109010802315,11.961319063840152,0.04435310882668819,0.04435310882668819,0.028603975080482534,0.8
62.27703268999903,7.403691315618073,4.183407934313579,-0.3608834658897132,0.08282940548583013,-0.33799605039478214,0.03972631036600414,11.965757318020604,0.041592128643826776,0.041592128643826776,0.038023677541179135,0.8
62.36146697199911,7.391589903253077,4.1861472026427995,-0.3630423709498716,0.08217804987660896,-0.35782482184243364,0.02845470560795891,11.970264964227118,0.03885286031460655,0.03885286031460655,0.008405826833528144,0.8
62.37365132800005,7.379418561428085,4.188815627154023,-0.3651402547497691,0.08005273533670089,-0.3496575283349407,0.023274991359671586,11.974881650564386,0.03618443580338315,0.03618443580338315,0.016909442979174568,0.8
62.39231838999876,7.367192018435054,4.191392903696827,-0.36679628979093865,0.07731829628414022,-0.467884620966519,0.030508079776115433,11.979615933139685,0.03360715926057889,0.03360715926057889,0.025510254105312144,0.8
62.47098678899965,7.355151505802395,4.193822359480808,-0.36121537897977585,0.07288367351941329,-0.4718660307591902,0.02646016598747971,11.984378859799206,0.031177703476598317,0.031177703476598317,0.0056014120454670946,0.8
62.47307373900003,7.355151505802395,4.193822359480808,-0.36121537897977585,0.07288367351941329,-0.5046498998586149,0.026118055569777962,11.984378859799206,0.031177703476598317,0.031177703476598317,0.0056014120454670946,0.8
62.474788251000064,7.3432025731426105,4.196064893755043,-0.358467979793524,0.06727602822706777,-0.539975670599139,0.02702829250258569,11.989255275299543,0.028935169202362943,0.028935169202362943,0.011291974459245319,0.8
62.5037300719996,7.3312700993654065,4.198094491570253,-0.3579742133161204,0.06088793445630501,-0.6413515082843196,0.029919905926539758,11.994308532200433,0.026905571387152882,0.026905571387152882,0.01713883926744161,0.8
62.589881324998714,7.319371598648957,4.19990155400505,-0.35695502149348046,0.05421187304390942,-0.7770312907314214,0.03132604409818705,11.999536272606537,0.025098508952355658,0.025098508952355658,0.003502434256350367,0.8
62.691359051999825,7.2950226655760035,4.20282553301519,-0.3693744746174709,0.04033045538222704,-0.8182178052735634,0.031506128709635206,12.010902503640613,0.022174529942216026,0.022174529942216026,0.011368023060945384,0.75
62.72997774099895,7.282352599444531,4.203961394009989,-0.38010198394417904,0.03407582984394712,-0.8312267219641857,0.0329781307012359,12.017150085171835,0.02103866894741735,0.02103866894741735,0.01580883100725804,0.75
62.80137082100009,7.269157870607081,4.204848739054845,-0.3958418651234733,0.026620351345681477,-0.8570803385430096,0.033783302288565936,12.02391045682201,0.020151323902561025,0.020151323902561025,0.005879795418375217,0.75
62.81435205999878,7.255381352940053,4.205495560540079,-0.41329553001084335,0.019404644557038473,-0.8906747769141107,0.0351890835444722,12.031210351671723,0.01950450241732682,0.01950450241732682,0.009422294139107737,0.75
62.81703051799923,7.255381352940053,4.205495560540079,-0.41329553001084335,0.019404644557038473,-0.9257120779518773,0.006023747361028009,12.031210351671723,0.01950450241732682,0.01950450241732682,0.009422294139107737,0.75
62.83694292299879,7.240970038195512,4.2058678776384575,-0.4323394423362104,0.011169512951349905,-0.9490243369587398,0.04019322296242367,12.039108873653323,0.019132185318948558,0.019132185318948558,0.01341813433538436,0.75
62.91616968899871,7.225890668278638,4.205978841117469,-0.4523810975062332,0.003328904370337991,-0.940455813255024,0.0459390856641812,12.04761527427208,0.01902122183993704,0.01902122183993704,0.015525423486041048,0.75
62.95511744399846,7.210182599386116,4.205814697723248,-0.47124206677566916,-0.004924301826618011,-0.8068911734390092,0.04903581897013104,12.056719562534045,0.019185365234157814,0.019185365234157814,0.019185365234157814,0.75
63.046912676998545,7.193821041679612,4.205337277410604,-0.49084673119514266,-0.014322609379316073,-0.7558711884522636,0.0595963190441845,12.066468339914021,0.01966278554680212,0.01966278554680212,0.011828881275938945,0.75
63.13121268699979,7.176711023137824,4.204494017585494,-0.5133005562536144,-0.025297794753286917,-0.7897121240250355,0.06891143839826369,12.076960251037617,0.020506045371911696,0.020506045371911696,0.017184151690861793,0.75
63.133940371999415,7.158784341811285,4.203258670580987,-0.5378004397961704,-0.037060410135218845,-0.7565420361853791,0.07126935105812288,12.088257267071816,0.021741392376418922,0.021741392376418922,0.021741392376418922,0.75
63.16060291800022,7.120679870866849,4.19947363158449,-0.5823121916625252,-0.06267305720553187,-0.731201248614105,0.09599212458269124,12.113270897516243,0.025526431372916214,0.025526431372916214,0.025526431372916214,0.8
63.243674055000156,7.100510023771145,4.197092444923509,-0.6050954128711101,-0.07143559982942094,-0.765263832540406,0.10571480310430692,12.12684781679556,0.027907618033896853,0.027907618033896853,0.027907618033896853,0.8
63.25699030299984,7.100510023771145,4.197092444923509,-0.6050954128711101,-0.07143559982942094,-0.800802110492103,0.0877576259399705,12.12684781679556,0.027907618033896853,0.027907618033896853,0.027907618033896853,0.8
63.35286266299954,7.0578604315751505,4.191476025238953,-0.6508539708249649,-0.08756132603809691,-0.6556216467181584,0.1456970242795434,12.156092178804395,0.03352403771845314,0.03352403771845314,0.03352403771845314,0.8
63.37804785099979,7.035595388896164,4.1883522901130945,-0.6679512803695833,-0.0937120537757575,-0.5207845945541809,0.16178038413269563,12.171547676211578,0.03664777284431153,0.03664777284431153,0.03664777284431153,0.8
63.46553675999894,7.012933907894986,4.185067136261997,-0.6798444300353379,-0.09855461553292748,-0.4947320754175738,0.17824987650451937,12.187386901477137,0.03993292669540871,0.03993292669540871,0.014538573201706107,0.8
63.46742131099927,6.989958604550677,4.181589722849735,-0.6892591003292944,-0.10432240236786991,-0.46825675598138394,0.164055248149914,12.20358763113876,0.04341034010767064,0.04341034010767064,0.02940406471020994,0.7905694150420949
63.50173195699972,6.966776299686363,4.177902540504194,-0.6954691459294134,-0.11061547036623712,-0.3931371498579857,0.20853729635062646,12.220102223567906,0.04709752245321219,0.04709752245321219,0.04455617605648053,0.7905694150420949
63.60031404599977,6.966776299686363,4.177902540504194,-0.6954691459294134,-0.11061547036623712,-0.4064895671061303,0.1959244998418168,12.220102223567906,0.04709752245321219,0.04709752245321219,0.0159463623698864,0.7905694150420949
63.602013499999885,6.943444279842341,4.173965649605692,-0.6999605953206596,-0.1181067269550651,-0.36684175943575803,0.21873587556231594,12.23692966805518,0.051034413351714214,0.051034413351714214,0.032183526019914185,0.7762087348130012
63.61374051799976,6.920085750792403,4.16990572804193,-0.700755871498154,-0.12179764691286821,-0.38651987924222586,0.23282010859466534,12.253894926754871,0.05509433491547622,0.05509433491547622,0.04853771047249682,0.7762087348130012
63.68481643599989,6.896713274184822,4.165806276064233,-0.7011742982274378,-0.12298355933091361,-0.38651987924222586,0.23282010859466534,12.270922728099544,0.05919378689317334,0.05919378689317334,0.034475026775269306,0.7648529270389178
63.722994730998835,6.85012330665907,4.158175108663864,-0.6975300128291197,-0.11166295300832199,-0.36014541283605433,0.2629818982609257,12.304494879459247,0.0668249542935424,0.0668249542935424,0.0668249542935424,0.7648529270389178
63.79584740300015,6.8272175388972824,4.154692537452291,-0.6871730328536034,-0.10447713634715844,-0.31006904228820453,0.2667862785335085,12.320815932848378,0.07030752550511465,0.07030752550511465,0.052810483399991316,0.7566372975210779
63.80540527099947,6.8272175388972824,4.154692537452291,-0.6871730328536034,-0.10447713634715844,-0.29751832904760894,0.2686649194644671,12.320815932848378,0.07030752550511465,0.07030752550511465,0.052810483399991316,0.7566372975210779
63.83658478399957,6.804835766682145,4.15150736433522,-0.6714531664541092,-0.09555519351213308,-0.29237426147559165,0.27009603421696204,12.336609214567689,0.07349269862218577,0.07349269862218577,0.06951466378117382,0.7566372975210779
63.90137624599993,6.783147567520294,4.148683853133002,-0.6506459748555113,-0.08470533606656655,-0.30094717524582126,0.264151075082133,12.351721441709248,0.07631620982440435,0.07631620982440435,0.03896218616549592,0.70178344238091
63.91385095700025,6.762289000069189,4.146387683785371,-0.6257570235331688,-0.0688850804289048,-0.2799211943109616,0.2559873227026398,12.365937120170276,0.07861237917203479,0.07861237917203479,0.05707660288138961,0.70178344238091
64.0110483970002,6.742161952833635,4.144645904808862,-0.6038114170666087,-0.052253369295262676,-0.13534501421331663,0.2600196759201777,12.37929141304008,0.08035415814854385,0.08035415814854385,0.013634315355767333,0.7000000000000001
64.01361041899872,6.722715481032733,4.143408272535422,-0.5833941540270734,-0.0371289682032243,-0.1785436228182862,0.2612154670002991,12.391854005805998,0.08159179042198428,0.08159179042198428,0.026454357742996815,0.7000000000000001
64.03617673499866,6.703915266935593,4.142749252942775,-0.5640064229141851,-0.019770587779393965,-0.27165405854911784,0.2742773975751466,12.403584635839755,0.08225081001463064,0.08225081001463064,0.03225080926957258,0.7000000000000001
64.12889498699951,6.6857272779509325,4.142680900397209,-0.5456396695398185,-0.0020505763670025587,-0.33802902300900056,0.2741611270973647,12.414493290031432,0.08231916256019733,0.08231916256019733,0.013587714342427011,0.7000000000000001
64.14294753299873,6.668109554289718,4.1431477085034345,-0.5285317098364248,0.014004243186780542,-0.3709676653902794,0.28463352167231204,12.42464901523259,0.08185235445397154,0.08185235445397154,0.026393582527902994,0.7000000000000001
64.14593607200004,6.651135535291706,4.144212908967217,-0.5092205699403789,0.0319560139134637,-0.41293961258639833,0.28012604167138555,12.433956667753389,0.08078715399018943,0.08078715399018943,0.03078715324513137,0.7000000000000001
64.23553041099876,6.634749357410461,4.145831985253347,-0.4915853364373778,0.04857228858390888,-0.5051001790274997,0.2938648942500107,12.442484800974798,0.07916807770405931,0.07916807770405931,0.017665613544639254,0.7000000000000001
64.23717396999928,6.618874997721922,4.14793017573915,-0.4762307906561634,0.06294571457410078,-0.5483721742081262,0.28033783250362343,12.45033835229684,0.07706988721825603,0.07706988721825603,0.025411530589462647,0.7000000000000001
64.25144765099867,6.603502178803219,4.150452966695882,-0.46118456756108883,0.07568372870196982,-0.6400590732570834,0.31324791375787353,12.457566606329618,0.074547096261524,0.074547096261524,0.024547095516465944,0.75
64.34292177199859,6.588745980202163,4.153369420348327,-0.44268595803168215,0.08749360957335858,-0.6722385220544855,0.3244999155485245,12.464124391147214,0.0716306426090787,0.0716306426090787,0.011191099736071313,0.75
64.34525326999938,6.574657370222573,4.15664446842969,-0.4226582993877124,0.09825144244087848,-0.7145242597563032,0.31298849785265903,12.470008056242598,0.06835645372274617,0.06835645372274617,0.01580152721330251,0.75
64.36298430699935,6.574657370222573,4.15664446842969,-0.4226582993877124,0.09825144244087848,-0.712460211500788,0.35581191721530236,12.470008056242598,0.06835645372274617,0.06835645372274617,0.01580152721330251,0.75
64.38259292200019,6.561118700043621,4.160260058466282,-0.4061601053685653,0.10846770109775553,-0.7012136623772003,0.3583770292666022,12.475302054866356,0.06621148986425125,0.06621148986425125,0.014740003746066321,0.75
64.45032427200022,6.547910547119148,4.164178393710532,-0.3962445877341896,0.11755005732753322,-0.7012136623772003,0.3583770292666022,12.480168512336796,0.0665816732709174,0.0665816732709174,0.01721155210647864,0.75
64.46672416099864,6.534896301888492,4.1683519565989995,-0.3904273569196857,0.1252068866540165,-0.5670771447851338,0.3340027831978346,12.48472774317371,0.06940693347607563,0.06940693347607563,0.025287769613589608,0.75
64.5011221829991,6.521698025773795,4.172785445526531,-0.39594828344088867,0.1330046678259627,-0.5342656459973609,0.326313481573552,12.489205323923162,0.07461156676729491,0.07461156676729491,0.03336010875611946,0.75
64.56040974999996,6.508011371694714,4.177425059294348,-0.4105996223724345,0.13918841303448803,-0.5009880073134187,0.317062995521047,12.493829868628616,0.08100879032105862,0.08100879032105862,0.015386391292336727,0.75
64.6009645769991,6.493638444359741,4.182222750038198,-0.43118782004918116,0.14393072231550894,-0.4822896355521589,0.2516396767359803,12.498761606454536,0.08777950504610696,0.08777950504610696,0.02090921558514746,0.75
64.68174141700001,6.478502150635782,4.187129277125674,-0.4540888117187809,0.14719581262428322,-0.3861147374068931,0.2049622366479401,12.504088748736644,0.08787078657679004,0.08787078657679004,0.018712212788588582,0.75
64.77639375199942,6.462460959738983,4.192142591225881,-0.48123572690396454,0.15039942300621006,-0.3004785764552059,0.18718500477019623,12.509901719202729,0.08285747247658293,0.08285747247658293,0.005175824196021639,0.75
64.78284365599939,6.445509688680112,4.197324141289733,-0.508538131766113,0.1554465019155575,-0.3746314541707384,0.25715388850205323,12.516158000311963,0.07767592241273125,0.07767592241273125,0.010740128708569252,0.75
64.82103138799903,6.427757917549167,4.202620835224428,-0.5325531339283706,0.15890081804084116,-0.39381899340635634,0.28513880378437423,12.522835657432507,0.07237922847803624,0.07237922847803624,0.016672938422330114,0.7762087348130012
64.88646318099927,6.409544909234077,4.2080418695653545,-0.5463902494527192,0.16263103022779696,-0.4211271906709761,0.29958173704643587,12.529722070236017,0.06695819413710957,0.06695819413710957,0.0031639110079049455,0.7762087348130012
64.89358637499936,6.391119275220224,4.213547874280042,-0.5527690204155732,0.16518014144062484,-0.41367899453137025,0.4164628571436687,12.536697239027264,0.06145218942242181,0.06145218942242181,0.0047708494153632435,0.7905694150420949
64.99649364499965,6.372571160385749,4.219065799672966,-0.5564434450342493,0.16553776178768903,-0.41823352952280923,0.48353687462193684,12.54376407393309,0.055934264029498415,0.055934264029498415,0.00858544325092516,0.7905694150420949
65.03882415399858,6.335475149660878,4.229716813376704,-0.5554011273424311,0.15721124958396135,-0.4880624177560262,0.6348052040224575,12.55827760226984,0.04528325032576053,0.04528325032576053,0.02603806814361256,0.8
65.1295226860002,6.3170617911388245,4.234767568345428,-0.5524007556616064,0.15152264906175103,-0.5274367603138101,0.8010879338835798,12.565704838707632,0.041008174050259104,0.041008174050259104,0.0321121487679831,0.8
65.1589865449987,6.298749610869379,4.239623866808711,-0.5493654080833648,0.1456889538984806,-0.5297289726715164,0.8345112643822167,12.573246403452016,0.0440518238484366,0.0440518238484366,0.042915394391728284,0.8
65.22105077899869,6.280512272964622,4.244285525866336,-0.5471201371427113,0.13984977172875043,-0.5269956496383353,0.8676789636939893,12.580917935862418,0.0531760980959329,0.0531760980959329,0.0212819804243522,0.8
65.2337346209988,6.280512272964622,4.244285525866336,-0.5471201371427113,0.13984977172875043,-0.5665698707336273,0.8822286858298277,12.580917935862418,0.0531760980959329,0.0531760980959329,0.0212819804243522,0.8
65.2441209489989,6.262575469159218,4.248882754539268,-0.5381041141621182,0.13791686018795063,-0.527213265057607,1.0023118230950603,12.58847624855521,0.06260860213025166,0.06260860213025166,0.02835304580255276,0.8
65.32889555899965,6.244950674350075,4.253407695295355,-0.5287438442742958,0.13574822268262426,-0.502747677717425,1.0258061237139606,12.5959191773948,0.07187159776372182,0.07187159776372182,0.00923456776486649,0.8062257748298549
65.33080168999913,6.244950674350075,4.253407695295355,-0.5287438442742958,0.13574822268262426,-0.49442304751807764,0.9935044279691188,12.5959191773948,0.07187159776372182,0.07187159776372182,0.00923456776486649,0.8062257748298549
65.33875591099968,6.227526814767758,4.258184438593797,-0.5227157874694799,0.14330229895327132,-0.47763913974505273,0.9270607235362553,12.603061834210685,0.0808144594505042,0.0808144594505042,0.013490346040145144,0.8062257748298549
65.43891733700002,6.2102831034067485,4.2633985396176595,-0.5173113408302886,0.1564230307158724,-0.4477337557463816,0.8663914496828896,12.609772440404507,0.0893206784949327,0.0893206784949327,0.010333740429454372,0.8062257748298549
65.44095999399906,6.193097247502987,4.269236809318523,-0.5155756771128394,0.175148091025907,-0.4627015519958879,0.8197545167068377,12.615982563744398,0.0973446336491011,0.0973446336491011,0.020236242247200418,0.8321658488546619
65.55602147399986,6.140164490607968,4.2933502959613845,-0.540033017083577,0.2783187972725565,-0.27802129238972906,0.6128606182563064,12.630493250633522,0.11772293507324909,0.11772293507324909,0.042904219169143554,0.8500000000000001
65.59913302099994,6.140164490607968,4.2933502959613845,-0.540033017083577,0.2783187972725565,-0.22316633293825577,0.5718571694371726,12.630493250633522,0.11772293507324909,0.11772293507324909,0.042904219169143554,0.8500000000000001
65.68726900799993,6.121757567295053,4.30397123834595,-0.5522076993874429,0.31862827153695467,-0.19579212177031918,0.5525784670853484,12.63386448455765,0.12322845498587405,0.12322845498587405,0.012010637136754576,0.8200609733428363
65.70558498199898,6.102941501489305,4.316031256845672,-0.5644819741724637,0.3618005549916404,-0.05946067181868789,0.4526784059448471,12.636415195601284,0.12800570184998275,0.12800570184998275,0.023812200505096213,0.8200609733428363
65.77138714799912,6.064076523267766,4.344501542512528,-0.5875408465689267,0.44813313347226075,-0.05946067181868789,0.4526784059448471,12.639059153193987,0.1353558594437476,0.1353558594437476,0.059469350798995776,0.8514693182963202
65.80556252899987,6.044140476083882,4.360682226510675,-0.5980814155165187,0.4854205199443919,0.059474984965013536,0.3306670291039819,12.639271472758036,0.13801130221820085,0.13801130221820085,0.06730062304587489,0.848528137423857
65.87707358999978,6.023803601115358,4.377937858996308,-0.6101062490557008,0.5176689745690091,0.059474984965013536,0.3306670291039819,12.638965169146346,0.14019006967233283,0.14019006967233283,0.049188822405657445,0.848528137423857
65.8796585429991,6.023803601115358,4.377937858996308,-0.6101062490557008,0.5176689745690091,0.06285989867619501,0.36288321786674166,12.638965169146346,0.14019006967233283,0.14019006967233283,0.049188822405657445,0.848528137423857
65.9016260619992,6.003411986842308,4.39585270698509,-0.6117484281915169,0.5374454396634494,0.14016637102665128,0.28201499867602325,12.638244029110114,0.14194140790735338,0.14194140790735338,0.07123072873502742,0.848528137423857
65.98898001999987,5.983227335553318,4.414009759974673,-0.6055395386697044,0.5447115896874966,0.1650859449864202,0.2896325999442703,12.637262576055575,0.14337513641438662,0.14337513641438662,0.04147993830148135,0.8514693182963202
65.99104618599995,5.963415808616955,4.43214916093059,-0.594345808090878,0.5441820286775083,0.1960511904963168,0.3048328780786836,12.636112620183454,0.14455750803415804,0.14455750803415804,0.06158428116254111,0.8514693182963202
66.0010241179989,5.944259818674863,4.450153041724106,-0.5746796982627781,0.5401164238054991,0.24985350667681905,0.3180366050781458,12.634700005280216,0.14537217222578303,0.14537217222578303,0.07466149305345705,0.8500000000000001
66.09647188399867,5.926046534134935,4.467766997336613,-0.5463985361978471,0.5284186683752051,0.22049218008244945,0.4013335882886775,12.633029243998656,0.14579596177452342,0.14579596177452342,0.013249226021545022,0.8500000000000001
66.13048896299915,5.893259391064541,4.5010438887553175,-0.4713256384404233,0.4885785711834994,0.22724732017095267,0.5374317546971354,12.628956799670824,0.14544965739635823,0.14544965739635823,0.03670927156227806,0.8
66.13737365999987,5.893259391064541,4.5010438887553175,-0.4713256384404233,0.4885785711834994,0.22724732017095267,0.5374317546971354,12.628956799670824,0.14544965739635823,0.14544965739635823,0.03670927156227806,0.8
66.20486924899888,5.879187797102938,4.5164706822737095,-0.42214781884810115,0.4628038055517729,0.22729249031816603,0.57312346424295,12.62639249584063,0.14449138659989166,0.14449138659989166,0.045960560207194315,0.8
66.22408363399882,5.866966774259593,4.53119453062647,-0.3666306853003651,0.4417154505828139,0.22477141256900565,0.707100147349318,12.623187957360782,0.14272162171005745,0.14272162171005745,0.058033314029787064,0.8
66.234153161,5.866966774259593,4.53119453062647,-0.3666306853003651,0.4417154505828139,0.22477141256900565,0.707100147349318,12.623187957360782,0.14272162171005745,0.14272162171005745,0.058033314029787064,0.8
66.31778234599915,5.856623087085476,4.545430348984643,-0.3103106152235113,0.4270745507451735,0.2220780538085477,0.7751710249765185,12.619154652530252,0.1399694693565444,0.1399694693565444,0.01274184931565149,0.8
66.34490736299995,5.847971151498654,4.559338885634831,-0.25955806760465766,0.4172560995056301,0.2076961377427535,0.9111434192302509,12.614285339077204,0.13625249109864565,0.13625249109864565,0.023760661810860215,0.75
66.43413826100004,5.8408387545239835,4.573004553828801,-0.21397190924010595,0.4099700458190879,0.20718786516075163,0.9442206405541118,12.608623505765397,0.131632770716148,0.131632770716148,0.002219655300731143,0.75
66.43642585599991,5.835047368317871,4.586554405781651,-0.17374158618339236,0.4064955585855296,0.17540708647608222,0.9853454743928403,12.60218588492099,0.12615120803889526,0.12615120803889526,0.0032117687790871735,0.75
66.45783523299906,5.830434603787344,4.600376903985095,-0.1383829359158097,0.4146749461032856,0.10949141070630744,0.9576652113006219,12.594782682070287,0.12046264032838681,0.12046264032838681,0.003001343008428782,0.75
66.483787793999,5.826924084503697,4.61479013012786,-0.10531557850939034,0.43239678428294825,0.043116859425918794,0.9512917699345587,12.586222283873937,0.11508318442494495,0.11508318442494495,0.001555433800504837,0.75
66.55113041799996,5.824366725132762,4.630046853055592,-0.07672078112806396,0.45770168783196635,0.043116859425918794,0.9512917699345587,12.576411201348822,0.11021735554602047,0.11021735554602047,0.0038968108504365637,0.75
66.55298346000018,5.824366725132762,4.630046853055592,-0.07672078112806396,0.45770168783196635,0.005504046050425374,0.9858800542931677,12.576411201348822,0.11021735554602047,0.11021735554602047,0.0038968108504365637,0.75
66.57002507600009,5.8226070494742626,4.646362982236382,-0.052790269754980294,0.4894838754237172,0.004477544598977194,1.0803979331246312,12.565288970853148,0.10632223273647823,0.10632223273647823,0.004466736484394997,0.75
66.60312648999934,5.8214616503209635,4.663807046572786,-0.034361974598962695,0.523321930092128,-0.003668767272212362,1.1151130235553202,12.552925342780298,0.1041416914728972,0.1041416914728972,0.004342081919603485,0.75
66.67038844099989,5.820735823909052,4.682461452029694,-0.021774792357350477,0.5596321637072409,-0.04052224243542131,1.1357856357955884,12.5393878478979,0.10426426438032799,0.10426426438032799,0.004264262890211867,0.75
66.67548638100016,5.820735823909052,4.682461452029694,-0.021774792357350477,0.5596321637072409,-0.0009368259141629698,1.2337180107439987,12.5393878478979,0.10426426438032799,0.10426426438032799,0.004264262890211867,0.75
66.76568107599996,5.820309351348073,4.702445328443547,-0.012794176829360418,0.5995162924156112,0.02542703324182037,1.2057773556310685,12.524668101082225,0.10469073694130682,0.10469073694130682,0.0024176294613388275,0.75
66.767509461999,5.819867835692923,4.723595693616489,-0.01324546965449542,0.6345109551882531,0.020626978154249992,1.2387926556572721,12.509098543666518,0.10513225259645687,0.10513225259645687,0.004966577948544701,0.75
66.77592806800021,5.81932128849059,4.7459504122491545,-0.016396416069989365,0.6706415589799724,0.029227442574622564,1.2496582559246134,12.492713220647744,0.10567879979879002,0.10567879979879002,0.005678798308673905,0.75
66.87649058999887,5.818570893740972,4.769546485293879,-0.022511842488526706,0.7078821913417346,0.03749846417769084,1.2494374194749869,12.475553327691964,0.10642919454840793,0.10642919454840793,0.005263465917470061,0.75
66.87928993499918,5.818570893740972,4.769546485293879,-0.022511842488526706,0.7078821913417346,-0.0026087676888420785,1.2150824761667636,12.475553327691964,0.10642919454840793,0.10642919454840793,0.005263465917470061,0.75
66.91194834799899,5.817588410336586,4.794424351492386,-0.029474502131597337,0.7463359859552076,0.04085358003635453,1.1132446395080264,12.45761132363218,0.10741167795279427,0.10741167795279427,0.007411676462678152,0.75
66.98902204099977,5.814946340668345,4.848018428144656,-0.04289361475916978,0.8231193071896773,0.04252070509290967,1.079569631384858,12.419391174447952,0.09689865503028397,0.09689865503028397,0.010053746130918917,0.75
67.03301555500002,5.813247496119188,4.876692065895926,-0.05096533647471422,0.8602091325380901,0.050288390226421564,0.9104524953886423,12.399180469203683,0.07840310029325964,0.07840310029325964,0.011752590680075947,0.75
67.09994977699898,5.811221116013531,4.906480691434649,-0.06079140316969851,0.8936587661616942,0.058243393329586834,0.8761955256955887,12.378394591568966,0.06641328720570647,0.06641328720570647,0.01377897078573298,0.75
67.11704551999901,5.808889470879313,4.937296899456743,-0.06994935402654674,0.924486240662796,0.0662278532053901,0.7751856723780133,12.35708873136391,0.06611061666500895,0.06611061666500895,0.016110615919950888,0.75
67.20887235699956,5.806398930126393,4.969053146947787,-0.0747162225875791,0.9526874247313337,0.07994946794984428,0.7087429548441739,12.335234458228701,0.0686011574179286,0.0686011574179286,0.014768276895611552,0.75
67.21097333299986,5.803658074022903,5.001641166486594,-0.08222568310470994,0.9776405861642045,0.059733865274264386,0.6774364839985474,12.312977820823717,0.07134201352141911,0.07134201352141911,0.021342012776361052,0.75
67.23339527899952,5.800580927768683,5.034927859186278,-0.09231438762658255,0.9986007809905464,0.10017322857405922,0.5739469758563176,12.290479642986844,0.07441915977563873,0.07441915977563873,0.024419159030580673,0.75
67.3159241029989,5.797075700536115,5.0688106031765825,-0.10515681697704182,1.0164823197091195,0.11708852297728661,0.5454981890219056,12.267882206963172,0.07792438700820714,0.07792438700820714,0.02062490092965478,0.7000000000000001
67.33180487400023,5.7931513269504125,5.103156734915957,-0.11773120757108221,1.0303839521812328,0.14676355647005465,0.41577454301686734,12.245281687794435,0.08184876059390955,0.08184876059390955,0.03184875984885149,0.7000000000000001
67.43676262699955,5.783843474299816,5.172533494416298,-0.1465890964575641,1.0412764133571057,0.19265508419912958,0.25212007675274273,12.200742500694973,0.09115661324450564,0.09115661324450564,0.03662559948771993,0.7000000000000001
67.54359611200016,5.773556124015399,5.2408429465033555,-0.15625941225067563,1.0175691768262267,0.26486694869967875,0.17005591264919762,12.157891730001582,0.10144396352892304,0.10144396352892304,0.050254679684552286,0.7000000000000001
67.64429033699889,5.768232470104694,5.27416555816045,-0.15970961732115113,0.9996783497128467,0.281772475857024,0.1042141941919424,12.13728568366828,0.10676761743962793,0.10676761743962793,0.03070536033241588,0.7000000000000001
67.65700277299948,5.762807203285856,5.306782054514839,-0.16275800456514244,0.9784948906316633,0.28009549633275094,0.07922273491179907,12.117320890625306,0.11219288425846585,0.11219288425846585,0.060878671914580636,0.7000000000000001
67.69204609999906,5.757421004823052,5.338540992043347,-0.1615859538841246,0.9527681258552473,0.29589121794403483,-0.06521301476970826,12.098007614432731,0.11757908272126993,0.11757908272126993,0.06757908197621187,0.7000000000000001
67.77967113500017,5.752348235150222,5.369170528982271,-0.15218309018489165,0.9188861081677135,0.2990055388182591,-0.030646600607141167,12.07934904037429,0.12265185239409959,0.12265185239409959,0.02936530049977954,0.7000000000000001
67.7943103409998,5.747680029152749,5.398543266529546,-0.14004617992422227,0.8811821264182688,0.3259732728097804,-0.16319857003566035,12.061368006153868,0.12732005839157345,0.12732005839157345,0.05743241562737409,0.65
67.79885767999986,5.747680029152749,5.398543266529546,-0.14004617992422227,0.8811821264182688,0.3259732728097804,-0.16319857003566035,12.061368006153868,0.12732005839157345,0.12732005839157345,0.05743241562737409,0.65
67.86556563399972,5.740073155098919,5.452965432392248,-0.10324420516106025,0.7946106653405508,0.3330885379881751,-0.19658867261678298,12.027451253923298,0.13492693244540277,0.13492693244540277,0.044386822353902435,0.65
67.89486104699972,5.737448948000224,5.477909452624708,-0.07872621296086109,0.7483206069737808,0.3430339046073501,-0.06202947893722291,12.01135735478888,0.13755113954409826,0.13755113954409826,0.063965239937379,0.65
67.9726112469998,5.735691485026456,5.5013158015784605,-0.052723889213012895,0.7021904686125713,0.33886439404015967,-0.02785450763877284,11.995792048791243,0.1393086025178656,0.1393086025178656,0.01596712689700211,0.65
68.00258727599976,5.734764426115616,5.5231369104908845,-0.02781176732521103,0.6546332673727114,0.33086332641128485,0.10720699022959712,11.980807429500093,0.14023566142870614,0.14023566142870614,0.030296659106857637,0.65
68.08476911899925,5.734715798992051,5.543190775688913,-0.001458813706952715,0.6016159559408619,0.31820582537742925,0.1757207213130247,11.966493382143682,0.14028428855227126,0.14028428855227126,0.012330808167837786,0.65
68.09768523599996,5.735549425025074,5.561411947666209,0.025008780990671872,0.546635159318869,0.3112015104230361,0.20676003550131083,11.952887490002393,0.13945066251924843,0.13945066251924843,0.02284115842982695,0.65
68.19663191699874,5.739773968060002,5.5926912967377325,0.07554562720828949,0.4450951141820924,0.2546991123185778,0.3671088683257661,11.927601631414806,0.13522611948431962,0.13522611948431962,0.012900391809956013,0.65
68.2213507059987,5.743176659774495,5.605760549858808,0.10208075143477609,0.3920775936322728,0.215279309930912,0.4622223070766678,11.91589695222616,0.13182342776982736,0.13182342776982736,0.016898954619016117,0.65
68.30518566599858,5.743176659774495,5.605760549858808,0.10208075143477609,0.3920775936322728,0.18234583652127936,0.5203395740034651,11.91589695222616,0.13182342776982736,0.13182342776982736,0.0,0.65
68.30810691899933,5.747366344056585,5.617489434846998,0.12569052846272935,0.3518665496457099,0.17159835175053723,0.5533659926519211,11.904598879354605,0.1276337434877366,0.1276337434877366,0.0010913205542589458,0.65
68.41369701599979,5.752189640602009,5.628466319895542,0.14469889636270647,0.3293065514563084,0.11333883503686329,0.6207480004257573,11.893393993709976,0.1228104469423128,0.1228104469423128,0.0004065735591364574,0.7000000000000001
68.42146020499968,5.757516046941491,5.639061581258769,0.15979219018446256,0.3178578408968229,0.0748899768458896,0.6008396707019045,11.882109132337156,0.11748404060283058,0.11748404060283058,0.0001943905602905016,0.7000000000000001
68.52667181699871,5.769344475364229,5.65969323866276,0.18245984672409393,0.3078103546475609,0.04601229624014669,0.588191385466342,11.859114625283778,0.1056556121800929,0.1056556121800929,0.017073955554000944,0.7000000000000001
68.5285569689986,5.769344475364229,5.65969323866276,0.18245984672409393,0.3078103546475609,0.009132680498631543,0.5562343887725152,11.859114625283778,0.1056556121800929,0.1056556121800929,0.017073955554000944,0.7000000000000001
68.53260557399881,5.775644992179698,5.669985050797877,0.1890155044640709,0.3087543640535154,0.023271961807129704,0.4906405558353889,11.847364193777207,0.09935509536462384,0.09935509536462384,0.02235300548995816,0.7000000000000001
68.56926246599869,5.782086846690172,5.6803711573659,0.1932556353142211,0.31158319704068793,-0.006050859986856935,0.42772154267136725,11.835447987876112,0.0929132408541502,0.0929132408541502,0.027635395820015365,0.7000000000000001
68.6356409459986,5.7884038650005705,5.691270025801129,0.18951054931194755,0.32696605305686155,-0.006050859986856935,0.42772154267136725,11.823255477673143,0.08659622254375154,0.08659622254375154,0.005975358084763282,0.7000000000000001
68.66089802299939,5.794487732119775,5.702814925979656,0.18251601357614028,0.34634700535579854,-0.054714011326276964,0.509131936473847,11.81076844236898,0.08051235542454727,0.08051235542454727,0.008833230554106574,0.7000000000000001
68.74544947499999,5.80023310575429,5.715098699005943,0.1723612090354503,0.3685131907886357,-0.07228342827433884,0.5737134774607917,11.797995606298084,0.07476698179003183,0.07476698179003183,0.009504589745105261,0.75
68.7671016889999,5.805491923524777,5.728198393908543,0.15776453311460314,0.3929908470780005,-0.08222734485368882,0.561067123841731,11.78498732975425,0.0695081640195454,0.0695081640195454,0.01557295033607671,0.75
68.85752529299862,5.810119770109865,5.742019518296176,0.1388353975526623,0.41463373162898043,-0.0746745521760349,0.6304683636272059,11.771913691429502,0.06488031743445699,0.06488031743445699,0.001149691173287588,0.75
68.97120293899934,5.817321895063829,5.770247736486043,0.09748747128169137,0.42482093226019657,-0.0682381325294042,0.7320995271178022,11.746809326855736,0.057678192480492996,0.057678192480492996,0.005044340804734637,0.75
68.97413734699876,5.817321895063829,5.770247736486043,0.09748747128169137,0.42482093226019657,-0.0682381325294042,0.7320995271178022,11.746809326855736,0.057678192480492996,0.057678192480492996,0.005044340804734637,0.75
68.99036282699853,5.821736065953152,5.799062312256241,0.05576118124727256,0.4366478339725118,-0.045505414301240416,0.865770480458309,11.723276856644882,0.05326402159117016,0.05326402159117016,0.0032640208461121034,0.75
69.00697434699941,5.821736065953152,5.799062312256241,0.05576118124727256,0.4366478339725118,-0.03823950853779859,0.8991467931383653,11.723276856644882,0.05326402159117016,0.05326402159117016,0.0032640208461121034,0.75
69.08060958900023,5.823417138265204,5.82914597344877,0.015050500597539145,0.4558994015446743,-0.03823950853779859,0.8991467931383653,11.700805536187705,0.05158294927911822,0.05158294927911822,0.001582948534060158,0.75
69.1006049689986,5.823241095520279,5.844609001937315,-0.005281282347739008,0.4638908546563512,-0.017746334628192,1.0340356272821134,11.690005068167368,0.05175899202404288,0.05175899202404288,0.0017589912789848228,0.75
69.18766343799871,5.822422623724219,5.860333633151027,-0.02455415388178249,0.47173893641135806,0.004961057087253029,1.096740538145577,11.679485821611102,0.05257746382010264,0.05257746382010264,0.002069923408970978,0.75
69.2126605859994,5.822422623724219,5.860333633151027,-0.02455415388178249,0.47173893641135806,0.05304876987642565,1.211376954492925,11.679485821611102,0.05257746382010264,0.05257746382010264,0.002069923408970978,0.75
69.29189735499858,5.82099361402758,5.87624692121884,-0.0428702908991665,0.4773986420343639,0.04982148987956925,1.1987978536216612,11.669278531243254,0.05400647351674159,0.05400647351674159,0.0020616414998169495,0.75
69.30572168399885,5.82099361402758,5.87624692121884,-0.0428702908991665,0.4773986420343639,0.06883844134675104,1.1893517111773246,11.669278531243254,0.05400647351674159,0.05400647351674159,0.0020616414998169495,0.75
69.32338320599956,5.818965903148508,5.892304681269405,-0.060831326372172805,0.48173280151693276,0.06289747652705807,1.1408389142940112,11.659407710442633,0.056034184395813647,0.056034184395813647,0.0047272629540364595,0.75
69.40196412799924,5.816349991873631,5.908464811994117,-0.07847733824630894,0.48480392174135467,0.08175156027881214,1.1039677265833892,11.649897261069324,0.058650095670691016,0.058650095670691016,0.0055054090286650375,0.75
69.43738445499912,5.8131561405868375,5.924687652049894,-0.09581553860381606,0.48668520167331175,0.09408120527024333,1.0031981508246706,11.640769439209725,0.06184394695748452,0.06184394695748452,0.011590541106473347,0.75
69.51632231299845,5.809426775589251,5.941492167697693,-0.11188094992759516,0.5041354694339895,0.11877846005127274,0.9796082166780421,11.63163163270977,0.06557331195507121,0.06557331195507121,0.007480794712058754,0.75
69.53195883699846,5.809426775589251,5.941492167697693,-0.11188094992759516,0.5041354694339895,0.09570235447169984,0.9850582911784052,11.63163163270977,0.06557331195507121,0.06557331195507121,0.007480794712058754,0.75
69.63259918199947,5.801070197569422,5.977735837512165,-0.13014078570734036,0.5574913411413073,0.15438756424654593,0.9739711603718522,11.612209565405916,0.07392988997489969,0.07392988997489969,0.022853682154961606,0.75
69.73990677700021,5.796588881157696,5.997584165569975,-0.1344394923518019,0.5954498417343055,0.16851692118297718,0.7704664536614679,11.60154207691962,0.07841120638662602,0.07841120638662602,0.012963663462436428,0.7000000000000001
69.74194544599959,5.791902467983292,6.018810567685844,-0.14059239523213898,0.6367920634760647,0.1715879537603987,0.7342334336909773,11.590086593397311,0.08309761956103046,0.08309761956103046,0.026732789794921247,0.7000000000000001
69.75231436099966,5.787235299503466,6.041560600979212,-0.14001505439475453,0.6825009988010234,0.18224013533228672,0.6693926854231618,11.577586212743645,0.08776478804085563,0.08776478804085563,0.037764787295797575,0.7000000000000001
69.78342616699956,5.782494060883155,6.065709413986151,-0.142237158609345,0.7244643902081775,0.21721398494497576,0.6114521241181181,11.564200373037245,0.09250602666116681,0.09250602666116681,0.04250602591610875,0.7000000000000001
69.84954910600027,5.7777478101210695,6.091159006546272,-0.14238752286256845,0.7634877768036279,0.21721398494497576,0.6114521241181181,11.54995305489895,0.09725227742325249,0.09725227742325249,0.01868557342452569,0.7000000000000001
69.86240395799905,5.772902631592708,6.117792931313236,-0.14535535585085468,0.799017743008923,0.22707658666699293,0.5087419761670284,11.534998061132415,0.1020974559516139,0.1020974559516139,0.03814159790274908,0.7000000000000001
69.86806633699962,5.772902631592708,6.117792931313236,-0.14535535585085468,0.799017743008923,0.215607825487735,0.482293507430437,11.534998061132415,0.1020974559516139,0.1020974559516139,0.03814159790274908,0.7000000000000001
70.0646332139986,5.76388883711216,6.173394796501811,-0.1319514677614691,0.8433995872195338,0.2126693546647094,0.576282152045759,11.503122157577385,0.1111112504321623,0.1111112504321623,0.011044970894755398,0.7000000000000001
70.07937226699869,5.759645103313237,6.202045014755162,-0.1273120139676865,0.8595065476005045,0.16485095681391357,0.6220511083011413,11.486479563018456,0.11535498423108503,0.11535498423108503,0.015354982740968914,0.7000000000000001
70.17955821999931,5.751450875091573,6.260125730431816,-0.12020017032037278,0.8713410819924143,0.1848115856338136,0.7433520078858806,11.452593638719856,0.1235492124527493,0.1235492124527493,0.023549210962633182,0.7000000000000001
70.18777940200016,5.7476607991595685,6.288935177103349,-0.1137022779601282,0.864283400145991,0.16315934684431138,0.8779228874025546,11.435659307332886,0.1273392883847535,0.1273392883847535,0.027339286894637382,0.65
70.28093333099969,5.744110811142347,6.317326371023781,-0.10649964051663148,0.851735817612947,0.16237291024613848,0.9455688535285695,11.418883174445304,0.1308892764019749,0.1308892764019749,0.026417124221686135,0.65
70.2959204990002,5.740727243781891,6.345249969233976,-0.1015070208136792,0.8377079463058366,0.162806465060311,0.8436866057218709,11.40235015479335,0.13427284376243076,0.13427284376243076,0.03427284227231464,0.65
70.33651152399943,5.73743027286164,6.37268475032774,-0.09890912760753533,0.8230434328129251,0.1762758050255764,0.7774476606510401,11.386130747934892,0.13756981468268226,0.13756981468268226,0.03756981319256614,0.65
70.40514336199885,5.734143560059841,6.399621290254013,-0.09860138405398118,0.8080961977881751,0.20091325342520214,0.6689244889762411,11.370285231567303,0.1408565274844813,0.1408565274844813,0.04085652599436518,0.65
70.50154968399875,5.725593319948672,6.476387309272951,-0.0786316827178089,0.7518771009830351,0.2034799988423783,0.5996498623830814,11.324758615577764,0.14940676759565008,0.14940676759565008,0.04940676610553396,0.65
70.52526882999882,5.725593319948672,6.476387309272951,-0.0786316827178089,0.7518771009830351,0.2184373752156025,0.46587912459131425,11.324758615577764,0.14940676759565008,0.14940676759565008,0.04940676610553396,0.65
70.5567189609992,5.72318794021698,6.501133903038311,-0.07216139195074671,0.7423978129608069,0.22697525588298406,0.4325437648292751,11.30989594313228,0.15181214732734194,0.15181214732734194,0.05181214583722582,0.65
70.61825831199894,5.720951195885548,6.525679888961896,-0.06710232994296511,0.7363795777075611,0.22861702543649925,0.4654587301867136,11.295077866318943,0.1540488916587739,0.1540488916587739,0.038392080018768114,0.65
70.62022202099979,5.7189078721314015,6.550401375989037,-0.06129971262440459,0.7416446108142195,0.22719802371844905,0.3973310413310142,11.280033007021265,0.1560922154129205,0.1560922154129205,0.05609221392280439,0.65
70.72652597599881,5.714964329170032,6.6011096450150335,-0.06011654009129568,0.7681440226208309,0.24535290178354902,0.46934902352633895,11.249096841843683,0.16003575837429018,0.16003575837429018,0.033626649138689076,0.65
70.74715563399877,5.713125330745873,6.626891662940272,-0.055169952724772445,0.7734605377571574,0.2512138980949486,0.3336847389581756,11.23329937886497,0.16187475679844887,0.16187475679844887,0.050591003028034064,0.65
70.77964006199909,5.711446005848607,6.652599423449028,-0.05037974691796224,0.7712328152626756,0.25265604379096374,0.2985288019818069,11.217469120100354,0.16355408169571461,0.16355408169571461,0.0635540802055985,0.65
70.84561878000022,5.7099590107976725,6.677989193561471,-0.044609851528058866,0.761693103373294,0.2547162337799055,0.3306664619076196,11.20174237390708,0.16504107674664947,0.16504107674664947,0.04228264179948336,0.65
70.84817783399922,5.708624632572264,6.7028864845988805,-0.04003134676223952,0.7469187311222778,0.24431905479132432,0.3049305066314783,11.18626250884552,0.16637545497205775,0.16637545497205775,0.06275694925509129,0.65
70.89081287899899,5.707393559794828,6.727256059036958,-0.036932183323093296,0.731087233142324,0.2541803446805567,0.15963424052764907,11.171087506558193,0.16760652774949403,0.16760652774949403,0.06760652625937791,0.65
70.96816072599904,5.70638956118639,6.750875850199093,-0.03011995825313505,0.7085937348640402,0.2541803446805567,0.15963424052764907,11.156268281452705,0.1686105263579316,0.1686105263579316,0.012806396523191873,0.651920240520265
70.98278881099941,5.70562948363304,6.7737939553069415,-0.022802326600489673,0.687543153235446,0.17664950605384722,0.31045960879380863,11.14175710448527,0.16937060391128167,0.16937060391128167,0.018622612533223445,0.651920240520265
71.0525134419986,5.705120652076879,6.795983568270276,-0.015264946684836661,0.6656883889000216,0.17664950605384722,0.31045960879380863,11.12756286439955,0.16987943546744333,0.16987943546744333,0.01987943323226915,0.651920240520265
71.056848618,5.704945489651678,6.8175580559049305,-0.0052548727560200615,0.6472346290396317,0.11471970390991929,0.39135798400061916,11.113545829339746,0.1700545978926442,0.1700545978926442,0.02005459565747003,0.6576473218982953
71.08165543299947,5.705191029566647,6.83847702705354,0.007366197449089319,0.6275691344582959,0.0860176362758864,0.412780663426836,11.099663667728743,0.16980905797767498,0.16980905797767498,0.019809055742500803,0.6576473218982953
71.11360611499913,5.7058102616339355,6.858791828744883,0.018576962018640057,0.6094440507402678,0.03032855468507103,0.4471032199894881,11.085915259604956,0.16645159304019105,0.16645159304019105,0.01918982367521238,0.6670832032063168
71.17464660199948,5.706766888873602,6.87846911591838,0.028698817189999046,0.5903186152049109,-0.04309025988295806,0.3768257812517899,11.072347102916037,0.15186121223621996,0.15186121223621996,0.017681466253571587,0.6670832032063168
71.26897296199968,5.706766888873602,6.87846911591838,0.028698817189999046,0.5903186152049109,-0.09893832876025987,0.3364955427833254,11.072347102916037,0.15186121223621996,0.15186121223621996,0.0,0.6670832032063168
71.30406009599938,5.709615765322642,6.915817207715911,0.04829124718375242,0.5475675508129094,-0.04243181560366453,0.22204911053809612,11.04586031047257,0.1234376634059294,0.1234376634059294,0.01097358881795408,0.6800735254367722
71.38001471399912,5.709615765322642,6.915817207715911,0.04829124718375242,0.5475675508129094,-0.07565517834158743,0.21829345688930626,11.04586031047257,0.1234376634059294,0.1234376634059294,0.01097358881795408,0.6800735254367722
71.38191295999968,5.711630518049814,6.933082312878318,0.06044258181515973,0.517953154872215,-0.10946781749696693,0.214985891772598,11.033107073698272,0.10980474515189514,0.10980474515189514,0.013369567259333692,0.6800735254367722
71.41019549599878,5.714069013572081,6.949392867578154,0.07315486566800146,0.4893166409950921,-0.2008206701033794,0.24796026912985242,11.020663358953222,0.09654716459903925,0.09654716459903925,0.0109310717370672,0.6800735254367722
71.49012765499901,5.716795420207651,6.964938774172918,0.08179219906712468,0.4663771978429277,-0.23300016321105727,0.25930878496860155,11.008506607299305,0.08362668800590498,0.08362668800590498,0.004759411649869838,0.696419413859206
71.49203869499979,5.719486015935479,6.980121107796771,0.0807178718348255,0.4554700087155971,-0.2731000220533761,0.2636105741602749,10.996621757464519,0.07098861846166352,0.07098861846166352,0.0055140693736692725,0.696419413859206
71.5068040469996,5.719486015935479,6.980121107796771,0.0807178718348255,0.4554700087155971,-0.3659077882976002,0.27574624607132175,10.996621757464519,0.07098861846166352,0.07098861846166352,0.0055140693736692725,0.696419413859206
71.59961801999998,5.723798280183772,7.009910386080237,0.057595203033472125,0.4428714610186795,-0.4528599245278703,0.2814080174363401,10.97406606433847,0.04687518648853542,0.04687518648853542,0.0006473292927901294,0.7158910531638177
71.63868869699945,5.723798280183772,7.009910386080237,0.057595203033472125,0.4428714610186795,-0.554401781567251,0.28689663765403267,10.97406606433847,0.04687518648853542,0.04687518648853542,0.0006473292927901294,0.7158910531638177
71.71159702699879,5.725105677781839,7.02432137884765,0.039221927942000856,0.43232978302238506,-0.5402388156801837,0.27905651376328344,10.963762258374377,0.03576060607176717,0.03576060607176717,0.0010411381097118646,0.7158910531638177
71.74751533299968,5.725790314827204,7.051664260897318,0.0005282108097288962,0.40101072467807186,-0.5670056785164594,0.33216204664483717,10.94561211364417,0.015942157259833587,0.015942157259833587,0.0012208903546171263,0.73824115301167
71.82013571899915,5.724970765757668,7.064499463009507,-0.02458647208609851,0.38505606336568315,-0.5940953390434567,0.35303728718752536,10.937978902905565,0.00744580751298907,0.00744580751298907,5.119822208604265e-05,0.73824115301167
71.93185929299943,5.723252129339721,7.076824382002641,-0.05155909253842682,0.36974756979402496,-0.6505506536518474,0.4199922260870642,10.931372313202221,5.396681910663351e-05,5.396681910663351e-05,0.006523664827151101,0.73824115301167
71.96180106700012,5.716729821805832,7.099974362197141,-0.11350988354303665,0.3399789045046413,-0.721250922317652,0.4933225591905858,10.921519024865404,0.011811506912775103,0.011811506912775103,0.01623725470930398,0.73824115301167
72.04489949299932,5.71195825900478,7.110820625570993,-0.14314688403156087,0.32538790121555794,-0.8286266084528195,0.6261571931607164,10.918235781325752,0.016106968881479566,0.016106968881479566,0.016078344116796962,0.7632168761236874
72.15283040599934,5.70603159673986,7.1211443042948455,-0.17779986794763328,0.3097103617155758,-0.8216793654025751,0.6494548720006408,10.916186714068509,0.019216129036579228,0.019216129036579228,1.5854790514022207e-05,0.7632168761236874
72.16897007299849,5.69901932659592,7.130936507146791,-0.21036810431819042,0.29376608555836725,-0.7202650545575695,0.6613493812910252,10.915325109328087,0.02118183830565273,0.02118183830565273,0.0011742841191280005,0.7211102550927979
72.2628968809986,5.690714971115534,7.14032028098779,-0.24913066441158746,0.2815132152299618,-0.6529145301644986,0.6612229857310241,10.915732521835182,0.021945102348179202,0.021945102348179202,0.0038153273430998054,0.7211102550927979
72.26487921399894,5.681187885709963,7.149318110853735,-0.2858125621671175,0.2699348959783477,-0.6424800570563838,0.62798757259104,10.917342906578623,0.021570862167129022,0.021570862167129022,0.006673570624159657,0.7211102550927979
72.29350145199896,5.670512902962496,7.15793911802976,-0.3202494824239854,0.25863021528074437,-0.59462805336351,0.5953488848414016,10.920094413882289,0.020118482112171227,0.020118482112171227,0.00862084605002854,0.75
72.37271353199867,5.658668905289815,7.166454434181134,-0.3553199301804413,0.2554594845412097,-0.5754709751717036,0.6164086797763972,10.923832878793391,0.017764748836044265,0.017764748836044265,0.006224129878085321,0.75
72.47905355999865,5.630748474654641,7.183794046781708,-0.44138085134038135,0.2639131047681844,-0.558417416149606,0.6057071371993701,10.934446770957223,0.010282980653277622,0.010282980653277622,0.015559221091252084,0.7106335201775948
72.48098839500017,5.61445444474093,7.1928683184515725,-0.48882089741132606,0.272228150095919,-0.5835865936785578,0.5961519515072523,10.94134139110132,0.005177840640526309,0.005177840640526309,0.0251603175906622,0.7106335201775948
72.50356936699973,5.5965697692572505,7.202357766525581,-0.536540264510383,0.2846834422202431,-0.4637908167492333,0.698856688686954,10.949237145578666,0.0007584815904550901,0.0007584815904550901,0.03593332644493302,0.7071067811865476
72.5366385999987,5.577146845511794,7.212202048113095,-0.5826877123637029,0.2953284476254229,-0.4309333647295648,0.7109562931808554,10.958137912938813,0.007531604414895394,0.007531604414895394,0.04288694400105838,0.7071067811865476
72.59272422699905,5.556280006165032,7.222328503248585,-0.6260051804028505,0.3037936540647067,-0.39984353453255034,0.7200182485013875,10.968022453946848,0.01512620292323467,0.01512620292323467,0.014684254579859663,0.7071067811865476
72.61515911700008,5.534094951680883,7.232657254014072,-0.6655516345244685,0.3098625229645946,-0.30629359478891804,0.7362864583228905,10.978849014703885,0.023509875682508227,0.023509875682508227,0.023238696711098402,0.6726812023536856
72.6997573259996,5.51116382095764,7.243349981195188,-0.6879339216972807,0.32078181543348266,-0.2404933051860623,0.7206220766699034,10.990075358740858,0.03216373381804354,0.03216373381804354,0.0046642314602564116,0.6726812023536856
72.70186043600006,5.487841117395171,7.254468785029009,-0.6996811068740684,0.33356411501465066,-0.24721575316230007,0.6872933129917709,11.001389831942664,0.0407931940730909,0.0407931940730909,0.009210185476051944,0.6800735254367722
72.75441460599905,5.464501499532007,7.266382653610523,-0.7001885358949204,0.3574160574454282,-0.2396332003786891,0.5676586307238657,11.012273170806294,0.048872418870282985,0.048872418870282985,0.013517079284120007,0.6800735254367722
72.812876512,5.441470089216888,7.279225812158301,-0.6909423094535764,0.3852947564333259,-0.2269822159946256,0.5341754232248619,11.022390881176978,0.056076600783406,0.056076600783406,0.018153285822089502,0.651920240520265
72.86194548599997,5.418974260588541,7.292979337495266,-0.6748748588504084,0.4126057601089544,-0.2140811904298474,0.4376316675925155,11.031579133926867,0.062258342723931076,0.062258342723931076,0.02580028402876697,0.651920240520265
72.86947569299991,5.418974260588541,7.292979337495266,-0.6748748588504084,0.4126057601089544,-0.242526926123512,0.43717801402886025,11.031579133926867,0.062258342723931076,0.062258342723931076,0.02580028402876697,0.651920240520265
72.9215722889985,5.397179856274547,7.307590761195953,-0.6538321294198247,0.4383427110205912,-0.2539013701728182,0.4235484920463051,11.039741922772656,0.06733747702473276,0.06733747702473276,0.001758665716402994,0.670820393249937
72.96069964199887,5.3557549737169845,7.339012581906822,-0.6101288377016271,0.4815299993472964,-0.3071989988334531,0.3394503640230778,11.05317926875745,0.07441070988915803,0.07441070988915803,0.003700030716832066,0.670820393249937
73.04502037299972,5.336079768321202,7.355649908021691,-0.5902561618734811,0.499119783446081,-0.31340183222532875,0.1821085962912199,11.058596474706759,0.07655881492911767,0.07655881492911767,0.0041484497907139,0.696419413859206
73.08473699000024,5.317040503747611,7.372771277674546,-0.571177937207727,0.5136410895856323,-0.32002878402352436,0.11401479990133606,11.063271839527879,0.07791497143317358,0.07791497143317358,0.007204292260847618,0.696419413859206
73.1409716829985,5.298575764345448,7.390149441501424,-0.5539421820649032,0.5213449148063382,-0.32002878402352436,0.11401479990133606,11.067391883065808,0.07868329639072938,0.07868329639072938,0.005342202900273054,0.6800735254367722
73.16772141799993,5.2807348776356475,7.407515240830448,-0.5352266012940118,0.5209739798707378,-0.41876160718213695,0.022897541309483058,11.071078969561597,0.07901923389933237,0.07901923389933237,0.00725287891592768,0.7280109889280518
73.25847468999928,5.263442607025531,7.424792250884143,-0.5187681183035024,0.5183103016108328,-0.4604437555760437,-0.0321166858355213,11.074436556917382,0.0790300247422631,0.0790300247422631,0.0023311809545161558,0.7280109889280518
73.26044317800006,5.246718432472436,7.441881687416784,-0.5017252365928363,0.5126830959792437,-0.440197386294752,-0.05725720054665394,11.077505765210834,0.07877174551961587,0.07877174551961587,0.004343783135370921,0.7158910531638177
73.30928814700019,5.230567260408224,7.4585864169023095,-0.484535161926387,0.5011418845657462,-0.4122125850427744,-0.1839178820551681,11.08039762390759,0.06641369522892848,0.06641369522892848,0.006159556013421446,0.7648529270389178
73.38433240799895,5.230567260408224,7.4585864169023095,-0.484535161926387,0.5011418845657462,-0.4435088481817421,-0.19348968292573301,11.08039762390759,0.06641369522892848,0.06641369522892848,0.008394541314933706,0.7648529270389178
73.41291374899993,5.214826769166982,7.474779663705778,-0.47221473723723795,0.4857974041040469,-0.5748701582120805,-0.2281434547220201,11.083313937913974,0.05022044842545981,0.05022044842545981,0.01649689538200174,0.7648529270389178
73.47494937499869,5.199438540354864,7.490383525122506,-0.4616468643635379,0.4681158425018316,-0.6065289714522274,-0.24084855963705956,11.086344043096098,0.03461658700873205,0.03461658700873205,0.003470196412562101,0.7566372975210779
73.47690429799877,5.184314711217211,7.505226581357804,-0.4537148741295727,0.44529168705894123,-0.5645895184375752,-0.27230469001551755,11.089656469514622,0.01977353077343391,0.01977353077343391,0.005544738674963523,0.75
73.58009765099996,5.169470928663567,7.519149173466409,-0.4453134766093272,0.41767776325814154,-0.5593889370373958,-0.35801077341284987,11.093328945590365,0.005850938664829108,0.005850938664829108,0.008513557430252275,0.75
73.58193769799982,5.154910695819572,7.532018848729377,-0.4368069853198627,0.386090257889059,-0.5593889370373958,-0.35801077341284987,11.097432093201078,0.007018736598139341,0.007018736598139341,0.016117914664276697,0.75
73.61281043700001,5.154910695819572,7.532018848729377,-0.4368069853198627,0.386090257889059,-0.6711800652446435,-0.28075610201267187,11.097432093201078,0.007018736598139341,0.007018736598139341,0.016117914664276697,0.75
73.64048413699857,5.14034569603813,7.543497010571564,-0.4369499934432374,0.34434485526561104,-0.6975747224835942,-0.25682287395364933,11.10239328689479,0.018496898440326426,0.018496898440326426,0.022400672042156244,0.75
73.74746946899904,5.111245440460783,7.561904989504102,-0.4363380288805572,0.251262528807084,-0.773859541193832,-0.09955518173457314,11.115052626861845,0.036904877372863965,0.036904877372863965,0.036904877372863965,0.7000000000000001
73.80045510499986,5.096499267617644,7.568543940815471,-0.44238518529415494,0.19916853934105935,-0.773859541193832,-0.09955518173457314,11.123081573514956,0.0435438286842329,0.0435438286842329,0.03604210580940837,0.7000000000000001
73.82204527399881,5.081516946652292,7.573454673300873,-0.4494696289605569,0.1473219745620437,-0.7543063599917281,-0.19490884298109684,11.132332661440639,0.04845456116963476,0.04845456116963476,0.044847793903510236,0.7000000000000001
73.85381705599866,5.066339313011003,7.576685520248209,-0.45532900923867403,0.0969254084200952,-0.7063199969539493,-0.23706529905756787,11.142740112260983,0.05168540811697131,0.05168540811697131,0.05168540811697131,0.7000000000000001
73.91612292399986,5.05102794760885,7.578316287289405,-0.4593409620645852,0.04892301123586161,-0.6727277123846068,-0.23088984481866637,11.154203407397175,0.05331617515816678,0.05331617515816678,0.002253142049898661,0.7000000000000001
73.92543389799903,5.05102794760885,7.578316287289405,-0.4593409620645852,0.04892301123586161,-0.667269461619647,-0.1276109098838912,11.154203407397175,0.05331617515816678,0.05331617515816678,0.002253142049898661,0.7000000000000001
74.01886208099859,5.019960526674736,7.576795534191779,-0.4696232455414245,-0.044796827191500736,-0.6561396853351672,-0.06160459643927457,11.180309179082895,0.05179542206054144,0.05179542206054144,0.001795421315483381,0.7000000000000001
74.02814221699919,5.003956445349142,7.574068202398184,-0.48012243976782826,-0.08181995380785298,-0.6392854745161212,0.03418712972052018,11.194900364677476,0.04906809026694603,0.04906809026694603,0.0009319104781120302,0.7000000000000001
74.0373315779998,5.003956445349142,7.574068202398184,-0.48012243976782826,-0.08181995380785298,-0.6392854745161212,0.03418712972052018,11.194900364677476,0.04906809026694603,0.04906809026694603,0.0009319104781120302,0.7000000000000001
74.06792845000018,4.9875555813876735,7.570318325247864,-0.49202591884405017,-0.11249631450961556,-0.6169910652391087,0.09917989873214059,11.210414178606106,0.04531821311662565,0.04531821311662565,0.00468178762843241,0.7000000000000001
74.24173092599995,4.953228369345322,7.560384763562126,-0.5238808342292339,-0.16009194512444158,-0.5564648913924484,0.23178695731495133,11.244109511384154,0.035384651430888425,0.035384651430888425,0.012467813941638196,0.7000000000000001
74.24765149799896,4.9351645914848765,7.554305330310495,-0.5419133358133523,-0.182382997548938,-0.5035841618030247,0.3178154227250687,11.262341087623575,0.027909318172343767,0.027909318172343767,0.01987845306229249,0.70178344238091
74.3496007449994,4.916565426323545,7.547452062587915,-0.5579749548399547,-0.2055980316773845,-0.46722900132269196,0.37444921462475644,11.281460678523832,0.009911730282434531,0.009911730282434531,0.02754805028838092,0.7516648189186454
74.3841077929992,4.897533070365884,7.540106502607704,-0.5709706787298123,-0.2203667994063413,-0.3587797282705529,0.41349323852972,11.301221185701097,0.008740272950803688,0.008740272950803688,0.03489361026859239,0.7566372975210779
74.45864748999884,4.87810790065907,7.532873150014529,-0.582755091204427,-0.21700057779523843,-0.34799163807365713,0.4461262767278032,11.321238843681673,0.027590694845538312,0.027590694845538312,0.03339795308061978,0.7566372975210779
74.46090633199856,4.85839688892989,7.5260198071649524,-0.5913303518754008,-0.20560028548729972,-0.3357434917332442,0.5125724027108159,11.34127169405302,0.04637453010602134,0.04637453010602134,0.0489803057113436,0.7566372975210779
74.47027472299851,4.85839688892989,7.5260198071649524,-0.5913303518754008,-0.20560028548729972,-0.3460669128061619,0.5341536461110492,11.34127169405302,0.04637453010602134,0.04637453010602134,0.0489803057113436,0.7566372975210779
74.50711599399983,4.838493074116203,7.519710605229541,-0.5971144444106058,-0.18927605806233963,-0.32778529620810193,0.6147562474276689,11.361149548224516,0.055289507646755,0.055289507646755,0.055289507646755,0.7648529270389178
74.56620647699856,4.818476890482856,7.514070426903576,-0.6004855090004001,-0.16920534977896712,-0.32778529620810193,0.6147562474276689,11.380735458408953,0.06092968597272019,0.06092968597272019,0.03971431726076761,0.7648529270389178
74.5798163039999,4.79842829891361,7.509181340911212,-0.6014577470773845,-0.14667257977091935,-0.3495373600139168,0.6361680693451437,11.399917837749712,0.06581877196508401,0.06581877196508401,0.05903309729209937,0.7762087348130012
74.61132995200023,4.7784803651391154,7.505261596006,-0.5984380132348383,-0.11759234715635047,-0.3032837139056661,0.7814382325228335,11.418463246873912,0.06973851687029597,0.06973851687029597,0.06973851687029597,0.7762087348130012
74.67889982399902,4.758778796389046,7.5023933938950265,-0.5910470625020944,-0.08604606332920321,-0.28001050016002055,0.8702447820279351,11.436206823230807,0.07260671898126958,0.07260671898126958,0.03962995439707278,0.7762087348130012
74.70154990799892,4.758778796389046,7.5023933938950265,-0.5910470625020944,-0.08604606332920321,-0.25650372317792186,0.8947315417887167,11.436206823230807,0.07260671898126958,0.07260671898126958,0.03962995439707278,0.7762087348130012
74.78768567399857,4.739397349888165,7.500591898724583,-0.5814433950264369,-0.054044855113300566,-0.20720245357290995,0.9411328734630253,11.453081212514835,0.07440821415171328,0.07440821415171328,0.019464990452492826,0.7905694150420949
74.80205344699971,4.720340328531517,7.499746044490614,-0.57171064069945,-0.025375627019072585,-0.21121842489874,0.9545659940536144,11.469148522440083,0.07525406838568216,0.07525406838568216,0.03852952465452081,0.75
74.80983551600002,4.701705100931705,7.49999370343957,-0.5590568279943355,0.007429768468675425,-0.09292444054094423,0.9040265748881205,11.48425139591129,0.07500640943672643,0.07500640943672643,0.05712412123997414,0.75
74.84198997599924,4.683504792296819,7.501419810282094,-0.5460092590465859,0.04278320527574521,-0.06610264944773092,0.8854718440019955,11.498332162397926,0.0735803025942019,0.0735803025942019,0.07528029992719136,0.8
74.90023032699901,4.665706512447193,7.504018720081067,-0.533948395488794,0.07796729396917991,-0.009989143113784682,0.8478459952736476,11.511423137662966,0.07158720785777813,0.07158720785777813,0.05480063518461215,0.8
74.92629190200023,4.648316882504725,7.507974045788905,-0.5216888982740607,0.11865977123513881,0.07337188517219051,0.7892271369032826,11.523416157309338,0.07214212462994955,0.07214212462994955,0.07249190839630944,0.8
75.00746573799915,4.63128545165372,7.513370130546359,-0.5109429255301513,0.16188254272361918,0.12686472300891083,0.7469636225370798,11.534307444976633,0.07555939749415305,0.07555939749415305,0.035343782507115735,0.8
75.05116129999988,4.614489058361846,7.520472939111377,-0.5038917987562141,0.2130842569505501,0.1983318085595587,0.629338940327475,11.544050163131777,0.08134428075556291,0.08134428075556291,0.05292013148394466,0.8
75.1168782779987,4.597893101676309,7.52946533537518,-0.4978787005660914,0.2697718879141011,0.21421024954927814,0.6005349711861208,11.552573794882553,0.08672080989093231,0.08672080989093231,0.03158702273107291,0.8
75.12280116999864,4.581793780819313,7.540440709657395,-0.48297962570987574,0.32926122846644973,0.1879903148428175,0.5376047973538076,11.559587696556045,0.09034398726039722,0.09034398726039722,0.04648970961779506,0.8
75.15282585499881,4.581793780819313,7.540440709657395,-0.48297962570987574,0.32926122846644973,0.15906134316482606,0.47798695820307013,11.559587696556045,0.09034398726039722,0.09034398726039722,0.04648970961779506,0.8
75.22567613699903,4.566343649058958,7.553264183153749,-0.4635039528106453,0.3847042048906012,0.14026858747597382,0.4484055479778954,11.565048779551947,0.09220131513073256,0.09220131513073256,0.020078546857878087,0.8062257748298549
75.24804198899983,4.551537362871711,7.56775524556935,-0.4441885856174296,0.4347318724680438,0.19687251654210652,0.36442908397912727,11.569069118318104,0.09242421199725476,0.09242421199725476,0.04076192707791724,0.8062257748298549
75.28319022799951,4.537388610372506,7.583709432544081,-0.4244625749761329,0.4786256092419394,0.2429153395885602,0.3150274378496793,11.571757833127533,0.09114757703662182,0.09114757703662182,0.06200001244076337,0.8321658488546619
75.36983840999892,4.511462953342361,7.619108257824113,-0.3756596866174467,0.545612053999443,0.21386417704217237,0.2856337683037571,11.573331433469345,0.08444903552780582,0.08444903552780582,0.062373658348835105,0.7905694150420949
75.44634234699879,4.499849700548278,7.6380112104600855,-0.3483975838224846,0.5670885790791715,0.1687167218374911,0.23640936827937015,11.572388901527743,0.0792944393367913,0.0792944393367913,0.06431857037202184,0.8200609733428363
75.46055042499938,4.489106445752023,7.657299608168349,-0.32229764388763715,0.5786519312478922,0.18993336702408212,0.2097570026031556,11.570551553404576,0.07325211083750209,0.07325211083750209,0.08524965678947737,0.7810249675906654
75.47344415099906,4.479222557638242,7.676699864491742,-0.2965166434134421,0.5820076897018193,0.22707805650267768,0.1529408940063122,11.567979219650994,0.0665230223442169,0.0665230223442169,0.09577751053457018,0.7810249675906654
75.55770401900008,4.470246036179721,7.69597427038656,-0.2692956437556517,0.5782321768445196,0.15909885463286486,0.14235169871687858,11.56476143071111,0.05924131842743645,0.05924131842743645,0.010574865853034713,0.7810249675906654
75.55962778299909,4.470246036179721,7.69597427038656,-0.2692956437556517,0.5782321768445196,0.12444400395353053,0.1619270845968357,11.56476143071111,0.05924131842743645,0.05924131842743645,0.010574865853034713,0.7810249675906654
75.578655289999,4.46223365516759,7.714982621177886,-0.24037143036392591,0.570250523739783,0.0676557648666833,0.18517520153673728,11.560925008209537,0.051465993630845294,0.051465993630845294,0.014541392231945867,0.7433034373659253
75.66805344299974,4.455155999629614,7.733587301134442,-0.2123296661392763,0.5581403986966764,0.003668243020019255,0.20845277455531033,11.556566377767977,0.04331515649756438,0.04331515649756438,0.01984406705308217,0.7433034373659253
75.66993012899911,4.449148329271015,7.751640116900175,-0.18023011075798423,0.5415844729720027,-0.03490296968701154,0.22005238148786038,11.551649716631978,0.03479795249980195,0.03479795249980195,0.02585173741168134,0.7433034373659253
75.6774954829998,4.449148329271015,7.751640116900175,-0.18023011075798423,0.5415844729720027,-0.09569382761119109,0.22623284780345831,11.551649716631978,0.03479795249980195,0.03479795249980195,0.02585173741168134,0.7433034373659253
75.77556264799932,4.444162234877619,7.769007338226342,-0.14958283180188892,0.5210166397850273,-0.19701607331361753,0.23986397472541293,11.546283862342701,0.02604317368690791,0.02604317368690791,0.000694118272737375,0.7433034373659253
75.78285859399875,4.440167517652489,7.785361288005784,-0.11984151675391849,0.4906184933832322,-0.28987573605479494,0.28312371414506227,11.540668336367354,0.017303876537493115,0.017303876537493115,0.0020130875543025247,0.7433034373659253
75.81965140600005,4.436956795138887,7.800728425640077,-0.09632167540807027,0.46101412902882066,-0.3218838456307269,0.2956815240563419,11.534956711949615,0.008707992970733363,0.008707992970733363,0.0037681962777826694,0.7106335201775948
75.91650726999978,4.434291217154475,7.8152236390068985,-0.0799673395323632,0.43485640100464235,-0.38459333931040357,0.31884996809865107,11.529281858922298,0.0003431775728673295,0.0003431775728673295,0.005183738714850159,0.7106335201775948
76.05473197599895,4.429876302057204,7.84198904087515,-0.06403167129652647,0.39154572924891906,-0.5830755688109593,0.3538586404110222,11.518419748300614,0.015461003185713678,0.015461003185713678,0.0002517046416852062,0.7106335201775948
76.10660762799853,4.4277448088916325,7.854439044722887,-0.06394479496716703,0.37350011543211226,-0.6174670844033237,0.3615069740964345,11.513450921769923,0.022757292060818255,0.022757292060818255,0.0004457443882083359,0.6800735254367722
76.12996056599877,4.4253295138175295,7.866363528169142,-0.07245885222308804,0.3577345033876651,-0.6157231885810728,0.36575477408669566,11.509017016198648,0.029481303642347266,0.029481303642347266,0.0010009320524682773,0.6800735254367722
76.15305687899854,4.422489800237271,7.877795951775677,-0.08519140740776826,0.34297270819605136,-0.6164527199568961,0.3727840871055631,11.505217376662241,0.035557267170696766,0.035557267170696766,0.00020192758453378614,0.6800735254367722
76.17174063699895,4.422489800237271,7.877795951775677,-0.08519140740776826,0.34297270819605136,-0.6102252951720272,0.38725230274033684,11.505217376662241,0.035557267170696766,0.035557267170696766,0.00020192758453378614,0.6800735254367722
76.21914619499876,4.419108133696805,7.8887849622212025,-0.10144999621397795,0.3296703133657792,-0.6102252951720272,0.38725230274033684,11.502124133071458,0.04093647163278293,0.04093647163278293,0.01364597749864493,0.6800735254367722
76.23566446599943,4.415169426924454,7.899335910772581,-0.11816120317053763,0.31652845654135553,-0.5781458323682086,0.40784735172250985,11.499746883154137,0.04561203263357767,0.04561203263357767,0.016808303559687165,0.6800735254367722
76.32709601499846,4.405247409006465,7.919281377112409,-0.16298508849394044,0.2948690848561358,-0.5453570261200377,0.40688054475912594,11.497369720761585,0.05269968098353402,0.05269968098353402,0.011465910414673229,0.651920240520265
76.342589640999,4.405247409006465,7.919281377112409,-0.16298508849394044,0.2948690848561358,-0.552729961670019,0.3390793339283039,11.497369720761585,0.05269968098353402,0.05269968098353402,0.011465910414673229,0.651920240520265
76.37171940000007,4.398569162334883,7.928911907898916,-0.20034740014747948,0.2889159235952255,-0.44899556825118686,0.3425190375128563,11.497829731669864,0.0547872611011868,0.0547872611011868,0.01598594057115648,0.6946221994724903
76.43731526599913,4.3904821504540745,7.938296190184419,-0.24261035642423284,0.2815284685650599,-0.41837600021792115,0.34291288101436823,11.499623068194312,0.05570456980137875,0.05570456980137875,0.0039046767059115178,0.6946221994724903
76.43899750799937,4.380997574659208,7.947531333914857,-0.28453727384598365,0.2770543119131442,-0.3989608553080572,0.37190098035654406,11.50269006932464,0.05552819469717639,0.05552819469717639,0.00783421205460131,0.6946221994724903
76.4935218139999,4.370280982408077,7.956780403752815,-0.3214977675339272,0.2774720951387571,-0.30516091336247253,0.46902650157641373,11.506805776105084,0.05449049964727848,0.05449049964727848,0.012839865037609083,0.670820393249937
76.555854283999,4.370280982408077,7.956780403752815,-0.3214977675339272,0.2774720951387571,-0.30516091336247253,0.46902650157641373,11.506805776105084,0.05449049964727848,0.05449049964727848,0.0035841953708657323,0.670820393249937
76.55797744200027,4.358423146938747,7.966027084718235,-0.35573506407989763,0.27740042896259004,-0.27608916326166977,0.4851426891362212,11.511904417146152,0.05264413459083727,0.05264413459083727,0.006663638925401565,0.670820393249937
76.58212135400026,4.345707396859047,7.975250532700186,-0.3814725023909923,0.27670343945854753,-0.17959512843549946,0.3924426415236284,11.517759340465474,0.05017470409556751,0.05017470409556751,0.009344395623920363,0.7158910531638177
76.65590111799975,4.332427595105965,7.984400141878881,-0.39839405259243826,0.27448827536083764,-0.14686077295281308,0.382266434953651,11.524149960387469,0.04725421691861241,0.04725421691861241,0.00015869657034379192,0.7158910531638177
76.65780741900016,4.318835351833744,7.993529161234223,-0.40776729816664115,0.2738705806602509,-0.11528961788285072,0.3933851885284578,11.530835528236196,0.04383528813128024,0.04383528813128024,0.0005140225491960858,0.7158910531638177
76.76713536199895,4.291326120518403,8.011914132885323,-0.4122522526369379,0.2774564366980936,0.015367481790422577,0.43253779666151426,11.544473690878506,0.016326056815938905,0.016326056815938905,0.0011087573717573154,0.7433034373659253
76.80683778299863,4.291326120518403,8.011914132885323,-0.4122522526369379,0.2774564366980936,0.1492757502115872,0.536935162230718,11.544473690878506,0.016326056815938905,0.016326056815938905,0.0011087573717573154,0.7433034373659253
76.98896965999847,4.251851672415626,8.041063489380713,-0.3823236908791267,0.2972854303273296,0.1457623554335643,0.7524667613797876,11.562730521888778,0.023148391286838432,0.023148391286838432,0.03091250037272026,0.7433034373659253
76.99197631300012,4.251851672415626,8.041063489380713,-0.3823236908791267,0.2972854303273296,0.16109431589608786,0.7989213911639529,11.562730521888778,0.023148391286838432,0.023148391286838432,0.03091250037272026,0.7433034373659253
77.03352296899902,4.23981809700485,8.05117058534674,-0.36100726232326275,0.3032128789808152,0.2220267088991814,0.8267682455694748,11.567693134230677,0.03518196669761409,0.03518196669761409,0.04003008849562558,0.7762087348130012
77.09523885099952,4.228508292758771,8.061478222179776,-0.3392941273823758,0.3092291049910526,0.2491839362097309,0.8363994754794097,11.571952894275947,0.04649177094369339,0.04649177094369339,0.03078803979747691,0.7762087348130012
77.20492222899884,4.218031831623187,8.072061059989942,-0.3142938340675179,0.317485134304965,0.24636914049699343,0.6671915706308432,11.575376570345439,0.05696823207927704,0.05696823207927704,0.009876933240464167,0.7762087348130012
77.20659590399919,4.208311456928781,8.082921077528285,-0.2916112408321801,0.3258005261502748,0.22054538176587768,0.70841725539615,11.578028372412108,0.06668860677368293,0.06668860677368293,0.018983645544592545,0.7762087348130012
77.31674948299951,4.1910632200478055,8.105629103187832,-0.2453939129926121,0.3476949211081831,0.23943044461476584,0.8715934730511462,11.580997822192959,0.08393684365465859,0.08393684365465859,0.024404974872683043,0.75
77.33379382499879,4.1910632200478055,8.105629103187832,-0.2453939129926121,0.3476949211081831,0.29490678780918184,0.8674637068597909,11.580997822192959,0.08393684365465859,0.08393684365465859,0.024404974872683043,0.75
77.44269179099865,4.171266269361883,8.145376062483868,-0.17657144324829746,0.4288390062745081,0.3011852000240922,0.7564261331990286,11.57744789369191,0.0942982426571603,0.0942982426571603,0.03524948885098209,0.75
77.54010231599932,4.161292006309366,8.177549642300992,-0.1419321080671023,0.5000624215840888,0.301003524298399,0.6541758913197375,11.569500197642904,0.07943717365865324,0.07943717365865324,0.032990961633013204,0.75
77.56569274899994,4.15722246977387,8.195031412111971,-0.12208609606486465,0.5244530943293749,0.29954775417941965,0.5509814892285907,11.564059799201747,0.07410752825316434,0.07410752825316434,0.05026505373020356,0.75
77.66932570099925,4.153715952772639,8.213181269767828,-0.10519551003695832,0.5444957296757069,0.29627998143946405,0.3817884607149737,11.557819911676328,0.07225724632315828,0.07225724632315828,0.018017595414524166,0.75
77.75406008800019,4.148211588025478,8.251487912123505,-0.07335148672057776,0.5875734078122681,0.2944306450519799,0.3141575119486311,11.543101240080494,0.07678847493192809,0.07678847493192809,0.03254630052116649,0.7000000000000001
77.86717594699985,4.1448827425064625,8.293450889303333,-0.043190699075767926,0.6432430563379026,0.27447242818233936,0.14503272453099708,11.524772109910803,0.08011732045094355,0.08011732045094355,0.017495090949711273,0.7000000000000001
77.86904744299864,4.1448827425064625,8.293450889303333,-0.043190699075767926,0.6432430563379026,0.2608441098342154,0.140766199309467,11.524772109910803,0.08011732045094355,0.08011732045094355,0.017495090949711273,0.7000000000000001
77.8763728269987,4.143797631978227,8.315695019142701,-0.03255331584704627,0.6673238951810595,0.2509352911515716,0.1898940309210106,11.514519082644004,0.08120243097917879,0.08120243097917879,0.02613064550819982,0.7000000000000001
77.9283074549985,4.14318268739561,8.338419227625923,-0.018448337478507493,0.681726254496668,0.22645568354195417,0.2895646619662361,11.503652637017911,0.08181737556179591,0.08181737556179591,0.03181737481673785,0.7000000000000001
77.97582287299883,4.142962471309036,8.361478885115893,-0.0066064825972354125,0.6917897246990767,0.2083753932779564,0.3164651832760367,11.492311383430707,0.08203759164836999,0.08203759164836999,0.022057007155403114,0.7000000000000001
78.01573874299902,4.143186044708853,8.38446607636279,0.006707201994490092,0.6896157374068961,0.15798501593034744,0.4052223742046113,11.480656434739622,0.08181401824855339,0.08181401824855339,0.03181401750349533,0.7000000000000001
78.0868592049992,4.144824855432919,8.429447177659002,0.0309202138750338,0.6661140866952449,0.14704960822114532,0.4372329348049036,11.456905405473401,0.08017520752448704,0.08017520752448704,0.02894499176505697,0.7000000000000001
78.13685718399938,4.146281436305641,8.45087050488467,0.04369742618165225,0.6426998167700488,0.06306146796314593,0.5860569594707842,11.445050340554019,0.07871862665176543,0.07871862665176543,0.028718625906707373,0.7000000000000001
78.19765705099962,4.148147069642248,8.471362816895963,0.05596900009822065,0.6147693603388347,0.055559518307150974,0.6177000081876725,11.433325556743826,0.07685299331515782,0.07685299331515782,0.020378123099218434,0.7000000000000001
78.20718667399888,4.150435630849409,8.49076447949613,0.06865683621481238,0.5820498780050251,-0.003794637857472999,0.5359637313403954,11.421792952962914,0.07456443210799701,0.07456443210799701,0.024564431362938954,0.75
78.24366511500011,4.153156867994005,8.50898243807774,0.0816371143378825,0.546538757448301,-0.012693685914463182,0.6035218170992285,11.410484900759386,0.0718431949634013,0.0718431949634013,0.021843194218343243,0.75
78.30726584999866,4.156294214402136,8.526090284228511,0.09412039224394375,0.5132353845230988,-0.012693685914463182,0.6035218170992285,11.399375170161926,0.06870584855527007,0.06870584855527007,0.010474209982429171,0.75
78.31978193800023,4.159713061892359,8.5424083289291,0.102565424706688,0.48954134101767666,0.026745345593156805,0.5097064542327386,11.38842085603926,0.06528700106504726,0.06528700106504726,0.020176395728608833,0.75
78.41716633399847,4.166817439861928,8.573624960748287,0.10594665680140701,0.4637937384912977,0.06927383611572482,0.4165338068604167,11.367010902057563,0.05818262309547784,0.05818262309547784,0.024756699092131455,0.75
78.42394254999999,4.170181700480837,8.588996421399683,0.10092781856728118,0.46114381954190714,0.08764036591589769,0.31685480951166806,11.356603889579452,0.054818362476568794,0.054818362476568794,0.03700706934997867,0.75
78.54743863600015,4.173295767495619,8.60446963430663,0.09342201044343362,0.4641963872084395,0.09667757502485996,0.24993777427834651,11.346378757994918,0.05170429546178745,0.05170429546178745,0.01122367057915405,0.75
78.55674879300022,4.175998454595073,8.62020789244588,0.08108061298362532,0.47214774417749666,0.09031089346553049,0.23422752133551167,11.336398379344818,0.04900160836233347,0.04900160836233347,0.022894711664516315,0.75
78.58399742399888,4.1782087694527235,8.636244736340066,0.06630944572951734,0.4811053168255878,0.08416275995670054,0.2552590078545516,11.32671897787424,0.046791293504682585,0.046791293504682585,0.03508562002459757,0.75
78.63323319799929,4.1782087694527235,8.636244736340066,0.06630944572951734,0.4811053168255878,0.08416275995670054,0.2552590078545516,11.32671897787424,0.046791293504682585,0.046791293504682585,0.009042933040436466,0.75
78.6401490649987,4.17986554924933,8.652577076737195,0.0497033938982033,0.489970211913863,0.0838427311228179,0.3235641248087344,11.317397405139548,0.045134513708076085,0.045134513708076085,0.01869545356206469,0.75
78.7579512229986,4.180889066872616,8.669214510021632,0.030705528698602318,0.49912299853312037,0.08826535891603626,0.5276345302269398,11.308500906037315,0.04411099608478963,0.04411099608478963,0.007930962904022556,0.75
78.79363145899879,4.181242519499156,8.686122252580912,0.010603578796180055,0.5072322767784074,0.09819180467384164,0.594457911485901,11.300080628959734,0.043757543458250225,0.043757543458250225,0.0165735653505827,0.75
78.80251714599945,4.181242519499156,8.686122252580912,0.010603578796180055,0.5072322767784074,0.09819180467384164,0.594457911485901,11.300080628959734,0.043757543458250225,0.043757543458250225,0.0165735653505827,0.75
78.85451728599946,4.1812212531846615,8.702928798364049,-0.0006379894348224648,0.5041963734941302,0.11341172094889118,0.5934090294283931,11.2920569155404,0.04377880977274451,0.04377880977274451,0.012578019508305532,0.75
78.90008738999859,4.180964233365948,8.71941801030434,-0.007710594561393318,0.49467635820873646,0.1258835673044624,0.4925203876401937,11.284411065164317,0.0440358295914578,0.0440358295914578,0.025075399295749666,0.75
78.97766033100015,4.180317786889682,8.750816897267587,-0.009513161181346323,0.46234757523366726,0.14775865765381768,0.4068356265877239,11.270042372398391,0.044682276067724125,0.044682276067724125,0.02000514488380669,0.75
79.0129206799993,4.180317786889682,8.750816897267587,-0.009513161181346323,0.46234757523366726,0.15243723968580977,0.4437252192114245,11.270042372398391,0.044682276067724125,0.044682276067724125,0.02000514488380669,0.75
79.07227367499945,4.180087171682956,8.765552705646655,-0.006918456201762367,0.44207425137204615,0.1482614489706839,0.4416639814951845,11.263258784989484,0.04491289127444986,0.04491289127444986,0.007800609984043797,0.75
79.07527014900006,4.179922337407973,8.779844269070216,-0.004945028249488186,0.42874690270679683,0.14598272266517956,0.5106533446326437,11.256642387195319,0.04507772554943301,0.04507772554943301,0.015315659270901524,0.75
79.11550205200001,4.179775916043283,8.79417530637752,-0.004392640940683797,0.42993111921913163,0.14078357476359332,0.5778802207496849,11.250005402459546,0.0452241469141228,0.0452241469141228,0.02283530268169978,0.75
79.18368563199874,4.179685719620014,8.808712740224584,-0.002705892698069171,0.436123015411909,0.13803439509011833,0.6135972269831343,11.243236023804387,0.045314343337391705,0.045314343337391705,0.0205628664176581,0.75
79.18572383099854,4.179685719620014,8.808712740224584,-0.002705892698069171,0.436123015411909,0.11190373652751184,0.6496952047791891,11.243236023804387,0.045314343337391705,0.045314343337391705,0.0205628664176581,0.75
79.23466548099896,4.179547100339423,8.838757096599315,-0.0016663036014044417,0.45666644160387293,0.127778596474396,0.5105817617764544,11.229250314378428,0.045452962617982706,0.045452962617982706,0.04188713353950594,0.75
79.27221370699954,4.179547100339423,8.838757096599315,-0.0016663036014044417,0.45666644160387293,0.12680814007039254,0.47626031885611475,11.229250314378428,0.045452962617982706,0.045452962617982706,0.04188713353950594,0.75
79.29981747199963,4.179456908288929,8.85441350455226,-0.002705761514840106,0.46969223858836107,0.12657669238108213,0.5104086567600867,11.222003070562756,0.04554315466847747,0.04554315466847747,0.02597979765112171,0.75
79.40685203300018,4.179524119645093,8.885949691695943,0.0026809458967427596,0.47343726093153193,0.1318857075479391,0.5336000257451919,11.207237050684219,0.045475943312313305,0.045475943312313305,0.01704103795195633,0.75
79.40903676099879,4.179524119645093,8.885949691695943,0.0026809458967427596,0.47343726093153193,0.09783431382666884,0.5371220622595495,11.207237050684219,0.045475943312313305,0.045475943312313305,0.01704103795195633,0.75
79.5145016259994,4.179911009547983,8.917825032367205,0.006653432078683733,0.480372013036707,0.1294192945472991,0.5289363779504175,11.192100025180586,0.045089053409423485,0.045089053409423485,0.02393083217846807,0.75
79.54634366899882,4.180146469367499,8.934144275971823,0.0070637945855056535,0.4895773081385347,0.12737662478245754,0.46078805282270385,11.184344389845869,0.044853593589906815,0.044853593589906815,0.03615836503979386,0.75
79.57924164399992,4.1803360329463,8.950759683764991,0.005686907364033591,0.4984622337950148,0.1262318364952113,0.427498414277402,11.176511488546126,0.04466403001110564,0.04466403001110564,0.04466403001110564,0.75
79.63713737099897,4.180422505383546,8.967650758776356,0.0025941731173688446,0.50673225034094,0.12170713047413194,0.4443729399893417,11.16866269548822,0.04457755757386028,0.04457755757386028,0.030451856781710723,0.75
79.6456725579992,4.1803533599813685,8.984791065696882,-0.002074362065317644,0.5142092076157975,0.1250264297391372,0.4189421439605289,11.16085802724895,0.04464670297603757,0.04464670297603757,0.04111990991234384,0.75
79.68280741199851,4.180081896599844,9.002151006456073,-0.008143901445733183,0.5207982227757321,0.12939126480912874,0.448954142718681,11.153153793395973,0.044918166357562406,0.044918166357562406,0.044918166357562406,0.75
79.73483739799849,4.179788357166115,9.019581890591578,-0.008806183011874864,0.522926524065183,0.1385546812481285,0.44118560049327393,11.1454585910595,0.0452117057912913,0.0452117057912913,0.03237105639215981,0.75
79.78595775099893,4.179554114476478,9.037142974315211,-0.0070272806891067225,0.5268325117089795,0.1425154924638799,0.4817178675027585,11.137673358027987,0.04544594848092842,0.04544594848092842,0.04333331696984378,0.75
79.8416085709996,4.179375596699914,9.054743762240593,-0.005355533296915332,0.5280236377614663,0.1425154924638799,0.4817178675027585,11.12984272377662,0.04562446625749228,0.04562446625749228,0.0225472021074281,0.75
79.87974189199849,4.179375596699914,9.054743762240593,-0.005355533296915332,0.5280236377614663,0.13909832014317713,0.4531114942819663,11.12984272377662,0.04562446625749228,0.04562446625749228,0.0225472021074281,0.75
79.95188097299979,4.179335334224692,9.072158112739508,-0.001207874256629582,0.5224305149674859,0.13711238348178673,0.42618885364877707,11.121995389949316,0.045664728732713655,0.045664728732713655,0.009518220783491236,0.75
79.95380580900019,4.179453470639418,9.089403821022303,0.003544092441753838,0.5173712484838299,0.13522074416266217,0.4592873033781345,11.11410444030441,0.0455465923179883,0.0455465923179883,0.01881174825338396,0.75
79.97016952099875,4.1797207558927605,9.106421668720689,0.008018557600283017,0.5105354309515522,0.12875358815612667,0.5276440741615547,11.10620388934433,0.04527930706464556,0.04527930706464556,0.02785608782519193,0.75
80.00350396700014,4.180135325867074,9.123282135669399,0.012437099229398476,0.5058140084613146,0.11804770570387588,0.5827287229252616,11.098262740368769,0.04486473709033234,0.04486473709033234,0.036691188625139814,0.75
80.06104456799949,4.180746839136253,9.140078211618308,0.01834539807538562,0.5038822784672689,0.11358974546682785,0.6153718827233545,11.090194201012391,0.04425322382115304,0.04425322382115304,0.0391306729075131,0.75
80.07823143199857,4.180746839136253,9.140078211618308,0.01834539807538562,0.5038822784672689,0.11214526248920888,0.5467933736036159,11.090194201012391,0.04425322382115304,0.04425322382115304,0.0391306729075131,0.75
80.10456973100008,4.181534821105251,9.156736370919191,0.023639459069944017,0.4997447790265039,0.10969095216257768,0.47873405499779076,11.082048854410488,0.04346524185215461,0.04346524185215461,0.04346524185215461,0.75
80.17224508799882,4.182453649992462,9.173266443294459,0.027564866616317553,0.4959021712580437,0.10758658044476117,0.5127870082316205,11.07386243111753,0.04254641296494377,0.04254641296494377,0.024995777932823416,0.75
80.18714021399865,4.183478709744626,9.189679067291886,0.030751792564905837,0.49237871992278265,0.10499263889944485,0.47945363115173,11.06565163748975,0.041521353212780276,0.041521353212780276,0.03724485706329756,0.75
80.21591279799941,4.184616018712755,9.206236549395012,0.0341192690438849,0.49672446309375606,0.09841713398390001,0.377495481601701,11.057294434301953,0.04038404424465103,0.04038404424465103,0.04038404424465103,0.75
80.2826934299992,4.185799071987513,9.223014346288663,0.03549159824274818,0.5033339068095143,0.09615922458981532,0.4125187046789137,11.048817543407523,0.039200990969892935,0.039200990969892935,0.02388756377384427,0.75
80.39411344200016,4.188206631138626,9.25728940596731,0.03640058601165513,0.5159892933189106,0.07843700760724505,0.3232786732105379,11.03156805193898,0.03679343181878014,0.03679343181878014,0.018713988033898777,0.75
80.44261323499995,4.189414431202969,9.274440510692573,0.036234001930288216,0.5145331417579073,0.0718526617503398,0.49321765645641114,11.022963789348713,0.03558563175443741,0.03558563175443741,0.028075945089181233,0.75
80.50196680199952,4.190659974401334,9.291501522160353,0.03736629595094927,0.5118303440333951,0.06953913579482623,0.5268865332363775,11.014385019342567,0.03434008855607207,0.03434008855607207,0.01417908002296868,0.75
80.53968327300026,4.191947534303223,9.308250714579694,0.038626797056672234,0.5024757725802541,0.06812192954101054,0.6289898300815868,11.005924081026816,0.03305252865418318,0.03305252865418318,0.021044733063956322,0.75
80.64735559399924,4.19456931130137,9.34101019080694,0.03915760011443844,0.4878706299339669,0.05986695014064802,0.7194027835400019,10.989337611185489,0.030430751656036037,0.030430751656036037,0.012187505045976566,0.75
80.72295186199881,4.1958220980530045,9.357058784389519,0.03758360254904801,0.4814578074773743,0.05311125781637743,0.754530235518795,10.981267289714415,0.0291779649044015,0.0291779649044015,0.009771397754405746,0.75
80.72594576600022,4.196995988541933,9.372828509449777,0.03521671466784622,0.4730917518077092,0.021508972007559968,0.7799958486610123,10.973405977727488,0.028004074415473035,0.028004074415473035,0.019415564651825576,0.75
80.74092530499911,4.1980432404568395,9.388214448629311,0.03141755744718826,0.4615781753860223,0.022764409141311837,0.7457805825711398,10.965841087211144,0.026956822500566524,0.026956822500566524,0.026956822500566524,0.75
80.77484342999924,4.198947141680191,9.403208921213258,0.027117036700523872,0.44983417751840665,0.042560029916416664,0.6627387059008404,10.958589970475835,0.02605292127721537,0.02605292127721537,0.02605292127721537,0.75
80.83198354900014,4.199690355865873,9.417827815612394,0.022296425570484613,0.43856683197407065,0.04220101865357645,0.6988015437244965,10.951660486610612,0.025309707091532907,0.025309707091532907,0.004288315135014516,0.75
80.8524682419993,4.200250499597678,9.432491724410108,0.016804311954148898,0.4399172639314066,0.04448549388663409,0.8002114066996464,10.944892583914022,0.024749563359727667,0.024749563359727667,0.008764075204025007,0.75
80.8803363070001,4.200250499597678,9.432491724410108,0.016804311954148898,0.4399172639314066,0.044370974547978614,0.8328193331977739,10.944892583914022,0.024749563359727667,0.024749563359727667,0.008764075204025007,0.75
80.94027476999872,4.200569697908451,9.447503740932255,0.0095759493231815,0.4503604956644247,0.04510886734553998,0.866340208102697,10.93821017107496,0.024430365048955238,0.024430365048955238,0.007277562808364027,0.75
80.96488118900015,4.200630080228878,9.463152962794684,0.0018114696128262815,0.46947665587286397,0.052077826332569244,0.7987855522718068,10.931508370527327,0.024369982728527972,0.024369982728527972,0.015099407792788273,0.75
80.98838278899893,4.200409361847474,9.479654755813808,-0.006621551442101068,0.49505379057373244,0.05670561879099695,0.7640880738491529,10.924718988535634,0.02459070110993178,0.02459070110993178,0.02359315625723636,0.75
81.05278299099882,4.200409361847474,9.479654755813808,-0.006621551442101068,0.49505379057373244,0.06202236175237302,0.73103051301572,10.924718988535634,0.02459070110993178,0.02459070110993178,0.0,0.75
81.0710057489996,4.200066033321292,9.496769475827092,-0.010299855785472007,0.5134416003985319,0.07183909862127985,0.6304431100253053,10.917803066701468,0.02493402963611402,0.02493402963611402,0.00846059880007153,0.75
81.11593788899881,4.199568382916403,9.514530801892272,-0.014929512146684198,0.5328397819554266,0.07725788478933332,0.5628015745630391,10.910777881129432,0.02543168004100327,0.02543168004100327,0.017365100589469995,0.75
81.16492269099945,4.198983429377867,9.533114560061675,-0.017548606156078526,0.5575127450820788,0.08516538584367128,0.5499469329349955,10.90351189999143,0.026016633579539317,0.026016633579539317,0.026016633579539317,0.75
81.18824042699998,4.198339165067299,9.552592613326166,-0.019327929317038008,0.5843415979347282,0.08227836737357458,0.6359309148380844,10.895953433748508,0.02666089789010684,0.02666089789010684,0.02666089789010684,0.75
81.2192886849989,4.197583489155881,9.572957533589726,-0.022670277342542428,0.6109476079068012,0.08200679783822878,0.6691929173485043,10.888157155686184,0.027416573801525068,0.027416573801525068,0.027416573801525068,0.75
81.27210781999929,4.19665443846518,9.594051548337365,-0.027871520721008014,0.6328204424291946,0.08374396886337515,0.7038254036294399,10.880249296786003,0.028345624492225774,0.028345624492225774,0.028345624492225774,0.75
81.29958149599952,4.195504275438833,9.615772068419652,-0.03450489079040441,0.6516156024685956,0.08584989215979572,0.6690912497120133,10.872319701895073,0.029495787518572847,0.029495787518572847,0.029495787518572847,0.75
81.38324571399971,4.194231088096037,9.63794101794638,-0.03819562028387105,0.6650684858018361,0.09350725211141503,0.7358835225407069,10.864355852758523,0.030768974861368648,0.030768974861368648,0.030768974861368648,0.75
81.39441915699899,4.192825607769821,9.660340543049166,-0.042164409786488916,0.6719857530836005,0.09802875041282441,0.6840666315158171,10.856458010408108,0.03217445518758488,0.03217445518758488,0.03217445518758488,0.75
81.51239596399864,4.189766505563393,9.704945845851961,-0.046794900862624576,0.6664066113653663,0.11160237557289762,0.5833571495092031,10.841089840608607,0.03523355739401346,0.03523355739401346,0.022610077408462555,0.75
81.51408994699887,4.188166514452855,9.727005486091718,-0.0479997333161215,0.6617892071927263,0.07536442245026154,0.5554360335354794,10.833629311725854,0.036833548504550784,0.036833548504550784,0.033869920526362826,0.75
81.55950020199998,4.186496690276628,9.748894505067415,-0.050094725286835236,0.6566705692709088,0.1504203967119604,0.5408329049745404,10.826341344144325,0.03850337268077819,0.03850337268077819,0.03850337268077819,0.75
81.62169061399982,4.184746149592747,9.770778124620614,-0.0525162205164322,0.6565085865959422,0.15250136290219393,0.43900379586163724,10.819169143898216,0.04025391336465933,0.04025391336465933,0.029363199292599045,0.75
81.63372049200007,4.182917387575008,9.792665670760178,-0.05486286053215771,0.6566263841868965,0.13770921523828034,0.40955673840566537,10.81210694386205,0.04208267538239774,0.04208267538239774,0.04208267538239774,0.75
81.71193624700027,4.180964058174345,9.814555500825293,-0.0585998820198936,0.6566949019534787,0.17153326683049658,0.46967779187103337,10.805198219872503,0.044036004783061244,0.044036004783061244,0.029131657904398037,0.75
81.71385328799988,4.178936308612453,9.836526685235992,-0.06083248685675726,0.6591355323209894,0.17153326683049658,0.46967779187103337,10.798366055763857,0.04606375434495291,0.04606375434495291,0.04385642415563965,0.75
81.75671138699909,4.176972649392884,9.858377319210916,-0.058909776587073755,0.6555190192477366,0.20833582023264216,0.3928791609117872,10.791563128994856,0.04802741356452245,0.04802741356452245,0.04802741356452245,0.75
81.8209294520002,4.175084556022496,9.880002427394368,-0.05664280111164219,0.6487532455035745,0.22057955243766142,0.42475528810478824,10.784819242013313,0.049915506934910425,0.049915506934910425,0.035837100851868,0.75
81.82297698799994,4.175084556022496,9.880002427394368,-0.05664280111164219,0.6487532455035745,0.21726925106001946,0.46391197820285657,10.784819242013313,0.049915506934910425,0.049915506934910425,0.035837100851868,0.75
81.84372097699998,4.173270963821817,9.901321827242672,-0.05440776602037272,0.6395819954491383,0.223334743851328,0.3545194573973781,10.778165324214129,0.05172909913558943,0.05172909913558943,0.05172909913558943,0.75
81.9315981869986,4.171638936841708,9.922295117482076,-0.04896080940326589,0.6291987071821222,0.25516434371108404,0.4136241490201242,10.771516675280772,0.0533611261156981,0.0533611261156981,0.013387195680435272,0.75
82.04096290899906,4.169242398590731,9.962735161232297,-0.03090010581955678,0.5990581620140065,0.35320875169972876,0.5521626075999803,10.758108889765502,0.055757664366675286,0.055757664366675286,0.030455855748985933,0.75
82.04290032899917,4.169242398590731,9.962735161232297,-0.03090010581955678,0.5990581620140065,0.30584775158750116,0.5410180024678506,10.758108889765502,0.055757664366675286,0.055757664366675286,0.030455855748985933,0.75
82.07042410400027,4.168613673089254,9.982165155702694,-0.018861765044282507,0.5828998341119181,0.3334562798557776,0.419181351328461,10.751232402811258,0.05638638986815181,0.05638638986815181,0.044721475752435694,0.75
82.10199112400005,4.168443192731326,10.00105970663123,-0.005114410737853818,0.5668365278560756,0.3302655657331201,0.3518700408793519,10.744167354644416,0.056556870226080136,0.056556870226080136,0.056556870226080136,0.75
82.15123296799902,4.168676268893872,10.019470438591322,0.006992284876393483,0.5523219588027549,0.3302655657331201,0.3518700408793519,10.73694148971493,0.05632379406353394,0.05632379406353394,0.02966792649162478,0.75
82.18147579699871,4.169250843165651,10.037443410610338,0.017237228153352824,0.5391891605704774,0.32175574061419626,0.25260243586868014,10.729592017311726,0.05574921979175507,0.05574921979175507,0.04363203967996091,0.75
82.21655365399965,4.170149612716345,10.05510038968083,0.0269630865208106,0.529709372114728,0.32249444047765946,0.2338887548819616,10.722086623945803,0.05485045024106139,0.05485045024106139,0.05485045024106139,0.75
82.26063830599924,4.170149612716345,10.05510038968083,0.0269630865208106,0.529709372114728,0.32249444047765946,0.2338887548819616,10.722086623945803,0.05485045024106139,0.05485045024106139,0.014141812013817917,0.75
82.27773630799857,4.171375432944513,10.072290165397924,0.03677460684505518,0.5156932715128205,0.31520210226480394,0.22499242417927007,10.7144776963363,0.05362463001289264,0.05362463001289264,0.02771341624651292,0.75
82.30221914699905,4.172968811167043,10.08927762057185,0.04780134667588939,0.5096236552178167,0.30239877632382434,0.2514370096352344,10.706626089899098,0.05395458576537278,0.05395458576537278,0.04091186345761749,0.75
82.3695981689998,4.175135702606511,10.10600849646356,0.0650067431840344,0.5019262767512509,0.2876683816216375,0.2511203268187465,10.698359661742412,0.05871943439437718,0.05871943439437718,0.012566533976589236,0.75
82.37435982999887,4.177890055376963,10.122380700458649,0.0826305831135574,0.4911661198526935,0.28845959227232454,0.3082209904130601,10.689701634997638,0.06681491425618545,0.06681491425618545,0.024504873168369738,0.75
82.48030167999968,4.185137514238063,10.153408819250286,0.11773942899734516,0.4570172901810893,0.2805681634071624,0.336408213472224,10.671461008668906,0.08363038015415954,0.08363038015415954,0.015296969781374932,0.75
82.54190044299867,4.189599383564211,10.168045416590566,0.13385607978443356,0.43909792020838806,0.3859890933437981,0.47013090777230665,10.661909173513218,0.0854006801382532,0.0854006801382532,0.02173572153175505,0.75
82.5937563239986,4.189599383564211,10.168045416590566,0.13385607978443356,0.43909792020838806,0.3913965058393127,0.5087387574115272,10.661909173513218,0.0854006801382532,0.0854006801382532,0.003222081991149976,0.75
82.63107694300015,4.1945159597672825,10.182173520181088,0.1474972860921517,0.4238431077156921,0.5391207323232489,0.5381172640560576,10.65213492203677,0.08048410393518157,0.08048410393518157,0.005799518784278134,0.75
82.7006987779987,4.19982785321824,10.19589130127622,0.15935680352871373,0.41153343285393623,0.5693079162085273,0.5483618287250134,10.642155480322772,0.07517221048422407,0.07517221048422407,0.006012573239932905,0.75
82.70329300799858,4.205465384106233,10.20932115504047,0.16912592663980947,0.40289561292752557,0.6144872567786035,0.5366419228167802,10.631989331246322,0.06953467959623083,0.06953467959623083,0.008314120435682274,0.7762087348130012
82.74909420499898,4.211356889287621,10.22252571598299,0.17674515544162156,0.39613682827557173,0.6166192277876289,0.5237918342539434,10.621679217254334,0.06364317441484335,0.06364317441484335,0.010281033845481763,0.7762087348130012
82.83809454599941,4.217434499167262,10.235558181968848,0.18232829638922757,0.3909739795757505,0.7022224925653734,0.6245155889944829,10.61126813548679,0.05756556453520201,0.05756556453520201,0.010854893756550524,0.7762087348130012
82.9217062409989,4.223634234549879,10.248486459933758,0.18599206147850803,0.38784833894731563,0.7285670355551509,0.6635381863003279,10.600790408373742,0.05136582915258536,0.05136582915258536,0.012219909402395061,0.7762087348130012
82.92358178399991,4.229938287034606,10.261451485711495,0.1891215745418145,0.38895077333208905,0.6774939255377255,0.6687476052504323,10.590211183649355,0.04506177666785849,0.04506177666785849,0.018212815892997693,0.7905694150420949
82.95032307099973,4.236424100242637,10.274600024165142,0.19457439624094705,0.3944561536094199,0.7077329480810848,0.6299483076851943,10.579405205652707,0.03857596345982728,0.03857596345982728,0.02423168466813815,0.7905694150420949
82.98270933799904,4.2431202206984135,10.28811229097212,0.20088361367329258,0.40536800420932234,0.7039226782749702,0.6053131992442229,10.568281170078809,0.031879843004050556,0.031879843004050556,0.03039740262211414,0.7905694150420949
83.03443431399864,4.2431202206984135,10.28811229097212,0.20088361367329258,0.40536800420932234,0.7039226782749702,0.6053131992442229,10.568281170078809,0.031879843004050556,0.031879843004050556,0.0,0.7905694150420949
83.0660246569987,4.250115462741114,10.302095214130354,0.20985726128100507,0.419487694747064,0.7731357254967005,0.6344298456331532,10.556718531810121,0.024884600961350145,0.024884600961350145,0.003850565239983476,0.7615773105863909
83.13967800499995,4.266028663412503,10.331664203514821,0.24915300482429031,0.452454020814582,0.7851494586237339,0.6176118234856348,10.531255714486095,0.011175669153928936,0.011175669153928936,0.01114523477891357,0.7615773105863909
83.1787108919998,4.275046549940909,10.347369907191153,0.2705365958521976,0.4711711102899733,0.7856066014419203,0.5879538519379892,10.517221254175581,0.015784933543388707,0.015784933543388707,0.015784933543388707,0.7615773105863909
83.24783137799932,4.295342181968046,10.380957332194162,0.3152291729800845,0.5157679228133186,0.7750493576985735,0.5684292623732046,10.486305035314178,0.025183650490755688,0.025183650490755688,0.022362763123728216,0.7826237921249265
83.2751760379997,4.295342181968046,10.380957332194162,0.3152291729800845,0.5157679228133186,0.7351953552174434,0.522448996615066,10.486305035314178,0.025183650490755688,0.025183650490755688,0.022362763123728216,0.7826237921249265
83.36263521999899,4.306509516240522,10.39896641125832,0.33502002817426435,0.5402723719247078,0.7097310823781793,0.4872443330206161,10.469484489719708,0.030021494628101917,0.030021494628101917,0.0007960846347796095,0.73824115301167
83.38280497699998,4.318292524210227,10.41774994366842,0.35349023909114363,0.5635059723030489,0.6917633220656041,0.4449172456501878,10.45183077835053,0.034971612931767856,0.034971612931767856,0.0015140610751001302,0.7632168761236874
83.41272869899876,4.330662563682274,10.437239089361327,0.371101184161435,0.5846743707871948,0.6964398871178343,0.41145732538147095,10.433396926847058,0.04000558121652466,0.04000558121652466,0.004650241630361675,0.7632168761236874
83.471772977,4.3435725055862004,10.45732794477592,0.3872982571177723,0.6026656624377869,0.6953295857471384,0.3778043764352467,10.414266040180841,0.0450818396414695,0.0450818396414695,0.009891720140203621,0.7905694150420949
83.57621279299929,4.371292964114018,10.499051509331188,0.42769576680984606,0.6314741558723967,0.7312350706521819,0.25363346827878835,10.373744291361119,0.054983530871153395,0.054983530871153395,0.019628191284990416,0.75
83.592900267,4.386311349030996,10.520389030125852,0.4505515475093361,0.6401256238398961,0.6819528989349256,0.2873150963677325,10.352263612544233,0.0594518347015034,0.0594518347015034,0.02409649511534042,0.7810249675906654
83.62465875499947,4.401962646370206,10.54199753075411,0.46953892017631477,0.648255018847736,0.6303209555842839,0.12476360101474751,10.330116653918223,0.06366421354409685,0.06366421354409685,0.02830887395793387,0.7433034373659253
83.64753176799968,4.418089212788536,10.563621212831004,0.48379699254988356,0.6487104623068456,0.6076610130431912,0.0992277315827437,10.307539542386465,0.067551261303234,0.067551261303234,0.032195921717071016,0.7778174593052023
83.69073097,4.418089212788536,10.563621212831004,0.48379699254988356,0.6487104623068456,0.6076610130431912,0.0992277315827437,10.307539542386465,0.067551261303234,0.067551261303234,0.032195921717071016,0.7778174593052023
83.70301992299937,4.434576086697267,10.585096682591761,0.4946062172619097,0.6442640928227219,0.5334192228449376,0.02745939220323168,10.284695656876373,0.07107873125880093,0.07107873125880093,0.03572339167263795,0.7778174593052023
83.7474393299999,4.45136091833993,10.606460232627771,0.5035449492798769,0.6409065010803056,0.4863083963296108,-0.020433892172772916,10.261630291252422,0.0743163740838808,0.0743163740838808,0.03896103449771782,0.7810249675906654
83.80002103299921,4.468440081206131,10.627638812511412,0.5123748859860423,0.6353573965092063,0.4863083963296108,-0.020433892172772916,10.238370899986663,0.07721509965582368,0.07721509965582368,0.0418597600696607,0.7810249675906654
83.84673044099873,4.4857873888869575,10.648548552862867,0.5204192304247958,0.6272922105436533,0.3778179093122319,-0.14816131907614186,10.214969467581883,0.07973411995474512,0.07973411995474512,0.04437878036858214,0.7810249675906654
83.91046128999915,4.503433438332619,10.66904598760841,0.5293814833698584,0.6149230423663054,0.39072094311751077,-0.1784840580760343,10.1914442159911,0.08175035383606759,0.08175035383606759,0.04299293584276063,0.7905694150420949
83.91953743100021,4.5213826487949,10.689059456281361,0.5384763138684072,0.6004040601885748,0.3259665178801839,-0.198605320336164,10.167813223775848,0.08321000481495269,0.08321000481495269,0.06382112338868122,0.7905694150420949
83.96510284899887,4.5395911362677355,10.70863197511584,0.5462546241850746,0.5871755650343528,0.23301245147828864,-0.240033120127293,10.144101474351345,0.08417452064052078,0.08417452064052078,0.08363181679100151,0.8321658488546619
84.04281371899924,4.576224577831247,10.745556057493383,0.5491361015528585,0.5400523903297867,0.3436718011466049,-0.3182344011311491,10.097256679679138,0.08438003473101283,0.08438003473101283,0.06855920728251502,0.8062257748298549
84.13171918899934,4.594429554893874,10.762541103702278,0.5461493118788172,0.5095513862668484,0.3913188631436073,-0.36742416562942326,10.074447943751156,0.08351741335176043,0.08351741335176043,0.022721930443113665,0.8
84.14202021099845,4.612449105726158,10.77844956147296,0.540586524968533,0.4772537331204866,0.46804180850007315,-0.3742928238998647,10.052179827635173,0.08202464513218628,0.08202464513218628,0.04437976403483251,0.8
84.18062980499963,4.630217199604814,10.793216998102412,0.5330428163596548,0.44302309888352565,0.5179934751823841,-0.4172261519193995,10.030533391016618,0.08160295629803672,0.08160295629803672,0.06488848187002885,0.8
84.23780303799867,4.630217199604814,10.793216998102412,0.5330428163596548,0.44302309888352565,0.5622846144463409,-0.4115361321093964,10.030533391016618,0.08160295629803672,0.08160295629803672,0.015723376715430656,0.8
84.23983799999951,4.647692078129933,10.806748512825848,0.5242463557535709,0.4059454417030783,0.5808670943011222,-0.4431216134063657,10.0095769344974,0.0861888601941108,0.0861888601941108,0.03019656151945075,0.75
84.27965714999846,4.647692078129933,10.806748512825848,0.5242463557535709,0.4059454417030783,0.6742864793271135,-0.4025016821219101,10.0095769344974,0.0861888601941108,0.0861888601941108,0.03019656151945075,0.75
84.30198190599913,4.664902625591923,10.819112400931349,0.5163164238596913,0.37091664316502715,0.7052993642353785,-0.3890804111514991,9.98925852615121,0.0946523761176528,0.0946523761176528,0.043489336513413177,0.75
84.34770629000013,4.681898483899223,10.830407865094806,0.5098757492190152,0.33886392490371314,0.7487980327413838,-0.3506410701846146,9.969496922925131,0.10540770527985188,0.10540770527985188,0.005407703789735763,0.75
84.3758538839993,4.698388729805804,10.840363365222393,0.49470737719741037,0.2986650038275896,0.6960508693309679,-0.2832550841128273,9.95065452453389,0.11536320540743894,0.11536320540743894,0.01536320391732282,0.75
84.4387637539985,4.714297997923397,10.848834292979866,0.4772780435278017,0.2541278327241967,0.7309879198540965,-0.22691731348736544,9.932848560523233,0.12383413316491243,0.12383413316491243,0.02383413167479631,0.75
84.45953175199975,4.729758166608592,10.85587267711882,0.46380506055584,0.2111515241686081,0.76126482303953,-0.2140504583958051,9.91593637047468,0.13087251730386562,0.13087251730386562,0.029115705571650385,0.7000000000000001
84.48349240199968,4.745058896291803,10.861412351080736,0.4590218904963286,0.16619021885747434,0.6599170905586065,-0.19730815385540096,9.899665298058391,0.13641219126578186,0.13641219126578186,0.03641218977566574,0.7000000000000001
84.51410687799944,4.745058896291803,10.861412351080736,0.4590218904963286,0.16619021885747434,0.6931302633337494,-0.18847232992990856,9.899665298058391,0.13641219126578186,0.13641219126578186,0.03641218977566574,0.7000000000000001
84.5674355279989,4.76064847235892,10.865441155087376,0.46768728201350684,0.12086412019920602,0.6576329353810026,-0.18642208498385354,9.88361562779807,0.1404409952724226,0.1404409952724226,0.014600249271055063,0.7000000000000001
84.612434613,4.776675201574312,10.868043878779728,0.48080187646177047,0.07808171077053919,0.5895329744091897,-0.186821359881217,9.867620060907928,0.1430437189647744,0.1430437189647744,0.028632404321873365,0.7000000000000001
84.68199989200002,4.7933464549317515,10.869438120974067,0.500137600723177,0.041827265830145136,0.5557916306491838,-0.18513355039408536,9.851412602370633,0.14443796115911312,0.14443796115911312,0.012129600435608148,0.7000000000000001
84.71944450299998,4.828814965835553,10.869479879676835,0.5425120050470641,-0.010994345589181343,0.42110409583928843,-0.1669068260143327,9.817898562601245,0.13482039187175354,0.13482039187175354,0.035751794069482444,0.7000000000000001
84.79126980699948,4.847584733544108,10.868587782201487,0.5630930312566168,-0.026762924260440697,0.3599545809477525,-0.1380888638935992,9.800470049149864,0.12145689674813538,0.12145689674813538,0.012377718819635545,0.7000000000000001
84.809386687999,4.847584733544108,10.868587782201487,0.5630930312566168,-0.026762924260440697,0.32848240095542536,-0.12350022385976381,9.800470049149864,0.12145689674813538,0.12145689674813538,0.012377718819635545,0.7000000000000001
84.81885939499989,4.8670288177173395,10.867409242530396,0.5833225251969654,-0.03535619013274027,0.2696744542676586,-0.08978053129481242,9.782504784468035,0.10908760202088802,0.10908760202088802,0.025016881303317674,0.7000000000000001
84.8431576969997,4.887153881827202,10.866074587250417,0.603751923295877,-0.0400396583993647,0.25577404940118065,-0.059708720247684824,9.763954484344914,0.09862497357494743,0.09862497357494743,0.038015981415112914,0.7000000000000001
84.8953087109985,4.887153881827202,10.866074587250417,0.603751923295877,-0.0400396583993647,0.25577404940118065,-0.059708720247684824,9.763954484344914,0.09862497357494743,0.09862497357494743,0.0,0.7000000000000001
84.9139413189987,4.907769915074586,10.864667351321417,0.6184809974215267,-0.04221707786999035,0.21967846948659042,-0.05043304366813989,9.744971589584726,0.09130763086705897,0.09130763086705897,0.014207792382088314,0.7000000000000001
84.94089510599952,4.928806637546925,10.863284999541047,0.6311016741701715,-0.041470553411098565,0.2279491408025069,-0.047582898191201414,9.725590557169232,0.08828483898103556,0.08828483898103556,0.02874182819469544,0.7000000000000001
84.96601758199904,4.928806637546925,10.863284999541047,0.6311016741701715,-0.041470553411098565,0.24725768511405583,-0.05738631855687809,9.725590557169232,0.08828483898103556,0.08828483898103556,0.02874182819469544,0.7000000000000001
85.03590178999912,4.971818126227616,10.860900353774637,0.6483902115439754,-0.03337425726858566,0.3481243309902139,-0.07331605617458553,9.685838675037076,0.08590019321462528,0.08590019321462528,0.025610438237057626,0.7000000000000001
85.07563201799894,4.993334098690315,10.85988211255469,0.6454791738809803,-0.030547236598421432,0.39810256076543615,-0.0872665032781777,9.665905429012824,0.08488195199467796,0.08488195199467796,0.0348819512496199,0.7000000000000001
85.11737181699937,5.014321692192926,10.858886604287916,0.6296278050783031,-0.02986524800322208,0.43155330608993947,-0.08773406546025028,9.646469113453913,0.08388644372790388,0.08388644372790388,0.02211161415087446,0.7000000000000001
85.15690063799957,5.034568664437736,10.857912283792654,0.6074091673442992,-0.02922961485787453,0.5220709346846304,-0.08634548240014614,9.627729641996432,0.08291212323264219,0.08291212323264219,0.03263221330695789,0.7000000000000001
85.22589326999878,5.053846124629891,10.857004128146425,0.5783238057646525,-0.027244669386884048,0.5484061926749167,-0.0785067551586543,9.609886688287899,0.08200396758641304,0.08200396758641304,0.011465632798222235,0.7000000000000001
85.33891436799968,5.089387651266374,10.855526170566275,0.5175109888807055,-0.020622284831305803,0.41311366849278863,-0.06623117592781766,9.57693820221428,0.08052601000626325,0.08052601000626325,0.013231296621053561,0.7000000000000001
85.39983912899879,5.105667195519478,10.854955997593983,0.48838632759315453,-0.017105189168759048,0.521854526497006,-0.06585859982380396,9.561816416105556,0.07995583703397102,0.07995583703397102,0.01938919473039731,0.7000000000000001
85.51243761600017,5.135751135270172,10.854103852971058,0.43990821086927245,-0.011527195466569226,0.7256699624266738,-0.07288673055365252,9.533813481818667,0.07910369241104576,0.07910369241104576,0.01114968889574671,0.7000000000000001
85.57290407399887,5.163114647939973,10.85362056158452,0.4013463839416368,-0.0057110806005358835,0.6223099861108831,-0.07712090997495785,9.508254269529811,0.07862040102450862,0.07862040102450862,0.015910299464705104,0.7000000000000001
85.62009636199946,5.176406919985309,10.853475742702967,0.3987681613600935,-0.0043445664465977625,0.6011344896197166,-0.0829061623582113,9.495811350848546,0.07847558214295525,0.07847558214295525,0.023711238027699255,0.7000000000000001
85.66780260399901,5.176406919985309,10.853475742702967,0.3987681613600935,-0.0043445664465977625,0.6040977631531133,-0.08352325145795059,9.495811350848546,0.07847558214295525,0.07847558214295525,0.0,0.7000000000000001
85.7304482999989,5.203856219535282,10.853314724888218,0.41696301391020135,-0.001040148988087894,0.5905623169749001,-0.08143666706773833,9.4700759996068,0.07831456432820616,0.07831456432820616,0.01373907357255736,0.7000000000000001
85.77634217599916,5.2178237325039385,10.853359934639677,0.41902538905968073,0.001356292543749063,0.5905623169749001,-0.08143666706773833,9.456940676607479,0.0783597740796651,0.0783597740796651,0.005206917697416391,0.7000000000000001
85.79294968999966,5.2178237325039385,10.853359934639677,0.41902538905968073,0.001356292543749063,0.6276204530348306,-0.060767403478390075,9.456940676607479,0.0783597740796651,0.0783597740796651,0.005206917697416391,0.7000000000000001
85.80616912199912,5.231918859383677,10.853515921395006,0.42285380639217507,0.00467960265990217,0.7272171250888295,-0.08256028795826684,9.443649823515832,0.07851576083499445,0.07851576083499445,0.010563949556730226,0.7000000000000001
85.83557102099985,5.246484259709481,10.85382003220185,0.43696200977410515,0.009123324205357195,0.7609403276787357,-0.08364266816317173,9.42986878736422,0.0788198716418389,0.0788198716418389,0.016232504214298168,0.7000000000000001
85.91839407399857,5.277812490687614,10.855171406838735,0.48180539920847376,0.02490166217804921,0.7473687450449781,-0.0926791742134232,9.399994949385047,0.08017124627872363,0.08017124627872363,0.028278723623105795,0.7000000000000001
85.93927091600017,5.277812490687614,10.855171406838735,0.48180539920847376,0.02490166217804921,0.7663151706576672,-0.11379304048206633,9.399994949385047,0.08017124627872363,0.08017124627872363,0.028278723623105795,0.7000000000000001
85.9963262780002,5.294611487309799,10.856380723639054,0.5039698986655494,0.0362795040095773,0.7602050248578521,-0.11464083167928377,9.38381227803481,0.08138056307904229,0.08138056307904229,0.03138056233398423,0.7000000000000001
86.00754841999878,5.311803670501924,10.857755927500227,0.5157654957637148,0.04125611583518912,0.6577072675474294,-0.12199545284521081,9.367205631962147,0.08275576694021503,0.08275576694021503,0.032755766195156966,0.7000000000000001
86.04823564899925,5.311803670501924,10.857755927500227,0.5157654957637148,0.04125611583518912,0.6129044621656323,-0.14206598572162116,9.367205631962147,0.08275576694021503,0.08275576694021503,0.032755766195156966,0.7000000000000001
86.10842489300012,5.346959645705122,10.860854897776214,0.5304052408848893,0.048285965739187135,0.5936335715882518,-0.13693538248983508,9.333154688377073,0.08585473721620218,0.08585473721620218,0.018929290262087402,0.7000000000000001
86.16205322499991,5.346959645705122,10.860854897776214,0.5304052408848893,0.048285965739187135,0.5584772738491068,-0.15110696656817585,9.333154688377073,0.08585473721620218,0.08585473721620218,0.018929290262087402,0.7000000000000001
86.21567107699957,5.364804397517435,10.862605585021504,0.5353425543693996,0.05252061735868208,0.5686564980419263,-0.14568251207046043,9.315812622190546,0.08760542446149167,0.08760542446149167,0.015135087635255375,0.7000000000000001
86.23817534799855,5.382782027516873,10.8645227375286,0.5393288999831325,0.05751457521293879,0.4672961707157825,-0.147217584827587,9.298290288851616,0.08952257696858901,0.08952257696858901,0.03047739456278634,0.7000000000000001
86.32586924199859,5.401007280326661,10.866504834152975,0.5467575842936594,0.059462898731248055,0.36570982032558924,-0.15229310826352924,9.280515358776462,0.09150467359296321,0.09150467359296321,0.01390244661213883,0.7000000000000001
86.32801388999906,5.419672914311148,10.868487930821754,0.5599690195345994,0.059492900063382426,0.3327576866321183,-0.1616694964313841,9.262329543251427,0.09348777026174204,0.09348777026174204,0.02810658760280103,0.7000000000000001
86.37679135399958,5.4388128716844975,10.870535792407349,0.5741987212004778,0.06143584756786525,0.2853550702350706,-0.1776163266581232,9.243679004585792,0.09553563184733704,0.09553563184733704,0.042682169794834086,0.7000000000000001
86.43702929400024,5.458383234328102,10.872568502295966,0.5871108793081314,0.060981296658520694,0.2818871663075268,-0.18976725415438844,9.224633022354533,0.09756834173595408,0.09756834173595408,0.027129820982780186,0.7000000000000001
86.44036704700011,5.478353509397305,10.874637822845079,0.5991082520760804,0.06207961647339339,0.3503198070809067,-0.19749383116663224,9.205202299935797,0.09963766228506721,0.09963766228506721,0.04109767888344502,0.7000000000000001
86.47326643799897,5.4984748153652925,10.876614060422606,0.6036391790396152,0.059287127325817895,0.3807233034124554,-0.20697727718322634,9.18566559468449,0.10161389986259373,0.10161389986259373,0.051613899117535667,0.7000000000000001
86.50283296599991,5.4984748153652925,10.876614060422606,0.6036391790396152,0.059287127325817895,0.4500905653256775,-0.20726547535407586,9.18566559468449,0.10161389986259373,0.10161389986259373,0.051613899117535667,0.7000000000000001
86.56207964900022,5.4984748153652925,10.876614060422606,0.6036391790396152,0.059287127325817895,0.34890290875557,-0.2058551259475453,9.18566559468449,0.10161389986259373,0.10161389986259373,0.0,0.7000000000000001
86.65575464799986,5.518602752368611,10.878389986867697,0.603838110099574,0.05327779335274201,0.24721310156304496,-0.20113659818475432,9.166196037526683,0.10338982630768534,0.10338982630768534,0.018713967762912224,0.7000000000000001
86.76468134999959,5.538688066491798,10.879988882896363,0.6025594236956103,0.047966880859982866,0.07649633960783928,-0.19223649301071455,9.14683188962719,0.10498872233635126,0.10498872233635126,0.014969346031245563,0.7000000000000001
86.79498021899963,5.578249867820071,10.882800202087315,0.5883766390931113,0.039942555392083655,0.17838673460948357,-0.19135110312746872,9.108819893652418,0.10780004152730349,0.10780004152730349,0.044208824272205044,0.7000000000000001
86.83711882499847,5.578249867820071,10.882800202087315,0.5883766390931113,0.039942555392083655,0.24585412722225178,-0.1927069841458742,9.108819893652418,0.10780004152730349,0.10780004152730349,0.044208824272205044,0.7000000000000001
86.9084416730002,5.597341317589247,10.88392904349628,0.572743493075246,0.03386524226894875,0.24585412722225178,-0.1927069841458742,9.090561977504017,0.10892888293626868,0.10892888293626868,0.015553685925204914,0.7000000000000001
86.92467645899887,5.615793786019656,10.884640271071023,0.5535740529122647,0.02133682724225813,0.287218722628672,-0.1841007058512861,9.073053139255874,0.10964011051101075,0.10964011051101075,0.030347932433871596,0.7000000000000001
86.93444727399947,5.633629243376092,10.884912455873964,0.5350637206930868,0.008165544088224664,0.3256363997614964,-0.18685036558827806,9.056280787663933,0.10991229531395241,0.10991229531395241,0.044386345591903534,0.7000000000000001
86.98697179800001,5.650959895710314,10.884705054825229,0.519919570026675,-0.006222031462035175,0.3765766962763204,-0.17551524666550644,9.04015488077289,0.10970489426521723,0.10970489426521723,0.025002436065188937,0.7000000000000001
87.02646609399926,5.667866025502925,10.884074477053906,0.5071838937783371,-0.018917333139711515,0.3981048897131315,-0.15599342284567547,9.024580895144323,0.10907431649389387,0.10907431649389387,0.03655617576066249,0.7000000000000001
87.0584191529997,5.684419326957745,10.883088866880101,0.4965990436445985,-0.02956830521412199,0.4159745638767457,-0.14088393733957216,9.00946809211693,0.10808870632008905,0.10808870632008905,0.04760939134983885,0.7000000000000001
87.11069255700022,5.700200771883028,10.881764740540504,0.47344334775848307,-0.039723790187903014,0.40610642691031884,-0.1263296855352969,8.995202346690307,0.10676457998049216,0.10676457998049216,0.021636888812304734,0.7000000000000001
87.13530403599907,5.715030229572206,10.880131002731456,0.4448837306753255,-0.049012134271408575,0.4157028366315491,-0.10928863353801321,8.981941572430712,0.10513084217144453,0.10513084217144453,0.03116071063901341,0.7000000000000001
87.20853725199959,5.729013446808222,10.878216958984964,0.41949651708045105,-0.05742131239474479,0.4574880930973392,-0.10784469163745553,8.969576458065879,0.10321679842495257,0.10321679842495257,0.008054487476662191,0.7000000000000001
87.23534822799957,5.742305411128034,10.87606760700466,0.3987589295943648,-0.06448055940912471,0.48629248455840224,-0.0918239306628757,8.957946132650294,0.10106744644464882,0.10106744644464882,0.015467917834545078,0.7000000000000001
87.3127104239993,5.755217539227832,10.873716927384187,0.3873638429939422,-0.07052038861422374,0.5144614279573447,-0.08555368129621901,8.946747832718776,0.0987167668241753,0.0987167668241753,0.00960694424390732,0.7000000000000001
87.32811645699985,5.767843272408725,10.871216970764543,0.3787719954267859,-0.07499869858935158,0.5144614279573447,-0.08555368129621901,8.935875759153294,0.0962168102045311,0.0962168102045311,0.01889220250472013,0.7000000000000001
87.34290763799982,5.780321893447119,10.86860843246279,0.37435863115180945,-0.07825614905262819,0.4140150646504681,-0.07143956974859253,8.925185446779576,0.09360827190277732,0.09360827190277732,0.0279950191173459,0.7000000000000001
87.3819200379985,5.780321893447119,10.86860843246279,0.37435863115180945,-0.07825614905262819,0.3559831108953461,-0.05551225173891408,8.925185446779576,0.09360827190277732,0.09360827190277732,0.0279950191173459,0.7000000000000001
87.42419484799939,5.792879815992698,10.865979982406143,0.37673767636739525,-0.0788535016993698,0.3511827120481252,-0.05433024767164918,8.9144338701759,0.09097982184613151,0.09097982184613151,0.006890555459571972,0.7000000000000001
87.44439882099869,5.805529858516158,10.86339488937861,0.3795012757037822,-0.07755279082602798,0.45343902950546794,-0.04817027447963382,8.903586219612157,0.08839472881859756,0.08839472881859756,0.01387648276423246,0.7000000000000001
87.56791528699978,5.831451477429689,10.858604528755142,0.39309497409490424,-0.06950609597523437,0.6329432430893737,-0.04265165275933003,8.881190194512575,0.08360436819513062,0.08360436819513062,0.008346110409751448,0.7000000000000001
87.64291324399892,5.8448009728930606,10.856423604529313,0.4004848639011401,-0.06542772677486877,0.7002545298717141,-0.0413375518201487,8.869560237712014,0.08142344396930135,0.08142344396930135,0.006428766935129494,0.7000000000000001
87.699892654,5.871807272357467,10.85253121180751,0.4049278362845171,-0.055983028062799846,0.609200618917001,-0.040244676133951995,8.84585830168638,0.07753105124749737,0.07753105124749737,0.019845706554041657,0.7000000000000001
87.75985148600012,5.885270814267159,10.85085159780543,0.4039062572907507,-0.05038842006234778,0.626773506017146,-0.03490586479682334,8.833953867573367,0.07585143724541865,0.07585143724541865,0.025318337607285153,0.7000000000000001
87.86784848699972,5.9119846464989525,10.84812709335116,0.3988828006902918,-0.037600832538454684,0.45232714856967904,-0.033843725623693505,8.810123315264415,0.07312693279114768,0.07312693279114768,0.012285961529519508,0.75
87.9092614429992,5.938643526994187,10.846412827867043,0.4003645557533901,-0.021522751800991176,0.5886019306161703,-0.036151927959060276,8.785987079784606,0.07141266730703144,0.07141266730703144,0.02141266656197338,0.75
87.9791422849994,5.952345175329819,10.84598619596809,0.41104945006896276,-0.012798956968598826,0.622679598748838,-0.03773168783948885,8.773419229627722,0.0709860354080778,0.0709860354080778,0.006585780806997534,0.75
87.98094819799917,5.966710171386474,10.845845169183102,0.43094988169964643,-0.0042308035496204195,0.6564349524915569,-0.022464192517075765,8.76013282428738,0.07084500862309007,0.07084500862309007,0.013754295718644406,0.75
88.01790165899911,5.981799712997972,10.846050209196646,0.45268624834495014,0.006151200406326057,0.7554287052737265,-0.06254079158728551,8.746048544397006,0.07105004863663389,0.07105004863663389,0.02105004789157583,0.75
88.08501915399938,5.997564375750045,10.846615749008146,0.472939882562172,0.016966194345027653,0.7925164181009287,-0.0755410482824545,8.73120679687044,0.0716155884481342,0.0716155884481342,0.007413821337808938,0.75
88.10752958699959,6.013794357215685,10.847572633202999,0.486899443969217,0.028706525845598768,0.7599995061840867,-0.08904840860149221,8.71579058225282,0.07257247264298705,0.07257247264298705,0.015383269818108192,0.75
88.20403055099996,6.047103899123298,10.8504507771561,0.5014461144708129,0.04741524929238353,0.8146254961483101,-0.10062387162971217,8.68381861643831,0.07545061659608798,0.07545061659608798,0.014225980305493048,0.7000000000000001
88.25450834000003,6.063873987662225,10.852234717571422,0.5031026561677895,0.05351821245963913,0.8606792540720603,-0.12212212115426685,8.667600626235625,0.07723455701141013,0.07723455701141013,0.021702437628393346,0.7000000000000001
88.30571334699926,6.081059207271195,10.854124076197001,0.5155565882690792,0.056680758767381975,0.8931864233886738,-0.12884070712186452,8.650960753003915,0.0791239156369894,0.0791239156369894,0.00871984008800101,0.7000000000000001
88.37365415899876,6.098699242519426,10.856137133382077,0.529201057446931,0.06039171555230206,0.7279461934283125,-0.1657571996052897,8.633855460284348,0.08113697282206545,0.08113697282206545,0.017737771630543343,0.7000000000000001
88.42407532200014,6.098699242519426,10.856137133382077,0.529201057446931,0.06039171555230206,0.6626664501286558,-0.17589953607096204,8.633855460284348,0.08113697282206545,0.08113697282206545,0.0,0.7000000000000001
88.45387830799882,6.116850159715831,10.858258815157214,0.5445275158921482,0.06365045325407741,0.5943620131480793,-0.1704460485332326,8.616238580838802,0.08325865459720205,0.08325865459720205,0.015235311319332154,0.7000000000000001
88.47238936800022,6.135477074356232,10.860516198298004,0.5588074392120187,0.06772149422370169,0.5600581450375511,-0.16844966483824317,8.598132398061498,0.08551603773799243,0.08551603773799243,0.0309218225997296,0.7000000000000001
88.53558946299927,6.135477074356232,10.860516198298004,0.5588074392120187,0.06772149422370169,0.4585056486287101,-0.16702474435336684,8.598132398061498,0.08551603773799243,0.08551603773799243,0.0309218225997296,0.7000000000000001
88.56815900699985,6.154700024494294,10.862899529282622,0.5766885041418429,0.0714999295385298,0.3900967397141926,-0.16431950887705374,8.57942953571446,0.08789936872260995,0.08789936872260995,0.03789936797755189,0.7000000000000001
88.63444385499861,6.174502127965946,10.865426905534834,0.594063104149572,0.07582128756638626,0.4134911336018992,-0.18815393624409013,8.56013899554524,0.09042674497482217,0.09042674497482217,0.029736801664539823,0.7000000000000001
88.63642394499948,6.194796468282322,10.86808301423201,0.6088302094912943,0.07968326091529397,0.4463529799671351,-0.195423632080965,8.540347199076702,0.09308285367199787,0.09308285367199787,0.04308285292693981,0.7000000000000001
88.67740525299996,6.2158198197671375,10.870726991951363,0.6307005445444516,0.07931933158057763,0.4659007551595256,-0.23857916043275065,8.51988857174131,0.0957268313913513,0.0957268313913513,0.04572683064629324,0.7000000000000001
88.7006557929999,6.237622787515593,10.873344861666482,0.6540890324536724,0.0785360914535433,0.4909281606931376,-0.2588114495878315,8.498722187077782,0.09834470110646976,0.09834470110646976,0.0483447003614117,0.7000000000000001
88.74374073199942,6.2600596521445215,10.87587819259863,0.673105938867863,0.0759999279644885,0.5272985233512042,-0.26144618266814473,8.477005726486997,0.10087803203861867,0.10087803203861867,0.05087803129356061,0.7000000000000001
88.77591374299845,6.282905239054596,10.878268773708907,0.6853676073022461,0.07171743330827197,0.5245727618108531,-0.32132616487903065,8.45497028948412,0.10326861314889513,0.10326861314889513,0.05326861240383707,0.7000000000000001
88.813741517999,6.305997023813117,10.880537979733889,0.6927535427556285,0.06807618074946178,0.5753076174032352,-0.3661145478606404,8.432758628867894,0.10553781917387717,0.10553781917387717,0.05553781842881911,0.7000000000000001
88.87899975300024,6.351411419415458,10.884240708453838,0.675387192946297,0.04975720803642583,0.47847595292418205,-0.3338022931693384,8.389382147234125,0.10924054789382609,0.10924054789382609,0.057452027061581104,0.7000000000000001
88.91482665500007,6.373551657531686,10.885273598766624,0.6642071434868531,0.030986709383585973,0.41302821696282077,-0.31164727039854,8.36854048347848,0.11027343820661173,0.11027343820661173,0.06027343746155367,0.7000000000000001
88.96212947099957,6.3952502485837375,10.885529129334133,0.6509577315615515,0.007665917025292509,0.42175635952285906,-0.2866832227682014,8.348412526361424,0.11052896877412088,0.11052896877412088,0.028493977630210738,0.7000000000000001
88.97823635799978,6.3952502485837375,10.885529129334133,0.6509577315615515,0.007665917025292509,0.40669917930059896,-0.24795288261660375,8.348412526361424,0.11052896877412088,0.11052896877412088,0.028493977630210738,0.7000000000000001
89.07595519699862,6.437388998396852,10.883595651957455,0.6268247737614536,-0.041349606886788244,0.3432038437506785,-0.176732242847982,8.31028665522415,0.10859549139744296,0.10859549139744296,0.03696492689133658,0.7000000000000001
89.08588760999919,6.4580479373110595,10.881483488466921,0.6197681674262255,-0.0633649047159956,0.26025011238958573,-0.13141142955708557,8.2920612554085,0.10648332790690951,0.10648332790690951,0.05457379554676697,0.7000000000000001
89.1362305169987,6.478619707356999,10.878699790632458,0.6171531013781762,-0.0835109350338688,0.19821119239246562,-0.10763596556902721,8.274189543632565,0.10369963007244642,0.10369963007244642,0.053699629327388365,0.7000000000000001
89.18414457399922,6.498962865289938,10.875378410579199,0.6102947379881748,-0.09964140159776332,0.25814624425920984,-0.08773509488312593,8.256751777678682,0.10037825001918677,0.10037825001918677,0.021716467220979106,0.7000000000000001
89.20354565100024,6.498962865289938,10.875378410579199,0.6102947379881748,-0.09964140159776332,0.3125356693909925,-0.04812669200804914,8.256751777678682,0.10037825001918677,0.10037825001918677,0.021716467220979106,0.7000000000000001
89.23602575299992,6.5188985774043715,10.871614161011857,0.5980713634330083,-0.11292748702022799,0.34433167268154313,-0.03180527610831638,8.239877056428732,0.09661400045184543,0.09661400045184543,0.03169427987426841,0.7000000000000001
89.29238819799866,6.53849774245741,10.867456781814784,0.5879749515911393,-0.12472137591219247,0.37453101204833195,-0.019381173953817082,8.223481747304904,0.09245662125477239,0.09245662125477239,0.009327667301219315,0.7000000000000001
89.31065157099874,6.557720519913891,10.863043294070446,0.5766833236944454,-0.13240463233015892,0.4161782543574569,-0.11144631017280227,8.207549480313249,0.08804313351043369,0.08804313351043369,0.018217810550987243,0.7000000000000001
89.3525007979988,6.576600643577194,10.858449682263883,0.5664037098990765,-0.13780835419688994,0.43705889045399643,-0.17748405325361336,8.192019673965524,0.0834495217038711,0.0834495217038711,0.026750431278863902,0.7000000000000001
89.40643097599968,6.59502176132917,10.853814843796759,0.5526335325592882,-0.13904515401373027,0.5050249824379209,-0.235235939114096,8.176944198860413,0.07881468323674667,0.07881468323674667,0.006660390395275027,0.7000000000000001
89.43671734700001,6.612900005426592,10.849309567150792,0.5363473229226624,-0.13515829937902105,0.5249578420448511,-0.2629035471112072,8.162331445056521,0.07430940659078011,0.07430940659078011,0.013118716536230125,0.75
89.46686576999855,6.630022808103973,10.845001531526425,0.5136840803214406,-0.12924106873102428,0.5456403844752362,-0.32688497170913766,8.148347947726101,0.07000137096641268,0.07000137096641268,0.01930980033267423,0.75
89.5138134459994,6.646389972325922,10.840973375569725,0.4910149266584718,-0.12084467870101065,0.5456403844752362,-0.32688497170913766,8.134958941715007,0.06597321500971276,0.06597321500971276,0.004445181514238259,0.75
89.57377760799864,6.662318960422865,10.837382137946049,0.47786964290828815,-0.10773712871028536,0.5834810914222985,-0.16046508177242105,8.121808576929075,0.062381977386037235,0.062381977386037235,0.006907492179557091,0.75
89.64866045799863,6.693298032597734,10.831070272203483,0.4611435431428847,-0.09094521648885533,0.6048266028326212,-0.027016952766333036,8.095995034533582,0.05607011164347142,0.05607011164347142,0.00018864201561084295,0.75
89.69339539599969,6.708516787977925,10.82809282338041,0.4565626614057319,-0.08932346469219209,0.5687227124324374,0.03112662330841831,8.083279077578537,0.05309266282039893,0.05309266282039893,0.00016033837126622438,0.75
89.75490932699904,6.723820758391286,10.824826398012847,0.4591191124008213,-0.09799276102691348,0.4929098039091404,0.0024106560006302014,8.07061226472272,0.04982623745283554,0.04982623745283554,0.002551757871424871,0.75
89.78803400099969,6.739330082388765,10.821191664526813,0.4652797199243878,-0.10904200458105844,0.44717869044408093,-0.0474255922589327,8.057918201173019,0.04619150396680105,0.04619150396680105,0.005461883721213394,0.75
89.84826868500022,6.755141287934456,10.817303208967758,0.4743361663707246,-0.11665366677167627,0.3636224884970422,-0.05956643104186288,8.045063562337994,0.04230304840774579,0.04230304840774579,0.005545104705823868,0.75
89.90491822500007,6.771310142651165,10.813255539752324,0.48506564150128073,-0.12143007646301233,0.340619098213314,-0.11435095238074873,8.03196016998195,0.03825537919231259,0.03825537919231259,0.011286493720352956,0.75
89.9524112449999,6.787853113540191,10.80914459679834,0.496289126670751,-0.12332828861954657,0.340619098213314,-0.11435095238074873,8.018554818291475,0.034144436238328524,0.034144436238328524,0.007551146007729873,0.75
89.95661415699942,6.804761686460741,10.805138600651082,0.5072571876165092,-0.12017988441772523,0.29416825026764604,-0.12407318614665587,8.004786923600816,0.03013844009107025,0.03013844009107025,0.015077897106656598,0.75
89.96635951699864,6.804761686460741,10.805138600651082,0.5072571876165092,-0.12017988441772523,0.2608650768924412,-0.12339258266059339,8.004786923600816,0.03013844009107025,0.03013844009107025,0.015077897106656598,0.75
89.99956685100005,6.8219886031945665,10.801590280702774,0.5168075020147629,-0.10644959844923749,0.22682826599815895,-0.12139086266120376,7.990554209088639,0.026590120142762075,0.026590120142762075,0.022225572984049438,0.75
90.06343516800007,6.839515665601012,10.798578781831626,0.5258118721933769,-0.09034496613442627,0.1751803418718583,-0.16546078539179798,7.975839443583695,0.023578621271614253,0.023578621271614253,0.01576899397905303,0.7566372975210779
90.07866759499848,6.8572555807630335,10.796210461622316,0.5321974548606556,-0.07104960627932036,0.12343982762822678,-0.1626113980487611,7.960676606688783,0.021210301062303927,0.021210301062303927,0.02287505139091319,0.7648529270389178
90.17238828999871,6.875104244381762,10.79458180787678,0.5354599085618533,-0.04885961236605785,0.09546556146925277,-0.2559491501396629,7.945118507887064,0.019581647316767814,0.019581647316767814,0.0037787484142838,0.7648529270389178
90.1795346789986,6.893017739228761,10.793712542516063,0.5374048454099724,-0.026077960821511276,0.14073731305564285,-0.3093298796286685,7.929194792574269,0.018712381956051516,0.018712381956051516,0.008301566416917837,0.7648529270389178
90.28170724899974,6.910606204045927,10.793258542213339,0.5276539445149676,-0.013620009081755795,0.21606108027940513,-0.42079701198844155,7.9134014318716295,0.01825838165332705,0.01825838165332705,0.00849028710540439,0.7762087348130012
90.29937598099968,6.927667362139797,10.79302018274121,0.5118347428160883,-0.007150784163904833,0.23396896838936196,-0.4497177320322035,7.898004240304742,0.01802002218119725,0.01802002218119725,0.016900409228912457,0.7762087348130012
90.40406617199915,6.944183840568076,10.792861669811165,0.49549435284837073,-0.004755387901314416,0.3427360845943818,-0.6211760013738145,7.883074834263039,0.01786150925115315,0.01786150925115315,0.005728374098327333,0.7762087348130012
90.44223401499949,6.944183840568076,10.792861669811165,0.49549435284837073,-0.004755387901314416,0.39946813887071436,-0.7057124255269881,7.883074834263039,0.01786150925115315,0.01786150925115315,0.005728374098327333,0.7762087348130012
90.500959736999,6.9601863476722015,10.79274943037912,0.4800752131237631,-0.0033671829613358692,0.4180946278873387,-0.735228329078624,7.868598688472049,0.017749269819107738,0.017749269819107738,0.007927631563758617,0.7905694150420949
90.51855252699897,6.975698025950434,10.792579531027815,0.46535034834698114,-0.0050969805391030895,0.4606245148692295,-0.7878117480554271,7.85459793853401,0.01759321918191992,0.01759321918191992,0.01555924238155251,0.7905694150420949
90.5455858489986,6.9905344814436186,10.792302534811123,0.44509366479553386,-0.008309886500777689,0.4976526812553487,-0.8447739842898885,7.8412602610013575,0.02325272111575675,0.02325272111575675,0.02325272111575675,0.7905694150420949
90.6348329880002,7.004731399379592,10.791927190082152,0.425907538079194,-0.011260341869136485,0.5129458798120203,-0.875074074144176,7.828549177891625,0.032992417982357594,0.032992417982357594,0.023070507299993527,0.8
90.63648389099944,7.004731399379592,10.791927190082152,0.425907538079194,-0.011260341869136485,0.5594750886198573,-0.8864823331862205,7.828549177891625,0.032992417982357594,0.032992417982357594,0.023070507299993527,0.8
90.63955348699892,7.018104109798208,10.791298984678326,0.4011813125584792,-0.018846162114789154,0.5543353378162827,-0.9680406700559515,7.8166969883991095,0.04200414390118193,0.04200414390118193,0.033503574659203166,0.8
90.72161620099905,7.0306959705356755,10.790417581814694,0.37775582212401976,-0.026442085908931514,0.5503449650684796,-1.0571476278232257,7.805664305090364,0.050284688074570504,0.050284688074570504,0.00898157098590223,0.8
90.73958136299916,7.0428196375813235,10.788777833937958,0.36371001136944253,-0.049192436302073914,0.5736268405893485,-1.0325294324106928,7.795382408883377,0.05769793841232004,0.05769793841232004,0.017113977362273783,0.8
90.77163638799902,7.054783303542028,10.78597851349483,0.3589099788211463,-0.0839796132938467,0.5916587028693768,-0.9378562210208475,7.7857444546471015,0.06417810927293556,0.06417810927293556,0.02436980052502896,0.8
90.83240333499998,7.066885748221014,10.781931697287819,0.36307334036957883,-0.12140448621037009,0.5812840782648797,-0.9060178552341637,7.776520644866827,0.0698742987921876,0.0698742987921876,0.018401917674384573,0.8
90.8352284929988,7.079441389194616,10.776446691408097,0.37666922920807344,-0.16455017639165934,0.5422779508099349,-0.8496464446126035,7.76751245913425,0.07487399281436656,0.07487399281436656,0.02714058041085472,0.8
90.87634709799931,7.092590018859858,10.76940707372911,0.3944588899572689,-0.2111885303696439,0.5083713946755154,-0.7907095765322537,7.758649617317963,0.07919371661619612,0.07919371661619612,0.0357083403924101,0.8
90.94107312699998,7.1063197004485845,10.760777869107278,0.41189044766179317,-0.25887613865496417,0.47719233471163236,-0.7310157458582764,7.749965714232374,0.08280029846677335,0.08280029846677335,0.006002947265506616,0.8
90.96527945299931,7.120693883976702,10.750494554372859,0.43122550584351876,-0.3084994420325684,0.5746230776103615,-0.7011879554972427,7.741440472641128,0.08569297953174103,0.08569297953174103,0.01155134347895243,0.8
91.01458664500024,7.135852328745036,10.738611313121497,0.4547533430500376,-0.3564972375408588,0.6344537131429284,-0.6858177573107971,7.7329351924945495,0.08800889814835959,0.08800889814835959,0.01679002163099817,0.8062257748298549
91.05665127300017,7.151809433518889,10.725076462155535,0.4787131432155989,-0.40604552897889545,0.6206008763918733,-0.6186661840475153,7.724471569915555,0.08972169024167383,0.08972169024167383,0.009785990635615374,0.8321658488546619
91.08543123199888,7.1684821680899145,10.71017394967156,0.5001820371307653,-0.44707537451925733,0.6084774763023535,-0.5528082182219596,7.716013226114429,0.09097342628363413,0.09097342628363413,0.015092592474854822,0.8321658488546619
91.10853250199943,7.185613288427467,10.694168517352162,0.5139336101265752,-0.4801629695819482,0.6006933705812448,-0.5188217183135964,7.707686532635197,0.09176940791477098,0.09176940791477098,0.014296610843717965,0.7905694150420949
91.16498367199893,7.185613288427467,10.694168517352162,0.5139336101265752,-0.4801629695819482,0.5888425309278504,-0.4524741741893855,7.707686532635197,0.09176940791477098,0.09176940791477098,0.004537039920465754,0.7905694150420949
91.18219654099994,7.203137543654799,10.677333408283927,0.5257276568199715,-0.5050532720470511,0.5572481536310229,-0.3951692110271319,7.6994388327847165,0.09225670783709697,0.09225670783709697,0.009570758806734081,0.8200609733428363
91.2255262689996,7.221058962006378,10.659907688470716,0.53764255054735,-0.5227715943963086,0.507022619851267,-0.3637033001836042,7.691167981264982,0.09260721963500151,0.09260721963500151,0.013458799123487426,0.8200609733428363
91.27235062399996,7.239417530472737,10.642094919877342,0.5507570539907828,-0.534383057801209,0.507022619851267,-0.3637033001836042,7.682753371306596,0.09299315842636026,0.09299315842636026,0.007128088469589757,0.7810249675906654
91.29052791899994,7.239417530472737,10.642094919877342,0.5507570539907828,-0.534383057801209,0.5009479356937712,-0.33966636602273315,7.682753371306596,0.09299315842636026,0.09299315842636026,0.007128088469589757,0.7810249675906654
91.33657437199872,7.258253072195066,10.62402574218076,0.5650662516698459,-0.5420753308975201,0.434744413829871,-0.3725919478564085,7.674105685039154,0.09353505962582145,0.09353505962582145,0.010646384856425654,0.8139410298049854
91.42366374299854,7.27765525413638,10.605820438474643,0.5820654582394114,-0.5461591111834845,0.31641475611462583,-0.44933044597971467,7.665094822609468,0.09438138034218493,0.09438138034218493,0.01678571452193887,0.8139410298049854
91.49268010800006,7.297485943403859,10.587714659886283,0.594920678024369,-0.5431733576508136,0.2851605018893646,-0.4346476527250892,7.655739402602848,0.09560107638033048,0.09560107638033048,0.004355041520813723,0.7778174593052023
91.49503416100015,7.297485943403859,10.587714659886283,0.594920678024369,-0.5431733576508136,0.2721824967154284,-0.40331941154849904,7.655739402602848,0.09560107638033048,0.09560107638033048,0.004355041520813723,0.7778174593052023
91.54749448499933,7.338041332024334,10.552618766019922,0.6117915610063518,-0.518944401152634,0.2651447286017567,-0.3050840008437564,7.635967433574168,0.0994615221428183,0.0994615221428183,0.006604496615670657,0.8139410298049854
91.60102364199884,7.358431901240003,10.536016763463536,0.6117170764700804,-0.49806007669158014,0.23112713466389945,-0.3067242714164075,7.625661737877665,0.10214044331857407,0.10214044331857407,0.0010930313551851861,0.8200609733428363
91.62255435899897,7.378737183411897,10.52016605960114,0.6091584651568247,-0.4755211158719103,0.12995720300289576,-0.3127138755091944,7.615154948553671,0.10529030584854662,0.10529030584854662,0.003737073515833522,0.8200609733428363
91.6772529739992,7.398869322986136,10.505050212650444,0.6039641872271663,-0.45347540852088586,0.06535482262595037,-0.3348471826190488,7.6045260420345,0.10883736037906969,0.10883736037906969,0.023869213090072172,0.8200609733428363
91.71506738199969,7.418662219690287,10.490608165226167,0.5937869011245291,-0.433261422728306,0.06535482262595037,-0.3348471826190488,7.593943899682558,0.11262098218997571,0.11262098218997571,0.006740674616255287,0.8321658488546619
91.76247498999874,7.438104469058968,10.476800010467965,0.5832674810604269,-0.414244642746059,-0.02517664029731831,-0.4361037676248942,7.583431296538331,0.11660488869489208,0.11660488869489208,0.013227383918464704,0.8321658488546619
91.82380494099925,7.4570603903910735,10.463453735539419,0.5686776399631843,-0.4003882478563957,-0.07280301180309648,-0.4848354031647901,7.573183966501368,0.12057150770690792,0.12057150770690792,0.007696880759309048,0.8
91.82594397899993,7.4570603903910735,10.463453735539419,0.5686776399631843,-0.4003882478563957,-0.09618547934363786,-0.5090192551597617,7.573183966501368,0.12057150770690792,0.12057150770690792,0.007696880759309048,0.8
91.83463083300012,7.475430501369524,10.450410963238442,0.5511033293535059,-0.39128316902934346,-0.12024861081036453,-0.5351397932746231,7.563360442252861,0.12433850501142649,0.12433850501142649,0.01509269195712033,0.8
91.89210968999942,7.475430501369524,10.450410963238442,0.5511033293535059,-0.39128316902934346,-0.1869838308143979,-0.6119409883102446,7.563360442252861,0.12433850501142649,0.12433850501142649,0.01509269195712033,0.8
91.94262972899924,7.493152851006968,10.437706807776859,0.531670489123322,-0.3811246638474737,-0.20585386342868053,-0.585194609626619,7.553993690489905,0.1278869041424892,0.1278869041424892,0.0032206508720998314,0.8
91.95531063599992,7.510254521193006,10.425401928126155,0.5130501055811231,-0.3691463895211448,-0.2588395459606837,-0.5401258565681326,7.545025941988285,0.1312787472579546,0.1312787472579546,0.006369133997782284,0.75
92.0037122069989,7.52668467800156,10.413524211163455,0.49290470425662586,-0.3563315088809772,-0.32391351989295025,-0.5263551248689001,7.536483136324095,0.13449780834390326,0.13449780834390326,0.0016845658703221744,0.75
92.0449188069997,7.542413669934263,10.402056911778496,0.4718697579810931,-0.3440189815487935,-0.3681361771054051,-0.5777433531251875,7.528394354707396,0.13751128004374533,0.13751128004374533,0.02431028408405933,0.75
92.07432096699995,7.55731671286864,10.390938597238131,0.4470912880312933,-0.33354943621095084,-0.37504454581437036,-0.6118111015938784,7.520893636075825,0.14018748715609938,0.14018748715609938,0.03549184031400157,0.7000000000000001
92.11220217200025,7.57115342735981,10.379917072700804,0.41510143473510297,-0.3306457361197901,-0.38780653742445476,-0.678349385973057,7.5143099852919635,0.14217812706278993,0.14217812706278993,0.046414486857040284,0.7000000000000001
92.15214836099949,7.5838043949976734,10.368727362595006,0.37952902913592457,-0.33569130317394213,-0.38780653742445476,-0.678349385973057,7.508874793023176,0.1432113921727736,0.1432113921727736,0.03355964916822008,0.7000000000000001
92.18770826299988,7.595269900821071,10.357223763011397,0.34396517470192,-0.34510798750828353,-0.46903718131600786,-0.7893966151981643,7.504657728593015,0.14318445581660805,0.14318445581660805,0.048917758500552154,0.7000000000000001
92.21890790499856,7.605407859271041,10.345102476786955,0.3041387534990753,-0.36363858673323407,-0.49213514753027404,-0.8117412056510316,7.5019319167964875,0.14178203129796163,0.14178203129796163,0.06335562890154879,0.65
92.26155778999964,7.6142822055271,10.332295826032695,0.26623038768176727,-0.38419952262783297,-0.5174040377727301,-0.771257412906025,7.5006753064022895,0.1390014721215942,0.1390014721215942,0.04749898726245251,0.65
92.28263310399961,7.621584770426144,10.318860073130605,0.21907694697131566,-0.40307258706269883,-0.5157998569899697,-0.7046459345736702,7.501125451113344,0.13467843533464044,0.13467843533464044,0.06256279506258158,0.65
92.32242813999983,7.621584770426144,10.318860073130605,0.21907694697131566,-0.40307258706269883,-0.5113685172483485,-0.6364867367065701,7.501125451113344,0.13467843533464044,0.13467843533464044,0.06256279506258158,0.65
92.37208581300001,7.627297393399565,10.304566683596102,0.1713786892026437,-0.4288016860350681,-0.5104485049045832,-0.5692080598620907,7.503412096690462,0.12959771080980112,0.12959771080980112,0.014322679438477846,0.65
92.40493542699915,7.6314190094522205,10.28930030041958,0.12364848157967448,-0.45799149529563976,-0.501253722347794,-0.5011047090307573,7.507594303880464,0.12433620046846898,0.12433620046846898,0.028263150089854246,0.65
92.48201198999959,7.633998172334549,10.27301533659125,0.07737488646985938,-0.48854891484991003,-0.4744658588555629,-0.40326185856464636,7.51365365513601,0.11910514281266618,0.11910514281266618,0.012679243603184506,0.65
92.52861291399859,7.634942273007737,10.255801964174589,0.02832302019563205,-0.5164011724998447,-0.4208216575447562,-0.3157114580612238,7.521624156522733,0.11417543671467141,0.11417543671467141,0.024741780192049208,0.65
92.59972109799855,7.632527934811566,10.218794180228075,-0.05599389380536271,-0.5676543755139661,-0.3746749227413979,-0.23073035792646757,7.542675488805295,0.10752782268032846,0.10752782268032846,0.04112609078177615,0.65
92.63430994800001,7.629459626135514,10.199141154415521,-0.09204926028157374,-0.5895907743766348,-0.32997662269256023,-0.17845970171481448,7.5554346309782225,0.10445951400427589,0.10445951400427589,0.05443227403376832,0.65
92.70029074499871,7.625306235414599,10.178890128304879,-0.12460172162744686,-0.6075307833192618,-0.2768396887168656,-0.13668259036734132,7.5694624624913756,0.10030612328336108,0.10030612328336108,0.008641133206765432,0.65
92.7399109429989,7.620240735267827,10.158167987079198,-0.15196500440315333,-0.6216642367704511,-0.23744090535845153,-0.23006132939510854,7.584544794974164,0.09524062313658899,0.09524062313658899,0.016826058101271447,0.65
92.76781633399878,7.61442263237647,10.137099030017982,-0.17454308674070895,-0.6320687118364876,-0.19859451720850904,-0.2852370914502118,7.600480109132249,0.08942252024523167,0.08942252024523167,0.02460974302563988,0.65
92.82021998199889,7.60799984419919,10.115714330045751,-0.1926836453183779,-0.641540999166942,-0.16276134041393495,-0.2811646716688255,7.617125331955653,0.08299973206795208,0.08299973206795208,0.027000356977262916,0.65
92.84266447699883,7.60799984419919,10.115714330045751,-0.1926836453183779,-0.641540999166942,-0.11790920471869246,-0.22862898283155783,7.617125331955653,0.08299973206795208,0.08299973206795208,0.027000356977262916,0.65
92.87976984899979,7.601055193280793,10.094295637911278,-0.20833952755191412,-0.6425607640342109,-0.09617311072626762,-0.20394209572995808,7.63426165632533,0.07605508114955484,0.07605508114955484,0.04013509336753361,0.65
92.94277310500001,7.58598768437233,10.052732703783365,-0.2307601561334215,-0.6154772320953065,0.005057968506911864,-0.28808404690959505,7.668945756437039,0.06098757224109175,0.06098757224109175,0.010987571496033688,0.7000000000000001
92.9887865769997,7.578079284088696,10.032905157005278,-0.23725200850899153,-0.5948264033426306,0.037147675299147205,-0.3489417991136264,7.686137540178895,0.05307917195745837,0.05307917195745837,0.0030791712124003112,0.7000000000000001
93.03243650999866,7.578079284088696,10.032905157005278,-0.23725200850899153,-0.5948264033426306,0.051921625263085844,-0.37840150353298774,7.686137540178895,0.05307917195745837,0.05307917195745837,4.906334263806205e-05,0.7000000000000001
93.04332522999903,7.570004829317995,10.013894009992827,-0.24223364312104612,-0.5703344103735526,0.07839927473723825,-0.4408053695123309,7.703057775370947,0.04500471718675669,0.04500471718675669,0.004995283558301367,0.7000000000000001
93.08499017899885,7.561926695997792,9.995953855195207,-0.24234399960605635,-0.5382046439285925,0.10609461155702446,-0.5032352035376575,7.719429855060114,0.03692658386655445,0.03692658386655445,0.013073416878503608,0.7000000000000001
93.14163145599923,7.553943925199185,9.97893247003638,-0.2394831239582234,-0.5106415547648316,0.12043231442657125,-0.5343174824676398,7.7352471014801525,0.028943813067947133,0.028943813067947133,0.0109349416743502,0.7000000000000001
93.16253294499984,7.546090854954501,9.962750410719696,-0.23559210734051894,-0.4854617795005219,0.13628975887200015,-0.564387084783435,7.750519933882568,0.021090742823263398,0.021090742823263398,0.021590241854630973,0.75
93.25097219399868,7.531188930587434,9.932646074379065,-0.21606046563515302,-0.44031895054298925,0.24410358353336298,-0.6204890038664022,7.779210603076978,0.00618881845619601,0.00618881845619601,0.0016736194012810792,0.75
93.29414723399896,7.524640743229703,9.918606757011725,-0.19644562073191024,-0.42117952102017275,0.2929132262693606,-0.5727665632750067,7.7922653194114755,0.0003593689015346513,0.0003593689015346513,0.0003593689015346513,0.75
93.31851692199962,7.524640743229703,9.918606757011725,-0.19644562073191024,-0.42117952102017275,0.3208347666681318,-0.5519678104099791,7.7922653194114755,0.0003593689015346513,0.0003593689015346513,0.0003593689015346513,0.75
93.3620760699996,7.518898215769129,9.904977417312029,-0.1722758238172437,-0.4088801909908603,0.33621154384043916,-0.5221079536035405,7.8044292016565056,0.006101896362109116,0.006101896362109116,0.0058546501728892865,0.75
93.38097056900006,7.518898215769129,9.904977417312029,-0.1722758238172437,-0.4088801909908603,0.3316914838224752,-0.5552118402187758,7.8044292016565056,0.006101896362109116,0.006101896362109116,0.0058546501728892865,0.75
93.39993710199997,7.514149025648764,9.891358385522995,-0.1424757036109474,-0.40857095367100194,0.31578259050910834,-0.5612831616704753,7.81575954693277,0.010851086482474237,0.010851086482474237,0.010715911789707837,0.7516648189186454
93.43621568999879,7.510453993439003,9.877560340075622,-0.11085096629282856,-0.41394136342119636,0.2995026203446973,-0.5466275248458843,7.826309044133529,0.014546118692234877,0.014546118692234877,0.014524526521041803,0.7516648189186454
93.47778878699864,7.507784918947372,9.863567591684548,-0.08007223474892054,-0.4197824517321841,0.27747017773932864,-0.49757097809995654,7.83611250717364,0.020665580098434642,0.020665580098434642,0.023473259413912807,0.7516648189186454
93.50264388399955,7.506115301332715,9.849316673124187,-0.05008852843972453,-0.4275275568108287,0.24317861861251322,-0.43841887890476133,7.845229388915188,0.0315145364244108,0.0315145364244108,0.03433546426406947,0.7566372975210779
93.5380679409991,7.505461769301141,9.834762426024385,-0.019605960947190942,-0.4366274129940623,0.2242600481875839,-0.41026413132250444,7.853673410487746,0.04226806017499376,0.04226806017499376,0.04465379316793164,0.7566372975210779
93.61366973599979,7.507432090112797,9.804623751170654,0.047392347746122776,-0.45559242527586896,0.17343618654101475,-0.2830176860246297,7.8684311502028015,0.062186094333009555,0.062186094333009555,0.05130108184616504,0.7566372975210779
93.69844262799961,7.510227051089905,9.789359286244439,0.08384882931324047,-0.45793394778645785,0.1766930253297258,-0.28410525510623036,7.874435273800547,0.06477306178639086,0.06477306178639086,0.031328013774808844,0.7648529270389178
93.75413005799965,7.5141145578789255,9.773978888941159,0.11662520367061582,-0.46141191909841117,0.2040814594184963,-0.3385994036839239,7.8796158351831505,0.06088555499737058,0.06088555499737058,0.04045876226212572,0.7648529270389178
93.76999305699974,7.518780508859055,9.758702800369853,0.13997852940388716,-0.45828265713916844,0.21564026496634736,-0.3347193525035842,7.884117665667479,0.05621960401724113,0.05621960401724113,0.04900302498612617,0.7648529270389178
93.8169115439996,7.524051740542257,9.74361494298184,0.15813695049604778,-0.45263572164040095,0.24364409375598398,-0.35285617465607566,7.888040712120877,0.05094837233403915,0.05094837233403915,0.02270550383904928,0.7762087348130012
93.83502344199951,7.524051740542257,9.74361494298184,0.15813695049604778,-0.45263572164040095,0.3010092830969617,-0.3898990069702696,7.888040712120877,0.05094837233403915,0.05094837233403915,0.02270550383904928,0.7762087348130012
93.97364647699942,7.535910736027418,9.714282540541243,0.18390241844426725,-0.43546294510210515,0.5038576631607881,-0.5145945337768717,7.894414829460223,0.03908937684887803,0.03908937684887803,0.00796537398955846,0.7762087348130012
94.04692806499952,7.549065063556319,9.686609723000476,0.20075777022278699,-0.4066043458591635,0.6228442062215085,-0.5801074070277202,7.8989089296327695,0.025935049319977033,0.025935049319977033,0.013901396830578599,0.7905694150420949
94.13318648599852,7.555876172433905,9.673655208439921,0.2043332663275745,-0.3886354368166321,0.680828342774644,-0.6161091345910517,7.900511684966319,0.019123940442391074,0.019123940442391074,0.0012514402287681344,0.7433034373659253
94.1543969939994,7.562949224265772,9.66101125545981,0.2121915549560169,-0.379318589403354,0.6619276404735105,-0.5954067662032154,7.9017500541767305,0.012050888610524169,0.012050888610524169,0.0028647971176016277,0.7433034373659253
94.18237994899937,7.562949224265772,9.66101125545981,0.2121915549560169,-0.379318589403354,0.6538346018882026,-0.5944426974907876,7.9017500541767305,0.012050888610524169,0.012050888610524169,0.0028647971176016277,0.7433034373659253
94.24068744899887,7.570368104533276,9.648603164778232,0.22256640802512362,-0.3722427204473696,0.613444620528036,-0.5600510326658203,7.902596185742932,0.004632008343020466,0.004632008343020466,0.0030977414298235173,0.7615773105863909
94.2678745989997,7.57827561671819,9.636321364352304,0.23722536554742676,-0.368454012777835,0.5619048721143265,-0.5184128642741854,7.902994109439168,0.003275503841893901,0.003275503841893901,0.006698935019064189,0.7615773105863909
94.31371539799875,7.586681620074177,9.62417644171172,0.25218010067962904,-0.36434767921750033,0.5331118092420035,-0.503996910242914,7.902930649019255,0.0076776278879012545,0.0076776278879012545,0.0076776278879012545,0.7615773105863909
94.35972190099892,7.595935624607278,9.61204486532396,0.2776201359930193,-0.3639472916328486,0.5552242857816692,-0.5294970599477719,7.902189234010899,0.005642877316120027,0.005642877316120027,0.0012590348031658496,0.7615773105863909
94.4247745069988,7.61763657411639,9.587615144074249,0.34299631949932297,-0.3683809953237809,0.6614552873012758,-0.6637982425372954,7.898268966882651,0.0037133443140323803,0.0037133443140323803,0.0016059314876797036,0.73824115301167
94.45935870999892,7.61763657411639,9.587615144074249,0.34299631949932297,-0.3683809953237809,0.6614552873012758,-0.6637982425372954,7.898268966882651,0.0037133443140323803,0.0037133443140323803,0.001993565819871509,0.73824115301167
94.47475417900023,7.630314691061795,9.57521561440853,0.3803435083621476,-0.3719858899715806,0.64281589709903,-0.7104192083516081,7.894966860778025,0.003910335268650032,0.003910335268650032,0.003910335268650032,0.73824115301167
94.50143584199941,7.644197065063265,9.562569459888168,0.41647122004409937,-0.37938463561083297,0.6123246545264669,-0.719159495536879,7.890859740299361,0.004784474446777962,0.004784474446777962,0.004784474446777962,0.73824115301167
94.56892507399971,7.65907385131647,9.54976728333219,0.44630358759615363,-0.38406529667934425,0.555089232760937,-0.7023844096845909,7.886073004267038,0.006251445032002743,0.006251445032002743,0.004566950163420398,0.7211102550927979
94.60318413799905,7.674734916206471,9.53668911316713,0.46983194670002204,-0.39234510495182845,0.48226667445520566,-0.6551078417584237,7.880852596445619,0.008077827407097993,0.008077827407097993,0.007572417349579116,0.7211102550927979
94.70835872299904,7.708178293846195,9.509599801139201,0.5120992208539829,-0.4108356855192413,0.42961549749169836,-0.5849365369269935,7.869381088050075,0.012570830289303172,0.012570830289303172,0.008814845305555239,0.6800735254367722
94.74388122399978,7.725970166298228,9.495622714423616,0.5337561735609883,-0.4193126014675614,0.3742994971171436,-0.5447076797012771,7.863113029128602,0.015268291152319034,0.015268291152319034,0.013778755883593057,0.7106335201775948
94.78759041400008,7.744407705425006,9.481194364788843,0.5531261738033395,-0.43285048904319184,0.34742319719457576,-0.5249589575848839,7.856648070947264,0.018103216229178338,0.018103216229178338,0.018103216229178338,0.7106335201775948
94.81371806899915,7.763490948356053,9.466334523423972,0.5724972879314076,-0.4457952409461346,0.29349747194860376,-0.4830518173115044,7.849981064332462,0.021089612116295554,0.021089612116295554,0.021089612116295554,0.6726812023536856
94.84587069699955,7.783226720849903,9.451122003412886,0.5920731748154949,-0.45637560033259245,0.2444117593964955,-0.4367364458565036,7.843066446699051,0.024288034619877084,0.024288034619877084,0.024288034619877084,0.6726812023536856
94.89975315099946,7.8036186187366985,9.43564821435932,0.6117569366038649,-0.4642136716069862,0.22257058001552638,-0.40993606122501264,7.8358532450862395,0.027765662726466505,0.027765662726466505,0.0030879076094943187,0.6726812023536856
94.90138998799921,7.8036186187366985,9.43564821435932,0.6117569366038649,-0.4642136716069862,0.23390090900944557,-0.37811175736584485,7.8358532450862395,0.027765662726466505,0.027765662726466505,0.0030879076094943187,0.6726812023536856
94.93444982499932,7.824437586654124,9.41985330891891,0.6245690375227556,-0.4738471632123287,0.26225201294761463,-0.31574842262770486,7.828566704949047,0.03131821137306888,0.03131821137306888,0.004037128213094106,0.6726812023536856
95.04774674799955,7.866300965451034,9.387814199827066,0.6275646843691416,-0.4819844462868191,0.3199208355585568,-0.2453201024516713,7.814326501285197,0.038265019101726847,0.038265019101726847,0.003813103617848168,0.6800735254367722
95.08472131999952,7.887081296276772,9.37182266123205,0.623409924772156,-0.4797461578504736,0.31317189428897796,-0.17814659892974669,7.8074336222546705,0.041651206561764714,0.041651206561764714,0.006295866975601734,0.6800735254367722
95.11833339700024,7.907509482285832,9.355968028360945,0.612845580271788,-0.4756389861331913,0.31317189428897796,-0.17814659892974669,7.8008190698101325,0.04488519699972825,0.04488519699972825,0.008364705046490839,0.651920240520265
95.1690774009985,7.927362744610529,9.34033851842057,0.5955978697409179,-0.46888529821126457,0.27683745783755637,-0.047129352389502124,7.794602498258198,0.04787184095273553,0.04787184095273553,0.012198799535124729,0.6946221994724903
95.23033282100005,7.946458348519379,9.325206948829923,0.5728681172655073,-0.4539470877194263,0.27965854419344516,-0.013816464137707332,7.7887562253551685,0.05067483649999324,0.05067483649999324,0.006515510896644036,0.6946221994724903
95.25729846099966,7.96478344543369,9.31060136375215,0.5497529074293205,-0.4381675523331641,0.19227170042160727,0.03361680270024932,7.783265475898741,0.053304928542313404,0.053304928542313404,0.012718296144833965,0.670820393249937
95.26816418799899,7.96478344543369,9.31060136375215,0.5497529074293205,-0.4381675523331641,0.1923061679311015,0.06692002182536694,7.783265475898741,0.053304928542313404,0.053304928542313404,0.012718296144833965,0.670820393249937
95.30215007399966,7.98237522560706,9.296565117035218,0.5277534052011345,-0.42108740150798984,0.18749835253398608,0.13460368044691934,7.7780665692155875,0.055819070360096125,0.055819070360096125,0.018663947948621848,0.7158910531638177
95.36419714899966,7.999285688511047,9.28306422540628,0.5073138871196055,-0.40502674886816603,0.28841672106888877,0.14772310088349777,7.773132275149249,0.05806408794306783,0.05806408794306783,0.006145119542184432,0.7158910531638177
95.40040951299852,8.015596476704685,9.270094508123544,0.48932364580915844,-0.38909151848210866,0.32179198473007004,0.15398168965091988,7.76839451204345,0.045094370660331506,0.045094370660331506,0.009008580696874498,0.696419413859206
95.46711959499953,8.031387272371237,9.25764774876957,0.4737238699965776,-0.3734027806192487,0.45826371884421246,0.1775959942261297,7.763790038565844,0.032647611306357405,0.032647611306357405,0.0003661380080191564,0.696419413859206
95.50256884899864,8.046756907597178,9.245915470140368,0.461089056778248,-0.3519683588760618,0.5235416206735942,0.18774506354499657,7.7591164805501585,0.020915332677155618,0.020915332677155618,0.00041784127449618643,0.7433034373659253
95.57155473499915,8.06164881587255,9.235156990477526,0.4467572482611285,-0.32275438988526933,0.6227002202397027,0.20939028554277855,7.754249320866144,0.010156853014313683,0.010156853014313683,0.00021668265312152916,0.7280109889280518
95.61297516599916,8.075889759407994,9.225528779516837,0.4272283060633189,-0.28884632882066374,0.6893851534947426,0.22014342819479632,7.7492176295497135,0.000528642053625461,0.000528642053625461,0.000528642053625461,0.7280109889280518
95.63784196399865,8.089428481164337,9.217040736521652,0.40616165269027416,-0.25464128985557993,0.7239792017971376,0.22202580476760703,7.744046820095257,0.007959400941560446,0.007959400941560446,0.007959400941560446,0.7280109889280518
95.74662102199909,8.114424683932162,9.203615977623755,0.3644670909264583,-0.18265180514668056,0.927561963724549,0.21320284510626505,7.73315513609432,0.02138415983945663,0.02138415983945663,0.021496752351045468,0.7158910531638177
95.8136456029988,8.114424683932162,9.203615977623755,0.3644670909264583,-0.18265180514668056,1.0238420025069193,0.1810410173000801,7.73315513609432,0.02138415983945663,0.02138415983945663,0.018558910560572166,0.7158910531638177
95.83653828299975,8.126130483086836,9.198762277353117,0.3511739746402301,-0.14561100811914723,1.0307343267843667,0.16990651476187635,7.727175953671633,0.026237860110095212,0.026237860110095212,0.025851533634121703,0.7648529270389178
95.91048210699955,8.137523081379863,9.195074622783391,0.34177794879082096,-0.11062963709175049,0.9727888491732737,0.1401936967763639,7.720713954106924,0.029925514679820964,0.029925514679820964,0.0016653934821980005,0.7648529270389178
95.9543251569994,8.148802970470578,9.192501712740986,0.33839667272149176,-0.07718730127216299,0.8512785878729661,0.0826617960884562,7.713642818003045,0.03249842472222575,0.03249842472222575,0.004284017603624758,0.7648529270389178
96.00748432099863,8.160168396703593,9.191018080266582,0.34096278699046456,-0.04450897423214026,0.7543411964362592,0.04886581537543072,7.705822666256235,0.03398205719662961,0.03398205719662961,0.005079937707004651,0.7566372975210779
96.0535934569998,8.171648678084228,9.190594476016297,0.3444084414190467,-0.01270812750854064,0.690166792499251,0.026577184792703046,7.697247040012563,0.03440566144691459,0.03440566144691459,0.011105103242215586,0.7566372975210779
96.11162743400018,8.183683601001697,9.191187532604896,0.36104768752404737,0.017791697657974864,0.6597923124421927,0.011704007555340401,7.687602979675125,0.03381260485831561,0.03381260485831561,0.0058047948651553756,0.7566372975210779
96.11364108699854,8.183683601001697,9.191187532604896,0.36104768752404737,0.017791697657974864,0.672739250577254,0.03323202022876165,7.687602979675125,0.03381260485831561,0.03381260485831561,0.0058047948651553756,0.7566372975210779
96.13694781199956,8.196558140833657,9.19274167290785,0.38623619495880984,0.04662420908861398,0.6978683020308707,0.011253036953334739,7.676705678438675,0.032258464555361854,0.032258464555361854,0.010401617043385419,0.7566372975210779
96.1879116129985,8.21043643273589,9.195260415662512,0.41634875706694485,0.07556228263984677,0.7401549863655471,0.01587229309873922,7.664426227905898,0.02973972180070028,0.02973972180070028,0.016175640271544126,0.7516648189186454
96.2265356150001,8.225616911326608,9.198616082003776,0.4554143577215238,0.10066999023789924,0.6765118750320158,-0.007244591001098366,7.650617032898978,0.02638405545943634,0.02638405545943634,0.020363699671695715,0.7516648189186454
96.32658878599977,8.260147863856618,9.207121428211474,0.5370549272902478,0.13612675295051282,0.5809432879126755,-0.043775250151607825,7.618670073594586,0.017878709251737845,0.017878709251737845,0.022570576327202413,0.7000000000000001
96.44015372099966,8.27911567120342,9.212197708495662,0.5690342204040626,0.15228840852561823,0.37998302077768215,-0.07743405627010938,7.600875318676438,0.012802428967550128,0.012802428967550128,0.0001473380677197912,0.7000000000000001
96.45378036999864,8.298864496450518,9.217676620815086,0.5924647574129175,0.16436736958270026,0.4461110563586627,-0.09157707517215374,7.582232831394582,0.007323516648126471,0.007323516648126471,0.00011409456337932791,0.7000000000000001
96.47169616599967,8.319005156686456,9.22332525917085,0.6042198070781302,0.16945915067293438,0.4787958896656228,-0.10214545411637077,7.563190987027819,0.0016748782923627914,0.0016748782923627914,2.1366594299603563e-05,0.7000000000000001
96.54708707099962,8.339435252004172,9.229072835127695,0.6129028595314934,0.17242727870539937,0.542254513520106,-0.12792835076232614,7.543874181171315,0.004072697664483371,0.004072697664483371,0.005134190485813075,0.7000000000000001
96.5488848999994,8.360051227705176,9.234936326842284,0.6184792710301298,0.1759047514376457,0.5782745455706936,-0.11631888275295002,7.524350899077454,0.009936189379072147,0.009936189379072147,0.010378687485157656,0.7000000000000001
96.65620073699938,8.360051227705176,9.234936326842284,0.6184792710301298,0.1759047514376457,0.6790242344655074,-0.17605662153056295,7.524350899077454,0.009936189379072147,0.009936189379072147,0.0,0.7000000000000001
96.65785807199973,8.380985873596115,9.240928113035386,0.6280393767282044,0.179753585793044,0.666404673780828,-0.17557092554609133,7.504512121430483,0.015927975572173736,0.015927975572173736,0.009088724661568858,0.7000000000000001
96.71937542500018,8.423577600182838,9.253042438404218,0.6413769338855748,0.1815135005953935,0.5663717137418132,-0.15374580592008996,7.464232637388558,0.02804230094100646,0.02804230094100646,0.027504673638355574,0.651920240520265
96.7366330269997,8.423577600182838,9.253042438404218,0.6413769338855748,0.1815135005953935,0.5336104069382887,-0.1457047985974661,7.464232637388558,0.02804230094100646,0.02804230094100646,0.027504673638355574,0.651920240520265
96.76991420000013,8.445021426748653,9.25905451604172,0.6433147969744447,0.18036232912507852,0.4687635421191496,-0.14771493869035465,7.4440268566541254,0.03405437857850835,0.03405437857850835,0.03405437857850835,0.651920240520265
96.806425974999,8.466198275432166,9.264839180754057,0.6353054605053869,0.17353994137010897,0.40247064278906536,-0.13491012782322048,7.424183592807669,0.03983904329084531,0.03983904329084531,0.03983904329084531,0.6576473218982953
96.8356487609999,8.486991514184588,9.270308883893732,0.6237971625726398,0.16409109419021523,0.3724300068807343,-0.11779212304130572,7.404848448066417,0.04530874643051952,0.04530874643051952,0.04530874643051952,0.6576473218982953
96.88511637199917,8.486991514184588,9.270308883893732,0.6237971625726398,0.16409109419021523,0.34849727523989943,-0.09354635922560678,7.404848448066417,0.04530874643051952,0.04530874643051952,0.0018492266533595492,0.6576473218982953
96.94689865100008,8.527773386745292,9.280012986427332,0.6077790142825767,0.13926553907945197,0.42054790177337664,0.05787096124821711,7.367630843118648,0.055012848964119954,0.055012848964119954,0.005012848219061894,0.6670832032063168
96.99551999399955,8.527773386745292,9.280012986427332,0.6077790142825767,0.13926553907945197,0.40647894071632656,0.12444247347479472,7.367630843118648,0.055012848964119954,0.055012848964119954,0.005012848219061894,0.6670832032063168
97.03855303599994,8.548050594465902,9.28414199260306,0.6083162316183386,0.12387018527182779,0.4202950110171528,0.1808411684434169,7.34960070677446,0.059141855139847266,0.059141855139847266,0.009141854394789206,0.6670832032063168
97.1001178689985,8.568253394349751,9.2877583572204,0.6060839965154996,0.10849093852020536,0.39172348431350484,0.24166291334178608,7.331977232481369,0.0627582197571872,0.0627582197571872,0.009914667175279399,0.6800735254367722
97.12172866399851,8.588334455639721,9.290936846802548,0.6024318386990961,0.09535468746446368,0.3659414233862277,0.21915200149229444,7.314748490845718,0.06593670933933637,0.06593670933933637,0.015936708594278315,0.6800735254367722
97.13875058699887,8.608016644130934,9.29366530063186,0.5904656547364042,0.081853614879326,0.30725504880081395,0.1906600488314508,7.298132255823614,0.06866516316864768,0.06866516316864768,0.01866516242358962,0.696419413859206
97.17404913999962,8.627280462698588,9.295984567361824,0.5779145570295918,0.06957800189894997,0.24637178782736358,0.2211014532622635,7.282116684796141,0.07098442989861198,0.07098442989861198,0.02098442915355392,0.696419413859206
97.20815477699944,8.646148099869091,9.297929793683084,0.5660291151150778,0.058356789637787204,0.24637178782736358,0.2211014532622635,7.26666215087492,0.07197052010133541,0.07197052010133541,0.022929655474813515,0.696419413859206
97.23925359999885,8.664656941999125,9.299562742709501,0.5552652639010189,0.0489884707925259,0.16031701385878044,0.22005627469268918,7.25169993996863,0.06003746164918882,0.06003746164918882,0.024562604501230823,0.7158910531638177
97.2751056699999,8.682643477962056,9.301226616008375,0.5395960788879258,0.049916198966237564,0.15346606346654956,0.2879172493417639,7.237124959386391,0.04849559619241323,0.04849559619241323,0.026226477800104675,0.670820393249937
97.31658803800019,8.700165996570801,9.303139096670456,0.5256755582623218,0.057374419862465664,0.1346082134244382,0.3088754686365379,7.2227475236561975,0.03745763250574831,0.03745763250574831,0.02813895846218628,0.6946221994724903
97.34104375599964,8.717206284092516,9.305594832911856,0.5112086256514177,0.0736720872419829,0.13611479892141592,0.3434307158574182,7.2083832510636245,0.027144797394874708,0.027144797394874708,0.027144797394874708,0.6946221994724903
97.37503669199941,8.733702645243989,9.308747824351236,0.4948908345441743,0.09458974318139309,0.16242833903463358,0.40260725799493213,7.193972804391212,0.017709610187574682,0.017709610187574682,0.017709610187574682,0.6946221994724903
97.43165014799888,8.749274521366873,9.31238550529561,0.46715628368652046,0.10913042833123202,0.23050384614742858,0.4783998384087188,7.179938418788651,0.009270859848846525,0.009270859848846525,0.00376996657054037,0.6946221994724903
97.49093585999981,8.777494339767047,9.321435177573193,0.4090214112583758,0.14575127314419026,0.30398784833014125,0.550132920165273,7.152883912475216,0.004284480470775389,0.004284480470775389,0.004350865227080541,0.7211102550927979
97.50243988299917,8.777494339767047,9.321435177573193,0.4090214112583758,0.14575127314419026,0.30398784833014125,0.550132920165273,7.152883912475216,0.004284480470775389,0.004284480470775389,0.004350865227080541,0.7211102550927979
97.54253016300027,8.790141156761718,9.326896454547343,0.3794045098401345,0.1638383092245027,0.3298488903216114,0.5711698859658056,7.1398262157232155,0.009365424545772771,0.009365424545772771,0.009365424545772771,0.7211102550927979
97.60354690799977,8.812857370148734,9.339963153371706,0.3300809962913667,0.20716515903409743,0.46793879369400226,0.6698166652416332,7.11419903922076,0.01618866172818333,0.01618866172818333,0.01618866172818333,0.75
97.65321143499932,8.823255342818783,9.347650646463634,0.31193918010143723,0.23062479275787315,0.5344059041645419,0.6928136549785605,7.101327943078536,0.018105260218139543,0.018105260218139543,0.014635552378084768,0.75
97.69105463499909,8.833076810599287,9.356106721126446,0.2946440334151295,0.2536822398843407,0.5999655614039574,0.6939183750700253,7.08837099229355,0.01907073895064564,0.01907073895064564,0.017626457314060706,0.7106335201775948
97.75663385799999,8.842521598885874,9.365453460499866,0.28334364859760436,0.2804021812026126,0.6473123027139226,0.6448476821269004,7.075097884331653,0.019140070002033525,0.019140070002033525,0.0032095279581963268,0.7106335201775948
97.78604964899932,8.851845444914842,9.375782447656954,0.279715380869055,0.309869614712643,0.6684560857344706,0.6331131234439361,7.061257516613256,0.018429327894290377,0.018429327894290377,0.0058051275157172035,0.7433034373659253
97.867553004,8.86117480074939,9.387133130481491,0.27988067503647196,0.3405204847360957,0.6544015568218153,0.5959886683449203,7.046729993274069,0.01700003387267445,0.01700003387267445,0.004209882259141481,0.7433034373659253
97.8693811689991,8.870689964027312,9.399643058091998,0.28545489833766413,0.37529782831521163,0.6519897403542445,0.5862108702322262,7.031289983613775,0.014882415705047405,0.014882415705047405,0.009277867939619353,0.7433034373659253
97.89008515099886,8.880536812198116,9.41328857020196,0.2954054451241359,0.4093653632988315,0.6783724856688371,0.5334158837321896,7.014845685759494,0.012196354674220249,0.012196354674220249,0.015102895580525811,0.7071067811865476
97.90491173899863,8.880536812198116,9.41328857020196,0.2954054451241359,0.4093653632988315,0.6777368091533763,0.4630346900667596,7.014845685759494,0.012196354674220249,0.012196354674220249,0.015102895580525811,0.7071067811865476
97.93627816200024,8.890889056116235,9.428035030458405,0.3105673175435861,0.4423938076933678,0.6757555607643608,0.43108739405134966,6.997291869167199,0.00908917450338895,0.00908917450338895,0.021559259953312895,0.7071067811865476
97.98209319899979,8.901777620702989,9.443850065506574,0.3266569376026039,0.47445105144508115,0.6079812261399437,0.4315395419928891,6.978627953767661,0.005605633832807239,0.005605633832807239,0.0006318847592753522,0.7433034373659253
98.01122486500026,8.913265492278152,9.460617924761658,0.34463614725490493,0.5030357776525576,0.5838338998591326,0.4084055221127752,6.958885032362255,0.0018721187397532063,0.0018721187397532063,0.0011133405722171597,0.7106335201775948
98.04452102799951,8.925342747883045,9.478255172020106,0.3623176681468096,0.5291174177534053,0.5349956311369912,0.3609467031409908,6.93812675956886,0.0020593890618152972,0.0020593890618152972,0.0020593890618152972,0.7106335201775948
98.11254531299892,8.951430607933974,9.515377386378885,0.40225804713760965,0.5609517760152795,0.47171944519660475,0.3522246824810799,6.893948889732591,0.009861855818911764,0.009861855818911764,0.010352291679354442,0.7211102550927979
98.16439121599979,8.96552907303242,9.534022616675504,0.42295395295337856,0.5593569088985524,0.38497139231667477,0.29914250086077077,6.871021842848859,0.013076904323002724,0.013076904323002724,0.013080681215679938,0.7211102550927979
98.19447875599872,8.96552907303242,9.534022616675504,0.42295395295337856,0.5593569088985524,0.38497139231667477,0.29914250086077077,6.871021842848859,0.013076904323002724,0.013076904323002724,0.005608800223802181,0.7211102550927979
98.27481401499972,9.010168273915859,9.589209322844912,0.4524318893733471,0.545053303908477,0.21480572319700594,0.28840873022997743,6.801001362517281,0.020535116835311992,0.020535116835311992,0.020377601545257768,0.73824115301167
98.32260145500004,9.010168273915859,9.589209322844912,0.4524318893733471,0.545053303908477,0.18011667778577414,0.2891374233484451,6.801001362517281,0.020535116835311992,0.020535116835311992,0.020115965908503012,0.73824115301167
98.3335407279992,9.025260811486568,9.607037261109573,0.4527761271212504,0.5348381479398254,0.11313307809162972,0.291953544743279,6.7778825605414355,0.022469337215267962,0.022469337215267962,0.022469337215267962,0.7158910531638177
98.41559367699847,9.040306547972012,9.62454868000761,0.45137209456331373,0.5253425669411278,0.021155000750367192,0.33619262167001557,6.755010166248199,0.02421283796946491,0.02421283796946491,0.0017994072528897708,0.7158910531638177
98.43493741800012,9.055181648685135,9.641781339678618,0.4462530213937029,0.5169797901302418,0.039915710193631104,0.40054728086362523,6.732451694665251,0.02587988389563203,0.02587988389563203,0.0036257487865919103,0.7615773105863909
98.49448259400015,9.084245225022206,9.67560039306777,0.43214964804682726,0.5045283337529566,0.02887621923020764,0.5010413697318918,6.688281381979574,0.029242513966935373,0.029242513966935373,0.009245089794168493,0.7433034373659253
98.54477156400026,9.084245225022206,9.67560039306777,0.43214964804682726,0.5045283337529566,-0.055603991923160206,0.44246083856498075,6.688281381979574,0.029242513966935373,0.029242513966935373,0.018051858144074992,0.7433034373659253
98.59256558400011,9.098309030971858,9.692084374453694,0.4219141784895628,0.4945194415777577,-0.10925222433259424,0.4004498521711545,6.666830784682699,0.03095383642958476,0.03095383642958476,0.026691105001237503,0.7433034373659253
98.63329010399866,9.111837471445634,9.708153789743294,0.405853214213253,0.48208245868799043,-0.13447288502232968,0.42183538035450197,6.6460573685321185,0.03275057695267834,0.03275057695267834,0.0005674353673987068,0.7762087348130012
98.66856238699984,9.124660358011809,9.723809685754581,0.3846865969852672,0.469676880338591,-0.22262221501619187,0.47237321486993533,6.626088304545495,0.03475381714248265,0.03475381714248265,0.000495493858086792,0.7762087348130012
98.70072422299927,9.13639795879041,9.739061446109568,0.3521280233580204,0.45755281064961184,-0.2461227741333647,0.4982295026542246,6.6072029100299305,0.037238703209117395,0.037238703209117395,0.011397822817313497,0.7762087348130012
98.74520839499928,9.147028104139507,9.753930001175807,0.31890436047292103,0.4460566519871609,-0.2858514519373657,0.5136838840288113,6.589404755807887,0.027972032578647443,0.027972032578647443,0.005170743922516149,0.7648529270389178
98.7755514599994,9.156516040720073,9.768543113929278,0.28463809741696483,0.4383933826041394,-0.2084539768993401,0.5174242934251954,6.572636640766581,0.01848409599808143,0.01848409599808143,0.0086518803413669,0.75
98.8176544429989,9.164912504784175,9.783004264207552,0.25189392192305293,0.43383450834823895,-0.1787025660956541,0.577024282581477,6.556793482204986,0.010087631933979324,0.010087631933979324,0.010087631933979324,0.75
98.90105090699944,9.178515399307644,9.811835975022671,0.1877160405929292,0.43277528315350244,-0.16830962354443266,0.7126567096396478,6.5275846513057,0.003515262589489865,0.003515262589489865,0.007436791069474741,0.75
98.96330360799948,9.183455978924142,9.826208732999316,0.14821738849495167,0.4311827392993451,-0.16069272265493362,0.7807307958079893,6.514422223426117,0.008455842205988162,0.008455842205988162,0.0057315945586933524,0.75
98.99270467099996,9.183455978924142,9.826208732999316,0.14821738849495167,0.4311827392993451,-0.14395645057509474,0.8810922743525127,6.514422223426117,0.008455842205988162,0.008455842205988162,0.0057315945586933524,0.75
99.0064769239998,9.183455978924142,9.826208732999316,0.14821738849495167,0.4311827392993451,-0.1390847534522625,0.9151713690838053,6.514422223426117,0.008455842205988162,0.008455842205988162,0.0057315945586933524,0.75
99.08763557099883,9.186888199662882,9.840742218718534,0.10296662216219724,0.4360045715765268,-0.12888396424338863,1.049491472087164,6.502303008167073,0.011888062944727551,0.011888062944727551,0.0058635558703164625,0.75
99.18315835899921,9.190084388373279,9.870244886337195,0.030828946562252865,0.44531012903589623,-0.0958657528168533,1.045533836331934,6.480594080395133,0.015084251655125058,0.015084251655125058,0.012691647973551405,0.75
99.19017666799846,9.190084388373279,9.870244886337195,0.030828946562252865,0.44531012903589623,-0.08380001171555905,0.980136569056964,6.480594080395133,0.015084251655125058,0.015084251655125058,0.012691647973551405,0.75
99.20982236999953,9.19004783671492,9.885251531116786,-0.001096549750768453,0.4501993433877235,-0.07221874604012551,0.9475428673756365,6.47083726435005,0.015047699996765473,0.015047699996765473,0.015047699996765473,0.75
99.25753395299944,9.18906593569194,9.900445784643296,-0.029457030689382217,0.45582760579526227,-0.024922786067861438,0.8986571743264788,6.461697067466219,0.014065798973785348,0.014065798973785348,0.014065798973785348,0.75
99.29388668999854,9.18906593569194,9.900445784643296,-0.029457030689382217,0.45582760579526227,0.00777846737157507,0.8918924144133843,6.461697067466219,0.014065798973785348,0.014065798973785348,0.004461229020206276,0.75
99.32161133299996,9.187262114775164,9.91596127312721,-0.05411462750326855,0.46546465451746094,0.012246002345016608,0.8239388183906392,6.452997256848531,0.012261978057010126,0.012261978057010126,0.00826751015399558,0.75
99.35078615999919,9.184671149055896,9.931937557496152,-0.07772897157803003,0.47928853106821234,0.03369994433229123,0.7629459656816443,6.444625841546941,0.009671012337742368,0.009671012337742368,0.009671012337742368,0.75
99.40713170699928,9.184671149055896,9.931937557496152,-0.07772897157803003,0.47928853106821234,0.05717201273648984,0.7886351933133208,6.444625841546941,0.009671012337742368,0.009671012337742368,0.0,0.75
99.41601319599977,9.181407412292526,9.948571619546476,-0.09791210290110956,0.4990218615097101,0.06295880464057886,0.8546661466999071,6.4363740290543925,0.006407275574371596,0.006407275574371596,0.00046047737028509993,0.75
99.47201906400005,9.173176523644603,9.984420954387646,-0.1316786622978374,0.5519989708108203,0.07537728365537888,0.9567089634302424,6.419624634497734,0.0018236130735509448,0.0018236130735509448,0.0018236130735509448,0.75
99.5188770529985,9.173176523644603,9.984420954387646,-0.1316786622978374,0.5519989708108203,0.09105321054439358,1.0220790082946274,6.419624634497734,0.0018236130735509448,0.0018236130735509448,0.0018236130735509448,0.75
99.54831332199865,9.168377382244628,10.003900222272206,-0.14397424199923753,0.5843780365367964,0.1113007332049257,1.0884567824836608,6.410845110674413,0.006622754473525561,0.006622754473525561,0.006622754473525561,0.75
99.58710200299902,9.163114088964816,10.024446397125141,-0.15789879839437146,0.6163852455880463,0.1352409364755932,1.1512960084176216,6.401795034869824,0.011886047753337792,0.011886047753337792,0.011886047753337792,0.75
99.62424948999978,9.163114088964816,10.024446397125141,-0.15789879839437146,0.6163852455880463,0.1352409364755932,1.1512960084176216,6.401795034869824,0.011886047753337792,0.011886047753337792,0.007146176027631922,0.75
99.64464622299965,9.15745374351845,10.046022870028665,-0.1698103633909875,0.6472941871057174,0.14504109367339174,1.2415567168462447,6.392456027833934,0.017546393199703303,0.017546393199703303,0.014783248527042697,0.75
99.69369670000015,9.151520541821114,10.068452455881516,-0.17799605092011248,0.6728875755855442,0.1685554216341592,1.2385834932848616,6.382853950115589,0.0234795948970401,0.0234795948970401,0.022771123739713683,0.75
99.7445089849989,9.145297092493905,10.091597604606248,-0.1867034798162545,0.69435446174193,0.19212761952538732,1.1676899595455117,6.373097415311311,0.029703044224248742,0.029703044224248742,0.014623254787826183,0.75
99.77217394599938,9.138943570511483,10.115091186137644,-0.1906056594727001,0.7048074459418578,0.1955074314316022,1.1339137935833663,6.363299391932399,0.03605656620667119,0.03605656620667119,0.029500253530678044,0.75
99.8115222159995,9.132669075474212,10.138960415036948,-0.18823485111812313,0.7160768669791072,0.20461150708624687,1.0659158653377623,6.353283490243016,0.04233106124394226,0.04233106124394226,0.04233106124394226,0.75
99.85110790999897,9.126511155278028,10.163349399439593,-0.18473760588554686,0.7316695320793666,0.21073474708450413,0.9968316862179998,6.3429338038061305,0.048488981440126366,0.048488981440126366,0.048488981440126366,0.75
99.88456074699934,9.120680194589811,10.188389404464122,-0.17492882064651727,0.7512001507358766,0.22048258428764733,0.9312831416295726,6.332007831301119,0.0543199421283429,0.0543199421283429,0.0543199421283429,0.75
99.92034415599846,9.115260665421223,10.214225871114657,-0.1625858750576287,0.7750939995160734,0.22677391493624272,0.8980233404547129,6.320353377336706,0.0597394712969308,0.0597394712969308,0.0597394712969308,0.75
99.96344406699973,9.110159678477922,10.240981793506979,-0.15302960829903092,0.8026776717696757,0.23561447409692576,0.8650992365611694,6.307973363318219,0.06484045824023177,0.06484045824023177,0.04949152721497671,0.75
99.98564536999947,9.105480283605427,10.268810707846985,-0.14038184617486546,0.8348674302001933,0.24378794049392188,0.763749197466424,6.294699245377974,0.06951985311272679,0.06951985311272679,0.06951985311272679,0.75
100.00168682399999,9.105480283605427,10.268810707846985,-0.14038184617486546,0.8348674302001933,0.2494228787656096,0.7303863062087644,6.294699245377974,0.06951985311272679,0.06951985311272679,0.06951985311272679,0.75
100.03561421799895,9.101353310321384,10.297632443769235,-0.12380919852127799,0.8646520776674835,0.25519323467009675,0.6961251229489948,6.280483083403004,0.07364682639676978,0.07364682639676978,0.07364682639676978,0.75
100.06981220899979,9.097856678624463,10.327246812307447,-0.10489895090762345,0.8884310561463626,0.25974062450598445,0.6279816904806514,6.265389407117981,0.0771434580936905,0.0771434580936905,0.0771434580936905,0.7000000000000001
100.17503100799877,9.09260802799987,10.387966214268927,-0.07092944904367089,0.9162154755461506,0.2807141645088662,0.4940935895317598,6.233231039169037,0.08239210871828462,0.08239210871828462,0.03239210797322656,0.7000000000000001
100.22490464699877,9.089472185443963,10.449229051067505,-0.038530560106592275,0.9166272613726092,0.2948994326506815,0.35754705855530255,6.199477195861693,0.08552795127419088,0.08552795127419088,0.043003193564567256,0.7000000000000001
100.28530167099962,9.08876693204204,10.479292724058018,-0.021157602057687023,0.9019101897153786,0.2919189900376246,0.324591514073867,6.182392582120174,0.08623320467611428,0.08623320467611428,0.03648658941135019,0.7000000000000001
100.34582895999847,9.088620514132364,10.508678244779032,-0.004392537290248397,0.8815656216304399,0.2608852991224754,0.22524094720544338,6.165348027556788,0.08637962258579002,0.08637962258579002,0.04957510003059656,0.7000000000000001
100.39316994499859,9.088947499447091,10.537373943509794,0.009809559441805784,0.8608709619228525,0.25281893096341707,0.1920093762930281,6.1484104922882725,0.08605263727106305,0.08605263727106305,0.03593915218246129,0.7000000000000001
100.41209094399892,9.089713762691643,10.5652764964565,0.022987897336578918,0.8370765884012077,0.2566437890862205,0.1666845708851334,6.131658701058333,0.08528637402651107,0.08528637402651107,0.03528637328145301,0.7000000000000001
100.4522240339993,9.090825153892144,10.592410502416021,0.03334173601505766,0.8140201787856193,0.23641754316034094,0.19534805555184598,6.115146500488855,0.08417498282600988,0.08417498282600988,0.038354263225229744,0.7000000000000001
100.50297169999976,9.092215301741234,10.618749896668911,0.041704435472703576,0.7901818275867154,0.22896341917388247,0.2299223424501983,6.098935141978258,0.0827848349769198,0.0827848349769198,0.025046978593120356,0.7000000000000001
100.5157261559998,9.093840461104262,10.644276552061617,0.04875478089083019,0.7657996617811906,0.21610635768239472,0.2962856683325474,6.083063198546265,0.08115967561389148,0.08115967561389148,0.03115967486883342,0.7000000000000001
100.60999265699866,9.097969883504913,10.692701795960472,0.06662977058749338,0.7126617037086876,0.19868008777265844,0.43146525589355833,6.052271171847378,0.0770302532132412,0.0770302532132412,0.027030252468183136,0.7000000000000001
100.62898797399976,9.097969883504913,10.692701795960472,0.06662977058749338,0.7126617037086876,0.16562586478132732,0.4377464317432116,6.052271171847378,0.0770302532132412,0.0770302532132412,0.027030252468183136,0.7000000000000001
100.63687781099907,9.100580305823964,10.715267548991601,0.07831266957152619,0.6769725909338877,0.1516212984406794,0.4390919114189249,6.037434144023811,0.07441983089418969,0.07441983089418969,0.024419830149131627,0.75
100.66878524499953,9.103532810766886,10.736537770584302,0.08857514828764182,0.6381066477810272,0.1345745929309498,0.506758781669568,6.023085798972904,0.07146732595126792,0.07146732595126792,0.024371346162536063,0.75
100.72183112699895,9.106787410831844,10.756626100655,0.09763800194874912,0.6026499021209328,0.11325922982806193,0.49782986294525366,6.009186383483936,0.06821272588631011,0.06821272588631011,0.02836861934735866,0.75
100.75011169199934,9.110372508545959,10.775455059358325,0.10755293142347763,0.5648687610997669,0.10782515873351126,0.4284805821700741,5.99574695645339,0.06462762817219492,0.06462762817219492,0.04080851298593018,0.75
100.77672044300016,9.114256505280002,10.793134027518594,0.116519902021309,0.5303690448080691,0.10116611212467874,0.396900460675934,5.982725194683287,0.06074363143815198,0.06074363143815198,0.05216447636488497,0.75
100.84656923699913,9.11834152799164,10.809885104323158,0.1225506813491421,0.5025323041368962,0.07179171822758847,0.26475122577562626,5.970073463407908,0.05665860872651329,0.05665860872651329,0.022476029817901297,0.75
100.94224496700008,9.12671544529619,10.841901786678582,0.12524136623337462,0.4763288992879737,0.05123741737503244,0.21676499974194013,5.945482590143855,0.0482846914219639,0.0482846914219639,0.01469920618573518,0.75
100.97163328699935,9.130776712554598,10.857599546040761,0.12183801775223302,0.4709327808653716,0.041578627731266665,0.3182946170659164,5.9334931351038716,0.0442234241635564,0.0442234241635564,0.021939757537594275,0.75
101.0511367679992,9.134679591954777,10.873236927701845,0.11708638200536907,0.46912144983251786,0.030774334315031113,0.4197639731608325,5.921689512233599,0.040320544763376986,0.040320544763376986,0.005315257244190848,0.75
101.07164801599902,9.138339459535251,10.888935477079063,0.10979602741422494,0.4709564813165541,0.028399614486290234,0.4536098049364501,5.910077045958572,0.036660677182903,0.036660677182903,0.010867251088955901,0.75
101.07675026499965,9.138339459535251,10.888935477079063,0.10979602741422494,0.4709564813165541,0.009887520299843786,0.4878259757942597,5.910077045958572,0.036660677182903,0.036660677182903,0.010867251088955901,0.75
101.1148316509989,9.14171487278109,10.904703316963834,0.10126239737519233,0.4730351965431394,0.022031136186398896,0.5555952041680974,5.898687336638734,0.03328526393706355,0.03328526393706355,0.01669508744521653,0.75
101.16305632100011,9.144770806346894,10.920557105040878,0.0916780069741388,0.47561364231129977,0.019253705931212277,0.5903200263193112,5.887542227783852,0.030229330371259522,0.030229330371259522,0.004022621500124504,0.75
101.17628975200023,9.147474736052908,10.936505239276444,0.08111789118041816,0.47844402706701966,0.01604773319984017,0.6576145873111037,5.876666197016774,0.02752540066524567,0.02752540066524567,0.008403760572245058,0.75
101.2734495249988,9.149857491068332,10.9520966334198,0.07148265046267738,0.4677418243006572,0.012458793027623243,0.7959024205317371,5.866277053128267,0.02514264564982227,0.02514264564982227,0.007130408938058929,0.75
101.28051019299892,9.151935336642852,10.967195009251089,0.06233536723561615,0.45295127493867465,0.012636411969839638,0.7650684480136587,5.85643330217505,0.02306480007530176,0.02306480007530176,0.014222083135169776,0.75
101.3046882919989,9.153722974673334,10.98178137389239,0.05362914091443432,0.4375909392390666,0.012802894106724489,0.6957576863336827,5.847131246301799,0.021277162044819775,0.021277162044819775,0.021252016333805194,0.75
101.35106956799973,9.155232996933986,10.995897241183403,0.04530066781952845,0.4234760187304015,0.01948821326923454,0.6394540596947293,5.838336633999726,0.01976713978416811,0.01976713978416811,0.01976713978416811,0.75
101.38092911999956,9.156472070543725,11.009566685879815,0.03717220829216157,0.41008334089232984,0.020119430912480404,0.6735105961343386,5.830029713332353,0.01852806617442937,0.01852806617442937,0.009806026904172467,0.75
101.4159579850002,9.157421154326252,11.022984446639269,0.02847251347582932,0.40253282278359764,0.024320350236177,0.7401282865012971,5.822122496248724,0.017578982391901476,0.017578982391901476,0.014880998173970829,0.75
101.5132749129989,9.158024718010005,11.036515932220173,0.018106910512544996,0.405944567427107,0.03088949107498834,0.874013724915706,5.814469392931819,0.016975418708149448,0.016975418708149448,0.0037605252987700736,0.75
101.52258424899992,9.158024718010005,11.036515932220173,0.018106910512544996,0.405944567427107,0.03377943979606421,0.9078003422353326,5.814469392931819,0.016975418708149448,0.016975418708149448,0.0037605252987700736,0.75
101.61229292499957,9.158175105448064,11.065384341579332,-0.0034067897611955228,0.4450075429465794,0.03472776915216963,0.8861158692415146,5.799183173753451,0.016825031270089497,0.016825031270089497,0.01151317752710342,0.75
101.64946653999868,9.157672282115584,11.081105454447519,-0.015084699974401757,0.4716333860456077,0.05277148436254642,0.8255142250610572,5.791401173130307,0.017327854602569914,0.017327854602569914,0.017327854602569914,0.75
101.74243414699959,9.15595367042678,11.114572012110207,-0.027958154999948272,0.5139428085793879,0.06478822743160384,0.946738348153338,5.775497760352966,0.019046466291374742,0.019046466291374742,0.015498000425403877,0.75
101.87210995699934,9.154865076626546,11.132447710885142,-0.032657814007006784,0.5362709632480351,0.07254594802048231,0.8889705295500121,5.767211284407621,0.020135060091607926,0.020135060091607926,0.006411911270125454,0.75
101.92132196700004,9.153596409290456,11.151001015274094,-0.038060020082707736,0.5565991316685723,0.07570598806425483,0.8795041623394564,5.758776214969521,0.021403727427697916,0.021403727427697916,0.013199264105860786,0.75
101.94200090899903,9.152112117634314,11.170174149353013,-0.04452874968424831,0.5751940223675692,0.07875014803906549,0.8114342520013149,5.750258603887353,0.022888019083840305,0.022888019083840305,0.018624623215824462,0.75
102.04107418399872,9.15042577528404,11.19021670146124,-0.05059027050823443,0.6012765632468396,0.08620279814728549,0.70947290921758,5.7415262648905205,0.024574361434114067,0.024574361434114067,0.009277456679794679,0.75
102.05959459299993,9.148429021223805,11.211184858454535,-0.059902621807033984,0.6290447097988562,0.06604291409221053,0.6792586686108055,5.7326527960343965,0.026571115494348874,0.026571115494348874,0.019197949680278374,0.75
102.06792705399857,9.148429021223805,11.211184858454535,-0.059902621807033984,0.6290447097988562,0.11828767200141682,0.6234833187641065,5.7326527960343965,0.026571115494348874,0.026571115494348874,0.019197949680278374,0.75
102.11284633099967,9.14603707217445,11.232959118705171,-0.07175847148068831,0.6532278075190829,0.11869839527766896,0.6274956728098393,5.7237812768558625,0.028963064543704675,0.028963064543704675,0.028963064543704675,0.75
102.15210215799925,9.143440510201165,11.255539133696892,-0.07789685919853231,0.6774004497516415,0.12531141147001507,0.660658294736144,5.714756302402116,0.03155962651698907,0.03155962651698907,0.021654424482151255,0.75
102.18267278199892,9.140601898060856,11.27890879661665,-0.08515836420928041,0.7010898875927134,0.152915798365779,0.6379941523768586,5.705627494967096,0.03439823865729785,0.03439823865729785,0.033257927460438506,0.75
102.21664235499884,9.137651172079353,11.303074469554998,-0.08852177944508532,0.7249701881504437,0.15965508479036883,0.6668900680641093,5.696288117082954,0.03734896463880055,0.03734896463880055,0.03734896463880055,0.75
102.30594720899899,9.13143959907668,11.352809404189879,-0.09304665195157455,0.7488752067424269,0.1704531050384783,0.5660373837143013,5.677468505181765,0.04356053764147383,0.04356053764147383,0.028432687574283123,0.75
102.33854745200006,9.128362569958917,11.37773267546154,-0.09231087353288611,0.7476981381498674,0.1779918324079696,0.5325899138572119,5.668149444222099,0.04663756675923736,0.04663756675923736,0.04264922662355985,0.75
102.37197357100013,9.128362569958917,11.37773267546154,-0.09231087353288611,0.7476981381498674,0.19053227267584089,0.5008934093743141,5.668149444222099,0.04663756675923736,0.04663756675923736,0.015510922815870017,0.75
102.41317938099928,9.125381952541805,11.402405622307336,-0.08941852251335163,0.7401884053738399,0.19354134660982428,0.39883895068327485,5.65896104816563,0.049618184176349445,0.049618184176349445,0.030809970032460797,0.75
102.44945730899963,9.122676233594506,11.42670629397109,-0.08117156841893976,0.7290201499126069,0.1977809210157097,0.3418468862862478,5.649800980062816,0.05232390312364821,0.05232390312364821,0.045681316150550294,0.75
102.51590233999923,9.120435869092168,11.45076437664686,-0.06721093507012874,0.721742480273113,0.1942242027478101,0.28791919133817184,5.640435118132923,0.05456426762598632,0.05456426762598632,0.031371409881643005,0.75
102.54184688299938,9.118646530364483,11.474629303853874,-0.05368016183054637,0.7159478162103748,0.19400039560634794,0.319232633458958,5.630848398033159,0.056353606353670926,0.056353606353670926,0.046315223530459367,0.75
102.58998462999989,9.117251636501823,11.498300708000025,-0.041846815879788266,0.7101421243845338,0.18115198809792268,0.35437844275378644,5.621087124385898,0.05774850021633071,0.05774850021633071,0.01857839626387695,0.75
102.69947595399935,9.115356010987227,11.544744989029267,-0.024677209968460068,0.6916505966873965,0.1693537416240916,0.18255382622157115,5.601428734554444,0.05964412573092659,0.05964412573092659,0.042952163406209845,0.75
102.72094070399908,9.114894597984433,11.567258277083505,-0.01384239008382694,0.6753986416271646,0.15918637005206454,0.16156343902349718,5.591605896717579,0.06010553873372082,0.06010553873372082,0.06010553873372082,0.75
102.73725592600022,9.114894597984433,11.567258277083505,-0.01384239008382694,0.6753986416271646,0.1732261412558442,0.14961998513330613,5.591605896717579,0.06010553873372082,0.06010553873372082,0.06010553873372082,0.75
102.80874719599888,9.11476880396247,11.58916833997592,-0.0037738206589257306,0.6573018867724212,0.17484920304241325,0.2307120476683989,5.581828168523737,0.060231332755684264,0.060231332755684264,0.015887459650325054,0.75
102.85276856599921,9.115004133525233,11.610152154590109,0.007059886882906863,0.6295144384256429,0.18240377099216065,0.2812943763405086,5.572210161333005,0.05999600319292142,0.05999600319292142,0.03085677981221058,0.75
102.88881760999902,9.115571022209581,11.630170478820146,0.017006660530445254,0.600549726901116,0.18799347292208524,0.3134922319779055,5.562786181252012,0.05942911450857302,0.05942911450857302,0.044900143095608774,0.75
102.92917989899979,9.116437944554317,11.649281042945397,0.026007670342084892,0.5733169237575441,0.20044000254196936,0.347078777696023,5.553549690688362,0.05856219216383707,0.05856219216383707,0.025520456863730695,0.75
102.93779190399982,9.116437944554317,11.649281042945397,0.026007670342084892,0.5733169237575441,0.21442068376928566,0.3769504128844449,5.553549690688362,0.05856219216383707,0.05856219216383707,0.025520456863730695,0.75
103.02847716999895,9.118984631631603,11.685069206471887,0.042199218519685625,0.523486210800032,0.27965884357683,0.4889262849594087,5.535558222749759,0.05601550508655073,0.05601550508655073,0.03174334497867077,0.75
103.05538183599856,9.120636261056012,11.701536552160814,0.04954888273225847,0.4940203706677996,0.25334018259067254,0.4259432735894819,5.52690602012834,0.05436387566214229,0.05436387566214229,0.04615659688723471,0.75
103.11699487499936,9.124623761532984,11.731498812872951,0.0632823754581891,0.4343522509963066,0.22353644427977193,0.3281092693733409,5.510369006493525,0.050793813350549916,0.050793813350549916,0.05037637518517002,0.75
103.20466786699944,9.126961883183231,11.745343807098882,0.07014364950741568,0.41534982677791094,0.31064649607540035,0.47394626809811585,5.50231895641102,0.05216835421221084,0.05216835421221084,0.02097391142888735,0.75
103.24889299899951,9.129493681569791,11.758667090603566,0.07595395159679498,0.3996985051405059,0.3249150502316609,0.5046871869563085,5.494340074492786,0.056606525114536975,0.056606525114536975,0.017379843849866402,0.75
103.27436349900017,9.13214429303157,11.771510470245456,0.07951834385342116,0.385301389256675,0.32634388966818517,0.4675818488403325,5.486479182083472,0.06319140304804104,0.06319140304804104,0.025368167986382136,0.75
103.35912646499855,9.137790696247917,11.796507286667588,0.08594479208774744,0.3722787548311257,0.3203761710316861,0.49021619059715854,5.470795175714335,0.07687421144461358,0.07687421144461358,0.011223109181590064,0.75
103.37576135000018,9.140826106319007,11.809021865187315,0.0910623021326992,0.37543735559185326,0.37125858737891365,0.534713381643051,5.462781939813898,0.08357699573465441,0.08357699573465441,0.016679164352256998,0.75
103.40298259999872,9.144032606270265,11.821863281781509,0.096194998537741,0.38524249782583636,0.4303895118100006,0.5697256697053185,5.454495367548461,0.08096753119294675,0.08096753119294675,0.022206059224977683,0.75
103.44217913600005,9.147385470292399,11.834961677446357,0.10058592066400636,0.3929518699454337,0.49677932187896967,0.5833227747170172,5.4459883659908295,0.07761466717081333,0.07761466717081333,0.027614666425755274,0.75
103.47596583599989,9.15082316049623,11.848133367214832,0.10313070611493116,0.395150693054247,0.5196575908234912,0.5580052633827732,5.437394111201773,0.07417697696698156,0.07417697696698156,0.004648465053338303,0.7648529270389178
103.50766381299945,9.154303524037568,11.86136544580988,0.10441090624009232,0.3969623578514719,0.573930505935088,0.5182649288634652,5.42875660713954,0.07069661342564437,0.07069661342564437,0.009296087984593911,0.7762087348130012
103.54746681999859,9.157941715368024,11.874876040060048,0.10914573991368859,0.4053178275050369,0.6338971450398881,0.484164653284064,5.419881615478183,0.06705842209518842,0.06705842209518842,0.013971917876575023,0.7762087348130012
103.58888568399925,9.161849727081647,11.88874900670386,0.11724035140870531,0.41618899931433934,0.6630279727648947,0.4987869907961543,5.410633888305211,0.06315041038156544,0.06315041038156544,0.00877211976014532,0.7762087348130012
103.60534228599863,9.166262528821154,11.903048528595223,0.1323840521851948,0.4289856567408805,0.7280087054104301,0.5106401842520935,5.400774129902291,0.05873760864205835,0.05873760864205835,0.017583679374990106,0.7905694150420949
103.68671701399944,9.171416838148975,11.917790509649553,0.15462927983465236,0.4422594316299085,0.7830200049565141,0.5114903690103155,5.390080726951778,0.05358329931423711,0.05358329931423711,0.005329830748299121,0.7905694150420949
103.75866181399942,9.184367834741721,11.948279921745131,0.2072246004783473,0.46216591308515564,0.867595790067879,0.6159702488769826,5.36594249683007,0.04063230272149099,0.04063230272149099,0.014578399551565665,0.7905694150420949
103.82752349299881,9.184367834741721,11.948279921745131,0.2072246004783473,0.46216591308515564,0.8544303073906518,0.655525669895754,5.36594249683007,0.04063230272149099,0.04063230272149099,0.0113900332584185,0.7905694150420949
103.87337222699898,9.19220181452476,11.963897439560364,0.23501939349114184,0.4685255344569924,0.8307958111442447,0.6500022156444503,5.352515032960751,0.03279832293845253,0.03279832293845253,0.01634840098853204,0.8
103.91108987199914,9.19220181452476,11.963897439560364,0.23501939349114184,0.4685255344569924,0.8118376942070805,0.6235941705228321,5.352515032960751,0.03279832293845253,0.03279832293845253,0.008744450676719445,0.8
103.98363447599877,9.20097439234312,11.97969801841106,0.263177334550824,0.47401736552090123,0.7629988857108736,0.5561767071862863,5.33817687957301,0.02448072974721347,0.02448072974721347,0.017126139817917635,0.7615773105863909
104.02022941699943,9.210920411456737,11.99558398696742,0.2983805734084927,0.47657905669078965,0.7494928912402603,0.5367094998791019,5.32274985125342,0.02451082032781738,0.02451082032781738,0.0015067562310633316,0.7615773105863909
104.0408458619986,9.222070380828956,12.011617566579034,0.3344990811665707,0.4810073883484008,0.7159333096387289,0.5360387418290623,5.306179280594224,0.02796405424476532,0.02796405424476532,0.0037478743327593,0.7826237921249265
104.0889529619999,9.234381809644047,12.02792592744432,0.36934286445270753,0.4892508259586066,0.62714640268938,0.5277797858999059,5.288452641035959,0.03079031200140078,0.03079031200140078,0.004565027584762203,0.7826237921249265
104.12798216499868,9.24776597473461,12.044682776859217,0.4015249527169044,0.5027054824468966,0.6207429224335597,0.5144776095760861,5.269582898454326,0.03317515995793815,0.03317515995793815,0.0014711127132384235,0.7826237921249265
104.15887846899932,9.262246119097394,12.062053267883991,0.43440433088349945,0.5211147307432094,0.6587501206803438,0.5170488081540696,5.24948468853187,0.03521894368261154,0.03521894368261154,0.0014908093546378144,0.7632168761236874
104.21764973899917,9.294374929034909,12.098870900472106,0.4957150371544448,0.5634798769634008,0.6737544762120881,0.45675458867194474,5.205626763000355,0.0385344419746318,0.0385344419746318,0.0031791023884688175,0.7632168761236874
104.28184827699988,9.311607699367348,12.118234619801756,0.5169831099731629,0.5809115798895271,0.6438857989924074,0.3591621013042213,5.182286642681041,0.04004125046092222,0.04004125046092222,0.0047077784287555295,0.75
104.317968207999,9.329379181746065,12.138127753811505,0.5331444713614651,0.5967940202924836,0.6259604250394512,0.29387856604612606,5.158271580861416,0.0415414847165408,0.0415414847165408,0.006186145130377818,0.75
104.35462437499882,9.347357355770878,12.158314801099246,0.5393452207444249,0.6056114186322458,0.5869291032161333,0.23856678312883225,5.133980279994796,0.04310339397953897,0.04310339397953897,0.006010215042778951,0.7810249675906654
104.45997386999989,9.365454815135713,12.178680068714565,0.5429237809450492,0.6109580284595727,0.502676288072518,0.17145816816445417,5.109538960207297,0.04470697657188646,0.04470697657188646,0.008083138895887751,0.7433034373659253
104.48948404299881,9.383538984297656,12.199191303155207,0.5425250748582716,0.6153370332192495,0.4791203877103015,0.13188041643183082,5.08508389455285,0.04642317088883683,0.04642317088883683,0.011067831302673853,0.7433034373659253
104.50524266699904,9.383538984297656,12.199191303155207,0.5425250748582716,0.6153370332192495,0.4716524938240848,0.0981617077290309,5.08508389455285,0.04642317088883683,0.04642317088883683,0.011067831302673853,0.7433034373659253
104.57820298499973,9.419473888446412,12.240494319519733,0.5390008774482763,0.6196510011543314,0.49140588434882143,0.10921849211203638,5.03637628227611,0.05021899943877928,0.05021899943877928,0.014863659852616297,0.7433034373659253
104.67908493999857,9.455446193770866,12.28144984807964,0.5398215383009421,0.6099173684807753,0.5419204773382332,-0.05276918888415413,4.9878857960068705,0.053742670380734124,0.053742670380734124,0.015799008624064644,0.75
104.6992740149999,9.455446193770866,12.28144984807964,0.5398215383009421,0.6099173684807753,0.5492765474211039,-0.08480836730136398,4.9878857960068705,0.053742670380734124,0.053742670380734124,0.015799008624064644,0.75
104.7168021439993,9.473414519966662,12.301414371434909,0.5390497858738524,0.5989357006580429,0.5569665418332321,-0.11796430230038496,4.963889953185525,0.05515419492878271,0.05515419492878271,0.02646173747122319,0.7905694150420949
104.74261319099969,9.473414519966662,12.301414371434909,0.5390497858738524,0.5989357006580429,0.5600905877859337,-0.18721243351161226,4.963889953185525,0.05515419492878271,0.05515419492878271,0.02646173747122319,0.7905694150420949
104.79134819799947,9.491306400330988,12.320801787148973,0.5367564109297981,0.5816224714218967,0.5615817166654632,-0.2198400065980858,4.940202726229198,0.05621169811608673,0.05621169811608673,0.010192147952872408,0.7905694150420949
104.83465846999934,9.491306400330988,12.320801787148973,0.5367564109297981,0.5816224714218967,0.6522589863703796,-0.266577256379551,4.940202726229198,0.05621169811608673,0.05621169811608673,0.010192147952872408,0.7905694150420949
104.97598667300008,9.526632227123145,12.357739633588317,0.5274527829006982,0.5453701783661156,0.8186041446009822,-0.2445257811594605,4.893992641019966,0.0573515681400184,0.0573515681400184,0.032739449931504794,0.8062257748298549
105.0099800199987,9.526632227123145,12.357739633588317,0.5274527829006982,0.5453701783661156,0.8227741659294525,-0.278457319955594,4.893992641019966,0.0573515681400184,0.0573515681400184,0.032739449931504794,0.8062257748298549
105.03704806299902,9.543909273511854,12.375188518765876,0.518311391661268,0.5234665553268097,0.7924956582103168,-0.2728853688762136,4.871646267309268,0.05747307651288502,0.05747307651288502,0.0501883351090644,0.8062257748298549
105.07623655399948,9.560861536355514,12.39192352387586,0.5085678853098023,0.5020501532995167,0.7685481802607362,-0.2949268358468949,4.849876621154963,0.0573194520961379,0.0573194520961379,0.0573194520961379,0.7826237921249265
105.119830353,9.577519492738265,12.40780801457924,0.4997386914825094,0.4765347211014084,0.7689056832273707,-0.2926442732978689,4.82869999628105,0.056772529269239466,0.056772529269239466,0.019608694717739038,0.8
105.1596391309995,9.594036158902638,12.422625691901173,0.4954999849311589,0.44453031965797046,0.7016326806614767,-0.30971896710723146,4.8080447904264485,0.05680631392710937,0.05680631392710937,0.03814983219155429,0.8
105.17060290699919,9.594036158902638,12.422625691901173,0.4954999849311589,0.44453031965797046,0.6683989477352715,-0.3164123704212151,4.8080447904264485,0.05680631392710937,0.05680631392710937,0.03814983219155429,0.8
105.20643509399997,9.610454085807186,12.436424849852273,0.4925378071364629,0.4139747385329891,0.6014881237345375,-0.32736921866100327,4.787849704808456,0.06312350844080343,0.06312350844080343,0.055680964082752686,0.8
105.2927338369991,9.644129328215646,12.459562410093936,0.5130907136573402,0.3238970327968887,0.7368595788383557,-0.34363138615105043,4.748243773232874,0.08456222569206595,0.08456222569206595,0.03456222494700789,0.75
105.33770781699968,9.662052507167497,12.46899185690744,0.5376953685555126,0.28288340440510784,0.7703921661044236,-0.3486764733412634,4.728167246616023,0.09399167250557028,0.09399167250557028,0.0004172219313267313,0.75
105.3396993589995,9.662052507167497,12.46899185690744,0.5376953685555126,0.28288340440510784,0.7612063935525955,-0.2972716874897423,4.728167246616023,0.09399167250557028,0.09399167250557028,0.0004172219313267313,0.75
105.44779792499867,9.680952189594507,12.477297471414,0.5669904728102813,0.2491684351967611,0.73069880926662,-0.15776938284191114,4.70756275018496,0.1022972870121297,0.1022972870121297,0.006472230526870962,0.75
105.46767348199865,9.721454152673209,12.49066204984483,0.6194998652688922,0.18605452883879717,0.7992907656771464,-0.15942759968460918,4.664936481341662,0.11566186544296109,0.11566186544296109,0.015927935341660034,0.75
105.52244653100024,9.74283007636502,12.496070119701814,0.6412777107543576,0.16224209570950063,0.9006122441141741,-0.16327083171050008,4.643007732530994,0.12106993529994448,0.12106993529994448,0.021069933809828356,0.75
105.55809468899861,9.764852061454054,12.50065473356334,0.6606595526709999,0.137538415845805,0.9006122441141741,-0.16327083171050008,4.62075891281427,0.1256545491614709,0.1256545491614709,0.01590105222259572,0.7000000000000001
105.60860927899921,9.810173234347381,12.507405426320977,0.6846790580893061,0.0895915365310879,0.7644216157951481,-0.16682221872901382,4.575912057221103,0.10484823506543917,0.10484823506543917,0.03240524042899118,0.7000000000000001
105.66943153099965,9.833236279865732,12.509739334727056,0.6918913655504992,0.07001725218238838,0.7047730395178542,-0.1455907251870925,4.55348236265041,0.09447192218863275,0.09447192218863275,0.0037886013568489084,0.7000000000000001
105.7085363949991,9.856492658662237,12.51154274066087,0.6976913638951527,0.05410217801438545,0.7046352845149881,-0.07699506312889037,4.531065108860682,0.08849938443271897,0.08849938443271897,0.008139823726577424,0.7000000000000001
105.73841594499936,9.879910966640399,12.512934984804698,0.7025492393448548,0.04176732431486221,0.6901918704289484,-0.04582055149584832,4.508650220624665,0.08793479965776996,0.08793479965776996,0.012065201832346162,0.7000000000000001
105.77732215799915,9.903562701059803,12.513967978747372,0.7095520325821449,0.030989818280242144,0.6396138274309835,-0.006253607985767816,4.486154653639928,0.08896779360044427,0.08896779360044427,0.011032207889671852,0.7000000000000001
105.81478995499856,9.927437117939753,12.514750922990839,0.7162325063984968,0.02348832730397736,0.5993177878007027,0.03838015586338183,4.463551908615526,0.08975073784391085,0.08975073784391085,0.010249263646205264,0.7000000000000001
105.86120237499927,9.951519546328434,12.515388898327569,0.7224728516604053,0.019139260101912196,0.5787141268624644,0.02927410965198325,4.440820016397709,0.09038871318064068,0.09038871318064068,0.009611288309475441,0.7000000000000001
105.8897759929987,9.97610595119432,12.516060146037741,0.7375921459765885,0.020137431305213668,0.556099204128986,0.03847423101920042,4.41762012703049,0.09105996089081358,0.09105996089081358,0.008940040599302534,0.7000000000000001
105.92070572599914,10.001122547412844,12.516797546907947,0.7504978865557255,0.022122026106179228,0.5195406179222963,0.034633940714778017,4.394010284330712,0.09179736176101905,0.09179736176101905,0.008202639729097072,0.7000000000000001
105.96314115999849,10.026466167774895,12.517612958105211,0.7603086108615023,0.024462335917945135,0.4722789924859723,0.024240322054439142,4.370083137955053,0.09261277295828307,0.09261277295828307,0.0073872285318330455,0.7000000000000001
105.99516212699928,10.051785866685393,12.51838621114026,0.7595909673149285,0.02319759105149801,0.46070399171390825,0.03485764335695593,4.346209825385722,0.09338602599333257,0.09338602599333257,0.004011838019088532,0.70178344238091
106.03217052299988,10.076869445779035,12.519338565289186,0.7525073728092795,0.02857062446773206,0.3711507306180315,0.06727072352361285,4.322507377378127,0.0943383801422577,0.0943383801422577,0.005661621347858414,0.70178344238091
106.04797220799992,10.076869445779035,12.519338565289186,0.7525073728092795,0.02857062446773206,0.34653669827125966,0.0880397752368256,4.322507377378127,0.0943383801422577,0.0943383801422577,0.005661621347858414,0.70178344238091
106.08793940299984,10.101525941545649,12.520526360660599,0.7396948729984363,0.03563386114241339,0.31191343202728705,0.13382634022514944,4.29913151386422,0.09552617551367071,0.09552617551367071,0.004473825976445411,0.7071067811865476
106.11741703499865,10.12566441516358,12.521982684477223,0.7241542085379487,0.04368971449872927,0.29454881485078177,0.16254871903925522,4.276152708801073,0.09698249933029501,0.09698249933029501,0.003017502159821106,0.7071067811865476
106.16097092999917,10.149125553463373,12.523618188755249,0.7038341489937417,0.04906512834078599,0.2685873602794281,0.22557500168727648,4.253749934718704,0.09861800360832085,0.09861800360832085,0.0013819978817952716,0.7071067811865476
106.21543062599994,10.171840380865797,12.525389165862606,0.6814448220727157,0.05312931322073347,0.25741456900444465,0.29168314592235045,4.232001568097467,0.10038898071567814,0.10038898071567814,0.0005569530631085283,0.7158910531638177
106.22237183099969,10.171840380865797,12.525389165862606,0.6814448220727157,0.05312931322073347,0.19651689907808262,0.3036911392442645,4.232001568097467,0.10038898071567814,0.10038898071567814,0.0005569530631085283,0.7158910531638177
106.24620432200027,10.19383574043799,12.527298506211212,0.6598607871657667,0.05728021045818338,0.20647308793303,0.30132195003098894,4.210879861886956,0.0943724035333902,0.0943724035333902,0.0022983195741677065,0.7158910531638177
106.28484637899965,10.21515505753148,12.529371109495013,0.6395795128046602,0.06217809851407456,0.2091088688222608,0.3552721782490079,4.190333559361613,0.08076292168300328,0.08076292168300328,0.0043709228579693615,0.7280109889280518
106.32780000399907,10.235846621853145,12.531634003266833,0.6207469296499729,0.06788681315456434,0.18951539560751024,0.36285116318395216,4.17030613139522,0.06773188376895374,0.06773188376895374,0.003764122901169823,0.7280109889280518
106.37397880099888,10.255958182315128,12.534115740155473,0.603346813859479,0.07445210665919443,0.1375722531078815,0.3195183271316723,4.150741019545649,0.055265715969120936,0.055265715969120936,0.007704258176607116,0.7433034373659253
106.40694854100002,10.275512327837918,12.536832014716904,0.5866243656836864,0.0814882368429309,0.1489542644807913,0.36925225040670906,4.131609868408893,0.04335954323160007,0.04335954323160007,0.011831828079859719,0.7433034373659253
106.47383146799984,10.312057287529468,12.543340634821858,0.5337554357970279,0.10484292289356639,0.14418642441461485,0.384495023453193,4.0953264060579375,0.02212064382789601,0.02212064382789601,0.016488521821983782,0.7615773105863909
106.50890405799873,10.328860427657814,12.547388716538022,0.5040942038503453,0.12144245148489334,0.1855853563425055,0.4377878943167083,4.078246617312231,0.013101455530211565,0.013101455530211565,0.013101455530211565,0.7615773105863909
106.58966681899983,10.35952637248171,12.557364903733239,0.44554136479862827,0.15938586056406245,0.2847645563045191,0.5349456066397553,4.046092682872426,0.0015284123901333616,0.0015284123901333616,0.008801479775146113,0.73824115301167
106.61974953999925,10.35952637248171,12.557364903733239,0.44554136479862827,0.15938586056406245,0.30759755492014645,0.5556608103761991,4.046092682872426,0.0015284123901333616,0.0015284123901333616,0.008801479775146113,0.73824115301167
106.66122250099943,10.373355072881736,12.563295039490123,0.4148610120007831,0.1779040727065195,0.3598277703066851,0.6022259997135719,4.031047574573134,0.007113541010939359,0.007113541010939359,0.005811241468799871,0.73824115301167
106.68389873599881,10.38621304177834,12.569864113596765,0.38573906689810206,0.19707222319925047,0.4095108349323915,0.6448811356445068,4.016656495384725,0.01156046116309069,0.01156046116309069,0.010480615225524625,0.73824115301167
106.72101495399875,10.38621304177834,12.569864113596765,0.38573906689810206,0.19707222319925047,0.4375271117238736,0.6660533792633272,4.016656495384725,0.01156046116309069,0.01156046116309069,0.010480615225524625,0.73824115301167
106.79230865599857,10.398144684662979,12.577036501991461,0.3579492865391733,0.21517165184090445,0.4911076564462239,0.7062056284234707,4.0028927779738686,0.014925762286321179,0.014925762286321179,0.005632018854683715,0.73824115301167
106.79424942199876,10.409120644220438,12.584760206585205,0.329278786723784,0.23171113781232444,0.5205203450085382,0.7239623295715425,3.9898047634523994,0.017225453825312178,0.017225453825312178,0.01016518007873649,0.7632168761236874
106.81448076499873,10.409120644220438,12.584760206585205,0.329278786723784,0.23171113781232444,0.58327450473569,0.7509055019886489,3.9898047634523994,0.017225453825312178,0.017225453825312178,0.01016518007873649,0.7632168761236874
106.83838288599873,10.419183223881205,12.593027273126435,0.3018773898230156,0.24801199623690326,0.6156440586270889,0.7626765809458844,3.977358286463303,0.01849507332784657,0.01849507332784657,0.013638659980132311,0.7632168761236874
106.88887540599899,10.428388032097835,12.601824229305803,0.27614424649888325,0.26390868538105594,0.6914530535326447,0.7104097689427038,3.9655094354619247,0.01878346826911474,0.01878346826911474,0.0045189640188851915,0.7211102550927979
106.90417425799933,10.428388032097835,12.601824229305803,0.27614424649888325,0.26390868538105594,0.708330642079293,0.6810819802399416,3.9655094354619247,0.01878346826911474,0.01878346826911474,0.0045189640188851915,0.7211102550927979
106.93398589699973,10.436770512987103,12.6111145502378,0.25147442667801045,0.278709627959934,0.7241921331948169,0.651747404847782,3.954242045833102,0.018141528418667487,0.018141528418667487,0.008077796310571943,0.7211102550927979
106.98641238500022,10.4514669621506,12.631288265939729,0.2131406745180166,0.3128691205806287,0.7141926875987774,0.5993734989121917,3.9330532015273967,0.014268516106976561,0.014268516106976561,0.0036357669899759384,0.75
107.09484114399856,10.458366499708063,12.642588305609271,0.2069861267239087,0.33900119008627283,0.6793317798962162,0.5435362092380986,3.922440999861611,0.0111568912229001,0.0111568912229001,0.006187842709411539,0.75
107.12314869399961,10.46514863117066,12.65487845824187,0.2034639438779255,0.36870457897796427,0.714437637232221,0.48659726557458594,3.9115880079494465,0.007262132102672909,0.007262132102672909,0.013286769214257829,0.7106335201775948
107.13894279499982,10.46514863117066,12.65487845824187,0.2034639438779255,0.36870457897796427,0.714437637232221,0.48659726557458594,3.9115880079494465,0.007262132102672909,0.007262132102672909,0.013286769214257829,0.7106335201775948
107.29009647599923,10.489451291096769,12.698047685409428,0.27272956116084224,0.45713945541642564,0.734690513700956,0.5994959384946573,3.8731811565880374,0.006078545531467949,0.006078545531467949,0.009541010305256803,0.7106335201775948
107.34080498000003,10.499566349575717,12.714031408731637,0.30345175436845356,0.4795116996662917,0.7206581485564791,0.5300809231746431,3.857982815810606,0.010228318238648799,0.010228318238648799,0.01222417484366062,0.6726812023536856
107.38617406599951,10.510670356687621,12.73073841042872,0.3331202133570882,0.5012100509124376,0.6856898431569338,0.4902714007569015,3.841635665837696,0.014190233704779898,0.014190233704779898,0.01462469410550784,0.7071067811865476
107.4237883019996,10.522574430874347,12.748195851872518,0.3571222256017842,0.5237232433139846,0.66492648202876,0.4633339751025304,3.824310154462981,0.018117057350675952,0.018117057350675952,0.008081044716020742,0.7071067811865476
107.44840299399948,10.53525107731533,12.766253163902048,0.38029939322951223,0.5417193608859093,0.601646127174785,0.43907730247409094,3.8060892665021417,0.0219217624756344,0.0219217624756344,0.012828368402074866,0.6726812023536856
107.48991089499941,10.548564505663803,12.784879288318482,0.39940285045420987,0.5587837324929948,0.5440901340009178,0.4034717332574943,3.7871145423296464,0.02567840589167244,0.02567840589167244,0.009676933694490544,0.6726812023536856
107.53311217400005,10.562448976303415,12.803901001324833,0.41653411918832656,0.5706513901905409,0.5171485853363056,0.3810737349881987,3.767511096151347,0.029310984805792778,0.029310984805792778,0.0014285551072022596,0.6800735254367722
107.57434101299987,10.57678649291009,12.823301833758888,0.4301254982002445,0.5820249730216783,0.43890228873985515,0.3565396256124185,3.747397980495826,0.03289128976262239,0.03289128976262239,0.002431237460905462,0.6800735254367722
107.61621680399912,10.591708905585557,12.842965028891431,0.44767238026401235,0.5898958539762671,0.39563227864222666,0.31936281720108883,3.7266933495711188,0.036243529186150425,0.036243529186150425,0.0008881895999874398,0.6800735254367722
107.64610684299987,10.607015528128086,12.86310400325252,0.45919867627587563,0.6041692308326776,0.3639752732527327,0.3046977743008563,3.705516458944455,0.03966051792613366,0.03966051792613366,0.005039040991437862,0.6946221994724903
107.70653305299857,10.62277007907353,12.883598214558917,0.47263652836337355,0.6148263391919321,0.31634781474508233,0.2787554474380689,3.6838514121243473,0.0430119639078842,0.0430119639078842,0.007656624321721213,0.6946221994724903
107.8021159609998,10.655154556629126,12.925107517797834,0.4888861560423988,0.6247642697790721,0.27878602606258895,0.2481617553464314,3.6396885132450874,0.049464190025705464,0.049464190025705464,0.012412059073426242,0.7158910531638177
107.83217064000019,10.671564819016949,12.94595724394891,0.49230787163467515,0.6254917845323127,0.24544559938704089,0.24061638182637268,3.617455248236843,0.052603364957535016,0.052603364957535016,0.01724802537137203,0.7158910531638177
107.872993261999,10.687863514753836,12.966629421367829,0.4889608721066416,0.6201653225675667,0.18403227560984373,0.2188622594360579,3.595442151176551,0.05569588351229389,0.05569588351229389,0.01037953728244748,0.696419413859206
107.99314959000003,10.703867689593674,12.987032194825408,0.4801252451951247,0.612083203727366,0.05181577971260381,0.24247585499512594,3.5738511447933807,0.05880616242261715,0.05880616242261715,0.0025509977868408192,0.7433034373659253
108.0300569359988,10.719469444618868,13.007094001947113,0.46805265075584107,0.6018542136511151,0.03431385560857102,0.30813535860316393,3.5528059835073234,0.06195989550450474,0.06195989550450474,0.004945494395253571,0.7280109889280518
108.08565202599857,10.734581735189716,13.02680023730317,0.453368717125403,0.591187060681747,0.009890702537552809,0.37069368298707217,3.532392649150317,0.06520830501452324,0.06520830501452324,0.0007761370186513541,0.7280109889280518
108.11785558500014,10.749175854597478,13.046161006073783,0.43782358223288464,0.5808230631183732,-0.0273266521922554,0.4270872142695983,3.512634207903231,0.06857883510253285,0.06857883510253285,0.0017347057128010875,0.7280109889280518
108.15161352699943,10.763246446847393,13.065198492136316,0.4221177674974593,0.5711245818759836,-0.06985513985942807,0.4808655161023226,3.4935280784836262,0.06175371445767652,0.06175371445767652,0.0028938955499126047,0.7648529270389178
108.30317259799995,10.789430013089044,13.101448977941356,0.3829728934655067,0.5337727461211051,-0.16304568039723208,0.46395149307106226,3.457886317085911,0.035570148216026,0.035570148216026,0.007826326172236945,0.7566372975210779
108.3368707519985,10.80145260588397,13.118500465771488,0.36067778384777344,0.5115446349039618,-0.20688429670856154,0.43364389191651875,3.4414758820774023,0.023547555421099986,0.023547555421099986,0.011711931577833673,0.75
108.37058335399888,10.812566283661631,13.134702545553672,0.3334103333298225,0.48606239346553204,-0.19072489087896022,0.4976320592541294,3.4262252720565316,0.012433877643438507,0.012433877643438507,0.012433877643438507,0.75
108.41660782999861,10.822653337822892,13.150015421802124,0.3026116248378344,0.45938628745356225,-0.17984804711417332,0.5294797380256002,3.4122531914993095,0.00234682348217774,0.00234682348217774,0.007445398858927179,0.75
108.43389695399856,10.831711466860487,13.164704147886647,0.27174387112781584,0.4406617825357267,-0.15621857784776463,0.5939659214247045,3.3994835294249732,0.006711305555416658,0.006711305555416658,0.010155696366001445,0.75
108.48398205000012,10.839752697290411,13.178902996094207,0.2412369128977333,0.4259654462267946,-0.1170915878922332,0.6881083703112478,3.387865429061399,0.014752535985341098,0.014752535985341098,0.014752535985341098,0.75
108.52292680499886,10.846632163408668,13.193019970701709,0.20638398354770868,0.42350923822505054,-0.10071876792401277,0.7184487679966111,3.3774272832605727,0.021632002103597614,0.021632002103597614,0.017961494469552305,0.75
108.59163234699918,10.852272654317936,13.207200471428449,0.16921472727806036,0.42541502180220514,-0.005808948458683905,0.8152018032754189,3.3682078187232816,0.02727249301286605,0.02727249301286605,0.025136052662964262,0.7000000000000001
108.62652653299847,10.856569274470164,13.22143116223183,0.12889860456686353,0.4269207241014816,0.02752225832498767,0.8205091404860116,3.3603163651668733,0.031569113165094365,0.031569113165094365,0.030980540311924237,0.7000000000000001
108.65889552699991,10.859569245732276,13.235686531852144,0.0899991378633719,0.4276610886093912,0.01866974190983306,0.7525785816138371,3.3537187187398207,0.034569084427205965,0.034569084427205965,0.034569084427205965,0.7000000000000001
108.6670881959999,10.859569245732276,13.235686531852144,0.0899991378633719,0.4276610886093912,0.028849991262463515,0.7208137038464503,3.3537187187398207,0.034569084427205965,0.034569084427205965,0.034569084427205965,0.7000000000000001
108.69841803399868,10.861324453707006,13.249954108576583,0.05265623924190093,0.4280273017331544,0.03703164129825404,0.6866918440355185,3.348372337671253,0.03632429240193602,0.03632429240193602,0.03632429240193602,0.7000000000000001
108.76191917599863,10.862115792345927,13.26456324080076,0.023740159167650463,0.438273966725314,0.04028040954871803,0.6492354477060762,3.3439271404737534,0.03711563104085691,0.03711563104085691,0.008180215374302162,0.7000000000000001
108.78511480299858,10.862054960754483,13.279714015412463,-0.0018249477433495281,0.45452323835106917,-0.008958247889676862,0.6695356417758204,3.340233101698951,0.03705479944941281,0.03705479944941281,0.012945201295645248,0.7000000000000001
108.8585754249998,10.859768975661828,13.312091607647965,-0.043931067105475965,0.49645324920475054,0.002512395725554617,0.6945324935159047,3.3346509151367507,0.034768814356757716,0.034768814356757716,0.011096756022078574,0.7000000000000001
108.91772450200006,10.85777626065832,13.329440975487994,-0.059781450105228354,0.5204810352009184,0.08351363060777212,0.6404176595006682,3.332532968510235,0.03277609935324932,0.03277609935324932,0.017223901391808738,0.7000000000000001
108.96728310199978,10.855509227346644,13.347534758325276,-0.0680109993502346,0.5428134851184376,0.13974819559255766,0.5953186299161541,3.3306041965026956,0.03050906604157433,0.03050906604157433,0.012480511758072611,0.7000000000000001
109.05583347999891,10.85032052895054,13.38532704826166,-0.0801938167308155,0.5731543005721909,0.1961410303300418,0.5324754573279942,3.3273373878383126,0.010602018737312853,0.010602018737312853,0.02467963309958776,0.70178344238091
109.09192770799928,10.84747226223546,13.404773874624345,-0.08544800145242097,0.5834047908805456,0.2004225316197934,0.49918376210389936,3.3260000075665306,0.005162992765160509,0.005162992765160509,0.02752789981466819,0.7566372975210779
109.10686611599886,10.84747226223546,13.404773874624345,-0.08544800145242097,0.5834047908805456,0.21830034484883717,0.4348971189109302,3.3260000075665306,0.005162992765160509,0.005162992765160509,0.02752789981466819,0.7566372975210779
109.13307562999944,10.844494167105445,13.4244471028099,-0.08934285390045273,0.5901968455666333,0.23211908404514375,0.40308025640410766,3.324859387239166,0.021179897084448743,0.021179897084448743,0.030505994944682868,0.7566372975210779
109.18183461199988,10.841327178226821,13.444265347260263,-0.09500966635872185,0.5945473335109114,0.2842531597482315,0.3594235289979859,3.323994057480679,0.033672983823306524,0.033672983823306524,0.020133709348565,0.7566372975210779
109.20428444299978,10.837940973001329,13.464175444266495,-0.1015861567647717,0.5973029101869668,0.3534127134384572,0.35466190240070355,3.3234473008154084,0.03705918904879901,0.03705918904879901,0.03055257648452053,0.7648529270389178
109.26722521499869,10.834355009698964,13.484184511008769,-0.10757889907094875,0.6002720022682224,0.4527368803271422,0.3389225208225443,3.323201155386138,0.04064515235116417,0.04064515235116417,0.04064515235116417,0.7648529270389178
109.27849209099986,10.834355009698964,13.484184511008769,-0.10757889907094875,0.6002720022682224,0.4527368803271422,0.3389225208225443,3.323201155386138,0.04064515235116417,0.04064515235116417,0.04064515235116417,0.7648529270389178
109.30197914699966,10.830659787565935,13.504294471611512,-0.11085666399087332,0.6032988180822981,0.5197853415850521,0.34316281123229064,3.323168744013915,0.044340374484193035,0.044340374484193035,0.027092291973906918,0.7762087348130012
109.35114013999919,10.827075386403902,13.524449268664892,-0.10753203486100289,0.6046439116014065,0.5911531583977552,0.3467026587154358,3.323145222620213,0.047924775646226436,0.047924775646226436,0.04064002850788233,0.7762087348130012
109.41090013400026,10.823662651861376,13.54463126405942,-0.10238203627578264,0.60545986183587,0.6868358201344806,0.35903522037499935,3.323074006348379,0.05133751018875188,0.05133751018875188,0.016361955413208715,0.7762087348130012
109.47584664399983,10.820596191525457,13.564658713075694,-0.09199381007757088,0.6008234704882237,0.7838112279590521,0.3933527245217523,3.322812006798324,0.05440397052467105,0.05440397052467105,0.032366288893991076,0.7905694150420949
109.55537846999869,10.815830020987159,13.603799686574549,-0.06456332891501086,0.5818571138043228,0.899730779957341,0.4585561139032337,3.3214435419095594,0.05917014106296925,0.05917014106296925,0.029749486683684205,0.8077747210701756
109.62109500199949,10.81430837400302,13.622708195515274,-0.04564940952416617,0.5672552682217606,0.9964879782652187,0.49032658619778646,3.3201772434276706,0.06069178804710873,0.06069178804710873,0.01325548163503596,0.8077747210701756
109.64123018699865,10.813457487034707,13.641119152139757,-0.025526609049360542,0.552328698734489,1.0206471615895518,0.514289769593844,3.3184233186953644,0.06361856150928535,0.06361856150928535,0.025677082630906907,0.8077747210701756
109.671486362,10.813457487034707,13.641119152139757,-0.025526609049360542,0.552328698734489,1.0771090086928623,0.5498889954351642,3.3184233186953644,0.06361856150928535,0.06361856150928535,0.025677082630906907,0.8077747210701756
109.7335337479999,10.813256247005526,13.6590832471118,-0.006037200875448415,0.538922849161328,1.1152238341292664,0.5646023377475686,3.3161863760690036,0.07052634216398415,0.07052634216398415,0.015833959583101406,0.8276472678623424
109.7411569629985,10.814118637153756,13.676630874976086,0.02587170444687906,0.5264288359285793,1.0726315103479773,0.5131286987239245,3.313043577546755,0.07982660182849582,0.07982660182849582,0.03079012365483062,0.8276472678623424
109.82519983999919,10.819434264111447,13.710905102040586,0.10116376283808451,0.5110974155059899,0.9907255145193753,0.40425464446302245,3.3035596539345327,0.10003495986387914,0.10003495986387914,0.05825143953615135,0.8500000000000001
109.8586401499997,10.819434264111447,13.710905102040586,0.10116376283808451,0.5110974155059899,0.9669212139453155,0.3809748679508939,3.3035596539345327,0.10003495986387914,0.10003495986387914,0.0,0.8500000000000001
109.88056416699874,10.82435124799753,13.727878540577166,0.14750951658250963,0.509203156097387,0.9424101866484272,0.35689444241792806,3.2967179325896714,0.1085601607043131,0.1085601607043131,0.015243395032280402,0.8500000000000001
109.92742214699865,10.83092725518794,13.744904400868398,0.19728021571227788,0.5107758087369845,0.8681044413488673,0.28648470523080577,3.288301916703466,0.1159493226943085,0.1159493226943085,0.03012968625425316,0.8500000000000001
109.95354210400001,10.839165753157987,13.76220964454052,0.24715493910141578,0.5191573101637051,0.8681044413488673,0.28648470523080577,3.2782834394876774,0.12236048006353971,0.12236048006353971,0.019162348881638903,0.8746427842267951
109.99484277199917,10.849223844520585,13.779853374694135,0.30174274087794073,0.5293119046084277,0.7966245386134481,0.21452772279546134,3.2665026365714533,0.1277243366922984,0.1277243366922984,0.03938211354341585,0.8746427842267951
110.03958625099949,10.849223844520585,13.779853374694135,0.30174274087794073,0.5293119046084277,0.745284284244091,0.16464789348217013,3.2665026365714533,0.1277243366922984,0.1277243366922984,0.03938211354341585,0.8746427842267951
110.08971988799931,10.87436575510892,13.816812080186587,0.40137000564913583,0.563523873359978,0.6717706740314174,0.0915262037504697,3.2380413338532743,0.13608007250089033,0.13608007250089033,0.04097252693769371,0.8602325267042628
110.17355770099857,10.88917462024485,13.836054902840658,0.44426595407788994,0.5772846796221527,0.5989637282932451,0.02431006563968728,3.2216558837955143,0.13921535392946147,0.13921535392946147,0.01663200760045178,0.8602325267042628
110.20202638799856,10.88917462024485,13.836054902840658,0.44426595407788994,0.5772846796221527,0.5480496250514466,-0.017079503321897158,3.2216558837955143,0.13921535392946147,0.13921535392946147,0.01663200760045178,0.8602325267042628
110.31681024599857,10.922928243783511,13.875157335838779,0.5255689465772945,0.5893323211732445,0.39033845131340417,-0.14694333273519417,3.185017922677302,0.14299753336951979,0.14299753336951979,0.04731637947438347,0.8514693182963202
110.33696502199928,10.922928243783511,13.875157335838779,0.5255689465772945,0.5893323211732445,0.3656015859333258,-0.16780689667840004,3.185017922677302,0.14299753336951979,0.14299753336951979,0.04731637947438347,0.8514693182963202
110.47790227299993,10.981645852408214,13.933930039175173,0.6122563514098049,0.5853036685097343,0.2808081755828068,-0.1993412063803338,3.122773098015809,0.14303649121376502,0.14303649121376502,0.05892983242156191,0.848528137423857
110.54593436899995,11.023472656414555,13.971010314351444,0.6292784825672144,0.5442252347711042,0.1525335942037342,-0.17399774526562106,3.079230234138498,0.13968018849092484,0.13968018849092484,0.09601010759783257,0.8514693182963202
110.61992110099891,11.044352941375601,13.988101636849407,0.6264085488313929,0.512739674938883,0.14377658599603413,-0.16569878017015005,3.0576952416085743,0.13700098743961717,0.13700098743961717,0.015428330673094601,0.8514693182963202
110.68330604499897,11.06501554146543,14.004082555722919,0.6198780026948328,0.4794275662053256,0.2803130064192527,-0.1696105003983529,3.0364997644760363,0.13369053890420582,0.13369053890420582,0.029766377221105682,0.8500000000000001
110.74061483500009,11.06501554146543,14.004082555722919,0.6198780026948328,0.4794275662053256,0.34036541122739145,-0.1944519892991876,3.0364997644760363,0.13369053890420582,0.13369053890420582,0.02281658149726609,0.8500000000000001
110.84312381999916,11.105072478671552,14.032639026500561,0.594236134420032,0.4119919266675294,0.5130955810591246,-0.2899086808432302,2.995684956526863,0.1255584811058196,0.1255584811058196,0.01377444999197123,0.8321658488546619
110.8748185709992,11.124251237496305,14.045148345111595,0.5753627647425523,0.37527955833104953,0.5466957987785188,-0.2958715030428711,2.9762542568783115,0.12084247470398107,0.12084247470398107,0.020162050560161963,0.8321658488546619
110.96388312699855,11.142558621852054,14.056216887024174,0.5492215306724677,0.3320562573773519,0.7110441754229122,-0.3361437745592989,2.957765451512928,0.11572384012447427,0.11572384012447427,0.017042832945254882,0.8
111.0004436119998,11.142558621852054,14.056216887024174,0.5492215306724677,0.3320562573773519,0.7437600648875444,-0.34405097204863383,2.957765451512928,0.11572384012447427,0.11572384012447427,0.017042832945254882,0.8
111.07947196699934,11.176605277704287,14.074297603981444,0.4950369660539354,0.25149448536145014,0.7612882499877545,-0.31199704816179075,2.9235077074479423,0.1044342164638358,0.1044342164638358,0.0007026057523997764,0.8
111.08819289599887,11.176605277704287,14.074297603981444,0.4950369660539354,0.25149448536145014,0.7675828276242642,-0.2783167831736952,2.9235077074479423,0.1044342164638358,0.1044342164638358,0.0007026057523997764,0.8
111.13510007399964,11.1920472461162,14.081439331347053,0.4632590523574165,0.21425182096823914,0.7646598518119818,-0.21092056532296394,2.9080119871213084,0.0985650597345107,0.0985650597345107,0.006439121613208698,0.8
111.24260180700003,11.220394520706758,14.092477345568096,0.4165133315848458,0.15080425616439697,0.9538436022333728,-0.153125022768905,2.87961530533253,0.08680403607214104,0.08680403607214104,0.017542152794534888,0.8
111.32757634599875,11.248282187552881,14.099327242598973,0.42163484769763926,0.08647690782047421,1.0789282923741252,-0.13246458740491523,2.851717891803237,0.07898327927497367,0.07898327927497367,0.024327032865128828,0.8
111.38582240799951,11.262694095923424,14.101232457720746,0.4323572511162568,0.057156453653232756,1.0246878937552724,-0.10763967333602703,2.8373061717516195,0.07721913724554347,0.07721913724554347,0.011111533522885199,0.75
111.41144651600007,11.27754555081057,14.102312779974772,0.44554364661438817,0.03240966762075982,0.9921676129095469,-0.10706015360957222,2.822455396760136,0.07731257098598654,0.07731257098598654,0.02190905097954636,0.75
111.49118440799975,11.29287541349554,14.102726786329393,0.45989588054910624,0.012420190638617771,0.890175631884445,-0.1022504019691251,2.8071259108778,0.0777265773406075,0.0777265773406075,0.0062386805214893915,0.75
111.55406600899914,11.326152228476044,14.102016480060454,0.5129776807452388,-0.016872211854930992,0.7870610532502063,-0.012524841090372385,2.7738485044753705,0.07701627107166864,0.07701627107166864,0.021232729092375686,0.75
111.65111434299979,11.363319249369725,14.100635738860245,0.5737841899879823,-0.019771301276219063,0.6677723617274287,0.10800898245949248,2.7366808244722622,0.07563552987145883,0.07563552987145883,0.017072969588631876,0.75
111.6896073809985,11.383569617311432,14.100216783078006,0.6075110382511898,-0.01256867346715983,0.6208272574711794,0.15622942511733565,2.716430391338689,0.07521657408921989,0.07521657408921989,0.02478342740089623,0.75
111.71989953499906,11.405061245189012,14.10010199948848,0.6447488363273862,-0.0034435076857902104,0.587527606594161,0.14704019308584362,2.6949387567412533,0.07510179049969423,0.07510179049969423,0.015831793797768817,0.75
111.762990317,11.427795661265227,14.100413903780106,0.682032482286426,0.009357128748781845,0.5254224659380775,0.12135086429648198,2.672204370790019,0.07541369479132065,0.07541369479132065,0.023893982681899944,0.75
111.78906222399928,11.451649784695155,14.101105906785026,0.7156237028978542,0.02076009014760572,0.46707330698730537,0.08572393074853113,2.648350446208929,0.07610569779624043,0.07610569779624043,0.023894303693875685,0.75
111.85769533099847,11.476522601226854,14.102251245003309,0.7461844959509589,0.034360146548484446,0.4241848207858083,0.017502947806427915,2.62347836468639,0.07725103601452332,0.07725103601452332,0.006614989633939126,0.75
111.93569677999949,11.502051072835798,14.1037462953959,0.7658541482682836,0.04485151177773241,0.3415393313489961,-0.028845124533312838,2.597951628280023,0.078746086407115,0.078746086407115,0.009491521794191765,0.75
111.98086639699977,11.502051072835798,14.1037462953959,0.7658541482682836,0.04485151177773241,0.27585702128204936,-0.04370008269946469,2.597951628280023,0.078746086407115,0.078746086407115,0.009491521794191765,0.75
112.00772363499891,11.52808371479441,14.105613609225701,0.7809792587584179,0.056019414894011445,0.28678280527955013,-0.022686155134143127,2.571922411488001,0.08061340023691521,0.08061340023691521,0.01886022216599248,0.75
112.05464925999877,11.554220674986974,14.10799619937738,0.7841088057768842,0.07147770455035948,0.30047589339961933,-0.042132364178930015,2.5457918828663626,0.08299599038859462,0.08299599038859462,0.010512741884074459,0.75
112.11669418599922,11.580351573622671,14.110927322132188,0.7839269590709073,0.08793368264424928,0.38469606268969536,-0.07510491938182615,2.519672121311566,0.08592711314340207,0.08592711314340207,0.014072888346714052,0.75
112.18260066499897,11.580351573622671,14.110927322132188,0.7839269590709073,0.08793368264424928,0.47179349730072434,-0.07162469371878238,2.519672121311566,0.08592711314340207,0.08592711314340207,0.003253959995221787,0.75
112.21775364599853,11.60640610560121,14.11443285151865,0.7816359593561628,0.10516588159386846,0.47894718795034535,-0.06663989230144282,2.4936356625188623,0.08943264252986438,0.08943264252986438,0.005931565901787962,0.75
112.25852250800017,11.631961203159054,14.118622154221912,0.766652926735358,0.12567908109786557,0.43400955287577514,-0.115508374977533,2.4681090509416244,0.09362194523312617,0.09362194523312617,0.00637805625698995,0.75
112.30837682199854,11.656698222557043,14.12322799584466,0.7421105819396618,0.1381752486824502,0.3478692545734011,-0.16857885106417958,2.443412186972732,0.0982277868558743,0.0982277868558743,0.00177221463424182,0.75
112.35512600799848,11.680517375938006,14.128168475429945,0.7145746014288612,0.14821438755854727,0.3160912182673247,-0.22874276959528209,2.419646592200183,0.10316826644115906,0.10316826644115906,0.003168264951042943,0.75
112.38423495299867,11.703294970861768,14.133172694063836,0.6833278477128502,0.15012655901673364,0.2832871266716506,-0.2902390316886166,2.3969345890799665,0.10817248507505006,0.10817248507505006,0.008732724295858767,0.75
112.4310411890001,11.7247972532791,14.138080173745264,0.6450684725199812,0.14722439044286456,0.2621814609370571,-0.35306866463044556,2.3755079851819016,0.11307996475647819,0.11307996475647819,0.013081537224614756,0.75
112.49514207499851,11.7642527003242,14.147035720136723,0.5765366591627742,0.12919318380239111,0.2526055529806482,-0.4542597787754996,2.336220838643379,0.12203551114793676,0.12203551114793676,0.0186139384842853,0.75
112.50982676799867,11.7642527003242,14.147035720136723,0.5765366591627742,0.12919318380239111,0.25640079430543716,-0.4880554179517727,2.336220838643379,0.12203551114793676,0.12203551114793676,0.0186139384842853,0.75
112.54004918099963,11.782710634530691,14.15088914321745,0.5537380261947182,0.11560269242180016,0.261106610347134,-0.5219528172845539,2.3178480770349372,0.12588893422866398,0.12588893422866398,0.025888932738547865,0.7000000000000001
112.59739986000022,11.782710634530691,14.15088914321745,0.5537380261947182,0.11560269242180016,0.291168882995185,-0.6178572680348023,2.3178480770349372,0.12588893422866398,0.12588893422866398,0.0,0.7000000000000001
112.60309319399857,11.782710634530691,14.15088914321745,0.5537380261947182,0.11560269242180016,0.3082887032042788,-0.6487157172874904,2.3178480770349372,0.12588893422866398,0.12588893422866398,0.0,0.7000000000000001
112.6331829289993,11.800598875178986,14.15436260030422,0.5366472194488552,0.10420371260309481,0.32640984795857714,-0.67835610625337,2.300043657224788,0.1293623913154338,0.1293623913154338,0.012302149745314921,0.7000000000000001
112.66836785099986,11.817992851168546,14.157370955306519,0.521819279686788,0.0902506500689656,0.35515931895613684,-0.7384138959675469,2.2827282041081114,0.13237074631773282,0.13237074631773282,0.02394956243515852,0.7000000000000001
112.70554496399927,11.834892022457504,14.159908682859488,0.50697513866876,0.07613182658905258,0.39108895473990957,-0.7945810907059773,2.2659000861045513,0.13490847387070204,0.13490847387070204,0.010551267251956525,0.7000000000000001
112.93086738499915,11.897748748820183,14.163924630848648,0.44884670484376077,-0.00982170843559483,0.6721345798544087,-1.0418791310218434,2.2031788242791834,0.13892442185986198,0.13892442185986198,0.04429592505556901,0.7000000000000001
112.95681994799997,11.912297552485837,14.162355038889846,0.4364641099696394,-0.04708775876407154,0.6463592567652432,-1.0612590130222672,2.1885909050652685,0.13735482990106007,0.13735482990106007,0.05278709527314577,0.7000000000000001
112.99305710999943,11.912297552485837,14.162355038889846,0.4364641099696394,-0.04708775876407154,0.5902219352138269,-1.100435635226679,2.1885909050652685,0.13735482990106007,0.13735482990106007,0.05278709527314577,0.7000000000000001
113.02743119099978,11.94068675850575,14.155394572202367,0.4233409651292624,-0.12265421368254603,0.578661076725973,-1.1079942952390762,2.160023665037466,0.1303943632135809,0.1303943632135809,0.008550018740956148,0.7000000000000001
113.0686579510002,11.94068675850575,14.155394572202367,0.4233409651292624,-0.12265421368254603,0.5945877099721913,-1.0077114820632103,2.160023665037466,0.1303943632135809,0.1303943632135809,0.008550018740956148,0.7000000000000001
113.14148471599947,11.954698956954417,14.150222780121332,0.4203659534600033,-0.1551537624310072,0.6128763771150215,-0.8754628651073496,2.1458888351765992,0.12522257113254653,0.12522257113254653,0.005419601685928212,0.7000000000000001
113.21868039499896,11.982898537084473,14.136664554452516,0.42680933526679216,-0.22313680513477746,0.6581281874839153,-0.7843550816881406,2.117418922611268,0.1119433344022668,0.1119433344022668,0.013968606549776922,0.75
113.24993798799915,11.982898537084473,14.136664554452516,0.42680933526679216,-0.22313680513477746,0.6581281874839153,-0.7843550816881406,2.117418922611268,0.1119433344022668,0.1119433344022668,0.0,0.75
113.27692769399982,11.997642450248636,14.127841746100783,0.44231739492484484,-0.2646842505519986,0.6377075985815703,-0.7376099463469913,2.102541897281122,0.10530457838171525,0.10530457838171525,0.007201640212840198,0.75
113.30394149599852,12.013041333886482,14.11770802777899,0.46196650913541204,-0.30401154965378496,0.6399009256511,-0.7643731480791439,2.0870337918476864,0.10020912719125884,0.10020912719125884,0.014205022852179278,0.75
113.34109046599951,12.02919149727164,14.106385827977109,0.4845049015547063,-0.3396659940564595,0.6337766725441903,-0.78487752833333,2.070818348810688,0.0977768787325132,0.0977768787325132,0.021158719700867086,0.75
113.4419952649987,12.063454941210967,14.079407272382504,0.5232663822892373,-0.42700942963581956,0.6817703586461488,-0.709269167351026,2.036649168833148,0.10101856605274896,0.10101856605274896,0.0028898797499005537,0.8
113.52984761599873,12.081502387069461,14.063678006941068,0.5414233757548246,-0.47187796324310055,0.6528837484126019,-0.6219134665349325,2.018824385771594,0.10265776714566453,0.10265776714566453,0.0034082516128244146,0.8
113.56348452099883,12.10025242632377,14.046725077743027,0.5625011776292563,-0.5085878759412165,0.6139721392433691,-0.5659875249922078,2.0004570917081557,0.10392851585299012,0.10392851585299012,0.002137502905498827,0.8321658488546619
113.58089049199953,12.10025242632377,14.046725077743027,0.5625011776292563,-0.5085878759412165,0.6139721392433691,-0.5659875249922078,2.0004570917081557,0.10392851585299012,0.10392851585299012,0.00011431359030287127,0.8321658488546619
113.60602041899983,12.119788205674354,14.028955195667212,0.5860733805175303,-0.5330964622744137,0.576509717522514,-0.5294895788184746,1.9814858350765665,0.10517719379085809,0.10517719379085809,0.0004888577953138134,0.8321658488546619
113.66908902099931,12.14006947628844,14.010583794913236,0.6084381184226041,-0.5511420226192976,0.5183548961608495,-0.4910846261797627,1.9619691423435757,0.10652767572012606,0.10652767572012606,0.0004616569616371097,0.8321658488546619
113.7251352409985,12.14006947628844,14.010583794913236,0.6084381184226041,-0.5511420226192976,0.467052718991982,-0.47824044927670006,1.9619691423435757,0.10652767572012606,0.10652767572012606,0.0010357076308126188,0.8321658488546619
113.73698501199942,12.161120244495788,13.991871630109257,0.6315230462204301,-0.5613649441193946,0.467052718991982,-0.47824044927670006,1.9418924920497795,0.10818131804515359,0.10818131804515359,0.0023655165382529333,0.8200609733428363
113.76791781599968,12.161120244495788,13.991871630109257,0.6315230462204301,-0.5613649441193946,0.4108811656936405,-0.44424483998962133,1.9418924920497795,0.10818131804515359,0.10818131804515359,0.0023655165382529333,0.8200609733428363
113.8080151209997,12.182926874179243,13.97297866156634,0.6541988905036378,-0.5667890562874887,0.4238864098681331,-0.46351893707612946,1.9212766042820708,0.11024158759570854,0.11024158759570854,0.0027179975426141604,0.8200609733428363
113.8425887859994,12.205241628616605,13.953818523738224,0.6694426331208425,-0.5748041348435128,0.3949479509471003,-0.44982361637404245,1.9003889891097365,0.11247223839214994,0.11247223839214994,0.005618871202841821,0.8514693182963202
113.9211790929985,12.251375280875985,13.915277253119408,0.6998967163841744,-0.5767135213447749,0.2990718272148778,-0.370734534421817,1.8578309517745293,0.11784086293554859,0.11784086293554859,0.018006707658002833,0.848528137423857
113.96222237499933,12.274955714767723,13.8963306880759,0.7074130167521212,-0.5683969513052595,0.2516580961924001,-0.2830428039193992,1.836373554503176,0.12111750302126043,0.12111750302126043,0.02030385532339151,0.8139410298049854
113.96835352199923,12.274955714767723,13.8963306880759,0.7074130167521212,-0.5683969513052595,0.2516580961924001,-0.2830428039193992,1.836373554503176,0.12111750302126043,0.12111750302126043,0.02030385532339151,0.8139410298049854
114.04336288499871,12.321671154442209,13.859912195287142,0.6973207490143487,-0.5379125799984912,0.1388832391694501,-0.285236851027766,1.794462492479223,0.12839854398967726,0.12839854398967726,0.017325906452065325,0.8514693182963202
114.10559387299872,12.366772507809667,13.825804366672413,0.6686625092470533,-0.5032286791878191,0.04614656374222861,-0.3279029092356856,1.754782261427413,0.1361721398914743,0.1361721398914743,0.041780063900196965,0.8500000000000001
114.15560206000009,12.38852987975285,13.809555111671637,0.6527211582954898,-0.4874776500232679,-0.0198659723812072,-0.3458059239595938,1.7359401503666154,0.14006696673301863,0.14006696673301863,0.013529695350980475,0.8500000000000001
114.24077434399987,12.4302155473412,13.778593498058799,0.6166080281785418,-0.4569070099639552,-0.14180038886973426,-0.4047428097289008,1.7004359023000912,0.14765001802091357,0.14765001802091357,0.006333384239900835,0.8
114.28006925499903,12.4302155473412,13.778593498058799,0.6166080281785418,-0.4569070099639552,-0.19988729019623344,-0.43944812443381204,1.7004359023000912,0.14765001802091357,0.14765001802091357,0.006333384239900835,0.8
114.3291114779986,12.450170245214661,13.763839680557968,0.5986409362037955,-0.44261452502492593,-0.28681789679286507,-0.4938092776365136,1.6837285945610176,0.15132759580054042,0.15132759580054042,0.025170060067733147,0.75
114.33378496399928,12.450170245214661,13.763839680557968,0.5986409362037955,-0.44261452502492593,-0.28681789679286507,-0.4938092776365136,1.6837285945610176,0.15132759580054042,0.15132759580054042,0.025170060067733147,0.75
114.3687129230002,12.469592613660446,13.749531857914075,0.5826710533735195,-0.4292346793167912,-0.3372885890837205,-0.5393426996895578,1.6676498925277259,0.1549441258197471,0.1549441258197471,0.008657463089717913,0.75
114.46019390699985,12.48842323657491,13.735858113345184,0.5649186874339259,-0.4102123370667344,-0.4248047157644702,-0.6443993419570078,1.6522042785407063,0.15859058946765622,0.15859058946765622,0.017791770318443152,0.75
114.49794501299948,12.506456573477925,13.722890965508784,0.54100010709045,-0.3890144350920401,-0.42177569549026006,-0.7107694635064511,1.6375566787463,0.16217292611143225,0.16217292611143225,0.03483947690730312,0.7000000000000001
114.53872764399966,12.523721044116757,13.710610369333796,0.5179341191649589,-0.36841788524959734,-0.42493510480936225,-0.7793652721426491,1.6236624129512667,0.16569705754139924,0.16569705754139924,0.051170014467940714,0.7000000000000001
114.5882339009986,12.539892616558266,13.698802704900293,0.48514717324525214,-0.35422993300506445,-0.48152174835699724,-0.7685275779665065,1.6108675667058214,0.16878280648633473,0.16878280648633473,0.0411710447909733,0.7000000000000001
114.62566109699947,12.554624651950459,13.687184165881547,0.4419610617658002,-0.3485561705623947,-0.5288137195030773,-0.7188620085311102,1.599563027597898,0.1709843808851983,0.1709843808851983,0.05986298498270503,0.65
114.66112305699971,12.567625438379032,13.675460299482461,0.39002359285720434,-0.35171599197255,-0.5479882922660729,-0.692215672041537,1.5900961462812786,0.1718872996970822,0.1718872996970822,0.077165731944891,0.65
114.6860087519999,12.567625438379032,13.675460299482461,0.39002359285720434,-0.35171599197255,-0.5729341196580546,-0.6293253631585007,1.5900961462812786,0.1718872996970822,0.1718872996970822,0.03624882476485022,0.65
114.72601690899864,12.578941227765341,13.663516262140133,0.3394736815892651,-0.3583211202698615,-0.5870148902664852,-0.5623414417191513,1.5824467896293155,0.17144306130711448,0.17144306130711448,0.05262523938931649,0.65
114.7877994419996,12.588580746414147,13.651161461838242,0.28918555946414526,-0.3706440090567066,-0.5997384054596712,-0.4620249544312609,1.5766560162093697,0.16952306723738658,0.16952306723738658,0.03168847209278005,0.65
114.82471410299877,12.596608583742476,13.638250239382911,0.24083511984987496,-0.3873366736599526,-0.5965571838544669,-0.3940088389102817,1.572704228997538,0.1661751290042842,0.1661751290042842,0.046152838810550836,0.65
114.8554915249988,12.596608583742476,13.638250239382911,0.24083511984987496,-0.3873366736599526,-0.5876247824854108,-0.36126957443472413,1.572704228997538,0.1661751290042842,0.1661751290042842,0.046152838810550836,0.65
114.88577035399976,12.603084236196803,13.624652113517557,0.1942695736297937,-0.4079437759605963,-0.5601226285028081,-0.29913293481055825,1.5705770968360107,0.16228378694012405,0.16228378694012405,0.05987472280800491,0.6000000000000001
114.93551086499974,12.603084236196803,13.624652113517557,0.1942695736297937,-0.4079437759605963,-0.5673117784488233,-0.23134110611277736,1.5705770968360107,0.16228378694012405,0.16228378694012405,0.01447866921665283,0.6000000000000001
114.96676090399887,12.60819237699492,13.610383184480202,0.15324422394349363,-0.42806787112064687,-0.5631534660759805,-0.22364951647975456,1.570100191101133,0.15821002985548607,0.15821002985548607,0.028554793948458702,0.6000000000000001
115.01137918899985,12.611976591511663,13.595130059376523,0.11352643550230893,-0.45759375311040285,-0.5463778570425641,-0.2320603748830677,1.5713393399117839,0.15388545303864473,0.15388545303864473,0.022274378636962362,0.6000000000000001
115.04507242399995,12.614610071063566,13.578766377989373,0.07900438655710289,-0.4909104416144994,-0.5375405217049062,-0.2983053897615301,1.5741879588219758,0.14960521972110477,0.14960521972110477,0.032622793552972686,0.6000000000000001
115.08227222999994,12.616260402377229,13.561263950958752,0.04950993940987505,-0.5250728109186353,-0.5207491125768892,-0.3281904027415701,1.5785182051817948,0.14584069488141482,0.14584069488141482,0.042676092773519525,0.6000000000000001
115.1266771039991,12.616548735313716,13.542946218817749,0.008649988094584525,-0.5495319642301159,-0.5014956538407787,-0.40554725897238536,1.5845935030249174,0.14268164345701068,0.14268164345701068,0.022806780653531252,0.6000000000000001
115.16297563199987,12.615338460480846,13.524130446987257,-0.03630824498607357,-0.5644731549147255,-0.43993356595209776,-0.3910368619940214,1.592433869589089,0.14033827458885995,0.14033827458885995,0.03299254352681716,0.6000000000000001
115.2034845119997,12.61263203313719,13.505163996266212,-0.08119282030966046,-0.5689935216313562,-0.38392991309797947,-0.3684707072380033,1.6019030370742136,0.1376318472452045,0.1376318472452045,0.0420631138989885,0.6000000000000001
115.24942025999917,12.608552752873296,13.48624861251328,-0.12237840791683297,-0.5674615125879648,-0.3621566098013221,-0.3321300323030698,1.6127943627765122,0.1335525669813098,0.1335525669813098,0.018793959739901025,0.6000000000000001
115.28292721700018,12.608552752873296,13.48624861251328,-0.12237840791683297,-0.5674615125879648,-0.297302193412468,-0.3119388297432833,1.6127943627765122,0.1335525669813098,0.1335525669813098,0.018793959739901025,0.6000000000000001
115.33840124000017,12.608552752873296,13.48624861251328,-0.12237840791683297,-0.5674615125879648,-0.30606185103845385,-0.29259310088071006,1.6127943627765122,0.1335525669813098,0.1335525669813098,0.0,0.6000000000000001
115.36702756299928,12.60326782823621,13.467705257717556,-0.15854773911258024,-0.5563006438717569,-0.2543055176221311,-0.33669872372545245,1.6248088611005218,0.12826764234422328,0.12826764234422328,0.004274035786024286,0.6000000000000001
115.45924775200001,12.589745916538966,13.432522489811012,-0.2164889320713559,-0.5190881729165004,-0.14793453976933502,-0.4195271934035356,1.6511794642675328,0.11474573064698035,0.11474573064698035,0.008144006901792747,0.65
115.50440575499852,12.581717506849193,13.415706986331925,-0.24085229069317904,-0.5044651043726355,-0.06259052982617713,-0.476178911584505,1.665364421849814,0.1067173209572072,0.1067173209572072,0.011321156584292138,0.65
115.56880619999902,12.572981428427164,13.39931425745152,-0.26208235266084773,-0.49178186641213456,0.011817405528678881,-0.48582522687398916,1.6801030408100144,0.09798124253517848,0.09798124253517848,0.008223847969043178,0.65
115.60002163900026,12.563747094939929,13.383068271162363,-0.27703000461704697,-0.4873795886747128,0.03868984834024125,-0.4654782014928406,1.6953064891398335,0.08874690904794313,0.08874690904794313,0.01603795726121348,0.65
115.63860649900016,12.554275606549778,13.367027503835894,-0.2841446517045416,-0.4812230197941011,0.10260957696283907,-0.43950350340468347,1.710705287488203,0.07927542065779214,0.07927542065779214,0.02354706330037294,0.65
115.67369739199967,12.544680647011257,13.35114825246343,-0.28784878615564274,-0.4763775411738996,0.14750750779817637,-0.47278782332803176,1.7262089182859348,0.06968046111927073,0.06968046111927073,0.0012031071272386306,0.7000000000000001
115.70725441499962,12.535090427169685,13.33555655318036,-0.2877065952471604,-0.46775097849205943,0.17576806996579344,-0.5359088791383516,1.7416416837344726,0.06009024127769891,0.06009024127769891,0.0022457449703129225,0.7000000000000001
115.75451865600007,12.525788940198916,13.320175318359809,-0.279044609123048,-0.4614370446165794,0.19740989907743386,-0.6001388880890806,1.7567774460344356,0.05078875430693053,0.05078875430693053,0.0007887535618724684,0.7000000000000001
115.80967467399933,12.517059995370694,13.304845510212958,-0.26186834484669014,-0.45989424440548404,0.2113894899209445,-0.6993575326487431,1.7714315456388137,0.04205980947870813,0.04205980947870813,0.012737572069120816,0.7000000000000001
115.86140981799872,12.50911840197858,13.289444779719501,-0.23824780176344904,-0.462021914803695,0.21478527120273072,-0.8016130983867948,1.7854702529157847,0.03411821608659338,0.03411821608659338,0.01803990580381567,0.7000000000000001
115.89103508699918,12.50911840197858,13.289444779719501,-0.23824780176344904,-0.462021914803695,0.21478527120273072,-0.8016130983867948,1.7854702529157847,0.03411821608659338,0.03411821608659338,0.0,0.7000000000000001
115.91750052199859,12.50214845269795,13.273963979197106,-0.20909847841884835,-0.46442401567187186,0.2094160171267711,-0.8550388752312368,1.7987398574778488,0.027148266805964383,0.027148266805964383,0.010471748351360348,0.7000000000000001
115.94582149300004,12.50214845269795,13.273963979197106,-0.20909847841884835,-0.46442401567187186,0.20228865711337035,-0.7913937400212754,1.7987398574778488,0.027148266805964383,0.027148266805964383,0.010471748351360348,0.7000000000000001
116.01144284699876,12.496298055865338,13.258535984753328,-0.17551190497836158,-0.4628398333133284,0.19100730690808787,-0.7348127745056285,1.8110553869432993,0.02129786997335259,0.02129786997335259,0.011826185527057777,0.75
116.07453656699909,12.491713526821728,13.242945899992664,-0.13753587130831135,-0.4677025428199263,0.17733049462788664,-0.6336266462761762,1.8223959806111256,0.016713340929742415,0.016713340929742415,0.02257383117255023,0.75
116.12653913599934,12.48841886653089,13.227066290080822,-0.0988398087251279,-0.4763882973552569,0.17977413589935473,-0.5335701921532283,1.832813959917055,0.013418680638904945,0.013418680638904945,0.0005937211830086104,0.75
116.16661092199865,12.486369878125895,13.210846651806413,-0.061469652149854115,-0.48658914823227967,0.19941471334143912,-0.46809507817863716,1.8423886253511503,0.01136969223390949,0.01136969223390949,0.002478276248522103,0.75
116.21480147999864,12.486369878125895,13.210846651806413,-0.061469652149854115,-0.48658914823227967,0.2195340436959834,-0.4023801656579051,1.8423886253511503,0.01136969223390949,0.01136969223390949,0.002063763772144603,0.75
116.23572515199885,12.485540823238713,13.194249057568872,-0.02487164661545,-0.4979278271262522,0.21606305420811245,-0.3764483170143609,1.8511788684899166,0.010540637346727166,0.010540637346727166,0.00540318480873454,0.7516648189186454
116.27907556099854,12.485900644758475,13.17724354156187,0.010794645592852793,-0.5101654802100348,0.21219635096567613,-0.39545318722372547,1.8592461402892262,0.009294073013629247,0.009294073013629247,0.009995667268403511,0.7516648189186454
116.3027159129997,12.487391697020842,13.159880699863544,0.04473156787098253,-0.5208852509497554,0.21219635096567613,-0.39545318722372547,1.866635968079041,0.001928976926102382,0.001928976926102382,0.012391511128855726,0.7516648189186454
116.33992991000014,12.48985174697888,13.141879083996034,0.07380149874113787,-0.5400484760253011,0.17529299223227893,-0.43970635693137855,1.8736523387200839,0.012918523570947062,0.012918523570947062,0.012142500432348996,0.7566372975210779
116.3728744479995,12.493318527323142,13.123207675980407,0.10400341032784169,-0.5601422404688171,0.14756146489982316,-0.46388159394163353,1.8803054536182875,0.023669818902786733,0.023669818902786733,0.01831834143115607,0.7566372975210779
116.40092906999962,12.497659802843197,13.10406414045519,0.13023826560164228,-0.5743060657564767,0.1541430541285199,-0.4463229305831756,1.886632540732763,0.027340383793847067,0.027340383793847067,0.022659616951210992,0.7566372975210779
116.43754813699888,12.502818973938549,13.08483651739185,0.15477513286057465,-0.5768286919001887,0.17570414286063735,-0.43598032081556026,1.892496796940966,0.022181212698495045,0.022181212698495045,0.015890985764202264,0.7158910531638177
116.47337768599937,12.508730777890205,13.065904463683474,0.1773541185496731,-0.5679616112512759,0.13571861103518332,-0.3813083305988537,1.8977595515406247,0.016269408746838465,0.016269408746838465,0.01741947715992236,0.7158910531638177
116.51199644000008,12.51521703588377,13.047558005267502,0.19458773980694605,-0.5503937524791502,0.1801416081000075,-0.3283330933555987,1.9024119416229333,0.009783150753273517,0.009783150753273517,0.009033049015007373,0.7280109889280518
116.54723209599979,12.522013699287621,13.029797562531929,0.2038999021155141,-0.5328132820671883,0.24608581638428498,-0.3293123133246426,1.906665681864164,0.0029864873494229727,0.0029864873494229727,0.0010020145939829473,0.7280109889280518
116.57004723599857,12.528992327880658,13.01256298658967,0.20935885779112745,-0.5170372782677746,0.281452865878519,-0.3328728684957841,1.9106502463801716,0.0039921412436143555,0.0039921412436143555,0.0039921412436143555,0.7280109889280518
116.68492024099942,12.543109897562397,12.979447994987357,0.21183524966735107,-0.49030568525874274,0.36038140852691736,-0.3214518806700208,1.9182136447763116,0.018109710925353184,0.018109710925353184,0.017538231138349156,0.7433034373659253
116.7069014439985,12.543109897562397,12.979447994987357,0.21183524966735107,-0.49030568525874274,0.36038140852691736,-0.3214518806700208,1.9182136447763116,0.018109710925353184,0.018109710925353184,0.017538231138349156,0.7433034373659253
116.71703067199996,12.550152301295412,12.963592276790905,0.21127211199045792,-0.475671545893547,0.3406332604682707,-0.2933632789883793,1.9218351652910255,0.02515211465836842,0.02515211465836842,0.02515211465836842,0.696419413859206
116.76698434199898,12.557234678762324,12.94827896699603,0.21247132400735688,-0.4593992938462351,0.3267696568147281,-0.27172072707477685,1.9252496394694687,0.03223449212527996,0.03223449212527996,0.002335093220307515,0.7158910531638177
116.8749234019997,12.572144288318018,12.91912509753672,0.22887508528299552,-0.43061992177298974,0.4521154066510785,-0.4329457621545701,1.9310123280256177,0.029181594433965383,0.029181594433965383,0.007620860389905923,0.7158910531638177
116.88867196499996,12.580144617053618,12.905217767969441,0.24000986206799527,-0.4172198870183386,0.47336305181583144,-0.4599736072200179,1.9332524323137463,0.025004714089411018,0.025004714089411018,0.012119223536278362,0.7158910531638177
116.91592200499872,12.58861259677042,12.891740278829332,0.25403939150407046,-0.40432467420328294,0.49382905602572086,-0.48606767363329606,1.9349892600333665,0.021462456005771846,0.021462456005771846,0.017173347547748418,0.73824115301167
116.99148744599916,12.607176102706111,12.86616472698348,0.28575321493846323,-0.3761919383648006,0.5736982995854083,-0.5958784803612468,1.9367169822334562,0.016504190792705903,0.016504190792705903,0.004055737175742468,0.6946221994724903
117.00032044,12.607176102706111,12.86616472698348,0.28575321493846323,-0.3761919383648006,0.5736982995854083,-0.5958784803612468,1.9367169822334562,0.016504190792705903,0.016504190792705903,0.004055737175742468,0.6946221994724903
117.05049414799942,12.617167132968438,12.854130734933078,0.2997309078698008,-0.36101976151206533,0.6243570105565918,-0.6842656488662628,1.9367456046645448,0.015059598658653507,0.015059598658653507,0.007067168291853477,0.6946221994724903
117.07998512599988,12.627493187474606,12.842594082006828,0.3097816351850077,-0.34609958778749395,0.6158354626058493,-0.7114156522301661,1.936322792185731,0.014203576306519899,0.014203576306519899,0.010610816267997822,0.7211102550927979
117.11665393699877,12.638129832396745,12.83154901138565,0.3190993476641417,-0.331352118635316,0.574002351199276,-0.6896885958173185,1.9354669455831812,0.013914775725118657,0.013914775725118657,0.013914775725118657,0.7211102550927979
117.13371087399901,12.638129832396745,12.83154901138565,0.3190993476641417,-0.331352118635316,0.5485089604401608,-0.6671371732926068,1.9354669455831812,0.013914775725118657,0.013914775725118657,0.013914775725118657,0.7211102550927979
117.21408039099879,12.649060046689348,12.820947966823615,0.32790642877807724,-0.31803133686103624,0.49457612472663676,-0.6245143522842407,1.934218408475568,0.014147533873764688,0.014147533873764688,0.003365969561046879,0.7211102550927979
117.29053770700011,12.671950101909053,12.800802053163952,0.35026661121728864,-0.29931101590466125,0.4671916903700993,-0.5898844180275306,1.93060659288747,0.016087934979406054,0.016087934979406054,0.011537252261835738,0.6800735254367722
117.3292190889988,12.684179216644038,12.790831302617994,0.3668734420495926,-0.2991225163787817,0.4290059978952511,-0.593541994435729,1.9283337804404057,0.017684839611855765,0.017684839611855765,0.015776094071713636,0.7106335201775948
117.35490922099962,12.697051184809876,12.780496536753153,0.38615904497512865,-0.3100429759452243,0.3997688504306733,-0.5764869462325183,1.925968527147781,0.019478912564133224,0.019478912564133224,0.019478912564133224,0.7106335201775948
117.42534177999914,12.697051184809876,12.780496536753153,0.38615904497512865,-0.3100429759452243,0.3961245149589814,-0.580192321737954,1.925968527147781,0.019478912564133224,0.019478912564133224,0.0,0.7106335201775948
117.45476104899899,12.710624916487436,12.769510303834506,0.40721195032679947,-0.3295869875593844,0.35153404977616765,-0.5492225164936765,1.923685513354012,0.021308550482872664,0.021308550482872664,0.007181536535666893,0.6726812023536856
117.49306644599892,12.710624916487436,12.769510303834506,0.40721195032679947,-0.3295869875593844,0.33793751438760006,-0.5221309814424235,1.923685513354012,0.021308550482872664,0.021308550482872664,0.007181536535666893,0.6726812023536856
117.53877092599942,12.724965561776578,12.757801197284692,0.43021935867425165,-0.3512731964943993,0.34089063486147075,-0.521367897790434,1.921514333100538,0.023169329370406496,0.023169329370406496,0.010047955056626928,0.6726812023536856
117.56509801599896,12.740100166018106,12.745392672039147,0.4540381272458348,-0.37225575736638805,0.28929301353679526,-0.47664197502833083,1.919450070053718,0.02509695831451573,0.02509695831451573,0.02063648643795831,0.7071067811865476
117.60325368699887,12.7560745752103,12.73237748735408,0.47923227576582494,-0.39045554055198706,0.24255758561095625,-0.4281459707721975,1.917427152329942,0.027189446030559467,0.027189446030559467,0.027189446030559467,0.6726812023536856
117.6386919029992,12.772760673361743,12.718868869965693,0.5005829445432997,-0.40525852165161597,0.230956898979958,-0.39489865468857344,1.9154862120425231,0.029436264225205556,0.029436264225205556,0.029436264225205556,0.6726812023536856
117.66821149899988,12.790130337018653,12.704981229943849,0.5210899097072984,-0.4166292006553262,0.2873974768343609,-0.35740594107368484,1.9135924077001987,0.031898426749812164,0.031898426749812164,0.0007328511517865949,0.6726812023536856
117.73209727299945,12.80816198582127,12.690823920119248,0.5409494640785326,-0.424719294738006,0.3423447995892332,-0.27190962283276326,1.911706745027941,0.034637998113783285,0.034637998113783285,0.0013885666003160867,0.6800735254367722
117.76761188099954,12.826380713109309,12.676441338508216,0.5465618186411713,-0.43147744833096724,0.36005250121552146,-0.2069222714521689,1.9101375213968839,0.037350562735613824,0.037350562735613824,0.0019956836600803387,0.6800735254367722
117.86348789099975,12.87951616723541,12.633669041715063,0.5176824250567028,-0.41923142182436873,0.38045651564710287,-0.09108261058827022,1.907801683945311,0.044678421560244694,0.044678421560244694,0.009236601164792907,0.6946221994724903
117.88309468999978,12.896308705477205,12.620114690589313,0.5037761472538441,-0.4066305337725118,0.35146026519462464,-0.06726318999481656,1.9075988209053614,0.04696816562875099,0.04696816562875099,0.011612826042588007,0.6946221994724903
118.05251742799919,12.928664629089003,12.594583702923924,0.4797467236755229,-0.37474653208341563,0.25041119686748714,0.05735153951471664,1.9074340823864524,0.05179412411762014,0.05179412411762014,0.01360137818929162,0.7158910531638177
118.08843106399945,12.944326903111211,12.582666410625377,0.4698682206662719,-0.35751876895640455,0.2438760947599319,0.09148707850210816,1.9073231315949062,0.054442226089840985,0.054442226089840985,0.0064311705476508,0.7158910531638177
118.17659644699961,12.95971184339105,12.571332574569869,0.4615482083951707,-0.34001508166523337,0.312130092518576,0.1349219274814919,1.9071133101296893,0.046332387932825014,0.046332387932825014,0.012954888679105103,0.696419413859206
118.224084518999,12.989830889946813,12.55041605924095,0.4489436668277828,-0.305020466546681,0.3144785219752992,0.14106918302993499,1.9062229256764882,0.02541587260390621,0.02541587260390621,0.025029187268779528,0.696419413859206
118.27762919699853,12.989830889946813,12.55041605924095,0.4489436668277828,-0.305020466546681,0.3802771022966556,0.16070119373833963,1.9062229256764882,0.02541587260390621,0.02541587260390621,0.025029187268779528,0.696419413859206
118.30517997499919,13.004641857350107,12.540825788296436,0.4443290220988356,-0.2877081283354035,0.44588228057253143,0.16730765671040543,1.9054746608419784,0.015825601659392063,0.015825601659392063,0.0009022562663539993,0.7280109889280518
118.3438113129996,13.019223339330004,12.532100578012775,0.43744445939690985,-0.26175630850984083,0.5165596653006901,0.16962982901102525,1.9043074299379443,0.007100391375731263,0.007100391375731263,0.002371232990864539,0.7280109889280518
118.37708160699913,13.033583790825926,12.524237881094617,0.43081354487766343,-0.23588090754474939,0.5483082916778889,0.17098754450257372,1.9027006560587463,0.0007623055424268443,0.0007623055424268443,0.0007623055424268443,0.7280109889280518
118.41327262300001,13.047668571042195,12.51750322906957,0.42254340648808975,-0.2020395607514156,0.6164017477234824,0.17334898235489532,1.900446649179506,0.0074969575674739275,0.0074969575674739275,0.006992710477866886,0.7280109889280518
118.46526840499973,13.061395044851874,12.511861880433694,0.4117942142904063,-0.16924045907628832,0.7179984188313533,0.17041563439097196,1.897599256871124,0.013138306203350325,0.013138306203350325,0.012885708882855354,0.7158910531638177
118.50281050800004,13.07475505744604,12.507266476715687,0.4008003778249919,-0.13786211154020048,0.7858254461044465,0.16602084084530844,1.8941824802341856,0.017733709921357033,0.017733709921357033,0.017726195595279926,0.7158910531638177
118.55121389399937,13.087825153924433,12.50376138273002,0.3921028943517712,-0.10515281957004083,0.8524241085019002,0.15400400085923865,1.8900993736552787,0.021238803907024817,0.021238803907024817,0.007655286814882815,0.7158910531638177
118.591974044999,13.100734011481528,12.501280831911767,0.3872657267128319,-0.07441652454753289,0.9169334532254316,0.12912825189068516,1.8853210586588502,0.02371935472527653,0.02371935472527653,0.014290776210365494,0.7071067811865476
118.64609309099978,13.127213686646186,12.49919035635731,0.4039462498934525,-0.017758527990509462,0.9126437545180552,0.08231271859294104,1.873207069874534,0.025809830279733603,0.025809830279733603,0.023508307000596532,0.7566372975210779
118.6984180290001,13.127213686646186,12.49919035635731,0.4039462498934525,-0.017758527990509462,0.8463405379946107,0.06051937341776292,1.873207069874534,0.025809830279733603,0.025809830279733603,0.023508307000596532,0.7566372975210779
118.73427519500001,13.141417452242715,12.499446326984728,0.4261129678958755,0.007679118822555505,0.7825118672132623,0.043524289425806884,1.8656507071441653,0.025553859652315936,0.025553859652315936,0.025553859652315936,0.7566372975210779
118.7881889399996,13.156503224357513,12.500525303892571,0.4525731634439304,0.03236930723531606,0.6856848672719501,0.010610603704453853,1.8570152043361734,0.024474882744472737,0.024474882744472737,0.014419451833049692,0.70178344238091
118.81253279999873,13.156503224357513,12.500525303892571,0.4525731634439304,0.03236930723531606,0.6856848672719501,0.010610603704453853,1.8570152043361734,0.024474882744472737,0.024474882744472737,0.014419451833049692,0.70178344238091
118.85494938000011,13.172666349728013,12.5023398114768,0.48489376111498766,0.05443522752686385,0.5868664090427178,-0.01264298697250836,1.8472860571440346,0.022660375160244328,0.022660375160244328,0.0037298431954217812,0.70178344238091
118.88801707399944,13.190030125268331,12.504769770369318,0.5209132662095137,0.07289876677554424,0.6537297359505841,-0.024777620957830107,1.8365197136014428,0.020230416267725815,0.020230416267725815,0.0072841147107587535,0.70178344238091
118.92567886500001,13.208571838828442,12.507818392759647,0.5562514068033398,0.09145867170989308,0.7137357133498989,-0.056397822081509785,1.8247428413242714,0.0171817938773966,0.0171817938773966,0.010652147499309896,0.7000000000000001
118.9630105139986,13.228281005792592,12.511380685300402,0.591275008924496,0.10686877622266056,0.7127909624394368,-0.09040417025698064,1.812072110016208,0.013619501336641804,0.013619501336641804,0.0014865908915530268,0.7000000000000001
118.98783027999889,13.228281005792592,12.511380685300402,0.591275008924496,0.10686877622266056,0.7372239166869308,-0.11055974367228619,1.812072110016208,0.013619501336641804,0.013619501336641804,0.0014865908915530268,0.7000000000000001
119.04855867799961,13.249083954268656,12.515424609216977,0.624088454281929,0.12131771749722584,0.7576956546836557,-0.10308950141526663,1.7985931407514697,0.009575577420067205,0.009575577420067205,0.002780790005381328,0.7000000000000001
119.07942006899975,13.270820203871226,12.519977916861734,0.6520874880771134,0.13659922934269605,0.7271421377895678,-0.11620131780043191,1.7843791406292384,0.005022269775309951,0.005022269775309951,0.0036517214422851075,0.7000000000000001
119.10838044799857,13.29328149857178,12.524915982516788,0.6738388410165888,0.14814196965160073,0.6595653230154298,-0.13015374329634524,1.7696565776098048,8.420412025600399e-05,8.420412025600399e-05,8.420412025600399e-05,0.7000000000000001
119.14973937600007,13.316231252686867,12.530205341244441,0.6884926234526125,0.1586807618296091,0.5918047610898308,-0.13427877124505755,1.7545793569748496,0.005205154607397233,0.005205154607397233,0.005205154607397233,0.7000000000000001
119.19156334599938,13.33945591029291,12.535748018454422,0.6967397281813195,0.16628031629940385,0.52535581346197,-0.1288654782010735,1.7393422820588396,0.010747831817377929,0.010747831817377929,0.007570046753763947,0.7000000000000001
119.20099838299939,13.33945591029291,12.535748018454422,0.6967397281813195,0.16628031629940385,0.49196815724838666,-0.12197550102074198,1.7393422820588396,0.010747831817377929,0.010747831817377929,0.007570046753763947,0.7000000000000001
119.25954520399864,13.362667752191163,12.541415647517049,0.696355256947545,0.1700288718787883,0.42502457486837986,-0.10799580177952209,1.72419373257866,0.016415460880004673,0.016415460880004673,0.015263427466831566,0.70178344238091
119.31876757999999,13.385790188636397,12.547095090920418,0.6936730933570148,0.17038330210107688,0.3320475297269973,-0.10475803846373898,1.709271573300011,0.02209490428337446,0.02209490428337446,0.011380773787498879,0.70178344238091
119.34847629099932,13.408943116916442,12.552684321371848,0.6945878484013531,0.16767691354285738,0.2822734032365622,-0.1059006722556613,1.6946225022068075,0.027684134734803578,0.027684134734803578,0.022682074483282463,0.6576473218982953
119.38057006099916,13.432197793026019,12.55799003386755,0.6976402832872903,0.15917137487110497,0.25553808365273467,-0.08489607940410954,1.6804030835758175,0.0329898472305068,0.0329898472305068,0.0329898472305068,0.6576473218982953
119.41885122299936,13.455258479256873,12.56282152651414,0.6918205869256188,0.1449447793976678,0.2722722391618474,-0.04655190013897093,1.6669161010436238,0.03782133987709635,0.03782133987709635,0.005219572395655478,0.6670832032063168
119.50420008799847,13.47793037605231,12.567129526484418,0.6801569038631146,0.12923999910831907,0.3567374848814181,0.09701602757529222,1.6542861014994663,0.042129339847374325,0.042129339847374325,0.007870660897683734,0.6670832032063168
119.53208489200006,13.500052830071725,12.570923697209562,0.6636736205824357,0.11382512175427731,0.36443726566435364,0.13007980765450977,1.6425623112869177,0.045923510572517756,0.045923510572517756,0.0002757759084974236,0.6800735254367722
119.58985668700006,13.521546954121217,12.574246216523399,0.6448237214847286,0.09967557941510975,0.3739768703633779,0.23186329655788585,1.6317268564559462,0.04924602988635485,0.04924602988635485,0.00014869675312596022,0.6800735254367722
119.6130050619995,13.521546954121217,12.574246216523399,0.6448237214847286,0.09967557941510975,0.3739768703633779,0.23186329655788585,1.6317268564559462,0.04924602988635485,0.04924602988635485,0.00014869675312596022,0.6800735254367722
119.6343952319985,13.542287351670918,12.577130008164158,0.6222119264910342,0.08651374922275276,0.35068952124485736,0.2913965481442673,1.6217818626869445,0.05212982152711376,0.05212982152711376,0.0039033478994269784,0.6800735254367722
119.67766411399862,13.561982960668592,12.57959833815619,0.5908682699302034,0.07404989976097695,0.31895671899171885,0.3525293298289278,1.6127875086161696,0.05459815151914604,0.05459815151914604,0.005298344785967259,0.696419413859206
119.73386881700026,13.58065370627212,12.581731402778994,0.560122368105836,0.06399193868408873,0.29230054080769047,0.4306172945892285,1.6046370636740028,0.05673121614194976,0.05673121614194976,0.0034861365373754748,0.696419413859206
119.75333668099847,13.598387207121032,12.583630504665074,0.5320050254673776,0.056973056582401496,0.26477916199548235,0.4134019195284838,1.597182469338471,0.05863031802802965,0.05863031802802965,0.006670724496038599,0.696419413859206
119.77521206599886,13.615253552372993,12.585347383065772,0.5059903575588303,0.05150635202095539,0.26477916199548235,0.4134019195284838,1.5903306789698513,0.04956383459258904,0.04956383459258904,0.009610466545910244,0.7158910531638177
119.84121248100018,13.631373843915581,12.58705327843605,0.4836087462776293,0.0511768611083351,0.23730033230820147,0.4544073630864477,1.5838618173494683,0.03937131731243954,0.03937131731243954,0.004431711564827705,0.7158910531638177
119.87027354899874,13.646923444284386,12.589071408429545,0.4664880110641789,0.06054389980483918,0.20244826220851642,0.42269744214631016,1.5773977222514939,0.0298031228506325,0.0298031228506325,0.009073692869126,0.7158910531638177
119.90855532999922,13.661974653016387,12.591511100263906,0.4515362619599995,0.0731907550308254,0.2514348933343383,0.455055852900939,1.5707975570477326,0.020885433731263187,0.020885433731263187,0.014046005103039865,0.73824115301167
119.94936190599947,13.676573889862265,12.594407828416239,0.43797710537637924,0.08690184456999447,0.2845662674476496,0.47930565051315877,1.5640004660743156,0.012610510477162563,0.012610510477162563,0.012610510477162563,0.73824115301167
120.03443807099939,13.704533538080366,12.60164101745075,0.41341749740532663,0.11578789721972307,0.38550148326713674,0.5707033304318959,1.5496687914161718,0.0020453093615404776,0.0020453093615404776,0.011024377416971924,0.7211102550927979
120.07582447099958,13.717799416194342,12.606290367374944,0.39797634341928945,0.13948049772586912,0.4336515518485891,0.6175359913078897,1.5418319470221984,0.008138114874820128,0.008138114874820128,0.011972038212149058,0.7211102550927979
120.10783763899963,13.730400535859664,12.61195509243927,0.3780335899596586,0.16994175192976144,0.4831840701946191,0.664136933553312,1.5332584292317593,0.01304288653416948,0.01304288653416948,0.013912963366948514,0.7211102550927979
120.14645032299995,13.742282227641567,12.618517838399256,0.3564507534571264,0.19688237879956938,0.5376771048019583,0.7061587847299926,1.524057544780475,0.016803949193611275,0.016803949193611275,0.016803949193611275,0.7211102550927979
120.17651951999869,13.753682224401155,12.626014084499564,0.3419999027876285,0.2248873830092558,0.5697948963302708,0.7162520347749545,1.514123667600962,0.019564317756849504,0.019564317756849504,0.010887172035200583,0.75
120.20759263599939,13.764721050332179,12.634448006531493,0.3311647779307477,0.25301766095786593,0.5727227057083527,0.6694518183462526,1.503414320688037,0.021406262968239453,0.021406262968239453,0.015028196995468103,0.75
120.26551070999994,13.77551084294574,12.643884439626085,0.32369377840686014,0.2830929928377696,0.5401515625907013,0.6038503666335888,1.4918330128432016,0.02236323266148594,0.02236323266148594,0.018386944018169957,0.75
120.29955899199922,13.78623994050065,12.654352110791223,0.32187292664729655,0.3140301349541422,0.5116926801273979,0.5861844362276227,1.479304970082514,0.022548089034474524,0.022548089034474524,0.004503284239153176,0.7106335201775948
120.36190973900011,13.79711377435948,12.665940399891957,0.32621501576486217,0.34764867302200203,0.39848255498800444,0.5104373495098382,1.4656967634353295,0.022042892888069265,0.022042892888069265,0.008048690563186049,0.7106335201775948
120.37471467999967,13.79711377435948,12.665940399891957,0.32621501576486217,0.34764867302200203,0.39848255498800444,0.5104373495098382,1.4656967634353295,0.022042892888069265,0.022042892888069265,0.008048690563186049,0.7106335201775948
120.41585484899952,13.808243583000174,12.678701820778189,0.33389425922082644,0.3828426265869553,0.39526059720127965,0.4737585149546434,1.4509342924887438,0.02088916880498266,0.02088916880498266,0.007578757921923009,0.7433034373659253
120.44959120599924,13.808243583000174,12.678701820778189,0.33389425922082644,0.3828426265869553,0.40411936183727415,0.43429614083847584,1.4509342924887438,0.02088916880498266,0.02088916880498266,0.007578757921923009,0.7433034373659253
120.52601530099855,13.819883157614498,12.692582120976903,0.3491872384297292,0.4164090059614435,0.3544163068843678,0.46884922526585404,1.4350228331221409,0.019304736549482667,0.019304736549482667,0.00477236883820207,0.7433034373659253
120.57274854899879,13.84440561580007,12.7234876617869,0.37294141648670814,0.47850646236783434,0.35188935157529805,0.45861693586667285,1.4000409660032942,0.014791215540878278,0.014791215540878278,0.016192806552433412,0.7071067811865476
120.63249181099854,13.857109519516433,12.74027084686358,0.38111711149085276,0.5034955523004322,0.2879086573723645,0.3878296391754517,1.381252748557852,0.011906728028628837,0.011906728028628837,0.002352335571586627,0.7433034373659253
120.77554979999877,13.882862470921033,12.775848733705502,0.3867632487726427,0.5418358454992545,0.2168274496372293,0.25656131401159255,1.3418365334733742,0.004959449556179461,0.004959449556179461,0.019945781350563598,0.7106335201775948
120.80107850399872,13.895585598791582,12.794254599199125,0.38169383611646296,0.5521759648086751,0.18676638168667928,0.19518623463159734,1.3216490832040226,0.0009411472471999707,0.0009411472471999707,0.029414608707087453,0.7106335201775948
120.85171345699928,13.920254009557086,12.831631165571125,0.365890308474522,0.5608922677483789,0.17178834195408027,0.2584079149056818,1.281041810883145,0.00804487575852756,0.00804487575852756,0.00804487575852756,0.7211102550927979
120.94392366799912,13.932114570168297,12.850292035113007,0.3558168183363219,0.559826086256466,0.12906347795416995,0.3633497693439689,1.260934381739099,0.01285342031756875,0.01285342031756875,0.007262460880655513,0.6946221994724903
120.97369498599983,13.943608822317549,12.868887304400815,0.34482756447753266,0.5578580786342411,0.10445892635528435,0.33985231849194103,1.2410063133289837,0.017874597689563544,0.017874597689563544,0.014700961013037483,0.6946221994724903
121.01380140299989,13.954625522754228,12.887457338199646,0.33050101310035523,0.5571010139649023,0.04393067848688767,0.3095243690635224,1.2212262056311964,0.02321561093050367,0.02321561093050367,0.02241621697019446,0.73824115301167
121.09836837900002,13.97521086033379,12.924582888502043,0.3015751968833122,0.5570543429106913,-0.012294739518348745,0.3606642666394937,1.1820227220239183,0.03491130750908761,0.03491130750908761,0.0003875785514354818,0.7158910531638177
121.1380192380002,13.984788395818796,12.943200043213306,0.2873260645501947,0.5585146413379172,0.0037482992683693026,0.42676603270453384,1.162523055151898,0.04021181316998934,0.04021181316998934,0.0059479439771555264,0.7158910531638177
121.18770434499856,14.00224958556304,12.978853371244481,0.2527306730558806,0.5245550750486638,0.031723242417635064,0.46573285440433204,1.1253998874588806,0.022750623425745076,0.022750623425745076,0.018895094991639157,0.7433034373659253
121.21065860199997,14.00224958556304,12.978853371244481,0.2527306730558806,0.5245550750486638,0.048562296839746805,0.4949916298919477,1.1253998874588806,0.022750623425745076,0.022750623425745076,0.018895094991639157,0.7433034373659253
121.27718600299886,14.0174538447614,13.011983139670217,0.22016096862922008,0.48805725320499393,0.11441355201360702,0.5583995718455275,1.0911436917778299,0.007546364227385638,0.007546364227385638,0.0010125258799293247,0.7280109889280518
121.31791995299864,14.024243965438206,13.027867093579705,0.203703620304193,0.476518617284587,0.10350763426319248,0.6261608198671311,1.074806003798712,0.0007562435505796827,0.0007562435505796827,0.0007562435505796827,0.7280109889280518
121.39119339999888,14.0354295304499,13.058333038597883,0.1568689877815165,0.4543567573002747,0.0680487006820095,0.7561966421950133,1.0436663279107161,0.010429321461113972,0.010429321461113972,0.01069536688253543,0.7158910531638177
121.4004141789992,14.0354295304499,13.058333038597883,0.1568689877815165,0.4543567573002747,0.0680487006820095,0.7561966421950133,1.0436663279107161,0.010429321461113972,0.010429321461113972,0.01069536688253543,0.7158910531638177
121.45616865099873,14.03999543872736,13.073432678734,0.1369772483238141,0.45298920408349225,0.01964781872138488,0.8464868478997069,1.0283195089391108,0.014995229738573812,0.014995229738573812,0.015018447270364657,0.7158910531638177
121.49029323600007,14.043911041742525,13.088508555861985,0.11746809045499884,0.45227631383958455,-0.019679337600875896,0.9012206259982564,1.0130453656193366,0.018910832753739726,0.018910832753739726,0.007969390833226965,0.7158910531638177
121.49939548399925,14.043911041742525,13.088508555861985,0.11746809045499884,0.45227631383958455,-0.019679337600875896,0.9012206259982564,1.0130453656193366,0.018910832753739726,0.018910832753739726,0.007969390833226965,0.7158910531638177
121.62663036199956,14.050573885591128,13.11951776535236,0.09502939313685066,0.47183043334537517,-0.012647066675209456,0.6627123274676845,0.9817272295526845,0.021959983735136832,0.021959983735136832,0.020183356467910557,0.7566372975210779
121.75892443999874,14.05788843507778,13.170300674295488,0.05961805199401727,0.5318187337535979,-0.0003736472783745226,0.5948137590076965,0.9306525775581465,0.008776788003591723,0.008776788003591723,0.013767610010360023,0.7516648189186454
121.78150693199859,14.05932208701462,13.188987053739224,0.04300955810518131,0.5605913833120784,0.0022065197752770827,0.6286140624095725,0.9119206549144424,0.01567812271922442,0.01567812271922442,0.01567812271922442,0.7516648189186454
121.80460838399995,14.05932208701462,13.188987053739224,0.04300955810518131,0.5605913833120784,-0.017497658752114925,0.6625702007205747,0.9119206549144424,0.01567812271922442,0.01567812271922442,0.01567812271922442,0.7516648189186454
121.83810918999916,14.060181875082751,13.20859922907037,0.025793642043966267,0.5883652599343886,0.02289514177645874,0.6847135460356724,0.8922896488729795,0.014818334651092613,0.014818334651092613,0.007040058805710065,0.75
121.8660697059986,14.06047370888181,13.229066397595176,0.008755013971746516,0.6140150557442229,0.03471733049887238,0.7412227193704056,0.8718300680106207,0.014526500852033664,0.014526500852033664,0.014526500852033664,0.75
121.90472255500026,14.06015647277357,13.250318316839053,-0.00951708324718402,0.6375575773162876,0.050857822087142124,0.806769381867185,0.850615347475616,0.01484373696027319,0.01484373696027319,0.01484373696027319,0.75
121.93474282999887,14.05919794431169,13.272265956249042,-0.028755853856445877,0.6584291822996593,0.06089649278913273,0.8397741651527599,0.8287390753021754,0.01580226542215435,0.01580226542215435,0.005218745585924054,0.75
121.99570203099938,14.057568551094489,13.294820644502137,-0.04888179651602177,0.676640647592822,0.0703100441926196,0.9406941329645215,0.8062966094286735,0.017431658639354808,0.017431658639354808,0.011213826508642227,0.75
122.02053104900006,14.057568551094489,13.294820644502137,-0.04888179651602177,0.676640647592822,0.07803971167059698,0.9744244899277861,0.8062966094286735,0.017431658639354808,0.017431658639354808,0.011213826508642227,0.75
122.09033844799887,14.052549445616007,13.340237938082282,-0.08278179303739834,0.6809180157667905,0.08959820902577159,0.906787365286262,0.7612423699721461,0.02245076411783664,0.02245076411783664,0.02245076411783664,0.75
122.14353969399963,14.046028472875856,13.385268605062105,-0.09986469842936993,0.6764578422029015,0.10862684383049553,0.8061257686432768,0.7167662747716166,0.02897173685798826,0.02897173685798826,0.02897173685798826,0.7000000000000001
122.20045360499898,14.04280411017031,13.408174181708349,-0.0967308811663518,0.6871672993872792,0.12489449843029693,0.7397348677448685,0.6941860936869324,0.03219609956353331,0.03219609956353331,0.03219609956353331,0.7000000000000001
122.25555481099946,14.03969012538003,13.43160170239318,-0.0934195437084191,0.7028256205449646,0.15538781127621226,0.6424391868923603,0.6711136753340452,0.035310084353813664,0.035310084353813664,0.035310084353813664,0.7000000000000001
122.28022481199878,14.036647413659168,13.455666827823842,-0.09128135162587958,0.7219537629198619,0.15851088708039682,0.6090632859746515,0.6474401802195028,0.03835279607467612,0.03835279607467612,0.017548123514810436,0.7000000000000001
122.30330153799878,14.036647413659168,13.455666827823842,-0.09128135162587958,0.7219537629198619,0.14241905966352553,0.5806355144441775,0.6474401802195028,0.03835279607467612,0.03835279607467612,0.017548123514810436,0.7000000000000001
122.36601313199935,14.033692656484122,13.480444170405965,-0.0886427152513345,0.7433202774636912,0.17673716079284701,0.4384255998436796,0.6230939654563225,0.04130755324972135,0.04130755324972135,0.03547751484680785,0.7000000000000001
122.40372469700014,14.030749378551414,13.50593447431025,-0.08829833798123035,0.7647091171285433,0.20291929458408076,0.3843507973195983,0.5980882020104178,0.04425083118242945,0.04425083118242945,0.029492774020927138,0.7000000000000001
122.44113579899931,14.027771578025021,13.531987178976156,-0.08933401579180189,0.7815811399771979,0.21136566710180277,0.38461336857116923,0.5725866832091547,0.04722863170882263,0.04722863170882263,0.04470912610411031,0.7000000000000001
122.53167593199942,14.021860447151816,13.585061672470701,-0.08891962956195477,0.7994945766114391,0.2179280829524461,0.33380899618825366,0.5208332467095254,0.05313976258202757,0.05313976258202757,0.050171668374595565,0.7000000000000001
122.5561916939987,14.01883605328081,13.611829200221141,-0.09073181613021705,0.8030258325131835,0.23307119594536985,0.35836143912222845,0.4948720198230709,0.05616415645303441,0.05616415645303441,0.05616415645303441,0.7000000000000001
122.59079485499933,14.015842611755629,13.638609576915771,-0.08980324575541904,0.8034113008388833,0.23731904268507084,0.42546788822208603,0.4690027595973795,0.05915759797821529,0.05915759797821529,0.04642148461455221,0.7000000000000001
122.60161341399908,14.015842611755629,13.638609576915771,-0.08980324575541904,0.8034113008388833,0.23731904268507084,0.42546788822208603,0.4690027595973795,0.05915759797821529,0.05915759797821529,0.04642148461455221,0.7000000000000001
122.65026160999878,14.012967773532987,13.665169948612643,-0.08624514667924567,0.7968111509061645,0.2398891646043217,0.3243105509894356,0.44345437424084166,0.06203243620085708,0.06203243620085708,0.06203243620085708,0.7000000000000001
122.69945184599965,14.01021230256541,13.691385532855804,-0.08266412902728092,0.7864675272948259,0.24871238710466861,0.3921738262625434,0.4183630162551897,0.06478790716843363,0.06478790716843363,0.020782012820166992,0.7000000000000001
122.81807177799965,14.007539012456498,13.717232469150957,-0.08019870326740361,0.7754080888546008,0.2509702329182427,0.1886079279666122,0.39377660784992324,0.06746119727734623,0.06746119727734623,0.024173869317771785,0.7000000000000001
122.8678132369987,14.005094937857855,13.7423444720747,-0.07332223795926021,0.7533600877123029,0.2529636964887236,0.08481217208558495,0.37003303565456,0.06990527187598872,0.06990527187598872,0.04758982073498337,0.7000000000000001
122.90305403299863,14.002873601906947,13.766655285725848,-0.06664007852723364,0.7293244095344602,0.25408910330820195,0.01746363996437021,0.34720633021453645,0.07212660782689717,0.07212660782689717,0.07019202592096045,0.7000000000000001
122.93399666499863,14.001098533497428,13.789968252105965,-0.053252052285537345,0.6993889914034896,0.2587682052359279,0.05087204786785948,0.3254246222684906,0.07390167623641553,0.07390167623641553,0.019241571451051567,0.7000000000000001
122.96944234999864,13.999884308444821,13.812258654306632,-0.03642675157818968,0.6687120660200392,0.2575958107146879,0.11863157600602756,0.3046608503188451,0.07511590128902235,0.07511590128902235,0.037335403322324955,0.65
123.00769349099937,13.999242350520385,13.833591354848384,-0.01925873773310339,0.6399810162525598,0.2486225226639095,0.14885617376767538,0.2848256837790028,0.0757578592134589,0.0757578592134589,0.054324739876294645,0.65
123.04572457499853,13.999216229026375,13.853975479109804,-0.0007836448202955294,0.6115237278426162,0.24523289780861188,0.20251122042482983,0.26586732287160464,0.0757839807074685,0.0757839807074685,0.0107888466754995,0.65
123.09210383899881,13.999779188018426,13.873641876622543,0.016888769761544357,0.5899919253821285,0.25318511834474283,0.268344792929538,0.2475524412588371,0.07522102171541789,0.07522102171541789,0.020698393998130914,0.65
123.12056138600019,14.00089472851088,13.892554596258114,0.03346621477363379,0.5673815890671344,0.24563915697206026,0.27345240313611185,0.22990313258102005,0.07410548122296312,0.07410548122296312,0.029819972836111604,0.7000000000000001
123.13550648699857,14.00089472851088,13.892554596258114,0.03346621477363379,0.5673815890671344,0.2371532484252773,0.2964705222508525,0.22990313258102005,0.07410548122296312,0.07410548122296312,0.029819972836111604,0.7000000000000001
123.16682279999986,14.002505133282794,13.91048143177568,0.04831214315740005,0.5378050655269926,0.22944270719502616,0.22253908419778612,0.21312563604128315,0.07249507645104991,0.07249507645104991,0.01577592125086673,0.7000000000000001
123.24291041499964,14.00464299983282,13.927107478730314,0.06413599650078317,0.49878140863897297,0.19149904676909374,0.09174260538753001,0.19744564161275485,0.07035720990102412,0.07035720990102412,0.030148709524813976,0.7000000000000001
123.27957983799934,14.007263782337688,13.942625152190656,0.07862347514603113,0.46553020381029575,0.20411993838012507,0.09457001508448251,0.18266594863117122,0.06773642739615582,0.06773642739615582,0.020847937156176936,0.7000000000000001
123.30260916499901,14.010330332839834,13.957286899990349,0.09199651506437713,0.43985243399078894,0.20411993838012507,0.09457001508448251,0.16854577456281591,0.06466987689401016,0.06466987689401016,0.029761663296291742,0.7000000000000001
123.34650240100018,14.010330332839834,13.957286899990349,0.09199651506437713,0.43985243399078894,0.17089724865700848,0.03654058242103462,0.16854577456281591,0.06466987689401016,0.06466987689401016,0.029761663296291742,0.7000000000000001
123.37539071599895,14.013790023752858,13.971202804945678,0.10379072739074208,0.4174771486598903,0.18136698375032972,0.0387846792831321,0.15498670090815456,0.061210185980986154,0.061210185980986154,0.007109322340167202,0.7000000000000001
123.43863114099986,14.017615780492873,13.984653711697005,0.11477270220047804,0.4035272025397954,0.1642053732511872,0.028374926375330213,0.14174599059259466,0.05738442924097065,0.05738442924097065,0.013632756727271048,0.7000000000000001
123.47041608099971,14.021741550968121,13.997547389364492,0.12377311425742975,0.3868103300245772,0.13918482997699766,0.011967098342694294,0.12892215585734704,0.053258658765722444,0.053258658765722444,0.00817459983746653,0.7000000000000001
123.52971219400024,14.026110192320653,14.009861163519368,0.1310592405759283,0.3694132246462724,0.11039302134444175,-0.02518821650738845,0.11655347923152257,0.04889001741319099,0.04889001741319099,0.01573512497564629,0.7000000000000001
123.5557287599986,14.030642988199917,14.021502206402827,0.1359838763779151,0.34923128650377316,0.0938556929511727,-0.04115393265500732,0.10474874073448862,0.04435722153392696,0.04435722153392696,0.02265091276571818,0.7000000000000001
123.58156719099861,14.035335357334144,14.032444135370024,0.1407710740268326,0.32825786901592485,0.06777745114166951,-0.065810989393714,0.0935163667868159,0.04035731105833541,0.04035731105833541,0.007182160599019037,0.7000000000000001
123.60258311599864,14.035335357334144,14.032444135370024,0.1407710740268326,0.32825786901592485,0.06777745114166951,-0.065810989393714,0.0935163667868159,0.04035731105833541,0.04035731105833541,0.007182160599019037,0.7000000000000001
123.63436490200002,14.040097370081655,14.042576224447318,0.1428603824253099,0.3039626723188093,0.0489911459963043,-0.0872065680872731,0.08298081145577495,0.03866975566174638,0.03866975566174638,0.009922669308416244,0.7000000000000001
123.67599523799981,14.044935353139374,14.05195442624943,0.14513949173157764,0.2813460540634062,0.035333560676758746,-0.08986667938157894,0.07307867329739047,0.037045672217740105,0.037045672217740105,0.012126493385517774,0.7000000000000001
123.71798019999915,14.049801234967235,14.060600541117424,0.14597645483584054,0.2593834460397776,0.02825077161894118,-0.09255602063145654,0.0638140530843674,0.035163616613313936,0.035163616613313936,0.006296291909796642,0.7000000000000001
123.74795955799891,14.054642377134835,14.068500335949818,0.14523426502795939,0.23699384497183412,0.014101758381515759,-0.09607287286390116,0.05522266552107805,0.03306902519702059,0.03306902519702059,0.00864890598526701,0.75
123.77890866399866,14.05939456191667,14.075626022077307,0.14256554345506922,0.21377058382467415,0.0010439942938799338,-0.09856413894810474,0.04735918497730907,0.030814032782110107,0.030814032782110107,0.010504261988797614,0.75
123.81547580499864,14.063950074637772,14.081929800368815,0.13666538163302397,0.18911334874523889,-0.011171754279476781,-0.09915539482109133,0.040325292724703914,0.028485711202721475,0.028485711202721475,0.040325292724703914,0.75
123.8493581699986,14.068258307079073,14.087404596390634,0.1292469732390549,0.16424388065457657,-0.018104829032169104,-0.09302068545479308,0.03414936692779528,0.02612983453683629,0.02612983453683629,0.03414936692779528,0.75
123.88004155199997,14.07224318639406,14.092058935595924,0.11954637944956384,0.13963017615872225,-0.022691028710276142,-0.0858864818601249,0.02887042094297512,0.02382126783523031,0.02382126783523031,0.02887042094297512,0.75
123.9568240489989,14.075949797786304,14.095973020759097,0.1111983417673454,0.11742255489519263,-0.017940819719767923,-0.07611560668480978,0.024385011550669956,0.021542601710605545,0.021542601710605545,0.024385011550669956,0.75
123.96894436799994,14.075949797786304,14.095973020759097,0.1111983417673454,0.11742255489519263,-0.022419780927305146,-0.07034994635258487,0.024385011550669956,0.021542601710605545,0.021542601710605545,0.024385011550669956,0.75
124.0331024119987,14.082468616157515,14.101795509007875,0.09307249993463183,0.07796621751384594,-0.014600303022180103,-0.06919204156688763,0.017623089173862263,0.017199527300876278,0.017199527300876278,0.017623089173862263,0.75
124.06742655599919,14.085239047095138,14.103820020001658,0.0831129281287187,0.060735329813507946,-0.019287355057702422,-0.05435894984796788,0.015247238552361222,0.015211467629930586,0.015211467629930586,0.015247238552361222,0.75
124.14623396099887,14.087706817957438,14.105324525436755,0.07403312586896552,0.04513516305291189,-0.01983339748690744,-0.04766731393843083,0.013396749451199863,0.013396749451199863,0.013396749451199863,0.013396749451199863,0.75
124.20367135400011,14.089885583990132,14.10637459055086,0.06536298098079998,0.0315019534231895,-0.0207788021699802,-0.043611763433247436,0.011955618591766748,0.011955618591766748,0.011955618591766748,0.011955618591766748,0.75
124.2581619449993,14.091793324848775,14.107054919563419,0.05723222575927238,0.02040987037677379,-0.022416016056210505,-0.033438720980900956,0.010822264415733506,0.010822264415733506,0.010822264415733506,0.010822264415733506,0.75
124.26775421699858,14.091793324848775,14.107054919563419,0.05723222575927238,0.02040987037677379,-0.020249557120568234,-0.028706083937259378,0.010822264415733506,0.010822264415733506,0.010822264415733506,0.010822264415733506,0.75
124.36719094899854,14.094942123290425,14.10748297944882,0.044309965209145964,0.002101974446195758,-0.01932201315419537,-0.03201993722909284,0.009032004109871067,0.009032004109871067,0.009032004109871067,0.009032004109871067,0.75
124.42118417900019,14.096227662752908,14.107331809432488,0.038566183874494724,-0.004535100489946858,-0.017759020697618755,-0.01823688580100521,0.008245359777481955,0.008245359777481955,0.008245359777481955,0.008245359777481955,0.75
124.49704871599897,14.09828589031914,14.106551253361802,0.028428945890005965,-0.013652566263115208,0.0,0.0,0.006771786515281412,0.006771786515281412,0.006771786515281412,0.006771786515281412,0.75
124.54674163900017,14.09828589031914,14.106551253361802,0.028428945890005965,-0.013652566263115208,0.0,0.0,0.006771786515281412,0.006771786515281412,0.006771786515281412,0.006771786515281412,0.75
124.58580719099882,14.099081446945977,14.1060018375062,0.023866698805139575,-0.01648247566803156,0.0,0.0,0.006071720774532726,0.006071720774532726,0.006071720774532726,0.006071720774532726,0.75
124.61086155299927,14.099081446945977,14.1060018375062,0.023866698805139575,-0.01648247566803156,0.0,0.0,0.006071720774532726,0.006071720774532726,0.006071720774532726,0.006071720774532726,0.75
124.6479030419996,14.099740606736793,14.105373465182259,0.019774793724470448,-0.01885116971825434,0.0,0.0,0.005379722384096749,0.005379722384096749,0.005379722384096749,0.005379722384096749,0.75
124.73604880399944,14.100717521589797,14.103953259707492,0.013117694204348378,-0.0221061772347864,0.0,0.0,0.00401784762611836,0.00401784762611836,0.00401784762611836,0.00401784762611836,0.75
124.77813213599984,14.10106610068416,14.103168803665685,0.010457372830916148,-0.023533681254209213,0.0,0.0,0.0033433347634407866,0.0033433347634407866,0.0033433347634407866,0.0033433347634407866,0.75
124.80475571699935,14.10106610068416,14.103168803665685,0.010457372830916148,-0.023533681254209213,0.0,0.0,0.0033433347634407866,0.0033433347634407866,0.0033433347634407866,0.0033433347634407866,0.75
124.83699456799877,14.101338679059483,14.10234149917898,0.008177351259676901,-0.024819134601137924,0.0,0.0,0.002697161476342029,0.002697161476342029,0.002697161476342029,0.002697161476342029,0.75
124.8724866349985,14.101338679059483,14.10234149917898,0.008177351259676901,-0.024819134601137924,0.0,0.0,0.002697161476342029,0.002697161476342029,0.002697161476342029,0.002697161476342029,0.75
124.91079417199944,14.101540402777966,14.10150932008672,0.006051711554482919,-0.024965372767826954,0.0,0.0,0.00215659171901925,0.00215659171901925,0.00215659171901925,0.00215659171901925,0.75
124.94033781299913,14.10171491325917,14.100727646182284,0.005235314436129708,-0.023450217133095353,0.0,0.0,0.0018629000115609078,0.0018629000115609078,0.0018629000115609078,0.0018629000115609078,0.75
124.98837921699851,14.1018695373969,14.10000365571065,0.004638724131827835,-0.021719714149024974,0.0,0.0,0.0018695409711012708,0.0018695409711012708,0.0018695409711012708,0.0018695409711012708,0.75
125.02490039700024,14.102008460380246,14.099339747007042,0.004167689500403213,-0.01991726110823947,0.0,0.0,0.002114201294514709,0.002114201294514709,0.002114201294514709,0.002114201294514709,0.75
125.03747982099958,14.102008460380246,14.099339747007042,0.004167689500403213,-0.01991726110823947,0.0,0.0,0.002114201294514709,0.002114201294514709,0.002114201294514709,0.002114201294514709,0.75
125.23165681499995,14.10224813562062,14.0981877521,0.0034197608844218305,-0.016425697439338402,0.0,0.0,0.0028876212043405457,0.0027058501250654524,0.0027058501250654524,0.0028876212043405457,0.75
125.2764704809997,14.102351521822518,14.097693655552582,0.003101586056965621,-0.014822896422498073,0.0,0.0,0.003293763742576698,0.002960177202506732,0.002960177202506732,0.003293763742576698,0.75
125.31260515699978,14.10244516322168,14.097248966797425,0.00280924197482705,-0.013340662654752027,0.0,0.0,0.0036806258791574477,0.003189635506185732,0.003189635506185732,0.0036806258791574477,0.75
125.34852354299983,14.102529815995377,14.096849514366703,0.0025395832109135915,-0.011983572921657776,0.0,0.0,0.004040486195506144,0.0033962615365528298,0.0033962615365528298,0.004040486195506144,0.75
125.37457822800025,14.102606185670922,14.096491188110592,0.0022910902663399978,-0.010749787683323396,0.0,0.0,0.0043708082349340075,0.003582024352900059,0.003582024352900059,0.0043708082349340075,0.75
125.42642213099862,14.102674947442567,14.096170065209593,0.0020628531493547568,-0.009633687029992424,0.0,0.0,0.004671589057190933,0.0037488049992899686,0.0037488049992899686,0.004671589057190933,0.75
125.52308112299943,14.102841927180242,14.095394680385185,0.0014913816496674906,-0.0069109667518657625,0.0,0.0,0.0054116096359948405,0.004152412950685605,0.004152412950685605,0.0054116096359948405,0.75
125.56329772499885,14.102841927180242,14.095394680385185,0.0014913816496674906,-0.0069109667518657625,0.0,0.0,0.0054116096359948405,0.004152412950685605,0.004152412950685605,0.0054116096359948405,0.75
125.58749118599917,14.102841927180242,14.095394680385185,0.0014913816496674906,-0.0069109667518657625,0.0,0.0,0.0054116096359948405,0.004152412950685605,0.004152412950685605,0.0054116096359948405,0.75
125.60906864199933,14.102886438870208,14.095188580199142,0.0013353506989581287,-0.00618300558130807,0.0,0.0,0.005610819000068424,0.004259814743944905,0.004259814743944905,0.005610819000068424,0.75
125.64339847199881,14.102926260650106,14.095004215612928,0.0011946533969447674,-0.005530937586410356,0.0,0.0,0.005789720462550117,0.004355893929843069,0.004355893929843069,0.005789720462550117,0.75
125.72711211000023,14.102961863323516,14.094839309420882,0.0010680802023328966,-0.004947185761368029,0.0,0.0,0.005950240465778279,0.004441817264150926,0.004441817264150926,0.005950240465778279,0.75
125.792768547999,14.103022095441284,14.09455990197054,0.0008525345318277134,-0.003957429810484681,0.0,0.0,0.00622316056569095,0.004587314448585811,0.004587314448585811,0.00622316056569095,0.75
125.81597654399957,14.103022095441284,14.09455990197054,0.0008525345318277134,-0.003957429810484681,0.0,0.0,0.00622316056569095,0.004587314448585811,0.004587314448585811,0.00622316056569095,0.75
125.83994755599997,14.103047471738762,14.094441923132722,0.0007612889243379598,-0.0035393651345300534,0.0,0.0,0.006338714574826772,0.004648696527848826,0.004648696527848826,0.006338714574826772,0.75
125.91816654499962,14.10307012688995,14.094336408571053,0.000679654535624758,-0.0031654368500868336,0.0,0.0,0.0064422004776657086,0.004703555569302204,0.004703555569302204,0.0064422004776657086,0.75
125.93609485999878,14.103090349245978,14.094242041735683,0.0006066706808322583,-0.0028310050610812635,0.0,0.0,0.00653485591545307,0.004752581454518829,0.004752581454518829,0.00653485591545307,0.75
125.9665365689998,14.103090349245978,14.094242041735683,0.0006066706808322583,-0.0028310050610812635,0.0,0.0,0.00653485591545307,0.004752581454518829,0.004752581454518829,0.00653485591545307,0.75
126.03073774499899,14.103108397773752,14.094157644818328,0.0005414558332177428,-0.0025319075206775756,0.0,0.0,0.006617798031723257,0.004796392315021823,0.004796392315021823,0.006617798031723257,0.75
126.07395376800014,14.103124504661924,14.094082164317193,0.00048320664513550624,-0.002264415034050557,0.0,0.0,0.0066920332150316765,0.004835541569265457,0.004835541569265457,0.0066920332150316765,0.75
126.194953876,14.103163147231147,14.093900286512083,0.00034331920971662874,-0.0016199027311193726,0.0,0.0,0.006871099259986364,0.004929715671795734,0.004929715671795734,0.006871099259986364,0.75
126.20853752099902,14.103163147231147,14.093900286512083,0.00034331920971662874,-0.0016199027311193726,0.0,0.0,0.006871099259986364,0.004929715671795734,0.004929715671795734,0.006871099259986364,0.75
126.24029064299975,14.103173358299387,14.093851993832908,0.0003063320472127558,-0.0014487803752227873,0.0,0.0,0.006918683597829922,0.004954674156160554,0.004954674156160554,0.006918683597829922,0.75
126.26943835299971,14.103182469135708,14.093808802561357,0.0002733250896735223,-0.001295738146548686,0.0,0.0,0.0069612524393239394,0.004976975669694159,0.004976975669694159,0.0069612524393239394,0.75
126.29966835099913,14.103190598196093,14.093770173729226,0.0002438718115336043,-0.0011588649639495475,0.0,0.0,0.006999332269076779,0.004996903025522243,0.004996903025522243,0.006999332269076779,0.75
126.34448581499964,14.103197851220274,14.093735625332238,0.00021759072546095225,-0.0010364519096273735,0.0,0.0,0.00703339479946246,0.005014708959586558,0.005014708959586558,0.00703339479946246,0.75
126.40951772199878,14.103204322582572,14.093704726304525,0.0001941408689145484,-0.000926970831392895,0.0,0.0,0.007063862549209295,0.005030619317588001,0.005030619317588001,0.007063862549209295,0.75
126.43925005299934,14.103210096504473,14.09367709113125,0.0001732176570115693,-0.0008290551982284922,0.0,0.0,0.007091113885035762,0.005044835908968965,0.005044835908968965,0.007091113885035762,0.75
126.48908004299847,14.103215248141243,14.093652375031875,0.00015454910309481323,-0.0007414829812579727,0.0,0.0,0.007115487569080245,0.005057539060947517,0.005057539060947517,0.007115487569080245,0.75
126.52366445899861,14.103219844554404,14.093630269653534,0.00013789239485895497,-0.000663161350182989,0.0,0.0,0.007137286854345396,0.005068889902947077,0.005068889902947077,0.007137286854345396,0.75
126.56022854999901,14.103223945581272,14.093610499220391,0.0001230308060138194,-0.0005931129942729533,0.0,0.0,0.007156783168688351,0.005079032409201018,0.005079032409201018,0.007156783168688351,0.75
126.58457507499952,14.103223945581272,14.093610499220391,0.0001230308060138194,-0.0005931129942729533,0.0,0.0,0.007156783168688351,0.005079032409201018,0.005079032409201018,0.007156783168688351,0.75
126.69096946299942,14.10323086928311,14.093577002677183,9.7940135734418e-05,-0.00047443240054714406,0.0,0.0,0.007189812997113049,0.0050961932967906985,0.0050961932967906985,0.007189812997113049,0.75
126.72656552899934,14.103233782097865,14.093562858695536,8.738444265066153e-05,-0.0004243194493662534,0.0,0.0,0.007203758382268371,0.005103429334211704,0.005103429334211704,0.007203758382268371,0.75
126.7667632979992,14.103236380978485,14.093550208700762,7.796641862563201e-05,-0.0003794998432547292,0.0,0.0,0.007216229600118309,0.00510989510964721,0.00510989510964721,0.007216229600118309,0.75
126.81760124599896,14.103238699760123,14.093538894886246,6.956344912096264e-05,-0.00033941443546881375,0.0,0.0,0.00722738233575616,0.005115672624540287,0.005115672624540287,0.00722738233575616,0.75
126.84523513000022,14.103240768631222,14.093528776114585,6.206613299783013e-05,-0.00030356314981751475,0.0,0.0,0.007237355863592448,0.005120835149518623,0.005120835149518623,0.007237355863592448,0.75
126.89139399199848,14.103242614526541,14.093519726156652,5.537685960040241e-05,-0.00027149873798934163,0.0,0.0,0.0072462747707023965,0.0051254481541076055,0.0051254481541076055,0.0072462747707023965,0.75
126.92549713699918,14.103244261477828,14.09351163211674,4.9408538574759936e-05,-0.0002428211973127433,0.0,0.0,0.007254250500570529,0.005129570137413182,0.005129570137413182,0.007254250500570529,0.75
126.95275284699892,14.103244261477828,14.09351163211674,4.9408538574759936e-05,-0.0002428211973127433,0.0,0.0,0.007254250500570529,0.005129570137413182,0.005129570137413182,0.007254250500570529,0.75
126.9915125209991,14.103245730926703,14.093504393024112,4.408346624558058e-05,-0.00021717277887291952,0.0,0.0,0.007261382735661251,0.005133253370348004,0.005133253370348004,0.007261382735661251,0.75
127.02675846199963,14.103247042003836,14.093497918573332,3.9332313997497995e-05,-0.00019423352340062672,0.0,0.0,0.007267760635415439,0.005136544558804276,0.005136544558804276,0.007267760635415439,0.75
127.06855980499859,14.103248211778023,14.093492127997697,3.509322560468425e-05,-0.00017371726902677586,0.0,0.0,0.007273463944589499,0.005139485436224028,0.005139485436224028,0.007273463944589499,0.75
127.10106678899865,14.103249255478417,14.093486949061665,3.131101181675994e-05,-0.00015536808095066785,0.0,0.0,0.007278563985386423,0.005142113293022688,0.005142113293022688,0.007278563985386423,0.75
127.1556709589986,14.103250186692808,14.093482317159719,2.7936431744583534e-05,-0.0001389570583806581,0.0,0.0,0.007283124545454365,0.005144461449677544,0.005144461449677544,0.007283124545454365,0.75
127.22265799399975,14.103251758850304,14.093474469435616,2.2239173163820327e-05,-0.0001111522442097838,0.0,0.0,0.007290849385855739,0.005148434585817938,0.005148434585817938,0.007290849385855739,0.75
127.26165498799855,14.10325242026105,14.093471155715733,1.9842322379570495e-05,-9.941159649298489e-05,0.0,0.0,0.007294110311936353,0.005150109940449191,0.005150109940449191,0.007294110311936353,0.75
127.30963031899955,14.10325301038755,14.093468192013233,1.7703795016108244e-05,-8.891107499447824e-05,0.0,0.0,0.0072970262544065955,0.0051516069842121185,0.0051516069842121185,0.0072970262544065955,0.75
127.36541392799882,14.103253536912547,14.093465541356926,1.5795749877412396e-05,-7.951968921079288e-05,0.0,0.0,0.007299633703094431,0.005152944696857825,0.005152944696857825,0.007299633703094431,0.75
127.40265742199881,14.103254006690761,14.093463170680767,1.4093346421615591e-05,-7.112028475461444e-05,0.0,0.0,0.0073019652897216795,0.005154140037699376,0.005154140037699376,0.0073019652897216795,0.75
127.43591896999897,14.10325442583814,14.09346105041137,1.2574421349647254e-05,-6.360808188231784e-05,0.0,0.0,0.007304050195513735,0.005155208160711861,0.005155208160711861,0.007304050195513735,0.75
127.48420677099966,14.103254799811475,14.09345915409909,1.1219200053660573e-05,-5.6889368395933954e-05,0.0,0.0,0.007305914515803477,0.0051561626067412525,0.0051561626067412525,0.007305914515803477,0.75
127.56106374799856,14.103255133479447,14.09345745808807,1.0010039167168555e-05,-5.088033061185401e-05,0.0,0.0,0.007307581586159665,0.005157015475221805,0.005157015475221805,0.007307581586159665,0.75
127.6088674599996,14.103255431186009,14.093455941221142,8.931196864054263e-06,-4.550600781181221e-05,0.0,0.0,0.007309072274097281,0.005157777577643289,0.005157777577643289,0.007309072274097281,0.75
127.63860180200027,14.103255696806938,14.093454584575905,7.968627915237332e-06,-4.069935713251309e-05,0.0,0.0,0.007310405239976866,0.005158458574653812,0.005158458574653812,0.007310405239976866,0.75
127.69302250299916,14.1032559338003,14.093453371228664,7.10980083423402e-06,-3.640041722831477e-05,0.0,0.0,0.007311597170360106,0.005159067098577238,0.005159067098577238,0.007311597170360106,0.75
127.7405541549997,14.103256145251457,14.093452286043322,6.3435347307283584e-06,-3.255556027366434e-05,0.0,0.0,0.007312662986700936,0.005159610862876477,0.005159610862876477,0.007312662986700936,0.75
127.79567175400007,14.103256145251457,14.093452286043322,6.3435347307283584e-06,-3.255556027366434e-05,-0.0,0.0,0.007312662986700936,0.005159610862876477,0.005159610862876477,0.007312662986700936,0.75
127.83786921399951,14.103256333913249,14.093451315482556,5.659853747826284e-06,-2.91168229741879e-05,-0.0,0.0,0.007313616032004265,0.0051600967599827186,0.0051600967599827186,0.007313616032004265,0.75
127.97878913899876,14.103256905987099,14.09344835572366,3.5867471197612626e-06,-1.8630273665256678e-05,-0.0,0.0,0.007316520985583662,0.0051615754304165954,0.0051615754304165954,0.007316520985583662,0.75
