time_s,x_m,y_m,vx_mps,vy_mps,cmd_x_mps,cmd_y_mps,goal_error_m,initial_path_error_m,initial_raw_path_error_m,current_path_error_m,wall_clearance_m
0.0061368639999273,0.9,0.9,0.0,0.0,0.0,0.0,18.667619023324853,nan,nan,nan,0.75
0.028210178001245367,0.9,0.9,0.0,0.0,0.0,0.0,18.667619023324853,nan,nan,nan,0.75
0.061079168001015205,0.9,0.9,0.0,0.0,0.0,0.0,18.667619023324853,nan,nan,nan,0.75
0.09533869299957587,0.9,0.9,0.0,0.0,0.0,0.0,18.667619023324853,nan,nan,nan,0.75
0.13694320400099969,0.9,0.9,0.0,0.0,0.0,0.0,18.667619023324853,nan,nan,nan,0.75
0.16738266399988788,0.9,0.9,0.0,0.0,0.0,0.0,18.667619023324853,nan,nan,nan,0.75
0.3714054179999948,0.9,0.9,0.0,0.0,0.0,0.0,18.667619023324853,0.0,0.0,0.0,0.75
0.495647050000116,0.9,0.9,0.0,0.0,0.03398199300328711,0.001106413812525138,18.667619023324853,0.0,0.0,0.0,0.75
0.623156702000415,0.9,0.9,0.0,0.0,0.1698409689082812,0.005529822630314769,18.667619023324853,0.0,0.0,0.0,0.75
0.7496754290004901,0.9,0.9,0.0,0.0,0.37584251142696135,-0.0002954139774797998,18.667619023324853,0.0,0.0,1.57094264226807e-05,0.75
0.8717570759999944,0.9000130181055616,0.8999912071047932,0.0003905431668471152,-0.0002637868562060404,0.5769077579286168,-0.01968714151494387,18.66761603565633,1.1512995455170753e-05,1.5422706547778054e-05,0.00022977348048187896,0.75
0.998570785000993,0.9000712715487482,0.8999695888024128,0.0017476032956009145,-0.0006485490714104441,0.8160311609034607,-0.023990353812426354,18.667590130831933,4.576394796739891e-05,7.190055946341467e-05,0.0076159514972516515,0.75
1.1231132310003886,0.902059641948199,0.9001419021745789,0.03831266737185334,0.004438065370422797,1.0150944710845564,-0.09542797092994001,18.666062345803407,0.00032829773385639657,0.0013560467984779175,0.024558833957459638,0.75
1.2467699280005036,0.9076381949028328,0.9008323681263994,0.10004832574366718,0.012837719611667655,1.2198156706044538,-0.12079184633392417,18.66163005128133,0.0009193270296073482,0.004812446265197022,0.04081864756975696,0.75
1.3135182109999732,0.9264299638884906,0.9031789622458669,0.23857930239946357,0.02919593431549971,1.1045438204546938,-0.15997921370874826,18.64668959893002,0.0028900828018112485,0.016440940930878792,0.02188117162670174,0.75
1.3865145660001872,0.9363214462860329,0.9043249727994304,0.2967444719262661,0.03438031660690202,1.0249607505258047,-0.12429969224191972,18.638891396459012,0.004014291707953759,0.020675040984143744,0.07904289805095381,0.75
1.5487725200000568,0.9777053674294328,0.9094772271283756,0.4718785517589273,0.061354902288623364,0.9632406160444537,-0.16327427802540598,18.60603416759292,0.004859052439883809,0.015522786655198462,0.13249698919182512,0.75
1.6717563769998378,1.035779532753733,0.9179784640208589,0.6328728546392439,0.09909994203211754,1.1324393168260047,-0.24876721061804624,18.559082633358635,0.0012179621226585914,0.007021549762715185,0.1013168040391524,0.75
1.8051327180000953,1.0827506640704374,0.9262170995735036,0.7276103362338937,0.1307885552993784,1.2212255619948484,-0.26666107089405977,18.520187260968182,0.0048438463085743455,0.0012170857899295173,0.2054309178257283,0.75
1.928339934000178,1.1924190697293071,0.9484080669510605,0.8689554789798078,0.1860827907934798,1.1853453169751813,-0.39680786222680525,18.427425643451272,0.024644583742387823,0.023408053167486398,0.12596567906246658,0.75
2.0572984810005437,1.2835032915455793,0.9698088942205245,0.9282057667608317,0.22815849794018825,1.0478505633355502,-0.26353876135593435,18.34841972356512,0.04523958839578322,0.044808880436950416,0.19942794329353716,0.7000000000000001
2.179354300000341,1.442635836009305,1.0156993925125735,0.9624167179414771,0.30714537666796166,0.7885730253278467,-0.3278706863743104,18.204609030873794,0.09035840582631453,0.09069937872899936,0.13727710425177955,0.65
2.3106526539995684,1.4746948219102645,1.026530171384389,0.961769577028787,0.32492336615446665,0.6165594185814564,-0.288840901752319,18.17454110011095,0.10100829570553838,0.10153015760081496,0.17432008881439445,0.65
2.4375695630005794,1.5730015103959123,1.0587086274915758,0.9966978721256636,0.31690979469815095,0.5143590538627265,-0.29713436710250046,18.083168190922898,0.13219133580560058,0.1337086137080017,0.17986176672980925,0.6000000000000001
2.603788264999821,1.6409567158638871,1.0789179178830952,1.026986946030123,0.29888874582174574,0.3531635345240158,-0.24969291760011117,18.021552045958835,0.15086685137748984,0.1539179040995211,0.18086192169077647,0.6000000000000001
2.722787059001348,1.7807205976442169,1.118283726279873,1.0467056097035958,0.2931365926646129,0.44146342654461085,-0.2168938657998517,17.89663662269191,0.1807250084584476,0.19328371249629894,0.10406007281383263,0.55
2.8423430470011226,1.8812698097544747,1.1450858660830032,0.9783175591291031,0.2482475086459964,0.44807291396670457,-0.08165693130098055,17.808064680901737,0.18211195137116126,0.17561756445943577,0.06393729533029853,0.5590169943749475
2.96658034200118,1.9730869194425762,1.1654232667981046,0.8853271462079221,0.17963030470322472,0.29239861544210705,0.0219880778599085,17.73034957722161,0.17289480445610592,0.19042325226947243,0.08159527028155673,0.5385164807134504
3.0866649090003193,2.0012583573203373,1.170641595047051,0.845143136332839,0.15654984746838954,0.29588717692455135,0.1412497529431485,17.70728262890832,0.1651608553053999,0.1904827257249304,0.12458882149965603,0.5590169943749475
3.2067174460007664,2.053551385685647,1.1789605414329045,0.7669126020802187,0.11456420684040418,0.3910188236835768,0.2223836318271903,17.66550833990248,0.14208390983747754,0.1593883541608037,0.11533260331862093,0.5830951894845301
3.332559857000888,2.1246946257959274,1.187549051020532,0.6862834591870376,0.07676544623309939,0.4613684019327429,0.39813673345343037,17.610773075457015,0.10356865552069877,0.1151554800129388,0.1191122273208946,0.6103277807866851
3.4518604570002935,2.1681019959016528,1.1923682663477106,0.6390635684445799,0.07166526680398122,0.5030326161204719,0.4853256459041215,17.57774578698286,0.07857596204120455,0.0878695340955525,0.10802842741841731,0.6403124237432849
3.5133445210012724,2.1883029106811387,1.1948602068500866,0.6060274433845714,0.07475821507128123,0.628313588659946,0.5897776810726758,17.56220830728382,0.06668831839631952,0.07534739829634976,0.08771853368877236,0.6403124237432849
3.574545188999764,2.2426784394780412,1.2039057746034723,0.5136393916593555,0.10108569707451615,0.7028138240791727,0.6582136795707082,17.518713447622932,0.036125357708855534,0.04329427545155675,0.06301823175233769,0.6363961030678928
3.5765753610012325,2.2589218891625085,1.2077011308370798,0.48730349053402083,0.11386068700822696,0.7385725914835752,0.7665697388384013,17.50492790498648,0.02759449932186516,0.03449214415961014,0.04637777134044367,0.6726812023536856
3.6380472380005813,2.274344539780239,1.2119300403138662,0.4626795185319167,0.12686728430359628,0.7362326907836969,0.8140872827964178,17.49138285984243,0.01980411831275787,0.026576973892001823,0.03040857963671306,0.6726812023536856
3.7253305520007416,2.289049212350713,1.2166572476163822,0.44114017711421877,0.14181621907548214,0.7310532198267315,0.825688534285274,17.477959806100618,0.012872348276691169,0.01952184054197558,0.057798639949920225,0.6726812023536856
3.841386345000501,2.316463382006501,1.2276030555453628,0.40157115440589924,0.1715607628605385,0.681759186184877,0.7790640137229298,17.451370671760966,0.0014708948192925105,0.007876950289917119,0.05762990870618388,0.7106335201775948
3.9008798810009466,2.3415264442657135,1.2408816755889835,0.3687698461597072,0.21249660156211245,0.6476096031286483,0.7714058454947342,17.42465564773392,0.007117668626650923,0.00045590871322912006,0.02943257809585682,0.7106335201775948
3.963511453999672,2.3415264442657135,1.2408816755889835,0.3687698461597072,0.21249660156211245,0.5897118526730505,0.7669314234892967,17.42465564773392,0.007117668626650923,0.00045590871322912006,0.07723006668065939,0.7106335201775948
3.9676553860008426,2.3534687245000243,1.2490582484674702,0.3582684070293253,0.24529718635460118,0.581863378595057,0.8413092187485471,17.410562911852708,0.009959324515299035,0.0031186659204964435,0.06294354917153802,0.75
4.028593467000974,2.3534687245000243,1.2490582484674702,0.3582684070293253,0.24529718635460118,0.5654686151096919,0.8721160926613627,17.410562911852708,0.009959324515299035,0.0031186659204964435,0.06294354917153802,0.75
4.091960198000379,2.3651542687681517,1.2584316773739035,0.3505663280438254,0.28120286719299814,0.5779904647177286,0.8529664537163824,17.395760440994938,0.011781586609317893,0.004753578371635748,0.10442565258435883,0.7211102550927979
4.095991238000352,2.3765451794048267,1.2689635490372773,0.34172731910024556,0.31595614990121534,0.6376936538177237,0.886920499230573,17.380301761950804,0.012584365793764582,0.005361010654960553,0.08910357453539325,0.7211102550927979
4.1584689730007085,2.387599754472813,1.2805967782440177,0.3316372520395893,0.34899687620221115,0.6022949830525006,0.8912351740352842,17.364256922580733,0.012773747986535909,0.004951840389485924,0.07316491120966447,0.7211102550927979
4.224951477999639,2.4089210574617783,1.3072678605441934,0.31933533458563,0.4201154707273924,0.5722525117448358,0.9108171639656224,17.330185297120345,0.010263802968237869,0.001168975160677639,0.0831348383405597,0.73824115301167
4.286533370999678,2.4307634694837357,1.339672982749503,0.33052702769933157,0.5080792582236264,0.45486011104768487,0.8782354305886206,17.29153049305666,0.004991085148348514,0.006299988837678979,0.04409015973193462,0.73824115301167
4.349766225999701,2.4307634694837357,1.339672982749503,0.33052702769933157,0.5080792582236264,0.32497467981456774,0.8719196005445756,17.29153049305666,0.004991085148348514,0.006299988837678979,0.09230106915246533,0.73824115301167
4.411084790001041,2.4532564778742114,1.3775940423171562,0.33954268272856897,0.5878310257568735,0.2935475292339148,0.7781700038533059,17.248369430826294,0.002797798672104866,0.01720926844555436,0.048236960623409,0.7615773105863909
4.472330562999559,2.4532564778742114,1.3775940423171562,0.33954268272856897,0.5878310257568735,0.212570344298243,0.7421949871080767,17.248369430826294,0.002797798672104866,0.01720926844555436,0.07353556700148701,0.7615773105863909
4.475467338001181,2.4645951137545006,1.3983904478395646,0.3401590764086696,0.623892165672253,0.22604367251571977,0.8316716965634205,17.225374657243275,0.006535678322930126,0.02389692149439711,0.049857717670513814,0.7615773105863909
4.543463949999932,2.4645951137545006,1.3983904478395646,0.3401590764086696,0.623892165672253,0.19820110032720573,0.8387429441986476,17.225374657243275,0.006535678322930126,0.02389692149439711,0.049857717670513814,0.7615773105863909
4.607949872000972,2.475864775320962,1.420204713008235,0.33808984699384886,0.6544279550601079,0.18421686218550942,0.8074849170336209,17.201678064701785,0.01093341645879516,0.03135308220644287,0.07803893331735802,0.7433034373659253
4.665247285000078,2.475864775320962,1.420204713008235,0.33808984699384886,0.6544279550601079,0.13982703898279264,0.7300344226012514,17.201678064701785,0.01093341645879516,0.03135308220644287,0.07803893331735802,0.7433034373659253
4.725289613999848,2.4870035747022867,1.442928666138731,0.3341639814397368,0.6817185939148837,0.15498529146070306,0.7447042377338087,17.177402036525493,0.01498854539679521,0.03954502298357069,0.16662790962537213,0.7433034373659253
4.7288194650009245,2.497931846531876,1.466539074343099,0.32784815488768404,0.7083122461310424,0.14986400768538358,0.6413404720896191,17.152618470595648,0.01825149563738532,0.048512647614109415,0.14065592121728696,0.7280109889280518
4.730764208001347,2.497931846531876,1.466539074343099,0.32784815488768404,0.7083122461310424,0.12056708682861891,0.6128695320663181,17.152618470595648,0.01825149563738532,0.048512647614109415,0.14065592121728696,0.7280109889280518
4.732704396999907,2.508641599677124,1.4910267074621923,0.32129259435743024,0.734628993572802,0.14233101156870023,0.5776940523403837,17.127340630018058,0.020968689726777054,0.0582550799739899,0.11395887286405575,0.7762087348130012
4.734622068001045,2.5190758960792574,1.5165428882403689,0.3130288920640124,0.7654854233452971,0.12300352832363337,0.5821149947380644,17.101496893087063,0.020650340171799324,0.05592414229123266,0.0864066231236529,0.7648529270389178
4.7364544499996555,2.5392886299956468,1.570065977539551,0.2981739742192347,0.813242815514213,0.10353981448218244,0.5858893973512729,17.048439634985947,0.01639786653189139,0.03571140837484332,0.02920380654423982,0.7566372975210779
4.823143691999576,2.548734208436798,1.5977000754004445,0.28336735323453627,0.8290229358268056,0.0688462876597265,0.6240173709687725,17.021728607635016,0.012566271943499427,0.026265829933691975,0.0,0.7566372975210779
4.883367997001187,2.565386279820399,1.653287481360826,0.23814086752713062,0.8342162942026488,0.10231654486059158,0.6528672526337119,16.969618917212156,0.004737161177745112,0.009613758550091056,0.028824927184171366,0.75
5.00474909300101,2.572504980259059,1.681219551302694,0.21356101315980955,0.8379620982560397,0.11241814785351248,0.7169832612863078,16.94429842935666,0.0014087321819649266,0.0024950581114309145,0.08542271478953295,0.75
5.129614576000677,2.5787779592354245,1.709250680584821,0.18818936929095895,0.8409338784638126,0.32867151545818446,0.8041388083028812,16.919492486749924,0.0012581696301909447,0.0037779208649344476,0.13857304829648998,0.75
5.247803104000923,2.5841673830614407,1.737275358363237,0.16168271478048318,0.8407403333524779,0.43228678833745665,0.6246228898605726,16.895305899162608,0.00278993957233315,0.009167344690950596,0.18635037563922172,0.75
5.308111676000408,2.5886914726326395,1.7650946826984415,0.13572268713596122,0.8345797300561345,0.3767488660316355,0.5145461588227811,16.871873434774063,0.003176892650831,0.013691434262149471,0.15825775555681135,0.75
5.365009221000946,2.5951711459162166,1.8199185828825224,0.08448143071638288,0.8171538861463882,0.4674930723418133,0.4052100280069058,16.827402846927768,0.0008918443436234493,0.017856250660931938,0.17643080060522123,0.7516648189186454
5.367165429001034,2.597274766189873,1.8465836986346376,0.06310860820969448,0.7999534725634572,0.5163931560642996,0.4644425207913625,16.80651358429519,0.0061369018069402205,0.0004886506520310236,0.14972383726895394,0.7516648189186454
5.425503291000496,2.5997462513015495,1.897995514976635,0.028950395435836294,0.762206149831287,0.564674822999517,0.45742293211333307,16.7673715810494,0.017725446021772808,0.025253787813998674,0.09828659902145861,0.7566372975210779
5.487689771000078,2.6002999543819665,1.9229261128552864,0.016611092412504636,0.7479179363595384,0.6187405724982089,0.4807949702860077,16.748857560806023,0.023153863371052595,0.02470008473358165,0.12217004290018263,0.7158910531638177
5.491183284000726,2.600414155251937,1.971930670965182,-0.0030043079320072807,0.7325358716603089,0.7115953803046822,0.5138494742962478,16.713184623242963,0.03471097903812453,0.02458588386361127,0.07317370227995136,0.7280109889280518
5.4932026360002055,2.600060928937368,1.996281610255624,-0.010596789437071891,0.7305281787132584,0.7057370167555171,0.5774504197211932,16.69576585534156,0.041412918534920615,0.02493911017818018,0.04882110058630886,0.7280109889280518
5.494803323999804,2.5995450712702244,2.020649575257843,-0.015475730014311576,0.7310389500665632,0.7354590073727294,0.5885269823721736,16.678464265377176,0.04889839381544527,0.02545496784532375,0.024448038525435537,0.7905694150420949
5.496710696001173,2.5995450712702244,2.020649575257843,-0.015475730014311576,0.7310389500665632,0.7479174416132855,0.6260597496770883,16.678464265377176,0.04889839381544527,0.02545496784532375,0.024448038525435537,0.7905694150420949
5.556383519000519,2.598839254748534,2.045087423174116,-0.02117449565070243,0.7331354374881885,0.8027427355811967,0.604647082152212,16.66126092836398,0.05676333936942438,0.026160784367013967,0.0,0.7905694150420949
5.617346498000188,2.5978945593352467,2.0696555011589006,-0.02834086239862936,0.7370423395435455,0.8125325142039208,0.6455098386161495,16.64414666869305,0.06718073775431324,0.027105479780301422,0.04943868460556958,0.8
5.61952059000032,2.5966359383908246,2.0944121442725567,-0.037758628332656134,0.7426992934096861,0.8778538565903491,0.6640378720380855,16.627132178927063,0.07798656840528621,0.0343708067222503,0.024650520492001147,0.8
5.621382827001071,2.595594993758757,2.119040676400955,-0.031228338962029412,0.7388559638519422,0.888451720054561,0.7035445422469161,16.610078893893412,0.08923931099705038,0.05193394604036501,0.0,0.8
5.623369729000842,2.594894676060288,2.14327903807717,-0.021009530954073926,0.7271508502864525,0.9234115223779167,0.7061535431917418,16.593089666371082,0.10286433206150528,0.0695682553400413,0.01597738728565366,0.8
5.7488727110012405,2.594987123830603,2.190319992754017,0.008808819623579045,0.6986874761073442,0.9344419305617817,0.7452667593828846,16.559160581255874,0.12828228596477415,0.10276586294023342,0.045866633082200764,0.8
5.752320142000826,2.594987123830603,2.190319992754017,0.008808819623579045,0.6986874761073442,0.8827322186603281,0.8058513496663207,16.559160581255874,0.12828228596477415,0.10276586294023342,0.045866633082200764,0.8
5.754243614999723,2.5961990102398573,2.2131765680500886,0.03635659227763128,0.685697258882151,0.8827443361321445,0.8058426290511574,16.541886485959207,0.14055696227279305,0.11807096922877493,0.05972486283852889,0.8
5.814799261001099,2.5984028798199694,2.2357159958339423,0.06611608740335954,0.6761828335156063,0.9664305045129629,0.6467880096487699,16.52416325404842,0.15275700290758626,0.1324503803338544,0.07319527601472198,0.8
5.877302024000528,2.6015220159284405,2.258019319176893,0.09357408325413566,0.669099700288519,0.9664305045129629,0.6467880096487699,16.505983836026438,0.16409163440051105,0.14601564921890728,0.024200487637356907,0.8500000000000001
5.879513466001299,2.605918000111477,2.2801433389786823,0.1318795254910925,0.6637205940536862,0.950364366880246,0.6468420320642196,16.48705348166407,0.17431173870497682,0.15855126342204404,0.03476829454844234,0.8500000000000001
5.8829811310006335,2.611798813578536,2.3022256001735486,0.17642440401176668,0.6624678358459943,0.8935765006116833,0.6782877346698649,16.46712626079292,0.1841644655005277,0.17000741697541605,0.04479668401985893,0.8500000000000001
6.025636932999987,2.611798813578536,2.3022256001735486,0.17642440401176668,0.6624678358459943,0.8612697219780375,0.5223675021916507,16.46712626079292,0.1841644655005277,0.17000741697541605,0.0,0.8500000000000001
6.086975706000885,2.6288598584698604,2.3470175989048556,0.2824616124183957,0.6781636270625302,0.858921397670037,0.501011126851816,16.423143775388322,0.20094299520843595,0.18961616248443885,0.025161408654917568,0.8500000000000001
6.150108458001341,2.639943881950716,2.370291885659547,0.33252070442567977,0.6982286026407357,0.8556558272874423,0.5669358131261394,16.398748082596523,0.2083854862312302,0.1982359803098173,0.03688516237059842,0.8500000000000001
6.274131734000548,2.6662863369885503,2.419003264488118,0.4137066720999376,0.7417264696989164,0.866620591229569,0.6055577398397174,16.345503750657976,0.22275086285304915,0.21405319801009248,0.023719060221904162,0.9
6.334889624000425,2.681343445942329,2.4442197487537785,0.4517132686133568,0.7564945279698103,0.8837173227191608,0.4491292618568539,16.316952251105768,0.22971678231467324,0.22123696118574332,0.03717452481085801,0.9
6.397040382000341,2.714536235114226,2.4958555692593594,0.5122938452515498,0.7775389840887306,0.8688224148950471,0.45805508070596734,16.25684327017444,0.24303246561367833,0.23427815370742702,0.0,0.8500000000000001
6.3993241589996614,2.7515416187978836,2.5477375301916925,0.5675330057914338,0.7791185504656504,0.879316895579438,0.3314403625547002,16.19389625140343,0.2555214291875808,0.24479748236081106,0.04344637634543127,0.8
6.524640978001116,2.7711290365358883,2.573837808539427,0.5876225321401436,0.7830083504320346,0.9715529268417877,-0.012147755269086957,16.16155104470717,0.2621085782010371,0.2494027702628739,0.06608095705580001,0.75
6.583460167001249,2.791243227105561,2.6001313704101516,0.6034257170901896,0.7888068561217355,0.9767777093838963,-0.014775879156082028,16.128699831242148,0.26875304702713826,0.253772245613317,0.08955002266474964,0.7000000000000001
6.644044692000534,2.811756326216491,2.626668272227485,0.6153929733279027,0.796107054520003,0.9829125182565727,-0.015219176203618123,16.095396427992224,0.27606376009940525,0.2580317173555448,0.05248238385055263,0.7000000000000001
6.646350660999815,2.8325530918507953,2.653481248877726,0.6239029690291206,0.8043892995072358,0.9876291859524527,-0.04723571546609995,16.06169827097231,0.2845972651523379,0.262285820961963,0.07915038086816707,0.65
6.648086802000762,2.853528709046605,2.6805840520045336,0.6292685158742812,0.8130840938042194,0.9947986951954656,-0.04812997132913005,16.027669109748057,0.2933667202552675,0.2666183956833625,0.10614029305454925,0.65
6.649665087999892,2.8745867914375838,2.7079712217749172,0.6317424717293681,0.8216150931115049,1.0031769199348226,-0.048827213815910764,15.993380549054537,0.3047377671169305,0.27109373628806166,0.1334174668234786,0.6000000000000001
6.651380551000329,2.8745867914375838,2.7079712217749172,0.6317424717293681,0.8216150931115049,1.0160369129003843,-0.07915678571569673,15.993380549054537,0.3047377671169305,0.27109373628806166,0.1334174668234786,0.6000000000000001
6.770766272000401,2.896139093754775,2.7350760274017833,0.6465690695157372,0.8131441688059782,1.178822426003787,-0.3334269966865592,15.958947211812806,0.31638650375549976,0.27590426175500704,0.03441605644809863,0.6000000000000001
6.841562548001093,2.96486289659151,2.8110491511175093,0.7092425476243898,0.7235155842276435,0.994162062345665,-0.4212242139186031,15.856597667223227,0.3542126896919919,0.30651963553746087,0.1353041049854721,0.5
6.901345928001319,2.9892672212178892,2.8337547877807205,0.7321297387913764,0.6811690998963402,0.994162062345665,-0.4212242139186031,15.823294981240698,0.36661473686944607,0.3204365974071852,0.13568472970349238,0.5
6.903324934000921,3.014443901045507,2.8548589464569196,0.7553003948285368,0.633124760285966,0.9790203627961943,-0.4051940331148847,15.790590594944419,0.3781787054794171,0.3353713559706295,0.1683566901713936,0.45
7.015999483999622,3.066854585323,2.8922990932432104,0.7959522453890198,0.5399320575544049,0.8509352911350213,-0.4552765109856456,15.727137608500952,0.4016296875429197,0.36738936400559763,0.0971968866315396,0.45
7.021593602001303,3.0939810919758592,2.909072535559557,0.8137951995857774,0.5032032694903882,0.6190250157690698,-0.5824340365149245,15.696155889839789,0.4118937683547874,0.3840724979341248,0.12898743295218043,0.4
7.1563969279995945,3.0939810919758592,2.909072535559557,0.8137951995857774,0.5032032694903882,0.6190250157690698,-0.5824340365149245,15.696155889839789,0.4118937683547874,0.3840724979341248,0.03189350608395718,0.4
7.158487123000668,3.121887192916015,2.924305682650209,0.8371830282046678,0.45699441271956665,0.5897206725434166,-0.596479990674746,15.665730250451327,0.42231725900528233,0.39930564502477717,0.06366325206863807,0.4
7.1602110320000065,3.1505926922492007,2.9377540085661806,0.8611649799955704,0.40344977747914385,0.5811654776052614,-0.5985364837936695,15.636024301730506,0.43138514218290985,0.4127539709407486,0.09527969289729162,0.4
7.190631535000648,3.1505926922492007,2.9377540085661806,0.0,0.0,0.47330062790810307,-0.679392501418359,15.636024301730506,0.43138514218290985,0.4127539709407486,0.09527969289729162,0.4
7.2264612930011936,3.1509254546275485,2.937734507010667,0.009982871350432805,-0.0005850466654104629,0.47330062790810307,-0.679392501418359,15.635805202678348,0.4313167791679342,0.41273446938523506,0.0955630048179862,0.4
7.312985888000185,3.1509254546275485,2.937734507010667,0.0,0.0,0.47330062790810307,-0.679392501418359,15.635805202678348,0.4313167791679342,0.41273446938523506,0.0955630048179862,0.4
7.3275014240007295,3.1509254546275485,2.937734507010667,0.0,0.0,0.47330062790810307,-0.679392501418359,15.635805202678348,0.4313167791679342,0.41273446938523506,0.0955630048179862,0.4
7.3640406190006615,3.1509254546275485,2.937734507010667,0.0,0.0,0.47330062790810307,-0.679392501418359,15.635805202678348,0.4313167791679342,0.41273446938523506,0.0955630048179862,0.4
7.389644262000729,3.151231067740083,2.9376014215623334,0.009168393376031966,-0.00399256345000717,0.47330062790810307,-0.679392501418359,15.6356862067492,0.4311400781240773,0.4126013839369014,0.09576894974997856,0.4
7.421749221000937,3.151231067740083,2.9376014215623334,0.0,0.0,0.47330062790810307,-0.679392501418359,15.6356862067492,0.4311400781240773,0.4126013839369014,0.09576894974997856,0.4
7.455282826000257,3.1529301934318603,2.9361692052768236,0.050973770753324814,-0.042966488565298555,0.47330062790810307,-0.679392501418359,15.635519030818429,0.42947294090907534,0.41116916765139155,0.09661054311591391,0.4
7.489459168000394,3.156239608778287,2.933205571728427,0.09928246039280561,-0.08890900645190078,0.47330062790810307,-0.679392501418359,15.635318650534446,0.4260536514577592,0.40820553410299487,0.09830067344715245,0.4
7.529916411000158,3.161174531334821,2.9287266831140997,0.14804767669601282,-0.13436665842982257,0.47330062790810307,-0.679392501418359,15.635064763360747,0.4208959510071065,0.40372664548866766,0.10106973638009048,0.4
7.590952929000196,3.175760206462939,2.915293327696077,0.24111935281152824,-0.22279109497189326,0.47330062790810307,-0.679392501418359,15.634470838892454,0.40559458175849955,0.39029329007064506,0.10933113169628748,0.4
7.627570480999566,3.1851793837118834,2.9066836579285344,0.2825753174683235,-0.25829009302627615,0.47330062790810307,-0.679392501418359,15.634053851110794,0.39598874048865745,0.38168362030310243,0.11469145564559555,0.4
7.665873949999877,3.1960168151495068,2.896855112797766,0.3251229431287039,-0.2948563539230454,0.47330062790810307,-0.679392501418359,15.633531419968676,0.3851862693280997,0.3718550751723342,0.12088883394670338,0.45
7.694393003999721,3.2083222644096754,2.8861803781704025,0.3691634778050645,-0.32024203882091573,0.47330062790810307,-0.679392501418359,15.632606769406197,0.37342032874981496,0.3611803405449705,0.12759310091305617,0.45
7.842867837000085,3.2220578408982408,2.874926131519193,0.41206729465696057,-0.33762739953627463,0.47330062790810307,-0.679392501418359,15.63111988853051,0.3609452298953949,0.34992609389376117,0.021052153449568966,0.45
7.845741197999814,3.2370906970313396,2.863322126300706,0.4509856839929658,-0.34812015655461365,-0.0,0.0,15.629002788463707,0.3480020169602113,0.338322088675274,0.03341904259532663,0.45
7.850377983000726,3.253229363504887,2.851558775320736,0.48415999420642086,-0.3529005293991006,0.35857124995174583,-0.4097861491542876,15.626255572778673,0.3349215690101979,0.32655873769530386,0.04641193139907938,0.45
7.852584645999741,3.2702795167132073,2.8397601500016236,0.5115045962496163,-0.3539587595733663,0.37200780326116567,-0.3976142562706185,15.622926973701597,0.3221496978767003,0.3147601123761916,0.05836372285954788,0.5
7.981028221000088,3.288127080791476,2.8280030457519745,0.5354269223480632,-0.3527131274894791,0.2790028651985099,-0.35683972399906555,15.619043227985873,0.309383137949482,0.30300300812654246,0.014509590995309896,0.5
7.983577635999609,3.288127080791476,2.8280030457519745,0.5354269223480632,-0.3527131274894791,0.2906837895634659,-0.3473660011674062,15.619043227985873,0.309383137949482,0.30300300812654246,0.014509590995309896,0.5
7.985555811001177,3.3254212382056156,2.805394950082599,0.5603489768416524,-0.32920694331648415,0.3071863396007147,-0.37277725589785293,15.609601235384915,0.2849604419202737,0.28039491245716697,0.03182820007856415,0.5
8.104107660001318,3.34397466371738,2.7945200195035644,0.556602765352935,-0.3262479173710412,0.39313861822071006,-0.3810812308707341,15.604677459792603,0.27342591240395553,0.2695199818781324,0.03135389114193035,0.55
8.105966340999657,3.362273286119634,2.7836028834719535,0.5489586720676218,-0.3275140809483339,0.41228914318566334,-0.40489446661184536,15.599987778230608,0.2618583597088689,0.2586028458465215,0.03903903357148375,0.55
8.111961029000668,3.380223408283083,2.772622357770629,0.538503664903471,-0.3294157710397454,0.47992865799949147,-0.3202512104411972,15.59561138352709,0.2504092700289467,0.2476223201451968,0.04641063614467354,0.55
8.22473042800084,3.3977832445524836,2.761608146980854,0.5267950880820256,-0.3304263236932435,0.5080945875139126,-0.33805573728837995,15.591554550242659,0.23900484349652834,0.23660810935542198,0.005862296380061421,0.55
8.347747124000307,3.4148891788688482,2.750603200461099,0.513178029490941,-0.3301483955926411,0.6633239352002482,-0.4045751407261734,15.587828616367254,0.2276198368533575,0.22560316283566717,0.0033073770602081347,0.55
8.35211388300013,3.4315273766358163,2.739678720586925,0.4991459330090473,-0.32773439622522993,0.7090089022931888,-0.39324567524441567,15.584389872143104,0.21641384421287865,0.21467868296149284,0.006360785334369051,0.6000000000000001
8.359263358001044,3.4634190446227886,2.7183628580686094,0.4718768762537312,-0.3167691756809037,0.7537187221238804,-0.32984000264380253,15.578142329908447,0.19465559093268747,0.19336282044317743,0.011164491464059878,0.6000000000000001
8.472719663001044,3.4634190446227886,2.7183628580686094,0.4718768762537312,-0.3167691756809037,0.7537187221238804,-0.32984000264380253,15.578142329908447,0.19465559093268747,0.19336282044317743,0.005788219971084641,0.6000000000000001
8.474689893000686,3.479002297548748,2.707900277018818,0.4674975877787704,-0.31387743149373765,0.7527113120560717,-0.29529498581588326,15.575157408316063,0.18400875629286165,0.18290023939338607,0.008581841022341092,0.6000000000000001
8.476449629000854,3.494505610438521,2.697559257413258,0.4650993866931871,-0.3102305881668017,0.7439347947657425,-0.2412214159625009,15.572159970126883,0.17353358018664183,0.17255921978782585,0.010673084292377682,0.65
8.604923631999554,3.51011531852618,2.6874255059892502,0.4682912426297703,-0.3040125427202305,0.6627775784591503,-0.11887738412202531,15.568959957179496,0.16326474110273356,0.16242546836381822,0.003085715683099768,0.65
8.609069807000196,3.5258889974561582,2.677571459019748,0.4732103678993507,-0.29562140908506307,0.6321635891708137,-0.10398114419834839,15.565464890838275,0.15328058686656398,0.1525714213943159,0.006488386115734964,0.65
8.610762087000694,3.5258889974561582,2.677571459019748,0.4732103678993507,-0.29562140908506307,0.6028362318310796,-0.06838822647228496,15.565464890838275,0.15328058686656398,0.1525714213943159,0.006488386115734964,0.65
8.74480024100012,3.5585237927169384,2.658568999829724,0.49845160804605104,-0.2822847194441649,0.5466143010140773,-0.057985184710917764,15.557283309124774,0.13410204069308274,0.13356896220429215,0.0014762530395223221,0.65
8.800196535001305,3.5759168731156974,2.6493646381911797,0.5217924119627687,-0.2761308491563328,0.5827813107741747,-0.027919829375954774,15.55227879928461,0.12480679123004267,0.12436460056574772,0.0030420870231436647,0.7000000000000001
8.857796776001123,3.6132602256585256,2.631963411588029,0.5726941849739536,-0.25515990675903844,0.6181064871331955,-0.013997932988431216,15.539870472044198,0.10727999470730647,0.10696337396259681,0.003220313091638196,0.7000000000000001
8.859969215000092,3.6534105559590198,2.616402011671074,0.6113301964227114,-0.22571606590782414,0.6486881713907369,-0.0008387390402478379,15.524311700358911,0.09161995414456582,0.09140197404564177,0.004588837869697952,0.7000000000000001
8.972491651000382,3.6741726397042473,2.609570470511254,0.6228625123568268,-0.20494623479459217,0.5862192262999728,0.0261281292043746,15.515406759696583,0.08474492055486742,0.08457043288582211,0.000719748552381402,0.7000000000000001
9.093559263001225,3.6950243570069516,2.6035330654577957,0.6255515190811272,-0.18112215160375342,0.6907347766305626,-0.003627789530824238,15.505878566153573,0.07867977013638491,0.07853302783236371,0.0006117217288370331,0.7000000000000001
9.095491201000186,3.7159315329616223,2.5982894574436837,0.6272152786401215,-0.15730824042335895,0.6904718250775899,0.019393770574545194,15.495748556713608,0.07340888581751909,0.07328941981825166,0.00044112884642088834,0.75
9.098834592999992,3.7368825982305807,2.5937954922216773,0.628531958068747,-0.13481895666019328,0.7247657705755035,0.019963773840140586,15.485055520006195,0.06889347251593347,0.06879545459624525,0.000716970230585849,0.75
9.104879255000924,3.7578500862849737,2.5900417375104663,0.629024641631794,-0.11261264133633044,0.8336557540025361,-0.0006237030441632596,15.47382318762906,0.06512268388222711,0.06504169988503428,0.0010733428363300834,0.75
9.21294992300136,3.7788158964074787,2.5870173902197062,0.6289743036751525,-0.0907304187228073,0.8336557540025361,-0.0006237030441632596,15.462070038431284,0.06208248630781891,0.06201735259427421,0.00024239591473567128,0.75
9.215369685000041,3.7996754223261733,2.5846562331812524,0.6257857775608382,-0.0708347111536162,0.8584548869095252,0.029736209678479425,15.449913542587959,0.05971077930538381,0.05965619555582036,0.0004303361703950797,0.75
9.33706744600022,3.8204228603969397,2.5829347251674735,0.6224231421229961,-0.05164524041336258,1.0288427131782403,-0.001837956483119435,15.437373439604388,0.05797877793725127,0.05793468754204145,0.00013549393305746605,0.75
9.341266700999768,3.8204228603969397,2.5829347251674735,0.6224231421229961,-0.05164524041336258,1.0651189397400453,-0.002865928911140403,15.437373439604388,0.05797877793725127,0.05793468754204145,0.00013549393305746605,0.75
9.343052987000192,3.8410376601611604,2.581851070436413,0.6184439929266238,-0.032509641931808095,1.096415969161182,-0.0030790780671960394,15.424463136648821,0.05688776545956234,0.05685103281098103,0.0008712408318249748,0.75
9.344815698001185,3.8617181604879756,2.581304876943579,0.620415009804455,-0.016385804785021715,1.1301544097912413,0.034371523200672036,15.411124305617857,0.05633506362702995,0.05630483931814689,0.0013857705678625629,0.75
9.458723099000053,3.8826283006629922,2.5812639882325494,0.627304205250497,-0.0012266613308806948,1.1976326152153207,0.03448398475815538,15.397271308618327,0.05628850470833949,0.05626395060711742,0.0008624869111436853,0.75
9.460838721999608,3.903844413269279,2.581751570054278,0.6364833781886108,0.014627454651858477,1.2318605205463111,0.03364074537912244,15.382835747766636,0.05677193707907565,0.05675153242884612,0.0022661692699448327,0.75
9.579409186000703,3.947317055255934,2.5843309262050007,0.6590617825141324,0.046134084917749875,1.2498950073928194,-0.01620094116104063,15.35212054387457,0.05934445250314843,0.0593308885795687,0.004484928959615487,0.75
9.581456420000904,3.947317055255934,2.5843309262050007,0.6590617825141324,0.046134084917749875,1.2481978673546408,0.0670975702341501,15.35212054387457,0.05934445250314843,0.0593308885795687,0.004484928959615487,0.75
9.706098878001285,3.993860209645606,2.5884011568744625,0.7145219724602763,0.06516922209642129,1.2497093149032175,-0.026956042812897638,15.318321363231467,0.0634099261695207,0.06340111924903047,0.007824396881848633,0.75
9.708192198000688,4.018876485540139,2.5908226053074044,0.7504882768360107,0.07264345298825826,1.2486655817113161,0.05774309525424835,15.300007046282646,0.06582951310037329,0.06582256768197237,0.011466865359396087,0.75
9.709803296000246,4.045109931907366,2.593568997950781,0.7870033910167784,0.08239177930130269,1.249987662045336,0.005553803600661322,15.280666500069533,0.06857455185162727,0.06856896032534898,0.015279034270988512,0.75
9.854552131000673,4.0725152386271875,2.5967246764343006,0.822159201594661,0.09467035450559144,1.2490775650976487,-0.04801287712405067,15.260268471076106,0.07172900609339108,0.07172463880886859,0.007579890212097718,0.75
9.90864866999982,4.0725152386271875,2.5967246764343006,0.822159201594661,0.09467035450559144,1.249983759718972,-0.006371847363481842,15.260268471076106,0.07172900609339108,0.07172463880886859,0.007579890212097718,0.75
9.965781626000535,4.1010287106816765,2.600278310761758,0.8554041616346616,0.106609029823726,1.214037175978111,-0.048665080583381926,15.238865632800513,0.07528187532344804,0.07527827313632596,0.0,0.7000000000000001
10.020290147000196,4.161083521963941,2.608670639382027,0.9150973316842743,0.13326036287546178,1.1811533460925883,-0.009924151225009059,15.193179760391745,0.08367319297978273,0.08367060175659491,0.017861892357701258,0.7000000000000001
10.075240946000122,4.224605386440728,2.619376302570093,0.9645914408225585,0.1704589482148849,1.0798011713421864,0.017009397758657452,15.143584095434761,0.09437869446971436,0.09437626494466089,0.024371461933839565,0.7000000000000001
10.078948791000585,4.257548055960706,2.6255982561075153,0.9882800855993595,0.18665860612267715,1.1077422987140972,0.07557044540939095,15.11739910338302,0.10060101108468561,0.10059821848208328,0.03536590938634941,0.7000000000000001
10.19203404200016,4.29122298160356,2.6324316144881887,1.0102477692856002,0.20500075142020813,0.8995222319719983,-0.07298415056909363,15.090302557371476,0.10743496921007344,0.10743157686275673,0.03253084902349592,0.7000000000000001
10.194012326999655,4.29122298160356,2.6324316144881887,1.0102477692856002,0.20500075142020813,0.8735299627987204,-0.09409678800719673,15.090302557371476,0.10743496921007344,0.10743157686275673,0.03253084902349592,0.7000000000000001
10.195805867000672,4.325571394103435,2.6399303529714326,1.0304523749962669,0.22496215449731632,0.8356662637621337,-0.12457752801441868,15.062292351648022,0.1149345764279834,0.11493031534600062,0.046872958298956706,0.7000000000000001
10.311181897999631,4.360522836336723,2.6481305282560434,1.048543266998629,0.24600525853832572,0.7023154073119788,-0.14170014318435326,15.033387170540765,0.1231363075473282,0.12313049063061143,0.04300038585945636,0.7000000000000001
10.43143285000042,4.431970108104609,2.66619219524154,1.0793874479555943,0.27431615256592873,0.504441116219838,-0.15665959790685485,14.97340184816858,0.1412031746277065,0.14119215761610793,0.04855758000670122,0.65
10.43378618800125,4.431970108104609,2.66619219524154,1.0793874479555943,0.27431615256592873,0.4839515632527098,-0.125396314223555,14.97340184816858,0.1412031746277065,0.14119215761610793,0.04855758000670122,0.65
10.435640792000413,4.431970108104609,2.66619219524154,1.0793874479555943,0.27431615256592873,0.49066777774799086,-0.18806757871088164,14.97340184816858,0.1412031746277065,0.14119215761610793,0.04855758000670122,0.65
10.43725201900088,4.468363718590316,2.6752010701177236,1.0918083145712283,0.27026624628551166,0.5061545841149137,-0.21756918101518863,14.943040120591476,0.15021645352116073,0.15020103249229155,0.06922048215250265,0.65
10.509730376999869,4.505000442635787,2.68403315365312,1.099101721364105,0.26496250606189187,0.5528097779925429,-0.2920898379283282,14.912689748757954,0.15905520186956063,0.15903311602768788,0.0881150595994908,0.65
10.565765788000135,4.541674298014136,2.692680960489668,1.1002156613504657,0.25943420509644477,0.5528097779925429,-0.2920898379283282,14.882490312256834,0.16771215813600543,0.16768092286423597,0.07596260339495943,0.65
10.567766465001114,4.578109834440238,2.7008743999061995,1.093066092783087,0.2458031824959419,0.5420669284130285,-0.24592309024296466,14.85282655832544,0.17591764019184164,0.17587436228076747,0.09711826590328557,0.6000000000000001
10.569557740000164,4.578109834440238,2.7008743999061995,1.093066092783087,0.2458031824959419,0.5289597820058898,-0.2009654904751473,14.85282655832544,0.17591764019184164,0.17587436228076747,0.09711826590328557,0.6000000000000001
10.682508589999998,4.649036777790315,2.7157495942553638,1.050528445870306,0.21406100880685686,0.46625826994932185,-0.24104818811504614,14.79600835118232,0.19083603262579532,0.19074955662993176,0.08545660270058673,0.6000000000000001
10.684457188999659,4.682890331936799,2.7222338388766585,1.0156066243945252,0.1945273386388417,0.45240910861366285,-0.19496860435971863,14.769411542696371,0.19735155966503942,0.19723380125122647,0.10938743198946294,0.6000000000000001
10.800624994000827,4.7153302889896365,2.7281164758072083,0.9731987115851196,0.17647910791649463,0.3804775893559583,-0.27481039395082335,14.74421108342399,0.20327651889244586,0.20311643818177627,0.0246981214847528,0.6000000000000001
10.803075638999871,4.746394581540885,2.733243695476645,0.9319287765374699,0.1538165900831036,0.42425902842350705,-0.2737695519525442,14.720498741912555,0.20846090321028538,0.20824365785121302,0.04795147558799753,0.6000000000000001
10.804817546000777,4.776203157514194,2.737608672385027,0.8942572791992786,0.13094930725146373,0.4572209015049733,-0.280813501438431,14.698201394790052,0.21288912473197183,0.21260863475959502,0.06959961427093939,0.6000000000000001
10.806589435000205,4.776203157514194,2.737608672385027,0.8942572791992786,0.13094930725146373,0.4884594423615275,-0.2873180962461151,14.698201394790052,0.21288912473197183,0.21260863475959502,0.06959961427093939,0.6000000000000001
10.944197734001136,4.832544731966889,2.744222799662623,0.8307349926905275,0.08823828909523972,0.5698474123545494,-0.3071792869458239,14.657400962268067,0.21970623478546836,0.21922276203719093,0.041978261236469555,0.6000000000000001
11.014225083001293,4.832544731966889,2.744222799662623,0.8307349926905275,0.08823828909523972,0.6113727727162583,-0.293780567714892,14.657400962268067,0.21970623478546836,0.21922276203719093,0.041978261236469555,0.6000000000000001
11.075636022000253,4.859241542815966,2.7465702777789835,0.8009043254723033,0.07042434349082309,0.6338576212957036,-0.3192035182425607,14.638715220996335,0.2221979477900962,0.22157024015355153,0.020300668764933548,0.6000000000000001
11.187555160000556,4.884899402289003,2.7483493664877967,0.7697357841910911,0.053372661264395216,0.6432064095155484,-0.350162025371191,14.621150814188724,0.22414292281789472,0.2233493288623647,0.02480032396964231,0.6000000000000001
11.242667983000501,4.909670000927624,2.7495632495478715,0.7431179591586362,0.0364164918022362,0.5952203816750021,-0.3718480901716905,14.604608174061498,0.22557171925593106,0.22456321192243944,0.0,0.6000000000000001
11.30595189000087,4.93343222110994,2.7502382656019044,0.7128666054694794,0.020250481620986232,0.5308144143499155,-0.3636321585791583,14.589141725015653,0.2264838220880453,0.22523822797647242,0.044884663126554966,0.55
11.309681615000954,4.93343222110994,2.7502382656019044,0.7128666054694794,0.020250481620986232,0.5831173634772207,-0.4074050069996776,14.589141725015653,0.2264838220880453,0.22523822797647242,0.044884663126554966,0.55
11.311458012000003,4.9562231184524395,2.750308298241226,0.6837269202749934,0.0021009791796479348,0.6086283794926839,-0.42871620251016956,14.574778124708985,0.22687144232557452,0.2253082606157939,0.022098633136551946,0.55
11.313153899000099,4.97831387098254,2.749718180322709,0.6627225759030124,-0.017703537555509023,0.6365885729249049,-0.4477747228659527,14.561389192738663,0.22658928038826778,0.22471814269727686,0.0,0.6000000000000001
11.314618100999724,4.97831387098254,2.749718180322709,0.6627225759030124,-0.017703537555509023,0.6797521603354004,-0.4444507224706874,14.561389192738663,0.22658928038826778,0.22471814269727686,0.0,0.6000000000000001
11.316331640000499,5.021390867351335,2.7466951672691353,0.6429329806031421,-0.0540613005310811,0.7092491056832481,-0.46318671356983276,14.536804133244752,0.22452415393499134,0.2216951296437033,0.028791741893921596,0.6000000000000001
11.422897280999678,5.064268993461894,2.7414953360327563,0.6445365169029713,-0.08606954412430706,0.7531178831311263,-0.48038145441659075,14.514133216416328,0.2207304482605136,0.2164952984073243,0.02646135998598888,0.6000000000000001
11.425126606000049,5.0857995590199225,2.7381769122517796,0.6459169667408571,-0.09955271342929746,0.7265271456896065,-0.46756927911706425,14.503338700707982,0.21820802090452832,0.2131768746263476,0.039245639516066536,0.6000000000000001
11.426632116001201,5.107371802132501,2.734443453036138,0.6471672933773757,-0.11200377646924606,0.7416876853393023,-0.4431185765688686,14.49286850583123,0.21571692935646308,0.2094434154107061,0.05176420100802715,0.6000000000000001
11.543060859999969,5.107371802132501,2.734443453036138,0.6471672933773757,-0.11200377646924606,0.7711274830923832,-0.6679168794552078,14.49286850583123,0.21571692935646308,0.2094434154107061,0.0,0.6000000000000001
11.545108184000128,5.128999851360838,2.7303899060867463,0.6488414768501134,-0.12160640848175572,0.7800037494774124,-0.700244145517301,14.482640551864083,0.21291653797499033,0.20538986846131424,0.011924294603884552,0.6000000000000001
11.549237629000345,5.150503838688788,2.726066180084424,0.6451196198385118,-0.12971178006965856,0.786986712171736,-0.7356366075138345,14.472727872835286,0.21018096274754344,0.20106614245899213,0.02356708977503363,0.6000000000000001
11.660631132001072,5.171888021504401,2.7215443223416993,0.6415254844683901,-0.13565573228174543,0.8040229384052726,-0.8687825886189402,14.463071496365874,0.20765260472067698,0.19654428471626728,0.010423359967369778,0.6000000000000001
11.662694344000556,5.193449203582453,2.716659772197301,0.6468354623415602,-0.1465365043319508,0.861886653800522,-0.8578467910944285,14.45361829546765,0.20477944379030372,0.19165973457186913,0.020685375241091968,0.6000000000000001
11.665548418999606,5.193449203582453,2.716659772197301,0.6468354623415602,-0.1465365043319508,0.878767952204817,-0.8888779012201774,14.45361829546765,0.20477944379030372,0.19165973457186913,0.020685375241091968,0.6000000000000001
11.667871330000708,5.215270066085915,2.711199417243618,0.6546258751038355,-0.1638106486104907,0.8338593416649598,-0.9312242470630153,14.444487000665031,0.20225723800128753,0.186199379618186,0.030677417462192005,0.6000000000000001
11.789942023000549,5.237337309530027,2.7048786260142568,0.6620173033233427,-0.18962373688083936,0.819267677117897,-0.9440871110389365,14.435912894338038,0.19925608021188576,0.17987858838882476,0.024380404777763775,0.6000000000000001
11.903270992001126,5.259718338910708,2.697514553521054,0.6714308814204393,-0.22092217479608284,0.7960774008291439,-0.9637223520750747,14.42800243292729,0.19536532107455784,0.17251451589562183,0.015103594948899948,0.65
11.905136266001136,5.282499892374769,2.6889589364889015,0.6834466039218408,-0.2566685109645644,0.770816221230839,-0.9404318690605027,14.420824050695142,0.1920435926506102,0.16395889886346948,0.029917172842855118,0.65
11.90775201500037,5.282499892374769,2.6889589364889015,0.6834466039218408,-0.2566685109645644,0.7761093347727996,-0.8921337913542534,14.420824050695142,0.1920435926506102,0.16395889886346948,0.029917172842855118,0.65
12.050431084000593,5.305778987850351,2.679230804024641,0.6983728642674433,-0.29184397392781486,0.6428046241075893,-0.8280788323349579,14.414308593833907,0.18799980591110235,0.15423076639920907,0.029252703836457988,0.65
12.159308655000132,5.32962259572745,2.668123066528955,0.7153082363129791,-0.3332321248705841,0.6426768940855452,-0.7853831623903231,14.408585289174015,0.18318034223602067,0.14319765731390507,0.012548410354154868,0.65
12.161403258000064,5.378805820654516,2.641315291287648,0.7449491382335772,-0.4249229968115717,0.5913273456371068,-0.797577693779189,14.40002372107518,0.17544435499605845,0.12815730970949638,0.035489945181403214,0.7000000000000001
12.16321312800028,5.429966204541233,2.6089147507342836,0.7742676964570712,-0.5056473597438276,0.6414495883655229,-0.7558210469680977,14.394947940867633,0.16997566244137188,0.13355892159912067,0.05387480872611132,0.7000000000000001
12.27348065300066,5.429966204541233,2.6089147507342836,0.7742676964570712,-0.5056473597438276,0.630886452646002,-0.7212269628025111,14.394947940867633,0.16997566244137188,0.13355892159912067,0.01776193206481471,0.7000000000000001
12.27548314300111,5.456267481810789,2.5909559799715787,0.78903831808667,-0.538763122881143,0.6387771289891273,-0.7980859730254808,14.393477901499468,0.16853237298709792,0.13945796452220788,0.025663564000547857,0.75
12.279238928000268,5.482977242546606,2.572025965361898,0.8012928220745017,-0.5679004382904246,0.6937955471516841,-0.7933072520029292,14.392611526257491,0.16809003280259913,0.14495907576390857,0.03281457025704514,0.75
12.395501631001025,5.510114778967302,2.5523193630794343,0.8141260926208816,-0.5911980684739059,0.7186006262551615,-0.9122218244017316,14.39218733211968,0.1689287994669944,0.1502135396836033,0.010803568491810887,0.75
12.39750674700008,5.53769809700539,2.5320176741849867,0.8274995411426427,-0.6090506668334263,0.7460838788642803,-0.8865441969134982,14.392054369282851,0.170031696141312,0.15536242902915745,0.01610061019971376,0.8
12.399236306000603,5.565454396262377,2.511320923741183,0.8326889777095828,-0.6209025133141033,0.7387399257338196,-0.8535797609632553,14.392218432013742,0.17240829066932442,0.16035428386707617,0.021328411975379446,0.8
12.507664775999729,5.593356882837545,2.4904090899529394,0.8370745972550672,-0.6273550136473154,0.631493319190594,-0.812426777662754,14.392552873670978,0.17487081340998,0.1652974218576315,0.002824789180330244,0.8500000000000001
12.52517460099989,5.621116112946076,2.469297978611037,0.832776903255942,-0.6333333402570641,0.578521174797163,-0.7361794723430282,14.393217203963955,0.17812774009607307,0.1699983517196479,0.00547789583068798,0.8500000000000001
12.634373565000715,5.621116112946076,2.469297978611037,0.832776903255942,-0.6333333402570641,0.578521174797163,-0.7361794723430282,14.393217203963955,0.17812774009607307,0.1699983517196479,0.010201923851197297,0.8500000000000001
12.764564095001333,5.676762472022434,2.4262619734461395,0.8371427054595384,-0.6503126995525504,0.5457101950276781,-0.8133818107968794,14.395384328504024,0.18498717124350678,0.17891521848360367,0.009768587312862467,0.8845903006477066
12.766594978000285,5.676762472022434,2.4262619734461395,0.8371427054595384,-0.6503126995525504,0.5898051949673548,-0.7426322483471308,14.395384328504024,0.18498717124350678,0.17891521848360367,0.009768587312862467,0.8845903006477066
12.768756797000606,5.704914148565766,2.404263788183142,0.8445502962999805,-0.659945557889921,0.5059271590140022,-0.7722748736811772,14.396795198562609,0.1886969851690464,0.1832663938959011,0.015437667898134557,0.9
12.773871987001257,5.733317895809398,2.381958648789534,0.852112417308953,-0.6691541818082442,0.49824943446684666,-0.7481390485547205,14.398397915784301,0.1929962472169108,0.18757876086244984,0.021323587181834233,0.8845903006477066
12.891626705000817,5.762027878882591,2.359435367163395,0.8612994921958073,-0.675698448784163,0.3722836812095911,-0.7611928672287709,14.400091561873657,0.19738381305930097,0.19195341940883945,0.013982365665368163,0.8500000000000001
12.956864562000192,5.819934581509305,2.3141793144783356,0.8707849949755324,-0.6788620293347201,0.1738998352721987,-0.7185883225374063,14.40364719665668,0.2076769456095178,0.20089877976899997,0.03661264794502095,0.8
13.009633255000153,5.84887366179465,2.291661548618101,0.868172408560385,-0.6755329758070324,0.1738998352721987,-0.7185883225374063,14.405483082195136,0.2136934227694278,0.20543933474312684,0.038813374828780466,0.8
13.011888679000549,5.8775721315162235,2.269169571865733,0.8609540916471858,-0.6747593025710339,0.16464587270319508,-0.7128255430916118,14.407528194374159,0.21960191023914583,0.20982798800903812,0.05521592355026795,0.75
13.019663791999847,5.8775721315162235,2.269169571865733,0.8609540916471858,-0.6747593025710339,-0.0026118763108003984,-0.6869651070189188,14.407528194374159,0.21960191023914583,0.20982798800903812,0.05521592355026795,0.75
13.161261311000999,5.905972702184296,2.2466430626474025,0.8520171200421638,-0.6757952765499173,-0.06081460527151972,-0.6847387911124769,14.409863081987764,0.2264055605687538,0.21398157669325757,0.028844673923563012,0.7000000000000001
13.213882793999801,5.934022239478977,2.2242333794744398,0.841486118840418,-0.6722904951888797,-0.04288489054924166,-0.7193452838402111,14.412391391109008,0.23305255829529287,0.21796955578762742,0.05733605189828765,0.7000000000000001
13.26901277900106,5.934022239478977,2.2242333794744398,0.841486118840418,-0.6722904951888797,-0.02272673299514566,-0.7536205296185869,14.412391391109008,0.23305255829529287,0.21796955578762742,0.0,0.7000000000000001
13.270767395000803,5.9615048620193845,2.2018790638192316,0.8244786762122192,-0.6706294696562516,-0.05581372053461919,-0.7857243738108783,14.415283033049237,0.24098753696561073,0.2215958163621573,0.03421589897474691,0.65
13.274948145000963,5.9615048620193845,2.2018790638192316,0.8244786762122192,-0.6706294696562516,-0.06669679485064506,-0.8175857716621413,14.415283033049237,0.24098753696561073,0.2215958163621573,0.03421589897474691,0.65
13.38102134499968,6.04000879654474,2.1354374672559966,0.7588509032771759,-0.6622066270816788,-0.15761170989684253,-0.825629202954023,14.426164244168225,0.2674931818111746,0.23014787746625293,0.10170543574526816,0.6000000000000001
13.394193645999621,6.063930787802475,2.1133791156515733,0.7176597377320401,-0.661750548132698,-0.32997917652487946,-0.5928754603097413,14.431129152229454,0.27623747308296603,0.23418706412526463,0.13364966773055917,0.55
13.499670478000553,6.086248033897589,2.0913569981167632,0.6695173828534299,-0.6606635260443007,-0.32997917652487946,-0.5928754603097413,14.437026263080963,0.2860897523772883,0.24117346247150262,0.06366633973159926,0.55
13.501633294001294,6.106824291584556,2.069388630505425,0.6172877306090144,-0.6590510283401451,-0.3420170743784138,-0.6180513132331595,14.44390763711174,0.2968812967767487,0.25030315537743997,0.09347504522729272,0.5
13.506945213001018,6.125763656987338,2.0473796444100194,0.5681809620834637,-0.6602695828621732,-0.3737124082905857,-0.6266196652637238,14.451785449909153,0.3064074082053256,0.26100033797772804,0.12203537027335833,0.5
13.62169453000024,6.125763656987338,2.0473796444100194,0.5681809620834637,-0.6602695828621732,-0.5293679518223627,-0.6240638122583827,14.451785449909153,0.3064074082053256,0.26100033797772804,0.02903609875323944,0.5
13.624778867000714,6.1432126139831,2.0253275530632027,0.5234687098728497,-0.661562740404508,-0.53696084105958,-0.592359101152138,14.460573301466725,0.31494988363131143,0.2728934205394911,0.05714445338219543,0.5
13.626717086999633,6.159131541173975,2.0029197870367788,0.4775678157262654,-0.672232980792722,-0.5264441671927198,-0.5753085751270401,14.470547382847833,0.3239485140112751,0.28549990509023404,0.08458224111283186,0.45
13.751619014001335,6.186097969068452,1.9571872388995972,0.38068692173099355,-0.6899656076287533,-0.5970791342713255,-0.39639730187265054,14.494059027971606,0.33872393182345034,0.3110978815241303,0.08051245925390431,0.45
13.874349802999859,6.186097969068452,1.9571872388995972,0.38068692173099355,-0.6899656076287533,-0.6712293278349223,-0.29384143991694756,14.494059027971606,0.33872393182345034,0.3110978815241303,0.0,0.45
13.87946979300068,6.206747484595911,1.9108109852620374,0.2837504051725469,-0.696338555307259,-0.6192100997668136,-0.3065819386773018,14.521699766519813,0.35016106066850006,0.33174739705158895,0.05076573049778793,0.4
14.003116785001112,6.214498525654534,1.8876246691670706,0.23253123175867912,-0.6955894828490099,-0.6259881853266845,-0.2742954112529115,14.536961330451463,0.3537721736711545,0.33949843811021196,0.07513682667102632,0.4
14.006261825001275,6.2206215223361525,1.8644386895290503,0.18368990044856098,-0.6955793891406065,-0.6244718845002619,-0.26248993962210876,14.553129071665852,0.35638780171165807,0.3456214347918305,0.09896549469673005,0.4
14.02568487499957,6.2252902912242405,1.8412399603110672,0.14006306664262752,-0.6959618765394928,-0.642147937186121,-0.1380264076822333,14.570114986099506,0.3578783677257461,0.3502902036799185,0.12239203212647987,0.4
14.058375382999657,6.228180164798233,1.8184304938904736,0.08669620721978112,-0.6842839926178086,-0.642147937186121,-0.1380264076822333,14.58775161055587,0.3576877991519506,0.3531800772539109,0.14499774302714685,0.4
14.088866609001343,6.229353544463768,1.7960668841420824,0.03520138996606476,-0.6709082924517396,-0.642147937186121,-0.1380264076822333,14.60595240809548,0.3560152688948802,0.354353456919446,0.16682569802032082,0.4
14.12443233399972,6.228954798709489,1.7740954020222408,-0.011962372628376433,-0.6591444635952453,-0.642147937186121,-0.1380264076822333,14.624680397164502,0.35283304403198146,0.35395471116516664,0.18804076307547068,0.4
14.158498889000839,6.2268821556174485,1.7528146978973302,-0.06217929276121713,-0.6384211237473183,-0.642147937186121,-0.1380264076822333,14.643734819915142,0.347671391657807,0.35035816105266415,0.2084022202093505,0.4
14.191486032001194,6.2233860084214205,1.7321824161795794,-0.10488441588084811,-0.6189684515325241,-0.642147937186121,-0.1380264076822333,14.663013324654282,0.34107613784574486,0.33725429858070577,0.22807360243144137,0.4
14.2234374260006,6.2185380927955896,1.7124654499590994,-0.1454374687749211,-0.5915089866143963,-0.642147937186121,-0.1380264076822333,14.682249624058679,0.3323977347951477,0.32413161457886513,0.2468625439585145,0.4
14.257928746001198,6.212410193687674,1.6938237269728045,-0.1838369732374615,-0.5592516895888511,-0.642147937186121,-0.1380264076822333,14.70126806333607,0.3216535007010047,0.3110042462722018,0.26467187373081846,0.4
14.289372899000227,6.205054332859455,1.6761912369591836,-0.2206758248465581,-0.5289747004086289,-0.642147937186121,-0.1380264076822333,14.720094811777233,0.3094798940643878,0.29777515273988997,0.2814439829411751,0.4
14.324836007001068,6.196502811037276,1.6594240236361728,-0.2565456546653655,-0.5030163996903221,-0.642147937186121,-0.1380264076822333,14.738833008064866,0.29642259102986634,0.28432576433325946,0.2972311882267669,0.45
14.356304930000988,6.186850117242422,1.6433744357877809,-0.2895808138456291,-0.48148763545175965,-0.642147937186121,-0.1380264076822333,14.757556082020209,0.2828882485931835,0.2706298171351458,0.295581413127587,0.45276925690687087
14.389413831000638,6.17623564530466,1.6279340522235977,-0.31843415813286435,-0.4632115069254944,-0.642147937186121,-0.1380264076822333,14.776280673918729,0.2688849020817981,0.2567514683676328,0.2855461048060147,0.45276925690687087
14.425599143,6.1647883364332285,1.6129993805084406,-0.3434192661429424,-0.4480401514547083,-0.642147937186121,-0.1380264076822333,14.795025130657558,0.25419447242273646,0.24278046684871857,0.27395823760308263,0.45276925690687087
14.454725396000867,6.152625336178495,1.5984750145052298,-0.36489000764198976,-0.43573098009632544,-0.642147937186121,-0.1380264076822333,14.813807444749036,0.23890742096939976,0.22883253413952478,0.26130353229020925,0.4609772228646444
14.57062099200084,6.139850259496225,1.584273918731216,-0.3832523004681022,-0.42603287322041544,-0.642147937186121,-0.1380264076822333,14.832645860823146,0.22310350745099186,0.2150502294835772,0.001271090657677204,0.5099019513592785
14.572702209999989,6.126552290449279,1.5703144081900444,-0.39893907140839857,-0.4187853162351512,-0.28887263815619535,-0.567427637415878,14.851561850746528,0.20685593512651315,0.201552202159899,0.0028044156399905664,0.5099019513592785
14.576984481000181,6.112811822555281,1.5565107302631291,-0.4122140368199332,-0.4141103378074617,-0.25062228971746325,-0.6034965745052357,14.870584993264949,0.190223873901781,0.18781173426590136,0.005265316194171074,0.5099019513592785
14.713303730000916,6.112811822555281,1.5565107302631291,-0.4122140368199332,-0.4141103378074617,-0.1718871859448755,-0.6647777241003077,14.870584993264949,0.190223873901781,0.18781173426590136,0.004698737033903151,0.5099019513592785
14.766890775999855,6.0987058117036685,1.5427779848613588,-0.4231803255483979,-0.4119823620531131,-0.16043071902806558,-0.6680769835324691,14.889745915399201,0.17325367314296702,0.17370572341428847,0.007605173649647408,0.570087712549569
14.822604703000252,6.084308069997486,1.5290368553628078,-0.4319322511854866,-0.41223388495652663,-0.10343893730191467,-0.676853242737538,14.909072120710062,0.15599813590037037,0.159307981708106,0.0,0.570087712549569
14.82603662099973,6.084308069997486,1.5290368553628078,-0.4319322511854866,-0.41223388495652663,-0.04720004047876042,-0.6824840494719076,14.909072120710062,0.15599813590037037,0.159307981708106,0.0,0.570087712549569
14.831817207999848,6.069690698732232,1.515214520744785,-0.43852113795763287,-0.414670038540686,-0.014668252010875793,-0.684961162725688,14.92858643786814,0.1385099502899639,0.14469061044285159,0.005796397739621662,0.570087712549569
14.834353117001228,6.054933592284165,1.5012471360371509,-0.4427131934419985,-0.4190215412290195,0.019534786408829774,-0.6795905561013489,14.94829981074001,0.12053922067700565,0.12993350399478487,0.011641776966964385,0.570087712549569
14.886574207001104,6.040675746743976,1.48670673317652,-0.4277353662056609,-0.4362120858189231,0.05185775252984964,-0.6707154678876376,14.968228834902789,0.10270438613580192,0.11567565845459615,0.016768898053478132,0.632455532033676
14.939119071001187,6.014505715399022,1.4556124391111873,-0.37935133253183617,-0.47666662118074116,0.16358397006106043,-0.6207151824002388,15.008522732643437,0.06870284257679433,0.0895056271096415,0.01917192182872725,0.632455532033676
15.053562136999972,6.002827466034067,1.4390539320915465,-0.35034748094863266,-0.4967552105892229,0.3571490307797254,-0.4167452079831713,15.028764366350906,0.052237447891117054,0.07782737774468718,0.008656980980282367,0.65
15.058633014999941,6.002827466034067,1.4390539320915465,-0.35034748094863266,-0.4967552105892229,0.3904754733479311,-0.41284993903803774,15.028764366350906,0.052237447891117054,0.07782737774468718,0.008656980980282367,0.65
15.060701839000103,5.992314503294135,1.421856076867334,-0.31538888219796246,-0.515935656726376,0.4026014926014802,-0.41143508940058715,15.048916819796712,0.035842333706432465,0.06731441500475466,0.016056093373781218,0.696419413859206
15.177874629000144,5.975359996903718,1.3859350723150208,-0.23246752089507794,-0.5451076250007313,0.410973381203203,-0.3648913861916711,15.088314092876697,0.006204360651367385,0.043342082179870706,0.020945557239005725,0.7158910531638177
15.180089457000577,5.975359996903718,1.3859350723150208,-0.23246752089507794,-0.5451076250007313,0.4532271005417922,-0.36704329862817237,15.088314092876697,0.006204360651367385,0.043342082179870706,0.020945557239005725,0.7158910531638177
15.181826691001334,5.969030851236024,1.36743526860061,-0.18987437003082855,-0.554994111432327,0.4588352211669831,-0.40675157910870297,15.107311605227025,0.007865726247024706,0.025785363702046874,0.029486428484667745,0.7158910531638177
15.306881952999902,5.9604339763410605,1.3297176945018836,-0.10916911247406164,-0.5687750337870127,0.5056502312327137,-0.37879378122490265,15.143732869263816,0.03558847339191338,0.00696389724831009,0.023789530864786634,0.73824115301167
15.309095049000462,5.9604339763410605,1.3297176945018836,-0.10916911247406164,-0.5687750337870127,0.5521892054939916,-0.3725832855728207,15.143732869263816,0.03558847339191338,0.00696389724831009,0.023789530864786634,0.73824115301167
15.31219430300007,5.95824720344652,1.3108255426275515,-0.06560318683621366,-0.5667645562299608,0.5513969240020432,-0.4290095916677818,15.160841727994336,0.04769573302896228,0.02186894789250077,0.033786334663866796,0.73824115301167
15.418895569000597,5.95758537834336,1.2922057729663747,-0.01985475309479575,-0.558593089835305,0.6554893246552801,-0.48363156047544825,15.176907090478075,0.058470051286781496,0.03550309430245433,0.012713070760708847,0.7632168761236874
15.421027352000237,5.960764597023102,1.2565378798550562,0.06963165910474749,-0.5258405241750473,0.6799302093198283,-0.5062182055254673,15.205317233674231,0.07808263661121549,0.05847605630478404,0.03370949095332788,0.7632168761236874
15.42557815500004,5.960764597023102,1.2565378798550562,0.06963165910474749,-0.5258405241750473,0.7390639240776319,-0.48153712212365873,15.205317233674231,0.07808263661121549,0.05847605630478404,0.03370949095332788,0.7632168761236874
15.434337751001294,5.964486210384519,1.239653551238371,0.11164840084250174,-0.5065298585005504,0.8137539663560137,-0.6105930584743814,15.217591642674588,0.08564923119565135,0.06778350152061245,0.04198155627925014,0.7905694150420949
15.539571760000399,5.969521853268047,1.2235159291610347,0.15106928650583556,-0.4841286623200915,0.8137539663560137,-0.6105930584743814,15.228542836432363,0.09172214804302256,0.07563378629314578,0.021468967417666553,0.7905694150420949
15.54169686000023,5.975830784847695,1.2079914606834916,0.1892679473894235,-0.4657340543262898,0.8646361611920801,-0.5978222419989228,15.238307308039111,0.09698568012482325,0.08215015492592265,0.030267098083311947,0.7905694150420949
15.544251614999666,5.975830784847695,1.2079914606834916,0.1892679473894235,-0.4657340543262898,0.8973693943507968,-0.60982745484661,15.238307308039111,0.09698568012482325,0.08215015492592265,0.030267098083311947,0.7905694150420949
15.663629704000414,5.983371048395209,1.1930641998546494,0.22620790642543218,-0.44781782486526694,0.9861534031876358,-0.6625775933319812,15.246922879292816,0.10128003589202425,0.08737355079615633,0.007227310083897548,0.8200609733428363
15.665639509001267,5.9920793045875325,1.1787281133895584,0.26124768576969887,-0.4300825939527303,1.0146363975613362,-0.6115624484878586,15.25443034566703,0.10430893497428827,0.09135302774539683,0.013273640632333692,0.8200609733428363
15.78179703600108,6.012931948910628,1.151771475489307,0.3304923508442115,-0.39775262440376136,1.0036537683871507,-0.568137614880711,15.266214055419988,0.10694002013122307,0.09566920299612271,0.011810392906395557,0.7810249675906654
15.7835159260012,6.025274403317185,1.138723188449134,0.37027363219667875,-0.3914486112051898,1.0670821994658366,-0.5198385595523866,15.270752766231626,0.10712355912898396,0.09616830203773598,0.016335509959451093,0.8139410298049854
15.916302298001028,6.0390201481197705,1.1256671600115824,0.4123723440775691,-0.391680853126547,1.0561795005004335,-0.49446850425911737,15.2745772057763,0.10630291608612151,0.09568059891892501,0.004726006028759553,0.8139410298049854
15.968654260999756,6.071297985758724,1.0990121845210419,0.5087174688839947,-0.40327206760755674,1.0902227063501346,-0.4942775797948039,15.28024018828612,0.1021536469781125,0.09170463496410478,0.012196564661691894,0.8139410298049854
16.020363240000734,6.089864473055522,1.0854049403015638,0.5569946189039432,-0.4082173265843425,1.1559009345101976,-0.4180016776653152,15.28207956162855,0.09905357312866377,0.08819792055457938,0.0033673207783934986,0.8139410298049854
16.022356413001035,6.110099419954823,1.0716419167262612,0.6070484069790203,-0.4128907072590799,1.1747685951483313,-0.3786505993257955,15.283213851314468,0.09490706792369202,0.08362157968486097,0.006093598310410462,0.7810249675906654
16.023846013000366,6.131933874100363,1.0578547502269158,0.6550336243661967,-0.41361499498036214,1.1426173284676593,-0.38943039917441236,15.283573878608625,0.09042139152717651,0.07793128802007823,0.007871376012847486,0.7810249675906654
16.025657104000857,6.155266814526873,1.0441421624163347,0.6999882127953091,-0.4113776343174303,1.1372267015651891,-0.3264780257652616,15.283134798317809,0.08515705844616966,0.07112867144794888,0.008698505544827354,0.7905694150420949
16.03148315600083,6.18000995379886,1.0306371068762183,0.7422941781596286,-0.4051516662034884,1.0447163485620925,-0.3111497627602346,15.281835255102246,0.07902430886448555,0.06318214623360047,0.009442062459108927,0.7905694150420949
16.145472864000112,6.2334959714641665,1.0043657394513208,0.8207971451681572,-0.3902202136223066,0.9638754624476139,-0.29058308993473975,15.276698672063503,0.06643908693532935,0.04393848250098753,0.006923930644252096,0.7632168761236874
16.15843347900045,6.261971164452122,0.9916222666927623,0.8542557896386761,-0.38230418275675476,1.0752850109564904,-0.22318420941562214,15.272991286121558,0.06113392136946252,0.032814476447051516,0.008339229787870847,0.7826237921249265
16.27753998499975,6.32171712050108,0.9671889711049597,0.9081388405664089,-0.36083432854884323,1.118056028820052,-0.1501274912774324,15.263433757650118,0.05308929139368682,0.00847291661717351,0.010412042090710075,0.7615773105863909
16.389470922000328,6.32171712050108,0.9671889711049597,0.9081388405664089,-0.36083432854884323,1.118056028820052,-0.1501274912774324,15.263433757650118,0.05308929139368682,0.00847291661717351,0.009399867688598088,0.7615773105863909
16.394656765000036,6.352562380230159,0.9556054203236869,0.9253577918723797,-0.34750652343818567,1.1053878344400954,-0.11958562865534547,15.257716032829062,0.05176450211282808,0.01939459420494527,0.013373278358913686,0.7433034373659253
16.50872513000104,6.383885193051218,0.9445611113608358,0.9396843846317684,-0.3313292688855344,1.0703241200469777,0.002355135865770186,15.251360597229805,0.05276774613902217,0.030438903167796405,0.004766099283611894,0.7905694150420949
16.51066551400072,6.415620733850565,0.9341341259243559,0.9520662239804163,-0.3128095630943989,1.0696538236588136,0.03803797934226913,15.244333665994619,0.053967162071974294,0.04086588860427631,0.009249145289708171,0.7762087348130012
16.51258069100004,6.415620733850565,0.9341341259243559,0.9520662239804163,-0.3128095630943989,1.0371537773866903,0.04561734052021321,15.244333665994619,0.053967162071974294,0.04086588860427631,0.009249145289708171,0.7762087348130012
16.51472871400074,6.447719899617992,0.9243863061857651,0.9629749730228175,-0.2924345921577205,1.0064396267311329,0.02435124211850842,15.236606805431702,0.05596329214480807,0.05061370834286705,0.014774550001796675,0.7762087348130012
16.53490969199993,6.480138435372823,0.915364474879141,0.9725560726449556,-0.27065493919872446,0.9848658637006434,0.059688793182820415,15.22816155004804,0.0572109816953721,0.0596355396494912,0.020269428905185648,0.7648529270389178
16.644544393000615,6.480138435372823,0.915364474879141,0.9725560726449556,-0.27065493919872446,0.9848658637006434,0.059688793182820415,15.22816155004804,0.0572109816953721,0.0596355396494912,0.014859699335498402,0.7648529270389178
16.64651234899975,6.512949466314133,0.907023951604684,0.9843309282392938,-0.2502156982337087,1.0179217392789472,0.060512214132558306,15.218999731067594,0.057602705528825855,0.05658741789012752,0.02184554414163891,0.7566372975210779
16.648054588000377,6.512949466314133,0.907023951604684,0.9843309282392938,-0.2502156982337087,1.0495727061261624,0.09640109513095607,15.218999731067594,0.057602705528825855,0.05658741789012752,0.02184554414163891,0.7566372975210779
16.757693487001234,6.579656116101159,0.8928278114411058,1.0061473709250575,-0.19917025172320355,1.219107841823355,0.08506034779604593,15.198189673455792,0.05441581244396835,0.032172202342468315,0.02188035191981498,0.75
16.76336066099975,6.579656116101159,0.8928278114411058,1.0061473709250575,-0.19917025172320355,1.2226034709751503,0.17208516079201885,15.198189673455792,0.05441581244396835,0.032172202342468315,0.02188035191981498,0.75
16.87765922700055,6.6477678142573415,0.8824901857011448,1.026570998275346,-0.13996285730965582,1.1877287082968877,0.10207536759033409,15.173606368998286,0.05452332807463113,0.04250982808242931,0.02524634843848951,0.75
16.879713405000075,6.682165108841534,0.8789337079528976,1.0319188375257902,-0.10669433244741666,1.1457510560051394,0.17761556371607795,15.15984394283767,0.054720002022734235,0.0460663058306765,0.03394763612090812,0.75
16.881569712000783,6.7165432926565245,0.8764004893685992,1.0313455144496941,-0.0759965575289529,1.1168236351772494,0.13799067857090902,15.14526384606047,0.05484301215019346,0.04859952441497495,0.03973552085756103,0.75
16.996212403000754,6.750760390837615,0.8749236529097048,1.026512945432718,-0.04430509376683118,0.9849911268343987,0.1000020296920231,15.129903080299242,0.054684514289327205,0.05007636087386935,0.012547326063474064,0.75
17.001544089000163,6.818788415216201,0.8749815939904412,1.019794841885502,0.015153243033765572,0.9476356497285159,0.09815854801794927,15.096925315496577,0.05241091076489539,0.05001841979313293,0.029817523580020645,0.75
17.00347866700031,6.818788415216201,0.8749815939904412,1.019794841885502,0.015153243033765572,0.9082182917943664,0.1574855868562886,15.096925315496577,0.05241091076489539,0.05001841979313293,0.029817523580020645,0.75
17.19088975500017,6.887500151897706,0.8789051501614166,1.0350339776252584,0.07367739591705186,0.7476351212013403,0.08305245354487839,15.060461582810266,0.047357182686620945,0.046094863622157534,0.029398456589709764,0.75
17.243030263000037,6.922239265978532,0.8820170518602529,1.0421734224247745,0.09335705096509117,0.7065027563642937,0.1254436443728384,15.041121047720264,0.043879371163544234,0.042982961923321183,0.009549060632474553,0.75
17.245214423001016,6.9569778247919345,0.8856229958291066,1.0421567644020777,0.10817831906561146,0.6974308831980283,0.14782414752680795,15.021402244926227,0.0400360402950122,0.039377017954467464,0.015826127192537023,0.75
17.35821020900039,6.991563044689201,0.8896667927119303,1.0375565969179945,0.121313906484708,0.5881644208372894,0.03523705609223188,15.001425912066031,0.03580684924824396,0.03533322107164383,0.004839257245920806,0.75
17.36027775200091,7.025863176633969,0.8941894636276789,1.0290039583430501,0.1356801274724585,0.6198898503826983,0.057689615242001724,14.981216363108352,0.031145543188405532,0.030810550155895178,0.008232239810916175,0.75
17.361795605000225,7.059648477269594,0.8992266050125304,1.0135590190687487,0.15111424154554226,0.6541658280809951,0.05870388879674493,14.960847829899926,0.026022457303530065,0.025773408771043727,0.008947821992019078,0.75
17.478897802000574,7.092714210735006,0.9047731799168186,0.9919720039623848,0.16639724712864748,0.7905938386035484,0.02044253382492356,14.940417161708625,0.02040882283127068,0.0202268338667555,0.0035004057613697618,0.75
17.48137864900127,7.092714210735006,0.9047731799168186,0.9919720039623848,0.16639724712864748,0.8020023083525831,0.0360408833697442,14.940417161708625,0.02040882283127068,0.0202268338667555,0.0035004057613697618,0.75
17.487528556999678,7.124995156187613,0.9106839785856391,0.9684283635781996,0.1773239600646162,0.8074212487157508,-0.0006720114211198336,14.920078742551722,0.014446909103888904,0.014316035197935006,0.0022946898884203225,0.75
17.6017005169997,7.156389918446428,0.9169214469498773,0.941842867764434,0.18712405092714812,0.849786923254379,-0.011628452365691933,14.899908761483827,0.008178502655997219,0.008078566833696788,0.002393673453220846,0.75
17.604094931000873,7.187014458837481,0.9233648922534348,0.9187362117315959,0.19330335910672342,0.8833473111209453,-0.018344157481968715,14.879955707428076,0.0017093613249032256,0.0016351215301393385,0.005875854365032385,0.75
17.605782462000207,7.216904229198989,0.9300195622459491,0.8966931108452418,0.1996400997754295,0.9158555817980336,0.0057378204667047905,14.860194888387001,0.004963613600029534,0.0050195484623749564,0.010655456253342481,0.75
17.71392675199968,7.246097900044763,0.9369076323473512,0.8758101253732187,0.20664210304206473,1.0165915358027053,-0.04713049561058297,14.840585388559516,0.011864645685375813,0.01190761856377709,0.012814396037347228,0.75
17.718915776000358,7.246097900044763,0.9369076323473512,0.8758101253732187,0.20664210304206473,1.0539144102240092,-0.011673438621683851,14.840585388559516,0.011864645685375813,0.01190761856377709,0.012814396037347228,0.75
17.721900296000968,7.274367783348842,0.9438458980495094,0.8480964991223554,0.2081479710647451,1.1533291715533263,-0.05239660242028282,14.821391497131938,0.018813635116264747,0.018845884265935253,0.019522160230601507,0.75
17.835821145999944,7.3017408028815325,0.9508324889972156,0.821190585980738,0.20959772843118887,1.1865314136041203,-0.05840424464148447,14.802598905044242,0.025806695900504415,0.025832475213641515,0.01075329008815654,0.7000000000000001
17.837678174000757,7.3017408028815325,0.9508324889972156,0.821190585980738,0.20959772843118887,1.1567437282546904,-0.03184376138157757,14.802598905044242,0.025806695900504415,0.025832475213641515,0.01075329008815654,0.7000000000000001
17.839512409000235,7.328450373956445,0.9578739292867438,0.8012871322473575,0.2112432086858426,1.124547275171723,-0.0848852260461978,14.784091517455229,0.03285403718574159,0.03287391550316965,0.021393981344215884,0.7000000000000001
17.856523140000718,7.3547562905326975,0.9649128048272763,0.7891774972875812,0.2111662662159755,1.0998628153108092,-0.10123928045951691,14.765799278227327,0.03989658997371904,0.039912791043702156,0.03071895151343343,0.7000000000000001
17.95391749600094,7.380867798171672,0.971892886371106,0.7833452291692496,0.20940244631489321,1.0998628153108092,-0.10123928045951691,14.74767554337157,0.046879962689017826,0.04689287258753194,0.026521610499814392,0.7000000000000001
17.955810000001293,7.407026206855518,0.9787210774433198,0.7847522605153628,0.20484573216641416,1.0683201243303406,-0.0658475004178854,14.729693097931438,0.053710209034252644,0.053721063659745716,0.037480863570012866,0.7000000000000001
17.973285420999673,7.433381059657118,0.9853232581188333,0.7906455840480168,0.19806542026540275,0.9295198839712737,-0.11080325195304849,14.711850806060305,0.06031409789575316,0.06032324433525915,0.048032243985998126,0.7000000000000001
18.07536852799967,7.460122037736475,0.9916715076734497,0.8022293423807062,0.19044748663849362,0.8982222406513224,-0.08628235537489187,14.694089125103769,0.06666329134015805,0.06667149388987559,0.030045062788213946,0.7000000000000001
18.19363190200056,7.487455470476476,0.9977945731974464,0.8200029822000267,0.1836919657199006,0.6966584869650939,-0.14301120720963834,14.676291500275735,0.0727868830186933,0.07279455941387225,0.01684246536906073,0.7000000000000001
18.195440790001157,7.515621040701542,1.0037026707290433,0.8449671067519723,0.17724292594791013,0.693807339135633,-0.11219548771303844,14.658344040727172,0.0786949827021284,0.07870265694546918,0.033831966112738615,0.65
18.19734174000041,7.544594178766762,1.0093634925515562,0.8691941419566078,0.16982465467538865,0.6600361421210436,-0.11910778651394616,14.64029062727925,0.0843551165385989,0.08436347876798211,0.04922606681205168,0.65
18.316219874001035,7.574312210119231,1.0148683634625533,0.89154094057406,0.16514612732991138,0.5952808601203179,-0.16509579207249664,14.622081625969408,0.08985894298037492,0.08986834967897916,0.019670260222182937,0.65
18.31820088400127,7.6352124225786,1.025108023700848,0.918465138592138,0.14968638912303436,0.6226968771438004,-0.17846628332706865,14.585824577756101,0.10009323088510712,0.10010800991727398,0.05756625430704673,0.65
18.32321759000115,7.665849835413395,1.0297459308995793,0.9191223850438694,0.13913721596193987,0.6014563865257826,-0.1229372027819054,14.568110027429293,0.10472685962070438,0.10474591711600523,0.07426408470846735,0.65
18.465621827999712,7.6961354829152,1.034004149310612,0.9085694250541436,0.12774655233098114,0.5162949375568823,-0.1877204397984844,14.550935651132887,0.10897887764678793,0.10900413552703792,0.019336309989586714,0.65
18.51332624600036,7.754796564646746,1.0414713914838658,0.8691778537107037,0.10651145588078408,0.519628272259808,-0.17409609155866104,14.518497720337772,0.11642809469934694,0.1164713777002917,0.05554017198229192,0.65
18.561958102000062,7.782993937604092,1.044636200216048,0.8459211887204034,0.0949442619654697,0.5589677873426856,-0.1562721564132833,14.503347528658889,0.11958033269985871,0.11963618643247398,0.0616341231637251,0.65
18.563929023001037,7.810452716055559,1.0474696049676893,0.8237633535439917,0.0850021425492362,0.5978828033280995,-0.1360166611371909,14.488856226431926,0.1223969227752825,0.12246959118411516,0.0786355290762009,0.65
18.682140950000758,7.8372346172135225,1.0498998878535968,0.803457034738922,0.07290848657722743,0.42887495531298914,-0.18638815874272474,14.475059349683931,0.12480620342413253,0.12489987407002268,0.017400317123336867,0.65
18.68410985800074,7.8632132238339905,1.0519447128046318,0.7793581986140388,0.06134474853105205,0.40918191043043584,-0.1736838694954947,14.461993502593831,0.12682542678468292,0.12694469902105765,0.03402311337990305,0.6000000000000001
18.685759037000025,7.888432171207201,1.0536542272940526,0.756568421196334,0.05128543468262595,0.4415267588027132,-0.17683397632747397,14.449592136551676,0.1285019518411656,0.12865421351047845,0.049934511519931966,0.6000000000000001
18.80054370400103,7.9129654410346495,1.055077196198081,0.7359980948234595,0.04268906712085211,0.5567148504348314,-0.20429296845278522,14.43777710005882,0.12988606241037293,0.13007718241450683,0.01474053393823651,0.6000000000000001
18.802554851001332,7.936904600871613,1.0562707673884466,0.7181747951088984,0.03580713571096992,0.5631853609138022,-0.18566963113974763,14.426455461839637,0.13103002247340614,0.1312707536048725,0.02896161916279491,0.6000000000000001
18.807737318000363,7.936904600871613,1.0562707673884466,0.7181747951088984,0.03580713571096992,0.5939249314614834,-0.19399317404176467,14.426455461839637,0.13103002247340614,0.1312707536048725,0.02896161916279491,0.6000000000000001
18.918923725999775,7.960262045272144,1.0572090276612587,0.7007233320159493,0.028147808184365526,0.6888084490992885,-0.23033126319205627,14.415643534051707,0.13190885230752372,0.13220901387768458,0.013844930032058826,0.6000000000000001
18.920941696000227,8.006235427995417,1.0585137944933718,0.686853049390955,0.017597507536905418,0.6960857900293024,-0.20727376571516373,14.39494109426773,0.13304779889019056,0.1335137807097977,0.040614449789401284,0.6000000000000001
18.923088096000356,8.006235427995417,1.0585137944933718,0.686853049390955,0.017597507536905418,0.7297684589083724,-0.20015119307661294,14.39494109426773,0.13304779889019056,0.1335137807097977,0.040614449789401284,0.6000000000000001
19.041758100000152,8.028888125620206,1.0589546333890085,0.6795809287436547,0.01322516686909957,0.6692119352899069,-0.20764748298933838,14.384966584780145,0.13338467822164193,0.13395461960543442,0.034948194516335185,0.6000000000000001
19.16175296700021,8.05105290653256,1.0592462611488338,0.6649434273705935,0.00874883279476074,0.7808423087561714,-0.24726225968115995,14.375361526477477,0.13353084865223705,0.1342462473652597,0.012312231898679261,0.6000000000000001
19.16366274400025,8.072571806741982,1.0593074174771326,0.6455670062826455,0.0018346898489679892,0.7886330849483257,-0.22113275430631263,14.366264429445414,0.13345079105073268,0.13430740369355854,0.02407949612206783,0.6000000000000001
19.165532606000852,8.09361095112157,1.0591373496271699,0.631174331387666,-0.005102035498883584,0.7543130392205757,-0.22155111983215753,14.357604538096728,0.13306412480227986,0.13413733584359577,0.03539160796993297,0.6000000000000001
19.28121902299972,8.114230732242634,1.0587714337966152,0.6185934336319113,-0.01097747491663964,0.6993050952944655,-0.2015969437308615,14.349323198074108,0.13248093693941382,0.1337714200130411,0.009880480081480054,0.6000000000000001
19.283154828999614,8.134798718282642,1.0581854147505843,0.6170395812002476,-0.01758057138093121,0.7028462594341947,-0.17448809966923873,14.34128843610039,0.13160406434314162,0.13318540096701015,0.01954404591273842,0.6000000000000001
19.28894382100043,8.155457487445576,1.0573773148290617,0.619763074888025,-0.024242997645676542,0.6845998589268549,-0.14477282191118152,14.333443138035692,0.13044649977595243,0.13237730104548762,0.028670777771899653,0.6000000000000001
19.308051018000697,8.176288224685045,1.056413319049908,0.6249221171840905,-0.028919873374610407,0.5792691621048373,-0.08997361017631456,14.325694213561299,0.1290876687318809,0.131413305266334,0.03693300855419314,0.6000000000000001
19.409600816999955,8.176288224685045,1.056413319049908,0.6249221171840905,-0.028919873374610407,0.5660439637371235,-0.08667510619717164,14.325694213561299,0.1290876687318809,0.131413305266334,0.01751738281178692,0.6000000000000001
19.411684190001324,8.197338171693476,1.0553815334878907,0.6314984102529049,-0.030953566860521663,0.5994934139182726,-0.08569725103826492,14.317942854901176,0.12748436378665753,0.13038151970431655,0.026034045174039126,0.6000000000000001
19.41338283100049,8.218654386735794,1.0541910087211637,0.6394864512695461,-0.03571574300181052,0.6372716620926677,-0.06347157471112891,14.310253612693028,0.12571514406998915,0.12919099493758956,0.03384525214216884,0.6000000000000001
19.435892220000824,8.240336586959769,1.0528792435282004,0.650466006719216,-0.039352955788897206,0.6064622347201002,-0.07513100898392727,14.302552756346662,0.12349009860952857,0.1278792297446263,0.04169896398104689,0.6000000000000001
19.5318031780007,8.262414438111009,1.0515163990274887,0.6623355345371797,-0.0408853350213528,0.6064622347201002,-0.07513100898392727,14.294765807008638,0.12116581199201308,0.12651638524391462,0.027112326471760023,0.6000000000000001
19.53378634300134,8.284862696475997,1.0501095625991947,0.6734477509496392,-0.04220509284882215,0.5837100117118329,-0.032943782804071176,14.286898273838215,0.11834257645796688,0.12510954881562064,0.035388894039030644,0.6000000000000001
19.53550256699964,8.307689224858725,1.048735631498396,0.6847958514818417,-0.041217933023960866,0.5584073943287791,-0.030936605438809384,14.278878307918212,0.11537578665547189,0.12373561771482189,0.04215502911075345,0.65
19.672711975999846,8.354112879026054,1.046383669775799,0.6977363049883613,-0.03269952629351138,0.5497713864333058,-0.034366200476410674,14.262262026188909,0.10813078605524494,0.121383655992225,0.02720367045425042,0.65
19.68019989000095,8.377200801051666,1.0456092044000427,0.6926376607683706,-0.023233961272689813,0.6604744230671186,0.004987162407005141,14.253685478350102,0.10360478505665704,0.11908280304177724,0.03437559653588679,0.65
19.90056648100108,8.422455314620542,1.0448345860741903,0.675015252892626,-0.008002852706124818,0.586225404301616,0.05279261773653551,14.2362866520538,0.09275827696716148,0.08739464866941819,0.018987785361100806,0.651920240520265
19.921646773000248,8.444560372205583,1.044771131663968,0.663151727551194,-0.0019036323066709843,0.4914625454572547,0.08598956450775441,14.227543645628431,0.08652959020604767,0.07612218740203595,0.026777903010867424,0.651920240520265
20.020029430999784,8.466278230456183,1.0449243851548566,0.6515357475180305,0.0045976047266603065,0.4914625454572547,0.08598956450775441,14.218784064959852,0.08123309305570538,0.07046622648023078,0.017256407085207655,0.6576473218982953
20.022184999001183,8.487625627280096,1.045311428054914,0.6404219047173937,0.011611287001719752,0.45556080162823726,0.11609684747610566,14.209983807521976,0.07666859528179709,0.0703114135262819,0.02461957806307818,0.6576473218982953
20.14269552100086,8.529295773161223,1.046861630564942,0.6201633082348675,0.027324580675548757,0.3839804505950967,0.19006219670904312,14.192151594262835,0.06849573889088273,0.07186161603630992,0.004296364125151816,0.6670832032063168
20.144808738999927,8.549859739846239,1.0480768157807845,0.6169190005504753,0.036455556475274146,0.37046253147971375,0.2151950263822574,14.182974149103519,0.06488347006319285,0.07307680125215232,0.005385880062996371,0.6670832032063168
20.146610173000226,8.549859739846239,1.0480768157807845,0.6169190005504753,0.036455556475274146,0.3959804877554703,0.23724423556716623,14.182974149103519,0.06488347006319285,0.07307680125215232,0.005385880062996371,0.6670832032063168
20.26925866900092,8.570232087521177,1.0496375477463973,0.6111704302481547,0.04682195896838096,0.5091756385476391,0.33692896284724005,14.17357729372056,0.06101839298469873,0.07463753321776512,0.002158395485909078,0.6800735254367722
20.27097873099956,8.590422497490689,1.051569534942962,0.6057122990853758,0.05795961589694116,0.4702913383270513,0.34379684167792524,14.163932429152059,0.05712895391790161,0.07656952041432974,0.004649632620057218,0.632455532033676
20.392356067000946,8.610367967431289,1.0539205567704755,0.598364098217983,0.07053065482540907,0.3864823962573025,0.33805595362579066,14.154018817709,0.05322764939640668,0.0789205422418433,0.004774794469781554,0.65
20.394911683000828,8.610367967431289,1.0539205567704755,0.598364098217983,0.07053065482540907,0.40596542505364647,0.3650548740883724,14.154018817709,0.05322764939640668,0.0789205422418433,0.004774794469781554,0.65
20.39693944099963,8.63006357969107,1.0567122091953762,0.5908683677934226,0.08374957274702072,0.44707436694011454,0.36868206669544856,14.143817053255992,0.048139469402498664,0.08171219466674406,0.009049393736638905,0.65
20.517651742000453,8.649464104152898,1.0599045157618365,0.5820157338548235,0.09576919699380766,0.553547090588924,0.4532181148037957,14.133380055385418,0.043535166404670866,0.07809324509839724,0.004242076275075415,0.65
20.519668218001243,8.668560935027187,1.0635082017143918,0.5729049262286966,0.10811057857665646,0.56078602203484,0.49586716717128865,14.1226997675119,0.036950217285137754,0.0671379372623331,0.007989401459980143,0.670820393249937
20.526668635000533,8.687349662523316,1.0675352385777588,0.5636618248838622,0.12081110590101166,0.5765650280994967,0.5247067863115316,14.111765354961756,0.03013144268530845,0.05669984571413016,0.011221394657906251,0.670820393249937
20.652345589000106,8.705490255820276,1.072095165952656,0.544217798908813,0.13679782124691853,0.5650284814856669,0.5934060370685356,14.100604233331428,0.024112064004723637,0.047096864747610066,0.004056116172029049,0.6946221994724903
20.76679697899999,8.740568728946807,1.0835429630513909,0.5191213405333877,0.18345904328650325,0.5595164048397387,0.6000419425902876,14.076635157020721,0.011745502239512838,0.030387453484333124,0.007673865508763171,0.6946221994724903
20.76884481900015,8.75732978552121,1.0904526950480224,0.502831697232092,0.20729195989894544,0.5182982805713635,0.6359859554291238,14.063870239036698,0.006764119884771007,0.02342151507172175,0.010094638352962234,0.7211102550927979
20.770932790001098,8.773537509617391,1.098140490771642,0.48623172288545746,0.23063387170859073,0.5223932084278606,0.6745577504174091,14.050606868002705,0.00250936496602647,0.017397015944258635,0.012352527709367681,0.7211102550927979
20.92053706400111,8.789198092303216,1.1065606610459053,0.4698174805747803,0.25260510822789384,0.5276780537376777,0.6295852585078434,14.036882943085176,0.001609267431223487,0.012277271229455955,0.00773215344403869,0.6800735254367722
20.92237091900097,8.819539961962539,1.1258625689480466,0.4503234032699849,0.3018242715635786,0.5484963919815448,0.6540789455420997,14.007551545260647,0.007356523475262332,0.004470839406913099,0.012054891449257098,0.7106335201775948
21.02181564700004,8.849289130503461,1.149181140638371,0.44536250132425226,0.3662980940957271,0.6361087367770419,0.7918551077953504,13.97475129521259,0.01090906395282241,7.627923322065559e-05,0.005322879064132227,0.7106335201775948
21.02387169800022,8.86402997381136,1.1624675609107424,0.44222529923699866,0.3985926081711424,0.5800403679773967,0.8555915633924274,13.956902511934109,0.011583594207206763,0.0011047116243569036,0.0067613167396755455,0.7071067811865476
21.03214392100017,8.86402997381136,1.1624675609107424,0.44222529923699866,0.3985926081711424,0.5484245185278345,0.8192062016899458,13.956902511934109,0.011583594207206763,0.0011047116243569036,0.0067613167396755455,0.7071067811865476
21.137370637999993,8.86402997381136,1.1624675609107424,0.44222529923699866,0.3985926081711424,0.5484245185278345,0.8192062016899458,13.956902511934109,0.011583594207206763,0.0011047116243569036,0.0,0.7071067811865476
21.139019055000972,8.878717249439935,1.1768093802116555,0.4406182688572623,0.4302545790273906,0.5461811144751401,0.8189758300671925,13.93810063662483,0.011599275168474633,0.0013489861362501346,0.0016327463372801203,0.7071067811865476
21.145420435001142,8.893298625320005,1.1921667641497273,0.4374412764021066,0.4607215181421557,0.5881557881622635,0.8759605530809906,13.918401418611818,0.01142264402018533,0.0008002655761820364,0.002517842455828446,0.7071067811865476
21.2569421219996,8.907714965486479,1.2084954641095547,0.4324902049942133,0.4898609987948225,0.5544869110154935,0.8789549446758482,13.897867213299923,0.010452633375060203,0.000551977001767491,0.0014144212010948347,0.7106335201775948
21.25953017900065,8.907714965486479,1.2084954641095547,0.4324902049942133,0.4898609987948225,0.5200300470624607,0.883736748452566,13.897867213299923,0.010452633375060203,0.000551977001767491,0.0014144212010948347,0.7106335201775948
21.26570653700037,8.935808668643899,1.243878737317074,0.4171070550330689,0.543899921154771,0.48701185552276816,0.8830973166882052,13.854556146902056,0.007127389211521847,0.005706481416126386,4.954515525679788e-05,0.7106335201775948
21.377397411000857,8.949600841153575,1.2629360135247598,0.4137651752902948,0.5717182862305692,0.448047070785714,0.88216202055915,13.831732476024309,0.004756180737743614,0.009429471944638706,0.002239175002518343,0.6800735254367722
21.379472868000448,8.963359670945922,1.2829973805617236,0.41276489377036685,0.6018410111089176,0.3845668387849158,0.8946303357928016,13.807991527255236,0.0021764761740066083,0.013886038768988983,0.003700719719512578,0.7211102550927979
21.497541968001315,8.990548765814967,1.3261960018632983,0.40540362985270184,0.6633518292544814,0.293633180055576,0.8136550933596347,13.757781816024272,0.003333707568442482,0.025206483473015715,0.0052563338104207056,0.6946221994724903
21.499341378999816,9.003854934112281,1.3491432403437158,0.3991850489194068,0.6884171544125206,0.23878042368515978,0.8314066696695659,13.73153460607532,0.004944674364772338,0.03202374957738383,0.007344832722464237,0.73824115301167
21.62371128000086,9.017039514096284,1.3728919944264852,0.395537399520097,0.7124626224830819,0.20321435327501305,0.6689797025594133,13.704589212624798,0.006791804426232017,0.03949374872025615,0.004052479143628371,0.7158910531638177
21.625835759001347,9.017039514096284,1.3728919944264852,0.395537399520097,0.7124626224830819,0.16632117162393592,0.6451945884691719,13.704589212624798,0.006791804426232017,0.03949374872025615,0.004052479143628371,0.7158910531638177
21.627411060000668,9.029976482417045,1.3973631484866444,0.3881090496227847,0.7341346218047772,0.21669724099857016,0.6212468618201454,13.677065527746418,0.00575535424468531,0.0450236528109933,0.008118892785703258,0.7158910531638177
21.73812691800049,9.029976482417045,1.3973631484866444,0.3881090496227847,0.7341346218047772,0.2654192911397837,0.5570659664432794,13.677065527746418,0.00575535424468531,0.0450236528109933,0.0,0.7158910531638177
21.739921589000005,9.042441320181277,1.4224059470707375,0.3739451329269835,0.7512839575227941,0.26541761224973914,0.5562272271925794,13.64918645087234,0.004061939578640637,0.032558815046760614,0.0005384397465598951,0.696419413859206
21.746081115999914,9.054367256076782,1.4478785708726556,0.35777807686512436,0.7641787140575425,0.253266475121654,0.5982800297217681,13.621108120998581,0.0005122720006988255,0.02063287915125578,0.0005434780849630504,0.7433034373659253
21.867693623000378,9.076378071160773,1.4998721616733661,0.32042006359373953,0.7846092006730261,0.31793714048285554,0.7176130918446537,13.56465992297957,0.007010966979413952,0.0013779359327354967,0.005886950756147587,0.7280109889280518
21.870109528001194,9.076378071160773,1.4998721616733661,0.32042006359373953,0.7846092006730261,0.2799726878788477,0.7694253732551314,13.56465992297957,0.007010966979413952,0.0013779359327354967,0.005886950756147587,0.7280109889280518
21.980190377000326,9.086323980850233,1.5262360533214148,0.2983772906838075,0.7909167494414586,0.3000559724876718,0.916453401740311,13.536487247871646,0.010388469068840988,0.01132384562219535,0.004825966168174016,0.7158910531638177
21.981990188000054,9.095554401927263,1.5526096669755745,0.27691263231086943,0.7912084096247896,0.29174723116634804,0.9489512453208976,13.508570609555417,0.01303525286368145,0.02055426669922511,0.00851255123230648,0.7071067811865476
21.98752057599995,9.104048505505732,1.5787836667782862,0.2548231073540585,0.7852199940813542,0.2443814133260352,0.9905237418447514,13.481112335363049,0.01459328771600863,0.017864859764420222,0.01110975225656815,0.7566372975210779
21.989325567001288,9.111966652097168,1.6045648526082745,0.23754439774309632,0.7734355748996535,0.23022642330313425,1.0190389327922458,13.454232650079422,0.014657447765856688,0.00523378358623846,0.0113819708260371,0.7516648189186454
22.118005782000182,9.111966652097168,1.6045648526082745,0.23754439774309632,0.7734355748996535,0.25163157904861866,1.1039785153062642,13.454232650079422,0.014657447765856688,0.00523378358623846,0.0024884762806263666,0.7516648189186454
22.120305299000393,9.119337300184219,1.6299433875505582,0.22111944261151606,0.7613560482685098,0.2574719246203936,1.1151536748766337,13.427930326265113,0.015145409127885007,0.005662835788877274,0.004700173456277025,0.7516648189186454
22.12188252300075,9.126290862770638,1.654786498815962,0.20860687759256694,0.745293337962114,0.20633849847236796,1.0916013798655113,13.402280465346646,0.017011069923457717,0.0012907267975421632,0.0077447586413742055,0.75
22.220773253000516,9.132904488101744,1.679369982406634,0.19840875993318108,0.7375045077201615,0.19933951696708857,1.0268887480487079,13.376998462220932,0.019003160084784733,0.007904352128647929,0.008789565840887486,0.75
22.224464707000152,9.145374237709593,1.7285536195114344,0.18330698776204168,0.7393206079659977,0.22527608112940448,0.9378825997799011,13.326702592526608,0.02425041179124684,0.020374101736496897,0.01675874594236446,0.75
22.338714875000733,9.15124448420702,1.7534988877328972,0.17610739492280117,0.7483580466438849,0.25367499150470774,0.8542152049091244,13.301363496660944,0.026909769682139345,0.02624434823392363,0.017486967415268805,0.75
22.340682711001136,9.15124448420702,1.7534988877328972,0.17610739492280117,0.7483580466438849,0.2502533083217257,0.8397309868222402,13.301363496660944,0.026909769682139345,0.02624434823392363,0.017486967415268805,0.75
22.342067334000603,9.156746948763754,1.7789070948401327,0.16507393670203174,0.7622462132170642,0.2770913512811147,0.7974834534461547,13.275732789798733,0.029080330693886602,0.03174681279065794,0.021937877540111637,0.75
22.363589094000417,9.161913429789845,1.804878520395787,0.1549944307827218,0.7791427666696247,0.3158351720552408,0.6739442495281871,13.249706078744342,0.03068999832289055,0.036913293816748904,0.02503615526403193,0.7516648189186454
22.457080731001042,9.171090616856654,1.8589518977396928,0.13113416317870424,0.8223982522529988,0.3328797177064646,0.6453936591470981,13.196113304647287,0.03095106588534927,0.04609048088355827,0.003607237880668427,0.7566372975210779
22.467388678000134,9.17491223582433,1.8871566178901433,0.11464856903028096,0.846141604513515,0.41294850625530466,0.6933382322461201,13.168524327379185,0.02838855712757495,0.049912099851233904,0.005651547228875721,0.7566372975210779
22.579531489000146,9.178309354277419,1.9160040571163104,0.10191355359267648,0.8654231767850206,0.4411760044096767,0.6714259469366144,13.140502119340773,0.02452213066180976,0.05330921830432267,0.006402676425522458,0.7648529270389178
22.586310315000446,9.181364241358063,1.945344661395152,0.09164661241930741,0.8802181283652473,0.4862393227115744,0.5170708885905472,13.112155586571815,0.016759354558691802,0.056364105384966834,0.011702257887013737,0.7648529270389178
22.698405156001172,9.18635789532025,2.004813699331079,0.06906958894723991,0.8948126092161396,0.4955377706856083,0.4833090212523029,13.055167956819659,0.006228192339897347,0.022305039553527525,0.018402562736171083,0.7905694150420949
22.700167828001213,9.188515733725154,2.0346971644217375,0.0647351521471487,0.8965039527197683,0.4731066825918917,0.48409828043882486,13.026673029291793,0.02021964960942107,0.002700060911385613,0.02972829796181958,0.7905694150420949
22.701809954000055,9.188515733725154,2.0346971644217375,0.0647351521471487,0.8965039527197683,0.47532233419000935,0.5175286853545817,13.026673029291793,0.02021964960942107,0.002700060911385613,0.02972829796181958,0.7905694150420949
22.93686868900113,9.19522914538526,2.1221070323727838,0.07223707464454737,0.8595980152260472,0.6918820203083753,0.5102772018244505,12.943210462640701,0.06826571731859447,0.054360950549662064,0.05621766132101124,0.8
22.93855755200093,9.197772556510882,2.1503243751785157,0.07630233376865685,0.8465202841719612,0.6568225613542285,0.6027090561691754,12.916136475206144,0.08471359041080037,0.07251516174038815,0.0742405491085834,0.8
22.963509076000264,9.200964942798384,2.1780906716541377,0.09577158862508138,0.8329888942686564,0.8595252710374957,0.6200277397877386,12.889238399726747,0.10037524116018105,0.08989154027467741,0.09148477546882841,0.8062257748298549
23.058735051999975,9.209376429438777,2.2322751840711987,0.13575762366880978,0.8065038137854518,0.8917996403670815,0.6280254847173484,12.835929698138008,0.13023779617026288,0.12225795719678628,0.06107927467088662,0.8321658488546619
23.0607302490007,9.209376429438777,2.2322751840711987,0.13575762366880978,0.8065038137854518,0.8655319183230917,0.7151832771487192,12.835929698138008,0.13023779617026288,0.12225795719678628,0.06107927467088662,0.8321658488546619
23.17890023400105,9.214450353423995,2.258774022994122,0.15221771955653873,0.7949651676876999,0.9773719959584557,0.6639627199597267,12.809497569681557,0.14440436483891642,0.137407659835582,0.01735923032799538,0.8500000000000001
23.180873901001178,9.220414955118677,2.2845588982676013,0.1789380508404888,0.7735462582043786,0.9222131882364687,0.7029880320011958,12.783387604181325,0.15752010700680757,0.15142270968812233,0.03360260341575615,0.8500000000000001
23.18750508100129,9.220414955118677,2.2845588982676013,0.1789380508404888,0.7735462582043786,0.9141714525344524,0.6719733988676901,12.783387604181325,0.15752010700680757,0.15142270968812233,0.03360260341575615,0.8500000000000001
23.319021208000777,9.227265126701507,2.309619133429708,0.20550514748488535,0.7518070548631973,0.9361839238229241,0.6061348677772013,12.757610517814303,0.1698904212388273,0.16429916913086776,0.04872505785315348,0.8500000000000001
23.414095199001167,9.23497024792104,2.3340752305760777,0.2311536365859967,0.7336829143910989,0.9387746936548744,0.5700749370852121,12.73206582485171,0.18122530793637745,0.17614389780022505,0.01139283854574874,0.8500000000000001
23.41582895600004,9.243432809560199,2.3580162933868434,0.25387684917471526,0.718231884322975,0.9192871121251894,0.6010071487794681,12.706707923046991,0.19168447307926068,0.18708885094127367,0.021882688855719874,0.8500000000000001
23.426299407001352,9.252543272792533,2.381531869192573,0.2733138969700322,0.7054672741718797,0.841860788174591,0.48669115180873823,12.6814956552805,0.20171195362566258,0.19727480372567627,0.03161057804764112,0.8845903006477066
23.538850453000123,9.262187965946104,2.404705954708794,0.2893407946071678,0.6952225654866393,0.8400129686115235,0.453809844037187,12.656394750585992,0.21111928627221205,0.20684152881064055,0.021443486485644016,0.9
23.563653359000455,9.272943239753939,2.4276307180259122,0.3226582142350441,0.6877428995135475,0.8771205673073642,0.38827213239733815,12.63109977877657,0.21956919017629464,0.21544665736623309,0.031866165806690216,0.9
23.692214501001217,9.313491558564571,2.496328256093817,0.44564850027906766,0.6895293404347707,0.9326432412101514,0.31666781834907765,12.552125756231865,0.24008476623351688,0.2353511611881573,0.04768483149129651,0.8500000000000001
23.787975690000167,9.313491558564571,2.496328256093817,0.44564850027906766,0.6895293404347707,0.9326432412101514,0.31666781834907765,12.552125756231865,0.24008476623351688,0.2353511611881573,0.03934180395577314,0.8500000000000001
23.790642575000675,9.329615165812188,2.5194028393008105,0.4837082174284807,0.6922374962098129,0.9366593029006018,0.28211945488465473,12.52464778205931,0.24561644476492347,0.24026624342489783,0.05257955658111593,0.8
23.79668722600036,9.329615165812188,2.5194028393008105,0.4837082174284807,0.6922374962098129,0.9317175820487988,0.2800256482828181,12.52464778205931,0.24561644476492347,0.24026624342489783,0.05257955658111593,0.8
23.906913378001263,9.34684327995818,2.542638197135683,0.5168434243798125,0.6970607350461707,0.9440358484925465,0.11250422325602122,12.49660396458117,0.25050091218410936,0.24451400617354377,0.014433600321264516,0.8
23.908881663999637,9.364947284639692,2.5660023157082272,0.5431201404453513,0.7009235571763293,0.9125302638823236,0.11969068170479435,12.468112399176109,0.2552538761622091,0.24823346837570665,0.02863585355843735,0.75
23.929006227001082,9.383740144535789,2.589502921592827,0.5637857968829317,0.7050181765379911,0.8172157226898462,-0.00018215232925167246,12.439238321387823,0.2598774699937444,0.2515623474882814,0.04592122619462087,0.75
24.038368260000425,9.42307510809566,2.6365800750909307,0.6005990396086006,0.7023201119892059,0.9608282653100778,-0.0710941278808278,12.380776341543234,0.26911802292160153,0.2570369024948396,0.0669174372648682,0.7000000000000001
24.149930088000474,9.443652239073701,2.6597029440461357,0.6173139293412419,0.693686068656151,0.9911858799722594,-0.0877617079296023,12.351597920882543,0.27326236832346895,0.25883701108161655,0.07638046706772546,0.65
24.172241821999705,9.48690390459479,2.7044170241258665,0.6599351778405038,0.6610036692122091,1.1429518842149728,-0.2231010958160916,12.29389958253585,0.28171251363710353,0.25987109433293804,0.12397360092731048,0.6000000000000001
24.26520650400016,9.48690390459479,2.7044170241258665,0.6599351778405038,0.6610036692122091,1.1429518842149728,-0.2231010958160916,12.29389958253585,0.28171251363710353,0.25987109433293804,0.055374265773419036,0.6000000000000001
24.267209274999914,9.509587315987424,2.7258190548051675,0.6805023417790497,0.642060920379031,1.1088462337305902,-0.22585693359179565,12.265556684617977,0.2850455470908369,0.2589650213412584,0.08200283069889547,0.6000000000000001
24.38484581600096,9.556583064326112,2.7666930816335102,0.7118829995556955,0.5995855566654581,0.9405440836904331,-0.2531552923556826,12.21009758999747,0.2942851157238976,0.25516766227152554,0.05852030340638709,0.55
24.391929273000642,9.580631830315479,2.785553130734386,0.7214629796810073,0.5658014730262839,0.9261740905762081,-0.20444482696774052,12.183652843486309,0.297946716851235,0.2552935858261171,0.08666753326264884,0.55
24.40967795600045,9.604911647340717,2.80323277641308,0.7283945107571507,0.5303893703608183,0.7857452676864716,-0.3230499585897425,12.158238729442717,0.30309791624903687,0.2578980999615467,0.11389390548088194,0.5
24.512646574001337,9.629667228162528,2.819772780551888,0.7426674246543546,0.4962001241642362,0.766768005041204,-0.3123937014420436,12.13372989699961,0.30923664339694046,0.2626824324756122,0.05803887877805101,0.5
24.515141242000027,9.655204869290925,2.834894587949515,0.7661292338518715,0.45365422192880794,0.7470743427598381,-0.3405724681698954,12.11027678042844,0.31392373649477673,0.26910324672912506,0.08623323165649162,0.5
24.646086546001243,9.681646501955793,2.848713033011778,0.7932489799460356,0.4145533518678838,0.6047371576516946,-0.4714760599699304,12.087733701864815,0.31802787544555416,0.2771251374257328,0.027325565920854597,0.5
24.652598112001215,9.681646501955793,2.848713033011778,0.7932489799460356,0.4145533518678838,0.6176601463786989,-0.5010570642157682,12.087733701864815,0.31802787544555416,0.2771251374257328,0.027325565920854597,0.5
24.654323763999855,9.709067781775948,2.8613517347993933,0.8226383946046483,0.3791610536284598,0.6315501264433322,-0.5335824243613742,12.065964552158048,0.3231087883021819,0.2867945854490055,0.054344043793174944,0.45
24.69928587800132,9.737443511779029,2.8727580004539863,0.8512719000924349,0.342187969637796,0.6386967515081332,-0.5675152543112156,12.045034745873043,0.3271181202325505,0.29775796208349625,0.08099856604646155,0.45
24.74614151700007,9.766622105456381,2.882980234846714,0.8753578103206007,0.30666703178183174,0.6640197633202739,-0.577261220815323,12.024961388243986,0.33066374944652926,0.3079801964762239,0.056910159118846275,0.45
24.765941917999953,9.826517888812342,2.9002657775647047,0.9016017530489036,0.24242727054464128,0.5828085495016415,-0.724000005934346,11.987355672033312,0.3374503347282855,0.32526573919421464,0.11258456122512656,0.4
24.875640127000224,9.856518106232745,2.9072152995351352,0.9000065226120912,0.20848565911290992,0.5471029766330985,-0.7243345367786505,11.970194983110796,0.3402695038941772,0.33221526116464517,0.08728488831349346,0.4
24.878130160001092,9.886225456620785,2.912785572950336,0.8912205116412344,0.16710820245602398,0.5423289055040683,-0.6911809527830796,11.954482947380821,0.34182509134386896,0.33778553457984595,0.11471487716768156,0.4
24.88936633100093,9.915553103143601,2.9170294123428966,0.8798293956844864,0.12731518177681422,0.38680996741195717,-0.6746475065546624,11.940202133842416,0.3423154138832336,0.3420293739724065,0.14040055986172975,0.4
24.932510222999554,9.944431762415753,2.9197143232233183,0.8663597781645491,0.08054732641265387,0.37232966011149043,-0.6446062186215952,11.927595532694628,0.3409848523769472,0.3447142848528282,0.16389307078052032,0.4
24.960363021000376,9.972883486975336,2.9209706914567435,0.8535517367874778,0.0376910470027524,0.37232966011149043,-0.6446062186215952,11.916534185464748,0.33769906730759686,0.3327733560293102,0.18612316225238015,0.4
24.992311650001284,10.000955857249322,2.920953967746911,0.8421711082195693,-0.0005017112949690788,0.37232966011149043,-0.6446062186215952,11.90685655727204,0.3313466760621402,0.32089829331619546,0.20609874950271265,0.4
25.023189699000795,10.028744450737028,2.9196143671086072,0.8336578046311851,-0.040188019149113643,0.37232966011149043,-0.6446062186215952,11.898577421169676,0.32196983673754687,0.3099399329994604,0.2245212485486717,0.4
25.056794375001118,10.056335866357392,2.9170942881664077,0.8277424686109427,-0.07560236826598157,0.37232966011149043,-0.6446062186215952,11.89153479520066,0.3123210299842165,0.30005638519584715,0.24078856908684668,0.40311288741492746
25.089036104000115,10.08354283398377,2.9131780153903963,0.8162090287913782,-0.11748818328034506,0.37232966011149043,-0.6446062186215952,11.885996562416963,0.30200402073088495,0.2911447322786816,0.25463111157001456,0.40311288741492746
25.12655759200061,10.110431008683804,2.907987059785212,0.8066452410009883,-0.15572866815552103,0.37232966011149043,-0.6446062186215952,11.881827064488315,0.2905329435407679,0.2833618071858989,0.25989895340044505,0.41231056256176607
25.16070639099962,10.136773816569391,2.9014678450457683,0.7902842365676112,-0.1955764421833207,0.37232966011149043,-0.6446062186215952,11.879153345528199,0.27792881042355466,0.27646780593022013,0.25638442471239753,0.41231056256176607
25.192856032001146,10.162391977260066,2.8937198489345817,0.7685448207202534,-0.23243988333559384,0.37232966011149043,-0.6446062186215952,11.877940552339393,0.2639203505418869,0.26871980981903354,0.24874085417979533,0.47434164902525694
25.23282049000045,10.187300538395547,2.884903444077062,0.7472568340644071,-0.26449214572559954,0.37232966011149043,-0.6446062186215952,11.878030469548152,0.24831807939273623,0.25990340496151365,0.2378426492487548,0.47434164902525694
25.2627141009998,10.21152580909134,2.875191070168867,0.7267581208737504,-0.29137121724583276,0.37232966011149043,-0.6446062186215952,11.879249431028018,0.23021240519167357,0.2501910310533191,0.22379416950207723,0.49244289008980524
25.293660207000357,10.23512914497236,2.864736307347518,0.7081000764306106,-0.3136428846404798,0.37232966011149043,-0.6446062186215952,11.881429921077562,0.20936110682213568,0.23306754077581324,0.20595596213450926,0.49244289008980524
25.326733418000003,10.258204461262599,2.8536659083627334,0.6922594887071901,-0.33211196954353434,0.37232966011149043,-0.6446062186215952,11.88441935738491,0.18752365668743526,0.20892287395637887,0.18447913415115877,0.5147815070493501
25.435036478000256,10.280844982437882,2.842099284120784,0.6792156352584797,-0.3469987272584816,0.37232966011149043,-0.6446062186215952,11.888072744425973,0.1650331991898657,0.1847347694668189,0.01229706913326663,0.5590169943749475
25.439446682999915,10.303138815220072,2.8301483504060645,0.668814983465696,-0.35852801144158813,0.6220253522019452,-0.1869072798794498,11.89225424637161,0.1418224613699819,0.16052006285670514,0.022523563543322835,0.5830951894845301
25.44435216599959,10.32516651496241,2.8179174464171974,0.6608309922701371,-0.3669271196660172,0.5873861937753634,-0.09048768832378407,11.89683800787497,0.11855751045185758,0.13629557184438643,0.033049397595453806,0.5830951894845301
25.55639550200067,10.34699986164948,2.805503362348182,0.6550004006121035,-0.3724225220704679,0.5756501662032253,-0.058354271419100184,11.90170846292192,0.09526964782107072,0.11207898131854313,0.031914911206858174,0.5830951894845301
25.56312195999999,10.34699986164948,2.805503362348182,0.6550004006121035,-0.3724225220704679,0.5646353239931543,-0.007808503551362811,11.90170846292192,0.09526964782107072,0.11207898131854313,0.031914911206858174,0.5830951894845301
25.56520765700043,10.368701317614665,2.7929954428162036,0.6510436789555831,-0.37523758595935097,0.5589559807418106,0.008357171164617844,11.906760345003406,0.07199012401599404,0.08788929992434079,0.04801501296438516,0.651920240520265
25.566905857000165,10.390323790425247,2.7804756752177564,0.6486741843174801,-0.3755930279534218,0.5525723910345037,0.05914051258729014,11.911898611020067,0.04875035521759488,0.06374709020621486,0.06532588459276382,0.651920240520265
25.675844598999902,10.411916904663824,2.768499791069281,0.6477934271573138,-0.3592765244542565,0.5315285380807745,0.13973684230534583,11.916578951322455,0.025484649881865228,0.04001022380908919,0.034201506066769444,0.6800735254367722
25.678110663000552,10.433423916649918,2.757275835668266,0.6452103595827867,-0.3367186620304529,0.5169363270001605,0.18981766633824546,11.920619599798908,0.0028004216737018716,0.016865934814869935,0.05032335566771214,0.6800735254367722
25.684962196000924,10.454812930362834,2.746949908799145,0.6416704113874785,-0.30977780607362315,0.5027269453109355,0.22091827085496124,11.923889262567215,0.019134623139908997,0.005559914735617292,0.0675852592993457,0.75
25.792355472000054,10.476037271971748,2.737589466602052,0.6367302482674135,-0.28081326591279615,0.44787241137395034,0.3256425261602951,11.926335522012225,0.04023906674334753,0.027186622765968987,0.042691520234648776,0.75
25.794106135999755,10.476037271971748,2.737589466602052,0.6367302482674135,-0.28081326591279615,0.43187764873541773,0.3566730987019109,11.926335522012225,0.04023906674334753,0.027186622765968987,0.042691520234648776,0.75
25.795796211999914,10.476037271971748,2.737589466602052,0.6367302482674135,-0.28081326591279615,0.4395598492093876,0.3881861034713916,11.926335522012225,0.04023906674334753,0.027186622765968987,0.042691520234648776,0.75
25.797669040000983,10.497057941999358,2.7292754233679197,0.6306201008282946,-0.24942129702396793,0.44763269894607743,0.42130973023008644,11.927890378056578,0.06042654283092876,0.04792939743751039,0.06269062113038734,0.75
25.913569144000576,10.517848021992913,2.7220408522560198,0.6237023998066572,-0.21703713335699823,0.46911219713480207,0.520753456936587,11.928527451503433,0.07965445005876248,0.06774581827456418,0.04116097826443294,0.7810249675906654
25.930665175001195,10.53835917127682,2.7160484769921607,0.615334478517218,-0.17977125791577023,0.47395687619485616,0.6907875767832968,11.928102852969555,0.09784295731058525,0.086486640207634,0.06023657432831614,0.7810249675906654
26.037440915000843,10.53835917127682,2.7160484769921607,0.615334478517218,-0.17977125791577023,0.448609682720323,0.7407784174377773,11.928102852969555,0.09784295731058525,0.086486640207634,0.0,0.7810249675906654
26.040344287001062,10.558506195593857,2.71145079128491,0.6044107295110865,-0.137930571217514,0.4690641590802209,0.7578676123161723,11.926492839304109,0.115144087053173,0.10398379246430207,0.020530556455245968,0.8139410298049854
26.163342497000485,10.597457606546845,2.706533428488716,0.5772009431026017,-0.05283371662861842,0.37805546735144124,0.9404519703170037,11.919684716219704,0.14573631935144862,0.1350036998646873,0.038515555617560746,0.8139410298049854
26.171008455001356,10.597457606546845,2.706533428488716,0.5772009431026017,-0.05283371662861842,0.31599990156493507,0.9998135502633814,11.919684716219704,0.14573631935144862,0.1350036998646873,0.038515555617560746,0.8139410298049854
26.17260987500049,10.61617021941259,2.706323783955165,0.5613783859723157,-0.00628933600652045,0.37839494353004655,1.007644505712769,11.914400012429223,0.1588844037782077,0.1483837563870868,0.056340175565366524,0.848528137423857
26.286422069000764,10.634356950491629,2.707776206488332,0.5456019323711728,0.04357267599501648,0.35349571361872295,1.1408876169050173,11.907705266257604,0.17047149609043816,0.16021669943834058,0.017455267229035443,0.848528137423857
26.288498859001265,10.652044164014224,2.7109504521421544,0.5306164056778787,0.095227369614669,0.34844835691500176,1.1072852837499711,11.899531463484994,0.1807981470128892,0.17047891743349336,0.0340543188547312,0.8845903006477066
26.29029762800019,10.669209217117876,2.7158503630116098,0.5149515931095491,0.14699732608365876,0.307333712110739,1.0837618167775185,11.889877558379306,0.18974802076065123,0.1791516826795107,0.04977421421989271,0.8845903006477066
26.30822292599987,10.685819119230043,2.722380629236792,0.4982970633650169,0.1959079867554559,0.3083346138955574,0.9779184454027444,11.87884058452597,0.19716632490526895,0.18627906156708907,0.06460311060784667,0.8845903006477066
26.425651608000408,10.685819119230043,2.722380629236792,0.4982970633650169,0.1959079867554559,0.2867719600173268,0.9509749174366936,11.87884058452597,0.19716632490526895,0.18627906156708907,0.01598347255046689,0.8845903006477066
26.427575110999896,10.701798215713643,2.7308543435280503,0.47937289450799453,0.2542114287377588,0.26832146804865853,0.9792306819909982,11.866138728533473,0.20278121414863054,0.19158616821069044,0.03117056019905608,0.8500000000000001
26.52772546199958,10.71709825970706,2.7413084754393147,0.45900131980252346,0.31362395733793424,0.17313879320356296,1.119466743766001,11.851746594262119,0.20666075492184566,0.19501274550501332,0.03186803203270412,0.8500000000000001
26.529938085999675,10.731572529043882,2.7538257040088734,0.4342280801046906,0.37551685708675975,0.14537983298440316,1.09779648985976,11.835623126058955,0.2091518105750533,0.196396582302605,0.04673491515262387,0.8500000000000001
26.64764189900052,10.74527419402988,2.768426524218371,0.41104994957993735,0.4380246062849347,0.04165796631349039,0.9793860232791582,11.817730013428111,0.2096834913227764,0.195760783546729,0.014248731153133359,0.8500000000000001
26.65023544200085,10.758200676503881,2.7851099782598308,0.3877944742200172,0.5005036212437879,0.026295360711159566,1.0114716128626806,11.798065897535679,0.20825170833990705,0.19310420347465365,0.027802299494556457,0.8
26.76733462700031,10.782093744781518,2.8240340821537115,0.34915038477380644,0.6081695619865806,-0.0537118793837153,1.1599095966065298,11.753974191687211,0.20216174691384262,0.1824756562621515,0.01837929159817763,0.8
26.783975405000092,10.803115037035143,2.8688694810117346,0.3029645438776585,0.6928509442195567,-0.08473944648676063,1.1335537943986453,11.705030678882197,0.1912996983414321,0.16563653999428235,0.0353412856084757,0.75
26.886357015000613,10.803115037035143,2.8688694810117346,0.3029645438776585,0.6928509442195567,-0.11293170911822126,1.1500395079037093,11.705030678882197,0.1912996983414321,0.16563653999428235,0.023370759412811054,0.75
26.89370556799986,10.812283951334305,2.893229276494977,0.2750674289748624,0.7307938644972705,-0.11001680194934471,1.1843345088482085,11.679074743568657,0.18571391482827262,0.154894964896819,0.0334728382415424,0.75
26.89626058400063,10.820399454896103,2.9188543510116847,0.24346510685398,0.768752235501225,-0.1154545434625856,1.2446566789254963,11.652201412580204,0.17861705724552474,0.1425138285389367,0.04243366475929314,0.75
27.00909002300068,10.827418082204403,2.9456643543276395,0.21055881924899195,0.8043000994786504,-0.1232169441921348,1.2439122093877657,11.624499821712748,0.17054095307463013,0.12955146719776175,0.009707353211834231,0.75
27.010813640999913,10.833221043592756,2.9733340477152415,0.17408884165059443,0.8300908016280613,-0.13139642672373986,1.2282239006037199,11.596315792688559,0.16441115896904743,0.11992136994269119,0.013693652923756811,0.75
27.013197506001234,10.83779513030325,3.0017002196369957,0.13722260131486017,0.8509851576526248,-0.10332839169611893,1.209721492297691,11.567810450844995,0.15759292239459244,0.11517633104481331,0.016941453989832017,0.75
27.024381178000112,10.841126293224745,3.03078479697362,0.09993488764483248,0.8725373200987345,-0.051669002172928885,1.2391480324056978,11.538968023511522,0.15003562842275758,0.11612613340979117,0.01915824536181279,0.75
27.127895433999583,10.843144657160902,3.0605819184333583,0.06055091808473399,0.8939136437921488,-0.050056862020977366,1.2489973220806412,11.509815737178423,0.14347910817026358,0.11814449734594845,0.0144181139844295,0.75
27.131059440000172,10.843842412354123,3.0910873888473427,0.020932655796622797,0.9151641124195392,-0.09166567876299879,1.246634430511575,11.480362325100188,0.13554364206574834,0.11884225253916902,0.01605027767820954,0.75
27.24359148199983,10.843331099730229,3.122173626849479,-0.015339378716824812,0.9325871400640852,-0.03919307648397834,1.249385410013948,11.450701472181668,0.12777015818912835,0.11833093991527477,0.007499282110491694,0.75
27.245661950000795,10.84174938580921,3.153952395107273,-0.04745141763053999,0.9533630477338153,-0.035971649917122775,1.216041661327485,11.420689787987959,0.11883469925178564,0.11674922599425663,0.008451989434640924,0.75
27.252751908999926,10.839166657944654,3.1864504673366745,-0.07748183593668667,0.9749421668820465,-0.07620975169988208,1.2120442743729238,11.390285224108995,0.1088001652862948,0.10798657495053866,0.007988104552729745,0.75
27.370779552000386,10.835555931063471,3.2196123727466204,-0.10832180643551317,0.9948571622983745,-0.014690508223658076,1.2499136726062845,11.359552367875386,0.09663227956306378,0.08206580286578612,0.0006767223529128183,0.75
27.373499195000477,10.830982922238514,3.2533980918556424,-0.13719026474872398,1.0135715732706598,-0.004545029222018465,1.2499917370564377,11.328514713255974,0.08282689847552091,0.06000595094683609,0.0014711209618271193,0.75
27.39282782800001,10.825512820582203,3.2877302886703137,-0.16410304968932277,1.0299659044401408,0.010496456919920183,1.2499559289799493,11.297231634285845,0.07102654197490896,0.050512660022191014,0.0050126029000405305,0.75
27.48150204600097,10.825512820582203,3.2877302886703137,-0.16410304968932277,1.0299659044401408,0.010496456919920183,1.2499559289799493,11.297231634285845,0.07102654197490896,0.050512660022191014,0.004134347156569016,0.75
27.489982138000414,10.819454841773512,3.322583707041538,-0.18173936426075218,1.0456025511367373,0.025831070688408148,1.2497330738150005,11.26564150356693,0.05927363931893648,0.044454681213499825,0.008986359175760359,0.75
27.492200894001144,10.819454841773512,3.322583707041538,-0.18173936426075218,1.0456025511367373,-0.015829299343406322,1.2498997692944407,11.26564150356693,0.05927363931893648,0.044454681213499825,0.008986359175760359,0.75
27.493726441000035,10.81310190552854,3.3579341396104074,-0.1905880873491142,1.060512977066081,0.040978122616459084,1.2493281368266826,11.233684971209923,0.049005475698386855,0.038101744968528806,0.014435336438799963,0.75
27.61464375899959,10.806422649924196,3.393703080288599,-0.20037766813036959,1.0730682203457447,0.05457045366756924,1.2488082581351376,11.201448365901356,0.0393051978758651,0.0314224893641839,0.009494208000545495,0.75
27.616458528000294,10.79936362312612,3.429810488726992,-0.21177080394228567,1.0832222531517994,0.02104798808575692,1.2498227803162902,11.169026130277594,0.02990962091816314,0.02436346256610733,0.019000786269103374,0.75
27.623383723999723,10.79936362312612,3.429810488726992,-0.21177080394228567,1.0832222531517994,-0.020616748975321564,1.2498299683003637,11.169026130277594,0.02990962091816314,0.02436346256610733,0.019000786269103374,0.75
27.628497736999634,10.791961838808184,3.466203065816087,-0.22205352953805965,1.091777312672853,0.08771827659448428,1.2469184030846978,11.136460555910954,0.02092792470867493,0.016961678248172518,0.02827372619035882,0.75
27.72290308800075,10.791961838808184,3.466203065816087,-0.22205352953805965,1.091777312672853,0.101208447092139,1.2458960029782573,11.136460555910954,0.02092792470867493,0.016961678248172518,0.0004514367560469778,0.75
27.72463782700106,10.784344114147027,3.502860675026258,-0.22853173983471758,1.0997282763051384,0.09472640248407105,1.2169680423771063,11.103735219568971,0.012184187728527545,0.009343953587015008,0.002895632074277602,0.75
27.752106152000124,10.776417623593211,3.539734657565519,-0.2377947166144866,1.1062194761778337,0.06092603121976781,1.0502860542070984,11.07092606403749,0.003410519420504529,0.0014174630331993399,0.007081325506826096,0.75
27.86639978600033,10.776417623593211,3.539734657565519,-0.2377947166144866,1.1062194761778337,0.06092603121976781,1.0502860542070984,11.07092606403749,0.003410519420504529,0.0014174630331993399,0.00568846014856346,0.75
27.868356311000753,10.760059229506501,3.6143298618916995,-0.24763576286196898,1.1234886427692719,0.05693185435732312,1.0842440465805687,11.00474818410766,0.013957974239306033,0.014940931053510909,0.018632568531792595,0.75
27.973279367999567,10.751689286581202,3.6521278747812165,-0.25109828775898246,1.1339403866855116,0.06636316203786324,1.243385963523842,10.971290561211053,0.02261870226774363,0.02331087397880971,0.02376751196375965,0.75
27.975985275999847,10.751689286581202,3.6521278747812165,-0.25109828775898246,1.1339403866855116,0.03113856919986524,1.2496120956153498,10.971290561211053,0.02261870226774363,0.02331087397880971,0.02376751196375965,0.75
27.978202829999645,10.743378548261385,3.6903448171593456,-0.24932214959451388,1.1465082713438788,0.03115466150772017,1.2496116945140754,10.937450735702225,0.031142486861643708,0.031621612298627255,0.031932522588183854,0.7000000000000001
28.082364826999765,10.735061770504746,3.728947189334062,-0.2495033326991289,1.1580711652414897,0.10277265461888796,1.245767948481011,10.903281418451074,0.03961107239334294,0.03993839005526567,0.027089060545945284,0.7000000000000001
28.08428924100008,10.72696806073724,3.7679639513415393,-0.242811293025166,1.1705028602243168,0.11763567261516594,1.2444524291946149,10.868684988261672,0.047804055169107865,0.04803209982277146,0.038983632451356755,0.7000000000000001
28.214916132001235,10.719192541706871,3.8073365398761836,-0.23326557091110975,1.1811776560393235,0.1356044983235885,1.1037286570745874,10.833687284272996,0.05564882319814309,0.055807618853140895,0.020165033138730706,0.7000000000000001
28.216880531001152,10.704198322246919,3.886185153386774,-0.22198565093052308,1.1810054222872473,0.09878245574420702,1.1076323985038643,10.7635255727632,0.07072735482977041,0.07080183831309306,0.053586078555217694,0.7000000000000001
28.331300072000886,10.697013875657312,3.925397481971742,-0.21553339768821891,1.176369857549031,0.14050862854187518,0.9325899227464272,10.728599673878033,0.07793585359356121,0.07798628490269977,0.056468034465021195,0.65
28.338851485001214,10.690112322802898,3.9645791036649842,-0.20704658563240694,1.175448650797276,0.11331543153272644,0.9045232618056849,10.693647213040325,0.0848524644066434,0.08488783775711362,0.06962138068784261,0.65
28.345261067999672,10.683480668081486,4.003754640589659,-0.1989496416423429,1.1752661077402504,0.16968874746555623,0.7674043780269522,10.658647883422537,0.0914950571709441,0.09151949247852542,0.0809045235544536,0.65
28.450575795000987,10.677095477245867,4.042947737645011,-0.19155572506858917,1.1757929116605275,0.2005601154865329,0.7607040660884345,10.623585815515884,0.09788811072322989,0.09790468331414459,0.022516615031383136,0.65
28.45249692300058,10.670807648045868,4.082169174682162,-0.18863487599998643,1.176643111114513,0.1751783829713815,0.7669602781735585,10.588498223609852,0.10418154923041363,0.1041925125141443,0.04490521234331315,0.65
28.52867933000016,10.6586458092961,4.160734297254178,-0.18174355676831194,1.1792360749972561,0.20841431995878634,0.647947094606795,10.518171009051652,0.11635010875153558,0.11635435126391158,0.08553125027337205,0.65
28.58401676700123,10.652541691652573,4.199992288829486,-0.18312352930581294,1.1777397472592142,0.20841431995878634,0.647947094606795,10.483087401573513,0.12245656123516657,0.12245846890743906,0.07854837361408108,0.65
28.586627456001224,10.646378279106868,4.239136073689053,-0.18490237637117582,1.17431354578703,0.19918575082763945,0.6220669628964426,10.448164449521522,0.12862205762257395,0.12862188145314413,0.09923205011304649,0.6000000000000001
28.69294383899978,10.640077941199355,4.278017061251616,-0.1890101372254154,1.1664296268768979,0.23547336478379569,0.45180825632855437,10.413568528705213,0.1349244343950755,0.13492221936065718,0.026847397322347907,0.6000000000000001
28.69490279800084,10.640077941199355,4.278017061251616,-0.1890101372254154,1.1664296268768979,0.22835498265417437,0.4483499925036804,10.413568528705213,0.1349244343950755,0.13492221936065718,0.026847397322347907,0.6000000000000001
28.809305945000233,10.627372182018442,4.35452321651667,-0.1913380149844109,1.1401847274170047,0.28623407669491985,0.6038499635338338,10.345697738656003,0.14763556530779945,0.1476279785415695,0.05274102308076138,0.6000000000000001
28.816689014000076,10.621088195445878,4.391841512835295,-0.18851959717694025,1.119548889558742,0.2805961078778608,0.5698362300645686,10.312670292207258,0.15392343073715134,0.1539119651141334,0.07820063747425655,0.6000000000000001
28.818228006000936,10.614933257064811,4.428350496174127,-0.18464815143203106,1.0952695001649715,0.2755456499998625,0.6075941136591219,10.280393685436765,0.16008326205104212,0.16006690349520092,0.10309740966700343,0.6000000000000001
28.83128311800101,10.609043367968637,4.464019347663084,-0.17669667288523316,1.0700655446687022,0.2905132075980579,0.5176391114929337,10.248848781152697,0.16598026588488785,0.1659567925913752,0.12527564252821902,0.6000000000000001
28.931071752000207,10.609043367968637,4.464019347663084,-0.17669667288523316,1.0700655446687022,0.3139709499234483,0.5119976428553573,10.248848781152697,0.16598026588488785,0.1659567925913752,0.027675586895140443,0.6000000000000001
28.965144961000988,10.603554664015217,4.49868129303511,-0.1646611186025656,1.0398583611607897,0.35763431111712474,0.5950261260017329,10.218143221752358,0.1714786641336793,0.1714454965447949,0.05439148758634588,0.6000000000000001
29.063318419001007,10.598494104413838,4.532254709340397,-0.15181678804135595,1.0072024891586113,0.41117612789446545,0.6352847934517724,10.18834105650982,0.17655123514373663,0.17650605614617376,0.05120612939590082,0.55
29.169616285000302,10.598494104413838,4.532254709340397,-0.15181678804135595,1.0072024891586113,0.38590608980904734,0.6128040751092203,10.18834105650982,0.17655123514373663,0.17650605614617376,0.028423876637530557,0.55
29.17183388900048,10.593981783948887,4.564452171764602,-0.13536961394854002,0.965923872726145,0.37847517687404064,0.6061237217239761,10.159667126232387,0.1810798867925399,0.1810183766111244,0.05545597436768631,0.55
29.17356903899963,10.590163439292848,4.595341598177395,-0.11455033968119734,0.9266827923837926,0.3462909245851964,0.5879747203849803,10.132002961814294,0.18492008863397993,0.184836721267164,0.08104997388281235,0.55
29.19302395700106,10.587056004001196,4.624976806999566,-0.09322305874955486,0.8890562646651416,0.3247136515489504,0.44644947719181316,10.105287726082825,0.18805162656605448,0.18794415655881558,0.10356650681987102,0.55
29.31141554399983,10.58467635005255,4.653427719616921,-0.07138961845935209,0.8535273785206494,0.31259857617372017,0.4127695201018399,10.079445828634718,0.1904683086797693,0.1903238105074614,0.05666731642489696,0.55
29.40805768500104,10.582986042939028,4.6807921015159915,-0.05070921340566492,0.8209314569720941,0.3934124992042184,0.5593571721848715,10.054395288082977,0.1921986558634434,0.19201411762098353,0.016648227902286553,0.55
29.410137811000823,10.582986042939028,4.6807921015159915,-0.05070921340566492,0.8209314569720941,0.3890274196977642,0.6033005275649055,10.054395288082977,0.1921986558634434,0.19201411762098353,0.016648227902286553,0.55
29.41190850699968,10.582138163338554,4.707231376399779,-0.02543638801425476,0.7931782465136216,0.434259295421389,0.6136360346750415,10.029927931861117,0.1931019458404934,0.19286199722145803,0.032081491049036646,0.55
29.413717815999917,10.582147056376945,4.732887670261804,0.00026679115173567497,0.7696888158607649,0.4370953675439357,0.6512229283243263,10.005902394631416,0.19315616910448433,0.192853104183067,0.04636705396298556,0.55
29.43987528999969,10.58301801556012,4.75808851330099,0.02612877549523652,0.7560252911755752,0.4999272536494061,0.7287222677602553,9.982007438596385,0.19237002425168026,0.1919821449998924,0.06001559063476279,0.55
29.530414008000662,10.58301801556012,4.75808851330099,0.02612877549523652,0.7560252911755752,0.4999272536494061,0.7287222677602553,9.982007438596385,0.19237002425168026,0.1919821449998924,0.015679368401957206,0.55
29.532281986999806,10.584663864617927,4.783013992525149,0.04937547173421371,0.7477643767247705,0.47145771233274003,0.747072613135109,9.958103052700606,0.19082270297474968,0.19033629594208534,0.03059030003647903,0.55
29.533787406000556,10.58694656210303,4.807611221145593,0.0684809245531131,0.7379168586133354,0.47953630284890725,0.7558829517935477,9.93428576571557,0.18867296400003392,0.18805359845698177,0.044803579565946404,0.55
29.65947638200123,10.589746771962636,4.831927496681673,0.08400629578819077,0.7294882660824087,0.45318687317889034,0.7080847711022182,9.910552237474556,0.1860226021327955,0.18525338859737595,0.02747452174355947,0.55
29.67464346000088,10.596653290193428,4.878888403645246,0.11070779411468992,0.6975739722785108,0.49327809106674475,0.7460504198173975,9.864194708213166,0.17953365866913223,0.1783468703665836,0.05199535221861113,0.55
29.783395483000277,10.60078623059487,4.901859220854218,0.12398821204328903,0.6891245162691735,0.4602504769883258,0.7412986962151191,9.841254533695336,0.17572121344434088,0.1742139299651413,0.010210718386150883,0.6000000000000001
29.785353781000595,10.605547144668913,4.9249009855273975,0.1428274222212536,0.6912529401953722,0.4616642255107543,0.7780309048409443,9.818026414891524,0.17128184415869058,0.16945301589109896,0.019956163559324145,0.6000000000000001
29.796139472000505,10.610872039692122,4.9482485627952375,0.15974685069625816,0.7004273180351981,0.5553684640921654,0.8785673978495998,9.794313058697973,0.16645363395653068,0.16412812086788975,0.02949166360797588,0.6000000000000001
29.901341836999563,10.616659847751292,4.972025604491736,0.1736342417750666,0.7133112508949637,0.522152160075674,0.8820897141808819,9.770034553742505,0.16119927054832203,0.15834031280872018,0.013640046012941378,0.6000000000000001
29.908838137000203,10.6228104199533,4.9962903638182645,0.18451716606025106,0.7279427797958471,0.5038702375175347,0.8536373519435783,9.745171959257236,0.15582034113130394,0.15218974060671187,0.027395181440568208,0.6000000000000001
30.02160286599974,10.629223272103085,5.021054536809276,0.19238556449355734,0.7429251897303413,0.41572980564230794,0.7084664134612697,9.719750090331656,0.15030108636789763,0.14577688845692727,0.012901297366768186,0.6000000000000001
30.02365657200062,10.635933960536057,5.046219922647237,0.20132065298919483,0.7549615751388349,0.41250132274958673,0.6739373421820143,9.693847905493318,0.14481335582354773,0.13906620002395442,0.025874011585277464,0.6000000000000001
30.0255006160005,10.635933960536057,5.046219922647237,0.20132065298919483,0.7549615751388349,0.40526419349044074,0.639654522248306,9.693847905493318,0.14481335582354773,0.13906620002395442,0.025874011585277464,0.6000000000000001
30.030441741000686,10.642960087093583,5.071793821278941,0.21078379672574085,0.7672169589511292,0.4032187888018266,0.6297586489849396,9.66745218581013,0.13927254951637355,0.13204007346642932,0.03827457279920587,0.6000000000000001
30.138006750001296,10.650245023638352,5.097700945126672,0.2185480963430881,0.7772137154319009,0.4113773791215929,0.6003132667534197,9.640653383993492,0.13393547968933076,0.12475513692166018,0.009807743280328364,0.65
30.14021871800105,10.657706973824295,5.123858964912707,0.22385850557827638,0.784740593581069,0.4363132247839334,0.6232815321620893,9.61355757042292,0.12891984517918573,0.11729318673571676,0.01962553195921237,0.65
30.256623168999795,10.665303642529697,5.150185021865688,0.22790006116204928,0.7897817085894342,0.5689389051866188,0.7296898026527459,9.586257205544667,0.12436285516131991,0.1096965180303151,0.012964385956551241,0.65
30.258660294000947,10.673135234853154,5.176818953452557,0.23494776970374326,0.7990179476060504,0.5997902026015904,0.7458450106809289,9.558585779709698,0.12053887970282527,0.10186492570685779,0.02597589792109779,0.65
30.26104728500104,10.673135234853154,5.176818953452557,0.23494776970374326,0.7990179476060504,0.6611502912239491,0.7723989745131113,9.558585779709698,0.12053887970282527,0.10186492570685779,0.02597589792109779,0.65
30.388207334999606,10.68967711124056,5.231036466121408,0.2521221839930165,0.8171644840610398,0.791713471619995,0.8089114514987418,9.502042747265705,0.11521344704208478,0.08532304931945234,0.027365945073426913,0.65
30.39058434800063,10.68967711124056,5.231036466121408,0.2521221839930165,0.8171644840610398,0.7694214727920408,0.8651816098562568,9.502042747265705,0.11521344704208478,0.08532304931945234,0.027365945073426913,0.65
30.3925909160007,10.698319322137111,5.25818754224392,0.2592663268965615,0.8145322836753905,0.8592048842911574,0.8065185472176908,9.47359905063943,0.11335115440972508,0.07668083842290052,0.04079930959136553,0.65
30.497337595999852,10.71653828362184,5.3117243339528395,0.2786433227716138,0.799270207846695,0.9449444651344293,0.8151402458592371,9.417090971666,0.11527925427640147,0.06903956826406268,0.035604173290023154,0.7000000000000001
30.504958679999618,10.726180411905881,5.338193475867074,0.28926384852122616,0.794074257427047,0.9683425997955105,0.7904508899490664,9.388924974636119,0.1181026853576432,0.0792052550603587,0.04698936935693766,0.7000000000000001
30.621766292000757,10.736161235133219,5.364592406334238,0.2994246968201516,0.7919679140149125,0.9804933097457921,0.7753275885351577,9.360702808202701,0.12348091357108702,0.09081461002388742,0.012902900546231076,0.7000000000000001
30.6238662249998,10.746774136770439,5.391035575615804,0.31838704911658566,0.7932950784469852,0.9315132562173607,0.833266429941773,9.332212226209881,0.12834458378910613,0.10200829962320312,0.025415000937116846,0.7000000000000001
30.629147276000367,10.758249454082227,5.417684713107275,0.3442595193536321,0.7994741247441052,0.9753949498370365,0.7817318541753333,9.303219628287446,0.13463858097681877,0.11273781076876237,0.037308932514845766,0.75
30.760441059001096,10.770643271660042,5.444669581951038,0.37181452733445675,0.8095460653128946,0.988171386063361,0.7655176756715784,9.273584035859392,0.14116434229406272,0.12305524206355488,0.011403345899453464,0.75
30.76217048900071,10.783841218960251,5.4720837172235886,0.3959384190063081,0.8224240581765343,0.9375813310521084,0.8179943713303041,9.243259622214739,0.14765197039766362,0.1331076049814186,0.022576089877807036,0.75
30.76951113799987,10.783841218960251,5.4720837172235886,0.3959384190063081,0.8224240581765343,0.9131082771780155,0.798641815653888,9.243259622214739,0.14765197039766362,0.1331076049814186,0.022576089877807036,0.75
30.857491906001087,10.797971674381644,5.499869402138172,0.4239136626417581,0.8335705474375165,0.9314507417476343,0.7332161919140702,9.212254738307294,0.1549813460685363,0.14276331035471287,0.008636049257540166,0.75
30.859474500000942,10.81304916215614,5.528035180525793,0.45232463323485894,0.8449733516286183,0.8751404322281908,0.7722645172091424,9.180556991637594,0.16183830609774982,0.15201812940139278,0.01683934203129871,0.8
30.87608389399975,10.829012396885897,5.556592773375185,0.47889704189267746,0.8567277854817859,0.8490922222311816,0.6751004842402549,9.148178339957703,0.1691867303775933,0.16092368543248,0.025143551325670303,0.8
30.986051619000136,10.845903662758378,5.585404498135241,0.5067379761744193,0.8643517428016749,0.8420303863902185,0.6419584179980109,9.115233377836516,0.1761768631527695,0.1693527227467397,0.00667062016512761,0.8
30.99326390799979,10.881972080066813,5.643831709725155,0.5520920078992455,0.8798986104069371,0.8187454669795811,0.6615737176952882,9.047789003227214,0.19020234026917462,0.18516277780232815,0.019862332261148148,0.8500000000000001
30.994744431000072,10.881972080066813,5.643831709725155,0.5520920078992455,0.8798986104069371,0.7679562517268059,0.6699189629668116,9.047789003227214,0.19020234026917462,0.18516277780232815,0.019862332261148148,0.8500000000000001
31.10765317900041,10.901062961719731,5.673378093886268,0.5727264495875412,0.8863915248334048,0.7655568541396038,0.524590020252125,9.013387538737982,0.19709282769061992,0.19255593452658604,0.0110067100710085,0.8845903006477066
31.109784000000218,10.901062961719731,5.673378093886268,0.5727264495875412,0.8863915248334048,0.7478776570371249,0.5152372888799771,9.013387538737982,0.19709282769061992,0.19255593452658604,0.0110067100710085,0.8845903006477066
31.111552713000492,10.92069225600869,5.703210937187641,0.5888788286688047,0.894985299041188,0.7788081883859563,0.4598320788397634,8.978533527050416,0.20405656462444727,0.1997709332254326,0.021831100713324114,0.9
31.126526779000415,10.940835792793685,5.7333018015528525,0.604306103549825,0.9027259309563508,0.8010870379228784,0.3612327943466873,8.943263231728798,0.21107170679866163,0.20680475601208778,0.0322516189055501,0.9
31.22887725700093,10.961372623335343,5.7637179287916185,0.6161049162497312,0.9124838171629799,0.8072400603572537,0.3282583720515308,8.907557498006911,0.2182973129185478,0.21379047369996637,0.02407907501407029,0.8500000000000001
31.23145429900069,10.982187085268885,5.79450683841697,0.62443385800627,0.9236672887605308,0.8034135465451095,0.3208348704298833,8.871413305013277,0.22586662331473076,0.22084347330143603,0.039357033102000456,0.8500000000000001
31.234496887000205,11.003275414323005,5.82542481977428,0.6326498716236031,0.9275394407193078,0.837130569260511,0.1952845477073735,8.835060700003359,0.2336307585428606,0.22779408710172763,0.05461188259141211,0.8
31.360401968000588,11.045957951287496,5.887098061059258,0.640740037740523,0.9228730044624525,0.8520769320511139,-0.04157999482071101,8.762358763139106,0.249857919943758,0.24122254290625195,0.045626849204103086,0.75
31.465587931999835,11.0674048621939,5.917529221448626,0.6434073271921117,0.9129348116810245,0.843926844805682,-0.07458827123740218,8.726365870836055,0.25836215706825577,0.2475753666395275,0.07054291531776168,0.7000000000000001
31.467785198001366,11.088873672470283,5.947519954148992,0.6440643082915053,0.899721981010976,0.8388406838739663,-0.07998246316977084,8.690788954884443,0.2671355834804688,0.2536012757742719,0.0954276163214336,0.7000000000000001
31.486487477000992,11.132034243420728,6.005577956530696,0.6478982789298113,0.8606312277144758,0.8588475382766476,-0.24081251904790646,8.621397157655421,0.2856021739307887,0.26413535056157744,0.14623515273904675,0.6000000000000001
31.58998580000116,11.153598618957727,6.0336141537268775,0.6469312661099746,0.8410859158854378,0.8848905831605591,-0.3041057211186141,8.587657522232892,0.2948724183695659,0.26871161954341494,0.09622292781264008,0.6000000000000001
31.620875407001222,11.175409168626517,6.060474144721011,0.6543164900637237,0.8057997298240034,0.9161146150048218,-0.36152907730205036,8.554952221295755,0.30551680742309834,0.2722821137457692,0.12536086928212037,0.55
31.711683720999645,11.220238088331323,6.109496647170502,0.6792102604749273,0.7098498170029519,0.9264745224482178,-0.3952892616513016,8.493595969875013,0.323937467309673,0.28096252106712416,0.0991131288335924,0.5
31.713539616999697,11.220238088331323,6.109496647170502,0.6792102604749273,0.7098498170029519,0.9183542123662042,-0.33975186361051296,8.493595969875013,0.323937467309673,0.28096252106712416,0.0991131288335924,0.5
31.7307646090012,11.243319584825391,6.131512587679419,0.6924448948220344,0.6604782152675049,0.7954305015316677,-0.426908231384046,8.465070267561499,0.33365741880100946,0.2883373702904142,0.12975543541572634,0.5
31.83624931400118,11.266803276283243,6.1520424395677615,0.7045107437355479,0.6158955566502914,0.777866450098772,-0.4118887814219597,8.437833433868633,0.34397646745341487,0.2974206322980823,0.061617008885727666,0.45
31.838441720001356,11.290757758682556,6.170698347983005,0.7186344719793732,0.5596772524573064,0.7467687458063694,-0.4253671301971704,8.412233155297212,0.35253186589000024,0.3074642174415057,0.09067576342720007,0.45
31.860534990000815,11.315164501643144,6.187628070063488,0.7322022888176168,0.5078916624144707,0.7150410035178059,-0.619112534059853,8.388142721160373,0.36009444805331997,0.31830262738778087,0.11858560641847417,0.45
31.94750815200132,11.340055950993941,6.2028770640961755,0.746743480523899,0.45746982098063677,0.7150410035178059,-0.619112534059853,8.365515036052603,0.36805302242270627,0.3297338474585728,0.08822713662952231,0.4
31.949360602000525,11.365394987029246,6.216359530423515,0.760171081059136,0.40447398982018684,0.7232828511164292,-0.6257023917349364,8.344450349214675,0.3748269443593344,0.34149455160090453,0.11594490858316368,0.4
31.993306894000852,11.391229702297547,6.228245855170009,0.7750414580490257,0.3565897423948287,0.5810300795827269,-0.7691681878736591,8.324779266885288,0.3800844300629703,0.3532457676256868,0.14293480107674747,0.4
32.02205587000026,11.391229702297547,6.228245855170009,0.7750414580490257,0.3565897423948287,0.5810300795827269,-0.7691681878736591,8.324779266885288,0.3800844300629703,0.3532457676256868,0.14293480107674747,0.4
32.053414706000694,11.41759504824548,6.238587755823812,0.7909603784380262,0.3102570196141163,0.5810300795827269,-0.7691681878736591,8.306449229248345,0.38525807038610443,0.3635876682794903,0.16925766418851595,0.4
32.090716812999744,11.444522423369156,6.247393530789651,0.8078212537102687,0.26417324897515476,0.5810300795827269,-0.7691681878736591,8.289450495676624,0.389260355634103,0.3723934432453291,0.1946068928018734,0.4
32.12433627000064,11.471887410541386,6.254813551154702,0.8209496151669082,0.22260061095152164,0.5810300795827269,-0.7691681878736591,8.273688790377406,0.3921106823503632,0.3798134636103798,0.21895454691381785,0.35000000000000003
32.15615523999986,11.49946321891656,6.260788509805494,0.8272742512552268,0.17924875952376615,0.5810300795827269,-0.7691681878736591,8.25929950648149,0.3943045268236815,0.3857884222611716,0.24240922460570058,0.35000000000000003
32.189419801999975,11.49946321891656,6.260788509805494,0.0,0.0,0.5810300795827269,-0.7691681878736591,8.25929950648149,0.3943045268236815,0.3857884222611716,0.24240922460570058,0.35000000000000003
32.22459720000006,11.501577051274545,6.260102955746883,0.06341497073952689,-0.020566621758310078,0.5810300795827269,-0.7691681878736591,8.259284925763964,0.39333962130660893,0.38510286820256123,0.24338458241983296,0.35000000000000003
32.25708134300112,11.505642622780982,6.258354864205953,0.12196714519311408,-0.05244274622790543,0.5810300795827269,-0.7691681878736591,8.259666375614282,0.3910581879545542,0.38335477666163076,0.24495152766940365,0.35000000000000003
32.291990249001174,11.511462526482823,6.255242738151857,0.1745971110552362,-0.09336378162287441,0.5810300795827269,-0.7691681878736591,8.260795527618503,0.3871881703844898,0.3802426506075349,0.246542335930197,0.35000000000000003
32.32382779100044,11.519000431743594,6.250721093652172,0.22613715782310928,-0.1356493349905424,0.5810300795827269,-0.7691681878736591,8.262731880012609,0.38168941114977883,0.37572100610784975,0.24810713193873749,0.35000000000000003
32.35468537700035,11.528262483867609,6.244797454431064,0.27786156372047344,-0.17770917663324431,0.5810300795827269,-0.7691681878736591,8.265472816711425,0.3745881749294318,0.3697973668867416,0.24975318827902218,0.4
32.38858146500024,11.538974722203568,6.2372598956441125,0.321367150078775,-0.22612676360852396,0.5810300795827269,-0.7691681878736591,8.269312693456374,0.3657529503051466,0.3622598080997905,0.25114058062896305,0.4
32.421613324000646,11.55101389292527,6.228477984455854,0.3611751216511041,-0.263457335647734,0.5810300795827269,-0.7691681878736591,8.27394639910461,0.35551513893909703,0.3534778969115324,0.2519667508719061,0.4
32.46019584900023,11.564231327964068,6.218393436845754,0.3965230511638851,-0.302536428303002,0.5810300795827269,-0.7691681878736591,8.279483363980807,0.34383578149398764,0.34339334930143206,0.2520068010293146,0.4
32.492537666001226,11.57856875963848,6.207353248442508,0.43012295023237634,-0.3312056520973902,0.5810300795827269,-0.7691681878736591,8.285619363978897,0.33106646137528883,0.3323531608981858,0.25135747501374783,0.4
32.52211005500067,11.594054901429333,6.1956526428511305,0.46458425372558665,-0.351018167741311,0.5810300795827269,-0.7691681878736591,8.292072598543543,0.3172393311789406,0.3206525553068085,0.24810649739167026,0.45
32.56586340600006,11.610592423223737,6.1832032038655775,0.4961256538321328,-0.37348316956658584,0.5810300795827269,-0.7691681878736591,8.29896509178074,0.30249481168794706,0.30610252839370866,0.24006121747837358,0.45
32.590530117000526,11.628089422411614,6.170311708352398,0.5249099756363119,-0.38674486539537767,0.5810300795827269,-0.7691681878736591,8.306039869052304,0.2870174066568681,0.28593803576916954,0.23019160000091063,0.45
32.62811002400122,11.64657505390111,6.157206426211393,0.5545689446848483,-0.3931584642301481,0.5810300795827269,-0.7691681878736591,8.313077872963655,0.2704924070419637,0.2653540940307291,0.21955487690186457,0.45
32.653908846001286,11.666058785062257,6.14405069187273,0.5845119348344278,-0.39467203015990066,0.5810300795827269,-0.7691681878736591,8.31992783810433,0.2533770771903676,0.24464544441350008,0.20775005394777565,0.5
32.73862515499968,11.686533572887614,6.13098483743065,0.6142436347606985,-0.3919756332623886,0.7025889798246387,-0.2723698983453665,8.326465207761265,0.23491291174415263,0.22417862665673546,0.006124851777612289,0.5
32.89146871699995,11.707973202341712,6.118128138129932,0.6431888836229481,-0.385700979021537,0.7128275059807503,-0.1564019181771441,8.33259087079334,0.21636773194504513,0.2044286153178454,0.003970285017560794,0.5024937810560445
32.89351486000123,11.707973202341712,6.118128138129932,0.6431888836229481,-0.385700979021537,0.7176403614549974,-0.1325634793495569,8.33259087079334,0.21636773194504513,0.2044286153178454,0.003970285017560794,0.5024937810560445
32.89527412499956,11.730338233681335,6.105582409708243,0.6709509401887034,-0.3763718526506504,0.6839139181665814,-0.12445192488281961,8.338225800175882,0.19830329428720583,0.18602328846832936,0.008774406178442908,0.5024937810560445
32.89653829300005,11.730338233681335,6.105582409708243,0.6709509401887034,-0.3763718526506504,0.6634465643713942,-0.09784722469608342,8.338225800175882,0.19830329428720583,0.18602328846832936,0.008774406178442908,0.5024937810560445
32.98645249400033,11.753581021852863,6.093435146077864,0.6972836451458564,-0.3644179089113927,0.5863570239718501,-0.0060859855892718695,8.343306465728695,0.18094339884537924,0.16979148633988184,0.003149333061783462,0.5590169943749475
32.995091022999986,11.777649373393816,6.08176208220418,0.722050546228564,-0.350191916210535,0.616142945495786,0.029785826004003924,8.347781246491595,0.1638462024404725,0.15676199391479972,0.004272814633546552,0.5590169943749475
33.106223005001084,11.802489025054726,6.070629236574929,0.7451895498272942,-0.3339853688775212,0.6242994892682239,0.13443635652257274,8.351607721662894,0.14710690738872712,0.14562914828554874,0.00322049398070864,0.570087712549569
33.10941887000081,11.827629367429621,6.06008660892621,0.7542102712468657,-0.31627882946155605,0.5807489577693928,0.16675479436591584,8.354871371106556,0.13088040217399402,0.1350865206368299,0.006597851031711994,0.570087712549569
33.12531089600088,11.827629367429621,6.06008660892621,0.7542102712468657,-0.31627882946155605,0.5237563586530132,0.21791005444218156,8.354871371106556,0.13088040217399402,0.1350865206368299,0.006597851031711994,0.570087712549569
33.22463541199977,11.852850406976689,6.050256331500797,0.7566311864120189,-0.2949083227623869,0.5136385637395324,0.23123136029628094,8.357514847247826,0.11487312531841605,0.1252562432114166,0.005321486397313723,0.5852349955359814
33.23400966000008,11.878072743312442,6.041230022617552,0.7566700900725792,-0.27078926649735025,0.4965745209749623,0.263414821240621,8.359469736913447,0.09897776582240787,0.11622993432817186,0.010201545873827498,0.632455532033676
33.258358736000446,11.903101281701572,6.033047324407902,0.7508561516738671,-0.24548094628949446,0.4630228610351147,0.3638861684068164,8.360746943228445,0.08310232025168562,0.10804723611852207,0.017104288769314174,0.65
33.46940224300124,11.975952557502433,6.014360413856948,0.7166015484363789,-0.15603695551396385,0.48606249108637145,0.4462160996472133,8.35997279032558,0.03372768426711304,0.06251385848555194,0.030516496952767286,0.670820393249937
33.47184560900132,11.999517582873363,6.0103148854701365,0.7069507611279124,-0.12136585160434278,0.4390857806685101,0.4925209936872128,8.357932258453895,0.01751315887914816,0.0429902486911381,0.03991776110692126,0.670820393249937
33.50039784799992,12.022678788142398,6.007534630404748,0.6948361580710631,-0.08340765196166475,0.38561248825828637,0.5590051859969175,8.354834479230092,0.0024626402431625594,0.02464686617478417,0.04799459205000971,0.6946221994724903
33.59113269299996,12.045292193573612,6.005964201740704,0.6784021629363931,-0.04711285992130759,0.38561248825828637,0.5590051859969175,8.350762819844217,0.012820357722406849,0.007546313090937089,0.028061085444706313,0.6946221994724903
33.59356935700089,12.067340817463167,6.005562280618854,0.66145871668666,-0.01205763365550365,0.3459357748455471,0.580174958224717,8.3457549296209,0.026836892679526422,0.008328619527960558,0.040184903076168337,0.7211102550927979
33.617175274001056,12.08869376435672,6.006383076289,0.6405884068065438,0.024623870104366383,0.47116112415371236,0.7000379970657352,8.339783431319944,0.0394631511010312,0.022847042890380188,0.05095742570777936,0.7211102550927979
33.62345243100026,12.08869376435672,6.006383076289,0.6405884068065438,0.024623870104366383,0.47116112415371236,0.7000379970657352,8.339783431319944,0.0394631511010312,0.022847042890380188,0.05095742570777936,0.7211102550927979
33.72227172000021,12.109332696744039,6.00853533448483,0.6191679716195849,0.06456774587491114,0.47116112415371236,0.7000379970657352,8.33274005027955,0.05095048453671142,0.03591909557276751,0.029702408889224482,0.75
33.841963050999766,12.129243884327044,6.012176533669817,0.5973356274901696,0.10923597554958953,0.5710480443785652,0.8765046502365361,8.324468036456354,0.06148962574479051,0.0474237146988331,0.012707022437672313,0.75
33.844507908001106,12.148404775178737,6.017254680858736,0.5748267255507804,0.15234441566757717,0.5578590719037161,0.925258671947165,8.315016284749246,0.07045704791025599,0.05738171824049134,0.02390765814330048,0.75
33.846500741001364,12.166801031970934,6.02369208418824,0.5518877037659223,0.19312209988511864,0.5428047836719145,0.9573508939997896,8.304457104530817,0.0779011768081919,0.06583790461917864,0.03364176050704612,0.7810249675906654
33.94651542900101,12.184436114247996,6.031421680586304,0.5290524683118326,0.23188789194191053,0.47186070167396094,1.0148557158186395,8.292848792598962,0.08426400343246258,0.07284214085516585,0.0227849751265476,0.7810249675906654
33.94962568499977,12.201233527964316,6.040433353815405,0.5039224114895862,0.270350196873026,0.45151721462414257,1.0048354727609916,8.280213079360824,0.08948033149922333,0.07834749075023724,0.032114249387359683,0.8139410298049854
33.959410101000685,12.21715695502182,6.050660652529749,0.4777028117251236,0.3068189614303427,0.4124270342227937,1.0375978686580585,8.266617316820437,0.0932154483466056,0.08237526172819427,0.03995984174925859,0.7778174593052023
33.98251119700035,12.232415569591703,6.062160453605329,0.4577584370964941,0.3449940322673928,0.4201744477641016,0.9947343392608089,8.251953476498132,0.09557405870677531,0.08503314423923171,0.046091901327322965,0.7778174593052023
34.067356708999796,12.24727463502058,6.075165879268411,0.445771962866308,0.39016276989245974,0.4201744477641016,0.9947343392608089,8.235930666493985,0.09715738909133745,0.08634386548750217,0.019646177517286027,0.7778174593052023
34.084048483000515,12.24727463502058,6.075165879268411,0.445771962866308,0.39016276989245974,0.3977075609490745,1.0266462224067052,8.235930666493985,0.09715738909133745,0.08634386548750217,0.019646177517286027,0.7778174593052023
34.10257821800042,12.26191813328633,6.089761828119061,0.4393049479724848,0.43787846551947507,0.3976891011113959,1.0266531131439043,8.218422021227681,0.09762109124412235,0.08637748800136114,0.02826065674081372,0.8139410298049854
34.19197846700081,12.26191813328633,6.089761828119061,0.4393049479724848,0.43787846551947507,0.36773506745688733,1.0106521812371687,8.218422021227681,0.09762109124412235,0.08637748800136114,0.011250775500894759,0.8139410298049854
34.194428696000614,12.276358378046814,6.105963448393111,0.4332073428145081,0.48604860822152446,0.3551261322585021,0.9793286365647664,8.199407853848168,0.09682659543964707,0.08513200743150195,0.021965546872055135,0.7810249675906654
34.33307914100078,12.290538996086985,6.1238117750106,0.4254185412051695,0.5354497985246496,0.29079096766722207,0.8584150639922098,8.17885858327074,0.09520206217725938,0.0825385458250651,0.010435001408418586,0.7810249675906654
34.335337459000584,12.304427201606499,6.143250314522945,0.41664616558544165,0.5831561853703412,0.24522119437868994,0.8407774337705592,8.156834387902569,0.09277658823300858,0.07861386702088338,0.020273633286200167,0.8200609733428363
34.33704750200013,12.317949179882461,6.164202994063541,0.40565934827885497,0.6285803862178895,0.23909194729274247,0.874765800567433,8.133423586959655,0.08907552696654317,0.07335956776768972,0.028990094182754188,0.7905694150420949
34.386684445000355,12.331114629654936,6.186500222772468,0.39496349317422513,0.6689168612678038,0.21727486318917716,0.903036232280954,8.108787466545229,0.08523611815781015,0.06690242495742788,0.03608282757690018,0.7905694150420949
34.428335046999564,12.343939962374513,6.210068880693329,0.38475998158731795,0.7070597376258292,0.16642693753590543,0.9347369185403234,8.082992015531689,0.08090191957314923,0.059305746855108046,0.017252862782662543,0.7632168761236874
34.54360265499963,12.35635845628273,6.2348254777487115,0.37255481724652506,0.7426979116614837,0.07664672790522054,1.1275380065570464,8.056131583982943,0.07572537288442943,0.050581390452768445,0.010347286227731525,0.8062257748298549
34.54549417800081,12.36829855458206,6.260692067550296,0.35820294897988,0.7759976940475326,0.02436903148652525,1.15972605134484,8.028296130302584,0.07213217401126862,0.04073387387338616,0.020126795710625915,0.7826237921249265
34.54753307700048,12.379689523013338,6.287469331915675,0.3417290529383631,0.8033179309613936,0.001983510336654448,1.1856133079605173,7.999693967708276,0.06762216103626378,0.029854119681041194,0.026668273483476078,0.7826237921249265
34.57234074200096,12.390359790879621,6.314745626799827,0.32010803598850807,0.8182888465245709,-0.06993011201309718,1.2480423788613253,7.970762529399152,0.0659184475032734,0.01846812426411661,0.032203905607014825,0.7615773105863909
34.664053210999555,12.390359790879621,6.314745626799827,0.32010803598850807,0.8182888465245709,-0.06993011201309718,1.2480423788613253,7.970762529399152,0.0659184475032734,0.01846812426411661,0.01961448553880773,0.7615773105863909
34.67301868300092,12.409368669414935,6.370922982265055,0.2721379765204763,0.8513960292869823,-0.09574478000508369,1.2463277807630617,7.911818112294691,0.06543986110246222,0.034368485013065,0.037027390353202294,0.7905694150420949
34.78629108400128,12.409368669414935,6.370922982265055,0.2721379765204763,0.8513960292869823,-0.12048995982913624,1.22135322339462,7.911818112294691,0.06543986110246222,0.034368485013065,0.0,0.7905694150420949
34.78792422300103,12.424921407196145,6.429441587149177,0.2200149394671969,0.8862080078034682,-0.1266183523760679,1.2152048021442239,7.851328209737909,0.0684858792369788,0.04992122279427491,0.009329246960015901,0.7762087348130012
34.90494797100109,12.436655471686043,6.490267166943496,0.16063504640158477,0.9212572383526538,-0.06846994595627987,1.113757135472058,7.789399772149979,0.07258112732200545,0.061655287284173355,0.01205804890465895,0.7648529270389178
34.906645680999645,12.436655471686043,6.490267166943496,0.16063504640158477,0.9212572383526538,-0.1425226285210754,1.1067217647300958,7.789399772149979,0.07258112732200545,0.061655287284173355,0.01205804890465895,0.7648529270389178
34.93321668800127,12.444046785594152,6.553455453067602,0.09401879710004235,0.956265521001157,-0.09640586382694488,1.0522206296744023,7.72609316842194,0.07555477509067718,0.0690466011922819,0.01993557895324956,0.7516648189186454
35.03378988300028,12.446039142684793,6.585840275727239,0.05977071271922302,0.9715446797891363,-0.09640586382694488,1.0522206296744023,7.694035539261158,0.07619596077282449,0.07103895828292295,0.017727250198218785,0.7516648189186454
35.03577726600088,12.4468788303591,6.618674623139583,0.02519063022925331,0.9850304223703152,-0.1455263464453142,1.0163056475927612,7.661790847835156,0.0761398778426401,0.0718786459572307,0.020259735324300934,0.75
35.05940362600086,12.446561315466747,6.651895577760549,-0.009525446770602613,0.9966286386289923,-0.17624905395251506,0.9110334176626083,7.629424550258945,0.07544732353529882,0.07156113106487716,0.021524729074634825,0.75
35.149803509000776,12.445014119186984,6.685541978211721,-0.04641588839285701,1.0093920135351668,-0.17624905395251506,0.9110334176626083,7.596918192435074,0.07379382505923499,0.07001393478511453,0.014956851211620145,0.75
35.15175989300042,12.442355480472946,6.719574428005669,-0.07975916142114917,1.020973493818436,-0.2257610366598562,0.8770481902017537,7.5642889273788265,0.07142277837589626,0.06735529607107615,0.015839711072612582,0.75
35.16534900999977,12.438857655602785,6.753947068406079,-0.10493474610484524,1.0311792120123016,-0.27600126577127976,0.8101529989653076,7.531526243871763,0.06873768350426646,0.06385747120091523,0.015823837412884987,0.7516648189186454
35.276889613000094,12.429365666986088,6.82326023841816,-0.1538680954925542,1.041761456314335,-0.2992483699026651,0.7855571494582344,7.466053886252828,0.06228806075438439,0.05436548258421858,0.008011175890018317,0.7566372975210779
35.28571668600125,12.429365666986088,6.82326023841816,-0.1538680954925542,1.041761456314335,-0.37378435501161433,0.7362050887451822,7.466053886252828,0.06228806075438439,0.05436548258421858,0.008011175890018317,0.7566372975210779
35.39144988600128,12.423415339571294,6.857995242142805,-0.17850982244380784,1.0420501117393444,-0.44851627622174,0.6546648543828126,7.433543504709653,0.05923206628981646,0.048415155169424295,0.0033564946841920067,0.7648529270389178
35.393312043999686,12.41674944893771,6.892531478201912,-0.19997671900753722,1.036087081773203,-0.49194979652273696,0.6141398782982641,7.401414385802339,0.05630520092811454,0.041749264535839714,0.006685366771648722,0.7648529270389178
35.39501777900114,12.41674944893771,6.892531478201912,-0.19997671900753722,1.036087081773203,-0.4931464590066029,0.5795919772215722,7.401414385802339,0.05630520092811454,0.041749264535839714,0.006685366771648722,0.7648529270389178
35.396212827001364,12.409345265748144,6.926707744738681,-0.22212549568695153,1.0252879961030807,-0.4762829219494078,0.5619440244987066,7.3698327803173544,0.05395135804233183,0.03434508134627379,0.009905146824361988,0.7762087348130012
35.42380233299991,12.401179562303456,6.9603043374993305,-0.2449711033406336,1.0078977828194884,-0.48116922138053625,0.4602065132992832,7.339022076044352,0.05307068439187267,0.02617937790158642,0.015638188793039947,0.7905694150420949
35.50749922599971,12.39228687504093,6.9932553165587565,-0.2667806178757883,0.9885293717827823,-0.4888051838870026,0.42675824184212724,7.309042626279987,0.05250735231147279,0.017286690639060964,0.017994151560069862,0.7433034373659253
35.51706759999979,12.382652160550743,7.0254476919295845,-0.28904143470565796,0.965771261124852,-0.5133768165108337,0.36143154732901306,7.280011947880681,0.05508293311745963,0.007665055337590342,0.02833047121558029,0.7615773105863909
35.54297391300133,12.372320342861174,7.056841620809192,-0.30995453068703693,0.9418178663882142,-0.5448146339179522,0.3729560927395247,7.251962282862275,0.0581609364783747,0.020620417851816474,0.03819398452998086,0.7826237921249265
35.6230418920004,12.361284431314884,7.08732182185193,-0.33107734638874126,0.9144060312821266,-0.5448146339179522,0.3729560927395247,7.225011215151305,0.06486878578249194,0.034369606810108075,0.030790830784988392,0.7826237921249265
35.63377522600058,12.361284431314884,7.08732182185193,-0.33107734638874126,0.9144060312821266,-0.5886875274734671,0.36477524593966587,7.225011215151305,0.06486878578249194,0.034369606810108075,0.030790830784988392,0.7826237921249265
35.70430309600124,12.349464182436993,7.116652011653163,-0.3546074663367385,0.8799056940369997,-0.7056285162321637,0.4951932921169544,7.199411418645194,0.0706237570526718,0.04675100477517991,0.04410014108675066,0.7632168761236874
35.74911116200019,12.33698755617768,7.144541749084346,-0.37429878777938597,0.8366921229354725,-0.7328263864300862,0.5148461990439256,7.175417225311919,0.07777960591263662,0.05764972020399168,0.02367101005031521,0.7632168761236874
35.77095814200038,12.323910387874887,7.170950164022227,-0.39231504908381665,0.7922524481364472,-0.8258114516141336,0.6133325582375706,7.153057104466756,0.08355642044746729,0.06707633510133298,0.0333914746979658,0.7905694150420949
35.88410775400007,12.310273183906753,7.195832060155818,-0.40911611904403167,0.746456884007733,-0.8736520821608231,0.6061860325229607,7.132366859452444,0.08921874032648323,0.07502753318388286,0.02505271771392988,0.7905694150420949
35.89348788300049,12.310273183906753,7.195832060155818,-0.40911611904403167,0.746456884007733,-0.8902779391179897,0.5958615667247833,7.132366859452444,0.08921874032648323,0.07502753318388286,0.02505271771392988,0.7905694150420949
35.897201649000635,12.296082832772338,7.219198716394859,-0.42571053403242415,0.7009996871712364,-0.8794415058563169,0.598882430814986,7.113335606498601,0.09385725556268992,0.08151616074960069,0.03482241262339728,0.7810249675906654
35.9847521820011,12.281309671395121,7.241168312892675,-0.44319484131653153,0.6590878949344807,-0.8794415058563169,0.598882430814986,7.09585841342881,0.09734108841471721,0.08660480882374502,0.014825580024027268,0.7810249675906654
36.11179287199957,12.233346951583558,7.299704488452183,-0.5018173406372163,0.5546118511310377,-0.811443833420812,0.5387690480324732,7.0518375369501936,0.10286343549191178,0.09408137108369224,0.017919759528659495,0.7778174593052023
36.113715433000834,12.233346951583558,7.299704488452183,-0.5018173406372163,0.5546118511310377,-0.8611856549348756,0.45505639983522017,7.0518375369501936,0.10286343549191178,0.09408137108369224,0.017919759528659495,0.7778174593052023
36.122179146001145,12.215690408772105,7.3174769305265945,-0.52969628434358,0.5331732622323588,-0.8793145344461782,0.46150300254723864,7.039406354482768,0.10294440084673868,0.09416332423846467,0.020986365618679746,0.8139410298049854
36.229419489000065,12.197027902756929,7.334637258251024,-0.5598751804552488,0.5148098317328962,-0.8276780395867182,0.4116034009726988,7.0279040851687,0.10188120161079552,0.0931011237825269,0.016704648925035568,0.7810249675906654
36.23142267100047,12.177304654033072,7.351249348961126,-0.59169746171568,0.49836272130305714,-0.8442288924078176,0.3483687346778902,7.017292408279743,0.10020961173000649,0.09090120285365816,0.023563091252020885,0.8200609733428363
36.34929927600024,12.134639246874123,7.383053122656822,-0.6560308397938102,0.4696836833914173,-0.9094698984369454,0.3188454424569782,6.99857258610481,0.09416348517045274,0.08322086817702878,0.0019182691037096793,0.7905694150420949
36.35100719500042,12.111721730799085,7.398165864757603,-0.6875254822511565,0.45338226302342594,-0.9286983173034857,0.2575296305185115,6.990553000448305,0.09050648866354616,0.07770205957420319,0.003651310441667642,0.7905694150420949
36.35980769799971,12.08801068360655,7.4128481863335836,-0.7113314157760601,0.44046964727942556,-0.8954637986307664,0.26390894890144545,6.98327289945792,0.08600945271706396,0.07131778646526438,0.005724478611156943,0.8062257748298549
36.488261681999575,12.063650403449238,7.427067832909684,-0.7308084047193545,0.42658939728303763,-0.7350768345404609,0.032743360247825565,6.976728702333286,0.08157632017548205,0.06414727569446309,0.003510050153119511,0.8062257748298549
36.58405305400083,12.038660547222614,7.440823442199129,-0.749695686798694,0.41266827868334505,-0.7118724101693944,0.007691284214213168,6.970921945305458,0.0771973662220302,0.05620346350365954,0.006346091967695515,0.7826237921249265
36.58578681099971,12.013029145936354,7.454090028015311,-0.7689420385878173,0.3979975744854501,-0.688101517400699,-0.039907869479423985,6.965885923659436,0.07229769169559391,0.04746021863664646,0.011829262465206703,0.8
36.60137064000082,11.986860377025735,7.46689286587008,-0.7850630673185611,0.38408513564308006,-0.6729389311338387,-0.0579889296642169,6.961570894491347,0.06934509480586648,0.03800907815018334,0.017229334496608583,0.8
36.705804146000446,11.960189704616104,7.479103198300225,-0.8001201722889204,0.36630997290435324,-0.7038569165698003,-0.07102674657306601,6.958093313472392,0.06563421844624583,0.02778407369242582,0.01627056825815795,0.8
36.70771487500133,11.93297939255935,7.490693607454214,-0.8163093617026081,0.34771227461966103,-0.7098962292931608,-0.0985206163394107,6.955494899977932,0.06522071747156676,0.01760550165906594,0.024981095513866364,0.7905694150420949
36.70946735800135,11.905272072414192,7.501624335264134,-0.8312196043547275,0.3279218342976096,-0.7425406207507077,-0.10067699001423325,6.953804145149874,0.06544475755417026,0.02662422387795438,0.03370864297809979,0.75
36.744327978,11.905272072414192,7.501624335264134,-0.8312196043547275,0.3279218342976096,-0.8803541689978888,-0.0920836687661642,6.953804145149874,0.06544475755417026,0.02662422387795438,0.03370864297809979,0.75
36.819758726000146,11.877373225859447,7.5117211499335665,-0.8369653966423368,0.30290444008296225,-0.915074776260233,-0.09799820963726746,6.953091972882217,0.06716397403222524,0.03672103854738662,0.004225549583991973,0.75
36.83079079900017,11.84955540915325,7.520738508627831,-0.8345345011858949,0.27052076082794896,-0.8471515129847873,-0.04532019449000174,6.953501465328394,0.06944648741828278,0.045738397241651185,0.008638891781082179,0.75
36.940820797000924,11.795132987377391,7.534909793113451,-0.8090697158387912,0.19341856563218457,-0.8482788369790207,-0.05176907970763406,6.957932262564326,0.07439653184422791,0.05990968172727129,0.01621377658881202,0.75
37.072576193000714,11.742486967629574,7.544089560787756,-0.7842537195899264,0.11950267716374903,-1.1889877204450392,-0.05618867990518439,6.966909600731767,0.07803474611307977,0.06908944940157635,0.012570702154787316,0.75
37.103161345001354,11.716608713471576,7.546939047510853,-0.7763476247399517,0.08548460169289282,-1.2216357091049992,-0.05692804687891506,6.973031039063112,0.07897681136200858,0.07193893612467317,0.01664317288239377,0.75
37.181967300000906,11.716608713471576,7.546939047510853,-0.7763476247399517,0.08548460169289282,-1.2216357091049992,-0.05692804687891506,6.973031039063112,0.07897681136200858,0.07193893612467317,0.01664317288239377,0.75
37.191318545001195,11.690730286593205,7.5487645945429716,-0.7763528063511337,0.05476641096354453,-1.2487654460568287,-0.0555415226158702,6.980205289936176,0.07930720898435391,0.07376448315679163,0.019566922826364852,0.75
37.3069857520004,11.63872152397057,7.54943477878181,-0.7822389246857632,-0.004860861534373272,-1.248922848058589,-0.05188178483073058,6.997699368649603,0.07784493523616366,0.07443466739563043,0.008893155187117585,0.75
37.30925971100078,11.612515508428247,7.548285254277747,-0.78618046626967,-0.034485735121890404,-1.2493217927651439,-0.04117108356707766,7.008034332473292,0.07595330392885051,0.07328514289156729,0.010745157906655292,0.75
37.31092900800104,11.586120068083721,7.546381329169103,-0.7918632103357781,-0.05711775325931977,-1.2122357010634262,-0.08235816802046803,7.019224315745632,0.07345913675042766,0.07138121778292295,0.01158128799291567,0.75
37.33214251900063,11.559481966788871,7.543903008375456,-0.7991430388454904,-0.07434962380941226,-1.118658034835316,-0.028165725594959445,7.031119373233492,0.07052693312764022,0.06890289698927621,0.011099967295335111,0.75
37.4496969740012,11.532502322603847,7.540874318666483,-0.8093893255507093,-0.09086069126919187,-1.118658034835316,-0.028165725594959445,7.043732961077067,0.06712252894265064,0.06587420728030313,0.0024466908055847383,0.75
37.45181973000035,11.50509316842751,7.537264689143517,-0.8222746252900746,-0.10828888568899452,-1.1409250938638187,-0.059089686585031,7.057126626673501,0.06323961509122882,0.06226457775733696,0.0015049330807725436,0.75
37.45368447200053,11.477025677704093,7.532989041612024,-0.8420247217025307,-0.1282694259447958,-1.126249162723683,-0.09878455327473529,7.071465705425674,0.05872054225119004,0.05798893022584384,0.0001635449020853053,0.75
37.54095278800014,11.448065074792373,7.528347519463659,-0.8688180873516089,-0.139245664450947,-1.1243176671965505,-0.04004026880801337,7.086563001376296,0.05391726691947236,0.05334740807747895,0.00335896894650959,0.75
37.54305225999997,11.41819423915331,7.523268578066067,-0.8961250691719029,-0.15236824192776993,-1.1464025046571207,-0.02872018513155422,7.102498034858131,0.04869127131831891,0.048268466679886934,0.006532457156317376,0.75
37.57604565700058,11.387506750061297,7.517982155539487,-0.9206246727604083,-0.15859267579738606,-1.2215945625459435,0.03231617737722797,7.1190293253897785,0.043301608393794586,0.042982044153307086,0.010631691673929291,0.75
37.65926076100004,11.3560846212749,7.512680667698239,-0.9426638635919058,-0.15904463523743145,-1.2215945625459435,0.03231617737722797,7.135954567632884,0.037918551685999856,0.037680556312059466,0.011364130851832474,0.75
37.66102418400078,11.3560846212749,7.512680667698239,-0.9426638635919058,-0.15904463523743145,-1.2424227563788488,0.0022063569854685605,7.135954567632884,0.037918551685999856,0.037680556312059466,0.011364130851832474,0.75
37.7801138220002,11.291495887192278,7.5023374217626495,-0.97740747081831,-0.15335112959198965,-1.2489408808735867,0.05144585583610739,7.1705541520813725,0.027466507031218137,0.02733731037646958,0.01633838672514917,0.75
37.80192053100109,11.224476524722752,7.49285075474485,-1.014606424207453,-0.13934741372268225,-1.1887778257614918,0.07172959279308072,7.2057654975683345,0.01791744786705948,0.01785064335867048,0.02899896461603132,0.75
37.89987084000131,11.224476524722752,7.49285075474485,-1.014606424207453,-0.13934741372268225,-1.2360416196933297,0.08635349980015719,7.2057654975683345,0.01791744786705948,0.01785064335867048,0.01901104457013992,0.75
37.92193169100028,11.19006809618105,7.488413091081132,-1.0322528562510276,-0.1331299099115393,-1.1001455167135024,0.08780060017999183,7.223626868758568,0.01346238177582521,0.013412979694952476,0.026811172691251068,0.75
38.01751050200073,11.155112972816399,7.484178696106062,-1.048653700939552,-0.12703184925213454,-1.096701222923006,0.09409909017309646,7.241646990010708,0.009214108232544985,0.009178584719881755,0.00029162995389229367,0.75
38.139358536000145,11.11965758898777,7.480125784634223,-1.0636615148588255,-0.12158734415516077,-1.0957389426908473,0.007734434965119871,7.25983302246979,0.005150675361142409,0.005125673248042695,0.001159972192964156,0.75
38.160551130000385,11.047447730282592,7.472031866315353,-1.0891562468301756,-0.12265340813412771,-1.2320833888747282,0.012699082228772932,7.29712525180266,0.0029553149719368675,0.002968245070826825,0.005959277997528429,0.75
38.25870743999985,11.010787908542584,7.467739239671483,-1.0997946522002604,-0.12877879931611722,-1.2496809011967438,0.02824261291193598,7.316427689726735,0.007251718741961367,0.007260871714697359,0.004993768849338096,0.75
38.261013179000656,10.973817239659393,7.463133991158157,-1.109120066495741,-0.13815745539976748,-1.2499280074588235,-0.013415519744525276,7.336280329320238,0.011859683124529775,0.01186612022802258,0.010208017811868163,0.75
38.278565845999765,10.898851677574578,7.453895517915259,-1.1281244697279607,-0.13963804377665917,-1.2490474776121345,0.04878932947648364,7.376859451619907,0.02110099426506432,0.02110459347092064,0.020236481821471017,0.75
38.37937239799976,10.898851677574578,7.453895517915259,-1.1281244697279607,-0.13963804377665917,-1.2483129160063968,0.0649219818829227,7.376859451619907,0.02110099426506432,0.02110459347092064,0.0,0.75
38.38110395200056,10.861108922743334,7.449196963560641,-1.1322826449373167,-0.1409566306385629,-1.2483119067686017,0.06494138449200146,7.397539891061341,0.02580030533193501,0.025803147825539163,0.009703869811820006,0.7000000000000001
38.41571162299988,10.823371283723391,7.444238534953226,-1.1321291705982597,-0.1487528582224516,-1.1604091903544342,0.08300272502746309,7.4185885735718,0.030759142905517508,0.030761576432953852,0.019012757726639313,0.7000000000000001
38.49754582999958,10.823371283723391,7.444238534953226,-1.1321291705982597,-0.1487528582224516,-1.1604091903544342,0.08300272502746309,7.4185885735718,0.030759142905517508,0.030761576432953852,0.01286497358268704,0.7000000000000001
38.50805888600007,10.785704187239586,7.439024423408625,-1.1300128945141528,-0.1564233463380241,-1.0519406337211672,0.08646209949498082,7.439969917037837,0.035973257592458854,0.03597568797755457,0.023683092328184968,0.7000000000000001
38.61992684300094,10.785704187239586,7.439024423408625,-1.1300128945141528,-0.1564233463380241,-0.9834265724530744,0.08765286972240685,7.439969917037837,0.035973257592458854,0.03597568797755457,0.013692254813458917,0.7000000000000001
38.63453798000046,10.710077490925205,7.4282808247785415,-1.137156384438867,-0.16117856619955986,-0.8144159449216419,0.08789740875031554,7.48354270185917,0.04671592667776109,0.046719286607638466,0.03593383051581407,0.7000000000000001
38.740838444000474,10.671966259753653,7.422814373495476,-1.143336935146552,-0.163993538491948,-0.8211919700882295,0.11409651522836467,7.505746013226531,0.052181367021974234,0.0521857378907038,0.038763388927018534,0.7000000000000001
38.74305348300004,10.633646728741136,7.4174165085964345,-1.149585930375537,-0.16193594697123867,-0.8245362661180555,0.08670101905167862,7.5281157749297725,0.05757752614366307,0.05758360278974539,0.04802253707241486,0.7000000000000001
38.760618963000525,10.595141541758323,7.4120038417573495,-1.1551556094843392,-0.1623800051725485,-0.8515794962314815,0.1339319275509745,7.55071688152699,0.0629875906072685,0.06299626962883043,0.05627050535106677,0.7000000000000001
38.85985404300118,10.556521737640757,7.4067419253760525,-1.1585941235269903,-0.15785749143891348,-0.8855239077889766,0.14270521215326587,7.573370573881299,0.0682457747953228,0.06825818601012745,0.050086197927668885,0.7000000000000001
38.8616390469997,10.517831083210934,7.401520428284111,-1.160719632894693,-0.1566449127582368,-0.8985034634774202,0.11511418398041295,7.596154469276202,0.07346205523912136,0.07347968310206898,0.061133278891334505,0.7000000000000001
38.88787479799976,10.47922135840243,7.3964252387474145,-1.158291744255136,-0.15285568610088504,-0.7584033136996766,0.14993301841046042,7.61892069463594,0.07854969827934374,0.07857487263876539,0.06993809344321505,0.65
38.9756933839999,10.440801916452198,7.391336216182458,-1.1525832585069713,-0.15267067694870495,-0.7275411413670733,0.16224627421555105,7.641721035142869,0.08362713437500002,0.0836638952037223,0.022275887661876798,0.65
38.978200540001126,10.402761627464724,7.386224148231049,-1.1412086696242292,-0.15336203854225056,-0.7201048398403606,0.1434290697113469,7.664486791112839,0.08872297812585334,0.08877596315513081,0.030932220325962437,0.65
38.99484253599985,10.365266279429504,7.380995813033446,-1.1248604410566225,-0.15685005592807233,-0.8424794396041833,0.1184339945794936,7.687213619253755,0.09392934722722673,0.0940042983527336,0.03860241871039059,0.65
39.02234415299972,10.328466301728513,7.37558143882843,-1.1039993310297171,-0.16243122615049072,-0.8739389201447452,0.11561049136547197,7.709881414329673,0.09931382394123613,0.09941867255774994,0.04558611313892596,0.65
39.10130039999967,10.292314604000058,7.370095086449679,-1.084550931853623,-0.16459057136253524,-0.9091251093954654,0.11603471170796437,7.732405073477461,0.1047546551527748,0.10490502493650133,0.03245648541417732,0.65
39.10344752099991,10.256803057223806,7.364494463264406,-1.0653464032875795,-0.16801869555816346,-0.8791745509998257,0.08482103213622955,7.754817701039794,0.11029439951296707,0.11050564812177388,0.04485689503494646,0.65
39.12951728600092,10.221821136237685,7.3589014037468345,-1.049457629583621,-0.16779178552715224,-0.774017584128907,0.11718784640343083,7.777061243409309,0.11580969953242395,0.11609870763934538,0.054948671611252387,0.65
39.23744321800041,10.221821136237685,7.3589014037468345,-1.049457629583621,-0.16779178552715224,-0.7442500461913197,0.09561129570588534,7.777061243409309,0.11580969953242395,0.11609870763934538,0.021252468612890096,0.65
39.23925631400016,10.153722273377214,7.348364846175415,-1.0104982635417288,-0.15387166230096613,-0.7059166367579449,0.13369975356106478,7.820337917634955,0.12607250409877951,0.12663526521076474,0.0546328248547943,0.6000000000000001
39.33474461700098,10.120525479453601,7.343648663490486,-0.9959038177083965,-0.1414854805478941,-0.5277751238918608,0.13948226467303576,7.841205318191323,0.13059152046277855,0.1313514478956943,0.019345485869659132,0.6000000000000001
39.35267462000047,10.120525479453601,7.343648663490486,-0.9959038177083965,-0.1414854805478941,-0.5817339715713741,0.11667839420896806,7.841205318191323,0.13059152046277855,0.1313514478956943,0.019345485869659132,0.6000000000000001
39.45513948900043,10.087762365763762,7.339340848220727,-0.9828934106951622,-0.12923445809275552,-0.566408483667179,0.11435373473606775,7.861587816727511,0.13461483584380665,0.13565926316545251,0.01803851847933814,0.6000000000000001
39.4574984030005,10.055589928339785,7.335465685502217,-0.965173122719318,-0.11625488155532183,-0.5698968056596805,0.0954306500674694,7.881381688496286,0.13810027201756883,0.13953442588396303,0.03535332476453053,0.6000000000000001
39.498660905999714,10.024119228103999,7.332010185326424,-0.944121007073583,-0.10366500527377813,-0.591634082294418,0.11542036594490876,7.900537336044732,0.1410875544432062,0.14298992605975602,0.051061815135404795,0.6000000000000001
39.57903801500106,9.993323075583666,7.328861736089764,-0.9238845756099922,-0.09445347709980423,-0.591634082294418,0.11542036594490876,7.919160861513228,0.14354601913958484,0.14613837529641582,0.03789924005666665,0.6000000000000001
39.58108418700067,9.96312020235998,7.326022840915852,-0.9060861967105691,-0.08516685521737362,-0.5612399577950345,0.09324730821448354,7.937288013667884,0.14548905974844817,0.14897727047032827,0.054010764300629524,0.6000000000000001
39.59891097699983,9.93342813581101,7.323415627667492,-0.8907619964690775,-0.0782163974507804,-0.44575495961390865,0.08191431186314993,7.955024629427145,0.1470277536569529,0.15158448371868793,0.06790852864514021,0.6000000000000001
39.69458563800072,9.93342813581101,7.323415627667492,-0.8907619964690775,-0.0782163974507804,-0.45863109940028135,0.06941181943792227,7.955024629427145,0.1470277536569529,0.15158448371868793,0.013017616157599719,0.6000000000000001
39.718365869999616,9.875891037261939,7.318920762797515,-0.8540889457617702,-0.06456571584857997,-0.5467462007704,-0.0005397255844852011,7.9891258689735665,0.14786959146383039,0.15607934858866468,0.03266226397128575,0.6020797289396148
39.815402242000346,9.82091875266591,7.315105031187055,-0.814933907422781,-0.054913907934591784,-0.5515522310733788,-0.042235807616310794,8.021554466505197,0.14537365012367856,0.15989508019912524,0.022348155211301242,0.608276253029822
39.82282287599992,9.82091875266591,7.315105031187055,-0.814933907422781,-0.054913907934591784,-0.5615243281900247,-0.10230987111311557,8.021554466505197,0.14537365012367856,0.15989508019912524,0.022348155211301242,0.608276253029822
39.85513765700125,9.794582123105595,7.313477015989229,-0.7900988868094846,-0.04884045593477508,-0.5044909002664179,-0.09196428809732923,8.037009226521292,0.14239793432559344,0.16152309539695064,0.029106565962527392,0.6184658438426491
39.93368337600077,9.769253320000821,7.3120248526144564,-0.7598640931431885,-0.04356490124317974,-0.5044909002664179,-0.09196428809732923,8.051830438344297,0.13790524693249023,0.16297525877172347,0.0013038371532231785,0.6184658438426491
39.97647674899963,9.721433263910036,7.309370689977577,-0.7052663565154086,-0.04004347495733593,-0.6302134932775761,-0.20275474060139345,8.079881997190869,0.12163499374161947,0.149950860882749,0.0028721531010570196,0.632455532033676
40.0555625449997,9.721433263910036,7.309370689977577,-0.7052663565154086,-0.04004347495733593,-0.6302134932775761,-0.20275474060139345,8.079881997190869,0.12163499374161947,0.149950860882749,0.0,0.632455532033676
40.05748070700065,9.698653503545362,7.307964284793521,-0.6833928109402131,-0.0421921555216599,-0.6313421791427873,-0.23690750957590687,8.093429442362112,0.11080739263044673,0.13483761649782547,0.0006406156637585975,0.65
40.09833152700048,9.698653503545362,7.307964284793521,-0.6833928109402131,-0.0421921555216599,-0.518132266980187,-0.3615925273692961,8.093429442362112,0.11080739263044673,0.13483761649782547,0.0006406156637585975,0.65
40.17662896100046,9.676438169218267,7.306360968473652,-0.666460029812858,-0.04809948959606658,-0.518132266980187,-0.3615925273692961,8.106875511652271,0.0996182515574282,0.12026271879097626,0.0005465043921416164,0.65
40.17852684600075,9.654692616972115,7.304431463506721,-0.6523665673845858,-0.057885149007938994,-0.49993415453376266,-0.3835752632293355,8.120376189794388,0.08786678077946813,0.1062506573835252,0.000723036733014893,0.65
40.29746461000104,9.633520412372034,7.302179689740369,-0.6351661380024278,-0.0675532129905826,-0.44934740473947365,-0.40309086074677325,8.133867522727158,0.07672063694729747,0.0928718924380255,6.09810726239658e-05,0.670820393249937
40.29959410800075,9.612897438471458,7.299576517732448,-0.6186892170172583,-0.07809516023760579,-0.4172952363525789,-0.41140584290796306,8.147382950116677,0.06575715094083545,0.08012996832409085,0.0005064194162052092,0.6264982043070835
40.301412454000456,9.592695572489351,7.296514605198117,-0.6060559794632053,-0.09185737602993631,-0.3858272532689369,-0.3980452873955218,8.161078771800922,0.05481188729092518,0.06801019101194664,0.0009417690988981624,0.651920240520265
40.32303588000104,9.592695572489351,7.296514605198117,-0.6060559794632053,-0.09185737602993631,-0.34025020706659237,-0.39072643393875534,8.161078771800922,0.05481188729092518,0.06801019101194664,0.0009417690988981624,0.651920240520265
40.41659058700134,9.553010809416678,7.288541187692369,-0.5924463197290115,-0.12952472200877066,-0.4216157462997081,-0.45175514925045107,8.189693635969837,0.034788853870379215,0.04558688352102408,0.01058368269848411,0.651920240520265
40.42574103100014,9.553010809416678,7.288541187692369,-0.5924463197290115,-0.12952472200877066,-0.4216157462997081,-0.45175514925045107,8.189693635969837,0.034788853870379215,0.04558688352102408,0.01058368269848411,0.651920240520265
40.53314105900063,9.53349046104038,7.283432059586675,-0.5856104512889488,-0.15327384317081025,-0.46555564998822674,-0.5053899109290938,8.204791761871837,0.025245246392823998,0.03539661194250607,0.005805155314532377,0.6800735254367722
40.53517514899977,9.514250055034559,7.277528788277267,-0.5772121801746222,-0.1770981392822327,-0.46898269596661263,-0.5474642963671416,8.220414587630968,0.016376594051231295,0.02596583355707463,0.010786578112385776,0.6800735254367722
40.53668668000137,9.4953103644045,7.270847802433824,-0.5681907189017928,-0.20042957530327138,-0.48668373252790886,-0.576073083121166,8.236533638472167,0.00828070792435614,0.017297620273893956,0.015102187052875943,0.7106335201775948
40.56656629000099,9.476866520178357,7.263228802899441,-0.5533153267842728,-0.22856998603148238,-0.5259176172815655,-0.6546867987636462,8.253169304803555,0.0010671681990402655,0.00964329918706017,0.01847291417217145,0.7106335201775948
40.65333954500056,9.458962302302009,7.254707100099738,-0.5371265362904425,-0.2556510839910748,-0.4966573620358954,-0.6738229243610455,8.270263949649902,0.005534857538172528,0.0030088591517782905,0.012370596880750059,0.7106335201775948
40.65508174800016,9.458962302302009,7.254707100099738,-0.5371265362904425,-0.2556510839910748,-0.4665108471321266,-0.6663090246803148,8.270263949649902,0.005534857538172528,0.0030088591517782905,0.012370596880750059,0.7106335201775948
40.665426354000374,9.441796137530542,7.245488976706477,-0.5149849431440087,-0.27654370179781557,-0.5331597999991105,-0.7440564488207161,8.287531875822728,0.01112260977211201,0.0026112548039027863,0.017028563256955932,0.7071067811865476
40.77388669300126,9.441796137530542,7.245488976706477,-0.5149849431440087,-0.27654370179781557,-0.5631876450305688,-0.807645475264357,8.287531875822728,0.01112260977211201,0.0026112548039027863,0.0,0.7071067811865476
40.775561671000105,9.425394975132452,7.235646392712897,-0.4920348719426725,-0.29527751980740913,-0.5770548052947393,-0.8370357442681244,8.304895097735574,0.01572803712936126,0.00724887006867429,0.005659587841837165,0.7071067811865476
40.89260399399973,9.409402146353042,7.224986986579857,-0.47978486338228593,-0.3197821839911798,-0.6044413324943014,-0.835839809567927,8.32271062571166,0.01983170753452108,0.011020169388856844,0.005722969931637399,0.7071067811865476
40.909990595000636,9.39366746662353,7.213447371352224,-0.47204039188538394,-0.34618845682898797,-0.5596136801230632,-0.9129769086298117,8.341113416196507,0.023325761405473697,0.013986527945650222,0.01069145476747004,0.7433034373659253
40.9239453980008,9.39366746662353,7.213447371352224,-0.47204039188538394,-0.34618845682898797,-0.5270316514398319,-0.9316730292787122,8.341113416196507,0.023325761405473697,0.013986527945650222,0.01069145476747004,0.7433034373659253
41.03730284000085,9.362915667154573,7.187616599283882,-0.45800216800091526,-0.4019255279564663,-0.49952869619152995,-0.9258106718928043,8.379797864804694,0.028064269617832184,0.017466219791030257,0.0068701571495236235,0.7106335201775948
41.04907900699982,9.362915667154573,7.187616599283882,-0.45800216800091526,-0.4019255279564663,-0.40219594298817646,-0.8392923694159315,8.379797864804694,0.028064269617832184,0.017466219791030257,0.0068701571495236235,0.7106335201775948
41.134443859000385,9.34789521301903,7.173238478098153,-0.450613624066273,-0.43134363557188476,-0.33575939668221066,-0.8218880134859552,8.400150301497435,0.02984984108967511,0.01792041777562296,0.004878009267675722,0.75
41.154194812999776,9.333153517654214,7.157903746448138,-0.4422508609444531,-0.4600419495004376,-0.36542397458965337,-0.9500553241552163,8.42113565855765,0.030794389913646057,0.017501077796868974,0.009004827506556602,0.75
41.25748081600068,9.3184969656437,7.141425254166846,-0.4396965603154386,-0.4943547684387628,-0.3412053763151616,-0.9735434911610131,8.44301686371083,0.03103049245594791,0.01621277147648548,0.008926391123257582,0.7211102550927979
41.25943837200066,9.303779007547526,7.1237090378714605,-0.4415387428851978,-0.5314864888615586,-0.2872194197218932,-1.0037403488201402,8.465953661385003,0.031660620573352255,0.014092682772074462,0.012322909264653103,0.7211102550927979
41.265598805999616,9.289051718597689,7.104770359917095,-0.4418186684950956,-0.5681603386309859,-0.2633492718802071,-0.9642203142785903,8.489903479063956,0.03154293125547906,0.011114781048757702,0.01478212815212202,0.7632168761236874
41.29556870600027,9.27438655102587,7.084643000358246,-0.43995502715457435,-0.6038207867654624,-0.2533766915267454,-0.9343131397253235,8.514797648291035,0.03147781703467941,0.007252428054585718,0.01655899439566015,0.73824115301167
41.37239064099958,9.259940714949071,7.063280292872654,-0.43337508230395744,-0.6408812245677646,-0.2533766915267454,-0.9343131397253235,8.540585349932524,0.03206366963347147,0.0023614613768331207,0.009778153723114394,0.73824115301167
41.37431042699973,9.259940714949071,7.063280292872654,-0.43337508230395744,-0.6408812245677646,-0.19175407807515832,-0.9261609021283994,8.540585349932524,0.03206366963347147,0.0023614613768331207,0.009778153723114394,0.73824115301167
41.416715102001035,9.24593734547518,7.040980604099678,-0.420101084216696,-0.6689906631892808,-0.1741919280514893,-0.9052586593117983,8.56689436644047,0.03177586805503198,0.0035049222584396717,0.013617272889301571,0.7615773105863909
41.49498000499989,9.232627647470318,7.017897026390341,-0.39929094014587235,-0.6925073312801031,-0.1741919280514893,-0.9052586593117983,8.593456588997299,0.03470638727489019,0.007627510007106153,0.011010201551710364,0.7615773105863909
41.504574786000376,9.220027398406673,6.993816966153203,-0.3780074719093442,-0.7224018071141641,-0.1281984483490931,-0.9006051763076033,8.620439078308808,0.03697624265618591,0.004972739056539055,0.01745590412884397,0.7433034373659253
41.52500445100122,9.220027398406673,6.993816966153203,-0.3780074719093442,-0.7224018071141641,-0.12916128417983364,-1.0183252519684396,8.620439078308808,0.03697624265618591,0.004972739056539055,0.01745590412884397,0.7433034373659253
41.61347208500047,9.208065860127954,6.968915999540801,-0.3588461483615628,-0.7470289983720406,-0.10128763038175626,-1.0397568027492352,8.647738354648041,0.04056103242254435,0.016934277335257875,0.016681127134755072,0.7433034373659253
41.61565918100132,9.196783052717244,6.943263575798839,-0.3384842223213151,-0.7695727122588614,-0.06201460261781788,-1.0458198048967813,8.675275942447506,0.04409612220641666,0.02821708474596818,0.02395785277258691,0.7762087348130012
41.62873032900097,9.186305382763146,6.916957932396614,-0.3143300986229455,-0.7891693020667305,-0.07815535081688896,-1.1408134553316749,8.702901133324584,0.047766205180225466,0.03869475470006556,0.03001866031603914,0.7762087348130012
41.65852974399968,9.176630770744337,6.890128279550075,-0.29023836056429975,-0.8048895853961573,-0.03649229919777952,-1.1952071473145982,8.730510568857072,0.050926469149469834,0.04836936671887493,0.03466502652191044,0.7648529270389178
41.73166353200031,9.167778772664386,6.862833611197442,-0.26555994239854314,-0.8188400505789982,-0.03649229919777952,-1.1952071473145982,8.758046789929447,0.053219003082259846,0.057221364798826,0.018485238671650903,0.7648529270389178
41.75689149500067,9.15251905771452,6.8069535853960295,-0.21728285436514794,-0.844965968604208,0.06157754189719544,-1.1644991425807492,8.812836869013623,0.05351960363032898,0.038491048942391824,0.02935409185076252,0.7566372975210779
41.852745157000754,9.146093288462193,6.77828145250064,-0.19277307756975257,-0.8601639868616625,0.07541853990353964,-1.1955534409567967,8.840178402917864,0.05260937693700337,0.029092492915815997,0.025801916403299593,0.75
41.85826156500116,9.140604283341778,6.749084647298643,-0.1646701536124634,-0.8759041560599219,0.08503128334332044,-1.2471045188166823,8.867443960747,0.05281601935766705,0.03439585337637574,0.03205225763296925,0.75
41.972607178000544,9.136025451609358,6.7192156508516465,-0.1373649519726274,-0.8960698934098896,0.08924357764374502,-1.2468101635170228,8.894774922711836,0.05290835069374603,0.03897468510879598,0.0013394845971643455,0.75
41.974477571000534,9.132457536615178,6.688606408419483,-0.1070374498254251,-0.9182772729649057,0.13077585365254385,-1.243140247961367,8.922176477455045,0.05302975783893992,0.04254260010297628,0.0019169771032815325,0.75
41.97601087300063,9.132457536615178,6.688606408419483,-0.1070374498254251,-0.9182772729649057,0.11650092618874397,-1.2107788861483724,8.922176477455045,0.05302975783893992,0.04254260010297628,0.0019169771032815325,0.75
42.01961631300037,9.128542106292977,6.625227641169271,-0.041825905217392795,-0.9609741835065295,0.019674433374283262,-1.0914121269872497,8.977060510280733,0.05220250685981432,0.04645803042517649,0.00152897821757626,0.75
42.093557382000654,9.128298219414477,6.592564395738307,-0.007316606355003589,-0.9798973629289158,0.0002703902792334234,-1.1127061430763354,9.004410471941702,0.05102192067837125,0.04670191730367712,1.5072088350797711e-06,0.75
42.11519939900063,9.12897741999408,6.559142223597522,0.02037601738810221,-1.0026651642235496,-0.0065342672952968806,-1.2486445073503878,9.031921251586422,0.0491753895470106,0.04602271672407454,0.0015285820968845996,0.75
42.14320996300012,9.130591798039951,6.52498416516998,0.04843134137616792,-1.0247417528262774,-0.01295168062068719,-1.2499328997866643,9.059574094604743,0.04664425105149217,0.0444083386782026,0.0038342660464508525,0.75
42.21325144399998,9.13293996531152,6.490128247557308,0.07044501814704705,-1.0456775283801432,-0.020846196290124963,-1.2498261623522824,9.087454730386542,0.043706612225987845,0.042060171406633984,0.005966622708494703,0.75
42.22131202200035,9.13589087964374,6.45467341506858,0.08852742996664592,-1.0636449746618348,-0.02895392337778252,-1.2496646231373576,9.115558016329187,0.040289453924961624,0.03910925707441315,0.009520722391238724,0.75
42.33069535100003,9.13938029679841,6.41882011351795,0.10468251464012347,-1.0755990465189087,-0.03775470959685567,-1.2494297026656829,9.143755918017947,0.03644820612556532,0.03561983991974316,0.0069368617221191396,0.75
42.34060715600026,9.143347561428763,6.382753191078139,0.11901793891056647,-1.0820076731943162,0.0038971730201710075,-1.2499939248022172,9.171930097128348,0.03224433821240188,0.03165257528939058,0.013218412194371301,0.75
42.342385916999774,9.143347561428763,6.382753191078139,0.11901793891056647,-1.0820076731943162,-0.008023561075702124,-1.2264079272258022,9.171930097128348,0.03224433821240188,0.03165257528939058,0.013218412194371301,0.75
42.37517745700097,9.14752449601907,6.3465067066229315,0.12530803770920323,-1.0873945336562418,-0.05848020433824455,-1.2412448273515442,9.200199555877814,0.027900535149979495,0.027475640699083925,0.018988539662782238,0.75
42.45276883900078,9.151885897101737,6.3101492910693215,0.1308420324800141,-1.0907224666082984,-0.06682720724269475,-1.248212371502599,9.22852140067565,0.0234136017277788,0.02311423961641701,0.009576047964032058,0.75
42.49327733199971,9.15642078472083,6.2736122894546975,0.13604662857277947,-1.096110048438721,-0.08255677261940457,-1.1053398709040356,9.256960627199122,0.01878710990840717,0.018579351997324522,0.018728621829344032,0.75
42.57327957000052,9.16100413709319,6.236836296687584,0.13750057117079914,-1.1032797830134145,-0.08855560226113758,-1.0948907797901988,9.2856353341546,0.014145470495136162,0.013995999624963673,0.0029581729688089742,0.75
42.589893117999964,9.165522524930036,6.199810568101132,0.1355516351053752,-1.1107718575935681,-0.057243169100003315,-0.9968127312582217,9.314615451636175,0.009583460952378754,0.009477611788117457,0.0018833454845338172,0.75
42.71251790899987,9.16987216860975,6.162517540489781,0.1304893103913961,-1.1187908283405106,-0.03425811958403889,-0.933176045145907,9.34397068857138,0.005201638523091678,0.005127968108403991,0.0023463602472782053,0.75
42.714558551000664,9.174186000234043,6.1249499722367595,0.12941494872877154,-1.1270270475906423,-0.018637281488689705,-0.9174575606953441,9.373636781186732,0.0008646954256264574,0.0008141364841112164,0.004426297982244657,0.75
42.740478560001065,9.178591125087346,6.0871043424347855,0.13215374559911067,-1.1353688940592126,-0.019604179014789825,-1.0892867168224876,9.403550506755227,0.0035549741087261893,0.0035909883691918054,0.00733120617583767,0.75
42.81453642300039,9.18320271707606,6.0489815546108865,0.13834775966143584,-1.1436836347169814,-0.02214465987371135,-1.121534720284168,9.433652184035829,0.008177488135405989,0.008202580357906442,0.008610278935611596,0.75
42.83212315400124,9.188007821716718,6.010544587309716,0.1441531392197393,-1.1531090190351154,-0.042839860606062694,-1.2492656828486297,9.463982038942186,0.012990579993065675,0.013007684998564528,0.013289324535675459,0.75
42.93464843699985,9.192990020922078,5.971915836331753,0.1494659761608084,-1.1588625293388661,-0.05261412577524008,-1.2488922106286464,9.494445697693196,0.017978515157164067,0.017989884203924333,0.016677695039409707,0.75
42.95296548599981,9.203686918378128,5.8945124146518495,0.16450190812839766,-1.1609287610782495,-0.06357693225220384,-1.248382142488989,9.555307860376038,0.028682177952931823,0.028686781659974514,0.028038160248987445,0.7000000000000001
43.05062075800015,9.209430794804927,5.856004340061442,0.17231629280398023,-1.1552422377122462,-0.08540595297164338,-1.2470789161865439,9.585464599688851,0.03442842613849926,0.034430658086773036,0.028366602812230045,0.7000000000000001
43.06097955000041,9.221348871321474,5.7802160559371,0.17967894683616153,-1.1321697719640682,-0.04382605058703559,-1.2492314746634998,9.644689819338051,0.046350495601532336,0.04634873460332045,0.04344747588416535,0.7000000000000001
43.171528271999705,9.2273152293208,5.742617047721713,0.17899073997977885,-1.1279702464616128,-0.12280443604853708,-1.1530325451122365,9.674135965833885,0.052319103875493114,0.05231509260264566,0.017654878377446222,0.7000000000000001
43.1741593300012,9.233351932217584,5.705056611602824,0.18110108690352197,-1.1268130835666708,-0.1335254167758802,-1.1840586471678365,9.703573460846462,0.05835857189453982,0.058351795499429926,0.03368854105827456,0.7000000000000001
43.1756457850006,9.233351932217584,5.705056611602824,0.18110108690352197,-1.1268130835666708,-0.09407669829018478,-1.1544018841638377,9.703573460846462,0.05835857189453982,0.058351795499429926,0.03368854105827456,0.7000000000000001
43.20184021800014,9.239336153886931,5.66743427102495,0.17952665008040927,-1.1286702173362146,-0.13260901287745247,-1.0482805380783167,9.733150455962098,0.06434630120762784,0.06433601716877746,0.047260932565024935,0.7000000000000001
43.291842245000225,9.24526333121745,5.629717863174208,0.17781531991552535,-1.1314922355222525,-0.13413047810615852,-1.0141328689024376,9.762896475977403,0.0702782860142365,0.07026319449929552,0.0229002943745589,0.7000000000000001
43.29379604499991,9.25125388030553,5.591899852176241,0.17971647264241747,-1.13454032993899,-0.10304162338630346,-0.9824253891961336,9.792757888289223,0.07627603801622716,0.07625374358737602,0.043967420510387586,0.65
43.31061529300132,9.25125388030553,5.591899852176241,0.17971647264241747,-1.13454032993899,-0.14740151026432513,-0.8791214749390163,9.792757888289223,0.07627603801622716,0.07625374358737602,0.043967420510387586,0.65
43.343159203999676,9.25125388030553,5.591899852176241,0.17971647264241747,-1.13454032993899,-0.15902655676861616,-0.812534003019692,9.792757888289223,0.07627603801622716,0.07625374358737602,0.043967420510387586,0.65
43.410830695000186,9.257429106172966,5.55398404973846,0.18525677602307838,-1.137474073133436,-0.15902655676861616,-0.812534003019692,9.822671809842035,0.08246129644019039,0.0824289694548117,0.02028041312318254,0.65
43.42847715300013,9.257429106172966,5.55398404973846,0.18525677602307838,-1.137474073133436,-0.23688552239087152,-0.8485013354601278,9.822671809842035,0.08246129644019039,0.0824289694548117,0.02028041312318254,0.65
43.53063159700105,9.257429106172966,5.55398404973846,0.18525677602307838,-1.137474073133436,-0.2845014636818415,-0.8958603734352778,9.822671809842035,0.08246129644019039,0.0824289694548117,0.0,0.65
43.56483644900072,9.263681788470619,5.515924118368212,0.18758046892960098,-1.1417979411074384,-0.2928082645217429,-0.7853552699697016,9.852732239576152,0.08872776600553059,0.08868165175246467,0.025234092021856242,0.65
43.65036299900021,9.269674038683554,5.4776577426105675,0.17976750638807182,-1.1479912727293424,-0.2953503395550894,-0.7515126542685022,9.883159155661266,0.09473942564187134,0.09467390196540038,0.0497580343072439,0.65
43.65258517199982,9.275461300162487,5.439252765043821,0.17361784436795838,-1.1521493270024001,-0.27376860266794706,-0.7276062526442628,9.913864853528665,0.10055708933204094,0.10046116344433287,0.07308145855996827,0.65
43.66429450400028,9.281166729967714,5.400833577740805,0.17116289415681796,-1.1525756190904877,-0.3231087984860516,-0.6551292369576966,9.944679508487535,0.10630560156339801,0.10616659324955968,0.09186540122913489,0.65
43.77315956200073,9.286805673504736,5.362538373912566,0.1691683061106509,-1.1488561148471794,-0.36379712172154755,-0.6152510419583923,9.97547368759783,0.11200423173807898,0.11180553678658178,0.029180279318780603,0.65
43.77497213800052,9.292301694579988,5.324558279933278,0.16488063225755853,-1.1394028193786168,-0.34317970501325235,-0.6270047432988366,10.00611514915884,0.11757999756092516,0.11730155786183438,0.0580327035376244,0.65
43.8032283320008,9.297498189222047,5.287001697538014,0.15589483926177455,-1.1266974718579208,-0.33879929659682834,-0.4882712856403366,10.036581226778535,0.12290285553878905,0.122498052503893,0.08344592407406608,0.65
43.89232679700035,9.302291990325452,5.249786385302986,0.14381403310214583,-1.1164593670508371,-0.35461098099937727,-0.45871249380892964,10.066989777081513,0.12787214541144604,0.12729185360729822,0.02650650367733583,0.6000000000000001
43.90330218000054,9.306628235063013,5.212972709377903,0.1300873421268324,-1.1044102777525084,-0.35583245521547524,-0.4414340427627971,10.097309886358696,0.13244362269006837,0.13162809834485856,0.05240543126177011,0.6000000000000001
43.905065422000916,9.310486413249496,5.176726636174574,0.11574534559449932,-1.0873821960998569,-0.3621332173990019,-0.4758287277198517,10.127400847365726,0.13661621001628113,0.13548627653134204,0.07663447151091893,0.6000000000000001
44.00956217500061,9.313882132154902,5.141164677674052,0.10187156716216812,-1.0668587550156483,-0.47176567415738285,-0.5317069566801715,10.157147954886804,0.14049003165126195,0.13888199543674773,0.02412647490775657,0.6000000000000001
44.01163183100107,9.31663809195937,5.106336599106439,0.08267879413401887,-1.044842357028379,-0.4678315260157355,-0.5490874633479967,10.186585910493585,0.14386675358281525,0.14163795524121525,0.047300257853990724,0.6000000000000001
44.1296744400006,9.319968001974809,5.0392073026554725,0.03804550053346663,-0.993487909178135,-0.599299163140066,-0.6596834670359112,10.244348207982616,0.14912473295530745,0.14496786525665506,0.04947196316542003,0.6000000000000001
44.139981345000706,9.320506055898791,5.007123822659613,0.016141617719455284,-0.9625043998757792,-0.5760089813605194,-0.72370168705776,10.27248555794285,0.15105121024024948,0.14550591918063738,0.0721197738471862,0.6000000000000001
44.216038614000354,9.320162325394897,4.976334229878292,-0.010311915116822048,-0.9236877834396424,-0.7811657346535292,-0.7392329075695624,10.299908993795277,0.15248274455587318,0.1451621886767427,0.09284368757494259,0.6000000000000001
44.25016717800099,9.319032629721374,4.946825628794868,-0.033890870205712464,-0.8852580325027084,-0.8154045623595816,-0.7398490127163764,10.326579785454397,0.1536398394029102,0.14403249300321974,0.05316840287778512,0.6000000000000001
44.252618288999656,9.317191205785162,4.918412331960646,-0.05524271808634507,-0.8523989050266779,-0.7809434247900682,-0.7348646978366137,10.35262343891205,0.1544301017744925,0.1421910690670085,0.07770524618824594,0.6000000000000001
44.262719358999675,9.317191205785162,4.918412331960646,-0.05524271808634507,-0.8523989050266779,-0.7863951620261846,-0.6430202315935649,10.35262343891205,0.1544301017744925,0.1421910690670085,0.07770524618824594,0.6000000000000001
44.29817269399973,9.314738567838603,4.890980673467564,-0.07357913839678705,-0.8229497547924327,-0.7686440082331736,-0.5770792119818158,10.378090572479085,0.15538835579228297,0.13973843112044904,0.099626931623085,0.6000000000000001
44.370386934000635,9.311589503604287,4.8643644330859,-0.09447192702947349,-0.79848721144993,-0.7686440082331736,-0.5770792119818158,10.403164874538968,0.15619611676995976,0.13658936688613288,0.05184618386673001,0.6000000000000001
44.423413235001135,9.302745822582159,4.8125603073461685,-0.1459792410636165,-0.7721525820334074,-0.7055606857414194,-0.38220838196192575,10.453237952301421,0.15799165352756953,0.1277456858640047,0.10084731123178875,0.6000000000000001
44.49100109000028,9.297070845803388,4.786999203648218,-0.170249303363129,-0.7668331109385131,-0.6947774547003748,-0.35097737066591317,10.47855487617833,0.15843119212983361,0.12207070908523399,0.07600869675063986,0.65
44.515396003000205,9.290592090710033,4.761447027639543,-0.19436265280063192,-0.7665652802602687,-0.6752022143127803,-0.21739261097620385,10.504236100522647,0.1603572123770094,0.11638378244471893,0.1009824741474385,0.65
44.62256456999967,9.264519050229831,4.684173292190414,-0.29525697273774165,-0.7783148209076545,-0.7512773154148468,-0.12171118911841025,10.584879243859636,0.16738725242365163,0.12752366210636695,0.07748418177213102,0.65
44.72815414900106,9.253706639260752,4.657944957134257,-0.3243723290723532,-0.7868500516847036,-0.7801640785021963,-0.05989903354965462,10.613150463969298,0.17200647362152066,0.13842436656659743,0.028369592714423596,0.65
44.74953704000109,9.24208360134035,4.63137178005835,-0.34869113761210835,-0.7971953122771973,-0.7079143745433026,0.025078635227916875,10.642099045951495,0.17612775649422518,0.14899571134313608,0.057370280200684055,0.7000000000000001
44.84363660300005,9.216342741457812,4.578534579680014,-0.39692698102603724,-0.7900995332818911,-0.6532641582063862,0.06713216940496759,10.700860337807471,0.18716624755335182,0.16815571745305513,0.05867554832648206,0.7000000000000001
44.84603699900072,9.216342741457812,4.578534579680014,-0.39692698102603724,-0.7900995332818911,-0.633832273704299,0.04715779629341853,10.700860337807471,0.18716624755335182,0.16815571745305513,0.05867554832648206,0.7000000000000001
44.862454836000325,9.20254044596242,4.5523799270685315,-0.4140688648617486,-0.7846395783444571,-0.6469290122548541,0.18881635237680583,10.730431451739388,0.1923255214471496,0.17689015293347993,0.08812876849022037,0.7000000000000001
44.96948214800068,9.173365971159319,4.502357149221476,-0.44452576620629825,-0.736212175108139,-0.6189944854458964,0.23382921766137366,10.788256167946285,0.20288884651747519,0.19163212939209281,0.057908792800166725,0.75
45.003076973000134,9.158015980172435,4.47891096230789,-0.4604997296065217,-0.7033856074075743,-0.5440191972191537,0.29046827171516326,10.816125014229,0.20705609279160453,0.19735700443367782,0.08590760639712826,0.75
45.091343037000115,9.142162978232557,4.456485379018757,-0.4755900581963506,-0.6727674986740161,-0.5228567840588872,0.31659499667681823,10.843316936227902,0.210674113746102,0.20200452127563764,0.055478338737913115,0.8
45.09337361300095,9.12550011335709,4.435352193995339,-0.49988594626400196,-0.6339955507025377,-0.5129930367832685,0.32562036673047035,10.869731658892091,0.21281961580090403,0.20516551496632882,0.08234563964169479,0.8
45.10635254100089,9.108044401774775,4.415528857201852,-0.5236713474694455,-0.5947001038046226,-0.5476801835655701,0.3939083915702352,10.895347723241432,0.2140186236763659,0.20683967880845627,0.10865569346290564,0.8
45.139794050001,9.089949096214447,4.396959612413563,-0.5428591668098237,-0.5570773436486492,-0.5057436236901098,0.4299146541408791,10.920146648358529,0.21403028152654371,0.20717480445041697,0.13441359972392566,0.8500000000000001
45.209503209000104,9.071482250230229,4.379734110621448,-0.5540053795265213,-0.5167650537634493,-0.47862996369991967,0.4492358139314671,10.943927984045118,0.2128437684938807,0.2062970415543953,0.0510407417972839,0.8500000000000001
45.21143472699987,9.071482250230229,4.379734110621448,-0.5540053795265213,-0.5167650537634493,-0.5121532693276019,0.40467905889974565,10.943927984045118,0.2128437684938807,0.2062970415543953,0.0510407417972839,0.8500000000000001
45.27699547600059,9.03391174278993,4.349782891997153,-0.5666720484871961,-0.42624783872945843,-0.5535316209854814,0.3107097546506754,10.987810695631461,0.2078960772434172,0.20090939076478062,0.09837979232878734,0.9
45.3290182260007,9.014847005233593,4.337137656386837,-0.5719421266901342,-0.3793570683094903,-0.5535316209854814,0.3107097546506754,11.007827311532537,0.20357420362831222,0.19637011740690774,0.12049169989458342,0.9
45.391187342000194,8.976323216754391,4.31628658121821,-0.580109358653615,-0.28902157996542077,-0.5535316209854814,0.3107097546506754,11.044143789358275,0.19245745683473353,0.18387362198303425,0.16165656823622712,0.8845903006477066
45.44034988600106,8.957012380483016,4.308044241541489,-0.5793250881412646,-0.24727019030165484,-0.5535316209854814,0.3107097546506754,11.060412254075963,0.18530540996834954,0.17604701298341535,0.1806384605509256,0.8845903006477066
45.47147514500102,8.937805008621552,4.301111328351747,-0.5762211558439151,-0.20798739569225397,-0.5535316209854814,0.3107097546506754,11.075489891123064,0.17745778899647596,0.16736766002124637,0.19838510984924,0.8514693182963202
45.556355270000495,8.918603857038303,4.295436336166076,-0.5760345474974853,-0.17024976557013374,-0.5535316209854814,0.3107097546506754,11.089469537740337,0.16911786888416339,0.15780322098780852,0.04819582079890408,0.8500000000000001
45.56660126099996,8.899535331316057,4.290767759900059,-0.5720557716673337,-0.14005728798049127,-0.5384314065917157,-0.004460731572040688,11.10251637740049,0.16010648556819165,0.14762091907856656,0.06223347677943191,0.8500000000000001
45.56851069700133,8.880545805094792,4.2869344046573135,-0.5696857866379711,-0.11500065728236818,-0.5318823113452787,0.009340308387013302,11.11480807172179,0.1505174428205811,0.1369038878028314,0.07461182665175113,0.8500000000000001
45.623488223000095,8.861471505192277,4.283846911788933,-0.572228997075455,-0.09262478605140925,-0.45377999849267725,0.04000060087665713,11.12650179715566,0.14044200381791297,0.12559950813947537,0.08591040778857971,0.8500000000000001
45.70925487800014,8.842444988318764,4.2815121888463725,-0.5707955062053927,-0.07004168827681984,-0.45377999849267725,0.04000060087665713,11.137530587999604,0.13055941241772315,0.11379662746072895,0.014212270390804882,0.8321658488546619
45.808541947000776,8.804594055586755,4.2785637391416484,-0.5662231676730438,-0.0415835140142276,-0.5880666701402584,-0.021998441910388522,11.158043481822,0.10957787429889974,0.08911684503188762,0.011676780429908315,0.8321658488546619
45.820648433000315,8.804594055586755,4.2785637391416484,-0.5662231676730438,-0.0415835140142276,-0.6143645022526047,-0.043265771266511766,11.158043481822,0.10957787429889974,0.08911684503188762,0.011676780429908315,0.8321658488546619
45.82245778200013,8.7858245691683,4.277285152497974,-0.5630845925536587,-0.03835759931022238,-0.6386894489753621,-0.06934256579070214,11.168087906396153,0.09902898327858793,0.07674891119208674,0.017288602461496317,0.8062257748298549
45.83485720700082,8.767305821049277,4.276115021675512,-0.5555624435706895,-0.03510392467386253,-0.6350106559394889,-0.13490682681905436,11.177940028178915,0.08952084212635066,0.06448158625747782,0.021073513746946167,0.8062257748298549
45.928887861000476,8.749082192355985,4.274995267175998,-0.5467088607987437,-0.03359263498539899,-0.6222612176882059,-0.15696946448027177,11.187628854416644,0.08062366574912386,0.05238732083049493,0.0002731794064399721,0.7826237921249265
45.93069859299976,8.731143609189317,4.2738575372294285,-0.5381574950000405,-0.03413189839710448,-0.6166823109201981,-0.1775994603870038,11.19721816541107,0.07189552701777462,0.04050732358884438,0.0005775377876150896,0.7826237921249265
45.94975037800032,8.713482242400161,4.272653665012306,-0.529841003674678,-0.03611616651369248,-0.7232254095857935,-0.16830625820324635,11.206752854450501,0.06337274082217079,0.028870117575619015,0.0009335677707666585,0.7826237921249265
46.05317144000037,8.678521089501922,4.2698253526651095,-0.5243595765043333,-0.04556525542459037,-0.7908760360404088,-0.18065705322688763,11.226075323730953,0.050535404050869565,0.006258977176183448,0.0016043496476450016,0.7615773105863909
46.055085476000386,8.678521089501922,4.2698253526651095,-0.5243595765043333,-0.04556525542459037,-0.809330018213251,-0.24108079464837978,11.226075323730953,0.050535404050869565,0.006258977176183448,0.0016043496476450016,0.7615773105863909
46.05667613500009,8.660884268961539,4.268040440342133,-0.5291046162115254,-0.05354736968930826,-0.8434780211818275,-0.24948956578090076,11.236165214092297,0.04534966511709828,0.006959623360331513,0.0022851346754699155,0.7615773105863909
46.09130864100007,8.643028211845726,4.2658538644376405,-0.5356817134744049,-0.06559727713477015,-0.9593817325762182,-0.2030185872152923,11.246731583544962,0.04044931833642502,0.009146199264823629,0.0033531186367682366,0.7433034373659253
46.168962753001324,8.606845121387598,4.259872831166996,-0.5446812909131195,-0.09817399099311534,-1.0261360255638987,-0.1979872942100669,11.269554260006412,0.03536342287816991,0.015127232535467883,0.0054238587554421985,0.7433034373659253
46.28579116699984,8.57023365352651,4.251573221092898,-0.5511447966557812,-0.13317095230555984,-1.0436109178599062,-0.09017968711305346,11.294681308743742,0.033658873425121916,0.023426842609565846,0.006930505165178621,0.7280109889280518
46.28855632600062,8.57023365352651,4.251573221092898,-0.5511447966557812,-0.13317095230555984,-1.035285944262032,-0.15949645667476187,11.294681308743742,0.033658873425121916,0.023426842609565846,0.006930505165178621,0.7280109889280518
46.29240965600002,8.57023365352651,4.251573221092898,-0.5511447966557812,-0.13317095230555984,-1.0880782121427441,-0.040056578041233026,11.294681308743742,0.033658873425121916,0.023426842609565846,0.006930505165178621,0.7280109889280518
46.41337587199996,8.51253623113331,4.234589032661354,-0.5920633398443967,-0.1897481942551168,-1.0880789858533,-0.04003581516669835,11.33781658534321,0.03678306553073323,0.04041103104110988,0.012140364783265275,0.7648529270389178
46.52805559199987,8.47075385209561,4.2203503783538485,-0.6390191145861607,-0.2219758755901199,-1.2437372860533897,0.007366160969565216,11.370835010683665,0.040234881070095235,0.03564059382396688,0.010867114217574844,0.7566372975210779
46.56059652000113,8.42581871295316,4.203641023243602,-0.685061892470968,-0.26069185290855434,-1.2491145722063253,0.04704025405765372,11.407640171179114,0.04473955592509707,0.021374720181679754,0.02531901846680635,0.7516648189186454
46.64398824999989,8.402134949652687,4.1944263387530905,-0.7105128990141779,-0.2764405347153331,-1.2473435435264213,0.08116736675434985,11.427425593297812,0.04959416339415974,0.03057372420431559,0.028122043298754798,0.75
46.76386702899981,8.352217921554244,4.17518402385591,-0.760603671264318,-0.29299582884628494,-1.2457334016337984,0.10319056184499176,11.46904403085223,0.06177883132276214,0.04981603910149612,0.03174359428518968,0.75
46.778461634999985,8.32597185004486,4.165363127001742,-0.7873821452815284,-0.29462690562505656,-1.1421677011738391,0.10742925151805044,11.490709763753106,0.06882483448183589,0.05963693595566433,0.04561037048251673,0.75
46.88322110599984,8.298898182529191,4.155428227617979,-0.8122100254700612,-0.2980469815128728,-1.0416275277863998,0.11964914860711925,11.512918397726981,0.07684253457188718,0.06957183533942679,0.020113490132780455,0.75
46.89248529799988,8.270854557223963,4.145574842542716,-0.8413087591568678,-0.2956015522578978,-0.9405427228055505,0.12765901942563201,11.535576136823643,0.08494740975089625,0.07942522041468969,0.040548170800011635,0.7000000000000001
46.93752074100121,8.241833434604743,4.135765400890446,-0.8706336785765711,-0.2942832495680973,-0.8733199086815894,0.13627687571612587,11.55872340070506,0.09348215099290812,0.08923466206695974,0.05925564031428683,0.70178344238091
47.004152266001256,8.181041804856672,4.116031635423823,-0.9247447533324666,-0.29754674403857917,-0.8398679573949213,0.14343826604533066,11.606622696577684,0.11133438253706872,0.10896842753358271,0.046023838624440275,0.7071067811865476
47.04377832800128,8.149463038326735,4.105912016187937,-0.9473629958981247,-0.30358857707657516,-0.8310755858586236,0.1624278081578966,11.631452392561142,0.12088139335587979,0.11908804676946882,0.05953730015515141,0.7158910531638177
47.12568411200118,8.117078914890476,4.096092327920421,-0.9715237030877639,-0.2945906480254754,-0.8600045532925282,0.18106187817715533,11.656479460889585,0.13021367399402684,0.12890773503698494,0.043392923688369375,0.6670832032063168
47.127849718001016,8.083946799248068,4.086461494114922,-0.9939634692722404,-0.2889250141649563,-0.8709107214446449,0.15555800059028443,11.681774245512567,0.13949483417867387,0.13853856884248383,0.06169223195889605,0.6800735254367722
47.12940350900135,8.083946799248068,4.086461494114922,-0.9939634692722404,-0.2889250141649563,-0.8364819169356512,0.15599865892446546,11.681774245512567,0.13949483417867387,0.13853856884248383,0.06169223195889605,0.6800735254367722
47.164539250001326,8.050134015533649,4.077061543809319,-1.0143835114325743,-0.2819985091681002,-0.7288185653604473,0.19167821246349573,11.707270122730963,0.14864186103607724,0.1479385191480871,0.07856343700308752,0.6800735254367722
47.24561862600058,8.015701354336246,4.067761930472004,-1.032979835922105,-0.2789884001194385,-0.6970566999580793,0.20353818435653714,11.733051209864916,0.15774042147261427,0.15723813248540175,0.0470256385853069,0.696419413859206
47.25926462300049,8.015701354336246,4.067761930472004,-1.032979835922105,-0.2789884001194385,-0.6717039805109274,0.19331223587712837,11.733051209864916,0.15774042147261427,0.15723813248540175,0.0470256385853069,0.696419413859206
47.263869948999854,7.9808911724834575,4.058566252179957,-1.0443054555836566,-0.27587034876141947,-0.7184113630699752,0.3058652976061462,11.758991647026974,0.16679377942316173,0.16643381077744923,0.06997932137264687,0.7158910531638177
47.366110754001056,7.91119996288829,4.040930665859824,-1.0438232461173729,-0.25882894047460336,-0.7684673292609379,0.39083672374210643,11.810424284012543,0.18425737918156146,0.1840693970975824,0.08135444763400693,0.6946221994724903
47.391517132000445,7.876508414448234,4.032762612881064,-1.0407464532016795,-0.24504158936279466,-0.6817313756453761,0.42893394016668873,11.835586851695988,0.1923704736478668,0.19223745007634196,0.10594576773438005,0.7211102550927979
47.485747169001115,7.841962326798976,4.025027656122863,-1.036382629477761,-0.2320487027460207,-0.6503321623150937,0.41465163338202954,11.860358478945416,0.2000706250652827,0.19997240683454276,0.04721489772198872,0.75
47.630650430999594,7.773798558442764,4.010929610141791,-1.0163592717521672,-0.20427699868693772,-0.7768190173485012,0.37693598059233835,11.908407366674794,0.21412095706077677,0.21407045281561476,0.04697191181786938,0.7810249675906654
47.633583314000134,7.707748727724432,3.9987479302147535,-0.9814079030578682,-0.17556060710037924,-0.8001860026796503,0.32439331974498187,11.953918592045428,0.22628011575214807,0.22625213274265255,0.08999861012643996,0.7778174593052023
47.63568814700011,7.707748727724432,3.9987479302147535,-0.9814079030578682,-0.17556060710037924,-0.7932360502657736,0.3921394295248375,11.953918592045428,0.22628011575214807,0.22625213274265255,0.08999861012643996,0.7778174593052023
47.72270485400077,7.64437369060868,3.9889390550160164,-0.9424154499268274,-0.1337476498300566,-0.7178308916311791,0.569742753813816,11.996193749672676,0.23607708465915275,0.23606100794138962,0.04817345507835426,0.8514693182963202
47.77429704899987,7.6133572656928115,3.98531178843482,-0.930492747476055,-0.10881799743588998,-0.6398753076093626,0.6757995661826313,12.015966527072047,0.2397007297746408,0.23968827452258612,0.07087287923476764,0.8514693182963202
47.845631723001134,7.6133572656928115,3.98531178843482,-0.930492747476055,-0.10881799743588998,-0.6398753076093626,0.6757995661826313,12.015966527072047,0.2397007297746408,0.23968827452258612,0.020742712707013115,0.8514693182963202
47.847494743000425,7.582669294838758,3.982727947395189,-0.9206391256216041,-0.07751523118892445,-0.6208720129029242,0.6495648082885495,12.034732789175498,0.24228215962001343,0.24227211556221695,0.040442041816119136,0.890224690738243
47.855478747000234,7.552381536921911,3.9810993276749174,-0.9086327375054138,-0.048858591608156296,-0.6930794857479379,0.6971144000741962,12.052529126885448,0.24390937897754023,0.24390073528248868,0.05913736710222804,0.890224690738243
47.88938497300114,7.522435483028198,3.980341623457528,-0.8983816168113966,-0.022731126521679405,-0.6696383079746551,0.6827694648880833,12.069459003321263,0.24466611665100785,0.2446584394998781,0.07771851674645065,0.9300537618869138
47.96382106800047,7.492746111165359,3.9802809932246364,-0.8906811558851476,-0.0018189069867445458,-0.6919887070744187,0.6601210519505668,12.085715399909557,0.24472674461557167,0.2447190697327697,0.04350333244808651,0.9300537618869138
48.01357695400111,7.434066316319326,3.9820710308869427,-0.8774391042925276,0.03855798250986248,-0.6119415487201793,0.6528764545410444,12.116400393650162,0.24293814410115752,0.24292903207046335,0.08352572170616987,0.890224690738243
48.021032438000475,7.434066316319326,3.9820710308869427,-0.8774391042925276,0.03855798250986248,-0.6119415487201793,0.6528764545410444,12.116400393650162,0.24293814410115752,0.24292903207046335,0.08352572170616987,0.890224690738243
48.08266104200084,7.405038396114501,3.9843931633170007,-0.8708376061447268,0.06966397290174021,-0.600522575170881,0.6212070465673704,12.130458052021321,0.24061789516578133,0.24060689964040538,0.0499957759849514,0.890224690738243
48.0988484820009,7.376458161531473,3.9880150311180915,-0.8574070374908578,0.10865603403272113,-0.6730792033963606,0.6522993809456542,12.143239059844387,0.23699826870404744,0.23698503183931452,0.06493066415635598,0.8514693182963202
48.20073287800005,7.348268845724229,3.992996658689941,-0.8456794742173,0.14944882715547866,-0.6584477119053866,0.6150639423522472,12.154727068958428,0.23202048688163743,0.23200340426746502,0.033677422866414744,0.8139410298049854
48.212100149001344,7.320592992292355,3.9993545579733687,-0.8302756029562299,0.19073697850282453,-0.6785403277612558,0.5928319904116646,12.164842692023965,0.2256668592015224,0.22564550498403735,0.048208352463220076,0.8139410298049854
48.22007524400033,7.293379310328606,4.006945089160823,-0.8164104589124836,0.22771593562361012,-0.6391334837763952,0.5673082121259712,12.173735771991993,0.21808266398254283,0.21805497379658334,0.06115469880942697,0.8139410298049854
48.26119193100021,7.266565529055563,4.015611916068585,-0.8044134381913073,0.2600048072328798,-0.6349967548861662,0.4997485227821846,12.181572546105434,0.20942330550709426,0.2093881468888208,0.0729361007554054,0.8139410298049854
48.32262114100013,7.240068279790191,4.025198703878458,-0.7949174779611461,0.28760363429619473,-0.6328027345112501,0.46621380838848375,12.188530853317516,0.19984656680193139,0.1998013590789478,0.015959878284785855,0.7810249675906654
48.33680226300021,7.213807610637921,4.035710577626214,-0.7878200745681136,0.3153562124326921,-0.7196672113854741,0.5189305196217441,12.194653221826895,0.18934723982795204,0.18928948533119172,0.02187842376571302,0.7810249675906654
48.44076048300121,7.161966480942783,4.058910730606921,-0.774086641612862,0.3575908737473229,-0.7677119450825092,0.5021495806056195,12.204908144983408,0.16618364920388776,0.16608933235048529,0.008526520393463483,0.7905694150420949
48.45006778500101,7.161966480942783,4.058910730606921,-0.774086641612862,0.3575908737473229,-0.797515377652864,0.4417810020526669,12.204908144983408,0.16618364920388776,0.16608933235048529,0.008526520393463483,0.7905694150420949
48.46901984200122,7.161966480942783,4.058910730606921,-0.774086641612862,0.3575908737473229,-0.8015680214434162,0.4335714534149663,12.204908144983408,0.16618364920388776,0.16608933235048529,0.008526520393463483,0.7905694150420949
48.532039142999565,7.136394002691379,4.071304629620476,-0.7671743475421352,0.37181697040666406,-0.8015595681213894,0.4335861113252132,12.209280868160265,0.15381495658725924,0.1536954333369298,0.010565653510646698,0.7632168761236874
48.56440116900012,7.08589455152498,4.096692401081175,-0.7549918929524125,0.3828659408983363,-0.8023758212509817,0.39928335874339094,12.217358067966824,0.12850026373526643,0.12830766187623066,0.015944035090513606,0.73824115301167
48.59184745700077,7.060796669753631,4.109589269324944,-0.752936453140456,0.3869060473130684,-0.7447984799126367,0.3185526129847872,12.221239302629618,0.11565657548672374,0.11541079363246176,0.018653631084951147,0.7826237921249265
48.681668958000955,7.035713038214394,4.122533692972429,-0.7525089461771255,0.38833270942456033,-0.7324632816377072,0.25219100104509684,12.225137389261704,0.10277601300795787,0.1024663699849766,0.004117522664475881,0.7615773105863909
48.6836948930013,7.035713038214394,4.122533692972429,-0.7525089461771255,0.38833270942456033,-0.7352694724174643,0.19451086856479402,12.225137389261704,0.10277601300795787,0.1024663699849766,0.004117522664475881,0.7615773105863909
48.691212874000485,7.0105019405121185,4.135532064941299,-0.7563329310682456,0.3899511590660838,-0.680512426707768,0.1697432105964578,12.229129321595034,0.08986372591796393,0.08946799801610705,0.008040773611656843,0.7615773105863909
48.73748457399961,6.98505431858859,4.1484566110252405,-0.7634286577058625,0.3877363825182378,-0.6108080925640514,0.09595876224836128,12.23338333708554,0.07704327331863785,0.0765434519321655,0.008396349459178545,0.7433034373659253
48.80971832199975,6.959317184086678,4.161210648721545,-0.7721140350573594,0.3826211308891167,-0.5998806799789135,0.06389964966477459,12.238009840107411,0.06443249916465477,0.06378941423586149,0.0006893416149443847,0.7905694150420949
48.85797343200102,6.933269726132495,4.173708647994261,-0.7814237386255006,0.3749399781814912,-0.7379626328591349,0.0393469554797347,12.243091228250849,0.05210569919876766,0.05129141496314471,0.0027521492349868205,0.7762087348130012
48.92443576000005,6.933269726132495,4.173708647994261,-0.7814237386255006,0.3749399781814912,-0.7379626328591349,0.0393469554797347,12.243091228250849,0.05210569919876766,0.05129141496314471,0.0015970157514314453,0.7762087348130012
48.94446202600011,6.906900601193577,4.1858584829997,-0.7910737481675446,0.3644950501631761,-0.6542379534558678,0.004907496488767451,12.248709359774127,0.04019978110587761,0.03914157995770573,0.0022062121358140665,0.7762087348130012
49.05053632900126,6.880313056909344,4.197508449410745,-0.7976263285270004,0.3494989923313505,-0.5528483541531218,-0.008724072697782161,12.25492629376959,0.02883064258019091,0.027491613546660965,0.00410073049958004,0.7648529270389178
49.07270464100111,6.8536433154773215,4.208600073493868,-0.8000922429606688,0.33274872249369336,-0.6831387365937811,-0.00782799924353181,12.261707780950092,0.018155492236887383,0.0163999894635376,0.008704519412728075,0.75
49.16175083000053,6.826946156976423,4.219017237816404,-0.8009147550269325,0.31251492967605754,-0.7170274941940348,-0.010788220951902683,12.269112948786859,0.008191579399912692,0.005982825141002124,0.006125109326711333,0.75
49.163885423000465,6.8002748777869,4.228708126468746,-0.8001383756857107,0.29072665957025323,-0.7502623450913043,-0.011350267450039003,12.277149103611686,0.0007928100108931601,0.0037080635113397875,0.012311336739725747,0.75
49.18812107300073,6.773836206568236,4.237482617902844,-0.7931601365599286,0.26323474302296673,-0.8528413712982066,-0.004262633335675267,12.285842463598458,0.008821205502162035,0.012482554945438373,0.01847698704894597,0.75
49.280251068001235,6.74783048972145,4.245246547446821,-0.7801715054035803,0.23291788631930835,-0.9191186140362155,0.00423094823529202,12.295143842935648,0.015443730045464487,0.020246484489415018,0.00962089543784632,0.75
49.307379629000934,6.74783048972145,4.245246547446821,-0.7801715054035803,0.23291788631930835,-1.0308895506818128,0.04114842307643815,12.295143842935648,0.015443730045464487,0.020246484489415018,0.00962089543784632,0.75
49.403456860000006,6.722018718929946,4.251980439067351,-0.7743531237451022,0.20201674861588653,-1.0308881613522372,0.04112922646734818,12.305206095646353,0.02093480709070086,0.02698037610994497,0.009258379105946225,0.7000000000000001
49.405660487000205,6.696641055016939,4.2576961547080145,-0.7613299173902135,0.1714714692199163,-1.031685200819374,0.006740194969767188,12.31587060062382,0.02486191002880996,0.0326960917506085,0.01746057835201412,0.7000000000000001
49.42136921100064,6.671879879414943,4.262406435024033,-0.742835268059876,0.14130840948056453,-0.9369393556435919,0.07851034560474746,12.327011627945238,0.027588876173522098,0.037406372066627114,0.023766128983148917,0.7000000000000001
49.51901952600019,6.647654458614035,4.266158148110916,-0.7267626240272588,0.11255139260650547,-0.923768281722352,0.11011211052538272,12.338634431580369,0.028606611893771554,0.04115808515351027,0.0008250929943402505,0.7000000000000001
49.53291638600058,6.647654458614035,4.266158148110916,-0.7267626240272588,0.11255139260650547,-0.9829358769805415,0.11056230547536838,12.338634431580369,0.028606611893771554,0.04115808515351027,0.0008250929943402505,0.7000000000000001
49.64185901200108,6.623764406417878,4.269014094049043,-0.7167015658847257,0.08567837814379058,-0.982936175480134,0.11055982955743204,12.35080493464902,0.028404057360452217,0.044014031091636596,0.0007489572103749128,0.7000000000000001
49.643721350001215,6.59992975667347,4.271060833660761,-0.7150394923322321,0.061402188351543936,-0.9865791147610414,0.08280345274838996,12.363619971126159,0.02617631835813544,0.046060770703355125,0.000696689155243971,0.70178344238091
49.657700785001,6.59992975667347,4.271060833660761,-0.7150394923322321,0.061402188351543936,-0.9361422992912765,0.16225368404041046,12.363619971126159,0.02617631835813544,0.046060770703355125,0.000696689155243971,0.70178344238091
49.78549936899981,6.551198748659264,4.273120931698046,-0.7398892514581347,0.022640670427730363,-0.9283183611115764,0.17337100666982613,12.391608150489366,0.016541423802197433,0.01719649710045225,0.0015520460866856776,0.70178344238091
49.91578843900061,6.499921295141889,4.273456149637422,-0.7781759295655131,0.0006376627249902811,-0.8601057088935142,0.2490373673473278,12.42264707552848,0.00388191580226826,0.0015439140650421734,0.004211974838879,0.7158910531638177
49.91794766299972,6.499921295141889,4.273456149637422,-0.7781759295655131,0.0006376627249902811,-0.8587155762640215,0.18913911307772513,12.42264707552848,0.00388191580226826,0.0015439140650421734,0.004211974838879,0.7158910531638177
49.92502696300107,6.473454927950442,4.273294475943837,-0.793991015743411,-0.004850210807536814,-0.7982805158141599,0.29664012924684885,12.438984331227342,0.002403468772021706,0.0017055877586269474,0.006767140129678512,0.7158910531638177
50.01634157599983,6.44649263254835,4.272937677264402,-0.8088688620627571,-0.010703960383068346,-0.6709692606075814,0.4066696696496946,12.455815064401296,0.009036085997602384,0.002062386438062447,0.004766148112893992,0.7280109889280518
50.12933149899982,6.3912008693499365,4.271431955675496,-0.8366683705680874,-0.02690472632146313,-0.5991631013316269,0.4683266851437261,12.491050149552198,0.024926526925830948,0.0035681080269682752,0.013484165383803034,0.7433034373659253
50.17244146600024,6.3628485353918265,4.270144457176523,-0.8505700187433014,-0.03862495496920893,-0.5063785517236946,0.5116568608198442,12.509579240688547,0.03437558766165055,0.004855606525941525,0.02206383871145006,0.7433034373659253
50.24186288599958,6.334250641044235,4.268717291316256,-0.8579368304277382,-0.042814975807986363,-0.5063785517236946,0.5116568608198442,12.528407033784696,0.04680799520455974,0.006282772386208002,0.022471138502250514,0.7615773105863909
50.244273661999614,6.305532337134636,4.267354634202018,-0.8615491172879755,-0.04087971342714833,-0.49388568249252524,0.5109697478514478,12.547296164393442,0.05923281605312978,0.019171918115505584,0.03521046938627661,0.7615773105863909
50.26622261400007,6.276764225337197,4.266175109937928,-0.8630433539231775,-0.03538572792270826,-0.4108275836523779,0.6042477898185017,12.566110374907911,0.07447522665893694,0.040348094655119966,0.048403136494147556,0.7826237921249265
50.30224774100134,6.247909435109488,4.265136200432878,-0.8656437068312798,-0.031167285151484755,-0.3789679365250457,0.6462947187744497,12.58490652310451,0.09101383981497409,0.06148613245090788,0.062264247357221705,0.8062257748298549
50.370748758001355,6.21916848719539,4.264626235346246,-0.8622284374229516,-0.015298952598965757,-0.3509811191550283,0.6636136426024186,12.603256818126557,0.10704644893271811,0.08216965138962205,0.057225307241914505,0.8062257748298549
50.372595327000454,6.21916848719539,4.264626235346246,-0.8622284374229516,-0.015298952598965757,-0.3982874343735725,0.6755596900159342,12.603256818126557,0.10704644893271811,0.08216965138962205,0.057225307241914505,0.8062257748298549
50.480199015000835,6.190685543527998,4.264707572242932,-0.8544883100217527,0.00244010690055709,-0.4625294555601565,0.79347921677534,12.62102342565184,0.12410742149135266,0.1022526201337822,0.025600795252933496,0.8321658488546619
50.48203123700114,6.1625330545771435,4.265376485078847,-0.8445746685256295,0.02006738507746299,-0.5111159325242014,0.8029255542156406,12.63816447075763,0.14105207381996065,0.1216864431759122,0.050648112150565375,0.8321658488546619
50.530257939000876,6.134877553641685,4.2667851874266765,-0.8296650280637631,0.04226107043488997,-0.3545326635270804,0.8610044335532653,12.654457283332718,0.1571081992259441,0.1402457324416624,0.07492573061902695,0.8500000000000001
50.60272100700058,6.0810341486619715,4.271664259468651,-0.7999316689081468,0.08374239406619596,-0.30908346171259604,0.8671207521443927,12.684636248372726,0.1886570063567566,0.1748687442982131,0.07235382006246777,0.8500000000000001
50.63462097699994,6.0810341486619715,4.271664259468651,-0.7999316689081468,0.08374239406619596,-0.2764258915318938,0.8221778834612429,12.684636248372726,0.1886570063567566,0.1748687442982131,0.07235382006246777,0.8500000000000001
50.66225292400122,6.054835364360422,4.275039369605444,-0.7859635290464854,0.10125330410375766,-0.24691938650829537,0.8238770907542866,12.698603285532968,0.2035509299799936,0.19100751907170543,0.09507693239472467,0.8500000000000001
50.72045738500128,6.0294260776096165,4.279283359689958,-0.7622786025241648,0.1273197025354464,-0.21413814098031003,0.8255067200688453,12.711437321012534,0.21740193242294503,0.2059736438702645,0.04861832026667984,0.8500000000000001
50.776710240001194,5.981445465953726,4.290996441798743,-0.7057548041738695,0.19245051037065125,-0.22953900934430338,0.8787108180456932,12.73292890607217,0.2422902489895504,0.23161865994990616,0.09278906183432417,0.8500000000000001
50.842652895000356,5.958701563403265,4.2985722616494275,-0.6823170765138422,0.22727459552053828,-0.22953900934430338,0.8787108180456932,12.741613945801388,0.2526335710164959,0.24234411408451673,0.06480460599098951,0.8500000000000001
50.888443874000586,5.936556467741163,4.307502614745326,-0.6643528698630613,0.26791059287694685,-0.19683851436855637,0.8445474374918998,12.748914281012256,0.2621120616027638,0.2516883481647139,0.084464764547272,0.8500000000000001
50.96202471600009,5.9149508875414245,4.3179760896204895,-0.648167405992143,0.31420424625490895,-0.1561841777767343,0.8312280232290693,12.754725428506697,0.27038493163516136,0.2595599353286036,0.04555463945768254,0.8500000000000001
51.01420817899998,5.893758212575195,4.329859125105589,-0.6357802489868802,0.3564910645529735,0.007615658943639303,0.8658890337793279,12.759234185050433,0.27738183248282416,0.2661428445361128,0.06788336985202344,0.8
51.08090897399961,5.853007827900383,4.357282838990691,-0.6030576143672826,0.42824489335772487,0.040720270455444824,0.859461941472155,12.764537499106565,0.28897395475851423,0.27556622382215756,0.06432384383682893,0.8
51.107478791000176,5.853007827900383,4.357282838990691,-0.6030576143672826,0.42824489335772487,0.07175035395451791,0.9563447073281038,12.764537499106565,0.28897395475851423,0.27556622382215756,0.06432384383682893,0.8
51.12761203199989,5.833501498615845,4.372669205516726,-0.5851898785361441,0.4615909957810648,0.08354131836044672,0.9882908601600698,12.765420551579531,0.29331870807246907,0.2784794774269307,0.08477176709588063,0.75
51.19904723500076,5.814568414855642,4.3891412318764145,-0.5679925128060794,0.49416079079063324,0.09778188265149217,1.0193780905566852,12.76515391863923,0.2967290770646505,0.28021970780372407,0.042648217438449085,0.75
51.20154330100013,5.814568414855642,4.3891412318764145,-0.5679925128060794,0.49416079079063324,0.07721849839947367,1.0542260749556158,12.76515391863923,0.2967290770646505,0.28021970780372407,0.042648217438449085,0.75
51.24789705399962,5.796097137812753,4.406586552515358,-0.5541383112866691,0.5233596191683116,0.19016561066790613,1.1617311923800973,12.763897014960502,0.3003317727335611,0.2809451685341558,0.06345137028026555,0.7000000000000001
51.3193724419998,5.778242434451878,4.424923814840183,-0.5356411008262554,0.5501178697447527,0.22066079345010448,1.1752003524826236,12.761612287183938,0.3029546011838095,0.2806039478184246,0.03932656644022959,0.7000000000000001
51.37125894900055,5.744152659521203,4.463834599910771,-0.5027311339954913,0.5939102024412736,0.17617691836721427,1.2375224011849775,12.754445044582042,0.3073953476503965,0.27719497885632266,0.07582357175732768,0.65
51.44305807300043,5.7279374564054235,4.484257913912382,-0.48645609347337854,0.612699420048323,0.17617691836721427,1.2375224011849775,12.749663803411286,0.3099240607087104,0.27425581281970607,0.06717305975740749,0.65
51.47580835699955,5.698275938712563,4.527319349766901,-0.4317619391807232,0.6572902350216653,0.22222045928576964,1.0970355150316413,12.736764975195365,0.31239340322882153,0.27057981268073134,0.10656818047446119,0.6000000000000001
51.56422852400101,5.684645062062591,4.549945043565667,-0.408926299499175,0.6787708139629759,0.23639459688076006,1.03048075191223,12.728776390619151,0.314712944526819,0.2709415032523943,0.07174403475335293,0.6000000000000001
51.61455182300051,5.684645062062591,4.549945043565667,-0.408926299499175,0.6787708139629759,0.2573715085385013,0.8613552389373617,12.728776390619151,0.314712944526819,0.2709415032523943,0.07174403475335293,0.6000000000000001
51.67988186100047,5.659578913340709,4.597299398123333,-0.36180077198774657,0.7224782130527594,0.2617530602878273,0.8288751358737114,12.709918443838653,0.31936166500107876,0.27656065242336514,0.04970685485700761,0.6000000000000001
51.7062709490001,5.648534352711458,4.6223839661098935,-0.3313368188775131,0.7525370395968195,0.3046158751740839,0.7348083951027237,12.698522641360654,0.32059814257152786,0.2814280677220118,0.07433138544967076,0.55
51.80623256400031,5.628736196580512,4.675782163609531,-0.28786138598338423,0.8175181176968673,0.33994350274365426,0.6406960763804923,12.671945085694833,0.3241411645163019,0.29626389170886824,0.0781313156124248,0.55
51.80801170700033,5.628736196580512,4.675782163609531,-0.28786138598338423,0.8175181176968673,0.3155225710318299,0.6318712966143472,12.671945085694833,0.3241411645163019,0.29626389170886824,0.0781313156124248,0.55
51.83084335100102,5.620128509692611,4.7041483316905515,-0.25823060663702596,0.8509850424306132,0.37785337756136883,0.5109802549656202,12.656628661100928,0.3250297416935349,0.30487157859676906,0.10462046616898917,0.55
51.91843936500118,5.6123637475737915,4.733569673116736,-0.2329428635645786,0.8826402427855227,0.38101086981592247,0.47621833260361496,12.640015277754143,0.3257216395350498,0.31263634071558855,0.04943080894353812,0.55
51.92025489600019,5.605526681326838,4.7637585333288595,-0.20511198740861963,0.9056658063637165,0.36899620369786973,0.4562203957572164,12.6222613538795,0.3253572785105035,0.3140298567002304,0.07393113678984065,0.55
51.96871334200114,5.599591262360401,4.794368270492376,-0.17806256899310524,0.9182921149054899,0.4770516480424454,0.5431828533101126,12.603639577207796,0.3239472751439428,0.30481910851684796,0.09786347049547708,0.5
52.04291671000101,5.5944164525030455,4.82527164124808,-0.15524429572066972,0.927101122671132,0.5154414780194738,0.5994308203803804,12.584336995332249,0.3202938788247741,0.2977800134832868,0.023888765366681258,0.5
52.06581641200137,5.5898642622779535,4.856321158078225,-0.13656570675275906,0.9314855049043381,0.6077183314155117,0.6444377698259127,12.56455366525394,0.3166463109394819,0.2932903548678176,0.047396040173288134,0.5
52.18552748000002,5.585870943136067,4.887227340586441,-0.11979957425658849,0.9271854752464854,0.6767257620893875,0.6456930565260123,12.544543581612395,0.3148217841997223,0.2915860790393879,0.020934375013918833,0.5
52.18730624199998,5.582674463769777,4.917805468147563,-0.09589438098869454,0.9173438268336673,0.6655087978916405,0.7007564244652857,12.52427765226004,0.31252531116910454,0.29241414579282177,0.04102733444776163,0.5
52.27642564800044,5.580218762631163,4.947977229171365,-0.0736710341584225,0.9051528307140658,0.7042201928495617,0.6990101645116896,12.50384713319816,0.31078165249799,0.294781324913159,0.02082944219972517,0.5
52.32003307800005,5.577581605282338,5.006498517682832,-0.027491157831584376,0.8663332073843932,0.717963385992996,0.6959191458927882,12.462880265152453,0.3072517015803228,0.29741848226198364,0.05957410521094736,0.5
52.39846225099973,5.577452769385525,5.034431602970679,-0.0038650769043990993,0.8379925586354218,0.694544429339018,0.6710964679923754,12.442601884624903,0.3054269067485227,0.29754731815879687,0.06448002521810263,0.5
52.414109328999984,5.580245952665883,5.0884252475660965,0.0582695221284969,0.8030739758097342,0.6540487402982673,0.5958308990206544,12.401398652804055,0.299667438411638,0.29475413487843927,0.09999146010515332,0.5
52.45490495299964,5.580245952665883,5.0884252475660965,0.0582695221284969,0.8030739758097342,0.5865906692073849,0.5858749560564371,12.401398652804055,0.299667438411638,0.29475413487843927,0.09999146010515332,0.5
52.520238777000486,5.583194456203431,5.11486320649438,0.08845510612646679,0.7931387678485197,0.5560670288700628,0.581270114019379,12.380172045204073,0.2955815646315963,0.29180563134089077,0.01623113101517663,0.5
52.53156019299968,5.583194456203431,5.11486320649438,0.08845510612646679,0.7931387678485197,0.6272254026648726,0.6546673451649314,12.380172045204073,0.2955815646315963,0.29180563134089077,0.01623113101517663,0.5
52.64345488000072,5.599008175276711,5.193320834216405,0.1928305677963929,0.783776041608142,0.6787728282003711,0.7507428735048284,12.312424447127208,0.27788497111566235,0.2759919122676111,0.03602582359997855,0.5
52.66264488399975,5.599008175276711,5.193320834216405,0.1928305677963929,0.783776041608142,0.6497690465355399,0.73364562097887,12.312424447127208,0.27788497111566235,0.2759919122676111,0.03602582359997855,0.5
52.75831859800019,5.60648157217878,5.219557460507961,0.22420190706207613,0.7870987887466717,0.6007633335089769,0.7046402106382376,12.288291784497893,0.26996867538569624,0.2685185153655416,0.011175185256946201,0.55
52.851291140001194,5.614835844093034,5.245985767385394,0.2506281574276136,0.7928492063229783,0.5843738907647709,0.7199934670877773,12.263424431374395,0.26132523856145085,0.2601642434512881,0.021799810158197788,0.55
52.88085706200036,5.624045835002601,5.272392607192606,0.2762997272869994,0.7922051942163904,0.5582131247477922,0.699237034711158,12.23799212651669,0.251837481731782,0.250954252541721,0.023664758636699687,0.55
52.90774091700041,5.633967333033601,5.298774603419633,0.2976449409300055,0.791459886810806,0.5064274165359368,0.6869176237320348,12.212095544973165,0.24174124018078638,0.24103275451072115,0.034446526308865695,0.55
52.99734627399994,5.644478583274064,5.325177839092023,0.3153375072138857,0.7920970701716696,0.43849405456592133,0.6813238470230409,12.185784602735794,0.23106042427783247,0.23052150427025797,0.018314707914276127,0.55
52.99920534699959,5.65545593021024,5.3514011222915885,0.3293204080852929,0.7866984959869809,0.4338293032446962,0.7231720388537612,12.15928891299414,0.21997600124126182,0.21954415733408172,0.026520411557541534,0.6000000000000001
53.04121011400093,5.65545593021024,5.3514011222915885,0.3293204080852929,0.7866984959869809,0.3225968557890284,0.7224452700503486,12.15928891299414,0.21997600124126182,0.21954415733408172,0.026520411557541534,0.6000000000000001
53.117941167000026,5.666950824813328,5.3776193220332305,0.3448468380926306,0.7865459922492715,0.32220029170965575,0.7224404283954295,12.132445882116459,0.2083791568210418,0.20804926273099422,0.006871164667711267,0.6000000000000001
53.12948677300119,5.666950824813328,5.3776193220332305,0.3448468380926306,0.7865459922492715,0.29796498361246004,0.7327615833987515,12.132445882116459,0.2083791568210418,0.20804926273099422,0.006871164667711267,0.6000000000000001
53.15765281000131,5.69118751474337,5.43052040373394,0.3691183130990542,0.7944208734189295,0.3185162326701875,0.7392634965254902,12.07758270028739,0.18401357323601436,0.1838125728009521,0.01954669574706675,0.6000000000000001
53.236465330999636,5.69118751474337,5.43052040373394,0.3691183130990542,0.7944208734189295,0.2856208908917333,0.729571506245151,12.07758270028739,0.18401357323601436,0.1838125728009521,0.0,0.6000000000000001
53.356351357000676,5.716518936892785,5.483699617689452,0.3825135320058883,0.7990949278232902,0.23880918474201301,0.7519820842075005,12.021788012341682,0.15860321029001165,0.15848115065153667,0.008303081612083303,0.65
53.37284617300065,5.729299238740403,5.510333979737599,0.3834090554285182,0.7990308614444115,0.14353639566262244,0.7160381700585997,11.993789791979951,0.1457966146900021,0.14570084880391931,0.01197821717077566,0.65
53.47817373900034,5.741966506174339,5.536892964256984,0.3800180230180893,0.7967695355815686,0.0890348851347912,0.6750643131213108,11.965931889723556,0.1331075905792802,0.13303358136998344,0.0010608737386208484,0.65
53.481162176,5.75435249507205,5.5633672605664275,0.3715796669313335,0.7942288892832975,0.05515352469899752,0.6685121497824359,11.938338695332748,0.12070530830388938,0.12064759247227208,0.0023319076264536128,0.7000000000000001
53.500744766000935,5.766210656977805,5.58978182086351,0.3557448571726463,0.7924368089124719,0.04542477034690788,0.710097139612892,11.911165277603006,0.10883431983544599,0.10878943056651735,0.003021051148610318,0.7000000000000001
53.522395309000785,5.777467585712238,5.616148885735176,0.3377078620330184,0.7910119461499882,0.02552187368179068,0.6844582164156602,11.884455204841446,0.09756725841529634,0.09753250183208362,0.004070448797191004,0.7000000000000001
53.59808103400064,5.7881604311801595,5.642430887095108,0.32078536403764163,0.7884600407979552,0.001739417357705192,0.6487982697752701,11.858210333661738,0.08686681533866754,0.08683965636416247,0.0025613857618526667,0.7000000000000001
53.64855300199997,5.807475434766841,5.694879944872973,0.2786288196224436,0.7863983713546792,-0.016599029700915348,0.5409122006991498,11.80728617448116,0.06754092831034432,0.06752465277748065,0.0026864572120121194,0.75
53.7149280320009,5.815995798244286,5.721072378000447,0.2556109043233332,0.7857729938242193,-0.026218155617831126,0.6075830252200879,11.782663268947873,0.0590165641993083,0.059004289300036206,0.007170499317317102,0.75
53.7557320169999,5.823715332859764,5.747152076522712,0.23158603846433629,0.782390955667965,-0.0367488125281092,0.7169187857735417,11.75869705045076,0.05129422733194263,0.05128475468455829,0.01118119002282385,0.75
53.83798463200037,5.830630986637262,5.773099427647485,0.20746961332493344,0.7784205337431601,-0.042240691207806276,0.750847200718856,11.735405277237273,0.04437599343451993,0.044369100907060144,0.01120612546421621,0.75
53.839830229000654,5.836675487239824,5.798835123971582,0.18133501807685934,0.7720708897229016,-0.06740401541514476,0.7497982134879584,11.712893336071625,0.03832966211263656,0.03832460030449791,0.01617743198629266,0.75
53.89132362000055,5.841842690300833,5.824346770752671,0.15501609183026135,0.7653494034326761,-0.04263811726478554,0.9209994360102819,11.691176096633287,0.03316070172354068,0.03315739724348887,0.020305580107534218,0.75
53.9539862620004,5.846092669341029,5.849625614576646,0.12749937120588142,0.7583653147192454,-0.04263811726478554,0.9209994360102819,11.670289787436971,0.028909345492369638,0.02890741820329268,0.00738840342698511,0.75
53.966263799000444,5.8494249411020975,5.8746323006186865,0.09996815283205826,0.7502005812612003,-0.0481604194196861,1.0235399954438646,11.65026448594767,0.025575720891600276,0.025575146442224472,0.01383220247193095,0.75
53.99752572200123,5.851861457414125,5.899226283717478,0.07309548936081706,0.7378194929637362,-0.05220971815777778,1.090743608954093,11.631185621567601,0.023137932024544113,0.023138630130197235,0.018261233246578763,0.75
54.06989581900052,5.853468060103855,5.923245737300726,0.04819808069189618,0.7205836074974402,-0.04412232765830218,1.094896897035194,11.613121858841316,0.021530087362517665,0.02153202744046734,0.0034459760625961612,0.75
54.08967835400108,5.8543184710271,5.9468922944613904,0.02551232769737669,0.7093967148199308,-0.024621016805006196,1.0283856877398598,11.595879834465253,0.02067824674853797,0.02068161651722189,0.007052017815483889,0.75
54.12528955600101,5.854452205546685,5.970342713028615,0.004012035587534841,0.7035125570167341,-0.005914178256270941,0.9645863533729486,11.579308530055707,0.020543077957452954,0.02054788199763724,0.009773474144375504,0.75
54.186561323000205,5.8538989291115815,5.9937507813330955,-0.016598293053095257,0.7022420491344157,0.035721296463841146,0.9207841768420763,11.563280644628707,0.021094482697148087,0.02110115843274052,0.008721323821544573,0.75
54.211975215001075,5.852637947269721,6.017162476961848,-0.03782945525582111,0.7023508688625607,0.04438728040183748,0.9043161631444517,11.547780880006725,0.02235348328631411,0.02236214027460104,0.012493806401530772,0.75
54.24024294300034,5.850657806672372,6.04056937834101,-0.05940421792047029,0.7022070413748632,0.0510683083223345,0.9286965869243976,11.532825697458108,0.024330975956615535,0.02434228087195045,0.016735706050065302,0.75
54.306614451001224,5.847997894768873,6.064317475776525,-0.07979735710497984,0.7124429230654589,0.061094602047777946,0.9547149027851833,11.518147957673122,0.026987860787615118,0.027002192775449352,0.011992749226679464,0.75
54.354797441999835,5.844880213563821,6.088767128224147,-0.09353043615156015,0.7334895734286637,0.07122433642729131,1.0749115754606533,11.503341028337466,0.030101433843590767,0.03011987398050131,0.017978329760392153,0.75
54.36654010200073,5.841566715475909,6.113885454150386,-0.09940494263734087,0.753549777787196,0.07122433642729131,1.0749115754606533,11.488243810712156,0.0334099215208232,0.033433372068413014,0.02380180760327325,0.75
54.426206677000664,5.83823830606033,6.139602012404295,-0.09985228246737624,0.7714967476172576,0.052297874881352346,1.0886648248780704,11.472778321242272,0.03673148246255169,0.03676178148399245,0.0011128170624572589,0.75
54.48377451499982,5.83823830606033,6.139602012404295,-0.09985228246737624,0.7714967476172576,0.0013383995529209214,1.0862631461447358,11.472778321242272,0.03673148246255169,0.03676178148399245,0.0011128170624572589,0.75
54.549607446000664,5.834966706249682,6.165843889810142,-0.09814799431941336,0.7872563221753873,0.001185345900648782,1.1192765263925675,11.456945863870715,0.039994760845391115,0.040033381294639625,0.0003143891223491788,0.75
54.57967992900012,5.831702398567783,6.192543363661073,-0.09792923045698534,0.8009842155279513,0.007459702751668629,1.221741007665666,11.440831074770323,0.04324726292219909,0.04329768897653885,0.0009555022356081346,0.75
54.60849513700123,5.828365206420316,6.219630778592784,-0.10011576442399588,0.8126224479513138,0.011707287585064119,1.2128929119286767,11.424542057520737,0.046570714884347164,0.04663488112400582,0.0024688681833612306,0.75
54.693704827001056,5.824866440318428,6.246979891159495,-0.10496298305664942,0.8204733770013345,0.017771122299255593,1.233493372354727,11.408232126864421,0.050048869660417016,0.050133647225893974,0.005049805399673227,0.75
54.7238298379998,5.821138907504638,6.274509192469969,-0.11182598441368767,0.8258790393142097,0.02180298534147751,1.249809837467364,11.39200804808224,0.05375401040369877,0.05386118003968399,0.007576385106638394,0.75
54.84820056399985,5.809783292564127,6.359705068778363,-0.11508527051314747,0.868666279037977,0.03193523688780098,1.2495919896689958,11.341951272975221,0.06497109516549661,0.06521679498019495,0.013321820747365638,0.75
54.90397269999994,5.809783292564127,6.359705068778363,-0.11508527051314747,0.868666279037977,0.03827584223026492,1.2164195344388267,11.341951272975221,0.06497109516549661,0.06521679498019495,0.013321820747365638,0.75
54.90572176600108,5.805767048421275,6.389239670410036,-0.12048732428553982,0.8860380489501603,0.04454492521955955,1.183686086753918,11.324757176886074,0.06890711351129608,0.06923303912304668,0.01771794434905849,0.75
54.94155533000048,5.801477679241164,6.419316776029833,-0.12868107540335028,0.902313168593896,0.04995771442509944,1.1531881383261195,11.307447434992097,0.0730952387228694,0.07352240830315804,0.02227764173283437,0.75
55.02925727300135,5.7968109019248155,6.450015789866696,-0.14000331949046277,0.9209704151058957,0.054156670068251256,1.0543572306536295,11.290049052758071,0.07760697875658709,0.0781891856195065,0.009601116892343857,0.7000000000000001
55.05841079000129,5.7968109019248155,6.450015789866696,-0.14000331949046277,0.9209704151058957,0.057416177887772424,0.9870582455239734,11.290049052758071,0.07760697875658709,0.0781891856195065,0.009601116892343857,0.7000000000000001
55.14206308200119,5.791674267177878,6.48130106907839,-0.1540990424081448,0.9385583763508161,0.05906762961700013,0.9663398567274223,11.272659397085514,0.0825519300679967,0.08332582036644443,0.0006540154843395099,0.7000000000000001
55.14455545000055,5.785983711455732,6.513117608429054,-0.17071667166436494,0.9544961805199245,0.04186549198637757,0.9967251846448575,11.255383212921213,0.08796616976402276,0.08901637608858959,0.0019567254889135063,0.7000000000000001
55.26256909900076,5.7800820765218965,6.54561183387858,-0.17704904801507007,0.974826763485764,-0.014662856179745665,1.0783900305361709,11.237874123598624,0.09347165287743495,0.09491801102242547,0.0031573794341136405,0.7000000000000001
55.27701892500045,5.77405391651242,6.578796922304832,-0.18084480028429603,0.9955526527875731,-0.01169655195472774,1.0430736456155933,11.220065682565027,0.09898951830775671,0.10094617103190195,0.00667407724189852,0.7000000000000001
55.385896892001256,5.767847072957029,6.61263922559031,-0.186205306661748,1.0152690985643227,-0.01312111320191478,1.0071857534841975,11.202024092359364,0.10443760866604719,0.10715301458729343,0.005964803027330106,0.7000000000000001
55.3878835530013,5.761721128997706,6.647039729220906,-0.18377831877965506,1.0320151089178973,-0.021304216600731785,0.9743343270885326,11.18362693084917,0.10945015525558585,0.11327895854661563,0.011727067375151272,0.7000000000000001
55.389717367999765,5.761721128997706,6.647039729220906,-0.18377831877965506,1.0320151089178973,-0.05599366076488199,0.9626357689484676,11.18362693084917,0.10945015525558585,0.11327895854661563,0.011727067375151272,0.7000000000000001
55.43577719200039,5.755699153033158,6.681898909266529,-0.18065927893645367,1.0457754013686846,-0.03864515641597688,0.9240582320737667,11.164926350721382,0.11394970074328731,0.11930093451116441,0.01724138143195515,0.7000000000000001
55.505166984001335,5.74977473205042,6.7171048837574885,-0.1777326294821306,1.0561792347287893,-0.06202744456883408,0.8655182548618141,11.146003872372427,0.1178019469921397,0.12522535549390224,0.016909458678140327,0.65
55.53252236300068,5.743945187627998,6.752341960411545,-0.1748863326726732,1.0571122996216953,-0.10674089484181343,0.8170739998517358,11.127071973079627,0.12035412143213882,0.13105489991632435,0.02337681369316435,0.651920240520265
55.56557139200049,5.738130854347261,6.787549382978367,-0.1744299984220858,1.0562226770046517,-0.12889521543221577,0.7922998012417066,11.108230715798053,0.1213754126817229,0.13686923319706068,0.028888248359472263,0.651920240520265
55.62372164699991,5.732165441335324,6.822789565850358,-0.17896239035810885,1.0572054861597473,-0.1700103850457528,0.7953692115834939,11.089564775232581,0.12023469612173572,0.142834646208998,0.0001642966630402179,0.6576473218982953
55.6622111910001,5.719656349471583,6.893203683552087,-0.19078576600574246,1.0553192856264322,-0.2702039467961028,0.7778404393388225,11.052966698932877,0.10551811457945613,0.13232807454990508,0.001965987647902899,0.6670832032063168
55.74220771100045,5.719656349471583,6.893203683552087,-0.19078576600574246,1.0553192856264322,-0.32306284739359825,0.694803851893109,11.052966698932877,0.10551811457945613,0.13232807454990508,0.0,0.6670832032063168
55.75774958200054,5.7130568589992325,6.928233865215018,-0.1979847141705075,1.0509054498879393,-0.3378199743609933,0.6276449545365215,11.035173072608718,0.0920161130730707,0.11222454001522432,0.002102325894470458,0.6800735254367722
55.78567235400078,5.706196970114402,6.963018450512766,-0.20579666654489856,1.0435375589324156,-0.34856621321523606,0.596400338109247,11.017823512029851,0.0763585576686663,0.09247879781907495,0.003218066739419658,0.696419413859206
55.86264838600073,5.699071581847911,6.997466592817771,-0.21376164799472452,1.0334442691501602,-0.3643597636026614,0.5294917504068384,11.000980823865431,0.06032147122522097,0.07315869315774946,0.0006651545461059766,0.65
55.86456623800041,5.691605003834911,7.031365566760374,-0.22399734038999003,1.0169692182780903,-0.37037065371411615,0.4958342205726758,10.984839514636297,0.04395427763734753,0.05446816675291972,0.0027344283232434877,0.670820393249937
55.89841995400093,5.683802651391255,7.0646488122756965,-0.23407057330969747,0.998497365459671,-0.387013287023428,0.3955535161460696,10.969436819880162,0.027844945630395336,0.03645045447125513,0.006957953144165846,0.6946221994724903
55.981638373999886,5.6670406779187,7.128986306431267,-0.25848691607280405,0.9526968216351072,-0.4225780016562854,0.33480652800298916,10.941198967380158,0.0033091866464963963,0.0028094811778136965,0.020902714931399082,0.7211102550927979
56.046348281000974,5.648218494054088,7.1889011731867996,-0.2900464265888658,0.8788780659488007,-0.5541663238970777,0.43754110107696154,10.917687374999712,0.03108832982607625,0.026247433551504686,0.04286980117241893,0.7106335201775948
56.115662903001066,5.6380575970875775,7.216757411413821,-0.30482690899532416,0.8356871468106442,-0.6706752089717622,0.509018469420665,10.907955709643023,0.04327917227490875,0.03875992935222164,0.04137472396567396,0.7433034373659253
56.14958578400001,5.62743600589703,7.2430798912004395,-0.31864773571642385,0.7896743935985537,-0.7015938817008355,0.5249711183779391,10.899618984745743,0.05419355964775657,0.049862134149158126,0.052597701400117394,0.7433034373659253
56.16239291199963,5.62743600589703,7.2430798912004395,-0.31864773571642385,0.7896743935985537,-0.747798822557842,0.515097110546183,10.899618984745743,0.05419355964775657,0.049862134149158126,0.052597701400117394,0.7433034373659253
56.222112662000654,5.616359513876589,7.267877194069455,-0.332294760613213,0.7439190860704733,-0.7915689575827114,0.5688626171669177,10.892660737079279,0.06372787640190365,0.05956421254356355,0.02309082312920915,0.7778174593052023
56.22663551900041,5.616359513876589,7.267877194069455,-0.332294760613213,0.7439190860704733,-0.8248524445668528,0.5694006331793815,10.892660737079279,0.06372787640190365,0.05956421254356355,0.02309082312920915,0.7778174593052023
56.27420068200081,5.604743917764224,7.291189850300579,-0.3484678833709736,0.6993796869337401,-0.8463068566609637,0.5696953370897732,10.887114932681376,0.07216331508229723,0.06783528307348455,0.03246090393176866,0.7778174593052023
56.34352714200031,5.604743917764224,7.291189850300579,-0.3484678833709736,0.6993796869337401,-0.8487690188873049,0.5354971647174982,10.887114932681376,0.07216331508229723,0.06783528307348455,0.0,0.7778174593052023
56.345365866000066,5.592607051345473,7.313075584454046,-0.36410599256252646,0.656572024603985,-0.8153088335470839,0.5345259208001328,10.882925976278187,0.0792169376441771,0.07472877355759246,0.007803810269807604,0.7810249675906654
56.40871080600118,5.592607051345473,7.313075584454046,-0.36410599256252646,0.656572024603985,-0.8018556328156271,0.4799466975813076,10.882925976278187,0.0792169376441771,0.07472877355759246,0.007803810269807604,0.7810249675906654
56.50520008300009,5.579974338662913,7.333599072506546,-0.37898138047679103,0.6157046415750247,-0.9102968380957693,0.5173622148561738,10.880028436609289,0.08500447554226792,0.08030839433049713,0.009969453915377988,0.7810249675906654
56.522302633000436,5.579974338662913,7.333599072506546,-0.37898138047679103,0.6157046415750247,-0.9041512558080116,0.49052415406797784,10.880028436609289,0.08500447554226792,0.08030839433049713,0.009969453915377988,0.7810249675906654
56.58328897499996,5.5668746883116,7.352827685119619,-0.39298951053937514,0.5768583783922075,-0.9041569625396817,0.4905156778073436,10.8783529006769,0.08984400869792684,0.08464222510742435,0.009969227869682379,0.8200609733428363
56.58655584400003,5.5533163017021305,7.370931346440942,-0.4067515982840825,0.5431098396396954,-0.9148988855580231,0.4651291983522635,10.877783192501202,0.09355353748294191,0.0878562196785317,0.018735925484868802,0.8200609733428363
56.712173186000655,5.507802183984668,7.420487293425965,-0.48468831227652776,0.4805245130959946,-0.8462048926703603,0.3508365693276858,10.883094840477254,0.09886690922689877,0.09071422456202188,0.012826401511205962,0.8321658488546619
56.74155848800001,5.490613248340742,7.436179617428684,-0.5156680693177875,0.4707697200815692,-0.8383026585556325,0.31840934375598523,10.887058479259624,0.09881882972972376,0.08965596032172203,0.01729933189720091,0.8062257748298549
56.82364713199968,5.472363286657975,7.451478412952768,-0.5474988504830163,0.4589638657225144,-0.8063605133517402,0.22349430340412557,10.89215105251668,0.09850595781496718,0.08756917071850859,0.006942448440543995,0.8
56.854907560000356,5.452922421584534,7.466406246093747,-0.5832259522032349,0.447834994229388,-0.7475042576777854,0.14045822619913523,10.898463962366419,0.09717063838925016,0.08437797523535374,0.011373655834241369,0.8
56.94162006000079,5.432292752977101,7.480932166077885,-0.6188900582230277,0.4357775995241229,-0.7128258279535241,0.08218094850926588,10.906017050699843,0.09490111085242595,0.08006197319316294,0.005843887510380918,0.8
56.954464689000815,5.410508082298468,7.495009571690675,-0.6535401203589879,0.4223221683837009,-0.6848750015920395,0.05951633395769018,10.914814169094132,0.0928015495368265,0.0746121138007032,0.010577035098637612,0.8
56.992555336000805,5.410508082298468,7.495009571690675,-0.6535401203589879,0.4223221683837009,-0.5893983259097408,-0.03484934406273682,10.914814169094132,0.0928015495368265,0.0746121138007032,0.010577035098637612,0.8
57.06227884399959,5.387619893664292,7.508584699791379,-0.6866456590252633,0.40725384302113626,-0.6087745676229126,-0.04857265255494381,10.924848867471736,0.08963158779310076,0.06802678554388487,0.007463749367650232,0.75
57.11921835599969,5.338810010823135,7.5340534257519405,-0.7466587166070265,0.37308412365989285,-0.7438969836270178,-0.051002254599024355,10.948520650861136,0.08396208269870901,0.051522095232876465,0.023166356788831586,0.75
57.18179547900036,5.313115330001983,7.545784485893206,-0.7708404246345729,0.35193180423797316,-0.8097291249480967,-0.06202901163452862,10.962074767543065,0.08046442574517892,0.041648324360211986,0.0129794264380878,0.75
57.207884305000334,5.2868203499649535,7.556657113692581,-0.7888494011108899,0.32617883398124603,-0.8773864980667032,-0.05691826696901808,10.97667853549432,0.0803438661974549,0.033791782476074214,0.025130953801769197,0.7000000000000001
57.22079375599969,5.2868203499649535,7.556657113692581,-0.7888494011108899,0.32617883398124603,-0.9112857668734721,-0.05291063380983119,10.97667853549432,0.0803438661974549,0.033791782476074214,0.025130953801769197,0.7000000000000001
57.25254678199963,5.260258730372708,7.566621378901132,-0.7968485877673528,0.298927956256529,-0.9781728355378572,-0.04501877544547911,10.992090880291322,0.07985751836620232,0.041621266769894305,0.03582950985908246,0.7000000000000001
57.33380081799987,5.207075679065056,7.5834095453689825,-0.7973619267939898,0.23606178871492317,-1.0773123002151355,0.0024317319043367647,11.024974110231023,0.08148850091302293,0.0584094332377445,0.016999008991298362,0.7000000000000001
57.375244486000156,5.1809322219434675,7.590090341612232,-0.7843037136476756,0.20042388729748442,-1.0263074501704665,0.008718903639668263,11.042132664931021,0.08235715552029708,0.06509022948099386,0.021268646745145007,0.7000000000000001
57.435688642999594,5.155386667724868,7.595565415191721,-0.7663666265579825,0.16425220738466342,-1.0263074501704665,0.008718903639668263,11.05955591025083,0.08331889522548297,0.0705653030604827,0.03377278997988824,0.7000000000000001
57.469619943,5.1304101738325825,7.599831068417738,-0.7492948167685859,0.12796959678051092,-0.8910324605887514,-0.011023666172060076,11.077262197347922,0.08347956345885986,0.07483095628650016,0.04538683416155591,0.7000000000000001
57.5447448240011,5.1057320744999375,7.602915160797519,-0.7403429799793505,0.09252277139342134,-0.8219126649882045,-0.020184660094787976,11.095448027162936,0.08320068821946722,0.07791504866628074,0.01392169554478523,0.65
57.567347025000345,5.081340493493357,7.60485610640069,-0.7317474301974161,0.05822836809513927,-0.7203764671124033,-0.022056358338145565,11.114095262002348,0.08186487970719596,0.07985599426945189,0.026694382039215155,0.65
57.689336667001044,5.031985655002549,7.605861818515132,-0.7463703864017243,0.002514692758887011,-0.7143587465413446,0.026214318251246205,11.153596499842513,0.07653120111606407,0.08086170638389412,0.00975157048296156,0.65
57.70446024500052,5.031985655002549,7.605861818515132,-0.7463703864017243,0.002514692758887011,-0.7160896679873137,0.058193202556173024,11.153596499842513,0.07653120111606407,0.08086170638389412,0.00975157048296156,0.65
57.72325082200041,5.006556792965539,7.605133516206434,-0.7628658611102777,-0.021849069260938537,-0.7178820992355045,0.09131990374668064,11.174703575570412,0.07207406531098226,0.08013340407519642,0.01175758853478751,0.65
57.782101765000334,4.980476401368654,7.60359609296852,-0.7824117479065456,-0.046122697137451776,-0.6897615790910311,0.15000434378832067,11.196828764846227,0.06639210791365521,0.07859598083728159,0.010299537480568787,0.65
57.80924403999961,4.953738660090763,7.601207170126693,-0.802132238336745,-0.07166768525480155,-0.6464525961208423,0.2024157998703432,11.2200002113873,0.058725099685585966,0.07420777702194901,0.007804116133035994,0.65
57.85396633900018,4.926378480315721,7.597916189844729,-0.8208053932512523,-0.09872940845892433,-0.5820505431012919,0.2834174967427295,11.244217432115843,0.048982651477540724,0.052534133894406095,0.004097573665118095,0.70178344238091
57.91560188200128,4.898454338003539,7.593668176422248,-0.8377242693654724,-0.12744040267444642,-0.5820505431012919,0.2834174967427295,11.269463002659288,0.036784055114936924,0.029784984409035875,0.0060723004188036256,0.7071067811865476
57.93057363600019,4.870488969058313,7.588822777797622,-0.8389610683567802,-0.14536195873874613,-0.45871036745873683,0.3371233016875652,11.295100826871858,0.024622904461325677,0.013822664921326222,0.01281893261890159,0.7071067811865476
58.0271921399999,4.815547579687916,7.578050405363796,-0.8168488541842596,-0.1656263043537632,-0.41675446980479924,0.40197382187146646,11.346227710565932,0.001022432950780816,0.003050292487499995,0.01871366081391733,0.7158910531638177
58.04000653300136,4.788948280852188,7.57232047097913,-0.7979789650718342,-0.17189803153998737,-0.40554125049790735,0.45363394044775446,11.371292105571976,0.010876194658328743,0.002679641897166185,0.030432072177889624,0.7280109889280518
58.068455110000286,4.788948280852188,7.57232047097913,-0.7979789650718342,-0.17189803153998737,-0.3860806385542981,0.47586030146776204,11.371292105571976,0.010876194658328743,0.002679641897166185,0.030432072177889624,0.7280109889280518
58.14110972900016,4.762792174467513,7.566924742412222,-0.7846831915402577,-0.16187185700724796,-0.37295960113333526,0.5417586247894745,11.39581161210077,0.022699483946085185,0.00807537046407436,0.017858895748058642,0.7280109889280518
58.14292349599964,4.762792174467513,7.566924742412222,-0.7846831915402577,-0.16187185700724796,-0.4185257766823653,0.5480434922158232,11.39581161210077,0.022699483946085185,0.00807537046407436,0.017858895748058642,0.7280109889280518
58.17903219100117,4.737172217862812,7.562103791381359,-0.7685986981409949,-0.14462853092588393,-0.44938969393292666,0.610228836892637,11.419572273628727,0.0346792463360804,0.012896321494936913,0.03495099594611935,0.7433034373659253
58.26329478200023,4.712260774311403,7.558152290576313,-0.747343306542289,-0.11854502415139175,-0.4857206266590833,0.6664504533974703,11.442264602028056,0.04562373321997574,0.01684782229998305,0.03750626399669836,0.7433034373659253
58.27028952300134,4.688025764591188,7.555070300341519,-0.7270502916064364,-0.09245970704382117,-0.5497082085265591,0.7450680438094918,11.46391572637687,0.057685639703689576,0.01992981253477666,0.05459740964014263,0.7615773105863909
58.30465098500099,4.66460070596619,7.552957090686256,-0.7027517587499509,-0.06339628965791341,-0.5675542503577621,0.7744811441011643,11.484360264910235,0.06878044292741532,0.024372968480832438,0.071100512507183,0.7615773105863909
58.38446056599969,4.642152393899125,7.552109829708583,-0.6734493620119425,-0.025417829330176896,-0.5965851433684786,0.8353620208220581,11.503292877364593,0.07841223961110387,0.03941268872997234,0.04056141182660443,0.7826237921249265
58.386127298001156,4.620626289531562,7.552581611654607,-0.6457831310268887,0.0141534583807046,-0.5703301790189157,0.8694348713517893,11.520729729264701,0.08908555321488179,0.05430034288753096,0.05861523834778453,0.7826237921249265
58.406679683999755,4.5998675614091455,7.554380829054668,-0.6227618436724967,0.05397652200181842,-0.5222761706272271,0.9026506499799871,11.53679533847304,0.09886235897508439,0.06770674148728772,0.07531784378611751,0.8062257748298549
58.432532198001354,4.5998675614091455,7.554380829054668,-0.6227618436724967,0.05397652200181842,-0.4895949133571775,0.9000010119594053,11.53679533847304,0.09886235897508439,0.06770674148728772,0.07531784378611751,0.8062257748298549
58.49941917400065,4.579658782804382,7.557591016845789,-0.6062633581428926,0.09630563373364223,-0.4889503750692798,0.9000380890989541,11.551623790389414,0.10715596397480967,0.07972656032222908,0.037861661218443476,0.8062257748298549
58.50154950400065,4.579658782804382,7.557591016845789,-0.6062633581428926,0.09630563373364223,-0.466607718635222,0.8738788492342651,11.551623790389414,0.10715596397480967,0.07972656032222908,0.037861661218443476,0.8062257748298549
58.52681217300051,4.559765655721593,7.562406966458874,-0.5967938124836796,0.14447848839255115,-0.422534436041325,0.822299307134491,11.56530129378196,0.1140878331532838,0.09038773475221017,0.05557025108804793,0.8062257748298549
58.567688598999666,4.539901404095884,7.5689174294744515,-0.595927548771253,0.19531389046733572,-0.3751522842192787,0.7714950863650556,11.578019032046477,0.12121559222124668,0.09983028923296573,0.07277027586286047,0.8321658488546619
58.620436220000556,4.519914984523626,7.577141920426066,-0.5995925871677503,0.24673472854844156,-0.3180003044116222,0.7420348199487053,11.589896739402725,0.12717864926287675,0.1081472287204548,0.05363206008398401,0.8321658488546619
58.74042948300121,4.499843715108631,7.587097421052866,-0.6021380824498537,0.2986650188039999,-0.27084104138816756,0.7153232484957562,11.600900857140168,0.1318375008356501,0.11530015742750255,0.021552950694198766,0.8500000000000001
58.74224107600094,4.479959181187018,7.598709575137164,-0.5965360176483805,0.34836462252893086,-0.2560211085506979,0.685652232746353,11.610855375209923,0.13588242129845005,0.12114961330701901,0.04322515248481917,0.8500000000000001
58.762125416000345,4.460225413492652,7.611821530517135,-0.5920130308309988,0.39335866139911824,-0.22358339330695523,0.6263124119950493,11.619884419844025,0.1392115147408686,0.1258319416982725,0.06502329561109703,0.8200609733428363
58.88530922100108,4.4214915053226616,7.6416821740997705,-0.5765723785883548,0.4638843535743876,-0.1611552152993271,0.49953642486037747,11.635437070513598,0.14325933269290908,0.13210628725925372,0.04458974674998487,0.8514693182963202
58.90843123100058,4.402630555499649,7.6580189079875085,-0.5658284946903801,0.4901020166321457,-0.1379480322465391,0.47412344910745546,11.64208291213284,0.14460660337130343,0.13389117746426532,0.06671759912568809,0.8139410298049854
58.92985770500127,4.384076620558317,7.6750686911733705,-0.5566180482399652,0.5114934955758715,-0.11505049116420454,0.4497985038376581,11.648129010202547,0.14522764599553015,0.1349547733704919,0.08871166907119307,0.848528137423857
58.97952554699987,4.384076620558317,7.6750686911733705,-0.5566180482399652,0.5114934955758715,-0.06938726583643849,0.39911554228143553,11.648129010202547,0.14522764599553015,0.1349547733704919,0.04554584143713178,0.848528137423857
58.991921316001026,4.365832410731312,7.69269205574555,-0.5473262948101469,0.5287009371653584,-0.06343163347506499,0.39225729662613484,11.65365237805192,0.1458935929616649,0.13539377726024668,0.06814792891543267,0.848528137423857
59.10490025500076,4.330782628152843,7.729004673232182,-0.5190506953415563,0.5490675957128188,-0.046253575563950405,0.4135617216571122,11.663069472145729,0.14590611986428323,0.13450081813316575,0.0349719243653591,0.8514693182963202
59.14760912299971,4.313911731136778,7.74744103785771,-0.5061269104819393,0.5530909387658532,-0.06552271776501356,0.4786983060870941,11.66715599336345,0.14617917329469035,0.13339386537078626,0.05121785345563195,0.8514693182963202
59.20885780699973,4.2976547854305105,7.765804814366009,-0.4877083711880335,0.5509132952489436,-0.07654328063198973,0.5109568924750972,11.670818324149433,0.14611873660986302,0.13190411102385738,0.029139147459195068,0.8500000000000001
59.210751013000845,4.2976547854305105,7.765804814366009,-0.4877083711880335,0.5509132952489436,-0.09903952119509501,0.5420767112717152,11.670818324149433,0.14611873660986302,0.13190411102385738,0.029139147459195068,0.8500000000000001
59.22529289200065,4.282051017367066,7.783891592874504,-0.468113041903346,0.5426033552548581,-0.09389707400290387,0.6107118524261141,11.674131558113626,0.14580920511506043,0.1301483575004049,0.04283562473191938,0.8500000000000001
59.260290210000676,4.267082005742412,7.801653336217928,-0.449070348739616,0.5328523003027293,-0.10928103783293708,0.6776126633298591,11.677133508655686,0.14646017795956037,0.1281735979640276,0.055972909296734666,0.8321658488546619
59.3298859839997,4.252669948187955,7.819079744982227,-0.4323617266337099,0.5227922629289841,-0.1181194292401504,0.710385408179829,11.679891626175865,0.14694938006806033,0.1260421297826705,0.025925248743018218,0.8321658488546619
59.341674324999985,4.238868145907356,7.836170874765749,-0.4140540684179807,0.512733893505635,-0.14219109827991988,0.7405260958298777,11.682357499834248,0.14717116864841165,0.12371622399981079,0.03818463790918192,0.8
59.36701951900068,4.225846486393633,7.852816434522602,-0.39064978541167816,0.49936679270558854,-0.12010600795812187,0.8477139531833118,11.68444308091044,0.14848762052278394,0.12115373956355001,0.04983965159234368,0.8
59.447536444000434,4.213662206828785,7.8689427610588725,-0.36552838694544765,0.4837897960881317,-0.10142616943452831,0.943756886211349,11.686134916029598,0.14996466578210035,0.11836629141830116,0.021322201538416963,0.8
59.462286533000224,4.202238154927865,7.884819406215996,-0.3427215570276088,0.4762993547137006,-0.06490672436912293,1.0005406062557758,11.687350399261376,0.15093883507819536,0.11521783253297394,0.031127478078891588,0.8
59.50424229500095,4.191438403352645,7.90082715693391,-0.32399254725659227,0.480232521537401,-0.02440490745782431,1.055199720790624,11.687999694248921,0.15154034023540566,0.11173262441140551,0.04080347606511331,0.75
59.562276964001285,4.191438403352645,7.90082715693391,-0.32399254725659227,0.480232521537401,-0.002684365259296051,1.0815965043014533,11.687999694248921,0.15154034023540566,0.11173262441140551,0.013538150891861424,0.75
59.563989902000685,4.181168719455671,7.917322545470903,-0.30809051690925227,0.4948616561097717,0.028937113741205778,1.0654162090132715,11.687973069726292,0.1534925241125385,0.11014092623786215,0.02664406130745169,0.75
59.610301222999624,4.171311864679387,7.934540367772426,-0.29570564328849996,0.516534669045693,0.11622439108650023,1.0110044865556314,11.687246919830354,0.15587697955608285,0.11130244414583702,0.039475826154084404,0.75
59.67860595900129,4.1617885341581005,7.9526377509971145,-0.285699915638598,0.5429214967406474,0.1711333030896096,1.0003043024290958,11.685808049093447,0.15761208876933339,0.11539898577184272,0.022609899758436056,0.75
59.68537407700023,4.152543283585019,7.971669614555041,-0.27735751719244695,0.5709559067377987,0.17843783752717568,1.0322995628408442,11.683677864359213,0.15894912584716467,0.12250206224999978,0.03360098421368421,0.75
59.72295028500048,4.143649851253439,7.9918176071410745,-0.26680296994738434,0.6044397775810182,0.19133617292671962,1.0998706277116712,11.68070205205481,0.161475728623952,0.1313502124490249,0.0451737314969372,0.7000000000000001
59.79655622100108,4.135280007011854,8.013209482311021,-0.2510953272475434,0.6417562550983826,0.2082653606537509,1.1656198696979065,11.676671758034741,0.16341668387163383,0.13972005669061005,0.03130221685207139,0.7000000000000001
59.93053679900004,4.120302162723498,8.059371044087541,-0.21437554274755052,0.7071061680271842,0.2113232800890879,0.9950147453851624,11.665486149593137,0.1661197102445996,0.15469790097896574,0.02669015132439478,0.7000000000000001
59.932368249999854,4.120302162723498,8.059371044087541,-0.21437554274755052,0.7071061680271842,0.1263025471765654,0.9799780801287682,11.665486149593137,0.1661197102445996,0.15469790097896574,0.02669015132439478,0.7000000000000001
59.933772029000465,4.1138247717174155,8.08379722303479,-0.1943217301824749,0.7327853684174322,0.18111076493020523,0.9355247177721664,11.658404330933482,0.16672428393084845,0.16117529198504865,0.03869436194756693,0.7000000000000001
60.02044509600091,4.102951283691802,8.135169674349235,-0.15301157458701933,0.7834157554895148,0.15325311909060385,0.8021632701638517,11.641313665134291,0.16529333089111983,0.15154343913987017,0.03251579243643857,0.7000000000000001
60.02236026300125,4.102951283691802,8.135169674349235,-0.15301157458701933,0.7834157554895148,0.1512640271859142,0.7688196027698166,11.641313665134291,0.16529333089111983,0.15154343913987017,0.03251579243643857,0.7000000000000001
60.05426738800088,4.098504403253346,8.16222215693791,-0.13340641315365778,0.8115744776602498,0.1452851890921698,0.6681132518286427,11.631299148646372,0.16201542626085658,0.14121694265162063,0.0458995929121411,0.65
60.07062851400042,4.098504403253346,8.16222215693791,-0.13340641315365778,0.8115744776602498,0.14718542675311416,0.6337044703877865,11.631299148646372,0.16201542626085658,0.14121694265162063,0.0458995929121411,0.65
60.14020972599974,4.094562956234002,8.190189502665975,-0.1182434105803399,0.8390203718419518,0.14909632377526513,0.5994099419703205,11.620440204706718,0.158285361916482,0.13500228912104334,0.013974845669140343,0.65
60.152250740000454,4.091110594524769,8.219151809754738,-0.1035708512769887,0.8688692126629183,0.1541252281217716,0.6322501135771721,11.608714078990198,0.15637873227911436,0.1340171351725822,0.027861883459905073,0.65
60.16151168600118,4.091110594524769,8.219151809754738,-0.1035708512769887,0.8688692126629183,0.1636696734337412,0.699771432666858,11.608714078990198,0.15637873227911436,0.1340171351725822,0.027861883459905073,0.65
60.2807286010011,4.082513867076215,8.311420662605524,-0.07982791229203604,0.9468211114006884,0.1852893964556737,0.7733052455235686,11.569687946035131,0.1523834703626841,0.14248619588119116,0.04637794781776488,0.65
60.2902580709997,4.082513867076215,8.311420662605524,-0.07982791229203604,0.9468211114006884,0.1822808150700293,0.7404849413214359,11.569687946035131,0.1523834703626841,0.14248619588119116,0.04637794781776488,0.65
60.34460930500063,4.079997363128215,8.34330189748098,-0.07549511843998503,0.9564370462636929,0.1791902949081194,0.7066171788167785,11.555951967988772,0.15263542736318786,0.1450026998291909,0.06141316364420152,0.65
60.39876277000076,4.077583464294141,8.375072609127892,-0.07241696502222639,0.9531213494073655,0.18941840003530577,0.7057468354060106,11.542253975976614,0.15305231504675137,0.1474165986632654,0.033045732675775034,0.65
60.59625190600127,4.069100704547358,8.496153179465317,-0.05963410568522853,0.8758374611030892,0.1526085098527428,0.5201678344333209,11.49008441498708,0.15776169372284138,0.1558993584100481,0.06632263831381542,0.65
60.597965836001094,4.069100704547358,8.496153179465317,-0.05963410568522853,0.8758374611030892,0.18250287118632494,0.520984565592512,11.49008441498708,0.15776169372284138,0.1558993584100481,0.06632263831381542,0.65
60.6257064170004,4.067215922842629,8.524771770346014,-0.056543451141872446,0.8585577264209245,0.18261927816418544,0.5209250102148378,11.477801451131361,0.15917439008631584,0.15778414011477704,0.07758036504370594,0.65
60.71282831499957,4.065339181205144,8.553064178860904,-0.05630224912455549,0.8487722554466822,0.19712860270059518,0.63699458119623,11.46572783350855,0.16075288061059034,0.159660881752262,0.017303982226265762,0.65
60.72619102400131,4.065339181205144,8.553064178860904,-0.05630224912455549,0.8487722554466822,0.19712860270059518,0.63699458119623,11.46572783350855,0.16075288061059034,0.159660881752262,0.017303982226265762,0.65
60.77453676600089,4.061275463698676,8.609138909902304,-0.0632515046988869,0.8393236150042684,0.1861669688177455,0.5950094329638722,11.44227013430845,0.1643667626742397,0.16372459925872995,0.05119968174150596,0.65
60.82637110200085,4.058951519547512,8.63703000057241,-0.06971832453492373,0.8367327201031686,0.20060835527050247,0.6256816349079987,11.430953407369094,0.16653960376048213,0.16604854340989395,0.04789783640909385,0.65
60.86033561000113,4.058951519547512,8.63703000057241,-0.06971832453492373,0.8367327201031686,0.20839152072754139,0.6214578293255605,11.430953407369094,0.16653960376048213,0.16604854340989395,0.04789783640909385,0.65
60.936474766000174,4.056681903225582,8.664703732180605,-0.06808848965792627,0.8302119482458381,0.19546878532349266,0.5886866117523448,11.419749730706359,0.16869611783812105,0.1683181597318244,0.01913976472629976,0.65
60.978268840000965,4.054457841108231,8.692067616726233,-0.06672186352050923,0.8209165363688162,0.18615568714368327,0.5260783397504054,11.408709389240002,0.17083553329786913,0.17054222184917478,0.038049553621745516,0.65
61.0478020240007,4.052268000203038,8.718855724756962,-0.06569522715579872,0.8036432409218532,0.18539066253436667,0.4932249877842868,11.397966136584404,0.1729572094447494,0.1727320627543678,0.020896898136519845,0.65
61.063144812000246,4.05038988692026,8.745046288387245,-0.05634339848334366,0.7857169089085309,0.2783709904848961,0.5359959257364113,11.387282058438256,0.17478827757434282,0.17461017603714613,0.041146235486956804,0.65
61.15542288800134,4.048821845966101,8.770749570341906,-0.0470412286247675,0.7710984586398293,0.34325716307394016,0.5476518155657408,11.376602850857513,0.1763156047357996,0.1761782169913051,0.02016392138007765,0.6000000000000001
61.205180889000985,4.0466656980925935,8.820442751981926,-0.02793607305293184,0.737184916673418,0.3312854149057788,0.5472476166074935,11.355318371626936,0.17842036825594487,0.17833436486481258,0.058562419121119313,0.6000000000000001
61.26432915999976,4.0466656980925935,8.820442751981926,-0.02793607305293184,0.737184916673418,0.3184604593247985,0.5145262225732601,11.355318371626936,0.17842036825594487,0.17833436486481258,0.0,0.6000000000000001
61.27396301000044,4.046120006271249,8.844630649348604,-0.016370754640336993,0.7256369210003468,0.38649181305872615,0.5883214674137862,11.344576234486032,0.17894959867094057,0.17888005668615747,0.013825256976260256,0.6000000000000001
61.29971143900002,4.04593477795889,8.868460673190446,-0.0055568493707663855,0.7149007152552651,0.40687846134902117,0.6173885520161151,11.33372097843473,0.17912023209803127,0.17906528499851593,0.027152304911008583,0.6000000000000001
61.37553506900076,4.046031113338396,8.891997500283056,0.002890061385160495,0.7061048127782679,0.43709613291869853,0.67723548536311,11.322790310299732,0.1790134642672397,0.17896894961901033,0.012872852410367673,0.6000000000000001
61.37759801300126,4.046351158691825,8.915100802821604,0.009601360602865573,0.6930990761564562,0.45800414604005,0.7038874010435402,11.311897926928017,0.17868465465975697,0.17864890426558144,0.025320334011928042,0.6000000000000001
61.414395679001245,4.046875387994799,8.937720357449566,0.015726879089221994,0.6785866388388578,0.4875069152262893,0.7845460637939872,11.301081610730689,0.17815371483470066,0.1781246749626071,0.037331107875716966,0.6000000000000001
61.48547874399992,4.047773718902216,8.95999716794454,0.02694992722251322,0.668304314849236,0.4561936207241721,0.7737111646195416,11.290123219873694,0.17725019453084553,0.17722634405518978,0.023021657652047427,0.6000000000000001
61.48765593200005,4.04911218339835,8.981978251192624,0.04015393488401974,0.6594324974425274,0.4835350365951432,0.7946158782401402,11.278940221633272,0.17590726267709159,0.17588787955905616,0.03375240924459915,0.6000000000000001
61.49514766500033,4.04911218339835,8.981978251192624,0.04015393488401974,0.6594324974425274,0.4546878328907677,0.7876845211333852,11.278940221633272,0.17590726267709159,0.17588787955905616,0.03375240924459915,0.6000000000000001
61.535227147000114,4.050824836779038,9.003696700176645,0.05137960142062905,0.6515534695206255,0.4533678176338336,0.7872409500730075,11.267574219186997,0.17419157328104032,0.17417522617836845,0.04439700400089372,0.65
61.59678122399964,4.0529006856744765,9.025261360709582,0.06227546686317717,0.6469398159881097,0.4544602723898723,0.7886492990239486,11.255984048008756,0.1721127270115128,0.17209937728292957,0.021838521292429407,0.65
61.613716506000856,4.055343556834577,9.046550544729765,0.07328613480301065,0.6386755206054993,0.4457885778429148,0.7822200329366795,11.244219602008656,0.16966818314498125,0.1696565061228288,0.03210635037492174,0.65
61.64755528900059,4.0581307173931735,9.06766745899627,0.08361481675789213,0.6335074279951337,0.4120492966125474,0.7776832911431988,11.2322530906407,0.16687936341643594,0.1668693455642325,0.04222913937831022,0.65
61.70455792100074,4.061194783182534,9.088644289919069,0.0919219736808334,0.6293049276839471,0.3625283936076761,0.7418624835100982,11.220129064951182,0.16381424029612926,0.1638052797748717,0.02695602862637942,0.65
61.73386274200129,4.064680658745949,9.109800815780707,0.10457626690244468,0.6346957758491585,0.31387276205011455,0.6522033227610187,11.207574321820513,0.16032761795916145,0.16031940421145663,0.04013451545869027,0.65
61.76431577299991,4.068622908520527,9.131287346324862,0.11826749323733264,0.6445959163246782,0.29663484463805495,0.6223426662501993,11.194491135654653,0.15638483130341777,0.15637715443687927,0.05242241875338236,0.65
61.8164695129999,4.073024562010354,9.153261418565455,0.13204960469482124,0.6592221672177949,0.29179654038046016,0.6254307059474917,11.18080761962662,0.1519831761347592,0.15197550094705203,0.019410535717530195,0.65
61.92469480900036,4.07781043439464,9.175729004522546,0.14357617152858365,0.6740275787127298,0.29934873891566677,0.7442000270364474,11.166589834225553,0.14719732761554394,0.1471896285627663,0.008448494543629868,0.65
61.92690295600005,4.07781043439464,9.175729004522546,0.14357617152858365,0.6740275787127298,0.301567429468647,0.7741336547848072,11.166589834225553,0.14719732761554394,0.1471896285627663,0.008448494543629868,0.65
61.94474917300067,4.083003869963187,9.198739616305964,0.15580306705642055,0.6903183535025185,0.3452329483615631,0.8028918742415928,11.151796483882814,0.14200470077797195,0.14199619299421862,0.01685807065484244,0.65
61.96421418300088,4.088507763052838,9.222296170859016,0.16511679268950213,0.7066966365915686,0.31285697986131317,0.7940001043666238,11.136515229427468,0.1365016356071177,0.13649229990456835,0.02531122060709387,0.65
62.046639543999845,4.094286781184405,9.246377746104924,0.1733705439470122,0.7224472573772369,0.25736900447425715,0.7592724020969028,11.120788910895065,0.13072438867364589,0.13071328177300146,0.008172864059404861,0.65
62.08739612499994,4.10029018345585,9.2709278593984,0.18010206814336782,0.7365033988042706,0.25145291701168393,0.7715274551293672,11.104689736963566,0.1247229116975121,0.12470987950155621,0.01641060567506132,0.7000000000000001
62.15326870100034,4.106363257422586,9.295783700120799,0.18219221900209026,0.7456752216719672,0.21868023940962114,0.7422389199962198,11.088429537072338,0.11865305867620948,0.1186368055348197,0.009101796872473915,0.7000000000000001
62.16419149600006,4.112405399734497,9.320741021597112,0.1812642693573302,0.7487196442893982,0.20721645253426765,0.6859536534977932,11.072188685255378,0.11261440163431397,0.11259466322290912,0.018286642753931173,0.7000000000000001
62.263799327000015,4.118322707749085,9.34558484274854,0.17751924043765188,0.7453146345428725,0.16608142714709606,0.6326410603141196,11.056145126315048,0.10670247904014249,0.10667735520832089,0.007701029736694461,0.7000000000000001
62.28762474399991,4.124057979423273,9.370281841721424,0.17205815022563875,0.7409099691865192,0.1812906542995128,0.7226298142713576,11.040364715654034,0.10097295736181106,0.10094208353413325,0.015482677724631133,0.7000000000000001
62.33141545900071,4.129691498049726,9.395120006331348,0.16900555879359777,0.7451449382977428,0.15397701128085117,0.6925151622884661,11.024651803067771,0.09534816307988056,0.09530856490767992,0.021984870516429954,0.7000000000000001
62.3842220509996,4.135275857750459,9.420215772528634,0.1675307910219872,0.7528729859185702,0.16148337328060075,0.7269640779719594,11.00891037509256,0.08977332071893684,0.0897242052069469,0.01280541912390802,0.7000000000000001
62.47260984999957,4.140739130755391,9.445490400885058,0.16389819014797702,0.7582388506927161,0.14509517702614644,0.7747088305792776,10.993240499048497,0.08432439979414418,0.0842609322020147,0.01803265462501512,0.7000000000000001
62.50676573800047,4.146029456371862,9.470942749814489,0.1587097684941145,0.7635704678829128,0.15287914646054476,0.8075396561967172,10.97769104178614,0.07904966069492651,0.07897060658554445,0.010209869582564817,0.7000000000000001
62.52948217800076,4.151061840376027,9.496534387705852,0.15097152012496315,0.7677491367408875,0.15015817541013293,0.8721933626527212,10.962356778886408,0.07404096110885576,0.07393822258137916,0.014451753583498952,0.75
62.55773412599956,4.155784042999124,9.522174180567283,0.14166607869291242,0.7691937858429287,0.12384667574766797,0.8727658640468974,10.947324797983097,0.0693440274928654,0.06921601995828208,0.018674688179985462,0.75
62.722963969001285,4.160173829612238,9.547740966513754,0.13169359839342082,0.7670035783940768,0.08978039895473615,0.6725017024212637,10.932666948438635,0.06499299586096706,0.06482623334516813,0.007766461852017728,0.75
62.725093328001094,4.1642259317538555,9.5730843954381,0.12156306424851794,0.7603028677303865,0.0826301548761848,0.6383447489433569,10.918450953594952,0.06098103850770085,0.060774131203550574,0.015731393887110694,0.75
62.77978607800105,4.167945580834623,9.598285346434508,0.1115894724230155,0.756028529892265,0.07123881746681067,0.5633241271663094,10.90463845376768,0.0573235592310847,0.05705448212278341,0.021062634922679794,0.75
62.84210334999989,4.1713049299099225,9.623305107597018,0.10078047225898956,0.750592834875267,0.0771759387358807,0.5831783573782577,10.891270952212048,0.05402787779838126,0.05369513304748352,0.014350678587533331,0.75
62.84434194300047,4.174321695855843,9.648216970111484,0.09050297837761731,0.7473558754340088,0.07256018426972573,0.600518874182246,10.878302346531898,0.05111004556494587,0.05067836710156293,0.019198696987855084,0.75
62.855364429000474,4.174321695855843,9.648216970111484,0.09050297837761731,0.7473558754340088,0.08012281807890394,0.6213742690040435,10.878302346531898,0.05111004556494587,0.05067836710156293,0.019198696987855084,0.75
62.90218009000091,4.176955010107606,9.673115411595308,0.07899942755288154,0.7469532445147462,0.08012357101532676,0.6213614464715383,10.865731868147838,0.048578494784873284,0.04804505284980021,0.023525425669374187,0.75
62.976238118000765,4.1792292237300135,9.698113527368694,0.0682264086722266,0.7499434732015438,0.07827763199906052,0.6240319987085514,10.853492401675465,0.04646307276467022,0.04577083922739256,0.01621640301574471,0.75
62.97847737200027,4.18111580708029,9.723302424992978,0.056597500508303096,0.7556669287285045,0.04986604181222633,0.5926320351633839,10.841574853111739,0.04474182614130555,0.043884255877116196,0.021045797883785942,0.75
63.002146517001165,4.182650408742743,9.748562893908579,0.046038049873600384,0.7578140674680467,0.08922717988382918,0.5823543822631074,10.829996666826807,0.04346524922469803,0.042349654214662635,0.025301984781474253,0.75
63.03135013300016,4.183820350188752,9.773604443489056,0.0350982433802347,0.7512464874142967,0.1011269672322275,0.614586557962096,10.818887066548406,0.0425592619644822,0.0411797127686544,0.02829053164551551,0.75
63.18166281000049,4.185024024215136,9.822505079927701,0.01269393335050356,0.7262605792774822,0.10716565316098844,0.6756482528413662,10.79831984114359,0.0421706356319358,0.03997603874227007,0.014032562383422464,0.75
63.20362950500021,4.185167342487766,9.846317763527914,0.004299548178912491,0.7143805080063675,0.12966914793480386,0.73906867225318,10.78877746528073,0.04263932102517955,0.03983272046964004,0.01948503481943478,0.75
63.236727360999794,4.185080826824241,9.869799956496914,-0.0025954699057437764,0.704465789069985,0.17267768104174608,0.790731835930909,10.779620337408074,0.0433637862896839,0.03991923613316484,0.024519761957854897,0.75
63.29412093500105,4.185080826824241,9.869799956496914,-0.0025954699057437764,0.704465789069985,0.19941150369677474,0.8109147524845296,10.779620337408074,0.0433637862896839,0.03991923613316484,0.0,0.75
63.308710688001156,4.184753287576979,9.892970545461692,-0.0098261774178651,0.6951176689433393,0.2197614507853023,0.876919257668844,10.77085020783264,0.044590841509129085,0.0402467753804272,0.007719426530324435,0.75
63.3412351930001,4.1842037431664805,9.915763124207567,-0.016486332314958194,0.6837773623762461,0.2507903045511265,0.9363332045198898,10.762474327020477,0.046133769097228515,0.04079631979092557,0.015528328987422393,0.75
63.41350600599981,4.1842037431664805,9.915763124207567,-0.016486332314958194,0.6837773623762461,0.3267176563884095,1.0002007413750054,10.762474327020477,0.046133769097228515,0.04079631979092557,0.0,0.75
63.46028433700121,4.183413491893684,9.938195422133656,-0.023707538183907122,0.6729689377826819,0.3798214077889631,1.087852592169879,10.754501630345569,0.048178530554639484,0.04158657106372221,0.00838070941640216,0.75
63.524521470000764,4.182509229603717,9.960258962207206,-0.027127868699002747,0.6619062022064987,0.4145446082667088,1.0886326015474055,10.74681715862335,0.050623448364090946,0.042490833353689084,0.00966098547319112,0.75
63.56046439400052,4.18159957057483,9.9820999113286,-0.027289770866608894,0.6552284736418316,0.43115243234029177,0.9773817921491728,10.73926292716131,0.05315587450705368,0.043400492382575706,0.01923781017279481,0.75
63.63411760500094,4.180679656648957,10.003778047699258,-0.02759741777621009,0.6503440911197755,0.448759843486178,0.9507709689733526,10.731819526833664,0.05649543550696134,0.04432040630844902,0.0102263008237547,0.75
63.657454015999974,4.179716266815426,10.025411131761832,-0.028901695005934227,0.6489925218772099,0.48119935936816366,1.039060387563578,10.724472191770412,0.059873158840377264,0.045283796141980304,0.020472250422703276,0.75
63.69259770200006,4.178644705950748,10.047115982551455,-0.03214682594034266,0.6511455236886756,0.47835646884212735,1.0199372536272393,10.717236571507087,0.06423869562315887,0.04635535700665816,0.03027855427203576,0.75
63.74274633800087,4.177752483983468,10.06913360935056,-0.02676665901839582,0.6605288039731664,0.47835646884212735,1.0199372536272393,10.709756282398002,0.06903510748344925,0.04724757897393772,0.030217321504665107,0.75
63.785450076000416,4.1768805176882156,10.11478274992118,-0.009108713648659967,0.6935137238520412,0.5105953463968966,0.9824042110265545,10.693467949667285,0.08033590548073169,0.062435133403577696,0.0488524874670338,0.75
63.85102061700127,4.17709144827459,10.13874963077418,0.006327917591229436,0.7190064255900479,0.5523280617074995,0.9293199463171978,10.684363276002784,0.08682061745144183,0.07895419638065955,0.03509928895712478,0.75
63.871953756999574,4.1777718205206344,10.163770332389449,0.020411167381328633,0.7506210484580456,0.6534012995376793,0.9312886284491714,10.674479661408881,0.09237305866777451,0.09616540833395186,0.04575521611128771,0.75
63.891426416001195,4.1777718205206344,10.163770332389449,0.020411167381328633,0.7506210484580456,0.6534012995376793,0.9312886284491714,10.674479661408881,0.09237305866777451,0.09616540833395186,0.04575521611128771,0.75
63.97170360900054,4.180997879328404,10.216867919176282,0.05850383185238883,0.8097430183992634,0.7448076347836793,0.8925994233357795,10.652010036937158,0.10155724617841765,0.09400218437405972,0.027443755783768523,0.75
63.99385546200028,4.183617473816142,10.24476185944724,0.07858783463213548,0.8368182081287209,0.8392481192343305,0.8630517480741665,10.639431541486474,0.10551267311222663,0.09138258988632231,0.04102727550456302,0.75
64.02769827300108,4.186798063152771,10.273571602865815,0.09541768009886023,0.8642923025572828,0.8650477223344399,0.8415784361898694,10.626058861078578,0.11026694549453896,0.08820200054969352,0.054349350656784395,0.75
64.12640647400076,4.190498318676992,10.303208382637816,0.11100766572664661,0.8891033931600698,0.9880552711458563,0.7656675395763409,10.611967308553831,0.11514758893990347,0.08450174502547192,0.05090159306056131,0.75
64.19441490099962,4.194821812535977,10.333514080645246,0.1297048157695582,0.9091709402228952,0.989537598193553,0.7636954403164218,10.59712088758596,0.12179460198662007,0.0806290202688499,0.03471407673684183,0.75
64.21126787800131,4.199607003982747,10.364438130846986,0.14355574340307936,0.9277215060521982,1.0147427988646878,0.7299294843697297,10.58169192302712,0.1294134985702619,0.08508506028182371,0.05232239661692613,0.75
64.2398020060009,4.204687188478884,10.395942939617804,0.1524055348841209,0.9451442631245044,1.0336190851750362,0.7027047440449627,10.56585322368341,0.1384900223504967,0.09988283576482064,0.07053177164154785,0.8
64.30137423700035,4.210346256520948,10.42791482713884,0.16977204126193304,0.959156625631081,1.0298196105955788,0.6483988394593649,10.549382004774309,0.15104584917293118,0.11848880885054025,0.0505332115343245,0.8
64.32466722699974,4.21658151641393,10.46038847032647,0.1870577967894717,0.9742092956288795,0.9889139265876543,0.5949677821728696,10.53227102806528,0.1634405675030773,0.1370421476055569,0.07583171273848291,0.8
64.35937984700104,4.223577944238795,10.493355613647825,0.20989283474594755,0.9890142996407023,0.9597848705349024,0.5333958565023473,10.514351922640406,0.17748395620876434,0.15540621664539256,0.10110449334614102,0.8
64.42949453999972,4.240941945397082,10.560528939087272,0.2802051933890482,1.0123986210897176,0.9297837449682627,0.4361988425091749,10.475155422000638,0.2060003503292488,0.19062672761091984,0.08903413915563657,0.8
64.45327002399972,4.240941945397082,10.560528939087272,0.2802051933890482,1.0123986210897176,0.910065908713507,0.3700259270215541,10.475155422000638,0.2060003503292488,0.19062672761091984,0.08903413915563657,0.8
64.5225649210006,4.251693097382139,10.594491307201565,0.32253455955171045,1.018871043428812,0.900463728485868,0.3374328586435037,10.453599382195398,0.22054458546687317,0.20703953593548996,0.028821335458083224,0.8500000000000001
64.5360836430009,4.263758969416423,10.628650643655556,0.36197616102849905,1.0247800936197358,0.9327669485576979,0.32663168976378465,10.430815115106242,0.23426024744841983,0.22266197444656727,0.05741388162919403,0.8500000000000001
64.55423573900043,4.277291414335247,10.662779328462817,0.40597334756472436,1.0238605442177933,0.9774922020276824,0.25012590877085666,10.40673291209756,0.24814085707396422,0.2372257153386262,0.08579054854794153,0.8500000000000001
64.64269199000046,4.29223636760372,10.696706094676848,0.4483485980541858,1.0178029864209677,0.9731852403724092,0.18156114029856174,10.381456394695533,0.2609476837876346,0.25064788399164495,0.03171394060550752,0.8500000000000001
64.64415453900074,4.29223636760372,10.696706094676848,0.4483485980541858,1.0178029864209677,0.9944156674446026,0.19512971532931997,10.381456394695533,0.2609476837876346,0.25064788399164495,0.03171394060550752,0.8500000000000001
64.6785017050006,4.308434810392255,10.730350580071699,0.4859532836560566,1.009334561845507,1.0773981178496845,0.09389838390740307,10.355157462615491,0.27362987440018294,0.2629840990234406,0.06298616738565865,0.8500000000000001
64.75082122999993,4.3257925164494235,10.763595589145092,0.5207311817150624,0.9973502722017821,1.1214573567841728,0.04275967121342791,10.327958478047254,0.285497079139334,0.2742181187209787,0.033816518943998355,0.8
64.75332943800095,4.344171198468831,10.796347532363585,0.5513604605822158,0.9825582965548015,1.13411890906684,0.010654738411673303,10.300015302498597,0.2972080072908992,0.2843815491826175,0.0671750066835692,0.8
64.77555087099972,4.344171198468831,10.796347532363585,0.5513604605822158,0.9825582965548015,1.1536882244701006,-0.05526795165923596,10.300015302498597,0.2972080072908992,0.2843815491826175,0.0671750066835692,0.8
64.86001096400105,4.383123427820497,10.85830480177842,0.5957930330427899,0.9062649401084295,1.1727029946990521,-0.11938039199954338,10.243352872821658,0.31834289109231634,0.3006485690127526,0.06809574133678795,0.7000000000000001
64.88013027899979,4.403826040943699,10.886614269462942,0.6210783936960464,0.8492840305356748,1.0932527702929737,-0.18178466017374897,10.214775440385399,0.32769649218069213,0.30602742745656203,0.09957900157830599,0.7000000000000001
64.92317924500094,4.425516942969132,10.912933371188485,0.6507270607629925,0.7895730517662908,1.0461094681866447,-0.2319363430872719,10.185922448029011,0.3349808759651366,0.30930005884919415,0.12811636641382773,0.65
64.97549858500133,4.448334766530769,10.937455428020325,0.6845347068491018,0.7356617049551969,1.0268170885947652,-0.2597228621644624,10.156590468691586,0.3423542346379895,0.3105051337512799,0.06375166067190745,0.65
64.98839596300058,4.472303050521752,10.960428906754329,0.7190485197295046,0.6892043620201271,0.9609506109172811,-0.27251846071689745,10.126670489382805,0.3486337210606196,0.31066505509014475,0.09399381281017655,0.6000000000000001
65.04328458500095,4.497325136188992,10.982088458596058,0.7506625700171772,0.6497865552518631,0.863300802113895,-0.30370106458227397,10.096174370527068,0.3535779485073681,0.3125104403938055,0.1234084793886623,0.6000000000000001
65.10606337700119,4.523405981807877,11.00250296626794,0.7824253685665515,0.6124352301564396,0.8127318959628427,-0.392523310955907,10.065070335732981,0.35950697571857254,0.3162097010875673,0.0629215007509174,0.55
65.13541954500033,4.550612641601547,11.021575938574738,0.816199793810102,0.5721891692039386,0.7652189558164986,-0.44161218743842645,10.0333191727714,0.3662213048988202,0.32160445395967074,0.09361261118211342,0.55
65.20111988900135,4.578957983569853,11.039440501008523,0.8503602590491918,0.5359368730135461,0.7065814935546344,-0.47391106298494107,10.00086323901568,0.3716549438390774,0.32878079395098136,0.06581296140695314,0.55
65.2341657270008,4.607949780795511,11.055749347100676,0.8697539167697593,0.48926538276460135,0.6101266455992541,-0.5130165648388217,9.968273641989265,0.3766569242263707,0.33747706014982665,0.0981341104614306,0.5
65.26914698099972,4.637321889692224,11.070501236555973,0.8811632669013848,0.4425566836589059,0.5789917101698957,-0.5231859485801613,9.935800912709897,0.3822827667406894,0.34754947744905124,0.1296707208106658,0.5
65.34411978299977,4.696824984618429,11.095142540936608,0.8962777235618563,0.34573866061948855,0.48558326330562884,-0.6139377217566031,9.871619356477694,0.3902093599806225,0.37014238112165465,0.09566175067721938,0.5
65.42281889500009,4.727003861019454,11.10519282502589,0.9053662920307566,0.30150852267842804,0.39649044308373277,-0.6129737972048576,9.839813343586384,0.39294720305411457,0.3801926652109362,0.0318083761154763,0.45
65.45532880000064,4.757386440227081,11.113933014612314,0.911477376228806,0.26220568759271345,0.3071735694835009,-0.5656135758187756,9.808212078073918,0.3944054033195508,0.37811348769584496,0.06340955611259333,0.45
65.63976181399994,4.84871458711785,11.132341091688875,0.9108938034806945,0.1464824486451378,0.37687960037385687,-0.6522457774122292,9.715620473581934,0.38886740647244006,0.3653929617214184,0.09106980208001524,0.45
65.64159192100124,4.84871458711785,11.132341091688875,0.9108938034806945,0.1464824486451378,0.4703476612161316,-0.6282702417254972,9.715620473581934,0.38886740647244006,0.3653929617214184,0.09106980208001524,0.45
65.75766387499971,4.9389864135649315,11.141271633658166,0.8994892622473628,0.06558523225242661,0.27009152022115984,-0.6406720536662132,9.626954008233534,0.38282886169494423,0.3662714730981538,0.09071249765030905,0.45
65.78147554000134,4.96889739811232,11.142879027344671,0.8973295364216505,0.0482218105951535,0.20949870383926478,-0.6092596252103899,9.597999748547503,0.38107962454377253,0.3678788667846593,0.12064392295684978,0.45
65.79246271000011,4.96889739811232,11.142879027344671,0.8973295364216505,0.0482218105951535,0.17849475824151675,-0.5981761680381035,9.597999748547503,0.38107962454377253,0.3678788667846593,0.12064392295684978,0.45
65.8596471740002,4.998756569877378,11.14405700792619,0.8957751529517584,0.035339417445563015,0.14659956033576738,-0.5867864065929831,9.569233561092574,0.3792560794245311,0.3690568473661777,0.0596414434485119,0.45
65.86161133300084,5.02803678597215,11.144328792122682,0.8784064828431457,0.00815352589478318,0.1748556984721407,-0.5772596421374205,9.541305405747657,0.377479680547317,0.36932863156267004,0.08872017280551339,0.45
65.90110033000019,5.056314894880286,11.143389200206265,0.8483432672440722,-0.02818775749250558,0.12632450642251067,-0.5707793451488673,9.514714273272798,0.3746400538069846,0.368389039646253,0.11665140360105797,0.45
65.93047536300037,5.083371385576665,11.14121672488054,0.8116947208913945,-0.06517425977176776,0.0932508482164758,-0.5625258952232018,9.489678078816178,0.3712822743281105,0.36621656432052774,0.14321466877209182,0.45
65.98392854700069,5.1091774184014,11.137904197111563,0.7741809847420161,-0.09937583306929838,0.14903120783862703,-0.5705398758910021,9.466197876617233,0.36684762108600755,0.36290403655155146,0.07828405339705766,0.45
66.08119088000058,5.15804830809433,11.127549967153238,0.7196098879081549,-0.17414258930474857,0.23417339563168457,-0.5802672778249471,9.423054667046424,0.3551224136711515,0.35254980659322577,0.04276872409981862,0.45
66.1080844090011,5.181089268016497,11.120627512996165,0.6912287976650151,-0.20767362471216877,0.3000290318495239,-0.5958012865478759,9.403383915453304,0.3477174235966296,0.3456273524361535,0.06226316855781259,0.45
66.18852707299993,5.203044107264207,11.112665918910348,0.6586451774312992,-0.23884782257448167,0.338963675110294,-0.5672269508809418,9.38509398297779,0.33938545682211807,0.33766575835033663,0.036658850420386274,0.45
66.21195867200004,5.223857539265008,11.10375872038766,0.6244029600240455,-0.26721595568065143,0.3982791707997486,-0.5547488504678016,9.368210436839878,0.3301489437494142,0.3287585598276479,0.052890252382629205,0.45
66.30737856500127,5.262467229882795,11.083547225067184,0.5651748617280251,-0.31402070033118734,0.39297198776795,-0.5109643597691691,9.338146111851932,0.3095316965829056,0.30854706450717195,0.030610905121363403,0.5
66.3212961040008,5.262467229882795,11.083547225067184,0.5651748617280251,-0.31402070033118734,0.40352379378215775,-0.45696821010914646,9.338146111851932,0.3095316965829056,0.30854706450717195,0.030610905121363403,0.5
66.44120076699983,5.2975087010702655,11.06083249007343,0.5104562863330727,-0.3488623456011657,0.38685298348325353,-0.40929320518746487,9.31237844060941,0.2865481708601086,0.2858323295134184,0.021274859258308926,0.5
66.44429600700096,5.31371677817342,11.048711057386809,0.4862423130946398,-0.3636429805986176,0.44379195023545887,-0.3978590789821169,9.301028817580601,0.27432063506971577,0.27371089682679717,0.03034842620287716,0.55
66.4688333080012,5.3293293001324,11.036160163229395,0.4683756587693879,-0.37652682472241783,0.4818763308707715,-0.3581424554237048,9.290413288487146,0.26168171838635823,0.2611600026693832,0.037575706310129874,0.55
66.5289890969998,5.344455461824942,11.02324946623846,0.45378485077623526,-0.38732090972808536,0.48337192877568624,-0.3098901430887212,9.280406995760963,0.2487093159040693,0.24824930567844739,0.010886345908290181,0.55
66.54130062799959,5.359434498712112,11.010027228598055,0.4493711066150984,-0.39666712921210323,0.5520482623732121,-0.3153373836750377,9.270675110816331,0.23542597660142067,0.2350270680380433,0.01572938474911011,0.55
66.58762464699976,5.374351701083255,10.996567138341561,0.44751607113431313,-0.40380270769481125,0.5742531095508073,-0.26706184980134356,9.261114067066131,0.22190518819418567,0.2215669777815492,0.01844817220108877,0.6000000000000001
66.65848843300046,5.389324813635978,10.982989115168676,0.4491933765816866,-0.40734069518652005,0.6666795813053218,-0.2840171918583105,9.251573869266505,0.2082890910836271,0.2079889546086644,0.00010969558680495836,0.6000000000000001
66.6934694570009,5.404349254336768,10.969429444738461,0.45073322102371144,-0.40679011290644085,0.7305402106473102,-0.2603764554420782,9.242013519359515,0.1946912323738701,0.19442928417844918,0.00026760504006164315,0.6000000000000001
66.75854659499964,5.419420573304962,10.956052054679652,0.45213956904582886,-0.4013217017642821,0.7337446292321101,-0.22565586736370208,9.232381483996702,0.1812755341558294,0.18105189411964062,0.0034293637695894746,0.6000000000000001
66.76080302100127,5.4346357735405615,10.9428523844592,0.45645600706797584,-0.39599010661356543,0.8033665803566259,-0.2382142084069363,9.222587394192473,0.16804677359662293,0.16785222389918886,0.006631868472847376,0.65
66.8684884180002,5.465723828710952,10.917397844519162,0.4704138885834648,-0.37541718410685376,0.8558106155508016,-0.17749529093450506,9.20215634958248,0.1425430077113224,0.14239768395914965,0.000322132313980937,0.65
66.91143382700102,5.481699529676025,10.90534273696501,0.47927102895219026,-0.3616532266245373,0.7661562382970416,-0.12802633726998922,9.191351262194729,0.13046670881542669,0.13034257640499902,0.00023718172378510617,0.65
66.97622430000047,5.4980546203173875,10.893813265200794,0.4906527192408946,-0.3458841529265086,0.7364518435935322,-0.1104463979969266,9.180038000653669,0.11892110946027472,0.11881310464078254,0.006053721645119408,0.7000000000000001
66.97778516300059,5.4980546203173875,10.893813265200794,0.4906527192408946,-0.3458841529265086,0.755826955871551,-0.08260928790942312,9.180038000653669,0.11892110946027472,0.11881310464078254,0.006053721645119408,0.7000000000000001
67.00235420399986,5.5149813312501035,10.882823217020526,0.5078013279814891,-0.3297014454080334,0.784726695765246,-0.04108496792007074,9.16802988628017,0.10791436956153841,0.10782305646051427,0.008017933414994616,0.7000000000000001
67.11295621499994,5.570441800701662,10.853298180386128,0.5796219361730569,-0.2770150935418488,0.7794664011522758,-0.020372274547733257,9.12657853637942,0.078351592107137,0.07829801982611606,0.007040458241307527,0.7000000000000001
67.2268104850009,5.570441800701662,10.853298180386128,0.5796219361730569,-0.2770150935418488,0.8214044849242195,0.0074055946436587805,9.12657853637942,0.078351592107137,0.07829801982611606,0.0,0.7000000000000001
67.26218934600001,5.590641987544563,10.84470355381268,0.6060056052870312,-0.25783879720343755,0.8925021545750983,0.0060872777617800855,9.110769931059577,0.06974820745959982,0.06970339325266828,0.00433342378367569,0.75
67.30882628200015,5.6117905104521935,10.836882290615124,0.6344556872289193,-0.23463789592667542,0.9572263584834898,0.012614634862603058,9.093824141897105,0.061918873832010876,0.06188213005511223,0.007717733875971969,0.75
67.32742647300074,5.633628167303154,10.829837285970038,0.6551297055288305,-0.21135013935259916,0.9557502748619324,0.026758965718547828,9.07598017768408,0.05486678934581466,0.05483712541002639,0.01119738900432152,0.75
67.36316488500051,5.65603689033415,10.82358620884411,0.6722616909298778,-0.18753231377781113,0.9557787260155083,0.03240263625497755,9.057339583358585,0.048610410062431275,0.04858604828409874,0.014503380856037817,0.75
67.4184080720006,5.67894057868171,10.818145048974875,0.6871106504268101,-0.16323479607704655,0.9776065526947668,0.03910370811659028,9.0379651303234,0.04316418997688301,0.0431448884148633,0.009915472411378815,0.75
67.44050537200019,5.70214333400459,10.813632209571079,0.6960826596863676,-0.13538518211386533,1.0782131879587298,0.037853111760038805,9.017993670244628,0.03864797040913376,0.03863204901106698,0.013860213980977478,0.75
67.52929591700013,5.725624469381692,10.81004853355058,0.7044340613130571,-0.10751028061496427,1.1788093786560228,0.03876915820738969,8.997441090633012,0.03506090988854777,0.035048372990567955,0.005287196049064761,0.75
67.53119049599991,5.749268093100373,10.807251105566824,0.7093087115604177,-0.08392283951269142,1.2125243170912765,0.042671115133214366,8.97646470848643,0.03226140051403466,0.032250945006811804,0.009802093598531385,0.75
67.57324453799993,5.749268093100373,10.807251105566824,0.7093087115604177,-0.08392283951269142,1.2491571826810306,0.04589480315232353,8.97646470848643,0.03226140051403466,0.032250945006811804,0.009802093598531385,0.75
67.59004946599998,5.773334384233667,10.805279743491955,0.7219887339988497,-0.05914086224605163,1.2491568708541814,0.04590328961839124,8.954805516895929,0.03028791983684135,0.030279582931942883,0.01323143976723786,0.75
67.66414434500075,5.797981517387882,10.803995986789138,0.7394139946264392,-0.038512701084510534,1.1800244050378663,0.0421096667910591,8.932365495250142,0.02900285621695875,0.02899582622912611,0.010644436859399873,0.75
67.70582577800087,5.8233327297863395,10.803343232098603,0.7605363719537221,-0.019582640716062444,1.1116372990774523,0.0411174668052115,8.909049721893808,0.028348821513250782,0.028343071538591502,0.01366980850121817,0.75
67.74122455399993,5.8233327297863395,10.803343232098603,0.7605363719537221,-0.019582640716062444,1.0786275316912042,0.04000714146401069,8.909049721893808,0.028348821513250782,0.028343071538591502,0.01366980850121817,0.75
67.80008086700036,5.876616867687015,10.803735678532478,0.8132391708663178,0.014035774113208627,0.9427600868087648,0.033504329594768456,8.859423718153991,0.02873995355588035,0.028735517972465985,0.012235768924313342,0.75
67.86625133500092,5.904683758128328,10.804807342529983,0.8420067132393702,0.03214991992517064,0.9073357118771557,0.028680553558595168,8.832978147495325,0.029811504386768238,0.029807181969971452,0.009756394687938139,0.75
67.9064204160004,5.963735904051781,10.808590891603059,0.899863781941906,0.06575786212015321,1.0091853996689393,0.02682688408453532,8.776797101326567,0.0335955723831244,0.03359073104304677,0.0104685086317321,0.75
67.98163451100118,6.026246807517356,10.814816879949792,0.9495585966684241,0.10337123084459829,1.1439339208880468,0.0172856983336932,8.71653134827074,0.0398237546287214,0.03981671938977982,0.0005609732265078338,0.75
68.01007547399968,6.026246807517356,10.814816879949792,0.9495585966684241,0.10337123084459829,1.178600927282535,0.010803790454953499,8.71653134827074,0.0398237546287214,0.03981671938977982,0.0005609732265078338,0.75
68.03965885800062,6.058425466118683,10.81883889185129,0.9653597580398194,0.12066035704494966,1.2441076150006984,-0.0014434478116561733,8.68521382589952,0.043848038167431734,0.043838731291277355,0.0011048374955599455,0.75
68.0871656140007,6.090534449744476,10.823306025648618,0.9632695087737929,0.13401401391985007,1.2499164793573088,-0.01444972771475983,8.653800425378474,0.04831818620064103,0.048305865088606126,0.003945869957212728,0.75
68.14352459800102,6.153784447423258,10.833167900465895,0.9441921156665813,0.15081527787098237,1.2497471727835563,-0.025139692112435164,8.591538487055674,0.05818973741366557,0.05816773990588331,0.011297139154896657,0.75
68.19743602299968,6.153784447423258,10.833167900465895,0.9441921156665813,0.15081527787098237,1.2490541557824482,-0.04861806169105942,8.591538487055674,0.05818973741366557,0.05816773990588331,0.009082223736086251,0.75
68.23454749700068,6.216061954525079,10.843706076912868,0.9323083781128224,0.16062087629202165,1.2490240946151008,-0.04938432009178151,8.529943095848946,0.06874490974405914,0.06870591635285628,0.01923638378208655,0.75
68.30969826300134,6.2473795048983165,10.849127740131058,0.9395265111971077,0.16264989654571804,1.2477585470343757,-0.07482384848872325,8.498930467422145,0.07418067546793246,0.0741275795710461,0.009517003858522463,0.75
68.33356106100109,6.279266879000135,10.85459169426717,0.9566212230545461,0.1639186240833599,1.1846426327837785,-0.09134759445645796,8.46738103670928,0.07966202970385619,0.07959153370715732,0.01878431474109366,0.7000000000000001
68.3608905000001,6.311787449147017,10.860152485970955,0.9756171044064801,0.16682375111359812,1.1606646952691761,-0.10209348202924945,8.435215862763922,0.0852492274284471,0.08515232541094342,0.027108177520134648,0.7000000000000001
68.42145044900099,6.311787449147017,10.860152485970955,0.9756171044064801,0.16682375111359812,1.1544821117560122,-0.1152444731925466,8.435215862763922,0.0852492274284471,0.08515232541094342,0.0,0.7000000000000001
68.52424943299957,6.3449380245179,10.865878994380958,0.9945172611264659,0.17179525230009413,0.9630532267005776,-0.1568240407680307,8.402411851519458,0.09101242647101077,0.09087883382094653,0.0137569749350797,0.7000000000000001
68.54378817100041,6.3786653170695065,10.871859170714728,1.011818776548212,0.17940529001311875,0.9217935117586956,-0.17969039753960794,8.368984556057201,0.09703936609514778,0.09685901015471643,0.027415888812186786,0.7000000000000001
68.59071276800023,6.412947286064329,10.87805112082516,1.0284590698446694,0.18575850331298474,0.8957111687858843,-0.21508367438261083,8.334970546249204,0.10330313469850874,0.10305096026514882,0.03938712343807001,0.7000000000000001
68.64018597700124,6.447729257312518,10.884431713683734,1.0434591374456859,0.19141778575721258,0.8957111687858843,-0.21508367438261083,8.300429321628716,0.10978507440876323,0.10943155312372177,0.03508346417510348,0.7000000000000001
68.68456221800079,6.482987517139197,10.890872186245174,1.0577477948003595,0.19321417684321196,0.7591076589267729,-0.2168688472192758,8.265432867616319,0.11635940662166429,0.11587202568516197,0.04974204870523407,0.7000000000000001
68.74555109799985,6.518666345259744,10.897479459763074,1.0703648436164117,0.19821820553699346,0.706012270615451,-0.25928056904814584,8.229991360574848,0.12315938967816108,0.12247929920306255,0.023045404872644816,0.7000000000000001
68.7595392100011,6.554786601342399,10.904129419526654,1.0836076824796512,0.19949879290741995,0.6409453620448312,-0.2422186267065218,8.194134121334432,0.1300989848056434,0.12912925896664262,0.045230858725210966,0.65
68.87753430799967,6.627840121139897,10.916851496326263,1.098756958593693,0.18876881620345926,0.6339866979232666,-0.28771270283506867,8.121921426096597,0.1437263550527025,0.1418513357662512,0.04131908110232303,0.65
68.89722738599994,6.627840121139897,10.916851496326263,1.098756958593693,0.18876881620345926,0.6626893050357554,-0.30764143054452503,8.121921426096597,0.1437263550527025,0.1418513357662512,0.04131908110232303,0.65
68.92528669400053,6.664460456408789,10.923051390676699,1.098610058066748,0.18599683051309637,0.6911599038676853,-0.3274132399435621,8.085805511548607,0.15074362224853943,0.1480512301166872,0.0620835826909951,0.65
68.9839119340013,6.700966958983467,10.92896864985767,1.095195077240339,0.17751777542909605,0.7339510713668637,-0.4171117575752946,8.049914891825866,0.15776618295807876,0.15396848929765738,0.049476493717749884,0.65
69.01737886400042,6.737016660089127,10.93453108273333,1.0814910331697996,0.16687298626980915,0.7083115289011124,-0.48114266156683727,8.014594009055386,0.16471432716047177,0.15953092217331744,0.07247387092119659,0.65
69.07761406200007,6.772302483663136,10.939549628346168,1.0585747072202651,0.15055636838514433,0.7116766875816499,-0.544793943916148,7.980200338501302,0.17175804443673007,0.16454946778615565,0.027562120342505738,0.65
69.18687963699995,6.84016303787056,10.947848549387679,1.0038824745395043,0.11512160491234359,0.7024680773669506,-0.7155415798153051,7.914625163853192,0.18574505291102655,0.17284838882766707,0.05264123709336024,0.65
69.23518616300134,6.872780027154918,10.950880860962,0.978509678530745,0.09096934722961526,0.7327613189692979,-0.8136054232453758,7.883505558299956,0.1931574009452298,0.17588070040198822,0.07724788280178306,0.6000000000000001
69.3050908510013,6.9047332025217445,10.953028424276038,0.9585952610048043,0.06442689942112319,0.7220772133419898,-0.9140476345366411,7.853361979770672,0.19998885611921743,0.1780282637160262,0.054670083368282066,0.6000000000000001
69.33843548200093,6.936091070199065,10.954309974101669,0.9407360303196013,0.0384464947689222,0.6976654369069818,-0.977435128537704,7.824126589819327,0.2078087630413617,0.1793098135416571,0.0804769972809354,0.6000000000000001
69.36874792100025,6.966943244852955,10.954722721782272,0.925565239616724,0.012382430418102545,0.6800179886322256,-1.0064443619728145,7.795721123091924,0.2153897801443047,0.1797225612222597,0.10535150490524268,0.6000000000000001
69.44840112100064,6.9974353132683875,10.95433016909467,0.914762052462961,-0.011776580628038909,0.5781634813953583,-0.9761667595793708,7.767989689377483,0.22314295523308594,0.18072794631391795,0.07855324371167687,0.6000000000000001
69.51825959400048,7.027623926889568,10.953038296849853,0.9056584086354028,-0.03875616734450768,0.5001622006381031,-0.9244026106018217,7.740921862452728,0.232630290191269,0.18565248373197302,0.05289429376766073,0.6000000000000001
69.52783291600099,7.057514657618367,10.950473811680059,0.8967219218639841,-0.07693455509379617,0.4786467241479426,-0.8970006795614774,7.714668820407865,0.24096510374689945,0.19390630161721495,0.07814060732090712,0.6000000000000001
69.55264869799976,7.057514657618367,10.950473811680059,0.8967219218639841,-0.07693455509379617,0.42794404135611874,-0.8533301534728178,7.714668820407865,0.24096510374689945,0.19390630161721495,0.07814060732090712,0.6000000000000001
69.66794173800008,7.087161107974153,10.946563234625392,0.8893935106735901,-0.11731731163998138,0.4707237854527939,-0.8459607737600345,7.689217954950072,0.24922406252267673,0.20497311826115078,0.022984578525978034,0.65
69.75052301300093,7.145879103829347,10.934717448865845,0.8780578273742085,-0.19878945534521714,0.4720679416835149,-0.7948749649031698,7.64060279474543,0.26911266525079924,0.233766877221025,0.048710443168778365,0.65
69.75830520800082,7.145879103829347,10.934717448865845,0.8780578273742085,-0.19878945534521714,0.4720679416835149,-0.7948749649031698,7.64060279474543,0.26911266525079924,0.233766877221025,0.048710443168778365,0.65
69.8430613090004,7.204214485561037,10.917261919654283,0.8733605449507297,-0.28528312468461553,0.3912450745387132,-0.7334630298208961,7.594845590874706,0.28701410517155657,0.26267329815191387,0.047015137624527574,0.65
69.95365221999964,7.204214485561037,10.917261919654283,0.8733605449507297,-0.28528312468461553,0.28048770286902913,-0.6139766194723127,7.594845590874706,0.28701410517155657,0.26267329815191387,0.0,0.65
69.96923710200099,7.233251380046155,10.906175271127331,0.8711068345535253,-0.3325994558085752,0.3348753034580283,-0.6547092530783556,7.573160041118675,0.2958530569352098,0.27536603879290056,0.015922812641960455,0.65
70.06415614700018,7.289554636233026,10.879923521482164,0.8342113583540713,-0.4121244268566861,0.4394949450067109,-0.7415344723914629,7.533329846778176,0.31066527482099177,0.2966156628534107,0.0340702838389714,0.7000000000000001
70.10640544499984,7.316507825340056,10.865150324535595,0.808595673210907,-0.443195908397081,0.4685157404175697,-0.8026026526858151,7.515318922475935,0.3170131944780411,0.3052282179048723,0.046807635393801963,0.7000000000000001
70.15750894899975,7.34267633684298,10.84948014435952,0.7850553450876998,-0.4701054052822594,0.4519430762897459,-0.8394275424400038,7.498486675361556,0.3223843881272746,0.312651659177229,0.058177650847583876,0.75
70.21168321100049,7.3932514775711065,10.816098674246602,0.7485638890278481,-0.5097514054860652,0.4069633275673865,-0.8394100235733553,7.467562096185546,0.3320578826652268,0.3248094202627314,0.04245387450021344,0.75
70.28249555399998,7.417623658447014,10.798625899175125,0.73116542627722,-0.524183252144311,0.34303643326748134,-0.8493177975221216,7.453403552991366,0.33614812693004714,0.3296880368932022,0.04714646511496616,0.8
70.30567342900031,7.441187193731605,10.780919090225613,0.70690605853772,-0.5312042684853846,0.31982449113764905,-0.9051077033789326,7.4401670730268386,0.33974609873673195,0.33382936780029027,0.06114663089991839,0.8
70.32223074300055,7.441187193731605,10.780919090225613,0.70690605853772,-0.5312042684853846,0.2874524851580407,-0.9172326642779047,7.4401670730268386,0.33974609873673195,0.33382936780029027,0.06114663089991839,0.8
70.3522680469996,7.463855343178225,10.763170217765698,0.6800444833985833,-0.5324661737974538,0.22384353033773924,-0.9410625870987077,7.427842816179541,0.3427374916811962,0.33730782191612413,0.0738399705802548,0.8
70.39187998499983,7.485668362860857,10.745468018033499,0.6543905904789579,-0.5310659919659579,0.19301178786705414,-0.9551015672372318,7.416351382188944,0.3456346021341742,0.3402146105793127,0.028802700106258464,0.8
70.42415087200061,7.506894979972653,10.727797484706693,0.6367985133538637,-0.5301159998041604,0.12832132745998337,-0.9777490170485625,7.405456340379052,0.3481403344773866,0.34272914153814615,0.04306307614239935,0.75
70.50961072000064,7.548256157762314,10.692585687907142,0.6188214928347172,-0.5284293680535218,0.014964899139250032,-1.0215615786162986,7.384837145702989,0.3531532473642526,0.34707741053635216,0.03632474578600703,0.75
70.5507197220013,7.5686598747921545,10.674568828533541,0.6121115108952131,-0.5405057812080374,-0.05235257865127585,-1.0995899377073228,7.3750920361446415,0.3553263175107009,0.348765173770807,0.05455705495235507,0.7000000000000001
70.61325852499976,7.588942253398622,10.656126155970933,0.6084713581940489,-0.5532801768782435,-0.07853953272356162,-1.1212177452161347,7.365740969730428,0.35749873562237255,0.35006604238980976,0.02504296835808122,0.7000000000000001
70.63125053600015,7.609196247120508,10.63729587247115,0.6076198116565628,-0.5649085049935174,-0.11388728650499669,-1.0255149713533738,7.356687653638683,0.359628757505891,0.351072757542303,0.05018054216194081,0.65
70.72363182800109,7.649199578901076,10.598233631225309,0.598100222023729,-0.5922546489314792,-0.15795628794369931,-0.9345093450267054,7.339972327899577,0.3633409892606753,0.3517382090411192,0.05252456591777771,0.65
70.73849328600045,7.668779539953355,10.577821763801559,0.5873988315683745,-0.6123560227125172,-0.18710210132675387,-0.9132429246303583,7.332553179709816,0.3648571829570643,0.3511499624045398,0.07876447289054471,0.6000000000000001
70.83351369100092,7.687865805257796,10.556626549302319,0.5725879591332314,-0.6358564349772009,-0.32529077275803253,-0.8217194691193641,7.326046706272861,0.3655786434656343,0.3496587101277201,0.02777528719743982,0.6000000000000001
70.8708694220004,7.706318983119469,10.534562816232436,0.5535953358501813,-0.6619119920964828,-0.418665919098219,-0.782523571132099,7.320621507564152,0.3665527659160582,0.347105662056145,0.05552741879765992,0.55
70.94130419599969,7.706318983119469,10.534562816232436,0.5535953358501813,-0.6619119920964828,-0.46845138674634723,-0.7349139000752016,7.320621507564152,0.3665527659160582,0.347105662056145,0.0,0.55
70.94958364200102,7.72407792888647,10.511623959813242,0.5327683730100389,-0.6881656925758163,-0.49351956922131845,-0.7115006461336182,7.316339580876425,0.3666418627437581,0.3434429121080397,0.028811528911511126,0.55
70.96558786300011,7.741246360976425,10.48787676926782,0.5150529626986429,-0.7124157163626916,-0.4941212789747054,-0.7060768596644363,7.313082939211796,0.3659748823321357,0.33879102739239025,0.057786568944028345,0.55
71.05246361200079,7.7579474641701385,10.463414768414898,0.5010330958114111,-0.7338600255876434,-0.5846843229618858,-0.5692085208050071,7.310703284486988,0.36643126954647326,0.33330324402946976,0.029597496674846135,0.5
71.07745271000022,7.774313958896334,10.438346820090564,0.4909948417858739,-0.7520384497300568,-0.6153165672332398,-0.5101245988817622,7.30903604455161,0.3670255217415443,0.32813746329652654,0.059482696239564696,0.5
71.1053744410001,7.789778296701465,10.412688097410086,0.4639301341539253,-0.7697616804143128,-0.6310689102747267,-0.479670418010988,7.308568054808076,0.3666166659600319,0.32455238674178316,0.0893055556601903,0.5
71.16224407400114,7.803830492517191,10.38656504494704,0.42156587447178706,-0.7836915738913773,-0.6555103507174993,-0.4190071323374902,7.309675070231609,0.3664883587840698,0.3222570333467126,0.028641075180235107,0.45
71.17739296000036,7.81634995234916,10.360055972519934,0.37558379495907934,-0.7952721728132228,-0.6555103507174993,-0.4190071323374902,7.3124167858531015,0.36718669492763867,0.3211305092215624,0.056510505178559545,0.45
71.21122423100132,7.827392892332624,10.33324959435491,0.3312881995039254,-0.8041913449506929,-0.6688001045363687,-0.5556391282820148,7.316693826147621,0.3676056538181321,0.32118426986573717,0.08358238362303225,0.45
71.24256339299973,7.827392892332624,10.33324959435491,0.3312881995039254,-0.8041913449506929,-0.6575939685142738,-0.5596299384543294,7.316693826147621,0.3676056538181321,0.32118426986573717,0.08358238362303225,0.45
71.27958863599997,7.8367028249524475,10.306217808819605,0.27929797859470284,-0.8109535660591539,-0.665493028872259,-0.4894454778446152,7.322682214672173,0.3663468188340204,0.3221100571236197,0.028590073008168182,0.45
71.32835279500068,7.844293472105164,10.279042599157577,0.22771941458151052,-0.8152562898608143,-0.6732359814657404,-0.42349463444854196,7.330319203295211,0.3647697329332044,0.3238345808878903,0.056779947184285424,0.45
71.384278163001,7.85012153429241,10.251835987744995,0.1748418656173657,-0.8161983423774725,-0.6798294558258621,-0.35667971852331937,7.339574040864361,0.36338640746248607,0.3262270700120989,0.027807402895267817,0.4
71.42465966300006,7.85631483179452,10.198056276250892,0.06519826174393488,-0.8016488929348363,-0.6701636416985186,-0.3018275683787834,7.3626604772306425,0.35638292661870713,0.33131471966328174,0.08148051748039736,0.4
71.43139098100073,7.85631483179452,10.198056276250892,0.06519826174393488,-0.8016488929348363,-0.6646180083124139,-0.2676959978533958,7.3626604772306425,0.35638292661870713,0.33131471966328174,0.08148051748039736,0.4
71.49447768100072,7.856668178126808,10.171820744307588,0.010600389968673123,-0.7870659582990962,-0.6592644050178571,-0.23462549926627538,7.376298834975886,0.35199278453351684,0.3316680659955704,0.10701588609180047,0.4
71.52643440999964,7.855384305870665,10.1460569082767,-0.03851616768431927,-0.772915080926645,-0.6592644050178571,-0.23462549926627538,7.391135984404075,0.3462587969284359,0.33038419373942673,0.1316959386019993,0.4
71.55483578799976,7.852477545575906,10.120832426795676,-0.08720280884277914,-0.756734444430734,-0.6592644050178571,-0.23462549926627538,7.407112216928676,0.3392742634450103,0.32747743344466773,0.1554585249182142,0.4
71.58743891000086,7.848127899941341,10.09602137580604,-0.13048936903693803,-0.7443315296890849,-0.6592644050178571,-0.23462549926627538,7.424132917620348,0.33161121354270934,0.3231277878101029,0.17846952699202717,0.45
71.6244510280012,7.842452914849607,10.071470343016587,-0.1702495527520006,-0.7365309836835927,-0.6592644050178571,-0.23462549926627538,7.442173521228128,0.3226701284502671,0.3174528027183694,0.20080601757456865,0.45
71.65568615600023,7.835633640445057,10.047089749473262,-0.20457823213653312,-0.7314178062997845,-0.6592644050178571,-0.23462549926627538,7.461123734770008,0.3127779026150501,0.31063352831381863,0.2220708773998813,0.45
71.6880811459996,7.8277999577488835,10.02295201687695,-0.23501048088520124,-0.7241319778893606,-0.6592644050178571,-0.23462549926627538,7.480829741860366,0.30194598051615257,0.3027998456176455,0.24280318861760997,0.45
71.76536625100016,7.809319095222296,9.976076432218928,-0.29116514628136747,-0.6934561516986546,-0.4025040145220334,-0.5561236470278791,7.521928731291927,0.2769118882641704,0.27879998139047024,0.0486768488680005,0.45
71.8023897109997,7.798610496944347,9.953768392052531,-0.3212579483384715,-0.6692412049919065,-0.37968361707219267,-0.4910033403459119,7.543125758991601,0.26213807997562566,0.25803655739155495,0.06187974401162259,0.5
71.85202281800048,7.78697065897896,9.93220038715892,-0.34919513896162846,-0.6470401468083123,-0.35371809928535025,-0.4693384932720509,7.564713680860024,0.24609787419788218,0.23753611100839755,0.006968761598433271,0.5
71.87427370899968,7.774507747008345,9.91129352836137,-0.37388735911843074,-0.6272057639264979,-0.3196086357953638,-0.5644145783609613,7.586640504742846,0.22808448493491804,0.2173702920056548,0.008861786150140981,0.5
71.89903052900081,7.761352119085751,9.89096710031825,-0.3946688376778252,-0.6097928412935717,-0.2944661367183364,-0.5860606739567782,7.608837947336115,0.2095775382583947,0.19768335596864337,0.009916950801934665,0.5024937810560445
71.97792745600054,7.734078842295222,9.851301882573601,-0.40705039145756816,-0.5952894800002326,-0.16571863856297808,-0.6224001445126799,7.6535212731876525,0.17302907995448616,0.16123840571985337,0.00507113849843805,0.552268050859363
71.9897106870012,7.734078842295222,9.851301882573601,-0.40705039145756816,-0.5952894800002326,-0.16571863856297808,-0.6224001445126799,7.6535212731876525,0.17302907995448616,0.16123840571985337,0.00507113849843805,0.552268050859363
72.07156306800061,7.720655930304053,9.831552662617117,-0.40268735973506664,-0.5924765986945335,-0.06635589740454526,-0.6012474607576257,7.675654593034777,0.1552672135911458,0.145803129662132,0.001261539379278011,0.5590169943749475
72.08611872300025,7.707536669068531,9.811927493356237,-0.3935778370656471,-0.5887550778264319,-0.006508095657141277,-0.5695908730109382,7.697477071062802,0.1378298698025427,0.13253655619223537,0.002689791587087703,0.5590169943749475
72.18443237700012,7.682474417505354,9.77271794085625,-0.36905307335919724,-0.5891222349476891,0.10323574932571963,-0.4859076346130572,7.740155335738464,0.10414555601024351,0.10747430462905783,0.00750574001812396,0.6184658438426491
72.20091346800109,7.670682002198304,9.752978707572716,-0.353772459211487,-0.5921769985060391,0.16422658213138833,-0.4934551664308833,7.760974425526281,0.08799146154858413,0.09568188932200794,0.01189982896469185,0.6184658438426491
72.29481615000077,7.649155891623582,9.713020923223302,-0.3113641437726102,-0.6018108831159423,0.28767005821242697,-0.4401932051254451,7.801216259702795,0.05611928164252625,0.07415577874728552,0.011900286265579107,0.6800735254367722
72.34151506300077,7.639713945100837,9.692874194936604,-0.2832583956823384,-0.604401848600961,0.3487171598996615,-0.3586398193722521,7.820361486068293,0.04128474036606205,0.06471383222454108,0.020612711290384486,0.696419413859206
72.42521775900059,7.639713945100837,9.692874194936604,-0.2832583956823384,-0.604401848600961,0.40159234852295794,-0.31632394060759345,7.820361486068293,0.04128474036606205,0.06471383222454108,0.0,0.696419413859206
72.44163575200037,7.631378240951158,9.672735327146139,-0.2500711244903539,-0.6041660337139257,0.456809991848595,-0.40223844451668633,7.8386057398710856,0.026099290525665807,0.05637812807486231,0.012920659645507118,0.696419413859206
72.53285808200053,7.6241539409185926,9.652622162711877,-0.2167290009769688,-0.6033949330278573,0.5725943936555349,-0.507712473699386,7.855937360272279,0.011590066988556209,0.04915382804229651,0.013471874595862687,0.696419413859206
72.5798945380011,7.618043767488604,9.632603696319674,-0.18330520289965888,-0.6005539917661195,0.5828523039046283,-0.4728038545106064,7.872317723156883,0.0018566045813302996,0.03581298387728491,0.02586103531694495,0.7158910531638177
72.68660057300076,7.6130202776586975,9.61270186447157,-0.150704694897215,-0.5970549554431159,0.6549237378789683,-0.5210994244383317,7.887759534569,0.01552243774993415,0.018188119895507292,0.02737350394090784,0.7158910531638177
72.731059791,7.609163375723707,9.593123244289504,-0.11570705804971952,-0.5873586054619683,0.6848045831621125,-0.5153983868469738,7.902081888604421,0.029409991535936198,0.00161670328589006,0.015290696530945388,0.73824115301167
72.76271592699959,7.606577790736076,9.573957568201699,-0.07756754962891538,-0.574970282634146,0.7342297564549063,-0.56097912345767,7.9151495299963,0.04200617288289302,0.01376376091990974,0.02933247890751605,0.73824115301167
72.79123166099998,7.606577790736076,9.573957568201699,-0.07756754962891538,-0.574970282634146,0.7891743099519252,-0.602140512757814,7.9151495299963,0.04200617288289302,0.01376376091990974,0.02933247890751605,0.73824115301167
72.84061172700058,7.605420410251244,9.555356340003579,-0.03472141454497602,-0.5580368459435888,0.8165192010121892,-0.622617462652491,7.926749021126301,0.05309692019636373,0.02773520710643743,0.029557898247093407,0.73824115301167
72.86473191700134,7.605741744199392,9.537536920815954,0.009640018444423946,-0.5345825756287174,0.8760140428684546,-0.6555721093400243,7.936715922971661,0.062838761333556,0.04010822183705031,0.042040862168153996,0.7632168761236874
72.90168171900041,7.605741744199392,9.537536920815954,0.009640018444423946,-0.5345825756287174,0.9411365568027121,-0.6751324760021309,7.936715922971661,0.062838761333556,0.04010822183705031,0.042040862168153996,0.7632168761236874
73.00875115500094,7.610852562262212,9.50425644030839,0.09832840732786467,-0.4873460325960191,1.0127591153843196,-0.7091481132160878,7.9517226646271935,0.07951604731988111,0.06002718117546517,0.021688859544209634,0.7632168761236874
73.02913106400047,7.615739272979071,9.488564582808957,0.14660132150576755,-0.4707557249830088,1.0577509019979567,-0.6401055394186775,7.956819325767672,0.08543883183790342,0.06766757373713929,0.03028474736764384,0.7905694150420949
73.08172794500024,7.622348950306717,9.473214493326024,0.19829031982940204,-0.4605026844879803,1.0228172355746166,-0.6327326919238954,7.960345925043763,0.08979933846339119,0.07384797844250819,0.019241635131283442,0.7905694150420949
73.11561600700043,7.630715750439823,9.458148427702097,0.25100400399315786,-0.4519819687177898,1.0199565892676492,-0.6013031414018266,7.962312774618433,0.09335844213073319,0.07858507450003777,0.027016415458648007,0.7905694150420949
73.17203976600103,7.630715750439823,9.458148427702097,0.25100400399315786,-0.4519819687177898,1.0201743828545133,-0.5666375257407724,7.962312774618433,0.09335844213073319,0.07858507450003777,0.0,0.7905694150420949
73.1737485270005,7.630715750439823,9.458148427702097,0.25100400399315786,-0.4519819687177898,0.9915343984012386,-0.5499818031307758,7.962312774618433,0.09335844213073319,0.07858507450003777,0.0,0.7905694150420949
73.19056584800092,7.640945994431395,9.443111767901355,0.30690731974718327,-0.4510997940222879,0.932529905951357,-0.5156674528352228,7.962787618234627,0.09573580941979569,0.08198372371190259,0.009894062844520067,0.8200609733428363
73.23291651600084,7.653024468416999,9.428101204956375,0.3623542195681028,-0.4503168883494173,0.8805306579310106,-0.471324225051309,7.961792000294907,0.09671671754807813,0.08405702369812036,0.01904748367112322,0.7810249675906654
73.28167485700033,7.667006862279857,9.412999811789714,0.41947181588574844,-0.45304179499983727,0.859021211560236,-0.44567046776101593,7.959357478731414,0.09640196940703685,0.08484827569398201,0.008413433235509278,0.7810249675906654
73.30777393400058,7.68291812737398,9.397751196352628,0.47733795282368785,-0.4574584631126017,0.9268356574351806,-0.4555546353688944,7.955506493705388,0.09558438740633655,0.084379711627941,0.01620636148495562,0.8139410298049854
73.33204126000055,7.68291812737398,9.397751196352628,0.47733795282368785,-0.4574584631126017,0.9924971493044908,-0.4424591502596122,7.955506493705388,0.09558438740633655,0.084379711627941,0.01620636148495562,0.8139410298049854
73.36099181300051,7.700698862484487,9.382426717279486,0.5334220533152187,-0.45973437219427465,1.000150342339699,-0.44091755998233495,7.950254884369792,0.09347793626782236,0.08264287632758911,0.023336414754658596,0.7778174593052023
73.40635078100058,7.720376632825795,9.367083980876583,0.5903331102392253,-0.46028209208710724,0.9399670772779499,-0.410941988380751,7.943556404474647,0.09011088543139147,0.07957754443307023,0.02373683508062275,0.7778174593052023
73.49838100700072,7.741862454905961,9.351822109418196,0.6445746624049746,-0.45785614375159994,0.8636305502004664,-0.36462658379445334,7.935433593884099,0.08625138136175203,0.0751765467426395,0.008168985140731666,0.7778174593052023
73.55176933000075,7.764957768854324,9.336597920318525,0.6928594184509008,-0.4567256729901208,0.9425153061076765,-0.3856619879878139,7.926080963699083,0.08125052184418745,0.06961082098656343,0.015822572184336012,0.7810249675906654
73.61415984700034,7.789518893089341,9.321500055268904,0.7368337270505041,-0.4529359514885876,0.937263746294007,-0.35188462689853395,7.9155690586635306,0.07578632380609263,0.06291928624444339,0.017089450094592815,0.7810249675906654
73.64788923600099,7.815363019954257,9.306633488801273,0.7753238059474787,-0.4459969940289479,0.8574374510311191,-0.28935123220903675,7.9039878847098395,0.06986135766789044,0.05515697884663857,0.021490930711852794,0.75
73.65767709000102,7.815363019954257,9.306633488801273,0.7753238059474787,-0.4459969940289479,0.846670761235023,-0.2571693956298322,7.9039878847098395,0.06986135766789044,0.05515697884663857,0.021490930711852794,0.75
73.72005083400109,7.8421872251407265,9.292102858263474,0.8047261555940848,-0.4359189161339739,0.8250902114497116,-0.19263259679591682,7.891520490419458,0.06341383142291832,0.04646410884754123,0.008262504939545884,0.7905694150420949
73.74783637099972,7.869795055745417,9.27806165989065,0.8282349181407143,-0.4212359511847233,0.8902260771863685,-0.16766330211683575,7.878232225774432,0.05756135652395411,0.03687105119852421,0.015183460699446842,0.7632168761236874
73.75730481699975,7.869795055745417,9.27806165989065,0.8282349181407143,-0.4212359511847233,0.9126339824347106,-0.14568663535180748,7.878232225774432,0.05756135652395411,0.03687105119852421,0.015183460699446842,0.7632168761236874
73.79231278600128,7.898107725072965,9.264523263064817,0.8493800798264273,-0.40615190477498636,0.9626811074950724,-0.0965959034739749,7.864178473511455,0.05098508146403095,0.026424062925463884,0.018189131027251955,0.7632168761236874
73.83176060700134,7.927095626653703,9.251498389104704,0.8696370474221402,-0.3907462188033603,0.9612177656110933,-0.0645277858237985,7.8493768079594775,0.04665362862602383,0.015136497846651737,0.011615914818764866,0.73824115301167
73.86466171100074,7.956615304621505,9.239036750394217,0.8855903390340725,-0.3738491613146007,0.9389035752526723,0.000777135820052316,7.833909575009705,0.04170926199321414,0.0030746426140578244,0.015210608170448503,0.7615773105863909
73.97972823700002,8.016798060407858,9.216105838097661,0.9082051808022821,-0.3344071598476167,0.9924726830793481,0.057915721391350164,7.801138892656722,0.04162137528605911,0.00889429936555075,0.017478172359628383,0.7433034373659253
73.98726274900037,8.016798060407858,9.216105838097661,0.9082051808022821,-0.3344071598476167,0.9924726830793481,0.057915721391350164,7.801138892656722,0.04162137528605911,0.00889429936555075,0.017478172359628383,0.7433034373659253
74.03965406499992,8.047432821543593,9.205607568309382,0.9190428340720351,-0.3149480936483676,1.0599648334058303,0.06816961963637197,7.78387093451055,0.04471449724598649,0.019392569153829697,0.02614703103762625,0.7433034373659253
74.08961351700054,8.078330350712639,9.19581044323495,0.9269258750713675,-0.29391375223295085,1.1550522442684934,0.10401928952070721,7.766053088527784,0.048137299967274776,0.02918969422826123,0.024095522630169453,0.7762087348130012
74.1268457770002,8.109317130498455,9.186764055298687,0.9296033935745169,-0.2713916380879046,1.1513675660152978,0.1294276471190274,7.747784760255299,0.05257505193761281,0.03823608216452534,0.03445701476615536,0.7648529270389178
74.17065711200121,8.140224372088827,9.17855854261124,0.927217247711126,-0.24616538062341828,1.0905880962585703,0.13942786620592426,7.729133945892567,0.057431961797410815,0.04644159485197186,0.006501410023204803,0.7648529270389178
74.1988433839997,8.170977611555925,9.171204772687538,0.9225971840129021,-0.2206130977110674,1.0547308041552346,0.17537547599709188,7.710144543097048,0.062030236167768905,0.053795364775673704,0.012376275698012851,0.7566372975210779
74.25048691499978,8.201752538219111,9.164929931222296,0.9232477998956095,-0.1882452439572643,1.0214696146954978,0.22766078485925478,7.6905292213312775,0.06667989724688576,0.060070206240915525,0.018032580652078547,0.7516648189186454
74.2993576910012,8.232512945771028,9.159842970022947,0.9228122265575022,-0.15260883598051492,1.0718398675589538,0.27344209605921177,7.670238315226997,0.0704072159387359,0.06515716744026534,0.015667824180555307,0.7516648189186454
74.38843079199978,8.232512945771028,9.159842970022947,0.9228122265575022,-0.15260883598051492,1.071905154191383,0.3699752412136704,7.670238315226997,0.0704072159387359,0.06515716744026534,0.0,0.7516648189186454
74.50239612900077,8.324306816919982,9.152017571167521,0.9192315204523569,-0.04262828819943481,1.071905154191383,0.3699752412136704,7.605337721699934,0.07667945975216427,0.07298256629569089,0.02408436572441244,0.75
74.52532551399963,8.324306816919982,9.152017571167521,0.9192315204523569,-0.04262828819943481,1.0064489134456749,0.35302830335176805,7.605337721699934,0.07667945975216427,0.07298256629569089,0.02408436572441244,0.75
74.55757691500003,8.355180458644439,9.151738271186598,0.9262092517337102,-0.008378999427694402,0.9918670020821172,0.34930630919258043,7.582100348820247,0.07720742844490866,0.07326186627661357,0.029516507498695617,0.75
74.6093953489999,8.386283142043512,9.152604437210348,0.9330805019721838,0.025984980712506073,0.9828997854154612,0.36361274925396303,7.55799465384879,0.07679061966153204,0.0723957002528639,0.010946872710436048,0.75
74.62390655499985,8.386283142043512,9.152604437210348,0.9330805019721838,0.025984980712506073,0.9496772612456605,0.3712268074649947,7.55799465384879,0.07679061966153204,0.0723957002528639,0.010946872710436048,0.75
74.69363445999988,8.449233691065906,9.157507739394182,0.9476588042150416,0.08938479393254223,0.9454541124657067,0.3722322405776236,7.507289099557378,0.07413924443621019,0.06749239806902985,0.03068678110369627,0.7516648189186454
74.73610273899976,8.481007907176298,9.161538935066119,0.9532264833117695,0.12093587015810617,0.8949114409647052,0.4138937917248447,7.480739925240227,0.07181162879009882,0.06346120239709307,0.034352900368188596,0.7566372975210779
74.78885998100122,8.512940737168122,9.166769167701464,0.9579848997547229,0.15690697906035808,0.8455555210643455,0.460260411845922,7.453321249693749,0.0694443543407509,0.05823096976174824,0.04168425937417231,0.7648529270389178
74.83910944499985,8.544973059811682,9.173279953151782,0.9609696793067612,0.19532356350955152,0.7944459021014295,0.5085074591203411,7.4250181633605505,0.0665145397609716,0.05172018431142966,0.01146236424950984,0.7648529270389178
74.87044216100003,8.577048093091342,9.181076779992402,0.9622509983898349,0.23390480521862184,0.8032365719671894,0.5738778314169309,7.395863939416131,0.06346282085829115,0.043923357470809776,0.02185695431748931,0.7762087348130012
74.94857264500024,8.609097258627209,9.190158453452433,0.9614749660759732,0.27245020380092805,0.7963892821435813,0.6738137841488875,7.365905031115988,0.06118646080314439,0.034841684010778806,0.023788508983864323,0.7905694150420949
74.95046017099958,8.6410794629396,9.200239503117487,0.959466129371752,0.3024314899516189,0.7824602057778907,0.7328162712795666,7.335357275330913,0.05885686150598847,0.024760634345724952,0.031534208743297404,0.7433034373659253
74.9868497589996,8.672875682449048,9.21126415735984,0.9538865852833881,0.3307396272706209,0.7843317491799937,0.7710915627667896,7.304342304223391,0.05975637839787359,0.013735980103371404,0.03857689457373941,0.7615773105863909
75.02727983499972,8.704410318195212,9.223217788500547,0.9460390723849211,0.3586089342211932,0.7423642556028175,0.8251768532912508,7.2729218855145,0.06057556740631643,0.0220564550646521,0.044811700996599,0.7826237921249265
75.08866593499988,8.766444083321353,9.249818656370492,0.9245328631860776,0.4119615806446825,0.7402834805182182,0.9021958108053544,7.209096877031792,0.07081178884274726,0.047111296991594914,0.04288179477520593,0.8062257748298549
75.13144575200022,8.79679869119835,9.264368176374008,0.9106382363098996,0.4364856001054938,0.7060490203918826,0.9654421582338807,7.176857199034963,0.07773864112799635,0.058287181804181507,0.05505675387697223,0.7632168761236874
75.195844064001,8.826567660800803,9.279733141380373,0.8930690880736488,0.4609489501909573,0.6711205430706956,0.8706023106026908,7.144512665285061,0.08370207142012526,0.06847235113031865,0.01381477026626599,0.7905694150420949
75.24449089600057,8.855605114523508,9.295896040063539,0.8711236116811156,0.4848869604949951,0.6259381065570065,0.8196345792967505,7.112179171863513,0.09039818251250044,0.07757603630353536,0.020983958122907657,0.8200609733428363
75.33615734500017,8.911451490233915,9.330544030096606,0.8262771327350666,0.5321285106427889,0.5595518254624142,0.7959864156401761,7.0476056847019315,0.10166271796708173,0.09256555856619082,0.02616523442400632,0.8139410298049854
75.38740431800034,8.938219454403772,9.349111241383941,0.8030389250957121,0.5570163386200819,0.5247188270047437,0.7955847040193954,7.015334802961305,0.10626077960695612,0.09836436654025668,0.010379454366575556,0.8139410298049854
75.45122287900085,8.96417384782015,9.368664148757889,0.7786318024913773,0.5865872212184067,0.4927952443992766,0.7345269632600488,6.982997150412091,0.11016750078343732,0.10289090073053105,0.012930345975027397,0.8139410298049854
75.49649452400081,8.989296895856835,9.389342963103449,0.7536914411005444,0.6203644303668134,0.45853252670997097,0.7361665409633349,6.950509041643034,0.11293871194573177,0.10603344851070295,0.008334562904674457,0.8139410298049854
75.51213139900028,8.989296895856835,9.389342963103449,0.7536914411005444,0.6203644303668134,0.45853252670997097,0.7361665409633349,6.950509041643034,0.11293871194573177,0.10603344851070295,0.008334562904674457,0.8139410298049854
75.5242642459998,9.013590990374679,9.411212715696898,0.7288228355353162,0.6560925778034721,0.3912870785753009,0.7453004503500985,6.9178235602420575,0.11467963338701509,0.10774771712535687,0.011266334110997093,0.8200609733428363
75.5603634550007,9.037187098852328,9.4342928474809,0.707883254329501,0.6924039535200741,0.32285515301343737,0.7519035764765905,6.88483098594985,0.11542058332232642,0.1081125677443688,0.01330724475822929,0.8200609733428363
75.63669481500074,9.060088267969636,9.45853180502623,0.6870350735192218,0.7271687263598811,0.2801545513562408,0.854489671894918,6.851564585670222,0.11520833550132227,0.10716660847512226,0.013898618439950062,0.8321658488546619
75.66751348000071,9.082233593781169,9.483550116650944,0.6643597743459574,0.7505493487414621,0.24683208968464837,0.8609430386487075,6.818327451278044,0.1144205292208801,0.10513510072436838,0.021308178801767223,0.8321658488546619
75.71867611699963,9.103492642275539,9.509224578492196,0.637771454831097,0.7702338552375786,0.1475646173153696,0.8460648450377071,6.785300637887375,0.11290252570778202,0.1020129320050466,0.011724684903105673,0.8
75.78171586000099,9.123838988459314,9.535482775330983,0.6103903855132247,0.7877459051636403,0.06130923651127338,0.7938036826209539,6.752554768906192,0.11114592853671824,0.09783262231752518,0.023873050339231264,0.8
75.78844571599984,9.123838988459314,9.535482775330983,0.6103903855132247,0.7877459051636403,0.06130923651127338,0.7938036826209539,6.752554768906192,0.11114592853671824,0.09783262231752518,0.023873050339231264,0.8
75.85178547500072,9.143266688489303,9.562276087199656,0.5828310008997114,0.8037993560601828,-0.024667201906536956,0.6914994438384227,6.720129718259898,0.10869035922143251,0.0926243482388046,0.013078289819698231,0.8
75.93533215500065,9.16187598458376,9.589437405131035,0.558278882833723,0.8148395379413347,-0.08389392465716347,0.6084841122307323,6.688067262958833,0.10691165684728819,0.08657715560506196,0.012383283918638355,0.75
75.95830360800028,9.179630666672043,9.61684160471463,0.5326404626484725,0.8221259875078164,-0.08524512168636907,0.6772209997968613,6.6564813207558755,0.10447119427792174,0.07975391634894866,0.024186552968245813,0.75
76.00078007800039,9.196360549186265,9.644369476696658,0.501896475426629,0.8258361594608831,-0.09532335410585939,0.7452456690744566,6.625580972546425,0.10409272377920932,0.07211858477308111,0.03691796505079985,0.75
76.04660979400069,9.212039213327982,9.671952124049342,0.4703599242514943,0.8274794205805344,-0.10988014626985927,0.812275499359664,6.5954354400414275,0.1028961132894182,0.06370119752147549,0.020522828952231276,0.7000000000000001
76.06119906700042,9.212039213327982,9.671952124049342,0.4703599242514943,0.8274794205805344,-0.1252125546027541,0.8404104439137053,6.5954354400414275,0.1028961132894182,0.06370119752147549,0.020522828952231276,0.7000000000000001
76.09282307800095,9.226496789442415,9.69968303792587,0.4337272834330073,0.8319274162958663,-0.1533315540431178,0.8919273096824137,6.566111704047715,0.10477630876610959,0.05738345709384354,0.03934945221653975,0.7000000000000001
76.15949519400056,9.23971363892925,9.727553114743902,0.39650548460506246,0.8361023045409237,-0.17571952564700766,0.8783918844578488,6.537635296955322,0.10709578985348757,0.06471350221109518,0.023936042761915303,0.7000000000000001
76.17110874799982,9.251548644327523,9.755487376237236,0.35505016194818123,0.8380278448000253,-0.17246887010127748,0.8120210117633758,6.510166701886849,0.10985255510511185,0.0765485076093686,0.046652765213073245,0.65
76.2108627230009,9.261877783489226,9.783339288412973,0.30987417485109314,0.8355573652721078,-0.17396519225824553,0.7441563269677718,6.483902087543745,0.11341125944295224,0.08687764677107168,0.06420879106410379,0.65
76.28984594600115,9.277784034617465,9.837936631302027,0.21503359660441723,0.8115819069099527,-0.21268127719919355,0.8045050413927246,6.435755664689837,0.11928709784929317,0.10278389789931097,0.05377220512876797,0.65
76.34758175299976,9.28343466149432,9.864434831923187,0.16951880630568059,0.7949460186348014,-0.21627335948568058,0.7807368575078871,6.4139936040753796,0.1211857112306199,0.10843452477616644,0.06844039861061076,0.65
76.39011512900106,9.287639081385667,9.89044770762403,0.12613259674038985,0.7803862710252951,-0.2193370322522512,0.7480018587263335,6.393680326170082,0.12296990514363725,0.11263894466751267,0.03822969496385495,0.65
76.51146180900105,9.290491348202519,9.916324705284474,0.08556800450557293,0.7763099298132826,-0.17699411896299075,0.579049875145226,6.374520565762406,0.12344907453584571,0.1154912114843647,0.01840302566074133,0.65
76.54119711699968,9.291999837124727,9.942231378104166,0.0452546676662508,0.7772001845907976,-0.173186367345728,0.5453192726714334,6.356406648369047,0.12345100703238047,0.11699970040657348,0.035775769118045676,0.65
76.55701165000028,9.291999837124727,9.942231378104166,0.0452546676662508,0.7772001845907976,-0.1661856554408531,0.5101778365544108,6.356406648369047,0.12345100703238047,0.11699970040657348,0.035775769118045676,0.65
76.61600941100005,9.292151950617399,9.968235217550042,0.004563404780125353,0.7801151833762647,-0.1749730685086412,0.5530378736603686,6.3393125087382955,0.12210420274972285,0.11715181389924467,0.030686338733047967,0.65
76.6412979200013,9.29099800044421,9.994304374259428,-0.03461850519563218,0.7820747012815871,-0.18157028219325294,0.5872390694562071,6.32322993437348,0.11999045051590121,0.11599786372605614,0.04435347278160786,0.65
76.70413530400037,9.288651227162449,10.020362674888712,-0.07040319845283594,0.7817490188785479,-0.15974140553312705,0.5502712329250123,6.3081310796722185,0.11670907191821861,0.11365109044429467,0.015185852514873503,0.65
76.72120610099955,9.28523660020576,10.046233621190193,-0.10243880870065172,0.7761283890444288,-0.131572906698272,0.5095386725906661,6.294042298075772,0.11269928328398424,0.11023646348760607,0.02943923860822443,0.65
76.78013237300001,9.280880984028876,10.071941658858064,-0.13066848530653524,0.7712411300361227,-0.1124277789034416,0.461670504314848,6.280856795831092,0.10776949028729517,0.105880847310722,0.041361747801564194,0.65
76.83868871199957,9.275793337363348,10.097243001923822,-0.15262939996583372,0.7590402919727594,-0.1055378966506601,0.5046752829582906,6.268575078076012,0.10232030326274184,0.10079320064519415,0.02506874981082718,0.65
76.92626331199972,9.26381976831567,10.146011293778516,-0.18819495608173248,0.7222261765693954,-0.08935749438091783,0.5012189959510038,6.246812460948491,0.08978403508509118,0.08881963159751649,0.019470684515557037,0.65
76.96561339100117,9.26381976831567,10.146011293778516,-0.18819495608173248,0.7222261765693954,-0.06392065013011403,0.49784984196822535,6.246812460948491,0.08978403508509118,0.08881963159751649,0.019470684515557037,0.65
76.9872017990001,9.257131318253458,10.169349431105841,-0.20065350186636083,0.7001441198197531,-0.06393648747662192,0.49783807671563707,6.237258288975169,0.08289330222827797,0.08213118153530452,0.02602924332273301,0.65
77.0466000510005,9.250115740034243,10.19199147311292,-0.2104673465764798,0.6792612602123411,-0.060405410374095525,0.5264950072970935,6.228475574431172,0.07573885317303111,0.07511560331608891,0.012825062377668494,0.65
77.06741599700035,9.250115740034243,10.19199147311292,-0.2104673465764798,0.6792612602123411,-0.04654910810711127,0.5578706394420143,6.228475574431172,0.07573885317303111,0.07511560331608891,0.012825062377668494,0.65
77.10122908900121,9.242894683897715,10.214028125528118,-0.21663168409585498,0.6610995724559647,-0.04604434974757665,0.5590496102781788,6.220309434497257,0.06839881238552893,0.06789454717956112,0.01686272761395843,0.7000000000000001
77.14434338800129,9.242894683897715,10.214028125528118,-0.21663168409585498,0.6610995724559647,-0.03917571811972054,0.5549406871251806,6.220309434497257,0.06839881238552893,0.06789454717956112,0.0031539732872642133,0.7000000000000001
77.16248319700026,9.235490540040006,10.235500155754602,-0.22212431573128916,0.6441609067945371,-0.04392282323986918,0.6230603491402077,6.21271368503434,0.06090068213031546,0.06049040332185207,0.005896172306090149,0.7000000000000001
77.20432087500012,9.22797435247875,10.25642326382095,-0.22548562683767379,0.6276932419904806,-0.03229069970625781,0.6743716563870132,6.205619714178564,0.053314123001299625,0.05297421576059591,0.007584343033051471,0.7000000000000001
77.25384271599978,9.22047768979506,10.276767084118063,-0.2248998805106808,0.6103146089133626,-0.021945893072563116,0.65989114703801,6.198939256426929,0.04575143684978463,0.04547755307690693,0.004877049170658059,0.7000000000000001
77.27251834900017,9.213065920689964,10.296563269248999,-0.22235307315290384,0.593885553928093,-0.0078112434685859156,0.5930818822197632,6.192596843033437,0.038298194198489836,0.03806578397180971,0.004684122166223443,0.7000000000000001
77.30934953900032,9.205704461222926,10.315915248174651,-0.2208437840111309,0.580559367769577,-0.0006343702877160129,0.5975544710488254,6.1865520469717445,0.030896192064110765,0.030704324504771563,0.003174575703834657,0.7000000000000001
77.33301942599974,9.19847753772754,10.334870231686462,-0.2168077048615708,0.568649505354334,0.0077157498107990885,0.6313108034185113,6.180705835129369,0.023637389939653423,0.023477401009385446,0.0010613705157921714,0.75
77.3657441739997,9.19847753772754,10.334870231686462,-0.2168077048615708,0.568649505354334,0.014393333965311728,0.6648705319812112,6.180705835129369,0.023637389939653423,0.023477401009385446,0.0013692313355504308,0.75
77.40288630600116,9.19144710851812,10.353623868435061,-0.21091287628257838,0.5626091024579701,0.01697052938434096,0.6778108399127248,6.174886687837646,0.016582485532489075,0.016446971799966903,0.004151688087805527,0.75
77.5273772670007,9.171838148668364,10.409824984870832,-0.18678518721917345,0.5628453220527108,0.02057865124164815,0.7997213569002571,6.15663632799632,0.003082690159680108,0.0031619880497899544,0.01352608258730633,0.75
77.58363584700055,9.165981323159185,10.4285710755021,-0.17570476527537526,0.5623827189380414,0.022405653530993608,0.869216388354548,6.150116311993927,0.008953670277907553,0.00901881355896883,0.006256714856977798,0.75
77.65448568400097,9.155379589199399,10.466296531976502,-0.15409079891057356,0.567384850104441,0.03258883623818565,1.0372020838255713,6.136209897031873,0.01957454008671826,0.019620547518755416,0.017660197561018873,0.75
77.69496172599975,9.150490255928423,10.485333540000465,-0.1466799981292714,0.5711102407188706,0.03686046448120239,1.0713893577756397,6.128903680406885,0.02447156700876703,0.024509880789731042,0.007462380899641076,0.75
77.75142522100032,9.145758574807422,10.504508760657753,-0.1419504336300542,0.5752566197186644,0.073152105097121,1.2021628808144484,6.121443077517019,0.029209329168243845,0.029241561910732017,0.014787627865519667,0.75
77.76712294500066,9.141144392595292,10.523918281614728,-0.13842546636391723,0.5822856287092653,0.073152105097121,1.2021628808144484,6.113804821194284,0.03382966673132873,0.033855744122861964,0.02193598645610769,0.75
77.8046348500011,9.141144392595292,10.523918281614728,-0.13842546636391723,0.5822856287092653,0.0891848067375598,1.182390658623263,6.113804821194284,0.03382966673132873,0.033855744122861964,0.0,0.75
77.84490891000132,9.132095865074426,10.563620329395652,-0.13571392561387782,0.600015856705742,0.0851563298694894,1.0811627499122036,6.098036788055179,0.04288624356830407,0.04290427164372801,0.018523327545289618,0.75
77.85777420799968,9.132095865074426,10.563620329395652,-0.13571392561387782,0.600015856705742,0.08635779200725835,1.0471183156638244,6.098036788055179,0.04288624356830407,0.04290427164372801,0.018523327545289618,0.75
77.88831649799977,9.127472626655337,10.583961389156263,-0.1386971525726714,0.6102317928183105,0.08758222858231784,1.0125117696488115,6.090037437619405,0.047512895565026955,0.04752751006281741,0.02762594781039833,0.75
77.92671771999994,9.127472626655337,10.583961389156263,-0.1386971525726714,0.6102317928183105,0.09082186520499072,0.9787357145234702,6.090037437619405,0.047512895565026955,0.04752751006281741,0.010242189103176908,0.75
78.03322547900098,9.117643737522311,10.626249019826966,-0.14958984824633817,0.6446609884234531,0.09199093682839005,0.7643096865137771,6.07378134266486,0.057347123466040845,0.05735639919584301,0.024354625871423563,0.75
78.0555230810005,9.112510111146687,10.64849961730654,-0.15400879126871753,0.6675179243871765,0.09655316331364912,0.7301652937833902,6.065303807984159,0.06248263371099064,0.0624900255714671,0.0361031885719949,0.75
78.0896152510013,9.10714713251585,10.671622793341884,-0.16088935892508793,0.6936952810603301,0.10650275063862025,0.6982030144447672,6.056595580644096,0.06784757008879821,0.06785300420230378,0.046576307483275015,0.75
78.132323490001,9.10714713251585,10.671622793341884,-0.16088935892508793,0.6936952810603301,0.1383459064855835,0.6612126166620497,6.056595580644096,0.06784757008879821,0.06785300420230378,0.0,0.75
78.18651442699957,9.101722908155805,10.69584021615745,-0.16272673080133532,0.7265226844669515,0.11839942390981689,0.6656699260318484,6.047402559842152,0.07327335581702951,0.07327722856234864,0.015670748484027455,0.75
78.21926780400099,9.096184264997893,10.721243552518432,-0.1661592947373744,0.7621000908294691,0.13098104745086803,0.6186741555745046,6.037728632627748,0.0788135535251829,0.07881587172026094,0.03197360584842526,0.7000000000000001
78.27455750500121,9.090461166298205,10.747857263953469,-0.17169296099064044,0.7984113430510845,0.12246321764960037,0.5182312550888388,6.027631396261375,0.08453806456748181,0.08453897041994907,0.03795082629040183,0.7000000000000001
78.3539178280007,9.08446971759977,10.775624322071065,-0.1797434609530148,0.8330117435278901,0.1358889346471389,0.43805917994678806,6.017226741753977,0.09053095115187083,0.09053041911838378,0.017629529804723952,0.7000000000000001
78.3942396270013,9.08446971759977,10.775624322071065,-0.1797434609530148,0.8330117435278901,0.1548027555976586,0.5378203153010871,6.017226741753977,0.09053095115187083,0.09053041911838378,0.017629529804723952,0.7000000000000001
78.42819810600122,9.078125857191777,10.804448978596339,-0.19031581223979382,0.8647396957582281,0.16115681137285884,0.5713033699256979,6.006652681892015,0.0968763713325944,0.09687427952637684,0.03596250332362031,0.7000000000000001
78.46365553299984,9.078125857191777,10.804448978596339,-0.19031581223979382,0.8647396957582281,0.1849689442158594,0.6346217015535548,6.006652681892015,0.0968763713325944,0.09687427952637684,0.0,0.7000000000000001
78.48997755900018,9.071760793762182,10.83378568723333,-0.19095190288782848,0.8801012591097717,0.1987608116500958,0.66620623933803,5.995944083467504,0.1032431519422365,0.10323934295597148,0.017496073423711532,0.7000000000000001
78.53327456000079,9.065482600672928,10.86320854501186,-0.1883457926776319,0.882685733355866,0.23357054560863388,0.7614729994168611,5.985247226908114,0.10952337184610864,0.1095175360452263,0.034946651411505394,0.7000000000000001
78.61971517600068,9.059518534517506,10.892307013654655,-0.17892198466263978,0.872954059283858,0.23621243579315193,0.6928948064113252,5.974591843676157,0.11548997078542356,0.11548160220064752,0.04018218582395032,0.7000000000000001
78.68229544899987,9.053913903776019,10.920954068096723,-0.16813892224461743,0.8594116332620338,0.22317801331411224,0.6262165138848328,5.9640018383343705,0.12109744986608283,0.12108623294213494,0.0215032662079537,0.7000000000000001
78.68662037000104,9.048752788661968,10.948826646020267,-0.1548334534215022,0.8361773377063012,0.22450146358421,0.5916091512879249,5.953569676831045,0.12626260532867292,0.12624734805618587,0.04219009864686816,0.65
78.74856172600084,9.044068589950694,10.975716513860965,-0.14052596133822395,0.806696035220917,0.21704360949122348,0.5177553717324301,5.943365185219922,0.13095097169863115,0.1309315467674601,0.060656286066302904,0.65
78.79207928100004,9.039866268973073,11.001514358985027,-0.12606962932864738,0.7739353537218903,0.2217627774143462,0.5083161673048886,5.933427899911859,0.1351595087441159,0.13513386774508085,0.017139429355901244,0.65
78.82844172300065,9.036110017932916,11.02626601056275,-0.11268753120468412,0.7425495473317061,0.24606484948097962,0.5717890579027789,5.923750702747474,0.13892189901016216,0.1388901187852376,0.03334932631495432,0.65
78.85865374400055,9.032835668078985,11.050412950770452,-0.09823049561797337,0.7244082062310787,0.26666904000593333,0.6375747619075849,5.914062523978008,0.14220552813661783,0.14216446863916943,0.0488313517157666,0.65
78.9143170110001,9.029972664486442,11.074094485558723,-0.08589010777630338,0.7104460436481226,0.31414723231410624,0.721690264417856,5.904344279018699,0.14507763217973776,0.1450274722317122,0.014504820293486242,0.65
78.92788920299972,9.029972664486442,11.074094485558723,-0.08589010777630338,0.7104460436481226,0.31414723231410624,0.721690264417856,5.904344279018699,0.14507763217973776,0.1450274722317122,0.014504820293486242,0.65
78.95532249000098,9.029972664486442,11.074094485558723,-0.08589010777630338,0.7104460436481226,0.3505545584915051,0.7783896318260508,5.904344279018699,0.14507763217973776,0.1450274722317122,0.014504820293486242,0.65
78.98743314300009,9.0276237294937,11.097757515880636,-0.07046804978229712,0.7098909096573933,0.3690128573985836,0.8071184157446814,5.894273573821172,0.14744090512154448,0.14737640722445455,0.028557554201391763,0.65
79.03408921700066,9.025719439612532,11.1215274312947,-0.057128696435046325,0.7130974624219291,0.32597335471615085,0.7575111243220691,5.8838441556567505,0.14935982494032168,0.1492806971056222,0.031086300991131154,0.65
79.06750143800127,9.02422181836564,11.145245477428674,-0.04492863740670707,0.7115413840192083,0.31271022546732796,0.7262325134756711,5.8731676664140195,0.15087952899736506,0.1507783183525131,0.046119099043632206,0.65
79.09567857799993,9.02302376568039,11.16883599113634,-0.03594158055750473,0.7077154112300205,0.2853446706245768,0.6779227575416202,5.862372397818463,0.15210087467780234,0.1519763710377635,0.06052448954065193,0.65
79.14054129200122,9.022099362846475,11.192058467506723,-0.02773208501746748,0.6966742911114803,0.34049220122598983,0.7159549898935473,5.851597972964608,0.15305828464178922,0.15290077387167855,0.014560457945855441,0.65
79.20773099899998,9.02148988570313,11.214950933969904,-0.018284314300403327,0.686773993895462,0.3432457355570028,0.7403011147980538,5.840785314871344,0.1537040467915989,0.15351025101502458,0.028671445618010445,0.65
79.24522490100026,9.021192755138438,11.237550104579803,-0.008913916940748176,0.6779751182969682,0.31500368850172944,0.7201078752479986,5.829914444848173,0.15404874090383378,0.15380738157971585,0.013584040621460474,0.65
79.30333072699977,9.02196322147912,11.282652163294687,0.01969296653715445,0.6778330623414777,0.35672054184003493,0.7554184340967065,5.807228801846782,0.15340407796135205,0.15303691523903318,0.03959385782765917,0.65
79.31051674199989,9.02196322147912,11.282652163294687,0.01969296653715445,0.6778330623414777,0.3308591610811842,0.7329603483868747,5.807228801846782,0.15340407796135205,0.15303691523903318,0.03959385782765917,0.65
79.34164549600064,9.02313222035958,11.305194575768917,0.03506996641377741,0.6762723742269302,0.3482902947585515,0.7135762943837618,5.795301874040948,0.15232721364387064,0.1518679163585741,0.013528877455774949,0.65
79.41045772600046,9.027363742281159,11.350556701165166,0.07294570809078699,0.6832903539705663,0.29688598823345236,0.6981559025565673,5.769842030474628,0.14834243549206855,0.1476363944369954,0.03930916527297984,0.65
79.46935407300043,9.030374828531512,11.373605010181842,0.09033258751061984,0.691449270500291,0.2969641504378503,0.6966755611128514,5.756242612997861,0.14548266985546793,0.144625308186642,0.009779255806600627,0.65
79.52481030600029,9.037678887585198,11.420501300431336,0.11480895440654995,0.7073990564249977,0.34921110926985577,0.7845405089953446,5.727722787128475,0.13866274224580566,0.13732124913295607,0.02868209256053319,0.65
79.56997523700011,9.041830605322952,11.444379402320015,0.12455153213262107,0.7163430566603464,0.3759919762073771,0.8310941685699176,5.712915051361238,0.1348748380061321,0.13316953139520216,0.009605574792074028,0.65
79.60641295000096,9.046202101495856,11.468550419474237,0.13114488518715278,0.7251305146266508,0.34064138415463197,0.8247173149047741,5.697841704871601,0.1309129838704768,0.1287980352222977,0.01918771551149655,0.65
79.65062148000106,9.050757930863362,11.492912914359346,0.1366748810252087,0.7308748465532802,0.2947709730781971,0.7927841818904788,5.682582911392803,0.12692513223841181,0.12424220585479162,0.028689360884997985,0.7000000000000001
79.69725843299966,9.055470080311736,11.517464944897812,0.1413644834512066,0.7365609161539965,0.3248957639815224,0.853173395899057,5.667165907352788,0.12288177137163385,0.11953005640641834,0.0169530889183626,0.7000000000000001
79.7245373349997,9.060256916793955,11.542208462235827,0.143605094466576,0.742305520140432,0.3335754932566685,0.8858718274312021,5.651664170435216,0.11898318300954572,0.11474321992419867,0.025586152352989267,0.7000000000000001
79.78053251300116,9.064983416259174,11.567081256963672,0.14179498395659923,0.7461838418353617,0.310179686238831,0.8613909374176154,5.636228291807374,0.1153457968396319,0.11001672045897948,0.019687347826968998,0.7000000000000001
79.79126346799967,9.06971838167076,11.592069884370478,0.14204896234760764,0.7496588222041937,0.3119467643986313,0.8269929177984161,5.620804802213161,0.1119887130724688,0.10528175504739323,0.02885946870975886,0.7000000000000001
79.82440798800053,9.06971838167076,11.592069884370478,0.14204896234760764,0.7496588222041937,0.31886606100150056,0.7599036799368225,5.620804802213161,0.1119887130724688,0.10528175504739323,0.02885946870975886,0.7000000000000001
79.89100487500036,9.079367331886514,11.64275098609183,0.14556324239241517,0.7639079286577841,0.3220733797915769,0.740218520249844,5.589707067859729,0.10625189558986176,0.09563280483163972,0.021585793301603207,0.7000000000000001
79.92661597000006,9.079367331886514,11.64275098609183,0.14556324239241517,0.7639079286577841,0.36133777429528185,0.7307090172531284,5.589707067859729,0.10625189558986176,0.09563280483163972,0.021585793301603207,0.7000000000000001
80.00325776099999,9.089479450428827,11.694643150784785,0.1549355550391492,0.7840850358181365,0.3961158055084014,0.7208909810231173,5.557972449530633,0.10233867050408657,0.08552068628932652,0.020635405608356423,0.7000000000000001
80.02744907499982,9.089479450428827,11.694643150784785,0.1549355550391492,0.7840850358181365,0.41937552110569004,0.746097829931101,5.557972449530633,0.10233867050408657,0.08552068628932652,0.020635405608356423,0.7000000000000001
80.06149967199963,9.094801431715497,11.721104225701648,0.15965943860010479,0.7938322475058728,0.46567768691224093,0.7962630858733789,5.541764864457151,0.10181085989497536,0.08019870500265647,0.029055463778614166,0.7000000000000001
80.11945354400086,9.100273085272553,11.747713657974028,0.16414960671167822,0.7982829681714209,0.5325217926659466,0.8725562158364,5.52544299189956,0.10128024430924693,0.0781027178749945,0.020322889433280658,0.75
80.15702483099994,9.105892486409733,11.774357116689805,0.1685820341154045,0.7993037614733146,0.5773411585477739,0.9235627395581725,5.509058420273841,0.1031617866936554,0.0849233480978299,0.028942269857550718,0.75
80.22102153600099,9.117309474800015,11.827549737640062,0.17142092948003898,0.7973752634445055,0.6125500675267808,0.9381483400412062,5.4764253911486325,0.10574055866704596,0.10769066266319705,0.04134724894687147,0.75
80.29029601799994,9.117309474800015,11.827549737640062,0.17142092948003898,0.7973752634445055,0.5808496778760581,0.8057233120941443,5.4764253911486325,0.10574055866704596,0.10769066266319705,0.04134724894687147,0.75
80.32969634100118,9.122960795346591,11.854097249693828,0.16953961639728526,0.7964253616129596,0.5728753981167274,0.7723653316711513,5.460311200699999,0.10639552224776548,0.1020393421166208,0.01279906359849928,0.75
80.37142230999962,9.128531956448535,11.880700224063355,0.16713483305832788,0.798089231085835,0.672308593769481,0.7953512071322324,5.444335221450445,0.10717967908978852,0.0964681810146768,0.025695158957220455,0.75
80.3886358689997,9.128531956448535,11.880700224063355,0.16713483305832788,0.798089231085835,0.672308593769481,0.7953512071322324,5.444335221450445,0.10717967908978852,0.0964681810146768,0.025695158957220455,0.75
80.44747259399992,9.139900957486788,11.933814508059799,0.1712839193229332,0.7961958986523586,0.7733384692515268,0.8043958609128031,5.412480216779799,0.11020453740320375,0.08509917997642447,0.030062296341115558,0.75
80.47149366000122,9.139900957486788,11.933814508059799,0.1712839193229332,0.7961958986523586,0.8405476887752865,0.7942605942287578,5.412480216779799,0.11020453740320375,0.08509917997642447,0.030062296341115558,0.75
80.5184413700008,9.145590018317995,11.960313140213024,0.17067182493622532,0.7949589645967887,0.9089219240985529,0.7839302810887326,5.396706229223093,0.11236554541800363,0.07941011914521745,0.04504839353267465,0.75
80.55476278599963,9.151569214396831,11.986944388125334,0.1793758823651041,0.7989374373692726,0.9408570940691663,0.7722056903368367,5.380703602576545,0.11691151960667977,0.07439599859773632,0.028704419253751456,0.8
80.68976649800061,9.158059562972948,12.013942867507916,0.1947104572834792,0.8099543814774801,1.011328712692474,0.7346524585705698,5.364178375403284,0.1214324409880763,0.0774440026394397,0.017797304036270528,0.8
80.77157643700048,9.172871626093782,12.069780592071137,0.23040393215536745,0.8475921445131581,1.0292502956004217,0.709326320536919,5.329013497569954,0.13610836430690568,0.10388029708373303,0.0404157125391086,0.8
80.79179634700085,9.172871626093782,12.069780592071137,0.23040393215536745,0.8475921445131581,0.9922974136547583,0.6518911178422127,5.329013497569954,0.13610836430690568,0.10388029708373303,0.0404157125391086,0.8
80.82432471300126,9.181106184594881,12.098413200899515,0.2470367550329972,0.8589782648513477,0.973983997461524,0.6234098532786433,5.310542917778186,0.1447380747527135,0.11830389679313612,0.060813391933730275,0.8
80.87130179300038,9.189937887100356,12.127256754148348,0.2649510751642537,0.865306597464999,0.9456300377384413,0.5619442004518975,5.291542862586093,0.15466074808974198,0.13245441215785808,0.07911564455303949,0.8
80.93765543399968,9.209563241598456,12.185300617743264,0.3095970217704137,0.8705591324992308,0.8465311597591133,0.4675975389736839,5.251899219552801,0.17537270098169683,0.15962040046329395,0.08017347116914492,0.8500000000000001
80.99073106300057,9.221174959253112,12.214261248687007,0.34835152963966554,0.8688189283123114,0.8047005655732274,0.41422941701708005,5.23057782815841,0.1858868368908256,0.1718879346962249,0.027547329412983785,0.8500000000000001
81.01650468099979,9.234011949567071,12.243278304672968,0.38510970941874445,0.8705116795787923,0.7742614426426212,0.3532084322368821,5.208191160168196,0.19558354529752595,0.1833289688529408,0.055019272523595744,0.8500000000000001
81.0457047079999,9.247919153290072,12.272473618950382,0.4172161116900073,0.8758594283224572,0.7590275927840434,0.3230014268356437,5.184837626815486,0.20529553893233735,0.19413929549749628,0.08255359865117914,0.8500000000000001
81.11830272500083,9.278771506570989,12.330383713117932,0.47707432727098387,0.8658757990128981,0.7892651760263126,0.28985866132234517,5.135736168131113,0.22353465949141485,0.21327200756202302,0.04888863093155857,0.9
81.12527672900069,9.278771506570989,12.330383713117932,0.47707432727098387,0.8658757990128981,0.7892651760263126,0.28985866132234517,5.135736168131113,0.22353465949141485,0.21327200756202302,0.04888863093155857,0.9
81.15687738199995,9.295568736908447,12.359142586668433,0.5039169101237273,0.862766206515007,0.7738679779119992,0.22297337290060174,5.11010218051684,0.23255757085845866,0.22173016659209988,0.07237185870921113,0.8500000000000001
81.23023757699957,9.313318552151378,12.387738745912394,0.5324944572879434,0.857884777318837,0.8016840922988548,0.13443420423028096,5.083714968940316,0.24080646579680728,0.22939968998630977,0.02576968514199341,0.8500000000000001
81.25640179699985,9.331959841046338,12.416172262472827,0.5592386668487902,0.8530054968129759,0.852607730987377,0.09051700193404333,5.056627612061297,0.2495067975220181,0.23632384057148836,0.05127256562589919,0.8
81.29956930700064,9.351333662170788,12.44444500116242,0.5812146337335204,0.8481821606877898,0.8957003701883292,0.0378108705873767,5.028985418770708,0.2577403441740207,0.24261632552702062,0.07777145612245441,0.8
81.32220077900092,9.371287889756253,12.472624296123541,0.5986268275639517,0.8453788488336372,0.9250764287515008,0.019048803175549578,5.000906908065103,0.26662224976882615,0.2484323264440636,0.05354603871858987,0.75
81.3817733169999,9.391637331459492,12.500322819685161,0.6104832510971635,0.8309557068485862,1.0038946205303707,-0.04372806030653098,4.972690026507376,0.27569894766309516,0.25362891206161986,0.0802049100359586,0.7000000000000001
81.39555545800067,9.391637331459492,12.500322819685161,0.6104832510971635,0.8309557068485862,1.0289973361552263,-0.06910663624823299,4.972690026507376,0.27569894766309516,0.25362891206161986,0.0802049100359586,0.7000000000000001
81.42907306699999,9.412249394128997,12.527095729173288,0.6183618800851655,0.8031872846438267,1.0520260578779363,-0.09239780508294176,4.944596402946236,0.2842844456440785,0.25798528862491893,0.05374092476697375,0.7000000000000001
81.47523411400107,9.432991929561245,12.552782699241737,0.6222760629674323,0.7706091020534519,1.1334082199585782,-0.15383994370441673,4.916792217015699,0.29431189633757787,0.2614815318853102,0.07913172605601948,0.65
81.48820754600092,9.432991929561245,12.552782699241737,0.6222760629674323,0.7706091020534519,1.1334082199585782,-0.15383994370441673,4.916792217015699,0.29431189633757787,0.2614815318853102,0.07913172605601948,0.65
81.53957377299957,9.453996489845684,12.577293521075406,0.6301368085331517,0.735324655010044,1.1443255842410527,-0.2055311947432636,4.8891700356323415,0.30346260003750464,0.2648864730399322,0.028493146734980823,0.65
81.56442748799964,9.475245181778226,12.600746924089693,0.6374607579762466,0.7036020904286223,1.1111253639486538,-0.2092605659218869,4.861698974051358,0.3123784474175749,0.2709024529551407,0.056007306513000746,0.6000000000000001
81.65158461700048,9.496768507886767,12.623073083221879,0.6456997832562567,0.6697847739655602,0.9775281415544943,-0.24124886001985502,4.834361724931922,0.3228984040906922,0.2792552872936041,0.029009800794716597,0.6000000000000001
81.7394932240004,9.540993703702451,12.66431288407022,0.6707403119522254,0.6006043109889933,0.8193555105898842,-0.29898842672803627,4.779721320801816,0.34357001830418893,0.30126221154340793,0.08435934977929174,0.55
81.76804136900137,9.563979585406202,12.68310910098485,0.6895764511125254,0.5638865074389345,0.7845567469806575,-0.30157682139752395,4.7521638251772895,0.35300522026645953,0.31409331890172754,0.08792518591068182,0.55
81.80000030300107,9.563979585406202,12.68310910098485,0.6895764511125254,0.5638865074389345,0.7171651226593823,-0.31192743801006073,4.7521638251772895,0.35300522026645953,0.31409331890172754,0.08792518591068182,0.55
81.84765312499985,9.587735767551017,12.70066641216836,0.7126854643444683,0.5267193355052591,0.6500468224193178,-0.3213100370782401,4.724263222288971,0.36283152527033385,0.32779128361937004,0.11602302771105763,0.5
81.88162566000028,9.61248729361457,12.71678362658126,0.7425457819065947,0.4835164323869748,0.6324634142186635,-0.3586571784195423,4.695855388069821,0.371156371983113,0.34201241608797966,0.056115306460979494,0.5
81.92516578800132,9.61248729361457,12.71678362658126,0.7425457819065947,0.4835164323869748,0.6522146200031013,-0.4239274751504374,4.695855388069821,0.371156371983113,0.34201241608797966,0.056115306460979494,0.5
81.97777753800074,9.638322598265866,12.731589925154625,0.7750591395388648,0.44418895720095486,0.6723617126794892,-0.4907544189878221,4.666809549369181,0.3785672682058383,0.35658974075275474,0.027099159884979466,0.5
81.99914583900136,9.665242137225647,12.745276294548582,0.807586168793457,0.41059108181873033,0.6914700911405479,-0.5536034537484912,4.637063038125637,0.3854502632605362,0.3702761101467118,0.05392144513177762,0.5
82.01954332199966,9.665242137225647,12.745276294548582,0.807586168793457,0.41059108181873033,0.6950577857695446,-0.5877127580560387,4.637063038125637,0.3854502632605362,0.3702761101467118,0.05392144513177762,0.5
82.09061360300075,9.693184361840238,12.757752791492464,0.8382667384377266,0.3742949083164908,0.70374709237611,-0.6713522177386004,4.606696390850573,0.3908986555502369,0.3791850166042658,0.028177496649091565,0.45
82.12052392999976,9.721942812178998,12.769068539607963,0.8627535101627922,0.3394724434649583,0.6570603638378623,-0.7047435593850309,4.575889344388958,0.39490569113350443,0.3765761281993768,0.05606229923299118,0.45
82.2666794680008,9.809705557645689,12.796117367520615,0.8768405531459041,0.23416484996303333,0.5581681461728383,-0.6539042125550559,4.484053559155784,0.39836577418208646,0.3768173914131174,0.08641262398677588,0.45
82.30847171099958,9.838516850000888,12.80260313162486,0.8643387706559745,0.1945729231273404,0.4906474907261681,-0.65784499719553,4.454601808444384,0.39898258003457304,0.37936132665258726,0.027351732979630443,0.4
82.34016079499997,9.866883160181567,12.807750015423165,0.8509893054204027,0.1544065139491463,0.5039180630332738,-0.6932575941721496,4.425967487701782,0.39896173254055345,0.3828358891926377,0.05357333305718794,0.4
82.4850521540011,9.92265050288133,12.813991581765091,0.8325683860349594,0.07392343315441594,0.4739314878173809,-0.6817394531201195,4.370819885656312,0.3969862932901136,0.38899139661816307,0.10290921703237986,0.4
82.50188142300067,9.92265050288133,12.813991581765091,0.8325683860349594,0.07392343315441594,0.4739314878173809,-0.6817394531201195,4.370819885656312,0.3969862932901136,0.38899139661816307,0.10290921703237986,0.4
82.52157108000029,9.95018934013856,12.815298320124773,0.8261651177168942,0.03920215079045365,0.4739314878173809,-0.6817394531201195,4.34412096044457,0.3947848085619084,0.3902981349778454,0.12563530881185736,0.4
82.5656928770004,9.9776064799196,12.815156843469937,0.8225141934312076,-0.004244299645084125,0.4739314878173809,-0.6817394531201195,4.317979883149411,0.39113505759176403,0.3901566583230096,0.14637066746116714,0.4
82.59832610400008,10.00471166300746,12.813409840379974,0.8131554926357898,-0.052410092698886926,0.4739314878173809,-0.6817394531201195,4.292633317899189,0.38574144845815994,0.3884096552330458,0.16582491911300043,0.4
82.63445260000117,10.03155168126324,12.810207624089836,0.8052005476733791,-0.09606648870411189,0.4739314878173809,-0.6817394531201195,4.268001416961803,0.37835263033427013,0.3852074389429081,0.18310081483079926,0.4
82.66457115699995,10.058147260820723,12.805747050167481,0.7978673867244992,-0.13381721767065352,0.4739314878173809,-0.6817394531201195,4.244015111113672,0.3684817816247078,0.3807468650205532,0.19864512826447292,0.40311288741492746
82.69567258000097,10.084531146870331,12.800218577971817,0.7915165814882467,-0.1658541658699184,0.4739314878173809,-0.6817394531201195,4.220594964635211,0.3490961626745515,0.3646460563237646,0.21231440605868027,0.40311288741492746
82.7301517550004,10.110506777731498,12.793582849220005,0.7792689258350248,-0.19907186255437925,0.4739314878173809,-0.6817394531201195,4.197949730806508,0.3280151780778531,0.34158634279771427,0.22378407260119715,0.4609772228646444
82.76458057499985,10.13600107399602,12.785819693754368,0.7648288879356824,-0.23289466396911024,0.4739314878173809,-0.6817394531201195,4.176165389766617,0.3060161959302805,0.318069773154334,0.2300884557146539,0.4609772228646444
82.80359633900116,10.161065405908104,12.77706292759367,0.7519299573625325,-0.2627029848209274,0.4739314878173809,-0.6817394531201195,4.155161637539617,0.283047036486985,0.2941546453598949,0.22582562136112205,0.47434164902525694
82.83150917400053,10.185768863466256,12.76745092075427,0.7411037267445397,-0.288360205182026,0.4739314878173809,-0.6817394531201195,4.134838864914675,0.2596639372289159,0.2698899477848198,0.21666196556062353,0.47434164902525694
82.86757595200106,10.210186627988309,12.757121474258314,0.7325329356615937,-0.30988339487865757,0.4739314878173809,-0.6817394531201195,4.115090619169781,0.23592249935802717,0.24531995924666655,0.004814103377290245,0.49244289008980524
82.9061105740002,10.234393138803654,12.746208426705014,0.7261953244603272,-0.32739142659903175,0.6572522113691373,-0.1180354544803918,4.095811034368258,0.21184484658879027,0.2204866813719206,0.005055813564508826,0.5385164807134504
82.94020814500072,10.258458220860893,12.734839511009628,0.7219524617171733,-0.3410674708615795,0.6295529509780771,-0.05825552348173782,4.07689911594237,0.18720243427011923,0.1954310612764907,0.004214344297083357,0.5590169943749475
82.966856852001,10.282445029209157,12.723135128890837,0.7196042504478909,-0.3511314635637719,0.6132623916420421,-0.02702769709090272,4.058261059654039,0.16236563428414655,0.17019357846861521,0.0005240913094229834,0.5590169943749475
83.00845673500044,10.306409055720342,12.711207784750295,0.7189207953355778,-0.3578203242162374,0.5748574948086308,0.027650754792065885,4.03981139035708,0.13737987783635996,0.14481454689469891,0.006706690132922859,0.5830951894845301
83.03728832700108,10.330397648275268,12.699161995852291,0.7196577766477725,-0.36137366694012163,0.532588691693477,0.0802518544136615,4.0214734866704225,0.11229021193011741,0.11933439141347027,0.013770361109634907,0.6264982043070835
83.11734543100101,10.354404101969706,12.687689293695763,0.7201936108331333,-0.34418106469583304,0.49393350479046305,0.13598125061500274,4.0030126358135485,0.08761091413355626,0.09424683972047755,0.012941824222112954,0.651920240520265
83.11892685299972,10.378338625231743,12.677011377250967,0.7180356978610932,-0.3203374933439041,0.4836587617853447,0.16887679047146217,3.984427187051501,0.06356608180770512,0.06977214889036494,0.025085929394777814,0.651920240520265
83.12425326100129,10.378338625231743,12.677011377250967,0.7180356978610932,-0.3203374933439041,0.4664814695025453,0.21719468806802628,3.984427187051501,0.06356608180770512,0.06977214889036494,0.025085929394777814,0.651920240520265
83.16722190800101,10.402075095058711,12.667286937171351,0.712094094809017,-0.2917332023884633,0.4444133417013236,0.26336688821762017,3.9657679360982385,0.04019201410822538,0.046111712590747485,0.038727772129388834,0.6800735254367722
83.21241218700015,10.425508553491815,12.658594551427669,0.7030037529931107,-0.2607715723104595,0.43131737818372484,0.354813967445656,3.9470922281644008,0.01771359287351831,0.023395310321999752,0.01941423765414021,0.6800735254367722
83.24018730900025,10.44851953058035,12.651056113093262,0.6903293126560446,-0.2261531500322051,0.4438570168272272,0.38588576549258635,3.9284536405508907,0.0036388730497751275,0.001793611515151948,0.037620216895766986,0.6800735254367722
83.29193549699994,10.471042510515922,12.644683957498362,0.6756893980671144,-0.19116466784697822,0.4730611486306125,0.48350253671759524,3.909894786825498,0.023811186459324916,0.01863833476174826,0.054573958039703635,0.75
83.35239633499987,10.493029802095817,12.63947058935427,0.6596187473968687,-0.15640104432276405,0.5174324063866013,0.5755000986074457,3.891449622946454,0.04277580141947429,0.03787210570532798,0.03971043696816671,0.75
83.39056115899984,10.514425283805634,12.635480500527889,0.6418644512945203,-0.11970266479141936,0.5423875284856725,0.6391643567216398,3.8731335388476276,0.06044732065263796,0.055822414775762885,0.05768439234681174,0.7810249675906654
83.43586242499987,10.53515531124702,12.632859907094247,0.6219008232415743,-0.07861780300928331,0.5653542833466128,0.7032515120836081,3.8549471730675924,0.0768517699338071,0.07233379714141168,0.03535537773360173,0.7810249675906654
83.47037111499958,10.555190153523762,12.631597642987975,0.6010452683022224,-0.03786792318815371,0.5839024664820922,0.7688253778486234,3.836910518861934,0.09181969850038436,0.0873931254844916,0.05088919811754936,0.8139410298049854
83.54980887599959,10.593242567965618,12.63345901803622,0.5615941103092786,0.05013781326753286,0.6040740569482368,0.847087716081693,3.801064342905505,0.11721644713473334,0.1129840548579032,0.024066306019137902,0.8139410298049854
83.59347962799984,10.593242567965618,12.63345901803622,0.5615941103092786,0.05013781326753286,0.5420950913833528,0.8545988028935556,3.801064342905505,0.11721644713473334,0.1129840548579032,0.024066306019137902,0.8139410298049854
83.65653217399995,10.611372205741432,12.636624388444986,0.543889133274436,0.0949611122629602,0.5420630929174692,0.8546343709554276,3.7831193567435073,0.1276942540301738,0.12356538978863174,0.011999214614785482,0.848528137423857
83.69573415500054,10.629010578223971,12.641403993581099,0.5291511744761492,0.14338815408336877,0.5256131017704427,0.8894757967483771,3.765005959626393,0.1368758529042247,0.1326579113769897,0.022594140429134397,0.848528137423857
83.75635869800135,10.646317726692073,12.647969347620402,0.5192144540430543,0.1969606211791096,0.4831713453536649,0.8943592607185403,3.7465069411935334,0.14458705199268138,0.14025350705970574,0.019294975295110144,0.848528137423857
83.77945619300044,10.663374013386592,12.656324362897891,0.5116886008355592,0.2506504583246956,0.454726448253426,0.912222039039962,3.7275457766510063,0.15086288056858851,0.14640623508363204,0.026888711955620728,0.8514693182963202
83.81082566300029,10.680175010617278,12.666430440513293,0.5040299169205703,0.3031823284620515,0.41777309728252565,0.9049139045638948,3.708143017723756,0.15572729207813985,0.15114025814309748,0.03370359367223974,0.8514693182963202
83.8290340500007,10.680175010617278,12.666430440513293,0.5040299169205703,0.3031823284620515,0.41777309728252565,0.9049139045638948,3.708143017723756,0.15572729207813985,0.15114025814309748,0.03370359367223974,0.8514693182963202
83.86768806500004,10.696676675342308,12.678280787058812,0.49504994175093286,0.3555103963655717,0.3607469054265561,0.9052119361517212,3.6883458585936855,0.15942151904813934,0.1544292367692867,0.01683389632963062,0.8514693182963202
83.92419986099958,10.728725961139583,12.706774080984273,0.47623449535195944,0.4510670608495996,0.30914635768186194,0.9629212749981804,3.647816758899965,0.1628895893450128,0.1569437027356903,0.02974031470432152,0.8500000000000001
83.9779203979997,10.744355863033425,12.723310954242685,0.46889705681527044,0.49610619775236425,0.21813080394098483,0.9815007923815074,3.627067727885204,0.16300176051443502,0.156302377133461,0.02452346266144046,0.8500000000000001
83.99778188200071,10.759621039905236,12.741305180914884,0.457955306154328,0.5398268001659694,0.1843026238099839,0.9839799783240865,3.606131335441419,0.16209446868710312,0.1543726475134107,0.03140179530899181,0.8
84.03917866499978,10.77448074237485,12.760705733665635,0.44579107408842233,0.5820165825225417,0.1164968489522088,0.9741947987455992,3.5850784460973557,0.15993796021861686,0.1511617814872662,0.03733680130847422,0.8
84.06762205400082,10.788853351472378,12.78145067871577,0.43117827292584365,0.6223483515040344,0.08338212052246524,0.9667855515464508,3.564023630773905,0.15694080913758301,0.146655859523179,0.040893758659261224,0.8
84.10330992400122,10.802680285221163,12.80341597857128,0.41480801246353904,0.6589589956653116,0.04372608433650982,0.9201484202584275,3.543084450883645,0.1531270663391248,0.1409011656613343,0.011612844795926018,0.75
84.14709206200132,10.81583208468821,12.826433789866366,0.3945539840114302,0.6905343388525677,0.02362338978598444,0.8556937814965262,3.5224607574190987,0.14811551859014563,0.13392484179446204,0.01680103967216838,0.75
84.16320091899979,10.81583208468821,12.826433789866366,0.3945539840114302,0.6905343388525677,0.011143867107244548,0.8241771692070562,3.5224607574190987,0.14811551859014563,0.13392484179446204,0.01680103967216838,0.75
84.1964450710002,10.828268176778394,12.85043387357738,0.37308276270549656,0.720002511330424,-0.001597336979361319,0.7920065287548649,3.5022342336548253,0.14296282748458605,0.12574786490178835,0.01847577974704858,0.75
84.25690902000133,10.839936544333392,12.87534897282234,0.3500510266499296,0.7474529773488134,-0.01930627057606188,0.926400741991241,3.482496787269185,0.1370468574430753,0.11638101109525714,0.02722373320342169,0.75
84.28746253099962,10.850649705193751,12.901136271501471,0.32139482581077633,0.7736189603739193,-0.025810713101022564,0.960138114690772,3.463459481193168,0.12999077800733067,0.10572198602306304,0.03536840675981482,0.7000000000000001
84.39197281700035,10.860277959860479,12.927646693485016,0.28884764000185414,0.7953126595063613,-0.06331347030360723,1.1602001723765263,3.4453172818569833,0.12396712553214116,0.09378449103221574,0.03320040152340982,0.7000000000000001
84.46962377999989,10.876182417241983,12.982074925832908,0.2222135252356932,0.8218170992141478,-0.018563665214710035,1.1598321537394485,3.4121483376827624,0.10996550639811153,0.0667997154000754,0.013915635714873292,0.7000000000000001
84.49413849899975,10.876182417241983,12.982074925832908,0.2222135252356932,0.8218170992141478,-0.033911490592344606,1.1486156299144972,3.4121483376827624,0.10996550639811153,0.0667997154000754,0.013915635714873292,0.7000000000000001
84.54801369600136,10.882480866322297,13.009592837172622,0.1889534724093895,0.8255373401914379,-0.03560616055058877,1.1756978081034788,3.3972661297471776,0.10567950762019714,0.059509815126445376,0.006496134430183164,0.7000000000000001
84.6560744819999,10.887742062544863,13.037253031485255,0.1578358866769931,0.8298058293789845,-0.04090679727093598,1.1846850292180833,3.383494077995528,0.10041545599183348,0.06274190123979295,0.006568367874777019,0.7000000000000001
84.70110795500113,10.891970640235284,13.065091842296463,0.1268573307126578,0.83516432433622,-0.04095630920102773,1.159453703707045,3.3708288695799644,0.09668699048551983,0.06697047893021413,0.012113760859950766,0.7000000000000001
84.80407376000039,10.897380053216503,13.121517826393834,0.06654551868687814,0.8508424174599674,-0.03397202096809238,1.1329350631099429,3.348761246729986,0.08911118740117283,0.07237989191143335,0.01654507056097457,0.7000000000000001
84.83797569400122,10.898664176546577,13.150285335925023,0.038523699902195306,0.8630252859356445,-0.018141852062048158,1.0782067287602366,3.339237786933607,0.08538671069468314,0.07366401524150668,0.0190027326359477,0.7000000000000001
84.8835270290001,10.898959234095747,13.179560438531581,0.008851726475097396,0.878253078196769,-0.011263683796024063,1.0100862406167093,3.3307463084565687,0.081268175875756,0.07395907279067693,0.010166420006812461,0.7000000000000001
84.96535702100118,10.898242076615496,13.20934374598448,-0.02151472440753141,0.8934992235869732,0.009941393291948916,0.9405773638122632,3.3233300111142148,0.07653303975669418,0.07324191531042601,0.004361884722820027,0.7000000000000001
85.04753812000126,10.891296066081424,13.302305328641532,-0.09408833297029513,0.9476476064831729,0.03681675172140525,0.8433676899028872,3.3063722906318698,0.05708400806117263,0.06629590477635361,0.006612311251808362,0.7000000000000001
85.07561500300108,10.891296066081424,13.302305328641532,-0.09408833297029513,0.9476476064831729,0.07040494935517319,0.8428475926843438,3.3063722906318698,0.05708400806117263,0.06629590477635361,0.0034960995050661923,0.7000000000000001
85.1016606810008,10.887360945804817,13.334463167799038,-0.11805360829822714,0.964735174725164,0.13843399901573986,0.8444775089514771,3.302589337776709,0.04750548208311287,0.06236078449974691,0.0012561832193584135,0.7000000000000001
85.17677352999999,10.882665855851425,13.367133107700516,-0.14085269860177982,0.980098197044323,0.21109539549719827,0.8009556924471792,3.2997473959278985,0.03628210885067316,0.04633867747591362,0.002539937517520009,0.70178344238091
85.22965550700064,10.882665855851425,13.367133107700516,-0.14085269860177982,0.980098197044323,0.2586388756756771,0.75267604896133,3.2997473959278985,0.03628210885067316,0.04633867747591362,0.0034610664727267016,0.70178344238091
85.27526088299965,10.877166923693425,13.400252096461163,-0.16496796474000777,0.9935696628193863,0.2949029758723679,0.7158625281065192,3.2979236143735497,0.02137286478466195,0.0190316837190128,0.00872150334176204,0.7071067811865476
85.29612838200046,10.870832520426472,13.433756281446378,-0.1900320980085805,1.005125549556454,0.32188001641160136,0.6962357933588986,3.2971811147778047,0.006136782937661867,0.0041676416236562375,0.014632102322496395,0.7071067811865476
85.34736164999958,10.86382707847556,13.467609712541316,-0.21016325852730378,1.0156029328481218,0.3743282311834576,0.6519292227207258,3.2973826974860074,0.008771896771036182,0.011173083574567144,0.024196146334726453,0.7158910531638177
85.4035961970003,10.85634530066575,13.501560959320527,-0.22445333429433437,1.0185374033762917,0.44702091522764675,0.5806740623711227,3.29839735233985,0.024136884776613635,0.018654861384378663,0.01720434119853504,0.7280109889280518
85.44600186000025,10.848425937803848,13.535495930556944,-0.23758088585707476,1.0180491370925369,0.5124449652171865,0.5597927241817388,3.3002119214324033,0.039937434622649017,0.02657422424628031,0.03495051248972851,0.7762087348130012
85.4953572100003,10.840534661647743,13.569304700789985,-0.23673828468312683,1.0142631069912194,0.5966275909146178,0.5036509430443187,3.3023857728199166,0.05720982211813202,0.034465500402385274,0.05329602090976476,0.7905694150420949
85.62371722900025,10.825349080579338,13.636159948446291,-0.22158536349213973,0.9978532250706146,0.7782657794119113,0.5961364383859274,3.3073382405626326,0.09451368999215436,0.050889780988062155,0.055058890102847,0.8077747210701756
85.68253425900002,10.812020258087527,13.70163899228872,-0.19239567103940747,0.9765398329261257,0.8768091587873803,0.6242504201209967,3.312023894190916,0.13527149817090706,0.09872532475838719,0.10822600892482376,0.8500000000000001
85.69561543700001,10.812020258087527,13.70163899228872,-0.19239567103940747,0.9765398329261257,0.9099009819595034,0.6182904699550261,3.312023894190916,0.13527149817090706,0.09872532475838719,0.10822600892482376,0.8500000000000001
85.73387876000015,10.806452194303096,13.733717117887256,-0.16704191353290654,0.9623437679561153,0.9436509080700908,0.612197878295594,3.3138527876385373,0.15739490647529186,0.12534520055691595,0.03132241479808512,0.8500000000000001
85.77118216599956,10.801769227848268,13.765184866194987,-0.14048899364484335,0.9440324492319284,0.9823121983252069,0.5184672039673187,3.3151813525346503,0.1784435963870389,0.1509076161102624,0.06171117673293438,0.8746427842267951
85.8155857820002,10.797891030411535,13.796040475418499,-0.11634592310204328,0.9256682767053426,1.001621566074964,0.4522369372983626,3.3160692151431954,0.19927764951454646,0.1754681263361444,0.09119950943398641,0.8746427842267951
85.8909680859997,10.795301727562501,13.826133713915285,-0.07767908547098358,0.9027971549035606,0.9768831845140841,0.32312101205219007,3.316026751174547,0.2200034343133578,0.19857817294818284,0.06079183950874569,0.9013878188659974
85.92718755100032,10.793979751313762,13.85547139645469,-0.0396592874621597,0.8801304761821099,0.9679616630409529,0.29034013456779595,3.315051149330163,0.2392704355223391,0.2202578255861452,0.08963961769815237,0.9300537618869138
85.97095929300121,10.794204564322085,13.884040278499949,0.006744390249688051,0.8570664613578057,0.895057098465629,0.23645691314669143,3.312841991985026,0.2568660363698667,0.24030010900858284,0.056870224252050405,0.9300537618869138
86.09233838700129,10.804207506707739,13.96700340047547,0.14323889474266238,0.820651552406377,0.756486127338119,0.20197482212769757,3.2984748376070274,0.30436358892019866,0.2918907467531659,0.08089085405228531,0.9
86.14352739800051,10.804207506707739,13.96700340047547,0.14323889474266238,0.820651552406377,0.7335520468603853,0.13659372091098743,3.2984748376070274,0.30436358892019866,0.2918907467531659,0.08089085405228531,0.9
86.17723290899994,10.81074087624482,13.993911439801238,0.19600108611240769,0.8072411797730421,0.7546495872903631,0.09320481504043138,3.2909695176059803,0.3178157493082564,0.3062978139251832,0.026472348447158837,0.9
86.20874613900014,10.819182214564687,14.020390049310539,0.25324014959604146,0.79435828527902,0.7859605244519521,0.07897120883805797,3.2817835220314953,0.33017831976831225,0.3190520906973322,0.05240266974208862,0.8500000000000001
86.22301768100078,10.819182214564687,14.020390049310539,0.25324014959604146,0.79435828527902,0.8138638946418197,0.09226779984631861,3.2817835220314953,0.33017831976831225,0.3190520906973322,0.05240266974208862,0.8500000000000001
86.2861955240005,10.84195791135562,14.071746092410246,0.37039005385704626,0.7620782572601638,0.9058389186614523,0.0162868630566243,3.2581645960068264,0.3498917743895163,0.33926144738092706,0.05056941821940779,0.8
86.28916497099999,10.84195791135562,14.071746092410246,0.37039005385704626,0.7620782572601638,0.9058389186614523,0.0162868630566243,3.2581645960068264,0.3498917743895163,0.33926144738092706,0.05056941821940779,0.8
86.31965745900015,10.85602797320226,14.096718751520404,0.42210185539918615,0.7491797733047391,0.9629515858905702,-0.022032943867744237,3.2439736862739537,0.35817370058492815,0.34697074783850684,0.07505986962605064,0.8
86.3743657720006,10.871692827319478,14.120904142177073,0.4699456235165427,0.7255617197000864,1.040950259569954,-0.08676853299869586,3.2283748518938538,0.3647834981377289,0.35299567700489975,0.09874709574886059,0.75
86.5049441379997,10.906531465657066,14.166860549746522,0.5348559292912085,0.676421058392262,1.2023125543265967,-0.21209430639114274,3.194168375798435,0.37560486543611216,0.3608571270204157,0.04488810154334478,0.7000000000000001
86.59514853700057,10.92497876724854,14.188241582225062,0.5534190477442017,0.6414309743562104,1.2358796853470886,-0.18735368516893858,3.1762472204247865,0.379457460701751,0.3629315880248372,0.0657456918179157,0.7000000000000001
86.62722695000048,10.944122963035317,14.208425466902764,0.5743258736033465,0.605516540331037,1.2029483341684069,-0.1921423783114465,3.157739057350063,0.3827672217253994,0.36366675908993346,0.05009926910296343,0.65
86.65369520999957,10.944122963035317,14.208425466902764,0.5743258736033465,0.605516540331037,1.1364329905761037,-0.20676881734521055,3.157739057350063,0.3827672217253994,0.36366675908993346,0.05009926910296343,0.65
86.68878349100123,10.964188052732984,14.227151010516305,0.6019526909300265,0.5617663084062361,1.1029062245988692,-0.21414916725578925,3.1383887503140637,0.38524175636510266,0.36271955697013664,0.07350602556783963,0.65
86.72686017500018,10.985324058334125,14.244340323011972,0.6340801680342114,0.5156793748699982,1.0377288085035763,-0.2307921057334832,3.1180186578080957,0.3858461411147043,0.3599288235119935,0.05159724424685595,0.65
86.76737016700099,11.007561650439149,14.260106292796976,0.6671277631506839,0.4729790935501397,0.9698645771253931,-0.23867159988532974,3.096580205779891,0.38524163394946276,0.3553526954842299,0.0763015789086888,0.6000000000000001
86.79667964600048,11.030854994299125,14.274640811324987,0.6988003157992619,0.4360355558403169,0.9022401562412121,-0.24835391983827895,3.074109705101442,0.3848105251678065,0.34918089320778195,0.10045821793671567,0.6000000000000001
86.83283330000086,11.055361129437806,14.287874849716061,0.7351840541604137,0.3970211517322046,0.8680164872710247,-0.2542670481261746,3.0504299387617584,0.38306642317455986,0.34255566555331174,0.047834481186178036,0.6000000000000001
86.87663820400121,11.081192615711283,14.299887090229424,0.7749445882042851,0.3603672154008797,0.8346987001566324,-0.3504879617079054,3.025417801275796,0.3796509351328157,0.33633935958560435,0.07108564002934603,0.6000000000000001
86.8945233659997,11.108381402102685,14.310827266896876,0.8156635917420633,0.32820530002357157,0.8144010216799225,-0.37659930195602653,2.999038174440649,0.3761982246214271,0.330845764949574,0.09407997873865934,0.55
86.96965408899996,11.166630726519415,14.32988596000293,0.8920459612044161,0.2738994318129504,0.7605287095060229,-0.44716583700540957,2.9423634801306386,0.371351641407018,0.32357264566178684,0.04801016520042992,0.55
87.00342662100047,11.166630726519415,14.32988596000293,0.8920459612044161,0.2738994318129504,0.7482049158807415,-0.5136771507629957,2.9423634801306386,0.371351641407018,0.32357264566178684,0.04801016520042992,0.55
87.09916473399971,11.22912584579711,14.34590307150551,0.9502488285149835,0.2289216010299774,0.6345970238307828,-0.5478108948345293,2.881386251415454,0.36565722614932766,0.3241652365846382,0.05924097825319071,0.55
87.1373978419997,11.26151984601858,14.35295378548898,0.9718200066440665,0.21152141950405093,0.5686575179683714,-0.5291585676628626,2.8497289699442634,0.36479272467373897,0.3282305095817223,0.08918272476412376,0.5
87.19632352000008,11.294377522902131,14.359358565478471,0.985730306506531,0.19214339968472668,0.46954332194046033,-0.5044178611739899,2.8175848433514528,0.3634046238140426,0.3343583564896857,0.06309237489417718,0.5
87.22443914500036,11.327527041481272,14.365275951883946,0.9944855573741997,0.17752159216426275,0.4369993028076149,-0.4971031693904704,2.785135119947598,0.3633053347815105,0.3402757428951606,0.09468030775201637,0.5
87.27566852699965,11.360754092472783,14.370672899888444,0.9968115297453425,0.1619084401349448,0.36795900498836176,-0.49941150257206224,2.7525864129285065,0.3638063246409176,0.3456726908996579,0.03257600807371972,0.5
87.33527023100032,11.427176787108897,14.380487811352323,0.995748791730923,0.14365651523970593,0.3095540116868693,-0.5027206652952771,2.687500202732408,0.36641094759555853,0.35548760236353694,0.0973038777122419,0.5
87.38406537300034,11.460298865715345,14.38515264697143,0.9936623581934403,0.1399450685732612,0.24060266151543325,-0.4954598066282984,2.655058212246675,0.3685194435523483,0.36015243798264507,0.03255624368798134,0.5
87.41964578100124,11.493415416132486,14.389088687241271,0.9934965125142204,0.11808120809519164,0.2966715803631989,-0.529552317978839,2.622566579125621,0.3707181445818394,0.36408847825248536,0.06484279372219694,0.5
87.458083472,11.526254289608765,14.391931867803132,0.9851662042884148,0.08529541685580286,0.23891347389206982,-0.5292617935458926,2.590249253874288,0.372240155745326,0.3669316588143463,0.0964739130991916,0.5
87.54298616000051,11.558612494658712,14.393676555755102,0.9707461514983995,0.05234063855910895,0.23769151591638615,-0.49633934177758177,2.5582995078186195,0.37310176358869196,0.3686763467663159,0.06443099706185061,0.5
87.57723231900127,11.59038914877085,14.39439540930733,0.9532996233641383,0.0215656065668878,0.18190039493066051,-0.49057697364154845,2.526819202402168,0.3733680362531671,0.3693952003185448,0.09547522845253983,0.5
87.6164529760008,11.621362757701846,14.394157205959422,0.9292082679298493,-0.007146100437234206,0.17690410183292912,-0.504435445879542,2.4960310576443656,0.37286819490440315,0.3691569969706361,0.056825164666679404,0.5
87.65080129200032,11.651340824751376,14.393009999498437,0.8993420114859061,-0.034416193829555006,0.23214036431034002,-0.5453443026205204,2.4661278588782345,0.3719124014373999,0.3680097905096513,0.0833789595068603,0.5
87.68660444300076,11.680118569087256,14.390997334154477,0.863332330076394,-0.06037996031878552,0.25538183944913345,-0.5696440580523736,2.4373152418514357,0.3701482505129121,0.3659971251656913,0.10847658037827834,0.5
87.72550711199983,11.707525059766375,14.388155529940624,0.8221947203735919,-0.08525412641558597,0.2884770398226626,-0.6209353543163246,2.409765538196869,0.3680212466322305,0.36315532095183833,0.047743385450628714,0.5
87.77109714000107,11.733469726247275,14.384474901317223,0.7783399944270052,-0.11041885870201772,0.3643141633080459,-0.6890570037526823,2.3835669711731593,0.36504927675165916,0.3594746923284369,0.06913213727798193,0.5
87.80202250100047,11.757982762501934,14.379853325824099,0.7353910876397429,-0.13864726479373335,0.3840195498210437,-0.7163989398694357,2.3586781519980384,0.3615644364414972,0.3548531168353133,0.08880570289314826,0.5
87.8738336360002,11.781261015367354,14.374311703132946,0.6983475859626064,-0.1662486807345787,0.3179047375169566,-0.6396713600883842,2.334908432750828,0.35724701145797966,0.3493114941441604,0.04281608850787927,0.5
87.89802423900073,11.803250017482638,14.367842428303835,0.6596700634585129,-0.19407824487335826,0.28928575422728176,-0.6210678030785123,2.3123148679609353,0.3520757712623969,0.3428422193150489,0.06199785183740753,0.5
87.97920967400023,11.823997154589435,14.360598781264182,0.6224141132038883,-0.2173094111896087,0.28298521060049703,-0.6329188218663417,2.290873343751977,0.3466947515565462,0.335598572275396,0.0393263837897463,0.5
88.13712900500104,11.843551522730042,14.352562755513574,0.5866310442182225,-0.24108077251823903,0.37552260529699505,-0.6687450597077801,2.270539071684634,0.3404315141245752,0.32756254652478844,0.01667731221601356,0.5
88.17921198400109,11.86217072712191,14.343526397324293,0.5585761317560651,-0.2710907456784286,0.35301816300215383,-0.6505448666931946,2.251040861633531,0.3331764225912456,0.3185261883355075,0.03218513742636178,0.55
88.21398184400095,11.86217072712191,14.343526397324293,0.5585761317560651,-0.2710907456784286,0.33038403703001684,-0.6295355745725294,2.251040861633531,0.3331764225912456,0.3185261883355075,0.03218513742636178,0.55
88.23643243799961,11.880047645302833,14.333517658972708,0.5363075454276597,-0.3002621505475588,0.33035318138453984,-0.6295441785593684,2.2322004735636067,0.32568246690722685,0.3085174499839223,0.04671677326485856,0.55
88.313950011001,11.897416736533778,14.322576500010888,0.5210727369283372,-0.32823476885460007,0.33946574249204875,-0.6512367909544569,2.213800652917649,0.3173821508256323,0.2975762910221018,0.015023070204614705,0.55
88.3441370670007,11.914492078187589,14.31070043335971,0.512260249614317,-0.3562819995353545,0.32145962073464346,-0.6239377552668829,2.195641033712654,0.30811415855098295,0.2857002243709239,0.02958313787352071,0.55
88.41102120100004,11.931356396360053,14.297935523235209,0.5059295451739363,-0.3829473037350337,0.3802842588189683,-0.6600161291371184,2.1776578131026114,0.298235415081835,0.27293531424642303,0.011587577549364847,0.6000000000000001
88.48195032600051,11.948101700655279,14.284419177135945,0.5023591288567715,-0.4054903829779187,0.437067765013732,-0.6901000143914297,2.1597862680409374,0.2886890803573637,0.25941896814715903,0.012352319505891822,0.6000000000000001
88.5526349210013,11.981353985632536,14.255579293434364,0.49538109712595424,-0.44001926164923444,0.36771022017876503,-0.5878863555207728,2.124350689208511,0.26833791763496634,0.23066661017490836,0.03632796455382485,0.6000000000000001
88.5925183190011,11.997670035100663,14.240523223365862,0.48948148404382086,-0.45168210205506376,0.34342808846827516,-0.5638831658899353,2.107021133643129,0.2578337858487947,0.2167120027297354,0.009657289940383257,0.65
88.61068004899971,11.997670035100663,14.240523223365862,0.48948148404382086,-0.45168210205506376,0.3752084981707451,-0.5557333141267311,2.107021133643129,0.2578337858487947,0.2167120027297354,0.009657289940383257,0.65
88.63743550500112,12.013847432890488,14.22511908683933,0.4853219336947403,-0.4621240957959846,0.40996103369318604,-0.5468237794029993,2.0899012701917554,0.24843168933085996,0.20385454238351605,0.01905793565192986,0.65
88.66614166900035,12.02984507223196,14.209482779174406,0.4799291802441571,-0.46908922994772767,0.38374624904695576,-0.5249477628823593,2.073047974335868,0.23957330024071918,0.19246241471308032,0.026975091286534848,0.65
88.71936607600037,12.045797526585911,14.193571830095335,0.4785736306185058,-0.4773284723721245,0.4065155436239409,-0.5491431421789846,2.0563325337036202,0.23044233576918274,0.18283505119857188,0.008157651316133397,0.7000000000000001
88.74331934700058,12.061763902768506,14.177453131633275,0.4789912854778543,-0.4835609538617857,0.4325683774850355,-0.572426835874036,2.039707178900264,0.22128408064207997,0.1754133332502285,0.011621525996243208,0.7000000000000001
88.78044985900124,12.061763902768506,14.177453131633275,0.4789912854778543,-0.4835609538617857,0.4823624615117833,-0.6173892504302707,2.039707178900264,0.22128408064207997,0.1754133332502285,0.011621525996243208,0.7000000000000001
88.81494505200135,12.077798434301306,14.161194938791397,0.4810359459839984,-0.4877457852563332,0.5358204780363477,-0.6589288203915373,2.0231272804368814,0.213708671983765,0.17063553508529145,0.0007981932375007482,0.7000000000000001
88.84074859900102,12.093965856915547,14.144786140278919,0.48502267842726965,-0.4922639553743179,0.5648520240306881,-0.6780463046167198,2.0065340220344274,0.20799779509466967,0.16882387861276452,0.0016145271011325532,0.75
88.90490260099978,12.110425004053344,14.128188907072834,0.49377441413386697,-0.4979169961825512,0.6496319754296146,-0.7337896408568623,1.9897746804545728,0.20254890475860163,0.16872524068824934,0.00236737039310077,0.75
88.94453105200046,12.12710207623069,14.111494672582898,0.5003121653203809,-0.500827034698079,0.6931341388969282,-0.7835444873887347,1.9729314091247674,0.19713224149193034,0.16871310510063628,0.007258021579664883,0.75
89.01285455200014,12.160777188002287,14.078353695134059,0.505630848182225,-0.4952088273527366,0.7341260900219553,-0.883802632928131,1.939343620168088,0.1902376410410411,0.16909079510232253,0.013883761159940175,0.8
89.03857834700102,12.177733723420573,14.062065914145018,0.5086960625485721,-0.4886334296712096,0.7225181428143971,-0.8526648583791482,1.9226405365913268,0.1876372056102612,0.1695636758941905,0.000935114050159726,0.8
89.07672811799966,12.194695324737186,14.046023017250414,0.5088480394983799,-0.4812869068381074,0.6842503157882496,-0.7972933491803913,1.9060691016448186,0.18551303825277865,0.1702132980208992,0.0003971836282570872,0.8500000000000001
89.14913217600042,12.228747814657428,14.014686229459075,0.5123814806997133,-0.46761624260322565,0.6470911671902897,-0.7781042278408712,1.873195980294977,0.184031524901647,0.17213358941192916,0.010397594404669076,0.8500000000000001
89.16225414600012,12.228747814657428,14.014686229459075,0.5123814806997133,-0.46761624260322565,0.6999559295698836,-0.7666828254251901,1.873195980294977,0.184031524901647,0.17213358941192916,0.010397594404669076,0.8500000000000001
89.19836189200032,12.245971968249354,13.999271500154105,0.5167246077577717,-0.4624418791490758,0.594815309675133,-0.8503273459083861,1.8567622823609864,0.18365072382945782,0.17341304559527904,0.015902990702552806,0.8514693182963202
89.25359129400022,12.281567917064846,13.96828773123636,0.5413653395450174,-0.46812100241490706,0.5654426273648635,-0.8633252522532593,1.8231959198042174,0.18512080121485083,0.176674349277029,0.01352383802784742,0.8845903006477066
89.2993416850004,12.300215990114442,13.952169206588229,0.5594421914878687,-0.483555739443925,0.4968600541577075,-0.8590758574490055,1.8058450724579038,0.18599922182231252,0.17846301010504362,0.02066929636456025,0.9
89.34106902799977,12.319633982627016,13.935511063512449,0.5825397753772177,-0.499744292273426,0.4333767562679212,-0.8560127684444164,1.7879484796949114,0.1876327077076233,0.18041451835685451,0.026957928525037225,0.8845903006477066
89.38538769499974,12.339903956851856,13.918252486083997,0.608099226745217,-0.5177573228535748,0.3762258817459599,-0.8344732365054629,1.7694547860627576,0.18944935823633915,0.18254389745242428,0.0049079032710123,0.8845903006477066
89.42140145400117,12.360976986138024,13.900537510628167,0.6321908785850183,-0.5314492636748831,0.32039347159998754,-0.7960756059872189,1.7504246134604022,0.1916683921971776,0.1849184000874457,0.010781364771280418,0.8500000000000001
89.45940350000092,12.382827647762152,13.882492171294105,0.6555198487238472,-0.5413601800218565,0.2577198537869869,-0.768563833525697,1.7308929900021015,0.1946656670282078,0.18760916928335203,0.01796071062885336,0.8500000000000001
89.49004729999979,12.405317552022305,13.864177320629672,0.6746971278045708,-0.5494455199330041,0.19843111803762264,-0.7347069960507852,1.7110116702083218,0.19793135115406693,0.19056137799270284,0.013406743221922326,0.8
89.54460181099967,12.42840864759866,13.845707822761957,0.6927328672906211,-0.5540849360314211,0.13914143465872994,-0.7011923252799352,1.6908229241488901,0.20206909505402287,0.1938293410723985,0.024880324097038428,0.8
89.61657884700071,12.475604322191655,13.807692262642638,0.7118985945766864,-0.5755981328052111,0.03827545594034293,-0.7375862524005079,1.650486331782669,0.2110490340568694,0.2003206622688033,0.03407580236397196,0.75
89.70089400399957,12.52241903965075,13.768069977948532,0.6980842460030984,-0.5999303803768501,-0.05783528645504343,-0.8208230815673248,1.612122584047364,0.22050585853665172,0.20540648025015473,0.04699895438020385,0.7000000000000001
89.75146721700003,12.545336470794897,13.747663667443943,0.6875229343244044,-0.6121893151376688,-0.09102971297858814,-0.9168434978430966,1.5940889499270474,0.22583899320686335,0.20718211068276435,0.06997460097146384,0.7000000000000001
89.7704892290003,12.545336470794897,13.747663667443943,0.6875229343244044,-0.6121893151376688,-0.09102971297858814,-0.9168434978430966,1.5940889499270474,0.22583899320686335,0.20718211068276435,0.06997460097146384,0.7000000000000001
89.81263600700004,12.567918088217006,13.726942002835505,0.6774485226632551,-0.6216499382531449,-0.13761001052046407,-0.9472794453301411,1.5768472512139586,0.23105415697048937,0.2084972959299982,0.029112926192906365,0.65
89.84934998900098,12.590230694126433,13.705980610700129,0.6693781772827834,-0.6288417640612849,-0.15495603364729732,-0.919748201703824,1.5603379877777106,0.23643329149063164,0.20945274835246203,0.0580794872728772,0.65
89.91962843300098,12.612351550200032,13.684855528135026,0.663625682207991,-0.6337524769530833,-0.2211923147528625,-0.8025020093436319,1.544487890115133,0.2438537099699817,0.21015686655284546,0.030534102611234664,0.6000000000000001
89.95434140700127,12.634360269148608,13.663641865578487,0.6602615684572799,-0.6364098766961735,-0.24646753016215273,-0.7397836351477389,1.5292181800272848,0.2512479139987861,0.21122771395680087,0.06103995415977876,0.6000000000000001
89.98931732300116,12.655694770624333,13.642390795309426,0.6400350442717344,-0.6375321080718329,-0.2622123974195726,-0.7087141011615334,1.515065602480446,0.25903555916089144,0.2154787331909001,0.09105572912435064,0.55
90.03259312699993,12.675774216968277,13.620986866720372,0.6023833903183333,-0.6421178576716072,-0.3272357177277224,-0.6572141259524004,1.5026219294641916,0.2686518732626355,0.2225391009405243,0.029280948497773424,0.55
90.05743289600105,12.694458494033233,13.599298860573832,0.5605283119486822,-0.6506401843962198,-0.3611567000328426,-0.6593701119021186,1.4920618472496336,0.2780468666522024,0.23169428078118562,0.05773429200425387,0.55
90.10293506699963,12.711866010562705,13.57721253248434,0.5222254958841456,-0.6625898426847231,-0.42965944718900756,-0.6539539737940814,1.4833147706480023,0.28612364880638425,0.24255215191741472,0.08552454124244659,0.5
90.14764077200016,12.7279736158615,13.554573781233803,0.4832281589638059,-0.679162537516121,-0.49545936429941695,-0.6343334575304205,1.476464073010163,0.2942863442961324,0.2546961972361426,0.05584724451081649,0.5
90.15531030800048,12.7279736158615,13.554573781233803,0.4832281589638059,-0.679162537516121,-0.5241944395520537,-0.6192874904977267,1.476464073010163,0.2942863442961324,0.2546961972361426,0.05584724451081649,0.5
90.18742116700014,12.742776111803218,13.531194154382938,0.44407487825156494,-0.7013888055259689,-0.5545600103273853,-0.6033833414040026,1.471596674602158,0.30273423581370146,0.26784755281588934,0.0833284789449044,0.5
90.26884439800051,12.768012427185717,13.482827504817685,0.3578103647272833,-0.7320479944200055,-0.6040438925344334,-0.5346152269486677,1.4680234272453723,0.31586061219204503,0.2930122412937308,0.054177880778668405,0.45
90.30761619400073,12.778610225872985,13.458154044720805,0.317933960618032,-0.7402038029063712,-0.5718735807002586,-0.4932538972806325,1.4690259240311945,0.3219986777144408,0.3036100399809989,0.0805334856529323,0.45
90.32474281600116,12.778610225872985,13.458154044720805,0.317933960618032,-0.7402038029063712,-0.5723323476410104,-0.45722583411470585,1.4690259240311945,0.3219986777144408,0.3036100399809989,0.0805334856529323,0.45
90.4100340820005,12.778610225872985,13.458154044720805,0.317933960618032,-0.7402038029063712,-0.5007465121893627,-0.3629781321078096,1.4690259240311945,0.3219986777144408,0.3036100399809989,0.0,0.45
90.51155559499966,12.788005217479636,13.433327127308655,0.2818497481995612,-0.7448075223645206,-0.5007465121893627,-0.3629781321078096,1.4716599568321433,0.32694196494298366,0.31300503158765025,0.0265450879727079,0.45
90.54767547899974,12.7961075686946,13.40862689352859,0.24307053644889176,-0.7410070134019493,-0.5077836930094383,-0.32988344562156935,1.475849668756081,0.33131807317881967,0.3211073828026141,0.05252709501803524,0.45
90.57710963499994,12.802621995007026,13.384118180571525,0.19543278937277225,-0.735261388711974,-0.5134288937909762,-0.2964774831441778,1.4817815180477083,0.3344592393426715,0.32762180911504046,0.05087262126352643,0.4
90.58977597600096,12.802621995007026,13.384118180571525,0.19543278937277225,-0.735261388711974,-0.522401969698284,-0.34281101073913933,1.4817815180477083,0.3344592393426715,0.32762180911504046,0.05087262126352643,0.4
90.62916933700035,12.807523827342559,13.359696823330513,0.14705497006596324,-0.7326407172303511,-0.5860376045650171,-0.3626605860401916,1.4894775762911507,0.33609326453053084,0.3325236414505728,0.0751542907154288,0.4
90.66841008200026,12.81086846163221,13.335283467953058,0.1003390286895702,-0.7324006613236563,-0.5831602232151645,-0.32837952480923194,1.498883416947563,0.33631382912274405,0.33586827574022493,0.09878958526937512,0.4
90.70141334800064,12.812396428479127,13.310963266317044,0.04583900540747749,-0.7296060490804096,-0.5715918700672276,-0.34105458950942114,1.5101330817164338,0.33454200921051597,0.3373962425871415,0.12159436765814376,0.4
90.74037515100099,12.81214350061547,13.287025277085293,-0.007587835909744392,-0.718139676952523,-0.5715918700672276,-0.34105458950942114,1.5229912222679485,0.33077340381027553,0.3297020015105184,0.14331972520878425,0.4
90.77229793799961,12.810381047774543,13.26359308342064,-0.05287358522782003,-0.702965809939598,-0.5715918700672276,-0.34105458950942114,1.5371055825937519,0.3246292210167459,0.3172541953453332,0.16390607366555596,0.4
90.80571023500124,12.807332068773485,13.240740197419942,-0.09146937003172995,-0.6855865800208971,-0.5715918700672276,-0.34105458950942114,1.5521977286258846,0.31589622042430454,0.30513446166753805,0.18248957389448123,0.4
90.8374804970008,12.80318901581954,13.218496161139985,-0.12429158861840273,-0.6673210883987193,-0.5715918700672276,-0.34105458950942114,1.568045836898921,0.305451912044338,0.29348001679559693,0.2000137398175792,0.4
90.86937788599971,12.798144785723055,13.196885207679953,-0.15132690289449652,-0.6483286038009517,-0.5715918700672276,-0.34105458950942114,1.5844378583735461,0.2946953562355561,0.28244544070455996,0.21387343721592145,0.45276925690687087
90.9097703790012,12.79233836678716,13.175839772770368,-0.1741925680768423,-0.6313630472875582,-0.5715918700672276,-0.34105458950942114,1.6012654597442597,0.28401543987258326,0.27212931700774345,0.008979682728739417,0.45276925690687087
90.93755724900075,12.785744244877602,13.155451186241738,-0.19782365728675066,-0.6116575958589036,-0.37802112465458193,-0.6507040396158282,1.6184686130550952,0.27273041737138765,0.26251614567522197,0.016933733108655806,0.45276925690687087
90.96219008099979,12.785744244877602,13.155451186241738,-0.19782365728675066,-0.6116575958589036,-0.34467594264820123,-0.6552604695319737,1.6184686130550952,0.27273041737138765,0.26251614567522197,0.016933733108655806,0.45276925690687087
90.98628794100114,12.778325068211014,13.135577167058532,-0.22257529999760323,-0.5962205754961865,-0.3312307374760139,-0.6570886945558875,1.636134476752527,0.2607703599641439,0.2535455934347343,0.023924323987746864,0.4609772228646444
91.02894808100064,12.770107472274818,13.116230823290289,-0.24652787808589502,-0.5803903130472745,-0.2636192315073009,-0.6548755442456606,1.6542115730290896,0.24818172699753097,0.24510728563777384,0.003995722165635369,0.4609772228646444
91.08209351200094,12.751633765366657,13.07875028632527,-0.2863283234492855,-0.5570934794757627,-0.16341231921208726,-0.6726979140932031,1.6914616402330898,0.22105603976101526,0.2266335787296132,0.009619270313263652,0.47434164902525694
91.11211022899988,12.751633765366657,13.07875028632527,-0.2863283234492855,-0.5570934794757627,-0.096901272176844,-0.6591810913405803,1.6914616402330898,0.22105603976101526,0.2266335787296132,0.009619270313263652,0.47434164902525694
91.1638037749999,12.741907528964946,13.060041777549847,-0.2917870920513141,-0.5612552632626884,-0.030708238250533065,-0.6749059228361678,1.7105344966775091,0.20636256947879708,0.216907342327902,0.002645249958963176,0.5220153254455275
91.20024167500014,12.732038900836768,13.041092558783433,-0.2960588438453136,-0.5684765629924141,0.03709616308772738,-0.6742669382883199,1.7299140261549688,0.1914635254035292,0.20703871419972408,0.0053407177590798485,0.5385164807134504
91.23940122800013,12.722179620902818,13.0218376874807,-0.2957783980184883,-0.5776461390820107,0.10307528830648048,-0.6583709083747776,1.749520782726649,0.17489345085829172,0.19717943426577378,0.0038588900809428785,0.5385164807134504
91.32141497500015,12.703306039463552,12.982338713295176,-0.2771415414722705,-0.5976906640490462,0.21464222837017943,-0.580953331791556,1.788832236739284,0.14007126774921475,0.16662573446740042,0.011330839207889546,0.5590169943749475
91.4095319750013,12.686330716218178,12.941483060892573,-0.2462431406662937,-0.6176389084860042,0.34108594447065455,-0.5520088032739892,1.8277369455441477,0.10360110367717797,0.12573305942408142,0.014468678823093706,0.6264982043070835
91.44484945600016,12.686330716218178,12.941483060892573,-0.2462431406662937,-0.6176389084860042,0.3877777410383998,-0.5012689079024546,1.8277369455441477,0.10360110367717797,0.12573305942408142,0.014468678823093706,0.6264982043070835
91.47072178500093,12.678874197784278,12.920666269873722,-0.22369555301696756,-0.6245037305655183,0.4372205490032059,-0.4950868380825165,1.8467340341090908,0.08529101042147065,0.10574081058345611,0.010301077206807827,0.6264982043070835
91.52264381900022,12.672483766334542,12.899673562154465,-0.1917129434920721,-0.6297812315777206,0.5029815459923066,-0.48084595704329114,1.8650968218216883,0.06723880243131534,0.08637800718688608,0.01957125536587622,0.651920240520265
91.5853924840012,12.667210619723633,12.878554158531877,-0.15819439832727317,-0.6335821086776772,0.5282960005367481,-0.4669743587419797,1.8827680026685456,0.049983220594078163,0.06771565594397347,0.012014856075222166,0.651920240520265
91.61604943100065,12.663228402413628,12.857474041231558,-0.1194665193001839,-0.6324035190095604,0.5926738492837257,-0.4898161719330516,1.8995218824336637,0.033763456417585984,0.04999390918864735,0.022799592407009295,0.651920240520265
91.65025885599971,12.663228402413628,12.857474041231558,-0.1194665193001839,-0.6324035190095604,0.5996227271323659,-0.4514693720453763,1.8995218824336637,0.033763456417585984,0.04999390918864735,0.022799592407009295,0.651920240520265
91.68012338300105,12.660513280277337,12.836476891123358,-0.08145366408870003,-0.629914503246007,0.5996441880044661,-0.4514617798464179,1.915362279811108,0.01833181344074544,0.033226800687225805,0.012798135773357642,0.6800735254367722
91.68968492400018,12.660513280277337,12.836476891123358,-0.08145366408870003,-0.629914503246007,0.5996441880044661,-0.4514617798464179,1.915362279811108,0.01833181344074544,0.033226800687225805,0.012798135773357642,0.6800735254367722
91.7228266940001,12.659161339848676,12.815727058189948,-0.040558212859835324,-0.6224949880023087,0.6546025606538461,-0.49262500241231344,1.9301225436878626,0.003508608591795299,0.017598486866657534,0.02429063180863087,0.6800735254367722
91.78854150100051,12.659171725349237,12.795296988583384,0.00031156501683771154,-0.6129020881968874,0.7181776015087691,-0.5039479861387194,1.9437685214635712,0.01008519051330353,0.003159589765616016,0.013237424447540655,0.7106335201775948
91.85153503900074,12.66305605143858,12.755514056900054,0.0769933924546155,-0.5910946285086804,0.8035419255796508,-0.5599954497923516,1.9678542533685344,0.03374545073963969,0.02222455768503348,0.036072322873363545,0.7106335201775948
91.89766698300082,12.667065069746712,12.736375193410368,0.12027054924396861,-0.5741659046905913,0.8766457766686984,-0.5321232465276166,1.9780735900078654,0.04418393726526199,0.03292297381121357,0.013414212250362233,0.7433034373659253
91.92902641600085,12.672576905193552,12.717836712032206,0.16535506340516834,-0.5561544413448417,0.9095689355456892,-0.5239868879821413,1.9869353402143617,0.05312534148496342,0.042134203485367956,0.025476888159944647,0.7433034373659253
91.96455388499999,12.679525192716605,12.69998668309228,0.2084486256916026,-0.5355008681977587,0.9115184412268624,-0.4851242957708761,1.994438759562637,0.06055604263497933,0.04984289876798003,0.03615368485186111,0.7778174593052023
91.99257430299986,12.687913684291765,12.682736047574036,0.25165474725479,-0.5175190655473624,0.9129476305177611,-0.44544802450013754,2.000656110843771,0.06667537871518642,0.05610938084598715,0.04551553999113324,0.7778174593052023
92.03405254999961,12.697693413690926,12.66608680050924,0.29339188197483285,-0.49947741194390444,0.9746869133645553,-0.4184074104143892,2.00563476876515,0.07192055961866196,0.06096686337083831,0.019930820598185538,0.7778174593052023
92.08831066499988,12.708781069466381,12.650065101259683,0.3326296732636303,-0.48065097748670443,0.969951112480633,-0.3864517236509376,2.009428108507542,0.0758074575709555,0.0644557589700445,0.028077371906592666,0.7433034373659253
92.22885597200002,12.750630615016556,12.604888164947237,0.4622022566007819,-0.4385619906543518,1.0562418862589658,-0.37437304663827453,2.0139903516266995,0.08090823114427315,0.06680857954170386,0.02737176622017568,0.75
92.25310306200117,12.750630615016556,12.604888164947237,0.4622022566007819,-0.4385619906543518,1.0517073179225769,-0.3068908846593171,2.0139903516266995,0.08090823114427315,0.06680857954170386,0.02737176622017568,0.75
92.28754517900052,12.767554072131457,12.59055866160297,0.5077037134470068,-0.4298851003280064,1.0494269852813392,-0.27288825900647695,2.0134113600442607,0.08047623595411604,0.0649743772404047,0.034752553614874566,0.7905694150420949
92.3245451060011,12.785998377740277,12.576576185827966,0.5533291682646376,-0.4194742732501261,1.043265951782891,-0.20542970062663496,2.011820166140018,0.0794713570024503,0.06181938710841237,0.04126685179621415,0.7905694150420949
92.35343573400132,12.80588454877573,12.563003539177659,0.596585131063572,-0.4071793995092107,1.0687323210784627,-0.1595643579469076,2.0092518313237386,0.07798676360496368,0.057355051202489335,0.010001651284831612,0.7632168761236874
92.39038512700063,12.827197065298394,12.54992015766001,0.6393754956799442,-0.39250144552947347,1.1253212821939655,-0.12209359151805321,2.005685625469203,0.07524064520156427,0.05153617403714349,0.01927911615756796,0.8062257748298549
92.43537249700057,12.849855884502595,12.537385554759974,0.6797645761260105,-0.3760380870011064,1.171694100327091,-0.07290435277868745,2.0011557195744616,0.07304588025037895,0.04437727203426897,0.02722713160327123,0.8062257748298549
92.46232478400088,12.873736610241094,12.52544993026309,0.7164217721549523,-0.35806873490651536,1.1920898774472235,-0.04568957619705305,1.9957278930684688,0.07053116898420919,0.035930809944363186,0.027482090872823408,0.7826237921249265
92.5093988030003,12.8988522651057,12.51413722514531,0.7534696459382009,-0.3393811535333604,1.2245031217722344,0.01374117054916002,1.9894010711044467,0.06752120063972018,0.026170650578004637,0.0333256767777594,0.7826237921249265
92.62989004600058,12.952568169796953,12.493354761720612,0.821886871012066,-0.3040182043702367,1.246707927001548,0.09066060198069958,1.9743122161018363,0.0675004046647305,0.03164542491643196,0.025622754790826704,0.7905694150420949
92.69426948,13.010143406099589,12.475431683528148,0.8761807100846658,-0.25572482733227053,1.2328322765250197,0.1273253473706062,1.9562744209727814,0.07112249272483818,0.04956850310889571,0.04634161361051544,0.7762087348130012
92.74008865900032,13.040196398693954,12.467875635282203,0.9015897778309487,-0.22668144737835064,1.1734821459094822,0.1552112452639649,1.946025080837021,0.07404609092396897,0.05712455135484085,0.05486531502681514,0.7762087348130012
92.75673969899981,13.040196398693954,12.467875635282203,0.9015897778309487,-0.22668144737835064,1.1429066212651717,0.16661860298069575,1.946025080837021,0.07404609092396897,0.05712455135484085,0.05486531502681514,0.7762087348130012
92.79421183100021,13.07106319122578,12.46130695658921,0.9260037759548169,-0.19706036078980355,1.1772472573013908,0.16023967176423498,1.9349485385853005,0.07632240773950971,0.0636932300478339,0.01490844516234245,0.7648529270389178
92.82875141099976,13.102678019024806,12.455768797885034,0.9484448339707715,-0.16614476112528198,1.1871746892769075,0.18949662918201965,1.923056780166595,0.0790206615645817,0.0692313887520104,0.021006389124998203,0.7566372975210779
92.86815008200028,13.134977059720713,12.451358596330712,0.968971220877213,-0.13230604662964723,1.164533655410046,0.21774477401754672,1.9103109048419107,0.08110970454013204,0.0736415903063321,0.026133147914049734,0.7566372975210779
92.89962773499974,13.16788259647409,12.448107790305269,0.9871661026013039,-0.09752418076331446,1.1229951354077505,0.2698029886425104,1.8967315905014142,0.08263502707564946,0.07689239633177536,0.01785739760010986,0.75
92.93812501700086,13.201359137432629,12.446107193658863,1.004296228756166,-0.06001789939216226,1.085081544931406,0.32774928886478405,1.8822637473911008,0.08362365446095013,0.0788929929781812,0.024184117426993383,0.75
93.04437351200067,13.269702579594604,12.445971805819614,1.0313508450203597,0.017439298940809707,1.027010214726515,0.4015389409166198,1.850730416207472,0.08276376366934923,0.07902838081743013,0.018504337344049826,0.75
93.05449292699996,13.269702579594604,12.445971805819614,1.0313508450203597,0.017439298940809707,1.0025961416726825,0.37870143474736645,1.850730416207472,0.08276376366934923,0.07902838081743013,0.018504337344049826,0.75
93.10628487400027,13.339523582161922,12.450718677093397,1.0520557515456324,0.0892690092462179,0.9705174601995011,0.3487385340775649,1.8161644375376336,0.07876523443449583,0.07428150954364732,0.020398644412234573,0.75
93.14609778600061,13.339523582161922,12.450718677093397,1.0520557515456324,0.0892690092462179,0.9030755125238012,0.3566628649669893,1.8161644375376336,0.07876523443449583,0.07428150954364732,0.020398644412234573,0.75
93.22070922000057,13.374870838811741,12.454737372349092,1.0604176994945584,0.12056085767083147,0.9022494785212921,0.35683429544053014,1.7979714720624342,0.07571209490959653,0.07026281428795222,0.013152574405218588,0.7516648189186454
93.25535889800085,13.410340761381521,12.459770002573059,1.0640976770934156,0.1509789067190112,0.8362484418979335,0.3697544697061669,1.7793213059678123,0.07246495564927073,0.06523018406398506,0.025133498632467378,0.7566372975210779
93.31687554000018,13.445853876856804,12.465825240490016,1.065393464258478,0.1816571375087257,0.7695397967341762,0.4275057086592324,1.760236999680096,0.06887344986771615,0.059174946147027896,0.03574522440878806,0.7566372975210779
93.36858974200004,13.48141832195758,12.472812153364673,1.0669333530232894,0.20960738623974007,0.7867750991542132,0.4967317130433491,1.7407996957282266,0.06509017508477256,0.05218803327237076,0.02391014078535568,0.7648529270389178
93.44311241099967,13.55203455509663,12.48998240673953,1.0558805570167744,0.27326636089359707,0.7428031370567948,0.6228046286677663,1.7007124328987486,0.05978827050585106,0.035017779897513535,0.02413824115125314,0.7905694150420949
93.45618936200117,13.55203455509663,12.48998240673953,1.0558805570167744,0.27326636089359707,0.7357949514781253,0.6545328751586789,1.7007124328987486,0.05978827050585106,0.035017779897513535,0.02413824115125314,0.7905694150420949
93.49340452300021,13.58687312978128,12.50019993131628,1.0451572405394793,0.30652573730245336,0.7209101855088595,0.7218960667485281,1.6800772139103888,0.05794524391006737,0.024800255320764464,0.03231040403939171,0.7433034373659253
93.54721797599996,13.655126832188769,12.522824051978896,1.0152056455571876,0.35002305383271415,0.6798591368361048,0.7751836765956809,1.6387178239265805,0.061594042819058344,0.022841503347196358,0.029068929939636404,0.7826237921249265
93.56654994400014,13.655126832188769,12.522824051978896,1.0152056455571876,0.35002305383271415,0.6817258119128549,0.8100882743088103,1.6387178239265805,0.061594042819058344,0.022841503347196358,0.029068929939636404,0.7826237921249265
93.6318927579996,13.688361481328304,12.535183227833173,0.9970394741860409,0.37077527562831175,0.6877558324558848,0.9244088803174867,1.618053707547693,0.06867997227526945,0.03760269206768111,0.043000261517206706,0.7826237921249265
93.66906105199996,13.72097725403258,12.548227152690716,0.9784731811282675,0.39131774572630207,0.6534644121731181,0.9260336649574936,1.59739075107096,0.07546100226085542,0.051442078400456906,0.015297588726153787,0.8062257748298549
93.69634383500124,13.752680148428603,12.56198521982331,0.9510868318807008,0.4127420139777994,0.6512284798851,0.9711292286224866,1.5767436517511426,0.0840510614830917,0.06413098744564899,0.029440001425639576,0.7905694150420949
93.73883236700021,13.783408624574776,12.57668429795451,0.9218542843852057,0.44097234393600315,0.5888404701699148,0.9888238780247298,1.5558665839627703,0.09153091304800122,0.07546548348037493,0.04225271312282474,0.7905694150420949
93.7735402390008,13.813118820807038,12.5923992322543,0.8913058869678757,0.4714480289937351,0.5324383903069522,0.9729944935716937,1.5346533438801637,0.09937657951512524,0.0853616280973076,0.02010843363317264,0.8200609733428363
93.81691276400124,13.84189614102289,12.609087290403846,0.8633196064755476,0.500641744486356,0.4747904819285258,0.9368230268620912,1.5130889959464453,0.10589196184058836,0.09391002728393388,0.03874926028133736,0.7810249675906654
93.84446977600055,13.869710987535507,12.626805374481355,0.834445395378547,0.5315425223252738,0.44366279607448067,0.9258494596982425,1.4910853208045776,0.11233077664503839,0.10104951646982821,0.05308110787699736,0.8139410298049854
93.88656014000117,13.869710987535507,12.626805374481355,0.834445395378547,0.5315425223252738,0.37499634410961247,0.9205777406038795,1.4910853208045776,0.11233077664503839,0.10104951646982821,0.0,0.8139410298049854
94.01072592300079,13.922356211017062,12.665621115256227,0.7749938644557132,0.6005401961891821,0.312777046714151,0.9634303946212763,1.4453373657257333,0.12175277658566692,0.11082843747202581,0.03992381460762835,0.8139410298049854
94.04640189299971,13.947196795979025,12.686933751040867,0.745217548858883,0.6393790735391688,0.29183659682452323,0.936918007014092,1.421303993910701,0.12476837270245399,0.11332307425899274,0.05697232261213867,0.8139410298049854
94.09462951400019,13.97103874550037,12.709522419953952,0.7152584856403892,0.6776600673925686,0.24446198278172937,0.9311262560232954,1.396445095867657,0.1270775900110426,0.11420927747582323,0.02344849998386591,0.8200609733428363
94.12937176299965,13.993905201285225,12.733392133688167,0.6859936735456366,0.7160914120264551,0.23565399347759658,0.8980122082576338,1.3707199446202385,0.12825793903517882,0.11349986697655118,0.04542979054637909,0.8200609733428363
94.1898319259999,14.015806858803264,12.758493971708383,0.6570497255412108,0.7530551406065,0.20191585082908786,0.7999588773556364,1.3441454195760674,0.1289004848053092,0.11123699764244127,0.06396897775742193,0.8321658488546619
94.22997617300098,14.036615741478577,12.784723255284105,0.6242664802593917,0.7868785072716437,0.15730921876054632,0.7654180948783185,1.3168031285726627,0.12892115293405038,0.1074041954090125,0.044675648112087386,0.8321658488546619
94.27932555400002,14.056273110682625,12.811839836369286,0.589721076121426,0.8134974325554478,0.05638146449389664,0.7486593569978323,1.288902109554671,0.1286319556627646,0.1021297361055555,0.06337318870155813,0.8
94.3071590110012,14.074678614787516,12.839702442203146,0.5521651231467367,0.8358781750157968,0.022147106806440053,0.7500800912812657,1.2605519056103134,0.12894850515345127,0.09544255534263013,0.07928343275823804,0.8
94.40029970199976,14.074678614787516,12.839702442203146,0.5521651231467367,0.8358781750157968,-0.03999930552663172,0.8956314080573433,1.2605519056103134,0.12894850515345127,0.09544255534263013,0.04206884828254747,0.8
94.53805580600056,14.107279609019578,12.897306811479016,0.4679004044882324,0.8724182575287496,-0.0829583603545736,1.129369355964167,1.2027152191696289,0.13121107542045535,0.08681487791387611,0.03245817992099672,0.75
94.5869944670012,14.121473570877717,12.926881585829857,0.4258188557441494,0.8872432305252376,-0.11493395537276418,1.1895278357249648,1.1733149312572946,0.1328143818018711,0.09647336188893085,0.0466040537394968,0.75
94.62836974200036,14.134409592399237,12.956821785775956,0.38808064564560135,0.8982059983829636,-0.15895257376676553,1.2398524425482735,1.1436959602645955,0.13618397279919525,0.10940938341045126,0.059508123254579354,0.75
94.65981306100002,14.146072242891275,12.987038488974465,0.34987951476117346,0.906501095955251,-0.124860947688063,1.2433454657508087,1.1139147079508713,0.13877354919767512,0.12107203390248955,0.013523336806246239,0.75
94.69262009500017,14.146072242891275,12.987038488974465,0.34987951476117346,0.906501095955251,-0.10767860002651242,1.2453534916224913,1.1139147079508713,0.13877354919767512,0.12107203390248955,0.013523336806246239,0.75
94.73956585300039,14.156503864957722,13.017100470904476,0.312948661993389,0.9018594579003508,-0.10770419670759313,1.245351278158726,1.0843726651250798,0.1417666780031782,0.13150365596893643,0.02576309339529673,0.7000000000000001
94.7706409729999,14.165766837708215,13.046882200281068,0.27788918251480277,0.8934518812977672,-0.11645659372510941,1.2097218278584514,1.0551693594049165,0.14383868825256796,0.14076662871942958,0.028996462673295812,0.7000000000000001
94.80769047400099,14.17364785534333,13.076462965945344,0.23643052905343026,0.8874229699282972,-0.11787810622085959,1.1751386371776928,1.0261832519964806,0.1446575865472682,0.1394307848172496,0.03992271452270819,0.7000000000000001
94.837233835,14.180090789530645,13.106050057914162,0.1932880256194643,0.8876127590645433,-0.12300253986494386,1.108616978338979,0.997171510794448,0.14318246604848678,0.12569069793981583,0.04850943372363651,0.7000000000000001
94.87438034700062,14.185089096057686,13.135719619742899,0.14994919581124366,0.890086854862103,-0.12688405929776914,1.041334006650789,0.968027275450797,0.13970249624187203,0.11688681101165012,0.031238762725898223,0.7000000000000001
94.95441562900123,14.190597950858542,13.196299538687766,0.06167259016512475,0.9163839310792334,-0.12540544281088578,0.9046121660415589,0.9082304291729663,0.1335422169082306,0.11559774112469867,0.04920423193835049,0.7000000000000001
94.9913600230011,14.19122325464552,13.227467953761689,0.018759113609313705,0.935052452217692,-0.12358790335640263,0.8371733620071916,0.8772877828289499,0.13003689367332325,0.1162230449116759,0.04066496808760948,0.7000000000000001
95.09660647000055,14.18890485310393,13.291716781660705,-0.05113775301533818,0.9730643476168486,-0.10527247190400318,0.6676067099240353,0.813157939120291,0.12170901918204455,0.11390464337008588,0.026189505731084424,0.7000000000000001
95.14187104899975,14.186186884448778,13.324693626270228,-0.08153905965452479,0.9893053382857131,-0.0946961408646464,0.6014918622364689,0.7800821445187646,0.11685270803417724,0.1111866747149346,0.033506592297323674,0.7000000000000001
95.1885884910007,14.18253083697945,13.358123608927123,-0.10968142407989369,1.0028994797068087,-0.07646887924163215,0.552059248625984,0.7464528911350297,0.11173446384964615,0.10753062724560536,0.03745448945496391,0.7000000000000001
95.21333877800134,14.18253083697945,13.358123608927123,-0.10968142407989369,1.0028994797068087,-0.09694725436952864,0.5813310512113035,0.7464528911350297,0.11173446384964615,0.10753062724560536,0.01100849790691872,0.7000000000000001
95.24821383100061,14.178060326653089,13.391827216096543,-0.13411530979083208,1.0111082150825677,-0.10149557216983449,0.5878263590558845,0.7124620035193172,0.10612584955653796,0.1030601169192451,0.01988599188770523,0.7000000000000001
95.27870072900078,14.172830395605038,13.425616208348101,-0.15689793144154562,1.013669767546765,-0.10923693803866058,0.5675771980391562,0.6783050677731794,0.09999488903066864,0.09783018587119408,0.02468820063175344,0.7000000000000001
95.29685217000042,14.172830395605038,13.425616208348101,-0.15689793144154562,1.013669767546765,-0.10923693803866058,0.5675771980391562,0.6783050677731794,0.09999488903066864,0.09783018587119408,0.02468820063175344,0.7000000000000001
95.36447755500012,14.160015664102348,13.492900690830474,-0.20418514373517513,1.0053093860712343,-0.07496927682395206,0.4359627854911396,0.610058563690209,0.0861154705805426,0.085015454368504,0.017707867134665514,0.7000000000000001
95.39524850500129,14.152535909845977,13.52600804236957,-0.2243926276911113,0.9932205461728754,-0.0540804887156211,0.37030969537591596,0.5763911772813298,0.07825911396341531,0.07753570011213284,0.016441667481638226,0.7000000000000001
95.4423696720005,14.144461450674552,13.558552138473999,-0.24223377514275965,0.9763228831328643,-0.032032745049069965,0.3068039014116227,0.5432702894022133,0.06991795674865028,0.06946124094070782,0.002587831431797232,0.75
95.4706015110005,14.135830841942889,13.590422279834359,-0.2589182619498607,0.9561042408107675,-0.007676174488908213,0.24245431301455847,0.5108358857045467,0.061049334763990874,0.06083063220904528,0.00029927060348990125,0.75
95.50912951200007,14.126836727502727,13.621374251486145,-0.2698234332048524,0.9285591495536154,0.005423882734916662,0.2108835789200065,0.4793775308496459,0.051847254813587776,0.05183651776888354,0.0052227068451263185,0.75
95.54295774400089,14.117544159056374,13.651379649247067,-0.2787770533906085,0.9001619328276355,0.03296753360717358,0.1474192614992817,0.4489632686831736,0.04235160016170276,0.04254394932253014,0.01281991128315627,0.75
95.57295740900008,14.108080161403487,13.680427349435496,-0.28391992958661155,0.871431005652846,0.06236941238957349,0.08725891704838015,0.41965044752749864,0.03268265500381667,0.03307995166964339,0.020444945623646217,0.75
95.64370416200109,14.089380714243186,13.734969205229843,-0.2774710337051209,0.7995815079714605,0.10959403000288158,-0.0028130938633256154,0.3651852274675372,0.01349488320598603,0.014380504509341918,0.024603601801208987,0.75
95.75718217900067,14.07223593002885,13.783897314529915,-0.24870027070752518,0.7108863825375282,0.17710190597988643,-0.11471811001271995,0.3173196359237203,0.004273912127062826,0.002764279704994266,0.012491741946631408,0.75
95.81629960800092,14.07223593002885,13.783897314529915,-0.24870027070752518,0.7108863825375282,0.17698423239566521,-0.1104291440524319,0.3173196359237203,0.004273912127062826,0.002764279704994266,0.012491741946631408,0.75
95.87504211899977,14.064573196679229,13.80599367784695,-0.22988200048860474,0.6628908995110191,0.17698423239566521,-0.1104291440524319,0.29613303743333314,0.012332310523029804,0.01042701305461513,0.008795082443719977,0.75
95.91260926500036,14.057641964786061,13.826391199875312,-0.2079369567950123,0.6119256608508808,0.1733560036139338,-0.103728217553561,0.2768681611396597,0.01962881039731248,0.01735824494778271,0.016771795161573837,0.75
95.91838190800081,14.057641964786061,13.826391199875312,-0.2079369567950123,0.6119256608508808,0.1733560036139338,-0.103728217553561,0.2768681611396597,0.01962881039731248,0.01735824494778271,0.016771795161573837,0.75
95.97586043699994,14.046053078118762,13.862157220112223,-0.1629537409557867,0.5127779230838501,0.1671202092909459,-0.09354659638584077,0.2438841083900416,0.03219885515002075,0.028947131615082,0.017554308572122923,0.7000000000000001
96.02194183200118,14.041290008329964,13.877815082862119,-0.1428920936639049,0.4697358824968508,0.15171916645470987,-0.06982397396253376,0.2298107928828899,0.03739771192059318,0.03371020140387948,0.02493356031695051,0.7000000000000001
96.06436587600001,14.037288345364683,13.891978676619356,-0.12004988895844164,0.42490781271708944,0.14444524786837826,-0.05965661236022979,0.21726854951449728,0.04197919436071171,0.03771186436916096,0.030960714276104355,0.7000000000000001
96.10286510300102,14.034195498596626,13.904520195320762,-0.09278540304170942,0.37624556104219464,0.13474158801038177,-0.046923364249610015,0.2062585427137008,0.04561792234338541,0.040804711137218064,0.0075433684660757535,0.7000000000000001
96.13175805500032,14.031965438990465,13.915541142594195,-0.0669017881848076,0.3306284182029895,0.12147574322839955,-0.03026753194607907,0.19660562445468077,0.04832814620955042,0.043034770743378914,0.013719485232065275,0.7000000000000001
96.16549904900057,14.030557347670142,13.925177347764361,-0.0422427396096863,0.2890861551049458,0.10817563392041935,-0.013918193515989281,0.18810965338681743,0.050156589917572235,0.04444286206370229,0.01861684265969227,0.7000000000000001
96.22431940100068,14.029923044891126,13.93356939782001,-0.019029083370496185,0.2517615016694584,0.09478829609566991,0.0013709591726711878,0.18058218344932334,0.05115838188587907,0.045077164842718176,0.014098074823582996,0.7000000000000001
96.22954143300012,14.029923044891126,13.93356939782001,-0.019029083370496185,0.2517615016694584,0.08149440513117173,0.01537370117831445,0.18058218344932334,0.05115838188587907,0.045077164842718176,0.014098074823582996,0.7000000000000001
96.25424757200017,14.029993250657613,13.94085417655999,0.002106172994614016,0.2185433621993673,0.08149440513117173,0.01537370117831445,0.1738629864919115,0.05157590585342137,0.04500695907623076,0.016562981599925586,0.7000000000000001
96.29726827900049,14.029993250657613,13.94085417655999,0.002106172994614016,0.2185433621993673,0.06874304554561816,0.02801980612038974,0.1738629864919115,0.05157590585342137,0.04500695907623076,0.003173263741874448,0.7000000000000001
96.33049683200079,14.030689440409418,13.947168950024656,0.020885692554140474,0.18944320394000902,0.06874304554561816,0.02801980612038974,0.1678132399643294,0.05131172843268719,0.04431076932442579,0.005354790958068838,0.7000000000000001
96.39003640200099,14.031903109310793,13.952658582591413,0.036410067041235346,0.16468897700270746,0.05677914405809737,0.03916512761133838,0.1623166036039109,0.05047503639861591,0.043097100423050705,0.006706146176282245,0.7000000000000001
96.42274170600103,14.033488401856923,13.95748615248611,0.04755877638388403,0.14482709684092715,0.04625085046446534,0.04852803120696228,0.15727043403245963,0.04922246094490547,0.04151180787692077,0.0025360967935023466,0.7000000000000001
96.45215542400001,14.035319019156116,13.96180186028473,0.05491851897577266,0.12947123395856694,0.037976332312746185,0.05561758940933312,0.15258556649856503,0.04769024443165716,0.039681190577727676,0.00301932619946833,0.7000000000000001
96.48892760499984,14.037342001029568,13.96568535790748,0.060689456203571863,0.11650492868251966,0.031729869458419935,0.060515399340129464,0.1482108225313529,0.04593665268937138,0.03765820870427561,0.003125257620119972,0.7000000000000001
96.54259886200089,14.03951752712986,13.969201176470177,0.06526578300875951,0.10547455688088121,0.026244325248288333,0.06441168488300762,0.14410573118815523,0.04400581168956983,0.03548268260398402,0.0005612718944525802,0.7000000000000001
96.60722133300078,14.041781774184642,13.97242673945742,0.06792741164347615,0.0967668896172915,0.021323003064884157,0.0675140894012938,0.14022944991175296,0.04196667321307509,0.033218435549201786,0.0011967244929582484,0.7000000000000001
96.62198031000116,14.041781774184642,13.97242673945742,0.06792741164347615,0.0967668896172915,0.01746177882927193,0.06951312677220453,0.14022944991175296,0.04196667321307509,0.033218435549201786,0.0006523056108227791,0.7000000000000001
96.6693153970009,14.044077109327615,13.975429229391754,0.06886005428920988,0.0900746980300221,0.01746177882927193,0.06951312677220453,0.13654759826187976,0.03988131504054071,0.0309231004062287,0.001428838289912968,0.7000000000000001
96.70734003600046,14.046380865503401,13.978246154114226,0.06911268527357957,0.08450774167413655,0.014606858098858606,0.07052595179023269,0.1330376284069325,0.037774907924791816,0.028619344230442323,0.002292974628994715,0.7000000000000001
96.73268058900067,14.048648746247654,13.980926046598242,0.06803642232759045,0.08039677452047939,0.012151523332450426,0.07104920088129194,0.12967481498217676,0.03569495316681521,0.026351463486189886,0.0018360949168474993,0.7000000000000001
96.80542681200131,14.052901453336737,13.986051042373063,0.06225073672582098,0.07589302831635415,0.010529400355791457,0.07083588868947012,0.12329897826850345,0.03180143741456468,0.022098756397106456,0.0035391989358645477,0.75
96.8542934800007,14.054867300971242,13.988528969594629,0.058975429035173346,0.07433781664696035,0.009748104627769708,0.06841314063712409,0.12026117886190635,0.030054579737703774,0.02013290876260143,0.0008412916720775446,0.75
96.8680598560004,14.054867300971242,13.988528969594629,0.058975429035173346,0.07433781664696035,0.009748104627769708,0.06841314063712409,0.12026117886190635,0.030054579737703774,0.02013290876260143,0.0008412916720775446,0.75
96.89848749799967,14.056709725517155,13.990972356406528,0.055272736377380394,0.07330160435696423,0.009747441607653264,0.06686834041719433,0.11730760816053225,0.028477959234455515,0.01829048421668844,0.0015824698344655624,0.75
97.0019270619996,14.059981976727471,13.99580782325753,0.04690817615712777,0.0724009413052237,0.01012663265641605,0.06504668097929264,0.11161295570396178,0.02572968179212652,0.015018233006372839,0.0012108385338674898,0.75
97.03351131999989,14.061401668995362,13.998215859194037,0.04259076803673112,0.07224107809517676,0.011873117578252018,0.06075161195933473,0.10885698175106458,0.02456977331439872,0.013598540738481546,0.001619402670443281,0.75
97.07086354900093,14.062680384072015,14.000620295396775,0.03836145229957433,0.07213308608215853,0.013043870182598716,0.058439493948856704,0.10615592032494667,0.023549691316444805,0.012319825661828432,0.0007562265939699468,0.75
97.10157273799996,14.063822079371372,14.003021843398324,0.03425085898070796,0.07204644004646958,0.014302744548239679,0.05609985295392941,0.1035065447151552,0.022665574570388456,0.01117813036247206,0.000942851246088844,0.75
97.13397984800031,14.064831204152995,14.005420582696694,0.030273743448698563,0.07196217895108295,0.015627405240203125,0.053750292573793886,0.10090644369296355,0.021913006563822533,0.010169005580848989,0.0010070718742913145,0.75
97.29821103200084,14.067148811556631,14.012572961936725,0.020152049414698343,0.0710660207552423,0.017004549777785698,0.05140210993265634,0.09339532946919273,0.02035658510175824,0.007851398177212587,0.00032052073540200787,0.75
97.35191056700023,14.06775463725045,14.014906924418966,0.018174770814579938,0.07001887446723498,0.02075995879454942,0.04478742561012973,0.09099777431722984,0.01999832334548422,0.007245572483393303,0.0005661344745906734,0.75
97.43739026799994,14.06883947174047,14.019434990293817,0.01569117915919902,0.0672411553654287,0.021340500260801185,0.04308175090069253,0.08638112820732469,0.01939328489084524,0.0061607379933743545,0.0005900938109658604,0.75
97.46048051999969,14.069326293269505,14.0216345176368,0.01460464587106888,0.06598582028945715,0.021745820764010784,0.040220316486925305,0.08415476879301247,0.019139305944252796,0.005673916464338902,0.000914271145068658,0.75
97.55606713400084,14.070201233323383,14.025918261255,0.012708915930459797,0.0636606751479393,0.021910919207853416,0.038773990189525556,0.07985030063142994,0.0187174424013599,0.004885999851787095,0.0007466385683607356,0.75
97.5902873949999,14.070596783673846,14.028004409854477,0.011866510513885653,0.06258445798427276,0.02217341711834097,0.03588533365623544,0.07776833629906654,0.018542368991173546,0.005127466035803698,0.0011386830929525867,0.75
97.62028603399995,14.070962931284843,14.03005851905372,0.010984428329907339,0.06162327597729079,0.022283310017822335,0.03444491535495928,0.07572953265752809,0.018393184122384592,0.005429670805758748,0.0008384021877469806,0.75
97.65719454600003,14.071297819211257,14.032084158003647,0.010046637792394463,0.060769168497828624,0.022446411717212473,0.032967515359905684,0.07373178945409675,0.0182721080389373,0.005752528095053145,0.0012836411196641793,0.75
97.68958799600114,14.071599322809883,14.034084496630815,0.009045107958792004,0.060010158815027186,0.022674198113306412,0.03145434089765563,0.071773616665668,0.018181585436229875,0.006099055932079931,0.0017504109740842432,0.75
97.7429615050005,14.071865228705137,14.03606225438891,0.00797717685761095,0.059332732742840115,0.022973612414841648,0.02990940808016863,0.06985413852910012,0.018124102115090558,0.00647221407289178,0.001025933978698906,0.75
97.78140732199972,14.07212431497547,14.038000620733913,0.007772588109999345,0.05815099035008744,0.02334846518029574,0.028338105965386266,0.06797776728436207,0.018069278858364842,0.006839385285840396,0.0015418482044528478,0.75
97.80468715000097,14.07212431497547,14.038000620733913,0.007772588109999345,0.05815099035008744,0.02321213215852981,0.027108785056034663,0.06797776728436207,0.018069278858364842,0.006839385285840396,0.0015418482044528478,0.75
97.83488866300104,14.072377247400558,14.039901765837701,0.007587972752632407,0.05703435311367699,0.02321213215852981,0.027108785056034663,0.06614237832582379,0.018016680639601976,0.007200624221659989,0.0005489157740554873,0.75
97.90756279200104,14.072622896513248,14.04176889556358,0.0073694733806978115,0.056013891776376085,0.023069968947862028,0.025877622294092236,0.064345686096346,0.017967766202634905,0.007558016165450898,0.0010905256136438226,0.75
97.93476693600132,14.072622896513248,14.04176889556358,0.0073694733806978115,0.056013891776376085,0.022955419458332463,0.024622769370594006,0.064345686096346,0.017967766202634905,0.007558016165450898,0.0010905256136438226,0.75
97.9754098579997,14.0728733027311,14.043593009039371,0.007512186535547634,0.054723404273765014,0.022955419458332463,0.024622769370594006,0.06259078473665998,0.01794568523103402,0.007897292256426077,0.0005494931349726576,0.75
98.0137029890011,14.073142537328469,14.045358657067016,0.008077037921075291,0.05296944082931586,0.022619385347570912,0.02357294839636917,0.060885134956511246,0.01795665985746821,0.0082002178633867,0.0010570718523382379,0.75
98.03991491899978,14.073433491785254,14.047064373515557,0.008728633703571426,0.05117149345620411,0.022011239918885823,0.022859678435393993,0.05922803314330626,0.017936785229706105,0.008463586257133306,0.0015194956475697535,0.75
98.10023864800132,14.073747976095392,14.04870988855292,0.009434529304149557,0.04936545112092973,0.021329327992602856,0.02223273041072026,0.057618089966102376,0.017884231433331555,0.00868559499772016,0.0009349340736232283,0.75
98.13424358700104,14.074087126007203,14.050295569221957,0.010174497354333149,0.047570420071096804,0.020591306322117836,0.021670840774521118,0.056053612528861894,0.01779793432877567,0.008865282687637827,0.0013300346635750093,0.75
98.15365001900136,14.074087126007203,14.050295569221957,0.010174497354333149,0.047570420071096804,0.019808175580196402,0.02116217873538468,0.056053612528861894,0.01779793432877567,0.008865282687637827,0.0013300346635750093,0.75
98.20431576699957,14.074450220974398,14.051822856539305,0.010892849015833548,0.045818619520425534,0.019808175580196402,0.02116217873538468,0.054532819111883596,0.017678831519397344,0.009003788584674146,0.0007932142823951435,0.75
98.2577106560002,14.074833869576747,14.05329792303639,0.011509458070427575,0.04425199491251154,0.019014069616101054,0.020685971748439475,0.05305108965134622,0.017531240406529338,0.009106281990340697,0.0011237719489658035,0.75
98.34559253200132,14.075651762653806,14.056107587749038,0.012527899823515903,0.04141431932105701,0.018260455580996565,0.020150880016103476,0.05019343099525062,0.017164060882277222,0.009218849568850638,0.05019343099525062,0.75
98.35929510500137,14.075651762653806,14.056107587749038,0.012527899823515903,0.04141431932105701,0.016831497452084527,0.01904382065832765,0.05019343099525062,0.017164060882277222,0.009218849568850638,0.05019343099525062,0.75
98.38724010700025,14.07608319971874,14.05744472685938,0.012943111948043214,0.04011417331028782,0.016831497452084527,0.01904382065832765,0.048815618481858905,0.016947643595659694,0.009232390583378916,0.048815618481858905,0.75
98.43361392900078,14.076526601409762,14.058739931915428,0.013302050730650581,0.03885615168141827,0.016150933112433825,0.018486769154446886,0.047469923738296414,0.01671283386145934,0.009221320305168533,0.047469923738296414,0.75
98.53631488000065,14.07697951241429,14.059994941455436,0.013587330135821361,0.03765028620027308,0.01549216815184699,0.017946377075721096,0.04615568825007131,0.01646232924262129,0.009188517820858968,0.04615568825007131,0.75
98.55833561399959,14.077439399931595,14.061211447815312,0.013796625519133942,0.03649519079628154,0.014868089504216586,0.017414886824399862,0.04487240194184741,0.016198896586389715,0.009136921118451217,0.04487240194184741,0.75
98.5929670810001,14.077903288364581,14.062394032697167,0.013916652989584213,0.03547754645563731,0.014282624756923847,0.01689143770691865,0.043617352531768294,0.015926193151184168,0.00907080195291062,0.043617352531768294,0.75
98.62979038900085,14.078369039756348,14.06354150579715,0.013972541753027912,0.0344241929994954,0.013746719841667962,0.016319439429450223,0.04239245499616193,0.01564614378715238,0.008991812164146771,0.04239245499616193,0.75
98.66813785600061,14.078834314124775,14.064655173403574,0.013958231052794187,0.0334100281926835,0.013247435191834994,0.015803978403151727,0.04119760946584247,0.015361264370792594,0.008902584737910226,0.04119760946584247,0.75
98.71317508500033,14.07929683670268,14.065738879189704,0.01387567733715642,0.032511173583872024,0.01279074724354843,0.015298809680815248,0.040030555450720116,0.015074404267926774,0.00880649317912264,0.040030555450720116,0.75
98.74356831800105,14.079755197911481,14.066788394165595,0.013750836264023805,0.03148544927676296,0.012377756895025953,0.014754416659972647,0.038895536681001375,0.014786292453306543,0.008703537414894618,0.038895536681001375,0.75
98.7903580050006,14.080208031033905,14.06780181318272,0.013584993672691717,0.03040257051375164,0.011994300330103916,0.014320336268346745,0.03779477834139605,0.014497979981465785,0.008594411569977768,0.03779477834139605,0.75
98.84219541800121,14.080208031033905,14.06780181318272,0.013584993672691717,0.03040257051375164,0.011640972762479551,0.013956644509028173,0.03779477834139605,0.014497979981465785,0.008594411569977768,0.03779477834139605,0.75
98.88882892200127,14.080654275506133,14.068777503300666,0.013387334166802739,0.02927070353834562,0.011640972762479551,0.013956644509028173,0.036730115114610176,0.014210258227211139,0.008479605405620733,0.036730115114610176,0.75
98.93758313800026,14.081093138331022,14.069716269378327,0.01316588474667392,0.02816298232982691,0.011313323993785422,0.013660074576326373,0.03570117306946454,0.013924036589972242,0.008360125742837898,0.03570117306946454,0.75
98.96538265799973,14.081524208460925,14.070617100813088,0.012932103897092822,0.027024943042801494,0.011007330820973021,0.01338594122377619,0.0347089273476372,0.013639562555361648,0.008236042956887756,0.0347089273476372,0.75
99.00294060700071,14.0819469205443,14.07148343597909,0.012681362501294117,0.025990054980032026,0.010716529200819057,0.013167933361230719,0.03375067556942269,0.013357933665617692,0.008108980691528074,0.03375067556942269,0.75
99.0341864359998,14.08236100047519,14.07231671641738,0.01242239792668448,0.024998413148698554,0.010444261954922537,0.012922531032890525,0.03282527218702069,0.013079646689289025,0.00797965483965314,0.03282527218702069,0.75
99.07624624300115,14.08276626631911,14.073118549397364,0.012157975317605945,0.024054989399531115,0.010185560768798717,0.012684235693401043,0.03193139463107992,0.012805133352311957,0.007848746260219638,0.03193139463107992,0.75
99.12561899400134,14.083162250009805,14.073892393346657,0.01187951072084291,0.02321531847880424,0.009938948490325863,0.012448456962916911,0.031066331452200113,0.012535398259896396,0.0077177926454389326,0.031066331452200113,0.75
99.17387432100077,14.083548851321355,14.074639915380683,0.011598039346528831,0.022425661020769747,0.009710043557689304,0.012178415566059787,0.03022869803259449,0.012270801824990085,0.007587416263543619,0.03022869803259449,0.75
99.2138534400001,14.083925592778124,14.075364284302788,0.011302243703060787,0.021731067663177943,0.009492325070727219,0.011904688006855076,0.029416067980757122,0.012012312528640963,0.007459072146503359,0.029416067980757122,0.75
99.24381584600087,14.084293356941421,14.076064146378727,0.011032924898906598,0.020995862278157196,0.00929306100003902,0.011597075099304903,0.02862907132179815,0.011758846443998005,0.0073314949364759125,0.02862907132179815,0.75
99.40288458000032,14.084652334956727,14.0767407440936,0.010769340459201419,0.020297931446195502,0.009086888119234665,0.011338336254378705,0.027866535622496427,0.011510409629430467,0.007204896203142614,0.027866535622496427,0.75
99.47150377400067,14.08500273212637,14.077395343260706,0.010511915089258311,0.01963797501317546,0.008886060767751378,0.011080497038682247,0.027127265803517733,0.011266997819807048,0.007079481462798429,0.027127265803517733,0.75
99.50358413700087,14.08500273212637,14.077395343260706,0.010511915089258311,0.01963797501317546,0.008690118820075107,0.010821871731388185,0.027127265803517733,0.011266997819807048,0.007079481462798429,0.027127265803517733,0.75
99.53771273700113,14.085344275320624,14.078030502461532,0.010246295827647316,0.019054776024753212,0.008690118820075107,0.010821871731388185,0.026409261405241767,0.011029281987078912,0.006956318919620695,0.026409261405241767,0.75
99.57543693700063,14.085677117368942,14.078647441262351,0.009985261449546019,0.018508164024568764,0.008507947182787091,0.010536631923615735,0.02571141247593736,0.010797302437619317,0.006835649245558916,0.02571141247593736,0.75
99.60007462400063,14.086000906023122,14.07924850066102,0.009713659625383654,0.018031781960040228,0.008331725761330353,0.010247660322907148,0.02503196670238146,0.010571774162860552,0.006718546897570231,0.02503196670238146,0.75
99.62601517599978,14.086315212195343,14.079835920178498,0.00942918516665636,0.01762258552431474,0.008170898201647733,0.009932430162955553,0.024369315384441384,0.010353472130214859,0.006606127139471273,0.024369315384441384,0.75
99.67092899900126,14.086315212195343,14.079835920178498,0.00942918516665636,0.01762258552431474,0.008027276704662838,0.009590528506912855,0.024369315384441384,0.010353472130214859,0.006606127139471273,0.024369315384441384,0.75
99.69923234199996,14.086620808958507,14.080409101261443,0.009167902894922354,0.017195432488334387,0.008027276704662838,0.009590528506912855,0.023723534018124798,0.010141538969583573,0.00649746729127353,0.023723534018124798,0.75
99.73067478000121,14.086918567659266,14.080967123946264,0.00893276102278943,0.016740680544635008,0.007878449304539022,0.009273639245555831,0.02309489647004393,0.009934969851327021,0.006391449803929661,0.02309489647004393,0.75
99.77824407300068,14.087208315609047,14.08151163696781,0.00869243849344576,0.016335390646393288,0.007721775727059893,0.008988467726954493,0.022482143073287105,0.009734193872216754,0.006288759877408245,0.022482143073287105,0.75
99.80368529500083,14.087489762171234,14.08204437351277,0.008443396865601655,0.015982096348804865,0.007576221294885334,0.00868712864435285,0.021884025522767723,0.009539769861062154,0.006190221312955286,0.021884025522767723,0.75
99.84132983600102,14.087763142120512,14.082565788842762,0.008201398478301512,0.01564245989976598,0.007444199709404377,0.008366368677946007,0.021300056559500548,0.00935153733915973,0.006095755349263562,0.021300056559500548,0.75
99.85595045800073,14.087763142120512,14.082565788842762,0.008201398478301512,0.01564245989976598,0.007316018792507112,0.00804873521737762,0.021300056559500548,0.00935153733915973,0.006095755349263562,0.021300056559500548,0.75
99.88831612099966,14.088028720762505,14.083076197619881,0.007967359259825411,0.01531226331359686,0.007316018792507112,0.00804873521737762,0.020729848373380773,0.009169283626620043,0.006005209799568165,0.020729848373380773,0.75
99.92408106600124,14.088287919537494,14.083573123837947,0.007775963249681273,0.01490778654198215,0.0071908636815991665,0.007736444391960031,0.020174614970392857,0.008991216596615155,0.005916453188503392,0.020174614970392857,0.75
99.95923474700066,14.088541687052688,14.084055072584848,0.007613025455804606,0.014458462407022643,0.007046502512696506,0.007482204236863005,0.019635010717414907,0.008816164954839533,0.005828112857416869,0.019635010717414907,0.75
99.98832800899982,14.088790425237304,14.084522100731625,0.007462145538511936,0.014010844403352287,0.006890497673829047,0.007269849970938381,0.019110728194456427,0.008643740662849439,0.005739825486669578,0.019110728194456427,0.75
100.0223522590004,14.089034860266676,14.084973060173985,0.0073330508811579025,0.01352878327079847,0.006732287439588079,0.007071392626362801,0.018602236690946582,0.0084730464906403,0.005650539104842902,0.018602236690946582,0.75
100.10483310299969,14.089510901718667,14.085831653943663,0.007078730906832067,0.0126659861517011,0.006565309204629392,0.006909669863535918,0.017628477323001747,0.00813753405571137,0.005470436097714141,0.017628477323001747,0.75
100.13759564900101,14.08974292089346,14.086240014778284,0.006960575243837244,0.012250825038647002,0.0,0.0,0.017162309433746064,0.007972422073823454,0.005379457641723522,0.017162309433746064,0.75
100.18727690800006,14.08997110485934,14.086634999437072,0.0068455189763685495,0.011849539763674907,0.0,0.0,0.016709338041628753,0.007809000280868892,0.0052878876895411046,0.016709338041628753,0.75
100.22283470500042,14.090195706146593,14.087016145138787,0.006738038617608261,0.011434371051428948,0.0,0.0,0.01626974692553607,0.00764694670025361,0.005195340326223842,0.01626974692553607,0.75
100.30772265800078,14.090416550751238,14.087384941234392,0.006625338139338288,0.011063882868134391,0.0,0.0,0.01584241797085696,0.007486666734267403,0.0051024515982944305,0.01584241797085696,0.75
100.33754329899966,14.090633593573987,14.087742052647444,0.006511284682469129,0.010713342391543444,0.0,0.0,0.015426822182007421,0.007328309193542871,0.005009474556943315,0.015426822182007421,0.75
100.38502882899957,14.090846582313272,14.088088965620992,0.00638966217854642,0.010407389206452476,0.0,0.0,0.015021910508507097,0.00717235632190041,0.004917118545538661,0.015021910508507097,0.75
100.41336097600106,14.09105521450614,14.088427138320942,0.006258965786004823,0.010145180998477374,0.0,0.0,0.014626698703869383,0.007019335501072809,0.004826131616017212,0.014626698703869383,0.75
100.42176490299971,14.09105521450614,14.088427138320942,0.006258965786004823,0.010145180998477374,0.0,0.0,0.014626698703869383,0.007019335501072809,0.004826131616017212,0.014626698703869383,0.75
100.46168486200077,14.09124569304903,14.08873972059585,0.005714356286719621,0.009377468247269127,0.0,0.0,0.014262951393428532,0.006880230799689113,0.004744274398540884,0.014262951393428532,0.75
100.48657317300058,14.091417803827214,14.08902620975872,0.005163323345506082,0.008594674886064906,0.0,0.0,0.013931193897429906,0.006755174855137526,0.004671591057507288,0.013931193897429906,0.75
100.52040676999968,14.091572317893373,14.089287119146421,0.004635421984788647,0.00782728163108088,0.0,0.0,0.013630540776994793,0.00664348665247881,0.004607512438259429,0.013630540776994793,0.75
100.55881526300072,14.091710489616217,14.089523601559337,0.0041451516852971555,0.007094472387490182,0.0,0.0,0.013359300381769848,0.006544108117070466,0.0045512130871362445,0.013359300381769848,0.75
100.58873171199957,14.091833763129845,14.089737179587317,0.003698205408821254,0.006407340839385386,0.0,0.0,0.013115369131002393,0.00645585174479018,0.004501804460227957,0.013115369131002393,0.75
100.62698563600134,14.09194360706979,14.089929558389047,0.0032953181983741715,0.005771364051865684,0.0,0.0,0.012896482516001626,0.006377534462557095,0.004458432502555769,0.012896482516001626,0.75
100.65274992200102,14.092041426892985,14.090102499881507,0.0029345946958275033,0.0051882447737904855,0.0,0.0,0.012700369856632657,0.006308044494745077,0.004420321044118223,0.012700369856632657,0.75
100.68854700300108,14.092128523059172,14.090257741383907,0.002612884985581269,0.004657245071981284,0.0,0.0,0.012524845395166606,0.0062463699066374325,0.004386785745587401,0.012524845395166606,0.75
100.77115733000028,14.092206075510612,14.090396945646537,0.0023265735431909746,0.004176127878935627,0.0,0.0,0.012367858014297795,0.0061916060965242796,0.004357233019976927,0.012367858014297795,0.75
100.80112681900027,14.092275142587882,14.090521672513546,0.002072012318117545,0.0037418060102474525,0.0,0.0,0.012227514628002433,0.0061429524228249445,0.004331152100241791,0.012227514628002433,0.75
100.82101055600106,14.092275142587882,14.090521672513546,0.002072012318117545,0.0037418060102474525,0.0,0.0,0.012227514628002433,0.0061429524228249445,0.004331152100241791,0.012227514628002433,0.75
100.88569326499965,14.092391487128062,14.090733345655602,0.0016445937532214578,0.0029994157514189592,0.0,0.0,0.011990010461254386,0.006061240587074516,0.004287714503616446,0.011990010461254386,0.75
100.96873519600013,14.092440344327992,14.090822816958886,0.0014657159979289884,0.002684139098523696,0.0,0.0,0.011889873104849864,0.006027018191990997,0.004269657635772872,0.011889873104849864,0.75
100.99804754900106,14.092483896802484,14.090902867908342,0.0013065742347827152,0.002401528483700597,0.0,0.0,0.011800407601805988,0.005996557649930393,0.0042536543127487236,0.011800407601805988,0.75
101.03221084899997,14.09252272769445,14.090974480630852,0.001164926758926688,0.002148381675255285,0.0,0.0,0.011720477849226732,0.005969437043759182,0.004239461890517764,0.011720477849226732,0.75
101.0652843730004,14.092557354235892,14.091038538694288,0.0010387962432750917,0.0019217419030782739,0.0,0.0,0.011649067117316973,0.005945284096384635,0.004226869086725832,0.011649067117316973,0.75
101.11022647900063,14.092588235557203,14.09109583553834,0.0009264396393478578,0.0017189053215233,0.0,0.0,0.011585266372241271,0.0059237697801373295,0.004215691238189022,0.011585266372241271,0.75
101.15232315499998,14.092615779544944,14.091147082741422,0.000826319632212909,0.0015374160924569863,0.0,0.0,0.011528263343456222,0.0059046028402085235,0.004205766409244318,0.011528263343456222,0.75
101.18242443100098,14.092640348839673,14.09119291788393,0.0007370788418536872,0.0013750542752268388,0.0,0.0,0.011477332468866142,0.005887525104097533,0.004196952188261794,0.011477332468866142,0.75
101.18840138700034,14.092640348839673,14.09119291788393,0.0007370788418536872,0.0013750542752268388,0.0,0.0,0.011477332468866142,0.005887525104097533,0.004196952188261794,0.011477332468866142,0.75
101.23395270500077,14.092662266076553,14.091233911881114,0.000657517106434045,0.0012298199155284407,0.0,0.0,0.011431825752668172,0.00587230745571899,0.004189123034825699,0.011431825752668172,0.75
101.2693818860007,14.092681818468312,14.09127057573118,0.0005865717527561888,0.001099915501984262,0.0,0.0,0.011391164514472963,0.005858746367362509,0.004182168065869721,0.011391164514472963,0.75
101.31355430500116,14.092699261820613,14.091303366669093,0.0005233005690374593,0.000983728137428374,0.0,0.0,0.011354831978333665,0.005846660898987565,0.004175989192362509,0.011354831978333665,0.75
101.33252485199955,14.092714824058419,14.091332693743356,0.00046686713420199,0.0008798122278860914,0.0,0.0,0.011322366636275696,0.005835890090005574,0.004170499537415988,0.011322366636275696,0.75
101.35493509000116,14.092714824058419,14.091332693743356,0.00046686713420199,0.0008798122278860914,0.0,0.0,0.011322366636275696,0.005835890090005574,0.004170499537415988,0.011322366636275696,0.75
101.4034945530002,14.092728708330487,14.091358922847956,0.00041652816202384995,0.0007868731379986503,0.0,0.0,0.011293356316467612,0.00582629068227876,0.004165622082346759,0.011293356316467612,0.75
101.4395204070006,14.092741095748876,14.091382381249135,0.0003716225516434181,0.000703752035379618,0.0,0.0,0.011267432886964237,0.005817735124357839,0.004161288499222853,0.011267432886964237,0.75
101.46275894199971,14.092752147811504,14.091403361649313,0.00033156187885010697,0.0006294120053296072,0.0,0.0,0.011244267529669314,0.005810109816184682,0.004157438137747863,0.011244267529669314,0.75
101.52147869200053,14.092752147811504,14.091403361649313,0.00033156187885010697,0.0006294120053296072,0.0,0.0,0.011244267529669314,0.005810109816184682,0.004157438137747863,0.011244267529669314,0.75
101.55586709900126,14.09276200854835,14.091422125830388,0.0002958221053586402,0.0005629254322430013,0.0,0.0,0.011223566524231548,0.005803313560759075,0.00415401714129598,0.011223566524231548,0.75
101.58885679600098,14.092770806425742,14.091438907916894,0.00026393632177198367,0.0005034625951693085,0.0,0.0,0.01120506748705718,0.005797256195116181,0.004150977672243507,0.01120506748705718,0.75
101.71022840099977,14.092785659612774,14.091467341235285,0.0002101072383717534,0.00040271815257380265,0.0,0.0,0.011173762697400131,0.005787045511227757,0.0041458780533029805,0.011173762697400131,0.75
101.81525514900022,14.092791908348513,14.091479347211873,0.00018746207214755928,0.00036017929764342257,0.0,0.0,0.011160560433600142,0.005782756788847832,0.00414374658276369,0.011160560433600142,0.75
101.87484657200002,14.09280245798335,14.091499688596667,0.00014923124122859542,0.00028810753982254616,0.0,0.0,0.011138218216351978,0.005775527485962807,0.004140170793019308,0.011138218216351978,0.75
101.8894102230006,14.09280245798335,14.091499688596667,0.00014923124122859542,0.00028810753982254616,0.0,0.0,0.011138218216351978,0.005775527485962807,0.004140170793019308,0.011138218216351978,0.75
101.95460114399975,14.092806896236882,14.091508277774707,0.00013314760593645836,0.00025767534123105726,0.0,0.0,0.011128795446880422,0.005772491045007235,0.004138676416550036,0.011128795446880422,0.75
101.98725272299998,14.092810856151985,14.091515959698318,0.0001187974531091637,0.00023045770834828594,0.0,0.0,0.01112037450394544,0.00576978475437351,0.004137348934418006,0.01112037450394544,0.75
102.03237801700016,14.092814389282966,14.09152283020038,0.00010599392942472662,0.00020611506189481297,0.0,0.0,0.011112848833144676,0.005767372725513018,0.004136169742751497,0.011112848833144676,0.75
102.08028780300083,14.092817541627332,14.091528974990437,9.457033099720427e-05,0.00018434370171488914,0.0,0.0,0.01110612322044662,0.005765222970447789,0.004135122308059974,0.01110612322044662,0.75
102.105215167001,14.092820354224905,14.091534470724241,8.437792721873409e-05,0.0001648720140955861,0.0,0.0,0.011100112583868567,0.0057633069777851985,0.004134191937082947,0.011100112583868567,0.75
102.14566034000018,14.092822863692268,14.091539385960255,7.528402089222802e-05,0.00014745708039520786,0.0,0.0,0.011094740894193395,0.005761599334884065,0.004133365572240388,0.011094740894193395,0.75
102.1927108359996,14.092825102699553,14.091543782015071,6.71702185380773e-05,0.0001318816444639024,0.0,0.0,0.011089940210865994,0.005760077391101396,0.004132631609818741,0.011089940210865994,0.75
102.24362902699977,14.092827100395814,14.091547713728431,5.993088780527712e-05,0.00011795140083252853,0.0,0.0,0.011085649820748805,0.005758720957648719,0.004131979738342262,0.011085649820748805,0.75
102.26856361499995,14.092828882788533,14.09155123014742,5.347178155589733e-05,0.00010549256967855907,0.0,0.0,0.011081815468705977,0.005757512040073008,0.0041314007949063425,0.011081815468705977,0.75
102.28963314199973,14.092828882788533,14.09155123014742,5.347178155589733e-05,0.00010549256967855907,0.0,0.0,0.011081815468705977,0.005757512040073008,0.0041314007949063425,0.011081815468705977,0.75
102.32520947900048,14.092830473082216,14.09155437513836,4.770881049265112e-05,9.434972818863302e-05,0.0,0.0,0.011078388670215936,0.005756434599802319,0.0041308866374488926,0.011078388670215936,0.75
102.35935485600021,14.09283189198049,14.091557187934065,4.2566948216666954e-05,8.43838711663519e-05,0.0,0.0,0.01107532609723339,0.005755474341606164,0.004130430031217292,0.01107532609723339,0.75
102.45948151000084,14.092834287489074,14.09156195358844,3.388600316295573e-05,6.749895463249913e-05,0.0,0.0,0.011070142864157497,0.0057538557911121085,0.0041296644755978665,0.011070142864157497,0.75
102.48965122000118,14.092835295285932,14.091563965897112,3.0233905714678675e-05,6.036926015063414e-05,0.0,0.0,0.011067956677944881,0.005753176020691791,0.004129344739681456,0.011067956677944881,0.75
102.53053734800051,14.092836194466479,14.09156576565219,2.6975416397019023e-05,5.399265232031419e-05,0.0,0.0,0.011066002835526584,0.005752570191424851,0.004129060831294248,0.011066002835526584,0.75
102.5605494370011,14.092836996736938,14.09156737530502,2.4068113812459e-05,4.828958491397856e-05,0.0,0.0,0.011064256639874178,0.00575203026259656,0.0041288087446347994,0.011064256639874178,0.75
102.59229061500082,14.09283771254189,14.091568814935487,2.1474148540697654e-05,4.318891397092475e-05,0.0,0.0,0.011062696019717048,0.005751549067656133,0.004128584920882444,0.011062696019717048,0.75
102.62321472800068,14.092838351200236,14.091570102502496,1.9159750396323232e-05,3.8627010270917886e-05,0.0,0.0,0.011061301250285952,0.005751120219200549,0.004128386198423232,0.011061301250285952,0.75
102.71228878799957,14.092838921026528,14.091571254068015,1.7094788791329518e-05,3.4546965562497407e-05,0.0,0.0,0.011060054703763696,0.005750738024281336,0.004128209768589263,0.011060054703763696,0.75
102.73934584200106,14.092839429439211,14.091572283997436,1.5252380478806365e-05,3.089788264006815e-05,0.0,0.0,0.011058940626293878,0.005750397408932913,0.004128053136335674,0.011058940626293878,0.75
102.77166512300028,14.092839883057197,14.091573205138783,1.360853957133889e-05,2.7634240411274394e-05,0.0,0.0,0.011057944938714587,0.005750093850878757,0.004127914085289026,0.011057944938714587,0.75
