[INFO] [launch]: All log files can be found below /home/zrj/.ros/log/2026-10-02-09-56-25-201429-zrj-virtual-machine-182916
[INFO] [launch]: Default logging verbosity is set to INFO
[INFO] [sim_robot-2]: process started with pid [182929]
[INFO] [static_transform_publisher-1]: process started with pid [182927]
[INFO] [esdf_map_publisher-3]: process started with pid [182931]
[INFO] [planner_server-4]: process started with pid [182933]
[INFO] [controller_node-5]: process started with pid [182935]
[INFO] [sp_decision_node-6]: process started with pid [182937]
[INFO] [nav_interface_node-7]: process started with pid [182939]
[INFO] [rviz2-8]: process started with pid [182941]
[static_transform_publisher-1] [WARN] [1790949385.577699858] []: Old-style arguments are deprecated; see --help for new-style arguments
[static_transform_publisher-1] [INFO] [1790949385.791264545] [static_transform_publisher_T5ylBabUinplkNP0]: Spinning until stopped - publishing transform
[static_transform_publisher-1] translation: ('0.000000', '0.150000', '0.000000')
[static_transform_publisher-1] rotation: ('0.000000', '0.000000', '0.000000', '1.000000')
[static_transform_publisher-1] from 'base_link' to 'livox_frame'
[nav_interface_node-7] [INFO] [1790949385.845037523] [nav_interface_node]: Loading plugin: nav_compute_path_service
[planner_server-4] [INFO] [1790949385.880178413] [planner_server]: PlannerServer ready. costmap_topic=/global_costmap local_costmap_topic=/local_costmap/costmap path_topic=/global_path service=make_plan plugin=AStar (sp_global_planner/AStarPlanner)
[nav_interface_node-7] [INFO] [1790949385.887706250] [nav_interface_node]: Loading plugin: nav_state_track
[nav_interface_node-7] [INFO] [1790949385.892924863] [nav_interface_node]: Loading plugin: nav_rate_control
[planner_server-4] [INFO] [1790949385.894268560] [planner_server]: AStarPlanner configured: lethal_cost=95 cost_weight=6.000
[planner_server-4] [INFO] [1790949385.894381902] [planner_server]: PlannerServer ready. costmap_topic=/global_costmap local_costmap_topic=/local_costmap/costmap path_topic=/global_path service=make_plan plugin=AStar (sp_global_planner/AStarPlanner)
[nav_interface_node-7] [INFO] [1790949385.899277580] [nav_interface_node]: Loading plugin: nav_repeat_sequence
[nav_interface_node-7] [INFO] [1790949385.901025654] [nav_interface_node]: Loading plugin: nav_get_pose
[controller_node-5] [INFO] [1790949385.903542792] [controller_server]: MPC configured: max_speed=1.25 m/s horizon=28 dt=0.070 s
[controller_node-5] [INFO] [1790949385.903791127] [controller_server]: Loaded controller plugin: MpcController (MpcController)
[nav_interface_node-7] [INFO] [1790949385.909023180] [nav_interface_node]: Loading plugin: nav_set_control_enable
[nav_interface_node-7] [INFO] [1790949385.916359288] [nav_interface_node]: Initializing BT from: /home/zrj/nav_final_project/install/sp_nav_bt/share/sp_nav_bt/nav_bt/default_nav_with_fallback.xml
[nav_interface_node-7] [INFO] [1790949386.033798555] [nav_interface_node]: Navigation Interface Node initialized.
[nav_interface_node-7] [INFO] [1790949386.038446339] [nav_interface_node]: Restart-task service ready at /nav_interface/restart_task
[sp_decision_node-6] [WARN] [1790949386.184332218] [rcl.logging_rosout]: Publisher already registered for provided node name. If this is due to multiple nodes with the same name then all logs for that logger name will go out over the existing publisher. As soon as any node with that name is destructed it will unregister the publisher, preventing any further logs for that name from being published on the rosout topic.
[sp_decision_node-6] [INFO] [1790949386.205147728] [sp_decision]: [BlackboardBridge] Initialized (goal_pose only).
[sim_robot-2] pygame 2.1.2 (SDL 2.0.20, Python 3.10.12)
[sim_robot-2] Hello from the pygame community. https://www.pygame.org/contribute.html
[esdf_map_publisher-3] [INFO] [1790949386.728777073] [esdf_map_publisher]: Loaded map: /home/zrj/nav_final_project/install/sp_nav_bringup/share/sp_nav_bringup/map/maze_map.pgm  size=300x300  res=0.050 m/cell  origin=[0.000, 0.000, 0.000]  negate=0  unknown_as_obstacle=false
[sp_decision_node-6] [INFO] [1790949387.705095032] [sp_decision]: [BtEngine] Loading plugin: nav_to_pose_bt_node
[sp_decision_node-6] [INFO] [1790949387.712471125] [sp_decision]: [BtEngine] Loading plugin: condition_judge_bt_node
[sp_decision_node-6] [INFO] [1790949388.060434223] [sp_decision]: [BtEngine] Loading plugin: wait_duration_bt_node
[sp_decision_node-6] [INFO] [1790949388.063510795] [sp_decision]: [BtEngine] Loading plugin: gimbal_control_bt_node
[sp_decision_node-6] [INFO] [1790949388.068583915] [sp_decision]: [BtEngine] Loading plugin: chassis_mode_bt_node
[sp_decision_node-6] [INFO] [1790949388.075365101] [sp_decision]: [BtEngine] Loading plugin: set_double_bt_node
[sp_decision_node-6] [INFO] [1790949388.078018843] [sp_decision]: [BtEngine] Initialising tree from: /home/zrj/nav_final_project/install/sp_decision/share/sp_decision/decision_trees/click_nav.xml
[sp_decision_node-6] [WARN] [1790949388.088410935] [rcl.logging_rosout]: Publisher already registered for provided node name. If this is due to multiple nodes with the same name then all logs for that logger name will go out over the existing publisher. As soon as any node with that name is destructed it will unregister the publisher, preventing any further logs for that name from being published on the rosout topic.
[sp_decision_node-6] [INFO] [1790949388.125317088] [sp_decision]: [NavToPose] BT node 'NavToPose' initialised (ros node: nav_to_pose_0).
[sp_decision_node-6] [INFO] [1790949388.127736159] [sp_decision]: [ChassisMode] BT node initialised.
[sp_decision_node-6] [INFO] [1790949388.129560415] [sp_decision]: [GimbalControl] BT node initialised.
[sp_decision_node-6] [INFO] [1790949388.130102059] [sp_decision]: [WaitDuration] BT node initialised.
[sp_decision_node-6] [INFO] [1790949388.130671546] [sp_decision]: [DecisionEngine] Started with tree: /home/zrj/nav_final_project/install/sp_decision/share/sp_decision/decision_trees/click_nav.xml
[sp_decision_node-6] [INFO] [1790949388.130874867] [sp_decision]: [DecisionEngine] Started: /home/zrj/nav_final_project/install/sp_decision/share/sp_decision/decision_trees/click_nav.xml
[sp_decision_node-6] [INFO] [1790949388.138141785] [ConditionJudge]: [ConditionJudge] Initialised: 2 variables, 3 conditions, 3 children.
[sp_decision_node-6] [INFO] [1790949388.138355746] [sp_decision]: [WaitDuration] duration < 0 – blocking forever (RUNNING).
[rviz2-8] [INFO] [1790949388.910955340] [rviz2]: Stereo is NOT SUPPORTED
[rviz2-8] [INFO] [1790949388.911290057] [rviz2]: OpenGl version: 4.3 (GLSL 4.3)
[rviz2-8] [INFO] [1790949389.228155911] [rviz2]: Stereo is NOT SUPPORTED
[sim_robot-2] [0m[INFO] [1790949389.414282299] [sim_robot_node]: SimRobotNode ready | map=/home/zrj/nav_final_project/install/sp_nav_bringup/share/sp_nav_bringup/map/maze_map.pgm | robots=[1, 2, 3] | sim=30.0Hz pub=30.0Hz odom=30.0Hz[0m
[sim_robot-2] [0m[INFO] [1790949389.415876615] [sim_robot_node]: map->lidar_odom origin=(0.900, 0.900) | start: base_link ≡ lidar_odom[0m
[sim_robot-2] [0m[INFO] [1790949389.416640566] [sim_robot_node]: gimbal_topic=/gimbal/control scan_speed=1.0 rad/s | chassis_topic=/chassis/mode[0m
[sim_robot-2] [0m[INFO] [1790949389.417259004] [sim_robot_node]: local_costmap_topic=/local_costmap/costmap frame=map window=4.00x4.00m[0m
[rviz2-8] [INFO] [1790949390.909343623] [rviz2]: Trying to create a map of size 300 x 300 using 1 swatches
[rviz2-8] [ERROR] [1790949390.949812442] [rviz2]: Vertex Program:rviz/glsl120/indexed_8bit_image.vert Fragment Program:rviz/glsl120/indexed_8bit_image.frag GLSL link result : 
[rviz2-8] active samplers with a different type refer to the same texture image unit
[rviz2-8] [INFO] [1790949391.494404744] [rviz2]: Trying to create a map of size 58 x 58 using 1 swatches
[sp_decision_node-6] [INFO] [1790949425.371067609] [sp_decision]: [BlackboardBridge] New goal_pose  x=14.100  y=14.100
[planner_server-4] [INFO] [1790949425.371439355] [planner_server]: Received goal from /goal_pose: (14.100, 14.100) frame=map
[sp_decision_node-6] [INFO] [1790949425.431153952] [ConditionJudge]: [ConditionJudge] Switching child 2 -> 0, halting previous.
[sp_decision_node-6] [INFO] [1790949425.431203094] [sp_decision]: [WaitDuration] Halted – timer cleared.
[sp_decision_node-6] [INFO] [1790949425.431431111] [sp_decision]: [DecisionEngine] SUCCEEDED – restarting
[sp_decision_node-6] [INFO] [1790949425.531233567] [sp_decision]: [NavToPose] Using blackboard PoseStamped  x=14.100  y=14.100  frame='map'
[sp_decision_node-6] [INFO] [1790949425.532016033] [sp_decision]: [NavToPose] Sending goal  x=14.100  y=14.100  frame='map'
[nav_interface_node-7] [INFO] [1790949425.534077659] [nav_interface_node]: Received goal request: Go to (14.10, 14.10)
[nav_interface_node-7] [INFO] [1790949425.536088991] [nav_interface_node]: BT goal_pose set to ORIGINAL action goal: (14.100, 14.100)
[nav_interface_node-7] [INFO] [1790949425.536252557] [nav_interface_node]: Executing Static BT for goal...
[nav_interface_node-7] [INFO] [1790949425.536292803] [nav_interface_node]: Running Behavior Tree...
[planner_server-4] [INFO] [1790949425.601032817] [planner_server]: Planning took 63 ms
[planner_server-4] [INFO] [1790949425.601909519] [planner_server]: Plan computed: 889 poses
[controller_node-5] [INFO] [1790949425.608475982] [controller_server]: Control enabled
[nav_interface_node-7] [INFO] [1790949425.616900439] [nav_interface_node]: [SetControlEnable] Control enabled
[nav_interface_node-7] [INFO] [1790949425.617106775] [nav_interface_node]: [NavStateTrack] Task started, monitoring navigation progress.
[nav_interface_node-7] [INFO] [1790949425.617147031] [nav_interface_node]: [NavStateTrack] onStart() entered.
[controller_node-5] [WARN] [1790949425.622433492] [controller_server]: path_copy succeeded.
[controller_node-5] [INFO] [1790949425.623155374] [controller_server]: Computed velocity commands: linear.x=-0.01, linear.y=-0.03, angular.z=0.00
[sp_decision_node-6] [INFO] [1790949425.731811099] [sp_decision]: [NavToPose] Goal ACCEPTED – robot is navigating.
[planner_server-4] [INFO] [1790949425.756579654] [planner_server]: Planning took 27 ms
[planner_server-4] [INFO] [1790949425.759180154] [planner_server]: Plan computed: 889 poses
[planner_server-4] [INFO] [1790949425.891384959] [planner_server]: Planning took 23 ms
[planner_server-4] [INFO] [1790949425.892084950] [planner_server]: Plan computed: 889 poses
[planner_server-4] [INFO] [1790949426.020055396] [planner_server]: Planning took 22 ms
[planner_server-4] [INFO] [1790949426.020609544] [planner_server]: Plan computed: 888 poses
[planner_server-4] [INFO] [1790949426.148631115] [planner_server]: Planning took 21 ms
[planner_server-4] [INFO] [1790949426.149021506] [planner_server]: Plan computed: 888 poses
[planner_server-4] [INFO] [1790949426.279912687] [planner_server]: Planning took 20 ms
[planner_server-4] [INFO] [1790949426.280291627] [planner_server]: Plan computed: 888 poses
[planner_server-4] [INFO] [1790949426.408696281] [planner_server]: Planning took 20 ms
[planner_server-4] [INFO] [1790949426.409230852] [planner_server]: Plan computed: 888 poses
[planner_server-4] [INFO] [1790949426.539398513] [planner_server]: Planning took 22 ms
[planner_server-4] [INFO] [1790949426.539835091] [planner_server]: Plan computed: 888 poses
[rviz2-8] [INFO] [1790949426.567780765] [rviz2]: Trying to create a map of size 59 x 58 using 1 swatches
[planner_server-4] [INFO] [1790949426.673376711] [planner_server]: Planning took 25 ms
[planner_server-4] [INFO] [1790949426.673798301] [planner_server]: Plan computed: 887 poses
[rviz2-8] [INFO] [1790949426.758237785] [rviz2]: Trying to create a map of size 60 x 58 using 1 swatches
[planner_server-4] [INFO] [1790949426.802447850] [planner_server]: Planning took 23 ms
[planner_server-4] [INFO] [1790949426.802931846] [planner_server]: Plan computed: 886 poses
[planner_server-4] [INFO] [1790949426.928301981] [planner_server]: Planning took 20 ms
[planner_server-4] [INFO] [1790949426.928586134] [planner_server]: Plan computed: 885 poses
[rviz2-8] [INFO] [1790949426.982062658] [rviz2]: Trying to create a map of size 61 x 58 using 1 swatches
[rviz2-8] [INFO] [1790949427.014086464] [rviz2]: Trying to create a map of size 61 x 59 using 1 swatches
[planner_server-4] [INFO] [1790949427.065492721] [planner_server]: Planning took 25 ms
[planner_server-4] [INFO] [1790949427.065987087] [planner_server]: Plan computed: 884 poses
[rviz2-8] [INFO] [1790949427.077895380] [rviz2]: Trying to create a map of size 62 x 59 using 1 swatches
[rviz2-8] [INFO] [1790949427.142679643] [rviz2]: Trying to create a map of size 63 x 59 using 1 swatches
[planner_server-4] [INFO] [1790949427.199419257] [planner_server]: Planning took 21 ms
[planner_server-4] [INFO] [1790949427.199943649] [planner_server]: Plan computed: 882 poses
[rviz2-8] [INFO] [1790949427.205855993] [rviz2]: Trying to create a map of size 64 x 59 using 1 swatches
[rviz2-8] [INFO] [1790949427.269678764] [rviz2]: Trying to create a map of size 65 x 59 using 1 swatches
[rviz2-8] [INFO] [1790949427.301341995] [rviz2]: Trying to create a map of size 65 x 60 using 1 swatches
[planner_server-4] [INFO] [1790949427.333113578] [planner_server]: Planning took 22 ms
[planner_server-4] [INFO] [1790949427.333513748] [planner_server]: Plan computed: 881 poses
[rviz2-8] [INFO] [1790949427.333682534] [rviz2]: Trying to create a map of size 66 x 60 using 1 swatches
[rviz2-8] [INFO] [1790949427.366442196] [rviz2]: Trying to create a map of size 67 x 60 using 1 swatches
[planner_server-4] [INFO] [1790949427.460414897] [planner_server]: Planning took 22 ms
[planner_server-4] [INFO] [1790949427.460792975] [planner_server]: Plan computed: 880 poses
[rviz2-8] [INFO] [1790949427.461135251] [rviz2]: Trying to create a map of size 68 x 60 using 1 swatches
[rviz2-8] [INFO] [1790949427.590595417] [rviz2]: Trying to create a map of size 69 x 60 using 1 swatches
[planner_server-4] [INFO] [1790949427.591013619] [planner_server]: Planning took 23 ms
[planner_server-4] [INFO] [1790949427.592671213] [planner_server]: Plan computed: 878 poses
[controller_node-5] [WARN] [1790949427.622582025] [controller_server]: path_copy succeeded.
[controller_node-5] [INFO] [1790949427.623177971] [controller_server]: Computed velocity commands: linear.x=-0.31, linear.y=0.24, angular.z=0.00
[rviz2-8] [INFO] [1790949427.686251899] [rviz2]: Trying to create a map of size 70 x 60 using 1 swatches
[rviz2-8] [INFO] [1790949427.718510466] [rviz2]: Trying to create a map of size 71 x 59 using 1 swatches
[planner_server-4] [INFO] [1790949427.720248926] [planner_server]: Planning took 22 ms
[planner_server-4] [INFO] [1790949427.720683851] [planner_server]: Plan computed: 878 poses
[rviz2-8] [INFO] [1790949427.781831387] [rviz2]: Trying to create a map of size 72 x 59 using 1 swatches
[planner_server-4] [INFO] [1790949427.850517855] [planner_server]: Planning took 22 ms
[planner_server-4] [INFO] [1790949427.851473655] [planner_server]: Plan computed: 875 poses
[rviz2-8] [INFO] [1790949427.877392540] [rviz2]: Trying to create a map of size 73 x 59 using 1 swatches
[rviz2-8] [INFO] [1790949427.910834652] [rviz2]: Trying to create a map of size 74 x 59 using 1 swatches
[rviz2-8] [INFO] [1790949427.974442552] [rviz2]: Trying to create a map of size 75 x 59 using 1 swatches
[planner_server-4] [INFO] [1790949427.978824378] [planner_server]: Planning took 20 ms
[planner_server-4] [INFO] [1790949427.979349682] [planner_server]: Plan computed: 873 poses
[rviz2-8] [INFO] [1790949428.101243073] [rviz2]: Trying to create a map of size 76 x 59 using 1 swatches
[planner_server-4] [INFO] [1790949428.108096548] [planner_server]: Planning took 20 ms
[planner_server-4] [INFO] [1790949428.108627332] [planner_server]: Plan computed: 872 poses
[rviz2-8] [INFO] [1790949428.197487476] [rviz2]: Trying to create a map of size 77 x 59 using 1 swatches
[planner_server-4] [INFO] [1790949428.240296692] [planner_server]: Planning took 20 ms
[planner_server-4] [INFO] [1790949428.241438521] [planner_server]: Plan computed: 870 poses
[rviz2-8] [INFO] [1790949428.293442758] [rviz2]: Trying to create a map of size 78 x 59 using 1 swatches
[planner_server-4] [INFO] [1790949428.369687534] [planner_server]: Planning took 21 ms
[planner_server-4] [INFO] [1790949428.371091964] [planner_server]: Plan computed: 869 poses
[planner_server-4] [INFO] [1790949428.498069538] [planner_server]: Planning took 20 ms
[planner_server-4] [INFO] [1790949428.498484725] [planner_server]: Plan computed: 868 poses
[rviz2-8] [INFO] [1790949428.516919501] [rviz2]: Trying to create a map of size 79 x 59 using 1 swatches
[planner_server-4] [INFO] [1790949428.630376542] [planner_server]: Planning took 22 ms
[planner_server-4] [INFO] [1790949428.630762064] [planner_server]: Plan computed: 868 poses
[rviz2-8] [INFO] [1790949428.678762841] [rviz2]: Trying to create a map of size 80 x 59 using 1 swatches
[planner_server-4] [INFO] [1790949428.758941828] [planner_server]: Planning took 21 ms
[planner_server-4] [INFO] [1790949428.759366153] [planner_server]: Plan computed: 866 poses
[rviz2-8] [INFO] [1790949428.838622029] [rviz2]: Trying to create a map of size 80 x 60 using 1 swatches
[rviz2-8] [INFO] [1790949428.870751423] [rviz2]: Trying to create a map of size 80 x 61 using 1 swatches
[planner_server-4] [INFO] [1790949428.889202218] [planner_server]: Planning took 20 ms
[planner_server-4] [INFO] [1790949428.889599372] [planner_server]: Plan computed: 865 poses
[rviz2-8] [INFO] [1790949428.965943225] [rviz2]: Trying to create a map of size 80 x 62 using 1 swatches
[planner_server-4] [INFO] [1790949429.019985279] [planner_server]: Planning took 22 ms
[planner_server-4] [INFO] [1790949429.020489984] [planner_server]: Plan computed: 865 poses
[rviz2-8] [INFO] [1790949429.093326077] [rviz2]: Trying to create a map of size 80 x 63 using 1 swatches
[planner_server-4] [INFO] [1790949429.150668282] [planner_server]: Planning took 22 ms
[planner_server-4] [INFO] [1790949429.151220125] [planner_server]: Plan computed: 863 poses
[rviz2-8] [INFO] [1790949429.190404843] [rviz2]: Trying to create a map of size 80 x 64 using 1 swatches
[planner_server-4] [INFO] [1790949429.278077794] [planner_server]: Planning took 20 ms
[planner_server-4] [INFO] [1790949429.278342941] [planner_server]: Plan computed: 861 poses
[rviz2-8] [INFO] [1790949429.286113624] [rviz2]: Trying to create a map of size 80 x 65 using 1 swatches
[rviz2-8] [INFO] [1790949429.350796096] [rviz2]: Trying to create a map of size 80 x 66 using 1 swatches
[planner_server-4] [INFO] [1790949429.409370789] [planner_server]: Planning took 21 ms
[planner_server-4] [INFO] [1790949429.409973127] [planner_server]: Plan computed: 860 poses
[rviz2-8] [INFO] [1790949429.413962699] [rviz2]: Trying to create a map of size 80 x 67 using 1 swatches
[rviz2-8] [INFO] [1790949429.478330768] [rviz2]: Trying to create a map of size 80 x 68 using 1 swatches
[planner_server-4] [INFO] [1790949429.539316271] [planner_server]: Planning took 21 ms
[planner_server-4] [INFO] [1790949429.539962722] [planner_server]: Plan computed: 858 poses
[rviz2-8] [INFO] [1790949429.605874606] [rviz2]: Trying to create a map of size 80 x 69 using 1 swatches
[controller_node-5] [WARN] [1790949429.642980180] [controller_server]: path_copy succeeded.
[controller_node-5] [INFO] [1790949429.643377765] [controller_server]: Computed velocity commands: linear.x=-0.49, linear.y=0.26, angular.z=0.00
[planner_server-4] [INFO] [1790949429.671339542] [planner_server]: Planning took 22 ms
[planner_server-4] [INFO] [1790949429.671857031] [planner_server]: Plan computed: 856 poses
[rviz2-8] [INFO] [1790949429.703333605] [rviz2]: Trying to create a map of size 80 x 70 using 1 swatches
[rviz2-8] [INFO] [1790949429.766363382] [rviz2]: Trying to create a map of size 80 x 71 using 1 swatches
[planner_server-4] [INFO] [1790949429.799433228] [planner_server]: Planning took 20 ms
[planner_server-4] [INFO] [1790949429.799904370] [planner_server]: Plan computed: 855 poses
[rviz2-8] [INFO] [1790949429.861462897] [rviz2]: Trying to create a map of size 80 x 72 using 1 swatches
[planner_server-4] [INFO] [1790949429.928404405] [planner_server]: Planning took 20 ms
[planner_server-4] [INFO] [1790949429.928760171] [planner_server]: Plan computed: 854 poses
[rviz2-8] [INFO] [1790949429.990427626] [rviz2]: Trying to create a map of size 80 x 73 using 1 swatches
[planner_server-4] [INFO] [1790949430.063423208] [planner_server]: Planning took 24 ms
[planner_server-4] [INFO] [1790949430.063957909] [planner_server]: Plan computed: 853 poses
[rviz2-8] [INFO] [1790949430.085324887] [rviz2]: Trying to create a map of size 80 x 74 using 1 swatches
[planner_server-4] [INFO] [1790949430.197326241] [planner_server]: Planning took 19 ms
[planner_server-4] [INFO] [1790949430.197797173] [planner_server]: Plan computed: 852 poses
[rviz2-8] [INFO] [1790949430.277499787] [rviz2]: Trying to create a map of size 80 x 75 using 1 swatches
[planner_server-4] [INFO] [1790949430.332293028] [planner_server]: Planning took 23 ms
[planner_server-4] [INFO] [1790949430.332713215] [planner_server]: Plan computed: 850 poses
[rviz2-8] [INFO] [1790949430.372827303] [rviz2]: Trying to create a map of size 80 x 76 using 1 swatches
[rviz2-8] [INFO] [1790949430.437482986] [rviz2]: Trying to create a map of size 80 x 77 using 1 swatches
[planner_server-4] [INFO] [1790949430.458733776] [planner_server]: Planning took 20 ms
[planner_server-4] [INFO] [1790949430.459196252] [planner_server]: Plan computed: 849 poses
[rviz2-8] [INFO] [1790949430.469557675] [rviz2]: Trying to create a map of size 80 x 78 using 1 swatches
[planner_server-4] [INFO] [1790949430.589392554] [planner_server]: Planning took 21 ms
[planner_server-4] [INFO] [1790949430.590018772] [planner_server]: Plan computed: 847 poses
[rviz2-8] [INFO] [1790949430.597760995] [rviz2]: Trying to create a map of size 80 x 79 using 1 swatches
[rviz2-8] [INFO] [1790949430.693883052] [rviz2]: Trying to create a map of size 80 x 80 using 1 swatches
[planner_server-4] [INFO] [1790949430.721696593] [planner_server]: Planning took 24 ms
[planner_server-4] [INFO] [1790949430.722463610] [planner_server]: Plan computed: 845 poses
[planner_server-4] [INFO] [1790949430.849183671] [planner_server]: Planning took 21 ms
[planner_server-4] [INFO] [1790949430.849553012] [planner_server]: Plan computed: 845 poses
[planner_server-4] [INFO] [1790949430.984202743] [planner_server]: Planning took 21 ms
[planner_server-4] [INFO] [1790949430.984637287] [planner_server]: Plan computed: 845 poses
[planner_server-4] [INFO] [1790949431.109757465] [planner_server]: Planning took 22 ms
[planner_server-4] [INFO] [1790949431.110171190] [planner_server]: Plan computed: 845 poses
[planner_server-4] [INFO] [1790949431.240151598] [planner_server]: Planning took 20 ms
[planner_server-4] [INFO] [1790949431.240806063] [planner_server]: Plan computed: 844 poses
[planner_server-4] [INFO] [1790949431.370484616] [planner_server]: Planning took 22 ms
[planner_server-4] [INFO] [1790949431.370733732] [planner_server]: Plan computed: 843 poses
[planner_server-4] [INFO] [1790949431.500191522] [planner_server]: Planning took 21 ms
[planner_server-4] [INFO] [1790949431.500849664] [planner_server]: Plan computed: 842 poses
[planner_server-4] [INFO] [1790949431.630526464] [planner_server]: Planning took 22 ms
[planner_server-4] [INFO] [1790949431.630992357] [planner_server]: Plan computed: 841 poses
[controller_node-5] [WARN] [1790949431.661842455] [controller_server]: path_copy succeeded.
[controller_node-5] [INFO] [1790949431.662440615] [controller_server]: Computed velocity commands: linear.x=1.19, linear.y=-0.37, angular.z=0.00
[planner_server-4] [INFO] [1790949431.759108152] [planner_server]: Planning took 21 ms
[planner_server-4] [INFO] [1790949431.759556622] [planner_server]: Plan computed: 840 poses
[planner_server-4] [INFO] [1790949431.890573992] [planner_server]: Planning took 23 ms
[planner_server-4] [INFO] [1790949431.891147817] [planner_server]: Plan computed: 839 poses
[planner_server-4] [INFO] [1790949432.017849484] [planner_server]: Planning took 20 ms
[planner_server-4] [INFO] [1790949432.018420835] [planner_server]: Plan computed: 838 poses
[planner_server-4] [INFO] [1790949432.149965132] [planner_server]: Planning took 21 ms
[planner_server-4] [INFO] [1790949432.150314927] [planner_server]: Plan computed: 836 poses
[planner_server-4] [INFO] [1790949432.282252211] [planner_server]: Planning took 24 ms
[planner_server-4] [INFO] [1790949432.283151475] [planner_server]: Plan computed: 835 poses
[planner_server-4] [INFO] [1790949432.408332955] [planner_server]: Planning took 20 ms
[planner_server-4] [INFO] [1790949432.408689142] [planner_server]: Plan computed: 833 poses
[planner_server-4] [INFO] [1790949432.538617404] [planner_server]: Planning took 21 ms
[planner_server-4] [INFO] [1790949432.539307817] [planner_server]: Plan computed: 831 poses
[planner_server-4] [INFO] [1790949432.669565344] [planner_server]: Planning took 21 ms
[planner_server-4] [INFO] [1790949432.669999558] [planner_server]: Plan computed: 829 poses
[planner_server-4] [INFO] [1790949432.800124136] [planner_server]: Planning took 21 ms
[planner_server-4] [INFO] [1790949432.800496634] [planner_server]: Plan computed: 828 poses
[planner_server-4] [INFO] [1790949432.929280030] [planner_server]: Planning took 21 ms
[planner_server-4] [INFO] [1790949432.929822576] [planner_server]: Plan computed: 826 poses
[planner_server-4] [INFO] [1790949433.057581664] [planner_server]: Planning took 20 ms
[planner_server-4] [INFO] [1790949433.058166119] [planner_server]: Plan computed: 824 poses
[planner_server-4] [INFO] [1790949433.189236264] [planner_server]: Planning took 21 ms
[planner_server-4] [INFO] [1790949433.189626465] [planner_server]: Plan computed: 821 poses
[planner_server-4] [INFO] [1790949433.320991377] [planner_server]: Planning took 22 ms
[planner_server-4] [INFO] [1790949433.321489319] [planner_server]: Plan computed: 819 poses
[planner_server-4] [INFO] [1790949433.450693700] [planner_server]: Planning took 21 ms
[planner_server-4] [INFO] [1790949433.451319101] [planner_server]: Plan computed: 817 poses
[planner_server-4] [INFO] [1790949433.578192511] [planner_server]: Planning took 20 ms
[planner_server-4] [INFO] [1790949433.578649838] [planner_server]: Plan computed: 814 poses
[controller_node-5] [WARN] [1790949433.661964181] [controller_server]: path_copy succeeded.
[controller_node-5] [INFO] [1790949433.682361829] [controller_server]: Computed velocity commands: linear.x=-0.29, linear.y=-0.38, angular.z=0.00
[planner_server-4] [INFO] [1790949433.710247645] [planner_server]: Planning took 20 ms
[planner_server-4] [INFO] [1790949433.710738164] [planner_server]: Plan computed: 814 poses
[planner_server-4] [INFO] [1790949433.837636481] [planner_server]: Planning took 19 ms
[planner_server-4] [INFO] [1790949433.838357511] [planner_server]: Plan computed: 812 poses
[planner_server-4] [INFO] [1790949433.968289670] [planner_server]: Planning took 20 ms
[planner_server-4] [INFO] [1790949433.968769028] [planner_server]: Plan computed: 811 poses
[planner_server-4] [INFO] [1790949434.097707106] [planner_server]: Planning took 19 ms
[planner_server-4] [INFO] [1790949434.097927318] [planner_server]: Plan computed: 809 poses
[planner_server-4] [INFO] [1790949434.228712605] [planner_server]: Planning took 21 ms
[planner_server-4] [INFO] [1790949434.229164742] [planner_server]: Plan computed: 808 poses
[planner_server-4] [INFO] [1790949434.360908252] [planner_server]: Planning took 23 ms
[planner_server-4] [INFO] [1790949434.361618702] [planner_server]: Plan computed: 806 poses
[planner_server-4] [INFO] [1790949434.488547298] [planner_server]: Planning took 20 ms
[planner_server-4] [INFO] [1790949434.488768202] [planner_server]: Plan computed: 807 poses
[planner_server-4] [INFO] [1790949434.618022492] [planner_server]: Planning took 19 ms
[planner_server-4] [INFO] [1790949434.618350957] [planner_server]: Plan computed: 806 poses
[planner_server-4] [INFO] [1790949434.748307883] [planner_server]: Planning took 20 ms
[planner_server-4] [INFO] [1790949434.748798481] [planner_server]: Plan computed: 805 poses
[planner_server-4] [INFO] [1790949434.879096035] [planner_server]: Planning took 21 ms
[planner_server-4] [INFO] [1790949434.879417828] [planner_server]: Plan computed: 804 poses
[planner_server-4] [INFO] [1790949435.008343392] [planner_server]: Planning took 20 ms
[planner_server-4] [INFO] [1790949435.008819954] [planner_server]: Plan computed: 803 poses
[planner_server-4] [INFO] [1790949435.137415200] [planner_server]: Planning took 19 ms
[planner_server-4] [INFO] [1790949435.137924163] [planner_server]: Plan computed: 802 poses
[planner_server-4] [INFO] [1790949435.271068539] [planner_server]: Planning took 21 ms
[planner_server-4] [INFO] [1790949435.271840305] [planner_server]: Plan computed: 800 poses
[planner_server-4] [INFO] [1790949435.396779724] [planner_server]: Planning took 19 ms
[planner_server-4] [INFO] [1790949435.397222673] [planner_server]: Plan computed: 799 poses
[planner_server-4] [INFO] [1790949435.529845577] [planner_server]: Planning took 20 ms
[planner_server-4] [INFO] [1790949435.530449889] [planner_server]: Plan computed: 797 poses
[planner_server-4] [INFO] [1790949435.657280354] [planner_server]: Planning took 19 ms
[planner_server-4] [INFO] [1790949435.657602728] [planner_server]: Plan computed: 796 poses
[controller_node-5] [WARN] [1790949435.662546317] [controller_server]: path_copy succeeded.
[controller_node-5] [INFO] [1790949435.682384893] [controller_server]: Computed velocity commands: linear.x=-0.80, linear.y=0.58, angular.z=0.00
[planner_server-4] [INFO] [1790949435.787182588] [planner_server]: Planning took 19 ms
[planner_server-4] [INFO] [1790949435.787589060] [planner_server]: Plan computed: 795 poses
[planner_server-4] [INFO] [1790949435.919784709] [planner_server]: Planning took 21 ms
[planner_server-4] [INFO] [1790949435.920285467] [planner_server]: Plan computed: 795 poses
[planner_server-4] [INFO] [1790949436.048796485] [planner_server]: Planning took 21 ms
[planner_server-4] [INFO] [1790949436.049361974] [planner_server]: Plan computed: 794 poses
[planner_server-4] [INFO] [1790949436.177592126] [planner_server]: Planning took 20 ms
[planner_server-4] [INFO] [1790949436.178387606] [planner_server]: Plan computed: 793 poses
[planner_server-4] [INFO] [1790949436.308327271] [planner_server]: Planning took 20 ms
[planner_server-4] [INFO] [1790949436.308635017] [planner_server]: Plan computed: 793 poses
[planner_server-4] [INFO] [1790949436.438369868] [planner_server]: Planning took 19 ms
[planner_server-4] [INFO] [1790949436.438748588] [planner_server]: Plan computed: 791 poses
[planner_server-4] [INFO] [1790949436.567383378] [planner_server]: Planning took 19 ms
[planner_server-4] [INFO] [1790949436.567923690] [planner_server]: Plan computed: 790 poses
[planner_server-4] [INFO] [1790949436.700036234] [planner_server]: Planning took 20 ms
[planner_server-4] [INFO] [1790949436.700763236] [planner_server]: Plan computed: 789 poses
[planner_server-4] [INFO] [1790949436.830983135] [planner_server]: Planning took 21 ms
[planner_server-4] [INFO] [1790949436.831422498] [planner_server]: Plan computed: 788 poses
[planner_server-4] [INFO] [1790949436.957827141] [planner_server]: Planning took 20 ms
[planner_server-4] [INFO] [1790949436.958253800] [planner_server]: Plan computed: 786 poses
[planner_server-4] [INFO] [1790949437.088149623] [planner_server]: Planning took 20 ms
[planner_server-4] [INFO] [1790949437.088573627] [planner_server]: Plan computed: 786 poses
[planner_server-4] [INFO] [1790949437.218449503] [planner_server]: Planning took 20 ms
[planner_server-4] [INFO] [1790949437.219110470] [planner_server]: Plan computed: 785 poses
[rviz2-8] [INFO] [1790949437.316425763] [rviz2]: Trying to create a map of size 80 x 79 using 1 swatches
[planner_server-4] [INFO] [1790949437.348326876] [planner_server]: Planning took 20 ms
[planner_server-4] [INFO] [1790949437.348661031] [planner_server]: Plan computed: 783 poses
[planner_server-4] [INFO] [1790949437.477804901] [planner_server]: Planning took 20 ms
[planner_server-4] [INFO] [1790949437.478228284] [planner_server]: Plan computed: 783 poses
[rviz2-8] [INFO] [1790949437.511234827] [rviz2]: Trying to create a map of size 80 x 78 using 1 swatches
[planner_server-4] [INFO] [1790949437.607458219] [planner_server]: Planning took 19 ms
[planner_server-4] [INFO] [1790949437.608108918] [planner_server]: Plan computed: 782 poses
[rviz2-8] [INFO] [1790949437.670226656] [rviz2]: Trying to create a map of size 80 x 77 using 1 swatches
[controller_node-5] [WARN] [1790949437.681576747] [controller_server]: path_copy succeeded.
[controller_node-5] [INFO] [1790949437.702325422] [controller_server]: Computed velocity commands: linear.x=0.71, linear.y=0.08, angular.z=0.00
[planner_server-4] [INFO] [1790949437.739425823] [planner_server]: Planning took 19 ms
[planner_server-4] [INFO] [1790949437.739841130] [planner_server]: Plan computed: 781 poses
[rviz2-8] [INFO] [1790949437.862641634] [rviz2]: Trying to create a map of size 80 x 76 using 1 swatches
[planner_server-4] [INFO] [1790949437.868020223] [planner_server]: Planning took 20 ms
[planner_server-4] [INFO] [1790949437.868293945] [planner_server]: Plan computed: 779 poses
[rviz2-8] [INFO] [1790949437.925673627] [rviz2]: Trying to create a map of size 80 x 75 using 1 swatches
[planner_server-4] [INFO] [1790949437.999820367] [planner_server]: Planning took 20 ms
[planner_server-4] [INFO] [1790949438.000445889] [planner_server]: Plan computed: 778 poses
[rviz2-8] [INFO] [1790949438.021960013] [rviz2]: Trying to create a map of size 80 x 74 using 1 swatches
[rviz2-8] [INFO] [1790949438.085306339] [rviz2]: Trying to create a map of size 80 x 72 using 1 swatches
[planner_server-4] [INFO] [1790949438.129373168] [planner_server]: Planning took 20 ms
[planner_server-4] [INFO] [1790949438.129857495] [planner_server]: Plan computed: 776 poses
[rviz2-8] [INFO] [1790949438.182375136] [rviz2]: Trying to create a map of size 80 x 71 using 1 swatches
[rviz2-8] [INFO] [1790949438.246112480] [rviz2]: Trying to create a map of size 80 x 70 using 1 swatches
[planner_server-4] [INFO] [1790949438.258332347] [planner_server]: Planning took 21 ms
[planner_server-4] [INFO] [1790949438.258888809] [planner_server]: Plan computed: 775 poses
[rviz2-8] [INFO] [1790949438.341674650] [rviz2]: Trying to create a map of size 80 x 69 using 1 swatches
[planner_server-4] [INFO] [1790949438.387284374] [planner_server]: Planning took 20 ms
[planner_server-4] [INFO] [1790949438.387807383] [planner_server]: Plan computed: 773 poses
[rviz2-8] [INFO] [1790949438.438528048] [rviz2]: Trying to create a map of size 80 x 68 using 1 swatches
[planner_server-4] [INFO] [1790949438.521158157] [planner_server]: Planning took 21 ms
[planner_server-4] [INFO] [1790949438.521552976] [planner_server]: Plan computed: 771 poses
[rviz2-8] [INFO] [1790949438.565475770] [rviz2]: Trying to create a map of size 80 x 67 using 1 swatches
[planner_server-4] [INFO] [1790949438.649202342] [planner_server]: Planning took 20 ms
[planner_server-4] [INFO] [1790949438.649478520] [planner_server]: Plan computed: 771 poses
[rviz2-8] [INFO] [1790949438.695062595] [rviz2]: Trying to create a map of size 80 x 66 using 1 swatches
[planner_server-4] [INFO] [1790949438.781818491] [planner_server]: Planning took 20 ms
[planner_server-4] [INFO] [1790949438.782208541] [planner_server]: Plan computed: 770 poses
[rviz2-8] [INFO] [1790949438.821262015] [rviz2]: Trying to create a map of size 80 x 65 using 1 swatches
[planner_server-4] [INFO] [1790949438.908546440] [planner_server]: Planning took 20 ms
[planner_server-4] [INFO] [1790949438.908839840] [planner_server]: Plan computed: 770 poses
[planner_server-4] [INFO] [1790949439.038720463] [planner_server]: Planning took 20 ms
[planner_server-4] [INFO] [1790949439.039527174] [planner_server]: Plan computed: 770 poses
[rviz2-8] [INFO] [1790949439.046138829] [rviz2]: Trying to create a map of size 80 x 64 using 1 swatches
[planner_server-4] [INFO] [1790949439.171107715] [planner_server]: Planning took 22 ms
[planner_server-4] [INFO] [1790949439.171443544] [planner_server]: Plan computed: 769 poses
[planner_server-4] [INFO] [1790949439.298602021] [planner_server]: Planning took 19 ms
[planner_server-4] [INFO] [1790949439.299213106] [planner_server]: Plan computed: 768 poses
[rviz2-8] [INFO] [1790949439.300937886] [rviz2]: Trying to create a map of size 80 x 63 using 1 swatches
[planner_server-4] [INFO] [1790949439.427150512] [planner_server]: Planning took 19 ms
[planner_server-4] [INFO] [1790949439.427558466] [planner_server]: Plan computed: 768 poses
[rviz2-8] [INFO] [1790949439.558730818] [rviz2]: Trying to create a map of size 80 x 62 using 1 swatches
[planner_server-4] [INFO] [1790949439.560187379] [planner_server]: Planning took 20 ms
[planner_server-4] [INFO] [1790949439.560868945] [planner_server]: Plan computed: 766 poses
[controller_node-5] [WARN] [1790949439.682163685] [controller_server]: path_copy succeeded.
[planner_server-4] [INFO] [1790949439.688787817] [planner_server]: Planning took 19 ms
[planner_server-4] [INFO] [1790949439.689092898] [planner_server]: Plan computed: 765 poses
[controller_node-5] [INFO] [1790949439.702379352] [controller_server]: Computed velocity commands: linear.x=0.55, linear.y=0.43, angular.z=0.00
[rviz2-8] [INFO] [1790949439.750146782] [rviz2]: Trying to create a map of size 80 x 61 using 1 swatches
[planner_server-4] [INFO] [1790949439.817338010] [planner_server]: Planning took 19 ms
[planner_server-4] [INFO] [1790949439.817689919] [planner_server]: Plan computed: 764 poses
[planner_server-4] [INFO] [1790949439.948747299] [planner_server]: Planning took 19 ms
[planner_server-4] [INFO] [1790949439.949568266] [planner_server]: Plan computed: 762 poses
[rviz2-8] [INFO] [1790949439.973589325] [rviz2]: Trying to create a map of size 80 x 60 using 1 swatches
[planner_server-4] [INFO] [1790949440.080360259] [planner_server]: Planning took 19 ms
[planner_server-4] [INFO] [1790949440.080632589] [planner_server]: Plan computed: 762 poses
[planner_server-4] [INFO] [1790949440.208446865] [planner_server]: Planning took 19 ms
[planner_server-4] [INFO] [1790949440.208997797] [planner_server]: Plan computed: 761 poses
[rviz2-8] [INFO] [1790949440.265129454] [rviz2]: Trying to create a map of size 80 x 59 using 1 swatches
[planner_server-4] [INFO] [1790949440.341216271] [planner_server]: Planning took 22 ms
[planner_server-4] [INFO] [1790949440.341546690] [planner_server]: Plan computed: 760 poses
[planner_server-4] [INFO] [1790949440.467011716] [planner_server]: Planning took 19 ms
[planner_server-4] [INFO] [1790949440.467445288] [planner_server]: Plan computed: 758 poses
[planner_server-4] [INFO] [1790949440.599174326] [planner_server]: Planning took 20 ms
[planner_server-4] [INFO] [1790949440.599536073] [planner_server]: Plan computed: 757 poses
[planner_server-4] [INFO] [1790949440.726312786] [planner_server]: Planning took 18 ms
[planner_server-4] [INFO] [1790949440.726713516] [planner_server]: Plan computed: 757 poses
[planner_server-4] [INFO] [1790949440.858717687] [planner_server]: Planning took 20 ms
[planner_server-4] [INFO] [1790949440.859253231] [planner_server]: Plan computed: 754 poses
[rviz2-8] [INFO] [1790949440.901593763] [rviz2]: Trying to create a map of size 80 x 58 using 1 swatches
[planner_server-4] [INFO] [1790949440.989762887] [planner_server]: Planning took 19 ms
[planner_server-4] [INFO] [1790949440.990291507] [planner_server]: Plan computed: 753 poses
[rviz2-8] [INFO] [1790949441.063122074] [rviz2]: Trying to create a map of size 80 x 59 using 1 swatches
[planner_server-4] [INFO] [1790949441.116519212] [planner_server]: Planning took 19 ms
[planner_server-4] [INFO] [1790949441.116979474] [planner_server]: Plan computed: 753 poses
[planner_server-4] [INFO] [1790949441.251987835] [planner_server]: Planning took 20 ms
[planner_server-4] [INFO] [1790949441.252312723] [planner_server]: Plan computed: 751 poses
[planner_server-4] [INFO] [1790949441.377500210] [planner_server]: Planning took 19 ms
[planner_server-4] [INFO] [1790949441.377848672] [planner_server]: Plan computed: 749 poses
[planner_server-4] [INFO] [1790949441.506646180] [planner_server]: Planning took 19 ms
[planner_server-4] [INFO] [1790949441.507248678] [planner_server]: Plan computed: 747 poses
[planner_server-4] [INFO] [1790949441.637970471] [planner_server]: Planning took 19 ms
[planner_server-4] [INFO] [1790949441.638499892] [planner_server]: Plan computed: 745 poses
[controller_node-5] [WARN] [1790949441.682321957] [controller_server]: path_copy succeeded.
[controller_node-5] [INFO] [1790949441.722254749] [controller_server]: Computed velocity commands: linear.x=0.76, linear.y=-0.56, angular.z=0.00
[planner_server-4] [INFO] [1790949441.768619616] [planner_server]: Planning took 19 ms
[planner_server-4] [INFO] [1790949441.769185546] [planner_server]: Plan computed: 744 poses
[rviz2-8] [INFO] [1790949441.829211531] [rviz2]: Trying to create a map of size 80 x 60 using 1 swatches
[planner_server-4] [INFO] [1790949441.897164201] [planner_server]: Planning took 19 ms
[planner_server-4] [INFO] [1790949441.897423657] [planner_server]: Plan computed: 742 poses
[planner_server-4] [INFO] [1790949442.027172266] [planner_server]: Planning took 19 ms
[planner_server-4] [INFO] [1790949442.028059763] [planner_server]: Plan computed: 739 poses
[planner_server-4] [INFO] [1790949442.157670981] [planner_server]: Planning took 18 ms
[planner_server-4] [INFO] [1790949442.158105705] [planner_server]: Plan computed: 737 poses
[planner_server-4] [INFO] [1790949442.287526360] [planner_server]: Planning took 19 ms
[planner_server-4] [INFO] [1790949442.288001430] [planner_server]: Plan computed: 736 poses
[planner_server-4] [INFO] [1790949442.418631140] [planner_server]: Planning took 18 ms
[planner_server-4] [INFO] [1790949442.419190558] [planner_server]: Plan computed: 734 poses
[planner_server-4] [INFO] [1790949442.546817294] [planner_server]: Planning took 18 ms
[planner_server-4] [INFO] [1790949442.547339923] [planner_server]: Plan computed: 732 poses
[planner_server-4] [INFO] [1790949442.676927601] [planner_server]: Planning took 19 ms
[planner_server-4] [INFO] [1790949442.677477661] [planner_server]: Plan computed: 731 poses
[planner_server-4] [INFO] [1790949442.810469255] [planner_server]: Planning took 21 ms
[planner_server-4] [INFO] [1790949442.811197398] [planner_server]: Plan computed: 730 poses
[rviz2-8] [INFO] [1790949442.885421495] [rviz2]: Trying to create a map of size 80 x 59 using 1 swatches
[planner_server-4] [INFO] [1790949442.938490146] [planner_server]: Planning took 20 ms
[planner_server-4] [INFO] [1790949442.939221496] [planner_server]: Plan computed: 728 poses
[planner_server-4] [INFO] [1790949443.066872670] [planner_server]: Planning took 18 ms
[planner_server-4] [INFO] [1790949443.067267439] [planner_server]: Plan computed: 727 poses
[planner_server-4] [INFO] [1790949443.196183420] [planner_server]: Planning took 18 ms
[planner_server-4] [INFO] [1790949443.196481188] [planner_server]: Plan computed: 726 poses
[planner_server-4] [INFO] [1790949443.328211049] [planner_server]: Planning took 20 ms
[planner_server-4] [INFO] [1790949443.328564641] [planner_server]: Plan computed: 726 poses
[planner_server-4] [INFO] [1790949443.458657356] [planner_server]: Planning took 21 ms
[planner_server-4] [INFO] [1790949443.459303165] [planner_server]: Plan computed: 724 poses
[planner_server-4] [INFO] [1790949443.587532310] [planner_server]: Planning took 20 ms
[planner_server-4] [INFO] [1790949443.587874000] [planner_server]: Plan computed: 723 poses
[controller_node-5] [WARN] [1790949443.682481037] [controller_server]: path_copy succeeded.
[planner_server-4] [INFO] [1790949443.719414877] [planner_server]: Planning took 20 ms
[planner_server-4] [INFO] [1790949443.722105215] [planner_server]: Plan computed: 722 poses
[controller_node-5] [INFO] [1790949443.722338502] [controller_server]: Computed velocity commands: linear.x=0.34, linear.y=-0.66, angular.z=0.00
[planner_server-4] [INFO] [1790949443.846464943] [planner_server]: Planning took 19 ms
[planner_server-4] [INFO] [1790949443.847194991] [planner_server]: Plan computed: 721 poses
[planner_server-4] [INFO] [1790949443.977363547] [planner_server]: Planning took 19 ms
[planner_server-4] [INFO] [1790949443.977771952] [planner_server]: Plan computed: 720 poses
[rviz2-8] [INFO] [1790949444.101336371] [rviz2]: Trying to create a map of size 80 x 60 using 1 swatches
[planner_server-4] [INFO] [1790949444.109352033] [planner_server]: Planning took 21 ms
[planner_server-4] [INFO] [1790949444.109897895] [planner_server]: Plan computed: 719 poses
[planner_server-4] [INFO] [1790949444.238572134] [planner_server]: Planning took 20 ms
[planner_server-4] [INFO] [1790949444.238936286] [planner_server]: Plan computed: 717 poses
[rviz2-8] [INFO] [1790949444.265845325] [rviz2]: Trying to create a map of size 80 x 61 using 1 swatches
[planner_server-4] [INFO] [1790949444.368351913] [planner_server]: Planning took 20 ms
[planner_server-4] [INFO] [1790949444.368830750] [planner_server]: Plan computed: 716 poses
[rviz2-8] [INFO] [1790949444.421909609] [rviz2]: Trying to create a map of size 80 x 62 using 1 swatches
[planner_server-4] [INFO] [1790949444.497621868] [planner_server]: Planning took 20 ms
[planner_server-4] [INFO] [1790949444.498277716] [planner_server]: Plan computed: 715 poses
[planner_server-4] [INFO] [1790949444.628215261] [planner_server]: Planning took 19 ms
[planner_server-4] [INFO] [1790949444.628608247] [planner_server]: Plan computed: 714 poses
[rviz2-8] [INFO] [1790949444.646392155] [rviz2]: Trying to create a map of size 80 x 63 using 1 swatches
[planner_server-4] [INFO] [1790949444.756737901] [planner_server]: Planning took 19 ms
[planner_server-4] [INFO] [1790949444.757210225] [planner_server]: Plan computed: 714 poses
[rviz2-8] [INFO] [1790949444.805934978] [rviz2]: Trying to create a map of size 80 x 64 using 1 swatches
[planner_server-4] [INFO] [1790949444.886152341] [planner_server]: Planning took 18 ms
[planner_server-4] [INFO] [1790949444.886523656] [planner_server]: Plan computed: 713 poses
[rviz2-8] [INFO] [1790949444.933103863] [rviz2]: Trying to create a map of size 80 x 65 using 1 swatches
[planner_server-4] [INFO] [1790949445.020526104] [planner_server]: Planning took 20 ms
[planner_server-4] [INFO] [1790949445.021153599] [planner_server]: Plan computed: 711 poses
[rviz2-8] [INFO] [1790949445.094581906] [rviz2]: Trying to create a map of size 80 x 66 using 1 swatches
[planner_server-4] [INFO] [1790949445.146373338] [planner_server]: Planning took 18 ms
[planner_server-4] [INFO] [1790949445.146871261] [planner_server]: Plan computed: 710 poses
[rviz2-8] [INFO] [1790949445.254643672] [rviz2]: Trying to create a map of size 80 x 67 using 1 swatches
[planner_server-4] [INFO] [1790949445.276892834] [planner_server]: Planning took 18 ms
[planner_server-4] [INFO] [1790949445.277236627] [planner_server]: Plan computed: 709 poses
[rviz2-8] [INFO] [1790949445.317945342] [rviz2]: Trying to create a map of size 80 x 68 using 1 swatches
[planner_server-4] [INFO] [1790949445.406040950] [planner_server]: Planning took 18 ms
[planner_server-4] [INFO] [1790949445.406474703] [planner_server]: Plan computed: 707 poses
[rviz2-8] [INFO] [1790949445.413307400] [rviz2]: Trying to create a map of size 80 x 69 using 1 swatches
[planner_server-4] [INFO] [1790949445.536991843] [planner_server]: Planning took 18 ms
[planner_server-4] [INFO] [1790949445.537563253] [planner_server]: Plan computed: 706 poses
[rviz2-8] [INFO] [1790949445.543704585] [rviz2]: Trying to create a map of size 80 x 70 using 1 swatches
[rviz2-8] [INFO] [1790949445.637757607] [rviz2]: Trying to create a map of size 80 x 71 using 1 swatches
[planner_server-4] [INFO] [1790949445.666798764] [planner_server]: Planning took 19 ms
[planner_server-4] [INFO] [1790949445.667362327] [planner_server]: Plan computed: 705 poses
[controller_node-5] [WARN] [1790949445.702382511] [controller_server]: path_copy succeeded.
[controller_node-5] [INFO] [1790949445.741914241] [controller_server]: Computed velocity commands: linear.x=-0.32, linear.y=-1.00, angular.z=0.00
[rviz2-8] [INFO] [1790949445.765379620] [rviz2]: Trying to create a map of size 80 x 72 using 1 swatches
[planner_server-4] [INFO] [1790949445.796924161] [planner_server]: Planning took 19 ms
[planner_server-4] [INFO] [1790949445.797262695] [planner_server]: Plan computed: 704 poses
[planner_server-4] [INFO] [1790949445.929186651] [planner_server]: Planning took 19 ms
[planner_server-4] [INFO] [1790949445.930646264] [planner_server]: Plan computed: 703 poses
[rviz2-8] [INFO] [1790949445.957786915] [rviz2]: Trying to create a map of size 80 x 73 using 1 swatches
[rviz2-8] [INFO] [1790949446.021078529] [rviz2]: Trying to create a map of size 80 x 74 using 1 swatches
[planner_server-4] [INFO] [1790949446.056729010] [planner_server]: Planning took 19 ms
[planner_server-4] [INFO] [1790949446.057232182] [planner_server]: Plan computed: 702 poses
[rviz2-8] [INFO] [1790949446.117719349] [rviz2]: Trying to create a map of size 80 x 75 using 1 swatches
[rviz2-8] [INFO] [1790949446.149545349] [rviz2]: Trying to create a map of size 80 x 76 using 1 swatches
[planner_server-4] [INFO] [1790949446.191320092] [planner_server]: Planning took 20 ms
[planner_server-4] [INFO] [1790949446.191857649] [planner_server]: Plan computed: 701 poses
[rviz2-8] [INFO] [1790949446.310243889] [rviz2]: Trying to create a map of size 80 x 77 using 1 swatches
[planner_server-4] [INFO] [1790949446.317081927] [planner_server]: Planning took 19 ms
[planner_server-4] [INFO] [1790949446.317518234] [planner_server]: Plan computed: 699 poses
[rviz2-8] [INFO] [1790949446.437709496] [rviz2]: Trying to create a map of size 80 x 79 using 1 swatches
[planner_server-4] [INFO] [1790949446.451795377] [planner_server]: Planning took 21 ms
[planner_server-4] [INFO] [1790949446.452113673] [planner_server]: Plan computed: 698 poses
[rviz2-8] [INFO] [1790949446.565175703] [rviz2]: Trying to create a map of size 80 x 80 using 1 swatches
[planner_server-4] [INFO] [1790949446.578500670] [planner_server]: Planning took 19 ms
[planner_server-4] [INFO] [1790949446.579094552] [planner_server]: Plan computed: 697 poses
[planner_server-4] [INFO] [1790949446.706046406] [planner_server]: Planning took 18 ms
[planner_server-4] [INFO] [1790949446.706540652] [planner_server]: Plan computed: 697 poses
[planner_server-4] [INFO] [1790949446.827542967] [planner_server]: Planning took 19 ms
[planner_server-4] [INFO] [1790949446.828042638] [planner_server]: Plan computed: 696 poses
[planner_server-4] [INFO] [1790949446.955450756] [planner_server]: Planning took 18 ms
[planner_server-4] [INFO] [1790949446.955835106] [planner_server]: Plan computed: 695 poses
[planner_server-4] [INFO] [1790949447.079368698] [planner_server]: Planning took 18 ms
[planner_server-4] [INFO] [1790949447.079792462] [planner_server]: Plan computed: 694 poses
[planner_server-4] [INFO] [1790949447.206043213] [planner_server]: Planning took 18 ms
[planner_server-4] [INFO] [1790949447.206363453] [planner_server]: Plan computed: 693 poses
[planner_server-4] [INFO] [1790949447.336044629] [planner_server]: Planning took 18 ms
[planner_server-4] [INFO] [1790949447.336422918] [planner_server]: Plan computed: 692 poses
[planner_server-4] [INFO] [1790949447.468168555] [planner_server]: Planning took 20 ms
[planner_server-4] [INFO] [1790949447.468671127] [planner_server]: Plan computed: 690 poses
[planner_server-4] [INFO] [1790949447.597562799] [planner_server]: Planning took 19 ms
[planner_server-4] [INFO] [1790949447.598179374] [planner_server]: Plan computed: 687 poses
[controller_node-5] [WARN] [1790949447.721604613] [controller_server]: path_copy succeeded.
[planner_server-4] [INFO] [1790949447.730845511] [planner_server]: Planning took 18 ms
[planner_server-4] [INFO] [1790949447.731448220] [planner_server]: Plan computed: 686 poses
[controller_node-5] [INFO] [1790949447.743564363] [controller_server]: Computed velocity commands: linear.x=0.18, linear.y=1.17, angular.z=0.00
[planner_server-4] [INFO] [1790949447.863710550] [planner_server]: Planning took 23 ms
[planner_server-4] [INFO] [1790949447.864597952] [planner_server]: Plan computed: 685 poses
[planner_server-4] [INFO] [1790949447.988567982] [planner_server]: Planning took 20 ms
[planner_server-4] [INFO] [1790949447.989138470] [planner_server]: Plan computed: 684 poses
[planner_server-4] [INFO] [1790949448.115831881] [planner_server]: Planning took 18 ms
[planner_server-4] [INFO] [1790949448.116213065] [planner_server]: Plan computed: 683 poses
[planner_server-4] [INFO] [1790949448.249135232] [planner_server]: Planning took 19 ms
[planner_server-4] [INFO] [1790949448.249520734] [planner_server]: Plan computed: 682 poses
[planner_server-4] [INFO] [1790949448.378209302] [planner_server]: Planning took 20 ms
[planner_server-4] [INFO] [1790949448.379417615] [planner_server]: Plan computed: 681 poses
[planner_server-4] [INFO] [1790949448.506671666] [planner_server]: Planning took 19 ms
[planner_server-4] [INFO] [1790949448.507094027] [planner_server]: Plan computed: 679 poses
[planner_server-4] [INFO] [1790949448.639675135] [planner_server]: Planning took 19 ms
[planner_server-4] [INFO] [1790949448.640231767] [planner_server]: Plan computed: 677 poses
[planner_server-4] [INFO] [1790949448.769821713] [planner_server]: Planning took 17 ms
[planner_server-4] [INFO] [1790949448.770301051] [planner_server]: Plan computed: 676 poses
[planner_server-4] [INFO] [1790949448.898015484] [planner_server]: Planning took 20 ms
[planner_server-4] [INFO] [1790949448.898401918] [planner_server]: Plan computed: 676 poses
[planner_server-4] [INFO] [1790949449.027470607] [planner_server]: Planning took 18 ms
[planner_server-4] [INFO] [1790949449.028217095] [planner_server]: Plan computed: 674 poses
[planner_server-4] [INFO] [1790949449.160947383] [planner_server]: Planning took 19 ms
[planner_server-4] [INFO] [1790949449.161356239] [planner_server]: Plan computed: 674 poses
[planner_server-4] [INFO] [1790949449.286275938] [planner_server]: Planning took 18 ms
[planner_server-4] [INFO] [1790949449.286832290] [planner_server]: Plan computed: 672 poses
[planner_server-4] [INFO] [1790949449.418155543] [planner_server]: Planning took 19 ms
[planner_server-4] [INFO] [1790949449.418768922] [planner_server]: Plan computed: 671 poses
[planner_server-4] [INFO] [1790949449.546668430] [planner_server]: Planning took 19 ms
[planner_server-4] [INFO] [1790949449.547423304] [planner_server]: Plan computed: 671 poses
[planner_server-4] [INFO] [1790949449.677627573] [planner_server]: Planning took 20 ms
[planner_server-4] [INFO] [1790949449.678017834] [planner_server]: Plan computed: 671 poses
[controller_node-5] [WARN] [1790949449.721785599] [controller_server]: path_copy succeeded.
[controller_node-5] [INFO] [1790949449.762990895] [controller_server]: Computed velocity commands: linear.x=0.05, linear.y=0.86, angular.z=0.00
[planner_server-4] [INFO] [1790949449.805562429] [planner_server]: Planning took 17 ms
[planner_server-4] [INFO] [1790949449.805962669] [planner_server]: Plan computed: 670 poses
[planner_server-4] [INFO] [1790949449.937814592] [planner_server]: Planning took 20 ms
[planner_server-4] [INFO] [1790949449.938366335] [planner_server]: Plan computed: 670 poses
[planner_server-4] [INFO] [1790949450.067191059] [planner_server]: Planning took 19 ms
[planner_server-4] [INFO] [1790949450.067682079] [planner_server]: Plan computed: 669 poses
[planner_server-4] [INFO] [1790949450.200727147] [planner_server]: Planning took 19 ms
[planner_server-4] [INFO] [1790949450.200994868] [planner_server]: Plan computed: 668 poses
[planner_server-4] [INFO] [1790949450.326255716] [planner_server]: Planning took 17 ms
[planner_server-4] [INFO] [1790949450.326635438] [planner_server]: Plan computed: 667 poses
[planner_server-4] [INFO] [1790949450.456925827] [planner_server]: Planning took 19 ms
[planner_server-4] [INFO] [1790949450.457519659] [planner_server]: Plan computed: 666 poses
[planner_server-4] [INFO] [1790949450.586317242] [planner_server]: Planning took 18 ms
[planner_server-4] [INFO] [1790949450.586727991] [planner_server]: Plan computed: 664 poses
[planner_server-4] [INFO] [1790949450.719335861] [planner_server]: Planning took 18 ms
[planner_server-4] [INFO] [1790949450.719858109] [planner_server]: Plan computed: 663 poses
[planner_server-4] [INFO] [1790949450.849107897] [planner_server]: Planning took 20 ms
[planner_server-4] [INFO] [1790949450.850033841] [planner_server]: Plan computed: 662 poses
[planner_server-4] [INFO] [1790949450.981717312] [planner_server]: Planning took 18 ms
[planner_server-4] [INFO] [1790949450.982199675] [planner_server]: Plan computed: 660 poses
[planner_server-4] [INFO] [1790949451.107257244] [planner_server]: Planning took 18 ms
[planner_server-4] [INFO] [1790949451.107851436] [planner_server]: Plan computed: 658 poses
[planner_server-4] [INFO] [1790949451.237498742] [planner_server]: Planning took 17 ms
[planner_server-4] [INFO] [1790949451.237885827] [planner_server]: Plan computed: 657 poses
[planner_server-4] [INFO] [1790949451.371279298] [planner_server]: Planning took 23 ms
[planner_server-4] [INFO] [1790949451.371629394] [planner_server]: Plan computed: 656 poses
[planner_server-4] [INFO] [1790949451.495658862] [planner_server]: Planning took 18 ms
[planner_server-4] [INFO] [1790949451.496274635] [planner_server]: Plan computed: 656 poses
[planner_server-4] [INFO] [1790949451.630988455] [planner_server]: Planning took 20 ms
[planner_server-4] [INFO] [1790949451.631488451] [planner_server]: Plan computed: 655 poses
[controller_node-5] [WARN] [1790949451.741836861] [controller_server]: path_copy succeeded.
[planner_server-4] [INFO] [1790949451.760650077] [planner_server]: Planning took 20 ms
[planner_server-4] [INFO] [1790949451.761243799] [planner_server]: Plan computed: 654 poses
[controller_node-5] [INFO] [1790949451.781889808] [controller_server]: Computed velocity commands: linear.x=0.96, linear.y=0.80, angular.z=0.00
[planner_server-4] [INFO] [1790949451.888441876] [planner_server]: Planning took 18 ms
[planner_server-4] [INFO] [1790949451.888963624] [planner_server]: Plan computed: 652 poses
[planner_server-4] [INFO] [1790949452.018112546] [planner_server]: Planning took 18 ms
[planner_server-4] [INFO] [1790949452.018469444] [planner_server]: Plan computed: 651 poses
[planner_server-4] [INFO] [1790949452.145015340] [planner_server]: Planning took 17 ms
[planner_server-4] [INFO] [1790949452.145547126] [planner_server]: Plan computed: 648 poses
[planner_server-4] [INFO] [1790949452.265798113] [planner_server]: Planning took 17 ms
[planner_server-4] [INFO] [1790949452.266371297] [planner_server]: Plan computed: 646 poses
[planner_server-4] [INFO] [1790949452.396487319] [planner_server]: Planning took 17 ms
[planner_server-4] [INFO] [1790949452.396790737] [planner_server]: Plan computed: 645 poses
[planner_server-4] [INFO] [1790949452.526076937] [planner_server]: Planning took 18 ms
[planner_server-4] [INFO] [1790949452.526419709] [planner_server]: Plan computed: 643 poses
[planner_server-4] [INFO] [1790949452.660079630] [planner_server]: Planning took 21 ms
[planner_server-4] [INFO] [1790949452.661613352] [planner_server]: Plan computed: 640 poses
[planner_server-4] [INFO] [1790949452.785697769] [planner_server]: Planning took 18 ms
[planner_server-4] [INFO] [1790949452.786255453] [planner_server]: Plan computed: 639 poses
[planner_server-4] [INFO] [1790949452.914566376] [planner_server]: Planning took 17 ms
[planner_server-4] [INFO] [1790949452.914861619] [planner_server]: Plan computed: 637 poses
[planner_server-4] [INFO] [1790949453.035382631] [planner_server]: Planning took 17 ms
[planner_server-4] [INFO] [1790949453.035930858] [planner_server]: Plan computed: 634 poses
[planner_server-4] [INFO] [1790949453.160060059] [planner_server]: Planning took 21 ms
[planner_server-4] [INFO] [1790949453.160546450] [planner_server]: Plan computed: 632 poses
[planner_server-4] [INFO] [1790949453.287367137] [planner_server]: Planning took 18 ms
[planner_server-4] [INFO] [1790949453.287727672] [planner_server]: Plan computed: 631 poses
[planner_server-4] [INFO] [1790949453.418607326] [planner_server]: Planning took 19 ms
[planner_server-4] [INFO] [1790949453.419154311] [planner_server]: Plan computed: 629 poses
[planner_server-4] [INFO] [1790949453.546127763] [planner_server]: Planning took 18 ms
[planner_server-4] [INFO] [1790949453.546588246] [planner_server]: Plan computed: 629 poses
[planner_server-4] [INFO] [1790949453.676425037] [planner_server]: Planning took 18 ms
[planner_server-4] [INFO] [1790949453.677073111] [planner_server]: Plan computed: 627 poses
[controller_node-5] [WARN] [1790949453.762833287] [controller_server]: path_copy succeeded.
[controller_node-5] [INFO] [1790949453.782422878] [controller_server]: Computed velocity commands: linear.x=0.53, linear.y=-0.95, angular.z=0.00
[planner_server-4] [INFO] [1790949453.809174753] [planner_server]: Planning took 19 ms
[planner_server-4] [INFO] [1790949453.809541189] [planner_server]: Plan computed: 626 poses
[planner_server-4] [INFO] [1790949453.935980106] [planner_server]: Planning took 18 ms
[planner_server-4] [INFO] [1790949453.936465825] [planner_server]: Plan computed: 626 poses
[planner_server-4] [INFO] [1790949454.066228067] [planner_server]: Planning took 17 ms
[planner_server-4] [INFO] [1790949454.066671348] [planner_server]: Plan computed: 626 poses
[planner_server-4] [INFO] [1790949454.194761268] [planner_server]: Planning took 16 ms
[planner_server-4] [INFO] [1790949454.195422116] [planner_server]: Plan computed: 625 poses
[planner_server-4] [INFO] [1790949454.315295977] [planner_server]: Planning took 17 ms
[planner_server-4] [INFO] [1790949454.315679786] [planner_server]: Plan computed: 624 poses
[planner_server-4] [INFO] [1790949454.435621669] [planner_server]: Planning took 17 ms
[planner_server-4] [INFO] [1790949454.436276576] [planner_server]: Plan computed: 622 poses
[planner_server-4] [INFO] [1790949454.566520845] [planner_server]: Planning took 17 ms
[planner_server-4] [INFO] [1790949454.566960919] [planner_server]: Plan computed: 621 poses
[planner_server-4] [INFO] [1790949454.698866426] [planner_server]: Planning took 17 ms
[planner_server-4] [INFO] [1790949454.699368205] [planner_server]: Plan computed: 620 poses
[planner_server-4] [INFO] [1790949454.828541324] [planner_server]: Planning took 18 ms
[planner_server-4] [INFO] [1790949454.828994422] [planner_server]: Plan computed: 620 poses
[planner_server-4] [INFO] [1790949454.952386433] [planner_server]: Planning took 17 ms
[planner_server-4] [INFO] [1790949454.953114787] [planner_server]: Plan computed: 620 poses
[planner_server-4] [INFO] [1790949455.077785673] [planner_server]: Planning took 17 ms
[planner_server-4] [INFO] [1790949455.078048395] [planner_server]: Plan computed: 620 poses
[planner_server-4] [INFO] [1790949455.207875299] [planner_server]: Planning took 17 ms
[planner_server-4] [INFO] [1790949455.208188105] [planner_server]: Plan computed: 620 poses
[planner_server-4] [INFO] [1790949455.341149679] [planner_server]: Planning took 18 ms
[planner_server-4] [INFO] [1790949455.341486730] [planner_server]: Plan computed: 618 poses
[planner_server-4] [INFO] [1790949455.472561771] [planner_server]: Planning took 20 ms
[planner_server-4] [INFO] [1790949455.473364554] [planner_server]: Plan computed: 619 poses
[planner_server-4] [INFO] [1790949455.598569140] [planner_server]: Planning took 18 ms
[planner_server-4] [INFO] [1790949455.599137405] [planner_server]: Plan computed: 618 poses
[planner_server-4] [INFO] [1790949455.728036110] [planner_server]: Planning took 19 ms
[planner_server-4] [INFO] [1790949455.728450556] [planner_server]: Plan computed: 618 poses
[controller_node-5] [WARN] [1790949455.763587597] [controller_server]: path_copy succeeded.
[controller_node-5] [INFO] [1790949455.802188045] [controller_server]: Computed velocity commands: linear.x=-0.59, linear.y=-0.13, angular.z=0.00
[planner_server-4] [INFO] [1790949455.861266538] [planner_server]: Planning took 19 ms
[planner_server-4] [INFO] [1790949455.861837267] [planner_server]: Plan computed: 616 poses
[planner_server-4] [INFO] [1790949455.987037475] [planner_server]: Planning took 16 ms
[planner_server-4] [INFO] [1790949455.987290649] [planner_server]: Plan computed: 616 poses
[planner_server-4] [INFO] [1790949456.108993177] [planner_server]: Planning took 17 ms
[planner_server-4] [INFO] [1790949456.109442568] [planner_server]: Plan computed: 614 poses
[planner_server-4] [INFO] [1790949456.237216797] [planner_server]: Planning took 17 ms
[planner_server-4] [INFO] [1790949456.237853540] [planner_server]: Plan computed: 612 poses
[planner_server-4] [INFO] [1790949456.356914128] [planner_server]: Planning took 16 ms
[planner_server-4] [INFO] [1790949456.361064281] [planner_server]: Plan computed: 613 poses
[planner_server-4] [INFO] [1790949456.490033860] [planner_server]: Planning took 20 ms
[planner_server-4] [INFO] [1790949456.490381040] [planner_server]: Plan computed: 612 poses
[planner_server-4] [INFO] [1790949456.617820072] [planner_server]: Planning took 18 ms
[planner_server-4] [INFO] [1790949456.618800578] [planner_server]: Plan computed: 612 poses
[planner_server-4] [INFO] [1790949456.747486164] [planner_server]: Planning took 18 ms
[planner_server-4] [INFO] [1790949456.747885162] [planner_server]: Plan computed: 610 poses
[planner_server-4] [INFO] [1790949456.879308365] [planner_server]: Planning took 18 ms
[planner_server-4] [INFO] [1790949456.879785048] [planner_server]: Plan computed: 609 poses
[planner_server-4] [INFO] [1790949457.005753174] [planner_server]: Planning took 16 ms
[planner_server-4] [INFO] [1790949457.006212564] [planner_server]: Plan computed: 609 poses
[planner_server-4] [INFO] [1790949457.127492220] [planner_server]: Planning took 18 ms
[planner_server-4] [INFO] [1790949457.128156174] [planner_server]: Plan computed: 608 poses
[planner_server-4] [INFO] [1790949457.256783857] [planner_server]: Planning took 17 ms
[planner_server-4] [INFO] [1790949457.257054704] [planner_server]: Plan computed: 606 poses
[planner_server-4] [INFO] [1790949457.386212461] [planner_server]: Planning took 17 ms
[planner_server-4] [INFO] [1790949457.386635393] [planner_server]: Plan computed: 604 poses
[planner_server-4] [INFO] [1790949457.506580459] [planner_server]: Planning took 16 ms
[planner_server-4] [INFO] [1790949457.507082950] [planner_server]: Plan computed: 603 poses
[planner_server-4] [INFO] [1790949457.627075785] [planner_server]: Planning took 17 ms
[planner_server-4] [INFO] [1790949457.627402327] [planner_server]: Plan computed: 602 poses
[planner_server-4] [INFO] [1790949457.750398247] [planner_server]: Planning took 19 ms
[planner_server-4] [INFO] [1790949457.750723756] [planner_server]: Plan computed: 601 poses
[controller_node-5] [WARN] [1790949457.781031416] [controller_server]: path_copy succeeded.
[controller_node-5] [INFO] [1790949457.802307001] [controller_server]: Computed velocity commands: linear.x=-0.45, linear.y=0.11, angular.z=0.00
[planner_server-4] [INFO] [1790949457.879230636] [planner_server]: Planning took 18 ms
[planner_server-4] [INFO] [1790949457.879607522] [planner_server]: Plan computed: 600 poses
[planner_server-4] [INFO] [1790949458.007084315] [planner_server]: Planning took 17 ms
[planner_server-4] [INFO] [1790949458.007459438] [planner_server]: Plan computed: 599 poses
[planner_server-4] [INFO] [1790949458.137788094] [planner_server]: Planning took 17 ms
[planner_server-4] [INFO] [1790949458.138479479] [planner_server]: Plan computed: 598 poses
[planner_server-4] [INFO] [1790949458.258726803] [planner_server]: Planning took 16 ms
[planner_server-4] [INFO] [1790949458.259283525] [planner_server]: Plan computed: 597 poses
[planner_server-4] [INFO] [1790949458.385843581] [planner_server]: Planning took 16 ms
[planner_server-4] [INFO] [1790949458.386044548] [planner_server]: Plan computed: 597 poses
[planner_server-4] [INFO] [1790949458.506483608] [planner_server]: Planning took 17 ms
[planner_server-4] [INFO] [1790949458.506738175] [planner_server]: Plan computed: 597 poses
[planner_server-4] [INFO] [1790949458.639130836] [planner_server]: Planning took 18 ms
[planner_server-4] [INFO] [1790949458.639812072] [planner_server]: Plan computed: 596 poses
[planner_server-4] [INFO] [1790949458.765353640] [planner_server]: Planning took 16 ms
[planner_server-4] [INFO] [1790949458.765938456] [planner_server]: Plan computed: 595 poses
[planner_server-4] [INFO] [1790949458.885624017] [planner_server]: Planning took 16 ms
[planner_server-4] [INFO] [1790949458.886369393] [planner_server]: Plan computed: 594 poses
[planner_server-4] [INFO] [1790949459.017510839] [planner_server]: Planning took 17 ms
[planner_server-4] [INFO] [1790949459.018214848] [planner_server]: Plan computed: 593 poses
[planner_server-4] [INFO] [1790949459.137546967] [planner_server]: Planning took 16 ms
[planner_server-4] [INFO] [1790949459.138067572] [planner_server]: Plan computed: 592 poses
[planner_server-4] [INFO] [1790949459.265227201] [planner_server]: Planning took 16 ms
[planner_server-4] [INFO] [1790949459.265679428] [planner_server]: Plan computed: 591 poses
[planner_server-4] [INFO] [1790949459.386455041] [planner_server]: Planning took 17 ms
[planner_server-4] [INFO] [1790949459.387347092] [planner_server]: Plan computed: 590 poses
[planner_server-4] [INFO] [1790949459.515935512] [planner_server]: Planning took 16 ms
[planner_server-4] [INFO] [1790949459.516327316] [planner_server]: Plan computed: 588 poses
[planner_server-4] [INFO] [1790949459.637395542] [planner_server]: Planning took 16 ms
[planner_server-4] [INFO] [1790949459.637816029] [planner_server]: Plan computed: 587 poses
[planner_server-4] [INFO] [1790949459.766671205] [planner_server]: Planning took 17 ms
[planner_server-4] [INFO] [1790949459.766979231] [planner_server]: Plan computed: 585 poses
[controller_node-5] [WARN] [1790949459.783158105] [controller_server]: path_copy succeeded.
[controller_node-5] [INFO] [1790949459.821747412] [controller_server]: Computed velocity commands: linear.x=-0.56, linear.y=0.26, angular.z=0.00
[planner_server-4] [INFO] [1790949459.887463223] [planner_server]: Planning took 17 ms
[planner_server-4] [INFO] [1790949459.887797018] [planner_server]: Plan computed: 584 poses
[planner_server-4] [INFO] [1790949460.016270122] [planner_server]: Planning took 17 ms
[planner_server-4] [INFO] [1790949460.016633924] [planner_server]: Plan computed: 583 poses
[planner_server-4] [INFO] [1790949460.139263038] [planner_server]: Planning took 17 ms
[planner_server-4] [INFO] [1790949460.141015089] [planner_server]: Plan computed: 581 poses
[planner_server-4] [INFO] [1790949460.265999867] [planner_server]: Planning took 17 ms
[planner_server-4] [INFO] [1790949460.266394967] [planner_server]: Plan computed: 580 poses
[planner_server-4] [INFO] [1790949460.385325663] [planner_server]: Planning took 15 ms
[planner_server-4] [INFO] [1790949460.385606078] [planner_server]: Plan computed: 579 poses
[planner_server-4] [INFO] [1790949460.505336915] [planner_server]: Planning took 15 ms
[planner_server-4] [INFO] [1790949460.505659880] [planner_server]: Plan computed: 578 poses
[planner_server-4] [INFO] [1790949460.625510720] [planner_server]: Planning took 16 ms
[planner_server-4] [INFO] [1790949460.625839266] [planner_server]: Plan computed: 577 poses
[planner_server-4] [INFO] [1790949460.747798065] [planner_server]: Planning took 17 ms
[planner_server-4] [INFO] [1790949460.748257135] [planner_server]: Plan computed: 576 poses
[planner_server-4] [INFO] [1790949460.878014711] [planner_server]: Planning took 17 ms
[planner_server-4] [INFO] [1790949460.878581993] [planner_server]: Plan computed: 575 poses
[planner_server-4] [INFO] [1790949461.006372444] [planner_server]: Planning took 17 ms
[planner_server-4] [INFO] [1790949461.006979862] [planner_server]: Plan computed: 575 poses
[planner_server-4] [INFO] [1790949461.127314901] [planner_server]: Planning took 17 ms
[planner_server-4] [INFO] [1790949461.127789209] [planner_server]: Plan computed: 574 poses
[planner_server-4] [INFO] [1790949461.248644435] [planner_server]: Planning took 18 ms
[planner_server-4] [INFO] [1790949461.249144873] [planner_server]: Plan computed: 572 poses
[planner_server-4] [INFO] [1790949461.377750507] [planner_server]: Planning took 16 ms
[planner_server-4] [INFO] [1790949461.378255382] [planner_server]: Plan computed: 572 poses
[planner_server-4] [INFO] [1790949461.505017678] [planner_server]: Planning took 16 ms
[planner_server-4] [INFO] [1790949461.505410394] [planner_server]: Plan computed: 570 poses
[planner_server-4] [INFO] [1790949461.626413527] [planner_server]: Planning took 17 ms
[planner_server-4] [INFO] [1790949461.626966383] [planner_server]: Plan computed: 570 poses
[planner_server-4] [INFO] [1790949461.756088855] [planner_server]: Planning took 16 ms
[planner_server-4] [INFO] [1790949461.756467153] [planner_server]: Plan computed: 569 poses
[controller_node-5] [WARN] [1790949461.801050858] [controller_server]: path_copy succeeded.
[controller_node-5] [INFO] [1790949461.841584228] [controller_server]: Computed velocity commands: linear.x=-0.70, linear.y=0.34, angular.z=0.00
[planner_server-4] [INFO] [1790949461.885032812] [planner_server]: Planning took 16 ms
[planner_server-4] [INFO] [1790949461.885509806] [planner_server]: Plan computed: 568 poses
[planner_server-4] [INFO] [1790949462.005583489] [planner_server]: Planning took 16 ms
[planner_server-4] [INFO] [1790949462.005933435] [planner_server]: Plan computed: 567 poses
[planner_server-4] [INFO] [1790949462.125619548] [planner_server]: Planning took 16 ms
[planner_server-4] [INFO] [1790949462.126031890] [planner_server]: Plan computed: 566 poses
[planner_server-4] [INFO] [1790949462.245659894] [planner_server]: Planning took 15 ms
[planner_server-4] [INFO] [1790949462.246119956] [planner_server]: Plan computed: 565 poses
[planner_server-4] [INFO] [1790949462.370845457] [planner_server]: Planning took 20 ms
[planner_server-4] [INFO] [1790949462.371386681] [planner_server]: Plan computed: 563 poses
[planner_server-4] [INFO] [1790949462.494784917] [planner_server]: Planning took 16 ms
[planner_server-4] [INFO] [1790949462.495714986] [planner_server]: Plan computed: 562 poses
[planner_server-4] [INFO] [1790949462.616666861] [planner_server]: Planning took 17 ms
[planner_server-4] [INFO] [1790949462.616990257] [planner_server]: Plan computed: 561 poses
[planner_server-4] [INFO] [1790949462.747545396] [planner_server]: Planning took 17 ms
[planner_server-4] [INFO] [1790949462.748784349] [planner_server]: Plan computed: 559 poses
[planner_server-4] [INFO] [1790949462.875787031] [planner_server]: Planning took 16 ms
[planner_server-4] [INFO] [1790949462.876177603] [planner_server]: Plan computed: 558 poses
[planner_server-4] [INFO] [1790949462.997252582] [planner_server]: Planning took 16 ms
[planner_server-4] [INFO] [1790949462.997770041] [planner_server]: Plan computed: 557 poses
[planner_server-4] [INFO] [1790949463.125304274] [planner_server]: Planning took 15 ms
[planner_server-4] [INFO] [1790949463.125554252] [planner_server]: Plan computed: 553 poses
[planner_server-4] [INFO] [1790949463.246074529] [planner_server]: Planning took 16 ms
[planner_server-4] [INFO] [1790949463.246560208] [planner_server]: Plan computed: 552 poses
[planner_server-4] [INFO] [1790949463.366783248] [planner_server]: Planning took 16 ms
[planner_server-4] [INFO] [1790949463.367369677] [planner_server]: Plan computed: 550 poses
[planner_server-4] [INFO] [1790949463.496920782] [planner_server]: Planning took 16 ms
[planner_server-4] [INFO] [1790949463.497695273] [planner_server]: Plan computed: 550 poses
[planner_server-4] [INFO] [1790949463.624846704] [planner_server]: Planning took 16 ms
[planner_server-4] [INFO] [1790949463.625261401] [planner_server]: Plan computed: 547 poses
[planner_server-4] [INFO] [1790949463.746829510] [planner_server]: Planning took 15 ms
[planner_server-4] [INFO] [1790949463.747370628] [planner_server]: Plan computed: 545 poses
[controller_node-5] [WARN] [1790949463.801987972] [controller_server]: path_copy succeeded.
[controller_node-5] [INFO] [1790949463.842482268] [controller_server]: Computed velocity commands: linear.x=0.42, linear.y=0.25, angular.z=0.00
[planner_server-4] [INFO] [1790949463.875183503] [planner_server]: Planning took 15 ms
[planner_server-4] [INFO] [1790949463.875664715] [planner_server]: Plan computed: 545 poses
[planner_server-4] [INFO] [1790949463.997619012] [planner_server]: Planning took 15 ms
[planner_server-4] [INFO] [1790949463.998107296] [planner_server]: Plan computed: 542 poses
[planner_server-4] [INFO] [1790949464.126707236] [planner_server]: Planning took 16 ms
[planner_server-4] [INFO] [1790949464.127179250] [planner_server]: Plan computed: 540 poses
[planner_server-4] [INFO] [1790949464.267410741] [planner_server]: Planning took 20 ms
[planner_server-4] [INFO] [1790949464.267872355] [planner_server]: Plan computed: 539 poses
[planner_server-4] [INFO] [1790949464.394166130] [planner_server]: Planning took 15 ms
[planner_server-4] [INFO] [1790949464.394527347] [planner_server]: Plan computed: 538 poses
[planner_server-4] [INFO] [1790949464.514031320] [planner_server]: Planning took 15 ms
[planner_server-4] [INFO] [1790949464.514441118] [planner_server]: Plan computed: 538 poses
[planner_server-4] [INFO] [1790949464.639507800] [planner_server]: Planning took 18 ms
[planner_server-4] [INFO] [1790949464.640112993] [planner_server]: Plan computed: 536 poses
[planner_server-4] [INFO] [1790949464.765954246] [planner_server]: Planning took 15 ms
[planner_server-4] [INFO] [1790949464.766346691] [planner_server]: Plan computed: 535 poses
[planner_server-4] [INFO] [1790949464.885214772] [planner_server]: Planning took 15 ms
[planner_server-4] [INFO] [1790949464.885551393] [planner_server]: Plan computed: 534 poses
[planner_server-4] [INFO] [1790949465.005687680] [planner_server]: Planning took 16 ms
[planner_server-4] [INFO] [1790949465.006178570] [planner_server]: Plan computed: 533 poses
[planner_server-4] [INFO] [1790949465.135808680] [planner_server]: Planning took 16 ms
[planner_server-4] [INFO] [1790949465.136292606] [planner_server]: Plan computed: 532 poses
[planner_server-4] [INFO] [1790949465.254569500] [planner_server]: Planning took 15 ms
[planner_server-4] [INFO] [1790949465.255238223] [planner_server]: Plan computed: 531 poses
[planner_server-4] [INFO] [1790949465.375101178] [planner_server]: Planning took 16 ms
[planner_server-4] [INFO] [1790949465.375505536] [planner_server]: Plan computed: 530 poses
[planner_server-4] [INFO] [1790949465.495474834] [planner_server]: Planning took 16 ms
[planner_server-4] [INFO] [1790949465.495827265] [planner_server]: Plan computed: 528 poses
[planner_server-4] [INFO] [1790949465.614779233] [planner_server]: Planning took 15 ms
[planner_server-4] [INFO] [1790949465.615209910] [planner_server]: Plan computed: 526 poses
[planner_server-4] [INFO] [1790949465.735496534] [planner_server]: Planning took 14 ms
[planner_server-4] [INFO] [1790949465.735981813] [planner_server]: Plan computed: 525 poses
[controller_node-5] [WARN] [1790949465.821047884] [controller_server]: path_copy succeeded.
[planner_server-4] [INFO] [1790949465.856595486] [planner_server]: Planning took 15 ms
[planner_server-4] [INFO] [1790949465.856876622] [planner_server]: Plan computed: 524 poses
[controller_node-5] [INFO] [1790949465.861323160] [controller_server]: Computed velocity commands: linear.x=0.74, linear.y=0.62, angular.z=0.00
[planner_server-4] [INFO] [1790949465.983362007] [planner_server]: Planning took 14 ms
[planner_server-4] [INFO] [1790949465.983824914] [planner_server]: Plan computed: 523 poses
[planner_server-4] [INFO] [1790949466.104105005] [planner_server]: Planning took 14 ms
[planner_server-4] [INFO] [1790949466.104525884] [planner_server]: Plan computed: 522 poses
[planner_server-4] [INFO] [1790949466.227785602] [planner_server]: Planning took 16 ms
[planner_server-4] [INFO] [1790949466.228224314] [planner_server]: Plan computed: 522 poses
[planner_server-4] [INFO] [1790949466.354437284] [planner_server]: Planning took 15 ms
[planner_server-4] [INFO] [1790949466.354945015] [planner_server]: Plan computed: 521 poses
[planner_server-4] [INFO] [1790949466.474143757] [planner_server]: Planning took 15 ms
[planner_server-4] [INFO] [1790949466.474498592] [planner_server]: Plan computed: 520 poses
[planner_server-4] [INFO] [1790949466.593655305] [planner_server]: Planning took 14 ms
[planner_server-4] [INFO] [1790949466.594195978] [planner_server]: Plan computed: 520 poses
[planner_server-4] [INFO] [1790949466.715313363] [planner_server]: Planning took 15 ms
[planner_server-4] [INFO] [1790949466.715724653] [planner_server]: Plan computed: 518 poses
[planner_server-4] [INFO] [1790949466.834806566] [planner_server]: Planning took 15 ms
[planner_server-4] [INFO] [1790949466.835310921] [planner_server]: Plan computed: 516 poses
[planner_server-4] [INFO] [1790949466.954145120] [planner_server]: Planning took 15 ms
[planner_server-4] [INFO] [1790949466.954437498] [planner_server]: Plan computed: 515 poses
[planner_server-4] [INFO] [1790949467.076067934] [planner_server]: Planning took 15 ms
[planner_server-4] [INFO] [1790949467.076433098] [planner_server]: Plan computed: 515 poses
[planner_server-4] [INFO] [1790949467.208341045] [planner_server]: Planning took 19 ms
[planner_server-4] [INFO] [1790949467.208798222] [planner_server]: Plan computed: 514 poses
[planner_server-4] [INFO] [1790949467.334426837] [planner_server]: Planning took 15 ms
[planner_server-4] [INFO] [1790949467.334784356] [planner_server]: Plan computed: 514 poses
[planner_server-4] [INFO] [1790949467.454400561] [planner_server]: Planning took 14 ms
[planner_server-4] [INFO] [1790949467.454899836] [planner_server]: Plan computed: 512 poses
[planner_server-4] [INFO] [1790949467.573418315] [planner_server]: Planning took 14 ms
[planner_server-4] [INFO] [1790949467.573977973] [planner_server]: Plan computed: 511 poses
[planner_server-4] [INFO] [1790949467.695911476] [planner_server]: Planning took 14 ms
[planner_server-4] [INFO] [1790949467.696448511] [planner_server]: Plan computed: 510 poses
[planner_server-4] [INFO] [1790949467.815734951] [planner_server]: Planning took 17 ms
[planner_server-4] [INFO] [1790949467.816548023] [planner_server]: Plan computed: 509 poses
[controller_node-5] [WARN] [1790949467.821478248] [controller_server]: path_copy succeeded.
[controller_node-5] [INFO] [1790949467.861576493] [controller_server]: Computed velocity commands: linear.x=1.22, linear.y=0.25, angular.z=0.00
[planner_server-4] [INFO] [1790949467.934166606] [planner_server]: Planning took 14 ms
[planner_server-4] [INFO] [1790949467.934504459] [planner_server]: Plan computed: 508 poses
[planner_server-4] [INFO] [1790949468.054299369] [planner_server]: Planning took 14 ms
[planner_server-4] [INFO] [1790949468.054584082] [planner_server]: Plan computed: 507 poses
[planner_server-4] [INFO] [1790949468.174575649] [planner_server]: Planning took 14 ms
[planner_server-4] [INFO] [1790949468.175062020] [planner_server]: Plan computed: 506 poses
[planner_server-4] [INFO] [1790949468.293769914] [planner_server]: Planning took 13 ms
[planner_server-4] [INFO] [1790949468.294048365] [planner_server]: Plan computed: 504 poses
[planner_server-4] [INFO] [1790949468.413662928] [planner_server]: Planning took 15 ms
[planner_server-4] [INFO] [1790949468.413987566] [planner_server]: Plan computed: 504 poses
[planner_server-4] [INFO] [1790949468.535921812] [planner_server]: Planning took 14 ms
[planner_server-4] [INFO] [1790949468.536441886] [planner_server]: Plan computed: 504 poses
[planner_server-4] [INFO] [1790949468.662557685] [planner_server]: Planning took 13 ms
[planner_server-4] [INFO] [1790949468.662875841] [planner_server]: Plan computed: 502 poses
[planner_server-4] [INFO] [1790949468.783252210] [planner_server]: Planning took 14 ms
[planner_server-4] [INFO] [1790949468.783768878] [planner_server]: Plan computed: 500 poses
[planner_server-4] [INFO] [1790949468.904398160] [planner_server]: Planning took 13 ms
[planner_server-4] [INFO] [1790949468.904803990] [planner_server]: Plan computed: 499 poses
[planner_server-4] [INFO] [1790949469.023420353] [planner_server]: Planning took 13 ms
[planner_server-4] [INFO] [1790949469.023684307] [planner_server]: Plan computed: 496 poses
[planner_server-4] [INFO] [1790949469.143683350] [planner_server]: Planning took 14 ms
[planner_server-4] [INFO] [1790949469.144057150] [planner_server]: Plan computed: 495 poses
[planner_server-4] [INFO] [1790949469.266683382] [planner_server]: Planning took 14 ms
[planner_server-4] [INFO] [1790949469.267115241] [planner_server]: Plan computed: 493 poses
[planner_server-4] [INFO] [1790949469.393528868] [planner_server]: Planning took 14 ms
[planner_server-4] [INFO] [1790949469.393840222] [planner_server]: Plan computed: 491 poses
[planner_server-4] [INFO] [1790949469.513496151] [planner_server]: Planning took 13 ms
[planner_server-4] [INFO] [1790949469.513903694] [planner_server]: Plan computed: 490 poses
[planner_server-4] [INFO] [1790949469.633770830] [planner_server]: Planning took 14 ms
[planner_server-4] [INFO] [1790949469.634323505] [planner_server]: Plan computed: 489 poses
[planner_server-4] [INFO] [1790949469.753516177] [planner_server]: Planning took 14 ms
[planner_server-4] [INFO] [1790949469.753865000] [planner_server]: Plan computed: 487 poses
[controller_node-5] [WARN] [1790949469.841244344] [controller_server]: path_copy succeeded.
[planner_server-4] [INFO] [1790949469.874556129] [planner_server]: Planning took 15 ms
[planner_server-4] [INFO] [1790949469.874927534] [planner_server]: Plan computed: 485 poses
[controller_node-5] [INFO] [1790949469.881248784] [controller_server]: Computed velocity commands: linear.x=0.25, linear.y=-0.60, angular.z=0.00
[planner_server-4] [INFO] [1790949469.993085598] [planner_server]: Planning took 13 ms
[planner_server-4] [INFO] [1790949469.993423541] [planner_server]: Plan computed: 485 poses
[planner_server-4] [INFO] [1790949470.115123610] [planner_server]: Planning took 13 ms
[planner_server-4] [INFO] [1790949470.115514111] [planner_server]: Plan computed: 483 poses
[planner_server-4] [INFO] [1790949470.234191789] [planner_server]: Planning took 13 ms
[planner_server-4] [INFO] [1790949470.234451997] [planner_server]: Plan computed: 482 poses
[planner_server-4] [INFO] [1790949470.354008471] [planner_server]: Planning took 14 ms
[planner_server-4] [INFO] [1790949470.354401216] [planner_server]: Plan computed: 482 poses
[planner_server-4] [INFO] [1790949470.475284135] [planner_server]: Planning took 13 ms
[planner_server-4] [INFO] [1790949470.475589126] [planner_server]: Plan computed: 480 poses
[planner_server-4] [INFO] [1790949470.592913189] [planner_server]: Planning took 13 ms
[planner_server-4] [INFO] [1790949470.593241975] [planner_server]: Plan computed: 480 poses
[planner_server-4] [INFO] [1790949470.713519479] [planner_server]: Planning took 14 ms
[planner_server-4] [INFO] [1790949470.714114974] [planner_server]: Plan computed: 479 poses
[planner_server-4] [INFO] [1790949470.834171424] [planner_server]: Planning took 15 ms
[planner_server-4] [INFO] [1790949470.834576182] [planner_server]: Plan computed: 477 poses
[planner_server-4] [INFO] [1790949470.952845696] [planner_server]: Planning took 14 ms
[planner_server-4] [INFO] [1790949470.953179361] [planner_server]: Plan computed: 475 poses
[planner_server-4] [INFO] [1790949471.072565386] [planner_server]: Planning took 13 ms
[planner_server-4] [INFO] [1790949471.072966868] [planner_server]: Plan computed: 474 poses
[planner_server-4] [INFO] [1790949471.192851447] [planner_server]: Planning took 13 ms
[planner_server-4] [INFO] [1790949471.193121593] [planner_server]: Plan computed: 473 poses
[planner_server-4] [INFO] [1790949471.312029262] [planner_server]: Planning took 13 ms
[planner_server-4] [INFO] [1790949471.312410325] [planner_server]: Plan computed: 472 poses
[planner_server-4] [INFO] [1790949471.432454258] [planner_server]: Planning took 13 ms
[planner_server-4] [INFO] [1790949471.433056817] [planner_server]: Plan computed: 471 poses
[planner_server-4] [INFO] [1790949471.553639313] [planner_server]: Planning took 13 ms
[planner_server-4] [INFO] [1790949471.554260336] [planner_server]: Plan computed: 471 poses
[planner_server-4] [INFO] [1790949471.674847496] [planner_server]: Planning took 13 ms
[planner_server-4] [INFO] [1790949471.675195718] [planner_server]: Plan computed: 471 poses
[planner_server-4] [INFO] [1790949471.793394790] [planner_server]: Planning took 13 ms
[planner_server-4] [INFO] [1790949471.793634840] [planner_server]: Plan computed: 470 poses
[controller_node-5] [WARN] [1790949471.860960964] [controller_server]: path_copy succeeded.
[controller_node-5] [INFO] [1790949471.882426399] [controller_server]: Computed velocity commands: linear.x=-0.87, linear.y=0.33, angular.z=0.00
[planner_server-4] [INFO] [1790949471.915610806] [planner_server]: Planning took 13 ms
[planner_server-4] [INFO] [1790949471.916031163] [planner_server]: Plan computed: 469 poses
[planner_server-4] [INFO] [1790949472.036885619] [planner_server]: Planning took 13 ms
[planner_server-4] [INFO] [1790949472.037410201] [planner_server]: Plan computed: 469 poses
[planner_server-4] [INFO] [1790949472.164443451] [planner_server]: Planning took 13 ms
[planner_server-4] [INFO] [1790949472.164742841] [planner_server]: Plan computed: 468 poses
[planner_server-4] [INFO] [1790949472.282431838] [planner_server]: Planning took 13 ms
[planner_server-4] [INFO] [1790949472.282812972] [planner_server]: Plan computed: 467 poses
[planner_server-4] [INFO] [1790949472.402465637] [planner_server]: Planning took 13 ms
[planner_server-4] [INFO] [1790949472.403289580] [planner_server]: Plan computed: 465 poses
[planner_server-4] [INFO] [1790949472.522601527] [planner_server]: Planning took 13 ms
[planner_server-4] [INFO] [1790949472.523000584] [planner_server]: Plan computed: 464 poses
[planner_server-4] [INFO] [1790949472.645377598] [planner_server]: Planning took 13 ms
[planner_server-4] [INFO] [1790949472.645784610] [planner_server]: Plan computed: 463 poses
[planner_server-4] [INFO] [1790949472.762813336] [planner_server]: Planning took 13 ms
[planner_server-4] [INFO] [1790949472.763391509] [planner_server]: Plan computed: 462 poses
[planner_server-4] [INFO] [1790949472.883238007] [planner_server]: Planning took 13 ms
[planner_server-4] [INFO] [1790949472.883496240] [planner_server]: Plan computed: 461 poses
[planner_server-4] [INFO] [1790949473.002713820] [planner_server]: Planning took 13 ms
[planner_server-4] [INFO] [1790949473.002956535] [planner_server]: Plan computed: 460 poses
[planner_server-4] [INFO] [1790949473.123160002] [planner_server]: Planning took 13 ms
[planner_server-4] [INFO] [1790949473.124251487] [planner_server]: Plan computed: 460 poses
[planner_server-4] [INFO] [1790949473.242513488] [planner_server]: Planning took 13 ms
[planner_server-4] [INFO] [1790949473.242923656] [planner_server]: Plan computed: 458 poses
[planner_server-4] [INFO] [1790949473.365533448] [planner_server]: Planning took 14 ms
[planner_server-4] [INFO] [1790949473.366967827] [planner_server]: Plan computed: 458 poses
[planner_server-4] [INFO] [1790949473.493460154] [planner_server]: Planning took 13 ms
[planner_server-4] [INFO] [1790949473.493845024] [planner_server]: Plan computed: 457 poses
[planner_server-4] [INFO] [1790949473.612049788] [planner_server]: Planning took 13 ms
[planner_server-4] [INFO] [1790949473.612404302] [planner_server]: Plan computed: 457 poses
[planner_server-4] [INFO] [1790949473.734231069] [planner_server]: Planning took 14 ms
[planner_server-4] [INFO] [1790949473.735010659] [planner_server]: Plan computed: 454 poses
[planner_server-4] [INFO] [1790949473.854021683] [planner_server]: Planning took 14 ms
[planner_server-4] [INFO] [1790949473.854399681] [planner_server]: Plan computed: 454 poses
[controller_node-5] [WARN] [1790949473.880691447] [controller_server]: path_copy succeeded.
[controller_node-5] [INFO] [1790949473.901186425] [controller_server]: Computed velocity commands: linear.x=0.55, linear.y=0.36, angular.z=0.00
[planner_server-4] [INFO] [1790949473.973107046] [planner_server]: Planning took 13 ms
[planner_server-4] [INFO] [1790949473.974516225] [planner_server]: Plan computed: 453 poses
[planner_server-4] [INFO] [1790949474.092386181] [planner_server]: Planning took 13 ms
[planner_server-4] [INFO] [1790949474.092887190] [planner_server]: Plan computed: 451 poses
[planner_server-4] [INFO] [1790949474.213834561] [planner_server]: Planning took 12 ms
[planner_server-4] [INFO] [1790949474.214290094] [planner_server]: Plan computed: 450 poses
[planner_server-4] [INFO] [1790949474.334303957] [planner_server]: Planning took 14 ms
[planner_server-4] [INFO] [1790949474.334850752] [planner_server]: Plan computed: 448 poses
[planner_server-4] [INFO] [1790949474.453393659] [planner_server]: Planning took 13 ms
[planner_server-4] [INFO] [1790949474.453759123] [planner_server]: Plan computed: 446 poses
[planner_server-4] [INFO] [1790949474.572393902] [planner_server]: Planning took 13 ms
[planner_server-4] [INFO] [1790949474.572674638] [planner_server]: Plan computed: 446 poses
[planner_server-4] [INFO] [1790949474.692867817] [planner_server]: Planning took 13 ms
[planner_server-4] [INFO] [1790949474.693376219] [planner_server]: Plan computed: 444 poses
[planner_server-4] [INFO] [1790949474.812169412] [planner_server]: Planning took 13 ms
[planner_server-4] [INFO] [1790949474.812549314] [planner_server]: Plan computed: 443 poses
[planner_server-4] [INFO] [1790949474.931649588] [planner_server]: Planning took 12 ms
[planner_server-4] [INFO] [1790949474.932122093] [planner_server]: Plan computed: 441 poses
[planner_server-4] [INFO] [1790949475.056233972] [planner_server]: Planning took 14 ms
[planner_server-4] [INFO] [1790949475.056482988] [planner_server]: Plan computed: 440 poses
[planner_server-4] [INFO] [1790949475.171800194] [planner_server]: Planning took 12 ms
[planner_server-4] [INFO] [1790949475.172234086] [planner_server]: Plan computed: 439 poses
[planner_server-4] [INFO] [1790949475.294747451] [planner_server]: Planning took 14 ms
[planner_server-4] [INFO] [1790949475.295124107] [planner_server]: Plan computed: 439 poses
[planner_server-4] [INFO] [1790949475.414678429] [planner_server]: Planning took 14 ms
[planner_server-4] [INFO] [1790949475.415218060] [planner_server]: Plan computed: 438 poses
[planner_server-4] [INFO] [1790949475.531907406] [planner_server]: Planning took 13 ms
[planner_server-4] [INFO] [1790949475.532469609] [planner_server]: Plan computed: 437 poses
[planner_server-4] [INFO] [1790949475.651892730] [planner_server]: Planning took 13 ms
[planner_server-4] [INFO] [1790949475.652128071] [planner_server]: Plan computed: 436 poses
[planner_server-4] [INFO] [1790949475.781826408] [planner_server]: Planning took 13 ms
[planner_server-4] [INFO] [1790949475.782505130] [planner_server]: Plan computed: 435 poses
[controller_node-5] [WARN] [1790949475.901737940] [controller_server]: path_copy succeeded.
[controller_node-5] [INFO] [1790949475.902153138] [controller_server]: Computed velocity commands: linear.x=0.76, linear.y=-0.09, angular.z=0.00
[planner_server-4] [INFO] [1790949475.905884151] [planner_server]: Planning took 13 ms
[planner_server-4] [INFO] [1790949475.906197488] [planner_server]: Plan computed: 434 poses
[planner_server-4] [INFO] [1790949476.023262377] [planner_server]: Planning took 12 ms
[planner_server-4] [INFO] [1790949476.023579922] [planner_server]: Plan computed: 432 poses
[planner_server-4] [INFO] [1790949476.144180169] [planner_server]: Planning took 14 ms
[planner_server-4] [INFO] [1790949476.144678292] [planner_server]: Plan computed: 431 poses
[planner_server-4] [INFO] [1790949476.264019696] [planner_server]: Planning took 14 ms
[planner_server-4] [INFO] [1790949476.264584273] [planner_server]: Plan computed: 430 poses
[planner_server-4] [INFO] [1790949476.385432828] [planner_server]: Planning took 14 ms
[planner_server-4] [INFO] [1790949476.386197199] [planner_server]: Plan computed: 428 poses
[planner_server-4] [INFO] [1790949476.514267771] [planner_server]: Planning took 13 ms
[planner_server-4] [INFO] [1790949476.514552054] [planner_server]: Plan computed: 427 poses
[planner_server-4] [INFO] [1790949476.634601127] [planner_server]: Planning took 13 ms
[planner_server-4] [INFO] [1790949476.635079293] [planner_server]: Plan computed: 427 poses
[planner_server-4] [INFO] [1790949476.755056253] [planner_server]: Planning took 13 ms
[planner_server-4] [INFO] [1790949476.755683938] [planner_server]: Plan computed: 425 poses
[planner_server-4] [INFO] [1790949476.875547976] [planner_server]: Planning took 12 ms
[planner_server-4] [INFO] [1790949476.876014820] [planner_server]: Plan computed: 423 poses
[planner_server-4] [INFO] [1790949476.993767639] [planner_server]: Planning took 12 ms
[planner_server-4] [INFO] [1790949476.993950611] [planner_server]: Plan computed: 420 poses
[planner_server-4] [INFO] [1790949477.112904039] [planner_server]: Planning took 13 ms
[planner_server-4] [INFO] [1790949477.113136815] [planner_server]: Plan computed: 421 poses
[planner_server-4] [INFO] [1790949477.232462409] [planner_server]: Planning took 13 ms
[planner_server-4] [INFO] [1790949477.232768904] [planner_server]: Plan computed: 420 poses
[planner_server-4] [INFO] [1790949477.351171479] [planner_server]: Planning took 12 ms
[planner_server-4] [INFO] [1790949477.351635638] [planner_server]: Plan computed: 419 poses
[planner_server-4] [INFO] [1790949477.472240018] [planner_server]: Planning took 13 ms
[planner_server-4] [INFO] [1790949477.473319820] [planner_server]: Plan computed: 418 poses
[planner_server-4] [INFO] [1790949477.592310659] [planner_server]: Planning took 13 ms
[planner_server-4] [INFO] [1790949477.592801548] [planner_server]: Plan computed: 418 poses
[planner_server-4] [INFO] [1790949477.712515560] [planner_server]: Planning took 13 ms
[planner_server-4] [INFO] [1790949477.712910179] [planner_server]: Plan computed: 417 poses
[planner_server-4] [INFO] [1790949477.831654375] [planner_server]: Planning took 12 ms
[planner_server-4] [INFO] [1790949477.832364094] [planner_server]: Plan computed: 416 poses
[controller_node-5] [INFO] [1790949477.902167801] [controller_server]: Computed velocity commands: linear.x=-0.86, linear.y=-0.56, angular.z=0.00
[controller_node-5] [WARN] [1790949477.921331972] [controller_server]: path_copy succeeded.
[planner_server-4] [INFO] [1790949477.951742147] [planner_server]: Planning took 12 ms
[planner_server-4] [INFO] [1790949477.952397615] [planner_server]: Plan computed: 416 poses
[planner_server-4] [INFO] [1790949478.072532656] [planner_server]: Planning took 12 ms
[planner_server-4] [INFO] [1790949478.072981337] [planner_server]: Plan computed: 414 poses
[planner_server-4] [INFO] [1790949478.193263264] [planner_server]: Planning took 12 ms
[planner_server-4] [INFO] [1790949478.193609562] [planner_server]: Plan computed: 414 poses
[planner_server-4] [INFO] [1790949478.313306392] [planner_server]: Planning took 13 ms
[planner_server-4] [INFO] [1790949478.313672177] [planner_server]: Plan computed: 412 poses
[planner_server-4] [INFO] [1790949478.432917653] [planner_server]: Planning took 13 ms
[planner_server-4] [INFO] [1790949478.433484154] [planner_server]: Plan computed: 412 poses
[planner_server-4] [INFO] [1790949478.556736544] [planner_server]: Planning took 12 ms
[planner_server-4] [INFO] [1790949478.557245116] [planner_server]: Plan computed: 410 poses
[planner_server-4] [INFO] [1790949478.681660435] [planner_server]: Planning took 12 ms
[planner_server-4] [INFO] [1790949478.681860570] [planner_server]: Plan computed: 409 poses
[planner_server-4] [INFO] [1790949478.802937064] [planner_server]: Planning took 12 ms
[planner_server-4] [INFO] [1790949478.803267593] [planner_server]: Plan computed: 407 poses
[planner_server-4] [INFO] [1790949478.920436870] [planner_server]: Planning took 12 ms
[planner_server-4] [INFO] [1790949478.920654427] [planner_server]: Plan computed: 405 poses
[planner_server-4] [INFO] [1790949479.045087930] [planner_server]: Planning took 12 ms
[planner_server-4] [INFO] [1790949479.045747305] [planner_server]: Plan computed: 404 poses
[planner_server-4] [INFO] [1790949479.163440362] [planner_server]: Planning took 12 ms
[planner_server-4] [INFO] [1790949479.163933025] [planner_server]: Plan computed: 401 poses
[planner_server-4] [INFO] [1790949479.282041431] [planner_server]: Planning took 13 ms
[planner_server-4] [INFO] [1790949479.282400313] [planner_server]: Plan computed: 399 poses
[planner_server-4] [INFO] [1790949479.401411630] [planner_server]: Planning took 12 ms
[planner_server-4] [INFO] [1790949479.401716511] [planner_server]: Plan computed: 398 poses
[planner_server-4] [INFO] [1790949479.521603868] [planner_server]: Planning took 12 ms
[planner_server-4] [INFO] [1790949479.522149540] [planner_server]: Plan computed: 396 poses
[planner_server-4] [INFO] [1790949479.641750322] [planner_server]: Planning took 12 ms
[planner_server-4] [INFO] [1790949479.642466303] [planner_server]: Plan computed: 394 poses
[planner_server-4] [INFO] [1790949479.763251422] [planner_server]: Planning took 13 ms
[planner_server-4] [INFO] [1790949479.763508344] [planner_server]: Plan computed: 392 poses
[planner_server-4] [INFO] [1790949479.882708158] [planner_server]: Planning took 12 ms
[planner_server-4] [INFO] [1790949479.883163702] [planner_server]: Plan computed: 390 poses
[controller_node-5] [INFO] [1790949479.920923514] [controller_server]: Computed velocity commands: linear.x=-0.13, linear.y=0.59, angular.z=0.00
[controller_node-5] [WARN] [1790949479.940825151] [controller_server]: path_copy succeeded.
[planner_server-4] [INFO] [1790949480.001349857] [planner_server]: Planning took 12 ms
[planner_server-4] [INFO] [1790949480.001815189] [planner_server]: Plan computed: 389 poses
[planner_server-4] [INFO] [1790949480.121214614] [planner_server]: Planning took 11 ms
[planner_server-4] [INFO] [1790949480.121490160] [planner_server]: Plan computed: 388 poses
[planner_server-4] [INFO] [1790949480.241340960] [planner_server]: Planning took 12 ms
[planner_server-4] [INFO] [1790949480.241985788] [planner_server]: Plan computed: 387 poses
[planner_server-4] [INFO] [1790949480.360672137] [planner_server]: Planning took 11 ms
[planner_server-4] [INFO] [1790949480.361237756] [planner_server]: Plan computed: 386 poses
[planner_server-4] [INFO] [1790949480.483137905] [planner_server]: Planning took 12 ms
[planner_server-4] [INFO] [1790949480.483400476] [planner_server]: Plan computed: 385 poses
[planner_server-4] [INFO] [1790949480.603070076] [planner_server]: Planning took 12 ms
[planner_server-4] [INFO] [1790949480.603274800] [planner_server]: Plan computed: 383 poses
[planner_server-4] [INFO] [1790949480.721504082] [planner_server]: Planning took 11 ms
[planner_server-4] [INFO] [1790949480.722006513] [planner_server]: Plan computed: 382 poses
[planner_server-4] [INFO] [1790949480.844028280] [planner_server]: Planning took 13 ms
[planner_server-4] [INFO] [1790949480.844989560] [planner_server]: Plan computed: 381 poses
[planner_server-4] [INFO] [1790949480.961080868] [planner_server]: Planning took 11 ms
[planner_server-4] [INFO] [1790949480.961418210] [planner_server]: Plan computed: 380 poses
[planner_server-4] [INFO] [1790949481.080813036] [planner_server]: Planning took 11 ms
[planner_server-4] [INFO] [1790949481.081365721] [planner_server]: Plan computed: 379 poses
[planner_server-4] [INFO] [1790949481.201686923] [planner_server]: Planning took 12 ms
[planner_server-4] [INFO] [1790949481.202017773] [planner_server]: Plan computed: 377 poses
[planner_server-4] [INFO] [1790949481.321813224] [planner_server]: Planning took 12 ms
[planner_server-4] [INFO] [1790949481.322162609] [planner_server]: Plan computed: 376 poses
[planner_server-4] [INFO] [1790949481.441025043] [planner_server]: Planning took 12 ms
[planner_server-4] [INFO] [1790949481.441294457] [planner_server]: Plan computed: 374 poses
[planner_server-4] [INFO] [1790949481.560917090] [planner_server]: Planning took 11 ms
[planner_server-4] [INFO] [1790949481.561211521] [planner_server]: Plan computed: 374 poses
[planner_server-4] [INFO] [1790949481.680304603] [planner_server]: Planning took 11 ms
[planner_server-4] [INFO] [1790949481.680644018] [planner_server]: Plan computed: 373 poses
[planner_server-4] [INFO] [1790949481.802215712] [planner_server]: Planning took 12 ms
[planner_server-4] [INFO] [1790949481.802529840] [planner_server]: Plan computed: 370 poses
[controller_node-5] [INFO] [1790949481.921604376] [controller_server]: Computed velocity commands: linear.x=0.41, linear.y=0.26, angular.z=0.00
[planner_server-4] [INFO] [1790949481.925608256] [planner_server]: Planning took 12 ms
[planner_server-4] [INFO] [1790949481.926244728] [planner_server]: Plan computed: 369 poses
[controller_node-5] [WARN] [1790949481.941042075] [controller_server]: path_copy succeeded.
[planner_server-4] [INFO] [1790949482.046620101] [planner_server]: Planning took 11 ms
[planner_server-4] [INFO] [1790949482.047072158] [planner_server]: Plan computed: 369 poses
[planner_server-4] [INFO] [1790949482.160837570] [planner_server]: Planning took 11 ms
[planner_server-4] [INFO] [1790949482.161593386] [planner_server]: Plan computed: 366 poses
[planner_server-4] [INFO] [1790949482.281774906] [planner_server]: Planning took 12 ms
[planner_server-4] [INFO] [1790949482.282105726] [planner_server]: Plan computed: 365 poses
[planner_server-4] [INFO] [1790949482.401436121] [planner_server]: Planning took 12 ms
[planner_server-4] [INFO] [1790949482.401838736] [planner_server]: Plan computed: 363 poses
[planner_server-4] [INFO] [1790949482.520596960] [planner_server]: Planning took 11 ms
[planner_server-4] [INFO] [1790949482.521110683] [planner_server]: Plan computed: 360 poses
[planner_server-4] [INFO] [1790949482.642309709] [planner_server]: Planning took 13 ms
[planner_server-4] [INFO] [1790949482.642576268] [planner_server]: Plan computed: 360 poses
[planner_server-4] [INFO] [1790949482.760390043] [planner_server]: Planning took 11 ms
[planner_server-4] [INFO] [1790949482.760995527] [planner_server]: Plan computed: 360 poses
[planner_server-4] [INFO] [1790949482.881400331] [planner_server]: Planning took 12 ms
[planner_server-4] [INFO] [1790949482.881750947] [planner_server]: Plan computed: 360 poses
[planner_server-4] [INFO] [1790949483.002830594] [planner_server]: Planning took 11 ms
[planner_server-4] [INFO] [1790949483.003172615] [planner_server]: Plan computed: 360 poses
[planner_server-4] [INFO] [1790949483.120552228] [planner_server]: Planning took 11 ms
[planner_server-4] [INFO] [1790949483.120947178] [planner_server]: Plan computed: 359 poses
[planner_server-4] [INFO] [1790949483.241036666] [planner_server]: Planning took 11 ms
[planner_server-4] [INFO] [1790949483.241581827] [planner_server]: Plan computed: 359 poses
[planner_server-4] [INFO] [1790949483.359815750] [planner_server]: Planning took 10 ms
[planner_server-4] [INFO] [1790949483.360157440] [planner_server]: Plan computed: 357 poses
[planner_server-4] [INFO] [1790949483.480176111] [planner_server]: Planning took 10 ms
[planner_server-4] [INFO] [1790949483.480457658] [planner_server]: Plan computed: 355 poses
[planner_server-4] [INFO] [1790949483.604123249] [planner_server]: Planning took 14 ms
[planner_server-4] [INFO] [1790949483.605256369] [planner_server]: Plan computed: 355 poses
[planner_server-4] [INFO] [1790949483.719982885] [planner_server]: Planning took 11 ms
[planner_server-4] [INFO] [1790949483.720177920] [planner_server]: Plan computed: 355 poses
[planner_server-4] [INFO] [1790949483.841719198] [planner_server]: Planning took 11 ms
[planner_server-4] [INFO] [1790949483.842068602] [planner_server]: Plan computed: 354 poses
[controller_node-5] [INFO] [1790949483.941282358] [controller_server]: Computed velocity commands: linear.x=0.60, linear.y=0.53, angular.z=0.00
[controller_node-5] [WARN] [1790949483.961810479] [controller_server]: path_copy succeeded.
[planner_server-4] [INFO] [1790949483.962173128] [planner_server]: Planning took 11 ms
[planner_server-4] [INFO] [1790949483.962484943] [planner_server]: Plan computed: 353 poses
[planner_server-4] [INFO] [1790949484.082517734] [planner_server]: Planning took 11 ms
[planner_server-4] [INFO] [1790949484.083170547] [planner_server]: Plan computed: 351 poses
[planner_server-4] [INFO] [1790949484.202096076] [planner_server]: Planning took 12 ms
[planner_server-4] [INFO] [1790949484.202305879] [planner_server]: Plan computed: 351 poses
[planner_server-4] [INFO] [1790949484.323369853] [planner_server]: Planning took 12 ms
[planner_server-4] [INFO] [1790949484.323655127] [planner_server]: Plan computed: 350 poses
[planner_server-4] [INFO] [1790949484.442891198] [planner_server]: Planning took 11 ms
[planner_server-4] [INFO] [1790949484.443206027] [planner_server]: Plan computed: 348 poses
[planner_server-4] [INFO] [1790949484.561453285] [planner_server]: Planning took 11 ms
[planner_server-4] [INFO] [1790949484.561800466] [planner_server]: Plan computed: 347 poses
[planner_server-4] [INFO] [1790949484.679763231] [planner_server]: Planning took 10 ms
[planner_server-4] [INFO] [1790949484.680308692] [planner_server]: Plan computed: 345 poses
[planner_server-4] [INFO] [1790949484.799731372] [planner_server]: Planning took 10 ms
[planner_server-4] [INFO] [1790949484.799979416] [planner_server]: Plan computed: 344 poses
[planner_server-4] [INFO] [1790949484.919638519] [planner_server]: Planning took 10 ms
[planner_server-4] [INFO] [1790949484.919883468] [planner_server]: Plan computed: 344 poses
[planner_server-4] [INFO] [1790949485.040391801] [planner_server]: Planning took 11 ms
[planner_server-4] [INFO] [1790949485.040708534] [planner_server]: Plan computed: 343 poses
[planner_server-4] [INFO] [1790949485.160374991] [planner_server]: Planning took 10 ms
[planner_server-4] [INFO] [1790949485.160813001] [planner_server]: Plan computed: 343 poses
[planner_server-4] [INFO] [1790949485.281904465] [planner_server]: Planning took 12 ms
[planner_server-4] [INFO] [1790949485.282366530] [planner_server]: Plan computed: 342 poses
[planner_server-4] [INFO] [1790949485.400135044] [planner_server]: Planning took 11 ms
[planner_server-4] [INFO] [1790949485.400559169] [planner_server]: Plan computed: 341 poses
[planner_server-4] [INFO] [1790949485.522223789] [planner_server]: Planning took 11 ms
[planner_server-4] [INFO] [1790949485.522583372] [planner_server]: Plan computed: 341 poses
[planner_server-4] [INFO] [1790949485.642766997] [planner_server]: Planning took 12 ms
[planner_server-4] [INFO] [1790949485.643348517] [planner_server]: Plan computed: 341 poses
[planner_server-4] [INFO] [1790949485.760277897] [planner_server]: Planning took 11 ms
[planner_server-4] [INFO] [1790949485.760545578] [planner_server]: Plan computed: 340 poses
[planner_server-4] [INFO] [1790949485.880064299] [planner_server]: Planning took 11 ms
[planner_server-4] [INFO] [1790949485.880343932] [planner_server]: Plan computed: 339 poses
[controller_node-5] [INFO] [1790949485.941313054] [controller_server]: Computed velocity commands: linear.x=0.01, linear.y=-0.75, angular.z=0.00
[controller_node-5] [WARN] [1790949485.980741166] [controller_server]: path_copy succeeded.
[planner_server-4] [INFO] [1790949485.999774818] [planner_server]: Planning took 10 ms
[planner_server-4] [INFO] [1790949486.000168305] [planner_server]: Plan computed: 339 poses
[planner_server-4] [INFO] [1790949486.119575417] [planner_server]: Planning took 10 ms
[planner_server-4] [INFO] [1790949486.120157657] [planner_server]: Plan computed: 338 poses
[planner_server-4] [INFO] [1790949486.239553768] [planner_server]: Planning took 9 ms
[planner_server-4] [INFO] [1790949486.240156036] [planner_server]: Plan computed: 336 poses
[planner_server-4] [INFO] [1790949486.361547404] [planner_server]: Planning took 9 ms
[planner_server-4] [INFO] [1790949486.361838580] [planner_server]: Plan computed: 336 poses
[planner_server-4] [INFO] [1790949486.482644952] [planner_server]: Planning took 10 ms
[planner_server-4] [INFO] [1790949486.482891254] [planner_server]: Plan computed: 334 poses
[planner_server-4] [INFO] [1790949486.597769642] [planner_server]: Planning took 9 ms
[planner_server-4] [INFO] [1790949486.598231648] [planner_server]: Plan computed: 333 poses
[planner_server-4] [INFO] [1790949486.718085125] [planner_server]: Planning took 9 ms
[planner_server-4] [INFO] [1790949486.718321278] [planner_server]: Plan computed: 333 poses
[planner_server-4] [INFO] [1790949486.838618777] [planner_server]: Planning took 9 ms
[planner_server-4] [INFO] [1790949486.839080161] [planner_server]: Plan computed: 331 poses
[planner_server-4] [INFO] [1790949486.961761293] [planner_server]: Planning took 11 ms
[planner_server-4] [INFO] [1790949486.962054632] [planner_server]: Plan computed: 330 poses
[planner_server-4] [INFO] [1790949487.081507698] [planner_server]: Planning took 8 ms
[planner_server-4] [INFO] [1790949487.082166281] [planner_server]: Plan computed: 329 poses
[planner_server-4] [INFO] [1790949487.199298943] [planner_server]: Planning took 9 ms
[planner_server-4] [INFO] [1790949487.199555643] [planner_server]: Plan computed: 328 poses
[planner_server-4] [INFO] [1790949487.320570938] [planner_server]: Planning took 9 ms
[planner_server-4] [INFO] [1790949487.320983992] [planner_server]: Plan computed: 327 poses
[planner_server-4] [INFO] [1790949487.441041344] [planner_server]: Planning took 9 ms
[planner_server-4] [INFO] [1790949487.441377413] [planner_server]: Plan computed: 325 poses
[planner_server-4] [INFO] [1790949487.559193888] [planner_server]: Planning took 10 ms
[planner_server-4] [INFO] [1790949487.559527803] [planner_server]: Plan computed: 323 poses
[planner_server-4] [INFO] [1790949487.678710926] [planner_server]: Planning took 10 ms
[planner_server-4] [INFO] [1790949487.679064478] [planner_server]: Plan computed: 322 poses
[planner_server-4] [INFO] [1790949487.797991110] [planner_server]: Planning took 8 ms
[planner_server-4] [INFO] [1790949487.798330877] [planner_server]: Plan computed: 320 poses
[planner_server-4] [INFO] [1790949487.917330145] [planner_server]: Planning took 8 ms
[planner_server-4] [INFO] [1790949487.917654232] [planner_server]: Plan computed: 319 poses
[controller_node-5] [INFO] [1790949487.960994843] [controller_server]: Computed velocity commands: linear.x=-0.79, linear.y=0.24, angular.z=0.00
[controller_node-5] [WARN] [1790949488.000910309] [controller_server]: path_copy succeeded.
[planner_server-4] [INFO] [1790949488.038095440] [planner_server]: Planning took 9 ms
[planner_server-4] [INFO] [1790949488.038348284] [planner_server]: Plan computed: 317 poses
[planner_server-4] [INFO] [1790949488.157480842] [planner_server]: Planning took 8 ms
[planner_server-4] [INFO] [1790949488.157908954] [planner_server]: Plan computed: 315 poses
[planner_server-4] [INFO] [1790949488.277583327] [planner_server]: Planning took 8 ms
[planner_server-4] [INFO] [1790949488.277783923] [planner_server]: Plan computed: 314 poses
[planner_server-4] [INFO] [1790949488.398475802] [planner_server]: Planning took 9 ms
[planner_server-4] [INFO] [1790949488.398810338] [planner_server]: Plan computed: 313 poses
[planner_server-4] [INFO] [1790949488.517507802] [planner_server]: Planning took 8 ms
[planner_server-4] [INFO] [1790949488.517869930] [planner_server]: Plan computed: 311 poses
[planner_server-4] [INFO] [1790949488.637979744] [planner_server]: Planning took 8 ms
[planner_server-4] [INFO] [1790949488.638276319] [planner_server]: Plan computed: 310 poses
[planner_server-4] [INFO] [1790949488.758620662] [planner_server]: Planning took 8 ms
[planner_server-4] [INFO] [1790949488.758885127] [planner_server]: Plan computed: 308 poses
[planner_server-4] [INFO] [1790949488.878348785] [planner_server]: Planning took 8 ms
[planner_server-4] [INFO] [1790949488.878601749] [planner_server]: Plan computed: 307 poses
[planner_server-4] [INFO] [1790949488.988480584] [planner_server]: Planning took 8 ms
[planner_server-4] [INFO] [1790949488.989193650] [planner_server]: Plan computed: 306 poses
[planner_server-4] [INFO] [1790949489.109083557] [planner_server]: Planning took 9 ms
[planner_server-4] [INFO] [1790949489.109500377] [planner_server]: Plan computed: 304 poses
[planner_server-4] [INFO] [1790949489.229383973] [planner_server]: Planning took 8 ms
[planner_server-4] [INFO] [1790949489.229721956] [planner_server]: Plan computed: 304 poses
[planner_server-4] [INFO] [1790949489.348398379] [planner_server]: Planning took 8 ms
[planner_server-4] [INFO] [1790949489.348701677] [planner_server]: Plan computed: 302 poses
[planner_server-4] [INFO] [1790949489.469653254] [planner_server]: Planning took 9 ms
[planner_server-4] [INFO] [1790949489.470300616] [planner_server]: Plan computed: 300 poses
[planner_server-4] [INFO] [1790949489.588752449] [planner_server]: Planning took 8 ms
[planner_server-4] [INFO] [1790949489.589367932] [planner_server]: Plan computed: 299 poses
[planner_server-4] [INFO] [1790949489.707424034] [planner_server]: Planning took 8 ms
[planner_server-4] [INFO] [1790949489.708019239] [planner_server]: Plan computed: 298 poses
[planner_server-4] [INFO] [1790949489.820686405] [planner_server]: Planning took 8 ms
[planner_server-4] [INFO] [1790949489.820896037] [planner_server]: Plan computed: 297 poses
[planner_server-4] [INFO] [1790949489.939938670] [planner_server]: Planning took 8 ms
[planner_server-4] [INFO] [1790949489.940325274] [planner_server]: Plan computed: 295 poses
[controller_node-5] [INFO] [1790949489.961091356] [controller_server]: Computed velocity commands: linear.x=0.34, linear.y=0.82, angular.z=0.00
[controller_node-5] [WARN] [1790949490.021079265] [controller_server]: path_copy succeeded.
[planner_server-4] [INFO] [1790949490.059836502] [planner_server]: Planning took 8 ms
[planner_server-4] [INFO] [1790949490.060432053] [planner_server]: Plan computed: 293 poses
[planner_server-4] [INFO] [1790949490.179661669] [planner_server]: Planning took 8 ms
[planner_server-4] [INFO] [1790949490.180404701] [planner_server]: Plan computed: 292 poses
[planner_server-4] [INFO] [1790949490.297618075] [planner_server]: Planning took 8 ms
[planner_server-4] [INFO] [1790949490.298091702] [planner_server]: Plan computed: 291 poses
[planner_server-4] [INFO] [1790949490.417750256] [planner_server]: Planning took 9 ms
[planner_server-4] [INFO] [1790949490.418190290] [planner_server]: Plan computed: 289 poses
[planner_server-4] [INFO] [1790949490.530241991] [planner_server]: Planning took 9 ms
[planner_server-4] [INFO] [1790949490.530722892] [planner_server]: Plan computed: 289 poses
[planner_server-4] [INFO] [1790949490.647492029] [planner_server]: Planning took 8 ms
[planner_server-4] [INFO] [1790949490.647939828] [planner_server]: Plan computed: 289 poses
[planner_server-4] [INFO] [1790949490.760029099] [planner_server]: Planning took 9 ms
[planner_server-4] [INFO] [1790949490.760445609] [planner_server]: Plan computed: 289 poses
[planner_server-4] [INFO] [1790949490.879272015] [planner_server]: Planning took 8 ms
[planner_server-4] [INFO] [1790949490.879746163] [planner_server]: Plan computed: 288 poses
[planner_server-4] [INFO] [1790949491.002382621] [planner_server]: Planning took 8 ms
[planner_server-4] [INFO] [1790949491.002640333] [planner_server]: Plan computed: 287 poses
[planner_server-4] [INFO] [1790949491.118973955] [planner_server]: Planning took 8 ms
[planner_server-4] [INFO] [1790949491.119353386] [planner_server]: Plan computed: 287 poses
[planner_server-4] [INFO] [1790949491.237419673] [planner_server]: Planning took 7 ms
[planner_server-4] [INFO] [1790949491.237700119] [planner_server]: Plan computed: 286 poses
[planner_server-4] [INFO] [1790949491.350167824] [planner_server]: Planning took 10 ms
[planner_server-4] [INFO] [1790949491.350652422] [planner_server]: Plan computed: 285 poses
[planner_server-4] [INFO] [1790949491.468388345] [planner_server]: Planning took 8 ms
[planner_server-4] [INFO] [1790949491.468910964] [planner_server]: Plan computed: 284 poses
[planner_server-4] [INFO] [1790949491.586155719] [planner_server]: Planning took 7 ms
[planner_server-4] [INFO] [1790949491.586588008] [planner_server]: Plan computed: 283 poses
[planner_server-4] [INFO] [1790949491.698818119] [planner_server]: Planning took 7 ms
[planner_server-4] [INFO] [1790949491.699153537] [planner_server]: Plan computed: 282 poses
[planner_server-4] [INFO] [1790949491.816970582] [planner_server]: Planning took 8 ms
[planner_server-4] [INFO] [1790949491.817400096] [planner_server]: Plan computed: 282 poses
[planner_server-4] [INFO] [1790949491.929188169] [planner_server]: Planning took 9 ms
[planner_server-4] [INFO] [1790949491.929381642] [planner_server]: Plan computed: 280 poses
[controller_node-5] [INFO] [1790949491.981900120] [controller_server]: Computed velocity commands: linear.x=0.26, linear.y=-1.22, angular.z=0.00
[controller_node-5] [WARN] [1790949492.040469057] [controller_server]: path_copy succeeded.
[planner_server-4] [INFO] [1790949492.048347118] [planner_server]: Planning took 8 ms
[planner_server-4] [INFO] [1790949492.048645738] [planner_server]: Plan computed: 277 poses
[planner_server-4] [INFO] [1790949492.167465592] [planner_server]: Planning took 8 ms
[planner_server-4] [INFO] [1790949492.167982610] [planner_server]: Plan computed: 276 poses
[planner_server-4] [INFO] [1790949492.286444064] [planner_server]: Planning took 7 ms
[planner_server-4] [INFO] [1790949492.286720802] [planner_server]: Plan computed: 274 poses
[planner_server-4] [INFO] [1790949492.406766520] [planner_server]: Planning took 7 ms
[planner_server-4] [INFO] [1790949492.406999887] [planner_server]: Plan computed: 273 poses
[planner_server-4] [INFO] [1790949492.517311697] [planner_server]: Planning took 7 ms
[planner_server-4] [INFO] [1790949492.517643429] [planner_server]: Plan computed: 271 poses
[planner_server-4] [INFO] [1790949492.626650973] [planner_server]: Planning took 7 ms
[planner_server-4] [INFO] [1790949492.627002782] [planner_server]: Plan computed: 268 poses
[planner_server-4] [INFO] [1790949492.746356938] [planner_server]: Planning took 7 ms
[planner_server-4] [INFO] [1790949492.746863106] [planner_server]: Plan computed: 266 poses
[planner_server-4] [INFO] [1790949492.867178291] [planner_server]: Planning took 7 ms
[planner_server-4] [INFO] [1790949492.867512267] [planner_server]: Plan computed: 265 poses
[planner_server-4] [INFO] [1790949492.987597616] [planner_server]: Planning took 7 ms
[planner_server-4] [INFO] [1790949492.988236698] [planner_server]: Plan computed: 265 poses
[planner_server-4] [INFO] [1790949493.107062794] [planner_server]: Planning took 6 ms
[planner_server-4] [INFO] [1790949493.107364209] [planner_server]: Plan computed: 263 poses
[planner_server-4] [INFO] [1790949493.217680625] [planner_server]: Planning took 6 ms
[planner_server-4] [INFO] [1790949493.218416073] [planner_server]: Plan computed: 261 poses
[planner_server-4] [INFO] [1790949493.337910927] [planner_server]: Planning took 8 ms
[planner_server-4] [INFO] [1790949493.338542650] [planner_server]: Plan computed: 260 poses
[planner_server-4] [INFO] [1790949493.449746289] [planner_server]: Planning took 7 ms
[planner_server-4] [INFO] [1790949493.449970479] [planner_server]: Plan computed: 259 poses
[planner_server-4] [INFO] [1790949493.569886842] [planner_server]: Planning took 7 ms
[planner_server-4] [INFO] [1790949493.570312369] [planner_server]: Plan computed: 258 poses
[planner_server-4] [INFO] [1790949493.687622876] [planner_server]: Planning took 8 ms
[planner_server-4] [INFO] [1790949493.688012897] [planner_server]: Plan computed: 257 poses
[planner_server-4] [INFO] [1790949493.806601207] [planner_server]: Planning took 7 ms
[planner_server-4] [INFO] [1790949493.806924854] [planner_server]: Plan computed: 256 poses
[planner_server-4] [INFO] [1790949493.916474605] [planner_server]: Planning took 7 ms
[planner_server-4] [INFO] [1790949493.916722249] [planner_server]: Plan computed: 256 poses
[controller_node-5] [INFO] [1790949494.001160820] [controller_server]: Computed velocity commands: linear.x=-0.83, linear.y=-0.67, angular.z=0.00
[planner_server-4] [INFO] [1790949494.036359705] [planner_server]: Planning took 6 ms
[planner_server-4] [INFO] [1790949494.036622597] [planner_server]: Plan computed: 255 poses
[controller_node-5] [WARN] [1790949494.060326218] [controller_server]: path_copy succeeded.
[planner_server-4] [INFO] [1790949494.156354461] [planner_server]: Planning took 7 ms
[planner_server-4] [INFO] [1790949494.156659603] [planner_server]: Plan computed: 254 poses
[planner_server-4] [INFO] [1790949494.276181583] [planner_server]: Planning took 7 ms
[planner_server-4] [INFO] [1790949494.276613642] [planner_server]: Plan computed: 253 poses
[planner_server-4] [INFO] [1790949494.396335126] [planner_server]: Planning took 6 ms
[planner_server-4] [INFO] [1790949494.396660586] [planner_server]: Plan computed: 251 poses
[planner_server-4] [INFO] [1790949494.504985462] [planner_server]: Planning took 6 ms
[planner_server-4] [INFO] [1790949494.505538007] [planner_server]: Plan computed: 250 poses
[planner_server-4] [INFO] [1790949494.615725853] [planner_server]: Planning took 6 ms
[planner_server-4] [INFO] [1790949494.616229967] [planner_server]: Plan computed: 249 poses
[planner_server-4] [INFO] [1790949494.727319974] [planner_server]: Planning took 7 ms
[planner_server-4] [INFO] [1790949494.727839978] [planner_server]: Plan computed: 248 poses
[planner_server-4] [INFO] [1790949494.848045533] [planner_server]: Planning took 7 ms
[planner_server-4] [INFO] [1790949494.848610000] [planner_server]: Plan computed: 246 poses
[planner_server-4] [INFO] [1790949494.966719400] [planner_server]: Planning took 6 ms
[planner_server-4] [INFO] [1790949494.967030343] [planner_server]: Plan computed: 245 poses
[planner_server-4] [INFO] [1790949495.075545561] [planner_server]: Planning took 6 ms
[planner_server-4] [INFO] [1790949495.075902500] [planner_server]: Plan computed: 244 poses
[planner_server-4] [INFO] [1790949495.184993467] [planner_server]: Planning took 6 ms
[planner_server-4] [INFO] [1790949495.185389779] [planner_server]: Plan computed: 241 poses
[planner_server-4] [INFO] [1790949495.297412783] [planner_server]: Planning took 6 ms
[planner_server-4] [INFO] [1790949495.297611054] [planner_server]: Plan computed: 239 poses
[planner_server-4] [INFO] [1790949495.416386336] [planner_server]: Planning took 6 ms
[planner_server-4] [INFO] [1790949495.416704362] [planner_server]: Plan computed: 237 poses
[planner_server-4] [INFO] [1790949495.525375678] [planner_server]: Planning took 6 ms
[planner_server-4] [INFO] [1790949495.525909258] [planner_server]: Plan computed: 235 poses
[planner_server-4] [INFO] [1790949495.635532738] [planner_server]: Planning took 6 ms
[planner_server-4] [INFO] [1790949495.635808735] [planner_server]: Plan computed: 236 poses
[planner_server-4] [INFO] [1790949495.756190365] [planner_server]: Planning took 7 ms
[planner_server-4] [INFO] [1790949495.756439301] [planner_server]: Plan computed: 236 poses
[planner_server-4] [INFO] [1790949495.865162135] [planner_server]: Planning took 6 ms
[planner_server-4] [INFO] [1790949495.865552586] [planner_server]: Plan computed: 235 poses
[planner_server-4] [INFO] [1790949495.977189136] [planner_server]: Planning took 6 ms
[planner_server-4] [INFO] [1790949495.977558548] [planner_server]: Plan computed: 235 poses
[controller_node-5] [INFO] [1790949496.020624326] [controller_server]: Computed velocity commands: linear.x=-0.15, linear.y=1.11, angular.z=0.00
[controller_node-5] [WARN] [1790949496.060530711] [controller_server]: path_copy succeeded.
[planner_server-4] [INFO] [1790949496.096364768] [planner_server]: Planning took 6 ms
[planner_server-4] [INFO] [1790949496.096808780] [planner_server]: Plan computed: 235 poses
[planner_server-4] [INFO] [1790949496.205633724] [planner_server]: Planning took 6 ms
[planner_server-4] [INFO] [1790949496.205954184] [planner_server]: Plan computed: 235 poses
[planner_server-4] [INFO] [1790949496.325126330] [planner_server]: Planning took 6 ms
[planner_server-4] [INFO] [1790949496.325404711] [planner_server]: Plan computed: 235 poses
[planner_server-4] [INFO] [1790949496.435470801] [planner_server]: Planning took 6 ms
[planner_server-4] [INFO] [1790949496.435604402] [planner_server]: Plan computed: 234 poses
[planner_server-4] [INFO] [1790949496.545303753] [planner_server]: Planning took 6 ms
[planner_server-4] [INFO] [1790949496.545553721] [planner_server]: Plan computed: 233 poses
[planner_server-4] [INFO] [1790949496.656775475] [planner_server]: Planning took 6 ms
[planner_server-4] [INFO] [1790949496.657271003] [planner_server]: Plan computed: 230 poses
[planner_server-4] [INFO] [1790949496.765750430] [planner_server]: Planning took 6 ms
[planner_server-4] [INFO] [1790949496.766248493] [planner_server]: Plan computed: 231 poses
[planner_server-4] [INFO] [1790949496.875659855] [planner_server]: Planning took 6 ms
[planner_server-4] [INFO] [1790949496.876211839] [planner_server]: Plan computed: 230 poses
[planner_server-4] [INFO] [1790949496.985269650] [planner_server]: Planning took 6 ms
[planner_server-4] [INFO] [1790949496.985586413] [planner_server]: Plan computed: 228 poses
[planner_server-4] [INFO] [1790949497.096058933] [planner_server]: Planning took 6 ms
[planner_server-4] [INFO] [1790949497.096395494] [planner_server]: Plan computed: 227 poses
[planner_server-4] [INFO] [1790949497.204365467] [planner_server]: Planning took 5 ms
[planner_server-4] [INFO] [1790949497.204645872] [planner_server]: Plan computed: 227 poses
[planner_server-4] [INFO] [1790949497.315479600] [planner_server]: Planning took 6 ms
[planner_server-4] [INFO] [1790949497.316368344] [planner_server]: Plan computed: 225 poses
[planner_server-4] [INFO] [1790949497.426853358] [planner_server]: Planning took 5 ms
[planner_server-4] [INFO] [1790949497.427035900] [planner_server]: Plan computed: 224 poses
[planner_server-4] [INFO] [1790949497.535440777] [planner_server]: Planning took 6 ms
[planner_server-4] [INFO] [1790949497.535832972] [planner_server]: Plan computed: 223 poses
[planner_server-4] [INFO] [1790949497.645974621] [planner_server]: Planning took 7 ms
[planner_server-4] [INFO] [1790949497.646326690] [planner_server]: Plan computed: 222 poses
[planner_server-4] [INFO] [1790949497.764819356] [planner_server]: Planning took 5 ms
[planner_server-4] [INFO] [1790949497.765203416] [planner_server]: Plan computed: 221 poses
[planner_server-4] [INFO] [1790949497.874583149] [planner_server]: Planning took 5 ms
[planner_server-4] [INFO] [1790949497.874891597] [planner_server]: Plan computed: 220 poses
[planner_server-4] [INFO] [1790949497.986612276] [planner_server]: Planning took 6 ms
[planner_server-4] [INFO] [1790949497.986785941] [planner_server]: Plan computed: 219 poses
[controller_node-5] [INFO] [1790949498.040752459] [controller_server]: Computed velocity commands: linear.x=0.09, linear.y=-0.07, angular.z=0.00
[controller_node-5] [WARN] [1790949498.080478922] [controller_server]: path_copy succeeded.
[planner_server-4] [INFO] [1790949498.095369985] [planner_server]: Planning took 5 ms
[planner_server-4] [INFO] [1790949498.095672061] [planner_server]: Plan computed: 217 poses
[planner_server-4] [INFO] [1790949498.204879593] [planner_server]: Planning took 6 ms
[planner_server-4] [INFO] [1790949498.205179154] [planner_server]: Plan computed: 216 poses
[planner_server-4] [INFO] [1790949498.316741096] [planner_server]: Planning took 7 ms
[planner_server-4] [INFO] [1790949498.317078939] [planner_server]: Plan computed: 215 poses
[planner_server-4] [INFO] [1790949498.435593374] [planner_server]: Planning took 6 ms
[planner_server-4] [INFO] [1790949498.435884319] [planner_server]: Plan computed: 213 poses
[planner_server-4] [INFO] [1790949498.548827487] [planner_server]: Planning took 6 ms
[planner_server-4] [INFO] [1790949498.549192871] [planner_server]: Plan computed: 213 poses
[planner_server-4] [INFO] [1790949498.666132356] [planner_server]: Planning took 6 ms
[planner_server-4] [INFO] [1790949498.666379710] [planner_server]: Plan computed: 213 poses
[planner_server-4] [INFO] [1790949498.776685288] [planner_server]: Planning took 6 ms
[planner_server-4] [INFO] [1790949498.776905891] [planner_server]: Plan computed: 212 poses
[planner_server-4] [INFO] [1790949498.896556885] [planner_server]: Planning took 6 ms
[planner_server-4] [INFO] [1790949498.897100413] [planner_server]: Plan computed: 212 poses
[planner_server-4] [INFO] [1790949499.005337396] [planner_server]: Planning took 5 ms
[planner_server-4] [INFO] [1790949499.005930687] [planner_server]: Plan computed: 212 poses
[planner_server-4] [INFO] [1790949499.115470389] [planner_server]: Planning took 6 ms
[planner_server-4] [INFO] [1790949499.116508506] [planner_server]: Plan computed: 212 poses
[planner_server-4] [INFO] [1790949499.234924136] [planner_server]: Planning took 5 ms
[planner_server-4] [INFO] [1790949499.235143236] [planner_server]: Plan computed: 211 poses
[planner_server-4] [INFO] [1790949499.346472663] [planner_server]: Planning took 7 ms
[planner_server-4] [INFO] [1790949499.347027161] [planner_server]: Plan computed: 210 poses
[planner_server-4] [INFO] [1790949499.455680094] [planner_server]: Planning took 5 ms
[planner_server-4] [INFO] [1790949499.455911017] [planner_server]: Plan computed: 209 poses
[planner_server-4] [INFO] [1790949499.567024286] [planner_server]: Planning took 7 ms
[planner_server-4] [INFO] [1790949499.567472676] [planner_server]: Plan computed: 208 poses
[planner_server-4] [INFO] [1790949499.685282624] [planner_server]: Planning took 5 ms
[planner_server-4] [INFO] [1790949499.685550857] [planner_server]: Plan computed: 207 poses
[planner_server-4] [INFO] [1790949499.795324960] [planner_server]: Planning took 5 ms
[planner_server-4] [INFO] [1790949499.795624641] [planner_server]: Plan computed: 205 poses
[planner_server-4] [INFO] [1790949499.905931713] [planner_server]: Planning took 6 ms
[planner_server-4] [INFO] [1790949499.906342012] [planner_server]: Plan computed: 204 poses
[planner_server-4] [INFO] [1790949500.016359621] [planner_server]: Planning took 5 ms
[planner_server-4] [INFO] [1790949500.016861081] [planner_server]: Plan computed: 203 poses
[controller_node-5] [INFO] [1790949500.042071994] [controller_server]: Computed velocity commands: linear.x=0.49, linear.y=-0.11, angular.z=0.00
[controller_node-5] [WARN] [1790949500.101443276] [controller_server]: path_copy succeeded.
[planner_server-4] [INFO] [1790949500.125192481] [planner_server]: Planning took 5 ms
[planner_server-4] [INFO] [1790949500.125481943] [planner_server]: Plan computed: 202 poses
[planner_server-4] [INFO] [1790949500.235503270] [planner_server]: Planning took 5 ms
[planner_server-4] [INFO] [1790949500.235725837] [planner_server]: Plan computed: 201 poses
[planner_server-4] [INFO] [1790949500.347721622] [planner_server]: Planning took 5 ms
[planner_server-4] [INFO] [1790949500.348109118] [planner_server]: Plan computed: 200 poses
[planner_server-4] [INFO] [1790949500.468156104] [planner_server]: Planning took 5 ms
[planner_server-4] [INFO] [1790949500.468482886] [planner_server]: Plan computed: 199 poses
[planner_server-4] [INFO] [1790949500.576511740] [planner_server]: Planning took 5 ms
[planner_server-4] [INFO] [1790949500.576978524] [planner_server]: Plan computed: 198 poses
[planner_server-4] [INFO] [1790949500.684225835] [planner_server]: Planning took 5 ms
[planner_server-4] [INFO] [1790949500.684403017] [planner_server]: Plan computed: 197 poses
[planner_server-4] [INFO] [1790949500.795433994] [planner_server]: Planning took 5 ms
[planner_server-4] [INFO] [1790949500.795747952] [planner_server]: Plan computed: 196 poses
[planner_server-4] [INFO] [1790949500.906812683] [planner_server]: Planning took 5 ms
[planner_server-4] [INFO] [1790949500.907407317] [planner_server]: Plan computed: 195 poses
[planner_server-4] [INFO] [1790949501.025300399] [planner_server]: Planning took 5 ms
[planner_server-4] [INFO] [1790949501.025778715] [planner_server]: Plan computed: 194 poses
[planner_server-4] [INFO] [1790949501.134631183] [planner_server]: Planning took 5 ms
[planner_server-4] [INFO] [1790949501.135139746] [planner_server]: Plan computed: 193 poses
[planner_server-4] [INFO] [1790949501.245765715] [planner_server]: Planning took 5 ms
[planner_server-4] [INFO] [1790949501.246088239] [planner_server]: Plan computed: 193 poses
[planner_server-4] [INFO] [1790949501.356579546] [planner_server]: Planning took 5 ms
[planner_server-4] [INFO] [1790949501.356758431] [planner_server]: Plan computed: 192 poses
[planner_server-4] [INFO] [1790949501.465511602] [planner_server]: Planning took 4 ms
[planner_server-4] [INFO] [1790949501.465732296] [planner_server]: Plan computed: 191 poses
[planner_server-4] [INFO] [1790949501.576716715] [planner_server]: Planning took 6 ms
[planner_server-4] [INFO] [1790949501.577221480] [planner_server]: Plan computed: 190 poses
[planner_server-4] [INFO] [1790949501.686048913] [planner_server]: Planning took 5 ms
[planner_server-4] [INFO] [1790949501.686508334] [planner_server]: Plan computed: 189 poses
[planner_server-4] [INFO] [1790949501.793783557] [planner_server]: Planning took 4 ms
[planner_server-4] [INFO] [1790949501.794227318] [planner_server]: Plan computed: 188 poses
[planner_server-4] [INFO] [1790949501.907175789] [planner_server]: Planning took 5 ms
[planner_server-4] [INFO] [1790949501.907468317] [planner_server]: Plan computed: 188 poses
[planner_server-4] [INFO] [1790949502.014281535] [planner_server]: Planning took 4 ms
[planner_server-4] [INFO] [1790949502.014586566] [planner_server]: Plan computed: 187 poses
[controller_node-5] [INFO] [1790949502.060480362] [controller_server]: Computed velocity commands: linear.x=0.55, linear.y=-0.42, angular.z=0.00
[controller_node-5] [WARN] [1790949502.120159200] [controller_server]: path_copy succeeded.
[planner_server-4] [INFO] [1790949502.124374085] [planner_server]: Planning took 4 ms
[planner_server-4] [INFO] [1790949502.124662676] [planner_server]: Plan computed: 185 poses
[planner_server-4] [INFO] [1790949502.233900064] [planner_server]: Planning took 4 ms
[planner_server-4] [INFO] [1790949502.234476554] [planner_server]: Plan computed: 184 poses
[planner_server-4] [INFO] [1790949502.345243689] [planner_server]: Planning took 5 ms
[planner_server-4] [INFO] [1790949502.345485742] [planner_server]: Plan computed: 183 poses
[planner_server-4] [INFO] [1790949502.454862643] [planner_server]: Planning took 4 ms
[planner_server-4] [INFO] [1790949502.455337833] [planner_server]: Plan computed: 182 poses
[planner_server-4] [INFO] [1790949502.564377511] [planner_server]: Planning took 5 ms
[planner_server-4] [INFO] [1790949502.565423060] [planner_server]: Plan computed: 181 poses
[planner_server-4] [INFO] [1790949502.676599879] [planner_server]: Planning took 5 ms
[planner_server-4] [INFO] [1790949502.677138678] [planner_server]: Plan computed: 180 poses
[planner_server-4] [INFO] [1790949502.785805160] [planner_server]: Planning took 4 ms
[planner_server-4] [INFO] [1790949502.786112706] [planner_server]: Plan computed: 180 poses
[planner_server-4] [INFO] [1790949502.893767000] [planner_server]: Planning took 4 ms
[planner_server-4] [INFO] [1790949502.894044139] [planner_server]: Plan computed: 180 poses
[planner_server-4] [INFO] [1790949503.003595375] [planner_server]: Planning took 4 ms
[planner_server-4] [INFO] [1790949503.003873075] [planner_server]: Plan computed: 178 poses
[planner_server-4] [INFO] [1790949503.113028580] [planner_server]: Planning took 4 ms
[planner_server-4] [INFO] [1790949503.113294999] [planner_server]: Plan computed: 178 poses
[planner_server-4] [INFO] [1790949503.224712543] [planner_server]: Planning took 4 ms
[planner_server-4] [INFO] [1790949503.225063570] [planner_server]: Plan computed: 177 poses
[planner_server-4] [INFO] [1790949503.333041731] [planner_server]: Planning took 4 ms
[planner_server-4] [INFO] [1790949503.333321335] [planner_server]: Plan computed: 176 poses
[planner_server-4] [INFO] [1790949503.443585296] [planner_server]: Planning took 4 ms
[planner_server-4] [INFO] [1790949503.443870150] [planner_server]: Plan computed: 176 poses
[planner_server-4] [INFO] [1790949503.553471701] [planner_server]: Planning took 4 ms
[planner_server-4] [INFO] [1790949503.554144191] [planner_server]: Plan computed: 175 poses
[planner_server-4] [INFO] [1790949503.665099388] [planner_server]: Planning took 4 ms
[planner_server-4] [INFO] [1790949503.665281339] [planner_server]: Plan computed: 175 poses
[planner_server-4] [INFO] [1790949503.772636282] [planner_server]: Planning took 4 ms
[planner_server-4] [INFO] [1790949503.772985266] [planner_server]: Plan computed: 173 poses
[planner_server-4] [INFO] [1790949503.885419453] [planner_server]: Planning took 4 ms
[planner_server-4] [INFO] [1790949503.886051868] [planner_server]: Plan computed: 172 poses
[planner_server-4] [INFO] [1790949503.992974180] [planner_server]: Planning took 4 ms
[planner_server-4] [INFO] [1790949503.993229418] [planner_server]: Plan computed: 171 poses
[controller_node-5] [INFO] [1790949504.061561837] [controller_server]: Computed velocity commands: linear.x=0.43, linear.y=-0.83, angular.z=0.00
[planner_server-4] [INFO] [1790949504.104224050] [planner_server]: Planning took 4 ms
[planner_server-4] [INFO] [1790949504.104442990] [planner_server]: Plan computed: 170 poses
[controller_node-5] [WARN] [1790949504.120401894] [controller_server]: path_copy succeeded.
[planner_server-4] [INFO] [1790949504.212686477] [planner_server]: Planning took 3 ms
[planner_server-4] [INFO] [1790949504.212912982] [planner_server]: Plan computed: 169 poses
[planner_server-4] [INFO] [1790949504.322976599] [planner_server]: Planning took 4 ms
[planner_server-4] [INFO] [1790949504.323240613] [planner_server]: Plan computed: 168 poses
[planner_server-4] [INFO] [1790949504.435843802] [planner_server]: Planning took 4 ms
[planner_server-4] [INFO] [1790949504.436369632] [planner_server]: Plan computed: 167 poses
[planner_server-4] [INFO] [1790949504.545826743] [planner_server]: Planning took 3 ms
[planner_server-4] [INFO] [1790949504.546260426] [planner_server]: Plan computed: 165 poses
[planner_server-4] [INFO] [1790949504.655662894] [planner_server]: Planning took 5 ms
[planner_server-4] [INFO] [1790949504.655944913] [planner_server]: Plan computed: 164 poses
[planner_server-4] [INFO] [1790949504.768468337] [planner_server]: Planning took 5 ms
[planner_server-4] [INFO] [1790949504.768730559] [planner_server]: Plan computed: 163 poses
[planner_server-4] [INFO] [1790949504.885168235] [planner_server]: Planning took 4 ms
[planner_server-4] [INFO] [1790949504.885349044] [planner_server]: Plan computed: 162 poses
[planner_server-4] [INFO] [1790949504.995507749] [planner_server]: Planning took 3 ms
[planner_server-4] [INFO] [1790949504.996115408] [planner_server]: Plan computed: 161 poses
[planner_server-4] [INFO] [1790949505.102911474] [planner_server]: Planning took 4 ms
[planner_server-4] [INFO] [1790949505.103294051] [planner_server]: Plan computed: 160 poses
[planner_server-4] [INFO] [1790949505.212548583] [planner_server]: Planning took 4 ms
[planner_server-4] [INFO] [1790949505.213395590] [planner_server]: Plan computed: 160 poses
[planner_server-4] [INFO] [1790949505.322446210] [planner_server]: Planning took 3 ms
[planner_server-4] [INFO] [1790949505.322660602] [planner_server]: Plan computed: 159 poses
[planner_server-4] [INFO] [1790949505.434810768] [planner_server]: Planning took 4 ms
[planner_server-4] [INFO] [1790949505.435190419] [planner_server]: Plan computed: 157 poses
[planner_server-4] [INFO] [1790949505.543073793] [planner_server]: Planning took 4 ms
[planner_server-4] [INFO] [1790949505.543439317] [planner_server]: Plan computed: 156 poses
[planner_server-4] [INFO] [1790949505.652640619] [planner_server]: Planning took 4 ms
[planner_server-4] [INFO] [1790949505.653169590] [planner_server]: Plan computed: 155 poses
[planner_server-4] [INFO] [1790949505.768526183] [planner_server]: Planning took 3 ms
[planner_server-4] [INFO] [1790949505.768957150] [planner_server]: Plan computed: 154 poses
[planner_server-4] [INFO] [1790949505.882412922] [planner_server]: Planning took 3 ms
[planner_server-4] [INFO] [1790949505.882726670] [planner_server]: Plan computed: 152 poses
[planner_server-4] [INFO] [1790949505.993854741] [planner_server]: Planning took 4 ms
[planner_server-4] [INFO] [1790949505.994279267] [planner_server]: Plan computed: 151 poses
[controller_node-5] [INFO] [1790949506.080496291] [controller_server]: Computed velocity commands: linear.x=-0.76, linear.y=-0.49, angular.z=0.00
[planner_server-4] [INFO] [1790949506.104275979] [planner_server]: Planning took 3 ms
[planner_server-4] [INFO] [1790949506.104534985] [planner_server]: Plan computed: 149 poses
[controller_node-5] [WARN] [1790949506.140090555] [controller_server]: path_copy succeeded.
[planner_server-4] [INFO] [1790949506.216149467] [planner_server]: Planning took 3 ms
[planner_server-4] [INFO] [1790949506.216326108] [planner_server]: Plan computed: 148 poses
[planner_server-4] [INFO] [1790949506.326957519] [planner_server]: Planning took 3 ms
[planner_server-4] [INFO] [1790949506.327211375] [planner_server]: Plan computed: 148 poses
[planner_server-4] [INFO] [1790949506.434666126] [planner_server]: Planning took 4 ms
[planner_server-4] [INFO] [1790949506.434879616] [planner_server]: Plan computed: 147 poses
[planner_server-4] [INFO] [1790949506.544947510] [planner_server]: Planning took 4 ms
[planner_server-4] [INFO] [1790949506.545213217] [planner_server]: Plan computed: 146 poses
[planner_server-4] [INFO] [1790949506.654574119] [planner_server]: Planning took 4 ms
[planner_server-4] [INFO] [1790949506.655033159] [planner_server]: Plan computed: 144 poses
[planner_server-4] [INFO] [1790949506.763784942] [planner_server]: Planning took 3 ms
[planner_server-4] [INFO] [1790949506.764307251] [planner_server]: Plan computed: 143 poses
[planner_server-4] [INFO] [1790949506.872558875] [planner_server]: Planning took 3 ms
[planner_server-4] [INFO] [1790949506.872799155] [planner_server]: Plan computed: 143 poses
[planner_server-4] [INFO] [1790949506.983473207] [planner_server]: Planning took 3 ms
[planner_server-4] [INFO] [1790949506.984194037] [planner_server]: Plan computed: 141 poses
[planner_server-4] [INFO] [1790949507.093098425] [planner_server]: Planning took 3 ms
[planner_server-4] [INFO] [1790949507.093227016] [planner_server]: Plan computed: 140 poses
[planner_server-4] [INFO] [1790949507.205357025] [planner_server]: Planning took 3 ms
[planner_server-4] [INFO] [1790949507.205639725] [planner_server]: Plan computed: 139 poses
[planner_server-4] [INFO] [1790949507.313856780] [planner_server]: Planning took 3 ms
[planner_server-4] [INFO] [1790949507.314100827] [planner_server]: Plan computed: 139 poses
[planner_server-4] [INFO] [1790949507.422403772] [planner_server]: Planning took 3 ms
[planner_server-4] [INFO] [1790949507.423218848] [planner_server]: Plan computed: 139 poses
[planner_server-4] [INFO] [1790949507.534561027] [planner_server]: Planning took 5 ms
[planner_server-4] [INFO] [1790949507.534926672] [planner_server]: Plan computed: 138 poses
[planner_server-4] [INFO] [1790949507.643441155] [planner_server]: Planning took 3 ms
[planner_server-4] [INFO] [1790949507.643679181] [planner_server]: Plan computed: 137 poses
[planner_server-4] [INFO] [1790949507.754528721] [planner_server]: Planning took 3 ms
[planner_server-4] [INFO] [1790949507.754831448] [planner_server]: Plan computed: 137 poses
[planner_server-4] [INFO] [1790949507.865386116] [planner_server]: Planning took 3 ms
[planner_server-4] [INFO] [1790949507.865656944] [planner_server]: Plan computed: 136 poses
[planner_server-4] [INFO] [1790949507.982278767] [planner_server]: Planning took 3 ms
[planner_server-4] [INFO] [1790949507.982528515] [planner_server]: Plan computed: 135 poses
[planner_server-4] [INFO] [1790949508.094542547] [planner_server]: Planning took 4 ms
[planner_server-4] [INFO] [1790949508.095002168] [planner_server]: Plan computed: 134 poses
[controller_node-5] [INFO] [1790949508.100477685] [controller_server]: Computed velocity commands: linear.x=0.35, linear.y=1.04, angular.z=0.00
[controller_node-5] [WARN] [1790949508.140229292] [controller_server]: path_copy succeeded.
[planner_server-4] [INFO] [1790949508.202440755] [planner_server]: Planning took 3 ms
[planner_server-4] [INFO] [1790949508.202739986] [planner_server]: Plan computed: 134 poses
[planner_server-4] [INFO] [1790949508.313250667] [planner_server]: Planning took 3 ms
[planner_server-4] [INFO] [1790949508.313458657] [planner_server]: Plan computed: 133 poses
[planner_server-4] [INFO] [1790949508.422518195] [planner_server]: Planning took 3 ms
[planner_server-4] [INFO] [1790949508.423072774] [planner_server]: Plan computed: 132 poses
[planner_server-4] [INFO] [1790949508.532738067] [planner_server]: Planning took 3 ms
[planner_server-4] [INFO] [1790949508.532913636] [planner_server]: Plan computed: 131 poses
[planner_server-4] [INFO] [1790949508.645595158] [planner_server]: Planning took 3 ms
[planner_server-4] [INFO] [1790949508.645755118] [planner_server]: Plan computed: 130 poses
[planner_server-4] [INFO] [1790949508.753465508] [planner_server]: Planning took 3 ms
[planner_server-4] [INFO] [1790949508.753980092] [planner_server]: Plan computed: 129 poses
[planner_server-4] [INFO] [1790949508.862934558] [planner_server]: Planning took 3 ms
[planner_server-4] [INFO] [1790949508.863449383] [planner_server]: Plan computed: 129 poses
[planner_server-4] [INFO] [1790949508.972017205] [planner_server]: Planning took 3 ms
[planner_server-4] [INFO] [1790949508.972478670] [planner_server]: Plan computed: 127 poses
[planner_server-4] [INFO] [1790949509.082067329] [planner_server]: Planning took 2 ms
[planner_server-4] [INFO] [1790949509.082453051] [planner_server]: Plan computed: 125 poses
[planner_server-4] [INFO] [1790949509.192135847] [planner_server]: Planning took 2 ms
[planner_server-4] [INFO] [1790949509.192389272] [planner_server]: Plan computed: 123 poses
[planner_server-4] [INFO] [1790949509.301627124] [planner_server]: Planning took 2 ms
[planner_server-4] [INFO] [1790949509.301961831] [planner_server]: Plan computed: 123 poses
[planner_server-4] [INFO] [1790949509.413174267] [planner_server]: Planning took 2 ms
[planner_server-4] [INFO] [1790949509.413423845] [planner_server]: Plan computed: 122 poses
[planner_server-4] [INFO] [1790949509.522058062] [planner_server]: Planning took 2 ms
[planner_server-4] [INFO] [1790949509.522347925] [planner_server]: Plan computed: 120 poses
[planner_server-4] [INFO] [1790949509.631662111] [planner_server]: Planning took 2 ms
[planner_server-4] [INFO] [1790949509.631931245] [planner_server]: Plan computed: 119 poses
[planner_server-4] [INFO] [1790949509.745508573] [planner_server]: Planning took 2 ms
[planner_server-4] [INFO] [1790949509.745899405] [planner_server]: Plan computed: 117 poses
[planner_server-4] [INFO] [1790949509.854118422] [planner_server]: Planning took 2 ms
[planner_server-4] [INFO] [1790949509.854443090] [planner_server]: Plan computed: 116 poses
[planner_server-4] [INFO] [1790949509.962848943] [planner_server]: Planning took 2 ms
[planner_server-4] [INFO] [1790949509.963383384] [planner_server]: Plan computed: 116 poses
[planner_server-4] [INFO] [1790949510.071540103] [planner_server]: Planning took 2 ms
[planner_server-4] [INFO] [1790949510.071708668] [planner_server]: Plan computed: 115 poses
[controller_node-5] [INFO] [1790949510.101949995] [controller_server]: Computed velocity commands: linear.x=0.49, linear.y=1.09, angular.z=0.00
[controller_node-5] [WARN] [1790949510.142774878] [controller_server]: path_copy succeeded.
[planner_server-4] [INFO] [1790949510.182950715] [planner_server]: Planning took 3 ms
[planner_server-4] [INFO] [1790949510.183337450] [planner_server]: Plan computed: 114 poses
[planner_server-4] [INFO] [1790949510.292236418] [planner_server]: Planning took 2 ms
[planner_server-4] [INFO] [1790949510.292445239] [planner_server]: Plan computed: 114 poses
[planner_server-4] [INFO] [1790949510.401425930] [planner_server]: Planning took 2 ms
[planner_server-4] [INFO] [1790949510.401714140] [planner_server]: Plan computed: 113 poses
[planner_server-4] [INFO] [1790949510.512702172] [planner_server]: Planning took 2 ms
[planner_server-4] [INFO] [1790949510.512867051] [planner_server]: Plan computed: 113 poses
[planner_server-4] [INFO] [1790949510.621973857] [planner_server]: Planning took 2 ms
[planner_server-4] [INFO] [1790949510.622343059] [planner_server]: Plan computed: 112 poses
[planner_server-4] [INFO] [1790949510.731189990] [planner_server]: Planning took 2 ms
[planner_server-4] [INFO] [1790949510.731659950] [planner_server]: Plan computed: 111 poses
[planner_server-4] [INFO] [1790949510.841617772] [planner_server]: Planning took 2 ms
[planner_server-4] [INFO] [1790949510.842122247] [planner_server]: Plan computed: 110 poses
[planner_server-4] [INFO] [1790949510.954208430] [planner_server]: Planning took 2 ms
[planner_server-4] [INFO] [1790949510.954397875] [planner_server]: Plan computed: 109 poses
[planner_server-4] [INFO] [1790949511.061324584] [planner_server]: Planning took 2 ms
[planner_server-4] [INFO] [1790949511.061503279] [planner_server]: Plan computed: 108 poses
[planner_server-4] [INFO] [1790949511.171434861] [planner_server]: Planning took 2 ms
[planner_server-4] [INFO] [1790949511.171722229] [planner_server]: Plan computed: 107 poses
[rviz2-8] [INFO] [1790949511.270332375] [rviz2]: Trying to create a map of size 80 x 79 using 1 swatches
[planner_server-4] [INFO] [1790949511.282226705] [planner_server]: Planning took 2 ms
[planner_server-4] [INFO] [1790949511.282430327] [planner_server]: Plan computed: 105 poses
[rviz2-8] [INFO] [1790949511.302514548] [rviz2]: Trying to create a map of size 80 x 78 using 1 swatches
[planner_server-4] [INFO] [1790949511.391872873] [planner_server]: Planning took 2 ms
[planner_server-4] [INFO] [1790949511.392253817] [planner_server]: Plan computed: 104 poses
[rviz2-8] [INFO] [1790949511.460810887] [rviz2]: Trying to create a map of size 80 x 77 using 1 swatches
[rviz2-8] [INFO] [1790949511.496355667] [rviz2]: Trying to create a map of size 80 x 76 using 1 swatches
[planner_server-4] [INFO] [1790949511.502307909] [planner_server]: Planning took 3 ms
[planner_server-4] [INFO] [1790949511.502665719] [planner_server]: Plan computed: 103 poses
[planner_server-4] [INFO] [1790949511.611706383] [planner_server]: Planning took 2 ms
[planner_server-4] [INFO] [1790949511.611915575] [planner_server]: Plan computed: 102 poses
[rviz2-8] [INFO] [1790949511.686770122] [rviz2]: Trying to create a map of size 80 x 75 using 1 swatches
[planner_server-4] [INFO] [1790949511.722454360] [planner_server]: Planning took 2 ms
[planner_server-4] [INFO] [1790949511.722759662] [planner_server]: Plan computed: 101 poses
[planner_server-4] [INFO] [1790949511.831080824] [planner_server]: Planning took 2 ms
[planner_server-4] [INFO] [1790949511.831327806] [planner_server]: Plan computed: 100 poses
[rviz2-8] [INFO] [1790949511.846498434] [rviz2]: Trying to create a map of size 80 x 74 using 1 swatches
[planner_server-4] [INFO] [1790949511.941292185] [planner_server]: Planning took 2 ms
[planner_server-4] [INFO] [1790949511.941501758] [planner_server]: Plan computed: 100 poses
[rviz2-8] [INFO] [1790949512.005634446] [rviz2]: Trying to create a map of size 80 x 73 using 1 swatches
[rviz2-8] [INFO] [1790949512.038357202] [rviz2]: Trying to create a map of size 80 x 72 using 1 swatches
[planner_server-4] [INFO] [1790949512.050993643] [planner_server]: Planning took 2 ms
[planner_server-4] [INFO] [1790949512.051629834] [planner_server]: Plan computed: 98 poses
[controller_node-5] [INFO] [1790949512.120445149] [controller_server]: Computed velocity commands: linear.x=0.96, linear.y=-0.36, angular.z=0.00
[controller_node-5] [WARN] [1790949512.160007657] [controller_server]: path_copy succeeded.
[planner_server-4] [INFO] [1790949512.161509750] [planner_server]: Planning took 2 ms
[planner_server-4] [INFO] [1790949512.161865998] [planner_server]: Plan computed: 97 poses
[planner_server-4] [INFO] [1790949512.273153181] [planner_server]: Planning took 2 ms
[planner_server-4] [INFO] [1790949512.273323710] [planner_server]: Plan computed: 97 poses
[rviz2-8] [INFO] [1790949512.325561346] [rviz2]: Trying to create a map of size 80 x 71 using 1 swatches
[rviz2-8] [INFO] [1790949512.359243504] [rviz2]: Trying to create a map of size 80 x 70 using 1 swatches
[planner_server-4] [INFO] [1790949512.383459851] [planner_server]: Planning took 2 ms
[planner_server-4] [INFO] [1790949512.383787986] [planner_server]: Plan computed: 96 poses
[rviz2-8] [INFO] [1790949512.454532860] [rviz2]: Trying to create a map of size 80 x 69 using 1 swatches
[planner_server-4] [INFO] [1790949512.492606830] [planner_server]: Planning took 3 ms
[planner_server-4] [INFO] [1790949512.493013712] [planner_server]: Plan computed: 95 poses
[planner_server-4] [INFO] [1790949512.604894076] [planner_server]: Planning took 2 ms
[planner_server-4] [INFO] [1790949512.605120620] [planner_server]: Plan computed: 94 poses
[rviz2-8] [INFO] [1790949512.614169219] [rviz2]: Trying to create a map of size 80 x 68 using 1 swatches
[rviz2-8] [INFO] [1790949512.709645966] [rviz2]: Trying to create a map of size 80 x 67 using 1 swatches
[planner_server-4] [INFO] [1790949512.711207692] [planner_server]: Planning took 2 ms
[planner_server-4] [INFO] [1790949512.711498787] [planner_server]: Plan computed: 94 poses
[planner_server-4] [INFO] [1790949512.821421282] [planner_server]: Planning took 2 ms
[planner_server-4] [INFO] [1790949512.821591180] [planner_server]: Plan computed: 94 poses
[rviz2-8] [INFO] [1790949512.868842040] [rviz2]: Trying to create a map of size 80 x 66 using 1 swatches
[planner_server-4] [INFO] [1790949512.934049617] [planner_server]: Planning took 3 ms
[planner_server-4] [INFO] [1790949512.934311237] [planner_server]: Plan computed: 94 poses
[planner_server-4] [INFO] [1790949513.041117957] [planner_server]: Planning took 2 ms
[planner_server-4] [INFO] [1790949513.041325796] [planner_server]: Plan computed: 93 poses
[rviz2-8] [INFO] [1790949513.125507455] [rviz2]: Trying to create a map of size 80 x 65 using 1 swatches
[planner_server-4] [INFO] [1790949513.150857571] [planner_server]: Planning took 2 ms
[planner_server-4] [INFO] [1790949513.151116927] [planner_server]: Plan computed: 92 poses
[rviz2-8] [INFO] [1790949513.253952007] [rviz2]: Trying to create a map of size 80 x 64 using 1 swatches
[planner_server-4] [INFO] [1790949513.260820834] [planner_server]: Planning took 2 ms
[planner_server-4] [INFO] [1790949513.261053470] [planner_server]: Plan computed: 92 poses
[rviz2-8] [INFO] [1790949513.285927343] [rviz2]: Trying to create a map of size 80 x 63 using 1 swatches
[planner_server-4] [INFO] [1790949513.371540784] [planner_server]: Planning took 2 ms
[planner_server-4] [INFO] [1790949513.372043526] [planner_server]: Plan computed: 91 poses
[rviz2-8] [INFO] [1790949513.382452825] [rviz2]: Trying to create a map of size 80 x 62 using 1 swatches
[planner_server-4] [INFO] [1790949513.482093141] [planner_server]: Planning took 2 ms
[planner_server-4] [INFO] [1790949513.482357526] [planner_server]: Plan computed: 90 poses
[rviz2-8] [INFO] [1790949513.572597123] [rviz2]: Trying to create a map of size 80 x 61 using 1 swatches
[planner_server-4] [INFO] [1790949513.590784131] [planner_server]: Planning took 1 ms
[planner_server-4] [INFO] [1790949513.591066730] [planner_server]: Plan computed: 89 poses
[rviz2-8] [INFO] [1790949513.637699062] [rviz2]: Trying to create a map of size 80 x 60 using 1 swatches
[planner_server-4] [INFO] [1790949513.701397171] [planner_server]: Planning took 1 ms
[planner_server-4] [INFO] [1790949513.701597236] [planner_server]: Plan computed: 89 poses
[planner_server-4] [INFO] [1790949513.811217040] [planner_server]: Planning took 2 ms
[planner_server-4] [INFO] [1790949513.811615266] [planner_server]: Plan computed: 89 poses
[rviz2-8] [INFO] [1790949513.828734368] [rviz2]: Trying to create a map of size 80 x 59 using 1 swatches
[planner_server-4] [INFO] [1790949513.921079890] [planner_server]: Planning took 1 ms
[planner_server-4] [INFO] [1790949513.921407083] [planner_server]: Plan computed: 87 poses
[rviz2-8] [INFO] [1790949514.021093865] [rviz2]: Trying to create a map of size 80 x 58 using 1 swatches
[planner_server-4] [INFO] [1790949514.030419284] [planner_server]: Planning took 1 ms
[planner_server-4] [INFO] [1790949514.030863656] [planner_server]: Plan computed: 85 poses
[controller_node-5] [INFO] [1790949514.121249428] [controller_server]: Computed velocity commands: linear.x=-0.60, linear.y=-0.32, angular.z=0.00
[planner_server-4] [INFO] [1790949514.140882313] [planner_server]: Planning took 1 ms
[planner_server-4] [INFO] [1790949514.141323340] [planner_server]: Plan computed: 84 poses
[controller_node-5] [WARN] [1790949514.180517598] [controller_server]: path_copy succeeded.
[planner_server-4] [INFO] [1790949514.252527447] [planner_server]: Planning took 1 ms
[planner_server-4] [INFO] [1790949514.252772206] [planner_server]: Plan computed: 83 poses
[planner_server-4] [INFO] [1790949514.360478241] [planner_server]: Planning took 1 ms
[planner_server-4] [INFO] [1790949514.360692482] [planner_server]: Plan computed: 81 poses
[planner_server-4] [INFO] [1790949514.473781701] [planner_server]: Planning took 1 ms
[planner_server-4] [INFO] [1790949514.473926603] [planner_server]: Plan computed: 80 poses
[planner_server-4] [INFO] [1790949514.582290019] [planner_server]: Planning took 1 ms
[planner_server-4] [INFO] [1790949514.582545718] [planner_server]: Plan computed: 79 poses
[rviz2-8] [INFO] [1790949514.663078618] [rviz2]: Trying to create a map of size 80 x 59 using 1 swatches
[planner_server-4] [INFO] [1790949514.690562405] [planner_server]: Planning took 1 ms
[planner_server-4] [INFO] [1790949514.690981260] [planner_server]: Plan computed: 78 poses
[planner_server-4] [INFO] [1790949514.802497032] [planner_server]: Planning took 2 ms
[planner_server-4] [INFO] [1790949514.802601006] [planner_server]: Plan computed: 77 poses
[planner_server-4] [INFO] [1790949514.910904701] [planner_server]: Planning took 1 ms
[planner_server-4] [INFO] [1790949514.911174747] [planner_server]: Plan computed: 76 poses
[planner_server-4] [INFO] [1790949515.020984733] [planner_server]: Planning took 1 ms
[planner_server-4] [INFO] [1790949515.021319229] [planner_server]: Plan computed: 76 poses
[planner_server-4] [INFO] [1790949515.130432451] [planner_server]: Planning took 1 ms
[planner_server-4] [INFO] [1790949515.130576430] [planner_server]: Plan computed: 75 poses
[rviz2-8] [INFO] [1790949515.142891509] [rviz2]: Trying to create a map of size 80 x 60 using 1 swatches
[planner_server-4] [INFO] [1790949515.243490760] [planner_server]: Planning took 1 ms
[planner_server-4] [INFO] [1790949515.243632636] [planner_server]: Plan computed: 75 poses
[rviz2-8] [INFO] [1790949515.300643261] [rviz2]: Trying to create a map of size 80 x 61 using 1 swatches
[planner_server-4] [INFO] [1790949515.353578489] [planner_server]: Planning took 2 ms
[planner_server-4] [INFO] [1790949515.353767393] [planner_server]: Plan computed: 74 poses
[planner_server-4] [INFO] [1790949515.460388624] [planner_server]: Planning took 1 ms
[planner_server-4] [INFO] [1790949515.460634655] [planner_server]: Plan computed: 73 poses
[rviz2-8] [INFO] [1790949515.493904158] [rviz2]: Trying to create a map of size 80 x 62 using 1 swatches
[rviz2-8] [INFO] [1790949515.557398888] [rviz2]: Trying to create a map of size 80 x 63 using 1 swatches
[planner_server-4] [INFO] [1790949515.572899999] [planner_server]: Planning took 1 ms
[planner_server-4] [INFO] [1790949515.573158513] [planner_server]: Plan computed: 72 poses
[rviz2-8] [INFO] [1790949515.622534700] [rviz2]: Trying to create a map of size 80 x 64 using 1 swatches
[planner_server-4] [INFO] [1790949515.679954419] [planner_server]: Planning took 1 ms
[planner_server-4] [INFO] [1790949515.680354589] [planner_server]: Plan computed: 71 poses
[rviz2-8] [INFO] [1790949515.717179079] [rviz2]: Trying to create a map of size 80 x 65 using 1 swatches
[planner_server-4] [INFO] [1790949515.790195062] [planner_server]: Planning took 1 ms
[planner_server-4] [INFO] [1790949515.790351014] [planner_server]: Plan computed: 70 poses
[rviz2-8] [INFO] [1790949515.813688651] [rviz2]: Trying to create a map of size 80 x 66 using 1 swatches
[planner_server-4] [INFO] [1790949515.900649346] [planner_server]: Planning took 1 ms
[planner_server-4] [INFO] [1790949515.900840725] [planner_server]: Plan computed: 69 poses
[rviz2-8] [INFO] [1790949515.942511192] [rviz2]: Trying to create a map of size 80 x 67 using 1 swatches
[planner_server-4] [INFO] [1790949516.011022303] [planner_server]: Planning took 1 ms
[planner_server-4] [INFO] [1790949516.011527148] [planner_server]: Plan computed: 68 poses
[rviz2-8] [INFO] [1790949516.039832074] [rviz2]: Trying to create a map of size 80 x 68 using 1 swatches
[planner_server-4] [INFO] [1790949516.120613715] [planner_server]: Planning took 1 ms
[planner_server-4] [INFO] [1790949516.120868894] [planner_server]: Plan computed: 67 poses
[controller_node-5] [INFO] [1790949516.140573700] [controller_server]: Computed velocity commands: linear.x=0.88, linear.y=0.84, angular.z=0.00
[controller_node-5] [WARN] [1790949516.200091654] [controller_server]: path_copy succeeded.
[rviz2-8] [INFO] [1790949516.229635461] [rviz2]: Trying to create a map of size 80 x 69 using 1 swatches
[planner_server-4] [INFO] [1790949516.230550741] [planner_server]: Planning took 1 ms
[planner_server-4] [INFO] [1790949516.230737631] [planner_server]: Plan computed: 66 poses
[rviz2-8] [INFO] [1790949516.266918846] [rviz2]: Trying to create a map of size 80 x 70 using 1 swatches
[planner_server-4] [INFO] [1790949516.341384085] [planner_server]: Planning took 1 ms
[planner_server-4] [INFO] [1790949516.341846621] [planner_server]: Plan computed: 65 poses
[planner_server-4] [INFO] [1790949516.453982344] [planner_server]: Planning took 1 ms
[planner_server-4] [INFO] [1790949516.454256358] [planner_server]: Plan computed: 64 poses
[rviz2-8] [INFO] [1790949516.485385900] [rviz2]: Trying to create a map of size 80 x 71 using 1 swatches
[rviz2-8] [INFO] [1790949516.549778551] [rviz2]: Trying to create a map of size 80 x 72 using 1 swatches
[planner_server-4] [INFO] [1790949516.559948589] [planner_server]: Planning took 1 ms
[planner_server-4] [INFO] [1790949516.560488902] [planner_server]: Plan computed: 63 poses
[rviz2-8] [INFO] [1790949516.580862738] [rviz2]: Trying to create a map of size 80 x 73 using 1 swatches
[planner_server-4] [INFO] [1790949516.670443802] [planner_server]: Planning took 1 ms
[planner_server-4] [INFO] [1790949516.670722054] [planner_server]: Plan computed: 62 poses
[planner_server-4] [INFO] [1790949516.780123696] [planner_server]: Planning took 1 ms
[planner_server-4] [INFO] [1790949516.780353977] [planner_server]: Plan computed: 62 poses
[rviz2-8] [INFO] [1790949516.837068134] [rviz2]: Trying to create a map of size 80 x 74 using 1 swatches
[rviz2-8] [INFO] [1790949516.869706853] [rviz2]: Trying to create a map of size 80 x 75 using 1 swatches
[planner_server-4] [INFO] [1790949516.891705491] [planner_server]: Planning took 2 ms
[planner_server-4] [INFO] [1790949516.892144734] [planner_server]: Plan computed: 61 poses
[planner_server-4] [INFO] [1790949517.001676661] [planner_server]: Planning took 1 ms
[planner_server-4] [INFO] [1790949517.002077652] [planner_server]: Plan computed: 60 poses
[rviz2-8] [INFO] [1790949517.030357276] [rviz2]: Trying to create a map of size 80 x 76 using 1 swatches
[rviz2-8] [INFO] [1790949517.093890624] [rviz2]: Trying to create a map of size 80 x 77 using 1 swatches
[planner_server-4] [INFO] [1790949517.110739013] [planner_server]: Planning took 1 ms
[planner_server-4] [INFO] [1790949517.111455921] [planner_server]: Plan computed: 58 poses
[planner_server-4] [INFO] [1790949517.220489123] [planner_server]: Planning took 1 ms
[planner_server-4] [INFO] [1790949517.220688606] [planner_server]: Plan computed: 58 poses
[rviz2-8] [INFO] [1790949517.222587393] [rviz2]: Trying to create a map of size 80 x 78 using 1 swatches
[rviz2-8] [INFO] [1790949517.317988329] [rviz2]: Trying to create a map of size 80 x 79 using 1 swatches
[planner_server-4] [INFO] [1790949517.330006583] [planner_server]: Planning took 0 ms
[planner_server-4] [INFO] [1790949517.330425568] [planner_server]: Plan computed: 56 poses
[planner_server-4] [INFO] [1790949517.440253177] [planner_server]: Planning took 1 ms
[planner_server-4] [INFO] [1790949517.440521991] [planner_server]: Plan computed: 55 poses
[rviz2-8] [INFO] [1790949517.478921361] [rviz2]: Trying to create a map of size 80 x 80 using 1 swatches
[planner_server-4] [INFO] [1790949517.552705635] [planner_server]: Planning took 1 ms
[planner_server-4] [INFO] [1790949517.552900700] [planner_server]: Plan computed: 54 poses
[planner_server-4] [INFO] [1790949517.660763510] [planner_server]: Planning took 1 ms
[planner_server-4] [INFO] [1790949517.661143922] [planner_server]: Plan computed: 53 poses
[planner_server-4] [INFO] [1790949517.770405663] [planner_server]: Planning took 1 ms
[planner_server-4] [INFO] [1790949517.770782298] [planner_server]: Plan computed: 52 poses
[planner_server-4] [INFO] [1790949517.880275834] [planner_server]: Planning took 1 ms
[planner_server-4] [INFO] [1790949517.880635177] [planner_server]: Plan computed: 52 poses
[planner_server-4] [INFO] [1790949517.991062350] [planner_server]: Planning took 0 ms
[planner_server-4] [INFO] [1790949517.991298693] [planner_server]: Plan computed: 52 poses
[planner_server-4] [INFO] [1790949518.102609442] [planner_server]: Planning took 1 ms
[planner_server-4] [INFO] [1790949518.103082468] [planner_server]: Plan computed: 52 poses
[controller_node-5] [INFO] [1790949518.161085220] [controller_server]: Computed velocity commands: linear.x=0.57, linear.y=0.68, angular.z=0.00
[controller_node-5] [WARN] [1790949518.200175505] [controller_server]: path_copy succeeded.
[planner_server-4] [INFO] [1790949518.210282217] [planner_server]: Planning took 1 ms
[planner_server-4] [INFO] [1790949518.210646449] [planner_server]: Plan computed: 52 poses
[planner_server-4] [INFO] [1790949518.320694582] [planner_server]: Planning took 1 ms
[planner_server-4] [INFO] [1790949518.320950692] [planner_server]: Plan computed: 51 poses
[planner_server-4] [INFO] [1790949518.431980385] [planner_server]: Planning took 0 ms
[planner_server-4] [INFO] [1790949518.432386636] [planner_server]: Plan computed: 50 poses
[planner_server-4] [INFO] [1790949518.539878541] [planner_server]: Planning took 0 ms
[planner_server-4] [INFO] [1790949518.540324737] [planner_server]: Plan computed: 49 poses
[planner_server-4] [INFO] [1790949518.652220981] [planner_server]: Planning took 0 ms
[planner_server-4] [INFO] [1790949518.652923379] [planner_server]: Plan computed: 48 poses
[planner_server-4] [INFO] [1790949518.762200539] [planner_server]: Planning took 0 ms
[planner_server-4] [INFO] [1790949518.762503456] [planner_server]: Plan computed: 47 poses
[planner_server-4] [INFO] [1790949518.871967285] [planner_server]: Planning took 1 ms
[planner_server-4] [INFO] [1790949518.872335495] [planner_server]: Plan computed: 46 poses
[planner_server-4] [INFO] [1790949518.980139906] [planner_server]: Planning took 0 ms
[planner_server-4] [INFO] [1790949518.980350340] [planner_server]: Plan computed: 46 poses
[planner_server-4] [INFO] [1790949519.089301529] [planner_server]: Planning took 0 ms
[planner_server-4] [INFO] [1790949519.089627039] [planner_server]: Plan computed: 45 poses
[planner_server-4] [INFO] [1790949519.201661692] [planner_server]: Planning took 0 ms
[planner_server-4] [INFO] [1790949519.202027307] [planner_server]: Plan computed: 44 poses
[planner_server-4] [INFO] [1790949519.309913494] [planner_server]: Planning took 0 ms
[planner_server-4] [INFO] [1790949519.310266315] [planner_server]: Plan computed: 43 poses
[rviz2-8] [INFO] [1790949519.398440705] [rviz2]: Trying to create a map of size 79 x 80 using 1 swatches
[planner_server-4] [INFO] [1790949519.419940499] [planner_server]: Planning took 0 ms
[planner_server-4] [INFO] [1790949519.420137919] [planner_server]: Plan computed: 42 poses
[rviz2-8] [INFO] [1790949519.494341929] [rviz2]: Trying to create a map of size 78 x 80 using 1 swatches
[planner_server-4] [INFO] [1790949519.529951238] [planner_server]: Planning took 0 ms
[planner_server-4] [INFO] [1790949519.530444021] [planner_server]: Plan computed: 41 poses
[rviz2-8] [INFO] [1790949519.558111153] [rviz2]: Trying to create a map of size 77 x 80 using 1 swatches
[planner_server-4] [INFO] [1790949519.641488627] [planner_server]: Planning took 0 ms
[planner_server-4] [INFO] [1790949519.641667793] [planner_server]: Plan computed: 40 poses
[rviz2-8] [INFO] [1790949519.693150511] [rviz2]: Trying to create a map of size 76 x 80 using 1 swatches
[rviz2-8] [INFO] [1790949519.750364125] [rviz2]: Trying to create a map of size 75 x 80 using 1 swatches
[planner_server-4] [INFO] [1790949519.750695325] [planner_server]: Planning took 0 ms
[planner_server-4] [INFO] [1790949519.751087850] [planner_server]: Plan computed: 39 poses
[planner_server-4] [INFO] [1790949519.860623325] [planner_server]: Planning took 0 ms
[planner_server-4] [INFO] [1790949519.860776592] [planner_server]: Plan computed: 37 poses
[rviz2-8] [INFO] [1790949519.877580018] [rviz2]: Trying to create a map of size 74 x 80 using 1 swatches
[rviz2-8] [INFO] [1790949519.942550342] [rviz2]: Trying to create a map of size 73 x 80 using 1 swatches
[planner_server-4] [INFO] [1790949519.970795672] [planner_server]: Planning took 0 ms
[planner_server-4] [INFO] [1790949519.971135608] [planner_server]: Plan computed: 36 poses
[planner_server-4] [INFO] [1790949520.079692430] [planner_server]: Planning took 0 ms
[planner_server-4] [INFO] [1790949520.080114460] [planner_server]: Plan computed: 36 poses
[rviz2-8] [INFO] [1790949520.134238557] [rviz2]: Trying to create a map of size 72 x 80 using 1 swatches
[controller_node-5] [INFO] [1790949520.180363328] [controller_server]: Computed velocity commands: linear.x=0.53, linear.y=0.58, angular.z=0.00
[planner_server-4] [INFO] [1790949520.189854898] [planner_server]: Planning took 0 ms
[planner_server-4] [INFO] [1790949520.190249648] [planner_server]: Plan computed: 35 poses
[controller_node-5] [WARN] [1790949520.201280491] [controller_server]: path_copy succeeded.
[rviz2-8] [INFO] [1790949520.230408895] [rviz2]: Trying to create a map of size 71 x 80 using 1 swatches
[planner_server-4] [INFO] [1790949520.299816481] [planner_server]: Planning took 1 ms
[planner_server-4] [INFO] [1790949520.300060558] [planner_server]: Plan computed: 34 poses
[rviz2-8] [INFO] [1790949520.324753073] [rviz2]: Trying to create a map of size 70 x 80 using 1 swatches
[planner_server-4] [INFO] [1790949520.409521683] [planner_server]: Planning took 0 ms
[planner_server-4] [INFO] [1790949520.410013454] [planner_server]: Plan computed: 32 poses
[rviz2-8] [INFO] [1790949520.421506634] [rviz2]: Trying to create a map of size 69 x 80 using 1 swatches
[rviz2-8] [INFO] [1790949520.453633933] [rviz2]: Trying to create a map of size 68 x 80 using 1 swatches
[planner_server-4] [INFO] [1790949520.520267264] [planner_server]: Planning took 0 ms
[planner_server-4] [INFO] [1790949520.520896303] [planner_server]: Plan computed: 31 poses
[rviz2-8] [INFO] [1790949520.582417854] [rviz2]: Trying to create a map of size 67 x 80 using 1 swatches
[planner_server-4] [INFO] [1790949520.629581850] [planner_server]: Planning took 0 ms
[planner_server-4] [INFO] [1790949520.629763601] [planner_server]: Plan computed: 30 poses
[planner_server-4] [INFO] [1790949520.740327006] [planner_server]: Planning took 0 ms
[planner_server-4] [INFO] [1790949520.740467739] [planner_server]: Plan computed: 29 poses
[rviz2-8] [INFO] [1790949520.742738909] [rviz2]: Trying to create a map of size 66 x 80 using 1 swatches
[rviz2-8] [INFO] [1790949520.844200524] [rviz2]: Trying to create a map of size 65 x 80 using 1 swatches
[planner_server-4] [INFO] [1790949520.850349883] [planner_server]: Planning took 0 ms
[planner_server-4] [INFO] [1790949520.850674732] [planner_server]: Plan computed: 28 poses
[planner_server-4] [INFO] [1790949520.960325637] [planner_server]: Planning took 0 ms
[planner_server-4] [INFO] [1790949520.960494063] [planner_server]: Plan computed: 28 poses
[rviz2-8] [INFO] [1790949521.030680582] [rviz2]: Trying to create a map of size 64 x 80 using 1 swatches
[planner_server-4] [INFO] [1790949521.070234501] [planner_server]: Planning took 0 ms
[planner_server-4] [INFO] [1790949521.070443783] [planner_server]: Plan computed: 26 poses
[rviz2-8] [INFO] [1790949521.158116047] [rviz2]: Trying to create a map of size 63 x 80 using 1 swatches
[planner_server-4] [INFO] [1790949521.181922693] [planner_server]: Planning took 1 ms
[planner_server-4] [INFO] [1790949521.182150440] [planner_server]: Plan computed: 25 poses
[planner_server-4] [INFO] [1790949521.289861061] [planner_server]: Planning took 0 ms
[planner_server-4] [INFO] [1790949521.290143711] [planner_server]: Plan computed: 24 poses
[rviz2-8] [INFO] [1790949521.381370333] [rviz2]: Trying to create a map of size 62 x 80 using 1 swatches
[planner_server-4] [INFO] [1790949521.401041432] [planner_server]: Planning took 0 ms
[planner_server-4] [INFO] [1790949521.401380768] [planner_server]: Plan computed: 24 poses
[planner_server-4] [INFO] [1790949521.509177806] [planner_server]: Planning took 0 ms
[planner_server-4] [INFO] [1790949521.509463150] [planner_server]: Plan computed: 23 poses
[planner_server-4] [INFO] [1790949521.619980303] [planner_server]: Planning took 0 ms
[planner_server-4] [INFO] [1790949521.621909628] [planner_server]: Plan computed: 22 poses
[rviz2-8] [INFO] [1790949521.638418132] [rviz2]: Trying to create a map of size 61 x 80 using 1 swatches
[rviz2-8] [INFO] [1790949521.669152345] [rviz2]: Trying to create a map of size 61 x 79 using 1 swatches
[planner_server-4] [INFO] [1790949521.728895336] [planner_server]: Planning took 0 ms
[planner_server-4] [INFO] [1790949521.729153921] [planner_server]: Plan computed: 21 poses
[rviz2-8] [INFO] [1790949521.811120793] [rviz2]: Trying to create a map of size 61 x 78 using 1 swatches
[planner_server-4] [INFO] [1790949521.840580162] [planner_server]: Planning took 0 ms
[planner_server-4] [INFO] [1790949521.840799463] [planner_server]: Plan computed: 20 poses
[rviz2-8] [INFO] [1790949521.925728677] [rviz2]: Trying to create a map of size 61 x 77 using 1 swatches
[planner_server-4] [INFO] [1790949521.949565742] [planner_server]: Planning took 0 ms
[planner_server-4] [INFO] [1790949521.950201313] [planner_server]: Plan computed: 19 poses
[rviz2-8] [INFO] [1790949521.957526414] [rviz2]: Trying to create a map of size 60 x 77 using 1 swatches
[rviz2-8] [INFO] [1790949522.053444310] [rviz2]: Trying to create a map of size 60 x 76 using 1 swatches
[planner_server-4] [INFO] [1790949522.059258432] [planner_server]: Planning took 0 ms
[planner_server-4] [INFO] [1790949522.059534739] [planner_server]: Plan computed: 18 poses
[rviz2-8] [INFO] [1790949522.117623362] [rviz2]: Trying to create a map of size 60 x 75 using 1 swatches
[planner_server-4] [INFO] [1790949522.171973633] [planner_server]: Planning took 0 ms
[planner_server-4] [INFO] [1790949522.172331413] [planner_server]: Plan computed: 17 poses
[controller_node-5] [INFO] [1790949522.201405065] [controller_server]: Computed velocity commands: linear.x=1.00, linear.y=0.21, angular.z=0.00
[controller_node-5] [WARN] [1790949522.219863492] [controller_server]: path_copy succeeded.
[planner_server-4] [INFO] [1790949522.280041920] [planner_server]: Planning took 0 ms
[planner_server-4] [INFO] [1790949522.280282781] [planner_server]: Plan computed: 16 poses
[rviz2-8] [INFO] [1790949522.310405738] [rviz2]: Trying to create a map of size 60 x 74 using 1 swatches
[rviz2-8] [INFO] [1790949522.374691781] [rviz2]: Trying to create a map of size 60 x 73 using 1 swatches
[planner_server-4] [INFO] [1790949522.389223472] [planner_server]: Planning took 0 ms
[planner_server-4] [INFO] [1790949522.389541598] [planner_server]: Plan computed: 15 poses
[planner_server-4] [INFO] [1790949522.501070647] [planner_server]: Planning took 0 ms
[planner_server-4] [INFO] [1790949522.501320085] [planner_server]: Plan computed: 13 poses
[rviz2-8] [INFO] [1790949522.535123196] [rviz2]: Trying to create a map of size 60 x 72 using 1 swatches
[planner_server-4] [INFO] [1790949522.612752724] [planner_server]: Planning took 0 ms
[planner_server-4] [INFO] [1790949522.612860586] [planner_server]: Plan computed: 13 poses
[rviz2-8] [INFO] [1790949522.630149472] [rviz2]: Trying to create a map of size 61 x 71 using 1 swatches
[planner_server-4] [INFO] [1790949522.720489178] [planner_server]: Planning took 0 ms
[planner_server-4] [INFO] [1790949522.720822383] [planner_server]: Plan computed: 13 poses
[rviz2-8] [INFO] [1790949522.789856590] [rviz2]: Trying to create a map of size 61 x 70 using 1 swatches
[planner_server-4] [INFO] [1790949522.831283662] [planner_server]: Planning took 0 ms
[planner_server-4] [INFO] [1790949522.831789780] [planner_server]: Plan computed: 10 poses
[rviz2-8] [INFO] [1790949522.853747282] [rviz2]: Trying to create a map of size 61 x 68 using 1 swatches
[planner_server-4] [INFO] [1790949522.941295550] [planner_server]: Planning took 0 ms
[planner_server-4] [INFO] [1790949522.941739632] [planner_server]: Plan computed: 10 poses
[rviz2-8] [INFO] [1790949522.950765695] [rviz2]: Trying to create a map of size 61 x 67 using 1 swatches
[planner_server-4] [INFO] [1790949523.049448616] [planner_server]: Planning took 0 ms
[planner_server-4] [INFO] [1790949523.050740707] [planner_server]: Plan computed: 9 poses
[rviz2-8] [INFO] [1790949523.109487733] [rviz2]: Trying to create a map of size 61 x 66 using 1 swatches
[rviz2-8] [INFO] [1790949523.142511233] [rviz2]: Trying to create a map of size 61 x 65 using 1 swatches
[planner_server-4] [INFO] [1790949523.159227107] [planner_server]: Planning took 0 ms
[planner_server-4] [INFO] [1790949523.159387868] [planner_server]: Plan computed: 7 poses
[planner_server-4] [INFO] [1790949523.269750753] [planner_server]: Planning took 0 ms
[planner_server-4] [INFO] [1790949523.270285996] [planner_server]: Plan computed: 7 poses
[rviz2-8] [INFO] [1790949523.301778914] [rviz2]: Trying to create a map of size 61 x 63 using 1 swatches
[planner_server-4] [INFO] [1790949523.378855221] [planner_server]: Planning took 0 ms
[planner_server-4] [INFO] [1790949523.379228481] [planner_server]: Plan computed: 5 poses
[planner_server-4] [INFO] [1790949523.490277151] [planner_server]: Planning took 0 ms
[planner_server-4] [INFO] [1790949523.490421631] [planner_server]: Plan computed: 4 poses
[rviz2-8] [INFO] [1790949523.494368024] [rviz2]: Trying to create a map of size 61 x 62 using 1 swatches
[rviz2-8] [INFO] [1790949523.589193905] [rviz2]: Trying to create a map of size 61 x 61 using 1 swatches
[planner_server-4] [INFO] [1790949523.598883195] [planner_server]: Planning took 0 ms
[planner_server-4] [INFO] [1790949523.599044186] [planner_server]: Plan computed: 3 poses
[rviz2-8] [INFO] [1790949523.685398864] [rviz2]: Trying to create a map of size 61 x 60 using 1 swatches
[planner_server-4] [INFO] [1790949523.702604990] [planner_server]: Planning took 0 ms
[planner_server-4] [INFO] [1790949523.703116758] [planner_server]: Plan computed: 3 poses
[planner_server-4] [INFO] [1790949523.809731002] [planner_server]: Planning took 0 ms
[planner_server-4] [INFO] [1790949523.810184120] [planner_server]: Plan computed: 3 poses
[rviz2-8] [INFO] [1790949523.847091827] [rviz2]: Trying to create a map of size 61 x 58 using 1 swatches
[planner_server-4] [INFO] [1790949523.919800833] [planner_server]: Planning took 0 ms
[planner_server-4] [INFO] [1790949523.920253231] [planner_server]: Plan computed: 3 poses
[rviz2-8] [INFO] [1790949523.973521014] [rviz2]: Trying to create a map of size 60 x 58 using 1 swatches
[planner_server-4] [INFO] [1790949524.031216566] [planner_server]: Planning took 0 ms
[planner_server-4] [INFO] [1790949524.031322684] [planner_server]: Plan computed: 2 poses
[rviz2-8] [INFO] [1790949524.102233868] [rviz2]: Trying to create a map of size 60 x 57 using 1 swatches
[planner_server-4] [INFO] [1790949524.143381858] [planner_server]: Planning took 0 ms
[planner_server-4] [INFO] [1790949524.143724611] [planner_server]: Plan computed: 3 poses
[controller_node-5] [WARN] [1790949524.220328488] [controller_server]: path_copy succeeded.
[controller_node-5] [INFO] [1790949524.220740339] [controller_server]: Computed velocity commands: linear.x=-0.20, linear.y=0.33, angular.z=0.00
[planner_server-4] [INFO] [1790949524.249095705] [planner_server]: Planning took 0 ms
[planner_server-4] [INFO] [1790949524.249339672] [planner_server]: Plan computed: 3 poses
[rviz2-8] [INFO] [1790949524.293755348] [rviz2]: Trying to create a map of size 59 x 57 using 1 swatches
[planner_server-4] [INFO] [1790949524.359504818] [planner_server]: Planning took 0 ms
[planner_server-4] [INFO] [1790949524.359650851] [planner_server]: Plan computed: 3 poses
[planner_server-4] [INFO] [1790949524.469191948] [planner_server]: Planning took 0 ms
[planner_server-4] [INFO] [1790949524.469429012] [planner_server]: Plan computed: 3 poses
[rviz2-8] [INFO] [1790949524.488794929] [rviz2]: Trying to create a map of size 58 x 57 using 1 swatches
[planner_server-4] [INFO] [1790949524.579169792] [planner_server]: Planning took 0 ms
[planner_server-4] [INFO] [1790949524.579313882] [planner_server]: Plan computed: 3 poses
[planner_server-4] [INFO] [1790949524.689217235] [planner_server]: Planning took 0 ms
[planner_server-4] [INFO] [1790949524.689404466] [planner_server]: Plan computed: 3 poses
[planner_server-4] [INFO] [1790949524.799227943] [planner_server]: Planning took 0 ms
[planner_server-4] [INFO] [1790949524.799382122] [planner_server]: Plan computed: 3 poses
[planner_server-4] [INFO] [1790949524.909405021] [planner_server]: Planning took 0 ms
[planner_server-4] [INFO] [1790949524.909964639] [planner_server]: Plan computed: 2 poses
[rviz2-8] [INFO] [1790949524.934333809] [rviz2]: Trying to create a map of size 58 x 58 using 1 swatches
[rviz2-8] [INFO] [1790949524.997675072] [rviz2]: Trying to create a map of size 57 x 58 using 1 swatches
[planner_server-4] [INFO] [1790949525.019241266] [planner_server]: Planning took 0 ms
[planner_server-4] [INFO] [1790949525.019511832] [planner_server]: Plan computed: 3 poses
[rviz2-8] [INFO] [1790949525.029630572] [rviz2]: Trying to create a map of size 58 x 58 using 1 swatches
[planner_server-4] [INFO] [1790949525.128827562] [planner_server]: Planning took 0 ms
[planner_server-4] [INFO] [1790949525.129286401] [planner_server]: Plan computed: 2 poses
[nav_interface_node-7] [INFO] [1790949525.199072728] [nav_interface_node]: [NavStateTrack] Goal reached! remaining=0.039 m, elapsed=99.58 s
[nav_interface_node-7] Sequence succeeded, halting children and returning SUCCESS
[nav_interface_node-7] [INFO] [1790949525.208227707] [nav_interface_node]: Navigation task finished successfully.
[rviz2-8] [INFO] [1790949525.284730796] [rviz2]: Trying to create a map of size 58 x 59 using 1 swatches
[sp_decision_node-6] [INFO] [1790949525.331629153] [sp_decision]: [NavToPose] Goal succeeded.
[sp_decision_node-6] [INFO] [1790949525.332592077] [sp_decision]: [DecisionEngine] SUCCEEDED – restarting
[sp_decision_node-6] [INFO] [1790949525.431055031] [sp_decision]: [WaitDuration] Wait complete – SUCCESS.
[sp_decision_node-6] [INFO] [1790949525.431179274] [sp_decision]: [DecisionEngine] SUCCEEDED – restarting
[sp_decision_node-6] [INFO] [1790949525.532410039] [sp_decision]: [DecisionEngine] SUCCEEDED – restarting
[sp_decision_node-6] [INFO] [1790949525.632309875] [sp_decision]: [DecisionEngine] SUCCEEDED – restarting
[sp_decision_node-6] [INFO] [1790949525.731285901] [sp_decision]: [DecisionEngine] SUCCEEDED – restarting
[rviz2-8] [INFO] [1790949525.733829165] [rviz2]: Trying to create a map of size 59 x 59 using 1 swatches
[sp_decision_node-6] [INFO] [1790949525.831113762] [sp_decision]: [DecisionEngine] SUCCEEDED – restarting
[sp_decision_node-6] [INFO] [1790949525.931333639] [sp_decision]: [DecisionEngine] SUCCEEDED – restarting
[sp_decision_node-6] [INFO] [1790949526.031380556] [sp_decision]: [DecisionEngine] SUCCEEDED – restarting
[sp_decision_node-6] [INFO] [1790949526.130977465] [sp_decision]: [DecisionEngine] SUCCEEDED – restarting
[sp_decision_node-6] [INFO] [1790949526.232436558] [sp_decision]: [DecisionEngine] SUCCEEDED – restarting
[controller_node-5] [WARN] [1790949526.240251456] [controller_server]: path_copy succeeded.
[controller_node-5] [INFO] [1790949526.240591133] [controller_server]: Computed velocity commands: linear.x=-0.06, linear.y=0.05, angular.z=0.00
[sp_decision_node-6] [INFO] [1790949526.331053381] [sp_decision]: [DecisionEngine] SUCCEEDED – restarting
[sp_decision_node-6] [INFO] [1790949526.431135740] [sp_decision]: [DecisionEngine] SUCCEEDED – restarting
[sp_decision_node-6] [INFO] [1790949526.532222049] [sp_decision]: [DecisionEngine] SUCCEEDED – restarting
[sp_decision_node-6] [INFO] [1790949526.631962492] [sp_decision]: [DecisionEngine] SUCCEEDED – restarting
[rviz2-8] [INFO] [1790949526.692861175] [rviz2]: Trying to create a map of size 59 x 58 using 1 swatches
[sp_decision_node-6] [INFO] [1790949526.731913971] [sp_decision]: [DecisionEngine] SUCCEEDED – restarting
[sp_decision_node-6] [INFO] [1790949526.831195669] [sp_decision]: [DecisionEngine] SUCCEEDED – restarting
[sp_decision_node-6] [INFO] [1790949526.931615791] [sp_decision]: [DecisionEngine] SUCCEEDED – restarting
[sp_decision_node-6] [INFO] [1790949527.031192873] [sp_decision]: [DecisionEngine] SUCCEEDED – restarting
[sp_decision_node-6] [INFO] [1790949527.131090857] [sp_decision]: [DecisionEngine] SUCCEEDED – restarting
[sp_decision_node-6] [INFO] [1790949527.231639730] [sp_decision]: [DecisionEngine] SUCCEEDED – restarting
[sp_decision_node-6] [INFO] [1790949527.331901194] [sp_decision]: [DecisionEngine] SUCCEEDED – restarting
[sp_decision_node-6] [INFO] [1790949527.431441087] [sp_decision]: [DecisionEngine] SUCCEEDED – restarting
[rviz2-8] [INFO] [1790949527.529220702] [rviz2]: Trying to create a map of size 58 x 58 using 1 swatches
[sp_decision_node-6] [INFO] [1790949527.531095344] [sp_decision]: [DecisionEngine] SUCCEEDED – restarting
[sp_decision_node-6] [INFO] [1790949527.631037556] [sp_decision]: [DecisionEngine] SUCCEEDED – restarting
[sp_decision_node-6] [INFO] [1790949527.733995506] [sp_decision]: [DecisionEngine] SUCCEEDED – restarting
[sp_decision_node-6] [INFO] [1790949527.832431000] [sp_decision]: [DecisionEngine] SUCCEEDED – restarting
[sp_decision_node-6] [INFO] [1790949527.932190114] [sp_decision]: [DecisionEngine] SUCCEEDED – restarting
[sp_decision_node-6] [INFO] [1790949528.031351217] [sp_decision]: [DecisionEngine] SUCCEEDED – restarting
[sp_decision_node-6] [INFO] [1790949528.131639232] [sp_decision]: [DecisionEngine] SUCCEEDED – restarting
[sp_decision_node-6] [INFO] [1790949528.231127758] [sp_decision]: [DecisionEngine] SUCCEEDED – restarting
[controller_node-5] [WARN] [1790949528.259660027] [controller_server]: path_copy succeeded.
[controller_node-5] [INFO] [1790949528.259737933] [controller_server]: Computed velocity commands: linear.x=0.00, linear.y=0.00, angular.z=0.00
[sp_decision_node-6] [INFO] [1790949528.331738217] [sp_decision]: [DecisionEngine] SUCCEEDED – restarting
[sp_decision_node-6] [INFO] [1790949528.432668285] [sp_decision]: [DecisionEngine] SUCCEEDED – restarting
[sp_decision_node-6] [INFO] [1790949528.531289256] [sp_decision]: [DecisionEngine] SUCCEEDED – restarting
[sp_decision_node-6] [INFO] [1790949528.631087663] [sp_decision]: [DecisionEngine] SUCCEEDED – restarting
[sp_decision_node-6] [INFO] [1790949528.731163120] [sp_decision]: [DecisionEngine] SUCCEEDED – restarting
[sp_decision_node-6] [INFO] [1790949528.831039073] [sp_decision]: [DecisionEngine] SUCCEEDED – restarting
[sp_decision_node-6] [INFO] [1790949528.931470988] [sp_decision]: [DecisionEngine] SUCCEEDED – restarting
[sp_decision_node-6] [INFO] [1790949529.031551439] [sp_decision]: [DecisionEngine] SUCCEEDED – restarting
[sp_decision_node-6] [INFO] [1790949529.130976322] [sp_decision]: [DecisionEngine] SUCCEEDED – restarting
[rviz2-8] [INFO] [1790949529.162574733] [rviz2]: Trying to create a map of size 58 x 59 using 1 swatches
[sp_decision_node-6] [INFO] [1790949529.231194210] [sp_decision]: [DecisionEngine] SUCCEEDED – restarting
[sp_decision_node-6] [INFO] [1790949529.332267441] [sp_decision]: [DecisionEngine] SUCCEEDED – restarting
[sp_decision_node-6] [INFO] [1790949529.431409670] [sp_decision]: [DecisionEngine] SUCCEEDED – restarting
[sp_decision_node-6] [INFO] [1790949529.531104254] [sp_decision]: [DecisionEngine] SUCCEEDED – restarting
[sp_decision_node-6] [INFO] [1790949529.631313468] [sp_decision]: [DecisionEngine] SUCCEEDED – restarting
[sp_decision_node-6] [INFO] [1790949529.732351511] [sp_decision]: [DecisionEngine] SUCCEEDED – restarting
[sp_decision_node-6] [INFO] [1790949529.831284327] [sp_decision]: [DecisionEngine] SUCCEEDED – restarting
[sp_decision_node-6] [INFO] [1790949529.931592365] [sp_decision]: [DecisionEngine] SUCCEEDED – restarting
[sp_decision_node-6] [INFO] [1790949530.031168672] [sp_decision]: [DecisionEngine] SUCCEEDED – restarting
[sp_decision_node-6] [INFO] [1790949530.131442471] [sp_decision]: [DecisionEngine] SUCCEEDED – restarting
[sp_decision_node-6] [INFO] [1790949530.231870558] [sp_decision]: [DecisionEngine] SUCCEEDED – restarting
[controller_node-5] [WARN] [1790949530.260519129] [controller_server]: path_copy succeeded.
[controller_node-5] [INFO] [1790949530.260664011] [controller_server]: Computed velocity commands: linear.x=0.00, linear.y=0.00, angular.z=0.00
[sp_decision_node-6] [INFO] [1790949530.331360359] [sp_decision]: [DecisionEngine] SUCCEEDED – restarting
[sp_decision_node-6] [INFO] [1790949530.431229704] [sp_decision]: [DecisionEngine] SUCCEEDED – restarting
[sp_decision_node-6] [INFO] [1790949530.531438727] [sp_decision]: [DecisionEngine] SUCCEEDED – restarting
[sp_decision_node-6] [INFO] [1790949530.631231354] [sp_decision]: [DecisionEngine] SUCCEEDED – restarting
[sp_decision_node-6] [INFO] [1790949530.731232121] [sp_decision]: [DecisionEngine] SUCCEEDED – restarting
[sp_decision_node-6] [INFO] [1790949530.831048933] [sp_decision]: [DecisionEngine] SUCCEEDED – restarting
[sp_decision_node-6] [INFO] [1790949530.931530492] [sp_decision]: [DecisionEngine] SUCCEEDED – restarting
[sp_decision_node-6] [INFO] [1790949531.031462801] [sp_decision]: [DecisionEngine] SUCCEEDED – restarting
[sp_decision_node-6] [INFO] [1790949531.131073658] [sp_decision]: [DecisionEngine] SUCCEEDED – restarting
[sp_decision_node-6] [INFO] [1790949531.231440396] [sp_decision]: [DecisionEngine] SUCCEEDED – restarting
[sp_decision_node-6] [INFO] [1790949531.331661542] [sp_decision]: [DecisionEngine] SUCCEEDED – restarting
[sp_decision_node-6] [INFO] [1790949531.434268707] [sp_decision]: [DecisionEngine] SUCCEEDED – restarting
[sp_decision_node-6] [INFO] [1790949531.531448986] [sp_decision]: [DecisionEngine] SUCCEEDED – restarting
[sp_decision_node-6] [INFO] [1790949531.631211758] [sp_decision]: [DecisionEngine] SUCCEEDED – restarting
[sp_decision_node-6] [INFO] [1790949531.732063770] [sp_decision]: [DecisionEngine] SUCCEEDED – restarting
[sp_decision_node-6] [INFO] [1790949531.831445764] [sp_decision]: [DecisionEngine] SUCCEEDED – restarting
[sp_decision_node-6] [INFO] [1790949531.931093495] [sp_decision]: [DecisionEngine] SUCCEEDED – restarting
[sp_decision_node-6] [INFO] [1790949532.031383525] [sp_decision]: [DecisionEngine] SUCCEEDED – restarting
[sp_decision_node-6] [INFO] [1790949532.131280639] [sp_decision]: [DecisionEngine] SUCCEEDED – restarting
[sp_decision_node-6] [INFO] [1790949532.231154980] [sp_decision]: [DecisionEngine] SUCCEEDED – restarting
[controller_node-5] [WARN] [1790949532.280204864] [controller_server]: path_copy succeeded.
[controller_node-5] [INFO] [1790949532.280325069] [controller_server]: Computed velocity commands: linear.x=0.00, linear.y=0.00, angular.z=0.00
[sp_decision_node-6] [INFO] [1790949532.331443808] [sp_decision]: [DecisionEngine] SUCCEEDED – restarting
[sp_decision_node-6] [INFO] [1790949532.431370016] [sp_decision]: [DecisionEngine] SUCCEEDED – restarting
[sp_decision_node-6] [INFO] [1790949532.531276798] [sp_decision]: [DecisionEngine] SUCCEEDED – restarting
[sp_decision_node-6] [INFO] [1790949532.631038759] [sp_decision]: [DecisionEngine] SUCCEEDED – restarting
[sp_decision_node-6] [INFO] [1790949532.731486934] [sp_decision]: [DecisionEngine] SUCCEEDED – restarting
[sp_decision_node-6] [INFO] [1790949532.832238259] [sp_decision]: [DecisionEngine] SUCCEEDED – restarting
[sp_decision_node-6] [INFO] [1790949532.932858537] [sp_decision]: [DecisionEngine] SUCCEEDED – restarting
[sp_decision_node-6] [INFO] [1790949533.031429151] [sp_decision]: [DecisionEngine] SUCCEEDED – restarting
[sp_decision_node-6] [INFO] [1790949533.131202072] [sp_decision]: [DecisionEngine] SUCCEEDED – restarting
[sp_decision_node-6] [INFO] [1790949533.231279569] [sp_decision]: [DecisionEngine] SUCCEEDED – restarting
[sp_decision_node-6] [INFO] [1790949533.331311857] [sp_decision]: [DecisionEngine] SUCCEEDED – restarting
[sp_decision_node-6] [INFO] [1790949533.433825498] [sp_decision]: [DecisionEngine] SUCCEEDED – restarting
[sp_decision_node-6] [INFO] [1790949533.531232513] [sp_decision]: [DecisionEngine] SUCCEEDED – restarting
[sp_decision_node-6] [INFO] [1790949533.631413178] [sp_decision]: [DecisionEngine] SUCCEEDED – restarting
[sp_decision_node-6] [INFO] [1790949533.731619792] [sp_decision]: [DecisionEngine] SUCCEEDED – restarting
[WARNING] [launch]: user interrupted with ctrl-c (SIGINT)
[nav_interface_node-7] [INFO] [1790949533.749490028] [rclcpp]: signal_handler(SIGINT/SIGTERM)
[static_transform_publisher-1] [INFO] [1790949533.749738631] [rclcpp]: signal_handler(SIGINT/SIGTERM)
[INFO] [rviz2-8]: sending signal 'SIGINT' to process[rviz2-8]
[INFO] [nav_interface_node-7]: sending signal 'SIGINT' to process[nav_interface_node-7]
[INFO] [sp_decision_node-6]: sending signal 'SIGINT' to process[sp_decision_node-6]
[INFO] [controller_node-5]: sending signal 'SIGINT' to process[controller_node-5]
[INFO] [planner_server-4]: sending signal 'SIGINT' to process[planner_server-4]
[INFO] [esdf_map_publisher-3]: sending signal 'SIGINT' to process[esdf_map_publisher-3]
[INFO] [sim_robot-2]: sending signal 'SIGINT' to process[sim_robot-2]
[ERROR] [nav_interface_node-7]: process has died [pid 182939, exit code -2, cmd '/home/zrj/nav_final_project/install/sp_nav_bt/lib/sp_nav_bt/nav_interface_node --ros-args -r __node:=nav_interface_node --params-file /home/zrj/nav_final_project/install/sp_nav_bringup/share/sp_nav_bringup/config/nav_params.yaml --params-file /tmp/launch_params_mtvxhc95'].
[INFO] [static_transform_publisher-1]: sending signal 'SIGINT' to process[static_transform_publisher-1]
[planner_server-4] [INFO] [1790949533.749794388] [rclcpp]: signal_handler(SIGINT/SIGTERM)
[sp_decision_node-6] [INFO] [1790949533.749775944] [rclcpp]: signal_handler(SIGINT/SIGTERM)
[rviz2-8] [INFO] [1790949533.750732586] [rclcpp]: signal_handler(SIGINT/SIGTERM)
[ERROR] [controller_node-5]: process has died [pid 182935, exit code -2, cmd '/home/zrj/nav_final_project/install/sp_controller_server/lib/sp_controller_server/controller_node --ros-args -r __node:=controller_server --params-file /home/zrj/nav_final_project/install/sp_nav_bringup/share/sp_nav_bringup/config/nav_params.yaml --params-file /tmp/launch_params_tn_9u3pf'].
[esdf_map_publisher-3] [INFO] [1790949533.751148735] [rclcpp]: signal_handler(SIGINT/SIGTERM)
[ERROR] [planner_server-4]: process has died [pid 182933, exit code -2, cmd '/home/zrj/nav_final_project/install/sp_global_planner/lib/sp_global_planner/planner_server --ros-args -r __node:=planner_server --params-file /home/zrj/nav_final_project/install/sp_nav_bringup/share/sp_nav_bringup/config/nav_params.yaml --params-file /tmp/launch_params_yxauzuos'].
[controller_node-5] [INFO] [1790949533.751701972] [rclcpp]: signal_handler(SIGINT/SIGTERM)
[ERROR] [static_transform_publisher-1]: process has died [pid 182927, exit code -2, cmd '/opt/ros/humble/lib/tf2_ros/static_transform_publisher 0 0.15 0 0 0 0 base_link livox_frame --ros-args'].
[sp_decision_node-6] [INFO] [1790949533.753060717] [sp_decision]: [DecisionEngine] Stopped.
[ERROR] [esdf_map_publisher-3]: process has died [pid 182931, exit code -2, cmd '/home/zrj/nav_final_project/install/sp_map_server/lib/sp_map_server/esdf_map_publisher --ros-args -r __node:=esdf_map_publisher --params-file /home/zrj/nav_final_project/install/sp_nav_bringup/share/sp_nav_bringup/config/nav_params.yaml --params-file /tmp/launch_params_orc3bw8r'].
[rviz2-8] [INFO] [1790949533.782618291] [rclcpp]: signal_handler(SIGINT/SIGTERM)
[sp_decision_node-6] [INFO] [1790949533.788676114] [rclcpp]: signal_handler(SIGINT/SIGTERM)
[sim_robot-2] Traceback (most recent call last):
[sim_robot-2]   File "/home/zrj/nav_final_project/install/sp_nav_sim/lib/sp_nav_sim/sim_robot", line 33, in <module>
[sim_robot-2]     sys.exit(load_entry_point('sp-nav-sim', 'console_scripts', 'sim_robot')())
[sim_robot-2]   File "/home/zrj/nav_final_project/build/sp_nav_sim/sp_nav_sim/sim_robot_node.py", line 598, in main
[sim_robot-2]     node.destroy_node()
[sim_robot-2]   File "/opt/ros/humble/local/lib/python3.10/dist-packages/rclpy/node.py", line 1691, in destroy_node
[sim_robot-2]     self.destroy_service(self._services[0])
[sim_robot-2]   File "/opt/ros/humble/local/lib/python3.10/dist-packages/rclpy/node.py", line 1615, in destroy_service
[sim_robot-2]     service.destroy()
[sim_robot-2]   File "/opt/ros/humble/local/lib/python3.10/dist-packages/rclpy/service.py", line 93, in destroy
[sim_robot-2]     self.__service.destroy_when_not_in_use()
[sim_robot-2] KeyboardInterrupt
[sim_robot-2] The following exception was never retrieved: Failed to publish: publisher's context is invalid, at ./src/rcl/publisher.c:389
[sim_robot-2] The following exception was never retrieved: Failed to publish: publisher's context is invalid, at ./src/rcl/publisher.c:389
[ERROR] [sim_robot-2]: process has died [pid 182929, exit code -2, cmd '/home/zrj/nav_final_project/install/sp_nav_sim/lib/sp_nav_sim/sim_robot --ros-args -r __node:=sim_robot_node --params-file /home/zrj/nav_final_project/install/sp_nav_sim/share/sp_nav_sim/config/sim_robot.yaml'].
[INFO] [rviz2-8]: process has finished cleanly [pid 182941]
[ERROR] [sp_decision_node-6]: process[sp_decision_node-6] failed to terminate '5' seconds after receiving 'SIGINT', escalating to 'SIGTERM'
[INFO] [sp_decision_node-6]: sending signal 'SIGTERM' to process[sp_decision_node-6]
[sp_decision_node-6] [INFO] [1790949538.777300374] [rclcpp]: signal_handler(SIGINT/SIGTERM)
[ERROR] [sp_decision_node-6]: process[sp_decision_node-6] failed to terminate '10.0' seconds after receiving 'SIGTERM', escalating to 'SIGKILL'
[INFO] [sp_decision_node-6]: sending signal 'SIGKILL' to process[sp_decision_node-6]
[ERROR] [sp_decision_node-6]: process has died [pid 182937, exit code -9, cmd '/home/zrj/nav_final_project/install/sp_decision/lib/sp_decision/sp_decision_node --ros-args -r __node:=sp_decision --params-file /home/zrj/nav_final_project/install/sp_nav_bringup/share/sp_nav_bringup/config/nav_params.yaml --params-file /tmp/launch_params_0xhsshml'].
