[INFO] [launch]: All log files can be found below /home/zrj/.ros/log/2026-10-02-11-07-34-768477-zrj-virtual-machine-192390
[INFO] [launch]: Default logging verbosity is set to INFO
[INFO] [sim_robot-2]: process started with pid [192403]
[INFO] [static_transform_publisher-1]: process started with pid [192401]
[INFO] [esdf_map_publisher-3]: process started with pid [192405]
[INFO] [planner_server-4]: process started with pid [192407]
[INFO] [controller_node-5]: process started with pid [192409]
[INFO] [sp_decision_node-6]: process started with pid [192411]
[INFO] [nav_interface_node-7]: process started with pid [192413]
[INFO] [robot_marker_publisher-8]: process started with pid [192415]
[INFO] [rviz2-9]: process started with pid [192417]
[static_transform_publisher-1] [WARN] [1790953654.918401717] []: Old-style arguments are deprecated; see --help for new-style arguments
[static_transform_publisher-1] [INFO] [1790953654.984654922] [static_transform_publisher_G1IXaFKxp8hqQec9]: Spinning until stopped - publishing transform
[static_transform_publisher-1] translation: ('0.000000', '0.150000', '0.000000')
[static_transform_publisher-1] rotation: ('0.000000', '0.000000', '0.000000', '1.000000')
[static_transform_publisher-1] from 'base_link' to 'livox_frame'
[nav_interface_node-7] [INFO] [1790953655.057888013] [nav_interface_node]: Loading plugin: nav_compute_path_service
[nav_interface_node-7] [INFO] [1790953655.060314841] [nav_interface_node]: Loading plugin: nav_state_track
[nav_interface_node-7] [INFO] [1790953655.062319015] [nav_interface_node]: Loading plugin: nav_rate_control
[nav_interface_node-7] [INFO] [1790953655.062913848] [nav_interface_node]: Loading plugin: nav_repeat_sequence
[nav_interface_node-7] [INFO] [1790953655.063797455] [nav_interface_node]: Loading plugin: nav_get_pose
[nav_interface_node-7] [INFO] [1790953655.064831081] [nav_interface_node]: Loading plugin: nav_set_control_enable
[nav_interface_node-7] [INFO] [1790953655.066353292] [nav_interface_node]: Initializing BT from: /home/zrj/nav_final_project/install/sp_nav_bt/share/sp_nav_bt/nav_bt/default_nav_with_fallback.xml
[planner_server-4] [INFO] [1790953655.094578977] [planner_server]: PlannerServer ready. costmap_topic=/global_costmap local_costmap_topic=/local_costmap/costmap path_topic=/global_path service=make_plan plugin=AStar (sp_global_planner/AStarPlanner)
[planner_server-4] [INFO] [1790953655.117488600] [planner_server]: AStarPlanner configured: lethal_cost=95 cost_weight=6.000
[planner_server-4] [INFO] [1790953655.117594706] [planner_server]: PlannerServer ready. costmap_topic=/global_costmap local_costmap_topic=/local_costmap/costmap path_topic=/global_path service=make_plan plugin=AStar (sp_global_planner/AStarPlanner)
[robot_marker_publisher-8] [INFO] [1790953655.135572069] [robot_marker_publisher]: Visualizing robot states from /robots on /dynamic_obstacles/markers
[nav_interface_node-7] [INFO] [1790953655.153578813] [nav_interface_node]: Navigation Interface Node initialized.
[controller_node-5] [INFO] [1790953655.174848314] [controller_server]: PID configured: max_speed=1.25 m/s horizon=28 dt=0.070 s
[controller_node-5] [INFO] [1790953655.175250499] [controller_server]: Loaded controller plugin: PidController (PidController)
[nav_interface_node-7] [INFO] [1790953655.178372325] [nav_interface_node]: Restart-task service ready at /nav_interface/restart_task
[sp_decision_node-6] [WARN] [1790953655.390049291] [rcl.logging_rosout]: Publisher already registered for provided node name. If this is due to multiple nodes with the same name then all logs for that logger name will go out over the existing publisher. As soon as any node with that name is destructed it will unregister the publisher, preventing any further logs for that name from being published on the rosout topic.
[sim_robot-2] pygame 2.1.2 (SDL 2.0.20, Python 3.10.12)
[sim_robot-2] Hello from the pygame community. https://www.pygame.org/contribute.html
[sp_decision_node-6] [INFO] [1790953655.436570848] [sp_decision]: [BlackboardBridge] Initialized (goal_pose only).
[esdf_map_publisher-3] [INFO] [1790953655.443351425] [esdf_map_publisher]: Loaded map: /home/zrj/nav_final_project/install/sp_nav_bringup/share/sp_nav_bringup/map/maze_map.pgm  size=300x300  res=0.050 m/cell  origin=[0.000, 0.000, 0.000]  negate=0  unknown_as_obstacle=false
[sp_decision_node-6] [INFO] [1790953655.604560368] [sp_decision]: [BtEngine] Loading plugin: nav_to_pose_bt_node
[sp_decision_node-6] [INFO] [1790953655.609716533] [sp_decision]: [BtEngine] Loading plugin: condition_judge_bt_node
[sp_decision_node-6] [INFO] [1790953655.685865912] [sp_decision]: [BtEngine] Loading plugin: wait_duration_bt_node
[sp_decision_node-6] [INFO] [1790953655.686813498] [sp_decision]: [BtEngine] Loading plugin: gimbal_control_bt_node
[sp_decision_node-6] [INFO] [1790953655.688127563] [sp_decision]: [BtEngine] Loading plugin: chassis_mode_bt_node
[sp_decision_node-6] [INFO] [1790953655.689412575] [sp_decision]: [BtEngine] Loading plugin: set_double_bt_node
[sp_decision_node-6] [INFO] [1790953655.690072558] [sp_decision]: [BtEngine] Initialising tree from: /home/zrj/nav_final_project/install/sp_decision/share/sp_decision/decision_trees/click_nav.xml
[sp_decision_node-6] [WARN] [1790953655.692416272] [rcl.logging_rosout]: Publisher already registered for provided node name. If this is due to multiple nodes with the same name then all logs for that logger name will go out over the existing publisher. As soon as any node with that name is destructed it will unregister the publisher, preventing any further logs for that name from being published on the rosout topic.
[sp_decision_node-6] [INFO] [1790953655.726290160] [sp_decision]: [NavToPose] BT node 'NavToPose' initialised (ros node: nav_to_pose_0).
[sp_decision_node-6] [INFO] [1790953655.727446563] [sp_decision]: [ChassisMode] BT node initialised.
[sp_decision_node-6] [INFO] [1790953655.728327576] [sp_decision]: [GimbalControl] BT node initialised.
[sp_decision_node-6] [INFO] [1790953655.728378810] [sp_decision]: [WaitDuration] BT node initialised.
[sp_decision_node-6] [INFO] [1790953655.728579573] [sp_decision]: [DecisionEngine] Started with tree: /home/zrj/nav_final_project/install/sp_decision/share/sp_decision/decision_trees/click_nav.xml
[sp_decision_node-6] [INFO] [1790953655.729413653] [sp_decision]: [DecisionEngine] Started: /home/zrj/nav_final_project/install/sp_decision/share/sp_decision/decision_trees/click_nav.xml
[sp_decision_node-6] [INFO] [1790953655.730059831] [ConditionJudge]: [ConditionJudge] Initialised: 2 variables, 3 conditions, 3 children.
[sp_decision_node-6] [INFO] [1790953655.730111757] [sp_decision]: [WaitDuration] duration < 0 – blocking forever (RUNNING).
[rviz2-9] [INFO] [1790953655.742368623] [rviz2]: Stereo is NOT SUPPORTED
[rviz2-9] [INFO] [1790953655.742983652] [rviz2]: OpenGl version: 4.3 (GLSL 4.3)
[rviz2-9] [INFO] [1790953655.817581889] [rviz2]: Stereo is NOT SUPPORTED
[rviz2-9] [INFO] [1790953656.643123922] [rviz2]: Trying to create a map of size 300 x 300 using 1 swatches
[rviz2-9] [ERROR] [1790953656.648371658] [rviz2]: Vertex Program:rviz/glsl120/indexed_8bit_image.vert Fragment Program:rviz/glsl120/indexed_8bit_image.frag GLSL link result : 
[rviz2-9] active samplers with a different type refer to the same texture image unit
[sim_robot-2] [0m[INFO] [1790953657.188878912] [sim_robot_node]: SimRobotNode ready | map=/home/zrj/nav_final_project/install/sp_nav_bringup/share/sp_nav_bringup/map/maze_map.pgm | robots=[1, 2, 3] | sim=30.0Hz pub=30.0Hz odom=30.0Hz[0m
[sim_robot-2] [0m[INFO] [1790953657.190809811] [sim_robot_node]: map->lidar_odom origin=(0.900, 0.900) | start: base_link ≡ lidar_odom[0m
[sim_robot-2] [0m[INFO] [1790953657.191628899] [sim_robot_node]: gimbal_topic=/gimbal/control scan_speed=1.0 rad/s | chassis_topic=/chassis/mode[0m
[sim_robot-2] [0m[INFO] [1790953657.193129590] [sim_robot_node]: local_costmap_topic=/local_costmap/costmap frame=map window=4.00x4.00m[0m
[rviz2-9] [INFO] [1790953657.768212314] [rviz2]: Trying to create a map of size 58 x 58 using 1 swatches
[planner_server-4] [INFO] [1790953716.303871216] [planner_server]: Received goal from /goal_pose: (14.100, 14.100) frame=map
[sp_decision_node-6] [INFO] [1790953716.304409559] [sp_decision]: [BlackboardBridge] New goal_pose  x=14.100  y=14.100
[sp_decision_node-6] [INFO] [1790953716.329980500] [ConditionJudge]: [ConditionJudge] Switching child 2 -> 0, halting previous.
[sp_decision_node-6] [INFO] [1790953716.330072741] [sp_decision]: [WaitDuration] Halted – timer cleared.
[sp_decision_node-6] [INFO] [1790953716.330164541] [sp_decision]: [DecisionEngine] SUCCEEDED – restarting
[sp_decision_node-6] [INFO] [1790953716.429854548] [sp_decision]: [NavToPose] Using blackboard PoseStamped  x=14.100  y=14.100  frame='map'
[sp_decision_node-6] [INFO] [1790953716.430126983] [sp_decision]: [NavToPose] Sending goal  x=14.100  y=14.100  frame='map'
[nav_interface_node-7] [INFO] [1790953716.431096711] [nav_interface_node]: Received goal request: Go to (14.10, 14.10)
[nav_interface_node-7] [INFO] [1790953716.432251692] [nav_interface_node]: BT goal_pose set to ORIGINAL action goal: (14.100, 14.100)
[nav_interface_node-7] [INFO] [1790953716.432314578] [nav_interface_node]: Executing Static BT for goal...
[nav_interface_node-7] [INFO] [1790953716.432346067] [nav_interface_node]: Running Behavior Tree...
[planner_server-4] [INFO] [1790953716.456907121] [planner_server]: Planning took 23 ms
[planner_server-4] [INFO] [1790953716.457600366] [planner_server]: Plan computed: 889 poses
[controller_node-5] [INFO] [1790953716.463992714] [controller_server]: Control enabled
[controller_node-5] [WARN] [1790953716.467208941] [controller_server]: path_copy succeeded.
[controller_node-5] [INFO] [1790953716.467497706] [controller_server]: Computed velocity commands: linear.x=0.01, linear.y=-0.03, angular.z=0.00
[nav_interface_node-7] [INFO] [1790953716.472680302] [nav_interface_node]: [SetControlEnable] Control enabled
[nav_interface_node-7] [INFO] [1790953716.472795546] [nav_interface_node]: [NavStateTrack] Task started, monitoring navigation progress.
[nav_interface_node-7] [INFO] [1790953716.472817176] [nav_interface_node]: [NavStateTrack] onStart() entered.
[planner_server-4] [INFO] [1790953716.599653033] [planner_server]: Planning took 24 ms
[planner_server-4] [INFO] [1790953716.601398713] [planner_server]: Plan computed: 889 poses
[sp_decision_node-6] [INFO] [1790953716.631546317] [sp_decision]: [NavToPose] Goal ACCEPTED – robot is navigating.
[planner_server-4] [INFO] [1790953716.735120133] [planner_server]: Planning took 21 ms
[planner_server-4] [INFO] [1790953716.735496771] [planner_server]: Plan computed: 889 poses
[planner_server-4] [INFO] [1790953716.864135735] [planner_server]: Planning took 20 ms
[planner_server-4] [INFO] [1790953716.864849488] [planner_server]: Plan computed: 889 poses
[planner_server-4] [INFO] [1790953716.996480809] [planner_server]: Planning took 22 ms
[planner_server-4] [INFO] [1790953716.996872375] [planner_server]: Plan computed: 888 poses
[planner_server-4] [INFO] [1790953717.125750303] [planner_server]: Planning took 21 ms
[planner_server-4] [INFO] [1790953717.126106142] [planner_server]: Plan computed: 888 poses
[planner_server-4] [INFO] [1790953717.255563535] [planner_server]: Planning took 21 ms
[planner_server-4] [INFO] [1790953717.256427386] [planner_server]: Plan computed: 888 poses
[planner_server-4] [INFO] [1790953717.386244009] [planner_server]: Planning took 22 ms
[planner_server-4] [INFO] [1790953717.386705425] [planner_server]: Plan computed: 888 poses
[rviz2-9] [INFO] [1790953717.509717510] [rviz2]: Trying to create a map of size 59 x 58 using 1 swatches
[planner_server-4] [INFO] [1790953717.514737880] [planner_server]: Planning took 20 ms
[planner_server-4] [INFO] [1790953717.515282249] [planner_server]: Plan computed: 887 poses
[rviz2-9] [INFO] [1790953717.638082442] [rviz2]: Trying to create a map of size 60 x 58 using 1 swatches
[planner_server-4] [INFO] [1790953717.647524338] [planner_server]: Planning took 23 ms
[planner_server-4] [INFO] [1790953717.648127035] [planner_server]: Plan computed: 886 poses
[rviz2-9] [INFO] [1790953717.734376355] [rviz2]: Trying to create a map of size 61 x 58 using 1 swatches
[planner_server-4] [INFO] [1790953717.775030558] [planner_server]: Planning took 20 ms
[planner_server-4] [INFO] [1790953717.776319778] [planner_server]: Plan computed: 885 poses
[planner_server-4] [INFO] [1790953717.905981780] [planner_server]: Planning took 22 ms
[planner_server-4] [INFO] [1790953717.906343941] [planner_server]: Plan computed: 884 poses
[rviz2-9] [INFO] [1790953717.925640697] [rviz2]: Trying to create a map of size 62 x 58 using 1 swatches
[rviz2-9] [INFO] [1790953717.957725227] [rviz2]: Trying to create a map of size 63 x 59 using 1 swatches
[planner_server-4] [INFO] [1790953718.036120855] [planner_server]: Planning took 22 ms
[planner_server-4] [INFO] [1790953718.036631312] [planner_server]: Plan computed: 883 poses
[rviz2-9] [INFO] [1790953718.054238266] [rviz2]: Trying to create a map of size 64 x 59 using 1 swatches
[rviz2-9] [INFO] [1790953718.117677353] [rviz2]: Trying to create a map of size 65 x 59 using 1 swatches
[planner_server-4] [INFO] [1790953718.167395958] [planner_server]: Planning took 23 ms
[planner_server-4] [INFO] [1790953718.167807731] [planner_server]: Plan computed: 881 poses
[rviz2-9] [INFO] [1790953718.214229730] [rviz2]: Trying to create a map of size 66 x 59 using 1 swatches
[planner_server-4] [INFO] [1790953718.295799436] [planner_server]: Planning took 22 ms
[planner_server-4] [INFO] [1790953718.296559505] [planner_server]: Plan computed: 880 poses
[rviz2-9] [INFO] [1790953718.310553924] [rviz2]: Trying to create a map of size 67 x 60 using 1 swatches
[rviz2-9] [INFO] [1790953718.374901334] [rviz2]: Trying to create a map of size 68 x 60 using 1 swatches
[rviz2-9] [INFO] [1790953718.407067009] [rviz2]: Trying to create a map of size 69 x 60 using 1 swatches
[planner_server-4] [INFO] [1790953718.426659619] [planner_server]: Planning took 20 ms
[planner_server-4] [INFO] [1790953718.427181266] [planner_server]: Plan computed: 877 poses
[rviz2-9] [INFO] [1790953718.439771423] [rviz2]: Trying to create a map of size 70 x 60 using 1 swatches
[controller_node-5] [WARN] [1790953718.486515850] [controller_server]: path_copy succeeded.
[controller_node-5] [INFO] [1790953718.486665367] [controller_server]: Computed velocity commands: linear.x=-0.58, linear.y=-0.19, angular.z=0.00
[rviz2-9] [INFO] [1790953718.501459663] [rviz2]: Trying to create a map of size 70 x 61 using 1 swatches
[planner_server-4] [INFO] [1790953718.555456267] [planner_server]: Planning took 22 ms
[planner_server-4] [INFO] [1790953718.555963878] [planner_server]: Plan computed: 876 poses
[rviz2-9] [INFO] [1790953718.566438839] [rviz2]: Trying to create a map of size 71 x 61 using 1 swatches
[rviz2-9] [INFO] [1790953718.600505863] [rviz2]: Trying to create a map of size 72 x 61 using 1 swatches
[planner_server-4] [INFO] [1790953718.685057922] [planner_server]: Planning took 21 ms
[planner_server-4] [INFO] [1790953718.685426145] [planner_server]: Plan computed: 875 poses
[rviz2-9] [INFO] [1790953718.726205365] [rviz2]: Trying to create a map of size 73 x 61 using 1 swatches
[rviz2-9] [INFO] [1790953718.757952960] [rviz2]: Trying to create a map of size 74 x 61 using 1 swatches
[rviz2-9] [INFO] [1790953718.822044435] [rviz2]: Trying to create a map of size 75 x 61 using 1 swatches
[planner_server-4] [INFO] [1790953718.822794766] [planner_server]: Planning took 28 ms
[planner_server-4] [INFO] [1790953718.823432548] [planner_server]: Plan computed: 873 poses
[rviz2-9] [INFO] [1790953718.918430309] [rviz2]: Trying to create a map of size 75 x 62 using 1 swatches
[planner_server-4] [INFO] [1790953718.957916863] [planner_server]: Planning took 23 ms
[planner_server-4] [INFO] [1790953718.958479857] [planner_server]: Plan computed: 870 poses
[rviz2-9] [INFO] [1790953719.014727047] [rviz2]: Trying to create a map of size 77 x 62 using 1 swatches
[rviz2-9] [INFO] [1790953719.045668318] [rviz2]: Trying to create a map of size 78 x 62 using 1 swatches
[planner_server-4] [INFO] [1790953719.084726193] [planner_server]: Planning took 20 ms
[planner_server-4] [INFO] [1790953719.085364646] [planner_server]: Plan computed: 869 poses
[rviz2-9] [INFO] [1790953719.207017914] [rviz2]: Trying to create a map of size 79 x 62 using 1 swatches
[planner_server-4] [INFO] [1790953719.218683647] [planner_server]: Planning took 23 ms
[planner_server-4] [INFO] [1790953719.219574067] [planner_server]: Plan computed: 868 poses
[rviz2-9] [INFO] [1790953719.239069623] [rviz2]: Trying to create a map of size 80 x 62 using 1 swatches
[planner_server-4] [INFO] [1790953719.346883409] [planner_server]: Planning took 23 ms
[planner_server-4] [INFO] [1790953719.347300111] [planner_server]: Plan computed: 867 poses
[rviz2-9] [INFO] [1790953719.430180868] [rviz2]: Trying to create a map of size 80 x 63 using 1 swatches
[planner_server-4] [INFO] [1790953719.475500174] [planner_server]: Planning took 21 ms
[planner_server-4] [INFO] [1790953719.476051776] [planner_server]: Plan computed: 865 poses
[planner_server-4] [INFO] [1790953719.605336860] [planner_server]: Planning took 21 ms
[planner_server-4] [INFO] [1790953719.605805248] [planner_server]: Plan computed: 865 poses
[planner_server-4] [INFO] [1790953719.737975305] [planner_server]: Planning took 24 ms
[planner_server-4] [INFO] [1790953719.738708353] [planner_server]: Plan computed: 863 poses
[planner_server-4] [INFO] [1790953719.866583789] [planner_server]: Planning took 21 ms
[planner_server-4] [INFO] [1790953719.866952503] [planner_server]: Plan computed: 863 poses
[planner_server-4] [INFO] [1790953719.995242752] [planner_server]: Planning took 21 ms
[planner_server-4] [INFO] [1790953719.995581991] [planner_server]: Plan computed: 863 poses
[rviz2-9] [INFO] [1790953720.102579905] [rviz2]: Trying to create a map of size 80 x 64 using 1 swatches
[planner_server-4] [INFO] [1790953720.126085244] [planner_server]: Planning took 20 ms
[planner_server-4] [INFO] [1790953720.126718307] [planner_server]: Plan computed: 862 poses
[planner_server-4] [INFO] [1790953720.255387364] [planner_server]: Planning took 21 ms
[planner_server-4] [INFO] [1790953720.255851064] [planner_server]: Plan computed: 862 poses
[rviz2-9] [INFO] [1790953720.294565046] [rviz2]: Trying to create a map of size 80 x 65 using 1 swatches
[planner_server-4] [INFO] [1790953720.385155178] [planner_server]: Planning took 21 ms
[planner_server-4] [INFO] [1790953720.385617475] [planner_server]: Plan computed: 861 poses
[rviz2-9] [INFO] [1790953720.486378229] [rviz2]: Trying to create a map of size 80 x 66 using 1 swatches
[controller_node-5] [WARN] [1790953720.486815208] [controller_server]: path_copy succeeded.
[controller_node-5] [INFO] [1790953720.487115545] [controller_server]: Computed velocity commands: linear.x=-0.87, linear.y=-0.43, angular.z=0.00
[planner_server-4] [INFO] [1790953720.516904741] [planner_server]: Planning took 20 ms
[planner_server-4] [INFO] [1790953720.517354865] [planner_server]: Plan computed: 860 poses
[rviz2-9] [INFO] [1790953720.582549686] [rviz2]: Trying to create a map of size 80 x 67 using 1 swatches
[planner_server-4] [INFO] [1790953720.644466341] [planner_server]: Planning took 20 ms
[planner_server-4] [INFO] [1790953720.644786544] [planner_server]: Plan computed: 859 poses
[rviz2-9] [INFO] [1790953720.709568389] [rviz2]: Trying to create a map of size 80 x 68 using 1 swatches
[planner_server-4] [INFO] [1790953720.773927570] [planner_server]: Planning took 20 ms
[planner_server-4] [INFO] [1790953720.774590098] [planner_server]: Plan computed: 858 poses
[rviz2-9] [INFO] [1790953720.774897168] [rviz2]: Trying to create a map of size 80 x 69 using 1 swatches
[rviz2-9] [INFO] [1790953720.901661906] [rviz2]: Trying to create a map of size 80 x 70 using 1 swatches
[planner_server-4] [INFO] [1790953720.905804158] [planner_server]: Planning took 20 ms
[planner_server-4] [INFO] [1790953720.906356783] [planner_server]: Plan computed: 856 poses
[rviz2-9] [INFO] [1790953720.934903305] [rviz2]: Trying to create a map of size 80 x 71 using 1 swatches
[rviz2-9] [INFO] [1790953721.030302030] [rviz2]: Trying to create a map of size 80 x 72 using 1 swatches
[planner_server-4] [INFO] [1790953721.034611367] [planner_server]: Planning took 21 ms
[planner_server-4] [INFO] [1790953721.035685839] [planner_server]: Plan computed: 854 poses
[rviz2-9] [INFO] [1790953721.126377539] [rviz2]: Trying to create a map of size 80 x 73 using 1 swatches
[planner_server-4] [INFO] [1790953721.163868059] [planner_server]: Planning took 20 ms
[planner_server-4] [INFO] [1790953721.164472560] [planner_server]: Plan computed: 853 poses
[rviz2-9] [INFO] [1790953721.223682577] [rviz2]: Trying to create a map of size 80 x 74 using 1 swatches
[planner_server-4] [INFO] [1790953721.294468662] [planner_server]: Planning took 20 ms
[planner_server-4] [INFO] [1790953721.294906013] [planner_server]: Plan computed: 851 poses
[rviz2-9] [INFO] [1790953721.318925080] [rviz2]: Trying to create a map of size 80 x 75 using 1 swatches
[rviz2-9] [INFO] [1790953721.414399979] [rviz2]: Trying to create a map of size 80 x 76 using 1 swatches
[planner_server-4] [INFO] [1790953721.424111009] [planner_server]: Planning took 20 ms
[planner_server-4] [INFO] [1790953721.424526238] [planner_server]: Plan computed: 850 poses
[rviz2-9] [INFO] [1790953721.446270412] [rviz2]: Trying to create a map of size 80 x 77 using 1 swatches
[planner_server-4] [INFO] [1790953721.554733728] [planner_server]: Planning took 20 ms
[planner_server-4] [INFO] [1790953721.555344305] [planner_server]: Plan computed: 849 poses
[rviz2-9] [INFO] [1790953721.606547923] [rviz2]: Trying to create a map of size 80 x 78 using 1 swatches
[planner_server-4] [INFO] [1790953721.685784601] [planner_server]: Planning took 21 ms
[planner_server-4] [INFO] [1790953721.686396595] [planner_server]: Plan computed: 848 poses
[rviz2-9] [INFO] [1790953721.702308278] [rviz2]: Trying to create a map of size 80 x 79 using 1 swatches
[rviz2-9] [INFO] [1790953721.735304658] [rviz2]: Trying to create a map of size 80 x 80 using 1 swatches
[planner_server-4] [INFO] [1790953721.815824825] [planner_server]: Planning took 21 ms
[planner_server-4] [INFO] [1790953721.816442360] [planner_server]: Plan computed: 846 poses
[planner_server-4] [INFO] [1790953721.946174563] [planner_server]: Planning took 21 ms
[planner_server-4] [INFO] [1790953721.946674029] [planner_server]: Plan computed: 845 poses
[planner_server-4] [INFO] [1790953722.075664187] [planner_server]: Planning took 22 ms
[planner_server-4] [INFO] [1790953722.076220659] [planner_server]: Plan computed: 845 poses
[planner_server-4] [INFO] [1790953722.203981564] [planner_server]: Planning took 20 ms
[planner_server-4] [INFO] [1790953722.204448720] [planner_server]: Plan computed: 845 poses
[planner_server-4] [INFO] [1790953722.334613195] [planner_server]: Planning took 20 ms
[planner_server-4] [INFO] [1790953722.335112941] [planner_server]: Plan computed: 845 poses
[planner_server-4] [INFO] [1790953722.463200843] [planner_server]: Planning took 19 ms
[planner_server-4] [INFO] [1790953722.463577000] [planner_server]: Plan computed: 844 poses
[controller_node-5] [WARN] [1790953722.486993102] [controller_server]: path_copy succeeded.
[controller_node-5] [INFO] [1790953722.487261069] [controller_server]: Computed velocity commands: linear.x=-0.06, linear.y=1.02, angular.z=0.00
[planner_server-4] [INFO] [1790953722.596382175] [planner_server]: Planning took 21 ms
[planner_server-4] [INFO] [1790953722.596710112] [planner_server]: Plan computed: 844 poses
[planner_server-4] [INFO] [1790953722.724849934] [planner_server]: Planning took 20 ms
[planner_server-4] [INFO] [1790953722.725275002] [planner_server]: Plan computed: 843 poses
[planner_server-4] [INFO] [1790953722.854021875] [planner_server]: Planning took 20 ms
[planner_server-4] [INFO] [1790953722.855090085] [planner_server]: Plan computed: 843 poses
[planner_server-4] [INFO] [1790953722.985604759] [planner_server]: Planning took 20 ms
[planner_server-4] [INFO] [1790953722.986160730] [planner_server]: Plan computed: 842 poses
[planner_server-4] [INFO] [1790953723.114407059] [planner_server]: Planning took 20 ms
[planner_server-4] [INFO] [1790953723.114867904] [planner_server]: Plan computed: 841 poses
[planner_server-4] [INFO] [1790953723.245727738] [planner_server]: Planning took 22 ms
[planner_server-4] [INFO] [1790953723.246572403] [planner_server]: Plan computed: 839 poses
[planner_server-4] [INFO] [1790953723.377724059] [planner_server]: Planning took 21 ms
[planner_server-4] [INFO] [1790953723.378663691] [planner_server]: Plan computed: 837 poses
[planner_server-4] [INFO] [1790953723.504502208] [planner_server]: Planning took 20 ms
[planner_server-4] [INFO] [1790953723.504734579] [planner_server]: Plan computed: 836 poses
[planner_server-4] [INFO] [1790953723.636078090] [planner_server]: Planning took 22 ms
[planner_server-4] [INFO] [1790953723.636589779] [planner_server]: Plan computed: 834 poses
[planner_server-4] [INFO] [1790953723.764951132] [planner_server]: Planning took 20 ms
[planner_server-4] [INFO] [1790953723.765472058] [planner_server]: Plan computed: 834 poses
[planner_server-4] [INFO] [1790953723.893823011] [planner_server]: Planning took 20 ms
[planner_server-4] [INFO] [1790953723.894333468] [planner_server]: Plan computed: 830 poses
[planner_server-4] [INFO] [1790953724.026695407] [planner_server]: Planning took 21 ms
[planner_server-4] [INFO] [1790953724.027191636] [planner_server]: Plan computed: 829 poses
[planner_server-4] [INFO] [1790953724.155010986] [planner_server]: Planning took 21 ms
[planner_server-4] [INFO] [1790953724.155371945] [planner_server]: Plan computed: 827 poses
[planner_server-4] [INFO] [1790953724.285302447] [planner_server]: Planning took 21 ms
[planner_server-4] [INFO] [1790953724.285716906] [planner_server]: Plan computed: 826 poses
[planner_server-4] [INFO] [1790953724.414368969] [planner_server]: Planning took 20 ms
[planner_server-4] [INFO] [1790953724.414899442] [planner_server]: Plan computed: 825 poses
[controller_node-5] [WARN] [1790953724.505989081] [controller_server]: path_copy succeeded.
[controller_node-5] [INFO] [1790953724.506263630] [controller_server]: Computed velocity commands: linear.x=0.34, linear.y=-0.35, angular.z=0.00
[planner_server-4] [INFO] [1790953724.545780624] [planner_server]: Planning took 21 ms
[planner_server-4] [INFO] [1790953724.547279252] [planner_server]: Plan computed: 824 poses
[planner_server-4] [INFO] [1790953724.675255825] [planner_server]: Planning took 21 ms
[planner_server-4] [INFO] [1790953724.675716990] [planner_server]: Plan computed: 823 poses
[planner_server-4] [INFO] [1790953724.803756738] [planner_server]: Planning took 20 ms
[planner_server-4] [INFO] [1790953724.804143134] [planner_server]: Plan computed: 821 poses
[planner_server-4] [INFO] [1790953724.934324521] [planner_server]: Planning took 20 ms
[planner_server-4] [INFO] [1790953724.934785867] [planner_server]: Plan computed: 820 poses
[planner_server-4] [INFO] [1790953725.065266770] [planner_server]: Planning took 21 ms
[planner_server-4] [INFO] [1790953725.065854449] [planner_server]: Plan computed: 819 poses
[planner_server-4] [INFO] [1790953725.194194834] [planner_server]: Planning took 20 ms
[planner_server-4] [INFO] [1790953725.194626845] [planner_server]: Plan computed: 818 poses
[planner_server-4] [INFO] [1790953725.324421367] [planner_server]: Planning took 19 ms
[planner_server-4] [INFO] [1790953725.325060090] [planner_server]: Plan computed: 817 poses
[planner_server-4] [INFO] [1790953725.457455663] [planner_server]: Planning took 23 ms
[planner_server-4] [INFO] [1790953725.458206865] [planner_server]: Plan computed: 816 poses
[planner_server-4] [INFO] [1790953725.585175228] [planner_server]: Planning took 20 ms
[planner_server-4] [INFO] [1790953725.585720989] [planner_server]: Plan computed: 815 poses
[planner_server-4] [INFO] [1790953725.714261646] [planner_server]: Planning took 20 ms
[planner_server-4] [INFO] [1790953725.714638855] [planner_server]: Plan computed: 815 poses
[planner_server-4] [INFO] [1790953725.844239792] [planner_server]: Planning took 19 ms
[planner_server-4] [INFO] [1790953725.844625457] [planner_server]: Plan computed: 815 poses
[planner_server-4] [INFO] [1790953725.975050637] [planner_server]: Planning took 20 ms
[planner_server-4] [INFO] [1790953725.975557466] [planner_server]: Plan computed: 813 poses
[planner_server-4] [INFO] [1790953726.103777965] [planner_server]: Planning took 20 ms
[planner_server-4] [INFO] [1790953726.104236525] [planner_server]: Plan computed: 813 poses
[planner_server-4] [INFO] [1790953726.234970207] [planner_server]: Planning took 20 ms
[planner_server-4] [INFO] [1790953726.236072410] [planner_server]: Plan computed: 812 poses
[planner_server-4] [INFO] [1790953726.368543641] [planner_server]: Planning took 24 ms
[planner_server-4] [INFO] [1790953726.368905241] [planner_server]: Plan computed: 811 poses
[planner_server-4] [INFO] [1790953726.495864094] [planner_server]: Planning took 22 ms
[planner_server-4] [INFO] [1790953726.496398214] [planner_server]: Plan computed: 810 poses
[controller_node-5] [WARN] [1790953726.526191923] [controller_server]: path_copy succeeded.
[controller_node-5] [INFO] [1790953726.526745679] [controller_server]: Computed velocity commands: linear.x=-0.01, linear.y=-0.80, angular.z=0.00
[planner_server-4] [INFO] [1790953726.628224797] [planner_server]: Planning took 20 ms
[planner_server-4] [INFO] [1790953726.628998511] [planner_server]: Plan computed: 809 poses
[planner_server-4] [INFO] [1790953726.754210488] [planner_server]: Planning took 20 ms
[planner_server-4] [INFO] [1790953726.754656765] [planner_server]: Plan computed: 807 poses
[planner_server-4] [INFO] [1790953726.884102991] [planner_server]: Planning took 20 ms
[planner_server-4] [INFO] [1790953726.884427172] [planner_server]: Plan computed: 806 poses
[planner_server-4] [INFO] [1790953727.013546462] [planner_server]: Planning took 19 ms
[planner_server-4] [INFO] [1790953727.014158787] [planner_server]: Plan computed: 806 poses
[planner_server-4] [INFO] [1790953727.146101651] [planner_server]: Planning took 22 ms
[planner_server-4] [INFO] [1790953727.146520347] [planner_server]: Plan computed: 806 poses
[planner_server-4] [INFO] [1790953727.274466413] [planner_server]: Planning took 19 ms
[planner_server-4] [INFO] [1790953727.274944439] [planner_server]: Plan computed: 804 poses
[planner_server-4] [INFO] [1790953727.404256987] [planner_server]: Planning took 20 ms
[planner_server-4] [INFO] [1790953727.404584163] [planner_server]: Plan computed: 803 poses
[planner_server-4] [INFO] [1790953727.535073784] [planner_server]: Planning took 20 ms
[planner_server-4] [INFO] [1790953727.535487480] [planner_server]: Plan computed: 802 poses
[planner_server-4] [INFO] [1790953727.664922326] [planner_server]: Planning took 21 ms
[planner_server-4] [INFO] [1790953727.665311156] [planner_server]: Plan computed: 801 poses
[planner_server-4] [INFO] [1790953727.794738507] [planner_server]: Planning took 20 ms
[planner_server-4] [INFO] [1790953727.795079129] [planner_server]: Plan computed: 800 poses
[planner_server-4] [INFO] [1790953727.923860683] [planner_server]: Planning took 19 ms
[planner_server-4] [INFO] [1790953727.924334121] [planner_server]: Plan computed: 798 poses
[planner_server-4] [INFO] [1790953728.053751914] [planner_server]: Planning took 20 ms
[planner_server-4] [INFO] [1790953728.054533984] [planner_server]: Plan computed: 796 poses
[planner_server-4] [INFO] [1790953728.184948275] [planner_server]: Planning took 20 ms
[planner_server-4] [INFO] [1790953728.185523521] [planner_server]: Plan computed: 795 poses
[planner_server-4] [INFO] [1790953728.314598941] [planner_server]: Planning took 21 ms
[planner_server-4] [INFO] [1790953728.315604344] [planner_server]: Plan computed: 795 poses
[planner_server-4] [INFO] [1790953728.444856621] [planner_server]: Planning took 20 ms
[planner_server-4] [INFO] [1790953728.445336050] [planner_server]: Plan computed: 794 poses
[controller_node-5] [WARN] [1790953728.546214184] [controller_server]: path_copy succeeded.
[controller_node-5] [INFO] [1790953728.546488683] [controller_server]: Computed velocity commands: linear.x=-0.94, linear.y=0.67, angular.z=0.00
[planner_server-4] [INFO] [1790953728.575898235] [planner_server]: Planning took 22 ms
[planner_server-4] [INFO] [1790953728.576420323] [planner_server]: Plan computed: 794 poses
[planner_server-4] [INFO] [1790953728.704003686] [planner_server]: Planning took 19 ms
[planner_server-4] [INFO] [1790953728.704536554] [planner_server]: Plan computed: 793 poses
[planner_server-4] [INFO] [1790953728.834253152] [planner_server]: Planning took 20 ms
[planner_server-4] [INFO] [1790953728.835336040] [planner_server]: Plan computed: 792 poses
[planner_server-4] [INFO] [1790953728.965704836] [planner_server]: Planning took 21 ms
[planner_server-4] [INFO] [1790953728.966137208] [planner_server]: Plan computed: 791 poses
[planner_server-4] [INFO] [1790953729.094659843] [planner_server]: Planning took 20 ms
[planner_server-4] [INFO] [1790953729.095098216] [planner_server]: Plan computed: 790 poses
[planner_server-4] [INFO] [1790953729.223599261] [planner_server]: Planning took 20 ms
[planner_server-4] [INFO] [1790953729.224275645] [planner_server]: Plan computed: 789 poses
[planner_server-4] [INFO] [1790953729.357668011] [planner_server]: Planning took 22 ms
[planner_server-4] [INFO] [1790953729.358303910] [planner_server]: Plan computed: 787 poses
[planner_server-4] [INFO] [1790953729.483811322] [planner_server]: Planning took 20 ms
[planner_server-4] [INFO] [1790953729.484373865] [planner_server]: Plan computed: 788 poses
[planner_server-4] [INFO] [1790953729.618071371] [planner_server]: Planning took 23 ms
[planner_server-4] [INFO] [1790953729.619179941] [planner_server]: Plan computed: 787 poses
[planner_server-4] [INFO] [1790953729.744255412] [planner_server]: Planning took 20 ms
[planner_server-4] [INFO] [1790953729.744705506] [planner_server]: Plan computed: 787 poses
[rviz2-9] [INFO] [1790953729.829326737] [rviz2]: Trying to create a map of size 80 x 79 using 1 swatches
[rviz2-9] [INFO] [1790953729.862586226] [rviz2]: Trying to create a map of size 80 x 78 using 1 swatches
[planner_server-4] [INFO] [1790953729.875057557] [planner_server]: Planning took 21 ms
[planner_server-4] [INFO] [1790953729.875608027] [planner_server]: Plan computed: 786 poses
[planner_server-4] [INFO] [1790953730.006426122] [planner_server]: Planning took 21 ms
[planner_server-4] [INFO] [1790953730.006903367] [planner_server]: Plan computed: 784 poses
[rviz2-9] [INFO] [1790953730.024106970] [rviz2]: Trying to create a map of size 80 x 77 using 1 swatches
[rviz2-9] [INFO] [1790953730.087248587] [rviz2]: Trying to create a map of size 80 x 76 using 1 swatches
[rviz2-9] [INFO] [1790953730.121352426] [rviz2]: Trying to create a map of size 80 x 75 using 1 swatches
[planner_server-4] [INFO] [1790953730.134204558] [planner_server]: Planning took 20 ms
[planner_server-4] [INFO] [1790953730.134681763] [planner_server]: Plan computed: 782 poses
[rviz2-9] [INFO] [1790953730.214500703] [rviz2]: Trying to create a map of size 80 x 74 using 1 swatches
[planner_server-4] [INFO] [1790953730.268538686] [planner_server]: Planning took 23 ms
[planner_server-4] [INFO] [1790953730.269216723] [planner_server]: Plan computed: 781 poses
[rviz2-9] [INFO] [1790953730.282682212] [rviz2]: Trying to create a map of size 80 x 73 using 1 swatches
[planner_server-4] [INFO] [1790953730.395460084] [planner_server]: Planning took 21 ms
[planner_server-4] [INFO] [1790953730.395926479] [planner_server]: Plan computed: 777 poses
[rviz2-9] [INFO] [1790953730.438854208] [rviz2]: Trying to create a map of size 80 x 72 using 1 swatches
[rviz2-9] [INFO] [1790953730.505420864] [rviz2]: Trying to create a map of size 80 x 71 using 1 swatches
[planner_server-4] [INFO] [1790953730.525771355] [planner_server]: Planning took 21 ms
[planner_server-4] [INFO] [1790953730.526281220] [planner_server]: Plan computed: 776 poses
[controller_node-5] [WARN] [1790953730.566257439] [controller_server]: path_copy succeeded.
[controller_node-5] [INFO] [1790953730.566571912] [controller_server]: Computed velocity commands: linear.x=0.70, linear.y=-0.05, angular.z=0.00
[rviz2-9] [INFO] [1790953730.630370171] [rviz2]: Trying to create a map of size 80 x 70 using 1 swatches
[planner_server-4] [INFO] [1790953730.656225268] [planner_server]: Planning took 21 ms
[planner_server-4] [INFO] [1790953730.657302474] [planner_server]: Plan computed: 774 poses
[planner_server-4] [INFO] [1790953730.786474882] [planner_server]: Planning took 22 ms
[planner_server-4] [INFO] [1790953730.786975259] [planner_server]: Plan computed: 774 poses
[planner_server-4] [INFO] [1790953730.919089447] [planner_server]: Planning took 23 ms
[planner_server-4] [INFO] [1790953730.919410963] [planner_server]: Plan computed: 773 poses
[rviz2-9] [INFO] [1790953730.919403820] [rviz2]: Trying to create a map of size 80 x 69 using 1 swatches
[rviz2-9] [INFO] [1790953731.015330026] [rviz2]: Trying to create a map of size 80 x 68 using 1 swatches
[planner_server-4] [INFO] [1790953731.044851912] [planner_server]: Planning took 20 ms
[planner_server-4] [INFO] [1790953731.045223030] [planner_server]: Plan computed: 772 poses
[planner_server-4] [INFO] [1790953731.174812468] [planner_server]: Planning took 21 ms
[planner_server-4] [INFO] [1790953731.176094995] [planner_server]: Plan computed: 772 poses
[rviz2-9] [INFO] [1790953731.239328093] [rviz2]: Trying to create a map of size 80 x 67 using 1 swatches
[rviz2-9] [INFO] [1790953731.304383267] [rviz2]: Trying to create a map of size 80 x 66 using 1 swatches
[planner_server-4] [INFO] [1790953731.305901622] [planner_server]: Planning took 22 ms
[planner_server-4] [INFO] [1790953731.306316190] [planner_server]: Plan computed: 770 poses
[planner_server-4] [INFO] [1790953731.433358412] [planner_server]: Planning took 20 ms
[planner_server-4] [INFO] [1790953731.433833793] [planner_server]: Plan computed: 769 poses
[rviz2-9] [INFO] [1790953731.462340863] [rviz2]: Trying to create a map of size 80 x 65 using 1 swatches
[rviz2-9] [INFO] [1790953731.560526167] [rviz2]: Trying to create a map of size 80 x 64 using 1 swatches
[planner_server-4] [INFO] [1790953731.565602026] [planner_server]: Planning took 21 ms
[planner_server-4] [INFO] [1790953731.565858151] [planner_server]: Plan computed: 769 poses
[rviz2-9] [INFO] [1790953731.687309009] [rviz2]: Trying to create a map of size 80 x 63 using 1 swatches
[planner_server-4] [INFO] [1790953731.693989471] [planner_server]: Planning took 21 ms
[planner_server-4] [INFO] [1790953731.694372401] [planner_server]: Plan computed: 769 poses
[rviz2-9] [INFO] [1790953731.751293719] [rviz2]: Trying to create a map of size 80 x 62 using 1 swatches
[planner_server-4] [INFO] [1790953731.825107248] [planner_server]: Planning took 20 ms
[planner_server-4] [INFO] [1790953731.825611072] [planner_server]: Plan computed: 769 poses
[planner_server-4] [INFO] [1790953731.958524687] [planner_server]: Planning took 23 ms
[planner_server-4] [INFO] [1790953731.958917234] [planner_server]: Plan computed: 768 poses
[rviz2-9] [INFO] [1790953732.006614976] [rviz2]: Trying to create a map of size 80 x 61 using 1 swatches
[planner_server-4] [INFO] [1790953732.084875007] [planner_server]: Planning took 20 ms
[planner_server-4] [INFO] [1790953732.085382517] [planner_server]: Plan computed: 768 poses
[rviz2-9] [INFO] [1790953732.167595641] [rviz2]: Trying to create a map of size 80 x 60 using 1 swatches
[planner_server-4] [INFO] [1790953732.218371693] [planner_server]: Planning took 23 ms
[planner_server-4] [INFO] [1790953732.218727272] [planner_server]: Plan computed: 766 poses
[rviz2-9] [INFO] [1790953732.295126363] [rviz2]: Trying to create a map of size 80 x 59 using 1 swatches
[planner_server-4] [INFO] [1790953732.347429962] [planner_server]: Planning took 22 ms
[planner_server-4] [INFO] [1790953732.347815196] [planner_server]: Plan computed: 765 poses
[planner_server-4] [INFO] [1790953732.474995800] [planner_server]: Planning took 20 ms
[planner_server-4] [INFO] [1790953732.475545369] [planner_server]: Plan computed: 764 poses
[controller_node-5] [WARN] [1790953732.566560522] [controller_server]: path_copy succeeded.
[controller_node-5] [INFO] [1790953732.566858424] [controller_server]: Computed velocity commands: linear.x=0.89, linear.y=0.63, angular.z=0.00
[planner_server-4] [INFO] [1790953732.605041997] [planner_server]: Planning took 20 ms
[planner_server-4] [INFO] [1790953732.605625478] [planner_server]: Plan computed: 763 poses
[rviz2-9] [INFO] [1790953732.646572437] [rviz2]: Trying to create a map of size 80 x 58 using 1 swatches
[planner_server-4] [INFO] [1790953732.737408258] [planner_server]: Planning took 22 ms
[planner_server-4] [INFO] [1790953732.738506474] [planner_server]: Plan computed: 761 poses
[rviz2-9] [INFO] [1790953732.775277050] [rviz2]: Trying to create a map of size 80 x 57 using 1 swatches
[planner_server-4] [INFO] [1790953732.864905975] [planner_server]: Planning took 20 ms
[planner_server-4] [INFO] [1790953732.865358984] [planner_server]: Plan computed: 758 poses
[planner_server-4] [INFO] [1790953732.995226844] [planner_server]: Planning took 19 ms
[planner_server-4] [INFO] [1790953732.995762026] [planner_server]: Plan computed: 757 poses
[planner_server-4] [INFO] [1790953733.124858316] [planner_server]: Planning took 20 ms
[planner_server-4] [INFO] [1790953733.125318489] [planner_server]: Plan computed: 755 poses
[planner_server-4] [INFO] [1790953733.253350025] [planner_server]: Planning took 19 ms
[planner_server-4] [INFO] [1790953733.254786999] [planner_server]: Plan computed: 755 poses
[planner_server-4] [INFO] [1790953733.385446607] [planner_server]: Planning took 21 ms
[planner_server-4] [INFO] [1790953733.385798299] [planner_server]: Plan computed: 752 poses
[planner_server-4] [INFO] [1790953733.515079954] [planner_server]: Planning took 20 ms
[planner_server-4] [INFO] [1790953733.515450019] [planner_server]: Plan computed: 750 poses
[planner_server-4] [INFO] [1790953733.644880479] [planner_server]: Planning took 19 ms
[planner_server-4] [INFO] [1790953733.645571019] [planner_server]: Plan computed: 749 poses
[planner_server-4] [INFO] [1790953733.772798215] [planner_server]: Planning took 19 ms
[planner_server-4] [INFO] [1790953733.773166477] [planner_server]: Plan computed: 748 poses
[planner_server-4] [INFO] [1790953733.905269987] [planner_server]: Planning took 21 ms
[planner_server-4] [INFO] [1790953733.905776286] [planner_server]: Plan computed: 747 poses
[rviz2-9] [INFO] [1790953733.927311498] [rviz2]: Trying to create a map of size 80 x 58 using 1 swatches
[planner_server-4] [INFO] [1790953734.035889486] [planner_server]: Planning took 19 ms
[planner_server-4] [INFO] [1790953734.036521728] [planner_server]: Plan computed: 744 poses
[planner_server-4] [INFO] [1790953734.163745158] [planner_server]: Planning took 19 ms
[planner_server-4] [INFO] [1790953734.164124020] [planner_server]: Plan computed: 743 poses
[rviz2-9] [INFO] [1790953734.279731959] [rviz2]: Trying to create a map of size 80 x 59 using 1 swatches
[planner_server-4] [INFO] [1790953734.294872233] [planner_server]: Planning took 20 ms
[planner_server-4] [INFO] [1790953734.295804261] [planner_server]: Plan computed: 742 poses
[planner_server-4] [INFO] [1790953734.424765311] [planner_server]: Planning took 20 ms
[planner_server-4] [INFO] [1790953734.425165503] [planner_server]: Plan computed: 741 poses
[planner_server-4] [INFO] [1790953734.553570663] [planner_server]: Planning took 20 ms
[planner_server-4] [INFO] [1790953734.554119230] [planner_server]: Plan computed: 740 poses
[controller_node-5] [WARN] [1790953734.585482790] [controller_server]: path_copy succeeded.
[controller_node-5] [INFO] [1790953734.586070890] [controller_server]: Computed velocity commands: linear.x=0.49, linear.y=-0.51, angular.z=0.00
[rviz2-9] [INFO] [1790953734.629548955] [rviz2]: Trying to create a map of size 80 x 60 using 1 swatches
[planner_server-4] [INFO] [1790953734.686783775] [planner_server]: Planning took 22 ms
[planner_server-4] [INFO] [1790953734.687375511] [planner_server]: Plan computed: 738 poses
[planner_server-4] [INFO] [1790953734.812422577] [planner_server]: Planning took 19 ms
[planner_server-4] [INFO] [1790953734.812915610] [planner_server]: Plan computed: 737 poses
[planner_server-4] [INFO] [1790953734.943137297] [planner_server]: Planning took 18 ms
[planner_server-4] [INFO] [1790953734.943575680] [planner_server]: Plan computed: 736 poses
[planner_server-4] [INFO] [1790953735.073343612] [planner_server]: Planning took 19 ms
[planner_server-4] [INFO] [1790953735.073651182] [planner_server]: Plan computed: 735 poses
[planner_server-4] [INFO] [1790953735.204352733] [planner_server]: Planning took 20 ms
[planner_server-4] [INFO] [1790953735.205065134] [planner_server]: Plan computed: 733 poses
[rviz2-9] [INFO] [1790953735.239373417] [rviz2]: Trying to create a map of size 80 x 61 using 1 swatches
[planner_server-4] [INFO] [1790953735.335627132] [planner_server]: Planning took 19 ms
[planner_server-4] [INFO] [1790953735.336520067] [planner_server]: Plan computed: 732 poses
[planner_server-4] [INFO] [1790953735.463547844] [planner_server]: Planning took 20 ms
[planner_server-4] [INFO] [1790953735.464111198] [planner_server]: Plan computed: 731 poses
[planner_server-4] [INFO] [1790953735.593550315] [planner_server]: Planning took 19 ms
[planner_server-4] [INFO] [1790953735.593978569] [planner_server]: Plan computed: 730 poses
[planner_server-4] [INFO] [1790953735.722240484] [planner_server]: Planning took 18 ms
[planner_server-4] [INFO] [1790953735.722682463] [planner_server]: Plan computed: 729 poses
[planner_server-4] [INFO] [1790953735.854857631] [planner_server]: Planning took 21 ms
[planner_server-4] [INFO] [1790953735.855372345] [planner_server]: Plan computed: 728 poses
[planner_server-4] [INFO] [1790953735.985303775] [planner_server]: Planning took 19 ms
[planner_server-4] [INFO] [1790953735.986077960] [planner_server]: Plan computed: 727 poses
[planner_server-4] [INFO] [1790953736.114424462] [planner_server]: Planning took 20 ms
[planner_server-4] [INFO] [1790953736.114793105] [planner_server]: Plan computed: 726 poses
[planner_server-4] [INFO] [1790953736.244134808] [planner_server]: Planning took 19 ms
[planner_server-4] [INFO] [1790953736.244488543] [planner_server]: Plan computed: 725 poses
[planner_server-4] [INFO] [1790953736.372565150] [planner_server]: Planning took 19 ms
[planner_server-4] [INFO] [1790953736.373076057] [planner_server]: Plan computed: 724 poses
[rviz2-9] [INFO] [1790953736.423581792] [rviz2]: Trying to create a map of size 80 x 60 using 1 swatches
[planner_server-4] [INFO] [1790953736.505350445] [planner_server]: Planning took 20 ms
[planner_server-4] [INFO] [1790953736.505872913] [planner_server]: Plan computed: 722 poses
[controller_node-5] [WARN] [1790953736.585980430] [controller_server]: path_copy succeeded.
[controller_node-5] [INFO] [1790953736.586192173] [controller_server]: Computed velocity commands: linear.x=-0.03, linear.y=-0.51, angular.z=0.00
[planner_server-4] [INFO] [1790953736.633435517] [planner_server]: Planning took 19 ms
[planner_server-4] [INFO] [1790953736.633770589] [planner_server]: Plan computed: 722 poses
[planner_server-4] [INFO] [1790953736.762562341] [planner_server]: Planning took 18 ms
[planner_server-4] [INFO] [1790953736.763427374] [planner_server]: Plan computed: 720 poses
[planner_server-4] [INFO] [1790953736.894617934] [planner_server]: Planning took 20 ms
[planner_server-4] [INFO] [1790953736.895270513] [planner_server]: Plan computed: 719 poses
[planner_server-4] [INFO] [1790953737.022806863] [planner_server]: Planning took 18 ms
[planner_server-4] [INFO] [1790953737.023335262] [planner_server]: Plan computed: 719 poses
[rviz2-9] [INFO] [1790953737.126474131] [rviz2]: Trying to create a map of size 80 x 61 using 1 swatches
[planner_server-4] [INFO] [1790953737.153185898] [planner_server]: Planning took 19 ms
[planner_server-4] [INFO] [1790953737.153684362] [planner_server]: Plan computed: 717 poses
[planner_server-4] [INFO] [1790953737.283670140] [planner_server]: Planning took 20 ms
[planner_server-4] [INFO] [1790953737.284138838] [planner_server]: Plan computed: 716 poses
[planner_server-4] [INFO] [1790953737.413175970] [planner_server]: Planning took 18 ms
[planner_server-4] [INFO] [1790953737.413527001] [planner_server]: Plan computed: 715 poses
[planner_server-4] [INFO] [1790953737.544378166] [planner_server]: Planning took 20 ms
[planner_server-4] [INFO] [1790953737.544739856] [planner_server]: Plan computed: 715 poses
[rviz2-9] [INFO] [1790953737.637922670] [rviz2]: Trying to create a map of size 80 x 62 using 1 swatches
[planner_server-4] [INFO] [1790953737.675810849] [planner_server]: Planning took 20 ms
[planner_server-4] [INFO] [1790953737.676331043] [planner_server]: Plan computed: 714 poses
[planner_server-4] [INFO] [1790953737.803320145] [planner_server]: Planning took 19 ms
[planner_server-4] [INFO] [1790953737.803851079] [planner_server]: Plan computed: 714 poses
[rviz2-9] [INFO] [1790953737.831622722] [rviz2]: Trying to create a map of size 80 x 63 using 1 swatches
[planner_server-4] [INFO] [1790953737.933818411] [planner_server]: Planning took 18 ms
[planner_server-4] [INFO] [1790953737.934388237] [planner_server]: Plan computed: 713 poses
[rviz2-9] [INFO] [1790953738.054591997] [rviz2]: Trying to create a map of size 80 x 64 using 1 swatches
[planner_server-4] [INFO] [1790953738.065773623] [planner_server]: Planning took 20 ms
[planner_server-4] [INFO] [1790953738.066392821] [planner_server]: Plan computed: 712 poses
[rviz2-9] [INFO] [1790953738.184665621] [rviz2]: Trying to create a map of size 80 x 65 using 1 swatches
[planner_server-4] [INFO] [1790953738.193554918] [planner_server]: Planning took 19 ms
[planner_server-4] [INFO] [1790953738.193983623] [planner_server]: Plan computed: 711 poses
[rviz2-9] [INFO] [1790953738.311050608] [rviz2]: Trying to create a map of size 80 x 66 using 1 swatches
[planner_server-4] [INFO] [1790953738.326247938] [planner_server]: Planning took 21 ms
[planner_server-4] [INFO] [1790953738.326680039] [planner_server]: Plan computed: 710 poses
[rviz2-9] [INFO] [1790953738.374922150] [rviz2]: Trying to create a map of size 80 x 67 using 1 swatches
[rviz2-9] [INFO] [1790953738.438777342] [rviz2]: Trying to create a map of size 80 x 68 using 1 swatches
[planner_server-4] [INFO] [1790953738.454056073] [planner_server]: Planning took 20 ms
[planner_server-4] [INFO] [1790953738.454383810] [planner_server]: Plan computed: 708 poses
[rviz2-9] [INFO] [1790953738.566583613] [rviz2]: Trying to create a map of size 80 x 69 using 1 swatches
[planner_server-4] [INFO] [1790953738.582479719] [planner_server]: Planning took 18 ms
[planner_server-4] [INFO] [1790953738.582870994] [planner_server]: Plan computed: 707 poses
[rviz2-9] [INFO] [1790953738.603467560] [rviz2]: Trying to create a map of size 80 x 70 using 1 swatches
[controller_node-5] [WARN] [1790953738.607310204] [controller_server]: path_copy succeeded.
[controller_node-5] [INFO] [1790953738.607494035] [controller_server]: Computed velocity commands: linear.x=-0.50, linear.y=-1.05, angular.z=0.00
[rviz2-9] [INFO] [1790953738.695396571] [rviz2]: Trying to create a map of size 80 x 71 using 1 swatches
[planner_server-4] [INFO] [1790953738.712842659] [planner_server]: Planning took 19 ms
[planner_server-4] [INFO] [1790953738.713166189] [planner_server]: Plan computed: 706 poses
[rviz2-9] [INFO] [1790953738.821379563] [rviz2]: Trying to create a map of size 80 x 72 using 1 swatches
[planner_server-4] [INFO] [1790953738.844975010] [planner_server]: Planning took 20 ms
[planner_server-4] [INFO] [1790953738.845555907] [planner_server]: Plan computed: 704 poses
[planner_server-4] [INFO] [1790953738.974390584] [planner_server]: Planning took 18 ms
[planner_server-4] [INFO] [1790953738.975221374] [planner_server]: Plan computed: 703 poses
[rviz2-9] [INFO] [1790953738.983399869] [rviz2]: Trying to create a map of size 80 x 74 using 1 swatches
[planner_server-4] [INFO] [1790953739.102947528] [planner_server]: Planning took 18 ms
[planner_server-4] [INFO] [1790953739.103497668] [planner_server]: Plan computed: 701 poses
[rviz2-9] [INFO] [1790953739.173532965] [rviz2]: Trying to create a map of size 80 x 76 using 1 swatches
[planner_server-4] [INFO] [1790953739.231727425] [planner_server]: Planning took 18 ms
[planner_server-4] [INFO] [1790953739.232241738] [planner_server]: Plan computed: 699 poses
[rviz2-9] [INFO] [1790953739.237610329] [rviz2]: Trying to create a map of size 80 x 77 using 1 swatches
[rviz2-9] [INFO] [1790953739.271273858] [rviz2]: Trying to create a map of size 80 x 78 using 1 swatches
[planner_server-4] [INFO] [1790953739.363862530] [planner_server]: Planning took 18 ms
[planner_server-4] [INFO] [1790953739.364281938] [planner_server]: Plan computed: 697 poses
[rviz2-9] [INFO] [1790953739.366746401] [rviz2]: Trying to create a map of size 80 x 79 using 1 swatches
[planner_server-4] [INFO] [1790953739.493653351] [planner_server]: Planning took 19 ms
[planner_server-4] [INFO] [1790953739.494225282] [planner_server]: Plan computed: 696 poses
[rviz2-9] [INFO] [1790953739.494056950] [rviz2]: Trying to create a map of size 80 x 80 using 1 swatches
[planner_server-4] [INFO] [1790953739.624286154] [planner_server]: Planning took 19 ms
[planner_server-4] [INFO] [1790953739.625048244] [planner_server]: Plan computed: 696 poses
[planner_server-4] [INFO] [1790953739.752664478] [planner_server]: Planning took 19 ms
[planner_server-4] [INFO] [1790953739.753041024] [planner_server]: Plan computed: 696 poses
[planner_server-4] [INFO] [1790953739.886471025] [planner_server]: Planning took 22 ms
[planner_server-4] [INFO] [1790953739.887018107] [planner_server]: Plan computed: 695 poses
[planner_server-4] [INFO] [1790953740.013979148] [planner_server]: Planning took 20 ms
[planner_server-4] [INFO] [1790953740.014375955] [planner_server]: Plan computed: 695 poses
[planner_server-4] [INFO] [1790953740.141866710] [planner_server]: Planning took 18 ms
[planner_server-4] [INFO] [1790953740.142365536] [planner_server]: Plan computed: 694 poses
[planner_server-4] [INFO] [1790953740.272554583] [planner_server]: Planning took 18 ms
[planner_server-4] [INFO] [1790953740.273027336] [planner_server]: Plan computed: 694 poses
[planner_server-4] [INFO] [1790953740.401810331] [planner_server]: Planning took 18 ms
[planner_server-4] [INFO] [1790953740.402361355] [planner_server]: Plan computed: 693 poses
[planner_server-4] [INFO] [1790953740.532814526] [planner_server]: Planning took 17 ms
[planner_server-4] [INFO] [1790953740.533358927] [planner_server]: Plan computed: 692 poses
[controller_node-5] [WARN] [1790953740.625480579] [controller_server]: path_copy succeeded.
[controller_node-5] [INFO] [1790953740.625659858] [controller_server]: Computed velocity commands: linear.x=-0.31, linear.y=0.81, angular.z=0.00
[planner_server-4] [INFO] [1790953740.662381113] [planner_server]: Planning took 18 ms
[planner_server-4] [INFO] [1790953740.662805006] [planner_server]: Plan computed: 692 poses
[planner_server-4] [INFO] [1790953740.792939732] [planner_server]: Planning took 18 ms
[planner_server-4] [INFO] [1790953740.793439270] [planner_server]: Plan computed: 690 poses
[planner_server-4] [INFO] [1790953740.924756419] [planner_server]: Planning took 18 ms
[planner_server-4] [INFO] [1790953740.925208790] [planner_server]: Plan computed: 689 poses
[planner_server-4] [INFO] [1790953741.053143268] [planner_server]: Planning took 18 ms
[planner_server-4] [INFO] [1790953741.053969979] [planner_server]: Plan computed: 687 poses
[planner_server-4] [INFO] [1790953741.184787199] [planner_server]: Planning took 19 ms
[planner_server-4] [INFO] [1790953741.185405511] [planner_server]: Plan computed: 686 poses
[planner_server-4] [INFO] [1790953741.312603262] [planner_server]: Planning took 18 ms
[planner_server-4] [INFO] [1790953741.313212105] [planner_server]: Plan computed: 687 poses
[planner_server-4] [INFO] [1790953741.441830495] [planner_server]: Planning took 17 ms
[planner_server-4] [INFO] [1790953741.442259869] [planner_server]: Plan computed: 685 poses
[planner_server-4] [INFO] [1790953741.572775101] [planner_server]: Planning took 19 ms
[planner_server-4] [INFO] [1790953741.573254117] [planner_server]: Plan computed: 684 poses
[planner_server-4] [INFO] [1790953741.704940730] [planner_server]: Planning took 20 ms
[planner_server-4] [INFO] [1790953741.705331905] [planner_server]: Plan computed: 684 poses
[planner_server-4] [INFO] [1790953741.832533048] [planner_server]: Planning took 18 ms
[planner_server-4] [INFO] [1790953741.833104204] [planner_server]: Plan computed: 683 poses
[planner_server-4] [INFO] [1790953741.964115588] [planner_server]: Planning took 18 ms
[planner_server-4] [INFO] [1790953741.964417820] [planner_server]: Plan computed: 683 poses
[planner_server-4] [INFO] [1790953742.092916631] [planner_server]: Planning took 19 ms
[planner_server-4] [INFO] [1790953742.093205385] [planner_server]: Plan computed: 683 poses
[planner_server-4] [INFO] [1790953742.223406907] [planner_server]: Planning took 18 ms
[planner_server-4] [INFO] [1790953742.223735183] [planner_server]: Plan computed: 681 poses
[planner_server-4] [INFO] [1790953742.353143833] [planner_server]: Planning took 19 ms
[planner_server-4] [INFO] [1790953742.353575531] [planner_server]: Plan computed: 680 poses
[planner_server-4] [INFO] [1790953742.486285398] [planner_server]: Planning took 20 ms
[planner_server-4] [INFO] [1790953742.486891355] [planner_server]: Plan computed: 678 poses
[planner_server-4] [INFO] [1790953742.614151300] [planner_server]: Planning took 20 ms
[planner_server-4] [INFO] [1790953742.614582056] [planner_server]: Plan computed: 678 poses
[controller_node-5] [WARN] [1790953742.626013896] [controller_server]: path_copy succeeded.
[controller_node-5] [INFO] [1790953742.626273309] [controller_server]: Computed velocity commands: linear.x=0.59, linear.y=0.31, angular.z=0.00
[planner_server-4] [INFO] [1790953742.744603507] [planner_server]: Planning took 18 ms
[planner_server-4] [INFO] [1790953742.745234716] [planner_server]: Plan computed: 677 poses
[planner_server-4] [INFO] [1790953742.875239683] [planner_server]: Planning took 21 ms
[planner_server-4] [INFO] [1790953742.875595375] [planner_server]: Plan computed: 676 poses
[planner_server-4] [INFO] [1790953743.005441393] [planner_server]: Planning took 20 ms
[planner_server-4] [INFO] [1790953743.006234926] [planner_server]: Plan computed: 675 poses
[planner_server-4] [INFO] [1790953743.132026431] [planner_server]: Planning took 18 ms
[planner_server-4] [INFO] [1790953743.132303781] [planner_server]: Plan computed: 674 poses
[planner_server-4] [INFO] [1790953743.261871533] [planner_server]: Planning took 18 ms
[planner_server-4] [INFO] [1790953743.262220762] [planner_server]: Plan computed: 672 poses
[planner_server-4] [INFO] [1790953743.394520574] [planner_server]: Planning took 19 ms
[planner_server-4] [INFO] [1790953743.394871706] [planner_server]: Plan computed: 672 poses
[planner_server-4] [INFO] [1790953743.522464125] [planner_server]: Planning took 18 ms
[planner_server-4] [INFO] [1790953743.522958001] [planner_server]: Plan computed: 671 poses
[planner_server-4] [INFO] [1790953743.654086164] [planner_server]: Planning took 19 ms
[planner_server-4] [INFO] [1790953743.654516860] [planner_server]: Plan computed: 670 poses
[planner_server-4] [INFO] [1790953743.782622685] [planner_server]: Planning took 18 ms
[planner_server-4] [INFO] [1790953743.783120920] [planner_server]: Plan computed: 669 poses
[planner_server-4] [INFO] [1790953743.913273485] [planner_server]: Planning took 19 ms
[planner_server-4] [INFO] [1790953743.913633094] [planner_server]: Plan computed: 669 poses
[planner_server-4] [INFO] [1790953744.045001316] [planner_server]: Planning took 18 ms
[planner_server-4] [INFO] [1790953744.045358009] [planner_server]: Plan computed: 668 poses
[planner_server-4] [INFO] [1790953744.173055580] [planner_server]: Planning took 19 ms
[planner_server-4] [INFO] [1790953744.173388434] [planner_server]: Plan computed: 668 poses
[planner_server-4] [INFO] [1790953744.303948682] [planner_server]: Planning took 18 ms
[planner_server-4] [INFO] [1790953744.304351751] [planner_server]: Plan computed: 667 poses
[planner_server-4] [INFO] [1790953744.433515928] [planner_server]: Planning took 20 ms
[planner_server-4] [INFO] [1790953744.433857581] [planner_server]: Plan computed: 667 poses
[planner_server-4] [INFO] [1790953744.563078820] [planner_server]: Planning took 19 ms
[planner_server-4] [INFO] [1790953744.563582652] [planner_server]: Plan computed: 666 poses
[controller_node-5] [WARN] [1790953744.626223062] [controller_server]: path_copy succeeded.
[controller_node-5] [INFO] [1790953744.626498388] [controller_server]: Computed velocity commands: linear.x=0.60, linear.y=0.56, angular.z=0.00
[planner_server-4] [INFO] [1790953744.692273335] [planner_server]: Planning took 18 ms
[planner_server-4] [INFO] [1790953744.692610799] [planner_server]: Plan computed: 664 poses
[planner_server-4] [INFO] [1790953744.812825931] [planner_server]: Planning took 18 ms
[planner_server-4] [INFO] [1790953744.813202435] [planner_server]: Plan computed: 663 poses
[planner_server-4] [INFO] [1790953744.941291913] [planner_server]: Planning took 17 ms
[planner_server-4] [INFO] [1790953744.941751678] [planner_server]: Plan computed: 662 poses
[planner_server-4] [INFO] [1790953745.073838641] [planner_server]: Planning took 18 ms
[planner_server-4] [INFO] [1790953745.074387440] [planner_server]: Plan computed: 661 poses
[planner_server-4] [INFO] [1790953745.201727321] [planner_server]: Planning took 18 ms
[planner_server-4] [INFO] [1790953745.202187918] [planner_server]: Plan computed: 659 poses
[planner_server-4] [INFO] [1790953745.333739399] [planner_server]: Planning took 18 ms
[planner_server-4] [INFO] [1790953745.334318860] [planner_server]: Plan computed: 657 poses
[planner_server-4] [INFO] [1790953745.464104871] [planner_server]: Planning took 20 ms
[planner_server-4] [INFO] [1790953745.464540236] [planner_server]: Plan computed: 656 poses
[planner_server-4] [INFO] [1790953745.593928444] [planner_server]: Planning took 19 ms
[planner_server-4] [INFO] [1790953745.594661140] [planner_server]: Plan computed: 654 poses
[planner_server-4] [INFO] [1790953745.721912715] [planner_server]: Planning took 18 ms
[planner_server-4] [INFO] [1790953745.722318870] [planner_server]: Plan computed: 653 poses
[planner_server-4] [INFO] [1790953745.853087591] [planner_server]: Planning took 18 ms
[planner_server-4] [INFO] [1790953745.853902657] [planner_server]: Plan computed: 650 poses
[planner_server-4] [INFO] [1790953745.983916677] [planner_server]: Planning took 19 ms
[planner_server-4] [INFO] [1790953745.984482851] [planner_server]: Plan computed: 651 poses
[planner_server-4] [INFO] [1790953746.111889420] [planner_server]: Planning took 17 ms
[planner_server-4] [INFO] [1790953746.112265073] [planner_server]: Plan computed: 649 poses
[planner_server-4] [INFO] [1790953746.231997107] [planner_server]: Planning took 18 ms
[planner_server-4] [INFO] [1790953746.232331635] [planner_server]: Plan computed: 647 poses
[planner_server-4] [INFO] [1790953746.365975152] [planner_server]: Planning took 21 ms
[planner_server-4] [INFO] [1790953746.366867246] [planner_server]: Plan computed: 646 poses
[planner_server-4] [INFO] [1790953746.492833989] [planner_server]: Planning took 19 ms
[planner_server-4] [INFO] [1790953746.493153265] [planner_server]: Plan computed: 643 poses
[planner_server-4] [INFO] [1790953746.624871273] [planner_server]: Planning took 19 ms
[planner_server-4] [INFO] [1790953746.625968879] [planner_server]: Plan computed: 641 poses
[controller_node-5] [WARN] [1790953746.626301463] [controller_server]: path_copy succeeded.
[controller_node-5] [INFO] [1790953746.626536676] [controller_server]: Computed velocity commands: linear.x=0.55, linear.y=-0.45, angular.z=0.00
[planner_server-4] [INFO] [1790953746.753033820] [planner_server]: Planning took 19 ms
[planner_server-4] [INFO] [1790953746.753559030] [planner_server]: Plan computed: 640 poses
[planner_server-4] [INFO] [1790953746.882439544] [planner_server]: Planning took 18 ms
[planner_server-4] [INFO] [1790953746.883114571] [planner_server]: Plan computed: 639 poses
[planner_server-4] [INFO] [1790953747.013443950] [planner_server]: Planning took 18 ms
[planner_server-4] [INFO] [1790953747.014010504] [planner_server]: Plan computed: 637 poses
[planner_server-4] [INFO] [1790953747.143725293] [planner_server]: Planning took 19 ms
[planner_server-4] [INFO] [1790953747.144238538] [planner_server]: Plan computed: 637 poses
[planner_server-4] [INFO] [1790953747.272330150] [planner_server]: Planning took 17 ms
[planner_server-4] [INFO] [1790953747.272700301] [planner_server]: Plan computed: 636 poses
[planner_server-4] [INFO] [1790953747.403748555] [planner_server]: Planning took 19 ms
[planner_server-4] [INFO] [1790953747.404264075] [planner_server]: Plan computed: 634 poses
[planner_server-4] [INFO] [1790953747.533339095] [planner_server]: Planning took 18 ms
[planner_server-4] [INFO] [1790953747.533789962] [planner_server]: Plan computed: 633 poses
[planner_server-4] [INFO] [1790953747.662230757] [planner_server]: Planning took 18 ms
[planner_server-4] [INFO] [1790953747.662792612] [planner_server]: Plan computed: 631 poses
[planner_server-4] [INFO] [1790953747.791915419] [planner_server]: Planning took 17 ms
[planner_server-4] [INFO] [1790953747.792480370] [planner_server]: Plan computed: 630 poses
[planner_server-4] [INFO] [1790953747.922498317] [planner_server]: Planning took 18 ms
[planner_server-4] [INFO] [1790953747.922947881] [planner_server]: Plan computed: 628 poses
[planner_server-4] [INFO] [1790953748.052019515] [planner_server]: Planning took 18 ms
[planner_server-4] [INFO] [1790953748.052496124] [planner_server]: Plan computed: 627 poses
[planner_server-4] [INFO] [1790953748.185535307] [planner_server]: Planning took 20 ms
[planner_server-4] [INFO] [1790953748.186236117] [planner_server]: Plan computed: 626 poses
[planner_server-4] [INFO] [1790953748.312430821] [planner_server]: Planning took 17 ms
[planner_server-4] [INFO] [1790953748.312739225] [planner_server]: Plan computed: 625 poses
[planner_server-4] [INFO] [1790953748.442707730] [planner_server]: Planning took 18 ms
[planner_server-4] [INFO] [1790953748.443467472] [planner_server]: Plan computed: 624 poses
[planner_server-4] [INFO] [1790953748.574389136] [planner_server]: Planning took 18 ms
[planner_server-4] [INFO] [1790953748.574806564] [planner_server]: Plan computed: 623 poses
[controller_node-5] [WARN] [1790953748.627313620] [controller_server]: path_copy succeeded.
[controller_node-5] [INFO] [1790953748.627519132] [controller_server]: Computed velocity commands: linear.x=-0.96, linear.y=-0.80, angular.z=0.00
[planner_server-4] [INFO] [1790953748.703110703] [planner_server]: Planning took 18 ms
[planner_server-4] [INFO] [1790953748.703848960] [planner_server]: Plan computed: 622 poses
[planner_server-4] [INFO] [1790953748.832048756] [planner_server]: Planning took 18 ms
[planner_server-4] [INFO] [1790953748.832483961] [planner_server]: Plan computed: 622 poses
[planner_server-4] [INFO] [1790953748.961779558] [planner_server]: Planning took 18 ms
[planner_server-4] [INFO] [1790953748.962176914] [planner_server]: Plan computed: 621 poses
[planner_server-4] [INFO] [1790953749.092484295] [planner_server]: Planning took 18 ms
[planner_server-4] [INFO] [1790953749.092885529] [planner_server]: Plan computed: 620 poses
[planner_server-4] [INFO] [1790953749.222367189] [planner_server]: Planning took 18 ms
[planner_server-4] [INFO] [1790953749.222709212] [planner_server]: Plan computed: 620 poses
[planner_server-4] [INFO] [1790953749.351976446] [planner_server]: Planning took 17 ms
[planner_server-4] [INFO] [1790953749.352932260] [planner_server]: Plan computed: 620 poses
[planner_server-4] [INFO] [1790953749.482981892] [planner_server]: Planning took 18 ms
[planner_server-4] [INFO] [1790953749.483406354] [planner_server]: Plan computed: 619 poses
[planner_server-4] [INFO] [1790953749.617778679] [planner_server]: Planning took 23 ms
[planner_server-4] [INFO] [1790953749.618514702] [planner_server]: Plan computed: 619 poses
[planner_server-4] [INFO] [1790953749.744189514] [planner_server]: Planning took 20 ms
[planner_server-4] [INFO] [1790953749.744486224] [planner_server]: Plan computed: 618 poses
[planner_server-4] [INFO] [1790953749.871140619] [planner_server]: Planning took 17 ms
[planner_server-4] [INFO] [1790953749.871460236] [planner_server]: Plan computed: 618 poses
[planner_server-4] [INFO] [1790953749.991392276] [planner_server]: Planning took 17 ms
[planner_server-4] [INFO] [1790953749.991758258] [planner_server]: Plan computed: 616 poses
[planner_server-4] [INFO] [1790953750.121368997] [planner_server]: Planning took 16 ms
[planner_server-4] [INFO] [1790953750.122325933] [planner_server]: Plan computed: 615 poses
[planner_server-4] [INFO] [1790953750.251395306] [planner_server]: Planning took 17 ms
[planner_server-4] [INFO] [1790953750.251895815] [planner_server]: Plan computed: 614 poses
[planner_server-4] [INFO] [1790953750.372496238] [planner_server]: Planning took 18 ms
[planner_server-4] [INFO] [1790953750.373016647] [planner_server]: Plan computed: 614 poses
[planner_server-4] [INFO] [1790953750.501268410] [planner_server]: Planning took 17 ms
[planner_server-4] [INFO] [1790953750.501913135] [planner_server]: Plan computed: 614 poses
[planner_server-4] [INFO] [1790953750.620702197] [planner_server]: Planning took 17 ms
[planner_server-4] [INFO] [1790953750.621264432] [planner_server]: Plan computed: 612 poses
[controller_node-5] [WARN] [1790953750.647970697] [controller_server]: path_copy succeeded.
[controller_node-5] [INFO] [1790953750.648139774] [controller_server]: Computed velocity commands: linear.x=0.46, linear.y=0.48, angular.z=0.00
[planner_server-4] [INFO] [1790953750.742342336] [planner_server]: Planning took 19 ms
[planner_server-4] [INFO] [1790953750.742716394] [planner_server]: Plan computed: 613 poses
[planner_server-4] [INFO] [1790953750.873337836] [planner_server]: Planning took 19 ms
[planner_server-4] [INFO] [1790953750.873842192] [planner_server]: Plan computed: 612 poses
[planner_server-4] [INFO] [1790953751.000827694] [planner_server]: Planning took 16 ms
[planner_server-4] [INFO] [1790953751.001365909] [planner_server]: Plan computed: 612 poses
[planner_server-4] [INFO] [1790953751.122984903] [planner_server]: Planning took 18 ms
[planner_server-4] [INFO] [1790953751.123535875] [planner_server]: Plan computed: 612 poses
[planner_server-4] [INFO] [1790953751.251364555] [planner_server]: Planning took 18 ms
[planner_server-4] [INFO] [1790953751.251891086] [planner_server]: Plan computed: 612 poses
[planner_server-4] [INFO] [1790953751.384798125] [planner_server]: Planning took 20 ms
[planner_server-4] [INFO] [1790953751.385364228] [planner_server]: Plan computed: 612 poses
[planner_server-4] [INFO] [1790953751.512097510] [planner_server]: Planning took 18 ms
[planner_server-4] [INFO] [1790953751.512406004] [planner_server]: Plan computed: 612 poses
[planner_server-4] [INFO] [1790953751.642350601] [planner_server]: Planning took 18 ms
[planner_server-4] [INFO] [1790953751.642749821] [planner_server]: Plan computed: 612 poses
[planner_server-4] [INFO] [1790953751.771840834] [planner_server]: Planning took 17 ms
[planner_server-4] [INFO] [1790953751.772241176] [planner_server]: Plan computed: 612 poses
[planner_server-4] [INFO] [1790953751.901852929] [planner_server]: Planning took 17 ms
[planner_server-4] [INFO] [1790953751.902514348] [planner_server]: Plan computed: 612 poses
[planner_server-4] [INFO] [1790953752.032470087] [planner_server]: Planning took 18 ms
[planner_server-4] [INFO] [1790953752.033137798] [planner_server]: Plan computed: 612 poses
[planner_server-4] [INFO] [1790953752.161419856] [planner_server]: Planning took 17 ms
[planner_server-4] [INFO] [1790953752.161839848] [planner_server]: Plan computed: 612 poses
[planner_server-4] [INFO] [1790953752.281382936] [planner_server]: Planning took 17 ms
[planner_server-4] [INFO] [1790953752.281860537] [planner_server]: Plan computed: 612 poses
[planner_server-4] [INFO] [1790953752.413470048] [planner_server]: Planning took 19 ms
[planner_server-4] [INFO] [1790953752.413756306] [planner_server]: Plan computed: 612 poses
[planner_server-4] [INFO] [1790953752.543392088] [planner_server]: Planning took 18 ms
[planner_server-4] [INFO] [1790953752.543696624] [planner_server]: Plan computed: 612 poses
[controller_node-5] [WARN] [1790953752.648017582] [controller_server]: path_copy succeeded.
[controller_node-5] [INFO] [1790953752.648211631] [controller_server]: Computed velocity commands: linear.x=0.70, linear.y=-0.07, angular.z=0.00
[planner_server-4] [INFO] [1790953752.672171492] [planner_server]: Planning took 17 ms
[planner_server-4] [INFO] [1790953752.672615193] [planner_server]: Plan computed: 612 poses
[planner_server-4] [INFO] [1790953752.795254561] [planner_server]: Planning took 18 ms
[planner_server-4] [INFO] [1790953752.795777405] [planner_server]: Plan computed: 612 poses
[planner_server-4] [INFO] [1790953752.922174229] [planner_server]: Planning took 17 ms
[planner_server-4] [INFO] [1790953752.922528898] [planner_server]: Plan computed: 612 poses
[planner_server-4] [INFO] [1790953753.050740974] [planner_server]: Planning took 17 ms
[planner_server-4] [INFO] [1790953753.051112487] [planner_server]: Plan computed: 612 poses
[planner_server-4] [INFO] [1790953753.181268579] [planner_server]: Planning took 17 ms
[planner_server-4] [INFO] [1790953753.181809840] [planner_server]: Plan computed: 612 poses
[planner_server-4] [INFO] [1790953753.313482886] [planner_server]: Planning took 17 ms
[planner_server-4] [INFO] [1790953753.314056614] [planner_server]: Plan computed: 612 poses
[planner_server-4] [INFO] [1790953753.442653895] [planner_server]: Planning took 18 ms
[planner_server-4] [INFO] [1790953753.443175476] [planner_server]: Plan computed: 612 poses
[planner_server-4] [INFO] [1790953753.572717206] [planner_server]: Planning took 18 ms
[planner_server-4] [INFO] [1790953753.573306366] [planner_server]: Plan computed: 612 poses
[planner_server-4] [INFO] [1790953753.701565202] [planner_server]: Planning took 17 ms
[planner_server-4] [INFO] [1790953753.702074878] [planner_server]: Plan computed: 612 poses
[planner_server-4] [INFO] [1790953753.824563875] [planner_server]: Planning took 18 ms
[planner_server-4] [INFO] [1790953753.825332894] [planner_server]: Plan computed: 612 poses
[planner_server-4] [INFO] [1790953753.952468460] [planner_server]: Planning took 18 ms
[planner_server-4] [INFO] [1790953753.952767144] [planner_server]: Plan computed: 612 poses
[planner_server-4] [INFO] [1790953754.081567226] [planner_server]: Planning took 17 ms
[planner_server-4] [INFO] [1790953754.082284458] [planner_server]: Plan computed: 612 poses
[planner_server-4] [INFO] [1790953754.203633803] [planner_server]: Planning took 18 ms
[planner_server-4] [INFO] [1790953754.204254237] [planner_server]: Plan computed: 612 poses
[planner_server-4] [INFO] [1790953754.333445513] [planner_server]: Planning took 19 ms
[planner_server-4] [INFO] [1790953754.333765750] [planner_server]: Plan computed: 612 poses
[planner_server-4] [INFO] [1790953754.462324517] [planner_server]: Planning took 17 ms
[planner_server-4] [INFO] [1790953754.462690890] [planner_server]: Plan computed: 612 poses
[planner_server-4] [INFO] [1790953754.591840009] [planner_server]: Planning took 18 ms
[planner_server-4] [INFO] [1790953754.592300154] [planner_server]: Plan computed: 612 poses
[controller_node-5] [WARN] [1790953754.667767192] [controller_server]: path_copy succeeded.
[controller_node-5] [INFO] [1790953754.667933153] [controller_server]: Computed velocity commands: linear.x=0.19, linear.y=-0.68, angular.z=0.00
[planner_server-4] [INFO] [1790953754.722396828] [planner_server]: Planning took 18 ms
[planner_server-4] [INFO] [1790953754.722998574] [planner_server]: Plan computed: 612 poses
[planner_server-4] [INFO] [1790953754.851683871] [planner_server]: Planning took 17 ms
[planner_server-4] [INFO] [1790953754.852050333] [planner_server]: Plan computed: 612 poses
[planner_server-4] [INFO] [1790953754.982667377] [planner_server]: Planning took 19 ms
[planner_server-4] [INFO] [1790953754.984243653] [planner_server]: Plan computed: 612 poses
[planner_server-4] [INFO] [1790953755.113811193] [planner_server]: Planning took 19 ms
[planner_server-4] [INFO] [1790953755.114407988] [planner_server]: Plan computed: 612 poses
[planner_server-4] [INFO] [1790953755.241407590] [planner_server]: Planning took 17 ms
[planner_server-4] [INFO] [1790953755.241865340] [planner_server]: Plan computed: 612 poses
[planner_server-4] [INFO] [1790953755.370015774] [planner_server]: Planning took 16 ms
[planner_server-4] [INFO] [1790953755.370349990] [planner_server]: Plan computed: 612 poses
[planner_server-4] [INFO] [1790953755.491771622] [planner_server]: Planning took 18 ms
[planner_server-4] [INFO] [1790953755.492317332] [planner_server]: Plan computed: 612 poses
[planner_server-4] [INFO] [1790953755.612282493] [planner_server]: Planning took 17 ms
[planner_server-4] [INFO] [1790953755.612623052] [planner_server]: Plan computed: 612 poses
[planner_server-4] [INFO] [1790953755.743425642] [planner_server]: Planning took 17 ms
[planner_server-4] [INFO] [1790953755.743823438] [planner_server]: Plan computed: 612 poses
[planner_server-4] [INFO] [1790953755.873215993] [planner_server]: Planning took 19 ms
[planner_server-4] [INFO] [1790953755.873582396] [planner_server]: Plan computed: 612 poses
[planner_server-4] [INFO] [1790953756.000949292] [planner_server]: Planning took 17 ms
[planner_server-4] [INFO] [1790953756.001420199] [planner_server]: Plan computed: 612 poses
[planner_server-4] [INFO] [1790953756.124685523] [planner_server]: Planning took 17 ms
[planner_server-4] [INFO] [1790953756.125038488] [planner_server]: Plan computed: 612 poses
[planner_server-4] [INFO] [1790953756.251202176] [planner_server]: Planning took 17 ms
[planner_server-4] [INFO] [1790953756.251618811] [planner_server]: Plan computed: 612 poses
[planner_server-4] [INFO] [1790953756.370868659] [planner_server]: Planning took 17 ms
[planner_server-4] [INFO] [1790953756.371304604] [planner_server]: Plan computed: 612 poses
[planner_server-4] [INFO] [1790953756.491808951] [planner_server]: Planning took 17 ms
[planner_server-4] [INFO] [1790953756.492200434] [planner_server]: Plan computed: 612 poses
[planner_server-4] [INFO] [1790953756.622609592] [planner_server]: Planning took 17 ms
[planner_server-4] [INFO] [1790953756.623094517] [planner_server]: Plan computed: 612 poses
[controller_node-5] [WARN] [1790953756.668292878] [controller_server]: path_copy succeeded.
[controller_node-5] [INFO] [1790953756.668538211] [controller_server]: Computed velocity commands: linear.x=-0.52, linear.y=-0.48, angular.z=0.00
[planner_server-4] [INFO] [1790953756.752517005] [planner_server]: Planning took 19 ms
[planner_server-4] [INFO] [1790953756.752926395] [planner_server]: Plan computed: 612 poses
[planner_server-4] [INFO] [1790953756.881200444] [planner_server]: Planning took 17 ms
[planner_server-4] [INFO] [1790953756.881806207] [planner_server]: Plan computed: 612 poses
[planner_server-4] [INFO] [1790953757.010830529] [planner_server]: Planning took 17 ms
[planner_server-4] [INFO] [1790953757.011239148] [planner_server]: Plan computed: 612 poses
[planner_server-4] [INFO] [1790953757.130747269] [planner_server]: Planning took 17 ms
[planner_server-4] [INFO] [1790953757.131223937] [planner_server]: Plan computed: 612 poses
[planner_server-4] [INFO] [1790953757.261195713] [planner_server]: Planning took 17 ms
[planner_server-4] [INFO] [1790953757.261590272] [planner_server]: Plan computed: 612 poses
[planner_server-4] [INFO] [1790953757.381572437] [planner_server]: Planning took 16 ms
[planner_server-4] [INFO] [1790953757.381858845] [planner_server]: Plan computed: 612 poses
[planner_server-4] [INFO] [1790953757.511368391] [planner_server]: Planning took 17 ms
[planner_server-4] [INFO] [1790953757.511927709] [planner_server]: Plan computed: 612 poses
[planner_server-4] [INFO] [1790953757.642642458] [planner_server]: Planning took 18 ms
[planner_server-4] [INFO] [1790953757.643204722] [planner_server]: Plan computed: 612 poses
[planner_server-4] [INFO] [1790953757.772617791] [planner_server]: Planning took 17 ms
[planner_server-4] [INFO] [1790953757.773374544] [planner_server]: Plan computed: 612 poses
[planner_server-4] [INFO] [1790953757.901690401] [planner_server]: Planning took 18 ms
[planner_server-4] [INFO] [1790953757.902147088] [planner_server]: Plan computed: 612 poses
[planner_server-4] [INFO] [1790953758.034152052] [planner_server]: Planning took 20 ms
[planner_server-4] [INFO] [1790953758.034500878] [planner_server]: Plan computed: 612 poses
[planner_server-4] [INFO] [1790953758.161803544] [planner_server]: Planning took 18 ms
[planner_server-4] [INFO] [1790953758.162235099] [planner_server]: Plan computed: 612 poses
[planner_server-4] [INFO] [1790953758.294510895] [planner_server]: Planning took 20 ms
[planner_server-4] [INFO] [1790953758.294933683] [planner_server]: Plan computed: 612 poses
[planner_server-4] [INFO] [1790953758.425517401] [planner_server]: Planning took 17 ms
[planner_server-4] [INFO] [1790953758.426310699] [planner_server]: Plan computed: 612 poses
[planner_server-4] [INFO] [1790953758.551796936] [planner_server]: Planning took 17 ms
[planner_server-4] [INFO] [1790953758.552181254] [planner_server]: Plan computed: 612 poses
[controller_node-5] [WARN] [1790953758.668566197] [controller_server]: path_copy succeeded.
[controller_node-5] [INFO] [1790953758.668842614] [controller_server]: Computed velocity commands: linear.x=-0.63, linear.y=0.31, angular.z=0.00
[planner_server-4] [INFO] [1790953758.682614391] [planner_server]: Planning took 18 ms
[planner_server-4] [INFO] [1790953758.683140721] [planner_server]: Plan computed: 612 poses
[planner_server-4] [INFO] [1790953758.812530889] [planner_server]: Planning took 18 ms
[planner_server-4] [INFO] [1790953758.813021907] [planner_server]: Plan computed: 612 poses
[planner_server-4] [INFO] [1790953758.942215791] [planner_server]: Planning took 17 ms
[planner_server-4] [INFO] [1790953758.942603747] [planner_server]: Plan computed: 612 poses
[planner_server-4] [INFO] [1790953759.073501293] [planner_server]: Planning took 19 ms
[planner_server-4] [INFO] [1790953759.074022392] [planner_server]: Plan computed: 612 poses
[planner_server-4] [INFO] [1790953759.201516576] [planner_server]: Planning took 16 ms
[planner_server-4] [INFO] [1790953759.202316377] [planner_server]: Plan computed: 612 poses
[planner_server-4] [INFO] [1790953759.332472251] [planner_server]: Planning took 17 ms
[planner_server-4] [INFO] [1790953759.332765553] [planner_server]: Plan computed: 612 poses
[planner_server-4] [INFO] [1790953759.461349964] [planner_server]: Planning took 17 ms
[planner_server-4] [INFO] [1790953759.461919722] [planner_server]: Plan computed: 612 poses
[planner_server-4] [INFO] [1790953759.592160611] [planner_server]: Planning took 19 ms
[planner_server-4] [INFO] [1790953759.592889968] [planner_server]: Plan computed: 612 poses
[planner_server-4] [INFO] [1790953759.721921546] [planner_server]: Planning took 17 ms
[planner_server-4] [INFO] [1790953759.722433195] [planner_server]: Plan computed: 612 poses
[planner_server-4] [INFO] [1790953759.851618258] [planner_server]: Planning took 17 ms
[planner_server-4] [INFO] [1790953759.852183688] [planner_server]: Plan computed: 612 poses
[planner_server-4] [INFO] [1790953759.982588581] [planner_server]: Planning took 18 ms
[planner_server-4] [INFO] [1790953759.983494690] [planner_server]: Plan computed: 612 poses
[planner_server-4] [INFO] [1790953760.114332397] [planner_server]: Planning took 19 ms
[planner_server-4] [INFO] [1790953760.114953311] [planner_server]: Plan computed: 612 poses
[planner_server-4] [INFO] [1790953760.242525391] [planner_server]: Planning took 18 ms
[planner_server-4] [INFO] [1790953760.242907475] [planner_server]: Plan computed: 612 poses
[planner_server-4] [INFO] [1790953760.373380421] [planner_server]: Planning took 19 ms
[planner_server-4] [INFO] [1790953760.373781914] [planner_server]: Plan computed: 612 poses
[planner_server-4] [INFO] [1790953760.502420708] [planner_server]: Planning took 17 ms
[planner_server-4] [INFO] [1790953760.503044858] [planner_server]: Plan computed: 612 poses
[planner_server-4] [INFO] [1790953760.631521704] [planner_server]: Planning took 18 ms
[planner_server-4] [INFO] [1790953760.632077023] [planner_server]: Plan computed: 612 poses
[controller_node-5] [WARN] [1790953760.688810392] [controller_server]: path_copy succeeded.
[controller_node-5] [INFO] [1790953760.689094805] [controller_server]: Computed velocity commands: linear.x=0.18, linear.y=0.68, angular.z=0.00
[planner_server-4] [INFO] [1790953760.762802923] [planner_server]: Planning took 17 ms
[planner_server-4] [INFO] [1790953760.763918481] [planner_server]: Plan computed: 612 poses
[planner_server-4] [INFO] [1790953760.892425850] [planner_server]: Planning took 18 ms
[planner_server-4] [INFO] [1790953760.892933812] [planner_server]: Plan computed: 612 poses
[planner_server-4] [INFO] [1790953761.021363535] [planner_server]: Planning took 17 ms
[planner_server-4] [INFO] [1790953761.021833690] [planner_server]: Plan computed: 612 poses
[planner_server-4] [INFO] [1790953761.151518098] [planner_server]: Planning took 17 ms
[planner_server-4] [INFO] [1790953761.151945024] [planner_server]: Plan computed: 612 poses
[planner_server-4] [INFO] [1790953761.281488645] [planner_server]: Planning took 17 ms
[planner_server-4] [INFO] [1790953761.282195986] [planner_server]: Plan computed: 612 poses
[planner_server-4] [INFO] [1790953761.412190200] [planner_server]: Planning took 18 ms
[planner_server-4] [INFO] [1790953761.412629301] [planner_server]: Plan computed: 612 poses
[planner_server-4] [INFO] [1790953761.541950716] [planner_server]: Planning took 18 ms
[planner_server-4] [INFO] [1790953761.542378653] [planner_server]: Plan computed: 612 poses
[planner_server-4] [INFO] [1790953761.672292704] [planner_server]: Planning took 17 ms
[planner_server-4] [INFO] [1790953761.673674177] [planner_server]: Plan computed: 612 poses
[planner_server-4] [INFO] [1790953761.803183097] [planner_server]: Planning took 16 ms
[planner_server-4] [INFO] [1790953761.804004221] [planner_server]: Plan computed: 612 poses
[planner_server-4] [INFO] [1790953761.931590557] [planner_server]: Planning took 17 ms
[planner_server-4] [INFO] [1790953761.932158412] [planner_server]: Plan computed: 612 poses
[planner_server-4] [INFO] [1790953762.062655277] [planner_server]: Planning took 17 ms
[planner_server-4] [INFO] [1790953762.063130943] [planner_server]: Plan computed: 612 poses
[planner_server-4] [INFO] [1790953762.191225248] [planner_server]: Planning took 18 ms
[planner_server-4] [INFO] [1790953762.191840529] [planner_server]: Plan computed: 612 poses
[planner_server-4] [INFO] [1790953762.312473435] [planner_server]: Planning took 18 ms
[planner_server-4] [INFO] [1790953762.312761456] [planner_server]: Plan computed: 612 poses
[planner_server-4] [INFO] [1790953762.441174174] [planner_server]: Planning took 17 ms
[planner_server-4] [INFO] [1790953762.441833796] [planner_server]: Plan computed: 612 poses
[planner_server-4] [INFO] [1790953762.562058515] [planner_server]: Planning took 17 ms
[planner_server-4] [INFO] [1790953762.562483436] [planner_server]: Plan computed: 612 poses
[controller_node-5] [WARN] [1790953762.689268286] [controller_server]: path_copy succeeded.
[controller_node-5] [INFO] [1790953762.689453696] [controller_server]: Computed velocity commands: linear.x=0.69, linear.y=0.15, angular.z=0.00
[planner_server-4] [INFO] [1790953762.692032925] [planner_server]: Planning took 18 ms
[planner_server-4] [INFO] [1790953762.692333922] [planner_server]: Plan computed: 612 poses
[planner_server-4] [INFO] [1790953762.819870444] [planner_server]: Planning took 16 ms
[planner_server-4] [INFO] [1790953762.820689894] [planner_server]: Plan computed: 612 poses
[planner_server-4] [INFO] [1790953762.942003681] [planner_server]: Planning took 17 ms
[planner_server-4] [INFO] [1790953762.942651950] [planner_server]: Plan computed: 612 poses
[planner_server-4] [INFO] [1790953763.071386559] [planner_server]: Planning took 17 ms
[planner_server-4] [INFO] [1790953763.071725694] [planner_server]: Plan computed: 612 poses
[planner_server-4] [INFO] [1790953763.192608832] [planner_server]: Planning took 17 ms
[planner_server-4] [INFO] [1790953763.192953599] [planner_server]: Plan computed: 612 poses
[planner_server-4] [INFO] [1790953763.322723917] [planner_server]: Planning took 19 ms
[planner_server-4] [INFO] [1790953763.323384552] [planner_server]: Plan computed: 612 poses
[planner_server-4] [INFO] [1790953763.453039333] [planner_server]: Planning took 18 ms
[planner_server-4] [INFO] [1790953763.454367857] [planner_server]: Plan computed: 612 poses
[planner_server-4] [INFO] [1790953763.580978467] [planner_server]: Planning took 16 ms
[planner_server-4] [INFO] [1790953763.581369268] [planner_server]: Plan computed: 612 poses
[planner_server-4] [INFO] [1790953763.701702779] [planner_server]: Planning took 17 ms
[planner_server-4] [INFO] [1790953763.702296416] [planner_server]: Plan computed: 612 poses
[planner_server-4] [INFO] [1790953763.821924811] [planner_server]: Planning took 17 ms
[planner_server-4] [INFO] [1790953763.822400767] [planner_server]: Plan computed: 612 poses
[planner_server-4] [INFO] [1790953763.953431239] [planner_server]: Planning took 19 ms
[planner_server-4] [INFO] [1790953763.953972829] [planner_server]: Plan computed: 612 poses
[planner_server-4] [INFO] [1790953764.082442454] [planner_server]: Planning took 17 ms
[planner_server-4] [INFO] [1790953764.083802877] [planner_server]: Plan computed: 612 poses
[planner_server-4] [INFO] [1790953764.213242800] [planner_server]: Planning took 19 ms
[planner_server-4] [INFO] [1790953764.214016566] [planner_server]: Plan computed: 612 poses
[planner_server-4] [INFO] [1790953764.345085903] [planner_server]: Planning took 20 ms
[planner_server-4] [INFO] [1790953764.345411711] [planner_server]: Plan computed: 612 poses
[planner_server-4] [INFO] [1790953764.472468738] [planner_server]: Planning took 18 ms
[planner_server-4] [INFO] [1790953764.472948652] [planner_server]: Plan computed: 612 poses
[planner_server-4] [INFO] [1790953764.602354714] [planner_server]: Planning took 18 ms
[planner_server-4] [INFO] [1790953764.602615689] [planner_server]: Plan computed: 612 poses
[controller_node-5] [WARN] [1790953764.709248947] [controller_server]: path_copy succeeded.
[controller_node-5] [INFO] [1790953764.709380447] [controller_server]: Computed velocity commands: linear.x=0.31, linear.y=-0.63, angular.z=0.00
[planner_server-4] [INFO] [1790953764.722325852] [planner_server]: Planning took 17 ms
[planner_server-4] [INFO] [1790953764.722652621] [planner_server]: Plan computed: 612 poses
[planner_server-4] [INFO] [1790953764.853334475] [planner_server]: Planning took 19 ms
[planner_server-4] [INFO] [1790953764.853638107] [planner_server]: Plan computed: 612 poses
[planner_server-4] [INFO] [1790953764.981472353] [planner_server]: Planning took 17 ms
[planner_server-4] [INFO] [1790953764.982023002] [planner_server]: Plan computed: 612 poses
[planner_server-4] [INFO] [1790953765.115428790] [planner_server]: Planning took 18 ms
[planner_server-4] [INFO] [1790953765.115761822] [planner_server]: Plan computed: 612 poses
[planner_server-4] [INFO] [1790953765.242755623] [planner_server]: Planning took 19 ms
[planner_server-4] [INFO] [1790953765.243028221] [planner_server]: Plan computed: 612 poses
[planner_server-4] [INFO] [1790953765.371780035] [planner_server]: Planning took 17 ms
[planner_server-4] [INFO] [1790953765.372189925] [planner_server]: Plan computed: 612 poses
[planner_server-4] [INFO] [1790953765.493398709] [planner_server]: Planning took 18 ms
[planner_server-4] [INFO] [1790953765.493867099] [planner_server]: Plan computed: 612 poses
[planner_server-4] [INFO] [1790953765.622554230] [planner_server]: Planning took 18 ms
[planner_server-4] [INFO] [1790953765.622859515] [planner_server]: Plan computed: 612 poses
[planner_server-4] [INFO] [1790953765.753082634] [planner_server]: Planning took 18 ms
[planner_server-4] [INFO] [1790953765.753634536] [planner_server]: Plan computed: 612 poses
[planner_server-4] [INFO] [1790953765.882691404] [planner_server]: Planning took 18 ms
[planner_server-4] [INFO] [1790953765.883159183] [planner_server]: Plan computed: 612 poses
[planner_server-4] [INFO] [1790953766.014816006] [planner_server]: Planning took 18 ms
[planner_server-4] [INFO] [1790953766.015031959] [planner_server]: Plan computed: 612 poses
[planner_server-4] [INFO] [1790953766.142072081] [planner_server]: Planning took 17 ms
[planner_server-4] [INFO] [1790953766.142614813] [planner_server]: Plan computed: 612 poses
[planner_server-4] [INFO] [1790953766.272541942] [planner_server]: Planning took 18 ms
[planner_server-4] [INFO] [1790953766.273542492] [planner_server]: Plan computed: 612 poses
[planner_server-4] [INFO] [1790953766.400918042] [planner_server]: Planning took 17 ms
[planner_server-4] [INFO] [1790953766.401367102] [planner_server]: Plan computed: 612 poses
[planner_server-4] [INFO] [1790953766.523029773] [planner_server]: Planning took 18 ms
[planner_server-4] [INFO] [1790953766.523442729] [planner_server]: Plan computed: 612 poses
[planner_server-4] [INFO] [1790953766.652817666] [planner_server]: Planning took 19 ms
[planner_server-4] [INFO] [1790953766.653255353] [planner_server]: Plan computed: 612 poses
[controller_node-5] [WARN] [1790953766.710107759] [controller_server]: path_copy succeeded.
[controller_node-5] [INFO] [1790953766.710344424] [controller_server]: Computed velocity commands: linear.x=-0.46, linear.y=-0.53, angular.z=0.00
[planner_server-4] [INFO] [1790953766.780389231] [planner_server]: Planning took 16 ms
[planner_server-4] [INFO] [1790953766.780879195] [planner_server]: Plan computed: 612 poses
[planner_server-4] [INFO] [1790953766.903355896] [planner_server]: Planning took 17 ms
[planner_server-4] [INFO] [1790953766.903714751] [planner_server]: Plan computed: 612 poses
[planner_server-4] [INFO] [1790953767.033485419] [planner_server]: Planning took 19 ms
[planner_server-4] [INFO] [1790953767.033821267] [planner_server]: Plan computed: 612 poses
[planner_server-4] [INFO] [1790953767.161534085] [planner_server]: Planning took 17 ms
[planner_server-4] [INFO] [1790953767.162179628] [planner_server]: Plan computed: 612 poses
[planner_server-4] [INFO] [1790953767.294414091] [planner_server]: Planning took 18 ms
[planner_server-4] [INFO] [1790953767.294995693] [planner_server]: Plan computed: 612 poses
[planner_server-4] [INFO] [1790953767.422534976] [planner_server]: Planning took 18 ms
[planner_server-4] [INFO] [1790953767.423024689] [planner_server]: Plan computed: 612 poses
[planner_server-4] [INFO] [1790953767.550501674] [planner_server]: Planning took 17 ms
[planner_server-4] [INFO] [1790953767.550829345] [planner_server]: Plan computed: 612 poses
[planner_server-4] [INFO] [1790953767.671862448] [planner_server]: Planning took 17 ms
[planner_server-4] [INFO] [1790953767.672311629] [planner_server]: Plan computed: 612 poses
[planner_server-4] [INFO] [1790953767.802915050] [planner_server]: Planning took 17 ms
[planner_server-4] [INFO] [1790953767.803319358] [planner_server]: Plan computed: 612 poses
[planner_server-4] [INFO] [1790953767.931103403] [planner_server]: Planning took 17 ms
[planner_server-4] [INFO] [1790953767.931594889] [planner_server]: Plan computed: 612 poses
[planner_server-4] [INFO] [1790953768.060594885] [planner_server]: Planning took 19 ms
[planner_server-4] [INFO] [1790953768.061218633] [planner_server]: Plan computed: 612 poses
[planner_server-4] [INFO] [1790953768.183429078] [planner_server]: Planning took 19 ms
[planner_server-4] [INFO] [1790953768.183697999] [planner_server]: Plan computed: 612 poses
[planner_server-4] [INFO] [1790953768.303045128] [planner_server]: Planning took 17 ms
[planner_server-4] [INFO] [1790953768.303481682] [planner_server]: Plan computed: 612 poses
[planner_server-4] [INFO] [1790953768.435555621] [planner_server]: Planning took 22 ms
[planner_server-4] [INFO] [1790953768.435888172] [planner_server]: Plan computed: 612 poses
[planner_server-4] [INFO] [1790953768.563481489] [planner_server]: Planning took 18 ms
[planner_server-4] [INFO] [1790953768.563830003] [planner_server]: Plan computed: 612 poses
[planner_server-4] [INFO] [1790953768.693120756] [planner_server]: Planning took 19 ms
[planner_server-4] [INFO] [1790953768.693518401] [planner_server]: Plan computed: 612 poses
[controller_node-5] [WARN] [1790953768.711183908] [controller_server]: path_copy succeeded.
[controller_node-5] [INFO] [1790953768.711529806] [controller_server]: Computed velocity commands: linear.x=-0.69, linear.y=0.12, angular.z=0.00
[planner_server-4] [INFO] [1790953768.822348756] [planner_server]: Planning took 17 ms
[planner_server-4] [INFO] [1790953768.822772274] [planner_server]: Plan computed: 612 poses
[planner_server-4] [INFO] [1790953768.952970721] [planner_server]: Planning took 17 ms
[planner_server-4] [INFO] [1790953768.953268171] [planner_server]: Plan computed: 612 poses
[planner_server-4] [INFO] [1790953769.083662773] [planner_server]: Planning took 19 ms
[planner_server-4] [INFO] [1790953769.084442249] [planner_server]: Plan computed: 612 poses
[planner_server-4] [INFO] [1790953769.211517878] [planner_server]: Planning took 17 ms
[planner_server-4] [INFO] [1790953769.211846380] [planner_server]: Plan computed: 612 poses
[planner_server-4] [INFO] [1790953769.333323302] [planner_server]: Planning took 19 ms
[planner_server-4] [INFO] [1790953769.333651394] [planner_server]: Plan computed: 612 poses
[planner_server-4] [INFO] [1790953769.465910669] [planner_server]: Planning took 20 ms
[planner_server-4] [INFO] [1790953769.466348175] [planner_server]: Plan computed: 612 poses
[planner_server-4] [INFO] [1790953769.594308675] [planner_server]: Planning took 20 ms
[planner_server-4] [INFO] [1790953769.595218198] [planner_server]: Plan computed: 612 poses
[planner_server-4] [INFO] [1790953769.724504825] [planner_server]: Planning took 18 ms
[planner_server-4] [INFO] [1790953769.725184818] [planner_server]: Plan computed: 612 poses
[planner_server-4] [INFO] [1790953769.851365714] [planner_server]: Planning took 18 ms
[planner_server-4] [INFO] [1790953769.851747957] [planner_server]: Plan computed: 612 poses
[planner_server-4] [INFO] [1790953769.971544597] [planner_server]: Planning took 17 ms
[planner_server-4] [INFO] [1790953769.972072869] [planner_server]: Plan computed: 612 poses
[planner_server-4] [INFO] [1790953770.103721289] [planner_server]: Planning took 19 ms
[planner_server-4] [INFO] [1790953770.104169958] [planner_server]: Plan computed: 612 poses
[planner_server-4] [INFO] [1790953770.232062677] [planner_server]: Planning took 17 ms
[planner_server-4] [INFO] [1790953770.232490643] [planner_server]: Plan computed: 612 poses
[planner_server-4] [INFO] [1790953770.364305935] [planner_server]: Planning took 18 ms
[planner_server-4] [INFO] [1790953770.364663287] [planner_server]: Plan computed: 612 poses
[planner_server-4] [INFO] [1790953770.492372451] [planner_server]: Planning took 18 ms
[planner_server-4] [INFO] [1790953770.493094349] [planner_server]: Plan computed: 612 poses
[planner_server-4] [INFO] [1790953770.621374573] [planner_server]: Planning took 17 ms
[planner_server-4] [INFO] [1790953770.623239812] [planner_server]: Plan computed: 612 poses
[controller_node-5] [WARN] [1790953770.729898178] [controller_server]: path_copy succeeded.
[controller_node-5] [INFO] [1790953770.730101274] [controller_server]: Computed velocity commands: linear.x=-0.14, linear.y=0.69, angular.z=0.00
[planner_server-4] [INFO] [1790953770.751860282] [planner_server]: Planning took 18 ms
[planner_server-4] [INFO] [1790953770.752384085] [planner_server]: Plan computed: 612 poses
[planner_server-4] [INFO] [1790953770.883135455] [planner_server]: Planning took 19 ms
[planner_server-4] [INFO] [1790953770.884104883] [planner_server]: Plan computed: 612 poses
[planner_server-4] [INFO] [1790953771.013422827] [planner_server]: Planning took 17 ms
[planner_server-4] [INFO] [1790953771.013795270] [planner_server]: Plan computed: 612 poses
[planner_server-4] [INFO] [1790953771.141259309] [planner_server]: Planning took 17 ms
[planner_server-4] [INFO] [1790953771.141660640] [planner_server]: Plan computed: 612 poses
[planner_server-4] [INFO] [1790953771.272651791] [planner_server]: Planning took 17 ms
[planner_server-4] [INFO] [1790953771.273012569] [planner_server]: Plan computed: 612 poses
[planner_server-4] [INFO] [1790953771.400548836] [planner_server]: Planning took 16 ms
[planner_server-4] [INFO] [1790953771.401037988] [planner_server]: Plan computed: 612 poses
[planner_server-4] [INFO] [1790953771.521037473] [planner_server]: Planning took 17 ms
[planner_server-4] [INFO] [1790953771.521478046] [planner_server]: Plan computed: 612 poses
[planner_server-4] [INFO] [1790953771.645462420] [planner_server]: Planning took 20 ms
[planner_server-4] [INFO] [1790953771.645789009] [planner_server]: Plan computed: 612 poses
[planner_server-4] [INFO] [1790953771.772690997] [planner_server]: Planning took 17 ms
[planner_server-4] [INFO] [1790953771.773538092] [planner_server]: Plan computed: 612 poses
[planner_server-4] [INFO] [1790953771.903344056] [planner_server]: Planning took 19 ms
[planner_server-4] [INFO] [1790953771.903740117] [planner_server]: Plan computed: 612 poses
[planner_server-4] [INFO] [1790953772.033896826] [planner_server]: Planning took 20 ms
[planner_server-4] [INFO] [1790953772.034558612] [planner_server]: Plan computed: 612 poses
[planner_server-4] [INFO] [1790953772.162071089] [planner_server]: Planning took 17 ms
[planner_server-4] [INFO] [1790953772.162697281] [planner_server]: Plan computed: 612 poses
[planner_server-4] [INFO] [1790953772.283557489] [planner_server]: Planning took 18 ms
[planner_server-4] [INFO] [1790953772.284163529] [planner_server]: Plan computed: 612 poses
[planner_server-4] [INFO] [1790953772.412221532] [planner_server]: Planning took 18 ms
[planner_server-4] [INFO] [1790953772.412591129] [planner_server]: Plan computed: 612 poses
[planner_server-4] [INFO] [1790953772.532507865] [planner_server]: Planning took 18 ms
[planner_server-4] [INFO] [1790953772.533071970] [planner_server]: Plan computed: 612 poses
[planner_server-4] [INFO] [1790953772.663968575] [planner_server]: Planning took 17 ms
[planner_server-4] [INFO] [1790953772.664402052] [planner_server]: Plan computed: 612 poses
[controller_node-5] [WARN] [1790953772.730431102] [controller_server]: path_copy succeeded.
[controller_node-5] [INFO] [1790953772.730730886] [controller_server]: Computed velocity commands: linear.x=0.57, linear.y=0.42, angular.z=0.00
[planner_server-4] [INFO] [1790953772.793872607] [planner_server]: Planning took 19 ms
[planner_server-4] [INFO] [1790953772.794388663] [planner_server]: Plan computed: 612 poses
[planner_server-4] [INFO] [1790953772.926285742] [planner_server]: Planning took 21 ms
[planner_server-4] [INFO] [1790953772.926608072] [planner_server]: Plan computed: 612 poses
[planner_server-4] [INFO] [1790953773.052601254] [planner_server]: Planning took 18 ms
[planner_server-4] [INFO] [1790953773.053071797] [planner_server]: Plan computed: 612 poses
[planner_server-4] [INFO] [1790953773.181976150] [planner_server]: Planning took 18 ms
[planner_server-4] [INFO] [1790953773.182544043] [planner_server]: Plan computed: 612 poses
[planner_server-4] [INFO] [1790953773.311679659] [planner_server]: Planning took 17 ms
[planner_server-4] [INFO] [1790953773.312014585] [planner_server]: Plan computed: 612 poses
[planner_server-4] [INFO] [1790953773.442258247] [planner_server]: Planning took 18 ms
[planner_server-4] [INFO] [1790953773.443049626] [planner_server]: Plan computed: 612 poses
[planner_server-4] [INFO] [1790953773.571230030] [planner_server]: Planning took 17 ms
[planner_server-4] [INFO] [1790953773.571592292] [planner_server]: Plan computed: 612 poses
[planner_server-4] [INFO] [1790953773.692642389] [planner_server]: Planning took 17 ms
[planner_server-4] [INFO] [1790953773.693199599] [planner_server]: Plan computed: 612 poses
[planner_server-4] [INFO] [1790953773.821621314] [planner_server]: Planning took 18 ms
[planner_server-4] [INFO] [1790953773.822294522] [planner_server]: Plan computed: 612 poses
[planner_server-4] [INFO] [1790953773.951779173] [planner_server]: Planning took 16 ms
[planner_server-4] [INFO] [1790953773.952080008] [planner_server]: Plan computed: 612 poses
[planner_server-4] [INFO] [1790953774.083020191] [planner_server]: Planning took 18 ms
[planner_server-4] [INFO] [1790953774.083407083] [planner_server]: Plan computed: 612 poses
[planner_server-4] [INFO] [1790953774.212201819] [planner_server]: Planning took 18 ms
[planner_server-4] [INFO] [1790953774.212503266] [planner_server]: Plan computed: 612 poses
[planner_server-4] [INFO] [1790953774.343633802] [planner_server]: Planning took 20 ms
[planner_server-4] [INFO] [1790953774.344347763] [planner_server]: Plan computed: 612 poses
[planner_server-4] [INFO] [1790953774.471313426] [planner_server]: Planning took 17 ms
[planner_server-4] [INFO] [1790953774.471565121] [planner_server]: Plan computed: 612 poses
[planner_server-4] [INFO] [1790953774.601329421] [planner_server]: Planning took 17 ms
[planner_server-4] [INFO] [1790953774.601975333] [planner_server]: Plan computed: 612 poses
[controller_node-5] [WARN] [1790953774.731205868] [controller_server]: path_copy succeeded.
[controller_node-5] [INFO] [1790953774.731533619] [controller_server]: Computed velocity commands: linear.x=0.61, linear.y=-0.36, angular.z=0.00
[planner_server-4] [INFO] [1790953774.733272480] [planner_server]: Planning took 19 ms
[planner_server-4] [INFO] [1790953774.733614440] [planner_server]: Plan computed: 612 poses
[planner_server-4] [INFO] [1790953774.863065269] [planner_server]: Planning took 18 ms
[planner_server-4] [INFO] [1790953774.863592438] [planner_server]: Plan computed: 612 poses
[planner_server-4] [INFO] [1790953774.993697159] [planner_server]: Planning took 18 ms
[planner_server-4] [INFO] [1790953774.994404076] [planner_server]: Plan computed: 612 poses
[planner_server-4] [INFO] [1790953775.123810960] [planner_server]: Planning took 20 ms
[planner_server-4] [INFO] [1790953775.124136466] [planner_server]: Plan computed: 612 poses
[planner_server-4] [INFO] [1790953775.252175874] [planner_server]: Planning took 18 ms
[planner_server-4] [INFO] [1790953775.252584440] [planner_server]: Plan computed: 612 poses
[planner_server-4] [INFO] [1790953775.382278374] [planner_server]: Planning took 17 ms
[planner_server-4] [INFO] [1790953775.382786834] [planner_server]: Plan computed: 612 poses
[planner_server-4] [INFO] [1790953775.513243338] [planner_server]: Planning took 19 ms
[planner_server-4] [INFO] [1790953775.513570487] [planner_server]: Plan computed: 612 poses
[planner_server-4] [INFO] [1790953775.641466179] [planner_server]: Planning took 17 ms
[planner_server-4] [INFO] [1790953775.642011785] [planner_server]: Plan computed: 612 poses
[planner_server-4] [INFO] [1790953775.771234237] [planner_server]: Planning took 17 ms
[planner_server-4] [INFO] [1790953775.771481112] [planner_server]: Plan computed: 612 poses
[planner_server-4] [INFO] [1790953775.903352592] [planner_server]: Planning took 18 ms
[planner_server-4] [INFO] [1790953775.903780627] [planner_server]: Plan computed: 612 poses
[planner_server-4] [INFO] [1790953776.031751445] [planner_server]: Planning took 16 ms
[planner_server-4] [INFO] [1790953776.032209933] [planner_server]: Plan computed: 612 poses
[planner_server-4] [INFO] [1790953776.153372320] [planner_server]: Planning took 18 ms
[planner_server-4] [INFO] [1790953776.153937797] [planner_server]: Plan computed: 612 poses
[planner_server-4] [INFO] [1790953776.281642077] [planner_server]: Planning took 17 ms
[planner_server-4] [INFO] [1790953776.282121688] [planner_server]: Plan computed: 612 poses
[planner_server-4] [INFO] [1790953776.413197005] [planner_server]: Planning took 18 ms
[planner_server-4] [INFO] [1790953776.413648930] [planner_server]: Plan computed: 612 poses
[planner_server-4] [INFO] [1790953776.541611970] [planner_server]: Planning took 17 ms
[planner_server-4] [INFO] [1790953776.542218531] [planner_server]: Plan computed: 612 poses
[planner_server-4] [INFO] [1790953776.673967667] [planner_server]: Planning took 19 ms
[planner_server-4] [INFO] [1790953776.674386604] [planner_server]: Plan computed: 612 poses
[controller_node-5] [WARN] [1790953776.750888844] [controller_server]: path_copy succeeded.
[controller_node-5] [INFO] [1790953776.751358525] [controller_server]: Computed velocity commands: linear.x=-0.07, linear.y=-0.70, angular.z=0.00
[planner_server-4] [INFO] [1790953776.802660631] [planner_server]: Planning took 17 ms
[planner_server-4] [INFO] [1790953776.802920412] [planner_server]: Plan computed: 612 poses
[planner_server-4] [INFO] [1790953776.930994950] [planner_server]: Planning took 17 ms
[planner_server-4] [INFO] [1790953776.931462617] [planner_server]: Plan computed: 612 poses
[planner_server-4] [INFO] [1790953777.051571843] [planner_server]: Planning took 17 ms
[planner_server-4] [INFO] [1790953777.052047666] [planner_server]: Plan computed: 612 poses
[planner_server-4] [INFO] [1790953777.181729389] [planner_server]: Planning took 17 ms
[planner_server-4] [INFO] [1790953777.182365420] [planner_server]: Plan computed: 612 poses
[planner_server-4] [INFO] [1790953777.310652441] [planner_server]: Planning took 17 ms
[planner_server-4] [INFO] [1790953777.311309936] [planner_server]: Plan computed: 612 poses
[planner_server-4] [INFO] [1790953777.432220428] [planner_server]: Planning took 17 ms
[planner_server-4] [INFO] [1790953777.432498998] [planner_server]: Plan computed: 612 poses
[planner_server-4] [INFO] [1790953777.562174629] [planner_server]: Planning took 17 ms
[planner_server-4] [INFO] [1790953777.562868498] [planner_server]: Plan computed: 612 poses
[planner_server-4] [INFO] [1790953777.691283350] [planner_server]: Planning took 17 ms
[planner_server-4] [INFO] [1790953777.691664059] [planner_server]: Plan computed: 612 poses
[planner_server-4] [INFO] [1790953777.820847583] [planner_server]: Planning took 17 ms
[planner_server-4] [INFO] [1790953777.821301191] [planner_server]: Plan computed: 612 poses
[planner_server-4] [INFO] [1790953777.944216233] [planner_server]: Planning took 19 ms
[planner_server-4] [INFO] [1790953777.944592283] [planner_server]: Plan computed: 612 poses
[planner_server-4] [INFO] [1790953778.070680643] [planner_server]: Planning took 17 ms
[planner_server-4] [INFO] [1790953778.071183922] [planner_server]: Plan computed: 612 poses
[planner_server-4] [INFO] [1790953778.191737395] [planner_server]: Planning took 18 ms
[planner_server-4] [INFO] [1790953778.192623727] [planner_server]: Plan computed: 612 poses
[planner_server-4] [INFO] [1790953778.321606168] [planner_server]: Planning took 17 ms
[planner_server-4] [INFO] [1790953778.321996406] [planner_server]: Plan computed: 612 poses
[planner_server-4] [INFO] [1790953778.442137420] [planner_server]: Planning took 17 ms
[planner_server-4] [INFO] [1790953778.443079216] [planner_server]: Plan computed: 612 poses
[planner_server-4] [INFO] [1790953778.572304568] [planner_server]: Planning took 18 ms
[planner_server-4] [INFO] [1790953778.573209840] [planner_server]: Plan computed: 612 poses
[planner_server-4] [INFO] [1790953778.701314585] [planner_server]: Planning took 17 ms
[planner_server-4] [INFO] [1790953778.702128961] [planner_server]: Plan computed: 612 poses
[controller_node-5] [WARN] [1790953778.751548452] [controller_server]: path_copy succeeded.
[controller_node-5] [INFO] [1790953778.751784374] [controller_server]: Computed velocity commands: linear.x=-0.67, linear.y=-0.21, angular.z=0.00
[planner_server-4] [INFO] [1790953778.834284882] [planner_server]: Planning took 19 ms
[planner_server-4] [INFO] [1790953778.834748570] [planner_server]: Plan computed: 612 poses
[planner_server-4] [INFO] [1790953778.961858121] [planner_server]: Planning took 17 ms
[planner_server-4] [INFO] [1790953778.962556750] [planner_server]: Plan computed: 612 poses
[planner_server-4] [INFO] [1790953779.092503669] [planner_server]: Planning took 18 ms
[planner_server-4] [INFO] [1790953779.093057321] [planner_server]: Plan computed: 612 poses
[planner_server-4] [INFO] [1790953779.222662042] [planner_server]: Planning took 18 ms
[planner_server-4] [INFO] [1790953779.222928958] [planner_server]: Plan computed: 612 poses
[planner_server-4] [INFO] [1790953779.352321040] [planner_server]: Planning took 18 ms
[planner_server-4] [INFO] [1790953779.352723253] [planner_server]: Plan computed: 612 poses
[planner_server-4] [INFO] [1790953779.482042650] [planner_server]: Planning took 16 ms
[planner_server-4] [INFO] [1790953779.482326210] [planner_server]: Plan computed: 612 poses
[planner_server-4] [INFO] [1790953779.611829094] [planner_server]: Planning took 18 ms
[planner_server-4] [INFO] [1790953779.612406094] [planner_server]: Plan computed: 612 poses
[planner_server-4] [INFO] [1790953779.742861204] [planner_server]: Planning took 18 ms
[planner_server-4] [INFO] [1790953779.743549481] [planner_server]: Plan computed: 612 poses
[planner_server-4] [INFO] [1790953779.872486317] [planner_server]: Planning took 18 ms
[planner_server-4] [INFO] [1790953779.872830150] [planner_server]: Plan computed: 612 poses
[planner_server-4] [INFO] [1790953780.002270215] [planner_server]: Planning took 17 ms
[planner_server-4] [INFO] [1790953780.002614990] [planner_server]: Plan computed: 612 poses
[planner_server-4] [INFO] [1790953780.130618064] [planner_server]: Planning took 16 ms
[planner_server-4] [INFO] [1790953780.131121464] [planner_server]: Plan computed: 612 poses
[planner_server-4] [INFO] [1790953780.251782657] [planner_server]: Planning took 18 ms
[planner_server-4] [INFO] [1790953780.252522630] [planner_server]: Plan computed: 612 poses
[planner_server-4] [INFO] [1790953780.381262892] [planner_server]: Planning took 17 ms
[planner_server-4] [INFO] [1790953780.381680727] [planner_server]: Plan computed: 612 poses
[planner_server-4] [INFO] [1790953780.515434306] [planner_server]: Planning took 20 ms
[planner_server-4] [INFO] [1790953780.515962385] [planner_server]: Plan computed: 612 poses
[planner_server-4] [INFO] [1790953780.642553436] [planner_server]: Planning took 18 ms
[planner_server-4] [INFO] [1790953780.643063959] [planner_server]: Plan computed: 612 poses
[controller_node-5] [WARN] [1790953780.752412003] [controller_server]: path_copy succeeded.
[controller_node-5] [INFO] [1790953780.752647895] [controller_server]: Computed velocity commands: linear.x=-0.37, linear.y=0.60, angular.z=0.00
[planner_server-4] [INFO] [1790953780.773506110] [planner_server]: Planning took 19 ms
[planner_server-4] [INFO] [1790953780.773858380] [planner_server]: Plan computed: 612 poses
[planner_server-4] [INFO] [1790953780.903284233] [planner_server]: Planning took 19 ms
[planner_server-4] [INFO] [1790953780.904264137] [planner_server]: Plan computed: 612 poses
[planner_server-4] [INFO] [1790953781.033615357] [planner_server]: Planning took 17 ms
[planner_server-4] [INFO] [1790953781.034471146] [planner_server]: Plan computed: 612 poses
[planner_server-4] [INFO] [1790953781.163511640] [planner_server]: Planning took 17 ms
[planner_server-4] [INFO] [1790953781.163827616] [planner_server]: Plan computed: 612 poses
[planner_server-4] [INFO] [1790953781.292011157] [planner_server]: Planning took 18 ms
[planner_server-4] [INFO] [1790953781.292542965] [planner_server]: Plan computed: 612 poses
[planner_server-4] [INFO] [1790953781.422930832] [planner_server]: Planning took 17 ms
[planner_server-4] [INFO] [1790953781.423424411] [planner_server]: Plan computed: 612 poses
[planner_server-4] [INFO] [1790953781.550948104] [planner_server]: Planning took 17 ms
[planner_server-4] [INFO] [1790953781.551688548] [planner_server]: Plan computed: 612 poses
[planner_server-4] [INFO] [1790953781.672061603] [planner_server]: Planning took 17 ms
[planner_server-4] [INFO] [1790953781.672408603] [planner_server]: Plan computed: 612 poses
[planner_server-4] [INFO] [1790953781.804449499] [planner_server]: Planning took 18 ms
[planner_server-4] [INFO] [1790953781.805024034] [planner_server]: Plan computed: 612 poses
[planner_server-4] [INFO] [1790953781.931706582] [planner_server]: Planning took 18 ms
[planner_server-4] [INFO] [1790953781.932160380] [planner_server]: Plan computed: 612 poses
[planner_server-4] [INFO] [1790953782.060884793] [planner_server]: Planning took 17 ms
[planner_server-4] [INFO] [1790953782.061373942] [planner_server]: Plan computed: 612 poses
[planner_server-4] [INFO] [1790953782.181993633] [planner_server]: Planning took 17 ms
[planner_server-4] [INFO] [1790953782.182521943] [planner_server]: Plan computed: 612 poses
[planner_server-4] [INFO] [1790953782.311730538] [planner_server]: Planning took 18 ms
[planner_server-4] [INFO] [1790953782.311923592] [planner_server]: Plan computed: 612 poses
[planner_server-4] [INFO] [1790953782.441021091] [planner_server]: Planning took 16 ms
[planner_server-4] [INFO] [1790953782.441574772] [planner_server]: Plan computed: 612 poses
[planner_server-4] [INFO] [1790953782.563339763] [planner_server]: Planning took 18 ms
[planner_server-4] [INFO] [1790953782.564121591] [planner_server]: Plan computed: 612 poses
[planner_server-4] [INFO] [1790953782.694417760] [planner_server]: Planning took 19 ms
[planner_server-4] [INFO] [1790953782.694932883] [planner_server]: Plan computed: 612 poses
[controller_node-5] [WARN] [1790953782.752630048] [controller_server]: path_copy succeeded.
[controller_node-5] [INFO] [1790953782.753089708] [controller_server]: Computed velocity commands: linear.x=0.39, linear.y=0.59, angular.z=0.00
[planner_server-4] [INFO] [1790953782.823839180] [planner_server]: Planning took 19 ms
[planner_server-4] [INFO] [1790953782.824294761] [planner_server]: Plan computed: 612 poses
[planner_server-4] [INFO] [1790953782.953914327] [planner_server]: Planning took 18 ms
[planner_server-4] [INFO] [1790953782.954191784] [planner_server]: Plan computed: 612 poses
[planner_server-4] [INFO] [1790953783.083865532] [planner_server]: Planning took 19 ms
[planner_server-4] [INFO] [1790953783.086485626] [planner_server]: Plan computed: 612 poses
[planner_server-4] [INFO] [1790953783.212904248] [planner_server]: Planning took 18 ms
[planner_server-4] [INFO] [1790953783.213596132] [planner_server]: Plan computed: 612 poses
[planner_server-4] [INFO] [1790953783.345348283] [planner_server]: Planning took 18 ms
[planner_server-4] [INFO] [1790953783.346298455] [planner_server]: Plan computed: 612 poses
[planner_server-4] [INFO] [1790953783.472129702] [planner_server]: Planning took 18 ms
[planner_server-4] [INFO] [1790953783.472703069] [planner_server]: Plan computed: 612 poses
[planner_server-4] [INFO] [1790953783.605486558] [planner_server]: Planning took 20 ms
[planner_server-4] [INFO] [1790953783.605983293] [planner_server]: Plan computed: 612 poses
[planner_server-4] [INFO] [1790953783.732126462] [planner_server]: Planning took 18 ms
[planner_server-4] [INFO] [1790953783.732625181] [planner_server]: Plan computed: 612 poses
[planner_server-4] [INFO] [1790953783.861982025] [planner_server]: Planning took 18 ms
[planner_server-4] [INFO] [1790953783.862514663] [planner_server]: Plan computed: 612 poses
[planner_server-4] [INFO] [1790953783.982264530] [planner_server]: Planning took 17 ms
[planner_server-4] [INFO] [1790953783.982960302] [planner_server]: Plan computed: 612 poses
[planner_server-4] [INFO] [1790953784.112106191] [planner_server]: Planning took 18 ms
[planner_server-4] [INFO] [1790953784.112443100] [planner_server]: Plan computed: 612 poses
[planner_server-4] [INFO] [1790953784.242946595] [planner_server]: Planning took 19 ms
[planner_server-4] [INFO] [1790953784.243579407] [planner_server]: Plan computed: 612 poses
[planner_server-4] [INFO] [1790953784.371634074] [planner_server]: Planning took 18 ms
[planner_server-4] [INFO] [1790953784.372093132] [planner_server]: Plan computed: 612 poses
[planner_server-4] [INFO] [1790953784.501633711] [planner_server]: Planning took 17 ms
[planner_server-4] [INFO] [1790953784.502202353] [planner_server]: Plan computed: 612 poses
[planner_server-4] [INFO] [1790953784.633626491] [planner_server]: Planning took 19 ms
[planner_server-4] [INFO] [1790953784.634256008] [planner_server]: Plan computed: 612 poses
[controller_node-5] [WARN] [1790953784.752743995] [controller_server]: path_copy succeeded.
[controller_node-5] [INFO] [1790953784.753261242] [controller_server]: Computed velocity commands: linear.x=0.68, linear.y=-0.18, angular.z=0.00
[planner_server-4] [INFO] [1790953784.760955543] [planner_server]: Planning took 16 ms
[planner_server-4] [INFO] [1790953784.761473571] [planner_server]: Plan computed: 612 poses
[planner_server-4] [INFO] [1790953784.893490057] [planner_server]: Planning took 19 ms
[planner_server-4] [INFO] [1790953784.893941510] [planner_server]: Plan computed: 612 poses
[planner_server-4] [INFO] [1790953785.021600572] [planner_server]: Planning took 17 ms
[planner_server-4] [INFO] [1790953785.023713679] [planner_server]: Plan computed: 612 poses
[planner_server-4] [INFO] [1790953785.150653373] [planner_server]: Planning took 17 ms
[planner_server-4] [INFO] [1790953785.151021224] [planner_server]: Plan computed: 612 poses
[planner_server-4] [INFO] [1790953785.270581864] [planner_server]: Planning took 17 ms
[planner_server-4] [INFO] [1790953785.271206771] [planner_server]: Plan computed: 612 poses
[planner_server-4] [INFO] [1790953785.391646095] [planner_server]: Planning took 18 ms
[planner_server-4] [INFO] [1790953785.392227924] [planner_server]: Plan computed: 612 poses
[planner_server-4] [INFO] [1790953785.522600081] [planner_server]: Planning took 17 ms
[planner_server-4] [INFO] [1790953785.522854711] [planner_server]: Plan computed: 612 poses
[planner_server-4] [INFO] [1790953785.650623419] [planner_server]: Planning took 16 ms
[planner_server-4] [INFO] [1790953785.651135866] [planner_server]: Plan computed: 612 poses
[planner_server-4] [INFO] [1790953785.771279666] [planner_server]: Planning took 17 ms
[planner_server-4] [INFO] [1790953785.771645273] [planner_server]: Plan computed: 612 poses
[planner_server-4] [INFO] [1790953785.892549718] [planner_server]: Planning took 17 ms
[planner_server-4] [INFO] [1790953785.892863409] [planner_server]: Plan computed: 612 poses
[planner_server-4] [INFO] [1790953786.022151355] [planner_server]: Planning took 17 ms
[planner_server-4] [INFO] [1790953786.022525980] [planner_server]: Plan computed: 612 poses
[planner_server-4] [INFO] [1790953786.151206189] [planner_server]: Planning took 17 ms
[planner_server-4] [INFO] [1790953786.151607078] [planner_server]: Plan computed: 612 poses
[planner_server-4] [INFO] [1790953786.280993891] [planner_server]: Planning took 17 ms
[planner_server-4] [INFO] [1790953786.281342723] [planner_server]: Plan computed: 612 poses
[planner_server-4] [INFO] [1790953786.404333911] [planner_server]: Planning took 19 ms
[planner_server-4] [INFO] [1790953786.404705781] [planner_server]: Plan computed: 612 poses
[planner_server-4] [INFO] [1790953786.531697822] [planner_server]: Planning took 17 ms
[planner_server-4] [INFO] [1790953786.532134804] [planner_server]: Plan computed: 612 poses
[planner_server-4] [INFO] [1790953786.667846726] [planner_server]: Planning took 22 ms
[planner_server-4] [INFO] [1790953786.668233165] [planner_server]: Plan computed: 612 poses
[controller_node-5] [WARN] [1790953786.752812542] [controller_server]: path_copy succeeded.
[controller_node-5] [INFO] [1790953786.772792936] [controller_server]: Computed velocity commands: linear.x=0.13, linear.y=-0.69, angular.z=0.00
[planner_server-4] [INFO] [1790953786.792807478] [planner_server]: Planning took 18 ms
[planner_server-4] [INFO] [1790953786.793538711] [planner_server]: Plan computed: 612 poses
[planner_server-4] [INFO] [1790953786.921997778] [planner_server]: Planning took 18 ms
[planner_server-4] [INFO] [1790953786.922342603] [planner_server]: Plan computed: 612 poses
[planner_server-4] [INFO] [1790953787.050911268] [planner_server]: Planning took 16 ms
[planner_server-4] [INFO] [1790953787.051291114] [planner_server]: Plan computed: 612 poses
[planner_server-4] [INFO] [1790953787.172062334] [planner_server]: Planning took 18 ms
[planner_server-4] [INFO] [1790953787.172408380] [planner_server]: Plan computed: 612 poses
[planner_server-4] [INFO] [1790953787.294647348] [planner_server]: Planning took 16 ms
[planner_server-4] [INFO] [1790953787.295151648] [planner_server]: Plan computed: 612 poses
[planner_server-4] [INFO] [1790953787.421319294] [planner_server]: Planning took 17 ms
[planner_server-4] [INFO] [1790953787.421886823] [planner_server]: Plan computed: 612 poses
[planner_server-4] [INFO] [1790953787.541656934] [planner_server]: Planning took 18 ms
[planner_server-4] [INFO] [1790953787.542092854] [planner_server]: Plan computed: 612 poses
[planner_server-4] [INFO] [1790953787.661806961] [planner_server]: Planning took 18 ms
[planner_server-4] [INFO] [1790953787.662646546] [planner_server]: Plan computed: 612 poses
[planner_server-4] [INFO] [1790953787.792463955] [planner_server]: Planning took 18 ms
[planner_server-4] [INFO] [1790953787.793060654] [planner_server]: Plan computed: 612 poses
[planner_server-4] [INFO] [1790953787.921192451] [planner_server]: Planning took 17 ms
[planner_server-4] [INFO] [1790953787.921704306] [planner_server]: Plan computed: 612 poses
[planner_server-4] [INFO] [1790953788.051061791] [planner_server]: Planning took 17 ms
[planner_server-4] [INFO] [1790953788.051501469] [planner_server]: Plan computed: 612 poses
[planner_server-4] [INFO] [1790953788.183031634] [planner_server]: Planning took 18 ms
[planner_server-4] [INFO] [1790953788.183885167] [planner_server]: Plan computed: 612 poses
[planner_server-4] [INFO] [1790953788.314740515] [planner_server]: Planning took 19 ms
[planner_server-4] [INFO] [1790953788.315304497] [planner_server]: Plan computed: 612 poses
[planner_server-4] [INFO] [1790953788.442419026] [planner_server]: Planning took 18 ms
[planner_server-4] [INFO] [1790953788.443453719] [planner_server]: Plan computed: 612 poses
[planner_server-4] [INFO] [1790953788.572150529] [planner_server]: Planning took 18 ms
[planner_server-4] [INFO] [1790953788.572429749] [planner_server]: Plan computed: 612 poses
[planner_server-4] [INFO] [1790953788.703301758] [planner_server]: Planning took 19 ms
[planner_server-4] [INFO] [1790953788.705146457] [planner_server]: Plan computed: 612 poses
[controller_node-5] [WARN] [1790953788.753565331] [controller_server]: path_copy succeeded.
[controller_node-5] [INFO] [1790953788.773642442] [controller_server]: Computed velocity commands: linear.x=-0.60, linear.y=-0.37, angular.z=0.00
[planner_server-4] [INFO] [1790953788.834168542] [planner_server]: Planning took 19 ms
[planner_server-4] [INFO] [1790953788.834549199] [planner_server]: Plan computed: 612 poses
[planner_server-4] [INFO] [1790953788.961636042] [planner_server]: Planning took 17 ms
[planner_server-4] [INFO] [1790953788.962577925] [planner_server]: Plan computed: 612 poses
[planner_server-4] [INFO] [1790953789.093830093] [planner_server]: Planning took 20 ms
[planner_server-4] [INFO] [1790953789.094263458] [planner_server]: Plan computed: 612 poses
[planner_server-4] [INFO] [1790953789.223026843] [planner_server]: Planning took 18 ms
[planner_server-4] [INFO] [1790953789.223768607] [planner_server]: Plan computed: 612 poses
[planner_server-4] [INFO] [1790953789.351506919] [planner_server]: Planning took 17 ms
[planner_server-4] [INFO] [1790953789.351979153] [planner_server]: Plan computed: 612 poses
[planner_server-4] [INFO] [1790953789.481919511] [planner_server]: Planning took 17 ms
[planner_server-4] [INFO] [1790953789.482363938] [planner_server]: Plan computed: 612 poses
[planner_server-4] [INFO] [1790953789.602502876] [planner_server]: Planning took 16 ms
[planner_server-4] [INFO] [1790953789.602942553] [planner_server]: Plan computed: 612 poses
[planner_server-4] [INFO] [1790953789.731790951] [planner_server]: Planning took 17 ms
[planner_server-4] [INFO] [1790953789.732174644] [planner_server]: Plan computed: 612 poses
[planner_server-4] [INFO] [1790953789.862286783] [planner_server]: Planning took 18 ms
[planner_server-4] [INFO] [1790953789.862750279] [planner_server]: Plan computed: 612 poses
[planner_server-4] [INFO] [1790953789.993280281] [planner_server]: Planning took 19 ms
[planner_server-4] [INFO] [1790953789.993597388] [planner_server]: Plan computed: 612 poses
[planner_server-4] [INFO] [1790953790.123568550] [planner_server]: Planning took 19 ms
[planner_server-4] [INFO] [1790953790.125286286] [planner_server]: Plan computed: 612 poses
[planner_server-4] [INFO] [1790953790.252772091] [planner_server]: Planning took 17 ms
[planner_server-4] [INFO] [1790953790.253301502] [planner_server]: Plan computed: 612 poses
[planner_server-4] [INFO] [1790953790.382271738] [planner_server]: Planning took 18 ms
[planner_server-4] [INFO] [1790953790.383067793] [planner_server]: Plan computed: 612 poses
[planner_server-4] [INFO] [1790953790.512832892] [planner_server]: Planning took 18 ms
[planner_server-4] [INFO] [1790953790.513073093] [planner_server]: Plan computed: 612 poses
[planner_server-4] [INFO] [1790953790.642275923] [planner_server]: Planning took 18 ms
[planner_server-4] [INFO] [1790953790.642576076] [planner_server]: Plan computed: 612 poses
[planner_server-4] [INFO] [1790953790.771448082] [planner_server]: Planning took 17 ms
[planner_server-4] [INFO] [1790953790.771820272] [planner_server]: Plan computed: 612 poses
[controller_node-5] [WARN] [1790953790.772744548] [controller_server]: path_copy succeeded.
[controller_node-5] [INFO] [1790953790.794666979] [controller_server]: Computed velocity commands: linear.x=-0.56, linear.y=0.42, angular.z=0.00
[planner_server-4] [INFO] [1790953790.901701437] [planner_server]: Planning took 17 ms
[planner_server-4] [INFO] [1790953790.902015248] [planner_server]: Plan computed: 612 poses
[planner_server-4] [INFO] [1790953791.032517281] [planner_server]: Planning took 18 ms
[planner_server-4] [INFO] [1790953791.032897006] [planner_server]: Plan computed: 612 poses
[planner_server-4] [INFO] [1790953791.163205503] [planner_server]: Planning took 18 ms
[planner_server-4] [INFO] [1790953791.163787220] [planner_server]: Plan computed: 612 poses
[planner_server-4] [INFO] [1790953791.291432551] [planner_server]: Planning took 17 ms
[planner_server-4] [INFO] [1790953791.291797205] [planner_server]: Plan computed: 612 poses
[planner_server-4] [INFO] [1790953791.424541017] [planner_server]: Planning took 17 ms
[planner_server-4] [INFO] [1790953791.425751894] [planner_server]: Plan computed: 612 poses
[planner_server-4] [INFO] [1790953791.551534993] [planner_server]: Planning took 18 ms
[planner_server-4] [INFO] [1790953791.551997507] [planner_server]: Plan computed: 612 poses
[planner_server-4] [INFO] [1790953791.682136938] [planner_server]: Planning took 18 ms
[planner_server-4] [INFO] [1790953791.682649354] [planner_server]: Plan computed: 612 poses
[planner_server-4] [INFO] [1790953791.811852123] [planner_server]: Planning took 18 ms
[planner_server-4] [INFO] [1790953791.812327834] [planner_server]: Plan computed: 612 poses
[planner_server-4] [INFO] [1790953791.941502397] [planner_server]: Planning took 17 ms
[planner_server-4] [INFO] [1790953791.941793902] [planner_server]: Plan computed: 612 poses
[planner_server-4] [INFO] [1790953792.071972561] [planner_server]: Planning took 17 ms
[planner_server-4] [INFO] [1790953792.073070261] [planner_server]: Plan computed: 612 poses
[planner_server-4] [INFO] [1790953792.202225021] [planner_server]: Planning took 18 ms
[planner_server-4] [INFO] [1790953792.203199700] [planner_server]: Plan computed: 612 poses
[planner_server-4] [INFO] [1790953792.332356014] [planner_server]: Planning took 17 ms
[planner_server-4] [INFO] [1790953792.332709956] [planner_server]: Plan computed: 612 poses
[planner_server-4] [INFO] [1790953792.462411222] [planner_server]: Planning took 17 ms
[planner_server-4] [INFO] [1790953792.463028291] [planner_server]: Plan computed: 612 poses
[planner_server-4] [INFO] [1790953792.591693522] [planner_server]: Planning took 17 ms
[planner_server-4] [INFO] [1790953792.592330522] [planner_server]: Plan computed: 612 poses
[planner_server-4] [INFO] [1790953792.722499032] [planner_server]: Planning took 17 ms
[planner_server-4] [INFO] [1790953792.724197618] [planner_server]: Plan computed: 612 poses
[controller_node-5] [WARN] [1790953792.773903079] [controller_server]: path_copy succeeded.
[controller_node-5] [INFO] [1790953792.795003137] [controller_server]: Computed velocity commands: linear.x=0.17, linear.y=0.69, angular.z=0.00
[planner_server-4] [INFO] [1790953792.851482853] [planner_server]: Planning took 17 ms
[planner_server-4] [INFO] [1790953792.851953694] [planner_server]: Plan computed: 612 poses
[planner_server-4] [INFO] [1790953792.980962376] [planner_server]: Planning took 17 ms
[planner_server-4] [INFO] [1790953792.981553512] [planner_server]: Plan computed: 612 poses
[planner_server-4] [INFO] [1790953793.102592419] [planner_server]: Planning took 18 ms
[planner_server-4] [INFO] [1790953793.103190789] [planner_server]: Plan computed: 612 poses
[planner_server-4] [INFO] [1790953793.231483039] [planner_server]: Planning took 17 ms
[planner_server-4] [INFO] [1790953793.231821720] [planner_server]: Plan computed: 612 poses
[planner_server-4] [INFO] [1790953793.361232511] [planner_server]: Planning took 17 ms
[planner_server-4] [INFO] [1790953793.361535930] [planner_server]: Plan computed: 612 poses
[planner_server-4] [INFO] [1790953793.492437714] [planner_server]: Planning took 18 ms
[planner_server-4] [INFO] [1790953793.494067450] [planner_server]: Plan computed: 612 poses
[planner_server-4] [INFO] [1790953793.621546360] [planner_server]: Planning took 18 ms
[planner_server-4] [INFO] [1790953793.621925774] [planner_server]: Plan computed: 612 poses
[planner_server-4] [INFO] [1790953793.741658689] [planner_server]: Planning took 17 ms
[planner_server-4] [INFO] [1790953793.742305949] [planner_server]: Plan computed: 612 poses
[planner_server-4] [INFO] [1790953793.861796921] [planner_server]: Planning took 17 ms
[planner_server-4] [INFO] [1790953793.862463721] [planner_server]: Plan computed: 612 poses
[planner_server-4] [INFO] [1790953793.991510040] [planner_server]: Planning took 17 ms
[planner_server-4] [INFO] [1790953793.992000941] [planner_server]: Plan computed: 612 poses
[planner_server-4] [INFO] [1790953794.113979600] [planner_server]: Planning took 19 ms
[planner_server-4] [INFO] [1790953794.114463588] [planner_server]: Plan computed: 612 poses
[planner_server-4] [INFO] [1790953794.242008825] [planner_server]: Planning took 17 ms
[planner_server-4] [INFO] [1790953794.242368448] [planner_server]: Plan computed: 612 poses
[planner_server-4] [INFO] [1790953794.371495440] [planner_server]: Planning took 17 ms
[planner_server-4] [INFO] [1790953794.371842789] [planner_server]: Plan computed: 612 poses
[planner_server-4] [INFO] [1790953794.493196252] [planner_server]: Planning took 18 ms
[planner_server-4] [INFO] [1790953794.494064293] [planner_server]: Plan computed: 612 poses
[planner_server-4] [INFO] [1790953794.621735134] [planner_server]: Planning took 17 ms
[planner_server-4] [INFO] [1790953794.622033913] [planner_server]: Plan computed: 612 poses
[planner_server-4] [INFO] [1790953794.742819408] [planner_server]: Planning took 18 ms
[planner_server-4] [INFO] [1790953794.743183581] [planner_server]: Plan computed: 612 poses
[controller_node-5] [WARN] [1790953794.793729591] [controller_server]: path_copy succeeded.
[controller_node-5] [INFO] [1790953794.814002844] [controller_server]: Computed velocity commands: linear.x=0.69, linear.y=0.14, angular.z=0.00
[planner_server-4] [INFO] [1790953794.873807316] [planner_server]: Planning took 19 ms
[planner_server-4] [INFO] [1790953794.874368020] [planner_server]: Plan computed: 612 poses
[planner_server-4] [INFO] [1790953795.001650128] [planner_server]: Planning took 17 ms
[planner_server-4] [INFO] [1790953795.002442004] [planner_server]: Plan computed: 612 poses
[planner_server-4] [INFO] [1790953795.132559154] [planner_server]: Planning took 17 ms
[planner_server-4] [INFO] [1790953795.133162304] [planner_server]: Plan computed: 612 poses
[planner_server-4] [INFO] [1790953795.262992025] [planner_server]: Planning took 18 ms
[planner_server-4] [INFO] [1790953795.263603853] [planner_server]: Plan computed: 612 poses
[planner_server-4] [INFO] [1790953795.391785127] [planner_server]: Planning took 18 ms
[planner_server-4] [INFO] [1790953795.392084809] [planner_server]: Plan computed: 612 poses
[planner_server-4] [INFO] [1790953795.521990909] [planner_server]: Planning took 18 ms
[planner_server-4] [INFO] [1790953795.522328437] [planner_server]: Plan computed: 612 poses
[planner_server-4] [INFO] [1790953795.654466309] [planner_server]: Planning took 21 ms
[planner_server-4] [INFO] [1790953795.655177099] [planner_server]: Plan computed: 612 poses
[planner_server-4] [INFO] [1790953795.781321566] [planner_server]: Planning took 17 ms
[planner_server-4] [INFO] [1790953795.781563780] [planner_server]: Plan computed: 612 poses
[planner_server-4] [INFO] [1790953795.901265977] [planner_server]: Planning took 17 ms
[planner_server-4] [INFO] [1790953795.901587313] [planner_server]: Plan computed: 612 poses
[planner_server-4] [INFO] [1790953796.022167623] [planner_server]: Planning took 17 ms
[planner_server-4] [INFO] [1790953796.022593572] [planner_server]: Plan computed: 612 poses
[planner_server-4] [INFO] [1790953796.152949539] [planner_server]: Planning took 18 ms
[planner_server-4] [INFO] [1790953796.153332850] [planner_server]: Plan computed: 612 poses
[planner_server-4] [INFO] [1790953796.282471383] [planner_server]: Planning took 18 ms
[planner_server-4] [INFO] [1790953796.282989440] [planner_server]: Plan computed: 612 poses
[planner_server-4] [INFO] [1790953796.412964865] [planner_server]: Planning took 18 ms
[planner_server-4] [INFO] [1790953796.413504004] [planner_server]: Plan computed: 612 poses
[planner_server-4] [INFO] [1790953796.541824314] [planner_server]: Planning took 17 ms
[planner_server-4] [INFO] [1790953796.542025855] [planner_server]: Plan computed: 612 poses
[planner_server-4] [INFO] [1790953796.663269889] [planner_server]: Planning took 18 ms
[planner_server-4] [INFO] [1790953796.663857577] [planner_server]: Plan computed: 612 poses
[planner_server-4] [INFO] [1790953796.791811545] [planner_server]: Planning took 17 ms
[planner_server-4] [INFO] [1790953796.792367919] [planner_server]: Plan computed: 612 poses
[controller_node-5] [WARN] [1790953796.814720801] [controller_server]: path_copy succeeded.
[controller_node-5] [INFO] [1790953796.814997144] [controller_server]: Computed velocity commands: linear.x=0.36, linear.y=-0.61, angular.z=0.00
[planner_server-4] [INFO] [1790953796.921728085] [planner_server]: Planning took 17 ms
[planner_server-4] [INFO] [1790953796.922103611] [planner_server]: Plan computed: 612 poses
[planner_server-4] [INFO] [1790953797.052679309] [planner_server]: Planning took 18 ms
[planner_server-4] [INFO] [1790953797.053114436] [planner_server]: Plan computed: 612 poses
[planner_server-4] [INFO] [1790953797.183909877] [planner_server]: Planning took 18 ms
[planner_server-4] [INFO] [1790953797.184472675] [planner_server]: Plan computed: 612 poses
[planner_server-4] [INFO] [1790953797.310811478] [planner_server]: Planning took 17 ms
[planner_server-4] [INFO] [1790953797.311265244] [planner_server]: Plan computed: 612 poses
[planner_server-4] [INFO] [1790953797.431269722] [planner_server]: Planning took 17 ms
[planner_server-4] [INFO] [1790953797.431628864] [planner_server]: Plan computed: 612 poses
[planner_server-4] [INFO] [1790953797.551545182] [planner_server]: Planning took 17 ms
[planner_server-4] [INFO] [1790953797.552047817] [planner_server]: Plan computed: 612 poses
[planner_server-4] [INFO] [1790953797.673357816] [planner_server]: Planning took 17 ms
[planner_server-4] [INFO] [1790953797.673750337] [planner_server]: Plan computed: 612 poses
[planner_server-4] [INFO] [1790953797.801435606] [planner_server]: Planning took 17 ms
[planner_server-4] [INFO] [1790953797.801894572] [planner_server]: Plan computed: 612 poses
[planner_server-4] [INFO] [1790953797.931402538] [planner_server]: Planning took 17 ms
[planner_server-4] [INFO] [1790953797.931738994] [planner_server]: Plan computed: 612 poses
[planner_server-4] [INFO] [1790953798.063023213] [planner_server]: Planning took 18 ms
[planner_server-4] [INFO] [1790953798.063372385] [planner_server]: Plan computed: 612 poses
[planner_server-4] [INFO] [1790953798.193607223] [planner_server]: Planning took 19 ms
[planner_server-4] [INFO] [1790953798.194004322] [planner_server]: Plan computed: 612 poses
[planner_server-4] [INFO] [1790953798.322226937] [planner_server]: Planning took 18 ms
[planner_server-4] [INFO] [1790953798.322572211] [planner_server]: Plan computed: 612 poses
[planner_server-4] [INFO] [1790953798.452432564] [planner_server]: Planning took 18 ms
[planner_server-4] [INFO] [1790953798.452727455] [planner_server]: Plan computed: 612 poses
[planner_server-4] [INFO] [1790953798.583120846] [planner_server]: Planning took 19 ms
[planner_server-4] [INFO] [1790953798.583509188] [planner_server]: Plan computed: 612 poses
[planner_server-4] [INFO] [1790953798.714753582] [planner_server]: Planning took 19 ms
[planner_server-4] [INFO] [1790953798.715391323] [planner_server]: Plan computed: 612 poses
[controller_node-5] [WARN] [1790953798.834255548] [controller_server]: path_copy succeeded.
[controller_node-5] [INFO] [1790953798.834539336] [controller_server]: Computed velocity commands: linear.x=-0.36, linear.y=-0.61, angular.z=0.00
[planner_server-4] [INFO] [1790953798.842080170] [planner_server]: Planning took 18 ms
[planner_server-4] [INFO] [1790953798.842462830] [planner_server]: Plan computed: 612 poses
[planner_server-4] [INFO] [1790953798.972745656] [planner_server]: Planning took 17 ms
[planner_server-4] [INFO] [1790953798.973421604] [planner_server]: Plan computed: 612 poses
[planner_server-4] [INFO] [1790953799.103832527] [planner_server]: Planning took 18 ms
[planner_server-4] [INFO] [1790953799.104263095] [planner_server]: Plan computed: 612 poses
[planner_server-4] [INFO] [1790953799.231294211] [planner_server]: Planning took 17 ms
[planner_server-4] [INFO] [1790953799.231793359] [planner_server]: Plan computed: 612 poses
[planner_server-4] [INFO] [1790953799.352369807] [planner_server]: Planning took 18 ms
[planner_server-4] [INFO] [1790953799.353004090] [planner_server]: Plan computed: 612 poses
[planner_server-4] [INFO] [1790953799.482406339] [planner_server]: Planning took 17 ms
[planner_server-4] [INFO] [1790953799.482983626] [planner_server]: Plan computed: 612 poses
[planner_server-4] [INFO] [1790953799.611804560] [planner_server]: Planning took 17 ms
[planner_server-4] [INFO] [1790953799.612314569] [planner_server]: Plan computed: 612 poses
[planner_server-4] [INFO] [1790953799.742923378] [planner_server]: Planning took 18 ms
[planner_server-4] [INFO] [1790953799.743473830] [planner_server]: Plan computed: 612 poses
[planner_server-4] [INFO] [1790953799.870762130] [planner_server]: Planning took 17 ms
[planner_server-4] [INFO] [1790953799.871288884] [planner_server]: Plan computed: 612 poses
[planner_server-4] [INFO] [1790953799.993569877] [planner_server]: Planning took 17 ms
[planner_server-4] [INFO] [1790953799.994069736] [planner_server]: Plan computed: 612 poses
[planner_server-4] [INFO] [1790953800.121585592] [planner_server]: Planning took 17 ms
[planner_server-4] [INFO] [1790953800.121915595] [planner_server]: Plan computed: 612 poses
[planner_server-4] [INFO] [1790953800.253651810] [planner_server]: Planning took 18 ms
[planner_server-4] [INFO] [1790953800.254026985] [planner_server]: Plan computed: 612 poses
[planner_server-4] [INFO] [1790953800.382169504] [planner_server]: Planning took 18 ms
[planner_server-4] [INFO] [1790953800.382876134] [planner_server]: Plan computed: 612 poses
[planner_server-4] [INFO] [1790953800.511420137] [planner_server]: Planning took 17 ms
[planner_server-4] [INFO] [1790953800.511774228] [planner_server]: Plan computed: 612 poses
[planner_server-4] [INFO] [1790953800.631470014] [planner_server]: Planning took 17 ms
[planner_server-4] [INFO] [1790953800.631975033] [planner_server]: Plan computed: 612 poses
[planner_server-4] [INFO] [1790953800.762662812] [planner_server]: Planning took 17 ms
[planner_server-4] [INFO] [1790953800.763024560] [planner_server]: Plan computed: 612 poses
[controller_node-5] [WARN] [1790953800.834995431] [controller_server]: path_copy succeeded.
[controller_node-5] [INFO] [1790953800.835261613] [controller_server]: Computed velocity commands: linear.x=-0.69, linear.y=0.16, angular.z=0.00
[planner_server-4] [INFO] [1790953800.892530580] [planner_server]: Planning took 17 ms
[planner_server-4] [INFO] [1790953800.893118117] [planner_server]: Plan computed: 612 poses
[planner_server-4] [INFO] [1790953801.023495797] [planner_server]: Planning took 19 ms
[planner_server-4] [INFO] [1790953801.023976176] [planner_server]: Plan computed: 612 poses
[planner_server-4] [INFO] [1790953801.150872919] [planner_server]: Planning took 16 ms
[planner_server-4] [INFO] [1790953801.151191027] [planner_server]: Plan computed: 612 poses
[planner_server-4] [INFO] [1790953801.271148854] [planner_server]: Planning took 17 ms
[planner_server-4] [INFO] [1790953801.271403332] [planner_server]: Plan computed: 612 poses
[planner_server-4] [INFO] [1790953801.402393240] [planner_server]: Planning took 19 ms
[planner_server-4] [INFO] [1790953801.402971198] [planner_server]: Plan computed: 612 poses
[planner_server-4] [INFO] [1790953801.533913425] [planner_server]: Planning took 19 ms
[planner_server-4] [INFO] [1790953801.534306587] [planner_server]: Plan computed: 612 poses
[planner_server-4] [INFO] [1790953801.661786487] [planner_server]: Planning took 18 ms
[planner_server-4] [INFO] [1790953801.662250062] [planner_server]: Plan computed: 612 poses
[planner_server-4] [INFO] [1790953801.791016785] [planner_server]: Planning took 17 ms
[planner_server-4] [INFO] [1790953801.791310854] [planner_server]: Plan computed: 612 poses
[planner_server-4] [INFO] [1790953801.921673059] [planner_server]: Planning took 18 ms
[planner_server-4] [INFO] [1790953801.922269614] [planner_server]: Plan computed: 612 poses
[planner_server-4] [INFO] [1790953802.053431441] [planner_server]: Planning took 17 ms
[planner_server-4] [INFO] [1790953802.053908192] [planner_server]: Plan computed: 612 poses
[planner_server-4] [INFO] [1790953802.180966364] [planner_server]: Planning took 17 ms
[planner_server-4] [INFO] [1790953802.181646921] [planner_server]: Plan computed: 612 poses
[planner_server-4] [INFO] [1790953802.300382255] [planner_server]: Planning took 16 ms
[planner_server-4] [INFO] [1790953802.300712918] [planner_server]: Plan computed: 612 poses
[planner_server-4] [INFO] [1790953802.422305714] [planner_server]: Planning took 18 ms
[planner_server-4] [INFO] [1790953802.422694987] [planner_server]: Plan computed: 612 poses
[planner_server-4] [INFO] [1790953802.552079740] [planner_server]: Planning took 17 ms
[planner_server-4] [INFO] [1790953802.552454694] [planner_server]: Plan computed: 612 poses
[planner_server-4] [INFO] [1790953802.681960201] [planner_server]: Planning took 17 ms
[planner_server-4] [INFO] [1790953802.682460160] [planner_server]: Plan computed: 612 poses
[planner_server-4] [INFO] [1790953802.813307923] [planner_server]: Planning took 19 ms
[planner_server-4] [INFO] [1790953802.813776558] [planner_server]: Plan computed: 612 poses
[controller_node-5] [WARN] [1790953802.835144896] [controller_server]: path_copy succeeded.
[controller_node-5] [INFO] [1790953802.835420929] [controller_server]: Computed velocity commands: linear.x=-0.12, linear.y=0.69, angular.z=0.00
[planner_server-4] [INFO] [1790953802.942266357] [planner_server]: Planning took 17 ms
[planner_server-4] [INFO] [1790953802.942813712] [planner_server]: Plan computed: 612 poses
[planner_server-4] [INFO] [1790953803.070853401] [planner_server]: Planning took 17 ms
[planner_server-4] [INFO] [1790953803.071326705] [planner_server]: Plan computed: 612 poses
[planner_server-4] [INFO] [1790953803.192539921] [planner_server]: Planning took 17 ms
[planner_server-4] [INFO] [1790953803.193328116] [planner_server]: Plan computed: 612 poses
[planner_server-4] [INFO] [1790953803.325141677] [planner_server]: Planning took 18 ms
[planner_server-4] [INFO] [1790953803.325907286] [planner_server]: Plan computed: 612 poses
[planner_server-4] [INFO] [1790953803.452127101] [planner_server]: Planning took 17 ms
[planner_server-4] [INFO] [1790953803.452523278] [planner_server]: Plan computed: 612 poses
[planner_server-4] [INFO] [1790953803.582374099] [planner_server]: Planning took 17 ms
[planner_server-4] [INFO] [1790953803.582940392] [planner_server]: Plan computed: 612 poses
[planner_server-4] [INFO] [1790953803.710728421] [planner_server]: Planning took 17 ms
[planner_server-4] [INFO] [1790953803.711363184] [planner_server]: Plan computed: 612 poses
[planner_server-4] [INFO] [1790953803.831102136] [planner_server]: Planning took 17 ms
[planner_server-4] [INFO] [1790953803.831530117] [planner_server]: Plan computed: 612 poses
[planner_server-4] [INFO] [1790953803.950584293] [planner_server]: Planning took 17 ms
[planner_server-4] [INFO] [1790953803.951068219] [planner_server]: Plan computed: 612 poses
[planner_server-4] [INFO] [1790953804.071334714] [planner_server]: Planning took 17 ms
[planner_server-4] [INFO] [1790953804.071790001] [planner_server]: Plan computed: 612 poses
[planner_server-4] [INFO] [1790953804.202038572] [planner_server]: Planning took 18 ms
[planner_server-4] [INFO] [1790953804.202397443] [planner_server]: Plan computed: 612 poses
[planner_server-4] [INFO] [1790953804.331443585] [planner_server]: Planning took 18 ms
[planner_server-4] [INFO] [1790953804.331937451] [planner_server]: Plan computed: 612 poses
[planner_server-4] [INFO] [1790953804.463419524] [planner_server]: Planning took 17 ms
[planner_server-4] [INFO] [1790953804.464320159] [planner_server]: Plan computed: 612 poses
[planner_server-4] [INFO] [1790953804.592772952] [planner_server]: Planning took 18 ms
[planner_server-4] [INFO] [1790953804.593728479] [planner_server]: Plan computed: 612 poses
[planner_server-4] [INFO] [1790953804.722587489] [planner_server]: Planning took 17 ms
[planner_server-4] [INFO] [1790953804.723266702] [planner_server]: Plan computed: 612 poses
[controller_node-5] [WARN] [1790953804.835419213] [controller_server]: path_copy succeeded.
[controller_node-5] [INFO] [1790953804.835647538] [controller_server]: Computed velocity commands: linear.x=0.56, linear.y=0.43, angular.z=0.00
[planner_server-4] [INFO] [1790953804.852321417] [planner_server]: Planning took 18 ms
[planner_server-4] [INFO] [1790953804.852756362] [planner_server]: Plan computed: 612 poses
[planner_server-4] [INFO] [1790953804.983373509] [planner_server]: Planning took 17 ms
[planner_server-4] [INFO] [1790953804.983786971] [planner_server]: Plan computed: 612 poses
[planner_server-4] [INFO] [1790953805.112836124] [planner_server]: Planning took 18 ms
[planner_server-4] [INFO] [1790953805.113423170] [planner_server]: Plan computed: 612 poses
[planner_server-4] [INFO] [1790953805.241268737] [planner_server]: Planning took 17 ms
[planner_server-4] [INFO] [1790953805.241566453] [planner_server]: Plan computed: 612 poses
[planner_server-4] [INFO] [1790953805.362182476] [planner_server]: Planning took 18 ms
[planner_server-4] [INFO] [1790953805.362627252] [planner_server]: Plan computed: 612 poses
[planner_server-4] [INFO] [1790953805.494631348] [planner_server]: Planning took 18 ms
[planner_server-4] [INFO] [1790953805.495270099] [planner_server]: Plan computed: 612 poses
[planner_server-4] [INFO] [1790953805.621029487] [planner_server]: Planning took 17 ms
[planner_server-4] [INFO] [1790953805.621440514] [planner_server]: Plan computed: 612 poses
[planner_server-4] [INFO] [1790953805.741859155] [planner_server]: Planning took 17 ms
[planner_server-4] [INFO] [1790953805.742552117] [planner_server]: Plan computed: 612 poses
[planner_server-4] [INFO] [1790953805.875480696] [planner_server]: Planning took 20 ms
[planner_server-4] [INFO] [1790953805.875804054] [planner_server]: Plan computed: 612 poses
[planner_server-4] [INFO] [1790953806.001628094] [planner_server]: Planning took 17 ms
[planner_server-4] [INFO] [1790953806.002258067] [planner_server]: Plan computed: 612 poses
[planner_server-4] [INFO] [1790953806.132349748] [planner_server]: Planning took 17 ms
[planner_server-4] [INFO] [1790953806.132972737] [planner_server]: Plan computed: 612 poses
[planner_server-4] [INFO] [1790953806.261628383] [planner_server]: Planning took 17 ms
[planner_server-4] [INFO] [1790953806.262069381] [planner_server]: Plan computed: 612 poses
[planner_server-4] [INFO] [1790953806.391373939] [planner_server]: Planning took 17 ms
[planner_server-4] [INFO] [1790953806.392106220] [planner_server]: Plan computed: 612 poses
[planner_server-4] [INFO] [1790953806.512248291] [planner_server]: Planning took 17 ms
[planner_server-4] [INFO] [1790953806.512775294] [planner_server]: Plan computed: 612 poses
[planner_server-4] [INFO] [1790953806.643477443] [planner_server]: Planning took 19 ms
[planner_server-4] [INFO] [1790953806.643814770] [planner_server]: Plan computed: 612 poses
[planner_server-4] [INFO] [1790953806.772259863] [planner_server]: Planning took 18 ms
[planner_server-4] [INFO] [1790953806.772649576] [planner_server]: Plan computed: 612 poses
[controller_node-5] [WARN] [1790953806.836504422] [controller_server]: path_copy succeeded.
[controller_node-5] [INFO] [1790953806.836739561] [controller_server]: Computed velocity commands: linear.x=0.59, linear.y=-0.39, angular.z=0.00
[planner_server-4] [INFO] [1790953806.901975077] [planner_server]: Planning took 17 ms
[planner_server-4] [INFO] [1790953806.902356755] [planner_server]: Plan computed: 612 poses
[planner_server-4] [INFO] [1790953807.033534121] [planner_server]: Planning took 19 ms
[planner_server-4] [INFO] [1790953807.033932582] [planner_server]: Plan computed: 612 poses
[planner_server-4] [INFO] [1790953807.162184783] [planner_server]: Planning took 17 ms
[planner_server-4] [INFO] [1790953807.162732518] [planner_server]: Plan computed: 612 poses
[planner_server-4] [INFO] [1790953807.291148527] [planner_server]: Planning took 17 ms
[planner_server-4] [INFO] [1790953807.291570716] [planner_server]: Plan computed: 612 poses
[planner_server-4] [INFO] [1790953807.412064255] [planner_server]: Planning took 18 ms
[planner_server-4] [INFO] [1790953807.412607050] [planner_server]: Plan computed: 612 poses
[planner_server-4] [INFO] [1790953807.540909067] [planner_server]: Planning took 16 ms
[planner_server-4] [INFO] [1790953807.541559552] [planner_server]: Plan computed: 612 poses
[planner_server-4] [INFO] [1790953807.672048050] [planner_server]: Planning took 17 ms
[planner_server-4] [INFO] [1790953807.672545853] [planner_server]: Plan computed: 612 poses
[planner_server-4] [INFO] [1790953807.801910705] [planner_server]: Planning took 17 ms
[planner_server-4] [INFO] [1790953807.802256689] [planner_server]: Plan computed: 612 poses
[planner_server-4] [INFO] [1790953807.931606980] [planner_server]: Planning took 16 ms
[planner_server-4] [INFO] [1790953807.932170908] [planner_server]: Plan computed: 612 poses
[planner_server-4] [INFO] [1790953808.054284228] [planner_server]: Planning took 19 ms
[planner_server-4] [INFO] [1790953808.054749325] [planner_server]: Plan computed: 612 poses
[planner_server-4] [INFO] [1790953808.194536757] [planner_server]: Planning took 25 ms
[planner_server-4] [INFO] [1790953808.195273086] [planner_server]: Plan computed: 612 poses
[planner_server-4] [INFO] [1790953808.322822567] [planner_server]: Planning took 18 ms
[planner_server-4] [INFO] [1790953808.323278104] [planner_server]: Plan computed: 612 poses
[planner_server-4] [INFO] [1790953808.452327618] [planner_server]: Planning took 19 ms
[planner_server-4] [INFO] [1790953808.454056838] [planner_server]: Plan computed: 612 poses
[planner_server-4] [INFO] [1790953808.582548696] [planner_server]: Planning took 16 ms
[planner_server-4] [INFO] [1790953808.583076100] [planner_server]: Plan computed: 612 poses
[planner_server-4] [INFO] [1790953808.711430203] [planner_server]: Planning took 17 ms
[planner_server-4] [INFO] [1790953808.711979020] [planner_server]: Plan computed: 612 poses
[controller_node-5] [WARN] [1790953808.837082136] [controller_server]: path_copy succeeded.
[controller_node-5] [INFO] [1790953808.837296732] [controller_server]: Computed velocity commands: linear.x=-0.20, linear.y=-0.68, angular.z=0.00
[planner_server-4] [INFO] [1790953808.841536093] [planner_server]: Planning took 17 ms
[planner_server-4] [INFO] [1790953808.842121374] [planner_server]: Plan computed: 612 poses
[planner_server-4] [INFO] [1790953808.962384837] [planner_server]: Planning took 18 ms
[planner_server-4] [INFO] [1790953808.962673886] [planner_server]: Plan computed: 612 poses
[planner_server-4] [INFO] [1790953809.091544964] [planner_server]: Planning took 17 ms
[planner_server-4] [INFO] [1790953809.091958535] [planner_server]: Plan computed: 612 poses
[planner_server-4] [INFO] [1790953809.223531190] [planner_server]: Planning took 17 ms
[planner_server-4] [INFO] [1790953809.224201745] [planner_server]: Plan computed: 612 poses
[planner_server-4] [INFO] [1790953809.352294686] [planner_server]: Planning took 18 ms
[planner_server-4] [INFO] [1790953809.353187353] [planner_server]: Plan computed: 612 poses
[planner_server-4] [INFO] [1790953809.481953135] [planner_server]: Planning took 17 ms
[planner_server-4] [INFO] [1790953809.482739635] [planner_server]: Plan computed: 612 poses
[planner_server-4] [INFO] [1790953809.614886920] [planner_server]: Planning took 18 ms
[planner_server-4] [INFO] [1790953809.615372638] [planner_server]: Plan computed: 612 poses
[planner_server-4] [INFO] [1790953809.741632660] [planner_server]: Planning took 17 ms
[planner_server-4] [INFO] [1790953809.741990438] [planner_server]: Plan computed: 612 poses
[planner_server-4] [INFO] [1790953809.871656591] [planner_server]: Planning took 18 ms
[planner_server-4] [INFO] [1790953809.872421037] [planner_server]: Plan computed: 612 poses
[planner_server-4] [INFO] [1790953810.002333701] [planner_server]: Planning took 18 ms
[planner_server-4] [INFO] [1790953810.002899833] [planner_server]: Plan computed: 612 poses
[planner_server-4] [INFO] [1790953810.130870088] [planner_server]: Planning took 17 ms
[planner_server-4] [INFO] [1790953810.131194649] [planner_server]: Plan computed: 612 poses
[planner_server-4] [INFO] [1790953810.262325203] [planner_server]: Planning took 17 ms
[planner_server-4] [INFO] [1790953810.262893099] [planner_server]: Plan computed: 612 poses
[planner_server-4] [INFO] [1790953810.394815746] [planner_server]: Planning took 20 ms
[planner_server-4] [INFO] [1790953810.395738724] [planner_server]: Plan computed: 612 poses
[planner_server-4] [INFO] [1790953810.522284398] [planner_server]: Planning took 17 ms
[planner_server-4] [INFO] [1790953810.522892836] [planner_server]: Plan computed: 612 poses
[planner_server-4] [INFO] [1790953810.651739303] [planner_server]: Planning took 17 ms
[planner_server-4] [INFO] [1790953810.652217105] [planner_server]: Plan computed: 612 poses
[planner_server-4] [INFO] [1790953810.781896226] [planner_server]: Planning took 18 ms
[planner_server-4] [INFO] [1790953810.782348707] [planner_server]: Plan computed: 612 poses
[controller_node-5] [WARN] [1790953810.856181088] [controller_server]: path_copy succeeded.
[controller_node-5] [INFO] [1790953810.856396697] [controller_server]: Computed velocity commands: linear.x=-0.71, linear.y=-0.02, angular.z=0.00
[planner_server-4] [INFO] [1790953810.911401873] [planner_server]: Planning took 16 ms
[planner_server-4] [INFO] [1790953810.911632232] [planner_server]: Plan computed: 612 poses
[planner_server-4] [INFO] [1790953811.031237653] [planner_server]: Planning took 17 ms
[planner_server-4] [INFO] [1790953811.031600331] [planner_server]: Plan computed: 612 poses
[planner_server-4] [INFO] [1790953811.162563435] [planner_server]: Planning took 17 ms
[planner_server-4] [INFO] [1790953811.163336809] [planner_server]: Plan computed: 612 poses
[planner_server-4] [INFO] [1790953811.293308746] [planner_server]: Planning took 18 ms
[planner_server-4] [INFO] [1790953811.294158926] [planner_server]: Plan computed: 612 poses
[planner_server-4] [INFO] [1790953811.421528277] [planner_server]: Planning took 17 ms
[planner_server-4] [INFO] [1790953811.421981188] [planner_server]: Plan computed: 612 poses
[planner_server-4] [INFO] [1790953811.542365071] [planner_server]: Planning took 19 ms
[planner_server-4] [INFO] [1790953811.542770275] [planner_server]: Plan computed: 612 poses
[planner_server-4] [INFO] [1790953811.671917207] [planner_server]: Planning took 18 ms
[planner_server-4] [INFO] [1790953811.672982926] [planner_server]: Plan computed: 612 poses
[planner_server-4] [INFO] [1790953811.802496070] [planner_server]: Planning took 19 ms
[planner_server-4] [INFO] [1790953811.802951687] [planner_server]: Plan computed: 612 poses
[planner_server-4] [INFO] [1790953811.932306056] [planner_server]: Planning took 18 ms
[planner_server-4] [INFO] [1790953811.932709407] [planner_server]: Plan computed: 612 poses
[planner_server-4] [INFO] [1790953812.061314805] [planner_server]: Planning took 17 ms
[planner_server-4] [INFO] [1790953812.061871608] [planner_server]: Plan computed: 612 poses
[planner_server-4] [INFO] [1790953812.181827469] [planner_server]: Planning took 18 ms
[planner_server-4] [INFO] [1790953812.182177141] [planner_server]: Plan computed: 612 poses
[planner_server-4] [INFO] [1790953812.311957718] [planner_server]: Planning took 18 ms
[planner_server-4] [INFO] [1790953812.312963063] [planner_server]: Plan computed: 612 poses
[planner_server-4] [INFO] [1790953812.442690482] [planner_server]: Planning took 18 ms
[planner_server-4] [INFO] [1790953812.442981604] [planner_server]: Plan computed: 612 poses
[planner_server-4] [INFO] [1790953812.570825061] [planner_server]: Planning took 17 ms
[planner_server-4] [INFO] [1790953812.571422787] [planner_server]: Plan computed: 612 poses
[planner_server-4] [INFO] [1790953812.692133674] [planner_server]: Planning took 18 ms
[planner_server-4] [INFO] [1790953812.692509148] [planner_server]: Plan computed: 612 poses
[planner_server-4] [INFO] [1790953812.823759927] [planner_server]: Planning took 17 ms
[planner_server-4] [INFO] [1790953812.824265215] [planner_server]: Plan computed: 612 poses
[controller_node-5] [WARN] [1790953812.876474871] [controller_server]: path_copy succeeded.
[controller_node-5] [INFO] [1790953812.876781976] [controller_server]: Computed velocity commands: linear.x=-0.18, linear.y=0.68, angular.z=0.00
[planner_server-4] [INFO] [1790953812.951728659] [planner_server]: Planning took 17 ms
[planner_server-4] [INFO] [1790953812.952094563] [planner_server]: Plan computed: 612 poses
[planner_server-4] [INFO] [1790953813.084281751] [planner_server]: Planning took 20 ms
[planner_server-4] [INFO] [1790953813.085111629] [planner_server]: Plan computed: 612 poses
[planner_server-4] [INFO] [1790953813.212710130] [planner_server]: Planning took 18 ms
[planner_server-4] [INFO] [1790953813.213279187] [planner_server]: Plan computed: 612 poses
[planner_server-4] [INFO] [1790953813.341146113] [planner_server]: Planning took 17 ms
[planner_server-4] [INFO] [1790953813.341466645] [planner_server]: Plan computed: 612 poses
[planner_server-4] [INFO] [1790953813.462989536] [planner_server]: Planning took 19 ms
[planner_server-4] [INFO] [1790953813.463557862] [planner_server]: Plan computed: 612 poses
[planner_server-4] [INFO] [1790953813.592446926] [planner_server]: Planning took 18 ms
[planner_server-4] [INFO] [1790953813.593055935] [planner_server]: Plan computed: 612 poses
[planner_server-4] [INFO] [1790953813.721459883] [planner_server]: Planning took 17 ms
[planner_server-4] [INFO] [1790953813.722007928] [planner_server]: Plan computed: 612 poses
[planner_server-4] [INFO] [1790953813.843180657] [planner_server]: Planning took 19 ms
[planner_server-4] [INFO] [1790953813.843599248] [planner_server]: Plan computed: 612 poses
[planner_server-4] [INFO] [1790953813.973798187] [planner_server]: Planning took 17 ms
[planner_server-4] [INFO] [1790953813.974183812] [planner_server]: Plan computed: 612 poses
[planner_server-4] [INFO] [1790953814.103131474] [planner_server]: Planning took 19 ms
[planner_server-4] [INFO] [1790953814.104793575] [planner_server]: Plan computed: 612 poses
[planner_server-4] [INFO] [1790953814.233166390] [planner_server]: Planning took 17 ms
[planner_server-4] [INFO] [1790953814.233592597] [planner_server]: Plan computed: 612 poses
[planner_server-4] [INFO] [1790953814.366460104] [planner_server]: Planning took 22 ms
[planner_server-4] [INFO] [1790953814.367188214] [planner_server]: Plan computed: 612 poses
[planner_server-4] [INFO] [1790953814.492183761] [planner_server]: Planning took 18 ms
[planner_server-4] [INFO] [1790953814.492578163] [planner_server]: Plan computed: 612 poses
[planner_server-4] [INFO] [1790953814.621765885] [planner_server]: Planning took 18 ms
[planner_server-4] [INFO] [1790953814.622053250] [planner_server]: Plan computed: 612 poses
[planner_server-4] [INFO] [1790953814.753360087] [planner_server]: Planning took 18 ms
[planner_server-4] [INFO] [1790953814.753676912] [planner_server]: Plan computed: 612 poses
[controller_node-5] [WARN] [1790953814.876719837] [controller_server]: path_copy succeeded.
[controller_node-5] [INFO] [1790953814.877047905] [controller_server]: Computed velocity commands: linear.x=0.54, linear.y=0.45, angular.z=0.00
[planner_server-4] [INFO] [1790953814.883347462] [planner_server]: Planning took 18 ms
[planner_server-4] [INFO] [1790953814.883746243] [planner_server]: Plan computed: 612 poses
[planner_server-4] [INFO] [1790953815.013522969] [planner_server]: Planning took 19 ms
[planner_server-4] [INFO] [1790953815.014209506] [planner_server]: Plan computed: 612 poses
[planner_server-4] [INFO] [1790953815.140767060] [planner_server]: Planning took 17 ms
[planner_server-4] [INFO] [1790953815.141320676] [planner_server]: Plan computed: 612 poses
[planner_server-4] [INFO] [1790953815.261425149] [planner_server]: Planning took 17 ms
[planner_server-4] [INFO] [1790953815.261846776] [planner_server]: Plan computed: 612 poses
[planner_server-4] [INFO] [1790953815.383171469] [planner_server]: Planning took 19 ms
[planner_server-4] [INFO] [1790953815.383475878] [planner_server]: Plan computed: 612 poses
[planner_server-4] [INFO] [1790953815.511008163] [planner_server]: Planning took 17 ms
[planner_server-4] [INFO] [1790953815.511635228] [planner_server]: Plan computed: 612 poses
[planner_server-4] [INFO] [1790953815.630869173] [planner_server]: Planning took 17 ms
[planner_server-4] [INFO] [1790953815.631204755] [planner_server]: Plan computed: 612 poses
[planner_server-4] [INFO] [1790953815.752506963] [planner_server]: Planning took 18 ms
[planner_server-4] [INFO] [1790953815.753163619] [planner_server]: Plan computed: 612 poses
[planner_server-4] [INFO] [1790953815.881868590] [planner_server]: Planning took 17 ms
[planner_server-4] [INFO] [1790953815.882859516] [planner_server]: Plan computed: 612 poses
[planner_server-4] [INFO] [1790953816.013187935] [planner_server]: Planning took 17 ms
[planner_server-4] [INFO] [1790953816.013520201] [planner_server]: Plan computed: 612 poses
[planner_server-4] [INFO] [1790953816.141373401] [planner_server]: Planning took 17 ms
[planner_server-4] [INFO] [1790953816.141672759] [planner_server]: Plan computed: 612 poses
[planner_server-4] [INFO] [1790953816.261671300] [planner_server]: Planning took 16 ms
[planner_server-4] [INFO] [1790953816.262160004] [planner_server]: Plan computed: 612 poses
[planner_server-4] [INFO] [1790953816.392787375] [planner_server]: Planning took 18 ms
[planner_server-4] [INFO] [1790953816.394156458] [planner_server]: Plan computed: 612 poses
[planner_server-4] [INFO] [1790953816.521915197] [planner_server]: Planning took 18 ms
[planner_server-4] [INFO] [1790953816.522295220] [planner_server]: Plan computed: 612 poses
[planner_server-4] [INFO] [1790953816.650832783] [planner_server]: Planning took 17 ms
[planner_server-4] [INFO] [1790953816.651406038] [planner_server]: Plan computed: 612 poses
[planner_server-4] [INFO] [1790953816.772265083] [planner_server]: Planning took 18 ms
[planner_server-4] [INFO] [1790953816.772703364] [planner_server]: Plan computed: 612 poses
[controller_node-5] [WARN] [1790953816.898562916] [controller_server]: path_copy succeeded.
[controller_node-5] [INFO] [1790953816.898960723] [controller_server]: Computed velocity commands: linear.x=0.63, linear.y=-0.32, angular.z=0.00
[planner_server-4] [INFO] [1790953816.904727911] [planner_server]: Planning took 20 ms
[planner_server-4] [INFO] [1790953816.905259312] [planner_server]: Plan computed: 612 poses
[planner_server-4] [INFO] [1790953817.033404123] [planner_server]: Planning took 19 ms
[planner_server-4] [INFO] [1790953817.033927217] [planner_server]: Plan computed: 612 poses
[planner_server-4] [INFO] [1790953817.163322326] [planner_server]: Planning took 19 ms
[planner_server-4] [INFO] [1790953817.165849342] [planner_server]: Plan computed: 612 poses
[planner_server-4] [INFO] [1790953817.291659957] [planner_server]: Planning took 18 ms
[planner_server-4] [INFO] [1790953817.292332384] [planner_server]: Plan computed: 612 poses
[planner_server-4] [INFO] [1790953817.422958007] [planner_server]: Planning took 19 ms
[planner_server-4] [INFO] [1790953817.423801392] [planner_server]: Plan computed: 612 poses
[planner_server-4] [INFO] [1790953817.554318664] [planner_server]: Planning took 19 ms
[planner_server-4] [INFO] [1790953817.554955178] [planner_server]: Plan computed: 612 poses
[planner_server-4] [INFO] [1790953817.681693930] [planner_server]: Planning took 18 ms
[planner_server-4] [INFO] [1790953817.682035294] [planner_server]: Plan computed: 612 poses
[planner_server-4] [INFO] [1790953817.812519534] [planner_server]: Planning took 18 ms
[planner_server-4] [INFO] [1790953817.813884258] [planner_server]: Plan computed: 612 poses
[planner_server-4] [INFO] [1790953817.944549291] [planner_server]: Planning took 19 ms
[planner_server-4] [INFO] [1790953817.945371142] [planner_server]: Plan computed: 612 poses
[planner_server-4] [INFO] [1790953818.071085409] [planner_server]: Planning took 17 ms
[planner_server-4] [INFO] [1790953818.071863451] [planner_server]: Plan computed: 612 poses
[planner_server-4] [INFO] [1790953818.204396576] [planner_server]: Planning took 17 ms
[planner_server-4] [INFO] [1790953818.204857062] [planner_server]: Plan computed: 612 poses
[planner_server-4] [INFO] [1790953818.331782920] [planner_server]: Planning took 18 ms
[planner_server-4] [INFO] [1790953818.332332247] [planner_server]: Plan computed: 612 poses
[planner_server-4] [INFO] [1790953818.461860335] [planner_server]: Planning took 17 ms
[planner_server-4] [INFO] [1790953818.462232030] [planner_server]: Plan computed: 612 poses
[planner_server-4] [INFO] [1790953818.582042165] [planner_server]: Planning took 17 ms
[planner_server-4] [INFO] [1790953818.582553314] [planner_server]: Plan computed: 612 poses
[planner_server-4] [INFO] [1790953818.712921449] [planner_server]: Planning took 18 ms
[planner_server-4] [INFO] [1790953818.713336112] [planner_server]: Plan computed: 612 poses
[planner_server-4] [INFO] [1790953818.843062763] [planner_server]: Planning took 19 ms
[planner_server-4] [INFO] [1790953818.843321810] [planner_server]: Plan computed: 612 poses
[controller_node-5] [WARN] [1790953818.916995775] [controller_server]: path_copy succeeded.
[controller_node-5] [INFO] [1790953818.917239931] [controller_server]: Computed velocity commands: linear.x=-0.07, linear.y=-0.70, angular.z=0.00
[planner_server-4] [INFO] [1790953818.972236912] [planner_server]: Planning took 18 ms
[planner_server-4] [INFO] [1790953818.972530028] [planner_server]: Plan computed: 612 poses
[planner_server-4] [INFO] [1790953819.103434502] [planner_server]: Planning took 19 ms
[planner_server-4] [INFO] [1790953819.103694680] [planner_server]: Plan computed: 612 poses
[planner_server-4] [INFO] [1790953819.232186945] [planner_server]: Planning took 18 ms
[planner_server-4] [INFO] [1790953819.232571787] [planner_server]: Plan computed: 612 poses
[planner_server-4] [INFO] [1790953819.362568739] [planner_server]: Planning took 17 ms
[planner_server-4] [INFO] [1790953819.363098355] [planner_server]: Plan computed: 612 poses
[planner_server-4] [INFO] [1790953819.490620077] [planner_server]: Planning took 16 ms
[planner_server-4] [INFO] [1790953819.491172269] [planner_server]: Plan computed: 612 poses
[planner_server-4] [INFO] [1790953819.624385573] [planner_server]: Planning took 19 ms
[planner_server-4] [INFO] [1790953819.625387048] [planner_server]: Plan computed: 612 poses
[planner_server-4] [INFO] [1790953819.752774061] [planner_server]: Planning took 19 ms
[planner_server-4] [INFO] [1790953819.753714543] [planner_server]: Plan computed: 612 poses
[planner_server-4] [INFO] [1790953819.881215792] [planner_server]: Planning took 17 ms
[planner_server-4] [INFO] [1790953819.881646167] [planner_server]: Plan computed: 612 poses
[planner_server-4] [INFO] [1790953820.003077209] [planner_server]: Planning took 17 ms
[planner_server-4] [INFO] [1790953820.003859879] [planner_server]: Plan computed: 612 poses
[planner_server-4] [INFO] [1790953820.132946732] [planner_server]: Planning took 18 ms
[planner_server-4] [INFO] [1790953820.133359551] [planner_server]: Plan computed: 612 poses
[planner_server-4] [INFO] [1790953820.264780997] [planner_server]: Planning took 19 ms
[planner_server-4] [INFO] [1790953820.265467623] [planner_server]: Plan computed: 612 poses
[planner_server-4] [INFO] [1790953820.396056548] [planner_server]: Planning took 20 ms
[planner_server-4] [INFO] [1790953820.397571085] [planner_server]: Plan computed: 612 poses
[planner_server-4] [INFO] [1790953820.522203517] [planner_server]: Planning took 18 ms
[planner_server-4] [INFO] [1790953820.522597066] [planner_server]: Plan computed: 612 poses
[planner_server-4] [INFO] [1790953820.652581383] [planner_server]: Planning took 17 ms
[planner_server-4] [INFO] [1790953820.653363843] [planner_server]: Plan computed: 612 poses
[planner_server-4] [INFO] [1790953820.781870637] [planner_server]: Planning took 17 ms
[planner_server-4] [INFO] [1790953820.782397578] [planner_server]: Plan computed: 612 poses
[planner_server-4] [INFO] [1790953820.912415363] [planner_server]: Planning took 18 ms
[planner_server-4] [INFO] [1790953820.912781367] [planner_server]: Plan computed: 612 poses
[controller_node-5] [WARN] [1790953820.917230157] [controller_server]: path_copy succeeded.
[controller_node-5] [INFO] [1790953820.917443640] [controller_server]: Computed velocity commands: linear.x=-0.68, linear.y=-0.19, angular.z=0.00
[planner_server-4] [INFO] [1790953821.040932517] [planner_server]: Planning took 17 ms
[planner_server-4] [INFO] [1790953821.041280584] [planner_server]: Plan computed: 612 poses
[planner_server-4] [INFO] [1790953821.170637006] [planner_server]: Planning took 16 ms
[planner_server-4] [INFO] [1790953821.171032860] [planner_server]: Plan computed: 612 poses
[planner_server-4] [INFO] [1790953821.291737810] [planner_server]: Planning took 18 ms
[planner_server-4] [INFO] [1790953821.292137642] [planner_server]: Plan computed: 612 poses
[planner_server-4] [INFO] [1790953821.415034114] [planner_server]: Planning took 18 ms
[planner_server-4] [INFO] [1790953821.415366630] [planner_server]: Plan computed: 612 poses
[planner_server-4] [INFO] [1790953821.542001632] [planner_server]: Planning took 18 ms
[planner_server-4] [INFO] [1790953821.542282242] [planner_server]: Plan computed: 612 poses
[planner_server-4] [INFO] [1790953821.672014929] [planner_server]: Planning took 17 ms
[planner_server-4] [INFO] [1790953821.672418318] [planner_server]: Plan computed: 612 poses
[planner_server-4] [INFO] [1790953821.802468550] [planner_server]: Planning took 18 ms
[planner_server-4] [INFO] [1790953821.802995110] [planner_server]: Plan computed: 612 poses
[planner_server-4] [INFO] [1790953821.931034536] [planner_server]: Planning took 17 ms
[planner_server-4] [INFO] [1790953821.931264192] [planner_server]: Plan computed: 612 poses
[planner_server-4] [INFO] [1790953822.060750900] [planner_server]: Planning took 17 ms
[planner_server-4] [INFO] [1790953822.061317391] [planner_server]: Plan computed: 612 poses
[planner_server-4] [INFO] [1790953822.180801399] [planner_server]: Planning took 16 ms
[planner_server-4] [INFO] [1790953822.181136440] [planner_server]: Plan computed: 612 poses
[planner_server-4] [INFO] [1790953822.302400432] [planner_server]: Planning took 17 ms
[planner_server-4] [INFO] [1790953822.302737166] [planner_server]: Plan computed: 612 poses
[planner_server-4] [INFO] [1790953822.432411146] [planner_server]: Planning took 18 ms
[planner_server-4] [INFO] [1790953822.432836470] [planner_server]: Plan computed: 612 poses
[planner_server-4] [INFO] [1790953822.560128670] [planner_server]: Planning took 16 ms
[planner_server-4] [INFO] [1790953822.560455003] [planner_server]: Plan computed: 612 poses
[planner_server-4] [INFO] [1790953822.682030539] [planner_server]: Planning took 18 ms
[planner_server-4] [INFO] [1790953822.682399369] [planner_server]: Plan computed: 612 poses
[planner_server-4] [INFO] [1790953822.812758188] [planner_server]: Planning took 18 ms
[planner_server-4] [INFO] [1790953822.813231810] [planner_server]: Plan computed: 612 poses
[controller_node-5] [WARN] [1790953822.918374741] [controller_server]: path_copy succeeded.
[controller_node-5] [INFO] [1790953822.918657666] [controller_server]: Computed velocity commands: linear.x=-0.40, linear.y=0.58, angular.z=0.00
[planner_server-4] [INFO] [1790953822.940984776] [planner_server]: Planning took 17 ms
[planner_server-4] [INFO] [1790953822.941374537] [planner_server]: Plan computed: 612 poses
[planner_server-4] [INFO] [1790953823.062032462] [planner_server]: Planning took 17 ms
[planner_server-4] [INFO] [1790953823.062335467] [planner_server]: Plan computed: 612 poses
[planner_server-4] [INFO] [1790953823.191182777] [planner_server]: Planning took 17 ms
[planner_server-4] [INFO] [1790953823.191613532] [planner_server]: Plan computed: 612 poses
[planner_server-4] [INFO] [1790953823.323726494] [planner_server]: Planning took 17 ms
[planner_server-4] [INFO] [1790953823.324277454] [planner_server]: Plan computed: 612 poses
[planner_server-4] [INFO] [1790953823.451713137] [planner_server]: Planning took 18 ms
[planner_server-4] [INFO] [1790953823.452233554] [planner_server]: Plan computed: 612 poses
[planner_server-4] [INFO] [1790953823.582996542] [planner_server]: Planning took 19 ms
[planner_server-4] [INFO] [1790953823.583754854] [planner_server]: Plan computed: 612 poses
[planner_server-4] [INFO] [1790953823.713127252] [planner_server]: Planning took 18 ms
[planner_server-4] [INFO] [1790953823.713734986] [planner_server]: Plan computed: 612 poses
[planner_server-4] [INFO] [1790953823.841194167] [planner_server]: Planning took 17 ms
[planner_server-4] [INFO] [1790953823.841594720] [planner_server]: Plan computed: 612 poses
[planner_server-4] [INFO] [1790953823.961202243] [planner_server]: Planning took 17 ms
[planner_server-4] [INFO] [1790953823.961537584] [planner_server]: Plan computed: 612 poses
[planner_server-4] [INFO] [1790953824.081121075] [planner_server]: Planning took 17 ms
[planner_server-4] [INFO] [1790953824.081530326] [planner_server]: Plan computed: 612 poses
[planner_server-4] [INFO] [1790953824.204171595] [planner_server]: Planning took 17 ms
[planner_server-4] [INFO] [1790953824.204546947] [planner_server]: Plan computed: 612 poses
[planner_server-4] [INFO] [1790953824.335706873] [planner_server]: Planning took 21 ms
[planner_server-4] [INFO] [1790953824.336160524] [planner_server]: Plan computed: 612 poses
[planner_server-4] [INFO] [1790953824.463111908] [planner_server]: Planning took 18 ms
[planner_server-4] [INFO] [1790953824.463611392] [planner_server]: Plan computed: 612 poses
[planner_server-4] [INFO] [1790953824.591269719] [planner_server]: Planning took 17 ms
[planner_server-4] [INFO] [1790953824.591599719] [planner_server]: Plan computed: 612 poses
[planner_server-4] [INFO] [1790953824.711633422] [planner_server]: Planning took 17 ms
[planner_server-4] [INFO] [1790953824.712003353] [planner_server]: Plan computed: 612 poses
[planner_server-4] [INFO] [1790953824.842179113] [planner_server]: Planning took 18 ms
[planner_server-4] [INFO] [1790953824.842535547] [planner_server]: Plan computed: 612 poses
[controller_node-5] [WARN] [1790953824.938222574] [controller_server]: path_copy succeeded.
[controller_node-5] [INFO] [1790953824.938573928] [controller_server]: Computed velocity commands: linear.x=0.33, linear.y=0.62, angular.z=0.00
[planner_server-4] [INFO] [1790953824.971447469] [planner_server]: Planning took 17 ms
[planner_server-4] [INFO] [1790953824.971751346] [planner_server]: Plan computed: 612 poses
[planner_server-4] [INFO] [1790953825.103121581] [planner_server]: Planning took 19 ms
[planner_server-4] [INFO] [1790953825.103618430] [planner_server]: Plan computed: 612 poses
[planner_server-4] [INFO] [1790953825.231778021] [planner_server]: Planning took 18 ms
[planner_server-4] [INFO] [1790953825.232454024] [planner_server]: Plan computed: 612 poses
[planner_server-4] [INFO] [1790953825.363844494] [planner_server]: Planning took 18 ms
[planner_server-4] [INFO] [1790953825.364219966] [planner_server]: Plan computed: 612 poses
[planner_server-4] [INFO] [1790953825.491294141] [planner_server]: Planning took 17 ms
[planner_server-4] [INFO] [1790953825.492036719] [planner_server]: Plan computed: 612 poses
[planner_server-4] [INFO] [1790953825.611612086] [planner_server]: Planning took 16 ms
[planner_server-4] [INFO] [1790953825.611956144] [planner_server]: Plan computed: 612 poses
[planner_server-4] [INFO] [1790953825.731335073] [planner_server]: Planning took 17 ms
[planner_server-4] [INFO] [1790953825.731717659] [planner_server]: Plan computed: 612 poses
[planner_server-4] [INFO] [1790953825.852216521] [planner_server]: Planning took 18 ms
[planner_server-4] [INFO] [1790953825.852614318] [planner_server]: Plan computed: 612 poses
[planner_server-4] [INFO] [1790953825.980520110] [planner_server]: Planning took 17 ms
[planner_server-4] [INFO] [1790953825.980973430] [planner_server]: Plan computed: 612 poses
[planner_server-4] [INFO] [1790953826.112459077] [planner_server]: Planning took 18 ms
[planner_server-4] [INFO] [1790953826.113046980] [planner_server]: Plan computed: 612 poses
[planner_server-4] [INFO] [1790953826.242508352] [planner_server]: Planning took 17 ms
[planner_server-4] [INFO] [1790953826.243203142] [planner_server]: Plan computed: 612 poses
[planner_server-4] [INFO] [1790953826.371302058] [planner_server]: Planning took 17 ms
[planner_server-4] [INFO] [1790953826.371667229] [planner_server]: Plan computed: 612 poses
[planner_server-4] [INFO] [1790953826.503636602] [planner_server]: Planning took 19 ms
[planner_server-4] [INFO] [1790953826.506391756] [planner_server]: Plan computed: 612 poses
[planner_server-4] [INFO] [1790953826.630639492] [planner_server]: Planning took 17 ms
[planner_server-4] [INFO] [1790953826.631231704] [planner_server]: Plan computed: 612 poses
[planner_server-4] [INFO] [1790953826.751582159] [planner_server]: Planning took 17 ms
[planner_server-4] [INFO] [1790953826.751876026] [planner_server]: Plan computed: 612 poses
[planner_server-4] [INFO] [1790953826.881331214] [planner_server]: Planning took 18 ms
[planner_server-4] [INFO] [1790953826.881866541] [planner_server]: Plan computed: 612 poses
[controller_node-5] [WARN] [1790953826.938831190] [controller_server]: path_copy succeeded.
[controller_node-5] [INFO] [1790953826.939035815] [controller_server]: Computed velocity commands: linear.x=0.70, linear.y=-0.11, angular.z=0.00
[planner_server-4] [INFO] [1790953827.002530742] [planner_server]: Planning took 18 ms
[planner_server-4] [INFO] [1790953827.002852675] [planner_server]: Plan computed: 612 poses
[planner_server-4] [INFO] [1790953827.121813594] [planner_server]: Planning took 17 ms
[planner_server-4] [INFO] [1790953827.122223165] [planner_server]: Plan computed: 612 poses
[planner_server-4] [INFO] [1790953827.241403739] [planner_server]: Planning took 16 ms
[planner_server-4] [INFO] [1790953827.241774211] [planner_server]: Plan computed: 612 poses
[planner_server-4] [INFO] [1790953827.362592088] [planner_server]: Planning took 18 ms
[planner_server-4] [INFO] [1790953827.363011890] [planner_server]: Plan computed: 612 poses
[planner_server-4] [INFO] [1790953827.490317458] [planner_server]: Planning took 16 ms
[planner_server-4] [INFO] [1790953827.490880110] [planner_server]: Plan computed: 612 poses
[planner_server-4] [INFO] [1790953827.614413720] [planner_server]: Planning took 20 ms
[planner_server-4] [INFO] [1790953827.614742377] [planner_server]: Plan computed: 612 poses
[planner_server-4] [INFO] [1790953827.741611678] [planner_server]: Planning took 17 ms
[planner_server-4] [INFO] [1790953827.742038715] [planner_server]: Plan computed: 612 poses
[planner_server-4] [INFO] [1790953827.874340703] [planner_server]: Planning took 20 ms
[planner_server-4] [INFO] [1790953827.874760135] [planner_server]: Plan computed: 612 poses
[planner_server-4] [INFO] [1790953828.001805688] [planner_server]: Planning took 17 ms
[planner_server-4] [INFO] [1790953828.002410926] [planner_server]: Plan computed: 612 poses
[planner_server-4] [INFO] [1790953828.131127936] [planner_server]: Planning took 17 ms
[planner_server-4] [INFO] [1790953828.131519070] [planner_server]: Plan computed: 612 poses
[planner_server-4] [INFO] [1790953828.260970854] [planner_server]: Planning took 17 ms
[planner_server-4] [INFO] [1790953828.261339292] [planner_server]: Plan computed: 612 poses
[planner_server-4] [INFO] [1790953828.392341098] [planner_server]: Planning took 17 ms
[planner_server-4] [INFO] [1790953828.392968145] [planner_server]: Plan computed: 612 poses
[planner_server-4] [INFO] [1790953828.520960849] [planner_server]: Planning took 17 ms
[planner_server-4] [INFO] [1790953828.521510505] [planner_server]: Plan computed: 612 poses
[planner_server-4] [INFO] [1790953828.641582162] [planner_server]: Planning took 17 ms
[planner_server-4] [INFO] [1790953828.642262934] [planner_server]: Plan computed: 612 poses
[planner_server-4] [INFO] [1790953828.772334366] [planner_server]: Planning took 17 ms
[planner_server-4] [INFO] [1790953828.772839060] [planner_server]: Plan computed: 612 poses
[planner_server-4] [INFO] [1790953828.901649905] [planner_server]: Planning took 17 ms
[planner_server-4] [INFO] [1790953828.902381910] [planner_server]: Plan computed: 612 poses
[controller_node-5] [WARN] [1790953828.939367265] [controller_server]: path_copy succeeded.
[controller_node-5] [INFO] [1790953828.939721675] [controller_server]: Computed velocity commands: linear.x=0.13, linear.y=-0.69, angular.z=0.00
[planner_server-4] [INFO] [1790953829.032350275] [planner_server]: Planning took 17 ms
[planner_server-4] [INFO] [1790953829.032820950] [planner_server]: Plan computed: 612 poses
[planner_server-4] [INFO] [1790953829.163382007] [planner_server]: Planning took 19 ms
[planner_server-4] [INFO] [1790953829.163774012] [planner_server]: Plan computed: 612 poses
[planner_server-4] [INFO] [1790953829.291348640] [planner_server]: Planning took 17 ms
[planner_server-4] [INFO] [1790953829.292050314] [planner_server]: Plan computed: 612 poses
[planner_server-4] [INFO] [1790953829.425606519] [planner_server]: Planning took 20 ms
[planner_server-4] [INFO] [1790953829.425995779] [planner_server]: Plan computed: 612 poses
[planner_server-4] [INFO] [1790953829.552478641] [planner_server]: Planning took 18 ms
[planner_server-4] [INFO] [1790953829.553206508] [planner_server]: Plan computed: 612 poses
[planner_server-4] [INFO] [1790953829.682851948] [planner_server]: Planning took 17 ms
[planner_server-4] [INFO] [1790953829.683443699] [planner_server]: Plan computed: 612 poses
[planner_server-4] [INFO] [1790953829.812030761] [planner_server]: Planning took 18 ms
[planner_server-4] [INFO] [1790953829.812615718] [planner_server]: Plan computed: 612 poses
[planner_server-4] [INFO] [1790953829.941969286] [planner_server]: Planning took 18 ms
[planner_server-4] [INFO] [1790953829.942502438] [planner_server]: Plan computed: 612 poses
[planner_server-4] [INFO] [1790953830.072947048] [planner_server]: Planning took 19 ms
[planner_server-4] [INFO] [1790953830.073510110] [planner_server]: Plan computed: 612 poses
[planner_server-4] [INFO] [1790953830.203689274] [planner_server]: Planning took 19 ms
[planner_server-4] [INFO] [1790953830.204363402] [planner_server]: Plan computed: 612 poses
[planner_server-4] [INFO] [1790953830.331038376] [planner_server]: Planning took 16 ms
[planner_server-4] [INFO] [1790953830.331457386] [planner_server]: Plan computed: 612 poses
[planner_server-4] [INFO] [1790953830.452536897] [planner_server]: Planning took 17 ms
[planner_server-4] [INFO] [1790953830.452881346] [planner_server]: Plan computed: 612 poses
[planner_server-4] [INFO] [1790953830.587039233] [planner_server]: Planning took 21 ms
[planner_server-4] [INFO] [1790953830.587569138] [planner_server]: Plan computed: 612 poses
[planner_server-4] [INFO] [1790953830.714231968] [planner_server]: Planning took 20 ms
[planner_server-4] [INFO] [1790953830.714572910] [planner_server]: Plan computed: 612 poses
[planner_server-4] [INFO] [1790953830.841151228] [planner_server]: Planning took 17 ms
[planner_server-4] [INFO] [1790953830.841563935] [planner_server]: Plan computed: 612 poses
[controller_node-5] [WARN] [1790953830.959822152] [controller_server]: path_copy succeeded.
[controller_node-5] [INFO] [1790953830.960071869] [controller_server]: Computed velocity commands: linear.x=-0.57, linear.y=-0.41, angular.z=0.00
[planner_server-4] [INFO] [1790953830.971720494] [planner_server]: Planning took 17 ms
[planner_server-4] [INFO] [1790953830.972170226] [planner_server]: Plan computed: 612 poses
[planner_server-4] [INFO] [1790953831.102326855] [planner_server]: Planning took 17 ms
[planner_server-4] [INFO] [1790953831.102722087] [planner_server]: Plan computed: 612 poses
[planner_server-4] [INFO] [1790953831.230396751] [planner_server]: Planning took 16 ms
[planner_server-4] [INFO] [1790953831.231708883] [planner_server]: Plan computed: 612 poses
[planner_server-4] [INFO] [1790953831.353271208] [planner_server]: Planning took 18 ms
[planner_server-4] [INFO] [1790953831.353808057] [planner_server]: Plan computed: 612 poses
[planner_server-4] [INFO] [1790953831.481429434] [planner_server]: Planning took 17 ms
[planner_server-4] [INFO] [1790953831.481785847] [planner_server]: Plan computed: 612 poses
[planner_server-4] [INFO] [1790953831.602171035] [planner_server]: Planning took 17 ms
[planner_server-4] [INFO] [1790953831.602692372] [planner_server]: Plan computed: 612 poses
[planner_server-4] [INFO] [1790953831.731804077] [planner_server]: Planning took 18 ms
[planner_server-4] [INFO] [1790953831.732330886] [planner_server]: Plan computed: 612 poses
[planner_server-4] [INFO] [1790953831.862764503] [planner_server]: Planning took 17 ms
[planner_server-4] [INFO] [1790953831.863235098] [planner_server]: Plan computed: 612 poses
[planner_server-4] [INFO] [1790953831.984823956] [planner_server]: Planning took 17 ms
[planner_server-4] [INFO] [1790953831.985245582] [planner_server]: Plan computed: 612 poses
[planner_server-4] [INFO] [1790953832.111381171] [planner_server]: Planning took 17 ms
[planner_server-4] [INFO] [1790953832.111756403] [planner_server]: Plan computed: 612 poses
[planner_server-4] [INFO] [1790953832.231144251] [planner_server]: Planning took 17 ms
[planner_server-4] [INFO] [1790953832.232093797] [planner_server]: Plan computed: 612 poses
[planner_server-4] [INFO] [1790953832.351997076] [planner_server]: Planning took 18 ms
[planner_server-4] [INFO] [1790953832.352625230] [planner_server]: Plan computed: 612 poses
[planner_server-4] [INFO] [1790953832.481206641] [planner_server]: Planning took 17 ms
[planner_server-4] [INFO] [1790953832.481513764] [planner_server]: Plan computed: 612 poses
[planner_server-4] [INFO] [1790953832.602806717] [planner_server]: Planning took 18 ms
[planner_server-4] [INFO] [1790953832.603444360] [planner_server]: Plan computed: 612 poses
[planner_server-4] [INFO] [1790953832.737851033] [planner_server]: Planning took 24 ms
[planner_server-4] [INFO] [1790953832.738367871] [planner_server]: Plan computed: 612 poses
[planner_server-4] [INFO] [1790953832.862200204] [planner_server]: Planning took 18 ms
[planner_server-4] [INFO] [1790953832.862801755] [planner_server]: Plan computed: 612 poses
[controller_node-5] [WARN] [1790953832.979191411] [controller_server]: path_copy succeeded.
[controller_node-5] [INFO] [1790953832.979414103] [controller_server]: Computed velocity commands: linear.x=-0.56, linear.y=0.42, angular.z=0.00
[planner_server-4] [INFO] [1790953832.992693058] [planner_server]: Planning took 17 ms
[planner_server-4] [INFO] [1790953832.993163372] [planner_server]: Plan computed: 612 poses
[planner_server-4] [INFO] [1790953833.122190497] [planner_server]: Planning took 18 ms
[planner_server-4] [INFO] [1790953833.122800695] [planner_server]: Plan computed: 612 poses
[planner_server-4] [INFO] [1790953833.251325499] [planner_server]: Planning took 16 ms
[planner_server-4] [INFO] [1790953833.251670940] [planner_server]: Plan computed: 612 poses
[planner_server-4] [INFO] [1790953833.372562122] [planner_server]: Planning took 16 ms
[planner_server-4] [INFO] [1790953833.372967935] [planner_server]: Plan computed: 612 poses
[planner_server-4] [INFO] [1790953833.502150663] [planner_server]: Planning took 18 ms
[planner_server-4] [INFO] [1790953833.502532457] [planner_server]: Plan computed: 612 poses
[planner_server-4] [INFO] [1790953833.632272736] [planner_server]: Planning took 18 ms
[planner_server-4] [INFO] [1790953833.633063219] [planner_server]: Plan computed: 612 poses
[planner_server-4] [INFO] [1790953833.764300675] [planner_server]: Planning took 18 ms
[planner_server-4] [INFO] [1790953833.764747421] [planner_server]: Plan computed: 612 poses
[planner_server-4] [INFO] [1790953833.891886414] [planner_server]: Planning took 18 ms
[planner_server-4] [INFO] [1790953833.892305093] [planner_server]: Plan computed: 612 poses
[planner_server-4] [INFO] [1790953834.020728025] [planner_server]: Planning took 17 ms
[planner_server-4] [INFO] [1790953834.021239712] [planner_server]: Plan computed: 612 poses
[planner_server-4] [INFO] [1790953834.142249169] [planner_server]: Planning took 16 ms
[planner_server-4] [INFO] [1790953834.142783372] [planner_server]: Plan computed: 612 poses
[planner_server-4] [INFO] [1790953834.272057879] [planner_server]: Planning took 18 ms
[planner_server-4] [INFO] [1790953834.272683597] [planner_server]: Plan computed: 612 poses
[planner_server-4] [INFO] [1790953834.402172669] [planner_server]: Planning took 18 ms
[planner_server-4] [INFO] [1790953834.402763627] [planner_server]: Plan computed: 612 poses
[planner_server-4] [INFO] [1790953834.530931420] [planner_server]: Planning took 17 ms
[planner_server-4] [INFO] [1790953834.531336171] [planner_server]: Plan computed: 612 poses
[planner_server-4] [INFO] [1790953834.653274616] [planner_server]: Planning took 18 ms
[planner_server-4] [INFO] [1790953834.653582470] [planner_server]: Plan computed: 612 poses
[planner_server-4] [INFO] [1790953834.781411120] [planner_server]: Planning took 17 ms
[planner_server-4] [INFO] [1790953834.781897436] [planner_server]: Plan computed: 612 poses
[planner_server-4] [INFO] [1790953834.901024284] [planner_server]: Planning took 17 ms
[planner_server-4] [INFO] [1790953834.901551483] [planner_server]: Plan computed: 612 poses
[controller_node-5] [WARN] [1790953834.979292729] [controller_server]: path_copy succeeded.
[controller_node-5] [INFO] [1790953834.979596425] [controller_server]: Computed velocity commands: linear.x=0.17, linear.y=0.69, angular.z=0.00
[planner_server-4] [INFO] [1790953835.023003111] [planner_server]: Planning took 17 ms
[planner_server-4] [INFO] [1790953835.023526442] [planner_server]: Plan computed: 612 poses
[planner_server-4] [INFO] [1790953835.152304544] [planner_server]: Planning took 18 ms
[planner_server-4] [INFO] [1790953835.152572166] [planner_server]: Plan computed: 612 poses
[planner_server-4] [INFO] [1790953835.281281740] [planner_server]: Planning took 17 ms
[planner_server-4] [INFO] [1790953835.281487627] [planner_server]: Plan computed: 612 poses
[planner_server-4] [INFO] [1790953835.400914679] [planner_server]: Planning took 17 ms
[planner_server-4] [INFO] [1790953835.401354110] [planner_server]: Plan computed: 612 poses
[planner_server-4] [INFO] [1790953835.526813704] [planner_server]: Planning took 19 ms
[planner_server-4] [INFO] [1790953835.527249117] [planner_server]: Plan computed: 612 poses
[planner_server-4] [INFO] [1790953835.651515842] [planner_server]: Planning took 17 ms
[planner_server-4] [INFO] [1790953835.652077862] [planner_server]: Plan computed: 612 poses
[planner_server-4] [INFO] [1790953835.781733643] [planner_server]: Planning took 17 ms
[planner_server-4] [INFO] [1790953835.782060235] [planner_server]: Plan computed: 612 poses
[planner_server-4] [INFO] [1790953835.915744565] [planner_server]: Planning took 20 ms
[planner_server-4] [INFO] [1790953835.916203836] [planner_server]: Plan computed: 612 poses
[planner_server-4] [INFO] [1790953836.041419373] [planner_server]: Planning took 17 ms
[planner_server-4] [INFO] [1790953836.042119864] [planner_server]: Plan computed: 612 poses
[planner_server-4] [INFO] [1790953836.169944736] [planner_server]: Planning took 16 ms
[planner_server-4] [INFO] [1790953836.170463307] [planner_server]: Plan computed: 612 poses
[planner_server-4] [INFO] [1790953836.300729198] [planner_server]: Planning took 17 ms
[planner_server-4] [INFO] [1790953836.301399837] [planner_server]: Plan computed: 612 poses
[planner_server-4] [INFO] [1790953836.421034035] [planner_server]: Planning took 17 ms
[planner_server-4] [INFO] [1790953836.421562697] [planner_server]: Plan computed: 612 poses
[planner_server-4] [INFO] [1790953836.541349373] [planner_server]: Planning took 17 ms
[planner_server-4] [INFO] [1790953836.541720596] [planner_server]: Plan computed: 612 poses
[planner_server-4] [INFO] [1790953836.671401200] [planner_server]: Planning took 17 ms
[planner_server-4] [INFO] [1790953836.671861633] [planner_server]: Plan computed: 612 poses
[planner_server-4] [INFO] [1790953836.792333670] [planner_server]: Planning took 18 ms
[planner_server-4] [INFO] [1790953836.792674351] [planner_server]: Plan computed: 612 poses
[planner_server-4] [INFO] [1790953836.924245217] [planner_server]: Planning took 20 ms
[planner_server-4] [INFO] [1790953836.924556829] [planner_server]: Plan computed: 612 poses
[controller_node-5] [WARN] [1790953836.979657351] [controller_server]: path_copy succeeded.
[controller_node-5] [INFO] [1790953836.979855062] [controller_server]: Computed velocity commands: linear.x=0.70, linear.y=-0.05, angular.z=0.00
[planner_server-4] [INFO] [1790953837.051797509] [planner_server]: Planning took 17 ms
[planner_server-4] [INFO] [1790953837.052395802] [planner_server]: Plan computed: 612 poses
[planner_server-4] [INFO] [1790953837.172519319] [planner_server]: Planning took 17 ms
[planner_server-4] [INFO] [1790953837.172855710] [planner_server]: Plan computed: 612 poses
[planner_server-4] [INFO] [1790953837.306656333] [planner_server]: Planning took 22 ms
[planner_server-4] [INFO] [1790953837.307093809] [planner_server]: Plan computed: 612 poses
[planner_server-4] [INFO] [1790953837.434361207] [planner_server]: Planning took 20 ms
[planner_server-4] [INFO] [1790953837.434991665] [planner_server]: Plan computed: 612 poses
[planner_server-4] [INFO] [1790953837.562821361] [planner_server]: Planning took 18 ms
[planner_server-4] [INFO] [1790953837.563242535] [planner_server]: Plan computed: 612 poses
[planner_server-4] [INFO] [1790953837.691972084] [planner_server]: Planning took 17 ms
[planner_server-4] [INFO] [1790953837.692437196] [planner_server]: Plan computed: 612 poses
[planner_server-4] [INFO] [1790953837.821001821] [planner_server]: Planning took 17 ms
[planner_server-4] [INFO] [1790953837.821482425] [planner_server]: Plan computed: 612 poses
[planner_server-4] [INFO] [1790953837.942806854] [planner_server]: Planning took 18 ms
[planner_server-4] [INFO] [1790953837.943199640] [planner_server]: Plan computed: 612 poses
[planner_server-4] [INFO] [1790953838.074004484] [planner_server]: Planning took 19 ms
[planner_server-4] [INFO] [1790953838.074616324] [planner_server]: Plan computed: 612 poses
[planner_server-4] [INFO] [1790953838.203038382] [planner_server]: Planning took 17 ms
[planner_server-4] [INFO] [1790953838.203381648] [planner_server]: Plan computed: 612 poses
[planner_server-4] [INFO] [1790953838.331471903] [planner_server]: Planning took 17 ms
[planner_server-4] [INFO] [1790953838.332001577] [planner_server]: Plan computed: 612 poses
[planner_server-4] [INFO] [1790953838.462657111] [planner_server]: Planning took 17 ms
[planner_server-4] [INFO] [1790953838.463162595] [planner_server]: Plan computed: 612 poses
[planner_server-4] [INFO] [1790953838.593473341] [planner_server]: Planning took 19 ms
[planner_server-4] [INFO] [1790953838.593812949] [planner_server]: Plan computed: 612 poses
[planner_server-4] [INFO] [1790953838.722348106] [planner_server]: Planning took 18 ms
[planner_server-4] [INFO] [1790953838.722730491] [planner_server]: Plan computed: 612 poses
[planner_server-4] [INFO] [1790953838.853134254] [planner_server]: Planning took 18 ms
[planner_server-4] [INFO] [1790953838.853530677] [planner_server]: Plan computed: 612 poses
[controller_node-5] [WARN] [1790953838.980277332] [controller_server]: path_copy succeeded.
[controller_node-5] [INFO] [1790953838.980622281] [controller_server]: Computed velocity commands: linear.x=0.25, linear.y=-0.66, angular.z=0.00
[planner_server-4] [INFO] [1790953838.981690125] [planner_server]: Planning took 18 ms
[planner_server-4] [INFO] [1790953838.981981295] [planner_server]: Plan computed: 612 poses
[planner_server-4] [INFO] [1790953839.111304818] [planner_server]: Planning took 17 ms
[planner_server-4] [INFO] [1790953839.112173668] [planner_server]: Plan computed: 612 poses
[planner_server-4] [INFO] [1790953839.241428046] [planner_server]: Planning took 17 ms
[planner_server-4] [INFO] [1790953839.241804338] [planner_server]: Plan computed: 612 poses
[planner_server-4] [INFO] [1790953839.363342661] [planner_server]: Planning took 19 ms
[planner_server-4] [INFO] [1790953839.363786570] [planner_server]: Plan computed: 612 poses
[planner_server-4] [INFO] [1790953839.492783515] [planner_server]: Planning took 17 ms
[planner_server-4] [INFO] [1790953839.493223727] [planner_server]: Plan computed: 612 poses
[planner_server-4] [INFO] [1790953839.622249191] [planner_server]: Planning took 18 ms
[planner_server-4] [INFO] [1790953839.622600744] [planner_server]: Plan computed: 612 poses
[planner_server-4] [INFO] [1790953839.751479500] [planner_server]: Planning took 17 ms
[planner_server-4] [INFO] [1790953839.751920504] [planner_server]: Plan computed: 612 poses
[planner_server-4] [INFO] [1790953839.882256132] [planner_server]: Planning took 17 ms
[planner_server-4] [INFO] [1790953839.882641483] [planner_server]: Plan computed: 612 poses
[planner_server-4] [INFO] [1790953840.010522755] [planner_server]: Planning took 17 ms
[planner_server-4] [INFO] [1790953840.011278697] [planner_server]: Plan computed: 612 poses
[planner_server-4] [INFO] [1790953840.131125416] [planner_server]: Planning took 17 ms
[planner_server-4] [INFO] [1790953840.131465285] [planner_server]: Plan computed: 612 poses
[planner_server-4] [INFO] [1790953840.252532647] [planner_server]: Planning took 18 ms
[planner_server-4] [INFO] [1790953840.253091589] [planner_server]: Plan computed: 612 poses
[planner_server-4] [INFO] [1790953840.382540040] [planner_server]: Planning took 18 ms
[planner_server-4] [INFO] [1790953840.383239958] [planner_server]: Plan computed: 612 poses
[planner_server-4] [INFO] [1790953840.512922067] [planner_server]: Planning took 19 ms
[planner_server-4] [INFO] [1790953840.513496801] [planner_server]: Plan computed: 612 poses
[planner_server-4] [INFO] [1790953840.642280017] [planner_server]: Planning took 17 ms
[planner_server-4] [INFO] [1790953840.642642942] [planner_server]: Plan computed: 612 poses
[planner_server-4] [INFO] [1790953840.772027360] [planner_server]: Planning took 18 ms
[planner_server-4] [INFO] [1790953840.772705404] [planner_server]: Plan computed: 612 poses
[planner_server-4] [INFO] [1790953840.902492904] [planner_server]: Planning took 18 ms
[planner_server-4] [INFO] [1790953840.903078260] [planner_server]: Plan computed: 612 poses
[controller_node-5] [WARN] [1790953840.999930785] [controller_server]: path_copy succeeded.
[controller_node-5] [INFO] [1790953841.000284692] [controller_server]: Computed velocity commands: linear.x=-0.58, linear.y=-0.40, angular.z=0.00
[planner_server-4] [INFO] [1790953841.031494938] [planner_server]: Planning took 17 ms
[planner_server-4] [INFO] [1790953841.032415403] [planner_server]: Plan computed: 612 poses
[planner_server-4] [INFO] [1790953841.160361054] [planner_server]: Planning took 17 ms
[planner_server-4] [INFO] [1790953841.160736925] [planner_server]: Plan computed: 612 poses
[planner_server-4] [INFO] [1790953841.282880142] [planner_server]: Planning took 17 ms
[planner_server-4] [INFO] [1790953841.283279000] [planner_server]: Plan computed: 612 poses
[planner_server-4] [INFO] [1790953841.410559533] [planner_server]: Planning took 16 ms
[planner_server-4] [INFO] [1790953841.410865613] [planner_server]: Plan computed: 612 poses
[planner_server-4] [INFO] [1790953841.544359639] [planner_server]: Planning took 20 ms
[planner_server-4] [INFO] [1790953841.544919118] [planner_server]: Plan computed: 612 poses
[planner_server-4] [INFO] [1790953841.672260364] [planner_server]: Planning took 17 ms
[planner_server-4] [INFO] [1790953841.672614191] [planner_server]: Plan computed: 612 poses
[planner_server-4] [INFO] [1790953841.793454739] [planner_server]: Planning took 18 ms
[planner_server-4] [INFO] [1790953841.793826892] [planner_server]: Plan computed: 612 poses
[planner_server-4] [INFO] [1790953841.923021441] [planner_server]: Planning took 18 ms
[planner_server-4] [INFO] [1790953841.923526545] [planner_server]: Plan computed: 612 poses
[planner_server-4] [INFO] [1790953842.051563339] [planner_server]: Planning took 17 ms
[planner_server-4] [INFO] [1790953842.052093242] [planner_server]: Plan computed: 612 poses
[planner_server-4] [INFO] [1790953842.181582503] [planner_server]: Planning took 18 ms
[planner_server-4] [INFO] [1790953842.181861889] [planner_server]: Plan computed: 612 poses
[planner_server-4] [INFO] [1790953842.302322742] [planner_server]: Planning took 18 ms
[planner_server-4] [INFO] [1790953842.302792263] [planner_server]: Plan computed: 612 poses
[planner_server-4] [INFO] [1790953842.430500295] [planner_server]: Planning took 17 ms
[planner_server-4] [INFO] [1790953842.431083828] [planner_server]: Plan computed: 612 poses
[planner_server-4] [INFO] [1790953842.551342322] [planner_server]: Planning took 17 ms
[planner_server-4] [INFO] [1790953842.551666969] [planner_server]: Plan computed: 612 poses
[planner_server-4] [INFO] [1790953842.681160909] [planner_server]: Planning took 17 ms
[planner_server-4] [INFO] [1790953842.681542271] [planner_server]: Plan computed: 612 poses
[planner_server-4] [INFO] [1790953842.801952563] [planner_server]: Planning took 17 ms
[planner_server-4] [INFO] [1790953842.802377073] [planner_server]: Plan computed: 612 poses
[planner_server-4] [INFO] [1790953842.931877656] [planner_server]: Planning took 18 ms
[planner_server-4] [INFO] [1790953842.933557108] [planner_server]: Plan computed: 612 poses
[controller_node-5] [WARN] [1790953843.000217298] [controller_server]: path_copy succeeded.
[controller_node-5] [INFO] [1790953843.000467495] [controller_server]: Computed velocity commands: linear.x=-0.62, linear.y=0.33, angular.z=0.00
[planner_server-4] [INFO] [1790953843.061991104] [planner_server]: Planning took 18 ms
[planner_server-4] [INFO] [1790953843.062384881] [planner_server]: Plan computed: 612 poses
[planner_server-4] [INFO] [1790953843.193817801] [planner_server]: Planning took 19 ms
[planner_server-4] [INFO] [1790953843.194221548] [planner_server]: Plan computed: 612 poses
[planner_server-4] [INFO] [1790953843.324422844] [planner_server]: Planning took 18 ms
[planner_server-4] [INFO] [1790953843.324772943] [planner_server]: Plan computed: 612 poses
[planner_server-4] [INFO] [1790953843.452217436] [planner_server]: Planning took 17 ms
[planner_server-4] [INFO] [1790953843.452627266] [planner_server]: Plan computed: 612 poses
[planner_server-4] [INFO] [1790953843.582475586] [planner_server]: Planning took 18 ms
[planner_server-4] [INFO] [1790953843.583409939] [planner_server]: Plan computed: 612 poses
[planner_server-4] [INFO] [1790953843.714143181] [planner_server]: Planning took 17 ms
[planner_server-4] [INFO] [1790953843.714566558] [planner_server]: Plan computed: 612 poses
[planner_server-4] [INFO] [1790953843.840747101] [planner_server]: Planning took 17 ms
[planner_server-4] [INFO] [1790953843.841007007] [planner_server]: Plan computed: 612 poses
[planner_server-4] [INFO] [1790953843.973102399] [planner_server]: Planning took 18 ms
[planner_server-4] [INFO] [1790953843.973717856] [planner_server]: Plan computed: 612 poses
[planner_server-4] [INFO] [1790953844.105798087] [planner_server]: Planning took 19 ms
[planner_server-4] [INFO] [1790953844.106669652] [planner_server]: Plan computed: 612 poses
[planner_server-4] [INFO] [1790953844.231450003] [planner_server]: Planning took 17 ms
[planner_server-4] [INFO] [1790953844.231962991] [planner_server]: Plan computed: 612 poses
[planner_server-4] [INFO] [1790953844.361368298] [planner_server]: Planning took 17 ms
[planner_server-4] [INFO] [1790953844.361597622] [planner_server]: Plan computed: 612 poses
[planner_server-4] [INFO] [1790953844.490918468] [planner_server]: Planning took 16 ms
[planner_server-4] [INFO] [1790953844.491431086] [planner_server]: Plan computed: 612 poses
[planner_server-4] [INFO] [1790953844.623484163] [planner_server]: Planning took 18 ms
[planner_server-4] [INFO] [1790953844.623823069] [planner_server]: Plan computed: 612 poses
[planner_server-4] [INFO] [1790953844.751657565] [planner_server]: Planning took 18 ms
[planner_server-4] [INFO] [1790953844.751924054] [planner_server]: Plan computed: 612 poses
[planner_server-4] [INFO] [1790953844.882100221] [planner_server]: Planning took 18 ms
[planner_server-4] [INFO] [1790953844.882490842] [planner_server]: Plan computed: 612 poses
[controller_node-5] [WARN] [1790953845.000685959] [controller_server]: path_copy succeeded.
[controller_node-5] [INFO] [1790953845.000970696] [controller_server]: Computed velocity commands: linear.x=0.04, linear.y=0.70, angular.z=0.00
[planner_server-4] [INFO] [1790953845.011045363] [planner_server]: Planning took 17 ms
[planner_server-4] [INFO] [1790953845.012056811] [planner_server]: Plan computed: 612 poses
[planner_server-4] [INFO] [1790953845.142972297] [planner_server]: Planning took 19 ms
[planner_server-4] [INFO] [1790953845.143470255] [planner_server]: Plan computed: 612 poses
[planner_server-4] [INFO] [1790953845.273218739] [planner_server]: Planning took 18 ms
[planner_server-4] [INFO] [1790953845.273569419] [planner_server]: Plan computed: 612 poses
[planner_server-4] [INFO] [1790953845.404364231] [planner_server]: Planning took 19 ms
[planner_server-4] [INFO] [1790953845.404683387] [planner_server]: Plan computed: 612 poses
[planner_server-4] [INFO] [1790953845.534514489] [planner_server]: Planning took 18 ms
[planner_server-4] [INFO] [1790953845.535084202] [planner_server]: Plan computed: 612 poses
[planner_server-4] [INFO] [1790953845.661849466] [planner_server]: Planning took 18 ms
[planner_server-4] [INFO] [1790953845.662154223] [planner_server]: Plan computed: 612 poses
[planner_server-4] [INFO] [1790953845.793737732] [planner_server]: Planning took 18 ms
[planner_server-4] [INFO] [1790953845.794325392] [planner_server]: Plan computed: 612 poses
[planner_server-4] [INFO] [1790953845.921445845] [planner_server]: Planning took 18 ms
[planner_server-4] [INFO] [1790953845.921726824] [planner_server]: Plan computed: 612 poses
[planner_server-4] [INFO] [1790953846.041540852] [planner_server]: Planning took 17 ms
[planner_server-4] [INFO] [1790953846.042006795] [planner_server]: Plan computed: 612 poses
[planner_server-4] [INFO] [1790953846.174151493] [planner_server]: Planning took 20 ms
[planner_server-4] [INFO] [1790953846.174569399] [planner_server]: Plan computed: 612 poses
[planner_server-4] [INFO] [1790953846.300380364] [planner_server]: Planning took 16 ms
[planner_server-4] [INFO] [1790953846.301373054] [planner_server]: Plan computed: 612 poses
[planner_server-4] [INFO] [1790953846.432087632] [planner_server]: Planning took 17 ms
[planner_server-4] [INFO] [1790953846.432455025] [planner_server]: Plan computed: 612 poses
[planner_server-4] [INFO] [1790953846.562349503] [planner_server]: Planning took 17 ms
[planner_server-4] [INFO] [1790953846.562711265] [planner_server]: Plan computed: 612 poses
[planner_server-4] [INFO] [1790953846.683341884] [planner_server]: Planning took 18 ms
[planner_server-4] [INFO] [1790953846.683722975] [planner_server]: Plan computed: 612 poses
[planner_server-4] [INFO] [1790953846.814225509] [planner_server]: Planning took 19 ms
[planner_server-4] [INFO] [1790953846.814563012] [planner_server]: Plan computed: 612 poses
[planner_server-4] [INFO] [1790953846.944679712] [planner_server]: Planning took 20 ms
[planner_server-4] [INFO] [1790953846.945210606] [planner_server]: Plan computed: 612 poses
[controller_node-5] [WARN] [1790953847.000900224] [controller_server]: path_copy succeeded.
[controller_node-5] [INFO] [1790953847.001147084] [controller_server]: Computed velocity commands: linear.x=0.66, linear.y=0.26, angular.z=0.00
[planner_server-4] [INFO] [1790953847.071329437] [planner_server]: Planning took 17 ms
[planner_server-4] [INFO] [1790953847.071745199] [planner_server]: Plan computed: 612 poses
[planner_server-4] [INFO] [1790953847.193565310] [planner_server]: Planning took 18 ms
[planner_server-4] [INFO] [1790953847.193941091] [planner_server]: Plan computed: 612 poses
[planner_server-4] [INFO] [1790953847.322670729] [planner_server]: Planning took 18 ms
[planner_server-4] [INFO] [1790953847.323043102] [planner_server]: Plan computed: 612 poses
[planner_server-4] [INFO] [1790953847.453289671] [planner_server]: Planning took 17 ms
[planner_server-4] [INFO] [1790953847.454043707] [planner_server]: Plan computed: 612 poses
[planner_server-4] [INFO] [1790953847.581663583] [planner_server]: Planning took 18 ms
[planner_server-4] [INFO] [1790953847.582354922] [planner_server]: Plan computed: 612 poses
[planner_server-4] [INFO] [1790953847.712280265] [planner_server]: Planning took 17 ms
[planner_server-4] [INFO] [1790953847.713087228] [planner_server]: Plan computed: 612 poses
[planner_server-4] [INFO] [1790953847.842391687] [planner_server]: Planning took 19 ms
[planner_server-4] [INFO] [1790953847.842818210] [planner_server]: Plan computed: 612 poses
[planner_server-4] [INFO] [1790953847.970862583] [planner_server]: Planning took 16 ms
[planner_server-4] [INFO] [1790953847.971232472] [planner_server]: Plan computed: 612 poses
[planner_server-4] [INFO] [1790953848.093318205] [planner_server]: Planning took 17 ms
[planner_server-4] [INFO] [1790953848.093986718] [planner_server]: Plan computed: 612 poses
[planner_server-4] [INFO] [1790953848.221618336] [planner_server]: Planning took 17 ms
[planner_server-4] [INFO] [1790953848.222199713] [planner_server]: Plan computed: 612 poses
[planner_server-4] [INFO] [1790953848.351818453] [planner_server]: Planning took 16 ms
[planner_server-4] [INFO] [1790953848.353381106] [planner_server]: Plan computed: 612 poses
[planner_server-4] [INFO] [1790953848.481929039] [planner_server]: Planning took 18 ms
[planner_server-4] [INFO] [1790953848.482220589] [planner_server]: Plan computed: 612 poses
[planner_server-4] [INFO] [1790953848.611574734] [planner_server]: Planning took 18 ms
[planner_server-4] [INFO] [1790953848.612135889] [planner_server]: Plan computed: 612 poses
[planner_server-4] [INFO] [1790953848.732430920] [planner_server]: Planning took 17 ms
[planner_server-4] [INFO] [1790953848.732922625] [planner_server]: Plan computed: 612 poses
[planner_server-4] [INFO] [1790953848.860521829] [planner_server]: Planning took 16 ms
[planner_server-4] [INFO] [1790953848.861050749] [planner_server]: Plan computed: 612 poses
[planner_server-4] [INFO] [1790953848.982086609] [planner_server]: Planning took 18 ms
[planner_server-4] [INFO] [1790953848.982418862] [planner_server]: Plan computed: 612 poses
[controller_node-5] [WARN] [1790953849.000921587] [controller_server]: path_copy succeeded.
[controller_node-5] [INFO] [1790953849.001196323] [controller_server]: Computed velocity commands: linear.x=0.46, linear.y=-0.53, angular.z=0.00
[planner_server-4] [INFO] [1790953849.111991357] [planner_server]: Planning took 17 ms
[planner_server-4] [INFO] [1790953849.112722095] [planner_server]: Plan computed: 612 poses
[planner_server-4] [INFO] [1790953849.241604098] [planner_server]: Planning took 18 ms
[planner_server-4] [INFO] [1790953849.244883884] [planner_server]: Plan computed: 612 poses
[planner_server-4] [INFO] [1790953849.371855310] [planner_server]: Planning took 17 ms
[planner_server-4] [INFO] [1790953849.372432188] [planner_server]: Plan computed: 612 poses
[planner_server-4] [INFO] [1790953849.502417392] [planner_server]: Planning took 18 ms
[planner_server-4] [INFO] [1790953849.502747320] [planner_server]: Plan computed: 612 poses
[planner_server-4] [INFO] [1790953849.631114821] [planner_server]: Planning took 17 ms
[planner_server-4] [INFO] [1790953849.631420900] [planner_server]: Plan computed: 612 poses
[planner_server-4] [INFO] [1790953849.751332030] [planner_server]: Planning took 17 ms
[planner_server-4] [INFO] [1790953849.751612748] [planner_server]: Plan computed: 612 poses
[planner_server-4] [INFO] [1790953849.871362201] [planner_server]: Planning took 17 ms
[planner_server-4] [INFO] [1790953849.871663411] [planner_server]: Plan computed: 612 poses
[planner_server-4] [INFO] [1790953849.995831955] [planner_server]: Planning took 19 ms
[planner_server-4] [INFO] [1790953849.996315193] [planner_server]: Plan computed: 612 poses
[planner_server-4] [INFO] [1790953850.121212088] [planner_server]: Planning took 17 ms
[planner_server-4] [INFO] [1790953850.121528408] [planner_server]: Plan computed: 612 poses
[planner_server-4] [INFO] [1790953850.252300938] [planner_server]: Planning took 17 ms
[planner_server-4] [INFO] [1790953850.253200719] [planner_server]: Plan computed: 612 poses
[planner_server-4] [INFO] [1790953850.381807587] [planner_server]: Planning took 18 ms
[planner_server-4] [INFO] [1790953850.383179443] [planner_server]: Plan computed: 612 poses
[planner_server-4] [INFO] [1790953850.515318347] [planner_server]: Planning took 21 ms
[planner_server-4] [INFO] [1790953850.515715841] [planner_server]: Plan computed: 612 poses
[planner_server-4] [INFO] [1790953850.642132038] [planner_server]: Planning took 17 ms
[planner_server-4] [INFO] [1790953850.642553932] [planner_server]: Plan computed: 612 poses
[planner_server-4] [INFO] [1790953850.763852936] [planner_server]: Planning took 18 ms
[planner_server-4] [INFO] [1790953850.764531990] [planner_server]: Plan computed: 612 poses
[planner_server-4] [INFO] [1790953850.891799148] [planner_server]: Planning took 17 ms
[planner_server-4] [INFO] [1790953850.892354762] [planner_server]: Plan computed: 612 poses
[controller_node-5] [WARN] [1790953851.001355374] [controller_server]: path_copy succeeded.
[controller_node-5] [INFO] [1790953851.001767868] [controller_server]: Computed velocity commands: linear.x=-0.35, linear.y=-0.61, angular.z=0.00
[planner_server-4] [INFO] [1790953851.021037459] [planner_server]: Planning took 17 ms
[planner_server-4] [INFO] [1790953851.021507430] [planner_server]: Plan computed: 612 poses
[planner_server-4] [INFO] [1790953851.143520724] [planner_server]: Planning took 19 ms
[planner_server-4] [INFO] [1790953851.144457429] [planner_server]: Plan computed: 612 poses
[planner_server-4] [INFO] [1790953851.274779532] [planner_server]: Planning took 21 ms
[planner_server-4] [INFO] [1790953851.275200143] [planner_server]: Plan computed: 612 poses
[planner_server-4] [INFO] [1790953851.403854381] [planner_server]: Planning took 19 ms
[planner_server-4] [INFO] [1790953851.404632094] [planner_server]: Plan computed: 612 poses
[planner_server-4] [INFO] [1790953851.530884925] [planner_server]: Planning took 17 ms
[planner_server-4] [INFO] [1790953851.531279593] [planner_server]: Plan computed: 612 poses
[planner_server-4] [INFO] [1790953851.650434264] [planner_server]: Planning took 17 ms
[planner_server-4] [INFO] [1790953851.650720253] [planner_server]: Plan computed: 612 poses
[planner_server-4] [INFO] [1790953851.782298707] [planner_server]: Planning took 18 ms
[planner_server-4] [INFO] [1790953851.782675800] [planner_server]: Plan computed: 612 poses
[planner_server-4] [INFO] [1790953851.915007907] [planner_server]: Planning took 21 ms
[planner_server-4] [INFO] [1790953851.915605526] [planner_server]: Plan computed: 612 poses
[planner_server-4] [INFO] [1790953852.040520760] [planner_server]: Planning took 17 ms
[planner_server-4] [INFO] [1790953852.041083137] [planner_server]: Plan computed: 612 poses
[planner_server-4] [INFO] [1790953852.170345389] [planner_server]: Planning took 17 ms
[planner_server-4] [INFO] [1790953852.170699907] [planner_server]: Plan computed: 612 poses
[planner_server-4] [INFO] [1790953852.292126659] [planner_server]: Planning took 17 ms
[planner_server-4] [INFO] [1790953852.292431365] [planner_server]: Plan computed: 612 poses
[planner_server-4] [INFO] [1790953852.415893155] [planner_server]: Planning took 19 ms
[planner_server-4] [INFO] [1790953852.416415462] [planner_server]: Plan computed: 612 poses
[planner_server-4] [INFO] [1790953852.542072111] [planner_server]: Planning took 18 ms
[planner_server-4] [INFO] [1790953852.542672104] [planner_server]: Plan computed: 612 poses
[planner_server-4] [INFO] [1790953852.673845351] [planner_server]: Planning took 18 ms
[planner_server-4] [INFO] [1790953852.674424582] [planner_server]: Plan computed: 612 poses
[planner_server-4] [INFO] [1790953852.805239695] [planner_server]: Planning took 21 ms
[planner_server-4] [INFO] [1790953852.805677220] [planner_server]: Plan computed: 612 poses
[planner_server-4] [INFO] [1790953852.932454736] [planner_server]: Planning took 17 ms
[planner_server-4] [INFO] [1790953852.932992334] [planner_server]: Plan computed: 612 poses
[controller_node-5] [WARN] [1790953853.001399226] [controller_server]: path_copy succeeded.
[controller_node-5] [INFO] [1790953853.021749116] [controller_server]: Computed velocity commands: linear.x=-0.70, linear.y=0.05, angular.z=0.00
[planner_server-4] [INFO] [1790953853.061111455] [planner_server]: Planning took 17 ms
[planner_server-4] [INFO] [1790953853.061398726] [planner_server]: Plan computed: 612 poses
[planner_server-4] [INFO] [1790953853.181308719] [planner_server]: Planning took 17 ms
[planner_server-4] [INFO] [1790953853.181599467] [planner_server]: Plan computed: 612 poses
[planner_server-4] [INFO] [1790953853.301907764] [planner_server]: Planning took 17 ms
[planner_server-4] [INFO] [1790953853.302144102] [planner_server]: Plan computed: 612 poses
[planner_server-4] [INFO] [1790953853.432431826] [planner_server]: Planning took 19 ms
[planner_server-4] [INFO] [1790953853.432867587] [planner_server]: Plan computed: 612 poses
[planner_server-4] [INFO] [1790953853.563424936] [planner_server]: Planning took 18 ms
[planner_server-4] [INFO] [1790953853.563861559] [planner_server]: Plan computed: 612 poses
[planner_server-4] [INFO] [1790953853.691018506] [planner_server]: Planning took 17 ms
[planner_server-4] [INFO] [1790953853.691540141] [planner_server]: Plan computed: 612 poses
[planner_server-4] [INFO] [1790953853.821874675] [planner_server]: Planning took 18 ms
[planner_server-4] [INFO] [1790953853.822430269] [planner_server]: Plan computed: 612 poses
[planner_server-4] [INFO] [1790953853.942823788] [planner_server]: Planning took 18 ms
[planner_server-4] [INFO] [1790953853.943383901] [planner_server]: Plan computed: 612 poses
[planner_server-4] [INFO] [1790953854.072367702] [planner_server]: Planning took 17 ms
[planner_server-4] [INFO] [1790953854.072743342] [planner_server]: Plan computed: 612 poses
[planner_server-4] [INFO] [1790953854.202111145] [planner_server]: Planning took 17 ms
[planner_server-4] [INFO] [1790953854.202558980] [planner_server]: Plan computed: 612 poses
[planner_server-4] [INFO] [1790953854.332626187] [planner_server]: Planning took 18 ms
[planner_server-4] [INFO] [1790953854.333086698] [planner_server]: Plan computed: 612 poses
[planner_server-4] [INFO] [1790953854.461299504] [planner_server]: Planning took 17 ms
[planner_server-4] [INFO] [1790953854.461747620] [planner_server]: Plan computed: 612 poses
[planner_server-4] [INFO] [1790953854.584781312] [planner_server]: Planning took 21 ms
[planner_server-4] [INFO] [1790953854.585505236] [planner_server]: Plan computed: 612 poses
[planner_server-4] [INFO] [1790953854.712892236] [planner_server]: Planning took 18 ms
[planner_server-4] [INFO] [1790953854.713357016] [planner_server]: Plan computed: 612 poses
[planner_server-4] [INFO] [1790953854.842921876] [planner_server]: Planning took 17 ms
[planner_server-4] [INFO] [1790953854.843410504] [planner_server]: Plan computed: 612 poses
[planner_server-4] [INFO] [1790953854.972217122] [planner_server]: Planning took 17 ms
[planner_server-4] [INFO] [1790953854.972631079] [planner_server]: Plan computed: 612 poses
[controller_node-5] [WARN] [1790953855.002251147] [controller_server]: path_copy succeeded.
[controller_node-5] [INFO] [1790953855.022533880] [controller_server]: Computed velocity commands: linear.x=-0.25, linear.y=0.66, angular.z=0.00
[planner_server-4] [INFO] [1790953855.102171290] [planner_server]: Planning took 17 ms
[planner_server-4] [INFO] [1790953855.102475756] [planner_server]: Plan computed: 612 poses
[planner_server-4] [INFO] [1790953855.230865985] [planner_server]: Planning took 17 ms
[planner_server-4] [INFO] [1790953855.231365154] [planner_server]: Plan computed: 612 poses
[planner_server-4] [INFO] [1790953855.351568221] [planner_server]: Planning took 17 ms
[planner_server-4] [INFO] [1790953855.352199687] [planner_server]: Plan computed: 612 poses
[planner_server-4] [INFO] [1790953855.471692388] [planner_server]: Planning took 17 ms
[planner_server-4] [INFO] [1790953855.472337582] [planner_server]: Plan computed: 612 poses
[planner_server-4] [INFO] [1790953855.606199985] [planner_server]: Planning took 20 ms
[planner_server-4] [INFO] [1790953855.606688603] [planner_server]: Plan computed: 612 poses
[planner_server-4] [INFO] [1790953855.730693175] [planner_server]: Planning took 17 ms
[planner_server-4] [INFO] [1790953855.731363731] [planner_server]: Plan computed: 612 poses
[planner_server-4] [INFO] [1790953855.853842057] [planner_server]: Planning took 19 ms
[planner_server-4] [INFO] [1790953855.854410407] [planner_server]: Plan computed: 612 poses
[planner_server-4] [INFO] [1790953855.982237999] [planner_server]: Planning took 18 ms
[planner_server-4] [INFO] [1790953855.982522273] [planner_server]: Plan computed: 612 poses
[planner_server-4] [INFO] [1790953856.111746322] [planner_server]: Planning took 18 ms
[planner_server-4] [INFO] [1790953856.112393931] [planner_server]: Plan computed: 612 poses
[planner_server-4] [INFO] [1790953856.242736366] [planner_server]: Planning took 18 ms
[planner_server-4] [INFO] [1790953856.243286738] [planner_server]: Plan computed: 612 poses
[planner_server-4] [INFO] [1790953856.372051258] [planner_server]: Planning took 18 ms
[planner_server-4] [INFO] [1790953856.372389202] [planner_server]: Plan computed: 612 poses
[planner_server-4] [INFO] [1790953856.503183921] [planner_server]: Planning took 19 ms
[planner_server-4] [INFO] [1790953856.503523117] [planner_server]: Plan computed: 612 poses
[planner_server-4] [INFO] [1790953856.631979428] [planner_server]: Planning took 17 ms
[planner_server-4] [INFO] [1790953856.632507015] [planner_server]: Plan computed: 612 poses
[planner_server-4] [INFO] [1790953856.764493789] [planner_server]: Planning took 20 ms
[planner_server-4] [INFO] [1790953856.764803986] [planner_server]: Plan computed: 612 poses
[planner_server-4] [INFO] [1790953856.891645989] [planner_server]: Planning took 17 ms
[planner_server-4] [INFO] [1790953856.892288728] [planner_server]: Plan computed: 612 poses
[planner_server-4] [INFO] [1790953857.014094487] [planner_server]: Planning took 19 ms
[planner_server-4] [INFO] [1790953857.014545158] [planner_server]: Plan computed: 612 poses
[controller_node-5] [WARN] [1790953857.022549076] [controller_server]: path_copy succeeded.
[controller_node-5] [INFO] [1790953857.022717406] [controller_server]: Computed velocity commands: linear.x=0.54, linear.y=0.45, angular.z=0.00
[planner_server-4] [INFO] [1790953857.140526246] [planner_server]: Planning took 17 ms
[planner_server-4] [INFO] [1790953857.140800961] [planner_server]: Plan computed: 612 poses
[planner_server-4] [INFO] [1790953857.271582811] [planner_server]: Planning took 17 ms
[planner_server-4] [INFO] [1790953857.272553704] [planner_server]: Plan computed: 612 poses
[planner_server-4] [INFO] [1790953857.402413732] [planner_server]: Planning took 18 ms
[planner_server-4] [INFO] [1790953857.402858411] [planner_server]: Plan computed: 612 poses
[planner_server-4] [INFO] [1790953857.531607504] [planner_server]: Planning took 17 ms
[planner_server-4] [INFO] [1790953857.532033124] [planner_server]: Plan computed: 612 poses
[planner_server-4] [INFO] [1790953857.661954075] [planner_server]: Planning took 17 ms
[planner_server-4] [INFO] [1790953857.662308411] [planner_server]: Plan computed: 612 poses
[planner_server-4] [INFO] [1790953857.790492942] [planner_server]: Planning took 17 ms
[planner_server-4] [INFO] [1790953857.790823470] [planner_server]: Plan computed: 612 poses
[planner_server-4] [INFO] [1790953857.912901093] [planner_server]: Planning took 19 ms
[planner_server-4] [INFO] [1790953857.913207272] [planner_server]: Plan computed: 612 poses
[planner_server-4] [INFO] [1790953858.044878414] [planner_server]: Planning took 19 ms
[planner_server-4] [INFO] [1790953858.045276048] [planner_server]: Plan computed: 612 poses
[planner_server-4] [INFO] [1790953858.175496248] [planner_server]: Planning took 19 ms
[planner_server-4] [INFO] [1790953858.175749420] [planner_server]: Plan computed: 612 poses
[planner_server-4] [INFO] [1790953858.301890245] [planner_server]: Planning took 17 ms
[planner_server-4] [INFO] [1790953858.302375505] [planner_server]: Plan computed: 612 poses
[planner_server-4] [INFO] [1790953858.434408298] [planner_server]: Planning took 19 ms
[planner_server-4] [INFO] [1790953858.434984543] [planner_server]: Plan computed: 612 poses
[planner_server-4] [INFO] [1790953858.564061792] [planner_server]: Planning took 17 ms
[planner_server-4] [INFO] [1790953858.564519276] [planner_server]: Plan computed: 612 poses
[planner_server-4] [INFO] [1790953858.691678605] [planner_server]: Planning took 17 ms
[planner_server-4] [INFO] [1790953858.692500366] [planner_server]: Plan computed: 612 poses
[planner_server-4] [INFO] [1790953858.825430116] [planner_server]: Planning took 19 ms
[planner_server-4] [INFO] [1790953858.825858281] [planner_server]: Plan computed: 612 poses
[planner_server-4] [INFO] [1790953858.951646093] [planner_server]: Planning took 17 ms
[planner_server-4] [INFO] [1790953858.952162867] [planner_server]: Plan computed: 612 poses
[controller_node-5] [WARN] [1790953859.022563904] [controller_server]: path_copy succeeded.
[controller_node-5] [INFO] [1790953859.022860664] [controller_server]: Computed velocity commands: linear.x=0.66, linear.y=-0.25, angular.z=0.00
[planner_server-4] [INFO] [1790953859.081551124] [planner_server]: Planning took 17 ms
[planner_server-4] [INFO] [1790953859.081985842] [planner_server]: Plan computed: 612 poses
[planner_server-4] [INFO] [1790953859.212680594] [planner_server]: Planning took 18 ms
[planner_server-4] [INFO] [1790953859.213222890] [planner_server]: Plan computed: 612 poses
[planner_server-4] [INFO] [1790953859.342024406] [planner_server]: Planning took 17 ms
[planner_server-4] [INFO] [1790953859.342702105] [planner_server]: Plan computed: 612 poses
[planner_server-4] [INFO] [1790953859.475464055] [planner_server]: Planning took 20 ms
[planner_server-4] [INFO] [1790953859.475768630] [planner_server]: Plan computed: 612 poses
[planner_server-4] [INFO] [1790953859.602785811] [planner_server]: Planning took 19 ms
[planner_server-4] [INFO] [1790953859.603246151] [planner_server]: Plan computed: 612 poses
[planner_server-4] [INFO] [1790953859.734519372] [planner_server]: Planning took 18 ms
[planner_server-4] [INFO] [1790953859.735384791] [planner_server]: Plan computed: 612 poses
[planner_server-4] [INFO] [1790953859.861562947] [planner_server]: Planning took 18 ms
[planner_server-4] [INFO] [1790953859.861963577] [planner_server]: Plan computed: 612 poses
[planner_server-4] [INFO] [1790953859.992576694] [planner_server]: Planning took 18 ms
[planner_server-4] [INFO] [1790953859.992991061] [planner_server]: Plan computed: 612 poses
[planner_server-4] [INFO] [1790953860.121889149] [planner_server]: Planning took 17 ms
[planner_server-4] [INFO] [1790953860.122260098] [planner_server]: Plan computed: 612 poses
[planner_server-4] [INFO] [1790953860.251547711] [planner_server]: Planning took 17 ms
[planner_server-4] [INFO] [1790953860.252121280] [planner_server]: Plan computed: 612 poses
[planner_server-4] [INFO] [1790953860.381385175] [planner_server]: Planning took 17 ms
[planner_server-4] [INFO] [1790953860.381814612] [planner_server]: Plan computed: 612 poses
[planner_server-4] [INFO] [1790953860.501885734] [planner_server]: Planning took 18 ms
[planner_server-4] [INFO] [1790953860.502448842] [planner_server]: Plan computed: 612 poses
[planner_server-4] [INFO] [1790953860.632467881] [planner_server]: Planning took 18 ms
[planner_server-4] [INFO] [1790953860.632979846] [planner_server]: Plan computed: 612 poses
[planner_server-4] [INFO] [1790953860.761478916] [planner_server]: Planning took 17 ms
[planner_server-4] [INFO] [1790953860.761744863] [planner_server]: Plan computed: 612 poses
[planner_server-4] [INFO] [1790953860.891179904] [planner_server]: Planning took 17 ms
[planner_server-4] [INFO] [1790953860.891605464] [planner_server]: Plan computed: 612 poses
[planner_server-4] [INFO] [1790953861.011312436] [planner_server]: Planning took 17 ms
[planner_server-4] [INFO] [1790953861.012443141] [planner_server]: Plan computed: 612 poses
[controller_node-5] [WARN] [1790953861.022765834] [controller_server]: path_copy succeeded.
[controller_node-5] [INFO] [1790953861.023181644] [controller_server]: Computed velocity commands: linear.x=0.09, linear.y=-0.70, angular.z=0.00
[planner_server-4] [INFO] [1790953861.142996595] [planner_server]: Planning took 18 ms
[planner_server-4] [INFO] [1790953861.143309868] [planner_server]: Plan computed: 612 poses
[planner_server-4] [INFO] [1790953861.276412221] [planner_server]: Planning took 21 ms
[planner_server-4] [INFO] [1790953861.277057003] [planner_server]: Plan computed: 612 poses
[planner_server-4] [INFO] [1790953861.402989327] [planner_server]: Planning took 18 ms
[planner_server-4] [INFO] [1790953861.403488145] [planner_server]: Plan computed: 612 poses
[planner_server-4] [INFO] [1790953861.532848173] [planner_server]: Planning took 17 ms
[planner_server-4] [INFO] [1790953861.533547616] [planner_server]: Plan computed: 612 poses
[planner_server-4] [INFO] [1790953861.661314731] [planner_server]: Planning took 17 ms
[planner_server-4] [INFO] [1790953861.661644267] [planner_server]: Plan computed: 612 poses
[planner_server-4] [INFO] [1790953861.793246931] [planner_server]: Planning took 19 ms
[planner_server-4] [INFO] [1790953861.793743534] [planner_server]: Plan computed: 612 poses
[planner_server-4] [INFO] [1790953861.924968444] [planner_server]: Planning took 20 ms
[planner_server-4] [INFO] [1790953861.925409986] [planner_server]: Plan computed: 612 poses
[planner_server-4] [INFO] [1790953862.050948796] [planner_server]: Planning took 17 ms
[planner_server-4] [INFO] [1790953862.051363153] [planner_server]: Plan computed: 612 poses
[planner_server-4] [INFO] [1790953862.172334266] [planner_server]: Planning took 18 ms
[planner_server-4] [INFO] [1790953862.172723843] [planner_server]: Plan computed: 612 poses
[planner_server-4] [INFO] [1790953862.301311390] [planner_server]: Planning took 17 ms
[planner_server-4] [INFO] [1790953862.302487836] [planner_server]: Plan computed: 612 poses
[planner_server-4] [INFO] [1790953862.432089592] [planner_server]: Planning took 18 ms
[planner_server-4] [INFO] [1790953862.432467776] [planner_server]: Plan computed: 612 poses
[planner_server-4] [INFO] [1790953862.561322822] [planner_server]: Planning took 17 ms
[planner_server-4] [INFO] [1790953862.561819055] [planner_server]: Plan computed: 612 poses
[planner_server-4] [INFO] [1790953862.692294455] [planner_server]: Planning took 18 ms
[planner_server-4] [INFO] [1790953862.693129331] [planner_server]: Plan computed: 612 poses
[planner_server-4] [INFO] [1790953862.822820386] [planner_server]: Planning took 18 ms
[planner_server-4] [INFO] [1790953862.823576283] [planner_server]: Plan computed: 612 poses
[planner_server-4] [INFO] [1790953862.950662828] [planner_server]: Planning took 16 ms
[planner_server-4] [INFO] [1790953862.951657868] [planner_server]: Plan computed: 612 poses
[controller_node-5] [WARN] [1790953863.023214867] [controller_server]: path_copy succeeded.
[controller_node-5] [INFO] [1790953863.023538921] [controller_server]: Computed velocity commands: linear.x=-0.63, linear.y=-0.32, angular.z=0.00
[planner_server-4] [INFO] [1790953863.072692861] [planner_server]: Planning took 18 ms
[planner_server-4] [INFO] [1790953863.073395690] [planner_server]: Plan computed: 612 poses
[planner_server-4] [INFO] [1790953863.201551605] [planner_server]: Planning took 17 ms
[planner_server-4] [INFO] [1790953863.202151516] [planner_server]: Plan computed: 612 poses
[planner_server-4] [INFO] [1790953863.324167291] [planner_server]: Planning took 17 ms
[planner_server-4] [INFO] [1790953863.324544202] [planner_server]: Plan computed: 612 poses
[planner_server-4] [INFO] [1790953863.453497611] [planner_server]: Planning took 17 ms
[planner_server-4] [INFO] [1790953863.454023563] [planner_server]: Plan computed: 612 poses
[planner_server-4] [INFO] [1790953863.581878403] [planner_server]: Planning took 18 ms
[planner_server-4] [INFO] [1790953863.582337500] [planner_server]: Plan computed: 612 poses
[planner_server-4] [INFO] [1790953863.711603123] [planner_server]: Planning took 17 ms
[planner_server-4] [INFO] [1790953863.712160899] [planner_server]: Plan computed: 612 poses
[planner_server-4] [INFO] [1790953863.833204212] [planner_server]: Planning took 18 ms
[planner_server-4] [INFO] [1790953863.833916801] [planner_server]: Plan computed: 612 poses
[planner_server-4] [INFO] [1790953863.961153206] [planner_server]: Planning took 16 ms
[planner_server-4] [INFO] [1790953863.961615370] [planner_server]: Plan computed: 612 poses
[planner_server-4] [INFO] [1790953864.082928086] [planner_server]: Planning took 19 ms
[planner_server-4] [INFO] [1790953864.083503067] [planner_server]: Plan computed: 612 poses
[planner_server-4] [INFO] [1790953864.211613069] [planner_server]: Planning took 17 ms
[planner_server-4] [INFO] [1790953864.212233482] [planner_server]: Plan computed: 612 poses
[planner_server-4] [INFO] [1790953864.334532018] [planner_server]: Planning took 17 ms
[planner_server-4] [INFO] [1790953864.334937376] [planner_server]: Plan computed: 612 poses
[planner_server-4] [INFO] [1790953864.461453149] [planner_server]: Planning took 17 ms
[planner_server-4] [INFO] [1790953864.461868086] [planner_server]: Plan computed: 612 poses
[planner_server-4] [INFO] [1790953864.594322598] [planner_server]: Planning took 19 ms
[planner_server-4] [INFO] [1790953864.594941368] [planner_server]: Plan computed: 612 poses
[planner_server-4] [INFO] [1790953864.720891119] [planner_server]: Planning took 17 ms
[planner_server-4] [INFO] [1790953864.721400067] [planner_server]: Plan computed: 612 poses
[planner_server-4] [INFO] [1790953864.851773790] [planner_server]: Planning took 17 ms
[planner_server-4] [INFO] [1790953864.852441859] [planner_server]: Plan computed: 612 poses
[planner_server-4] [INFO] [1790953864.981961647] [planner_server]: Planning took 18 ms
[planner_server-4] [INFO] [1790953864.982514373] [planner_server]: Plan computed: 612 poses
[controller_node-5] [WARN] [1790953865.024045560] [controller_server]: path_copy succeeded.
[controller_node-5] [INFO] [1790953865.024259983] [controller_server]: Computed velocity commands: linear.x=-0.56, linear.y=0.43, angular.z=0.00
[planner_server-4] [INFO] [1790953865.111314518] [planner_server]: Planning took 18 ms
[planner_server-4] [INFO] [1790953865.111720958] [planner_server]: Plan computed: 612 poses
[planner_server-4] [INFO] [1790953865.232435824] [planner_server]: Planning took 18 ms
[planner_server-4] [INFO] [1790953865.232752303] [planner_server]: Plan computed: 612 poses
[planner_server-4] [INFO] [1790953865.363222063] [planner_server]: Planning took 18 ms
[planner_server-4] [INFO] [1790953865.363467899] [planner_server]: Plan computed: 612 poses
[planner_server-4] [INFO] [1790953865.493712254] [planner_server]: Planning took 19 ms
[planner_server-4] [INFO] [1790953865.494167844] [planner_server]: Plan computed: 612 poses
[planner_server-4] [INFO] [1790953865.622857901] [planner_server]: Planning took 19 ms
[planner_server-4] [INFO] [1790953865.623863963] [planner_server]: Plan computed: 612 poses
[planner_server-4] [INFO] [1790953865.754721265] [planner_server]: Planning took 18 ms
[planner_server-4] [INFO] [1790953865.755237968] [planner_server]: Plan computed: 612 poses
[planner_server-4] [INFO] [1790953865.882785468] [planner_server]: Planning took 17 ms
[planner_server-4] [INFO] [1790953865.883196288] [planner_server]: Plan computed: 612 poses
[planner_server-4] [INFO] [1790953866.012738383] [planner_server]: Planning took 17 ms
[planner_server-4] [INFO] [1790953866.013349126] [planner_server]: Plan computed: 612 poses
[planner_server-4] [INFO] [1790953866.141602426] [planner_server]: Planning took 17 ms
[planner_server-4] [INFO] [1790953866.142141805] [planner_server]: Plan computed: 612 poses
[planner_server-4] [INFO] [1790953866.271573424] [planner_server]: Planning took 17 ms
[planner_server-4] [INFO] [1790953866.273772604] [planner_server]: Plan computed: 612 poses
[planner_server-4] [INFO] [1790953866.401985523] [planner_server]: Planning took 17 ms
[planner_server-4] [INFO] [1790953866.402555834] [planner_server]: Plan computed: 612 poses
[planner_server-4] [INFO] [1790953866.531770505] [planner_server]: Planning took 17 ms
[planner_server-4] [INFO] [1790953866.532443273] [planner_server]: Plan computed: 612 poses
[planner_server-4] [INFO] [1790953866.663107240] [planner_server]: Planning took 18 ms
[planner_server-4] [INFO] [1790953866.663411094] [planner_server]: Plan computed: 612 poses
[planner_server-4] [INFO] [1790953866.791751909] [planner_server]: Planning took 17 ms
[planner_server-4] [INFO] [1790953866.792293082] [planner_server]: Plan computed: 612 poses
[planner_server-4] [INFO] [1790953866.922697260] [planner_server]: Planning took 18 ms
[planner_server-4] [INFO] [1790953866.923116426] [planner_server]: Plan computed: 612 poses
[controller_node-5] [WARN] [1790953867.043322274] [controller_server]: path_copy succeeded.
[controller_node-5] [INFO] [1790953867.043626638] [controller_server]: Computed velocity commands: linear.x=0.27, linear.y=0.65, angular.z=0.00
[planner_server-4] [INFO] [1790953867.053415657] [planner_server]: Planning took 19 ms
[planner_server-4] [INFO] [1790953867.054832387] [planner_server]: Plan computed: 612 poses
[planner_server-4] [INFO] [1790953867.181537687] [planner_server]: Planning took 17 ms
[planner_server-4] [INFO] [1790953867.182463987] [planner_server]: Plan computed: 612 poses
[planner_server-4] [INFO] [1790953867.311966954] [planner_server]: Planning took 17 ms
[planner_server-4] [INFO] [1790953867.312352723] [planner_server]: Plan computed: 612 poses
[planner_server-4] [INFO] [1790953867.431753038] [planner_server]: Planning took 17 ms
[planner_server-4] [INFO] [1790953867.432329602] [planner_server]: Plan computed: 612 poses
[planner_server-4] [INFO] [1790953867.554477664] [planner_server]: Planning took 18 ms
[planner_server-4] [INFO] [1790953867.554818872] [planner_server]: Plan computed: 612 poses
[planner_server-4] [INFO] [1790953867.682002979] [planner_server]: Planning took 18 ms
[planner_server-4] [INFO] [1790953867.682346122] [planner_server]: Plan computed: 612 poses
[planner_server-4] [INFO] [1790953867.812928317] [planner_server]: Planning took 18 ms
[planner_server-4] [INFO] [1790953867.813283725] [planner_server]: Plan computed: 612 poses
[planner_server-4] [INFO] [1790953867.940825453] [planner_server]: Planning took 17 ms
[planner_server-4] [INFO] [1790953867.941401656] [planner_server]: Plan computed: 612 poses
[planner_server-4] [INFO] [1790953868.062292924] [planner_server]: Planning took 18 ms
[planner_server-4] [INFO] [1790953868.062698553] [planner_server]: Plan computed: 612 poses
[planner_server-4] [INFO] [1790953868.191653838] [planner_server]: Planning took 17 ms
[planner_server-4] [INFO] [1790953868.192203357] [planner_server]: Plan computed: 612 poses
[planner_server-4] [INFO] [1790953868.311193313] [planner_server]: Planning took 17 ms
[planner_server-4] [INFO] [1790953868.311598781] [planner_server]: Plan computed: 612 poses
[planner_server-4] [INFO] [1790953868.433523829] [planner_server]: Planning took 19 ms
[planner_server-4] [INFO] [1790953868.434057917] [planner_server]: Plan computed: 612 poses
[planner_server-4] [INFO] [1790953868.562692541] [planner_server]: Planning took 18 ms
[planner_server-4] [INFO] [1790953868.563097248] [planner_server]: Plan computed: 612 poses
[planner_server-4] [INFO] [1790953868.692254557] [planner_server]: Planning took 17 ms
[planner_server-4] [INFO] [1790953868.692717371] [planner_server]: Plan computed: 612 poses
[planner_server-4] [INFO] [1790953868.821880757] [planner_server]: Planning took 17 ms
[planner_server-4] [INFO] [1790953868.822156674] [planner_server]: Plan computed: 612 poses
[planner_server-4] [INFO] [1790953868.952113522] [planner_server]: Planning took 16 ms
[planner_server-4] [INFO] [1790953868.952614363] [planner_server]: Plan computed: 612 poses
[controller_node-5] [WARN] [1790953869.044204247] [controller_server]: path_copy succeeded.
[controller_node-5] [INFO] [1790953869.044392817] [controller_server]: Computed velocity commands: linear.x=0.70, linear.y=-0.11, angular.z=0.00
[planner_server-4] [INFO] [1790953869.082473196] [planner_server]: Planning took 17 ms
[planner_server-4] [INFO] [1790953869.082925458] [planner_server]: Plan computed: 612 poses
[planner_server-4] [INFO] [1790953869.211960375] [planner_server]: Planning took 17 ms
[planner_server-4] [INFO] [1790953869.212712994] [planner_server]: Plan computed: 612 poses
[planner_server-4] [INFO] [1790953869.341379672] [planner_server]: Planning took 17 ms
[planner_server-4] [INFO] [1790953869.341781854] [planner_server]: Plan computed: 612 poses
[planner_server-4] [INFO] [1790953869.461990054] [planner_server]: Planning took 18 ms
[planner_server-4] [INFO] [1790953869.462334990] [planner_server]: Plan computed: 612 poses
[planner_server-4] [INFO] [1790953869.584912060] [planner_server]: Planning took 19 ms
[planner_server-4] [INFO] [1790953869.585295484] [planner_server]: Plan computed: 612 poses
[planner_server-4] [INFO] [1790953869.712413777] [planner_server]: Planning took 17 ms
[planner_server-4] [INFO] [1790953869.712828374] [planner_server]: Plan computed: 612 poses
[planner_server-4] [INFO] [1790953869.842469229] [planner_server]: Planning took 19 ms
[planner_server-4] [INFO] [1790953869.843743690] [planner_server]: Plan computed: 612 poses
[planner_server-4] [INFO] [1790953869.973997271] [planner_server]: Planning took 19 ms
[planner_server-4] [INFO] [1790953869.974801604] [planner_server]: Plan computed: 612 poses
[planner_server-4] [INFO] [1790953870.102996984] [planner_server]: Planning took 19 ms
[planner_server-4] [INFO] [1790953870.103379355] [planner_server]: Plan computed: 612 poses
[planner_server-4] [INFO] [1790953870.231411578] [planner_server]: Planning took 17 ms
[planner_server-4] [INFO] [1790953870.231972450] [planner_server]: Plan computed: 612 poses
[planner_server-4] [INFO] [1790953870.362498114] [planner_server]: Planning took 18 ms
[planner_server-4] [INFO] [1790953870.363127374] [planner_server]: Plan computed: 612 poses
[planner_server-4] [INFO] [1790953870.493196164] [planner_server]: Planning took 18 ms
[planner_server-4] [INFO] [1790953870.494120749] [planner_server]: Plan computed: 612 poses
[planner_server-4] [INFO] [1790953870.624593208] [planner_server]: Planning took 20 ms
[planner_server-4] [INFO] [1790953870.624925709] [planner_server]: Plan computed: 612 poses
[planner_server-4] [INFO] [1790953870.753342207] [planner_server]: Planning took 19 ms
[planner_server-4] [INFO] [1790953870.753712745] [planner_server]: Plan computed: 612 poses
[planner_server-4] [INFO] [1790953870.881669035] [planner_server]: Planning took 18 ms
[planner_server-4] [INFO] [1790953870.882006646] [planner_server]: Plan computed: 612 poses
[planner_server-4] [INFO] [1790953871.012938371] [planner_server]: Planning took 18 ms
[planner_server-4] [INFO] [1790953871.013383810] [planner_server]: Plan computed: 612 poses
[controller_node-5] [WARN] [1790953871.064687122] [controller_server]: path_copy succeeded.
[controller_node-5] [INFO] [1790953871.064921275] [controller_server]: Computed velocity commands: linear.x=0.20, linear.y=-0.68, angular.z=0.00
[planner_server-4] [INFO] [1790953871.141592829] [planner_server]: Planning took 17 ms
[planner_server-4] [INFO] [1790953871.142126196] [planner_server]: Plan computed: 612 poses
[planner_server-4] [INFO] [1790953871.271680394] [planner_server]: Planning took 18 ms
[planner_server-4] [INFO] [1790953871.272747607] [planner_server]: Plan computed: 612 poses
[planner_server-4] [INFO] [1790953871.403631328] [planner_server]: Planning took 20 ms
[planner_server-4] [INFO] [1790953871.404389217] [planner_server]: Plan computed: 612 poses
[planner_server-4] [INFO] [1790953871.531349353] [planner_server]: Planning took 17 ms
[planner_server-4] [INFO] [1790953871.531715391] [planner_server]: Plan computed: 612 poses
[planner_server-4] [INFO] [1790953871.660549828] [planner_server]: Planning took 16 ms
[planner_server-4] [INFO] [1790953871.661292667] [planner_server]: Plan computed: 612 poses
[planner_server-4] [INFO] [1790953871.781484297] [planner_server]: Planning took 17 ms
[planner_server-4] [INFO] [1790953871.782159139] [planner_server]: Plan computed: 612 poses
[planner_server-4] [INFO] [1790953871.914134521] [planner_server]: Planning took 19 ms
[planner_server-4] [INFO] [1790953871.914466390] [planner_server]: Plan computed: 612 poses
[planner_server-4] [INFO] [1790953872.042237821] [planner_server]: Planning took 17 ms
[planner_server-4] [INFO] [1790953872.042607367] [planner_server]: Plan computed: 612 poses
[planner_server-4] [INFO] [1790953872.170608447] [planner_server]: Planning took 17 ms
[planner_server-4] [INFO] [1790953872.171027072] [planner_server]: Plan computed: 612 poses
[planner_server-4] [INFO] [1790953872.292458806] [planner_server]: Planning took 17 ms
[planner_server-4] [INFO] [1790953872.293008154] [planner_server]: Plan computed: 612 poses
[planner_server-4] [INFO] [1790953872.421197419] [planner_server]: Planning took 17 ms
[planner_server-4] [INFO] [1790953872.421489619] [planner_server]: Plan computed: 612 poses
[planner_server-4] [INFO] [1790953872.551893045] [planner_server]: Planning took 17 ms
[planner_server-4] [INFO] [1790953872.552586444] [planner_server]: Plan computed: 612 poses
[planner_server-4] [INFO] [1790953872.681851785] [planner_server]: Planning took 18 ms
[planner_server-4] [INFO] [1790953872.682291823] [planner_server]: Plan computed: 612 poses
[planner_server-4] [INFO] [1790953872.812335443] [planner_server]: Planning took 18 ms
[planner_server-4] [INFO] [1790953872.812782625] [planner_server]: Plan computed: 612 poses
[planner_server-4] [INFO] [1790953872.942234292] [planner_server]: Planning took 18 ms
[planner_server-4] [INFO] [1790953872.942525569] [planner_server]: Plan computed: 612 poses
[planner_server-4] [INFO] [1790953873.070498284] [planner_server]: Planning took 16 ms
[planner_server-4] [INFO] [1790953873.070777838] [planner_server]: Plan computed: 612 poses
[controller_node-5] [WARN] [1790953873.084314336] [controller_server]: path_copy succeeded.
[controller_node-5] [INFO] [1790953873.084654562] [controller_server]: Computed velocity commands: linear.x=-0.57, linear.y=-0.41, angular.z=0.00
[planner_server-4] [INFO] [1790953873.196010911] [planner_server]: Planning took 22 ms
[planner_server-4] [INFO] [1790953873.196515268] [planner_server]: Plan computed: 612 poses
[planner_server-4] [INFO] [1790953873.323876441] [planner_server]: Planning took 20 ms
[planner_server-4] [INFO] [1790953873.324167518] [planner_server]: Plan computed: 612 poses
[planner_server-4] [INFO] [1790953873.452362723] [planner_server]: Planning took 18 ms
[planner_server-4] [INFO] [1790953873.453710055] [planner_server]: Plan computed: 612 poses
[planner_server-4] [INFO] [1790953873.582379699] [planner_server]: Planning took 18 ms
[planner_server-4] [INFO] [1790953873.583155754] [planner_server]: Plan computed: 612 poses
[planner_server-4] [INFO] [1790953873.711211190] [planner_server]: Planning took 17 ms
[planner_server-4] [INFO] [1790953873.711619273] [planner_server]: Plan computed: 612 poses
[planner_server-4] [INFO] [1790953873.832281127] [planner_server]: Planning took 18 ms
[planner_server-4] [INFO] [1790953873.832703238] [planner_server]: Plan computed: 612 poses
[planner_server-4] [INFO] [1790953873.961096315] [planner_server]: Planning took 17 ms
[planner_server-4] [INFO] [1790953873.961438495] [planner_server]: Plan computed: 612 poses
[planner_server-4] [INFO] [1790953874.093628534] [planner_server]: Planning took 19 ms
[planner_server-4] [INFO] [1790953874.094212151] [planner_server]: Plan computed: 612 poses
[planner_server-4] [INFO] [1790953874.221322586] [planner_server]: Planning took 17 ms
[planner_server-4] [INFO] [1790953874.221917826] [planner_server]: Plan computed: 612 poses
[planner_server-4] [INFO] [1790953874.353192518] [planner_server]: Planning took 18 ms
[planner_server-4] [INFO] [1790953874.354489043] [planner_server]: Plan computed: 612 poses
[planner_server-4] [INFO] [1790953874.480666637] [planner_server]: Planning took 17 ms
[planner_server-4] [INFO] [1790953874.481236105] [planner_server]: Plan computed: 612 poses
[planner_server-4] [INFO] [1790953874.602307602] [planner_server]: Planning took 17 ms
[planner_server-4] [INFO] [1790953874.602931581] [planner_server]: Plan computed: 612 poses
[planner_server-4] [INFO] [1790953874.732425222] [planner_server]: Planning took 18 ms
[planner_server-4] [INFO] [1790953874.732759195] [planner_server]: Plan computed: 612 poses
[planner_server-4] [INFO] [1790953874.861471611] [planner_server]: Planning took 17 ms
[planner_server-4] [INFO] [1790953874.861937019] [planner_server]: Plan computed: 612 poses
[planner_server-4] [INFO] [1790953874.992821996] [planner_server]: Planning took 18 ms
[planner_server-4] [INFO] [1790953874.993505469] [planner_server]: Plan computed: 612 poses
[controller_node-5] [WARN] [1790953875.104110818] [controller_server]: path_copy succeeded.
[controller_node-5] [INFO] [1790953875.104414690] [controller_server]: Computed velocity commands: linear.x=-0.63, linear.y=0.32, angular.z=0.00
[planner_server-4] [INFO] [1790953875.121515030] [planner_server]: Planning took 17 ms
[planner_server-4] [INFO] [1790953875.121862180] [planner_server]: Plan computed: 612 poses
[planner_server-4] [INFO] [1790953875.240967801] [planner_server]: Planning took 16 ms
[planner_server-4] [INFO] [1790953875.241504383] [planner_server]: Plan computed: 612 poses
[planner_server-4] [INFO] [1790953875.361614145] [planner_server]: Planning took 17 ms
[planner_server-4] [INFO] [1790953875.362381753] [planner_server]: Plan computed: 612 poses
[planner_server-4] [INFO] [1790953875.491642793] [planner_server]: Planning took 17 ms
[planner_server-4] [INFO] [1790953875.492358957] [planner_server]: Plan computed: 612 poses
[planner_server-4] [INFO] [1790953875.614493855] [planner_server]: Planning took 18 ms
[planner_server-4] [INFO] [1790953875.615109426] [planner_server]: Plan computed: 612 poses
[planner_server-4] [INFO] [1790953875.740621725] [planner_server]: Planning took 17 ms
[planner_server-4] [INFO] [1790953875.741188528] [planner_server]: Plan computed: 612 poses
[planner_server-4] [INFO] [1790953875.861367722] [planner_server]: Planning took 18 ms
[planner_server-4] [INFO] [1790953875.861711125] [planner_server]: Plan computed: 612 poses
[planner_server-4] [INFO] [1790953875.982678329] [planner_server]: Planning took 18 ms
[planner_server-4] [INFO] [1790953875.983237186] [planner_server]: Plan computed: 612 poses
[planner_server-4] [INFO] [1790953876.111845268] [planner_server]: Planning took 17 ms
[planner_server-4] [INFO] [1790953876.112394034] [planner_server]: Plan computed: 612 poses
[planner_server-4] [INFO] [1790953876.241572810] [planner_server]: Planning took 17 ms
[planner_server-4] [INFO] [1790953876.242142388] [planner_server]: Plan computed: 612 poses
[planner_server-4] [INFO] [1790953876.364204376] [planner_server]: Planning took 20 ms
[planner_server-4] [INFO] [1790953876.364509231] [planner_server]: Plan computed: 612 poses
[planner_server-4] [INFO] [1790953876.494825241] [planner_server]: Planning took 20 ms
[planner_server-4] [INFO] [1790953876.495154234] [planner_server]: Plan computed: 612 poses
[planner_server-4] [INFO] [1790953876.624228218] [planner_server]: Planning took 19 ms
[planner_server-4] [INFO] [1790953876.624571069] [planner_server]: Plan computed: 612 poses
[planner_server-4] [INFO] [1790953876.752300328] [planner_server]: Planning took 18 ms
[planner_server-4] [INFO] [1790953876.752669473] [planner_server]: Plan computed: 612 poses
[planner_server-4] [INFO] [1790953876.882417411] [planner_server]: Planning took 18 ms
[planner_server-4] [INFO] [1790953876.882750563] [planner_server]: Plan computed: 612 poses
[planner_server-4] [INFO] [1790953877.014678378] [planner_server]: Planning took 18 ms
[planner_server-4] [INFO] [1790953877.014984014] [planner_server]: Plan computed: 612 poses
[controller_node-5] [WARN] [1790953877.105096457] [controller_server]: path_copy succeeded.
[controller_node-5] [INFO] [1790953877.105809805] [controller_server]: Computed velocity commands: linear.x=0.08, linear.y=0.70, angular.z=0.00
[planner_server-4] [INFO] [1790953877.144780611] [planner_server]: Planning took 19 ms
[planner_server-4] [INFO] [1790953877.145114574] [planner_server]: Plan computed: 612 poses
[planner_server-4] [INFO] [1790953877.272543959] [planner_server]: Planning took 18 ms
[planner_server-4] [INFO] [1790953877.273009427] [planner_server]: Plan computed: 612 poses
[planner_server-4] [INFO] [1790953877.402050451] [planner_server]: Planning took 18 ms
[planner_server-4] [INFO] [1790953877.402435217] [planner_server]: Plan computed: 612 poses
[planner_server-4] [INFO] [1790953877.533991972] [planner_server]: Planning took 19 ms
[planner_server-4] [INFO] [1790953877.534659076] [planner_server]: Plan computed: 612 poses
[planner_server-4] [INFO] [1790953877.662502616] [planner_server]: Planning took 18 ms
[planner_server-4] [INFO] [1790953877.663046302] [planner_server]: Plan computed: 612 poses
[planner_server-4] [INFO] [1790953877.794085203] [planner_server]: Planning took 18 ms
[planner_server-4] [INFO] [1790953877.794537565] [planner_server]: Plan computed: 612 poses
[planner_server-4] [INFO] [1790953877.920879218] [planner_server]: Planning took 17 ms
[planner_server-4] [INFO] [1790953877.921383885] [planner_server]: Plan computed: 612 poses
[planner_server-4] [INFO] [1790953878.051599663] [planner_server]: Planning took 17 ms
[planner_server-4] [INFO] [1790953878.052666661] [planner_server]: Plan computed: 612 poses
[planner_server-4] [INFO] [1790953878.181044976] [planner_server]: Planning took 17 ms
[planner_server-4] [INFO] [1790953878.181447117] [planner_server]: Plan computed: 612 poses
[planner_server-4] [INFO] [1790953878.302547943] [planner_server]: Planning took 17 ms
[planner_server-4] [INFO] [1790953878.303145938] [planner_server]: Plan computed: 612 poses
[planner_server-4] [INFO] [1790953878.431395081] [planner_server]: Planning took 16 ms
[planner_server-4] [INFO] [1790953878.432234102] [planner_server]: Plan computed: 612 poses
[planner_server-4] [INFO] [1790953878.562552616] [planner_server]: Planning took 17 ms
[planner_server-4] [INFO] [1790953878.563125781] [planner_server]: Plan computed: 612 poses
[planner_server-4] [INFO] [1790953878.691942588] [planner_server]: Planning took 17 ms
[planner_server-4] [INFO] [1790953878.692946512] [planner_server]: Plan computed: 612 poses
[planner_server-4] [INFO] [1790953878.820790718] [planner_server]: Planning took 17 ms
[planner_server-4] [INFO] [1790953878.821318592] [planner_server]: Plan computed: 612 poses
[planner_server-4] [INFO] [1790953878.941028314] [planner_server]: Planning took 17 ms
[planner_server-4] [INFO] [1790953878.941547781] [planner_server]: Plan computed: 612 poses
[planner_server-4] [INFO] [1790953879.060906439] [planner_server]: Planning took 16 ms
[planner_server-4] [INFO] [1790953879.061228157] [planner_server]: Plan computed: 612 poses
[controller_node-5] [WARN] [1790953879.124673693] [controller_server]: path_copy succeeded.
[controller_node-5] [INFO] [1790953879.124937985] [controller_server]: Computed velocity commands: linear.x=0.67, linear.y=0.23, angular.z=0.00
[planner_server-4] [INFO] [1790953879.181128792] [planner_server]: Planning took 17 ms
[planner_server-4] [INFO] [1790953879.181598468] [planner_server]: Plan computed: 612 poses
[planner_server-4] [INFO] [1790953879.312777280] [planner_server]: Planning took 18 ms
[planner_server-4] [INFO] [1790953879.313157286] [planner_server]: Plan computed: 612 poses
[planner_server-4] [INFO] [1790953879.441462147] [planner_server]: Planning took 17 ms
[planner_server-4] [INFO] [1790953879.442169643] [planner_server]: Plan computed: 612 poses
[planner_server-4] [INFO] [1790953879.571611816] [planner_server]: Planning took 17 ms
[planner_server-4] [INFO] [1790953879.572061342] [planner_server]: Plan computed: 612 poses
[planner_server-4] [INFO] [1790953879.701781014] [planner_server]: Planning took 17 ms
[planner_server-4] [INFO] [1790953879.702089896] [planner_server]: Plan computed: 612 poses
[planner_server-4] [INFO] [1790953879.832181678] [planner_server]: Planning took 18 ms
[planner_server-4] [INFO] [1790953879.832577196] [planner_server]: Plan computed: 612 poses
[planner_server-4] [INFO] [1790953879.961908856] [planner_server]: Planning took 17 ms
[planner_server-4] [INFO] [1790953879.962257498] [planner_server]: Plan computed: 612 poses
[planner_server-4] [INFO] [1790953880.097802581] [planner_server]: Planning took 22 ms
[planner_server-4] [INFO] [1790953880.098182216] [planner_server]: Plan computed: 612 poses
[planner_server-4] [INFO] [1790953880.224072159] [planner_server]: Planning took 18 ms
[planner_server-4] [INFO] [1790953880.224462526] [planner_server]: Plan computed: 612 poses
[planner_server-4] [INFO] [1790953880.351523385] [planner_server]: Planning took 17 ms
[planner_server-4] [INFO] [1790953880.351717226] [planner_server]: Plan computed: 612 poses
[planner_server-4] [INFO] [1790953880.487007859] [planner_server]: Planning took 20 ms
[planner_server-4] [INFO] [1790953880.487523478] [planner_server]: Plan computed: 612 poses
[planner_server-4] [INFO] [1790953880.611594122] [planner_server]: Planning took 17 ms
[planner_server-4] [INFO] [1790953880.611949388] [planner_server]: Plan computed: 612 poses
[planner_server-4] [INFO] [1790953880.743564744] [planner_server]: Planning took 20 ms
[planner_server-4] [INFO] [1790953880.743938347] [planner_server]: Plan computed: 612 poses
[planner_server-4] [INFO] [1790953880.871377910] [planner_server]: Planning took 17 ms
[planner_server-4] [INFO] [1790953880.871665429] [planner_server]: Plan computed: 612 poses
[planner_server-4] [INFO] [1790953881.004184075] [planner_server]: Planning took 19 ms
[planner_server-4] [INFO] [1790953881.004652088] [planner_server]: Plan computed: 612 poses
[controller_node-5] [WARN] [1790953881.125928987] [controller_server]: path_copy succeeded.
[controller_node-5] [INFO] [1790953881.126410541] [controller_server]: Computed velocity commands: linear.x=0.44, linear.y=-0.55, angular.z=0.00
[planner_server-4] [INFO] [1790953881.131620909] [planner_server]: Planning took 18 ms
[planner_server-4] [INFO] [1790953881.132032558] [planner_server]: Plan computed: 612 poses
[planner_server-4] [INFO] [1790953881.266906134] [planner_server]: Planning took 22 ms
[planner_server-4] [INFO] [1790953881.267274366] [planner_server]: Plan computed: 612 poses
[planner_server-4] [INFO] [1790953881.392314381] [planner_server]: Planning took 17 ms
[planner_server-4] [INFO] [1790953881.392620317] [planner_server]: Plan computed: 612 poses
[planner_server-4] [INFO] [1790953881.520849336] [planner_server]: Planning took 17 ms
[planner_server-4] [INFO] [1790953881.521310756] [planner_server]: Plan computed: 612 poses
[planner_server-4] [INFO] [1790953881.640468299] [planner_server]: Planning took 16 ms
[planner_server-4] [INFO] [1790953881.641032095] [planner_server]: Plan computed: 612 poses
[planner_server-4] [INFO] [1790953881.761459396] [planner_server]: Planning took 17 ms
[planner_server-4] [INFO] [1790953881.761780032] [planner_server]: Plan computed: 612 poses
[planner_server-4] [INFO] [1790953881.895165144] [planner_server]: Planning took 19 ms
[planner_server-4] [INFO] [1790953881.895545440] [planner_server]: Plan computed: 612 poses
[planner_server-4] [INFO] [1790953882.021031684] [planner_server]: Planning took 17 ms
[planner_server-4] [INFO] [1790953882.021502843] [planner_server]: Plan computed: 612 poses
[planner_server-4] [INFO] [1790953882.143233878] [planner_server]: Planning took 18 ms
[planner_server-4] [INFO] [1790953882.143521538] [planner_server]: Plan computed: 612 poses
[planner_server-4] [INFO] [1790953882.274293906] [planner_server]: Planning took 20 ms
[planner_server-4] [INFO] [1790953882.275422214] [planner_server]: Plan computed: 612 poses
[planner_server-4] [INFO] [1790953882.402237916] [planner_server]: Planning took 18 ms
[planner_server-4] [INFO] [1790953882.402592050] [planner_server]: Plan computed: 612 poses
[planner_server-4] [INFO] [1790953882.533672528] [planner_server]: Planning took 19 ms
[planner_server-4] [INFO] [1790953882.534256024] [planner_server]: Plan computed: 612 poses
[planner_server-4] [INFO] [1790953882.664665321] [planner_server]: Planning took 21 ms
[planner_server-4] [INFO] [1790953882.665142813] [planner_server]: Plan computed: 612 poses
[planner_server-4] [INFO] [1790953882.792633691] [planner_server]: Planning took 18 ms
[planner_server-4] [INFO] [1790953882.792980539] [planner_server]: Plan computed: 612 poses
[planner_server-4] [INFO] [1790953882.921776176] [planner_server]: Planning took 18 ms
[planner_server-4] [INFO] [1790953882.922343709] [planner_server]: Plan computed: 612 poses
[planner_server-4] [INFO] [1790953883.051950957] [planner_server]: Planning took 18 ms
[planner_server-4] [INFO] [1790953883.052418960] [planner_server]: Plan computed: 612 poses
[controller_node-5] [WARN] [1790953883.145372882] [controller_server]: path_copy succeeded.
[controller_node-5] [INFO] [1790953883.145637685] [controller_server]: Computed velocity commands: linear.x=-0.30, linear.y=-0.64, angular.z=0.00
[planner_server-4] [INFO] [1790953883.176564496] [planner_server]: Planning took 18 ms
[planner_server-4] [INFO] [1790953883.177174354] [planner_server]: Plan computed: 612 poses
[planner_server-4] [INFO] [1790953883.304004407] [planner_server]: Planning took 19 ms
[planner_server-4] [INFO] [1790953883.304580267] [planner_server]: Plan computed: 612 poses
[planner_server-4] [INFO] [1790953883.431980850] [planner_server]: Planning took 18 ms
[planner_server-4] [INFO] [1790953883.432640709] [planner_server]: Plan computed: 612 poses
[planner_server-4] [INFO] [1790953883.563565534] [planner_server]: Planning took 18 ms
[planner_server-4] [INFO] [1790953883.564082134] [planner_server]: Plan computed: 612 poses
[planner_server-4] [INFO] [1790953883.692284872] [planner_server]: Planning took 18 ms
[planner_server-4] [INFO] [1790953883.692952356] [planner_server]: Plan computed: 612 poses
[planner_server-4] [INFO] [1790953883.813025851] [planner_server]: Planning took 17 ms
[planner_server-4] [INFO] [1790953883.813815882] [planner_server]: Plan computed: 612 poses
[planner_server-4] [INFO] [1790953883.943921818] [planner_server]: Planning took 18 ms
[planner_server-4] [INFO] [1790953883.944575254] [planner_server]: Plan computed: 612 poses
[planner_server-4] [INFO] [1790953884.071348404] [planner_server]: Planning took 17 ms
[planner_server-4] [INFO] [1790953884.071885175] [planner_server]: Plan computed: 612 poses
[planner_server-4] [INFO] [1790953884.202627894] [planner_server]: Planning took 17 ms
[planner_server-4] [INFO] [1790953884.203186479] [planner_server]: Plan computed: 612 poses
[planner_server-4] [INFO] [1790953884.330733152] [planner_server]: Planning took 17 ms
[planner_server-4] [INFO] [1790953884.331044238] [planner_server]: Plan computed: 612 poses
[planner_server-4] [INFO] [1790953884.450163830] [planner_server]: Planning took 16 ms
[planner_server-4] [INFO] [1790953884.450897968] [planner_server]: Plan computed: 612 poses
[planner_server-4] [INFO] [1790953884.572027497] [planner_server]: Planning took 17 ms
[planner_server-4] [INFO] [1790953884.572502664] [planner_server]: Plan computed: 612 poses
[planner_server-4] [INFO] [1790953884.700597901] [planner_server]: Planning took 17 ms
[planner_server-4] [INFO] [1790953884.701219654] [planner_server]: Plan computed: 612 poses
[planner_server-4] [INFO] [1790953884.832122705] [planner_server]: Planning took 18 ms
[planner_server-4] [INFO] [1790953884.832477640] [planner_server]: Plan computed: 612 poses
[planner_server-4] [INFO] [1790953884.962658638] [planner_server]: Planning took 18 ms
[planner_server-4] [INFO] [1790953884.963164547] [planner_server]: Plan computed: 612 poses
[planner_server-4] [INFO] [1790953885.092952990] [planner_server]: Planning took 18 ms
[planner_server-4] [INFO] [1790953885.093674172] [planner_server]: Plan computed: 612 poses
[controller_node-5] [WARN] [1790953885.165417806] [controller_server]: path_copy succeeded.
[controller_node-5] [INFO] [1790953885.165552377] [controller_server]: Computed velocity commands: linear.x=-0.70, linear.y=0.07, angular.z=0.00
[planner_server-4] [INFO] [1790953885.223974817] [planner_server]: Planning took 19 ms
[planner_server-4] [INFO] [1790953885.224903938] [planner_server]: Plan computed: 612 poses
[planner_server-4] [INFO] [1790953885.353497524] [planner_server]: Planning took 17 ms
[planner_server-4] [INFO] [1790953885.354229709] [planner_server]: Plan computed: 612 poses
[planner_server-4] [INFO] [1790953885.481623038] [planner_server]: Planning took 17 ms
[planner_server-4] [INFO] [1790953885.482266103] [planner_server]: Plan computed: 612 poses
[planner_server-4] [INFO] [1790953885.612550214] [planner_server]: Planning took 18 ms
[planner_server-4] [INFO] [1790953885.613125142] [planner_server]: Plan computed: 612 poses
[planner_server-4] [INFO] [1790953885.740837434] [planner_server]: Planning took 17 ms
[planner_server-4] [INFO] [1790953885.741292431] [planner_server]: Plan computed: 612 poses
[planner_server-4] [INFO] [1790953885.862139750] [planner_server]: Planning took 17 ms
[planner_server-4] [INFO] [1790953885.862441317] [planner_server]: Plan computed: 612 poses
[planner_server-4] [INFO] [1790953885.991666856] [planner_server]: Planning took 18 ms
[planner_server-4] [INFO] [1790953885.992198487] [planner_server]: Plan computed: 612 poses
[planner_server-4] [INFO] [1790953886.123332897] [planner_server]: Planning took 17 ms
[planner_server-4] [INFO] [1790953886.123657080] [planner_server]: Plan computed: 612 poses
[planner_server-4] [INFO] [1790953886.253298953] [planner_server]: Planning took 19 ms
[planner_server-4] [INFO] [1790953886.253862147] [planner_server]: Plan computed: 612 poses
[planner_server-4] [INFO] [1790953886.382399537] [planner_server]: Planning took 17 ms
[planner_server-4] [INFO] [1790953886.382881848] [planner_server]: Plan computed: 612 poses
[planner_server-4] [INFO] [1790953886.513619738] [planner_server]: Planning took 19 ms
[planner_server-4] [INFO] [1790953886.514392614] [planner_server]: Plan computed: 612 poses
[planner_server-4] [INFO] [1790953886.641454663] [planner_server]: Planning took 17 ms
[planner_server-4] [INFO] [1790953886.641994009] [planner_server]: Plan computed: 612 poses
[planner_server-4] [INFO] [1790953886.762301119] [planner_server]: Planning took 18 ms
[planner_server-4] [INFO] [1790953886.762592505] [planner_server]: Plan computed: 612 poses
[planner_server-4] [INFO] [1790953886.892550215] [planner_server]: Planning took 17 ms
[planner_server-4] [INFO] [1790953886.893233681] [planner_server]: Plan computed: 612 poses
[planner_server-4] [INFO] [1790953887.020616290] [planner_server]: Planning took 17 ms
[planner_server-4] [INFO] [1790953887.020944661] [planner_server]: Plan computed: 612 poses
[planner_server-4] [INFO] [1790953887.144263892] [planner_server]: Planning took 19 ms
[planner_server-4] [INFO] [1790953887.144969974] [planner_server]: Plan computed: 612 poses
[controller_node-5] [WARN] [1790953887.165752561] [controller_server]: path_copy succeeded.
[controller_node-5] [INFO] [1790953887.166006522] [controller_server]: Computed velocity commands: linear.x=-0.21, linear.y=0.67, angular.z=0.00
[planner_server-4] [INFO] [1790953887.273237496] [planner_server]: Planning took 17 ms
[planner_server-4] [INFO] [1790953887.274003348] [planner_server]: Plan computed: 612 poses
[planner_server-4] [INFO] [1790953887.400907084] [planner_server]: Planning took 17 ms
[planner_server-4] [INFO] [1790953887.401401570] [planner_server]: Plan computed: 612 poses
[planner_server-4] [INFO] [1790953887.521508934] [planner_server]: Planning took 17 ms
[planner_server-4] [INFO] [1790953887.521921866] [planner_server]: Plan computed: 612 poses
[planner_server-4] [INFO] [1790953887.653386143] [planner_server]: Planning took 19 ms
[planner_server-4] [INFO] [1790953887.653726969] [planner_server]: Plan computed: 612 poses
[planner_server-4] [INFO] [1790953887.780811190] [planner_server]: Planning took 17 ms
[planner_server-4] [INFO] [1790953887.781333080] [planner_server]: Plan computed: 612 poses
[planner_server-4] [INFO] [1790953887.901386106] [planner_server]: Planning took 17 ms
[planner_server-4] [INFO] [1790953887.901911233] [planner_server]: Plan computed: 612 poses
[planner_server-4] [INFO] [1790953888.032137460] [planner_server]: Planning took 17 ms
[planner_server-4] [INFO] [1790953888.032593377] [planner_server]: Plan computed: 612 poses
[planner_server-4] [INFO] [1790953888.162810755] [planner_server]: Planning took 18 ms
[planner_server-4] [INFO] [1790953888.163472177] [planner_server]: Plan computed: 612 poses
[planner_server-4] [INFO] [1790953888.290856783] [planner_server]: Planning took 17 ms
[planner_server-4] [INFO] [1790953888.291514537] [planner_server]: Plan computed: 612 poses
[planner_server-4] [INFO] [1790953888.411611079] [planner_server]: Planning took 17 ms
[planner_server-4] [INFO] [1790953888.412005663] [planner_server]: Plan computed: 612 poses
[planner_server-4] [INFO] [1790953888.532360966] [planner_server]: Planning took 18 ms
[planner_server-4] [INFO] [1790953888.532697834] [planner_server]: Plan computed: 612 poses
[planner_server-4] [INFO] [1790953888.663040740] [planner_server]: Planning took 19 ms
[planner_server-4] [INFO] [1790953888.663782252] [planner_server]: Plan computed: 612 poses
[planner_server-4] [INFO] [1790953888.792969572] [planner_server]: Planning took 19 ms
[planner_server-4] [INFO] [1790953888.793425660] [planner_server]: Plan computed: 612 poses
[planner_server-4] [INFO] [1790953888.922105939] [planner_server]: Planning took 17 ms
[planner_server-4] [INFO] [1790953888.922489602] [planner_server]: Plan computed: 612 poses
[planner_server-4] [INFO] [1790953889.051448428] [planner_server]: Planning took 17 ms
[planner_server-4] [INFO] [1790953889.051951531] [planner_server]: Plan computed: 612 poses
[controller_node-5] [WARN] [1790953889.165865739] [controller_server]: path_copy succeeded.
[controller_node-5] [INFO] [1790953889.166098948] [controller_server]: Computed velocity commands: linear.x=0.53, linear.y=0.46, angular.z=0.00
[planner_server-4] [INFO] [1790953889.184900848] [planner_server]: Planning took 19 ms
[planner_server-4] [INFO] [1790953889.185210311] [planner_server]: Plan computed: 612 poses
[planner_server-4] [INFO] [1790953889.311857885] [planner_server]: Planning took 16 ms
[planner_server-4] [INFO] [1790953889.312391930] [planner_server]: Plan computed: 612 poses
[planner_server-4] [INFO] [1790953889.441210694] [planner_server]: Planning took 17 ms
[planner_server-4] [INFO] [1790953889.441586240] [planner_server]: Plan computed: 612 poses
[planner_server-4] [INFO] [1790953889.564379507] [planner_server]: Planning took 17 ms
[planner_server-4] [INFO] [1790953889.564777829] [planner_server]: Plan computed: 612 poses
[planner_server-4] [INFO] [1790953889.690995588] [planner_server]: Planning took 17 ms
[planner_server-4] [INFO] [1790953889.691346244] [planner_server]: Plan computed: 612 poses
[planner_server-4] [INFO] [1790953889.810959782] [planner_server]: Planning took 16 ms
[planner_server-4] [INFO] [1790953889.811351851] [planner_server]: Plan computed: 612 poses
[planner_server-4] [INFO] [1790953889.931597921] [planner_server]: Planning took 18 ms
[planner_server-4] [INFO] [1790953889.931906893] [planner_server]: Plan computed: 612 poses
[planner_server-4] [INFO] [1790953890.053598088] [planner_server]: Planning took 18 ms
[planner_server-4] [INFO] [1790953890.054027923] [planner_server]: Plan computed: 612 poses
[planner_server-4] [INFO] [1790953890.182879279] [planner_server]: Planning took 18 ms
[planner_server-4] [INFO] [1790953890.183369776] [planner_server]: Plan computed: 612 poses
[planner_server-4] [INFO] [1790953890.313464264] [planner_server]: Planning took 19 ms
[planner_server-4] [INFO] [1790953890.313803527] [planner_server]: Plan computed: 612 poses
[planner_server-4] [INFO] [1790953890.441394205] [planner_server]: Planning took 17 ms
[planner_server-4] [INFO] [1790953890.442154235] [planner_server]: Plan computed: 612 poses
[planner_server-4] [INFO] [1790953890.564393209] [planner_server]: Planning took 18 ms
[planner_server-4] [INFO] [1790953890.564858686] [planner_server]: Plan computed: 612 poses
[planner_server-4] [INFO] [1790953890.693432037] [planner_server]: Planning took 19 ms
[planner_server-4] [INFO] [1790953890.693853495] [planner_server]: Plan computed: 612 poses
[planner_server-4] [INFO] [1790953890.821702073] [planner_server]: Planning took 17 ms
[planner_server-4] [INFO] [1790953890.822105665] [planner_server]: Plan computed: 612 poses
[planner_server-4] [INFO] [1790953890.951242726] [planner_server]: Planning took 17 ms
[planner_server-4] [INFO] [1790953890.952451688] [planner_server]: Plan computed: 612 poses
[planner_server-4] [INFO] [1790953891.080832547] [planner_server]: Planning took 16 ms
[planner_server-4] [INFO] [1790953891.081327673] [planner_server]: Plan computed: 612 poses
[controller_node-5] [WARN] [1790953891.165988443] [controller_server]: path_copy succeeded.
[controller_node-5] [INFO] [1790953891.166210219] [controller_server]: Computed velocity commands: linear.x=0.65, linear.y=-0.27, angular.z=0.00
[planner_server-4] [INFO] [1790953891.201826881] [planner_server]: Planning took 18 ms
[planner_server-4] [INFO] [1790953891.202132375] [planner_server]: Plan computed: 612 poses
[planner_server-4] [INFO] [1790953891.331133749] [planner_server]: Planning took 17 ms
[planner_server-4] [INFO] [1790953891.331407651] [planner_server]: Plan computed: 612 poses
[planner_server-4] [INFO] [1790953891.451965977] [planner_server]: Planning took 18 ms
[planner_server-4] [INFO] [1790953891.452355119] [planner_server]: Plan computed: 612 poses
[planner_server-4] [INFO] [1790953891.573599326] [planner_server]: Planning took 17 ms
[planner_server-4] [INFO] [1790953891.574048069] [planner_server]: Plan computed: 612 poses
[planner_server-4] [INFO] [1790953891.702259253] [planner_server]: Planning took 18 ms
[planner_server-4] [INFO] [1790953891.702620890] [planner_server]: Plan computed: 612 poses
[planner_server-4] [INFO] [1790953891.834158898] [planner_server]: Planning took 20 ms
[planner_server-4] [INFO] [1790953891.834654415] [planner_server]: Plan computed: 612 poses
[planner_server-4] [INFO] [1790953891.963088156] [planner_server]: Planning took 17 ms
[planner_server-4] [INFO] [1790953891.963536759] [planner_server]: Plan computed: 612 poses
[planner_server-4] [INFO] [1790953892.092027883] [planner_server]: Planning took 18 ms
[planner_server-4] [INFO] [1790953892.092427357] [planner_server]: Plan computed: 612 poses
[planner_server-4] [INFO] [1790953892.220630000] [planner_server]: Planning took 17 ms
[planner_server-4] [INFO] [1790953892.221235618] [planner_server]: Plan computed: 612 poses
[planner_server-4] [INFO] [1790953892.342488510] [planner_server]: Planning took 18 ms
[planner_server-4] [INFO] [1790953892.343113127] [planner_server]: Plan computed: 612 poses
[planner_server-4] [INFO] [1790953892.471389649] [planner_server]: Planning took 17 ms
[planner_server-4] [INFO] [1790953892.471925727] [planner_server]: Plan computed: 612 poses
[planner_server-4] [INFO] [1790953892.590773121] [planner_server]: Planning took 17 ms
[planner_server-4] [INFO] [1790953892.591331865] [planner_server]: Plan computed: 612 poses
[planner_server-4] [INFO] [1790953892.711869017] [planner_server]: Planning took 17 ms
[planner_server-4] [INFO] [1790953892.712458523] [planner_server]: Plan computed: 612 poses
[planner_server-4] [INFO] [1790953892.842713925] [planner_server]: Planning took 17 ms
[planner_server-4] [INFO] [1790953892.843329584] [planner_server]: Plan computed: 612 poses
[planner_server-4] [INFO] [1790953892.975387962] [planner_server]: Planning took 21 ms
[planner_server-4] [INFO] [1790953892.975650991] [planner_server]: Plan computed: 612 poses
[planner_server-4] [INFO] [1790953893.101592111] [planner_server]: Planning took 17 ms
[planner_server-4] [INFO] [1790953893.102108690] [planner_server]: Plan computed: 612 poses
[controller_node-5] [WARN] [1790953893.166730827] [controller_server]: path_copy succeeded.
[controller_node-5] [INFO] [1790953893.166970900] [controller_server]: Computed velocity commands: linear.x=-0.03, linear.y=-0.70, angular.z=0.00
[planner_server-4] [INFO] [1790953893.232535954] [planner_server]: Planning took 18 ms
[planner_server-4] [INFO] [1790953893.233141863] [planner_server]: Plan computed: 612 poses
[planner_server-4] [INFO] [1790953893.362425367] [planner_server]: Planning took 18 ms
[planner_server-4] [INFO] [1790953893.362742144] [planner_server]: Plan computed: 612 poses
[planner_server-4] [INFO] [1790953893.494673894] [planner_server]: Planning took 20 ms
[planner_server-4] [INFO] [1790953893.495526289] [planner_server]: Plan computed: 612 poses
[planner_server-4] [INFO] [1790953893.621425054] [planner_server]: Planning took 17 ms
[planner_server-4] [INFO] [1790953893.621776341] [planner_server]: Plan computed: 612 poses
[planner_server-4] [INFO] [1790953893.752845294] [planner_server]: Planning took 18 ms
[planner_server-4] [INFO] [1790953893.753531073] [planner_server]: Plan computed: 612 poses
[planner_server-4] [INFO] [1790953893.881290524] [planner_server]: Planning took 18 ms
[planner_server-4] [INFO] [1790953893.881911172] [planner_server]: Plan computed: 612 poses
[planner_server-4] [INFO] [1790953894.010957426] [planner_server]: Planning took 17 ms
[planner_server-4] [INFO] [1790953894.011373924] [planner_server]: Plan computed: 612 poses
[planner_server-4] [INFO] [1790953894.132069602] [planner_server]: Planning took 18 ms
[planner_server-4] [INFO] [1790953894.132326208] [planner_server]: Plan computed: 612 poses
[planner_server-4] [INFO] [1790953894.264839293] [planner_server]: Planning took 20 ms
[planner_server-4] [INFO] [1790953894.265148515] [planner_server]: Plan computed: 612 poses
[planner_server-4] [INFO] [1790953894.392059381] [planner_server]: Planning took 18 ms
[planner_server-4] [INFO] [1790953894.392371338] [planner_server]: Plan computed: 612 poses
[planner_server-4] [INFO] [1790953894.524409009] [planner_server]: Planning took 17 ms
[planner_server-4] [INFO] [1790953894.524756318] [planner_server]: Plan computed: 612 poses
[planner_server-4] [INFO] [1790953894.651453163] [planner_server]: Planning took 17 ms
[planner_server-4] [INFO] [1790953894.651829140] [planner_server]: Plan computed: 612 poses
[planner_server-4] [INFO] [1790953894.770784300] [planner_server]: Planning took 17 ms
[planner_server-4] [INFO] [1790953894.771221329] [planner_server]: Plan computed: 612 poses
[planner_server-4] [INFO] [1790953894.891213470] [planner_server]: Planning took 17 ms
[planner_server-4] [INFO] [1790953894.891674297] [planner_server]: Plan computed: 612 poses
[planner_server-4] [INFO] [1790953895.012030740] [planner_server]: Planning took 17 ms
[planner_server-4] [INFO] [1790953895.012430263] [planner_server]: Plan computed: 612 poses
[planner_server-4] [INFO] [1790953895.132502176] [planner_server]: Planning took 17 ms
[planner_server-4] [INFO] [1790953895.133078084] [planner_server]: Plan computed: 612 poses
[controller_node-5] [WARN] [1790953895.166895219] [controller_server]: path_copy succeeded.
[controller_node-5] [INFO] [1790953895.167131274] [controller_server]: Computed velocity commands: linear.x=-0.68, linear.y=-0.18, angular.z=0.00
[planner_server-4] [INFO] [1790953895.260850551] [planner_server]: Planning took 17 ms
[planner_server-4] [INFO] [1790953895.261290897] [planner_server]: Plan computed: 612 poses
[planner_server-4] [INFO] [1790953895.393108529] [planner_server]: Planning took 18 ms
[planner_server-4] [INFO] [1790953895.393540548] [planner_server]: Plan computed: 612 poses
[planner_server-4] [INFO] [1790953895.521374409] [planner_server]: Planning took 17 ms
[planner_server-4] [INFO] [1790953895.523189620] [planner_server]: Plan computed: 612 poses
[planner_server-4] [INFO] [1790953895.652718635] [planner_server]: Planning took 18 ms
[planner_server-4] [INFO] [1790953895.653105423] [planner_server]: Plan computed: 612 poses
[planner_server-4] [INFO] [1790953895.781602412] [planner_server]: Planning took 17 ms
[planner_server-4] [INFO] [1790953895.781952316] [planner_server]: Plan computed: 612 poses
[planner_server-4] [INFO] [1790953895.903420205] [planner_server]: Planning took 17 ms
[planner_server-4] [INFO] [1790953895.904020202] [planner_server]: Plan computed: 612 poses
[planner_server-4] [INFO] [1790953896.032221383] [planner_server]: Planning took 18 ms
[planner_server-4] [INFO] [1790953896.032854576] [planner_server]: Plan computed: 612 poses
[planner_server-4] [INFO] [1790953896.163165425] [planner_server]: Planning took 17 ms
[planner_server-4] [INFO] [1790953896.163496260] [planner_server]: Plan computed: 612 poses
[planner_server-4] [INFO] [1790953896.284811281] [planner_server]: Planning took 18 ms
[planner_server-4] [INFO] [1790953896.285343811] [planner_server]: Plan computed: 612 poses
[planner_server-4] [INFO] [1790953896.411404163] [planner_server]: Planning took 17 ms
[planner_server-4] [INFO] [1790953896.412027827] [planner_server]: Plan computed: 612 poses
[planner_server-4] [INFO] [1790953896.541509900] [planner_server]: Planning took 17 ms
[planner_server-4] [INFO] [1790953896.541871597] [planner_server]: Plan computed: 612 poses
[planner_server-4] [INFO] [1790953896.663876093] [planner_server]: Planning took 19 ms
[planner_server-4] [INFO] [1790953896.664136326] [planner_server]: Plan computed: 612 poses
[planner_server-4] [INFO] [1790953896.793796647] [planner_server]: Planning took 17 ms
[planner_server-4] [INFO] [1790953896.794075087] [planner_server]: Plan computed: 612 poses
[planner_server-4] [INFO] [1790953896.921959366] [planner_server]: Planning took 18 ms
[planner_server-4] [INFO] [1790953896.922307566] [planner_server]: Plan computed: 612 poses
[planner_server-4] [INFO] [1790953897.051164028] [planner_server]: Planning took 16 ms
[planner_server-4] [INFO] [1790953897.051539172] [planner_server]: Plan computed: 612 poses
[controller_node-5] [WARN] [1790953897.168228532] [controller_server]: path_copy succeeded.
[controller_node-5] [INFO] [1790953897.168416379] [controller_server]: Computed velocity commands: linear.x=-0.41, linear.y=0.57, angular.z=0.00
[planner_server-4] [INFO] [1790953897.171944923] [planner_server]: Planning took 17 ms
[planner_server-4] [INFO] [1790953897.172347452] [planner_server]: Plan computed: 612 poses
[planner_server-4] [INFO] [1790953897.301744249] [planner_server]: Planning took 18 ms
[planner_server-4] [INFO] [1790953897.302498034] [planner_server]: Plan computed: 612 poses
[planner_server-4] [INFO] [1790953897.430551241] [planner_server]: Planning took 17 ms
[planner_server-4] [INFO] [1790953897.431151518] [planner_server]: Plan computed: 612 poses
[planner_server-4] [INFO] [1790953897.556587125] [planner_server]: Planning took 21 ms
[planner_server-4] [INFO] [1790953897.557214446] [planner_server]: Plan computed: 612 poses
[planner_server-4] [INFO] [1790953897.683377508] [planner_server]: Planning took 19 ms
[planner_server-4] [INFO] [1790953897.683779867] [planner_server]: Plan computed: 612 poses
[planner_server-4] [INFO] [1790953897.812465298] [planner_server]: Planning took 18 ms
[planner_server-4] [INFO] [1790953897.812887607] [planner_server]: Plan computed: 612 poses
[planner_server-4] [INFO] [1790953897.941545043] [planner_server]: Planning took 17 ms
[planner_server-4] [INFO] [1790953897.942036271] [planner_server]: Plan computed: 612 poses
[planner_server-4] [INFO] [1790953898.072218739] [planner_server]: Planning took 18 ms
[planner_server-4] [INFO] [1790953898.072619605] [planner_server]: Plan computed: 612 poses
[planner_server-4] [INFO] [1790953898.203345768] [planner_server]: Planning took 19 ms
[planner_server-4] [INFO] [1790953898.203657575] [planner_server]: Plan computed: 612 poses
[planner_server-4] [INFO] [1790953898.330738827] [planner_server]: Planning took 17 ms
[planner_server-4] [INFO] [1790953898.331251357] [planner_server]: Plan computed: 612 poses
[planner_server-4] [INFO] [1790953898.452241382] [planner_server]: Planning took 18 ms
[planner_server-4] [INFO] [1790953898.452576034] [planner_server]: Plan computed: 612 poses
[planner_server-4] [INFO] [1790953898.581382230] [planner_server]: Planning took 17 ms
[planner_server-4] [INFO] [1790953898.581607663] [planner_server]: Plan computed: 612 poses
[planner_server-4] [INFO] [1790953898.703793747] [planner_server]: Planning took 20 ms
[planner_server-4] [INFO] [1790953898.704332450] [planner_server]: Plan computed: 612 poses
[planner_server-4] [INFO] [1790953898.831184063] [planner_server]: Planning took 17 ms
[planner_server-4] [INFO] [1790953898.831580409] [planner_server]: Plan computed: 612 poses
[planner_server-4] [INFO] [1790953898.951265120] [planner_server]: Planning took 17 ms
[planner_server-4] [INFO] [1790953898.951614372] [planner_server]: Plan computed: 612 poses
[planner_server-4] [INFO] [1790953899.074715812] [planner_server]: Planning took 18 ms
[planner_server-4] [INFO] [1790953899.075251238] [planner_server]: Plan computed: 612 poses
[controller_node-5] [WARN] [1790953899.188126250] [controller_server]: path_copy succeeded.
[controller_node-5] [INFO] [1790953899.188379118] [controller_server]: Computed velocity commands: linear.x=0.46, linear.y=0.54, angular.z=0.00
[planner_server-4] [INFO] [1790953899.201486143] [planner_server]: Planning took 17 ms
[planner_server-4] [INFO] [1790953899.201987521] [planner_server]: Plan computed: 612 poses
[planner_server-4] [INFO] [1790953899.332591737] [planner_server]: Planning took 18 ms
[planner_server-4] [INFO] [1790953899.333191903] [planner_server]: Plan computed: 612 poses
[planner_server-4] [INFO] [1790953899.462896041] [planner_server]: Planning took 18 ms
[planner_server-4] [INFO] [1790953899.464200934] [planner_server]: Plan computed: 612 poses
[planner_server-4] [INFO] [1790953899.592041821] [planner_server]: Planning took 18 ms
[planner_server-4] [INFO] [1790953899.592860346] [planner_server]: Plan computed: 612 poses
[planner_server-4] [INFO] [1790953899.722597867] [planner_server]: Planning took 18 ms
[planner_server-4] [INFO] [1790953899.723143263] [planner_server]: Plan computed: 612 poses
[planner_server-4] [INFO] [1790953899.851088555] [planner_server]: Planning took 17 ms
[planner_server-4] [INFO] [1790953899.851634342] [planner_server]: Plan computed: 612 poses
[planner_server-4] [INFO] [1790953899.970599877] [planner_server]: Planning took 17 ms
[planner_server-4] [INFO] [1790953899.971366027] [planner_server]: Plan computed: 612 poses
[planner_server-4] [INFO] [1790953900.092315233] [planner_server]: Planning took 18 ms
[planner_server-4] [INFO] [1790953900.092610877] [planner_server]: Plan computed: 612 poses
[planner_server-4] [INFO] [1790953900.221550806] [planner_server]: Planning took 17 ms
[planner_server-4] [INFO] [1790953900.222494092] [planner_server]: Plan computed: 612 poses
[planner_server-4] [INFO] [1790953900.351292126] [planner_server]: Planning took 17 ms
[planner_server-4] [INFO] [1790953900.351811189] [planner_server]: Plan computed: 612 poses
[planner_server-4] [INFO] [1790953900.471613749] [planner_server]: Planning took 17 ms
[planner_server-4] [INFO] [1790953900.471941528] [planner_server]: Plan computed: 612 poses
[planner_server-4] [INFO] [1790953900.601314000] [planner_server]: Planning took 17 ms
[planner_server-4] [INFO] [1790953900.602106123] [planner_server]: Plan computed: 612 poses
[planner_server-4] [INFO] [1790953900.730902001] [planner_server]: Planning took 17 ms
[planner_server-4] [INFO] [1790953900.731427748] [planner_server]: Plan computed: 612 poses
[planner_server-4] [INFO] [1790953900.861273957] [planner_server]: Planning took 17 ms
[planner_server-4] [INFO] [1790953900.861624371] [planner_server]: Plan computed: 612 poses
[planner_server-4] [INFO] [1790953900.992769502] [planner_server]: Planning took 18 ms
[planner_server-4] [INFO] [1790953900.993455190] [planner_server]: Plan computed: 612 poses
[planner_server-4] [INFO] [1790953901.123247911] [planner_server]: Planning took 19 ms
[planner_server-4] [INFO] [1790953901.123610159] [planner_server]: Plan computed: 612 poses
[controller_node-5] [WARN] [1790953901.207021228] [controller_server]: path_copy succeeded.
[controller_node-5] [INFO] [1790953901.207172802] [controller_server]: Computed velocity commands: linear.x=0.66, linear.y=-0.26, angular.z=0.00
[planner_server-4] [INFO] [1790953901.251517083] [planner_server]: Planning took 17 ms
[planner_server-4] [INFO] [1790953901.251876205] [planner_server]: Plan computed: 612 poses
[planner_server-4] [INFO] [1790953901.382998906] [planner_server]: Planning took 17 ms
[planner_server-4] [INFO] [1790953901.383352447] [planner_server]: Plan computed: 612 poses
[planner_server-4] [INFO] [1790953901.513043421] [planner_server]: Planning took 19 ms
[planner_server-4] [INFO] [1790953901.514252576] [planner_server]: Plan computed: 612 poses
[planner_server-4] [INFO] [1790953901.643446372] [planner_server]: Planning took 19 ms
[planner_server-4] [INFO] [1790953901.644431962] [planner_server]: Plan computed: 612 poses
[planner_server-4] [INFO] [1790953901.773257563] [planner_server]: Planning took 19 ms
[planner_server-4] [INFO] [1790953901.773664310] [planner_server]: Plan computed: 612 poses
[planner_server-4] [INFO] [1790953901.901282134] [planner_server]: Planning took 17 ms
[planner_server-4] [INFO] [1790953901.902170218] [planner_server]: Plan computed: 612 poses
[planner_server-4] [INFO] [1790953902.022302004] [planner_server]: Planning took 17 ms
[planner_server-4] [INFO] [1790953902.022700474] [planner_server]: Plan computed: 612 poses
[planner_server-4] [INFO] [1790953902.150754286] [planner_server]: Planning took 17 ms
[planner_server-4] [INFO] [1790953902.151288309] [planner_server]: Plan computed: 612 poses
[planner_server-4] [INFO] [1790953902.282417415] [planner_server]: Planning took 18 ms
[planner_server-4] [INFO] [1790953902.283313285] [planner_server]: Plan computed: 612 poses
[planner_server-4] [INFO] [1790953902.412033686] [planner_server]: Planning took 17 ms
[planner_server-4] [INFO] [1790953902.412358349] [planner_server]: Plan computed: 612 poses
[planner_server-4] [INFO] [1790953902.534492247] [planner_server]: Planning took 20 ms
[planner_server-4] [INFO] [1790953902.535936899] [planner_server]: Plan computed: 612 poses
[planner_server-4] [INFO] [1790953902.661444585] [planner_server]: Planning took 18 ms
[planner_server-4] [INFO] [1790953902.662088759] [planner_server]: Plan computed: 612 poses
[planner_server-4] [INFO] [1790953902.792733507] [planner_server]: Planning took 19 ms
[planner_server-4] [INFO] [1790953902.793159302] [planner_server]: Plan computed: 612 poses
[planner_server-4] [INFO] [1790953902.921204277] [planner_server]: Planning took 17 ms
[planner_server-4] [INFO] [1790953902.921677648] [planner_server]: Plan computed: 612 poses
[planner_server-4] [INFO] [1790953903.054247066] [planner_server]: Planning took 20 ms
[planner_server-4] [INFO] [1790953903.054822512] [planner_server]: Plan computed: 612 poses
[planner_server-4] [INFO] [1790953903.182526131] [planner_server]: Planning took 17 ms
[planner_server-4] [INFO] [1790953903.183040434] [planner_server]: Plan computed: 612 poses
[controller_node-5] [WARN] [1790953903.208508983] [controller_server]: path_copy succeeded.
[controller_node-5] [INFO] [1790953903.208777392] [controller_server]: Computed velocity commands: linear.x=0.12, linear.y=-0.70, angular.z=0.00
[planner_server-4] [INFO] [1790953903.313804999] [planner_server]: Planning took 19 ms
[planner_server-4] [INFO] [1790953903.314514394] [planner_server]: Plan computed: 612 poses
[planner_server-4] [INFO] [1790953903.442722052] [planner_server]: Planning took 18 ms
[planner_server-4] [INFO] [1790953903.443360565] [planner_server]: Plan computed: 612 poses
[planner_server-4] [INFO] [1790953903.571080915] [planner_server]: Planning took 17 ms
[planner_server-4] [INFO] [1790953903.571737935] [planner_server]: Plan computed: 612 poses
[planner_server-4] [INFO] [1790953903.692920130] [planner_server]: Planning took 19 ms
[planner_server-4] [INFO] [1790953903.693429934] [planner_server]: Plan computed: 612 poses
[planner_server-4] [INFO] [1790953903.821713194] [planner_server]: Planning took 18 ms
[planner_server-4] [INFO] [1790953903.822300954] [planner_server]: Plan computed: 612 poses
[planner_server-4] [INFO] [1790953903.941463121] [planner_server]: Planning took 16 ms
[planner_server-4] [INFO] [1790953903.941882213] [planner_server]: Plan computed: 612 poses
[planner_server-4] [INFO] [1790953904.062954120] [planner_server]: Planning took 17 ms
[planner_server-4] [INFO] [1790953904.063418242] [planner_server]: Plan computed: 612 poses
[planner_server-4] [INFO] [1790953904.190558043] [planner_server]: Planning took 17 ms
[planner_server-4] [INFO] [1790953904.191096996] [planner_server]: Plan computed: 612 poses
[planner_server-4] [INFO] [1790953904.312570810] [planner_server]: Planning took 18 ms
[planner_server-4] [INFO] [1790953904.312988799] [planner_server]: Plan computed: 612 poses
[planner_server-4] [INFO] [1790953904.441556333] [planner_server]: Planning took 16 ms
[planner_server-4] [INFO] [1790953904.442176549] [planner_server]: Plan computed: 612 poses
[planner_server-4] [INFO] [1790953904.570939329] [planner_server]: Planning took 17 ms
[planner_server-4] [INFO] [1790953904.571930480] [planner_server]: Plan computed: 612 poses
[planner_server-4] [INFO] [1790953904.703438846] [planner_server]: Planning took 18 ms
[planner_server-4] [INFO] [1790953904.704074001] [planner_server]: Plan computed: 612 poses
[planner_server-4] [INFO] [1790953904.832643033] [planner_server]: Planning took 17 ms
[planner_server-4] [INFO] [1790953904.833011603] [planner_server]: Plan computed: 612 poses
[planner_server-4] [INFO] [1790953904.960722260] [planner_server]: Planning took 16 ms
[planner_server-4] [INFO] [1790953904.961318458] [planner_server]: Plan computed: 612 poses
[planner_server-4] [INFO] [1790953905.081026169] [planner_server]: Planning took 17 ms
[planner_server-4] [INFO] [1790953905.081419599] [planner_server]: Plan computed: 612 poses
[planner_server-4] [INFO] [1790953905.211933589] [planner_server]: Planning took 18 ms
[planner_server-4] [INFO] [1790953905.212170825] [planner_server]: Plan computed: 612 poses
[controller_node-5] [WARN] [1790953905.228152318] [controller_server]: path_copy succeeded.
[controller_node-5] [INFO] [1790953905.228384604] [controller_server]: Computed velocity commands: linear.x=-0.59, linear.y=-0.38, angular.z=0.00
[planner_server-4] [INFO] [1790953905.330197335] [planner_server]: Planning took 16 ms
[planner_server-4] [INFO] [1790953905.331280856] [planner_server]: Plan computed: 612 poses
[planner_server-4] [INFO] [1790953905.460810248] [planner_server]: Planning took 17 ms
[planner_server-4] [INFO] [1790953905.461321104] [planner_server]: Plan computed: 612 poses
[planner_server-4] [INFO] [1790953905.581483469] [planner_server]: Planning took 17 ms
[planner_server-4] [INFO] [1790953905.581936308] [planner_server]: Plan computed: 612 poses
[planner_server-4] [INFO] [1790953905.702048663] [planner_server]: Planning took 17 ms
[planner_server-4] [INFO] [1790953905.702382102] [planner_server]: Plan computed: 612 poses
[planner_server-4] [INFO] [1790953905.833023563] [planner_server]: Planning took 19 ms
[planner_server-4] [INFO] [1790953905.833844833] [planner_server]: Plan computed: 612 poses
[planner_server-4] [INFO] [1790953905.961843285] [planner_server]: Planning took 18 ms
[planner_server-4] [INFO] [1790953905.962905940] [planner_server]: Plan computed: 612 poses
[planner_server-4] [INFO] [1790953906.091358451] [planner_server]: Planning took 18 ms
[planner_server-4] [INFO] [1790953906.091779256] [planner_server]: Plan computed: 612 poses
[planner_server-4] [INFO] [1790953906.213897217] [planner_server]: Planning took 18 ms
[planner_server-4] [INFO] [1790953906.214381109] [planner_server]: Plan computed: 612 poses
[planner_server-4] [INFO] [1790953906.341187771] [planner_server]: Planning took 17 ms
[planner_server-4] [INFO] [1790953906.341728025] [planner_server]: Plan computed: 612 poses
[planner_server-4] [INFO] [1790953906.473982713] [planner_server]: Planning took 19 ms
[planner_server-4] [INFO] [1790953906.474455943] [planner_server]: Plan computed: 612 poses
[planner_server-4] [INFO] [1790953906.604253952] [planner_server]: Planning took 19 ms
[planner_server-4] [INFO] [1790953906.604861752] [planner_server]: Plan computed: 612 poses
[planner_server-4] [INFO] [1790953906.731427074] [planner_server]: Planning took 17 ms
[planner_server-4] [INFO] [1790953906.731801707] [planner_server]: Plan computed: 612 poses
[planner_server-4] [INFO] [1790953906.861403777] [planner_server]: Planning took 17 ms
[planner_server-4] [INFO] [1790953906.861763098] [planner_server]: Plan computed: 612 poses
[planner_server-4] [INFO] [1790953906.980696575] [planner_server]: Planning took 17 ms
[planner_server-4] [INFO] [1790953906.981269245] [planner_server]: Plan computed: 612 poses
[planner_server-4] [INFO] [1790953907.103434063] [planner_server]: Planning took 17 ms
[planner_server-4] [INFO] [1790953907.104312587] [planner_server]: Plan computed: 612 poses
[controller_node-5] [WARN] [1790953907.228760015] [controller_server]: path_copy succeeded.
[controller_node-5] [INFO] [1790953907.229086159] [controller_server]: Computed velocity commands: linear.x=-0.62, linear.y=0.34, angular.z=0.00
[planner_server-4] [INFO] [1790953907.230894520] [planner_server]: Planning took 17 ms
[planner_server-4] [INFO] [1790953907.231205244] [planner_server]: Plan computed: 612 poses
[planner_server-4] [INFO] [1790953907.352119297] [planner_server]: Planning took 17 ms
[planner_server-4] [INFO] [1790953907.352648670] [planner_server]: Plan computed: 612 poses
[planner_server-4] [INFO] [1790953907.471527756] [planner_server]: Planning took 17 ms
[planner_server-4] [INFO] [1790953907.472137300] [planner_server]: Plan computed: 612 poses
[planner_server-4] [INFO] [1790953907.592689446] [planner_server]: Planning took 18 ms
[planner_server-4] [INFO] [1790953907.593387438] [planner_server]: Plan computed: 612 poses
[planner_server-4] [INFO] [1790953907.720689898] [planner_server]: Planning took 16 ms
[planner_server-4] [INFO] [1790953907.721259361] [planner_server]: Plan computed: 612 poses
[planner_server-4] [INFO] [1790953907.852374932] [planner_server]: Planning took 18 ms
[planner_server-4] [INFO] [1790953907.852771899] [planner_server]: Plan computed: 612 poses
[planner_server-4] [INFO] [1790953907.980796284] [planner_server]: Planning took 17 ms
[planner_server-4] [INFO] [1790953907.981617653] [planner_server]: Plan computed: 612 poses
[planner_server-4] [INFO] [1790953908.106199363] [planner_server]: Planning took 20 ms
[planner_server-4] [INFO] [1790953908.106616541] [planner_server]: Plan computed: 612 poses
[planner_server-4] [INFO] [1790953908.231299389] [planner_server]: Planning took 17 ms
[planner_server-4] [INFO] [1790953908.231736918] [planner_server]: Plan computed: 612 poses
[planner_server-4] [INFO] [1790953908.351107952] [planner_server]: Planning took 17 ms
[planner_server-4] [INFO] [1790953908.352118110] [planner_server]: Plan computed: 612 poses
[planner_server-4] [INFO] [1790953908.481590986] [planner_server]: Planning took 17 ms
[planner_server-4] [INFO] [1790953908.482180560] [planner_server]: Plan computed: 612 poses
[planner_server-4] [INFO] [1790953908.603192017] [planner_server]: Planning took 17 ms
[planner_server-4] [INFO] [1790953908.603529305] [planner_server]: Plan computed: 612 poses
[planner_server-4] [INFO] [1790953908.732100129] [planner_server]: Planning took 17 ms
[planner_server-4] [INFO] [1790953908.732420662] [planner_server]: Plan computed: 612 poses
[planner_server-4] [INFO] [1790953908.863604984] [planner_server]: Planning took 17 ms
[planner_server-4] [INFO] [1790953908.863974626] [planner_server]: Plan computed: 612 poses
[planner_server-4] [INFO] [1790953908.993908584] [planner_server]: Planning took 17 ms
[planner_server-4] [INFO] [1790953908.994518198] [planner_server]: Plan computed: 612 poses
[planner_server-4] [INFO] [1790953909.121485535] [planner_server]: Planning took 17 ms
[planner_server-4] [INFO] [1790953909.122020579] [planner_server]: Plan computed: 612 poses
[controller_node-5] [WARN] [1790953909.248718129] [controller_server]: path_copy succeeded.
[controller_node-5] [INFO] [1790953909.248985025] [controller_server]: Computed velocity commands: linear.x=0.02, linear.y=0.71, angular.z=0.00
[planner_server-4] [INFO] [1790953909.253646793] [planner_server]: Planning took 18 ms
[planner_server-4] [INFO] [1790953909.254368813] [planner_server]: Plan computed: 612 poses
[planner_server-4] [INFO] [1790953909.380707423] [planner_server]: Planning took 16 ms
[planner_server-4] [INFO] [1790953909.381136324] [planner_server]: Plan computed: 612 poses
[planner_server-4] [INFO] [1790953909.501209006] [planner_server]: Planning took 17 ms
[planner_server-4] [INFO] [1790953909.501545492] [planner_server]: Plan computed: 612 poses
[planner_server-4] [INFO] [1790953909.634487046] [planner_server]: Planning took 18 ms
[planner_server-4] [INFO] [1790953909.635098334] [planner_server]: Plan computed: 612 poses
[planner_server-4] [INFO] [1790953909.761285099] [planner_server]: Planning took 17 ms
[planner_server-4] [INFO] [1790953909.761558829] [planner_server]: Plan computed: 612 poses
[planner_server-4] [INFO] [1790953909.881568935] [planner_server]: Planning took 17 ms
[planner_server-4] [INFO] [1790953909.881898948] [planner_server]: Plan computed: 612 poses
[planner_server-4] [INFO] [1790953910.002017832] [planner_server]: Planning took 17 ms
[planner_server-4] [INFO] [1790953910.002392394] [planner_server]: Plan computed: 612 poses
[planner_server-4] [INFO] [1790953910.131410651] [planner_server]: Planning took 17 ms
[planner_server-4] [INFO] [1790953910.131940775] [planner_server]: Plan computed: 612 poses
[planner_server-4] [INFO] [1790953910.260587426] [planner_server]: Planning took 17 ms
[planner_server-4] [INFO] [1790953910.261193422] [planner_server]: Plan computed: 612 poses
[planner_server-4] [INFO] [1790953910.381440975] [planner_server]: Planning took 17 ms
[planner_server-4] [INFO] [1790953910.382134146] [planner_server]: Plan computed: 612 poses
[planner_server-4] [INFO] [1790953910.503983174] [planner_server]: Planning took 18 ms
[planner_server-4] [INFO] [1790953910.504337996] [planner_server]: Plan computed: 612 poses
[planner_server-4] [INFO] [1790953910.630966105] [planner_server]: Planning took 17 ms
[planner_server-4] [INFO] [1790953910.631273973] [planner_server]: Plan computed: 612 poses
[planner_server-4] [INFO] [1790953910.760645599] [planner_server]: Planning took 17 ms
[planner_server-4] [INFO] [1790953910.761158228] [planner_server]: Plan computed: 612 poses
[planner_server-4] [INFO] [1790953910.893310136] [planner_server]: Planning took 19 ms
[planner_server-4] [INFO] [1790953910.893774438] [planner_server]: Plan computed: 612 poses
[planner_server-4] [INFO] [1790953911.021499444] [planner_server]: Planning took 17 ms
[planner_server-4] [INFO] [1790953911.022010629] [planner_server]: Plan computed: 612 poses
[planner_server-4] [INFO] [1790953911.141609555] [planner_server]: Planning took 17 ms
[planner_server-4] [INFO] [1790953911.142142434] [planner_server]: Plan computed: 612 poses
[controller_node-5] [WARN] [1790953911.268643472] [controller_server]: path_copy succeeded.
[controller_node-5] [INFO] [1790953911.268910618] [controller_server]: Computed velocity commands: linear.x=0.66, linear.y=0.26, angular.z=0.00
[planner_server-4] [INFO] [1790953911.271710542] [planner_server]: Planning took 18 ms
[planner_server-4] [INFO] [1790953911.272028621] [planner_server]: Plan computed: 612 poses
[planner_server-4] [INFO] [1790953911.402882592] [planner_server]: Planning took 19 ms
[planner_server-4] [INFO] [1790953911.403551324] [planner_server]: Plan computed: 612 poses
[planner_server-4] [INFO] [1790953911.535727719] [planner_server]: Planning took 19 ms
[planner_server-4] [INFO] [1790953911.536166920] [planner_server]: Plan computed: 612 poses
[planner_server-4] [INFO] [1790953911.661783738] [planner_server]: Planning took 18 ms
[planner_server-4] [INFO] [1790953911.662309724] [planner_server]: Plan computed: 612 poses
[planner_server-4] [INFO] [1790953911.793492612] [planner_server]: Planning took 19 ms
[planner_server-4] [INFO] [1790953911.794197556] [planner_server]: Plan computed: 612 poses
[planner_server-4] [INFO] [1790953911.921110677] [planner_server]: Planning took 17 ms
[planner_server-4] [INFO] [1790953911.921585440] [planner_server]: Plan computed: 612 poses
[planner_server-4] [INFO] [1790953912.040798496] [planner_server]: Planning took 17 ms
[planner_server-4] [INFO] [1790953912.041360173] [planner_server]: Plan computed: 612 poses
[planner_server-4] [INFO] [1790953912.162938627] [planner_server]: Planning took 18 ms
[planner_server-4] [INFO] [1790953912.163295222] [planner_server]: Plan computed: 612 poses
[planner_server-4] [INFO] [1790953912.292053032] [planner_server]: Planning took 18 ms
[planner_server-4] [INFO] [1790953912.292424999] [planner_server]: Plan computed: 612 poses
[planner_server-4] [INFO] [1790953912.423157359] [planner_server]: Planning took 17 ms
[planner_server-4] [INFO] [1790953912.423587432] [planner_server]: Plan computed: 612 poses
[planner_server-4] [INFO] [1790953912.551462726] [planner_server]: Planning took 17 ms
[planner_server-4] [INFO] [1790953912.552391059] [planner_server]: Plan computed: 612 poses
[planner_server-4] [INFO] [1790953912.681959991] [planner_server]: Planning took 17 ms
[planner_server-4] [INFO] [1790953912.682819816] [planner_server]: Plan computed: 612 poses
[planner_server-4] [INFO] [1790953912.811187242] [planner_server]: Planning took 17 ms
[planner_server-4] [INFO] [1790953912.811538627] [planner_server]: Plan computed: 612 poses
[planner_server-4] [INFO] [1790953912.931810008] [planner_server]: Planning took 17 ms
[planner_server-4] [INFO] [1790953912.932371685] [planner_server]: Plan computed: 612 poses
[planner_server-4] [INFO] [1790953913.062653496] [planner_server]: Planning took 19 ms
[planner_server-4] [INFO] [1790953913.063622771] [planner_server]: Plan computed: 612 poses
[planner_server-4] [INFO] [1790953913.191859441] [planner_server]: Planning took 17 ms
[planner_server-4] [INFO] [1790953913.192212229] [planner_server]: Plan computed: 612 poses
[controller_node-5] [WARN] [1790953913.268753640] [controller_server]: path_copy succeeded.
[controller_node-5] [INFO] [1790953913.268954854] [controller_server]: Computed velocity commands: linear.x=0.51, linear.y=-0.48, angular.z=0.00
[planner_server-4] [INFO] [1790953913.323850966] [planner_server]: Planning took 20 ms
[planner_server-4] [INFO] [1790953913.324485780] [planner_server]: Plan computed: 612 poses
[planner_server-4] [INFO] [1790953913.452461999] [planner_server]: Planning took 17 ms
[planner_server-4] [INFO] [1790953913.452969668] [planner_server]: Plan computed: 612 poses
[planner_server-4] [INFO] [1790953913.584332301] [planner_server]: Planning took 20 ms
[planner_server-4] [INFO] [1790953913.584666762] [planner_server]: Plan computed: 612 poses
[planner_server-4] [INFO] [1790953913.712359161] [planner_server]: Planning took 18 ms
[planner_server-4] [INFO] [1790953913.712717651] [planner_server]: Plan computed: 612 poses
[planner_server-4] [INFO] [1790953913.843278570] [planner_server]: Planning took 18 ms
[planner_server-4] [INFO] [1790953913.843702420] [planner_server]: Plan computed: 612 poses
[planner_server-4] [INFO] [1790953913.970936235] [planner_server]: Planning took 17 ms
[planner_server-4] [INFO] [1790953913.971355076] [planner_server]: Plan computed: 612 poses
[planner_server-4] [INFO] [1790953914.091386611] [planner_server]: Planning took 17 ms
[planner_server-4] [INFO] [1790953914.091793558] [planner_server]: Plan computed: 612 poses
[planner_server-4] [INFO] [1790953914.210803416] [planner_server]: Planning took 17 ms
[planner_server-4] [INFO] [1790953914.211149260] [planner_server]: Plan computed: 612 poses
[planner_server-4] [INFO] [1790953914.343695434] [planner_server]: Planning took 18 ms
[planner_server-4] [INFO] [1790953914.344050246] [planner_server]: Plan computed: 612 poses
[planner_server-4] [INFO] [1790953914.471138702] [planner_server]: Planning took 17 ms
[planner_server-4] [INFO] [1790953914.471490338] [planner_server]: Plan computed: 612 poses
[planner_server-4] [INFO] [1790953914.592370989] [planner_server]: Planning took 18 ms
[planner_server-4] [INFO] [1790953914.592713406] [planner_server]: Plan computed: 612 poses
[planner_server-4] [INFO] [1790953914.723656194] [planner_server]: Planning took 19 ms
[planner_server-4] [INFO] [1790953914.724150325] [planner_server]: Plan computed: 612 poses
[planner_server-4] [INFO] [1790953914.851825798] [planner_server]: Planning took 17 ms
[planner_server-4] [INFO] [1790953914.852275170] [planner_server]: Plan computed: 612 poses
[planner_server-4] [INFO] [1790953914.983739464] [planner_server]: Planning took 19 ms
[planner_server-4] [INFO] [1790953914.984200629] [planner_server]: Plan computed: 612 poses
[planner_server-4] [INFO] [1790953915.110672731] [planner_server]: Planning took 16 ms
[planner_server-4] [INFO] [1790953915.111137814] [planner_server]: Plan computed: 612 poses
[planner_server-4] [INFO] [1790953915.231506518] [planner_server]: Planning took 17 ms
[planner_server-4] [INFO] [1790953915.231871180] [planner_server]: Plan computed: 612 poses
[controller_node-5] [WARN] [1790953915.269343535] [controller_server]: path_copy succeeded.
[controller_node-5] [INFO] [1790953915.269577003] [controller_server]: Computed velocity commands: linear.x=-0.29, linear.y=-0.65, angular.z=0.00
[planner_server-4] [INFO] [1790953915.353870516] [planner_server]: Planning took 19 ms
[planner_server-4] [INFO] [1790953915.354285128] [planner_server]: Plan computed: 612 poses
[planner_server-4] [INFO] [1790953915.482577826] [planner_server]: Planning took 19 ms
[planner_server-4] [INFO] [1790953915.483241397] [planner_server]: Plan computed: 612 poses
[planner_server-4] [INFO] [1790953915.613603456] [planner_server]: Planning took 18 ms
[planner_server-4] [INFO] [1790953915.614140082] [planner_server]: Plan computed: 612 poses
[planner_server-4] [INFO] [1790953915.742040577] [planner_server]: Planning took 18 ms
[planner_server-4] [INFO] [1790953915.742474107] [planner_server]: Plan computed: 612 poses
[planner_server-4] [INFO] [1790953915.871470327] [planner_server]: Planning took 17 ms
[planner_server-4] [INFO] [1790953915.871963697] [planner_server]: Plan computed: 612 poses
[planner_server-4] [INFO] [1790953916.005971660] [planner_server]: Planning took 19 ms
[planner_server-4] [INFO] [1790953916.007275565] [planner_server]: Plan computed: 612 poses
[planner_server-4] [INFO] [1790953916.132723447] [planner_server]: Planning took 17 ms
[planner_server-4] [INFO] [1790953916.133177327] [planner_server]: Plan computed: 612 poses
[planner_server-4] [INFO] [1790953916.260643276] [planner_server]: Planning took 16 ms
[planner_server-4] [INFO] [1790953916.260971815] [planner_server]: Plan computed: 612 poses
[planner_server-4] [INFO] [1790953916.381446622] [planner_server]: Planning took 17 ms
[planner_server-4] [INFO] [1790953916.382293921] [planner_server]: Plan computed: 612 poses
[planner_server-4] [INFO] [1790953916.516040858] [planner_server]: Planning took 19 ms
[planner_server-4] [INFO] [1790953916.516444929] [planner_server]: Plan computed: 612 poses
[planner_server-4] [INFO] [1790953916.640515187] [planner_server]: Planning took 17 ms
[planner_server-4] [INFO] [1790953916.640912905] [planner_server]: Plan computed: 612 poses
[planner_server-4] [INFO] [1790953916.760997620] [planner_server]: Planning took 17 ms
[planner_server-4] [INFO] [1790953916.761571180] [planner_server]: Plan computed: 612 poses
[planner_server-4] [INFO] [1790953916.882677625] [planner_server]: Planning took 19 ms
[planner_server-4] [INFO] [1790953916.883224632] [planner_server]: Plan computed: 612 poses
[planner_server-4] [INFO] [1790953917.013075408] [planner_server]: Planning took 19 ms
[planner_server-4] [INFO] [1790953917.013552225] [planner_server]: Plan computed: 612 poses
[planner_server-4] [INFO] [1790953917.142887744] [planner_server]: Planning took 18 ms
[planner_server-4] [INFO] [1790953917.143461274] [planner_server]: Plan computed: 612 poses
[planner_server-4] [INFO] [1790953917.272913736] [planner_server]: Planning took 19 ms
[planner_server-4] [INFO] [1790953917.273456855] [planner_server]: Plan computed: 612 poses
[controller_node-5] [WARN] [1790953917.289168823] [controller_server]: path_copy succeeded.
[controller_node-5] [INFO] [1790953917.289445919] [controller_server]: Computed velocity commands: linear.x=-0.71, linear.y=0.01, angular.z=0.00
[planner_server-4] [INFO] [1790953917.403463858] [planner_server]: Planning took 17 ms
[planner_server-4] [INFO] [1790953917.404109623] [planner_server]: Plan computed: 612 poses
[planner_server-4] [INFO] [1790953917.531941445] [planner_server]: Planning took 17 ms
[planner_server-4] [INFO] [1790953917.532484153] [planner_server]: Plan computed: 612 poses
[planner_server-4] [INFO] [1790953917.661337192] [planner_server]: Planning took 17 ms
[planner_server-4] [INFO] [1790953917.661842235] [planner_server]: Plan computed: 612 poses
[planner_server-4] [INFO] [1790953917.781030763] [planner_server]: Planning took 16 ms
[planner_server-4] [INFO] [1790953917.781376596] [planner_server]: Plan computed: 612 poses
[planner_server-4] [INFO] [1790953917.902868764] [planner_server]: Planning took 17 ms
[planner_server-4] [INFO] [1790953917.903334598] [planner_server]: Plan computed: 612 poses
[planner_server-4] [INFO] [1790953918.031512836] [planner_server]: Planning took 17 ms
[planner_server-4] [INFO] [1790953918.032120184] [planner_server]: Plan computed: 612 poses
[planner_server-4] [INFO] [1790953918.151901200] [planner_server]: Planning took 17 ms
[planner_server-4] [INFO] [1790953918.152430451] [planner_server]: Plan computed: 612 poses
[planner_server-4] [INFO] [1790953918.282879448] [planner_server]: Planning took 19 ms
[planner_server-4] [INFO] [1790953918.283560133] [planner_server]: Plan computed: 612 poses
[planner_server-4] [INFO] [1790953918.414743171] [planner_server]: Planning took 18 ms
[planner_server-4] [INFO] [1790953918.415333315] [planner_server]: Plan computed: 612 poses
[planner_server-4] [INFO] [1790953918.541493071] [planner_server]: Planning took 17 ms
[planner_server-4] [INFO] [1790953918.541934186] [planner_server]: Plan computed: 612 poses
[planner_server-4] [INFO] [1790953918.677092195] [planner_server]: Planning took 21 ms
[planner_server-4] [INFO] [1790953918.677517718] [planner_server]: Plan computed: 612 poses
[planner_server-4] [INFO] [1790953918.801220037] [planner_server]: Planning took 17 ms
[planner_server-4] [INFO] [1790953918.801713025] [planner_server]: Plan computed: 612 poses
[planner_server-4] [INFO] [1790953918.931663763] [planner_server]: Planning took 17 ms
[planner_server-4] [INFO] [1790953918.932021400] [planner_server]: Plan computed: 612 poses
[planner_server-4] [INFO] [1790953919.053973948] [planner_server]: Planning took 18 ms
[planner_server-4] [INFO] [1790953919.054357366] [planner_server]: Plan computed: 612 poses
[planner_server-4] [INFO] [1790953919.185032662] [planner_server]: Planning took 20 ms
[planner_server-4] [INFO] [1790953919.185325840] [planner_server]: Plan computed: 612 poses
[controller_node-5] [WARN] [1790953919.289380068] [controller_server]: path_copy succeeded.
[controller_node-5] [INFO] [1790953919.289827185] [controller_server]: Computed velocity commands: linear.x=-0.18, linear.y=0.68, angular.z=0.00
[planner_server-4] [INFO] [1790953919.310841892] [planner_server]: Planning took 17 ms
[planner_server-4] [INFO] [1790953919.311433704] [planner_server]: Plan computed: 612 poses
[planner_server-4] [INFO] [1790953919.442264514] [planner_server]: Planning took 18 ms
[planner_server-4] [INFO] [1790953919.442566309] [planner_server]: Plan computed: 612 poses
[planner_server-4] [INFO] [1790953919.571298512] [planner_server]: Planning took 17 ms
[planner_server-4] [INFO] [1790953919.571545798] [planner_server]: Plan computed: 612 poses
[planner_server-4] [INFO] [1790953919.692090029] [planner_server]: Planning took 18 ms
[planner_server-4] [INFO] [1790953919.692465943] [planner_server]: Plan computed: 612 poses
[planner_server-4] [INFO] [1790953919.824732025] [planner_server]: Planning took 21 ms
[planner_server-4] [INFO] [1790953919.827210203] [planner_server]: Plan computed: 612 poses
[planner_server-4] [INFO] [1790953919.956113798] [planner_server]: Planning took 22 ms
[planner_server-4] [INFO] [1790953919.956349991] [planner_server]: Plan computed: 612 poses
[planner_server-4] [INFO] [1790953920.080940513] [planner_server]: Planning took 17 ms
[planner_server-4] [INFO] [1790953920.081325205] [planner_server]: Plan computed: 612 poses
[planner_server-4] [INFO] [1790953920.203317282] [planner_server]: Planning took 18 ms
[planner_server-4] [INFO] [1790953920.203927104] [planner_server]: Plan computed: 612 poses
[planner_server-4] [INFO] [1790953920.330664799] [planner_server]: Planning took 17 ms
[planner_server-4] [INFO] [1790953920.331080873] [planner_server]: Plan computed: 612 poses
[planner_server-4] [INFO] [1790953920.451934020] [planner_server]: Planning took 18 ms
[planner_server-4] [INFO] [1790953920.452437359] [planner_server]: Plan computed: 612 poses
[planner_server-4] [INFO] [1790953920.583469047] [planner_server]: Planning took 18 ms
[planner_server-4] [INFO] [1790953920.584025853] [planner_server]: Plan computed: 612 poses
[planner_server-4] [INFO] [1790953920.712151190] [planner_server]: Planning took 18 ms
[planner_server-4] [INFO] [1790953920.712403345] [planner_server]: Plan computed: 612 poses
[planner_server-4] [INFO] [1790953920.842380432] [planner_server]: Planning took 18 ms
[planner_server-4] [INFO] [1790953920.843063241] [planner_server]: Plan computed: 612 poses
[planner_server-4] [INFO] [1790953920.973836212] [planner_server]: Planning took 19 ms
[planner_server-4] [INFO] [1790953920.974282026] [planner_server]: Plan computed: 612 poses
[planner_server-4] [INFO] [1790953921.101335808] [planner_server]: Planning took 17 ms
[planner_server-4] [INFO] [1790953921.101753184] [planner_server]: Plan computed: 612 poses
[planner_server-4] [INFO] [1790953921.230883010] [planner_server]: Planning took 17 ms
[planner_server-4] [INFO] [1790953921.231145096] [planner_server]: Plan computed: 612 poses
[controller_node-5] [WARN] [1790953921.289884191] [controller_server]: path_copy succeeded.
[controller_node-5] [INFO] [1790953921.291341321] [controller_server]: Computed velocity commands: linear.x=0.60, linear.y=0.38, angular.z=0.00
[planner_server-4] [INFO] [1790953921.361227861] [planner_server]: Planning took 17 ms
[planner_server-4] [INFO] [1790953921.361473623] [planner_server]: Plan computed: 612 poses
[planner_server-4] [INFO] [1790953921.492100841] [planner_server]: Planning took 18 ms
[planner_server-4] [INFO] [1790953921.492681755] [planner_server]: Plan computed: 612 poses
[planner_server-4] [INFO] [1790953921.621624767] [planner_server]: Planning took 17 ms
[planner_server-4] [INFO] [1790953921.622109949] [planner_server]: Plan computed: 612 poses
[planner_server-4] [INFO] [1790953921.753643633] [planner_server]: Planning took 18 ms
[planner_server-4] [INFO] [1790953921.753956510] [planner_server]: Plan computed: 612 poses
[planner_server-4] [INFO] [1790953921.883568473] [planner_server]: Planning took 18 ms
[planner_server-4] [INFO] [1790953921.884193105] [planner_server]: Plan computed: 612 poses
[planner_server-4] [INFO] [1790953922.012343374] [planner_server]: Planning took 18 ms
[planner_server-4] [INFO] [1790953922.012856373] [planner_server]: Plan computed: 612 poses
[planner_server-4] [INFO] [1790953922.141085301] [planner_server]: Planning took 17 ms
[planner_server-4] [INFO] [1790953922.141351665] [planner_server]: Plan computed: 612 poses
[planner_server-4] [INFO] [1790953922.262345474] [planner_server]: Planning took 18 ms
[planner_server-4] [INFO] [1790953922.262801047] [planner_server]: Plan computed: 612 poses
[planner_server-4] [INFO] [1790953922.394303465] [planner_server]: Planning took 19 ms
[planner_server-4] [INFO] [1790953922.394605060] [planner_server]: Plan computed: 612 poses
[planner_server-4] [INFO] [1790953922.521302319] [planner_server]: Planning took 17 ms
[planner_server-4] [INFO] [1790953922.522015438] [planner_server]: Plan computed: 612 poses
[planner_server-4] [INFO] [1790953922.651341786] [planner_server]: Planning took 17 ms
[planner_server-4] [INFO] [1790953922.651736016] [planner_server]: Plan computed: 612 poses
[planner_server-4] [INFO] [1790953922.772190954] [planner_server]: Planning took 18 ms
[planner_server-4] [INFO] [1790953922.772461586] [planner_server]: Plan computed: 612 poses
[planner_server-4] [INFO] [1790953922.900584633] [planner_server]: Planning took 17 ms
[planner_server-4] [INFO] [1790953922.900841428] [planner_server]: Plan computed: 612 poses
[planner_server-4] [INFO] [1790953923.021973198] [planner_server]: Planning took 17 ms
[planner_server-4] [INFO] [1790953923.022297537] [planner_server]: Plan computed: 612 poses
[planner_server-4] [INFO] [1790953923.142091652] [planner_server]: Planning took 17 ms
[planner_server-4] [INFO] [1790953923.142486944] [planner_server]: Plan computed: 612 poses
[planner_server-4] [INFO] [1790953923.263516028] [planner_server]: Planning took 18 ms
[planner_server-4] [INFO] [1790953923.263907432] [planner_server]: Plan computed: 612 poses
[controller_node-5] [WARN] [1790953923.290145005] [controller_server]: path_copy succeeded.
[controller_node-5] [INFO] [1790953923.310179171] [controller_server]: Computed velocity commands: linear.x=0.59, linear.y=-0.38, angular.z=0.00
[planner_server-4] [INFO] [1790953923.392181896] [planner_server]: Planning took 18 ms
[planner_server-4] [INFO] [1790953923.392480694] [planner_server]: Plan computed: 612 poses
[planner_server-4] [INFO] [1790953923.523135362] [planner_server]: Planning took 18 ms
[planner_server-4] [INFO] [1790953923.523443309] [planner_server]: Plan computed: 612 poses
[planner_server-4] [INFO] [1790953923.652083591] [planner_server]: Planning took 17 ms
[planner_server-4] [INFO] [1790953923.652484504] [planner_server]: Plan computed: 612 poses
[planner_server-4] [INFO] [1790953923.774529729] [planner_server]: Planning took 18 ms
[planner_server-4] [INFO] [1790953923.774940573] [planner_server]: Plan computed: 612 poses
[planner_server-4] [INFO] [1790953923.902510449] [planner_server]: Planning took 18 ms
[planner_server-4] [INFO] [1790953923.902831452] [planner_server]: Plan computed: 612 poses
[planner_server-4] [INFO] [1790953924.030922245] [planner_server]: Planning took 17 ms
[planner_server-4] [INFO] [1790953924.031353779] [planner_server]: Plan computed: 612 poses
[planner_server-4] [INFO] [1790953924.153856171] [planner_server]: Planning took 19 ms
[planner_server-4] [INFO] [1790953924.154193357] [planner_server]: Plan computed: 612 poses
[planner_server-4] [INFO] [1790953924.281715752] [planner_server]: Planning took 17 ms
[planner_server-4] [INFO] [1790953924.282108799] [planner_server]: Plan computed: 612 poses
[planner_server-4] [INFO] [1790953924.413776795] [planner_server]: Planning took 19 ms
[planner_server-4] [INFO] [1790953924.414195684] [planner_server]: Plan computed: 612 poses
[planner_server-4] [INFO] [1790953924.542732937] [planner_server]: Planning took 19 ms
[planner_server-4] [INFO] [1790953924.543266967] [planner_server]: Plan computed: 612 poses
[planner_server-4] [INFO] [1790953924.671258407] [planner_server]: Planning took 17 ms
[planner_server-4] [INFO] [1790953924.671666855] [planner_server]: Plan computed: 612 poses
[planner_server-4] [INFO] [1790953924.792564546] [planner_server]: Planning took 18 ms
[planner_server-4] [INFO] [1790953924.792917413] [planner_server]: Plan computed: 612 poses
[planner_server-4] [INFO] [1790953924.921231951] [planner_server]: Planning took 17 ms
[planner_server-4] [INFO] [1790953924.921675169] [planner_server]: Plan computed: 612 poses
[planner_server-4] [INFO] [1790953925.051915992] [planner_server]: Planning took 17 ms
[planner_server-4] [INFO] [1790953925.052293258] [planner_server]: Plan computed: 612 poses
[planner_server-4] [INFO] [1790953925.184579901] [planner_server]: Planning took 19 ms
[planner_server-4] [INFO] [1790953925.185082027] [planner_server]: Plan computed: 612 poses
[controller_node-5] [WARN] [1790953925.290724708] [controller_server]: path_copy succeeded.
[planner_server-4] [INFO] [1790953925.312509852] [planner_server]: Planning took 18 ms
[planner_server-4] [INFO] [1790953925.312922258] [planner_server]: Plan computed: 612 poses
[controller_node-5] [INFO] [1790953925.330184206] [controller_server]: Computed velocity commands: linear.x=-0.21, linear.y=-0.67, angular.z=0.00
[planner_server-4] [INFO] [1790953925.441195366] [planner_server]: Planning took 17 ms
[planner_server-4] [INFO] [1790953925.441575437] [planner_server]: Plan computed: 612 poses
[planner_server-4] [INFO] [1790953925.562187441] [planner_server]: Planning took 18 ms
[planner_server-4] [INFO] [1790953925.562486731] [planner_server]: Plan computed: 612 poses
[planner_server-4] [INFO] [1790953925.692967326] [planner_server]: Planning took 19 ms
[planner_server-4] [INFO] [1790953925.693322878] [planner_server]: Plan computed: 612 poses
[planner_server-4] [INFO] [1790953925.820850628] [planner_server]: Planning took 17 ms
[planner_server-4] [INFO] [1790953925.821190970] [planner_server]: Plan computed: 612 poses
[planner_server-4] [INFO] [1790953925.941809317] [planner_server]: Planning took 17 ms
[planner_server-4] [INFO] [1790953925.942245791] [planner_server]: Plan computed: 612 poses
[planner_server-4] [INFO] [1790953926.072651709] [planner_server]: Planning took 19 ms
[planner_server-4] [INFO] [1790953926.072978654] [planner_server]: Plan computed: 612 poses
[planner_server-4] [INFO] [1790953926.203248834] [planner_server]: Planning took 18 ms
[planner_server-4] [INFO] [1790953926.204254519] [planner_server]: Plan computed: 612 poses
[planner_server-4] [INFO] [1790953926.333678546] [planner_server]: Planning took 18 ms
[planner_server-4] [INFO] [1790953926.333965230] [planner_server]: Plan computed: 612 poses
[planner_server-4] [INFO] [1790953926.462601769] [planner_server]: Planning took 19 ms
[planner_server-4] [INFO] [1790953926.463185018] [planner_server]: Plan computed: 612 poses
[planner_server-4] [INFO] [1790953926.592179383] [planner_server]: Planning took 18 ms
[planner_server-4] [INFO] [1790953926.592591098] [planner_server]: Plan computed: 612 poses
[planner_server-4] [INFO] [1790953926.722006497] [planner_server]: Planning took 18 ms
[planner_server-4] [INFO] [1790953926.722436979] [planner_server]: Plan computed: 612 poses
[planner_server-4] [INFO] [1790953926.851315763] [planner_server]: Planning took 17 ms
[planner_server-4] [INFO] [1790953926.851603400] [planner_server]: Plan computed: 612 poses
[planner_server-4] [INFO] [1790953926.981533149] [planner_server]: Planning took 17 ms
[planner_server-4] [INFO] [1790953926.982178842] [planner_server]: Plan computed: 612 poses
[planner_server-4] [INFO] [1790953927.111471559] [planner_server]: Planning took 17 ms
[planner_server-4] [INFO] [1790953927.111844095] [planner_server]: Plan computed: 612 poses
[planner_server-4] [INFO] [1790953927.230522507] [planner_server]: Planning took 16 ms
[planner_server-4] [INFO] [1790953927.230857719] [planner_server]: Plan computed: 612 poses
[controller_node-5] [WARN] [1790953927.310072048] [controller_server]: path_copy succeeded.
[controller_node-5] [INFO] [1790953927.330233801] [controller_server]: Computed velocity commands: linear.x=-0.70, linear.y=-0.05, angular.z=0.00
[planner_server-4] [INFO] [1790953927.351503101] [planner_server]: Planning took 17 ms
[planner_server-4] [INFO] [1790953927.352029335] [planner_server]: Plan computed: 612 poses
[planner_server-4] [INFO] [1790953927.472660910] [planner_server]: Planning took 17 ms
[planner_server-4] [INFO] [1790953927.473029448] [planner_server]: Plan computed: 612 poses
[planner_server-4] [INFO] [1790953927.602519314] [planner_server]: Planning took 17 ms
[planner_server-4] [INFO] [1790953927.603462494] [planner_server]: Plan computed: 612 poses
[planner_server-4] [INFO] [1790953927.731371223] [planner_server]: Planning took 17 ms
[planner_server-4] [INFO] [1790953927.731784320] [planner_server]: Plan computed: 612 poses
[planner_server-4] [INFO] [1790953927.852516116] [planner_server]: Planning took 18 ms
[planner_server-4] [INFO] [1790953927.853147651] [planner_server]: Plan computed: 612 poses
[planner_server-4] [INFO] [1790953927.981438897] [planner_server]: Planning took 17 ms
[planner_server-4] [INFO] [1790953927.981933117] [planner_server]: Plan computed: 612 poses
[planner_server-4] [INFO] [1790953928.114734169] [planner_server]: Planning took 20 ms
[planner_server-4] [INFO] [1790953928.115511946] [planner_server]: Plan computed: 612 poses
[planner_server-4] [INFO] [1790953928.242320842] [planner_server]: Planning took 18 ms
[planner_server-4] [INFO] [1790953928.242691324] [planner_server]: Plan computed: 612 poses
[planner_server-4] [INFO] [1790953928.362775051] [planner_server]: Planning took 17 ms
[planner_server-4] [INFO] [1790953928.363346606] [planner_server]: Plan computed: 612 poses
[planner_server-4] [INFO] [1790953928.491198139] [planner_server]: Planning took 17 ms
[planner_server-4] [INFO] [1790953928.491726447] [planner_server]: Plan computed: 612 poses
[planner_server-4] [INFO] [1790953928.612665438] [planner_server]: Planning took 18 ms
[planner_server-4] [INFO] [1790953928.612999708] [planner_server]: Plan computed: 612 poses
[planner_server-4] [INFO] [1790953928.741791385] [planner_server]: Planning took 18 ms
[planner_server-4] [INFO] [1790953928.742315364] [planner_server]: Plan computed: 612 poses
[planner_server-4] [INFO] [1790953928.869919112] [planner_server]: Planning took 16 ms
[planner_server-4] [INFO] [1790953928.870361648] [planner_server]: Plan computed: 612 poses
[planner_server-4] [INFO] [1790953928.992357003] [planner_server]: Planning took 18 ms
[planner_server-4] [INFO] [1790953928.992920953] [planner_server]: Plan computed: 612 poses
[planner_server-4] [INFO] [1790953929.120971286] [planner_server]: Planning took 17 ms
[planner_server-4] [INFO] [1790953929.121575896] [planner_server]: Plan computed: 612 poses
[planner_server-4] [INFO] [1790953929.240937870] [planner_server]: Planning took 17 ms
[planner_server-4] [INFO] [1790953929.241508863] [planner_server]: Plan computed: 612 poses
[controller_node-5] [WARN] [1790953929.311308962] [controller_server]: path_copy succeeded.
[controller_node-5] [INFO] [1790953929.330581073] [controller_server]: Computed velocity commands: linear.x=-0.32, linear.y=0.63, angular.z=0.00
[planner_server-4] [INFO] [1790953929.362306681] [planner_server]: Planning took 17 ms
[planner_server-4] [INFO] [1790953929.362839979] [planner_server]: Plan computed: 612 poses
[planner_server-4] [INFO] [1790953929.494231240] [planner_server]: Planning took 19 ms
[planner_server-4] [INFO] [1790953929.494782604] [planner_server]: Plan computed: 612 poses
[planner_server-4] [INFO] [1790953929.621607696] [planner_server]: Planning took 17 ms
[planner_server-4] [INFO] [1790953929.622251996] [planner_server]: Plan computed: 612 poses
[planner_server-4] [INFO] [1790953929.754172041] [planner_server]: Planning took 18 ms
[planner_server-4] [INFO] [1790953929.754631541] [planner_server]: Plan computed: 612 poses
[planner_server-4] [INFO] [1790953929.883012574] [planner_server]: Planning took 19 ms
[planner_server-4] [INFO] [1790953929.883425822] [planner_server]: Plan computed: 612 poses
[planner_server-4] [INFO] [1790953930.011658254] [planner_server]: Planning took 17 ms
[planner_server-4] [INFO] [1790953930.012444930] [planner_server]: Plan computed: 612 poses
[planner_server-4] [INFO] [1790953930.141306834] [planner_server]: Planning took 17 ms
[planner_server-4] [INFO] [1790953930.141638588] [planner_server]: Plan computed: 612 poses
[planner_server-4] [INFO] [1790953930.261959022] [planner_server]: Planning took 18 ms
[planner_server-4] [INFO] [1790953930.262524845] [planner_server]: Plan computed: 612 poses
[planner_server-4] [INFO] [1790953930.392854438] [planner_server]: Planning took 17 ms
[planner_server-4] [INFO] [1790953930.393353698] [planner_server]: Plan computed: 612 poses
[planner_server-4] [INFO] [1790953930.521765030] [planner_server]: Planning took 17 ms
[planner_server-4] [INFO] [1790953930.522177255] [planner_server]: Plan computed: 612 poses
[planner_server-4] [INFO] [1790953930.655388446] [planner_server]: Planning took 20 ms
[planner_server-4] [INFO] [1790953930.655688537] [planner_server]: Plan computed: 612 poses
[planner_server-4] [INFO] [1790953930.781239324] [planner_server]: Planning took 17 ms
[planner_server-4] [INFO] [1790953930.781585287] [planner_server]: Plan computed: 612 poses
[planner_server-4] [INFO] [1790953930.913917600] [planner_server]: Planning took 19 ms
[planner_server-4] [INFO] [1790953930.914328733] [planner_server]: Plan computed: 612 poses
[planner_server-4] [INFO] [1790953931.041950866] [planner_server]: Planning took 17 ms
[planner_server-4] [INFO] [1790953931.042287490] [planner_server]: Plan computed: 612 poses
[planner_server-4] [INFO] [1790953931.172308103] [planner_server]: Planning took 18 ms
[planner_server-4] [INFO] [1790953931.172690448] [planner_server]: Plan computed: 612 poses
[planner_server-4] [INFO] [1790953931.303805082] [planner_server]: Planning took 17 ms
[planner_server-4] [INFO] [1790953931.304310323] [planner_server]: Plan computed: 612 poses
[controller_node-5] [WARN] [1790953931.330722830] [controller_server]: path_copy succeeded.
[controller_node-5] [INFO] [1790953931.330918902] [controller_server]: Computed velocity commands: linear.x=0.39, linear.y=0.59, angular.z=0.00
[planner_server-4] [INFO] [1790953931.430379426] [planner_server]: Planning took 17 ms
[planner_server-4] [INFO] [1790953931.430673094] [planner_server]: Plan computed: 612 poses
[planner_server-4] [INFO] [1790953931.563941779] [planner_server]: Planning took 20 ms
[planner_server-4] [INFO] [1790953931.564246118] [planner_server]: Plan computed: 612 poses
[planner_server-4] [INFO] [1790953931.694865721] [planner_server]: Planning took 19 ms
[planner_server-4] [INFO] [1790953931.695454941] [planner_server]: Plan computed: 612 poses
[planner_server-4] [INFO] [1790953931.821918172] [planner_server]: Planning took 17 ms
[planner_server-4] [INFO] [1790953931.822448464] [planner_server]: Plan computed: 612 poses
[planner_server-4] [INFO] [1790953931.958927897] [planner_server]: Planning took 24 ms
[planner_server-4] [INFO] [1790953931.959997388] [planner_server]: Plan computed: 612 poses
[planner_server-4] [INFO] [1790953932.083181655] [planner_server]: Planning took 18 ms
[planner_server-4] [INFO] [1790953932.083569261] [planner_server]: Plan computed: 612 poses
[planner_server-4] [INFO] [1790953932.217632886] [planner_server]: Planning took 21 ms
[planner_server-4] [INFO] [1790953932.218348558] [planner_server]: Plan computed: 612 poses
[planner_server-4] [INFO] [1790953932.342768938] [planner_server]: Planning took 18 ms
[planner_server-4] [INFO] [1790953932.343552095] [planner_server]: Plan computed: 612 poses
[planner_server-4] [INFO] [1790953932.471879670] [planner_server]: Planning took 18 ms
[planner_server-4] [INFO] [1790953932.472147767] [planner_server]: Plan computed: 612 poses
[planner_server-4] [INFO] [1790953932.602923201] [planner_server]: Planning took 18 ms
[planner_server-4] [INFO] [1790953932.603630506] [planner_server]: Plan computed: 612 poses
[planner_server-4] [INFO] [1790953932.732068930] [planner_server]: Planning took 17 ms
[planner_server-4] [INFO] [1790953932.732544652] [planner_server]: Plan computed: 612 poses
[planner_server-4] [INFO] [1790953932.853098054] [planner_server]: Planning took 17 ms
[planner_server-4] [INFO] [1790953932.853490088] [planner_server]: Plan computed: 612 poses
[planner_server-4] [INFO] [1790953932.982603629] [planner_server]: Planning took 18 ms
[planner_server-4] [INFO] [1790953932.983101926] [planner_server]: Plan computed: 612 poses
[planner_server-4] [INFO] [1790953933.113253165] [planner_server]: Planning took 18 ms
[planner_server-4] [INFO] [1790953933.113624739] [planner_server]: Plan computed: 612 poses
[planner_server-4] [INFO] [1790953933.242771111] [planner_server]: Planning took 18 ms
[planner_server-4] [INFO] [1790953933.243599960] [planner_server]: Plan computed: 612 poses
[controller_node-5] [WARN] [1790953933.331133675] [controller_server]: path_copy succeeded.
[controller_node-5] [INFO] [1790953933.331435329] [controller_server]: Computed velocity commands: linear.x=0.69, linear.y=-0.15, angular.z=0.00
[planner_server-4] [INFO] [1790953933.374624941] [planner_server]: Planning took 19 ms
[planner_server-4] [INFO] [1790953933.375194150] [planner_server]: Plan computed: 612 poses
[planner_server-4] [INFO] [1790953933.500783912] [planner_server]: Planning took 16 ms
[planner_server-4] [INFO] [1790953933.501280897] [planner_server]: Plan computed: 612 poses
[planner_server-4] [INFO] [1790953933.623730925] [planner_server]: Planning took 19 ms
[planner_server-4] [INFO] [1790953933.624057178] [planner_server]: Plan computed: 612 poses
[planner_server-4] [INFO] [1790953933.752561083] [planner_server]: Planning took 17 ms
[planner_server-4] [INFO] [1790953933.753166815] [planner_server]: Plan computed: 612 poses
[planner_server-4] [INFO] [1790953933.881638415] [planner_server]: Planning took 17 ms
[planner_server-4] [INFO] [1790953933.881925960] [planner_server]: Plan computed: 612 poses
[planner_server-4] [INFO] [1790953934.012264514] [planner_server]: Planning took 18 ms
[planner_server-4] [INFO] [1790953934.012827060] [planner_server]: Plan computed: 612 poses
[planner_server-4] [INFO] [1790953934.144461919] [planner_server]: Planning took 19 ms
[planner_server-4] [INFO] [1790953934.144719314] [planner_server]: Plan computed: 612 poses
[planner_server-4] [INFO] [1790953934.271493266] [planner_server]: Planning took 17 ms
[planner_server-4] [INFO] [1790953934.271857695] [planner_server]: Plan computed: 612 poses
[planner_server-4] [INFO] [1790953934.404273703] [planner_server]: Planning took 19 ms
[planner_server-4] [INFO] [1790953934.404629304] [planner_server]: Plan computed: 612 poses
[planner_server-4] [INFO] [1790953934.531162359] [planner_server]: Planning took 17 ms
[planner_server-4] [INFO] [1790953934.531551087] [planner_server]: Plan computed: 612 poses
[planner_server-4] [INFO] [1790953934.662385855] [planner_server]: Planning took 17 ms
[planner_server-4] [INFO] [1790953934.663083261] [planner_server]: Plan computed: 612 poses
[planner_server-4] [INFO] [1790953934.793998460] [planner_server]: Planning took 20 ms
[planner_server-4] [INFO] [1790953934.794285344] [planner_server]: Plan computed: 612 poses
[planner_server-4] [INFO] [1790953934.924340021] [planner_server]: Planning took 20 ms
[planner_server-4] [INFO] [1790953934.924765913] [planner_server]: Plan computed: 612 poses
[planner_server-4] [INFO] [1790953935.052863060] [planner_server]: Planning took 18 ms
[planner_server-4] [INFO] [1790953935.053148472] [planner_server]: Plan computed: 612 poses
[planner_server-4] [INFO] [1790953935.187323612] [planner_server]: Planning took 23 ms
[planner_server-4] [INFO] [1790953935.187759444] [planner_server]: Plan computed: 612 poses
[planner_server-4] [INFO] [1790953935.312133633] [planner_server]: Planning took 18 ms
[planner_server-4] [INFO] [1790953935.312475607] [planner_server]: Plan computed: 612 poses
[controller_node-5] [WARN] [1790953935.331156096] [controller_server]: path_copy succeeded.
[controller_node-5] [INFO] [1790953935.351035224] [controller_server]: Computed velocity commands: linear.x=0.13, linear.y=-0.69, angular.z=0.00
[planner_server-4] [INFO] [1790953935.443451756] [planner_server]: Planning took 17 ms
[planner_server-4] [INFO] [1790953935.444020193] [planner_server]: Plan computed: 612 poses
[planner_server-4] [INFO] [1790953935.573361983] [planner_server]: Planning took 17 ms
[planner_server-4] [INFO] [1790953935.573775801] [planner_server]: Plan computed: 612 poses
[planner_server-4] [INFO] [1790953935.701693626] [planner_server]: Planning took 18 ms
[planner_server-4] [INFO] [1790953935.702335580] [planner_server]: Plan computed: 612 poses
[planner_server-4] [INFO] [1790953935.833693153] [planner_server]: Planning took 18 ms
[planner_server-4] [INFO] [1790953935.834187542] [planner_server]: Plan computed: 612 poses
[planner_server-4] [INFO] [1790953935.961875858] [planner_server]: Planning took 17 ms
[planner_server-4] [INFO] [1790953935.962230447] [planner_server]: Plan computed: 612 poses
[planner_server-4] [INFO] [1790953936.093576415] [planner_server]: Planning took 19 ms
[planner_server-4] [INFO] [1790953936.093903649] [planner_server]: Plan computed: 612 poses
[planner_server-4] [INFO] [1790953936.222564575] [planner_server]: Planning took 17 ms
[planner_server-4] [INFO] [1790953936.222851800] [planner_server]: Plan computed: 612 poses
[planner_server-4] [INFO] [1790953936.353480723] [planner_server]: Planning took 19 ms
[planner_server-4] [INFO] [1790953936.353951094] [planner_server]: Plan computed: 612 poses
[planner_server-4] [INFO] [1790953936.480619273] [planner_server]: Planning took 17 ms
[planner_server-4] [INFO] [1790953936.481331118] [planner_server]: Plan computed: 612 poses
[planner_server-4] [INFO] [1790953936.612466394] [planner_server]: Planning took 17 ms
[planner_server-4] [INFO] [1790953936.612903218] [planner_server]: Plan computed: 612 poses
[planner_server-4] [INFO] [1790953936.746303243] [planner_server]: Planning took 20 ms
[planner_server-4] [INFO] [1790953936.746805367] [planner_server]: Plan computed: 612 poses
[planner_server-4] [INFO] [1790953936.871790602] [planner_server]: Planning took 18 ms
[planner_server-4] [INFO] [1790953936.872265642] [planner_server]: Plan computed: 612 poses
[planner_server-4] [INFO] [1790953937.003065207] [planner_server]: Planning took 17 ms
[planner_server-4] [INFO] [1790953937.003538745] [planner_server]: Plan computed: 612 poses
[planner_server-4] [INFO] [1790953937.131590040] [planner_server]: Planning took 17 ms
[planner_server-4] [INFO] [1790953937.132191814] [planner_server]: Plan computed: 612 poses
[planner_server-4] [INFO] [1790953937.262846297] [planner_server]: Planning took 17 ms
[planner_server-4] [INFO] [1790953937.263692971] [planner_server]: Plan computed: 612 poses
[controller_node-5] [WARN] [1790953937.332269278] [controller_server]: path_copy succeeded.
[controller_node-5] [INFO] [1790953937.351518906] [controller_server]: Computed velocity commands: linear.x=-0.59, linear.y=-0.39, angular.z=0.00
[planner_server-4] [INFO] [1790953937.391434277] [planner_server]: Planning took 18 ms
[planner_server-4] [INFO] [1790953937.391910580] [planner_server]: Plan computed: 612 poses
[planner_server-4] [INFO] [1790953937.521810313] [planner_server]: Planning took 18 ms
[planner_server-4] [INFO] [1790953937.522270774] [planner_server]: Plan computed: 612 poses
[planner_server-4] [INFO] [1790953937.653530177] [planner_server]: Planning took 17 ms
[planner_server-4] [INFO] [1790953937.654125638] [planner_server]: Plan computed: 612 poses
[planner_server-4] [INFO] [1790953937.781254870] [planner_server]: Planning took 17 ms
[planner_server-4] [INFO] [1790953937.781640100] [planner_server]: Plan computed: 612 poses
[planner_server-4] [INFO] [1790953937.914044123] [planner_server]: Planning took 19 ms
[planner_server-4] [INFO] [1790953937.914390566] [planner_server]: Plan computed: 612 poses
[planner_server-4] [INFO] [1790953938.041672463] [planner_server]: Planning took 17 ms
[planner_server-4] [INFO] [1790953938.042345639] [planner_server]: Plan computed: 612 poses
[planner_server-4] [INFO] [1790953938.171285081] [planner_server]: Planning took 17 ms
[planner_server-4] [INFO] [1790953938.171624109] [planner_server]: Plan computed: 612 poses
[planner_server-4] [INFO] [1790953938.302349363] [planner_server]: Planning took 17 ms
[planner_server-4] [INFO] [1790953938.302643541] [planner_server]: Plan computed: 612 poses
[planner_server-4] [INFO] [1790953938.433974214] [planner_server]: Planning took 20 ms
[planner_server-4] [INFO] [1790953938.434330206] [planner_server]: Plan computed: 612 poses
[planner_server-4] [INFO] [1790953938.562382075] [planner_server]: Planning took 18 ms
[planner_server-4] [INFO] [1790953938.562937576] [planner_server]: Plan computed: 612 poses
[planner_server-4] [INFO] [1790953938.696551478] [planner_server]: Planning took 20 ms
[planner_server-4] [INFO] [1790953938.697239194] [planner_server]: Plan computed: 612 poses
[planner_server-4] [INFO] [1790953938.821464465] [planner_server]: Planning took 17 ms
[planner_server-4] [INFO] [1790953938.822072070] [planner_server]: Plan computed: 612 poses
[planner_server-4] [INFO] [1790953938.951674954] [planner_server]: Planning took 17 ms
[planner_server-4] [INFO] [1790953938.952827098] [planner_server]: Plan computed: 612 poses
[planner_server-4] [INFO] [1790953939.080670483] [planner_server]: Planning took 16 ms
[planner_server-4] [INFO] [1790953939.081197267] [planner_server]: Plan computed: 612 poses
[planner_server-4] [INFO] [1790953939.212078832] [planner_server]: Planning took 17 ms
[planner_server-4] [INFO] [1790953939.212476187] [planner_server]: Plan computed: 612 poses
[planner_server-4] [INFO] [1790953939.341561609] [planner_server]: Planning took 18 ms
[planner_server-4] [INFO] [1790953939.341942280] [planner_server]: Plan computed: 612 poses
[controller_node-5] [WARN] [1790953939.351546489] [controller_server]: path_copy succeeded.
[controller_node-5] [INFO] [1790953939.352055126] [controller_server]: Computed velocity commands: linear.x=-0.58, linear.y=0.41, angular.z=0.00
[planner_server-4] [INFO] [1790953939.475101476] [planner_server]: Planning took 19 ms
[planner_server-4] [INFO] [1790953939.475580694] [planner_server]: Plan computed: 612 poses
[planner_server-4] [INFO] [1790953939.601447925] [planner_server]: Planning took 18 ms
[planner_server-4] [INFO] [1790953939.601830340] [planner_server]: Plan computed: 612 poses
[planner_server-4] [INFO] [1790953939.722349480] [planner_server]: Planning took 17 ms
[planner_server-4] [INFO] [1790953939.722910151] [planner_server]: Plan computed: 612 poses
[planner_server-4] [INFO] [1790953939.851987938] [planner_server]: Planning took 17 ms
[planner_server-4] [INFO] [1790953939.852529702] [planner_server]: Plan computed: 612 poses
[planner_server-4] [INFO] [1790953939.982943661] [planner_server]: Planning took 17 ms
[planner_server-4] [INFO] [1790953939.983462319] [planner_server]: Plan computed: 612 poses
[planner_server-4] [INFO] [1790953940.111116914] [planner_server]: Planning took 17 ms
[planner_server-4] [INFO] [1790953940.111647736] [planner_server]: Plan computed: 612 poses
[planner_server-4] [INFO] [1790953940.231222468] [planner_server]: Planning took 17 ms
[planner_server-4] [INFO] [1790953940.232213630] [planner_server]: Plan computed: 612 poses
[planner_server-4] [INFO] [1790953940.362530394] [planner_server]: Planning took 18 ms
[planner_server-4] [INFO] [1790953940.363152057] [planner_server]: Plan computed: 612 poses
[planner_server-4] [INFO] [1790953940.490987039] [planner_server]: Planning took 17 ms
[planner_server-4] [INFO] [1790953940.491427640] [planner_server]: Plan computed: 612 poses
[planner_server-4] [INFO] [1790953940.621573953] [planner_server]: Planning took 17 ms
[planner_server-4] [INFO] [1790953940.622546678] [planner_server]: Plan computed: 612 poses
[planner_server-4] [INFO] [1790953940.752212911] [planner_server]: Planning took 18 ms
[planner_server-4] [INFO] [1790953940.752561108] [planner_server]: Plan computed: 612 poses
[planner_server-4] [INFO] [1790953940.883036169] [planner_server]: Planning took 17 ms
[planner_server-4] [INFO] [1790953940.884050086] [planner_server]: Plan computed: 612 poses
[planner_server-4] [INFO] [1790953941.011974424] [planner_server]: Planning took 17 ms
[planner_server-4] [INFO] [1790953941.012380065] [planner_server]: Plan computed: 612 poses
[planner_server-4] [INFO] [1790953941.142244553] [planner_server]: Planning took 18 ms
[planner_server-4] [INFO] [1790953941.142939593] [planner_server]: Plan computed: 612 poses
[planner_server-4] [INFO] [1790953941.272362940] [planner_server]: Planning took 18 ms
[planner_server-4] [INFO] [1790953941.272908311] [planner_server]: Plan computed: 612 poses
[controller_node-5] [WARN] [1790953941.351675759] [controller_server]: path_copy succeeded.
[controller_node-5] [INFO] [1790953941.371886721] [controller_server]: Computed velocity commands: linear.x=0.21, linear.y=0.67, angular.z=0.00
[planner_server-4] [INFO] [1790953941.401759744] [planner_server]: Planning took 17 ms
[planner_server-4] [INFO] [1790953941.402286999] [planner_server]: Plan computed: 612 poses
[planner_server-4] [INFO] [1790953941.532342494] [planner_server]: Planning took 18 ms
[planner_server-4] [INFO] [1790953941.532613515] [planner_server]: Plan computed: 612 poses
[planner_server-4] [INFO] [1790953941.660686997] [planner_server]: Planning took 17 ms
[planner_server-4] [INFO] [1790953941.661317809] [planner_server]: Plan computed: 612 poses
[planner_server-4] [INFO] [1790953941.791904713] [planner_server]: Planning took 17 ms
[planner_server-4] [INFO] [1790953941.792245113] [planner_server]: Plan computed: 612 poses
[planner_server-4] [INFO] [1790953941.920968871] [planner_server]: Planning took 17 ms
[planner_server-4] [INFO] [1790953941.921547268] [planner_server]: Plan computed: 612 poses
[planner_server-4] [INFO] [1790953942.051564250] [planner_server]: Planning took 17 ms
[planner_server-4] [INFO] [1790953942.052106143] [planner_server]: Plan computed: 612 poses
[planner_server-4] [INFO] [1790953942.172357402] [planner_server]: Planning took 17 ms
[planner_server-4] [INFO] [1790953942.172673333] [planner_server]: Plan computed: 612 poses
[planner_server-4] [INFO] [1790953942.302446819] [planner_server]: Planning took 18 ms
[planner_server-4] [INFO] [1790953942.302841679] [planner_server]: Plan computed: 612 poses
[planner_server-4] [INFO] [1790953942.432746848] [planner_server]: Planning took 18 ms
[planner_server-4] [INFO] [1790953942.433178241] [planner_server]: Plan computed: 612 poses
[planner_server-4] [INFO] [1790953942.561667188] [planner_server]: Planning took 17 ms
[planner_server-4] [INFO] [1790953942.562267489] [planner_server]: Plan computed: 612 poses
[planner_server-4] [INFO] [1790953942.694556314] [planner_server]: Planning took 20 ms
[planner_server-4] [INFO] [1790953942.694940041] [planner_server]: Plan computed: 612 poses
[planner_server-4] [INFO] [1790953942.824353036] [planner_server]: Planning took 19 ms
[planner_server-4] [INFO] [1790953942.824725030] [planner_server]: Plan computed: 612 poses
[planner_server-4] [INFO] [1790953942.951377927] [planner_server]: Planning took 17 ms
[planner_server-4] [INFO] [1790953942.952375932] [planner_server]: Plan computed: 612 poses
[planner_server-4] [INFO] [1790953943.082530871] [planner_server]: Planning took 17 ms
[planner_server-4] [INFO] [1790953943.083089177] [planner_server]: Plan computed: 612 poses
[planner_server-4] [INFO] [1790953943.211056492] [planner_server]: Planning took 17 ms
[planner_server-4] [INFO] [1790953943.211366161] [planner_server]: Plan computed: 612 poses
[planner_server-4] [INFO] [1790953943.343053593] [planner_server]: Planning took 18 ms
[planner_server-4] [INFO] [1790953943.343717430] [planner_server]: Plan computed: 612 poses
[controller_node-5] [WARN] [1790953943.352865748] [controller_server]: path_copy succeeded.
[controller_node-5] [INFO] [1790953943.372401381] [controller_server]: Computed velocity commands: linear.x=0.70, linear.y=0.09, angular.z=0.00
[planner_server-4] [INFO] [1790953943.471458983] [planner_server]: Planning took 17 ms
[planner_server-4] [INFO] [1790953943.472338120] [planner_server]: Plan computed: 612 poses
[planner_server-4] [INFO] [1790953943.603196785] [planner_server]: Planning took 18 ms
[planner_server-4] [INFO] [1790953943.603795081] [planner_server]: Plan computed: 612 poses
[planner_server-4] [INFO] [1790953943.730952016] [planner_server]: Planning took 17 ms
[planner_server-4] [INFO] [1790953943.732209690] [planner_server]: Plan computed: 612 poses
[planner_server-4] [INFO] [1790953943.860431743] [planner_server]: Planning took 16 ms
[planner_server-4] [INFO] [1790953943.860950600] [planner_server]: Plan computed: 612 poses
[planner_server-4] [INFO] [1790953943.982211890] [planner_server]: Planning took 18 ms
[planner_server-4] [INFO] [1790953943.982517451] [planner_server]: Plan computed: 612 poses
[planner_server-4] [INFO] [1790953944.112784596] [planner_server]: Planning took 19 ms
[planner_server-4] [INFO] [1790953944.113292662] [planner_server]: Plan computed: 612 poses
[planner_server-4] [INFO] [1790953944.243058360] [planner_server]: Planning took 18 ms
[planner_server-4] [INFO] [1790953944.243384853] [planner_server]: Plan computed: 612 poses
[planner_server-4] [INFO] [1790953944.372214181] [planner_server]: Planning took 18 ms
[planner_server-4] [INFO] [1790953944.372609842] [planner_server]: Plan computed: 612 poses
[planner_server-4] [INFO] [1790953944.501310331] [planner_server]: Planning took 17 ms
[planner_server-4] [INFO] [1790953944.502053908] [planner_server]: Plan computed: 612 poses
[planner_server-4] [INFO] [1790953944.632743104] [planner_server]: Planning took 17 ms
[planner_server-4] [INFO] [1790953944.633107432] [planner_server]: Plan computed: 612 poses
[planner_server-4] [INFO] [1790953944.760705979] [planner_server]: Planning took 16 ms
[planner_server-4] [INFO] [1790953944.761565998] [planner_server]: Plan computed: 612 poses
[planner_server-4] [INFO] [1790953944.884129581] [planner_server]: Planning took 20 ms
[planner_server-4] [INFO] [1790953944.885180602] [planner_server]: Plan computed: 612 poses
[planner_server-4] [INFO] [1790953945.012315950] [planner_server]: Planning took 17 ms
[planner_server-4] [INFO] [1790953945.012682723] [planner_server]: Plan computed: 612 poses
[planner_server-4] [INFO] [1790953945.141536990] [planner_server]: Planning took 18 ms
[planner_server-4] [INFO] [1790953945.142074885] [planner_server]: Plan computed: 612 poses
[planner_server-4] [INFO] [1790953945.271179332] [planner_server]: Planning took 17 ms
[planner_server-4] [INFO] [1790953945.271545534] [planner_server]: Plan computed: 612 poses
[controller_node-5] [WARN] [1790953945.373152936] [controller_server]: path_copy succeeded.
[controller_node-5] [INFO] [1790953945.373390370] [controller_server]: Computed velocity commands: linear.x=0.30, linear.y=-0.64, angular.z=0.00
[planner_server-4] [INFO] [1790953945.393045613] [planner_server]: Planning took 18 ms
[planner_server-4] [INFO] [1790953945.393515702] [planner_server]: Plan computed: 612 poses
[planner_server-4] [INFO] [1790953945.520962186] [planner_server]: Planning took 17 ms
[planner_server-4] [INFO] [1790953945.521404179] [planner_server]: Plan computed: 612 poses
[planner_server-4] [INFO] [1790953945.641187186] [planner_server]: Planning took 17 ms
[planner_server-4] [INFO] [1790953945.642186063] [planner_server]: Plan computed: 612 poses
[planner_server-4] [INFO] [1790953945.771271497] [planner_server]: Planning took 18 ms
[planner_server-4] [INFO] [1790953945.771640003] [planner_server]: Plan computed: 612 poses
[planner_server-4] [INFO] [1790953945.903416284] [planner_server]: Planning took 17 ms
[planner_server-4] [INFO] [1790953945.903695963] [planner_server]: Plan computed: 612 poses
[planner_server-4] [INFO] [1790953946.037064293] [planner_server]: Planning took 23 ms
[planner_server-4] [INFO] [1790953946.037426016] [planner_server]: Plan computed: 612 poses
[planner_server-4] [INFO] [1790953946.163144867] [planner_server]: Planning took 17 ms
[planner_server-4] [INFO] [1790953946.163435297] [planner_server]: Plan computed: 612 poses
[planner_server-4] [INFO] [1790953946.292185286] [planner_server]: Planning took 18 ms
[planner_server-4] [INFO] [1790953946.293525013] [planner_server]: Plan computed: 612 poses
[planner_server-4] [INFO] [1790953946.422404309] [planner_server]: Planning took 18 ms
[planner_server-4] [INFO] [1790953946.423388637] [planner_server]: Plan computed: 612 poses
[planner_server-4] [INFO] [1790953946.556877615] [planner_server]: Planning took 19 ms
[planner_server-4] [INFO] [1790953946.557438506] [planner_server]: Plan computed: 612 poses
[planner_server-4] [INFO] [1790953946.681979514] [planner_server]: Planning took 17 ms
[planner_server-4] [INFO] [1790953946.682904051] [planner_server]: Plan computed: 612 poses
[planner_server-4] [INFO] [1790953946.812170231] [planner_server]: Planning took 18 ms
[planner_server-4] [INFO] [1790953946.812525671] [planner_server]: Plan computed: 612 poses
[planner_server-4] [INFO] [1790953946.941242333] [planner_server]: Planning took 17 ms
[planner_server-4] [INFO] [1790953946.941936580] [planner_server]: Plan computed: 612 poses
[planner_server-4] [INFO] [1790953947.075326668] [planner_server]: Planning took 17 ms
[planner_server-4] [INFO] [1790953947.075873571] [planner_server]: Plan computed: 612 poses
[planner_server-4] [INFO] [1790953947.204276771] [planner_server]: Planning took 20 ms
[planner_server-4] [INFO] [1790953947.204668203] [planner_server]: Plan computed: 612 poses
[planner_server-4] [INFO] [1790953947.334364602] [planner_server]: Planning took 18 ms
[planner_server-4] [INFO] [1790953947.334735734] [planner_server]: Plan computed: 612 poses
[controller_node-5] [WARN] [1790953947.392283631] [controller_server]: path_copy succeeded.
[controller_node-5] [INFO] [1790953947.392639231] [controller_server]: Computed velocity commands: linear.x=-0.47, linear.y=-0.52, angular.z=0.00
[planner_server-4] [INFO] [1790953947.462884911] [planner_server]: Planning took 17 ms
[planner_server-4] [INFO] [1790953947.463249780] [planner_server]: Plan computed: 612 poses
[planner_server-4] [INFO] [1790953947.593008202] [planner_server]: Planning took 18 ms
[planner_server-4] [INFO] [1790953947.593869042] [planner_server]: Plan computed: 612 poses
[planner_server-4] [INFO] [1790953947.721335476] [planner_server]: Planning took 17 ms
[planner_server-4] [INFO] [1790953947.721740525] [planner_server]: Plan computed: 612 poses
[planner_server-4] [INFO] [1790953947.852059127] [planner_server]: Planning took 18 ms
[planner_server-4] [INFO] [1790953947.852536852] [planner_server]: Plan computed: 612 poses
[planner_server-4] [INFO] [1790953947.982923490] [planner_server]: Planning took 17 ms
[planner_server-4] [INFO] [1790953947.983637988] [planner_server]: Plan computed: 612 poses
[planner_server-4] [INFO] [1790953948.112410794] [planner_server]: Planning took 18 ms
[planner_server-4] [INFO] [1790953948.112695543] [planner_server]: Plan computed: 612 poses
[planner_server-4] [INFO] [1790953948.241585240] [planner_server]: Planning took 17 ms
[planner_server-4] [INFO] [1790953948.242174568] [planner_server]: Plan computed: 612 poses
[planner_server-4] [INFO] [1790953948.376475836] [planner_server]: Planning took 20 ms
[planner_server-4] [INFO] [1790953948.377141556] [planner_server]: Plan computed: 612 poses
[planner_server-4] [INFO] [1790953948.502450238] [planner_server]: Planning took 18 ms
[planner_server-4] [INFO] [1790953948.502974085] [planner_server]: Plan computed: 612 poses
[planner_server-4] [INFO] [1790953948.632439381] [planner_server]: Planning took 17 ms
[planner_server-4] [INFO] [1790953948.632807015] [planner_server]: Plan computed: 612 poses
[planner_server-4] [INFO] [1790953948.763771837] [planner_server]: Planning took 19 ms
[planner_server-4] [INFO] [1790953948.764402066] [planner_server]: Plan computed: 612 poses
[planner_server-4] [INFO] [1790953948.893717454] [planner_server]: Planning took 19 ms
[planner_server-4] [INFO] [1790953948.894565498] [planner_server]: Plan computed: 612 poses
[planner_server-4] [INFO] [1790953949.024178004] [planner_server]: Planning took 18 ms
[planner_server-4] [INFO] [1790953949.024526089] [planner_server]: Plan computed: 612 poses
[planner_server-4] [INFO] [1790953949.151716321] [planner_server]: Planning took 17 ms
[planner_server-4] [INFO] [1790953949.152372472] [planner_server]: Plan computed: 612 poses
[planner_server-4] [INFO] [1790953949.282788337] [planner_server]: Planning took 18 ms
[planner_server-4] [INFO] [1790953949.283717073] [planner_server]: Plan computed: 612 poses
[controller_node-5] [WARN] [1790953949.393034531] [controller_server]: path_copy succeeded.
[controller_node-5] [INFO] [1790953949.393290973] [controller_server]: Computed velocity commands: linear.x=-0.68, linear.y=0.18, angular.z=0.00
[planner_server-4] [INFO] [1790953949.413622919] [planner_server]: Planning took 19 ms
[planner_server-4] [INFO] [1790953949.414149231] [planner_server]: Plan computed: 612 poses
[planner_server-4] [INFO] [1790953949.542498327] [planner_server]: Planning took 18 ms
[planner_server-4] [INFO] [1790953949.542824439] [planner_server]: Plan computed: 612 poses
[planner_server-4] [INFO] [1790953949.674210192] [planner_server]: Planning took 20 ms
[planner_server-4] [INFO] [1790953949.674749439] [planner_server]: Plan computed: 612 poses
[planner_server-4] [INFO] [1790953949.804190497] [planner_server]: Planning took 20 ms
[planner_server-4] [INFO] [1790953949.805453550] [planner_server]: Plan computed: 612 poses
[planner_server-4] [INFO] [1790953949.933868489] [planner_server]: Planning took 20 ms
[planner_server-4] [INFO] [1790953949.934230542] [planner_server]: Plan computed: 612 poses
[planner_server-4] [INFO] [1790953950.062947839] [planner_server]: Planning took 17 ms
[planner_server-4] [INFO] [1790953950.063386766] [planner_server]: Plan computed: 612 poses
[planner_server-4] [INFO] [1790953950.193956187] [planner_server]: Planning took 20 ms
[planner_server-4] [INFO] [1790953950.194347759] [planner_server]: Plan computed: 612 poses
[planner_server-4] [INFO] [1790953950.320885297] [planner_server]: Planning took 17 ms
[planner_server-4] [INFO] [1790953950.321418042] [planner_server]: Plan computed: 612 poses
[planner_server-4] [INFO] [1790953950.444927863] [planner_server]: Planning took 18 ms
[planner_server-4] [INFO] [1790953950.445365637] [planner_server]: Plan computed: 612 poses
[planner_server-4] [INFO] [1790953950.571280451] [planner_server]: Planning took 17 ms
[planner_server-4] [INFO] [1790953950.571608446] [planner_server]: Plan computed: 612 poses
[planner_server-4] [INFO] [1790953950.704286449] [planner_server]: Planning took 19 ms
[planner_server-4] [INFO] [1790953950.704815947] [planner_server]: Plan computed: 612 poses
[planner_server-4] [INFO] [1790953950.841635177] [planner_server]: Planning took 26 ms
[planner_server-4] [INFO] [1790953950.842020437] [planner_server]: Plan computed: 612 poses
[planner_server-4] [INFO] [1790953950.962356843] [planner_server]: Planning took 17 ms
[planner_server-4] [INFO] [1790953950.962801191] [planner_server]: Plan computed: 612 poses
[planner_server-4] [INFO] [1790953951.093426963] [planner_server]: Planning took 19 ms
[planner_server-4] [INFO] [1790953951.093836421] [planner_server]: Plan computed: 612 poses
[planner_server-4] [INFO] [1790953951.222342661] [planner_server]: Planning took 18 ms
[planner_server-4] [INFO] [1790953951.223107469] [planner_server]: Plan computed: 612 poses
[planner_server-4] [INFO] [1790953951.353105619] [planner_server]: Planning took 17 ms
[planner_server-4] [INFO] [1790953951.353424306] [planner_server]: Plan computed: 612 poses
[controller_node-5] [WARN] [1790953951.393487599] [controller_server]: path_copy succeeded.
[controller_node-5] [INFO] [1790953951.393727448] [controller_server]: Computed velocity commands: linear.x=-0.10, linear.y=0.70, angular.z=0.00
[planner_server-4] [INFO] [1790953951.482890433] [planner_server]: Planning took 19 ms
[planner_server-4] [INFO] [1790953951.483682885] [planner_server]: Plan computed: 612 poses
[planner_server-4] [INFO] [1790953951.611310181] [planner_server]: Planning took 17 ms
[planner_server-4] [INFO] [1790953951.611803657] [planner_server]: Plan computed: 612 poses
[planner_server-4] [INFO] [1790953951.733987139] [planner_server]: Planning took 19 ms
[planner_server-4] [INFO] [1790953951.734376046] [planner_server]: Plan computed: 612 poses
[planner_server-4] [INFO] [1790953951.864196942] [planner_server]: Planning took 18 ms
[planner_server-4] [INFO] [1790953951.864412503] [planner_server]: Plan computed: 612 poses
[planner_server-4] [INFO] [1790953951.992095199] [planner_server]: Planning took 17 ms
[planner_server-4] [INFO] [1790953951.992710448] [planner_server]: Plan computed: 612 poses
[planner_server-4] [INFO] [1790953952.125676305] [planner_server]: Planning took 21 ms
[planner_server-4] [INFO] [1790953952.126581222] [planner_server]: Plan computed: 612 poses
[planner_server-4] [INFO] [1790953952.251777423] [planner_server]: Planning took 17 ms
[planner_server-4] [INFO] [1790953952.252259055] [planner_server]: Plan computed: 612 poses
[planner_server-4] [INFO] [1790953952.385469419] [planner_server]: Planning took 19 ms
[planner_server-4] [INFO] [1790953952.387916796] [planner_server]: Plan computed: 612 poses
[planner_server-4] [INFO] [1790953952.515296637] [planner_server]: Planning took 21 ms
[planner_server-4] [INFO] [1790953952.515604833] [planner_server]: Plan computed: 612 poses
[planner_server-4] [INFO] [1790953952.642738493] [planner_server]: Planning took 18 ms
[planner_server-4] [INFO] [1790953952.643289964] [planner_server]: Plan computed: 612 poses
[planner_server-4] [INFO] [1790953952.765375132] [planner_server]: Planning took 17 ms
[planner_server-4] [INFO] [1790953952.765710913] [planner_server]: Plan computed: 612 poses
[planner_server-4] [INFO] [1790953952.892789252] [planner_server]: Planning took 19 ms
[planner_server-4] [INFO] [1790953952.893526945] [planner_server]: Plan computed: 612 poses
[planner_server-4] [INFO] [1790953953.022057940] [planner_server]: Planning took 17 ms
[planner_server-4] [INFO] [1790953953.022397377] [planner_server]: Plan computed: 612 poses
[planner_server-4] [INFO] [1790953953.151273837] [planner_server]: Planning took 17 ms
[planner_server-4] [INFO] [1790953953.151545620] [planner_server]: Plan computed: 612 poses
[planner_server-4] [INFO] [1790953953.273043577] [planner_server]: Planning took 18 ms
[planner_server-4] [INFO] [1790953953.273466181] [planner_server]: Plan computed: 612 poses
[planner_server-4] [INFO] [1790953953.401264548] [planner_server]: Planning took 18 ms
[planner_server-4] [INFO] [1790953953.401580269] [planner_server]: Plan computed: 612 poses
[controller_node-5] [WARN] [1790953953.413091222] [controller_server]: path_copy succeeded.
[controller_node-5] [INFO] [1790953953.413290861] [controller_server]: Computed velocity commands: linear.x=0.59, linear.y=0.39, angular.z=0.00
[planner_server-4] [INFO] [1790953953.521176248] [planner_server]: Planning took 17 ms
[planner_server-4] [INFO] [1790953953.522041125] [planner_server]: Plan computed: 612 poses
[planner_server-4] [INFO] [1790953953.651816800] [planner_server]: Planning took 18 ms
[planner_server-4] [INFO] [1790953953.652591227] [planner_server]: Plan computed: 612 poses
[planner_server-4] [INFO] [1790953953.781969368] [planner_server]: Planning took 17 ms
[planner_server-4] [INFO] [1790953953.782886951] [planner_server]: Plan computed: 612 poses
[planner_server-4] [INFO] [1790953953.912606093] [planner_server]: Planning took 18 ms
[planner_server-4] [INFO] [1790953953.913096321] [planner_server]: Plan computed: 612 poses
[planner_server-4] [INFO] [1790953954.042016840] [planner_server]: Planning took 17 ms
[planner_server-4] [INFO] [1790953954.042603712] [planner_server]: Plan computed: 612 poses
[planner_server-4] [INFO] [1790953954.174628983] [planner_server]: Planning took 18 ms
[planner_server-4] [INFO] [1790953954.175221025] [planner_server]: Plan computed: 612 poses
[planner_server-4] [INFO] [1790953954.304352539] [planner_server]: Planning took 20 ms
[planner_server-4] [INFO] [1790953954.305009230] [planner_server]: Plan computed: 612 poses
[planner_server-4] [INFO] [1790953954.431009458] [planner_server]: Planning took 16 ms
[planner_server-4] [INFO] [1790953954.431459277] [planner_server]: Plan computed: 612 poses
[planner_server-4] [INFO] [1790953954.551799613] [planner_server]: Planning took 17 ms
[planner_server-4] [INFO] [1790953954.552430854] [planner_server]: Plan computed: 612 poses
[planner_server-4] [INFO] [1790953954.682564975] [planner_server]: Planning took 18 ms
[planner_server-4] [INFO] [1790953954.682977999] [planner_server]: Plan computed: 612 poses
[planner_server-4] [INFO] [1790953954.813339099] [planner_server]: Planning took 19 ms
[planner_server-4] [INFO] [1790953954.813700169] [planner_server]: Plan computed: 612 poses
[planner_server-4] [INFO] [1790953954.941246579] [planner_server]: Planning took 17 ms
[planner_server-4] [INFO] [1790953954.941710215] [planner_server]: Plan computed: 612 poses
[planner_server-4] [INFO] [1790953955.073489553] [planner_server]: Planning took 19 ms
[planner_server-4] [INFO] [1790953955.073867828] [planner_server]: Plan computed: 612 poses
[planner_server-4] [INFO] [1790953955.205085847] [planner_server]: Planning took 21 ms
[planner_server-4] [INFO] [1790953955.206203103] [planner_server]: Plan computed: 612 poses
[planner_server-4] [INFO] [1790953955.331839753] [planner_server]: Planning took 18 ms
[planner_server-4] [INFO] [1790953955.332812395] [planner_server]: Plan computed: 612 poses
[controller_node-5] [WARN] [1790953955.413722935] [controller_server]: path_copy succeeded.
[controller_node-5] [INFO] [1790953955.413970880] [controller_server]: Computed velocity commands: linear.x=0.61, linear.y=-0.35, angular.z=0.00
[planner_server-4] [INFO] [1790953955.464376853] [planner_server]: Planning took 19 ms
[planner_server-4] [INFO] [1790953955.465101220] [planner_server]: Plan computed: 612 poses
[planner_server-4] [INFO] [1790953955.590727712] [planner_server]: Planning took 16 ms
[planner_server-4] [INFO] [1790953955.592052106] [planner_server]: Plan computed: 612 poses
[planner_server-4] [INFO] [1790953955.720575781] [planner_server]: Planning took 16 ms
[planner_server-4] [INFO] [1790953955.720941511] [planner_server]: Plan computed: 612 poses
[planner_server-4] [INFO] [1790953955.853057077] [planner_server]: Planning took 19 ms
[planner_server-4] [INFO] [1790953955.853554791] [planner_server]: Plan computed: 612 poses
[planner_server-4] [INFO] [1790953955.981454491] [planner_server]: Planning took 18 ms
[planner_server-4] [INFO] [1790953955.982263096] [planner_server]: Plan computed: 612 poses
[planner_server-4] [INFO] [1790953956.112526388] [planner_server]: Planning took 17 ms
[planner_server-4] [INFO] [1790953956.112997819] [planner_server]: Plan computed: 612 poses
[planner_server-4] [INFO] [1790953956.242590048] [planner_server]: Planning took 18 ms
[planner_server-4] [INFO] [1790953956.243050076] [planner_server]: Plan computed: 612 poses
[planner_server-4] [INFO] [1790953956.374488495] [planner_server]: Planning took 20 ms
[planner_server-4] [INFO] [1790953956.375441156] [planner_server]: Plan computed: 612 poses
[planner_server-4] [INFO] [1790953956.502202109] [planner_server]: Planning took 17 ms
[planner_server-4] [INFO] [1790953956.502976816] [planner_server]: Plan computed: 612 poses
[planner_server-4] [INFO] [1790953956.633097414] [planner_server]: Planning took 18 ms
[planner_server-4] [INFO] [1790953956.633785998] [planner_server]: Plan computed: 612 poses
[planner_server-4] [INFO] [1790953956.765046547] [planner_server]: Planning took 18 ms
[planner_server-4] [INFO] [1790953956.765400373] [planner_server]: Plan computed: 612 poses
[planner_server-4] [INFO] [1790953956.891260007] [planner_server]: Planning took 17 ms
[planner_server-4] [INFO] [1790953956.891529004] [planner_server]: Plan computed: 612 poses
[planner_server-4] [INFO] [1790953957.011691188] [planner_server]: Planning took 17 ms
[planner_server-4] [INFO] [1790953957.012012209] [planner_server]: Plan computed: 612 poses
[planner_server-4] [INFO] [1790953957.131308970] [planner_server]: Planning took 17 ms
[planner_server-4] [INFO] [1790953957.131760522] [planner_server]: Plan computed: 612 poses
[planner_server-4] [INFO] [1790953957.252400123] [planner_server]: Planning took 17 ms
[planner_server-4] [INFO] [1790953957.252865843] [planner_server]: Plan computed: 612 poses
[planner_server-4] [INFO] [1790953957.383107829] [planner_server]: Planning took 18 ms
[planner_server-4] [INFO] [1790953957.383695652] [planner_server]: Plan computed: 612 poses
[controller_node-5] [WARN] [1790953957.433569039] [controller_server]: path_copy succeeded.
[controller_node-5] [INFO] [1790953957.433909558] [controller_server]: Computed velocity commands: linear.x=-0.13, linear.y=-0.69, angular.z=0.00
[planner_server-4] [INFO] [1790953957.514248077] [planner_server]: Planning took 20 ms
[planner_server-4] [INFO] [1790953957.514750370] [planner_server]: Plan computed: 612 poses
[planner_server-4] [INFO] [1790953957.644574442] [planner_server]: Planning took 19 ms
[planner_server-4] [INFO] [1790953957.645225702] [planner_server]: Plan computed: 612 poses
[planner_server-4] [INFO] [1790953957.778954336] [planner_server]: Planning took 24 ms
[planner_server-4] [INFO] [1790953957.779474144] [planner_server]: Plan computed: 612 poses
[planner_server-4] [INFO] [1790953957.911434354] [planner_server]: Planning took 26 ms
[planner_server-4] [INFO] [1790953957.911850074] [planner_server]: Plan computed: 612 poses
[planner_server-4] [INFO] [1790953958.041355987] [planner_server]: Planning took 17 ms
[planner_server-4] [INFO] [1790953958.041735665] [planner_server]: Plan computed: 612 poses
[planner_server-4] [INFO] [1790953958.164586982] [planner_server]: Planning took 19 ms
[planner_server-4] [INFO] [1790953958.164916259] [planner_server]: Plan computed: 612 poses
[planner_server-4] [INFO] [1790953958.294367106] [planner_server]: Planning took 19 ms
[planner_server-4] [INFO] [1790953958.295200890] [planner_server]: Plan computed: 612 poses
[planner_server-4] [INFO] [1790953958.424269275] [planner_server]: Planning took 20 ms
[planner_server-4] [INFO] [1790953958.424595446] [planner_server]: Plan computed: 612 poses
[planner_server-4] [INFO] [1790953958.552831639] [planner_server]: Planning took 19 ms
[planner_server-4] [INFO] [1790953958.553391877] [planner_server]: Plan computed: 612 poses
[planner_server-4] [INFO] [1790953958.683635476] [planner_server]: Planning took 19 ms
[planner_server-4] [INFO] [1790953958.684469711] [planner_server]: Plan computed: 612 poses
[planner_server-4] [INFO] [1790953958.811905116] [planner_server]: Planning took 18 ms
[planner_server-4] [INFO] [1790953958.812320104] [planner_server]: Plan computed: 612 poses
[planner_server-4] [INFO] [1790953958.941176214] [planner_server]: Planning took 17 ms
[planner_server-4] [INFO] [1790953958.941418918] [planner_server]: Plan computed: 612 poses
[planner_server-4] [INFO] [1790953959.072669200] [planner_server]: Planning took 17 ms
[planner_server-4] [INFO] [1790953959.072988667] [planner_server]: Plan computed: 612 poses
[planner_server-4] [INFO] [1790953959.200628731] [planner_server]: Planning took 17 ms
[planner_server-4] [INFO] [1790953959.201098448] [planner_server]: Plan computed: 612 poses
[WARNING] [launch]: user interrupted with ctrl-c (SIGINT)
[robot_marker_publisher-8] [INFO] [1790953959.308552165] [rclcpp]: signal_handler(SIGINT/SIGTERM)
[nav_interface_node-7] [INFO] [1790953959.308569709] [rclcpp]: signal_handler(SIGINT/SIGTERM)
[planner_server-4] [INFO] [1790953959.308616861] [rclcpp]: signal_handler(SIGINT/SIGTERM)
[INFO] [rviz2-9]: sending signal 'SIGINT' to process[rviz2-9]
[INFO] [robot_marker_publisher-8]: sending signal 'SIGINT' to process[robot_marker_publisher-8]
[INFO] [nav_interface_node-7]: sending signal 'SIGINT' to process[nav_interface_node-7]
[INFO] [sp_decision_node-6]: sending signal 'SIGINT' to process[sp_decision_node-6]
[INFO] [controller_node-5]: sending signal 'SIGINT' to process[controller_node-5]
[INFO] [planner_server-4]: sending signal 'SIGINT' to process[planner_server-4]
[INFO] [esdf_map_publisher-3]: sending signal 'SIGINT' to process[esdf_map_publisher-3]
[INFO] [sim_robot-2]: sending signal 'SIGINT' to process[sim_robot-2]
[INFO] [static_transform_publisher-1]: sending signal 'SIGINT' to process[static_transform_publisher-1]
[controller_node-5] [INFO] [1790953959.309442861] [rclcpp]: signal_handler(SIGINT/SIGTERM)
[rviz2-9] [INFO] [1790953959.310509377] [rclcpp]: signal_handler(SIGINT/SIGTERM)
[sp_decision_node-6] [INFO] [1790953959.311806498] [rclcpp]: signal_handler(SIGINT/SIGTERM)
[sp_decision_node-6] [INFO] [1790953959.316179975] [sp_decision]: [NavToPose] Halted – canceling active goal.
[sp_decision_node-6] [INFO] [1790953959.316423721] [sp_decision]: [DecisionEngine] Stopped.
[esdf_map_publisher-3] [INFO] [1790953959.313516319] [rclcpp]: signal_handler(SIGINT/SIGTERM)
[ERROR] [controller_node-5]: process has died [pid 192409, exit code -2, cmd '/home/zrj/nav_final_project/install/sp_controller_server/lib/sp_controller_server/controller_node --ros-args -r __node:=controller_server --params-file /home/zrj/nav_final_project/install/sp_nav_bringup/share/sp_nav_bringup/config/nav_params.yaml --params-file /tmp/launch_params_8y7r9vlk'].
[static_transform_publisher-1] [INFO] [1790953959.313529877] [rclcpp]: signal_handler(SIGINT/SIGTERM)
[nav_interface_node-7] [ERROR] [1790953959.316561595] [nav_interface_node]: Navigation task failed.
[nav_interface_node-7] [ERROR] [1790953959.327498518] [nav_interface_node]: Exception in execute_tree: Asked to publish result for goal that does not exist
[ERROR] [static_transform_publisher-1]: process has died [pid 192401, exit code -2, cmd '/opt/ros/humble/lib/tf2_ros/static_transform_publisher 0 0.15 0 0 0 0 base_link livox_frame --ros-args'].
[robot_marker_publisher-8] [INFO] [1790953959.337453462] [rclcpp]: signal_handler(SIGINT/SIGTERM)
[ERROR] [planner_server-4]: process has died [pid 192407, exit code -2, cmd '/home/zrj/nav_final_project/install/sp_global_planner/lib/sp_global_planner/planner_server --ros-args -r __node:=planner_server --params-file /home/zrj/nav_final_project/install/sp_nav_bringup/share/sp_nav_bringup/config/nav_params.yaml --params-file /tmp/launch_params_h8c_x9q7'].
[planner_server-4] [INFO] [1790953959.339893831] [planner_server]: Planning took 34 ms
[planner_server-4] [INFO] [1790953959.340114672] [planner_server]: Plan computed: 612 poses
[sp_decision_node-6] [INFO] [1790953959.341103955] [rclcpp]: signal_handler(SIGINT/SIGTERM)
[esdf_map_publisher-3] [INFO] [1790953959.347778872] [rclcpp]: signal_handler(SIGINT/SIGTERM)
[sim_robot-2] Traceback (most recent call last):
[sim_robot-2]   File "/home/zrj/nav_final_project/install/sp_nav_sim/lib/sp_nav_sim/sim_robot", line 33, in <module>
[sim_robot-2]     sys.exit(load_entry_point('sp-nav-sim', 'console_scripts', 'sim_robot')())
[sim_robot-2]   File "/home/zrj/nav_final_project/build/sp_nav_sim/sp_nav_sim/sim_robot_node.py", line 599, in main
[ERROR] [nav_interface_node-7]: process has died [pid 192413, exit code -2, cmd '/home/zrj/nav_final_project/install/sp_nav_bt/lib/sp_nav_bt/nav_interface_node --ros-args -r __node:=nav_interface_node --params-file /home/zrj/nav_final_project/install/sp_nav_bringup/share/sp_nav_bringup/config/nav_params.yaml --params-file /tmp/launch_params_ea96tajl'].
[sim_robot-2]     rclpy.shutdown()
[sim_robot-2]   File "/opt/ros/humble/local/lib/python3.10/dist-packages/rclpy/__init__.py", line 130, in shutdown
[sim_robot-2]     _shutdown(context=context)
[sim_robot-2]   File "/opt/ros/humble/local/lib/python3.10/dist-packages/rclpy/utilities.py", line 58, in shutdown
[sim_robot-2]     return context.shutdown()
[sim_robot-2]   File "/opt/ros/humble/local/lib/python3.10/dist-packages/rclpy/context.py", line 102, in shutdown
[sim_robot-2]     self.__context.shutdown()
[sim_robot-2] rclpy._rclpy_pybind11.RCLError: failed to shutdown: rcl_shutdown already called on the given context, at ./src/rcl/init.c:241
[sim_robot-2] Error in sys.excepthook:
[sim_robot-2] Traceback (most recent call last):
[sim_robot-2]   File "/usr/lib/python3/dist-packages/apport_python_hook.py", line 55, in apport_excepthook
[sim_robot-2]     import apt_pkg
[sim_robot-2]   File "<frozen importlib._bootstrap>", line 1027, in _find_and_load
[sim_robot-2]   File "<frozen importlib._bootstrap>", line 1006, in _find_and_load_unlocked
[sim_robot-2]   File "<frozen importlib._bootstrap>", line 674, in _load_unlocked
[sim_robot-2]   File "<frozen importlib._bootstrap>", line 571, in module_from_spec
[sim_robot-2]   File "<frozen importlib._bootstrap_external>", line 1176, in create_module
[sim_robot-2] KeyboardInterrupt
[sim_robot-2] 
[sim_robot-2] Original exception was:
[sim_robot-2] Traceback (most recent call last):
[sim_robot-2]   File "/home/zrj/nav_final_project/install/sp_nav_sim/lib/sp_nav_sim/sim_robot", line 33, in <module>
[sim_robot-2]     sys.exit(load_entry_point('sp-nav-sim', 'console_scripts', 'sim_robot')())
[sim_robot-2]   File "/home/zrj/nav_final_project/build/sp_nav_sim/sp_nav_sim/sim_robot_node.py", line 599, in main
[sim_robot-2]     rclpy.shutdown()
[sim_robot-2]   File "/opt/ros/humble/local/lib/python3.10/dist-packages/rclpy/__init__.py", line 130, in shutdown
[sim_robot-2]     _shutdown(context=context)
[sim_robot-2]   File "/opt/ros/humble/local/lib/python3.10/dist-packages/rclpy/utilities.py", line 58, in shutdown
[sim_robot-2]     return context.shutdown()
[sim_robot-2]   File "/opt/ros/humble/local/lib/python3.10/dist-packages/rclpy/context.py", line 102, in shutdown
[sim_robot-2]     self.__context.shutdown()
[sim_robot-2] rclpy._rclpy_pybind11.RCLError: failed to shutdown: rcl_shutdown already called on the given context, at ./src/rcl/init.c:241
[ERROR] [rviz2-9]: process has died [pid 192417, exit code -2, cmd '/opt/ros/humble/lib/rviz2/rviz2 -d /home/zrj/nav_final_project/install/sp_nav_bringup/share/sp_nav_bringup/rviz/rviz.rviz --ros-args -r __node:=rviz2'].
[INFO] [robot_marker_publisher-8]: process has finished cleanly [pid 192415]
[sim_robot-2] The following exception was never retrieved: Failed to publish: publisher's context is invalid, at ./src/rcl/publisher.c:389
[INFO] [esdf_map_publisher-3]: process has finished cleanly [pid 192405]
[ERROR] [sim_robot-2]: process has died [pid 192403, exit code 1, cmd '/home/zrj/nav_final_project/install/sp_nav_sim/lib/sp_nav_sim/sim_robot --ros-args -r __node:=sim_robot_node --params-file /home/zrj/nav_final_project/install/sp_nav_sim/share/sp_nav_sim/config/sim_robot.yaml'].
[ERROR] [sp_decision_node-6]: process[sp_decision_node-6] failed to terminate '5' seconds after receiving 'SIGINT', escalating to 'SIGTERM'
[INFO] [sp_decision_node-6]: sending signal 'SIGTERM' to process[sp_decision_node-6]
[sp_decision_node-6] [INFO] [1790953964.336951572] [rclcpp]: signal_handler(SIGINT/SIGTERM)
[ERROR] [sp_decision_node-6]: process[sp_decision_node-6] failed to terminate '10.0' seconds after receiving 'SIGTERM', escalating to 'SIGKILL'
[INFO] [sp_decision_node-6]: sending signal 'SIGKILL' to process[sp_decision_node-6]
[ERROR] [sp_decision_node-6]: process has died [pid 192411, exit code -9, cmd '/home/zrj/nav_final_project/install/sp_decision/lib/sp_decision/sp_decision_node --ros-args -r __node:=sp_decision --params-file /home/zrj/nav_final_project/install/sp_nav_bringup/share/sp_nav_bringup/config/nav_params.yaml --params-file /tmp/launch_params_0uzwjviq'].
