[INFO] [launch]: All log files can be found below /home/zrj/.ros/log/2026-10-02-06-40-20-243958-zrj-virtual-machine-79313
[INFO] [launch]: Default logging verbosity is set to INFO
[INFO] [sim_robot-2]: process started with pid [79351]
[INFO] [static_transform_publisher-1]: process started with pid [79348]
[INFO] [esdf_map_publisher-3]: process started with pid [79355]
[INFO] [planner_server-4]: process started with pid [79358]
[INFO] [controller_node-5]: process started with pid [79360]
[INFO] [sp_decision_node-6]: process started with pid [79362]
[INFO] [nav_interface_node-7]: process started with pid [79369]
[static_transform_publisher-1] [WARN] [1790937620.525384614] []: Old-style arguments are deprecated; see --help for new-style arguments
[static_transform_publisher-1] [INFO] [1790937620.643185456] [static_transform_publisher_ckCnExcTag6SWgxe]: Spinning until stopped - publishing transform
[static_transform_publisher-1] translation: ('0.000000', '0.150000', '0.000000')
[static_transform_publisher-1] rotation: ('0.000000', '0.000000', '0.000000', '1.000000')
[static_transform_publisher-1] from 'base_link' to 'livox_frame'
[planner_server-4] [INFO] [1790937620.653556712] [planner_server]: PlannerServer ready. costmap_topic=/global_costmap local_costmap_topic=/local_costmap/costmap path_topic=/global_path service=make_plan plugin=AStar (sp_global_planner/AStarPlanner)
[planner_server-4] [INFO] [1790937620.656646600] [planner_server]: AStarPlanner configured: lethal_cost=95 cost_weight=6.000
[planner_server-4] [INFO] [1790937620.656745533] [planner_server]: PlannerServer ready. costmap_topic=/global_costmap local_costmap_topic=/local_costmap/costmap path_topic=/global_path service=make_plan plugin=AStar (sp_global_planner/AStarPlanner)
[sp_decision_node-6] [WARN] [1790937620.737681876] [rcl.logging_rosout]: Publisher already registered for provided node name. If this is due to multiple nodes with the same name then all logs for that logger name will go out over the existing publisher. As soon as any node with that name is destructed it will unregister the publisher, preventing any further logs for that name from being published on the rosout topic.
[nav_interface_node-7] [INFO] [1790937620.762284553] [nav_interface_node]: Loading plugin: nav_compute_path_service
[nav_interface_node-7] [INFO] [1790937620.767489864] [nav_interface_node]: Loading plugin: nav_state_track
[nav_interface_node-7] [INFO] [1790937620.772802434] [nav_interface_node]: Loading plugin: nav_rate_control
[nav_interface_node-7] [INFO] [1790937620.775660812] [nav_interface_node]: Loading plugin: nav_repeat_sequence
[nav_interface_node-7] [INFO] [1790937620.776460517] [nav_interface_node]: Loading plugin: nav_get_pose
[nav_interface_node-7] [INFO] [1790937620.777212078] [nav_interface_node]: Loading plugin: nav_set_control_enable
[nav_interface_node-7] [INFO] [1790937620.784177862] [nav_interface_node]: Initializing BT from: /home/zrj/nav_final_project/install/sp_nav_bt/share/sp_nav_bt/nav_bt/default_nav_with_fallback.xml
[controller_node-5] [INFO] [1790937620.788529614] [controller_server]: MPC configured: max_speed=2.00 m/s horizon=28 dt=0.070 s
[controller_node-5] [INFO] [1790937620.789781749] [controller_server]: Loaded controller plugin: MpcController (MpcController)
[sp_decision_node-6] [INFO] [1790937620.803439926] [sp_decision]: [BlackboardBridge] Initialized (goal_pose only).
[nav_interface_node-7] [INFO] [1790937620.952519632] [nav_interface_node]: Navigation Interface Node initialized.
[nav_interface_node-7] [INFO] [1790937620.957195680] [nav_interface_node]: Restart-task service ready at /nav_interface/restart_task
[sp_decision_node-6] [INFO] [1790937620.969528469] [sp_decision]: [BtEngine] Loading plugin: nav_to_pose_bt_node
[sp_decision_node-6] [INFO] [1790937620.972724103] [sp_decision]: [BtEngine] Loading plugin: condition_judge_bt_node
[sp_decision_node-6] [INFO] [1790937621.038480919] [sp_decision]: [BtEngine] Loading plugin: wait_duration_bt_node
[sp_decision_node-6] [INFO] [1790937621.039617426] [sp_decision]: [BtEngine] Loading plugin: gimbal_control_bt_node
[sp_decision_node-6] [INFO] [1790937621.041316995] [sp_decision]: [BtEngine] Loading plugin: chassis_mode_bt_node
[sp_decision_node-6] [INFO] [1790937621.042933246] [sp_decision]: [BtEngine] Loading plugin: set_double_bt_node
[sp_decision_node-6] [INFO] [1790937621.043642804] [sp_decision]: [BtEngine] Initialising tree from: /home/zrj/nav_final_project/install/sp_decision/share/sp_decision/decision_trees/click_nav.xml
[sp_decision_node-6] [WARN] [1790937621.045159751] [rcl.logging_rosout]: Publisher already registered for provided node name. If this is due to multiple nodes with the same name then all logs for that logger name will go out over the existing publisher. As soon as any node with that name is destructed it will unregister the publisher, preventing any further logs for that name from being published on the rosout topic.
[sp_decision_node-6] [INFO] [1790937621.084221257] [sp_decision]: [NavToPose] BT node 'NavToPose' initialised (ros node: nav_to_pose_0).
[sp_decision_node-6] [INFO] [1790937621.085374076] [sp_decision]: [ChassisMode] BT node initialised.
[sp_decision_node-6] [INFO] [1790937621.089608350] [sp_decision]: [GimbalControl] BT node initialised.
[sp_decision_node-6] [INFO] [1790937621.089675731] [sp_decision]: [WaitDuration] BT node initialised.
[sp_decision_node-6] [INFO] [1790937621.090295124] [sp_decision]: [DecisionEngine] Started with tree: /home/zrj/nav_final_project/install/sp_decision/share/sp_decision/decision_trees/click_nav.xml
[sp_decision_node-6] [INFO] [1790937621.090706979] [sp_decision]: [DecisionEngine] Started: /home/zrj/nav_final_project/install/sp_decision/share/sp_decision/decision_trees/click_nav.xml
[sp_decision_node-6] [INFO] [1790937621.093023799] [ConditionJudge]: [ConditionJudge] Initialised: 2 variables, 3 conditions, 3 children.
[sp_decision_node-6] [INFO] [1790937621.094373505] [sp_decision]: [WaitDuration] duration < 0 – blocking forever (RUNNING).
[sim_robot-2] pygame 2.1.2 (SDL 2.0.20, Python 3.10.12)
[sim_robot-2] Hello from the pygame community. https://www.pygame.org/contribute.html
[esdf_map_publisher-3] [INFO] [1790937621.110158293] [esdf_map_publisher]: Loaded map: /home/zrj/nav_final_project/install/sp_nav_bringup/share/sp_nav_bringup/map/maze_map.pgm  size=300x300  res=0.050 m/cell  origin=[0.000, 0.000, 0.000]  negate=0  unknown_as_obstacle=true
[sim_robot-2] [0m[INFO] [1790937623.159731402] [sim_robot_node]: SimRobotNode ready | map=/home/zrj/nav_final_project/install/sp_nav_bringup/share/sp_nav_bringup/map/maze_map.pgm | robots=[1, 2, 3] | sim=30.0Hz pub=30.0Hz odom=30.0Hz[0m
[sim_robot-2] [0m[INFO] [1790937623.161072621] [sim_robot_node]: map->lidar_odom origin=(0.900, 0.900) | start: base_link ≡ lidar_odom[0m
[sim_robot-2] [0m[INFO] [1790937623.161823216] [sim_robot_node]: gimbal_topic=/gimbal/control scan_speed=1.0 rad/s | chassis_topic=/chassis/mode[0m
[sim_robot-2] [0m[INFO] [1790937623.162636912] [sim_robot_node]: local_costmap_topic=/local_costmap/costmap frame=map window=4.00x4.00m[0m
[planner_server-4] [INFO] [1790937625.514444356] [planner_server]: Received goal from /goal_pose: (14.100, 14.100) frame=map
[sp_decision_node-6] [INFO] [1790937625.515289733] [sp_decision]: [BlackboardBridge] New goal_pose  x=14.100  y=14.100
[sp_decision_node-6] [INFO] [1790937625.591391562] [ConditionJudge]: [ConditionJudge] Switching child 2 -> 0, halting previous.
[sp_decision_node-6] [INFO] [1790937625.591474923] [sp_decision]: [WaitDuration] Halted – timer cleared.
[sp_decision_node-6] [INFO] [1790937625.591576850] [sp_decision]: [DecisionEngine] SUCCEEDED – restarting
[sp_decision_node-6] [INFO] [1790937625.691261443] [sp_decision]: [NavToPose] Using blackboard PoseStamped  x=14.100  y=14.100  frame='map'
[sp_decision_node-6] [INFO] [1790937625.692201832] [sp_decision]: [NavToPose] Sending goal  x=14.100  y=14.100  frame='map'
[nav_interface_node-7] [INFO] [1790937625.693398797] [nav_interface_node]: Received goal request: Go to (14.10, 14.10)
[nav_interface_node-7] [INFO] [1790937625.694835105] [nav_interface_node]: BT goal_pose set to ORIGINAL action goal: (14.100, 14.100)
[nav_interface_node-7] [INFO] [1790937625.694973322] [nav_interface_node]: Executing Static BT for goal...
[nav_interface_node-7] [INFO] [1790937625.695010714] [nav_interface_node]: Running Behavior Tree...
[planner_server-4] [INFO] [1790937625.716643278] [planner_server]: Planning took 20 ms
[planner_server-4] [INFO] [1790937625.717229842] [planner_server]: Plan computed: 914 poses
[controller_node-5] [INFO] [1790937625.719145898] [controller_server]: Control enabled
[controller_node-5] [WARN] [1790937625.723255665] [controller_server]: path_copy succeeded.
[controller_node-5] [INFO] [1790937625.723638716] [controller_server]: Computed velocity commands: linear.x=-0.01, linear.y=-0.04, angular.z=0.00
[nav_interface_node-7] [INFO] [1790937625.726357183] [nav_interface_node]: [SetControlEnable] Control enabled
[nav_interface_node-7] [INFO] [1790937625.726483347] [nav_interface_node]: [NavStateTrack] Task started, monitoring navigation progress.
[nav_interface_node-7] [INFO] [1790937625.726505620] [nav_interface_node]: [NavStateTrack] onStart() entered.
[planner_server-4] [INFO] [1790937625.857060122] [planner_server]: Planning took 20 ms
[planner_server-4] [INFO] [1790937625.857387915] [planner_server]: Plan computed: 914 poses
[sp_decision_node-6] [INFO] [1790937625.893147579] [sp_decision]: [NavToPose] Goal ACCEPTED – robot is navigating.
[planner_server-4] [INFO] [1790937625.987233215] [planner_server]: Planning took 18 ms
[planner_server-4] [INFO] [1790937625.987625914] [planner_server]: Plan computed: 914 poses
[planner_server-4] [INFO] [1790937626.115211635] [planner_server]: Planning took 18 ms
[planner_server-4] [INFO] [1790937626.115687124] [planner_server]: Plan computed: 913 poses
[planner_server-4] [INFO] [1790937626.245702360] [planner_server]: Planning took 18 ms
[planner_server-4] [INFO] [1790937626.246509128] [planner_server]: Plan computed: 913 poses
[planner_server-4] [INFO] [1790937626.374937419] [planner_server]: Planning took 19 ms
[planner_server-4] [INFO] [1790937626.375435161] [planner_server]: Plan computed: 913 poses
[planner_server-4] [INFO] [1790937626.506715982] [planner_server]: Planning took 19 ms
[planner_server-4] [INFO] [1790937626.507153898] [planner_server]: Plan computed: 913 poses
[planner_server-4] [INFO] [1790937626.635071782] [planner_server]: Planning took 17 ms
[planner_server-4] [INFO] [1790937626.635467557] [planner_server]: Plan computed: 912 poses
[planner_server-4] [INFO] [1790937626.766895431] [planner_server]: Planning took 20 ms
[planner_server-4] [INFO] [1790937626.767401970] [planner_server]: Plan computed: 912 poses
[planner_server-4] [INFO] [1790937626.894275126] [planner_server]: Planning took 17 ms
[planner_server-4] [INFO] [1790937626.894627447] [planner_server]: Plan computed: 911 poses
[planner_server-4] [INFO] [1790937627.024581268] [planner_server]: Planning took 18 ms
[planner_server-4] [INFO] [1790937627.025335985] [planner_server]: Plan computed: 911 poses
[planner_server-4] [INFO] [1790937627.154116424] [planner_server]: Planning took 17 ms
[planner_server-4] [INFO] [1790937627.154802819] [planner_server]: Plan computed: 909 poses
[planner_server-4] [INFO] [1790937627.285712914] [planner_server]: Planning took 18 ms
[planner_server-4] [INFO] [1790937627.286070003] [planner_server]: Plan computed: 908 poses
[planner_server-4] [INFO] [1790937627.414779295] [planner_server]: Planning took 18 ms
[planner_server-4] [INFO] [1790937627.415206239] [planner_server]: Plan computed: 906 poses
[planner_server-4] [INFO] [1790937627.546198127] [planner_server]: Planning took 18 ms
[planner_server-4] [INFO] [1790937627.546626063] [planner_server]: Plan computed: 904 poses
[planner_server-4] [INFO] [1790937627.678416262] [planner_server]: Planning took 21 ms
[planner_server-4] [INFO] [1790937627.679500985] [planner_server]: Plan computed: 902 poses
[controller_node-5] [WARN] [1790937627.742928960] [controller_server]: path_copy succeeded.
[controller_node-5] [INFO] [1790937627.743306429] [controller_server]: Computed velocity commands: linear.x=-0.31, linear.y=0.43, angular.z=0.00
[planner_server-4] [INFO] [1790937627.805857062] [planner_server]: Planning took 19 ms
[planner_server-4] [INFO] [1790937627.806644381] [planner_server]: Plan computed: 899 poses
[planner_server-4] [INFO] [1790937627.935549827] [planner_server]: Planning took 18 ms
[planner_server-4] [INFO] [1790937627.936270307] [planner_server]: Plan computed: 898 poses
[planner_server-4] [INFO] [1790937628.064165681] [planner_server]: Planning took 18 ms
[planner_server-4] [INFO] [1790937628.064462834] [planner_server]: Plan computed: 895 poses
[planner_server-4] [INFO] [1790937628.197971823] [planner_server]: Planning took 21 ms
[planner_server-4] [INFO] [1790937628.198517255] [planner_server]: Plan computed: 894 poses
[planner_server-4] [INFO] [1790937628.324986343] [planner_server]: Planning took 18 ms
[planner_server-4] [INFO] [1790937628.325350625] [planner_server]: Plan computed: 892 poses
[planner_server-4] [INFO] [1790937628.459142800] [planner_server]: Planning took 22 ms
[planner_server-4] [INFO] [1790937628.460198936] [planner_server]: Plan computed: 891 poses
[planner_server-4] [INFO] [1790937628.589100432] [planner_server]: Planning took 23 ms
[planner_server-4] [INFO] [1790937628.590269145] [planner_server]: Plan computed: 889 poses
[planner_server-4] [INFO] [1790937628.715578081] [planner_server]: Planning took 18 ms
[planner_server-4] [INFO] [1790937628.716345831] [planner_server]: Plan computed: 888 poses
[planner_server-4] [INFO] [1790937628.846475159] [planner_server]: Planning took 18 ms
[planner_server-4] [INFO] [1790937628.847274099] [planner_server]: Plan computed: 888 poses
[planner_server-4] [INFO] [1790937628.974576442] [planner_server]: Planning took 17 ms
[planner_server-4] [INFO] [1790937628.975007273] [planner_server]: Plan computed: 888 poses
[planner_server-4] [INFO] [1790937629.104787213] [planner_server]: Planning took 18 ms
[planner_server-4] [INFO] [1790937629.105378492] [planner_server]: Plan computed: 888 poses
[planner_server-4] [INFO] [1790937629.234392433] [planner_server]: Planning took 18 ms
[planner_server-4] [INFO] [1790937629.234826870] [planner_server]: Plan computed: 887 poses
[planner_server-4] [INFO] [1790937629.363794921] [planner_server]: Planning took 17 ms
[planner_server-4] [INFO] [1790937629.364231692] [planner_server]: Plan computed: 886 poses
[planner_server-4] [INFO] [1790937629.484680642] [planner_server]: Planning took 17 ms
[planner_server-4] [INFO] [1790937629.485412041] [planner_server]: Plan computed: 885 poses
[planner_server-4] [INFO] [1790937629.613794780] [planner_server]: Planning took 17 ms
[planner_server-4] [INFO] [1790937629.615249643] [planner_server]: Plan computed: 883 poses
[planner_server-4] [INFO] [1790937629.746553438] [planner_server]: Planning took 18 ms
[planner_server-4] [INFO] [1790937629.746858896] [planner_server]: Plan computed: 882 poses
[controller_node-5] [WARN] [1790937629.762841287] [controller_server]: path_copy succeeded.
[controller_node-5] [INFO] [1790937629.763253662] [controller_server]: Computed velocity commands: linear.x=-0.95, linear.y=0.31, angular.z=0.00
[planner_server-4] [INFO] [1790937629.875666985] [planner_server]: Planning took 19 ms
[planner_server-4] [INFO] [1790937629.876166567] [planner_server]: Plan computed: 880 poses
[planner_server-4] [INFO] [1790937630.005374253] [planner_server]: Planning took 17 ms
[planner_server-4] [INFO] [1790937630.005976652] [planner_server]: Plan computed: 879 poses
[planner_server-4] [INFO] [1790937630.138436639] [planner_server]: Planning took 17 ms
[planner_server-4] [INFO] [1790937630.139061411] [planner_server]: Plan computed: 878 poses
[planner_server-4] [INFO] [1790937630.263605431] [planner_server]: Planning took 17 ms
[planner_server-4] [INFO] [1790937630.264140160] [planner_server]: Plan computed: 876 poses
[planner_server-4] [INFO] [1790937630.384160897] [planner_server]: Planning took 17 ms
[planner_server-4] [INFO] [1790937630.384746233] [planner_server]: Plan computed: 875 poses
[planner_server-4] [INFO] [1790937630.524037950] [planner_server]: Planning took 25 ms
[planner_server-4] [INFO] [1790937630.524412921] [planner_server]: Plan computed: 873 poses
[planner_server-4] [INFO] [1790937630.654421777] [planner_server]: Planning took 18 ms
[planner_server-4] [INFO] [1790937630.655055346] [planner_server]: Plan computed: 871 poses
[planner_server-4] [INFO] [1790937630.785349090] [planner_server]: Planning took 18 ms
[planner_server-4] [INFO] [1790937630.785872647] [planner_server]: Plan computed: 869 poses
[planner_server-4] [INFO] [1790937630.914786420] [planner_server]: Planning took 18 ms
[planner_server-4] [INFO] [1790937630.915374131] [planner_server]: Plan computed: 869 poses
[planner_server-4] [INFO] [1790937631.044822351] [planner_server]: Planning took 17 ms
[planner_server-4] [INFO] [1790937631.045329516] [planner_server]: Plan computed: 869 poses
[planner_server-4] [INFO] [1790937631.173829979] [planner_server]: Planning took 18 ms
[planner_server-4] [INFO] [1790937631.174386749] [planner_server]: Plan computed: 868 poses
[planner_server-4] [INFO] [1790937631.305619024] [planner_server]: Planning took 18 ms
[planner_server-4] [INFO] [1790937631.306185643] [planner_server]: Plan computed: 868 poses
[planner_server-4] [INFO] [1790937631.436413076] [planner_server]: Planning took 19 ms
[planner_server-4] [INFO] [1790937631.437237030] [planner_server]: Plan computed: 867 poses
[planner_server-4] [INFO] [1790937631.564188336] [planner_server]: Planning took 17 ms
[planner_server-4] [INFO] [1790937631.565943629] [planner_server]: Plan computed: 866 poses
[planner_server-4] [INFO] [1790937631.693319532] [planner_server]: Planning took 17 ms
[planner_server-4] [INFO] [1790937631.693652001] [planner_server]: Plan computed: 864 poses
[controller_node-5] [WARN] [1790937631.762865002] [controller_server]: path_copy succeeded.
[controller_node-5] [INFO] [1790937631.763526524] [controller_server]: Computed velocity commands: linear.x=1.02, linear.y=-0.82, angular.z=0.00
[planner_server-4] [INFO] [1790937631.827128289] [planner_server]: Planning took 20 ms
[planner_server-4] [INFO] [1790937631.828184670] [planner_server]: Plan computed: 862 poses
[planner_server-4] [INFO] [1790937631.954753971] [planner_server]: Planning took 17 ms
[planner_server-4] [INFO] [1790937631.955163769] [planner_server]: Plan computed: 861 poses
[planner_server-4] [INFO] [1790937632.085193784] [planner_server]: Planning took 17 ms
[planner_server-4] [INFO] [1790937632.085588913] [planner_server]: Plan computed: 859 poses
[planner_server-4] [INFO] [1790937632.213001948] [planner_server]: Planning took 16 ms
[planner_server-4] [INFO] [1790937632.213404251] [planner_server]: Plan computed: 858 poses
[planner_server-4] [INFO] [1790937632.334051998] [planner_server]: Planning took 17 ms
[planner_server-4] [INFO] [1790937632.334416779] [planner_server]: Plan computed: 858 poses
[planner_server-4] [INFO] [1790937632.464631920] [planner_server]: Planning took 16 ms
[planner_server-4] [INFO] [1790937632.465196995] [planner_server]: Plan computed: 857 poses
[planner_server-4] [INFO] [1790937632.586493969] [planner_server]: Planning took 17 ms
[planner_server-4] [INFO] [1790937632.587067451] [planner_server]: Plan computed: 857 poses
[planner_server-4] [INFO] [1790937632.714539294] [planner_server]: Planning took 17 ms
[planner_server-4] [INFO] [1790937632.715232194] [planner_server]: Plan computed: 853 poses
[planner_server-4] [INFO] [1790937632.846375577] [planner_server]: Planning took 18 ms
[planner_server-4] [INFO] [1790937632.847909052] [planner_server]: Plan computed: 853 poses
[planner_server-4] [INFO] [1790937632.972799698] [planner_server]: Planning took 16 ms
[planner_server-4] [INFO] [1790937632.973105285] [planner_server]: Plan computed: 851 poses
[planner_server-4] [INFO] [1790937633.092906913] [planner_server]: Planning took 16 ms
[planner_server-4] [INFO] [1790937633.093903225] [planner_server]: Plan computed: 850 poses
[planner_server-4] [INFO] [1790937633.214461974] [planner_server]: Planning took 18 ms
[planner_server-4] [INFO] [1790937633.214833837] [planner_server]: Plan computed: 849 poses
[planner_server-4] [INFO] [1790937633.344820019] [planner_server]: Planning took 16 ms
[planner_server-4] [INFO] [1790937633.346299462] [planner_server]: Plan computed: 848 poses
[planner_server-4] [INFO] [1790937633.474692382] [planner_server]: Planning took 18 ms
[planner_server-4] [INFO] [1790937633.475305679] [planner_server]: Plan computed: 847 poses
[planner_server-4] [INFO] [1790937633.605179440] [planner_server]: Planning took 18 ms
[planner_server-4] [INFO] [1790937633.605578485] [planner_server]: Plan computed: 846 poses
[planner_server-4] [INFO] [1790937633.737610555] [planner_server]: Planning took 19 ms
[planner_server-4] [INFO] [1790937633.738200086] [planner_server]: Plan computed: 845 poses
[controller_node-5] [WARN] [1790937633.763610961] [controller_server]: path_copy succeeded.
[controller_node-5] [INFO] [1790937633.764222804] [controller_server]: Computed velocity commands: linear.x=0.69, linear.y=-1.22, angular.z=0.00
[planner_server-4] [INFO] [1790937633.865157744] [planner_server]: Planning took 18 ms
[planner_server-4] [INFO] [1790937633.865671870] [planner_server]: Plan computed: 844 poses
[planner_server-4] [INFO] [1790937633.993753783] [planner_server]: Planning took 16 ms
[planner_server-4] [INFO] [1790937633.994450119] [planner_server]: Plan computed: 843 poses
[planner_server-4] [INFO] [1790937634.125823827] [planner_server]: Planning took 19 ms
[planner_server-4] [INFO] [1790937634.126416172] [planner_server]: Plan computed: 841 poses
[planner_server-4] [INFO] [1790937634.254981359] [planner_server]: Planning took 18 ms
[planner_server-4] [INFO] [1790937634.255623930] [planner_server]: Plan computed: 839 poses
[planner_server-4] [INFO] [1790937634.384159680] [planner_server]: Planning took 17 ms
[planner_server-4] [INFO] [1790937634.384576900] [planner_server]: Plan computed: 838 poses
[planner_server-4] [INFO] [1790937634.513427999] [planner_server]: Planning took 17 ms
[planner_server-4] [INFO] [1790937634.513770105] [planner_server]: Plan computed: 836 poses
[planner_server-4] [INFO] [1790937634.645511214] [planner_server]: Planning took 18 ms
[planner_server-4] [INFO] [1790937634.645933303] [planner_server]: Plan computed: 834 poses
[planner_server-4] [INFO] [1790937634.773789265] [planner_server]: Planning took 17 ms
[planner_server-4] [INFO] [1790937634.774396289] [planner_server]: Plan computed: 833 poses
[planner_server-4] [INFO] [1790937634.903463513] [planner_server]: Planning took 17 ms
[planner_server-4] [INFO] [1790937634.903826659] [planner_server]: Plan computed: 830 poses
[planner_server-4] [INFO] [1790937635.022840625] [planner_server]: Planning took 16 ms
[planner_server-4] [INFO] [1790937635.023384086] [planner_server]: Plan computed: 829 poses
[planner_server-4] [INFO] [1790937635.143406953] [planner_server]: Planning took 16 ms
[planner_server-4] [INFO] [1790937635.144127193] [planner_server]: Plan computed: 826 poses
[planner_server-4] [INFO] [1790937635.273822423] [planner_server]: Planning took 17 ms
[planner_server-4] [INFO] [1790937635.274207751] [planner_server]: Plan computed: 824 poses
[planner_server-4] [INFO] [1790937635.393755263] [planner_server]: Planning took 16 ms
[planner_server-4] [INFO] [1790937635.394155450] [planner_server]: Plan computed: 822 poses
[planner_server-4] [INFO] [1790937635.523453215] [planner_server]: Planning took 17 ms
[planner_server-4] [INFO] [1790937635.524389677] [planner_server]: Plan computed: 822 poses
[planner_server-4] [INFO] [1790937635.657180817] [planner_server]: Planning took 18 ms
[planner_server-4] [INFO] [1790937635.657514206] [planner_server]: Plan computed: 819 poses
[planner_server-4] [INFO] [1790937635.782935532] [planner_server]: Planning took 16 ms
[controller_node-5] [WARN] [1790937635.783011808] [controller_server]: path_copy succeeded.
[planner_server-4] [INFO] [1790937635.783330568] [planner_server]: Plan computed: 819 poses
[controller_node-5] [INFO] [1790937635.784051319] [controller_server]: Computed velocity commands: linear.x=-1.33, linear.y=0.85, angular.z=0.00
[planner_server-4] [INFO] [1790937635.914850323] [planner_server]: Planning took 18 ms
[planner_server-4] [INFO] [1790937635.915354038] [planner_server]: Plan computed: 818 poses
[planner_server-4] [INFO] [1790937636.045308279] [planner_server]: Planning took 17 ms
[planner_server-4] [INFO] [1790937636.045595087] [planner_server]: Plan computed: 818 poses
[planner_server-4] [INFO] [1790937636.174553675] [planner_server]: Planning took 18 ms
[planner_server-4] [INFO] [1790937636.175241862] [planner_server]: Plan computed: 817 poses
[planner_server-4] [INFO] [1790937636.302979765] [planner_server]: Planning took 16 ms
[planner_server-4] [INFO] [1790937636.303342108] [planner_server]: Plan computed: 817 poses
[planner_server-4] [INFO] [1790937636.423465136] [planner_server]: Planning took 17 ms
[planner_server-4] [INFO] [1790937636.423853680] [planner_server]: Plan computed: 815 poses
[planner_server-4] [INFO] [1790937636.547375431] [planner_server]: Planning took 18 ms
[planner_server-4] [INFO] [1790937636.548643286] [planner_server]: Plan computed: 815 poses
[planner_server-4] [INFO] [1790937636.675661682] [planner_server]: Planning took 19 ms
[planner_server-4] [INFO] [1790937636.676704437] [planner_server]: Plan computed: 814 poses
[planner_server-4] [INFO] [1790937636.804862924] [planner_server]: Planning took 17 ms
[planner_server-4] [INFO] [1790937636.805385885] [planner_server]: Plan computed: 812 poses
[planner_server-4] [INFO] [1790937636.934262180] [planner_server]: Planning took 18 ms
[planner_server-4] [INFO] [1790937636.934588785] [planner_server]: Plan computed: 811 poses
[planner_server-4] [INFO] [1790937637.062343691] [planner_server]: Planning took 16 ms
[planner_server-4] [INFO] [1790937637.062760508] [planner_server]: Plan computed: 809 poses
[planner_server-4] [INFO] [1790937637.183700018] [planner_server]: Planning took 16 ms
[planner_server-4] [INFO] [1790937637.184217887] [planner_server]: Plan computed: 808 poses
[planner_server-4] [INFO] [1790937637.312808354] [planner_server]: Planning took 16 ms
[planner_server-4] [INFO] [1790937637.313169174] [planner_server]: Plan computed: 808 poses
[planner_server-4] [INFO] [1790937637.433782144] [planner_server]: Planning took 17 ms
[planner_server-4] [INFO] [1790937637.434262428] [planner_server]: Plan computed: 806 poses
[planner_server-4] [INFO] [1790937637.569144430] [planner_server]: Planning took 21 ms
[planner_server-4] [INFO] [1790937637.569450495] [planner_server]: Plan computed: 805 poses
[planner_server-4] [INFO] [1790937637.693584532] [planner_server]: Planning took 17 ms
[planner_server-4] [INFO] [1790937637.693902129] [planner_server]: Plan computed: 804 poses
[controller_node-5] [WARN] [1790937637.802713414] [controller_server]: path_copy succeeded.
[controller_node-5] [INFO] [1790937637.803130181] [controller_server]: Computed velocity commands: linear.x=0.89, linear.y=0.07, angular.z=0.00
[planner_server-4] [INFO] [1790937637.823189717] [planner_server]: Planning took 16 ms
[planner_server-4] [INFO] [1790937637.823635539] [planner_server]: Plan computed: 803 poses
[planner_server-4] [INFO] [1790937637.944530494] [planner_server]: Planning took 18 ms
[planner_server-4] [INFO] [1790937637.945132745] [planner_server]: Plan computed: 801 poses
[planner_server-4] [INFO] [1790937638.064010821] [planner_server]: Planning took 16 ms
[planner_server-4] [INFO] [1790937638.064447765] [planner_server]: Plan computed: 801 poses
[planner_server-4] [INFO] [1790937638.193961543] [planner_server]: Planning took 17 ms
[planner_server-4] [INFO] [1790937638.194293257] [planner_server]: Plan computed: 798 poses
[planner_server-4] [INFO] [1790937638.324370893] [planner_server]: Planning took 17 ms
[planner_server-4] [INFO] [1790937638.324696434] [planner_server]: Plan computed: 797 poses
[planner_server-4] [INFO] [1790937638.454726995] [planner_server]: Planning took 16 ms
[planner_server-4] [INFO] [1790937638.455425710] [planner_server]: Plan computed: 796 poses
[planner_server-4] [INFO] [1790937638.584736043] [planner_server]: Planning took 18 ms
[planner_server-4] [INFO] [1790937638.585504762] [planner_server]: Plan computed: 793 poses
[planner_server-4] [INFO] [1790937638.712934017] [planner_server]: Planning took 16 ms
[planner_server-4] [INFO] [1790937638.713463919] [planner_server]: Plan computed: 792 poses
[planner_server-4] [INFO] [1790937638.833333523] [planner_server]: Planning took 17 ms
[planner_server-4] [INFO] [1790937638.833699712] [planner_server]: Plan computed: 790 poses
[planner_server-4] [INFO] [1790937638.955554319] [planner_server]: Planning took 16 ms
[planner_server-4] [INFO] [1790937638.956129818] [planner_server]: Plan computed: 790 poses
[planner_server-4] [INFO] [1790937639.083479264] [planner_server]: Planning took 16 ms
[planner_server-4] [INFO] [1790937639.083830164] [planner_server]: Plan computed: 790 poses
[planner_server-4] [INFO] [1790937639.214517745] [planner_server]: Planning took 18 ms
[planner_server-4] [INFO] [1790937639.214987742] [planner_server]: Plan computed: 790 poses
[planner_server-4] [INFO] [1790937639.343102594] [planner_server]: Planning took 16 ms
[planner_server-4] [INFO] [1790937639.343480566] [planner_server]: Plan computed: 790 poses
[planner_server-4] [INFO] [1790937639.462342841] [planner_server]: Planning took 16 ms
[planner_server-4] [INFO] [1790937639.463023079] [planner_server]: Plan computed: 789 poses
[planner_server-4] [INFO] [1790937639.582157955] [planner_server]: Planning took 16 ms
[planner_server-4] [INFO] [1790937639.582599066] [planner_server]: Plan computed: 789 poses
[planner_server-4] [INFO] [1790937639.709024305] [planner_server]: Planning took 22 ms
[planner_server-4] [INFO] [1790937639.709401925] [planner_server]: Plan computed: 787 poses
[controller_node-5] [INFO] [1790937639.803178655] [controller_server]: Computed velocity commands: linear.x=0.78, linear.y=0.66, angular.z=0.00
[controller_node-5] [WARN] [1790937639.822905314] [controller_server]: path_copy succeeded.
[planner_server-4] [INFO] [1790937639.833832938] [planner_server]: Planning took 16 ms
[planner_server-4] [INFO] [1790937639.834464633] [planner_server]: Plan computed: 786 poses
[planner_server-4] [INFO] [1790937639.954317810] [planner_server]: Planning took 16 ms
[planner_server-4] [INFO] [1790937639.954742901] [planner_server]: Plan computed: 784 poses
[planner_server-4] [INFO] [1790937640.073192042] [planner_server]: Planning took 15 ms
[planner_server-4] [INFO] [1790937640.073773551] [planner_server]: Plan computed: 783 poses
[planner_server-4] [INFO] [1790937640.194958818] [planner_server]: Planning took 17 ms
[planner_server-4] [INFO] [1790937640.195438603] [planner_server]: Plan computed: 781 poses
[planner_server-4] [INFO] [1790937640.322191842] [planner_server]: Planning took 16 ms
[planner_server-4] [INFO] [1790937640.322550475] [planner_server]: Plan computed: 779 poses
[planner_server-4] [INFO] [1790937640.445009125] [planner_server]: Planning took 18 ms
[planner_server-4] [INFO] [1790937640.445330287] [planner_server]: Plan computed: 777 poses
[planner_server-4] [INFO] [1790937640.580246045] [planner_server]: Planning took 21 ms
[planner_server-4] [INFO] [1790937640.580627592] [planner_server]: Plan computed: 777 poses
[planner_server-4] [INFO] [1790937640.703271926] [planner_server]: Planning took 16 ms
[planner_server-4] [INFO] [1790937640.703794863] [planner_server]: Plan computed: 775 poses
[planner_server-4] [INFO] [1790937640.821748163] [planner_server]: Planning took 15 ms
[planner_server-4] [INFO] [1790937640.822295046] [planner_server]: Plan computed: 774 poses
[planner_server-4] [INFO] [1790937640.943247294] [planner_server]: Planning took 17 ms
[planner_server-4] [INFO] [1790937640.944323185] [planner_server]: Plan computed: 772 poses
[planner_server-4] [INFO] [1790937641.075407032] [planner_server]: Planning took 16 ms
[planner_server-4] [INFO] [1790937641.076134207] [planner_server]: Plan computed: 770 poses
[planner_server-4] [INFO] [1790937641.203516433] [planner_server]: Planning took 17 ms
[planner_server-4] [INFO] [1790937641.203951422] [planner_server]: Plan computed: 767 poses
[planner_server-4] [INFO] [1790937641.322740836] [planner_server]: Planning took 16 ms
[planner_server-4] [INFO] [1790937641.323135418] [planner_server]: Plan computed: 766 poses
[planner_server-4] [INFO] [1790937641.443647896] [planner_server]: Planning took 16 ms
[planner_server-4] [INFO] [1790937641.444492876] [planner_server]: Plan computed: 764 poses
[planner_server-4] [INFO] [1790937641.574441520] [planner_server]: Planning took 17 ms
[planner_server-4] [INFO] [1790937641.574764996] [planner_server]: Plan computed: 763 poses
[planner_server-4] [INFO] [1790937641.696003296] [planner_server]: Planning took 17 ms
[planner_server-4] [INFO] [1790937641.696320931] [planner_server]: Plan computed: 761 poses
[planner_server-4] [INFO] [1790937641.823201145] [planner_server]: Planning took 16 ms
[controller_node-5] [WARN] [1790937641.823279534] [controller_server]: path_copy succeeded.
[planner_server-4] [INFO] [1790937641.823587341] [planner_server]: Plan computed: 759 poses
[controller_node-5] [INFO] [1790937641.823592781] [controller_server]: Computed velocity commands: linear.x=0.41, linear.y=-0.68, angular.z=0.00
[planner_server-4] [INFO] [1790937641.943777800] [planner_server]: Planning took 17 ms
[planner_server-4] [INFO] [1790937641.944471321] [planner_server]: Plan computed: 758 poses
[planner_server-4] [INFO] [1790937642.075802674] [planner_server]: Planning took 17 ms
[planner_server-4] [INFO] [1790937642.076338233] [planner_server]: Plan computed: 756 poses
[planner_server-4] [INFO] [1790937642.202039669] [planner_server]: Planning took 16 ms
[planner_server-4] [INFO] [1790937642.202393292] [planner_server]: Plan computed: 754 poses
[planner_server-4] [INFO] [1790937642.322284939] [planner_server]: Planning took 16 ms
[planner_server-4] [INFO] [1790937642.322598296] [planner_server]: Plan computed: 753 poses
[planner_server-4] [INFO] [1790937642.441981524] [planner_server]: Planning took 15 ms
[planner_server-4] [INFO] [1790937642.442349595] [planner_server]: Plan computed: 751 poses
[planner_server-4] [INFO] [1790937642.563110908] [planner_server]: Planning took 15 ms
[planner_server-4] [INFO] [1790937642.563598506] [planner_server]: Plan computed: 750 poses
[planner_server-4] [INFO] [1790937642.693070246] [planner_server]: Planning took 17 ms
[planner_server-4] [INFO] [1790937642.694370651] [planner_server]: Plan computed: 749 poses
[planner_server-4] [INFO] [1790937642.826299323] [planner_server]: Planning took 19 ms
[planner_server-4] [INFO] [1790937642.826753297] [planner_server]: Plan computed: 748 poses
[planner_server-4] [INFO] [1790937642.952342179] [planner_server]: Planning took 16 ms
[planner_server-4] [INFO] [1790937642.952739826] [planner_server]: Plan computed: 747 poses
[planner_server-4] [INFO] [1790937643.074371402] [planner_server]: Planning took 17 ms
[planner_server-4] [INFO] [1790937643.075175969] [planner_server]: Plan computed: 745 poses
[planner_server-4] [INFO] [1790937643.202245706] [planner_server]: Planning took 15 ms
[planner_server-4] [INFO] [1790937643.202678229] [planner_server]: Plan computed: 744 poses
[planner_server-4] [INFO] [1790937643.322321078] [planner_server]: Planning took 16 ms
[planner_server-4] [INFO] [1790937643.322607362] [planner_server]: Plan computed: 743 poses
[planner_server-4] [INFO] [1790937643.455205061] [planner_server]: Planning took 18 ms
[planner_server-4] [INFO] [1790937643.455724519] [planner_server]: Plan computed: 741 poses
[planner_server-4] [INFO] [1790937643.577036903] [planner_server]: Planning took 15 ms
[planner_server-4] [INFO] [1790937643.577377862] [planner_server]: Plan computed: 741 poses
[planner_server-4] [INFO] [1790937643.705240474] [planner_server]: Planning took 17 ms
[planner_server-4] [INFO] [1790937643.705549222] [planner_server]: Plan computed: 739 poses
[planner_server-4] [INFO] [1790937643.831459206] [planner_server]: Planning took 15 ms
[planner_server-4] [INFO] [1790937643.831977161] [planner_server]: Plan computed: 738 poses
[controller_node-5] [WARN] [1790937643.843147442] [controller_server]: path_copy succeeded.
[controller_node-5] [INFO] [1790937643.843583451] [controller_server]: Computed velocity commands: linear.x=0.56, linear.y=-0.81, angular.z=0.00
[planner_server-4] [INFO] [1790937643.952806196] [planner_server]: Planning took 16 ms
[planner_server-4] [INFO] [1790937643.953372523] [planner_server]: Plan computed: 738 poses
[planner_server-4] [INFO] [1790937644.075154945] [planner_server]: Planning took 18 ms
[planner_server-4] [INFO] [1790937644.075472608] [planner_server]: Plan computed: 737 poses
[planner_server-4] [INFO] [1790937644.205259855] [planner_server]: Planning took 17 ms
[planner_server-4] [INFO] [1790937644.207226853] [planner_server]: Plan computed: 735 poses
[planner_server-4] [INFO] [1790937644.333595853] [planner_server]: Planning took 15 ms
[planner_server-4] [INFO] [1790937644.334575285] [planner_server]: Plan computed: 735 poses
[planner_server-4] [INFO] [1790937644.462607255] [planner_server]: Planning took 16 ms
[planner_server-4] [INFO] [1790937644.463424077] [planner_server]: Plan computed: 734 poses
[planner_server-4] [INFO] [1790937644.582357556] [planner_server]: Planning took 16 ms
[planner_server-4] [INFO] [1790937644.582693675] [planner_server]: Plan computed: 733 poses
[planner_server-4] [INFO] [1790937644.702370015] [planner_server]: Planning took 16 ms
[planner_server-4] [INFO] [1790937644.702744056] [planner_server]: Plan computed: 732 poses
[planner_server-4] [INFO] [1790937644.823128593] [planner_server]: Planning took 15 ms
[planner_server-4] [INFO] [1790937644.823393276] [planner_server]: Plan computed: 732 poses
[planner_server-4] [INFO] [1790937644.944220524] [planner_server]: Planning took 15 ms
[planner_server-4] [INFO] [1790937644.944637707] [planner_server]: Plan computed: 729 poses
[planner_server-4] [INFO] [1790937645.062427561] [planner_server]: Planning took 15 ms
[planner_server-4] [INFO] [1790937645.062643320] [planner_server]: Plan computed: 729 poses
[planner_server-4] [INFO] [1790937645.181354214] [planner_server]: Planning took 15 ms
[planner_server-4] [INFO] [1790937645.181679362] [planner_server]: Plan computed: 727 poses
[planner_server-4] [INFO] [1790937645.301249156] [planner_server]: Planning took 15 ms
[planner_server-4] [INFO] [1790937645.301594432] [planner_server]: Plan computed: 726 poses
[planner_server-4] [INFO] [1790937645.423139092] [planner_server]: Planning took 16 ms
[planner_server-4] [INFO] [1790937645.423485500] [planner_server]: Plan computed: 724 poses
[planner_server-4] [INFO] [1790937645.543251622] [planner_server]: Planning took 16 ms
[planner_server-4] [INFO] [1790937645.543615733] [planner_server]: Plan computed: 723 poses
[planner_server-4] [INFO] [1790937645.662411844] [planner_server]: Planning took 16 ms
[planner_server-4] [INFO] [1790937645.662922092] [planner_server]: Plan computed: 721 poses
[planner_server-4] [INFO] [1790937645.781688937] [planner_server]: Planning took 15 ms
[planner_server-4] [INFO] [1790937645.781966234] [planner_server]: Plan computed: 719 poses
[controller_node-5] [WARN] [1790937645.843283514] [controller_server]: path_copy succeeded.
[controller_node-5] [INFO] [1790937645.843961962] [controller_server]: Computed velocity commands: linear.x=-0.87, linear.y=-0.66, angular.z=0.00
[planner_server-4] [INFO] [1790937645.901897535] [planner_server]: Planning took 15 ms
[planner_server-4] [INFO] [1790937645.902549924] [planner_server]: Plan computed: 717 poses
[planner_server-4] [INFO] [1790937646.021837402] [planner_server]: Planning took 15 ms
[planner_server-4] [INFO] [1790937646.022333463] [planner_server]: Plan computed: 716 poses
[planner_server-4] [INFO] [1790937646.145425787] [planner_server]: Planning took 17 ms
[planner_server-4] [INFO] [1790937646.146301118] [planner_server]: Plan computed: 716 poses
[planner_server-4] [INFO] [1790937646.271723732] [planner_server]: Planning took 15 ms
[planner_server-4] [INFO] [1790937646.272276621] [planner_server]: Plan computed: 715 poses
[planner_server-4] [INFO] [1790937646.392927386] [planner_server]: Planning took 16 ms
[planner_server-4] [INFO] [1790937646.393297408] [planner_server]: Plan computed: 714 poses
[planner_server-4] [INFO] [1790937646.512383218] [planner_server]: Planning took 16 ms
[planner_server-4] [INFO] [1790937646.512804758] [planner_server]: Plan computed: 713 poses
[planner_server-4] [INFO] [1790937646.632072714] [planner_server]: Planning took 15 ms
[planner_server-4] [INFO] [1790937646.632396649] [planner_server]: Plan computed: 712 poses
[planner_server-4] [INFO] [1790937646.753535681] [planner_server]: Planning took 17 ms
[planner_server-4] [INFO] [1790937646.754117365] [planner_server]: Plan computed: 711 poses
[planner_server-4] [INFO] [1790937646.873453410] [planner_server]: Planning took 16 ms
[planner_server-4] [INFO] [1790937646.873842678] [planner_server]: Plan computed: 709 poses
[planner_server-4] [INFO] [1790937646.992208613] [planner_server]: Planning took 15 ms
[planner_server-4] [INFO] [1790937646.992538529] [planner_server]: Plan computed: 707 poses
[planner_server-4] [INFO] [1790937647.111146910] [planner_server]: Planning took 15 ms
[planner_server-4] [INFO] [1790937647.111655434] [planner_server]: Plan computed: 704 poses
[planner_server-4] [INFO] [1790937647.231477272] [planner_server]: Planning took 15 ms
[planner_server-4] [INFO] [1790937647.232139608] [planner_server]: Plan computed: 703 poses
[planner_server-4] [INFO] [1790937647.364106494] [planner_server]: Planning took 16 ms
[planner_server-4] [INFO] [1790937647.364679410] [planner_server]: Plan computed: 701 poses
[planner_server-4] [INFO] [1790937647.493331271] [planner_server]: Planning took 15 ms
[planner_server-4] [INFO] [1790937647.493641019] [planner_server]: Plan computed: 701 poses
[planner_server-4] [INFO] [1790937647.611279156] [planner_server]: Planning took 15 ms
[planner_server-4] [INFO] [1790937647.611582111] [planner_server]: Plan computed: 699 poses
[planner_server-4] [INFO] [1790937647.732544351] [planner_server]: Planning took 15 ms
[planner_server-4] [INFO] [1790937647.733274255] [planner_server]: Plan computed: 698 poses
[planner_server-4] [INFO] [1790937647.861233613] [planner_server]: Planning took 14 ms
[planner_server-4] [INFO] [1790937647.862211207] [planner_server]: Plan computed: 696 poses
[controller_node-5] [WARN] [1790937647.862586318] [controller_server]: path_copy succeeded.
[controller_node-5] [INFO] [1790937647.862921423] [controller_server]: Computed velocity commands: linear.x=0.60, linear.y=0.24, angular.z=0.00
[planner_server-4] [INFO] [1790937647.982650606] [planner_server]: Planning took 15 ms
[planner_server-4] [INFO] [1790937647.983386241] [planner_server]: Plan computed: 694 poses
[planner_server-4] [INFO] [1790937648.102825640] [planner_server]: Planning took 15 ms
[planner_server-4] [INFO] [1790937648.103294759] [planner_server]: Plan computed: 692 poses
[planner_server-4] [INFO] [1790937648.221777900] [planner_server]: Planning took 15 ms
[planner_server-4] [INFO] [1790937648.222041689] [planner_server]: Plan computed: 689 poses
[planner_server-4] [INFO] [1790937648.342514280] [planner_server]: Planning took 16 ms
[planner_server-4] [INFO] [1790937648.343046208] [planner_server]: Plan computed: 688 poses
[planner_server-4] [INFO] [1790937648.462657376] [planner_server]: Planning took 15 ms
[planner_server-4] [INFO] [1790937648.463558583] [planner_server]: Plan computed: 688 poses
[planner_server-4] [INFO] [1790937648.581727570] [planner_server]: Planning took 15 ms
[planner_server-4] [INFO] [1790937648.582011087] [planner_server]: Plan computed: 687 poses
[planner_server-4] [INFO] [1790937648.709739555] [planner_server]: Planning took 21 ms
[planner_server-4] [INFO] [1790937648.710198244] [planner_server]: Plan computed: 687 poses
[planner_server-4] [INFO] [1790937648.832686351] [planner_server]: Planning took 16 ms
[planner_server-4] [INFO] [1790937648.833151602] [planner_server]: Plan computed: 687 poses
[planner_server-4] [INFO] [1790937648.950252537] [planner_server]: Planning took 14 ms
[planner_server-4] [INFO] [1790937648.950607841] [planner_server]: Plan computed: 687 poses
[planner_server-4] [INFO] [1790937649.072834855] [planner_server]: Planning took 15 ms
[planner_server-4] [INFO] [1790937649.073473114] [planner_server]: Plan computed: 687 poses
[planner_server-4] [INFO] [1790937649.192653669] [planner_server]: Planning took 15 ms
[planner_server-4] [INFO] [1790937649.193202768] [planner_server]: Plan computed: 687 poses
[planner_server-4] [INFO] [1790937649.312631483] [planner_server]: Planning took 15 ms
[planner_server-4] [INFO] [1790937649.313035387] [planner_server]: Plan computed: 687 poses
[planner_server-4] [INFO] [1790937649.433567482] [planner_server]: Planning took 16 ms
[planner_server-4] [INFO] [1790937649.434179611] [planner_server]: Plan computed: 686 poses
[planner_server-4] [INFO] [1790937649.550364755] [planner_server]: Planning took 14 ms
[planner_server-4] [INFO] [1790937649.550662198] [planner_server]: Plan computed: 684 poses
[planner_server-4] [INFO] [1790937649.673755470] [planner_server]: Planning took 15 ms
[planner_server-4] [INFO] [1790937649.674180475] [planner_server]: Plan computed: 682 poses
[planner_server-4] [INFO] [1790937649.793716944] [planner_server]: Planning took 15 ms
[planner_server-4] [INFO] [1790937649.794072407] [planner_server]: Plan computed: 681 poses
[controller_node-5] [WARN] [1790937649.863383409] [controller_server]: path_copy succeeded.
[controller_node-5] [INFO] [1790937649.864257208] [controller_server]: Computed velocity commands: linear.x=0.07, linear.y=1.03, angular.z=0.00
[planner_server-4] [INFO] [1790937649.921181272] [planner_server]: Planning took 14 ms
[planner_server-4] [INFO] [1790937649.921527878] [planner_server]: Plan computed: 680 poses
[planner_server-4] [INFO] [1790937650.042351609] [planner_server]: Planning took 15 ms
[planner_server-4] [INFO] [1790937650.042687274] [planner_server]: Plan computed: 677 poses
[planner_server-4] [INFO] [1790937650.181033001] [planner_server]: Planning took 14 ms
[planner_server-4] [INFO] [1790937650.181498031] [planner_server]: Plan computed: 675 poses
[planner_server-4] [INFO] [1790937650.303810526] [planner_server]: Planning took 16 ms
[planner_server-4] [INFO] [1790937650.304458131] [planner_server]: Plan computed: 673 poses
[planner_server-4] [INFO] [1790937650.422354613] [planner_server]: Planning took 15 ms
[planner_server-4] [INFO] [1790937650.422782172] [planner_server]: Plan computed: 671 poses
[planner_server-4] [INFO] [1790937650.542508932] [planner_server]: Planning took 16 ms
[planner_server-4] [INFO] [1790937650.543004690] [planner_server]: Plan computed: 670 poses
[planner_server-4] [INFO] [1790937650.660517342] [planner_server]: Planning took 14 ms
[planner_server-4] [INFO] [1790937650.661260418] [planner_server]: Plan computed: 669 poses
[planner_server-4] [INFO] [1790937650.781038584] [planner_server]: Planning took 14 ms
[planner_server-4] [INFO] [1790937650.781662204] [planner_server]: Plan computed: 667 poses
[planner_server-4] [INFO] [1790937650.912393656] [planner_server]: Planning took 14 ms
[planner_server-4] [INFO] [1790937650.912650021] [planner_server]: Plan computed: 665 poses
[planner_server-4] [INFO] [1790937651.032588934] [planner_server]: Planning took 16 ms
[planner_server-4] [INFO] [1790937651.033283005] [planner_server]: Plan computed: 664 poses
[planner_server-4] [INFO] [1790937651.161577043] [planner_server]: Planning took 15 ms
[planner_server-4] [INFO] [1790937651.161862563] [planner_server]: Plan computed: 663 poses
[planner_server-4] [INFO] [1790937651.280179890] [planner_server]: Planning took 13 ms
[planner_server-4] [INFO] [1790937651.280615723] [planner_server]: Plan computed: 662 poses
[planner_server-4] [INFO] [1790937651.403238339] [planner_server]: Planning took 16 ms
[planner_server-4] [INFO] [1790937651.403590054] [planner_server]: Plan computed: 661 poses
[planner_server-4] [INFO] [1790937651.525496706] [planner_server]: Planning took 16 ms
[planner_server-4] [INFO] [1790937651.525806201] [planner_server]: Plan computed: 660 poses
[planner_server-4] [INFO] [1790937651.653564416] [planner_server]: Planning took 16 ms
[planner_server-4] [INFO] [1790937651.653812705] [planner_server]: Plan computed: 659 poses
[planner_server-4] [INFO] [1790937651.770692249] [planner_server]: Planning took 12 ms
[planner_server-4] [INFO] [1790937651.772180818] [planner_server]: Plan computed: 658 poses
[controller_node-5] [WARN] [1790937651.883234213] [controller_server]: path_copy succeeded.
[controller_node-5] [INFO] [1790937651.884478775] [controller_server]: Computed velocity commands: linear.x=1.20, linear.y=0.54, angular.z=0.00
[planner_server-4] [INFO] [1790937651.895635237] [planner_server]: Planning took 18 ms
[planner_server-4] [INFO] [1790937651.896028360] [planner_server]: Plan computed: 657 poses
[planner_server-4] [INFO] [1790937652.023689432] [planner_server]: Planning took 16 ms
[planner_server-4] [INFO] [1790937652.024178376] [planner_server]: Plan computed: 655 poses
[planner_server-4] [INFO] [1790937652.159608452] [planner_server]: Planning took 17 ms
[planner_server-4] [INFO] [1790937652.160235416] [planner_server]: Plan computed: 653 poses
[planner_server-4] [INFO] [1790937652.282248807] [planner_server]: Planning took 15 ms
[planner_server-4] [INFO] [1790937652.282661847] [planner_server]: Plan computed: 651 poses
[planner_server-4] [INFO] [1790937652.403807357] [planner_server]: Planning took 16 ms
[planner_server-4] [INFO] [1790937652.404194177] [planner_server]: Plan computed: 649 poses
[planner_server-4] [INFO] [1790937652.521383785] [planner_server]: Planning took 15 ms
[planner_server-4] [INFO] [1790937652.521955205] [planner_server]: Plan computed: 648 poses
[planner_server-4] [INFO] [1790937652.640371213] [planner_server]: Planning took 13 ms
[planner_server-4] [INFO] [1790937652.641539871] [planner_server]: Plan computed: 647 poses
[planner_server-4] [INFO] [1790937652.766673031] [planner_server]: Planning took 16 ms
[planner_server-4] [INFO] [1790937652.767118552] [planner_server]: Plan computed: 644 poses
[planner_server-4] [INFO] [1790937652.891349602] [planner_server]: Planning took 14 ms
[planner_server-4] [INFO] [1790937652.893040426] [planner_server]: Plan computed: 643 poses
[planner_server-4] [INFO] [1790937653.013130436] [planner_server]: Planning took 16 ms
[planner_server-4] [INFO] [1790937653.013922922] [planner_server]: Plan computed: 639 poses
[planner_server-4] [INFO] [1790937653.131639192] [planner_server]: Planning took 15 ms
[planner_server-4] [INFO] [1790937653.132105883] [planner_server]: Plan computed: 638 poses
[planner_server-4] [INFO] [1790937653.252710321] [planner_server]: Planning took 15 ms
[planner_server-4] [INFO] [1790937653.253345059] [planner_server]: Plan computed: 638 poses
[planner_server-4] [INFO] [1790937653.372815120] [planner_server]: Planning took 15 ms
[planner_server-4] [INFO] [1790937653.373204235] [planner_server]: Plan computed: 638 poses
[planner_server-4] [INFO] [1790937653.492859462] [planner_server]: Planning took 15 ms
[planner_server-4] [INFO] [1790937653.493639124] [planner_server]: Plan computed: 638 poses
[planner_server-4] [INFO] [1790937653.612526403] [planner_server]: Planning took 14 ms
[planner_server-4] [INFO] [1790937653.612908544] [planner_server]: Plan computed: 637 poses
[planner_server-4] [INFO] [1790937653.734596029] [planner_server]: Planning took 17 ms
[planner_server-4] [INFO] [1790937653.735118214] [planner_server]: Plan computed: 636 poses
[planner_server-4] [INFO] [1790937653.862376576] [planner_server]: Planning took 15 ms
[planner_server-4] [INFO] [1790937653.862842305] [planner_server]: Plan computed: 636 poses
[controller_node-5] [WARN] [1790937653.902925960] [controller_server]: path_copy succeeded.
[controller_node-5] [INFO] [1790937653.903390016] [controller_server]: Computed velocity commands: linear.x=-0.33, linear.y=-0.64, angular.z=0.00
[planner_server-4] [INFO] [1790937653.980457696] [planner_server]: Planning took 13 ms
[planner_server-4] [INFO] [1790937653.980887568] [planner_server]: Plan computed: 636 poses
[planner_server-4] [INFO] [1790937654.101933247] [planner_server]: Planning took 15 ms
[planner_server-4] [INFO] [1790937654.102550361] [planner_server]: Plan computed: 635 poses
[planner_server-4] [INFO] [1790937654.220983318] [planner_server]: Planning took 13 ms
[planner_server-4] [INFO] [1790937654.221538455] [planner_server]: Plan computed: 634 poses
[planner_server-4] [INFO] [1790937654.340598815] [planner_server]: Planning took 14 ms
[planner_server-4] [INFO] [1790937654.340901867] [planner_server]: Plan computed: 634 poses
[planner_server-4] [INFO] [1790937654.460091511] [planner_server]: Planning took 14 ms
[planner_server-4] [INFO] [1790937654.460411094] [planner_server]: Plan computed: 632 poses
[planner_server-4] [INFO] [1790937654.582108860] [planner_server]: Planning took 15 ms
[planner_server-4] [INFO] [1790937654.582684997] [planner_server]: Plan computed: 631 poses
[planner_server-4] [INFO] [1790937654.702235708] [planner_server]: Planning took 14 ms
[planner_server-4] [INFO] [1790937654.703326285] [planner_server]: Plan computed: 630 poses
[planner_server-4] [INFO] [1790937654.821595027] [planner_server]: Planning took 14 ms
[planner_server-4] [INFO] [1790937654.821913368] [planner_server]: Plan computed: 628 poses
[planner_server-4] [INFO] [1790937654.940787176] [planner_server]: Planning took 14 ms
[planner_server-4] [INFO] [1790937654.941438204] [planner_server]: Plan computed: 626 poses
[planner_server-4] [INFO] [1790937655.061325187] [planner_server]: Planning took 14 ms
[planner_server-4] [INFO] [1790937655.061834818] [planner_server]: Plan computed: 625 poses
[planner_server-4] [INFO] [1790937655.182428788] [planner_server]: Planning took 14 ms
[planner_server-4] [INFO] [1790937655.182862285] [planner_server]: Plan computed: 624 poses
[planner_server-4] [INFO] [1790937655.302975739] [planner_server]: Planning took 14 ms
[planner_server-4] [INFO] [1790937655.303383007] [planner_server]: Plan computed: 622 poses
[planner_server-4] [INFO] [1790937655.420931064] [planner_server]: Planning took 14 ms
[planner_server-4] [INFO] [1790937655.421520115] [planner_server]: Plan computed: 620 poses
[planner_server-4] [INFO] [1790937655.543016756] [planner_server]: Planning took 16 ms
[planner_server-4] [INFO] [1790937655.543511409] [planner_server]: Plan computed: 616 poses
[planner_server-4] [INFO] [1790937655.671156186] [planner_server]: Planning took 14 ms
[planner_server-4] [INFO] [1790937655.671609791] [planner_server]: Plan computed: 615 poses
[planner_server-4] [INFO] [1790937655.791437631] [planner_server]: Planning took 13 ms
[planner_server-4] [INFO] [1790937655.791741844] [planner_server]: Plan computed: 613 poses
[controller_node-5] [WARN] [1790937655.903412492] [controller_server]: path_copy succeeded.
[controller_node-5] [INFO] [1790937655.903982867] [controller_server]: Computed velocity commands: linear.x=-1.08, linear.y=-0.56, angular.z=0.00
[planner_server-4] [INFO] [1790937655.911422061] [planner_server]: Planning took 14 ms
[planner_server-4] [INFO] [1790937655.912148741] [planner_server]: Plan computed: 613 poses
[planner_server-4] [INFO] [1790937656.031802088] [planner_server]: Planning took 13 ms
[planner_server-4] [INFO] [1790937656.032353016] [planner_server]: Plan computed: 613 poses
[planner_server-4] [INFO] [1790937656.153496379] [planner_server]: Planning took 14 ms
[planner_server-4] [INFO] [1790937656.153956205] [planner_server]: Plan computed: 613 poses
[planner_server-4] [INFO] [1790937656.273119954] [planner_server]: Planning took 16 ms
[planner_server-4] [INFO] [1790937656.273752686] [planner_server]: Plan computed: 612 poses
[planner_server-4] [INFO] [1790937656.390144732] [planner_server]: Planning took 13 ms
[planner_server-4] [INFO] [1790937656.390469905] [planner_server]: Plan computed: 611 poses
[planner_server-4] [INFO] [1790937656.510018173] [planner_server]: Planning took 13 ms
[planner_server-4] [INFO] [1790937656.510381738] [planner_server]: Plan computed: 610 poses
[planner_server-4] [INFO] [1790937656.631037301] [planner_server]: Planning took 14 ms
[planner_server-4] [INFO] [1790937656.631586045] [planner_server]: Plan computed: 609 poses
[planner_server-4] [INFO] [1790937656.750043718] [planner_server]: Planning took 13 ms
[planner_server-4] [INFO] [1790937656.750557295] [planner_server]: Plan computed: 608 poses
[planner_server-4] [INFO] [1790937656.872390649] [planner_server]: Planning took 15 ms
[planner_server-4] [INFO] [1790937656.873176449] [planner_server]: Plan computed: 606 poses
[planner_server-4] [INFO] [1790937656.990726702] [planner_server]: Planning took 13 ms
[planner_server-4] [INFO] [1790937656.991024443] [planner_server]: Plan computed: 604 poses
[planner_server-4] [INFO] [1790937657.110368132] [planner_server]: Planning took 14 ms
[planner_server-4] [INFO] [1790937657.110803551] [planner_server]: Plan computed: 603 poses
[planner_server-4] [INFO] [1790937657.232231019] [planner_server]: Planning took 15 ms
[planner_server-4] [INFO] [1790937657.232722785] [planner_server]: Plan computed: 602 poses
[planner_server-4] [INFO] [1790937657.349987466] [planner_server]: Planning took 13 ms
[planner_server-4] [INFO] [1790937657.350357773] [planner_server]: Plan computed: 600 poses
[planner_server-4] [INFO] [1790937657.472606036] [planner_server]: Planning took 15 ms
[planner_server-4] [INFO] [1790937657.473089937] [planner_server]: Plan computed: 598 poses
[planner_server-4] [INFO] [1790937657.592646843] [planner_server]: Planning took 14 ms
[planner_server-4] [INFO] [1790937657.593121477] [planner_server]: Plan computed: 596 poses
[planner_server-4] [INFO] [1790937657.711468104] [planner_server]: Planning took 15 ms
[planner_server-4] [INFO] [1790937657.711696384] [planner_server]: Plan computed: 594 poses
[planner_server-4] [INFO] [1790937657.831511646] [planner_server]: Planning took 13 ms
[planner_server-4] [INFO] [1790937657.831812002] [planner_server]: Plan computed: 593 poses
[controller_node-5] [WARN] [1790937657.903770502] [controller_server]: path_copy succeeded.
[controller_node-5] [INFO] [1790937657.904162791] [controller_server]: Computed velocity commands: linear.x=-0.71, linear.y=-0.20, angular.z=0.00
[planner_server-4] [INFO] [1790937657.951554928] [planner_server]: Planning took 13 ms
[planner_server-4] [INFO] [1790937657.951822622] [planner_server]: Plan computed: 592 poses
[planner_server-4] [INFO] [1790937658.071161594] [planner_server]: Planning took 13 ms
[planner_server-4] [INFO] [1790937658.071439897] [planner_server]: Plan computed: 590 poses
[planner_server-4] [INFO] [1790937658.189838584] [planner_server]: Planning took 13 ms
[planner_server-4] [INFO] [1790937658.190437450] [planner_server]: Plan computed: 590 poses
[planner_server-4] [INFO] [1790937658.313247297] [planner_server]: Planning took 14 ms
[planner_server-4] [INFO] [1790937658.313479263] [planner_server]: Plan computed: 590 poses
[planner_server-4] [INFO] [1790937658.429372576] [planner_server]: Planning took 13 ms
[planner_server-4] [INFO] [1790937658.429778900] [planner_server]: Plan computed: 589 poses
[planner_server-4] [INFO] [1790937658.549869901] [planner_server]: Planning took 13 ms
[planner_server-4] [INFO] [1790937658.550484076] [planner_server]: Plan computed: 588 poses
[planner_server-4] [INFO] [1790937658.669801582] [planner_server]: Planning took 13 ms
[planner_server-4] [INFO] [1790937658.670302254] [planner_server]: Plan computed: 587 poses
[planner_server-4] [INFO] [1790937658.789728283] [planner_server]: Planning took 12 ms
[planner_server-4] [INFO] [1790937658.790136652] [planner_server]: Plan computed: 586 poses
[planner_server-4] [INFO] [1790937658.911212145] [planner_server]: Planning took 14 ms
[planner_server-4] [INFO] [1790937658.911504174] [planner_server]: Plan computed: 584 poses
[planner_server-4] [INFO] [1790937659.030282781] [planner_server]: Planning took 13 ms
[planner_server-4] [INFO] [1790937659.031451970] [planner_server]: Plan computed: 583 poses
[planner_server-4] [INFO] [1790937659.150178015] [planner_server]: Planning took 13 ms
[planner_server-4] [INFO] [1790937659.151427935] [planner_server]: Plan computed: 582 poses
[planner_server-4] [INFO] [1790937659.269652957] [planner_server]: Planning took 13 ms
[planner_server-4] [INFO] [1790937659.270132830] [planner_server]: Plan computed: 581 poses
[planner_server-4] [INFO] [1790937659.391111180] [planner_server]: Planning took 14 ms
[planner_server-4] [INFO] [1790937659.391717249] [planner_server]: Plan computed: 580 poses
[planner_server-4] [INFO] [1790937659.513724529] [planner_server]: Planning took 16 ms
[planner_server-4] [INFO] [1790937659.514550923] [planner_server]: Plan computed: 580 poses
[planner_server-4] [INFO] [1790937659.647530544] [planner_server]: Planning took 19 ms
[planner_server-4] [INFO] [1790937659.647890450] [planner_server]: Plan computed: 577 poses
[planner_server-4] [INFO] [1790937659.771821268] [planner_server]: Planning took 15 ms
[planner_server-4] [INFO] [1790937659.772164824] [planner_server]: Plan computed: 576 poses
[planner_server-4] [INFO] [1790937659.890915800] [planner_server]: Planning took 13 ms
[planner_server-4] [INFO] [1790937659.891775767] [planner_server]: Plan computed: 573 poses
[controller_node-5] [WARN] [1790937659.905827840] [controller_server]: path_copy succeeded.
[controller_node-5] [INFO] [1790937659.907210961] [controller_server]: Computed velocity commands: linear.x=-0.88, linear.y=0.98, angular.z=0.00
[planner_server-4] [INFO] [1790937660.010416300] [planner_server]: Planning took 13 ms
[planner_server-4] [INFO] [1790937660.010973618] [planner_server]: Plan computed: 571 poses
[planner_server-4] [INFO] [1790937660.133391349] [planner_server]: Planning took 14 ms
[planner_server-4] [INFO] [1790937660.134128875] [planner_server]: Plan computed: 569 poses
[planner_server-4] [INFO] [1790937660.252682411] [planner_server]: Planning took 13 ms
[planner_server-4] [INFO] [1790937660.253194162] [planner_server]: Plan computed: 567 poses
[planner_server-4] [INFO] [1790937660.373617491] [planner_server]: Planning took 13 ms
[planner_server-4] [INFO] [1790937660.374129974] [planner_server]: Plan computed: 566 poses
[planner_server-4] [INFO] [1790937660.504319069] [planner_server]: Planning took 17 ms
[planner_server-4] [INFO] [1790937660.505266630] [planner_server]: Plan computed: 564 poses
[planner_server-4] [INFO] [1790937660.633890143] [planner_server]: Planning took 13 ms
[planner_server-4] [INFO] [1790937660.634481695] [planner_server]: Plan computed: 562 poses
[planner_server-4] [INFO] [1790937660.751481766] [planner_server]: Planning took 13 ms
[planner_server-4] [INFO] [1790937660.751778825] [planner_server]: Plan computed: 561 poses
[planner_server-4] [INFO] [1790937660.871642106] [planner_server]: Planning took 12 ms
[planner_server-4] [INFO] [1790937660.871881957] [planner_server]: Plan computed: 559 poses
[planner_server-4] [INFO] [1790937660.990878550] [planner_server]: Planning took 12 ms
[planner_server-4] [INFO] [1790937660.991109805] [planner_server]: Plan computed: 557 poses
[planner_server-4] [INFO] [1790937661.110493272] [planner_server]: Planning took 13 ms
[planner_server-4] [INFO] [1790937661.110828532] [planner_server]: Plan computed: 555 poses
[planner_server-4] [INFO] [1790937661.229455547] [planner_server]: Planning took 12 ms
[planner_server-4] [INFO] [1790937661.230100398] [planner_server]: Plan computed: 555 poses
[planner_server-4] [INFO] [1790937661.348726468] [planner_server]: Planning took 12 ms
[planner_server-4] [INFO] [1790937661.349121650] [planner_server]: Plan computed: 554 poses
[planner_server-4] [INFO] [1790937661.469127550] [planner_server]: Planning took 12 ms
[planner_server-4] [INFO] [1790937661.469400012] [planner_server]: Plan computed: 552 poses
[planner_server-4] [INFO] [1790937661.589891645] [planner_server]: Planning took 13 ms
[planner_server-4] [INFO] [1790937661.590377387] [planner_server]: Plan computed: 551 poses
[planner_server-4] [INFO] [1790937661.710242383] [planner_server]: Planning took 12 ms
[planner_server-4] [INFO] [1790937661.710604182] [planner_server]: Plan computed: 550 poses
[planner_server-4] [INFO] [1790937661.829172913] [planner_server]: Planning took 12 ms
[planner_server-4] [INFO] [1790937661.829860414] [planner_server]: Plan computed: 548 poses
[controller_node-5] [WARN] [1790937661.922937698] [controller_server]: path_copy succeeded.
[controller_node-5] [INFO] [1790937661.923376111] [controller_server]: Computed velocity commands: linear.x=0.27, linear.y=0.74, angular.z=0.00
[planner_server-4] [INFO] [1790937661.951772114] [planner_server]: Planning took 15 ms
[planner_server-4] [INFO] [1790937661.952775609] [planner_server]: Plan computed: 548 poses
[planner_server-4] [INFO] [1790937662.069465784] [planner_server]: Planning took 12 ms
[planner_server-4] [INFO] [1790937662.069897945] [planner_server]: Plan computed: 546 poses
[planner_server-4] [INFO] [1790937662.189461469] [planner_server]: Planning took 12 ms
[planner_server-4] [INFO] [1790937662.189785657] [planner_server]: Plan computed: 545 poses
[planner_server-4] [INFO] [1790937662.309887510] [planner_server]: Planning took 12 ms
[planner_server-4] [INFO] [1790937662.310202952] [planner_server]: Plan computed: 543 poses
[planner_server-4] [INFO] [1790937662.434044535] [planner_server]: Planning took 16 ms
[planner_server-4] [INFO] [1790937662.434544463] [planner_server]: Plan computed: 542 poses
[planner_server-4] [INFO] [1790937662.564706899] [planner_server]: Planning took 16 ms
[planner_server-4] [INFO] [1790937662.565382958] [planner_server]: Plan computed: 540 poses
[planner_server-4] [INFO] [1790937662.696341468] [planner_server]: Planning took 19 ms
[planner_server-4] [INFO] [1790937662.696745977] [planner_server]: Plan computed: 539 poses
[planner_server-4] [INFO] [1790937662.822855336] [planner_server]: Planning took 14 ms
[planner_server-4] [INFO] [1790937662.824304125] [planner_server]: Plan computed: 537 poses
[planner_server-4] [INFO] [1790937662.940098137] [planner_server]: Planning took 13 ms
[planner_server-4] [INFO] [1790937662.940470797] [planner_server]: Plan computed: 537 poses
[planner_server-4] [INFO] [1790937663.072831627] [planner_server]: Planning took 16 ms
[planner_server-4] [INFO] [1790937663.073626819] [planner_server]: Plan computed: 536 poses
[planner_server-4] [INFO] [1790937663.203946743] [planner_server]: Planning took 14 ms
[planner_server-4] [INFO] [1790937663.204224234] [planner_server]: Plan computed: 534 poses
[planner_server-4] [INFO] [1790937663.362018888] [planner_server]: Planning took 21 ms
[planner_server-4] [INFO] [1790937663.362604205] [planner_server]: Plan computed: 534 poses
[planner_server-4] [INFO] [1790937663.484074129] [planner_server]: Planning took 17 ms
[planner_server-4] [INFO] [1790937663.487011769] [planner_server]: Plan computed: 533 poses
[planner_server-4] [INFO] [1790937663.628646798] [planner_server]: Planning took 31 ms
[planner_server-4] [INFO] [1790937663.630920162] [planner_server]: Plan computed: 533 poses
[planner_server-4] [INFO] [1790937663.755389894] [planner_server]: Planning took 18 ms
[planner_server-4] [INFO] [1790937663.755728489] [planner_server]: Plan computed: 532 poses
[planner_server-4] [INFO] [1790937663.881471899] [planner_server]: Planning took 12 ms
[planner_server-4] [INFO] [1790937663.881845941] [planner_server]: Plan computed: 531 poses
[controller_node-5] [WARN] [1790937663.943121868] [controller_server]: path_copy succeeded.
[controller_node-5] [INFO] [1790937663.943488345] [controller_server]: Computed velocity commands: linear.x=0.18, linear.y=1.02, angular.z=0.00
[planner_server-4] [INFO] [1790937663.998158882] [planner_server]: Planning took 11 ms
[planner_server-4] [INFO] [1790937663.998483000] [planner_server]: Plan computed: 529 poses
[planner_server-4] [INFO] [1790937664.120244590] [planner_server]: Planning took 12 ms
[planner_server-4] [INFO] [1790937664.120628690] [planner_server]: Plan computed: 528 poses
[planner_server-4] [INFO] [1790937664.239108694] [planner_server]: Planning took 12 ms
[planner_server-4] [INFO] [1790937664.239585979] [planner_server]: Plan computed: 527 poses
[planner_server-4] [INFO] [1790937664.358595787] [planner_server]: Planning took 11 ms
[planner_server-4] [INFO] [1790937664.359318431] [planner_server]: Plan computed: 526 poses
[planner_server-4] [INFO] [1790937664.479209081] [planner_server]: Planning took 11 ms
[planner_server-4] [INFO] [1790937664.479458097] [planner_server]: Plan computed: 525 poses
[planner_server-4] [INFO] [1790937664.601579869] [planner_server]: Planning took 12 ms
[planner_server-4] [INFO] [1790937664.602106245] [planner_server]: Plan computed: 523 poses
[planner_server-4] [INFO] [1790937664.719401146] [planner_server]: Planning took 12 ms
[planner_server-4] [INFO] [1790937664.720080269] [planner_server]: Plan computed: 522 poses
[planner_server-4] [INFO] [1790937664.850635531] [planner_server]: Planning took 22 ms
[planner_server-4] [INFO] [1790937664.851448195] [planner_server]: Plan computed: 520 poses
[planner_server-4] [INFO] [1790937664.973829504] [planner_server]: Planning took 17 ms
[planner_server-4] [INFO] [1790937664.975568604] [planner_server]: Plan computed: 519 poses
[planner_server-4] [INFO] [1790937665.109680965] [planner_server]: Planning took 20 ms
[planner_server-4] [INFO] [1790937665.110264528] [planner_server]: Plan computed: 518 poses
[planner_server-4] [INFO] [1790937665.233467000] [planner_server]: Planning took 16 ms
[planner_server-4] [INFO] [1790937665.234416164] [planner_server]: Plan computed: 517 poses
[planner_server-4] [INFO] [1790937665.347999811] [planner_server]: Planning took 11 ms
[planner_server-4] [INFO] [1790937665.350233145] [planner_server]: Plan computed: 516 poses
[planner_server-4] [INFO] [1790937665.480305143] [planner_server]: Planning took 21 ms
[planner_server-4] [INFO] [1790937665.480641253] [planner_server]: Plan computed: 515 poses
[planner_server-4] [INFO] [1790937665.602024472] [planner_server]: Planning took 14 ms
[planner_server-4] [INFO] [1790937665.603425076] [planner_server]: Plan computed: 509 poses
[planner_server-4] [INFO] [1790937665.732114269] [planner_server]: Planning took 15 ms
[planner_server-4] [INFO] [1790937665.734554000] [planner_server]: Plan computed: 508 poses
[planner_server-4] [INFO] [1790937665.859621156] [planner_server]: Planning took 12 ms
[planner_server-4] [INFO] [1790937665.860147672] [planner_server]: Plan computed: 507 poses
[controller_node-5] [WARN] [1790937665.963222606] [controller_server]: path_copy succeeded.
[controller_node-5] [INFO] [1790937665.963946507] [controller_server]: Computed velocity commands: linear.x=0.67, linear.y=-0.28, angular.z=0.00
[planner_server-4] [INFO] [1790937665.979657767] [planner_server]: Planning took 11 ms
[planner_server-4] [INFO] [1790937665.979927543] [planner_server]: Plan computed: 504 poses
[planner_server-4] [INFO] [1790937666.097808441] [planner_server]: Planning took 11 ms
[planner_server-4] [INFO] [1790937666.098119103] [planner_server]: Plan computed: 503 poses
[planner_server-4] [INFO] [1790937666.220683643] [planner_server]: Planning took 14 ms
[planner_server-4] [INFO] [1790937666.221359148] [planner_server]: Plan computed: 501 poses
[planner_server-4] [INFO] [1790937666.340346121] [planner_server]: Planning took 12 ms
[planner_server-4] [INFO] [1790937666.340879029] [planner_server]: Plan computed: 499 poses
[planner_server-4] [INFO] [1790937666.462812162] [planner_server]: Planning took 16 ms
[planner_server-4] [INFO] [1790937666.464330846] [planner_server]: Plan computed: 499 poses
[planner_server-4] [INFO] [1790937666.593062806] [planner_server]: Planning took 15 ms
[planner_server-4] [INFO] [1790937666.596612432] [planner_server]: Plan computed: 497 poses
[planner_server-4] [INFO] [1790937666.718334340] [planner_server]: Planning took 11 ms
[planner_server-4] [INFO] [1790937666.719444474] [planner_server]: Plan computed: 495 poses
[planner_server-4] [INFO] [1790937666.839777943] [planner_server]: Planning took 12 ms
[planner_server-4] [INFO] [1790937666.840109944] [planner_server]: Plan computed: 494 poses
[planner_server-4] [INFO] [1790937666.963322203] [planner_server]: Planning took 15 ms
[planner_server-4] [INFO] [1790937666.964224593] [planner_server]: Plan computed: 493 poses
[planner_server-4] [INFO] [1790937667.105916984] [planner_server]: Planning took 25 ms
[planner_server-4] [INFO] [1790937667.110049768] [planner_server]: Plan computed: 493 poses
[planner_server-4] [INFO] [1790937667.232392751] [planner_server]: Planning took 13 ms
[planner_server-4] [INFO] [1790937667.233878000] [planner_server]: Plan computed: 491 poses
[planner_server-4] [INFO] [1790937667.364731318] [planner_server]: Planning took 17 ms
[planner_server-4] [INFO] [1790937667.365418023] [planner_server]: Plan computed: 490 poses
[planner_server-4] [INFO] [1790937667.489918112] [planner_server]: Planning took 13 ms
[planner_server-4] [INFO] [1790937667.490457371] [planner_server]: Plan computed: 489 poses
[planner_server-4] [INFO] [1790937667.607615621] [planner_server]: Planning took 10 ms
[planner_server-4] [INFO] [1790937667.607984030] [planner_server]: Plan computed: 486 poses
[planner_server-4] [INFO] [1790937667.728799372] [planner_server]: Planning took 11 ms
[planner_server-4] [INFO] [1790937667.729204481] [planner_server]: Plan computed: 485 poses
[planner_server-4] [INFO] [1790937667.847370156] [planner_server]: Planning took 10 ms
[planner_server-4] [INFO] [1790937667.847644459] [planner_server]: Plan computed: 485 poses
[planner_server-4] [INFO] [1790937667.975442950] [planner_server]: Planning took 13 ms
[planner_server-4] [INFO] [1790937667.976158389] [planner_server]: Plan computed: 485 poses
[controller_node-5] [WARN] [1790937667.982895642] [controller_server]: path_copy succeeded.
[controller_node-5] [INFO] [1790937667.983420895] [controller_server]: Computed velocity commands: linear.x=-0.96, linear.y=-1.11, angular.z=0.00
[planner_server-4] [INFO] [1790937668.101147005] [planner_server]: Planning took 12 ms
[planner_server-4] [INFO] [1790937668.101659994] [planner_server]: Plan computed: 484 poses
[planner_server-4] [INFO] [1790937668.218257155] [planner_server]: Planning took 12 ms
[planner_server-4] [INFO] [1790937668.219026964] [planner_server]: Plan computed: 484 poses
[planner_server-4] [INFO] [1790937668.337978010] [planner_server]: Planning took 10 ms
[planner_server-4] [INFO] [1790937668.338481662] [planner_server]: Plan computed: 483 poses
[planner_server-4] [INFO] [1790937668.464668832] [planner_server]: Planning took 17 ms
[planner_server-4] [INFO] [1790937668.466524543] [planner_server]: Plan computed: 482 poses
[planner_server-4] [INFO] [1790937668.594829333] [planner_server]: Planning took 18 ms
[planner_server-4] [INFO] [1790937668.595916356] [planner_server]: Plan computed: 481 poses
[planner_server-4] [INFO] [1790937668.717280279] [planner_server]: Planning took 11 ms
[planner_server-4] [INFO] [1790937668.717675027] [planner_server]: Plan computed: 479 poses
[planner_server-4] [INFO] [1790937668.839578716] [planner_server]: Planning took 14 ms
[planner_server-4] [INFO] [1790937668.839902792] [planner_server]: Plan computed: 477 poses
[planner_server-4] [INFO] [1790937668.965398152] [planner_server]: Planning took 17 ms
[planner_server-4] [INFO] [1790937668.967121636] [planner_server]: Plan computed: 477 poses
[planner_server-4] [INFO] [1790937669.091106739] [planner_server]: Planning took 13 ms
[planner_server-4] [INFO] [1790937669.091348381] [planner_server]: Plan computed: 476 poses
[planner_server-4] [INFO] [1790937669.219078956] [planner_server]: Planning took 19 ms
[planner_server-4] [INFO] [1790937669.219746158] [planner_server]: Plan computed: 476 poses
[planner_server-4] [INFO] [1790937669.341634331] [planner_server]: Planning took 10 ms
[planner_server-4] [INFO] [1790937669.342157204] [planner_server]: Plan computed: 474 poses
[planner_server-4] [INFO] [1790937669.460065819] [planner_server]: Planning took 12 ms
[planner_server-4] [INFO] [1790937669.460463873] [planner_server]: Plan computed: 472 poses
[planner_server-4] [INFO] [1790937669.588656573] [planner_server]: Planning took 20 ms
[planner_server-4] [INFO] [1790937669.591382779] [planner_server]: Plan computed: 471 poses
[planner_server-4] [INFO] [1790937669.709794925] [planner_server]: Planning took 11 ms
[planner_server-4] [INFO] [1790937669.710187439] [planner_server]: Plan computed: 470 poses
[planner_server-4] [INFO] [1790937669.831197231] [planner_server]: Planning took 11 ms
[planner_server-4] [INFO] [1790937669.831874116] [planner_server]: Plan computed: 468 poses
[planner_server-4] [INFO] [1790937669.948440086] [planner_server]: Planning took 10 ms
[planner_server-4] [INFO] [1790937669.948791603] [planner_server]: Plan computed: 467 poses
[controller_node-5] [WARN] [1790937670.002581422] [controller_server]: path_copy succeeded.
[controller_node-5] [INFO] [1790937670.003050018] [controller_server]: Computed velocity commands: linear.x=-0.12, linear.y=0.61, angular.z=0.00
[planner_server-4] [INFO] [1790937670.071106404] [planner_server]: Planning took 10 ms
[planner_server-4] [INFO] [1790937670.072480576] [planner_server]: Plan computed: 466 poses
[planner_server-4] [INFO] [1790937670.190260368] [planner_server]: Planning took 10 ms
[planner_server-4] [INFO] [1790937670.190553475] [planner_server]: Plan computed: 465 poses
[planner_server-4] [INFO] [1790937670.310301192] [planner_server]: Planning took 12 ms
[planner_server-4] [INFO] [1790937670.310732458] [planner_server]: Plan computed: 462 poses
[planner_server-4] [INFO] [1790937670.428919288] [planner_server]: Planning took 11 ms
[planner_server-4] [INFO] [1790937670.429498771] [planner_server]: Plan computed: 461 poses
[planner_server-4] [INFO] [1790937670.547885435] [planner_server]: Planning took 10 ms
[planner_server-4] [INFO] [1790937670.548331518] [planner_server]: Plan computed: 459 poses
[planner_server-4] [INFO] [1790937670.668282174] [planner_server]: Planning took 11 ms
[planner_server-4] [INFO] [1790937670.668610498] [planner_server]: Plan computed: 457 poses
[planner_server-4] [INFO] [1790937670.789198755] [planner_server]: Planning took 11 ms
[planner_server-4] [INFO] [1790937670.790649115] [planner_server]: Plan computed: 456 poses
[planner_server-4] [INFO] [1790937670.917920298] [planner_server]: Planning took 16 ms
[planner_server-4] [INFO] [1790937670.920622757] [planner_server]: Plan computed: 455 poses
[planner_server-4] [INFO] [1790937671.042575648] [planner_server]: Planning took 12 ms
[planner_server-4] [INFO] [1790937671.047827826] [planner_server]: Plan computed: 454 poses
[planner_server-4] [INFO] [1790937671.181192431] [planner_server]: Planning took 19 ms
[planner_server-4] [INFO] [1790937671.186391916] [planner_server]: Plan computed: 453 poses
[planner_server-4] [INFO] [1790937671.309079123] [planner_server]: Planning took 19 ms
[planner_server-4] [INFO] [1790937671.309595647] [planner_server]: Plan computed: 451 poses
[planner_server-4] [INFO] [1790937671.437385237] [planner_server]: Planning took 19 ms
[planner_server-4] [INFO] [1790937671.437831070] [planner_server]: Plan computed: 449 poses
[planner_server-4] [INFO] [1790937671.563295949] [planner_server]: Planning took 15 ms
[planner_server-4] [INFO] [1790937671.568759611] [planner_server]: Plan computed: 448 poses
[planner_server-4] [INFO] [1790937671.696089999] [planner_server]: Planning took 18 ms
[planner_server-4] [INFO] [1790937671.696462845] [planner_server]: Plan computed: 448 poses
[planner_server-4] [INFO] [1790937671.835810607] [planner_server]: Planning took 27 ms
[planner_server-4] [INFO] [1790937671.836489204] [planner_server]: Plan computed: 445 poses
[planner_server-4] [INFO] [1790937671.967162304] [planner_server]: Planning took 17 ms
[planner_server-4] [INFO] [1790937671.967490607] [planner_server]: Plan computed: 443 poses
[controller_node-5] [WARN] [1790937672.022318392] [controller_server]: path_copy succeeded.
[controller_node-5] [INFO] [1790937672.023635340] [controller_server]: Computed velocity commands: linear.x=0.90, linear.y=0.40, angular.z=0.00
[planner_server-4] [INFO] [1790937672.108349826] [planner_server]: Planning took 26 ms
[planner_server-4] [INFO] [1790937672.108673601] [planner_server]: Plan computed: 441 poses
[planner_server-4] [INFO] [1790937672.229128737] [planner_server]: Planning took 10 ms
[planner_server-4] [INFO] [1790937672.230273684] [planner_server]: Plan computed: 438 poses
[planner_server-4] [INFO] [1790937672.349742670] [planner_server]: Planning took 11 ms
[planner_server-4] [INFO] [1790937672.351051993] [planner_server]: Plan computed: 437 poses
[planner_server-4] [INFO] [1790937672.472997505] [planner_server]: Planning took 14 ms
[planner_server-4] [INFO] [1790937672.473445361] [planner_server]: Plan computed: 435 poses
[planner_server-4] [INFO] [1790937672.590582831] [planner_server]: Planning took 10 ms
[planner_server-4] [INFO] [1790937672.590811888] [planner_server]: Plan computed: 433 poses
[planner_server-4] [INFO] [1790937672.708603248] [planner_server]: Planning took 10 ms
[planner_server-4] [INFO] [1790937672.708896175] [planner_server]: Plan computed: 432 poses
[planner_server-4] [INFO] [1790937672.833218333] [planner_server]: Planning took 13 ms
[planner_server-4] [INFO] [1790937672.834745263] [planner_server]: Plan computed: 432 poses
[planner_server-4] [INFO] [1790937672.948781089] [planner_server]: Planning took 10 ms
[planner_server-4] [INFO] [1790937672.951466742] [planner_server]: Plan computed: 432 poses
[planner_server-4] [INFO] [1790937673.071275208] [planner_server]: Planning took 13 ms
[planner_server-4] [INFO] [1790937673.076160825] [planner_server]: Plan computed: 431 poses
[planner_server-4] [INFO] [1790937673.202103388] [planner_server]: Planning took 12 ms
[planner_server-4] [INFO] [1790937673.202703668] [planner_server]: Plan computed: 430 poses
[planner_server-4] [INFO] [1790937673.320302436] [planner_server]: Planning took 12 ms
[planner_server-4] [INFO] [1790937673.320705618] [planner_server]: Plan computed: 429 poses
[planner_server-4] [INFO] [1790937673.443003411] [planner_server]: Planning took 14 ms
[planner_server-4] [INFO] [1790937673.444363969] [planner_server]: Plan computed: 428 poses
[planner_server-4] [INFO] [1790937673.567765942] [planner_server]: Planning took 19 ms
[planner_server-4] [INFO] [1790937673.568441031] [planner_server]: Plan computed: 426 poses
[planner_server-4] [INFO] [1790937673.692521670] [planner_server]: Planning took 14 ms
[planner_server-4] [INFO] [1790937673.692861754] [planner_server]: Plan computed: 424 poses
[planner_server-4] [INFO] [1790937673.818145251] [planner_server]: Planning took 17 ms
[planner_server-4] [INFO] [1790937673.818662847] [planner_server]: Plan computed: 422 poses
[planner_server-4] [INFO] [1790937673.942274005] [planner_server]: Planning took 14 ms
[planner_server-4] [INFO] [1790937673.942887028] [planner_server]: Plan computed: 420 poses
[controller_node-5] [WARN] [1790937674.024125077] [controller_server]: path_copy succeeded.
[controller_node-5] [INFO] [1790937674.024629738] [controller_server]: Computed velocity commands: linear.x=-1.14, linear.y=-1.18, angular.z=0.00
[planner_server-4] [INFO] [1790937674.065636197] [planner_server]: Planning took 18 ms
[planner_server-4] [INFO] [1790937674.065880482] [planner_server]: Plan computed: 419 poses
[planner_server-4] [INFO] [1790937674.204124095] [planner_server]: Planning took 24 ms
[planner_server-4] [INFO] [1790937674.204540321] [planner_server]: Plan computed: 417 poses
[planner_server-4] [INFO] [1790937674.335773898] [planner_server]: Planning took 15 ms
[planner_server-4] [INFO] [1790937674.336201866] [planner_server]: Plan computed: 415 poses
[planner_server-4] [INFO] [1790937674.453679737] [planner_server]: Planning took 16 ms
[planner_server-4] [INFO] [1790937674.455079386] [planner_server]: Plan computed: 413 poses
[planner_server-4] [INFO] [1790937674.590347656] [planner_server]: Planning took 22 ms
[planner_server-4] [INFO] [1790937674.590653366] [planner_server]: Plan computed: 410 poses
[planner_server-4] [INFO] [1790937674.735305262] [planner_server]: Planning took 13 ms
[planner_server-4] [INFO] [1790937674.735560398] [planner_server]: Plan computed: 409 poses
[planner_server-4] [INFO] [1790937674.864527168] [planner_server]: Planning took 17 ms
[planner_server-4] [INFO] [1790937674.864934097] [planner_server]: Plan computed: 406 poses
[planner_server-4] [INFO] [1790937674.987747826] [planner_server]: Planning took 15 ms
[planner_server-4] [INFO] [1790937674.988377220] [planner_server]: Plan computed: 404 poses
[planner_server-4] [INFO] [1790937675.109421363] [planner_server]: Planning took 10 ms
[planner_server-4] [INFO] [1790937675.109805388] [planner_server]: Plan computed: 401 poses
[planner_server-4] [INFO] [1790937675.234510462] [planner_server]: Planning took 16 ms
[planner_server-4] [INFO] [1790937675.234754597] [planner_server]: Plan computed: 401 poses
[planner_server-4] [INFO] [1790937675.354848403] [planner_server]: Planning took 16 ms
[planner_server-4] [INFO] [1790937675.355505127] [planner_server]: Plan computed: 399 poses
[planner_server-4] [INFO] [1790937675.482367476] [planner_server]: Planning took 24 ms
[planner_server-4] [INFO] [1790937675.487037674] [planner_server]: Plan computed: 397 poses
[planner_server-4] [INFO] [1790937675.607609605] [planner_server]: Planning took 9 ms
[planner_server-4] [INFO] [1790937675.607992559] [planner_server]: Plan computed: 395 poses
[planner_server-4] [INFO] [1790937675.728696572] [planner_server]: Planning took 10 ms
[planner_server-4] [INFO] [1790937675.729751258] [planner_server]: Plan computed: 394 poses
[planner_server-4] [INFO] [1790937675.861582531] [planner_server]: Planning took 22 ms
[planner_server-4] [INFO] [1790937675.864579065] [planner_server]: Plan computed: 392 poses
[planner_server-4] [INFO] [1790937675.991099823] [planner_server]: Planning took 12 ms
[planner_server-4] [INFO] [1790937675.991555612] [planner_server]: Plan computed: 391 poses
[controller_node-5] [WARN] [1790937676.045469861] [controller_server]: path_copy succeeded.
[controller_node-5] [INFO] [1790937676.046416374] [controller_server]: Computed velocity commands: linear.x=-1.28, linear.y=0.47, angular.z=0.00
[planner_server-4] [INFO] [1790937676.109480284] [planner_server]: Planning took 11 ms
[planner_server-4] [INFO] [1790937676.111357200] [planner_server]: Plan computed: 389 poses
[planner_server-4] [INFO] [1790937676.228054141] [planner_server]: Planning took 10 ms
[planner_server-4] [INFO] [1790937676.229156224] [planner_server]: Plan computed: 388 poses
[planner_server-4] [INFO] [1790937676.349976522] [planner_server]: Planning took 11 ms
[planner_server-4] [INFO] [1790937676.350325302] [planner_server]: Plan computed: 386 poses
[planner_server-4] [INFO] [1790937676.466766956] [planner_server]: Planning took 9 ms
[planner_server-4] [INFO] [1790937676.467342598] [planner_server]: Plan computed: 384 poses
[planner_server-4] [INFO] [1790937676.589778917] [planner_server]: Planning took 9 ms
[planner_server-4] [INFO] [1790937676.590164595] [planner_server]: Plan computed: 381 poses
[planner_server-4] [INFO] [1790937676.710354027] [planner_server]: Planning took 11 ms
[planner_server-4] [INFO] [1790937676.710825435] [planner_server]: Plan computed: 380 poses
[planner_server-4] [INFO] [1790937676.826546148] [planner_server]: Planning took 8 ms
[planner_server-4] [INFO] [1790937676.827092255] [planner_server]: Plan computed: 379 poses
[planner_server-4] [INFO] [1790937676.948530395] [planner_server]: Planning took 9 ms
[planner_server-4] [INFO] [1790937676.949089697] [planner_server]: Plan computed: 376 poses
[planner_server-4] [INFO] [1790937677.069145688] [planner_server]: Planning took 10 ms
[planner_server-4] [INFO] [1790937677.069396886] [planner_server]: Plan computed: 374 poses
[planner_server-4] [INFO] [1790937677.191206790] [planner_server]: Planning took 11 ms
[planner_server-4] [INFO] [1790937677.191538858] [planner_server]: Plan computed: 372 poses
[planner_server-4] [INFO] [1790937677.310633260] [planner_server]: Planning took 10 ms
[planner_server-4] [INFO] [1790937677.311337942] [planner_server]: Plan computed: 371 poses
[planner_server-4] [INFO] [1790937677.428682336] [planner_server]: Planning took 9 ms
[planner_server-4] [INFO] [1790937677.429183368] [planner_server]: Plan computed: 370 poses
[planner_server-4] [INFO] [1790937677.549865110] [planner_server]: Planning took 9 ms
[planner_server-4] [INFO] [1790937677.550204993] [planner_server]: Plan computed: 369 poses
[planner_server-4] [INFO] [1790937677.667218225] [planner_server]: Planning took 9 ms
[planner_server-4] [INFO] [1790937677.667579828] [planner_server]: Plan computed: 369 poses
[planner_server-4] [INFO] [1790937677.787185617] [planner_server]: Planning took 9 ms
[planner_server-4] [INFO] [1790937677.787570504] [planner_server]: Plan computed: 369 poses
[planner_server-4] [INFO] [1790937677.907070355] [planner_server]: Planning took 8 ms
[planner_server-4] [INFO] [1790937677.907353582] [planner_server]: Plan computed: 367 poses
[planner_server-4] [INFO] [1790937678.028162816] [planner_server]: Planning took 9 ms
[planner_server-4] [INFO] [1790937678.028499914] [planner_server]: Plan computed: 368 poses
[controller_node-5] [WARN] [1790937678.062725100] [controller_server]: path_copy succeeded.
[controller_node-5] [INFO] [1790937678.063530970] [controller_server]: Computed velocity commands: linear.x=-0.83, linear.y=0.48, angular.z=0.00
[planner_server-4] [INFO] [1790937678.146771449] [planner_server]: Planning took 8 ms
[planner_server-4] [INFO] [1790937678.147285365] [planner_server]: Plan computed: 367 poses
[planner_server-4] [INFO] [1790937678.266866757] [planner_server]: Planning took 8 ms
[planner_server-4] [INFO] [1790937678.267287470] [planner_server]: Plan computed: 366 poses
[planner_server-4] [INFO] [1790937678.387296373] [planner_server]: Planning took 9 ms
[planner_server-4] [INFO] [1790937678.387514819] [planner_server]: Plan computed: 365 poses
[planner_server-4] [INFO] [1790937678.509599254] [planner_server]: Planning took 10 ms
[planner_server-4] [INFO] [1790937678.509847736] [planner_server]: Plan computed: 364 poses
[planner_server-4] [INFO] [1790937678.627330749] [planner_server]: Planning took 9 ms
[planner_server-4] [INFO] [1790937678.627650033] [planner_server]: Plan computed: 363 poses
[planner_server-4] [INFO] [1790937678.747322149] [planner_server]: Planning took 9 ms
[planner_server-4] [INFO] [1790937678.747768990] [planner_server]: Plan computed: 361 poses
[planner_server-4] [INFO] [1790937678.866657618] [planner_server]: Planning took 8 ms
[planner_server-4] [INFO] [1790937678.866905179] [planner_server]: Plan computed: 359 poses
[planner_server-4] [INFO] [1790937678.988629473] [planner_server]: Planning took 9 ms
[planner_server-4] [INFO] [1790937678.989069362] [planner_server]: Plan computed: 359 poses
[planner_server-4] [INFO] [1790937679.109454765] [planner_server]: Planning took 11 ms
[planner_server-4] [INFO] [1790937679.110304085] [planner_server]: Plan computed: 356 poses
[planner_server-4] [INFO] [1790937679.226789273] [planner_server]: Planning took 9 ms
[planner_server-4] [INFO] [1790937679.227205588] [planner_server]: Plan computed: 356 poses
[planner_server-4] [INFO] [1790937679.346910369] [planner_server]: Planning took 8 ms
[planner_server-4] [INFO] [1790937679.347172496] [planner_server]: Plan computed: 354 poses
[planner_server-4] [INFO] [1790937679.466894315] [planner_server]: Planning took 8 ms
[planner_server-4] [INFO] [1790937679.467330797] [planner_server]: Plan computed: 353 poses
[planner_server-4] [INFO] [1790937679.587789691] [planner_server]: Planning took 8 ms
[planner_server-4] [INFO] [1790937679.588540657] [planner_server]: Plan computed: 353 poses
[planner_server-4] [INFO] [1790937679.708888325] [planner_server]: Planning took 10 ms
[planner_server-4] [INFO] [1790937679.709469215] [planner_server]: Plan computed: 353 poses
[planner_server-4] [INFO] [1790937679.827748310] [planner_server]: Planning took 10 ms
[planner_server-4] [INFO] [1790937679.828111095] [planner_server]: Plan computed: 353 poses
[planner_server-4] [INFO] [1790937679.946662572] [planner_server]: Planning took 8 ms
[planner_server-4] [INFO] [1790937679.947142574] [planner_server]: Plan computed: 353 poses
[planner_server-4] [INFO] [1790937680.066735100] [planner_server]: Planning took 8 ms
[planner_server-4] [INFO] [1790937680.067192751] [planner_server]: Plan computed: 352 poses
[controller_node-5] [WARN] [1790937680.082267687] [controller_server]: path_copy succeeded.
[controller_node-5] [INFO] [1790937680.082655928] [controller_server]: Computed velocity commands: linear.x=0.99, linear.y=-0.16, angular.z=0.00
[planner_server-4] [INFO] [1790937680.187038963] [planner_server]: Planning took 9 ms
[planner_server-4] [INFO] [1790937680.187554030] [planner_server]: Plan computed: 351 poses
[planner_server-4] [INFO] [1790937680.307254721] [planner_server]: Planning took 8 ms
[planner_server-4] [INFO] [1790937680.307459201] [planner_server]: Plan computed: 351 poses
[planner_server-4] [INFO] [1790937680.427315271] [planner_server]: Planning took 9 ms
[planner_server-4] [INFO] [1790937680.427754067] [planner_server]: Plan computed: 350 poses
[planner_server-4] [INFO] [1790937680.547125155] [planner_server]: Planning took 9 ms
[planner_server-4] [INFO] [1790937680.548276836] [planner_server]: Plan computed: 349 poses
[planner_server-4] [INFO] [1790937680.665919115] [planner_server]: Planning took 8 ms
[planner_server-4] [INFO] [1790937680.666226426] [planner_server]: Plan computed: 348 poses
[planner_server-4] [INFO] [1790937680.789111652] [planner_server]: Planning took 8 ms
[planner_server-4] [INFO] [1790937680.789299251] [planner_server]: Plan computed: 345 poses
[planner_server-4] [INFO] [1790937680.909240209] [planner_server]: Planning took 8 ms
[planner_server-4] [INFO] [1790937680.909533975] [planner_server]: Plan computed: 345 poses
[planner_server-4] [INFO] [1790937681.026232854] [planner_server]: Planning took 8 ms
[planner_server-4] [INFO] [1790937681.026546466] [planner_server]: Plan computed: 343 poses
[planner_server-4] [INFO] [1790937681.139572611] [planner_server]: Planning took 9 ms
[planner_server-4] [INFO] [1790937681.140361256] [planner_server]: Plan computed: 342 poses
[planner_server-4] [INFO] [1790937681.257959641] [planner_server]: Planning took 9 ms
[planner_server-4] [INFO] [1790937681.258618636] [planner_server]: Plan computed: 341 poses
[planner_server-4] [INFO] [1790937681.378849941] [planner_server]: Planning took 9 ms
[planner_server-4] [INFO] [1790937681.379132436] [planner_server]: Plan computed: 340 poses
[planner_server-4] [INFO] [1790937681.495627699] [planner_server]: Planning took 7 ms
[planner_server-4] [INFO] [1790937681.496462781] [planner_server]: Plan computed: 339 poses
[planner_server-4] [INFO] [1790937681.615519929] [planner_server]: Planning took 7 ms
[planner_server-4] [INFO] [1790937681.615950700] [planner_server]: Plan computed: 337 poses
[planner_server-4] [INFO] [1790937681.735664449] [planner_server]: Planning took 7 ms
[planner_server-4] [INFO] [1790937681.736362216] [planner_server]: Plan computed: 336 poses
[planner_server-4] [INFO] [1790937681.855627366] [planner_server]: Planning took 7 ms
[planner_server-4] [INFO] [1790937681.855962629] [planner_server]: Plan computed: 334 poses
[planner_server-4] [INFO] [1790937681.976225130] [planner_server]: Planning took 8 ms
[planner_server-4] [INFO] [1790937681.976934819] [planner_server]: Plan computed: 332 poses
[controller_node-5] [WARN] [1790937682.082360104] [controller_server]: path_copy succeeded.
[controller_node-5] [INFO] [1790937682.083152065] [controller_server]: Computed velocity commands: linear.x=0.57, linear.y=-1.36, angular.z=0.00
[planner_server-4] [INFO] [1790937682.096114223] [planner_server]: Planning took 7 ms
[planner_server-4] [INFO] [1790937682.096413980] [planner_server]: Plan computed: 331 poses
[planner_server-4] [INFO] [1790937682.215497233] [planner_server]: Planning took 7 ms
[planner_server-4] [INFO] [1790937682.215867370] [planner_server]: Plan computed: 330 poses
[planner_server-4] [INFO] [1790937682.325373184] [planner_server]: Planning took 7 ms
[planner_server-4] [INFO] [1790937682.325574287] [planner_server]: Plan computed: 328 poses
[planner_server-4] [INFO] [1790937682.438613404] [planner_server]: Planning took 7 ms
[planner_server-4] [INFO] [1790937682.438899105] [planner_server]: Plan computed: 327 poses
[planner_server-4] [INFO] [1790937682.555981220] [planner_server]: Planning took 8 ms
[planner_server-4] [INFO] [1790937682.559537476] [planner_server]: Plan computed: 325 poses
[planner_server-4] [INFO] [1790937682.675236032] [planner_server]: Planning took 7 ms
[planner_server-4] [INFO] [1790937682.675707257] [planner_server]: Plan computed: 323 poses
[planner_server-4] [INFO] [1790937682.795688839] [planner_server]: Planning took 7 ms
[planner_server-4] [INFO] [1790937682.796148392] [planner_server]: Plan computed: 322 poses
[planner_server-4] [INFO] [1790937682.907424935] [planner_server]: Planning took 9 ms
[planner_server-4] [INFO] [1790937682.907702741] [planner_server]: Plan computed: 321 poses
[planner_server-4] [INFO] [1790937683.026536190] [planner_server]: Planning took 8 ms
[planner_server-4] [INFO] [1790937683.027054131] [planner_server]: Plan computed: 318 poses
[planner_server-4] [INFO] [1790937683.145267882] [planner_server]: Planning took 7 ms
[planner_server-4] [INFO] [1790937683.145560054] [planner_server]: Plan computed: 318 poses
[planner_server-4] [INFO] [1790937683.257446588] [planner_server]: Planning took 8 ms
[planner_server-4] [INFO] [1790937683.257974267] [planner_server]: Plan computed: 314 poses
[planner_server-4] [INFO] [1790937683.376725647] [planner_server]: Planning took 6 ms
[planner_server-4] [INFO] [1790937683.376989477] [planner_server]: Plan computed: 313 poses
[planner_server-4] [INFO] [1790937683.498027581] [planner_server]: Planning took 18 ms
[planner_server-4] [INFO] [1790937683.498448973] [planner_server]: Plan computed: 311 poses
[planner_server-4] [INFO] [1790937683.615248128] [planner_server]: Planning took 7 ms
[planner_server-4] [INFO] [1790937683.615548816] [planner_server]: Plan computed: 310 poses
[planner_server-4] [INFO] [1790937683.729223599] [planner_server]: Planning took 6 ms
[planner_server-4] [INFO] [1790937683.729516253] [planner_server]: Plan computed: 307 poses
[planner_server-4] [INFO] [1790937683.846740416] [planner_server]: Planning took 7 ms
[planner_server-4] [INFO] [1790937683.847364524] [planner_server]: Plan computed: 306 poses
[planner_server-4] [INFO] [1790937683.969241622] [planner_server]: Planning took 7 ms
[planner_server-4] [INFO] [1790937683.969595609] [planner_server]: Plan computed: 304 poses
[planner_server-4] [INFO] [1790937684.085498867] [planner_server]: Planning took 7 ms
[planner_server-4] [INFO] [1790937684.086251985] [planner_server]: Plan computed: 303 poses
[controller_node-5] [WARN] [1790937684.102305827] [controller_server]: path_copy succeeded.
[controller_node-5] [INFO] [1790937684.102698045] [controller_server]: Computed velocity commands: linear.x=-1.16, linear.y=0.24, angular.z=0.00
[planner_server-4] [INFO] [1790937684.204434061] [planner_server]: Planning took 6 ms
[planner_server-4] [INFO] [1790937684.204685869] [planner_server]: Plan computed: 301 poses
[planner_server-4] [INFO] [1790937684.316689489] [planner_server]: Planning took 6 ms
[planner_server-4] [INFO] [1790937684.317304200] [planner_server]: Plan computed: 300 poses
[planner_server-4] [INFO] [1790937684.434746589] [planner_server]: Planning took 7 ms
[planner_server-4] [INFO] [1790937684.435199930] [planner_server]: Plan computed: 299 poses
[planner_server-4] [INFO] [1790937684.544138357] [planner_server]: Planning took 6 ms
[planner_server-4] [INFO] [1790937684.544450747] [planner_server]: Plan computed: 298 poses
[planner_server-4] [INFO] [1790937684.658094822] [planner_server]: Planning took 9 ms
[planner_server-4] [INFO] [1790937684.658452385] [planner_server]: Plan computed: 297 poses
[planner_server-4] [INFO] [1790937684.774766205] [planner_server]: Planning took 6 ms
[planner_server-4] [INFO] [1790937684.775512450] [planner_server]: Plan computed: 297 poses
[planner_server-4] [INFO] [1790937684.884624329] [planner_server]: Planning took 6 ms
[planner_server-4] [INFO] [1790937684.885136129] [planner_server]: Plan computed: 297 poses
[planner_server-4] [INFO] [1790937684.999085545] [planner_server]: Planning took 7 ms
[planner_server-4] [INFO] [1790937684.999423072] [planner_server]: Plan computed: 296 poses
[planner_server-4] [INFO] [1790937685.114248690] [planner_server]: Planning took 6 ms
[planner_server-4] [INFO] [1790937685.114530543] [planner_server]: Plan computed: 295 poses
[planner_server-4] [INFO] [1790937685.226175358] [planner_server]: Planning took 6 ms
[planner_server-4] [INFO] [1790937685.226455468] [planner_server]: Plan computed: 294 poses
[planner_server-4] [INFO] [1790937685.347598372] [planner_server]: Planning took 7 ms
[planner_server-4] [INFO] [1790937685.347894071] [planner_server]: Plan computed: 291 poses
[planner_server-4] [INFO] [1790937685.456023596] [planner_server]: Planning took 6 ms
[planner_server-4] [INFO] [1790937685.456499458] [planner_server]: Plan computed: 290 poses
[planner_server-4] [INFO] [1790937685.574691659] [planner_server]: Planning took 6 ms
[planner_server-4] [INFO] [1790937685.575115776] [planner_server]: Plan computed: 290 poses
[planner_server-4] [INFO] [1790937685.684067766] [planner_server]: Planning took 6 ms
[planner_server-4] [INFO] [1790937685.684261285] [planner_server]: Plan computed: 288 poses
[planner_server-4] [INFO] [1790937685.795502022] [planner_server]: Planning took 6 ms
[planner_server-4] [INFO] [1790937685.795731798] [planner_server]: Plan computed: 286 poses
[planner_server-4] [INFO] [1790937685.903878165] [planner_server]: Planning took 6 ms
[planner_server-4] [INFO] [1790937685.904264331] [planner_server]: Plan computed: 286 poses
[planner_server-4] [INFO] [1790937686.014451272] [planner_server]: Planning took 6 ms
[planner_server-4] [INFO] [1790937686.014700865] [planner_server]: Plan computed: 284 poses
[planner_server-4] [INFO] [1790937686.123721508] [planner_server]: Planning took 5 ms
[planner_server-4] [INFO] [1790937686.124001247] [planner_server]: Plan computed: 284 poses
[controller_node-5] [WARN] [1790937686.124568704] [controller_server]: path_copy succeeded.
[controller_node-5] [INFO] [1790937686.125111591] [controller_server]: Computed velocity commands: linear.x=0.90, linear.y=0.09, angular.z=0.00
[planner_server-4] [INFO] [1790937686.237402793] [planner_server]: Planning took 7 ms
[planner_server-4] [INFO] [1790937686.237809828] [planner_server]: Plan computed: 282 poses
[planner_server-4] [INFO] [1790937686.355310303] [planner_server]: Planning took 6 ms
[planner_server-4] [INFO] [1790937686.355775596] [planner_server]: Plan computed: 280 poses
[planner_server-4] [INFO] [1790937686.465472393] [planner_server]: Planning took 6 ms
[planner_server-4] [INFO] [1790937686.465855563] [planner_server]: Plan computed: 279 poses
[planner_server-4] [INFO] [1790937686.574570143] [planner_server]: Planning took 6 ms
[planner_server-4] [INFO] [1790937686.574879497] [planner_server]: Plan computed: 277 poses
[planner_server-4] [INFO] [1790937686.696078616] [planner_server]: Planning took 6 ms
[planner_server-4] [INFO] [1790937686.696748598] [planner_server]: Plan computed: 276 poses
[planner_server-4] [INFO] [1790937686.814199302] [planner_server]: Planning took 5 ms
[planner_server-4] [INFO] [1790937686.814572514] [planner_server]: Plan computed: 275 poses
[planner_server-4] [INFO] [1790937686.925095813] [planner_server]: Planning took 7 ms
[planner_server-4] [INFO] [1790937686.925696727] [planner_server]: Plan computed: 274 poses
[planner_server-4] [INFO] [1790937687.033727760] [planner_server]: Planning took 6 ms
[planner_server-4] [INFO] [1790937687.034129013] [planner_server]: Plan computed: 272 poses
[planner_server-4] [INFO] [1790937687.144756470] [planner_server]: Planning took 5 ms
[planner_server-4] [INFO] [1790937687.145032020] [planner_server]: Plan computed: 271 poses
[planner_server-4] [INFO] [1790937687.253518660] [planner_server]: Planning took 5 ms
[planner_server-4] [INFO] [1790937687.254023756] [planner_server]: Plan computed: 270 poses
[planner_server-4] [INFO] [1790937687.364165883] [planner_server]: Planning took 6 ms
[planner_server-4] [INFO] [1790937687.364861171] [planner_server]: Plan computed: 269 poses
[planner_server-4] [INFO] [1790937687.473822520] [planner_server]: Planning took 5 ms
[planner_server-4] [INFO] [1790937687.474232400] [planner_server]: Plan computed: 268 poses
[planner_server-4] [INFO] [1790937687.585580652] [planner_server]: Planning took 5 ms
[planner_server-4] [INFO] [1790937687.585847958] [planner_server]: Plan computed: 267 poses
[planner_server-4] [INFO] [1790937687.693513625] [planner_server]: Planning took 5 ms
[planner_server-4] [INFO] [1790937687.693900421] [planner_server]: Plan computed: 266 poses
[planner_server-4] [INFO] [1790937687.805724493] [planner_server]: Planning took 6 ms
[planner_server-4] [INFO] [1790937687.806174798] [planner_server]: Plan computed: 265 poses
[planner_server-4] [INFO] [1790937687.924116363] [planner_server]: Planning took 6 ms
[planner_server-4] [INFO] [1790937687.924384780] [planner_server]: Plan computed: 264 poses
[planner_server-4] [INFO] [1790937688.033456098] [planner_server]: Planning took 5 ms
[planner_server-4] [INFO] [1790937688.034209514] [planner_server]: Plan computed: 264 poses
[controller_node-5] [WARN] [1790937688.142037520] [controller_server]: path_copy succeeded.
[controller_node-5] [INFO] [1790937688.142462287] [controller_server]: Computed velocity commands: linear.x=1.29, linear.y=-0.58, angular.z=0.00
[planner_server-4] [INFO] [1790937688.144838399] [planner_server]: Planning took 6 ms
[planner_server-4] [INFO] [1790937688.145292961] [planner_server]: Plan computed: 263 poses
[planner_server-4] [INFO] [1790937688.254470136] [planner_server]: Planning took 6 ms
[planner_server-4] [INFO] [1790937688.254977867] [planner_server]: Plan computed: 261 poses
[planner_server-4] [INFO] [1790937688.374614235] [planner_server]: Planning took 7 ms
[planner_server-4] [INFO] [1790937688.375817049] [planner_server]: Plan computed: 261 poses
[planner_server-4] [INFO] [1790937688.494107868] [planner_server]: Planning took 5 ms
[planner_server-4] [INFO] [1790937688.495067646] [planner_server]: Plan computed: 259 poses
[planner_server-4] [INFO] [1790937688.605672967] [planner_server]: Planning took 6 ms
[planner_server-4] [INFO] [1790937688.606276806] [planner_server]: Plan computed: 257 poses
[planner_server-4] [INFO] [1790937688.713962919] [planner_server]: Planning took 6 ms
[planner_server-4] [INFO] [1790937688.714255952] [planner_server]: Plan computed: 255 poses
[planner_server-4] [INFO] [1790937688.823701283] [planner_server]: Planning took 5 ms
[planner_server-4] [INFO] [1790937688.824169170] [planner_server]: Plan computed: 253 poses
[planner_server-4] [INFO] [1790937688.934271881] [planner_server]: Planning took 5 ms
[planner_server-4] [INFO] [1790937688.934574201] [planner_server]: Plan computed: 253 poses
[planner_server-4] [INFO] [1790937689.043361964] [planner_server]: Planning took 5 ms
[planner_server-4] [INFO] [1790937689.044051792] [planner_server]: Plan computed: 250 poses
[planner_server-4] [INFO] [1790937689.154793744] [planner_server]: Planning took 5 ms
[planner_server-4] [INFO] [1790937689.155215215] [planner_server]: Plan computed: 248 poses
[planner_server-4] [INFO] [1790937689.263495618] [planner_server]: Planning took 5 ms
[planner_server-4] [INFO] [1790937689.263830869] [planner_server]: Plan computed: 246 poses
[planner_server-4] [INFO] [1790937689.373120572] [planner_server]: Planning took 5 ms
[planner_server-4] [INFO] [1790937689.373429023] [planner_server]: Plan computed: 245 poses
[planner_server-4] [INFO] [1790937689.485239485] [planner_server]: Planning took 6 ms
[planner_server-4] [INFO] [1790937689.485702412] [planner_server]: Plan computed: 245 poses
[planner_server-4] [INFO] [1790937689.594495034] [planner_server]: Planning took 5 ms
[planner_server-4] [INFO] [1790937689.594726793] [planner_server]: Plan computed: 245 poses
[planner_server-4] [INFO] [1790937689.704177184] [planner_server]: Planning took 5 ms
[planner_server-4] [INFO] [1790937689.704628580] [planner_server]: Plan computed: 244 poses
[planner_server-4] [INFO] [1790937689.814029768] [planner_server]: Planning took 5 ms
[planner_server-4] [INFO] [1790937689.814580027] [planner_server]: Plan computed: 244 poses
[planner_server-4] [INFO] [1790937689.924044524] [planner_server]: Planning took 5 ms
[planner_server-4] [INFO] [1790937689.924274139] [planner_server]: Plan computed: 243 poses
[planner_server-4] [INFO] [1790937690.033410203] [planner_server]: Planning took 5 ms
[planner_server-4] [INFO] [1790937690.033719526] [planner_server]: Plan computed: 242 poses
[planner_server-4] [INFO] [1790937690.145234708] [planner_server]: Planning took 5 ms
[planner_server-4] [INFO] [1790937690.145518253] [planner_server]: Plan computed: 242 poses
[controller_node-5] [WARN] [1790937690.161505453] [controller_server]: path_copy succeeded.
[controller_node-5] [INFO] [1790937690.162139156] [controller_server]: Computed velocity commands: linear.x=-0.56, linear.y=0.10, angular.z=0.00
[planner_server-4] [INFO] [1790937690.253962510] [planner_server]: Planning took 5 ms
[planner_server-4] [INFO] [1790937690.254963122] [planner_server]: Plan computed: 240 poses
[planner_server-4] [INFO] [1790937690.364852785] [planner_server]: Planning took 6 ms
[planner_server-4] [INFO] [1790937690.365407802] [planner_server]: Plan computed: 238 poses
[planner_server-4] [INFO] [1790937690.472690979] [planner_server]: Planning took 5 ms
[planner_server-4] [INFO] [1790937690.472894737] [planner_server]: Plan computed: 237 poses
[planner_server-4] [INFO] [1790937690.585097392] [planner_server]: Planning took 5 ms
[planner_server-4] [INFO] [1790937690.585753125] [planner_server]: Plan computed: 235 poses
[planner_server-4] [INFO] [1790937690.693069865] [planner_server]: Planning took 5 ms
[planner_server-4] [INFO] [1790937690.693363669] [planner_server]: Plan computed: 234 poses
[planner_server-4] [INFO] [1790937690.803554084] [planner_server]: Planning took 5 ms
[planner_server-4] [INFO] [1790937690.804076095] [planner_server]: Plan computed: 233 poses
[planner_server-4] [INFO] [1790937690.913417443] [planner_server]: Planning took 5 ms
[planner_server-4] [INFO] [1790937690.913789962] [planner_server]: Plan computed: 232 poses
[planner_server-4] [INFO] [1790937691.026171049] [planner_server]: Planning took 5 ms
[planner_server-4] [INFO] [1790937691.026527018] [planner_server]: Plan computed: 232 poses
[planner_server-4] [INFO] [1790937691.132921193] [planner_server]: Planning took 4 ms
[planner_server-4] [INFO] [1790937691.133744957] [planner_server]: Plan computed: 229 poses
[planner_server-4] [INFO] [1790937691.242973948] [planner_server]: Planning took 5 ms
[planner_server-4] [INFO] [1790937691.243253916] [planner_server]: Plan computed: 228 poses
[planner_server-4] [INFO] [1790937691.353024799] [planner_server]: Planning took 5 ms
[planner_server-4] [INFO] [1790937691.353350061] [planner_server]: Plan computed: 227 poses
[planner_server-4] [INFO] [1790937691.464710335] [planner_server]: Planning took 5 ms
[planner_server-4] [INFO] [1790937691.465130473] [planner_server]: Plan computed: 225 poses
[planner_server-4] [INFO] [1790937691.573673123] [planner_server]: Planning took 5 ms
[planner_server-4] [INFO] [1790937691.573958842] [planner_server]: Plan computed: 223 poses
[planner_server-4] [INFO] [1790937691.683833557] [planner_server]: Planning took 5 ms
[planner_server-4] [INFO] [1790937691.684113966] [planner_server]: Plan computed: 222 poses
[planner_server-4] [INFO] [1790937691.794604472] [planner_server]: Planning took 5 ms
[planner_server-4] [INFO] [1790937691.795828857] [planner_server]: Plan computed: 221 poses
[planner_server-4] [INFO] [1790937691.906852448] [planner_server]: Planning took 6 ms
[planner_server-4] [INFO] [1790937691.907132627] [planner_server]: Plan computed: 219 poses
[planner_server-4] [INFO] [1790937692.023374037] [planner_server]: Planning took 5 ms
[planner_server-4] [INFO] [1790937692.023757436] [planner_server]: Plan computed: 219 poses
[planner_server-4] [INFO] [1790937692.132536897] [planner_server]: Planning took 5 ms
[planner_server-4] [INFO] [1790937692.132793462] [planner_server]: Plan computed: 219 poses
[controller_node-5] [WARN] [1790937692.161587908] [controller_server]: path_copy succeeded.
[controller_node-5] [INFO] [1790937692.183789580] [controller_server]: Computed velocity commands: linear.x=-1.23, linear.y=0.53, angular.z=0.00
[planner_server-4] [INFO] [1790937692.244317449] [planner_server]: Planning took 6 ms
[planner_server-4] [INFO] [1790937692.244628434] [planner_server]: Plan computed: 219 poses
[planner_server-4] [INFO] [1790937692.354720593] [planner_server]: Planning took 4 ms
[planner_server-4] [INFO] [1790937692.355019266] [planner_server]: Plan computed: 219 poses
[planner_server-4] [INFO] [1790937692.462573201] [planner_server]: Planning took 4 ms
[planner_server-4] [INFO] [1790937692.462787828] [planner_server]: Plan computed: 219 poses
[planner_server-4] [INFO] [1790937692.572351710] [planner_server]: Planning took 4 ms
[planner_server-4] [INFO] [1790937692.572601512] [planner_server]: Plan computed: 218 poses
[planner_server-4] [INFO] [1790937692.684462783] [planner_server]: Planning took 5 ms
[planner_server-4] [INFO] [1790937692.684846543] [planner_server]: Plan computed: 218 poses
[planner_server-4] [INFO] [1790937692.800622356] [planner_server]: Planning took 11 ms
[planner_server-4] [INFO] [1790937692.800873230] [planner_server]: Plan computed: 217 poses
[planner_server-4] [INFO] [1790937692.912759137] [planner_server]: Planning took 4 ms
[planner_server-4] [INFO] [1790937692.913511118] [planner_server]: Plan computed: 216 poses
[planner_server-4] [INFO] [1790937693.023863263] [planner_server]: Planning took 4 ms
[planner_server-4] [INFO] [1790937693.024227747] [planner_server]: Plan computed: 215 poses
[planner_server-4] [INFO] [1790937693.132837988] [planner_server]: Planning took 5 ms
[planner_server-4] [INFO] [1790937693.133116002] [planner_server]: Plan computed: 213 poses
[planner_server-4] [INFO] [1790937693.243292508] [planner_server]: Planning took 5 ms
[planner_server-4] [INFO] [1790937693.243437106] [planner_server]: Plan computed: 211 poses
[planner_server-4] [INFO] [1790937693.355246505] [planner_server]: Planning took 5 ms
[planner_server-4] [INFO] [1790937693.355496497] [planner_server]: Plan computed: 210 poses
[planner_server-4] [INFO] [1790937693.462445037] [planner_server]: Planning took 4 ms
[planner_server-4] [INFO] [1790937693.462940924] [planner_server]: Plan computed: 209 poses
[planner_server-4] [INFO] [1790937693.572485909] [planner_server]: Planning took 4 ms
[planner_server-4] [INFO] [1790937693.572725442] [planner_server]: Plan computed: 208 poses
[planner_server-4] [INFO] [1790937693.683565780] [planner_server]: Planning took 5 ms
[planner_server-4] [INFO] [1790937693.685341546] [planner_server]: Plan computed: 207 poses
[planner_server-4] [INFO] [1790937693.794573266] [planner_server]: Planning took 6 ms
[planner_server-4] [INFO] [1790937693.794936387] [planner_server]: Plan computed: 205 poses
[planner_server-4] [INFO] [1790937693.902144256] [planner_server]: Planning took 4 ms
[planner_server-4] [INFO] [1790937693.902604578] [planner_server]: Plan computed: 205 poses
[planner_server-4] [INFO] [1790937694.014475820] [planner_server]: Planning took 4 ms
[planner_server-4] [INFO] [1790937694.014650763] [planner_server]: Plan computed: 203 poses
[planner_server-4] [INFO] [1790937694.122556959] [planner_server]: Planning took 4 ms
[planner_server-4] [INFO] [1790937694.122987384] [planner_server]: Plan computed: 201 poses
[controller_node-5] [WARN] [1790937694.162270462] [controller_server]: path_copy succeeded.
[controller_node-5] [INFO] [1790937694.201893488] [controller_server]: Computed velocity commands: linear.x=-0.68, linear.y=0.57, angular.z=0.00
[planner_server-4] [INFO] [1790937694.231795562] [planner_server]: Planning took 4 ms
[planner_server-4] [INFO] [1790937694.232246786] [planner_server]: Plan computed: 199 poses
[planner_server-4] [INFO] [1790937694.344594306] [planner_server]: Planning took 4 ms
[planner_server-4] [INFO] [1790937694.345076267] [planner_server]: Plan computed: 198 poses
[planner_server-4] [INFO] [1790937694.456176937] [planner_server]: Planning took 5 ms
[planner_server-4] [INFO] [1790937694.456449551] [planner_server]: Plan computed: 197 poses
[planner_server-4] [INFO] [1790937694.574607054] [planner_server]: Planning took 5 ms
[planner_server-4] [INFO] [1790937694.574930301] [planner_server]: Plan computed: 196 poses
[planner_server-4] [INFO] [1790937694.682865140] [planner_server]: Planning took 5 ms
[planner_server-4] [INFO] [1790937694.683356498] [planner_server]: Plan computed: 195 poses
[planner_server-4] [INFO] [1790937694.794142365] [planner_server]: Planning took 4 ms
[planner_server-4] [INFO] [1790937694.794593158] [planner_server]: Plan computed: 194 poses
[planner_server-4] [INFO] [1790937694.902099616] [planner_server]: Planning took 4 ms
[planner_server-4] [INFO] [1790937694.902389742] [planner_server]: Plan computed: 194 poses
[planner_server-4] [INFO] [1790937695.014146395] [planner_server]: Planning took 4 ms
[planner_server-4] [INFO] [1790937695.014437433] [planner_server]: Plan computed: 192 poses
[planner_server-4] [INFO] [1790937695.124113365] [planner_server]: Planning took 4 ms
[planner_server-4] [INFO] [1790937695.124382101] [planner_server]: Plan computed: 191 poses
[planner_server-4] [INFO] [1790937695.231675270] [planner_server]: Planning took 4 ms
[planner_server-4] [INFO] [1790937695.231902370] [planner_server]: Plan computed: 190 poses
[planner_server-4] [INFO] [1790937695.342081552] [planner_server]: Planning took 4 ms
[planner_server-4] [INFO] [1790937695.342362441] [planner_server]: Plan computed: 189 poses
[planner_server-4] [INFO] [1790937695.454252209] [planner_server]: Planning took 4 ms
[planner_server-4] [INFO] [1790937695.454575897] [planner_server]: Plan computed: 187 poses
[planner_server-4] [INFO] [1790937695.562570456] [planner_server]: Planning took 4 ms
[planner_server-4] [INFO] [1790937695.562910284] [planner_server]: Plan computed: 185 poses
[planner_server-4] [INFO] [1790937695.671180089] [planner_server]: Planning took 3 ms
[planner_server-4] [INFO] [1790937695.671479352] [planner_server]: Plan computed: 185 poses
[planner_server-4] [INFO] [1790937695.781340075] [planner_server]: Planning took 3 ms
[planner_server-4] [INFO] [1790937695.781614932] [planner_server]: Plan computed: 184 poses
[planner_server-4] [INFO] [1790937695.895435893] [planner_server]: Planning took 3 ms
[planner_server-4] [INFO] [1790937695.895752759] [planner_server]: Plan computed: 183 poses
[planner_server-4] [INFO] [1790937696.004334571] [planner_server]: Planning took 5 ms
[planner_server-4] [INFO] [1790937696.004681592] [planner_server]: Plan computed: 181 poses
[planner_server-4] [INFO] [1790937696.111622685] [planner_server]: Planning took 3 ms
[planner_server-4] [INFO] [1790937696.112076153] [planner_server]: Plan computed: 180 poses
[controller_node-5] [WARN] [1790937696.181863648] [controller_server]: path_copy succeeded.
[controller_node-5] [INFO] [1790937696.221629952] [controller_server]: Computed velocity commands: linear.x=-0.06, linear.y=1.34, angular.z=0.00
[planner_server-4] [INFO] [1790937696.221777958] [planner_server]: Planning took 4 ms
[planner_server-4] [INFO] [1790937696.221950166] [planner_server]: Plan computed: 179 poses
[planner_server-4] [INFO] [1790937696.334140679] [planner_server]: Planning took 3 ms
[planner_server-4] [INFO] [1790937696.334488902] [planner_server]: Plan computed: 178 poses
[planner_server-4] [INFO] [1790937696.441769196] [planner_server]: Planning took 3 ms
[planner_server-4] [INFO] [1790937696.442077665] [planner_server]: Plan computed: 178 poses
[planner_server-4] [INFO] [1790937696.551070112] [planner_server]: Planning took 3 ms
[planner_server-4] [INFO] [1790937696.551769894] [planner_server]: Plan computed: 177 poses
[planner_server-4] [INFO] [1790937696.661662112] [planner_server]: Planning took 4 ms
[planner_server-4] [INFO] [1790937696.661986872] [planner_server]: Plan computed: 175 poses
[planner_server-4] [INFO] [1790937696.772599265] [planner_server]: Planning took 4 ms
[planner_server-4] [INFO] [1790937696.772943781] [planner_server]: Plan computed: 174 poses
[planner_server-4] [INFO] [1790937696.881618425] [planner_server]: Planning took 3 ms
[planner_server-4] [INFO] [1790937696.881934359] [planner_server]: Plan computed: 172 poses
[planner_server-4] [INFO] [1790937696.992231876] [planner_server]: Planning took 3 ms
[planner_server-4] [INFO] [1790937696.992745113] [planner_server]: Plan computed: 171 poses
[planner_server-4] [INFO] [1790937697.102439639] [planner_server]: Planning took 3 ms
[planner_server-4] [INFO] [1790937697.102853023] [planner_server]: Plan computed: 169 poses
[planner_server-4] [INFO] [1790937697.212287661] [planner_server]: Planning took 4 ms
[planner_server-4] [INFO] [1790937697.212524769] [planner_server]: Plan computed: 168 poses
[planner_server-4] [INFO] [1790937697.323501539] [planner_server]: Planning took 3 ms
[planner_server-4] [INFO] [1790937697.323792156] [planner_server]: Plan computed: 166 poses
[planner_server-4] [INFO] [1790937697.430812629] [planner_server]: Planning took 3 ms
[planner_server-4] [INFO] [1790937697.431027535] [planner_server]: Plan computed: 164 poses
[planner_server-4] [INFO] [1790937697.542502072] [planner_server]: Planning took 3 ms
[planner_server-4] [INFO] [1790937697.542716779] [planner_server]: Plan computed: 163 poses
[planner_server-4] [INFO] [1790937697.652145539] [planner_server]: Planning took 3 ms
[planner_server-4] [INFO] [1790937697.652398726] [planner_server]: Plan computed: 161 poses
[planner_server-4] [INFO] [1790937697.761244545] [planner_server]: Planning took 3 ms
[planner_server-4] [INFO] [1790937697.761598839] [planner_server]: Plan computed: 160 poses
[planner_server-4] [INFO] [1790937697.871377796] [planner_server]: Planning took 3 ms
[planner_server-4] [INFO] [1790937697.872033035] [planner_server]: Plan computed: 159 poses
[planner_server-4] [INFO] [1790937697.980352342] [planner_server]: Planning took 2 ms
[planner_server-4] [INFO] [1790937697.980593798] [planner_server]: Plan computed: 157 poses
[planner_server-4] [INFO] [1790937698.093591352] [planner_server]: Planning took 3 ms
[planner_server-4] [INFO] [1790937698.094067431] [planner_server]: Plan computed: 156 poses
[controller_node-5] [WARN] [1790937698.201183767] [controller_server]: path_copy succeeded.
[planner_server-4] [INFO] [1790937698.201246723] [planner_server]: Planning took 3 ms
[planner_server-4] [INFO] [1790937698.201486085] [planner_server]: Plan computed: 155 poses
[controller_node-5] [INFO] [1790937698.244122838] [controller_server]: Computed velocity commands: linear.x=1.21, linear.y=0.37, angular.z=0.00
[planner_server-4] [INFO] [1790937698.312113025] [planner_server]: Planning took 4 ms
[planner_server-4] [INFO] [1790937698.312343570] [planner_server]: Plan computed: 154 poses
[planner_server-4] [INFO] [1790937698.422808707] [planner_server]: Planning took 3 ms
[planner_server-4] [INFO] [1790937698.423329283] [planner_server]: Plan computed: 153 poses
[planner_server-4] [INFO] [1790937698.532047535] [planner_server]: Planning took 3 ms
[planner_server-4] [INFO] [1790937698.532310801] [planner_server]: Plan computed: 152 poses
[planner_server-4] [INFO] [1790937698.641074136] [planner_server]: Planning took 2 ms
[planner_server-4] [INFO] [1790937698.641963989] [planner_server]: Plan computed: 151 poses
[planner_server-4] [INFO] [1790937698.751561349] [planner_server]: Planning took 3 ms
[planner_server-4] [INFO] [1790937698.752701143] [planner_server]: Plan computed: 150 poses
[planner_server-4] [INFO] [1790937698.863506612] [planner_server]: Planning took 3 ms
[planner_server-4] [INFO] [1790937698.863738460] [planner_server]: Plan computed: 148 poses
[planner_server-4] [INFO] [1790937698.971864184] [planner_server]: Planning took 2 ms
[planner_server-4] [INFO] [1790937698.972154260] [planner_server]: Plan computed: 146 poses
[planner_server-4] [INFO] [1790937699.080718222] [planner_server]: Planning took 3 ms
[planner_server-4] [INFO] [1790937699.081154777] [planner_server]: Plan computed: 145 poses
[planner_server-4] [INFO] [1790937699.192490775] [planner_server]: Planning took 3 ms
[planner_server-4] [INFO] [1790937699.192797160] [planner_server]: Plan computed: 144 poses
[planner_server-4] [INFO] [1790937699.302697440] [planner_server]: Planning took 2 ms
[planner_server-4] [INFO] [1790937699.303913684] [planner_server]: Plan computed: 143 poses
[planner_server-4] [INFO] [1790937699.411497429] [planner_server]: Planning took 2 ms
[planner_server-4] [INFO] [1790937699.411762408] [planner_server]: Plan computed: 143 poses
[planner_server-4] [INFO] [1790937699.522557257] [planner_server]: Planning took 5 ms
[planner_server-4] [INFO] [1790937699.523206424] [planner_server]: Plan computed: 143 poses
[planner_server-4] [INFO] [1790937699.630728165] [planner_server]: Planning took 2 ms
[planner_server-4] [INFO] [1790937699.632244653] [planner_server]: Plan computed: 143 poses
[planner_server-4] [INFO] [1790937699.741561816] [planner_server]: Planning took 2 ms
[planner_server-4] [INFO] [1790937699.741787713] [planner_server]: Plan computed: 142 poses
[planner_server-4] [INFO] [1790937699.853614567] [planner_server]: Planning took 3 ms
[planner_server-4] [INFO] [1790937699.854171554] [planner_server]: Plan computed: 141 poses
[planner_server-4] [INFO] [1790937699.961198863] [planner_server]: Planning took 3 ms
[planner_server-4] [INFO] [1790937699.961511650] [planner_server]: Plan computed: 140 poses
[planner_server-4] [INFO] [1790937700.070676438] [planner_server]: Planning took 2 ms
[planner_server-4] [INFO] [1790937700.070955773] [planner_server]: Plan computed: 139 poses
[planner_server-4] [INFO] [1790937700.182275097] [planner_server]: Planning took 2 ms
[planner_server-4] [INFO] [1790937700.182617599] [planner_server]: Plan computed: 137 poses
[controller_node-5] [WARN] [1790937700.201535173] [controller_server]: path_copy succeeded.
[controller_node-5] [INFO] [1790937700.261507503] [controller_server]: Computed velocity commands: linear.x=-1.54, linear.y=-0.07, angular.z=0.00
[planner_server-4] [INFO] [1790937700.290663420] [planner_server]: Planning took 3 ms
[planner_server-4] [INFO] [1790937700.291458958] [planner_server]: Plan computed: 136 poses
[planner_server-4] [INFO] [1790937700.403331806] [planner_server]: Planning took 2 ms
[planner_server-4] [INFO] [1790937700.403592266] [planner_server]: Plan computed: 135 poses
[planner_server-4] [INFO] [1790937700.511108198] [planner_server]: Planning took 3 ms
[planner_server-4] [INFO] [1790937700.511315992] [planner_server]: Plan computed: 134 poses
[planner_server-4] [INFO] [1790937700.622315079] [planner_server]: Planning took 2 ms
[planner_server-4] [INFO] [1790937700.622604803] [planner_server]: Plan computed: 132 poses
[planner_server-4] [INFO] [1790937700.732352542] [planner_server]: Planning took 2 ms
[planner_server-4] [INFO] [1790937700.732842976] [planner_server]: Plan computed: 130 poses
[planner_server-4] [INFO] [1790937700.841215538] [planner_server]: Planning took 2 ms
[planner_server-4] [INFO] [1790937700.841487159] [planner_server]: Plan computed: 129 poses
[planner_server-4] [INFO] [1790937700.950632988] [planner_server]: Planning took 2 ms
[planner_server-4] [INFO] [1790937700.950976631] [planner_server]: Plan computed: 128 poses
[planner_server-4] [INFO] [1790937701.060142720] [planner_server]: Planning took 2 ms
[planner_server-4] [INFO] [1790937701.060501040] [planner_server]: Plan computed: 126 poses
[planner_server-4] [INFO] [1790937701.173476082] [planner_server]: Planning took 2 ms
[planner_server-4] [INFO] [1790937701.174293469] [planner_server]: Plan computed: 124 poses
[planner_server-4] [INFO] [1790937701.280825381] [planner_server]: Planning took 2 ms
[planner_server-4] [INFO] [1790937701.281043072] [planner_server]: Plan computed: 121 poses
[planner_server-4] [INFO] [1790937701.390347395] [planner_server]: Planning took 2 ms
[planner_server-4] [INFO] [1790937701.390566299] [planner_server]: Plan computed: 121 poses
[planner_server-4] [INFO] [1790937701.501059333] [planner_server]: Planning took 2 ms
[planner_server-4] [INFO] [1790937701.501525794] [planner_server]: Plan computed: 119 poses
[planner_server-4] [INFO] [1790937701.612670056] [planner_server]: Planning took 3 ms
[planner_server-4] [INFO] [1790937701.613141987] [planner_server]: Plan computed: 118 poses
[planner_server-4] [INFO] [1790937701.720774510] [planner_server]: Planning took 2 ms
[planner_server-4] [INFO] [1790937701.721297955] [planner_server]: Plan computed: 118 poses
[planner_server-4] [INFO] [1790937701.833702083] [planner_server]: Planning took 2 ms
[planner_server-4] [INFO] [1790937701.834315124] [planner_server]: Plan computed: 119 poses
[planner_server-4] [INFO] [1790937701.941805612] [planner_server]: Planning took 3 ms
[planner_server-4] [INFO] [1790937701.943460704] [planner_server]: Plan computed: 119 poses
[planner_server-4] [INFO] [1790937702.050358871] [planner_server]: Planning took 2 ms
[planner_server-4] [INFO] [1790937702.050615103] [planner_server]: Plan computed: 119 poses
[planner_server-4] [INFO] [1790937702.160969760] [planner_server]: Planning took 2 ms
[planner_server-4] [INFO] [1790937702.161250678] [planner_server]: Plan computed: 119 poses
[controller_node-5] [WARN] [1790937702.222069362] [controller_server]: path_copy succeeded.
[controller_node-5] [INFO] [1790937702.261612837] [controller_server]: Computed velocity commands: linear.x=-0.76, linear.y=-0.06, angular.z=0.00
[planner_server-4] [INFO] [1790937702.271455580] [planner_server]: Planning took 2 ms
[planner_server-4] [INFO] [1790937702.271804363] [planner_server]: Plan computed: 119 poses
[planner_server-4] [INFO] [1790937702.380541022] [planner_server]: Planning took 2 ms
[planner_server-4] [INFO] [1790937702.380879176] [planner_server]: Plan computed: 119 poses
[planner_server-4] [INFO] [1790937702.490018328] [planner_server]: Planning took 2 ms
[planner_server-4] [INFO] [1790937702.490264362] [planner_server]: Plan computed: 117 poses
[planner_server-4] [INFO] [1790937702.600300846] [planner_server]: Planning took 2 ms
[planner_server-4] [INFO] [1790937702.600634411] [planner_server]: Plan computed: 117 poses
[planner_server-4] [INFO] [1790937702.710248870] [planner_server]: Planning took 2 ms
[planner_server-4] [INFO] [1790937702.711175198] [planner_server]: Plan computed: 116 poses
[planner_server-4] [INFO] [1790937702.821526925] [planner_server]: Planning took 2 ms
[planner_server-4] [INFO] [1790937702.822081397] [planner_server]: Plan computed: 115 poses
[planner_server-4] [INFO] [1790937702.930155306] [planner_server]: Planning took 2 ms
[planner_server-4] [INFO] [1790937702.930565973] [planner_server]: Plan computed: 114 poses
[planner_server-4] [INFO] [1790937703.040874586] [planner_server]: Planning took 3 ms
[planner_server-4] [INFO] [1790937703.042631733] [planner_server]: Plan computed: 113 poses
[planner_server-4] [INFO] [1790937703.152673653] [planner_server]: Planning took 2 ms
[planner_server-4] [INFO] [1790937703.152908867] [planner_server]: Plan computed: 111 poses
[planner_server-4] [INFO] [1790937703.261013397] [planner_server]: Planning took 2 ms
[planner_server-4] [INFO] [1790937703.262237051] [planner_server]: Plan computed: 111 poses
[planner_server-4] [INFO] [1790937703.370589719] [planner_server]: Planning took 2 ms
[planner_server-4] [INFO] [1790937703.370898658] [planner_server]: Plan computed: 110 poses
[planner_server-4] [INFO] [1790937703.479836694] [planner_server]: Planning took 2 ms
[planner_server-4] [INFO] [1790937703.480332287] [planner_server]: Plan computed: 109 poses
[planner_server-4] [INFO] [1790937703.591536800] [planner_server]: Planning took 2 ms
[planner_server-4] [INFO] [1790937703.591827796] [planner_server]: Plan computed: 107 poses
[planner_server-4] [INFO] [1790937703.700495593] [planner_server]: Planning took 2 ms
[planner_server-4] [INFO] [1790937703.700775379] [planner_server]: Plan computed: 105 poses
[planner_server-4] [INFO] [1790937703.809815343] [planner_server]: Planning took 2 ms
[planner_server-4] [INFO] [1790937703.810588097] [planner_server]: Plan computed: 103 poses
[planner_server-4] [INFO] [1790937703.920244772] [planner_server]: Planning took 2 ms
[planner_server-4] [INFO] [1790937703.921174690] [planner_server]: Plan computed: 102 poses
[planner_server-4] [INFO] [1790937704.031336994] [planner_server]: Planning took 2 ms
[planner_server-4] [INFO] [1790937704.031703540] [planner_server]: Plan computed: 100 poses
[planner_server-4] [INFO] [1790937704.140301821] [planner_server]: Planning took 2 ms
[planner_server-4] [INFO] [1790937704.140507539] [planner_server]: Plan computed: 100 poses
[controller_node-5] [WARN] [1790937704.241795520] [controller_server]: path_copy succeeded.
[planner_server-4] [INFO] [1790937704.250201058] [planner_server]: Planning took 2 ms
[planner_server-4] [INFO] [1790937704.250522089] [planner_server]: Plan computed: 100 poses
[controller_node-5] [INFO] [1790937704.282017092] [controller_server]: Computed velocity commands: linear.x=0.52, linear.y=1.39, angular.z=0.00
[planner_server-4] [INFO] [1790937704.360431014] [planner_server]: Planning took 2 ms
[planner_server-4] [INFO] [1790937704.361175515] [planner_server]: Plan computed: 100 poses
[planner_server-4] [INFO] [1790937704.469809431] [planner_server]: Planning took 2 ms
[planner_server-4] [INFO] [1790937704.470057909] [planner_server]: Plan computed: 99 poses
[planner_server-4] [INFO] [1790937704.580614913] [planner_server]: Planning took 1 ms
[planner_server-4] [INFO] [1790937704.580834126] [planner_server]: Plan computed: 98 poses
[planner_server-4] [INFO] [1790937704.689473127] [planner_server]: Planning took 1 ms
[planner_server-4] [INFO] [1790937704.689686250] [planner_server]: Plan computed: 98 poses
[planner_server-4] [INFO] [1790937704.799558462] [planner_server]: Planning took 2 ms
[planner_server-4] [INFO] [1790937704.799919467] [planner_server]: Plan computed: 96 poses
[planner_server-4] [INFO] [1790937704.909888852] [planner_server]: Planning took 2 ms
[planner_server-4] [INFO] [1790937704.910255628] [planner_server]: Plan computed: 95 poses
[planner_server-4] [INFO] [1790937705.020506189] [planner_server]: Planning took 2 ms
[planner_server-4] [INFO] [1790937705.020762591] [planner_server]: Plan computed: 93 poses
[planner_server-4] [INFO] [1790937705.129054031] [planner_server]: Planning took 1 ms
[planner_server-4] [INFO] [1790937705.129440763] [planner_server]: Plan computed: 91 poses
[planner_server-4] [INFO] [1790937705.240282527] [planner_server]: Planning took 2 ms
[planner_server-4] [INFO] [1790937705.240514955] [planner_server]: Plan computed: 89 poses
[planner_server-4] [INFO] [1790937705.351588766] [planner_server]: Planning took 1 ms
[planner_server-4] [INFO] [1790937705.351887285] [planner_server]: Plan computed: 88 poses
[planner_server-4] [INFO] [1790937705.459450782] [planner_server]: Planning took 1 ms
[planner_server-4] [INFO] [1790937705.460433903] [planner_server]: Plan computed: 86 poses
[planner_server-4] [INFO] [1790937705.570055820] [planner_server]: Planning took 1 ms
[planner_server-4] [INFO] [1790937705.570539471] [planner_server]: Plan computed: 83 poses
[planner_server-4] [INFO] [1790937705.680809087] [planner_server]: Planning took 1 ms
[planner_server-4] [INFO] [1790937705.681245761] [planner_server]: Plan computed: 82 poses
[planner_server-4] [INFO] [1790937705.792263844] [planner_server]: Planning took 1 ms
[planner_server-4] [INFO] [1790937705.792495881] [planner_server]: Plan computed: 81 poses
[planner_server-4] [INFO] [1790937705.899173217] [planner_server]: Planning took 1 ms
[planner_server-4] [INFO] [1790937705.899368867] [planner_server]: Plan computed: 81 poses
[planner_server-4] [INFO] [1790937706.010274132] [planner_server]: Planning took 1 ms
[planner_server-4] [INFO] [1790937706.010526998] [planner_server]: Plan computed: 81 poses
[planner_server-4] [INFO] [1790937706.118850252] [planner_server]: Planning took 1 ms
[planner_server-4] [INFO] [1790937706.119332701] [planner_server]: Plan computed: 81 poses
[planner_server-4] [INFO] [1790937706.230346778] [planner_server]: Planning took 1 ms
[planner_server-4] [INFO] [1790937706.230588553] [planner_server]: Plan computed: 80 poses
[controller_node-5] [WARN] [1790937706.261230219] [controller_server]: path_copy succeeded.
[controller_node-5] [INFO] [1790937706.301543709] [controller_server]: Computed velocity commands: linear.x=-0.11, linear.y=-0.98, angular.z=0.00
[planner_server-4] [INFO] [1790937706.341547249] [planner_server]: Planning took 3 ms
[planner_server-4] [INFO] [1790937706.342299874] [planner_server]: Plan computed: 79 poses
[planner_server-4] [INFO] [1790937706.451662963] [planner_server]: Planning took 1 ms
[planner_server-4] [INFO] [1790937706.452101380] [planner_server]: Plan computed: 78 poses
[planner_server-4] [INFO] [1790937706.559783594] [planner_server]: Planning took 1 ms
[planner_server-4] [INFO] [1790937706.560296568] [planner_server]: Plan computed: 77 poses
[planner_server-4] [INFO] [1790937706.669566695] [planner_server]: Planning took 1 ms
[planner_server-4] [INFO] [1790937706.669685434] [planner_server]: Plan computed: 76 poses
[planner_server-4] [INFO] [1790937706.781648769] [planner_server]: Planning took 2 ms
[planner_server-4] [INFO] [1790937706.782493083] [planner_server]: Plan computed: 75 poses
[planner_server-4] [INFO] [1790937706.890091403] [planner_server]: Planning took 1 ms
[planner_server-4] [INFO] [1790937706.890295890] [planner_server]: Plan computed: 74 poses
[planner_server-4] [INFO] [1790937706.999528332] [planner_server]: Planning took 1 ms
[planner_server-4] [INFO] [1790937707.000060161] [planner_server]: Plan computed: 71 poses
[planner_server-4] [INFO] [1790937707.111352703] [planner_server]: Planning took 1 ms
[planner_server-4] [INFO] [1790937707.111672702] [planner_server]: Plan computed: 70 poses
[planner_server-4] [INFO] [1790937707.221323804] [planner_server]: Planning took 1 ms
[planner_server-4] [INFO] [1790937707.221619308] [planner_server]: Plan computed: 69 poses
[planner_server-4] [INFO] [1790937707.329530488] [planner_server]: Planning took 1 ms
[planner_server-4] [INFO] [1790937707.329759459] [planner_server]: Plan computed: 68 poses
[planner_server-4] [INFO] [1790937707.438763795] [planner_server]: Planning took 1 ms
[planner_server-4] [INFO] [1790937707.438969433] [planner_server]: Plan computed: 66 poses
[planner_server-4] [INFO] [1790937707.548822352] [planner_server]: Planning took 1 ms
[planner_server-4] [INFO] [1790937707.549029834] [planner_server]: Plan computed: 65 poses
[planner_server-4] [INFO] [1790937707.660021678] [planner_server]: Planning took 1 ms
[planner_server-4] [INFO] [1790937707.660219893] [planner_server]: Plan computed: 63 poses
[planner_server-4] [INFO] [1790937707.769756248] [planner_server]: Planning took 1 ms
[planner_server-4] [INFO] [1790937707.770275304] [planner_server]: Plan computed: 63 poses
[planner_server-4] [INFO] [1790937707.879530552] [planner_server]: Planning took 1 ms
[planner_server-4] [INFO] [1790937707.879694453] [planner_server]: Plan computed: 62 poses
[planner_server-4] [INFO] [1790937707.989691176] [planner_server]: Planning took 1 ms
[planner_server-4] [INFO] [1790937707.989856901] [planner_server]: Plan computed: 59 poses
[planner_server-4] [INFO] [1790937708.099224873] [planner_server]: Planning took 1 ms
[planner_server-4] [INFO] [1790937708.099498386] [planner_server]: Plan computed: 58 poses
[planner_server-4] [INFO] [1790937708.209781209] [planner_server]: Planning took 1 ms
[planner_server-4] [INFO] [1790937708.210243029] [planner_server]: Plan computed: 56 poses
[controller_node-5] [WARN] [1790937708.281023269] [controller_server]: path_copy succeeded.
[planner_server-4] [INFO] [1790937708.318902781] [planner_server]: Planning took 1 ms
[planner_server-4] [INFO] [1790937708.319189178] [planner_server]: Plan computed: 55 poses
[controller_node-5] [INFO] [1790937708.321530691] [controller_server]: Computed velocity commands: linear.x=-0.75, linear.y=-0.59, angular.z=0.00
[planner_server-4] [INFO] [1790937708.431517735] [planner_server]: Planning took 0 ms
[planner_server-4] [INFO] [1790937708.431697606] [planner_server]: Plan computed: 54 poses
[planner_server-4] [INFO] [1790937708.540072524] [planner_server]: Planning took 1 ms
[planner_server-4] [INFO] [1790937708.540461700] [planner_server]: Plan computed: 54 poses
[planner_server-4] [INFO] [1790937708.649582540] [planner_server]: Planning took 1 ms
[planner_server-4] [INFO] [1790937708.649834384] [planner_server]: Plan computed: 54 poses
[planner_server-4] [INFO] [1790937708.760681700] [planner_server]: Planning took 1 ms
[planner_server-4] [INFO] [1790937708.761332117] [planner_server]: Plan computed: 54 poses
[planner_server-4] [INFO] [1790937708.869748763] [planner_server]: Planning took 1 ms
[planner_server-4] [INFO] [1790937708.870913450] [planner_server]: Plan computed: 54 poses
[planner_server-4] [INFO] [1790937708.981165875] [planner_server]: Planning took 1 ms
[planner_server-4] [INFO] [1790937708.983166338] [planner_server]: Plan computed: 53 poses
[planner_server-4] [INFO] [1790937709.088895872] [planner_server]: Planning took 1 ms
[planner_server-4] [INFO] [1790937709.090490244] [planner_server]: Plan computed: 52 poses
[planner_server-4] [INFO] [1790937709.201517501] [planner_server]: Planning took 0 ms
[planner_server-4] [INFO] [1790937709.201865952] [planner_server]: Plan computed: 51 poses
[planner_server-4] [INFO] [1790937709.309522806] [planner_server]: Planning took 1 ms
[planner_server-4] [INFO] [1790937709.310043664] [planner_server]: Plan computed: 51 poses
[planner_server-4] [INFO] [1790937709.418652488] [planner_server]: Planning took 0 ms
[planner_server-4] [INFO] [1790937709.418804598] [planner_server]: Plan computed: 49 poses
[planner_server-4] [INFO] [1790937709.529946817] [planner_server]: Planning took 0 ms
[planner_server-4] [INFO] [1790937709.530273968] [planner_server]: Plan computed: 48 poses
[planner_server-4] [INFO] [1790937709.639787592] [planner_server]: Planning took 0 ms
[planner_server-4] [INFO] [1790937709.640222983] [planner_server]: Plan computed: 47 poses
[planner_server-4] [INFO] [1790937709.749634724] [planner_server]: Planning took 1 ms
[planner_server-4] [INFO] [1790937709.750182261] [planner_server]: Plan computed: 46 poses
[planner_server-4] [INFO] [1790937709.858477999] [planner_server]: Planning took 0 ms
[planner_server-4] [INFO] [1790937709.858739781] [planner_server]: Plan computed: 45 poses
[planner_server-4] [INFO] [1790937709.968711306] [planner_server]: Planning took 0 ms
[planner_server-4] [INFO] [1790937709.968950226] [planner_server]: Plan computed: 43 poses
[planner_server-4] [INFO] [1790937710.079035990] [planner_server]: Planning took 0 ms
[planner_server-4] [INFO] [1790937710.079563661] [planner_server]: Plan computed: 43 poses
[planner_server-4] [INFO] [1790937710.188565514] [planner_server]: Planning took 0 ms
[planner_server-4] [INFO] [1790937710.188773086] [planner_server]: Plan computed: 41 poses
[controller_node-5] [WARN] [1790937710.281321739] [controller_server]: path_copy succeeded.
[planner_server-4] [INFO] [1790937710.298815744] [planner_server]: Planning took 0 ms
[planner_server-4] [INFO] [1790937710.299034406] [planner_server]: Plan computed: 40 poses
[controller_node-5] [INFO] [1790937710.341250225] [controller_server]: Computed velocity commands: linear.x=-0.66, linear.y=-0.09, angular.z=0.00
[planner_server-4] [INFO] [1790937710.408120894] [planner_server]: Planning took 0 ms
[planner_server-4] [INFO] [1790937710.408836250] [planner_server]: Plan computed: 39 poses
[planner_server-4] [INFO] [1790937710.518192325] [planner_server]: Planning took 0 ms
[planner_server-4] [INFO] [1790937710.518416006] [planner_server]: Plan computed: 37 poses
[planner_server-4] [INFO] [1790937710.628479953] [planner_server]: Planning took 0 ms
[planner_server-4] [INFO] [1790937710.628788901] [planner_server]: Plan computed: 36 poses
[planner_server-4] [INFO] [1790937710.738408510] [planner_server]: Planning took 0 ms
[planner_server-4] [INFO] [1790937710.738768913] [planner_server]: Plan computed: 36 poses
[planner_server-4] [INFO] [1790937710.848703972] [planner_server]: Planning took 0 ms
[planner_server-4] [INFO] [1790937710.848934446] [planner_server]: Plan computed: 34 poses
[planner_server-4] [INFO] [1790937710.959481405] [planner_server]: Planning took 0 ms
[planner_server-4] [INFO] [1790937710.959762823] [planner_server]: Plan computed: 33 poses
[planner_server-4] [INFO] [1790937711.069987774] [planner_server]: Planning took 0 ms
[planner_server-4] [INFO] [1790937711.070147768] [planner_server]: Plan computed: 32 poses
[planner_server-4] [INFO] [1790937711.178276969] [planner_server]: Planning took 0 ms
[planner_server-4] [INFO] [1790937711.178998115] [planner_server]: Plan computed: 31 poses
[planner_server-4] [INFO] [1790937711.289267080] [planner_server]: Planning took 0 ms
[planner_server-4] [INFO] [1790937711.289425642] [planner_server]: Plan computed: 29 poses
[planner_server-4] [INFO] [1790937711.397987178] [planner_server]: Planning took 0 ms
[planner_server-4] [INFO] [1790937711.398384178] [planner_server]: Plan computed: 28 poses
[planner_server-4] [INFO] [1790937711.508110150] [planner_server]: Planning took 0 ms
[planner_server-4] [INFO] [1790937711.508351153] [planner_server]: Plan computed: 28 poses
[planner_server-4] [INFO] [1790937711.619873056] [planner_server]: Planning took 1 ms
[planner_server-4] [INFO] [1790937711.620157458] [planner_server]: Plan computed: 28 poses
[planner_server-4] [INFO] [1790937711.732538516] [planner_server]: Planning took 0 ms
[planner_server-4] [INFO] [1790937711.733112421] [planner_server]: Plan computed: 26 poses
[planner_server-4] [INFO] [1790937711.838755248] [planner_server]: Planning took 0 ms
[planner_server-4] [INFO] [1790937711.838955907] [planner_server]: Plan computed: 26 poses
[planner_server-4] [INFO] [1790937711.948096343] [planner_server]: Planning took 0 ms
[planner_server-4] [INFO] [1790937711.948249775] [planner_server]: Plan computed: 25 poses
[planner_server-4] [INFO] [1790937712.051674914] [planner_server]: Planning took 0 ms
[planner_server-4] [INFO] [1790937712.052766129] [planner_server]: Plan computed: 24 poses
[planner_server-4] [INFO] [1790937712.159366934] [planner_server]: Planning took 0 ms
[planner_server-4] [INFO] [1790937712.159848319] [planner_server]: Plan computed: 24 poses
[planner_server-4] [INFO] [1790937712.268543907] [planner_server]: Planning took 0 ms
[planner_server-4] [INFO] [1790937712.268868514] [planner_server]: Plan computed: 22 poses
[controller_node-5] [WARN] [1790937712.300716016] [controller_server]: path_copy succeeded.
[controller_node-5] [INFO] [1790937712.361279905] [controller_server]: Computed velocity commands: linear.x=-1.08, linear.y=-0.18, angular.z=0.00
[planner_server-4] [INFO] [1790937712.378434360] [planner_server]: Planning took 0 ms
[planner_server-4] [INFO] [1790937712.378928368] [planner_server]: Plan computed: 21 poses
[planner_server-4] [INFO] [1790937712.488624049] [planner_server]: Planning took 0 ms
[planner_server-4] [INFO] [1790937712.489586390] [planner_server]: Plan computed: 20 poses
[planner_server-4] [INFO] [1790937712.598542095] [planner_server]: Planning took 0 ms
[planner_server-4] [INFO] [1790937712.598704924] [planner_server]: Plan computed: 19 poses
[planner_server-4] [INFO] [1790937712.707880823] [planner_server]: Planning took 0 ms
[planner_server-4] [INFO] [1790937712.708162701] [planner_server]: Plan computed: 17 poses
[planner_server-4] [INFO] [1790937712.821056862] [planner_server]: Planning took 0 ms
[planner_server-4] [INFO] [1790937712.821152819] [planner_server]: Plan computed: 16 poses
[planner_server-4] [INFO] [1790937712.928443263] [planner_server]: Planning took 0 ms
[planner_server-4] [INFO] [1790937712.928604740] [planner_server]: Plan computed: 15 poses
[planner_server-4] [INFO] [1790937713.038482449] [planner_server]: Planning took 0 ms
[planner_server-4] [INFO] [1790937713.040111977] [planner_server]: Plan computed: 14 poses
[planner_server-4] [INFO] [1790937713.148708131] [planner_server]: Planning took 0 ms
[planner_server-4] [INFO] [1790937713.148800030] [planner_server]: Plan computed: 12 poses
[planner_server-4] [INFO] [1790937713.257847397] [planner_server]: Planning took 0 ms
[planner_server-4] [INFO] [1790937713.258292445] [planner_server]: Plan computed: 12 poses
[planner_server-4] [INFO] [1790937713.368592763] [planner_server]: Planning took 0 ms
[planner_server-4] [INFO] [1790937713.368938358] [planner_server]: Plan computed: 10 poses
[planner_server-4] [INFO] [1790937713.479357856] [planner_server]: Planning took 0 ms
[planner_server-4] [INFO] [1790937713.479500268] [planner_server]: Plan computed: 8 poses
[planner_server-4] [INFO] [1790937713.589517297] [planner_server]: Planning took 0 ms
[planner_server-4] [INFO] [1790937713.589652816] [planner_server]: Plan computed: 7 poses
[planner_server-4] [INFO] [1790937713.698250646] [planner_server]: Planning took 0 ms
[planner_server-4] [INFO] [1790937713.698458478] [planner_server]: Plan computed: 5 poses
[planner_server-4] [INFO] [1790937713.808102932] [planner_server]: Planning took 0 ms
[planner_server-4] [INFO] [1790937713.808274337] [planner_server]: Plan computed: 4 poses
[planner_server-4] [INFO] [1790937713.918428738] [planner_server]: Planning took 0 ms
[planner_server-4] [INFO] [1790937713.918806853] [planner_server]: Plan computed: 4 poses
[planner_server-4] [INFO] [1790937714.029663329] [planner_server]: Planning took 0 ms
[planner_server-4] [INFO] [1790937714.029934567] [planner_server]: Plan computed: 2 poses
[planner_server-4] [INFO] [1790937714.139196492] [planner_server]: Planning took 0 ms
[planner_server-4] [INFO] [1790937714.139600144] [planner_server]: Plan computed: 2 poses
[planner_server-4] [INFO] [1790937714.248463989] [planner_server]: Planning took 0 ms
[planner_server-4] [INFO] [1790937714.248693600] [planner_server]: Plan computed: 2 poses
[controller_node-5] [WARN] [1790937714.300987972] [controller_server]: path_copy succeeded.
[planner_server-4] [INFO] [1790937714.357946610] [planner_server]: Planning took 0 ms
[planner_server-4] [INFO] [1790937714.358056742] [planner_server]: Plan computed: 3 poses
[controller_node-5] [INFO] [1790937714.381055972] [controller_server]: Computed velocity commands: linear.x=0.20, linear.y=-0.42, angular.z=0.00
[planner_server-4] [INFO] [1790937714.468972154] [planner_server]: Planning took 0 ms
[planner_server-4] [INFO] [1790937714.469321807] [planner_server]: Plan computed: 4 poses
[planner_server-4] [INFO] [1790937714.578181023] [planner_server]: Planning took 0 ms
[planner_server-4] [INFO] [1790937714.578414803] [planner_server]: Plan computed: 4 poses
[planner_server-4] [INFO] [1790937714.688010071] [planner_server]: Planning took 0 ms
[planner_server-4] [INFO] [1790937714.688205059] [planner_server]: Plan computed: 4 poses
[planner_server-4] [INFO] [1790937714.799156749] [planner_server]: Planning took 0 ms
[planner_server-4] [INFO] [1790937714.799257544] [planner_server]: Plan computed: 3 poses
[planner_server-4] [INFO] [1790937714.908303908] [planner_server]: Planning took 0 ms
[planner_server-4] [INFO] [1790937714.908612625] [planner_server]: Plan computed: 3 poses
[planner_server-4] [INFO] [1790937715.018617663] [planner_server]: Planning took 0 ms
[planner_server-4] [INFO] [1790937715.019354155] [planner_server]: Plan computed: 3 poses
[planner_server-4] [INFO] [1790937715.127635407] [planner_server]: Planning took 0 ms
[planner_server-4] [INFO] [1790937715.128598565] [planner_server]: Plan computed: 2 poses
[planner_server-4] [INFO] [1790937715.239686680] [planner_server]: Planning took 0 ms
[planner_server-4] [INFO] [1790937715.239795530] [planner_server]: Plan computed: 3 poses
[planner_server-4] [INFO] [1790937715.348708080] [planner_server]: Planning took 0 ms
[planner_server-4] [INFO] [1790937715.349081826] [planner_server]: Plan computed: 3 poses
[planner_server-4] [INFO] [1790937715.458219579] [planner_server]: Planning took 0 ms
[planner_server-4] [INFO] [1790937715.458381106] [planner_server]: Plan computed: 3 poses
[planner_server-4] [INFO] [1790937715.567922701] [planner_server]: Planning took 0 ms
[planner_server-4] [INFO] [1790937715.568130943] [planner_server]: Plan computed: 2 poses
[planner_server-4] [INFO] [1790937715.679063587] [planner_server]: Planning took 0 ms
[planner_server-4] [INFO] [1790937715.679241885] [planner_server]: Plan computed: 2 poses
[planner_server-4] [INFO] [1790937715.788333494] [planner_server]: Planning took 0 ms
[planner_server-4] [INFO] [1790937715.788536366] [planner_server]: Plan computed: 2 poses
[planner_server-4] [INFO] [1790937715.898248580] [planner_server]: Planning took 0 ms
[planner_server-4] [INFO] [1790937715.898444570] [planner_server]: Plan computed: 2 poses
[planner_server-4] [INFO] [1790937716.010686519] [planner_server]: Planning took 0 ms
[planner_server-4] [INFO] [1790937716.011386413] [planner_server]: Plan computed: 1 poses
[planner_server-4] [INFO] [1790937716.118182854] [planner_server]: Planning took 0 ms
[planner_server-4] [INFO] [1790937716.118292095] [planner_server]: Plan computed: 1 poses
[planner_server-4] [INFO] [1790937716.228963612] [planner_server]: Planning took 0 ms
[planner_server-4] [INFO] [1790937716.229174429] [planner_server]: Plan computed: 1 poses
[nav_interface_node-7] [INFO] [1790937716.268281902] [nav_interface_node]: [NavStateTrack] Goal reached! remaining=0.039 m, elapsed=90.54 s
[nav_interface_node-7] Sequence succeeded, halting children and returning SUCCESS
[nav_interface_node-7] [INFO] [1790937716.277645392] [nav_interface_node]: Navigation task finished successfully.
[controller_node-5] [WARN] [1790937716.320203791] [controller_server]: path_copy succeeded.
[controller_node-5] [INFO] [1790937716.381651503] [controller_server]: Computed velocity commands: linear.x=0.03, linear.y=-0.12, angular.z=0.00
[sp_decision_node-6] [INFO] [1790937716.391558438] [sp_decision]: [NavToPose] Goal succeeded.
[sp_decision_node-6] [INFO] [1790937716.394537597] [sp_decision]: [DecisionEngine] SUCCEEDED – restarting
[sp_decision_node-6] [INFO] [1790937716.491451314] [sp_decision]: [WaitDuration] Wait complete – SUCCESS.
[sp_decision_node-6] [INFO] [1790937716.491628559] [sp_decision]: [DecisionEngine] SUCCEEDED – restarting
[sp_decision_node-6] [INFO] [1790937716.591404410] [sp_decision]: [DecisionEngine] SUCCEEDED – restarting
[sp_decision_node-6] [INFO] [1790937716.691220581] [sp_decision]: [DecisionEngine] SUCCEEDED – restarting
[sp_decision_node-6] [INFO] [1790937716.790862551] [sp_decision]: [DecisionEngine] SUCCEEDED – restarting
[sp_decision_node-6] [INFO] [1790937716.890819334] [sp_decision]: [DecisionEngine] SUCCEEDED – restarting
[sp_decision_node-6] [INFO] [1790937716.990942803] [sp_decision]: [DecisionEngine] SUCCEEDED – restarting
[sp_decision_node-6] [INFO] [1790937717.090788063] [sp_decision]: [DecisionEngine] SUCCEEDED – restarting
[sp_decision_node-6] [INFO] [1790937717.192233124] [sp_decision]: [DecisionEngine] SUCCEEDED – restarting
[sp_decision_node-6] [INFO] [1790937717.291223371] [sp_decision]: [DecisionEngine] SUCCEEDED – restarting
[sp_decision_node-6] [INFO] [1790937717.391404787] [sp_decision]: [DecisionEngine] SUCCEEDED – restarting
[sp_decision_node-6] [INFO] [1790937717.491616372] [sp_decision]: [DecisionEngine] SUCCEEDED – restarting
[sp_decision_node-6] [INFO] [1790937717.590959164] [sp_decision]: [DecisionEngine] SUCCEEDED – restarting
[sp_decision_node-6] [INFO] [1790937717.690972929] [sp_decision]: [DecisionEngine] SUCCEEDED – restarting
[sp_decision_node-6] [INFO] [1790937717.790932880] [sp_decision]: [DecisionEngine] SUCCEEDED – restarting
[sp_decision_node-6] [INFO] [1790937717.892035888] [sp_decision]: [DecisionEngine] SUCCEEDED – restarting
[sp_decision_node-6] [INFO] [1790937717.990775174] [sp_decision]: [DecisionEngine] SUCCEEDED – restarting
[sp_decision_node-6] [INFO] [1790937718.091099406] [sp_decision]: [DecisionEngine] SUCCEEDED – restarting
[sp_decision_node-6] [INFO] [1790937718.191242250] [sp_decision]: [DecisionEngine] SUCCEEDED – restarting
[sp_decision_node-6] [INFO] [1790937718.291377239] [sp_decision]: [DecisionEngine] SUCCEEDED – restarting
[controller_node-5] [WARN] [1790937718.320684382] [controller_server]: path_copy succeeded.
[sp_decision_node-6] [INFO] [1790937718.390957526] [sp_decision]: [DecisionEngine] SUCCEEDED – restarting
[controller_node-5] [INFO] [1790937718.401923029] [controller_server]: Computed velocity commands: linear.x=0.00, linear.y=0.00, angular.z=0.00
[sp_decision_node-6] [INFO] [1790937718.491305012] [sp_decision]: [DecisionEngine] SUCCEEDED – restarting
[sp_decision_node-6] [INFO] [1790937718.591655842] [sp_decision]: [DecisionEngine] SUCCEEDED – restarting
[sp_decision_node-6] [INFO] [1790937718.691044698] [sp_decision]: [DecisionEngine] SUCCEEDED – restarting
[sp_decision_node-6] [INFO] [1790937718.791040853] [sp_decision]: [DecisionEngine] SUCCEEDED – restarting
[sp_decision_node-6] [INFO] [1790937718.891297546] [sp_decision]: [DecisionEngine] SUCCEEDED – restarting
[sp_decision_node-6] [INFO] [1790937718.991404094] [sp_decision]: [DecisionEngine] SUCCEEDED – restarting
[sp_decision_node-6] [INFO] [1790937719.090964677] [sp_decision]: [DecisionEngine] SUCCEEDED – restarting
[sp_decision_node-6] [INFO] [1790937719.191287184] [sp_decision]: [DecisionEngine] SUCCEEDED – restarting
[sp_decision_node-6] [INFO] [1790937719.291199384] [sp_decision]: [DecisionEngine] SUCCEEDED – restarting
[sp_decision_node-6] [INFO] [1790937719.391069115] [sp_decision]: [DecisionEngine] SUCCEEDED – restarting
[sp_decision_node-6] [INFO] [1790937719.490882518] [sp_decision]: [DecisionEngine] SUCCEEDED – restarting
[sp_decision_node-6] [INFO] [1790937719.591578856] [sp_decision]: [DecisionEngine] SUCCEEDED – restarting
[sp_decision_node-6] [INFO] [1790937719.691040444] [sp_decision]: [DecisionEngine] SUCCEEDED – restarting
[sp_decision_node-6] [INFO] [1790937719.792485079] [sp_decision]: [DecisionEngine] SUCCEEDED – restarting
[sp_decision_node-6] [INFO] [1790937719.891156002] [sp_decision]: [DecisionEngine] SUCCEEDED – restarting
[sp_decision_node-6] [INFO] [1790937719.991261130] [sp_decision]: [DecisionEngine] SUCCEEDED – restarting
[sp_decision_node-6] [INFO] [1790937720.091505076] [sp_decision]: [DecisionEngine] SUCCEEDED – restarting
[sp_decision_node-6] [INFO] [1790937720.191360315] [sp_decision]: [DecisionEngine] SUCCEEDED – restarting
[sp_decision_node-6] [INFO] [1790937720.291181005] [sp_decision]: [DecisionEngine] SUCCEEDED – restarting
[controller_node-5] [WARN] [1790937720.320875436] [controller_server]: path_copy succeeded.
[sp_decision_node-6] [INFO] [1790937720.390926107] [sp_decision]: [DecisionEngine] SUCCEEDED – restarting
[controller_node-5] [INFO] [1790937720.420138273] [controller_server]: Computed velocity commands: linear.x=0.00, linear.y=0.00, angular.z=0.00
[sp_decision_node-6] [INFO] [1790937720.491264166] [sp_decision]: [DecisionEngine] SUCCEEDED – restarting
[sp_decision_node-6] [INFO] [1790937720.591032906] [sp_decision]: [DecisionEngine] SUCCEEDED – restarting
[sp_decision_node-6] [INFO] [1790937720.690755142] [sp_decision]: [DecisionEngine] SUCCEEDED – restarting
[sp_decision_node-6] [INFO] [1790937720.791644520] [sp_decision]: [DecisionEngine] SUCCEEDED – restarting
[sp_decision_node-6] [INFO] [1790937720.890858334] [sp_decision]: [DecisionEngine] SUCCEEDED – restarting
[sp_decision_node-6] [INFO] [1790937720.990974316] [sp_decision]: [DecisionEngine] SUCCEEDED – restarting
[sp_decision_node-6] [INFO] [1790937721.091040752] [sp_decision]: [DecisionEngine] SUCCEEDED – restarting
[sp_decision_node-6] [INFO] [1790937721.190957074] [sp_decision]: [DecisionEngine] SUCCEEDED – restarting
[sp_decision_node-6] [INFO] [1790937721.292292776] [sp_decision]: [DecisionEngine] SUCCEEDED – restarting
[sp_decision_node-6] [INFO] [1790937721.390984362] [sp_decision]: [DecisionEngine] SUCCEEDED – restarting
[sp_decision_node-6] [INFO] [1790937721.490893030] [sp_decision]: [DecisionEngine] SUCCEEDED – restarting
[sp_decision_node-6] [INFO] [1790937721.591622560] [sp_decision]: [DecisionEngine] SUCCEEDED – restarting
[sp_decision_node-6] [INFO] [1790937721.691904928] [sp_decision]: [DecisionEngine] SUCCEEDED – restarting
[sp_decision_node-6] [INFO] [1790937721.791651122] [sp_decision]: [DecisionEngine] SUCCEEDED – restarting
[sp_decision_node-6] [INFO] [1790937721.891170315] [sp_decision]: [DecisionEngine] SUCCEEDED – restarting
[sp_decision_node-6] [INFO] [1790937721.991249241] [sp_decision]: [DecisionEngine] SUCCEEDED – restarting
[sp_decision_node-6] [INFO] [1790937722.091158572] [sp_decision]: [DecisionEngine] SUCCEEDED – restarting
[sp_decision_node-6] [INFO] [1790937722.191459513] [sp_decision]: [DecisionEngine] SUCCEEDED – restarting
[sp_decision_node-6] [INFO] [1790937722.292607978] [sp_decision]: [DecisionEngine] SUCCEEDED – restarting
[controller_node-5] [WARN] [1790937722.321222052] [controller_server]: path_copy succeeded.
[sp_decision_node-6] [INFO] [1790937722.390931646] [sp_decision]: [DecisionEngine] SUCCEEDED – restarting
[controller_node-5] [INFO] [1790937722.420550762] [controller_server]: Computed velocity commands: linear.x=0.00, linear.y=0.00, angular.z=0.00
[sp_decision_node-6] [INFO] [1790937722.491376536] [sp_decision]: [DecisionEngine] SUCCEEDED – restarting
[sp_decision_node-6] [INFO] [1790937722.591936688] [sp_decision]: [DecisionEngine] SUCCEEDED – restarting
[sp_decision_node-6] [INFO] [1790937722.690999037] [sp_decision]: [DecisionEngine] SUCCEEDED – restarting
[sp_decision_node-6] [INFO] [1790937722.792169585] [sp_decision]: [DecisionEngine] SUCCEEDED – restarting
[sp_decision_node-6] [INFO] [1790937722.891052558] [sp_decision]: [DecisionEngine] SUCCEEDED – restarting
[sp_decision_node-6] [INFO] [1790937722.991307836] [sp_decision]: [DecisionEngine] SUCCEEDED – restarting
[sp_decision_node-6] [INFO] [1790937723.091305862] [sp_decision]: [DecisionEngine] SUCCEEDED – restarting
[sp_decision_node-6] [INFO] [1790937723.191537152] [sp_decision]: [DecisionEngine] SUCCEEDED – restarting
[sp_decision_node-6] [INFO] [1790937723.291353562] [sp_decision]: [DecisionEngine] SUCCEEDED – restarting
[sp_decision_node-6] [INFO] [1790937723.391188887] [sp_decision]: [DecisionEngine] SUCCEEDED – restarting
[sp_decision_node-6] [INFO] [1790937723.490960735] [sp_decision]: [DecisionEngine] SUCCEEDED – restarting
[sp_decision_node-6] [INFO] [1790937723.591379459] [sp_decision]: [DecisionEngine] SUCCEEDED – restarting
[sp_decision_node-6] [INFO] [1790937723.691137562] [sp_decision]: [DecisionEngine] SUCCEEDED – restarting
[sp_decision_node-6] [INFO] [1790937723.791444591] [sp_decision]: [DecisionEngine] SUCCEEDED – restarting
[WARNING] [launch]: user interrupted with ctrl-c (SIGINT)
[nav_interface_node-7] [INFO] [1790937723.875023328] [rclcpp]: signal_handler(SIGINT/SIGTERM)
[INFO] [nav_interface_node-7]: sending signal 'SIGINT' to process[nav_interface_node-7]
[INFO] [sp_decision_node-6]: sending signal 'SIGINT' to process[sp_decision_node-6]
[INFO] [controller_node-5]: sending signal 'SIGINT' to process[controller_node-5]
[INFO] [planner_server-4]: sending signal 'SIGINT' to process[planner_server-4]
[INFO] [esdf_map_publisher-3]: sending signal 'SIGINT' to process[esdf_map_publisher-3]
[INFO] [sim_robot-2]: sending signal 'SIGINT' to process[sim_robot-2]
[INFO] [static_transform_publisher-1]: sending signal 'SIGINT' to process[static_transform_publisher-1]
[sp_decision_node-6] [INFO] [1790937723.875198158] [rclcpp]: signal_handler(SIGINT/SIGTERM)
[sp_decision_node-6] [INFO] [1790937723.877136820] [sp_decision]: [DecisionEngine] Stopped.
[controller_node-5] [INFO] [1790937723.875359944] [rclcpp]: signal_handler(SIGINT/SIGTERM)
[static_transform_publisher-1] [INFO] [1790937723.875330718] [rclcpp]: signal_handler(SIGINT/SIGTERM)
[planner_server-4] [INFO] [1790937723.875539323] [rclcpp]: signal_handler(SIGINT/SIGTERM)
[esdf_map_publisher-3] [INFO] [1790937723.877179959] [rclcpp]: signal_handler(SIGINT/SIGTERM)
[nav_interface_node-7] [INFO] [1790937723.889205354] [rclcpp]: signal_handler(SIGINT/SIGTERM)
[sp_decision_node-6] [INFO] [1790937723.889937531] [rclcpp]: signal_handler(SIGINT/SIGTERM)
[ERROR] [planner_server-4]: process has died [pid 79358, exit code -2, cmd '/home/zrj/nav_final_project/install/sp_global_planner/lib/sp_global_planner/planner_server --ros-args -r __node:=planner_server --params-file /home/zrj/nav_final_project/install/sp_nav_bringup/share/sp_nav_bringup/config/nav_params.yaml --params-file /tmp/launch_params_gaknu883'].
[esdf_map_publisher-3] [INFO] [1790937723.895291997] [rclcpp]: signal_handler(SIGINT/SIGTERM)
[controller_node-5] [INFO] [1790937723.899748964] [rclcpp]: signal_handler(SIGINT/SIGTERM)
[sim_robot-2] Traceback (most recent call last):
[sim_robot-2]   File "/home/zrj/nav_final_project/install/sp_nav_sim/lib/sp_nav_sim/sim_robot", line 33, in <module>
[sim_robot-2]     sys.exit(load_entry_point('sp-nav-sim', 'console_scripts', 'sim_robot')())
[sim_robot-2]   File "/home/zrj/nav_final_project/build/sp_nav_sim/sp_nav_sim/sim_robot_node.py", line 598, in main
[sim_robot-2]     node.destroy_node()
[sim_robot-2]   File "/opt/ros/humble/local/lib/python3.10/dist-packages/rclpy/node.py", line 1685, in destroy_node
[sim_robot-2]     self.destroy_publisher(self._publishers[0])
[sim_robot-2]   File "/opt/ros/humble/local/lib/python3.10/dist-packages/rclpy/node.py", line 1565, in destroy_publisher
[sim_robot-2]     publisher.destroy()
[sim_robot-2] KeyboardInterrupt
[ERROR] [static_transform_publisher-1]: process has died [pid 79348, exit code -2, cmd '/opt/ros/humble/lib/tf2_ros/static_transform_publisher 0 0.15 0 0 0 0 base_link livox_frame --ros-args'].
[sim_robot-2] The following exception was never retrieved: Failed to publish: publisher's context is invalid, at ./src/rcl/publisher.c:389
[sim_robot-2] The following exception was never retrieved: Failed to publish: publisher's context is invalid, at ./src/rcl/publisher.c:389
[INFO] [nav_interface_node-7]: process has finished cleanly [pid 79369]
[INFO] [esdf_map_publisher-3]: process has finished cleanly [pid 79355]
[INFO] [controller_node-5]: process has finished cleanly [pid 79360]
[ERROR] [sim_robot-2]: process has died [pid 79351, exit code -2, cmd '/home/zrj/nav_final_project/install/sp_nav_sim/lib/sp_nav_sim/sim_robot --ros-args -r __node:=sim_robot_node --params-file /home/zrj/nav_final_project/install/sp_nav_sim/share/sp_nav_sim/config/sim_robot.yaml'].
[ERROR] [sp_decision_node-6]: process[sp_decision_node-6] failed to terminate '5' seconds after receiving 'SIGINT', escalating to 'SIGTERM'
[INFO] [sp_decision_node-6]: sending signal 'SIGTERM' to process[sp_decision_node-6]
[sp_decision_node-6] [INFO] [1790937728.893245277] [rclcpp]: signal_handler(SIGINT/SIGTERM)
[ERROR] [sp_decision_node-6]: process[sp_decision_node-6] failed to terminate '10.0' seconds after receiving 'SIGTERM', escalating to 'SIGKILL'
[INFO] [sp_decision_node-6]: sending signal 'SIGKILL' to process[sp_decision_node-6]
[ERROR] [sp_decision_node-6]: process has died [pid 79362, exit code -9, cmd '/home/zrj/nav_final_project/install/sp_decision/lib/sp_decision/sp_decision_node --ros-args -r __node:=sp_decision --params-file /home/zrj/nav_final_project/install/sp_nav_bringup/share/sp_nav_bringup/config/nav_params.yaml --params-file /tmp/launch_params_p9dmtny6'].
