[INFO] [launch]: All log files can be found below /home/zrj/.ros/log/2026-10-02-10-08-33-964136-zrj-virtual-machine-185190
[INFO] [launch]: Default logging verbosity is set to INFO
[INFO] [sim_robot-2]: process started with pid [185201]
[INFO] [static_transform_publisher-1]: process started with pid [185199]
[INFO] [esdf_map_publisher-3]: process started with pid [185203]
[INFO] [planner_server-4]: process started with pid [185205]
[INFO] [controller_node-5]: process started with pid [185207]
[INFO] [sp_decision_node-6]: process started with pid [185209]
[INFO] [nav_interface_node-7]: process started with pid [185213]
[INFO] [rviz2-8]: process started with pid [185215]
[static_transform_publisher-1] [WARN] [1790950114.108558988] []: Old-style arguments are deprecated; see --help for new-style arguments
[planner_server-4] [INFO] [1790950114.205231829] [planner_server]: PlannerServer ready. costmap_topic=/global_costmap local_costmap_topic=/local_costmap/costmap path_topic=/global_path service=make_plan plugin=AStar (sp_global_planner/AStarPlanner)
[controller_node-5] [INFO] [1790950114.206509689] [controller_server]: Smooth sampling configured: max_speed=1.25 m/s horizon=28 dt=0.070 s
[controller_node-5] [INFO] [1790950114.206639221] [controller_server]: Loaded controller plugin: SamplingController (SamplingController)
[planner_server-4] [INFO] [1790950114.211596112] [planner_server]: AStarPlanner configured: lethal_cost=95 cost_weight=6.000
[planner_server-4] [INFO] [1790950114.211879813] [planner_server]: PlannerServer ready. costmap_topic=/global_costmap local_costmap_topic=/local_costmap/costmap path_topic=/global_path service=make_plan plugin=AStar (sp_global_planner/AStarPlanner)
[static_transform_publisher-1] [INFO] [1790950114.224405946] [static_transform_publisher_lfE2gb3btEWbjWKR]: Spinning until stopped - publishing transform
[static_transform_publisher-1] translation: ('0.000000', '0.150000', '0.000000')
[static_transform_publisher-1] rotation: ('0.000000', '0.000000', '0.000000', '1.000000')
[static_transform_publisher-1] from 'base_link' to 'livox_frame'
[nav_interface_node-7] [INFO] [1790950114.252561010] [nav_interface_node]: Loading plugin: nav_compute_path_service
[nav_interface_node-7] [INFO] [1790950114.254143269] [nav_interface_node]: Loading plugin: nav_state_track
[nav_interface_node-7] [INFO] [1790950114.254875208] [nav_interface_node]: Loading plugin: nav_rate_control
[nav_interface_node-7] [INFO] [1790950114.255563976] [nav_interface_node]: Loading plugin: nav_repeat_sequence
[nav_interface_node-7] [INFO] [1790950114.256517760] [nav_interface_node]: Loading plugin: nav_get_pose
[nav_interface_node-7] [INFO] [1790950114.258458169] [nav_interface_node]: Loading plugin: nav_set_control_enable
[nav_interface_node-7] [INFO] [1790950114.261886672] [nav_interface_node]: Initializing BT from: /home/zrj/nav_final_project/install/sp_nav_bt/share/sp_nav_bt/nav_bt/default_nav_with_fallback.xml
[sp_decision_node-6] [WARN] [1790950114.347578525] [rcl.logging_rosout]: Publisher already registered for provided node name. If this is due to multiple nodes with the same name then all logs for that logger name will go out over the existing publisher. As soon as any node with that name is destructed it will unregister the publisher, preventing any further logs for that name from being published on the rosout topic.
[nav_interface_node-7] [INFO] [1790950114.386801745] [nav_interface_node]: Navigation Interface Node initialized.
[nav_interface_node-7] [INFO] [1790950114.392988236] [nav_interface_node]: Restart-task service ready at /nav_interface/restart_task
[sp_decision_node-6] [INFO] [1790950114.407448201] [sp_decision]: [BlackboardBridge] Initialized (goal_pose only).
[esdf_map_publisher-3] [INFO] [1790950114.516858013] [esdf_map_publisher]: Loaded map: /home/zrj/nav_final_project/install/sp_nav_bringup/share/sp_nav_bringup/map/maze_map.pgm  size=300x300  res=0.050 m/cell  origin=[0.000, 0.000, 0.000]  negate=0  unknown_as_obstacle=false
[sim_robot-2] pygame 2.1.2 (SDL 2.0.20, Python 3.10.12)
[sim_robot-2] Hello from the pygame community. https://www.pygame.org/contribute.html
[sp_decision_node-6] [INFO] [1790950114.595113948] [sp_decision]: [BtEngine] Loading plugin: nav_to_pose_bt_node
[sp_decision_node-6] [INFO] [1790950114.598549353] [sp_decision]: [BtEngine] Loading plugin: condition_judge_bt_node
[sp_decision_node-6] [INFO] [1790950114.673573693] [sp_decision]: [BtEngine] Loading plugin: wait_duration_bt_node
[sp_decision_node-6] [INFO] [1790950114.674643394] [sp_decision]: [BtEngine] Loading plugin: gimbal_control_bt_node
[sp_decision_node-6] [INFO] [1790950114.675900856] [sp_decision]: [BtEngine] Loading plugin: chassis_mode_bt_node
[sp_decision_node-6] [INFO] [1790950114.677221907] [sp_decision]: [BtEngine] Loading plugin: set_double_bt_node
[sp_decision_node-6] [INFO] [1790950114.678462216] [sp_decision]: [BtEngine] Initialising tree from: /home/zrj/nav_final_project/install/sp_decision/share/sp_decision/decision_trees/click_nav.xml
[sp_decision_node-6] [WARN] [1790950114.680498204] [rcl.logging_rosout]: Publisher already registered for provided node name. If this is due to multiple nodes with the same name then all logs for that logger name will go out over the existing publisher. As soon as any node with that name is destructed it will unregister the publisher, preventing any further logs for that name from being published on the rosout topic.
[sp_decision_node-6] [INFO] [1790950114.718039129] [sp_decision]: [NavToPose] BT node 'NavToPose' initialised (ros node: nav_to_pose_0).
[sp_decision_node-6] [INFO] [1790950114.719668176] [sp_decision]: [ChassisMode] BT node initialised.
[sp_decision_node-6] [INFO] [1790950114.721253801] [sp_decision]: [GimbalControl] BT node initialised.
[sp_decision_node-6] [INFO] [1790950114.721361262] [sp_decision]: [WaitDuration] BT node initialised.
[sp_decision_node-6] [INFO] [1790950114.721823848] [sp_decision]: [DecisionEngine] Started with tree: /home/zrj/nav_final_project/install/sp_decision/share/sp_decision/decision_trees/click_nav.xml
[sp_decision_node-6] [INFO] [1790950114.721931308] [sp_decision]: [DecisionEngine] Started: /home/zrj/nav_final_project/install/sp_decision/share/sp_decision/decision_trees/click_nav.xml
[sp_decision_node-6] [INFO] [1790950114.722660441] [ConditionJudge]: [ConditionJudge] Initialised: 2 variables, 3 conditions, 3 children.
[sp_decision_node-6] [INFO] [1790950114.722898387] [sp_decision]: [WaitDuration] duration < 0 – blocking forever (RUNNING).
[rviz2-8] [INFO] [1790950114.890032734] [rviz2]: Stereo is NOT SUPPORTED
[rviz2-8] [INFO] [1790950114.890390984] [rviz2]: OpenGl version: 4.3 (GLSL 4.3)
[rviz2-8] [INFO] [1790950114.958961743] [rviz2]: Stereo is NOT SUPPORTED
[rviz2-8] [INFO] [1790950115.613036885] [rviz2]: Trying to create a map of size 300 x 300 using 1 swatches
[rviz2-8] [ERROR] [1790950115.685355054] [rviz2]: Vertex Program:rviz/glsl120/indexed_8bit_image.vert Fragment Program:rviz/glsl120/indexed_8bit_image.frag GLSL link result : 
[rviz2-8] active samplers with a different type refer to the same texture image unit
[sim_robot-2] [0m[INFO] [1790950116.533053441] [sim_robot_node]: SimRobotNode ready | map=/home/zrj/nav_final_project/install/sp_nav_bringup/share/sp_nav_bringup/map/maze_map.pgm | robots=[1, 2, 3] | sim=30.0Hz pub=30.0Hz odom=30.0Hz[0m
[sim_robot-2] [0m[INFO] [1790950116.536088408] [sim_robot_node]: map->lidar_odom origin=(0.900, 0.900) | start: base_link ≡ lidar_odom[0m
[sim_robot-2] [0m[INFO] [1790950116.536747931] [sim_robot_node]: gimbal_topic=/gimbal/control scan_speed=1.0 rad/s | chassis_topic=/chassis/mode[0m
[sim_robot-2] [0m[INFO] [1790950116.537697367] [sim_robot_node]: local_costmap_topic=/local_costmap/costmap frame=map window=4.00x4.00m[0m
[rviz2-8] [INFO] [1790950117.944126733] [rviz2]: Trying to create a map of size 58 x 58 using 1 swatches
[sp_decision_node-6] [INFO] [1790950156.620275376] [sp_decision]: [BlackboardBridge] New goal_pose  x=14.100  y=14.100
[planner_server-4] [INFO] [1790950156.620680474] [planner_server]: Received goal from /goal_pose: (14.100, 14.100) frame=map
[sp_decision_node-6] [INFO] [1790950156.622330110] [ConditionJudge]: [ConditionJudge] Switching child 2 -> 0, halting previous.
[sp_decision_node-6] [INFO] [1790950156.622363873] [sp_decision]: [WaitDuration] Halted – timer cleared.
[sp_decision_node-6] [INFO] [1790950156.622571030] [sp_decision]: [DecisionEngine] SUCCEEDED – restarting
[sp_decision_node-6] [INFO] [1790950156.722489669] [sp_decision]: [NavToPose] Using blackboard PoseStamped  x=14.100  y=14.100  frame='map'
[sp_decision_node-6] [INFO] [1790950156.722840015] [sp_decision]: [NavToPose] Sending goal  x=14.100  y=14.100  frame='map'
[nav_interface_node-7] [INFO] [1790950156.724230546] [nav_interface_node]: Received goal request: Go to (14.10, 14.10)
[nav_interface_node-7] [INFO] [1790950156.725118086] [nav_interface_node]: BT goal_pose set to ORIGINAL action goal: (14.100, 14.100)
[nav_interface_node-7] [INFO] [1790950156.725187536] [nav_interface_node]: Executing Static BT for goal...
[nav_interface_node-7] [INFO] [1790950156.725216080] [nav_interface_node]: Running Behavior Tree...
[planner_server-4] [INFO] [1790950156.753026481] [planner_server]: Planning took 26 ms
[planner_server-4] [INFO] [1790950156.753739435] [planner_server]: Plan computed: 889 poses
[controller_node-5] [INFO] [1790950156.757681179] [controller_server]: Control enabled
[nav_interface_node-7] [INFO] [1790950156.765583351] [nav_interface_node]: [SetControlEnable] Control enabled
[nav_interface_node-7] [INFO] [1790950156.765715017] [nav_interface_node]: [NavStateTrack] Task started, monitoring navigation progress.
[nav_interface_node-7] [INFO] [1790950156.765737239] [nav_interface_node]: [NavStateTrack] onStart() entered.
[controller_node-5] [WARN] [1790950156.771076326] [controller_server]: path_copy succeeded.
[controller_node-5] [INFO] [1790950156.773450507] [controller_server]: Computed velocity commands: linear.x=0.02, linear.y=-0.03, angular.z=0.00
[planner_server-4] [INFO] [1790950156.891474895] [planner_server]: Planning took 24 ms
[planner_server-4] [INFO] [1790950156.891862470] [planner_server]: Plan computed: 889 poses
[sp_decision_node-6] [INFO] [1790950156.922480725] [sp_decision]: [NavToPose] Goal ACCEPTED – robot is navigating.
[planner_server-4] [INFO] [1790950157.019992863] [planner_server]: Planning took 22 ms
[planner_server-4] [INFO] [1790950157.020278878] [planner_server]: Plan computed: 889 poses
[planner_server-4] [INFO] [1790950157.148405094] [planner_server]: Planning took 21 ms
[planner_server-4] [INFO] [1790950157.148967496] [planner_server]: Plan computed: 888 poses
[rviz2-8] [INFO] [1790950157.162799120] [rviz2]: Trying to create a map of size 58 x 57 using 1 swatches
[rviz2-8] [INFO] [1790950157.194942806] [rviz2]: Trying to create a map of size 58 x 58 using 1 swatches
[planner_server-4] [INFO] [1790950157.279826563] [planner_server]: Planning took 21 ms
[planner_server-4] [INFO] [1790950157.280391440] [planner_server]: Plan computed: 888 poses
[planner_server-4] [INFO] [1790950157.409463896] [planner_server]: Planning took 23 ms
[planner_server-4] [INFO] [1790950157.409916743] [planner_server]: Plan computed: 888 poses
[rviz2-8] [INFO] [1790950157.512565089] [rviz2]: Trying to create a map of size 59 x 58 using 1 swatches
[planner_server-4] [INFO] [1790950157.536810232] [planner_server]: Planning took 20 ms
[planner_server-4] [INFO] [1790950157.537271204] [planner_server]: Plan computed: 888 poses
[planner_server-4] [INFO] [1790950157.669627868] [planner_server]: Planning took 22 ms
[planner_server-4] [INFO] [1790950157.670158200] [planner_server]: Plan computed: 887 poses
[rviz2-8] [INFO] [1790950157.737150682] [rviz2]: Trying to create a map of size 60 x 58 using 1 swatches
[planner_server-4] [INFO] [1790950157.800016541] [planner_server]: Planning took 21 ms
[planner_server-4] [INFO] [1790950157.800613227] [planner_server]: Plan computed: 886 poses
[rviz2-8] [INFO] [1790950157.897379981] [rviz2]: Trying to create a map of size 61 x 58 using 1 swatches
[planner_server-4] [INFO] [1790950157.928473425] [planner_server]: Planning took 22 ms
[planner_server-4] [INFO] [1790950157.928795357] [planner_server]: Plan computed: 885 poses
[rviz2-8] [INFO] [1790950158.025450081] [rviz2]: Trying to create a map of size 62 x 58 using 1 swatches
[planner_server-4] [INFO] [1790950158.058544849] [planner_server]: Planning took 22 ms
[planner_server-4] [INFO] [1790950158.059468777] [planner_server]: Plan computed: 884 poses
[rviz2-8] [INFO] [1790950158.090347728] [rviz2]: Trying to create a map of size 63 x 58 using 1 swatches
[rviz2-8] [INFO] [1790950158.155833119] [rviz2]: Trying to create a map of size 63 x 59 using 1 swatches
[planner_server-4] [INFO] [1790950158.187385521] [planner_server]: Planning took 20 ms
[planner_server-4] [INFO] [1790950158.187991986] [planner_server]: Plan computed: 883 poses
[rviz2-8] [INFO] [1790950158.218869547] [rviz2]: Trying to create a map of size 64 x 59 using 1 swatches
[planner_server-4] [INFO] [1790950158.317523060] [planner_server]: Planning took 21 ms
[planner_server-4] [INFO] [1790950158.318132300] [planner_server]: Plan computed: 881 poses
[rviz2-8] [INFO] [1790950158.345126787] [rviz2]: Trying to create a map of size 65 x 59 using 1 swatches
[rviz2-8] [INFO] [1790950158.379184756] [rviz2]: Trying to create a map of size 66 x 59 using 1 swatches
[planner_server-4] [INFO] [1790950158.448215282] [planner_server]: Planning took 21 ms
[planner_server-4] [INFO] [1790950158.448697433] [planner_server]: Plan computed: 881 poses
[rviz2-8] [INFO] [1790950158.537703105] [rviz2]: Trying to create a map of size 67 x 59 using 1 swatches
[planner_server-4] [INFO] [1790950158.578351453] [planner_server]: Planning took 21 ms
[planner_server-4] [INFO] [1790950158.578731413] [planner_server]: Plan computed: 880 poses
[rviz2-8] [INFO] [1790950158.633817239] [rviz2]: Trying to create a map of size 68 x 59 using 1 swatches
[rviz2-8] [INFO] [1790950158.665308918] [rviz2]: Trying to create a map of size 69 x 60 using 1 swatches
[planner_server-4] [INFO] [1790950158.708421034] [planner_server]: Planning took 21 ms
[planner_server-4] [INFO] [1790950158.709060541] [planner_server]: Plan computed: 878 poses
[controller_node-5] [WARN] [1790950158.771219176] [controller_server]: path_copy succeeded.
[controller_node-5] [INFO] [1790950158.792616006] [controller_server]: Computed velocity commands: linear.x=-0.46, linear.y=-0.22, angular.z=0.00
[rviz2-8] [INFO] [1790950158.793689529] [rviz2]: Trying to create a map of size 70 x 60 using 1 swatches
[rviz2-8] [INFO] [1790950158.826421679] [rviz2]: Trying to create a map of size 71 x 60 using 1 swatches
[planner_server-4] [INFO] [1790950158.839352758] [planner_server]: Planning took 22 ms
[planner_server-4] [INFO] [1790950158.839912295] [planner_server]: Plan computed: 876 poses
[rviz2-8] [INFO] [1790950158.952569714] [rviz2]: Trying to create a map of size 72 x 60 using 1 swatches
[planner_server-4] [INFO] [1790950158.968001401] [planner_server]: Planning took 21 ms
[planner_server-4] [INFO] [1790950158.968405146] [planner_server]: Plan computed: 875 poses
[rviz2-8] [INFO] [1790950159.081696472] [rviz2]: Trying to create a map of size 73 x 60 using 1 swatches
[planner_server-4] [INFO] [1790950159.098651980] [planner_server]: Planning took 21 ms
[planner_server-4] [INFO] [1790950159.099332763] [planner_server]: Plan computed: 874 poses
[rviz2-8] [INFO] [1790950159.178523666] [rviz2]: Trying to create a map of size 74 x 61 using 1 swatches
[rviz2-8] [INFO] [1790950159.209083637] [rviz2]: Trying to create a map of size 75 x 61 using 1 swatches
[planner_server-4] [INFO] [1790950159.228177400] [planner_server]: Planning took 21 ms
[planner_server-4] [INFO] [1790950159.228406007] [planner_server]: Plan computed: 872 poses
[rviz2-8] [INFO] [1790950159.273261200] [rviz2]: Trying to create a map of size 76 x 61 using 1 swatches
[rviz2-8] [INFO] [1790950159.341713599] [rviz2]: Trying to create a map of size 77 x 61 using 1 swatches
[planner_server-4] [INFO] [1790950159.359302561] [planner_server]: Planning took 22 ms
[planner_server-4] [INFO] [1790950159.359826151] [planner_server]: Plan computed: 871 poses
[rviz2-8] [INFO] [1790950159.412681739] [rviz2]: Trying to create a map of size 78 x 61 using 1 swatches
[planner_server-4] [INFO] [1790950159.487166157] [planner_server]: Planning took 20 ms
[planner_server-4] [INFO] [1790950159.487638581] [planner_server]: Plan computed: 869 poses
[rviz2-8] [INFO] [1790950159.562022661] [rviz2]: Trying to create a map of size 79 x 61 using 1 swatches
[planner_server-4] [INFO] [1790950159.617177530] [planner_server]: Planning took 20 ms
[planner_server-4] [INFO] [1790950159.617517857] [planner_server]: Plan computed: 868 poses
[rviz2-8] [INFO] [1790950159.625626625] [rviz2]: Trying to create a map of size 80 x 61 using 1 swatches
[planner_server-4] [INFO] [1790950159.749468868] [planner_server]: Planning took 20 ms
[planner_server-4] [INFO] [1790950159.749963473] [planner_server]: Plan computed: 867 poses
[planner_server-4] [INFO] [1790950159.878057660] [planner_server]: Planning took 21 ms
[planner_server-4] [INFO] [1790950159.878650779] [planner_server]: Plan computed: 866 poses
[rviz2-8] [INFO] [1790950159.885358748] [rviz2]: Trying to create a map of size 80 x 62 using 1 swatches
[planner_server-4] [INFO] [1790950160.009290097] [planner_server]: Planning took 22 ms
[planner_server-4] [INFO] [1790950160.009644661] [planner_server]: Plan computed: 865 poses
[planner_server-4] [INFO] [1790950160.136005767] [planner_server]: Planning took 19 ms
[planner_server-4] [INFO] [1790950160.136560325] [planner_server]: Plan computed: 865 poses
[rviz2-8] [INFO] [1790950160.169403061] [rviz2]: Trying to create a map of size 80 x 63 using 1 swatches
[planner_server-4] [INFO] [1790950160.269597419] [planner_server]: Planning took 23 ms
[planner_server-4] [INFO] [1790950160.270234110] [planner_server]: Plan computed: 864 poses
[planner_server-4] [INFO] [1790950160.396372448] [planner_server]: Planning took 19 ms
[planner_server-4] [INFO] [1790950160.396889576] [planner_server]: Plan computed: 863 poses
[planner_server-4] [INFO] [1790950160.527867253] [planner_server]: Planning took 21 ms
[planner_server-4] [INFO] [1790950160.528289353] [planner_server]: Plan computed: 863 poses
[rviz2-8] [INFO] [1790950160.585460494] [rviz2]: Trying to create a map of size 80 x 64 using 1 swatches
[rviz2-8] [INFO] [1790950160.649405612] [rviz2]: Trying to create a map of size 80 x 65 using 1 swatches
[planner_server-4] [INFO] [1790950160.657157473] [planner_server]: Planning took 20 ms
[planner_server-4] [INFO] [1790950160.657685020] [planner_server]: Plan computed: 862 poses
[planner_server-4] [INFO] [1790950160.788382067] [planner_server]: Planning took 21 ms
[planner_server-4] [INFO] [1790950160.788939991] [planner_server]: Plan computed: 861 poses
[controller_node-5] [WARN] [1790950160.791019932] [controller_server]: path_copy succeeded.
[rviz2-8] [INFO] [1790950160.810180970] [rviz2]: Trying to create a map of size 80 x 66 using 1 swatches
[controller_node-5] [INFO] [1790950160.812933208] [controller_server]: Computed velocity commands: linear.x=-0.55, linear.y=-0.47, angular.z=0.00
[planner_server-4] [INFO] [1790950160.918442413] [planner_server]: Planning took 21 ms
[planner_server-4] [INFO] [1790950160.919058675] [planner_server]: Plan computed: 860 poses
[rviz2-8] [INFO] [1790950161.033085680] [rviz2]: Trying to create a map of size 80 x 67 using 1 swatches
[planner_server-4] [INFO] [1790950161.048291399] [planner_server]: Planning took 20 ms
[planner_server-4] [INFO] [1790950161.048807173] [planner_server]: Plan computed: 859 poses
[rviz2-8] [INFO] [1790950161.161174698] [rviz2]: Trying to create a map of size 80 x 68 using 1 swatches
[planner_server-4] [INFO] [1790950161.179793888] [planner_server]: Planning took 22 ms
[planner_server-4] [INFO] [1790950161.180438845] [planner_server]: Plan computed: 858 poses
[planner_server-4] [INFO] [1790950161.306599406] [planner_server]: Planning took 20 ms
[planner_server-4] [INFO] [1790950161.307277214] [planner_server]: Plan computed: 857 poses
[rviz2-8] [INFO] [1790950161.385284047] [rviz2]: Trying to create a map of size 80 x 69 using 1 swatches
[planner_server-4] [INFO] [1790950161.439379631] [planner_server]: Planning took 20 ms
[planner_server-4] [INFO] [1790950161.439868335] [planner_server]: Plan computed: 856 poses
[rviz2-8] [INFO] [1790950161.451068647] [rviz2]: Trying to create a map of size 80 x 70 using 1 swatches
[rviz2-8] [INFO] [1790950161.486749400] [rviz2]: Trying to create a map of size 80 x 71 using 1 swatches
[planner_server-4] [INFO] [1790950161.567170482] [planner_server]: Planning took 20 ms
[planner_server-4] [INFO] [1790950161.567597200] [planner_server]: Plan computed: 855 poses
[planner_server-4] [INFO] [1790950161.699361445] [planner_server]: Planning took 22 ms
[planner_server-4] [INFO] [1790950161.699948052] [planner_server]: Plan computed: 853 poses
[rviz2-8] [INFO] [1790950161.801782057] [rviz2]: Trying to create a map of size 80 x 73 using 1 swatches
[planner_server-4] [INFO] [1790950161.827948585] [planner_server]: Planning took 21 ms
[planner_server-4] [INFO] [1790950161.828499276] [planner_server]: Plan computed: 853 poses
[rviz2-8] [INFO] [1790950161.896777129] [rviz2]: Trying to create a map of size 80 x 74 using 1 swatches
[rviz2-8] [INFO] [1790950161.928976893] [rviz2]: Trying to create a map of size 80 x 75 using 1 swatches
[planner_server-4] [INFO] [1790950161.957328369] [planner_server]: Planning took 20 ms
[planner_server-4] [INFO] [1790950161.957859663] [planner_server]: Plan computed: 852 poses
[planner_server-4] [INFO] [1790950162.087069309] [planner_server]: Planning took 20 ms
[planner_server-4] [INFO] [1790950162.087515213] [planner_server]: Plan computed: 851 poses
[rviz2-8] [INFO] [1790950162.154017535] [rviz2]: Trying to create a map of size 80 x 77 using 1 swatches
[planner_server-4] [INFO] [1790950162.220092058] [planner_server]: Planning took 23 ms
[planner_server-4] [INFO] [1790950162.220520329] [planner_server]: Plan computed: 849 poses
[planner_server-4] [INFO] [1790950162.347380320] [planner_server]: Planning took 20 ms
[planner_server-4] [INFO] [1790950162.348392514] [planner_server]: Plan computed: 848 poses
[rviz2-8] [INFO] [1790950162.409684069] [rviz2]: Trying to create a map of size 80 x 78 using 1 swatches
[rviz2-8] [INFO] [1790950162.473708125] [rviz2]: Trying to create a map of size 80 x 80 using 1 swatches
[planner_server-4] [INFO] [1790950162.479328477] [planner_server]: Planning took 22 ms
[planner_server-4] [INFO] [1790950162.479747781] [planner_server]: Plan computed: 847 poses
[planner_server-4] [INFO] [1790950162.610363851] [planner_server]: Planning took 23 ms
[planner_server-4] [INFO] [1790950162.610991104] [planner_server]: Plan computed: 846 poses
[planner_server-4] [INFO] [1790950162.738742462] [planner_server]: Planning took 22 ms
[planner_server-4] [INFO] [1790950162.739563087] [planner_server]: Plan computed: 845 poses
[controller_node-5] [WARN] [1790950162.791215160] [controller_server]: path_copy succeeded.
[controller_node-5] [INFO] [1790950162.832641174] [controller_server]: Computed velocity commands: linear.x=-0.10, linear.y=0.72, angular.z=0.00
[planner_server-4] [INFO] [1790950162.867447394] [planner_server]: Planning took 20 ms
[planner_server-4] [INFO] [1790950162.867842543] [planner_server]: Plan computed: 845 poses
[planner_server-4] [INFO] [1790950162.998052371] [planner_server]: Planning took 21 ms
[planner_server-4] [INFO] [1790950162.998570199] [planner_server]: Plan computed: 844 poses
[planner_server-4] [INFO] [1790950163.131406331] [planner_server]: Planning took 25 ms
[planner_server-4] [INFO] [1790950163.131823010] [planner_server]: Plan computed: 844 poses
[planner_server-4] [INFO] [1790950163.260830218] [planner_server]: Planning took 22 ms
[planner_server-4] [INFO] [1790950163.261276704] [planner_server]: Plan computed: 843 poses
[planner_server-4] [INFO] [1790950163.387831404] [planner_server]: Planning took 21 ms
[planner_server-4] [INFO] [1790950163.388100027] [planner_server]: Plan computed: 842 poses
[planner_server-4] [INFO] [1790950163.519989086] [planner_server]: Planning took 21 ms
[planner_server-4] [INFO] [1790950163.520457763] [planner_server]: Plan computed: 842 poses
[planner_server-4] [INFO] [1790950163.647366786] [planner_server]: Planning took 20 ms
[planner_server-4] [INFO] [1790950163.647729295] [planner_server]: Plan computed: 841 poses
[planner_server-4] [INFO] [1790950163.778153544] [planner_server]: Planning took 20 ms
[planner_server-4] [INFO] [1790950163.778617612] [planner_server]: Plan computed: 840 poses
[planner_server-4] [INFO] [1790950163.906844411] [planner_server]: Planning took 19 ms
[planner_server-4] [INFO] [1790950163.907242896] [planner_server]: Plan computed: 839 poses
[planner_server-4] [INFO] [1790950164.037226301] [planner_server]: Planning took 20 ms
[planner_server-4] [INFO] [1790950164.037673928] [planner_server]: Plan computed: 837 poses
[planner_server-4] [INFO] [1790950164.166125789] [planner_server]: Planning took 19 ms
[planner_server-4] [INFO] [1790950164.166539052] [planner_server]: Plan computed: 835 poses
[planner_server-4] [INFO] [1790950164.297360565] [planner_server]: Planning took 20 ms
[planner_server-4] [INFO] [1790950164.297821688] [planner_server]: Plan computed: 833 poses
[planner_server-4] [INFO] [1790950164.426182939] [planner_server]: Planning took 20 ms
[planner_server-4] [INFO] [1790950164.426556648] [planner_server]: Plan computed: 832 poses
[planner_server-4] [INFO] [1790950164.557623490] [planner_server]: Planning took 21 ms
[planner_server-4] [INFO] [1790950164.558197714] [planner_server]: Plan computed: 829 poses
[planner_server-4] [INFO] [1790950164.687837196] [planner_server]: Planning took 20 ms
[planner_server-4] [INFO] [1790950164.688264054] [planner_server]: Plan computed: 826 poses
[controller_node-5] [WARN] [1790950164.811427161] [controller_server]: path_copy succeeded.
[planner_server-4] [INFO] [1790950164.816956655] [planner_server]: Planning took 20 ms
[planner_server-4] [INFO] [1790950164.817730633] [planner_server]: Plan computed: 825 poses
[controller_node-5] [INFO] [1790950164.851982261] [controller_server]: Computed velocity commands: linear.x=1.15, linear.y=-0.13, angular.z=0.00
[planner_server-4] [INFO] [1790950164.947191952] [planner_server]: Planning took 20 ms
[planner_server-4] [INFO] [1790950164.947586650] [planner_server]: Plan computed: 823 poses
[planner_server-4] [INFO] [1790950165.076229909] [planner_server]: Planning took 20 ms
[planner_server-4] [INFO] [1790950165.076810765] [planner_server]: Plan computed: 820 poses
[planner_server-4] [INFO] [1790950165.207368165] [planner_server]: Planning took 19 ms
[planner_server-4] [INFO] [1790950165.207662185] [planner_server]: Plan computed: 818 poses
[planner_server-4] [INFO] [1790950165.338875802] [planner_server]: Planning took 20 ms
[planner_server-4] [INFO] [1790950165.339406796] [planner_server]: Plan computed: 817 poses
[planner_server-4] [INFO] [1790950165.469259327] [planner_server]: Planning took 22 ms
[planner_server-4] [INFO] [1790950165.469653865] [planner_server]: Plan computed: 813 poses
[planner_server-4] [INFO] [1790950165.597242581] [planner_server]: Planning took 20 ms
[planner_server-4] [INFO] [1790950165.597715797] [planner_server]: Plan computed: 812 poses
[planner_server-4] [INFO] [1790950165.727394583] [planner_server]: Planning took 20 ms
[planner_server-4] [INFO] [1790950165.727848352] [planner_server]: Plan computed: 811 poses
[planner_server-4] [INFO] [1790950165.859631415] [planner_server]: Planning took 20 ms
[planner_server-4] [INFO] [1790950165.860276391] [planner_server]: Plan computed: 807 poses
[planner_server-4] [INFO] [1790950165.987527637] [planner_server]: Planning took 19 ms
[planner_server-4] [INFO] [1790950165.987972078] [planner_server]: Plan computed: 806 poses
[planner_server-4] [INFO] [1790950166.116883861] [planner_server]: Planning took 19 ms
[planner_server-4] [INFO] [1790950166.117453126] [planner_server]: Plan computed: 807 poses
[planner_server-4] [INFO] [1790950166.249196410] [planner_server]: Planning took 21 ms
[planner_server-4] [INFO] [1790950166.249708308] [planner_server]: Plan computed: 805 poses
[planner_server-4] [INFO] [1790950166.376226807] [planner_server]: Planning took 19 ms
[planner_server-4] [INFO] [1790950166.376641433] [planner_server]: Plan computed: 804 poses
[planner_server-4] [INFO] [1790950166.510414780] [planner_server]: Planning took 23 ms
[planner_server-4] [INFO] [1790950166.511004684] [planner_server]: Plan computed: 803 poses
[planner_server-4] [INFO] [1790950166.638937944] [planner_server]: Planning took 21 ms
[planner_server-4] [INFO] [1790950166.639415488] [planner_server]: Plan computed: 802 poses
[planner_server-4] [INFO] [1790950166.768522175] [planner_server]: Planning took 20 ms
[planner_server-4] [INFO] [1790950166.769201016] [planner_server]: Plan computed: 801 poses
[controller_node-5] [WARN] [1790950166.830876140] [controller_server]: path_copy succeeded.
[controller_node-5] [INFO] [1790950166.853018821] [controller_server]: Computed velocity commands: linear.x=-0.41, linear.y=-1.01, angular.z=0.00
[planner_server-4] [INFO] [1790950166.896254011] [planner_server]: Planning took 19 ms
[planner_server-4] [INFO] [1790950166.896660261] [planner_server]: Plan computed: 800 poses
[planner_server-4] [INFO] [1790950167.027682982] [planner_server]: Planning took 21 ms
[planner_server-4] [INFO] [1790950167.028544954] [planner_server]: Plan computed: 799 poses
[planner_server-4] [INFO] [1790950167.159849634] [planner_server]: Planning took 22 ms
[planner_server-4] [INFO] [1790950167.160264650] [planner_server]: Plan computed: 798 poses
[planner_server-4] [INFO] [1790950167.288881652] [planner_server]: Planning took 22 ms
[planner_server-4] [INFO] [1790950167.289228231] [planner_server]: Plan computed: 796 poses
[planner_server-4] [INFO] [1790950167.417537437] [planner_server]: Planning took 20 ms
[planner_server-4] [INFO] [1790950167.418121490] [planner_server]: Plan computed: 795 poses
[planner_server-4] [INFO] [1790950167.547198319] [planner_server]: Planning took 20 ms
[planner_server-4] [INFO] [1790950167.547487971] [planner_server]: Plan computed: 795 poses
[planner_server-4] [INFO] [1790950167.678694958] [planner_server]: Planning took 21 ms
[planner_server-4] [INFO] [1790950167.679145090] [planner_server]: Plan computed: 794 poses
[planner_server-4] [INFO] [1790950167.808321772] [planner_server]: Planning took 21 ms
[planner_server-4] [INFO] [1790950167.808855350] [planner_server]: Plan computed: 793 poses
[planner_server-4] [INFO] [1790950167.936085307] [planner_server]: Planning took 19 ms
[planner_server-4] [INFO] [1790950167.936501465] [planner_server]: Plan computed: 792 poses
[planner_server-4] [INFO] [1790950168.068562460] [planner_server]: Planning took 21 ms
[planner_server-4] [INFO] [1790950168.069218277] [planner_server]: Plan computed: 791 poses
[planner_server-4] [INFO] [1790950168.198728861] [planner_server]: Planning took 19 ms
[planner_server-4] [INFO] [1790950168.199398363] [planner_server]: Plan computed: 789 poses
[planner_server-4] [INFO] [1790950168.326557980] [planner_server]: Planning took 19 ms
[planner_server-4] [INFO] [1790950168.326954772] [planner_server]: Plan computed: 788 poses
[planner_server-4] [INFO] [1790950168.461194962] [planner_server]: Planning took 21 ms
[planner_server-4] [INFO] [1790950168.462545458] [planner_server]: Plan computed: 787 poses
[planner_server-4] [INFO] [1790950168.586178760] [planner_server]: Planning took 19 ms
[planner_server-4] [INFO] [1790950168.586912111] [planner_server]: Plan computed: 785 poses
[planner_server-4] [INFO] [1790950168.716663917] [planner_server]: Planning took 19 ms
[planner_server-4] [INFO] [1790950168.717156408] [planner_server]: Plan computed: 784 poses
[rviz2-8] [INFO] [1790950168.841268413] [rviz2]: Trying to create a map of size 80 x 79 using 1 swatches
[planner_server-4] [INFO] [1790950168.845246044] [planner_server]: Planning took 18 ms
[planner_server-4] [INFO] [1790950168.845596400] [planner_server]: Plan computed: 783 poses
[controller_node-5] [WARN] [1790950168.851463465] [controller_server]: path_copy succeeded.
[controller_node-5] [INFO] [1790950168.853042078] [controller_server]: Computed velocity commands: linear.x=-0.00, linear.y=0.65, angular.z=0.00
[rviz2-8] [INFO] [1790950168.905801795] [rviz2]: Trying to create a map of size 80 x 78 using 1 swatches
[rviz2-8] [INFO] [1790950168.937162331] [rviz2]: Trying to create a map of size 80 x 77 using 1 swatches
[planner_server-4] [INFO] [1790950168.976298402] [planner_server]: Planning took 19 ms
[planner_server-4] [INFO] [1790950168.976621817] [planner_server]: Plan computed: 782 poses
[rviz2-8] [INFO] [1790950169.043870134] [rviz2]: Trying to create a map of size 80 x 76 using 1 swatches
[rviz2-8] [INFO] [1790950169.099660726] [rviz2]: Trying to create a map of size 80 x 75 using 1 swatches
[planner_server-4] [INFO] [1790950169.107604456] [planner_server]: Planning took 21 ms
[planner_server-4] [INFO] [1790950169.108462822] [planner_server]: Plan computed: 780 poses
[rviz2-8] [INFO] [1790950169.226569393] [rviz2]: Trying to create a map of size 80 x 74 using 1 swatches
[planner_server-4] [INFO] [1790950169.236216821] [planner_server]: Planning took 19 ms
[planner_server-4] [INFO] [1790950169.236527933] [planner_server]: Plan computed: 779 poses
[rviz2-8] [INFO] [1790950169.353880514] [rviz2]: Trying to create a map of size 80 x 73 using 1 swatches
[planner_server-4] [INFO] [1790950169.367267847] [planner_server]: Planning took 20 ms
[planner_server-4] [INFO] [1790950169.367884841] [planner_server]: Plan computed: 777 poses
[rviz2-8] [INFO] [1790950169.418300070] [rviz2]: Trying to create a map of size 80 x 72 using 1 swatches
[planner_server-4] [INFO] [1790950169.497952048] [planner_server]: Planning took 20 ms
[planner_server-4] [INFO] [1790950169.498364129] [planner_server]: Plan computed: 776 poses
[rviz2-8] [INFO] [1790950169.513734772] [rviz2]: Trying to create a map of size 80 x 71 using 1 swatches
[planner_server-4] [INFO] [1790950169.625957597] [planner_server]: Planning took 19 ms
[planner_server-4] [INFO] [1790950169.626457702] [planner_server]: Plan computed: 774 poses
[rviz2-8] [INFO] [1790950169.673138638] [rviz2]: Trying to create a map of size 80 x 70 using 1 swatches
[rviz2-8] [INFO] [1790950169.705576880] [rviz2]: Trying to create a map of size 80 x 69 using 1 swatches
[planner_server-4] [INFO] [1790950169.757832134] [planner_server]: Planning took 20 ms
[planner_server-4] [INFO] [1790950169.758275934] [planner_server]: Plan computed: 773 poses
[rviz2-8] [INFO] [1790950169.802226938] [rviz2]: Trying to create a map of size 80 x 68 using 1 swatches
[planner_server-4] [INFO] [1790950169.886104172] [planner_server]: Planning took 19 ms
[planner_server-4] [INFO] [1790950169.886425954] [planner_server]: Plan computed: 772 poses
[rviz2-8] [INFO] [1790950169.928829148] [rviz2]: Trying to create a map of size 80 x 67 using 1 swatches
[planner_server-4] [INFO] [1790950170.017714425] [planner_server]: Planning took 19 ms
[planner_server-4] [INFO] [1790950170.018209691] [planner_server]: Plan computed: 771 poses
[rviz2-8] [INFO] [1790950170.091266799] [rviz2]: Trying to create a map of size 80 x 66 using 1 swatches
[planner_server-4] [INFO] [1790950170.147375582] [planner_server]: Planning took 20 ms
[planner_server-4] [INFO] [1790950170.147608367] [planner_server]: Plan computed: 770 poses
[rviz2-8] [INFO] [1790950170.217004637] [rviz2]: Trying to create a map of size 80 x 65 using 1 swatches
[planner_server-4] [INFO] [1790950170.277677989] [planner_server]: Planning took 19 ms
[planner_server-4] [INFO] [1790950170.278089909] [planner_server]: Plan computed: 769 poses
[planner_server-4] [INFO] [1790950170.406557594] [planner_server]: Planning took 20 ms
[planner_server-4] [INFO] [1790950170.406833491] [planner_server]: Plan computed: 768 poses
[rviz2-8] [INFO] [1790950170.411090454] [rviz2]: Trying to create a map of size 80 x 64 using 1 swatches
[planner_server-4] [INFO] [1790950170.538015553] [planner_server]: Planning took 20 ms
[planner_server-4] [INFO] [1790950170.538396535] [planner_server]: Plan computed: 767 poses
[rviz2-8] [INFO] [1790950170.601472973] [rviz2]: Trying to create a map of size 80 x 63 using 1 swatches
[planner_server-4] [INFO] [1790950170.667351732] [planner_server]: Planning took 21 ms
[planner_server-4] [INFO] [1790950170.667738636] [planner_server]: Plan computed: 767 poses
[rviz2-8] [INFO] [1790950170.761577080] [rviz2]: Trying to create a map of size 80 x 62 using 1 swatches
[planner_server-4] [INFO] [1790950170.795310335] [planner_server]: Planning took 19 ms
[planner_server-4] [INFO] [1790950170.795673936] [planner_server]: Plan computed: 765 poses
[controller_node-5] [WARN] [1790950170.871358917] [controller_server]: path_copy succeeded.
[controller_node-5] [INFO] [1790950170.872888598] [controller_server]: Computed velocity commands: linear.x=-0.24, linear.y=0.61, angular.z=0.00
[planner_server-4] [INFO] [1790950170.929850971] [planner_server]: Planning took 20 ms
[planner_server-4] [INFO] [1790950170.930372697] [planner_server]: Plan computed: 764 poses
[rviz2-8] [INFO] [1790950170.953254311] [rviz2]: Trying to create a map of size 80 x 61 using 1 swatches
[planner_server-4] [INFO] [1790950171.056583320] [planner_server]: Planning took 19 ms
[planner_server-4] [INFO] [1790950171.056860749] [planner_server]: Plan computed: 763 poses
[planner_server-4] [INFO] [1790950171.186151334] [planner_server]: Planning took 19 ms
[planner_server-4] [INFO] [1790950171.186579795] [planner_server]: Plan computed: 762 poses
[rviz2-8] [INFO] [1790950171.210097941] [rviz2]: Trying to create a map of size 80 x 60 using 1 swatches
[planner_server-4] [INFO] [1790950171.315864881] [planner_server]: Planning took 19 ms
[planner_server-4] [INFO] [1790950171.316196230] [planner_server]: Plan computed: 761 poses
[planner_server-4] [INFO] [1790950171.447429780] [planner_server]: Planning took 19 ms
[planner_server-4] [INFO] [1790950171.447817465] [planner_server]: Plan computed: 760 poses
[planner_server-4] [INFO] [1790950171.575923985] [planner_server]: Planning took 19 ms
[planner_server-4] [INFO] [1790950171.576272266] [planner_server]: Plan computed: 759 poses
[planner_server-4] [INFO] [1790950171.706718854] [planner_server]: Planning took 19 ms
[planner_server-4] [INFO] [1790950171.707912958] [planner_server]: Plan computed: 758 poses
[planner_server-4] [INFO] [1790950171.840473179] [planner_server]: Planning took 21 ms
[planner_server-4] [INFO] [1790950171.840825348] [planner_server]: Plan computed: 757 poses
[planner_server-4] [INFO] [1790950171.966037312] [planner_server]: Planning took 18 ms
[planner_server-4] [INFO] [1790950171.966545533] [planner_server]: Plan computed: 756 poses
[rviz2-8] [INFO] [1790950172.041412648] [rviz2]: Trying to create a map of size 80 x 59 using 1 swatches
[planner_server-4] [INFO] [1790950172.097374747] [planner_server]: Planning took 19 ms
[planner_server-4] [INFO] [1790950172.097953550] [planner_server]: Plan computed: 754 poses
[planner_server-4] [INFO] [1790950172.227638654] [planner_server]: Planning took 20 ms
[planner_server-4] [INFO] [1790950172.227931241] [planner_server]: Plan computed: 753 poses
[planner_server-4] [INFO] [1790950172.356811104] [planner_server]: Planning took 19 ms
[planner_server-4] [INFO] [1790950172.357265303] [planner_server]: Plan computed: 752 poses
[planner_server-4] [INFO] [1790950172.485447932] [planner_server]: Planning took 19 ms
[planner_server-4] [INFO] [1790950172.485749947] [planner_server]: Plan computed: 751 poses
[planner_server-4] [INFO] [1790950172.617001431] [planner_server]: Planning took 20 ms
[planner_server-4] [INFO] [1790950172.617613065] [planner_server]: Plan computed: 749 poses
[planner_server-4] [INFO] [1790950172.747067668] [planner_server]: Planning took 19 ms
[planner_server-4] [INFO] [1790950172.747538669] [planner_server]: Plan computed: 748 poses
[planner_server-4] [INFO] [1790950172.876587622] [planner_server]: Planning took 20 ms
[planner_server-4] [INFO] [1790950172.877165513] [planner_server]: Plan computed: 746 poses
[controller_node-5] [WARN] [1790950172.891446118] [controller_server]: path_copy succeeded.
[controller_node-5] [INFO] [1790950172.892870693] [controller_server]: Computed velocity commands: linear.x=0.65, linear.y=0.45, angular.z=0.00
[rviz2-8] [INFO] [1790950172.937616930] [rviz2]: Trying to create a map of size 80 x 60 using 1 swatches
[planner_server-4] [INFO] [1790950173.006552920] [planner_server]: Planning took 19 ms
[planner_server-4] [INFO] [1790950173.007325996] [planner_server]: Plan computed: 745 poses
[planner_server-4] [INFO] [1790950173.138294922] [planner_server]: Planning took 20 ms
[planner_server-4] [INFO] [1790950173.138612847] [planner_server]: Plan computed: 744 poses
[planner_server-4] [INFO] [1790950173.266599835] [planner_server]: Planning took 20 ms
[planner_server-4] [INFO] [1790950173.267238770] [planner_server]: Plan computed: 743 poses
[planner_server-4] [INFO] [1790950173.397288031] [planner_server]: Planning took 20 ms
[planner_server-4] [INFO] [1790950173.397696695] [planner_server]: Plan computed: 742 poses
[planner_server-4] [INFO] [1790950173.525459489] [planner_server]: Planning took 18 ms
[planner_server-4] [INFO] [1790950173.525825323] [planner_server]: Plan computed: 739 poses
[planner_server-4] [INFO] [1790950173.656558103] [planner_server]: Planning took 20 ms
[planner_server-4] [INFO] [1790950173.657207648] [planner_server]: Plan computed: 738 poses
[planner_server-4] [INFO] [1790950173.787732097] [planner_server]: Planning took 21 ms
[planner_server-4] [INFO] [1790950173.788368297] [planner_server]: Plan computed: 737 poses
[planner_server-4] [INFO] [1790950173.917743192] [planner_server]: Planning took 21 ms
[planner_server-4] [INFO] [1790950173.918268745] [planner_server]: Plan computed: 735 poses
[planner_server-4] [INFO] [1790950174.047393923] [planner_server]: Planning took 20 ms
[planner_server-4] [INFO] [1790950174.047859724] [planner_server]: Plan computed: 733 poses
[planner_server-4] [INFO] [1790950174.179512861] [planner_server]: Planning took 21 ms
[planner_server-4] [INFO] [1790950174.180251383] [planner_server]: Plan computed: 732 poses
[planner_server-4] [INFO] [1790950174.306162337] [planner_server]: Planning took 19 ms
[planner_server-4] [INFO] [1790950174.307364205] [planner_server]: Plan computed: 731 poses
[planner_server-4] [INFO] [1790950174.436918657] [planner_server]: Planning took 19 ms
[planner_server-4] [INFO] [1790950174.437320148] [planner_server]: Plan computed: 730 poses
[rviz2-8] [INFO] [1790950174.441869959] [rviz2]: Trying to create a map of size 80 x 59 using 1 swatches
[planner_server-4] [INFO] [1790950174.565514044] [planner_server]: Planning took 19 ms
[planner_server-4] [INFO] [1790950174.565910335] [planner_server]: Plan computed: 729 poses
[planner_server-4] [INFO] [1790950174.696754299] [planner_server]: Planning took 19 ms
[planner_server-4] [INFO] [1790950174.697304798] [planner_server]: Plan computed: 728 poses
[planner_server-4] [INFO] [1790950174.825403376] [planner_server]: Planning took 18 ms
[planner_server-4] [INFO] [1790950174.825872714] [planner_server]: Plan computed: 726 poses
[controller_node-5] [WARN] [1790950174.910560882] [controller_server]: path_copy succeeded.
[controller_node-5] [INFO] [1790950174.911823434] [controller_server]: Computed velocity commands: linear.x=0.66, linear.y=-0.12, angular.z=0.00
[planner_server-4] [INFO] [1790950174.955570653] [planner_server]: Planning took 18 ms
[planner_server-4] [INFO] [1790950174.955895100] [planner_server]: Plan computed: 725 poses
[planner_server-4] [INFO] [1790950175.085395561] [planner_server]: Planning took 18 ms
[planner_server-4] [INFO] [1790950175.085902078] [planner_server]: Plan computed: 723 poses
[planner_server-4] [INFO] [1790950175.215529827] [planner_server]: Planning took 19 ms
[planner_server-4] [INFO] [1790950175.216141381] [planner_server]: Plan computed: 722 poses
[planner_server-4] [INFO] [1790950175.347600848] [planner_server]: Planning took 20 ms
[planner_server-4] [INFO] [1790950175.347960090] [planner_server]: Plan computed: 721 poses
[planner_server-4] [INFO] [1790950175.476099714] [planner_server]: Planning took 20 ms
[planner_server-4] [INFO] [1790950175.476373927] [planner_server]: Plan computed: 720 poses
[rviz2-8] [INFO] [1790950175.497941044] [rviz2]: Trying to create a map of size 80 x 60 using 1 swatches
[planner_server-4] [INFO] [1790950175.607452721] [planner_server]: Planning took 18 ms
[planner_server-4] [INFO] [1790950175.607885099] [planner_server]: Plan computed: 719 poses
[planner_server-4] [INFO] [1790950175.736504212] [planner_server]: Planning took 19 ms
[planner_server-4] [INFO] [1790950175.736914640] [planner_server]: Plan computed: 718 poses
[rviz2-8] [INFO] [1790950175.785676900] [rviz2]: Trying to create a map of size 80 x 61 using 1 swatches
[planner_server-4] [INFO] [1790950175.868248169] [planner_server]: Planning took 21 ms
[planner_server-4] [INFO] [1790950175.868700816] [planner_server]: Plan computed: 717 poses
[rviz2-8] [INFO] [1790950175.945606181] [rviz2]: Trying to create a map of size 80 x 62 using 1 swatches
[planner_server-4] [INFO] [1790950175.995504011] [planner_server]: Planning took 18 ms
[planner_server-4] [INFO] [1790950175.995876418] [planner_server]: Plan computed: 715 poses
[planner_server-4] [INFO] [1790950176.128212703] [planner_server]: Planning took 21 ms
[planner_server-4] [INFO] [1790950176.129183890] [planner_server]: Plan computed: 714 poses
[rviz2-8] [INFO] [1790950176.171349911] [rviz2]: Trying to create a map of size 80 x 63 using 1 swatches
[planner_server-4] [INFO] [1790950176.255818693] [planner_server]: Planning took 19 ms
[planner_server-4] [INFO] [1790950176.256241765] [planner_server]: Plan computed: 714 poses
[rviz2-8] [INFO] [1790950176.296477645] [rviz2]: Trying to create a map of size 80 x 64 using 1 swatches
[rviz2-8] [INFO] [1790950176.328994356] [rviz2]: Trying to create a map of size 80 x 65 using 1 swatches
[planner_server-4] [INFO] [1790950176.386304488] [planner_server]: Planning took 19 ms
[planner_server-4] [INFO] [1790950176.386707332] [planner_server]: Plan computed: 711 poses
[planner_server-4] [INFO] [1790950176.518806866] [planner_server]: Planning took 20 ms
[planner_server-4] [INFO] [1790950176.519455158] [planner_server]: Plan computed: 710 poses
[rviz2-8] [INFO] [1790950176.553978883] [rviz2]: Trying to create a map of size 80 x 66 using 1 swatches
[planner_server-4] [INFO] [1790950176.645030306] [planner_server]: Planning took 18 ms
[planner_server-4] [INFO] [1790950176.645477373] [planner_server]: Plan computed: 710 poses
[rviz2-8] [INFO] [1790950176.650260961] [rviz2]: Trying to create a map of size 80 x 67 using 1 swatches
[rviz2-8] [INFO] [1790950176.682396509] [rviz2]: Trying to create a map of size 80 x 68 using 1 swatches
[planner_server-4] [INFO] [1790950176.775415683] [planner_server]: Planning took 18 ms
[planner_server-4] [INFO] [1790950176.775735772] [planner_server]: Plan computed: 708 poses
[rviz2-8] [INFO] [1790950176.842017242] [rviz2]: Trying to create a map of size 80 x 69 using 1 swatches
[rviz2-8] [INFO] [1790950176.905104317] [rviz2]: Trying to create a map of size 80 x 70 using 1 swatches
[planner_server-4] [INFO] [1790950176.905723305] [planner_server]: Planning took 18 ms
[planner_server-4] [INFO] [1790950176.906384441] [planner_server]: Plan computed: 706 poses
[controller_node-5] [WARN] [1790950176.910911014] [controller_server]: path_copy succeeded.
[controller_node-5] [INFO] [1790950176.912106591] [controller_server]: Computed velocity commands: linear.x=0.50, linear.y=-0.46, angular.z=0.00
[rviz2-8] [INFO] [1790950176.969467703] [rviz2]: Trying to create a map of size 80 x 71 using 1 swatches
[planner_server-4] [INFO] [1790950177.035888820] [planner_server]: Planning took 18 ms
[planner_server-4] [INFO] [1790950177.036703164] [planner_server]: Plan computed: 705 poses
[rviz2-8] [INFO] [1790950177.161023556] [rviz2]: Trying to create a map of size 80 x 72 using 1 swatches
[planner_server-4] [INFO] [1790950177.165532962] [planner_server]: Planning took 19 ms
[planner_server-4] [INFO] [1790950177.165822904] [planner_server]: Plan computed: 703 poses
[rviz2-8] [INFO] [1790950177.194202505] [rviz2]: Trying to create a map of size 80 x 73 using 1 swatches
[rviz2-8] [INFO] [1790950177.257253568] [rviz2]: Trying to create a map of size 80 x 74 using 1 swatches
[planner_server-4] [INFO] [1790950177.295603031] [planner_server]: Planning took 19 ms
[planner_server-4] [INFO] [1790950177.296673001] [planner_server]: Plan computed: 702 poses
[rviz2-8] [INFO] [1790950177.384691497] [rviz2]: Trying to create a map of size 80 x 75 using 1 swatches
[planner_server-4] [INFO] [1790950177.426626271] [planner_server]: Planning took 19 ms
[planner_server-4] [INFO] [1790950177.427153197] [planner_server]: Plan computed: 700 poses
[planner_server-4] [INFO] [1790950177.547919129] [planner_server]: Planning took 18 ms
[planner_server-4] [INFO] [1790950177.548517288] [planner_server]: Plan computed: 700 poses
[rviz2-8] [INFO] [1790950177.609153127] [rviz2]: Trying to create a map of size 80 x 76 using 1 swatches
[rviz2-8] [INFO] [1790950177.674835102] [rviz2]: Trying to create a map of size 80 x 77 using 1 swatches
[planner_server-4] [INFO] [1790950177.674844695] [planner_server]: Planning took 18 ms
[planner_server-4] [INFO] [1790950177.675340933] [planner_server]: Plan computed: 699 poses
[rviz2-8] [INFO] [1790950177.705759689] [rviz2]: Trying to create a map of size 80 x 78 using 1 swatches
[planner_server-4] [INFO] [1790950177.805242366] [planner_server]: Planning took 18 ms
[planner_server-4] [INFO] [1790950177.805625322] [planner_server]: Plan computed: 699 poses
[rviz2-8] [INFO] [1790950177.864564432] [rviz2]: Trying to create a map of size 80 x 79 using 1 swatches
[planner_server-4] [INFO] [1790950177.935034935] [planner_server]: Planning took 18 ms
[planner_server-4] [INFO] [1790950177.935439972] [planner_server]: Plan computed: 699 poses
[rviz2-8] [INFO] [1790950178.025246533] [rviz2]: Trying to create a map of size 80 x 80 using 1 swatches
[planner_server-4] [INFO] [1790950178.064294076] [planner_server]: Planning took 18 ms
[planner_server-4] [INFO] [1790950178.064762472] [planner_server]: Plan computed: 698 poses
[planner_server-4] [INFO] [1790950178.197584288] [planner_server]: Planning took 19 ms
[planner_server-4] [INFO] [1790950178.198118357] [planner_server]: Plan computed: 697 poses
[planner_server-4] [INFO] [1790950178.327350045] [planner_server]: Planning took 21 ms
[planner_server-4] [INFO] [1790950178.327654235] [planner_server]: Plan computed: 697 poses
[planner_server-4] [INFO] [1790950178.455564165] [planner_server]: Planning took 19 ms
[planner_server-4] [INFO] [1790950178.455918548] [planner_server]: Plan computed: 696 poses
[planner_server-4] [INFO] [1790950178.585356885] [planner_server]: Planning took 19 ms
[planner_server-4] [INFO] [1790950178.585752865] [planner_server]: Plan computed: 695 poses
[planner_server-4] [INFO] [1790950178.715611619] [planner_server]: Planning took 18 ms
[planner_server-4] [INFO] [1790950178.715954530] [planner_server]: Plan computed: 694 poses
[planner_server-4] [INFO] [1790950178.845427713] [planner_server]: Planning took 19 ms
[planner_server-4] [INFO] [1790950178.845734196] [planner_server]: Plan computed: 693 poses
[controller_node-5] [INFO] [1790950178.912243668] [controller_server]: Computed velocity commands: linear.x=-0.66, linear.y=0.12, angular.z=0.00
[controller_node-5] [WARN] [1790950178.930331486] [controller_server]: path_copy succeeded.
[planner_server-4] [INFO] [1790950178.976516777] [planner_server]: Planning took 19 ms
[planner_server-4] [INFO] [1790950178.977049193] [planner_server]: Plan computed: 692 poses
[planner_server-4] [INFO] [1790950179.104877780] [planner_server]: Planning took 18 ms
[planner_server-4] [INFO] [1790950179.105263562] [planner_server]: Plan computed: 689 poses
[planner_server-4] [INFO] [1790950179.226475580] [planner_server]: Planning took 17 ms
[planner_server-4] [INFO] [1790950179.226816298] [planner_server]: Plan computed: 688 poses
[planner_server-4] [INFO] [1790950179.356918888] [planner_server]: Planning took 18 ms
[planner_server-4] [INFO] [1790950179.357360775] [planner_server]: Plan computed: 687 poses
[planner_server-4] [INFO] [1790950179.486602996] [planner_server]: Planning took 19 ms
[planner_server-4] [INFO] [1790950179.486931961] [planner_server]: Plan computed: 686 poses
[planner_server-4] [INFO] [1790950179.615952182] [planner_server]: Planning took 19 ms
[planner_server-4] [INFO] [1790950179.616477404] [planner_server]: Plan computed: 684 poses
[planner_server-4] [INFO] [1790950179.745794109] [planner_server]: Planning took 18 ms
[planner_server-4] [INFO] [1790950179.746234022] [planner_server]: Plan computed: 682 poses
[planner_server-4] [INFO] [1790950179.878043827] [planner_server]: Planning took 20 ms
[planner_server-4] [INFO] [1790950179.878812104] [planner_server]: Plan computed: 682 poses
[planner_server-4] [INFO] [1790950180.005176662] [planner_server]: Planning took 18 ms
[planner_server-4] [INFO] [1790950180.005683650] [planner_server]: Plan computed: 680 poses
[planner_server-4] [INFO] [1790950180.136349826] [planner_server]: Planning took 18 ms
[planner_server-4] [INFO] [1790950180.136757579] [planner_server]: Plan computed: 679 poses
[planner_server-4] [INFO] [1790950180.265341398] [planner_server]: Planning took 18 ms
[planner_server-4] [INFO] [1790950180.265855580] [planner_server]: Plan computed: 677 poses
[planner_server-4] [INFO] [1790950180.389772938] [planner_server]: Planning took 19 ms
[planner_server-4] [INFO] [1790950180.390220856] [planner_server]: Plan computed: 677 poses
[planner_server-4] [INFO] [1790950180.516161213] [planner_server]: Planning took 18 ms
[planner_server-4] [INFO] [1790950180.516488045] [planner_server]: Plan computed: 676 poses
[planner_server-4] [INFO] [1790950180.646508802] [planner_server]: Planning took 19 ms
[planner_server-4] [INFO] [1790950180.647007685] [planner_server]: Plan computed: 674 poses
[planner_server-4] [INFO] [1790950180.778452567] [planner_server]: Planning took 20 ms
[planner_server-4] [INFO] [1790950180.778958584] [planner_server]: Plan computed: 673 poses
[planner_server-4] [INFO] [1790950180.910328862] [planner_server]: Planning took 19 ms
[planner_server-4] [INFO] [1790950180.910902725] [planner_server]: Plan computed: 673 poses
[controller_node-5] [WARN] [1790950180.930384195] [controller_server]: path_copy succeeded.
[controller_node-5] [INFO] [1790950180.931655574] [controller_server]: Computed velocity commands: linear.x=-0.63, linear.y=0.43, angular.z=0.00
[planner_server-4] [INFO] [1790950181.035185925] [planner_server]: Planning took 18 ms
[planner_server-4] [INFO] [1790950181.035562630] [planner_server]: Plan computed: 672 poses
[planner_server-4] [INFO] [1790950181.165385629] [planner_server]: Planning took 18 ms
[planner_server-4] [INFO] [1790950181.165850479] [planner_server]: Plan computed: 671 poses
[planner_server-4] [INFO] [1790950181.296801097] [planner_server]: Planning took 19 ms
[planner_server-4] [INFO] [1790950181.297367307] [planner_server]: Plan computed: 671 poses
[planner_server-4] [INFO] [1790950181.425192318] [planner_server]: Planning took 18 ms
[planner_server-4] [INFO] [1790950181.425790768] [planner_server]: Plan computed: 670 poses
[planner_server-4] [INFO] [1790950181.555901404] [planner_server]: Planning took 19 ms
[planner_server-4] [INFO] [1790950181.556494985] [planner_server]: Plan computed: 670 poses
[planner_server-4] [INFO] [1790950181.685494523] [planner_server]: Planning took 18 ms
[planner_server-4] [INFO] [1790950181.686239878] [planner_server]: Plan computed: 668 poses
[planner_server-4] [INFO] [1790950181.814736010] [planner_server]: Planning took 17 ms
[planner_server-4] [INFO] [1790950181.815031563] [planner_server]: Plan computed: 668 poses
[planner_server-4] [INFO] [1790950181.947401121] [planner_server]: Planning took 18 ms
[planner_server-4] [INFO] [1790950181.947899373] [planner_server]: Plan computed: 666 poses
[planner_server-4] [INFO] [1790950182.076185687] [planner_server]: Planning took 18 ms
[planner_server-4] [INFO] [1790950182.076979122] [planner_server]: Plan computed: 666 poses
[planner_server-4] [INFO] [1790950182.207231916] [planner_server]: Planning took 18 ms
[planner_server-4] [INFO] [1790950182.207658554] [planner_server]: Plan computed: 664 poses
[planner_server-4] [INFO] [1790950182.339306488] [planner_server]: Planning took 18 ms
[planner_server-4] [INFO] [1790950182.339518555] [planner_server]: Plan computed: 664 poses
[planner_server-4] [INFO] [1790950182.464379251] [planner_server]: Planning took 17 ms
[planner_server-4] [INFO] [1790950182.464969345] [planner_server]: Plan computed: 662 poses
[planner_server-4] [INFO] [1790950182.595876472] [planner_server]: Planning took 18 ms
[planner_server-4] [INFO] [1790950182.596349617] [planner_server]: Plan computed: 660 poses
[planner_server-4] [INFO] [1790950182.725975488] [planner_server]: Planning took 19 ms
[planner_server-4] [INFO] [1790950182.726608172] [planner_server]: Plan computed: 659 poses
[planner_server-4] [INFO] [1790950182.855004548] [planner_server]: Planning took 17 ms
[planner_server-4] [INFO] [1790950182.855558995] [planner_server]: Plan computed: 657 poses
[controller_node-5] [WARN] [1790950182.930538765] [controller_server]: path_copy succeeded.
[controller_node-5] [INFO] [1790950182.931834890] [controller_server]: Computed velocity commands: linear.x=-0.41, linear.y=1.08, angular.z=0.00
[planner_server-4] [INFO] [1790950182.984667974] [planner_server]: Planning took 17 ms
[planner_server-4] [INFO] [1790950182.985203406] [planner_server]: Plan computed: 656 poses
[planner_server-4] [INFO] [1790950183.116630868] [planner_server]: Planning took 18 ms
[planner_server-4] [INFO] [1790950183.117198971] [planner_server]: Plan computed: 655 poses
[planner_server-4] [INFO] [1790950183.246499614] [planner_server]: Planning took 18 ms
[planner_server-4] [INFO] [1790950183.247112441] [planner_server]: Plan computed: 654 poses
[planner_server-4] [INFO] [1790950183.376825605] [planner_server]: Planning took 19 ms
[planner_server-4] [INFO] [1790950183.377221686] [planner_server]: Plan computed: 653 poses
[planner_server-4] [INFO] [1790950183.508523468] [planner_server]: Planning took 19 ms
[planner_server-4] [INFO] [1790950183.509880647] [planner_server]: Plan computed: 652 poses
[planner_server-4] [INFO] [1790950183.635605837] [planner_server]: Planning took 18 ms
[planner_server-4] [INFO] [1790950183.635988613] [planner_server]: Plan computed: 650 poses
[planner_server-4] [INFO] [1790950183.768215641] [planner_server]: Planning took 18 ms
[planner_server-4] [INFO] [1790950183.768640205] [planner_server]: Plan computed: 648 poses
[planner_server-4] [INFO] [1790950183.898384653] [planner_server]: Planning took 21 ms
[planner_server-4] [INFO] [1790950183.898955231] [planner_server]: Plan computed: 646 poses
[planner_server-4] [INFO] [1790950184.025033186] [planner_server]: Planning took 17 ms
[planner_server-4] [INFO] [1790950184.025458842] [planner_server]: Plan computed: 645 poses
[planner_server-4] [INFO] [1790950184.156817847] [planner_server]: Planning took 18 ms
[planner_server-4] [INFO] [1790950184.157390227] [planner_server]: Plan computed: 645 poses
[planner_server-4] [INFO] [1790950184.286321305] [planner_server]: Planning took 19 ms
[planner_server-4] [INFO] [1790950184.286655501] [planner_server]: Plan computed: 643 poses
[planner_server-4] [INFO] [1790950184.416234385] [planner_server]: Planning took 17 ms
[planner_server-4] [INFO] [1790950184.416487799] [planner_server]: Plan computed: 641 poses
[planner_server-4] [INFO] [1790950184.545801403] [planner_server]: Planning took 18 ms
[planner_server-4] [INFO] [1790950184.546172287] [planner_server]: Plan computed: 639 poses
[planner_server-4] [INFO] [1790950184.674191809] [planner_server]: Planning took 17 ms
[planner_server-4] [INFO] [1790950184.674493433] [planner_server]: Plan computed: 638 poses
[planner_server-4] [INFO] [1790950184.804475703] [planner_server]: Planning took 17 ms
[planner_server-4] [INFO] [1790950184.804955350] [planner_server]: Plan computed: 636 poses
[planner_server-4] [INFO] [1790950184.933979337] [planner_server]: Planning took 16 ms
[planner_server-4] [INFO] [1790950184.934258268] [planner_server]: Plan computed: 634 poses
[controller_node-5] [WARN] [1790950184.950094304] [controller_server]: path_copy succeeded.
[controller_node-5] [INFO] [1790950184.951392813] [controller_server]: Computed velocity commands: linear.x=0.54, linear.y=0.57, angular.z=0.00
[planner_server-4] [INFO] [1790950185.055822545] [planner_server]: Planning took 19 ms
[planner_server-4] [INFO] [1790950185.056473002] [planner_server]: Plan computed: 634 poses
[planner_server-4] [INFO] [1790950185.184220446] [planner_server]: Planning took 18 ms
[planner_server-4] [INFO] [1790950185.184744867] [planner_server]: Plan computed: 632 poses
[planner_server-4] [INFO] [1790950185.313570463] [planner_server]: Planning took 17 ms
[planner_server-4] [INFO] [1790950185.314010757] [planner_server]: Plan computed: 630 poses
[planner_server-4] [INFO] [1790950185.434932737] [planner_server]: Planning took 18 ms
[planner_server-4] [INFO] [1790950185.435507753] [planner_server]: Plan computed: 629 poses
[planner_server-4] [INFO] [1790950185.566235859] [planner_server]: Planning took 17 ms
[planner_server-4] [INFO] [1790950185.566505894] [planner_server]: Plan computed: 626 poses
[planner_server-4] [INFO] [1790950185.694285212] [planner_server]: Planning took 17 ms
[planner_server-4] [INFO] [1790950185.694794796] [planner_server]: Plan computed: 625 poses
[planner_server-4] [INFO] [1790950185.824137634] [planner_server]: Planning took 18 ms
[planner_server-4] [INFO] [1790950185.824518457] [planner_server]: Plan computed: 624 poses
[planner_server-4] [INFO] [1790950185.944944835] [planner_server]: Planning took 17 ms
[planner_server-4] [INFO] [1790950185.945488382] [planner_server]: Plan computed: 623 poses
[planner_server-4] [INFO] [1790950186.073637457] [planner_server]: Planning took 17 ms
[planner_server-4] [INFO] [1790950186.074195972] [planner_server]: Plan computed: 622 poses
[planner_server-4] [INFO] [1790950186.204354348] [planner_server]: Planning took 17 ms
[planner_server-4] [INFO] [1790950186.204722717] [planner_server]: Plan computed: 623 poses
[planner_server-4] [INFO] [1790950186.323747689] [planner_server]: Planning took 17 ms
[planner_server-4] [INFO] [1790950186.324279334] [planner_server]: Plan computed: 622 poses
[planner_server-4] [INFO] [1790950186.443820051] [planner_server]: Planning took 17 ms
[planner_server-4] [INFO] [1790950186.444460990] [planner_server]: Plan computed: 621 poses
[planner_server-4] [INFO] [1790950186.564589376] [planner_server]: Planning took 18 ms
[planner_server-4] [INFO] [1790950186.565195540] [planner_server]: Plan computed: 620 poses
[planner_server-4] [INFO] [1790950186.694345824] [planner_server]: Planning took 17 ms
[planner_server-4] [INFO] [1790950186.694866799] [planner_server]: Plan computed: 621 poses
[planner_server-4] [INFO] [1790950186.823978351] [planner_server]: Planning took 17 ms
[planner_server-4] [INFO] [1790950186.824308268] [planner_server]: Plan computed: 620 poses
[controller_node-5] [WARN] [1790950186.950800127] [controller_server]: path_copy succeeded.
[controller_node-5] [INFO] [1790950186.951997016] [controller_server]: Computed velocity commands: linear.x=-0.19, linear.y=-0.53, angular.z=0.00
[planner_server-4] [INFO] [1790950186.956260093] [planner_server]: Planning took 18 ms
[planner_server-4] [INFO] [1790950186.956572037] [planner_server]: Plan computed: 620 poses
[planner_server-4] [INFO] [1790950187.084776974] [planner_server]: Planning took 18 ms
[planner_server-4] [INFO] [1790950187.085061306] [planner_server]: Plan computed: 617 poses
[planner_server-4] [INFO] [1790950187.215202004] [planner_server]: Planning took 19 ms
[planner_server-4] [INFO] [1790950187.215561496] [planner_server]: Plan computed: 618 poses
[planner_server-4] [INFO] [1790950187.335877144] [planner_server]: Planning took 17 ms
[planner_server-4] [INFO] [1790950187.336221628] [planner_server]: Plan computed: 615 poses
[planner_server-4] [INFO] [1790950187.466653869] [planner_server]: Planning took 18 ms
[planner_server-4] [INFO] [1790950187.467268472] [planner_server]: Plan computed: 615 poses
[planner_server-4] [INFO] [1790950187.593447919] [planner_server]: Planning took 17 ms
[planner_server-4] [INFO] [1790950187.594597918] [planner_server]: Plan computed: 613 poses
[planner_server-4] [INFO] [1790950187.724979569] [planner_server]: Planning took 16 ms
[planner_server-4] [INFO] [1790950187.725395166] [planner_server]: Plan computed: 613 poses
[planner_server-4] [INFO] [1790950187.853282970] [planner_server]: Planning took 16 ms
[planner_server-4] [INFO] [1790950187.854241122] [planner_server]: Plan computed: 611 poses
[planner_server-4] [INFO] [1790950187.974100315] [planner_server]: Planning took 17 ms
[planner_server-4] [INFO] [1790950187.974435592] [planner_server]: Plan computed: 610 poses
[planner_server-4] [INFO] [1790950188.094489436] [planner_server]: Planning took 17 ms
[planner_server-4] [INFO] [1790950188.095051247] [planner_server]: Plan computed: 609 poses
[planner_server-4] [INFO] [1790950188.226292891] [planner_server]: Planning took 17 ms
[planner_server-4] [INFO] [1790950188.226600025] [planner_server]: Plan computed: 606 poses
[planner_server-4] [INFO] [1790950188.355379297] [planner_server]: Planning took 19 ms
[planner_server-4] [INFO] [1790950188.355640035] [planner_server]: Plan computed: 605 poses
[planner_server-4] [INFO] [1790950188.483968454] [planner_server]: Planning took 16 ms
[planner_server-4] [INFO] [1790950188.484209495] [planner_server]: Plan computed: 604 poses
[planner_server-4] [INFO] [1790950188.603537234] [planner_server]: Planning took 16 ms
[planner_server-4] [INFO] [1790950188.604099196] [planner_server]: Plan computed: 602 poses
[planner_server-4] [INFO] [1790950188.723236619] [planner_server]: Planning took 16 ms
[planner_server-4] [INFO] [1790950188.723587585] [planner_server]: Plan computed: 600 poses
[planner_server-4] [INFO] [1790950188.842792776] [planner_server]: Planning took 16 ms
[planner_server-4] [INFO] [1790950188.843268136] [planner_server]: Plan computed: 600 poses
[planner_server-4] [INFO] [1790950188.964333676] [planner_server]: Planning took 16 ms
[planner_server-4] [INFO] [1790950188.964649607] [planner_server]: Plan computed: 599 poses
[controller_node-5] [WARN] [1790950188.970553833] [controller_server]: path_copy succeeded.
[controller_node-5] [INFO] [1790950188.972319907] [controller_server]: Computed velocity commands: linear.x=-0.63, linear.y=-0.31, angular.z=0.00
[planner_server-4] [INFO] [1790950189.083883993] [planner_server]: Planning took 17 ms
[planner_server-4] [INFO] [1790950189.084213860] [planner_server]: Plan computed: 598 poses
[planner_server-4] [INFO] [1790950189.212765698] [planner_server]: Planning took 16 ms
[planner_server-4] [INFO] [1790950189.213216221] [planner_server]: Plan computed: 597 poses
[planner_server-4] [INFO] [1790950189.333962014] [planner_server]: Planning took 17 ms
[planner_server-4] [INFO] [1790950189.334472970] [planner_server]: Plan computed: 596 poses
[planner_server-4] [INFO] [1790950189.453629941] [planner_server]: Planning took 17 ms
[planner_server-4] [INFO] [1790950189.454222660] [planner_server]: Plan computed: 595 poses
[planner_server-4] [INFO] [1790950189.573658583] [planner_server]: Planning took 17 ms
[planner_server-4] [INFO] [1790950189.574250741] [planner_server]: Plan computed: 595 poses
[planner_server-4] [INFO] [1790950189.693741277] [planner_server]: Planning took 16 ms
[planner_server-4] [INFO] [1790950189.694169558] [planner_server]: Plan computed: 593 poses
[planner_server-4] [INFO] [1790950189.813472081] [planner_server]: Planning took 17 ms
[planner_server-4] [INFO] [1790950189.813832295] [planner_server]: Plan computed: 593 poses
[planner_server-4] [INFO] [1790950189.934848049] [planner_server]: Planning took 17 ms
[planner_server-4] [INFO] [1790950189.935097526] [planner_server]: Plan computed: 592 poses
[planner_server-4] [INFO] [1790950190.063144884] [planner_server]: Planning took 16 ms
[planner_server-4] [INFO] [1790950190.063480351] [planner_server]: Plan computed: 591 poses
[planner_server-4] [INFO] [1790950190.184880109] [planner_server]: Planning took 18 ms
[planner_server-4] [INFO] [1790950190.185351721] [planner_server]: Plan computed: 590 poses
[planner_server-4] [INFO] [1790950190.312836924] [planner_server]: Planning took 15 ms
[planner_server-4] [INFO] [1790950190.313484866] [planner_server]: Plan computed: 588 poses
[planner_server-4] [INFO] [1790950190.433290587] [planner_server]: Planning took 16 ms
[planner_server-4] [INFO] [1790950190.433797756] [planner_server]: Plan computed: 588 poses
[planner_server-4] [INFO] [1790950190.554505855] [planner_server]: Planning took 18 ms
[planner_server-4] [INFO] [1790950190.555007453] [planner_server]: Plan computed: 586 poses
[planner_server-4] [INFO] [1790950190.686780678] [planner_server]: Planning took 18 ms
[planner_server-4] [INFO] [1790950190.687333672] [planner_server]: Plan computed: 585 poses
[planner_server-4] [INFO] [1790950190.813867945] [planner_server]: Planning took 16 ms
[planner_server-4] [INFO] [1790950190.814214734] [planner_server]: Plan computed: 583 poses
[planner_server-4] [INFO] [1790950190.933407763] [planner_server]: Planning took 16 ms
[planner_server-4] [INFO] [1790950190.933795649] [planner_server]: Plan computed: 582 poses
[controller_node-5] [WARN] [1790950190.970812130] [controller_server]: path_copy succeeded.
[controller_node-5] [INFO] [1790950190.972641382] [controller_server]: Computed velocity commands: linear.x=-0.67, linear.y=-0.30, angular.z=0.00
[planner_server-4] [INFO] [1790950191.053134441] [planner_server]: Planning took 16 ms
[planner_server-4] [INFO] [1790950191.053627874] [planner_server]: Plan computed: 581 poses
[planner_server-4] [INFO] [1790950191.172080740] [planner_server]: Planning took 15 ms
[planner_server-4] [INFO] [1790950191.172485928] [planner_server]: Plan computed: 580 poses
[planner_server-4] [INFO] [1790950191.294189815] [planner_server]: Planning took 17 ms
[planner_server-4] [INFO] [1790950191.294595273] [planner_server]: Plan computed: 579 poses
[planner_server-4] [INFO] [1790950191.413894672] [planner_server]: Planning took 17 ms
[planner_server-4] [INFO] [1790950191.414719075] [planner_server]: Plan computed: 578 poses
[planner_server-4] [INFO] [1790950191.535657861] [planner_server]: Planning took 17 ms
[planner_server-4] [INFO] [1790950191.536249468] [planner_server]: Plan computed: 577 poses
[planner_server-4] [INFO] [1790950191.663702902] [planner_server]: Planning took 17 ms
[planner_server-4] [INFO] [1790950191.663984378] [planner_server]: Plan computed: 576 poses
[planner_server-4] [INFO] [1790950191.782518014] [planner_server]: Planning took 16 ms
[planner_server-4] [INFO] [1790950191.783001168] [planner_server]: Plan computed: 575 poses
[planner_server-4] [INFO] [1790950191.902825951] [planner_server]: Planning took 16 ms
[planner_server-4] [INFO] [1790950191.903397289] [planner_server]: Plan computed: 575 poses
[planner_server-4] [INFO] [1790950192.023469535] [planner_server]: Planning took 16 ms
[planner_server-4] [INFO] [1790950192.024178481] [planner_server]: Plan computed: 574 poses
[planner_server-4] [INFO] [1790950192.150017446] [planner_server]: Planning took 19 ms
[planner_server-4] [INFO] [1790950192.150560602] [planner_server]: Plan computed: 572 poses
[planner_server-4] [INFO] [1790950192.272596310] [planner_server]: Planning took 16 ms
[planner_server-4] [INFO] [1790950192.273142162] [planner_server]: Plan computed: 572 poses
[planner_server-4] [INFO] [1790950192.391884229] [planner_server]: Planning took 15 ms
[planner_server-4] [INFO] [1790950192.392474543] [planner_server]: Plan computed: 570 poses
[planner_server-4] [INFO] [1790950192.512362705] [planner_server]: Planning took 15 ms
[planner_server-4] [INFO] [1790950192.512704154] [planner_server]: Plan computed: 570 poses
[planner_server-4] [INFO] [1790950192.632662908] [planner_server]: Planning took 16 ms
[planner_server-4] [INFO] [1790950192.633054570] [planner_server]: Plan computed: 569 poses
[planner_server-4] [INFO] [1790950192.752639394] [planner_server]: Planning took 16 ms
[planner_server-4] [INFO] [1790950192.754357829] [planner_server]: Plan computed: 568 poses
[planner_server-4] [INFO] [1790950192.873609567] [planner_server]: Planning took 17 ms
[planner_server-4] [INFO] [1790950192.874040514] [planner_server]: Plan computed: 568 poses
[controller_node-5] [WARN] [1790950192.990115955] [controller_server]: path_copy succeeded.
[controller_node-5] [INFO] [1790950192.991581076] [controller_server]: Computed velocity commands: linear.x=-0.76, linear.y=0.05, angular.z=0.00
[planner_server-4] [INFO] [1790950192.993628736] [planner_server]: Planning took 17 ms
[planner_server-4] [INFO] [1790950192.994235822] [planner_server]: Plan computed: 566 poses
[planner_server-4] [INFO] [1790950193.115383961] [planner_server]: Planning took 19 ms
[planner_server-4] [INFO] [1790950193.115751389] [planner_server]: Plan computed: 566 poses
[planner_server-4] [INFO] [1790950193.243880037] [planner_server]: Planning took 17 ms
[planner_server-4] [INFO] [1790950193.244421941] [planner_server]: Plan computed: 565 poses
[planner_server-4] [INFO] [1790950193.374549639] [planner_server]: Planning took 18 ms
[planner_server-4] [INFO] [1790950193.375291477] [planner_server]: Plan computed: 565 poses
[planner_server-4] [INFO] [1790950193.507660770] [planner_server]: Planning took 18 ms
[planner_server-4] [INFO] [1790950193.508288825] [planner_server]: Plan computed: 563 poses
[planner_server-4] [INFO] [1790950193.635532247] [planner_server]: Planning took 19 ms
[planner_server-4] [INFO] [1790950193.636065435] [planner_server]: Plan computed: 562 poses
[planner_server-4] [INFO] [1790950193.763155300] [planner_server]: Planning took 16 ms
[planner_server-4] [INFO] [1790950193.763557082] [planner_server]: Plan computed: 561 poses
[planner_server-4] [INFO] [1790950193.883666243] [planner_server]: Planning took 16 ms
[planner_server-4] [INFO] [1790950193.884330896] [planner_server]: Plan computed: 560 poses
[planner_server-4] [INFO] [1790950194.003241815] [planner_server]: Planning took 15 ms
[planner_server-4] [INFO] [1790950194.003671549] [planner_server]: Plan computed: 557 poses
[planner_server-4] [INFO] [1790950194.122512763] [planner_server]: Planning took 15 ms
[planner_server-4] [INFO] [1790950194.123063614] [planner_server]: Plan computed: 556 poses
[planner_server-4] [INFO] [1790950194.242214517] [planner_server]: Planning took 15 ms
[planner_server-4] [INFO] [1790950194.242578588] [planner_server]: Plan computed: 555 poses
[planner_server-4] [INFO] [1790950194.362801427] [planner_server]: Planning took 16 ms
[planner_server-4] [INFO] [1790950194.363269923] [planner_server]: Plan computed: 553 poses
[planner_server-4] [INFO] [1790950194.482558754] [planner_server]: Planning took 15 ms
[planner_server-4] [INFO] [1790950194.482933736] [planner_server]: Plan computed: 552 poses
[planner_server-4] [INFO] [1790950194.604072258] [planner_server]: Planning took 17 ms
[planner_server-4] [INFO] [1790950194.604710462] [planner_server]: Plan computed: 551 poses
[planner_server-4] [INFO] [1790950194.736927310] [planner_server]: Planning took 18 ms
[planner_server-4] [INFO] [1790950194.737260083] [planner_server]: Plan computed: 549 poses
[planner_server-4] [INFO] [1790950194.863564439] [planner_server]: Planning took 17 ms
[planner_server-4] [INFO] [1790950194.864022335] [planner_server]: Plan computed: 548 poses
[controller_node-5] [WARN] [1790950194.990806204] [controller_server]: path_copy succeeded.
[planner_server-4] [INFO] [1790950194.992226687] [planner_server]: Planning took 15 ms
[controller_node-5] [INFO] [1790950194.992293647] [controller_server]: Computed velocity commands: linear.x=0.08, linear.y=0.80, angular.z=0.00
[planner_server-4] [INFO] [1790950194.992663675] [planner_server]: Plan computed: 547 poses
[planner_server-4] [INFO] [1790950195.112426483] [planner_server]: Planning took 15 ms
[planner_server-4] [INFO] [1790950195.113062443] [planner_server]: Plan computed: 546 poses
[planner_server-4] [INFO] [1790950195.232152534] [planner_server]: Planning took 14 ms
[planner_server-4] [INFO] [1790950195.232641208] [planner_server]: Plan computed: 544 poses
[planner_server-4] [INFO] [1790950195.352820696] [planner_server]: Planning took 16 ms
[planner_server-4] [INFO] [1790950195.353256291] [planner_server]: Plan computed: 543 poses
[planner_server-4] [INFO] [1790950195.473545645] [planner_server]: Planning took 17 ms
[planner_server-4] [INFO] [1790950195.473992711] [planner_server]: Plan computed: 541 poses
[planner_server-4] [INFO] [1790950195.592473998] [planner_server]: Planning took 15 ms
[planner_server-4] [INFO] [1790950195.592940500] [planner_server]: Plan computed: 540 poses
[planner_server-4] [INFO] [1790950195.711030615] [planner_server]: Planning took 14 ms
[planner_server-4] [INFO] [1790950195.711257449] [planner_server]: Plan computed: 539 poses
[planner_server-4] [INFO] [1790950195.832438030] [planner_server]: Planning took 15 ms
[planner_server-4] [INFO] [1790950195.832930712] [planner_server]: Plan computed: 537 poses
[planner_server-4] [INFO] [1790950195.953248900] [planner_server]: Planning took 16 ms
[planner_server-4] [INFO] [1790950195.953589116] [planner_server]: Plan computed: 535 poses
[planner_server-4] [INFO] [1790950196.082518355] [planner_server]: Planning took 15 ms
[planner_server-4] [INFO] [1790950196.082772390] [planner_server]: Plan computed: 534 poses
[planner_server-4] [INFO] [1790950196.202465260] [planner_server]: Planning took 15 ms
[planner_server-4] [INFO] [1790950196.202816768] [planner_server]: Plan computed: 534 poses
[planner_server-4] [INFO] [1790950196.321982059] [planner_server]: Planning took 15 ms
[planner_server-4] [INFO] [1790950196.322294193] [planner_server]: Plan computed: 532 poses
[planner_server-4] [INFO] [1790950196.443204721] [planner_server]: Planning took 15 ms
[planner_server-4] [INFO] [1790950196.443658810] [planner_server]: Plan computed: 531 poses
[planner_server-4] [INFO] [1790950196.567092727] [planner_server]: Planning took 19 ms
[planner_server-4] [INFO] [1790950196.567370677] [planner_server]: Plan computed: 530 poses
[planner_server-4] [INFO] [1790950196.693650046] [planner_server]: Planning took 16 ms
[planner_server-4] [INFO] [1790950196.694139893] [planner_server]: Plan computed: 528 poses
[planner_server-4] [INFO] [1790950196.812325504] [planner_server]: Planning took 14 ms
[planner_server-4] [INFO] [1790950196.812510891] [planner_server]: Plan computed: 526 poses
[planner_server-4] [INFO] [1790950196.932771452] [planner_server]: Planning took 14 ms
[planner_server-4] [INFO] [1790950196.933176350] [planner_server]: Plan computed: 526 poses
[controller_node-5] [WARN] [1790950196.992093065] [controller_server]: path_copy succeeded.
[controller_node-5] [INFO] [1790950196.993378269] [controller_server]: Computed velocity commands: linear.x=0.35, linear.y=0.67, angular.z=0.00
[planner_server-4] [INFO] [1790950197.053818044] [planner_server]: Planning took 16 ms
[planner_server-4] [INFO] [1790950197.054227380] [planner_server]: Plan computed: 524 poses
[planner_server-4] [INFO] [1790950197.174260917] [planner_server]: Planning took 16 ms
[planner_server-4] [INFO] [1790950197.174782833] [planner_server]: Plan computed: 523 poses
[planner_server-4] [INFO] [1790950197.301817989] [planner_server]: Planning took 15 ms
[planner_server-4] [INFO] [1790950197.302202929] [planner_server]: Plan computed: 523 poses
[planner_server-4] [INFO] [1790950197.422273165] [planner_server]: Planning took 15 ms
[planner_server-4] [INFO] [1790950197.422928832] [planner_server]: Plan computed: 522 poses
[planner_server-4] [INFO] [1790950197.541512787] [planner_server]: Planning took 14 ms
[planner_server-4] [INFO] [1790950197.541872781] [planner_server]: Plan computed: 520 poses
[planner_server-4] [INFO] [1790950197.663479215] [planner_server]: Planning took 15 ms
[planner_server-4] [INFO] [1790950197.664088636] [planner_server]: Plan computed: 520 poses
[planner_server-4] [INFO] [1790950197.781388894] [planner_server]: Planning took 15 ms
[planner_server-4] [INFO] [1790950197.781761270] [planner_server]: Plan computed: 519 poses
[planner_server-4] [INFO] [1790950197.902267602] [planner_server]: Planning took 15 ms
[planner_server-4] [INFO] [1790950197.902551112] [planner_server]: Plan computed: 516 poses
[planner_server-4] [INFO] [1790950198.024367464] [planner_server]: Planning took 15 ms
[planner_server-4] [INFO] [1790950198.024724221] [planner_server]: Plan computed: 515 poses
[planner_server-4] [INFO] [1790950198.143083952] [planner_server]: Planning took 15 ms
[planner_server-4] [INFO] [1790950198.143445919] [planner_server]: Plan computed: 514 poses
[planner_server-4] [INFO] [1790950198.260893944] [planner_server]: Planning took 14 ms
[planner_server-4] [INFO] [1790950198.261234311] [planner_server]: Plan computed: 513 poses
[planner_server-4] [INFO] [1790950198.383889152] [planner_server]: Planning took 17 ms
[planner_server-4] [INFO] [1790950198.384373889] [planner_server]: Plan computed: 512 poses
[planner_server-4] [INFO] [1790950198.501010431] [planner_server]: Planning took 14 ms
[planner_server-4] [INFO] [1790950198.501436819] [planner_server]: Plan computed: 511 poses
[planner_server-4] [INFO] [1790950198.622583149] [planner_server]: Planning took 15 ms
[planner_server-4] [INFO] [1790950198.623053138] [planner_server]: Plan computed: 510 poses
[planner_server-4] [INFO] [1790950198.741367028] [planner_server]: Planning took 14 ms
[planner_server-4] [INFO] [1790950198.741850612] [planner_server]: Plan computed: 508 poses
[planner_server-4] [INFO] [1790950198.864188601] [planner_server]: Planning took 15 ms
[planner_server-4] [INFO] [1790950198.864603016] [planner_server]: Plan computed: 507 poses
[planner_server-4] [INFO] [1790950198.983502703] [planner_server]: Planning took 14 ms
[planner_server-4] [INFO] [1790950198.983949969] [planner_server]: Plan computed: 505 poses
[controller_node-5] [WARN] [1790950199.011258611] [controller_server]: path_copy succeeded.
[controller_node-5] [INFO] [1790950199.013026268] [controller_server]: Computed velocity commands: linear.x=1.14, linear.y=0.37, angular.z=0.00
[planner_server-4] [INFO] [1790950199.103884743] [planner_server]: Planning took 15 ms
[planner_server-4] [INFO] [1790950199.104441114] [planner_server]: Plan computed: 504 poses
[planner_server-4] [INFO] [1790950199.230643332] [planner_server]: Planning took 13 ms
[planner_server-4] [INFO] [1790950199.231134762] [planner_server]: Plan computed: 502 poses
[planner_server-4] [INFO] [1790950199.351723118] [planner_server]: Planning took 14 ms
[planner_server-4] [INFO] [1790950199.352150237] [planner_server]: Plan computed: 500 poses
[planner_server-4] [INFO] [1790950199.472757929] [planner_server]: Planning took 14 ms
[planner_server-4] [INFO] [1790950199.473294613] [planner_server]: Plan computed: 499 poses
[planner_server-4] [INFO] [1790950199.594501545] [planner_server]: Planning took 17 ms
[planner_server-4] [INFO] [1790950199.595906613] [planner_server]: Plan computed: 495 poses
[planner_server-4] [INFO] [1790950199.722698197] [planner_server]: Planning took 14 ms
[planner_server-4] [INFO] [1790950199.723283102] [planner_server]: Plan computed: 492 poses
[planner_server-4] [INFO] [1790950199.854099623] [planner_server]: Planning took 16 ms
[planner_server-4] [INFO] [1790950199.854558862] [planner_server]: Plan computed: 491 poses
[planner_server-4] [INFO] [1790950199.982390470] [planner_server]: Planning took 14 ms
[planner_server-4] [INFO] [1790950199.982904522] [planner_server]: Plan computed: 489 poses
[planner_server-4] [INFO] [1790950200.100804909] [planner_server]: Planning took 13 ms
[planner_server-4] [INFO] [1790950200.101127863] [planner_server]: Plan computed: 487 poses
[planner_server-4] [INFO] [1790950200.220459909] [planner_server]: Planning took 13 ms
[planner_server-4] [INFO] [1790950200.220890745] [planner_server]: Plan computed: 485 poses
[planner_server-4] [INFO] [1790950200.340440900] [planner_server]: Planning took 13 ms
[planner_server-4] [INFO] [1790950200.340795594] [planner_server]: Plan computed: 484 poses
[planner_server-4] [INFO] [1790950200.460420238] [planner_server]: Planning took 13 ms
[planner_server-4] [INFO] [1790950200.460909293] [planner_server]: Plan computed: 482 poses
[planner_server-4] [INFO] [1790950200.580268109] [planner_server]: Planning took 13 ms
[planner_server-4] [INFO] [1790950200.580544506] [planner_server]: Plan computed: 481 poses
[planner_server-4] [INFO] [1790950200.700856706] [planner_server]: Planning took 14 ms
[planner_server-4] [INFO] [1790950200.701452080] [planner_server]: Plan computed: 479 poses
[planner_server-4] [INFO] [1790950200.819725185] [planner_server]: Planning took 13 ms
[planner_server-4] [INFO] [1790950200.820190285] [planner_server]: Plan computed: 478 poses
[planner_server-4] [INFO] [1790950200.941641988] [planner_server]: Planning took 14 ms
[planner_server-4] [INFO] [1790950200.942150679] [planner_server]: Plan computed: 477 poses
[controller_node-5] [WARN] [1790950201.030156950] [controller_server]: path_copy succeeded.
[controller_node-5] [INFO] [1790950201.031492368] [controller_server]: Computed velocity commands: linear.x=-0.18, linear.y=-1.16, angular.z=0.00
[planner_server-4] [INFO] [1790950201.061341570] [planner_server]: Planning took 13 ms
[planner_server-4] [INFO] [1790950201.061874627] [planner_server]: Plan computed: 476 poses
[planner_server-4] [INFO] [1790950201.179668338] [planner_server]: Planning took 13 ms
[planner_server-4] [INFO] [1790950201.180184624] [planner_server]: Plan computed: 474 poses
[planner_server-4] [INFO] [1790950201.300640824] [planner_server]: Planning took 14 ms
[planner_server-4] [INFO] [1790950201.300897124] [planner_server]: Plan computed: 473 poses
[planner_server-4] [INFO] [1790950201.421630201] [planner_server]: Planning took 14 ms
[planner_server-4] [INFO] [1790950201.422175552] [planner_server]: Plan computed: 472 poses
[planner_server-4] [INFO] [1790950201.540141392] [planner_server]: Planning took 13 ms
[planner_server-4] [INFO] [1790950201.540423199] [planner_server]: Plan computed: 472 poses
[planner_server-4] [INFO] [1790950201.660770506] [planner_server]: Planning took 13 ms
[planner_server-4] [INFO] [1790950201.661440900] [planner_server]: Plan computed: 472 poses
[planner_server-4] [INFO] [1790950201.780317633] [planner_server]: Planning took 14 ms
[planner_server-4] [INFO] [1790950201.780682085] [planner_server]: Plan computed: 471 poses
[planner_server-4] [INFO] [1790950201.900044602] [planner_server]: Planning took 13 ms
[planner_server-4] [INFO] [1790950201.900425976] [planner_server]: Plan computed: 470 poses
[planner_server-4] [INFO] [1790950202.020980119] [planner_server]: Planning took 14 ms
[planner_server-4] [INFO] [1790950202.021394274] [planner_server]: Plan computed: 469 poses
[planner_server-4] [INFO] [1790950202.139848549] [planner_server]: Planning took 13 ms
[planner_server-4] [INFO] [1790950202.141388771] [planner_server]: Plan computed: 468 poses
[planner_server-4] [INFO] [1790950202.260440073] [planner_server]: Planning took 13 ms
[planner_server-4] [INFO] [1790950202.260785850] [planner_server]: Plan computed: 467 poses
[planner_server-4] [INFO] [1790950202.380855557] [planner_server]: Planning took 14 ms
[planner_server-4] [INFO] [1790950202.381222975] [planner_server]: Plan computed: 467 poses
[planner_server-4] [INFO] [1790950202.499925484] [planner_server]: Planning took 12 ms
[planner_server-4] [INFO] [1790950202.500188737] [planner_server]: Plan computed: 466 poses
[planner_server-4] [INFO] [1790950202.619706622] [planner_server]: Planning took 12 ms
[planner_server-4] [INFO] [1790950202.620101281] [planner_server]: Plan computed: 465 poses
[planner_server-4] [INFO] [1790950202.742183224] [planner_server]: Planning took 14 ms
[planner_server-4] [INFO] [1790950202.742494796] [planner_server]: Plan computed: 464 poses
[planner_server-4] [INFO] [1790950202.859617601] [planner_server]: Planning took 13 ms
[planner_server-4] [INFO] [1790950202.860088642] [planner_server]: Plan computed: 463 poses
[planner_server-4] [INFO] [1790950202.979871764] [planner_server]: Planning took 13 ms
[planner_server-4] [INFO] [1790950202.980374485] [planner_server]: Plan computed: 462 poses
[controller_node-5] [WARN] [1790950203.030638503] [controller_server]: path_copy succeeded.
[controller_node-5] [INFO] [1790950203.031685502] [controller_server]: Computed velocity commands: linear.x=-0.90, linear.y=0.74, angular.z=0.00
[planner_server-4] [INFO] [1790950203.101350278] [planner_server]: Planning took 14 ms
[planner_server-4] [INFO] [1790950203.101828182] [planner_server]: Plan computed: 462 poses
[planner_server-4] [INFO] [1790950203.220321521] [planner_server]: Planning took 13 ms
[planner_server-4] [INFO] [1790950203.220704487] [planner_server]: Plan computed: 461 poses
[planner_server-4] [INFO] [1790950203.339451803] [planner_server]: Planning took 13 ms
[planner_server-4] [INFO] [1790950203.339843495] [planner_server]: Plan computed: 460 poses
[planner_server-4] [INFO] [1790950203.462699306] [planner_server]: Planning took 15 ms
[planner_server-4] [INFO] [1790950203.463056014] [planner_server]: Plan computed: 459 poses
[planner_server-4] [INFO] [1790950203.579177816] [planner_server]: Planning took 13 ms
[planner_server-4] [INFO] [1790950203.579537609] [planner_server]: Plan computed: 458 poses
[planner_server-4] [INFO] [1790950203.699757128] [planner_server]: Planning took 13 ms
[planner_server-4] [INFO] [1790950203.700212119] [planner_server]: Plan computed: 457 poses
[planner_server-4] [INFO] [1790950203.819464589] [planner_server]: Planning took 13 ms
[planner_server-4] [INFO] [1790950203.820105448] [planner_server]: Plan computed: 456 poses
[planner_server-4] [INFO] [1790950203.940300991] [planner_server]: Planning took 13 ms
[planner_server-4] [INFO] [1790950203.940632902] [planner_server]: Plan computed: 455 poses
[planner_server-4] [INFO] [1790950204.060166719] [planner_server]: Planning took 13 ms
[planner_server-4] [INFO] [1790950204.060487840] [planner_server]: Plan computed: 454 poses
[planner_server-4] [INFO] [1790950204.180680448] [planner_server]: Planning took 12 ms
[planner_server-4] [INFO] [1790950204.180966734] [planner_server]: Plan computed: 453 poses
[planner_server-4] [INFO] [1790950204.300406244] [planner_server]: Planning took 13 ms
[planner_server-4] [INFO] [1790950204.300784912] [planner_server]: Plan computed: 451 poses
[planner_server-4] [INFO] [1790950204.420969667] [planner_server]: Planning took 13 ms
[planner_server-4] [INFO] [1790950204.421278224] [planner_server]: Plan computed: 450 poses
[planner_server-4] [INFO] [1790950204.542506155] [planner_server]: Planning took 13 ms
[planner_server-4] [INFO] [1790950204.542865718] [planner_server]: Plan computed: 448 poses
[planner_server-4] [INFO] [1790950204.660277614] [planner_server]: Planning took 13 ms
[planner_server-4] [INFO] [1790950204.660688894] [planner_server]: Plan computed: 447 poses
[planner_server-4] [INFO] [1790950204.782506889] [planner_server]: Planning took 13 ms
[planner_server-4] [INFO] [1790950204.782779780] [planner_server]: Plan computed: 445 poses
[planner_server-4] [INFO] [1790950204.900048979] [planner_server]: Planning took 13 ms
[planner_server-4] [INFO] [1790950204.900339713] [planner_server]: Plan computed: 444 poses
[planner_server-4] [INFO] [1790950205.020916602] [planner_server]: Planning took 14 ms
[planner_server-4] [INFO] [1790950205.021305960] [planner_server]: Plan computed: 443 poses
[controller_node-5] [WARN] [1790950205.049729438] [controller_server]: path_copy succeeded.
[controller_node-5] [INFO] [1790950205.050942879] [controller_server]: Computed velocity commands: linear.x=0.57, linear.y=0.41, angular.z=0.00
[planner_server-4] [INFO] [1790950205.140496706] [planner_server]: Planning took 13 ms
[planner_server-4] [INFO] [1790950205.140968929] [planner_server]: Plan computed: 441 poses
[planner_server-4] [INFO] [1790950205.260382932] [planner_server]: Planning took 13 ms
[planner_server-4] [INFO] [1790950205.260704854] [planner_server]: Plan computed: 439 poses
[planner_server-4] [INFO] [1790950205.380540226] [planner_server]: Planning took 14 ms
[planner_server-4] [INFO] [1790950205.381013581] [planner_server]: Plan computed: 438 poses
[planner_server-4] [INFO] [1790950205.500888612] [planner_server]: Planning took 14 ms
[planner_server-4] [INFO] [1790950205.501339305] [planner_server]: Plan computed: 436 poses
[planner_server-4] [INFO] [1790950205.619458742] [planner_server]: Planning took 12 ms
[planner_server-4] [INFO] [1790950205.619798868] [planner_server]: Plan computed: 435 poses
[planner_server-4] [INFO] [1790950205.740607190] [planner_server]: Planning took 13 ms
[planner_server-4] [INFO] [1790950205.740998763] [planner_server]: Plan computed: 434 poses
[planner_server-4] [INFO] [1790950205.863159715] [planner_server]: Planning took 13 ms
[planner_server-4] [INFO] [1790950205.863632880] [planner_server]: Plan computed: 433 poses
[planner_server-4] [INFO] [1790950205.981467378] [planner_server]: Planning took 14 ms
[planner_server-4] [INFO] [1790950205.981933771] [planner_server]: Plan computed: 432 poses
[planner_server-4] [INFO] [1790950206.100146969] [planner_server]: Planning took 13 ms
[planner_server-4] [INFO] [1790950206.100576753] [planner_server]: Plan computed: 431 poses
[planner_server-4] [INFO] [1790950206.219417504] [planner_server]: Planning took 13 ms
[planner_server-4] [INFO] [1790950206.219910797] [planner_server]: Plan computed: 430 poses
[planner_server-4] [INFO] [1790950206.340709732] [planner_server]: Planning took 13 ms
[planner_server-4] [INFO] [1790950206.341058695] [planner_server]: Plan computed: 428 poses
[planner_server-4] [INFO] [1790950206.460985709] [planner_server]: Planning took 14 ms
[planner_server-4] [INFO] [1790950206.461366401] [planner_server]: Plan computed: 427 poses
[planner_server-4] [INFO] [1790950206.580383312] [planner_server]: Planning took 13 ms
[planner_server-4] [INFO] [1790950206.580802797] [planner_server]: Plan computed: 425 poses
[planner_server-4] [INFO] [1790950206.702669950] [planner_server]: Planning took 12 ms
[planner_server-4] [INFO] [1790950206.703020296] [planner_server]: Plan computed: 424 poses
[planner_server-4] [INFO] [1790950206.820163110] [planner_server]: Planning took 13 ms
[planner_server-4] [INFO] [1790950206.820410453] [planner_server]: Plan computed: 423 poses
[planner_server-4] [INFO] [1790950206.940511092] [planner_server]: Planning took 13 ms
[planner_server-4] [INFO] [1790950206.940870244] [planner_server]: Plan computed: 421 poses
[controller_node-5] [WARN] [1790950207.050158413] [controller_server]: path_copy succeeded.
[controller_node-5] [INFO] [1790950207.052203910] [controller_server]: Computed velocity commands: linear.x=0.59, linear.y=-0.83, angular.z=0.00
[planner_server-4] [INFO] [1790950207.060565163] [planner_server]: Planning took 14 ms
[planner_server-4] [INFO] [1790950207.060953139] [planner_server]: Plan computed: 420 poses
[planner_server-4] [INFO] [1790950207.179460417] [planner_server]: Planning took 12 ms
[planner_server-4] [INFO] [1790950207.179786568] [planner_server]: Plan computed: 419 poses
[planner_server-4] [INFO] [1790950207.301603879] [planner_server]: Planning took 13 ms
[planner_server-4] [INFO] [1790950207.302022552] [planner_server]: Plan computed: 418 poses
[planner_server-4] [INFO] [1790950207.419800305] [planner_server]: Planning took 13 ms
[planner_server-4] [INFO] [1790950207.420259985] [planner_server]: Plan computed: 417 poses
[planner_server-4] [INFO] [1790950207.540293218] [planner_server]: Planning took 13 ms
[planner_server-4] [INFO] [1790950207.540588471] [planner_server]: Plan computed: 416 poses
[planner_server-4] [INFO] [1790950207.663129115] [planner_server]: Planning took 13 ms
[planner_server-4] [INFO] [1790950207.663698711] [planner_server]: Plan computed: 415 poses
[planner_server-4] [INFO] [1790950207.779209152] [planner_server]: Planning took 12 ms
[planner_server-4] [INFO] [1790950207.779745556] [planner_server]: Plan computed: 415 poses
[planner_server-4] [INFO] [1790950207.899211483] [planner_server]: Planning took 12 ms
[planner_server-4] [INFO] [1790950207.899595491] [planner_server]: Plan computed: 414 poses
[planner_server-4] [INFO] [1790950208.019401465] [planner_server]: Planning took 13 ms
[planner_server-4] [INFO] [1790950208.019933099] [planner_server]: Plan computed: 414 poses
[planner_server-4] [INFO] [1790950208.138925556] [planner_server]: Planning took 12 ms
[planner_server-4] [INFO] [1790950208.139711156] [planner_server]: Plan computed: 412 poses
[planner_server-4] [INFO] [1790950208.259753186] [planner_server]: Planning took 12 ms
[planner_server-4] [INFO] [1790950208.260195323] [planner_server]: Plan computed: 410 poses
[planner_server-4] [INFO] [1790950208.379950747] [planner_server]: Planning took 12 ms
[planner_server-4] [INFO] [1790950208.380334455] [planner_server]: Plan computed: 409 poses
[planner_server-4] [INFO] [1790950208.500916867] [planner_server]: Planning took 13 ms
[planner_server-4] [INFO] [1790950208.501290136] [planner_server]: Plan computed: 408 poses
[planner_server-4] [INFO] [1790950208.618152717] [planner_server]: Planning took 12 ms
[planner_server-4] [INFO] [1790950208.618429956] [planner_server]: Plan computed: 407 poses
[planner_server-4] [INFO] [1790950208.738582993] [planner_server]: Planning took 12 ms
[planner_server-4] [INFO] [1790950208.739026964] [planner_server]: Plan computed: 407 poses
[planner_server-4] [INFO] [1790950208.859879631] [planner_server]: Planning took 12 ms
[planner_server-4] [INFO] [1790950208.860326798] [planner_server]: Plan computed: 404 poses
[planner_server-4] [INFO] [1790950208.979446613] [planner_server]: Planning took 12 ms
[planner_server-4] [INFO] [1790950208.979908948] [planner_server]: Plan computed: 403 poses
[controller_node-5] [WARN] [1790950209.070317215] [controller_server]: path_copy succeeded.
[controller_node-5] [INFO] [1790950209.072001336] [controller_server]: Computed velocity commands: linear.x=-1.16, linear.y=0.01, angular.z=0.00
[planner_server-4] [INFO] [1790950209.101022032] [planner_server]: Planning took 13 ms
[planner_server-4] [INFO] [1790950209.101387837] [planner_server]: Plan computed: 401 poses
[planner_server-4] [INFO] [1790950209.220185620] [planner_server]: Planning took 12 ms
[planner_server-4] [INFO] [1790950209.220537829] [planner_server]: Plan computed: 398 poses
[planner_server-4] [INFO] [1790950209.339434998] [planner_server]: Planning took 12 ms
[planner_server-4] [INFO] [1790950209.340054968] [planner_server]: Plan computed: 398 poses
[planner_server-4] [INFO] [1790950209.459553316] [planner_server]: Planning took 12 ms
[planner_server-4] [INFO] [1790950209.459869598] [planner_server]: Plan computed: 398 poses
[planner_server-4] [INFO] [1790950209.579535511] [planner_server]: Planning took 13 ms
[planner_server-4] [INFO] [1790950209.579856311] [planner_server]: Plan computed: 395 poses
[planner_server-4] [INFO] [1790950209.700434094] [planner_server]: Planning took 14 ms
[planner_server-4] [INFO] [1790950209.700944709] [planner_server]: Plan computed: 394 poses
[planner_server-4] [INFO] [1790950209.819525787] [planner_server]: Planning took 12 ms
[planner_server-4] [INFO] [1790950209.819749927] [planner_server]: Plan computed: 392 poses
[planner_server-4] [INFO] [1790950209.938253329] [planner_server]: Planning took 11 ms
[planner_server-4] [INFO] [1790950209.938494961] [planner_server]: Plan computed: 391 poses
[planner_server-4] [INFO] [1790950210.058695709] [planner_server]: Planning took 12 ms
[planner_server-4] [INFO] [1790950210.059048239] [planner_server]: Plan computed: 388 poses
[planner_server-4] [INFO] [1790950210.179725629] [planner_server]: Planning took 12 ms
[planner_server-4] [INFO] [1790950210.180055026] [planner_server]: Plan computed: 387 poses
[planner_server-4] [INFO] [1790950210.300538834] [planner_server]: Planning took 12 ms
[planner_server-4] [INFO] [1790950210.300935696] [planner_server]: Plan computed: 386 poses
[planner_server-4] [INFO] [1790950210.419504482] [planner_server]: Planning took 11 ms
[planner_server-4] [INFO] [1790950210.419802369] [planner_server]: Plan computed: 383 poses
[planner_server-4] [INFO] [1790950210.538116143] [planner_server]: Planning took 11 ms
[planner_server-4] [INFO] [1790950210.538596101] [planner_server]: Plan computed: 382 poses
[planner_server-4] [INFO] [1790950210.660116363] [planner_server]: Planning took 13 ms
[planner_server-4] [INFO] [1790950210.660657155] [planner_server]: Plan computed: 381 poses
[planner_server-4] [INFO] [1790950210.778850938] [planner_server]: Planning took 12 ms
[planner_server-4] [INFO] [1790950210.779172169] [planner_server]: Plan computed: 380 poses
[planner_server-4] [INFO] [1790950210.899491039] [planner_server]: Planning took 12 ms
[planner_server-4] [INFO] [1790950210.900088126] [planner_server]: Plan computed: 379 poses
[planner_server-4] [INFO] [1790950211.018828683] [planner_server]: Planning took 12 ms
[planner_server-4] [INFO] [1790950211.019039307] [planner_server]: Plan computed: 378 poses
[controller_node-5] [WARN] [1790950211.089478976] [controller_server]: path_copy succeeded.
[controller_node-5] [INFO] [1790950211.090783577] [controller_server]: Computed velocity commands: linear.x=-0.24, linear.y=0.70, angular.z=0.00
[planner_server-4] [INFO] [1790950211.138345373] [planner_server]: Planning took 11 ms
[planner_server-4] [INFO] [1790950211.138635706] [planner_server]: Plan computed: 377 poses
[planner_server-4] [INFO] [1790950211.259436909] [planner_server]: Planning took 12 ms
[planner_server-4] [INFO] [1790950211.259595706] [planner_server]: Plan computed: 375 poses
[planner_server-4] [INFO] [1790950211.379252007] [planner_server]: Planning took 12 ms
[planner_server-4] [INFO] [1790950211.379600809] [planner_server]: Plan computed: 374 poses
[planner_server-4] [INFO] [1790950211.498019064] [planner_server]: Planning took 11 ms
[planner_server-4] [INFO] [1790950211.498254595] [planner_server]: Plan computed: 373 poses
[planner_server-4] [INFO] [1790950211.619578560] [planner_server]: Planning took 11 ms
[planner_server-4] [INFO] [1790950211.620041206] [planner_server]: Plan computed: 373 poses
[planner_server-4] [INFO] [1790950211.741987413] [planner_server]: Planning took 13 ms
[planner_server-4] [INFO] [1790950211.742198518] [planner_server]: Plan computed: 370 poses
[planner_server-4] [INFO] [1790950211.860354830] [planner_server]: Planning took 13 ms
[planner_server-4] [INFO] [1790950211.860657456] [planner_server]: Plan computed: 369 poses
[planner_server-4] [INFO] [1790950211.978508595] [planner_server]: Planning took 12 ms
[planner_server-4] [INFO] [1790950211.978772348] [planner_server]: Plan computed: 368 poses
[planner_server-4] [INFO] [1790950212.097696079] [planner_server]: Planning took 11 ms
[planner_server-4] [INFO] [1790950212.098179624] [planner_server]: Plan computed: 368 poses
[planner_server-4] [INFO] [1790950212.217639908] [planner_server]: Planning took 11 ms
[planner_server-4] [INFO] [1790950212.218182403] [planner_server]: Plan computed: 367 poses
[planner_server-4] [INFO] [1790950212.337517073] [planner_server]: Planning took 11 ms
[planner_server-4] [INFO] [1790950212.338050671] [planner_server]: Plan computed: 365 poses
[planner_server-4] [INFO] [1790950212.457423763] [planner_server]: Planning took 11 ms
[planner_server-4] [INFO] [1790950212.457726559] [planner_server]: Plan computed: 365 poses
[planner_server-4] [INFO] [1790950212.579151514] [planner_server]: Planning took 11 ms
[planner_server-4] [INFO] [1790950212.579457637] [planner_server]: Plan computed: 364 poses
[planner_server-4] [INFO] [1790950212.698011576] [planner_server]: Planning took 11 ms
[planner_server-4] [INFO] [1790950212.698399492] [planner_server]: Plan computed: 363 poses
[planner_server-4] [INFO] [1790950212.818594978] [planner_server]: Planning took 11 ms
[planner_server-4] [INFO] [1790950212.819032306] [planner_server]: Plan computed: 362 poses
[planner_server-4] [INFO] [1790950212.938006501] [planner_server]: Planning took 10 ms
[planner_server-4] [INFO] [1790950212.938697554] [planner_server]: Plan computed: 361 poses
[planner_server-4] [INFO] [1790950213.058564119] [planner_server]: Planning took 11 ms
[planner_server-4] [INFO] [1790950213.059007208] [planner_server]: Plan computed: 359 poses
[controller_node-5] [WARN] [1790950213.089870412] [controller_server]: path_copy succeeded.
[controller_node-5] [INFO] [1790950213.091025703] [controller_server]: Computed velocity commands: linear.x=-0.11, linear.y=0.94, angular.z=0.00
[planner_server-4] [INFO] [1790950213.180256581] [planner_server]: Planning took 12 ms
[planner_server-4] [INFO] [1790950213.180535262] [planner_server]: Plan computed: 359 poses
[planner_server-4] [INFO] [1790950213.299052663] [planner_server]: Planning took 11 ms
[planner_server-4] [INFO] [1790950213.299308402] [planner_server]: Plan computed: 359 poses
[planner_server-4] [INFO] [1790950213.420728754] [planner_server]: Planning took 11 ms
[planner_server-4] [INFO] [1790950213.421177002] [planner_server]: Plan computed: 355 poses
[planner_server-4] [INFO] [1790950213.538720302] [planner_server]: Planning took 10 ms
[planner_server-4] [INFO] [1790950213.539012047] [planner_server]: Plan computed: 355 poses
[planner_server-4] [INFO] [1790950213.660690303] [planner_server]: Planning took 13 ms
[planner_server-4] [INFO] [1790950213.661015391] [planner_server]: Plan computed: 353 poses
[planner_server-4] [INFO] [1790950213.779531149] [planner_server]: Planning took 12 ms
[planner_server-4] [INFO] [1790950213.779831110] [planner_server]: Plan computed: 353 poses
[planner_server-4] [INFO] [1790950213.898546051] [planner_server]: Planning took 11 ms
[planner_server-4] [INFO] [1790950213.898979292] [planner_server]: Plan computed: 351 poses
[planner_server-4] [INFO] [1790950214.019125316] [planner_server]: Planning took 11 ms
[planner_server-4] [INFO] [1790950214.019514524] [planner_server]: Plan computed: 351 poses
[planner_server-4] [INFO] [1790950214.139453991] [planner_server]: Planning took 12 ms
[planner_server-4] [INFO] [1790950214.139977971] [planner_server]: Plan computed: 350 poses
[planner_server-4] [INFO] [1790950214.258216852] [planner_server]: Planning took 11 ms
[planner_server-4] [INFO] [1790950214.258561958] [planner_server]: Plan computed: 349 poses
[planner_server-4] [INFO] [1790950214.378432672] [planner_server]: Planning took 11 ms
[planner_server-4] [INFO] [1790950214.378770845] [planner_server]: Plan computed: 347 poses
[planner_server-4] [INFO] [1790950214.497763015] [planner_server]: Planning took 10 ms
[planner_server-4] [INFO] [1790950214.498063116] [planner_server]: Plan computed: 345 poses
[planner_server-4] [INFO] [1790950214.617913762] [planner_server]: Planning took 11 ms
[planner_server-4] [INFO] [1790950214.618336133] [planner_server]: Plan computed: 345 poses
[planner_server-4] [INFO] [1790950214.739555781] [planner_server]: Planning took 13 ms
[planner_server-4] [INFO] [1790950214.740142218] [planner_server]: Plan computed: 343 poses
[planner_server-4] [INFO] [1790950214.857433986] [planner_server]: Planning took 10 ms
[planner_server-4] [INFO] [1790950214.857790233] [planner_server]: Plan computed: 342 poses
[planner_server-4] [INFO] [1790950214.977671326] [planner_server]: Planning took 10 ms
[planner_server-4] [INFO] [1790950214.977859047] [planner_server]: Plan computed: 342 poses
[planner_server-4] [INFO] [1790950215.099464167] [planner_server]: Planning took 10 ms
[planner_server-4] [INFO] [1790950215.099682636] [planner_server]: Plan computed: 341 poses
[controller_node-5] [WARN] [1790950215.109732809] [controller_server]: path_copy succeeded.
[controller_node-5] [INFO] [1790950215.111237795] [controller_server]: Computed velocity commands: linear.x=0.89, linear.y=-0.14, angular.z=0.00
[planner_server-4] [INFO] [1790950215.219059206] [planner_server]: Planning took 10 ms
[planner_server-4] [INFO] [1790950215.219532812] [planner_server]: Plan computed: 340 poses
[planner_server-4] [INFO] [1790950215.337266178] [planner_server]: Planning took 10 ms
[planner_server-4] [INFO] [1790950215.337595253] [planner_server]: Plan computed: 339 poses
[planner_server-4] [INFO] [1790950215.458251538] [planner_server]: Planning took 10 ms
[planner_server-4] [INFO] [1790950215.458570976] [planner_server]: Plan computed: 338 poses
[planner_server-4] [INFO] [1790950215.578918963] [planner_server]: Planning took 10 ms
[planner_server-4] [INFO] [1790950215.579173529] [planner_server]: Plan computed: 337 poses
[planner_server-4] [INFO] [1790950215.698249928] [planner_server]: Planning took 10 ms
[planner_server-4] [INFO] [1790950215.698551893] [planner_server]: Plan computed: 336 poses
[planner_server-4] [INFO] [1790950215.815422895] [planner_server]: Planning took 9 ms
[planner_server-4] [INFO] [1790950215.815730781] [planner_server]: Plan computed: 335 poses
[planner_server-4] [INFO] [1790950215.936208692] [planner_server]: Planning took 9 ms
[planner_server-4] [INFO] [1790950215.936469510] [planner_server]: Plan computed: 334 poses
[planner_server-4] [INFO] [1790950216.055786739] [planner_server]: Planning took 9 ms
[planner_server-4] [INFO] [1790950216.056215802] [planner_server]: Plan computed: 333 poses
[planner_server-4] [INFO] [1790950216.176657651] [planner_server]: Planning took 9 ms
[planner_server-4] [INFO] [1790950216.177097825] [planner_server]: Plan computed: 332 poses
[planner_server-4] [INFO] [1790950216.297011215] [planner_server]: Planning took 10 ms
[planner_server-4] [INFO] [1790950216.297406484] [planner_server]: Plan computed: 331 poses
[planner_server-4] [INFO] [1790950216.415776562] [planner_server]: Planning took 8 ms
[planner_server-4] [INFO] [1790950216.416193171] [planner_server]: Plan computed: 330 poses
[planner_server-4] [INFO] [1790950216.535087009] [planner_server]: Planning took 8 ms
[planner_server-4] [INFO] [1790950216.535447994] [planner_server]: Plan computed: 328 poses
[planner_server-4] [INFO] [1790950216.655181774] [planner_server]: Planning took 9 ms
[planner_server-4] [INFO] [1790950216.655493687] [planner_server]: Plan computed: 326 poses
[planner_server-4] [INFO] [1790950216.776581349] [planner_server]: Planning took 9 ms
[planner_server-4] [INFO] [1790950216.776845754] [planner_server]: Plan computed: 325 poses
[planner_server-4] [INFO] [1790950216.896088425] [planner_server]: Planning took 8 ms
[planner_server-4] [INFO] [1790950216.896328364] [planner_server]: Plan computed: 323 poses
[planner_server-4] [INFO] [1790950217.016181606] [planner_server]: Planning took 8 ms
[planner_server-4] [INFO] [1790950217.016537252] [planner_server]: Plan computed: 320 poses
[controller_node-5] [WARN] [1790950217.110441756] [controller_server]: path_copy succeeded.
[controller_node-5] [INFO] [1790950217.111691083] [controller_server]: Computed velocity commands: linear.x=-0.57, linear.y=-0.66, angular.z=0.00
[planner_server-4] [INFO] [1790950217.134679624] [planner_server]: Planning took 8 ms
[planner_server-4] [INFO] [1790950217.135000514] [planner_server]: Plan computed: 317 poses
[planner_server-4] [INFO] [1790950217.246097224] [planner_server]: Planning took 8 ms
[planner_server-4] [INFO] [1790950217.246355066] [planner_server]: Plan computed: 316 poses
[planner_server-4] [INFO] [1790950217.365357428] [planner_server]: Planning took 8 ms
[planner_server-4] [INFO] [1790950217.365741226] [planner_server]: Plan computed: 315 poses
[planner_server-4] [INFO] [1790950217.485019453] [planner_server]: Planning took 8 ms
[planner_server-4] [INFO] [1790950217.485399284] [planner_server]: Plan computed: 313 poses
[planner_server-4] [INFO] [1790950217.604956804] [planner_server]: Planning took 7 ms
[planner_server-4] [INFO] [1790950217.605340131] [planner_server]: Plan computed: 311 poses
[planner_server-4] [INFO] [1790950217.725599905] [planner_server]: Planning took 9 ms
[planner_server-4] [INFO] [1790950217.725812684] [planner_server]: Plan computed: 310 poses
[planner_server-4] [INFO] [1790950217.846744625] [planner_server]: Planning took 8 ms
[planner_server-4] [INFO] [1790950217.846970517] [planner_server]: Plan computed: 309 poses
[planner_server-4] [INFO] [1790950217.965897107] [planner_server]: Planning took 8 ms
[planner_server-4] [INFO] [1790950217.966433681] [planner_server]: Plan computed: 305 poses
[planner_server-4] [INFO] [1790950218.085372955] [planner_server]: Planning took 8 ms
[planner_server-4] [INFO] [1790950218.085776380] [planner_server]: Plan computed: 304 poses
[planner_server-4] [INFO] [1790950218.206197346] [planner_server]: Planning took 8 ms
[planner_server-4] [INFO] [1790950218.206522714] [planner_server]: Plan computed: 303 poses
[planner_server-4] [INFO] [1790950218.325469372] [planner_server]: Planning took 8 ms
[planner_server-4] [INFO] [1790950218.326027126] [planner_server]: Plan computed: 302 poses
[planner_server-4] [INFO] [1790950218.446782307] [planner_server]: Planning took 9 ms
[planner_server-4] [INFO] [1790950218.447161988] [planner_server]: Plan computed: 301 poses
[planner_server-4] [INFO] [1790950218.565049463] [planner_server]: Planning took 8 ms
[planner_server-4] [INFO] [1790950218.565396483] [planner_server]: Plan computed: 300 poses
[planner_server-4] [INFO] [1790950218.685094036] [planner_server]: Planning took 8 ms
[planner_server-4] [INFO] [1790950218.685430646] [planner_server]: Plan computed: 299 poses
[planner_server-4] [INFO] [1790950218.805531433] [planner_server]: Planning took 8 ms
[planner_server-4] [INFO] [1790950218.805988157] [planner_server]: Plan computed: 297 poses
[planner_server-4] [INFO] [1790950218.924863442] [planner_server]: Planning took 8 ms
[planner_server-4] [INFO] [1790950218.925063596] [planner_server]: Plan computed: 295 poses
[planner_server-4] [INFO] [1790950219.044198677] [planner_server]: Planning took 7 ms
[planner_server-4] [INFO] [1790950219.044523775] [planner_server]: Plan computed: 294 poses
[controller_node-5] [WARN] [1790950219.129315500] [controller_server]: path_copy succeeded.
[controller_node-5] [INFO] [1790950219.130666127] [controller_server]: Computed velocity commands: linear.x=-0.60, linear.y=0.99, angular.z=0.00
[planner_server-4] [INFO] [1790950219.154813707] [planner_server]: Planning took 8 ms
[planner_server-4] [INFO] [1790950219.155102157] [planner_server]: Plan computed: 294 poses
[planner_server-4] [INFO] [1790950219.265260432] [planner_server]: Planning took 7 ms
[planner_server-4] [INFO] [1790950219.265595188] [planner_server]: Plan computed: 292 poses
[planner_server-4] [INFO] [1790950219.387051232] [planner_server]: Planning took 8 ms
[planner_server-4] [INFO] [1790950219.387416094] [planner_server]: Plan computed: 291 poses
[planner_server-4] [INFO] [1790950219.504977211] [planner_server]: Planning took 8 ms
[planner_server-4] [INFO] [1790950219.505493496] [planner_server]: Plan computed: 289 poses
[planner_server-4] [INFO] [1790950219.624604648] [planner_server]: Planning took 7 ms
[planner_server-4] [INFO] [1790950219.625092531] [planner_server]: Plan computed: 289 poses
[planner_server-4] [INFO] [1790950219.734785496] [planner_server]: Planning took 7 ms
[planner_server-4] [INFO] [1790950219.735110454] [planner_server]: Plan computed: 289 poses
[planner_server-4] [INFO] [1790950219.856405792] [planner_server]: Planning took 8 ms
[planner_server-4] [INFO] [1790950219.856690264] [planner_server]: Plan computed: 288 poses
[planner_server-4] [INFO] [1790950219.974989863] [planner_server]: Planning took 7 ms
[planner_server-4] [INFO] [1790950219.975507101] [planner_server]: Plan computed: 288 poses
[planner_server-4] [INFO] [1790950220.093961829] [planner_server]: Planning took 7 ms
[planner_server-4] [INFO] [1790950220.094431558] [planner_server]: Plan computed: 287 poses
[planner_server-4] [INFO] [1790950220.204445505] [planner_server]: Planning took 7 ms
[planner_server-4] [INFO] [1790950220.204724156] [planner_server]: Plan computed: 286 poses
[planner_server-4] [INFO] [1790950220.314657666] [planner_server]: Planning took 8 ms
[planner_server-4] [INFO] [1790950220.314847331] [planner_server]: Plan computed: 285 poses
[planner_server-4] [INFO] [1790950220.424487302] [planner_server]: Planning took 7 ms
[planner_server-4] [INFO] [1790950220.424901797] [planner_server]: Plan computed: 284 poses
[planner_server-4] [INFO] [1790950220.543922495] [planner_server]: Planning took 7 ms
[planner_server-4] [INFO] [1790950220.544165159] [planner_server]: Plan computed: 282 poses
[planner_server-4] [INFO] [1790950220.654165039] [planner_server]: Planning took 7 ms
[planner_server-4] [INFO] [1790950220.654494095] [planner_server]: Plan computed: 282 poses
[planner_server-4] [INFO] [1790950220.765157958] [planner_server]: Planning took 8 ms
[planner_server-4] [INFO] [1790950220.765504696] [planner_server]: Plan computed: 282 poses
[planner_server-4] [INFO] [1790950220.885193329] [planner_server]: Planning took 7 ms
[planner_server-4] [INFO] [1790950220.885700197] [planner_server]: Plan computed: 281 poses
[planner_server-4] [INFO] [1790950221.006681017] [planner_server]: Planning took 7 ms
[planner_server-4] [INFO] [1790950221.006982782] [planner_server]: Plan computed: 279 poses
[planner_server-4] [INFO] [1790950221.125538091] [planner_server]: Planning took 7 ms
[planner_server-4] [INFO] [1790950221.126093870] [planner_server]: Plan computed: 279 poses
[controller_node-5] [WARN] [1790950221.150132040] [controller_server]: path_copy succeeded.
[controller_node-5] [INFO] [1790950221.151701086] [controller_server]: Computed velocity commands: linear.x=0.93, linear.y=-0.20, angular.z=0.00
[planner_server-4] [INFO] [1790950221.245225160] [planner_server]: Planning took 7 ms
[planner_server-4] [INFO] [1790950221.245594701] [planner_server]: Plan computed: 277 poses
[planner_server-4] [INFO] [1790950221.364252000] [planner_server]: Planning took 7 ms
[planner_server-4] [INFO] [1790950221.365025397] [planner_server]: Plan computed: 276 poses
[planner_server-4] [INFO] [1790950221.483831418] [planner_server]: Planning took 7 ms
[planner_server-4] [INFO] [1790950221.484280709] [planner_server]: Plan computed: 275 poses
[planner_server-4] [INFO] [1790950221.595192656] [planner_server]: Planning took 7 ms
[planner_server-4] [INFO] [1790950221.595442404] [planner_server]: Plan computed: 273 poses
[planner_server-4] [INFO] [1790950221.705201153] [planner_server]: Planning took 7 ms
[planner_server-4] [INFO] [1790950221.705625006] [planner_server]: Plan computed: 272 poses
[planner_server-4] [INFO] [1790950221.824920669] [planner_server]: Planning took 6 ms
[planner_server-4] [INFO] [1790950221.825553603] [planner_server]: Plan computed: 270 poses
[planner_server-4] [INFO] [1790950221.935445562] [planner_server]: Planning took 7 ms
[planner_server-4] [INFO] [1790950221.935752436] [planner_server]: Plan computed: 269 poses
[planner_server-4] [INFO] [1790950222.053101857] [planner_server]: Planning took 6 ms
[planner_server-4] [INFO] [1790950222.053373665] [planner_server]: Plan computed: 268 poses
[planner_server-4] [INFO] [1790950222.164734113] [planner_server]: Planning took 8 ms
[planner_server-4] [INFO] [1790950222.164957872] [planner_server]: Plan computed: 267 poses
[planner_server-4] [INFO] [1790950222.284146875] [planner_server]: Planning took 7 ms
[planner_server-4] [INFO] [1790950222.284656488] [planner_server]: Plan computed: 265 poses
[planner_server-4] [INFO] [1790950222.393461925] [planner_server]: Planning took 6 ms
[planner_server-4] [INFO] [1790950222.393670916] [planner_server]: Plan computed: 264 poses
[planner_server-4] [INFO] [1790950222.504144774] [planner_server]: Planning took 7 ms
[planner_server-4] [INFO] [1790950222.504601839] [planner_server]: Plan computed: 263 poses
[planner_server-4] [INFO] [1790950222.615651073] [planner_server]: Planning took 7 ms
[planner_server-4] [INFO] [1790950222.616198067] [planner_server]: Plan computed: 262 poses
[planner_server-4] [INFO] [1790950222.733868589] [planner_server]: Planning took 7 ms
[planner_server-4] [INFO] [1790950222.734197745] [planner_server]: Plan computed: 261 poses
[planner_server-4] [INFO] [1790950222.843507655] [planner_server]: Planning took 6 ms
[planner_server-4] [INFO] [1790950222.843961514] [planner_server]: Plan computed: 260 poses
[planner_server-4] [INFO] [1790950222.955618856] [planner_server]: Planning took 6 ms
[planner_server-4] [INFO] [1790950222.956491238] [planner_server]: Plan computed: 259 poses
[planner_server-4] [INFO] [1790950223.075504864] [planner_server]: Planning took 6 ms
[planner_server-4] [INFO] [1790950223.075665264] [planner_server]: Plan computed: 258 poses
[controller_node-5] [WARN] [1790950223.169313251] [controller_server]: path_copy succeeded.
[controller_node-5] [INFO] [1790950223.170391248] [controller_server]: Computed velocity commands: linear.x=0.04, linear.y=-1.04, angular.z=0.00
[planner_server-4] [INFO] [1790950223.193155871] [planner_server]: Planning took 6 ms
[planner_server-4] [INFO] [1790950223.193474908] [planner_server]: Plan computed: 257 poses
[planner_server-4] [INFO] [1790950223.303305333] [planner_server]: Planning took 6 ms
[planner_server-4] [INFO] [1790950223.303676648] [planner_server]: Plan computed: 256 poses
[planner_server-4] [INFO] [1790950223.413743034] [planner_server]: Planning took 6 ms
[planner_server-4] [INFO] [1790950223.414267275] [planner_server]: Plan computed: 254 poses
[planner_server-4] [INFO] [1790950223.523433377] [planner_server]: Planning took 6 ms
[planner_server-4] [INFO] [1790950223.523665290] [planner_server]: Plan computed: 253 poses
[planner_server-4] [INFO] [1790950223.633860909] [planner_server]: Planning took 7 ms
[planner_server-4] [INFO] [1790950223.634216664] [planner_server]: Plan computed: 252 poses
[planner_server-4] [INFO] [1790950223.745400080] [planner_server]: Planning took 6 ms
[planner_server-4] [INFO] [1790950223.745774951] [planner_server]: Plan computed: 251 poses
[planner_server-4] [INFO] [1790950223.864708007] [planner_server]: Planning took 7 ms
[planner_server-4] [INFO] [1790950223.865040489] [planner_server]: Plan computed: 249 poses
[planner_server-4] [INFO] [1790950223.984391441] [planner_server]: Planning took 7 ms
[planner_server-4] [INFO] [1790950223.984548325] [planner_server]: Plan computed: 247 poses
[planner_server-4] [INFO] [1790950224.094463393] [planner_server]: Planning took 7 ms
[planner_server-4] [INFO] [1790950224.094943862] [planner_server]: Plan computed: 246 poses
[planner_server-4] [INFO] [1790950224.215505832] [planner_server]: Planning took 6 ms
[planner_server-4] [INFO] [1790950224.215876425] [planner_server]: Plan computed: 245 poses
[planner_server-4] [INFO] [1790950224.334475211] [planner_server]: Planning took 7 ms
[planner_server-4] [INFO] [1790950224.334752660] [planner_server]: Plan computed: 244 poses
[planner_server-4] [INFO] [1790950224.443575690] [planner_server]: Planning took 7 ms
[planner_server-4] [INFO] [1790950224.443910617] [planner_server]: Plan computed: 242 poses
[planner_server-4] [INFO] [1790950224.553510370] [planner_server]: Planning took 6 ms
[planner_server-4] [INFO] [1790950224.553752463] [planner_server]: Plan computed: 241 poses
[planner_server-4] [INFO] [1790950224.674097115] [planner_server]: Planning took 7 ms
[planner_server-4] [INFO] [1790950224.674334219] [planner_server]: Plan computed: 239 poses
[planner_server-4] [INFO] [1790950224.793901256] [planner_server]: Planning took 6 ms
[planner_server-4] [INFO] [1790950224.794173105] [planner_server]: Plan computed: 237 poses
[planner_server-4] [INFO] [1790950224.902676016] [planner_server]: Planning took 6 ms
[planner_server-4] [INFO] [1790950224.902993300] [planner_server]: Plan computed: 237 poses
[planner_server-4] [INFO] [1790950225.012825253] [planner_server]: Planning took 6 ms
[planner_server-4] [INFO] [1790950225.013193061] [planner_server]: Plan computed: 236 poses
[planner_server-4] [INFO] [1790950225.124363098] [planner_server]: Planning took 6 ms
[planner_server-4] [INFO] [1790950225.124748379] [planner_server]: Plan computed: 236 poses
[controller_node-5] [WARN] [1790950225.169343022] [controller_server]: path_copy succeeded.
[controller_node-5] [INFO] [1790950225.170621814] [controller_server]: Computed velocity commands: linear.x=-0.82, linear.y=0.58, angular.z=0.00
[planner_server-4] [INFO] [1790950225.233718625] [planner_server]: Planning took 6 ms
[planner_server-4] [INFO] [1790950225.234267713] [planner_server]: Plan computed: 235 poses
[planner_server-4] [INFO] [1790950225.343273250] [planner_server]: Planning took 6 ms
[planner_server-4] [INFO] [1790950225.343577910] [planner_server]: Plan computed: 234 poses
[planner_server-4] [INFO] [1790950225.453559594] [planner_server]: Planning took 6 ms
[planner_server-4] [INFO] [1790950225.454168203] [planner_server]: Plan computed: 235 poses
[planner_server-4] [INFO] [1790950225.562828149] [planner_server]: Planning took 6 ms
[planner_server-4] [INFO] [1790950225.563402133] [planner_server]: Plan computed: 235 poses
[planner_server-4] [INFO] [1790950225.673509456] [planner_server]: Planning took 6 ms
[planner_server-4] [INFO] [1790950225.673924643] [planner_server]: Plan computed: 232 poses
[planner_server-4] [INFO] [1790950225.782273306] [planner_server]: Planning took 6 ms
[planner_server-4] [INFO] [1790950225.783457612] [planner_server]: Plan computed: 232 poses
[planner_server-4] [INFO] [1790950225.893021269] [planner_server]: Planning took 6 ms
[planner_server-4] [INFO] [1790950225.893259495] [planner_server]: Plan computed: 231 poses
[planner_server-4] [INFO] [1790950226.003438783] [planner_server]: Planning took 6 ms
[planner_server-4] [INFO] [1790950226.003722203] [planner_server]: Plan computed: 230 poses
[planner_server-4] [INFO] [1790950226.112776498] [planner_server]: Planning took 6 ms
[planner_server-4] [INFO] [1790950226.113219176] [planner_server]: Plan computed: 229 poses
[planner_server-4] [INFO] [1790950226.222958251] [planner_server]: Planning took 6 ms
[planner_server-4] [INFO] [1790950226.223479767] [planner_server]: Plan computed: 228 poses
[planner_server-4] [INFO] [1790950226.332586920] [planner_server]: Planning took 6 ms
[planner_server-4] [INFO] [1790950226.332834704] [planner_server]: Plan computed: 228 poses
[planner_server-4] [INFO] [1790950226.446814313] [planner_server]: Planning took 7 ms
[planner_server-4] [INFO] [1790950226.447223218] [planner_server]: Plan computed: 227 poses
[planner_server-4] [INFO] [1790950226.562563844] [planner_server]: Planning took 6 ms
[planner_server-4] [INFO] [1790950226.562948784] [planner_server]: Plan computed: 226 poses
[planner_server-4] [INFO] [1790950226.673726844] [planner_server]: Planning took 6 ms
[planner_server-4] [INFO] [1790950226.674236367] [planner_server]: Plan computed: 225 poses
[planner_server-4] [INFO] [1790950226.782406887] [planner_server]: Planning took 5 ms
[planner_server-4] [INFO] [1790950226.782645634] [planner_server]: Plan computed: 224 poses
[planner_server-4] [INFO] [1790950226.893828321] [planner_server]: Planning took 7 ms
[planner_server-4] [INFO] [1790950226.894325070] [planner_server]: Plan computed: 226 poses
[planner_server-4] [INFO] [1790950227.002367230] [planner_server]: Planning took 5 ms
[planner_server-4] [INFO] [1790950227.002718297] [planner_server]: Plan computed: 221 poses
[planner_server-4] [INFO] [1790950227.112389806] [planner_server]: Planning took 5 ms
[planner_server-4] [INFO] [1790950227.112622632] [planner_server]: Plan computed: 221 poses
[controller_node-5] [WARN] [1790950227.189173211] [controller_server]: path_copy succeeded.
[controller_node-5] [INFO] [1790950227.190687725] [controller_server]: Computed velocity commands: linear.x=0.36, linear.y=0.13, angular.z=0.00
[planner_server-4] [INFO] [1790950227.222518781] [planner_server]: Planning took 6 ms
[planner_server-4] [INFO] [1790950227.222825756] [planner_server]: Plan computed: 220 poses
[planner_server-4] [INFO] [1790950227.333125451] [planner_server]: Planning took 6 ms
[planner_server-4] [INFO] [1790950227.333423959] [planner_server]: Plan computed: 219 poses
[planner_server-4] [INFO] [1790950227.442605412] [planner_server]: Planning took 6 ms
[planner_server-4] [INFO] [1790950227.442933465] [planner_server]: Plan computed: 218 poses
[planner_server-4] [INFO] [1790950227.552973375] [planner_server]: Planning took 5 ms
[planner_server-4] [INFO] [1790950227.553488468] [planner_server]: Plan computed: 217 poses
[planner_server-4] [INFO] [1790950227.662488412] [planner_server]: Planning took 5 ms
[planner_server-4] [INFO] [1790950227.662887017] [planner_server]: Plan computed: 216 poses
[planner_server-4] [INFO] [1790950227.773313740] [planner_server]: Planning took 6 ms
[planner_server-4] [INFO] [1790950227.773501902] [planner_server]: Plan computed: 215 poses
[planner_server-4] [INFO] [1790950227.882069837] [planner_server]: Planning took 5 ms
[planner_server-4] [INFO] [1790950227.882491185] [planner_server]: Plan computed: 214 poses
[planner_server-4] [INFO] [1790950227.993520215] [planner_server]: Planning took 5 ms
[planner_server-4] [INFO] [1790950227.994025019] [planner_server]: Plan computed: 213 poses
[planner_server-4] [INFO] [1790950228.102309825] [planner_server]: Planning took 5 ms
[planner_server-4] [INFO] [1790950228.102570413] [planner_server]: Plan computed: 213 poses
[planner_server-4] [INFO] [1790950228.213501990] [planner_server]: Planning took 5 ms
[planner_server-4] [INFO] [1790950228.213832278] [planner_server]: Plan computed: 212 poses
[planner_server-4] [INFO] [1790950228.323533735] [planner_server]: Planning took 5 ms
[planner_server-4] [INFO] [1790950228.324015176] [planner_server]: Plan computed: 212 poses
[planner_server-4] [INFO] [1790950228.432705440] [planner_server]: Planning took 5 ms
[planner_server-4] [INFO] [1790950228.433006604] [planner_server]: Plan computed: 211 poses
[planner_server-4] [INFO] [1790950228.542227100] [planner_server]: Planning took 5 ms
[planner_server-4] [INFO] [1790950228.542518656] [planner_server]: Plan computed: 211 poses
[planner_server-4] [INFO] [1790950228.654367390] [planner_server]: Planning took 6 ms
[planner_server-4] [INFO] [1790950228.654935533] [planner_server]: Plan computed: 210 poses
[planner_server-4] [INFO] [1790950228.763036915] [planner_server]: Planning took 5 ms
[planner_server-4] [INFO] [1790950228.763402058] [planner_server]: Plan computed: 209 poses
[planner_server-4] [INFO] [1790950228.871581307] [planner_server]: Planning took 5 ms
[planner_server-4] [INFO] [1790950228.871913889] [planner_server]: Plan computed: 208 poses
[planner_server-4] [INFO] [1790950228.981876534] [planner_server]: Planning took 5 ms
[planner_server-4] [INFO] [1790950228.982300793] [planner_server]: Plan computed: 207 poses
[planner_server-4] [INFO] [1790950229.093756166] [planner_server]: Planning took 5 ms
[planner_server-4] [INFO] [1790950229.094100530] [planner_server]: Plan computed: 206 poses
[controller_node-5] [WARN] [1790950229.189241900] [controller_server]: path_copy succeeded.
[controller_node-5] [INFO] [1790950229.211938531] [controller_server]: Computed velocity commands: linear.x=0.51, linear.y=0.47, angular.z=0.00
[planner_server-4] [INFO] [1790950229.212637817] [planner_server]: Planning took 6 ms
[planner_server-4] [INFO] [1790950229.213074855] [planner_server]: Plan computed: 205 poses
[planner_server-4] [INFO] [1790950229.324100873] [planner_server]: Planning took 7 ms
[planner_server-4] [INFO] [1790950229.324323499] [planner_server]: Plan computed: 204 poses
[planner_server-4] [INFO] [1790950229.432937492] [planner_server]: Planning took 6 ms
[planner_server-4] [INFO] [1790950229.433212757] [planner_server]: Plan computed: 203 poses
[planner_server-4] [INFO] [1790950229.541050717] [planner_server]: Planning took 5 ms
[planner_server-4] [INFO] [1790950229.541295334] [planner_server]: Plan computed: 202 poses
[planner_server-4] [INFO] [1790950229.652288959] [planner_server]: Planning took 5 ms
[planner_server-4] [INFO] [1790950229.652591375] [planner_server]: Plan computed: 201 poses
[planner_server-4] [INFO] [1790950229.764971714] [planner_server]: Planning took 5 ms
[planner_server-4] [INFO] [1790950229.765534486] [planner_server]: Plan computed: 200 poses
[planner_server-4] [INFO] [1790950229.881612252] [planner_server]: Planning took 5 ms
[planner_server-4] [INFO] [1790950229.881883289] [planner_server]: Plan computed: 198 poses
[planner_server-4] [INFO] [1790950229.993650273] [planner_server]: Planning took 6 ms
[planner_server-4] [INFO] [1790950229.993903267] [planner_server]: Plan computed: 198 poses
[planner_server-4] [INFO] [1790950230.101247152] [planner_server]: Planning took 5 ms
[planner_server-4] [INFO] [1790950230.101656538] [planner_server]: Plan computed: 197 poses
[planner_server-4] [INFO] [1790950230.211081378] [planner_server]: Planning took 4 ms
[planner_server-4] [INFO] [1790950230.211334922] [planner_server]: Plan computed: 196 poses
[planner_server-4] [INFO] [1790950230.322695213] [planner_server]: Planning took 5 ms
[planner_server-4] [INFO] [1790950230.323135307] [planner_server]: Plan computed: 194 poses
[planner_server-4] [INFO] [1790950230.432950667] [planner_server]: Planning took 5 ms
[planner_server-4] [INFO] [1790950230.433175888] [planner_server]: Plan computed: 193 poses
[planner_server-4] [INFO] [1790950230.541535686] [planner_server]: Planning took 5 ms
[planner_server-4] [INFO] [1790950230.542128004] [planner_server]: Plan computed: 192 poses
[planner_server-4] [INFO] [1790950230.652552204] [planner_server]: Planning took 4 ms
[planner_server-4] [INFO] [1790950230.652931744] [planner_server]: Plan computed: 191 poses
[planner_server-4] [INFO] [1790950230.762124465] [planner_server]: Planning took 5 ms
[planner_server-4] [INFO] [1790950230.762562825] [planner_server]: Plan computed: 191 poses
[planner_server-4] [INFO] [1790950230.871421130] [planner_server]: Planning took 4 ms
[planner_server-4] [INFO] [1790950230.871791483] [planner_server]: Plan computed: 190 poses
[planner_server-4] [INFO] [1790950230.982485969] [planner_server]: Planning took 4 ms
[planner_server-4] [INFO] [1790950230.982706401] [planner_server]: Plan computed: 189 poses
[planner_server-4] [INFO] [1790950231.091959480] [planner_server]: Planning took 4 ms
[planner_server-4] [INFO] [1790950231.092340192] [planner_server]: Plan computed: 188 poses
[controller_node-5] [WARN] [1790950231.190895215] [controller_server]: path_copy succeeded.
[planner_server-4] [INFO] [1790950231.201517229] [planner_server]: Planning took 5 ms
[planner_server-4] [INFO] [1790950231.201833581] [planner_server]: Plan computed: 187 poses
[controller_node-5] [INFO] [1790950231.230152337] [controller_server]: Computed velocity commands: linear.x=0.66, linear.y=0.33, angular.z=0.00
[planner_server-4] [INFO] [1790950231.312236517] [planner_server]: Planning took 4 ms
[planner_server-4] [INFO] [1790950231.312661111] [planner_server]: Plan computed: 186 poses
[planner_server-4] [INFO] [1790950231.421787749] [planner_server]: Planning took 4 ms
[planner_server-4] [INFO] [1790950231.422244243] [planner_server]: Plan computed: 184 poses
[planner_server-4] [INFO] [1790950231.530745626] [planner_server]: Planning took 4 ms
[planner_server-4] [INFO] [1790950231.531350818] [planner_server]: Plan computed: 184 poses
[planner_server-4] [INFO] [1790950231.643529171] [planner_server]: Planning took 6 ms
[planner_server-4] [INFO] [1790950231.643713085] [planner_server]: Plan computed: 183 poses
[planner_server-4] [INFO] [1790950231.751506693] [planner_server]: Planning took 4 ms
[planner_server-4] [INFO] [1790950231.751679687] [planner_server]: Plan computed: 182 poses
[planner_server-4] [INFO] [1790950231.861802022] [planner_server]: Planning took 5 ms
[planner_server-4] [INFO] [1790950231.862254378] [planner_server]: Plan computed: 181 poses
[planner_server-4] [INFO] [1790950231.971197327] [planner_server]: Planning took 4 ms
[planner_server-4] [INFO] [1790950231.971456763] [planner_server]: Plan computed: 181 poses
[planner_server-4] [INFO] [1790950232.080701286] [planner_server]: Planning took 4 ms
[planner_server-4] [INFO] [1790950232.080894107] [planner_server]: Plan computed: 180 poses
[planner_server-4] [INFO] [1790950232.191299583] [planner_server]: Planning took 4 ms
[planner_server-4] [INFO] [1790950232.191678532] [planner_server]: Plan computed: 179 poses
[planner_server-4] [INFO] [1790950232.300686393] [planner_server]: Planning took 4 ms
[planner_server-4] [INFO] [1790950232.300960446] [planner_server]: Plan computed: 178 poses
[planner_server-4] [INFO] [1790950232.410945215] [planner_server]: Planning took 4 ms
[planner_server-4] [INFO] [1790950232.411256697] [planner_server]: Plan computed: 176 poses
[planner_server-4] [INFO] [1790950232.520640101] [planner_server]: Planning took 4 ms
[planner_server-4] [INFO] [1790950232.520894006] [planner_server]: Plan computed: 175 poses
[planner_server-4] [INFO] [1790950232.631004790] [planner_server]: Planning took 3 ms
[planner_server-4] [INFO] [1790950232.631397786] [planner_server]: Plan computed: 175 poses
[planner_server-4] [INFO] [1790950232.741064760] [planner_server]: Planning took 4 ms
[planner_server-4] [INFO] [1790950232.741436255] [planner_server]: Plan computed: 174 poses
[planner_server-4] [INFO] [1790950232.850515299] [planner_server]: Planning took 4 ms
[planner_server-4] [INFO] [1790950232.850726144] [planner_server]: Plan computed: 172 poses
[planner_server-4] [INFO] [1790950232.960522868] [planner_server]: Planning took 4 ms
[planner_server-4] [INFO] [1790950232.960831676] [planner_server]: Plan computed: 171 poses
[planner_server-4] [INFO] [1790950233.071189646] [planner_server]: Planning took 4 ms
[planner_server-4] [INFO] [1790950233.071506949] [planner_server]: Plan computed: 170 poses
[planner_server-4] [INFO] [1790950233.180533000] [planner_server]: Planning took 3 ms
[planner_server-4] [INFO] [1790950233.180924473] [planner_server]: Plan computed: 168 poses
[controller_node-5] [WARN] [1790950233.209282498] [controller_server]: path_copy succeeded.
[controller_node-5] [INFO] [1790950233.230409468] [controller_server]: Computed velocity commands: linear.x=0.86, linear.y=-0.40, angular.z=0.00
[planner_server-4] [INFO] [1790950233.290532593] [planner_server]: Planning took 4 ms
[planner_server-4] [INFO] [1790950233.290845428] [planner_server]: Plan computed: 167 poses
[planner_server-4] [INFO] [1790950233.400534624] [planner_server]: Planning took 4 ms
[planner_server-4] [INFO] [1790950233.400748424] [planner_server]: Plan computed: 166 poses
[planner_server-4] [INFO] [1790950233.511649298] [planner_server]: Planning took 4 ms
[planner_server-4] [INFO] [1790950233.511989494] [planner_server]: Plan computed: 164 poses
[planner_server-4] [INFO] [1790950233.621269595] [planner_server]: Planning took 3 ms
[planner_server-4] [INFO] [1790950233.621479187] [planner_server]: Plan computed: 163 poses
[planner_server-4] [INFO] [1790950233.731235398] [planner_server]: Planning took 4 ms
[planner_server-4] [INFO] [1790950233.731731637] [planner_server]: Plan computed: 161 poses
[planner_server-4] [INFO] [1790950233.841860053] [planner_server]: Planning took 5 ms
[planner_server-4] [INFO] [1790950233.842325404] [planner_server]: Plan computed: 158 poses
[planner_server-4] [INFO] [1790950233.951071869] [planner_server]: Planning took 3 ms
[planner_server-4] [INFO] [1790950233.951446870] [planner_server]: Plan computed: 157 poses
[planner_server-4] [INFO] [1790950234.060536064] [planner_server]: Planning took 3 ms
[planner_server-4] [INFO] [1790950234.061135075] [planner_server]: Plan computed: 155 poses
[planner_server-4] [INFO] [1790950234.170369511] [planner_server]: Planning took 3 ms
[planner_server-4] [INFO] [1790950234.170695361] [planner_server]: Plan computed: 154 poses
[planner_server-4] [INFO] [1790950234.283192302] [planner_server]: Planning took 4 ms
[planner_server-4] [INFO] [1790950234.283659957] [planner_server]: Plan computed: 153 poses
[planner_server-4] [INFO] [1790950234.391458246] [planner_server]: Planning took 4 ms
[planner_server-4] [INFO] [1790950234.391589511] [planner_server]: Plan computed: 152 poses
[planner_server-4] [INFO] [1790950234.501344171] [planner_server]: Planning took 4 ms
[planner_server-4] [INFO] [1790950234.501546069] [planner_server]: Plan computed: 150 poses
[planner_server-4] [INFO] [1790950234.610592172] [planner_server]: Planning took 3 ms
[planner_server-4] [INFO] [1790950234.611074264] [planner_server]: Plan computed: 149 poses
[planner_server-4] [INFO] [1790950234.720002838] [planner_server]: Planning took 3 ms
[planner_server-4] [INFO] [1790950234.720465364] [planner_server]: Plan computed: 148 poses
[planner_server-4] [INFO] [1790950234.832159231] [planner_server]: Planning took 4 ms
[planner_server-4] [INFO] [1790950234.832477917] [planner_server]: Plan computed: 147 poses
[planner_server-4] [INFO] [1790950234.939936250] [planner_server]: Planning took 3 ms
[planner_server-4] [INFO] [1790950234.940270836] [planner_server]: Plan computed: 145 poses
[planner_server-4] [INFO] [1790950235.050525201] [planner_server]: Planning took 4 ms
[planner_server-4] [INFO] [1790950235.050766804] [planner_server]: Plan computed: 144 poses
[planner_server-4] [INFO] [1790950235.160361063] [planner_server]: Planning took 3 ms
[planner_server-4] [INFO] [1790950235.160618144] [planner_server]: Plan computed: 143 poses
[controller_node-5] [WARN] [1790950235.229368878] [controller_server]: path_copy succeeded.
[controller_node-5] [INFO] [1790950235.230605401] [controller_server]: Computed velocity commands: linear.x=-0.86, linear.y=-0.67, angular.z=0.00
[planner_server-4] [INFO] [1790950235.269827815] [planner_server]: Planning took 3 ms
[planner_server-4] [INFO] [1790950235.270366463] [planner_server]: Plan computed: 141 poses
[planner_server-4] [INFO] [1790950235.379633891] [planner_server]: Planning took 3 ms
[planner_server-4] [INFO] [1790950235.379986260] [planner_server]: Plan computed: 139 poses
[planner_server-4] [INFO] [1790950235.490548833] [planner_server]: Planning took 4 ms
[planner_server-4] [INFO] [1790950235.490977465] [planner_server]: Plan computed: 139 poses
[planner_server-4] [INFO] [1790950235.601430741] [planner_server]: Planning took 3 ms
[planner_server-4] [INFO] [1790950235.601893637] [planner_server]: Plan computed: 139 poses
[planner_server-4] [INFO] [1790950235.709695364] [planner_server]: Planning took 3 ms
[planner_server-4] [INFO] [1790950235.710046671] [planner_server]: Plan computed: 139 poses
[planner_server-4] [INFO] [1790950235.819392291] [planner_server]: Planning took 3 ms
[planner_server-4] [INFO] [1790950235.819907345] [planner_server]: Plan computed: 139 poses
[planner_server-4] [INFO] [1790950235.930181983] [planner_server]: Planning took 3 ms
[planner_server-4] [INFO] [1790950235.930512421] [planner_server]: Plan computed: 138 poses
[planner_server-4] [INFO] [1790950236.042536037] [planner_server]: Planning took 4 ms
[planner_server-4] [INFO] [1790950236.043164483] [planner_server]: Plan computed: 137 poses
[planner_server-4] [INFO] [1790950236.150247484] [planner_server]: Planning took 3 ms
[planner_server-4] [INFO] [1790950236.150360255] [planner_server]: Plan computed: 137 poses
[planner_server-4] [INFO] [1790950236.260211316] [planner_server]: Planning took 3 ms
[planner_server-4] [INFO] [1790950236.260484047] [planner_server]: Plan computed: 136 poses
[planner_server-4] [INFO] [1790950236.369519982] [planner_server]: Planning took 3 ms
[planner_server-4] [INFO] [1790950236.369826856] [planner_server]: Plan computed: 135 poses
[planner_server-4] [INFO] [1790950236.481234189] [planner_server]: Planning took 3 ms
[planner_server-4] [INFO] [1790950236.481524402] [planner_server]: Plan computed: 134 poses
[planner_server-4] [INFO] [1790950236.589526935] [planner_server]: Planning took 3 ms
[planner_server-4] [INFO] [1790950236.589856041] [planner_server]: Plan computed: 133 poses
[planner_server-4] [INFO] [1790950236.699206320] [planner_server]: Planning took 3 ms
[planner_server-4] [INFO] [1790950236.699513545] [planner_server]: Plan computed: 133 poses
[planner_server-4] [INFO] [1790950236.809301332] [planner_server]: Planning took 3 ms
[planner_server-4] [INFO] [1790950236.809698285] [planner_server]: Plan computed: 131 poses
[planner_server-4] [INFO] [1790950236.920270926] [planner_server]: Planning took 2 ms
[planner_server-4] [INFO] [1790950236.920562692] [planner_server]: Plan computed: 130 poses
[planner_server-4] [INFO] [1790950237.029112529] [planner_server]: Planning took 2 ms
[planner_server-4] [INFO] [1790950237.029730235] [planner_server]: Plan computed: 130 poses
[planner_server-4] [INFO] [1790950237.139560938] [planner_server]: Planning took 3 ms
[planner_server-4] [INFO] [1790950237.140688628] [planner_server]: Plan computed: 128 poses
[controller_node-5] [WARN] [1790950237.249125664] [controller_server]: path_copy succeeded.
[controller_node-5] [INFO] [1790950237.250474578] [controller_server]: Computed velocity commands: linear.x=-0.25, linear.y=0.65, angular.z=0.00
[planner_server-4] [INFO] [1790950237.252081134] [planner_server]: Planning took 3 ms
[planner_server-4] [INFO] [1790950237.252644668] [planner_server]: Plan computed: 127 poses
[planner_server-4] [INFO] [1790950237.360502521] [planner_server]: Planning took 2 ms
[planner_server-4] [INFO] [1790950237.360914852] [planner_server]: Plan computed: 127 poses
[planner_server-4] [INFO] [1790950237.469079379] [planner_server]: Planning took 2 ms
[planner_server-4] [INFO] [1790950237.469377346] [planner_server]: Plan computed: 126 poses
[planner_server-4] [INFO] [1790950237.579669603] [planner_server]: Planning took 3 ms
[planner_server-4] [INFO] [1790950237.579855521] [planner_server]: Plan computed: 125 poses
[planner_server-4] [INFO] [1790950237.690518021] [planner_server]: Planning took 2 ms
[planner_server-4] [INFO] [1790950237.690747610] [planner_server]: Plan computed: 124 poses
[planner_server-4] [INFO] [1790950237.799399088] [planner_server]: Planning took 2 ms
[planner_server-4] [INFO] [1790950237.799689291] [planner_server]: Plan computed: 123 poses
[planner_server-4] [INFO] [1790950237.908748281] [planner_server]: Planning took 2 ms
[planner_server-4] [INFO] [1790950237.909124625] [planner_server]: Plan computed: 122 poses
[planner_server-4] [INFO] [1790950238.019622156] [planner_server]: Planning took 2 ms
[planner_server-4] [INFO] [1790950238.019981268] [planner_server]: Plan computed: 120 poses
[planner_server-4] [INFO] [1790950238.131358360] [planner_server]: Planning took 3 ms
[planner_server-4] [INFO] [1790950238.131610903] [planner_server]: Plan computed: 119 poses
[planner_server-4] [INFO] [1790950238.239416408] [planner_server]: Planning took 2 ms
[planner_server-4] [INFO] [1790950238.239701000] [planner_server]: Plan computed: 118 poses
[planner_server-4] [INFO] [1790950238.351795871] [planner_server]: Planning took 4 ms
[planner_server-4] [INFO] [1790950238.352162136] [planner_server]: Plan computed: 117 poses
[planner_server-4] [INFO] [1790950238.459100348] [planner_server]: Planning took 2 ms
[planner_server-4] [INFO] [1790950238.459295072] [planner_server]: Plan computed: 115 poses
[planner_server-4] [INFO] [1790950238.570223405] [planner_server]: Planning took 3 ms
[planner_server-4] [INFO] [1790950238.570536892] [planner_server]: Plan computed: 114 poses
[planner_server-4] [INFO] [1790950238.679286799] [planner_server]: Planning took 2 ms
[planner_server-4] [INFO] [1790950238.679592391] [planner_server]: Plan computed: 113 poses
[planner_server-4] [INFO] [1790950238.789312253] [planner_server]: Planning took 2 ms
[planner_server-4] [INFO] [1790950238.789599070] [planner_server]: Plan computed: 113 poses
[planner_server-4] [INFO] [1790950238.899302944] [planner_server]: Planning took 2 ms
[planner_server-4] [INFO] [1790950238.899424732] [planner_server]: Plan computed: 112 poses
[planner_server-4] [INFO] [1790950239.010691295] [planner_server]: Planning took 2 ms
[planner_server-4] [INFO] [1790950239.011292901] [planner_server]: Plan computed: 110 poses
[planner_server-4] [INFO] [1790950239.119216718] [planner_server]: Planning took 2 ms
[planner_server-4] [INFO] [1790950239.119480832] [planner_server]: Plan computed: 109 poses
[planner_server-4] [INFO] [1790950239.228445286] [planner_server]: Planning took 2 ms
[planner_server-4] [INFO] [1790950239.228777638] [planner_server]: Plan computed: 108 poses
[controller_node-5] [WARN] [1790950239.249682423] [controller_server]: path_copy succeeded.
[controller_node-5] [INFO] [1790950239.250996131] [controller_server]: Computed velocity commands: linear.x=-0.30, linear.y=0.71, angular.z=0.00
[planner_server-4] [INFO] [1790950239.339540456] [planner_server]: Planning took 2 ms
[planner_server-4] [INFO] [1790950239.339811674] [planner_server]: Plan computed: 108 poses
[planner_server-4] [INFO] [1790950239.450972548] [planner_server]: Planning took 2 ms
[planner_server-4] [INFO] [1790950239.451286435] [planner_server]: Plan computed: 107 poses
[planner_server-4] [INFO] [1790950239.560393446] [planner_server]: Planning took 2 ms
[planner_server-4] [INFO] [1790950239.560801700] [planner_server]: Plan computed: 106 poses
[rviz2-8] [INFO] [1790950239.656630747] [rviz2]: Trying to create a map of size 80 x 79 using 1 swatches
[planner_server-4] [INFO] [1790950239.669861212] [planner_server]: Planning took 3 ms
[planner_server-4] [INFO] [1790950239.670337734] [planner_server]: Plan computed: 105 poses
[rviz2-8] [INFO] [1790950239.755662160] [rviz2]: Trying to create a map of size 80 x 78 using 1 swatches
[planner_server-4] [INFO] [1790950239.778872484] [planner_server]: Planning took 2 ms
[planner_server-4] [INFO] [1790950239.779037192] [planner_server]: Plan computed: 103 poses
[rviz2-8] [INFO] [1790950239.818894590] [rviz2]: Trying to create a map of size 80 x 77 using 1 swatches
[planner_server-4] [INFO] [1790950239.890587945] [planner_server]: Planning took 2 ms
[planner_server-4] [INFO] [1790950239.890742003] [planner_server]: Plan computed: 102 poses
[rviz2-8] [INFO] [1790950239.945645569] [rviz2]: Trying to create a map of size 80 x 76 using 1 swatches
[planner_server-4] [INFO] [1790950239.999705656] [planner_server]: Planning took 2 ms
[planner_server-4] [INFO] [1790950240.000183180] [planner_server]: Plan computed: 101 poses
[rviz2-8] [INFO] [1790950240.040614892] [rviz2]: Trying to create a map of size 80 x 75 using 1 swatches
[rviz2-8] [INFO] [1790950240.106022867] [rviz2]: Trying to create a map of size 80 x 74 using 1 swatches
[planner_server-4] [INFO] [1790950240.109414643] [planner_server]: Planning took 2 ms
[planner_server-4] [INFO] [1790950240.109780558] [planner_server]: Plan computed: 99 poses
[rviz2-8] [INFO] [1790950240.137418873] [rviz2]: Trying to create a map of size 80 x 73 using 1 swatches
[rviz2-8] [INFO] [1790950240.202607408] [rviz2]: Trying to create a map of size 80 x 72 using 1 swatches
[planner_server-4] [INFO] [1790950240.219587870] [planner_server]: Planning took 2 ms
[planner_server-4] [INFO] [1790950240.219809185] [planner_server]: Plan computed: 98 poses
[rviz2-8] [INFO] [1790950240.298171288] [rviz2]: Trying to create a map of size 80 x 71 using 1 swatches
[planner_server-4] [INFO] [1790950240.329168418] [planner_server]: Planning took 2 ms
[planner_server-4] [INFO] [1790950240.329394240] [planner_server]: Plan computed: 97 poses
[planner_server-4] [INFO] [1790950240.438816061] [planner_server]: Planning took 2 ms
[planner_server-4] [INFO] [1790950240.439202935] [planner_server]: Plan computed: 96 poses
[rviz2-8] [INFO] [1790950240.489359193] [rviz2]: Trying to create a map of size 80 x 70 using 1 swatches
[rviz2-8] [INFO] [1790950240.522086860] [rviz2]: Trying to create a map of size 80 x 69 using 1 swatches
[planner_server-4] [INFO] [1790950240.549214283] [planner_server]: Planning took 2 ms
[planner_server-4] [INFO] [1790950240.549685865] [planner_server]: Plan computed: 95 poses
[rviz2-8] [INFO] [1790950240.617565320] [rviz2]: Trying to create a map of size 80 x 68 using 1 swatches
[planner_server-4] [INFO] [1790950240.659085249] [planner_server]: Planning took 2 ms
[planner_server-4] [INFO] [1790950240.659274082] [planner_server]: Plan computed: 95 poses
[rviz2-8] [INFO] [1790950240.713384819] [rviz2]: Trying to create a map of size 80 x 67 using 1 swatches
[planner_server-4] [INFO] [1790950240.768264264] [planner_server]: Planning took 2 ms
[planner_server-4] [INFO] [1790950240.768604321] [planner_server]: Plan computed: 94 poses
[rviz2-8] [INFO] [1790950240.780113556] [rviz2]: Trying to create a map of size 80 x 66 using 1 swatches
[rviz2-8] [INFO] [1790950240.810246077] [rviz2]: Trying to create a map of size 80 x 65 using 1 swatches
[planner_server-4] [INFO] [1790950240.879689593] [planner_server]: Planning took 2 ms
[planner_server-4] [INFO] [1790950240.880105602] [planner_server]: Plan computed: 93 poses
[planner_server-4] [INFO] [1790950240.988471427] [planner_server]: Planning took 2 ms
[planner_server-4] [INFO] [1790950240.988698852] [planner_server]: Plan computed: 92 poses
[rviz2-8] [INFO] [1790950241.066397961] [rviz2]: Trying to create a map of size 80 x 63 using 1 swatches
[planner_server-4] [INFO] [1790950241.098111777] [planner_server]: Planning took 1 ms
[planner_server-4] [INFO] [1790950241.098308946] [planner_server]: Plan computed: 92 poses
[rviz2-8] [INFO] [1790950241.161288027] [rviz2]: Trying to create a map of size 80 x 62 using 1 swatches
[planner_server-4] [INFO] [1790950241.210546646] [planner_server]: Planning took 2 ms
[planner_server-4] [INFO] [1790950241.210794841] [planner_server]: Plan computed: 91 poses
[controller_node-5] [WARN] [1790950241.269326911] [controller_server]: path_copy succeeded.
[controller_node-5] [INFO] [1790950241.270819373] [controller_server]: Computed velocity commands: linear.x=0.61, linear.y=-0.89, angular.z=0.00
[planner_server-4] [INFO] [1790950241.318078622] [planner_server]: Planning took 1 ms
[planner_server-4] [INFO] [1790950241.318288424] [planner_server]: Plan computed: 89 poses
[rviz2-8] [INFO] [1790950241.321238835] [rviz2]: Trying to create a map of size 80 x 61 using 1 swatches
[rviz2-8] [INFO] [1790950241.354744798] [rviz2]: Trying to create a map of size 80 x 60 using 1 swatches
[planner_server-4] [INFO] [1790950241.431816418] [planner_server]: Planning took 1 ms
[planner_server-4] [INFO] [1790950241.432729166] [planner_server]: Plan computed: 89 poses
[rviz2-8] [INFO] [1790950241.514630653] [rviz2]: Trying to create a map of size 80 x 59 using 1 swatches
[planner_server-4] [INFO] [1790950241.539226334] [planner_server]: Planning took 2 ms
[planner_server-4] [INFO] [1790950241.539388187] [planner_server]: Plan computed: 88 poses
[planner_server-4] [INFO] [1790950241.649646323] [planner_server]: Planning took 1 ms
[planner_server-4] [INFO] [1790950241.649969678] [planner_server]: Plan computed: 88 poses
[rviz2-8] [INFO] [1790950241.717774689] [rviz2]: Trying to create a map of size 80 x 58 using 1 swatches
[planner_server-4] [INFO] [1790950241.758859935] [planner_server]: Planning took 1 ms
[planner_server-4] [INFO] [1790950241.759437305] [planner_server]: Plan computed: 86 poses
[planner_server-4] [INFO] [1790950241.868662549] [planner_server]: Planning took 1 ms
[planner_server-4] [INFO] [1790950241.868916424] [planner_server]: Plan computed: 85 poses
[rviz2-8] [INFO] [1790950241.878722542] [rviz2]: Trying to create a map of size 80 x 57 using 1 swatches
[planner_server-4] [INFO] [1790950241.979366408] [planner_server]: Planning took 1 ms
[planner_server-4] [INFO] [1790950241.979543640] [planner_server]: Plan computed: 84 poses
[planner_server-4] [INFO] [1790950242.091072985] [planner_server]: Planning took 1 ms
[planner_server-4] [INFO] [1790950242.091438569] [planner_server]: Plan computed: 83 poses
[planner_server-4] [INFO] [1790950242.199317088] [planner_server]: Planning took 1 ms
[planner_server-4] [INFO] [1790950242.199637878] [planner_server]: Plan computed: 82 poses
[planner_server-4] [INFO] [1790950242.308233959] [planner_server]: Planning took 1 ms
[planner_server-4] [INFO] [1790950242.308480821] [planner_server]: Plan computed: 81 poses
[planner_server-4] [INFO] [1790950242.419184381] [planner_server]: Planning took 1 ms
[planner_server-4] [INFO] [1790950242.420201324] [planner_server]: Plan computed: 79 poses
[planner_server-4] [INFO] [1790950242.527757826] [planner_server]: Planning took 1 ms
[planner_server-4] [INFO] [1790950242.528239417] [planner_server]: Plan computed: 79 poses
[planner_server-4] [INFO] [1790950242.639106864] [planner_server]: Planning took 1 ms
[planner_server-4] [INFO] [1790950242.639336093] [planner_server]: Plan computed: 78 poses
[planner_server-4] [INFO] [1790950242.748776499] [planner_server]: Planning took 1 ms
[planner_server-4] [INFO] [1790950242.749019424] [planner_server]: Plan computed: 78 poses
[rviz2-8] [INFO] [1790950242.837524829] [rviz2]: Trying to create a map of size 80 x 58 using 1 swatches
[planner_server-4] [INFO] [1790950242.858795459] [planner_server]: Planning took 1 ms
[planner_server-4] [INFO] [1790950242.859039305] [planner_server]: Plan computed: 77 poses
[planner_server-4] [INFO] [1790950242.970159484] [planner_server]: Planning took 1 ms
[planner_server-4] [INFO] [1790950242.970355190] [planner_server]: Plan computed: 77 poses
[planner_server-4] [INFO] [1790950243.078295581] [planner_server]: Planning took 1 ms
[planner_server-4] [INFO] [1790950243.078513849] [planner_server]: Plan computed: 76 poses
[rviz2-8] [INFO] [1790950243.093014993] [rviz2]: Trying to create a map of size 80 x 59 using 1 swatches
[rviz2-8] [INFO] [1790950243.125548007] [rviz2]: Trying to create a map of size 80 x 60 using 1 swatches
[planner_server-4] [INFO] [1790950243.188248257] [planner_server]: Planning took 1 ms
[planner_server-4] [INFO] [1790950243.188609773] [planner_server]: Plan computed: 75 poses
[rviz2-8] [INFO] [1790950243.220956979] [rviz2]: Trying to create a map of size 80 x 61 using 1 swatches
[controller_node-5] [WARN] [1790950243.289331186] [controller_server]: path_copy succeeded.
[controller_node-5] [INFO] [1790950243.290813780] [controller_server]: Computed velocity commands: linear.x=-0.56, linear.y=0.02, angular.z=0.00
[planner_server-4] [INFO] [1790950243.298022418] [planner_server]: Planning took 1 ms
[planner_server-4] [INFO] [1790950243.298224857] [planner_server]: Plan computed: 74 poses
[planner_server-4] [INFO] [1790950243.408563843] [planner_server]: Planning took 1 ms
[planner_server-4] [INFO] [1790950243.408804013] [planner_server]: Plan computed: 73 poses
[rviz2-8] [INFO] [1790950243.478559386] [rviz2]: Trying to create a map of size 80 x 62 using 1 swatches
[planner_server-4] [INFO] [1790950243.522443038] [planner_server]: Planning took 2 ms
[planner_server-4] [INFO] [1790950243.522629507] [planner_server]: Plan computed: 73 poses
[rviz2-8] [INFO] [1790950243.544467929] [rviz2]: Trying to create a map of size 80 x 63 using 1 swatches
[planner_server-4] [INFO] [1790950243.628827547] [planner_server]: Planning took 2 ms
[planner_server-4] [INFO] [1790950243.629228367] [planner_server]: Plan computed: 72 poses
[rviz2-8] [INFO] [1790950243.701854590] [rviz2]: Trying to create a map of size 80 x 64 using 1 swatches
[planner_server-4] [INFO] [1790950243.740045009] [planner_server]: Planning took 1 ms
[planner_server-4] [INFO] [1790950243.740237299] [planner_server]: Plan computed: 71 poses
[planner_server-4] [INFO] [1790950243.851042270] [planner_server]: Planning took 1 ms
[planner_server-4] [INFO] [1790950243.851272721] [planner_server]: Plan computed: 70 poses
[rviz2-8] [INFO] [1790950243.926226519] [rviz2]: Trying to create a map of size 80 x 65 using 1 swatches
[planner_server-4] [INFO] [1790950243.957718244] [planner_server]: Planning took 1 ms
[planner_server-4] [INFO] [1790950243.958342842] [planner_server]: Plan computed: 70 poses
[rviz2-8] [INFO] [1790950244.021460834] [rviz2]: Trying to create a map of size 80 x 66 using 1 swatches
[planner_server-4] [INFO] [1790950244.071305305] [planner_server]: Planning took 1 ms
[planner_server-4] [INFO] [1790950244.071623360] [planner_server]: Plan computed: 69 poses
[rviz2-8] [INFO] [1790950244.118716933] [rviz2]: Trying to create a map of size 80 x 67 using 1 swatches
[planner_server-4] [INFO] [1790950244.179725553] [planner_server]: Planning took 1 ms
[planner_server-4] [INFO] [1790950244.179960683] [planner_server]: Plan computed: 67 poses
[rviz2-8] [INFO] [1790950244.184506419] [rviz2]: Trying to create a map of size 80 x 68 using 1 swatches
[planner_server-4] [INFO] [1790950244.287979486] [planner_server]: Planning took 1 ms
[planner_server-4] [INFO] [1790950244.288489251] [planner_server]: Plan computed: 67 poses
[rviz2-8] [INFO] [1790950244.373468969] [rviz2]: Trying to create a map of size 80 x 69 using 1 swatches
[planner_server-4] [INFO] [1790950244.398109515] [planner_server]: Planning took 1 ms
[planner_server-4] [INFO] [1790950244.398369601] [planner_server]: Plan computed: 66 poses
[rviz2-8] [INFO] [1790950244.437596300] [rviz2]: Trying to create a map of size 80 x 70 using 1 swatches
[planner_server-4] [INFO] [1790950244.508272995] [planner_server]: Planning took 1 ms
[planner_server-4] [INFO] [1790950244.508704663] [planner_server]: Plan computed: 64 poses
[rviz2-8] [INFO] [1790950244.597923273] [rviz2]: Trying to create a map of size 80 x 71 using 1 swatches
[planner_server-4] [INFO] [1790950244.618244321] [planner_server]: Planning took 1 ms
[planner_server-4] [INFO] [1790950244.618452381] [planner_server]: Plan computed: 63 poses
[rviz2-8] [INFO] [1790950244.724557081] [rviz2]: Trying to create a map of size 80 x 72 using 1 swatches
[planner_server-4] [INFO] [1790950244.728387749] [planner_server]: Planning took 1 ms
[planner_server-4] [INFO] [1790950244.728724539] [planner_server]: Plan computed: 62 poses
[rviz2-8] [INFO] [1790950244.757452718] [rviz2]: Trying to create a map of size 80 x 73 using 1 swatches
[planner_server-4] [INFO] [1790950244.838095947] [planner_server]: Planning took 1 ms
[planner_server-4] [INFO] [1790950244.838300760] [planner_server]: Plan computed: 61 poses
[rviz2-8] [INFO] [1790950244.918655134] [rviz2]: Trying to create a map of size 80 x 75 using 1 swatches
[planner_server-4] [INFO] [1790950244.947545381] [planner_server]: Planning took 1 ms
[planner_server-4] [INFO] [1790950244.947785130] [planner_server]: Plan computed: 60 poses
[planner_server-4] [INFO] [1790950245.058709905] [planner_server]: Planning took 1 ms
[planner_server-4] [INFO] [1790950245.059149227] [planner_server]: Plan computed: 59 poses
[rviz2-8] [INFO] [1790950245.079582681] [rviz2]: Trying to create a map of size 80 x 76 using 1 swatches
[rviz2-8] [INFO] [1790950245.142300695] [rviz2]: Trying to create a map of size 80 x 77 using 1 swatches
[planner_server-4] [INFO] [1790950245.167598961] [planner_server]: Planning took 1 ms
[planner_server-4] [INFO] [1790950245.168064202] [planner_server]: Plan computed: 58 poses
[rviz2-8] [INFO] [1790950245.237349104] [rviz2]: Trying to create a map of size 80 x 78 using 1 swatches
[planner_server-4] [INFO] [1790950245.278209228] [planner_server]: Planning took 1 ms
[planner_server-4] [INFO] [1790950245.278432867] [planner_server]: Plan computed: 57 poses
[controller_node-5] [WARN] [1790950245.310385906] [controller_server]: path_copy succeeded.
[controller_node-5] [INFO] [1790950245.311705375] [controller_server]: Computed velocity commands: linear.x=-0.23, linear.y=0.42, angular.z=0.00
[planner_server-4] [INFO] [1790950245.389136198] [planner_server]: Planning took 1 ms
[planner_server-4] [INFO] [1790950245.389329520] [planner_server]: Plan computed: 56 poses
[rviz2-8] [INFO] [1790950245.462449778] [rviz2]: Trying to create a map of size 80 x 79 using 1 swatches
[planner_server-4] [INFO] [1790950245.498445612] [planner_server]: Planning took 1 ms
[planner_server-4] [INFO] [1790950245.498706720] [planner_server]: Plan computed: 56 poses
[planner_server-4] [INFO] [1790950245.607771656] [planner_server]: Planning took 1 ms
[planner_server-4] [INFO] [1790950245.608077619] [planner_server]: Plan computed: 55 poses
[rviz2-8] [INFO] [1790950245.654831600] [rviz2]: Trying to create a map of size 80 x 80 using 1 swatches
[planner_server-4] [INFO] [1790950245.717305309] [planner_server]: Planning took 1 ms
[planner_server-4] [INFO] [1790950245.717535781] [planner_server]: Plan computed: 54 poses
[planner_server-4] [INFO] [1790950245.828182636] [planner_server]: Planning took 1 ms
[planner_server-4] [INFO] [1790950245.828487016] [planner_server]: Plan computed: 54 poses
[planner_server-4] [INFO] [1790950245.938113493] [planner_server]: Planning took 1 ms
[planner_server-4] [INFO] [1790950245.938342732] [planner_server]: Plan computed: 53 poses
[planner_server-4] [INFO] [1790950246.047725552] [planner_server]: Planning took 1 ms
[planner_server-4] [INFO] [1790950246.048194459] [planner_server]: Plan computed: 52 poses
[planner_server-4] [INFO] [1790950246.158445675] [planner_server]: Planning took 1 ms
[planner_server-4] [INFO] [1790950246.158899935] [planner_server]: Plan computed: 52 poses
[planner_server-4] [INFO] [1790950246.267893676] [planner_server]: Planning took 1 ms
[planner_server-4] [INFO] [1790950246.268088250] [planner_server]: Plan computed: 51 poses
[planner_server-4] [INFO] [1790950246.379062018] [planner_server]: Planning took 1 ms
[planner_server-4] [INFO] [1790950246.379235803] [planner_server]: Plan computed: 50 poses
[planner_server-4] [INFO] [1790950246.488766704] [planner_server]: Planning took 0 ms
[planner_server-4] [INFO] [1790950246.488920622] [planner_server]: Plan computed: 50 poses
[planner_server-4] [INFO] [1790950246.598659109] [planner_server]: Planning took 1 ms
[planner_server-4] [INFO] [1790950246.598838104] [planner_server]: Plan computed: 48 poses
[planner_server-4] [INFO] [1790950246.708167725] [planner_server]: Planning took 0 ms
[planner_server-4] [INFO] [1790950246.708323808] [planner_server]: Plan computed: 47 poses
[planner_server-4] [INFO] [1790950246.817647883] [planner_server]: Planning took 0 ms
[planner_server-4] [INFO] [1790950246.817823692] [planner_server]: Plan computed: 46 poses
[planner_server-4] [INFO] [1790950246.927217990] [planner_server]: Planning took 0 ms
[planner_server-4] [INFO] [1790950246.927537938] [planner_server]: Plan computed: 45 poses
[planner_server-4] [INFO] [1790950247.038641629] [planner_server]: Planning took 0 ms
[planner_server-4] [INFO] [1790950247.038788995] [planner_server]: Plan computed: 44 poses
[planner_server-4] [INFO] [1790950247.147900569] [planner_server]: Planning took 0 ms
[planner_server-4] [INFO] [1790950247.148157420] [planner_server]: Plan computed: 43 poses
[rviz2-8] [INFO] [1790950247.223236474] [rviz2]: Trying to create a map of size 79 x 80 using 1 swatches
[planner_server-4] [INFO] [1790950247.257372102] [planner_server]: Planning took 0 ms
[planner_server-4] [INFO] [1790950247.257666192] [planner_server]: Plan computed: 42 poses
[rviz2-8] [INFO] [1790950247.317976266] [rviz2]: Trying to create a map of size 78 x 80 using 1 swatches
[controller_node-5] [WARN] [1790950247.329935812] [controller_server]: path_copy succeeded.
[controller_node-5] [INFO] [1790950247.331620634] [controller_server]: Computed velocity commands: linear.x=-0.27, linear.y=0.62, angular.z=0.00
[planner_server-4] [INFO] [1790950247.367283898] [planner_server]: Planning took 0 ms
[planner_server-4] [INFO] [1790950247.367545267] [planner_server]: Plan computed: 41 poses
[rviz2-8] [INFO] [1790950247.415118088] [rviz2]: Trying to create a map of size 77 x 80 using 1 swatches
[planner_server-4] [INFO] [1790950247.478592072] [planner_server]: Planning took 0 ms
[planner_server-4] [INFO] [1790950247.478765997] [planner_server]: Plan computed: 39 poses
[rviz2-8] [INFO] [1790950247.511467136] [rviz2]: Trying to create a map of size 76 x 80 using 1 swatches
[rviz2-8] [INFO] [1790950247.542550427] [rviz2]: Trying to create a map of size 75 x 80 using 1 swatches
[planner_server-4] [INFO] [1790950247.587505535] [planner_server]: Planning took 0 ms
[planner_server-4] [INFO] [1790950247.587716490] [planner_server]: Plan computed: 38 poses
[rviz2-8] [INFO] [1790950247.606003317] [rviz2]: Trying to create a map of size 74 x 80 using 1 swatches
[planner_server-4] [INFO] [1790950247.692931313] [planner_server]: Planning took 0 ms
[planner_server-4] [INFO] [1790950247.694501471] [planner_server]: Plan computed: 37 poses
[rviz2-8] [INFO] [1790950247.768512646] [rviz2]: Trying to create a map of size 72 x 80 using 1 swatches
[planner_server-4] [INFO] [1790950247.804488032] [planner_server]: Planning took 0 ms
[planner_server-4] [INFO] [1790950247.804630248] [planner_server]: Plan computed: 35 poses
[planner_server-4] [INFO] [1790950247.918851003] [planner_server]: Planning took 0 ms
[planner_server-4] [INFO] [1790950247.919237626] [planner_server]: Plan computed: 35 poses
[planner_server-4] [INFO] [1790950248.029791178] [planner_server]: Planning took 0 ms
[planner_server-4] [INFO] [1790950248.030097641] [planner_server]: Plan computed: 35 poses
[rviz2-8] [INFO] [1790950248.089496343] [rviz2]: Trying to create a map of size 71 x 80 using 1 swatches
[planner_server-4] [INFO] [1790950248.137584766] [planner_server]: Planning took 0 ms
[planner_server-4] [INFO] [1790950248.137750887] [planner_server]: Plan computed: 34 poses
[planner_server-4] [INFO] [1790950248.249297277] [planner_server]: Planning took 0 ms
[planner_server-4] [INFO] [1790950248.249806681] [planner_server]: Plan computed: 33 poses
[rviz2-8] [INFO] [1790950248.341863773] [rviz2]: Trying to create a map of size 70 x 80 using 1 swatches
[planner_server-4] [INFO] [1790950248.358599373] [planner_server]: Planning took 0 ms
[planner_server-4] [INFO] [1790950248.358809286] [planner_server]: Plan computed: 32 poses
[rviz2-8] [INFO] [1790950248.374750026] [rviz2]: Trying to create a map of size 69 x 80 using 1 swatches
[planner_server-4] [INFO] [1790950248.466944874] [planner_server]: Planning took 0 ms
[planner_server-4] [INFO] [1790950248.467480787] [planner_server]: Plan computed: 32 poses
[rviz2-8] [INFO] [1790950248.502524143] [rviz2]: Trying to create a map of size 68 x 80 using 1 swatches
[planner_server-4] [INFO] [1790950248.577636395] [planner_server]: Planning took 0 ms
[planner_server-4] [INFO] [1790950248.578539094] [planner_server]: Plan computed: 30 poses
[rviz2-8] [INFO] [1790950248.598262133] [rviz2]: Trying to create a map of size 67 x 80 using 1 swatches
[planner_server-4] [INFO] [1790950248.686729991] [planner_server]: Planning took 0 ms
[planner_server-4] [INFO] [1790950248.687047224] [planner_server]: Plan computed: 30 poses
[planner_server-4] [INFO] [1790950248.796658684] [planner_server]: Planning took 0 ms
[planner_server-4] [INFO] [1790950248.797062640] [planner_server]: Plan computed: 29 poses
[planner_server-4] [INFO] [1790950248.907100738] [planner_server]: Planning took 0 ms
[planner_server-4] [INFO] [1790950248.907301664] [planner_server]: Plan computed: 28 poses
[rviz2-8] [INFO] [1790950248.918599153] [rviz2]: Trying to create a map of size 66 x 80 using 1 swatches
[rviz2-8] [INFO] [1790950248.949198970] [rviz2]: Trying to create a map of size 65 x 80 using 1 swatches
[planner_server-4] [INFO] [1790950249.017448586] [planner_server]: Planning took 0 ms
[planner_server-4] [INFO] [1790950249.017649131] [planner_server]: Plan computed: 28 poses
[planner_server-4] [INFO] [1790950249.128190912] [planner_server]: Planning took 0 ms
[planner_server-4] [INFO] [1790950249.128417046] [planner_server]: Plan computed: 26 poses
[rviz2-8] [INFO] [1790950249.204832892] [rviz2]: Trying to create a map of size 64 x 80 using 1 swatches
[planner_server-4] [INFO] [1790950249.236856514] [planner_server]: Planning took 0 ms
[planner_server-4] [INFO] [1790950249.237153239] [planner_server]: Plan computed: 25 poses
[rviz2-8] [INFO] [1790950249.334217141] [rviz2]: Trying to create a map of size 63 x 80 using 1 swatches
[planner_server-4] [INFO] [1790950249.347420456] [planner_server]: Planning took 0 ms
[planner_server-4] [INFO] [1790950249.348001704] [planner_server]: Plan computed: 25 poses
[controller_node-5] [WARN] [1790950249.348448580] [controller_server]: path_copy succeeded.
[controller_node-5] [INFO] [1790950249.350054084] [controller_server]: Computed velocity commands: linear.x=-0.31, linear.y=0.77, angular.z=0.00
[planner_server-4] [INFO] [1790950249.458233641] [planner_server]: Planning took 0 ms
[planner_server-4] [INFO] [1790950249.458389863] [planner_server]: Plan computed: 24 poses
[rviz2-8] [INFO] [1790950249.494458774] [rviz2]: Trying to create a map of size 62 x 80 using 1 swatches
[planner_server-4] [INFO] [1790950249.567013571] [planner_server]: Planning took 0 ms
[planner_server-4] [INFO] [1790950249.567459355] [planner_server]: Plan computed: 23 poses
[planner_server-4] [INFO] [1790950249.677162036] [planner_server]: Planning took 0 ms
[planner_server-4] [INFO] [1790950249.677425739] [planner_server]: Plan computed: 22 poses
[rviz2-8] [INFO] [1790950249.750178746] [rviz2]: Trying to create a map of size 61 x 79 using 1 swatches
[planner_server-4] [INFO] [1790950249.788392335] [planner_server]: Planning took 0 ms
[planner_server-4] [INFO] [1790950249.788537988] [planner_server]: Plan computed: 21 poses
[planner_server-4] [INFO] [1790950249.898123740] [planner_server]: Planning took 0 ms
[planner_server-4] [INFO] [1790950249.898478043] [planner_server]: Plan computed: 20 poses
[rviz2-8] [INFO] [1790950249.910221627] [rviz2]: Trying to create a map of size 61 x 78 using 1 swatches
[rviz2-8] [INFO] [1790950249.943317204] [rviz2]: Trying to create a map of size 61 x 77 using 1 swatches
[planner_server-4] [INFO] [1790950250.006638869] [planner_server]: Planning took 0 ms
[planner_server-4] [INFO] [1790950250.007675937] [planner_server]: Plan computed: 19 poses
[rviz2-8] [INFO] [1790950250.069833787] [rviz2]: Trying to create a map of size 61 x 76 using 1 swatches
[planner_server-4] [INFO] [1790950250.117249169] [planner_server]: Planning took 0 ms
[planner_server-4] [INFO] [1790950250.117406854] [planner_server]: Plan computed: 17 poses
[rviz2-8] [INFO] [1790950250.166299149] [rviz2]: Trying to create a map of size 61 x 75 using 1 swatches
[planner_server-4] [INFO] [1790950250.229038054] [planner_server]: Planning took 0 ms
[planner_server-4] [INFO] [1790950250.229117573] [planner_server]: Plan computed: 17 poses
[rviz2-8] [INFO] [1790950250.262199074] [rviz2]: Trying to create a map of size 61 x 74 using 1 swatches
[rviz2-8] [INFO] [1790950250.325234563] [rviz2]: Trying to create a map of size 61 x 73 using 1 swatches
[planner_server-4] [INFO] [1790950250.338563685] [planner_server]: Planning took 0 ms
[planner_server-4] [INFO] [1790950250.338743141] [planner_server]: Plan computed: 15 poses
[planner_server-4] [INFO] [1790950250.447412549] [planner_server]: Planning took 0 ms
[planner_server-4] [INFO] [1790950250.447551509] [planner_server]: Plan computed: 15 poses
[rviz2-8] [INFO] [1790950250.519340949] [rviz2]: Trying to create a map of size 61 x 72 using 1 swatches
[planner_server-4] [INFO] [1790950250.557684522] [planner_server]: Planning took 0 ms
[planner_server-4] [INFO] [1790950250.558220154] [planner_server]: Plan computed: 13 poses
[rviz2-8] [INFO] [1790950250.581584738] [rviz2]: Trying to create a map of size 61 x 71 using 1 swatches
[rviz2-8] [INFO] [1790950250.654813601] [rviz2]: Trying to create a map of size 61 x 70 using 1 swatches
[planner_server-4] [INFO] [1790950250.671301132] [planner_server]: Planning took 0 ms
[planner_server-4] [INFO] [1790950250.671858244] [planner_server]: Plan computed: 12 poses
[planner_server-4] [INFO] [1790950250.776921284] [planner_server]: Planning took 0 ms
[planner_server-4] [INFO] [1790950250.777150433] [planner_server]: Plan computed: 12 poses
[rviz2-8] [INFO] [1790950250.837931134] [rviz2]: Trying to create a map of size 61 x 69 using 1 swatches
[planner_server-4] [INFO] [1790950250.886613276] [planner_server]: Planning took 0 ms
[planner_server-4] [INFO] [1790950250.886839900] [planner_server]: Plan computed: 11 poses
[rviz2-8] [INFO] [1790950250.902373946] [rviz2]: Trying to create a map of size 61 x 67 using 1 swatches
[planner_server-4] [INFO] [1790950250.997152312] [planner_server]: Planning took 0 ms
[planner_server-4] [INFO] [1790950250.997364369] [planner_server]: Plan computed: 8 poses
[rviz2-8] [INFO] [1790950251.029741532] [rviz2]: Trying to create a map of size 61 x 66 using 1 swatches
[rviz2-8] [INFO] [1790950251.093151634] [rviz2]: Trying to create a map of size 62 x 65 using 1 swatches
[planner_server-4] [INFO] [1790950251.108195533] [planner_server]: Planning took 0 ms
[planner_server-4] [INFO] [1790950251.108387312] [planner_server]: Plan computed: 7 poses
[rviz2-8] [INFO] [1790950251.189472857] [rviz2]: Trying to create a map of size 62 x 64 using 1 swatches
[planner_server-4] [INFO] [1790950251.218285049] [planner_server]: Planning took 0 ms
[planner_server-4] [INFO] [1790950251.220156130] [planner_server]: Plan computed: 6 poses
[planner_server-4] [INFO] [1790950251.326719909] [planner_server]: Planning took 0 ms
[planner_server-4] [INFO] [1790950251.326859099] [planner_server]: Plan computed: 5 poses
[controller_node-5] [WARN] [1790950251.349638994] [controller_server]: path_copy succeeded.
[controller_node-5] [INFO] [1790950251.350752447] [controller_server]: Computed velocity commands: linear.x=0.26, linear.y=-0.22, angular.z=0.00
[rviz2-8] [INFO] [1790950251.350992176] [rviz2]: Trying to create a map of size 62 x 63 using 1 swatches
[rviz2-8] [INFO] [1790950251.382708353] [rviz2]: Trying to create a map of size 62 x 62 using 1 swatches
[planner_server-4] [INFO] [1790950251.437116690] [planner_server]: Planning took 0 ms
[planner_server-4] [INFO] [1790950251.437344697] [planner_server]: Plan computed: 4 poses
[rviz2-8] [INFO] [1790950251.541444355] [rviz2]: Trying to create a map of size 62 x 61 using 1 swatches
[planner_server-4] [INFO] [1790950251.548353874] [planner_server]: Planning took 0 ms
[planner_server-4] [INFO] [1790950251.548486903] [planner_server]: Plan computed: 4 poses
[planner_server-4] [INFO] [1790950251.656803802] [planner_server]: Planning took 0 ms
[planner_server-4] [INFO] [1790950251.657189564] [planner_server]: Plan computed: 3 poses
[rviz2-8] [INFO] [1790950251.670911019] [rviz2]: Trying to create a map of size 62 x 60 using 1 swatches
[rviz2-8] [INFO] [1790950251.701692925] [rviz2]: Trying to create a map of size 61 x 60 using 1 swatches
[planner_server-4] [INFO] [1790950251.767615660] [planner_server]: Planning took 0 ms
[planner_server-4] [INFO] [1790950251.767798462] [planner_server]: Plan computed: 3 poses
[rviz2-8] [INFO] [1790950251.862180797] [rviz2]: Trying to create a map of size 61 x 59 using 1 swatches
[planner_server-4] [INFO] [1790950251.876432244] [planner_server]: Planning took 0 ms
[planner_server-4] [INFO] [1790950251.876811514] [planner_server]: Plan computed: 3 poses
[rviz2-8] [INFO] [1790950251.957239588] [rviz2]: Trying to create a map of size 61 x 58 using 1 swatches
[planner_server-4] [INFO] [1790950251.988180685] [planner_server]: Planning took 0 ms
[planner_server-4] [INFO] [1790950251.988606983] [planner_server]: Plan computed: 3 poses
[planner_server-4] [INFO] [1790950252.097576954] [planner_server]: Planning took 0 ms
[planner_server-4] [INFO] [1790950252.098073684] [planner_server]: Plan computed: 2 poses
[rviz2-8] [INFO] [1790950252.117755472] [rviz2]: Trying to create a map of size 60 x 58 using 1 swatches
[planner_server-4] [INFO] [1790950252.206304523] [planner_server]: Planning took 0 ms
[planner_server-4] [INFO] [1790950252.206527881] [planner_server]: Plan computed: 2 poses
[planner_server-4] [INFO] [1790950252.318629968] [planner_server]: Planning took 0 ms
[planner_server-4] [INFO] [1790950252.318873744] [planner_server]: Plan computed: 2 poses
[planner_server-4] [INFO] [1790950252.426842838] [planner_server]: Planning took 0 ms
[planner_server-4] [INFO] [1790950252.426983321] [planner_server]: Plan computed: 2 poses
[rviz2-8] [INFO] [1790950252.534684108] [rviz2]: Trying to create a map of size 60 x 57 using 1 swatches
[planner_server-4] [INFO] [1790950252.537544690] [planner_server]: Planning took 0 ms
[planner_server-4] [INFO] [1790950252.538622968] [planner_server]: Plan computed: 2 poses
[planner_server-4] [INFO] [1790950252.647415799] [planner_server]: Planning took 0 ms
[planner_server-4] [INFO] [1790950252.648027183] [planner_server]: Plan computed: 3 poses
[planner_server-4] [INFO] [1790950252.756760838] [planner_server]: Planning took 0 ms
[planner_server-4] [INFO] [1790950252.756856167] [planner_server]: Plan computed: 3 poses
[rviz2-8] [INFO] [1790950252.757444131] [rviz2]: Trying to create a map of size 59 x 57 using 1 swatches
[planner_server-4] [INFO] [1790950252.867144430] [planner_server]: Planning took 0 ms
[planner_server-4] [INFO] [1790950252.867241983] [planner_server]: Plan computed: 3 poses
[planner_server-4] [INFO] [1790950252.976238785] [planner_server]: Planning took 0 ms
[planner_server-4] [INFO] [1790950252.976745884] [planner_server]: Plan computed: 3 poses
[rviz2-8] [INFO] [1790950253.045353258] [rviz2]: Trying to create a map of size 58 x 57 using 1 swatches
[planner_server-4] [INFO] [1790950253.086522460] [planner_server]: Planning took 0 ms
[planner_server-4] [INFO] [1790950253.087277613] [planner_server]: Plan computed: 3 poses
[planner_server-4] [INFO] [1790950253.197137366] [planner_server]: Planning took 0 ms
[planner_server-4] [INFO] [1790950253.197312233] [planner_server]: Plan computed: 3 poses
[planner_server-4] [INFO] [1790950253.308667930] [planner_server]: Planning took 0 ms
[planner_server-4] [INFO] [1790950253.308746487] [planner_server]: Plan computed: 3 poses
[controller_node-5] [WARN] [1790950253.368470812] [controller_server]: path_copy succeeded.
[controller_node-5] [INFO] [1790950253.369618750] [controller_server]: Computed velocity commands: linear.x=-0.03, linear.y=0.16, angular.z=0.00
[planner_server-4] [INFO] [1790950253.417258171] [planner_server]: Planning took 0 ms
[planner_server-4] [INFO] [1790950253.417644674] [planner_server]: Plan computed: 3 poses
[rviz2-8] [INFO] [1790950253.461487963] [rviz2]: Trying to create a map of size 58 x 58 using 1 swatches
[planner_server-4] [INFO] [1790950253.526904044] [planner_server]: Planning took 0 ms
[planner_server-4] [INFO] [1790950253.527071287] [planner_server]: Plan computed: 2 poses
[planner_server-4] [INFO] [1790950253.638452914] [planner_server]: Planning took 0 ms
[planner_server-4] [INFO] [1790950253.638581775] [planner_server]: Plan computed: 2 poses
[planner_server-4] [INFO] [1790950253.747443789] [planner_server]: Planning took 0 ms
[planner_server-4] [INFO] [1790950253.747812719] [planner_server]: Plan computed: 2 poses
[nav_interface_node-7] [INFO] [1790950253.847030263] [nav_interface_node]: [NavStateTrack] Goal reached! remaining=0.039 m, elapsed=97.08 s
[nav_interface_node-7] Sequence succeeded, halting children and returning SUCCESS
[nav_interface_node-7] [INFO] [1790950253.855522303] [nav_interface_node]: Navigation task finished successfully.
[sp_decision_node-6] [INFO] [1790950254.022306246] [sp_decision]: [NavToPose] Goal succeeded.
[sp_decision_node-6] [INFO] [1790950254.022788128] [sp_decision]: [DecisionEngine] SUCCEEDED – restarting
[sp_decision_node-6] [INFO] [1790950254.122512120] [sp_decision]: [WaitDuration] Wait complete – SUCCESS.
[sp_decision_node-6] [INFO] [1790950254.122641893] [sp_decision]: [DecisionEngine] SUCCEEDED – restarting
[sp_decision_node-6] [INFO] [1790950254.222583071] [sp_decision]: [DecisionEngine] SUCCEEDED – restarting
[rviz2-8] [INFO] [1790950254.293524485] [rviz2]: Trying to create a map of size 58 x 59 using 1 swatches
[sp_decision_node-6] [INFO] [1790950254.322589161] [sp_decision]: [DecisionEngine] SUCCEEDED – restarting
[sp_decision_node-6] [INFO] [1790950254.423619878] [sp_decision]: [DecisionEngine] SUCCEEDED – restarting
[sp_decision_node-6] [INFO] [1790950254.522517852] [sp_decision]: [DecisionEngine] SUCCEEDED – restarting
[sp_decision_node-6] [INFO] [1790950254.622374084] [sp_decision]: [DecisionEngine] SUCCEEDED – restarting
[rviz2-8] [INFO] [1790950254.677178944] [rviz2]: Trying to create a map of size 59 x 59 using 1 swatches
[sp_decision_node-6] [INFO] [1790950254.722139032] [sp_decision]: [DecisionEngine] SUCCEEDED – restarting
[sp_decision_node-6] [INFO] [1790950254.822366406] [sp_decision]: [DecisionEngine] SUCCEEDED – restarting
[sp_decision_node-6] [INFO] [1790950254.922942343] [sp_decision]: [DecisionEngine] SUCCEEDED – restarting
[sp_decision_node-6] [INFO] [1790950255.022539097] [sp_decision]: [DecisionEngine] SUCCEEDED – restarting
[sp_decision_node-6] [INFO] [1790950255.122503479] [sp_decision]: [DecisionEngine] SUCCEEDED – restarting
[sp_decision_node-6] [INFO] [1790950255.222524478] [sp_decision]: [DecisionEngine] SUCCEEDED – restarting
[sp_decision_node-6] [INFO] [1790950255.322793140] [sp_decision]: [DecisionEngine] SUCCEEDED – restarting
[controller_node-5] [WARN] [1790950255.389021220] [controller_server]: path_copy succeeded.
[controller_node-5] [INFO] [1790950255.390026741] [controller_server]: Computed velocity commands: linear.x=-0.03, linear.y=-0.03, angular.z=0.00
[sp_decision_node-6] [INFO] [1790950255.422486255] [sp_decision]: [DecisionEngine] SUCCEEDED – restarting
[sp_decision_node-6] [INFO] [1790950255.522126621] [sp_decision]: [DecisionEngine] SUCCEEDED – restarting
[sp_decision_node-6] [INFO] [1790950255.622389983] [sp_decision]: [DecisionEngine] SUCCEEDED – restarting
[sp_decision_node-6] [INFO] [1790950255.722401624] [sp_decision]: [DecisionEngine] SUCCEEDED – restarting
[sp_decision_node-6] [INFO] [1790950255.822227637] [sp_decision]: [DecisionEngine] SUCCEEDED – restarting
[sp_decision_node-6] [INFO] [1790950255.922150472] [sp_decision]: [DecisionEngine] SUCCEEDED – restarting
[sp_decision_node-6] [INFO] [1790950256.022062417] [sp_decision]: [DecisionEngine] SUCCEEDED – restarting
[rviz2-8] [INFO] [1790950256.118055970] [rviz2]: Trying to create a map of size 59 x 58 using 1 swatches
[sp_decision_node-6] [INFO] [1790950256.123194615] [sp_decision]: [DecisionEngine] SUCCEEDED – restarting
[sp_decision_node-6] [INFO] [1790950256.222143107] [sp_decision]: [DecisionEngine] SUCCEEDED – restarting
[sp_decision_node-6] [INFO] [1790950256.322216484] [sp_decision]: [DecisionEngine] SUCCEEDED – restarting
[sp_decision_node-6] [INFO] [1790950256.422410978] [sp_decision]: [DecisionEngine] SUCCEEDED – restarting
[sp_decision_node-6] [INFO] [1790950256.522386051] [sp_decision]: [DecisionEngine] SUCCEEDED – restarting
[sp_decision_node-6] [INFO] [1790950256.623766344] [sp_decision]: [DecisionEngine] SUCCEEDED – restarting
[sp_decision_node-6] [INFO] [1790950256.722148085] [sp_decision]: [DecisionEngine] SUCCEEDED – restarting
[sp_decision_node-6] [INFO] [1790950256.822442906] [sp_decision]: [DecisionEngine] SUCCEEDED – restarting
[sp_decision_node-6] [INFO] [1790950256.923010288] [sp_decision]: [DecisionEngine] SUCCEEDED – restarting
[sp_decision_node-6] [INFO] [1790950257.022514799] [sp_decision]: [DecisionEngine] SUCCEEDED – restarting
[sp_decision_node-6] [INFO] [1790950257.122341786] [sp_decision]: [DecisionEngine] SUCCEEDED – restarting
[sp_decision_node-6] [INFO] [1790950257.222506329] [sp_decision]: [DecisionEngine] SUCCEEDED – restarting
[sp_decision_node-6] [INFO] [1790950257.322159135] [sp_decision]: [DecisionEngine] SUCCEEDED – restarting
[controller_node-5] [WARN] [1790950257.409482229] [controller_server]: path_copy succeeded.
[controller_node-5] [INFO] [1790950257.409620688] [controller_server]: Computed velocity commands: linear.x=0.00, linear.y=0.00, angular.z=0.00
[sp_decision_node-6] [INFO] [1790950257.422691752] [sp_decision]: [DecisionEngine] SUCCEEDED – restarting
[sp_decision_node-6] [INFO] [1790950257.522196641] [sp_decision]: [DecisionEngine] SUCCEEDED – restarting
[sp_decision_node-6] [INFO] [1790950257.622832085] [sp_decision]: [DecisionEngine] SUCCEEDED – restarting
[sp_decision_node-6] [INFO] [1790950257.722038770] [sp_decision]: [DecisionEngine] SUCCEEDED – restarting
[sp_decision_node-6] [INFO] [1790950257.822235288] [sp_decision]: [DecisionEngine] SUCCEEDED – restarting
[sp_decision_node-6] [INFO] [1790950257.922131213] [sp_decision]: [DecisionEngine] SUCCEEDED – restarting
[sp_decision_node-6] [INFO] [1790950258.022410962] [sp_decision]: [DecisionEngine] SUCCEEDED – restarting
[sp_decision_node-6] [INFO] [1790950258.122191838] [sp_decision]: [DecisionEngine] SUCCEEDED – restarting
[sp_decision_node-6] [INFO] [1790950258.222658662] [sp_decision]: [DecisionEngine] SUCCEEDED – restarting
[sp_decision_node-6] [INFO] [1790950258.322517969] [sp_decision]: [DecisionEngine] SUCCEEDED – restarting
[sp_decision_node-6] [INFO] [1790950258.422264305] [sp_decision]: [DecisionEngine] SUCCEEDED – restarting
[sp_decision_node-6] [INFO] [1790950258.522148990] [sp_decision]: [DecisionEngine] SUCCEEDED – restarting
[sp_decision_node-6] [INFO] [1790950258.622586415] [sp_decision]: [DecisionEngine] SUCCEEDED – restarting
[sp_decision_node-6] [INFO] [1790950258.722375917] [sp_decision]: [DecisionEngine] SUCCEEDED – restarting
[sp_decision_node-6] [INFO] [1790950258.823741722] [sp_decision]: [DecisionEngine] SUCCEEDED – restarting
[sp_decision_node-6] [INFO] [1790950258.922597863] [sp_decision]: [DecisionEngine] SUCCEEDED – restarting
[sp_decision_node-6] [INFO] [1790950259.022116944] [sp_decision]: [DecisionEngine] SUCCEEDED – restarting
[sp_decision_node-6] [INFO] [1790950259.124962700] [sp_decision]: [DecisionEngine] SUCCEEDED – restarting
[sp_decision_node-6] [INFO] [1790950259.222211694] [sp_decision]: [DecisionEngine] SUCCEEDED – restarting
[sp_decision_node-6] [INFO] [1790950259.322168233] [sp_decision]: [DecisionEngine] SUCCEEDED – restarting
[sp_decision_node-6] [INFO] [1790950259.422004202] [sp_decision]: [DecisionEngine] SUCCEEDED – restarting
[controller_node-5] [WARN] [1790950259.428603256] [controller_server]: path_copy succeeded.
[controller_node-5] [INFO] [1790950259.428732518] [controller_server]: Computed velocity commands: linear.x=0.00, linear.y=0.00, angular.z=0.00
[sp_decision_node-6] [INFO] [1790950259.522148118] [sp_decision]: [DecisionEngine] SUCCEEDED – restarting
[sp_decision_node-6] [INFO] [1790950259.622636513] [sp_decision]: [DecisionEngine] SUCCEEDED – restarting
[sp_decision_node-6] [INFO] [1790950259.722722936] [sp_decision]: [DecisionEngine] SUCCEEDED – restarting
[sp_decision_node-6] [INFO] [1790950259.822272634] [sp_decision]: [DecisionEngine] SUCCEEDED – restarting
[sp_decision_node-6] [INFO] [1790950259.922335563] [sp_decision]: [DecisionEngine] SUCCEEDED – restarting
[sp_decision_node-6] [INFO] [1790950260.024402372] [sp_decision]: [DecisionEngine] SUCCEEDED – restarting
[sp_decision_node-6] [INFO] [1790950260.122057095] [sp_decision]: [DecisionEngine] SUCCEEDED – restarting
[sp_decision_node-6] [INFO] [1790950260.222552855] [sp_decision]: [DecisionEngine] SUCCEEDED – restarting
[sp_decision_node-6] [INFO] [1790950260.322410700] [sp_decision]: [DecisionEngine] SUCCEEDED – restarting
[sp_decision_node-6] [INFO] [1790950260.422575080] [sp_decision]: [DecisionEngine] SUCCEEDED – restarting
[sp_decision_node-6] [INFO] [1790950260.524192237] [sp_decision]: [DecisionEngine] SUCCEEDED – restarting
[sp_decision_node-6] [INFO] [1790950260.622162361] [sp_decision]: [DecisionEngine] SUCCEEDED – restarting
[sp_decision_node-6] [INFO] [1790950260.722221233] [sp_decision]: [DecisionEngine] SUCCEEDED – restarting
[sp_decision_node-6] [INFO] [1790950260.822518109] [sp_decision]: [DecisionEngine] SUCCEEDED – restarting
[sp_decision_node-6] [INFO] [1790950260.922010261] [sp_decision]: [DecisionEngine] SUCCEEDED – restarting
[sp_decision_node-6] [INFO] [1790950261.022205148] [sp_decision]: [DecisionEngine] SUCCEEDED – restarting
[sp_decision_node-6] [INFO] [1790950261.122572217] [sp_decision]: [DecisionEngine] SUCCEEDED – restarting
[sp_decision_node-6] [INFO] [1790950261.222987306] [sp_decision]: [DecisionEngine] SUCCEEDED – restarting
[sp_decision_node-6] [INFO] [1790950261.324248959] [sp_decision]: [DecisionEngine] SUCCEEDED – restarting
[sp_decision_node-6] [INFO] [1790950261.422095071] [sp_decision]: [DecisionEngine] SUCCEEDED – restarting
[controller_node-5] [WARN] [1790950261.429256612] [controller_server]: path_copy succeeded.
[controller_node-5] [INFO] [1790950261.429334267] [controller_server]: Computed velocity commands: linear.x=0.00, linear.y=0.00, angular.z=0.00
[sp_decision_node-6] [INFO] [1790950261.522582475] [sp_decision]: [DecisionEngine] SUCCEEDED – restarting
[sp_decision_node-6] [INFO] [1790950261.622392199] [sp_decision]: [DecisionEngine] SUCCEEDED – restarting
[sp_decision_node-6] [INFO] [1790950261.722539530] [sp_decision]: [DecisionEngine] SUCCEEDED – restarting
[sp_decision_node-6] [INFO] [1790950261.822212340] [sp_decision]: [DecisionEngine] SUCCEEDED – restarting
[sp_decision_node-6] [INFO] [1790950261.922140808] [sp_decision]: [DecisionEngine] SUCCEEDED – restarting
[WARNING] [launch]: user interrupted with ctrl-c (SIGINT)
[controller_node-5] [INFO] [1790950261.998761853] [rclcpp]: signal_handler(SIGINT/SIGTERM)
[INFO] [rviz2-8]: sending signal 'SIGINT' to process[rviz2-8]
[INFO] [nav_interface_node-7]: sending signal 'SIGINT' to process[nav_interface_node-7]
[INFO] [sp_decision_node-6]: sending signal 'SIGINT' to process[sp_decision_node-6]
[INFO] [controller_node-5]: sending signal 'SIGINT' to process[controller_node-5]
[INFO] [planner_server-4]: sending signal 'SIGINT' to process[planner_server-4]
[INFO] [esdf_map_publisher-3]: sending signal 'SIGINT' to process[esdf_map_publisher-3]
[INFO] [sim_robot-2]: sending signal 'SIGINT' to process[sim_robot-2]
[INFO] [static_transform_publisher-1]: sending signal 'SIGINT' to process[static_transform_publisher-1]
[ERROR] [nav_interface_node-7]: process has died [pid 185213, exit code -2, cmd '/home/zrj/nav_final_project/install/sp_nav_bt/lib/sp_nav_bt/nav_interface_node --ros-args -r __node:=nav_interface_node --params-file /home/zrj/nav_final_project/install/sp_nav_bringup/share/sp_nav_bringup/config/nav_params.yaml --params-file /tmp/launch_params_k_dhbz20'].
[planner_server-4] [INFO] [1790950261.998790637] [rclcpp]: signal_handler(SIGINT/SIGTERM)
[ERROR] [controller_node-5]: process has died [pid 185207, exit code -2, cmd '/home/zrj/nav_final_project/install/sp_controller_server/lib/sp_controller_server/controller_node --ros-args -r __node:=controller_server --params-file /home/zrj/nav_final_project/install/sp_nav_bringup/share/sp_nav_bringup/config/nav_params.yaml --params-file /tmp/launch_params_osem44iu'].
[nav_interface_node-7] [INFO] [1790950261.998852783] [rclcpp]: signal_handler(SIGINT/SIGTERM)
[ERROR] [planner_server-4]: process has died [pid 185205, exit code -2, cmd '/home/zrj/nav_final_project/install/sp_global_planner/lib/sp_global_planner/planner_server --ros-args -r __node:=planner_server --params-file /home/zrj/nav_final_project/install/sp_nav_bringup/share/sp_nav_bringup/config/nav_params.yaml --params-file /tmp/launch_params_61hbegsx'].
[sp_decision_node-6] [INFO] [1790950261.998880706] [rclcpp]: signal_handler(SIGINT/SIGTERM)
[sim_robot-2] Exception in thread Thread-1 (spin):
[sim_robot-2] Traceback (most recent call last):
[sim_robot-2]   File "/usr/lib/python3.10/threading.py", line 1016, in _bootstrap_inner
[sim_robot-2]     self.run()
[sim_robot-2]   File "/usr/lib/python3.10/threading.py", line 953, in run
[ERROR] [static_transform_publisher-1]: process has died [pid 185199, exit code -2, cmd '/opt/ros/humble/lib/tf2_ros/static_transform_publisher 0 0.15 0 0 0 0 base_link livox_frame --ros-args'].
[esdf_map_publisher-3] [INFO] [1790950261.998946013] [rclcpp]: signal_handler(SIGINT/SIGTERM)
[static_transform_publisher-1] [INFO] [1790950262.000402663] [rclcpp]: signal_handler(SIGINT/SIGTERM)
[sp_decision_node-6] [INFO] [1790950262.000586568] [sp_decision]: [DecisionEngine] Stopped.
[rviz2-8] [INFO] [1790950261.998653160] [rclcpp]: signal_handler(SIGINT/SIGTERM)
[rviz2-8] [INFO] [1790950262.019278865] [rclcpp]: signal_handler(SIGINT/SIGTERM)
[sim_robot-2]     self._target(*self._args, **self._kwargs)
[sp_decision_node-6] [INFO] [1790950262.027466727] [rclcpp]: signal_handler(SIGINT/SIGTERM)
[sim_robot-2]   File "/opt/ros/humble/local/lib/python3.10/dist-packages/rclpy/executors.py", line 323, in spin
[sim_robot-2]     self.spin_once()
[esdf_map_publisher-3] [INFO] [1790950262.034231725] [rclcpp]: signal_handler(SIGINT/SIGTERM)
[sim_robot-2]   File "/opt/ros/humble/local/lib/python3.10/dist-packages/rclpy/executors.py", line 867, in spin_once
[sim_robot-2]     self._spin_once_impl(timeout_sec)
[sim_robot-2]   File "/opt/ros/humble/local/lib/python3.10/dist-packages/rclpy/executors.py", line 848, in _spin_once_impl
[sim_robot-2]     handler, entity, node = self.wait_for_ready_callbacks(
[sim_robot-2]   File "/opt/ros/humble/local/lib/python3.10/dist-packages/rclpy/executors.py", line 784, in wait_for_ready_callbacks
[sim_robot-2]     return next(self._cb_iter)
[sim_robot-2]   File "/opt/ros/humble/local/lib/python3.10/dist-packages/rclpy/executors.py", line 657, in _wait_for_ready_callbacks
[sim_robot-2]     wait_set = _rclpy.WaitSet(
[sim_robot-2] rclpy._rclpy_pybind11.RCLError: failed to initialize wait set: the given context is not valid, either rcl_init() was not called or rcl_shutdown() was called., at ./src/rcl/wait.c:130
[sim_robot-2] Traceback (most recent call last):
[sim_robot-2]   File "/home/zrj/nav_final_project/install/sp_nav_sim/lib/sp_nav_sim/sim_robot", line 33, in <module>
[sim_robot-2]     sys.exit(load_entry_point('sp-nav-sim', 'console_scripts', 'sim_robot')())
[sim_robot-2]   File "/home/zrj/nav_final_project/build/sp_nav_sim/sp_nav_sim/sim_robot_node.py", line 598, in main
[sim_robot-2]     node.destroy_node()
[sim_robot-2]   File "/opt/ros/humble/local/lib/python3.10/dist-packages/rclpy/node.py", line 1687, in destroy_node
[sim_robot-2]     self.destroy_subscription(self._subscriptions[0])
[sim_robot-2]   File "/opt/ros/humble/local/lib/python3.10/dist-packages/rclpy/node.py", line 1583, in destroy_subscription
[sim_robot-2]     subscription.destroy()
[sim_robot-2]   File "/opt/ros/humble/local/lib/python3.10/dist-packages/rclpy/subscription.py", line 80, in destroy
[sim_robot-2]     self.handle.destroy_when_not_in_use()
[sim_robot-2] KeyboardInterrupt
[sim_robot-2] The following exception was never retrieved: Failed to publish: publisher's context is invalid, at ./src/rcl/publisher.c:389
[sim_robot-2] The following exception was never retrieved: Failed to publish: publisher's context is invalid, at ./src/rcl/publisher.c:389
[INFO] [esdf_map_publisher-3]: process has finished cleanly [pid 185203]
[ERROR] [sim_robot-2]: process has died [pid 185201, exit code -2, cmd '/home/zrj/nav_final_project/install/sp_nav_sim/lib/sp_nav_sim/sim_robot --ros-args -r __node:=sim_robot_node --params-file /home/zrj/nav_final_project/install/sp_nav_sim/share/sp_nav_sim/config/sim_robot.yaml'].
[INFO] [rviz2-8]: process has finished cleanly [pid 185215]
[ERROR] [sp_decision_node-6]: process[sp_decision_node-6] failed to terminate '5' seconds after receiving 'SIGINT', escalating to 'SIGTERM'
[INFO] [sp_decision_node-6]: sending signal 'SIGTERM' to process[sp_decision_node-6]
[sp_decision_node-6] [INFO] [1790950267.020557931] [rclcpp]: signal_handler(SIGINT/SIGTERM)
[ERROR] [sp_decision_node-6]: process[sp_decision_node-6] failed to terminate '10.0' seconds after receiving 'SIGTERM', escalating to 'SIGKILL'
[INFO] [sp_decision_node-6]: sending signal 'SIGKILL' to process[sp_decision_node-6]
[ERROR] [sp_decision_node-6]: process has died [pid 185209, exit code -9, cmd '/home/zrj/nav_final_project/install/sp_decision/lib/sp_decision/sp_decision_node --ros-args -r __node:=sp_decision --params-file /home/zrj/nav_final_project/install/sp_nav_bringup/share/sp_nav_bringup/config/nav_params.yaml --params-file /tmp/launch_params__kzrwny_'].
